Unnamed: 0,POSTED_SPEED_LIMIT,TRAFFIC_CONTROL_DEVICE,DEVICE_CONDITION,WEATHER_CONDITION,LIGHTING_CONDITION,FIRST_CRASH_TYPE,TRAFFICWAY_TYPE,ALIGNMENT,ROADWAY_SURFACE_COND,ROAD_DEFECT,INTERSECTION_RELATED_I,PRIM_CONTRIBUTORY_CAUSE,SEC_CONTRIBUTORY_CAUSE,DOORING_I,MOST_SEVERE_INJURY,CRASH_HOUR,CRASH_MONTH,LATITUDE,LONGITUDE,CRASH_YEAR,SPEED_LIMIT,geometry,DISPLAYROU,the_geom,DIST,LANE_TYPE,CRASH_DATE,is_severe,index_right,CArea
128,30,NO CONTROLS,NO CONTROLS,CLEAR,DAYLIGHT,PEDALCYCLIST,OTHER,STRAIGHT AND LEVEL,DRY,NO DEFECTS,,DRIVING SKILLS/KNOWLEDGE/EXPERIENCE,UNABLE TO DETERMINE,Y,NO INDICATION OF INJURY,8,3,41.8832909204,-87.6397847589,2018,30,POINT (-87.6397847589 41.8832909204),,,,,2018-03-13,False,27,Near West Side
129,0,NO CONTROLS,NO CONTROLS,CLEAR,DAYLIGHT,PEDALCYCLIST,ONE-WAY,STRAIGHT AND LEVEL,DRY,NO DEFECTS,,IMPROPER OVERTAKING/PASSING,FAILING TO YIELD RIGHT-OF-WAY,,"REPORTED, NOT EVIDENT",9,3,41.8745954126,-87.6290639368,2018,0,POINT (-87.6290639368 41.8745954126),,,,,2018-03-13,False,31,Loop
130,30,NO CONTROLS,NO CONTROLS,CLEAR,DAWN,PEDALCYCLIST,NOT DIVIDED,STRAIGHT AND LEVEL,DRY,NO DEFECTS,,UNABLE TO DETERMINE,UNABLE TO DETERMINE,,NONINCAPACITATING INJURY,18,3,41.8702542461,-87.7156899359,2018,30,POINT (-87.7156899359 41.8702542461),,,,,2018-03-14,False,26,Garfield Park
131,30,NO CONTROLS,NO CONTROLS,CLEAR,DUSK,PEDALCYCLIST,NOT DIVIDED,STRAIGHT AND LEVEL,DRY,NO DEFECTS,,FAILING TO YIELD RIGHT-OF-WAY,UNABLE TO DETERMINE,,NO INDICATION OF INJURY,19,3,41.9384585235,-87.6490791435,2018,30,POINT (-87.6490791435 41.9384585235),,,,,2018-03-14,False,5,Lake View
132,30,STOP SIGN/FLASHER,FUNCTIONING PROPERLY,CLEAR,DAYLIGHT,PEDALCYCLIST,NOT DIVIDED,STRAIGHT AND LEVEL,DRY,NO DEFECTS,Y,FAILING TO YIELD RIGHT-OF-WAY,NOT APPLICABLE,,"REPORTED, NOT EVIDENT",19,3,41.9907474396,-87.6650407915,2018,30,POINT (-87.6650407915 41.9907474396),,,,,2018-03-14,False,76,Edgewater
133,30,TRAFFIC SIGNAL,FUNCTIONING PROPERLY,CLEAR,DAYLIGHT,PEDALCYCLIST,NOT DIVIDED,STRAIGHT AND LEVEL,DRY,UNKNOWN,,FAILING TO REDUCE SPEED TO AVOID CRASH,UNABLE TO DETERMINE,,"REPORTED, NOT EVIDENT",12,3,41.889352033,-87.6288488503,2018,30,POINT (-87.6288488503 41.889352033),,,,,2018-03-15,False,7,Near North Side
134,30,NO CONTROLS,NO CONTROLS,CLEAR,DAYLIGHT,PEDALCYCLIST,DIVIDED - W/MEDIAN (NOT RAISED),STRAIGHT AND LEVEL,DRY,NO DEFECTS,,NOT APPLICABLE,NOT APPLICABLE,Y,NONINCAPACITATING INJURY,14,3,41.9046898285,-87.6687812742,2018,30,POINT (-87.6687812742 41.9046898285),,,,,2018-03-15,False,23,West Town
135,30,NO CONTROLS,NO CONTROLS,CLEAR,DAYLIGHT,PEDALCYCLIST,DIVIDED - W/MEDIAN (NOT RAISED),STRAIGHT AND LEVEL,DRY,NO DEFECTS,,UNABLE TO DETERMINE,NOT APPLICABLE,,NO INDICATION OF INJURY,15,3,41.8516912952,-87.702656098,2018,30,POINT (-87.702656098 41.8516912952),,,,,2018-03-15,False,28,North Lawndale
136,30,STOP SIGN/FLASHER,FUNCTIONING PROPERLY,CLEAR,"DARKNESS, LIGHTED ROAD",PEDALCYCLIST,ONE-WAY,STRAIGHT AND LEVEL,DRY,NO DEFECTS,,UNABLE TO DETERMINE,UNABLE TO DETERMINE,,"REPORTED, NOT EVIDENT",5,3,41.9242452821,-87.6875000678,2018,30,POINT (-87.6875000678 41.9242452821),,,,,2018-03-16,False,21,Logan Square
137,30,NO CONTROLS,NO CONTROLS,CLEAR,DAYLIGHT,PEDALCYCLIST,ALLEY,STRAIGHT ON GRADE,DRY,NO DEFECTS,,FAILING TO YIELD RIGHT-OF-WAY,FAILING TO YIELD RIGHT-OF-WAY,,NONINCAPACITATING INJURY,8,3,41.9186061443,-87.6905488771,2018,30,POINT (-87.6905488771 41.9186061443),,,,,2018-03-16,False,21,Logan Square
138,30,TRAFFIC SIGNAL,FUNCTIONING PROPERLY,CLEAR,DAYLIGHT,PEDALCYCLIST,NOT DIVIDED,STRAIGHT AND LEVEL,DRY,NO DEFECTS,Y,UNABLE TO DETERMINE,NOT APPLICABLE,,NO INDICATION OF INJURY,16,3,41.9109347402,-87.6493370134,2018,30,POINT (-87.6493370134 41.9109347402),,,,,2018-03-16,False,6,Lincoln Park
139,30,TRAFFIC SIGNAL,FUNCTIONING PROPERLY,CLEAR,"DARKNESS, LIGHTED ROAD",PEDALCYCLIST,NOT DIVIDED,STRAIGHT AND LEVEL,DRY,NO DEFECTS,,IMPROPER TURNING/NO SIGNAL,FAILING TO YIELD RIGHT-OF-WAY,,NO INDICATION OF INJURY,0,3,41.9239643852,-87.6469025951,2018,30,POINT (-87.6469025951 41.9239643852),,,,,2018-03-17,False,6,Lincoln Park
140,30,NO CONTROLS,NO CONTROLS,CLEAR,DAYLIGHT,PEDALCYCLIST,DIVIDED - W/MEDIAN (NOT RAISED),STRAIGHT AND LEVEL,DRY,NO DEFECTS,Y,UNABLE TO DETERMINE,UNABLE TO DETERMINE,,NO INDICATION OF INJURY,13,3,41.9365401401,-87.7857262866,2018,30,POINT (-87.7857262866 41.9365401401),,,,,2018-03-17,False,16,Dunning
141,30,LANE USE MARKING,FUNCTIONING PROPERLY,CLEAR,"DARKNESS, LIGHTED ROAD",PEDALCYCLIST,NOT DIVIDED,STRAIGHT AND LEVEL,DRY,NO DEFECTS,,IMPROPER LANE USAGE,DISREGARDING YIELD SIGN,,"REPORTED, NOT EVIDENT",0,3,41.8926427928,-87.6342441394,2018,30,POINT (-87.6342441394 41.8926427928),,,,,2018-03-18,False,7,Near North Side
142,30,NO CONTROLS,NO CONTROLS,CLEAR,DAYLIGHT,PEDALCYCLIST,DIVIDED - W/MEDIAN (NOT RAISED),STRAIGHT AND LEVEL,DRY,NO DEFECTS,,FAILING TO REDUCE SPEED TO AVOID CRASH,"VISION OBSCURED (SIGNS, TREE LIMBS, BUILDINGS, ETC.)",,NO INDICATION OF INJURY,15,3,41.9301493799,-87.6846468858,2018,30,POINT (-87.6846468858 41.9301493799),,,,,2018-03-18,False,21,Logan Square
143,35,NO CONTROLS,NO CONTROLS,CLEAR,DAYLIGHT,PEDALCYCLIST,NOT DIVIDED,STRAIGHT AND LEVEL,DRY,NO DEFECTS,,FAILING TO YIELD RIGHT-OF-WAY,UNABLE TO DETERMINE,,NO INDICATION OF INJURY,16,3,41.9352877257,-87.7469425162,2018,35,POINT (-87.7469425162 41.9352877257),,,,,2018-03-18,False,18,Belmont Cragin
144,30,NO CONTROLS,NO CONTROLS,CLEAR,DAYLIGHT,PEDALCYCLIST,ALLEY,STRAIGHT AND LEVEL,DRY,NO DEFECTS,,FAILING TO YIELD RIGHT-OF-WAY,DRIVING SKILLS/KNOWLEDGE/EXPERIENCE,,NONINCAPACITATING INJURY,14,3,41.9319597074,-87.7489213386,2018,30,POINT (-87.7489213386 41.9319597074),,,,,2018-03-19,False,18,Belmont Cragin
145,30,NO CONTROLS,NO CONTROLS,CLEAR,DAYLIGHT,PEDALCYCLIST,DIVIDED - W/MEDIAN (NOT RAISED),STRAIGHT AND LEVEL,DRY,NO DEFECTS,,FAILING TO YIELD RIGHT-OF-WAY,DRIVING SKILLS/KNOWLEDGE/EXPERIENCE,,NO INDICATION OF INJURY,15,3,41.8661575395,-87.625654924,2018,30,POINT (-87.625654924 41.8661575395),,,,,2018-03-19,False,32,Near South Side
146,25,NO CONTROLS,NO CONTROLS,CLEAR,DAYLIGHT,PEDALCYCLIST,DIVIDED - W/MEDIAN (NOT RAISED),STRAIGHT AND LEVEL,DRY,UNKNOWN,,NOT APPLICABLE,NOT APPLICABLE,,NO INDICATION OF INJURY,17,3,41.8963213282,-87.6547501874,2018,25,POINT (-87.6547501874 41.8963213282),,,,,2018-03-19,False,7,Near North Side
147,30,NO CONTROLS,NO CONTROLS,CLEAR,DAYLIGHT,PEDALCYCLIST,NOT DIVIDED,STRAIGHT AND LEVEL,DRY,NO DEFECTS,,NOT APPLICABLE,NOT APPLICABLE,Y,INCAPACITATING INJURY,17,3,41.9383155174,-87.6669847369,2018,30,POINT (-87.6669847369 41.9383155174),,,,,2018-03-19,True,5,Lake View
148,30,NO CONTROLS,NO CONTROLS,CLEAR,"DARKNESS, LIGHTED ROAD",PEDALCYCLIST,NOT DIVIDED,STRAIGHT AND LEVEL,DRY,NO DEFECTS,,FAILING TO YIELD RIGHT-OF-WAY,FAILING TO REDUCE SPEED TO AVOID CRASH,,NONINCAPACITATING INJURY,20,3,41.9442114754,-87.807116299,2018,30,POINT (-87.807116299 41.9442114754),,,,,2018-03-19,False,16,Dunning
149,30,NO CONTROLS,NO CONTROLS,CLEAR,DAYLIGHT,PEDALCYCLIST,NOT DIVIDED,STRAIGHT AND LEVEL,DRY,NO DEFECTS,,IMPROPER OVERTAKING/PASSING,NOT APPLICABLE,,NONINCAPACITATING INJURY,16,3,41.9152728699,-87.7232652068,2018,30,POINT (-87.7232652068 41.9152728699),,,,,2018-03-20,False,19,Hermosa
150,30,NO CONTROLS,NO CONTROLS,CLEAR,"DARKNESS, LIGHTED ROAD",PEDALCYCLIST,ONE-WAY,STRAIGHT AND LEVEL,DRY,NO DEFECTS,,FAILING TO YIELD RIGHT-OF-WAY,FAILING TO REDUCE SPEED TO AVOID CRASH,,NONINCAPACITATING INJURY,1,3,41.7660256051,-87.6247763257,2018,30,POINT (-87.6247763257 41.7660256051),,,,,2018-03-22,False,68,Grand Crossing
151,30,NO CONTROLS,NO CONTROLS,CLEAR,DAYLIGHT,PEDALCYCLIST,DIVIDED - W/MEDIAN (NOT RAISED),STRAIGHT AND LEVEL,DRY,NO DEFECTS,,UNABLE TO DETERMINE,UNABLE TO DETERMINE,Y,NO INDICATION OF INJURY,11,3,41.9611880725,-87.7172687737,2018,30,POINT (-87.7172687737 41.9611880725),,,,,2018-03-22,False,13,Albany Park
152,30,STOP SIGN/FLASHER,FUNCTIONING PROPERLY,CLEAR,DAYLIGHT,PEDALCYCLIST,NOT DIVIDED,STRAIGHT AND LEVEL,DRY,NO DEFECTS,Y,UNABLE TO DETERMINE,IMPROPER OVERTAKING/PASSING,,NONINCAPACITATING INJURY,15,3,41.9125527064,-87.6818792146,2018,30,POINT (-87.6818792146 41.9125527064),,,,,2018-03-22,False,6,Lincoln Park
153,30,TRAFFIC SIGNAL,FUNCTIONING PROPERLY,CLEAR,DAYLIGHT,PEDALCYCLIST,DIVIDED - W/MEDIAN (NOT RAISED),STRAIGHT AND LEVEL,DRY,NO DEFECTS,Y,FAILING TO YIELD RIGHT-OF-WAY,IMPROPER TURNING/NO SIGNAL,,NONINCAPACITATING INJURY,10,3,41.903308258,-87.6725270772,2018,30,POINT (-87.6725270772 41.903308258),,,,,2018-03-23,False,23,West Town
154,30,TRAFFIC SIGNAL,UNKNOWN,CLEAR,DAYLIGHT,PEDALCYCLIST,OTHER,STRAIGHT AND LEVEL,DRY,NO DEFECTS,,UNABLE TO DETERMINE,UNABLE TO DETERMINE,,INCAPACITATING INJURY,12,3,41.8663485906,-87.7201953899,2018,30,POINT (-87.7201953899 41.8663485906),,,,,2018-03-23,True,28,North Lawndale
155,30,TRAFFIC SIGNAL,FUNCTIONING PROPERLY,CLEAR,DARKNESS,PEDALCYCLIST,DIVIDED - W/MEDIAN (NOT RAISED),STRAIGHT AND LEVEL,DRY,NO DEFECTS,Y,DISREGARDING TRAFFIC SIGNALS,NOT APPLICABLE,,"REPORTED, NOT EVIDENT",19,3,41.9462318281,-87.7471976928,2018,30,POINT (-87.7471976928 41.9462318281),,,,,2018-03-23,False,14,Portage Park
156,30,TRAFFIC SIGNAL,FUNCTIONING PROPERLY,CLEAR,"DARKNESS, LIGHTED ROAD",PEDALCYCLIST,NOT DIVIDED,STRAIGHT AND LEVEL,DRY,NO DEFECTS,Y,FAILING TO YIELD RIGHT-OF-WAY,NOT APPLICABLE,,NONINCAPACITATING INJURY,20,3,41.9174458939,-87.6872599718,2018,30,POINT (-87.6872599718 41.9174458939),,,,,2018-03-24,False,21,Logan Square
157,30,NO CONTROLS,NO CONTROLS,CLEAR,"DARKNESS, LIGHTED ROAD",PEDALCYCLIST,ONE-WAY,"CURVE, LEVEL",DRY,NO DEFECTS,,DRIVING SKILLS/KNOWLEDGE/EXPERIENCE,NOT APPLICABLE,,INCAPACITATING INJURY,20,3,41.9987005694,-87.6602427709,2018,30,POINT (-87.6602427709 41.9987005694),,,,,2018-03-25,True,0,Rogers Park
158,25,STOP SIGN/FLASHER,FUNCTIONING PROPERLY,CLEAR,DARKNESS,PEDALCYCLIST,NOT DIVIDED,STRAIGHT AND LEVEL,DRY,NO DEFECTS,Y,UNABLE TO DETERMINE,UNABLE TO DETERMINE,,NONINCAPACITATING INJURY,21,3,41.7885604387,-87.7229077063,2018,25,POINT (-87.7229077063 41.7885604387),,,,,2018-03-25,False,61,West Elsdon
159,30,TRAFFIC SIGNAL,FUNCTIONING PROPERLY,CLEAR,DAYLIGHT,PEDALCYCLIST,ONE-WAY,STRAIGHT AND LEVEL,DRY,NO DEFECTS,Y,FAILING TO YIELD RIGHT-OF-WAY,FAILING TO REDUCE SPEED TO AVOID CRASH,,NONINCAPACITATING INJURY,9,3,41.8789679758,-87.6691072109,2018,30,POINT (-87.6691072109 41.8789679758),,,,,2018-03-26,False,27,Near West Side
160,30,NO CONTROLS,NO CONTROLS,RAIN,"DARKNESS, LIGHTED ROAD",PEDALCYCLIST,NOT DIVIDED,STRAIGHT AND LEVEL,WET,NO DEFECTS,,FAILING TO YIELD RIGHT-OF-WAY,FAILING TO YIELD RIGHT-OF-WAY,N,NONINCAPACITATING INJURY,22,3,41.9237080328,-87.6671049203,2018,30,POINT (-87.6671049203 41.9237080328),,,,,2018-03-26,False,6,Lincoln Park
161,30,NO CONTROLS,NO CONTROLS,RAIN,DAYLIGHT,PEDALCYCLIST,DIVIDED - W/MEDIAN (NOT RAISED),STRAIGHT AND LEVEL,WET,NO DEFECTS,,UNABLE TO DETERMINE,NOT APPLICABLE,Y,NONINCAPACITATING INJURY,7,3,41.8601212216,-87.6271146684,2018,30,POINT (-87.6271146684 41.8601212216),,,,,2018-03-27,False,32,Near South Side
162,30,TRAFFIC SIGNAL,FUNCTIONING PROPERLY,CLEAR,DAYLIGHT,PEDALCYCLIST,NOT DIVIDED,STRAIGHT AND LEVEL,DRY,NO DEFECTS,Y,IMPROPER TURNING/NO SIGNAL,DISREGARDING OTHER TRAFFIC SIGNS,,NONINCAPACITATING INJURY,16,3,41.9099505576,-87.6770243672,2018,30,POINT (-87.6770243672 41.9099505576),,,,,2018-03-27,False,23,West Town
163,30,NO CONTROLS,NO CONTROLS,CLEAR,DAYLIGHT,PEDALCYCLIST,NOT DIVIDED,STRAIGHT AND LEVEL,DRY,NO DEFECTS,,FAILING TO YIELD RIGHT-OF-WAY,NOT APPLICABLE,,NONINCAPACITATING INJURY,8,3,41.8868389214,-87.6796641753,2018,30,POINT (-87.6796641753 41.8868389214),,,,,2018-03-28,False,27,Near West Side
164,30,TRAFFIC SIGNAL,FUNCTIONING PROPERLY,CLEAR,DAYLIGHT,PEDALCYCLIST,NOT DIVIDED,STRAIGHT AND LEVEL,DRY,NO DEFECTS,Y,FAILING TO YIELD RIGHT-OF-WAY,NOT APPLICABLE,,"REPORTED, NOT EVIDENT",9,3,41.8844994927,-87.635233576,2018,30,POINT (-87.635233576 41.8844994927),,,,,2018-03-28,False,27,Near West Side
165,30,NO CONTROLS,NO CONTROLS,CLEAR,"DARKNESS, LIGHTED ROAD",PEDALCYCLIST,DIVIDED - W/MEDIAN (NOT RAISED),STRAIGHT AND LEVEL,DRY,NO DEFECTS,,UNABLE TO DETERMINE,UNABLE TO DETERMINE,,NO INDICATION OF INJURY,17,3,41.8962979811,-87.6769162327,2018,30,POINT (-87.6769162327 41.8962979811),,,,,2018-03-28,False,23,West Town
166,30,NO CONTROLS,NO CONTROLS,CLEAR,DAYLIGHT,PEDALCYCLIST,DIVIDED - W/MEDIAN (NOT RAISED),STRAIGHT AND LEVEL,DRY,NO DEFECTS,Y,NOT APPLICABLE,NOT APPLICABLE,,"REPORTED, NOT EVIDENT",17,3,41.9453635337,-87.7067771851,2018,30,POINT (-87.7067771851 41.9453635337),,,,,2018-03-28,False,15,Irving Park
167,30,TRAFFIC SIGNAL,FUNCTIONING PROPERLY,RAIN,"DARKNESS, LIGHTED ROAD",PEDALCYCLIST,NOT DIVIDED,STRAIGHT AND LEVEL,WET,UNKNOWN,Y,FAILING TO YIELD RIGHT-OF-WAY,DISREGARDING OTHER TRAFFIC SIGNS,,NONINCAPACITATING INJURY,20,3,41.8077761313,-87.7397219844,2018,30,POINT (-87.7397219844 41.8077761313),,,,,2018-03-28,False,55,Garfield Ridge
168,30,NO CONTROLS,NO CONTROLS,CLEAR,DAYLIGHT,PEDALCYCLIST,NOT DIVIDED,STRAIGHT AND LEVEL,DRY,NO DEFECTS,,FAILING TO YIELD RIGHT-OF-WAY,NOT APPLICABLE,,NO INDICATION OF INJURY,16,3,41.8892414441,-87.6370218462,2018,30,POINT (-87.6370218462 41.8892414441),,,,,2018-03-29,False,7,Near North Side
169,30,NO CONTROLS,NO CONTROLS,CLEAR,DAYLIGHT,PEDALCYCLIST,NOT DIVIDED,STRAIGHT AND LEVEL,DRY,NO DEFECTS,,UNABLE TO DETERMINE,UNABLE TO DETERMINE,,NONINCAPACITATING INJURY,16,3,41.9116723567,-87.736312056,2018,30,POINT (-87.736312056 41.9116723567),,,,,2018-03-29,False,22,Humboldt Park
170,30,NO CONTROLS,NO CONTROLS,CLEAR,DAYLIGHT,PEDALCYCLIST,DIVIDED - W/MEDIAN (NOT RAISED),STRAIGHT AND LEVEL,DRY,WORN SURFACE,,UNABLE TO DETERMINE,NOT APPLICABLE,,NO INDICATION OF INJURY,17,3,41.8956879307,-87.654334529,2018,30,POINT (-87.654334529 41.8956879307),,,,,2018-03-29,False,7,Near North Side
171,30,NO CONTROLS,NO CONTROLS,CLEAR,DAYLIGHT,PEDALCYCLIST,ALLEY,STRAIGHT AND LEVEL,DRY,NO DEFECTS,Y,NOT APPLICABLE,NOT APPLICABLE,,NO INDICATION OF INJURY,11,3,41.935098375,-87.7615285324,2018,30,POINT (-87.7615285324 41.935098375),,,,,2018-03-30,False,18,Belmont Cragin
172,25,NO CONTROLS,NO CONTROLS,CLEAR,"DARKNESS, LIGHTED ROAD",PEDALCYCLIST,ONE-WAY,STRAIGHT AND LEVEL,DRY,NO DEFECTS,,DRIVING SKILLS/KNOWLEDGE/EXPERIENCE,FAILING TO YIELD RIGHT-OF-WAY,,NO INDICATION OF INJURY,21,3,41.9874422866,-87.6566622605,2018,25,POINT (-87.6566622605 41.9874422866),,,,,2018-03-30,False,76,Edgewater
173,0,TRAFFIC SIGNAL,FUNCTIONING PROPERLY,CLEAR,DAYLIGHT,PEDALCYCLIST,DIVIDED - W/MEDIAN (NOT RAISED),STRAIGHT AND LEVEL,DRY,NO DEFECTS,,UNABLE TO DETERMINE,UNABLE TO DETERMINE,Y,NONINCAPACITATING INJURY,14,3,41.9034469464,-87.6298248985,2018,0,POINT (-87.6298248985 41.9034469464),,,,,2018-03-31,False,7,Near North Side
174,30,TRAFFIC SIGNAL,FUNCTIONING PROPERLY,CLEAR,DAYLIGHT,PEDALCYCLIST,DIVIDED - W/MEDIAN (NOT RAISED),STRAIGHT AND LEVEL,DRY,NO DEFECTS,Y,DISREGARDING TRAFFIC SIGNALS,FAILING TO REDUCE SPEED TO AVOID CRASH,,NONINCAPACITATING INJURY,14,3,41.9285332551,-87.7024831593,2018,30,POINT (-87.7024831593 41.9285332551),,,,,2018-03-31,False,21,Logan Square
175,30,NO CONTROLS,NO CONTROLS,CLEAR,DAYLIGHT,PEDALCYCLIST,NOT DIVIDED,STRAIGHT AND LEVEL,DRY,NO DEFECTS,,FAILING TO YIELD RIGHT-OF-WAY,FAILING TO YIELD RIGHT-OF-WAY,Y,"REPORTED, NOT EVIDENT",19,3,41.9318650092,-87.6579512783,2018,30,POINT (-87.6579512783 41.9318650092),,,,,2018-03-31,False,6,Lincoln Park
176,30,TRAFFIC SIGNAL,FUNCTIONING PROPERLY,CLEAR,"DARKNESS, LIGHTED ROAD",PEDALCYCLIST,NOT DIVIDED,STRAIGHT AND LEVEL,DRY,NO DEFECTS,,UNABLE TO DETERMINE,NOT APPLICABLE,,NO INDICATION OF INJURY,20,3,41.9034469464,-87.6298248985,2018,30,POINT (-87.6298248985 41.9034469464),,,,,2018-03-31,False,7,Near North Side
177,30,NO CONTROLS,NO CONTROLS,RAIN,DAYLIGHT,PEDALCYCLIST,NOT DIVIDED,"CURVE, LEVEL",WET,NO DEFECTS,,IMPROPER TURNING/NO SIGNAL,IMPROPER TURNING/NO SIGNAL,,INCAPACITATING INJURY,7,4,41.8520755745,-87.6188508039,2018,30,POINT (-87.6188508039 41.8520755745),,,,,2018-04-03,True,32,Near South Side
178,30,STOP SIGN/FLASHER,FUNCTIONING PROPERLY,CLEAR,DAYLIGHT,PEDALCYCLIST,NOT DIVIDED,STRAIGHT AND LEVEL,ICE,UNKNOWN,,IMPROPER OVERTAKING/PASSING,IMPROPER OVERTAKING/PASSING,,"REPORTED, NOT EVIDENT",8,4,41.9526223858,-87.66431813,2018,30,POINT (-87.66431813 41.9526223858),,,,,2018-04-04,False,5,Lake View
179,30,NO CONTROLS,NO CONTROLS,CLEAR,DAYLIGHT,PEDALCYCLIST,ONE-WAY,STRAIGHT AND LEVEL,UNKNOWN,UNKNOWN,,IMPROPER LANE USAGE,NOT APPLICABLE,,NO INDICATION OF INJURY,8,4,41.8782191488,-87.6346344933,2018,30,POINT (-87.6346344933 41.8782191488),,,,,2018-04-04,False,27,Near West Side
180,30,NO CONTROLS,NO CONTROLS,CLEAR,DAYLIGHT,PEDALCYCLIST,NOT DIVIDED,STRAIGHT AND LEVEL,DRY,UNKNOWN,,DRIVING SKILLS/KNOWLEDGE/EXPERIENCE,FAILING TO YIELD RIGHT-OF-WAY,Y,NONINCAPACITATING INJURY,11,4,41.8648083451,-87.6256236238,2018,30,POINT (-87.6256236238 41.8648083451),,,,,2018-04-04,False,32,Near South Side
181,30,NO CONTROLS,NO CONTROLS,CLEAR,DAYLIGHT,PEDALCYCLIST,NOT DIVIDED,STRAIGHT AND LEVEL,DRY,NO DEFECTS,Y,FAILING TO YIELD RIGHT-OF-WAY,NOT APPLICABLE,,NO INDICATION OF INJURY,17,4,41.9307671824,-87.7959850876,2018,30,POINT (-87.7959850876 41.9307671824),,,,,2018-04-04,False,17,Montclare
182,30,TRAFFIC SIGNAL,FUNCTIONING PROPERLY,CLEAR,"DARKNESS, LIGHTED ROAD",PEDALCYCLIST,ONE-WAY,STRAIGHT AND LEVEL,DRY,NO DEFECTS,,IMPROPER LANE USAGE,UNABLE TO DETERMINE,,"REPORTED, NOT EVIDENT",19,4,41.8819943382,-87.6397586849,2018,30,POINT (-87.6397586849 41.8819943382),,,,,2018-04-04,False,27,Near West Side
183,30,TRAFFIC SIGNAL,FUNCTIONING PROPERLY,CLEAR,DAYLIGHT,PEDALCYCLIST,DIVIDED - W/MEDIAN (NOT RAISED),STRAIGHT AND LEVEL,DRY,NO DEFECTS,,IMPROPER TURNING/NO SIGNAL,FAILING TO YIELD RIGHT-OF-WAY,,NONINCAPACITATING INJURY,9,4,41.8373422036,-87.666074019,2018,30,POINT (-87.666074019 41.8373422036),,,,,2018-04-05,False,30,Lower West Side
184,30,TRAFFIC SIGNAL,UNKNOWN,SNOW,DAYLIGHT,PEDALCYCLIST,ONE-WAY,STRAIGHT AND LEVEL,WET,UNKNOWN,Y,DISREGARDING OTHER TRAFFIC SIGNS,UNABLE TO DETERMINE,N,NONINCAPACITATING INJURY,16,4,41.8900021618,-87.6294588014,2018,30,POINT (-87.6294588014 41.8900021618),,,,,2018-04-05,False,7,Near North Side
185,30,STOP SIGN/FLASHER,FUNCTIONING PROPERLY,RAIN,"DARKNESS, LIGHTED ROAD",PEDALCYCLIST,DIVIDED - W/MEDIAN (NOT RAISED),STRAIGHT AND LEVEL,WET,NO DEFECTS,Y,UNABLE TO DETERMINE,UNABLE TO DETERMINE,,INCAPACITATING INJURY,20,4,41.7733456388,-87.5961030005,2018,30,POINT (-87.5961030005 41.7733456388),,,,,2018-04-05,True,41,Woodlawn
186,30,TRAFFIC SIGNAL,FUNCTIONING PROPERLY,SLEET/HAIL,"DARKNESS, LIGHTED ROAD",PEDALCYCLIST,NOT DIVIDED,STRAIGHT AND LEVEL,WET,NO DEFECTS,Y,FAILING TO REDUCE SPEED TO AVOID CRASH,WEATHER,,INCAPACITATING INJURY,22,4,41.7656188178,-87.615407248,2018,30,POINT (-87.615407248 41.7656188178),,,,,2018-04-05,True,68,Grand Crossing
187,30,TRAFFIC SIGNAL,FUNCTIONING PROPERLY,OTHER,"DARKNESS, LIGHTED ROAD",PEDALCYCLIST,DIVIDED - W/MEDIAN (NOT RAISED),STRAIGHT AND LEVEL,WET,NO DEFECTS,Y,UNABLE TO DETERMINE,UNABLE TO DETERMINE,,INCAPACITATING INJURY,2,4,41.9609247987,-87.7299068989,2018,30,POINT (-87.7299068989 41.9609247987),,,,,2018-04-06,True,15,Irving Park
188,25,NO CONTROLS,NO CONTROLS,CLEAR,DAYLIGHT,PEDALCYCLIST,NOT DIVIDED,STRAIGHT AND LEVEL,DRY,NO DEFECTS,,UNABLE TO DETERMINE,UNABLE TO DETERMINE,Y,INCAPACITATING INJURY,7,4,41.9174182823,-87.6926636339,2018,25,POINT (-87.6926636339 41.9174182823),,,,,2018-04-06,True,21,Logan Square
189,30,TRAFFIC SIGNAL,WORN REFLECTIVE MATERIAL,CLEAR,DAWN,PEDALCYCLIST,NOT DIVIDED,STRAIGHT AND LEVEL,DRY,NO DEFECTS,Y,DISREGARDING TRAFFIC SIGNALS,FAILING TO REDUCE SPEED TO AVOID CRASH,,NO INDICATION OF INJURY,9,4,41.8804631471,-87.6408038843,2018,30,POINT (-87.6408038843 41.8804631471),,,,,2018-04-06,False,27,Near West Side
190,20,UNKNOWN,FUNCTIONING PROPERLY,CLEAR,DARKNESS,PEDALCYCLIST,DIVIDED - W/MEDIAN (NOT RAISED),STRAIGHT AND LEVEL,DRY,NO DEFECTS,Y,UNABLE TO DETERMINE,NOT APPLICABLE,,INCAPACITATING INJURY,20,4,41.8990291479,-87.6283417393,2018,20,POINT (-87.6283417393 41.8990291479),,,,,2018-04-06,True,7,Near North Side
191,30,NO CONTROLS,NO CONTROLS,CLEAR,"DARKNESS, LIGHTED ROAD",PEDALCYCLIST,NOT DIVIDED,STRAIGHT AND LEVEL,DRY,NO DEFECTS,,FAILING TO YIELD RIGHT-OF-WAY,NOT APPLICABLE,Y,NONINCAPACITATING INJURY,21,4,41.9352304718,-87.6626619165,2018,30,POINT (-87.6626619165 41.9352304718),,,,,2018-04-06,False,5,Lake View