Unnamed: 0,POSTED_SPEED_LIMIT,TRAFFIC_CONTROL_DEVICE,DEVICE_CONDITION,WEATHER_CONDITION,LIGHTING_CONDITION,FIRST_CRASH_TYPE,TRAFFICWAY_TYPE,ALIGNMENT,ROADWAY_SURFACE_COND,ROAD_DEFECT,INTERSECTION_RELATED_I,PRIM_CONTRIBUTORY_CAUSE,SEC_CONTRIBUTORY_CAUSE,DOORING_I,MOST_SEVERE_INJURY,CRASH_HOUR,CRASH_MONTH,LATITUDE,LONGITUDE,CRASH_YEAR,SPEED_LIMIT,geometry,DISPLAYROU,the_geom,DIST,LANE_TYPE,CRASH_DATE,is_severe,index_right,CArea
192,30,NO CONTROLS,NO CONTROLS,CLEAR,DAWN,PEDALCYCLIST,NOT DIVIDED,STRAIGHT AND LEVEL,DRY,NO DEFECTS,,UNABLE TO DETERMINE,NOT APPLICABLE,Y,NONINCAPACITATING INJURY,12,4,41.9866451113,-87.6991265844,2018,30,POINT (-87.6991265844 41.9866451113),,,,,2018-04-07,False,1,West Ridge
193,30,NO CONTROLS,NO CONTROLS,CLEAR,DAYLIGHT,PEDALCYCLIST,NOT DIVIDED,STRAIGHT AND LEVEL,DRY,NO DEFECTS,,IMPROPER LANE USAGE,UNABLE TO DETERMINE,,NONINCAPACITATING INJURY,18,4,41.8022403819,-87.6015122712,2018,30,POINT (-87.6015122712 41.8022403819),,,,,2018-04-07,False,40,Hyde Park
194,30,NO CONTROLS,NO CONTROLS,SNOW,DAYLIGHT,PEDALCYCLIST,NOT DIVIDED,STRAIGHT AND LEVEL,WET,NO DEFECTS,,IMPROPER TURNING/NO SIGNAL,DRIVING SKILLS/KNOWLEDGE/EXPERIENCE,,NO INDICATION OF INJURY,10,4,41.8580844048,-87.6551668737,2018,30,POINT (-87.6551668737 41.8580844048),,,,,2018-04-09,False,27,Near West Side
195,30,TRAFFIC SIGNAL,FUNCTIONING PROPERLY,SNOW,"DARKNESS, LIGHTED ROAD",PEDALCYCLIST,DIVIDED - W/MEDIAN BARRIER,STRAIGHT AND LEVEL,WET,NO DEFECTS,,"VISION OBSCURED (SIGNS, TREE LIMBS, BUILDINGS, ETC.)",NOT APPLICABLE,,NONINCAPACITATING INJURY,12,4,41.8880678916,-87.6247250286,2018,30,POINT (-87.6247250286 41.8880678916),,,,,2018-04-09,False,7,Near North Side
196,30,NO CONTROLS,NO CONTROLS,CLEAR,"DARKNESS, LIGHTED ROAD",PEDALCYCLIST,DIVIDED - W/MEDIAN (NOT RAISED),STRAIGHT AND LEVEL,DRY,UNKNOWN,,DRIVING SKILLS/KNOWLEDGE/EXPERIENCE,UNABLE TO DETERMINE,Y,NONINCAPACITATING INJURY,21,4,41.9396670964,-87.6796078191,2018,30,POINT (-87.6796078191 41.9396670964),,,,,2018-04-09,False,4,North Center
197,25,NO CONTROLS,NO CONTROLS,CLEAR,DAYLIGHT,PEDALCYCLIST,DIVIDED - W/MEDIAN BARRIER,STRAIGHT AND LEVEL,DRY,"RUT, HOLES",,FAILING TO YIELD RIGHT-OF-WAY,FAILING TO YIELD RIGHT-OF-WAY,,NONINCAPACITATING INJURY,10,4,42.0192985455,-87.6770992053,2018,25,POINT (-87.6770992053 42.0192985455),,,,,2018-04-10,False,0,Rogers Park
198,30,NO CONTROLS,NO CONTROLS,CLEAR,DAYLIGHT,PEDALCYCLIST,NOT DIVIDED,STRAIGHT AND LEVEL,DRY,NO DEFECTS,,UNABLE TO DETERMINE,FOLLOWING TOO CLOSELY,,NO INDICATION OF INJURY,10,4,41.9499832321,-87.7276537122,2018,30,POINT (-87.7276537122 41.9499832321),,,,,2018-04-10,False,15,Irving Park
199,30,NO CONTROLS,NO CONTROLS,CLEAR,DAYLIGHT,PEDALCYCLIST,ONE-WAY,STRAIGHT AND LEVEL,DRY,NO DEFECTS,,NOT APPLICABLE,NOT APPLICABLE,,NO INDICATION OF INJURY,13,4,41.8845938708,-87.6290162763,2018,30,POINT (-87.6290162763 41.8845938708),,,,,2018-04-10,False,31,Loop
200,30,TRAFFIC SIGNAL,FUNCTIONING IMPROPERLY,CLEAR,DAYLIGHT,PEDALCYCLIST,NOT DIVIDED,STRAIGHT AND LEVEL,DRY,NO DEFECTS,,UNABLE TO DETERMINE,UNABLE TO DETERMINE,,NONINCAPACITATING INJURY,13,4,41.8895175473,-87.6865077876,2018,30,POINT (-87.6865077876 41.8895175473),,,,,2018-04-10,False,23,West Town
201,30,NO CONTROLS,NO CONTROLS,CLEAR,DAYLIGHT,PEDALCYCLIST,NOT DIVIDED,STRAIGHT AND LEVEL,DRY,NO DEFECTS,,UNABLE TO DETERMINE,UNABLE TO DETERMINE,Y,NONINCAPACITATING INJURY,10,4,41.9683681582,-87.7056557588,2018,30,POINT (-87.7056557588 41.9683681582),,,,,2018-04-11,False,3,Lincoln Square
202,30,TRAFFIC SIGNAL,FUNCTIONING PROPERLY,CLOUDY/OVERCAST,DAYLIGHT,PEDALCYCLIST,ONE-WAY,STRAIGHT ON HILLCREST,DRY,NO DEFECTS,Y,DISREGARDING TRAFFIC SIGNALS,DRIVING ON WRONG SIDE/WRONG WAY,,NO INDICATION OF INJURY,18,4,41.8892695282,-87.629735331,2018,30,POINT (-87.629735331 41.8892695282),,,,,2018-04-11,False,7,Near North Side
203,30,NO CONTROLS,NO CONTROLS,CLEAR,"DARKNESS, LIGHTED ROAD",PEDALCYCLIST,NOT DIVIDED,STRAIGHT AND LEVEL,DRY,NO DEFECTS,,IMPROPER OVERTAKING/PASSING,FOLLOWING TOO CLOSELY,,NONINCAPACITATING INJURY,18,4,42.0178077641,-87.6994666203,2018,30,POINT (-87.6994666203 42.0178077641),,,,,2018-04-11,False,1,West Ridge
204,30,TRAFFIC SIGNAL,FUNCTIONING PROPERLY,CLEAR,"DARKNESS, LIGHTED ROAD",PEDALCYCLIST,NOT DIVIDED,STRAIGHT AND LEVEL,DRY,NO DEFECTS,,FAILING TO YIELD RIGHT-OF-WAY,NOT APPLICABLE,,NO INDICATION OF INJURY,20,4,41.9175449647,-87.7025934368,2018,30,POINT (-87.7025934368 41.9175449647),,,,,2018-04-11,False,21,Logan Square
205,35,LANE USE MARKING,UNKNOWN,CLEAR,DAYLIGHT,PEDALCYCLIST,NOT DIVIDED,STRAIGHT AND LEVEL,DRY,NO DEFECTS,,DISREGARDING ROAD MARKINGS,NOT APPLICABLE,Y,NO INDICATION OF INJURY,17,4,41.9119712308,-87.6773519357,2018,35,POINT (-87.6773519357 41.9119712308),,,,,2018-04-12,False,6,Lincoln Park
206,30,STOP SIGN/FLASHER,FUNCTIONING PROPERLY,CLEAR,DAYLIGHT,PEDALCYCLIST,NOT DIVIDED,STRAIGHT AND LEVEL,DRY,NO DEFECTS,Y,FAILING TO REDUCE SPEED TO AVOID CRASH,NOT APPLICABLE,,NONINCAPACITATING INJURY,18,4,41.8751743582,-87.6735667201,2018,30,POINT (-87.6735667201 41.8751743582),,,,,2018-04-12,False,27,Near West Side
207,15,STOP SIGN/FLASHER,UNKNOWN,CLEAR,"DARKNESS, LIGHTED ROAD",PEDALCYCLIST,NOT DIVIDED,STRAIGHT AND LEVEL,UNKNOWN,UNKNOWN,Y,UNABLE TO DETERMINE,UNABLE TO DETERMINE,,NONINCAPACITATING INJURY,23,4,41.8940137566,-87.6844923945,2018,15,POINT (-87.6844923945 41.8940137566),,,,,2018-04-12,False,23,West Town
208,30,TRAFFIC SIGNAL,FUNCTIONING PROPERLY,CLEAR,DAYLIGHT,PEDALCYCLIST,ONE-WAY,STRAIGHT AND LEVEL,DRY,NO DEFECTS,,FAILING TO REDUCE SPEED TO AVOID CRASH,FAILING TO YIELD RIGHT-OF-WAY,,NO INDICATION OF INJURY,7,4,41.8846101951,-87.6249653566,2018,30,POINT (-87.6249653566 41.8846101951),,,,,2018-04-13,False,31,Loop
209,20,NO CONTROLS,NO CONTROLS,CLEAR,DAYLIGHT,PEDALCYCLIST,NOT DIVIDED,STRAIGHT AND LEVEL,DRY,NO DEFECTS,,FAILING TO YIELD RIGHT-OF-WAY,NOT APPLICABLE,,NONINCAPACITATING INJURY,8,4,41.7895680929,-87.734904371,2018,20,POINT (-87.734904371 41.7895680929),,,,,2018-04-13,False,61,West Elsdon
210,30,NO CONTROLS,NO CONTROLS,CLEAR,DAYLIGHT,PEDALCYCLIST,DIVIDED - W/MEDIAN (NOT RAISED),STRAIGHT AND LEVEL,DRY,NO DEFECTS,,UNABLE TO DETERMINE,NOT APPLICABLE,Y,NONINCAPACITATING INJURY,9,4,41.9075707533,-87.6728500985,2018,30,POINT (-87.6728500985 41.9075707533),,,,,2018-04-13,False,23,West Town
211,30,STOP SIGN/FLASHER,FUNCTIONING PROPERLY,CLOUDY/OVERCAST,DAYLIGHT,PEDALCYCLIST,NOT DIVIDED,STRAIGHT AND LEVEL,DRY,NO DEFECTS,,FAILING TO YIELD RIGHT-OF-WAY,NOT APPLICABLE,,"REPORTED, NOT EVIDENT",10,4,41.9361248427,-87.6662646315,2018,30,POINT (-87.6662646315 41.9361248427),,,,,2018-04-13,False,5,Lake View
212,30,NO CONTROLS,NO CONTROLS,CLEAR,DAYLIGHT,PEDALCYCLIST,NOT DIVIDED,STRAIGHT AND LEVEL,DRY,NO DEFECTS,,UNABLE TO DETERMINE,UNABLE TO DETERMINE,,NONINCAPACITATING INJURY,14,4,41.9390704093,-87.737097898,2018,30,POINT (-87.737097898 41.9390704093),,,,,2018-04-13,False,15,Irving Park
213,30,NO CONTROLS,NO CONTROLS,CLEAR,DAYLIGHT,PEDALCYCLIST,DIVIDED - W/MEDIAN (NOT RAISED),STRAIGHT AND LEVEL,DRY,NO DEFECTS,,UNABLE TO DETERMINE,UNABLE TO DETERMINE,,NO INDICATION OF INJURY,18,4,41.9960725558,-87.6703556321,2018,30,POINT (-87.6703556321 41.9960725558),,,,,2018-04-13,False,76,Edgewater
214,30,TRAFFIC SIGNAL,FUNCTIONING PROPERLY,RAIN,"DARKNESS, LIGHTED ROAD",PEDALCYCLIST,DIVIDED - W/MEDIAN (NOT RAISED),STRAIGHT AND LEVEL,WET,NO DEFECTS,Y,UNABLE TO DETERMINE,NOT APPLICABLE,Y,NO INDICATION OF INJURY,0,4,41.9102830118,-87.6824051916,2018,30,POINT (-87.6824051916 41.9102830118),,,,,2018-04-14,False,23,West Town
215,25,NO CONTROLS,NO CONTROLS,RAIN,DAYLIGHT,PEDALCYCLIST,NOT DIVIDED,"CURVE, LEVEL",WET,NO DEFECTS,,UNABLE TO DETERMINE,UNABLE TO DETERMINE,Y,NONINCAPACITATING INJURY,14,4,41.9322509673,-87.6449304996,2018,25,POINT (-87.6449304996 41.9322509673),,,,,2018-04-14,False,6,Lincoln Park
216,30,NO CONTROLS,NO CONTROLS,RAIN,DAYLIGHT,PEDALCYCLIST,NOT DIVIDED,STRAIGHT AND LEVEL,WET,NO DEFECTS,,UNABLE TO DETERMINE,NOT APPLICABLE,,NO INDICATION OF INJURY,15,4,41.7889431338,-87.7035745756,2018,30,POINT (-87.7035745756 41.7889431338),,,,,2018-04-14,False,62,Gage Park
217,30,TRAFFIC SIGNAL,FUNCTIONING PROPERLY,RAIN,DARKNESS,PEDALCYCLIST,ONE-WAY,STRAIGHT AND LEVEL,WET,"RUT, HOLES",,FAILING TO YIELD RIGHT-OF-WAY,WEATHER,,NONINCAPACITATING INJURY,21,4,41.8077168138,-87.7286198954,2018,30,POINT (-87.7286198954 41.8077168138),,,,,2018-04-14,False,56,Archer Heights
218,30,NO CONTROLS,NO CONTROLS,RAIN,DUSK,PEDALCYCLIST,ONE-WAY,STRAIGHT AND LEVEL,WET,NO DEFECTS,,WEATHER,UNABLE TO DETERMINE,Y,INCAPACITATING INJURY,18,4,41.9873561891,-87.6620995685,2018,30,POINT (-87.6620995685 41.9873561891),,,,,2018-04-15,True,76,Edgewater
219,30,NO CONTROLS,NO CONTROLS,CLEAR,DAYLIGHT,PEDALCYCLIST,NOT DIVIDED,STRAIGHT AND LEVEL,DRY,NO DEFECTS,,IMPROPER OVERTAKING/PASSING,"OPERATING VEHICLE IN ERRATIC, RECKLESS, CARELESS, NEGLIGENT OR AGGRESSIVE MANNER",,NONINCAPACITATING INJURY,12,4,41.84452841,-87.712125033,2018,30,POINT (-87.712125033 41.84452841),,,,,2018-04-16,False,29,South Lawndale
220,25,NO CONTROLS,NO CONTROLS,CLOUDY/OVERCAST,DAYLIGHT,PEDALCYCLIST,NOT DIVIDED,STRAIGHT AND LEVEL,DRY,NO DEFECTS,,NOT APPLICABLE,NOT APPLICABLE,,NO INDICATION OF INJURY,17,4,41.8775064669,-87.6807913629,2018,25,POINT (-87.6807913629 41.8775064669),,,,,2018-04-16,False,27,Near West Side
221,30,STOP SIGN/FLASHER,FUNCTIONING PROPERLY,CLEAR,"DARKNESS, LIGHTED ROAD",PEDALCYCLIST,NOT DIVIDED,STRAIGHT AND LEVEL,DRY,NO DEFECTS,Y,FAILING TO YIELD RIGHT-OF-WAY,UNABLE TO DETERMINE,,"REPORTED, NOT EVIDENT",22,4,41.9647992798,-87.7182932279,2018,30,POINT (-87.7182932279 41.9647992798),,,,,2018-04-16,False,13,Albany Park
222,30,TRAFFIC SIGNAL,FUNCTIONING PROPERLY,CLEAR,DAYLIGHT,PEDALCYCLIST,NOT DIVIDED,STRAIGHT AND LEVEL,DRY,NO DEFECTS,Y,UNABLE TO DETERMINE,NOT APPLICABLE,,NO INDICATION OF INJURY,13,4,41.9321739909,-87.6782501611,2018,30,POINT (-87.6782501611 41.9321739909),,,,,2018-04-17,False,6,Lincoln Park
223,30,NO CONTROLS,NO CONTROLS,CLEAR,DUSK,PEDALCYCLIST,ONE-WAY,STRAIGHT AND LEVEL,DRY,NO DEFECTS,,NOT APPLICABLE,UNABLE TO DETERMINE,Y,NO INDICATION OF INJURY,18,4,41.9000550811,-87.6277670527,2018,30,POINT (-87.6277670527 41.9000550811),,,,,2018-04-18,False,7,Near North Side
224,30,STOP SIGN/FLASHER,FUNCTIONING PROPERLY,CLOUDY/OVERCAST,"DARKNESS, LIGHTED ROAD",PEDALCYCLIST,DIVIDED - W/MEDIAN (NOT RAISED),STRAIGHT AND LEVEL,DRY,NO DEFECTS,Y,DISREGARDING STOP SIGN,NOT APPLICABLE,,NONINCAPACITATING INJURY,18,4,41.9238316714,-87.7684788437,2018,30,POINT (-87.7684788437 41.9238316714),,,,,2018-04-18,False,18,Belmont Cragin
225,30,NO CONTROLS,NO CONTROLS,RAIN,"DARKNESS, LIGHTED ROAD",PEDALCYCLIST,ALLEY,STRAIGHT AND LEVEL,WET,NO DEFECTS,,WEATHER,FAILING TO YIELD RIGHT-OF-WAY,,NONINCAPACITATING INJURY,21,4,41.9686645854,-87.7132257569,2018,30,POINT (-87.7132257569 41.9686645854),,,,,2018-04-18,False,13,Albany Park
226,30,TRAFFIC SIGNAL,FUNCTIONING PROPERLY,CLEAR,DAYLIGHT,PEDALCYCLIST,NOT DIVIDED,STRAIGHT AND LEVEL,WET,NO DEFECTS,Y,UNABLE TO DETERMINE,UNABLE TO DETERMINE,,"REPORTED, NOT EVIDENT",7,4,41.9111602413,-87.638740951,2018,30,POINT (-87.638740951 41.9111602413),,,,,2018-04-19,False,6,Lincoln Park
227,30,SCHOOL ZONE,UNKNOWN,CLEAR,DAYLIGHT,PEDALCYCLIST,NOT DIVIDED,STRAIGHT AND LEVEL,UNKNOWN,UNKNOWN,Y,NOT APPLICABLE,NOT APPLICABLE,,NONINCAPACITATING INJURY,17,4,41.9179788533,-87.7609686521,2018,30,POINT (-87.7609686521 41.9179788533),,,,,2018-04-19,False,18,Belmont Cragin
228,35,UNKNOWN,NO CONTROLS,CLEAR,DARKNESS,PEDALCYCLIST,NOT DIVIDED,STRAIGHT AND LEVEL,DRY,NO DEFECTS,N,UNABLE TO DETERMINE,UNABLE TO DETERMINE,,INCAPACITATING INJURY,4,4,41.9307247605,-87.6416646726,2018,35,POINT (-87.6416646726 41.9307247605),,,,,2018-04-20,True,6,Lincoln Park
229,30,TRAFFIC SIGNAL,FUNCTIONING PROPERLY,CLEAR,DAYLIGHT,PEDALCYCLIST,ONE-WAY,STRAIGHT AND LEVEL,DRY,NO DEFECTS,Y,DISREGARDING TRAFFIC SIGNALS,FAILING TO YIELD RIGHT-OF-WAY,,NO INDICATION OF INJURY,16,4,41.8949016164,-87.6342299275,2018,30,POINT (-87.6342299275 41.8949016164),,,,,2018-04-20,False,7,Near North Side
230,30,TRAFFIC SIGNAL,FUNCTIONING PROPERLY,CLEAR,DAYLIGHT,PEDALCYCLIST,NOT DIVIDED,STRAIGHT AND LEVEL,DRY,NO DEFECTS,,FAILING TO YIELD RIGHT-OF-WAY,EXCEEDING AUTHORIZED SPEED LIMIT,,NO INDICATION OF INJURY,16,4,41.88447811,-87.7452770709,2018,30,POINT (-87.7452770709 41.88447811),,,,,2018-04-20,False,24,Austin
231,25,STOP SIGN/FLASHER,FUNCTIONING PROPERLY,CLEAR,DAYLIGHT,PEDALCYCLIST,NOT DIVIDED,STRAIGHT AND LEVEL,DRY,NO DEFECTS,Y,DISREGARDING STOP SIGN,NOT APPLICABLE,,NONINCAPACITATING INJURY,18,4,41.791445582,-87.7292981218,2018,25,POINT (-87.7292981218 41.791445582),,,,,2018-04-20,False,61,West Elsdon
232,30,TRAFFIC SIGNAL,FUNCTIONING PROPERLY,CLEAR,DAYLIGHT,PEDALCYCLIST,NOT DIVIDED,STRAIGHT AND LEVEL,DRY,NO DEFECTS,,UNABLE TO DETERMINE,UNABLE TO DETERMINE,,NONINCAPACITATING INJURY,19,4,41.8727722222,-87.7647318505,2018,30,POINT (-87.7647318505 41.8727722222),,,,,2018-04-20,False,24,Austin
233,30,NO CONTROLS,NO CONTROLS,CLEAR,DARKNESS,PEDALCYCLIST,DIVIDED - W/MEDIAN (NOT RAISED),STRAIGHT AND LEVEL,DRY,NO DEFECTS,,IMPROPER OVERTAKING/PASSING,IMPROPER LANE USAGE,,"REPORTED, NOT EVIDENT",20,4,41.9133432859,-87.6349263709,2018,30,POINT (-87.6349263709 41.9133432859),,,,,2018-04-20,False,6,Lincoln Park
234,30,NO CONTROLS,NO CONTROLS,CLEAR,DARKNESS,PEDALCYCLIST,PARKING LOT,STRAIGHT AND LEVEL,DRY,UNKNOWN,,FAILING TO YIELD RIGHT-OF-WAY,UNABLE TO DETERMINE,,NONINCAPACITATING INJURY,22,4,41.9303776582,-87.6558743395,2018,30,POINT (-87.6558743395 41.9303776582),,,,,2018-04-20,False,6,Lincoln Park
235,30,NO CONTROLS,NO CONTROLS,CLEAR,DAYLIGHT,PEDALCYCLIST,DIVIDED - W/MEDIAN (NOT RAISED),STRAIGHT AND LEVEL,DRY,NO DEFECTS,,UNABLE TO DETERMINE,NOT APPLICABLE,Y,NO INDICATION OF INJURY,15,4,41.9180315348,-87.6510808541,2018,30,POINT (-87.6510808541 41.9180315348),,,,,2018-04-21,False,6,Lincoln Park
236,30,STOP SIGN/FLASHER,FUNCTIONING PROPERLY,CLEAR,DAYLIGHT,PEDALCYCLIST,ONE-WAY,STRAIGHT AND LEVEL,DRY,NO DEFECTS,Y,DRIVING ON WRONG SIDE/WRONG WAY,FAILING TO REDUCE SPEED TO AVOID CRASH,,NONINCAPACITATING INJURY,16,4,41.7918030825,-87.6926750753,2018,30,POINT (-87.6926750753 41.7918030825),,,,,2018-04-22,False,62,Gage Park
237,30,NO CONTROLS,UNKNOWN,CLEAR,DARKNESS,PEDALCYCLIST,NOT DIVIDED,STRAIGHT AND LEVEL,DRY,UNKNOWN,,FOLLOWING TOO CLOSELY,UNABLE TO DETERMINE,,"REPORTED, NOT EVIDENT",23,4,41.8965343142,-87.646163439,2018,30,POINT (-87.646163439 41.8965343142),,,,,2018-04-22,False,7,Near North Side
238,30,NO CONTROLS,UNKNOWN,CLEAR,DAYLIGHT,PEDALCYCLIST,NOT DIVIDED,STRAIGHT AND LEVEL,DRY,NO DEFECTS,,FAILING TO YIELD RIGHT-OF-WAY,NOT APPLICABLE,,INCAPACITATING INJURY,8,4,41.9046203929,-87.6382403976,2018,30,POINT (-87.6382403976 41.9046203929),,,,,2018-04-23,True,7,Near North Side
239,25,TRAFFIC SIGNAL,FUNCTIONING PROPERLY,CLEAR,"DARKNESS, LIGHTED ROAD",PEDALCYCLIST,DIVIDED - W/MEDIAN BARRIER,STRAIGHT AND LEVEL,DRY,NO DEFECTS,Y,IMPROPER TURNING/NO SIGNAL,NOT APPLICABLE,,"REPORTED, NOT EVIDENT",12,4,41.8876952584,-87.6244463349,2018,25,POINT (-87.6244463349 41.8876952584),,,,,2018-04-23,False,7,Near North Side
240,30,NO CONTROLS,NO CONTROLS,CLEAR,DAYLIGHT,PEDALCYCLIST,DIVIDED - W/MEDIAN (NOT RAISED),STRAIGHT AND LEVEL,DRY,UNKNOWN,Y,FAILING TO YIELD RIGHT-OF-WAY,ROAD CONSTRUCTION/MAINTENANCE,,NO INDICATION OF INJURY,15,4,41.932585649,-87.6502772586,2018,30,POINT (-87.6502772586 41.932585649),,,,,2018-04-23,False,5,Lake View
241,30,TRAFFIC SIGNAL,FUNCTIONING PROPERLY,CLEAR,DAYLIGHT,PEDALCYCLIST,DIVIDED - W/MEDIAN (NOT RAISED),STRAIGHT AND LEVEL,DRY,NO DEFECTS,Y,UNABLE TO DETERMINE,UNABLE TO DETERMINE,,NONINCAPACITATING INJURY,17,4,41.8017945403,-87.6321527164,2018,30,POINT (-87.6321527164 41.8017945403),,,,,2018-04-23,False,36,Fuller Park
242,25,NO CONTROLS,NO CONTROLS,CLEAR,DAYLIGHT,PEDALCYCLIST,ONE-WAY,STRAIGHT AND LEVEL,DRY,NO DEFECTS,,UNABLE TO DETERMINE,UNABLE TO DETERMINE,,INCAPACITATING INJURY,10,4,41.9435712105,-87.6452173002,2018,25,POINT (-87.6452173002 41.9435712105),,,,,2018-04-24,True,5,Lake View
243,30,NO CONTROLS,NO CONTROLS,CLEAR,DAYLIGHT,PEDALCYCLIST,ONE-WAY,STRAIGHT AND LEVEL,DRY,NO DEFECTS,,UNABLE TO DETERMINE,NOT APPLICABLE,,NONINCAPACITATING INJURY,14,4,41.968783337,-87.7230083029,2018,30,POINT (-87.7230083029 41.968783337),,,,,2018-04-24,False,13,Albany Park
244,30,NO CONTROLS,NO CONTROLS,CLEAR,DAYLIGHT,PEDALCYCLIST,DIVIDED - W/MEDIAN (NOT RAISED),STRAIGHT AND LEVEL,DRY,NO DEFECTS,,IMPROPER OVERTAKING/PASSING,NOT APPLICABLE,,NO INDICATION OF INJURY,15,4,41.7942563441,-87.6569566306,2018,30,POINT (-87.6569566306 41.7942563441),,,,,2018-04-24,False,60,New City
245,25,NO CONTROLS,NO CONTROLS,CLEAR,DAYLIGHT,PEDALCYCLIST,NOT DIVIDED,STRAIGHT AND LEVEL,DRY,NO DEFECTS,,UNABLE TO DETERMINE,UNABLE TO DETERMINE,,NO INDICATION OF INJURY,17,4,41.7951377443,-87.6860201137,2018,25,POINT (-87.6860201137 41.7951377443),,,,,2018-04-24,False,62,Gage Park
246,30,NO CONTROLS,NO CONTROLS,CLEAR,DAYLIGHT,PEDALCYCLIST,NOT DIVIDED,STRAIGHT AND LEVEL,DRY,NO DEFECTS,,UNABLE TO DETERMINE,NOT APPLICABLE,,NO INDICATION OF INJURY,17,4,41.9024929916,-87.6649066413,2018,30,POINT (-87.6649066413 41.9024929916),,,,,2018-04-24,False,23,West Town
247,30,NO CONTROLS,NO CONTROLS,CLEAR,DAYLIGHT,PEDALCYCLIST,NOT DIVIDED,STRAIGHT AND LEVEL,DRY,NO DEFECTS,,UNABLE TO DETERMINE,UNABLE TO DETERMINE,,INCAPACITATING INJURY,18,4,41.92942162,-87.7757845569,2018,30,POINT (-87.7757845569 41.92942162),,,,,2018-04-24,True,18,Belmont Cragin
248,30,STOP SIGN/FLASHER,NO CONTROLS,CLEAR,DAYLIGHT,PEDALCYCLIST,NOT DIVIDED,STRAIGHT AND LEVEL,DRY,NO DEFECTS,Y,DISTRACTION - FROM OUTSIDE VEHICLE,NOT APPLICABLE,,NONINCAPACITATING INJURY,18,4,41.9979837503,-87.6814204479,2018,30,POINT (-87.6814204479 41.9979837503),,,,,2018-04-24,False,0,Rogers Park
249,30,STOP SIGN/FLASHER,FUNCTIONING PROPERLY,CLEAR,DAYLIGHT,PEDALCYCLIST,ONE-WAY,STRAIGHT AND LEVEL,DRY,NO DEFECTS,Y,FAILING TO REDUCE SPEED TO AVOID CRASH,NOT APPLICABLE,,NONINCAPACITATING INJURY,7,4,41.8943479598,-87.6641314189,2018,30,POINT (-87.6641314189 41.8943479598),,,,,2018-04-25,False,23,West Town
250,30,STOP SIGN/FLASHER,FUNCTIONING PROPERLY,CLEAR,DAYLIGHT,PEDALCYCLIST,NOT DIVIDED,STRAIGHT AND LEVEL,DRY,NO DEFECTS,Y,FAILING TO YIELD RIGHT-OF-WAY,FAILING TO REDUCE SPEED TO AVOID CRASH,,NONINCAPACITATING INJURY,8,4,41.9388748276,-87.7516994069,2018,30,POINT (-87.7516994069 41.9388748276),,,,,2018-04-25,False,14,Portage Park
251,20,NO CONTROLS,NOT FUNCTIONING,CLEAR,"DARKNESS, LIGHTED ROAD",PEDALCYCLIST,NOT DIVIDED,STRAIGHT AND LEVEL,DRY,NO DEFECTS,,UNABLE TO DETERMINE,UNABLE TO DETERMINE,,NO INDICATION OF INJURY,20,4,41.749552724,-87.7086358131,2018,20,POINT (-87.7086358131 41.749552724),,,,,2018-04-25,False,69,Ashburn
252,30,TRAFFIC SIGNAL,FUNCTIONING PROPERLY,CLEAR,"DARKNESS, LIGHTED ROAD",PEDALCYCLIST,DIVIDED - W/MEDIAN BARRIER,STRAIGHT AND LEVEL,UNKNOWN,UNKNOWN,Y,UNABLE TO DETERMINE,FAILING TO YIELD RIGHT-OF-WAY,,INCAPACITATING INJURY,21,4,41.877258466,-87.7207561375,2018,30,POINT (-87.7207561375 41.877258466),,,,,2018-04-25,True,25,Garfield Park
253,30,UNKNOWN,UNKNOWN,CLEAR,"DARKNESS, LIGHTED ROAD",PEDALCYCLIST,NOT DIVIDED,STRAIGHT AND LEVEL,DRY,UNKNOWN,,UNABLE TO DETERMINE,NOT APPLICABLE,,INCAPACITATING INJURY,1,4,42.0031097415,-87.6999358946,2018,30,POINT (-87.6999358946 42.0031097415),,,,,2018-04-26,True,1,West Ridge
254,15,OTHER REG. SIGN,FUNCTIONING PROPERLY,CLEAR,DAYLIGHT,PEDALCYCLIST,ONE-WAY,STRAIGHT AND LEVEL,DRY,NO DEFECTS,Y,FAILING TO YIELD RIGHT-OF-WAY,FAILING TO YIELD RIGHT-OF-WAY,,NONINCAPACITATING INJURY,8,4,41.9062203154,-87.7206448442,2018,15,POINT (-87.7206448442 41.9062203154),,,,,2018-04-26,False,22,Humboldt Park
255,30,STOP SIGN/FLASHER,FUNCTIONING PROPERLY,CLEAR,DAYLIGHT,PEDALCYCLIST,ONE-WAY,STRAIGHT AND LEVEL,DRY,UNKNOWN,Y,FAILING TO YIELD RIGHT-OF-WAY,UNABLE TO DETERMINE,,"REPORTED, NOT EVIDENT",15,4,41.9525988277,-87.7997677344,2018,30,POINT (-87.7997677344 41.9525988277),,,,,2018-04-26,False,16,Dunning
256,30,NO CONTROLS,NO CONTROLS,CLEAR,DAYLIGHT,PEDALCYCLIST,OTHER,STRAIGHT AND LEVEL,DRY,NO DEFECTS,,NOT APPLICABLE,"VISION OBSCURED (SIGNS, TREE LIMBS, BUILDINGS, ETC.)",,NONINCAPACITATING INJURY,15,4,41.9098025033,-87.7407411547,2018,30,POINT (-87.7407411547 41.9098025033),,,,,2018-04-26,False,22,Humboldt Park
257,35,NO CONTROLS,NO CONTROLS,CLEAR,DAYLIGHT,PEDALCYCLIST,NOT DIVIDED,STRAIGHT AND LEVEL,DRY,NO DEFECTS,,FAILING TO YIELD RIGHT-OF-WAY,NOT APPLICABLE,Y,"REPORTED, NOT EVIDENT",15,4,41.8810163687,-87.7119477955,2018,35,POINT (-87.7119477955 41.8810163687),,,,,2018-04-26,False,26,Garfield Park