Unnamed: 0,POSTED_SPEED_LIMIT,TRAFFIC_CONTROL_DEVICE,DEVICE_CONDITION,WEATHER_CONDITION,LIGHTING_CONDITION,FIRST_CRASH_TYPE,TRAFFICWAY_TYPE,ALIGNMENT,ROADWAY_SURFACE_COND,ROAD_DEFECT,INTERSECTION_RELATED_I,PRIM_CONTRIBUTORY_CAUSE,SEC_CONTRIBUTORY_CAUSE,DOORING_I,MOST_SEVERE_INJURY,CRASH_HOUR,CRASH_MONTH,LATITUDE,LONGITUDE,CRASH_YEAR,SPEED_LIMIT,geometry,DISPLAYROU,the_geom,DIST,LANE_TYPE,CRASH_DATE,is_severe,index_right,CArea
258,30,NO CONTROLS,NO CONTROLS,CLEAR,DAYLIGHT,PEDALCYCLIST,NOT DIVIDED,STRAIGHT AND LEVEL,DRY,NO DEFECTS,,IMPROPER LANE USAGE,NOT APPLICABLE,Y,NONINCAPACITATING INJURY,15,4,41.8969423038,-87.617366219,2018,30,POINT (-87.617366219 41.8969423038),,,,,2018-04-26,False,7,Near North Side
259,30,NO CONTROLS,NO CONTROLS,CLEAR,DAYLIGHT,PEDALCYCLIST,NOT DIVIDED,STRAIGHT AND LEVEL,DRY,NO DEFECTS,,UNABLE TO DETERMINE,UNABLE TO DETERMINE,,NO INDICATION OF INJURY,16,4,41.9395520839,-87.6900243759,2018,30,POINT (-87.6900243759 41.9395520839),,,,,2018-04-26,False,4,North Center
260,30,NO CONTROLS,NO CONTROLS,CLEAR,DAYLIGHT,PEDALCYCLIST,NOT DIVIDED,STRAIGHT AND LEVEL,DRY,NO DEFECTS,,HAD BEEN DRINKING (USE WHEN ARREST IS NOT MADE),UNABLE TO DETERMINE,N,NO INDICATION OF INJURY,16,4,41.9038519804,-87.6415855925,2018,30,POINT (-87.6415855925 41.9038519804),,,,,2018-04-26,False,7,Near North Side
261,30,STOP SIGN/FLASHER,FUNCTIONING PROPERLY,CLEAR,DAYLIGHT,PEDALCYCLIST,ONE-WAY,STRAIGHT AND LEVEL,DRY,NO DEFECTS,Y,FAILING TO YIELD RIGHT-OF-WAY,FAILING TO YIELD RIGHT-OF-WAY,,NONINCAPACITATING INJURY,16,4,41.7989626638,-87.7001972226,2018,30,POINT (-87.7001972226 41.7989626638),,,,,2018-04-26,False,62,Gage Park
262,30,TRAFFIC SIGNAL,FUNCTIONING PROPERLY,CLEAR,DAYLIGHT,PEDALCYCLIST,NOT DIVIDED,STRAIGHT AND LEVEL,DRY,NO DEFECTS,,IMPROPER OVERTAKING/PASSING,NOT APPLICABLE,,NONINCAPACITATING INJURY,17,4,41.8832421627,-87.6410879286,2018,30,POINT (-87.6410879286 41.8832421627),,,,,2018-04-26,False,27,Near West Side
263,25,TRAFFIC SIGNAL,FUNCTIONING PROPERLY,CLEAR,"DARKNESS, LIGHTED ROAD",PEDALCYCLIST,NOT DIVIDED,STRAIGHT AND LEVEL,DRY,NO DEFECTS,,UNABLE TO DETERMINE,UNABLE TO DETERMINE,,NO INDICATION OF INJURY,20,4,42.0050990988,-87.6800533266,2018,25,POINT (-87.6800533266 42.0050990988),,,,,2018-04-26,False,0,Rogers Park
264,30,TRAFFIC SIGNAL,FUNCTIONING PROPERLY,CLEAR,DAYLIGHT,PEDALCYCLIST,DIVIDED - W/MEDIAN (NOT RAISED),STRAIGHT AND LEVEL,DRY,NO DEFECTS,,IMPROPER LANE USAGE,IMPROPER OVERTAKING/PASSING,Y,NO INDICATION OF INJURY,20,4,41.9094791228,-87.6345100975,2018,30,POINT (-87.6345100975 41.9094791228),,,,,2018-04-26,False,7,Near North Side
265,30,NO CONTROLS,NO CONTROLS,CLEAR,"DARKNESS, LIGHTED ROAD",PEDALCYCLIST,NOT DIVIDED,STRAIGHT AND LEVEL,DRY,NO DEFECTS,,DRIVING ON WRONG SIDE/WRONG WAY,NOT APPLICABLE,,NONINCAPACITATING INJURY,20,4,41.7533380744,-87.6439658062,2018,30,POINT (-87.6439658062 41.7533380744),,,,,2018-04-26,False,70,Auburn Gresham
266,35,OTHER,NO CONTROLS,CLEAR,DAYLIGHT,PEDALCYCLIST,NOT DIVIDED,STRAIGHT AND LEVEL,DRY,NO DEFECTS,,IMPROPER OVERTAKING/PASSING,IMPROPER LANE USAGE,,NO INDICATION OF INJURY,7,4,41.7064267396,-87.6731758875,2018,35,POINT (-87.6731758875 41.7064267396),,,,,2018-04-27,False,71,Beverly
267,25,STOP SIGN/FLASHER,FUNCTIONING PROPERLY,CLEAR,DAYLIGHT,PEDALCYCLIST,NOT DIVIDED,STRAIGHT AND LEVEL,DRY,NO DEFECTS,,DRIVING ON WRONG SIDE/WRONG WAY,DRIVING SKILLS/KNOWLEDGE/EXPERIENCE,,NONINCAPACITATING INJURY,12,4,41.9525994633,-87.6543411895,2018,25,POINT (-87.6543411895 41.9525994633),,,,,2018-04-27,False,5,Lake View
268,30,STOP SIGN/FLASHER,FUNCTIONING PROPERLY,CLEAR,DAYLIGHT,PEDALCYCLIST,NOT DIVIDED,STRAIGHT AND LEVEL,DRY,NO DEFECTS,Y,DISREGARDING STOP SIGN,DRIVING SKILLS/KNOWLEDGE/EXPERIENCE,,NONINCAPACITATING INJURY,11,4,41.931230229,-87.7773220986,2018,30,POINT (-87.7773220986 41.931230229),,,,,2018-04-28,False,18,Belmont Cragin
269,30,NO CONTROLS,NO CONTROLS,CLEAR,DAYLIGHT,PEDALCYCLIST,NOT DIVIDED,STRAIGHT AND LEVEL,DRY,UNKNOWN,,DRIVING ON WRONG SIDE/WRONG WAY,UNABLE TO DETERMINE,,NONINCAPACITATING INJURY,11,4,41.9468203154,-87.6941781664,2018,30,POINT (-87.6941781664 41.9468203154),,,,,2018-04-28,False,4,North Center
270,30,TRAFFIC SIGNAL,FUNCTIONING PROPERLY,CLEAR,DAYLIGHT,PEDALCYCLIST,NOT DIVIDED,STRAIGHT AND LEVEL,DRY,NO DEFECTS,Y,IMPROPER LANE USAGE,NOT APPLICABLE,,NONINCAPACITATING INJURY,15,4,41.9171123812,-87.7217236671,2018,30,POINT (-87.7217236671 41.9171123812),,,,,2018-04-28,False,21,Logan Square
271,30,NO CONTROLS,NO CONTROLS,CLEAR,DAYLIGHT,PEDALCYCLIST,DIVIDED - W/MEDIAN (NOT RAISED),STRAIGHT AND LEVEL,DRY,NO DEFECTS,Y,UNABLE TO DETERMINE,UNABLE TO DETERMINE,,"REPORTED, NOT EVIDENT",14,4,41.8918455097,-87.6488178364,2018,30,POINT (-87.6488178364 41.8918455097),,,,,2018-04-29,False,7,Near North Side
272,30,STOP SIGN/FLASHER,FUNCTIONING PROPERLY,CLEAR,DAYLIGHT,PEDALCYCLIST,DIVIDED - W/MEDIAN (NOT RAISED),STRAIGHT AND LEVEL,DRY,NO DEFECTS,Y,FAILING TO YIELD RIGHT-OF-WAY,NOT APPLICABLE,,NONINCAPACITATING INJURY,16,4,41.9692821424,-87.6496751394,2018,30,POINT (-87.6496751394 41.9692821424),,,,,2018-04-29,False,2,Uptown
273,30,NO CONTROLS,NO CONTROLS,CLEAR,DAYLIGHT,PEDALCYCLIST,OTHER,STRAIGHT AND LEVEL,DRY,NO DEFECTS,,FAILING TO YIELD RIGHT-OF-WAY,FAILING TO YIELD RIGHT-OF-WAY,,NONINCAPACITATING INJURY,7,4,41.8800485962,-87.6295077539,2018,30,POINT (-87.6295077539 41.8800485962),,,,,2018-04-30,False,31,Loop
274,25,STOP SIGN/FLASHER,FUNCTIONING PROPERLY,CLEAR,DAYLIGHT,PEDALCYCLIST,NOT DIVIDED,STRAIGHT AND LEVEL,DRY,NO DEFECTS,Y,DISREGARDING STOP SIGN,FAILING TO REDUCE SPEED TO AVOID CRASH,,NONINCAPACITATING INJURY,7,4,41.8919577845,-87.7090344414,2018,25,POINT (-87.7090344414 41.8919577845),,,,,2018-04-30,False,22,Humboldt Park
275,5,NO CONTROLS,NO CONTROLS,CLEAR,DAYLIGHT,PEDALCYCLIST,ALLEY,STRAIGHT AND LEVEL,DRY,NO DEFECTS,,DISTRACTION - FROM OUTSIDE VEHICLE,DISTRACTION - FROM OUTSIDE VEHICLE,,"REPORTED, NOT EVIDENT",18,4,41.9366640465,-87.7209796556,2018,5,POINT (-87.7209796556 41.9366640465),,,,,2018-04-30,False,20,Avondale
276,15,NO CONTROLS,NO CONTROLS,CLEAR,"DARKNESS, LIGHTED ROAD",PEDALCYCLIST,NOT DIVIDED,STRAIGHT ON GRADE,DRY,NO DEFECTS,,FAILING TO YIELD RIGHT-OF-WAY,UNABLE TO DETERMINE,,NO INDICATION OF INJURY,19,4,41.9722522931,-87.7024714389,2018,15,POINT (-87.7024714389 41.9722522931),,,,,2018-04-30,False,3,Lincoln Square
277,30,TRAFFIC SIGNAL,FUNCTIONING PROPERLY,CLEAR,DUSK,PEDALCYCLIST,NOT DIVIDED,STRAIGHT AND LEVEL,DRY,NO DEFECTS,Y,IMPROPER LANE USAGE,NOT APPLICABLE,,NO INDICATION OF INJURY,19,4,41.9107233232,-87.6675469592,2018,30,POINT (-87.6675469592 41.9107233232),,,,,2018-04-30,False,23,West Town
278,30,STOP SIGN/FLASHER,NO CONTROLS,CLEAR,DARKNESS,PEDALCYCLIST,NOT DIVIDED,STRAIGHT AND LEVEL,DRY,UNKNOWN,Y,UNABLE TO DETERMINE,NOT APPLICABLE,,NONINCAPACITATING INJURY,20,4,41.7767713721,-87.5961787369,2018,30,POINT (-87.5961787369 41.7767713721),,,,,2018-04-30,False,41,Woodlawn
279,30,NO CONTROLS,NO CONTROLS,CLEAR,"DARKNESS, LIGHTED ROAD",PEDALCYCLIST,NOT DIVIDED,STRAIGHT AND LEVEL,DRY,NO DEFECTS,,UNABLE TO DETERMINE,UNABLE TO DETERMINE,Y,NONINCAPACITATING INJURY,20,4,41.9490108833,-87.6581428748,2018,30,POINT (-87.6581428748 41.9490108833),,,,,2018-04-30,False,5,Lake View
280,30,NO CONTROLS,NO CONTROLS,CLEAR,DAYLIGHT,PEDALCYCLIST,DRIVEWAY,STRAIGHT AND LEVEL,DRY,NO DEFECTS,,UNABLE TO DETERMINE,UNABLE TO DETERMINE,,NO INDICATION OF INJURY,8,5,41.9531591487,-87.7597294536,2018,30,POINT (-87.7597294536 41.9531591487),,,,,2018-05-01,False,14,Portage Park
281,30,TRAFFIC SIGNAL,FUNCTIONING PROPERLY,CLEAR,DAYLIGHT,PEDALCYCLIST,NOT DIVIDED,STRAIGHT AND LEVEL,DRY,NO DEFECTS,Y,DISREGARDING TRAFFIC SIGNALS,NOT APPLICABLE,,NONINCAPACITATING INJURY,9,5,41.8914347738,-87.6371067774,2018,30,POINT (-87.6371067774 41.8914347738),,,,,2018-05-01,False,7,Near North Side
282,30,NO CONTROLS,NO CONTROLS,CLEAR,DAYLIGHT,PEDALCYCLIST,NOT DIVIDED,STRAIGHT AND LEVEL,DRY,NO DEFECTS,,UNABLE TO DETERMINE,UNABLE TO DETERMINE,,NONINCAPACITATING INJURY,12,5,41.8594356046,-87.688955499,2018,30,POINT (-87.688955499 41.8594356046),,,,,2018-05-01,False,27,Near West Side
283,30,TRAFFIC SIGNAL,FUNCTIONING PROPERLY,CLEAR,DAYLIGHT,PEDALCYCLIST,NOT DIVIDED,STRAIGHT AND LEVEL,DRY,NO DEFECTS,Y,FAILING TO YIELD RIGHT-OF-WAY,IMPROPER OVERTAKING/PASSING,,NO INDICATION OF INJURY,12,5,41.9039104825,-87.6343324325,2018,30,POINT (-87.6343324325 41.9039104825),,,,,2018-05-01,False,7,Near North Side
284,25,LANE USE MARKING,FUNCTIONING PROPERLY,CLEAR,DAYLIGHT,PEDALCYCLIST,DIVIDED - W/MEDIAN (NOT RAISED),STRAIGHT AND LEVEL,DRY,NO DEFECTS,,UNABLE TO DETERMINE,UNABLE TO DETERMINE,,NONINCAPACITATING INJURY,13,5,41.9054183677,-87.6771760756,2018,25,POINT (-87.6771760756 41.9054183677),,,,,2018-05-01,False,23,West Town
285,10,NO CONTROLS,NO CONTROLS,CLEAR,DAYLIGHT,PEDALCYCLIST,ALLEY,STRAIGHT AND LEVEL,DRY,NO DEFECTS,,UNABLE TO DETERMINE,NOT APPLICABLE,,NO INDICATION OF INJURY,15,5,41.9566946905,-87.7706383461,2018,10,POINT (-87.7706383461 41.9566946905),,,,,2018-05-01,False,14,Portage Park
286,30,NO CONTROLS,NO CONTROLS,CLEAR,DAYLIGHT,PEDALCYCLIST,NOT DIVIDED,STRAIGHT AND LEVEL,DRY,NO DEFECTS,,UNABLE TO DETERMINE,UNABLE TO DETERMINE,Y,NONINCAPACITATING INJURY,15,5,41.9315673779,-87.7521639722,2018,30,POINT (-87.7521639722 41.9315673779),,,,,2018-05-01,False,18,Belmont Cragin
287,30,NO CONTROLS,NO CONTROLS,CLEAR,DAYLIGHT,PEDALCYCLIST,DIVIDED - W/MEDIAN (NOT RAISED),STRAIGHT AND LEVEL,DRY,UNKNOWN,Y,FAILING TO YIELD RIGHT-OF-WAY,UNABLE TO DETERMINE,,INCAPACITATING INJURY,15,5,41.9091902672,-87.7719413908,2018,30,POINT (-87.7719413908 41.9091902672),,,,,2018-05-01,True,24,Austin
288,30,TRAFFIC SIGNAL,FUNCTIONING PROPERLY,CLEAR,DAYLIGHT,PEDALCYCLIST,NOT DIVIDED,STRAIGHT AND LEVEL,DRY,NO DEFECTS,Y,DISREGARDING TRAFFIC SIGNALS,FAILING TO YIELD RIGHT-OF-WAY,,INCAPACITATING INJURY,17,5,41.7805778413,-87.6010394471,2018,30,POINT (-87.6010394471 41.7805778413),,,,,2018-05-01,True,41,Woodlawn
289,30,STOP SIGN/FLASHER,FUNCTIONING PROPERLY,CLEAR,DAYLIGHT,PEDALCYCLIST,DIVIDED - W/MEDIAN (NOT RAISED),STRAIGHT AND LEVEL,DRY,NO DEFECTS,Y,FAILING TO YIELD RIGHT-OF-WAY,FAILING TO REDUCE SPEED TO AVOID CRASH,,NONINCAPACITATING INJURY,9,5,41.8975666986,-87.6576882384,2018,30,POINT (-87.6576882384 41.8975666986),,,,,2018-05-02,False,7,Near North Side
290,30,TRAFFIC SIGNAL,FUNCTIONING PROPERLY,CLEAR,DAYLIGHT,PEDALCYCLIST,NOT DIVIDED,STRAIGHT AND LEVEL,DRY,NO DEFECTS,,FAILING TO YIELD RIGHT-OF-WAY,BICYCLE ADVANCING LEGALLY ON RED LIGHT,,NONINCAPACITATING INJURY,15,5,41.8095347808,-87.5924502234,2018,30,POINT (-87.5924502234 41.8095347808),,,,,2018-05-02,False,38,Kenwood
291,30,TRAFFIC SIGNAL,FUNCTIONING PROPERLY,CLEAR,DAYLIGHT,PEDALCYCLIST,NOT DIVIDED,STRAIGHT AND LEVEL,DRY,NO DEFECTS,Y,DISTRACTION - FROM OUTSIDE VEHICLE,NOT APPLICABLE,,NONINCAPACITATING INJURY,17,5,41.8948150954,-87.6298717626,2018,30,POINT (-87.6298717626 41.8948150954),,,,,2018-05-02,False,7,Near North Side
292,30,UNKNOWN,UNKNOWN,UNKNOWN,UNKNOWN,PEDALCYCLIST,OTHER,STRAIGHT AND LEVEL,UNKNOWN,UNKNOWN,,UNABLE TO DETERMINE,NOT APPLICABLE,Y,NO INDICATION OF INJURY,18,5,41.7358218831,-87.6376761835,2018,30,POINT (-87.6376761835 41.7358218831),,,,,2018-05-02,False,43,Chatham
293,20,NO CONTROLS,NO CONTROLS,CLEAR,DAYLIGHT,PEDALCYCLIST,NOT DIVIDED,STRAIGHT AND LEVEL,DRY,NO DEFECTS,,FAILING TO YIELD RIGHT-OF-WAY,NOT APPLICABLE,,NO INDICATION OF INJURY,18,5,41.8843465067,-87.6682707157,2018,20,POINT (-87.6682707157 41.8843465067),,,,,2018-05-02,False,27,Near West Side
294,30,NO CONTROLS,UNKNOWN,CLEAR,DAYLIGHT,PEDALCYCLIST,DIVIDED - W/MEDIAN (NOT RAISED),STRAIGHT AND LEVEL,DRY,NO DEFECTS,,FAILING TO YIELD RIGHT-OF-WAY,NOT APPLICABLE,,INCAPACITATING INJURY,9,5,41.903536788,-87.661859583,2018,30,POINT (-87.661859583 41.903536788),,,,,2018-05-03,True,23,West Town
295,30,TRAFFIC SIGNAL,UNKNOWN,CLOUDY/OVERCAST,DAYLIGHT,PEDALCYCLIST,NOT DIVIDED,STRAIGHT AND LEVEL,WET,NO DEFECTS,Y,DRIVING SKILLS/KNOWLEDGE/EXPERIENCE,NOT APPLICABLE,,NONINCAPACITATING INJURY,9,5,41.883261677,-87.6371946643,2018,30,POINT (-87.6371946643 41.883261677),,,,,2018-05-03,False,27,Near West Side
296,30,NO CONTROLS,NO CONTROLS,CLEAR,DAYLIGHT,PEDALCYCLIST,NOT DIVIDED,STRAIGHT AND LEVEL,WET,NO DEFECTS,,UNABLE TO DETERMINE,UNABLE TO DETERMINE,Y,NONINCAPACITATING INJURY,12,5,41.9102590372,-87.6840436657,2018,30,POINT (-87.6840436657 41.9102590372),,,,,2018-05-03,False,23,West Town
297,30,NO CONTROLS,NO CONTROLS,CLEAR,DAYLIGHT,PEDALCYCLIST,NOT DIVIDED,STRAIGHT AND LEVEL,DRY,NO DEFECTS,,IMPROPER LANE USAGE,EXCEEDING SAFE SPEED FOR CONDITIONS,,INCAPACITATING INJURY,17,5,41.9459395897,-87.7711311564,2018,30,POINT (-87.7711311564 41.9459395897),,,,,2018-05-03,True,14,Portage Park
298,10,NO CONTROLS,NO CONTROLS,CLEAR,DAYLIGHT,PEDALCYCLIST,PARKING LOT,STRAIGHT AND LEVEL,OTHER,NO DEFECTS,,HAD BEEN DRINKING (USE WHEN ARREST IS NOT MADE),NOT APPLICABLE,,NONINCAPACITATING INJURY,15,5,41.9173585451,-87.6993410687,2018,10,POINT (-87.6993410687 41.9173585451),,,,,2018-05-04,False,21,Logan Square
299,30,NO CONTROLS,NO CONTROLS,CLEAR,DAYLIGHT,PEDALCYCLIST,NOT DIVIDED,STRAIGHT AND LEVEL,DRY,NO DEFECTS,,FAILING TO YIELD RIGHT-OF-WAY,NOT APPLICABLE,,NONINCAPACITATING INJURY,16,5,41.9009204263,-87.6315072179,2018,30,POINT (-87.6315072179 41.9009204263),,,,,2018-05-04,False,7,Near North Side
300,30,NO CONTROLS,NO CONTROLS,CLEAR,DAYLIGHT,PEDALCYCLIST,NOT DIVIDED,STRAIGHT AND LEVEL,DRY,UNKNOWN,,UNABLE TO DETERMINE,UNABLE TO DETERMINE,,INCAPACITATING INJURY,18,5,41.923148128,-87.6979742665,2018,30,POINT (-87.6979742665 41.923148128),,,,,2018-05-04,True,21,Logan Square
301,30,NO CONTROLS,NO CONTROLS,CLEAR,DAYLIGHT,PEDALCYCLIST,DIVIDED - W/MEDIAN (NOT RAISED),STRAIGHT AND LEVEL,DRY,NO DEFECTS,Y,DISTRACTION - FROM OUTSIDE VEHICLE,UNABLE TO DETERMINE,,NONINCAPACITATING INJURY,19,5,41.8001075354,-87.7344682735,2018,30,POINT (-87.7344682735 41.8001075354),,,,,2018-05-04,False,56,Archer Heights
302,30,TRAFFIC SIGNAL,FUNCTIONING PROPERLY,CLEAR,"DARKNESS, LIGHTED ROAD",PEDALCYCLIST,OTHER,STRAIGHT AND LEVEL,DRY,NO DEFECTS,Y,FAILING TO REDUCE SPEED TO AVOID CRASH,NOT APPLICABLE,,NONINCAPACITATING INJURY,20,5,41.9105884215,-87.6776438203,2018,30,POINT (-87.6776438203 41.9105884215),,,,,2018-05-04,False,23,West Town
303,35,TRAFFIC SIGNAL,FUNCTIONING PROPERLY,CLEAR,"DARKNESS, LIGHTED ROAD",PEDALCYCLIST,OTHER,STRAIGHT AND LEVEL,DRY,NO DEFECTS,Y,FAILING TO YIELD RIGHT-OF-WAY,FAILING TO REDUCE SPEED TO AVOID CRASH,Y,INCAPACITATING INJURY,22,5,41.9462758775,-87.7439209778,2018,35,POINT (-87.7439209778 41.9462758775),,,,,2018-05-04,True,14,Portage Park
304,30,NO CONTROLS,NO CONTROLS,CLEAR,DAYLIGHT,PEDALCYCLIST,NOT DIVIDED,STRAIGHT AND LEVEL,DRY,NO DEFECTS,,UNABLE TO DETERMINE,UNABLE TO DETERMINE,,"REPORTED, NOT EVIDENT",14,5,41.9679134551,-87.7480487734,2018,30,POINT (-87.7480487734 41.9679134551),,,,,2018-05-05,False,14,Portage Park
305,30,UNKNOWN,UNKNOWN,CLEAR,DAYLIGHT,PEDALCYCLIST,UNKNOWN,STRAIGHT AND LEVEL,DRY,UNKNOWN,,UNABLE TO DETERMINE,UNABLE TO DETERMINE,,NO INDICATION OF INJURY,14,5,41.9980983595,-87.6752533739,2018,30,POINT (-87.6752533739 41.9980983595),,,,,2018-05-05,False,0,Rogers Park
306,20,NO CONTROLS,NO CONTROLS,CLEAR,DAYLIGHT,PEDALCYCLIST,OTHER,STRAIGHT AND LEVEL,DRY,NO DEFECTS,,UNABLE TO DETERMINE,UNABLE TO DETERMINE,,NONINCAPACITATING INJURY,15,5,41.8664395745,-87.6214988799,2018,20,POINT (-87.6214988799 41.8664395745),,,,,2018-05-05,False,32,Near South Side
307,30,STOP SIGN/FLASHER,FUNCTIONING PROPERLY,CLEAR,DAYLIGHT,PEDALCYCLIST,NOT DIVIDED,STRAIGHT AND LEVEL,DRY,NO DEFECTS,,FAILING TO YIELD RIGHT-OF-WAY,UNABLE TO DETERMINE,,NONINCAPACITATING INJURY,16,5,41.6953486726,-87.5324464606,2018,30,POINT (-87.5324464606 41.6953486726),,,,,2018-05-05,False,51,East Side
308,30,NO CONTROLS,NO CONTROLS,CLEAR,DAYLIGHT,PEDALCYCLIST,NOT DIVIDED,STRAIGHT AND LEVEL,UNKNOWN,UNKNOWN,,UNABLE TO DETERMINE,NOT APPLICABLE,,NO INDICATION OF INJURY,16,5,41.8288723617,-87.6418366361,2018,30,POINT (-87.6418366361 41.8288723617),,,,,2018-05-05,False,33,Armour Square
309,30,TRAFFIC SIGNAL,FUNCTIONING PROPERLY,CLEAR,DAWN,PEDALCYCLIST,DIVIDED - W/MEDIAN (NOT RAISED),STRAIGHT AND LEVEL,DRY,NO DEFECTS,Y,FAILING TO REDUCE SPEED TO AVOID CRASH,FAILING TO YIELD RIGHT-OF-WAY,,NONINCAPACITATING INJURY,17,5,41.8648317102,-87.6861606727,2018,30,POINT (-87.6861606727 41.8648317102),,,,,2018-05-05,False,27,Near West Side
310,20,NO CONTROLS,NO CONTROLS,CLEAR,DAYLIGHT,PEDALCYCLIST,ONE-WAY,STRAIGHT AND LEVEL,DRY,NO DEFECTS,,UNABLE TO DETERMINE,NOT APPLICABLE,,NO INDICATION OF INJURY,19,5,41.9108756627,-87.6989556873,2018,20,POINT (-87.6989556873 41.9108756627),,,,,2018-05-05,False,22,Humboldt Park
311,30,NO CONTROLS,NO CONTROLS,CLEAR,DAYLIGHT,PEDALCYCLIST,NOT DIVIDED,STRAIGHT AND LEVEL,DRY,NO DEFECTS,,UNABLE TO DETERMINE,UNABLE TO DETERMINE,Y,NONINCAPACITATING INJURY,19,5,41.9760527706,-87.670268321,2018,30,POINT (-87.670268321 41.9760527706),,,,,2018-05-05,False,2,Uptown
312,30,TRAFFIC SIGNAL,FUNCTIONING PROPERLY,CLEAR,"DARKNESS, LIGHTED ROAD",PEDALCYCLIST,NOT DIVIDED,STRAIGHT AND LEVEL,DRY,NO DEFECTS,Y,DRIVING SKILLS/KNOWLEDGE/EXPERIENCE,NOT APPLICABLE,,INCAPACITATING INJURY,20,5,41.8917247239,-87.6268665987,2018,30,POINT (-87.6268665987 41.8917247239),,,,,2018-05-05,True,7,Near North Side
313,30,NO CONTROLS,NO CONTROLS,CLEAR,DARKNESS,PEDALCYCLIST,ONE-WAY,STRAIGHT AND LEVEL,DRY,NO DEFECTS,Y,NOT APPLICABLE,NOT APPLICABLE,Y,NONINCAPACITATING INJURY,21,5,41.9247124142,-87.7170573515,2018,30,POINT (-87.7170573515 41.9247124142),,,,,2018-05-05,False,21,Logan Square
314,30,NO CONTROLS,NO CONTROLS,CLEAR,"DARKNESS, LIGHTED ROAD",PEDALCYCLIST,NOT DIVIDED,STRAIGHT AND LEVEL,DRY,NO DEFECTS,,UNABLE TO DETERMINE,UNABLE TO DETERMINE,Y,NO INDICATION OF INJURY,23,5,41.9435057076,-87.6495188387,2018,30,POINT (-87.6495188387 41.9435057076),,,,,2018-05-05,False,5,Lake View
315,30,NO CONTROLS,NO CONTROLS,CLEAR,DAYLIGHT,PEDALCYCLIST,ONE-WAY,STRAIGHT AND LEVEL,DRY,NO DEFECTS,,NOT APPLICABLE,NOT APPLICABLE,,NONINCAPACITATING INJURY,13,5,41.7930440226,-87.7306575611,2018,30,POINT (-87.7306575611 41.7930440226),,,,,2018-05-06,False,61,West Elsdon
316,30,NO CONTROLS,NO CONTROLS,CLEAR,DAYLIGHT,PEDALCYCLIST,NOT DIVIDED,STRAIGHT AND LEVEL,DRY,NO DEFECTS,,FAILING TO YIELD RIGHT-OF-WAY,NOT APPLICABLE,,NONINCAPACITATING INJURY,15,5,41.9534839971,-87.6496819304,2018,30,POINT (-87.6496819304 41.9534839971),,,,,2018-05-06,False,5,Lake View
317,30,NO CONTROLS,NO CONTROLS,CLEAR,DAYLIGHT,PEDALCYCLIST,NOT DIVIDED,STRAIGHT AND LEVEL,DRY,"RUT, HOLES",,UNABLE TO DETERMINE,UNABLE TO DETERMINE,Y,INCAPACITATING INJURY,7,5,41.9171193824,-87.7212875487,2018,30,POINT (-87.7212875487 41.9171193824),,,,,2018-05-07,True,21,Logan Square
318,35,UNKNOWN,UNKNOWN,CLEAR,DAYLIGHT,PEDALCYCLIST,NOT DIVIDED,STRAIGHT AND LEVEL,UNKNOWN,UNKNOWN,,UNABLE TO DETERMINE,UNABLE TO DETERMINE,N,NO INDICATION OF INJURY,13,5,41.7523634055,-87.6442348064,2018,35,POINT (-87.6442348064 41.7523634055),,,,,2018-05-07,False,70,Auburn Gresham
319,30,TRAFFIC SIGNAL,FUNCTIONING PROPERLY,CLEAR,DAYLIGHT,PEDALCYCLIST,DIVIDED - W/MEDIAN (NOT RAISED),STRAIGHT AND LEVEL,DRY,NO DEFECTS,,UNABLE TO DETERMINE,NOT APPLICABLE,,"REPORTED, NOT EVIDENT",14,5,42.0126112382,-87.6823979852,2018,30,POINT (-87.6823979852 42.0126112382),,,,,2018-05-07,False,0,Rogers Park
320,0,STOP SIGN/FLASHER,FUNCTIONING PROPERLY,CLEAR,DAYLIGHT,PEDALCYCLIST,NOT DIVIDED,STRAIGHT AND LEVEL,UNKNOWN,UNKNOWN,Y,UNABLE TO DETERMINE,NOT APPLICABLE,,NO INDICATION OF INJURY,17,5,41.853400563,-87.6708297563,2018,0,POINT (-87.6708297563 41.853400563),,,,,2018-05-07,False,30,Lower West Side
321,30,NO CONTROLS,NO CONTROLS,CLEAR,DAYLIGHT,PEDALCYCLIST,NOT DIVIDED,STRAIGHT AND LEVEL,DRY,NO DEFECTS,,FAILING TO YIELD RIGHT-OF-WAY,NOT APPLICABLE,,INCAPACITATING INJURY,18,5,41.8588887241,-87.6614677998,2018,30,POINT (-87.6614677998 41.8588887241),,,,,2018-05-07,True,27,Near West Side
322,30,TRAFFIC SIGNAL,FUNCTIONING PROPERLY,CLEAR,DAYLIGHT,PEDALCYCLIST,NOT DIVIDED,STRAIGHT AND LEVEL,DRY,NO DEFECTS,,FAILING TO YIELD RIGHT-OF-WAY,NOT APPLICABLE,,NO INDICATION OF INJURY,19,5,41.975976788,-87.6924342762,2018,30,POINT (-87.6924342762 41.975976788),,,,,2018-05-07,False,3,Lincoln Square