Unnamed: 0,POSTED_SPEED_LIMIT,TRAFFIC_CONTROL_DEVICE,DEVICE_CONDITION,WEATHER_CONDITION,LIGHTING_CONDITION,FIRST_CRASH_TYPE,TRAFFICWAY_TYPE,ALIGNMENT,ROADWAY_SURFACE_COND,ROAD_DEFECT,INTERSECTION_RELATED_I,PRIM_CONTRIBUTORY_CAUSE,SEC_CONTRIBUTORY_CAUSE,DOORING_I,MOST_SEVERE_INJURY,CRASH_HOUR,CRASH_MONTH,LATITUDE,LONGITUDE,CRASH_YEAR,SPEED_LIMIT,geometry,DISPLAYROU,the_geom,DIST,LANE_TYPE,CRASH_DATE,is_severe,index_right,CArea
323,30,NO CONTROLS,NO CONTROLS,CLEAR,DARKNESS,PEDALCYCLIST,NOT DIVIDED,STRAIGHT AND LEVEL,DRY,NO DEFECTS,,IMPROPER LANE USAGE,IMPROPER LANE USAGE,,NO INDICATION OF INJURY,20,5,41.9767046284,-87.679570473,2018,30,POINT (-87.679570473 41.9767046284),,,,,2018-05-07,False,3,Lincoln Square
324,30,NO CONTROLS,NO CONTROLS,CLEAR,"DARKNESS, LIGHTED ROAD",PEDALCYCLIST,DIVIDED - W/MEDIAN (NOT RAISED),STRAIGHT AND LEVEL,DRY,NO DEFECTS,,UNABLE TO DETERMINE,NOT APPLICABLE,N,INCAPACITATING INJURY,22,5,41.9290595244,-87.785579651,2018,30,POINT (-87.785579651 41.9290595244),,,,,2018-05-07,True,18,Belmont Cragin
325,30,TRAFFIC SIGNAL,FUNCTIONING PROPERLY,CLEAR,"DARKNESS, LIGHTED ROAD",PEDALCYCLIST,NOT DIVIDED,STRAIGHT AND LEVEL,DRY,NO DEFECTS,Y,DISREGARDING TRAFFIC SIGNALS,FAILING TO YIELD RIGHT-OF-WAY,,NO INDICATION OF INJURY,22,5,41.9583453293,-87.6525656177,2018,30,POINT (-87.6525656177 41.9583453293),,,,,2018-05-07,False,2,Uptown
326,30,TRAFFIC SIGNAL,FUNCTIONING PROPERLY,CLEAR,"DARKNESS, LIGHTED ROAD",PEDALCYCLIST,DIVIDED - W/MEDIAN (NOT RAISED),STRAIGHT AND LEVEL,DRY,NO DEFECTS,,"OPERATING VEHICLE IN ERRATIC, RECKLESS, CARELESS, NEGLIGENT OR AGGRESSIVE MANNER",UNABLE TO DETERMINE,,NONINCAPACITATING INJURY,23,5,41.8880794261,-87.6240473698,2018,30,POINT (-87.6240473698 41.8880794261),,,,,2018-05-07,False,7,Near North Side
327,30,NO CONTROLS,NO CONTROLS,CLEAR,DAYLIGHT,PEDALCYCLIST,NOT DIVIDED,STRAIGHT AND LEVEL,DRY,NO DEFECTS,,UNABLE TO DETERMINE,UNABLE TO DETERMINE,,NO INDICATION OF INJURY,14,5,41.891654251,-87.6371133308,2018,30,POINT (-87.6371133308 41.891654251),,,,,2018-05-08,False,7,Near North Side
328,30,NO CONTROLS,NO CONTROLS,CLEAR,DAYLIGHT,PEDALCYCLIST,DIVIDED - W/MEDIAN (NOT RAISED),STRAIGHT AND LEVEL,DRY,NO DEFECTS,,UNABLE TO DETERMINE,NOT APPLICABLE,,NO INDICATION OF INJURY,14,5,41.8695377867,-87.6560076488,2018,30,POINT (-87.6560076488 41.8695377867),,,,,2018-05-08,False,27,Near West Side
329,35,UNKNOWN,UNKNOWN,CLEAR,DAYLIGHT,PEDALCYCLIST,NOT DIVIDED,STRAIGHT AND LEVEL,DRY,UNKNOWN,,IMPROPER TURNING/NO SIGNAL,NOT APPLICABLE,,NONINCAPACITATING INJURY,15,5,41.7717291746,-87.6933499222,2018,35,POINT (-87.6933499222 41.7717291746),,,,,2018-05-08,False,65,Chicago Lawn
330,30,TRAFFIC SIGNAL,FUNCTIONING PROPERLY,CLEAR,DAYLIGHT,PEDALCYCLIST,NOT DIVIDED,STRAIGHT AND LEVEL,DRY,NO DEFECTS,Y,UNABLE TO DETERMINE,NOT APPLICABLE,,NONINCAPACITATING INJURY,16,5,41.886778191,-87.6441289217,2018,30,POINT (-87.6441289217 41.886778191),,,,,2018-05-08,False,7,Near North Side
331,30,STOP SIGN/FLASHER,FUNCTIONING PROPERLY,CLEAR,DAYLIGHT,PEDALCYCLIST,NOT DIVIDED,STRAIGHT AND LEVEL,DRY,NO DEFECTS,Y,FAILING TO YIELD RIGHT-OF-WAY,"OPERATING VEHICLE IN ERRATIC, RECKLESS, CARELESS, NEGLIGENT OR AGGRESSIVE MANNER",,NO INDICATION OF INJURY,16,5,41.8768003827,-87.6329621945,2018,30,POINT (-87.6329621945 41.8768003827),,,,,2018-05-08,False,31,Loop
332,15,STOP SIGN/FLASHER,FUNCTIONING PROPERLY,CLEAR,DAYLIGHT,PEDALCYCLIST,NOT DIVIDED,STRAIGHT AND LEVEL,DRY,UNKNOWN,Y,FAILING TO YIELD RIGHT-OF-WAY,DISREGARDING ROAD MARKINGS,,NO INDICATION OF INJURY,16,5,41.9489785324,-87.6427820906,2018,15,POINT (-87.6427820906 41.9489785324),,,,,2018-05-08,False,5,Lake View
333,30,NO CONTROLS,NO CONTROLS,CLEAR,DAYLIGHT,PEDALCYCLIST,NOT DIVIDED,STRAIGHT AND LEVEL,DRY,NO DEFECTS,,IMPROPER OVERTAKING/PASSING,"OPERATING VEHICLE IN ERRATIC, RECKLESS, CARELESS, NEGLIGENT OR AGGRESSIVE MANNER",,NO INDICATION OF INJURY,17,5,41.897702581,-87.6234619563,2018,30,POINT (-87.6234619563 41.897702581),,,,,2018-05-08,False,7,Near North Side
334,30,NO CONTROLS,NO CONTROLS,CLEAR,DAYLIGHT,PEDALCYCLIST,NOT DIVIDED,STRAIGHT AND LEVEL,DRY,NO DEFECTS,,UNABLE TO DETERMINE,HAD BEEN DRINKING (USE WHEN ARREST IS NOT MADE),,NONINCAPACITATING INJURY,17,5,41.9446094806,-87.6640970267,2018,30,POINT (-87.6640970267 41.9446094806),,,,,2018-05-08,False,5,Lake View
335,30,NO CONTROLS,NO CONTROLS,CLEAR,DAYLIGHT,PEDALCYCLIST,DIVIDED - W/MEDIAN (NOT RAISED),STRAIGHT AND LEVEL,DRY,NO DEFECTS,,"VISION OBSCURED (SIGNS, TREE LIMBS, BUILDINGS, ETC.)",UNABLE TO DETERMINE,Y,NONINCAPACITATING INJURY,18,5,41.8961052155,-87.67203201,2018,30,POINT (-87.67203201 41.8961052155),,,,,2018-05-08,False,23,West Town
336,25,STOP SIGN/FLASHER,UNKNOWN,CLEAR,"DARKNESS, LIGHTED ROAD",PEDALCYCLIST,DIVIDED - W/MEDIAN (NOT RAISED),STRAIGHT AND LEVEL,DRY,UNKNOWN,Y,DRIVING ON WRONG SIDE/WRONG WAY,UNABLE TO DETERMINE,,INCAPACITATING INJURY,20,5,41.8898069192,-87.7233366298,2018,25,POINT (-87.7233366298 41.8898069192),,,,,2018-05-08,True,22,Humboldt Park
337,35,NO CONTROLS,NO CONTROLS,CLEAR,"DARKNESS, LIGHTED ROAD",PEDALCYCLIST,NOT DIVIDED,STRAIGHT AND LEVEL,DRY,NO DEFECTS,,UNABLE TO DETERMINE,UNABLE TO DETERMINE,Y,NO INDICATION OF INJURY,22,5,41.9469203963,-87.6825931412,2018,35,POINT (-87.6825931412 41.9469203963),,,,,2018-05-08,False,4,North Center
338,30,NO CONTROLS,NO CONTROLS,CLEAR,DAYLIGHT,PEDALCYCLIST,NOT DIVIDED,STRAIGHT AND LEVEL,DRY,OTHER,Y,IMPROPER TURNING/NO SIGNAL,UNABLE TO DETERMINE,,INCAPACITATING INJURY,14,5,41.9690642907,-87.6611942702,2018,30,POINT (-87.6611942702 41.9690642907),,,,,2018-05-09,True,2,Uptown
339,30,NO CONTROLS,NO CONTROLS,CLEAR,DUSK,PEDALCYCLIST,ONE-WAY,STRAIGHT AND LEVEL,DRY,NO DEFECTS,Y,FAILING TO YIELD RIGHT-OF-WAY,UNABLE TO DETERMINE,,INCAPACITATING INJURY,20,5,41.8629470755,-87.7164799333,2018,30,POINT (-87.7164799333 41.8629470755),,,,,2018-05-09,True,28,North Lawndale
340,30,TRAFFIC SIGNAL,FUNCTIONING PROPERLY,CLEAR,"DARKNESS, LIGHTED ROAD",PEDALCYCLIST,ONE-WAY,STRAIGHT AND LEVEL,DRY,NO DEFECTS,Y,IMPROPER TURNING/NO SIGNAL,IMPROPER OVERTAKING/PASSING,,NONINCAPACITATING INJURY,20,5,41.8979246908,-87.6296665737,2018,30,POINT (-87.6296665737 41.8979246908),,,,,2018-05-09,False,7,Near North Side
341,30,NO CONTROLS,NO CONTROLS,CLEAR,DAYLIGHT,PEDALCYCLIST,NOT DIVIDED,STRAIGHT AND LEVEL,DRY,NO DEFECTS,,IMPROPER OVERTAKING/PASSING,IMPROPER LANE USAGE,,NO INDICATION OF INJURY,11,5,41.9006266178,-87.6363128154,2018,30,POINT (-87.6363128154 41.9006266178),,,,,2018-05-10,False,7,Near North Side
342,30,NO CONTROLS,NO CONTROLS,CLEAR,DAYLIGHT,PEDALCYCLIST,NOT DIVIDED,STRAIGHT AND LEVEL,DRY,NO DEFECTS,Y,FAILING TO YIELD RIGHT-OF-WAY,UNABLE TO DETERMINE,,NONINCAPACITATING INJURY,16,5,41.955739327,-87.7131182654,2018,30,POINT (-87.7131182654 41.955739327),,,,,2018-05-10,False,15,Irving Park
343,30,OTHER WARNING SIGN,FUNCTIONING PROPERLY,CLEAR,DAYLIGHT,PEDALCYCLIST,NOT DIVIDED,STRAIGHT AND LEVEL,DRY,NO DEFECTS,Y,FAILING TO YIELD RIGHT-OF-WAY,DISTRACTION - FROM INSIDE VEHICLE,,NONINCAPACITATING INJURY,17,5,41.9659501194,-87.6459083987,2018,30,POINT (-87.6459083987 41.9659501194),,,,,2018-05-10,False,2,Uptown
344,30,LANE USE MARKING,UNKNOWN,UNKNOWN,"DARKNESS, LIGHTED ROAD",PEDALCYCLIST,NOT DIVIDED,STRAIGHT AND LEVEL,UNKNOWN,UNKNOWN,,UNABLE TO DETERMINE,NOT APPLICABLE,Y,NONINCAPACITATING INJURY,20,5,41.9308998968,-87.648803203,2018,30,POINT (-87.648803203 41.9308998968),,,,,2018-05-10,False,6,Lincoln Park
345,30,NO CONTROLS,NO CONTROLS,RAIN,DAYLIGHT,PEDALCYCLIST,DIVIDED - W/MEDIAN (NOT RAISED),STRAIGHT AND LEVEL,WET,NO DEFECTS,,NOT APPLICABLE,NOT APPLICABLE,Y,INCAPACITATING INJURY,7,5,41.9096890835,-87.7328587623,2018,30,POINT (-87.7328587623 41.9096890835),,,,,2018-05-11,True,22,Humboldt Park
346,30,NO CONTROLS,NO CONTROLS,CLEAR,DAYLIGHT,PEDALCYCLIST,NOT DIVIDED,STRAIGHT AND LEVEL,DRY,NO DEFECTS,,UNABLE TO DETERMINE,UNABLE TO DETERMINE,Y,NO INDICATION OF INJURY,11,5,41.9175118997,-87.7068842744,2018,30,POINT (-87.7068842744 41.9175118997),,,,,2018-05-11,False,21,Logan Square
347,30,NO CONTROLS,NO CONTROLS,CLEAR,DAYLIGHT,PEDALCYCLIST,ONE-WAY,STRAIGHT AND LEVEL,DRY,NO DEFECTS,,IMPROPER LANE USAGE,NOT APPLICABLE,,NO INDICATION OF INJURY,13,5,41.8936284998,-87.6513477934,2018,30,POINT (-87.6513477934 41.8936284998),,,,,2018-05-11,False,7,Near North Side
348,30,NO CONTROLS,NO CONTROLS,UNKNOWN,DAYLIGHT,PEDALCYCLIST,DIVIDED - W/MEDIAN (NOT RAISED),STRAIGHT AND LEVEL,UNKNOWN,UNKNOWN,,UNABLE TO DETERMINE,UNABLE TO DETERMINE,,INCAPACITATING INJURY,14,5,41.9229072607,-87.6659868146,2018,30,POINT (-87.6659868146 41.9229072607),,,,,2018-05-11,True,6,Lincoln Park
349,30,TRAFFIC SIGNAL,FUNCTIONING PROPERLY,RAIN,DAYLIGHT,PEDALCYCLIST,NOT DIVIDED,STRAIGHT AND LEVEL,WET,UNKNOWN,,IMPROPER LANE USAGE,IMPROPER OVERTAKING/PASSING,,NONINCAPACITATING INJURY,14,5,41.954168583,-87.6546831098,2018,30,POINT (-87.6546831098 41.954168583),,,,,2018-05-12,False,5,Lake View
350,30,TRAFFIC SIGNAL,FUNCTIONING PROPERLY,RAIN,DAYLIGHT,PEDALCYCLIST,DIVIDED - W/MEDIAN (NOT RAISED),STRAIGHT AND LEVEL,WET,NO DEFECTS,,UNABLE TO DETERMINE,UNABLE TO DETERMINE,,NONINCAPACITATING INJURY,14,5,41.8448203764,-87.6855931141,2018,30,POINT (-87.6855931141 41.8448203764),,,,,2018-05-12,False,30,Lower West Side
351,30,TRAFFIC SIGNAL,FUNCTIONING PROPERLY,RAIN,DAYLIGHT,PEDALCYCLIST,NOT DIVIDED,STRAIGHT AND LEVEL,WET,NO DEFECTS,Y,"OPERATING VEHICLE IN ERRATIC, RECKLESS, CARELESS, NEGLIGENT OR AGGRESSIVE MANNER",NOT APPLICABLE,,NONINCAPACITATING INJURY,15,5,41.8579388995,-87.6237879303,2018,30,POINT (-87.6237879303 41.8579388995),,,,,2018-05-12,False,32,Near South Side
352,30,TRAFFIC SIGNAL,FUNCTIONING PROPERLY,RAIN,DAYLIGHT,PEDALCYCLIST,DIVIDED - W/MEDIAN (NOT RAISED),STRAIGHT AND LEVEL,WET,NO DEFECTS,,DISREGARDING TRAFFIC SIGNALS,NOT APPLICABLE,,NONINCAPACITATING INJURY,5,5,41.8793258889,-87.6473418683,2018,30,POINT (-87.6473418683 41.8793258889),,,,,2018-05-13,False,27,Near West Side
353,30,NO CONTROLS,NO CONTROLS,RAIN,DAYLIGHT,PEDALCYCLIST,DIVIDED - W/MEDIAN (NOT RAISED),STRAIGHT AND LEVEL,DRY,NO DEFECTS,,IMPROPER OVERTAKING/PASSING,NOT APPLICABLE,,NO INDICATION OF INJURY,8,5,41.9178470231,-87.7602537564,2018,30,POINT (-87.7602537564 41.9178470231),,,,,2018-05-13,False,18,Belmont Cragin
354,15,NO CONTROLS,NO CONTROLS,CLEAR,DAYLIGHT,PEDALCYCLIST,ALLEY,STRAIGHT AND LEVEL,DRY,NO DEFECTS,,UNABLE TO DETERMINE,UNABLE TO DETERMINE,,NONINCAPACITATING INJURY,16,5,41.9540685416,-87.7013862545,2018,15,POINT (-87.7013862545 41.9540685416),,,,,2018-05-13,False,15,Irving Park
355,35,STOP SIGN/FLASHER,FUNCTIONING PROPERLY,CLOUDY/OVERCAST,DAYLIGHT,PEDALCYCLIST,DIVIDED - W/MEDIAN BARRIER,STRAIGHT AND LEVEL,DRY,NO DEFECTS,,DISREGARDING STOP SIGN,FAILING TO YIELD RIGHT-OF-WAY,,NONINCAPACITATING INJURY,17,5,41.7474295576,-87.6113374506,2018,35,POINT (-87.6113374506 41.7474295576),,,,,2018-05-13,False,43,Chatham
356,30,STOP SIGN/FLASHER,FUNCTIONING PROPERLY,RAIN,DAYLIGHT,PEDALCYCLIST,DIVIDED - W/MEDIAN (NOT RAISED),STRAIGHT AND LEVEL,WET,NO DEFECTS,,FAILING TO YIELD RIGHT-OF-WAY,FAILING TO REDUCE SPEED TO AVOID CRASH,,INCAPACITATING INJURY,9,5,41.8975100919,-87.6576021228,2018,30,POINT (-87.6576021228 41.8975100919),,,,,2018-05-14,True,7,Near North Side
357,30,NO CONTROLS,NO CONTROLS,RAIN,DAYLIGHT,PEDALCYCLIST,ONE-WAY,STRAIGHT AND LEVEL,WET,NO DEFECTS,,UNABLE TO DETERMINE,UNABLE TO DETERMINE,,NO INDICATION OF INJURY,10,5,41.9741263112,-87.7011551486,2018,30,POINT (-87.7011551486 41.9741263112),,,,,2018-05-14,False,3,Lincoln Square
358,30,TRAFFIC SIGNAL,FUNCTIONING PROPERLY,CLEAR,DAYLIGHT,PEDALCYCLIST,ONE-WAY,STRAIGHT AND LEVEL,WET,NO DEFECTS,,UNABLE TO DETERMINE,NOT APPLICABLE,,NO INDICATION OF INJURY,12,5,41.8309284851,-87.6313570974,2018,30,POINT (-87.6313570974 41.8309284851),,,,,2018-05-14,False,33,Armour Square
359,35,TRAFFIC SIGNAL,FUNCTIONING PROPERLY,CLOUDY/OVERCAST,DAYLIGHT,PEDALCYCLIST,DIVIDED - W/MEDIAN BARRIER,STRAIGHT AND LEVEL,DRY,NO DEFECTS,Y,DISREGARDING TRAFFIC SIGNALS,UNABLE TO DETERMINE,,NONINCAPACITATING INJURY,14,5,41.9664861866,-87.8367407904,2018,35,POINT (-87.8367407904 41.9664861866),,,,,2018-05-14,False,75,O'Hare
360,20,NO CONTROLS,OTHER,CLEAR,DAYLIGHT,PEDALCYCLIST,ALLEY,STRAIGHT AND LEVEL,DRY,NO DEFECTS,,UNABLE TO DETERMINE,FAILING TO YIELD RIGHT-OF-WAY,,NONINCAPACITATING INJURY,17,5,41.826853481,-87.6747879959,2018,20,POINT (-87.6747879959 41.826853481),,,,,2018-05-14,False,58,Mckinley Park
361,30,UNKNOWN,UNKNOWN,UNKNOWN,UNKNOWN,PEDALCYCLIST,UNKNOWN,STRAIGHT AND LEVEL,UNKNOWN,UNKNOWN,,FAILING TO YIELD RIGHT-OF-WAY,UNABLE TO DETERMINE,,NONINCAPACITATING INJURY,17,5,41.7860451625,-87.723026426,2018,30,POINT (-87.723026426 41.7860451625),,,,,2018-05-14,False,61,West Elsdon
362,30,STOP SIGN/FLASHER,OTHER,RAIN,"DARKNESS, LIGHTED ROAD",PEDALCYCLIST,ONE-WAY,STRAIGHT AND LEVEL,WET,NO DEFECTS,Y,WEATHER,UNABLE TO DETERMINE,,NO INDICATION OF INJURY,21,5,41.8361602968,-87.6439430405,2018,30,POINT (-87.6439430405 41.8361602968),,,,,2018-05-14,False,30,Lower West Side
363,30,TRAFFIC SIGNAL,FUNCTIONING PROPERLY,CLEAR,DAYLIGHT,PEDALCYCLIST,NOT DIVIDED,STRAIGHT AND LEVEL,DRY,NO DEFECTS,Y,NOT APPLICABLE,NOT APPLICABLE,,NO INDICATION OF INJURY,11,5,41.945688345,-87.7861512425,2018,30,POINT (-87.7861512425 41.945688345),,,,,2018-05-15,False,14,Portage Park
364,20,NO CONTROLS,NO CONTROLS,CLEAR,DAYLIGHT,PEDALCYCLIST,ONE-WAY,STRAIGHT AND LEVEL,DRY,NO DEFECTS,,UNABLE TO DETERMINE,UNABLE TO DETERMINE,,"REPORTED, NOT EVIDENT",16,5,41.779345255,-87.7180159566,2018,20,POINT (-87.7180159566 41.779345255),,,,,2018-05-15,False,64,West Lawn
365,30,TRAFFIC SIGNAL,FUNCTIONING PROPERLY,CLEAR,DAYLIGHT,PEDALCYCLIST,NOT DIVIDED,STRAIGHT AND LEVEL,DRY,NO DEFECTS,Y,FAILING TO YIELD RIGHT-OF-WAY,NOT APPLICABLE,Y,NONINCAPACITATING INJURY,16,5,41.8939122502,-87.6369555402,2018,30,POINT (-87.6369555402 41.8939122502),,,,,2018-05-15,False,7,Near North Side
366,30,NO CONTROLS,NO CONTROLS,CLEAR,DAYLIGHT,PEDALCYCLIST,NOT DIVIDED,STRAIGHT AND LEVEL,DRY,NO DEFECTS,,FAILING TO YIELD RIGHT-OF-WAY,NOT APPLICABLE,,"REPORTED, NOT EVIDENT",17,5,41.9606849048,-87.7473842477,2018,30,POINT (-87.7473842477 41.9606849048),,,,,2018-05-15,False,14,Portage Park
367,30,NO CONTROLS,NO CONTROLS,CLEAR,DAYLIGHT,PEDALCYCLIST,NOT DIVIDED,STRAIGHT AND LEVEL,DRY,NO DEFECTS,,UNABLE TO DETERMINE,UNABLE TO DETERMINE,,INCAPACITATING INJURY,17,5,41.8020830017,-87.6843975403,2018,30,POINT (-87.6843975403 41.8020830017),,,,,2018-05-15,True,60,New City
368,30,NO CONTROLS,NO CONTROLS,CLEAR,DAYLIGHT,PEDALCYCLIST,NOT DIVIDED,STRAIGHT AND LEVEL,DRY,NO DEFECTS,Y,FAILING TO YIELD RIGHT-OF-WAY,NOT APPLICABLE,,NONINCAPACITATING INJURY,18,5,41.9359211307,-87.7564394316,2018,30,POINT (-87.7564394316 41.9359211307),,,,,2018-05-15,False,18,Belmont Cragin
369,30,UNKNOWN,UNKNOWN,CLEAR,DAYLIGHT,PEDALCYCLIST,NOT DIVIDED,STRAIGHT AND LEVEL,UNKNOWN,UNKNOWN,N,IMPROPER OVERTAKING/PASSING,NOT APPLICABLE,Y,NONINCAPACITATING INJURY,18,5,41.8918350059,-87.7212302092,2018,30,POINT (-87.7212302092 41.8918350059),,,,,2018-05-15,False,22,Humboldt Park
370,25,TRAFFIC SIGNAL,FUNCTIONING PROPERLY,CLEAR,"DARKNESS, LIGHTED ROAD",PEDALCYCLIST,ONE-WAY,STRAIGHT AND LEVEL,DRY,NO DEFECTS,,NOT APPLICABLE,NOT APPLICABLE,,NONINCAPACITATING INJURY,22,5,41.8856281494,-87.6323722967,2018,25,POINT (-87.6323722967 41.8856281494),,,,,2018-05-15,False,31,Loop
371,25,TRAFFIC SIGNAL,FUNCTIONING PROPERLY,CLEAR,"DARKNESS, LIGHTED ROAD",PEDALCYCLIST,NOT DIVIDED,STRAIGHT AND LEVEL,DRY,NO DEFECTS,Y,DISREGARDING TRAFFIC SIGNALS,DISREGARDING TRAFFIC SIGNALS,,NONINCAPACITATING INJURY,0,5,41.9468176549,-87.6736580601,2018,25,POINT (-87.6736580601 41.9468176549),,,,,2018-05-16,False,4,North Center
372,30,TRAFFIC SIGNAL,FUNCTIONING PROPERLY,CLEAR,DAYLIGHT,PEDALCYCLIST,NOT DIVIDED,STRAIGHT AND LEVEL,DRY,NO DEFECTS,Y,UNABLE TO DETERMINE,UNABLE TO DETERMINE,,NONINCAPACITATING INJURY,7,5,41.7799026134,-87.6302938056,2018,30,POINT (-87.6302938056 41.7799026134),,,,,2018-05-16,False,67,Englewood
373,30,STOP SIGN/FLASHER,NO CONTROLS,CLEAR,DAYLIGHT,PEDALCYCLIST,NOT DIVIDED,STRAIGHT AND LEVEL,DRY,NO DEFECTS,,FAILING TO YIELD RIGHT-OF-WAY,NOT APPLICABLE,,INCAPACITATING INJURY,7,5,41.9183671017,-87.6433574881,2018,30,POINT (-87.6433574881 41.9183671017),,,,,2018-05-16,True,6,Lincoln Park
374,30,STOP SIGN/FLASHER,FUNCTIONING PROPERLY,CLEAR,DAYLIGHT,PEDALCYCLIST,NOT DIVIDED,STRAIGHT AND LEVEL,DRY,NO DEFECTS,,DISREGARDING STOP SIGN,UNABLE TO DETERMINE,,"REPORTED, NOT EVIDENT",8,5,41.9616069186,-87.6758912972,2018,30,POINT (-87.6758912972 41.9616069186),,,,,2018-05-16,False,3,Lincoln Square
375,30,NO CONTROLS,NO CONTROLS,CLEAR,DAYLIGHT,PEDALCYCLIST,NOT DIVIDED,STRAIGHT AND LEVEL,DRY,NO DEFECTS,,UNABLE TO DETERMINE,UNABLE TO DETERMINE,,NONINCAPACITATING INJURY,8,5,41.8844411426,-87.6337470486,2018,30,POINT (-87.6337470486 41.8844411426),,,,,2018-05-16,False,31,Loop
376,30,NO CONTROLS,NO CONTROLS,CLEAR,DAYLIGHT,PEDALCYCLIST,NOT DIVIDED,STRAIGHT AND LEVEL,DRY,NO DEFECTS,,UNABLE TO DETERMINE,NOT APPLICABLE,Y,NONINCAPACITATING INJURY,12,5,41.8441797777,-87.6462791112,2018,30,POINT (-87.6462791112 41.8441797777),,,,,2018-05-16,False,30,Lower West Side
377,30,NO CONTROLS,NO CONTROLS,CLEAR,DAYLIGHT,PEDALCYCLIST,NOT DIVIDED,STRAIGHT AND LEVEL,DRY,NO DEFECTS,,FAILING TO YIELD RIGHT-OF-WAY,UNABLE TO DETERMINE,,NONINCAPACITATING INJURY,17,5,41.9614333177,-87.7553452368,2018,30,POINT (-87.7553452368 41.9614333177),,,,,2018-05-16,False,14,Portage Park
378,30,STOP SIGN/FLASHER,FUNCTIONING PROPERLY,CLEAR,DAYLIGHT,PEDALCYCLIST,CENTER TURN LANE,STRAIGHT AND LEVEL,DRY,NO DEFECTS,Y,FAILING TO YIELD RIGHT-OF-WAY,UNABLE TO DETERMINE,,NONINCAPACITATING INJURY,19,5,41.8838147289,-87.6834993031,2018,30,POINT (-87.6834993031 41.8838147289),,,,,2018-05-16,False,27,Near West Side
379,35,NO CONTROLS,NO CONTROLS,CLEAR,"DARKNESS, LIGHTED ROAD",PEDALCYCLIST,NOT DIVIDED,STRAIGHT AND LEVEL,DRY,NO DEFECTS,,IMPROPER TURNING/NO SIGNAL,IMPROPER LANE USAGE,,NO INDICATION OF INJURY,22,5,41.9067320541,-87.6715359764,2018,35,POINT (-87.6715359764 41.9067320541),,,,,2018-05-16,False,23,West Town
380,30,NO CONTROLS,NO CONTROLS,CLEAR,DAWN,PEDALCYCLIST,NOT DIVIDED,STRAIGHT AND LEVEL,DRY,NO DEFECTS,,UNABLE TO DETERMINE,UNABLE TO DETERMINE,N,INCAPACITATING INJURY,5,5,41.7685256049,-87.6759414535,2018,30,POINT (-87.6759414535 41.7685256049),,,,,2018-05-17,True,66,Englewood
381,30,NO CONTROLS,NO CONTROLS,CLEAR,DAYLIGHT,PEDALCYCLIST,DRIVEWAY,STRAIGHT AND LEVEL,DRY,NO DEFECTS,Y,UNABLE TO DETERMINE,NOT APPLICABLE,,NO INDICATION OF INJURY,9,5,41.9931601886,-87.748482104,2018,30,POINT (-87.748482104 41.9931601886),,,,,2018-05-17,False,11,Forest Glen
382,30,NO CONTROLS,NO CONTROLS,CLEAR,DAYLIGHT,PEDALCYCLIST,NOT DIVIDED,STRAIGHT AND LEVEL,DRY,SHOULDER DEFECT,,IMPROPER OVERTAKING/PASSING,NOT APPLICABLE,,NO INDICATION OF INJURY,9,5,41.8499672186,-87.6756350059,2018,30,POINT (-87.6756350059 41.8499672186),,,,,2018-05-17,False,30,Lower West Side
383,30,TRAFFIC SIGNAL,FUNCTIONING PROPERLY,CLEAR,DAYLIGHT,PEDALCYCLIST,NOT DIVIDED,STRAIGHT AND LEVEL,DRY,NO DEFECTS,,FAILING TO YIELD RIGHT-OF-WAY,NOT APPLICABLE,N,INCAPACITATING INJURY,14,5,41.8989479841,-87.6284066112,2018,30,POINT (-87.6284066112 41.8989479841),,,,,2018-05-17,True,7,Near North Side
384,30,UNKNOWN,UNKNOWN,CLEAR,DAYLIGHT,PEDALCYCLIST,NOT DIVIDED,STRAIGHT AND LEVEL,DRY,UNKNOWN,,UNABLE TO DETERMINE,NOT APPLICABLE,,"REPORTED, NOT EVIDENT",15,5,41.9388705551,-87.7470205618,2018,30,POINT (-87.7470205618 41.9388705551),,,,,2018-05-17,False,14,Portage Park
385,30,NO CONTROLS,NOT FUNCTIONING,CLEAR,DAYLIGHT,PEDALCYCLIST,DIVIDED - W/MEDIAN (NOT RAISED),STRAIGHT AND LEVEL,DRY,NO DEFECTS,Y,UNABLE TO DETERMINE,NOT APPLICABLE,,NONINCAPACITATING INJURY,15,5,41.9540007092,-87.7105291698,2018,30,POINT (-87.7105291698 41.9540007092),,,,,2018-05-17,False,15,Irving Park
386,30,TRAFFIC SIGNAL,FUNCTIONING PROPERLY,CLEAR,DAYLIGHT,PEDALCYCLIST,DIVIDED - W/MEDIAN (NOT RAISED),STRAIGHT AND LEVEL,DRY,NO DEFECTS,,FAILING TO REDUCE SPEED TO AVOID CRASH,DISREGARDING TRAFFIC SIGNALS,N,NONINCAPACITATING INJURY,16,5,41.7856060971,-87.6159038766,2018,30,POINT (-87.6159038766 41.7856060971),,,,,2018-05-17,False,39,Washington Park
387,30,STOP SIGN/FLASHER,FUNCTIONING PROPERLY,CLEAR,DAYLIGHT,PEDALCYCLIST,NOT DIVIDED,STRAIGHT AND LEVEL,DRY,NO DEFECTS,,DISREGARDING STOP SIGN,NOT APPLICABLE,,NONINCAPACITATING INJURY,17,5,41.831526841,-87.653564549,2018,30,POINT (-87.653564549 41.831526841),,,,,2018-05-17,False,59,Bridgeport