Unnamed: 0,POSTED_SPEED_LIMIT,TRAFFIC_CONTROL_DEVICE,DEVICE_CONDITION,WEATHER_CONDITION,LIGHTING_CONDITION,FIRST_CRASH_TYPE,TRAFFICWAY_TYPE,ALIGNMENT,ROADWAY_SURFACE_COND,ROAD_DEFECT,INTERSECTION_RELATED_I,PRIM_CONTRIBUTORY_CAUSE,SEC_CONTRIBUTORY_CAUSE,DOORING_I,MOST_SEVERE_INJURY,CRASH_HOUR,CRASH_MONTH,LATITUDE,LONGITUDE,CRASH_YEAR,SPEED_LIMIT,geometry,DISPLAYROU,the_geom,DIST,LANE_TYPE,CRASH_DATE,is_severe,index_right,CArea
388,30,TRAFFIC SIGNAL,FUNCTIONING PROPERLY,CLEAR,DAYLIGHT,PEDALCYCLIST,NOT DIVIDED,STRAIGHT AND LEVEL,DRY,NO DEFECTS,Y,UNABLE TO DETERMINE,UNABLE TO DETERMINE,,NO INDICATION OF INJURY,18,5,41.8417528096,-87.6462254233,2018,30,POINT (-87.6462254233 41.8417528096),,,,,2018-05-17,False,30,Lower West Side
389,30,TRAFFIC SIGNAL,FUNCTIONING PROPERLY,CLEAR,"DARKNESS, LIGHTED ROAD",PEDALCYCLIST,CENTER TURN LANE,STRAIGHT AND LEVEL,DRY,UNKNOWN,Y,IMPROPER TURNING/NO SIGNAL,NOT APPLICABLE,N,NONINCAPACITATING INJURY,21,5,41.8723353525,-87.630680717,2018,30,POINT (-87.630680717 41.8723353525),,,,,2018-05-17,False,31,Loop
390,35,NO CONTROLS,NO CONTROLS,CLEAR,"DARKNESS, LIGHTED ROAD",PEDALCYCLIST,NOT DIVIDED,STRAIGHT AND LEVEL,DRY,NO DEFECTS,,UNABLE TO DETERMINE,UNABLE TO DETERMINE,Y,NO INDICATION OF INJURY,21,5,41.8255740462,-87.6078828993,2018,35,POINT (-87.6078828993 41.8255740462),,,,,2018-05-17,False,34,Douglas
391,30,STOP SIGN/FLASHER,FUNCTIONING PROPERLY,CLEAR,DAYLIGHT,PEDALCYCLIST,DIVIDED - W/MEDIAN (NOT RAISED),STRAIGHT AND LEVEL,DRY,NO DEFECTS,,FAILING TO YIELD RIGHT-OF-WAY,NOT APPLICABLE,,NONINCAPACITATING INJURY,8,5,41.8870858349,-87.6769476775,2018,30,POINT (-87.6769476775 41.8870858349),,,,,2018-05-18,False,27,Near West Side
392,30,TRAFFIC SIGNAL,FUNCTIONING PROPERLY,CLEAR,DAYLIGHT,PEDALCYCLIST,OTHER,STRAIGHT AND LEVEL,WET,NO DEFECTS,Y,UNABLE TO DETERMINE,NOT APPLICABLE,,NONINCAPACITATING INJURY,13,5,41.8845516127,-87.6398742409,2018,30,POINT (-87.6398742409 41.8845516127),,,,,2018-05-18,False,27,Near West Side
393,20,NO CONTROLS,NO CONTROLS,CLOUDY/OVERCAST,DAYLIGHT,PEDALCYCLIST,NOT DIVIDED,STRAIGHT AND LEVEL,DRY,NO DEFECTS,,IMPROPER OVERTAKING/PASSING,NOT APPLICABLE,,NONINCAPACITATING INJURY,16,5,41.6934394033,-87.7050287419,2018,20,POINT (-87.7050287419 41.6934394033),,,,,2018-05-18,False,73,Mount Greenwood
394,30,NO CONTROLS,NO CONTROLS,CLEAR,DAYLIGHT,PEDALCYCLIST,NOT DIVIDED,STRAIGHT AND LEVEL,DRY,NO DEFECTS,,UNABLE TO DETERMINE,UNABLE TO DETERMINE,,NONINCAPACITATING INJURY,17,5,41.9864108997,-87.7839678049,2018,30,POINT (-87.7839678049 41.9864108997),,,,,2018-05-18,False,10,Jefferson Park
395,30,NO CONTROLS,NO CONTROLS,RAIN,"DARKNESS, LIGHTED ROAD",PEDALCYCLIST,NOT DIVIDED,STRAIGHT AND LEVEL,WET,UNKNOWN,Y,FAILING TO YIELD RIGHT-OF-WAY,NOT APPLICABLE,,"REPORTED, NOT EVIDENT",2,5,41.920734132,-87.6940410939,2018,30,POINT (-87.6940410939 41.920734132),,,,,2018-05-19,False,21,Logan Square
396,30,NO CONTROLS,NO CONTROLS,CLEAR,DAYLIGHT,PEDALCYCLIST,NOT DIVIDED,STRAIGHT AND LEVEL,DRY,NO DEFECTS,,UNABLE TO DETERMINE,DRIVING SKILLS/KNOWLEDGE/EXPERIENCE,Y,"REPORTED, NOT EVIDENT",8,5,42.0112755856,-87.6626225969,2018,30,POINT (-87.6626225969 42.0112755856),,,,,2018-05-19,False,0,Rogers Park
397,30,NO CONTROLS,NO CONTROLS,CLOUDY/OVERCAST,DAYLIGHT,PEDALCYCLIST,NOT DIVIDED,STRAIGHT AND LEVEL,WET,UNKNOWN,,"VISION OBSCURED (SIGNS, TREE LIMBS, BUILDINGS, ETC.)",NOT APPLICABLE,,NONINCAPACITATING INJURY,16,5,41.9243809394,-87.7438086612,2018,30,POINT (-87.7438086612 41.9243809394),,,,,2018-05-19,False,18,Belmont Cragin
398,30,NO CONTROLS,NO CONTROLS,CLEAR,DAYLIGHT,PEDALCYCLIST,NOT DIVIDED,STRAIGHT AND LEVEL,DRY,NO DEFECTS,,IMPROPER TURNING/NO SIGNAL,FOLLOWING TOO CLOSELY,,NO INDICATION OF INJURY,17,5,41.8988781974,-87.6281111483,2018,30,POINT (-87.6281111483 41.8988781974),,,,,2018-05-19,False,7,Near North Side
399,35,TRAFFIC SIGNAL,FUNCTIONING PROPERLY,CLEAR,DAYLIGHT,PEDALCYCLIST,NOT DIVIDED,STRAIGHT AND LEVEL,DRY,NO DEFECTS,,FAILING TO YIELD RIGHT-OF-WAY,IMPROPER TURNING/NO SIGNAL,,NONINCAPACITATING INJURY,17,5,41.7360776775,-87.6495572287,2018,35,POINT (-87.6495572287 41.7360776775),,,,,2018-05-20,False,70,Auburn Gresham
400,30,TRAFFIC SIGNAL,FUNCTIONING PROPERLY,CLEAR,DAYLIGHT,PEDALCYCLIST,NOT DIVIDED,STRAIGHT AND LEVEL,DRY,NO DEFECTS,Y,UNABLE TO DETERMINE,UNABLE TO DETERMINE,,NONINCAPACITATING INJURY,18,5,41.7913535709,-87.5966016037,2018,30,POINT (-87.5966016037 41.7913535709),,,,,2018-05-20,False,40,Hyde Park
401,30,NO CONTROLS,NO CONTROLS,CLOUDY/OVERCAST,DAYLIGHT,PEDALCYCLIST,DIVIDED - W/MEDIAN (NOT RAISED),STRAIGHT AND LEVEL,WET,NO DEFECTS,,UNABLE TO DETERMINE,UNABLE TO DETERMINE,Y,NONINCAPACITATING INJURY,19,5,41.9171431364,-87.7373112199,2018,30,POINT (-87.7373112199 41.9171431364),,,,,2018-05-20,False,19,Hermosa
402,30,NO CONTROLS,NO CONTROLS,CLEAR,DAYLIGHT,PEDALCYCLIST,ONE-WAY,STRAIGHT AND LEVEL,WET,NO DEFECTS,,FOLLOWING TOO CLOSELY,DRIVING SKILLS/KNOWLEDGE/EXPERIENCE,,NO INDICATION OF INJURY,17,5,41.8918522553,-87.6144848643,2018,30,POINT (-87.6144848643 41.8918522553),,,,,2018-05-21,False,7,Near North Side
403,20,YIELD,NO CONTROLS,RAIN,DUSK,PEDALCYCLIST,DIVIDED - W/MEDIAN (NOT RAISED),STRAIGHT AND LEVEL,WET,UNKNOWN,,FAILING TO REDUCE SPEED TO AVOID CRASH,NOT APPLICABLE,,NO INDICATION OF INJURY,19,5,41.9656340963,-87.6469011626,2018,20,POINT (-87.6469011626 41.9656340963),,,,,2018-05-21,False,2,Uptown
404,30,STOP SIGN/FLASHER,FUNCTIONING PROPERLY,CLEAR,"DARKNESS, LIGHTED ROAD",PEDALCYCLIST,OTHER,STRAIGHT AND LEVEL,DRY,NO DEFECTS,Y,FAILING TO YIELD RIGHT-OF-WAY,DRIVING ON WRONG SIDE/WRONG WAY,,NONINCAPACITATING INJURY,22,5,41.8748885041,-87.7450501454,2018,30,POINT (-87.7450501454 41.8748885041),,,,,2018-05-21,False,24,Austin
405,35,NO CONTROLS,NO CONTROLS,CLEAR,DAYLIGHT,PEDALCYCLIST,NOT DIVIDED,STRAIGHT AND LEVEL,DRY,NO DEFECTS,,UNABLE TO DETERMINE,NOT APPLICABLE,,NONINCAPACITATING INJURY,7,5,41.8076681626,-87.732299,2018,35,POINT (-87.732299 41.8076681626),,,,,2018-05-22,False,56,Archer Heights
406,30,NO CONTROLS,NO CONTROLS,CLOUDY/OVERCAST,DAYLIGHT,PEDALCYCLIST,ALLEY,STRAIGHT AND LEVEL,DRY,NO DEFECTS,Y,FAILING TO REDUCE SPEED TO AVOID CRASH,UNABLE TO DETERMINE,,"REPORTED, NOT EVIDENT",8,5,41.9347815546,-87.7850470405,2018,30,POINT (-87.7850470405 41.9347815546),,,,,2018-05-22,False,16,Dunning
407,30,NO CONTROLS,NO CONTROLS,CLEAR,DAYLIGHT,PEDALCYCLIST,ONE-WAY,STRAIGHT AND LEVEL,DRY,NO DEFECTS,,UNABLE TO DETERMINE,NOT APPLICABLE,,NONINCAPACITATING INJURY,17,5,41.8886326423,-87.6297127649,2018,30,POINT (-87.6297127649 41.8886326423),,,,,2018-05-22,False,7,Near North Side
408,35,NO CONTROLS,NO CONTROLS,CLEAR,DAYLIGHT,PEDALCYCLIST,NOT DIVIDED,STRAIGHT AND LEVEL,DRY,NO DEFECTS,,UNABLE TO DETERMINE,NOT APPLICABLE,Y,INCAPACITATING INJURY,18,5,41.937272418,-87.6655248672,2018,35,POINT (-87.6655248672 41.937272418),,,,,2018-05-22,True,5,Lake View
409,25,NO CONTROLS,NO CONTROLS,CLEAR,DUSK,PEDALCYCLIST,NOT DIVIDED,STRAIGHT AND LEVEL,DRY,NO DEFECTS,,IMPROPER LANE USAGE,UNABLE TO DETERMINE,,NO INDICATION OF INJURY,20,5,41.918189192,-87.6388399759,2018,25,POINT (-87.6388399759 41.918189192),,,,,2018-05-22,False,6,Lincoln Park
410,30,NO CONTROLS,NO CONTROLS,CLEAR,"DARKNESS, LIGHTED ROAD",PEDALCYCLIST,NOT DIVIDED,STRAIGHT AND LEVEL,DRY,NO DEFECTS,Y,UNABLE TO DETERMINE,NOT APPLICABLE,,NO INDICATION OF INJURY,21,5,41.9531929848,-87.7743987526,2018,30,POINT (-87.7743987526 41.9531929848),,,,,2018-05-22,False,14,Portage Park
411,30,NO CONTROLS,NO CONTROLS,CLEAR,"DARKNESS, LIGHTED ROAD",PEDALCYCLIST,DIVIDED - W/MEDIAN (NOT RAISED),STRAIGHT AND LEVEL,DRY,NO DEFECTS,,UNABLE TO DETERMINE,UNABLE TO DETERMINE,Y,"REPORTED, NOT EVIDENT",21,5,41.8440826218,-87.7289837067,2018,30,POINT (-87.7289837067 41.8440826218),,,,,2018-05-22,False,29,South Lawndale
412,30,NO CONTROLS,NO CONTROLS,CLEAR,"DARKNESS, LIGHTED ROAD",PEDALCYCLIST,NOT DIVIDED,STRAIGHT AND LEVEL,DRY,NO DEFECTS,,FOLLOWING TOO CLOSELY,NOT APPLICABLE,,NONINCAPACITATING INJURY,21,5,41.9945735474,-87.6679949886,2018,30,POINT (-87.6679949886 41.9945735474),,,,,2018-05-22,False,76,Edgewater
413,30,STOP SIGN/FLASHER,FUNCTIONING PROPERLY,CLEAR,DARKNESS,PEDALCYCLIST,NOT DIVIDED,STRAIGHT AND LEVEL,DRY,NO DEFECTS,Y,UNABLE TO DETERMINE,UNABLE TO DETERMINE,,NONINCAPACITATING INJURY,23,5,41.8716975149,-87.6690663103,2018,30,POINT (-87.6690663103 41.8716975149),,,,,2018-05-22,False,27,Near West Side
414,20,STOP SIGN/FLASHER,FUNCTIONING PROPERLY,CLEAR,DAYLIGHT,PEDALCYCLIST,ONE-WAY,STRAIGHT AND LEVEL,DRY,NO DEFECTS,,UNABLE TO DETERMINE,UNABLE TO DETERMINE,,NONINCAPACITATING INJURY,7,5,41.905651779,-87.7094450344,2018,20,POINT (-87.7094450344 41.905651779),,,,,2018-05-23,False,22,Humboldt Park
415,25,TRAFFIC SIGNAL,FUNCTIONING PROPERLY,CLEAR,DAYLIGHT,PEDALCYCLIST,NOT DIVIDED,STRAIGHT AND LEVEL,DRY,NO DEFECTS,,UNABLE TO DETERMINE,UNABLE TO DETERMINE,,NO INDICATION OF INJURY,8,5,41.9255475255,-87.6486183479,2018,25,POINT (-87.6486183479 41.9255475255),,,,,2018-05-23,False,6,Lincoln Park
416,30,TRAFFIC SIGNAL,FUNCTIONING PROPERLY,CLEAR,DAYLIGHT,PEDALCYCLIST,NOT DIVIDED,STRAIGHT AND LEVEL,DRY,NO DEFECTS,,FAILING TO YIELD RIGHT-OF-WAY,NOT APPLICABLE,,NONINCAPACITATING INJURY,8,5,41.9689858521,-87.6693401587,2018,30,POINT (-87.6693401587 41.9689858521),,,,,2018-05-23,False,2,Uptown
417,30,NO CONTROLS,NO CONTROLS,CLEAR,DAYLIGHT,PEDALCYCLIST,NOT DIVIDED,STRAIGHT AND LEVEL,DRY,NO DEFECTS,,FAILING TO YIELD RIGHT-OF-WAY,NOT APPLICABLE,,NONINCAPACITATING INJURY,8,5,41.9048295258,-87.6346610549,2018,30,POINT (-87.6346610549 41.9048295258),,,,,2018-05-23,False,7,Near North Side
418,25,STOP SIGN/FLASHER,FUNCTIONING PROPERLY,CLEAR,DAYLIGHT,PEDALCYCLIST,DIVIDED - W/MEDIAN (NOT RAISED),STRAIGHT AND LEVEL,DRY,NO DEFECTS,Y,EXCEEDING AUTHORIZED SPEED LIMIT,FAILING TO YIELD RIGHT-OF-WAY,,NONINCAPACITATING INJURY,8,5,41.8604791616,-87.6146113983,2018,25,POINT (-87.6146113983 41.8604791616),,,,,2018-05-23,False,32,Near South Side
419,30,TRAFFIC SIGNAL,FUNCTIONING PROPERLY,CLEAR,DAYLIGHT,PEDALCYCLIST,NOT DIVIDED,STRAIGHT AND LEVEL,DRY,NO DEFECTS,,UNABLE TO DETERMINE,UNABLE TO DETERMINE,,NONINCAPACITATING INJURY,11,5,41.9102780108,-87.6775159484,2018,30,POINT (-87.6775159484 41.9102780108),,,,,2018-05-23,False,23,West Town
420,20,NO CONTROLS,OTHER,CLEAR,DAYLIGHT,PEDALCYCLIST,DIVIDED - W/MEDIAN (NOT RAISED),STRAIGHT AND LEVEL,UNKNOWN,UNKNOWN,,UNABLE TO DETERMINE,NOT APPLICABLE,Y,NONINCAPACITATING INJURY,14,5,41.9380065646,-87.7617191366,2018,20,POINT (-87.7617191366 41.9380065646),,,,,2018-05-23,False,18,Belmont Cragin
421,30,NO CONTROLS,NO CONTROLS,CLEAR,DAYLIGHT,PEDALCYCLIST,PARKING LOT,STRAIGHT AND LEVEL,DRY,NO DEFECTS,,UNABLE TO DETERMINE,NOT APPLICABLE,,NO INDICATION OF INJURY,14,5,41.7081425408,-87.6553695452,2018,30,POINT (-87.6553695452 41.7081425408),,,,,2018-05-23,False,72,Washington Heights
422,30,STOP SIGN/FLASHER,FUNCTIONING PROPERLY,CLEAR,DAYLIGHT,PEDALCYCLIST,NOT DIVIDED,STRAIGHT AND LEVEL,DRY,NO DEFECTS,Y,UNABLE TO DETERMINE,UNABLE TO DETERMINE,,NONINCAPACITATING INJURY,15,5,41.7975413508,-87.6696873759,2018,30,POINT (-87.6696873759 41.7975413508),,,,,2018-05-23,False,60,New City
423,30,UNKNOWN,UNKNOWN,CLEAR,DAYLIGHT,PEDALCYCLIST,DIVIDED - W/MEDIAN (NOT RAISED),STRAIGHT AND LEVEL,DRY,UNKNOWN,,NOT APPLICABLE,NOT APPLICABLE,,NONINCAPACITATING INJURY,15,5,41.9611615491,-87.7194007137,2018,30,POINT (-87.7194007137 41.9611615491),,,,,2018-05-23,False,13,Albany Park
424,30,TRAFFIC SIGNAL,FUNCTIONING PROPERLY,CLEAR,DAYLIGHT,PEDALCYCLIST,DIVIDED - W/MEDIAN BARRIER,STRAIGHT AND LEVEL,DRY,NO DEFECTS,,UNABLE TO DETERMINE,NOT APPLICABLE,,NONINCAPACITATING INJURY,16,5,41.9907022856,-87.6717422169,2018,30,POINT (-87.6717422169 41.9907022856),,,,,2018-05-23,False,76,Edgewater
425,30,TRAFFIC SIGNAL,FUNCTIONING PROPERLY,CLEAR,DAYLIGHT,PEDALCYCLIST,CENTER TURN LANE,STRAIGHT AND LEVEL,DRY,NO DEFECTS,Y,FAILING TO YIELD RIGHT-OF-WAY,DISREGARDING TRAFFIC SIGNALS,,"REPORTED, NOT EVIDENT",17,5,42.0053117274,-87.6729405385,2018,30,POINT (-87.6729405385 42.0053117274),,,,,2018-05-23,False,0,Rogers Park
426,30,TRAFFIC SIGNAL,FUNCTIONING PROPERLY,CLEAR,"DARKNESS, LIGHTED ROAD",PEDALCYCLIST,ONE-WAY,STRAIGHT AND LEVEL,DRY,NO DEFECTS,,"OPERATING VEHICLE IN ERRATIC, RECKLESS, CARELESS, NEGLIGENT OR AGGRESSIVE MANNER",UNABLE TO DETERMINE,Y,NONINCAPACITATING INJURY,21,5,41.8918143653,-87.6256852646,2018,30,POINT (-87.6256852646 41.8918143653),,,,,2018-05-23,False,7,Near North Side
427,30,TRAFFIC SIGNAL,UNKNOWN,CLEAR,"DARKNESS, LIGHTED ROAD",PEDALCYCLIST,NOT DIVIDED,STRAIGHT AND LEVEL,DRY,NO DEFECTS,Y,FAILING TO YIELD RIGHT-OF-WAY,DRIVING SKILLS/KNOWLEDGE/EXPERIENCE,,"REPORTED, NOT EVIDENT",22,5,41.8745269122,-87.7106604147,2018,30,POINT (-87.7106604147 41.8745269122),,,,,2018-05-23,False,26,Garfield Park
428,30,NO CONTROLS,NO CONTROLS,CLEAR,DAYLIGHT,PEDALCYCLIST,NOT DIVIDED,STRAIGHT AND LEVEL,DRY,NO DEFECTS,,FAILING TO YIELD RIGHT-OF-WAY,NOT APPLICABLE,Y,NONINCAPACITATING INJURY,6,5,41.9168553372,-87.6352791465,2018,30,POINT (-87.6352791465 41.9168553372),,,,,2018-05-24,False,6,Lincoln Park
429,30,NO CONTROLS,NO CONTROLS,CLEAR,DAYLIGHT,PEDALCYCLIST,NOT DIVIDED,STRAIGHT AND LEVEL,DRY,NO DEFECTS,,"VISION OBSCURED (SIGNS, TREE LIMBS, BUILDINGS, ETC.)",UNABLE TO DETERMINE,,NO INDICATION OF INJURY,8,5,41.7360065646,-87.645341819,2018,30,POINT (-87.645341819 41.7360065646),,,,,2018-05-24,False,70,Auburn Gresham
430,35,TRAFFIC SIGNAL,FUNCTIONING PROPERLY,CLEAR,DAYLIGHT,PEDALCYCLIST,DIVIDED - W/MEDIAN BARRIER,STRAIGHT AND LEVEL,DRY,NO DEFECTS,Y,IMPROPER BACKING,NOT APPLICABLE,,NO INDICATION OF INJURY,12,5,41.8940953161,-87.6243835709,2018,35,POINT (-87.6243835709 41.8940953161),,,,,2018-05-24,False,7,Near North Side
431,30,NO CONTROLS,NO CONTROLS,CLEAR,DAYLIGHT,PEDALCYCLIST,NOT DIVIDED,STRAIGHT AND LEVEL,DRY,NO DEFECTS,,UNABLE TO DETERMINE,UNABLE TO DETERMINE,,NO INDICATION OF INJURY,16,5,41.8962261353,-87.6511551495,2018,30,POINT (-87.6511551495 41.8962261353),,,,,2018-05-24,False,7,Near North Side
432,30,TRAFFIC SIGNAL,FUNCTIONING PROPERLY,CLEAR,DAYLIGHT,PEDALCYCLIST,NOT DIVIDED,STRAIGHT AND LEVEL,DRY,UNKNOWN,,FAILING TO YIELD RIGHT-OF-WAY,FAILING TO YIELD RIGHT-OF-WAY,,NO INDICATION OF INJURY,16,5,41.8816533472,-87.6865898686,2018,30,POINT (-87.6865898686 41.8816533472),,,,,2018-05-24,False,27,Near West Side
433,30,STOP SIGN/FLASHER,NO CONTROLS,CLEAR,DAYLIGHT,PEDALCYCLIST,ONE-WAY,STRAIGHT AND LEVEL,DRY,NO DEFECTS,Y,FAILING TO YIELD RIGHT-OF-WAY,FAILING TO YIELD RIGHT-OF-WAY,,NONINCAPACITATING INJURY,17,5,41.9621638607,-87.7744854942,2018,30,POINT (-87.7744854942 41.9621638607),,,,,2018-05-24,False,14,Portage Park
434,30,TRAFFIC SIGNAL,FUNCTIONING PROPERLY,CLEAR,DAYLIGHT,PEDALCYCLIST,NOT DIVIDED,STRAIGHT AND LEVEL,UNKNOWN,UNKNOWN,Y,DISTRACTION - FROM OUTSIDE VEHICLE,NOT APPLICABLE,Y,NONINCAPACITATING INJURY,18,5,41.8781817054,-87.6262289383,2018,30,POINT (-87.6262289383 41.8781817054),,,,,2018-05-24,False,31,Loop
435,30,TRAFFIC SIGNAL,NO CONTROLS,CLEAR,DAYLIGHT,PEDALCYCLIST,DIVIDED - W/MEDIAN (NOT RAISED),STRAIGHT AND LEVEL,DRY,NO DEFECTS,,DISREGARDING TRAFFIC SIGNALS,FAILING TO YIELD RIGHT-OF-WAY,,NONINCAPACITATING INJURY,18,5,41.8576887896,-87.6660118161,2018,30,POINT (-87.6660118161 41.8576887896),,,,,2018-05-24,False,27,Near West Side
436,30,NO CONTROLS,NO CONTROLS,CLEAR,DAYLIGHT,PEDALCYCLIST,DIVIDED - W/MEDIAN (NOT RAISED),STRAIGHT AND LEVEL,DRY,NO DEFECTS,,UNABLE TO DETERMINE,NOT APPLICABLE,Y,NO INDICATION OF INJURY,8,5,41.9356834173,-87.6628720165,2018,30,POINT (-87.6628720165 41.9356834173),,,,,2018-05-25,False,5,Lake View
437,30,NO CONTROLS,NO CONTROLS,CLEAR,DAYLIGHT,PEDALCYCLIST,NOT DIVIDED,STRAIGHT AND LEVEL,DRY,NO DEFECTS,,UNABLE TO DETERMINE,NOT APPLICABLE,N,NONINCAPACITATING INJURY,8,5,42.0068512376,-87.6902606045,2018,30,POINT (-87.6902606045 42.0068512376),,,,,2018-05-25,False,1,West Ridge
438,30,NO CONTROLS,NO CONTROLS,CLEAR,DAYLIGHT,PEDALCYCLIST,NOT DIVIDED,STRAIGHT AND LEVEL,DRY,"RUT, HOLES",,UNABLE TO DETERMINE,UNABLE TO DETERMINE,,NO INDICATION OF INJURY,9,5,41.8885033268,-87.7015666564,2018,30,POINT (-87.7015666564 41.8885033268),,,,,2018-05-25,False,22,Humboldt Park
439,30,NO CONTROLS,NO CONTROLS,CLEAR,DAYLIGHT,PEDALCYCLIST,NOT DIVIDED,STRAIGHT AND LEVEL,DRY,UNKNOWN,,DISTRACTION - FROM INSIDE VEHICLE,UNABLE TO DETERMINE,,NONINCAPACITATING INJURY,13,5,41.9691613828,-87.6576679961,2018,30,POINT (-87.6576679961 41.9691613828),,,,,2018-05-25,False,2,Uptown
440,30,TRAFFIC SIGNAL,UNKNOWN,CLEAR,DAYLIGHT,PEDALCYCLIST,NOT DIVIDED,STRAIGHT AND LEVEL,DRY,NO DEFECTS,Y,FAILING TO YIELD RIGHT-OF-WAY,NOT APPLICABLE,,"REPORTED, NOT EVIDENT",13,5,41.8841323714,-87.6964242545,2018,30,POINT (-87.6964242545 41.8841323714),,,,,2018-05-25,False,26,Garfield Park
441,30,TRAFFIC SIGNAL,FUNCTIONING PROPERLY,CLEAR,DAYLIGHT,PEDALCYCLIST,NOT DIVIDED,STRAIGHT AND LEVEL,DRY,UNKNOWN,,BICYCLE ADVANCING LEGALLY ON RED LIGHT,BICYCLE ADVANCING LEGALLY ON RED LIGHT,,NO INDICATION OF INJURY,15,5,41.9613304099,-87.7132878366,2018,30,POINT (-87.7132878366 41.9613304099),,,,,2018-05-25,False,13,Albany Park
442,30,NO CONTROLS,NO CONTROLS,CLEAR,DUSK,PEDALCYCLIST,DIVIDED - W/MEDIAN (NOT RAISED),STRAIGHT AND LEVEL,DRY,NO DEFECTS,,"OPERATING VEHICLE IN ERRATIC, RECKLESS, CARELESS, NEGLIGENT OR AGGRESSIVE MANNER",NOT APPLICABLE,Y,NO INDICATION OF INJURY,19,5,41.8957049363,-87.6328395515,2018,30,POINT (-87.6328395515 41.8957049363),,,,,2018-05-25,False,7,Near North Side
443,30,TRAFFIC SIGNAL,FUNCTIONING PROPERLY,CLEAR,DAYLIGHT,PEDALCYCLIST,DIVIDED - W/MEDIAN (NOT RAISED),STRAIGHT AND LEVEL,DRY,NO DEFECTS,Y,IMPROPER LANE USAGE,UNABLE TO DETERMINE,,NO INDICATION OF INJURY,19,5,41.9038917292,-87.6390042532,2018,30,POINT (-87.6390042532 41.9038917292),,,,,2018-05-25,False,7,Near North Side
444,30,UNKNOWN,UNKNOWN,CLEAR,DUSK,PEDALCYCLIST,NOT DIVIDED,STRAIGHT AND LEVEL,UNKNOWN,UNKNOWN,,FOLLOWING TOO CLOSELY,FAILING TO REDUCE SPEED TO AVOID CRASH,N,NO INDICATION OF INJURY,19,5,41.8962199305,-87.6478849022,2018,30,POINT (-87.6478849022 41.8962199305),,,,,2018-05-25,False,7,Near North Side
445,30,NO CONTROLS,NO CONTROLS,CLEAR,DAYLIGHT,PEDALCYCLIST,NOT DIVIDED,STRAIGHT AND LEVEL,DRY,NO DEFECTS,,UNABLE TO DETERMINE,NOT APPLICABLE,Y,NONINCAPACITATING INJURY,19,5,41.9633814825,-87.7081680448,2018,30,POINT (-87.7081680448 41.9633814825),,,,,2018-05-25,False,13,Albany Park
446,30,TRAFFIC SIGNAL,FUNCTIONING PROPERLY,CLEAR,DARKNESS,PEDALCYCLIST,NOT DIVIDED,STRAIGHT AND LEVEL,DRY,NO DEFECTS,,UNABLE TO DETERMINE,NOT APPLICABLE,,NONINCAPACITATING INJURY,22,5,41.941409586,-87.6689526231,2018,30,POINT (-87.6689526231 41.941409586),,,,,2018-05-25,False,5,Lake View
447,30,TRAFFIC SIGNAL,FUNCTIONING PROPERLY,CLEAR,DAYLIGHT,PEDALCYCLIST,NOT DIVIDED,STRAIGHT AND LEVEL,DRY,NO DEFECTS,Y,DISREGARDING TRAFFIC SIGNALS,FAILING TO YIELD RIGHT-OF-WAY,,NO INDICATION OF INJURY,7,5,41.6925556574,-87.618428812,2018,30,POINT (-87.618428812 41.6925556574),,,,,2018-05-26,False,48,Roseland
448,30,TRAFFIC SIGNAL,FUNCTIONING PROPERLY,CLEAR,DAYLIGHT,PEDALCYCLIST,NOT DIVIDED,STRAIGHT AND LEVEL,DRY,NO DEFECTS,Y,DRIVING ON WRONG SIDE/WRONG WAY,DRIVING ON WRONG SIDE/WRONG WAY,,NONINCAPACITATING INJURY,9,5,41.8517928131,-87.6953820451,2018,30,POINT (-87.6953820451 41.8517928131),,,,,2018-05-26,False,28,North Lawndale
449,30,NO CONTROLS,NO CONTROLS,CLEAR,DAYLIGHT,PEDALCYCLIST,DIVIDED - W/MEDIAN (NOT RAISED),STRAIGHT AND LEVEL,DRY,NO DEFECTS,,UNABLE TO DETERMINE,UNABLE TO DETERMINE,Y,NONINCAPACITATING INJURY,11,5,41.9175411268,-87.6486290103,2018,30,POINT (-87.6486290103 41.9175411268),,,,,2018-05-26,False,6,Lincoln Park
450,25,NO CONTROLS,NO CONTROLS,CLEAR,DAYLIGHT,PEDALCYCLIST,NOT DIVIDED,STRAIGHT AND LEVEL,DRY,NO DEFECTS,,UNABLE TO DETERMINE,PHYSICAL CONDITION OF DRIVER,Y,NONINCAPACITATING INJURY,11,5,41.9380144169,-87.7979901819,2018,25,POINT (-87.7979901819 41.9380144169),,,,,2018-05-26,False,16,Dunning
451,30,NO CONTROLS,NO CONTROLS,CLEAR,DAYLIGHT,PEDALCYCLIST,NOT DIVIDED,STRAIGHT AND LEVEL,DRY,NO DEFECTS,,IMPROPER TURNING/NO SIGNAL,NOT APPLICABLE,,NONINCAPACITATING INJURY,12,5,41.9305389843,-87.6974300791,2018,30,POINT (-87.6974300791 41.9305389843),,,,,2018-05-26,False,21,Logan Square