Unnamed: 0,POSTED_SPEED_LIMIT,TRAFFIC_CONTROL_DEVICE,DEVICE_CONDITION,WEATHER_CONDITION,LIGHTING_CONDITION,FIRST_CRASH_TYPE,TRAFFICWAY_TYPE,ALIGNMENT,ROADWAY_SURFACE_COND,ROAD_DEFECT,INTERSECTION_RELATED_I,PRIM_CONTRIBUTORY_CAUSE,SEC_CONTRIBUTORY_CAUSE,DOORING_I,MOST_SEVERE_INJURY,CRASH_HOUR,CRASH_MONTH,LATITUDE,LONGITUDE,CRASH_YEAR,SPEED_LIMIT,geometry,DISPLAYROU,the_geom,DIST,LANE_TYPE,CRASH_DATE,is_severe,index_right,CArea
452,30,TRAFFIC SIGNAL,FUNCTIONING PROPERLY,CLEAR,"DARKNESS, LIGHTED ROAD",PEDALCYCLIST,DIVIDED - W/MEDIAN (NOT RAISED),STRAIGHT AND LEVEL,DRY,NO DEFECTS,,UNABLE TO DETERMINE,NOT APPLICABLE,,NONINCAPACITATING INJURY,0,5,41.8804807517,-87.755130433,2018,30,POINT (-87.755130433 41.8804807517),,,,,2018-05-27,False,24,Austin
453,30,UNKNOWN,UNKNOWN,CLEAR,DAYLIGHT,PEDALCYCLIST,DIVIDED - W/MEDIAN (NOT RAISED),STRAIGHT AND LEVEL,DRY,NO DEFECTS,,UNABLE TO DETERMINE,NOT APPLICABLE,Y,NONINCAPACITATING INJURY,13,5,42.0125870615,-87.6744820537,2018,30,POINT (-87.6744820537 42.0125870615),,,,,2018-05-27,False,0,Rogers Park
454,30,TRAFFIC SIGNAL,FUNCTIONING PROPERLY,CLEAR,DAYLIGHT,PEDALCYCLIST,DIVIDED - W/MEDIAN (NOT RAISED),STRAIGHT AND LEVEL,DRY,NO DEFECTS,,IMPROPER TURNING/NO SIGNAL,NOT APPLICABLE,,NONINCAPACITATING INJURY,15,5,42.0016244507,-87.6608955301,2018,30,POINT (-87.6608955301 42.0016244507),,,,,2018-05-27,False,0,Rogers Park
455,30,NO CONTROLS,NO CONTROLS,CLEAR,DAYLIGHT,PEDALCYCLIST,DIVIDED - W/MEDIAN (NOT RAISED),STRAIGHT AND LEVEL,DRY,NO DEFECTS,,FAILING TO REDUCE SPEED TO AVOID CRASH,UNABLE TO DETERMINE,,NONINCAPACITATING INJURY,15,5,41.6718126706,-87.6418540908,2018,30,POINT (-87.6418540908 41.6718126706),,,,,2018-05-27,False,52,West Pullman
456,30,UNKNOWN,UNKNOWN,CLEAR,DAYLIGHT,PEDALCYCLIST,NOT DIVIDED,STRAIGHT AND LEVEL,DRY,UNKNOWN,Y,FAILING TO YIELD RIGHT-OF-WAY,UNABLE TO DETERMINE,,NONINCAPACITATING INJURY,16,5,41.7857718271,-87.730447607,2018,30,POINT (-87.730447607 41.7857718271),,,,,2018-05-27,False,64,West Lawn
457,30,NO CONTROLS,NO CONTROLS,CLEAR,"DARKNESS, LIGHTED ROAD",PEDALCYCLIST,DIVIDED - W/MEDIAN (NOT RAISED),STRAIGHT AND LEVEL,DRY,NO DEFECTS,,NOT APPLICABLE,NOT APPLICABLE,Y,NONINCAPACITATING INJURY,22,5,41.856320952,-87.6565236093,2018,30,POINT (-87.6565236093 41.856320952),,,,,2018-05-27,False,30,Lower West Side
458,35,OTHER,FUNCTIONING PROPERLY,CLEAR,DAYLIGHT,PEDALCYCLIST,DIVIDED - W/MEDIAN BARRIER,STRAIGHT AND LEVEL,DRY,NO DEFECTS,,FAILING TO YIELD RIGHT-OF-WAY,"OPERATING VEHICLE IN ERRATIC, RECKLESS, CARELESS, NEGLIGENT OR AGGRESSIVE MANNER",,NONINCAPACITATING INJURY,8,5,41.9971397505,-87.7386530351,2018,35,POINT (-87.7386530351 41.9971397505),,,,,2018-05-28,False,11,Forest Glen
459,30,NO CONTROLS,NO CONTROLS,CLEAR,DAYLIGHT,PEDALCYCLIST,NOT DIVIDED,STRAIGHT AND LEVEL,DRY,NO DEFECTS,Y,FAILING TO YIELD RIGHT-OF-WAY,NOT APPLICABLE,,NONINCAPACITATING INJURY,9,5,41.7959405933,-87.7576559428,2018,30,POINT (-87.7576559428 41.7959405933),,,,,2018-05-28,False,55,Garfield Ridge
460,30,NO CONTROLS,NO CONTROLS,CLEAR,DAYLIGHT,PEDALCYCLIST,NOT DIVIDED,STRAIGHT AND LEVEL,DRY,NO DEFECTS,,FAILING TO YIELD RIGHT-OF-WAY,UNABLE TO DETERMINE,,NO INDICATION OF INJURY,10,5,41.9318485169,-87.7133515575,2018,30,POINT (-87.7133515575 41.9318485169),,,,,2018-05-28,False,20,Avondale
461,35,TRAFFIC SIGNAL,FUNCTIONING PROPERLY,CLEAR,DAYLIGHT,PEDALCYCLIST,NOT DIVIDED,STRAIGHT AND LEVEL,DRY,NO DEFECTS,,NOT APPLICABLE,NOT APPLICABLE,N,"REPORTED, NOT EVIDENT",14,5,41.7396773891,-87.6047615141,2018,35,POINT (-87.6047615141 41.7396773891),,,,,2018-05-28,False,43,Chatham
462,30,NO CONTROLS,NO CONTROLS,CLEAR,"DARKNESS, LIGHTED ROAD",PEDALCYCLIST,NOT DIVIDED,STRAIGHT AND LEVEL,DRY,NO DEFECTS,Y,FAILING TO YIELD RIGHT-OF-WAY,NOT APPLICABLE,,NONINCAPACITATING INJURY,22,5,41.8962062092,-87.6522344295,2018,30,POINT (-87.6522344295 41.8962062092),,,,,2018-05-28,False,7,Near North Side
463,30,NO CONTROLS,NO CONTROLS,CLEAR,DAYLIGHT,PEDALCYCLIST,NOT DIVIDED,STRAIGHT AND LEVEL,DRY,NO DEFECTS,,DISTRACTION - FROM INSIDE VEHICLE,FAILING TO YIELD RIGHT-OF-WAY,Y,NO INDICATION OF INJURY,8,5,41.9028527337,-87.6771008025,2018,30,POINT (-87.6771008025 41.9028527337),,,,,2018-05-29,False,23,West Town
464,20,STOP SIGN/FLASHER,FUNCTIONING PROPERLY,CLEAR,DAYLIGHT,PEDALCYCLIST,NOT DIVIDED,STRAIGHT AND LEVEL,DRY,NO DEFECTS,Y,FAILING TO YIELD RIGHT-OF-WAY,NOT APPLICABLE,,NONINCAPACITATING INJURY,15,5,41.6888053562,-87.7030173449,2018,20,POINT (-87.7030173449 41.6888053562),,,,,2018-05-29,False,73,Mount Greenwood
465,25,STOP SIGN/FLASHER,FUNCTIONING PROPERLY,CLEAR,DAYLIGHT,PEDALCYCLIST,DIVIDED - W/MEDIAN (NOT RAISED),STRAIGHT AND LEVEL,DRY,NO DEFECTS,N,NOT APPLICABLE,NOT APPLICABLE,,NONINCAPACITATING INJURY,17,5,42.0215221019,-87.670568998,2018,25,POINT (-87.670568998 42.0215221019),,,,,2018-05-29,False,0,Rogers Park
466,30,TRAFFIC SIGNAL,FUNCTIONING PROPERLY,UNKNOWN,UNKNOWN,PEDALCYCLIST,NOT DIVIDED,STRAIGHT AND LEVEL,UNKNOWN,UNKNOWN,,IMPROPER LANE USAGE,IMPROPER OVERTAKING/PASSING,,"REPORTED, NOT EVIDENT",18,5,41.7732125487,-87.5874137517,2018,30,POINT (-87.5874137517 41.7732125487),,,,,2018-05-29,False,41,Woodlawn
467,30,UNKNOWN,UNKNOWN,CLEAR,DAYLIGHT,PEDALCYCLIST,NOT DIVIDED,STRAIGHT AND LEVEL,DRY,UNKNOWN,,UNABLE TO DETERMINE,NOT APPLICABLE,,NO INDICATION OF INJURY,18,5,41.8963844813,-87.6554111193,2018,30,POINT (-87.6554111193 41.8963844813),,,,,2018-05-29,False,7,Near North Side
468,30,TRAFFIC SIGNAL,FUNCTIONING PROPERLY,CLEAR,DAYLIGHT,PEDALCYCLIST,NOT DIVIDED,STRAIGHT AND LEVEL,DRY,NO DEFECTS,,DRIVING SKILLS/KNOWLEDGE/EXPERIENCE,FAILING TO REDUCE SPEED TO AVOID CRASH,,NO INDICATION OF INJURY,19,5,41.9535373569,-87.7276951888,2018,30,POINT (-87.7276951888 41.9535373569),,,,,2018-05-29,False,15,Irving Park
469,30,TRAFFIC SIGNAL,FUNCTIONING PROPERLY,CLEAR,DARKNESS,PEDALCYCLIST,NOT DIVIDED,STRAIGHT AND LEVEL,DRY,NO DEFECTS,Y,FAILING TO YIELD RIGHT-OF-WAY,FAILING TO REDUCE SPEED TO AVOID CRASH,,INCAPACITATING INJURY,20,5,41.7428499806,-87.673107363,2018,30,POINT (-87.673107363 41.7428499806),,,,,2018-05-29,True,69,Ashburn
470,20,UNKNOWN,UNKNOWN,CLEAR,DAYLIGHT,PEDALCYCLIST,NOT DIVIDED,STRAIGHT AND LEVEL,DRY,NO DEFECTS,,DRIVING SKILLS/KNOWLEDGE/EXPERIENCE,DRIVING SKILLS/KNOWLEDGE/EXPERIENCE,Y,NO INDICATION OF INJURY,2,5,41.9337974134,-87.6447099409,2018,20,POINT (-87.6447099409 41.9337974134),,,,,2018-05-30,False,5,Lake View
471,30,TRAFFIC SIGNAL,FUNCTIONING PROPERLY,CLEAR,DAYLIGHT,PEDALCYCLIST,DIVIDED - W/MEDIAN (NOT RAISED),STRAIGHT AND LEVEL,DRY,NO DEFECTS,,FAILING TO YIELD RIGHT-OF-WAY,NOT APPLICABLE,,INCAPACITATING INJURY,14,5,41.7499520014,-87.7024484781,2018,30,POINT (-87.7024484781 41.7499520014),,,,,2018-05-30,True,69,Ashburn
472,30,TRAFFIC SIGNAL,FUNCTIONING PROPERLY,CLEAR,DAYLIGHT,PEDALCYCLIST,NOT DIVIDED,STRAIGHT AND LEVEL,DRY,NO DEFECTS,Y,FAILING TO YIELD RIGHT-OF-WAY,DRIVING SKILLS/KNOWLEDGE/EXPERIENCE,,NONINCAPACITATING INJURY,14,5,41.9604887808,-87.7575075433,2018,30,POINT (-87.7575075433 41.9604887808),,,,,2018-05-30,False,14,Portage Park
473,30,NO CONTROLS,NO CONTROLS,CLEAR,DAYLIGHT,PEDALCYCLIST,NOT DIVIDED,STRAIGHT AND LEVEL,DRY,NO DEFECTS,,FAILING TO YIELD RIGHT-OF-WAY,NOT APPLICABLE,Y,NO INDICATION OF INJURY,14,5,41.9653049967,-87.6562523267,2018,30,POINT (-87.6562523267 41.9653049967),,,,,2018-05-30,False,2,Uptown
474,30,TRAFFIC SIGNAL,FUNCTIONING PROPERLY,CLEAR,DAYLIGHT,PEDALCYCLIST,NOT DIVIDED,STRAIGHT AND LEVEL,DRY,NO DEFECTS,Y,DISREGARDING TRAFFIC SIGNALS,NOT APPLICABLE,,INCAPACITATING INJURY,17,5,41.9238465866,-87.7758632532,2018,30,POINT (-87.7758632532 41.9238465866),,,,,2018-05-30,True,18,Belmont Cragin
475,30,NO CONTROLS,NO CONTROLS,RAIN,DAYLIGHT,PEDALCYCLIST,NOT DIVIDED,STRAIGHT AND LEVEL,WET,NO DEFECTS,,FAILING TO YIELD RIGHT-OF-WAY,NOT APPLICABLE,,NO INDICATION OF INJURY,18,5,41.9395354943,-87.7248065407,2018,30,POINT (-87.7248065407 41.9395354943),,,,,2018-05-30,False,15,Irving Park
476,30,NO CONTROLS,NO CONTROLS,CLEAR,"DARKNESS, LIGHTED ROAD",PEDALCYCLIST,DIVIDED - W/MEDIAN (NOT RAISED),STRAIGHT AND LEVEL,DRY,NO DEFECTS,,UNABLE TO DETERMINE,UNABLE TO DETERMINE,,INCAPACITATING INJURY,23,5,41.9583198816,-87.7476044034,2018,30,POINT (-87.7476044034 41.9583198816),,,,,2018-05-30,True,14,Portage Park
477,30,STOP SIGN/FLASHER,FUNCTIONING PROPERLY,CLEAR,DAYLIGHT,PEDALCYCLIST,DIVIDED - W/MEDIAN (NOT RAISED),STRAIGHT AND LEVEL,DRY,NO DEFECTS,Y,FAILING TO YIELD RIGHT-OF-WAY,FAILING TO REDUCE SPEED TO AVOID CRASH,,NONINCAPACITATING INJURY,6,5,41.9741354918,-87.7815897752,2018,30,POINT (-87.7815897752 41.9741354918),,,,,2018-05-31,False,10,Jefferson Park
478,35,NO CONTROLS,NO CONTROLS,CLEAR,DAYLIGHT,PEDALCYCLIST,NOT DIVIDED,STRAIGHT AND LEVEL,DRY,NO DEFECTS,,IMPROPER TURNING/NO SIGNAL,NOT APPLICABLE,,NONINCAPACITATING INJURY,7,5,41.9610283804,-87.7276833905,2018,35,POINT (-87.7276833905 41.9610283804),,,,,2018-05-31,False,13,Albany Park
479,25,NO CONTROLS,NO CONTROLS,CLEAR,DAYLIGHT,PEDALCYCLIST,NOT DIVIDED,STRAIGHT AND LEVEL,DRY,NO DEFECTS,Y,"VISION OBSCURED (SIGNS, TREE LIMBS, BUILDINGS, ETC.)",NOT APPLICABLE,,NONINCAPACITATING INJURY,7,5,42.0120157559,-87.7069400985,2018,25,POINT (-87.7069400985 42.0120157559),,,,,2018-05-31,False,1,West Ridge
480,30,TRAFFIC SIGNAL,FUNCTIONING PROPERLY,CLEAR,DAYLIGHT,PEDALCYCLIST,ONE-WAY,STRAIGHT AND LEVEL,DRY,NO DEFECTS,Y,DISREGARDING TRAFFIC SIGNALS,NOT APPLICABLE,,NONINCAPACITATING INJURY,8,5,41.8920193534,-87.6137716434,2018,30,POINT (-87.6137716434 41.8920193534),,,,,2018-05-31,False,7,Near North Side
481,30,STOP SIGN/FLASHER,FUNCTIONING PROPERLY,CLEAR,DAYLIGHT,PEDALCYCLIST,NOT DIVIDED,STRAIGHT AND LEVEL,DRY,NO DEFECTS,Y,TEXTING,UNABLE TO DETERMINE,,NONINCAPACITATING INJURY,15,5,41.8923124252,-87.6770966229,2018,30,POINT (-87.6770966229 41.8923124252),,,,,2018-05-31,False,23,West Town
482,30,TRAFFIC SIGNAL,FUNCTIONING PROPERLY,CLEAR,DAYLIGHT,PEDALCYCLIST,NOT DIVIDED,STRAIGHT AND LEVEL,UNKNOWN,UNKNOWN,,IMPROPER OVERTAKING/PASSING,IMPROPER OVERTAKING/PASSING,,NO INDICATION OF INJURY,15,5,41.9325508252,-87.6537078978,2018,30,POINT (-87.6537078978 41.9325508252),,,,,2018-05-31,False,5,Lake View
483,30,STOP SIGN/FLASHER,NO CONTROLS,CLEAR,DAYLIGHT,PEDALCYCLIST,DIVIDED - W/MEDIAN (NOT RAISED),STRAIGHT AND LEVEL,DRY,NO DEFECTS,Y,FAILING TO YIELD RIGHT-OF-WAY,FOLLOWING TOO CLOSELY,,NO INDICATION OF INJURY,16,5,41.9219004012,-87.6954875737,2018,30,POINT (-87.6954875737 41.9219004012),,,,,2018-05-31,False,21,Logan Square
484,35,STOP SIGN/FLASHER,NO CONTROLS,CLEAR,DAYLIGHT,PEDALCYCLIST,NOT DIVIDED,STRAIGHT AND LEVEL,DRY,NO DEFECTS,,UNABLE TO DETERMINE,NOT APPLICABLE,,NO INDICATION OF INJURY,16,5,41.8897389956,-87.669398772,2018,35,POINT (-87.669398772 41.8897389956),,,,,2018-05-31,False,23,West Town
485,25,STOP SIGN/FLASHER,FUNCTIONING PROPERLY,CLEAR,DAYLIGHT,PEDALCYCLIST,NOT DIVIDED,STRAIGHT AND LEVEL,DRY,NO DEFECTS,Y,FAILING TO YIELD RIGHT-OF-WAY,NOT APPLICABLE,,NONINCAPACITATING INJURY,16,5,41.9562298343,-87.6644104929,2018,25,POINT (-87.6644104929 41.9562298343),,,,,2018-05-31,False,2,Uptown
486,30,NO CONTROLS,NO CONTROLS,CLEAR,DAYLIGHT,PEDALCYCLIST,ONE-WAY,STRAIGHT AND LEVEL,DRY,NO DEFECTS,,IMPROPER LANE USAGE,DRIVING SKILLS/KNOWLEDGE/EXPERIENCE,Y,NO INDICATION OF INJURY,17,5,41.8839312513,-87.6425735441,2018,30,POINT (-87.6425735441 41.8839312513),,,,,2018-05-31,False,27,Near West Side
487,30,TRAFFIC SIGNAL,FUNCTIONING PROPERLY,CLEAR,DAYLIGHT,PEDALCYCLIST,NOT DIVIDED,STRAIGHT AND LEVEL,DRY,NO DEFECTS,Y,FAILING TO YIELD RIGHT-OF-WAY,NOT APPLICABLE,,NONINCAPACITATING INJURY,17,5,41.9180195829,-87.7755785454,2018,30,POINT (-87.7755785454 41.9180195829),,,,,2018-05-31,False,18,Belmont Cragin
488,30,TRAFFIC SIGNAL,FUNCTIONING PROPERLY,CLEAR,DAYLIGHT,PEDALCYCLIST,NOT DIVIDED,STRAIGHT AND LEVEL,DRY,NO DEFECTS,Y,UNABLE TO DETERMINE,UNABLE TO DETERMINE,,NO INDICATION OF INJURY,17,5,41.8869601411,-87.6341128813,2018,30,POINT (-87.6341128813 41.8869601411),,,,,2018-05-31,False,7,Near North Side
489,30,NO CONTROLS,NO CONTROLS,CLEAR,DAYLIGHT,PEDALCYCLIST,DIVIDED - W/MEDIAN (NOT RAISED),STRAIGHT AND LEVEL,DRY,NO DEFECTS,,UNABLE TO DETERMINE,NOT APPLICABLE,Y,NO INDICATION OF INJURY,17,5,41.9308157075,-87.6977313767,2018,30,POINT (-87.6977313767 41.9308157075),,,,,2018-05-31,False,21,Logan Square
490,30,TRAFFIC SIGNAL,FUNCTIONING PROPERLY,CLEAR,DAYLIGHT,PEDALCYCLIST,ONE-WAY,STRAIGHT AND LEVEL,DRY,NO DEFECTS,Y,UNABLE TO DETERMINE,DRIVING SKILLS/KNOWLEDGE/EXPERIENCE,,NONINCAPACITATING INJURY,17,5,41.9615294891,-87.6804510489,2018,30,POINT (-87.6804510489 41.9615294891),,,,,2018-05-31,False,3,Lincoln Square
491,30,NO CONTROLS,NO CONTROLS,CLEAR,DAYLIGHT,PEDALCYCLIST,NOT DIVIDED,STRAIGHT AND LEVEL,DRY,NO DEFECTS,,FAILING TO YIELD RIGHT-OF-WAY,NOT APPLICABLE,,"REPORTED, NOT EVIDENT",17,5,41.9978610052,-87.688605085,2018,30,POINT (-87.688605085 41.9978610052),,,,,2018-05-31,False,1,West Ridge
492,30,NO CONTROLS,NO CONTROLS,CLEAR,DAYLIGHT,PEDALCYCLIST,DIVIDED - W/MEDIAN (NOT RAISED),STRAIGHT AND LEVEL,DRY,NO DEFECTS,Y,UNABLE TO DETERMINE,NOT APPLICABLE,,NONINCAPACITATING INJURY,18,5,41.8977315186,-87.6574941421,2018,30,POINT (-87.6574941421 41.8977315186),,,,,2018-05-31,False,7,Near North Side
493,30,OTHER,OTHER,CLEAR,DAYLIGHT,PEDALCYCLIST,DIVIDED - W/MEDIAN (NOT RAISED),STRAIGHT AND LEVEL,DRY,NO DEFECTS,,UNABLE TO DETERMINE,NOT APPLICABLE,Y,NONINCAPACITATING INJURY,19,5,41.873832997,-87.6753347551,2018,30,POINT (-87.6753347551 41.873832997),,,,,2018-05-31,False,27,Near West Side
494,30,TRAFFIC SIGNAL,UNKNOWN,CLEAR,DUSK,PEDALCYCLIST,NOT DIVIDED,STRAIGHT AND LEVEL,DRY,NO DEFECTS,Y,FAILING TO REDUCE SPEED TO AVOID CRASH,IMPROPER OVERTAKING/PASSING,Y,NONINCAPACITATING INJURY,20,5,41.8821486937,-87.7647737747,2018,30,POINT (-87.7647737747 41.8821486937),,,,,2018-05-31,False,24,Austin
495,30,TRAFFIC SIGNAL,FUNCTIONING PROPERLY,CLEAR,DUSK,PEDALCYCLIST,CENTER TURN LANE,STRAIGHT AND LEVEL,DRY,UNKNOWN,Y,FAILING TO REDUCE SPEED TO AVOID CRASH,NOT APPLICABLE,,NO INDICATION OF INJURY,20,5,41.911272006,-87.6332289873,2018,30,POINT (-87.6332289873 41.911272006),,,,,2018-05-31,False,6,Lincoln Park
496,30,STOP SIGN/FLASHER,FUNCTIONING PROPERLY,CLEAR,"DARKNESS, LIGHTED ROAD",PEDALCYCLIST,NOT DIVIDED,STRAIGHT AND LEVEL,DRY,NO DEFECTS,Y,UNABLE TO DETERMINE,UNABLE TO DETERMINE,,"REPORTED, NOT EVIDENT",0,6,41.9124712237,-87.6727670073,2018,30,POINT (-87.6727670073 41.9124712237),,,,,2018-06-01,False,6,Lincoln Park
497,40,TRAFFIC SIGNAL,FUNCTIONING PROPERLY,CLEAR,DAYLIGHT,PEDALCYCLIST,DIVIDED - W/MEDIAN BARRIER,STRAIGHT AND LEVEL,DRY,NO DEFECTS,Y,DISREGARDING TRAFFIC SIGNALS,FAILING TO REDUCE SPEED TO AVOID CRASH,,NO INDICATION OF INJURY,7,6,41.8783101346,-87.6175759034,2018,40,POINT (-87.6175759034 41.8783101346),,,,,2018-06-01,False,31,Loop
498,30,TRAFFIC SIGNAL,FUNCTIONING PROPERLY,CLEAR,DAYLIGHT,PEDALCYCLIST,DIVIDED - W/MEDIAN (NOT RAISED),STRAIGHT AND LEVEL,DRY,NO DEFECTS,Y,FAILING TO YIELD RIGHT-OF-WAY,NOT APPLICABLE,,NONINCAPACITATING INJURY,7,6,41.7388100458,-87.7022371966,2018,30,POINT (-87.7022371966 41.7388100458),,,,,2018-06-01,False,69,Ashburn
499,30,NO CONTROLS,NO CONTROLS,CLEAR,DAYLIGHT,PEDALCYCLIST,NOT DIVIDED,STRAIGHT AND LEVEL,DRY,NO DEFECTS,,NOT APPLICABLE,NOT APPLICABLE,Y,NO INDICATION OF INJURY,8,6,41.9275621094,-87.7172155856,2018,30,POINT (-87.7172155856 41.9275621094),,,,,2018-06-01,False,21,Logan Square
500,30,NO CONTROLS,NO CONTROLS,CLEAR,DAYLIGHT,PEDALCYCLIST,NOT DIVIDED,STRAIGHT AND LEVEL,DRY,NO DEFECTS,,IMPROPER TURNING/NO SIGNAL,FAILING TO REDUCE SPEED TO AVOID CRASH,,NONINCAPACITATING INJURY,8,6,41.9281323023,-87.6490038095,2018,30,POINT (-87.6490038095 41.9281323023),,,,,2018-06-01,False,6,Lincoln Park
501,35,NO CONTROLS,NO CONTROLS,CLEAR,DAYLIGHT,PEDALCYCLIST,NOT DIVIDED,STRAIGHT AND LEVEL,DRY,NO DEFECTS,,FAILING TO YIELD RIGHT-OF-WAY,NOT APPLICABLE,,NONINCAPACITATING INJURY,9,6,41.9282861699,-87.6490086759,2018,35,POINT (-87.6490086759 41.9282861699),,,,,2018-06-01,False,6,Lincoln Park
502,30,NO CONTROLS,NO CONTROLS,CLEAR,DAYLIGHT,PEDALCYCLIST,NOT DIVIDED,STRAIGHT AND LEVEL,DRY,NO DEFECTS,,"VISION OBSCURED (SIGNS, TREE LIMBS, BUILDINGS, ETC.)",UNABLE TO DETERMINE,,NONINCAPACITATING INJURY,12,6,41.8369094632,-87.7318829178,2018,30,POINT (-87.7318829178 41.8369094632),,,,,2018-06-01,False,29,South Lawndale
503,30,NO CONTROLS,NO CONTROLS,CLEAR,DAYLIGHT,PEDALCYCLIST,DIVIDED - W/MEDIAN (NOT RAISED),STRAIGHT AND LEVEL,DRY,NO DEFECTS,,UNABLE TO DETERMINE,NOT APPLICABLE,Y,NONINCAPACITATING INJURY,15,6,41.8414840391,-87.6580219776,2018,30,POINT (-87.6580219776 41.8414840391),,,,,2018-06-01,False,30,Lower West Side
504,30,NO CONTROLS,NO CONTROLS,CLEAR,DAYLIGHT,PEDALCYCLIST,ALLEY,STRAIGHT AND LEVEL,DRY,UNKNOWN,,UNABLE TO DETERMINE,UNABLE TO DETERMINE,,INCAPACITATING INJURY,15,6,41.7867371526,-87.67415859,2018,30,POINT (-87.67415859 41.7867371526),,,,,2018-06-01,True,66,Englewood
505,30,UNKNOWN,UNKNOWN,CLEAR,DAYLIGHT,PEDALCYCLIST,NOT DIVIDED,STRAIGHT AND LEVEL,DRY,NO DEFECTS,,UNABLE TO DETERMINE,UNABLE TO DETERMINE,,"REPORTED, NOT EVIDENT",15,6,41.9314490643,-87.7611378971,2018,30,POINT (-87.7611378971 41.9314490643),,,,,2018-06-01,False,18,Belmont Cragin
506,30,STOP SIGN/FLASHER,FUNCTIONING PROPERLY,CLEAR,DAYLIGHT,PEDALCYCLIST,NOT DIVIDED,STRAIGHT AND LEVEL,DRY,NO DEFECTS,Y,FAILING TO YIELD RIGHT-OF-WAY,NOT APPLICABLE,,NONINCAPACITATING INJURY,17,6,41.9047069631,-87.6482703647,2018,30,POINT (-87.6482703647 41.9047069631),,,,,2018-06-01,False,7,Near North Side
507,30,NO CONTROLS,NO CONTROLS,CLEAR,DAYLIGHT,PEDALCYCLIST,NOT DIVIDED,STRAIGHT AND LEVEL,DRY,NO DEFECTS,,UNABLE TO DETERMINE,UNABLE TO DETERMINE,,NO INDICATION OF INJURY,18,6,41.7044782318,-87.6283346362,2018,30,POINT (-87.6283346362 41.7044782318),,,,,2018-06-01,False,48,Roseland
508,30,TRAFFIC SIGNAL,FUNCTIONING PROPERLY,CLEAR,"DARKNESS, LIGHTED ROAD",PEDALCYCLIST,NOT DIVIDED,STRAIGHT AND LEVEL,DRY,NO DEFECTS,Y,UNABLE TO DETERMINE,FAILING TO YIELD RIGHT-OF-WAY,N,NONINCAPACITATING INJURY,22,6,41.9173793168,-87.6972506403,2018,30,POINT (-87.6972506403 41.9173793168),,,,,2018-06-01,False,21,Logan Square
509,30,STOP SIGN/FLASHER,FUNCTIONING PROPERLY,UNKNOWN,DAYLIGHT,PEDALCYCLIST,DIVIDED - W/MEDIAN (NOT RAISED),STRAIGHT AND LEVEL,UNKNOWN,UNKNOWN,Y,DISREGARDING STOP SIGN,NOT APPLICABLE,,NO INDICATION OF INJURY,8,6,41.9454177043,-87.6492811425,2018,30,POINT (-87.6492811425 41.9454177043),,,,,2018-06-02,False,5,Lake View
510,30,NO CONTROLS,NO CONTROLS,CLEAR,DAYLIGHT,PEDALCYCLIST,ONE-WAY,STRAIGHT AND LEVEL,DRY,NO DEFECTS,Y,FAILING TO YIELD RIGHT-OF-WAY,FAILING TO YIELD RIGHT-OF-WAY,,NONINCAPACITATING INJURY,12,6,41.7905846021,-87.6583647377,2018,30,POINT (-87.6583647377 41.7905846021),,,,,2018-06-02,False,66,Englewood
511,30,NO CONTROLS,NO CONTROLS,CLEAR,DAYLIGHT,PEDALCYCLIST,NOT DIVIDED,STRAIGHT AND LEVEL,DRY,NO DEFECTS,,FAILING TO YIELD RIGHT-OF-WAY,NOT APPLICABLE,Y,NONINCAPACITATING INJURY,15,6,41.93198202,-87.6444910125,2018,30,POINT (-87.6444910125 41.93198202),,,,,2018-06-02,False,6,Lincoln Park
512,30,NO CONTROLS,NO CONTROLS,CLEAR,DAYLIGHT,PEDALCYCLIST,NOT DIVIDED,STRAIGHT AND LEVEL,DRY,NO DEFECTS,Y,FAILING TO YIELD RIGHT-OF-WAY,UNABLE TO DETERMINE,,NONINCAPACITATING INJURY,15,6,41.946484869,-87.7104964446,2018,30,POINT (-87.7104964446 41.946484869),,,,,2018-06-02,False,15,Irving Park
513,30,STOP SIGN/FLASHER,FUNCTIONING PROPERLY,CLEAR,DAYLIGHT,PEDALCYCLIST,DIVIDED - W/MEDIAN (NOT RAISED),STRAIGHT AND LEVEL,DRY,NO DEFECTS,Y,UNABLE TO DETERMINE,UNABLE TO DETERMINE,,"REPORTED, NOT EVIDENT",17,6,41.9203697261,-87.755892504,2018,30,POINT (-87.755892504 41.9203697261),,,,,2018-06-02,False,18,Belmont Cragin
514,30,UNKNOWN,UNKNOWN,CLEAR,DAYLIGHT,PEDALCYCLIST,DIVIDED - W/MEDIAN (NOT RAISED),STRAIGHT AND LEVEL,DRY,UNKNOWN,,FAILING TO YIELD RIGHT-OF-WAY,FAILING TO YIELD RIGHT-OF-WAY,,NONINCAPACITATING INJURY,18,6,41.7579779102,-87.6371341735,2018,30,POINT (-87.6371341735 41.7579779102),,,,,2018-06-02,False,67,Englewood
515,30,NO CONTROLS,UNKNOWN,RAIN,"DARKNESS, LIGHTED ROAD",PEDALCYCLIST,OTHER,STRAIGHT AND LEVEL,DRY,NO DEFECTS,Y,WEATHER,WEATHER,,NO INDICATION OF INJURY,0,6,41.9166844664,-87.6872388779,2018,30,POINT (-87.6872388779 41.9166844664),,,,,2018-06-03,False,21,Logan Square
516,30,NO CONTROLS,NO CONTROLS,CLEAR,DAYLIGHT,PEDALCYCLIST,DIVIDED - W/MEDIAN BARRIER,STRAIGHT AND LEVEL,DRY,NO DEFECTS,Y,UNABLE TO DETERMINE,NOT APPLICABLE,,NONINCAPACITATING INJURY,12,6,41.8951781718,-87.6478600545,2018,30,POINT (-87.6478600545 41.8951781718),,,,,2018-06-03,False,7,Near North Side