Unnamed: 0,POSTED_SPEED_LIMIT,TRAFFIC_CONTROL_DEVICE,DEVICE_CONDITION,WEATHER_CONDITION,LIGHTING_CONDITION,FIRST_CRASH_TYPE,TRAFFICWAY_TYPE,ALIGNMENT,ROADWAY_SURFACE_COND,ROAD_DEFECT,INTERSECTION_RELATED_I,PRIM_CONTRIBUTORY_CAUSE,SEC_CONTRIBUTORY_CAUSE,DOORING_I,MOST_SEVERE_INJURY,CRASH_HOUR,CRASH_MONTH,LATITUDE,LONGITUDE,CRASH_YEAR,SPEED_LIMIT,geometry,DISPLAYROU,the_geom,DIST,LANE_TYPE,CRASH_DATE,is_severe,index_right,CArea
517,30,NO CONTROLS,NO CONTROLS,CLEAR,DAYLIGHT,PEDALCYCLIST,ONE-WAY,STRAIGHT AND LEVEL,DRY,NO DEFECTS,,UNABLE TO DETERMINE,NOT APPLICABLE,,NO INDICATION OF INJURY,12,6,41.914174841,-87.7302754936,2018,30,POINT (-87.7302754936 41.914174841),,,,,2018-06-03,False,19,Hermosa
518,30,NO CONTROLS,NO CONTROLS,CLEAR,DAYLIGHT,PEDALCYCLIST,NOT DIVIDED,STRAIGHT AND LEVEL,DRY,NO DEFECTS,,DRIVING SKILLS/KNOWLEDGE/EXPERIENCE,FAILING TO REDUCE SPEED TO AVOID CRASH,,"REPORTED, NOT EVIDENT",15,6,41.9311144698,-87.6373155035,2018,30,POINT (-87.6373155035 41.9311144698),,,,,2018-06-03,False,6,Lincoln Park
519,30,NO CONTROLS,NO CONTROLS,CLEAR,DAYLIGHT,PEDALCYCLIST,NOT DIVIDED,STRAIGHT AND LEVEL,DRY,NO DEFECTS,,UNABLE TO DETERMINE,UNABLE TO DETERMINE,,NO INDICATION OF INJURY,17,6,41.9589869816,-87.7302291599,2018,30,POINT (-87.7302291599 41.9589869816),,,,,2018-06-03,False,15,Irving Park
520,30,STOP SIGN/FLASHER,FUNCTIONING PROPERLY,CLEAR,DUSK,PEDALCYCLIST,NOT DIVIDED,STRAIGHT AND LEVEL,DRY,NO DEFECTS,Y,FAILING TO YIELD RIGHT-OF-WAY,UNABLE TO DETERMINE,,NONINCAPACITATING INJURY,20,6,41.9734396269,-87.6764777128,2018,30,POINT (-87.6764777128 41.9734396269),,,,,2018-06-03,False,3,Lincoln Square
521,30,LANE USE MARKING,NO CONTROLS,CLEAR,"DARKNESS, LIGHTED ROAD",PEDALCYCLIST,ONE-WAY,STRAIGHT AND LEVEL,DRY,NO DEFECTS,,UNABLE TO DETERMINE,UNABLE TO DETERMINE,,NONINCAPACITATING INJURY,0,6,41.9837716176,-87.6567590708,2018,30,POINT (-87.6567590708 41.9837716176),,,,,2018-06-04,False,76,Edgewater
522,30,NO CONTROLS,NO CONTROLS,CLEAR,DAYLIGHT,PEDALCYCLIST,NOT DIVIDED,STRAIGHT AND LEVEL,DRY,UNKNOWN,,IMPROPER LANE USAGE,NOT APPLICABLE,,NONINCAPACITATING INJURY,7,6,41.939242842,-87.7239012614,2018,30,POINT (-87.7239012614 41.939242842),,,,,2018-06-04,False,15,Irving Park
523,30,YIELD,NO CONTROLS,CLEAR,DAYLIGHT,PEDALCYCLIST,RAMP,STRAIGHT AND LEVEL,DRY,NO DEFECTS,,DISREGARDING ROAD MARKINGS,DISREGARDING OTHER TRAFFIC SIGNS,,NONINCAPACITATING INJURY,10,6,41.8778587909,-87.6454945983,2018,30,POINT (-87.6454945983 41.8778587909),,,,,2018-06-04,False,27,Near West Side
524,30,NO CONTROLS,NO CONTROLS,CLEAR,DAYLIGHT,PEDALCYCLIST,NOT DIVIDED,STRAIGHT AND LEVEL,DRY,NO DEFECTS,,FAILING TO YIELD RIGHT-OF-WAY,NOT APPLICABLE,Y,NONINCAPACITATING INJURY,12,6,41.9547272012,-87.646457053,2018,30,POINT (-87.646457053 41.9547272012),,,,,2018-06-04,False,2,Uptown
525,30,NO CONTROLS,NO CONTROLS,CLEAR,DAYLIGHT,PEDALCYCLIST,NOT DIVIDED,STRAIGHT AND LEVEL,DRY,NO DEFECTS,,UNABLE TO DETERMINE,NOT APPLICABLE,,NO INDICATION OF INJURY,13,6,41.9342626861,-87.7124979449,2018,30,POINT (-87.7124979449 41.9342626861),,,,,2018-06-04,False,20,Avondale
526,30,TRAFFIC SIGNAL,FUNCTIONING PROPERLY,CLEAR,DAYLIGHT,PEDALCYCLIST,NOT DIVIDED,STRAIGHT AND LEVEL,DRY,NO DEFECTS,,IMPROPER LANE USAGE,IMPROPER OVERTAKING/PASSING,,"REPORTED, NOT EVIDENT",15,6,41.8963445838,-87.7013862852,2018,30,POINT (-87.7013862852 41.8963445838),,,,,2018-06-04,False,22,Humboldt Park
527,30,NO CONTROLS,NO CONTROLS,CLEAR,DAYLIGHT,PEDALCYCLIST,DIVIDED - W/MEDIAN (NOT RAISED),STRAIGHT AND LEVEL,DRY,NO DEFECTS,,UNABLE TO DETERMINE,UNABLE TO DETERMINE,,NONINCAPACITATING INJURY,15,6,41.9341320954,-87.7762138813,2018,30,POINT (-87.7762138813 41.9341320954),,,,,2018-06-04,False,18,Belmont Cragin
528,20,NO CONTROLS,NO CONTROLS,CLEAR,DAYLIGHT,PEDALCYCLIST,DIVIDED - W/MEDIAN (NOT RAISED),STRAIGHT AND LEVEL,DRY,NO DEFECTS,,FAILING TO YIELD RIGHT-OF-WAY,NOT APPLICABLE,,NONINCAPACITATING INJURY,15,6,41.8464561806,-87.6868379807,2018,20,POINT (-87.6868379807 41.8464561806),,,,,2018-06-04,False,30,Lower West Side
529,30,NO CONTROLS,NO CONTROLS,CLEAR,DAYLIGHT,PEDALCYCLIST,ONE-WAY,STRAIGHT AND LEVEL,DRY,NO DEFECTS,,UNABLE TO DETERMINE,UNABLE TO DETERMINE,,NO INDICATION OF INJURY,16,6,41.8533819507,-87.729827378,2018,30,POINT (-87.729827378 41.8533819507),,,,,2018-06-04,False,28,North Lawndale
530,30,TRAFFIC SIGNAL,FUNCTIONING PROPERLY,CLEAR,DAYLIGHT,PEDALCYCLIST,ONE-WAY,STRAIGHT AND LEVEL,DRY,NO DEFECTS,,FAILING TO YIELD RIGHT-OF-WAY,NOT APPLICABLE,,NO INDICATION OF INJURY,17,6,41.8720462666,-87.6410247053,2018,30,POINT (-87.6410247053 41.8720462666),,,,,2018-06-04,False,27,Near West Side
531,30,TRAFFIC SIGNAL,FUNCTIONING PROPERLY,CLEAR,DAYLIGHT,PEDALCYCLIST,DIVIDED - W/MEDIAN (NOT RAISED),STRAIGHT AND LEVEL,DRY,NO DEFECTS,,FAILING TO YIELD RIGHT-OF-WAY,UNABLE TO DETERMINE,,NO INDICATION OF INJURY,18,6,41.8691140973,-87.6689908992,2018,30,POINT (-87.6689908992 41.8691140973),,,,,2018-06-04,False,27,Near West Side
532,30,NO CONTROLS,NO CONTROLS,CLEAR,DAYLIGHT,PEDALCYCLIST,NOT DIVIDED,STRAIGHT AND LEVEL,DRY,NO DEFECTS,,FOLLOWING TOO CLOSELY,NOT APPLICABLE,,NONINCAPACITATING INJURY,18,6,41.9151958376,-87.6342601721,2018,30,POINT (-87.6342601721 41.9151958376),,,,,2018-06-04,False,6,Lincoln Park
533,30,NO CONTROLS,NO CONTROLS,CLEAR,DAYLIGHT,PEDALCYCLIST,DIVIDED - W/MEDIAN (NOT RAISED),STRAIGHT AND LEVEL,DRY,NO DEFECTS,,UNABLE TO DETERMINE,NOT APPLICABLE,Y,NO INDICATION OF INJURY,18,6,41.9111187779,-87.6783860542,2018,30,POINT (-87.6783860542 41.9111187779),,,,,2018-06-04,False,6,Lincoln Park
534,5,NO CONTROLS,NO CONTROLS,CLEAR,DUSK,PEDALCYCLIST,PARKING LOT,STRAIGHT AND LEVEL,DRY,NO DEFECTS,,"VISION OBSCURED (SIGNS, TREE LIMBS, BUILDINGS, ETC.)",NOT APPLICABLE,,NO INDICATION OF INJURY,18,6,41.9243213877,-87.7483333223,2018,5,POINT (-87.7483333223 41.9243213877),,,,,2018-06-04,False,18,Belmont Cragin
535,30,TRAFFIC SIGNAL,FUNCTIONING PROPERLY,CLEAR,"DARKNESS, LIGHTED ROAD",PEDALCYCLIST,NOT DIVIDED,STRAIGHT AND LEVEL,DRY,UNKNOWN,,DISREGARDING TRAFFIC SIGNALS,NOT APPLICABLE,,NO INDICATION OF INJURY,21,6,41.9211124937,-87.7120756788,2018,30,POINT (-87.7120756788 41.9211124937),,,,,2018-06-04,False,21,Logan Square
536,35,STOP SIGN/FLASHER,FUNCTIONING PROPERLY,CLEAR,DAYLIGHT,PEDALCYCLIST,NOT DIVIDED,STRAIGHT AND LEVEL,DRY,NO DEFECTS,Y,FAILING TO YIELD RIGHT-OF-WAY,NOT APPLICABLE,,NONINCAPACITATING INJURY,8,6,41.946345117,-87.7213195653,2018,35,POINT (-87.7213195653 41.946345117),,,,,2018-06-05,False,15,Irving Park
537,30,STOP SIGN/FLASHER,FUNCTIONING PROPERLY,CLEAR,DAYLIGHT,PEDALCYCLIST,OTHER,STRAIGHT AND LEVEL,DRY,NO DEFECTS,Y,FAILING TO YIELD RIGHT-OF-WAY,UNABLE TO DETERMINE,,NONINCAPACITATING INJURY,8,6,41.9293320106,-87.7123728807,2018,30,POINT (-87.7123728807 41.9293320106),,,,,2018-06-05,False,21,Logan Square
538,0,NO CONTROLS,NO CONTROLS,CLEAR,DAYLIGHT,PEDALCYCLIST,UNKNOWN,STRAIGHT AND LEVEL,UNKNOWN,NO DEFECTS,,UNABLE TO DETERMINE,NOT APPLICABLE,Y,NO INDICATION OF INJURY,11,6,41.8558547517,-87.6711930491,2018,0,POINT (-87.6711930491 41.8558547517),,,,,2018-06-05,False,30,Lower West Side
539,30,STOP SIGN/FLASHER,NO CONTROLS,CLEAR,DAYLIGHT,PEDALCYCLIST,NOT DIVIDED,STRAIGHT AND LEVEL,DRY,NO DEFECTS,,UNABLE TO DETERMINE,UNABLE TO DETERMINE,Y,INCAPACITATING INJURY,15,6,41.8899252089,-87.6353867187,2018,30,POINT (-87.6353867187 41.8899252089),,,,,2018-06-05,True,7,Near North Side
540,20,TRAFFIC SIGNAL,FUNCTIONING PROPERLY,CLEAR,DAYLIGHT,PEDALCYCLIST,ONE-WAY,STRAIGHT AND LEVEL,DRY,UNKNOWN,Y,DISREGARDING TRAFFIC SIGNALS,NOT APPLICABLE,,NO INDICATION OF INJURY,16,6,41.9201980367,-87.6414543146,2018,20,POINT (-87.6414543146 41.9201980367),,,,,2018-06-05,False,6,Lincoln Park
541,30,TRAFFIC SIGNAL,FUNCTIONING IMPROPERLY,CLEAR,DAYLIGHT,PEDALCYCLIST,NOT DIVIDED,STRAIGHT AND LEVEL,DRY,NO DEFECTS,,UNABLE TO DETERMINE,UNABLE TO DETERMINE,,NO INDICATION OF INJURY,17,6,41.9464230229,-87.7076678906,2018,30,POINT (-87.7076678906 41.9464230229),,,,,2018-06-05,False,15,Irving Park
542,30,NO CONTROLS,NO CONTROLS,CLEAR,DAYLIGHT,PEDALCYCLIST,ONE-WAY,STRAIGHT AND LEVEL,DRY,NO DEFECTS,,IMPROPER LANE USAGE,NOT APPLICABLE,,INCAPACITATING INJURY,18,6,41.8843327962,-87.6397502825,2018,30,POINT (-87.6397502825 41.8843327962),,,,,2018-06-05,True,27,Near West Side
543,30,TRAFFIC SIGNAL,FUNCTIONING PROPERLY,CLEAR,DUSK,PEDALCYCLIST,NOT DIVIDED,STRAIGHT AND LEVEL,DRY,NO DEFECTS,Y,FAILING TO YIELD RIGHT-OF-WAY,NOT APPLICABLE,,NONINCAPACITATING INJURY,19,6,41.9242579361,-87.6682959956,2018,30,POINT (-87.6682959956 41.9242579361),,,,,2018-06-05,False,6,Lincoln Park
544,30,NO CONTROLS,NO CONTROLS,CLEAR,"DARKNESS, LIGHTED ROAD",PEDALCYCLIST,NOT DIVIDED,STRAIGHT AND LEVEL,DRY,NO DEFECTS,,IMPROPER OVERTAKING/PASSING,IMPROPER OVERTAKING/PASSING,,NONINCAPACITATING INJURY,21,6,41.9422805325,-87.771374266,2018,30,POINT (-87.771374266 41.9422805325),,,,,2018-06-05,False,14,Portage Park
545,30,STOP SIGN/FLASHER,FUNCTIONING PROPERLY,CLEAR,DAYLIGHT,PEDALCYCLIST,OTHER,STRAIGHT AND LEVEL,DRY,NO DEFECTS,Y,DISREGARDING STOP SIGN,NOT APPLICABLE,,NONINCAPACITATING INJURY,7,6,41.8005635028,-87.7161544228,2018,30,POINT (-87.7161544228 41.8005635028),,,,,2018-06-06,False,56,Archer Heights
546,30,NO CONTROLS,NO CONTROLS,CLEAR,DAYLIGHT,PEDALCYCLIST,DIVIDED - W/MEDIAN (NOT RAISED),STRAIGHT AND LEVEL,DRY,NO DEFECTS,,FAILING TO YIELD RIGHT-OF-WAY,"OPERATING VEHICLE IN ERRATIC, RECKLESS, CARELESS, NEGLIGENT OR AGGRESSIVE MANNER",,NONINCAPACITATING INJURY,8,6,41.8756287478,-87.6727951744,2018,30,POINT (-87.6727951744 41.8756287478),,,,,2018-06-06,False,27,Near West Side
547,30,TRAFFIC SIGNAL,FUNCTIONING PROPERLY,CLEAR,DAYLIGHT,PEDALCYCLIST,DIVIDED - W/MEDIAN (NOT RAISED),STRAIGHT AND LEVEL,DRY,NO DEFECTS,Y,FAILING TO YIELD RIGHT-OF-WAY,NOT APPLICABLE,,NONINCAPACITATING INJURY,12,6,41.8381852853,-87.6439120166,2018,30,POINT (-87.6439120166 41.8381852853),,,,,2018-06-06,False,30,Lower West Side
548,30,NO CONTROLS,NO CONTROLS,CLEAR,DAYLIGHT,PEDALCYCLIST,DIVIDED - W/MEDIAN BARRIER,STRAIGHT AND LEVEL,DRY,NO DEFECTS,,FAILING TO YIELD RIGHT-OF-WAY,NOT APPLICABLE,Y,NONINCAPACITATING INJURY,12,6,41.8380394635,-87.6382349822,2018,30,POINT (-87.6382349822 41.8380394635),,,,,2018-06-06,False,30,Lower West Side
549,30,TRAFFIC SIGNAL,FUNCTIONING PROPERLY,RAIN,DAYLIGHT,PEDALCYCLIST,NOT DIVIDED,STRAIGHT AND LEVEL,WET,NO DEFECTS,,IMPROPER OVERTAKING/PASSING,FOLLOWING TOO CLOSELY,,NO INDICATION OF INJURY,12,6,41.9204816295,-87.7456788671,2018,30,POINT (-87.7456788671 41.9204816295),,,,,2018-06-06,False,18,Belmont Cragin
550,25,NO CONTROLS,NO CONTROLS,RAIN,DAYLIGHT,PEDALCYCLIST,NOT DIVIDED,STRAIGHT ON GRADE,WET,NO DEFECTS,,WEATHER,UNABLE TO DETERMINE,,NONINCAPACITATING INJURY,13,6,41.997518303,-87.7082241638,2018,25,POINT (-87.7082241638 41.997518303),,,,,2018-06-06,False,1,West Ridge
551,30,NO CONTROLS,NO CONTROLS,CLEAR,DAYLIGHT,PEDALCYCLIST,DIVIDED - W/MEDIAN (NOT RAISED),STRAIGHT AND LEVEL,DRY,NO DEFECTS,,UNABLE TO DETERMINE,UNABLE TO DETERMINE,Y,NO INDICATION OF INJURY,16,6,41.9794372076,-87.6549212262,2018,30,POINT (-87.6549212262 41.9794372076),,,,,2018-06-06,False,76,Edgewater
552,30,TRAFFIC SIGNAL,FUNCTIONING PROPERLY,CLEAR,DAYLIGHT,PEDALCYCLIST,NOT DIVIDED,STRAIGHT AND LEVEL,DRY,NO DEFECTS,Y,UNABLE TO DETERMINE,UNABLE TO DETERMINE,,NO INDICATION OF INJURY,16,6,41.9036947196,-87.6374245335,2018,30,POINT (-87.6374245335 41.9036947196),,,,,2018-06-06,False,7,Near North Side
553,25,STOP SIGN/FLASHER,FUNCTIONING PROPERLY,CLEAR,DAYLIGHT,PEDALCYCLIST,NOT DIVIDED,STRAIGHT AND LEVEL,DRY,NO DEFECTS,,FAILING TO YIELD RIGHT-OF-WAY,NOT APPLICABLE,Y,NONINCAPACITATING INJURY,17,6,41.9198286039,-87.6535715262,2018,25,POINT (-87.6535715262 41.9198286039),,,,,2018-06-06,False,6,Lincoln Park
554,30,NO CONTROLS,NO CONTROLS,CLEAR,DAYLIGHT,PEDALCYCLIST,NOT DIVIDED,STRAIGHT AND LEVEL,DRY,NO DEFECTS,,FAILING TO YIELD RIGHT-OF-WAY,NOT APPLICABLE,Y,NONINCAPACITATING INJURY,17,6,41.952528571,-87.6882765745,2018,30,POINT (-87.6882765745 41.952528571),,,,,2018-06-06,False,4,North Center
555,30,NO CONTROLS,NO CONTROLS,CLEAR,DAYLIGHT,PEDALCYCLIST,NOT DIVIDED,STRAIGHT AND LEVEL,DRY,NO DEFECTS,,FOLLOWING TOO CLOSELY,NOT APPLICABLE,,NONINCAPACITATING INJURY,18,6,41.9093086065,-87.6755691007,2018,30,POINT (-87.6755691007 41.9093086065),,,,,2018-06-06,False,23,West Town
556,30,NO CONTROLS,NO CONTROLS,CLEAR,DAYLIGHT,PEDALCYCLIST,DIVIDED - W/MEDIAN (NOT RAISED),STRAIGHT AND LEVEL,DRY,NO DEFECTS,,UNABLE TO DETERMINE,NOT APPLICABLE,Y,NONINCAPACITATING INJURY,19,6,41.9100379566,-87.7226201201,2018,30,POINT (-87.7226201201 41.9100379566),,,,,2018-06-06,False,22,Humboldt Park
557,30,NO CONTROLS,NO CONTROLS,CLEAR,DAYLIGHT,PEDALCYCLIST,DIVIDED - W/MEDIAN (NOT RAISED),STRAIGHT AND LEVEL,DRY,NO DEFECTS,,NOT APPLICABLE,CELL PHONE USE OTHER THAN TEXTING,,NONINCAPACITATING INJURY,7,6,41.8724562486,-87.6765812959,2018,30,POINT (-87.6765812959 41.8724562486),,,,,2018-06-07,False,27,Near West Side
558,30,STOP SIGN/FLASHER,UNKNOWN,CLEAR,DAYLIGHT,PEDALCYCLIST,OTHER,STRAIGHT AND LEVEL,DRY,UNKNOWN,Y,UNABLE TO DETERMINE,UNABLE TO DETERMINE,N,NO INDICATION OF INJURY,7,6,41.9649252668,-87.6938022069,2018,30,POINT (-87.6938022069 41.9649252668),,,,,2018-06-07,False,3,Lincoln Square
559,30,NO CONTROLS,NO CONTROLS,CLEAR,DAYLIGHT,PEDALCYCLIST,NOT DIVIDED,STRAIGHT AND LEVEL,DRY,NO DEFECTS,Y,UNABLE TO DETERMINE,NOT APPLICABLE,,NO INDICATION OF INJURY,8,6,41.9050751234,-87.668930563,2018,30,POINT (-87.668930563 41.9050751234),,,,,2018-06-07,False,23,West Town
560,30,NO CONTROLS,NO CONTROLS,CLEAR,DAYLIGHT,PEDALCYCLIST,DIVIDED - W/MEDIAN (NOT RAISED),STRAIGHT AND LEVEL,DRY,NO DEFECTS,,IMPROPER LANE USAGE,FAILING TO YIELD RIGHT-OF-WAY,,NONINCAPACITATING INJURY,8,6,41.7937867967,-87.6945943347,2018,30,POINT (-87.6945943347 41.7937867967),,,,,2018-06-07,False,62,Gage Park
561,30,TRAFFIC SIGNAL,NO CONTROLS,CLEAR,DAYLIGHT,PEDALCYCLIST,NOT DIVIDED,STRAIGHT AND LEVEL,DRY,NO DEFECTS,Y,FAILING TO YIELD RIGHT-OF-WAY,FAILING TO YIELD RIGHT-OF-WAY,,NO INDICATION OF INJURY,9,6,41.8742805692,-87.6408911027,2018,30,POINT (-87.6408911027 41.8742805692),,,,,2018-06-07,False,27,Near West Side
562,30,TRAFFIC SIGNAL,FUNCTIONING PROPERLY,CLEAR,DAYLIGHT,PEDALCYCLIST,NOT DIVIDED,STRAIGHT AND LEVEL,DRY,NO DEFECTS,Y,FAILING TO REDUCE SPEED TO AVOID CRASH,NOT APPLICABLE,,"REPORTED, NOT EVIDENT",15,6,41.879427045,-87.6278564858,2018,30,POINT (-87.6278564858 41.879427045),,,,,2018-06-07,False,31,Loop
563,25,TRAFFIC SIGNAL,FUNCTIONING PROPERLY,CLEAR,DAYLIGHT,PEDALCYCLIST,NOT DIVIDED,STRAIGHT AND LEVEL,DRY,NO DEFECTS,Y,UNABLE TO DETERMINE,UNABLE TO DETERMINE,,INCAPACITATING INJURY,18,6,41.896868119,-87.6225564109,2018,25,POINT (-87.6225564109 41.896868119),,,,,2018-06-07,True,7,Near North Side
564,30,NO CONTROLS,NO CONTROLS,CLEAR,DARKNESS,PEDALCYCLIST,DRIVEWAY,STRAIGHT AND LEVEL,DRY,NO DEFECTS,,DRIVING SKILLS/KNOWLEDGE/EXPERIENCE,UNABLE TO DETERMINE,Y,NO INDICATION OF INJURY,20,6,41.7727609708,-87.6930844695,2018,30,POINT (-87.6930844695 41.7727609708),,,,,2018-06-07,False,65,Chicago Lawn
565,25,OTHER,FUNCTIONING PROPERLY,CLOUDY/OVERCAST,DAYLIGHT,PEDALCYCLIST,DIVIDED - W/MEDIAN (NOT RAISED),STRAIGHT AND LEVEL,DRY,NO DEFECTS,,IMPROPER TURNING/NO SIGNAL,IMPROPER OVERTAKING/PASSING,,NONINCAPACITATING INJURY,7,6,41.9169275229,-87.7369386595,2018,25,POINT (-87.7369386595 41.9169275229),,,,,2018-06-08,False,19,Hermosa
566,25,NO CONTROLS,NO CONTROLS,CLEAR,DAYLIGHT,PEDALCYCLIST,ALLEY,STRAIGHT AND LEVEL,DRY,NO DEFECTS,,DRIVING SKILLS/KNOWLEDGE/EXPERIENCE,NOT APPLICABLE,,NONINCAPACITATING INJURY,7,6,41.9970857264,-87.6994756627,2018,25,POINT (-87.6994756627 41.9970857264),,,,,2018-06-08,False,1,West Ridge
567,30,NO CONTROLS,NO CONTROLS,RAIN,DAYLIGHT,PEDALCYCLIST,NOT DIVIDED,STRAIGHT AND LEVEL,WET,NO DEFECTS,,FAILING TO YIELD RIGHT-OF-WAY,FAILING TO YIELD RIGHT-OF-WAY,,NONINCAPACITATING INJURY,13,6,41.9176378303,-87.6781124616,2018,30,POINT (-87.6781124616 41.9176378303),,,,,2018-06-08,False,6,Lincoln Park
568,30,TRAFFIC SIGNAL,FUNCTIONING PROPERLY,CLEAR,DAYLIGHT,PEDALCYCLIST,NOT DIVIDED,STRAIGHT AND LEVEL,WET,NO DEFECTS,Y,DISREGARDING TRAFFIC SIGNALS,NOT APPLICABLE,,NONINCAPACITATING INJURY,13,6,41.8120425739,-87.6838161053,2018,30,POINT (-87.6838161053 41.8120425739),,,,,2018-06-08,False,60,New City
569,30,TRAFFIC SIGNAL,FUNCTIONING PROPERLY,CLEAR,DAYLIGHT,PEDALCYCLIST,NOT DIVIDED,STRAIGHT AND LEVEL,DRY,NO DEFECTS,Y,FAILING TO YIELD RIGHT-OF-WAY,IMPROPER TURNING/NO SIGNAL,,NO INDICATION OF INJURY,18,6,41.9611784957,-87.7181026024,2018,30,POINT (-87.7181026024 41.9611784957),,,,,2018-06-08,False,13,Albany Park
570,30,TRAFFIC SIGNAL,FUNCTIONING PROPERLY,CLEAR,"DARKNESS, LIGHTED ROAD",PEDALCYCLIST,NOT DIVIDED,STRAIGHT AND LEVEL,DRY,UNKNOWN,Y,FAILING TO YIELD RIGHT-OF-WAY,IMPROPER TURNING/NO SIGNAL,,NO INDICATION OF INJURY,20,6,41.8916138669,-87.6397539462,2018,30,POINT (-87.6397539462 41.8916138669),,,,,2018-06-08,False,7,Near North Side
571,30,NO CONTROLS,NO CONTROLS,CLEAR,"DARKNESS, LIGHTED ROAD",PEDALCYCLIST,PARKING LOT,STRAIGHT AND LEVEL,DRY,NO DEFECTS,,FAILING TO YIELD RIGHT-OF-WAY,NOT APPLICABLE,,NONINCAPACITATING INJURY,21,6,41.808330459,-87.6978106221,2018,30,POINT (-87.6978106221 41.808330459),,,,,2018-06-08,False,57,Brighton Park
572,30,TRAFFIC SIGNAL,FUNCTIONING PROPERLY,RAIN,DAYLIGHT,PEDALCYCLIST,OTHER,STRAIGHT AND LEVEL,WET,NO DEFECTS,Y,FAILING TO YIELD RIGHT-OF-WAY,TURNING RIGHT ON RED,,NONINCAPACITATING INJURY,10,6,41.8162551847,-87.6455821443,2018,30,POINT (-87.6455821443 41.8162551847),,,,,2018-06-09,False,60,New City
573,35,LANE USE MARKING,FUNCTIONING PROPERLY,CLEAR,DAYLIGHT,PEDALCYCLIST,NOT DIVIDED,STRAIGHT AND LEVEL,DRY,NO DEFECTS,,FAILING TO YIELD RIGHT-OF-WAY,NOT APPLICABLE,,INCAPACITATING INJURY,14,6,41.6917610074,-87.6936595449,2018,35,POINT (-87.6936595449 41.6917610074),,,,,2018-06-09,True,74,Morgan Park
574,30,STOP SIGN/FLASHER,FUNCTIONING PROPERLY,CLEAR,DAYLIGHT,PEDALCYCLIST,NOT DIVIDED,STRAIGHT AND LEVEL,DRY,NO DEFECTS,,UNABLE TO DETERMINE,UNABLE TO DETERMINE,,NONINCAPACITATING INJURY,17,6,41.8786253283,-87.686512638,2018,30,POINT (-87.686512638 41.8786253283),,,,,2018-06-09,False,27,Near West Side
575,35,NO CONTROLS,NO CONTROLS,CLEAR,DUSK,PEDALCYCLIST,NOT DIVIDED,STRAIGHT AND LEVEL,DRY,NO DEFECTS,,"OPERATING VEHICLE IN ERRATIC, RECKLESS, CARELESS, NEGLIGENT OR AGGRESSIVE MANNER",UNABLE TO DETERMINE,,NO INDICATION OF INJURY,19,6,41.9210761576,-87.6941378591,2018,35,POINT (-87.6941378591 41.9210761576),,,,,2018-06-09,False,21,Logan Square
576,0,NO CONTROLS,NO CONTROLS,CLEAR,UNKNOWN,PEDALCYCLIST,DIVIDED - W/MEDIAN BARRIER,STRAIGHT AND LEVEL,DRY,NO DEFECTS,,UNABLE TO DETERMINE,NOT APPLICABLE,,NO INDICATION OF INJURY,20,6,41.8889366809,-87.6478549048,2018,0,POINT (-87.6478549048 41.8889366809),,,,,2018-06-09,False,7,Near North Side
577,30,LANE USE MARKING,FUNCTIONING PROPERLY,CLEAR,DUSK,PEDALCYCLIST,NOT DIVIDED,STRAIGHT AND LEVEL,DRY,UNKNOWN,,"OPERATING VEHICLE IN ERRATIC, RECKLESS, CARELESS, NEGLIGENT OR AGGRESSIVE MANNER",IMPROPER LANE USAGE,,NONINCAPACITATING INJURY,20,6,41.7815213903,-87.6544068811,2018,30,POINT (-87.6544068811 41.7815213903),,,,,2018-06-09,False,66,Englewood
578,30,NO CONTROLS,NO CONTROLS,UNKNOWN,"DARKNESS, LIGHTED ROAD",PEDALCYCLIST,DIVIDED - W/MEDIAN (NOT RAISED),STRAIGHT AND LEVEL,UNKNOWN,UNKNOWN,,UNABLE TO DETERMINE,NOT APPLICABLE,,NO INDICATION OF INJURY,2,6,42.0126088292,-87.6825650142,2018,30,POINT (-87.6825650142 42.0126088292),,,,,2018-06-10,False,0,Rogers Park
579,25,NO CONTROLS,NO CONTROLS,RAIN,DAYLIGHT,PEDALCYCLIST,ALLEY,STRAIGHT AND LEVEL,WET,UNKNOWN,,FAILING TO YIELD RIGHT-OF-WAY,NOT APPLICABLE,,NONINCAPACITATING INJURY,12,6,41.9519958573,-87.8171966248,2018,25,POINT (-87.8171966248 41.9519958573),,,,,2018-06-10,False,16,Dunning
580,30,TRAFFIC SIGNAL,FUNCTIONING PROPERLY,OTHER,DAYLIGHT,PEDALCYCLIST,DIVIDED - W/MEDIAN (NOT RAISED),STRAIGHT AND LEVEL,WET,NO DEFECTS,,UNABLE TO DETERMINE,UNABLE TO DETERMINE,,NONINCAPACITATING INJURY,18,6,41.9243147966,-87.7488839446,2018,30,POINT (-87.7488839446 41.9243147966),,,,,2018-06-10,False,18,Belmont Cragin
581,30,NO CONTROLS,NO CONTROLS,CLEAR,DAYLIGHT,PEDALCYCLIST,DIVIDED - W/MEDIAN (NOT RAISED),STRAIGHT AND LEVEL,DRY,UNKNOWN,,UNABLE TO DETERMINE,UNABLE TO DETERMINE,,INCAPACITATING INJURY,19,6,41.9885221944,-87.7066393864,2018,30,POINT (-87.7066393864 41.9885221944),,,,,2018-06-10,True,1,West Ridge