Unnamed: 0,POSTED_SPEED_LIMIT,TRAFFIC_CONTROL_DEVICE,DEVICE_CONDITION,WEATHER_CONDITION,LIGHTING_CONDITION,FIRST_CRASH_TYPE,TRAFFICWAY_TYPE,ALIGNMENT,ROADWAY_SURFACE_COND,ROAD_DEFECT,INTERSECTION_RELATED_I,PRIM_CONTRIBUTORY_CAUSE,SEC_CONTRIBUTORY_CAUSE,DOORING_I,MOST_SEVERE_INJURY,CRASH_HOUR,CRASH_MONTH,LATITUDE,LONGITUDE,CRASH_YEAR,SPEED_LIMIT,geometry,DISPLAYROU,the_geom,DIST,LANE_TYPE,CRASH_DATE,is_severe,index_right,CArea
582,25,STOP SIGN/FLASHER,FUNCTIONING PROPERLY,RAIN,DAYLIGHT,PEDALCYCLIST,ONE-WAY,STRAIGHT AND LEVEL,WET,NO DEFECTS,Y,WEATHER,UNABLE TO DETERMINE,,"REPORTED, NOT EVIDENT",7,6,42.0085988677,-87.6680351161,2018,25,POINT (-87.6680351161 42.0085988677),,,,,2018-06-11,False,0,Rogers Park
583,30,STOP SIGN/FLASHER,FUNCTIONING PROPERLY,RAIN,DAYLIGHT,PEDALCYCLIST,ONE-WAY,STRAIGHT AND LEVEL,WET,NO DEFECTS,,DRIVING ON WRONG SIDE/WRONG WAY,NOT APPLICABLE,,NONINCAPACITATING INJURY,8,6,41.9689787965,-87.6560740045,2018,30,POINT (-87.6560740045 41.9689787965),,,,,2018-06-11,False,2,Uptown
584,5,NO CONTROLS,NO CONTROLS,CLEAR,DAYLIGHT,PEDALCYCLIST,DRIVEWAY,STRAIGHT AND LEVEL,DRY,NO DEFECTS,Y,NOT APPLICABLE,BICYCLE ADVANCING LEGALLY ON RED LIGHT,,"REPORTED, NOT EVIDENT",15,6,41.9917049141,-87.6898457701,2018,5,POINT (-87.6898457701 41.9917049141),,,,,2018-06-11,False,1,West Ridge
585,15,TRAFFIC SIGNAL,FUNCTIONING PROPERLY,CLEAR,DAYLIGHT,PEDALCYCLIST,NOT DIVIDED,STRAIGHT AND LEVEL,DRY,NO DEFECTS,,FAILING TO YIELD RIGHT-OF-WAY,UNABLE TO DETERMINE,,NO INDICATION OF INJURY,18,6,41.7841689053,-87.6059320231,2018,15,POINT (-87.6059320231 41.7841689053),,,,,2018-06-11,False,41,Woodlawn
586,30,TRAFFIC SIGNAL,FUNCTIONING PROPERLY,CLEAR,DARKNESS,PEDALCYCLIST,CENTER TURN LANE,STRAIGHT AND LEVEL,DRY,NO DEFECTS,,FAILING TO YIELD RIGHT-OF-WAY,UNABLE TO DETERMINE,,NO INDICATION OF INJURY,20,6,41.8761275956,-87.7012332201,2018,30,POINT (-87.7012332201 41.8761275956),,,,,2018-06-11,False,26,Garfield Park
587,30,NO CONTROLS,NO CONTROLS,CLEAR,DARKNESS,PEDALCYCLIST,OTHER,STRAIGHT AND LEVEL,DRY,NO DEFECTS,,UNABLE TO DETERMINE,UNABLE TO DETERMINE,Y,NONINCAPACITATING INJURY,20,6,41.95365395,-87.6688834755,2018,30,POINT (-87.6688834755 41.95365395),,,,,2018-06-11,False,5,Lake View
588,30,TRAFFIC SIGNAL,FUNCTIONING PROPERLY,CLEAR,"DARKNESS, LIGHTED ROAD",PEDALCYCLIST,NOT DIVIDED,STRAIGHT AND LEVEL,DRY,NO DEFECTS,,FAILING TO YIELD RIGHT-OF-WAY,FAILING TO YIELD RIGHT-OF-WAY,,NO INDICATION OF INJURY,20,6,41.8758939409,-87.7012249646,2018,30,POINT (-87.7012249646 41.8758939409),,,,,2018-06-11,False,26,Garfield Park
589,30,NO CONTROLS,NO CONTROLS,CLEAR,DAYLIGHT,PEDALCYCLIST,DIVIDED - W/MEDIAN (NOT RAISED),STRAIGHT AND LEVEL,WET,NO DEFECTS,,UNABLE TO DETERMINE,UNABLE TO DETERMINE,Y,NONINCAPACITATING INJURY,8,6,41.9191774451,-87.6778183497,2018,30,POINT (-87.6778183497 41.9191774451),,,,,2018-06-12,False,6,Lincoln Park
590,30,TRAFFIC SIGNAL,FUNCTIONING IMPROPERLY,CLEAR,DAYLIGHT,PEDALCYCLIST,CENTER TURN LANE,STRAIGHT AND LEVEL,DRY,NO DEFECTS,Y,UNABLE TO DETERMINE,UNABLE TO DETERMINE,,NONINCAPACITATING INJURY,14,6,41.7933145311,-87.7107539448,2018,30,POINT (-87.7107539448 41.7933145311),,,,,2018-06-12,False,62,Gage Park
591,30,TRAFFIC SIGNAL,FUNCTIONING PROPERLY,CLEAR,DAYLIGHT,PEDALCYCLIST,DIVIDED - W/MEDIAN (NOT RAISED),STRAIGHT AND LEVEL,DRY,NO DEFECTS,,IMPROPER OVERTAKING/PASSING,NOT APPLICABLE,,NO INDICATION OF INJURY,17,6,41.8666601912,-87.6838095971,2018,30,POINT (-87.6838095971 41.8666601912),,,,,2018-06-12,False,27,Near West Side
592,30,NO CONTROLS,NO CONTROLS,CLEAR,DAYLIGHT,PEDALCYCLIST,NOT DIVIDED,STRAIGHT AND LEVEL,DRY,NO DEFECTS,Y,FAILING TO YIELD RIGHT-OF-WAY,FAILING TO REDUCE SPEED TO AVOID CRASH,,NONINCAPACITATING INJURY,18,6,41.9219004012,-87.6954875737,2018,30,POINT (-87.6954875737 41.9219004012),,,,,2018-06-12,False,21,Logan Square
593,30,TRAFFIC SIGNAL,UNKNOWN,UNKNOWN,UNKNOWN,PEDALCYCLIST,NOT DIVIDED,STRAIGHT AND LEVEL,UNKNOWN,UNKNOWN,,NOT APPLICABLE,NOT APPLICABLE,Y,NO INDICATION OF INJURY,18,6,41.8914351048,-87.6265622433,2018,30,POINT (-87.6265622433 41.8914351048),,,,,2018-06-12,False,7,Near North Side
594,30,TRAFFIC SIGNAL,FUNCTIONING PROPERLY,CLOUDY/OVERCAST,"DARKNESS, LIGHTED ROAD",PEDALCYCLIST,OTHER,STRAIGHT AND LEVEL,DRY,NO DEFECTS,Y,UNABLE TO DETERMINE,UNABLE TO DETERMINE,,INCAPACITATING INJURY,21,6,41.8806910757,-87.7380381315,2018,30,POINT (-87.7380381315 41.8806910757),,,,,2018-06-12,True,25,Garfield Park
595,30,NO CONTROLS,NO CONTROLS,CLEAR,DAYLIGHT,PEDALCYCLIST,NOT DIVIDED,STRAIGHT AND LEVEL,DRY,NO DEFECTS,Y,"VISION OBSCURED (SIGNS, TREE LIMBS, BUILDINGS, ETC.)",NOT APPLICABLE,,NONINCAPACITATING INJURY,9,6,41.9313996709,-87.7483952914,2018,30,POINT (-87.7483952914 41.9313996709),,,,,2018-06-13,False,18,Belmont Cragin
596,30,NO CONTROLS,NO CONTROLS,CLEAR,DAYLIGHT,PEDALCYCLIST,NOT DIVIDED,STRAIGHT AND LEVEL,DRY,NO DEFECTS,,UNABLE TO DETERMINE,NOT APPLICABLE,Y,NONINCAPACITATING INJURY,12,6,41.9399638099,-87.6579841282,2018,30,POINT (-87.6579841282 41.9399638099),,,,,2018-06-13,False,5,Lake View
597,30,NO CONTROLS,NO CONTROLS,CLEAR,DAYLIGHT,PEDALCYCLIST,DIVIDED - W/MEDIAN (NOT RAISED),STRAIGHT AND LEVEL,DRY,NO DEFECTS,,"VISION OBSCURED (SIGNS, TREE LIMBS, BUILDINGS, ETC.)",ROAD CONSTRUCTION/MAINTENANCE,,NO INDICATION OF INJURY,15,6,41.9583294163,-87.797567915,2018,30,POINT (-87.797567915 41.9583294163),,,,,2018-06-13,False,16,Dunning
598,30,NO CONTROLS,UNKNOWN,CLEAR,DAYLIGHT,PEDALCYCLIST,ONE-WAY,STRAIGHT AND LEVEL,DRY,UNKNOWN,,UNABLE TO DETERMINE,UNABLE TO DETERMINE,,NO INDICATION OF INJURY,17,6,41.8805570251,-87.6371317761,2018,30,POINT (-87.6371317761 41.8805570251),,,,,2018-06-13,False,27,Near West Side
599,30,NO CONTROLS,NO CONTROLS,CLEAR,DAYLIGHT,PEDALCYCLIST,ONE-WAY,STRAIGHT AND LEVEL,DRY,NO DEFECTS,,UNABLE TO DETERMINE,NOT APPLICABLE,N,NO INDICATION OF INJURY,17,6,41.8809385039,-87.6242713083,2018,30,POINT (-87.6242713083 41.8809385039),,,,,2018-06-13,False,31,Loop
600,20,NO CONTROLS,NO CONTROLS,UNKNOWN,DAYLIGHT,PEDALCYCLIST,DIVIDED - W/MEDIAN (NOT RAISED),STRAIGHT AND LEVEL,UNKNOWN,UNKNOWN,Y,UNABLE TO DETERMINE,UNABLE TO DETERMINE,,NONINCAPACITATING INJURY,18,6,42.0124685016,-87.6779730332,2018,20,POINT (-87.6779730332 42.0124685016),,,,,2018-06-13,False,0,Rogers Park
601,25,UNKNOWN,UNKNOWN,CLEAR,DUSK,PEDALCYCLIST,DIVIDED - W/MEDIAN (NOT RAISED),STRAIGHT AND LEVEL,DRY,UNKNOWN,,UNABLE TO DETERMINE,UNABLE TO DETERMINE,Y,"REPORTED, NOT EVIDENT",20,6,41.9683848021,-87.7035677969,2018,25,POINT (-87.7035677969 41.9683848021),,,,,2018-06-13,False,3,Lincoln Square
602,30,NO CONTROLS,NO CONTROLS,CLEAR,"DARKNESS, LIGHTED ROAD",PEDALCYCLIST,DIVIDED - W/MEDIAN BARRIER,STRAIGHT AND LEVEL,DRY,NO DEFECTS,,FAILING TO YIELD RIGHT-OF-WAY,DRIVING SKILLS/KNOWLEDGE/EXPERIENCE,,FATAL,21,6,41.8940950273,-87.6566492468,2018,30,POINT (-87.6566492468 41.8940950273),,,,,2018-06-13,True,7,Near North Side
603,30,NO CONTROLS,NO CONTROLS,CLEAR,DAYLIGHT,PEDALCYCLIST,ONE-WAY,STRAIGHT AND LEVEL,DRY,NO DEFECTS,,UNABLE TO DETERMINE,NOT APPLICABLE,Y,NO INDICATION OF INJURY,7,6,41.9209273422,-87.7219254107,2018,30,POINT (-87.7219254107 41.9209273422),,,,,2018-06-14,False,21,Logan Square
604,25,NO CONTROLS,NO CONTROLS,CLEAR,DAYLIGHT,PEDALCYCLIST,NOT DIVIDED,STRAIGHT AND LEVEL,DRY,NO DEFECTS,,NOT APPLICABLE,NOT APPLICABLE,,NO INDICATION OF INJURY,7,6,41.9722197928,-87.7060755261,2018,25,POINT (-87.7060755261 41.9722197928),,,,,2018-06-14,False,3,Lincoln Square
605,30,UNKNOWN,UNKNOWN,UNKNOWN,DAYLIGHT,PEDALCYCLIST,NOT DIVIDED,STRAIGHT AND LEVEL,UNKNOWN,UNKNOWN,,NOT APPLICABLE,UNABLE TO DETERMINE,,NO INDICATION OF INJURY,12,6,41.8852130043,-87.6469962977,2018,30,POINT (-87.6469962977 41.8852130043),,,,,2018-06-14,False,27,Near West Side
606,15,STOP SIGN/FLASHER,UNKNOWN,CLEAR,DAYLIGHT,PEDALCYCLIST,ONE-WAY,STRAIGHT AND LEVEL,DRY,NO DEFECTS,,UNABLE TO DETERMINE,UNABLE TO DETERMINE,,NONINCAPACITATING INJURY,13,6,41.8740294633,-87.7427202403,2018,15,POINT (-87.7427202403 41.8740294633),,,,,2018-06-14,False,24,Austin
607,30,NO CONTROLS,NO CONTROLS,CLEAR,DAYLIGHT,PEDALCYCLIST,DIVIDED - W/MEDIAN (NOT RAISED),STRAIGHT AND LEVEL,DRY,NO DEFECTS,,FAILING TO YIELD RIGHT-OF-WAY,UNABLE TO DETERMINE,,"REPORTED, NOT EVIDENT",14,6,41.9123548784,-87.6802996713,2018,30,POINT (-87.6802996713 41.9123548784),,,,,2018-06-14,False,6,Lincoln Park
608,30,OTHER,FUNCTIONING PROPERLY,CLEAR,DAYLIGHT,PEDALCYCLIST,NOT DIVIDED,STRAIGHT AND LEVEL,DRY,NO DEFECTS,,NOT APPLICABLE,NOT APPLICABLE,,NO INDICATION OF INJURY,17,6,41.6631320832,-87.6416644181,2018,30,POINT (-87.6416644181 41.6631320832),,,,,2018-06-14,False,52,West Pullman
609,30,NO CONTROLS,NO CONTROLS,CLEAR,DAYLIGHT,PEDALCYCLIST,NOT DIVIDED,STRAIGHT AND LEVEL,DRY,NO DEFECTS,,UNABLE TO DETERMINE,UNABLE TO DETERMINE,Y,NO INDICATION OF INJURY,18,6,41.9097383411,-87.6766926547,2018,30,POINT (-87.6766926547 41.9097383411),,,,,2018-06-14,False,23,West Town
610,30,NO CONTROLS,NO CONTROLS,CLEAR,"DARKNESS, LIGHTED ROAD",PEDALCYCLIST,NOT DIVIDED,STRAIGHT AND LEVEL,DRY,NO DEFECTS,Y,IMPROPER TURNING/NO SIGNAL,NOT APPLICABLE,,NONINCAPACITATING INJURY,20,6,41.7821176015,-87.6073715654,2018,30,POINT (-87.6073715654 41.7821176015),,,,,2018-06-14,False,39,Washington Park
611,30,TRAFFIC SIGNAL,FUNCTIONING PROPERLY,CLEAR,DUSK,PEDALCYCLIST,DIVIDED - W/MEDIAN (NOT RAISED),STRAIGHT AND LEVEL,DRY,NO DEFECTS,,IMPROPER LANE USAGE,FAILING TO REDUCE SPEED TO AVOID CRASH,,NO INDICATION OF INJURY,20,6,41.9169395903,-87.687828323,2018,30,POINT (-87.687828323 41.9169395903),,,,,2018-06-14,False,21,Logan Square
612,30,NO CONTROLS,NO CONTROLS,CLEAR,"DARKNESS, LIGHTED ROAD",PEDALCYCLIST,DIVIDED - W/MEDIAN (NOT RAISED),STRAIGHT AND LEVEL,DRY,NO DEFECTS,Y,"OPERATING VEHICLE IN ERRATIC, RECKLESS, CARELESS, NEGLIGENT OR AGGRESSIVE MANNER",UNABLE TO DETERMINE,,NONINCAPACITATING INJURY,21,6,41.9172206184,-87.659426366,2018,30,POINT (-87.659426366 41.9172206184),,,,,2018-06-14,False,6,Lincoln Park
613,35,NO CONTROLS,NO CONTROLS,CLEAR,"DARKNESS, LIGHTED ROAD",PEDALCYCLIST,NOT DIVIDED,STRAIGHT AND LEVEL,DRY,NO DEFECTS,,IMPROPER LANE USAGE,"OPERATING VEHICLE IN ERRATIC, RECKLESS, CARELESS, NEGLIGENT OR AGGRESSIVE MANNER",,"REPORTED, NOT EVIDENT",21,6,41.8618808148,-87.6241738232,2018,35,POINT (-87.6241738232 41.8618808148),,,,,2018-06-14,False,32,Near South Side
614,20,STOP SIGN/FLASHER,NO CONTROLS,CLEAR,"DARKNESS, LIGHTED ROAD",PEDALCYCLIST,NOT DIVIDED,STRAIGHT AND LEVEL,DRY,UNKNOWN,Y,DISREGARDING STOP SIGN,UNABLE TO DETERMINE,N,NONINCAPACITATING INJURY,0,6,41.6687925917,-87.6261007256,2018,20,POINT (-87.6261007256 41.6687925917),,,,,2018-06-15,False,52,West Pullman
615,30,NO CONTROLS,NO CONTROLS,CLEAR,DAYLIGHT,PEDALCYCLIST,DIVIDED - W/MEDIAN (NOT RAISED),STRAIGHT AND LEVEL,DRY,NO DEFECTS,,UNABLE TO DETERMINE,UNABLE TO DETERMINE,,NONINCAPACITATING INJURY,9,6,41.7431240501,-87.6536844125,2018,30,POINT (-87.6536844125 41.7431240501),,,,,2018-06-15,False,70,Auburn Gresham
616,25,UNKNOWN,UNKNOWN,CLEAR,DAYLIGHT,PEDALCYCLIST,NOT DIVIDED,STRAIGHT AND LEVEL,UNKNOWN,UNKNOWN,,UNABLE TO DETERMINE,UNABLE TO DETERMINE,,"REPORTED, NOT EVIDENT",11,6,41.7145806371,-87.6141233952,2018,25,POINT (-87.6141233952 41.7145806371),,,,,2018-06-15,False,48,Roseland
617,30,TRAFFIC SIGNAL,FUNCTIONING PROPERLY,CLEAR,DAYLIGHT,PEDALCYCLIST,NOT DIVIDED,STRAIGHT ON HILLCREST,DRY,NO DEFECTS,Y,DISREGARDING TRAFFIC SIGNALS,NOT APPLICABLE,,NONINCAPACITATING INJURY,11,6,41.7147115937,-87.6140993108,2018,30,POINT (-87.6140993108 41.7147115937),,,,,2018-06-15,False,48,Roseland
618,30,NO CONTROLS,NO CONTROLS,RAIN,DAYLIGHT,PEDALCYCLIST,NOT DIVIDED,STRAIGHT AND LEVEL,WET,"RUT, HOLES",,UNABLE TO DETERMINE,UNABLE TO DETERMINE,,NONINCAPACITATING INJURY,11,6,41.8809805549,-87.6474821662,2018,30,POINT (-87.6474821662 41.8809805549),,,,,2018-06-15,False,27,Near West Side
619,30,NO CONTROLS,NO CONTROLS,CLEAR,DAYLIGHT,PEDALCYCLIST,NOT DIVIDED,STRAIGHT AND LEVEL,DRY,NO DEFECTS,,UNABLE TO DETERMINE,UNABLE TO DETERMINE,,NO INDICATION OF INJURY,12,6,41.9901985203,-87.715262373,2018,30,POINT (-87.715262373 41.9901985203),,,,,2018-06-15,False,12,North Park
620,30,NO CONTROLS,NO CONTROLS,CLEAR,DAYLIGHT,PEDALCYCLIST,NOT DIVIDED,STRAIGHT AND LEVEL,DRY,NO DEFECTS,,UNABLE TO DETERMINE,NOT APPLICABLE,Y,NONINCAPACITATING INJURY,14,6,41.9758440047,-87.6848641676,2018,30,POINT (-87.6848641676 41.9758440047),,,,,2018-06-15,False,3,Lincoln Square
621,30,NO CONTROLS,NO CONTROLS,CLEAR,DAYLIGHT,PEDALCYCLIST,NOT DIVIDED,STRAIGHT AND LEVEL,DRY,NO DEFECTS,,UNABLE TO DETERMINE,NOT APPLICABLE,Y,NO INDICATION OF INJURY,14,6,41.9250048673,-87.6877928032,2018,30,POINT (-87.6877928032 41.9250048673),,,,,2018-06-15,False,21,Logan Square
622,30,NO CONTROLS,NO CONTROLS,CLEAR,DAYLIGHT,PEDALCYCLIST,OTHER,STRAIGHT AND LEVEL,DRY,NO DEFECTS,,FAILING TO YIELD RIGHT-OF-WAY,DRIVING ON WRONG SIDE/WRONG WAY,,NO INDICATION OF INJURY,17,6,41.778088437,-87.7542230706,2018,30,POINT (-87.7542230706 41.778088437),,,,,2018-06-15,False,63,Clearing
623,30,NO CONTROLS,NO CONTROLS,CLEAR,"DARKNESS, LIGHTED ROAD",PEDALCYCLIST,DIVIDED - W/MEDIAN BARRIER,STRAIGHT AND LEVEL,DRY,NO DEFECTS,,FAILING TO YIELD RIGHT-OF-WAY,IMPROPER LANE USAGE,,NONINCAPACITATING INJURY,21,6,41.9346468552,-87.6878064836,2018,30,POINT (-87.6878064836 41.9346468552),,,,,2018-06-15,False,4,North Center
624,30,NO CONTROLS,NO CONTROLS,RAIN,DARKNESS,PEDALCYCLIST,DIVIDED - W/MEDIAN (NOT RAISED),STRAIGHT AND LEVEL,WET,NO DEFECTS,,UNABLE TO DETERMINE,UNABLE TO DETERMINE,,INCAPACITATING INJURY,4,6,41.9250824802,-87.6824761514,2018,30,POINT (-87.6824761514 41.9250824802),,,,,2018-06-16,True,6,Lincoln Park
625,25,NO CONTROLS,NO CONTROLS,CLEAR,DAYLIGHT,PEDALCYCLIST,NOT DIVIDED,STRAIGHT AND LEVEL,OTHER,DEBRIS ON ROADWAY,,FAILING TO YIELD RIGHT-OF-WAY,NOT APPLICABLE,,NONINCAPACITATING INJURY,10,6,41.9913836994,-87.6754243365,2018,25,POINT (-87.6754243365 41.9913836994),,,,,2018-06-16,False,1,West Ridge
626,30,NO CONTROLS,NO CONTROLS,CLEAR,DAYLIGHT,PEDALCYCLIST,OTHER,STRAIGHT AND LEVEL,DRY,NO DEFECTS,Y,FAILING TO YIELD RIGHT-OF-WAY,UNABLE TO DETERMINE,Y,NONINCAPACITATING INJURY,10,6,41.9586244326,-87.7529149233,2018,30,POINT (-87.7529149233 41.9586244326),,,,,2018-06-16,False,14,Portage Park
627,30,NO CONTROLS,NO CONTROLS,CLEAR,DAYLIGHT,PEDALCYCLIST,NOT DIVIDED,STRAIGHT AND LEVEL,DRY,NO DEFECTS,Y,IMPROPER OVERTAKING/PASSING,NOT APPLICABLE,,NONINCAPACITATING INJURY,10,6,41.7867561531,-87.6572572883,2018,30,POINT (-87.6572572883 41.7867561531),,,,,2018-06-16,False,66,Englewood
628,30,NO CONTROLS,NO CONTROLS,CLEAR,DAYLIGHT,PEDALCYCLIST,NOT DIVIDED,STRAIGHT AND LEVEL,DRY,NO DEFECTS,Y,FAILING TO YIELD RIGHT-OF-WAY,NOT APPLICABLE,,INCAPACITATING INJURY,17,6,41.9550086941,-87.6795175908,2018,30,POINT (-87.6795175908 41.9550086941),,,,,2018-06-16,True,4,North Center
629,30,STOP SIGN/FLASHER,FUNCTIONING PROPERLY,CLEAR,DAYLIGHT,PEDALCYCLIST,ONE-WAY,STRAIGHT AND LEVEL,DRY,NO DEFECTS,Y,UNABLE TO DETERMINE,UNABLE TO DETERMINE,,NONINCAPACITATING INJURY,18,6,41.9081283702,-87.6763420233,2018,30,POINT (-87.6763420233 41.9081283702),,,,,2018-06-16,False,23,West Town
630,25,TRAFFIC SIGNAL,FUNCTIONING PROPERLY,CLEAR,DAYLIGHT,PEDALCYCLIST,NOT DIVIDED,STRAIGHT AND LEVEL,DRY,UNKNOWN,,UNABLE TO DETERMINE,NOT APPLICABLE,,NO INDICATION OF INJURY,19,6,42.011772472,-87.7089195354,2018,25,POINT (-87.7089195354 42.011772472),,,,,2018-06-16,False,1,West Ridge
631,30,NO CONTROLS,NO CONTROLS,CLEAR,DAYLIGHT,PEDALCYCLIST,NOT DIVIDED,STRAIGHT AND LEVEL,DRY,NO DEFECTS,,UNABLE TO DETERMINE,UNABLE TO DETERMINE,,NO INDICATION OF INJURY,5,6,41.9089655541,-87.7169168687,2018,30,POINT (-87.7169168687 41.9089655541),,,,,2018-06-17,False,22,Humboldt Park
632,30,TRAFFIC SIGNAL,FUNCTIONING PROPERLY,CLEAR,DAYLIGHT,PEDALCYCLIST,ONE-WAY,STRAIGHT AND LEVEL,DRY,NO DEFECTS,Y,DISREGARDING OTHER TRAFFIC SIGNS,FAILING TO YIELD RIGHT-OF-WAY,,NONINCAPACITATING INJURY,15,6,41.8908920257,-87.6243048291,2018,30,POINT (-87.6243048291 41.8908920257),,,,,2018-06-17,False,7,Near North Side
633,15,NO CONTROLS,NO CONTROLS,CLEAR,DAYLIGHT,PEDALCYCLIST,NOT DIVIDED,STRAIGHT AND LEVEL,DRY,NO DEFECTS,,"OPERATING VEHICLE IN ERRATIC, RECKLESS, CARELESS, NEGLIGENT OR AGGRESSIVE MANNER",UNABLE TO DETERMINE,,NONINCAPACITATING INJURY,18,6,41.7773592379,-87.7762162315,2018,15,POINT (-87.7762162315 41.7773592379),,,,,2018-06-17,False,63,Clearing
634,30,NO CONTROLS,FUNCTIONING PROPERLY,CLEAR,DAYLIGHT,PEDALCYCLIST,NOT DIVIDED,STRAIGHT AND LEVEL,DRY,NO DEFECTS,,IMPROPER BACKING,FAILING TO YIELD RIGHT-OF-WAY,,NONINCAPACITATING INJURY,19,6,41.8806765011,-87.7209522431,2018,30,POINT (-87.7209522431 41.8806765011),,,,,2018-06-17,False,25,Garfield Park
635,35,TRAFFIC SIGNAL,FUNCTIONING PROPERLY,UNKNOWN,DAYLIGHT,PEDALCYCLIST,DIVIDED - W/MEDIAN BARRIER,STRAIGHT AND LEVEL,UNKNOWN,UNKNOWN,Y,DISREGARDING TRAFFIC SIGNALS,NOT APPLICABLE,,NONINCAPACITATING INJURY,19,6,41.6922670889,-87.6422298341,2018,35,POINT (-87.6422298341 41.6922670889),,,,,2018-06-17,False,48,Roseland
636,30,NO CONTROLS,NO CONTROLS,CLEAR,DUSK,PEDALCYCLIST,NOT DIVIDED,STRAIGHT AND LEVEL,DRY,NO DEFECTS,,UNABLE TO DETERMINE,UNABLE TO DETERMINE,,NONINCAPACITATING INJURY,19,6,41.9543352579,-87.7127793583,2018,30,POINT (-87.7127793583 41.9543352579),,,,,2018-06-17,False,15,Irving Park
637,30,TRAFFIC SIGNAL,FUNCTIONING PROPERLY,CLEAR,"DARKNESS, LIGHTED ROAD",PEDALCYCLIST,NOT DIVIDED,STRAIGHT AND LEVEL,DRY,NO DEFECTS,,UNABLE TO DETERMINE,UNABLE TO DETERMINE,,"REPORTED, NOT EVIDENT",0,6,41.8973964362,-87.7064699152,2018,30,POINT (-87.7064699152 41.8973964362),,,,,2018-06-18,False,22,Humboldt Park
638,30,TRAFFIC SIGNAL,FUNCTIONING PROPERLY,CLEAR,"DARKNESS, LIGHTED ROAD",PEDALCYCLIST,NOT DIVIDED,STRAIGHT AND LEVEL,DRY,NO DEFECTS,,DISREGARDING TRAFFIC SIGNALS,NOT APPLICABLE,,"REPORTED, NOT EVIDENT",2,6,41.8201435245,-87.6946012411,2018,30,POINT (-87.6946012411 41.8201435245),,,,,2018-06-18,False,29,South Lawndale
639,30,NO CONTROLS,NO CONTROLS,CLEAR,DAYLIGHT,PEDALCYCLIST,DIVIDED - W/MEDIAN (NOT RAISED),STRAIGHT AND LEVEL,DRY,NO DEFECTS,,UNABLE TO DETERMINE,UNABLE TO DETERMINE,,NONINCAPACITATING INJURY,6,6,41.9230385136,-87.7872091269,2018,30,POINT (-87.7872091269 41.9230385136),,,,,2018-06-18,False,18,Belmont Cragin
640,20,TRAFFIC SIGNAL,FUNCTIONING PROPERLY,CLEAR,DAYLIGHT,PEDALCYCLIST,DIVIDED - W/MEDIAN (NOT RAISED),STRAIGHT AND LEVEL,DRY,NO DEFECTS,Y,UNABLE TO DETERMINE,NOT APPLICABLE,,NONINCAPACITATING INJURY,6,6,41.9313859768,-87.7663105316,2018,20,POINT (-87.7663105316 41.9313859768),,,,,2018-06-18,False,18,Belmont Cragin
641,30,NO CONTROLS,NO CONTROLS,CLEAR,DAYLIGHT,PEDALCYCLIST,NOT DIVIDED,STRAIGHT AND LEVEL,DRY,NO DEFECTS,,IMPROPER TURNING/NO SIGNAL,NOT APPLICABLE,,NONINCAPACITATING INJURY,8,6,41.8809640646,-87.7549395286,2018,30,POINT (-87.7549395286 41.8809640646),,,,,2018-06-18,False,24,Austin
642,30,UNKNOWN,UNKNOWN,UNKNOWN,UNKNOWN,PEDALCYCLIST,NOT DIVIDED,STRAIGHT AND LEVEL,UNKNOWN,UNKNOWN,,UNABLE TO DETERMINE,UNABLE TO DETERMINE,,NO INDICATION OF INJURY,11,6,41.9160551929,-87.7217794533,2018,30,POINT (-87.7217794533 41.9160551929),,,,,2018-06-18,False,21,Logan Square
643,30,NO CONTROLS,NO CONTROLS,CLEAR,DAYLIGHT,PEDALCYCLIST,ONE-WAY,STRAIGHT AND LEVEL,DRY,NO DEFECTS,,UNABLE TO DETERMINE,UNABLE TO DETERMINE,,NONINCAPACITATING INJURY,11,6,41.9161733257,-87.7214892775,2018,30,POINT (-87.7214892775 41.9161733257),,,,,2018-06-18,False,21,Logan Square
644,30,NO CONTROLS,NO CONTROLS,CLEAR,DAYLIGHT,PEDALCYCLIST,PARKING LOT,STRAIGHT AND LEVEL,DRY,NO DEFECTS,,UNABLE TO DETERMINE,UNABLE TO DETERMINE,,NONINCAPACITATING INJURY,14,6,41.946520533,-87.7078704486,2018,30,POINT (-87.7078704486 41.946520533),,,,,2018-06-18,False,15,Irving Park
645,25,LANE USE MARKING,FUNCTIONING PROPERLY,CLEAR,DAYLIGHT,PEDALCYCLIST,DIVIDED - W/MEDIAN (NOT RAISED),STRAIGHT ON GRADE,DRY,NO DEFECTS,,UNABLE TO DETERMINE,UNABLE TO DETERMINE,Y,NONINCAPACITATING INJURY,14,6,41.9346692132,-87.7163544758,2018,25,POINT (-87.7163544758 41.9346692132),,,,,2018-06-18,False,20,Avondale
646,20,STOP SIGN/FLASHER,FUNCTIONING PROPERLY,CLEAR,DAYLIGHT,PEDALCYCLIST,NOT DIVIDED,STRAIGHT AND LEVEL,DRY,NO DEFECTS,Y,FAILING TO YIELD RIGHT-OF-WAY,DISREGARDING STOP SIGN,,NONINCAPACITATING INJURY,16,6,41.8316835017,-87.6535421828,2018,20,POINT (-87.6535421828 41.8316835017),,,,,2018-06-18,False,59,Bridgeport