Unnamed: 0,POSTED_SPEED_LIMIT,TRAFFIC_CONTROL_DEVICE,DEVICE_CONDITION,WEATHER_CONDITION,LIGHTING_CONDITION,FIRST_CRASH_TYPE,TRAFFICWAY_TYPE,ALIGNMENT,ROADWAY_SURFACE_COND,ROAD_DEFECT,INTERSECTION_RELATED_I,PRIM_CONTRIBUTORY_CAUSE,SEC_CONTRIBUTORY_CAUSE,DOORING_I,MOST_SEVERE_INJURY,CRASH_HOUR,CRASH_MONTH,LATITUDE,LONGITUDE,CRASH_YEAR,SPEED_LIMIT,geometry,DISPLAYROU,the_geom,DIST,LANE_TYPE,CRASH_DATE,is_severe,index_right,CArea
647,25,NO CONTROLS,NO CONTROLS,CLEAR,DAYLIGHT,PEDALCYCLIST,NOT DIVIDED,STRAIGHT AND LEVEL,DRY,NO DEFECTS,,NOT APPLICABLE,NOT APPLICABLE,Y,"REPORTED, NOT EVIDENT",12,6,41.8350647903,-87.646058492,2018,25,POINT (-87.646058492 41.8350647903),,,,,2018-06-19,False,30,Lower West Side
648,20,UNKNOWN,UNKNOWN,CLEAR,DAYLIGHT,PEDALCYCLIST,ONE-WAY,STRAIGHT AND LEVEL,UNKNOWN,UNKNOWN,,DRIVING ON WRONG SIDE/WRONG WAY,UNABLE TO DETERMINE,,INCAPACITATING INJURY,17,6,41.7123246775,-87.6406995089,2018,20,POINT (-87.6406995089 41.7123246775),,,,,2018-06-19,True,48,Roseland
649,30,TRAFFIC SIGNAL,FUNCTIONING PROPERLY,CLEAR,DAYLIGHT,PEDALCYCLIST,CENTER TURN LANE,STRAIGHT AND LEVEL,DRY,NO DEFECTS,N,DISREGARDING TRAFFIC SIGNALS,UNABLE TO DETERMINE,Y,INCAPACITATING INJURY,17,6,41.9187281468,-87.7659360721,2018,30,POINT (-87.7659360721 41.9187281468),,,,,2018-06-19,True,18,Belmont Cragin
650,30,TRAFFIC SIGNAL,FUNCTIONING PROPERLY,CLEAR,DAYLIGHT,PEDALCYCLIST,NOT DIVIDED,STRAIGHT AND LEVEL,DRY,NO DEFECTS,Y,DISREGARDING OTHER TRAFFIC SIGNS,NOT APPLICABLE,,NO INDICATION OF INJURY,19,6,41.9167970229,-87.6875355029,2018,30,POINT (-87.6875355029 41.9167970229),,,,,2018-06-19,False,21,Logan Square
651,30,TRAFFIC SIGNAL,FUNCTIONING PROPERLY,RAIN,"DARKNESS, LIGHTED ROAD",PEDALCYCLIST,DIVIDED - W/MEDIAN (NOT RAISED),STRAIGHT AND LEVEL,WET,"RUT, HOLES",Y,UNABLE TO DETERMINE,UNABLE TO DETERMINE,,NONINCAPACITATING INJURY,20,6,41.8082214837,-87.6940566641,2018,30,POINT (-87.6940566641 41.8082214837),,,,,2018-06-19,False,57,Brighton Park
652,30,TRAFFIC SIGNAL,FUNCTIONING PROPERLY,CLEAR,DAYLIGHT,PEDALCYCLIST,NOT DIVIDED,STRAIGHT AND LEVEL,DRY,UNKNOWN,Y,FAILING TO YIELD RIGHT-OF-WAY,TURNING RIGHT ON RED,,NONINCAPACITATING INJURY,7,6,41.954105717,-87.693290369,2018,30,POINT (-87.693290369 41.954105717),,,,,2018-06-20,False,4,North Center
653,30,NO CONTROLS,NO CONTROLS,CLEAR,DAYLIGHT,PEDALCYCLIST,DIVIDED - W/MEDIAN (NOT RAISED),STRAIGHT AND LEVEL,DRY,NO DEFECTS,,UNABLE TO DETERMINE,NOT APPLICABLE,Y,NONINCAPACITATING INJURY,11,6,41.8306035875,-87.6489435965,2018,30,POINT (-87.6489435965 41.8306035875),,,,,2018-06-20,False,59,Bridgeport
654,25,NO CONTROLS,NO CONTROLS,CLEAR,"DARKNESS, LIGHTED ROAD",PEDALCYCLIST,ONE-WAY,STRAIGHT AND LEVEL,DRY,NO DEFECTS,,FAILING TO YIELD RIGHT-OF-WAY,NOT APPLICABLE,,NO INDICATION OF INJURY,11,6,41.8866795026,-87.6313581149,2018,25,POINT (-87.6313581149 41.8866795026),,,,,2018-06-20,False,7,Near North Side
655,30,NO CONTROLS,NO CONTROLS,CLEAR,DAYLIGHT,PEDALCYCLIST,NOT DIVIDED,STRAIGHT AND LEVEL,DRY,NO DEFECTS,,IMPROPER LANE USAGE,IMPROPER TURNING/NO SIGNAL,Y,NONINCAPACITATING INJURY,11,6,41.8942994572,-87.6673851402,2018,30,POINT (-87.6673851402 41.8942994572),,,,,2018-06-20,False,23,West Town
656,30,TRAFFIC SIGNAL,FUNCTIONING PROPERLY,CLEAR,DAYLIGHT,PEDALCYCLIST,NOT DIVIDED,STRAIGHT AND LEVEL,DRY,NO DEFECTS,Y,UNABLE TO DETERMINE,UNABLE TO DETERMINE,,NONINCAPACITATING INJURY,14,6,41.8917570566,-87.6295751068,2018,30,POINT (-87.6295751068 41.8917570566),,,,,2018-06-20,False,7,Near North Side
657,30,NO CONTROLS,NO CONTROLS,CLEAR,DAYLIGHT,PEDALCYCLIST,NOT DIVIDED,STRAIGHT AND LEVEL,DRY,NO DEFECTS,,UNABLE TO DETERMINE,UNABLE TO DETERMINE,,NO INDICATION OF INJURY,14,6,41.9470783151,-87.670646002,2018,30,POINT (-87.670646002 41.9470783151),,,,,2018-06-20,False,5,Lake View
658,30,STOP SIGN/FLASHER,FUNCTIONING PROPERLY,CLEAR,DAYLIGHT,PEDALCYCLIST,NOT DIVIDED,STRAIGHT AND LEVEL,DRY,NO DEFECTS,Y,UNABLE TO DETERMINE,NOT APPLICABLE,,NONINCAPACITATING INJURY,14,6,41.7859502212,-87.7322243898,2018,30,POINT (-87.7322243898 41.7859502212),,,,,2018-06-20,False,61,West Elsdon
659,30,NO CONTROLS,NO CONTROLS,CLEAR,DAYLIGHT,PEDALCYCLIST,NOT DIVIDED,STRAIGHT AND LEVEL,DRY,NO DEFECTS,,UNABLE TO DETERMINE,NOT APPLICABLE,Y,NONINCAPACITATING INJURY,15,6,41.9093152964,-87.6483808644,2018,30,POINT (-87.6483808644 41.9093152964),,,,,2018-06-20,False,7,Near North Side
660,30,NO CONTROLS,NO CONTROLS,CLEAR,DAYLIGHT,PEDALCYCLIST,ALLEY,STRAIGHT AND LEVEL,DRY,NO DEFECTS,,FAILING TO REDUCE SPEED TO AVOID CRASH,PHYSICAL CONDITION OF DRIVER,,NO INDICATION OF INJURY,15,6,41.7796077318,-87.696915181,2018,30,POINT (-87.696915181 41.7796077318),,,,,2018-06-20,False,65,Chicago Lawn
661,30,NO CONTROLS,UNKNOWN,CLEAR,DAYLIGHT,PEDALCYCLIST,NOT DIVIDED,STRAIGHT AND LEVEL,DRY,NO DEFECTS,Y,FAILING TO YIELD RIGHT-OF-WAY,UNABLE TO DETERMINE,,NONINCAPACITATING INJURY,18,6,41.8899502253,-87.7260752039,2018,30,POINT (-87.7260752039 41.8899502253),,,,,2018-06-20,False,22,Humboldt Park
662,30,NO CONTROLS,NO CONTROLS,CLEAR,DUSK,PEDALCYCLIST,NOT DIVIDED,STRAIGHT AND LEVEL,DRY,NO DEFECTS,,DRIVING SKILLS/KNOWLEDGE/EXPERIENCE,UNABLE TO DETERMINE,Y,NO INDICATION OF INJURY,18,6,41.8411219476,-87.6504305541,2018,30,POINT (-87.6504305541 41.8411219476),,,,,2018-06-20,False,30,Lower West Side
663,30,NO CONTROLS,NO CONTROLS,CLEAR,DAYLIGHT,PEDALCYCLIST,NOT DIVIDED,STRAIGHT AND LEVEL,DRY,NO DEFECTS,,UNABLE TO DETERMINE,UNABLE TO DETERMINE,,NONINCAPACITATING INJURY,19,6,41.845045928,-87.6363976546,2018,30,POINT (-87.6363976546 41.845045928),,,,,2018-06-20,False,30,Lower West Side
664,30,LANE USE MARKING,UNKNOWN,CLEAR,DUSK,PEDALCYCLIST,NOT DIVIDED,STRAIGHT AND LEVEL,UNKNOWN,UNKNOWN,Y,UNABLE TO DETERMINE,NOT APPLICABLE,,INCAPACITATING INJURY,20,6,41.9580352196,-87.6646651756,2018,30,POINT (-87.6646651756 41.9580352196),,,,,2018-06-20,True,2,Uptown
665,35,NO CONTROLS,NO CONTROLS,CLEAR,DARKNESS,PEDALCYCLIST,OTHER,STRAIGHT AND LEVEL,DRY,NO DEFECTS,N,FAILING TO YIELD RIGHT-OF-WAY,"VISION OBSCURED (SIGNS, TREE LIMBS, BUILDINGS, ETC.)",,NONINCAPACITATING INJURY,20,6,41.7943023333,-87.6536038423,2018,35,POINT (-87.6536038423 41.7943023333),,,,,2018-06-20,False,60,New City
666,30,TRAFFIC SIGNAL,FUNCTIONING PROPERLY,CLEAR,"DARKNESS, LIGHTED ROAD",PEDALCYCLIST,DIVIDED - W/MEDIAN BARRIER,STRAIGHT AND LEVEL,DRY,NO DEFECTS,Y,UNABLE TO DETERMINE,NOT APPLICABLE,Y,NONINCAPACITATING INJURY,21,6,41.8717406197,-87.6276706791,2018,30,POINT (-87.6276706791 41.8717406197),,,,,2018-06-20,False,31,Loop
667,30,TRAFFIC SIGNAL,FUNCTIONING PROPERLY,RAIN,"DARKNESS, LIGHTED ROAD",PEDALCYCLIST,DIVIDED - W/MEDIAN (NOT RAISED),STRAIGHT AND LEVEL,WET,NO DEFECTS,Y,FAILING TO YIELD RIGHT-OF-WAY,UNABLE TO DETERMINE,,"REPORTED, NOT EVIDENT",1,6,41.8319215216,-87.6753793408,2018,30,POINT (-87.6753793408 41.8319215216),,,,,2018-06-21,False,58,Mckinley Park
668,30,TRAFFIC SIGNAL,FUNCTIONING PROPERLY,RAIN,DAYLIGHT,PEDALCYCLIST,NOT DIVIDED,STRAIGHT AND LEVEL,WET,NO DEFECTS,Y,FAILING TO YIELD RIGHT-OF-WAY,IMPROPER OVERTAKING/PASSING,,NONINCAPACITATING INJURY,8,6,41.9080021968,-87.6452530332,2018,30,POINT (-87.6452530332 41.9080021968),,,,,2018-06-21,False,7,Near North Side
669,30,STOP SIGN/FLASHER,FUNCTIONING PROPERLY,RAIN,DAYLIGHT,PEDALCYCLIST,OTHER,STRAIGHT AND LEVEL,WET,NO DEFECTS,,FAILING TO YIELD RIGHT-OF-WAY,FAILING TO YIELD RIGHT-OF-WAY,,NONINCAPACITATING INJURY,15,6,41.925762602,-87.7747126604,2018,30,POINT (-87.7747126604 41.925762602),,,,,2018-06-21,False,18,Belmont Cragin
670,30,STOP SIGN/FLASHER,FUNCTIONING PROPERLY,CLOUDY/OVERCAST,DAYLIGHT,PEDALCYCLIST,NOT DIVIDED,STRAIGHT AND LEVEL,DRY,NO DEFECTS,Y,FAILING TO YIELD RIGHT-OF-WAY,DISREGARDING STOP SIGN,,"REPORTED, NOT EVIDENT",18,6,41.7502014295,-87.6670145022,2018,30,POINT (-87.6670145022 41.7502014295),,,,,2018-06-21,False,70,Auburn Gresham
671,30,TRAFFIC SIGNAL,FUNCTIONING PROPERLY,CLEAR,DAWN,PEDALCYCLIST,DIVIDED - W/MEDIAN (NOT RAISED),STRAIGHT AND LEVEL,WET,NO DEFECTS,,FOLLOWING TOO CLOSELY,UNABLE TO DETERMINE,,INCAPACITATING INJURY,18,6,41.7586902794,-87.663478952,2018,30,POINT (-87.663478952 41.7586902794),,,,,2018-06-21,True,66,Englewood
672,25,NO CONTROLS,NO CONTROLS,CLEAR,DAYLIGHT,PEDALCYCLIST,NOT DIVIDED,STRAIGHT AND LEVEL,DRY,UNKNOWN,,UNABLE TO DETERMINE,UNABLE TO DETERMINE,,NO INDICATION OF INJURY,19,6,41.9929375042,-87.6602103263,2018,25,POINT (-87.6602103263 41.9929375042),,,,,2018-06-21,False,76,Edgewater
673,30,NO CONTROLS,NO CONTROLS,RAIN,"DARKNESS, LIGHTED ROAD",PEDALCYCLIST,ONE-WAY,STRAIGHT AND LEVEL,WET,NO DEFECTS,Y,FAILING TO REDUCE SPEED TO AVOID CRASH,WEATHER,,INCAPACITATING INJURY,23,6,41.9413468344,-87.673393785,2018,30,POINT (-87.673393785 41.9413468344),,,,,2018-06-21,True,4,North Center
674,35,TRAFFIC SIGNAL,FUNCTIONING PROPERLY,RAIN,"DARKNESS, LIGHTED ROAD",PEDALCYCLIST,CENTER TURN LANE,STRAIGHT AND LEVEL,WET,NO DEFECTS,,UNABLE TO DETERMINE,NOT APPLICABLE,,NONINCAPACITATING INJURY,23,6,41.9033188891,-87.6617787841,2018,35,POINT (-87.6617787841 41.9033188891),,,,,2018-06-21,False,23,West Town
675,30,TRAFFIC SIGNAL,FUNCTIONING PROPERLY,RAIN,DAYLIGHT,PEDALCYCLIST,DIVIDED - W/MEDIAN BARRIER,STRAIGHT AND LEVEL,WET,NO DEFECTS,,DISREGARDING TRAFFIC SIGNALS,UNABLE TO DETERMINE,,"REPORTED, NOT EVIDENT",11,6,41.735673518,-87.6437550321,2018,30,POINT (-87.6437550321 41.735673518),,,,,2018-06-22,False,70,Auburn Gresham
676,30,NO CONTROLS,NO CONTROLS,CLEAR,DAYLIGHT,PEDALCYCLIST,ONE-WAY,STRAIGHT AND LEVEL,DRY,NO DEFECTS,,DISREGARDING ROAD MARKINGS,IMPROPER LANE USAGE,Y,NO INDICATION OF INJURY,12,6,41.8982906969,-87.623054616,2018,30,POINT (-87.623054616 41.8982906969),,,,,2018-06-22,False,7,Near North Side
677,25,STOP SIGN/FLASHER,FUNCTIONING PROPERLY,CLEAR,DAYLIGHT,PEDALCYCLIST,ONE-WAY,STRAIGHT AND LEVEL,WET,NO DEFECTS,Y,FAILING TO YIELD RIGHT-OF-WAY,UNABLE TO DETERMINE,,NONINCAPACITATING INJURY,15,6,41.9239543117,-87.7734359984,2018,25,POINT (-87.7734359984 41.9239543117),,,,,2018-06-22,False,18,Belmont Cragin
678,30,NO CONTROLS,NO CONTROLS,CLOUDY/OVERCAST,DAYLIGHT,PEDALCYCLIST,NOT DIVIDED,STRAIGHT AND LEVEL,WET,NO DEFECTS,,FAILING TO YIELD RIGHT-OF-WAY,UNABLE TO DETERMINE,Y,NONINCAPACITATING INJURY,16,6,41.9043086365,-87.6970608207,2018,30,POINT (-87.6970608207 41.9043086365),,,,,2018-06-22,False,22,Humboldt Park
679,30,TRAFFIC SIGNAL,FUNCTIONING PROPERLY,CLEAR,DARKNESS,PEDALCYCLIST,OTHER,STRAIGHT AND LEVEL,UNKNOWN,NO DEFECTS,Y,FAILING TO YIELD RIGHT-OF-WAY,FAILING TO REDUCE SPEED TO AVOID CRASH,,"REPORTED, NOT EVIDENT",23,6,41.8868340521,-87.6444236206,2018,30,POINT (-87.6444236206 41.8868340521),,,,,2018-06-22,False,7,Near North Side
680,30,NO CONTROLS,NO CONTROLS,CLEAR,DAYLIGHT,PEDALCYCLIST,NOT DIVIDED,STRAIGHT AND LEVEL,DRY,NO DEFECTS,,FAILING TO YIELD RIGHT-OF-WAY,NOT APPLICABLE,Y,INCAPACITATING INJURY,14,6,41.9972254827,-87.762661118,2018,30,POINT (-87.762661118 41.9972254827),,,,,2018-06-23,True,10,Jefferson Park
681,30,NO CONTROLS,NO CONTROLS,CLEAR,DAYLIGHT,PEDALCYCLIST,DIVIDED - W/MEDIAN BARRIER,STRAIGHT AND LEVEL,DRY,NO DEFECTS,,UNABLE TO DETERMINE,NOT APPLICABLE,Y,NONINCAPACITATING INJURY,18,6,41.8916800676,-87.6485727287,2018,30,POINT (-87.6485727287 41.8916800676),,,,,2018-06-23,False,7,Near North Side
682,10,NO CONTROLS,NO CONTROLS,CLEAR,DAYLIGHT,PEDALCYCLIST,PARKING LOT,STRAIGHT AND LEVEL,DRY,NO DEFECTS,,UNABLE TO DETERMINE,NOT APPLICABLE,,NONINCAPACITATING INJURY,18,6,41.8698555966,-87.6402703079,2018,10,POINT (-87.6402703079 41.8698555966),,,,,2018-06-23,False,27,Near West Side
683,30,NO CONTROLS,NO CONTROLS,CLEAR,DAYLIGHT,PEDALCYCLIST,ONE-WAY,STRAIGHT AND LEVEL,DRY,NO DEFECTS,,FAILING TO YIELD RIGHT-OF-WAY,UNABLE TO DETERMINE,,"REPORTED, NOT EVIDENT",18,6,41.9432509898,-87.6831569306,2018,30,POINT (-87.6831569306 41.9432509898),,,,,2018-06-23,False,4,North Center
684,35,TRAFFIC SIGNAL,FUNCTIONING PROPERLY,CLEAR,DARKNESS,PEDALCYCLIST,DIVIDED - W/MEDIAN (NOT RAISED),STRAIGHT AND LEVEL,DRY,NO DEFECTS,Y,DISREGARDING TRAFFIC SIGNALS,IMPROPER TURNING/NO SIGNAL,,NONINCAPACITATING INJURY,0,6,42.0025963825,-87.6609322045,2018,35,POINT (-87.6609322045 42.0025963825),,,,,2018-06-24,False,0,Rogers Park
685,30,STOP SIGN/FLASHER,FUNCTIONING PROPERLY,CLEAR,DAYLIGHT,PEDALCYCLIST,DIVIDED - W/MEDIAN (NOT RAISED),STRAIGHT AND LEVEL,DRY,NO DEFECTS,Y,PHYSICAL CONDITION OF DRIVER,FOLLOWING TOO CLOSELY,,NO INDICATION OF INJURY,12,6,41.90677579,-87.6871865485,2018,30,POINT (-87.6871865485 41.90677579),,,,,2018-06-24,False,23,West Town
686,30,NO CONTROLS,NO CONTROLS,CLEAR,DAYLIGHT,PEDALCYCLIST,NOT DIVIDED,STRAIGHT AND LEVEL,DRY,NO DEFECTS,,FAILING TO YIELD RIGHT-OF-WAY,DRIVING SKILLS/KNOWLEDGE/EXPERIENCE,,NONINCAPACITATING INJURY,16,6,41.9024641452,-87.7115175392,2018,30,POINT (-87.7115175392 41.9024641452),,,,,2018-06-24,False,22,Humboldt Park
687,30,TRAFFIC SIGNAL,FUNCTIONING PROPERLY,CLEAR,"DARKNESS, LIGHTED ROAD",PEDALCYCLIST,NOT DIVIDED,STRAIGHT AND LEVEL,DRY,NO DEFECTS,,FAILING TO YIELD RIGHT-OF-WAY,UNABLE TO DETERMINE,,NONINCAPACITATING INJURY,20,6,41.7570665007,-87.5664801163,2018,30,POINT (-87.5664801163 41.7570665007),,,,,2018-06-24,False,42,South Shore
688,30,TRAFFIC SIGNAL,UNKNOWN,CLEAR,"DARKNESS, LIGHTED ROAD",PEDALCYCLIST,NOT DIVIDED,STRAIGHT AND LEVEL,DRY,NO DEFECTS,,UNABLE TO DETERMINE,NOT APPLICABLE,Y,NONINCAPACITATING INJURY,20,6,41.9530247508,-87.7866832377,2018,30,POINT (-87.7866832377 41.9530247508),,,,,2018-06-24,False,14,Portage Park
689,30,STOP SIGN/FLASHER,FUNCTIONING PROPERLY,CLEAR,DAYLIGHT,PEDALCYCLIST,OTHER,STRAIGHT AND LEVEL,DRY,NO DEFECTS,Y,FAILING TO YIELD RIGHT-OF-WAY,IMPROPER TURNING/NO SIGNAL,,INCAPACITATING INJURY,8,6,41.8844140925,-87.6533314599,2018,30,POINT (-87.6533314599 41.8844140925),,,,,2018-06-25,True,27,Near West Side
690,30,NO CONTROLS,NO CONTROLS,CLEAR,DAYLIGHT,PEDALCYCLIST,NOT DIVIDED,STRAIGHT AND LEVEL,DRY,NO DEFECTS,,UNABLE TO DETERMINE,UNABLE TO DETERMINE,,NONINCAPACITATING INJURY,15,6,41.9533174623,-87.712733736,2018,30,POINT (-87.712733736 41.9533174623),,,,,2018-06-25,False,15,Irving Park
691,30,TRAFFIC SIGNAL,FUNCTIONING PROPERLY,CLEAR,DAYLIGHT,PEDALCYCLIST,DIVIDED - W/MEDIAN (NOT RAISED),STRAIGHT AND LEVEL,DRY,NO DEFECTS,Y,FAILING TO REDUCE SPEED TO AVOID CRASH,UNABLE TO DETERMINE,,NO INDICATION OF INJURY,17,6,41.8390158802,-87.6631472738,2018,30,POINT (-87.6631472738 41.8390158802),,,,,2018-06-25,False,30,Lower West Side
692,30,NO CONTROLS,NO CONTROLS,CLEAR,DAYLIGHT,PEDALCYCLIST,NOT DIVIDED,STRAIGHT AND LEVEL,DRY,NO DEFECTS,,UNABLE TO DETERMINE,NOT APPLICABLE,,NONINCAPACITATING INJURY,17,6,41.957885028,-87.7868971277,2018,30,POINT (-87.7868971277 41.957885028),,,,,2018-06-25,False,14,Portage Park
693,30,NO CONTROLS,NO CONTROLS,CLEAR,DAYLIGHT,PEDALCYCLIST,NOT DIVIDED,STRAIGHT AND LEVEL,DRY,NO DEFECTS,,DRIVING SKILLS/KNOWLEDGE/EXPERIENCE,UNABLE TO DETERMINE,Y,NONINCAPACITATING INJURY,17,6,41.9153847274,-87.684973718,2018,30,POINT (-87.684973718 41.9153847274),,,,,2018-06-25,False,21,Logan Square
694,30,NO CONTROLS,NO CONTROLS,CLEAR,DAYLIGHT,PEDALCYCLIST,DIVIDED - W/MEDIAN (NOT RAISED),STRAIGHT AND LEVEL,DRY,NO DEFECTS,Y,FAILING TO REDUCE SPEED TO AVOID CRASH,"VISION OBSCURED (SIGNS, TREE LIMBS, BUILDINGS, ETC.)",,NONINCAPACITATING INJURY,19,6,41.9757729179,-87.7795974842,2018,30,POINT (-87.7795974842 41.9757729179),,,,,2018-06-25,False,10,Jefferson Park
695,35,NO CONTROLS,NO CONTROLS,RAIN,DAYLIGHT,PEDALCYCLIST,NOT DIVIDED,STRAIGHT AND LEVEL,WET,NO DEFECTS,,FAILING TO YIELD RIGHT-OF-WAY,IMPROPER TURNING/NO SIGNAL,Y,INCAPACITATING INJURY,8,6,41.9616859469,-87.7276994222,2018,35,POINT (-87.7276994222 41.9616859469),,,,,2018-06-26,True,13,Albany Park
696,30,NO CONTROLS,NO CONTROLS,CLEAR,DAYLIGHT,PEDALCYCLIST,OTHER,STRAIGHT AND LEVEL,DRY,NO DEFECTS,,UNABLE TO DETERMINE,NOT APPLICABLE,Y,NO INDICATION OF INJURY,11,6,41.9113367576,-87.6773362578,2018,30,POINT (-87.6773362578 41.9113367576),,,,,2018-06-26,False,6,Lincoln Park
697,30,NO CONTROLS,NO CONTROLS,UNKNOWN,DAYLIGHT,PEDALCYCLIST,DIVIDED - W/MEDIAN (NOT RAISED),STRAIGHT ON GRADE,UNKNOWN,UNKNOWN,,FAILING TO REDUCE SPEED TO AVOID CRASH,IMPROPER TURNING/NO SIGNAL,,INCAPACITATING INJURY,13,6,41.9202454905,-87.6685729626,2018,30,POINT (-87.6685729626 41.9202454905),,,,,2018-06-26,True,6,Lincoln Park
698,30,NO CONTROLS,NO CONTROLS,CLEAR,DAYLIGHT,PEDALCYCLIST,NOT DIVIDED,STRAIGHT AND LEVEL,DRY,NO DEFECTS,,UNABLE TO DETERMINE,UNABLE TO DETERMINE,Y,NONINCAPACITATING INJURY,14,6,41.9326936738,-87.6571366815,2018,30,POINT (-87.6571366815 41.9326936738),,,,,2018-06-26,False,5,Lake View
699,30,NO CONTROLS,FUNCTIONING PROPERLY,CLEAR,DAYLIGHT,PEDALCYCLIST,DIVIDED - W/MEDIAN BARRIER,STRAIGHT AND LEVEL,DRY,NO DEFECTS,,UNABLE TO DETERMINE,NOT APPLICABLE,Y,NO INDICATION OF INJURY,17,6,41.9960801248,-87.6700615158,2018,30,POINT (-87.6700615158 41.9960801248),,,,,2018-06-26,False,76,Edgewater
700,30,TRAFFIC SIGNAL,FUNCTIONING PROPERLY,CLEAR,DAYLIGHT,PEDALCYCLIST,NOT DIVIDED,STRAIGHT AND LEVEL,UNKNOWN,UNKNOWN,,FOLLOWING TOO CLOSELY,IMPROPER OVERTAKING/PASSING,,NO INDICATION OF INJURY,17,6,41.9402808306,-87.6445541119,2018,30,POINT (-87.6445541119 41.9402808306),,,,,2018-06-26,False,5,Lake View
701,30,NO CONTROLS,NOT FUNCTIONING,RAIN,DUSK,PEDALCYCLIST,NOT DIVIDED,STRAIGHT AND LEVEL,WET,NO DEFECTS,,"VISION OBSCURED (SIGNS, TREE LIMBS, BUILDINGS, ETC.)",UNABLE TO DETERMINE,Y,NONINCAPACITATING INJURY,19,6,41.7997291015,-87.5839749854,2018,30,POINT (-87.5839749854 41.7997291015),,,,,2018-06-26,False,40,Hyde Park
702,25,TRAFFIC SIGNAL,FUNCTIONING PROPERLY,RAIN,"DARKNESS, LIGHTED ROAD",PEDALCYCLIST,NOT DIVIDED,STRAIGHT AND LEVEL,WET,NO DEFECTS,Y,UNABLE TO DETERMINE,UNABLE TO DETERMINE,Y,"REPORTED, NOT EVIDENT",19,6,41.9400794967,-87.6501127806,2018,25,POINT (-87.6501127806 41.9400794967),,,,,2018-06-26,False,5,Lake View
703,30,STOP SIGN/FLASHER,NO CONTROLS,CLEAR,DAYLIGHT,PEDALCYCLIST,DIVIDED - W/MEDIAN (NOT RAISED),STRAIGHT AND LEVEL,DRY,NO DEFECTS,Y,FAILING TO YIELD RIGHT-OF-WAY,FAILING TO YIELD RIGHT-OF-WAY,,NONINCAPACITATING INJURY,12,6,41.9755367788,-87.6599773263,2018,30,POINT (-87.6599773263 41.9755367788),,,,,2018-06-27,False,2,Uptown
704,0,UNKNOWN,UNKNOWN,CLEAR,DAYLIGHT,PEDALCYCLIST,DIVIDED - W/MEDIAN (NOT RAISED),STRAIGHT AND LEVEL,DRY,UNKNOWN,,IMPROPER OVERTAKING/PASSING,FAILING TO YIELD RIGHT-OF-WAY,,NONINCAPACITATING INJURY,15,6,41.9653832501,-87.6546389646,2018,0,POINT (-87.6546389646 41.9653832501),,,,,2018-06-27,False,2,Uptown
705,30,TRAFFIC SIGNAL,FUNCTIONING PROPERLY,CLEAR,DAYLIGHT,PEDALCYCLIST,NOT DIVIDED,STRAIGHT AND LEVEL,DRY,NO DEFECTS,,FAILING TO YIELD RIGHT-OF-WAY,UNABLE TO DETERMINE,,NONINCAPACITATING INJURY,18,6,41.904027514,-87.6346305131,2018,30,POINT (-87.6346305131 41.904027514),,,,,2018-06-27,False,7,Near North Side
706,30,UNKNOWN,UNKNOWN,CLEAR,DAYLIGHT,PEDALCYCLIST,NOT DIVIDED,STRAIGHT AND LEVEL,DRY,NO DEFECTS,,DISREGARDING TRAFFIC SIGNALS,DISREGARDING TRAFFIC SIGNALS,,NONINCAPACITATING INJURY,18,6,41.8737193731,-87.7057711497,2018,30,POINT (-87.7057711497 41.8737193731),,,,,2018-06-27,False,26,Garfield Park
707,30,STOP SIGN/FLASHER,FUNCTIONING PROPERLY,CLEAR,DAYLIGHT,PEDALCYCLIST,NOT DIVIDED,STRAIGHT AND LEVEL,DRY,NO DEFECTS,,"VISION OBSCURED (SIGNS, TREE LIMBS, BUILDINGS, ETC.)",UNABLE TO DETERMINE,,NONINCAPACITATING INJURY,18,6,41.9635032909,-87.6694527987,2018,30,POINT (-87.6694527987 41.9635032909),,,,,2018-06-27,False,2,Uptown
708,30,NO CONTROLS,NO CONTROLS,CLEAR,DAYLIGHT,PEDALCYCLIST,DIVIDED - W/MEDIAN (NOT RAISED),STRAIGHT AND LEVEL,DRY,NO DEFECTS,,UNABLE TO DETERMINE,NOT APPLICABLE,,NONINCAPACITATING INJURY,18,6,41.8810693742,-87.6853075527,2018,30,POINT (-87.6853075527 41.8810693742),,,,,2018-06-27,False,27,Near West Side
709,30,LANE USE MARKING,FUNCTIONING PROPERLY,CLEAR,DAYLIGHT,PEDALCYCLIST,DIVIDED - W/MEDIAN (NOT RAISED),STRAIGHT AND LEVEL,DRY,NO DEFECTS,,FAILING TO YIELD RIGHT-OF-WAY,DISTRACTION - FROM INSIDE VEHICLE,Y,INCAPACITATING INJURY,7,6,41.8775924153,-87.6470862206,2018,30,POINT (-87.6470862206 41.8775924153),,,,,2018-06-28,True,27,Near West Side
710,30,STOP SIGN/FLASHER,FUNCTIONING PROPERLY,CLEAR,DAYLIGHT,PEDALCYCLIST,ONE-WAY,STRAIGHT AND LEVEL,DRY,NO DEFECTS,Y,UNABLE TO DETERMINE,NOT APPLICABLE,,NO INDICATION OF INJURY,8,6,41.9471418995,-87.6650854823,2018,30,POINT (-87.6650854823 41.9471418995),,,,,2018-06-28,False,5,Lake View