Unnamed: 0,POSTED_SPEED_LIMIT,TRAFFIC_CONTROL_DEVICE,DEVICE_CONDITION,WEATHER_CONDITION,LIGHTING_CONDITION,FIRST_CRASH_TYPE,TRAFFICWAY_TYPE,ALIGNMENT,ROADWAY_SURFACE_COND,ROAD_DEFECT,INTERSECTION_RELATED_I,PRIM_CONTRIBUTORY_CAUSE,SEC_CONTRIBUTORY_CAUSE,DOORING_I,MOST_SEVERE_INJURY,CRASH_HOUR,CRASH_MONTH,LATITUDE,LONGITUDE,CRASH_YEAR,SPEED_LIMIT,geometry,DISPLAYROU,the_geom,DIST,LANE_TYPE,CRASH_DATE,is_severe,index_right,CArea
711,30,TRAFFIC SIGNAL,FUNCTIONING PROPERLY,CLEAR,DAYLIGHT,PEDALCYCLIST,DIVIDED - W/MEDIAN BARRIER,STRAIGHT AND LEVEL,DRY,NO DEFECTS,Y,FAILING TO YIELD RIGHT-OF-WAY,IMPROPER OVERTAKING/PASSING,N,NONINCAPACITATING INJURY,9,6,41.9768457606,-87.7541128149,2018,30,POINT (-87.7541128149 41.9768457606),,,,,2018-06-28,False,10,Jefferson Park
712,30,TRAFFIC SIGNAL,FUNCTIONING PROPERLY,CLEAR,DAYLIGHT,PEDALCYCLIST,CENTER TURN LANE,STRAIGHT AND LEVEL,DRY,NO DEFECTS,Y,FAILING TO YIELD RIGHT-OF-WAY,UNABLE TO DETERMINE,,NO INDICATION OF INJURY,16,6,41.7798889961,-87.6428423448,2018,30,POINT (-87.6428423448 41.7798889961),,,,,2018-06-28,False,67,Englewood
713,30,TRAFFIC SIGNAL,FUNCTIONING PROPERLY,CLEAR,DAYLIGHT,PEDALCYCLIST,NOT DIVIDED,STRAIGHT AND LEVEL,DRY,UNKNOWN,Y,UNABLE TO DETERMINE,FAILING TO REDUCE SPEED TO AVOID CRASH,,NONINCAPACITATING INJURY,17,6,41.7741798496,-87.6448685835,2018,30,POINT (-87.6448685835 41.7741798496),,,,,2018-06-28,False,67,Englewood
714,20,NO CONTROLS,NO CONTROLS,CLEAR,DAYLIGHT,PEDALCYCLIST,DIVIDED - W/MEDIAN (NOT RAISED),STRAIGHT AND LEVEL,DRY,NO DEFECTS,,FAILING TO YIELD RIGHT-OF-WAY,NOT APPLICABLE,,"REPORTED, NOT EVIDENT",18,6,41.891293713,-87.647680593,2018,20,POINT (-87.647680593 41.891293713),,,,,2018-06-28,False,7,Near North Side
715,30,STOP SIGN/FLASHER,FUNCTIONING PROPERLY,CLEAR,DAYLIGHT,PEDALCYCLIST,DIVIDED - W/MEDIAN (NOT RAISED),STRAIGHT AND LEVEL,DRY,NO DEFECTS,,FAILING TO REDUCE SPEED TO AVOID CRASH,NOT APPLICABLE,,NO INDICATION OF INJURY,19,6,41.916186115,-87.6701349439,2018,30,POINT (-87.6701349439 41.916186115),,,,,2018-06-28,False,6,Lincoln Park
716,30,NO CONTROLS,NO CONTROLS,CLEAR,"DARKNESS, LIGHTED ROAD",PEDALCYCLIST,DIVIDED - W/MEDIAN (NOT RAISED),STRAIGHT AND LEVEL,DRY,NO DEFECTS,Y,FAILING TO YIELD RIGHT-OF-WAY,UNABLE TO DETERMINE,,NONINCAPACITATING INJURY,22,6,41.8957045249,-87.7022185235,2018,30,POINT (-87.7022185235 41.8957045249),,,,,2018-06-28,False,22,Humboldt Park
717,30,UNKNOWN,UNKNOWN,CLEAR,DAYLIGHT,PEDALCYCLIST,NOT DIVIDED,STRAIGHT AND LEVEL,UNKNOWN,UNKNOWN,,IMPROPER OVERTAKING/PASSING,IMPROPER LANE USAGE,,INCAPACITATING INJURY,11,6,41.8890745091,-87.644481871,2018,30,POINT (-87.644481871 41.8890745091),,,,,2018-06-29,True,7,Near North Side
718,35,NO CONTROLS,NO CONTROLS,CLEAR,DAYLIGHT,PEDALCYCLIST,DIVIDED - W/MEDIAN (NOT RAISED),STRAIGHT AND LEVEL,DRY,NO DEFECTS,,UNABLE TO DETERMINE,UNABLE TO DETERMINE,N,"REPORTED, NOT EVIDENT",12,6,41.7738536928,-87.6056407867,2018,35,POINT (-87.6056407867 41.7738536928),,,,,2018-06-29,False,41,Woodlawn
719,30,NO CONTROLS,NO CONTROLS,CLEAR,DAYLIGHT,PEDALCYCLIST,DIVIDED - W/MEDIAN (NOT RAISED),STRAIGHT AND LEVEL,DRY,NO DEFECTS,,FAILING TO YIELD RIGHT-OF-WAY,DRIVING SKILLS/KNOWLEDGE/EXPERIENCE,Y,NONINCAPACITATING INJURY,13,6,41.961059135,-87.7098679634,2018,30,POINT (-87.7098679634 41.961059135),,,,,2018-06-29,False,13,Albany Park
720,30,NO CONTROLS,NO CONTROLS,CLEAR,DAYLIGHT,PEDALCYCLIST,NOT DIVIDED,STRAIGHT AND LEVEL,DRY,NO DEFECTS,,DISTRACTION - FROM INSIDE VEHICLE,UNABLE TO DETERMINE,Y,NONINCAPACITATING INJURY,14,6,41.9473570397,-87.6541892806,2018,30,POINT (-87.6541892806 41.9473570397),,,,,2018-06-29,False,5,Lake View
721,30,NO CONTROLS,NO CONTROLS,CLEAR,DAYLIGHT,PEDALCYCLIST,DIVIDED - W/MEDIAN (NOT RAISED),STRAIGHT AND LEVEL,DRY,NO DEFECTS,,FAILING TO YIELD RIGHT-OF-WAY,NOT APPLICABLE,,NO INDICATION OF INJURY,15,6,41.9490108833,-87.6581428748,2018,30,POINT (-87.6581428748 41.9490108833),,,,,2018-06-29,False,5,Lake View
722,30,NO CONTROLS,NO CONTROLS,CLEAR,DAYLIGHT,PEDALCYCLIST,DIVIDED - W/MEDIAN (NOT RAISED),STRAIGHT AND LEVEL,DRY,NO DEFECTS,,FAILING TO REDUCE SPEED TO AVOID CRASH,FAILING TO YIELD RIGHT-OF-WAY,,INCAPACITATING INJURY,17,6,41.8912792475,-87.648850939,2018,30,POINT (-87.648850939 41.8912792475),,,,,2018-06-29,True,7,Near North Side
723,30,TRAFFIC SIGNAL,FUNCTIONING PROPERLY,CLEAR,DAWN,PEDALCYCLIST,NOT DIVIDED,STRAIGHT AND LEVEL,DRY,NO DEFECTS,Y,DISREGARDING OTHER TRAFFIC SIGNS,NOT APPLICABLE,,NO INDICATION OF INJURY,19,6,41.823774058,-87.6301277017,2018,30,POINT (-87.6301277017 41.823774058),,,,,2018-06-29,False,33,Armour Square
724,30,NO CONTROLS,NO CONTROLS,CLEAR,DARKNESS,PEDALCYCLIST,ONE-WAY,STRAIGHT AND LEVEL,DRY,NO DEFECTS,,"OPERATING VEHICLE IN ERRATIC, RECKLESS, CARELESS, NEGLIGENT OR AGGRESSIVE MANNER",NOT APPLICABLE,,NONINCAPACITATING INJURY,20,6,41.9083275212,-87.6794993828,2018,30,POINT (-87.6794993828 41.9083275212),,,,,2018-06-29,False,23,West Town
725,30,TRAFFIC SIGNAL,FUNCTIONING PROPERLY,CLEAR,"DARKNESS, LIGHTED ROAD",PEDALCYCLIST,NOT DIVIDED,STRAIGHT AND LEVEL,DRY,NO DEFECTS,,UNABLE TO DETERMINE,NOT APPLICABLE,Y,INCAPACITATING INJURY,22,6,41.9116737368,-87.6348736227,2018,30,POINT (-87.6348736227 41.9116737368),,,,,2018-06-29,True,6,Lincoln Park
726,35,NO CONTROLS,OTHER,CLEAR,DARKNESS,PEDALCYCLIST,DIVIDED - W/MEDIAN (NOT RAISED),STRAIGHT AND LEVEL,DRY,NO DEFECTS,,NOT APPLICABLE,NOT APPLICABLE,Y,NONINCAPACITATING INJURY,16,6,41.9543838482,-87.6541952942,2018,35,POINT (-87.6541952942 41.9543838482),,,,,2018-06-30,False,2,Uptown
727,30,TRAFFIC SIGNAL,FUNCTIONING PROPERLY,CLEAR,DAYLIGHT,PEDALCYCLIST,NOT DIVIDED,STRAIGHT AND LEVEL,DRY,NO DEFECTS,,UNABLE TO DETERMINE,NOT APPLICABLE,Y,INCAPACITATING INJURY,16,6,41.9544869699,-87.6623777745,2018,30,POINT (-87.6623777745 41.9544869699),,,,,2018-06-30,True,2,Uptown
728,30,NO CONTROLS,NO CONTROLS,CLEAR,DAYLIGHT,PEDALCYCLIST,NOT DIVIDED,STRAIGHT AND LEVEL,DRY,NO DEFECTS,,UNABLE TO DETERMINE,UNABLE TO DETERMINE,,NO INDICATION OF INJURY,19,6,41.8967663408,-87.6296985432,2018,30,POINT (-87.6296985432 41.8967663408),,,,,2018-06-30,False,7,Near North Side
729,20,STOP SIGN/FLASHER,FUNCTIONING PROPERLY,CLEAR,DUSK,PEDALCYCLIST,ONE-WAY,STRAIGHT AND LEVEL,DRY,NO DEFECTS,Y,FAILING TO REDUCE SPEED TO AVOID CRASH,DISREGARDING STOP SIGN,,NONINCAPACITATING INJURY,19,6,41.9448792087,-87.7839244666,2018,20,POINT (-87.7839244666 41.9448792087),,,,,2018-06-30,False,14,Portage Park
730,30,TRAFFIC SIGNAL,FUNCTIONING PROPERLY,CLEAR,"DARKNESS, LIGHTED ROAD",PEDALCYCLIST,NOT DIVIDED,STRAIGHT AND LEVEL,DRY,UNKNOWN,Y,DISREGARDING TRAFFIC SIGNALS,FAILING TO YIELD RIGHT-OF-WAY,,NONINCAPACITATING INJURY,23,6,41.95444078,-87.6546905219,2018,30,POINT (-87.6546905219 41.95444078),,,,,2018-06-30,False,2,Uptown
731,25,NO CONTROLS,NO CONTROLS,CLEAR,"DARKNESS, LIGHTED ROAD",PEDALCYCLIST,NOT DIVIDED,STRAIGHT AND LEVEL,DRY,NO DEFECTS,,NOT APPLICABLE,NOT APPLICABLE,Y,NO INDICATION OF INJURY,1,7,41.916072914,-87.6763088085,2018,25,POINT (-87.6763088085 41.916072914),,,,,2018-07-01,False,6,Lincoln Park
732,30,UNKNOWN,UNKNOWN,CLEAR,DAYLIGHT,PEDALCYCLIST,NOT DIVIDED,STRAIGHT AND LEVEL,DRY,NO DEFECTS,,FAILING TO YIELD RIGHT-OF-WAY,NOT APPLICABLE,,NONINCAPACITATING INJURY,12,7,41.6989640846,-87.5283266699,2018,30,POINT (-87.5283266699 41.6989640846),,,,,2018-07-01,False,51,East Side
733,30,UNKNOWN,UNKNOWN,CLEAR,DAYLIGHT,PEDALCYCLIST,DIVIDED - W/MEDIAN BARRIER,STRAIGHT AND LEVEL,DRY,UNKNOWN,Y,NOT APPLICABLE,NOT APPLICABLE,,"REPORTED, NOT EVIDENT",14,7,41.8475166554,-87.6178626679,2018,30,POINT (-87.6178626679 41.8475166554),,,,,2018-07-01,False,32,Near South Side
734,30,TRAFFIC SIGNAL,FUNCTIONING PROPERLY,CLEAR,DAYLIGHT,PEDALCYCLIST,NOT DIVIDED,STRAIGHT AND LEVEL,DRY,NO DEFECTS,Y,FOLLOWING TOO CLOSELY,NOT APPLICABLE,,NO INDICATION OF INJURY,18,7,41.8828067022,-87.6792681084,2018,30,POINT (-87.6792681084 41.8828067022),,,,,2018-07-01,False,27,Near West Side
735,30,TRAFFIC SIGNAL,FUNCTIONING IMPROPERLY,CLEAR,DAYLIGHT,PEDALCYCLIST,NOT DIVIDED,STRAIGHT AND LEVEL,DRY,NO DEFECTS,Y,EXCEEDING AUTHORIZED SPEED LIMIT,IMPROPER TURNING/NO SIGNAL,,NONINCAPACITATING INJURY,8,7,41.9111954195,-87.6348588835,2018,30,POINT (-87.6348588835 41.9111954195),,,,,2018-07-02,False,6,Lincoln Park
736,30,NO CONTROLS,NO CONTROLS,CLEAR,DAYLIGHT,PEDALCYCLIST,NOT DIVIDED,STRAIGHT AND LEVEL,DRY,NO DEFECTS,Y,"VISION OBSCURED (SIGNS, TREE LIMBS, BUILDINGS, ETC.)",UNABLE TO DETERMINE,,INCAPACITATING INJURY,9,7,41.8558493745,-87.6464406149,2018,30,POINT (-87.6464406149 41.8558493745),,,,,2018-07-02,True,30,Lower West Side
737,30,NO CONTROLS,NO CONTROLS,CLEAR,DAWN,PEDALCYCLIST,DIVIDED - W/MEDIAN (NOT RAISED),STRAIGHT AND LEVEL,DRY,NO DEFECTS,,FAILING TO YIELD RIGHT-OF-WAY,UNABLE TO DETERMINE,,NO INDICATION OF INJURY,10,7,41.8637392989,-87.6760190796,2018,30,POINT (-87.6760190796 41.8637392989),,,,,2018-07-02,False,27,Near West Side
738,35,TRAFFIC SIGNAL,FUNCTIONING PROPERLY,CLEAR,DAYLIGHT,PEDALCYCLIST,ONE-WAY,STRAIGHT ON GRADE,DRY,NO DEFECTS,,IMPROPER LANE USAGE,UNABLE TO DETERMINE,,NONINCAPACITATING INJURY,15,7,41.9009589191,-87.6199281737,2018,35,POINT (-87.6199281737 41.9009589191),,,,,2018-07-02,False,7,Near North Side
739,30,TRAFFIC SIGNAL,FUNCTIONING PROPERLY,CLEAR,DAYLIGHT,PEDALCYCLIST,ONE-WAY,STRAIGHT AND LEVEL,DRY,NO DEFECTS,Y,DISREGARDING TRAFFIC SIGNALS,FAILING TO YIELD RIGHT-OF-WAY,,NO INDICATION OF INJURY,16,7,41.9216116929,-87.7023796518,2018,30,POINT (-87.7023796518 41.9216116929),,,,,2018-07-02,False,21,Logan Square
740,30,TRAFFIC SIGNAL,FUNCTIONING PROPERLY,CLEAR,DAYLIGHT,PEDALCYCLIST,NOT DIVIDED,STRAIGHT AND LEVEL,DRY,UNKNOWN,,UNABLE TO DETERMINE,UNABLE TO DETERMINE,,NO INDICATION OF INJURY,16,7,41.9761034912,-87.660008071,2018,30,POINT (-87.660008071 41.9761034912),,,,,2018-07-02,False,2,Uptown
741,30,NO CONTROLS,NO CONTROLS,CLEAR,DAYLIGHT,PEDALCYCLIST,NOT DIVIDED,STRAIGHT AND LEVEL,DRY,"RUT, HOLES",,ROAD ENGINEERING/SURFACE/MARKING DEFECTS,NOT APPLICABLE,Y,NONINCAPACITATING INJURY,17,7,41.9305893949,-87.7660741209,2018,30,POINT (-87.7660741209 41.9305893949),,,,,2018-07-02,False,18,Belmont Cragin
742,30,TRAFFIC SIGNAL,FUNCTIONING PROPERLY,CLEAR,"DARKNESS, LIGHTED ROAD",PEDALCYCLIST,DIVIDED - W/MEDIAN BARRIER,STRAIGHT AND LEVEL,DRY,NO DEFECTS,Y,DISREGARDING TRAFFIC SIGNALS,NOT APPLICABLE,,NONINCAPACITATING INJURY,21,7,41.916147281,-87.6679473535,2018,30,POINT (-87.6679473535 41.916147281),,,,,2018-07-02,False,6,Lincoln Park
743,35,NO CONTROLS,NO CONTROLS,CLEAR,DAYLIGHT,PEDALCYCLIST,NOT DIVIDED,STRAIGHT AND LEVEL,DRY,NO DEFECTS,,UNABLE TO DETERMINE,NOT APPLICABLE,N,NONINCAPACITATING INJURY,9,7,41.7390736003,-87.5680960218,2018,35,POINT (-87.5680960218 41.7390736003),,,,,2018-07-03,False,44,Avalon Park
744,30,TRAFFIC SIGNAL,FUNCTIONING PROPERLY,CLEAR,DAYLIGHT,PEDALCYCLIST,UNKNOWN,STRAIGHT AND LEVEL,DRY,UNKNOWN,Y,UNABLE TO DETERMINE,UNABLE TO DETERMINE,,NONINCAPACITATING INJURY,14,7,41.874590031,-87.633704185,2018,30,POINT (-87.633704185 41.874590031),,,,,2018-07-03,False,31,Loop
745,30,TRAFFIC SIGNAL,FUNCTIONING PROPERLY,CLEAR,DAYLIGHT,PEDALCYCLIST,NOT DIVIDED,STRAIGHT AND LEVEL,DRY,NO DEFECTS,Y,UNABLE TO DETERMINE,UNABLE TO DETERMINE,,NO INDICATION OF INJURY,14,7,41.8967663408,-87.6296985432,2018,30,POINT (-87.6296985432 41.8967663408),,,,,2018-07-03,False,7,Near North Side
746,30,STOP SIGN/FLASHER,FUNCTIONING PROPERLY,CLEAR,DAYLIGHT,PEDALCYCLIST,NOT DIVIDED,STRAIGHT AND LEVEL,DRY,NO DEFECTS,Y,UNABLE TO DETERMINE,NOT APPLICABLE,,NONINCAPACITATING INJURY,16,7,41.9538405519,-87.7066446234,2018,30,POINT (-87.7066446234 41.9538405519),,,,,2018-07-03,False,15,Irving Park
747,20,NO CONTROLS,NO CONTROLS,CLEAR,DAYLIGHT,PEDALCYCLIST,ONE-WAY,STRAIGHT AND LEVEL,DRY,UNKNOWN,,UNABLE TO DETERMINE,UNABLE TO DETERMINE,,NONINCAPACITATING INJURY,17,7,41.9956200214,-87.656836176,2018,20,POINT (-87.656836176 41.9956200214),,,,,2018-07-03,False,76,Edgewater
748,30,NO CONTROLS,NO CONTROLS,CLEAR,DAYLIGHT,PEDALCYCLIST,NOT DIVIDED,STRAIGHT AND LEVEL,DRY,NO DEFECTS,,FAILING TO YIELD RIGHT-OF-WAY,DRIVING SKILLS/KNOWLEDGE/EXPERIENCE,Y,NONINCAPACITATING INJURY,17,7,41.9619003131,-87.7313236333,2018,30,POINT (-87.7313236333 41.9619003131),,,,,2018-07-03,False,13,Albany Park
749,30,NO CONTROLS,NO CONTROLS,CLEAR,DAYLIGHT,PEDALCYCLIST,NOT DIVIDED,STRAIGHT AND LEVEL,DRY,NO DEFECTS,,UNABLE TO DETERMINE,UNABLE TO DETERMINE,Y,NO INDICATION OF INJURY,18,7,41.94375169,-87.644915824,2018,30,POINT (-87.644915824 41.94375169),,,,,2018-07-03,False,5,Lake View
750,15,NO CONTROLS,NO CONTROLS,CLEAR,DAYLIGHT,PEDALCYCLIST,NOT DIVIDED,STRAIGHT AND LEVEL,DRY,NO DEFECTS,,FAILING TO YIELD RIGHT-OF-WAY,FAILING TO REDUCE SPEED TO AVOID CRASH,,NONINCAPACITATING INJURY,13,7,41.9316889194,-87.7430169468,2018,15,POINT (-87.7430169468 41.9316889194),,,,,2018-07-04,False,18,Belmont Cragin
751,30,STOP SIGN/FLASHER,FUNCTIONING PROPERLY,CLEAR,DAYLIGHT,PEDALCYCLIST,DIVIDED - W/MEDIAN (NOT RAISED),STRAIGHT AND LEVEL,DRY,NO DEFECTS,Y,FAILING TO YIELD RIGHT-OF-WAY,UNABLE TO DETERMINE,,NONINCAPACITATING INJURY,14,7,41.9756198518,-87.730258228,2018,30,POINT (-87.730258228 41.9756198518),,,,,2018-07-04,False,11,Forest Glen
752,20,TRAFFIC SIGNAL,NO CONTROLS,CLEAR,DAYLIGHT,PEDALCYCLIST,ONE-WAY,STRAIGHT AND LEVEL,DRY,NO DEFECTS,,IMPROPER OVERTAKING/PASSING,NOT APPLICABLE,,NONINCAPACITATING INJURY,15,7,41.9933071717,-87.6567648371,2018,20,POINT (-87.6567648371 41.9933071717),,,,,2018-07-04,False,76,Edgewater
753,30,NO CONTROLS,NO CONTROLS,CLEAR,"DARKNESS, LIGHTED ROAD",PEDALCYCLIST,NOT DIVIDED,STRAIGHT AND LEVEL,DRY,NO DEFECTS,,IMPROPER TURNING/NO SIGNAL,IMPROPER TURNING/NO SIGNAL,,"REPORTED, NOT EVIDENT",21,7,41.9189431987,-87.6486849702,2018,30,POINT (-87.6486849702 41.9189431987),,,,,2018-07-04,False,6,Lincoln Park
754,30,NO CONTROLS,NO CONTROLS,RAIN,"DARKNESS, LIGHTED ROAD",PEDALCYCLIST,NOT DIVIDED,STRAIGHT AND LEVEL,WET,NO DEFECTS,,IMPROPER TURNING/NO SIGNAL,NOT APPLICABLE,,NONINCAPACITATING INJURY,21,7,41.9189431987,-87.6486849702,2018,30,POINT (-87.6486849702 41.9189431987),,,,,2018-07-04,False,6,Lincoln Park
755,35,TRAFFIC SIGNAL,FUNCTIONING PROPERLY,CLEAR,DAYLIGHT,PEDALCYCLIST,DIVIDED - W/MEDIAN BARRIER,STRAIGHT AND LEVEL,DRY,"RUT, HOLES",Y,NOT APPLICABLE,NOT APPLICABLE,,INCAPACITATING INJURY,7,7,41.9679134551,-87.7480487734,2018,35,POINT (-87.7480487734 41.9679134551),,,,,2018-07-05,True,14,Portage Park
756,30,TRAFFIC SIGNAL,FUNCTIONING PROPERLY,CLEAR,DAYLIGHT,PEDALCYCLIST,NOT DIVIDED,STRAIGHT AND LEVEL,DRY,NO DEFECTS,Y,DISREGARDING TRAFFIC SIGNALS,FAILING TO YIELD RIGHT-OF-WAY,,"REPORTED, NOT EVIDENT",8,7,41.9105851266,-87.6775327648,2018,30,POINT (-87.6775327648 41.9105851266),,,,,2018-07-05,False,23,West Town
757,30,NO CONTROLS,NO CONTROLS,CLEAR,DAYLIGHT,PEDALCYCLIST,NOT DIVIDED,STRAIGHT AND LEVEL,DRY,NO DEFECTS,,NOT APPLICABLE,NOT APPLICABLE,,NONINCAPACITATING INJURY,9,7,41.7962852047,-87.7594215629,2018,30,POINT (-87.7594215629 41.7962852047),,,,,2018-07-05,False,55,Garfield Ridge
758,5,NO CONTROLS,NO CONTROLS,CLEAR,DAYLIGHT,PEDALCYCLIST,ALLEY,STRAIGHT AND LEVEL,DRY,NO DEFECTS,,NOT APPLICABLE,NOT APPLICABLE,Y,NO INDICATION OF INJURY,11,7,42.0127957505,-87.7029151834,2018,5,POINT (-87.7029151834 42.0127957505),,,,,2018-07-05,False,1,West Ridge
759,30,STOP SIGN/FLASHER,FUNCTIONING PROPERLY,RAIN,DAYLIGHT,PEDALCYCLIST,ONE-WAY,STRAIGHT AND LEVEL,WET,NO DEFECTS,Y,DISREGARDING STOP SIGN,FAILING TO YIELD RIGHT-OF-WAY,,NONINCAPACITATING INJURY,14,7,41.9301858125,-87.7160751792,2018,30,POINT (-87.7160751792 41.9301858125),,,,,2018-07-05,False,21,Logan Square
760,30,NO CONTROLS,NO CONTROLS,CLEAR,DAYLIGHT,PEDALCYCLIST,NOT DIVIDED,STRAIGHT AND LEVEL,DRY,NO DEFECTS,,UNABLE TO DETERMINE,NOT APPLICABLE,Y,INCAPACITATING INJURY,16,7,41.8856896157,-87.6476217315,2018,30,POINT (-87.6476217315 41.8856896157),,,,,2018-07-05,True,27,Near West Side
761,30,TRAFFIC SIGNAL,FUNCTIONING PROPERLY,CLEAR,DAYLIGHT,PEDALCYCLIST,NOT DIVIDED,STRAIGHT AND LEVEL,DRY,NO DEFECTS,,FAILING TO YIELD RIGHT-OF-WAY,NOT APPLICABLE,,NONINCAPACITATING INJURY,18,7,41.77571267,-87.6835957954,2018,30,POINT (-87.6835957954 41.77571267),,,,,2018-07-05,False,65,Chicago Lawn
762,30,STOP SIGN/FLASHER,FUNCTIONING PROPERLY,CLEAR,"DARKNESS, LIGHTED ROAD",PEDALCYCLIST,ONE-WAY,STRAIGHT AND LEVEL,DRY,NO DEFECTS,Y,FAILING TO YIELD RIGHT-OF-WAY,NOT APPLICABLE,,INCAPACITATING INJURY,20,7,41.9472152447,-87.8047653122,2018,30,POINT (-87.8047653122 41.9472152447),,,,,2018-07-05,True,16,Dunning
763,30,NO CONTROLS,NO CONTROLS,CLEAR,DAYLIGHT,PEDALCYCLIST,OTHER,STRAIGHT AND LEVEL,DRY,NO DEFECTS,,UNABLE TO DETERMINE,NOT APPLICABLE,N,NO INDICATION OF INJURY,7,7,41.9112245556,-87.6264825724,2018,30,POINT (-87.6264825724 41.9112245556),,,,,2018-07-06,False,6,Lincoln Park
764,35,NO CONTROLS,NO CONTROLS,CLEAR,DAYLIGHT,PEDALCYCLIST,DIVIDED - W/MEDIAN BARRIER,STRAIGHT AND LEVEL,DRY,NO DEFECTS,,UNABLE TO DETERMINE,NOT APPLICABLE,Y,NONINCAPACITATING INJURY,7,7,41.9528250702,-87.7277386509,2018,35,POINT (-87.7277386509 41.9528250702),,,,,2018-07-06,False,15,Irving Park
765,30,NO CONTROLS,NO CONTROLS,CLEAR,DAYLIGHT,PEDALCYCLIST,NOT DIVIDED,STRAIGHT AND LEVEL,DRY,NO DEFECTS,,UNABLE TO DETERMINE,UNABLE TO DETERMINE,N,NONINCAPACITATING INJURY,9,7,41.939191828,-87.7281506095,2018,30,POINT (-87.7281506095 41.939191828),,,,,2018-07-06,False,15,Irving Park
766,30,NO CONTROLS,NO CONTROLS,CLEAR,"DARKNESS, LIGHTED ROAD",PEDALCYCLIST,NOT DIVIDED,STRAIGHT AND LEVEL,DRY,NO DEFECTS,,UNABLE TO DETERMINE,NOT APPLICABLE,,NONINCAPACITATING INJURY,9,7,41.9114802507,-87.6793919682,2018,30,POINT (-87.6793919682 41.9114802507),,,,,2018-07-06,False,6,Lincoln Park
767,30,NO CONTROLS,NO CONTROLS,CLEAR,DAYLIGHT,PEDALCYCLIST,NOT DIVIDED,STRAIGHT AND LEVEL,UNKNOWN,UNKNOWN,,UNABLE TO DETERMINE,NOT APPLICABLE,,NONINCAPACITATING INJURY,10,7,41.9520509054,-87.6788421547,2018,30,POINT (-87.6788421547 41.9520509054),,,,,2018-07-06,False,4,North Center
768,30,TRAFFIC SIGNAL,FUNCTIONING PROPERLY,CLEAR,DAYLIGHT,PEDALCYCLIST,NOT DIVIDED,STRAIGHT AND LEVEL,DRY,NO DEFECTS,Y,DISREGARDING TRAFFIC SIGNALS,DRIVING SKILLS/KNOWLEDGE/EXPERIENCE,,"REPORTED, NOT EVIDENT",15,7,41.9106081377,-87.677577279,2018,30,POINT (-87.677577279 41.9106081377),,,,,2018-07-06,False,23,West Town
769,30,TRAFFIC SIGNAL,FUNCTIONING PROPERLY,CLEAR,DAYLIGHT,PEDALCYCLIST,NOT DIVIDED,STRAIGHT AND LEVEL,DRY,NO DEFECTS,,FAILING TO YIELD RIGHT-OF-WAY,NOT APPLICABLE,,NO INDICATION OF INJURY,16,7,41.9167842957,-87.6875104376,2018,30,POINT (-87.6875104376 41.9167842957),,,,,2018-07-06,False,21,Logan Square
770,30,NO CONTROLS,NO CONTROLS,CLEAR,DAYLIGHT,PEDALCYCLIST,DIVIDED - W/MEDIAN (NOT RAISED),STRAIGHT AND LEVEL,DRY,NO DEFECTS,,NOT APPLICABLE,NOT APPLICABLE,,NO INDICATION OF INJURY,16,7,41.8137512362,-87.6838717099,2018,30,POINT (-87.6838717099 41.8137512362),,,,,2018-07-06,False,60,New City
771,30,TRAFFIC SIGNAL,FUNCTIONING PROPERLY,CLEAR,DAYLIGHT,PEDALCYCLIST,RAMP,STRAIGHT AND LEVEL,DRY,NO DEFECTS,Y,FAILING TO YIELD RIGHT-OF-WAY,UNABLE TO DETERMINE,,"REPORTED, NOT EVIDENT",16,7,41.9404429026,-87.6386335392,2018,30,POINT (-87.6386335392 41.9404429026),,,,,2018-07-06,False,5,Lake View
772,30,TRAFFIC SIGNAL,FUNCTIONING PROPERLY,CLEAR,DAWN,PEDALCYCLIST,NOT DIVIDED,STRAIGHT AND LEVEL,DRY,NO DEFECTS,Y,UNABLE TO DETERMINE,UNABLE TO DETERMINE,,NONINCAPACITATING INJURY,17,7,41.9250380064,-87.678047191,2018,30,POINT (-87.678047191 41.9250380064),,,,,2018-07-06,False,6,Lincoln Park
773,35,UNKNOWN,UNKNOWN,CLEAR,DAYLIGHT,PEDALCYCLIST,OTHER,STRAIGHT AND LEVEL,DRY,NO DEFECTS,Y,UNABLE TO DETERMINE,UNABLE TO DETERMINE,,"REPORTED, NOT EVIDENT",17,7,41.9329262952,-87.7856067903,2018,35,POINT (-87.7856067903 41.9329262952),,,,,2018-07-06,False,18,Belmont Cragin
774,30,NO CONTROLS,NO CONTROLS,CLEAR,DAYLIGHT,PEDALCYCLIST,NOT DIVIDED,STRAIGHT AND LEVEL,DRY,NO DEFECTS,Y,FAILING TO YIELD RIGHT-OF-WAY,NOT APPLICABLE,,NO INDICATION OF INJURY,17,7,41.9357283617,-87.6472265916,2018,30,POINT (-87.6472265916 41.9357283617),,,,,2018-07-06,False,5,Lake View
775,30,NO CONTROLS,NO CONTROLS,CLEAR,DAYLIGHT,PEDALCYCLIST,DIVIDED - W/MEDIAN BARRIER,STRAIGHT AND LEVEL,DRY,NO DEFECTS,,UNABLE TO DETERMINE,UNABLE TO DETERMINE,,NO INDICATION OF INJURY,19,7,41.9102690337,-87.7020158725,2018,30,POINT (-87.7020158725 41.9102690337),,,,,2018-07-06,False,22,Humboldt Park
776,30,NO CONTROLS,NO CONTROLS,CLEAR,DAYLIGHT,PEDALCYCLIST,DIVIDED - W/MEDIAN (NOT RAISED),STRAIGHT AND LEVEL,DRY,NO DEFECTS,,UNABLE TO DETERMINE,UNABLE TO DETERMINE,,NONINCAPACITATING INJURY,19,7,41.957696702,-87.7082822108,2018,30,POINT (-87.7082822108 41.957696702),,,,,2018-07-06,False,15,Irving Park