Unnamed: 0,POSTED_SPEED_LIMIT,TRAFFIC_CONTROL_DEVICE,DEVICE_CONDITION,WEATHER_CONDITION,LIGHTING_CONDITION,FIRST_CRASH_TYPE,TRAFFICWAY_TYPE,ALIGNMENT,ROADWAY_SURFACE_COND,ROAD_DEFECT,INTERSECTION_RELATED_I,PRIM_CONTRIBUTORY_CAUSE,SEC_CONTRIBUTORY_CAUSE,DOORING_I,MOST_SEVERE_INJURY,CRASH_HOUR,CRASH_MONTH,LATITUDE,LONGITUDE,CRASH_YEAR,SPEED_LIMIT,geometry,DISPLAYROU,the_geom,DIST,LANE_TYPE,CRASH_DATE,is_severe,index_right,CArea
842,30,TRAFFIC SIGNAL,FUNCTIONING PROPERLY,CLEAR,"DARKNESS, LIGHTED ROAD",PEDALCYCLIST,NOT DIVIDED,STRAIGHT AND LEVEL,DRY,NO DEFECTS,Y,DRIVING SKILLS/KNOWLEDGE/EXPERIENCE,DRIVING SKILLS/KNOWLEDGE/EXPERIENCE,,NO INDICATION OF INJURY,0,7,41.8956410645,-87.6280265641,2018,30,POINT (-87.6280265641 41.8956410645),,,,,2018-07-14,False,7,Near North Side
843,30,UNKNOWN,UNKNOWN,CLEAR,DAWN,PEDALCYCLIST,DIVIDED - W/MEDIAN (NOT RAISED),STRAIGHT AND LEVEL,DRY,UNKNOWN,,UNABLE TO DETERMINE,UNABLE TO DETERMINE,Y,NONINCAPACITATING INJURY,3,7,41.8955158471,-87.7218953407,2018,30,POINT (-87.7218953407 41.8955158471),,,,,2018-07-14,False,22,Humboldt Park
844,35,NO CONTROLS,NO CONTROLS,RAIN,DAYLIGHT,PEDALCYCLIST,NOT DIVIDED,STRAIGHT AND LEVEL,WET,NO DEFECTS,,NOT APPLICABLE,NOT APPLICABLE,Y,INCAPACITATING INJURY,9,7,41.9472035326,-87.6501295496,2018,35,POINT (-87.6501295496 41.9472035326),,,,,2018-07-14,True,5,Lake View
845,30,TRAFFIC SIGNAL,FUNCTIONING PROPERLY,RAIN,DAYLIGHT,PEDALCYCLIST,DIVIDED - W/MEDIAN (NOT RAISED),STRAIGHT AND LEVEL,WET,NO DEFECTS,Y,FAILING TO YIELD RIGHT-OF-WAY,NOT APPLICABLE,,INCAPACITATING INJURY,10,7,41.8665500635,-87.6861832896,2018,30,POINT (-87.6861832896 41.8665500635),,,,,2018-07-14,True,27,Near West Side
846,30,NO CONTROLS,NO CONTROLS,CLEAR,DUSK,PEDALCYCLIST,NOT DIVIDED,STRAIGHT AND LEVEL,DRY,NO DEFECTS,Y,FAILING TO YIELD RIGHT-OF-WAY,NOT APPLICABLE,,INCAPACITATING INJURY,19,7,42.0030955182,-87.6901691766,2018,30,POINT (-87.6901691766 42.0030955182),,,,,2018-07-14,True,1,West Ridge
847,25,NO CONTROLS,NO CONTROLS,CLEAR,"DARKNESS, LIGHTED ROAD",PEDALCYCLIST,ONE-WAY,STRAIGHT AND LEVEL,DRY,NO DEFECTS,Y,"VISION OBSCURED (SIGNS, TREE LIMBS, BUILDINGS, ETC.)",FAILING TO REDUCE SPEED TO AVOID CRASH,,NONINCAPACITATING INJURY,21,7,42.0062951787,-87.6823271154,2018,25,POINT (-87.6823271154 42.0062951787),,,,,2018-07-14,False,0,Rogers Park
848,30,NO CONTROLS,NO CONTROLS,CLEAR,"DARKNESS, LIGHTED ROAD",PEDALCYCLIST,NOT DIVIDED,STRAIGHT AND LEVEL,DRY,NO DEFECTS,,UNABLE TO DETERMINE,UNABLE TO DETERMINE,,NONINCAPACITATING INJURY,3,7,41.949667811,-87.6583259932,2018,30,POINT (-87.6583259932 41.949667811),,,,,2018-07-15,False,5,Lake View
849,25,TRAFFIC SIGNAL,FUNCTIONING PROPERLY,CLEAR,DAYLIGHT,PEDALCYCLIST,ONE-WAY,STRAIGHT AND LEVEL,DRY,NO DEFECTS,,DISREGARDING TRAFFIC SIGNALS,NOT APPLICABLE,,NONINCAPACITATING INJURY,10,7,41.9567233549,-87.7669975286,2018,25,POINT (-87.7669975286 41.9567233549),,,,,2018-07-15,False,14,Portage Park
850,30,TRAFFIC SIGNAL,FUNCTIONING IMPROPERLY,CLEAR,DAYLIGHT,PEDALCYCLIST,DIVIDED - W/MEDIAN (NOT RAISED),STRAIGHT AND LEVEL,DRY,NO DEFECTS,,DRIVING SKILLS/KNOWLEDGE/EXPERIENCE,NOT APPLICABLE,,NONINCAPACITATING INJURY,12,7,41.8603236238,-87.6253161039,2018,30,POINT (-87.6253161039 41.8603236238),,,,,2018-07-15,False,32,Near South Side
851,30,UNKNOWN,UNKNOWN,CLEAR,DAYLIGHT,PEDALCYCLIST,NOT DIVIDED,STRAIGHT AND LEVEL,DRY,UNKNOWN,,UNABLE TO DETERMINE,NOT APPLICABLE,,NO INDICATION OF INJURY,17,7,41.9317002038,-87.7422319306,2018,30,POINT (-87.7422319306 41.9317002038),,,,,2018-07-15,False,18,Belmont Cragin
852,30,TRAFFIC SIGNAL,UNKNOWN,CLEAR,DUSK,PEDALCYCLIST,NOT DIVIDED,STRAIGHT AND LEVEL,DRY,UNKNOWN,Y,DISREGARDING TRAFFIC SIGNALS,NOT APPLICABLE,,NONINCAPACITATING INJURY,20,7,41.9243499158,-87.7462435909,2018,30,POINT (-87.7462435909 41.9243499158),,,,,2018-07-15,False,18,Belmont Cragin
853,30,STOP SIGN/FLASHER,FUNCTIONING PROPERLY,RAIN,"DARKNESS, LIGHTED ROAD",PEDALCYCLIST,NOT DIVIDED,STRAIGHT AND LEVEL,WET,NO DEFECTS,Y,UNABLE TO DETERMINE,UNABLE TO DETERMINE,,NONINCAPACITATING INJURY,22,7,41.9205068959,-87.7437161274,2018,30,POINT (-87.7437161274 41.9205068959),,,,,2018-07-15,False,18,Belmont Cragin
854,30,STOP SIGN/FLASHER,FUNCTIONING PROPERLY,CLEAR,DAYLIGHT,PEDALCYCLIST,NOT DIVIDED,STRAIGHT AND LEVEL,DRY,NO DEFECTS,Y,FAILING TO REDUCE SPEED TO AVOID CRASH,DRIVING SKILLS/KNOWLEDGE/EXPERIENCE,,NO INDICATION OF INJURY,8,7,41.7845686566,-87.6888131379,2018,30,POINT (-87.6888131379 41.7845686566),,,,,2018-07-16,False,65,Chicago Lawn
855,30,NO CONTROLS,NO CONTROLS,CLEAR,DAYLIGHT,PEDALCYCLIST,NOT DIVIDED,STRAIGHT AND LEVEL,DRY,NO DEFECTS,,FAILING TO YIELD RIGHT-OF-WAY,NOT APPLICABLE,N,NONINCAPACITATING INJURY,9,7,41.9120443716,-87.6348849218,2018,30,POINT (-87.6348849218 41.9120443716),,,,,2018-07-16,False,6,Lincoln Park
856,30,NO CONTROLS,NO CONTROLS,RAIN,DAYLIGHT,PEDALCYCLIST,NOT DIVIDED,STRAIGHT AND LEVEL,WET,NO DEFECTS,,UNABLE TO DETERMINE,UNABLE TO DETERMINE,,INCAPACITATING INJURY,11,7,41.8727676243,-87.760603347,2018,30,POINT (-87.760603347 41.8727676243),,,,,2018-07-16,True,24,Austin
857,30,TRAFFIC SIGNAL,FUNCTIONING PROPERLY,CLEAR,DAYLIGHT,PEDALCYCLIST,CENTER TURN LANE,STRAIGHT AND LEVEL,DRY,NO DEFECTS,Y,EQUIPMENT - VEHICLE CONDITION,UNABLE TO DETERMINE,,NONINCAPACITATING INJURY,12,7,41.8913637478,-87.6430794683,2018,30,POINT (-87.6430794683 41.8913637478),,,,,2018-07-16,False,7,Near North Side
858,30,TRAFFIC SIGNAL,FUNCTIONING PROPERLY,RAIN,DAYLIGHT,PEDALCYCLIST,DIVIDED - W/MEDIAN BARRIER,STRAIGHT AND LEVEL,WET,UNKNOWN,Y,CELL PHONE USE OTHER THAN TEXTING,NOT APPLICABLE,,INCAPACITATING INJURY,14,7,41.8934847951,-87.6477338421,2018,30,POINT (-87.6477338421 41.8934847951),,,,,2018-07-16,True,7,Near North Side
859,20,NO CONTROLS,NO CONTROLS,CLEAR,DAYLIGHT,PEDALCYCLIST,ONE-WAY,STRAIGHT AND LEVEL,DRY,NO DEFECTS,,UNABLE TO DETERMINE,NOT APPLICABLE,,NO INDICATION OF INJURY,16,7,41.7048570071,-87.6694856863,2018,20,POINT (-87.6694856863 41.7048570071),,,,,2018-07-16,False,71,Beverly
860,30,NO CONTROLS,NO CONTROLS,CLEAR,DAYLIGHT,PEDALCYCLIST,NOT DIVIDED,STRAIGHT AND LEVEL,DRY,NO DEFECTS,,UNABLE TO DETERMINE,UNABLE TO DETERMINE,,INCAPACITATING INJURY,17,7,41.8657743577,-87.6508603578,2018,30,POINT (-87.6508603578 41.8657743577),,,,,2018-07-16,True,27,Near West Side
861,35,TRAFFIC SIGNAL,FUNCTIONING PROPERLY,CLEAR,DARKNESS,PEDALCYCLIST,NOT DIVIDED,STRAIGHT AND LEVEL,DRY,NO DEFECTS,Y,BICYCLE ADVANCING LEGALLY ON RED LIGHT,NOT APPLICABLE,,INCAPACITATING INJURY,21,7,41.8744997508,-87.624383686,2018,35,POINT (-87.624383686 41.8744997508),,,,,2018-07-16,True,31,Loop
862,30,OTHER,OTHER,CLEAR,"DARKNESS, LIGHTED ROAD",PEDALCYCLIST,DIVIDED - W/MEDIAN (NOT RAISED),STRAIGHT AND LEVEL,DRY,NO DEFECTS,,IMPROPER LANE USAGE,NOT APPLICABLE,Y,INCAPACITATING INJURY,21,7,41.92603756,-87.6493790846,2018,30,POINT (-87.6493790846 41.92603756),,,,,2018-07-16,True,6,Lincoln Park
863,30,STOP SIGN/FLASHER,FUNCTIONING PROPERLY,CLEAR,"DARKNESS, LIGHTED ROAD",PEDALCYCLIST,DIVIDED - W/MEDIAN (NOT RAISED),STRAIGHT AND LEVEL,DRY,NO DEFECTS,Y,DISREGARDING STOP SIGN,FAILING TO REDUCE SPEED TO AVOID CRASH,,NONINCAPACITATING INJURY,0,7,41.7566093091,-87.6198112038,2018,30,POINT (-87.6198112038 41.7566093091),,,,,2018-07-17,False,68,Grand Crossing
864,30,STOP SIGN/FLASHER,FUNCTIONING PROPERLY,CLEAR,DAYLIGHT,PEDALCYCLIST,NOT DIVIDED,STRAIGHT AND LEVEL,DRY,NO DEFECTS,Y,UNABLE TO DETERMINE,UNABLE TO DETERMINE,,NONINCAPACITATING INJURY,8,7,41.8311552223,-87.6206990319,2018,30,POINT (-87.6206990319 41.8311552223),,,,,2018-07-17,False,34,Douglas
865,30,NO CONTROLS,NO CONTROLS,CLEAR,DAYLIGHT,PEDALCYCLIST,DIVIDED - W/MEDIAN (NOT RAISED),STRAIGHT AND LEVEL,DRY,NO DEFECTS,Y,FAILING TO YIELD RIGHT-OF-WAY,FAILING TO REDUCE SPEED TO AVOID CRASH,,INCAPACITATING INJURY,8,7,41.8900817848,-87.6588942407,2018,30,POINT (-87.6588942407 41.8900817848),,,,,2018-07-17,True,7,Near North Side
866,30,STOP SIGN/FLASHER,FUNCTIONING PROPERLY,CLEAR,DAYLIGHT,PEDALCYCLIST,NOT DIVIDED,STRAIGHT AND LEVEL,DRY,NO DEFECTS,Y,FAILING TO YIELD RIGHT-OF-WAY,FAILING TO YIELD RIGHT-OF-WAY,N,NONINCAPACITATING INJURY,8,7,41.8367552884,-87.7256253962,2018,30,POINT (-87.7256253962 41.8367552884),,,,,2018-07-17,False,29,South Lawndale
867,30,STOP SIGN/FLASHER,FUNCTIONING PROPERLY,CLEAR,DAYLIGHT,PEDALCYCLIST,NOT DIVIDED,STRAIGHT AND LEVEL,DRY,NO DEFECTS,Y,IMPROPER TURNING/NO SIGNAL,NOT APPLICABLE,,NONINCAPACITATING INJURY,10,7,41.8892414441,-87.6370218462,2018,30,POINT (-87.6370218462 41.8892414441),,,,,2018-07-17,False,7,Near North Side
868,30,NO CONTROLS,NO CONTROLS,CLEAR,DAYLIGHT,PEDALCYCLIST,NOT DIVIDED,STRAIGHT AND LEVEL,DRY,NO DEFECTS,,UNABLE TO DETERMINE,UNABLE TO DETERMINE,N,NO INDICATION OF INJURY,10,7,41.9238140579,-87.7696956914,2018,30,POINT (-87.7696956914 41.9238140579),,,,,2018-07-17,False,18,Belmont Cragin
870,30,NO CONTROLS,NO CONTROLS,CLEAR,DAYLIGHT,PEDALCYCLIST,OTHER,STRAIGHT AND LEVEL,DRY,UNKNOWN,,NOT APPLICABLE,NOT APPLICABLE,,NONINCAPACITATING INJURY,13,7,41.9250335767,-87.6857579122,2018,30,POINT (-87.6857579122 41.9250335767),,,,,2018-07-17,False,21,Logan Square
871,30,NO CONTROLS,NO CONTROLS,CLEAR,DAYLIGHT,PEDALCYCLIST,NOT DIVIDED,STRAIGHT AND LEVEL,DRY,NO DEFECTS,,UNABLE TO DETERMINE,UNABLE TO DETERMINE,,NONINCAPACITATING INJURY,15,7,41.997904899,-87.6861721708,2018,30,POINT (-87.6861721708 41.997904899),,,,,2018-07-17,False,1,West Ridge
872,30,TRAFFIC SIGNAL,FUNCTIONING PROPERLY,CLEAR,DAYLIGHT,PEDALCYCLIST,DIVIDED - W/MEDIAN (NOT RAISED),STRAIGHT AND LEVEL,DRY,NO DEFECTS,Y,DISREGARDING TRAFFIC SIGNALS,FAILING TO YIELD RIGHT-OF-WAY,,"REPORTED, NOT EVIDENT",15,7,41.8673626926,-87.6392931946,2018,30,POINT (-87.6392931946 41.8673626926),,,,,2018-07-17,False,27,Near West Side
873,25,NO CONTROLS,NO CONTROLS,CLEAR,DAYLIGHT,PEDALCYCLIST,ONE-WAY,STRAIGHT AND LEVEL,DRY,NO DEFECTS,,NOT APPLICABLE,NOT APPLICABLE,,NONINCAPACITATING INJURY,16,7,41.9768908678,-87.7161514122,2018,25,POINT (-87.7161514122 41.9768908678),,,,,2018-07-17,False,12,North Park
874,30,STOP SIGN/FLASHER,UNKNOWN,CLEAR,DAYLIGHT,PEDALCYCLIST,NOT DIVIDED,STRAIGHT AND LEVEL,UNKNOWN,UNKNOWN,Y,NOT APPLICABLE,NOT APPLICABLE,,NONINCAPACITATING INJURY,16,7,41.796655714,-87.5905203792,2018,30,POINT (-87.5905203792 41.796655714),,,,,2018-07-17,False,40,Hyde Park
875,30,TRAFFIC SIGNAL,FUNCTIONING PROPERLY,CLEAR,DAYLIGHT,PEDALCYCLIST,NOT DIVIDED,STRAIGHT AND LEVEL,DRY,NO DEFECTS,Y,IMPROPER OVERTAKING/PASSING,UNABLE TO DETERMINE,,"REPORTED, NOT EVIDENT",17,7,41.945552923,-87.786368212,2018,30,POINT (-87.786368212 41.945552923),,,,,2018-07-17,False,14,Portage Park
876,0,TRAFFIC SIGNAL,FUNCTIONING PROPERLY,CLEAR,DAYLIGHT,PEDALCYCLIST,DIVIDED - W/MEDIAN (NOT RAISED),STRAIGHT AND LEVEL,DRY,NO DEFECTS,,UNABLE TO DETERMINE,UNABLE TO DETERMINE,,NO INDICATION OF INJURY,18,7,41.8165467904,-87.616642974,2018,0,POINT (-87.616642974 41.8165467904),,,,,2018-07-17,False,37,Grand Boulevard
877,30,TRAFFIC SIGNAL,FUNCTIONING PROPERLY,CLEAR,DAYLIGHT,PEDALCYCLIST,NOT DIVIDED,STRAIGHT AND LEVEL,DRY,NO DEFECTS,,FAILING TO YIELD RIGHT-OF-WAY,NOT APPLICABLE,,NONINCAPACITATING INJURY,18,7,41.858681849,-87.7348806428,2018,30,POINT (-87.7348806428 41.858681849),,,,,2018-07-17,False,28,North Lawndale
878,30,NO CONTROLS,NO CONTROLS,CLEAR,"DARKNESS, LIGHTED ROAD",PEDALCYCLIST,DIVIDED - W/MEDIAN (NOT RAISED),STRAIGHT AND LEVEL,DRY,NO DEFECTS,,NOT APPLICABLE,NOT APPLICABLE,,"REPORTED, NOT EVIDENT",22,7,41.7505303011,-87.6453986653,2018,30,POINT (-87.6453986653 41.7505303011),,,,,2018-07-17,False,70,Auburn Gresham
879,30,TRAFFIC SIGNAL,UNKNOWN,UNKNOWN,"DARKNESS, LIGHTED ROAD",PEDALCYCLIST,CENTER TURN LANE,STRAIGHT AND LEVEL,UNKNOWN,UNKNOWN,Y,UNABLE TO DETERMINE,NOT APPLICABLE,,NO INDICATION OF INJURY,23,7,41.9327465275,-87.653928731,2018,30,POINT (-87.653928731 41.9327465275),,,,,2018-07-17,False,5,Lake View
880,30,NO CONTROLS,NO CONTROLS,CLEAR,"DARKNESS, LIGHTED ROAD",PEDALCYCLIST,OTHER,STRAIGHT AND LEVEL,DRY,NO DEFECTS,N,FAILING TO YIELD RIGHT-OF-WAY,NOT APPLICABLE,,NONINCAPACITATING INJURY,23,7,41.7988665948,-87.7423437105,2018,30,POINT (-87.7423437105 41.7988665948),,,,,2018-07-17,False,55,Garfield Ridge
881,30,TRAFFIC SIGNAL,FUNCTIONING PROPERLY,CLEAR,DAYLIGHT,PEDALCYCLIST,OTHER,STRAIGHT AND LEVEL,DRY,NO DEFECTS,Y,DISREGARDING TRAFFIC SIGNALS,NOT APPLICABLE,,NO INDICATION OF INJURY,7,7,41.8755268643,-87.6278212638,2018,30,POINT (-87.6278212638 41.8755268643),,,,,2018-07-18,False,31,Loop
882,30,STOP SIGN/FLASHER,FUNCTIONING PROPERLY,CLEAR,DAYLIGHT,PEDALCYCLIST,NOT DIVIDED,STRAIGHT AND LEVEL,DRY,NO DEFECTS,Y,"VISION OBSCURED (SIGNS, TREE LIMBS, BUILDINGS, ETC.)",DRIVING SKILLS/KNOWLEDGE/EXPERIENCE,Y,NO INDICATION OF INJURY,8,7,41.9015598457,-87.6723978465,2018,30,POINT (-87.6723978465 41.9015598457),,,,,2018-07-18,False,23,West Town
883,30,TRAFFIC SIGNAL,FUNCTIONING PROPERLY,CLEAR,DAYLIGHT,PEDALCYCLIST,NOT DIVIDED,STRAIGHT AND LEVEL,DRY,NO DEFECTS,Y,UNABLE TO DETERMINE,NOT APPLICABLE,,"REPORTED, NOT EVIDENT",8,7,41.898229381,-87.7067545951,2018,30,POINT (-87.7067545951 41.898229381),,,,,2018-07-18,False,22,Humboldt Park
884,30,STOP SIGN/FLASHER,FUNCTIONING PROPERLY,CLEAR,DAYLIGHT,PEDALCYCLIST,NOT DIVIDED,STRAIGHT AND LEVEL,DRY,NO DEFECTS,,FOLLOWING TOO CLOSELY,UNABLE TO DETERMINE,,NO INDICATION OF INJURY,10,7,41.8718575944,-87.6468729041,2018,30,POINT (-87.6468729041 41.8718575944),,,,,2018-07-18,False,27,Near West Side
885,30,NO CONTROLS,NO CONTROLS,CLEAR,DAYLIGHT,PEDALCYCLIST,NOT DIVIDED,STRAIGHT AND LEVEL,DRY,NO DEFECTS,,NOT APPLICABLE,NOT APPLICABLE,,NO INDICATION OF INJURY,10,7,41.762174118,-87.558927464,2018,30,POINT (-87.558927464 41.762174118),,,,,2018-07-18,False,42,South Shore
886,30,TRAFFIC SIGNAL,FUNCTIONING PROPERLY,CLEAR,DAYLIGHT,PEDALCYCLIST,CENTER TURN LANE,STRAIGHT AND LEVEL,DRY,NO DEFECTS,Y,DISREGARDING TRAFFIC SIGNALS,UNABLE TO DETERMINE,,NONINCAPACITATING INJURY,14,7,41.9245945664,-87.7267105203,2018,30,POINT (-87.7267105203 41.9245945664),,,,,2018-07-18,False,19,Hermosa
887,30,UNKNOWN,UNKNOWN,UNKNOWN,UNKNOWN,PEDALCYCLIST,NOT DIVIDED,STRAIGHT AND LEVEL,UNKNOWN,UNKNOWN,,UNABLE TO DETERMINE,UNABLE TO DETERMINE,Y,"REPORTED, NOT EVIDENT",14,7,41.8999269232,-87.6608879964,2018,30,POINT (-87.6608879964 41.8999269232),,,,,2018-07-18,False,23,West Town
888,30,TRAFFIC SIGNAL,FUNCTIONING PROPERLY,CLEAR,DAYLIGHT,PEDALCYCLIST,NOT DIVIDED,STRAIGHT AND LEVEL,DRY,NO DEFECTS,,UNABLE TO DETERMINE,UNABLE TO DETERMINE,Y,NONINCAPACITATING INJURY,14,7,41.9760749349,-87.6795524562,2018,30,POINT (-87.6795524562 41.9760749349),,,,,2018-07-18,False,3,Lincoln Square
889,20,NO CONTROLS,NO CONTROLS,CLEAR,DAYLIGHT,PEDALCYCLIST,OTHER,STRAIGHT AND LEVEL,DRY,NO DEFECTS,,UNABLE TO DETERMINE,UNABLE TO DETERMINE,,NONINCAPACITATING INJURY,15,7,41.8380599987,-87.6366595871,2018,20,POINT (-87.6366595871 41.8380599987),,,,,2018-07-18,False,30,Lower West Side
890,30,TRAFFIC SIGNAL,FUNCTIONING PROPERLY,CLEAR,DAYLIGHT,PEDALCYCLIST,NOT DIVIDED,STRAIGHT AND LEVEL,DRY,NO DEFECTS,Y,FAILING TO REDUCE SPEED TO AVOID CRASH,UNABLE TO DETERMINE,,"REPORTED, NOT EVIDENT",15,7,41.9970956054,-87.8067621491,2018,30,POINT (-87.8067621491 41.9970956054),,,,,2018-07-18,False,8,Edison Park
891,30,STOP SIGN/FLASHER,FUNCTIONING PROPERLY,CLEAR,DAYLIGHT,PEDALCYCLIST,NOT DIVIDED,STRAIGHT AND LEVEL,DRY,NO DEFECTS,Y,DISREGARDING STOP SIGN,DRIVING SKILLS/KNOWLEDGE/EXPERIENCE,,NONINCAPACITATING INJURY,17,7,41.9196423223,-87.6974095388,2018,30,POINT (-87.6974095388 41.9196423223),,,,,2018-07-18,False,21,Logan Square
892,30,NO CONTROLS,NO CONTROLS,CLEAR,DAYLIGHT,PEDALCYCLIST,DIVIDED - W/MEDIAN (NOT RAISED),STRAIGHT AND LEVEL,DRY,NO DEFECTS,,FAILING TO YIELD RIGHT-OF-WAY,NOT APPLICABLE,,NONINCAPACITATING INJURY,17,7,41.904465472,-87.6343541694,2018,30,POINT (-87.6343541694 41.904465472),,,,,2018-07-18,False,7,Near North Side
893,25,TRAFFIC SIGNAL,FUNCTIONING PROPERLY,CLEAR,DAYLIGHT,PEDALCYCLIST,DIVIDED - W/MEDIAN (NOT RAISED),STRAIGHT AND LEVEL,DRY,NO DEFECTS,Y,FAILING TO YIELD RIGHT-OF-WAY,UNABLE TO DETERMINE,,NONINCAPACITATING INJURY,18,7,41.9258069317,-87.6338196492,2018,25,POINT (-87.6338196492 41.9258069317),,,,,2018-07-18,False,6,Lincoln Park
894,30,TRAFFIC SIGNAL,FUNCTIONING PROPERLY,CLEAR,"DARKNESS, LIGHTED ROAD",PEDALCYCLIST,NOT DIVIDED,STRAIGHT AND LEVEL,DRY,UNKNOWN,Y,UNABLE TO DETERMINE,UNABLE TO DETERMINE,,NONINCAPACITATING INJURY,21,7,41.8415650476,-87.6465127515,2018,30,POINT (-87.6465127515 41.8415650476),,,,,2018-07-18,False,30,Lower West Side
895,30,TRAFFIC SIGNAL,FUNCTIONING PROPERLY,CLEAR,DAYLIGHT,PEDALCYCLIST,DIVIDED - W/MEDIAN (NOT RAISED),STRAIGHT AND LEVEL,DRY,NO DEFECTS,Y,DISREGARDING TRAFFIC SIGNALS,NOT APPLICABLE,,NONINCAPACITATING INJURY,7,7,41.9286218263,-87.6876263765,2018,30,POINT (-87.6876263765 41.9286218263),,,,,2018-07-19,False,21,Logan Square
896,30,NO CONTROLS,NO CONTROLS,CLEAR,DAYLIGHT,PEDALCYCLIST,DIVIDED - W/MEDIAN (NOT RAISED),STRAIGHT AND LEVEL,DRY,NO DEFECTS,,UNABLE TO DETERMINE,NOT APPLICABLE,Y,NO INDICATION OF INJURY,12,7,41.9291728439,-87.6424444407,2018,30,POINT (-87.6424444407 41.9291728439),,,,,2018-07-19,False,6,Lincoln Park
897,0,TRAFFIC SIGNAL,FUNCTIONING PROPERLY,CLEAR,DAYLIGHT,PEDALCYCLIST,DIVIDED - W/MEDIAN (NOT RAISED),STRAIGHT AND LEVEL,DRY,NO DEFECTS,Y,DRIVING SKILLS/KNOWLEDGE/EXPERIENCE,NOT APPLICABLE,,INCAPACITATING INJURY,12,7,41.9386850695,-87.7493670142,2018,0,POINT (-87.7493670142 41.9386850695),,,,,2018-07-19,True,14,Portage Park
898,30,STOP SIGN/FLASHER,FUNCTIONING PROPERLY,CLEAR,DAYLIGHT,PEDALCYCLIST,DIVIDED - W/MEDIAN BARRIER,STRAIGHT AND LEVEL,DRY,NO DEFECTS,,DRIVING ON WRONG SIDE/WRONG WAY,NOT APPLICABLE,,NONINCAPACITATING INJURY,14,7,41.7732928959,-87.5864423683,2018,30,POINT (-87.5864423683 41.7732928959),,,,,2018-07-19,False,41,Woodlawn
899,30,NO CONTROLS,NO CONTROLS,CLEAR,DAYLIGHT,PEDALCYCLIST,NOT DIVIDED,STRAIGHT AND LEVEL,DRY,NO DEFECTS,,IMPROPER LANE USAGE,NOT APPLICABLE,Y,NO INDICATION OF INJURY,18,7,41.889333215,-87.6302824722,2018,30,POINT (-87.6302824722 41.889333215),,,,,2018-07-19,False,7,Near North Side
900,30,NO CONTROLS,NO CONTROLS,CLEAR,DAYLIGHT,PEDALCYCLIST,DIVIDED - W/MEDIAN (NOT RAISED),STRAIGHT AND LEVEL,DRY,NO DEFECTS,,FAILING TO YIELD RIGHT-OF-WAY,NOT APPLICABLE,Y,NONINCAPACITATING INJURY,18,7,41.9089214003,-87.6775677955,2018,30,POINT (-87.6775677955 41.9089214003),,,,,2018-07-19,False,23,West Town
901,30,TRAFFIC SIGNAL,FUNCTIONING PROPERLY,CLEAR,DUSK,PEDALCYCLIST,NOT DIVIDED,STRAIGHT AND LEVEL,DRY,NO DEFECTS,Y,UNABLE TO DETERMINE,NOT APPLICABLE,,NONINCAPACITATING INJURY,19,7,41.9359731791,-87.6783856518,2018,30,POINT (-87.6783856518 41.9359731791),,,,,2018-07-19,False,4,North Center
902,30,NO CONTROLS,NO CONTROLS,CLEAR,DUSK,PEDALCYCLIST,DIVIDED - W/MEDIAN (NOT RAISED),STRAIGHT AND LEVEL,DRY,NO DEFECTS,,HAD BEEN DRINKING (USE WHEN ARREST IS NOT MADE),NOT APPLICABLE,,NONINCAPACITATING INJURY,20,7,41.9465908128,-87.7193169258,2018,30,POINT (-87.7193169258 41.9465908128),,,,,2018-07-19,False,15,Irving Park
903,35,NO CONTROLS,NO CONTROLS,UNKNOWN,DAYLIGHT,PEDALCYCLIST,DIVIDED - W/MEDIAN (NOT RAISED),STRAIGHT AND LEVEL,UNKNOWN,NO DEFECTS,,DRIVING ON WRONG SIDE/WRONG WAY,FAILING TO YIELD RIGHT-OF-WAY,,"REPORTED, NOT EVIDENT",11,7,41.8519791725,-87.6466212832,2018,35,POINT (-87.6466212832 41.8519791725),,,,,2018-07-20,False,30,Lower West Side
904,25,TRAFFIC SIGNAL,FUNCTIONING PROPERLY,RAIN,DAYLIGHT,PEDALCYCLIST,DIVIDED - W/MEDIAN BARRIER,STRAIGHT AND LEVEL,WET,NO DEFECTS,Y,IMPROPER LANE USAGE,NOT APPLICABLE,,NO INDICATION OF INJURY,11,7,41.8482586453,-87.6235363017,2018,25,POINT (-87.6235363017 41.8482586453),,,,,2018-07-20,False,32,Near South Side
905,30,STOP SIGN/FLASHER,FUNCTIONING PROPERLY,OTHER,DAYLIGHT,PEDALCYCLIST,NOT DIVIDED,STRAIGHT AND LEVEL,WET,NO DEFECTS,Y,UNABLE TO DETERMINE,UNABLE TO DETERMINE,,NONINCAPACITATING INJURY,16,7,41.7822181819,-87.7400273246,2018,30,POINT (-87.7400273246 41.7822181819),,,,,2018-07-20,False,63,Clearing
906,30,NO CONTROLS,NO CONTROLS,CLEAR,DAYLIGHT,PEDALCYCLIST,ONE-WAY,STRAIGHT AND LEVEL,DRY,NO DEFECTS,,"OPERATING VEHICLE IN ERRATIC, RECKLESS, CARELESS, NEGLIGENT OR AGGRESSIVE MANNER",UNABLE TO DETERMINE,,NO INDICATION OF INJURY,17,7,41.9534477436,-87.6659701052,2018,30,POINT (-87.6659701052 41.9534477436),,,,,2018-07-20,False,5,Lake View
907,30,NO CONTROLS,NO CONTROLS,CLOUDY/OVERCAST,DAYLIGHT,PEDALCYCLIST,NOT DIVIDED,STRAIGHT AND LEVEL,WET,NO DEFECTS,,UNABLE TO DETERMINE,NOT APPLICABLE,Y,NONINCAPACITATING INJURY,18,7,41.9096433265,-87.6345156113,2018,30,POINT (-87.6345156113 41.9096433265),,,,,2018-07-20,False,7,Near North Side