Unnamed: 0,POSTED_SPEED_LIMIT,TRAFFIC_CONTROL_DEVICE,DEVICE_CONDITION,WEATHER_CONDITION,LIGHTING_CONDITION,FIRST_CRASH_TYPE,TRAFFICWAY_TYPE,ALIGNMENT,ROADWAY_SURFACE_COND,ROAD_DEFECT,INTERSECTION_RELATED_I,PRIM_CONTRIBUTORY_CAUSE,SEC_CONTRIBUTORY_CAUSE,DOORING_I,MOST_SEVERE_INJURY,CRASH_HOUR,CRASH_MONTH,LATITUDE,LONGITUDE,CRASH_YEAR,SPEED_LIMIT,geometry,DISPLAYROU,the_geom,DIST,LANE_TYPE,CRASH_DATE,is_severe,index_right,CArea
908,30,NO CONTROLS,NO CONTROLS,RAIN,"DARKNESS, LIGHTED ROAD",PEDALCYCLIST,NOT DIVIDED,STRAIGHT AND LEVEL,WET,NO DEFECTS,,NOT APPLICABLE,UNABLE TO DETERMINE,Y,NONINCAPACITATING INJURY,21,7,41.9611022814,-87.7240991412,2018,30,POINT (-87.7240991412 41.9611022814),,,,,2018-07-20,False,13,Albany Park
909,30,TRAFFIC SIGNAL,FUNCTIONING PROPERLY,RAIN,"DARKNESS, LIGHTED ROAD",PEDALCYCLIST,DIVIDED - W/MEDIAN (NOT RAISED),STRAIGHT AND LEVEL,WET,UNKNOWN,,IMPROPER LANE USAGE,NOT APPLICABLE,,NONINCAPACITATING INJURY,0,7,41.8752598258,-87.6243966738,2018,30,POINT (-87.6243966738 41.8752598258),,,,,2018-07-21,False,31,Loop
910,30,NO CONTROLS,NO CONTROLS,CLEAR,DAYLIGHT,PEDALCYCLIST,NOT DIVIDED,STRAIGHT AND LEVEL,DRY,NO DEFECTS,,FAILING TO YIELD RIGHT-OF-WAY,NOT APPLICABLE,Y,NONINCAPACITATING INJURY,9,7,41.9352432603,-87.6466934232,2018,30,POINT (-87.6466934232 41.9352432603),,,,,2018-07-21,False,5,Lake View
911,30,NO CONTROLS,NO CONTROLS,RAIN,DAYLIGHT,PEDALCYCLIST,DIVIDED - W/MEDIAN (NOT RAISED),STRAIGHT AND LEVEL,WET,NO DEFECTS,,UNABLE TO DETERMINE,NOT APPLICABLE,,NONINCAPACITATING INJURY,10,7,41.791609872,-87.7033555982,2018,30,POINT (-87.7033555982 41.791609872),,,,,2018-07-21,False,62,Gage Park
912,30,TRAFFIC SIGNAL,FUNCTIONING PROPERLY,RAIN,DAYLIGHT,PEDALCYCLIST,DIVIDED - W/MEDIAN BARRIER,STRAIGHT AND LEVEL,WET,NO DEFECTS,Y,FAILING TO YIELD RIGHT-OF-WAY,"VISION OBSCURED (SIGNS, TREE LIMBS, BUILDINGS, ETC.)",,NONINCAPACITATING INJURY,11,7,41.8820483976,-87.6242173303,2018,30,POINT (-87.6242173303 41.8820483976),,,,,2018-07-21,False,31,Loop
913,20,NO CONTROLS,NO CONTROLS,CLEAR,DAYLIGHT,PEDALCYCLIST,PARKING LOT,STRAIGHT AND LEVEL,DRY,NO DEFECTS,,"VISION OBSCURED (SIGNS, TREE LIMBS, BUILDINGS, ETC.)",NOT APPLICABLE,,NONINCAPACITATING INJURY,14,7,41.9173585451,-87.6993410687,2018,20,POINT (-87.6993410687 41.9173585451),,,,,2018-07-21,False,21,Logan Square
914,30,NO CONTROLS,NO CONTROLS,CLEAR,DAYLIGHT,PEDALCYCLIST,PARKING LOT,STRAIGHT AND LEVEL,DRY,NO DEFECTS,,UNABLE TO DETERMINE,NOT APPLICABLE,,NO INDICATION OF INJURY,15,7,41.910495065,-87.6481145769,2018,30,POINT (-87.6481145769 41.910495065),,,,,2018-07-21,False,7,Near North Side
915,30,TRAFFIC SIGNAL,UNKNOWN,CLEAR,DAYLIGHT,PEDALCYCLIST,DIVIDED - W/MEDIAN (NOT RAISED),STRAIGHT AND LEVEL,UNKNOWN,UNKNOWN,Y,"OPERATING VEHICLE IN ERRATIC, RECKLESS, CARELESS, NEGLIGENT OR AGGRESSIVE MANNER",UNABLE TO DETERMINE,,NO INDICATION OF INJURY,15,7,41.8675070105,-87.6272744485,2018,30,POINT (-87.6272744485 41.8675070105),,,,,2018-07-21,False,31,Loop
916,30,NO CONTROLS,NO CONTROLS,UNKNOWN,"DARKNESS, LIGHTED ROAD",PEDALCYCLIST,DIVIDED - W/MEDIAN (NOT RAISED),STRAIGHT AND LEVEL,WET,NO DEFECTS,,UNABLE TO DETERMINE,UNABLE TO DETERMINE,,NONINCAPACITATING INJURY,23,7,41.9613431533,-87.7009729822,2018,30,POINT (-87.7009729822 41.9613431533),,,,,2018-07-21,False,3,Lincoln Square
917,20,TRAFFIC SIGNAL,FUNCTIONING PROPERLY,RAIN,DAYLIGHT,PEDALCYCLIST,PARKING LOT,STRAIGHT AND LEVEL,WET,NO DEFECTS,,FAILING TO YIELD RIGHT-OF-WAY,NOT APPLICABLE,,NONINCAPACITATING INJURY,9,7,41.9123868664,-87.6279225447,2018,20,POINT (-87.6279225447 41.9123868664),,,,,2018-07-22,False,6,Lincoln Park
918,30,NO CONTROLS,NO CONTROLS,CLEAR,DAYLIGHT,PEDALCYCLIST,NOT DIVIDED,STRAIGHT AND LEVEL,WET,NO DEFECTS,,FAILING TO YIELD RIGHT-OF-WAY,UNABLE TO DETERMINE,,"REPORTED, NOT EVIDENT",12,7,41.9398778254,-87.6636305023,2018,30,POINT (-87.6636305023 41.9398778254),,,,,2018-07-22,False,5,Lake View
919,30,NO CONTROLS,NO CONTROLS,CLEAR,DAYLIGHT,PEDALCYCLIST,NOT DIVIDED,STRAIGHT AND LEVEL,DRY,NO DEFECTS,,FAILING TO REDUCE SPEED TO AVOID CRASH,EQUIPMENT - VEHICLE CONDITION,,NONINCAPACITATING INJURY,15,7,41.9332663864,-87.7856178586,2018,30,POINT (-87.7856178586 41.9332663864),,,,,2018-07-22,False,18,Belmont Cragin
920,30,NO CONTROLS,NO CONTROLS,CLEAR,DAYLIGHT,PEDALCYCLIST,CENTER TURN LANE,STRAIGHT AND LEVEL,DRY,NO DEFECTS,,NOT APPLICABLE,NOT APPLICABLE,N,NONINCAPACITATING INJURY,15,7,41.909842058,-87.7377979693,2018,30,POINT (-87.7377979693 41.909842058),,,,,2018-07-22,False,22,Humboldt Park
921,30,NO CONTROLS,NO CONTROLS,CLEAR,"DARKNESS, LIGHTED ROAD",PEDALCYCLIST,ONE-WAY,STRAIGHT AND LEVEL,DRY,NO DEFECTS,,UNABLE TO DETERMINE,UNABLE TO DETERMINE,,NONINCAPACITATING INJURY,20,7,41.8563216532,-87.7113288957,2018,30,POINT (-87.7113288957 41.8563216532),,,,,2018-07-22,False,28,North Lawndale
922,30,STOP SIGN/FLASHER,FUNCTIONING PROPERLY,CLEAR,DAWN,PEDALCYCLIST,ONE-WAY,STRAIGHT AND LEVEL,DRY,NO DEFECTS,Y,UNABLE TO DETERMINE,UNABLE TO DETERMINE,,NO INDICATION OF INJURY,20,7,41.7894209426,-87.7293233682,2018,30,POINT (-87.7293233682 41.7894209426),,,,,2018-07-22,False,61,West Elsdon
923,30,NO CONTROLS,NO CONTROLS,CLEAR,DAYLIGHT,PEDALCYCLIST,NOT DIVIDED,STRAIGHT AND LEVEL,DRY,NO DEFECTS,,FAILING TO YIELD RIGHT-OF-WAY,FAILING TO REDUCE SPEED TO AVOID CRASH,,NONINCAPACITATING INJURY,9,7,41.9233950723,-87.6983790155,2018,30,POINT (-87.6983790155 41.9233950723),,,,,2018-07-23,False,21,Logan Square
924,30,TRAFFIC SIGNAL,FUNCTIONING PROPERLY,CLEAR,DAYLIGHT,PEDALCYCLIST,NOT DIVIDED,STRAIGHT AND LEVEL,DRY,NO DEFECTS,,IMPROPER LANE USAGE,DISREGARDING ROAD MARKINGS,,NO INDICATION OF INJURY,10,7,41.8891577891,-87.6399859877,2018,30,POINT (-87.6399859877 41.8891577891),,,,,2018-07-23,False,7,Near North Side
925,30,STOP SIGN/FLASHER,FUNCTIONING PROPERLY,CLEAR,DAYLIGHT,PEDALCYCLIST,NOT DIVIDED,STRAIGHT AND LEVEL,DRY,DEBRIS ON ROADWAY,Y,FAILING TO YIELD RIGHT-OF-WAY,DISTRACTION - FROM INSIDE VEHICLE,Y,NONINCAPACITATING INJURY,12,7,41.8878081583,-87.6485452214,2018,30,POINT (-87.6485452214 41.8878081583),,,,,2018-07-23,False,7,Near North Side
926,35,NO CONTROLS,NO CONTROLS,CLEAR,DAYLIGHT,PEDALCYCLIST,ONE-WAY,STRAIGHT AND LEVEL,DRY,NO DEFECTS,,IMPROPER LANE USAGE,NOT APPLICABLE,Y,NO INDICATION OF INJURY,15,7,41.88457506,-87.6356695196,2018,35,POINT (-87.6356695196 41.88457506),,,,,2018-07-23,False,27,Near West Side
927,30,STOP SIGN/FLASHER,FUNCTIONING PROPERLY,CLEAR,DAYLIGHT,PEDALCYCLIST,NOT DIVIDED,STRAIGHT AND LEVEL,DRY,NO DEFECTS,Y,DISREGARDING STOP SIGN,NOT APPLICABLE,,NO INDICATION OF INJURY,18,7,41.9558741523,-87.6984446621,2018,30,POINT (-87.6984446621 41.9558741523),,,,,2018-07-23,False,15,Irving Park
928,30,STOP SIGN/FLASHER,FUNCTIONING PROPERLY,CLEAR,DAYLIGHT,PEDALCYCLIST,NOT DIVIDED,STRAIGHT AND LEVEL,DRY,UNKNOWN,Y,FAILING TO YIELD RIGHT-OF-WAY,NOT APPLICABLE,,"REPORTED, NOT EVIDENT",18,7,41.7798833318,-87.6335784813,2018,30,POINT (-87.6335784813 41.7798833318),,,,,2018-07-23,False,67,Englewood
929,30,STOP SIGN/FLASHER,FUNCTIONING PROPERLY,CLEAR,DAYLIGHT,PEDALCYCLIST,ONE-WAY,STRAIGHT AND LEVEL,DRY,NO DEFECTS,Y,FAILING TO YIELD RIGHT-OF-WAY,DISREGARDING STOP SIGN,,"REPORTED, NOT EVIDENT",19,7,41.9495186481,-87.7716186069,2018,30,POINT (-87.7716186069 41.9495186481),,,,,2018-07-23,False,14,Portage Park
930,30,NO CONTROLS,NO CONTROLS,CLEAR,DAYLIGHT,PEDALCYCLIST,NOT DIVIDED,STRAIGHT AND LEVEL,DRY,NO DEFECTS,,UNABLE TO DETERMINE,UNABLE TO DETERMINE,,NONINCAPACITATING INJURY,19,7,41.9436580157,-87.7039143014,2018,30,POINT (-87.7039143014 41.9436580157),,,,,2018-07-23,False,15,Irving Park
931,30,NO CONTROLS,NO CONTROLS,CLEAR,DUSK,PEDALCYCLIST,NOT DIVIDED,STRAIGHT AND LEVEL,DRY,NO DEFECTS,,IMPROPER OVERTAKING/PASSING,DRIVING SKILLS/KNOWLEDGE/EXPERIENCE,,NONINCAPACITATING INJURY,20,7,41.8723261665,-87.7353290966,2018,30,POINT (-87.7353290966 41.8723261665),,,,,2018-07-23,False,25,Garfield Park
932,30,TRAFFIC SIGNAL,FUNCTIONING PROPERLY,CLEAR,"DARKNESS, LIGHTED ROAD",PEDALCYCLIST,NOT DIVIDED,STRAIGHT AND LEVEL,DRY,NO DEFECTS,Y,DISREGARDING TRAFFIC SIGNALS,UNABLE TO DETERMINE,,NONINCAPACITATING INJURY,20,7,41.7733684085,-87.5766385522,2018,30,POINT (-87.5766385522 41.7733684085),,,,,2018-07-23,False,41,Woodlawn
933,30,NO CONTROLS,NO CONTROLS,CLEAR,DAYLIGHT,PEDALCYCLIST,NOT DIVIDED,STRAIGHT AND LEVEL,DRY,NO DEFECTS,,FAILING TO YIELD RIGHT-OF-WAY,NOT APPLICABLE,Y,NONINCAPACITATING INJURY,9,7,41.8969238686,-87.618711639,2018,30,POINT (-87.618711639 41.8969238686),,,,,2018-07-24,False,7,Near North Side
934,30,TRAFFIC SIGNAL,FUNCTIONING PROPERLY,CLEAR,DAYLIGHT,PEDALCYCLIST,DIVIDED - W/MEDIAN (NOT RAISED),STRAIGHT AND LEVEL,DRY,NO DEFECTS,Y,FAILING TO YIELD RIGHT-OF-WAY,DISREGARDING TRAFFIC SIGNALS,,NONINCAPACITATING INJURY,10,7,41.8082030539,-87.7041254613,2018,30,POINT (-87.7041254613 41.8082030539),,,,,2018-07-24,False,57,Brighton Park
935,30,NO CONTROLS,NO CONTROLS,CLEAR,DAYLIGHT,PEDALCYCLIST,NOT DIVIDED,STRAIGHT AND LEVEL,DRY,NO DEFECTS,,UNABLE TO DETERMINE,NOT APPLICABLE,Y,NO INDICATION OF INJURY,13,7,41.9292928158,-87.6451635155,2018,30,POINT (-87.6451635155 41.9292928158),,,,,2018-07-24,False,6,Lincoln Park
936,30,NO CONTROLS,NO CONTROLS,CLEAR,DAYLIGHT,PEDALCYCLIST,DIVIDED - W/MEDIAN (NOT RAISED),STRAIGHT AND LEVEL,DRY,UNKNOWN,,NOT APPLICABLE,NOT APPLICABLE,Y,"REPORTED, NOT EVIDENT",15,7,41.9758474123,-87.7096035578,2018,30,POINT (-87.7096035578 41.9758474123),,,,,2018-07-24,False,12,North Park
937,25,NO CONTROLS,NO CONTROLS,CLEAR,DAYLIGHT,PEDALCYCLIST,NOT DIVIDED,STRAIGHT AND LEVEL,DRY,NO DEFECTS,,FAILING TO YIELD RIGHT-OF-WAY,NOT APPLICABLE,,NONINCAPACITATING INJURY,15,7,41.8964053951,-87.649946772,2018,25,POINT (-87.649946772 41.8964053951),,,,,2018-07-24,False,7,Near North Side
938,30,TRAFFIC SIGNAL,FUNCTIONING PROPERLY,CLEAR,DAYLIGHT,PEDALCYCLIST,NOT DIVIDED,STRAIGHT AND LEVEL,DRY,NO DEFECTS,Y,FAILING TO YIELD RIGHT-OF-WAY,FAILING TO REDUCE SPEED TO AVOID CRASH,,"REPORTED, NOT EVIDENT",16,7,41.8963672984,-87.6428672501,2018,30,POINT (-87.6428672501 41.8963672984),,,,,2018-07-24,False,7,Near North Side
939,25,TRAFFIC SIGNAL,FUNCTIONING PROPERLY,CLEAR,DAYLIGHT,PEDALCYCLIST,NOT DIVIDED,STRAIGHT AND LEVEL,DRY,NO DEFECTS,Y,DISREGARDING TRAFFIC SIGNALS,NOT APPLICABLE,,NONINCAPACITATING INJURY,16,7,41.946818802,-87.6944757506,2018,25,POINT (-87.6944757506 41.946818802),,,,,2018-07-24,False,4,North Center
940,35,TRAFFIC SIGNAL,FUNCTIONING PROPERLY,CLEAR,DAYLIGHT,PEDALCYCLIST,DIVIDED - W/MEDIAN (NOT RAISED),STRAIGHT AND LEVEL,DRY,NO DEFECTS,Y,UNABLE TO DETERMINE,UNABLE TO DETERMINE,,NONINCAPACITATING INJURY,17,7,41.9577642133,-87.6814527121,2018,35,POINT (-87.6814527121 41.9577642133),,,,,2018-07-24,False,4,North Center
941,30,NO CONTROLS,NO CONTROLS,CLEAR,DAYLIGHT,PEDALCYCLIST,NOT DIVIDED,STRAIGHT AND LEVEL,DRY,UNKNOWN,,UNABLE TO DETERMINE,NOT APPLICABLE,,NO INDICATION OF INJURY,17,7,41.8418941378,-87.7145789497,2018,30,POINT (-87.7145789497 41.8418941378),,,,,2018-07-24,False,29,South Lawndale
942,30,NO CONTROLS,NO CONTROLS,CLEAR,DAYLIGHT,PEDALCYCLIST,NOT DIVIDED,STRAIGHT AND LEVEL,DRY,NO DEFECTS,,IMPROPER TURNING/NO SIGNAL,NOT APPLICABLE,,NONINCAPACITATING INJURY,17,7,41.9176669443,-87.6885341826,2018,30,POINT (-87.6885341826 41.9176669443),,,,,2018-07-24,False,21,Logan Square
943,25,STOP SIGN/FLASHER,FUNCTIONING PROPERLY,CLEAR,DAYLIGHT,PEDALCYCLIST,NOT DIVIDED,STRAIGHT AND LEVEL,DRY,NO DEFECTS,,DISREGARDING STOP SIGN,NOT APPLICABLE,,NONINCAPACITATING INJURY,18,7,41.943048547,-87.6832367445,2018,25,POINT (-87.6832367445 41.943048547),,,,,2018-07-24,False,4,North Center
944,30,UNKNOWN,UNKNOWN,CLEAR,"DARKNESS, LIGHTED ROAD",PEDALCYCLIST,DIVIDED - W/MEDIAN (NOT RAISED),STRAIGHT AND LEVEL,UNKNOWN,UNKNOWN,Y,NOT APPLICABLE,NOT APPLICABLE,N,"REPORTED, NOT EVIDENT",21,7,41.8718575944,-87.6468729041,2018,30,POINT (-87.6468729041 41.8718575944),,,,,2018-07-24,False,27,Near West Side
945,30,TRAFFIC SIGNAL,FUNCTIONING PROPERLY,CLEAR,DAYLIGHT,PEDALCYCLIST,DIVIDED - W/MEDIAN (NOT RAISED),STRAIGHT AND LEVEL,DRY,NO DEFECTS,Y,FAILING TO REDUCE SPEED TO AVOID CRASH,IMPROPER TURNING/NO SIGNAL,,NONINCAPACITATING INJURY,6,7,41.9102690337,-87.7020158725,2018,30,POINT (-87.7020158725 41.9102690337),,,,,2018-07-25,False,22,Humboldt Park
946,25,NO CONTROLS,NO CONTROLS,CLEAR,DAYLIGHT,PEDALCYCLIST,ALLEY,STRAIGHT AND LEVEL,DRY,NO DEFECTS,,NOT APPLICABLE,NOT APPLICABLE,,NO INDICATION OF INJURY,7,7,41.9725717877,-87.6680668154,2018,25,POINT (-87.6680668154 41.9725717877),,,,,2018-07-25,False,2,Uptown
947,30,NO CONTROLS,NO CONTROLS,CLEAR,DAYLIGHT,PEDALCYCLIST,NOT DIVIDED,STRAIGHT AND LEVEL,DRY,UNKNOWN,,FAILING TO YIELD RIGHT-OF-WAY,NOT APPLICABLE,Y,NONINCAPACITATING INJURY,10,7,41.8965425453,-87.6343477554,2018,30,POINT (-87.6343477554 41.8965425453),,,,,2018-07-25,False,7,Near North Side
948,30,NO CONTROLS,NO CONTROLS,CLEAR,DAYLIGHT,PEDALCYCLIST,NOT DIVIDED,STRAIGHT AND LEVEL,DRY,NO DEFECTS,,NOT APPLICABLE,NOT APPLICABLE,,NO INDICATION OF INJURY,14,7,41.8565653976,-87.646458317,2018,30,POINT (-87.646458317 41.8565653976),,,,,2018-07-25,False,30,Lower West Side
949,30,UNKNOWN,UNKNOWN,CLEAR,DAYLIGHT,PEDALCYCLIST,ONE-WAY,STRAIGHT AND LEVEL,DRY,UNKNOWN,,UNABLE TO DETERMINE,NOT APPLICABLE,,NO INDICATION OF INJURY,15,7,41.914546068,-87.797524893,2018,30,POINT (-87.797524893 41.914546068),,,,,2018-07-25,False,24,Austin
950,30,NO CONTROLS,NO CONTROLS,CLEAR,DAYLIGHT,PEDALCYCLIST,NOT DIVIDED,STRAIGHT AND LEVEL,DRY,NO DEFECTS,Y,UNABLE TO DETERMINE,NOT APPLICABLE,,NO INDICATION OF INJURY,18,7,41.8893434784,-87.6295122743,2018,30,POINT (-87.6295122743 41.8893434784),,,,,2018-07-25,False,7,Near North Side
951,30,TRAFFIC SIGNAL,FUNCTIONING PROPERLY,CLEAR,DAYLIGHT,PEDALCYCLIST,DIVIDED - W/MEDIAN (NOT RAISED),STRAIGHT AND LEVEL,DRY,NO DEFECTS,Y,IMPROPER TURNING/NO SIGNAL,IMPROPER LANE USAGE,,INCAPACITATING INJURY,18,7,41.9126848831,-87.6812570366,2018,30,POINT (-87.6812570366 41.9126848831),,,,,2018-07-25,True,6,Lincoln Park
952,30,TRAFFIC SIGNAL,FUNCTIONING PROPERLY,CLEAR,DAYLIGHT,PEDALCYCLIST,NOT DIVIDED,STRAIGHT AND LEVEL,DRY,NO DEFECTS,,FAILING TO YIELD RIGHT-OF-WAY,IMPROPER LANE USAGE,,NO INDICATION OF INJURY,19,7,41.8673464175,-87.6259747641,2018,30,POINT (-87.6259747641 41.8673464175),,,,,2018-07-25,False,31,Loop
953,30,NO CONTROLS,NO CONTROLS,CLEAR,"DARKNESS, LIGHTED ROAD",PEDALCYCLIST,NOT DIVIDED,STRAIGHT AND LEVEL,DRY,NO DEFECTS,,NOT APPLICABLE,NOT APPLICABLE,,NO INDICATION OF INJURY,19,7,41.9436456785,-87.6448514075,2018,30,POINT (-87.6448514075 41.9436456785),,,,,2018-07-25,False,5,Lake View
954,30,NO CONTROLS,NO CONTROLS,CLEAR,"DARKNESS, LIGHTED ROAD",PEDALCYCLIST,DIVIDED - W/MEDIAN (NOT RAISED),STRAIGHT AND LEVEL,DRY,OTHER,Y,FAILING TO REDUCE SPEED TO AVOID CRASH,NOT APPLICABLE,,INCAPACITATING INJURY,0,7,41.7622994632,-87.6590431001,2018,30,POINT (-87.6590431001 41.7622994632),,,,,2018-07-26,True,66,Englewood
955,30,NO CONTROLS,NO CONTROLS,CLEAR,DAYLIGHT,PEDALCYCLIST,DIVIDED - W/MEDIAN (NOT RAISED),STRAIGHT AND LEVEL,DRY,NO DEFECTS,,FAILING TO YIELD RIGHT-OF-WAY,FAILING TO REDUCE SPEED TO AVOID CRASH,,NO INDICATION OF INJURY,8,7,41.8860283981,-87.6340849831,2018,30,POINT (-87.6340849831 41.8860283981),,,,,2018-07-26,False,31,Loop
956,30,TRAFFIC SIGNAL,FUNCTIONING PROPERLY,CLEAR,DAYLIGHT,PEDALCYCLIST,NOT DIVIDED,STRAIGHT AND LEVEL,DRY,NO DEFECTS,,UNABLE TO DETERMINE,NOT APPLICABLE,,NO INDICATION OF INJURY,9,7,41.8715393342,-87.6765325369,2018,30,POINT (-87.6765325369 41.8715393342),,,,,2018-07-26,False,27,Near West Side
957,30,NO CONTROLS,NO CONTROLS,CLEAR,DAYLIGHT,PEDALCYCLIST,NOT DIVIDED,STRAIGHT AND LEVEL,DRY,WORN SURFACE,,NOT APPLICABLE,NOT APPLICABLE,,NONINCAPACITATING INJURY,16,7,41.9488862761,-87.7077346679,2018,30,POINT (-87.7077346679 41.9488862761),,,,,2018-07-26,False,15,Irving Park
958,30,NO CONTROLS,NO CONTROLS,CLEAR,"DARKNESS, LIGHTED ROAD",PEDALCYCLIST,ONE-WAY,STRAIGHT AND LEVEL,DRY,NO DEFECTS,,IMPROPER OVERTAKING/PASSING,NOT APPLICABLE,,NONINCAPACITATING INJURY,18,7,41.9379695235,-87.6694747253,2018,30,POINT (-87.6694747253 41.9379695235),,,,,2018-07-26,False,5,Lake View
959,30,TRAFFIC SIGNAL,FUNCTIONING PROPERLY,CLEAR,DAYLIGHT,PEDALCYCLIST,DIVIDED - W/MEDIAN (NOT RAISED),STRAIGHT AND LEVEL,DRY,NO DEFECTS,Y,IMPROPER LANE USAGE,IMPROPER OVERTAKING/PASSING,,NO INDICATION OF INJURY,18,7,41.8671196607,-87.6452815,2018,30,POINT (-87.6452815 41.8671196607),,,,,2018-07-26,False,27,Near West Side
960,30,NO CONTROLS,NO CONTROLS,CLEAR,DAYLIGHT,PEDALCYCLIST,PARKING LOT,STRAIGHT AND LEVEL,DRY,NO DEFECTS,,UNABLE TO DETERMINE,UNABLE TO DETERMINE,,NONINCAPACITATING INJURY,19,7,41.8742722975,-87.7353902407,2018,30,POINT (-87.7353902407 41.8742722975),,,,,2018-07-26,False,25,Garfield Park
961,25,TRAFFIC SIGNAL,FUNCTIONING PROPERLY,CLEAR,DAYLIGHT,PEDALCYCLIST,ONE-WAY,STRAIGHT AND LEVEL,DRY,NO DEFECTS,Y,UNABLE TO DETERMINE,NOT APPLICABLE,,NONINCAPACITATING INJURY,19,7,41.9261607198,-87.6315146648,2018,25,POINT (-87.6315146648 41.9261607198),,,,,2018-07-26,False,6,Lincoln Park
962,35,NO CONTROLS,NO CONTROLS,CLEAR,"DARKNESS, LIGHTED ROAD",PEDALCYCLIST,DIVIDED - W/MEDIAN (NOT RAISED),STRAIGHT AND LEVEL,DRY,NO DEFECTS,,NOT APPLICABLE,NOT APPLICABLE,Y,NONINCAPACITATING INJURY,21,7,41.932046851,-87.6889786863,2018,35,POINT (-87.6889786863 41.932046851),,,,,2018-07-26,False,20,Avondale
963,20,STOP SIGN/FLASHER,FUNCTIONING PROPERLY,CLEAR,"DARKNESS, LIGHTED ROAD",PEDALCYCLIST,ONE-WAY,STRAIGHT ON HILLCREST,DRY,NO DEFECTS,Y,UNABLE TO DETERMINE,NOT APPLICABLE,,NO INDICATION OF INJURY,23,7,41.8856081578,-87.6173457991,2018,20,POINT (-87.6173457991 41.8856081578),,,,,2018-07-26,False,31,Loop
964,30,TRAFFIC SIGNAL,FUNCTIONING PROPERLY,CLEAR,"DARKNESS, LIGHTED ROAD",PEDALCYCLIST,CENTER TURN LANE,STRAIGHT AND LEVEL,UNKNOWN,UNKNOWN,,FOLLOWING TOO CLOSELY,FOLLOWING TOO CLOSELY,,NO INDICATION OF INJURY,0,7,41.9168008862,-87.6872416211,2018,30,POINT (-87.6872416211 41.9168008862),,,,,2018-07-27,False,21,Logan Square
965,30,TRAFFIC SIGNAL,FUNCTIONING PROPERLY,CLEAR,DAYLIGHT,PEDALCYCLIST,DIVIDED - W/MEDIAN (NOT RAISED),STRAIGHT AND LEVEL,DRY,UNKNOWN,Y,FAILING TO YIELD RIGHT-OF-WAY,UNABLE TO DETERMINE,,NONINCAPACITATING INJURY,7,7,41.9614217264,-87.6887469798,2018,30,POINT (-87.6887469798 41.9614217264),,,,,2018-07-27,False,3,Lincoln Square
966,30,TRAFFIC SIGNAL,FUNCTIONING PROPERLY,CLEAR,DAYLIGHT,PEDALCYCLIST,ONE-WAY,STRAIGHT AND LEVEL,DRY,NO DEFECTS,,UNABLE TO DETERMINE,UNABLE TO DETERMINE,,NONINCAPACITATING INJURY,7,7,41.895549923,-87.6295882935,2018,30,POINT (-87.6295882935 41.895549923),,,,,2018-07-27,False,7,Near North Side
967,30,TRAFFIC SIGNAL,FUNCTIONING PROPERLY,CLEAR,DAYLIGHT,PEDALCYCLIST,DIVIDED - W/MEDIAN (NOT RAISED),STRAIGHT AND LEVEL,DRY,NO DEFECTS,Y,DISREGARDING TRAFFIC SIGNALS,NOT APPLICABLE,,NONINCAPACITATING INJURY,8,7,41.895049038,-87.7459555163,2018,30,POINT (-87.7459555163 41.895049038),,,,,2018-07-27,False,24,Austin
968,25,OTHER REG. SIGN,NO CONTROLS,CLEAR,DAYLIGHT,PEDALCYCLIST,DIVIDED - W/MEDIAN (NOT RAISED),STRAIGHT AND LEVEL,DRY,NO DEFECTS,,DRIVING SKILLS/KNOWLEDGE/EXPERIENCE,DISREGARDING ROAD MARKINGS,,"REPORTED, NOT EVIDENT",12,7,41.8671220173,-87.6414076004,2018,25,POINT (-87.6414076004 41.8671220173),,,,,2018-07-27,False,27,Near West Side
969,30,NO CONTROLS,NO CONTROLS,CLEAR,DAYLIGHT,PEDALCYCLIST,NOT DIVIDED,STRAIGHT AND LEVEL,DRY,NO DEFECTS,,IMPROPER LANE USAGE,FAILING TO YIELD RIGHT-OF-WAY,,INCAPACITATING INJURY,12,7,41.918139381,-87.6439645014,2018,30,POINT (-87.6439645014 41.918139381),,,,,2018-07-27,True,6,Lincoln Park
970,30,NO CONTROLS,NO CONTROLS,CLEAR,DAYLIGHT,PEDALCYCLIST,NOT DIVIDED,STRAIGHT AND LEVEL,DRY,UNKNOWN,,UNABLE TO DETERMINE,UNABLE TO DETERMINE,Y,NONINCAPACITATING INJURY,13,7,41.9791482473,-87.6695485686,2018,30,POINT (-87.6695485686 41.9791482473),,,,,2018-07-27,False,76,Edgewater
971,30,NO CONTROLS,NO CONTROLS,CLEAR,DAYLIGHT,PEDALCYCLIST,DIVIDED - W/MEDIAN (NOT RAISED),STRAIGHT AND LEVEL,DRY,NO DEFECTS,,IMPROPER OVERTAKING/PASSING,NOT APPLICABLE,,NONINCAPACITATING INJURY,13,7,41.8666658611,-87.6916062609,2018,30,POINT (-87.6916062609 41.8666658611),,,,,2018-07-27,False,27,Near West Side
972,30,NO CONTROLS,NO CONTROLS,CLEAR,DAYLIGHT,PEDALCYCLIST,DIVIDED - W/MEDIAN (NOT RAISED),STRAIGHT AND LEVEL,DRY,NO DEFECTS,,"VISION OBSCURED (SIGNS, TREE LIMBS, BUILDINGS, ETC.)",NOT APPLICABLE,Y,NONINCAPACITATING INJURY,14,7,41.9393610548,-87.7144657984,2018,30,POINT (-87.7144657984 41.9393610548),,,,,2018-07-27,False,15,Irving Park