Unnamed: 0,POSTED_SPEED_LIMIT,TRAFFIC_CONTROL_DEVICE,DEVICE_CONDITION,WEATHER_CONDITION,LIGHTING_CONDITION,FIRST_CRASH_TYPE,TRAFFICWAY_TYPE,ALIGNMENT,ROADWAY_SURFACE_COND,ROAD_DEFECT,INTERSECTION_RELATED_I,PRIM_CONTRIBUTORY_CAUSE,SEC_CONTRIBUTORY_CAUSE,DOORING_I,MOST_SEVERE_INJURY,CRASH_HOUR,CRASH_MONTH,LATITUDE,LONGITUDE,CRASH_YEAR,SPEED_LIMIT,geometry,DISPLAYROU,the_geom,DIST,LANE_TYPE,CRASH_DATE,is_severe,index_right,CArea
973,30,NO CONTROLS,NO CONTROLS,CLEAR,DAYLIGHT,PEDALCYCLIST,NOT DIVIDED,STRAIGHT AND LEVEL,DRY,NO DEFECTS,,DRIVING SKILLS/KNOWLEDGE/EXPERIENCE,DRIVING SKILLS/KNOWLEDGE/EXPERIENCE,,"REPORTED, NOT EVIDENT",15,7,41.7076421509,-87.6010128106,2018,30,POINT (-87.6010128106 41.7076421509),,,,,2018-07-27,False,49,Pullman
974,30,TRAFFIC SIGNAL,FUNCTIONING PROPERLY,CLEAR,DAYLIGHT,PEDALCYCLIST,DIVIDED - W/MEDIAN BARRIER,STRAIGHT AND LEVEL,DRY,NO DEFECTS,,DISREGARDING TRAFFIC SIGNALS,UNABLE TO DETERMINE,,INCAPACITATING INJURY,16,7,41.8757562552,-87.6175156798,2018,30,POINT (-87.6175156798 41.8757562552),,,,,2018-07-27,True,31,Loop
975,30,NO CONTROLS,NO CONTROLS,CLEAR,DAYLIGHT,PEDALCYCLIST,NOT DIVIDED,STRAIGHT AND LEVEL,DRY,NO DEFECTS,,UNABLE TO DETERMINE,UNABLE TO DETERMINE,Y,"REPORTED, NOT EVIDENT",17,7,41.9645266916,-87.7241339995,2018,30,POINT (-87.7241339995 41.9645266916),,,,,2018-07-27,False,13,Albany Park
976,30,TRAFFIC SIGNAL,FUNCTIONING PROPERLY,CLEAR,DAYLIGHT,PEDALCYCLIST,ONE-WAY,STRAIGHT AND LEVEL,DRY,NO DEFECTS,,UNABLE TO DETERMINE,UNABLE TO DETERMINE,,NO INDICATION OF INJURY,18,7,41.8900209081,-87.6341761626,2018,30,POINT (-87.6341761626 41.8900209081),,,,,2018-07-27,False,7,Near North Side
977,30,NO CONTROLS,NO CONTROLS,CLEAR,DAYLIGHT,PEDALCYCLIST,NOT DIVIDED,STRAIGHT AND LEVEL,DRY,NO DEFECTS,,UNABLE TO DETERMINE,UNABLE TO DETERMINE,Y,NO INDICATION OF INJURY,18,7,41.8912081398,-87.6557343427,2018,30,POINT (-87.6557343427 41.8912081398),,,,,2018-07-27,False,7,Near North Side
978,30,NO CONTROLS,NO CONTROLS,CLEAR,DARKNESS,PEDALCYCLIST,NOT DIVIDED,STRAIGHT AND LEVEL,DRY,NO DEFECTS,,IMPROPER TURNING/NO SIGNAL,NOT APPLICABLE,,NONINCAPACITATING INJURY,22,7,41.8517422172,-87.7175866691,2018,30,POINT (-87.7175866691 41.8517422172),,,,,2018-07-27,False,28,North Lawndale
979,35,TRAFFIC SIGNAL,FUNCTIONING PROPERLY,CLEAR,"DARKNESS, LIGHTED ROAD",PEDALCYCLIST,DIVIDED - W/MEDIAN (NOT RAISED),STRAIGHT AND LEVEL,DRY,NO DEFECTS,Y,"OPERATING VEHICLE IN ERRATIC, RECKLESS, CARELESS, NEGLIGENT OR AGGRESSIVE MANNER",HAD BEEN DRINKING (USE WHEN ARREST IS NOT MADE),,INCAPACITATING INJURY,23,7,41.8527551845,-87.6465798588,2018,35,POINT (-87.6465798588 41.8527551845),,,,,2018-07-27,True,30,Lower West Side
980,30,NO CONTROLS,NO CONTROLS,CLEAR,DAYLIGHT,PEDALCYCLIST,DIVIDED - W/MEDIAN (NOT RAISED),STRAIGHT AND LEVEL,DRY,NO DEFECTS,,IMPROPER LANE USAGE,DRIVING SKILLS/KNOWLEDGE/EXPERIENCE,,NONINCAPACITATING INJURY,8,7,41.8806804391,-87.7255224003,2018,30,POINT (-87.7255224003 41.8806804391),,,,,2018-07-28,False,25,Garfield Park
981,35,OTHER,NO CONTROLS,CLEAR,DAYLIGHT,PEDALCYCLIST,OTHER,STRAIGHT AND LEVEL,DRY,NO DEFECTS,,DRIVING SKILLS/KNOWLEDGE/EXPERIENCE,UNABLE TO DETERMINE,,NO INDICATION OF INJURY,11,7,41.7941994854,-87.6319254825,2018,35,POINT (-87.6319254825 41.7941994854),,,,,2018-07-28,False,67,Englewood
982,25,TRAFFIC SIGNAL,FUNCTIONING PROPERLY,CLEAR,DAYLIGHT,PEDALCYCLIST,NOT DIVIDED,STRAIGHT AND LEVEL,DRY,NO DEFECTS,Y,NOT APPLICABLE,NOT APPLICABLE,,NONINCAPACITATING INJURY,12,7,41.9691335605,-87.6597433643,2018,25,POINT (-87.6597433643 41.9691335605),,,,,2018-07-28,False,2,Uptown
983,30,NO CONTROLS,NO CONTROLS,CLEAR,DAYLIGHT,PEDALCYCLIST,NOT DIVIDED,STRAIGHT AND LEVEL,DRY,NO DEFECTS,,UNABLE TO DETERMINE,UNABLE TO DETERMINE,,NO INDICATION OF INJURY,13,7,41.8656570299,-87.6275294189,2018,30,POINT (-87.6275294189 41.8656570299),,,,,2018-07-28,False,32,Near South Side
984,30,UNKNOWN,UNKNOWN,CLEAR,DAYLIGHT,PEDALCYCLIST,DIVIDED - W/MEDIAN BARRIER,STRAIGHT AND LEVEL,UNKNOWN,UNKNOWN,,IMPROPER TURNING/NO SIGNAL,UNABLE TO DETERMINE,,NO INDICATION OF INJURY,15,7,41.8721643961,-87.6307557769,2018,30,POINT (-87.6307557769 41.8721643961),,,,,2018-07-28,False,31,Loop
985,30,NO CONTROLS,NO CONTROLS,CLEAR,DAYLIGHT,PEDALCYCLIST,NOT DIVIDED,STRAIGHT AND LEVEL,DRY,NO DEFECTS,,UNABLE TO DETERMINE,NOT APPLICABLE,Y,NO INDICATION OF INJURY,17,7,41.9492249518,-87.649662349,2018,30,POINT (-87.649662349 41.9492249518),,,,,2018-07-28,False,5,Lake View
986,30,NO CONTROLS,NO CONTROLS,CLEAR,DAYLIGHT,PEDALCYCLIST,NOT DIVIDED,STRAIGHT AND LEVEL,DRY,NO DEFECTS,,UNABLE TO DETERMINE,UNABLE TO DETERMINE,Y,NO INDICATION OF INJURY,17,7,41.8859643872,-87.6522984426,2018,30,POINT (-87.6522984426 41.8859643872),,,,,2018-07-28,False,27,Near West Side
987,30,NO CONTROLS,NO CONTROLS,CLEAR,DAYLIGHT,PEDALCYCLIST,NOT DIVIDED,STRAIGHT AND LEVEL,DRY,NO DEFECTS,,IMPROPER OVERTAKING/PASSING,NOT APPLICABLE,,NO INDICATION OF INJURY,17,7,41.8481735171,-87.7333220905,2018,30,POINT (-87.7333220905 41.8481735171),,,,,2018-07-28,False,28,North Lawndale
988,30,NO CONTROLS,NO CONTROLS,CLEAR,DAYLIGHT,PEDALCYCLIST,NOT DIVIDED,STRAIGHT AND LEVEL,DRY,NO DEFECTS,,NOT APPLICABLE,NOT APPLICABLE,Y,INCAPACITATING INJURY,18,7,41.935272439,-87.6627208418,2018,30,POINT (-87.6627208418 41.935272439),,,,,2018-07-28,True,5,Lake View
989,35,NO CONTROLS,NO CONTROLS,CLEAR,DAYLIGHT,PEDALCYCLIST,DIVIDED - W/MEDIAN BARRIER,STRAIGHT AND LEVEL,DRY,NO DEFECTS,,UNABLE TO DETERMINE,UNABLE TO DETERMINE,Y,FATAL,18,7,41.7635484385,-87.5857099555,2018,35,POINT (-87.5857099555 41.7635484385),,,,,2018-07-28,True,42,South Shore
990,30,TRAFFIC SIGNAL,FUNCTIONING PROPERLY,CLEAR,"DARKNESS, LIGHTED ROAD",PEDALCYCLIST,DIVIDED - W/MEDIAN (NOT RAISED),STRAIGHT AND LEVEL,DRY,NO DEFECTS,Y,FAILING TO YIELD RIGHT-OF-WAY,NOT APPLICABLE,,NO INDICATION OF INJURY,21,7,41.8998165938,-87.6674565728,2018,30,POINT (-87.6674565728 41.8998165938),,,,,2018-07-28,False,23,West Town
991,30,UNKNOWN,UNKNOWN,UNKNOWN,"DARKNESS, LIGHTED ROAD",PEDALCYCLIST,DIVIDED - W/MEDIAN (NOT RAISED),STRAIGHT AND LEVEL,UNKNOWN,UNKNOWN,,UNABLE TO DETERMINE,UNABLE TO DETERMINE,Y,NO INDICATION OF INJURY,22,7,41.9320677883,-87.6879397145,2018,30,POINT (-87.6879397145 41.9320677883),,,,,2018-07-28,False,20,Avondale
992,30,NO CONTROLS,NO CONTROLS,CLEAR,"DARKNESS, LIGHTED ROAD",PEDALCYCLIST,NOT DIVIDED,STRAIGHT AND LEVEL,DRY,NO DEFECTS,,NOT APPLICABLE,NOT APPLICABLE,,NO INDICATION OF INJURY,0,7,41.9460573675,-87.6554226937,2018,30,POINT (-87.6554226937 41.9460573675),,,,,2018-07-29,False,5,Lake View
993,30,NO CONTROLS,NO CONTROLS,CLEAR,DAYLIGHT,PEDALCYCLIST,NOT DIVIDED,STRAIGHT AND LEVEL,DRY,OTHER,Y,IMPROPER BACKING,DRIVING SKILLS/KNOWLEDGE/EXPERIENCE,,NONINCAPACITATING INJURY,11,7,41.6953609254,-87.6233298077,2018,30,POINT (-87.6233298077 41.6953609254),,,,,2018-07-29,False,48,Roseland
994,30,NO CONTROLS,NO CONTROLS,CLEAR,DAYLIGHT,PEDALCYCLIST,NOT DIVIDED,STRAIGHT AND LEVEL,DRY,NO DEFECTS,,"OPERATING VEHICLE IN ERRATIC, RECKLESS, CARELESS, NEGLIGENT OR AGGRESSIVE MANNER",UNABLE TO DETERMINE,,NONINCAPACITATING INJURY,13,7,41.9455831839,-87.6783710793,2018,30,POINT (-87.6783710793 41.9455831839),,,,,2018-07-29,False,4,North Center
995,30,NO CONTROLS,NO CONTROLS,CLEAR,DAYLIGHT,PEDALCYCLIST,NOT DIVIDED,STRAIGHT ON GRADE,DRY,NO DEFECTS,,FAILING TO REDUCE SPEED TO AVOID CRASH,NOT APPLICABLE,,INCAPACITATING INJURY,13,7,41.7066471442,-87.6721319071,2018,30,POINT (-87.6721319071 41.7066471442),,,,,2018-07-29,True,71,Beverly
996,30,STOP SIGN/FLASHER,FUNCTIONING PROPERLY,CLEAR,DAYLIGHT,PEDALCYCLIST,OTHER,STRAIGHT AND LEVEL,DRY,NO DEFECTS,Y,UNABLE TO DETERMINE,NOT APPLICABLE,,NONINCAPACITATING INJURY,14,7,42.0075136168,-87.699640196,2018,30,POINT (-87.699640196 42.0075136168),,,,,2018-07-29,False,1,West Ridge
997,30,STOP SIGN/FLASHER,FUNCTIONING PROPERLY,CLEAR,DAYLIGHT,PEDALCYCLIST,OTHER,STRAIGHT AND LEVEL,DRY,NO DEFECTS,Y,FAILING TO YIELD RIGHT-OF-WAY,NOT APPLICABLE,,NONINCAPACITATING INJURY,14,7,41.9721789684,-87.7087294642,2018,30,POINT (-87.7087294642 41.9721789684),,,,,2018-07-29,False,12,North Park
998,30,NO CONTROLS,NO CONTROLS,CLEAR,DAYLIGHT,PEDALCYCLIST,NOT DIVIDED,STRAIGHT AND LEVEL,DRY,NO DEFECTS,,FAILING TO YIELD RIGHT-OF-WAY,NOT APPLICABLE,,NONINCAPACITATING INJURY,19,7,41.957145435,-87.6641290408,2018,30,POINT (-87.6641290408 41.957145435),,,,,2018-07-29,False,2,Uptown
999,35,NO CONTROLS,NO CONTROLS,CLEAR,DAYLIGHT,PEDALCYCLIST,NOT DIVIDED,STRAIGHT AND LEVEL,DRY,NO DEFECTS,,UNABLE TO DETERMINE,UNABLE TO DETERMINE,Y,NONINCAPACITATING INJURY,20,7,41.7440488411,-87.590595042,2018,35,POINT (-87.590595042 41.7440488411),,,,,2018-07-29,False,44,Avalon Park
1000,30,TRAFFIC SIGNAL,FUNCTIONING PROPERLY,CLEAR,"DARKNESS, LIGHTED ROAD",PEDALCYCLIST,ONE-WAY,STRAIGHT AND LEVEL,DRY,NO DEFECTS,Y,NOT APPLICABLE,NOT APPLICABLE,,NONINCAPACITATING INJURY,22,7,41.8930584297,-87.6355376908,2018,30,POINT (-87.6355376908 41.8930584297),,,,,2018-07-29,False,7,Near North Side
1001,30,NO CONTROLS,NO CONTROLS,CLEAR,DAYLIGHT,PEDALCYCLIST,ONE-WAY,STRAIGHT AND LEVEL,DRY,NO DEFECTS,,IMPROPER LANE USAGE,UNABLE TO DETERMINE,,INCAPACITATING INJURY,9,7,41.8858444098,-87.6359987812,2018,30,POINT (-87.6359987812 41.8858444098),,,,,2018-07-30,True,27,Near West Side
1002,20,NO CONTROLS,NO CONTROLS,CLEAR,DAYLIGHT,PEDALCYCLIST,ALLEY,STRAIGHT AND LEVEL,DRY,NO DEFECTS,N,FAILING TO YIELD RIGHT-OF-WAY,NOT APPLICABLE,,NONINCAPACITATING INJURY,11,7,42.0068860346,-87.6606647461,2018,20,POINT (-87.6606647461 42.0068860346),,,,,2018-07-30,False,0,Rogers Park
1003,30,NO CONTROLS,UNKNOWN,CLEAR,DAYLIGHT,PEDALCYCLIST,NOT DIVIDED,STRAIGHT AND LEVEL,DRY,NO DEFECTS,,NOT APPLICABLE,NOT APPLICABLE,,NONINCAPACITATING INJURY,14,7,41.9031673457,-87.6717289695,2018,30,POINT (-87.6717289695 41.9031673457),,,,,2018-07-30,False,23,West Town
1004,30,STOP SIGN/FLASHER,NO CONTROLS,CLEAR,DAYLIGHT,PEDALCYCLIST,ONE-WAY,STRAIGHT AND LEVEL,DRY,NO DEFECTS,,FAILING TO YIELD RIGHT-OF-WAY,UNABLE TO DETERMINE,,NONINCAPACITATING INJURY,15,7,41.9515967646,-87.7866271271,2018,30,POINT (-87.7866271271 41.9515967646),,,,,2018-07-30,False,14,Portage Park
1005,30,STOP SIGN/FLASHER,FUNCTIONING PROPERLY,CLEAR,DAYLIGHT,PEDALCYCLIST,NOT DIVIDED,STRAIGHT AND LEVEL,DRY,NO DEFECTS,Y,FAILING TO YIELD RIGHT-OF-WAY,NOT APPLICABLE,Y,NONINCAPACITATING INJURY,16,7,41.8996879541,-87.6371423788,2018,30,POINT (-87.6371423788 41.8996879541),,,,,2018-07-30,False,7,Near North Side
1006,30,TRAFFIC SIGNAL,FUNCTIONING PROPERLY,CLEAR,DAYLIGHT,PEDALCYCLIST,DIVIDED - W/MEDIAN (NOT RAISED),STRAIGHT AND LEVEL,DRY,NO DEFECTS,Y,FAILING TO YIELD RIGHT-OF-WAY,UNABLE TO DETERMINE,,"REPORTED, NOT EVIDENT",16,7,41.9758943899,-87.7033552619,2018,30,POINT (-87.7033552619 41.9758943899),,,,,2018-07-30,False,3,Lincoln Square
1007,35,NO CONTROLS,NO CONTROLS,CLEAR,DAYLIGHT,PEDALCYCLIST,NOT DIVIDED,STRAIGHT AND LEVEL,DRY,NO DEFECTS,,FAILING TO REDUCE SPEED TO AVOID CRASH,DISTRACTION - FROM INSIDE VEHICLE,,INCAPACITATING INJURY,17,7,41.9732716071,-87.7789363785,2018,35,POINT (-87.7789363785 41.9732716071),,,,,2018-07-30,True,10,Jefferson Park
1008,30,NO CONTROLS,NO CONTROLS,CLEAR,DAYLIGHT,PEDALCYCLIST,NOT DIVIDED,STRAIGHT AND LEVEL,DRY,NO DEFECTS,,FAILING TO YIELD RIGHT-OF-WAY,UNABLE TO DETERMINE,,NO INDICATION OF INJURY,18,7,41.893887502,-87.6336149379,2018,30,POINT (-87.6336149379 41.893887502),,,,,2018-07-30,False,7,Near North Side
1009,30,NO CONTROLS,NO CONTROLS,CLEAR,DUSK,PEDALCYCLIST,NOT DIVIDED,STRAIGHT AND LEVEL,DRY,NO DEFECTS,,DRIVING SKILLS/KNOWLEDGE/EXPERIENCE,UNABLE TO DETERMINE,Y,NONINCAPACITATING INJURY,19,7,41.9171662539,-87.6777472706,2018,30,POINT (-87.6777472706 41.9171662539),,,,,2018-07-30,False,6,Lincoln Park
1010,30,STOP SIGN/FLASHER,FUNCTIONING PROPERLY,CLEAR,"DARKNESS, LIGHTED ROAD",PEDALCYCLIST,DIVIDED - W/MEDIAN (NOT RAISED),STRAIGHT AND LEVEL,DRY,NO DEFECTS,,EXCEEDING AUTHORIZED SPEED LIMIT,NOT APPLICABLE,,INCAPACITATING INJURY,23,7,41.9032981952,-87.6676408142,2018,30,POINT (-87.6676408142 41.9032981952),,,,,2018-07-30,True,23,West Town
1011,30,STOP SIGN/FLASHER,FUNCTIONING PROPERLY,CLEAR,DAYLIGHT,PEDALCYCLIST,ONE-WAY,STRAIGHT AND LEVEL,DRY,NO DEFECTS,Y,"VISION OBSCURED (SIGNS, TREE LIMBS, BUILDINGS, ETC.)",DISREGARDING STOP SIGN,,NO INDICATION OF INJURY,9,7,41.8288602711,-87.6437674937,2018,30,POINT (-87.6437674937 41.8288602711),,,,,2018-07-31,False,33,Armour Square
1012,30,NO CONTROLS,NO CONTROLS,CLEAR,DAYLIGHT,PEDALCYCLIST,ONE-WAY,STRAIGHT AND LEVEL,DRY,NO DEFECTS,,UNABLE TO DETERMINE,UNABLE TO DETERMINE,Y,INCAPACITATING INJURY,10,7,41.880662284,-87.6273016439,2018,30,POINT (-87.6273016439 41.880662284),,,,,2018-07-31,True,31,Loop
1013,30,NO CONTROLS,NO CONTROLS,CLEAR,DAYLIGHT,PEDALCYCLIST,NOT DIVIDED,STRAIGHT AND LEVEL,DRY,NO DEFECTS,,"EVASIVE ACTION DUE TO ANIMAL, OBJECT, NONMOTORIST",FAILING TO YIELD RIGHT-OF-WAY,,NO INDICATION OF INJURY,13,7,41.9579401469,-87.6496520598,2018,30,POINT (-87.6496520598 41.9579401469),,,,,2018-07-31,False,2,Uptown
1014,30,NO CONTROLS,NO CONTROLS,CLEAR,DAYLIGHT,PEDALCYCLIST,DIVIDED - W/MEDIAN (NOT RAISED),STRAIGHT AND LEVEL,DRY,NO DEFECTS,,UNABLE TO DETERMINE,UNABLE TO DETERMINE,,INCAPACITATING INJURY,14,7,41.9685476794,-87.7098363259,2018,30,POINT (-87.7098363259 41.9685476794),,,,,2018-07-31,True,13,Albany Park
1015,30,NO CONTROLS,NO CONTROLS,CLEAR,DAYLIGHT,PEDALCYCLIST,NOT DIVIDED,STRAIGHT AND LEVEL,DRY,NO DEFECTS,,UNABLE TO DETERMINE,UNABLE TO DETERMINE,,NO INDICATION OF INJURY,16,7,41.7951606779,-87.5980775695,2018,30,POINT (-87.5980775695 41.7951606779),,,,,2018-07-31,False,40,Hyde Park
1016,30,TRAFFIC SIGNAL,FUNCTIONING PROPERLY,CLEAR,DAYLIGHT,PEDALCYCLIST,DIVIDED - W/MEDIAN BARRIER,STRAIGHT AND LEVEL,DRY,UNKNOWN,,FOLLOWING TOO CLOSELY,NOT APPLICABLE,,NO INDICATION OF INJURY,16,7,41.8575027649,-87.6464860795,2018,30,POINT (-87.6464860795 41.8575027649),,,,,2018-07-31,False,30,Lower West Side
1017,10,NO CONTROLS,NO CONTROLS,CLEAR,DAYLIGHT,PEDALCYCLIST,NOT DIVIDED,STRAIGHT AND LEVEL,UNKNOWN,UNKNOWN,,IMPROPER OVERTAKING/PASSING,IMPROPER OVERTAKING/PASSING,,NO INDICATION OF INJURY,18,7,41.9471672945,-87.6523806336,2018,10,POINT (-87.6523806336 41.9471672945),,,,,2018-07-31,False,5,Lake View
1018,20,NO CONTROLS,NO CONTROLS,CLEAR,"DARKNESS, LIGHTED ROAD",PEDALCYCLIST,ONE-WAY,STRAIGHT AND LEVEL,DRY,NO DEFECTS,,UNABLE TO DETERMINE,NOT APPLICABLE,,NONINCAPACITATING INJURY,20,7,41.8459607017,-87.7252882086,2018,20,POINT (-87.7252882086 41.8459607017),,,,,2018-07-31,False,28,North Lawndale
1019,25,STOP SIGN/FLASHER,OTHER,CLEAR,DARKNESS,PEDALCYCLIST,OTHER,STRAIGHT AND LEVEL,DRY,NO DEFECTS,Y,UNABLE TO DETERMINE,UNABLE TO DETERMINE,,NONINCAPACITATING INJURY,22,7,41.9095839966,-87.6277562763,2018,25,POINT (-87.6277562763 41.9095839966),,,,,2018-07-31,False,7,Near North Side
1020,30,TRAFFIC SIGNAL,FUNCTIONING PROPERLY,CLEAR,DAYLIGHT,PEDALCYCLIST,NOT DIVIDED,STRAIGHT AND LEVEL,DRY,NO DEFECTS,,IMPROPER LANE USAGE,NOT APPLICABLE,,NO INDICATION OF INJURY,7,8,41.8841468158,-87.7011461721,2018,30,POINT (-87.7011461721 41.8841468158),,,,,2018-08-01,False,26,Garfield Park
1021,30,UNKNOWN,NO CONTROLS,CLEAR,DAYLIGHT,PEDALCYCLIST,UNKNOWN,STRAIGHT AND LEVEL,DRY,NO DEFECTS,,UNABLE TO DETERMINE,UNABLE TO DETERMINE,Y,NONINCAPACITATING INJURY,8,8,41.9179531512,-87.6563325712,2018,30,POINT (-87.6563325712 41.9179531512),,,,,2018-08-01,False,6,Lincoln Park
1022,35,TRAFFIC SIGNAL,FUNCTIONING PROPERLY,CLEAR,DAYLIGHT,PEDALCYCLIST,NOT DIVIDED,STRAIGHT AND LEVEL,DRY,NO DEFECTS,Y,IMPROPER LANE USAGE,NOT APPLICABLE,,NO INDICATION OF INJURY,8,8,41.8801009025,-87.6669018188,2018,35,POINT (-87.6669018188 41.8801009025),,,,,2018-08-01,False,27,Near West Side
1023,25,NO CONTROLS,NO CONTROLS,CLEAR,DAYLIGHT,PEDALCYCLIST,NOT DIVIDED,STRAIGHT AND LEVEL,DRY,NO DEFECTS,,FAILING TO YIELD RIGHT-OF-WAY,NOT APPLICABLE,Y,NONINCAPACITATING INJURY,14,8,41.9400768547,-87.650294868,2018,25,POINT (-87.650294868 41.9400768547),,,,,2018-08-01,False,5,Lake View
1024,30,STOP SIGN/FLASHER,FUNCTIONING PROPERLY,RAIN,DAYLIGHT,PEDALCYCLIST,NOT DIVIDED,STRAIGHT AND LEVEL,WET,NO DEFECTS,Y,UNABLE TO DETERMINE,DRIVING SKILLS/KNOWLEDGE/EXPERIENCE,,NO INDICATION OF INJURY,15,8,41.939474544,-87.6954002843,2018,30,POINT (-87.6954002843 41.939474544),,,,,2018-08-01,False,4,North Center
1025,30,STOP SIGN/FLASHER,FUNCTIONING PROPERLY,CLEAR,DAYLIGHT,PEDALCYCLIST,NOT DIVIDED,STRAIGHT AND LEVEL,DRY,UNKNOWN,,UNABLE TO DETERMINE,NOT APPLICABLE,,NONINCAPACITATING INJURY,16,8,41.8873650572,-87.7632050615,2018,30,POINT (-87.7632050615 41.8873650572),,,,,2018-08-01,False,24,Austin
1026,20,STOP SIGN/FLASHER,FUNCTIONING PROPERLY,CLEAR,DAYLIGHT,PEDALCYCLIST,ONE-WAY,STRAIGHT AND LEVEL,DRY,NO DEFECTS,,DISREGARDING STOP SIGN,IMPROPER TURNING/NO SIGNAL,N,NONINCAPACITATING INJURY,16,8,41.9849168666,-87.7150970121,2018,20,POINT (-87.7150970121 41.9849168666),,,,,2018-08-01,False,12,North Park
1027,30,TRAFFIC SIGNAL,FUNCTIONING PROPERLY,CLEAR,DAYLIGHT,PEDALCYCLIST,DIVIDED - W/MEDIAN (NOT RAISED),STRAIGHT AND LEVEL,DRY,NO DEFECTS,Y,UNABLE TO DETERMINE,NOT APPLICABLE,,NONINCAPACITATING INJURY,17,8,41.981887333,-87.6601674062,2018,30,POINT (-87.6601674062 41.981887333),,,,,2018-08-01,False,76,Edgewater
1028,30,STOP SIGN/FLASHER,FUNCTIONING PROPERLY,CLEAR,DAYLIGHT,PEDALCYCLIST,NOT DIVIDED,STRAIGHT AND LEVEL,DRY,NO DEFECTS,,FAILING TO YIELD RIGHT-OF-WAY,NOT APPLICABLE,,"REPORTED, NOT EVIDENT",17,8,41.8900011342,-87.6356828611,2018,30,POINT (-87.6356828611 41.8900011342),,,,,2018-08-01,False,7,Near North Side
1029,30,TRAFFIC SIGNAL,FUNCTIONING PROPERLY,CLEAR,DAYLIGHT,PEDALCYCLIST,ONE-WAY,STRAIGHT AND LEVEL,DRY,NO DEFECTS,Y,FAILING TO YIELD RIGHT-OF-WAY,IMPROPER TURNING/NO SIGNAL,,NO INDICATION OF INJURY,18,8,41.8870465064,-87.6262261766,2018,30,POINT (-87.6262261766 41.8870465064),,,,,2018-08-01,False,7,Near North Side
1030,15,NO CONTROLS,NO CONTROLS,CLEAR,DAYLIGHT,PEDALCYCLIST,ALLEY,STRAIGHT AND LEVEL,DRY,NO DEFECTS,Y,FAILING TO YIELD RIGHT-OF-WAY,NOT APPLICABLE,,NONINCAPACITATING INJURY,18,8,41.8925007736,-87.7063177551,2018,15,POINT (-87.7063177551 41.8925007736),,,,,2018-08-01,False,22,Humboldt Park
1031,30,NO CONTROLS,NO CONTROLS,CLEAR,DAYLIGHT,PEDALCYCLIST,NOT DIVIDED,STRAIGHT AND LEVEL,DRY,NO DEFECTS,,FOLLOWING TOO CLOSELY,NOT APPLICABLE,,NO INDICATION OF INJURY,18,8,41.9734606127,-87.6521713935,2018,30,POINT (-87.6521713935 41.9734606127),,,,,2018-08-01,False,2,Uptown
1032,30,NO CONTROLS,NO CONTROLS,CLEAR,DAYLIGHT,PEDALCYCLIST,NOT DIVIDED,STRAIGHT AND LEVEL,DRY,NO DEFECTS,,FAILING TO YIELD RIGHT-OF-WAY,NOT APPLICABLE,,NO INDICATION OF INJURY,19,8,41.8382370069,-87.6290990566,2018,30,POINT (-87.6290990566 41.8382370069),,,,,2018-08-01,False,33,Armour Square
1033,30,STOP SIGN/FLASHER,FUNCTIONING PROPERLY,CLEAR,"DARKNESS, LIGHTED ROAD",PEDALCYCLIST,NOT DIVIDED,STRAIGHT AND LEVEL,DRY,NO DEFECTS,,DRIVING ON WRONG SIDE/WRONG WAY,UNABLE TO DETERMINE,,NONINCAPACITATING INJURY,21,8,41.9540007092,-87.7105291698,2018,30,POINT (-87.7105291698 41.9540007092),,,,,2018-08-01,False,15,Irving Park
1034,30,NO CONTROLS,NO CONTROLS,CLEAR,DAYLIGHT,PEDALCYCLIST,NOT DIVIDED,STRAIGHT AND LEVEL,DRY,NO DEFECTS,Y,"VISION OBSCURED (SIGNS, TREE LIMBS, BUILDINGS, ETC.)","VISION OBSCURED (SIGNS, TREE LIMBS, BUILDINGS, ETC.)",,NONINCAPACITATING INJURY,7,8,41.9467603895,-87.7042904868,2018,30,POINT (-87.7042904868 41.9467603895),,,,,2018-08-02,False,15,Irving Park
1035,30,TRAFFIC SIGNAL,FUNCTIONING PROPERLY,CLEAR,DAYLIGHT,PEDALCYCLIST,NOT DIVIDED,STRAIGHT AND LEVEL,DRY,NO DEFECTS,Y,IMPROPER TURNING/NO SIGNAL,NOT APPLICABLE,,NONINCAPACITATING INJURY,9,8,41.9247696036,-87.7121699327,2018,30,POINT (-87.7121699327 41.9247696036),,,,,2018-08-02,False,21,Logan Square
1036,35,TRAFFIC SIGNAL,FUNCTIONING PROPERLY,CLEAR,DAYLIGHT,PEDALCYCLIST,OTHER,STRAIGHT ON HILLCREST,DRY,NO DEFECTS,Y,IMPROPER TURNING/NO SIGNAL,NOT APPLICABLE,,NONINCAPACITATING INJURY,9,8,41.9251989708,-87.6728585434,2018,35,POINT (-87.6728585434 41.9251989708),,,,,2018-08-02,False,6,Lincoln Park
1037,25,STOP SIGN/FLASHER,OTHER,CLEAR,DAYLIGHT,PEDALCYCLIST,ONE-WAY,STRAIGHT AND LEVEL,DRY,NO DEFECTS,,UNABLE TO DETERMINE,UNABLE TO DETERMINE,,NONINCAPACITATING INJURY,11,8,41.7381384548,-87.6211827027,2018,25,POINT (-87.6211827027 41.7381384548),,,,,2018-08-02,False,43,Chatham