Unnamed: 0,POSTED_SPEED_LIMIT,TRAFFIC_CONTROL_DEVICE,DEVICE_CONDITION,WEATHER_CONDITION,LIGHTING_CONDITION,FIRST_CRASH_TYPE,TRAFFICWAY_TYPE,ALIGNMENT,ROADWAY_SURFACE_COND,ROAD_DEFECT,INTERSECTION_RELATED_I,PRIM_CONTRIBUTORY_CAUSE,SEC_CONTRIBUTORY_CAUSE,DOORING_I,MOST_SEVERE_INJURY,CRASH_HOUR,CRASH_MONTH,LATITUDE,LONGITUDE,CRASH_YEAR,SPEED_LIMIT,geometry,DISPLAYROU,the_geom,DIST,LANE_TYPE,CRASH_DATE,is_severe,index_right,CArea
1038,30,STOP SIGN/FLASHER,OTHER,CLEAR,DAYLIGHT,PEDALCYCLIST,NOT DIVIDED,STRAIGHT ON GRADE,DRY,NO DEFECTS,N,UNABLE TO DETERMINE,UNABLE TO DETERMINE,,NO INDICATION OF INJURY,12,8,41.769361738,-87.613549341,2018,30,POINT (-87.613549341 41.769361738),,,,,2018-08-02,False,41,Woodlawn
1039,30,NO CONTROLS,NO CONTROLS,CLEAR,DAYLIGHT,PEDALCYCLIST,NOT DIVIDED,STRAIGHT AND LEVEL,DRY,NO DEFECTS,,"EVASIVE ACTION DUE TO ANIMAL, OBJECT, NONMOTORIST",UNABLE TO DETERMINE,,NONINCAPACITATING INJURY,14,8,41.7874524755,-87.6548450697,2018,30,POINT (-87.6548450697 41.7874524755),,,,,2018-08-02,False,66,Englewood
1040,30,TRAFFIC SIGNAL,FUNCTIONING PROPERLY,CLEAR,DAYLIGHT,PEDALCYCLIST,NOT DIVIDED,STRAIGHT AND LEVEL,DRY,NO DEFECTS,Y,UNABLE TO DETERMINE,UNABLE TO DETERMINE,Y,NONINCAPACITATING INJURY,15,8,41.9218261488,-87.6536381613,2018,30,POINT (-87.6536381613 41.9218261488),,,,,2018-08-02,False,6,Lincoln Park
1041,30,STOP SIGN/FLASHER,FUNCTIONING PROPERLY,CLEAR,DAYLIGHT,PEDALCYCLIST,NOT DIVIDED,STRAIGHT AND LEVEL,DRY,NO DEFECTS,Y,UNABLE TO DETERMINE,UNABLE TO DETERMINE,,NONINCAPACITATING INJURY,15,8,41.8746004716,-87.6285394254,2018,30,POINT (-87.6285394254 41.8746004716),,,,,2018-08-02,False,31,Loop
1042,0,TRAFFIC SIGNAL,FUNCTIONING PROPERLY,CLEAR,DAYLIGHT,PEDALCYCLIST,NOT DIVIDED,STRAIGHT AND LEVEL,DRY,NO DEFECTS,Y,UNABLE TO DETERMINE,NOT APPLICABLE,Y,NONINCAPACITATING INJURY,17,8,41.9631473693,-87.6848114904,2018,0,POINT (-87.6848114904 41.9631473693),,,,,2018-08-02,False,3,Lincoln Square
1043,30,NO CONTROLS,NO CONTROLS,CLEAR,DAYLIGHT,PEDALCYCLIST,NOT DIVIDED,STRAIGHT AND LEVEL,DRY,NO DEFECTS,,UNABLE TO DETERMINE,UNABLE TO DETERMINE,Y,NO INDICATION OF INJURY,17,8,41.9019055542,-87.6284930761,2018,30,POINT (-87.6284930761 41.9019055542),,,,,2018-08-02,False,7,Near North Side
1044,30,NO CONTROLS,NO CONTROLS,CLEAR,DAYLIGHT,PEDALCYCLIST,NOT DIVIDED,STRAIGHT AND LEVEL,DRY,NO DEFECTS,,UNABLE TO DETERMINE,UNABLE TO DETERMINE,Y,"REPORTED, NOT EVIDENT",18,8,41.7018173423,-87.7135562327,2018,30,POINT (-87.7135562327 41.7018173423),,,,,2018-08-02,False,73,Mount Greenwood
1045,30,TRAFFIC SIGNAL,FUNCTIONING PROPERLY,CLEAR,DAYLIGHT,PEDALCYCLIST,NOT DIVIDED,STRAIGHT AND LEVEL,DRY,NO DEFECTS,,UNABLE TO DETERMINE,UNABLE TO DETERMINE,N,NONINCAPACITATING INJURY,18,8,41.7804617862,-87.593206361,2018,30,POINT (-87.593206361 41.7804617862),,,,,2018-08-02,False,41,Woodlawn
1046,25,NO CONTROLS,NO CONTROLS,CLEAR,DUSK,PEDALCYCLIST,NOT DIVIDED,STRAIGHT AND LEVEL,DRY,NO DEFECTS,,UNABLE TO DETERMINE,UNABLE TO DETERMINE,Y,NO INDICATION OF INJURY,19,8,41.9354644307,-87.6541020252,2018,25,POINT (-87.6541020252 41.9354644307),,,,,2018-08-02,False,5,Lake View
1047,30,TRAFFIC SIGNAL,FUNCTIONING PROPERLY,CLEAR,DAYLIGHT,PEDALCYCLIST,NOT DIVIDED,STRAIGHT AND LEVEL,DRY,NO DEFECTS,,UNABLE TO DETERMINE,NOT APPLICABLE,,NO INDICATION OF INJURY,6,8,41.931607951,-87.697755776,2018,30,POINT (-87.697755776 41.931607951),,,,,2018-08-03,False,21,Logan Square
1048,30,NO CONTROLS,NO CONTROLS,CLEAR,DAYLIGHT,PEDALCYCLIST,DIVIDED - W/MEDIAN (NOT RAISED),STRAIGHT AND LEVEL,DRY,NO DEFECTS,,UNABLE TO DETERMINE,NOT APPLICABLE,,NONINCAPACITATING INJURY,9,8,41.9271502787,-87.7045023439,2018,30,POINT (-87.7045023439 41.9271502787),,,,,2018-08-03,False,21,Logan Square
1049,30,STOP SIGN/FLASHER,FUNCTIONING PROPERLY,CLEAR,DAYLIGHT,PEDALCYCLIST,NOT DIVIDED,STRAIGHT AND LEVEL,DRY,NO DEFECTS,,UNABLE TO DETERMINE,NOT APPLICABLE,,NONINCAPACITATING INJURY,13,8,41.8778214169,-87.6483498826,2018,30,POINT (-87.6483498826 41.8778214169),,,,,2018-08-03,False,27,Near West Side
1050,30,NO CONTROLS,NO CONTROLS,CLEAR,DAYLIGHT,PEDALCYCLIST,NOT DIVIDED,STRAIGHT AND LEVEL,DRY,NO DEFECTS,,FAILING TO YIELD RIGHT-OF-WAY,NOT APPLICABLE,Y,NONINCAPACITATING INJURY,16,8,41.8856896157,-87.6476217315,2018,30,POINT (-87.6476217315 41.8856896157),,,,,2018-08-03,False,27,Near West Side
1051,30,STOP SIGN/FLASHER,FUNCTIONING PROPERLY,CLEAR,DAYLIGHT,PEDALCYCLIST,NOT DIVIDED,STRAIGHT AND LEVEL,DRY,NO DEFECTS,Y,DRIVING ON WRONG SIDE/WRONG WAY,IMPROPER TURNING/NO SIGNAL,,NONINCAPACITATING INJURY,16,8,41.8948079027,-87.6358099102,2018,30,POINT (-87.6358099102 41.8948079027),,,,,2018-08-03,False,7,Near North Side
1052,30,NO CONTROLS,NO CONTROLS,CLEAR,DAYLIGHT,PEDALCYCLIST,ONE-WAY,STRAIGHT AND LEVEL,DRY,NO DEFECTS,,FAILING TO YIELD RIGHT-OF-WAY,NOT APPLICABLE,,NONINCAPACITATING INJURY,17,8,41.7915731839,-87.7962922922,2018,30,POINT (-87.7962922922 41.7915731839),,,,,2018-08-03,False,55,Garfield Ridge
1053,30,NO CONTROLS,NO CONTROLS,CLEAR,DAYLIGHT,PEDALCYCLIST,NOT DIVIDED,STRAIGHT AND LEVEL,DRY,NO DEFECTS,,UNABLE TO DETERMINE,UNABLE TO DETERMINE,,NO INDICATION OF INJURY,17,8,41.9308998968,-87.648803203,2018,30,POINT (-87.648803203 41.9308998968),,,,,2018-08-03,False,6,Lincoln Park
1054,30,NO CONTROLS,NO CONTROLS,CLEAR,DAYLIGHT,PEDALCYCLIST,DIVIDED - W/MEDIAN (NOT RAISED),STRAIGHT AND LEVEL,DRY,NO DEFECTS,,"OPERATING VEHICLE IN ERRATIC, RECKLESS, CARELESS, NEGLIGENT OR AGGRESSIVE MANNER","VISION OBSCURED (SIGNS, TREE LIMBS, BUILDINGS, ETC.)",Y,INCAPACITATING INJURY,18,8,41.8694775665,-87.6599041079,2018,30,POINT (-87.6599041079 41.8694775665),,,,,2018-08-03,True,27,Near West Side
1055,30,NO CONTROLS,NO CONTROLS,CLEAR,"DARKNESS, LIGHTED ROAD",PEDALCYCLIST,NOT DIVIDED,STRAIGHT AND LEVEL,DRY,NO DEFECTS,,DISTRACTION - FROM INSIDE VEHICLE,NOT APPLICABLE,Y,NO INDICATION OF INJURY,22,8,41.8834379647,-87.64872378,2018,30,POINT (-87.64872378 41.8834379647),,,,,2018-08-03,False,27,Near West Side
1056,30,NO CONTROLS,NO CONTROLS,CLEAR,"DARKNESS, LIGHTED ROAD",PEDALCYCLIST,ONE-WAY,STRAIGHT AND LEVEL,DRY,WORN SURFACE,,FAILING TO YIELD RIGHT-OF-WAY,UNABLE TO DETERMINE,,NONINCAPACITATING INJURY,1,8,41.9688358458,-87.7074158798,2018,30,POINT (-87.7074158798 41.9688358458),,,,,2018-08-04,False,13,Albany Park
1057,30,STOP SIGN/FLASHER,FUNCTIONING PROPERLY,CLEAR,DAYLIGHT,PEDALCYCLIST,NOT DIVIDED,STRAIGHT AND LEVEL,DRY,NO DEFECTS,,FAILING TO YIELD RIGHT-OF-WAY,NOT APPLICABLE,,NONINCAPACITATING INJURY,11,8,41.9585506445,-87.6466261408,2018,30,POINT (-87.6466261408 41.9585506445),,,,,2018-08-04,False,2,Uptown
1058,30,NO CONTROLS,NO CONTROLS,CLEAR,DAYLIGHT,PEDALCYCLIST,DIVIDED - W/MEDIAN (NOT RAISED),STRAIGHT AND LEVEL,DRY,NO DEFECTS,,UNABLE TO DETERMINE,UNABLE TO DETERMINE,Y,"REPORTED, NOT EVIDENT",12,8,41.9112169843,-87.6773334372,2018,30,POINT (-87.6773334372 41.9112169843),,,,,2018-08-04,False,6,Lincoln Park
1059,30,NO CONTROLS,NO CONTROLS,CLEAR,DAYLIGHT,PEDALCYCLIST,DIVIDED - W/MEDIAN (NOT RAISED),STRAIGHT AND LEVEL,DRY,OTHER,,IMPROPER LANE USAGE,NOT APPLICABLE,Y,NONINCAPACITATING INJURY,13,8,41.9169754257,-87.6878855709,2018,30,POINT (-87.6878855709 41.9169754257),,,,,2018-08-04,False,21,Logan Square
1060,30,TRAFFIC SIGNAL,FUNCTIONING PROPERLY,CLEAR,DAYLIGHT,PEDALCYCLIST,NOT DIVIDED,STRAIGHT AND LEVEL,DRY,NO DEFECTS,,DRIVING ON WRONG SIDE/WRONG WAY,NOT APPLICABLE,,INCAPACITATING INJURY,15,8,41.9400327811,-87.6494152111,2018,30,POINT (-87.6494152111 41.9400327811),,,,,2018-08-04,True,5,Lake View
1061,30,TRAFFIC SIGNAL,FUNCTIONING PROPERLY,CLEAR,DAYLIGHT,PEDALCYCLIST,OTHER,STRAIGHT AND LEVEL,DRY,NO DEFECTS,Y,FAILING TO YIELD RIGHT-OF-WAY,DRIVING SKILLS/KNOWLEDGE/EXPERIENCE,,INCAPACITATING INJURY,16,8,41.8920001816,-87.6117262631,2018,30,POINT (-87.6117262631 41.8920001816),,,,,2018-08-04,True,7,Near North Side
1062,15,NO CONTROLS,NO CONTROLS,CLEAR,DAYLIGHT,PEDALCYCLIST,ALLEY,STRAIGHT AND LEVEL,DRY,NO DEFECTS,,NOT APPLICABLE,NOT APPLICABLE,,NONINCAPACITATING INJURY,17,8,41.9021505717,-87.7725446548,2018,15,POINT (-87.7725446548 41.9021505717),,,,,2018-08-04,False,24,Austin
1063,30,NO CONTROLS,NO CONTROLS,CLEAR,DAYLIGHT,PEDALCYCLIST,NOT DIVIDED,STRAIGHT AND LEVEL,DRY,NO DEFECTS,,FAILING TO YIELD RIGHT-OF-WAY,NOT APPLICABLE,,NONINCAPACITATING INJURY,18,8,41.8761546985,-87.7645680033,2018,30,POINT (-87.7645680033 41.8761546985),,,,,2018-08-04,False,24,Austin
1064,30,NO CONTROLS,NO CONTROLS,CLEAR,"DARKNESS, LIGHTED ROAD",PEDALCYCLIST,ONE-WAY,STRAIGHT AND LEVEL,DRY,UNKNOWN,,UNABLE TO DETERMINE,UNABLE TO DETERMINE,,NONINCAPACITATING INJURY,20,8,41.8948996527,-87.7222485724,2018,30,POINT (-87.7222485724 41.8948996527),,,,,2018-08-04,False,22,Humboldt Park
1065,35,TRAFFIC SIGNAL,FUNCTIONING PROPERLY,CLEAR,"DARKNESS, LIGHTED ROAD",PEDALCYCLIST,DIVIDED - W/MEDIAN (NOT RAISED),STRAIGHT AND LEVEL,DRY,"RUT, HOLES",Y,BICYCLE ADVANCING LEGALLY ON RED LIGHT,UNABLE TO DETERMINE,,NO INDICATION OF INJURY,22,8,41.8525371433,-87.6464645041,2018,35,POINT (-87.6464645041 41.8525371433),,,,,2018-08-04,False,30,Lower West Side
1066,35,STOP SIGN/FLASHER,NO CONTROLS,CLEAR,DAYLIGHT,PEDALCYCLIST,ONE-WAY,STRAIGHT AND LEVEL,DRY,NO DEFECTS,Y,DRIVING ON WRONG SIDE/WRONG WAY,UNABLE TO DETERMINE,,NONINCAPACITATING INJURY,13,8,41.8558011026,-87.7111980566,2018,35,POINT (-87.7111980566 41.8558011026),,,,,2018-08-05,False,28,North Lawndale
1067,30,NO CONTROLS,NO CONTROLS,CLEAR,DAYLIGHT,PEDALCYCLIST,NOT DIVIDED,STRAIGHT AND LEVEL,DRY,NO DEFECTS,,EXCEEDING AUTHORIZED SPEED LIMIT,NOT APPLICABLE,Y,NONINCAPACITATING INJURY,13,8,41.8908838178,-87.6349740862,2018,30,POINT (-87.6349740862 41.8908838178),,,,,2018-08-05,False,7,Near North Side
1068,30,NO CONTROLS,NO CONTROLS,CLEAR,DAYLIGHT,PEDALCYCLIST,NOT DIVIDED,STRAIGHT AND LEVEL,DRY,NO DEFECTS,,DRIVING SKILLS/KNOWLEDGE/EXPERIENCE,UNABLE TO DETERMINE,Y,NONINCAPACITATING INJURY,14,8,42.0087950211,-87.6784929247,2018,30,POINT (-87.6784929247 42.0087950211),,,,,2018-08-05,False,0,Rogers Park
1069,20,NO CONTROLS,NO CONTROLS,CLEAR,DAYLIGHT,PEDALCYCLIST,ALLEY,STRAIGHT AND LEVEL,DRY,NO DEFECTS,,"VISION OBSCURED (SIGNS, TREE LIMBS, BUILDINGS, ETC.)","VISION OBSCURED (SIGNS, TREE LIMBS, BUILDINGS, ETC.)",,NO INDICATION OF INJURY,16,8,41.866606314,-87.6439323942,2018,20,POINT (-87.6439323942 41.866606314),,,,,2018-08-05,False,27,Near West Side
1070,30,STOP SIGN/FLASHER,FUNCTIONING PROPERLY,CLEAR,DARKNESS,PEDALCYCLIST,ONE-WAY,STRAIGHT AND LEVEL,DRY,NO DEFECTS,Y,FAILING TO YIELD RIGHT-OF-WAY,FAILING TO REDUCE SPEED TO AVOID CRASH,,NONINCAPACITATING INJURY,20,8,41.8304655859,-87.6726950855,2018,30,POINT (-87.6726950855 41.8304655859),,,,,2018-08-05,False,58,Mckinley Park
1071,35,TRAFFIC SIGNAL,FUNCTIONING PROPERLY,CLEAR,"DARKNESS, LIGHTED ROAD",PEDALCYCLIST,NOT DIVIDED,STRAIGHT AND LEVEL,DRY,NO DEFECTS,Y,UNABLE TO DETERMINE,UNABLE TO DETERMINE,Y,NONINCAPACITATING INJURY,21,8,41.9255963959,-87.6487503119,2018,35,POINT (-87.6487503119 41.9255963959),,,,,2018-08-05,False,6,Lincoln Park
1072,30,NO CONTROLS,NO CONTROLS,CLEAR,"DARKNESS, LIGHTED ROAD",PEDALCYCLIST,DIVIDED - W/MEDIAN (NOT RAISED),STRAIGHT AND LEVEL,DRY,NO DEFECTS,,UNABLE TO DETERMINE,UNABLE TO DETERMINE,N,NONINCAPACITATING INJURY,21,8,41.7648439447,-87.6807667315,2018,30,POINT (-87.6807667315 41.7648439447),,,,,2018-08-05,False,65,Chicago Lawn
1073,30,NO CONTROLS,NO CONTROLS,CLEAR,UNKNOWN,PEDALCYCLIST,ALLEY,STRAIGHT AND LEVEL,DRY,UNKNOWN,,FAILING TO REDUCE SPEED TO AVOID CRASH,FAILING TO YIELD RIGHT-OF-WAY,,NONINCAPACITATING INJURY,22,8,41.764751201,-87.6700295245,2018,30,POINT (-87.6700295245 41.764751201),,,,,2018-08-05,False,66,Englewood
1074,35,STOP SIGN/FLASHER,FUNCTIONING PROPERLY,CLOUDY/OVERCAST,DAYLIGHT,PEDALCYCLIST,DIVIDED - W/MEDIAN (NOT RAISED),STRAIGHT AND LEVEL,WET,NO DEFECTS,Y,DISREGARDING STOP SIGN,UNABLE TO DETERMINE,,NONINCAPACITATING INJURY,8,8,41.8746546085,-87.628714235,2018,35,POINT (-87.628714235 41.8746546085),,,,,2018-08-06,False,31,Loop
1075,30,TRAFFIC SIGNAL,FUNCTIONING PROPERLY,CLEAR,DAYLIGHT,PEDALCYCLIST,NOT DIVIDED,STRAIGHT AND LEVEL,DRY,NO DEFECTS,,TURNING RIGHT ON RED,UNABLE TO DETERMINE,,NO INDICATION OF INJURY,12,8,41.9020226903,-87.7359837743,2018,30,POINT (-87.7359837743 41.9020226903),,,,,2018-08-06,False,22,Humboldt Park
1076,35,STOP SIGN/FLASHER,FUNCTIONING PROPERLY,CLOUDY/OVERCAST,DAYLIGHT,PEDALCYCLIST,ONE-WAY,STRAIGHT AND LEVEL,DRY,NO DEFECTS,Y,DRIVING ON WRONG SIDE/WRONG WAY,NOT APPLICABLE,,NONINCAPACITATING INJURY,15,8,41.8146686294,-87.6215035309,2018,35,POINT (-87.6215035309 41.8146686294),,,,,2018-08-06,False,37,Grand Boulevard
1077,25,STOP SIGN/FLASHER,FUNCTIONING PROPERLY,CLEAR,DAYLIGHT,PEDALCYCLIST,NOT DIVIDED,STRAIGHT AND LEVEL,DRY,NO DEFECTS,,FAILING TO YIELD RIGHT-OF-WAY,NOT APPLICABLE,,INCAPACITATING INJURY,17,8,41.9723533314,-87.6505124896,2018,25,POINT (-87.6505124896 41.9723533314),,,,,2018-08-06,True,2,Uptown
1078,30,STOP SIGN/FLASHER,UNKNOWN,CLEAR,DAYLIGHT,PEDALCYCLIST,ONE-WAY,STRAIGHT AND LEVEL,DRY,UNKNOWN,Y,UNABLE TO DETERMINE,UNABLE TO DETERMINE,,NONINCAPACITATING INJURY,18,8,41.990936538,-87.6677235268,2018,30,POINT (-87.6677235268 41.990936538),,,,,2018-08-06,False,76,Edgewater
1079,30,TRAFFIC SIGNAL,FUNCTIONING PROPERLY,CLEAR,DUSK,PEDALCYCLIST,NOT DIVIDED,STRAIGHT AND LEVEL,DRY,NO DEFECTS,,FAILING TO YIELD RIGHT-OF-WAY,NOT APPLICABLE,,NO INDICATION OF INJURY,18,8,41.9388524408,-87.736980572,2018,30,POINT (-87.736980572 41.9388524408),,,,,2018-08-06,False,19,Hermosa
1080,30,NO CONTROLS,NO CONTROLS,CLEAR,"DARKNESS, LIGHTED ROAD",PEDALCYCLIST,NOT DIVIDED,STRAIGHT AND LEVEL,DRY,NO DEFECTS,,UNABLE TO DETERMINE,UNABLE TO DETERMINE,Y,NO INDICATION OF INJURY,20,8,41.874103496,-87.6261362962,2018,30,POINT (-87.6261362962 41.874103496),,,,,2018-08-06,False,31,Loop
1081,30,NO CONTROLS,NO CONTROLS,CLEAR,"DARKNESS, LIGHTED ROAD",PEDALCYCLIST,NOT DIVIDED,STRAIGHT AND LEVEL,DRY,NO DEFECTS,,UNABLE TO DETERMINE,UNABLE TO DETERMINE,Y,NO INDICATION OF INJURY,21,8,41.873546075,-87.626122517,2018,30,POINT (-87.626122517 41.873546075),,,,,2018-08-06,False,31,Loop
1082,30,NO CONTROLS,UNKNOWN,CLEAR,DAYLIGHT,PEDALCYCLIST,DIVIDED - W/MEDIAN (NOT RAISED),STRAIGHT AND LEVEL,DRY,NO DEFECTS,,UNABLE TO DETERMINE,NOT APPLICABLE,,NONINCAPACITATING INJURY,7,8,41.8665092228,-87.7061215408,2018,30,POINT (-87.7061215408 41.8665092228),,,,,2018-08-07,False,28,North Lawndale
1083,30,TRAFFIC SIGNAL,FUNCTIONING PROPERLY,CLEAR,DAYLIGHT,PEDALCYCLIST,DIVIDED - W/MEDIAN (NOT RAISED),STRAIGHT AND LEVEL,DRY,NO DEFECTS,,FAILING TO YIELD RIGHT-OF-WAY,UNABLE TO DETERMINE,,NONINCAPACITATING INJURY,10,8,41.9058460549,-87.7659352507,2018,30,POINT (-87.7659352507 41.9058460549),,,,,2018-08-07,False,24,Austin
1084,30,TRAFFIC SIGNAL,FUNCTIONING PROPERLY,CLEAR,DAYLIGHT,PEDALCYCLIST,NOT DIVIDED,STRAIGHT AND LEVEL,DRY,NO DEFECTS,,FAILING TO YIELD RIGHT-OF-WAY,NOT APPLICABLE,,NONINCAPACITATING INJURY,13,8,41.9058803929,-87.6316581283,2018,30,POINT (-87.6316581283 41.9058803929),,,,,2018-08-07,False,7,Near North Side
1085,30,NO CONTROLS,NO CONTROLS,RAIN,DAYLIGHT,PEDALCYCLIST,PARKING LOT,STRAIGHT AND LEVEL,WET,NO DEFECTS,,WEATHER,NOT APPLICABLE,,NONINCAPACITATING INJURY,15,8,41.8655409483,-87.6405197413,2018,30,POINT (-87.6405197413 41.8655409483),,,,,2018-08-07,False,27,Near West Side
1086,30,STOP SIGN/FLASHER,FUNCTIONING PROPERLY,RAIN,DAYLIGHT,PEDALCYCLIST,NOT DIVIDED,STRAIGHT AND LEVEL,WET,NO DEFECTS,,DISREGARDING STOP SIGN,IMPROPER LANE USAGE,,NONINCAPACITATING INJURY,16,8,41.9524420528,-87.6786448426,2018,30,POINT (-87.6786448426 41.9524420528),,,,,2018-08-07,False,4,North Center
1087,30,STOP SIGN/FLASHER,FUNCTIONING PROPERLY,CLEAR,DAYLIGHT,PEDALCYCLIST,NOT DIVIDED,STRAIGHT AND LEVEL,DRY,NO DEFECTS,,UNABLE TO DETERMINE,NOT APPLICABLE,,NO INDICATION OF INJURY,18,8,41.920734132,-87.6940410939,2018,30,POINT (-87.6940410939 41.920734132),,,,,2018-08-07,False,21,Logan Square
1088,30,TRAFFIC SIGNAL,FUNCTIONING PROPERLY,CLEAR,"DARKNESS, LIGHTED ROAD",PEDALCYCLIST,NOT DIVIDED,STRAIGHT AND LEVEL,DRY,NO DEFECTS,Y,FAILING TO YIELD RIGHT-OF-WAY,UNABLE TO DETERMINE,,INCAPACITATING INJURY,23,8,41.9828347117,-87.7823535856,2018,30,POINT (-87.7823535856 41.9828347117),,,,,2018-08-07,True,10,Jefferson Park
1089,30,SCHOOL ZONE,UNKNOWN,CLEAR,"DARKNESS, LIGHTED ROAD",PEDALCYCLIST,NOT DIVIDED,STRAIGHT AND LEVEL,DRY,DEBRIS ON ROADWAY,Y,UNABLE TO DETERMINE,NOT APPLICABLE,,NONINCAPACITATING INJURY,5,8,41.7829535352,-87.5866682357,2018,30,POINT (-87.5866682357 41.7829535352),,,,,2018-08-08,False,41,Woodlawn
1090,30,TRAFFIC SIGNAL,FUNCTIONING PROPERLY,CLEAR,DAYLIGHT,PEDALCYCLIST,DIVIDED - W/MEDIAN (NOT RAISED),STRAIGHT AND LEVEL,DRY,NO DEFECTS,,CELL PHONE USE OTHER THAN TEXTING,CELL PHONE USE OTHER THAN TEXTING,,NONINCAPACITATING INJURY,12,8,41.8961387343,-87.6563457132,2018,30,POINT (-87.6563457132 41.8961387343),,,,,2018-08-08,False,7,Near North Side
1091,35,TRAFFIC SIGNAL,FUNCTIONING PROPERLY,CLEAR,DAYLIGHT,PEDALCYCLIST,NOT DIVIDED,STRAIGHT AND LEVEL,DRY,UNKNOWN,Y,FAILING TO REDUCE SPEED TO AVOID CRASH,UNABLE TO DETERMINE,Y,NONINCAPACITATING INJURY,12,8,41.7993821059,-87.596786859,2018,35,POINT (-87.596786859 41.7993821059),,,,,2018-08-08,False,40,Hyde Park
1092,30,NO CONTROLS,NO CONTROLS,CLEAR,DAYLIGHT,PEDALCYCLIST,NOT DIVIDED,STRAIGHT AND LEVEL,DRY,UNKNOWN,,FAILING TO YIELD RIGHT-OF-WAY,NOT APPLICABLE,Y,INCAPACITATING INJURY,15,8,41.9283911329,-87.7150460471,2018,30,POINT (-87.7150460471 41.9283911329),,,,,2018-08-08,True,21,Logan Square
1093,35,TRAFFIC SIGNAL,FUNCTIONING PROPERLY,CLEAR,DAYLIGHT,PEDALCYCLIST,OTHER,STRAIGHT AND LEVEL,DRY,NO DEFECTS,Y,FAILING TO YIELD RIGHT-OF-WAY,NOT APPLICABLE,,NO INDICATION OF INJURY,17,8,41.896218801,-87.6556038946,2018,35,POINT (-87.6556038946 41.896218801),,,,,2018-08-08,False,7,Near North Side
1094,30,NO CONTROLS,NO CONTROLS,CLEAR,DAWN,PEDALCYCLIST,DIVIDED - W/MEDIAN (NOT RAISED),STRAIGHT AND LEVEL,DRY,NO DEFECTS,,UNABLE TO DETERMINE,NOT APPLICABLE,Y,"REPORTED, NOT EVIDENT",20,8,41.9507048317,-87.7126628965,2018,30,POINT (-87.7126628965 41.9507048317),,,,,2018-08-08,False,15,Irving Park
1095,30,TRAFFIC SIGNAL,FUNCTIONING PROPERLY,CLEAR,DARKNESS,PEDALCYCLIST,ONE-WAY,STRAIGHT AND LEVEL,DRY,NO DEFECTS,,DISREGARDING ROAD MARKINGS,NOT APPLICABLE,,NO INDICATION OF INJURY,21,8,41.8966043205,-87.6299207689,2018,30,POINT (-87.6299207689 41.8966043205),,,,,2018-08-08,False,7,Near North Side
1096,30,TRAFFIC SIGNAL,FUNCTIONING PROPERLY,CLEAR,DAYLIGHT,PEDALCYCLIST,DIVIDED - W/MEDIAN (NOT RAISED),STRAIGHT AND LEVEL,DRY,NO DEFECTS,Y,FAILING TO YIELD RIGHT-OF-WAY,DISTRACTION - FROM INSIDE VEHICLE,,FATAL,7,8,41.8816780304,-87.646721187,2018,30,POINT (-87.646721187 41.8816780304),,,,,2018-08-09,True,27,Near West Side
1097,30,NO CONTROLS,NO CONTROLS,CLEAR,DAYLIGHT,PEDALCYCLIST,NOT DIVIDED,STRAIGHT AND LEVEL,DRY,NO DEFECTS,,NOT APPLICABLE,NOT APPLICABLE,Y,NONINCAPACITATING INJURY,11,8,41.9241821769,-87.7588286313,2018,30,POINT (-87.7588286313 41.9241821769),,,,,2018-08-09,False,18,Belmont Cragin
1098,25,NO CONTROLS,NO CONTROLS,CLEAR,DAYLIGHT,PEDALCYCLIST,ONE-WAY,STRAIGHT AND LEVEL,DRY,NO DEFECTS,,DRIVING SKILLS/KNOWLEDGE/EXPERIENCE,NOT APPLICABLE,,"REPORTED, NOT EVIDENT",13,8,41.8889245014,-87.6486954268,2018,25,POINT (-87.6486954268 41.8889245014),,,,,2018-08-09,False,7,Near North Side
1099,30,STOP SIGN/FLASHER,OTHER,CLEAR,DAYLIGHT,PEDALCYCLIST,ONE-WAY,STRAIGHT AND LEVEL,DRY,NO DEFECTS,,FAILING TO REDUCE SPEED TO AVOID CRASH,NOT APPLICABLE,,NONINCAPACITATING INJURY,14,8,41.9114927876,-87.7314090414,2018,30,POINT (-87.7314090414 41.9114927876),,,,,2018-08-09,False,22,Humboldt Park
1100,30,NO CONTROLS,NO CONTROLS,CLEAR,DAYLIGHT,PEDALCYCLIST,DIVIDED - W/MEDIAN (NOT RAISED),STRAIGHT AND LEVEL,DRY,UNKNOWN,,DRIVING ON WRONG SIDE/WRONG WAY,FAILING TO REDUCE SPEED TO AVOID CRASH,,INCAPACITATING INJURY,15,8,41.8952401338,-87.7389493053,2018,30,POINT (-87.7389493053 41.8952401338),,,,,2018-08-09,True,22,Humboldt Park
1101,30,TRAFFIC SIGNAL,FUNCTIONING PROPERLY,CLEAR,DAYLIGHT,PEDALCYCLIST,NOT DIVIDED,STRAIGHT AND LEVEL,DRY,NO DEFECTS,,UNABLE TO DETERMINE,NOT APPLICABLE,,NO INDICATION OF INJURY,16,8,41.7060676882,-87.7013833852,2018,30,POINT (-87.7013833852 41.7060676882),,,,,2018-08-09,False,73,Mount Greenwood