Unnamed: 0,POSTED_SPEED_LIMIT,TRAFFIC_CONTROL_DEVICE,DEVICE_CONDITION,WEATHER_CONDITION,LIGHTING_CONDITION,FIRST_CRASH_TYPE,TRAFFICWAY_TYPE,ALIGNMENT,ROADWAY_SURFACE_COND,ROAD_DEFECT,INTERSECTION_RELATED_I,PRIM_CONTRIBUTORY_CAUSE,SEC_CONTRIBUTORY_CAUSE,DOORING_I,MOST_SEVERE_INJURY,CRASH_HOUR,CRASH_MONTH,LATITUDE,LONGITUDE,CRASH_YEAR,SPEED_LIMIT,geometry,DISPLAYROU,the_geom,DIST,LANE_TYPE,CRASH_DATE,is_severe,index_right,CArea
1102,30,STOP SIGN/FLASHER,FUNCTIONING PROPERLY,CLEAR,DAYLIGHT,PEDALCYCLIST,DIVIDED - W/MEDIAN (NOT RAISED),STRAIGHT AND LEVEL,DRY,NO DEFECTS,,UNABLE TO DETERMINE,UNABLE TO DETERMINE,,NONINCAPACITATING INJURY,18,8,41.9576881263,-87.6985013908,2018,30,POINT (-87.6985013908 41.9576881263),,,,,2018-08-09,False,15,Irving Park
1103,30,NO CONTROLS,NO CONTROLS,CLEAR,DAYLIGHT,PEDALCYCLIST,ONE-WAY,STRAIGHT AND LEVEL,DRY,NO DEFECTS,,FAILING TO YIELD RIGHT-OF-WAY,NOT APPLICABLE,,"REPORTED, NOT EVIDENT",18,8,41.9538031604,-87.7103156961,2018,30,POINT (-87.7103156961 41.9538031604),,,,,2018-08-09,False,15,Irving Park
1104,0,STOP SIGN/FLASHER,FUNCTIONING PROPERLY,CLEAR,DAYLIGHT,PEDALCYCLIST,DIVIDED - W/MEDIAN BARRIER,STRAIGHT AND LEVEL,UNKNOWN,UNKNOWN,Y,UNABLE TO DETERMINE,NOT APPLICABLE,,NO INDICATION OF INJURY,18,8,41.8844140925,-87.6533314599,2018,0,POINT (-87.6533314599 41.8844140925),,,,,2018-08-09,False,27,Near West Side
1105,30,NO CONTROLS,NO CONTROLS,CLEAR,DAYLIGHT,PEDALCYCLIST,ONE-WAY,STRAIGHT ON HILLCREST,WET,NO DEFECTS,,UNABLE TO DETERMINE,UNABLE TO DETERMINE,,NONINCAPACITATING INJURY,18,8,41.8880703776,-87.6296922567,2018,30,POINT (-87.6296922567 41.8880703776),,,,,2018-08-09,False,7,Near North Side
1106,30,TRAFFIC SIGNAL,FUNCTIONING PROPERLY,CLEAR,"DARKNESS, LIGHTED ROAD",PEDALCYCLIST,NOT DIVIDED,STRAIGHT AND LEVEL,WET,NO DEFECTS,Y,DISREGARDING TRAFFIC SIGNALS,DRIVING SKILLS/KNOWLEDGE/EXPERIENCE,,NONINCAPACITATING INJURY,20,8,41.9471328026,-87.6544359722,2018,30,POINT (-87.6544359722 41.9471328026),,,,,2018-08-09,False,5,Lake View
1107,35,TRAFFIC SIGNAL,FUNCTIONING PROPERLY,CLEAR,"DARKNESS, LIGHTED ROAD",PEDALCYCLIST,NOT DIVIDED,STRAIGHT AND LEVEL,DRY,NO DEFECTS,Y,FAILING TO REDUCE SPEED TO AVOID CRASH,NOT APPLICABLE,N,NONINCAPACITATING INJURY,23,8,41.9391718,-87.7124242619,2018,35,POINT (-87.7124242619 41.9391718),,,,,2018-08-09,False,15,Irving Park
1108,30,LANE USE MARKING,FUNCTIONING IMPROPERLY,CLEAR,DAYLIGHT,PEDALCYCLIST,DIVIDED - W/MEDIAN (NOT RAISED),STRAIGHT AND LEVEL,DRY,NO DEFECTS,,IMPROPER OVERTAKING/PASSING,"OPERATING VEHICLE IN ERRATIC, RECKLESS, CARELESS, NEGLIGENT OR AGGRESSIVE MANNER",,NONINCAPACITATING INJURY,8,8,41.8875214782,-87.7015342463,2018,30,POINT (-87.7015342463 41.8875214782),,,,,2018-08-10,False,26,Garfield Park
1109,30,NO CONTROLS,NO CONTROLS,CLEAR,DAYLIGHT,PEDALCYCLIST,NOT DIVIDED,STRAIGHT AND LEVEL,DRY,NO DEFECTS,,UNABLE TO DETERMINE,UNABLE TO DETERMINE,,"REPORTED, NOT EVIDENT",9,8,41.9684865232,-87.6908463582,2018,30,POINT (-87.6908463582 41.9684865232),,,,,2018-08-10,False,3,Lincoln Square
1110,30,TRAFFIC SIGNAL,FUNCTIONING PROPERLY,CLEAR,DAYLIGHT,PEDALCYCLIST,DIVIDED - W/MEDIAN (NOT RAISED),STRAIGHT AND LEVEL,DRY,NO DEFECTS,,UNABLE TO DETERMINE,HAD BEEN DRINKING (USE WHEN ARREST IS NOT MADE),,INCAPACITATING INJURY,10,8,41.8577437509,-87.6320390628,2018,30,POINT (-87.6320390628 41.8577437509),,,,,2018-08-10,True,32,Near South Side
1111,30,TRAFFIC SIGNAL,FUNCTIONING PROPERLY,CLEAR,DAYLIGHT,PEDALCYCLIST,DIVIDED - W/MEDIAN (NOT RAISED),STRAIGHT AND LEVEL,DRY,NO DEFECTS,,FAILING TO YIELD RIGHT-OF-WAY,UNABLE TO DETERMINE,,NO INDICATION OF INJURY,12,8,41.874462352,-87.6439100562,2018,30,POINT (-87.6439100562 41.874462352),,,,,2018-08-10,False,27,Near West Side
1112,30,NO CONTROLS,NO CONTROLS,CLEAR,DAYLIGHT,PEDALCYCLIST,ONE-WAY,STRAIGHT AND LEVEL,DRY,NO DEFECTS,,FAILING TO YIELD RIGHT-OF-WAY,NOT APPLICABLE,,NONINCAPACITATING INJURY,14,8,41.9744718301,-87.6682863333,2018,30,POINT (-87.6682863333 41.9744718301),,,,,2018-08-10,False,2,Uptown
1113,30,NO CONTROLS,NO CONTROLS,CLEAR,DAYLIGHT,PEDALCYCLIST,NOT DIVIDED,STRAIGHT ON GRADE,DRY,NO DEFECTS,,NOT APPLICABLE,NOT APPLICABLE,Y,NO INDICATION OF INJURY,15,8,41.6913429057,-87.7180491366,2018,30,POINT (-87.7180491366 41.6913429057),,,,,2018-08-10,False,73,Mount Greenwood
1114,35,TRAFFIC SIGNAL,FUNCTIONING PROPERLY,CLEAR,DAYLIGHT,PEDALCYCLIST,NOT DIVIDED,STRAIGHT AND LEVEL,DRY,NO DEFECTS,,FAILING TO REDUCE SPEED TO AVOID CRASH,NOT APPLICABLE,,NO INDICATION OF INJURY,16,8,41.7427279656,-87.6828247929,2018,35,POINT (-87.6828247929 41.7427279656),,,,,2018-08-10,False,69,Ashburn
1115,30,NO CONTROLS,NO CONTROLS,CLEAR,DAYLIGHT,PEDALCYCLIST,ONE-WAY,STRAIGHT AND LEVEL,DRY,NO DEFECTS,,NOT APPLICABLE,NOT APPLICABLE,Y,NONINCAPACITATING INJURY,16,8,42.0172139839,-87.6691079015,2018,30,POINT (-87.6691079015 42.0172139839),,,,,2018-08-10,False,0,Rogers Park
1116,35,STOP SIGN/FLASHER,UNKNOWN,CLEAR,DAYLIGHT,PEDALCYCLIST,NOT DIVIDED,STRAIGHT AND LEVEL,DRY,NO DEFECTS,,UNABLE TO DETERMINE,NOT APPLICABLE,,NO INDICATION OF INJURY,17,8,41.9171994572,-87.6603868778,2018,35,POINT (-87.6603868778 41.9171994572),,,,,2018-08-10,False,6,Lincoln Park
1117,35,NO CONTROLS,NO CONTROLS,CLEAR,DAYLIGHT,PEDALCYCLIST,NOT DIVIDED,STRAIGHT AND LEVEL,DRY,NO DEFECTS,,DRIVING SKILLS/KNOWLEDGE/EXPERIENCE,NOT APPLICABLE,Y,INCAPACITATING INJURY,17,8,41.9182285693,-87.6899315111,2018,35,POINT (-87.6899315111 41.9182285693),,,,,2018-08-10,True,21,Logan Square
1118,30,NO CONTROLS,NO CONTROLS,CLEAR,DAYLIGHT,PEDALCYCLIST,NOT DIVIDED,STRAIGHT AND LEVEL,DRY,NO DEFECTS,Y,UNABLE TO DETERMINE,UNABLE TO DETERMINE,,NO INDICATION OF INJURY,19,8,41.8963821859,-87.6550673266,2018,30,POINT (-87.6550673266 41.8963821859),,,,,2018-08-10,False,7,Near North Side
1119,30,TRAFFIC SIGNAL,FUNCTIONING PROPERLY,CLEAR,"DARKNESS, LIGHTED ROAD",PEDALCYCLIST,NOT DIVIDED,STRAIGHT AND LEVEL,DRY,NO DEFECTS,Y,IMPROPER TURNING/NO SIGNAL,NOT APPLICABLE,,NONINCAPACITATING INJURY,22,8,41.9393036499,-87.7175501392,2018,30,POINT (-87.7175501392 41.9393036499),,,,,2018-08-10,False,15,Irving Park
1120,30,NO CONTROLS,NO CONTROLS,CLEAR,DAYLIGHT,PEDALCYCLIST,DIVIDED - W/MEDIAN (NOT RAISED),STRAIGHT ON GRADE,DRY,NO DEFECTS,,NOT APPLICABLE,NOT APPLICABLE,Y,NONINCAPACITATING INJURY,9,8,41.9134563233,-87.6824489042,2018,30,POINT (-87.6824489042 41.9134563233),,,,,2018-08-11,False,6,Lincoln Park
1121,30,TRAFFIC SIGNAL,FUNCTIONING PROPERLY,CLEAR,DAYLIGHT,PEDALCYCLIST,NOT DIVIDED,STRAIGHT ON GRADE,DRY,NO DEFECTS,Y,FAILING TO YIELD RIGHT-OF-WAY,NOT APPLICABLE,,NO INDICATION OF INJURY,11,8,41.8675710154,-87.6305864739,2018,30,POINT (-87.6305864739 41.8675710154),,,,,2018-08-11,False,31,Loop
1122,30,TRAFFIC SIGNAL,FUNCTIONING PROPERLY,CLEAR,DAYLIGHT,PEDALCYCLIST,NOT DIVIDED,STRAIGHT ON HILLCREST,DRY,NO DEFECTS,Y,FAILING TO YIELD RIGHT-OF-WAY,NOT APPLICABLE,,NO INDICATION OF INJURY,13,8,41.8577437509,-87.6320390628,2018,30,POINT (-87.6320390628 41.8577437509),,,,,2018-08-11,False,32,Near South Side
1123,30,TRAFFIC SIGNAL,FUNCTIONING PROPERLY,CLEAR,DAYLIGHT,PEDALCYCLIST,DIVIDED - W/MEDIAN (NOT RAISED),STRAIGHT AND LEVEL,DRY,NO DEFECTS,Y,UNABLE TO DETERMINE,NOT APPLICABLE,,NONINCAPACITATING INJURY,13,8,41.8818929259,-87.629032212,2018,30,POINT (-87.629032212 41.8818929259),,,,,2018-08-11,False,31,Loop
1124,30,TRAFFIC SIGNAL,FUNCTIONING PROPERLY,CLEAR,DAYLIGHT,PEDALCYCLIST,DIVIDED - W/MEDIAN (NOT RAISED),STRAIGHT AND LEVEL,DRY,NO DEFECTS,,FAILING TO YIELD RIGHT-OF-WAY,NOT APPLICABLE,,NONINCAPACITATING INJURY,15,8,41.7060829595,-87.7014667184,2018,30,POINT (-87.7014667184 41.7060829595),,,,,2018-08-11,False,73,Mount Greenwood
1125,30,YIELD,NO CONTROLS,CLEAR,DARKNESS,PEDALCYCLIST,NOT DIVIDED,STRAIGHT AND LEVEL,DRY,NO DEFECTS,Y,FAILING TO YIELD RIGHT-OF-WAY,UNABLE TO DETERMINE,N,"REPORTED, NOT EVIDENT",20,8,41.9397024649,-87.6494053705,2018,30,POINT (-87.6494053705 41.9397024649),,,,,2018-08-11,False,5,Lake View
1126,30,NO CONTROLS,NO CONTROLS,CLEAR,DUSK,PEDALCYCLIST,ONE-WAY,STRAIGHT AND LEVEL,DRY,NO DEFECTS,,NOT APPLICABLE,NOT APPLICABLE,Y,"REPORTED, NOT EVIDENT",20,8,41.9646090855,-87.7058484241,2018,30,POINT (-87.7058484241 41.9646090855),,,,,2018-08-11,False,3,Lincoln Square
1127,30,NO CONTROLS,NO CONTROLS,CLEAR,"DARKNESS, LIGHTED ROAD",PEDALCYCLIST,ONE-WAY,STRAIGHT AND LEVEL,DRY,UNKNOWN,,FAILING TO YIELD RIGHT-OF-WAY,UNABLE TO DETERMINE,,NONINCAPACITATING INJURY,21,8,41.7759728986,-87.6606221602,2018,30,POINT (-87.6606221602 41.7759728986),,,,,2018-08-11,False,66,Englewood
1128,35,UNKNOWN,UNKNOWN,CLEAR,"DARKNESS, LIGHTED ROAD",PEDALCYCLIST,ONE-WAY,STRAIGHT AND LEVEL,DRY,NO DEFECTS,,UNDER THE INFLUENCE OF ALCOHOL/DRUGS (USE WHEN ARREST IS EFFECTED),FAILING TO YIELD RIGHT-OF-WAY,,INCAPACITATING INJURY,0,8,42.0046396362,-87.6609893038,2018,35,POINT (-87.6609893038 42.0046396362),,,,,2018-08-12,True,0,Rogers Park
1129,30,TRAFFIC SIGNAL,FUNCTIONING PROPERLY,CLEAR,"DARKNESS, LIGHTED ROAD",PEDALCYCLIST,NOT DIVIDED,STRAIGHT AND LEVEL,DRY,NO DEFECTS,Y,FOLLOWING TOO CLOSELY,NOT APPLICABLE,,NO INDICATION OF INJURY,0,8,41.8769380115,-87.6244366179,2018,30,POINT (-87.6244366179 41.8769380115),,,,,2018-08-12,False,31,Loop
1130,25,TRAFFIC SIGNAL,FUNCTIONING PROPERLY,CLEAR,"DARKNESS, LIGHTED ROAD",PEDALCYCLIST,NOT DIVIDED,STRAIGHT AND LEVEL,DRY,NO DEFECTS,,PHYSICAL CONDITION OF DRIVER,HAD BEEN DRINKING (USE WHEN ARREST IS NOT MADE),,"REPORTED, NOT EVIDENT",1,8,41.9396792788,-87.6785053643,2018,25,POINT (-87.6785053643 41.9396792788),,,,,2018-08-12,False,4,North Center
1131,30,TRAFFIC SIGNAL,FUNCTIONING PROPERLY,CLEAR,DAYLIGHT,PEDALCYCLIST,NOT DIVIDED,STRAIGHT AND LEVEL,DRY,NO DEFECTS,Y,FAILING TO YIELD RIGHT-OF-WAY,NOT APPLICABLE,,NONINCAPACITATING INJURY,9,8,41.9902493833,-87.7111423999,2018,30,POINT (-87.7111423999 41.9902493833),,,,,2018-08-12,False,12,North Park
1132,30,YIELD,FUNCTIONING PROPERLY,CLEAR,DAYLIGHT,PEDALCYCLIST,NOT DIVIDED,STRAIGHT ON GRADE,DRY,NO DEFECTS,Y,FAILING TO YIELD RIGHT-OF-WAY,NOT APPLICABLE,,NONINCAPACITATING INJURY,11,8,41.969627875,-87.64691404,2018,30,POINT (-87.64691404 41.969627875),,,,,2018-08-12,False,2,Uptown
1133,30,NO CONTROLS,NO CONTROLS,CLEAR,DAYLIGHT,PEDALCYCLIST,DIVIDED - W/MEDIAN BARRIER,STRAIGHT AND LEVEL,DRY,NO DEFECTS,,"EVASIVE ACTION DUE TO ANIMAL, OBJECT, NONMOTORIST","EVASIVE ACTION DUE TO ANIMAL, OBJECT, NONMOTORIST",,"REPORTED, NOT EVIDENT",13,8,41.7346713204,-87.7391202387,2018,30,POINT (-87.7391202387 41.7346713204),,,,,2018-08-12,False,69,Ashburn
1134,30,TRAFFIC SIGNAL,FUNCTIONING PROPERLY,CLEAR,DAYLIGHT,PEDALCYCLIST,ONE-WAY,STRAIGHT AND LEVEL,DRY,NO DEFECTS,Y,FAILING TO YIELD RIGHT-OF-WAY,FAILING TO REDUCE SPEED TO AVOID CRASH,,NONINCAPACITATING INJURY,15,8,41.7936242583,-87.6597851194,2018,30,POINT (-87.6597851194 41.7936242583),,,,,2018-08-12,False,66,Englewood
1135,20,NO CONTROLS,NO CONTROLS,CLEAR,DAYLIGHT,PEDALCYCLIST,NOT DIVIDED,STRAIGHT AND LEVEL,DRY,NO DEFECTS,Y,FAILING TO YIELD RIGHT-OF-WAY,UNABLE TO DETERMINE,,NONINCAPACITATING INJURY,16,8,41.6958737565,-87.6436482183,2018,20,POINT (-87.6436482183 41.6958737565),,,,,2018-08-12,False,74,Morgan Park
1136,30,STOP SIGN/FLASHER,FUNCTIONING PROPERLY,CLEAR,DAYLIGHT,PEDALCYCLIST,NOT DIVIDED,STRAIGHT AND LEVEL,DRY,NO DEFECTS,,FAILING TO YIELD RIGHT-OF-WAY,NOT APPLICABLE,,NONINCAPACITATING INJURY,18,8,41.9504125358,-87.6443712142,2018,30,POINT (-87.6443712142 41.9504125358),,,,,2018-08-12,False,5,Lake View
1137,30,TRAFFIC SIGNAL,FUNCTIONING PROPERLY,CLEAR,DAYLIGHT,PEDALCYCLIST,DIVIDED - W/MEDIAN (NOT RAISED),STRAIGHT AND LEVEL,DRY,NO DEFECTS,,IMPROPER LANE USAGE,NOT APPLICABLE,,"REPORTED, NOT EVIDENT",18,8,41.9033899186,-87.6715218163,2018,30,POINT (-87.6715218163 41.9033899186),,,,,2018-08-12,False,23,West Town
1138,30,NO CONTROLS,NO CONTROLS,CLEAR,DAYLIGHT,PEDALCYCLIST,DIVIDED - W/MEDIAN BARRIER,STRAIGHT AND LEVEL,DRY,NO DEFECTS,Y,FOLLOWING TOO CLOSELY,NOT APPLICABLE,,NONINCAPACITATING INJURY,19,8,41.9284218297,-87.7080257763,2018,30,POINT (-87.7080257763 41.9284218297),,,,,2018-08-12,False,21,Logan Square
1139,20,STOP SIGN/FLASHER,FUNCTIONING PROPERLY,CLEAR,"DARKNESS, LIGHTED ROAD",PEDALCYCLIST,NOT DIVIDED,STRAIGHT AND LEVEL,DRY,NO DEFECTS,Y,FAILING TO YIELD RIGHT-OF-WAY,UNABLE TO DETERMINE,,NONINCAPACITATING INJURY,20,8,41.8005635028,-87.7161544228,2018,20,POINT (-87.7161544228 41.8005635028),,,,,2018-08-12,False,56,Archer Heights
1140,30,TRAFFIC SIGNAL,FUNCTIONING PROPERLY,CLEAR,DAYLIGHT,PEDALCYCLIST,NOT DIVIDED,STRAIGHT AND LEVEL,DRY,NO DEFECTS,,UNABLE TO DETERMINE,UNABLE TO DETERMINE,,NONINCAPACITATING INJURY,7,8,41.9314847047,-87.7467398263,2018,30,POINT (-87.7467398263 41.9314847047),,,,,2018-08-13,False,18,Belmont Cragin
1141,30,STOP SIGN/FLASHER,FUNCTIONING PROPERLY,CLEAR,DAYLIGHT,PEDALCYCLIST,ONE-WAY,STRAIGHT AND LEVEL,DRY,NO DEFECTS,Y,FAILING TO YIELD RIGHT-OF-WAY,NOT APPLICABLE,,NONINCAPACITATING INJURY,8,8,41.8857526072,-87.6411645793,2018,30,POINT (-87.6411645793 41.8857526072),,,,,2018-08-13,False,27,Near West Side
1142,30,TRAFFIC SIGNAL,FUNCTIONING PROPERLY,CLEAR,DAYLIGHT,PEDALCYCLIST,ONE-WAY,STRAIGHT AND LEVEL,DRY,NO DEFECTS,Y,FOLLOWING TOO CLOSELY,NOT APPLICABLE,,NONINCAPACITATING INJURY,12,8,41.8824340116,-87.6310370142,2018,30,POINT (-87.6310370142 41.8824340116),,,,,2018-08-13,False,31,Loop
1143,25,STOP SIGN/FLASHER,FUNCTIONING PROPERLY,CLEAR,DAYLIGHT,PEDALCYCLIST,NOT DIVIDED,STRAIGHT AND LEVEL,DRY,NO DEFECTS,Y,DISTRACTION - FROM OUTSIDE VEHICLE,NOT APPLICABLE,,NONINCAPACITATING INJURY,12,8,41.9903453517,-87.7768171652,2018,25,POINT (-87.7768171652 41.9903453517),,,,,2018-08-13,False,10,Jefferson Park
1144,30,NO CONTROLS,NO CONTROLS,CLEAR,DAYLIGHT,PEDALCYCLIST,DIVIDED - W/MEDIAN (NOT RAISED),STRAIGHT AND LEVEL,DRY,NO DEFECTS,,FAILING TO REDUCE SPEED TO AVOID CRASH,UNABLE TO DETERMINE,,NONINCAPACITATING INJURY,14,8,42.0087205423,-87.6737503618,2018,30,POINT (-87.6737503618 42.0087205423),,,,,2018-08-13,False,0,Rogers Park
1145,25,NO CONTROLS,NO CONTROLS,CLEAR,DAYLIGHT,PEDALCYCLIST,NOT DIVIDED,STRAIGHT AND LEVEL,DRY,NO DEFECTS,,UNABLE TO DETERMINE,UNABLE TO DETERMINE,Y,NONINCAPACITATING INJURY,14,8,41.9172524495,-87.7101298925,2018,25,POINT (-87.7101298925 41.9172524495),,,,,2018-08-13,False,21,Logan Square
1146,30,STOP SIGN/FLASHER,FUNCTIONING PROPERLY,CLEAR,DAYLIGHT,PEDALCYCLIST,NOT DIVIDED,STRAIGHT AND LEVEL,UNKNOWN,UNKNOWN,Y,IMPROPER OVERTAKING/PASSING,IMPROPER OVERTAKING/PASSING,,NONINCAPACITATING INJURY,15,8,41.990936538,-87.6677235268,2018,30,POINT (-87.6677235268 41.990936538),,,,,2018-08-13,False,76,Edgewater
1147,30,NO CONTROLS,NO CONTROLS,UNKNOWN,DAYLIGHT,PEDALCYCLIST,NOT DIVIDED,STRAIGHT AND LEVEL,UNKNOWN,UNKNOWN,,DRIVING SKILLS/KNOWLEDGE/EXPERIENCE,DRIVING SKILLS/KNOWLEDGE/EXPERIENCE,Y,"REPORTED, NOT EVIDENT",17,8,41.9432581048,-87.649219749,2018,30,POINT (-87.649219749 41.9432581048),,,,,2018-08-13,False,5,Lake View
1148,30,STOP SIGN/FLASHER,FUNCTIONING PROPERLY,CLEAR,DAYLIGHT,PEDALCYCLIST,NOT DIVIDED,STRAIGHT AND LEVEL,DRY,NO DEFECTS,,FAILING TO YIELD RIGHT-OF-WAY,FAILING TO YIELD RIGHT-OF-WAY,,NONINCAPACITATING INJURY,17,8,42.011916329,-87.7743003921,2018,30,POINT (-87.7743003921 42.011916329),,,,,2018-08-13,False,11,Forest Glen
1149,30,NO CONTROLS,NO CONTROLS,CLEAR,DAYLIGHT,PEDALCYCLIST,NOT DIVIDED,STRAIGHT AND LEVEL,DRY,NO DEFECTS,,DISTRACTION - FROM INSIDE VEHICLE,NOT APPLICABLE,,NONINCAPACITATING INJURY,17,8,41.9023693581,-87.6967197774,2018,30,POINT (-87.6967197774 41.9023693581),,,,,2018-08-13,False,22,Humboldt Park
1150,30,NO CONTROLS,NO CONTROLS,CLEAR,DAYLIGHT,PEDALCYCLIST,NOT DIVIDED,STRAIGHT AND LEVEL,DRY,NO DEFECTS,,DISREGARDING STOP SIGN,NOT APPLICABLE,,INCAPACITATING INJURY,17,8,41.7104168589,-87.6476419667,2018,30,POINT (-87.6476419667 41.7104168589),,,,,2018-08-13,True,72,Washington Heights
1151,30,NO CONTROLS,NO CONTROLS,CLEAR,DUSK,PEDALCYCLIST,NOT DIVIDED,STRAIGHT AND LEVEL,DRY,NO DEFECTS,Y,IMPROPER TURNING/NO SIGNAL,UNABLE TO DETERMINE,,"REPORTED, NOT EVIDENT",20,8,41.8050110607,-87.6845134501,2018,30,POINT (-87.6845134501 41.8050110607),,,,,2018-08-13,False,57,Brighton Park
1152,30,TRAFFIC SIGNAL,FUNCTIONING PROPERLY,CLEAR,DARKNESS,PEDALCYCLIST,DIVIDED - W/MEDIAN (NOT RAISED),STRAIGHT AND LEVEL,DRY,UNKNOWN,Y,UNABLE TO DETERMINE,NOT APPLICABLE,,NONINCAPACITATING INJURY,22,8,41.9107069969,-87.6623272446,2018,30,POINT (-87.6623272446 41.9107069969),,,,,2018-08-13,False,23,West Town
1153,30,TRAFFIC SIGNAL,FUNCTIONING PROPERLY,CLEAR,DAYLIGHT,PEDALCYCLIST,DIVIDED - W/MEDIAN (NOT RAISED),STRAIGHT AND LEVEL,DRY,NO DEFECTS,,FAILING TO YIELD RIGHT-OF-WAY,DRIVING SKILLS/KNOWLEDGE/EXPERIENCE,,NO INDICATION OF INJURY,7,8,41.8955748427,-87.7159172963,2018,30,POINT (-87.7159172963 41.8955748427),,,,,2018-08-14,False,22,Humboldt Park
1154,30,LANE USE MARKING,FUNCTIONING PROPERLY,CLEAR,DAYLIGHT,PEDALCYCLIST,NOT DIVIDED,STRAIGHT AND LEVEL,DRY,NO DEFECTS,,DISREGARDING ROAD MARKINGS,UNABLE TO DETERMINE,,"REPORTED, NOT EVIDENT",8,8,41.8899399079,-87.6341742982,2018,30,POINT (-87.6341742982 41.8899399079),,,,,2018-08-14,False,7,Near North Side
1155,25,STOP SIGN/FLASHER,NO CONTROLS,CLEAR,DAYLIGHT,PEDALCYCLIST,ONE-WAY,STRAIGHT AND LEVEL,DRY,NO DEFECTS,,UNABLE TO DETERMINE,NOT APPLICABLE,,NO INDICATION OF INJURY,9,8,41.9329410688,-87.7858135261,2018,25,POINT (-87.7858135261 41.9329410688),,,,,2018-08-14,False,18,Belmont Cragin
1156,30,NO CONTROLS,NO CONTROLS,CLEAR,DAYLIGHT,PEDALCYCLIST,OTHER,STRAIGHT AND LEVEL,DRY,NO DEFECTS,,UNABLE TO DETERMINE,UNABLE TO DETERMINE,,"REPORTED, NOT EVIDENT",13,8,41.8965685803,-87.6281291903,2018,30,POINT (-87.6281291903 41.8965685803),,,,,2018-08-14,False,7,Near North Side
1157,0,NO CONTROLS,NO CONTROLS,CLEAR,DAYLIGHT,PEDALCYCLIST,DIVIDED - W/MEDIAN (NOT RAISED),STRAIGHT AND LEVEL,DRY,NO DEFECTS,,FAILING TO YIELD RIGHT-OF-WAY,"VISION OBSCURED (SIGNS, TREE LIMBS, BUILDINGS, ETC.)",,NONINCAPACITATING INJURY,16,8,41.9689627135,-87.6717686561,2018,0,POINT (-87.6717686561 41.9689627135),,,,,2018-08-14,False,2,Uptown
1158,30,STOP SIGN/FLASHER,NO CONTROLS,CLEAR,DAYLIGHT,PEDALCYCLIST,NOT DIVIDED,STRAIGHT AND LEVEL,DRY,NO DEFECTS,,IMPROPER OVERTAKING/PASSING,NOT APPLICABLE,,NO INDICATION OF INJURY,17,8,41.9370584801,-87.736825784,2018,30,POINT (-87.736825784 41.9370584801),,,,,2018-08-14,False,19,Hermosa
1159,30,TRAFFIC SIGNAL,FUNCTIONING PROPERLY,CLEAR,DAYLIGHT,PEDALCYCLIST,NOT DIVIDED,STRAIGHT AND LEVEL,DRY,NO DEFECTS,,IMPROPER OVERTAKING/PASSING,IMPROPER OVERTAKING/PASSING,,NO INDICATION OF INJURY,18,8,41.7475332863,-87.6052788008,2018,30,POINT (-87.6052788008 41.7475332863),,,,,2018-08-14,False,43,Chatham
1160,30,NO CONTROLS,NO CONTROLS,CLEAR,DAYLIGHT,PEDALCYCLIST,NOT DIVIDED,STRAIGHT AND LEVEL,DRY,NO DEFECTS,Y,FAILING TO YIELD RIGHT-OF-WAY,FAILING TO REDUCE SPEED TO AVOID CRASH,,NONINCAPACITATING INJURY,18,8,41.968702213,-87.6914112248,2018,30,POINT (-87.6914112248 41.968702213),,,,,2018-08-14,False,3,Lincoln Square
1161,30,NO CONTROLS,NO CONTROLS,CLEAR,DAYLIGHT,PEDALCYCLIST,DIVIDED - W/MEDIAN (NOT RAISED),STRAIGHT AND LEVEL,DRY,NO DEFECTS,,UNABLE TO DETERMINE,NOT APPLICABLE,,NONINCAPACITATING INJURY,18,8,41.8740277937,-87.6747084702,2018,30,POINT (-87.6747084702 41.8740277937),,,,,2018-08-14,False,27,Near West Side
1162,15,NO CONTROLS,NO CONTROLS,CLEAR,"DARKNESS, LIGHTED ROAD",PEDALCYCLIST,ALLEY,STRAIGHT AND LEVEL,DRY,NO DEFECTS,,FAILING TO YIELD RIGHT-OF-WAY,FAILING TO REDUCE SPEED TO AVOID CRASH,,NONINCAPACITATING INJURY,21,8,41.9026087772,-87.7207302518,2018,15,POINT (-87.7207302518 41.9026087772),,,,,2018-08-14,False,22,Humboldt Park
1163,30,TRAFFIC SIGNAL,FUNCTIONING PROPERLY,CLEAR,"DARKNESS, LIGHTED ROAD",PEDALCYCLIST,DIVIDED - W/MEDIAN (NOT RAISED),STRAIGHT AND LEVEL,DRY,NO DEFECTS,Y,DISREGARDING TRAFFIC SIGNALS,FAILING TO YIELD RIGHT-OF-WAY,,NONINCAPACITATING INJURY,23,8,41.8966294183,-87.6280513084,2018,30,POINT (-87.6280513084 41.8966294183),,,,,2018-08-14,False,7,Near North Side
1164,30,NO CONTROLS,NO CONTROLS,CLEAR,"DARKNESS, LIGHTED ROAD",PEDALCYCLIST,NOT DIVIDED,STRAIGHT AND LEVEL,DRY,NO DEFECTS,N,IMPROPER BACKING,UNABLE TO DETERMINE,,NONINCAPACITATING INJURY,1,8,41.7499314582,-87.6438771253,2018,30,POINT (-87.6438771253 41.7499314582),,,,,2018-08-15,False,70,Auburn Gresham
1165,30,STOP SIGN/FLASHER,FUNCTIONING PROPERLY,CLEAR,DAYLIGHT,PEDALCYCLIST,DIVIDED - W/MEDIAN BARRIER,STRAIGHT AND LEVEL,DRY,NO DEFECTS,Y,DISREGARDING OTHER TRAFFIC SIGNS,DISREGARDING STOP SIGN,,NO INDICATION OF INJURY,14,8,41.9176075908,-87.6796716314,2018,30,POINT (-87.6796716314 41.9176075908),,,,,2018-08-15,False,6,Lincoln Park