Unnamed: 0,POSTED_SPEED_LIMIT,TRAFFIC_CONTROL_DEVICE,DEVICE_CONDITION,WEATHER_CONDITION,LIGHTING_CONDITION,FIRST_CRASH_TYPE,TRAFFICWAY_TYPE,ALIGNMENT,ROADWAY_SURFACE_COND,ROAD_DEFECT,INTERSECTION_RELATED_I,PRIM_CONTRIBUTORY_CAUSE,SEC_CONTRIBUTORY_CAUSE,DOORING_I,MOST_SEVERE_INJURY,CRASH_HOUR,CRASH_MONTH,LATITUDE,LONGITUDE,CRASH_YEAR,SPEED_LIMIT,geometry,DISPLAYROU,the_geom,DIST,LANE_TYPE,CRASH_DATE,is_severe,index_right,CArea
1166,20,STOP SIGN/FLASHER,FUNCTIONING PROPERLY,CLEAR,DAYLIGHT,PEDALCYCLIST,NOT DIVIDED,STRAIGHT AND LEVEL,DRY,NO DEFECTS,Y,DISREGARDING STOP SIGN,FAILING TO YIELD RIGHT-OF-WAY,,INCAPACITATING INJURY,14,8,41.7960231345,-87.7784081428,2018,20,POINT (-87.7784081428 41.7960231345),,,,,2018-08-15,True,55,Garfield Ridge
1167,30,STOP SIGN/FLASHER,FUNCTIONING PROPERLY,CLEAR,DAYLIGHT,PEDALCYCLIST,ONE-WAY,STRAIGHT AND LEVEL,DRY,NO DEFECTS,,FAILING TO REDUCE SPEED TO AVOID CRASH,FAILING TO YIELD RIGHT-OF-WAY,,NONINCAPACITATING INJURY,17,8,41.8480686261,-87.7037669859,2018,30,POINT (-87.7037669859 41.8480686261),,,,,2018-08-15,False,28,North Lawndale
1168,35,TRAFFIC SIGNAL,FUNCTIONING PROPERLY,CLOUDY/OVERCAST,DAYLIGHT,PEDALCYCLIST,NOT DIVIDED,STRAIGHT AND LEVEL,DRY,NO DEFECTS,Y,DISREGARDING TRAFFIC SIGNALS,DISREGARDING TRAFFIC SIGNALS,,NO INDICATION OF INJURY,17,8,41.9651620131,-87.6666663968,2018,35,POINT (-87.6666663968 41.9651620131),,,,,2018-08-15,False,2,Uptown
1169,30,TRAFFIC SIGNAL,FUNCTIONING PROPERLY,RAIN,DAWN,PEDALCYCLIST,DIVIDED - W/MEDIAN (NOT RAISED),STRAIGHT AND LEVEL,WET,NO DEFECTS,,IMPROPER BACKING,UNABLE TO DETERMINE,,NO INDICATION OF INJURY,19,8,41.9293416769,-87.6870007472,2018,30,POINT (-87.6870007472 41.9293416769),,,,,2018-08-15,False,21,Logan Square
1170,30,UNKNOWN,UNKNOWN,CLEAR,DAYLIGHT,PEDALCYCLIST,NOT DIVIDED,STRAIGHT AND LEVEL,UNKNOWN,UNKNOWN,,UNABLE TO DETERMINE,UNABLE TO DETERMINE,Y,NONINCAPACITATING INJURY,14,8,41.9379015989,-87.6664018617,2018,30,POINT (-87.6664018617 41.9379015989),,,,,2018-08-16,False,5,Lake View
1171,30,NO CONTROLS,NO CONTROLS,CLEAR,DAYLIGHT,PEDALCYCLIST,NOT DIVIDED,STRAIGHT AND LEVEL,DRY,NO DEFECTS,,DRIVING ON WRONG SIDE/WRONG WAY,FAILING TO REDUCE SPEED TO AVOID CRASH,,NONINCAPACITATING INJURY,14,8,41.9189071599,-87.7598201016,2018,30,POINT (-87.7598201016 41.9189071599),,,,,2018-08-16,False,18,Belmont Cragin
1172,25,TRAFFIC SIGNAL,FUNCTIONING PROPERLY,CLEAR,DAYLIGHT,PEDALCYCLIST,DIVIDED - W/MEDIAN (NOT RAISED),STRAIGHT AND LEVEL,DRY,NO DEFECTS,Y,TURNING RIGHT ON RED,FOLLOWING TOO CLOSELY,,NO INDICATION OF INJURY,14,8,42.0054193877,-87.6729763165,2018,25,POINT (-87.6729763165 42.0054193877),,,,,2018-08-16,False,0,Rogers Park
1173,30,NO CONTROLS,NO CONTROLS,CLEAR,DAYLIGHT,PEDALCYCLIST,NOT DIVIDED,STRAIGHT AND LEVEL,DRY,NO DEFECTS,,UNABLE TO DETERMINE,UNABLE TO DETERMINE,,"REPORTED, NOT EVIDENT",15,8,41.9750084642,-87.6551196466,2018,30,POINT (-87.6551196466 41.9750084642),,,,,2018-08-16,False,2,Uptown
1174,35,NO CONTROLS,NO CONTROLS,CLEAR,DAYLIGHT,PEDALCYCLIST,CENTER TURN LANE,STRAIGHT AND LEVEL,DRY,NO DEFECTS,,FAILING TO YIELD RIGHT-OF-WAY,NOT APPLICABLE,,NONINCAPACITATING INJURY,15,8,41.9020827942,-87.716459285,2018,35,POINT (-87.716459285 41.9020827942),,,,,2018-08-16,False,22,Humboldt Park
1175,30,NO CONTROLS,NO CONTROLS,CLEAR,DAYLIGHT,PEDALCYCLIST,DRIVEWAY,STRAIGHT AND LEVEL,DRY,NO DEFECTS,,DRIVING SKILLS/KNOWLEDGE/EXPERIENCE,NOT APPLICABLE,,NONINCAPACITATING INJURY,16,8,41.9531765699,-87.776056699,2018,30,POINT (-87.776056699 41.9531765699),,,,,2018-08-16,False,14,Portage Park
1176,30,NO CONTROLS,NO CONTROLS,CLEAR,DAYLIGHT,PEDALCYCLIST,NOT DIVIDED,STRAIGHT AND LEVEL,DRY,NO DEFECTS,,FAILING TO YIELD RIGHT-OF-WAY,FAILING TO REDUCE SPEED TO AVOID CRASH,,NONINCAPACITATING INJURY,16,8,41.8808645373,-87.7234243219,2018,30,POINT (-87.7234243219 41.8808645373),,,,,2018-08-16,False,25,Garfield Park
1177,30,TRAFFIC SIGNAL,FUNCTIONING PROPERLY,CLEAR,DAYLIGHT,PEDALCYCLIST,ONE-WAY,STRAIGHT AND LEVEL,DRY,NO DEFECTS,Y,UNABLE TO DETERMINE,NOT APPLICABLE,,INCAPACITATING INJURY,16,8,41.8672804276,-87.6450379485,2018,30,POINT (-87.6450379485 41.8672804276),,,,,2018-08-16,True,27,Near West Side
1178,30,TRAFFIC SIGNAL,FUNCTIONING PROPERLY,CLEAR,DAYLIGHT,PEDALCYCLIST,NOT DIVIDED,STRAIGHT AND LEVEL,DRY,NO DEFECTS,Y,FAILING TO REDUCE SPEED TO AVOID CRASH,UNABLE TO DETERMINE,,NONINCAPACITATING INJURY,17,8,41.8948128958,-87.6295779528,2018,30,POINT (-87.6295779528 41.8948128958),,,,,2018-08-16,False,7,Near North Side
1179,30,TRAFFIC SIGNAL,FUNCTIONING PROPERLY,CLEAR,DUSK,PEDALCYCLIST,NOT DIVIDED,STRAIGHT AND LEVEL,DRY,NO DEFECTS,Y,TURNING RIGHT ON RED,NOT APPLICABLE,,NONINCAPACITATING INJURY,19,8,41.9540622386,-87.6983900564,2018,30,POINT (-87.6983900564 41.9540622386),,,,,2018-08-16,False,15,Irving Park
1180,35,NO CONTROLS,NO CONTROLS,CLEAR,"DARKNESS, LIGHTED ROAD",PEDALCYCLIST,DIVIDED - W/MEDIAN (NOT RAISED),STRAIGHT AND LEVEL,DRY,NO DEFECTS,,FAILING TO YIELD RIGHT-OF-WAY,UNABLE TO DETERMINE,Y,NONINCAPACITATING INJURY,20,8,41.9981787755,-87.6710848349,2018,35,POINT (-87.6710848349 41.9981787755),,,,,2018-08-16,False,0,Rogers Park
1181,30,UNKNOWN,UNKNOWN,CLEAR,DARKNESS,PEDALCYCLIST,PARKING LOT,STRAIGHT AND LEVEL,DRY,NO DEFECTS,,FAILING TO YIELD RIGHT-OF-WAY,UNABLE TO DETERMINE,,"REPORTED, NOT EVIDENT",22,8,41.7072061162,-87.6288150024,2018,30,POINT (-87.6288150024 41.7072061162),,,,,2018-08-16,False,48,Roseland
1182,35,TRAFFIC SIGNAL,FUNCTIONING PROPERLY,RAIN,"DARKNESS, LIGHTED ROAD",PEDALCYCLIST,CENTER TURN LANE,STRAIGHT AND LEVEL,WET,NO DEFECTS,Y,WEATHER,DRIVING SKILLS/KNOWLEDGE/EXPERIENCE,,INCAPACITATING INJURY,0,8,41.9174533052,-87.688536453,2018,35,POINT (-87.688536453 41.9174533052),,,,,2018-08-17,True,21,Logan Square
1183,30,TRAFFIC SIGNAL,FUNCTIONING PROPERLY,CLEAR,DAYLIGHT,PEDALCYCLIST,NOT DIVIDED,STRAIGHT AND LEVEL,DRY,NO DEFECTS,Y,FAILING TO YIELD RIGHT-OF-WAY,FAILING TO YIELD RIGHT-OF-WAY,,INCAPACITATING INJURY,9,8,41.8956092788,-87.711585928,2018,30,POINT (-87.711585928 41.8956092788),,,,,2018-08-17,True,22,Humboldt Park
1184,30,STOP SIGN/FLASHER,FUNCTIONING PROPERLY,CLEAR,DAYLIGHT,PEDALCYCLIST,ONE-WAY,STRAIGHT ON GRADE,DRY,NO DEFECTS,,UNABLE TO DETERMINE,UNABLE TO DETERMINE,,NONINCAPACITATING INJURY,13,8,41.880059539,-87.7728742011,2018,30,POINT (-87.7728742011 41.880059539),,,,,2018-08-17,False,24,Austin
1185,30,NO CONTROLS,NO CONTROLS,CLEAR,DAYLIGHT,PEDALCYCLIST,NOT DIVIDED,STRAIGHT AND LEVEL,DRY,NO DEFECTS,Y,UNABLE TO DETERMINE,UNABLE TO DETERMINE,,INCAPACITATING INJURY,15,8,41.7276442998,-87.6045422322,2018,30,POINT (-87.6045422322 41.7276442998),,,,,2018-08-17,True,43,Chatham
1186,30,NO CONTROLS,NO CONTROLS,CLEAR,DAYLIGHT,PEDALCYCLIST,ONE-WAY,STRAIGHT AND LEVEL,DRY,NO DEFECTS,,DISREGARDING ROAD MARKINGS,NOT APPLICABLE,,NONINCAPACITATING INJURY,15,8,41.8854941176,-87.6340701019,2018,30,POINT (-87.6340701019 41.8854941176),,,,,2018-08-17,False,31,Loop
1187,30,NO CONTROLS,NO CONTROLS,CLEAR,DAYLIGHT,PEDALCYCLIST,NOT DIVIDED,STRAIGHT AND LEVEL,DRY,OTHER,,UNABLE TO DETERMINE,UNABLE TO DETERMINE,,"REPORTED, NOT EVIDENT",17,8,41.7955136358,-87.732883779,2018,30,POINT (-87.732883779 41.7955136358),,,,,2018-08-17,False,56,Archer Heights
1188,30,STOP SIGN/FLASHER,FUNCTIONING PROPERLY,UNKNOWN,"DARKNESS, LIGHTED ROAD",PEDALCYCLIST,OTHER,STRAIGHT AND LEVEL,WET,NO DEFECTS,Y,UNABLE TO DETERMINE,UNABLE TO DETERMINE,,NONINCAPACITATING INJURY,20,8,41.9327603421,-87.7981242823,2018,30,POINT (-87.7981242823 41.9327603421),,,,,2018-08-17,False,17,Montclare
1189,20,NO CONTROLS,NO CONTROLS,RAIN,"DARKNESS, LIGHTED ROAD",PEDALCYCLIST,DIVIDED - W/MEDIAN (NOT RAISED),STRAIGHT AND LEVEL,WET,NO DEFECTS,,FAILING TO YIELD RIGHT-OF-WAY,UNABLE TO DETERMINE,,NO INDICATION OF INJURY,20,8,41.8839051426,-87.6765639319,2018,20,POINT (-87.6765639319 41.8839051426),,,,,2018-08-17,False,27,Near West Side
1190,30,TRAFFIC SIGNAL,FUNCTIONING PROPERLY,CLEAR,"DARKNESS, LIGHTED ROAD",PEDALCYCLIST,OTHER,STRAIGHT AND LEVEL,DRY,NO DEFECTS,Y,FAILING TO YIELD RIGHT-OF-WAY,"VISION OBSCURED (SIGNS, TREE LIMBS, BUILDINGS, ETC.)",,NONINCAPACITATING INJURY,20,8,41.7982854243,-87.6224788776,2018,30,POINT (-87.6224788776 41.7982854243),,,,,2018-08-17,False,39,Washington Park
1191,30,NO CONTROLS,NO CONTROLS,CLEAR,"DARKNESS, LIGHTED ROAD",PEDALCYCLIST,OTHER,STRAIGHT AND LEVEL,DRY,NO DEFECTS,,UNABLE TO DETERMINE,UNABLE TO DETERMINE,,NO INDICATION OF INJURY,21,8,41.8511998366,-87.6188194842,2018,30,POINT (-87.6188194842 41.8511998366),,,,,2018-08-17,False,32,Near South Side
1192,30,UNKNOWN,UNKNOWN,CLEAR,DUSK,PEDALCYCLIST,NOT DIVIDED,STRAIGHT AND LEVEL,DRY,UNKNOWN,Y,UNABLE TO DETERMINE,NOT APPLICABLE,,NO INDICATION OF INJURY,23,8,41.8559248428,-87.6662398305,2018,30,POINT (-87.6662398305 41.8559248428),,,,,2018-08-17,False,30,Lower West Side
1193,30,NO CONTROLS,NO CONTROLS,CLEAR,"DARKNESS, LIGHTED ROAD",PEDALCYCLIST,DIVIDED - W/MEDIAN (NOT RAISED),STRAIGHT AND LEVEL,DRY,UNKNOWN,,UNDER THE INFLUENCE OF ALCOHOL/DRUGS (USE WHEN ARREST IS EFFECTED),FAILING TO REDUCE SPEED TO AVOID CRASH,,INCAPACITATING INJURY,1,8,41.9237207519,-87.7936797618,2018,30,POINT (-87.7936797618 41.9237207519),,,,,2018-08-18,True,17,Montclare
1194,30,NO CONTROLS,NO CONTROLS,CLEAR,DAWN,PEDALCYCLIST,DIVIDED - W/MEDIAN (NOT RAISED),STRAIGHT AND LEVEL,DRY,NO DEFECTS,,DRIVING ON WRONG SIDE/WRONG WAY,UNABLE TO DETERMINE,,NO INDICATION OF INJURY,6,8,41.8735967035,-87.7039674497,2018,30,POINT (-87.7039674497 41.8735967035),,,,,2018-08-18,False,26,Garfield Park
1195,30,STOP SIGN/FLASHER,FUNCTIONING PROPERLY,CLEAR,DAYLIGHT,PEDALCYCLIST,NOT DIVIDED,STRAIGHT AND LEVEL,DRY,UNKNOWN,,FAILING TO YIELD RIGHT-OF-WAY,NOT APPLICABLE,,NO INDICATION OF INJURY,8,8,41.9659264057,-87.6460918454,2018,30,POINT (-87.6460918454 41.9659264057),,,,,2018-08-18,False,2,Uptown
1196,30,STOP SIGN/FLASHER,FUNCTIONING PROPERLY,CLEAR,DAYLIGHT,PEDALCYCLIST,OTHER,STRAIGHT AND LEVEL,DRY,NO DEFECTS,Y,NOT APPLICABLE,NOT APPLICABLE,N,INCAPACITATING INJURY,10,8,41.835212553,-87.7241653781,2018,30,POINT (-87.7241653781 41.835212553),,,,,2018-08-18,True,29,South Lawndale
1197,30,TRAFFIC SIGNAL,FUNCTIONING PROPERLY,CLEAR,DAYLIGHT,PEDALCYCLIST,NOT DIVIDED,STRAIGHT AND LEVEL,DRY,NO DEFECTS,Y,DISREGARDING TRAFFIC SIGNALS,NOT APPLICABLE,Y,NO INDICATION OF INJURY,10,8,41.8823398593,-87.676787988,2018,30,POINT (-87.676787988 41.8823398593),,,,,2018-08-18,False,27,Near West Side
1198,30,NO CONTROLS,NO CONTROLS,CLEAR,DAYLIGHT,PEDALCYCLIST,ONE-WAY,STRAIGHT AND LEVEL,DRY,NO DEFECTS,,UNABLE TO DETERMINE,UNABLE TO DETERMINE,Y,INCAPACITATING INJURY,11,8,41.8842663671,-87.6492714681,2018,30,POINT (-87.6492714681 41.8842663671),,,,,2018-08-18,True,27,Near West Side
1199,30,TRAFFIC SIGNAL,FUNCTIONING PROPERLY,CLEAR,DAYLIGHT,PEDALCYCLIST,OTHER,STRAIGHT AND LEVEL,DRY,NO DEFECTS,Y,DISREGARDING TRAFFIC SIGNALS,UNABLE TO DETERMINE,,"REPORTED, NOT EVIDENT",12,8,41.9228854503,-87.6972137434,2018,30,POINT (-87.6972137434 41.9228854503),,,,,2018-08-18,False,21,Logan Square
1200,30,TRAFFIC SIGNAL,FUNCTIONING PROPERLY,CLEAR,DAYLIGHT,PEDALCYCLIST,OTHER,STRAIGHT AND LEVEL,DRY,NO DEFECTS,Y,UNABLE TO DETERMINE,NOT APPLICABLE,,NONINCAPACITATING INJURY,14,8,41.9284218297,-87.7080257763,2018,30,POINT (-87.7080257763 41.9284218297),,,,,2018-08-18,False,21,Logan Square
1201,30,STOP SIGN/FLASHER,UNKNOWN,CLEAR,DAYLIGHT,PEDALCYCLIST,NOT DIVIDED,STRAIGHT AND LEVEL,DRY,UNKNOWN,,IMPROPER TURNING/NO SIGNAL,UNABLE TO DETERMINE,,NONINCAPACITATING INJURY,14,8,41.9755656686,-87.7732864641,2018,30,POINT (-87.7732864641 41.9755656686),,,,,2018-08-18,False,10,Jefferson Park
1202,30,NO CONTROLS,NO CONTROLS,CLEAR,DAYLIGHT,PEDALCYCLIST,NOT DIVIDED,STRAIGHT AND LEVEL,DRY,NO DEFECTS,,UNABLE TO DETERMINE,UNABLE TO DETERMINE,Y,NO INDICATION OF INJURY,15,8,41.9080029546,-87.6480506174,2018,30,POINT (-87.6480506174 41.9080029546),,,,,2018-08-18,False,7,Near North Side
1203,30,TRAFFIC SIGNAL,FUNCTIONING PROPERLY,CLEAR,DAYLIGHT,PEDALCYCLIST,NOT DIVIDED,STRAIGHT ON GRADE,DRY,NO DEFECTS,Y,UNABLE TO DETERMINE,NOT APPLICABLE,,NO INDICATION OF INJURY,16,8,41.9216787846,-87.6680840886,2018,30,POINT (-87.6680840886 41.9216787846),,,,,2018-08-18,False,6,Lincoln Park
1204,30,NO CONTROLS,NO CONTROLS,CLEAR,"DARKNESS, LIGHTED ROAD",PEDALCYCLIST,NOT DIVIDED,STRAIGHT AND LEVEL,DRY,NO DEFECTS,,IMPROPER TURNING/NO SIGNAL,IMPROPER LANE USAGE,Y,NO INDICATION OF INJURY,22,8,41.9390492219,-87.7386469646,2018,30,POINT (-87.7386469646 41.9390492219),,,,,2018-08-18,False,15,Irving Park
1205,30,TRAFFIC SIGNAL,FUNCTIONING PROPERLY,CLEAR,"DARKNESS, LIGHTED ROAD",PEDALCYCLIST,NOT DIVIDED,STRAIGHT AND LEVEL,DRY,NO DEFECTS,Y,FAILING TO YIELD RIGHT-OF-WAY,NOT APPLICABLE,,NO INDICATION OF INJURY,3,8,41.8965269438,-87.6311689074,2018,30,POINT (-87.6311689074 41.8965269438),,,,,2018-08-19,False,7,Near North Side
1206,25,TRAFFIC SIGNAL,FUNCTIONING PROPERLY,CLEAR,DAYLIGHT,PEDALCYCLIST,NOT DIVIDED,STRAIGHT AND LEVEL,DRY,NO DEFECTS,Y,FAILING TO YIELD RIGHT-OF-WAY,FAILING TO YIELD RIGHT-OF-WAY,,NONINCAPACITATING INJURY,12,8,41.9974500494,-87.6996997862,2018,25,POINT (-87.6996997862 41.9974500494),,,,,2018-08-19,False,1,West Ridge
1207,30,NO CONTROLS,NO CONTROLS,CLEAR,DAYLIGHT,PEDALCYCLIST,DIVIDED - W/MEDIAN (NOT RAISED),STRAIGHT ON GRADE,DRY,NO DEFECTS,,UNABLE TO DETERMINE,NOT APPLICABLE,Y,NONINCAPACITATING INJURY,15,8,41.9106103718,-87.6317989723,2018,30,POINT (-87.6317989723 41.9106103718),,,,,2018-08-19,False,7,Near North Side
1208,35,TRAFFIC SIGNAL,NO CONTROLS,CLEAR,DAYLIGHT,PEDALCYCLIST,NOT DIVIDED,STRAIGHT AND LEVEL,DRY,NO DEFECTS,,UNABLE TO DETERMINE,NOT APPLICABLE,,NONINCAPACITATING INJURY,21,8,41.8581142205,-87.6527798579,2018,35,POINT (-87.6527798579 41.8581142205),,,,,2018-08-19,False,27,Near West Side
1209,30,STOP SIGN/FLASHER,FUNCTIONING PROPERLY,CLEAR,DAYLIGHT,PEDALCYCLIST,DIVIDED - W/MEDIAN (NOT RAISED),STRAIGHT AND LEVEL,DRY,NO DEFECTS,Y,FAILING TO YIELD RIGHT-OF-WAY,FAILING TO YIELD RIGHT-OF-WAY,,NONINCAPACITATING INJURY,7,8,41.8842264705,-87.6793089408,2018,30,POINT (-87.6793089408 41.8842264705),,,,,2018-08-20,False,27,Near West Side
1210,30,NO CONTROLS,NO CONTROLS,CLEAR,DAYLIGHT,PEDALCYCLIST,NOT DIVIDED,STRAIGHT AND LEVEL,DRY,NO DEFECTS,,UNABLE TO DETERMINE,UNABLE TO DETERMINE,,NO INDICATION OF INJURY,7,8,41.8837728006,-87.679294752,2018,30,POINT (-87.679294752 41.8837728006),,,,,2018-08-20,False,27,Near West Side
1211,30,NO CONTROLS,NO CONTROLS,CLEAR,DAYLIGHT,PEDALCYCLIST,DIVIDED - W/MEDIAN (NOT RAISED),STRAIGHT AND LEVEL,DRY,NO DEFECTS,,FAILING TO YIELD RIGHT-OF-WAY,FAILING TO YIELD RIGHT-OF-WAY,,NONINCAPACITATING INJURY,9,8,42.0110940584,-87.6625627872,2018,30,POINT (-87.6625627872 42.0110940584),,,,,2018-08-20,False,0,Rogers Park
1212,30,NO CONTROLS,NO CONTROLS,CLEAR,DAYLIGHT,PEDALCYCLIST,NOT DIVIDED,STRAIGHT AND LEVEL,DRY,NO DEFECTS,,FAILING TO YIELD RIGHT-OF-WAY,NOT APPLICABLE,Y,NONINCAPACITATING INJURY,10,8,41.8374207505,-87.6461147915,2018,30,POINT (-87.6461147915 41.8374207505),,,,,2018-08-20,False,30,Lower West Side
1213,30,STOP SIGN/FLASHER,FUNCTIONING PROPERLY,CLOUDY/OVERCAST,DAYLIGHT,PEDALCYCLIST,ONE-WAY,STRAIGHT AND LEVEL,WET,NO DEFECTS,,DISREGARDING STOP SIGN,NOT APPLICABLE,,NONINCAPACITATING INJURY,14,8,41.9355881856,-87.708675182,2018,30,POINT (-87.708675182 41.9355881856),,,,,2018-08-20,False,20,Avondale
1214,25,STOP SIGN/FLASHER,UNKNOWN,CLOUDY/OVERCAST,DUSK,PEDALCYCLIST,ONE-WAY,STRAIGHT AND LEVEL,UNKNOWN,NO DEFECTS,Y,UNABLE TO DETERMINE,UNABLE TO DETERMINE,Y,NONINCAPACITATING INJURY,17,8,41.8625738311,-87.7273566605,2018,25,POINT (-87.7273566605 41.8625738311),,,,,2018-08-20,False,28,North Lawndale
1215,30,NO CONTROLS,NO CONTROLS,CLEAR,DAYLIGHT,PEDALCYCLIST,ONE-WAY,STRAIGHT AND LEVEL,DRY,NO DEFECTS,,FAILING TO YIELD RIGHT-OF-WAY,NOT APPLICABLE,,NONINCAPACITATING INJURY,11,8,41.8831000298,-87.6343782452,2018,30,POINT (-87.6343782452 41.8831000298),,,,,2018-08-21,False,31,Loop
1216,30,TRAFFIC SIGNAL,FUNCTIONING PROPERLY,CLEAR,DAYLIGHT,PEDALCYCLIST,NOT DIVIDED,STRAIGHT AND LEVEL,DRY,NO DEFECTS,Y,FAILING TO YIELD RIGHT-OF-WAY,IMPROPER OVERTAKING/PASSING,,NONINCAPACITATING INJURY,13,8,41.8579882639,-87.6238946604,2018,30,POINT (-87.6238946604 41.8579882639),,,,,2018-08-21,False,32,Near South Side
1217,30,TRAFFIC SIGNAL,FUNCTIONING PROPERLY,CLEAR,DAYLIGHT,PEDALCYCLIST,DIVIDED - W/MEDIAN (NOT RAISED),STRAIGHT AND LEVEL,DRY,NO DEFECTS,Y,IMPROPER TURNING/NO SIGNAL,NOT APPLICABLE,,NONINCAPACITATING INJURY,17,8,41.8672871622,-87.6452469415,2018,30,POINT (-87.6452469415 41.8672871622),,,,,2018-08-21,False,27,Near West Side
1218,30,NO CONTROLS,NO CONTROLS,CLEAR,DAYLIGHT,PEDALCYCLIST,NOT DIVIDED,STRAIGHT AND LEVEL,DRY,NO DEFECTS,,NOT APPLICABLE,NOT APPLICABLE,,NONINCAPACITATING INJURY,17,8,41.9315732915,-87.6491188506,2018,30,POINT (-87.6491188506 41.9315732915),,,,,2018-08-21,False,6,Lincoln Park
1219,30,NO CONTROLS,NO CONTROLS,CLEAR,"DARKNESS, LIGHTED ROAD",PEDALCYCLIST,ALLEY,STRAIGHT AND LEVEL,DRY,NO DEFECTS,,UNABLE TO DETERMINE,UNABLE TO DETERMINE,,"REPORTED, NOT EVIDENT",19,8,41.9865551927,-87.7120768189,2018,30,POINT (-87.7120768189 41.9865551927),,,,,2018-08-21,False,12,North Park
1220,30,UNKNOWN,UNKNOWN,RAIN,"DARKNESS, LIGHTED ROAD",PEDALCYCLIST,NOT DIVIDED,STRAIGHT AND LEVEL,WET,NO DEFECTS,,DRIVING SKILLS/KNOWLEDGE/EXPERIENCE,NOT APPLICABLE,,NO INDICATION OF INJURY,19,8,41.8134169436,-87.6406684921,2018,30,POINT (-87.6406684921 41.8134169436),,,,,2018-08-21,False,60,New City
1221,30,TRAFFIC SIGNAL,FUNCTIONING PROPERLY,CLEAR,"DARKNESS, LIGHTED ROAD",PEDALCYCLIST,NOT DIVIDED,STRAIGHT AND LEVEL,DRY,NO DEFECTS,Y,DISREGARDING TRAFFIC SIGNALS,UNABLE TO DETERMINE,,NONINCAPACITATING INJURY,22,8,41.9181208112,-87.7656258629,2018,30,POINT (-87.7656258629 41.9181208112),,,,,2018-08-21,False,18,Belmont Cragin
1222,30,NO CONTROLS,NO CONTROLS,CLEAR,"DARKNESS, LIGHTED ROAD",PEDALCYCLIST,NOT DIVIDED,STRAIGHT AND LEVEL,DRY,NO DEFECTS,,UNABLE TO DETERMINE,NOT APPLICABLE,,NO INDICATION OF INJURY,23,8,41.8935119068,-87.7166861172,2018,30,POINT (-87.7166861172 41.8935119068),,,,,2018-08-21,False,22,Humboldt Park
1223,30,NO CONTROLS,NO CONTROLS,CLEAR,DAYLIGHT,PEDALCYCLIST,NOT DIVIDED,STRAIGHT AND LEVEL,DRY,NO DEFECTS,,UNABLE TO DETERMINE,FAILING TO YIELD RIGHT-OF-WAY,Y,INCAPACITATING INJURY,9,8,41.8892598891,-87.6353499064,2018,30,POINT (-87.6353499064 41.8892598891),,,,,2018-08-22,True,7,Near North Side
1224,30,NO CONTROLS,NO CONTROLS,CLEAR,DAYLIGHT,PEDALCYCLIST,NOT DIVIDED,STRAIGHT AND LEVEL,DRY,NO DEFECTS,,FAILING TO YIELD RIGHT-OF-WAY,NOT APPLICABLE,,NONINCAPACITATING INJURY,11,8,41.7730378212,-87.6050363867,2018,30,POINT (-87.6050363867 41.7730378212),,,,,2018-08-22,False,41,Woodlawn
1225,30,NO CONTROLS,NO CONTROLS,CLEAR,DAYLIGHT,PEDALCYCLIST,NOT DIVIDED,STRAIGHT AND LEVEL,UNKNOWN,UNKNOWN,,UNABLE TO DETERMINE,UNABLE TO DETERMINE,,NO INDICATION OF INJURY,12,8,41.9488393057,-87.6603685652,2018,30,POINT (-87.6603685652 41.9488393057),,,,,2018-08-22,False,5,Lake View
1226,30,NO CONTROLS,NO CONTROLS,CLEAR,DAYLIGHT,PEDALCYCLIST,NOT DIVIDED,STRAIGHT ON GRADE,DRY,NO DEFECTS,,IMPROPER TURNING/NO SIGNAL,UNABLE TO DETERMINE,,NO INDICATION OF INJURY,12,8,41.8820099898,-87.725418137,2018,30,POINT (-87.725418137 41.8820099898),,,,,2018-08-22,False,25,Garfield Park
1227,20,STOP SIGN/FLASHER,FUNCTIONING PROPERLY,CLEAR,DAYLIGHT,PEDALCYCLIST,NOT DIVIDED,STRAIGHT AND LEVEL,DRY,NO DEFECTS,Y,FAILING TO YIELD RIGHT-OF-WAY,DRIVING SKILLS/KNOWLEDGE/EXPERIENCE,,NO INDICATION OF INJURY,12,8,41.96473566,-87.6901559341,2018,20,POINT (-87.6901559341 41.96473566),,,,,2018-08-22,False,3,Lincoln Square
1228,30,NO CONTROLS,NO CONTROLS,CLEAR,DAYLIGHT,PEDALCYCLIST,NOT DIVIDED,STRAIGHT AND LEVEL,DRY,NO DEFECTS,,UNABLE TO DETERMINE,UNABLE TO DETERMINE,Y,NONINCAPACITATING INJURY,13,8,41.9488393057,-87.6603685652,2018,30,POINT (-87.6603685652 41.9488393057),,,,,2018-08-22,False,5,Lake View
1229,30,TRAFFIC SIGNAL,FUNCTIONING PROPERLY,CLEAR,DAYLIGHT,PEDALCYCLIST,NOT DIVIDED,STRAIGHT AND LEVEL,DRY,NO DEFECTS,Y,UNABLE TO DETERMINE,UNABLE TO DETERMINE,,NO INDICATION OF INJURY,14,8,41.8947160043,-87.631716142,2018,30,POINT (-87.631716142 41.8947160043),,,,,2018-08-22,False,7,Near North Side
1230,30,STOP SIGN/FLASHER,FUNCTIONING PROPERLY,CLEAR,DAYLIGHT,PEDALCYCLIST,ONE-WAY,STRAIGHT AND LEVEL,DRY,SHOULDER DEFECT,Y,FAILING TO YIELD RIGHT-OF-WAY,NOT APPLICABLE,,NONINCAPACITATING INJURY,15,8,41.7780206751,-87.7679776207,2018,30,POINT (-87.7679776207 41.7780206751),,,,,2018-08-22,False,63,Clearing