Unnamed: 0,POSTED_SPEED_LIMIT,TRAFFIC_CONTROL_DEVICE,DEVICE_CONDITION,WEATHER_CONDITION,LIGHTING_CONDITION,FIRST_CRASH_TYPE,TRAFFICWAY_TYPE,ALIGNMENT,ROADWAY_SURFACE_COND,ROAD_DEFECT,INTERSECTION_RELATED_I,PRIM_CONTRIBUTORY_CAUSE,SEC_CONTRIBUTORY_CAUSE,DOORING_I,MOST_SEVERE_INJURY,CRASH_HOUR,CRASH_MONTH,LATITUDE,LONGITUDE,CRASH_YEAR,SPEED_LIMIT,geometry,DISPLAYROU,the_geom,DIST,LANE_TYPE,CRASH_DATE,is_severe,index_right,CArea
1231,30,TRAFFIC SIGNAL,UNKNOWN,CLEAR,DAYLIGHT,PEDALCYCLIST,DIVIDED - W/MEDIAN (NOT RAISED),STRAIGHT AND LEVEL,DRY,NO DEFECTS,Y,FAILING TO YIELD RIGHT-OF-WAY,NOT APPLICABLE,,NONINCAPACITATING INJURY,15,8,41.9287882438,-87.697672173,2018,30,POINT (-87.697672173 41.9287882438),,,,,2018-08-22,False,21,Logan Square
1232,35,TRAFFIC SIGNAL,FUNCTIONING PROPERLY,CLEAR,DAYLIGHT,PEDALCYCLIST,CENTER TURN LANE,STRAIGHT AND LEVEL,DRY,NO DEFECTS,Y,UNABLE TO DETERMINE,UNABLE TO DETERMINE,,NONINCAPACITATING INJURY,16,8,41.8130809244,-87.6067922143,2018,35,POINT (-87.6067922143 41.8130809244),,,,,2018-08-22,False,37,Grand Boulevard
1233,35,STOP SIGN/FLASHER,NO CONTROLS,CLEAR,DAYLIGHT,PEDALCYCLIST,NOT DIVIDED,STRAIGHT AND LEVEL,DRY,NO DEFECTS,,UNABLE TO DETERMINE,NOT APPLICABLE,Y,NO INDICATION OF INJURY,17,8,41.8906843024,-87.6393952834,2018,35,POINT (-87.6393952834 41.8906843024),,,,,2018-08-22,False,7,Near North Side
1234,25,NO CONTROLS,NO CONTROLS,CLEAR,DAYLIGHT,PEDALCYCLIST,NOT DIVIDED,STRAIGHT AND LEVEL,UNKNOWN,UNKNOWN,,UNABLE TO DETERMINE,UNABLE TO DETERMINE,Y,NONINCAPACITATING INJURY,17,8,41.9645234282,-87.6857047573,2018,25,POINT (-87.6857047573 41.9645234282),,,,,2018-08-22,False,3,Lincoln Square
1235,30,NO CONTROLS,NO CONTROLS,CLEAR,DAYLIGHT,PEDALCYCLIST,DIVIDED - W/MEDIAN (NOT RAISED),STRAIGHT AND LEVEL,DRY,NO DEFECTS,,UNABLE TO DETERMINE,NOT APPLICABLE,,NO INDICATION OF INJURY,17,8,41.9278710082,-87.7052163741,2018,30,POINT (-87.7052163741 41.9278710082),,,,,2018-08-22,False,21,Logan Square
1236,30,TRAFFIC SIGNAL,FUNCTIONING PROPERLY,CLEAR,DAYLIGHT,PEDALCYCLIST,DIVIDED - W/MEDIAN (NOT RAISED),STRAIGHT AND LEVEL,DRY,NO DEFECTS,Y,FAILING TO YIELD RIGHT-OF-WAY,FAILING TO REDUCE SPEED TO AVOID CRASH,,"REPORTED, NOT EVIDENT",18,8,41.9034746987,-87.666441178,2018,30,POINT (-87.666441178 41.9034746987),,,,,2018-08-22,False,23,West Town
1237,30,TRAFFIC SIGNAL,FUNCTIONING IMPROPERLY,CLEAR,DAYLIGHT,PEDALCYCLIST,DIVIDED - W/MEDIAN (NOT RAISED),STRAIGHT AND LEVEL,DRY,NO DEFECTS,Y,FAILING TO YIELD RIGHT-OF-WAY,NOT APPLICABLE,,NONINCAPACITATING INJURY,18,8,41.8933306534,-87.6475271673,2018,30,POINT (-87.6475271673 41.8933306534),,,,,2018-08-22,False,7,Near North Side
1238,30,TRAFFIC SIGNAL,FUNCTIONING PROPERLY,CLEAR,DAYLIGHT,PEDALCYCLIST,NOT DIVIDED,STRAIGHT AND LEVEL,DRY,UNKNOWN,,FAILING TO YIELD RIGHT-OF-WAY,FAILING TO YIELD RIGHT-OF-WAY,,NO INDICATION OF INJURY,19,8,41.9471611571,-87.6638707022,2018,30,POINT (-87.6638707022 41.9471611571),,,,,2018-08-22,False,5,Lake View
1239,30,TRAFFIC SIGNAL,FUNCTIONING PROPERLY,CLEAR,DUSK,PEDALCYCLIST,NOT DIVIDED,STRAIGHT AND LEVEL,DRY,UNKNOWN,,FAILING TO YIELD RIGHT-OF-WAY,NOT APPLICABLE,,NONINCAPACITATING INJURY,19,8,41.9163950704,-87.7951653252,2018,30,POINT (-87.7951653252 41.9163950704),,,,,2018-08-22,False,24,Austin
1240,35,NO CONTROLS,NO CONTROLS,CLEAR,DUSK,PEDALCYCLIST,DIVIDED - W/MEDIAN (NOT RAISED),STRAIGHT AND LEVEL,DRY,NO DEFECTS,Y,FOLLOWING TOO CLOSELY,NOT APPLICABLE,,NONINCAPACITATING INJURY,19,8,41.7573805171,-87.7414852913,2018,35,POINT (-87.7414852913 41.7573805171),,,,,2018-08-22,False,64,West Lawn
1241,30,NO CONTROLS,NO CONTROLS,CLEAR,"DARKNESS, LIGHTED ROAD",PEDALCYCLIST,NOT DIVIDED,STRAIGHT AND LEVEL,DRY,NO DEFECTS,,"OPERATING VEHICLE IN ERRATIC, RECKLESS, CARELESS, NEGLIGENT OR AGGRESSIVE MANNER",FAILING TO YIELD RIGHT-OF-WAY,,INCAPACITATING INJURY,21,8,41.7792447728,-87.6921185432,2018,30,POINT (-87.6921185432 41.7792447728),,,,,2018-08-22,True,65,Chicago Lawn
1242,30,NO CONTROLS,NO CONTROLS,CLEAR,"DARKNESS, LIGHTED ROAD",PEDALCYCLIST,DIVIDED - W/MEDIAN BARRIER,STRAIGHT AND LEVEL,DRY,NO DEFECTS,,UNABLE TO DETERMINE,NOT APPLICABLE,,FATAL,2,8,41.9023633627,-87.7384742027,2018,30,POINT (-87.7384742027 41.9023633627),,,,,2018-08-23,True,22,Humboldt Park
1243,30,TRAFFIC SIGNAL,FUNCTIONING PROPERLY,CLEAR,"DARKNESS, LIGHTED ROAD",PEDALCYCLIST,DIVIDED - W/MEDIAN (NOT RAISED),STRAIGHT AND LEVEL,DRY,NO DEFECTS,Y,UNABLE TO DETERMINE,UNABLE TO DETERMINE,,NO INDICATION OF INJURY,6,8,41.8236981888,-87.7242132602,2018,30,POINT (-87.7242132602 41.8236981888),,,,,2018-08-23,False,29,South Lawndale
1244,20,TRAFFIC SIGNAL,FUNCTIONING PROPERLY,CLEAR,DAYLIGHT,PEDALCYCLIST,DIVIDED - W/MEDIAN BARRIER,STRAIGHT AND LEVEL,DRY,NO DEFECTS,,UNABLE TO DETERMINE,NOT APPLICABLE,,INCAPACITATING INJURY,8,8,41.861169638,-87.6958293405,2018,20,POINT (-87.6958293405 41.861169638),,,,,2018-08-23,True,28,North Lawndale
1245,30,TRAFFIC SIGNAL,FUNCTIONING PROPERLY,CLEAR,DAYLIGHT,PEDALCYCLIST,ONE-WAY,STRAIGHT AND LEVEL,DRY,NO DEFECTS,Y,DISREGARDING TRAFFIC SIGNALS,NOT APPLICABLE,,"REPORTED, NOT EVIDENT",12,8,41.8918002877,-87.6142077634,2018,30,POINT (-87.6142077634 41.8918002877),,,,,2018-08-23,False,7,Near North Side
1246,30,NO CONTROLS,NO CONTROLS,CLEAR,DAYLIGHT,PEDALCYCLIST,NOT DIVIDED,STRAIGHT AND LEVEL,DRY,NO DEFECTS,,FAILING TO YIELD RIGHT-OF-WAY,NOT APPLICABLE,,NO INDICATION OF INJURY,12,8,41.8873292754,-87.6633056901,2018,30,POINT (-87.6633056901 41.8873292754),,,,,2018-08-23,False,27,Near West Side
1247,30,NO CONTROLS,UNKNOWN,CLEAR,DAYLIGHT,PEDALCYCLIST,DIVIDED - W/MEDIAN (NOT RAISED),STRAIGHT AND LEVEL,DRY,UNKNOWN,,IMPROPER BACKING,UNABLE TO DETERMINE,,NO INDICATION OF INJURY,12,8,41.969141112,-87.6593689477,2018,30,POINT (-87.6593689477 41.969141112),,,,,2018-08-23,False,2,Uptown
1248,30,NO CONTROLS,NO CONTROLS,CLEAR,DAYLIGHT,PEDALCYCLIST,ALLEY,STRAIGHT AND LEVEL,DRY,NO DEFECTS,,UNABLE TO DETERMINE,FAILING TO REDUCE SPEED TO AVOID CRASH,,NO INDICATION OF INJURY,14,8,41.9977513743,-87.6860806158,2018,30,POINT (-87.6860806158 41.9977513743),,,,,2018-08-23,False,1,West Ridge
1249,10,NO CONTROLS,NO CONTROLS,CLEAR,DAYLIGHT,PEDALCYCLIST,ALLEY,STRAIGHT AND LEVEL,DRY,NO DEFECTS,,FAILING TO YIELD RIGHT-OF-WAY,UNABLE TO DETERMINE,,"REPORTED, NOT EVIDENT",15,8,41.9534814211,-87.7793845412,2018,10,POINT (-87.7793845412 41.9534814211),,,,,2018-08-23,False,14,Portage Park
1250,30,TRAFFIC SIGNAL,FUNCTIONING PROPERLY,CLEAR,DAYLIGHT,PEDALCYCLIST,NOT DIVIDED,STRAIGHT AND LEVEL,DRY,NO DEFECTS,Y,UNABLE TO DETERMINE,NOT APPLICABLE,,NO INDICATION OF INJURY,16,8,41.8866948797,-87.644201917,2018,30,POINT (-87.644201917 41.8866948797),,,,,2018-08-23,False,7,Near North Side
1251,30,NO CONTROLS,NO CONTROLS,CLEAR,DAYLIGHT,PEDALCYCLIST,NOT DIVIDED,STRAIGHT AND LEVEL,DRY,NO DEFECTS,,UNABLE TO DETERMINE,UNABLE TO DETERMINE,Y,"REPORTED, NOT EVIDENT",17,8,41.8577127294,-87.6646160919,2018,30,POINT (-87.6646160919 41.8577127294),,,,,2018-08-23,False,27,Near West Side
1252,30,STOP SIGN/FLASHER,FUNCTIONING PROPERLY,CLEAR,DAYLIGHT,PEDALCYCLIST,NOT DIVIDED,STRAIGHT AND LEVEL,DRY,NO DEFECTS,,FAILING TO YIELD RIGHT-OF-WAY,NOT APPLICABLE,,NO INDICATION OF INJURY,17,8,41.9579739597,-87.6982162544,2018,30,POINT (-87.6982162544 41.9579739597),,,,,2018-08-23,False,15,Irving Park
1253,30,NO CONTROLS,NO CONTROLS,CLEAR,DAYLIGHT,PEDALCYCLIST,ONE-WAY,STRAIGHT AND LEVEL,DRY,NO DEFECTS,,DISTRACTION - FROM OUTSIDE VEHICLE,UNABLE TO DETERMINE,,NO INDICATION OF INJURY,17,8,41.7580191952,-87.6128104521,2018,30,POINT (-87.6128104521 41.7580191952),,,,,2018-08-23,False,68,Grand Crossing
1254,30,TRAFFIC SIGNAL,FUNCTIONING PROPERLY,CLEAR,DAYLIGHT,PEDALCYCLIST,NOT DIVIDED,STRAIGHT AND LEVEL,DRY,NO DEFECTS,Y,DISREGARDING TRAFFIC SIGNALS,NOT APPLICABLE,,NONINCAPACITATING INJURY,17,8,41.9062539404,-87.7262629346,2018,30,POINT (-87.7262629346 41.9062539404),,,,,2018-08-23,False,22,Humboldt Park
1255,30,NO CONTROLS,NO CONTROLS,CLEAR,DAYLIGHT,PEDALCYCLIST,NOT DIVIDED,STRAIGHT AND LEVEL,DRY,NO DEFECTS,,UNABLE TO DETERMINE,UNABLE TO DETERMINE,Y,NONINCAPACITATING INJURY,18,8,41.9099261116,-87.6765343566,2018,30,POINT (-87.6765343566 41.9099261116),,,,,2018-08-23,False,23,West Town
1256,30,STOP SIGN/FLASHER,FUNCTIONING PROPERLY,CLEAR,DAYLIGHT,PEDALCYCLIST,DIVIDED - W/MEDIAN BARRIER,STRAIGHT AND LEVEL,DRY,NO DEFECTS,Y,UNABLE TO DETERMINE,UNABLE TO DETERMINE,,NONINCAPACITATING INJURY,18,8,41.9388236399,-87.7405565169,2018,30,POINT (-87.7405565169 41.9388236399),,,,,2018-08-23,False,19,Hermosa
1257,30,TRAFFIC SIGNAL,FUNCTIONING PROPERLY,CLEAR,DAYLIGHT,PEDALCYCLIST,DIVIDED - W/MEDIAN (NOT RAISED),STRAIGHT AND LEVEL,DRY,NO DEFECTS,,BICYCLE ADVANCING LEGALLY ON RED LIGHT,NOT APPLICABLE,,NO INDICATION OF INJURY,9,8,41.7588946702,-87.5665178399,2018,30,POINT (-87.5665178399 41.7588946702),,,,,2018-08-24,False,42,South Shore
1258,25,UNKNOWN,UNKNOWN,UNKNOWN,UNKNOWN,PEDALCYCLIST,NOT DIVIDED,STRAIGHT AND LEVEL,UNKNOWN,UNKNOWN,,DRIVING SKILLS/KNOWLEDGE/EXPERIENCE,UNABLE TO DETERMINE,N,NO INDICATION OF INJURY,12,8,41.9155036761,-87.725431673,2018,25,POINT (-87.725431673 41.9155036761),,,,,2018-08-24,False,19,Hermosa
1259,30,TRAFFIC SIGNAL,FUNCTIONING PROPERLY,CLEAR,DAYLIGHT,PEDALCYCLIST,ONE-WAY,STRAIGHT AND LEVEL,DRY,NO DEFECTS,Y,DISREGARDING TRAFFIC SIGNALS,FAILING TO YIELD RIGHT-OF-WAY,,NO INDICATION OF INJURY,18,8,41.8832503161,-87.6295808259,2018,30,POINT (-87.6295808259 41.8832503161),,,,,2018-08-24,False,31,Loop
1260,20,STOP SIGN/FLASHER,FUNCTIONING PROPERLY,CLEAR,DUSK,PEDALCYCLIST,OTHER,STRAIGHT AND LEVEL,DRY,NO DEFECTS,Y,FAILING TO YIELD RIGHT-OF-WAY,DISREGARDING STOP SIGN,,NONINCAPACITATING INJURY,18,8,41.9778537409,-87.6868817187,2018,20,POINT (-87.6868817187 41.9778537409),,,,,2018-08-24,False,3,Lincoln Square
1261,30,NO CONTROLS,NO CONTROLS,CLEAR,"DARKNESS, LIGHTED ROAD",PEDALCYCLIST,NOT DIVIDED,STRAIGHT AND LEVEL,DRY,NO DEFECTS,,UNABLE TO DETERMINE,NOT APPLICABLE,,NONINCAPACITATING INJURY,19,8,41.9456894749,-87.7349060273,2018,30,POINT (-87.7349060273 41.9456894749),,,,,2018-08-24,False,15,Irving Park
1262,20,NO CONTROLS,NO CONTROLS,CLEAR,DAYLIGHT,PEDALCYCLIST,ONE-WAY,STRAIGHT AND LEVEL,DRY,"RUT, HOLES",,UNABLE TO DETERMINE,UNABLE TO DETERMINE,,NONINCAPACITATING INJURY,9,8,41.8949721032,-87.659587625,2018,20,POINT (-87.659587625 41.8949721032),,,,,2018-08-25,False,23,West Town
1263,30,UNKNOWN,UNKNOWN,CLEAR,DAYLIGHT,PEDALCYCLIST,ONE-WAY,STRAIGHT AND LEVEL,DRY,NO DEFECTS,,UNABLE TO DETERMINE,NOT APPLICABLE,,NO INDICATION OF INJURY,9,8,41.8733243417,-87.6290217044,2018,30,POINT (-87.6290217044 41.8733243417),,,,,2018-08-25,False,31,Loop
1264,15,NO CONTROLS,NO CONTROLS,CLEAR,DAYLIGHT,PEDALCYCLIST,ALLEY,STRAIGHT AND LEVEL,DRY,NO DEFECTS,,EXCEEDING AUTHORIZED SPEED LIMIT,FAILING TO YIELD RIGHT-OF-WAY,,INCAPACITATING INJURY,15,8,41.8854566317,-87.7098112688,2018,15,POINT (-87.7098112688 41.8854566317),,,,,2018-08-25,True,26,Garfield Park
1265,20,STOP SIGN/FLASHER,FUNCTIONING PROPERLY,CLEAR,DAYLIGHT,PEDALCYCLIST,NOT DIVIDED,STRAIGHT AND LEVEL,DRY,NO DEFECTS,Y,DISREGARDING STOP SIGN,FAILING TO YIELD RIGHT-OF-WAY,,NONINCAPACITATING INJURY,17,8,41.9941317339,-87.6958054614,2018,20,POINT (-87.6958054614 41.9941317339),,,,,2018-08-25,False,1,West Ridge
1266,30,NO CONTROLS,NO CONTROLS,CLEAR,DAYLIGHT,PEDALCYCLIST,NOT DIVIDED,STRAIGHT AND LEVEL,DRY,NO DEFECTS,,UNABLE TO DETERMINE,NOT APPLICABLE,,NO INDICATION OF INJURY,17,8,41.9048061034,-87.6288556928,2018,30,POINT (-87.6288556928 41.9048061034),,,,,2018-08-25,False,7,Near North Side
1267,30,STOP SIGN/FLASHER,FUNCTIONING PROPERLY,CLEAR,DAYLIGHT,PEDALCYCLIST,NOT DIVIDED,STRAIGHT AND LEVEL,DRY,NO DEFECTS,Y,DRIVING ON WRONG SIDE/WRONG WAY,NOT APPLICABLE,,NONINCAPACITATING INJURY,18,8,41.8453231666,-87.6429599504,2018,30,POINT (-87.6429599504 41.8453231666),,,,,2018-08-25,False,30,Lower West Side
1268,30,NO CONTROLS,UNKNOWN,CLEAR,"DARKNESS, LIGHTED ROAD",PEDALCYCLIST,NOT DIVIDED,STRAIGHT AND LEVEL,UNKNOWN,UNKNOWN,,UNABLE TO DETERMINE,NOT APPLICABLE,Y,NONINCAPACITATING INJURY,23,8,41.9501684942,-87.6590786209,2018,30,POINT (-87.6590786209 41.9501684942),,,,,2018-08-25,False,5,Lake View
1269,30,TRAFFIC SIGNAL,FUNCTIONING PROPERLY,CLEAR,DAYLIGHT,PEDALCYCLIST,NOT DIVIDED,STRAIGHT AND LEVEL,DRY,NO DEFECTS,Y,FAILING TO YIELD RIGHT-OF-WAY,NOT APPLICABLE,,NO INDICATION OF INJURY,8,8,41.7137713241,-87.6690758408,2018,30,POINT (-87.6690758408 41.7137713241),,,,,2018-08-26,False,71,Beverly
1270,35,NO CONTROLS,NO CONTROLS,CLEAR,DAYLIGHT,PEDALCYCLIST,NOT DIVIDED,STRAIGHT AND LEVEL,DRY,NO DEFECTS,,BICYCLE ADVANCING LEGALLY ON RED LIGHT,NOT APPLICABLE,,NO INDICATION OF INJURY,14,8,41.8092371636,-87.6318670982,2018,35,POINT (-87.6318670982 41.8092371636),,,,,2018-08-26,False,36,Fuller Park
1271,30,NO CONTROLS,NO CONTROLS,CLEAR,DAYLIGHT,PEDALCYCLIST,NOT DIVIDED,STRAIGHT AND LEVEL,DRY,NO DEFECTS,,NOT APPLICABLE,NOT APPLICABLE,,NO INDICATION OF INJURY,15,8,41.7339830234,-87.6544396801,2018,30,POINT (-87.6544396801 41.7339830234),,,,,2018-08-26,False,70,Auburn Gresham
1272,30,NO CONTROLS,NO CONTROLS,CLEAR,DAYLIGHT,PEDALCYCLIST,NOT DIVIDED,STRAIGHT AND LEVEL,DRY,NO DEFECTS,Y,UNABLE TO DETERMINE,NOT APPLICABLE,,NONINCAPACITATING INJURY,18,8,41.9464036793,-87.7336742685,2018,30,POINT (-87.7336742685 41.9464036793),,,,,2018-08-26,False,15,Irving Park
1273,35,NO CONTROLS,NO CONTROLS,CLEAR,"DARKNESS, LIGHTED ROAD",PEDALCYCLIST,OTHER,STRAIGHT AND LEVEL,DRY,NO DEFECTS,,FAILING TO REDUCE SPEED TO AVOID CRASH,NOT APPLICABLE,,NO INDICATION OF INJURY,22,8,41.7589927618,-87.5603778108,2018,35,POINT (-87.5603778108 41.7589927618),,,,,2018-08-26,False,42,South Shore
1274,0,TRAFFIC SIGNAL,FUNCTIONING PROPERLY,CLEAR,UNKNOWN,PEDALCYCLIST,DIVIDED - W/MEDIAN (NOT RAISED),STRAIGHT AND LEVEL,DRY,NO DEFECTS,Y,UNABLE TO DETERMINE,UNABLE TO DETERMINE,,NONINCAPACITATING INJURY,6,8,41.7919007434,-87.5837244285,2018,0,POINT (-87.5837244285 41.7919007434),,,,,2018-08-27,False,40,Hyde Park
1275,30,TRAFFIC SIGNAL,FUNCTIONING PROPERLY,CLEAR,DAYLIGHT,PEDALCYCLIST,DIVIDED - W/MEDIAN (NOT RAISED),STRAIGHT AND LEVEL,DRY,NO DEFECTS,Y,IMPROPER LANE USAGE,UNABLE TO DETERMINE,,NONINCAPACITATING INJURY,6,8,41.9024605494,-87.7461029029,2018,30,POINT (-87.7461029029 41.9024605494),,,,,2018-08-27,False,24,Austin
1276,20,NO CONTROLS,NO CONTROLS,CLEAR,DAYLIGHT,PEDALCYCLIST,NOT DIVIDED,STRAIGHT AND LEVEL,DRY,NO DEFECTS,,FAILING TO YIELD RIGHT-OF-WAY,FAILING TO YIELD RIGHT-OF-WAY,Y,NO INDICATION OF INJURY,7,8,41.8365726036,-87.6351320937,2018,20,POINT (-87.6351320937 41.8365726036),,,,,2018-08-27,False,33,Armour Square
1277,30,TRAFFIC SIGNAL,FUNCTIONING PROPERLY,CLEAR,DAYLIGHT,PEDALCYCLIST,DIVIDED - W/MEDIAN (NOT RAISED),STRAIGHT AND LEVEL,DRY,NO DEFECTS,Y,"OPERATING VEHICLE IN ERRATIC, RECKLESS, CARELESS, NEGLIGENT OR AGGRESSIVE MANNER",NOT APPLICABLE,,NONINCAPACITATING INJURY,8,8,41.9687980801,-87.667631111,2018,30,POINT (-87.667631111 41.9687980801),,,,,2018-08-27,False,2,Uptown
1278,30,TRAFFIC SIGNAL,FUNCTIONING PROPERLY,CLEAR,DAYLIGHT,PEDALCYCLIST,NOT DIVIDED,STRAIGHT AND LEVEL,DRY,NO DEFECTS,Y,FAILING TO YIELD RIGHT-OF-WAY,FAILING TO YIELD RIGHT-OF-WAY,,NONINCAPACITATING INJURY,14,8,41.9321045791,-87.7121232375,2018,30,POINT (-87.7121232375 41.9321045791),,,,,2018-08-27,False,20,Avondale
1279,35,NO CONTROLS,NO CONTROLS,CLEAR,DAYLIGHT,PEDALCYCLIST,NOT DIVIDED,STRAIGHT AND LEVEL,DRY,NO DEFECTS,,FOLLOWING TOO CLOSELY,NOT APPLICABLE,,NONINCAPACITATING INJURY,14,8,41.9106544181,-87.6590898128,2018,35,POINT (-87.6590898128 41.9106544181),,,,,2018-08-27,False,7,Near North Side
1280,35,NO CONTROLS,NO CONTROLS,CLEAR,DUSK,PEDALCYCLIST,DIVIDED - W/MEDIAN (NOT RAISED),STRAIGHT AND LEVEL,DRY,NO DEFECTS,,IMPROPER OVERTAKING/PASSING,DRIVING SKILLS/KNOWLEDGE/EXPERIENCE,,INCAPACITATING INJURY,18,8,41.9101156683,-87.7156930426,2018,35,POINT (-87.7156930426 41.9101156683),,,,,2018-08-27,True,22,Humboldt Park
1281,25,NO CONTROLS,NO CONTROLS,CLEAR,"DARKNESS, LIGHTED ROAD",PEDALCYCLIST,NOT DIVIDED,STRAIGHT AND LEVEL,DRY,NO DEFECTS,,UNABLE TO DETERMINE,NOT APPLICABLE,Y,NO INDICATION OF INJURY,20,8,41.9384119717,-87.644491804,2018,25,POINT (-87.644491804 41.9384119717),,,,,2018-08-27,False,5,Lake View
1282,30,STOP SIGN/FLASHER,FUNCTIONING PROPERLY,CLEAR,DAYLIGHT,PEDALCYCLIST,NOT DIVIDED,STRAIGHT AND LEVEL,DRY,NO DEFECTS,Y,UNABLE TO DETERMINE,NOT APPLICABLE,,NONINCAPACITATING INJURY,7,8,41.695383895,-87.5354289756,2018,30,POINT (-87.5354289756 41.695383895),,,,,2018-08-28,False,51,East Side
1283,30,TRAFFIC SIGNAL,FUNCTIONING PROPERLY,CLEAR,DAYLIGHT,PEDALCYCLIST,NOT DIVIDED,STRAIGHT AND LEVEL,WET,NO DEFECTS,,DISREGARDING TRAFFIC SIGNALS,UNABLE TO DETERMINE,,NONINCAPACITATING INJURY,8,8,41.9316414204,-87.7467199106,2018,30,POINT (-87.7467199106 41.9316414204),,,,,2018-08-28,False,18,Belmont Cragin
1284,30,NO CONTROLS,NO CONTROLS,CLEAR,DAYLIGHT,PEDALCYCLIST,NOT DIVIDED,STRAIGHT AND LEVEL,DRY,NO DEFECTS,,UNABLE TO DETERMINE,NOT APPLICABLE,Y,NO INDICATION OF INJURY,15,8,41.9158362742,-87.6801875619,2018,30,POINT (-87.6801875619 41.9158362742),,,,,2018-08-28,False,6,Lincoln Park
1285,30,NO CONTROLS,NO CONTROLS,CLEAR,DUSK,PEDALCYCLIST,NOT DIVIDED,STRAIGHT AND LEVEL,DRY,NO DEFECTS,,NOT APPLICABLE,NOT APPLICABLE,,NO INDICATION OF INJURY,16,8,41.8989121089,-87.7261272988,2018,30,POINT (-87.7261272988 41.8989121089),,,,,2018-08-28,False,22,Humboldt Park
1286,30,NO CONTROLS,NO CONTROLS,CLEAR,DAYLIGHT,PEDALCYCLIST,RAMP,STRAIGHT AND LEVEL,DRY,NO DEFECTS,Y,UNABLE TO DETERMINE,UNABLE TO DETERMINE,,NONINCAPACITATING INJURY,16,8,41.8952195524,-87.7401032737,2018,30,POINT (-87.7401032737 41.8952195524),,,,,2018-08-28,False,22,Humboldt Park
1287,30,NO CONTROLS,NO CONTROLS,CLEAR,DAYLIGHT,PEDALCYCLIST,NOT DIVIDED,STRAIGHT AND LEVEL,DRY,NO DEFECTS,,UNABLE TO DETERMINE,UNABLE TO DETERMINE,Y,INCAPACITATING INJURY,16,8,41.9242608214,-87.6993317479,2018,30,POINT (-87.6993317479 41.9242608214),,,,,2018-08-28,True,21,Logan Square
1288,30,TRAFFIC SIGNAL,FUNCTIONING PROPERLY,RAIN,DAYLIGHT,PEDALCYCLIST,ONE-WAY,STRAIGHT AND LEVEL,WET,NO DEFECTS,,UNABLE TO DETERMINE,UNABLE TO DETERMINE,Y,NONINCAPACITATING INJURY,17,8,41.8845380426,-87.6441327462,2018,30,POINT (-87.6441327462 41.8845380426),,,,,2018-08-28,False,27,Near West Side
1289,30,NO CONTROLS,NO CONTROLS,RAIN,DAYLIGHT,PEDALCYCLIST,DIVIDED - W/MEDIAN (NOT RAISED),STRAIGHT AND LEVEL,WET,NO DEFECTS,Y,FAILING TO YIELD RIGHT-OF-WAY,NOT APPLICABLE,,NONINCAPACITATING INJURY,18,8,41.921795342,-87.6957819435,2018,30,POINT (-87.6957819435 41.921795342),,,,,2018-08-28,False,21,Logan Square
1290,35,NO CONTROLS,NO CONTROLS,OTHER,DUSK,PEDALCYCLIST,NOT DIVIDED,STRAIGHT AND LEVEL,WET,UNKNOWN,,DRIVING SKILLS/KNOWLEDGE/EXPERIENCE,"VISION OBSCURED (SIGNS, TREE LIMBS, BUILDINGS, ETC.)",N,NO INDICATION OF INJURY,18,8,41.9094175775,-87.6757394378,2018,35,POINT (-87.6757394378 41.9094175775),,,,,2018-08-28,False,23,West Town
1291,30,NO CONTROLS,NO CONTROLS,CLOUDY/OVERCAST,DUSK,PEDALCYCLIST,NOT DIVIDED,STRAIGHT AND LEVEL,UNKNOWN,UNKNOWN,,IMPROPER BACKING,DRIVING SKILLS/KNOWLEDGE/EXPERIENCE,,NONINCAPACITATING INJURY,19,8,41.8968250498,-87.6340645492,2018,30,POINT (-87.6340645492 41.8968250498),,,,,2018-08-28,False,7,Near North Side
1292,30,STOP SIGN/FLASHER,FUNCTIONING PROPERLY,RAIN,"DARKNESS, LIGHTED ROAD",PEDALCYCLIST,NOT DIVIDED,STRAIGHT AND LEVEL,WET,NO DEFECTS,Y,FAILING TO REDUCE SPEED TO AVOID CRASH,DISREGARDING TRAFFIC SIGNALS,,INCAPACITATING INJURY,0,8,41.8001429036,-87.7232154388,2018,30,POINT (-87.7232154388 41.8001429036),,,,,2018-08-29,True,56,Archer Heights
1293,30,TRAFFIC SIGNAL,FUNCTIONING PROPERLY,CLEAR,DAYLIGHT,PEDALCYCLIST,NOT DIVIDED,STRAIGHT AND LEVEL,WET,NO DEFECTS,,UNABLE TO DETERMINE,UNABLE TO DETERMINE,,NONINCAPACITATING INJURY,8,8,41.8869601411,-87.6341128813,2018,30,POINT (-87.6341128813 41.8869601411),,,,,2018-08-29,False,7,Near North Side
1294,30,TRAFFIC SIGNAL,FUNCTIONING PROPERLY,RAIN,DAYLIGHT,PEDALCYCLIST,UNKNOWN,STRAIGHT AND LEVEL,WET,NO DEFECTS,,FAILING TO YIELD RIGHT-OF-WAY,IMPROPER TURNING/NO SIGNAL,,NO INDICATION OF INJURY,9,8,41.8832596888,-87.6440216257,2018,30,POINT (-87.6440216257 41.8832596888),,,,,2018-08-29,False,27,Near West Side