Unnamed: 0,POSTED_SPEED_LIMIT,TRAFFIC_CONTROL_DEVICE,DEVICE_CONDITION,WEATHER_CONDITION,LIGHTING_CONDITION,FIRST_CRASH_TYPE,TRAFFICWAY_TYPE,ALIGNMENT,ROADWAY_SURFACE_COND,ROAD_DEFECT,INTERSECTION_RELATED_I,PRIM_CONTRIBUTORY_CAUSE,SEC_CONTRIBUTORY_CAUSE,DOORING_I,MOST_SEVERE_INJURY,CRASH_HOUR,CRASH_MONTH,LATITUDE,LONGITUDE,CRASH_YEAR,SPEED_LIMIT,geometry,DISPLAYROU,the_geom,DIST,LANE_TYPE,CRASH_DATE,is_severe,index_right,CArea
1295,30,STOP SIGN/FLASHER,FUNCTIONING PROPERLY,CLEAR,DAYLIGHT,PEDALCYCLIST,NOT DIVIDED,STRAIGHT AND LEVEL,DRY,NO DEFECTS,Y,FAILING TO YIELD RIGHT-OF-WAY,NOT APPLICABLE,,NO INDICATION OF INJURY,18,8,41.9315417683,-87.7540862233,2018,30,POINT (-87.7540862233 41.9315417683),,,,,2018-08-29,False,18,Belmont Cragin
1296,20,NO CONTROLS,NO CONTROLS,CLEAR,DAYLIGHT,PEDALCYCLIST,ONE-WAY,STRAIGHT AND LEVEL,DRY,NO DEFECTS,,"EVASIVE ACTION DUE TO ANIMAL, OBJECT, NONMOTORIST",NOT APPLICABLE,,NO INDICATION OF INJURY,18,8,41.8175082955,-87.7020220404,2018,20,POINT (-87.7020220404 41.8175082955),,,,,2018-08-29,False,57,Brighton Park
1297,25,NO CONTROLS,NO CONTROLS,CLOUDY/OVERCAST,DARKNESS,PEDALCYCLIST,ONE-WAY,STRAIGHT AND LEVEL,DRY,NO DEFECTS,,UNABLE TO DETERMINE,UNABLE TO DETERMINE,,NONINCAPACITATING INJURY,20,8,41.9908212275,-87.6959078841,2018,25,POINT (-87.6959078841 41.9908212275),,,,,2018-08-29,False,1,West Ridge
1298,30,NO CONTROLS,NO CONTROLS,CLEAR,DAWN,PEDALCYCLIST,NOT DIVIDED,STRAIGHT AND LEVEL,DRY,NO DEFECTS,,UNABLE TO DETERMINE,UNABLE TO DETERMINE,,INCAPACITATING INJURY,6,8,41.9527655539,-87.7277366939,2018,30,POINT (-87.7277366939 41.9527655539),,,,,2018-08-30,True,15,Irving Park
1299,5,NO CONTROLS,NO CONTROLS,CLEAR,DAYLIGHT,PEDALCYCLIST,OTHER,STRAIGHT AND LEVEL,"SAND, MUD, DIRT",OTHER,,FAILING TO YIELD RIGHT-OF-WAY,NOT APPLICABLE,,NONINCAPACITATING INJURY,8,8,41.8673683718,-87.6239895865,2018,5,POINT (-87.6239895865 41.8673683718),,,,,2018-08-30,False,31,Loop
1300,30,NO CONTROLS,NO CONTROLS,CLEAR,DAYLIGHT,PEDALCYCLIST,DIVIDED - W/MEDIAN (NOT RAISED),STRAIGHT AND LEVEL,DRY,NO DEFECTS,,UNABLE TO DETERMINE,NOT APPLICABLE,,NONINCAPACITATING INJURY,11,8,41.9173715716,-87.6777547844,2018,30,POINT (-87.6777547844 41.9173715716),,,,,2018-08-30,False,6,Lincoln Park
1301,30,NO CONTROLS,NO CONTROLS,CLEAR,DAYLIGHT,PEDALCYCLIST,NOT DIVIDED,STRAIGHT AND LEVEL,DRY,NO DEFECTS,,IMPROPER LANE USAGE,FAILING TO YIELD RIGHT-OF-WAY,,NONINCAPACITATING INJURY,16,8,41.8966892744,-87.6197012536,2018,30,POINT (-87.6197012536 41.8966892744),,,,,2018-08-30,False,7,Near North Side
1302,20,NO CONTROLS,NO CONTROLS,CLEAR,DAYLIGHT,PEDALCYCLIST,NOT DIVIDED,STRAIGHT AND LEVEL,DRY,NO DEFECTS,,UNABLE TO DETERMINE,NOT APPLICABLE,,NO INDICATION OF INJURY,17,8,41.6991545514,-87.6713730225,2018,20,POINT (-87.6713730225 41.6991545514),,,,,2018-08-30,False,71,Beverly
1303,30,STOP SIGN/FLASHER,NO CONTROLS,CLEAR,DAYLIGHT,PEDALCYCLIST,DIVIDED - W/MEDIAN (NOT RAISED),STRAIGHT AND LEVEL,DRY,UNKNOWN,Y,DISREGARDING STOP SIGN,UNABLE TO DETERMINE,,NONINCAPACITATING INJURY,18,8,41.9487347052,-87.6784589578,2018,30,POINT (-87.6784589578 41.9487347052),,,,,2018-08-30,False,4,North Center
1304,30,NO CONTROLS,NO CONTROLS,CLEAR,DAYLIGHT,PEDALCYCLIST,DIVIDED - W/MEDIAN BARRIER,STRAIGHT AND LEVEL,DRY,NO DEFECTS,Y,"OPERATING VEHICLE IN ERRATIC, RECKLESS, CARELESS, NEGLIGENT OR AGGRESSIVE MANNER",NOT APPLICABLE,,NONINCAPACITATING INJURY,18,8,41.6795982945,-87.6421128085,2018,30,POINT (-87.6421128085 41.6795982945),,,,,2018-08-30,False,52,West Pullman
1305,30,NO CONTROLS,NO CONTROLS,CLEAR,DAYLIGHT,PEDALCYCLIST,DIVIDED - W/MEDIAN (NOT RAISED),STRAIGHT AND LEVEL,DRY,NO DEFECTS,N,UNABLE TO DETERMINE,NOT APPLICABLE,,NO INDICATION OF INJURY,19,8,41.9798825163,-87.6598180517,2018,30,POINT (-87.6598180517 41.9798825163),,,,,2018-08-30,False,76,Edgewater
1306,30,NO CONTROLS,NO CONTROLS,CLEAR,DUSK,PEDALCYCLIST,NOT DIVIDED,STRAIGHT AND LEVEL,DRY,NO DEFECTS,,DRIVING SKILLS/KNOWLEDGE/EXPERIENCE,NOT APPLICABLE,Y,NONINCAPACITATING INJURY,19,8,41.9098090811,-87.6768032289,2018,30,POINT (-87.6768032289 41.9098090811),,,,,2018-08-30,False,23,West Town
1307,30,TRAFFIC SIGNAL,FUNCTIONING PROPERLY,CLEAR,"DARKNESS, LIGHTED ROAD",PEDALCYCLIST,DIVIDED - W/MEDIAN (NOT RAISED),STRAIGHT AND LEVEL,DRY,NO DEFECTS,Y,FAILING TO YIELD RIGHT-OF-WAY,NOT APPLICABLE,,NONINCAPACITATING INJURY,22,8,41.9455876398,-87.796051711,2018,30,POINT (-87.796051711 41.9455876398),,,,,2018-08-30,False,16,Dunning
1308,30,TRAFFIC SIGNAL,FUNCTIONING IMPROPERLY,CLEAR,DAYLIGHT,PEDALCYCLIST,NOT DIVIDED,STRAIGHT AND LEVEL,DRY,NO DEFECTS,,FAILING TO REDUCE SPEED TO AVOID CRASH,"VISION OBSCURED (SIGNS, TREE LIMBS, BUILDINGS, ETC.)",,INCAPACITATING INJURY,7,8,41.8537713082,-87.6858844199,2018,30,POINT (-87.6858844199 41.8537713082),,,,,2018-08-31,True,30,Lower West Side
1309,20,NO CONTROLS,NO CONTROLS,CLEAR,DAYLIGHT,PEDALCYCLIST,ONE-WAY,STRAIGHT AND LEVEL,DRY,NO DEFECTS,,UNABLE TO DETERMINE,UNABLE TO DETERMINE,,NONINCAPACITATING INJURY,8,8,41.9891573424,-87.6583334216,2018,20,POINT (-87.6583334216 41.9891573424),,,,,2018-08-31,False,76,Edgewater
1310,30,NO CONTROLS,NO CONTROLS,CLEAR,"DARKNESS, LIGHTED ROAD",PEDALCYCLIST,DIVIDED - W/MEDIAN (NOT RAISED),STRAIGHT AND LEVEL,DRY,NO DEFECTS,,UNABLE TO DETERMINE,NOT APPLICABLE,,"REPORTED, NOT EVIDENT",9,8,41.8950360694,-87.7561223633,2018,30,POINT (-87.7561223633 41.8950360694),,,,,2018-08-31,False,24,Austin
1311,30,NO CONTROLS,NO CONTROLS,CLEAR,DAYLIGHT,PEDALCYCLIST,DIVIDED - W/MEDIAN (NOT RAISED),STRAIGHT AND LEVEL,DRY,NO DEFECTS,,FAILING TO REDUCE SPEED TO AVOID CRASH,IMPROPER LANE USAGE,,NONINCAPACITATING INJURY,11,8,41.8837645981,-87.6322753535,2018,30,POINT (-87.6322753535 41.8837645981),,,,,2018-08-31,False,31,Loop
1312,30,TRAFFIC SIGNAL,FUNCTIONING PROPERLY,CLEAR,DAYLIGHT,PEDALCYCLIST,NOT DIVIDED,STRAIGHT AND LEVEL,DRY,NO DEFECTS,,FAILING TO YIELD RIGHT-OF-WAY,NOT APPLICABLE,,NO INDICATION OF INJURY,11,8,41.8963891519,-87.654564143,2018,30,POINT (-87.654564143 41.8963891519),,,,,2018-08-31,False,7,Near North Side
1313,30,NO CONTROLS,NO CONTROLS,CLEAR,DAYLIGHT,PEDALCYCLIST,ONE-WAY,STRAIGHT AND LEVEL,DRY,NO DEFECTS,,IMPROPER OVERTAKING/PASSING,NOT APPLICABLE,Y,NONINCAPACITATING INJURY,11,8,41.8856382744,-87.6278586945,2018,30,POINT (-87.6278586945 41.8856382744),,,,,2018-08-31,False,31,Loop
1314,30,NO CONTROLS,NO CONTROLS,CLEAR,DAYLIGHT,PEDALCYCLIST,OTHER,STRAIGHT ON GRADE,DRY,NO DEFECTS,,UNABLE TO DETERMINE,UNABLE TO DETERMINE,,NONINCAPACITATING INJURY,12,8,41.6925597626,-87.6211936954,2018,30,POINT (-87.6211936954 41.6925597626),,,,,2018-08-31,False,48,Roseland
1315,35,NO CONTROLS,NO CONTROLS,CLEAR,DAYLIGHT,PEDALCYCLIST,NOT DIVIDED,STRAIGHT AND LEVEL,DRY,NO DEFECTS,,NOT APPLICABLE,NOT APPLICABLE,,NO INDICATION OF INJURY,13,8,41.9270513618,-87.6683594759,2018,35,POINT (-87.6683594759 41.9270513618),,,,,2018-08-31,False,6,Lincoln Park
1316,30,TRAFFIC SIGNAL,FUNCTIONING PROPERLY,CLEAR,DAYLIGHT,PEDALCYCLIST,NOT DIVIDED,STRAIGHT AND LEVEL,DRY,NO DEFECTS,Y,"OPERATING VEHICLE IN ERRATIC, RECKLESS, CARELESS, NEGLIGENT OR AGGRESSIVE MANNER",UNABLE TO DETERMINE,,"REPORTED, NOT EVIDENT",13,8,41.6925694103,-87.6181364855,2018,30,POINT (-87.6181364855 41.6925694103),,,,,2018-08-31,False,48,Roseland
1317,30,TRAFFIC SIGNAL,FUNCTIONING PROPERLY,CLEAR,DAYLIGHT,PEDALCYCLIST,OTHER,STRAIGHT AND LEVEL,DRY,NO DEFECTS,,IMPROPER BACKING,NOT APPLICABLE,,NO INDICATION OF INJURY,14,8,41.8578535022,-87.6558444396,2018,30,POINT (-87.6558444396 41.8578535022),,,,,2018-08-31,False,27,Near West Side
1318,0,TRAFFIC SIGNAL,FUNCTIONING PROPERLY,CLEAR,DAYLIGHT,PEDALCYCLIST,NOT DIVIDED,STRAIGHT AND LEVEL,DRY,NO DEFECTS,Y,UNABLE TO DETERMINE,NOT APPLICABLE,Y,NONINCAPACITATING INJURY,16,8,41.9274444114,-87.6513431298,2018,0,POINT (-87.6513431298 41.9274444114),,,,,2018-08-31,False,6,Lincoln Park
1319,30,STOP SIGN/FLASHER,FUNCTIONING PROPERLY,CLEAR,DAYLIGHT,PEDALCYCLIST,DIVIDED - W/MEDIAN BARRIER,STRAIGHT AND LEVEL,DRY,NO DEFECTS,Y,UNABLE TO DETERMINE,NOT APPLICABLE,,NONINCAPACITATING INJURY,17,8,41.8950331668,-87.6534233222,2018,30,POINT (-87.6534233222 41.8950331668),,,,,2018-08-31,False,7,Near North Side
1320,30,NO CONTROLS,NO CONTROLS,CLEAR,DAYLIGHT,PEDALCYCLIST,NOT DIVIDED,STRAIGHT AND LEVEL,DRY,NO DEFECTS,,FAILING TO REDUCE SPEED TO AVOID CRASH,NOT APPLICABLE,,NONINCAPACITATING INJURY,17,8,41.8819779382,-87.6813910394,2018,30,POINT (-87.6813910394 41.8819779382),,,,,2018-08-31,False,27,Near West Side
1321,30,NO CONTROLS,NO CONTROLS,CLEAR,DAYLIGHT,PEDALCYCLIST,NOT DIVIDED,STRAIGHT AND LEVEL,DRY,NO DEFECTS,,NOT APPLICABLE,NOT APPLICABLE,Y,NO INDICATION OF INJURY,18,8,41.9037214698,-87.6359945649,2018,30,POINT (-87.6359945649 41.9037214698),,,,,2018-08-31,False,7,Near North Side
1322,35,NO CONTROLS,NO CONTROLS,RAIN,DARKNESS,PEDALCYCLIST,DIVIDED - W/MEDIAN BARRIER,STRAIGHT AND LEVEL,WET,NO DEFECTS,,UNABLE TO DETERMINE,HAD BEEN DRINKING (USE WHEN ARREST IS NOT MADE),,NONINCAPACITATING INJURY,20,8,41.764185795,-87.5864263891,2018,35,POINT (-87.5864263891 41.764185795),,,,,2018-08-31,False,42,South Shore
1323,35,TRAFFIC SIGNAL,FUNCTIONING PROPERLY,CLEAR,"DARKNESS, LIGHTED ROAD",PEDALCYCLIST,OTHER,STRAIGHT AND LEVEL,DRY,NO DEFECTS,Y,TURNING RIGHT ON RED,EXCEEDING SAFE SPEED FOR CONDITIONS,,NONINCAPACITATING INJURY,2,9,41.9102416497,-87.6774618292,2018,35,POINT (-87.6774618292 41.9102416497),,,,,2018-09-01,False,23,West Town
1324,25,TRAFFIC SIGNAL,FUNCTIONING PROPERLY,RAIN,DAWN,PEDALCYCLIST,DIVIDED - W/MEDIAN (NOT RAISED),STRAIGHT AND LEVEL,DRY,NO DEFECTS,Y,DISREGARDING TRAFFIC SIGNALS,NOT APPLICABLE,,"REPORTED, NOT EVIDENT",6,9,41.8844550486,-87.6293086572,2018,25,POINT (-87.6293086572 41.8844550486),,,,,2018-09-01,False,31,Loop
1325,15,NO CONTROLS,NO CONTROLS,RAIN,DAYLIGHT,PEDALCYCLIST,PARKING LOT,STRAIGHT AND LEVEL,WET,NO DEFECTS,,"EVASIVE ACTION DUE TO ANIMAL, OBJECT, NONMOTORIST",NOT APPLICABLE,,NO INDICATION OF INJURY,10,9,41.8091737299,-87.6230964744,2018,15,POINT (-87.6230964744 41.8091737299),,,,,2018-09-01,False,37,Grand Boulevard
1326,30,NO CONTROLS,NO CONTROLS,UNKNOWN,DARKNESS,PEDALCYCLIST,NOT DIVIDED,STRAIGHT AND LEVEL,UNKNOWN,UNKNOWN,,UNABLE TO DETERMINE,UNABLE TO DETERMINE,N,NO INDICATION OF INJURY,21,9,41.8753138424,-87.6274731162,2018,30,POINT (-87.6274731162 41.8753138424),,,,,2018-09-01,False,31,Loop
1327,30,TRAFFIC SIGNAL,FUNCTIONING PROPERLY,CLEAR,DAYLIGHT,PEDALCYCLIST,NOT DIVIDED,STRAIGHT AND LEVEL,DRY,NO DEFECTS,Y,UNABLE TO DETERMINE,UNABLE TO DETERMINE,,NONINCAPACITATING INJURY,13,9,41.9540360122,-87.6621522354,2018,30,POINT (-87.6621522354 41.9540360122),,,,,2018-09-02,False,5,Lake View
1328,30,TRAFFIC SIGNAL,FUNCTIONING PROPERLY,CLEAR,DAYLIGHT,PEDALCYCLIST,DIVIDED - W/MEDIAN (NOT RAISED),STRAIGHT AND LEVEL,DRY,NO DEFECTS,Y,UNABLE TO DETERMINE,UNABLE TO DETERMINE,,NONINCAPACITATING INJURY,17,9,41.8630156821,-87.7105662771,2018,30,POINT (-87.7105662771 41.8630156821),,,,,2018-09-02,False,28,North Lawndale
1329,30,NO CONTROLS,NO CONTROLS,CLEAR,DAYLIGHT,PEDALCYCLIST,NOT DIVIDED,STRAIGHT AND LEVEL,DRY,NO DEFECTS,,IMPROPER LANE USAGE,NOT APPLICABLE,Y,NONINCAPACITATING INJURY,18,9,41.9249315447,-87.6482522719,2018,30,POINT (-87.6482522719 41.9249315447),,,,,2018-09-02,False,6,Lincoln Park
1330,30,NO CONTROLS,NO CONTROLS,CLEAR,DAYLIGHT,PEDALCYCLIST,NOT DIVIDED,STRAIGHT AND LEVEL,DRY,NO DEFECTS,,FAILING TO YIELD RIGHT-OF-WAY,UNABLE TO DETERMINE,Y,NONINCAPACITATING INJURY,19,9,41.9400508654,-87.6521044022,2018,30,POINT (-87.6521044022 41.9400508654),,,,,2018-09-02,False,5,Lake View
1331,30,TRAFFIC SIGNAL,FUNCTIONING PROPERLY,CLEAR,DAYLIGHT,PEDALCYCLIST,DIVIDED - W/MEDIAN (NOT RAISED),STRAIGHT AND LEVEL,DRY,NO DEFECTS,,UNABLE TO DETERMINE,UNABLE TO DETERMINE,,"REPORTED, NOT EVIDENT",7,9,41.7880881356,-87.5850559881,2018,30,POINT (-87.5850559881 41.7880881356),,,,,2018-09-03,False,40,Hyde Park
1332,25,NO CONTROLS,NO CONTROLS,CLEAR,DAYLIGHT,PEDALCYCLIST,NOT DIVIDED,STRAIGHT AND LEVEL,DRY,NO DEFECTS,,UNABLE TO DETERMINE,NOT APPLICABLE,,NONINCAPACITATING INJURY,11,9,41.9953967277,-87.6676033993,2018,25,POINT (-87.6676033993 41.9953967277),,,,,2018-09-03,False,76,Edgewater
1333,30,STOP SIGN/FLASHER,NO CONTROLS,CLEAR,DAYLIGHT,PEDALCYCLIST,NOT DIVIDED,STRAIGHT AND LEVEL,DRY,NO DEFECTS,Y,DISREGARDING STOP SIGN,NOT APPLICABLE,,NONINCAPACITATING INJURY,12,9,41.8605103829,-87.6128731001,2018,30,POINT (-87.6128731001 41.8605103829),,,,,2018-09-03,False,32,Near South Side
1334,30,NO CONTROLS,NO CONTROLS,RAIN,DAYLIGHT,PEDALCYCLIST,DIVIDED - W/MEDIAN (NOT RAISED),STRAIGHT AND LEVEL,WET,NO DEFECTS,,UNABLE TO DETERMINE,NOT APPLICABLE,Y,NONINCAPACITATING INJURY,14,9,41.9127304181,-87.6813270332,2018,30,POINT (-87.6813270332 41.9127304181),,,,,2018-09-03,False,6,Lincoln Park
1335,30,TRAFFIC SIGNAL,FUNCTIONING PROPERLY,CLOUDY/OVERCAST,DAYLIGHT,PEDALCYCLIST,OTHER,STRAIGHT AND LEVEL,DRY,NO DEFECTS,Y,NOT APPLICABLE,NOT APPLICABLE,,INCAPACITATING INJURY,15,9,41.6635881922,-87.6200604337,2018,30,POINT (-87.6200604337 41.6635881922),,,,,2018-09-03,True,52,West Pullman
1336,30,NO CONTROLS,NO CONTROLS,RAIN,DUSK,PEDALCYCLIST,ONE-WAY,STRAIGHT AND LEVEL,WET,NO DEFECTS,Y,FAILING TO REDUCE SPEED TO AVOID CRASH,WEATHER,,NO INDICATION OF INJURY,16,9,41.9524008899,-87.7569727892,2018,30,POINT (-87.7569727892 41.9524008899),,,,,2018-09-03,False,14,Portage Park
1337,30,TRAFFIC SIGNAL,FUNCTIONING PROPERLY,CLEAR,"DARKNESS, LIGHTED ROAD",PEDALCYCLIST,NOT DIVIDED,STRAIGHT AND LEVEL,DRY,NO DEFECTS,Y,UNABLE TO DETERMINE,NOT APPLICABLE,,NO INDICATION OF INJURY,0,9,41.9682677087,-87.7278812305,2018,30,POINT (-87.7278812305 41.9682677087),,,,,2018-09-04,False,11,Forest Glen
1338,20,NO CONTROLS,NO CONTROLS,CLEAR,DAYLIGHT,PEDALCYCLIST,ONE-WAY,STRAIGHT AND LEVEL,DRY,NO DEFECTS,,DRIVING ON WRONG SIDE/WRONG WAY,NOT APPLICABLE,,NONINCAPACITATING INJURY,8,9,41.9118811447,-87.7206716303,2018,20,POINT (-87.7206716303 41.9118811447),,,,,2018-09-04,False,22,Humboldt Park
1339,0,STOP SIGN/FLASHER,FUNCTIONING PROPERLY,UNKNOWN,UNKNOWN,PEDALCYCLIST,UNKNOWN,STRAIGHT AND LEVEL,UNKNOWN,UNKNOWN,,UNABLE TO DETERMINE,NOT APPLICABLE,,NO INDICATION OF INJURY,8,9,41.8896172432,-87.6816207152,2018,0,POINT (-87.6816207152 41.8896172432),,,,,2018-09-04,False,23,West Town
1340,20,STOP SIGN/FLASHER,NO CONTROLS,CLEAR,DAYLIGHT,PEDALCYCLIST,NOT DIVIDED,STRAIGHT AND LEVEL,DRY,NO DEFECTS,Y,FAILING TO REDUCE SPEED TO AVOID CRASH,UNABLE TO DETERMINE,,NO INDICATION OF INJURY,8,9,41.7964262346,-87.6013838233,2018,20,POINT (-87.6013838233 41.7964262346),,,,,2018-09-04,False,40,Hyde Park
1341,30,TRAFFIC SIGNAL,FUNCTIONING PROPERLY,CLEAR,DAYLIGHT,PEDALCYCLIST,NOT DIVIDED,STRAIGHT AND LEVEL,DRY,NO DEFECTS,,DISREGARDING OTHER TRAFFIC SIGNS,NOT APPLICABLE,,NONINCAPACITATING INJURY,8,9,41.8956420433,-87.6343236028,2018,30,POINT (-87.6343236028 41.8956420433),,,,,2018-09-04,False,7,Near North Side
1342,30,TRAFFIC SIGNAL,FUNCTIONING IMPROPERLY,CLEAR,DAYLIGHT,PEDALCYCLIST,NOT DIVIDED,STRAIGHT AND LEVEL,DRY,NO DEFECTS,,FAILING TO YIELD RIGHT-OF-WAY,BICYCLE ADVANCING LEGALLY ON RED LIGHT,,NONINCAPACITATING INJURY,8,9,41.8675710154,-87.6305864739,2018,30,POINT (-87.6305864739 41.8675710154),,,,,2018-09-04,False,31,Loop
1343,30,NO CONTROLS,NO CONTROLS,CLEAR,DAYLIGHT,PEDALCYCLIST,DIVIDED - W/MEDIAN (NOT RAISED),STRAIGHT AND LEVEL,DRY,NO DEFECTS,,IMPROPER LANE USAGE,IMPROPER LANE USAGE,,NO INDICATION OF INJURY,10,9,41.8308749599,-87.6449536552,2018,30,POINT (-87.6449536552 41.8308749599),,,,,2018-09-04,False,59,Bridgeport
1344,30,STOP SIGN/FLASHER,FUNCTIONING PROPERLY,CLEAR,DAYLIGHT,PEDALCYCLIST,NOT DIVIDED,STRAIGHT AND LEVEL,DRY,NO DEFECTS,Y,FAILING TO YIELD RIGHT-OF-WAY,UNABLE TO DETERMINE,,NONINCAPACITATING INJURY,14,9,41.836409368,-87.6402953023,2018,30,POINT (-87.6402953023 41.836409368),,,,,2018-09-04,False,30,Lower West Side
1345,30,TRAFFIC SIGNAL,FUNCTIONING PROPERLY,CLEAR,DAYLIGHT,PEDALCYCLIST,DIVIDED - W/MEDIAN (NOT RAISED),STRAIGHT AND LEVEL,DRY,NO DEFECTS,,UNABLE TO DETERMINE,UNABLE TO DETERMINE,,NO INDICATION OF INJURY,15,9,41.7490793904,-87.7389844075,2018,30,POINT (-87.7389844075 41.7490793904),,,,,2018-09-04,False,69,Ashburn
1346,30,TRAFFIC SIGNAL,FUNCTIONING PROPERLY,CLEAR,DAYLIGHT,PEDALCYCLIST,NOT DIVIDED,STRAIGHT AND LEVEL,DRY,NO DEFECTS,Y,UNABLE TO DETERMINE,UNABLE TO DETERMINE,,NONINCAPACITATING INJURY,16,9,41.8107718439,-87.7098777742,2018,30,POINT (-87.7098777742 41.8107718439),,,,,2018-09-04,False,57,Brighton Park
1347,30,NO CONTROLS,NO CONTROLS,CLEAR,DAYLIGHT,PEDALCYCLIST,NOT DIVIDED,STRAIGHT AND LEVEL,DRY,NO DEFECTS,,FAILING TO YIELD RIGHT-OF-WAY,FAILING TO REDUCE SPEED TO AVOID CRASH,,NONINCAPACITATING INJURY,16,9,41.9384387957,-87.6864267522,2018,30,POINT (-87.6864267522 41.9384387957),,,,,2018-09-04,False,4,North Center
1348,30,NO CONTROLS,NO CONTROLS,CLEAR,DAYLIGHT,PEDALCYCLIST,DIVIDED - W/MEDIAN (NOT RAISED),STRAIGHT AND LEVEL,DRY,NO DEFECTS,,IMPROPER LANE USAGE,BICYCLE ADVANCING LEGALLY ON RED LIGHT,,NONINCAPACITATING INJURY,16,9,41.9090533626,-87.8010472754,2018,30,POINT (-87.8010472754 41.9090533626),,,,,2018-09-04,False,24,Austin
1349,30,TRAFFIC SIGNAL,FUNCTIONING PROPERLY,CLEAR,DAYLIGHT,PEDALCYCLIST,NOT DIVIDED,STRAIGHT AND LEVEL,DRY,NO DEFECTS,,"VISION OBSCURED (SIGNS, TREE LIMBS, BUILDINGS, ETC.)",UNABLE TO DETERMINE,,NONINCAPACITATING INJURY,16,9,41.8893216859,-87.6311329853,2018,30,POINT (-87.6311329853 41.8893216859),,,,,2018-09-04,False,7,Near North Side
1350,30,TRAFFIC SIGNAL,FUNCTIONING PROPERLY,CLEAR,DAYLIGHT,PEDALCYCLIST,ONE-WAY,STRAIGHT AND LEVEL,DRY,NO DEFECTS,Y,UNABLE TO DETERMINE,UNABLE TO DETERMINE,,NO INDICATION OF INJURY,18,9,41.890754833,-87.6281140984,2018,30,POINT (-87.6281140984 41.890754833),,,,,2018-09-04,False,7,Near North Side
1351,30,NO CONTROLS,NO CONTROLS,CLEAR,"DARKNESS, LIGHTED ROAD",PEDALCYCLIST,DIVIDED - W/MEDIAN (NOT RAISED),STRAIGHT AND LEVEL,DRY,NO DEFECTS,,NOT APPLICABLE,NOT APPLICABLE,Y,NONINCAPACITATING INJURY,19,9,41.9169887269,-87.750128354,2018,30,POINT (-87.750128354 41.9169887269),,,,,2018-09-04,False,18,Belmont Cragin
1352,30,NO CONTROLS,NO CONTROLS,CLEAR,"DARKNESS, LIGHTED ROAD",PEDALCYCLIST,DIVIDED - W/MEDIAN (NOT RAISED),STRAIGHT AND LEVEL,DRY,NO DEFECTS,,FAILING TO YIELD RIGHT-OF-WAY,"OPERATING VEHICLE IN ERRATIC, RECKLESS, CARELESS, NEGLIGENT OR AGGRESSIVE MANNER",,INCAPACITATING INJURY,20,9,41.8968195489,-87.6259337792,2018,30,POINT (-87.6259337792 41.8968195489),,,,,2018-09-04,True,7,Near North Side
1353,30,NO CONTROLS,NO CONTROLS,CLEAR,DARKNESS,PEDALCYCLIST,DIVIDED - W/MEDIAN (NOT RAISED),STRAIGHT AND LEVEL,DRY,NO DEFECTS,,UNABLE TO DETERMINE,UNABLE TO DETERMINE,,INCAPACITATING INJURY,21,9,41.7026550885,-87.5511053826,2018,30,POINT (-87.5511053826 41.7026550885),,,,,2018-09-04,True,50,South Deering
1354,30,TRAFFIC SIGNAL,FUNCTIONING PROPERLY,CLEAR,DARKNESS,PEDALCYCLIST,DIVIDED - W/MEDIAN BARRIER,STRAIGHT AND LEVEL,DRY,NO DEFECTS,,FAILING TO YIELD RIGHT-OF-WAY,FAILING TO REDUCE SPEED TO AVOID CRASH,,NONINCAPACITATING INJURY,3,9,41.8668110829,-87.6763981503,2018,30,POINT (-87.6763981503 41.8668110829),,,,,2018-09-05,False,27,Near West Side
1355,30,TRAFFIC SIGNAL,FUNCTIONING PROPERLY,CLEAR,DAYLIGHT,PEDALCYCLIST,DIVIDED - W/MEDIAN (NOT RAISED),STRAIGHT AND LEVEL,DRY,NO DEFECTS,Y,FAILING TO YIELD RIGHT-OF-WAY,NOT APPLICABLE,,NONINCAPACITATING INJURY,6,9,41.8999927137,-87.6566980996,2018,30,POINT (-87.6566980996 41.8999927137),,,,,2018-09-05,False,7,Near North Side
1356,30,TRAFFIC SIGNAL,FUNCTIONING PROPERLY,CLEAR,DAYLIGHT,PEDALCYCLIST,DIVIDED - W/MEDIAN (NOT RAISED),STRAIGHT AND LEVEL,DRY,NO DEFECTS,N,UNABLE TO DETERMINE,NOT APPLICABLE,,"REPORTED, NOT EVIDENT",8,9,41.7799791489,-87.6374465513,2018,30,POINT (-87.6374465513 41.7799791489),,,,,2018-09-05,False,67,Englewood
1357,30,NO CONTROLS,NO CONTROLS,CLEAR,DAYLIGHT,PEDALCYCLIST,NOT DIVIDED,STRAIGHT AND LEVEL,DRY,NO DEFECTS,,IMPROPER LANE USAGE,FAILING TO REDUCE SPEED TO AVOID CRASH,,NONINCAPACITATING INJURY,9,9,41.9341178742,-87.6461238467,2018,30,POINT (-87.6461238467 41.9341178742),,,,,2018-09-05,False,5,Lake View
1358,30,NO CONTROLS,NO CONTROLS,UNKNOWN,DAYLIGHT,PEDALCYCLIST,DIVIDED - W/MEDIAN (NOT RAISED),STRAIGHT AND LEVEL,UNKNOWN,UNKNOWN,,FAILING TO YIELD RIGHT-OF-WAY,UNABLE TO DETERMINE,Y,NONINCAPACITATING INJURY,10,9,41.9361719122,-87.6534084938,2018,30,POINT (-87.6534084938 41.9361719122),,,,,2018-09-05,False,5,Lake View