Unnamed: 0,POSTED_SPEED_LIMIT,TRAFFIC_CONTROL_DEVICE,DEVICE_CONDITION,WEATHER_CONDITION,LIGHTING_CONDITION,FIRST_CRASH_TYPE,TRAFFICWAY_TYPE,ALIGNMENT,ROADWAY_SURFACE_COND,ROAD_DEFECT,INTERSECTION_RELATED_I,PRIM_CONTRIBUTORY_CAUSE,SEC_CONTRIBUTORY_CAUSE,DOORING_I,MOST_SEVERE_INJURY,CRASH_HOUR,CRASH_MONTH,LATITUDE,LONGITUDE,CRASH_YEAR,SPEED_LIMIT,geometry,DISPLAYROU,the_geom,DIST,LANE_TYPE,CRASH_DATE,is_severe,index_right,CArea
1359,30,UNKNOWN,UNKNOWN,UNKNOWN,DAYLIGHT,PEDALCYCLIST,NOT DIVIDED,STRAIGHT AND LEVEL,UNKNOWN,UNKNOWN,,UNABLE TO DETERMINE,NOT APPLICABLE,,NONINCAPACITATING INJURY,10,9,41.9252865122,-87.6534636945,2018,30,POINT (-87.6534636945 41.9252865122),,,,,2018-09-05,False,6,Lincoln Park
1360,30,TRAFFIC SIGNAL,FUNCTIONING PROPERLY,CLEAR,DAYLIGHT,PEDALCYCLIST,NOT DIVIDED,STRAIGHT AND LEVEL,DRY,NO DEFECTS,Y,UNABLE TO DETERMINE,UNABLE TO DETERMINE,,NONINCAPACITATING INJURY,12,9,41.9225104628,-87.7854068443,2018,30,POINT (-87.7854068443 41.9225104628),,,,,2018-09-05,False,18,Belmont Cragin
1362,30,TRAFFIC SIGNAL,FUNCTIONING PROPERLY,RAIN,DAYLIGHT,PEDALCYCLIST,NOT DIVIDED,STRAIGHT AND LEVEL,WET,UNKNOWN,,DRIVING ON WRONG SIDE/WRONG WAY,NOT APPLICABLE,,"REPORTED, NOT EVIDENT",17,9,41.9175624189,-87.7117551087,2018,30,POINT (-87.7117551087 41.9175624189),,,,,2018-09-05,False,21,Logan Square
1363,30,TRAFFIC SIGNAL,FUNCTIONING PROPERLY,CLEAR,DAYLIGHT,PEDALCYCLIST,ONE-WAY,STRAIGHT AND LEVEL,DRY,NO DEFECTS,,EXCEEDING AUTHORIZED SPEED LIMIT,FAILING TO YIELD RIGHT-OF-WAY,,NONINCAPACITATING INJURY,17,9,41.7933489235,-87.7086022636,2018,30,POINT (-87.7086022636 41.7933489235),,,,,2018-09-05,False,62,Gage Park
1364,30,NO CONTROLS,NO CONTROLS,RAIN,DAYLIGHT,PEDALCYCLIST,NOT DIVIDED,STRAIGHT AND LEVEL,WET,NO DEFECTS,,UNABLE TO DETERMINE,NOT APPLICABLE,,NO INDICATION OF INJURY,18,9,41.8917967829,-87.6264927372,2018,30,POINT (-87.6264927372 41.8917967829),,,,,2018-09-05,False,7,Near North Side
1365,30,NO CONTROLS,NO CONTROLS,CLEAR,DAYLIGHT,PEDALCYCLIST,NOT DIVIDED,STRAIGHT AND LEVEL,DRY,NO DEFECTS,,UNABLE TO DETERMINE,NOT APPLICABLE,Y,INCAPACITATING INJURY,18,9,41.8578563009,-87.6556768979,2018,30,POINT (-87.6556768979 41.8578563009),,,,,2018-09-05,True,27,Near West Side
1366,25,STOP SIGN/FLASHER,FUNCTIONING PROPERLY,RAIN,DAYLIGHT,PEDALCYCLIST,ONE-WAY,STRAIGHT AND LEVEL,WET,OTHER,,WEATHER,UNABLE TO DETERMINE,,"REPORTED, NOT EVIDENT",18,9,41.9753779263,-87.6684050874,2018,25,POINT (-87.6684050874 41.9753779263),,,,,2018-09-05,False,2,Uptown
1367,30,UNKNOWN,UNKNOWN,UNKNOWN,UNKNOWN,PEDALCYCLIST,NOT DIVIDED,STRAIGHT AND LEVEL,UNKNOWN,UNKNOWN,,UNABLE TO DETERMINE,NOT APPLICABLE,,NONINCAPACITATING INJURY,21,9,41.9644018956,-87.6549225127,2018,30,POINT (-87.6549225127 41.9644018956),,,,,2018-09-05,False,2,Uptown
1368,35,NO CONTROLS,NO CONTROLS,CLEAR,"DARKNESS, LIGHTED ROAD",PEDALCYCLIST,NOT DIVIDED,STRAIGHT AND LEVEL,DRY,NO DEFECTS,,UNABLE TO DETERMINE,UNABLE TO DETERMINE,Y,NO INDICATION OF INJURY,21,9,41.9644978399,-87.6546311067,2018,35,POINT (-87.6546311067 41.9644978399),,,,,2018-09-05,False,2,Uptown
1369,30,TRAFFIC SIGNAL,FUNCTIONING PROPERLY,RAIN,"DARKNESS, LIGHTED ROAD",PEDALCYCLIST,DIVIDED - W/MEDIAN (NOT RAISED),STRAIGHT AND LEVEL,WET,NO DEFECTS,,FAILING TO REDUCE SPEED TO AVOID CRASH,UNABLE TO DETERMINE,,NONINCAPACITATING INJURY,22,9,42.0068622402,-87.6614774116,2018,30,POINT (-87.6614774116 42.0068622402),,,,,2018-09-05,False,0,Rogers Park
1370,35,TRAFFIC SIGNAL,FUNCTIONING PROPERLY,RAIN,DAYLIGHT,PEDALCYCLIST,DIVIDED - W/MEDIAN (NOT RAISED),STRAIGHT AND LEVEL,WET,NO DEFECTS,,UNABLE TO DETERMINE,NOT APPLICABLE,,NONINCAPACITATING INJURY,15,9,41.7253297037,-87.6047025619,2018,35,POINT (-87.6047025619 41.7253297037),,,,,2018-09-06,False,43,Chatham
1371,30,NO CONTROLS,NO CONTROLS,CLEAR,DAYLIGHT,PEDALCYCLIST,DIVIDED - W/MEDIAN (NOT RAISED),STRAIGHT AND LEVEL,DRY,NO DEFECTS,,FAILING TO YIELD RIGHT-OF-WAY,NOT APPLICABLE,,NONINCAPACITATING INJURY,16,9,41.9025616128,-87.6654596337,2018,30,POINT (-87.6654596337 41.9025616128),,,,,2018-09-06,False,23,West Town
1372,30,TRAFFIC SIGNAL,FUNCTIONING PROPERLY,CLEAR,DAYLIGHT,PEDALCYCLIST,ONE-WAY,STRAIGHT AND LEVEL,DRY,NO DEFECTS,,NOT APPLICABLE,NOT APPLICABLE,,NONINCAPACITATING INJURY,17,9,41.7933489235,-87.7086022636,2018,30,POINT (-87.7086022636 41.7933489235),,,,,2018-09-06,False,62,Gage Park
1373,30,TRAFFIC SIGNAL,FUNCTIONING PROPERLY,CLEAR,DUSK,PEDALCYCLIST,NOT DIVIDED,STRAIGHT AND LEVEL,DRY,NO DEFECTS,N,IMPROPER TURNING/NO SIGNAL,IMPROPER OVERTAKING/PASSING,,NO INDICATION OF INJURY,18,9,41.8741038278,-87.6308089171,2018,30,POINT (-87.6308089171 41.8741038278),,,,,2018-09-06,False,31,Loop
1374,20,TRAFFIC SIGNAL,FUNCTIONING PROPERLY,CLEAR,DAYLIGHT,PEDALCYCLIST,NOT DIVIDED,STRAIGHT AND LEVEL,DRY,NO DEFECTS,,UNABLE TO DETERMINE,UNABLE TO DETERMINE,,NO INDICATION OF INJURY,8,9,41.9465924544,-87.7363922144,2018,20,POINT (-87.7363922144 41.9465924544),,,,,2018-09-07,False,15,Irving Park
1375,35,NO CONTROLS,OTHER,RAIN,DAYLIGHT,PEDALCYCLIST,NOT DIVIDED,STRAIGHT AND LEVEL,WET,NO DEFECTS,,UNABLE TO DETERMINE,NOT APPLICABLE,,NO INDICATION OF INJURY,11,9,41.7503527882,-87.5530167254,2018,35,POINT (-87.5530167254 41.7503527882),,,,,2018-09-07,False,45,South Chicago
1376,30,STOP SIGN/FLASHER,NO CONTROLS,RAIN,DAYLIGHT,PEDALCYCLIST,DIVIDED - W/MEDIAN (NOT RAISED),STRAIGHT AND LEVEL,WET,NO DEFECTS,Y,UNABLE TO DETERMINE,NOT APPLICABLE,,"REPORTED, NOT EVIDENT",11,9,41.9124150391,-87.6764365039,2018,30,POINT (-87.6764365039 41.9124150391),,,,,2018-09-07,False,6,Lincoln Park
1377,30,NO CONTROLS,NO CONTROLS,CLEAR,DAYLIGHT,PEDALCYCLIST,NOT DIVIDED,STRAIGHT AND LEVEL,DRY,NO DEFECTS,Y,IMPROPER OVERTAKING/PASSING,UNABLE TO DETERMINE,,NONINCAPACITATING INJURY,14,9,41.9844190923,-87.6688086832,2018,30,POINT (-87.6688086832 41.9844190923),,,,,2018-09-07,False,76,Edgewater
1378,30,STOP SIGN/FLASHER,FUNCTIONING PROPERLY,CLEAR,DAYLIGHT,PEDALCYCLIST,NOT DIVIDED,STRAIGHT AND LEVEL,DRY,NO DEFECTS,Y,FAILING TO YIELD RIGHT-OF-WAY,DRIVING SKILLS/KNOWLEDGE/EXPERIENCE,,NONINCAPACITATING INJURY,17,9,41.9717092393,-87.6502908969,2018,30,POINT (-87.6502908969 41.9717092393),,,,,2018-09-07,False,2,Uptown
1379,30,TRAFFIC SIGNAL,FUNCTIONING PROPERLY,CLEAR,"DARKNESS, LIGHTED ROAD",PEDALCYCLIST,DIVIDED - W/MEDIAN (NOT RAISED),STRAIGHT AND LEVEL,DRY,NO DEFECTS,Y,FAILING TO YIELD RIGHT-OF-WAY,UNABLE TO DETERMINE,N,INCAPACITATING INJURY,23,9,41.9058803929,-87.6316581283,2018,30,POINT (-87.6316581283 41.9058803929),,,,,2018-09-07,True,7,Near North Side
1380,30,TRAFFIC SIGNAL,FUNCTIONING PROPERLY,CLEAR,"DARKNESS, LIGHTED ROAD",PEDALCYCLIST,NOT DIVIDED,STRAIGHT AND LEVEL,DRY,NO DEFECTS,Y,FAILING TO YIELD RIGHT-OF-WAY,NOT APPLICABLE,,NO INDICATION OF INJURY,3,9,41.9474264204,-87.649540425,2018,30,POINT (-87.649540425 41.9474264204),,,,,2018-09-08,False,5,Lake View
1381,30,TRAFFIC SIGNAL,FUNCTIONING PROPERLY,CLEAR,DAYLIGHT,PEDALCYCLIST,DIVIDED - W/MEDIAN (NOT RAISED),STRAIGHT AND LEVEL,DRY,NO DEFECTS,,DISREGARDING TRAFFIC SIGNALS,NOT APPLICABLE,,"REPORTED, NOT EVIDENT",10,9,41.7359708034,-87.64347194,2018,30,POINT (-87.64347194 41.7359708034),,,,,2018-09-08,False,70,Auburn Gresham
1382,30,NO CONTROLS,FUNCTIONING PROPERLY,CLEAR,DAYLIGHT,PEDALCYCLIST,DIVIDED - W/MEDIAN (NOT RAISED),STRAIGHT AND LEVEL,DRY,NO DEFECTS,Y,UNABLE TO DETERMINE,NOT APPLICABLE,,INCAPACITATING INJURY,11,9,41.9339750282,-87.6880881325,2018,30,POINT (-87.6880881325 41.9339750282),,,,,2018-09-08,True,4,North Center
1383,30,NO CONTROLS,NO CONTROLS,CLOUDY/OVERCAST,DAYLIGHT,PEDALCYCLIST,ONE-WAY,STRAIGHT AND LEVEL,DRY,NO DEFECTS,Y,DRIVING SKILLS/KNOWLEDGE/EXPERIENCE,NOT APPLICABLE,N,NONINCAPACITATING INJURY,11,9,41.8066766569,-87.6662843185,2018,30,POINT (-87.6662843185 41.8066766569),,,,,2018-09-08,False,60,New City
1384,25,NO CONTROLS,NO CONTROLS,CLOUDY/OVERCAST,DAYLIGHT,PEDALCYCLIST,NOT DIVIDED,STRAIGHT ON HILLCREST,DRY,NO DEFECTS,,FAILING TO REDUCE SPEED TO AVOID CRASH,NOT APPLICABLE,,NONINCAPACITATING INJURY,12,9,42.0075484078,-87.6806003043,2018,25,POINT (-87.6806003043 42.0075484078),,,,,2018-09-08,False,0,Rogers Park
1385,30,NO CONTROLS,NO CONTROLS,CLEAR,DAYLIGHT,PEDALCYCLIST,DIVIDED - W/MEDIAN (NOT RAISED),STRAIGHT AND LEVEL,DRY,NO DEFECTS,,FAILING TO YIELD RIGHT-OF-WAY,NOT APPLICABLE,Y,NO INDICATION OF INJURY,12,9,41.9087416664,-87.6772679357,2018,30,POINT (-87.6772679357 41.9087416664),,,,,2018-09-08,False,23,West Town
1386,30,NO CONTROLS,NO CONTROLS,CLEAR,DAYLIGHT,PEDALCYCLIST,ALLEY,STRAIGHT AND LEVEL,DRY,NO DEFECTS,,FAILING TO YIELD RIGHT-OF-WAY,NOT APPLICABLE,,NO INDICATION OF INJURY,15,9,41.997817807,-87.6900330347,2018,30,POINT (-87.6900330347 41.997817807),,,,,2018-09-08,False,1,West Ridge
1387,20,NO CONTROLS,NO CONTROLS,CLEAR,DAYLIGHT,PEDALCYCLIST,NOT DIVIDED,STRAIGHT AND LEVEL,DRY,NO DEFECTS,Y,FAILING TO YIELD RIGHT-OF-WAY,NOT APPLICABLE,N,NONINCAPACITATING INJURY,15,9,41.7740685723,-87.7178615007,2018,20,POINT (-87.7178615007 41.7740685723),,,,,2018-09-08,False,64,West Lawn
1388,30,TRAFFIC SIGNAL,FUNCTIONING PROPERLY,CLEAR,DAYLIGHT,PEDALCYCLIST,NOT DIVIDED,STRAIGHT AND LEVEL,DRY,NO DEFECTS,Y,UNABLE TO DETERMINE,UNABLE TO DETERMINE,,NONINCAPACITATING INJURY,17,9,41.9654286371,-87.6576560619,2018,30,POINT (-87.6576560619 41.9654286371),,,,,2018-09-08,False,2,Uptown
1389,30,TRAFFIC SIGNAL,FUNCTIONING PROPERLY,CLEAR,DAYLIGHT,PEDALCYCLIST,OTHER,STRAIGHT AND LEVEL,DRY,NO DEFECTS,Y,FAILING TO YIELD RIGHT-OF-WAY,FAILING TO REDUCE SPEED TO AVOID CRASH,,NONINCAPACITATING INJURY,12,9,41.939502996,-87.6883134289,2018,30,POINT (-87.6883134289 41.939502996),,,,,2018-09-09,False,4,North Center
1390,30,TRAFFIC SIGNAL,FUNCTIONING PROPERLY,CLEAR,DAYLIGHT,PEDALCYCLIST,NOT DIVIDED,STRAIGHT AND LEVEL,DRY,NO DEFECTS,,UNABLE TO DETERMINE,UNABLE TO DETERMINE,,NO INDICATION OF INJURY,18,9,41.9273746034,-87.7758090797,2018,30,POINT (-87.7758090797 41.9273746034),,,,,2018-09-09,False,18,Belmont Cragin
1391,30,NO CONTROLS,NO CONTROLS,CLEAR,"DARKNESS, LIGHTED ROAD",PEDALCYCLIST,NOT DIVIDED,STRAIGHT AND LEVEL,DRY,NO DEFECTS,,UNABLE TO DETERMINE,UNABLE TO DETERMINE,Y,NONINCAPACITATING INJURY,19,9,41.9617563502,-87.6649886542,2018,30,POINT (-87.6649886542 41.9617563502),,,,,2018-09-09,False,2,Uptown
1392,30,NO CONTROLS,NO CONTROLS,CLEAR,DAYLIGHT,PEDALCYCLIST,NOT DIVIDED,STRAIGHT AND LEVEL,DRY,NO DEFECTS,,DRIVING SKILLS/KNOWLEDGE/EXPERIENCE,NOT APPLICABLE,,NO INDICATION OF INJURY,10,9,41.9300621616,-87.6757627386,2018,30,POINT (-87.6757627386 41.9300621616),,,,,2018-09-10,False,6,Lincoln Park
1393,30,TRAFFIC SIGNAL,FUNCTIONING IMPROPERLY,CLEAR,DAYLIGHT,PEDALCYCLIST,DIVIDED - W/MEDIAN BARRIER,STRAIGHT AND LEVEL,DRY,NO DEFECTS,,UNABLE TO DETERMINE,UNABLE TO DETERMINE,,NONINCAPACITATING INJURY,10,9,41.8708894961,-87.6765126502,2018,30,POINT (-87.6765126502 41.8708894961),,,,,2018-09-10,False,27,Near West Side
1394,30,TRAFFIC SIGNAL,FUNCTIONING PROPERLY,CLEAR,DAYLIGHT,PEDALCYCLIST,DIVIDED - W/MEDIAN (NOT RAISED),STRAIGHT AND LEVEL,DRY,NO DEFECTS,Y,FAILING TO YIELD RIGHT-OF-WAY,DRIVING SKILLS/KNOWLEDGE/EXPERIENCE,,NO INDICATION OF INJURY,11,9,41.9395704117,-87.6881078597,2018,30,POINT (-87.6881078597 41.9395704117),,,,,2018-09-10,False,4,North Center
1395,30,NO CONTROLS,NO CONTROLS,CLEAR,DAYLIGHT,PEDALCYCLIST,DIVIDED - W/MEDIAN (NOT RAISED),STRAIGHT AND LEVEL,DRY,NO DEFECTS,,"EVASIVE ACTION DUE TO ANIMAL, OBJECT, NONMOTORIST",NOT APPLICABLE,,NO INDICATION OF INJURY,15,9,41.9176663805,-87.6895524171,2018,30,POINT (-87.6895524171 41.9176663805),,,,,2018-09-10,False,21,Logan Square
1396,30,STOP SIGN/FLASHER,FUNCTIONING PROPERLY,CLEAR,DAYLIGHT,PEDALCYCLIST,NOT DIVIDED,STRAIGHT AND LEVEL,UNKNOWN,UNKNOWN,Y,FAILING TO YIELD RIGHT-OF-WAY,UNABLE TO DETERMINE,,NONINCAPACITATING INJURY,18,9,41.9356556596,-87.6473714806,2018,30,POINT (-87.6473714806 41.9356556596),,,,,2018-09-10,False,5,Lake View
1397,30,STOP SIGN/FLASHER,OTHER,CLEAR,DAYLIGHT,PEDALCYCLIST,DIVIDED - W/MEDIAN (NOT RAISED),STRAIGHT AND LEVEL,DRY,NO DEFECTS,N,FAILING TO YIELD RIGHT-OF-WAY,NOT APPLICABLE,,NO INDICATION OF INJURY,19,9,41.8539976248,-87.6735875416,2018,30,POINT (-87.6735875416 41.8539976248),,,,,2018-09-10,False,30,Lower West Side
1398,30,TRAFFIC SIGNAL,FUNCTIONING PROPERLY,CLEAR,"DARKNESS, LIGHTED ROAD",PEDALCYCLIST,ONE-WAY,STRAIGHT AND LEVEL,DRY,NO DEFECTS,Y,FAILING TO YIELD RIGHT-OF-WAY,UNABLE TO DETERMINE,,NO INDICATION OF INJURY,23,9,41.8796292736,-87.6262119082,2018,30,POINT (-87.6262119082 41.8796292736),,,,,2018-09-10,False,31,Loop
1399,30,STOP SIGN/FLASHER,FUNCTIONING PROPERLY,CLEAR,DAYLIGHT,PEDALCYCLIST,NOT DIVIDED,STRAIGHT AND LEVEL,DRY,NO DEFECTS,,UNABLE TO DETERMINE,UNABLE TO DETERMINE,,"REPORTED, NOT EVIDENT",6,9,41.8565910854,-87.6856112305,2018,30,POINT (-87.6856112305 41.8565910854),,,,,2018-09-11,False,30,Lower West Side
1400,30,TRAFFIC SIGNAL,FUNCTIONING PROPERLY,CLEAR,DAYLIGHT,PEDALCYCLIST,NOT DIVIDED,STRAIGHT AND LEVEL,DRY,NO DEFECTS,,TURNING RIGHT ON RED,UNABLE TO DETERMINE,,NO INDICATION OF INJURY,7,9,41.9474264204,-87.649540425,2018,30,POINT (-87.649540425 41.9474264204),,,,,2018-09-11,False,5,Lake View
1401,30,NO CONTROLS,NO CONTROLS,CLEAR,DAYLIGHT,PEDALCYCLIST,DIVIDED - W/MEDIAN (NOT RAISED),STRAIGHT AND LEVEL,DRY,NO DEFECTS,,DRIVING SKILLS/KNOWLEDGE/EXPERIENCE,IMPROPER OVERTAKING/PASSING,,NO INDICATION OF INJURY,8,9,41.9404647568,-87.6445598572,2018,30,POINT (-87.6445598572 41.9404647568),,,,,2018-09-11,False,5,Lake View
1402,30,NO CONTROLS,NO CONTROLS,CLEAR,DAYLIGHT,PEDALCYCLIST,DIVIDED - W/MEDIAN (NOT RAISED),STRAIGHT AND LEVEL,DRY,NO DEFECTS,,FOLLOWING TOO CLOSELY,FOLLOWING TOO CLOSELY,,NONINCAPACITATING INJURY,9,9,41.8824340116,-87.6310370142,2018,30,POINT (-87.6310370142 41.8824340116),,,,,2018-09-11,False,31,Loop
1403,30,TRAFFIC SIGNAL,FUNCTIONING PROPERLY,CLEAR,DAYLIGHT,PEDALCYCLIST,NOT DIVIDED,STRAIGHT AND LEVEL,DRY,NO DEFECTS,Y,"VISION OBSCURED (SIGNS, TREE LIMBS, BUILDINGS, ETC.)",UNABLE TO DETERMINE,,NONINCAPACITATING INJURY,10,9,41.8993540868,-87.6821644074,2018,30,POINT (-87.6821644074 41.8993540868),,,,,2018-09-11,False,23,West Town
1404,30,NO CONTROLS,NO CONTROLS,CLEAR,DAYLIGHT,PEDALCYCLIST,DIVIDED - W/MEDIAN (NOT RAISED),STRAIGHT AND LEVEL,DRY,NO DEFECTS,,FAILING TO YIELD RIGHT-OF-WAY,FAILING TO REDUCE SPEED TO AVOID CRASH,,NONINCAPACITATING INJURY,12,9,41.8957838761,-87.6780068599,2018,30,POINT (-87.6780068599 41.8957838761),,,,,2018-09-11,False,23,West Town
1405,30,NO CONTROLS,NO CONTROLS,CLEAR,DAYLIGHT,PEDALCYCLIST,ONE-WAY,STRAIGHT AND LEVEL,DRY,NO DEFECTS,,IMPROPER OVERTAKING/PASSING,NOT APPLICABLE,,NONINCAPACITATING INJURY,13,9,41.8857000352,-87.6337822502,2018,30,POINT (-87.6337822502 41.8857000352),,,,,2018-09-11,False,31,Loop
1406,30,NO CONTROLS,NO CONTROLS,CLEAR,DAYLIGHT,PEDALCYCLIST,NOT DIVIDED,STRAIGHT AND LEVEL,DRY,NO DEFECTS,,FAILING TO YIELD RIGHT-OF-WAY,NOT APPLICABLE,,NO INDICATION OF INJURY,13,9,41.9835712308,-87.6567539303,2018,30,POINT (-87.6567539303 41.9835712308),,,,,2018-09-11,False,76,Edgewater
1407,30,STOP SIGN/FLASHER,UNKNOWN,CLEAR,DAYLIGHT,PEDALCYCLIST,NOT DIVIDED,STRAIGHT AND LEVEL,DRY,UNKNOWN,Y,UNABLE TO DETERMINE,NOT APPLICABLE,,NO INDICATION OF INJURY,13,9,41.9837664845,-87.658111624,2018,30,POINT (-87.658111624 41.9837664845),,,,,2018-09-11,False,76,Edgewater
1408,30,NO CONTROLS,NO CONTROLS,CLEAR,DAYLIGHT,PEDALCYCLIST,NOT DIVIDED,STRAIGHT AND LEVEL,DRY,NO DEFECTS,,DRIVING SKILLS/KNOWLEDGE/EXPERIENCE,NOT APPLICABLE,Y,NO INDICATION OF INJURY,15,9,41.9385220781,-87.667273362,2018,30,POINT (-87.667273362 41.9385220781),,,,,2018-09-11,False,5,Lake View
1409,35,NO CONTROLS,NO CONTROLS,CLEAR,DAYLIGHT,PEDALCYCLIST,NOT DIVIDED,STRAIGHT AND LEVEL,DRY,NO DEFECTS,,FAILING TO YIELD RIGHT-OF-WAY,NOT APPLICABLE,,NONINCAPACITATING INJURY,17,9,41.9988373913,-87.7667023105,2018,35,POINT (-87.7667023105 41.9988373913),,,,,2018-09-11,False,11,Forest Glen
1410,30,TRAFFIC SIGNAL,FUNCTIONING PROPERLY,CLEAR,DAYLIGHT,PEDALCYCLIST,NOT DIVIDED,STRAIGHT AND LEVEL,UNKNOWN,UNKNOWN,Y,DISREGARDING TRAFFIC SIGNALS,IMPROPER OVERTAKING/PASSING,,"REPORTED, NOT EVIDENT",18,9,41.952767097,-87.6498014362,2018,30,POINT (-87.6498014362 41.952767097),,,,,2018-09-11,False,5,Lake View
1411,30,NO CONTROLS,NO CONTROLS,CLEAR,DAYLIGHT,PEDALCYCLIST,DIVIDED - W/MEDIAN (NOT RAISED),STRAIGHT AND LEVEL,DRY,NO DEFECTS,Y,FAILING TO YIELD RIGHT-OF-WAY,UNABLE TO DETERMINE,,NONINCAPACITATING INJURY,18,9,41.9170858155,-87.7242715495,2018,30,POINT (-87.7242715495 41.9170858155),,,,,2018-09-11,False,19,Hermosa
1412,30,NO CONTROLS,NO CONTROLS,CLEAR,"DARKNESS, LIGHTED ROAD",PEDALCYCLIST,NOT DIVIDED,STRAIGHT AND LEVEL,DRY,UNKNOWN,,FAILING TO YIELD RIGHT-OF-WAY,NOT APPLICABLE,,NONINCAPACITATING INJURY,20,9,41.9049501658,-87.6687365286,2018,30,POINT (-87.6687365286 41.9049501658),,,,,2018-09-11,False,23,West Town
1413,30,NO CONTROLS,NO CONTROLS,CLEAR,DAYLIGHT,PEDALCYCLIST,NOT DIVIDED,STRAIGHT AND LEVEL,DRY,NO DEFECTS,,FAILING TO YIELD RIGHT-OF-WAY,FAILING TO YIELD RIGHT-OF-WAY,Y,INCAPACITATING INJURY,7,9,41.9169165305,-87.6777434797,2018,30,POINT (-87.6777434797 41.9169165305),,,,,2018-09-12,True,6,Lincoln Park
1414,30,TRAFFIC SIGNAL,FUNCTIONING PROPERLY,CLEAR,DAYLIGHT,PEDALCYCLIST,DIVIDED - W/MEDIAN (NOT RAISED),STRAIGHT AND LEVEL,DRY,NO DEFECTS,Y,UNABLE TO DETERMINE,UNABLE TO DETERMINE,,NONINCAPACITATING INJURY,9,9,41.9853682481,-87.6602702077,2018,30,POINT (-87.6602702077 41.9853682481),,,,,2018-09-12,False,76,Edgewater
1415,35,STOP SIGN/FLASHER,OTHER,CLEAR,DAYLIGHT,PEDALCYCLIST,NOT DIVIDED,STRAIGHT AND LEVEL,DRY,NO DEFECTS,Y,FAILING TO YIELD RIGHT-OF-WAY,NOT APPLICABLE,,NONINCAPACITATING INJURY,14,9,41.9623334803,-87.7598065003,2018,35,POINT (-87.7598065003 41.9623334803),,,,,2018-09-12,False,14,Portage Park
1416,35,TRAFFIC SIGNAL,FUNCTIONING PROPERLY,CLEAR,DAYLIGHT,PEDALCYCLIST,NOT DIVIDED,STRAIGHT AND LEVEL,DRY,NO DEFECTS,,BICYCLE ADVANCING LEGALLY ON RED LIGHT,FAILING TO YIELD RIGHT-OF-WAY,,NONINCAPACITATING INJURY,16,9,41.7868762709,-87.5964966122,2018,35,POINT (-87.5964966122 41.7868762709),,,,,2018-09-12,False,40,Hyde Park
1417,30,TRAFFIC SIGNAL,FUNCTIONING PROPERLY,CLEAR,DAYLIGHT,PEDALCYCLIST,NOT DIVIDED,STRAIGHT AND LEVEL,DRY,NO DEFECTS,,DISREGARDING STOP SIGN,NOT APPLICABLE,,NONINCAPACITATING INJURY,17,9,41.8560522128,-87.6628788996,2018,30,POINT (-87.6628788996 41.8560522128),,,,,2018-09-12,False,30,Lower West Side
1418,30,NO CONTROLS,NO CONTROLS,CLEAR,DAYLIGHT,PEDALCYCLIST,NOT DIVIDED,STRAIGHT AND LEVEL,DRY,NO DEFECTS,,IMPROPER OVERTAKING/PASSING,NOT APPLICABLE,,NONINCAPACITATING INJURY,17,9,41.906618575,-87.7015014578,2018,30,POINT (-87.7015014578 41.906618575),,,,,2018-09-12,False,22,Humboldt Park
1419,30,NO CONTROLS,NO CONTROLS,CLEAR,DAYLIGHT,PEDALCYCLIST,NOT DIVIDED,STRAIGHT AND LEVEL,DRY,NO DEFECTS,,FAILING TO YIELD RIGHT-OF-WAY,DRIVING SKILLS/KNOWLEDGE/EXPERIENCE,,INCAPACITATING INJURY,17,9,41.7700565667,-87.6835364097,2018,30,POINT (-87.6835364097 41.7700565667),,,,,2018-09-12,True,65,Chicago Lawn
1420,30,POLICE/FLAGMAN,FUNCTIONING PROPERLY,CLEAR,DAYLIGHT,PEDALCYCLIST,NOT DIVIDED,STRAIGHT AND LEVEL,UNKNOWN,UNKNOWN,Y,FOLLOWING TOO CLOSELY,FOLLOWING TOO CLOSELY,,NO INDICATION OF INJURY,17,9,41.9470853438,-87.6566378349,2018,30,POINT (-87.6566378349 41.9470853438),,,,,2018-09-12,False,5,Lake View
1421,30,LANE USE MARKING,NO CONTROLS,CLEAR,DAYLIGHT,PEDALCYCLIST,NOT DIVIDED,STRAIGHT AND LEVEL,DRY,NO DEFECTS,,DISREGARDING ROAD MARKINGS,NOT APPLICABLE,N,NONINCAPACITATING INJURY,18,9,41.9982059302,-87.6690292384,2018,30,POINT (-87.6690292384 41.9982059302),,,,,2018-09-12,False,0,Rogers Park
1422,30,NO CONTROLS,UNKNOWN,CLEAR,DAYLIGHT,PEDALCYCLIST,NOT DIVIDED,STRAIGHT AND LEVEL,DRY,UNKNOWN,,NOT APPLICABLE,NOT APPLICABLE,,NO INDICATION OF INJURY,8,9,41.7511679235,-87.6184089486,2018,30,POINT (-87.6184089486 41.7511679235),,,,,2018-09-13,False,43,Chatham
1423,30,STOP SIGN/FLASHER,FUNCTIONING PROPERLY,CLEAR,DAYLIGHT,PEDALCYCLIST,OTHER,STRAIGHT AND LEVEL,DRY,NO DEFECTS,,DISREGARDING STOP SIGN,UNABLE TO DETERMINE,,NONINCAPACITATING INJURY,8,9,41.9095327652,-87.7071504118,2018,30,POINT (-87.7071504118 41.9095327652),,,,,2018-09-13,False,22,Humboldt Park
1424,0,NO CONTROLS,NO CONTROLS,CLEAR,DAYLIGHT,PEDALCYCLIST,ONE-WAY,STRAIGHT AND LEVEL,DRY,NO DEFECTS,,"VISION OBSCURED (SIGNS, TREE LIMBS, BUILDINGS, ETC.)",FAILING TO YIELD RIGHT-OF-WAY,,NONINCAPACITATING INJURY,8,9,41.9608611637,-87.6860938457,2018,0,POINT (-87.6860938457 41.9608611637),,,,,2018-09-13,False,4,North Center