Unnamed: 0,POSTED_SPEED_LIMIT,TRAFFIC_CONTROL_DEVICE,DEVICE_CONDITION,WEATHER_CONDITION,LIGHTING_CONDITION,FIRST_CRASH_TYPE,TRAFFICWAY_TYPE,ALIGNMENT,ROADWAY_SURFACE_COND,ROAD_DEFECT,INTERSECTION_RELATED_I,PRIM_CONTRIBUTORY_CAUSE,SEC_CONTRIBUTORY_CAUSE,DOORING_I,MOST_SEVERE_INJURY,CRASH_HOUR,CRASH_MONTH,LATITUDE,LONGITUDE,CRASH_YEAR,SPEED_LIMIT,geometry,DISPLAYROU,the_geom,DIST,LANE_TYPE,CRASH_DATE,is_severe,index_right,CArea
1425,40,STOP SIGN/FLASHER,FUNCTIONING PROPERLY,CLEAR,DAYLIGHT,PEDALCYCLIST,NOT DIVIDED,STRAIGHT AND LEVEL,DRY,NO DEFECTS,Y,DISREGARDING STOP SIGN,NOT APPLICABLE,,NONINCAPACITATING INJURY,9,9,41.9586750309,-87.6466588475,2018,40,POINT (-87.6466588475 41.9586750309),,,,,2018-09-13,False,2,Uptown
1426,30,TRAFFIC SIGNAL,FUNCTIONING PROPERLY,CLEAR,DAYLIGHT,PEDALCYCLIST,CENTER TURN LANE,STRAIGHT AND LEVEL,DRY,NO DEFECTS,Y,DISREGARDING TRAFFIC SIGNALS,NOT APPLICABLE,,NO INDICATION OF INJURY,12,9,41.873845896,-87.6863812944,2018,30,POINT (-87.6863812944 41.873845896),,,,,2018-09-13,False,27,Near West Side
1427,30,OTHER,FUNCTIONING PROPERLY,CLEAR,DAYLIGHT,PEDALCYCLIST,OTHER,STRAIGHT AND LEVEL,DRY,NO DEFECTS,,DRIVING ON WRONG SIDE/WRONG WAY,FAILING TO YIELD RIGHT-OF-WAY,,NONINCAPACITATING INJURY,13,9,41.9380705523,-87.7943244905,2018,30,POINT (-87.7943244905 41.9380705523),,,,,2018-09-13,False,16,Dunning
1428,35,NO CONTROLS,NO CONTROLS,CLEAR,DAYLIGHT,PEDALCYCLIST,ONE-WAY,STRAIGHT AND LEVEL,DRY,NO DEFECTS,Y,FAILING TO YIELD RIGHT-OF-WAY,NOT APPLICABLE,,"REPORTED, NOT EVIDENT",13,9,41.7492606735,-87.6230293997,2018,35,POINT (-87.6230293997 41.7492606735),,,,,2018-09-13,False,43,Chatham
1429,30,NO CONTROLS,NO CONTROLS,CLEAR,DAYLIGHT,PEDALCYCLIST,NOT DIVIDED,STRAIGHT AND LEVEL,DRY,NO DEFECTS,,UNABLE TO DETERMINE,UNABLE TO DETERMINE,Y,NONINCAPACITATING INJURY,15,9,41.8308835252,-87.6442402234,2018,30,POINT (-87.6442402234 41.8308835252),,,,,2018-09-13,False,59,Bridgeport
1430,30,TRAFFIC SIGNAL,FUNCTIONING PROPERLY,CLEAR,DAYLIGHT,PEDALCYCLIST,DIVIDED - W/MEDIAN (NOT RAISED),STRAIGHT AND LEVEL,DRY,NO DEFECTS,Y,UNABLE TO DETERMINE,NOT APPLICABLE,,NO INDICATION OF INJURY,15,9,41.9754211113,-87.7283309486,2018,30,POINT (-87.7283309486 41.9754211113),,,,,2018-09-13,False,11,Forest Glen
1431,25,TRAFFIC SIGNAL,FUNCTIONING PROPERLY,CLEAR,DAYLIGHT,PEDALCYCLIST,NOT DIVIDED,STRAIGHT AND LEVEL,DRY,NO DEFECTS,Y,UNABLE TO DETERMINE,UNABLE TO DETERMINE,,NONINCAPACITATING INJURY,15,9,42.0090728171,-87.6738322306,2018,25,POINT (-87.6738322306 42.0090728171),,,,,2018-09-13,False,0,Rogers Park
1432,25,TRAFFIC SIGNAL,FUNCTIONING PROPERLY,CLEAR,DAYLIGHT,PEDALCYCLIST,NOT DIVIDED,STRAIGHT ON GRADE,DRY,NO DEFECTS,Y,UNABLE TO DETERMINE,UNABLE TO DETERMINE,,"REPORTED, NOT EVIDENT",17,9,41.6991545514,-87.6713730225,2018,25,POINT (-87.6713730225 41.6991545514),,,,,2018-09-13,False,71,Beverly
1433,25,TRAFFIC SIGNAL,FUNCTIONING PROPERLY,CLEAR,DAYLIGHT,PEDALCYCLIST,ONE-WAY,STRAIGHT AND LEVEL,DRY,NO DEFECTS,Y,IMPROPER OVERTAKING/PASSING,NOT APPLICABLE,,NONINCAPACITATING INJURY,17,9,41.8985361112,-87.7704480004,2018,25,POINT (-87.7704480004 41.8985361112),,,,,2018-09-13,False,24,Austin
1434,30,NO CONTROLS,NO CONTROLS,CLEAR,DAYLIGHT,PEDALCYCLIST,ONE-WAY,STRAIGHT AND LEVEL,DRY,NO DEFECTS,,NOT APPLICABLE,NOT APPLICABLE,Y,NO INDICATION OF INJURY,17,9,41.93656525,-87.7945722897,2018,30,POINT (-87.7945722897 41.93656525),,,,,2018-09-13,False,16,Dunning
1435,25,NO CONTROLS,NO CONTROLS,CLEAR,DUSK,PEDALCYCLIST,NOT DIVIDED,STRAIGHT AND LEVEL,DRY,NO DEFECTS,,UNABLE TO DETERMINE,UNABLE TO DETERMINE,,NO INDICATION OF INJURY,18,9,41.8308343302,-87.6705555747,2018,25,POINT (-87.6705555747 41.8308343302),,,,,2018-09-13,False,58,Mckinley Park
1436,30,TRAFFIC SIGNAL,FUNCTIONING PROPERLY,CLEAR,DAYLIGHT,PEDALCYCLIST,NOT DIVIDED,STRAIGHT AND LEVEL,DRY,UNKNOWN,,UNABLE TO DETERMINE,UNABLE TO DETERMINE,,NO INDICATION OF INJURY,19,9,41.9684415566,-87.7181103219,2018,30,POINT (-87.7181103219 41.9684415566),,,,,2018-09-13,False,13,Albany Park
1437,40,NO CONTROLS,NO CONTROLS,CLEAR,DAYLIGHT,PEDALCYCLIST,ONE-WAY,STRAIGHT AND LEVEL,DRY,NO DEFECTS,Y,FAILING TO YIELD RIGHT-OF-WAY,"VISION OBSCURED (SIGNS, TREE LIMBS, BUILDINGS, ETC.)",,"REPORTED, NOT EVIDENT",7,9,41.9684420536,-87.696303579,2018,40,POINT (-87.696303579 41.9684420536),,,,,2018-09-14,False,3,Lincoln Square
1438,0,NO CONTROLS,NO CONTROLS,CLEAR,DAYLIGHT,PEDALCYCLIST,DIVIDED - W/MEDIAN (NOT RAISED),STRAIGHT AND LEVEL,DRY,NO DEFECTS,,UNABLE TO DETERMINE,UNABLE TO DETERMINE,,"REPORTED, NOT EVIDENT",11,9,41.7951815766,-87.6060803507,2018,0,POINT (-87.6060803507 41.7951815766),,,,,2018-09-14,False,39,Washington Park
1439,30,NO CONTROLS,NO CONTROLS,CLEAR,DAYLIGHT,PEDALCYCLIST,NOT DIVIDED,STRAIGHT AND LEVEL,DRY,NO DEFECTS,,UNABLE TO DETERMINE,DRIVING SKILLS/KNOWLEDGE/EXPERIENCE,Y,NONINCAPACITATING INJURY,13,9,41.9377992635,-87.6781516999,2018,30,POINT (-87.6781516999 41.9377992635),,,,,2018-09-14,False,4,North Center
1440,30,NO CONTROLS,NO CONTROLS,CLEAR,DAYLIGHT,PEDALCYCLIST,NOT DIVIDED,STRAIGHT AND LEVEL,DRY,NO DEFECTS,,UNABLE TO DETERMINE,UNABLE TO DETERMINE,,NO INDICATION OF INJURY,14,9,41.8963846835,-87.6475974833,2018,30,POINT (-87.6475974833 41.8963846835),,,,,2018-09-14,False,7,Near North Side
1441,30,UNKNOWN,UNKNOWN,CLEAR,DAYLIGHT,PEDALCYCLIST,OTHER,STRAIGHT AND LEVEL,DRY,NO DEFECTS,,FAILING TO YIELD RIGHT-OF-WAY,UNABLE TO DETERMINE,,NO INDICATION OF INJURY,14,9,41.7889704432,-87.7623107384,2018,30,POINT (-87.7623107384 41.7889704432),,,,,2018-09-14,False,55,Garfield Ridge
1442,30,NO CONTROLS,NO CONTROLS,CLEAR,DAYLIGHT,PEDALCYCLIST,NOT DIVIDED,STRAIGHT AND LEVEL,DRY,NO DEFECTS,,FAILING TO YIELD RIGHT-OF-WAY,NOT APPLICABLE,Y,NO INDICATION OF INJURY,16,9,41.9796041057,-87.6681321709,2018,30,POINT (-87.6681321709 41.9796041057),,,,,2018-09-14,False,76,Edgewater
1443,30,STOP SIGN/FLASHER,FUNCTIONING PROPERLY,CLEAR,DAYLIGHT,PEDALCYCLIST,DIVIDED - W/MEDIAN (NOT RAISED),STRAIGHT AND LEVEL,DRY,NO DEFECTS,Y,FAILING TO YIELD RIGHT-OF-WAY,NOT APPLICABLE,,NONINCAPACITATING INJURY,17,9,41.8728058469,-87.6692174706,2018,30,POINT (-87.6692174706 41.8728058469),,,,,2018-09-14,False,27,Near West Side
1444,30,NO CONTROLS,NO CONTROLS,CLEAR,"DARKNESS, LIGHTED ROAD",PEDALCYCLIST,NOT DIVIDED,STRAIGHT AND LEVEL,DRY,NO DEFECTS,,NOT APPLICABLE,NOT APPLICABLE,,NO INDICATION OF INJURY,3,9,41.7779238141,-87.7626593851,2018,30,POINT (-87.7626593851 41.7779238141),,,,,2018-09-15,False,63,Clearing
1445,30,STOP SIGN/FLASHER,FUNCTIONING PROPERLY,CLEAR,DAYLIGHT,PEDALCYCLIST,NOT DIVIDED,STRAIGHT AND LEVEL,DRY,NO DEFECTS,Y,DISREGARDING STOP SIGN,NOT APPLICABLE,,NONINCAPACITATING INJURY,11,9,41.9355581619,-87.6441015807,2018,30,POINT (-87.6441015807 41.9355581619),,,,,2018-09-15,False,5,Lake View
1446,30,NO CONTROLS,NO CONTROLS,CLEAR,DAYLIGHT,PEDALCYCLIST,NOT DIVIDED,STRAIGHT AND LEVEL,DRY,NO DEFECTS,,UNABLE TO DETERMINE,UNABLE TO DETERMINE,,INCAPACITATING INJURY,12,9,41.7932941551,-87.7258587361,2018,30,POINT (-87.7258587361 41.7932941551),,,,,2018-09-15,True,61,West Elsdon
1447,25,NO CONTROLS,NO CONTROLS,CLEAR,DAYLIGHT,PEDALCYCLIST,NOT DIVIDED,STRAIGHT AND LEVEL,DRY,NO DEFECTS,,UNABLE TO DETERMINE,NOT APPLICABLE,,INCAPACITATING INJURY,13,9,41.9908093668,-87.6604382001,2018,25,POINT (-87.6604382001 41.9908093668),,,,,2018-09-15,True,76,Edgewater
1448,25,NO CONTROLS,NO CONTROLS,CLEAR,DAYLIGHT,PEDALCYCLIST,NOT DIVIDED,STRAIGHT AND LEVEL,DRY,NO DEFECTS,,FAILING TO YIELD RIGHT-OF-WAY,NOT APPLICABLE,,NONINCAPACITATING INJURY,13,9,41.8766559317,-87.6555253177,2018,25,POINT (-87.6555253177 41.8766559317),,,,,2018-09-15,False,27,Near West Side
1449,30,TRAFFIC SIGNAL,FUNCTIONING PROPERLY,CLEAR,DAYLIGHT,PEDALCYCLIST,DIVIDED - W/MEDIAN (NOT RAISED),STRAIGHT AND LEVEL,DRY,NO DEFECTS,Y,FAILING TO YIELD RIGHT-OF-WAY,NOT APPLICABLE,,NO INDICATION OF INJURY,13,9,41.9832556242,-87.6895989145,2018,30,POINT (-87.6895989145 41.9832556242),,,,,2018-09-15,False,1,West Ridge
1450,30,NO CONTROLS,NO CONTROLS,CLEAR,DAYLIGHT,PEDALCYCLIST,NOT DIVIDED,STRAIGHT AND LEVEL,DRY,NO DEFECTS,,UNABLE TO DETERMINE,UNABLE TO DETERMINE,Y,"REPORTED, NOT EVIDENT",15,9,41.8759324825,-87.6536348989,2018,30,POINT (-87.6536348989 41.8759324825),,,,,2018-09-15,False,27,Near West Side
1451,30,NO CONTROLS,NO CONTROLS,CLEAR,DAYLIGHT,PEDALCYCLIST,NOT DIVIDED,STRAIGHT AND LEVEL,DRY,NO DEFECTS,,FAILING TO YIELD RIGHT-OF-WAY,FAILING TO YIELD RIGHT-OF-WAY,,NONINCAPACITATING INJURY,15,9,41.9381248911,-87.8053798698,2018,30,POINT (-87.8053798698 41.9381248911),,,,,2018-09-15,False,16,Dunning
1452,30,NO CONTROLS,NO CONTROLS,CLEAR,DAYLIGHT,PEDALCYCLIST,ONE-WAY,STRAIGHT AND LEVEL,DRY,NO DEFECTS,,FAILING TO YIELD RIGHT-OF-WAY,NOT APPLICABLE,,NO INDICATION OF INJURY,16,9,42.0161980765,-87.6659120594,2018,30,POINT (-87.6659120594 42.0161980765),,,,,2018-09-15,False,0,Rogers Park
1453,30,TRAFFIC SIGNAL,FUNCTIONING PROPERLY,CLEAR,DUSK,PEDALCYCLIST,OTHER,STRAIGHT AND LEVEL,DRY,NO DEFECTS,Y,NOT APPLICABLE,NOT APPLICABLE,,NO INDICATION OF INJURY,19,9,41.7473694713,-87.6150147819,2018,30,POINT (-87.6150147819 41.7473694713),,,,,2018-09-15,False,43,Chatham
1454,30,TRAFFIC SIGNAL,FUNCTIONING PROPERLY,CLEAR,"DARKNESS, LIGHTED ROAD",PEDALCYCLIST,NOT DIVIDED,STRAIGHT AND LEVEL,DRY,NO DEFECTS,,UNABLE TO DETERMINE,NOT APPLICABLE,,NONINCAPACITATING INJURY,20,9,41.9036981725,-87.6343266113,2018,30,POINT (-87.6343266113 41.9036981725),,,,,2018-09-15,False,7,Near North Side
1455,30,NO CONTROLS,NO CONTROLS,CLEAR,"DARKNESS, LIGHTED ROAD",PEDALCYCLIST,DIVIDED - W/MEDIAN (NOT RAISED),STRAIGHT AND LEVEL,DRY,NO DEFECTS,,ANIMAL,NOT APPLICABLE,,NO INDICATION OF INJURY,21,9,41.9556691107,-87.7669362405,2018,30,POINT (-87.7669362405 41.9556691107),,,,,2018-09-15,False,14,Portage Park
1456,35,NO CONTROLS,NO CONTROLS,CLEAR,DARKNESS,PEDALCYCLIST,OTHER,STRAIGHT AND LEVEL,DRY,NO DEFECTS,,NOT APPLICABLE,NOT APPLICABLE,Y,"REPORTED, NOT EVIDENT",22,9,41.9229310426,-87.7461194779,2018,35,POINT (-87.7461194779 41.9229310426),,,,,2018-09-15,False,18,Belmont Cragin
1457,30,NO CONTROLS,NO CONTROLS,CLEAR,"DARKNESS, LIGHTED ROAD",PEDALCYCLIST,ONE-WAY,STRAIGHT AND LEVEL,DRY,NO DEFECTS,,DRIVING ON WRONG SIDE/WRONG WAY,IMPROPER LANE USAGE,,NONINCAPACITATING INJURY,22,9,41.8970591442,-87.7506082871,2018,30,POINT (-87.7506082871 41.8970591442),,,,,2018-09-15,False,24,Austin
1458,35,NO CONTROLS,NO CONTROLS,CLEAR,DAYLIGHT,PEDALCYCLIST,ONE-WAY,STRAIGHT AND LEVEL,DRY,NO DEFECTS,,FAILING TO YIELD RIGHT-OF-WAY,UNABLE TO DETERMINE,,NONINCAPACITATING INJURY,10,9,41.718070897,-87.6329682168,2018,35,POINT (-87.6329682168 41.718070897),,,,,2018-09-16,False,48,Roseland
1459,30,NO CONTROLS,NO CONTROLS,CLEAR,DAYLIGHT,PEDALCYCLIST,NOT DIVIDED,STRAIGHT AND LEVEL,DRY,NO DEFECTS,,UNABLE TO DETERMINE,UNABLE TO DETERMINE,,NONINCAPACITATING INJURY,13,9,41.8944993237,-87.7557306043,2018,30,POINT (-87.7557306043 41.8944993237),,,,,2018-09-16,False,24,Austin
1460,30,NO CONTROLS,NO CONTROLS,CLEAR,DAYLIGHT,PEDALCYCLIST,NOT DIVIDED,STRAIGHT AND LEVEL,DRY,NO DEFECTS,,FAILING TO YIELD RIGHT-OF-WAY,NOT APPLICABLE,Y,"REPORTED, NOT EVIDENT",16,9,41.9438678608,-87.6536572916,2018,30,POINT (-87.6536572916 41.9438678608),,,,,2018-09-16,False,5,Lake View
1461,30,STOP SIGN/FLASHER,FUNCTIONING PROPERLY,CLEAR,DAYLIGHT,PEDALCYCLIST,NOT DIVIDED,STRAIGHT AND LEVEL,DRY,NO DEFECTS,Y,CELL PHONE USE OTHER THAN TEXTING,NOT APPLICABLE,,NO INDICATION OF INJURY,17,9,41.9942042034,-87.6770820973,2018,30,POINT (-87.6770820973 41.9942042034),,,,,2018-09-16,False,1,West Ridge
1462,15,TRAFFIC SIGNAL,FUNCTIONING PROPERLY,CLEAR,DAYLIGHT,PEDALCYCLIST,NOT DIVIDED,STRAIGHT AND LEVEL,DRY,NO DEFECTS,Y,NOT APPLICABLE,NOT APPLICABLE,,NONINCAPACITATING INJURY,21,9,41.9690392199,-87.6505468904,2018,15,POINT (-87.6505468904 41.9690392199),,,,,2018-09-16,False,2,Uptown
1463,20,NO CONTROLS,NO CONTROLS,CLEAR,DAYLIGHT,PEDALCYCLIST,ONE-WAY,STRAIGHT AND LEVEL,DRY,NO DEFECTS,,UNABLE TO DETERMINE,UNABLE TO DETERMINE,,"REPORTED, NOT EVIDENT",8,9,41.7788463618,-87.6812035353,2018,20,POINT (-87.6812035353 41.7788463618),,,,,2018-09-17,False,65,Chicago Lawn
1464,30,NO CONTROLS,NO CONTROLS,CLEAR,DAYLIGHT,PEDALCYCLIST,NOT DIVIDED,STRAIGHT AND LEVEL,DRY,NO DEFECTS,,DISREGARDING YIELD SIGN,NOT APPLICABLE,N,NONINCAPACITATING INJURY,10,9,41.8596408547,-87.6241201784,2018,30,POINT (-87.6241201784 41.8596408547),,,,,2018-09-17,False,32,Near South Side
1465,30,TRAFFIC SIGNAL,FUNCTIONING PROPERLY,CLEAR,DAYLIGHT,PEDALCYCLIST,ONE-WAY,STRAIGHT AND LEVEL,DRY,NO DEFECTS,,UNABLE TO DETERMINE,NOT APPLICABLE,,NO INDICATION OF INJURY,10,9,41.9043179423,-87.6798807115,2018,30,POINT (-87.6798807115 41.9043179423),,,,,2018-09-17,False,23,West Town
1466,25,NO CONTROLS,NO CONTROLS,CLEAR,DAYLIGHT,PEDALCYCLIST,ALLEY,STRAIGHT AND LEVEL,DRY,NO DEFECTS,Y,UNABLE TO DETERMINE,NOT APPLICABLE,,INCAPACITATING INJURY,13,9,41.8940744368,-87.7222252148,2018,25,POINT (-87.7222252148 41.8940744368),,,,,2018-09-17,True,22,Humboldt Park
1467,30,TRAFFIC SIGNAL,FUNCTIONING PROPERLY,CLEAR,DAYLIGHT,PEDALCYCLIST,NOT DIVIDED,STRAIGHT AND LEVEL,DRY,NO DEFECTS,Y,IMPROPER OVERTAKING/PASSING,EXCEEDING AUTHORIZED SPEED LIMIT,,NONINCAPACITATING INJURY,14,9,41.8744800119,-87.6424987862,2018,30,POINT (-87.6424987862 41.8744800119),,,,,2018-09-17,False,27,Near West Side
1468,30,NO CONTROLS,NO CONTROLS,CLEAR,DAYLIGHT,PEDALCYCLIST,DIVIDED - W/MEDIAN (NOT RAISED),STRAIGHT AND LEVEL,DRY,NO DEFECTS,,FAILING TO YIELD RIGHT-OF-WAY,FAILING TO YIELD RIGHT-OF-WAY,,"REPORTED, NOT EVIDENT",15,9,41.9526441201,-87.8047747158,2018,30,POINT (-87.8047747158 41.9526441201),,,,,2018-09-17,False,16,Dunning
1469,30,STOP SIGN/FLASHER,FUNCTIONING PROPERLY,CLEAR,DAYLIGHT,PEDALCYCLIST,NOT DIVIDED,STRAIGHT AND LEVEL,DRY,NO DEFECTS,Y,DISREGARDING STOP SIGN,NOT APPLICABLE,,NONINCAPACITATING INJURY,17,9,41.8563894217,-87.637204268,2018,30,POINT (-87.637204268 41.8563894217),,,,,2018-09-17,False,30,Lower West Side
1470,30,TRAFFIC SIGNAL,FUNCTIONING PROPERLY,CLEAR,DAYLIGHT,PEDALCYCLIST,NOT DIVIDED,STRAIGHT AND LEVEL,DRY,NO DEFECTS,,UNABLE TO DETERMINE,NOT APPLICABLE,,NO INDICATION OF INJURY,17,9,41.8695241819,-87.656819405,2018,30,POINT (-87.656819405 41.8695241819),,,,,2018-09-17,False,27,Near West Side
1471,30,TRAFFIC SIGNAL,FUNCTIONING PROPERLY,CLEAR,DAWN,PEDALCYCLIST,DIVIDED - W/MEDIAN (NOT RAISED),STRAIGHT AND LEVEL,DRY,NO DEFECTS,,UNABLE TO DETERMINE,UNABLE TO DETERMINE,,NO INDICATION OF INJURY,18,9,41.8968983785,-87.6202075465,2018,30,POINT (-87.6202075465 41.8968983785),,,,,2018-09-17,False,7,Near North Side
1472,0,NO CONTROLS,NOT FUNCTIONING,CLEAR,"DARKNESS, LIGHTED ROAD",PEDALCYCLIST,ONE-WAY,STRAIGHT AND LEVEL,DRY,"RUT, HOLES",,UNABLE TO DETERMINE,UNABLE TO DETERMINE,Y,NONINCAPACITATING INJURY,18,9,41.9890198229,-87.6583292409,2018,0,POINT (-87.6583292409 41.9890198229),,,,,2018-09-17,False,76,Edgewater
1473,30,STOP SIGN/FLASHER,UNKNOWN,CLEAR,DAWN,PEDALCYCLIST,UNKNOWN,STRAIGHT AND LEVEL,DRY,NO DEFECTS,,"OPERATING VEHICLE IN ERRATIC, RECKLESS, CARELESS, NEGLIGENT OR AGGRESSIVE MANNER",NOT APPLICABLE,,NONINCAPACITATING INJURY,19,9,41.8030606907,-87.6637520925,2018,30,POINT (-87.6637520925 41.8030606907),,,,,2018-09-17,False,60,New City
1474,30,NO CONTROLS,NO CONTROLS,CLEAR,"DARKNESS, LIGHTED ROAD",PEDALCYCLIST,PARKING LOT,STRAIGHT AND LEVEL,DRY,NO DEFECTS,,UNABLE TO DETERMINE,UNABLE TO DETERMINE,N,NO INDICATION OF INJURY,21,9,41.756736099,-87.5930709554,2018,30,POINT (-87.5930709554 41.756736099),,,,,2018-09-17,False,42,South Shore
1475,30,TRAFFIC SIGNAL,FUNCTIONING PROPERLY,CLEAR,"DARKNESS, LIGHTED ROAD",PEDALCYCLIST,DIVIDED - W/MEDIAN (NOT RAISED),STRAIGHT AND LEVEL,DRY,NO DEFECTS,Y,UNABLE TO DETERMINE,UNABLE TO DETERMINE,,NONINCAPACITATING INJURY,0,9,41.8949622935,-87.7654607912,2018,30,POINT (-87.7654607912 41.8949622935),,,,,2018-09-18,False,24,Austin
1476,30,UNKNOWN,UNKNOWN,CLEAR,"DARKNESS, LIGHTED ROAD",PEDALCYCLIST,ONE-WAY,STRAIGHT AND LEVEL,DRY,UNKNOWN,,UNABLE TO DETERMINE,NOT APPLICABLE,Y,NONINCAPACITATING INJURY,4,9,41.9289216588,-87.6659241491,2018,30,POINT (-87.6659241491 41.9289216588),,,,,2018-09-18,False,6,Lincoln Park
1477,30,NO CONTROLS,NO CONTROLS,CLEAR,DAYLIGHT,PEDALCYCLIST,DIVIDED - W/MEDIAN (NOT RAISED),STRAIGHT AND LEVEL,DRY,NO DEFECTS,,DRIVING ON WRONG SIDE/WRONG WAY,UNABLE TO DETERMINE,,NONINCAPACITATING INJURY,12,9,41.8842495566,-87.7063593914,2018,30,POINT (-87.7063593914 41.8842495566),,,,,2018-09-18,False,26,Garfield Park
1478,30,TRAFFIC SIGNAL,FUNCTIONING PROPERLY,CLEAR,DAYLIGHT,PEDALCYCLIST,ONE-WAY,STRAIGHT AND LEVEL,DRY,NO DEFECTS,Y,FAILING TO YIELD RIGHT-OF-WAY,FAILING TO REDUCE SPEED TO AVOID CRASH,,NONINCAPACITATING INJURY,16,9,41.7933489235,-87.7086022636,2018,30,POINT (-87.7086022636 41.7933489235),,,,,2018-09-18,False,62,Gage Park
1479,15,NO CONTROLS,NO CONTROLS,CLEAR,DAYLIGHT,PEDALCYCLIST,DRIVEWAY,STRAIGHT AND LEVEL,DRY,NO DEFECTS,,NOT APPLICABLE,NOT APPLICABLE,,NO INDICATION OF INJURY,17,9,41.7058717727,-87.7158105657,2018,15,POINT (-87.7158105657 41.7058717727),,,,,2018-09-18,False,73,Mount Greenwood
1480,30,TRAFFIC SIGNAL,FUNCTIONING PROPERLY,CLEAR,DARKNESS,PEDALCYCLIST,ONE-WAY,STRAIGHT AND LEVEL,DRY,NO DEFECTS,Y,FAILING TO YIELD RIGHT-OF-WAY,IMPROPER TURNING/NO SIGNAL,,NONINCAPACITATING INJURY,19,9,41.8845772195,-87.6244036339,2018,30,POINT (-87.6244036339 41.8845772195),,,,,2018-09-18,False,31,Loop
1481,30,NO CONTROLS,NO CONTROLS,CLEAR,DAYLIGHT,PEDALCYCLIST,NOT DIVIDED,STRAIGHT AND LEVEL,DRY,UNKNOWN,,UNABLE TO DETERMINE,DRIVING SKILLS/KNOWLEDGE/EXPERIENCE,Y,INCAPACITATING INJURY,9,9,41.9544675957,-87.6488149001,2018,30,POINT (-87.6488149001 41.9544675957),,,,,2018-09-19,True,2,Uptown
1482,30,TRAFFIC SIGNAL,FUNCTIONING PROPERLY,CLEAR,DAYLIGHT,PEDALCYCLIST,NOT DIVIDED,STRAIGHT AND LEVEL,DRY,NO DEFECTS,Y,UNABLE TO DETERMINE,UNABLE TO DETERMINE,,NONINCAPACITATING INJURY,11,9,41.7596745819,-87.6444202389,2018,30,POINT (-87.6444202389 41.7596745819),,,,,2018-09-19,False,67,Englewood
1483,30,TRAFFIC SIGNAL,FUNCTIONING PROPERLY,CLEAR,DAYLIGHT,PEDALCYCLIST,NOT DIVIDED,STRAIGHT AND LEVEL,DRY,NO DEFECTS,Y,UNABLE TO DETERMINE,NOT APPLICABLE,,NO INDICATION OF INJURY,11,9,41.8576430378,-87.6318500315,2018,30,POINT (-87.6318500315 41.8576430378),,,,,2018-09-19,False,32,Near South Side
1484,30,NO CONTROLS,NO CONTROLS,CLEAR,DAYLIGHT,PEDALCYCLIST,DIVIDED - W/MEDIAN (NOT RAISED),STRAIGHT AND LEVEL,DRY,NO DEFECTS,,UNABLE TO DETERMINE,NOT APPLICABLE,Y,NONINCAPACITATING INJURY,13,9,41.9171539491,-87.73639149,2018,30,POINT (-87.73639149 41.9171539491),,,,,2018-09-19,False,19,Hermosa
1485,25,NO CONTROLS,NO CONTROLS,CLEAR,DAYLIGHT,PEDALCYCLIST,NOT DIVIDED,STRAIGHT AND LEVEL,DRY,NO DEFECTS,,UNABLE TO DETERMINE,UNABLE TO DETERMINE,Y,NONINCAPACITATING INJURY,14,9,41.9169244527,-87.7372156391,2018,25,POINT (-87.7372156391 41.9169244527),,,,,2018-09-19,False,19,Hermosa
1486,35,TRAFFIC SIGNAL,FUNCTIONING PROPERLY,CLEAR,DAYLIGHT,PEDALCYCLIST,ONE-WAY,STRAIGHT AND LEVEL,DRY,NO DEFECTS,,FAILING TO REDUCE SPEED TO AVOID CRASH,NOT APPLICABLE,,"REPORTED, NOT EVIDENT",14,9,41.8845758621,-87.6344712359,2018,35,POINT (-87.6344712359 41.8845758621),,,,,2018-09-19,False,31,Loop
1487,30,UNKNOWN,UNKNOWN,RAIN,DARKNESS,PEDALCYCLIST,NOT DIVIDED,STRAIGHT AND LEVEL,WET,UNKNOWN,,UNABLE TO DETERMINE,NOT APPLICABLE,,NONINCAPACITATING INJURY,19,9,41.9655128419,-87.6572480023,2018,30,POINT (-87.6572480023 41.9655128419),,,,,2018-09-19,False,2,Uptown
1488,30,NO CONTROLS,NO CONTROLS,CLEAR,DAYLIGHT,PEDALCYCLIST,NOT DIVIDED,STRAIGHT AND LEVEL,DRY,NO DEFECTS,Y,FAILING TO YIELD RIGHT-OF-WAY,NOT APPLICABLE,,NONINCAPACITATING INJURY,7,9,41.6846780195,-87.6692131245,2018,30,POINT (-87.6692131245 41.6846780195),,,,,2018-09-20,False,74,Morgan Park
1489,20,TRAFFIC SIGNAL,FUNCTIONING PROPERLY,CLEAR,DAYLIGHT,PEDALCYCLIST,ONE-WAY,STRAIGHT AND LEVEL,DRY,NO DEFECTS,Y,FAILING TO YIELD RIGHT-OF-WAY,IMPROPER TURNING/NO SIGNAL,,NO INDICATION OF INJURY,7,9,41.9497566424,-87.7571572846,2018,20,POINT (-87.7571572846 41.9497566424),,,,,2018-09-20,False,14,Portage Park
1490,20,STOP SIGN/FLASHER,FUNCTIONING PROPERLY,CLEAR,DAYLIGHT,PEDALCYCLIST,NOT DIVIDED,STRAIGHT AND LEVEL,OTHER,OTHER,Y,"OPERATING VEHICLE IN ERRATIC, RECKLESS, CARELESS, NEGLIGENT OR AGGRESSIVE MANNER",FAILING TO YIELD RIGHT-OF-WAY,,NONINCAPACITATING INJURY,11,9,41.950761883,-87.7618500668,2018,20,POINT (-87.7618500668 41.950761883),,,,,2018-09-20,False,14,Portage Park