Unnamed: 0,POSTED_SPEED_LIMIT,TRAFFIC_CONTROL_DEVICE,DEVICE_CONDITION,WEATHER_CONDITION,LIGHTING_CONDITION,FIRST_CRASH_TYPE,TRAFFICWAY_TYPE,ALIGNMENT,ROADWAY_SURFACE_COND,ROAD_DEFECT,INTERSECTION_RELATED_I,PRIM_CONTRIBUTORY_CAUSE,SEC_CONTRIBUTORY_CAUSE,DOORING_I,MOST_SEVERE_INJURY,CRASH_HOUR,CRASH_MONTH,LATITUDE,LONGITUDE,CRASH_YEAR,SPEED_LIMIT,geometry,DISPLAYROU,the_geom,DIST,LANE_TYPE,CRASH_DATE,is_severe,index_right,CArea
1491,30,NO CONTROLS,NO CONTROLS,CLEAR,DAYLIGHT,PEDALCYCLIST,NOT DIVIDED,STRAIGHT AND LEVEL,DRY,NO DEFECTS,,DISTRACTION - FROM INSIDE VEHICLE,DRIVING SKILLS/KNOWLEDGE/EXPERIENCE,Y,INCAPACITATING INJURY,11,9,41.9398363376,-87.6517377736,2018,30,POINT (-87.6517377736 41.9398363376),,,,,2018-09-20,True,5,Lake View
1492,30,NO CONTROLS,NO CONTROLS,CLEAR,DAYLIGHT,PEDALCYCLIST,NOT DIVIDED,STRAIGHT AND LEVEL,DRY,NO DEFECTS,,UNABLE TO DETERMINE,NOT APPLICABLE,Y,NONINCAPACITATING INJURY,12,9,42.0169030081,-87.6900538506,2018,30,POINT (-87.6900538506 42.0169030081),,,,,2018-09-20,False,1,West Ridge
1493,15,NO CONTROLS,NO CONTROLS,CLEAR,DAYLIGHT,PEDALCYCLIST,OTHER,STRAIGHT AND LEVEL,DRY,NO DEFECTS,,NOT APPLICABLE,NOT APPLICABLE,,NONINCAPACITATING INJURY,14,9,41.7796290102,-87.6610548178,2018,15,POINT (-87.6610548178 41.7796290102),,,,,2018-09-20,False,66,Englewood
1494,30,NO CONTROLS,NO CONTROLS,CLEAR,DAYLIGHT,PEDALCYCLIST,NOT DIVIDED,STRAIGHT AND LEVEL,UNKNOWN,UNKNOWN,,DRIVING SKILLS/KNOWLEDGE/EXPERIENCE,FAILING TO YIELD RIGHT-OF-WAY,Y,NONINCAPACITATING INJURY,15,9,41.9474079051,-87.649342634,2018,30,POINT (-87.649342634 41.9474079051),,,,,2018-09-20,False,5,Lake View
1495,30,NO CONTROLS,NO CONTROLS,CLEAR,DAYLIGHT,PEDALCYCLIST,NOT DIVIDED,STRAIGHT AND LEVEL,DRY,NO DEFECTS,,UNABLE TO DETERMINE,UNABLE TO DETERMINE,,NO INDICATION OF INJURY,16,9,41.9196879611,-87.661511321,2018,30,POINT (-87.661511321 41.9196879611),,,,,2018-09-20,False,6,Lincoln Park
1496,30,NO CONTROLS,NO CONTROLS,CLEAR,DAYLIGHT,PEDALCYCLIST,NOT DIVIDED,STRAIGHT AND LEVEL,DRY,NO DEFECTS,,UNABLE TO DETERMINE,NOT APPLICABLE,,NO INDICATION OF INJURY,16,9,41.8916428462,-87.6379080857,2018,30,POINT (-87.6379080857 41.8916428462),,,,,2018-09-20,False,7,Near North Side
1497,30,NO CONTROLS,NO CONTROLS,CLEAR,"DARKNESS, LIGHTED ROAD",PEDALCYCLIST,NOT DIVIDED,STRAIGHT AND LEVEL,DRY,NO DEFECTS,,"OPERATING VEHICLE IN ERRATIC, RECKLESS, CARELESS, NEGLIGENT OR AGGRESSIVE MANNER",UNABLE TO DETERMINE,Y,NONINCAPACITATING INJURY,18,9,41.9353471786,-87.6623998794,2018,30,POINT (-87.6623998794 41.9353471786),,,,,2018-09-20,False,5,Lake View
1498,0,NO CONTROLS,NO CONTROLS,CLEAR,"DARKNESS, LIGHTED ROAD",PEDALCYCLIST,OTHER,STRAIGHT AND LEVEL,DRY,NO DEFECTS,,UNABLE TO DETERMINE,UNABLE TO DETERMINE,,NONINCAPACITATING INJURY,19,9,41.911700944,-87.7352515147,2018,0,POINT (-87.7352515147 41.911700944),,,,,2018-09-20,False,22,Humboldt Park
1499,30,NO CONTROLS,NO CONTROLS,CLEAR,"DARKNESS, LIGHTED ROAD",PEDALCYCLIST,NOT DIVIDED,STRAIGHT AND LEVEL,DRY,UNKNOWN,,UNABLE TO DETERMINE,UNABLE TO DETERMINE,,NONINCAPACITATING INJURY,19,9,41.9694508198,-87.7135412842,2018,30,POINT (-87.7135412842 41.9694508198),,,,,2018-09-20,False,13,Albany Park
1500,35,NO CONTROLS,NO CONTROLS,CLEAR,"DARKNESS, LIGHTED ROAD",PEDALCYCLIST,DIVIDED - W/MEDIAN (NOT RAISED),STRAIGHT AND LEVEL,DRY,NO DEFECTS,,FAILING TO YIELD RIGHT-OF-WAY,IMPROPER TURNING/NO SIGNAL,,NO INDICATION OF INJURY,19,9,41.967920936,-87.6671496425,2018,35,POINT (-87.6671496425 41.967920936),,,,,2018-09-20,False,2,Uptown
1501,20,TRAFFIC SIGNAL,FUNCTIONING PROPERLY,CLEAR,"DARKNESS, LIGHTED ROAD",PEDALCYCLIST,NOT DIVIDED,STRAIGHT AND LEVEL,DRY,UNKNOWN,Y,UNABLE TO DETERMINE,NOT APPLICABLE,,NONINCAPACITATING INJURY,20,9,41.8866948797,-87.644201917,2018,20,POINT (-87.644201917 41.8866948797),,,,,2018-09-20,False,7,Near North Side
1502,30,NO CONTROLS,NO CONTROLS,CLEAR,"DARKNESS, LIGHTED ROAD",PEDALCYCLIST,DIVIDED - W/MEDIAN (NOT RAISED),STRAIGHT AND LEVEL,DRY,NO DEFECTS,,"VISION OBSCURED (SIGNS, TREE LIMBS, BUILDINGS, ETC.)",NOT APPLICABLE,,NONINCAPACITATING INJURY,21,9,41.9133424682,-87.6818224808,2018,30,POINT (-87.6818224808 41.9133424682),,,,,2018-09-20,False,6,Lincoln Park
1503,30,NO CONTROLS,NO CONTROLS,CLEAR,"DARKNESS, LIGHTED ROAD",PEDALCYCLIST,DIVIDED - W/MEDIAN (NOT RAISED),STRAIGHT AND LEVEL,DRY,NO DEFECTS,,FAILING TO YIELD RIGHT-OF-WAY,FAILING TO YIELD RIGHT-OF-WAY,Y,NONINCAPACITATING INJURY,1,9,41.8991098473,-87.6477327601,2018,30,POINT (-87.6477327601 41.8991098473),,,,,2018-09-21,False,7,Near North Side
1504,20,NO CONTROLS,NO CONTROLS,CLEAR,DAYLIGHT,PEDALCYCLIST,NOT DIVIDED,"CURVE, LEVEL",DRY,NO DEFECTS,,FAILING TO YIELD RIGHT-OF-WAY,"OPERATING VEHICLE IN ERRATIC, RECKLESS, CARELESS, NEGLIGENT OR AGGRESSIVE MANNER",,NONINCAPACITATING INJURY,7,9,41.9706115136,-87.6899767198,2018,20,POINT (-87.6899767198 41.9706115136),,,,,2018-09-21,False,3,Lincoln Square
1505,35,NO CONTROLS,NO CONTROLS,CLEAR,DAYLIGHT,PEDALCYCLIST,NOT DIVIDED,STRAIGHT AND LEVEL,DRY,NO DEFECTS,,UNABLE TO DETERMINE,UNABLE TO DETERMINE,,NO INDICATION OF INJURY,8,9,41.9575051766,-87.6809391467,2018,35,POINT (-87.6809391467 41.9575051766),,,,,2018-09-21,False,4,North Center
1507,30,NO CONTROLS,NO CONTROLS,CLEAR,DAYLIGHT,PEDALCYCLIST,NOT DIVIDED,STRAIGHT AND LEVEL,DRY,UNKNOWN,,FAILING TO YIELD RIGHT-OF-WAY,FAILING TO YIELD RIGHT-OF-WAY,,NO INDICATION OF INJURY,14,9,41.8784357923,-87.7059000629,2018,30,POINT (-87.7059000629 41.8784357923),,,,,2018-09-21,False,26,Garfield Park
1508,35,TRAFFIC SIGNAL,FUNCTIONING PROPERLY,CLEAR,DAYLIGHT,PEDALCYCLIST,NOT DIVIDED,STRAIGHT AND LEVEL,DRY,NO DEFECTS,,UNABLE TO DETERMINE,UNABLE TO DETERMINE,N,NO INDICATION OF INJURY,14,9,41.8464007185,-87.6954163188,2018,35,POINT (-87.6954163188 41.8464007185),,,,,2018-09-21,False,28,North Lawndale
1509,30,TRAFFIC SIGNAL,FUNCTIONING PROPERLY,CLEAR,DAYLIGHT,PEDALCYCLIST,DIVIDED - W/MEDIAN (NOT RAISED),STRAIGHT AND LEVEL,DRY,NO DEFECTS,Y,FAILING TO YIELD RIGHT-OF-WAY,NOT APPLICABLE,,NO INDICATION OF INJURY,15,9,41.9399468374,-87.6877785442,2018,30,POINT (-87.6877785442 41.9399468374),,,,,2018-09-21,False,4,North Center
1510,25,STOP SIGN/FLASHER,FUNCTIONING PROPERLY,CLEAR,DAYLIGHT,PEDALCYCLIST,ONE-WAY,STRAIGHT AND LEVEL,DRY,NO DEFECTS,Y,UNABLE TO DETERMINE,DRIVING SKILLS/KNOWLEDGE/EXPERIENCE,,NONINCAPACITATING INJURY,16,9,41.7974742694,-87.6913163796,2018,25,POINT (-87.6913163796 41.7974742694),,,,,2018-09-21,False,62,Gage Park
1511,30,TRAFFIC SIGNAL,FUNCTIONING PROPERLY,CLEAR,"DARKNESS, LIGHTED ROAD",PEDALCYCLIST,DIVIDED - W/MEDIAN (NOT RAISED),STRAIGHT AND LEVEL,DRY,NO DEFECTS,,UNABLE TO DETERMINE,NOT APPLICABLE,,"REPORTED, NOT EVIDENT",20,9,41.9247969338,-87.7073677247,2018,30,POINT (-87.7073677247 41.9247969338),,,,,2018-09-21,False,21,Logan Square
1512,30,STOP SIGN/FLASHER,FUNCTIONING PROPERLY,CLEAR,DARKNESS,PEDALCYCLIST,NOT DIVIDED,STRAIGHT AND LEVEL,DRY,NO DEFECTS,,DISREGARDING STOP SIGN,UNABLE TO DETERMINE,,NO INDICATION OF INJURY,23,9,41.7861093152,-87.7083651434,2018,30,POINT (-87.7083651434 41.7861093152),,,,,2018-09-21,False,62,Gage Park
1513,30,NO CONTROLS,NO CONTROLS,CLEAR,"DARKNESS, LIGHTED ROAD",PEDALCYCLIST,DIVIDED - W/MEDIAN (NOT RAISED),STRAIGHT AND LEVEL,DRY,NO DEFECTS,,NOT APPLICABLE,NOT APPLICABLE,,INCAPACITATING INJURY,23,9,41.8096900222,-87.6023918543,2018,30,POINT (-87.6023918543 41.8096900222),,,,,2018-09-21,True,38,Kenwood
1514,30,STOP SIGN/FLASHER,FUNCTIONING PROPERLY,CLEAR,DAYLIGHT,PEDALCYCLIST,OTHER,STRAIGHT AND LEVEL,DRY,NO DEFECTS,Y,FAILING TO YIELD RIGHT-OF-WAY,UNABLE TO DETERMINE,,NONINCAPACITATING INJURY,11,9,41.9217838481,-87.6952945994,2018,30,POINT (-87.6952945994 41.9217838481),,,,,2018-09-22,False,21,Logan Square
1515,30,NO CONTROLS,NO CONTROLS,CLEAR,DAYLIGHT,PEDALCYCLIST,NOT DIVIDED,STRAIGHT AND LEVEL,DRY,UNKNOWN,,IMPROPER LANE USAGE,UNABLE TO DETERMINE,,NO INDICATION OF INJURY,14,9,41.8601680984,-87.6241331838,2018,30,POINT (-87.6241331838 41.8601680984),,,,,2018-09-22,False,32,Near South Side
1516,15,NO CONTROLS,NO CONTROLS,CLEAR,DAYLIGHT,PEDALCYCLIST,ALLEY,STRAIGHT AND LEVEL,DRY,NO DEFECTS,,UNABLE TO DETERMINE,NOT APPLICABLE,,NO INDICATION OF INJURY,14,9,41.7861866452,-87.6344306821,2018,15,POINT (-87.6344306821 41.7861866452),,,,,2018-09-22,False,67,Englewood
1517,30,TRAFFIC SIGNAL,UNKNOWN,CLEAR,DAYLIGHT,PEDALCYCLIST,NOT DIVIDED,STRAIGHT AND LEVEL,DRY,NO DEFECTS,Y,UNABLE TO DETERMINE,UNABLE TO DETERMINE,,NONINCAPACITATING INJURY,16,9,41.9173308064,-87.6875505257,2018,30,POINT (-87.6875505257 41.9173308064),,,,,2018-09-22,False,21,Logan Square
1518,35,TRAFFIC SIGNAL,FUNCTIONING PROPERLY,CLEAR,DAYLIGHT,PEDALCYCLIST,ONE-WAY,STRAIGHT AND LEVEL,DRY,NO DEFECTS,,DISREGARDING TRAFFIC SIGNALS,FAILING TO YIELD RIGHT-OF-WAY,N,NONINCAPACITATING INJURY,17,9,41.7163129532,-87.628679762,2018,35,POINT (-87.628679762 41.7163129532),,,,,2018-09-22,False,48,Roseland
1519,30,NO CONTROLS,NO CONTROLS,CLEAR,DAYLIGHT,PEDALCYCLIST,ONE-WAY,STRAIGHT AND LEVEL,DRY,NO DEFECTS,,IMPROPER LANE USAGE,NOT APPLICABLE,,"REPORTED, NOT EVIDENT",17,9,41.9536298328,-87.6497692292,2018,30,POINT (-87.6497692292 41.9536298328),,,,,2018-09-22,False,5,Lake View
1520,30,NO CONTROLS,NO CONTROLS,CLEAR,DAYLIGHT,PEDALCYCLIST,DIVIDED - W/MEDIAN (NOT RAISED),STRAIGHT AND LEVEL,DRY,NO DEFECTS,,FOLLOWING TOO CLOSELY,PHYSICAL CONDITION OF DRIVER,,NONINCAPACITATING INJURY,18,9,41.8906788994,-87.6281786988,2018,30,POINT (-87.6281786988 41.8906788994),,,,,2018-09-22,False,7,Near North Side
1521,30,NO CONTROLS,NO CONTROLS,CLEAR,DAYLIGHT,PEDALCYCLIST,NOT DIVIDED,STRAIGHT AND LEVEL,DRY,NO DEFECTS,,DRIVING SKILLS/KNOWLEDGE/EXPERIENCE,NOT APPLICABLE,,NO INDICATION OF INJURY,13,9,41.9049515961,-87.6871384525,2018,30,POINT (-87.6871384525 41.9049515961),,,,,2018-09-23,False,23,West Town
1522,0,NO CONTROLS,NO CONTROLS,CLEAR,DAYLIGHT,PEDALCYCLIST,NOT DIVIDED,STRAIGHT AND LEVEL,DRY,NO DEFECTS,,UNABLE TO DETERMINE,NOT APPLICABLE,,NONINCAPACITATING INJURY,14,9,41.9052402274,-87.6346754984,2018,0,POINT (-87.6346754984 41.9052402274),,,,,2018-09-23,False,7,Near North Side
1523,30,NO CONTROLS,NO CONTROLS,CLEAR,DARKNESS,PEDALCYCLIST,NOT DIVIDED,STRAIGHT AND LEVEL,DRY,NO DEFECTS,,UNABLE TO DETERMINE,NOT APPLICABLE,Y,NO INDICATION OF INJURY,16,9,41.7639911887,-87.7222934063,2018,30,POINT (-87.7222934063 41.7639911887),,,,,2018-09-23,False,64,West Lawn
1524,30,TRAFFIC SIGNAL,FUNCTIONING PROPERLY,CLEAR,DAYLIGHT,PEDALCYCLIST,DIVIDED - W/MEDIAN (NOT RAISED),STRAIGHT AND LEVEL,DRY,NO DEFECTS,Y,"OPERATING VEHICLE IN ERRATIC, RECKLESS, CARELESS, NEGLIGENT OR AGGRESSIVE MANNER",UNABLE TO DETERMINE,,FATAL,17,9,41.9972372887,-87.7117977826,2018,30,POINT (-87.7117977826 41.9972372887),,,,,2018-09-23,True,12,North Park
1525,25,TRAFFIC SIGNAL,FUNCTIONING PROPERLY,CLEAR,DAYLIGHT,PEDALCYCLIST,NOT DIVIDED,STRAIGHT AND LEVEL,DRY,NO DEFECTS,Y,"VISION OBSCURED (SIGNS, TREE LIMBS, BUILDINGS, ETC.)",BICYCLE ADVANCING LEGALLY ON RED LIGHT,,NONINCAPACITATING INJURY,17,9,41.998184771,-87.6706625622,2018,25,POINT (-87.6706625622 41.998184771),,,,,2018-09-23,False,0,Rogers Park
1526,30,NO CONTROLS,NO CONTROLS,CLEAR,DAYLIGHT,PEDALCYCLIST,NOT DIVIDED,STRAIGHT AND LEVEL,DRY,NO DEFECTS,,UNABLE TO DETERMINE,UNABLE TO DETERMINE,,NO INDICATION OF INJURY,6,9,41.9393390257,-87.7163185776,2018,30,POINT (-87.7163185776 41.9393390257),,,,,2018-09-24,False,15,Irving Park
1527,30,TRAFFIC SIGNAL,FUNCTIONING PROPERLY,CLEAR,DAYLIGHT,PEDALCYCLIST,OTHER,STRAIGHT AND LEVEL,DRY,NO DEFECTS,Y,UNABLE TO DETERMINE,FAILING TO YIELD RIGHT-OF-WAY,,NONINCAPACITATING INJURY,7,9,41.8867587292,-87.6426576282,2018,30,POINT (-87.6426576282 41.8867587292),,,,,2018-09-24,False,7,Near North Side
1528,35,STOP SIGN/FLASHER,FUNCTIONING PROPERLY,CLEAR,DAYLIGHT,PEDALCYCLIST,DIVIDED - W/MEDIAN BARRIER,STRAIGHT AND LEVEL,DRY,NO DEFECTS,Y,FAILING TO YIELD RIGHT-OF-WAY,UNABLE TO DETERMINE,,NO INDICATION OF INJURY,8,9,41.8675665406,-87.6240941748,2018,35,POINT (-87.6240941748 41.8675665406),,,,,2018-09-24,False,31,Loop
1529,30,NO CONTROLS,NO CONTROLS,CLEAR,DAYLIGHT,PEDALCYCLIST,DIVIDED - W/MEDIAN (NOT RAISED),STRAIGHT AND LEVEL,DRY,NO DEFECTS,Y,FAILING TO YIELD RIGHT-OF-WAY,FAILING TO REDUCE SPEED TO AVOID CRASH,,NONINCAPACITATING INJURY,9,9,41.7913532116,-87.722962012,2018,30,POINT (-87.722962012 41.7913532116),,,,,2018-09-24,False,61,West Elsdon
1530,35,TRAFFIC SIGNAL,FUNCTIONING PROPERLY,RAIN,DAYLIGHT,PEDALCYCLIST,NOT DIVIDED,STRAIGHT AND LEVEL,WET,NO DEFECTS,Y,FAILING TO REDUCE SPEED TO AVOID CRASH,WEATHER,,NONINCAPACITATING INJURY,16,9,41.9043267889,-87.7214669874,2018,35,POINT (-87.7214669874 41.9043267889),,,,,2018-09-24,False,22,Humboldt Park
1531,30,STOP SIGN/FLASHER,OTHER,CLEAR,"DARKNESS, LIGHTED ROAD",PEDALCYCLIST,OTHER,STRAIGHT AND LEVEL,WET,NO DEFECTS,Y,UNABLE TO DETERMINE,NOT APPLICABLE,,NONINCAPACITATING INJURY,19,9,41.9215208059,-87.6619456639,2018,30,POINT (-87.6619456639 41.9215208059),,,,,2018-09-24,False,6,Lincoln Park
1532,35,STOP SIGN/FLASHER,FUNCTIONING PROPERLY,CLEAR,"DARKNESS, LIGHTED ROAD",PEDALCYCLIST,NOT DIVIDED,STRAIGHT AND LEVEL,DRY,NO DEFECTS,,FAILING TO YIELD RIGHT-OF-WAY,UNABLE TO DETERMINE,,NONINCAPACITATING INJURY,20,9,41.6990125228,-87.5354279136,2018,35,POINT (-87.5354279136 41.6990125228),,,,,2018-09-24,False,51,East Side
1533,30,NO CONTROLS,NO CONTROLS,CLEAR,"DARKNESS, LIGHTED ROAD",PEDALCYCLIST,NOT DIVIDED,STRAIGHT AND LEVEL,DRY,NO DEFECTS,,FAILING TO YIELD RIGHT-OF-WAY,FAILING TO YIELD RIGHT-OF-WAY,,NO INDICATION OF INJURY,21,9,41.939455869,-87.7057647326,2018,30,POINT (-87.7057647326 41.939455869),,,,,2018-09-24,False,15,Irving Park
1534,35,UNKNOWN,NO CONTROLS,CLEAR,"DARKNESS, LIGHTED ROAD",PEDALCYCLIST,NOT DIVIDED,STRAIGHT AND LEVEL,DRY,UNKNOWN,,FAILING TO YIELD RIGHT-OF-WAY,IMPROPER OVERTAKING/PASSING,,NONINCAPACITATING INJURY,1,9,41.7565367378,-87.612484826,2018,35,POINT (-87.612484826 41.7565367378),,,,,2018-09-25,False,68,Grand Crossing
1535,30,STOP SIGN/FLASHER,FUNCTIONING PROPERLY,RAIN,DARKNESS,PEDALCYCLIST,UNKNOWN,STRAIGHT AND LEVEL,WET,UNKNOWN,Y,FAILING TO YIELD RIGHT-OF-WAY,UNABLE TO DETERMINE,,NONINCAPACITATING INJURY,5,9,41.901632371,-87.6375137583,2018,30,POINT (-87.6375137583 41.901632371),,,,,2018-09-25,False,7,Near North Side
1536,30,TRAFFIC SIGNAL,FUNCTIONING PROPERLY,RAIN,DAYLIGHT,PEDALCYCLIST,NOT DIVIDED,STRAIGHT AND LEVEL,WET,NO DEFECTS,,UNABLE TO DETERMINE,FAILING TO YIELD RIGHT-OF-WAY,,NO INDICATION OF INJURY,7,9,41.7372627172,-87.5689140126,2018,30,POINT (-87.5689140126 41.7372627172),,,,,2018-09-25,False,44,Avalon Park
1537,30,NO CONTROLS,NO CONTROLS,CLEAR,DAYLIGHT,PEDALCYCLIST,ONE-WAY,STRAIGHT AND LEVEL,DRY,NO DEFECTS,,FAILING TO YIELD RIGHT-OF-WAY,UNABLE TO DETERMINE,,NONINCAPACITATING INJURY,14,9,41.8802652384,-87.6409973689,2018,30,POINT (-87.6409973689 41.8802652384),,,,,2018-09-25,False,27,Near West Side
1538,30,STOP SIGN/FLASHER,FUNCTIONING PROPERLY,CLEAR,DAYLIGHT,PEDALCYCLIST,OTHER,STRAIGHT AND LEVEL,DRY,SHOULDER DEFECT,Y,FAILING TO YIELD RIGHT-OF-WAY,"VISION OBSCURED (SIGNS, TREE LIMBS, BUILDINGS, ETC.)",,NONINCAPACITATING INJURY,15,9,41.8306893719,-87.6592093202,2018,30,POINT (-87.6592093202 41.8306893719),,,,,2018-09-25,False,58,Mckinley Park
1539,30,NO CONTROLS,NO CONTROLS,RAIN,DAWN,PEDALCYCLIST,NOT DIVIDED,STRAIGHT AND LEVEL,WET,NO DEFECTS,,FAILING TO YIELD RIGHT-OF-WAY,NOT APPLICABLE,Y,NONINCAPACITATING INJURY,17,9,41.919043574,-87.6970975253,2018,30,POINT (-87.6970975253 41.919043574),,,,,2018-09-25,False,21,Logan Square
1540,30,STOP SIGN/FLASHER,FUNCTIONING PROPERLY,RAIN,"DARKNESS, LIGHTED ROAD",PEDALCYCLIST,DIVIDED - W/MEDIAN (NOT RAISED),STRAIGHT AND LEVEL,WET,NO DEFECTS,,UNABLE TO DETERMINE,UNABLE TO DETERMINE,N,NO INDICATION OF INJURY,18,9,41.7305933813,-87.6630576299,2018,30,POINT (-87.6630576299 41.7305933813),,,,,2018-09-25,False,70,Auburn Gresham
1541,30,TRAFFIC SIGNAL,FUNCTIONING PROPERLY,CLEAR,"DARKNESS, LIGHTED ROAD",PEDALCYCLIST,OTHER,STRAIGHT AND LEVEL,DRY,UNKNOWN,Y,DISREGARDING TRAFFIC SIGNALS,FAILING TO REDUCE SPEED TO AVOID CRASH,,NO INDICATION OF INJURY,22,9,41.8918271016,-87.6255167108,2018,30,POINT (-87.6255167108 41.8918271016),,,,,2018-09-25,False,7,Near North Side
1542,35,STOP SIGN/FLASHER,FUNCTIONING PROPERLY,CLEAR,"DARKNESS, LIGHTED ROAD",PEDALCYCLIST,NOT DIVIDED,STRAIGHT AND LEVEL,DRY,NO DEFECTS,Y,FAILING TO YIELD RIGHT-OF-WAY,UNABLE TO DETERMINE,,NONINCAPACITATING INJURY,23,9,41.7482426448,-87.6829503806,2018,35,POINT (-87.6829503806 41.7482426448),,,,,2018-09-25,False,69,Ashburn
1543,30,UNKNOWN,UNKNOWN,CLEAR,DAYLIGHT,PEDALCYCLIST,DIVIDED - W/MEDIAN BARRIER,STRAIGHT AND LEVEL,DRY,UNKNOWN,,UNABLE TO DETERMINE,UNABLE TO DETERMINE,,NONINCAPACITATING INJURY,9,9,41.7662844565,-87.5828818946,2018,30,POINT (-87.5828818946 41.7662844565),,,,,2018-09-26,False,41,Woodlawn
1544,30,STOP SIGN/FLASHER,NO CONTROLS,CLEAR,DAYLIGHT,PEDALCYCLIST,PARKING LOT,STRAIGHT AND LEVEL,DRY,NO DEFECTS,Y,UNABLE TO DETERMINE,DRIVING SKILLS/KNOWLEDGE/EXPERIENCE,N,INCAPACITATING INJURY,11,9,41.7605411501,-87.5863302784,2018,30,POINT (-87.5863302784 41.7605411501),,,,,2018-09-26,True,42,South Shore
1545,25,NO CONTROLS,NO CONTROLS,CLEAR,DAYLIGHT,PEDALCYCLIST,NOT DIVIDED,STRAIGHT AND LEVEL,DRY,NO DEFECTS,,NOT APPLICABLE,NOT APPLICABLE,,"REPORTED, NOT EVIDENT",14,9,41.8702311448,-87.7450403653,2018,25,POINT (-87.7450403653 41.8702311448),,,,,2018-09-26,False,24,Austin
1546,30,TRAFFIC SIGNAL,UNKNOWN,CLEAR,DAYLIGHT,PEDALCYCLIST,DIVIDED - W/MEDIAN (NOT RAISED),STRAIGHT AND LEVEL,DRY,UNKNOWN,Y,UNABLE TO DETERMINE,UNABLE TO DETERMINE,,NONINCAPACITATING INJURY,14,9,41.8687766832,-87.7446956198,2018,30,POINT (-87.7446956198 41.8687766832),,,,,2018-09-26,False,24,Austin
1547,30,TRAFFIC SIGNAL,FUNCTIONING PROPERLY,CLEAR,DAYLIGHT,PEDALCYCLIST,NOT DIVIDED,STRAIGHT AND LEVEL,DRY,NO DEFECTS,,UNABLE TO DETERMINE,NOT APPLICABLE,,NONINCAPACITATING INJURY,14,9,41.8638632476,-87.6469696527,2018,30,POINT (-87.6469696527 41.8638632476),,,,,2018-09-26,False,27,Near West Side
1548,30,TRAFFIC SIGNAL,FUNCTIONING PROPERLY,CLEAR,DAYLIGHT,PEDALCYCLIST,NOT DIVIDED,STRAIGHT AND LEVEL,DRY,NO DEFECTS,,UNABLE TO DETERMINE,NOT APPLICABLE,Y,NO INDICATION OF INJURY,16,9,41.9308448039,-87.7882711091,2018,30,POINT (-87.7882711091 41.9308448039),,,,,2018-09-26,False,18,Belmont Cragin
1549,25,NO CONTROLS,NO CONTROLS,CLEAR,DAYLIGHT,PEDALCYCLIST,NOT DIVIDED,STRAIGHT AND LEVEL,DRY,NO DEFECTS,,FAILING TO YIELD RIGHT-OF-WAY,FAILING TO YIELD RIGHT-OF-WAY,,NO INDICATION OF INJURY,17,9,41.8916792806,-87.6354185257,2018,25,POINT (-87.6354185257 41.8916792806),,,,,2018-09-26,False,7,Near North Side
1550,30,NO CONTROLS,NO CONTROLS,CLEAR,DARKNESS,PEDALCYCLIST,NOT DIVIDED,STRAIGHT AND LEVEL,DRY,NO DEFECTS,,UNABLE TO DETERMINE,DRIVING SKILLS/KNOWLEDGE/EXPERIENCE,,"REPORTED, NOT EVIDENT",18,9,41.9226891099,-87.6446933356,2018,30,POINT (-87.6446933356 41.9226891099),,,,,2018-09-26,False,6,Lincoln Park
1551,30,NO CONTROLS,NO CONTROLS,CLEAR,"DARKNESS, LIGHTED ROAD",PEDALCYCLIST,NOT DIVIDED,STRAIGHT AND LEVEL,DRY,SHOULDER DEFECT,Y,FAILING TO YIELD RIGHT-OF-WAY,NOT APPLICABLE,,NONINCAPACITATING INJURY,19,9,41.9683241481,-87.7305432113,2018,30,POINT (-87.7305432113 41.9683241481),,,,,2018-09-26,False,11,Forest Glen
1552,30,NO CONTROLS,NO CONTROLS,CLEAR,DAYLIGHT,PEDALCYCLIST,DIVIDED - W/MEDIAN BARRIER,STRAIGHT ON HILLCREST,DRY,UNKNOWN,,FAILING TO YIELD RIGHT-OF-WAY,NOT APPLICABLE,,NO INDICATION OF INJURY,7,9,41.8951781718,-87.6478600545,2018,30,POINT (-87.6478600545 41.8951781718),,,,,2018-09-27,False,7,Near North Side
1554,30,TRAFFIC SIGNAL,FUNCTIONING PROPERLY,CLEAR,DAYLIGHT,PEDALCYCLIST,ONE-WAY,STRAIGHT AND LEVEL,DRY,NO DEFECTS,,UNABLE TO DETERMINE,UNABLE TO DETERMINE,Y,NONINCAPACITATING INJURY,8,9,41.8793927981,-87.6416261769,2018,30,POINT (-87.6416261769 41.8793927981),,,,,2018-09-27,False,27,Near West Side
1555,30,NO CONTROLS,NO CONTROLS,CLEAR,DAYLIGHT,PEDALCYCLIST,NOT DIVIDED,STRAIGHT AND LEVEL,DRY,NO DEFECTS,,UNABLE TO DETERMINE,UNABLE TO DETERMINE,,NONINCAPACITATING INJURY,11,9,41.9271502787,-87.7045023439,2018,30,POINT (-87.7045023439 41.9271502787),,,,,2018-09-27,False,21,Logan Square
1556,25,NO CONTROLS,NO CONTROLS,CLEAR,DAYLIGHT,PEDALCYCLIST,NOT DIVIDED,STRAIGHT AND LEVEL,DRY,NO DEFECTS,,NOT APPLICABLE,NOT APPLICABLE,,NO INDICATION OF INJURY,14,9,41.8740601078,-87.6683847406,2018,25,POINT (-87.6683847406 41.8740601078),,,,,2018-09-27,False,27,Near West Side