Unnamed: 0,POSTED_SPEED_LIMIT,TRAFFIC_CONTROL_DEVICE,DEVICE_CONDITION,WEATHER_CONDITION,LIGHTING_CONDITION,FIRST_CRASH_TYPE,TRAFFICWAY_TYPE,ALIGNMENT,ROADWAY_SURFACE_COND,ROAD_DEFECT,INTERSECTION_RELATED_I,PRIM_CONTRIBUTORY_CAUSE,SEC_CONTRIBUTORY_CAUSE,DOORING_I,MOST_SEVERE_INJURY,CRASH_HOUR,CRASH_MONTH,LATITUDE,LONGITUDE,CRASH_YEAR,SPEED_LIMIT,geometry,DISPLAYROU,the_geom,DIST,LANE_TYPE,CRASH_DATE,is_severe,index_right,CArea
1557,30,NO CONTROLS,NO CONTROLS,CLEAR,DAYLIGHT,PEDALCYCLIST,DIVIDED - W/MEDIAN (NOT RAISED),STRAIGHT AND LEVEL,DRY,NO DEFECTS,,UNABLE TO DETERMINE,UNABLE TO DETERMINE,,NONINCAPACITATING INJURY,16,9,41.7026385493,-87.6816457826,2018,30,POINT (-87.6816457826 41.7026385493),,,,,2018-09-27,False,71,Beverly
1558,25,NO CONTROLS,NO CONTROLS,CLEAR,DAYLIGHT,PEDALCYCLIST,NOT DIVIDED,STRAIGHT AND LEVEL,DRY,NO DEFECTS,,EXCEEDING AUTHORIZED SPEED LIMIT,NOT APPLICABLE,Y,NO INDICATION OF INJURY,16,9,41.8908003996,-87.677054877,2018,25,POINT (-87.677054877 41.8908003996),,,,,2018-09-27,False,23,West Town
1559,35,NO CONTROLS,NO CONTROLS,CLEAR,DAYLIGHT,PEDALCYCLIST,DIVIDED - W/MEDIAN (NOT RAISED),STRAIGHT AND LEVEL,DRY,UNKNOWN,Y,"VISION OBSCURED (SIGNS, TREE LIMBS, BUILDINGS, ETC.)",FAILING TO YIELD RIGHT-OF-WAY,,INCAPACITATING INJURY,17,9,41.961402336,-87.6916704791,2018,35,POINT (-87.6916704791 41.961402336),,,,,2018-09-27,True,3,Lincoln Square
1560,30,TRAFFIC SIGNAL,FUNCTIONING PROPERLY,CLEAR,"DARKNESS, LIGHTED ROAD",PEDALCYCLIST,NOT DIVIDED,STRAIGHT AND LEVEL,DRY,UNKNOWN,Y,UNABLE TO DETERMINE,NOT APPLICABLE,,NONINCAPACITATING INJURY,19,9,41.9386229146,-87.7712140213,2018,30,POINT (-87.7712140213 41.9386229146),,,,,2018-09-27,False,14,Portage Park
1561,30,TRAFFIC SIGNAL,FUNCTIONING PROPERLY,CLEAR,"DARKNESS, LIGHTED ROAD",PEDALCYCLIST,DIVIDED - W/MEDIAN (NOT RAISED),STRAIGHT AND LEVEL,DRY,NO DEFECTS,Y,UNABLE TO DETERMINE,UNABLE TO DETERMINE,,NONINCAPACITATING INJURY,19,9,41.962462485,-87.7673655654,2018,30,POINT (-87.7673655654 41.962462485),,,,,2018-09-27,False,14,Portage Park
1562,30,TRAFFIC SIGNAL,FUNCTIONING PROPERLY,CLEAR,DAYLIGHT,PEDALCYCLIST,ONE-WAY,STRAIGHT AND LEVEL,DRY,NO DEFECTS,Y,DISREGARDING TRAFFIC SIGNALS,FAILING TO YIELD RIGHT-OF-WAY,,NONINCAPACITATING INJURY,8,9,41.8924247847,-87.6342371356,2018,30,POINT (-87.6342371356 41.8924247847),,,,,2018-09-28,False,7,Near North Side
1563,25,TRAFFIC SIGNAL,FUNCTIONING PROPERLY,CLOUDY/OVERCAST,DAYLIGHT,PEDALCYCLIST,NOT DIVIDED,STRAIGHT AND LEVEL,DRY,NO DEFECTS,,FAILING TO YIELD RIGHT-OF-WAY,UNABLE TO DETERMINE,,NO INDICATION OF INJURY,9,9,42.0090349109,-87.6741221605,2018,25,POINT (-87.6741221605 42.0090349109),,,,,2018-09-28,False,0,Rogers Park
1564,30,TRAFFIC SIGNAL,NO CONTROLS,CLEAR,DAYLIGHT,PEDALCYCLIST,DIVIDED - W/MEDIAN BARRIER,STRAIGHT AND LEVEL,DRY,UNKNOWN,,DISREGARDING STOP SIGN,NOT APPLICABLE,,NO INDICATION OF INJURY,9,9,41.7971738844,-87.5918779209,2018,30,POINT (-87.5918779209 41.7971738844),,,,,2018-09-28,False,40,Hyde Park
1565,30,NO CONTROLS,NO CONTROLS,CLEAR,DAYLIGHT,PEDALCYCLIST,NOT DIVIDED,STRAIGHT AND LEVEL,DRY,NO DEFECTS,,UNABLE TO DETERMINE,UNABLE TO DETERMINE,Y,"REPORTED, NOT EVIDENT",10,9,41.9089856224,-87.6750648351,2018,30,POINT (-87.6750648351 41.9089856224),,,,,2018-09-28,False,23,West Town
1566,30,NO CONTROLS,NO CONTROLS,RAIN,DAYLIGHT,PEDALCYCLIST,OTHER,STRAIGHT AND LEVEL,WET,NO DEFECTS,,FAILING TO YIELD RIGHT-OF-WAY,WEATHER,,NO INDICATION OF INJURY,16,9,41.9395354943,-87.7248065407,2018,30,POINT (-87.7248065407 41.9395354943),,,,,2018-09-28,False,15,Irving Park
1567,30,STOP SIGN/FLASHER,FUNCTIONING PROPERLY,CLOUDY/OVERCAST,DAYLIGHT,PEDALCYCLIST,DIVIDED - W/MEDIAN (NOT RAISED),STRAIGHT AND LEVEL,WET,NO DEFECTS,Y,DRIVING ON WRONG SIDE/WRONG WAY,FAILING TO YIELD RIGHT-OF-WAY,,NONINCAPACITATING INJURY,18,9,41.89629615,-87.6510287416,2018,30,POINT (-87.6510287416 41.89629615),,,,,2018-09-28,False,7,Near North Side
1568,30,TRAFFIC SIGNAL,FUNCTIONING PROPERLY,CLEAR,"DARKNESS, LIGHTED ROAD",PEDALCYCLIST,ONE-WAY,STRAIGHT AND LEVEL,DRY,NO DEFECTS,Y,BICYCLE ADVANCING LEGALLY ON RED LIGHT,FAILING TO YIELD RIGHT-OF-WAY,,"REPORTED, NOT EVIDENT",21,9,41.8913050596,-87.7555238881,2018,30,POINT (-87.7555238881 41.8913050596),,,,,2018-09-28,False,24,Austin
1569,20,NO CONTROLS,NO CONTROLS,CLEAR,DAYLIGHT,PEDALCYCLIST,NOT DIVIDED,STRAIGHT AND LEVEL,DRY,NO DEFECTS,,DRIVING SKILLS/KNOWLEDGE/EXPERIENCE,UNABLE TO DETERMINE,Y,NONINCAPACITATING INJURY,9,9,41.9752109653,-87.6792314606,2018,20,POINT (-87.6792314606 41.9752109653),,,,,2018-09-29,False,3,Lincoln Square
1570,30,TRAFFIC SIGNAL,FUNCTIONING PROPERLY,CLEAR,DAYLIGHT,PEDALCYCLIST,NOT DIVIDED,STRAIGHT AND LEVEL,DRY,NO DEFECTS,,IMPROPER OVERTAKING/PASSING,UNABLE TO DETERMINE,,NONINCAPACITATING INJURY,13,9,41.924195089,-87.7954083001,2018,30,POINT (-87.7954083001 41.924195089),,,,,2018-09-29,False,17,Montclare
1571,30,STOP SIGN/FLASHER,FUNCTIONING PROPERLY,CLEAR,DAYLIGHT,PEDALCYCLIST,NOT DIVIDED,STRAIGHT AND LEVEL,DRY,NO DEFECTS,,BICYCLE ADVANCING LEGALLY ON RED LIGHT,NOT APPLICABLE,Y,NONINCAPACITATING INJURY,17,9,41.9056697655,-87.6698701107,2018,30,POINT (-87.6698701107 41.9056697655),,,,,2018-09-29,False,23,West Town
1572,30,TRAFFIC SIGNAL,FUNCTIONING PROPERLY,CLEAR,DAYLIGHT,PEDALCYCLIST,DIVIDED - W/MEDIAN (NOT RAISED),STRAIGHT AND LEVEL,DRY,NO DEFECTS,Y,DISREGARDING TRAFFIC SIGNALS,NOT APPLICABLE,,NONINCAPACITATING INJURY,7,9,41.8818323819,-87.6483858855,2018,30,POINT (-87.6483858855 41.8818323819),,,,,2018-09-30,False,27,Near West Side
1573,30,NO CONTROLS,NO CONTROLS,CLOUDY/OVERCAST,DAYLIGHT,PEDALCYCLIST,ONE-WAY,STRAIGHT AND LEVEL,DRY,NO DEFECTS,,IMPROPER OVERTAKING/PASSING,FOLLOWING TOO CLOSELY,,NONINCAPACITATING INJURY,10,9,41.8779200338,-87.6407206108,2018,30,POINT (-87.6407206108 41.8779200338),,,,,2018-09-30,False,27,Near West Side
1574,30,NO CONTROLS,NO CONTROLS,CLEAR,DAYLIGHT,PEDALCYCLIST,NOT DIVIDED,STRAIGHT AND LEVEL,UNKNOWN,UNKNOWN,,IMPROPER OVERTAKING/PASSING,IMPROPER OVERTAKING/PASSING,,NO INDICATION OF INJURY,11,9,41.9382634856,-87.6503097096,2018,30,POINT (-87.6503097096 41.9382634856),,,,,2018-09-30,False,5,Lake View
1575,30,NO CONTROLS,NO CONTROLS,CLEAR,DAYLIGHT,PEDALCYCLIST,NOT DIVIDED,STRAIGHT AND LEVEL,DRY,NO DEFECTS,,UNABLE TO DETERMINE,UNABLE TO DETERMINE,Y,"REPORTED, NOT EVIDENT",14,9,41.9417311009,-87.6785589152,2018,30,POINT (-87.6785589152 41.9417311009),,,,,2018-09-30,False,4,North Center
1576,30,NO CONTROLS,NO CONTROLS,CLEAR,DAYLIGHT,PEDALCYCLIST,NOT DIVIDED,STRAIGHT AND LEVEL,DRY,NO DEFECTS,,UNABLE TO DETERMINE,UNABLE TO DETERMINE,,NO INDICATION OF INJURY,12,10,41.9677232767,-87.7627729445,2018,30,POINT (-87.7627729445 41.9677232767),,,,,2018-10-01,False,10,Jefferson Park
1577,30,TRAFFIC SIGNAL,FUNCTIONING PROPERLY,CLEAR,DAYLIGHT,PEDALCYCLIST,DIVIDED - W/MEDIAN (NOT RAISED),STRAIGHT AND LEVEL,DRY,NO DEFECTS,,UNABLE TO DETERMINE,UNABLE TO DETERMINE,,"REPORTED, NOT EVIDENT",15,10,41.9323314799,-87.683403141,2018,30,POINT (-87.683403141 41.9323314799),,,,,2018-10-01,False,4,North Center
1578,30,TRAFFIC SIGNAL,FUNCTIONING PROPERLY,CLEAR,DAYLIGHT,PEDALCYCLIST,DIVIDED - W/MEDIAN (NOT RAISED),STRAIGHT AND LEVEL,DRY,NO DEFECTS,Y,FAILING TO REDUCE SPEED TO AVOID CRASH,UNABLE TO DETERMINE,,NONINCAPACITATING INJURY,17,10,41.7663654192,-87.5666278797,2018,30,POINT (-87.5666278797 41.7663654192),,,,,2018-10-01,False,41,Woodlawn
1579,30,NO CONTROLS,NO CONTROLS,CLEAR,DAYLIGHT,PEDALCYCLIST,NOT DIVIDED,STRAIGHT AND LEVEL,DRY,NO DEFECTS,,FAILING TO YIELD RIGHT-OF-WAY,DRIVING SKILLS/KNOWLEDGE/EXPERIENCE,,NONINCAPACITATING INJURY,18,10,41.921795342,-87.6957819435,2018,30,POINT (-87.6957819435 41.921795342),,,,,2018-10-01,False,21,Logan Square
1580,30,NO CONTROLS,NO CONTROLS,CLEAR,"DARKNESS, LIGHTED ROAD",PEDALCYCLIST,DIVIDED - W/MEDIAN (NOT RAISED),STRAIGHT AND LEVEL,DRY,NO DEFECTS,,FAILING TO YIELD RIGHT-OF-WAY,NOT APPLICABLE,,NO INDICATION OF INJURY,22,10,41.8633081427,-87.7151857413,2018,30,POINT (-87.7151857413 41.8633081427),,,,,2018-10-01,False,28,North Lawndale
1581,30,STOP SIGN/FLASHER,FUNCTIONING PROPERLY,RAIN,"DARKNESS, LIGHTED ROAD",PEDALCYCLIST,DIVIDED - W/MEDIAN (NOT RAISED),STRAIGHT AND LEVEL,WET,NO DEFECTS,Y,WEATHER,FAILING TO YIELD RIGHT-OF-WAY,,NONINCAPACITATING INJURY,22,10,41.9345793135,-87.6530519658,2018,30,POINT (-87.6530519658 41.9345793135),,,,,2018-10-01,False,5,Lake View
1582,30,TRAFFIC SIGNAL,FUNCTIONING PROPERLY,RAIN,"DARKNESS, LIGHTED ROAD",PEDALCYCLIST,NOT DIVIDED,STRAIGHT AND LEVEL,WET,NO DEFECTS,Y,WEATHER,NOT APPLICABLE,,NONINCAPACITATING INJURY,0,10,41.8528234504,-87.6349590388,2018,30,POINT (-87.6349590388 41.8528234504),,,,,2018-10-02,False,32,Near South Side
1583,15,STOP SIGN/FLASHER,FUNCTIONING PROPERLY,CLOUDY/OVERCAST,DAWN,PEDALCYCLIST,NOT DIVIDED,STRAIGHT AND LEVEL,WET,NO DEFECTS,Y,IMPROPER TURNING/NO SIGNAL,DRIVING SKILLS/KNOWLEDGE/EXPERIENCE,,NONINCAPACITATING INJURY,7,10,41.9160530865,-87.6775229764,2018,15,POINT (-87.6775229764 41.9160530865),,,,,2018-10-02,False,6,Lincoln Park
1584,25,TRAFFIC SIGNAL,FUNCTIONING PROPERLY,CLEAR,DAYLIGHT,PEDALCYCLIST,NOT DIVIDED,STRAIGHT AND LEVEL,DRY,NO DEFECTS,,IMPROPER LANE USAGE,NOT APPLICABLE,,NO INDICATION OF INJURY,13,10,41.8577494208,-87.6270477872,2018,25,POINT (-87.6270477872 41.8577494208),,,,,2018-10-02,False,32,Near South Side
1585,30,NO CONTROLS,NO CONTROLS,CLEAR,DAYLIGHT,PEDALCYCLIST,NOT DIVIDED,STRAIGHT AND LEVEL,WET,NO DEFECTS,,FAILING TO YIELD RIGHT-OF-WAY,UNABLE TO DETERMINE,Y,NONINCAPACITATING INJURY,13,10,41.976034211,-87.6715663397,2018,30,POINT (-87.6715663397 41.976034211),,,,,2018-10-02,False,2,Uptown
1586,15,NO CONTROLS,NO CONTROLS,CLEAR,DAYLIGHT,PEDALCYCLIST,NOT DIVIDED,STRAIGHT AND LEVEL,DRY,NO DEFECTS,,FAILING TO YIELD RIGHT-OF-WAY,NOT APPLICABLE,,NONINCAPACITATING INJURY,14,10,41.7819805382,-87.7417564578,2018,15,POINT (-87.7417564578 41.7819805382),,,,,2018-10-02,False,63,Clearing
1587,30,NO CONTROLS,NO CONTROLS,CLEAR,DAYLIGHT,PEDALCYCLIST,NOT DIVIDED,STRAIGHT AND LEVEL,DRY,NO DEFECTS,,UNABLE TO DETERMINE,UNABLE TO DETERMINE,,NONINCAPACITATING INJURY,15,10,41.9160190977,-87.6677764891,2018,30,POINT (-87.6677764891 41.9160190977),,,,,2018-10-02,False,6,Lincoln Park
1588,30,UNKNOWN,UNKNOWN,UNKNOWN,UNKNOWN,PEDALCYCLIST,UNKNOWN,STRAIGHT AND LEVEL,UNKNOWN,UNKNOWN,Y,UNABLE TO DETERMINE,UNABLE TO DETERMINE,,"REPORTED, NOT EVIDENT",15,10,41.6995063328,-87.662278388,2018,30,POINT (-87.662278388 41.6995063328),,,,,2018-10-02,False,71,Beverly
1589,30,STOP SIGN/FLASHER,FUNCTIONING PROPERLY,CLEAR,DAYLIGHT,PEDALCYCLIST,OTHER,STRAIGHT AND LEVEL,DRY,NO DEFECTS,Y,UNABLE TO DETERMINE,UNABLE TO DETERMINE,,"REPORTED, NOT EVIDENT",17,10,41.8954876007,-87.7248030699,2018,30,POINT (-87.7248030699 41.8954876007),,,,,2018-10-02,False,22,Humboldt Park
1590,30,TRAFFIC SIGNAL,UNKNOWN,CLEAR,DAYLIGHT,PEDALCYCLIST,DIVIDED - W/MEDIAN (NOT RAISED),STRAIGHT AND LEVEL,DRY,UNKNOWN,,DISREGARDING TRAFFIC SIGNALS,FAILING TO YIELD RIGHT-OF-WAY,,"REPORTED, NOT EVIDENT",17,10,41.9245348004,-87.7317300938,2018,30,POINT (-87.7317300938 41.9245348004),,,,,2018-10-02,False,19,Hermosa
1591,35,UNKNOWN,UNKNOWN,UNKNOWN,UNKNOWN,PEDALCYCLIST,NOT DIVIDED,STRAIGHT AND LEVEL,UNKNOWN,UNKNOWN,,NOT APPLICABLE,NOT APPLICABLE,,NO INDICATION OF INJURY,21,10,41.9472022255,-87.6566877556,2018,35,POINT (-87.6566877556 41.9472022255),,,,,2018-10-02,False,5,Lake View
1592,35,TRAFFIC SIGNAL,FUNCTIONING PROPERLY,CLEAR,"DARKNESS, LIGHTED ROAD",PEDALCYCLIST,DIVIDED - W/MEDIAN (NOT RAISED),STRAIGHT AND LEVEL,DRY,NO DEFECTS,,DISREGARDING TRAFFIC SIGNALS,FAILING TO YIELD RIGHT-OF-WAY,,NONINCAPACITATING INJURY,21,10,41.9638353422,-87.6566359055,2018,35,POINT (-87.6566359055 41.9638353422),,,,,2018-10-02,False,2,Uptown
1593,30,TRAFFIC SIGNAL,FUNCTIONING PROPERLY,CLEAR,DAYLIGHT,PEDALCYCLIST,NOT DIVIDED,STRAIGHT AND LEVEL,DRY,NO DEFECTS,,NOT APPLICABLE,NOT APPLICABLE,,NO INDICATION OF INJURY,8,10,41.9107307311,-87.6348445035,2018,30,POINT (-87.6348445035 41.9107307311),,,,,2018-10-03,False,7,Near North Side
1594,30,NO CONTROLS,NO CONTROLS,CLEAR,DAYLIGHT,PEDALCYCLIST,NOT DIVIDED,STRAIGHT AND LEVEL,DRY,NO DEFECTS,N,FAILING TO YIELD RIGHT-OF-WAY,IMPROPER LANE USAGE,,NONINCAPACITATING INJURY,9,10,41.8480878523,-87.6443584468,2018,30,POINT (-87.6443584468 41.8480878523),,,,,2018-10-03,False,30,Lower West Side
1595,30,NO CONTROLS,NO CONTROLS,CLEAR,"DARKNESS, LIGHTED ROAD",PEDALCYCLIST,NOT DIVIDED,STRAIGHT AND LEVEL,DRY,NO DEFECTS,,FAILING TO YIELD RIGHT-OF-WAY,NOT APPLICABLE,,"REPORTED, NOT EVIDENT",17,10,41.923985188,-87.7569148207,2018,30,POINT (-87.7569148207 41.923985188),,,,,2018-10-03,False,18,Belmont Cragin
1596,30,NO CONTROLS,NO CONTROLS,CLEAR,DAYLIGHT,PEDALCYCLIST,NOT DIVIDED,STRAIGHT AND LEVEL,DRY,NO DEFECTS,,IMPROPER OVERTAKING/PASSING,NOT APPLICABLE,,"REPORTED, NOT EVIDENT",17,10,41.9613873233,-87.6941592773,2018,30,POINT (-87.6941592773 41.9613873233),,,,,2018-10-03,False,3,Lincoln Square
1597,0,TRAFFIC SIGNAL,UNKNOWN,CLEAR,DAYLIGHT,PEDALCYCLIST,DIVIDED - W/MEDIAN (NOT RAISED),STRAIGHT AND LEVEL,UNKNOWN,UNKNOWN,Y,UNABLE TO DETERMINE,NOT APPLICABLE,,NONINCAPACITATING INJURY,17,10,41.7839643653,-87.6061537907,2018,0,POINT (-87.6061537907 41.7839643653),,,,,2018-10-03,False,39,Washington Park
1598,30,NO CONTROLS,NO CONTROLS,CLEAR,DAYLIGHT,PEDALCYCLIST,DIVIDED - W/MEDIAN (NOT RAISED),STRAIGHT ON HILLCREST,DRY,WORN SURFACE,,IMPROPER TURNING/NO SIGNAL,FAILING TO YIELD RIGHT-OF-WAY,,"REPORTED, NOT EVIDENT",17,10,41.9613665379,-87.6973055072,2018,30,POINT (-87.6973055072 41.9613665379),,,,,2018-10-03,False,3,Lincoln Square
1599,35,TRAFFIC SIGNAL,FUNCTIONING PROPERLY,CLEAR,"DARKNESS, LIGHTED ROAD",PEDALCYCLIST,DIVIDED - W/MEDIAN (NOT RAISED),STRAIGHT AND LEVEL,DRY,NO DEFECTS,,FAILING TO REDUCE SPEED TO AVOID CRASH,NOT APPLICABLE,,NONINCAPACITATING INJURY,20,10,41.9104712225,-87.6778185525,2018,35,POINT (-87.6778185525 41.9104712225),,,,,2018-10-03,False,23,West Town
1600,25,STOP SIGN/FLASHER,FUNCTIONING PROPERLY,CLEAR,DAYLIGHT,PEDALCYCLIST,ONE-WAY,STRAIGHT AND LEVEL,DRY,NO DEFECTS,Y,FAILING TO YIELD RIGHT-OF-WAY,FAILING TO YIELD RIGHT-OF-WAY,Y,NONINCAPACITATING INJURY,7,10,41.9312448583,-87.7748988886,2018,25,POINT (-87.7748988886 41.9312448583),,,,,2018-10-04,False,18,Belmont Cragin
1601,30,NO CONTROLS,NO CONTROLS,CLEAR,DAYLIGHT,PEDALCYCLIST,NOT DIVIDED,STRAIGHT AND LEVEL,DRY,NO DEFECTS,,UNABLE TO DETERMINE,UNABLE TO DETERMINE,,NO INDICATION OF INJURY,12,10,41.8803617539,-87.6275831096,2018,30,POINT (-87.6275831096 41.8803617539),,,,,2018-10-04,False,31,Loop
1602,30,STOP SIGN/FLASHER,FUNCTIONING PROPERLY,CLEAR,"DARKNESS, LIGHTED ROAD",PEDALCYCLIST,NOT DIVIDED,STRAIGHT AND LEVEL,DRY,NO DEFECTS,Y,FAILING TO YIELD RIGHT-OF-WAY,"VISION OBSCURED (SIGNS, TREE LIMBS, BUILDINGS, ETC.)",,NONINCAPACITATING INJURY,18,10,41.9086440964,-87.648066326,2018,30,POINT (-87.648066326 41.9086440964),,,,,2018-10-04,False,7,Near North Side
1603,20,NO CONTROLS,NO CONTROLS,CLEAR,"DARKNESS, LIGHTED ROAD",PEDALCYCLIST,NOT DIVIDED,STRAIGHT AND LEVEL,DRY,NO DEFECTS,,IMPROPER TURNING/NO SIGNAL,NOT APPLICABLE,,NO INDICATION OF INJURY,19,10,41.8439080748,-87.6617406933,2018,20,POINT (-87.6617406933 41.8439080748),,,,,2018-10-04,False,30,Lower West Side
1604,30,TRAFFIC SIGNAL,FUNCTIONING PROPERLY,CLEAR,"DARKNESS, LIGHTED ROAD",PEDALCYCLIST,NOT DIVIDED,STRAIGHT AND LEVEL,DRY,UNKNOWN,Y,IMPROPER TURNING/NO SIGNAL,FAILING TO REDUCE SPEED TO AVOID CRASH,,NONINCAPACITATING INJURY,19,10,41.9618230715,-87.6548960832,2018,30,POINT (-87.6548960832 41.9618230715),,,,,2018-10-04,False,2,Uptown
1605,30,NO CONTROLS,NO CONTROLS,CLEAR,"DARKNESS, LIGHTED ROAD",PEDALCYCLIST,NOT DIVIDED,STRAIGHT AND LEVEL,DRY,NO DEFECTS,,FAILING TO YIELD RIGHT-OF-WAY,NOT APPLICABLE,,NO INDICATION OF INJURY,23,10,41.7511722193,-87.605525498,2018,30,POINT (-87.605525498 41.7511722193),,,,,2018-10-04,False,43,Chatham
1606,30,NO CONTROLS,NO CONTROLS,CLEAR,DAYLIGHT,PEDALCYCLIST,ONE-WAY,STRAIGHT AND LEVEL,DRY,NO DEFECTS,,DRIVING ON WRONG SIDE/WRONG WAY,UNABLE TO DETERMINE,,NO INDICATION OF INJURY,13,10,41.8769366611,-87.6351052082,2018,30,POINT (-87.6351052082 41.8769366611),,,,,2018-10-05,False,27,Near West Side
1607,25,NO CONTROLS,NO CONTROLS,CLOUDY/OVERCAST,DAYLIGHT,PEDALCYCLIST,DIVIDED - W/MEDIAN BARRIER,STRAIGHT AND LEVEL,DRY,NO DEFECTS,,UNABLE TO DETERMINE,NOT APPLICABLE,,INCAPACITATING INJURY,16,10,41.995874307,-87.7094532247,2018,25,POINT (-87.7094532247 41.995874307),,,,,2018-10-05,True,1,West Ridge
1608,30,LANE USE MARKING,FUNCTIONING PROPERLY,RAIN,"DARKNESS, LIGHTED ROAD",PEDALCYCLIST,NOT DIVIDED,STRAIGHT AND LEVEL,WET,NO DEFECTS,,"OPERATING VEHICLE IN ERRATIC, RECKLESS, CARELESS, NEGLIGENT OR AGGRESSIVE MANNER",NOT APPLICABLE,Y,NONINCAPACITATING INJURY,20,10,41.9075493948,-87.6732687093,2018,30,POINT (-87.6732687093 41.9075493948),,,,,2018-10-05,False,23,West Town
1609,30,TRAFFIC SIGNAL,FUNCTIONING PROPERLY,RAIN,"DARKNESS, LIGHTED ROAD",PEDALCYCLIST,NOT DIVIDED,STRAIGHT AND LEVEL,WET,NO DEFECTS,Y,WEATHER,FAILING TO YIELD RIGHT-OF-WAY,,NO INDICATION OF INJURY,22,10,41.9713946953,-87.6598813975,2018,30,POINT (-87.6598813975 41.9713946953),,,,,2018-10-05,False,2,Uptown
1610,25,NO CONTROLS,NO CONTROLS,CLOUDY/OVERCAST,DAYLIGHT,PEDALCYCLIST,ALLEY,STRAIGHT AND LEVEL,DRY,NO DEFECTS,,FAILING TO YIELD RIGHT-OF-WAY,NOT APPLICABLE,,NONINCAPACITATING INJURY,12,10,41.818718855,-87.6996031204,2018,25,POINT (-87.6996031204 41.818718855),,,,,2018-10-06,False,29,South Lawndale
1611,30,NO CONTROLS,NO CONTROLS,CLOUDY/OVERCAST,DAYLIGHT,PEDALCYCLIST,DIVIDED - W/MEDIAN (NOT RAISED),STRAIGHT AND LEVEL,DRY,NO DEFECTS,,IMPROPER OVERTAKING/PASSING,FOLLOWING TOO CLOSELY,N,INCAPACITATING INJURY,14,10,41.9474004564,-87.651512018,2018,30,POINT (-87.651512018 41.9474004564),,,,,2018-10-06,True,5,Lake View
1612,20,STOP SIGN/FLASHER,FUNCTIONING PROPERLY,CLOUDY/OVERCAST,DAYLIGHT,PEDALCYCLIST,ONE-WAY,STRAIGHT AND LEVEL,DRY,NO DEFECTS,Y,FAILING TO YIELD RIGHT-OF-WAY,NOT APPLICABLE,,"REPORTED, NOT EVIDENT",15,10,41.9790296837,-87.664973677,2018,20,POINT (-87.664973677 41.9790296837),,,,,2018-10-06,False,76,Edgewater
1613,30,NO CONTROLS,NO CONTROLS,CLEAR,DAYLIGHT,PEDALCYCLIST,NOT DIVIDED,STRAIGHT AND LEVEL,WET,NO DEFECTS,,IMPROPER LANE USAGE,DISREGARDING OTHER TRAFFIC SIGNS,Y,NO INDICATION OF INJURY,16,10,41.906853067,-87.6344335738,2018,30,POINT (-87.6344335738 41.906853067),,,,,2018-10-06,False,7,Near North Side
1614,30,NO CONTROLS,NO CONTROLS,CLEAR,"DARKNESS, LIGHTED ROAD",PEDALCYCLIST,NOT DIVIDED,STRAIGHT AND LEVEL,DRY,NO DEFECTS,Y,UNABLE TO DETERMINE,UNABLE TO DETERMINE,,NO INDICATION OF INJURY,16,10,42.0072680912,-87.6812785347,2018,30,POINT (-87.6812785347 42.0072680912),,,,,2018-10-06,False,0,Rogers Park
1615,30,NO CONTROLS,NO CONTROLS,CLEAR,DAYLIGHT,PEDALCYCLIST,NOT DIVIDED,STRAIGHT AND LEVEL,DRY,NO DEFECTS,,UNABLE TO DETERMINE,NOT APPLICABLE,Y,NONINCAPACITATING INJURY,17,10,41.9187481809,-87.6775086968,2018,30,POINT (-87.6775086968 41.9187481809),,,,,2018-10-06,False,6,Lincoln Park
1616,30,TRAFFIC SIGNAL,FUNCTIONING PROPERLY,CLEAR,DAYLIGHT,PEDALCYCLIST,NOT DIVIDED,STRAIGHT AND LEVEL,DRY,NO DEFECTS,Y,UNABLE TO DETERMINE,UNABLE TO DETERMINE,,NO INDICATION OF INJURY,17,10,41.9037696064,-87.6433689399,2018,30,POINT (-87.6433689399 41.9037696064),,,,,2018-10-06,False,7,Near North Side
1617,30,NO CONTROLS,NO CONTROLS,CLEAR,DAYLIGHT,PEDALCYCLIST,PARKING LOT,STRAIGHT AND LEVEL,DRY,UNKNOWN,,UNABLE TO DETERMINE,NOT APPLICABLE,,"REPORTED, NOT EVIDENT",17,10,41.81145974,-87.6651921621,2018,30,POINT (-87.6651921621 41.81145974),,,,,2018-10-06,False,60,New City
1618,30,NO CONTROLS,NO CONTROLS,CLEAR,"DARKNESS, LIGHTED ROAD",PEDALCYCLIST,NOT DIVIDED,STRAIGHT AND LEVEL,DRY,NO DEFECTS,,UNABLE TO DETERMINE,UNABLE TO DETERMINE,Y,NO INDICATION OF INJURY,23,10,41.8399919078,-87.6437556289,2018,30,POINT (-87.6437556289 41.8399919078),,,,,2018-10-06,False,30,Lower West Side
1619,35,TRAFFIC SIGNAL,UNKNOWN,CLEAR,"DARKNESS, LIGHTED ROAD",PEDALCYCLIST,DIVIDED - W/MEDIAN (NOT RAISED),STRAIGHT AND LEVEL,DRY,NO DEFECTS,Y,UNABLE TO DETERMINE,UNABLE TO DETERMINE,,NONINCAPACITATING INJURY,23,10,41.8262056765,-87.6844933199,2018,35,POINT (-87.6844933199 41.8262056765),,,,,2018-10-06,False,57,Brighton Park
1620,30,NO CONTROLS,NO CONTROLS,CLEAR,"DARKNESS, LIGHTED ROAD",PEDALCYCLIST,NOT DIVIDED,STRAIGHT AND LEVEL,UNKNOWN,UNKNOWN,,FAILING TO YIELD RIGHT-OF-WAY,NOT APPLICABLE,Y,NONINCAPACITATING INJURY,2,10,41.9257039914,-87.7016856413,2018,30,POINT (-87.7016856413 41.9257039914),,,,,2018-10-07,False,21,Logan Square