Unnamed: 0,POSTED_SPEED_LIMIT,TRAFFIC_CONTROL_DEVICE,DEVICE_CONDITION,WEATHER_CONDITION,LIGHTING_CONDITION,FIRST_CRASH_TYPE,TRAFFICWAY_TYPE,ALIGNMENT,ROADWAY_SURFACE_COND,ROAD_DEFECT,INTERSECTION_RELATED_I,PRIM_CONTRIBUTORY_CAUSE,SEC_CONTRIBUTORY_CAUSE,DOORING_I,MOST_SEVERE_INJURY,CRASH_HOUR,CRASH_MONTH,LATITUDE,LONGITUDE,CRASH_YEAR,SPEED_LIMIT,geometry,DISPLAYROU,the_geom,DIST,LANE_TYPE,CRASH_DATE,is_severe,index_right,CArea
1621,30,NO CONTROLS,NO CONTROLS,RAIN,DAYLIGHT,PEDALCYCLIST,NOT DIVIDED,STRAIGHT AND LEVEL,WET,NO DEFECTS,,FAILING TO YIELD RIGHT-OF-WAY,IMPROPER OVERTAKING/PASSING,,INCAPACITATING INJURY,14,10,41.8576270109,-87.6702068159,2018,30,POINT (-87.6702068159 41.8576270109),,,,,2018-10-07,True,30,Lower West Side
1622,30,UNKNOWN,UNKNOWN,CLEAR,DAYLIGHT,PEDALCYCLIST,DIVIDED - W/MEDIAN (NOT RAISED),STRAIGHT AND LEVEL,DRY,NO DEFECTS,Y,FAILING TO YIELD RIGHT-OF-WAY,NOT APPLICABLE,,NO INDICATION OF INJURY,14,10,41.9683909515,-87.702792663,2018,30,POINT (-87.702792663 41.9683909515),,,,,2018-10-07,False,3,Lincoln Square
1623,30,TRAFFIC SIGNAL,FUNCTIONING PROPERLY,RAIN,"DARKNESS, LIGHTED ROAD",PEDALCYCLIST,NOT DIVIDED,STRAIGHT AND LEVEL,WET,NO DEFECTS,Y,DISREGARDING OTHER TRAFFIC SIGNS,FAILING TO YIELD RIGHT-OF-WAY,,NONINCAPACITATING INJURY,18,10,41.7766888361,-87.6057003493,2018,30,POINT (-87.6057003493 41.7766888361),,,,,2018-10-07,False,41,Woodlawn
1624,20,STOP SIGN/FLASHER,FUNCTIONING PROPERLY,CLEAR,DAYLIGHT,PEDALCYCLIST,ONE-WAY,STRAIGHT AND LEVEL,WET,"RUT, HOLES",Y,IMPROPER TURNING/NO SIGNAL,DRIVING ON WRONG SIDE/WRONG WAY,,NO INDICATION OF INJURY,8,10,41.9814550127,-87.690742841,2018,20,POINT (-87.690742841 41.9814550127),,,,,2018-10-08,False,3,Lincoln Square
1625,30,NO CONTROLS,NO CONTROLS,CLEAR,DAYLIGHT,PEDALCYCLIST,NOT DIVIDED,STRAIGHT AND LEVEL,DRY,NO DEFECTS,,UNABLE TO DETERMINE,UNABLE TO DETERMINE,,NO INDICATION OF INJURY,13,10,41.7582201737,-87.6194122451,2018,30,POINT (-87.6194122451 41.7582201737),,,,,2018-10-08,False,68,Grand Crossing
1626,30,TRAFFIC SIGNAL,FUNCTIONING PROPERLY,CLEAR,DAYLIGHT,PEDALCYCLIST,NOT DIVIDED,STRAIGHT AND LEVEL,DRY,NO DEFECTS,,IMPROPER OVERTAKING/PASSING,NOT APPLICABLE,,NO INDICATION OF INJURY,15,10,41.891771183,-87.6243086473,2018,30,POINT (-87.6243086473 41.891771183),,,,,2018-10-08,False,7,Near North Side
1627,30,NO CONTROLS,NO CONTROLS,CLEAR,DAYLIGHT,PEDALCYCLIST,NOT DIVIDED,STRAIGHT AND LEVEL,DRY,NO DEFECTS,,CELL PHONE USE OTHER THAN TEXTING,CELL PHONE USE OTHER THAN TEXTING,,INCAPACITATING INJURY,17,10,41.7656874488,-87.6217754867,2018,30,POINT (-87.6217754867 41.7656874488),,,,,2018-10-08,True,68,Grand Crossing
1628,20,NO CONTROLS,NO CONTROLS,CLEAR,DAYLIGHT,PEDALCYCLIST,ONE-WAY,STRAIGHT AND LEVEL,DRY,NO DEFECTS,,FAILING TO YIELD RIGHT-OF-WAY,NOT APPLICABLE,,NO INDICATION OF INJURY,17,10,41.7660316432,-87.7223083804,2018,20,POINT (-87.7223083804 41.7660316432),,,,,2018-10-08,False,64,West Lawn
1629,30,NO CONTROLS,NO CONTROLS,CLEAR,"DARKNESS, LIGHTED ROAD",PEDALCYCLIST,NOT DIVIDED,STRAIGHT AND LEVEL,DRY,NO DEFECTS,,UNABLE TO DETERMINE,UNABLE TO DETERMINE,,NONINCAPACITATING INJURY,17,10,41.8892815991,-87.6334910506,2018,30,POINT (-87.6334910506 41.8892815991),,,,,2018-10-08,False,7,Near North Side
1630,35,TRAFFIC SIGNAL,FUNCTIONING PROPERLY,CLEAR,DUSK,PEDALCYCLIST,ONE-WAY,STRAIGHT AND LEVEL,DRY,UNKNOWN,Y,FAILING TO YIELD RIGHT-OF-WAY,NOT APPLICABLE,,NONINCAPACITATING INJURY,18,10,41.8916103043,-87.6295031435,2018,35,POINT (-87.6295031435 41.8916103043),,,,,2018-10-08,False,7,Near North Side
1631,35,TRAFFIC SIGNAL,FUNCTIONING PROPERLY,CLEAR,"DARKNESS, LIGHTED ROAD",PEDALCYCLIST,DIVIDED - W/MEDIAN (NOT RAISED),STRAIGHT AND LEVEL,DRY,NO DEFECTS,Y,FAILING TO YIELD RIGHT-OF-WAY,FAILING TO YIELD RIGHT-OF-WAY,,NONINCAPACITATING INJURY,18,10,41.9237158538,-87.7757731375,2018,35,POINT (-87.7757731375 41.9237158538),,,,,2018-10-08,False,18,Belmont Cragin
1632,30,NO CONTROLS,NO CONTROLS,CLEAR,DAYLIGHT,PEDALCYCLIST,DIVIDED - W/MEDIAN BARRIER,STRAIGHT AND LEVEL,DRY,NO DEFECTS,,UNABLE TO DETERMINE,NOT APPLICABLE,Y,NO INDICATION OF INJURY,6,10,41.9890077546,-87.704822442,2018,30,POINT (-87.704822442 41.9890077546),,,,,2018-10-09,False,1,West Ridge
1633,30,TRAFFIC SIGNAL,FUNCTIONING PROPERLY,CLEAR,DAYLIGHT,PEDALCYCLIST,NOT DIVIDED,STRAIGHT AND LEVEL,DRY,NO DEFECTS,Y,IMPROPER LANE USAGE,UNABLE TO DETERMINE,Y,NONINCAPACITATING INJURY,8,10,41.8378715355,-87.6511137499,2018,30,POINT (-87.6511137499 41.8378715355),,,,,2018-10-09,False,30,Lower West Side
1634,30,NO CONTROLS,NO CONTROLS,CLEAR,DAYLIGHT,PEDALCYCLIST,NOT DIVIDED,STRAIGHT AND LEVEL,DRY,NO DEFECTS,,FAILING TO YIELD RIGHT-OF-WAY,IMPROPER TURNING/NO SIGNAL,,NONINCAPACITATING INJURY,17,10,41.8806092777,-87.7451576412,2018,30,POINT (-87.7451576412 41.8806092777),,,,,2018-10-09,False,24,Austin
1635,30,TRAFFIC SIGNAL,FUNCTIONING PROPERLY,CLEAR,"DARKNESS, LIGHTED ROAD",PEDALCYCLIST,NOT DIVIDED,STRAIGHT AND LEVEL,DRY,NO DEFECTS,,DRIVING ON WRONG SIDE/WRONG WAY,NOT APPLICABLE,,NO INDICATION OF INJURY,19,10,41.9255475255,-87.6486183479,2018,30,POINT (-87.6486183479 41.9255475255),,,,,2018-10-09,False,6,Lincoln Park
1636,30,NO CONTROLS,NO CONTROLS,CLEAR,"DARKNESS, LIGHTED ROAD",PEDALCYCLIST,DIVIDED - W/MEDIAN (NOT RAISED),STRAIGHT AND LEVEL,DRY,NO DEFECTS,Y,DRIVING SKILLS/KNOWLEDGE/EXPERIENCE,FAILING TO YIELD RIGHT-OF-WAY,,NONINCAPACITATING INJURY,20,10,41.8982084007,-87.6586845542,2018,30,POINT (-87.6586845542 41.8982084007),,,,,2018-10-09,False,7,Near North Side
1637,30,NO CONTROLS,NO CONTROLS,CLEAR,DAYLIGHT,PEDALCYCLIST,ONE-WAY,STRAIGHT AND LEVEL,DRY,NO DEFECTS,,FAILING TO YIELD RIGHT-OF-WAY,NOT APPLICABLE,,"REPORTED, NOT EVIDENT",7,10,41.7769430166,-87.7221383112,2018,30,POINT (-87.7221383112 41.7769430166),,,,,2018-10-10,False,64,West Lawn
1638,30,NO CONTROLS,NO CONTROLS,CLEAR,DAYLIGHT,PEDALCYCLIST,NOT DIVIDED,STRAIGHT AND LEVEL,UNKNOWN,UNKNOWN,,UNABLE TO DETERMINE,UNABLE TO DETERMINE,Y,INCAPACITATING INJURY,8,10,42.0112780003,-87.6828713889,2018,30,POINT (-87.6828713889 42.0112780003),,,,,2018-10-10,True,0,Rogers Park
1639,35,YIELD,FUNCTIONING PROPERLY,CLEAR,DARKNESS,PEDALCYCLIST,DIVIDED - W/MEDIAN (NOT RAISED),STRAIGHT AND LEVEL,DRY,NO DEFECTS,Y,FAILING TO YIELD RIGHT-OF-WAY,NOT APPLICABLE,,NONINCAPACITATING INJURY,9,10,41.895499511,-87.723699547,2018,35,POINT (-87.723699547 41.895499511),,,,,2018-10-10,False,22,Humboldt Park
1640,30,NO CONTROLS,NO CONTROLS,CLEAR,DAYLIGHT,PEDALCYCLIST,NOT DIVIDED,STRAIGHT AND LEVEL,DRY,NO DEFECTS,,IMPROPER OVERTAKING/PASSING,FAILING TO REDUCE SPEED TO AVOID CRASH,,"REPORTED, NOT EVIDENT",10,10,41.9170707737,-87.7254721452,2018,30,POINT (-87.7254721452 41.9170707737),,,,,2018-10-10,False,19,Hermosa
1641,25,TRAFFIC SIGNAL,FUNCTIONING IMPROPERLY,RAIN,DAYLIGHT,PEDALCYCLIST,DIVIDED - W/MEDIAN (NOT RAISED),STRAIGHT AND LEVEL,WET,NO DEFECTS,Y,WEATHER,NOT APPLICABLE,,NONINCAPACITATING INJURY,13,10,41.9005748789,-87.6709414997,2018,25,POINT (-87.6709414997 41.9005748789),,,,,2018-10-10,False,23,West Town
1642,20,STOP SIGN/FLASHER,FUNCTIONING PROPERLY,CLEAR,DAYLIGHT,PEDALCYCLIST,ONE-WAY,STRAIGHT AND LEVEL,DRY,NO DEFECTS,Y,FAILING TO YIELD RIGHT-OF-WAY,UNABLE TO DETERMINE,,NO INDICATION OF INJURY,7,10,41.9467283277,-87.7067456599,2018,20,POINT (-87.7067456599 41.9467283277),,,,,2018-10-11,False,15,Irving Park
1643,30,STOP SIGN/FLASHER,FUNCTIONING PROPERLY,CLEAR,DAYLIGHT,PEDALCYCLIST,NOT DIVIDED,STRAIGHT AND LEVEL,DRY,NO DEFECTS,Y,FAILING TO YIELD RIGHT-OF-WAY,FAILING TO REDUCE SPEED TO AVOID CRASH,,NO INDICATION OF INJURY,9,10,41.9377992635,-87.6781516999,2018,30,POINT (-87.6781516999 41.9377992635),,,,,2018-10-11,False,4,North Center
1644,25,TRAFFIC SIGNAL,FUNCTIONING PROPERLY,CLEAR,DAYLIGHT,PEDALCYCLIST,NOT DIVIDED,STRAIGHT AND LEVEL,DRY,NO DEFECTS,Y,IMPROPER OVERTAKING/PASSING,NOT APPLICABLE,,NONINCAPACITATING INJURY,10,10,41.8767885794,-87.6335452109,2018,25,POINT (-87.6335452109 41.8767885794),,,,,2018-10-11,False,31,Loop
1645,30,TRAFFIC SIGNAL,FUNCTIONING PROPERLY,CLEAR,DAYLIGHT,PEDALCYCLIST,NOT DIVIDED,STRAIGHT AND LEVEL,DRY,UNKNOWN,,FAILING TO REDUCE SPEED TO AVOID CRASH,FAILING TO YIELD RIGHT-OF-WAY,,NONINCAPACITATING INJURY,11,10,41.9236354057,-87.6674282026,2018,30,POINT (-87.6674282026 41.9236354057),,,,,2018-10-11,False,6,Lincoln Park
1646,30,TRAFFIC SIGNAL,FUNCTIONING PROPERLY,CLEAR,DAYLIGHT,PEDALCYCLIST,DIVIDED - W/MEDIAN (NOT RAISED),STRAIGHT AND LEVEL,DRY,NO DEFECTS,,FAILING TO REDUCE SPEED TO AVOID CRASH,NOT APPLICABLE,Y,NONINCAPACITATING INJURY,15,10,41.8902837845,-87.6474583858,2018,30,POINT (-87.6474583858 41.8902837845),,,,,2018-10-11,False,7,Near North Side
1647,30,STOP SIGN/FLASHER,FUNCTIONING PROPERLY,CLEAR,DAYLIGHT,PEDALCYCLIST,NOT DIVIDED,STRAIGHT AND LEVEL,DRY,NO DEFECTS,Y,DRIVING SKILLS/KNOWLEDGE/EXPERIENCE,UNABLE TO DETERMINE,,NO INDICATION OF INJURY,17,10,41.8051378978,-87.6600755436,2018,30,POINT (-87.6600755436 41.8051378978),,,,,2018-10-11,False,60,New City
1648,30,TRAFFIC SIGNAL,FUNCTIONING PROPERLY,CLEAR,DARKNESS,PEDALCYCLIST,DIVIDED - W/MEDIAN BARRIER,STRAIGHT AND LEVEL,DRY,NO DEFECTS,Y,IMPROPER TURNING/NO SIGNAL,IMPROPER TURNING/NO SIGNAL,,NONINCAPACITATING INJURY,18,10,41.9008016495,-87.6242724679,2018,30,POINT (-87.6242724679 41.9008016495),,,,,2018-10-11,False,7,Near North Side
1649,30,TRAFFIC SIGNAL,FUNCTIONING PROPERLY,CLEAR,"DARKNESS, LIGHTED ROAD",PEDALCYCLIST,NOT DIVIDED,STRAIGHT AND LEVEL,DRY,NO DEFECTS,Y,TURNING RIGHT ON RED,FAILING TO REDUCE SPEED TO AVOID CRASH,,NONINCAPACITATING INJURY,4,10,41.7930028559,-87.7521195809,2018,30,POINT (-87.7521195809 41.7930028559),,,,,2018-10-12,False,55,Garfield Ridge
1650,30,NO CONTROLS,NO CONTROLS,CLEAR,DAYLIGHT,PEDALCYCLIST,NOT DIVIDED,STRAIGHT AND LEVEL,DRY,NO DEFECTS,N,FAILING TO YIELD RIGHT-OF-WAY,IMPROPER TURNING/NO SIGNAL,,INCAPACITATING INJURY,8,10,41.9540599972,-87.7030684301,2018,30,POINT (-87.7030684301 41.9540599972),,,,,2018-10-12,True,15,Irving Park
1651,30,TRAFFIC SIGNAL,FUNCTIONING PROPERLY,CLEAR,DAYLIGHT,PEDALCYCLIST,DIVIDED - W/MEDIAN (NOT RAISED),STRAIGHT AND LEVEL,DRY,NO DEFECTS,Y,FAILING TO YIELD RIGHT-OF-WAY,EQUIPMENT - VEHICLE CONDITION,,NONINCAPACITATING INJURY,8,10,41.9175275852,-87.687555983,2018,30,POINT (-87.687555983 41.9175275852),,,,,2018-10-12,False,21,Logan Square
1652,30,STOP SIGN/FLASHER,UNKNOWN,CLEAR,DAYLIGHT,PEDALCYCLIST,DIVIDED - W/MEDIAN (NOT RAISED),STRAIGHT AND LEVEL,UNKNOWN,UNKNOWN,Y,DISREGARDING STOP SIGN,UNABLE TO DETERMINE,,INCAPACITATING INJURY,17,10,41.779413411,-87.7814747157,2018,30,POINT (-87.7814747157 41.779413411),,,,,2018-10-12,True,63,Clearing
1653,30,NO CONTROLS,NO CONTROLS,OTHER,"DARKNESS, LIGHTED ROAD",PEDALCYCLIST,NOT DIVIDED,STRAIGHT AND LEVEL,OTHER,SHOULDER DEFECT,,DISREGARDING ROAD MARKINGS,UNABLE TO DETERMINE,Y,"REPORTED, NOT EVIDENT",18,10,41.9086539086,-87.6745493658,2018,30,POINT (-87.6745493658 41.9086539086),,,,,2018-10-12,False,23,West Town
1654,35,NO CONTROLS,NO CONTROLS,CLEAR,DAYLIGHT,PEDALCYCLIST,NOT DIVIDED,STRAIGHT AND LEVEL,DRY,NO DEFECTS,,UNABLE TO DETERMINE,UNABLE TO DETERMINE,,INCAPACITATING INJURY,18,10,41.9319132731,-87.7259805673,2018,35,POINT (-87.7259805673 41.9319132731),,,,,2018-10-12,True,19,Hermosa
1655,30,NO CONTROLS,NO CONTROLS,SNOW,DAYLIGHT,PEDALCYCLIST,ALLEY,STRAIGHT AND LEVEL,DRY,NO DEFECTS,Y,UNABLE TO DETERMINE,NOT APPLICABLE,,NONINCAPACITATING INJURY,8,10,41.807244202,-87.6675111212,2018,30,POINT (-87.6675111212 41.807244202),,,,,2018-10-13,False,60,New City
1656,30,NO CONTROLS,NO CONTROLS,CLEAR,DAYLIGHT,PEDALCYCLIST,OTHER,STRAIGHT AND LEVEL,DRY,NO DEFECTS,,UNABLE TO DETERMINE,NOT APPLICABLE,,INCAPACITATING INJURY,12,10,41.7974271901,-87.7234268534,2018,30,POINT (-87.7234268534 41.7974271901),,,,,2018-10-13,True,56,Archer Heights
1657,30,NO CONTROLS,NO CONTROLS,CLEAR,DAYLIGHT,PEDALCYCLIST,NOT DIVIDED,STRAIGHT AND LEVEL,DRY,NO DEFECTS,,UNABLE TO DETERMINE,UNABLE TO DETERMINE,,NONINCAPACITATING INJURY,15,10,41.9294736017,-87.6487557852,2018,30,POINT (-87.6487557852 41.9294736017),,,,,2018-10-13,False,6,Lincoln Park
1658,30,NO CONTROLS,NO CONTROLS,CLEAR,DAYLIGHT,PEDALCYCLIST,NOT DIVIDED,STRAIGHT AND LEVEL,DRY,NO DEFECTS,,FOLLOWING TOO CLOSELY,NOT APPLICABLE,,NO INDICATION OF INJURY,16,10,41.8706427373,-87.6269104361,2018,30,POINT (-87.6269104361 41.8706427373),,,,,2018-10-13,False,31,Loop
1659,30,TRAFFIC SIGNAL,NOT FUNCTIONING,CLEAR,DAYLIGHT,PEDALCYCLIST,NOT DIVIDED,STRAIGHT AND LEVEL,DRY,NO DEFECTS,Y,UNABLE TO DETERMINE,NOT APPLICABLE,,NONINCAPACITATING INJURY,11,10,41.9032154242,-87.6822033654,2018,30,POINT (-87.6822033654 41.9032154242),,,,,2018-10-14,False,23,West Town
1660,30,STOP SIGN/FLASHER,FUNCTIONING PROPERLY,CLEAR,DAYLIGHT,PEDALCYCLIST,ONE-WAY,STRAIGHT AND LEVEL,DRY,NO DEFECTS,,UNABLE TO DETERMINE,UNABLE TO DETERMINE,,NO INDICATION OF INJURY,12,10,41.901989821,-87.6286774187,2018,30,POINT (-87.6286774187 41.901989821),,,,,2018-10-14,False,7,Near North Side
1661,30,TRAFFIC SIGNAL,FUNCTIONING PROPERLY,CLEAR,DAYLIGHT,PEDALCYCLIST,NOT DIVIDED,STRAIGHT AND LEVEL,DRY,NO DEFECTS,,IMPROPER OVERTAKING/PASSING,DISREGARDING TRAFFIC SIGNALS,,INCAPACITATING INJURY,16,10,41.8797801958,-87.6275708236,2018,30,POINT (-87.6275708236 41.8797801958),,,,,2018-10-14,True,31,Loop
1662,35,NO CONTROLS,NO CONTROLS,CLEAR,DUSK,PEDALCYCLIST,ALLEY,STRAIGHT ON GRADE,DRY,NO DEFECTS,,FAILING TO YIELD RIGHT-OF-WAY,NOT APPLICABLE,,NO INDICATION OF INJURY,17,10,41.9759825042,-87.6914819592,2018,35,POINT (-87.6914819592 41.9759825042),,,,,2018-10-14,False,3,Lincoln Square
1663,30,NO CONTROLS,NO CONTROLS,CLEAR,"DARKNESS, LIGHTED ROAD",PEDALCYCLIST,NOT DIVIDED,STRAIGHT AND LEVEL,DRY,NO DEFECTS,Y,UNABLE TO DETERMINE,NOT APPLICABLE,Y,INCAPACITATING INJURY,18,10,41.9278051021,-87.6419630601,2018,30,POINT (-87.6419630601 41.9278051021),,,,,2018-10-14,True,6,Lincoln Park
1664,30,TRAFFIC SIGNAL,FUNCTIONING PROPERLY,RAIN,DARKNESS,PEDALCYCLIST,ONE-WAY,STRAIGHT AND LEVEL,WET,UNKNOWN,,UNABLE TO DETERMINE,UNABLE TO DETERMINE,,NO INDICATION OF INJURY,22,10,41.88582821,-87.6370915027,2018,30,POINT (-87.6370915027 41.88582821),,,,,2018-10-14,False,27,Near West Side
1665,30,UNKNOWN,UNKNOWN,CLEAR,DAYLIGHT,PEDALCYCLIST,NOT DIVIDED,STRAIGHT AND LEVEL,DRY,NO DEFECTS,,UNABLE TO DETERMINE,UNABLE TO DETERMINE,Y,"REPORTED, NOT EVIDENT",8,10,41.9083446854,-87.6483516946,2018,30,POINT (-87.6483516946 41.9083446854),,,,,2018-10-15,False,7,Near North Side
1666,30,TRAFFIC SIGNAL,FUNCTIONING PROPERLY,CLOUDY/OVERCAST,DAYLIGHT,PEDALCYCLIST,DIVIDED - W/MEDIAN (NOT RAISED),STRAIGHT AND LEVEL,DRY,NO DEFECTS,Y,FAILING TO YIELD RIGHT-OF-WAY,FAILING TO REDUCE SPEED TO AVOID CRASH,,NO INDICATION OF INJURY,9,10,41.8857215244,-87.6443913122,2018,30,POINT (-87.6443913122 41.8857215244),,,,,2018-10-15,False,27,Near West Side
1667,35,NO CONTROLS,NO CONTROLS,CLEAR,DAYLIGHT,PEDALCYCLIST,NOT DIVIDED,STRAIGHT AND LEVEL,DRY,NO DEFECTS,,NOT APPLICABLE,NOT APPLICABLE,,NO INDICATION OF INJURY,17,10,41.7926024579,-87.7745652078,2018,35,POINT (-87.7745652078 41.7926024579),,,,,2018-10-15,False,55,Garfield Ridge
1668,0,TRAFFIC SIGNAL,FUNCTIONING PROPERLY,CLEAR,DAYLIGHT,PEDALCYCLIST,DIVIDED - W/MEDIAN (NOT RAISED),STRAIGHT AND LEVEL,DRY,NO DEFECTS,,FAILING TO YIELD RIGHT-OF-WAY,FAILING TO REDUCE SPEED TO AVOID CRASH,,NONINCAPACITATING INJURY,17,10,41.9687459004,-87.6875547687,2018,0,POINT (-87.6875547687 41.9687459004),,,,,2018-10-15,False,3,Lincoln Square
1669,30,NO CONTROLS,NO CONTROLS,CLEAR,DUSK,PEDALCYCLIST,NOT DIVIDED,STRAIGHT AND LEVEL,DRY,NO DEFECTS,,IMPROPER LANE USAGE,IMPROPER LANE USAGE,N,"REPORTED, NOT EVIDENT",18,10,41.9434959826,-87.7124751021,2018,30,POINT (-87.7124751021 41.9434959826),,,,,2018-10-15,False,15,Irving Park
1670,30,NO CONTROLS,NO CONTROLS,CLEAR,"DARKNESS, LIGHTED ROAD",PEDALCYCLIST,NOT DIVIDED,STRAIGHT AND LEVEL,DRY,NO DEFECTS,,NOT APPLICABLE,NOT APPLICABLE,Y,NO INDICATION OF INJURY,22,10,41.9322794576,-87.6581054665,2018,30,POINT (-87.6581054665 41.9322794576),,,,,2018-10-15,False,6,Lincoln Park
1671,30,NO CONTROLS,NO CONTROLS,CLEAR,DAYLIGHT,PEDALCYCLIST,PARKING LOT,STRAIGHT AND LEVEL,DRY,NO DEFECTS,,UNABLE TO DETERMINE,NOT APPLICABLE,,"REPORTED, NOT EVIDENT",11,10,41.7517993879,-87.6442185638,2018,30,POINT (-87.6442185638 41.7517993879),,,,,2018-10-16,False,70,Auburn Gresham
1672,15,STOP SIGN/FLASHER,FUNCTIONING PROPERLY,CLEAR,DAYLIGHT,PEDALCYCLIST,NOT DIVIDED,STRAIGHT AND LEVEL,DRY,NO DEFECTS,,UNABLE TO DETERMINE,UNABLE TO DETERMINE,,NO INDICATION OF INJURY,12,10,41.7860369284,-87.596479499,2018,15,POINT (-87.596479499 41.7860369284),,,,,2018-10-16,False,40,Hyde Park
1673,30,NO CONTROLS,NO CONTROLS,CLEAR,DAYLIGHT,PEDALCYCLIST,DIVIDED - W/MEDIAN (NOT RAISED),STRAIGHT AND LEVEL,DRY,NO DEFECTS,,UNABLE TO DETERMINE,NOT APPLICABLE,,NONINCAPACITATING INJURY,15,10,41.9759085558,-87.7280976331,2018,30,POINT (-87.7280976331 41.9759085558),,,,,2018-10-16,False,11,Forest Glen
1674,25,STOP SIGN/FLASHER,FUNCTIONING PROPERLY,CLEAR,DAYLIGHT,PEDALCYCLIST,DIVIDED - W/MEDIAN BARRIER,STRAIGHT AND LEVEL,DRY,NO DEFECTS,Y,DISREGARDING STOP SIGN,DISREGARDING YIELD SIGN,Y,NO INDICATION OF INJURY,17,10,41.8453840674,-87.6367000803,2018,25,POINT (-87.6367000803 41.8453840674),,,,,2018-10-16,False,30,Lower West Side
1675,30,TRAFFIC SIGNAL,FUNCTIONING PROPERLY,CLEAR,DUSK,PEDALCYCLIST,NOT DIVIDED,STRAIGHT AND LEVEL,DRY,NO DEFECTS,Y,FAILING TO YIELD RIGHT-OF-WAY,UNABLE TO DETERMINE,,NO INDICATION OF INJURY,18,10,41.8673516348,-87.6406485768,2018,30,POINT (-87.6406485768 41.8673516348),,,,,2018-10-16,False,27,Near West Side
1676,30,NO CONTROLS,NO CONTROLS,CLEAR,DAYLIGHT,PEDALCYCLIST,DIVIDED - W/MEDIAN (NOT RAISED),STRAIGHT AND LEVEL,DRY,NO DEFECTS,,FAILING TO YIELD RIGHT-OF-WAY,DRIVING ON WRONG SIDE/WRONG WAY,,NONINCAPACITATING INJURY,8,10,41.9610669915,-87.654582261,2018,30,POINT (-87.654582261 41.9610669915),,,,,2018-10-17,False,2,Uptown
1677,30,STOP SIGN/FLASHER,FUNCTIONING PROPERLY,CLEAR,DAYLIGHT,PEDALCYCLIST,NOT DIVIDED,STRAIGHT AND LEVEL,DRY,NO DEFECTS,Y,UNABLE TO DETERMINE,NOT APPLICABLE,,NONINCAPACITATING INJURY,15,10,41.8381306096,-87.6480852871,2018,30,POINT (-87.6480852871 41.8381306096),,,,,2018-10-17,False,30,Lower West Side
1678,20,STOP SIGN/FLASHER,FUNCTIONING PROPERLY,CLEAR,DAYLIGHT,PEDALCYCLIST,NOT DIVIDED,STRAIGHT AND LEVEL,DRY,NO DEFECTS,Y,DISREGARDING STOP SIGN,DRIVING ON WRONG SIDE/WRONG WAY,,"REPORTED, NOT EVIDENT",16,10,41.8322189511,-87.6839214826,2018,20,POINT (-87.6839214826 41.8322189511),,,,,2018-10-17,False,57,Brighton Park
1679,30,NO CONTROLS,NO CONTROLS,CLEAR,"DARKNESS, LIGHTED ROAD",PEDALCYCLIST,DIVIDED - W/MEDIAN BARRIER,STRAIGHT AND LEVEL,DRY,NO DEFECTS,,FAILING TO YIELD RIGHT-OF-WAY,NOT APPLICABLE,Y,NONINCAPACITATING INJURY,19,10,41.8989043208,-87.6672231834,2018,30,POINT (-87.6672231834 41.8989043208),,,,,2018-10-17,False,23,West Town
1680,30,NO CONTROLS,NO CONTROLS,CLEAR,DAYLIGHT,PEDALCYCLIST,NOT DIVIDED,STRAIGHT AND LEVEL,DRY,NO DEFECTS,,DRIVING ON WRONG SIDE/WRONG WAY,NOT APPLICABLE,N,"REPORTED, NOT EVIDENT",14,10,41.7625162085,-87.5866904368,2018,30,POINT (-87.5866904368 41.7625162085),,,,,2018-10-18,False,42,South Shore
1681,30,NO CONTROLS,NO CONTROLS,CLEAR,"DARKNESS, LIGHTED ROAD",PEDALCYCLIST,NOT DIVIDED,STRAIGHT AND LEVEL,DRY,NO DEFECTS,Y,UNABLE TO DETERMINE,UNABLE TO DETERMINE,,NO INDICATION OF INJURY,17,10,41.9129184855,-87.6349124118,2018,30,POINT (-87.6349124118 41.9129184855),,,,,2018-10-18,False,6,Lincoln Park
1682,30,NO CONTROLS,NO CONTROLS,CLEAR,DUSK,PEDALCYCLIST,NOT DIVIDED,STRAIGHT AND LEVEL,DRY,NO DEFECTS,,UNABLE TO DETERMINE,NOT APPLICABLE,,NO INDICATION OF INJURY,18,10,41.9028634001,-87.7166254441,2018,30,POINT (-87.7166254441 41.9028634001),,,,,2018-10-18,False,22,Humboldt Park
1683,30,STOP SIGN/FLASHER,FUNCTIONING PROPERLY,CLEAR,DARKNESS,PEDALCYCLIST,NOT DIVIDED,STRAIGHT AND LEVEL,DRY,NO DEFECTS,Y,DRIVING SKILLS/KNOWLEDGE/EXPERIENCE,UNABLE TO DETERMINE,,"REPORTED, NOT EVIDENT",19,10,41.8031127014,-87.660108289,2018,30,POINT (-87.660108289 41.8031127014),,,,,2018-10-18,False,60,New City
1684,25,STOP SIGN/FLASHER,FUNCTIONING PROPERLY,CLEAR,"DARKNESS, LIGHTED ROAD",PEDALCYCLIST,OTHER,STRAIGHT AND LEVEL,DRY,NO DEFECTS,Y,DISREGARDING STOP SIGN,DISREGARDING STOP SIGN,,NONINCAPACITATING INJURY,20,10,41.8927624699,-87.769959131,2018,25,POINT (-87.769959131 41.8927624699),,,,,2018-10-18,False,24,Austin