Unnamed: 0,POSTED_SPEED_LIMIT,TRAFFIC_CONTROL_DEVICE,DEVICE_CONDITION,WEATHER_CONDITION,LIGHTING_CONDITION,FIRST_CRASH_TYPE,TRAFFICWAY_TYPE,ALIGNMENT,ROADWAY_SURFACE_COND,ROAD_DEFECT,INTERSECTION_RELATED_I,PRIM_CONTRIBUTORY_CAUSE,SEC_CONTRIBUTORY_CAUSE,DOORING_I,MOST_SEVERE_INJURY,CRASH_HOUR,CRASH_MONTH,LATITUDE,LONGITUDE,CRASH_YEAR,SPEED_LIMIT,geometry,DISPLAYROU,the_geom,DIST,LANE_TYPE,CRASH_DATE,is_severe,index_right,CArea
1685,20,NO CONTROLS,NO CONTROLS,CLEAR,DUSK,PEDALCYCLIST,NOT DIVIDED,STRAIGHT AND LEVEL,DRY,NO DEFECTS,,UNABLE TO DETERMINE,NOT APPLICABLE,,"REPORTED, NOT EVIDENT",21,10,41.8135593513,-87.6994213044,2018,20,POINT (-87.6994213044 41.8135593513),,,,,2018-10-18,False,57,Brighton Park
1686,30,TRAFFIC SIGNAL,FUNCTIONING PROPERLY,CLEAR,"DARKNESS, LIGHTED ROAD",PEDALCYCLIST,DIVIDED - W/MEDIAN (NOT RAISED),STRAIGHT AND LEVEL,DRY,NO DEFECTS,Y,FAILING TO YIELD RIGHT-OF-WAY,IMPROPER TURNING/NO SIGNAL,,NO INDICATION OF INJURY,22,10,41.9578499833,-87.6790134316,2018,30,POINT (-87.6790134316 41.9578499833),,,,,2018-10-18,False,4,North Center
1687,0,STOP SIGN/FLASHER,FUNCTIONING PROPERLY,CLEAR,DAYLIGHT,PEDALCYCLIST,NOT DIVIDED,STRAIGHT AND LEVEL,DRY,NO DEFECTS,Y,FAILING TO YIELD RIGHT-OF-WAY,IMPROPER TURNING/NO SIGNAL,,NONINCAPACITATING INJURY,6,10,41.9670707328,-87.6608888557,2018,0,POINT (-87.6608888557 41.9670707328),,,,,2018-10-19,False,2,Uptown
1688,30,STOP SIGN/FLASHER,FUNCTIONING PROPERLY,CLEAR,DAYLIGHT,PEDALCYCLIST,OTHER,STRAIGHT AND LEVEL,DRY,NO DEFECTS,Y,FAILING TO YIELD RIGHT-OF-WAY,NOT APPLICABLE,,NO INDICATION OF INJURY,7,10,41.8907818776,-87.6371577369,2018,30,POINT (-87.6371577369 41.8907818776),,,,,2018-10-19,False,7,Near North Side
1689,30,NO CONTROLS,NO CONTROLS,CLEAR,DAYLIGHT,PEDALCYCLIST,NOT DIVIDED,STRAIGHT AND LEVEL,DRY,NO DEFECTS,,IMPROPER LANE USAGE,NOT APPLICABLE,,NO INDICATION OF INJURY,9,10,41.8525237163,-87.6614421011,2018,30,POINT (-87.6614421011 41.8525237163),,,,,2018-10-19,False,30,Lower West Side
1690,25,STOP SIGN/FLASHER,FUNCTIONING PROPERLY,CLOUDY/OVERCAST,DAYLIGHT,PEDALCYCLIST,NOT DIVIDED,STRAIGHT AND LEVEL,WET,NO DEFECTS,Y,FAILING TO REDUCE SPEED TO AVOID CRASH,UNABLE TO DETERMINE,,NONINCAPACITATING INJURY,14,10,41.8351413109,-87.6560907743,2018,25,POINT (-87.6560907743 41.8351413109),,,,,2018-10-19,False,30,Lower West Side
1691,30,TRAFFIC SIGNAL,FUNCTIONING PROPERLY,RAIN,DAYLIGHT,PEDALCYCLIST,NOT DIVIDED,STRAIGHT AND LEVEL,WET,NO DEFECTS,Y,UNABLE TO DETERMINE,NOT APPLICABLE,,NONINCAPACITATING INJURY,17,10,41.7596745819,-87.6444202389,2018,30,POINT (-87.6444202389 41.7596745819),,,,,2018-10-19,False,67,Englewood
1692,30,NO CONTROLS,NO CONTROLS,RAIN,"DARKNESS, LIGHTED ROAD",PEDALCYCLIST,NOT DIVIDED,STRAIGHT AND LEVEL,WET,NO DEFECTS,,DRIVING SKILLS/KNOWLEDGE/EXPERIENCE,NOT APPLICABLE,Y,NO INDICATION OF INJURY,18,10,41.9138974873,-87.6773925663,2018,30,POINT (-87.6773925663 41.9138974873),,,,,2018-10-19,False,6,Lincoln Park
1693,30,NO CONTROLS,NO CONTROLS,CLEAR,DAYLIGHT,PEDALCYCLIST,NOT DIVIDED,STRAIGHT AND LEVEL,DRY,NO DEFECTS,,UNABLE TO DETERMINE,UNABLE TO DETERMINE,,NONINCAPACITATING INJURY,7,10,41.9748474386,-87.7830453755,2018,30,POINT (-87.7830453755 41.9748474386),,,,,2018-10-20,False,10,Jefferson Park
1694,30,NO CONTROLS,NO CONTROLS,CLEAR,DAYLIGHT,PEDALCYCLIST,DIVIDED - W/MEDIAN (NOT RAISED),STRAIGHT AND LEVEL,DRY,NO DEFECTS,,UNABLE TO DETERMINE,NOT APPLICABLE,,NONINCAPACITATING INJURY,9,10,41.9223940515,-87.673412835,2018,30,POINT (-87.673412835 41.9223940515),,,,,2018-10-20,False,6,Lincoln Park
1695,30,UNKNOWN,NO CONTROLS,CLEAR,DAYLIGHT,PEDALCYCLIST,NOT DIVIDED,STRAIGHT AND LEVEL,DRY,NO DEFECTS,,UNABLE TO DETERMINE,UNABLE TO DETERMINE,Y,NO INDICATION OF INJURY,10,10,41.8918041655,-87.6228143156,2018,30,POINT (-87.6228143156 41.8918041655),,,,,2018-10-20,False,7,Near North Side
1696,30,NO CONTROLS,NO CONTROLS,OTHER,DAYLIGHT,PEDALCYCLIST,NOT DIVIDED,STRAIGHT AND LEVEL,OTHER,NO DEFECTS,,NOT APPLICABLE,NOT APPLICABLE,Y,NONINCAPACITATING INJURY,12,10,41.9077568646,-87.6735937017,2018,30,POINT (-87.6735937017 41.9077568646),,,,,2018-10-20,False,23,West Town
1697,30,TRAFFIC SIGNAL,FUNCTIONING PROPERLY,CLEAR,DAYLIGHT,PEDALCYCLIST,NOT DIVIDED,STRAIGHT AND LEVEL,DRY,NO DEFECTS,Y,FAILING TO YIELD RIGHT-OF-WAY,NOT APPLICABLE,,NONINCAPACITATING INJURY,12,10,41.7516381735,-87.5660849641,2018,30,POINT (-87.5660849641 41.7516381735),,,,,2018-10-20,False,42,South Shore
1698,15,NO CONTROLS,NO CONTROLS,CLEAR,DAYLIGHT,PEDALCYCLIST,ALLEY,STRAIGHT AND LEVEL,DRY,NO DEFECTS,,UNABLE TO DETERMINE,UNABLE TO DETERMINE,,NONINCAPACITATING INJURY,13,10,41.8922953756,-87.6819700475,2018,15,POINT (-87.6819700475 41.8922953756),,,,,2018-10-20,False,23,West Town
1699,20,NO CONTROLS,NO CONTROLS,CLEAR,DAYLIGHT,PEDALCYCLIST,DIVIDED - W/MEDIAN (NOT RAISED),STRAIGHT AND LEVEL,DRY,NO DEFECTS,,"VISION OBSCURED (SIGNS, TREE LIMBS, BUILDINGS, ETC.)",NOT APPLICABLE,Y,NONINCAPACITATING INJURY,14,10,41.9215991933,-87.6721619261,2018,20,POINT (-87.6721619261 41.9215991933),,,,,2018-10-20,False,6,Lincoln Park
1700,30,STOP SIGN/FLASHER,FUNCTIONING PROPERLY,CLEAR,DAYLIGHT,PEDALCYCLIST,OTHER,STRAIGHT AND LEVEL,DRY,NO DEFECTS,Y,FAILING TO YIELD RIGHT-OF-WAY,DRIVING ON WRONG SIDE/WRONG WAY,N,NONINCAPACITATING INJURY,17,10,41.903687598,-87.7091136578,2018,30,POINT (-87.7091136578 41.903687598),,,,,2018-10-20,False,22,Humboldt Park
1701,30,STOP SIGN/FLASHER,FUNCTIONING PROPERLY,RAIN,DAYLIGHT,PEDALCYCLIST,ONE-WAY,STRAIGHT AND LEVEL,DRY,NO DEFECTS,,UNABLE TO DETERMINE,UNABLE TO DETERMINE,,NONINCAPACITATING INJURY,6,10,41.8956722122,-87.7634472625,2018,30,POINT (-87.7634472625 41.8956722122),,,,,2018-10-21,False,24,Austin
1702,30,NO CONTROLS,NO CONTROLS,CLEAR,DAYLIGHT,PEDALCYCLIST,DIVIDED - W/MEDIAN (NOT RAISED),STRAIGHT AND LEVEL,DRY,NO DEFECTS,,DRIVING SKILLS/KNOWLEDGE/EXPERIENCE,UNABLE TO DETERMINE,,NONINCAPACITATING INJURY,12,10,41.8653151101,-87.6393338939,2018,30,POINT (-87.6393338939 41.8653151101),,,,,2018-10-21,False,27,Near West Side
1703,30,STOP SIGN/FLASHER,FUNCTIONING PROPERLY,CLEAR,DAYLIGHT,PEDALCYCLIST,NOT DIVIDED,STRAIGHT AND LEVEL,DRY,NO DEFECTS,Y,FAILING TO YIELD RIGHT-OF-WAY,DISREGARDING OTHER TRAFFIC SIGNS,,"REPORTED, NOT EVIDENT",7,10,41.9078192655,-87.6302520386,2018,30,POINT (-87.6302520386 41.9078192655),,,,,2018-10-22,False,7,Near North Side
1704,30,TRAFFIC SIGNAL,FUNCTIONING PROPERLY,CLEAR,DAYLIGHT,PEDALCYCLIST,DIVIDED - W/MEDIAN (NOT RAISED),STRAIGHT AND LEVEL,DRY,NO DEFECTS,Y,UNABLE TO DETERMINE,NOT APPLICABLE,,"REPORTED, NOT EVIDENT",10,10,41.8871253691,-87.7554673895,2018,30,POINT (-87.7554673895 41.8871253691),,,,,2018-10-22,False,24,Austin
1705,30,NO CONTROLS,NO CONTROLS,CLEAR,DAYLIGHT,PEDALCYCLIST,NOT DIVIDED,STRAIGHT AND LEVEL,DRY,NO DEFECTS,Y,FAILING TO YIELD RIGHT-OF-WAY,NOT APPLICABLE,,NO INDICATION OF INJURY,14,10,41.9680377831,-87.7366014673,2018,30,POINT (-87.7366014673 41.9680377831),,,,,2018-10-22,False,11,Forest Glen
1706,30,STOP SIGN/FLASHER,NO CONTROLS,CLEAR,DAYLIGHT,PEDALCYCLIST,ONE-WAY,STRAIGHT AND LEVEL,DRY,NO DEFECTS,,UNABLE TO DETERMINE,NOT APPLICABLE,,"REPORTED, NOT EVIDENT",16,10,41.9042803883,-87.7461292775,2018,30,POINT (-87.7461292775 41.9042803883),,,,,2018-10-22,False,24,Austin
1707,25,NO CONTROLS,NO CONTROLS,CLEAR,"DARKNESS, LIGHTED ROAD",PEDALCYCLIST,NOT DIVIDED,STRAIGHT AND LEVEL,DRY,NO DEFECTS,,FAILING TO YIELD RIGHT-OF-WAY,UNABLE TO DETERMINE,,NONINCAPACITATING INJURY,18,10,41.8989401473,-87.7228658038,2018,25,POINT (-87.7228658038 41.8989401473),,,,,2018-10-22,False,22,Humboldt Park
1708,30,TRAFFIC SIGNAL,FUNCTIONING PROPERLY,CLEAR,DAYLIGHT,PEDALCYCLIST,CENTER TURN LANE,STRAIGHT AND LEVEL,DRY,NO DEFECTS,Y,"VISION OBSCURED (SIGNS, TREE LIMBS, BUILDINGS, ETC.)",UNABLE TO DETERMINE,,NONINCAPACITATING INJURY,7,10,41.9172914956,-87.7070516015,2018,30,POINT (-87.7070516015 41.9172914956),,,,,2018-10-23,False,21,Logan Square
1709,35,OTHER WARNING SIGN,FUNCTIONING PROPERLY,CLEAR,DAYLIGHT,PEDALCYCLIST,DIVIDED - W/MEDIAN BARRIER,STRAIGHT AND LEVEL,DRY,NO DEFECTS,,FAILING TO YIELD RIGHT-OF-WAY,DRIVING SKILLS/KNOWLEDGE/EXPERIENCE,,NONINCAPACITATING INJURY,10,10,41.9971409325,-87.7397800088,2018,35,POINT (-87.7397800088 41.9971409325),,,,,2018-10-23,False,11,Forest Glen
1710,30,STOP SIGN/FLASHER,FUNCTIONING PROPERLY,CLEAR,DAYLIGHT,PEDALCYCLIST,NOT DIVIDED,STRAIGHT AND LEVEL,DRY,NO DEFECTS,Y,UNABLE TO DETERMINE,UNABLE TO DETERMINE,,NONINCAPACITATING INJURY,13,10,41.8395902542,-87.655953191,2018,30,POINT (-87.655953191 41.8395902542),,,,,2018-10-23,False,30,Lower West Side
1711,30,NO CONTROLS,NO CONTROLS,CLEAR,DAYLIGHT,PEDALCYCLIST,NOT DIVIDED,STRAIGHT AND LEVEL,DRY,NO DEFECTS,,PHYSICAL CONDITION OF DRIVER,NOT APPLICABLE,,"REPORTED, NOT EVIDENT",13,10,41.9710069389,-87.6678853324,2018,30,POINT (-87.6678853324 41.9710069389),,,,,2018-10-23,False,2,Uptown
1712,30,TRAFFIC SIGNAL,FUNCTIONING PROPERLY,CLEAR,DAYLIGHT,PEDALCYCLIST,NOT DIVIDED,STRAIGHT AND LEVEL,DRY,NO DEFECTS,,FAILING TO YIELD RIGHT-OF-WAY,FAILING TO REDUCE SPEED TO AVOID CRASH,,NONINCAPACITATING INJURY,15,10,41.8451521664,-87.6465928968,2018,30,POINT (-87.6465928968 41.8451521664),,,,,2018-10-23,False,30,Lower West Side
1713,30,NO CONTROLS,NO CONTROLS,CLEAR,DAYLIGHT,PEDALCYCLIST,NOT DIVIDED,STRAIGHT AND LEVEL,DRY,NO DEFECTS,,FAILING TO YIELD RIGHT-OF-WAY,NOT APPLICABLE,,NONINCAPACITATING INJURY,16,10,41.9122732164,-87.6806240106,2018,30,POINT (-87.6806240106 41.9122732164),,,,,2018-10-23,False,6,Lincoln Park
1714,30,STOP SIGN/FLASHER,UNKNOWN,CLEAR,DARKNESS,PEDALCYCLIST,ONE-WAY,STRAIGHT AND LEVEL,DRY,NO DEFECTS,Y,DRIVING ON WRONG SIDE/WRONG WAY,NOT APPLICABLE,,"REPORTED, NOT EVIDENT",18,10,41.8404582474,-87.7258123409,2018,30,POINT (-87.7258123409 41.8404582474),,,,,2018-10-23,False,29,South Lawndale
1715,15,NO CONTROLS,NO CONTROLS,CLEAR,DAYLIGHT,PEDALCYCLIST,PARKING LOT,STRAIGHT AND LEVEL,DRY,NO DEFECTS,,FAILING TO YIELD RIGHT-OF-WAY,NOT APPLICABLE,,NO INDICATION OF INJURY,12,10,41.9237024522,-87.7959320997,2018,15,POINT (-87.7959320997 41.9237024522),,,,,2018-10-24,False,17,Montclare
1716,30,STOP SIGN/FLASHER,FUNCTIONING PROPERLY,CLEAR,DAYLIGHT,PEDALCYCLIST,NOT DIVIDED,STRAIGHT AND LEVEL,DRY,NO DEFECTS,Y,DRIVING ON WRONG SIDE/WRONG WAY,NOT APPLICABLE,,NO INDICATION OF INJURY,16,10,41.9982047049,-87.6691128979,2018,30,POINT (-87.6691128979 41.9982047049),,,,,2018-10-24,False,0,Rogers Park
1717,30,TRAFFIC SIGNAL,FUNCTIONING PROPERLY,CLEAR,DUSK,PEDALCYCLIST,NOT DIVIDED,STRAIGHT AND LEVEL,DRY,NO DEFECTS,,FAILING TO YIELD RIGHT-OF-WAY,UNABLE TO DETERMINE,,NO INDICATION OF INJURY,17,10,41.7720982328,-87.6641646176,2018,30,POINT (-87.6641646176 41.7720982328),,,,,2018-10-24,False,66,Englewood
1718,30,NO CONTROLS,NO CONTROLS,CLEAR,DAYLIGHT,PEDALCYCLIST,NOT DIVIDED,STRAIGHT AND LEVEL,DRY,NO DEFECTS,,UNABLE TO DETERMINE,UNABLE TO DETERMINE,,NO INDICATION OF INJURY,17,10,41.9732147208,-87.6541373946,2018,30,POINT (-87.6541373946 41.9732147208),,,,,2018-10-24,False,2,Uptown
1719,25,NO CONTROLS,NO CONTROLS,CLEAR,DUSK,PEDALCYCLIST,DIVIDED - W/MEDIAN (NOT RAISED),STRAIGHT AND LEVEL,DRY,NO DEFECTS,,IMPROPER BACKING,NOT APPLICABLE,,NONINCAPACITATING INJURY,17,10,41.9610482959,-87.646971344,2018,25,POINT (-87.646971344 41.9610482959),,,,,2018-10-24,False,2,Uptown
1720,35,NO CONTROLS,FUNCTIONING PROPERLY,CLEAR,DARKNESS,PEDALCYCLIST,NOT DIVIDED,STRAIGHT AND LEVEL,DRY,NO DEFECTS,,UNABLE TO DETERMINE,UNABLE TO DETERMINE,,NONINCAPACITATING INJURY,23,10,41.9100662979,-87.7013691008,2018,35,POINT (-87.7013691008 41.9100662979),,,,,2018-10-24,False,22,Humboldt Park
1721,30,TRAFFIC SIGNAL,FUNCTIONING PROPERLY,CLEAR,DAYLIGHT,PEDALCYCLIST,NOT DIVIDED,STRAIGHT AND LEVEL,DRY,UNKNOWN,,DISREGARDING TRAFFIC SIGNALS,"OPERATING VEHICLE IN ERRATIC, RECKLESS, CARELESS, NEGLIGENT OR AGGRESSIVE MANNER",,NO INDICATION OF INJURY,9,10,41.884372907,-87.6296630905,2018,30,POINT (-87.6296630905 41.884372907),,,,,2018-10-25,False,31,Loop
1722,30,TRAFFIC SIGNAL,FUNCTIONING IMPROPERLY,CLEAR,DAYLIGHT,PEDALCYCLIST,NOT DIVIDED,STRAIGHT AND LEVEL,DRY,"RUT, HOLES",,ROAD CONSTRUCTION/MAINTENANCE,UNABLE TO DETERMINE,,NONINCAPACITATING INJURY,12,10,41.9245725742,-87.7269191114,2018,30,POINT (-87.7269191114 41.9245725742),,,,,2018-10-25,False,19,Hermosa
1723,30,TRAFFIC SIGNAL,FUNCTIONING PROPERLY,CLEAR,DAYLIGHT,PEDALCYCLIST,NOT DIVIDED,STRAIGHT AND LEVEL,DRY,NO DEFECTS,Y,UNABLE TO DETERMINE,UNABLE TO DETERMINE,,NO INDICATION OF INJURY,14,10,41.8849569404,-87.6293261287,2018,30,POINT (-87.6293261287 41.8849569404),,,,,2018-10-25,False,31,Loop
1724,30,NO CONTROLS,NO CONTROLS,CLEAR,DAYLIGHT,PEDALCYCLIST,NOT DIVIDED,STRAIGHT AND LEVEL,DRY,UNKNOWN,,FAILING TO YIELD RIGHT-OF-WAY,TEXTING,Y,NONINCAPACITATING INJURY,17,10,41.924811641,-87.7086118986,2018,30,POINT (-87.7086118986 41.924811641),,,,,2018-10-25,False,21,Logan Square
1725,30,NO CONTROLS,NO CONTROLS,CLEAR,"DARKNESS, LIGHTED ROAD",PEDALCYCLIST,OTHER,STRAIGHT ON HILLCREST,DRY,NO DEFECTS,,FAILING TO YIELD RIGHT-OF-WAY,PHYSICAL CONDITION OF DRIVER,,NONINCAPACITATING INJURY,17,10,41.7524955978,-87.6244518626,2018,30,POINT (-87.6244518626 41.7524955978),,,,,2018-10-25,False,68,Grand Crossing
1726,30,TRAFFIC SIGNAL,FUNCTIONING PROPERLY,CLEAR,DAYLIGHT,PEDALCYCLIST,ONE-WAY,STRAIGHT AND LEVEL,DRY,NO DEFECTS,,DISREGARDING TRAFFIC SIGNALS,NOT APPLICABLE,,NO INDICATION OF INJURY,9,10,41.884590847,-87.6292360117,2018,30,POINT (-87.6292360117 41.884590847),,,,,2018-10-26,False,31,Loop
1727,30,TRAFFIC SIGNAL,FUNCTIONING PROPERLY,CLEAR,DAYLIGHT,PEDALCYCLIST,DIVIDED - W/MEDIAN (NOT RAISED),STRAIGHT AND LEVEL,DRY,NO DEFECTS,,FOLLOWING TOO CLOSELY,NOT APPLICABLE,,NO INDICATION OF INJURY,12,10,41.8917968865,-87.6268693985,2018,30,POINT (-87.6268693985 41.8917968865),,,,,2018-10-26,False,7,Near North Side
1728,30,TRAFFIC SIGNAL,FUNCTIONING PROPERLY,CLEAR,DAYLIGHT,PEDALCYCLIST,NOT DIVIDED,STRAIGHT AND LEVEL,DRY,NO DEFECTS,Y,FAILING TO REDUCE SPEED TO AVOID CRASH,UNABLE TO DETERMINE,,NONINCAPACITATING INJURY,16,10,41.8829551679,-87.7014546609,2018,30,POINT (-87.7014546609 41.8829551679),,,,,2018-10-26,False,26,Garfield Park
1729,30,TRAFFIC SIGNAL,FUNCTIONING PROPERLY,CLEAR,"DARKNESS, LIGHTED ROAD",PEDALCYCLIST,NOT DIVIDED,STRAIGHT AND LEVEL,DRY,NO DEFECTS,Y,FAILING TO YIELD RIGHT-OF-WAY,NOT APPLICABLE,,NONINCAPACITATING INJURY,21,10,41.8949058159,-87.620520448,2018,30,POINT (-87.620520448 41.8949058159),,,,,2018-10-26,False,7,Near North Side
1730,30,NO CONTROLS,NO CONTROLS,CLEAR,DAYLIGHT,PEDALCYCLIST,NOT DIVIDED,STRAIGHT AND LEVEL,DRY,NO DEFECTS,,UNABLE TO DETERMINE,NOT APPLICABLE,Y,NONINCAPACITATING INJURY,15,10,41.9426842193,-87.6709250292,2018,30,POINT (-87.6709250292 41.9426842193),,,,,2018-10-27,False,5,Lake View
1731,30,TRAFFIC SIGNAL,FUNCTIONING PROPERLY,CLEAR,DAYLIGHT,PEDALCYCLIST,NOT DIVIDED,STRAIGHT AND LEVEL,DRY,NO DEFECTS,Y,DISREGARDING TRAFFIC SIGNALS,UNABLE TO DETERMINE,,INCAPACITATING INJURY,15,10,41.9108656861,-87.649664933,2018,30,POINT (-87.649664933 41.9108656861),,,,,2018-10-27,True,6,Lincoln Park
1732,30,NO CONTROLS,NO CONTROLS,CLEAR,DAYLIGHT,PEDALCYCLIST,NOT DIVIDED,STRAIGHT AND LEVEL,DRY,NO DEFECTS,,FAILING TO YIELD RIGHT-OF-WAY,IMPROPER TURNING/NO SIGNAL,,NONINCAPACITATING INJURY,16,10,41.9173132269,-87.7044173584,2018,30,POINT (-87.7044173584 41.9173132269),,,,,2018-10-27,False,21,Logan Square
1733,30,STOP SIGN/FLASHER,FUNCTIONING PROPERLY,RAIN,DARKNESS,PEDALCYCLIST,NOT DIVIDED,STRAIGHT AND LEVEL,WET,NO DEFECTS,Y,FAILING TO YIELD RIGHT-OF-WAY,UNABLE TO DETERMINE,,NO INDICATION OF INJURY,18,10,41.8710843788,-87.6983283366,2018,30,POINT (-87.6983283366 41.8710843788),,,,,2018-10-27,False,26,Garfield Park
1734,30,NO CONTROLS,NO CONTROLS,CLEAR,"DARKNESS, LIGHTED ROAD",PEDALCYCLIST,DIVIDED - W/MEDIAN BARRIER,STRAIGHT AND LEVEL,DRY,NO DEFECTS,N,DISTRACTION - FROM INSIDE VEHICLE,UNABLE TO DETERMINE,Y,NO INDICATION OF INJURY,23,10,41.8669792052,-87.6509440406,2018,30,POINT (-87.6509440406 41.8669792052),,,,,2018-10-27,False,27,Near West Side
1735,30,TRAFFIC SIGNAL,FUNCTIONING PROPERLY,CLEAR,DAYLIGHT,PEDALCYCLIST,NOT DIVIDED,STRAIGHT AND LEVEL,DRY,NO DEFECTS,,DRIVING ON WRONG SIDE/WRONG WAY,UNABLE TO DETERMINE,,NONINCAPACITATING INJURY,7,10,41.7221000893,-87.594936681,2018,30,POINT (-87.594936681 41.7221000893),,,,,2018-10-29,False,46,Burnside
1736,30,NO CONTROLS,NO CONTROLS,CLEAR,DAYLIGHT,PEDALCYCLIST,NOT DIVIDED,STRAIGHT AND LEVEL,DRY,NO DEFECTS,Y,UNABLE TO DETERMINE,NOT APPLICABLE,,NONINCAPACITATING INJURY,8,10,41.9184120809,-87.6400934305,2018,30,POINT (-87.6400934305 41.9184120809),,,,,2018-10-29,False,6,Lincoln Park
1737,30,NO CONTROLS,NO CONTROLS,CLEAR,DAYLIGHT,PEDALCYCLIST,NOT DIVIDED,STRAIGHT AND LEVEL,DRY,NO DEFECTS,,UNABLE TO DETERMINE,UNABLE TO DETERMINE,,NONINCAPACITATING INJURY,18,10,41.9178130523,-87.6802224163,2018,30,POINT (-87.6802224163 41.9178130523),,,,,2018-10-29,False,6,Lincoln Park
1738,30,TRAFFIC SIGNAL,FUNCTIONING PROPERLY,CLEAR,"DARKNESS, LIGHTED ROAD",PEDALCYCLIST,ONE-WAY,STRAIGHT AND LEVEL,DRY,NO DEFECTS,Y,FAILING TO REDUCE SPEED TO AVOID CRASH,IMPROPER TURNING/NO SIGNAL,,NONINCAPACITATING INJURY,18,10,41.882112426,-87.6290372175,2018,30,POINT (-87.6290372175 41.882112426),,,,,2018-10-29,False,31,Loop
1739,30,TRAFFIC SIGNAL,FUNCTIONING PROPERLY,CLEAR,"DARKNESS, LIGHTED ROAD",PEDALCYCLIST,NOT DIVIDED,STRAIGHT AND LEVEL,DRY,NO DEFECTS,Y,UNABLE TO DETERMINE,UNABLE TO DETERMINE,,NONINCAPACITATING INJURY,18,10,41.7369631273,-87.5758627085,2018,30,POINT (-87.5758627085 41.7369631273),,,,,2018-10-29,False,44,Avalon Park
1740,30,NO CONTROLS,NO CONTROLS,CLEAR,DARKNESS,PEDALCYCLIST,NOT DIVIDED,STRAIGHT AND LEVEL,DRY,NO DEFECTS,Y,FAILING TO YIELD RIGHT-OF-WAY,"VISION OBSCURED (SIGNS, TREE LIMBS, BUILDINGS, ETC.)",,NONINCAPACITATING INJURY,20,10,41.9207457344,-87.6935969459,2018,30,POINT (-87.6935969459 41.9207457344),,,,,2018-10-29,False,21,Logan Square
1741,30,TRAFFIC SIGNAL,FUNCTIONING PROPERLY,CLEAR,DAYLIGHT,PEDALCYCLIST,NOT DIVIDED,STRAIGHT AND LEVEL,DRY,NO DEFECTS,Y,UNABLE TO DETERMINE,NOT APPLICABLE,,NONINCAPACITATING INJURY,8,10,41.8546625454,-87.6464252325,2018,30,POINT (-87.6464252325 41.8546625454),,,,,2018-10-30,False,30,Lower West Side
1742,35,NO CONTROLS,NO CONTROLS,UNKNOWN,"DARKNESS, LIGHTED ROAD",PEDALCYCLIST,DIVIDED - W/MEDIAN (NOT RAISED),STRAIGHT AND LEVEL,WET,UNKNOWN,,UNABLE TO DETERMINE,UNABLE TO DETERMINE,,NO INDICATION OF INJURY,19,10,41.9685442961,-87.7103882755,2018,35,POINT (-87.7103882755 41.9685442961),,,,,2018-10-30,False,13,Albany Park
1743,30,TRAFFIC SIGNAL,FUNCTIONING PROPERLY,RAIN,"DARKNESS, LIGHTED ROAD",PEDALCYCLIST,ONE-WAY,STRAIGHT AND LEVEL,WET,NO DEFECTS,,DISREGARDING TRAFFIC SIGNALS,NOT APPLICABLE,,NONINCAPACITATING INJURY,19,10,41.8831205157,-87.6244442554,2018,30,POINT (-87.6244442554 41.8831205157),,,,,2018-10-30,False,31,Loop
1744,30,NO CONTROLS,NO CONTROLS,RAIN,DAYLIGHT,PEDALCYCLIST,OTHER,STRAIGHT AND LEVEL,WET,NO DEFECTS,,FAILING TO YIELD RIGHT-OF-WAY,FAILING TO YIELD RIGHT-OF-WAY,,NONINCAPACITATING INJURY,8,10,41.9025661933,-87.6970182501,2018,30,POINT (-87.6970182501 41.9025661933),,,,,2018-10-31,False,22,Humboldt Park
1745,35,NO CONTROLS,NO CONTROLS,CLEAR,DAYLIGHT,PEDALCYCLIST,NOT DIVIDED,STRAIGHT AND LEVEL,DRY,NO DEFECTS,,FAILING TO REDUCE SPEED TO AVOID CRASH,NOT APPLICABLE,,NONINCAPACITATING INJURY,16,10,41.9709996845,-87.7282547692,2018,35,POINT (-87.7282547692 41.9709996845),,,,,2018-10-31,False,11,Forest Glen
1746,30,NO CONTROLS,NO CONTROLS,CLEAR,DAYLIGHT,PEDALCYCLIST,UNKNOWN,STRAIGHT AND LEVEL,DRY,NO DEFECTS,,FAILING TO YIELD RIGHT-OF-WAY,DISTRACTION - FROM INSIDE VEHICLE,Y,NONINCAPACITATING INJURY,17,10,41.9621387804,-87.6546063514,2018,30,POINT (-87.6546063514 41.9621387804),,,,,2018-10-31,False,2,Uptown
1747,30,LANE USE MARKING,FUNCTIONING PROPERLY,CLEAR,"DARKNESS, LIGHTED ROAD",PEDALCYCLIST,DIVIDED - W/MEDIAN (NOT RAISED),STRAIGHT AND LEVEL,DRY,NO DEFECTS,,UNABLE TO DETERMINE,UNABLE TO DETERMINE,Y,NONINCAPACITATING INJURY,17,10,41.9439753077,-87.6495325757,2018,30,POINT (-87.6495325757 41.9439753077),,,,,2018-10-31,False,5,Lake View
1748,30,UNKNOWN,UNKNOWN,UNKNOWN,UNKNOWN,PEDALCYCLIST,NOT DIVIDED,STRAIGHT AND LEVEL,UNKNOWN,UNKNOWN,,UNABLE TO DETERMINE,NOT APPLICABLE,,NO INDICATION OF INJURY,8,11,41.8935711143,-87.6478235405,2018,30,POINT (-87.6478235405 41.8935711143),,,,,2018-11-01,False,7,Near North Side