Unnamed: 0,POSTED_SPEED_LIMIT,TRAFFIC_CONTROL_DEVICE,DEVICE_CONDITION,WEATHER_CONDITION,LIGHTING_CONDITION,FIRST_CRASH_TYPE,TRAFFICWAY_TYPE,ALIGNMENT,ROADWAY_SURFACE_COND,ROAD_DEFECT,INTERSECTION_RELATED_I,PRIM_CONTRIBUTORY_CAUSE,SEC_CONTRIBUTORY_CAUSE,DOORING_I,MOST_SEVERE_INJURY,CRASH_HOUR,CRASH_MONTH,LATITUDE,LONGITUDE,CRASH_YEAR,SPEED_LIMIT,geometry,DISPLAYROU,the_geom,DIST,LANE_TYPE,CRASH_DATE,is_severe,index_right,CArea
1749,30,NO CONTROLS,NO CONTROLS,CLOUDY/OVERCAST,DAYLIGHT,PEDALCYCLIST,DIVIDED - W/MEDIAN (NOT RAISED),STRAIGHT AND LEVEL,DRY,NO DEFECTS,,FAILING TO YIELD RIGHT-OF-WAY,NOT APPLICABLE,Y,NONINCAPACITATING INJURY,11,11,41.8854605357,-87.6528941767,2018,30,POINT (-87.6528941767 41.8854605357),,,,,2018-11-01,False,27,Near West Side
1750,30,TRAFFIC SIGNAL,FUNCTIONING PROPERLY,CLEAR,"DARKNESS, LIGHTED ROAD",PEDALCYCLIST,ONE-WAY,STRAIGHT AND LEVEL,DRY,NO DEFECTS,Y,FAILING TO YIELD RIGHT-OF-WAY,NOT APPLICABLE,,INCAPACITATING INJURY,17,11,41.8845516127,-87.6398742409,2018,30,POINT (-87.6398742409 41.8845516127),,,,,2018-11-01,True,27,Near West Side
1751,30,TRAFFIC SIGNAL,FUNCTIONING PROPERLY,CLEAR,DARKNESS,PEDALCYCLIST,DIVIDED - W/MEDIAN (NOT RAISED),STRAIGHT AND LEVEL,DRY,NO DEFECTS,,IMPROPER OVERTAKING/PASSING,NOT APPLICABLE,Y,NO INDICATION OF INJURY,17,11,41.903311511,-87.6661855554,2018,30,POINT (-87.6661855554 41.903311511),,,,,2018-11-01,False,23,West Town
1752,30,TRAFFIC SIGNAL,FUNCTIONING PROPERLY,CLEAR,"DARKNESS, LIGHTED ROAD",PEDALCYCLIST,DIVIDED - W/MEDIAN (NOT RAISED),STRAIGHT AND LEVEL,DRY,NO DEFECTS,Y,FAILING TO YIELD RIGHT-OF-WAY,NOT APPLICABLE,,NO INDICATION OF INJURY,19,11,41.8673043641,-87.627378397,2018,30,POINT (-87.627378397 41.8673043641),,,,,2018-11-01,False,32,Near South Side
1753,30,NO CONTROLS,NO CONTROLS,CLEAR,"DARKNESS, LIGHTED ROAD",PEDALCYCLIST,NOT DIVIDED,STRAIGHT AND LEVEL,DRY,NO DEFECTS,,UNABLE TO DETERMINE,NOT APPLICABLE,,NONINCAPACITATING INJURY,21,11,41.8496436356,-87.6320886587,2018,30,POINT (-87.6320886587 41.8496436356),,,,,2018-11-01,False,32,Near South Side
1754,35,STOP SIGN/FLASHER,FUNCTIONING PROPERLY,CLEAR,DAYLIGHT,PEDALCYCLIST,NOT DIVIDED,STRAIGHT AND LEVEL,DRY,NO DEFECTS,Y,FAILING TO YIELD RIGHT-OF-WAY,NOT APPLICABLE,,NONINCAPACITATING INJURY,8,11,41.8631422759,-87.6564817627,2018,35,POINT (-87.6564817627 41.8631422759),,,,,2018-11-02,False,27,Near West Side
1755,20,STOP SIGN/FLASHER,FUNCTIONING PROPERLY,CLEAR,DAYLIGHT,PEDALCYCLIST,ONE-WAY,"CURVE, LEVEL",DRY,NO DEFECTS,,UNABLE TO DETERMINE,NOT APPLICABLE,,NONINCAPACITATING INJURY,9,11,41.9882187519,-87.7039713206,2018,20,POINT (-87.7039713206 41.9882187519),,,,,2018-11-02,False,1,West Ridge
1756,30,TRAFFIC SIGNAL,FUNCTIONING PROPERLY,CLEAR,DAYLIGHT,PEDALCYCLIST,NOT DIVIDED,STRAIGHT AND LEVEL,DRY,NO DEFECTS,Y,FAILING TO YIELD RIGHT-OF-WAY,NOT APPLICABLE,,NO INDICATION OF INJURY,9,11,41.8947651539,-87.6282290571,2018,30,POINT (-87.6282290571 41.8947651539),,,,,2018-11-02,False,7,Near North Side
1757,30,NO CONTROLS,NO CONTROLS,CLEAR,DAYLIGHT,PEDALCYCLIST,NOT DIVIDED,STRAIGHT AND LEVEL,DRY,NO DEFECTS,,NOT APPLICABLE,NOT APPLICABLE,,NO INDICATION OF INJURY,11,11,41.7784776122,-87.6640465694,2018,30,POINT (-87.6640465694 41.7784776122),,,,,2018-11-02,False,66,Englewood
1758,35,TRAFFIC SIGNAL,FUNCTIONING PROPERLY,CLEAR,DAYLIGHT,PEDALCYCLIST,ONE-WAY,STRAIGHT AND LEVEL,DRY,NO DEFECTS,,FAILING TO YIELD RIGHT-OF-WAY,NOT APPLICABLE,,NO INDICATION OF INJURY,11,11,41.8831133394,-87.6410837914,2018,35,POINT (-87.6410837914 41.8831133394),,,,,2018-11-02,False,27,Near West Side
1759,30,TRAFFIC SIGNAL,FUNCTIONING PROPERLY,CLEAR,DAYLIGHT,PEDALCYCLIST,NOT DIVIDED,STRAIGHT AND LEVEL,DRY,NO DEFECTS,Y,FAILING TO YIELD RIGHT-OF-WAY,NOT APPLICABLE,,NONINCAPACITATING INJURY,13,11,41.9173917806,-87.7168355929,2018,30,POINT (-87.7168355929 41.9173917806),,,,,2018-11-02,False,21,Logan Square
1760,30,UNKNOWN,UNKNOWN,CLEAR,DAYLIGHT,PEDALCYCLIST,NOT DIVIDED,STRAIGHT AND LEVEL,DRY,NO DEFECTS,,FAILING TO YIELD RIGHT-OF-WAY,UNABLE TO DETERMINE,,NO INDICATION OF INJURY,9,11,41.9353751292,-87.6638086663,2018,30,POINT (-87.6638086663 41.9353751292),,,,,2018-11-03,False,5,Lake View
1761,30,STOP SIGN/FLASHER,FUNCTIONING PROPERLY,CLEAR,"DARKNESS, LIGHTED ROAD",PEDALCYCLIST,NOT DIVIDED,STRAIGHT AND LEVEL,DRY,NO DEFECTS,,IMPROPER OVERTAKING/PASSING,IMPROPER OVERTAKING/PASSING,,NONINCAPACITATING INJURY,11,11,41.8871920566,-87.6488280726,2018,30,POINT (-87.6488280726 41.8871920566),,,,,2018-11-03,False,7,Near North Side
1762,30,TRAFFIC SIGNAL,FUNCTIONING PROPERLY,CLEAR,DAYLIGHT,PEDALCYCLIST,NOT DIVIDED,STRAIGHT AND LEVEL,DRY,NO DEFECTS,Y,FAILING TO YIELD RIGHT-OF-WAY,NOT APPLICABLE,,NONINCAPACITATING INJURY,14,11,41.9109316611,-87.6542326487,2018,30,POINT (-87.6542326487 41.9109316611),,,,,2018-11-03,False,6,Lincoln Park
1763,20,TRAFFIC SIGNAL,FUNCTIONING PROPERLY,CLEAR,DAYLIGHT,PEDALCYCLIST,NOT DIVIDED,STRAIGHT AND LEVEL,DRY,NO DEFECTS,,UNABLE TO DETERMINE,NOT APPLICABLE,,NO INDICATION OF INJURY,16,11,41.815527568,-87.6896710291,2018,20,POINT (-87.6896710291 41.815527568),,,,,2018-11-03,False,57,Brighton Park
1764,30,NO CONTROLS,NO CONTROLS,CLEAR,"DARKNESS, LIGHTED ROAD",PEDALCYCLIST,NOT DIVIDED,STRAIGHT AND LEVEL,DRY,NO DEFECTS,,DRIVING ON WRONG SIDE/WRONG WAY,NOT APPLICABLE,,NO INDICATION OF INJURY,17,11,41.9116737368,-87.6348736227,2018,30,POINT (-87.6348736227 41.9116737368),,,,,2018-11-03,False,6,Lincoln Park
1765,30,TRAFFIC SIGNAL,FUNCTIONING PROPERLY,CLEAR,"DARKNESS, LIGHTED ROAD",PEDALCYCLIST,NOT DIVIDED,STRAIGHT AND LEVEL,DRY,NO DEFECTS,Y,FAILING TO YIELD RIGHT-OF-WAY,NOT APPLICABLE,N,NO INDICATION OF INJURY,18,11,41.8089935857,-87.6325444133,2018,30,POINT (-87.6325444133 41.8089935857),,,,,2018-11-03,False,36,Fuller Park
1766,20,STOP SIGN/FLASHER,FUNCTIONING PROPERLY,RAIN,DAYLIGHT,PEDALCYCLIST,OTHER,STRAIGHT AND LEVEL,WET,NO DEFECTS,Y,UNABLE TO DETERMINE,UNABLE TO DETERMINE,,"REPORTED, NOT EVIDENT",11,11,41.9566059032,-87.7082444358,2018,20,POINT (-87.7082444358 41.9566059032),,,,,2018-11-04,False,15,Irving Park
1767,30,STOP SIGN/FLASHER,FUNCTIONING PROPERLY,RAIN,DAWN,PEDALCYCLIST,DIVIDED - W/MEDIAN (NOT RAISED),STRAIGHT AND LEVEL,WET,NO DEFECTS,Y,DISREGARDING STOP SIGN,FAILING TO YIELD RIGHT-OF-WAY,N,NO INDICATION OF INJURY,14,11,41.9181442262,-87.643603841,2018,30,POINT (-87.643603841 41.9181442262),,,,,2018-11-04,False,6,Lincoln Park
1768,25,TRAFFIC SIGNAL,FUNCTIONING PROPERLY,RAIN,"DARKNESS, LIGHTED ROAD",PEDALCYCLIST,DIVIDED - W/MEDIAN (NOT RAISED),STRAIGHT AND LEVEL,WET,NO DEFECTS,Y,DRIVING SKILLS/KNOWLEDGE/EXPERIENCE,UNABLE TO DETERMINE,,"REPORTED, NOT EVIDENT",19,11,41.9104288163,-87.6873688084,2018,25,POINT (-87.6873688084 41.9104288163),,,,,2018-11-04,False,23,West Town
1769,30,STOP SIGN/FLASHER,NO CONTROLS,CLEAR,DAWN,PEDALCYCLIST,NOT DIVIDED,STRAIGHT AND LEVEL,DRY,NO DEFECTS,Y,UNABLE TO DETERMINE,NOT APPLICABLE,,NONINCAPACITATING INJURY,7,11,41.7901180845,-87.684082168,2018,30,POINT (-87.684082168 41.7901180845),,,,,2018-11-05,False,62,Gage Park
1770,30,TRAFFIC SIGNAL,FUNCTIONING PROPERLY,CLEAR,DAYLIGHT,PEDALCYCLIST,DIVIDED - W/MEDIAN (NOT RAISED),STRAIGHT AND LEVEL,DRY,"RUT, HOLES",Y,FAILING TO YIELD RIGHT-OF-WAY,NOT APPLICABLE,,NO INDICATION OF INJURY,10,11,41.9245945664,-87.7267105203,2018,30,POINT (-87.7267105203 41.9245945664),,,,,2018-11-05,False,19,Hermosa
1771,30,NO CONTROLS,NO CONTROLS,CLOUDY/OVERCAST,DAYLIGHT,PEDALCYCLIST,NOT DIVIDED,STRAIGHT AND LEVEL,DRY,NO DEFECTS,Y,HAD BEEN DRINKING (USE WHEN ARREST IS NOT MADE),NOT APPLICABLE,,NO INDICATION OF INJURY,11,11,41.811233024,-87.6116447724,2018,30,POINT (-87.6116447724 41.811233024),,,,,2018-11-05,False,37,Grand Boulevard
1772,30,TRAFFIC SIGNAL,FUNCTIONING PROPERLY,CLEAR,DAYLIGHT,PEDALCYCLIST,ONE-WAY,STRAIGHT AND LEVEL,DRY,NO DEFECTS,Y,UNABLE TO DETERMINE,NOT APPLICABLE,,NONINCAPACITATING INJURY,14,11,41.8845912742,-87.6293787265,2018,30,POINT (-87.6293787265 41.8845912742),,,,,2018-11-05,False,31,Loop
1773,30,TRAFFIC SIGNAL,FUNCTIONING PROPERLY,RAIN,DAYLIGHT,PEDALCYCLIST,OTHER,STRAIGHT AND LEVEL,WET,UNKNOWN,Y,FAILING TO YIELD RIGHT-OF-WAY,FAILING TO YIELD RIGHT-OF-WAY,,NONINCAPACITATING INJURY,16,11,41.8934847951,-87.6477338421,2018,30,POINT (-87.6477338421 41.8934847951),,,,,2018-11-05,False,7,Near North Side
1774,30,NO CONTROLS,NO CONTROLS,CLEAR,"DARKNESS, LIGHTED ROAD",PEDALCYCLIST,NOT DIVIDED,STRAIGHT AND LEVEL,DRY,NO DEFECTS,,UNABLE TO DETERMINE,NOT APPLICABLE,,NONINCAPACITATING INJURY,18,11,41.946984412,-87.6777569981,2018,30,POINT (-87.6777569981 41.946984412),,,,,2018-11-05,False,4,North Center
1775,25,NO CONTROLS,NO CONTROLS,RAIN,DAYLIGHT,PEDALCYCLIST,NOT DIVIDED,STRAIGHT AND LEVEL,WET,NO DEFECTS,,IMPROPER OVERTAKING/PASSING,UNABLE TO DETERMINE,,NO INDICATION OF INJURY,10,11,41.8893030435,-87.6321923124,2018,25,POINT (-87.6321923124 41.8893030435),,,,,2018-11-06,False,7,Near North Side
1776,15,NO CONTROLS,NO CONTROLS,CLEAR,DUSK,PEDALCYCLIST,ALLEY,STRAIGHT AND LEVEL,DRY,NO DEFECTS,,"OPERATING VEHICLE IN ERRATIC, RECKLESS, CARELESS, NEGLIGENT OR AGGRESSIVE MANNER","OPERATING VEHICLE IN ERRATIC, RECKLESS, CARELESS, NEGLIGENT OR AGGRESSIVE MANNER",,NONINCAPACITATING INJURY,16,11,41.7475490253,-87.5538818431,2018,15,POINT (-87.5538818431 41.7475490253),,,,,2018-11-06,False,45,South Chicago
1777,30,NO CONTROLS,NO CONTROLS,CLEAR,DUSK,PEDALCYCLIST,DIVIDED - W/MEDIAN BARRIER,STRAIGHT AND LEVEL,DRY,NO DEFECTS,,UNABLE TO DETERMINE,UNABLE TO DETERMINE,,NO INDICATION OF INJURY,16,11,41.8670190303,-87.6484553032,2018,30,POINT (-87.6484553032 41.8670190303),,,,,2018-11-06,False,27,Near West Side
1778,30,NO CONTROLS,NO CONTROLS,CLEAR,"DARKNESS, LIGHTED ROAD",PEDALCYCLIST,NOT DIVIDED,STRAIGHT AND LEVEL,DRY,NO DEFECTS,,"EVASIVE ACTION DUE TO ANIMAL, OBJECT, NONMOTORIST",NOT APPLICABLE,,NONINCAPACITATING INJURY,17,11,41.8379162348,-87.6476163915,2018,30,POINT (-87.6476163915 41.8379162348),,,,,2018-11-06,False,30,Lower West Side
1779,30,TRAFFIC SIGNAL,FUNCTIONING PROPERLY,CLEAR,DAYLIGHT,PEDALCYCLIST,NOT DIVIDED,STRAIGHT AND LEVEL,DRY,NO DEFECTS,,FAILING TO YIELD RIGHT-OF-WAY,NOT APPLICABLE,,NONINCAPACITATING INJURY,9,11,41.9795335765,-87.8367288264,2018,30,POINT (-87.8367288264 41.9795335765),,,,,2018-11-07,False,75,O'Hare
1780,30,TRAFFIC SIGNAL,FUNCTIONING PROPERLY,CLEAR,DAYLIGHT,PEDALCYCLIST,NOT DIVIDED,STRAIGHT AND LEVEL,DRY,NO DEFECTS,,BICYCLE ADVANCING LEGALLY ON RED LIGHT,NOT APPLICABLE,,NO INDICATION OF INJURY,15,11,41.8669514662,-87.6568267984,2018,30,POINT (-87.6568267984 41.8669514662),,,,,2018-11-07,False,27,Near West Side
1781,30,TRAFFIC SIGNAL,UNKNOWN,CLEAR,DAYLIGHT,PEDALCYCLIST,NOT DIVIDED,STRAIGHT AND LEVEL,DRY,UNKNOWN,,FAILING TO YIELD RIGHT-OF-WAY,IMPROPER TURNING/NO SIGNAL,,NO INDICATION OF INJURY,16,11,41.8575549193,-87.638984179,2018,30,POINT (-87.638984179 41.8575549193),,,,,2018-11-07,False,30,Lower West Side
1782,30,TRAFFIC SIGNAL,FUNCTIONING PROPERLY,CLEAR,DAWN,PEDALCYCLIST,DIVIDED - W/MEDIAN (NOT RAISED),STRAIGHT AND LEVEL,DRY,NO DEFECTS,Y,UNABLE TO DETERMINE,NOT APPLICABLE,,NO INDICATION OF INJURY,16,11,41.801473266,-87.6454638308,2018,30,POINT (-87.6454638308 41.801473266),,,,,2018-11-07,False,60,New City
1783,30,NO CONTROLS,NO CONTROLS,CLEAR,"DARKNESS, LIGHTED ROAD",PEDALCYCLIST,DIVIDED - W/MEDIAN (NOT RAISED),STRAIGHT AND LEVEL,DRY,NO DEFECTS,,IMPROPER LANE USAGE,"EVASIVE ACTION DUE TO ANIMAL, OBJECT, NONMOTORIST",,NO INDICATION OF INJURY,17,11,41.8433235102,-87.7149030784,2018,30,POINT (-87.7149030784 41.8433235102),,,,,2018-11-07,False,29,South Lawndale
1784,30,NO CONTROLS,NO CONTROLS,CLEAR,DAYLIGHT,PEDALCYCLIST,NOT DIVIDED,STRAIGHT AND LEVEL,DRY,NO DEFECTS,,DRIVING SKILLS/KNOWLEDGE/EXPERIENCE,NOT APPLICABLE,Y,NONINCAPACITATING INJURY,8,11,41.9291929894,-87.6747659094,2018,30,POINT (-87.6747659094 41.9291929894),,,,,2018-11-08,False,6,Lincoln Park
1785,30,TRAFFIC SIGNAL,FUNCTIONING PROPERLY,CLEAR,"DARKNESS, LIGHTED ROAD",PEDALCYCLIST,NOT DIVIDED,STRAIGHT AND LEVEL,DRY,NO DEFECTS,,IMPROPER OVERTAKING/PASSING,NOT APPLICABLE,,NO INDICATION OF INJURY,15,11,41.8877057691,-87.624703858,2018,30,POINT (-87.624703858 41.8877057691),,,,,2018-11-08,False,7,Near North Side
1786,30,NO CONTROLS,NO CONTROLS,CLEAR,DAYLIGHT,PEDALCYCLIST,NOT DIVIDED,STRAIGHT AND LEVEL,DRY,NO DEFECTS,,FAILING TO YIELD RIGHT-OF-WAY,NOT APPLICABLE,,NO INDICATION OF INJURY,16,11,41.9943577578,-87.6755390583,2018,30,POINT (-87.6755390583 41.9943577578),,,,,2018-11-08,False,1,West Ridge
1787,30,TRAFFIC SIGNAL,FUNCTIONING PROPERLY,CLEAR,"DARKNESS, LIGHTED ROAD",PEDALCYCLIST,NOT DIVIDED,STRAIGHT AND LEVEL,DRY,NO DEFECTS,Y,FAILING TO REDUCE SPEED TO AVOID CRASH,FOLLOWING TOO CLOSELY,,NO INDICATION OF INJURY,17,11,41.9175188484,-87.6532020476,2018,30,POINT (-87.6532020476 41.9175188484),,,,,2018-11-08,False,6,Lincoln Park
1788,30,TRAFFIC SIGNAL,FUNCTIONING PROPERLY,CLEAR,"DARKNESS, LIGHTED ROAD",PEDALCYCLIST,NOT DIVIDED,STRAIGHT AND LEVEL,DRY,NO DEFECTS,Y,UNABLE TO DETERMINE,UNABLE TO DETERMINE,,NONINCAPACITATING INJURY,21,11,41.8842117881,-87.7551443137,2018,30,POINT (-87.7551443137 41.8842117881),,,,,2018-11-08,False,24,Austin
1789,30,TRAFFIC SIGNAL,FUNCTIONING PROPERLY,RAIN,DAYLIGHT,PEDALCYCLIST,DIVIDED - W/MEDIAN (NOT RAISED),STRAIGHT AND LEVEL,WET,NO DEFECTS,,UNABLE TO DETERMINE,UNABLE TO DETERMINE,,NO INDICATION OF INJURY,8,11,41.9057938403,-87.7262511371,2018,30,POINT (-87.7262511371 41.9057938403),,,,,2018-11-09,False,22,Humboldt Park
1790,30,TRAFFIC SIGNAL,UNKNOWN,CLEAR,DAYLIGHT,PEDALCYCLIST,NOT DIVIDED,STRAIGHT AND LEVEL,DRY,UNKNOWN,,DRIVING SKILLS/KNOWLEDGE/EXPERIENCE,UNABLE TO DETERMINE,,NONINCAPACITATING INJURY,11,11,41.8620369292,-87.7248970185,2018,30,POINT (-87.7248970185 41.8620369292),,,,,2018-11-11,False,28,North Lawndale
1791,30,TRAFFIC SIGNAL,FUNCTIONING PROPERLY,CLEAR,DAYLIGHT,PEDALCYCLIST,NOT DIVIDED,STRAIGHT AND LEVEL,DRY,NO DEFECTS,Y,UNABLE TO DETERMINE,UNABLE TO DETERMINE,,NO INDICATION OF INJURY,11,11,41.9560828597,-87.649892781,2018,30,POINT (-87.649892781 41.9560828597),,,,,2018-11-11,False,2,Uptown
1792,5,NO CONTROLS,NO CONTROLS,CLEAR,DAYLIGHT,PEDALCYCLIST,PARKING LOT,STRAIGHT AND LEVEL,DRY,NO DEFECTS,,DRIVING SKILLS/KNOWLEDGE/EXPERIENCE,NOT APPLICABLE,,NONINCAPACITATING INJURY,13,11,42.0047482603,-87.6995079621,2018,5,POINT (-87.6995079621 42.0047482603),,,,,2018-11-11,False,1,West Ridge
1793,30,NO CONTROLS,NO CONTROLS,CLEAR,DAYLIGHT,PEDALCYCLIST,DIVIDED - W/MEDIAN BARRIER,STRAIGHT AND LEVEL,DRY,NO DEFECTS,,UNABLE TO DETERMINE,UNABLE TO DETERMINE,,NONINCAPACITATING INJURY,13,11,41.9029659626,-87.7044437089,2018,30,POINT (-87.7044437089 41.9029659626),,,,,2018-11-11,False,22,Humboldt Park
1794,30,NO CONTROLS,NO CONTROLS,CLEAR,"DARKNESS, LIGHTED ROAD",PEDALCYCLIST,NOT DIVIDED,STRAIGHT AND LEVEL,DRY,NO DEFECTS,,UNABLE TO DETERMINE,NOT APPLICABLE,Y,NONINCAPACITATING INJURY,15,11,41.877465973,-87.6838100648,2018,30,POINT (-87.6838100648 41.877465973),,,,,2018-11-11,False,27,Near West Side
1795,30,LANE USE MARKING,UNKNOWN,CLEAR,"DARKNESS, LIGHTED ROAD",PEDALCYCLIST,NOT DIVIDED,STRAIGHT AND LEVEL,UNKNOWN,UNKNOWN,,UNABLE TO DETERMINE,NOT APPLICABLE,,NO INDICATION OF INJURY,21,11,41.9436594952,-87.6495232105,2018,30,POINT (-87.6495232105 41.9436594952),,,,,2018-11-11,False,5,Lake View
1796,30,STOP SIGN/FLASHER,FUNCTIONING PROPERLY,CLEAR,DAYLIGHT,PEDALCYCLIST,ONE-WAY,STRAIGHT AND LEVEL,DRY,NO DEFECTS,Y,UNABLE TO DETERMINE,UNABLE TO DETERMINE,,NO INDICATION OF INJURY,7,11,41.6914608727,-87.7018950258,2018,30,POINT (-87.7018950258 41.6914608727),,,,,2018-11-12,False,73,Mount Greenwood
1797,30,UNKNOWN,UNKNOWN,CLEAR,DAYLIGHT,PEDALCYCLIST,NOT DIVIDED,STRAIGHT AND LEVEL,DRY,UNKNOWN,,UNABLE TO DETERMINE,NOT APPLICABLE,N,NONINCAPACITATING INJURY,10,11,41.8657273961,-87.7055020714,2018,30,POINT (-87.7055020714 41.8657273961),,,,,2018-11-12,False,28,North Lawndale
1798,30,NO CONTROLS,NO CONTROLS,CLEAR,DAYLIGHT,PEDALCYCLIST,NOT DIVIDED,STRAIGHT AND LEVEL,DRY,NO DEFECTS,,FOLLOWING TOO CLOSELY,UNABLE TO DETERMINE,,"REPORTED, NOT EVIDENT",12,11,41.8444431636,-87.6601244694,2018,30,POINT (-87.6601244694 41.8444431636),,,,,2018-11-12,False,30,Lower West Side
1799,15,TRAFFIC SIGNAL,FUNCTIONING PROPERLY,CLEAR,DAYLIGHT,PEDALCYCLIST,NOT DIVIDED,STRAIGHT AND LEVEL,DRY,NO DEFECTS,Y,FAILING TO YIELD RIGHT-OF-WAY,NOT APPLICABLE,,NO INDICATION OF INJURY,16,11,41.9242256656,-87.6684280329,2018,15,POINT (-87.6684280329 41.9242256656),,,,,2018-11-12,False,6,Lincoln Park
1800,30,NO CONTROLS,NO CONTROLS,CLEAR,"DARKNESS, LIGHTED ROAD",PEDALCYCLIST,NOT DIVIDED,STRAIGHT AND LEVEL,DRY,UNKNOWN,,FAILING TO YIELD RIGHT-OF-WAY,NOT APPLICABLE,,NO INDICATION OF INJURY,17,11,41.9474396155,-87.6641718091,2018,30,POINT (-87.6641718091 41.9474396155),,,,,2018-11-13,False,5,Lake View
1801,30,TRAFFIC SIGNAL,FUNCTIONING PROPERLY,CLEAR,DARKNESS,PEDALCYCLIST,NOT DIVIDED,STRAIGHT AND LEVEL,DRY,NO DEFECTS,Y,FAILING TO YIELD RIGHT-OF-WAY,NOT APPLICABLE,,NO INDICATION OF INJURY,17,11,41.9690152073,-87.6598171512,2018,30,POINT (-87.6598171512 41.9690152073),,,,,2018-11-13,False,2,Uptown
1802,30,TRAFFIC SIGNAL,FUNCTIONING PROPERLY,CLEAR,"DARKNESS, LIGHTED ROAD",PEDALCYCLIST,DIVIDED - W/MEDIAN (NOT RAISED),STRAIGHT AND LEVEL,DRY,NO DEFECTS,,DISREGARDING TRAFFIC SIGNALS,DRIVING SKILLS/KNOWLEDGE/EXPERIENCE,,"REPORTED, NOT EVIDENT",21,11,42.0038781145,-87.679715758,2018,30,POINT (-87.679715758 42.0038781145),,,,,2018-11-13,False,0,Rogers Park
1803,30,NO CONTROLS,NO CONTROLS,SNOW,DAYLIGHT,PEDALCYCLIST,DIVIDED - W/MEDIAN (NOT RAISED),STRAIGHT AND LEVEL,WET,NO DEFECTS,Y,NOT APPLICABLE,NOT APPLICABLE,,NONINCAPACITATING INJURY,10,11,41.7780377034,-87.768166555,2018,30,POINT (-87.768166555 41.7780377034),,,,,2018-11-15,False,63,Clearing
1804,30,NO CONTROLS,NO CONTROLS,CLEAR,DUSK,PEDALCYCLIST,NOT DIVIDED,STRAIGHT AND LEVEL,DRY,NO DEFECTS,,NOT APPLICABLE,NOT APPLICABLE,,NO INDICATION OF INJURY,14,11,41.7913494237,-87.723255323,2018,30,POINT (-87.723255323 41.7913494237),,,,,2018-11-15,False,61,West Elsdon
1805,20,NO CONTROLS,NO CONTROLS,CLEAR,DARKNESS,PEDALCYCLIST,NOT DIVIDED,STRAIGHT AND LEVEL,DRY,NO DEFECTS,,UNABLE TO DETERMINE,UNABLE TO DETERMINE,Y,NO INDICATION OF INJURY,17,11,41.949575803,-87.6908923675,2018,20,POINT (-87.6908923675 41.949575803),,,,,2018-11-15,False,4,North Center
1806,30,STOP SIGN/FLASHER,NO CONTROLS,UNKNOWN,"DARKNESS, LIGHTED ROAD",PEDALCYCLIST,NOT DIVIDED,STRAIGHT AND LEVEL,UNKNOWN,NO DEFECTS,Y,FAILING TO YIELD RIGHT-OF-WAY,NOT APPLICABLE,,NO INDICATION OF INJURY,17,11,41.8910240439,-87.6575320637,2018,30,POINT (-87.6575320637 41.8910240439),,,,,2018-11-15,False,7,Near North Side
1807,30,NO CONTROLS,NO CONTROLS,CLEAR,"DARKNESS, LIGHTED ROAD",PEDALCYCLIST,NOT DIVIDED,STRAIGHT AND LEVEL,WET,NO DEFECTS,,FAILING TO YIELD RIGHT-OF-WAY,NOT APPLICABLE,,"REPORTED, NOT EVIDENT",17,11,41.9165502983,-87.6571654807,2018,30,POINT (-87.6571654807 41.9165502983),,,,,2018-11-15,False,6,Lincoln Park
1808,30,NO CONTROLS,NO CONTROLS,CLEAR,DAWN,PEDALCYCLIST,NOT DIVIDED,STRAIGHT ON HILLCREST,DRY,NO DEFECTS,Y,FAILING TO REDUCE SPEED TO AVOID CRASH,UNABLE TO DETERMINE,,NO INDICATION OF INJURY,5,11,41.8890081346,-87.6427272361,2018,30,POINT (-87.6427272361 41.8890081346),,,,,2018-11-16,False,7,Near North Side
1809,30,NO CONTROLS,NO CONTROLS,CLOUDY/OVERCAST,DAYLIGHT,PEDALCYCLIST,DIVIDED - W/MEDIAN (NOT RAISED),STRAIGHT ON GRADE,DRY,NO DEFECTS,,FOLLOWING TOO CLOSELY,NOT APPLICABLE,,INCAPACITATING INJURY,11,11,41.755178528,-87.7026957105,2018,30,POINT (-87.7026957105 41.755178528),,,,,2018-11-16,True,69,Ashburn
1810,30,TRAFFIC SIGNAL,FUNCTIONING PROPERLY,CLOUDY/OVERCAST,DAYLIGHT,PEDALCYCLIST,DIVIDED - W/MEDIAN (NOT RAISED),STRAIGHT AND LEVEL,DRY,NO DEFECTS,N,DISREGARDING TRAFFIC SIGNALS,FAILING TO YIELD RIGHT-OF-WAY,,NO INDICATION OF INJURY,14,11,41.9094323153,-87.7559628808,2018,30,POINT (-87.7559628808 41.9094323153),,,,,2018-11-16,False,24,Austin
1811,30,NO CONTROLS,NO CONTROLS,CLEAR,DUSK,PEDALCYCLIST,ALLEY,STRAIGHT AND LEVEL,DRY,NO DEFECTS,,FAILING TO YIELD RIGHT-OF-WAY,NOT APPLICABLE,,NONINCAPACITATING INJURY,15,11,41.9094191211,-87.6807597165,2018,30,POINT (-87.6807597165 41.9094191211),,,,,2018-11-16,False,23,West Town
1812,30,TRAFFIC SIGNAL,FUNCTIONING PROPERLY,CLEAR,"DARKNESS, LIGHTED ROAD",PEDALCYCLIST,ONE-WAY,STRAIGHT AND LEVEL,DRY,UNKNOWN,,UNABLE TO DETERMINE,NOT APPLICABLE,,NONINCAPACITATING INJURY,19,11,41.7863049028,-87.6061009491,2018,30,POINT (-87.6061009491 41.7863049028),,,,,2018-11-16,False,39,Washington Park