Unnamed: 0,POSTED_SPEED_LIMIT,TRAFFIC_CONTROL_DEVICE,DEVICE_CONDITION,WEATHER_CONDITION,LIGHTING_CONDITION,FIRST_CRASH_TYPE,TRAFFICWAY_TYPE,ALIGNMENT,ROADWAY_SURFACE_COND,ROAD_DEFECT,INTERSECTION_RELATED_I,PRIM_CONTRIBUTORY_CAUSE,SEC_CONTRIBUTORY_CAUSE,DOORING_I,MOST_SEVERE_INJURY,CRASH_HOUR,CRASH_MONTH,LATITUDE,LONGITUDE,CRASH_YEAR,SPEED_LIMIT,geometry,DISPLAYROU,the_geom,DIST,LANE_TYPE,CRASH_DATE,is_severe,index_right,CArea
1813,30,TRAFFIC SIGNAL,FUNCTIONING PROPERLY,CLEAR,"DARKNESS, LIGHTED ROAD",PEDALCYCLIST,NOT DIVIDED,STRAIGHT AND LEVEL,DRY,NO DEFECTS,Y,UNABLE TO DETERMINE,UNABLE TO DETERMINE,,NO INDICATION OF INJURY,20,11,41.8920167337,-87.614345353,2018,30,POINT (-87.614345353 41.8920167337),,,,,2018-11-16,False,7,Near North Side
1814,15,NO CONTROLS,NO CONTROLS,SNOW,DAYLIGHT,PEDALCYCLIST,ONE-WAY,STRAIGHT AND LEVEL,SNOW OR SLUSH,NO DEFECTS,Y,UNABLE TO DETERMINE,NOT APPLICABLE,,NONINCAPACITATING INJURY,9,11,41.997495572,-87.7083400155,2018,15,POINT (-87.7083400155 41.997495572),,,,,2018-11-17,False,1,West Ridge
1815,30,NO CONTROLS,NO CONTROLS,SNOW,DAYLIGHT,PEDALCYCLIST,DIVIDED - W/MEDIAN (NOT RAISED),STRAIGHT AND LEVEL,WET,NO DEFECTS,,UNABLE TO DETERMINE,UNABLE TO DETERMINE,Y,NONINCAPACITATING INJURY,11,11,41.9044655235,-87.6679826196,2018,30,POINT (-87.6679826196 41.9044655235),,,,,2018-11-17,False,23,West Town
1816,35,STOP SIGN/FLASHER,FUNCTIONING PROPERLY,SNOW,DAYLIGHT,PEDALCYCLIST,ONE-WAY,STRAIGHT AND LEVEL,SNOW OR SLUSH,NO DEFECTS,Y,UNABLE TO DETERMINE,FAILING TO YIELD RIGHT-OF-WAY,,NO INDICATION OF INJURY,13,11,41.9901673946,-87.7177010674,2018,35,POINT (-87.7177010674 41.9901673946),,,,,2018-11-17,False,12,North Park
1817,25,NO CONTROLS,NO CONTROLS,RAIN,DAYLIGHT,PEDALCYCLIST,DIVIDED - W/MEDIAN (NOT RAISED),STRAIGHT AND LEVEL,WET,NO DEFECTS,,DRIVING SKILLS/KNOWLEDGE/EXPERIENCE,DRIVING SKILLS/KNOWLEDGE/EXPERIENCE,Y,NO INDICATION OF INJURY,14,11,41.9830780852,-87.6990087593,2018,25,POINT (-87.6990087593 41.9830780852),,,,,2018-11-17,False,3,Lincoln Square
1818,30,NO CONTROLS,NO CONTROLS,CLEAR,DARKNESS,PEDALCYCLIST,DIVIDED - W/MEDIAN (NOT RAISED),STRAIGHT AND LEVEL,WET,NO DEFECTS,Y,FAILING TO YIELD RIGHT-OF-WAY,EXCEEDING AUTHORIZED SPEED LIMIT,,"REPORTED, NOT EVIDENT",19,11,41.8574975148,-87.6956678686,2018,30,POINT (-87.6956678686 41.8574975148),,,,,2018-11-17,False,28,North Lawndale
1819,30,TRAFFIC SIGNAL,FUNCTIONING PROPERLY,CLEAR,DAYLIGHT,PEDALCYCLIST,NOT DIVIDED,STRAIGHT AND LEVEL,DRY,NO DEFECTS,,UNABLE TO DETERMINE,NOT APPLICABLE,,NO INDICATION OF INJURY,11,11,41.8462414552,-87.7052389236,2018,30,POINT (-87.7052389236 41.8462414552),,,,,2018-11-18,False,28,North Lawndale
1820,30,STOP SIGN/FLASHER,FUNCTIONING PROPERLY,CLEAR,"DARKNESS, LIGHTED ROAD",PEDALCYCLIST,NOT DIVIDED,STRAIGHT AND LEVEL,WET,NO DEFECTS,Y,UNABLE TO DETERMINE,NOT APPLICABLE,Y,NO INDICATION OF INJURY,18,11,41.9541755582,-87.6848919803,2018,30,POINT (-87.6848919803 41.9541755582),,,,,2018-11-18,False,4,North Center
1821,30,STOP SIGN/FLASHER,FUNCTIONING PROPERLY,CLEAR,DAYLIGHT,PEDALCYCLIST,NOT DIVIDED,STRAIGHT AND LEVEL,DRY,NO DEFECTS,Y,DISREGARDING STOP SIGN,FAILING TO YIELD RIGHT-OF-WAY,,"REPORTED, NOT EVIDENT",15,11,41.8508882744,-87.6349061387,2018,30,POINT (-87.6349061387 41.8508882744),,,,,2018-11-19,False,32,Near South Side
1822,30,NO CONTROLS,NO CONTROLS,CLEAR,DARKNESS,PEDALCYCLIST,UNKNOWN,STRAIGHT AND LEVEL,DRY,NO DEFECTS,,UNABLE TO DETERMINE,UNABLE TO DETERMINE,,NO INDICATION OF INJURY,18,11,41.9301493799,-87.6846468858,2018,30,POINT (-87.6846468858 41.9301493799),,,,,2018-11-19,False,21,Logan Square
1823,30,NO CONTROLS,NO CONTROLS,CLEAR,"DARKNESS, LIGHTED ROAD",PEDALCYCLIST,DIVIDED - W/MEDIAN (NOT RAISED),STRAIGHT AND LEVEL,DRY,NO DEFECTS,,FAILING TO YIELD RIGHT-OF-WAY,NOT APPLICABLE,,NO INDICATION OF INJURY,20,11,41.8478576488,-87.7247953052,2018,30,POINT (-87.7247953052 41.8478576488),,,,,2018-11-19,False,28,North Lawndale
1824,35,TRAFFIC SIGNAL,FUNCTIONING PROPERLY,CLEAR,DAYLIGHT,PEDALCYCLIST,DIVIDED - W/MEDIAN (NOT RAISED),STRAIGHT AND LEVEL,DRY,NO DEFECTS,Y,NOT APPLICABLE,NOT APPLICABLE,,NO INDICATION OF INJURY,8,11,41.8774409965,-87.6712314086,2018,35,POINT (-87.6712314086 41.8774409965),,,,,2018-11-20,False,27,Near West Side
1825,30,NO CONTROLS,NO CONTROLS,CLEAR,DUSK,PEDALCYCLIST,ONE-WAY,STRAIGHT AND LEVEL,DRY,UNKNOWN,,PHYSICAL CONDITION OF DRIVER,PHYSICAL CONDITION OF DRIVER,,NO INDICATION OF INJURY,11,11,41.911391839,-87.7818200265,2018,30,POINT (-87.7818200265 41.911391839),,,,,2018-11-20,False,24,Austin
1826,30,NO CONTROLS,NO CONTROLS,CLEAR,DUSK,PEDALCYCLIST,DIVIDED - W/MEDIAN BARRIER,STRAIGHT AND LEVEL,DRY,NO DEFECTS,,FOLLOWING TOO CLOSELY,FOLLOWING TOO CLOSELY,,NO INDICATION OF INJURY,16,11,41.9292240511,-87.7072151061,2018,30,POINT (-87.7072151061 41.9292240511),,,,,2018-11-20,False,21,Logan Square
1827,30,NO CONTROLS,NO CONTROLS,CLEAR,"DARKNESS, LIGHTED ROAD",PEDALCYCLIST,NOT DIVIDED,STRAIGHT AND LEVEL,DRY,NO DEFECTS,,NOT APPLICABLE,NOT APPLICABLE,Y,"REPORTED, NOT EVIDENT",18,11,41.9916716236,-87.6601707735,2018,30,POINT (-87.6601707735 41.9916716236),,,,,2018-11-20,False,76,Edgewater
1828,30,NO CONTROLS,NO CONTROLS,CLOUDY/OVERCAST,DAYLIGHT,PEDALCYCLIST,DIVIDED - W/MEDIAN (NOT RAISED),STRAIGHT AND LEVEL,DRY,NO DEFECTS,,FAILING TO YIELD RIGHT-OF-WAY,NOT APPLICABLE,Y,"REPORTED, NOT EVIDENT",11,11,41.9246440886,-87.703226058,2018,30,POINT (-87.703226058 41.9246440886),,,,,2018-11-21,False,21,Logan Square
1829,30,NO CONTROLS,NO CONTROLS,CLEAR,DAYLIGHT,PEDALCYCLIST,DIVIDED - W/MEDIAN (NOT RAISED),STRAIGHT AND LEVEL,DRY,NO DEFECTS,,FAILING TO YIELD RIGHT-OF-WAY,NOT APPLICABLE,,NONINCAPACITATING INJURY,11,11,41.9423826908,-87.7458806919,2018,30,POINT (-87.7458806919 41.9423826908),,,,,2018-11-21,False,14,Portage Park
1830,30,NO CONTROLS,NO CONTROLS,CLEAR,DAYLIGHT,PEDALCYCLIST,NOT DIVIDED,STRAIGHT AND LEVEL,DRY,NO DEFECTS,,DISTRACTION - FROM INSIDE VEHICLE,UNABLE TO DETERMINE,Y,NONINCAPACITATING INJURY,14,11,41.8972246942,-87.6428072451,2018,30,POINT (-87.6428072451 41.8972246942),,,,,2018-11-21,False,7,Near North Side
1831,30,NO CONTROLS,NO CONTROLS,CLEAR,"DARKNESS, LIGHTED ROAD",PEDALCYCLIST,NOT DIVIDED,STRAIGHT AND LEVEL,DRY,NO DEFECTS,,UNABLE TO DETERMINE,UNABLE TO DETERMINE,Y,NO INDICATION OF INJURY,17,11,41.9077428449,-87.6344607926,2018,30,POINT (-87.6344607926 41.9077428449),,,,,2018-11-21,False,7,Near North Side
1832,30,NO CONTROLS,NO CONTROLS,CLEAR,"DARKNESS, LIGHTED ROAD",PEDALCYCLIST,NOT DIVIDED,STRAIGHT AND LEVEL,DRY,UNKNOWN,,FAILING TO YIELD RIGHT-OF-WAY,NOT APPLICABLE,,NO INDICATION OF INJURY,17,11,41.8591228724,-87.685680949,2018,30,POINT (-87.685680949 41.8591228724),,,,,2018-11-22,False,27,Near West Side
1833,30,TRAFFIC SIGNAL,FUNCTIONING PROPERLY,CLEAR,"DARKNESS, LIGHTED ROAD",PEDALCYCLIST,DIVIDED - W/MEDIAN (NOT RAISED),STRAIGHT AND LEVEL,DRY,NO DEFECTS,Y,DISREGARDING TRAFFIC SIGNALS,NOT APPLICABLE,,NONINCAPACITATING INJURY,16,11,41.9036983077,-87.6482453506,2018,30,POINT (-87.6482453506 41.9036983077),,,,,2018-11-23,False,7,Near North Side
1834,30,NO CONTROLS,NO CONTROLS,CLEAR,DAYLIGHT,PEDALCYCLIST,NOT DIVIDED,STRAIGHT AND LEVEL,DRY,NO DEFECTS,,FAILING TO YIELD RIGHT-OF-WAY,NOT APPLICABLE,,NO INDICATION OF INJURY,15,11,41.9360279381,-87.7662620464,2018,30,POINT (-87.7662620464 41.9360279381),,,,,2018-11-24,False,18,Belmont Cragin
1835,35,NO CONTROLS,NO CONTROLS,CLEAR,"DARKNESS, LIGHTED ROAD",PEDALCYCLIST,DIVIDED - W/MEDIAN (NOT RAISED),STRAIGHT AND LEVEL,DRY,NO DEFECTS,,UNABLE TO DETERMINE,NOT APPLICABLE,Y,NO INDICATION OF INJURY,21,11,41.7730478219,-87.6059130529,2018,35,POINT (-87.6059130529 41.7730478219),,,,,2018-11-24,False,41,Woodlawn
1836,30,STOP SIGN/FLASHER,FUNCTIONING PROPERLY,RAIN,"DARKNESS, LIGHTED ROAD",PEDALCYCLIST,NOT DIVIDED,STRAIGHT AND LEVEL,WET,NO DEFECTS,Y,UNABLE TO DETERMINE,NOT APPLICABLE,,NONINCAPACITATING INJURY,16,11,41.854188698,-87.6589106531,2018,30,POINT (-87.6589106531 41.854188698),,,,,2018-11-25,False,30,Lower West Side
1837,30,TRAFFIC SIGNAL,FUNCTIONING PROPERLY,SNOW,DAYLIGHT,PEDALCYCLIST,OTHER,STRAIGHT AND LEVEL,WET,NO DEFECTS,Y,FAILING TO YIELD RIGHT-OF-WAY,FAILING TO YIELD RIGHT-OF-WAY,,"REPORTED, NOT EVIDENT",7,11,41.8190720554,-87.6457416292,2018,30,POINT (-87.6457416292 41.8190720554),,,,,2018-11-27,False,60,New City
1838,30,NO CONTROLS,NO CONTROLS,CLEAR,DAYLIGHT,PEDALCYCLIST,NOT DIVIDED,STRAIGHT ON GRADE,ICE,NO DEFECTS,,WEATHER,UNABLE TO DETERMINE,,NO INDICATION OF INJURY,8,11,41.9014671002,-87.6478356034,2018,30,POINT (-87.6478356034 41.9014671002),,,,,2018-11-27,False,7,Near North Side
1839,30,TRAFFIC SIGNAL,FUNCTIONING PROPERLY,CLEAR,"DARKNESS, LIGHTED ROAD",PEDALCYCLIST,ONE-WAY,STRAIGHT AND LEVEL,DRY,NO DEFECTS,Y,DISREGARDING TRAFFIC SIGNALS,DRIVING ON WRONG SIDE/WRONG WAY,,"REPORTED, NOT EVIDENT",19,11,41.8998837274,-87.6272659849,2018,30,POINT (-87.6272659849 41.8998837274),,,,,2018-11-28,False,7,Near North Side
1840,30,STOP SIGN/FLASHER,FUNCTIONING PROPERLY,CLEAR,DAYLIGHT,PEDALCYCLIST,ONE-WAY,STRAIGHT AND LEVEL,WET,NO DEFECTS,,UNABLE TO DETERMINE,UNABLE TO DETERMINE,,NONINCAPACITATING INJURY,7,11,41.884516857,-87.647390682,2018,30,POINT (-87.647390682 41.884516857),,,,,2018-11-30,False,27,Near West Side
1841,30,NO CONTROLS,NO CONTROLS,CLEAR,DAYLIGHT,PEDALCYCLIST,DIVIDED - W/MEDIAN (NOT RAISED),STRAIGHT AND LEVEL,WET,OTHER,,FOLLOWING TOO CLOSELY,NOT APPLICABLE,,"REPORTED, NOT EVIDENT",11,11,41.7851497055,-87.7716311622,2018,30,POINT (-87.7716311622 41.7851497055),,,,,2018-11-30,False,55,Garfield Ridge
1842,30,NO CONTROLS,NO CONTROLS,CLEAR,"DARKNESS, LIGHTED ROAD",PEDALCYCLIST,DIVIDED - W/MEDIAN (NOT RAISED),STRAIGHT AND LEVEL,DRY,NO DEFECTS,,FAILING TO YIELD RIGHT-OF-WAY,FAILING TO YIELD RIGHT-OF-WAY,Y,"REPORTED, NOT EVIDENT",17,11,41.9146525847,-87.6838391868,2018,30,POINT (-87.6838391868 41.9146525847),,,,,2018-11-30,False,21,Logan Square
1843,30,STOP SIGN/FLASHER,UNKNOWN,SNOW,"DARKNESS, LIGHTED ROAD",PEDALCYCLIST,ONE-WAY,STRAIGHT AND LEVEL,SNOW OR SLUSH,UNKNOWN,Y,UNABLE TO DETERMINE,UNABLE TO DETERMINE,,NONINCAPACITATING INJURY,19,11,41.9314048915,-87.7676142655,2018,30,POINT (-87.7676142655 41.9314048915),,,,,2018-11-30,False,18,Belmont Cragin
1844,30,NO CONTROLS,NO CONTROLS,SNOW,"DARKNESS, LIGHTED ROAD",PEDALCYCLIST,NOT DIVIDED,STRAIGHT AND LEVEL,WET,NO DEFECTS,,NOT APPLICABLE,NOT APPLICABLE,,NO INDICATION OF INJURY,21,11,41.8205331601,-87.6939686381,2018,30,POINT (-87.6939686381 41.8205331601),,,,,2018-11-30,False,29,South Lawndale
1845,35,TRAFFIC SIGNAL,FUNCTIONING PROPERLY,CLEAR,DAYLIGHT,PEDALCYCLIST,NOT DIVIDED,STRAIGHT AND LEVEL,DRY,NO DEFECTS,Y,DISREGARDING TRAFFIC SIGNALS,EXCEEDING AUTHORIZED SPEED LIMIT,,NO INDICATION OF INJURY,14,12,41.8841854847,-87.6475764271,2018,35,POINT (-87.6475764271 41.8841854847),,,,,2018-12-02,False,27,Near West Side
1846,30,NO CONTROLS,NO CONTROLS,RAIN,"DARKNESS, LIGHTED ROAD",PEDALCYCLIST,NOT DIVIDED,STRAIGHT AND LEVEL,WET,NO DEFECTS,,FAILING TO YIELD RIGHT-OF-WAY,NOT APPLICABLE,,"REPORTED, NOT EVIDENT",16,12,41.8435489032,-87.6462655672,2018,30,POINT (-87.6462655672 41.8435489032),,,,,2018-12-02,False,30,Lower West Side
1847,30,STOP SIGN/FLASHER,NO CONTROLS,RAIN,"DARKNESS, LIGHTED ROAD",PEDALCYCLIST,ONE-WAY,STRAIGHT AND LEVEL,WET,NO DEFECTS,,UNABLE TO DETERMINE,NOT APPLICABLE,,NO INDICATION OF INJURY,19,12,41.8976223349,-87.677040555,2018,30,POINT (-87.677040555 41.8976223349),,,,,2018-12-02,False,23,West Town
1848,30,NO CONTROLS,NO CONTROLS,CLEAR,DAYLIGHT,PEDALCYCLIST,ONE-WAY,STRAIGHT AND LEVEL,DRY,NO DEFECTS,,UNABLE TO DETERMINE,UNABLE TO DETERMINE,,NO INDICATION OF INJURY,11,12,41.8857963123,-87.6296461541,2018,30,POINT (-87.6296461541 41.8857963123),,,,,2018-12-03,False,31,Loop
1849,30,NO CONTROLS,NO CONTROLS,CLOUDY/OVERCAST,DAYLIGHT,PEDALCYCLIST,DIVIDED - W/MEDIAN (NOT RAISED),STRAIGHT AND LEVEL,DRY,NO DEFECTS,,UNABLE TO DETERMINE,UNABLE TO DETERMINE,,NO INDICATION OF INJURY,12,12,41.9109776323,-87.6773278045,2018,30,POINT (-87.6773278045 41.9109776323),,,,,2018-12-03,False,6,Lincoln Park
1850,30,TRAFFIC SIGNAL,FUNCTIONING PROPERLY,CLEAR,DAYLIGHT,PEDALCYCLIST,ONE-WAY,STRAIGHT AND LEVEL,DRY,NO DEFECTS,,FAILING TO REDUCE SPEED TO AVOID CRASH,FAILING TO YIELD RIGHT-OF-WAY,,NONINCAPACITATING INJURY,15,12,41.8825479976,-87.6339941563,2018,30,POINT (-87.6339941563 41.8825479976),,,,,2018-12-04,False,31,Loop
1851,30,NO CONTROLS,NO CONTROLS,CLEAR,DARKNESS,PEDALCYCLIST,NOT DIVIDED,STRAIGHT AND LEVEL,DRY,NO DEFECTS,,FAILING TO YIELD RIGHT-OF-WAY,NOT APPLICABLE,N,NO INDICATION OF INJURY,16,12,41.9247500711,-87.7122543793,2018,30,POINT (-87.7122543793 41.9247500711),,,,,2018-12-04,False,21,Logan Square
1852,30,TRAFFIC SIGNAL,FUNCTIONING PROPERLY,CLEAR,"DARKNESS, LIGHTED ROAD",PEDALCYCLIST,DIVIDED - W/MEDIAN (NOT RAISED),STRAIGHT AND LEVEL,DRY,NO DEFECTS,,UNABLE TO DETERMINE,UNABLE TO DETERMINE,,NO INDICATION OF INJURY,16,12,41.7577325515,-87.6637545548,2018,30,POINT (-87.6637545548 41.7577325515),,,,,2018-12-04,False,66,Englewood
1853,30,NO CONTROLS,NO CONTROLS,CLEAR,DARKNESS,PEDALCYCLIST,NOT DIVIDED,STRAIGHT AND LEVEL,DRY,NO DEFECTS,,FAILING TO YIELD RIGHT-OF-WAY,NOT APPLICABLE,,NO INDICATION OF INJURY,16,12,41.9576405058,-87.7082798724,2018,30,POINT (-87.7082798724 41.9576405058),,,,,2018-12-05,False,15,Irving Park
1854,30,NO CONTROLS,NO CONTROLS,CLEAR,"DARKNESS, LIGHTED ROAD",PEDALCYCLIST,NOT DIVIDED,STRAIGHT AND LEVEL,DRY,NO DEFECTS,,UNABLE TO DETERMINE,UNABLE TO DETERMINE,,NO INDICATION OF INJURY,18,12,41.9385526593,-87.6497117245,2018,30,POINT (-87.6497117245 41.9385526593),,,,,2018-12-05,False,5,Lake View
1855,30,TRAFFIC SIGNAL,FUNCTIONING PROPERLY,CLEAR,"DARKNESS, LIGHTED ROAD",PEDALCYCLIST,NOT DIVIDED,STRAIGHT AND LEVEL,DRY,NO DEFECTS,Y,DISREGARDING TRAFFIC SIGNALS,NOT APPLICABLE,,INCAPACITATING INJURY,20,12,41.8939122502,-87.6369555402,2018,30,POINT (-87.6369555402 41.8939122502),,,,,2018-12-06,True,7,Near North Side
1856,30,TRAFFIC SIGNAL,FUNCTIONING PROPERLY,CLEAR,DAYLIGHT,PEDALCYCLIST,NOT DIVIDED,STRAIGHT AND LEVEL,WET,NO DEFECTS,,FAILING TO REDUCE SPEED TO AVOID CRASH,FAILING TO REDUCE SPEED TO AVOID CRASH,,NONINCAPACITATING INJURY,6,12,41.8845912742,-87.6293787265,2018,30,POINT (-87.6293787265 41.8845912742),,,,,2018-12-07,False,31,Loop
1857,30,NO CONTROLS,NO CONTROLS,CLEAR,DAYLIGHT,PEDALCYCLIST,ALLEY,STRAIGHT AND LEVEL,DRY,NO DEFECTS,,NOT APPLICABLE,NOT APPLICABLE,,NO INDICATION OF INJURY,7,12,41.9368541177,-87.667915395,2018,30,POINT (-87.667915395 41.9368541177),,,,,2018-12-07,False,5,Lake View
1858,20,TRAFFIC SIGNAL,FUNCTIONING PROPERLY,CLEAR,DAYLIGHT,PEDALCYCLIST,DIVIDED - W/MEDIAN (NOT RAISED),STRAIGHT AND LEVEL,DRY,NO DEFECTS,Y,DISREGARDING TRAFFIC SIGNALS,FAILING TO REDUCE SPEED TO AVOID CRASH,,"REPORTED, NOT EVIDENT",16,12,41.7764725643,-87.5709903681,2018,20,POINT (-87.5709903681 41.7764725643),,,,,2018-12-07,False,41,Woodlawn
1859,30,TRAFFIC SIGNAL,FUNCTIONING PROPERLY,CLEAR,"DARKNESS, LIGHTED ROAD",PEDALCYCLIST,OTHER,STRAIGHT AND LEVEL,DRY,NO DEFECTS,Y,DISREGARDING OTHER TRAFFIC SIGNS,FAILING TO YIELD RIGHT-OF-WAY,,NO INDICATION OF INJURY,16,12,41.8508429437,-87.638734244,2018,30,POINT (-87.638734244 41.8508429437),,,,,2018-12-07,False,30,Lower West Side
1860,30,STOP SIGN/FLASHER,FUNCTIONING PROPERLY,CLEAR,DAYLIGHT,PEDALCYCLIST,NOT DIVIDED,STRAIGHT AND LEVEL,DRY,UNKNOWN,Y,UNABLE TO DETERMINE,UNABLE TO DETERMINE,,NO INDICATION OF INJURY,15,12,41.9720243294,-87.7254168031,2018,30,POINT (-87.7254168031 41.9720243294),,,,,2018-12-10,False,12,North Park
1861,30,NO CONTROLS,NO CONTROLS,CLEAR,DAYLIGHT,PEDALCYCLIST,ONE-WAY,STRAIGHT AND LEVEL,DRY,NO DEFECTS,,FAILING TO YIELD RIGHT-OF-WAY,FAILING TO YIELD RIGHT-OF-WAY,Y,"REPORTED, NOT EVIDENT",15,12,41.8940810168,-87.6355674002,2018,30,POINT (-87.6355674002 41.8940810168),,,,,2018-12-10,False,7,Near North Side
1862,30,NO CONTROLS,NO CONTROLS,UNKNOWN,DUSK,PEDALCYCLIST,NOT DIVIDED,STRAIGHT AND LEVEL,UNKNOWN,NO DEFECTS,,IMPROPER TURNING/NO SIGNAL,DRIVING SKILLS/KNOWLEDGE/EXPERIENCE,,NONINCAPACITATING INJURY,17,12,41.9406462133,-87.6514095081,2018,30,POINT (-87.6514095081 41.9406462133),,,,,2018-12-10,False,5,Lake View
1863,30,STOP SIGN/FLASHER,FUNCTIONING PROPERLY,CLEAR,DAYLIGHT,PEDALCYCLIST,DIVIDED - W/MEDIAN (NOT RAISED),STRAIGHT AND LEVEL,DRY,NO DEFECTS,,UNABLE TO DETERMINE,UNABLE TO DETERMINE,Y,NONINCAPACITATING INJURY,15,12,41.9409549477,-87.6445743424,2018,30,POINT (-87.6445743424 41.9409549477),,,,,2018-12-11,False,5,Lake View
1864,30,NO CONTROLS,NO CONTROLS,CLEAR,"DARKNESS, LIGHTED ROAD",PEDALCYCLIST,CENTER TURN LANE,STRAIGHT AND LEVEL,DRY,NO DEFECTS,Y,"VISION OBSCURED (SIGNS, TREE LIMBS, BUILDINGS, ETC.)",NOT APPLICABLE,,NONINCAPACITATING INJURY,17,12,41.8929764995,-87.686615267,2018,30,POINT (-87.686615267 41.8929764995),,,,,2018-12-11,False,23,West Town
1865,30,NO CONTROLS,NO CONTROLS,CLEAR,"DARKNESS, LIGHTED ROAD",PEDALCYCLIST,DIVIDED - W/MEDIAN (NOT RAISED),STRAIGHT AND LEVEL,DRY,NO DEFECTS,,UNABLE TO DETERMINE,UNABLE TO DETERMINE,Y,NO INDICATION OF INJURY,20,12,41.9005848002,-87.63298607,2018,30,POINT (-87.63298607 41.9005848002),,,,,2018-12-11,False,7,Near North Side
1866,30,STOP SIGN/FLASHER,FUNCTIONING PROPERLY,CLEAR,DAYLIGHT,PEDALCYCLIST,OTHER,STRAIGHT AND LEVEL,DRY,NO DEFECTS,Y,FAILING TO YIELD RIGHT-OF-WAY,NOT APPLICABLE,,NONINCAPACITATING INJURY,13,12,41.9685698775,-87.6999453958,2018,30,POINT (-87.6999453958 41.9685698775),,,,,2018-12-12,False,3,Lincoln Square
1867,30,TRAFFIC SIGNAL,FUNCTIONING PROPERLY,CLEAR,DAYLIGHT,PEDALCYCLIST,NOT DIVIDED,STRAIGHT AND LEVEL,DRY,NO DEFECTS,Y,UNABLE TO DETERMINE,NOT APPLICABLE,,NO INDICATION OF INJURY,14,12,41.9686863168,-87.6761292475,2018,30,POINT (-87.6761292475 41.9686863168),,,,,2018-12-12,False,3,Lincoln Square
1868,30,NO CONTROLS,NO CONTROLS,CLEAR,"DARKNESS, LIGHTED ROAD",PEDALCYCLIST,NOT DIVIDED,STRAIGHT AND LEVEL,DRY,NO DEFECTS,,IMPROPER TURNING/NO SIGNAL,NOT APPLICABLE,,NONINCAPACITATING INJURY,21,12,41.8830538939,-87.648711099,2018,30,POINT (-87.648711099 41.8830538939),,,,,2018-12-12,False,27,Near West Side
1869,25,STOP SIGN/FLASHER,FUNCTIONING PROPERLY,RAIN,DARKNESS,PEDALCYCLIST,NOT DIVIDED,STRAIGHT AND LEVEL,WET,NO DEFECTS,Y,UNABLE TO DETERMINE,WEATHER,,NONINCAPACITATING INJURY,18,12,41.9290919583,-87.8028186769,2018,25,POINT (-87.8028186769 41.9290919583),,,,,2018-12-13,False,17,Montclare
1870,30,TRAFFIC SIGNAL,FUNCTIONING PROPERLY,RAIN,"DARKNESS, LIGHTED ROAD",PEDALCYCLIST,NOT DIVIDED,STRAIGHT AND LEVEL,WET,NO DEFECTS,,EXCEEDING SAFE SPEED FOR CONDITIONS,WEATHER,,NO INDICATION OF INJURY,19,12,41.9360393143,-87.6783006259,2018,30,POINT (-87.6783006259 41.9360393143),,,,,2018-12-13,False,4,North Center
1871,30,TRAFFIC SIGNAL,FUNCTIONING PROPERLY,RAIN,"DARKNESS, LIGHTED ROAD",PEDALCYCLIST,ONE-WAY,STRAIGHT AND LEVEL,WET,UNKNOWN,,DRIVING ON WRONG SIDE/WRONG WAY,DRIVING SKILLS/KNOWLEDGE/EXPERIENCE,,NO INDICATION OF INJURY,22,12,41.8793816657,-87.639460781,2018,30,POINT (-87.639460781 41.8793816657),,,,,2018-12-13,False,27,Near West Side
1872,30,STOP SIGN/FLASHER,FUNCTIONING PROPERLY,RAIN,"DARKNESS, LIGHTED ROAD",PEDALCYCLIST,NOT DIVIDED,STRAIGHT AND LEVEL,WET,NO DEFECTS,Y,WEATHER,UNABLE TO DETERMINE,,NONINCAPACITATING INJURY,23,12,41.9314453003,-87.6394372905,2018,30,POINT (-87.6394372905 41.9314453003),,,,,2018-12-13,False,6,Lincoln Park
1873,30,STOP SIGN/FLASHER,FUNCTIONING PROPERLY,CLEAR,DAYLIGHT,PEDALCYCLIST,NOT DIVIDED,STRAIGHT AND LEVEL,DRY,NO DEFECTS,Y,UNABLE TO DETERMINE,UNABLE TO DETERMINE,N,NO INDICATION OF INJURY,13,12,41.941505804,-87.6784674289,2018,30,POINT (-87.6784674289 41.941505804),,,,,2018-12-14,False,4,North Center
1874,30,NO CONTROLS,NO CONTROLS,CLEAR,DARKNESS,PEDALCYCLIST,NOT DIVIDED,STRAIGHT AND LEVEL,DRY,NO DEFECTS,,UNABLE TO DETERMINE,NOT APPLICABLE,,NO INDICATION OF INJURY,16,12,41.8913343584,-87.6445149843,2018,30,POINT (-87.6445149843 41.8913343584),,,,,2018-12-14,False,7,Near North Side
1875,30,NO CONTROLS,NO CONTROLS,CLOUDY/OVERCAST,"DARKNESS, LIGHTED ROAD",PEDALCYCLIST,NOT DIVIDED,STRAIGHT AND LEVEL,WET,NO DEFECTS,Y,UNABLE TO DETERMINE,NOT APPLICABLE,,NO INDICATION OF INJURY,18,12,41.8939587626,-87.6478411876,2018,30,POINT (-87.6478411876 41.8939587626),,,,,2018-12-14,False,7,Near North Side