Unnamed: 0,POSTED_SPEED_LIMIT,TRAFFIC_CONTROL_DEVICE,DEVICE_CONDITION,WEATHER_CONDITION,LIGHTING_CONDITION,FIRST_CRASH_TYPE,TRAFFICWAY_TYPE,ALIGNMENT,ROADWAY_SURFACE_COND,ROAD_DEFECT,INTERSECTION_RELATED_I,PRIM_CONTRIBUTORY_CAUSE,SEC_CONTRIBUTORY_CAUSE,DOORING_I,MOST_SEVERE_INJURY,CRASH_HOUR,CRASH_MONTH,LATITUDE,LONGITUDE,CRASH_YEAR,SPEED_LIMIT,geometry,DISPLAYROU,the_geom,DIST,LANE_TYPE,CRASH_DATE,is_severe,index_right,CArea
1876,35,TRAFFIC SIGNAL,FUNCTIONING PROPERLY,CLEAR,DUSK,PEDALCYCLIST,NOT DIVIDED,STRAIGHT AND LEVEL,DRY,NO DEFECTS,Y,UNABLE TO DETERMINE,UNABLE TO DETERMINE,,NONINCAPACITATING INJURY,19,12,41.8991094792,-87.7263425919,2018,35,POINT (-87.7263425919 41.8991094792),,,,,2018-12-14,False,22,Humboldt Park
1877,30,TRAFFIC SIGNAL,FUNCTIONING PROPERLY,CLEAR,DAYLIGHT,PEDALCYCLIST,NOT DIVIDED,STRAIGHT AND LEVEL,DRY,NO DEFECTS,Y,IMPROPER TURNING/NO SIGNAL,FAILING TO YIELD RIGHT-OF-WAY,,NO INDICATION OF INJURY,15,12,41.8436337779,-87.6535685879,2018,30,POINT (-87.6535685879 41.8436337779),,,,,2018-12-15,False,30,Lower West Side
1878,20,NO CONTROLS,NO CONTROLS,CLEAR,DAYLIGHT,PEDALCYCLIST,NOT DIVIDED,STRAIGHT AND LEVEL,DRY,UNKNOWN,,UNABLE TO DETERMINE,UNABLE TO DETERMINE,,NO INDICATION OF INJURY,16,12,41.8431485194,-87.6540030968,2018,20,POINT (-87.6540030968 41.8431485194),,,,,2018-12-15,False,30,Lower West Side
1879,30,STOP SIGN/FLASHER,FUNCTIONING PROPERLY,CLEAR,"DARKNESS, LIGHTED ROAD",PEDALCYCLIST,DIVIDED - W/MEDIAN (NOT RAISED),STRAIGHT AND LEVEL,DRY,NO DEFECTS,Y,UNABLE TO DETERMINE,NOT APPLICABLE,,NONINCAPACITATING INJURY,18,12,41.859931601,-87.6450206965,2018,30,POINT (-87.6450206965 41.859931601),,,,,2018-12-15,False,27,Near West Side
1880,30,NO CONTROLS,NO CONTROLS,CLEAR,DAYLIGHT,PEDALCYCLIST,NOT DIVIDED,STRAIGHT AND LEVEL,DRY,NO DEFECTS,,FAILING TO REDUCE SPEED TO AVOID CRASH,FAILING TO REDUCE SPEED TO AVOID CRASH,,NO INDICATION OF INJURY,14,12,41.8569726424,-87.6174445344,2018,30,POINT (-87.6174445344 41.8569726424),,,,,2018-12-16,False,32,Near South Side
1881,30,NO CONTROLS,NO CONTROLS,CLEAR,"DARKNESS, LIGHTED ROAD",PEDALCYCLIST,NOT DIVIDED,STRAIGHT AND LEVEL,DRY,NO DEFECTS,,NOT APPLICABLE,NOT APPLICABLE,Y,NONINCAPACITATING INJURY,17,12,41.8429177703,-87.6550473306,2018,30,POINT (-87.6550473306 41.8429177703),,,,,2018-12-16,False,30,Lower West Side
1882,30,STOP SIGN/FLASHER,FUNCTIONING PROPERLY,CLEAR,"DARKNESS, LIGHTED ROAD",PEDALCYCLIST,NOT DIVIDED,STRAIGHT AND LEVEL,DRY,NO DEFECTS,Y,UNABLE TO DETERMINE,UNABLE TO DETERMINE,,NONINCAPACITATING INJURY,17,12,41.9370199802,-87.7540522764,2018,30,POINT (-87.7540522764 41.9370199802),,,,,2018-12-16,False,18,Belmont Cragin
1883,30,TRAFFIC SIGNAL,FUNCTIONING PROPERLY,UNKNOWN,UNKNOWN,PEDALCYCLIST,UNKNOWN,STRAIGHT AND LEVEL,UNKNOWN,UNKNOWN,,FAILING TO YIELD RIGHT-OF-WAY,NOT APPLICABLE,,NO INDICATION OF INJURY,18,12,41.8810523792,-87.6172002214,2018,30,POINT (-87.6172002214 41.8810523792),,,,,2018-12-16,False,31,Loop
1884,30,NO CONTROLS,NO CONTROLS,CLEAR,DAYLIGHT,PEDALCYCLIST,NOT DIVIDED,STRAIGHT AND LEVEL,DRY,NO DEFECTS,,UNABLE TO DETERMINE,NOT APPLICABLE,,INCAPACITATING INJURY,10,12,41.9113521524,-87.648429678,2018,30,POINT (-87.648429678 41.9113521524),,,,,2018-12-17,True,6,Lincoln Park
1885,35,NO CONTROLS,NO CONTROLS,CLEAR,DAYLIGHT,PEDALCYCLIST,NOT DIVIDED,STRAIGHT AND LEVEL,DRY,NO DEFECTS,,UNABLE TO DETERMINE,UNABLE TO DETERMINE,,NO INDICATION OF INJURY,12,12,41.9545084019,-87.7471878802,2018,35,POINT (-87.7471878802 41.9545084019),,,,,2018-12-18,False,14,Portage Park
1886,30,NO CONTROLS,NO CONTROLS,CLEAR,DUSK,PEDALCYCLIST,ONE-WAY,STRAIGHT AND LEVEL,DRY,NO DEFECTS,,FAILING TO YIELD RIGHT-OF-WAY,FAILING TO REDUCE SPEED TO AVOID CRASH,,"REPORTED, NOT EVIDENT",17,12,41.8732965976,-87.6713895569,2018,30,POINT (-87.6713895569 41.8732965976),,,,,2018-12-18,False,27,Near West Side
1887,30,NO CONTROLS,NO CONTROLS,CLEAR,"DARKNESS, LIGHTED ROAD",PEDALCYCLIST,NOT DIVIDED,STRAIGHT AND LEVEL,DRY,NO DEFECTS,,NOT APPLICABLE,NOT APPLICABLE,Y,NONINCAPACITATING INJURY,20,12,41.9238246803,-87.6986235854,2018,30,POINT (-87.6986235854 41.9238246803),,,,,2018-12-18,False,21,Logan Square
1888,30,TRAFFIC SIGNAL,FUNCTIONING PROPERLY,CLEAR,DAYLIGHT,PEDALCYCLIST,NOT DIVIDED,STRAIGHT AND LEVEL,DRY,NO DEFECTS,Y,DISREGARDING TRAFFIC SIGNALS,NOT APPLICABLE,,NONINCAPACITATING INJURY,14,12,41.9632228774,-87.6888861111,2018,30,POINT (-87.6888861111 41.9632228774),,,,,2018-12-19,False,3,Lincoln Square
1889,30,STOP SIGN/FLASHER,FUNCTIONING PROPERLY,CLEAR,DAYLIGHT,PEDALCYCLIST,NOT DIVIDED,STRAIGHT AND LEVEL,DRY,NO DEFECTS,Y,DISREGARDING TRAFFIC SIGNALS,NOT APPLICABLE,,NONINCAPACITATING INJURY,14,12,41.9632228774,-87.6888861111,2018,30,POINT (-87.6888861111 41.9632228774),,,,,2018-12-19,False,3,Lincoln Square
1890,35,NO CONTROLS,NO CONTROLS,CLEAR,DAYLIGHT,PEDALCYCLIST,NOT DIVIDED,STRAIGHT AND LEVEL,DRY,NO DEFECTS,N,UNABLE TO DETERMINE,UNABLE TO DETERMINE,,"REPORTED, NOT EVIDENT",15,12,41.8320171643,-87.7048209183,2018,35,POINT (-87.7048209183 41.8320171643),,,,,2018-12-19,False,29,South Lawndale
1891,35,NO CONTROLS,NO CONTROLS,CLEAR,DAYLIGHT,PEDALCYCLIST,DIVIDED - W/MEDIAN (NOT RAISED),STRAIGHT AND LEVEL,DRY,NO DEFECTS,,FAILING TO YIELD RIGHT-OF-WAY,NOT APPLICABLE,,NONINCAPACITATING INJURY,15,12,41.9682546808,-87.7169691907,2018,35,POINT (-87.7169691907 41.9682546808),,,,,2018-12-19,False,13,Albany Park
1892,30,NO CONTROLS,NO CONTROLS,CLEAR,DUSK,PEDALCYCLIST,NOT DIVIDED,STRAIGHT AND LEVEL,DRY,NO DEFECTS,,IMPROPER LANE USAGE,UNABLE TO DETERMINE,,NONINCAPACITATING INJURY,16,12,41.9037455573,-87.6481670106,2018,30,POINT (-87.6481670106 41.9037455573),,,,,2018-12-19,False,7,Near North Side
1893,35,NO CONTROLS,NO CONTROLS,CLEAR,"DARKNESS, LIGHTED ROAD",PEDALCYCLIST,DIVIDED - W/MEDIAN BARRIER,STRAIGHT AND LEVEL,DRY,NO DEFECTS,,NOT APPLICABLE,NOT APPLICABLE,,NONINCAPACITATING INJURY,18,12,41.961273163,-87.7102941071,2018,35,POINT (-87.7102941071 41.961273163),,,,,2018-12-19,False,13,Albany Park
1894,30,NO CONTROLS,NO CONTROLS,CLEAR,"DARKNESS, LIGHTED ROAD",PEDALCYCLIST,ONE-WAY,STRAIGHT AND LEVEL,DRY,NO DEFECTS,,DRIVING ON WRONG SIDE/WRONG WAY,NOT APPLICABLE,,NONINCAPACITATING INJURY,20,12,41.8932494774,-87.6376345446,2018,30,POINT (-87.6376345446 41.8932494774),,,,,2018-12-19,False,7,Near North Side
1895,30,NO CONTROLS,NO CONTROLS,CLEAR,"DARKNESS, LIGHTED ROAD",PEDALCYCLIST,NOT DIVIDED,STRAIGHT AND LEVEL,DRY,UNKNOWN,,UNABLE TO DETERMINE,UNABLE TO DETERMINE,Y,NONINCAPACITATING INJURY,23,12,41.97327931,-87.6663073333,2018,30,POINT (-87.6663073333 41.97327931),,,,,2018-12-19,False,2,Uptown
1896,30,NO CONTROLS,NO CONTROLS,CLEAR,DARKNESS,PEDALCYCLIST,NOT DIVIDED,STRAIGHT AND LEVEL,DRY,NO DEFECTS,N,UNABLE TO DETERMINE,UNABLE TO DETERMINE,,NO INDICATION OF INJURY,7,12,41.9047061919,-87.6346566546,2018,30,POINT (-87.6346566546 41.9047061919),,,,,2018-12-21,False,7,Near North Side
1897,25,STOP SIGN/FLASHER,FUNCTIONING PROPERLY,CLEAR,DAYLIGHT,PEDALCYCLIST,OTHER,STRAIGHT AND LEVEL,DRY,NO DEFECTS,,"VISION OBSCURED (SIGNS, TREE LIMBS, BUILDINGS, ETC.)",NOT APPLICABLE,,NONINCAPACITATING INJURY,14,12,41.9790296837,-87.664973677,2018,25,POINT (-87.664973677 41.9790296837),,,,,2018-12-21,False,76,Edgewater
1898,30,NO CONTROLS,NO CONTROLS,CLEAR,DUSK,PEDALCYCLIST,NOT DIVIDED,STRAIGHT AND LEVEL,DRY,NO DEFECTS,,FAILING TO YIELD RIGHT-OF-WAY,UNABLE TO DETERMINE,,NONINCAPACITATING INJURY,15,12,41.9429202133,-87.6934238739,2018,30,POINT (-87.6934238739 41.9429202133),,,,,2018-12-21,False,4,North Center
1899,30,NO CONTROLS,NO CONTROLS,CLEAR,DARKNESS,PEDALCYCLIST,NOT DIVIDED,STRAIGHT AND LEVEL,WET,"RUT, HOLES",,UNABLE TO DETERMINE,UNABLE TO DETERMINE,,"REPORTED, NOT EVIDENT",18,12,41.9066670819,-87.6971183844,2018,30,POINT (-87.6971183844 41.9066670819),,,,,2018-12-21,False,22,Humboldt Park
1900,30,TRAFFIC SIGNAL,UNKNOWN,CLEAR,DAYLIGHT,PEDALCYCLIST,NOT DIVIDED,STRAIGHT AND LEVEL,DRY,UNKNOWN,Y,UNABLE TO DETERMINE,UNABLE TO DETERMINE,Y,NO INDICATION OF INJURY,14,12,41.9137680485,-87.6532845606,2018,30,POINT (-87.6532845606 41.9137680485),,,,,2018-12-23,False,6,Lincoln Park
1901,30,TRAFFIC SIGNAL,FUNCTIONING PROPERLY,CLEAR,DAYLIGHT,PEDALCYCLIST,NOT DIVIDED,STRAIGHT AND LEVEL,DRY,NO DEFECTS,Y,UNABLE TO DETERMINE,IMPROPER LANE USAGE,Y,NO INDICATION OF INJURY,16,12,41.9304406838,-87.6855070945,2018,30,POINT (-87.6855070945 41.9304406838),,,,,2018-12-23,False,21,Logan Square
1902,30,TRAFFIC SIGNAL,FUNCTIONING PROPERLY,CLEAR,"DARKNESS, LIGHTED ROAD",PEDALCYCLIST,DIVIDED - W/MEDIAN (NOT RAISED),STRAIGHT AND LEVEL,DRY,UNKNOWN,,FAILING TO YIELD RIGHT-OF-WAY,NOT APPLICABLE,,NO INDICATION OF INJURY,17,12,41.9314422854,-87.7565688949,2018,30,POINT (-87.7565688949 41.9314422854),,,,,2018-12-23,False,18,Belmont Cragin
1903,20,NO CONTROLS,NO CONTROLS,CLEAR,DAYLIGHT,PEDALCYCLIST,ALLEY,STRAIGHT AND LEVEL,DRY,NO DEFECTS,,NOT APPLICABLE,NOT APPLICABLE,,"REPORTED, NOT EVIDENT",15,12,41.965315499,-87.7033382428,2018,20,POINT (-87.7033382428 41.965315499),,,,,2018-12-24,False,3,Lincoln Square
1904,30,NO CONTROLS,NO CONTROLS,CLEAR,"DARKNESS, LIGHTED ROAD",PEDALCYCLIST,NOT DIVIDED,STRAIGHT AND LEVEL,DRY,NO DEFECTS,,NOT APPLICABLE,NOT APPLICABLE,,NONINCAPACITATING INJURY,23,12,41.9279270187,-87.8062460349,2018,30,POINT (-87.8062460349 41.9279270187),,,,,2018-12-24,False,17,Montclare
1905,30,STOP SIGN/FLASHER,FUNCTIONING PROPERLY,CLEAR,DAYLIGHT,PEDALCYCLIST,NOT DIVIDED,STRAIGHT AND LEVEL,DRY,NO DEFECTS,,FAILING TO YIELD RIGHT-OF-WAY,NOT APPLICABLE,,NONINCAPACITATING INJURY,13,12,41.7753671482,-87.6910059985,2018,30,POINT (-87.6910059985 41.7753671482),,,,,2018-12-25,False,65,Chicago Lawn
1906,30,TRAFFIC SIGNAL,FUNCTIONING PROPERLY,CLEAR,DAYLIGHT,PEDALCYCLIST,NOT DIVIDED,STRAIGHT AND LEVEL,DRY,NO DEFECTS,Y,NOT APPLICABLE,NOT APPLICABLE,,INCAPACITATING INJURY,11,12,41.8448007855,-87.6952525937,2018,30,POINT (-87.6952525937 41.8448007855),,,,,2018-12-26,True,29,South Lawndale
1907,0,NO CONTROLS,NO CONTROLS,CLEAR,DAYLIGHT,PEDALCYCLIST,DIVIDED - W/MEDIAN (NOT RAISED),STRAIGHT AND LEVEL,DRY,NO DEFECTS,,FAILING TO YIELD RIGHT-OF-WAY,FAILING TO REDUCE SPEED TO AVOID CRASH,,NONINCAPACITATING INJURY,13,12,41.9093136289,-87.6470770822,2018,0,POINT (-87.6470770822 41.9093136289),,,,,2018-12-26,False,7,Near North Side
1908,30,NO CONTROLS,NO CONTROLS,RAIN,"DARKNESS, LIGHTED ROAD",PEDALCYCLIST,NOT DIVIDED,STRAIGHT AND LEVEL,WET,NO DEFECTS,,FAILING TO REDUCE SPEED TO AVOID CRASH,NOT APPLICABLE,,NONINCAPACITATING INJURY,17,12,41.8436536085,-87.6435909431,2018,30,POINT (-87.6435909431 41.8436536085),,,,,2018-12-27,False,30,Lower West Side
1909,35,TRAFFIC SIGNAL,UNKNOWN,RAIN,DARKNESS,PEDALCYCLIST,ONE-WAY,STRAIGHT AND LEVEL,WET,UNKNOWN,Y,FOLLOWING TOO CLOSELY,IMPROPER LANE USAGE,,NO INDICATION OF INJURY,17,12,41.8734674235,-87.7205108596,2018,35,POINT (-87.7205108596 41.8734674235),,,,,2018-12-27,False,25,Garfield Park
1910,30,TRAFFIC SIGNAL,FUNCTIONING PROPERLY,CLEAR,"DARKNESS, LIGHTED ROAD",PEDALCYCLIST,NOT DIVIDED,STRAIGHT AND LEVEL,DRY,NO DEFECTS,Y,FAILING TO REDUCE SPEED TO AVOID CRASH,UNABLE TO DETERMINE,N,INCAPACITATING INJURY,20,12,41.8818086816,-87.6475083354,2018,30,POINT (-87.6475083354 41.8818086816),,,,,2018-12-30,True,27,Near West Side
1911,20,NO CONTROLS,NO CONTROLS,RAIN,DAYLIGHT,PEDALCYCLIST,DIVIDED - W/MEDIAN (NOT RAISED),STRAIGHT AND LEVEL,WET,NO DEFECTS,,UNABLE TO DETERMINE,UNABLE TO DETERMINE,,NO INDICATION OF INJURY,14,12,41.9761389267,-87.6685605345,2018,20,POINT (-87.6685605345 41.9761389267),,,,,2018-12-31,False,2,Uptown
1912,30,NO CONTROLS,NO CONTROLS,RAIN,DUSK,PEDALCYCLIST,NOT DIVIDED,STRAIGHT AND LEVEL,WET,NO DEFECTS,,IMPROPER OVERTAKING/PASSING,NOT APPLICABLE,,NO INDICATION OF INJURY,18,12,41.8992860707,-87.7081163474,2018,30,POINT (-87.7081163474 41.8992860707),,,,,2018-12-31,False,22,Humboldt Park
1913,30,UNKNOWN,UNKNOWN,UNKNOWN,DARKNESS,PEDALCYCLIST,NOT DIVIDED,STRAIGHT AND LEVEL,UNKNOWN,UNKNOWN,,UNABLE TO DETERMINE,UNABLE TO DETERMINE,,NO INDICATION OF INJURY,3,1,41.9454901521,-87.6541264619,2019,30,POINT (-87.6541264619 41.9454901521),,,,,2019-01-01,False,5,Lake View
1914,30,STOP SIGN/FLASHER,FUNCTIONING PROPERLY,CLEAR,DAYLIGHT,PEDALCYCLIST,NOT DIVIDED,STRAIGHT AND LEVEL,DRY,NO DEFECTS,,UNABLE TO DETERMINE,UNABLE TO DETERMINE,,NO INDICATION OF INJURY,9,1,41.8551044266,-87.6613895327,2019,30,POINT (-87.6613895327 41.8551044266),,,,,2019-01-03,False,30,Lower West Side
1915,30,NO CONTROLS,NO CONTROLS,CLEAR,DAYLIGHT,PEDALCYCLIST,ONE-WAY,STRAIGHT AND LEVEL,DRY,NO DEFECTS,,FAILING TO YIELD RIGHT-OF-WAY,NOT APPLICABLE,Y,"REPORTED, NOT EVIDENT",11,1,41.8963908508,-87.631388416,2019,30,POINT (-87.631388416 41.8963908508),,,,,2019-01-03,False,7,Near North Side
1916,30,NO CONTROLS,NO CONTROLS,CLEAR,DAYLIGHT,PEDALCYCLIST,NOT DIVIDED,STRAIGHT AND LEVEL,DRY,NO DEFECTS,,UNABLE TO DETERMINE,UNABLE TO DETERMINE,Y,NONINCAPACITATING INJURY,16,1,41.9006704216,-87.6263089691,2019,30,POINT (-87.6263089691 41.9006704216),,,,,2019-01-03,False,7,Near North Side
1917,30,TRAFFIC SIGNAL,FUNCTIONING PROPERLY,CLEAR,DARKNESS,PEDALCYCLIST,NOT DIVIDED,STRAIGHT AND LEVEL,DRY,NO DEFECTS,,DRIVING SKILLS/KNOWLEDGE/EXPERIENCE,NOT APPLICABLE,Y,NO INDICATION OF INJURY,17,1,41.8750418858,-87.6763409381,2019,30,POINT (-87.6763409381 41.8750418858),,,,,2019-01-03,False,27,Near West Side
1918,30,NO CONTROLS,NO CONTROLS,CLEAR,DARKNESS,PEDALCYCLIST,NOT DIVIDED,STRAIGHT AND LEVEL,DRY,NO DEFECTS,,UNABLE TO DETERMINE,NOT APPLICABLE,Y,"REPORTED, NOT EVIDENT",20,1,41.9022362593,-87.6297884046,2019,30,POINT (-87.6297884046 41.9022362593),,,,,2019-01-03,False,7,Near North Side
1919,30,NO CONTROLS,NO CONTROLS,CLEAR,DAYLIGHT,PEDALCYCLIST,NOT DIVIDED,STRAIGHT AND LEVEL,DRY,NO DEFECTS,Y,UNABLE TO DETERMINE,NOT APPLICABLE,,NO INDICATION OF INJURY,16,1,41.8541778843,-87.6272583626,2019,30,POINT (-87.6272583626 41.8541778843),,,,,2019-01-04,False,32,Near South Side
1920,30,RAILROAD CROSSING GATE,FUNCTIONING PROPERLY,CLEAR,DAYLIGHT,PEDALCYCLIST,OTHER,STRAIGHT AND LEVEL,DRY,NO DEFECTS,,PHYSICAL CONDITION OF DRIVER,UNABLE TO DETERMINE,,NONINCAPACITATING INJURY,16,1,41.9659378145,-87.7082505641,2019,30,POINT (-87.7082505641 41.9659378145),,,,,2019-01-04,False,13,Albany Park
1921,30,TRAFFIC SIGNAL,FUNCTIONING PROPERLY,CLEAR,"DARKNESS, LIGHTED ROAD",PEDALCYCLIST,NOT DIVIDED,STRAIGHT AND LEVEL,DRY,NO DEFECTS,Y,FAILING TO YIELD RIGHT-OF-WAY,UNABLE TO DETERMINE,,NONINCAPACITATING INJURY,19,1,41.8920167337,-87.614345353,2019,30,POINT (-87.614345353 41.8920167337),,,,,2019-01-04,False,7,Near North Side
1922,30,NO CONTROLS,FUNCTIONING PROPERLY,CLEAR,DAYLIGHT,PEDALCYCLIST,NOT DIVIDED,STRAIGHT AND LEVEL,DRY,NO DEFECTS,,UNABLE TO DETERMINE,NOT APPLICABLE,,NO INDICATION OF INJURY,11,1,41.9666383365,-87.7675885571,2019,30,POINT (-87.7675885571 41.9666383365),,,,,2019-01-05,False,14,Portage Park
1923,30,NO CONTROLS,NO CONTROLS,CLEAR,DAYLIGHT,PEDALCYCLIST,NOT DIVIDED,STRAIGHT AND LEVEL,DRY,NO DEFECTS,Y,NOT APPLICABLE,NOT APPLICABLE,,NONINCAPACITATING INJURY,12,1,41.9607882687,-87.7512721538,2019,30,POINT (-87.7512721538 41.9607882687),,,,,2019-01-05,False,14,Portage Park
1924,30,NO CONTROLS,NO CONTROLS,CLEAR,DAYLIGHT,PEDALCYCLIST,DIVIDED - W/MEDIAN (NOT RAISED),STRAIGHT AND LEVEL,DRY,NO DEFECTS,Y,FAILING TO YIELD RIGHT-OF-WAY,UNABLE TO DETERMINE,,NONINCAPACITATING INJURY,13,1,41.7563625272,-87.6345038155,2019,30,POINT (-87.6345038155 41.7563625272),,,,,2019-01-05,False,67,Englewood
1925,30,NO CONTROLS,NO CONTROLS,CLEAR,DAYLIGHT,PEDALCYCLIST,NOT DIVIDED,STRAIGHT AND LEVEL,DRY,NO DEFECTS,Y,NOT APPLICABLE,NOT APPLICABLE,,NONINCAPACITATING INJURY,15,1,41.9149060261,-87.6553005443,2019,30,POINT (-87.6553005443 41.9149060261),,,,,2019-01-05,False,6,Lincoln Park
1926,30,STOP SIGN/FLASHER,FUNCTIONING PROPERLY,CLEAR,DAYLIGHT,PEDALCYCLIST,NOT DIVIDED,STRAIGHT AND LEVEL,DRY,NO DEFECTS,Y,IMPROPER TURNING/NO SIGNAL,UNABLE TO DETERMINE,,NONINCAPACITATING INJURY,15,1,41.9684434043,-87.7196171372,2019,30,POINT (-87.7196171372 41.9684434043),,,,,2019-01-05,False,13,Albany Park
1927,30,UNKNOWN,UNKNOWN,CLEAR,"DARKNESS, LIGHTED ROAD",PEDALCYCLIST,NOT DIVIDED,STRAIGHT AND LEVEL,DRY,NO DEFECTS,,FAILING TO REDUCE SPEED TO AVOID CRASH,NOT APPLICABLE,,NO INDICATION OF INJURY,19,1,41.9291014747,-87.6535905971,2019,30,POINT (-87.6535905971 41.9291014747),,,,,2019-01-05,False,6,Lincoln Park
1928,30,NO CONTROLS,NO CONTROLS,CLEAR,"DARKNESS, LIGHTED ROAD",PEDALCYCLIST,DIVIDED - W/MEDIAN (NOT RAISED),STRAIGHT AND LEVEL,DRY,NO DEFECTS,Y,UNDER THE INFLUENCE OF ALCOHOL/DRUGS (USE WHEN ARREST IS EFFECTED),FAILING TO REDUCE SPEED TO AVOID CRASH,,INCAPACITATING INJURY,0,1,41.8762260877,-87.7253701423,2019,30,POINT (-87.7253701423 41.8762260877),,,,,2019-01-06,True,25,Garfield Park
1929,30,NO CONTROLS,NO CONTROLS,CLEAR,DAYLIGHT,PEDALCYCLIST,ONE-WAY,STRAIGHT AND LEVEL,DRY,NO DEFECTS,,IMPROPER BACKING,UNABLE TO DETERMINE,,INCAPACITATING INJURY,15,1,41.8756870673,-87.6293873338,2019,30,POINT (-87.6293873338 41.8756870673),,,,,2019-01-06,True,31,Loop
1930,30,NO CONTROLS,NO CONTROLS,RAIN,DAYLIGHT,PEDALCYCLIST,DIVIDED - W/MEDIAN (NOT RAISED),STRAIGHT AND LEVEL,WET,NO DEFECTS,Y,UNABLE TO DETERMINE,NOT APPLICABLE,,NO INDICATION OF INJURY,14,1,41.8207162823,-87.6932108054,2019,30,POINT (-87.6932108054 41.8207162823),,,,,2019-01-07,False,29,South Lawndale
1931,30,NO CONTROLS,NO CONTROLS,RAIN,DARKNESS,PEDALCYCLIST,NOT DIVIDED,STRAIGHT AND LEVEL,WET,NO DEFECTS,,FAILING TO YIELD RIGHT-OF-WAY,NOT APPLICABLE,,NO INDICATION OF INJURY,17,1,41.7670410333,-87.7152413296,2019,30,POINT (-87.7152413296 41.7670410333),,,,,2019-01-07,False,64,West Lawn
1932,30,STOP SIGN/FLASHER,FUNCTIONING PROPERLY,CLEAR,DAYLIGHT,PEDALCYCLIST,NOT DIVIDED,STRAIGHT AND LEVEL,DRY,NO DEFECTS,Y,FAILING TO YIELD RIGHT-OF-WAY,FAILING TO YIELD RIGHT-OF-WAY,,NONINCAPACITATING INJURY,9,1,41.8939324999,-87.6354904886,2019,30,POINT (-87.6354904886 41.8939324999),,,,,2019-01-08,False,7,Near North Side
1933,30,OTHER,OTHER,CLOUDY/OVERCAST,DAYLIGHT,PEDALCYCLIST,OTHER,STRAIGHT AND LEVEL,DRY,UNKNOWN,,FAILING TO REDUCE SPEED TO AVOID CRASH,NOT APPLICABLE,,NONINCAPACITATING INJURY,10,1,41.9973773141,-87.7055685386,2019,30,POINT (-87.7055685386 41.9973773141),,,,,2019-01-08,False,1,West Ridge
1934,30,TRAFFIC SIGNAL,FUNCTIONING PROPERLY,CLEAR,DAYLIGHT,PEDALCYCLIST,DIVIDED - W/MEDIAN (NOT RAISED),STRAIGHT AND LEVEL,DRY,NO DEFECTS,Y,UNABLE TO DETERMINE,UNABLE TO DETERMINE,,NO INDICATION OF INJURY,14,1,41.8229096789,-87.6900973342,2019,30,POINT (-87.6900973342 41.8229096789),,,,,2019-01-08,False,29,South Lawndale
1935,30,NO CONTROLS,NO CONTROLS,CLEAR,DAYLIGHT,PEDALCYCLIST,NOT DIVIDED,STRAIGHT AND LEVEL,DRY,NO DEFECTS,,DISREGARDING TRAFFIC SIGNALS,NOT APPLICABLE,,NO INDICATION OF INJURY,14,1,41.8229096789,-87.6900973342,2019,30,POINT (-87.6900973342 41.8229096789),,,,,2019-01-08,False,29,South Lawndale
1936,5,NO CONTROLS,NO CONTROLS,CLEAR,DAYLIGHT,PEDALCYCLIST,DRIVEWAY,STRAIGHT AND LEVEL,DRY,UNKNOWN,,UNABLE TO DETERMINE,UNABLE TO DETERMINE,Y,NONINCAPACITATING INJURY,15,1,42.0049892439,-87.6982495705,2019,5,POINT (-87.6982495705 42.0049892439),,,,,2019-01-08,False,1,West Ridge
1937,30,NO CONTROLS,NO CONTROLS,CLEAR,DAYLIGHT,PEDALCYCLIST,ONE-WAY,STRAIGHT AND LEVEL,DRY,NO DEFECTS,,IMPROPER OVERTAKING/PASSING,NOT APPLICABLE,,"REPORTED, NOT EVIDENT",11,1,41.8992923379,-87.6260074716,2019,30,POINT (-87.6260074716 41.8992923379),,,,,2019-01-09,False,7,Near North Side
1938,30,STOP SIGN/FLASHER,FUNCTIONING PROPERLY,CLEAR,DAYLIGHT,PEDALCYCLIST,NOT DIVIDED,STRAIGHT AND LEVEL,DRY,NO DEFECTS,Y,UNABLE TO DETERMINE,NOT APPLICABLE,,NONINCAPACITATING INJURY,12,1,41.9827891128,-87.7147909935,2019,30,POINT (-87.7147909935 41.9827891128),,,,,2019-01-09,False,12,North Park
1939,25,NO CONTROLS,NO CONTROLS,CLEAR,DAYLIGHT,PEDALCYCLIST,NOT DIVIDED,STRAIGHT AND LEVEL,DRY,NO DEFECTS,,FAILING TO YIELD RIGHT-OF-WAY,UNABLE TO DETERMINE,Y,NONINCAPACITATING INJURY,13,1,41.9649309987,-87.6930725666,2019,25,POINT (-87.6930725666 41.9649309987),,,,,2019-01-09,False,3,Lincoln Square
1940,30,STOP SIGN/FLASHER,FUNCTIONING PROPERLY,CLEAR,DAYLIGHT,PEDALCYCLIST,ONE-WAY,STRAIGHT AND LEVEL,DRY,NO DEFECTS,Y,NOT APPLICABLE,NOT APPLICABLE,,NO INDICATION OF INJURY,15,1,41.7982551165,-87.7674107481,2019,30,POINT (-87.7674107481 41.7982551165),,,,,2019-01-09,False,55,Garfield Ridge