Unnamed: 0,POSTED_SPEED_LIMIT,TRAFFIC_CONTROL_DEVICE,DEVICE_CONDITION,WEATHER_CONDITION,LIGHTING_CONDITION,FIRST_CRASH_TYPE,TRAFFICWAY_TYPE,ALIGNMENT,ROADWAY_SURFACE_COND,ROAD_DEFECT,INTERSECTION_RELATED_I,PRIM_CONTRIBUTORY_CAUSE,SEC_CONTRIBUTORY_CAUSE,DOORING_I,MOST_SEVERE_INJURY,CRASH_HOUR,CRASH_MONTH,LATITUDE,LONGITUDE,CRASH_YEAR,SPEED_LIMIT,geometry,DISPLAYROU,the_geom,DIST,LANE_TYPE,CRASH_DATE,is_severe,index_right,CArea
1941,30,STOP SIGN/FLASHER,FUNCTIONING PROPERLY,CLEAR,"DARKNESS, LIGHTED ROAD",PEDALCYCLIST,DIVIDED - W/MEDIAN (NOT RAISED),STRAIGHT AND LEVEL,DRY,NO DEFECTS,Y,FAILING TO YIELD RIGHT-OF-WAY,NOT APPLICABLE,N,"REPORTED, NOT EVIDENT",17,1,41.8980299196,-87.6579592915,2019,30,POINT (-87.6579592915 41.8980299196),,,,,2019-01-10,False,7,Near North Side
1942,35,TRAFFIC SIGNAL,FUNCTIONING PROPERLY,CLEAR,"DARKNESS, LIGHTED ROAD",PEDALCYCLIST,NOT DIVIDED,STRAIGHT AND LEVEL,DRY,UNKNOWN,Y,UNABLE TO DETERMINE,NOT APPLICABLE,,NO INDICATION OF INJURY,17,1,41.9397063593,-87.6712429794,2019,35,POINT (-87.6712429794 41.9397063593),,,,,2019-01-11,False,5,Lake View
1943,30,NO CONTROLS,NO CONTROLS,CLEAR,"DARKNESS, LIGHTED ROAD",PEDALCYCLIST,NOT DIVIDED,STRAIGHT AND LEVEL,DRY,NO DEFECTS,,FAILING TO YIELD RIGHT-OF-WAY,UNABLE TO DETERMINE,Y,NONINCAPACITATING INJURY,18,1,41.954068242,-87.678604449,2019,30,POINT (-87.678604449 41.954068242),,,,,2019-01-11,False,4,North Center
1944,30,STOP SIGN/FLASHER,FUNCTIONING PROPERLY,CLEAR,DARKNESS,PEDALCYCLIST,ONE-WAY,STRAIGHT AND LEVEL,DRY,NO DEFECTS,,UNABLE TO DETERMINE,UNABLE TO DETERMINE,,"REPORTED, NOT EVIDENT",1,1,41.8778787648,-87.7376835711,2019,30,POINT (-87.7376835711 41.8778787648),,,,,2019-01-12,False,25,Garfield Park
1945,30,TRAFFIC SIGNAL,FUNCTIONING PROPERLY,CLEAR,DAYLIGHT,PEDALCYCLIST,CENTER TURN LANE,STRAIGHT AND LEVEL,DRY,UNKNOWN,Y,NOT APPLICABLE,IMPROPER LANE USAGE,,NONINCAPACITATING INJURY,8,1,41.7217992199,-87.614287076,2019,30,POINT (-87.614287076 41.7217992199),,,,,2019-01-15,False,48,Roseland
1946,30,NO CONTROLS,NO CONTROLS,CLOUDY/OVERCAST,DAYLIGHT,PEDALCYCLIST,DIVIDED - W/MEDIAN (NOT RAISED),STRAIGHT AND LEVEL,WET,NO DEFECTS,,FAILING TO YIELD RIGHT-OF-WAY,DISTRACTION - FROM OUTSIDE VEHICLE,Y,NONINCAPACITATING INJURY,11,1,41.883557098,-87.6484323961,2019,30,POINT (-87.6484323961 41.883557098),,,,,2019-01-15,False,27,Near West Side
1947,30,NO CONTROLS,NO CONTROLS,CLEAR,"DARKNESS, LIGHTED ROAD",PEDALCYCLIST,NOT DIVIDED,STRAIGHT AND LEVEL,DRY,NO DEFECTS,,UNABLE TO DETERMINE,NOT APPLICABLE,Y,NO INDICATION OF INJURY,17,1,41.9121566,-87.6971909597,2019,30,POINT (-87.6971909597 41.9121566),,,,,2019-01-15,False,22,Humboldt Park
1948,30,NO CONTROLS,NO CONTROLS,CLEAR,DAYLIGHT,PEDALCYCLIST,ONE-WAY,STRAIGHT AND LEVEL,WET,NO DEFECTS,,UNABLE TO DETERMINE,NOT APPLICABLE,Y,"REPORTED, NOT EVIDENT",14,1,41.9675553871,-87.7034066865,2019,30,POINT (-87.7034066865 41.9675553871),,,,,2019-01-16,False,3,Lincoln Square
1949,30,NO CONTROLS,NO CONTROLS,CLEAR,"DARKNESS, LIGHTED ROAD",PEDALCYCLIST,DIVIDED - W/MEDIAN BARRIER,STRAIGHT AND LEVEL,DRY,NO DEFECTS,,UNABLE TO DETERMINE,UNABLE TO DETERMINE,,NONINCAPACITATING INJURY,17,1,41.8318671194,-87.6168305273,2019,30,POINT (-87.6168305273 41.8318671194),,,,,2019-01-17,False,34,Douglas
1950,30,NO CONTROLS,NO CONTROLS,SNOW,DAYLIGHT,PEDALCYCLIST,NOT DIVIDED,STRAIGHT AND LEVEL,WET,UNKNOWN,,FAILING TO YIELD RIGHT-OF-WAY,NOT APPLICABLE,Y,NONINCAPACITATING INJURY,8,1,41.8889586044,-87.6312005359,2019,30,POINT (-87.6312005359 41.8889586044),,,,,2019-01-18,False,7,Near North Side
1951,30,NO CONTROLS,NO CONTROLS,SNOW,"DARKNESS, LIGHTED ROAD",PEDALCYCLIST,NOT DIVIDED,STRAIGHT AND LEVEL,SNOW OR SLUSH,NO DEFECTS,,UNABLE TO DETERMINE,NOT APPLICABLE,,"REPORTED, NOT EVIDENT",23,1,41.9283350363,-87.6999151818,2019,30,POINT (-87.6999151818 41.9283350363),,,,,2019-01-19,False,21,Logan Square
1952,30,STOP SIGN/FLASHER,FUNCTIONING PROPERLY,CLEAR,DAYLIGHT,PEDALCYCLIST,NOT DIVIDED,STRAIGHT AND LEVEL,WET,NO DEFECTS,Y,FAILING TO YIELD RIGHT-OF-WAY,DISTRACTION - FROM INSIDE VEHICLE,,NONINCAPACITATING INJURY,16,1,41.8806395594,-87.7425151754,2019,30,POINT (-87.7425151754 41.8806395594),,,,,2019-01-20,False,24,Austin
1953,25,NO CONTROLS,NO CONTROLS,SNOW,DAYLIGHT,PEDALCYCLIST,DIVIDED - W/MEDIAN BARRIER,STRAIGHT AND LEVEL,SNOW OR SLUSH,NO DEFECTS,,FAILING TO REDUCE SPEED TO AVOID CRASH,IMPROPER LANE USAGE,,NONINCAPACITATING INJURY,7,1,41.9784581563,-87.6649575837,2019,25,POINT (-87.6649575837 41.9784581563),,,,,2019-01-23,False,76,Edgewater
1954,30,NO CONTROLS,NO CONTROLS,SNOW,"DARKNESS, LIGHTED ROAD",PEDALCYCLIST,ONE-WAY,STRAIGHT AND LEVEL,SNOW OR SLUSH,NO DEFECTS,,FAILING TO YIELD RIGHT-OF-WAY,UNABLE TO DETERMINE,,NO INDICATION OF INJURY,18,1,41.8806751623,-87.6351354154,2019,30,POINT (-87.6351354154 41.8806751623),,,,,2019-01-25,False,27,Near West Side
1955,30,STOP SIGN/FLASHER,NO CONTROLS,SNOW,DAYLIGHT,PEDALCYCLIST,DIVIDED - W/MEDIAN (NOT RAISED),STRAIGHT AND LEVEL,SNOW OR SLUSH,NO DEFECTS,Y,FAILING TO REDUCE SPEED TO AVOID CRASH,WEATHER,,NO INDICATION OF INJURY,8,1,41.8307015974,-87.6532462617,2019,30,POINT (-87.6532462617 41.8307015974),,,,,2019-01-28,False,59,Bridgeport
1956,30,TRAFFIC SIGNAL,FUNCTIONING PROPERLY,SNOW,"DARKNESS, LIGHTED ROAD",PEDALCYCLIST,NOT DIVIDED,STRAIGHT AND LEVEL,WET,NO DEFECTS,,DISREGARDING TRAFFIC SIGNALS,NOT APPLICABLE,,"REPORTED, NOT EVIDENT",22,1,41.9654796061,-87.6546415123,2019,30,POINT (-87.6546415123 41.9654796061),,,,,2019-01-29,False,2,Uptown
1957,30,NO CONTROLS,NO CONTROLS,CLEAR,DAYLIGHT,PEDALCYCLIST,NOT DIVIDED,STRAIGHT AND LEVEL,UNKNOWN,UNKNOWN,,IMPROPER OVERTAKING/PASSING,UNABLE TO DETERMINE,,NO INDICATION OF INJURY,14,2,41.8695264684,-87.656683202,2019,30,POINT (-87.656683202 41.8695264684),,,,,2019-02-02,False,27,Near West Side
1958,30,STOP SIGN/FLASHER,FUNCTIONING PROPERLY,CLEAR,DARKNESS,PEDALCYCLIST,NOT DIVIDED,STRAIGHT AND LEVEL,SNOW OR SLUSH,NO DEFECTS,,UNABLE TO DETERMINE,NOT APPLICABLE,,NONINCAPACITATING INJURY,19,2,41.9233668496,-87.7026682029,2019,30,POINT (-87.7026682029 41.9233668496),,,,,2019-02-02,False,21,Logan Square
1959,35,UNKNOWN,UNKNOWN,UNKNOWN,"DARKNESS, LIGHTED ROAD",PEDALCYCLIST,UNKNOWN,STRAIGHT AND LEVEL,UNKNOWN,UNKNOWN,,NOT APPLICABLE,NOT APPLICABLE,,NONINCAPACITATING INJURY,21,2,41.8957233521,-87.6323497104,2019,35,POINT (-87.6323497104 41.8957233521),,,,,2019-02-02,False,7,Near North Side
1960,30,TRAFFIC SIGNAL,FUNCTIONING PROPERLY,CLEAR,DAYLIGHT,PEDALCYCLIST,NOT DIVIDED,STRAIGHT AND LEVEL,WET,NO DEFECTS,Y,FAILING TO YIELD RIGHT-OF-WAY,UNABLE TO DETERMINE,,NONINCAPACITATING INJURY,14,2,41.9399945565,-87.6508855147,2019,30,POINT (-87.6508855147 41.9399945565),,,,,2019-02-03,False,5,Lake View
1961,30,NO CONTROLS,NO CONTROLS,RAIN,"DARKNESS, LIGHTED ROAD",PEDALCYCLIST,NOT DIVIDED,STRAIGHT AND LEVEL,WET,NO DEFECTS,,FAILING TO YIELD RIGHT-OF-WAY,FAILING TO YIELD RIGHT-OF-WAY,,NONINCAPACITATING INJURY,1,2,41.9724376073,-87.6678310877,2019,30,POINT (-87.6678310877 41.9724376073),,,,,2019-02-04,False,2,Uptown
1962,30,NO CONTROLS,NO CONTROLS,CLEAR,DAWN,PEDALCYCLIST,NOT DIVIDED,STRAIGHT AND LEVEL,DRY,NO DEFECTS,,UNABLE TO DETERMINE,UNABLE TO DETERMINE,,NONINCAPACITATING INJURY,6,2,41.9580801891,-87.6677198924,2019,30,POINT (-87.6677198924 41.9580801891),,,,,2019-02-04,False,2,Uptown
1963,30,TRAFFIC SIGNAL,FUNCTIONING PROPERLY,CLEAR,"DARKNESS, LIGHTED ROAD",PEDALCYCLIST,NOT DIVIDED,STRAIGHT AND LEVEL,DRY,NO DEFECTS,Y,FAILING TO YIELD RIGHT-OF-WAY,NOT APPLICABLE,,NO INDICATION OF INJURY,18,2,41.8858094443,-87.6413854524,2019,30,POINT (-87.6413854524 41.8858094443),,,,,2019-02-04,False,27,Near West Side
1964,25,NO CONTROLS,NO CONTROLS,CLEAR,DARKNESS,PEDALCYCLIST,NOT DIVIDED,STRAIGHT AND LEVEL,DRY,NO DEFECTS,,UNABLE TO DETERMINE,NOT APPLICABLE,,NONINCAPACITATING INJURY,18,2,41.9050507177,-87.6774579966,2019,25,POINT (-87.6774579966 41.9050507177),,,,,2019-02-04,False,23,West Town
1965,30,NO CONTROLS,NO CONTROLS,UNKNOWN,DAYLIGHT,PEDALCYCLIST,NOT DIVIDED,STRAIGHT AND LEVEL,UNKNOWN,UNKNOWN,,UNABLE TO DETERMINE,NOT APPLICABLE,,NO INDICATION OF INJURY,14,2,41.9305534466,-87.6436487851,2019,30,POINT (-87.6436487851 41.9305534466),,,,,2019-02-05,False,6,Lincoln Park
1966,30,NO CONTROLS,NO CONTROLS,CLEAR,DAYLIGHT,PEDALCYCLIST,PARKING LOT,STRAIGHT AND LEVEL,WET,NO DEFECTS,,FOLLOWING TOO CLOSELY,UNABLE TO DETERMINE,,NO INDICATION OF INJURY,15,2,41.7564308908,-87.6637345344,2019,30,POINT (-87.6637345344 41.7564308908),,,,,2019-02-05,False,70,Auburn Gresham
1967,35,TRAFFIC SIGNAL,FUNCTIONING PROPERLY,CLOUDY/OVERCAST,"DARKNESS, LIGHTED ROAD",PEDALCYCLIST,NOT DIVIDED,STRAIGHT AND LEVEL,WET,NO DEFECTS,Y,FAILING TO YIELD RIGHT-OF-WAY,UNABLE TO DETERMINE,,NO INDICATION OF INJURY,19,2,41.8475964376,-87.6454174537,2019,35,POINT (-87.6454174537 41.8475964376),,,,,2019-02-05,False,30,Lower West Side
1968,30,TRAFFIC SIGNAL,FUNCTIONING PROPERLY,RAIN,"DARKNESS, LIGHTED ROAD",PEDALCYCLIST,NOT DIVIDED,STRAIGHT AND LEVEL,WET,NO DEFECTS,,UNABLE TO DETERMINE,UNABLE TO DETERMINE,,NO INDICATION OF INJURY,21,2,41.977469078,-87.6893593472,2019,30,POINT (-87.6893593472 41.977469078),,,,,2019-02-05,False,3,Lincoln Square
1969,30,NO CONTROLS,NO CONTROLS,CLEAR,DUSK,PEDALCYCLIST,DIVIDED - W/MEDIAN (NOT RAISED),STRAIGHT AND LEVEL,WET,NO DEFECTS,,UNABLE TO DETERMINE,NOT APPLICABLE,,NONINCAPACITATING INJURY,14,2,41.8579771301,-87.6618284902,2019,30,POINT (-87.6618284902 41.8579771301),,,,,2019-02-06,False,27,Near West Side
1970,30,STOP SIGN/FLASHER,FUNCTIONING PROPERLY,RAIN,"DARKNESS, LIGHTED ROAD",PEDALCYCLIST,NOT DIVIDED,STRAIGHT AND LEVEL,WET,NO DEFECTS,,UNABLE TO DETERMINE,NOT APPLICABLE,,NONINCAPACITATING INJURY,19,2,41.7424666819,-87.6973649691,2019,30,POINT (-87.6973649691 41.7424666819),,,,,2019-02-06,False,69,Ashburn
1971,20,NO CONTROLS,NO CONTROLS,CLOUDY/OVERCAST,DAYLIGHT,PEDALCYCLIST,DIVIDED - W/MEDIAN (NOT RAISED),STRAIGHT AND LEVEL,WET,NO DEFECTS,,UNABLE TO DETERMINE,NOT APPLICABLE,,NONINCAPACITATING INJURY,7,2,41.9374755195,-87.72699202,2019,20,POINT (-87.72699202 41.9374755195),,,,,2019-02-07,False,19,Hermosa
1972,30,STOP SIGN/FLASHER,FUNCTIONING PROPERLY,RAIN,DAYLIGHT,PEDALCYCLIST,NOT DIVIDED,STRAIGHT AND LEVEL,WET,NO DEFECTS,Y,UNABLE TO DETERMINE,UNABLE TO DETERMINE,,NONINCAPACITATING INJURY,12,2,41.8349759175,-87.7241612528,2019,30,POINT (-87.7241612528 41.8349759175),,,,,2019-02-07,False,29,South Lawndale
1973,30,TRAFFIC SIGNAL,FUNCTIONING PROPERLY,CLOUDY/OVERCAST,DAYLIGHT,PEDALCYCLIST,NOT DIVIDED,STRAIGHT AND LEVEL,WET,NO DEFECTS,,FAILING TO YIELD RIGHT-OF-WAY,FAILING TO YIELD RIGHT-OF-WAY,,"REPORTED, NOT EVIDENT",12,2,41.8372770504,-87.6951722465,2019,30,POINT (-87.6951722465 41.8372770504),,,,,2019-02-07,False,29,South Lawndale
1974,30,NO CONTROLS,NO CONTROLS,RAIN,DAYLIGHT,PEDALCYCLIST,NOT DIVIDED,STRAIGHT AND LEVEL,WET,NO DEFECTS,,NOT APPLICABLE,NOT APPLICABLE,,NO INDICATION OF INJURY,15,2,41.8670011433,-87.6511897831,2019,30,POINT (-87.6511897831 41.8670011433),,,,,2019-02-07,False,27,Near West Side
1975,30,TRAFFIC SIGNAL,FUNCTIONING PROPERLY,CLEAR,"DARKNESS, LIGHTED ROAD",PEDALCYCLIST,DIVIDED - W/MEDIAN (NOT RAISED),STRAIGHT AND LEVEL,SNOW OR SLUSH,NO DEFECTS,,UNABLE TO DETERMINE,NOT APPLICABLE,,NONINCAPACITATING INJURY,5,2,41.8801968597,-87.7647163899,2019,30,POINT (-87.7647163899 41.8801968597),,,,,2019-02-11,False,24,Austin
1976,30,NO CONTROLS,NO CONTROLS,SNOW,"DARKNESS, LIGHTED ROAD",PEDALCYCLIST,NOT DIVIDED,STRAIGHT AND LEVEL,WET,NO DEFECTS,,FAILING TO YIELD RIGHT-OF-WAY,NOT APPLICABLE,Y,NO INDICATION OF INJURY,18,2,41.9181108188,-87.6774866973,2019,30,POINT (-87.6774866973 41.9181108188),,,,,2019-02-12,False,6,Lincoln Park
1977,30,TRAFFIC SIGNAL,FUNCTIONING PROPERLY,RAIN,"DARKNESS, LIGHTED ROAD",PEDALCYCLIST,DIVIDED - W/MEDIAN BARRIER,STRAIGHT AND LEVEL,ICE,NO DEFECTS,,UNABLE TO DETERMINE,NOT APPLICABLE,,NONINCAPACITATING INJURY,18,2,41.8805570251,-87.6371317761,2019,30,POINT (-87.6371317761 41.8805570251),,,,,2019-02-12,False,27,Near West Side
1978,35,STOP SIGN/FLASHER,FUNCTIONING PROPERLY,SNOW,DAYLIGHT,PEDALCYCLIST,NOT DIVIDED,STRAIGHT ON GRADE,SNOW OR SLUSH,NO DEFECTS,Y,UNABLE TO DETERMINE,UNABLE TO DETERMINE,,"REPORTED, NOT EVIDENT",9,2,41.8385324659,-87.7342677722,2019,35,POINT (-87.7342677722 41.8385324659),,,,,2019-02-13,False,29,South Lawndale
1979,30,NO CONTROLS,NO CONTROLS,CLEAR,DAYLIGHT,PEDALCYCLIST,NOT DIVIDED,STRAIGHT AND LEVEL,DRY,NO DEFECTS,,FAILING TO YIELD RIGHT-OF-WAY,NOT APPLICABLE,,NONINCAPACITATING INJURY,16,2,41.9278853733,-87.6519609091,2019,30,POINT (-87.6519609091 41.9278853733),,,,,2019-02-13,False,6,Lincoln Park
1980,30,TRAFFIC SIGNAL,FUNCTIONING PROPERLY,CLEAR,DAYLIGHT,PEDALCYCLIST,NOT DIVIDED,STRAIGHT AND LEVEL,DRY,NO DEFECTS,Y,IMPROPER TURNING/NO SIGNAL,NOT APPLICABLE,,NONINCAPACITATING INJURY,16,2,41.9325878622,-87.6450184905,2019,30,POINT (-87.6450184905 41.9325878622),,,,,2019-02-13,False,5,Lake View
1981,30,NO CONTROLS,NO CONTROLS,CLEAR,DAYLIGHT,PEDALCYCLIST,ONE-WAY,STRAIGHT AND LEVEL,WET,NO DEFECTS,,UNABLE TO DETERMINE,NOT APPLICABLE,,NONINCAPACITATING INJURY,8,2,41.8806764652,-87.6412295826,2019,30,POINT (-87.6412295826 41.8806764652),,,,,2019-02-14,False,27,Near West Side
1982,30,NO CONTROLS,NO CONTROLS,CLEAR,DAYLIGHT,PEDALCYCLIST,ALLEY,STRAIGHT AND LEVEL,DRY,NO DEFECTS,,UNABLE TO DETERMINE,UNABLE TO DETERMINE,,NO INDICATION OF INJURY,13,2,41.8800235216,-87.6409885748,2019,30,POINT (-87.6409885748 41.8800235216),,,,,2019-02-15,False,27,Near West Side
1983,30,TRAFFIC SIGNAL,FUNCTIONING PROPERLY,CLEAR,"DARKNESS, LIGHTED ROAD",PEDALCYCLIST,NOT DIVIDED,STRAIGHT AND LEVEL,DRY,NO DEFECTS,Y,DISREGARDING TRAFFIC SIGNALS,FAILING TO YIELD RIGHT-OF-WAY,,NO INDICATION OF INJURY,18,2,41.9039624962,-87.6345551206,2019,30,POINT (-87.6345551206 41.9039624962),,,,,2019-02-15,False,7,Near North Side
1984,35,NO CONTROLS,NO CONTROLS,CLEAR,DARKNESS,PEDALCYCLIST,DIVIDED - W/MEDIAN (NOT RAISED),STRAIGHT AND LEVEL,DRY,NO DEFECTS,,UNABLE TO DETERMINE,UNABLE TO DETERMINE,,NONINCAPACITATING INJURY,18,2,41.9237424837,-87.648482196,2019,35,POINT (-87.648482196 41.9237424837),,,,,2019-02-15,False,6,Lincoln Park
1985,30,TRAFFIC SIGNAL,FUNCTIONING PROPERLY,CLEAR,DAYLIGHT,PEDALCYCLIST,NOT DIVIDED,STRAIGHT AND LEVEL,DRY,NO DEFECTS,,DISREGARDING TRAFFIC SIGNALS,NOT APPLICABLE,,NONINCAPACITATING INJURY,14,2,41.9214221431,-87.6779001087,2019,30,POINT (-87.6779001087 41.9214221431),,,,,2019-02-16,False,6,Lincoln Park
1986,30,UNKNOWN,UNKNOWN,CLEAR,DARKNESS,PEDALCYCLIST,UNKNOWN,STRAIGHT AND LEVEL,DRY,UNKNOWN,,FAILING TO YIELD RIGHT-OF-WAY,BICYCLE ADVANCING LEGALLY ON RED LIGHT,,NONINCAPACITATING INJURY,20,2,41.8755399784,-87.6318731493,2019,30,POINT (-87.6318731493 41.8755399784),,,,,2019-02-16,False,31,Loop
1987,30,NO CONTROLS,NO CONTROLS,CLEAR,DAYLIGHT,PEDALCYCLIST,NOT DIVIDED,STRAIGHT AND LEVEL,DRY,NO DEFECTS,,NOT APPLICABLE,NOT APPLICABLE,,NONINCAPACITATING INJURY,8,2,41.778077299,-87.7557910093,2019,30,POINT (-87.7557910093 41.778077299),,,,,2019-02-20,False,63,Clearing
1988,30,STOP SIGN/FLASHER,FUNCTIONING PROPERLY,CLEAR,DAYLIGHT,PEDALCYCLIST,CENTER TURN LANE,STRAIGHT AND LEVEL,DRY,NO DEFECTS,Y,FAILING TO YIELD RIGHT-OF-WAY,NOT APPLICABLE,,NO INDICATION OF INJURY,16,2,41.8493215701,-87.6466210429,2019,30,POINT (-87.6466210429 41.8493215701),,,,,2019-02-22,False,30,Lower West Side
1989,30,NO CONTROLS,NO CONTROLS,CLEAR,DAYLIGHT,PEDALCYCLIST,NOT DIVIDED,STRAIGHT AND LEVEL,DRY,NO DEFECTS,,DRIVING SKILLS/KNOWLEDGE/EXPERIENCE,NOT APPLICABLE,,"REPORTED, NOT EVIDENT",16,2,41.9027194652,-87.7070613096,2019,30,POINT (-87.7070613096 41.9027194652),,,,,2019-02-22,False,22,Humboldt Park
1990,30,TRAFFIC SIGNAL,FUNCTIONING PROPERLY,CLEAR,"DARKNESS, LIGHTED ROAD",PEDALCYCLIST,DIVIDED - W/MEDIAN (NOT RAISED),STRAIGHT AND LEVEL,DRY,NO DEFECTS,Y,DISREGARDING OTHER TRAFFIC SIGNS,UNABLE TO DETERMINE,,INCAPACITATING INJURY,22,2,41.9817047624,-87.6601636402,2019,30,POINT (-87.6601636402 41.9817047624),,,,,2019-02-22,True,76,Edgewater
1991,35,NO CONTROLS,NO CONTROLS,CLEAR,"DARKNESS, LIGHTED ROAD",PEDALCYCLIST,DIVIDED - W/MEDIAN (NOT RAISED),STRAIGHT AND LEVEL,DRY,NO DEFECTS,,UNABLE TO DETERMINE,UNABLE TO DETERMINE,,NONINCAPACITATING INJURY,3,2,41.8816780304,-87.646721187,2019,35,POINT (-87.646721187 41.8816780304),,,,,2019-02-23,False,27,Near West Side
1992,30,NO CONTROLS,NO CONTROLS,CLEAR,"DARKNESS, LIGHTED ROAD",PEDALCYCLIST,DIVIDED - W/MEDIAN (NOT RAISED),STRAIGHT AND LEVEL,WET,NO DEFECTS,,UNABLE TO DETERMINE,UNABLE TO DETERMINE,N,NONINCAPACITATING INJURY,18,2,41.8669511919,-87.652766074,2019,30,POINT (-87.652766074 41.8669511919),,,,,2019-02-23,False,27,Near West Side
1993,15,NO CONTROLS,NO CONTROLS,CLEAR,DAYLIGHT,PEDALCYCLIST,NOT DIVIDED,STRAIGHT AND LEVEL,DRY,NO DEFECTS,,IMPROPER OVERTAKING/PASSING,UNABLE TO DETERMINE,Y,NONINCAPACITATING INJURY,11,2,41.9161231355,-87.6735375413,2019,15,POINT (-87.6735375413 41.9161231355),,,,,2019-02-25,False,6,Lincoln Park
1994,30,NO CONTROLS,FUNCTIONING PROPERLY,CLEAR,DAYLIGHT,PEDALCYCLIST,NOT DIVIDED,STRAIGHT AND LEVEL,DRY,NO DEFECTS,Y,FAILING TO YIELD RIGHT-OF-WAY,FAILING TO REDUCE SPEED TO AVOID CRASH,,NONINCAPACITATING INJURY,12,2,41.9390939378,-87.7354250371,2019,30,POINT (-87.7354250371 41.9390939378),,,,,2019-02-25,False,15,Irving Park
1995,30,NO CONTROLS,NO CONTROLS,CLEAR,DAYLIGHT,PEDALCYCLIST,NOT DIVIDED,STRAIGHT AND LEVEL,DRY,NO DEFECTS,,IMPROPER TURNING/NO SIGNAL,FAILING TO YIELD RIGHT-OF-WAY,,"REPORTED, NOT EVIDENT",16,2,41.7387679252,-87.5516023838,2019,30,POINT (-87.5516023838 41.7387679252),,,,,2019-02-25,False,45,South Chicago
1996,30,STOP SIGN/FLASHER,FUNCTIONING PROPERLY,CLOUDY/OVERCAST,DAYLIGHT,PEDALCYCLIST,NOT DIVIDED,STRAIGHT AND LEVEL,DRY,NO DEFECTS,,UNABLE TO DETERMINE,FAILING TO REDUCE SPEED TO AVOID CRASH,,NONINCAPACITATING INJURY,7,2,41.8191330555,-87.650831766,2019,30,POINT (-87.650831766 41.8191330555),,,,,2019-02-26,False,60,New City
1997,30,NO CONTROLS,NO CONTROLS,SNOW,DAYLIGHT,PEDALCYCLIST,NOT DIVIDED,STRAIGHT AND LEVEL,WET,NO DEFECTS,,DRIVING SKILLS/KNOWLEDGE/EXPERIENCE,UNABLE TO DETERMINE,,NO INDICATION OF INJURY,9,2,41.9336500366,-87.6783118177,2019,30,POINT (-87.6783118177 41.9336500366),,,,,2019-02-26,False,4,North Center
1998,30,NO CONTROLS,NO CONTROLS,CLEAR,"DARKNESS, LIGHTED ROAD",PEDALCYCLIST,DIVIDED - W/MEDIAN BARRIER,STRAIGHT AND LEVEL,DRY,NO DEFECTS,,IMPROPER OVERTAKING/PASSING,NOT APPLICABLE,,NO INDICATION OF INJURY,19,2,41.8818391697,-87.6501110512,2019,30,POINT (-87.6501110512 41.8818391697),,,,,2019-02-26,False,27,Near West Side
1999,20,STOP SIGN/FLASHER,FUNCTIONING PROPERLY,CLEAR,DAYLIGHT,PEDALCYCLIST,ONE-WAY,STRAIGHT AND LEVEL,DRY,UNKNOWN,,UNABLE TO DETERMINE,UNABLE TO DETERMINE,,NO INDICATION OF INJURY,14,2,41.9112037751,-87.7741737266,2019,20,POINT (-87.7741737266 41.9112037751),,,,,2019-02-27,False,24,Austin
2000,0,STOP SIGN/FLASHER,OTHER,CLEAR,"DARKNESS, LIGHTED ROAD",PEDALCYCLIST,ONE-WAY,STRAIGHT AND LEVEL,DRY,NO DEFECTS,Y,DISREGARDING STOP SIGN,FAILING TO YIELD RIGHT-OF-WAY,,NONINCAPACITATING INJURY,18,2,41.9747895517,-87.6779981531,2019,0,POINT (-87.6779981531 41.9747895517),,,,,2019-02-27,False,3,Lincoln Square
2001,30,STOP SIGN/FLASHER,FUNCTIONING PROPERLY,CLEAR,DARKNESS,PEDALCYCLIST,NOT DIVIDED,STRAIGHT AND LEVEL,DRY,NO DEFECTS,Y,UNABLE TO DETERMINE,UNABLE TO DETERMINE,,NO INDICATION OF INJURY,17,2,41.8923301615,-87.6354480705,2019,30,POINT (-87.6354480705 41.8923301615),,,,,2019-02-28,False,7,Near North Side
2002,30,TRAFFIC SIGNAL,FUNCTIONING PROPERLY,CLEAR,DAYLIGHT,PEDALCYCLIST,DIVIDED - W/MEDIAN BARRIER,STRAIGHT AND LEVEL,DRY,NO DEFECTS,,UNDER THE INFLUENCE OF ALCOHOL/DRUGS (USE WHEN ARREST IS EFFECTED),FAILING TO YIELD RIGHT-OF-WAY,,NO INDICATION OF INJURY,7,3,41.8873286797,-87.7651918974,2019,30,POINT (-87.7651918974 41.8873286797),,,,,2019-03-01,False,24,Austin
2003,30,TRAFFIC SIGNAL,FUNCTIONING PROPERLY,CLEAR,DARKNESS,PEDALCYCLIST,NOT DIVIDED,STRAIGHT AND LEVEL,DRY,NO DEFECTS,Y,UNABLE TO DETERMINE,UNABLE TO DETERMINE,,NONINCAPACITATING INJURY,19,3,41.8707315317,-87.7154343419,2019,30,POINT (-87.7154343419 41.8707315317),,,,,2019-03-01,False,26,Garfield Park
2004,30,NO CONTROLS,NO CONTROLS,CLEAR,DUSK,PEDALCYCLIST,NOT DIVIDED,STRAIGHT AND LEVEL,DRY,NO DEFECTS,,DISTRACTION - FROM INSIDE VEHICLE,DISTRACTION - FROM INSIDE VEHICLE,Y,INCAPACITATING INJURY,20,3,41.8576621775,-87.6675228711,2019,30,POINT (-87.6675228711 41.8576621775),,,,,2019-03-01,True,30,Lower West Side