Unnamed: 0,POSTED_SPEED_LIMIT,TRAFFIC_CONTROL_DEVICE,DEVICE_CONDITION,WEATHER_CONDITION,LIGHTING_CONDITION,FIRST_CRASH_TYPE,TRAFFICWAY_TYPE,ALIGNMENT,ROADWAY_SURFACE_COND,ROAD_DEFECT,INTERSECTION_RELATED_I,PRIM_CONTRIBUTORY_CAUSE,SEC_CONTRIBUTORY_CAUSE,DOORING_I,MOST_SEVERE_INJURY,CRASH_HOUR,CRASH_MONTH,LATITUDE,LONGITUDE,CRASH_YEAR,SPEED_LIMIT,geometry,DISPLAYROU,the_geom,DIST,LANE_TYPE,CRASH_DATE,is_severe,index_right,CArea
2005,30,NO CONTROLS,NO CONTROLS,CLEAR,"DARKNESS, LIGHTED ROAD",PEDALCYCLIST,DIVIDED - W/MEDIAN (NOT RAISED),STRAIGHT AND LEVEL,DRY,NO DEFECTS,,FAILING TO YIELD RIGHT-OF-WAY,IMPROPER TURNING/NO SIGNAL,,NONINCAPACITATING INJURY,23,3,41.9033111306,-87.6346058023,2019,30,POINT (-87.6346058023 41.9033111306),,,,,2019-03-01,False,7,Near North Side
2006,30,NO CONTROLS,NO CONTROLS,CLEAR,"DARKNESS, LIGHTED ROAD",PEDALCYCLIST,DIVIDED - W/MEDIAN (NOT RAISED),STRAIGHT AND LEVEL,DRY,NO DEFECTS,,UNABLE TO DETERMINE,UNABLE TO DETERMINE,,NO INDICATION OF INJURY,19,3,41.9119545898,-87.6724643357,2019,30,POINT (-87.6724643357 41.9119545898),,,,,2019-03-02,False,6,Lincoln Park
2007,30,TRAFFIC SIGNAL,FUNCTIONING PROPERLY,CLEAR,DAYLIGHT,PEDALCYCLIST,OTHER,STRAIGHT AND LEVEL,DRY,NO DEFECTS,Y,DISREGARDING TRAFFIC SIGNALS,FAILING TO YIELD RIGHT-OF-WAY,,NONINCAPACITATING INJURY,16,3,41.8941092963,-87.6282831607,2019,30,POINT (-87.6282831607 41.8941092963),,,,,2019-03-03,False,7,Near North Side
2008,0,NO CONTROLS,NO CONTROLS,CLEAR,DAYLIGHT,PEDALCYCLIST,OTHER,STRAIGHT AND LEVEL,DRY,NO DEFECTS,,WEATHER,"VISION OBSCURED (SIGNS, TREE LIMBS, BUILDINGS, ETC.)",,NONINCAPACITATING INJURY,7,3,41.9585822146,-87.6456926227,2019,0,POINT (-87.6456926227 41.9585822146),,,,,2019-03-06,False,2,Uptown
2009,30,STOP SIGN/FLASHER,FUNCTIONING PROPERLY,CLEAR,DAYLIGHT,PEDALCYCLIST,DIVIDED - W/MEDIAN (NOT RAISED),STRAIGHT AND LEVEL,DRY,NO DEFECTS,Y,UNABLE TO DETERMINE,NOT APPLICABLE,Y,NONINCAPACITATING INJURY,7,3,41.8663146885,-87.7227985037,2019,30,POINT (-87.7227985037 41.8663146885),,,,,2019-03-06,False,28,North Lawndale
2010,30,TRAFFIC SIGNAL,FUNCTIONING PROPERLY,CLEAR,DAYLIGHT,PEDALCYCLIST,NOT DIVIDED,STRAIGHT AND LEVEL,DRY,UNKNOWN,Y,FAILING TO YIELD RIGHT-OF-WAY,UNABLE TO DETERMINE,,NONINCAPACITATING INJURY,16,3,41.8453884528,-87.6384815129,2019,30,POINT (-87.6384815129 41.8453884528),,,,,2019-03-06,False,30,Lower West Side
2011,15,NO CONTROLS,NO CONTROLS,CLEAR,DAYLIGHT,PEDALCYCLIST,DRIVEWAY,STRAIGHT AND LEVEL,DRY,NO DEFECTS,,"VISION OBSCURED (SIGNS, TREE LIMBS, BUILDINGS, ETC.)",NOT APPLICABLE,,NO INDICATION OF INJURY,6,3,41.9257103143,-87.7269536799,2019,15,POINT (-87.7269536799 41.9257103143),,,,,2019-03-07,False,19,Hermosa
2012,30,TRAFFIC SIGNAL,FUNCTIONING PROPERLY,CLEAR,DAYLIGHT,PEDALCYCLIST,NOT DIVIDED,STRAIGHT AND LEVEL,DRY,NO DEFECTS,Y,"VISION OBSCURED (SIGNS, TREE LIMBS, BUILDINGS, ETC.)",NOT APPLICABLE,N,"REPORTED, NOT EVIDENT",15,3,41.867105475,-87.6567450119,2019,30,POINT (-87.6567450119 41.867105475),,,,,2019-03-08,False,27,Near West Side
2013,30,NO CONTROLS,NO CONTROLS,CLEAR,DAYLIGHT,PEDALCYCLIST,DIVIDED - W/MEDIAN (NOT RAISED),STRAIGHT AND LEVEL,DRY,NO DEFECTS,,IMPROPER OVERTAKING/PASSING,IMPROPER OVERTAKING/PASSING,,NO INDICATION OF INJURY,8,3,41.9249757738,-87.6912470243,2019,30,POINT (-87.6912470243 41.9249757738),,,,,2019-03-09,False,21,Logan Square
2014,30,STOP SIGN/FLASHER,FUNCTIONING PROPERLY,RAIN,DAYLIGHT,PEDALCYCLIST,ONE-WAY,STRAIGHT AND LEVEL,WET,NO DEFECTS,Y,EXCEEDING SAFE SPEED FOR CONDITIONS,UNABLE TO DETERMINE,,"REPORTED, NOT EVIDENT",14,3,41.8551292663,-87.722411159,2019,30,POINT (-87.722411159 41.8551292663),,,,,2019-03-09,False,28,North Lawndale
2015,30,TRAFFIC SIGNAL,FUNCTIONING PROPERLY,CLEAR,DAYLIGHT,PEDALCYCLIST,DIVIDED - W/MEDIAN (NOT RAISED),STRAIGHT AND LEVEL,DRY,NO DEFECTS,Y,DISREGARDING OTHER TRAFFIC SIGNS,UNABLE TO DETERMINE,,NONINCAPACITATING INJURY,10,3,41.7571697807,-87.5760437304,2019,30,POINT (-87.5760437304 41.7571697807),,,,,2019-03-11,False,42,South Shore
2016,30,TRAFFIC SIGNAL,FUNCTIONING PROPERLY,CLEAR,DAYLIGHT,PEDALCYCLIST,DIVIDED - W/MEDIAN (NOT RAISED),STRAIGHT AND LEVEL,DRY,UNKNOWN,Y,DISREGARDING TRAFFIC SIGNALS,FAILING TO YIELD RIGHT-OF-WAY,,NONINCAPACITATING INJURY,13,3,41.8867962158,-87.626562278,2019,30,POINT (-87.626562278 41.8867962158),,,,,2019-03-11,False,7,Near North Side
2017,30,TRAFFIC SIGNAL,FUNCTIONING PROPERLY,CLEAR,DUSK,PEDALCYCLIST,NOT DIVIDED,STRAIGHT AND LEVEL,DRY,NO DEFECTS,Y,FAILING TO YIELD RIGHT-OF-WAY,FAILING TO REDUCE SPEED TO AVOID CRASH,,"REPORTED, NOT EVIDENT",18,3,41.917172274,-87.7168310521,2019,30,POINT (-87.7168310521 41.917172274),,,,,2019-03-11,False,21,Logan Square
2018,30,STOP SIGN/FLASHER,FUNCTIONING PROPERLY,CLEAR,DAYLIGHT,PEDALCYCLIST,ONE-WAY,STRAIGHT AND LEVEL,DRY,NO DEFECTS,Y,UNABLE TO DETERMINE,UNABLE TO DETERMINE,,NO INDICATION OF INJURY,9,3,41.8956110484,-87.6255448302,2019,30,POINT (-87.6255448302 41.8956110484),,,,,2019-03-12,False,7,Near North Side
2019,30,TRAFFIC SIGNAL,FUNCTIONING PROPERLY,CLEAR,DAYLIGHT,PEDALCYCLIST,NOT DIVIDED,STRAIGHT AND LEVEL,DRY,NO DEFECTS,Y,FAILING TO YIELD RIGHT-OF-WAY,NOT APPLICABLE,,INCAPACITATING INJURY,15,3,41.930025458,-87.6753335365,2019,30,POINT (-87.6753335365 41.930025458),,,,,2019-03-13,True,6,Lincoln Park
2020,30,TRAFFIC SIGNAL,FUNCTIONING PROPERLY,CLEAR,DUSK,PEDALCYCLIST,NOT DIVIDED,STRAIGHT AND LEVEL,DRY,NO DEFECTS,,UNABLE TO DETERMINE,UNABLE TO DETERMINE,,NO INDICATION OF INJURY,17,3,41.938714441,-87.7469943681,2019,30,POINT (-87.7469943681 41.938714441),,,,,2019-03-14,False,14,Portage Park
2021,30,TRAFFIC SIGNAL,FUNCTIONING PROPERLY,CLEAR,DAYLIGHT,PEDALCYCLIST,NOT DIVIDED,STRAIGHT AND LEVEL,DRY,NO DEFECTS,Y,DISREGARDING TRAFFIC SIGNALS,FAILING TO YIELD RIGHT-OF-WAY,,NO INDICATION OF INJURY,18,3,41.9474340147,-87.6473925254,2019,30,POINT (-87.6473925254 41.9474340147),,,,,2019-03-14,False,5,Lake View
2022,30,STOP SIGN/FLASHER,NO CONTROLS,RAIN,DAYLIGHT,PEDALCYCLIST,DIVIDED - W/MEDIAN BARRIER,STRAIGHT AND LEVEL,WET,NO DEFECTS,,DISREGARDING STOP SIGN,NOT APPLICABLE,,"REPORTED, NOT EVIDENT",12,3,41.8667554148,-87.6801275643,2019,30,POINT (-87.6801275643 41.8667554148),,,,,2019-03-15,False,27,Near West Side
2023,30,TRAFFIC SIGNAL,FUNCTIONING PROPERLY,RAIN,DAYLIGHT,PEDALCYCLIST,OTHER,STRAIGHT AND LEVEL,WET,NO DEFECTS,Y,IMPROPER LANE USAGE,WEATHER,,"REPORTED, NOT EVIDENT",12,3,41.9323482687,-87.6878968564,2019,30,POINT (-87.6878968564 41.9323482687),,,,,2019-03-15,False,4,North Center
2024,30,NO CONTROLS,NO CONTROLS,CLEAR,DAYLIGHT,PEDALCYCLIST,NOT DIVIDED,STRAIGHT AND LEVEL,DRY,NO DEFECTS,,UNABLE TO DETERMINE,UNABLE TO DETERMINE,,NO INDICATION OF INJURY,12,3,41.8967814355,-87.6286144573,2019,30,POINT (-87.6286144573 41.8967814355),,,,,2019-03-15,False,7,Near North Side
2025,20,NO CONTROLS,NO CONTROLS,CLEAR,DAYLIGHT,PEDALCYCLIST,DIVIDED - W/MEDIAN (NOT RAISED),STRAIGHT AND LEVEL,DRY,NO DEFECTS,Y,UNABLE TO DETERMINE,NOT APPLICABLE,,NONINCAPACITATING INJURY,15,3,41.7839023702,-87.6084174376,2019,20,POINT (-87.6084174376 41.7839023702),,,,,2019-03-15,False,39,Washington Park
2026,30,NO CONTROLS,NO CONTROLS,CLEAR,"DARKNESS, LIGHTED ROAD",PEDALCYCLIST,DIVIDED - W/MEDIAN (NOT RAISED),STRAIGHT AND LEVEL,DRY,NO DEFECTS,,FAILING TO YIELD RIGHT-OF-WAY,NOT APPLICABLE,,NO INDICATION OF INJURY,21,3,41.9097303889,-87.729693274,2019,30,POINT (-87.729693274 41.9097303889),,,,,2019-03-15,False,22,Humboldt Park
2027,30,NO CONTROLS,NO CONTROLS,CLEAR,"DARKNESS, LIGHTED ROAD",PEDALCYCLIST,NOT DIVIDED,STRAIGHT AND LEVEL,DRY,NO DEFECTS,Y,UNABLE TO DETERMINE,UNABLE TO DETERMINE,,NONINCAPACITATING INJURY,21,3,41.7788461575,-87.7177347185,2019,30,POINT (-87.7177347185 41.7788461575),,,,,2019-03-15,False,64,West Lawn
2028,30,STOP SIGN/FLASHER,FUNCTIONING PROPERLY,CLEAR,DAYLIGHT,PEDALCYCLIST,NOT DIVIDED,STRAIGHT AND LEVEL,DRY,NO DEFECTS,Y,UNABLE TO DETERMINE,UNABLE TO DETERMINE,,NO INDICATION OF INJURY,9,3,41.8415635622,-87.6366053969,2019,30,POINT (-87.6366053969 41.8415635622),,,,,2019-03-16,False,30,Lower West Side
2029,35,NO CONTROLS,NO CONTROLS,CLEAR,DAYLIGHT,PEDALCYCLIST,NOT DIVIDED,STRAIGHT AND LEVEL,DRY,UNKNOWN,,UNABLE TO DETERMINE,NOT APPLICABLE,,INCAPACITATING INJURY,15,3,41.7685661626,-87.672475076,2019,35,POINT (-87.672475076 41.7685661626),,,,,2019-03-16,True,66,Englewood
2030,30,TRAFFIC SIGNAL,FUNCTIONING PROPERLY,CLEAR,DAYLIGHT,PEDALCYCLIST,DIVIDED - W/MEDIAN BARRIER,STRAIGHT AND LEVEL,DRY,NO DEFECTS,,UNABLE TO DETERMINE,NOT APPLICABLE,,NO INDICATION OF INJURY,13,3,41.8743122519,-87.648838079,2019,30,POINT (-87.648838079 41.8743122519),,,,,2019-03-17,False,27,Near West Side
2031,30,TRAFFIC SIGNAL,FUNCTIONING PROPERLY,CLEAR,DAYLIGHT,PEDALCYCLIST,DIVIDED - W/MEDIAN (NOT RAISED),STRAIGHT AND LEVEL,DRY,NO DEFECTS,Y,FAILING TO REDUCE SPEED TO AVOID CRASH,NOT APPLICABLE,,NO INDICATION OF INJURY,15,3,41.8721669578,-87.6295767973,2019,30,POINT (-87.6295767973 41.8721669578),,,,,2019-03-17,False,31,Loop
2032,30,NO CONTROLS,NO CONTROLS,CLEAR,"DARKNESS, LIGHTED ROAD",PEDALCYCLIST,DIVIDED - W/MEDIAN (NOT RAISED),STRAIGHT AND LEVEL,DRY,NO DEFECTS,,FAILING TO YIELD RIGHT-OF-WAY,EQUIPMENT - VEHICLE CONDITION,,NONINCAPACITATING INJURY,22,3,41.9501540748,-87.714185197,2019,30,POINT (-87.714185197 41.9501540748),,,,,2019-03-17,False,15,Irving Park
2033,30,NO CONTROLS,NO CONTROLS,CLEAR,DAYLIGHT,PEDALCYCLIST,DIVIDED - W/MEDIAN (NOT RAISED),STRAIGHT AND LEVEL,DRY,UNKNOWN,,FAILING TO YIELD RIGHT-OF-WAY,UNABLE TO DETERMINE,Y,NONINCAPACITATING INJURY,16,3,41.9457773008,-87.6495877767,2019,30,POINT (-87.6495877767 41.9457773008),,,,,2019-03-18,False,5,Lake View
2034,25,NO CONTROLS,NO CONTROLS,CLEAR,"DARKNESS, LIGHTED ROAD",PEDALCYCLIST,DRIVEWAY,STRAIGHT AND LEVEL,DRY,NO DEFECTS,,UNABLE TO DETERMINE,UNABLE TO DETERMINE,,NO INDICATION OF INJURY,20,3,41.9109487626,-87.6531595513,2019,25,POINT (-87.6531595513 41.9109487626),,,,,2019-03-18,False,6,Lincoln Park
2035,30,NO CONTROLS,NO CONTROLS,CLEAR,"DARKNESS, LIGHTED ROAD",PEDALCYCLIST,NOT DIVIDED,STRAIGHT AND LEVEL,DRY,NO DEFECTS,Y,IMPROPER LANE USAGE,DRIVING SKILLS/KNOWLEDGE/EXPERIENCE,,INCAPACITATING INJURY,6,3,41.897847219,-87.7459800007,2019,30,POINT (-87.7459800007 41.897847219),,,,,2019-03-19,True,24,Austin
2036,35,NO CONTROLS,NO CONTROLS,CLEAR,DAYLIGHT,PEDALCYCLIST,DIVIDED - W/MEDIAN (NOT RAISED),STRAIGHT AND LEVEL,DRY,NO DEFECTS,,NOT APPLICABLE,NOT APPLICABLE,Y,NO INDICATION OF INJURY,11,3,41.9741295261,-87.6599553012,2019,35,POINT (-87.6599553012 41.9741295261),,,,,2019-03-19,False,2,Uptown
2037,25,NO CONTROLS,NO CONTROLS,CLEAR,DAYLIGHT,PEDALCYCLIST,OTHER,STRAIGHT AND LEVEL,DRY,NO DEFECTS,Y,"VISION OBSCURED (SIGNS, TREE LIMBS, BUILDINGS, ETC.)",NOT APPLICABLE,,"REPORTED, NOT EVIDENT",12,3,41.7072577581,-87.6114733956,2019,25,POINT (-87.6114733956 41.7072577581),,,,,2019-03-19,False,48,Roseland
2038,25,NO CONTROLS,NO CONTROLS,CLEAR,DAYLIGHT,PEDALCYCLIST,ONE-WAY,STRAIGHT AND LEVEL,DRY,NO DEFECTS,,IMPROPER OVERTAKING/PASSING,UNABLE TO DETERMINE,,"REPORTED, NOT EVIDENT",13,3,41.7200252006,-87.553654969,2019,25,POINT (-87.553654969 41.7200252006),,,,,2019-03-19,False,50,South Deering
2039,30,STOP SIGN/FLASHER,FUNCTIONING PROPERLY,CLEAR,DAYLIGHT,PEDALCYCLIST,NOT DIVIDED,STRAIGHT AND LEVEL,DRY,NO DEFECTS,Y,UNABLE TO DETERMINE,UNABLE TO DETERMINE,,NO INDICATION OF INJURY,17,3,41.8108854512,-87.6358173673,2019,30,POINT (-87.6358173673 41.8108854512),,,,,2019-03-19,False,36,Fuller Park
2040,30,UNKNOWN,UNKNOWN,CLEAR,DAYLIGHT,PEDALCYCLIST,NOT DIVIDED,STRAIGHT AND LEVEL,DRY,UNKNOWN,,NOT APPLICABLE,NOT APPLICABLE,Y,NONINCAPACITATING INJURY,17,3,41.882373968,-87.7634302562,2019,30,POINT (-87.7634302562 41.882373968),,,,,2019-03-19,False,24,Austin
2041,30,NO CONTROLS,NO CONTROLS,CLEAR,"DARKNESS, LIGHTED ROAD",PEDALCYCLIST,DIVIDED - W/MEDIAN (NOT RAISED),STRAIGHT AND LEVEL,DRY,NO DEFECTS,,UNABLE TO DETERMINE,NOT APPLICABLE,,NO INDICATION OF INJURY,21,3,41.8690828959,-87.6713564834,2019,30,POINT (-87.6713564834 41.8690828959),,,,,2019-03-19,False,27,Near West Side
2042,15,NO CONTROLS,NO CONTROLS,RAIN,DAYLIGHT,PEDALCYCLIST,ALLEY,STRAIGHT AND LEVEL,WET,WORN SURFACE,,FAILING TO REDUCE SPEED TO AVOID CRASH,NOT APPLICABLE,,NONINCAPACITATING INJURY,9,3,41.7826018232,-87.6966287454,2019,15,POINT (-87.6966287454 41.7826018232),,,,,2019-03-21,False,65,Chicago Lawn
2043,30,NO CONTROLS,NO CONTROLS,CLEAR,DAYLIGHT,PEDALCYCLIST,DIVIDED - W/MEDIAN (NOT RAISED),STRAIGHT AND LEVEL,DRY,NO DEFECTS,,EQUIPMENT - VEHICLE CONDITION,NOT APPLICABLE,,NO INDICATION OF INJURY,12,3,41.8713548894,-87.6304391607,2019,30,POINT (-87.6304391607 41.8713548894),,,,,2019-03-21,False,31,Loop
2044,30,TRAFFIC SIGNAL,FUNCTIONING PROPERLY,CLEAR,DAYLIGHT,PEDALCYCLIST,NOT DIVIDED,STRAIGHT AND LEVEL,UNKNOWN,NO DEFECTS,Y,UNABLE TO DETERMINE,NOT APPLICABLE,,NONINCAPACITATING INJURY,14,3,41.8925932255,-87.6243340479,2019,30,POINT (-87.6243340479 41.8925932255),,,,,2019-03-21,False,7,Near North Side
2045,25,NO CONTROLS,OTHER,CLEAR,DAYLIGHT,PEDALCYCLIST,DIVIDED - W/MEDIAN (NOT RAISED),STRAIGHT AND LEVEL,DRY,NO DEFECTS,,FAILING TO YIELD RIGHT-OF-WAY,IMPROPER OVERTAKING/PASSING,,NO INDICATION OF INJURY,17,3,42.0183663893,-87.676042709,2019,25,POINT (-87.676042709 42.0183663893),,,,,2019-03-21,False,0,Rogers Park
2046,25,NO CONTROLS,NO CONTROLS,CLEAR,DAYLIGHT,PEDALCYCLIST,NOT DIVIDED,STRAIGHT AND LEVEL,DRY,NO DEFECTS,Y,UNABLE TO DETERMINE,UNABLE TO DETERMINE,,"REPORTED, NOT EVIDENT",17,3,41.9288670313,-87.6425880549,2019,25,POINT (-87.6425880549 41.9288670313),,,,,2019-03-21,False,6,Lincoln Park
2047,30,NO CONTROLS,NO CONTROLS,CLEAR,DUSK,PEDALCYCLIST,NOT DIVIDED,STRAIGHT AND LEVEL,DRY,NO DEFECTS,,UNABLE TO DETERMINE,UNABLE TO DETERMINE,N,NO INDICATION OF INJURY,19,3,41.9066920425,-87.6407346583,2019,30,POINT (-87.6407346583 41.9066920425),,,,,2019-03-21,False,7,Near North Side
2048,35,NO CONTROLS,NO CONTROLS,CLEAR,DAYLIGHT,PEDALCYCLIST,NOT DIVIDED,STRAIGHT AND LEVEL,DRY,NO DEFECTS,Y,IMPROPER LANE USAGE,UNABLE TO DETERMINE,,NONINCAPACITATING INJURY,16,3,41.9467553762,-87.7054309105,2019,35,POINT (-87.7054309105 41.9467553762),,,,,2019-03-22,False,15,Irving Park
2049,30,OTHER REG. SIGN,NO CONTROLS,CLEAR,DAYLIGHT,PEDALCYCLIST,NOT DIVIDED,STRAIGHT AND LEVEL,DRY,NO DEFECTS,,FAILING TO YIELD RIGHT-OF-WAY,UNABLE TO DETERMINE,N,"REPORTED, NOT EVIDENT",16,3,41.9433867425,-87.7039127866,2019,30,POINT (-87.7039127866 41.9433867425),,,,,2019-03-22,False,15,Irving Park
2050,30,TRAFFIC SIGNAL,FUNCTIONING PROPERLY,CLEAR,DUSK,PEDALCYCLIST,NOT DIVIDED,STRAIGHT AND LEVEL,DRY,NO DEFECTS,,UNABLE TO DETERMINE,UNABLE TO DETERMINE,Y,NO INDICATION OF INJURY,19,3,41.8856896157,-87.6476217315,2019,30,POINT (-87.6476217315 41.8856896157),,,,,2019-03-22,False,27,Near West Side
2051,5,NO CONTROLS,NO CONTROLS,CLEAR,DAYLIGHT,PEDALCYCLIST,DRIVEWAY,STRAIGHT AND LEVEL,DRY,NO DEFECTS,,"VISION OBSCURED (SIGNS, TREE LIMBS, BUILDINGS, ETC.)",NOT APPLICABLE,,"REPORTED, NOT EVIDENT",15,3,41.75335698,-87.7026425505,2019,5,POINT (-87.7026425505 41.75335698),,,,,2019-03-23,False,69,Ashburn
2052,30,NO CONTROLS,NO CONTROLS,CLEAR,DUSK,PEDALCYCLIST,NOT DIVIDED,STRAIGHT AND LEVEL,DRY,NO DEFECTS,Y,FAILING TO YIELD RIGHT-OF-WAY,FAILING TO REDUCE SPEED TO AVOID CRASH,,NONINCAPACITATING INJURY,18,3,41.9296304303,-87.7565001649,2019,30,POINT (-87.7565001649 41.9296304303),,,,,2019-03-23,False,18,Belmont Cragin
2053,30,STOP SIGN/FLASHER,FUNCTIONING PROPERLY,CLEAR,DAYLIGHT,PEDALCYCLIST,NOT DIVIDED,STRAIGHT AND LEVEL,DRY,NO DEFECTS,,DISREGARDING STOP SIGN,NOT APPLICABLE,,NONINCAPACITATING INJURY,7,3,41.7106753049,-87.6309493639,2019,30,POINT (-87.6309493639 41.7106753049),,,,,2019-03-24,False,48,Roseland
2054,30,STOP SIGN/FLASHER,FUNCTIONING PROPERLY,CLOUDY/OVERCAST,DAYLIGHT,PEDALCYCLIST,DIVIDED - W/MEDIAN (NOT RAISED),STRAIGHT AND LEVEL,DRY,NO DEFECTS,Y,DRIVING SKILLS/KNOWLEDGE/EXPERIENCE,DRIVING SKILLS/KNOWLEDGE/EXPERIENCE,,NONINCAPACITATING INJURY,9,3,41.8186708075,-87.6970063812,2019,30,POINT (-87.6970063812 41.8186708075),,,,,2019-03-24,False,57,Brighton Park
2055,35,TRAFFIC SIGNAL,FUNCTIONING PROPERLY,CLEAR,DAYLIGHT,PEDALCYCLIST,NOT DIVIDED,STRAIGHT AND LEVEL,DRY,NO DEFECTS,Y,FAILING TO YIELD RIGHT-OF-WAY,NOT APPLICABLE,,INCAPACITATING INJURY,15,3,41.8077887691,-87.7237303316,2019,35,POINT (-87.7237303316 41.8077887691),,,,,2019-03-25,True,56,Archer Heights
2056,30,NO CONTROLS,NO CONTROLS,CLEAR,DAYLIGHT,PEDALCYCLIST,DIVIDED - W/MEDIAN (NOT RAISED),STRAIGHT AND LEVEL,DRY,NO DEFECTS,,DRIVING SKILLS/KNOWLEDGE/EXPERIENCE,UNABLE TO DETERMINE,Y,"REPORTED, NOT EVIDENT",7,3,41.9247296333,-87.6940853495,2019,30,POINT (-87.6940853495 41.9247296333),,,,,2019-03-26,False,21,Logan Square
2057,30,NO CONTROLS,NO CONTROLS,CLEAR,DAYLIGHT,PEDALCYCLIST,DIVIDED - W/MEDIAN (NOT RAISED),STRAIGHT AND LEVEL,DRY,NO DEFECTS,,FAILING TO YIELD RIGHT-OF-WAY,FAILING TO YIELD RIGHT-OF-WAY,,NO INDICATION OF INJURY,9,3,41.9119478768,-87.6796655411,2019,30,POINT (-87.6796655411 41.9119478768),,,,,2019-03-26,False,6,Lincoln Park
2058,30,TRAFFIC SIGNAL,FUNCTIONING PROPERLY,CLEAR,DAYLIGHT,PEDALCYCLIST,NOT DIVIDED,"CURVE, LEVEL",DRY,OTHER,Y,FAILING TO YIELD RIGHT-OF-WAY,NOT APPLICABLE,,INCAPACITATING INJURY,11,3,41.9901085073,-87.6601221567,2019,30,POINT (-87.6601221567 41.9901085073),,,,,2019-03-26,True,76,Edgewater
2059,30,NO CONTROLS,NO CONTROLS,CLEAR,DAYLIGHT,PEDALCYCLIST,NOT DIVIDED,STRAIGHT AND LEVEL,DRY,NO DEFECTS,,UNABLE TO DETERMINE,UNABLE TO DETERMINE,,NO INDICATION OF INJURY,11,3,41.9086539086,-87.6745493658,2019,30,POINT (-87.6745493658 41.9086539086),,,,,2019-03-26,False,23,West Town
2060,30,NO CONTROLS,NO CONTROLS,CLEAR,DUSK,PEDALCYCLIST,NOT DIVIDED,STRAIGHT AND LEVEL,DRY,NO DEFECTS,,UNABLE TO DETERMINE,UNABLE TO DETERMINE,Y,NONINCAPACITATING INJURY,18,3,41.9441698247,-87.6492443206,2019,30,POINT (-87.6492443206 41.9441698247),,,,,2019-03-26,False,5,Lake View
2061,30,NO CONTROLS,NO CONTROLS,CLEAR,DAYLIGHT,PEDALCYCLIST,ONE-WAY,STRAIGHT AND LEVEL,DRY,NO DEFECTS,,FAILING TO YIELD RIGHT-OF-WAY,IMPROPER LANE USAGE,Y,NONINCAPACITATING INJURY,10,3,41.8830994301,-87.6345450331,2019,30,POINT (-87.6345450331 41.8830994301),,,,,2019-03-27,False,27,Near West Side
2062,30,NO CONTROLS,NO CONTROLS,CLEAR,DAYLIGHT,PEDALCYCLIST,NOT DIVIDED,STRAIGHT AND LEVEL,DRY,NO DEFECTS,,FAILING TO YIELD RIGHT-OF-WAY,NOT APPLICABLE,,NO INDICATION OF INJURY,17,3,41.8660949005,-87.6841787754,2019,30,POINT (-87.6841787754 41.8660949005),,,,,2019-03-27,False,27,Near West Side
2063,30,TRAFFIC SIGNAL,FUNCTIONING PROPERLY,CLEAR,DAWN,PEDALCYCLIST,DIVIDED - W/MEDIAN (NOT RAISED),STRAIGHT AND LEVEL,DRY,NO DEFECTS,Y,FAILING TO YIELD RIGHT-OF-WAY,FAILING TO REDUCE SPEED TO AVOID CRASH,,NO INDICATION OF INJURY,18,3,41.8957962445,-87.6549535956,2019,30,POINT (-87.6549535956 41.8957962445),,,,,2019-03-27,False,7,Near North Side
2064,30,TRAFFIC SIGNAL,FUNCTIONING PROPERLY,CLEAR,DUSK,PEDALCYCLIST,DIVIDED - W/MEDIAN (NOT RAISED),STRAIGHT AND LEVEL,DRY,NO DEFECTS,,FAILING TO REDUCE SPEED TO AVOID CRASH,FAILING TO REDUCE SPEED TO AVOID CRASH,N,NONINCAPACITATING INJURY,18,3,41.8850236823,-87.6768874573,2019,30,POINT (-87.6768874573 41.8850236823),,,,,2019-03-27,False,27,Near West Side
2065,35,TRAFFIC SIGNAL,UNKNOWN,CLEAR,"DARKNESS, LIGHTED ROAD",PEDALCYCLIST,NOT DIVIDED,STRAIGHT AND LEVEL,DRY,UNKNOWN,Y,FAILING TO YIELD RIGHT-OF-WAY,FAILING TO REDUCE SPEED TO AVOID CRASH,,NONINCAPACITATING INJURY,20,3,41.9249560534,-87.6746675272,2019,35,POINT (-87.6746675272 41.9249560534),,,,,2019-03-27,False,6,Lincoln Park
2066,30,NO CONTROLS,NO CONTROLS,CLEAR,DAYLIGHT,PEDALCYCLIST,NOT DIVIDED,STRAIGHT AND LEVEL,DRY,NO DEFECTS,,"OPERATING VEHICLE IN ERRATIC, RECKLESS, CARELESS, NEGLIGENT OR AGGRESSIVE MANNER",UNABLE TO DETERMINE,Y,NONINCAPACITATING INJURY,7,3,41.9314068899,-87.6539639083,2019,30,POINT (-87.6539639083 41.9314068899),,,,,2019-03-28,False,6,Lincoln Park
2067,20,STOP SIGN/FLASHER,FUNCTIONING PROPERLY,CLEAR,DAYLIGHT,PEDALCYCLIST,ONE-WAY,STRAIGHT AND LEVEL,DRY,NO DEFECTS,Y,FAILING TO YIELD RIGHT-OF-WAY,NOT APPLICABLE,,INCAPACITATING INJURY,8,3,41.9832359724,-87.6980076284,2019,20,POINT (-87.6980076284 41.9832359724),,,,,2019-03-28,True,1,West Ridge
2068,30,NO CONTROLS,NO CONTROLS,CLEAR,DAYLIGHT,PEDALCYCLIST,DIVIDED - W/MEDIAN (NOT RAISED),STRAIGHT AND LEVEL,DRY,NO DEFECTS,,DRIVING SKILLS/KNOWLEDGE/EXPERIENCE,NOT APPLICABLE,,NO INDICATION OF INJURY,8,3,41.9319020449,-87.6539786932,2019,30,POINT (-87.6539786932 41.9319020449),,,,,2019-03-28,False,6,Lincoln Park