Unnamed: 0,POSTED_SPEED_LIMIT,TRAFFIC_CONTROL_DEVICE,DEVICE_CONDITION,WEATHER_CONDITION,LIGHTING_CONDITION,FIRST_CRASH_TYPE,TRAFFICWAY_TYPE,ALIGNMENT,ROADWAY_SURFACE_COND,ROAD_DEFECT,INTERSECTION_RELATED_I,PRIM_CONTRIBUTORY_CAUSE,SEC_CONTRIBUTORY_CAUSE,DOORING_I,MOST_SEVERE_INJURY,CRASH_HOUR,CRASH_MONTH,LATITUDE,LONGITUDE,CRASH_YEAR,SPEED_LIMIT,geometry,DISPLAYROU,the_geom,DIST,LANE_TYPE,CRASH_DATE,is_severe,index_right,CArea
2069,30,DELINEATORS,FUNCTIONING PROPERLY,CLEAR,DAYLIGHT,PEDALCYCLIST,PARKING LOT,STRAIGHT AND LEVEL,DRY,NO DEFECTS,,FAILING TO YIELD RIGHT-OF-WAY,UNABLE TO DETERMINE,,NONINCAPACITATING INJURY,17,3,42.0002622784,-87.6714984159,2019,30,POINT (-87.6714984159 42.0002622784),,,,,2019-03-28,False,0,Rogers Park
2070,30,NO CONTROLS,NO CONTROLS,CLEAR,DAYLIGHT,PEDALCYCLIST,NOT DIVIDED,STRAIGHT AND LEVEL,DRY,NO DEFECTS,,FAILING TO YIELD RIGHT-OF-WAY,DRIVING SKILLS/KNOWLEDGE/EXPERIENCE,Y,"REPORTED, NOT EVIDENT",16,3,41.8445576674,-87.7100659088,2019,30,POINT (-87.7100659088 41.8445576674),,,,,2019-03-29,False,29,South Lawndale
2071,30,TRAFFIC SIGNAL,FUNCTIONING PROPERLY,CLEAR,DAYLIGHT,PEDALCYCLIST,NOT DIVIDED,STRAIGHT AND LEVEL,DRY,NO DEFECTS,Y,FAILING TO YIELD RIGHT-OF-WAY,UNABLE TO DETERMINE,,"REPORTED, NOT EVIDENT",16,3,41.9252924884,-87.6658320362,2019,30,POINT (-87.6658320362 41.9252924884),,,,,2019-03-29,False,6,Lincoln Park
2072,30,NO CONTROLS,NO CONTROLS,CLEAR,DAYLIGHT,PEDALCYCLIST,DIVIDED - W/MEDIAN (NOT RAISED),STRAIGHT AND LEVEL,DRY,NO DEFECTS,,UNABLE TO DETERMINE,NOT APPLICABLE,,NO INDICATION OF INJURY,17,3,41.7990478759,-87.6749509386,2019,30,POINT (-87.6749509386 41.7990478759),,,,,2019-03-29,False,60,New City
2073,30,NO CONTROLS,NO CONTROLS,CLEAR,DAYLIGHT,PEDALCYCLIST,DIVIDED - W/MEDIAN (NOT RAISED),STRAIGHT AND LEVEL,DRY,NO DEFECTS,,FAILING TO YIELD RIGHT-OF-WAY,NOT APPLICABLE,,NONINCAPACITATING INJURY,17,3,41.9717478758,-87.7136060702,2019,30,POINT (-87.7136060702 41.9717478758),,,,,2019-03-29,False,13,Albany Park
2074,30,NO CONTROLS,NO CONTROLS,CLEAR,DUSK,PEDALCYCLIST,ONE-WAY,STRAIGHT AND LEVEL,DRY,NO DEFECTS,,UNABLE TO DETERMINE,NOT APPLICABLE,,NO INDICATION OF INJURY,18,3,41.7586878512,-87.6076992298,2019,30,POINT (-87.6076992298 41.7586878512),,,,,2019-03-29,False,68,Grand Crossing
2075,30,UNKNOWN,UNKNOWN,UNKNOWN,UNKNOWN,PEDALCYCLIST,UNKNOWN,STRAIGHT AND LEVEL,UNKNOWN,UNKNOWN,,UNABLE TO DETERMINE,UNABLE TO DETERMINE,N,FATAL,20,3,41.7363903561,-87.6249753987,2019,30,POINT (-87.6249753987 41.7363903561),,,,,2019-03-29,True,43,Chatham
2076,30,NO CONTROLS,NO CONTROLS,CLOUDY/OVERCAST,DAYLIGHT,PEDALCYCLIST,ALLEY,STRAIGHT AND LEVEL,UNKNOWN,UNKNOWN,,UNABLE TO DETERMINE,UNABLE TO DETERMINE,,NONINCAPACITATING INJURY,14,3,42.012540168,-87.6738396783,2019,30,POINT (-87.6738396783 42.012540168),,,,,2019-03-30,False,0,Rogers Park
2077,30,TRAFFIC SIGNAL,FUNCTIONING PROPERLY,CLEAR,DAYLIGHT,PEDALCYCLIST,ONE-WAY,STRAIGHT AND LEVEL,DRY,NO DEFECTS,Y,DISREGARDING TRAFFIC SIGNALS,FAILING TO YIELD RIGHT-OF-WAY,,NO INDICATION OF INJURY,8,4,41.8941397779,-87.6312642984,2019,30,POINT (-87.6312642984 41.8941397779),,,,,2019-04-01,False,7,Near North Side
2078,30,STOP SIGN/FLASHER,FUNCTIONING PROPERLY,CLEAR,DAYLIGHT,PEDALCYCLIST,ONE-WAY,STRAIGHT AND LEVEL,DRY,NO DEFECTS,,DRIVING ON WRONG SIDE/WRONG WAY,FAILING TO YIELD RIGHT-OF-WAY,N,NONINCAPACITATING INJURY,15,4,41.8422360765,-87.730723762,2019,30,POINT (-87.730723762 41.8422360765),,,,,2019-04-01,False,29,South Lawndale
2079,30,TRAFFIC SIGNAL,FUNCTIONING PROPERLY,CLEAR,DAYLIGHT,PEDALCYCLIST,DIVIDED - W/MEDIAN BARRIER,STRAIGHT AND LEVEL,DRY,NO DEFECTS,,FAILING TO YIELD RIGHT-OF-WAY,UNABLE TO DETERMINE,,NO INDICATION OF INJURY,15,4,41.8831785838,-87.624250416,2019,30,POINT (-87.624250416 41.8831785838),,,,,2019-04-01,False,31,Loop
2080,30,TRAFFIC SIGNAL,FUNCTIONING PROPERLY,CLEAR,DAYLIGHT,PEDALCYCLIST,DIVIDED - W/MEDIAN (NOT RAISED),STRAIGHT AND LEVEL,DRY,NO DEFECTS,Y,UNABLE TO DETERMINE,UNABLE TO DETERMINE,,NO INDICATION OF INJURY,16,4,41.8761861666,-87.6766739725,2019,30,POINT (-87.6766739725 41.8761861666),,,,,2019-04-01,False,27,Near West Side
2081,30,TRAFFIC SIGNAL,FUNCTIONING PROPERLY,CLEAR,DAYLIGHT,PEDALCYCLIST,NOT DIVIDED,STRAIGHT AND LEVEL,DRY,NO DEFECTS,Y,DISREGARDING TRAFFIC SIGNALS,NOT APPLICABLE,,NONINCAPACITATING INJURY,16,4,41.9125396372,-87.6678912748,2019,30,POINT (-87.6678912748 41.9125396372),,,,,2019-04-01,False,6,Lincoln Park
2082,0,STOP SIGN/FLASHER,NO CONTROLS,CLEAR,DAYLIGHT,PEDALCYCLIST,ONE-WAY,STRAIGHT AND LEVEL,UNKNOWN,UNKNOWN,Y,UNABLE TO DETERMINE,UNABLE TO DETERMINE,,INCAPACITATING INJURY,17,4,41.9923400232,-87.6584321419,2019,0,POINT (-87.6584321419 41.9923400232),,,,,2019-04-01,True,76,Edgewater
2083,30,TRAFFIC SIGNAL,FUNCTIONING PROPERLY,CLEAR,DAYLIGHT,PEDALCYCLIST,NOT DIVIDED,STRAIGHT AND LEVEL,DRY,NO DEFECTS,,UNABLE TO DETERMINE,UNABLE TO DETERMINE,,NO INDICATION OF INJURY,9,4,41.8958510411,-87.6869689347,2019,30,POINT (-87.6869689347 41.8958510411),,,,,2019-04-02,False,23,West Town
2084,30,TRAFFIC SIGNAL,FUNCTIONING PROPERLY,CLEAR,DAYLIGHT,PEDALCYCLIST,DIVIDED - W/MEDIAN BARRIER,STRAIGHT AND LEVEL,DRY,UNKNOWN,,"OPERATING VEHICLE IN ERRATIC, RECKLESS, CARELESS, NEGLIGENT OR AGGRESSIVE MANNER",UNABLE TO DETERMINE,,NO INDICATION OF INJURY,11,4,41.8901143272,-87.6326957247,2019,30,POINT (-87.6326957247 41.8901143272),,,,,2019-04-02,False,7,Near North Side
2085,30,TRAFFIC SIGNAL,FUNCTIONING PROPERLY,CLEAR,DAYLIGHT,PEDALCYCLIST,DIVIDED - W/MEDIAN (NOT RAISED),STRAIGHT AND LEVEL,DRY,UNKNOWN,,UNABLE TO DETERMINE,NOT APPLICABLE,,NONINCAPACITATING INJURY,15,4,41.9540399881,-87.6640625326,2019,30,POINT (-87.6640625326 41.9540399881),,,,,2019-04-02,False,5,Lake View
2086,30,TRAFFIC SIGNAL,FUNCTIONING PROPERLY,CLEAR,DAYLIGHT,PEDALCYCLIST,NOT DIVIDED,STRAIGHT AND LEVEL,DRY,NO DEFECTS,,BICYCLE ADVANCING LEGALLY ON RED LIGHT,NOT APPLICABLE,,NO INDICATION OF INJURY,16,4,41.9255475255,-87.6486183479,2019,30,POINT (-87.6486183479 41.9255475255),,,,,2019-04-02,False,6,Lincoln Park
2087,30,TRAFFIC SIGNAL,FUNCTIONING PROPERLY,CLEAR,DAYLIGHT,PEDALCYCLIST,CENTER TURN LANE,STRAIGHT AND LEVEL,DRY,NO DEFECTS,Y,UNABLE TO DETERMINE,UNABLE TO DETERMINE,,NONINCAPACITATING INJURY,17,4,41.8698093065,-87.6435146427,2019,30,POINT (-87.6435146427 41.8698093065),,,,,2019-04-02,False,27,Near West Side
2088,30,UNKNOWN,UNKNOWN,UNKNOWN,UNKNOWN,PEDALCYCLIST,DIVIDED - W/MEDIAN (NOT RAISED),STRAIGHT AND LEVEL,UNKNOWN,UNKNOWN,,IMPROPER OVERTAKING/PASSING,NOT APPLICABLE,,NONINCAPACITATING INJURY,20,4,41.9031750646,-87.671224369,2019,30,POINT (-87.671224369 41.9031750646),,,,,2019-04-02,False,23,West Town
2089,30,STOP SIGN/FLASHER,FUNCTIONING PROPERLY,CLEAR,DAYLIGHT,PEDALCYCLIST,ONE-WAY,STRAIGHT AND LEVEL,DRY,UNKNOWN,Y,FAILING TO YIELD RIGHT-OF-WAY,FAILING TO REDUCE SPEED TO AVOID CRASH,,NO INDICATION OF INJURY,17,4,41.8832369155,-87.6484533759,2019,30,POINT (-87.6484533759 41.8832369155),,,,,2019-04-03,False,27,Near West Side
2090,30,TRAFFIC SIGNAL,FUNCTIONING PROPERLY,CLEAR,DAYLIGHT,PEDALCYCLIST,NOT DIVIDED,STRAIGHT AND LEVEL,DRY,WORN SURFACE,Y,UNABLE TO DETERMINE,UNABLE TO DETERMINE,,NO INDICATION OF INJURY,17,4,41.8771954466,-87.7256713113,2019,30,POINT (-87.7256713113 41.8771954466),,,,,2019-04-03,False,25,Garfield Park
2091,30,NO CONTROLS,NO CONTROLS,RAIN,DAYLIGHT,PEDALCYCLIST,DIVIDED - W/MEDIAN (NOT RAISED),STRAIGHT AND LEVEL,WET,NO DEFECTS,,FAILING TO YIELD RIGHT-OF-WAY,NOT APPLICABLE,,NO INDICATION OF INJURY,8,4,41.9229201686,-87.6976089169,2019,30,POINT (-87.6976089169 41.9229201686),,,,,2019-04-04,False,21,Logan Square
2092,30,NO CONTROLS,NO CONTROLS,RAIN,DAYLIGHT,PEDALCYCLIST,DIVIDED - W/MEDIAN (NOT RAISED),STRAIGHT AND LEVEL,WET,NO DEFECTS,,FAILING TO YIELD RIGHT-OF-WAY,"VISION OBSCURED (SIGNS, TREE LIMBS, BUILDINGS, ETC.)",,NONINCAPACITATING INJURY,11,4,41.9158208296,-87.6701235309,2019,30,POINT (-87.6701235309 41.9158208296),,,,,2019-04-04,False,6,Lincoln Park
2093,30,NO CONTROLS,UNKNOWN,CLOUDY/OVERCAST,DUSK,PEDALCYCLIST,DIVIDED - W/MEDIAN BARRIER,STRAIGHT AND LEVEL,WET,NO DEFECTS,,UNABLE TO DETERMINE,DRIVING SKILLS/KNOWLEDGE/EXPERIENCE,,NONINCAPACITATING INJURY,17,4,41.7711724338,-87.6155517826,2019,30,POINT (-87.6155517826 41.7711724338),,,,,2019-04-04,False,41,Woodlawn
2094,30,TRAFFIC SIGNAL,UNKNOWN,CLEAR,DAYLIGHT,PEDALCYCLIST,NOT DIVIDED,STRAIGHT AND LEVEL,DRY,UNKNOWN,Y,UNABLE TO DETERMINE,UNABLE TO DETERMINE,,NO INDICATION OF INJURY,13,4,41.8958547161,-87.6283267075,2019,30,POINT (-87.6283267075 41.8958547161),,,,,2019-04-05,False,7,Near North Side
2095,30,TRAFFIC SIGNAL,FUNCTIONING PROPERLY,CLEAR,DAYLIGHT,PEDALCYCLIST,DIVIDED - W/MEDIAN (NOT RAISED),STRAIGHT AND LEVEL,DRY,NO DEFECTS,Y,FAILING TO YIELD RIGHT-OF-WAY,FAILING TO YIELD RIGHT-OF-WAY,,NONINCAPACITATING INJURY,14,4,42.0188542907,-87.806596335,2019,30,POINT (-87.806596335 42.0188542907),,,,,2019-04-05,False,8,Edison Park
2096,30,STOP SIGN/FLASHER,UNKNOWN,CLEAR,DAYLIGHT,PEDALCYCLIST,ONE-WAY,STRAIGHT AND LEVEL,UNKNOWN,UNKNOWN,,UNABLE TO DETERMINE,UNABLE TO DETERMINE,,NO INDICATION OF INJURY,17,4,41.9227508882,-87.8045277312,2019,30,POINT (-87.8045277312 41.9227508882),,,,,2019-04-05,False,17,Montclare
2097,25,NO CONTROLS,NO CONTROLS,CLEAR,DAYLIGHT,PEDALCYCLIST,NOT DIVIDED,STRAIGHT AND LEVEL,DRY,NO DEFECTS,,NOT APPLICABLE,NOT APPLICABLE,Y,NO INDICATION OF INJURY,10,4,41.9911551465,-87.6650287182,2019,25,POINT (-87.6650287182 41.9911551465),,,,,2019-04-06,False,76,Edgewater
2098,25,TRAFFIC SIGNAL,FUNCTIONING PROPERLY,CLEAR,DAYLIGHT,PEDALCYCLIST,RAMP,STRAIGHT AND LEVEL,DRY,"RUT, HOLES",,DISREGARDING TRAFFIC SIGNALS,NOT APPLICABLE,,NO INDICATION OF INJURY,16,4,41.9260404634,-87.6311036592,2019,25,POINT (-87.6311036592 41.9260404634),,,,,2019-04-06,False,6,Lincoln Park
2099,30,STOP SIGN/FLASHER,FUNCTIONING PROPERLY,CLEAR,DAYLIGHT,PEDALCYCLIST,NOT DIVIDED,STRAIGHT AND LEVEL,DRY,NO DEFECTS,,UNABLE TO DETERMINE,UNABLE TO DETERMINE,,NO INDICATION OF INJURY,17,4,41.8456044151,-87.6340228866,2019,30,POINT (-87.6340228866 41.8456044151),,,,,2019-04-06,False,32,Near South Side
2100,30,NO CONTROLS,NO CONTROLS,CLEAR,DAYLIGHT,PEDALCYCLIST,DIVIDED - W/MEDIAN (NOT RAISED),STRAIGHT AND LEVEL,DRY,NO DEFECTS,,DISREGARDING ROAD MARKINGS,NOT APPLICABLE,,NO INDICATION OF INJURY,19,4,41.8913502947,-87.6476351694,2019,30,POINT (-87.6476351694 41.8913502947),,,,,2019-04-06,False,7,Near North Side
2101,30,TRAFFIC SIGNAL,FUNCTIONING PROPERLY,CLEAR,"DARKNESS, LIGHTED ROAD",PEDALCYCLIST,NOT DIVIDED,STRAIGHT AND LEVEL,DRY,NO DEFECTS,,FAILING TO YIELD RIGHT-OF-WAY,UNABLE TO DETERMINE,,"REPORTED, NOT EVIDENT",22,4,41.9919721683,-87.7115079927,2019,30,POINT (-87.7115079927 41.9919721683),,,,,2019-04-06,False,12,North Park
2102,25,NO CONTROLS,NO CONTROLS,CLEAR,DAYLIGHT,PEDALCYCLIST,ONE-WAY,STRAIGHT AND LEVEL,DRY,NO DEFECTS,,UNABLE TO DETERMINE,UNABLE TO DETERMINE,,NO INDICATION OF INJURY,16,4,41.7925826657,-87.7318683479,2019,25,POINT (-87.7318683479 41.7925826657),,,,,2019-04-07,False,61,West Elsdon
2103,30,TRAFFIC SIGNAL,FUNCTIONING PROPERLY,CLEAR,DAYLIGHT,PEDALCYCLIST,NOT DIVIDED,STRAIGHT AND LEVEL,DRY,NO DEFECTS,Y,UNABLE TO DETERMINE,UNABLE TO DETERMINE,,INCAPACITATING INJURY,16,4,41.9310303035,-87.7759031318,2019,30,POINT (-87.7759031318 41.9310303035),,,,,2019-04-07,True,18,Belmont Cragin
2104,30,NO CONTROLS,NO CONTROLS,CLEAR,DAYLIGHT,PEDALCYCLIST,NOT DIVIDED,STRAIGHT AND LEVEL,DRY,NO DEFECTS,,UNABLE TO DETERMINE,UNABLE TO DETERMINE,,NO INDICATION OF INJURY,16,4,41.8519306298,-87.6845688335,2019,30,POINT (-87.6845688335 41.8519306298),,,,,2019-04-07,False,30,Lower West Side
2105,30,TRAFFIC SIGNAL,FUNCTIONING PROPERLY,CLEAR,DAYLIGHT,PEDALCYCLIST,DIVIDED - W/MEDIAN BARRIER,STRAIGHT AND LEVEL,DRY,NO DEFECTS,,FAILING TO YIELD RIGHT-OF-WAY,NOT APPLICABLE,,NONINCAPACITATING INJURY,8,4,41.8740819887,-87.6672227593,2019,30,POINT (-87.6672227593 41.8740819887),,,,,2019-04-08,False,27,Near West Side
2106,30,NO CONTROLS,NO CONTROLS,CLEAR,DAYLIGHT,PEDALCYCLIST,DIVIDED - W/MEDIAN (NOT RAISED),STRAIGHT AND LEVEL,DRY,NO DEFECTS,,NOT APPLICABLE,NOT APPLICABLE,Y,NONINCAPACITATING INJURY,12,4,41.9242292287,-87.6780056652,2019,30,POINT (-87.6780056652 41.9242292287),,,,,2019-04-08,False,6,Lincoln Park
2107,30,NO CONTROLS,NO CONTROLS,CLEAR,DAYLIGHT,PEDALCYCLIST,NOT DIVIDED,STRAIGHT AND LEVEL,DRY,NO DEFECTS,,FAILING TO YIELD RIGHT-OF-WAY,NOT APPLICABLE,,NONINCAPACITATING INJURY,13,4,41.9086112258,-87.6749320525,2019,30,POINT (-87.6749320525 41.9086112258),,,,,2019-04-08,False,23,West Town
2108,30,UNKNOWN,UNKNOWN,CLEAR,DAYLIGHT,PEDALCYCLIST,NOT DIVIDED,STRAIGHT AND LEVEL,DRY,UNKNOWN,,UNABLE TO DETERMINE,NOT APPLICABLE,Y,"REPORTED, NOT EVIDENT",14,4,41.9689936739,-87.6685117226,2019,30,POINT (-87.6685117226 41.9689936739),,,,,2019-04-08,False,2,Uptown
2109,30,NO CONTROLS,NO CONTROLS,CLEAR,DAYLIGHT,PEDALCYCLIST,NOT DIVIDED,STRAIGHT AND LEVEL,DRY,NO DEFECTS,,FAILING TO YIELD RIGHT-OF-WAY,NOT APPLICABLE,Y,NO INDICATION OF INJURY,14,4,41.9492246778,-87.6494824734,2019,30,POINT (-87.6494824734 41.9492246778),,,,,2019-04-08,False,5,Lake View
2110,30,NO CONTROLS,UNKNOWN,CLEAR,DAYLIGHT,PEDALCYCLIST,NOT DIVIDED,STRAIGHT AND LEVEL,DRY,UNKNOWN,,FAILING TO YIELD RIGHT-OF-WAY,NOT APPLICABLE,,NO INDICATION OF INJURY,16,4,41.8581282111,-87.6611125635,2019,30,POINT (-87.6611125635 41.8581282111),,,,,2019-04-08,False,27,Near West Side
2111,30,UNKNOWN,UNKNOWN,CLEAR,DAYLIGHT,PEDALCYCLIST,DIVIDED - W/MEDIAN (NOT RAISED),STRAIGHT AND LEVEL,DRY,NO DEFECTS,,FAILING TO YIELD RIGHT-OF-WAY,DISTRACTION - FROM INSIDE VEHICLE,Y,INCAPACITATING INJURY,17,4,41.8708489311,-87.6336841462,2019,30,POINT (-87.6336841462 41.8708489311),,,,,2019-04-08,True,31,Loop
2112,25,TRAFFIC SIGNAL,FUNCTIONING PROPERLY,CLEAR,DAYLIGHT,PEDALCYCLIST,NOT DIVIDED,STRAIGHT AND LEVEL,DRY,NO DEFECTS,Y,IMPROPER TURNING/NO SIGNAL,NOT APPLICABLE,,NONINCAPACITATING INJURY,18,4,41.9029192028,-87.702412734,2019,25,POINT (-87.702412734 41.9029192028),,,,,2019-04-08,False,22,Humboldt Park
2113,30,NO CONTROLS,NO CONTROLS,CLEAR,DAYLIGHT,PEDALCYCLIST,DIVIDED - W/MEDIAN (NOT RAISED),STRAIGHT AND LEVEL,DRY,NO DEFECTS,,NOT APPLICABLE,NOT APPLICABLE,,NONINCAPACITATING INJURY,19,4,41.9293675941,-87.7080964987,2019,30,POINT (-87.7080964987 41.9293675941),,,,,2019-04-08,False,21,Logan Square
2114,30,STOP SIGN/FLASHER,FUNCTIONING PROPERLY,CLEAR,"DARKNESS, LIGHTED ROAD",PEDALCYCLIST,NOT DIVIDED,STRAIGHT AND LEVEL,DRY,NO DEFECTS,Y,DISREGARDING STOP SIGN,NOT APPLICABLE,,NONINCAPACITATING INJURY,4,4,41.9503733141,-87.7092848261,2019,30,POINT (-87.7092848261 41.9503733141),,,,,2019-04-09,False,15,Irving Park
2115,30,NO CONTROLS,NO CONTROLS,CLEAR,DAYLIGHT,PEDALCYCLIST,DIVIDED - W/MEDIAN (NOT RAISED),STRAIGHT AND LEVEL,DRY,NO DEFECTS,,FAILING TO YIELD RIGHT-OF-WAY,UNABLE TO DETERMINE,,NO INDICATION OF INJURY,12,4,41.9518324861,-87.6983268609,2019,30,POINT (-87.6983268609 41.9518324861),,,,,2019-04-09,False,15,Irving Park
2116,30,UNKNOWN,UNKNOWN,CLEAR,DAYLIGHT,PEDALCYCLIST,NOT DIVIDED,STRAIGHT AND LEVEL,DRY,UNKNOWN,,FOLLOWING TOO CLOSELY,NOT APPLICABLE,,NONINCAPACITATING INJURY,12,4,41.895571267,-87.7162551023,2019,30,POINT (-87.7162551023 41.895571267),,,,,2019-04-09,False,22,Humboldt Park
2117,25,STOP SIGN/FLASHER,FUNCTIONING PROPERLY,CLEAR,DAYLIGHT,PEDALCYCLIST,DIVIDED - W/MEDIAN (NOT RAISED),STRAIGHT AND LEVEL,DRY,NO DEFECTS,Y,DISREGARDING STOP SIGN,FAILING TO YIELD RIGHT-OF-WAY,,NONINCAPACITATING INJURY,12,4,41.8604717558,-87.6138366981,2019,25,POINT (-87.6138366981 41.8604717558),,,,,2019-04-09,False,32,Near South Side
2118,30,NO CONTROLS,NO CONTROLS,CLEAR,DAYLIGHT,PEDALCYCLIST,CENTER TURN LANE,STRAIGHT AND LEVEL,DRY,NO DEFECTS,Y,FAILING TO YIELD RIGHT-OF-WAY,FAILING TO REDUCE SPEED TO AVOID CRASH,,NONINCAPACITATING INJURY,13,4,41.9319266239,-87.7234350232,2019,30,POINT (-87.7234350232 41.9319266239),,,,,2019-04-09,False,19,Hermosa
2119,30,STOP SIGN/FLASHER,FUNCTIONING PROPERLY,CLEAR,DAYLIGHT,PEDALCYCLIST,NOT DIVIDED,STRAIGHT AND LEVEL,DRY,NO DEFECTS,,FAILING TO YIELD RIGHT-OF-WAY,UNABLE TO DETERMINE,Y,"REPORTED, NOT EVIDENT",17,4,41.8691880822,-87.664220102,2019,30,POINT (-87.664220102 41.8691880822),,,,,2019-04-09,False,27,Near West Side
2120,30,NO CONTROLS,NO CONTROLS,CLEAR,DAYLIGHT,PEDALCYCLIST,NOT DIVIDED,STRAIGHT AND LEVEL,DRY,NO DEFECTS,,BICYCLE ADVANCING LEGALLY ON RED LIGHT,NOT APPLICABLE,,NO INDICATION OF INJURY,18,4,41.771727054,-87.7065611294,2019,30,POINT (-87.7065611294 41.771727054),,,,,2019-04-09,False,65,Chicago Lawn
2121,30,STOP SIGN/FLASHER,FUNCTIONING PROPERLY,CLEAR,"DARKNESS, LIGHTED ROAD",PEDALCYCLIST,NOT DIVIDED,STRAIGHT AND LEVEL,DRY,UNKNOWN,,UNABLE TO DETERMINE,UNABLE TO DETERMINE,,INCAPACITATING INJURY,19,4,41.9942429667,-87.6873794813,2019,30,POINT (-87.6873794813 41.9942429667),,,,,2019-04-09,True,1,West Ridge
2122,30,TRAFFIC SIGNAL,FUNCTIONING PROPERLY,FOG/SMOKE/HAZE,DAYLIGHT,PEDALCYCLIST,NOT DIVIDED,STRAIGHT AND LEVEL,UNKNOWN,UNKNOWN,Y,UNABLE TO DETERMINE,FAILING TO REDUCE SPEED TO AVOID CRASH,,"REPORTED, NOT EVIDENT",8,4,41.8731683111,-87.725553949,2019,30,POINT (-87.725553949 41.8731683111),,,,,2019-04-10,False,25,Garfield Park
2123,30,NO CONTROLS,NO CONTROLS,UNKNOWN,DAYLIGHT,PEDALCYCLIST,NOT DIVIDED,STRAIGHT AND LEVEL,UNKNOWN,UNKNOWN,,FAILING TO YIELD RIGHT-OF-WAY,NOT APPLICABLE,,"REPORTED, NOT EVIDENT",15,4,41.8966474169,-87.6382041212,2019,30,POINT (-87.6382041212 41.8966474169),,,,,2019-04-10,False,7,Near North Side
2124,35,NO CONTROLS,NO CONTROLS,CLOUDY/OVERCAST,"DARKNESS, LIGHTED ROAD",PEDALCYCLIST,NOT DIVIDED,STRAIGHT AND LEVEL,DRY,NO DEFECTS,,UNABLE TO DETERMINE,UNABLE TO DETERMINE,,NO INDICATION OF INJURY,21,4,41.986037546,-87.6551226854,2019,35,POINT (-87.6551226854 41.986037546),,,,,2019-04-10,False,76,Edgewater
2125,35,NO CONTROLS,NO CONTROLS,CLEAR,DAYLIGHT,PEDALCYCLIST,NOT DIVIDED,STRAIGHT AND LEVEL,DRY,NO DEFECTS,,IMPROPER TURNING/NO SIGNAL,DISREGARDING STOP SIGN,,NONINCAPACITATING INJURY,8,4,41.8116353795,-87.708009975,2019,35,POINT (-87.708009975 41.8116353795),,,,,2019-04-11,False,57,Brighton Park
2126,20,STOP SIGN/FLASHER,FUNCTIONING PROPERLY,CLEAR,DAYLIGHT,PEDALCYCLIST,ONE-WAY,STRAIGHT AND LEVEL,DRY,NO DEFECTS,Y,UNABLE TO DETERMINE,UNABLE TO DETERMINE,,NONINCAPACITATING INJURY,10,4,41.8150910258,-87.7249361118,2019,20,POINT (-87.7249361118 41.8150910258),,,,,2019-04-11,False,56,Archer Heights
2127,30,TRAFFIC SIGNAL,FUNCTIONING PROPERLY,CLEAR,DAYLIGHT,PEDALCYCLIST,NOT DIVIDED,STRAIGHT AND LEVEL,DRY,NO DEFECTS,Y,IMPROPER TURNING/NO SIGNAL,UNABLE TO DETERMINE,,INCAPACITATING INJURY,17,4,41.9255561339,-87.6780783404,2019,30,POINT (-87.6780783404 41.9255561339),,,,,2019-04-11,True,6,Lincoln Park
2128,30,TRAFFIC SIGNAL,FUNCTIONING PROPERLY,CLEAR,"DARKNESS, LIGHTED ROAD",PEDALCYCLIST,CENTER TURN LANE,STRAIGHT AND LEVEL,DRY,NO DEFECTS,,DISREGARDING TRAFFIC SIGNALS,UNABLE TO DETERMINE,,"REPORTED, NOT EVIDENT",20,4,41.7511949332,-87.6050741597,2019,30,POINT (-87.6050741597 41.7511949332),,,,,2019-04-11,False,43,Chatham
2129,35,UNKNOWN,UNKNOWN,RAIN,DARKNESS,PEDALCYCLIST,NOT DIVIDED,STRAIGHT AND LEVEL,WET,UNKNOWN,,NOT APPLICABLE,NOT APPLICABLE,,NO INDICATION OF INJURY,22,4,41.9448810738,-87.7128050888,2019,35,POINT (-87.7128050888 41.9448810738),,,,,2019-04-11,False,15,Irving Park
2130,30,TRAFFIC SIGNAL,FUNCTIONING PROPERLY,CLEAR,"DARKNESS, LIGHTED ROAD",PEDALCYCLIST,NOT DIVIDED,STRAIGHT AND LEVEL,DRY,NO DEFECTS,Y,"OPERATING VEHICLE IN ERRATIC, RECKLESS, CARELESS, NEGLIGENT OR AGGRESSIVE MANNER","OPERATING VEHICLE IN ERRATIC, RECKLESS, CARELESS, NEGLIGENT OR AGGRESSIVE MANNER",,"REPORTED, NOT EVIDENT",4,4,41.7985582782,-87.7430718662,2019,30,POINT (-87.7430718662 41.7985582782),,,,,2019-04-12,False,55,Garfield Ridge
2131,30,NO CONTROLS,NO CONTROLS,CLEAR,DAYLIGHT,PEDALCYCLIST,ONE-WAY,STRAIGHT AND LEVEL,DRY,NO DEFECTS,Y,DRIVING ON WRONG SIDE/WRONG WAY,UNABLE TO DETERMINE,,NO INDICATION OF INJURY,6,4,41.8397940197,-87.6449629974,2019,30,POINT (-87.6449629974 41.8397940197),,,,,2019-04-12,False,30,Lower West Side
2132,30,TRAFFIC SIGNAL,FUNCTIONING PROPERLY,CLEAR,DAYLIGHT,PEDALCYCLIST,DIVIDED - W/MEDIAN BARRIER,STRAIGHT AND LEVEL,DRY,NO DEFECTS,Y,UNABLE TO DETERMINE,UNABLE TO DETERMINE,,NONINCAPACITATING INJURY,9,4,41.8784445153,-87.6170550926,2019,30,POINT (-87.6170550926 41.8784445153),,,,,2019-04-12,False,31,Loop