Unnamed: 0,POSTED_SPEED_LIMIT,TRAFFIC_CONTROL_DEVICE,DEVICE_CONDITION,WEATHER_CONDITION,LIGHTING_CONDITION,FIRST_CRASH_TYPE,TRAFFICWAY_TYPE,ALIGNMENT,ROADWAY_SURFACE_COND,ROAD_DEFECT,INTERSECTION_RELATED_I,PRIM_CONTRIBUTORY_CAUSE,SEC_CONTRIBUTORY_CAUSE,DOORING_I,MOST_SEVERE_INJURY,CRASH_HOUR,CRASH_MONTH,LATITUDE,LONGITUDE,CRASH_YEAR,SPEED_LIMIT,geometry,DISPLAYROU,the_geom,DIST,LANE_TYPE,CRASH_DATE,is_severe,index_right,CArea
2133,35,STOP SIGN/FLASHER,NO CONTROLS,CLEAR,DAYLIGHT,PEDALCYCLIST,NOT DIVIDED,STRAIGHT AND LEVEL,DRY,NO DEFECTS,,UNABLE TO DETERMINE,NOT APPLICABLE,N,NONINCAPACITATING INJURY,12,4,41.8149399618,-87.6162840916,2019,35,POINT (-87.6162840916 41.8149399618),,,,,2019-04-12,False,37,Grand Boulevard
2134,30,STOP SIGN/FLASHER,FUNCTIONING PROPERLY,CLEAR,DAYLIGHT,PEDALCYCLIST,NOT DIVIDED,STRAIGHT AND LEVEL,DRY,NO DEFECTS,Y,UNABLE TO DETERMINE,NOT APPLICABLE,,"REPORTED, NOT EVIDENT",12,4,41.9157610232,-87.6972958109,2019,30,POINT (-87.6972958109 41.9157610232),,,,,2019-04-12,False,21,Logan Square
2135,30,NO CONTROLS,NO CONTROLS,CLEAR,DAYLIGHT,PEDALCYCLIST,NOT DIVIDED,STRAIGHT AND LEVEL,DRY,NO DEFECTS,,NOT APPLICABLE,NOT APPLICABLE,,NO INDICATION OF INJURY,15,4,41.850629057,-87.6992016169,2019,30,POINT (-87.6992016169 41.850629057),,,,,2019-04-12,False,28,North Lawndale
2136,30,STOP SIGN/FLASHER,NO CONTROLS,CLEAR,DAYLIGHT,PEDALCYCLIST,DIVIDED - W/MEDIAN (NOT RAISED),STRAIGHT AND LEVEL,DRY,NO DEFECTS,Y,UNABLE TO DETERMINE,UNABLE TO DETERMINE,,NO INDICATION OF INJURY,15,4,41.7652741724,-87.6469048289,2019,30,POINT (-87.6469048289 41.7652741724),,,,,2019-04-12,False,67,Englewood
2137,30,NO CONTROLS,NO CONTROLS,CLEAR,DAYLIGHT,PEDALCYCLIST,DIVIDED - W/MEDIAN (NOT RAISED),STRAIGHT AND LEVEL,DRY,NO DEFECTS,Y,FAILING TO YIELD RIGHT-OF-WAY,NOT APPLICABLE,,NONINCAPACITATING INJURY,16,4,41.7664281071,-87.6831443835,2019,30,POINT (-87.6831443835 41.7664281071),,,,,2019-04-12,False,65,Chicago Lawn
2138,35,TRAFFIC SIGNAL,FUNCTIONING PROPERLY,CLEAR,DAYLIGHT,PEDALCYCLIST,DIVIDED - W/MEDIAN BARRIER,STRAIGHT AND LEVEL,DRY,NO DEFECTS,,IMPROPER LANE USAGE,UNABLE TO DETERMINE,,NONINCAPACITATING INJURY,17,4,41.8907144803,-87.6242698743,2019,35,POINT (-87.6242698743 41.8907144803),,,,,2019-04-12,False,7,Near North Side
2139,35,STOP SIGN/FLASHER,FUNCTIONING IMPROPERLY,CLEAR,DAYLIGHT,PEDALCYCLIST,NOT DIVIDED,STRAIGHT AND LEVEL,DRY,NO DEFECTS,Y,DISREGARDING STOP SIGN,NOT APPLICABLE,,NONINCAPACITATING INJURY,16,4,41.9180349046,-87.6507913288,2019,35,POINT (-87.6507913288 41.9180349046),,,,,2019-04-16,False,6,Lincoln Park
2140,30,NO CONTROLS,NO CONTROLS,CLEAR,DAYLIGHT,PEDALCYCLIST,DIVIDED - W/MEDIAN (NOT RAISED),STRAIGHT AND LEVEL,DRY,NO DEFECTS,,UNABLE TO DETERMINE,NOT APPLICABLE,,NONINCAPACITATING INJURY,16,4,41.995709603,-87.7157947214,2019,30,POINT (-87.7157947214 41.995709603),,,,,2019-04-16,False,12,North Park
2141,30,TRAFFIC SIGNAL,FUNCTIONING PROPERLY,CLEAR,DAYLIGHT,PEDALCYCLIST,ONE-WAY,STRAIGHT AND LEVEL,DRY,NO DEFECTS,Y,FAILING TO YIELD RIGHT-OF-WAY,FAILING TO YIELD RIGHT-OF-WAY,,NONINCAPACITATING INJURY,17,4,41.8933600173,-87.629619981,2019,30,POINT (-87.629619981 41.8933600173),,,,,2019-04-16,False,7,Near North Side
2142,30,TRAFFIC SIGNAL,UNKNOWN,CLEAR,DAYLIGHT,PEDALCYCLIST,DIVIDED - W/MEDIAN (NOT RAISED),STRAIGHT AND LEVEL,DRY,NO DEFECTS,Y,FAILING TO REDUCE SPEED TO AVOID CRASH,FOLLOWING TOO CLOSELY,,NO INDICATION OF INJURY,18,4,41.8529596787,-87.6321520043,2019,30,POINT (-87.6321520043 41.8529596787),,,,,2019-04-16,False,32,Near South Side
2143,30,STOP SIGN/FLASHER,FUNCTIONING PROPERLY,CLEAR,DAYLIGHT,PEDALCYCLIST,NOT DIVIDED,STRAIGHT AND LEVEL,DRY,NO DEFECTS,,FAILING TO YIELD RIGHT-OF-WAY,NOT APPLICABLE,,NO INDICATION OF INJURY,18,4,41.8983453155,-87.6587037574,2019,30,POINT (-87.6587037574 41.8983453155),,,,,2019-04-16,False,7,Near North Side
2144,30,NO CONTROLS,NO CONTROLS,RAIN,DAYLIGHT,PEDALCYCLIST,NOT DIVIDED,STRAIGHT AND LEVEL,WET,NO DEFECTS,,IMPROPER LANE USAGE,UNABLE TO DETERMINE,,NO INDICATION OF INJURY,12,4,41.8680638471,-87.715622367,2019,30,POINT (-87.715622367 41.8680638471),,,,,2019-04-18,False,28,North Lawndale
2145,30,STOP SIGN/FLASHER,FUNCTIONING PROPERLY,RAIN,DAYLIGHT,PEDALCYCLIST,NOT DIVIDED,STRAIGHT AND LEVEL,WET,NO DEFECTS,Y,FAILING TO YIELD RIGHT-OF-WAY,FAILING TO YIELD RIGHT-OF-WAY,,NONINCAPACITATING INJURY,15,4,41.8066310026,-87.6711372114,2019,30,POINT (-87.6711372114 41.8066310026),,,,,2019-04-18,False,60,New City
2146,30,NO CONTROLS,NO CONTROLS,CLEAR,"DARKNESS, LIGHTED ROAD",PEDALCYCLIST,DIVIDED - W/MEDIAN BARRIER,STRAIGHT AND LEVEL,DRY,NO DEFECTS,,FAILING TO REDUCE SPEED TO AVOID CRASH,NOT APPLICABLE,,NO INDICATION OF INJURY,21,4,41.9292240511,-87.7072151061,2019,30,POINT (-87.7072151061 41.9292240511),,,,,2019-04-18,False,21,Logan Square
2147,30,STOP SIGN/FLASHER,FUNCTIONING PROPERLY,CLEAR,DAYLIGHT,PEDALCYCLIST,OTHER,STRAIGHT ON HILLCREST,DRY,NO DEFECTS,Y,FAILING TO REDUCE SPEED TO AVOID CRASH,NOT APPLICABLE,,NONINCAPACITATING INJURY,12,4,41.9262969563,-87.785694824,2019,30,POINT (-87.785694824 41.9262969563),,,,,2019-04-19,False,18,Belmont Cragin
2148,30,NO CONTROLS,NO CONTROLS,CLEAR,DARKNESS,PEDALCYCLIST,NOT DIVIDED,STRAIGHT AND LEVEL,UNKNOWN,UNKNOWN,,UNABLE TO DETERMINE,UNABLE TO DETERMINE,,NO INDICATION OF INJURY,20,4,41.9063962792,-87.6505470382,2019,30,POINT (-87.6505470382 41.9063962792),,,,,2019-04-19,False,7,Near North Side
2149,30,UNKNOWN,UNKNOWN,CLEAR,DARKNESS,PEDALCYCLIST,NOT DIVIDED,STRAIGHT AND LEVEL,UNKNOWN,UNKNOWN,,DRIVING SKILLS/KNOWLEDGE/EXPERIENCE,UNABLE TO DETERMINE,,INCAPACITATING INJURY,3,4,41.7586352106,-87.5906502883,2019,30,POINT (-87.5906502883 41.7586352106),,,,,2019-04-20,True,42,South Shore
2150,30,NO CONTROLS,NO CONTROLS,CLEAR,DAYLIGHT,PEDALCYCLIST,NOT DIVIDED,STRAIGHT AND LEVEL,DRY,"RUT, HOLES",,UNABLE TO DETERMINE,UNABLE TO DETERMINE,N,NO INDICATION OF INJURY,11,4,41.7981517063,-87.7623205275,2019,30,POINT (-87.7623205275 41.7981517063),,,,,2019-04-20,False,55,Garfield Ridge
2151,30,TRAFFIC SIGNAL,FUNCTIONING PROPERLY,CLEAR,DAYLIGHT,PEDALCYCLIST,DIVIDED - W/MEDIAN (NOT RAISED),STRAIGHT AND LEVEL,DRY,NO DEFECTS,,EQUIPMENT - VEHICLE CONDITION,FAILING TO YIELD RIGHT-OF-WAY,,NO INDICATION OF INJURY,12,4,41.9734215574,-87.6550020983,2019,30,POINT (-87.6550020983 41.9734215574),,,,,2019-04-20,False,2,Uptown
2152,30,TRAFFIC SIGNAL,FUNCTIONING PROPERLY,CLEAR,DAYLIGHT,PEDALCYCLIST,DIVIDED - W/MEDIAN (NOT RAISED),STRAIGHT AND LEVEL,DRY,UNKNOWN,,IMPROPER OVERTAKING/PASSING,UNABLE TO DETERMINE,,NO INDICATION OF INJURY,14,4,41.9363036352,-87.6481177876,2019,30,POINT (-87.6481177876 41.9363036352),,,,,2019-04-20,False,5,Lake View
2153,30,NO CONTROLS,NO CONTROLS,CLEAR,DAYLIGHT,PEDALCYCLIST,NOT DIVIDED,STRAIGHT AND LEVEL,DRY,NO DEFECTS,,UNABLE TO DETERMINE,UNABLE TO DETERMINE,Y,NONINCAPACITATING INJURY,15,4,41.9249023284,-87.6990391324,2019,30,POINT (-87.6990391324 41.9249023284),,,,,2019-04-20,False,21,Logan Square
2154,30,NO CONTROLS,NO CONTROLS,CLEAR,DAYLIGHT,PEDALCYCLIST,NOT DIVIDED,STRAIGHT AND LEVEL,UNKNOWN,UNKNOWN,,IMPROPER TURNING/NO SIGNAL,IMPROPER OVERTAKING/PASSING,,"REPORTED, NOT EVIDENT",15,4,41.946866385,-87.6699292272,2019,30,POINT (-87.6699292272 41.946866385),,,,,2019-04-20,False,5,Lake View
2155,30,STOP SIGN/FLASHER,FUNCTIONING PROPERLY,CLEAR,DAYLIGHT,PEDALCYCLIST,NOT DIVIDED,STRAIGHT AND LEVEL,DRY,NO DEFECTS,Y,FAILING TO YIELD RIGHT-OF-WAY,NOT APPLICABLE,,NONINCAPACITATING INJURY,18,4,41.8816565081,-87.6507176319,2019,30,POINT (-87.6507176319 41.8816565081),,,,,2019-04-20,False,27,Near West Side
2156,20,STOP SIGN/FLASHER,FUNCTIONING PROPERLY,CLEAR,DAYLIGHT,PEDALCYCLIST,T-INTERSECTION,STRAIGHT AND LEVEL,DRY,NO DEFECTS,,UNABLE TO DETERMINE,UNABLE TO DETERMINE,,NONINCAPACITATING INJURY,13,4,41.7091650549,-87.6090890375,2019,20,POINT (-87.6090890375 41.7091650549),,,,,2019-04-21,False,48,Roseland
2157,30,NO CONTROLS,NO CONTROLS,CLEAR,DAYLIGHT,PEDALCYCLIST,NOT DIVIDED,STRAIGHT AND LEVEL,DRY,NO DEFECTS,,DISTRACTION - FROM INSIDE VEHICLE,NOT APPLICABLE,Y,NO INDICATION OF INJURY,16,4,41.9692234107,-87.6529777317,2019,30,POINT (-87.6529777317 41.9692234107),,,,,2019-04-21,False,2,Uptown
2158,25,TRAFFIC SIGNAL,FUNCTIONING PROPERLY,CLEAR,DAYLIGHT,PEDALCYCLIST,NOT DIVIDED,STRAIGHT AND LEVEL,DRY,NO DEFECTS,Y,FAILING TO YIELD RIGHT-OF-WAY,NOT APPLICABLE,,INCAPACITATING INJURY,16,4,41.888403032,-87.6243964228,2019,25,POINT (-87.6243964228 41.888403032),,,,,2019-04-21,True,7,Near North Side
2159,25,NO CONTROLS,NO CONTROLS,CLEAR,DAYLIGHT,PEDALCYCLIST,ONE-WAY,STRAIGHT AND LEVEL,DRY,NO DEFECTS,,DRIVING ON WRONG SIDE/WRONG WAY,FAILING TO YIELD RIGHT-OF-WAY,,NONINCAPACITATING INJURY,7,4,41.6610385049,-87.6354923921,2019,25,POINT (-87.6354923921 41.6610385049),,,,,2019-04-22,False,52,West Pullman
2160,30,NO CONTROLS,NO CONTROLS,CLEAR,DAYLIGHT,PEDALCYCLIST,NOT DIVIDED,STRAIGHT AND LEVEL,DRY,NO DEFECTS,,DRIVING SKILLS/KNOWLEDGE/EXPERIENCE,UNABLE TO DETERMINE,Y,NONINCAPACITATING INJURY,8,4,41.9015319827,-87.6315260681,2019,30,POINT (-87.6315260681 41.9015319827),,,,,2019-04-22,False,7,Near North Side
2161,30,NO CONTROLS,NO CONTROLS,CLEAR,DAYLIGHT,PEDALCYCLIST,FOUR WAY,STRAIGHT AND LEVEL,DRY,NO DEFECTS,Y,IMPROPER OVERTAKING/PASSING,NOT APPLICABLE,,INCAPACITATING INJURY,8,4,41.8864622843,-87.7112913425,2019,30,POINT (-87.7112913425 41.8864622843),,,,,2019-04-22,True,26,Garfield Park
2162,30,NO CONTROLS,NO CONTROLS,CLEAR,DAYLIGHT,PEDALCYCLIST,NOT DIVIDED,STRAIGHT AND LEVEL,DRY,NO DEFECTS,,FAILING TO YIELD RIGHT-OF-WAY,NOT APPLICABLE,Y,NONINCAPACITATING INJURY,12,4,41.8891091282,-87.6305406286,2019,30,POINT (-87.6305406286 41.8891091282),,,,,2019-04-22,False,7,Near North Side
2163,30,TRAFFIC SIGNAL,FUNCTIONING PROPERLY,CLEAR,DAYLIGHT,PEDALCYCLIST,NOT DIVIDED,STRAIGHT AND LEVEL,DRY,NO DEFECTS,Y,UNABLE TO DETERMINE,DRIVING SKILLS/KNOWLEDGE/EXPERIENCE,,NO INDICATION OF INJURY,14,4,41.8746494353,-87.6291854363,2019,30,POINT (-87.6291854363 41.8746494353),,,,,2019-04-22,False,31,Loop
2164,30,NO CONTROLS,NO CONTROLS,CLEAR,DAYLIGHT,PEDALCYCLIST,NOT DIVIDED,STRAIGHT AND LEVEL,DRY,NO DEFECTS,Y,UNABLE TO DETERMINE,NOT APPLICABLE,,NONINCAPACITATING INJURY,17,4,41.8397903989,-87.6438374193,2019,30,POINT (-87.6438374193 41.8397903989),,,,,2019-04-22,False,30,Lower West Side
2165,30,NO CONTROLS,NO CONTROLS,CLEAR,DAYLIGHT,PEDALCYCLIST,NOT DIVIDED,STRAIGHT AND LEVEL,DRY,NO DEFECTS,,FAILING TO YIELD RIGHT-OF-WAY,NOT APPLICABLE,Y,"REPORTED, NOT EVIDENT",17,4,41.8998872156,-87.6374444427,2019,30,POINT (-87.6374444427 41.8998872156),,,,,2019-04-22,False,7,Near North Side
2166,35,NO CONTROLS,NO CONTROLS,CLEAR,DAYLIGHT,PEDALCYCLIST,NOT DIVIDED,STRAIGHT AND LEVEL,DRY,NO DEFECTS,,UNABLE TO DETERMINE,UNABLE TO DETERMINE,,NONINCAPACITATING INJURY,6,4,41.9176078916,-87.6872639972,2019,35,POINT (-87.6872639972 41.9176078916),,,,,2019-04-23,False,21,Logan Square
2167,25,TRAFFIC SIGNAL,FUNCTIONING PROPERLY,CLEAR,DAYLIGHT,PEDALCYCLIST,NOT DIVIDED,STRAIGHT AND LEVEL,DRY,NO DEFECTS,Y,UNABLE TO DETERMINE,UNABLE TO DETERMINE,,NONINCAPACITATING INJURY,9,4,41.8867073041,-87.6341503932,2019,25,POINT (-87.6341503932 41.8867073041),,,,,2019-04-23,False,7,Near North Side
2168,30,TRAFFIC SIGNAL,FUNCTIONING PROPERLY,CLEAR,DAYLIGHT,PEDALCYCLIST,FOUR WAY,STRAIGHT AND LEVEL,DRY,NO DEFECTS,Y,UNABLE TO DETERMINE,DRIVING SKILLS/KNOWLEDGE/EXPERIENCE,,INCAPACITATING INJURY,11,4,41.9257641899,-87.7022460148,2019,30,POINT (-87.7022460148 41.9257641899),,,,,2019-04-23,True,21,Logan Square
2169,30,TRAFFIC SIGNAL,FUNCTIONING PROPERLY,CLEAR,DAYLIGHT,PEDALCYCLIST,NOT DIVIDED,STRAIGHT AND LEVEL,DRY,NO DEFECTS,Y,UNABLE TO DETERMINE,UNABLE TO DETERMINE,,NO INDICATION OF INJURY,14,4,41.8737448805,-87.696245988,2019,30,POINT (-87.696245988 41.8737448805),,,,,2019-04-23,False,26,Garfield Park
2170,30,TRAFFIC SIGNAL,FUNCTIONING PROPERLY,CLEAR,DAYLIGHT,PEDALCYCLIST,FOUR WAY,STRAIGHT AND LEVEL,DRY,NO DEFECTS,Y,FOLLOWING TOO CLOSELY,NOT APPLICABLE,,NONINCAPACITATING INJURY,15,4,41.9756408766,-87.7083835099,2019,30,POINT (-87.7083835099 41.9756408766),,,,,2019-04-23,False,12,North Park
2171,30,STOP SIGN/FLASHER,FUNCTIONING PROPERLY,CLEAR,DAYLIGHT,PEDALCYCLIST,ONE-WAY,STRAIGHT AND LEVEL,DRY,UNKNOWN,,UNABLE TO DETERMINE,NOT APPLICABLE,,NONINCAPACITATING INJURY,16,4,41.7959218138,-87.6683409421,2019,30,POINT (-87.6683409421 41.7959218138),,,,,2019-04-23,False,60,New City
2172,30,TRAFFIC SIGNAL,FUNCTIONING PROPERLY,CLEAR,DAYLIGHT,PEDALCYCLIST,OTHER,STRAIGHT AND LEVEL,DRY,NO DEFECTS,Y,UNABLE TO DETERMINE,NOT APPLICABLE,,NO INDICATION OF INJURY,17,4,41.896218801,-87.6556038946,2019,30,POINT (-87.6556038946 41.896218801),,,,,2019-04-23,False,7,Near North Side
2173,30,NO CONTROLS,NO CONTROLS,CLEAR,DAYLIGHT,PEDALCYCLIST,NOT DIVIDED,STRAIGHT AND LEVEL,DRY,NO DEFECTS,,UNABLE TO DETERMINE,NOT APPLICABLE,,NO INDICATION OF INJURY,17,4,41.85208038,-87.6854948356,2019,30,POINT (-87.6854948356 41.85208038),,,,,2019-04-23,False,30,Lower West Side
2174,15,NO CONTROLS,NO CONTROLS,CLEAR,DAYLIGHT,PEDALCYCLIST,ONE-WAY,STRAIGHT AND LEVEL,DRY,NO DEFECTS,,FAILING TO YIELD RIGHT-OF-WAY,NOT APPLICABLE,,"REPORTED, NOT EVIDENT",18,4,42.0072795822,-87.6895749247,2019,15,POINT (-87.6895749247 42.0072795822),,,,,2019-04-23,False,1,West Ridge
2175,30,NO CONTROLS,NO CONTROLS,CLEAR,DAYLIGHT,PEDALCYCLIST,DIVIDED - W/MEDIAN BARRIER,STRAIGHT AND LEVEL,DRY,NO DEFECTS,Y,IMPROPER LANE USAGE,"OPERATING VEHICLE IN ERRATIC, RECKLESS, CARELESS, NEGLIGENT OR AGGRESSIVE MANNER",,NONINCAPACITATING INJURY,13,4,41.8813973293,-87.6635475693,2019,30,POINT (-87.6635475693 41.8813973293),,,,,2019-04-24,False,27,Near West Side
2176,30,NO CONTROLS,NO CONTROLS,CLEAR,DAYLIGHT,PEDALCYCLIST,NOT DIVIDED,STRAIGHT AND LEVEL,DRY,NO DEFECTS,Y,FAILING TO YIELD RIGHT-OF-WAY,NOT APPLICABLE,,NO INDICATION OF INJURY,16,4,41.9758298384,-87.7111821487,2019,30,POINT (-87.7111821487 41.9758298384),,,,,2019-04-24,False,12,North Park
2177,30,STOP SIGN/FLASHER,UNKNOWN,CLEAR,DAYLIGHT,PEDALCYCLIST,NOT DIVIDED,STRAIGHT AND LEVEL,DRY,NO DEFECTS,,DISREGARDING STOP SIGN,NOT APPLICABLE,,NONINCAPACITATING INJURY,16,4,41.7412321047,-87.658494172,2019,30,POINT (-87.658494172 41.7412321047),,,,,2019-04-24,False,70,Auburn Gresham
2178,30,NO CONTROLS,NO CONTROLS,CLEAR,DAYLIGHT,PEDALCYCLIST,NOT DIVIDED,STRAIGHT AND LEVEL,DRY,NO DEFECTS,,FAILING TO YIELD RIGHT-OF-WAY,UNABLE TO DETERMINE,,NONINCAPACITATING INJURY,17,4,41.9039314218,-87.6366077556,2019,30,POINT (-87.6366077556 41.9039314218),,,,,2019-04-24,False,7,Near North Side
2179,30,NO CONTROLS,NO CONTROLS,CLEAR,"DARKNESS, LIGHTED ROAD",PEDALCYCLIST,NOT DIVIDED,STRAIGHT AND LEVEL,DRY,NO DEFECTS,,DISTRACTION - FROM INSIDE VEHICLE,DISTRACTION - FROM INSIDE VEHICLE,,NONINCAPACITATING INJURY,21,4,41.9302579881,-87.7466879598,2019,30,POINT (-87.7466879598 41.9302579881),,,,,2019-04-24,False,18,Belmont Cragin
2180,20,NO CONTROLS,NO CONTROLS,CLEAR,DARKNESS,PEDALCYCLIST,ONE-WAY,STRAIGHT AND LEVEL,DRY,NO DEFECTS,,UNABLE TO DETERMINE,UNABLE TO DETERMINE,Y,"REPORTED, NOT EVIDENT",5,4,41.9946235075,-87.6582106408,2019,20,POINT (-87.6582106408 41.9946235075),,,,,2019-04-25,False,76,Edgewater
2181,30,STOP SIGN/FLASHER,FUNCTIONING PROPERLY,CLEAR,DAYLIGHT,PEDALCYCLIST,NOT DIVIDED,STRAIGHT AND LEVEL,DRY,NO DEFECTS,Y,UNABLE TO DETERMINE,NOT APPLICABLE,,NO INDICATION OF INJURY,8,4,41.9522838346,-87.6788488978,2019,30,POINT (-87.6788488978 41.9522838346),,,,,2019-04-25,False,4,North Center
2182,30,OTHER,NO CONTROLS,CLEAR,DAYLIGHT,PEDALCYCLIST,ONE-WAY,STRAIGHT AND LEVEL,DRY,NO DEFECTS,,UNABLE TO DETERMINE,UNABLE TO DETERMINE,,NO INDICATION OF INJURY,8,4,41.8822715294,-87.6658935147,2019,30,POINT (-87.6658935147 41.8822715294),,,,,2019-04-25,False,27,Near West Side
2183,30,NO CONTROLS,NO CONTROLS,CLEAR,DAYLIGHT,PEDALCYCLIST,ONE-WAY,STRAIGHT AND LEVEL,DRY,NO DEFECTS,,UNABLE TO DETERMINE,UNABLE TO DETERMINE,,NONINCAPACITATING INJURY,19,4,41.9117658846,-87.7289807914,2019,30,POINT (-87.7289807914 41.9117658846),,,,,2019-04-25,False,22,Humboldt Park
2184,30,TRAFFIC SIGNAL,FUNCTIONING PROPERLY,CLEAR,DAYLIGHT,PEDALCYCLIST,NOT DIVIDED,STRAIGHT AND LEVEL,DRY,NO DEFECTS,Y,FAILING TO YIELD RIGHT-OF-WAY,UNABLE TO DETERMINE,,NONINCAPACITATING INJURY,7,4,41.7795856652,-87.6494938964,2019,30,POINT (-87.6494938964 41.7795856652),,,,,2019-04-26,False,67,Englewood
2185,30,NO CONTROLS,NO CONTROLS,CLEAR,DAYLIGHT,PEDALCYCLIST,NOT DIVIDED,STRAIGHT AND LEVEL,DRY,NO DEFECTS,,UNABLE TO DETERMINE,UNABLE TO DETERMINE,Y,"REPORTED, NOT EVIDENT",8,4,41.915643718,-87.6853747958,2019,30,POINT (-87.6853747958 41.915643718),,,,,2019-04-26,False,21,Logan Square
2186,30,TRAFFIC SIGNAL,FUNCTIONING PROPERLY,CLEAR,DAYLIGHT,PEDALCYCLIST,FOUR WAY,STRAIGHT AND LEVEL,DRY,NO DEFECTS,Y,DISREGARDING TRAFFIC SIGNALS,NOT APPLICABLE,,NO INDICATION OF INJURY,10,4,41.7800082774,-87.6255225119,2019,30,POINT (-87.6255225119 41.7800082774),,,,,2019-04-26,False,68,Grand Crossing
2187,30,NO CONTROLS,NO CONTROLS,CLEAR,DAYLIGHT,PEDALCYCLIST,NOT DIVIDED,STRAIGHT AND LEVEL,DRY,NO DEFECTS,,IMPROPER OVERTAKING/PASSING,NOT APPLICABLE,,NONINCAPACITATING INJURY,15,4,41.8027148633,-87.6932179831,2019,30,POINT (-87.6932179831 41.8027148633),,,,,2019-04-26,False,62,Gage Park
2188,35,UNKNOWN,UNKNOWN,UNKNOWN,UNKNOWN,PEDALCYCLIST,ONE-WAY,STRAIGHT AND LEVEL,UNKNOWN,UNKNOWN,Y,DISREGARDING STOP SIGN,UNABLE TO DETERMINE,,INCAPACITATING INJURY,17,4,41.8971971344,-87.7138720847,2019,35,POINT (-87.7138720847 41.8971971344),,,,,2019-04-26,True,22,Humboldt Park
2189,30,NO CONTROLS,NO CONTROLS,CLEAR,DAYLIGHT,PEDALCYCLIST,NOT DIVIDED,STRAIGHT AND LEVEL,DRY,NO DEFECTS,,UNABLE TO DETERMINE,NOT APPLICABLE,,NONINCAPACITATING INJURY,17,4,41.884923533,-87.6473037276,2019,30,POINT (-87.6473037276 41.884923533),,,,,2019-04-26,False,27,Near West Side
2190,40,STOP SIGN/FLASHER,FUNCTIONING PROPERLY,CLEAR,DAWN,PEDALCYCLIST,RAMP,STRAIGHT ON GRADE,DRY,NO DEFECTS,,UNABLE TO DETERMINE,"VISION OBSCURED (SIGNS, TREE LIMBS, BUILDINGS, ETC.)",,"REPORTED, NOT EVIDENT",17,4,41.9619536314,-87.6460768099,2019,40,POINT (-87.6460768099 41.9619536314),,,,,2019-04-26,False,2,Uptown
2191,15,NO CONTROLS,NO CONTROLS,CLEAR,DUSK,PEDALCYCLIST,ALLEY,STRAIGHT AND LEVEL,DRY,UNKNOWN,,DRIVING ON WRONG SIDE/WRONG WAY,NOT APPLICABLE,,NO INDICATION OF INJURY,18,4,41.9971781704,-87.748379749,2019,15,POINT (-87.748379749 41.9971781704),,,,,2019-04-26,False,11,Forest Glen
2192,30,TRAFFIC SIGNAL,FUNCTIONING PROPERLY,CLEAR,DARKNESS,PEDALCYCLIST,DIVIDED - W/MEDIAN (NOT RAISED),STRAIGHT AND LEVEL,DRY,UNKNOWN,Y,DRIVING SKILLS/KNOWLEDGE/EXPERIENCE,UNABLE TO DETERMINE,,INCAPACITATING INJURY,20,4,41.8930024744,-87.6342530116,2019,30,POINT (-87.6342530116 41.8930024744),,,,,2019-04-26,True,7,Near North Side
2194,30,TRAFFIC SIGNAL,FUNCTIONING PROPERLY,CLEAR,UNKNOWN,PEDALCYCLIST,FOUR WAY,STRAIGHT AND LEVEL,DRY,NO DEFECTS,Y,DISREGARDING TRAFFIC SIGNALS,NOT APPLICABLE,,NO INDICATION OF INJURY,3,4,41.9108301868,-87.6539111143,2019,30,POINT (-87.6539111143 41.9108301868),,,,,2019-04-27,False,6,Lincoln Park
2195,30,NO CONTROLS,NO CONTROLS,SNOW,DAYLIGHT,PEDALCYCLIST,NOT DIVIDED,STRAIGHT AND LEVEL,WET,NO DEFECTS,,UNABLE TO DETERMINE,NOT APPLICABLE,,NONINCAPACITATING INJURY,13,4,41.889352033,-87.6288488503,2019,30,POINT (-87.6288488503 41.889352033),,,,,2019-04-27,False,7,Near North Side
2196,30,TRAFFIC SIGNAL,UNKNOWN,SNOW,DARKNESS,PEDALCYCLIST,FOUR WAY,STRAIGHT AND LEVEL,WET,NO DEFECTS,Y,UNABLE TO DETERMINE,UNABLE TO DETERMINE,,NONINCAPACITATING INJURY,19,4,41.7687157347,-87.658921856,2019,30,POINT (-87.658921856 41.7687157347),,,,,2019-04-27,False,66,Englewood
2197,20,STOP SIGN/FLASHER,NO CONTROLS,CLEAR,DAYLIGHT,PEDALCYCLIST,NOT DIVIDED,STRAIGHT AND LEVEL,DRY,NO DEFECTS,,"OPERATING VEHICLE IN ERRATIC, RECKLESS, CARELESS, NEGLIGENT OR AGGRESSIVE MANNER","OPERATING VEHICLE IN ERRATIC, RECKLESS, CARELESS, NEGLIGENT OR AGGRESSIVE MANNER",,INCAPACITATING INJURY,9,4,41.963378253,-87.7179580073,2019,20,POINT (-87.7179580073 41.963378253),,,,,2019-04-28,True,13,Albany Park
2198,30,NO CONTROLS,NO CONTROLS,RAIN,DAWN,PEDALCYCLIST,OTHER,STRAIGHT AND LEVEL,WET,NO DEFECTS,,WEATHER,WEATHER,,"REPORTED, NOT EVIDENT",4,4,41.8363219752,-87.6252874501,2019,30,POINT (-87.6252874501 41.8363219752),,,,,2019-04-29,False,34,Douglas
2199,30,TRAFFIC SIGNAL,FUNCTIONING PROPERLY,CLOUDY/OVERCAST,DAYLIGHT,PEDALCYCLIST,ONE-WAY,STRAIGHT AND LEVEL,DRY,NO DEFECTS,,NOT APPLICABLE,NOT APPLICABLE,Y,NO INDICATION OF INJURY,16,4,41.9796929996,-87.7013331639,2019,30,POINT (-87.7013331639 41.9796929996),,,,,2019-04-29,False,3,Lincoln Square