Unnamed: 0,POSTED_SPEED_LIMIT,TRAFFIC_CONTROL_DEVICE,DEVICE_CONDITION,WEATHER_CONDITION,LIGHTING_CONDITION,FIRST_CRASH_TYPE,TRAFFICWAY_TYPE,ALIGNMENT,ROADWAY_SURFACE_COND,ROAD_DEFECT,INTERSECTION_RELATED_I,PRIM_CONTRIBUTORY_CAUSE,SEC_CONTRIBUTORY_CAUSE,DOORING_I,MOST_SEVERE_INJURY,CRASH_HOUR,CRASH_MONTH,LATITUDE,LONGITUDE,CRASH_YEAR,SPEED_LIMIT,geometry,DISPLAYROU,the_geom,DIST,LANE_TYPE,CRASH_DATE,is_severe,index_right,CArea
2200,25,STOP SIGN/FLASHER,FUNCTIONING PROPERLY,CLOUDY/OVERCAST,DAYLIGHT,PEDALCYCLIST,FOUR WAY,STRAIGHT AND LEVEL,WET,NO DEFECTS,Y,FAILING TO YIELD RIGHT-OF-WAY,UNABLE TO DETERMINE,,NONINCAPACITATING INJURY,16,4,41.9979058674,-87.6848660907,2019,25,POINT (-87.6848660907 41.9979058674),,,,,2019-04-30,False,1,West Ridge
2201,30,TRAFFIC SIGNAL,FUNCTIONING PROPERLY,RAIN,DAYLIGHT,PEDALCYCLIST,NOT DIVIDED,STRAIGHT AND LEVEL,WET,NO DEFECTS,,DISREGARDING OTHER TRAFFIC SIGNS,WEATHER,,NONINCAPACITATING INJURY,18,4,41.899751161,-87.6675406149,2019,30,POINT (-87.6675406149 41.899751161),,,,,2019-04-30,False,23,West Town
2202,30,NO CONTROLS,NO CONTROLS,RAIN,"DARKNESS, LIGHTED ROAD",PEDALCYCLIST,DIVIDED - W/MEDIAN (NOT RAISED),STRAIGHT AND LEVEL,WET,NO DEFECTS,,FAILING TO YIELD RIGHT-OF-WAY,UNABLE TO DETERMINE,,NONINCAPACITATING INJURY,22,4,41.9459050644,-87.7469075158,2019,30,POINT (-87.7469075158 41.9459050644),,,,,2019-04-30,False,14,Portage Park
2203,30,UNKNOWN,UNKNOWN,RAIN,DAYLIGHT,PEDALCYCLIST,NOT DIVIDED,STRAIGHT AND LEVEL,WET,NO DEFECTS,Y,IMPROPER LANE USAGE,UNABLE TO DETERMINE,,NO INDICATION OF INJURY,8,5,41.8817591511,-87.6439776472,2019,30,POINT (-87.6439776472 41.8817591511),,,,,2019-05-01,False,27,Near West Side
2204,30,NO CONTROLS,NO CONTROLS,CLOUDY/OVERCAST,DAYLIGHT,PEDALCYCLIST,NOT DIVIDED,STRAIGHT AND LEVEL,WET,NO DEFECTS,,NOT APPLICABLE,NOT APPLICABLE,,NO INDICATION OF INJURY,11,5,41.9087497889,-87.7117228554,2019,30,POINT (-87.7117228554 41.9087497889),,,,,2019-05-01,False,22,Humboldt Park
2205,30,STOP SIGN/FLASHER,FUNCTIONING PROPERLY,CLEAR,DAYLIGHT,PEDALCYCLIST,NOT DIVIDED,STRAIGHT AND LEVEL,DRY,UNKNOWN,Y,DRIVING SKILLS/KNOWLEDGE/EXPERIENCE,UNABLE TO DETERMINE,,NO INDICATION OF INJURY,15,5,41.8322286188,-87.6657408414,2019,30,POINT (-87.6657408414 41.8322286188),,,,,2019-05-01,False,58,Mckinley Park
2206,30,NO CONTROLS,NO CONTROLS,CLEAR,DAYLIGHT,PEDALCYCLIST,DIVIDED - W/MEDIAN (NOT RAISED),STRAIGHT AND LEVEL,DRY,NO DEFECTS,,UNABLE TO DETERMINE,NOT APPLICABLE,Y,INCAPACITATING INJURY,15,5,41.9242608214,-87.6993317479,2019,30,POINT (-87.6993317479 41.9242608214),,,,,2019-05-02,True,21,Logan Square
2207,35,NO CONTROLS,NO CONTROLS,CLEAR,DAYLIGHT,PEDALCYCLIST,DIVIDED - W/MEDIAN (NOT RAISED),STRAIGHT AND LEVEL,DRY,UNKNOWN,,NOT APPLICABLE,UNABLE TO DETERMINE,Y,NONINCAPACITATING INJURY,7,5,41.9461533472,-87.7361555421,2019,35,POINT (-87.7361555421 41.9461533472),,,,,2019-05-03,False,15,Irving Park
2208,25,STOP SIGN/FLASHER,UNKNOWN,CLEAR,DAYLIGHT,PEDALCYCLIST,"FIVE POINT, OR MORE",STRAIGHT AND LEVEL,DRY,UNKNOWN,,UNABLE TO DETERMINE,NOT APPLICABLE,,NONINCAPACITATING INJURY,8,5,42.0193587414,-87.6680981672,2019,25,POINT (-87.6680981672 42.0193587414),,,,,2019-05-03,False,0,Rogers Park
2209,35,NO CONTROLS,NO CONTROLS,CLEAR,DAYLIGHT,PEDALCYCLIST,DIVIDED - W/MEDIAN (NOT RAISED),STRAIGHT AND LEVEL,DRY,NO DEFECTS,,UNABLE TO DETERMINE,NOT APPLICABLE,Y,NONINCAPACITATING INJURY,13,5,41.9695434476,-87.7422579586,2019,35,POINT (-87.7422579586 41.9695434476),,,,,2019-05-03,False,11,Forest Glen
2210,30,NO CONTROLS,NO CONTROLS,CLEAR,DAYLIGHT,PEDALCYCLIST,DIVIDED - W/MEDIAN (NOT RAISED),STRAIGHT AND LEVEL,UNKNOWN,UNKNOWN,,FAILING TO YIELD RIGHT-OF-WAY,DRIVING SKILLS/KNOWLEDGE/EXPERIENCE,,NO INDICATION OF INJURY,17,5,41.9259188185,-87.6780781384,2019,30,POINT (-87.6780781384 41.9259188185),,,,,2019-05-03,False,6,Lincoln Park
2211,25,NO CONTROLS,NO CONTROLS,CLEAR,DAYLIGHT,PEDALCYCLIST,OTHER,STRAIGHT AND LEVEL,DRY,NO DEFECTS,,NOT APPLICABLE,"VISION OBSCURED (SIGNS, TREE LIMBS, BUILDINGS, ETC.)",,NONINCAPACITATING INJURY,19,5,41.9736824216,-87.8414379089,2019,25,POINT (-87.8414379089 41.9736824216),,,,,2019-05-03,False,75,O'Hare
2212,30,STOP SIGN/FLASHER,FUNCTIONING PROPERLY,CLEAR,DAYLIGHT,PEDALCYCLIST,NOT DIVIDED,STRAIGHT AND LEVEL,DRY,NO DEFECTS,Y,UNABLE TO DETERMINE,UNABLE TO DETERMINE,,NONINCAPACITATING INJURY,14,5,41.8115721651,-87.7066702269,2019,30,POINT (-87.7066702269 41.8115721651),,,,,2019-05-04,False,57,Brighton Park
2213,30,NO CONTROLS,NO CONTROLS,CLEAR,DAYLIGHT,PEDALCYCLIST,NOT DIVIDED,STRAIGHT AND LEVEL,DRY,NO DEFECTS,,UNABLE TO DETERMINE,UNABLE TO DETERMINE,Y,NO INDICATION OF INJURY,12,5,41.8582978388,-87.6254740147,2019,30,POINT (-87.6254740147 41.8582978388),,,,,2019-05-05,False,32,Near South Side
2214,30,TRAFFIC SIGNAL,FUNCTIONING PROPERLY,CLEAR,DAYLIGHT,PEDALCYCLIST,ONE-WAY,STRAIGHT AND LEVEL,DRY,NO DEFECTS,,UNABLE TO DETERMINE,UNABLE TO DETERMINE,,NONINCAPACITATING INJURY,17,5,41.689311881,-87.6617172391,2019,30,POINT (-87.6617172391 41.689311881),,,,,2019-05-05,False,74,Morgan Park
2215,30,NO CONTROLS,NO CONTROLS,CLEAR,"DARKNESS, LIGHTED ROAD",PEDALCYCLIST,DIVIDED - W/MEDIAN BARRIER,STRAIGHT AND LEVEL,DRY,NO DEFECTS,,UNABLE TO DETERMINE,UNABLE TO DETERMINE,,NONINCAPACITATING INJURY,21,5,41.8674414705,-87.6331110615,2019,30,POINT (-87.6331110615 41.8674414705),,,,,2019-05-05,False,31,Loop
2216,30,TRAFFIC SIGNAL,FUNCTIONING PROPERLY,CLEAR,"DARKNESS, LIGHTED ROAD",PEDALCYCLIST,DIVIDED - W/MEDIAN (NOT RAISED),STRAIGHT AND LEVEL,DRY,NO DEFECTS,,UNABLE TO DETERMINE,NOT APPLICABLE,,NONINCAPACITATING INJURY,22,5,41.9172914956,-87.7070516015,2019,30,POINT (-87.7070516015 41.9172914956),,,,,2019-05-05,False,21,Logan Square
2217,30,NO CONTROLS,NO CONTROLS,CLEAR,DAYLIGHT,PEDALCYCLIST,DIVIDED - W/MEDIAN (NOT RAISED),STRAIGHT AND LEVEL,DRY,NO DEFECTS,,UNABLE TO DETERMINE,UNABLE TO DETERMINE,,NO INDICATION OF INJURY,8,5,41.7880796663,-87.7094694786,2019,30,POINT (-87.7094694786 41.7880796663),,,,,2019-05-06,False,62,Gage Park
2218,30,NO CONTROLS,NO CONTROLS,CLEAR,DAYLIGHT,PEDALCYCLIST,DIVIDED - W/MEDIAN (NOT RAISED),STRAIGHT AND LEVEL,DRY,NO DEFECTS,,IMPROPER OVERTAKING/PASSING,UNABLE TO DETERMINE,Y,NONINCAPACITATING INJURY,13,5,41.9105834681,-87.678023073,2019,30,POINT (-87.678023073 41.9105834681),,,,,2019-05-06,False,23,West Town
2219,30,NO CONTROLS,NO CONTROLS,CLEAR,DAYLIGHT,PEDALCYCLIST,NOT DIVIDED,STRAIGHT AND LEVEL,DRY,NO DEFECTS,N,FAILING TO YIELD RIGHT-OF-WAY,NOT APPLICABLE,,NO INDICATION OF INJURY,16,5,41.9955821849,-87.6627959929,2019,30,POINT (-87.6627959929 41.9955821849),,,,,2019-05-06,False,76,Edgewater
2220,30,NO CONTROLS,NO CONTROLS,CLEAR,DAYLIGHT,PEDALCYCLIST,DIVIDED - W/MEDIAN (NOT RAISED),STRAIGHT AND LEVEL,DRY,NO DEFECTS,,NOT APPLICABLE,UNABLE TO DETERMINE,,NO INDICATION OF INJURY,17,5,41.8947953223,-87.6529483347,2019,30,POINT (-87.6529483347 41.8947953223),,,,,2019-05-06,False,7,Near North Side
2221,25,STOP SIGN/FLASHER,NOT FUNCTIONING,RAIN,DAYLIGHT,PEDALCYCLIST,ONE-WAY,STRAIGHT AND LEVEL,WET,NO DEFECTS,Y,"VISION OBSCURED (SIGNS, TREE LIMBS, BUILDINGS, ETC.)",UNABLE TO DETERMINE,Y,"REPORTED, NOT EVIDENT",7,5,41.9208358985,-87.7219227475,2019,25,POINT (-87.7219227475 41.9208358985),,,,,2019-05-07,False,21,Logan Square
2222,30,STOP SIGN/FLASHER,FUNCTIONING PROPERLY,RAIN,DAYLIGHT,PEDALCYCLIST,UNKNOWN INTERSECTION TYPE,STRAIGHT AND LEVEL,WET,NO DEFECTS,Y,"VISION OBSCURED (SIGNS, TREE LIMBS, BUILDINGS, ETC.)",UNABLE TO DETERMINE,,NO INDICATION OF INJURY,7,5,41.8975100919,-87.6576021228,2019,30,POINT (-87.6576021228 41.8975100919),,,,,2019-05-07,False,7,Near North Side
2223,30,NO CONTROLS,NO CONTROLS,CLEAR,DAYLIGHT,PEDALCYCLIST,ONE-WAY,STRAIGHT AND LEVEL,WET,NO DEFECTS,,FAILING TO REDUCE SPEED TO AVOID CRASH,FAILING TO YIELD RIGHT-OF-WAY,,NONINCAPACITATING INJURY,11,5,41.8845776159,-87.634249,2019,30,POINT (-87.634249 41.8845776159),,,,,2019-05-07,False,31,Loop
2224,30,NO CONTROLS,NO CONTROLS,CLEAR,DAYLIGHT,PEDALCYCLIST,NOT DIVIDED,STRAIGHT AND LEVEL,DRY,NO DEFECTS,,IMPROPER TURNING/NO SIGNAL,NOT APPLICABLE,,"REPORTED, NOT EVIDENT",12,5,41.8896812724,-87.620453612,2019,30,POINT (-87.620453612 41.8896812724),,,,,2019-05-07,False,7,Near North Side
2225,30,TRAFFIC SIGNAL,FUNCTIONING PROPERLY,CLEAR,DAYLIGHT,PEDALCYCLIST,NOT DIVIDED,STRAIGHT AND LEVEL,DRY,NO DEFECTS,,FAILING TO YIELD RIGHT-OF-WAY,FAILING TO YIELD RIGHT-OF-WAY,,NONINCAPACITATING INJURY,13,5,41.8524660331,-87.6610191121,2019,30,POINT (-87.6610191121 41.8524660331),,,,,2019-05-07,False,30,Lower West Side
2226,30,NO CONTROLS,NO CONTROLS,CLEAR,DAYLIGHT,PEDALCYCLIST,NOT DIVIDED,STRAIGHT AND LEVEL,DRY,NO DEFECTS,,FAILING TO YIELD RIGHT-OF-WAY,DRIVING ON WRONG SIDE/WRONG WAY,,NO INDICATION OF INJURY,17,5,41.9386689636,-87.6539154958,2019,30,POINT (-87.6539154958 41.9386689636),,,,,2019-05-07,False,5,Lake View
2227,25,NO CONTROLS,NO CONTROLS,CLEAR,DAWN,PEDALCYCLIST,DIVIDED - W/MEDIAN (NOT RAISED),"CURVE, LEVEL",DRY,NO DEFECTS,,FAILING TO YIELD RIGHT-OF-WAY,DISREGARDING STOP SIGN,,NONINCAPACITATING INJURY,20,5,41.9151769043,-87.7488726205,2019,25,POINT (-87.7488726205 41.9151769043),,,,,2019-05-07,False,18,Belmont Cragin
2228,30,UNKNOWN,FUNCTIONING PROPERLY,CLEAR,"DARKNESS, LIGHTED ROAD",PEDALCYCLIST,DIVIDED - W/MEDIAN (NOT RAISED),STRAIGHT AND LEVEL,DRY,UNKNOWN,,UNABLE TO DETERMINE,NOT APPLICABLE,N,"REPORTED, NOT EVIDENT",23,5,41.7363760366,-87.6256213109,2019,30,POINT (-87.6256213109 41.7363760366),,,,,2019-05-07,False,43,Chatham
2229,30,NO CONTROLS,NO CONTROLS,CLEAR,DAYLIGHT,PEDALCYCLIST,NOT DIVIDED,STRAIGHT AND LEVEL,DRY,NO DEFECTS,,FAILING TO YIELD RIGHT-OF-WAY,NOT APPLICABLE,,NONINCAPACITATING INJURY,10,5,41.9037160018,-87.6507553235,2019,30,POINT (-87.6507553235 41.9037160018),,,,,2019-05-08,False,7,Near North Side
2230,30,NO CONTROLS,NO CONTROLS,CLEAR,DAYLIGHT,PEDALCYCLIST,NOT DIVIDED,STRAIGHT AND LEVEL,DRY,NO DEFECTS,,FAILING TO REDUCE SPEED TO AVOID CRASH,UNABLE TO DETERMINE,,"REPORTED, NOT EVIDENT",17,5,41.8579101494,-87.6284489682,2019,30,POINT (-87.6284489682 41.8579101494),,,,,2019-05-08,False,32,Near South Side
2231,30,NO CONTROLS,NO CONTROLS,CLEAR,"DARKNESS, LIGHTED ROAD",PEDALCYCLIST,NOT DIVIDED,STRAIGHT AND LEVEL,DRY,NO DEFECTS,,UNABLE TO DETERMINE,NOT APPLICABLE,,"REPORTED, NOT EVIDENT",21,5,42.0079747578,-87.6684428338,2019,30,POINT (-87.6684428338 42.0079747578),,,,,2019-05-08,False,0,Rogers Park
2232,30,NO CONTROLS,NO CONTROLS,CLEAR,DAYLIGHT,PEDALCYCLIST,ONE-WAY,STRAIGHT AND LEVEL,WET,NO DEFECTS,,FAILING TO YIELD RIGHT-OF-WAY,NOT APPLICABLE,,NONINCAPACITATING INJURY,9,5,41.8822718277,-87.6659809767,2019,30,POINT (-87.6659809767 41.8822718277),,,,,2019-05-09,False,27,Near West Side
2233,30,TRAFFIC SIGNAL,UNKNOWN,CLOUDY/OVERCAST,DAYLIGHT,PEDALCYCLIST,NOT DIVIDED,STRAIGHT AND LEVEL,DRY,UNKNOWN,Y,FAILING TO YIELD RIGHT-OF-WAY,NOT APPLICABLE,,NONINCAPACITATING INJURY,9,5,41.8507832866,-87.6465847471,2019,30,POINT (-87.6465847471 41.8507832866),,,,,2019-05-09,False,30,Lower West Side
2234,30,STOP SIGN/FLASHER,FUNCTIONING PROPERLY,CLEAR,DAYLIGHT,PEDALCYCLIST,NOT DIVIDED,STRAIGHT AND LEVEL,WET,NO DEFECTS,,FAILING TO YIELD RIGHT-OF-WAY,FAILING TO REDUCE SPEED TO AVOID CRASH,,NO INDICATION OF INJURY,11,5,41.8956213305,-87.6355311754,2019,30,POINT (-87.6355311754 41.8956213305),,,,,2019-05-09,False,7,Near North Side
2235,30,NO CONTROLS,NO CONTROLS,CLEAR,DAYLIGHT,PEDALCYCLIST,NOT DIVIDED,STRAIGHT AND LEVEL,DRY,NO DEFECTS,,UNABLE TO DETERMINE,UNABLE TO DETERMINE,Y,NONINCAPACITATING INJURY,16,5,41.9615209991,-87.6662675435,2019,30,POINT (-87.6662675435 41.9615209991),,,,,2019-05-09,False,2,Uptown
2236,30,NO CONTROLS,NO CONTROLS,CLEAR,DAYLIGHT,PEDALCYCLIST,NOT DIVIDED,STRAIGHT AND LEVEL,DRY,UNKNOWN,,FAILING TO YIELD RIGHT-OF-WAY,NOT APPLICABLE,,NONINCAPACITATING INJURY,17,5,41.9368500362,-87.6490114857,2019,30,POINT (-87.6490114857 41.9368500362),,,,,2019-05-09,False,5,Lake View
2237,30,TRAFFIC SIGNAL,FUNCTIONING PROPERLY,CLEAR,DAYLIGHT,PEDALCYCLIST,DIVIDED - W/MEDIAN BARRIER,STRAIGHT AND LEVEL,DRY,NO DEFECTS,,FAILING TO YIELD RIGHT-OF-WAY,IMPROPER OVERTAKING/PASSING,,"REPORTED, NOT EVIDENT",18,5,41.9102252625,-87.7068960583,2019,30,POINT (-87.7068960583 41.9102252625),,,,,2019-05-09,False,22,Humboldt Park
2238,30,NO CONTROLS,NO CONTROLS,CLEAR,"DARKNESS, LIGHTED ROAD",PEDALCYCLIST,DIVIDED - W/MEDIAN (NOT RAISED),STRAIGHT AND LEVEL,DRY,NO DEFECTS,,NOT APPLICABLE,NOT APPLICABLE,Y,NO INDICATION OF INJURY,22,5,41.9817233659,-87.6682876552,2019,30,POINT (-87.6682876552 41.9817233659),,,,,2019-05-09,False,76,Edgewater
2239,30,TRAFFIC SIGNAL,FUNCTIONING PROPERLY,RAIN,DAYLIGHT,PEDALCYCLIST,NOT DIVIDED,STRAIGHT AND LEVEL,DRY,NO DEFECTS,Y,FOLLOWING TOO CLOSELY,NOT APPLICABLE,,NO INDICATION OF INJURY,16,5,41.9254021682,-87.6583957888,2019,30,POINT (-87.6583957888 41.9254021682),,,,,2019-05-10,False,6,Lincoln Park
2240,30,NO CONTROLS,NO CONTROLS,RAIN,DAYLIGHT,PEDALCYCLIST,NOT DIVIDED,STRAIGHT AND LEVEL,WET,UNKNOWN,Y,WEATHER,NOT APPLICABLE,,NONINCAPACITATING INJURY,14,5,41.9223235637,-87.7562406292,2019,30,POINT (-87.7562406292 41.9223235637),,,,,2019-05-11,False,18,Belmont Cragin
2241,30,NO CONTROLS,NO CONTROLS,RAIN,DAYLIGHT,PEDALCYCLIST,NOT DIVIDED,STRAIGHT AND LEVEL,WET,NO DEFECTS,Y,FAILING TO YIELD RIGHT-OF-WAY,IMPROPER TURNING/NO SIGNAL,,NONINCAPACITATING INJURY,14,5,41.9653959501,-87.6654953881,2019,30,POINT (-87.6654953881 41.9653959501),,,,,2019-05-11,False,2,Uptown
2242,30,TRAFFIC SIGNAL,FUNCTIONING PROPERLY,CLEAR,DAYLIGHT,PEDALCYCLIST,NOT DIVIDED,STRAIGHT AND LEVEL,WET,NO DEFECTS,,IMPROPER LANE USAGE,UNABLE TO DETERMINE,,NONINCAPACITATING INJURY,18,5,41.9142496224,-87.6539584155,2019,30,POINT (-87.6539584155 41.9142496224),,,,,2019-05-11,False,6,Lincoln Park
2243,30,TRAFFIC SIGNAL,FUNCTIONING PROPERLY,CLEAR,"DARKNESS, LIGHTED ROAD",PEDALCYCLIST,FOUR WAY,STRAIGHT AND LEVEL,DRY,NO DEFECTS,Y,UNABLE TO DETERMINE,NOT APPLICABLE,,NONINCAPACITATING INJURY,22,5,41.9289104728,-87.6490293203,2019,30,POINT (-87.6490293203 41.9289104728),,,,,2019-05-11,False,6,Lincoln Park
2244,30,NO CONTROLS,NO CONTROLS,CLEAR,"DARKNESS, LIGHTED ROAD",PEDALCYCLIST,NOT DIVIDED,STRAIGHT AND LEVEL,UNKNOWN,UNKNOWN,,NOT APPLICABLE,NOT APPLICABLE,Y,INCAPACITATING INJURY,0,5,41.9091996355,-87.6753987614,2019,30,POINT (-87.6753987614 41.9091996355),,,,,2019-05-12,True,23,West Town
2245,30,NO CONTROLS,NO CONTROLS,CLEAR,DAYLIGHT,PEDALCYCLIST,NOT DIVIDED,STRAIGHT AND LEVEL,DRY,NO DEFECTS,,NOT APPLICABLE,NOT APPLICABLE,Y,NONINCAPACITATING INJURY,11,5,41.7835653778,-87.6009886368,2019,30,POINT (-87.6009886368 41.7835653778),,,,,2019-05-12,False,41,Woodlawn
2246,35,NO CONTROLS,NO CONTROLS,CLEAR,DAYLIGHT,PEDALCYCLIST,NOT DIVIDED,STRAIGHT AND LEVEL,DRY,NO DEFECTS,,UNABLE TO DETERMINE,FAILING TO YIELD RIGHT-OF-WAY,,INCAPACITATING INJURY,11,5,41.9731296163,-87.6681802336,2019,35,POINT (-87.6681802336 41.9731296163),,,,,2019-05-12,True,2,Uptown
2247,30,STOP SIGN/FLASHER,FUNCTIONING PROPERLY,CLEAR,DAYLIGHT,PEDALCYCLIST,NOT DIVIDED,STRAIGHT AND LEVEL,DRY,NO DEFECTS,Y,DISREGARDING STOP SIGN,NOT APPLICABLE,,"REPORTED, NOT EVIDENT",14,5,41.8503156919,-87.6759359705,2019,30,POINT (-87.6759359705 41.8503156919),,,,,2019-05-12,False,30,Lower West Side
2248,30,NO CONTROLS,NO CONTROLS,RAIN,"DARKNESS, LIGHTED ROAD",PEDALCYCLIST,NOT DIVIDED,STRAIGHT AND LEVEL,WET,NO DEFECTS,,IMPROPER OVERTAKING/PASSING,FAILING TO YIELD RIGHT-OF-WAY,,"REPORTED, NOT EVIDENT",20,5,41.8858399797,-87.6256869927,2019,30,POINT (-87.6256869927 41.8858399797),,,,,2019-05-12,False,31,Loop
2249,30,TRAFFIC SIGNAL,FUNCTIONING PROPERLY,RAIN,"DARKNESS, LIGHTED ROAD",PEDALCYCLIST,CENTER TURN LANE,STRAIGHT AND LEVEL,WET,NO DEFECTS,Y,FAILING TO YIELD RIGHT-OF-WAY,UNABLE TO DETERMINE,,NO INDICATION OF INJURY,21,5,41.7649156415,-87.6735964405,2019,30,POINT (-87.6735964405 41.7649156415),,,,,2019-05-12,False,66,Englewood
2250,30,STOP SIGN/FLASHER,NO CONTROLS,CLEAR,DAYLIGHT,PEDALCYCLIST,NOT DIVIDED,STRAIGHT AND LEVEL,DRY,NO DEFECTS,Y,UNABLE TO DETERMINE,NOT APPLICABLE,,INCAPACITATING INJURY,7,5,41.8309718284,-87.6193925236,2019,30,POINT (-87.6193925236 41.8309718284),,,,,2019-05-13,True,34,Douglas
2251,30,TRAFFIC SIGNAL,FUNCTIONING PROPERLY,CLEAR,DAYLIGHT,PEDALCYCLIST,FOUR WAY,STRAIGHT AND LEVEL,DRY,NO DEFECTS,Y,IMPROPER BACKING,NOT APPLICABLE,,NO INDICATION OF INJURY,13,5,41.8791065469,-87.6208820228,2019,30,POINT (-87.6208820228 41.8791065469),,,,,2019-05-13,False,31,Loop
2252,30,NO CONTROLS,NO CONTROLS,CLEAR,DAYLIGHT,PEDALCYCLIST,NOT DIVIDED,STRAIGHT AND LEVEL,DRY,NO DEFECTS,,UNABLE TO DETERMINE,UNABLE TO DETERMINE,,NONINCAPACITATING INJURY,15,5,41.9731877467,-87.6559212861,2019,30,POINT (-87.6559212861 41.9731877467),,,,,2019-05-13,False,2,Uptown
2253,30,NO CONTROLS,NO CONTROLS,CLEAR,DAYLIGHT,PEDALCYCLIST,NOT DIVIDED,STRAIGHT AND LEVEL,DRY,NO DEFECTS,,FOLLOWING TOO CLOSELY,UNABLE TO DETERMINE,,NONINCAPACITATING INJURY,15,5,41.9503505385,-87.6436673364,2019,30,POINT (-87.6436673364 41.9503505385),,,,,2019-05-13,False,5,Lake View
2254,30,NO CONTROLS,NO CONTROLS,CLEAR,DAYLIGHT,PEDALCYCLIST,ALLEY,STRAIGHT AND LEVEL,DRY,NO DEFECTS,,FAILING TO YIELD RIGHT-OF-WAY,UNABLE TO DETERMINE,,NO INDICATION OF INJURY,16,5,41.929718653,-87.6431455324,2019,30,POINT (-87.6431455324 41.929718653),,,,,2019-05-13,False,6,Lincoln Park
2255,15,NO CONTROLS,NO CONTROLS,CLEAR,DARKNESS,PEDALCYCLIST,ALLEY,STRAIGHT AND LEVEL,DRY,NO DEFECTS,,FAILING TO YIELD RIGHT-OF-WAY,DRIVING SKILLS/KNOWLEDGE/EXPERIENCE,,NONINCAPACITATING INJURY,20,5,41.9605620266,-87.7696318182,2019,15,POINT (-87.7696318182 41.9605620266),,,,,2019-05-13,False,14,Portage Park
2256,30,STOP SIGN/FLASHER,NO CONTROLS,CLEAR,DAYLIGHT,PEDALCYCLIST,NOT DIVIDED,STRAIGHT AND LEVEL,DRY,NO DEFECTS,,IMPROPER OVERTAKING/PASSING,FAILING TO YIELD RIGHT-OF-WAY,,NONINCAPACITATING INJURY,8,5,41.8889853538,-87.656830908,2019,30,POINT (-87.656830908 41.8889853538),,,,,2019-05-14,False,7,Near North Side
2257,30,TRAFFIC SIGNAL,FUNCTIONING PROPERLY,CLEAR,DAYLIGHT,PEDALCYCLIST,FOUR WAY,STRAIGHT AND LEVEL,DRY,NO DEFECTS,Y,DISREGARDING TRAFFIC SIGNALS,EQUIPMENT - VEHICLE CONDITION,,NONINCAPACITATING INJURY,12,5,41.9174533052,-87.688536453,2019,30,POINT (-87.688536453 41.9174533052),,,,,2019-05-14,False,21,Logan Square
2258,30,NO CONTROLS,NO CONTROLS,CLEAR,DAYLIGHT,PEDALCYCLIST,PARKING LOT,STRAIGHT AND LEVEL,DRY,NO DEFECTS,,UNABLE TO DETERMINE,NOT APPLICABLE,,NONINCAPACITATING INJURY,15,5,42.0190206409,-87.6903269488,2019,30,POINT (-87.6903269488 42.0190206409),,,,,2019-05-14,False,1,West Ridge
2259,30,TRAFFIC SIGNAL,FUNCTIONING PROPERLY,CLEAR,DAYLIGHT,PEDALCYCLIST,NOT DIVIDED,STRAIGHT AND LEVEL,DRY,NO DEFECTS,Y,FAILING TO YIELD RIGHT-OF-WAY,NOT APPLICABLE,,NO INDICATION OF INJURY,17,5,41.7865938783,-87.6693880146,2019,30,POINT (-87.6693880146 41.7865938783),,,,,2019-05-14,False,66,Englewood
2260,35,TRAFFIC SIGNAL,FUNCTIONING PROPERLY,CLEAR,DAYLIGHT,PEDALCYCLIST,CENTER TURN LANE,STRAIGHT AND LEVEL,DRY,NO DEFECTS,Y,"OPERATING VEHICLE IN ERRATIC, RECKLESS, CARELESS, NEGLIGENT OR AGGRESSIVE MANNER",NOT APPLICABLE,,NO INDICATION OF INJURY,18,5,41.8746009622,-87.6327734961,2019,35,POINT (-87.6327734961 41.8746009622),,,,,2019-05-14,False,31,Loop
2261,30,NO CONTROLS,NO CONTROLS,CLEAR,DARKNESS,PEDALCYCLIST,NOT DIVIDED,STRAIGHT AND LEVEL,DRY,NO DEFECTS,Y,UNABLE TO DETERMINE,UNABLE TO DETERMINE,,NONINCAPACITATING INJURY,19,5,41.7653808411,-87.6400664563,2019,30,POINT (-87.6400664563 41.7653808411),,,,,2019-05-14,False,67,Englewood
2262,30,TRAFFIC SIGNAL,FUNCTIONING PROPERLY,CLEAR,"DARKNESS, LIGHTED ROAD",PEDALCYCLIST,DIVIDED - W/MEDIAN (NOT RAISED),STRAIGHT AND LEVEL,DRY,NO DEFECTS,Y,DRIVING SKILLS/KNOWLEDGE/EXPERIENCE,UNABLE TO DETERMINE,,NO INDICATION OF INJURY,23,5,41.9246438661,-87.7070700074,2019,30,POINT (-87.7070700074 41.9246438661),,,,,2019-05-14,False,21,Logan Square
2263,30,NO CONTROLS,NO CONTROLS,CLEAR,DAYLIGHT,PEDALCYCLIST,DIVIDED - W/MEDIAN (NOT RAISED),STRAIGHT AND LEVEL,DRY,NO DEFECTS,,"VISION OBSCURED (SIGNS, TREE LIMBS, BUILDINGS, ETC.)",FAILING TO YIELD RIGHT-OF-WAY,,"REPORTED, NOT EVIDENT",7,5,41.9318492507,-87.7132764886,2019,30,POINT (-87.7132764886 41.9318492507),,,,,2019-05-15,False,20,Avondale