Unnamed: 0,POSTED_SPEED_LIMIT,TRAFFIC_CONTROL_DEVICE,DEVICE_CONDITION,WEATHER_CONDITION,LIGHTING_CONDITION,FIRST_CRASH_TYPE,TRAFFICWAY_TYPE,ALIGNMENT,ROADWAY_SURFACE_COND,ROAD_DEFECT,INTERSECTION_RELATED_I,PRIM_CONTRIBUTORY_CAUSE,SEC_CONTRIBUTORY_CAUSE,DOORING_I,MOST_SEVERE_INJURY,CRASH_HOUR,CRASH_MONTH,LATITUDE,LONGITUDE,CRASH_YEAR,SPEED_LIMIT,geometry,DISPLAYROU,the_geom,DIST,LANE_TYPE,CRASH_DATE,is_severe,index_right,CArea
2264,45,NO CONTROLS,NO CONTROLS,CLEAR,DAYLIGHT,PEDALCYCLIST,NOT DIVIDED,STRAIGHT AND LEVEL,DRY,NO DEFECTS,,UNABLE TO DETERMINE,NOT APPLICABLE,Y,NONINCAPACITATING INJURY,10,5,41.9365690237,-87.6641136238,2019,45,POINT (-87.6641136238 41.9365690237),,,,,2019-05-15,False,5,Lake View
2265,35,STOP SIGN/FLASHER,FUNCTIONING PROPERLY,CLEAR,DAYLIGHT,PEDALCYCLIST,NOT DIVIDED,STRAIGHT AND LEVEL,DRY,NO DEFECTS,Y,FAILING TO YIELD RIGHT-OF-WAY,NOT APPLICABLE,Y,NONINCAPACITATING INJURY,11,5,41.7628877507,-87.6736285588,2019,35,POINT (-87.6736285588 41.7628877507),,,,,2019-05-15,False,66,Englewood
2266,30,PEDESTRIAN CROSSING SIGN,FUNCTIONING PROPERLY,CLEAR,DAYLIGHT,PEDALCYCLIST,DIVIDED - W/MEDIAN (NOT RAISED),STRAIGHT AND LEVEL,DRY,NO DEFECTS,,FAILING TO YIELD RIGHT-OF-WAY,NOT APPLICABLE,,NO INDICATION OF INJURY,16,5,41.8743045568,-87.6493652314,2019,30,POINT (-87.6493652314 41.8743045568),,,,,2019-05-15,False,27,Near West Side
2267,30,TRAFFIC SIGNAL,FUNCTIONING PROPERLY,CLEAR,DAYLIGHT,PEDALCYCLIST,NOT DIVIDED,STRAIGHT AND LEVEL,DRY,NO DEFECTS,Y,FAILING TO YIELD RIGHT-OF-WAY,FAILING TO YIELD RIGHT-OF-WAY,,NONINCAPACITATING INJURY,16,5,41.997649133,-87.6997926289,2019,30,POINT (-87.6997926289 41.997649133),,,,,2019-05-15,False,1,West Ridge
2268,30,TRAFFIC SIGNAL,UNKNOWN,CLEAR,DAYLIGHT,PEDALCYCLIST,NOT DIVIDED,STRAIGHT AND LEVEL,DRY,NO DEFECTS,Y,FAILING TO YIELD RIGHT-OF-WAY,IMPROPER LANE USAGE,,NONINCAPACITATING INJURY,16,5,41.9388010804,-87.686927133,2019,30,POINT (-87.686927133 41.9388010804),,,,,2019-05-15,False,4,North Center
2269,30,NO CONTROLS,NO CONTROLS,CLEAR,DAYLIGHT,PEDALCYCLIST,NOT DIVIDED,STRAIGHT AND LEVEL,DRY,NO DEFECTS,,FAILING TO YIELD RIGHT-OF-WAY,NOT APPLICABLE,,"REPORTED, NOT EVIDENT",17,5,41.9354092987,-87.6492528167,2019,30,POINT (-87.6492528167 41.9354092987),,,,,2019-05-15,False,5,Lake View
2270,30,STOP SIGN/FLASHER,FUNCTIONING PROPERLY,CLEAR,DAYLIGHT,PEDALCYCLIST,FOUR WAY,STRAIGHT AND LEVEL,DRY,NO DEFECTS,Y,UNABLE TO DETERMINE,UNABLE TO DETERMINE,,NONINCAPACITATING INJURY,18,5,41.9030562898,-87.694540893,2019,30,POINT (-87.694540893 41.9030562898),,,,,2019-05-15,False,22,Humboldt Park
2271,30,NO CONTROLS,NO CONTROLS,CLEAR,DAYLIGHT,PEDALCYCLIST,NOT DIVIDED,STRAIGHT AND LEVEL,DRY,NO DEFECTS,,FAILING TO YIELD RIGHT-OF-WAY,NOT APPLICABLE,,NO INDICATION OF INJURY,8,5,41.9112245556,-87.6264825724,2019,30,POINT (-87.6264825724 41.9112245556),,,,,2019-05-16,False,6,Lincoln Park
2272,30,NO CONTROLS,NO CONTROLS,CLEAR,DAYLIGHT,PEDALCYCLIST,DIVIDED - W/MEDIAN (NOT RAISED),STRAIGHT AND LEVEL,DRY,NO DEFECTS,,DISREGARDING ROAD MARKINGS,IMPROPER LANE USAGE,,NONINCAPACITATING INJURY,9,5,41.9980992281,-87.6900422332,2019,30,POINT (-87.6900422332 41.9980992281),,,,,2019-05-16,False,1,West Ridge
2273,30,TRAFFIC SIGNAL,FUNCTIONING PROPERLY,CLEAR,DAYLIGHT,PEDALCYCLIST,NOT DIVIDED,STRAIGHT AND LEVEL,DRY,NO DEFECTS,Y,FAILING TO YIELD RIGHT-OF-WAY,FAILING TO REDUCE SPEED TO AVOID CRASH,,NONINCAPACITATING INJURY,10,5,41.9388903621,-87.6393573451,2019,30,POINT (-87.6393573451 41.9388903621),,,,,2019-05-16,False,5,Lake View
2274,30,STOP SIGN/FLASHER,FUNCTIONING PROPERLY,CLEAR,DAYLIGHT,PEDALCYCLIST,FOUR WAY,STRAIGHT AND LEVEL,DRY,NO DEFECTS,Y,UNABLE TO DETERMINE,UNABLE TO DETERMINE,,NONINCAPACITATING INJURY,16,5,41.9729350026,-87.7769139504,2019,30,POINT (-87.7769139504 41.9729350026),,,,,2019-05-16,False,10,Jefferson Park
2275,30,STOP SIGN/FLASHER,FUNCTIONING PROPERLY,CLEAR,DAYLIGHT,PEDALCYCLIST,NOT DIVIDED,STRAIGHT AND LEVEL,UNKNOWN,UNKNOWN,N,FAILING TO YIELD RIGHT-OF-WAY,NOT APPLICABLE,,NO INDICATION OF INJURY,17,5,41.8933894012,-87.65076876,2019,30,POINT (-87.65076876 41.8933894012),,,,,2019-05-16,False,7,Near North Side
2276,30,NO CONTROLS,NO CONTROLS,CLEAR,DAWN,PEDALCYCLIST,ONE-WAY,STRAIGHT AND LEVEL,DRY,NO DEFECTS,,FAILING TO YIELD RIGHT-OF-WAY,FAILING TO YIELD RIGHT-OF-WAY,,INCAPACITATING INJURY,6,5,41.8503892246,-87.7090134002,2019,30,POINT (-87.7090134002 41.8503892246),,,,,2019-05-17,True,28,North Lawndale
2277,30,UNKNOWN,UNKNOWN,CLOUDY/OVERCAST,DAYLIGHT,PEDALCYCLIST,UNKNOWN,STRAIGHT AND LEVEL,UNKNOWN,UNKNOWN,,FAILING TO YIELD RIGHT-OF-WAY,UNABLE TO DETERMINE,,NONINCAPACITATING INJURY,8,5,41.7432687864,-87.6436819032,2019,30,POINT (-87.6436819032 41.7432687864),,,,,2019-05-17,False,70,Auburn Gresham
2278,30,NO CONTROLS,NO CONTROLS,CLEAR,DAYLIGHT,PEDALCYCLIST,NOT DIVIDED,STRAIGHT AND LEVEL,DRY,NO DEFECTS,,NOT APPLICABLE,UNABLE TO DETERMINE,,NO INDICATION OF INJURY,8,5,41.7434134083,-87.6475619155,2019,30,POINT (-87.6475619155 41.7434134083),,,,,2019-05-17,False,70,Auburn Gresham
2279,35,TRAFFIC SIGNAL,FUNCTIONING PROPERLY,CLOUDY/OVERCAST,DAYLIGHT,PEDALCYCLIST,DIVIDED - W/MEDIAN (NOT RAISED),STRAIGHT AND LEVEL,DRY,NO DEFECTS,Y,"OPERATING VEHICLE IN ERRATIC, RECKLESS, CARELESS, NEGLIGENT OR AGGRESSIVE MANNER",NOT APPLICABLE,,NO INDICATION OF INJURY,8,5,41.7070312017,-87.6200899435,2019,35,POINT (-87.6200899435 41.7070312017),,,,,2019-05-17,False,48,Roseland
2280,20,NO CONTROLS,NO CONTROLS,CLEAR,DAYLIGHT,PEDALCYCLIST,NOT DIVIDED,STRAIGHT AND LEVEL,DRY,NO DEFECTS,,UNABLE TO DETERMINE,UNABLE TO DETERMINE,,NO INDICATION OF INJURY,13,5,41.7769019685,-87.726319333,2019,20,POINT (-87.726319333 41.7769019685),,,,,2019-05-17,False,64,West Lawn
2281,30,NO CONTROLS,NO CONTROLS,CLEAR,DAYLIGHT,PEDALCYCLIST,OTHER,STRAIGHT AND LEVEL,DRY,NO DEFECTS,Y,"OPERATING VEHICLE IN ERRATIC, RECKLESS, CARELESS, NEGLIGENT OR AGGRESSIVE MANNER",FAILING TO REDUCE SPEED TO AVOID CRASH,,INCAPACITATING INJURY,9,5,41.9113777221,-87.6266392,2019,30,POINT (-87.6266392 41.9113777221),,,,,2019-05-18,True,6,Lincoln Park
2282,30,STOP SIGN/FLASHER,FUNCTIONING PROPERLY,CLOUDY/OVERCAST,DAYLIGHT,PEDALCYCLIST,T-INTERSECTION,STRAIGHT AND LEVEL,DRY,NO DEFECTS,Y,UNABLE TO DETERMINE,UNABLE TO DETERMINE,,NONINCAPACITATING INJURY,12,5,41.9733533964,-87.6508510675,2019,30,POINT (-87.6508510675 41.9733533964),,,,,2019-05-18,False,2,Uptown
2283,30,TRAFFIC SIGNAL,FUNCTIONING PROPERLY,CLEAR,DAYLIGHT,PEDALCYCLIST,FOUR WAY,STRAIGHT AND LEVEL,DRY,NO DEFECTS,,DISREGARDING ROAD MARKINGS,NOT APPLICABLE,,NONINCAPACITATING INJURY,12,5,41.9028967724,-87.7021204078,2019,30,POINT (-87.7021204078 41.9028967724),,,,,2019-05-18,False,22,Humboldt Park
2284,30,STOP SIGN/FLASHER,FUNCTIONING PROPERLY,RAIN,DAYLIGHT,PEDALCYCLIST,FOUR WAY,STRAIGHT AND LEVEL,WET,NO DEFECTS,Y,FAILING TO YIELD RIGHT-OF-WAY,NOT APPLICABLE,,INCAPACITATING INJURY,14,5,41.8829826834,-87.698649257,2019,30,POINT (-87.698649257 41.8829826834),,,,,2019-05-18,True,26,Garfield Park
2285,30,NO CONTROLS,NO CONTROLS,RAIN,DAYLIGHT,PEDALCYCLIST,NOT DIVIDED,STRAIGHT AND LEVEL,WET,NO DEFECTS,Y,FAILING TO YIELD RIGHT-OF-WAY,WEATHER,,NONINCAPACITATING INJURY,15,5,41.934218094,-87.6782427633,2019,30,POINT (-87.6782427633 41.934218094),,,,,2019-05-18,False,4,North Center
2286,25,NO CONTROLS,NO CONTROLS,CLEAR,DAYLIGHT,PEDALCYCLIST,NOT DIVIDED,STRAIGHT AND LEVEL,DRY,NO DEFECTS,,FAILING TO YIELD RIGHT-OF-WAY,PHYSICAL CONDITION OF DRIVER,,NONINCAPACITATING INJURY,18,5,41.9326477926,-87.6470600635,2019,25,POINT (-87.6470600635 41.9326477926),,,,,2019-05-18,False,5,Lake View
2287,25,TRAFFIC SIGNAL,FUNCTIONING PROPERLY,CLEAR,DAYLIGHT,PEDALCYCLIST,NOT DIVIDED,STRAIGHT AND LEVEL,DRY,NO DEFECTS,Y,DISREGARDING TRAFFIC SIGNALS,NOT APPLICABLE,,NONINCAPACITATING INJURY,19,5,42.00788674,-87.6736084116,2019,25,POINT (-87.6736084116 42.00788674),,,,,2019-05-18,False,0,Rogers Park
2288,30,TRAFFIC SIGNAL,FUNCTIONING PROPERLY,CLEAR,DAYLIGHT,PEDALCYCLIST,NOT DIVIDED,STRAIGHT AND LEVEL,DRY,NO DEFECTS,Y,UNABLE TO DETERMINE,UNABLE TO DETERMINE,,NO INDICATION OF INJURY,22,5,41.904053187,-87.6285903295,2019,30,POINT (-87.6285903295 41.904053187),,,,,2019-05-18,False,7,Near North Side
2289,30,TRAFFIC SIGNAL,FUNCTIONING PROPERLY,CLEAR,DAYLIGHT,PEDALCYCLIST,DIVIDED - W/MEDIAN BARRIER,STRAIGHT AND LEVEL,DRY,NO DEFECTS,,NOT APPLICABLE,NOT APPLICABLE,,NO INDICATION OF INJURY,17,5,41.8723444068,-87.6284872922,2019,30,POINT (-87.6284872922 41.8723444068),,,,,2019-05-19,False,31,Loop
2290,10,NO CONTROLS,NO CONTROLS,CLEAR,DAYLIGHT,PEDALCYCLIST,ALLEY,STRAIGHT AND LEVEL,DRY,NO DEFECTS,,FAILING TO YIELD RIGHT-OF-WAY,FAILING TO REDUCE SPEED TO AVOID CRASH,,NONINCAPACITATING INJURY,9,5,41.8368708518,-87.7188118399,2019,10,POINT (-87.7188118399 41.8368708518),,,,,2019-05-20,False,29,South Lawndale
2291,30,NO CONTROLS,NO CONTROLS,CLEAR,DAYLIGHT,PEDALCYCLIST,NOT DIVIDED,STRAIGHT AND LEVEL,DRY,NO DEFECTS,,DRIVING SKILLS/KNOWLEDGE/EXPERIENCE,NOT APPLICABLE,,NONINCAPACITATING INJURY,18,5,42.0193576195,-87.6828951855,2019,30,POINT (-87.6828951855 42.0193576195),,,,,2019-05-20,False,0,Rogers Park
2292,30,STOP SIGN/FLASHER,FUNCTIONING PROPERLY,CLEAR,DAYLIGHT,PEDALCYCLIST,NOT DIVIDED,STRAIGHT AND LEVEL,WET,NO DEFECTS,Y,FAILING TO YIELD RIGHT-OF-WAY,UNABLE TO DETERMINE,,NONINCAPACITATING INJURY,19,5,41.9331256545,-87.7563363164,2019,30,POINT (-87.7563363164 41.9331256545),,,,,2019-05-20,False,18,Belmont Cragin
2293,30,NO CONTROLS,NO CONTROLS,CLEAR,DARKNESS,PEDALCYCLIST,NOT DIVIDED,STRAIGHT AND LEVEL,DRY,NO DEFECTS,,IMPROPER LANE USAGE,UNABLE TO DETERMINE,,NONINCAPACITATING INJURY,20,5,41.8702421673,-87.6615216433,2019,30,POINT (-87.6615216433 41.8702421673),,,,,2019-05-20,False,27,Near West Side
2294,20,NO CONTROLS,NO CONTROLS,RAIN,DAYLIGHT,PEDALCYCLIST,NOT DIVIDED,STRAIGHT AND LEVEL,WET,NO DEFECTS,,NOT APPLICABLE,NOT APPLICABLE,Y,NONINCAPACITATING INJURY,7,5,41.9752109653,-87.6792314606,2019,20,POINT (-87.6792314606 41.9752109653),,,,,2019-05-21,False,3,Lincoln Square
2295,30,STOP SIGN/FLASHER,FUNCTIONING PROPERLY,RAIN,DAYLIGHT,PEDALCYCLIST,NOT DIVIDED,STRAIGHT AND LEVEL,WET,NO DEFECTS,Y,FAILING TO YIELD RIGHT-OF-WAY,UNABLE TO DETERMINE,,NO INDICATION OF INJURY,7,5,41.8339628092,-87.6843720818,2019,30,POINT (-87.6843720818 41.8339628092),,,,,2019-05-21,False,57,Brighton Park
2296,15,NO CONTROLS,NO CONTROLS,RAIN,DAYLIGHT,PEDALCYCLIST,ONE-WAY,STRAIGHT ON GRADE,WET,UNKNOWN,,UNABLE TO DETERMINE,NOT APPLICABLE,,NO INDICATION OF INJURY,10,5,41.9112245556,-87.6264825724,2019,15,POINT (-87.6264825724 41.9112245556),,,,,2019-05-21,False,6,Lincoln Park
2297,30,NO CONTROLS,UNKNOWN,CLEAR,DAYLIGHT,PEDALCYCLIST,DIVIDED - W/MEDIAN (NOT RAISED),STRAIGHT AND LEVEL,DRY,UNKNOWN,,UNABLE TO DETERMINE,UNABLE TO DETERMINE,,NO INDICATION OF INJURY,15,5,41.8391166061,-87.6949360635,2019,30,POINT (-87.6949360635 41.8391166061),,,,,2019-05-21,False,29,South Lawndale
2298,30,TRAFFIC SIGNAL,FUNCTIONING PROPERLY,CLEAR,DAYLIGHT,PEDALCYCLIST,NOT DIVIDED,STRAIGHT AND LEVEL,DRY,NO DEFECTS,Y,DISREGARDING TRAFFIC SIGNALS,FAILING TO YIELD RIGHT-OF-WAY,,NONINCAPACITATING INJURY,14,5,41.7648593824,-87.6639401763,2019,30,POINT (-87.6639401763 41.7648593824),,,,,2019-05-22,False,66,Englewood
2299,30,TRAFFIC SIGNAL,FUNCTIONING PROPERLY,CLEAR,DAYLIGHT,PEDALCYCLIST,DIVIDED - W/MEDIAN (NOT RAISED),STRAIGHT AND LEVEL,DRY,WORN SURFACE,,NOT APPLICABLE,UNABLE TO DETERMINE,,NO INDICATION OF INJURY,16,5,41.8933317262,-87.6478209821,2019,30,POINT (-87.6478209821 41.8933317262),,,,,2019-05-22,False,7,Near North Side
2300,30,STOP SIGN/FLASHER,FUNCTIONING PROPERLY,CLEAR,DAYLIGHT,PEDALCYCLIST,NOT DIVIDED,STRAIGHT AND LEVEL,DRY,NO DEFECTS,Y,UNABLE TO DETERMINE,UNABLE TO DETERMINE,,NO INDICATION OF INJURY,17,5,41.7778184762,-87.7201375298,2019,30,POINT (-87.7201375298 41.7778184762),,,,,2019-05-22,False,64,West Lawn
2301,30,NO CONTROLS,NO CONTROLS,CLEAR,DAYLIGHT,PEDALCYCLIST,NOT DIVIDED,STRAIGHT AND LEVEL,DRY,NO DEFECTS,,UNABLE TO DETERMINE,NOT APPLICABLE,Y,NO INDICATION OF INJURY,17,5,41.9451682246,-87.7567420942,2019,30,POINT (-87.7567420942 41.9451682246),,,,,2019-05-22,False,14,Portage Park
2302,25,UNKNOWN,UNKNOWN,CLEAR,DAYLIGHT,PEDALCYCLIST,NOT DIVIDED,STRAIGHT AND LEVEL,DRY,NO DEFECTS,,DRIVING SKILLS/KNOWLEDGE/EXPERIENCE,NOT APPLICABLE,N,"REPORTED, NOT EVIDENT",18,5,41.8842176577,-87.6520417608,2019,25,POINT (-87.6520417608 41.8842176577),,,,,2019-05-22,False,27,Near West Side
2303,15,TRAFFIC SIGNAL,FUNCTIONING PROPERLY,CLEAR,DAYLIGHT,PEDALCYCLIST,OTHER,"CURVE, LEVEL","SAND, MUD, DIRT",NO DEFECTS,Y,FAILING TO YIELD RIGHT-OF-WAY,DISREGARDING ROAD MARKINGS,,NONINCAPACITATING INJURY,18,5,41.913382769,-87.6261767016,2019,15,POINT (-87.6261767016 41.913382769),,,,,2019-05-22,False,6,Lincoln Park
2304,15,NO CONTROLS,NO CONTROLS,CLEAR,DUSK,PEDALCYCLIST,ALLEY,STRAIGHT AND LEVEL,DRY,SHOULDER DEFECT,,FOLLOWING TOO CLOSELY,NOT APPLICABLE,,NONINCAPACITATING INJURY,21,5,41.9612187512,-87.7132851776,2019,15,POINT (-87.7132851776 41.9612187512),,,,,2019-05-22,False,13,Albany Park
2305,30,NO CONTROLS,NO CONTROLS,RAIN,DARKNESS,PEDALCYCLIST,NOT DIVIDED,STRAIGHT AND LEVEL,WET,NO DEFECTS,,IMPROPER TURNING/NO SIGNAL,NOT APPLICABLE,,NONINCAPACITATING INJURY,23,5,41.8578728946,-87.6546978002,2019,30,POINT (-87.6546978002 41.8578728946),,,,,2019-05-22,False,27,Near West Side
2307,25,TRAFFIC SIGNAL,FUNCTIONING PROPERLY,CLEAR,DAYLIGHT,PEDALCYCLIST,NOT DIVIDED,STRAIGHT AND LEVEL,DRY,NO DEFECTS,Y,UNABLE TO DETERMINE,NOT APPLICABLE,,NONINCAPACITATING INJURY,8,5,41.8757362591,-87.6292129469,2019,25,POINT (-87.6292129469 41.8757362591),,,,,2019-05-23,False,31,Loop
2308,30,STOP SIGN/FLASHER,NO CONTROLS,CLEAR,DAYLIGHT,PEDALCYCLIST,NOT DIVIDED,STRAIGHT AND LEVEL,DRY,NO DEFECTS,,FAILING TO YIELD RIGHT-OF-WAY,NOT APPLICABLE,,NONINCAPACITATING INJURY,8,5,41.9205350201,-87.6487402416,2019,30,POINT (-87.6487402416 41.9205350201),,,,,2019-05-23,False,6,Lincoln Park
2309,35,TRAFFIC SIGNAL,FUNCTIONING PROPERLY,CLEAR,DAYLIGHT,PEDALCYCLIST,NOT DIVIDED,STRAIGHT AND LEVEL,DRY,NO DEFECTS,Y,DISREGARDING TRAFFIC SIGNALS,IMPROPER LANE USAGE,,NO INDICATION OF INJURY,8,5,41.8783101346,-87.6175759034,2019,35,POINT (-87.6175759034 41.8783101346),,,,,2019-05-23,False,31,Loop
2310,20,STOP SIGN/FLASHER,NO CONTROLS,CLEAR,DAYLIGHT,PEDALCYCLIST,ONE-WAY,STRAIGHT AND LEVEL,DRY,NO DEFECTS,,FOLLOWING TOO CLOSELY,FAILING TO REDUCE SPEED TO AVOID CRASH,,NONINCAPACITATING INJURY,14,5,41.7284391768,-87.6617752414,2019,20,POINT (-87.6617752414 41.7284391768),,,,,2019-05-23,False,71,Beverly
2311,30,NO CONTROLS,NO CONTROLS,CLEAR,DAYLIGHT,PEDALCYCLIST,NOT DIVIDED,STRAIGHT AND LEVEL,DRY,NO DEFECTS,,UNABLE TO DETERMINE,NOT APPLICABLE,Y,NONINCAPACITATING INJURY,15,5,41.9034150774,-87.6699714414,2019,30,POINT (-87.6699714414 41.9034150774),,,,,2019-05-23,False,23,West Town
2312,30,TRAFFIC SIGNAL,FUNCTIONING PROPERLY,CLEAR,DAYLIGHT,PEDALCYCLIST,DIVIDED - W/MEDIAN (NOT RAISED),STRAIGHT AND LEVEL,DRY,NO DEFECTS,,IMPROPER OVERTAKING/PASSING,NOT APPLICABLE,,NO INDICATION OF INJURY,16,5,41.9329209737,-87.6451545476,2019,30,POINT (-87.6451545476 41.9329209737),,,,,2019-05-23,False,5,Lake View
2313,20,NO CONTROLS,NO CONTROLS,CLEAR,DAYLIGHT,PEDALCYCLIST,NOT DIVIDED,STRAIGHT AND LEVEL,DRY,NO DEFECTS,Y,"VISION OBSCURED (SIGNS, TREE LIMBS, BUILDINGS, ETC.)","VISION OBSCURED (SIGNS, TREE LIMBS, BUILDINGS, ETC.)",,INCAPACITATING INJURY,16,5,41.692271033,-87.6586551591,2019,20,POINT (-87.6586551591 41.692271033),,,,,2019-05-23,True,74,Morgan Park
2314,25,STOP SIGN/FLASHER,FUNCTIONING PROPERLY,CLEAR,DAYLIGHT,PEDALCYCLIST,NOT DIVIDED,STRAIGHT AND LEVEL,DRY,NO DEFECTS,Y,"VISION OBSCURED (SIGNS, TREE LIMBS, BUILDINGS, ETC.)",NOT APPLICABLE,,NO INDICATION OF INJURY,18,5,41.9867549803,-87.7100986561,2019,25,POINT (-87.7100986561 41.9867549803),,,,,2019-05-23,False,1,West Ridge
2315,30,NO CONTROLS,NO CONTROLS,CLEAR,DAYLIGHT,PEDALCYCLIST,NOT DIVIDED,STRAIGHT AND LEVEL,DRY,UNKNOWN,Y,UNABLE TO DETERMINE,UNABLE TO DETERMINE,,INCAPACITATING INJURY,19,5,41.990094433,-87.7783369813,2019,30,POINT (-87.7783369813 41.990094433),,,,,2019-05-23,True,10,Jefferson Park
2316,30,TRAFFIC SIGNAL,FUNCTIONING PROPERLY,CLEAR,DUSK,PEDALCYCLIST,DIVIDED - W/MEDIAN (NOT RAISED),STRAIGHT AND LEVEL,DRY,NO DEFECTS,Y,UNABLE TO DETERMINE,NOT APPLICABLE,,"REPORTED, NOT EVIDENT",19,5,41.8461263601,-87.714985056,2019,30,POINT (-87.714985056 41.8461263601),,,,,2019-05-23,False,28,North Lawndale
2317,30,UNKNOWN,UNKNOWN,CLEAR,DAYLIGHT,PEDALCYCLIST,NOT DIVIDED,STRAIGHT AND LEVEL,DRY,NO DEFECTS,,UNABLE TO DETERMINE,NOT APPLICABLE,Y,NONINCAPACITATING INJURY,12,5,41.9681702066,-87.7245221314,2019,30,POINT (-87.7245221314 41.9681702066),,,,,2019-05-24,False,13,Albany Park
2318,30,STOP SIGN/FLASHER,FUNCTIONING PROPERLY,CLEAR,DAYLIGHT,PEDALCYCLIST,DIVIDED - W/MEDIAN (NOT RAISED),STRAIGHT AND LEVEL,DRY,NO DEFECTS,,FAILING TO YIELD RIGHT-OF-WAY,NOT APPLICABLE,,NONINCAPACITATING INJURY,15,5,41.7712122083,-87.7030641529,2019,30,POINT (-87.7030641529 41.7712122083),,,,,2019-05-24,False,65,Chicago Lawn
2319,30,NO CONTROLS,NO CONTROLS,CLEAR,DAYLIGHT,PEDALCYCLIST,NOT DIVIDED,STRAIGHT AND LEVEL,DRY,NO DEFECTS,,DRIVING SKILLS/KNOWLEDGE/EXPERIENCE,NOT APPLICABLE,,NONINCAPACITATING INJURY,18,5,41.7593025495,-87.6671010543,2019,30,POINT (-87.6671010543 41.7593025495),,,,,2019-05-24,False,66,Englewood
2320,30,TRAFFIC SIGNAL,FUNCTIONING PROPERLY,CLEAR,"DARKNESS, LIGHTED ROAD",PEDALCYCLIST,FOUR WAY,STRAIGHT AND LEVEL,DRY,NO DEFECTS,Y,FAILING TO YIELD RIGHT-OF-WAY,IMPROPER TURNING/NO SIGNAL,,INCAPACITATING INJURY,21,5,41.8966788753,-87.6328576605,2019,30,POINT (-87.6328576605 41.8966788753),,,,,2019-05-24,True,7,Near North Side
2321,30,NO CONTROLS,NO CONTROLS,CLEAR,DAYLIGHT,PEDALCYCLIST,NOT DIVIDED,STRAIGHT AND LEVEL,DRY,NO DEFECTS,,NOT APPLICABLE,NOT APPLICABLE,Y,NONINCAPACITATING INJURY,9,5,41.9405026191,-87.6693986863,2019,30,POINT (-87.6693986863 41.9405026191),,,,,2019-05-25,False,5,Lake View
2322,30,NO CONTROLS,NO CONTROLS,CLEAR,DAYLIGHT,PEDALCYCLIST,NOT DIVIDED,STRAIGHT AND LEVEL,DRY,NO DEFECTS,Y,FAILING TO YIELD RIGHT-OF-WAY,UNABLE TO DETERMINE,,"REPORTED, NOT EVIDENT",11,5,41.8389866138,-87.6577381264,2019,30,POINT (-87.6577381264 41.8389866138),,,,,2019-05-25,False,30,Lower West Side
2323,30,NO CONTROLS,NO CONTROLS,CLEAR,DAYLIGHT,PEDALCYCLIST,NOT DIVIDED,STRAIGHT AND LEVEL,DRY,NO DEFECTS,,FAILING TO YIELD RIGHT-OF-WAY,NOT APPLICABLE,,NO INDICATION OF INJURY,17,5,41.9052874857,-87.6386434849,2019,30,POINT (-87.6386434849 41.9052874857),,,,,2019-05-25,False,7,Near North Side
2324,30,TRAFFIC SIGNAL,FUNCTIONING PROPERLY,CLEAR,DAYLIGHT,PEDALCYCLIST,FOUR WAY,STRAIGHT AND LEVEL,DRY,NO DEFECTS,Y,FAILING TO YIELD RIGHT-OF-WAY,OBSTRUCTED CROSSWALKS,,NO INDICATION OF INJURY,18,5,41.8817170556,-87.6472105392,2019,30,POINT (-87.6472105392 41.8817170556),,,,,2019-05-25,False,27,Near West Side
2325,25,NO CONTROLS,NO CONTROLS,CLEAR,DAYLIGHT,PEDALCYCLIST,NOT DIVIDED,STRAIGHT AND LEVEL,DRY,NO DEFECTS,,FAILING TO YIELD RIGHT-OF-WAY,UNABLE TO DETERMINE,,NONINCAPACITATING INJURY,18,5,41.9701002562,-87.7146959766,2019,25,POINT (-87.7146959766 41.9701002562),,,,,2019-05-25,False,13,Albany Park
2326,30,NO CONTROLS,NO CONTROLS,CLEAR,DAYLIGHT,PEDALCYCLIST,ONE-WAY,STRAIGHT AND LEVEL,DRY,NO DEFECTS,,UNABLE TO DETERMINE,FAILING TO REDUCE SPEED TO AVOID CRASH,,NONINCAPACITATING INJURY,19,5,41.9377691735,-87.8325904165,2019,30,POINT (-87.8325904165 41.9377691735),,,,,2019-05-25,False,16,Dunning
2327,35,TRAFFIC SIGNAL,FUNCTIONING PROPERLY,CLOUDY/OVERCAST,DAYLIGHT,PEDALCYCLIST,Y-INTERSECTION,STRAIGHT AND LEVEL,DRY,NO DEFECTS,Y,FAILING TO YIELD RIGHT-OF-WAY,IMPROPER OVERTAKING/PASSING,,NONINCAPACITATING INJURY,13,5,41.98658596,-87.6693684104,2019,35,POINT (-87.6693684104 41.98658596),,,,,2019-05-26,False,76,Edgewater
2328,30,TRAFFIC SIGNAL,FUNCTIONING PROPERLY,CLEAR,DAYLIGHT,PEDALCYCLIST,FOUR WAY,STRAIGHT AND LEVEL,DRY,NO DEFECTS,Y,FAILING TO YIELD RIGHT-OF-WAY,NOT APPLICABLE,,INCAPACITATING INJURY,15,5,41.7962320525,-87.7622843295,2019,30,POINT (-87.7622843295 41.7962320525),,,,,2019-05-26,True,55,Garfield Ridge
2329,30,TRAFFIC SIGNAL,FUNCTIONING PROPERLY,CLEAR,"DARKNESS, LIGHTED ROAD",PEDALCYCLIST,ONE-WAY,STRAIGHT AND LEVEL,DRY,NO DEFECTS,Y,UNABLE TO DETERMINE,UNABLE TO DETERMINE,,NONINCAPACITATING INJURY,3,5,41.8706981805,-87.7195866294,2019,30,POINT (-87.7195866294 41.8706981805),,,,,2019-05-27,False,26,Garfield Park