Unnamed: 0,POSTED_SPEED_LIMIT,TRAFFIC_CONTROL_DEVICE,DEVICE_CONDITION,WEATHER_CONDITION,LIGHTING_CONDITION,FIRST_CRASH_TYPE,TRAFFICWAY_TYPE,ALIGNMENT,ROADWAY_SURFACE_COND,ROAD_DEFECT,INTERSECTION_RELATED_I,PRIM_CONTRIBUTORY_CAUSE,SEC_CONTRIBUTORY_CAUSE,DOORING_I,MOST_SEVERE_INJURY,CRASH_HOUR,CRASH_MONTH,LATITUDE,LONGITUDE,CRASH_YEAR,SPEED_LIMIT,geometry,DISPLAYROU,the_geom,DIST,LANE_TYPE,CRASH_DATE,is_severe,index_right,CArea
2330,30,TRAFFIC SIGNAL,FUNCTIONING IMPROPERLY,CLEAR,DAYLIGHT,PEDALCYCLIST,FOUR WAY,STRAIGHT AND LEVEL,DRY,NO DEFECTS,Y,FAILING TO YIELD RIGHT-OF-WAY,FAILING TO REDUCE SPEED TO AVOID CRASH,,INCAPACITATING INJURY,11,5,41.7732861901,-87.6059191026,2019,30,POINT (-87.6059191026 41.7732861901),,,,,2019-05-27,True,41,Woodlawn
2331,30,NO CONTROLS,NO CONTROLS,CLEAR,DAYLIGHT,PEDALCYCLIST,ALLEY,STRAIGHT AND LEVEL,DRY,NO DEFECTS,,FAILING TO YIELD RIGHT-OF-WAY,NOT APPLICABLE,,NONINCAPACITATING INJURY,13,5,41.9389466336,-87.7460856246,2019,30,POINT (-87.7460856246 41.9389466336),,,,,2019-05-27,False,14,Portage Park
2332,30,NO CONTROLS,NO CONTROLS,CLEAR,DAYLIGHT,PEDALCYCLIST,NOT DIVIDED,STRAIGHT AND LEVEL,DRY,NO DEFECTS,,FAILING TO YIELD RIGHT-OF-WAY,NOT APPLICABLE,Y,INCAPACITATING INJURY,6,5,41.7859241038,-87.7347943972,2019,30,POINT (-87.7347943972 41.7859241038),,,,,2019-05-28,True,61,West Elsdon
2333,30,TRAFFIC SIGNAL,FUNCTIONING PROPERLY,CLEAR,DAYLIGHT,PEDALCYCLIST,NOT DIVIDED,STRAIGHT AND LEVEL,DRY,NO DEFECTS,Y,IMPROPER TURNING/NO SIGNAL,IMPROPER TURNING/NO SIGNAL,,"REPORTED, NOT EVIDENT",7,5,41.9110285098,-87.648335806,2019,30,POINT (-87.648335806 41.9110285098),,,,,2019-05-28,False,6,Lincoln Park
2334,30,NO CONTROLS,NO CONTROLS,CLOUDY/OVERCAST,DAYLIGHT,PEDALCYCLIST,ONE-WAY,STRAIGHT AND LEVEL,DRY,NO DEFECTS,,UNABLE TO DETERMINE,NOT APPLICABLE,Y,NO INDICATION OF INJURY,9,5,41.8805922059,-87.6442305176,2019,30,POINT (-87.6442305176 41.8805922059),,,,,2019-05-28,False,27,Near West Side
2335,30,STOP SIGN/FLASHER,OTHER,CLEAR,DAYLIGHT,PEDALCYCLIST,OTHER,STRAIGHT AND LEVEL,DRY,NO DEFECTS,Y,UNABLE TO DETERMINE,UNABLE TO DETERMINE,,INCAPACITATING INJURY,15,5,41.9576373566,-87.7670267235,2019,30,POINT (-87.7670267235 41.9576373566),,,,,2019-05-28,True,14,Portage Park
2336,30,NO CONTROLS,NO CONTROLS,CLEAR,DAYLIGHT,PEDALCYCLIST,NOT DIVIDED,STRAIGHT AND LEVEL,WET,NO DEFECTS,,"EVASIVE ACTION DUE TO ANIMAL, OBJECT, NONMOTORIST","EVASIVE ACTION DUE TO ANIMAL, OBJECT, NONMOTORIST",Y,NO INDICATION OF INJURY,16,5,41.8023398812,-87.5895246006,2019,30,POINT (-87.5895246006 41.8023398812),,,,,2019-05-28,False,38,Kenwood
2337,35,TRAFFIC SIGNAL,FUNCTIONING PROPERLY,CLEAR,DAYLIGHT,PEDALCYCLIST,DIVIDED - W/MEDIAN (NOT RAISED),STRAIGHT AND LEVEL,DRY,NO DEFECTS,,NOT APPLICABLE,NOT APPLICABLE,,NO INDICATION OF INJURY,18,5,41.8287208821,-87.7240271036,2019,35,POINT (-87.7240271036 41.8287208821),,,,,2019-05-28,False,29,South Lawndale
2338,30,NO CONTROLS,NO CONTROLS,CLEAR,DUSK,PEDALCYCLIST,NOT DIVIDED,STRAIGHT AND LEVEL,DRY,NO DEFECTS,,FAILING TO YIELD RIGHT-OF-WAY,IMPROPER LANE USAGE,,NONINCAPACITATING INJURY,19,5,41.9480532204,-87.6448271351,2019,30,POINT (-87.6448271351 41.9480532204),,,,,2019-05-28,False,5,Lake View
2339,30,NO CONTROLS,NO CONTROLS,CLEAR,DAYLIGHT,PEDALCYCLIST,NOT DIVIDED,STRAIGHT AND LEVEL,DRY,NO DEFECTS,,UNABLE TO DETERMINE,UNABLE TO DETERMINE,Y,"REPORTED, NOT EVIDENT",10,5,41.9305783718,-87.6857068456,2019,30,POINT (-87.6857068456 41.9305783718),,,,,2019-05-29,False,21,Logan Square
2340,30,YIELD,FUNCTIONING PROPERLY,CLEAR,DAYLIGHT,PEDALCYCLIST,NOT DIVIDED,STRAIGHT AND LEVEL,DRY,NO DEFECTS,,DRIVING SKILLS/KNOWLEDGE/EXPERIENCE,DISREGARDING ROAD MARKINGS,N,NO INDICATION OF INJURY,11,5,41.8852636427,-87.6296283664,2019,30,POINT (-87.6296283664 41.8852636427),,,,,2019-05-29,False,31,Loop
2341,30,TRAFFIC SIGNAL,FUNCTIONING PROPERLY,CLEAR,DAYLIGHT,PEDALCYCLIST,FOUR WAY,STRAIGHT AND LEVEL,DRY,NO DEFECTS,Y,FAILING TO YIELD RIGHT-OF-WAY,NOT APPLICABLE,,NONINCAPACITATING INJURY,13,5,41.8301872553,-87.6851779251,2019,30,POINT (-87.6851779251 41.8301872553),,,,,2019-05-29,False,57,Brighton Park
2342,30,NO CONTROLS,NO CONTROLS,CLEAR,DAYLIGHT,PEDALCYCLIST,DIVIDED - W/MEDIAN BARRIER,STRAIGHT AND LEVEL,DRY,NO DEFECTS,,IMPROPER LANE USAGE,NOT APPLICABLE,N,"REPORTED, NOT EVIDENT",13,5,41.8662828666,-87.7202710047,2019,30,POINT (-87.7202710047 41.8662828666),,,,,2019-05-29,False,28,North Lawndale
2343,30,OTHER,OTHER,CLEAR,DAYLIGHT,PEDALCYCLIST,T-INTERSECTION,STRAIGHT AND LEVEL,DRY,UNKNOWN,Y,UNABLE TO DETERMINE,UNABLE TO DETERMINE,,INCAPACITATING INJURY,15,5,42.0139766102,-87.6835158791,2019,30,POINT (-87.6835158791 42.0139766102),,,,,2019-05-29,True,0,Rogers Park
2344,30,NO CONTROLS,NO CONTROLS,CLEAR,DAYLIGHT,PEDALCYCLIST,NOT DIVIDED,STRAIGHT AND LEVEL,DRY,NO DEFECTS,,FOLLOWING TOO CLOSELY,IMPROPER LANE USAGE,,NONINCAPACITATING INJURY,16,5,41.8541405369,-87.6270744016,2019,30,POINT (-87.6270744016 41.8541405369),,,,,2019-05-29,False,32,Near South Side
2345,30,STOP SIGN/FLASHER,FUNCTIONING PROPERLY,CLEAR,DAYLIGHT,PEDALCYCLIST,DIVIDED - W/MEDIAN BARRIER,STRAIGHT AND LEVEL,DRY,NO DEFECTS,,NOT APPLICABLE,NOT APPLICABLE,N,NONINCAPACITATING INJURY,17,5,41.8817604989,-87.6553242489,2019,30,POINT (-87.6553242489 41.8817604989),,,,,2019-05-29,False,27,Near West Side
2346,30,NO CONTROLS,NO CONTROLS,CLEAR,DAYLIGHT,PEDALCYCLIST,DIVIDED - W/MEDIAN (NOT RAISED),STRAIGHT AND LEVEL,DRY,NO DEFECTS,,IMPROPER LANE USAGE,NOT APPLICABLE,,INCAPACITATING INJURY,19,5,41.7644113456,-87.7082066745,2019,30,POINT (-87.7082066745 41.7644113456),,,,,2019-05-29,True,65,Chicago Lawn
2347,15,NO CONTROLS,NO CONTROLS,RAIN,"DARKNESS, LIGHTED ROAD",PEDALCYCLIST,ALLEY,STRAIGHT AND LEVEL,WET,NO DEFECTS,,UNABLE TO DETERMINE,UNABLE TO DETERMINE,,"REPORTED, NOT EVIDENT",5,5,41.9869426271,-87.6657193173,2019,15,POINT (-87.6657193173 41.9869426271),,,,,2019-05-30,False,76,Edgewater
2348,20,TRAFFIC SIGNAL,FUNCTIONING PROPERLY,RAIN,DAYLIGHT,PEDALCYCLIST,ONE-WAY,STRAIGHT AND LEVEL,WET,NO DEFECTS,,IMPROPER LANE USAGE,WEATHER,,NONINCAPACITATING INJURY,5,5,41.8821115099,-87.6291091474,2019,20,POINT (-87.6291091474 41.8821115099),,,,,2019-05-30,False,31,Loop
2349,30,NO CONTROLS,NO CONTROLS,CLEAR,DAYLIGHT,PEDALCYCLIST,DIVIDED - W/MEDIAN (NOT RAISED),STRAIGHT AND LEVEL,DRY,NO DEFECTS,,NOT APPLICABLE,NOT APPLICABLE,,"REPORTED, NOT EVIDENT",15,5,41.8747832553,-87.6742003543,2019,30,POINT (-87.6742003543 41.8747832553),,,,,2019-05-30,False,27,Near West Side
2350,30,NO CONTROLS,NO CONTROLS,CLEAR,DAYLIGHT,PEDALCYCLIST,DIVIDED - W/MEDIAN (NOT RAISED),STRAIGHT ON HILLCREST,DRY,WORN SURFACE,,NOT APPLICABLE,UNABLE TO DETERMINE,,NONINCAPACITATING INJURY,17,5,41.8878458398,-87.6441577534,2019,30,POINT (-87.6441577534 41.8878458398),,,,,2019-05-30,False,7,Near North Side
2351,30,NO CONTROLS,NO CONTROLS,CLEAR,DAYLIGHT,PEDALCYCLIST,ONE-WAY,STRAIGHT AND LEVEL,DRY,NO DEFECTS,,IMPROPER OVERTAKING/PASSING,UNABLE TO DETERMINE,,NO INDICATION OF INJURY,17,5,41.88205499,-87.6338999012,2019,30,POINT (-87.6338999012 41.88205499),,,,,2019-05-30,False,31,Loop
2352,30,TRAFFIC SIGNAL,FUNCTIONING PROPERLY,CLEAR,DAYLIGHT,PEDALCYCLIST,NOT DIVIDED,STRAIGHT AND LEVEL,DRY,NO DEFECTS,Y,IMPROPER TURNING/NO SIGNAL,UNABLE TO DETERMINE,,NONINCAPACITATING INJURY,17,5,41.8384096124,-87.6268331411,2019,30,POINT (-87.6268331411 41.8384096124),,,,,2019-05-30,False,34,Douglas
2353,30,TRAFFIC SIGNAL,FUNCTIONING PROPERLY,CLEAR,"DARKNESS, LIGHTED ROAD",PEDALCYCLIST,FOUR WAY,STRAIGHT AND LEVEL,DRY,NO DEFECTS,Y,FAILING TO YIELD RIGHT-OF-WAY,NOT APPLICABLE,,NO INDICATION OF INJURY,23,5,41.7514429054,-87.5855058933,2019,30,POINT (-87.5855058933 41.7514429054),,,,,2019-05-30,False,44,Avalon Park
2354,30,TRAFFIC SIGNAL,FUNCTIONING PROPERLY,CLEAR,DAYLIGHT,PEDALCYCLIST,NOT DIVIDED,STRAIGHT AND LEVEL,DRY,NO DEFECTS,Y,FAILING TO YIELD RIGHT-OF-WAY,FAILING TO YIELD RIGHT-OF-WAY,,NO INDICATION OF INJURY,7,5,41.7859952562,-87.7279145963,2019,30,POINT (-87.7279145963 41.7859952562),,,,,2019-05-31,False,61,West Elsdon
2355,30,NO CONTROLS,NO CONTROLS,CLEAR,DAYLIGHT,PEDALCYCLIST,DIVIDED - W/MEDIAN (NOT RAISED),STRAIGHT AND LEVEL,DRY,NO DEFECTS,,NOT APPLICABLE,NOT APPLICABLE,,NONINCAPACITATING INJURY,9,5,41.9176596621,-87.6774709914,2019,30,POINT (-87.6774709914 41.9176596621),,,,,2019-05-31,False,6,Lincoln Park
2356,30,TRAFFIC SIGNAL,FUNCTIONING PROPERLY,CLEAR,DAYLIGHT,PEDALCYCLIST,NOT DIVIDED,STRAIGHT AND LEVEL,DRY,NO DEFECTS,,NOT APPLICABLE,NOT APPLICABLE,,NONINCAPACITATING INJURY,10,5,41.9942018907,-87.6898281633,2019,30,POINT (-87.6898281633 41.9942018907),,,,,2019-05-31,False,1,West Ridge
2357,30,NO CONTROLS,NO CONTROLS,CLEAR,DAYLIGHT,PEDALCYCLIST,NOT DIVIDED,STRAIGHT AND LEVEL,DRY,NO DEFECTS,,NOT APPLICABLE,NOT APPLICABLE,Y,NO INDICATION OF INJURY,12,5,41.8856991972,-87.6487890894,2019,30,POINT (-87.6487890894 41.8856991972),,,,,2019-05-31,False,27,Near West Side
2358,30,NO CONTROLS,NO CONTROLS,CLEAR,DAYLIGHT,PEDALCYCLIST,NOT DIVIDED,STRAIGHT AND LEVEL,DRY,NO DEFECTS,,FAILING TO REDUCE SPEED TO AVOID CRASH,UNABLE TO DETERMINE,,INCAPACITATING INJURY,13,5,41.8254814277,-87.6557260896,2019,30,POINT (-87.6557260896 41.8254814277),,,,,2019-05-31,True,59,Bridgeport
2359,35,STOP SIGN/FLASHER,FUNCTIONING PROPERLY,CLEAR,DAYLIGHT,PEDALCYCLIST,T-INTERSECTION,STRAIGHT AND LEVEL,DRY,NO DEFECTS,Y,IMPROPER TURNING/NO SIGNAL,NOT APPLICABLE,,INCAPACITATING INJURY,17,5,41.9113394255,-87.6284608336,2019,35,POINT (-87.6284608336 41.9113394255),,,,,2019-05-31,True,6,Lincoln Park
2360,30,NO CONTROLS,NO CONTROLS,CLEAR,DAYLIGHT,PEDALCYCLIST,NOT DIVIDED,STRAIGHT AND LEVEL,DRY,UNKNOWN,,IMPROPER TURNING/NO SIGNAL,UNABLE TO DETERMINE,,INCAPACITATING INJURY,19,5,41.9221085103,-87.6536485456,2019,30,POINT (-87.6536485456 41.9221085103),,,,,2019-05-31,True,6,Lincoln Park
2361,30,TRAFFIC SIGNAL,UNKNOWN,CLEAR,DAWN,PEDALCYCLIST,NOT DIVIDED,STRAIGHT AND LEVEL,DRY,UNKNOWN,,UNABLE TO DETERMINE,UNABLE TO DETERMINE,,NONINCAPACITATING INJURY,5,6,41.9039624962,-87.6345551206,2019,30,POINT (-87.6345551206 41.9039624962),,,,,2019-06-01,False,7,Near North Side
2362,35,NO CONTROLS,NO CONTROLS,UNKNOWN,DAYLIGHT,PEDALCYCLIST,DRIVEWAY,STRAIGHT AND LEVEL,UNKNOWN,UNKNOWN,,UNABLE TO DETERMINE,UNABLE TO DETERMINE,,NONINCAPACITATING INJURY,9,6,41.9572750415,-87.7082657867,2019,35,POINT (-87.7082657867 41.9572750415),,,,,2019-06-01,False,15,Irving Park
2363,30,NO CONTROLS,NO CONTROLS,CLEAR,DAYLIGHT,PEDALCYCLIST,NOT DIVIDED,STRAIGHT AND LEVEL,UNKNOWN,UNKNOWN,,DRIVING SKILLS/KNOWLEDGE/EXPERIENCE,DRIVING SKILLS/KNOWLEDGE/EXPERIENCE,Y,NONINCAPACITATING INJURY,13,6,41.9393553986,-87.6493938819,2019,30,POINT (-87.6493938819 41.9393553986),,,,,2019-06-01,False,5,Lake View
2364,30,TRAFFIC SIGNAL,FUNCTIONING PROPERLY,CLEAR,DAYLIGHT,PEDALCYCLIST,ONE-WAY,STRAIGHT AND LEVEL,DRY,NO DEFECTS,Y,IMPROPER LANE USAGE,NOT APPLICABLE,,"REPORTED, NOT EVIDENT",14,6,41.8756706525,-87.6308589554,2019,30,POINT (-87.6308589554 41.8756706525),,,,,2019-06-01,False,31,Loop
2365,5,NO CONTROLS,NO CONTROLS,RAIN,DAYLIGHT,PEDALCYCLIST,PARKING LOT,STRAIGHT AND LEVEL,WET,UNKNOWN,,UNABLE TO DETERMINE,UNABLE TO DETERMINE,,NO INDICATION OF INJURY,16,6,41.8667493828,-87.6684640529,2019,5,POINT (-87.6684640529 41.8667493828),,,,,2019-06-01,False,27,Near West Side
2366,30,UNKNOWN,UNKNOWN,CLEAR,"DARKNESS, LIGHTED ROAD",PEDALCYCLIST,NOT DIVIDED,STRAIGHT AND LEVEL,DRY,NO DEFECTS,,UNABLE TO DETERMINE,UNABLE TO DETERMINE,,"REPORTED, NOT EVIDENT",23,6,41.93916408,-87.7470229014,2019,30,POINT (-87.7470229014 41.93916408),,,,,2019-06-01,False,14,Portage Park
2367,30,NO CONTROLS,NO CONTROLS,CLEAR,DAYLIGHT,PEDALCYCLIST,NOT DIVIDED,STRAIGHT AND LEVEL,DRY,NO DEFECTS,,"VISION OBSCURED (SIGNS, TREE LIMBS, BUILDINGS, ETC.)",NOT APPLICABLE,,NONINCAPACITATING INJURY,18,6,41.8086020716,-87.67764797,2019,30,POINT (-87.67764797 41.8086020716),,,,,2019-06-02,False,60,New City
2368,30,NO CONTROLS,FUNCTIONING PROPERLY,CLEAR,DAYLIGHT,PEDALCYCLIST,NOT DIVIDED,STRAIGHT AND LEVEL,DRY,NO DEFECTS,,IMPROPER TURNING/NO SIGNAL,NOT APPLICABLE,,NONINCAPACITATING INJURY,10,6,41.8744634237,-87.6438159268,2019,30,POINT (-87.6438159268 41.8744634237),,,,,2019-06-03,False,27,Near West Side
2369,30,TRAFFIC SIGNAL,FUNCTIONING PROPERLY,CLEAR,DAYLIGHT,PEDALCYCLIST,ONE-WAY,STRAIGHT AND LEVEL,DRY,NO DEFECTS,,TURNING RIGHT ON RED,NOT APPLICABLE,,NONINCAPACITATING INJURY,10,6,41.8916244634,-87.6342167502,2019,30,POINT (-87.6342167502 41.8916244634),,,,,2019-06-03,False,7,Near North Side
2370,30,TRAFFIC SIGNAL,FUNCTIONING PROPERLY,CLEAR,DAYLIGHT,PEDALCYCLIST,DIVIDED - W/MEDIAN (NOT RAISED),STRAIGHT AND LEVEL,DRY,UNKNOWN,Y,DRIVING SKILLS/KNOWLEDGE/EXPERIENCE,UNABLE TO DETERMINE,Y,NONINCAPACITATING INJURY,10,6,41.9690596595,-87.6673695974,2019,30,POINT (-87.6673695974 41.9690596595),,,,,2019-06-03,False,2,Uptown
2371,30,NO CONTROLS,NO CONTROLS,CLOUDY/OVERCAST,DAYLIGHT,PEDALCYCLIST,DIVIDED - W/MEDIAN (NOT RAISED),STRAIGHT AND LEVEL,DRY,NO DEFECTS,,DRIVING SKILLS/KNOWLEDGE/EXPERIENCE,UNABLE TO DETERMINE,Y,NONINCAPACITATING INJURY,14,6,42.0185429941,-87.6900372904,2019,30,POINT (-87.6900372904 42.0185429941),,,,,2019-06-03,False,1,West Ridge
2372,35,NO CONTROLS,NO CONTROLS,CLEAR,DUSK,PEDALCYCLIST,DIVIDED - W/MEDIAN (NOT RAISED),STRAIGHT AND LEVEL,DRY,NO DEFECTS,,UNABLE TO DETERMINE,UNABLE TO DETERMINE,Y,NONINCAPACITATING INJURY,18,6,41.9010233968,-87.6966875787,2019,35,POINT (-87.6966875787 41.9010233968),,,,,2019-06-03,False,22,Humboldt Park
2373,30,NO CONTROLS,NO CONTROLS,RAIN,DAYLIGHT,PEDALCYCLIST,NOT DIVIDED,STRAIGHT AND LEVEL,WET,NO DEFECTS,,IMPROPER TURNING/NO SIGNAL,NOT APPLICABLE,,NO INDICATION OF INJURY,11,6,41.9431683638,-87.671262961,2019,30,POINT (-87.671262961 41.9431683638),,,,,2019-06-04,False,5,Lake View
2374,30,TRAFFIC SIGNAL,FUNCTIONING PROPERLY,CLEAR,DAYLIGHT,PEDALCYCLIST,DIVIDED - W/MEDIAN (NOT RAISED),STRAIGHT AND LEVEL,DRY,NO DEFECTS,Y,UNABLE TO DETERMINE,NOT APPLICABLE,,NONINCAPACITATING INJURY,16,6,41.9240689223,-87.7661412141,2019,30,POINT (-87.7661412141 41.9240689223),,,,,2019-06-04,False,18,Belmont Cragin
2375,35,STOP SIGN/FLASHER,FUNCTIONING PROPERLY,CLEAR,DAYLIGHT,PEDALCYCLIST,NOT DIVIDED,STRAIGHT AND LEVEL,DRY,NO DEFECTS,,FAILING TO YIELD RIGHT-OF-WAY,NOT APPLICABLE,,NO INDICATION OF INJURY,16,6,41.783999985,-87.615393108,2019,35,POINT (-87.615393108 41.783999985),,,,,2019-06-04,False,39,Washington Park
2376,30,NO CONTROLS,NO CONTROLS,CLEAR,DAYLIGHT,PEDALCYCLIST,NOT DIVIDED,STRAIGHT AND LEVEL,DRY,UNKNOWN,,UNABLE TO DETERMINE,UNABLE TO DETERMINE,,INCAPACITATING INJURY,17,6,41.7063615387,-87.6972856033,2019,30,POINT (-87.6972856033 41.7063615387),,,,,2019-06-04,True,73,Mount Greenwood
2377,30,NO CONTROLS,NO CONTROLS,CLEAR,DAYLIGHT,PEDALCYCLIST,NOT DIVIDED,STRAIGHT AND LEVEL,DRY,NO DEFECTS,,FAILING TO YIELD RIGHT-OF-WAY,NOT APPLICABLE,,"REPORTED, NOT EVIDENT",17,6,41.9208294114,-87.6775853272,2019,30,POINT (-87.6775853272 41.9208294114),,,,,2019-06-04,False,6,Lincoln Park
2378,30,NO CONTROLS,NO CONTROLS,CLEAR,DAYLIGHT,PEDALCYCLIST,T-INTERSECTION,STRAIGHT AND LEVEL,DRY,NO DEFECTS,Y,DRIVING ON WRONG SIDE/WRONG WAY,UNABLE TO DETERMINE,,INCAPACITATING INJURY,17,6,41.8145256808,-87.6421065869,2019,30,POINT (-87.6421065869 41.8145256808),,,,,2019-06-04,True,60,New City
2379,30,NO CONTROLS,NO CONTROLS,CLEAR,DAYLIGHT,PEDALCYCLIST,OTHER,STRAIGHT AND LEVEL,DRY,NO DEFECTS,,FAILING TO YIELD RIGHT-OF-WAY,IMPROPER TURNING/NO SIGNAL,,NONINCAPACITATING INJURY,19,6,41.8810301759,-87.6172670458,2019,30,POINT (-87.6172670458 41.8810301759),,,,,2019-06-04,False,31,Loop
2380,30,NO CONTROLS,NO CONTROLS,CLEAR,"DARKNESS, LIGHTED ROAD",PEDALCYCLIST,NOT DIVIDED,STRAIGHT AND LEVEL,DRY,NO DEFECTS,,FAILING TO YIELD RIGHT-OF-WAY,NOT APPLICABLE,Y,NO INDICATION OF INJURY,20,6,41.9270616967,-87.6976237442,2019,30,POINT (-87.6976237442 41.9270616967),,,,,2019-06-04,False,21,Logan Square
2381,30,NO CONTROLS,NO CONTROLS,CLEAR,"DARKNESS, LIGHTED ROAD",PEDALCYCLIST,PARKING LOT,STRAIGHT AND LEVEL,DRY,NO DEFECTS,,FAILING TO YIELD RIGHT-OF-WAY,UNABLE TO DETERMINE,,NO INDICATION OF INJURY,21,6,41.9630080975,-87.6546130695,2019,30,POINT (-87.6546130695 41.9630080975),,,,,2019-06-04,False,2,Uptown
2382,30,NO CONTROLS,NO CONTROLS,CLEAR,DARKNESS,PEDALCYCLIST,ONE-WAY,STRAIGHT AND LEVEL,DRY,NO DEFECTS,,UNABLE TO DETERMINE,UNABLE TO DETERMINE,,NO INDICATION OF INJURY,23,6,41.8820575947,-87.6335332657,2019,30,POINT (-87.6335332657 41.8820575947),,,,,2019-06-04,False,31,Loop
2383,30,TRAFFIC SIGNAL,FUNCTIONING PROPERLY,CLEAR,DAYLIGHT,PEDALCYCLIST,ONE-WAY,STRAIGHT AND LEVEL,DRY,NO DEFECTS,,IMPROPER OVERTAKING/PASSING,NOT APPLICABLE,,NO INDICATION OF INJURY,11,6,41.8910310962,-87.6125128733,2019,30,POINT (-87.6125128733 41.8910310962),,,,,2019-06-05,False,7,Near North Side
2384,30,STOP SIGN/FLASHER,NO CONTROLS,CLEAR,DAYLIGHT,PEDALCYCLIST,ONE-WAY,STRAIGHT ON HILLCREST,DRY,NO DEFECTS,,DRIVING ON WRONG SIDE/WRONG WAY,UNABLE TO DETERMINE,,NONINCAPACITATING INJURY,13,6,41.9005137785,-87.757107553,2019,30,POINT (-87.757107553 41.9005137785),,,,,2019-06-05,False,24,Austin
2385,30,TRAFFIC SIGNAL,FUNCTIONING PROPERLY,CLEAR,DAYLIGHT,PEDALCYCLIST,NOT DIVIDED,STRAIGHT AND LEVEL,DRY,NO DEFECTS,Y,UNABLE TO DETERMINE,NOT APPLICABLE,,NONINCAPACITATING INJURY,16,6,41.8524987566,-87.6463446658,2019,30,POINT (-87.6463446658 41.8524987566),,,,,2019-06-05,False,30,Lower West Side
2386,30,NO CONTROLS,NO CONTROLS,CLEAR,DAYLIGHT,PEDALCYCLIST,ONE-WAY,STRAIGHT AND LEVEL,DRY,NO DEFECTS,,FAILING TO YIELD RIGHT-OF-WAY,UNABLE TO DETERMINE,Y,NO INDICATION OF INJURY,16,6,41.8659965864,-87.6136858782,2019,30,POINT (-87.6136858782 41.8659965864),,,,,2019-06-05,False,32,Near South Side
2387,25,NO CONTROLS,NO CONTROLS,CLEAR,DAYLIGHT,PEDALCYCLIST,DIVIDED - W/MEDIAN (NOT RAISED),STRAIGHT AND LEVEL,DRY,NO DEFECTS,,FAILING TO YIELD RIGHT-OF-WAY,FAILING TO REDUCE SPEED TO AVOID CRASH,,NONINCAPACITATING INJURY,17,6,41.9976030094,-87.703528214,2019,25,POINT (-87.703528214 41.9976030094),,,,,2019-06-05,False,1,West Ridge
2388,30,UNKNOWN,UNKNOWN,CLEAR,UNKNOWN,PEDALCYCLIST,UNKNOWN,STRAIGHT AND LEVEL,UNKNOWN,UNKNOWN,,NOT APPLICABLE,NOT APPLICABLE,,NONINCAPACITATING INJURY,18,6,41.9458814853,-87.6939689738,2019,30,POINT (-87.6939689738 41.9458814853),,,,,2019-06-05,False,4,North Center
2389,30,STOP SIGN/FLASHER,FUNCTIONING PROPERLY,CLEAR,"DARKNESS, LIGHTED ROAD",PEDALCYCLIST,Y-INTERSECTION,STRAIGHT AND LEVEL,DRY,NO DEFECTS,,FAILING TO YIELD RIGHT-OF-WAY,FAILING TO YIELD RIGHT-OF-WAY,,NONINCAPACITATING INJURY,21,6,41.9502974828,-87.7817094327,2019,30,POINT (-87.7817094327 41.9502974828),,,,,2019-06-05,False,14,Portage Park
2390,20,NO CONTROLS,NO CONTROLS,CLEAR,DAYLIGHT,PEDALCYCLIST,ONE-WAY,STRAIGHT AND LEVEL,DRY,NO DEFECTS,,FAILING TO YIELD RIGHT-OF-WAY,IMPROPER OVERTAKING/PASSING,,NO INDICATION OF INJURY,8,6,41.9239507349,-87.7612124451,2019,20,POINT (-87.7612124451 41.9239507349),,,,,2019-06-06,False,18,Belmont Cragin
2391,30,NO CONTROLS,NO CONTROLS,CLEAR,DAYLIGHT,PEDALCYCLIST,ONE-WAY,STRAIGHT AND LEVEL,DRY,NO DEFECTS,,IMPROPER LANE USAGE,NOT APPLICABLE,,NONINCAPACITATING INJURY,8,6,41.89038185,-87.6341848345,2019,30,POINT (-87.6341848345 41.89038185),,,,,2019-06-06,False,7,Near North Side
2392,30,TRAFFIC SIGNAL,FUNCTIONING PROPERLY,CLEAR,DAYLIGHT,PEDALCYCLIST,FOUR WAY,STRAIGHT AND LEVEL,DRY,NO DEFECTS,Y,IMPROPER LANE USAGE,UNABLE TO DETERMINE,Y,NO INDICATION OF INJURY,12,6,41.8844608314,-87.6277630752,2019,30,POINT (-87.6277630752 41.8844608314),,,,,2019-06-06,False,31,Loop
2393,30,TRAFFIC SIGNAL,FUNCTIONING PROPERLY,CLEAR,DAYLIGHT,PEDALCYCLIST,NOT DIVIDED,STRAIGHT AND LEVEL,DRY,NO DEFECTS,,DISREGARDING TRAFFIC SIGNALS,NOT APPLICABLE,,NONINCAPACITATING INJURY,18,6,41.8956315573,-87.6869627211,2019,30,POINT (-87.6869627211 41.8956315573),,,,,2019-06-06,False,23,West Town
2394,35,NO CONTROLS,NO CONTROLS,CLEAR,DAYLIGHT,PEDALCYCLIST,NOT DIVIDED,STRAIGHT AND LEVEL,DRY,NO DEFECTS,,UNABLE TO DETERMINE,UNABLE TO DETERMINE,,NONINCAPACITATING INJURY,8,6,41.9684922186,-87.6901867705,2019,35,POINT (-87.6901867705 41.9684922186),,,,,2019-06-07,False,3,Lincoln Square
2395,30,NO CONTROLS,NO CONTROLS,CLEAR,DAYLIGHT,PEDALCYCLIST,DIVIDED - W/MEDIAN (NOT RAISED),STRAIGHT AND LEVEL,DRY,NO DEFECTS,,UNABLE TO DETERMINE,UNABLE TO DETERMINE,,"REPORTED, NOT EVIDENT",8,6,41.9558295948,-87.6789529799,2019,30,POINT (-87.6789529799 41.9558295948),,,,,2019-06-07,False,4,North Center