Unnamed: 0,POSTED_SPEED_LIMIT,TRAFFIC_CONTROL_DEVICE,DEVICE_CONDITION,WEATHER_CONDITION,LIGHTING_CONDITION,FIRST_CRASH_TYPE,TRAFFICWAY_TYPE,ALIGNMENT,ROADWAY_SURFACE_COND,ROAD_DEFECT,INTERSECTION_RELATED_I,PRIM_CONTRIBUTORY_CAUSE,SEC_CONTRIBUTORY_CAUSE,DOORING_I,MOST_SEVERE_INJURY,CRASH_HOUR,CRASH_MONTH,LATITUDE,LONGITUDE,CRASH_YEAR,SPEED_LIMIT,geometry,DISPLAYROU,the_geom,DIST,LANE_TYPE,CRASH_DATE,is_severe,index_right,CArea
2396,30,NO CONTROLS,NO CONTROLS,CLEAR,DAYLIGHT,PEDALCYCLIST,NOT DIVIDED,STRAIGHT AND LEVEL,DRY,NO DEFECTS,,UNABLE TO DETERMINE,NOT APPLICABLE,,NONINCAPACITATING INJURY,12,6,41.9416629496,-87.6702088492,2019,30,POINT (-87.6702088492 41.9416629496),,,,,2019-06-07,False,5,Lake View
2397,30,NO CONTROLS,NO CONTROLS,CLEAR,DAYLIGHT,PEDALCYCLIST,NOT DIVIDED,STRAIGHT AND LEVEL,DRY,NO DEFECTS,,UNABLE TO DETERMINE,UNABLE TO DETERMINE,Y,NONINCAPACITATING INJURY,12,6,41.9170386145,-87.7466185365,2019,30,POINT (-87.7466185365 41.9170386145),,,,,2019-06-07,False,18,Belmont Cragin
2398,30,NO CONTROLS,NO CONTROLS,CLEAR,DAWN,PEDALCYCLIST,DIVIDED - W/MEDIAN (NOT RAISED),STRAIGHT AND LEVEL,DRY,UNKNOWN,Y,FOLLOWING TOO CLOSELY,NOT APPLICABLE,,INCAPACITATING INJURY,17,6,41.9172111994,-87.713597634,2019,30,POINT (-87.713597634 41.9172111994),,,,,2019-06-07,True,21,Logan Square
2399,30,NO CONTROLS,NO CONTROLS,CLEAR,DAYLIGHT,PEDALCYCLIST,NOT DIVIDED,STRAIGHT AND LEVEL,DRY,NO DEFECTS,Y,FAILING TO YIELD RIGHT-OF-WAY,NOT APPLICABLE,,NO INDICATION OF INJURY,19,6,41.8769533772,-87.6470634645,2019,30,POINT (-87.6470634645 41.8769533772),,,,,2019-06-07,False,27,Near West Side
2400,30,NO CONTROLS,NO CONTROLS,CLEAR,"DARKNESS, LIGHTED ROAD",PEDALCYCLIST,DIVIDED - W/MEDIAN (NOT RAISED),STRAIGHT AND LEVEL,DRY,UNKNOWN,,UNABLE TO DETERMINE,UNABLE TO DETERMINE,N,INCAPACITATING INJURY,20,6,41.7866163043,-87.6662109952,2019,30,POINT (-87.6662109952 41.7866163043),,,,,2019-06-07,True,66,Englewood
2401,30,STOP SIGN/FLASHER,FUNCTIONING PROPERLY,CLEAR,DAYLIGHT,PEDALCYCLIST,NOT DIVIDED,STRAIGHT AND LEVEL,DRY,NO DEFECTS,Y,UNABLE TO DETERMINE,NOT APPLICABLE,,NONINCAPACITATING INJURY,15,6,41.8065558485,-87.6839553576,2019,30,POINT (-87.6839553576 41.8065558485),,,,,2019-06-08,False,57,Brighton Park
2402,30,NO CONTROLS,NO CONTROLS,CLEAR,DAYLIGHT,PEDALCYCLIST,NOT DIVIDED,STRAIGHT AND LEVEL,DRY,NO DEFECTS,,"VISION OBSCURED (SIGNS, TREE LIMBS, BUILDINGS, ETC.)",NOT APPLICABLE,,NONINCAPACITATING INJURY,15,6,41.9692394258,-87.6793460198,2019,30,POINT (-87.6793460198 41.9692394258),,,,,2019-06-08,False,3,Lincoln Square
2403,30,UNKNOWN,UNKNOWN,UNKNOWN,DAYLIGHT,PEDALCYCLIST,ONE-WAY,STRAIGHT AND LEVEL,UNKNOWN,UNKNOWN,,NOT APPLICABLE,NOT APPLICABLE,,NO INDICATION OF INJURY,17,6,41.8798474655,-87.6351054549,2019,30,POINT (-87.6351054549 41.8798474655),,,,,2019-06-08,False,27,Near West Side
2404,35,TRAFFIC SIGNAL,FUNCTIONING PROPERLY,CLEAR,"DARKNESS, LIGHTED ROAD",PEDALCYCLIST,DIVIDED - W/MEDIAN (NOT RAISED),STRAIGHT AND LEVEL,DRY,NO DEFECTS,Y,UNABLE TO DETERMINE,UNABLE TO DETERMINE,,NONINCAPACITATING INJURY,3,6,41.9112711441,-87.6347604802,2019,35,POINT (-87.6347604802 41.9112711441),,,,,2019-06-09,False,6,Lincoln Park
2405,30,TRAFFIC SIGNAL,FUNCTIONING PROPERLY,CLEAR,DAYLIGHT,PEDALCYCLIST,DIVIDED - W/MEDIAN (NOT RAISED),STRAIGHT AND LEVEL,DRY,NO DEFECTS,Y,FAILING TO YIELD RIGHT-OF-WAY,UNDER THE INFLUENCE OF ALCOHOL/DRUGS (USE WHEN ARREST IS EFFECTED),,NO INDICATION OF INJURY,9,6,41.8808532275,-87.7108565701,2019,30,POINT (-87.7108565701 41.8808532275),,,,,2019-06-09,False,26,Garfield Park
2406,20,OTHER,FUNCTIONING PROPERLY,CLEAR,DAYLIGHT,PEDALCYCLIST,ONE-WAY,STRAIGHT AND LEVEL,WET,NO DEFECTS,,UNABLE TO DETERMINE,UNABLE TO DETERMINE,,"REPORTED, NOT EVIDENT",13,6,41.918535057,-87.6682888491,2019,20,POINT (-87.6682888491 41.918535057),,,,,2019-06-09,False,6,Lincoln Park
2407,30,NO CONTROLS,NO CONTROLS,RAIN,DAYLIGHT,PEDALCYCLIST,NOT DIVIDED,STRAIGHT AND LEVEL,WET,NO DEFECTS,,UNABLE TO DETERMINE,NOT APPLICABLE,Y,NONINCAPACITATING INJURY,13,6,41.8743267183,-87.6247356719,2019,30,POINT (-87.6247356719 41.8743267183),,,,,2019-06-09,False,31,Loop
2408,30,NO CONTROLS,NO CONTROLS,CLEAR,DAYLIGHT,PEDALCYCLIST,DIVIDED - W/MEDIAN (NOT RAISED),STRAIGHT AND LEVEL,DRY,NO DEFECTS,,DRIVING SKILLS/KNOWLEDGE/EXPERIENCE,FAILING TO YIELD RIGHT-OF-WAY,Y,NONINCAPACITATING INJURY,8,6,41.9313478269,-87.6780590536,2019,30,POINT (-87.6780590536 41.9313478269),,,,,2019-06-10,False,6,Lincoln Park
2409,30,NO CONTROLS,NO CONTROLS,CLEAR,DAYLIGHT,PEDALCYCLIST,NOT DIVIDED,STRAIGHT AND LEVEL,DRY,NO DEFECTS,,NOT APPLICABLE,UNABLE TO DETERMINE,Y,NONINCAPACITATING INJURY,8,6,41.9096306681,-87.647519239,2019,30,POINT (-87.647519239 41.9096306681),,,,,2019-06-10,False,7,Near North Side
2410,30,NO CONTROLS,NO CONTROLS,CLEAR,DAYLIGHT,PEDALCYCLIST,DIVIDED - W/MEDIAN (NOT RAISED),STRAIGHT AND LEVEL,DRY,NO DEFECTS,,UNABLE TO DETERMINE,NOT APPLICABLE,,NO INDICATION OF INJURY,13,6,41.923952182,-87.6777006127,2019,30,POINT (-87.6777006127 41.923952182),,,,,2019-06-10,False,6,Lincoln Park
2411,30,NO CONTROLS,NO CONTROLS,CLEAR,DAYLIGHT,PEDALCYCLIST,DIVIDED - W/MEDIAN (NOT RAISED),STRAIGHT AND LEVEL,DRY,NO DEFECTS,,UNABLE TO DETERMINE,UNABLE TO DETERMINE,,NONINCAPACITATING INJURY,16,6,41.9313721235,-87.676880664,2019,30,POINT (-87.676880664 41.9313721235),,,,,2019-06-10,False,6,Lincoln Park
2412,20,OTHER,OTHER,CLEAR,DAYLIGHT,PEDALCYCLIST,NOT DIVIDED,STRAIGHT AND LEVEL,DRY,NO DEFECTS,Y,UNABLE TO DETERMINE,NOT APPLICABLE,,NONINCAPACITATING INJURY,17,6,41.9939670902,-87.6911309626,2019,20,POINT (-87.6911309626 41.9939670902),,,,,2019-06-10,False,1,West Ridge
2413,30,NO CONTROLS,NO CONTROLS,CLEAR,DAYLIGHT,PEDALCYCLIST,DIVIDED - W/MEDIAN (NOT RAISED),STRAIGHT AND LEVEL,DRY,NO DEFECTS,,DRIVING SKILLS/KNOWLEDGE/EXPERIENCE,NOT APPLICABLE,,NONINCAPACITATING INJURY,17,6,41.9457355905,-87.7696896138,2019,30,POINT (-87.7696896138 41.9457355905),,,,,2019-06-10,False,14,Portage Park
2414,30,NO CONTROLS,FUNCTIONING PROPERLY,CLEAR,DAYLIGHT,PEDALCYCLIST,OTHER,STRAIGHT AND LEVEL,DRY,NO DEFECTS,,NOT APPLICABLE,NOT APPLICABLE,Y,"REPORTED, NOT EVIDENT",18,6,41.9212360077,-87.6776000371,2019,30,POINT (-87.6776000371 41.9212360077),,,,,2019-06-10,False,6,Lincoln Park
2415,30,NO CONTROLS,NO CONTROLS,CLEAR,DAYLIGHT,PEDALCYCLIST,NOT DIVIDED,STRAIGHT AND LEVEL,DRY,NO DEFECTS,,UNABLE TO DETERMINE,NOT APPLICABLE,Y,"REPORTED, NOT EVIDENT",19,6,41.9946736657,-87.665139519,2019,30,POINT (-87.665139519 41.9946736657),,,,,2019-06-10,False,76,Edgewater
2416,30,NO CONTROLS,NO CONTROLS,CLEAR,DUSK,PEDALCYCLIST,DIVIDED - W/MEDIAN (NOT RAISED),STRAIGHT AND LEVEL,DRY,NO DEFECTS,,NOT APPLICABLE,DRIVING SKILLS/KNOWLEDGE/EXPERIENCE,Y,NONINCAPACITATING INJURY,20,6,41.9398869946,-87.6442476977,2019,30,POINT (-87.6442476977 41.9398869946),,,,,2019-06-10,False,5,Lake View
2417,30,TRAFFIC SIGNAL,FUNCTIONING PROPERLY,CLEAR,"DARKNESS, LIGHTED ROAD",PEDALCYCLIST,FOUR WAY,STRAIGHT AND LEVEL,DRY,UNKNOWN,Y,UNABLE TO DETERMINE,UNABLE TO DETERMINE,,NONINCAPACITATING INJURY,2,6,41.8907193647,-87.6868429959,2019,30,POINT (-87.6868429959 41.8907193647),,,,,2019-06-11,False,23,West Town
2418,30,NO CONTROLS,NO CONTROLS,CLEAR,DAYLIGHT,PEDALCYCLIST,DIVIDED - W/MEDIAN (NOT RAISED),STRAIGHT AND LEVEL,DRY,NO DEFECTS,,NOT APPLICABLE,NOT APPLICABLE,Y,NO INDICATION OF INJURY,6,6,41.968445246,-87.7194165758,2019,30,POINT (-87.7194165758 41.968445246),,,,,2019-06-11,False,13,Albany Park
2419,5,NO CONTROLS,NO CONTROLS,CLEAR,DAYLIGHT,PEDALCYCLIST,PARKING LOT,STRAIGHT AND LEVEL,DRY,NO DEFECTS,,NOT APPLICABLE,NOT APPLICABLE,,NONINCAPACITATING INJURY,11,6,41.9861934472,-87.6599989688,2019,5,POINT (-87.6599989688 41.9861934472),,,,,2019-06-11,False,76,Edgewater
2420,30,TRAFFIC SIGNAL,FUNCTIONING PROPERLY,CLEAR,DAYLIGHT,PEDALCYCLIST,FOUR WAY,STRAIGHT AND LEVEL,DRY,NO DEFECTS,Y,UNABLE TO DETERMINE,NOT APPLICABLE,,INCAPACITATING INJURY,16,6,41.9317700477,-87.7368781028,2019,30,POINT (-87.7368781028 41.9317700477),,,,,2019-06-11,True,19,Hermosa
2421,40,TRAFFIC SIGNAL,FUNCTIONING PROPERLY,CLEAR,DARKNESS,PEDALCYCLIST,DIVIDED - W/MEDIAN BARRIER,STRAIGHT AND LEVEL,DRY,NO DEFECTS,,DISREGARDING TRAFFIC SIGNALS,NOT APPLICABLE,,NONINCAPACITATING INJURY,17,6,41.8757615077,-87.6169920862,2019,40,POINT (-87.6169920862 41.8757615077),,,,,2019-06-11,False,31,Loop
2422,30,NO CONTROLS,NO CONTROLS,CLEAR,DAYLIGHT,PEDALCYCLIST,DIVIDED - W/MEDIAN (NOT RAISED),STRAIGHT AND LEVEL,DRY,NO DEFECTS,,UNABLE TO DETERMINE,NOT APPLICABLE,Y,NONINCAPACITATING INJURY,19,6,41.9092359592,-87.6754555411,2019,30,POINT (-87.6754555411 41.9092359592),,,,,2019-06-11,False,23,West Town
2423,30,NO CONTROLS,NO CONTROLS,CLEAR,"DARKNESS, LIGHTED ROAD",PEDALCYCLIST,DIVIDED - W/MEDIAN (NOT RAISED),STRAIGHT AND LEVEL,DRY,NO DEFECTS,N,UNABLE TO DETERMINE,UNABLE TO DETERMINE,,NONINCAPACITATING INJURY,0,6,41.9063687279,-87.6714198412,2019,30,POINT (-87.6714198412 41.9063687279),,,,,2019-06-12,False,23,West Town
2424,30,TRAFFIC SIGNAL,FUNCTIONING PROPERLY,CLEAR,DAYLIGHT,PEDALCYCLIST,OTHER,STRAIGHT AND LEVEL,DRY,NO DEFECTS,Y,DISREGARDING TRAFFIC SIGNALS,NOT APPLICABLE,,NO INDICATION OF INJURY,8,6,41.9215608795,-87.7071345028,2019,30,POINT (-87.7071345028 41.9215608795),,,,,2019-06-12,False,21,Logan Square
2425,30,STOP SIGN/FLASHER,FUNCTIONING PROPERLY,CLOUDY/OVERCAST,DAYLIGHT,PEDALCYCLIST,ONE-WAY,STRAIGHT AND LEVEL,DRY,NO DEFECTS,,FAILING TO YIELD RIGHT-OF-WAY,NOT APPLICABLE,,"REPORTED, NOT EVIDENT",15,6,41.767253087,-87.6250587571,2019,30,POINT (-87.6250587571 41.767253087),,,,,2019-06-12,False,68,Grand Crossing
2426,25,STOP SIGN/FLASHER,FUNCTIONING PROPERLY,SNOW,DAWN,PEDALCYCLIST,ONE-WAY,STRAIGHT AND LEVEL,WET,NO DEFECTS,Y,UNABLE TO DETERMINE,NOT APPLICABLE,,NONINCAPACITATING INJURY,17,6,41.904881592,-87.6945881026,2019,25,POINT (-87.6945881026 41.904881592),,,,,2019-06-12,False,22,Humboldt Park
2427,30,NO CONTROLS,NO CONTROLS,RAIN,"DARKNESS, LIGHTED ROAD",PEDALCYCLIST,DIVIDED - W/MEDIAN (NOT RAISED),STRAIGHT AND LEVEL,WET,NO DEFECTS,,FAILING TO YIELD RIGHT-OF-WAY,IMPROPER OVERTAKING/PASSING,,NONINCAPACITATING INJURY,21,6,41.9780507291,-87.6600625887,2019,30,POINT (-87.6600625887 41.9780507291),,,,,2019-06-12,False,76,Edgewater
2428,30,STOP SIGN/FLASHER,FUNCTIONING PROPERLY,RAIN,"DARKNESS, LIGHTED ROAD",PEDALCYCLIST,FOUR WAY,STRAIGHT AND LEVEL,WET,NO DEFECTS,Y,FAILING TO YIELD RIGHT-OF-WAY,WEATHER,,"REPORTED, NOT EVIDENT",21,6,41.9047736202,-87.6482677455,2019,30,POINT (-87.6482677455 41.9047736202),,,,,2019-06-12,False,7,Near North Side
2429,30,STOP SIGN/FLASHER,FUNCTIONING PROPERLY,RAIN,"DARKNESS, LIGHTED ROAD",PEDALCYCLIST,ONE-WAY,STRAIGHT AND LEVEL,WET,NO DEFECTS,,WEATHER,UNABLE TO DETERMINE,,NO INDICATION OF INJURY,23,6,41.8947762412,-87.6274769902,2019,30,POINT (-87.6274769902 41.8947762412),,,,,2019-06-12,False,7,Near North Side
2430,30,TRAFFIC SIGNAL,FUNCTIONING PROPERLY,CLEAR,DARKNESS,PEDALCYCLIST,NOT DIVIDED,STRAIGHT AND LEVEL,DRY,NO DEFECTS,Y,UNABLE TO DETERMINE,NOT APPLICABLE,,NONINCAPACITATING INJURY,2,6,41.8519083675,-87.702875989,2019,30,POINT (-87.702875989 41.8519083675),,,,,2019-06-13,False,28,North Lawndale
2431,30,TRAFFIC SIGNAL,FUNCTIONING PROPERLY,CLEAR,DAYLIGHT,PEDALCYCLIST,ONE-WAY,STRAIGHT AND LEVEL,DRY,NO DEFECTS,,UNABLE TO DETERMINE,UNABLE TO DETERMINE,,NO INDICATION OF INJURY,10,6,41.890754833,-87.6281140984,2019,30,POINT (-87.6281140984 41.890754833),,,,,2019-06-13,False,7,Near North Side
2432,30,NO CONTROLS,NO CONTROLS,CLEAR,DAYLIGHT,PEDALCYCLIST,ONE-WAY,STRAIGHT AND LEVEL,DRY,NO DEFECTS,,DRIVING ON WRONG SIDE/WRONG WAY,UNABLE TO DETERMINE,,NONINCAPACITATING INJURY,12,6,41.8907912493,-87.6297741353,2019,30,POINT (-87.6297741353 41.8907912493),,,,,2019-06-13,False,7,Near North Side
2433,30,NO CONTROLS,NO CONTROLS,CLEAR,DAYLIGHT,PEDALCYCLIST,ONE-WAY,STRAIGHT AND LEVEL,WET,NO DEFECTS,,NOT APPLICABLE,NOT APPLICABLE,Y,NO INDICATION OF INJURY,15,6,41.8845790459,-87.633969721,2019,30,POINT (-87.633969721 41.8845790459),,,,,2019-06-13,False,31,Loop
2434,30,BICYCLE CROSSING SIGN,UNKNOWN,CLEAR,DAYLIGHT,PEDALCYCLIST,DIVIDED - W/MEDIAN (NOT RAISED),STRAIGHT AND LEVEL,UNKNOWN,UNKNOWN,,UNABLE TO DETERMINE,NOT APPLICABLE,,NONINCAPACITATING INJURY,16,6,41.9030347681,-87.6969453431,2019,30,POINT (-87.6969453431 41.9030347681),,,,,2019-06-13,False,22,Humboldt Park
2435,30,NO CONTROLS,NO CONTROLS,CLEAR,DAYLIGHT,PEDALCYCLIST,NOT DIVIDED,STRAIGHT AND LEVEL,DRY,NO DEFECTS,,UNABLE TO DETERMINE,NOT APPLICABLE,,NONINCAPACITATING INJURY,17,6,41.9239529807,-87.6464616294,2019,30,POINT (-87.6464616294 41.9239529807),,,,,2019-06-13,False,6,Lincoln Park
2436,35,NO CONTROLS,NO CONTROLS,CLEAR,DAYLIGHT,PEDALCYCLIST,NOT DIVIDED,STRAIGHT AND LEVEL,DRY,UNKNOWN,,UNABLE TO DETERMINE,UNABLE TO DETERMINE,,NO INDICATION OF INJURY,18,6,41.8637330591,-87.7298414157,2019,35,POINT (-87.7298414157 41.8637330591),,,,,2019-06-13,False,28,North Lawndale
2437,35,UNKNOWN,UNKNOWN,CLEAR,"DARKNESS, LIGHTED ROAD",PEDALCYCLIST,FOUR WAY,STRAIGHT AND LEVEL,DRY,UNKNOWN,Y,FAILING TO YIELD RIGHT-OF-WAY,NOT APPLICABLE,,NONINCAPACITATING INJURY,20,6,41.8942994572,-87.6673851402,2019,35,POINT (-87.6673851402 41.8942994572),,,,,2019-06-13,False,23,West Town
2438,30,TRAFFIC SIGNAL,UNKNOWN,CLEAR,"DARKNESS, LIGHTED ROAD",PEDALCYCLIST,NOT DIVIDED,STRAIGHT AND LEVEL,DRY,UNKNOWN,Y,FAILING TO YIELD RIGHT-OF-WAY,NOT APPLICABLE,,NONINCAPACITATING INJURY,23,6,41.9103151463,-87.697174719,2019,30,POINT (-87.697174719 41.9103151463),,,,,2019-06-13,False,22,Humboldt Park
2439,30,TRAFFIC SIGNAL,FUNCTIONING PROPERLY,CLEAR,"DARKNESS, LIGHTED ROAD",PEDALCYCLIST,NOT DIVIDED,STRAIGHT AND LEVEL,DRY,NO DEFECTS,Y,UNABLE TO DETERMINE,UNABLE TO DETERMINE,,NONINCAPACITATING INJURY,23,6,41.8961808671,-87.6674407548,2019,30,POINT (-87.6674407548 41.8961808671),,,,,2019-06-13,False,23,West Town
2440,30,TRAFFIC SIGNAL,FUNCTIONING PROPERLY,CLEAR,DAYLIGHT,PEDALCYCLIST,NOT DIVIDED,STRAIGHT AND LEVEL,DRY,UNKNOWN,,FAILING TO YIELD RIGHT-OF-WAY,IMPROPER TURNING/NO SIGNAL,,NO INDICATION OF INJURY,9,6,41.9096554998,-87.7356217521,2019,30,POINT (-87.7356217521 41.9096554998),,,,,2019-06-14,False,22,Humboldt Park
2441,30,NO CONTROLS,NO CONTROLS,CLEAR,DAYLIGHT,PEDALCYCLIST,DIVIDED - W/MEDIAN (NOT RAISED),STRAIGHT AND LEVEL,DRY,NO DEFECTS,,DRIVING SKILLS/KNOWLEDGE/EXPERIENCE,IMPROPER LANE USAGE,,NONINCAPACITATING INJURY,16,6,41.9310415957,-87.7104059113,2019,30,POINT (-87.7104059113 41.9310415957),,,,,2019-06-14,False,21,Logan Square
2442,30,NO CONTROLS,NO CONTROLS,CLEAR,DAYLIGHT,PEDALCYCLIST,DIVIDED - W/MEDIAN (NOT RAISED),STRAIGHT AND LEVEL,DRY,NO DEFECTS,Y,UNABLE TO DETERMINE,NOT APPLICABLE,,NONINCAPACITATING INJURY,16,6,41.9308114561,-87.7104927408,2019,30,POINT (-87.7104927408 41.9308114561),,,,,2019-06-14,False,21,Logan Square
2443,30,NO CONTROLS,NO CONTROLS,CLEAR,DAYLIGHT,PEDALCYCLIST,NOT DIVIDED,STRAIGHT AND LEVEL,DRY,NO DEFECTS,,FAILING TO YIELD RIGHT-OF-WAY,DISTRACTION - FROM INSIDE VEHICLE,Y,NONINCAPACITATING INJURY,16,6,41.9078397629,-87.6737239693,2019,30,POINT (-87.6737239693 41.9078397629),,,,,2019-06-14,False,23,West Town
2444,30,UNKNOWN,UNKNOWN,CLEAR,DAYLIGHT,PEDALCYCLIST,DIVIDED - W/MEDIAN (NOT RAISED),STRAIGHT AND LEVEL,DRY,UNKNOWN,,FAILING TO YIELD RIGHT-OF-WAY,NOT APPLICABLE,Y,NONINCAPACITATING INJURY,17,6,41.9247187832,-87.7165691032,2019,30,POINT (-87.7165691032 41.9247187832),,,,,2019-06-14,False,21,Logan Square
2445,15,NO CONTROLS,NO CONTROLS,CLEAR,DUSK,PEDALCYCLIST,OTHER,STRAIGHT AND LEVEL,DRY,UNKNOWN,,UNABLE TO DETERMINE,NOT APPLICABLE,,NONINCAPACITATING INJURY,17,6,41.9446958749,-87.7812112328,2019,15,POINT (-87.7812112328 41.9446958749),,,,,2019-06-14,False,14,Portage Park
2446,30,NO CONTROLS,NO CONTROLS,CLEAR,"DARKNESS, LIGHTED ROAD",PEDALCYCLIST,NOT DIVIDED,STRAIGHT AND LEVEL,DRY,UNKNOWN,,NOT APPLICABLE,NOT APPLICABLE,Y,NONINCAPACITATING INJURY,19,6,41.8863294555,-87.6864256749,2019,30,POINT (-87.6864256749 41.8863294555),,,,,2019-06-14,False,27,Near West Side
2447,30,STOP SIGN/FLASHER,FUNCTIONING PROPERLY,CLEAR,DUSK,PEDALCYCLIST,DIVIDED - W/MEDIAN (NOT RAISED),STRAIGHT AND LEVEL,DRY,NO DEFECTS,Y,DISREGARDING STOP SIGN,FAILING TO YIELD RIGHT-OF-WAY,,NO INDICATION OF INJURY,20,6,41.8025465727,-87.5905761045,2019,30,POINT (-87.5905761045 41.8025465727),,,,,2019-06-14,False,38,Kenwood
2448,35,TRAFFIC SIGNAL,FUNCTIONING IMPROPERLY,RAIN,"DARKNESS, LIGHTED ROAD",PEDALCYCLIST,DIVIDED - W/MEDIAN (NOT RAISED),STRAIGHT AND LEVEL,WET,UNKNOWN,Y,FAILING TO YIELD RIGHT-OF-WAY,NOT APPLICABLE,,NONINCAPACITATING INJURY,21,6,41.7139552022,-87.6140178985,2019,35,POINT (-87.6140178985 41.7139552022),,,,,2019-06-14,False,48,Roseland
2449,20,NO CONTROLS,NO CONTROLS,CLEAR,"DARKNESS, LIGHTED ROAD",PEDALCYCLIST,ONE-WAY,STRAIGHT AND LEVEL,DRY,NO DEFECTS,,UNABLE TO DETERMINE,UNABLE TO DETERMINE,,NO INDICATION OF INJURY,23,6,41.7761771136,-87.5881399534,2019,20,POINT (-87.5881399534 41.7761771136),,,,,2019-06-14,False,41,Woodlawn
2450,30,NO CONTROLS,NO CONTROLS,CLEAR,DAYLIGHT,PEDALCYCLIST,DIVIDED - W/MEDIAN (NOT RAISED),STRAIGHT AND LEVEL,UNKNOWN,UNKNOWN,,FAILING TO REDUCE SPEED TO AVOID CRASH,UNABLE TO DETERMINE,,NONINCAPACITATING INJURY,10,6,41.8809193904,-87.7192691293,2019,30,POINT (-87.7192691293 41.8809193904),,,,,2019-06-15,False,26,Garfield Park
2451,20,NO CONTROLS,NO CONTROLS,RAIN,"DARKNESS, LIGHTED ROAD",PEDALCYCLIST,NOT DIVIDED,STRAIGHT AND LEVEL,WET,NO DEFECTS,,DISREGARDING ROAD MARKINGS,FAILING TO YIELD RIGHT-OF-WAY,,NO INDICATION OF INJURY,12,6,41.9317486639,-87.6443554833,2019,20,POINT (-87.6443554833 41.9317486639),,,,,2019-06-15,False,6,Lincoln Park
2452,30,NO CONTROLS,NO CONTROLS,RAIN,DAYLIGHT,PEDALCYCLIST,ONE-WAY,STRAIGHT AND LEVEL,WET,NO DEFECTS,Y,UNABLE TO DETERMINE,UNABLE TO DETERMINE,,NO INDICATION OF INJURY,14,6,41.965023352,-87.6840839292,2019,30,POINT (-87.6840839292 41.965023352),,,,,2019-06-15,False,3,Lincoln Square
2453,30,NO CONTROLS,NO CONTROLS,CLEAR,"DARKNESS, LIGHTED ROAD",PEDALCYCLIST,OTHER,STRAIGHT AND LEVEL,WET,NO DEFECTS,,NOT APPLICABLE,NOT APPLICABLE,Y,NONINCAPACITATING INJURY,23,6,41.9099261116,-87.6765343566,2019,30,POINT (-87.6765343566 41.9099261116),,,,,2019-06-15,False,23,West Town
2454,30,TRAFFIC SIGNAL,FUNCTIONING PROPERLY,CLOUDY/OVERCAST,DAYLIGHT,PEDALCYCLIST,FOUR WAY,STRAIGHT AND LEVEL,DRY,NO DEFECTS,Y,FAILING TO YIELD RIGHT-OF-WAY,NOT APPLICABLE,,INCAPACITATING INJURY,9,6,41.8868245846,-87.6476535517,2019,30,POINT (-87.6476535517 41.8868245846),,,,,2019-06-16,True,7,Near North Side
2455,30,STOP SIGN/FLASHER,NO CONTROLS,CLEAR,DAYLIGHT,PEDALCYCLIST,FOUR WAY,STRAIGHT AND LEVEL,DRY,NO DEFECTS,Y,FAILING TO YIELD RIGHT-OF-WAY,UNABLE TO DETERMINE,,NO INDICATION OF INJURY,17,6,41.8510210813,-87.6239050482,2019,30,POINT (-87.6239050482 41.8510210813),,,,,2019-06-16,False,32,Near South Side
2457,30,NO CONTROLS,NO CONTROLS,CLEAR,DAYLIGHT,PEDALCYCLIST,OTHER,STRAIGHT AND LEVEL,DRY,NO DEFECTS,,UNABLE TO DETERMINE,NOT APPLICABLE,N,NONINCAPACITATING INJURY,10,6,41.9327043815,-87.6977783854,2019,30,POINT (-87.6977783854 41.9327043815),,,,,2019-06-17,False,20,Avondale
2458,30,STOP SIGN/FLASHER,NO CONTROLS,CLEAR,DAYLIGHT,PEDALCYCLIST,NOT DIVIDED,STRAIGHT AND LEVEL,DRY,NO DEFECTS,Y,IMPROPER TURNING/NO SIGNAL,NOT APPLICABLE,,NO INDICATION OF INJURY,16,6,41.9613980789,-87.6897627737,2019,30,POINT (-87.6897627737 41.9613980789),,,,,2019-06-17,False,3,Lincoln Square
2459,30,TRAFFIC SIGNAL,FUNCTIONING PROPERLY,CLOUDY/OVERCAST,DAYLIGHT,PEDALCYCLIST,NOT DIVIDED,STRAIGHT AND LEVEL,DRY,NO DEFECTS,Y,"VISION OBSCURED (SIGNS, TREE LIMBS, BUILDINGS, ETC.)",NOT APPLICABLE,,NONINCAPACITATING INJURY,18,6,41.8916031121,-87.6357243058,2019,30,POINT (-87.6357243058 41.8916031121),,,,,2019-06-17,False,7,Near North Side
2460,30,NO CONTROLS,NO CONTROLS,CLEAR,DAYLIGHT,PEDALCYCLIST,FOUR WAY,STRAIGHT AND LEVEL,DRY,NO DEFECTS,Y,IMPROPER LANE USAGE,UNABLE TO DETERMINE,,"REPORTED, NOT EVIDENT",7,6,41.9904495294,-87.7127123258,2019,30,POINT (-87.7127123258 41.9904495294),,,,,2019-06-18,False,12,North Park
2461,30,NO CONTROLS,NO CONTROLS,CLEAR,DAYLIGHT,PEDALCYCLIST,NOT DIVIDED,STRAIGHT AND LEVEL,DRY,NO DEFECTS,,UNABLE TO DETERMINE,NOT APPLICABLE,,INCAPACITATING INJURY,15,6,41.8287259369,-87.6558119194,2019,30,POINT (-87.6558119194 41.8287259369),,,,,2019-06-18,True,59,Bridgeport