Unnamed: 0,POSTED_SPEED_LIMIT,TRAFFIC_CONTROL_DEVICE,DEVICE_CONDITION,WEATHER_CONDITION,LIGHTING_CONDITION,FIRST_CRASH_TYPE,TRAFFICWAY_TYPE,ALIGNMENT,ROADWAY_SURFACE_COND,ROAD_DEFECT,INTERSECTION_RELATED_I,PRIM_CONTRIBUTORY_CAUSE,SEC_CONTRIBUTORY_CAUSE,DOORING_I,MOST_SEVERE_INJURY,CRASH_HOUR,CRASH_MONTH,LATITUDE,LONGITUDE,CRASH_YEAR,SPEED_LIMIT,geometry,DISPLAYROU,the_geom,DIST,LANE_TYPE,CRASH_DATE,is_severe,index_right,CArea
2462,30,STOP SIGN/FLASHER,NO CONTROLS,CLEAR,DAYLIGHT,PEDALCYCLIST,NOT DIVIDED,STRAIGHT AND LEVEL,DRY,NO DEFECTS,Y,UNABLE TO DETERMINE,NOT APPLICABLE,,NONINCAPACITATING INJURY,15,6,41.8343669632,-87.6414703486,2019,30,POINT (-87.6414703486 41.8343669632),,,,,2019-06-18,False,33,Armour Square
2463,30,STOP SIGN/FLASHER,FUNCTIONING PROPERLY,CLEAR,DAYLIGHT,PEDALCYCLIST,ONE-WAY,STRAIGHT AND LEVEL,DRY,NO DEFECTS,Y,UNABLE TO DETERMINE,UNABLE TO DETERMINE,,NO INDICATION OF INJURY,16,6,41.8408672239,-87.7111799923,2019,30,POINT (-87.7111799923 41.8408672239),,,,,2019-06-18,False,29,South Lawndale
2464,30,TRAFFIC SIGNAL,FUNCTIONING PROPERLY,CLEAR,DAYLIGHT,PEDALCYCLIST,FOUR WAY,STRAIGHT AND LEVEL,DRY,NO DEFECTS,Y,"VISION OBSCURED (SIGNS, TREE LIMBS, BUILDINGS, ETC.)",NOT APPLICABLE,,NO INDICATION OF INJURY,18,6,41.8965299235,-87.6358414631,2019,30,POINT (-87.6358414631 41.8965299235),,,,,2019-06-18,False,7,Near North Side
2465,30,TRAFFIC SIGNAL,FUNCTIONING PROPERLY,CLEAR,DAYLIGHT,PEDALCYCLIST,DIVIDED - W/MEDIAN BARRIER,STRAIGHT AND LEVEL,DRY,NO DEFECTS,,FAILING TO YIELD RIGHT-OF-WAY,DISREGARDING TRAFFIC SIGNALS,,NONINCAPACITATING INJURY,18,6,41.8672266215,-87.6491634852,2019,30,POINT (-87.6491634852 41.8672266215),,,,,2019-06-18,False,27,Near West Side
2466,30,TRAFFIC SIGNAL,UNKNOWN,CLEAR,DAYLIGHT,PEDALCYCLIST,DIVIDED - W/MEDIAN (NOT RAISED),STRAIGHT AND LEVEL,UNKNOWN,UNKNOWN,Y,UNABLE TO DETERMINE,NOT APPLICABLE,,NO INDICATION OF INJURY,18,6,41.9541748304,-87.6789019611,2019,30,POINT (-87.6789019611 41.9541748304),,,,,2019-06-18,False,4,North Center
2467,30,UNKNOWN,UNKNOWN,CLEAR,DAYLIGHT,PEDALCYCLIST,NOT DIVIDED,STRAIGHT AND LEVEL,DRY,NO DEFECTS,,FAILING TO YIELD RIGHT-OF-WAY,FAILING TO YIELD RIGHT-OF-WAY,,NONINCAPACITATING INJURY,18,6,41.9449370095,-87.6492681455,2019,30,POINT (-87.6492681455 41.9449370095),,,,,2019-06-18,False,5,Lake View
2468,30,TRAFFIC SIGNAL,FUNCTIONING PROPERLY,CLEAR,DAYLIGHT,PEDALCYCLIST,DIVIDED - W/MEDIAN (NOT RAISED),STRAIGHT AND LEVEL,DRY,NO DEFECTS,Y,UNABLE TO DETERMINE,NOT APPLICABLE,,"REPORTED, NOT EVIDENT",6,6,41.9123442167,-87.6776539387,2019,30,POINT (-87.6776539387 41.9123442167),,,,,2019-06-19,False,6,Lincoln Park
2469,30,TRAFFIC SIGNAL,FUNCTIONING PROPERLY,CLEAR,DAYLIGHT,PEDALCYCLIST,DIVIDED - W/MEDIAN (NOT RAISED),STRAIGHT AND LEVEL,DRY,NO DEFECTS,,ROAD CONSTRUCTION/MAINTENANCE,NOT APPLICABLE,,NONINCAPACITATING INJURY,7,6,41.9258574575,-87.7023978366,2019,30,POINT (-87.7023978366 41.9258574575),,,,,2019-06-19,False,21,Logan Square
2470,30,NO CONTROLS,NO CONTROLS,CLEAR,DAYLIGHT,PEDALCYCLIST,DIVIDED - W/MEDIAN (NOT RAISED),STRAIGHT AND LEVEL,DRY,UNKNOWN,,FAILING TO YIELD RIGHT-OF-WAY,UNABLE TO DETERMINE,,NO INDICATION OF INJURY,11,6,41.9213923139,-87.6365862363,2019,30,POINT (-87.6365862363 41.9213923139),,,,,2019-06-19,False,6,Lincoln Park
2471,30,NO CONTROLS,NO CONTROLS,CLOUDY/OVERCAST,DAYLIGHT,PEDALCYCLIST,NOT DIVIDED,STRAIGHT AND LEVEL,DRY,NO DEFECTS,,DISTRACTION - FROM OUTSIDE VEHICLE,NOT APPLICABLE,Y,"REPORTED, NOT EVIDENT",15,6,42.0018027516,-87.6996074924,2019,30,POINT (-87.6996074924 42.0018027516),,,,,2019-06-19,False,1,West Ridge
2472,30,STOP SIGN/FLASHER,FUNCTIONING PROPERLY,CLEAR,DAYLIGHT,PEDALCYCLIST,T-INTERSECTION,STRAIGHT AND LEVEL,DRY,NO DEFECTS,Y,FAILING TO REDUCE SPEED TO AVOID CRASH,NOT APPLICABLE,,"REPORTED, NOT EVIDENT",16,6,41.9753330972,-87.6551298395,2019,30,POINT (-87.6551298395 41.9753330972),,,,,2019-06-19,False,2,Uptown
2473,30,TRAFFIC SIGNAL,FUNCTIONING PROPERLY,CLEAR,DAYLIGHT,PEDALCYCLIST,CENTER TURN LANE,STRAIGHT AND LEVEL,DRY,NO DEFECTS,,UNABLE TO DETERMINE,NOT APPLICABLE,Y,NO INDICATION OF INJURY,16,6,41.9401085052,-87.6506341931,2019,30,POINT (-87.6506341931 41.9401085052),,,,,2019-06-19,False,5,Lake View
2474,15,NO CONTROLS,NO CONTROLS,CLEAR,DAYLIGHT,PEDALCYCLIST,NOT DIVIDED,STRAIGHT AND LEVEL,DRY,NO DEFECTS,,FAILING TO YIELD RIGHT-OF-WAY,NOT APPLICABLE,,"REPORTED, NOT EVIDENT",16,6,41.8537970516,-87.6326169136,2019,15,POINT (-87.6326169136 41.8537970516),,,,,2019-06-19,False,32,Near South Side
2475,30,TRAFFIC SIGNAL,FUNCTIONING PROPERLY,CLEAR,DAYLIGHT,PEDALCYCLIST,FOUR WAY,STRAIGHT AND LEVEL,DRY,NO DEFECTS,,FAILING TO YIELD RIGHT-OF-WAY,"VISION OBSCURED (SIGNS, TREE LIMBS, BUILDINGS, ETC.)",,NONINCAPACITATING INJURY,11,6,41.917864806,-87.6777495407,2019,30,POINT (-87.6777495407 41.917864806),,,,,2019-06-20,False,6,Lincoln Park
2476,30,NO CONTROLS,NO CONTROLS,CLEAR,DAYLIGHT,PEDALCYCLIST,DIVIDED - W/MEDIAN BARRIER,STRAIGHT AND LEVEL,DRY,NO DEFECTS,,DRIVING ON WRONG SIDE/WRONG WAY,NOT APPLICABLE,,NO INDICATION OF INJURY,16,6,41.9110051827,-87.6385620292,2019,30,POINT (-87.6385620292 41.9110051827),,,,,2019-06-20,False,6,Lincoln Park
2477,30,STOP SIGN/FLASHER,FUNCTIONING PROPERLY,CLEAR,DAYLIGHT,PEDALCYCLIST,NOT DIVIDED,STRAIGHT AND LEVEL,DRY,NO DEFECTS,,UNABLE TO DETERMINE,UNABLE TO DETERMINE,,NONINCAPACITATING INJURY,17,6,41.9203043548,-87.6354424649,2019,30,POINT (-87.6354424649 41.9203043548),,,,,2019-06-20,False,6,Lincoln Park
2478,30,NO CONTROLS,NO CONTROLS,CLEAR,DAYLIGHT,PEDALCYCLIST,DIVIDED - W/MEDIAN (NOT RAISED),STRAIGHT AND LEVEL,DRY,NO DEFECTS,,UNABLE TO DETERMINE,NOT APPLICABLE,,"REPORTED, NOT EVIDENT",18,6,41.903059772,-87.6784372584,2019,30,POINT (-87.6784372584 41.903059772),,,,,2019-06-20,False,23,West Town
2479,30,TRAFFIC SIGNAL,FUNCTIONING PROPERLY,CLEAR,DAYLIGHT,PEDALCYCLIST,NOT DIVIDED,STRAIGHT AND LEVEL,DRY,NO DEFECTS,Y,FOLLOWING TOO CLOSELY,NOT APPLICABLE,,INCAPACITATING INJURY,18,6,41.9471548614,-87.6541803313,2019,30,POINT (-87.6541803313 41.9471548614),,,,,2019-06-20,True,5,Lake View
2480,30,NO CONTROLS,NO CONTROLS,CLEAR,"DARKNESS, LIGHTED ROAD",PEDALCYCLIST,NOT DIVIDED,STRAIGHT AND LEVEL,DRY,NO DEFECTS,,FAILING TO YIELD RIGHT-OF-WAY,NOT APPLICABLE,Y,NONINCAPACITATING INJURY,20,6,41.9101440596,-87.6768750252,2019,30,POINT (-87.6768750252 41.9101440596),,,,,2019-06-20,False,23,West Town
2481,40,TRAFFIC SIGNAL,FUNCTIONING PROPERLY,CLEAR,DAYLIGHT,PEDALCYCLIST,NOT DIVIDED,STRAIGHT AND LEVEL,DRY,NO DEFECTS,Y,MOTORCYCLE ADVANCING LEGALLY ON RED LIGHT,NOT APPLICABLE,,NO INDICATION OF INJURY,7,6,41.903569232,-87.6556535191,2019,40,POINT (-87.6556535191 41.903569232),,,,,2019-06-21,False,7,Near North Side
2482,30,NO CONTROLS,NO CONTROLS,CLEAR,DAYLIGHT,PEDALCYCLIST,CENTER TURN LANE,STRAIGHT AND LEVEL,DRY,NO DEFECTS,Y,FAILING TO YIELD RIGHT-OF-WAY,NOT APPLICABLE,,NO INDICATION OF INJURY,16,6,41.9736223427,-87.6599412437,2019,30,POINT (-87.6599412437 41.9736223427),,,,,2019-06-21,False,2,Uptown
2483,30,NO CONTROLS,NO CONTROLS,CLEAR,DAYLIGHT,PEDALCYCLIST,NOT DIVIDED,STRAIGHT AND LEVEL,DRY,NO DEFECTS,,UNABLE TO DETERMINE,UNABLE TO DETERMINE,Y,NONINCAPACITATING INJURY,16,6,41.7983453499,-87.7443169411,2019,30,POINT (-87.7443169411 41.7983453499),,,,,2019-06-21,False,55,Garfield Ridge
2484,30,NO CONTROLS,NO CONTROLS,CLEAR,DAYLIGHT,PEDALCYCLIST,NOT DIVIDED,STRAIGHT AND LEVEL,DRY,NO DEFECTS,,IMPROPER LANE USAGE,UNABLE TO DETERMINE,,NONINCAPACITATING INJURY,17,6,41.9336266578,-87.6588945936,2019,30,POINT (-87.6588945936 41.9336266578),,,,,2019-06-21,False,5,Lake View
2485,30,NO CONTROLS,NO CONTROLS,CLEAR,DAYLIGHT,PEDALCYCLIST,NOT DIVIDED,STRAIGHT AND LEVEL,DRY,NO DEFECTS,,IMPROPER LANE USAGE,NOT APPLICABLE,Y,NO INDICATION OF INJURY,17,6,41.9071271874,-87.6344422045,2019,30,POINT (-87.6344422045 41.9071271874),,,,,2019-06-21,False,7,Near North Side
2486,30,STOP SIGN/FLASHER,FUNCTIONING PROPERLY,CLEAR,"DARKNESS, LIGHTED ROAD",PEDALCYCLIST,NOT DIVIDED,STRAIGHT AND LEVEL,DRY,NO DEFECTS,,FAILING TO YIELD RIGHT-OF-WAY,UNABLE TO DETERMINE,,NO INDICATION OF INJURY,20,6,41.9663486216,-87.7242820816,2019,30,POINT (-87.7242820816 41.9663486216),,,,,2019-06-21,False,13,Albany Park
2487,30,NO CONTROLS,NO CONTROLS,CLEAR,"DARKNESS, LIGHTED ROAD",PEDALCYCLIST,DIVIDED - W/MEDIAN (NOT RAISED),STRAIGHT AND LEVEL,DRY,NO DEFECTS,,"OPERATING VEHICLE IN ERRATIC, RECKLESS, CARELESS, NEGLIGENT OR AGGRESSIVE MANNER",NOT APPLICABLE,,INCAPACITATING INJURY,1,6,41.8992466322,-87.6891948145,2019,30,POINT (-87.6891948145 41.8992466322),,,,,2019-06-22,True,23,West Town
2488,30,TRAFFIC SIGNAL,FUNCTIONING PROPERLY,CLEAR,"DARKNESS, LIGHTED ROAD",PEDALCYCLIST,FOUR WAY,STRAIGHT AND LEVEL,DRY,NO DEFECTS,Y,DISREGARDING TRAFFIC SIGNALS,"OPERATING VEHICLE IN ERRATIC, RECKLESS, CARELESS, NEGLIGENT OR AGGRESSIVE MANNER",,"REPORTED, NOT EVIDENT",1,6,41.9112711441,-87.6347604802,2019,30,POINT (-87.6347604802 41.9112711441),,,,,2019-06-22,False,6,Lincoln Park
2489,35,NO CONTROLS,NO CONTROLS,CLEAR,DAYLIGHT,PEDALCYCLIST,NOT DIVIDED,STRAIGHT AND LEVEL,DRY,NO DEFECTS,,UNABLE TO DETERMINE,FAILING TO YIELD RIGHT-OF-WAY,,NONINCAPACITATING INJURY,7,6,41.9696985245,-87.6893674803,2019,35,POINT (-87.6893674803 41.9696985245),,,,,2019-06-22,False,3,Lincoln Square
2490,30,STOP SIGN/FLASHER,FUNCTIONING PROPERLY,CLEAR,DAYLIGHT,PEDALCYCLIST,NOT DIVIDED,STRAIGHT AND LEVEL,DRY,NO DEFECTS,,UNABLE TO DETERMINE,NOT APPLICABLE,,NONINCAPACITATING INJURY,7,6,41.8466716274,-87.6809407911,2019,30,POINT (-87.6809407911 41.8466716274),,,,,2019-06-22,False,30,Lower West Side
2491,35,TRAFFIC SIGNAL,FUNCTIONING PROPERLY,CLEAR,DAYLIGHT,PEDALCYCLIST,DIVIDED - W/MEDIAN (NOT RAISED),STRAIGHT AND LEVEL,DRY,NO DEFECTS,Y,DISREGARDING TRAFFIC SIGNALS,DISREGARDING TRAFFIC SIGNALS,,NONINCAPACITATING INJURY,16,6,41.8804807517,-87.755130433,2019,35,POINT (-87.755130433 41.8804807517),,,,,2019-06-22,False,24,Austin
2492,30,NO CONTROLS,OTHER,CLEAR,DAYLIGHT,PEDALCYCLIST,NOT DIVIDED,STRAIGHT AND LEVEL,DRY,UNKNOWN,,NOT APPLICABLE,NOT APPLICABLE,,NONINCAPACITATING INJURY,16,6,41.8771888063,-87.7089495552,2019,30,POINT (-87.7089495552 41.8771888063),,,,,2019-06-22,False,26,Garfield Park
2493,30,NO CONTROLS,NO CONTROLS,CLEAR,DAYLIGHT,PEDALCYCLIST,NOT DIVIDED,STRAIGHT AND LEVEL,DRY,NO DEFECTS,,UNABLE TO DETERMINE,NOT APPLICABLE,Y,NONINCAPACITATING INJURY,16,6,41.9491477592,-87.6642217849,2019,30,POINT (-87.6642217849 41.9491477592),,,,,2019-06-22,False,5,Lake View
2494,15,NO CONTROLS,NO CONTROLS,CLEAR,DAYLIGHT,PEDALCYCLIST,ONE-WAY,STRAIGHT AND LEVEL,DRY,NO DEFECTS,,UNABLE TO DETERMINE,UNABLE TO DETERMINE,,NONINCAPACITATING INJURY,17,6,42.0180133919,-87.6770471987,2019,15,POINT (-87.6770471987 42.0180133919),,,,,2019-06-22,False,0,Rogers Park
2495,30,TRAFFIC SIGNAL,FUNCTIONING PROPERLY,CLEAR,DUSK,PEDALCYCLIST,DIVIDED - W/MEDIAN (NOT RAISED),STRAIGHT AND LEVEL,DRY,NO DEFECTS,,UNABLE TO DETERMINE,UNABLE TO DETERMINE,Y,NONINCAPACITATING INJURY,19,6,41.9472661923,-87.6585962793,2019,30,POINT (-87.6585962793 41.9472661923),,,,,2019-06-22,False,5,Lake View
2496,25,NO CONTROLS,NO CONTROLS,CLEAR,DUSK,PEDALCYCLIST,NOT DIVIDED,STRAIGHT AND LEVEL,DRY,NO DEFECTS,,FAILING TO YIELD RIGHT-OF-WAY,FAILING TO YIELD RIGHT-OF-WAY,,NO INDICATION OF INJURY,20,6,41.886635047,-87.6974882866,2019,25,POINT (-87.6974882866 41.886635047),,,,,2019-06-22,False,26,Garfield Park
2497,30,NO CONTROLS,NO CONTROLS,CLEAR,"DARKNESS, LIGHTED ROAD",PEDALCYCLIST,NOT DIVIDED,STRAIGHT AND LEVEL,DRY,NO DEFECTS,,FAILING TO YIELD RIGHT-OF-WAY,UNABLE TO DETERMINE,,NONINCAPACITATING INJURY,20,6,41.9097081691,-87.6761936756,2019,30,POINT (-87.6761936756 41.9097081691),,,,,2019-06-22,False,23,West Town
2498,30,TRAFFIC SIGNAL,FUNCTIONING PROPERLY,CLEAR,"DARKNESS, LIGHTED ROAD",PEDALCYCLIST,T-INTERSECTION,STRAIGHT AND LEVEL,DRY,NO DEFECTS,Y,UNABLE TO DETERMINE,NOT APPLICABLE,,NONINCAPACITATING INJURY,1,6,41.9204409591,-87.7755777791,2019,30,POINT (-87.7755777791 41.9204409591),,,,,2019-06-23,False,18,Belmont Cragin
2499,30,NO CONTROLS,NO CONTROLS,CLEAR,DAYLIGHT,PEDALCYCLIST,NOT DIVIDED,STRAIGHT AND LEVEL,DRY,NO DEFECTS,,UNABLE TO DETERMINE,NOT APPLICABLE,Y,NONINCAPACITATING INJURY,9,6,41.9391569489,-87.7130552966,2019,30,POINT (-87.7130552966 41.9391569489),,,,,2019-06-23,False,15,Irving Park
2500,15,NO CONTROLS,NO CONTROLS,CLEAR,DAYLIGHT,PEDALCYCLIST,PARKING LOT,STRAIGHT AND LEVEL,DRY,NO DEFECTS,,IMPROPER BACKING,NOT APPLICABLE,,NONINCAPACITATING INJURY,14,6,41.8956153135,-87.7067053251,2019,15,POINT (-87.7067053251 41.8956153135),,,,,2019-06-23,False,22,Humboldt Park
2501,30,TRAFFIC SIGNAL,FUNCTIONING PROPERLY,RAIN,DUSK,PEDALCYCLIST,DIVIDED - W/MEDIAN BARRIER,STRAIGHT AND LEVEL,WET,NO DEFECTS,,UNABLE TO DETERMINE,UNABLE TO DETERMINE,,NONINCAPACITATING INJURY,20,6,41.990729218,-87.6829794536,2019,30,POINT (-87.6829794536 41.990729218),,,,,2019-06-23,False,1,West Ridge
2502,30,NO CONTROLS,NO CONTROLS,RAIN,"DARKNESS, LIGHTED ROAD",PEDALCYCLIST,DIVIDED - W/MEDIAN BARRIER,STRAIGHT AND LEVEL,WET,UNKNOWN,,UNABLE TO DETERMINE,UNABLE TO DETERMINE,,NO INDICATION OF INJURY,20,6,41.8002843211,-87.5875283868,2019,30,POINT (-87.5875283868 41.8002843211),,,,,2019-06-23,False,40,Hyde Park
2503,25,TRAFFIC SIGNAL,FUNCTIONING PROPERLY,CLEAR,DAYLIGHT,PEDALCYCLIST,NOT DIVIDED,STRAIGHT AND LEVEL,WET,NO DEFECTS,Y,FAILING TO YIELD RIGHT-OF-WAY,NOT APPLICABLE,,NONINCAPACITATING INJURY,6,6,41.9946628693,-87.6603452036,2019,25,POINT (-87.6603452036 41.9946628693),,,,,2019-06-24,False,76,Edgewater
2504,30,NO CONTROLS,NO CONTROLS,RAIN,DAYLIGHT,PEDALCYCLIST,NOT DIVIDED,STRAIGHT AND LEVEL,DRY,UNKNOWN,,UNABLE TO DETERMINE,DISREGARDING STOP SIGN,,NONINCAPACITATING INJURY,8,6,41.8961419219,-87.6561782595,2019,30,POINT (-87.6561782595 41.8961419219),,,,,2019-06-24,False,7,Near North Side
2505,30,TRAFFIC SIGNAL,FUNCTIONING PROPERLY,RAIN,DAYLIGHT,PEDALCYCLIST,DIVIDED - W/MEDIAN BARRIER,STRAIGHT AND LEVEL,WET,NO DEFECTS,Y,FAILING TO YIELD RIGHT-OF-WAY,IMPROPER OVERTAKING/PASSING,,INCAPACITATING INJURY,8,6,41.900752974,-87.6242349998,2019,30,POINT (-87.6242349998 41.900752974),,,,,2019-06-24,True,7,Near North Side
2506,25,STOP SIGN/FLASHER,FUNCTIONING PROPERLY,CLOUDY/OVERCAST,DAYLIGHT,PEDALCYCLIST,NOT DIVIDED,STRAIGHT AND LEVEL,DRY,NO DEFECTS,,UNABLE TO DETERMINE,UNABLE TO DETERMINE,,NO INDICATION OF INJURY,8,6,41.8890092769,-87.6376249072,2019,25,POINT (-87.6376249072 41.8890092769),,,,,2019-06-24,False,7,Near North Side
2507,30,NO CONTROLS,NO CONTROLS,RAIN,DAYLIGHT,PEDALCYCLIST,NOT DIVIDED,STRAIGHT AND LEVEL,WET,NO DEFECTS,,IMPROPER LANE USAGE,UNABLE TO DETERMINE,,NONINCAPACITATING INJURY,10,6,41.8940524139,-87.626930501,2019,30,POINT (-87.626930501 41.8940524139),,,,,2019-06-24,False,7,Near North Side
2508,30,TRAFFIC SIGNAL,FUNCTIONING PROPERLY,RAIN,DAYLIGHT,PEDALCYCLIST,NOT DIVIDED,STRAIGHT AND LEVEL,WET,NO DEFECTS,,IMPROPER LANE USAGE,DRIVING SKILLS/KNOWLEDGE/EXPERIENCE,,NO INDICATION OF INJURY,12,6,41.9317423572,-87.7271243936,2019,30,POINT (-87.7271243936 41.9317423572),,,,,2019-06-24,False,19,Hermosa
2509,30,OTHER,FUNCTIONING PROPERLY,RAIN,DAYLIGHT,PEDALCYCLIST,ONE-WAY,STRAIGHT AND LEVEL,WET,NO DEFECTS,,DRIVING ON WRONG SIDE/WRONG WAY,DISREGARDING ROAD MARKINGS,,NO INDICATION OF INJURY,14,6,41.9419024345,-87.6498063178,2019,30,POINT (-87.6498063178 41.9419024345),,,,,2019-06-24,False,5,Lake View
2510,30,NO CONTROLS,NO CONTROLS,CLEAR,DAYLIGHT,PEDALCYCLIST,NOT DIVIDED,STRAIGHT AND LEVEL,DRY,NO DEFECTS,,FAILING TO YIELD RIGHT-OF-WAY,DRIVING SKILLS/KNOWLEDGE/EXPERIENCE,Y,INCAPACITATING INJURY,16,6,41.9425395864,-87.649204914,2019,30,POINT (-87.649204914 41.9425395864),,,,,2019-06-24,True,5,Lake View
2511,30,NO CONTROLS,NO CONTROLS,CLEAR,DAYLIGHT,PEDALCYCLIST,DIVIDED - W/MEDIAN (NOT RAISED),STRAIGHT ON GRADE,DRY,UNKNOWN,,UNABLE TO DETERMINE,NOT APPLICABLE,Y,NONINCAPACITATING INJURY,18,6,41.9034290633,-87.6691296063,2019,30,POINT (-87.6691296063 41.9034290633),,,,,2019-06-24,False,23,West Town
2512,30,NO CONTROLS,NO CONTROLS,CLEAR,DAYLIGHT,PEDALCYCLIST,DIVIDED - W/MEDIAN (NOT RAISED),STRAIGHT AND LEVEL,DRY,NO DEFECTS,,FAILING TO YIELD RIGHT-OF-WAY,UNABLE TO DETERMINE,,NONINCAPACITATING INJURY,18,6,41.8576817186,-87.6293096781,2019,30,POINT (-87.6293096781 41.8576817186),,,,,2019-06-24,False,32,Near South Side
2513,30,NO CONTROLS,NO CONTROLS,CLEAR,"DARKNESS, LIGHTED ROAD",PEDALCYCLIST,NOT DIVIDED,STRAIGHT ON GRADE,DRY,UNKNOWN,,NOT APPLICABLE,NOT APPLICABLE,,INCAPACITATING INJURY,1,6,41.8916047372,-87.6399524187,2019,30,POINT (-87.6399524187 41.8916047372),,,,,2019-06-25,True,7,Near North Side
2514,30,TRAFFIC SIGNAL,FUNCTIONING PROPERLY,CLEAR,DAWN,PEDALCYCLIST,DIVIDED - W/MEDIAN (NOT RAISED),STRAIGHT ON HILLCREST,DRY,NO DEFECTS,,"OPERATING VEHICLE IN ERRATIC, RECKLESS, CARELESS, NEGLIGENT OR AGGRESSIVE MANNER",NOT APPLICABLE,,INCAPACITATING INJURY,5,6,41.9685741319,-87.6840993165,2019,30,POINT (-87.6840993165 41.9685741319),,,,,2019-06-25,True,3,Lincoln Square
2515,15,NO CONTROLS,NO CONTROLS,CLEAR,DAYLIGHT,PEDALCYCLIST,ALLEY,STRAIGHT AND LEVEL,DRY,NO DEFECTS,,"OPERATING VEHICLE IN ERRATIC, RECKLESS, CARELESS, NEGLIGENT OR AGGRESSIVE MANNER",NOT APPLICABLE,Y,NO INDICATION OF INJURY,8,6,41.8663151305,-87.7038642241,2019,15,POINT (-87.7038642241 41.8663151305),,,,,2019-06-25,False,28,North Lawndale
2516,35,TRAFFIC SIGNAL,FUNCTIONING PROPERLY,CLEAR,DAYLIGHT,PEDALCYCLIST,NOT DIVIDED,STRAIGHT AND LEVEL,DRY,NO DEFECTS,Y,UNABLE TO DETERMINE,NOT APPLICABLE,,NONINCAPACITATING INJURY,9,6,41.9397446157,-87.6685161011,2019,35,POINT (-87.6685161011 41.9397446157),,,,,2019-06-25,False,5,Lake View
2517,25,NO CONTROLS,NO CONTROLS,CLEAR,DAYLIGHT,PEDALCYCLIST,NOT DIVIDED,STRAIGHT AND LEVEL,DRY,NO DEFECTS,,UNABLE TO DETERMINE,UNABLE TO DETERMINE,,INCAPACITATING INJURY,9,6,41.9939889516,-87.6893635866,2019,25,POINT (-87.6893635866 41.9939889516),,,,,2019-06-25,True,1,West Ridge
2518,30,NO CONTROLS,NO CONTROLS,CLEAR,DAYLIGHT,PEDALCYCLIST,NOT DIVIDED,STRAIGHT AND LEVEL,DRY,NO DEFECTS,,FAILING TO YIELD RIGHT-OF-WAY,NOT APPLICABLE,,NONINCAPACITATING INJURY,11,6,41.9605850177,-87.7624643665,2019,30,POINT (-87.7624643665 41.9605850177),,,,,2019-06-25,False,14,Portage Park
2519,30,NO CONTROLS,NO CONTROLS,CLEAR,"DARKNESS, LIGHTED ROAD",PEDALCYCLIST,ONE-WAY,STRAIGHT AND LEVEL,DRY,NO DEFECTS,,"OPERATING VEHICLE IN ERRATIC, RECKLESS, CARELESS, NEGLIGENT OR AGGRESSIVE MANNER",UNABLE TO DETERMINE,,"REPORTED, NOT EVIDENT",11,6,41.9071493064,-87.6799639617,2019,30,POINT (-87.6799639617 41.9071493064),,,,,2019-06-25,False,23,West Town
2520,35,TRAFFIC SIGNAL,NO CONTROLS,CLEAR,DAYLIGHT,PEDALCYCLIST,ONE-WAY,STRAIGHT AND LEVEL,DRY,NO DEFECTS,,FOLLOWING TOO CLOSELY,IMPROPER OVERTAKING/PASSING,N,NO INDICATION OF INJURY,12,6,41.8933600173,-87.629619981,2019,35,POINT (-87.629619981 41.8933600173),,,,,2019-06-25,False,7,Near North Side
2521,20,NO CONTROLS,NO CONTROLS,CLEAR,DAYLIGHT,PEDALCYCLIST,ONE-WAY,STRAIGHT AND LEVEL,DRY,NO DEFECTS,,UNABLE TO DETERMINE,UNABLE TO DETERMINE,,NO INDICATION OF INJURY,12,6,41.8480912116,-87.7004914991,2019,20,POINT (-87.7004914991 41.8480912116),,,,,2019-06-25,False,28,North Lawndale
2522,30,NO CONTROLS,NO CONTROLS,CLEAR,DAYLIGHT,PEDALCYCLIST,ONE-WAY,STRAIGHT AND LEVEL,DRY,NO DEFECTS,,UNABLE TO DETERMINE,NOT APPLICABLE,,NONINCAPACITATING INJURY,17,6,41.7405575293,-87.5540647238,2019,30,POINT (-87.5540647238 41.7405575293),,,,,2019-06-25,False,45,South Chicago
2523,25,NO CONTROLS,NO CONTROLS,CLEAR,DAYLIGHT,PEDALCYCLIST,NOT DIVIDED,STRAIGHT AND LEVEL,UNKNOWN,UNKNOWN,,UNABLE TO DETERMINE,UNABLE TO DETERMINE,Y,NONINCAPACITATING INJURY,17,6,41.9260549755,-87.6406129699,2019,25,POINT (-87.6406129699 41.9260549755),,,,,2019-06-25,False,6,Lincoln Park
2524,15,STOP SIGN/FLASHER,FUNCTIONING PROPERLY,CLEAR,DAYLIGHT,PEDALCYCLIST,DIVIDED - W/MEDIAN (NOT RAISED),STRAIGHT AND LEVEL,DRY,NO DEFECTS,,UNABLE TO DETERMINE,UNABLE TO DETERMINE,,NO INDICATION OF INJURY,17,6,41.8867294427,-87.6485266423,2019,15,POINT (-87.6485266423 41.8867294427),,,,,2019-06-25,False,7,Near North Side
2525,30,TRAFFIC SIGNAL,FUNCTIONING PROPERLY,CLEAR,UNKNOWN,PEDALCYCLIST,NOT DIVIDED,STRAIGHT AND LEVEL,UNKNOWN,NO DEFECTS,,NOT APPLICABLE,NOT APPLICABLE,Y,NO INDICATION OF INJURY,20,6,41.7988443933,-87.5964804233,2019,30,POINT (-87.5964804233 41.7988443933),,,,,2019-06-25,False,40,Hyde Park
2526,30,TRAFFIC SIGNAL,FUNCTIONING PROPERLY,CLEAR,DAYLIGHT,PEDALCYCLIST,ONE-WAY,STRAIGHT AND LEVEL,DRY,NO DEFECTS,Y,DISREGARDING TRAFFIC SIGNALS,DISREGARDING TRAFFIC SIGNALS,,NO INDICATION OF INJURY,12,6,41.8833205136,-87.6309819052,2019,30,POINT (-87.6309819052 41.8833205136),,,,,2019-06-26,False,31,Loop