Unnamed: 0,POSTED_SPEED_LIMIT,TRAFFIC_CONTROL_DEVICE,DEVICE_CONDITION,WEATHER_CONDITION,LIGHTING_CONDITION,FIRST_CRASH_TYPE,TRAFFICWAY_TYPE,ALIGNMENT,ROADWAY_SURFACE_COND,ROAD_DEFECT,INTERSECTION_RELATED_I,PRIM_CONTRIBUTORY_CAUSE,SEC_CONTRIBUTORY_CAUSE,DOORING_I,MOST_SEVERE_INJURY,CRASH_HOUR,CRASH_MONTH,LATITUDE,LONGITUDE,CRASH_YEAR,SPEED_LIMIT,geometry,DISPLAYROU,the_geom,DIST,LANE_TYPE,CRASH_DATE,is_severe,index_right,CArea
2527,30,TRAFFIC SIGNAL,FUNCTIONING PROPERLY,CLEAR,DAYLIGHT,PEDALCYCLIST,NOT DIVIDED,STRAIGHT AND LEVEL,DRY,NO DEFECTS,Y,IMPROPER TURNING/NO SIGNAL,NOT APPLICABLE,,NONINCAPACITATING INJURY,12,6,41.9423161714,-87.7124548295,2019,30,POINT (-87.7124548295 41.9423161714),,,,,2019-06-26,False,15,Irving Park
2528,30,STOP SIGN/FLASHER,FUNCTIONING PROPERLY,CLEAR,DAYLIGHT,PEDALCYCLIST,FOUR WAY,STRAIGHT AND LEVEL,DRY,NO DEFECTS,Y,NOT APPLICABLE,NOT APPLICABLE,,NONINCAPACITATING INJURY,15,6,41.7897205544,-87.7109499662,2019,30,POINT (-87.7109499662 41.7897205544),,,,,2019-06-26,False,62,Gage Park
2529,30,NO CONTROLS,NO CONTROLS,CLEAR,DAYLIGHT,PEDALCYCLIST,NOT DIVIDED,STRAIGHT AND LEVEL,DRY,NO DEFECTS,,DRIVING SKILLS/KNOWLEDGE/EXPERIENCE,UNABLE TO DETERMINE,,NO INDICATION OF INJURY,15,6,41.7081242948,-87.5366429848,2019,30,POINT (-87.5366429848 41.7081242948),,,,,2019-06-26,False,51,East Side
2530,20,NO CONTROLS,NO CONTROLS,CLEAR,DAYLIGHT,PEDALCYCLIST,DIVIDED - W/MEDIAN (NOT RAISED),STRAIGHT AND LEVEL,DRY,NO DEFECTS,,DRIVING SKILLS/KNOWLEDGE/EXPERIENCE,DRIVING SKILLS/KNOWLEDGE/EXPERIENCE,,"REPORTED, NOT EVIDENT",16,6,41.7226409885,-87.5539916123,2019,20,POINT (-87.5539916123 41.7226409885),,,,,2019-06-26,False,47,Calumet Heights
2531,30,NO CONTROLS,NO CONTROLS,CLEAR,DAYLIGHT,PEDALCYCLIST,NOT DIVIDED,STRAIGHT AND LEVEL,DRY,NO DEFECTS,,IMPROPER OVERTAKING/PASSING,UNABLE TO DETERMINE,,NO INDICATION OF INJURY,17,6,41.9118009635,-87.709191339,2019,30,POINT (-87.709191339 41.9118009635),,,,,2019-06-26,False,22,Humboldt Park
2532,30,NO CONTROLS,NO CONTROLS,CLEAR,DAYLIGHT,PEDALCYCLIST,NOT DIVIDED,STRAIGHT AND LEVEL,UNKNOWN,UNKNOWN,,IMPROPER OVERTAKING/PASSING,IMPROPER OVERTAKING/PASSING,,NONINCAPACITATING INJURY,17,6,41.9207904839,-87.635513868,2019,30,POINT (-87.635513868 41.9207904839),,,,,2019-06-26,False,6,Lincoln Park
2533,30,UNKNOWN,UNKNOWN,CLEAR,UNKNOWN,PEDALCYCLIST,NOT DIVIDED,STRAIGHT AND LEVEL,UNKNOWN,UNKNOWN,,UNABLE TO DETERMINE,UNABLE TO DETERMINE,,NONINCAPACITATING INJURY,18,6,41.8956625925,-87.706619209,2019,30,POINT (-87.706619209 41.8956625925),,,,,2019-06-26,False,22,Humboldt Park
2534,30,TRAFFIC SIGNAL,FUNCTIONING PROPERLY,CLEAR,DAYLIGHT,PEDALCYCLIST,ONE-WAY,STRAIGHT AND LEVEL,DRY,NO DEFECTS,Y,IMPROPER TURNING/NO SIGNAL,DISREGARDING OTHER TRAFFIC SIGNS,,NO INDICATION OF INJURY,18,6,41.8833199553,-87.6321073895,2019,30,POINT (-87.6321073895 41.8833199553),,,,,2019-06-26,False,31,Loop
2535,30,NO CONTROLS,NO CONTROLS,CLEAR,DAYLIGHT,PEDALCYCLIST,NOT DIVIDED,STRAIGHT AND LEVEL,DRY,NO DEFECTS,,"OPERATING VEHICLE IN ERRATIC, RECKLESS, CARELESS, NEGLIGENT OR AGGRESSIVE MANNER",NOT APPLICABLE,,NONINCAPACITATING INJURY,18,6,41.9254183668,-87.6441943874,2019,30,POINT (-87.6441943874 41.9254183668),,,,,2019-06-26,False,6,Lincoln Park
2536,40,TRAFFIC SIGNAL,FUNCTIONING PROPERLY,CLEAR,"DARKNESS, LIGHTED ROAD",PEDALCYCLIST,NOT DIVIDED,STRAIGHT AND LEVEL,DRY,NO DEFECTS,Y,UNABLE TO DETERMINE,UNABLE TO DETERMINE,,INCAPACITATING INJURY,20,6,41.7676877323,-87.7226308451,2019,40,POINT (-87.7226308451 41.7676877323),,,,,2019-06-26,True,64,West Lawn
2537,30,NO CONTROLS,NO CONTROLS,RAIN,"DARKNESS, LIGHTED ROAD",PEDALCYCLIST,NOT DIVIDED,STRAIGHT AND LEVEL,WET,NO DEFECTS,,NOT APPLICABLE,NOT APPLICABLE,,NONINCAPACITATING INJURY,20,6,41.9617320287,-87.6669683056,2019,30,POINT (-87.6669683056 41.9617320287),,,,,2019-06-26,False,2,Uptown
2538,30,NO CONTROLS,NO CONTROLS,RAIN,"DARKNESS, LIGHTED ROAD",PEDALCYCLIST,NOT DIVIDED,STRAIGHT AND LEVEL,WET,NO DEFECTS,,UNABLE TO DETERMINE,NOT APPLICABLE,,NONINCAPACITATING INJURY,21,6,41.9022226624,-87.7215628357,2019,30,POINT (-87.7215628357 41.9022226624),,,,,2019-06-26,False,22,Humboldt Park
2539,30,NO CONTROLS,NO CONTROLS,CLEAR,DAYLIGHT,PEDALCYCLIST,NOT DIVIDED,STRAIGHT AND LEVEL,DRY,NO DEFECTS,,FAILING TO YIELD RIGHT-OF-WAY,NOT APPLICABLE,Y,NONINCAPACITATING INJURY,9,6,41.8991135903,-87.637121922,2019,30,POINT (-87.637121922 41.8991135903),,,,,2019-06-27,False,7,Near North Side
2540,30,NO CONTROLS,NO CONTROLS,CLEAR,DAYLIGHT,PEDALCYCLIST,NOT DIVIDED,STRAIGHT AND LEVEL,DRY,NO DEFECTS,,FOLLOWING TOO CLOSELY,DRIVING SKILLS/KNOWLEDGE/EXPERIENCE,,NONINCAPACITATING INJURY,12,6,41.9686242146,-87.6807784895,2019,30,POINT (-87.6807784895 41.9686242146),,,,,2019-06-27,False,3,Lincoln Square
2541,30,NO CONTROLS,NO CONTROLS,CLEAR,DAYLIGHT,PEDALCYCLIST,NOT DIVIDED,STRAIGHT AND LEVEL,DRY,NO DEFECTS,,IMPROPER OVERTAKING/PASSING,FAILING TO REDUCE SPEED TO AVOID CRASH,,NO INDICATION OF INJURY,14,6,41.9112100727,-87.7570871488,2019,30,POINT (-87.7570871488 41.9112100727),,,,,2019-06-27,False,24,Austin
2542,35,NO CONTROLS,NO CONTROLS,CLEAR,DAYLIGHT,PEDALCYCLIST,FOUR WAY,STRAIGHT AND LEVEL,DRY,NO DEFECTS,Y,FAILING TO YIELD RIGHT-OF-WAY,NOT APPLICABLE,N,NONINCAPACITATING INJURY,14,6,41.7042593971,-87.7014252411,2019,35,POINT (-87.7014252411 41.7042593971),,,,,2019-06-27,False,73,Mount Greenwood
2543,30,TRAFFIC SIGNAL,FUNCTIONING PROPERLY,CLEAR,DAYLIGHT,PEDALCYCLIST,NOT DIVIDED,STRAIGHT AND LEVEL,DRY,NO DEFECTS,Y,FAILING TO YIELD RIGHT-OF-WAY,DISREGARDING TRAFFIC SIGNALS,,NONINCAPACITATING INJURY,15,6,41.9250744949,-87.6657063576,2019,30,POINT (-87.6657063576 41.9250744949),,,,,2019-06-27,False,6,Lincoln Park
2544,30,NO CONTROLS,NO CONTROLS,CLEAR,DAYLIGHT,PEDALCYCLIST,DIVIDED - W/MEDIAN (NOT RAISED),STRAIGHT AND LEVEL,DRY,NO DEFECTS,,UNABLE TO DETERMINE,UNABLE TO DETERMINE,Y,NONINCAPACITATING INJURY,16,6,41.9441144039,-87.6719229153,2019,30,POINT (-87.6719229153 41.9441144039),,,,,2019-06-27,False,5,Lake View
2545,30,TRAFFIC SIGNAL,FUNCTIONING PROPERLY,CLEAR,DAYLIGHT,PEDALCYCLIST,NOT DIVIDED,STRAIGHT AND LEVEL,DRY,NO DEFECTS,Y,FAILING TO YIELD RIGHT-OF-WAY,UNABLE TO DETERMINE,,NONINCAPACITATING INJURY,17,6,41.9036983077,-87.6482453506,2019,30,POINT (-87.6482453506 41.9036983077),,,,,2019-06-27,False,7,Near North Side
2546,30,NO CONTROLS,NO CONTROLS,CLEAR,DAYLIGHT,PEDALCYCLIST,DIVIDED - W/MEDIAN (NOT RAISED),STRAIGHT AND LEVEL,DRY,NO DEFECTS,,FAILING TO YIELD RIGHT-OF-WAY,FAILING TO YIELD RIGHT-OF-WAY,,NONINCAPACITATING INJURY,18,6,41.911020923,-87.637486334,2019,30,POINT (-87.637486334 41.911020923),,,,,2019-06-27,False,6,Lincoln Park
2547,30,NO CONTROLS,NO CONTROLS,CLEAR,DAYLIGHT,PEDALCYCLIST,NOT DIVIDED,STRAIGHT AND LEVEL,DRY,NO DEFECTS,,UNABLE TO DETERMINE,UNABLE TO DETERMINE,,"REPORTED, NOT EVIDENT",18,6,41.965903428,-87.6869437426,2019,30,POINT (-87.6869437426 41.965903428),,,,,2019-06-27,False,3,Lincoln Square
2548,35,NO CONTROLS,NO CONTROLS,CLEAR,DAWN,PEDALCYCLIST,NOT DIVIDED,STRAIGHT AND LEVEL,UNKNOWN,NO DEFECTS,,IMPROPER LANE USAGE,UNABLE TO DETERMINE,,INCAPACITATING INJURY,19,6,41.9316958106,-87.6491227423,2019,35,POINT (-87.6491227423 41.9316958106),,,,,2019-06-27,True,6,Lincoln Park
2549,30,NO CONTROLS,NO CONTROLS,CLEAR,DAYLIGHT,PEDALCYCLIST,ALLEY,STRAIGHT AND LEVEL,DRY,NO DEFECTS,,FAILING TO YIELD RIGHT-OF-WAY,UNABLE TO DETERMINE,,NO INDICATION OF INJURY,20,6,41.8673381362,-87.6248422269,2019,30,POINT (-87.6248422269 41.8673381362),,,,,2019-06-27,False,31,Loop
2550,30,STOP SIGN/FLASHER,FUNCTIONING PROPERLY,CLEAR,DARKNESS,PEDALCYCLIST,FOUR WAY,STRAIGHT AND LEVEL,WET,NO DEFECTS,Y,UNABLE TO DETERMINE,UNABLE TO DETERMINE,,NO INDICATION OF INJURY,21,6,41.9413159833,-87.7013367417,2019,30,POINT (-87.7013367417 41.9413159833),,,,,2019-06-27,False,15,Irving Park
2551,30,STOP SIGN/FLASHER,UNKNOWN,CLEAR,DAYLIGHT,PEDALCYCLIST,NOT DIVIDED,STRAIGHT AND LEVEL,UNKNOWN,UNKNOWN,Y,FAILING TO YIELD RIGHT-OF-WAY,IMPROPER OVERTAKING/PASSING,,NONINCAPACITATING INJURY,6,6,42.0076376668,-87.6781634937,2019,30,POINT (-87.6781634937 42.0076376668),,,,,2019-06-28,False,0,Rogers Park
2552,30,NO CONTROLS,NO CONTROLS,UNKNOWN,DAYLIGHT,PEDALCYCLIST,DIVIDED - W/MEDIAN BARRIER,STRAIGHT AND LEVEL,UNKNOWN,NO DEFECTS,,UNABLE TO DETERMINE,UNABLE TO DETERMINE,,NONINCAPACITATING INJURY,8,6,41.8889381429,-87.6399430524,2019,30,POINT (-87.6399430524 41.8889381429),,,,,2019-06-28,False,7,Near North Side
2553,30,NO CONTROLS,NO CONTROLS,CLEAR,DAYLIGHT,PEDALCYCLIST,NOT DIVIDED,STRAIGHT AND LEVEL,DRY,NO DEFECTS,,UNABLE TO DETERMINE,NOT APPLICABLE,,NO INDICATION OF INJURY,11,6,41.895933348,-87.6771999165,2019,30,POINT (-87.6771999165 41.895933348),,,,,2019-06-28,False,23,West Town
2554,30,STOP SIGN/FLASHER,FUNCTIONING PROPERLY,CLEAR,DAYLIGHT,PEDALCYCLIST,FOUR WAY,STRAIGHT AND LEVEL,DRY,NO DEFECTS,Y,UNABLE TO DETERMINE,NOT APPLICABLE,,NONINCAPACITATING INJURY,14,6,41.9665825264,-87.7625983094,2019,30,POINT (-87.7625983094 41.9665825264),,,,,2019-06-28,False,14,Portage Park
2555,35,TRAFFIC SIGNAL,UNKNOWN,UNKNOWN,UNKNOWN,PEDALCYCLIST,DIVIDED - W/MEDIAN (NOT RAISED),STRAIGHT AND LEVEL,UNKNOWN,UNKNOWN,,DRIVING ON WRONG SIDE/WRONG WAY,UNABLE TO DETERMINE,,INCAPACITATING INJURY,16,6,41.8807760078,-87.7306983837,2019,35,POINT (-87.7306983837 41.8807760078),,,,,2019-06-28,True,25,Garfield Park
2556,35,TRAFFIC SIGNAL,FUNCTIONING PROPERLY,CLEAR,DAYLIGHT,PEDALCYCLIST,NOT DIVIDED,STRAIGHT AND LEVEL,DRY,NO DEFECTS,,UNABLE TO DETERMINE,UNABLE TO DETERMINE,,NO INDICATION OF INJURY,17,6,41.9946189012,-87.7140204444,2019,35,POINT (-87.7140204444 41.9946189012),,,,,2019-06-28,False,12,North Park
2557,30,NO CONTROLS,NO CONTROLS,CLEAR,DAYLIGHT,PEDALCYCLIST,NOT DIVIDED,STRAIGHT AND LEVEL,DRY,NO DEFECTS,,UNABLE TO DETERMINE,NOT APPLICABLE,Y,NONINCAPACITATING INJURY,17,6,41.9066713295,-87.6968245582,2019,30,POINT (-87.6968245582 41.9066713295),,,,,2019-06-28,False,22,Humboldt Park
2558,30,NO CONTROLS,NO CONTROLS,CLOUDY/OVERCAST,DAYLIGHT,PEDALCYCLIST,PARKING LOT,STRAIGHT AND LEVEL,DRY,NO DEFECTS,,FAILING TO YIELD RIGHT-OF-WAY,IMPROPER TURNING/NO SIGNAL,,NO INDICATION OF INJURY,17,6,41.9618999976,-87.6538785876,2019,30,POINT (-87.6538785876 41.9618999976),,,,,2019-06-28,False,2,Uptown
2559,30,NO CONTROLS,NO CONTROLS,UNKNOWN,UNKNOWN,PEDALCYCLIST,NOT DIVIDED,STRAIGHT AND LEVEL,UNKNOWN,UNKNOWN,,UNABLE TO DETERMINE,NOT APPLICABLE,Y,NO INDICATION OF INJURY,19,6,41.8693485884,-87.6541690965,2019,30,POINT (-87.6541690965 41.8693485884),,,,,2019-06-28,False,27,Near West Side
2560,30,NO CONTROLS,NO CONTROLS,UNKNOWN,UNKNOWN,PEDALCYCLIST,NOT DIVIDED,STRAIGHT AND LEVEL,UNKNOWN,NO DEFECTS,,"OPERATING VEHICLE IN ERRATIC, RECKLESS, CARELESS, NEGLIGENT OR AGGRESSIVE MANNER",NOT APPLICABLE,Y,NONINCAPACITATING INJURY,20,6,41.8693485884,-87.6541690965,2019,30,POINT (-87.6541690965 41.8693485884),,,,,2019-06-28,False,27,Near West Side
2561,35,TRAFFIC SIGNAL,FUNCTIONING PROPERLY,CLEAR,DUSK,PEDALCYCLIST,DIVIDED - W/MEDIAN BARRIER,STRAIGHT AND LEVEL,DRY,NO DEFECTS,,UNABLE TO DETERMINE,UNABLE TO DETERMINE,,NONINCAPACITATING INJURY,20,6,41.8674905162,-87.6239819903,2019,35,POINT (-87.6239819903 41.8674905162),,,,,2019-06-28,False,31,Loop
2562,30,TRAFFIC SIGNAL,FUNCTIONING PROPERLY,CLEAR,"DARKNESS, LIGHTED ROAD",PEDALCYCLIST,FOUR WAY,STRAIGHT AND LEVEL,DRY,NO DEFECTS,Y,IMPROPER TURNING/NO SIGNAL,NOT APPLICABLE,,"REPORTED, NOT EVIDENT",22,6,41.8514565979,-87.7234330384,2019,30,POINT (-87.7234330384 41.8514565979),,,,,2019-06-28,False,28,North Lawndale
2563,30,NO CONTROLS,NO CONTROLS,CLEAR,DARKNESS,PEDALCYCLIST,DIVIDED - W/MEDIAN (NOT RAISED),STRAIGHT AND LEVEL,DRY,NO DEFECTS,,"OPERATING VEHICLE IN ERRATIC, RECKLESS, CARELESS, NEGLIGENT OR AGGRESSIVE MANNER",NOT APPLICABLE,,NONINCAPACITATING INJURY,23,6,41.9187006975,-87.6907029263,2019,30,POINT (-87.6907029263 41.9187006975),,,,,2019-06-28,False,21,Logan Square
2564,30,UNKNOWN,UNKNOWN,CLEAR,"DARKNESS, LIGHTED ROAD",PEDALCYCLIST,NOT DIVIDED,STRAIGHT AND LEVEL,DRY,UNKNOWN,,UNABLE TO DETERMINE,UNABLE TO DETERMINE,,NONINCAPACITATING INJURY,1,6,41.705233193,-87.6283712374,2019,30,POINT (-87.6283712374 41.705233193),,,,,2019-06-29,False,48,Roseland
2565,15,NO CONTROLS,NO CONTROLS,CLEAR,DAYLIGHT,PEDALCYCLIST,ALLEY,STRAIGHT AND LEVEL,DRY,NO DEFECTS,,FAILING TO YIELD RIGHT-OF-WAY,NOT APPLICABLE,,NONINCAPACITATING INJURY,9,6,42.0139346358,-87.6843298323,2019,15,POINT (-87.6843298323 42.0139346358),,,,,2019-06-29,False,0,Rogers Park
2566,30,NO CONTROLS,NO CONTROLS,CLEAR,DAYLIGHT,PEDALCYCLIST,T-INTERSECTION,STRAIGHT AND LEVEL,DRY,NO DEFECTS,,"VISION OBSCURED (SIGNS, TREE LIMBS, BUILDINGS, ETC.)",NOT APPLICABLE,,NONINCAPACITATING INJURY,9,6,41.9405026191,-87.6693986863,2019,30,POINT (-87.6693986863 41.9405026191),,,,,2019-06-29,False,5,Lake View
2567,30,OTHER,FUNCTIONING PROPERLY,CLEAR,DAYLIGHT,PEDALCYCLIST,NOT DIVIDED,STRAIGHT AND LEVEL,DRY,NO DEFECTS,N,FAILING TO YIELD RIGHT-OF-WAY,DISTRACTION - FROM INSIDE VEHICLE,Y,INCAPACITATING INJURY,10,6,41.8918884851,-87.6477646275,2019,30,POINT (-87.6477646275 41.8918884851),,,,,2019-06-29,True,7,Near North Side
2568,30,NO CONTROLS,NO CONTROLS,CLEAR,DAYLIGHT,PEDALCYCLIST,NOT DIVIDED,STRAIGHT AND LEVEL,DRY,NO DEFECTS,,UNABLE TO DETERMINE,UNABLE TO DETERMINE,Y,NONINCAPACITATING INJURY,12,6,41.9782736612,-87.6684874781,2019,30,POINT (-87.6684874781 41.9782736612),,,,,2019-06-29,False,76,Edgewater
2569,30,TRAFFIC SIGNAL,FUNCTIONING PROPERLY,CLEAR,DAYLIGHT,PEDALCYCLIST,NOT DIVIDED,STRAIGHT AND LEVEL,DRY,NO DEFECTS,,IMPROPER TURNING/NO SIGNAL,FAILING TO YIELD RIGHT-OF-WAY,,NONINCAPACITATING INJURY,13,6,41.9634367202,-87.6563804578,2019,30,POINT (-87.6563804578 41.9634367202),,,,,2019-06-29,False,2,Uptown
2570,30,STOP SIGN/FLASHER,FUNCTIONING PROPERLY,CLEAR,DAYLIGHT,PEDALCYCLIST,NOT DIVIDED,STRAIGHT AND LEVEL,DRY,NO DEFECTS,Y,FAILING TO YIELD RIGHT-OF-WAY,IMPROPER TURNING/NO SIGNAL,,"REPORTED, NOT EVIDENT",15,6,41.838330544,-87.6328262851,2019,30,POINT (-87.6328262851 41.838330544),,,,,2019-06-29,False,33,Armour Square
2571,35,NO CONTROLS,NO CONTROLS,CLEAR,DAYLIGHT,PEDALCYCLIST,NOT DIVIDED,STRAIGHT AND LEVEL,DRY,NO DEFECTS,,NOT APPLICABLE,NOT APPLICABLE,,NO INDICATION OF INJURY,15,6,41.8630461296,-87.7054275862,2019,35,POINT (-87.7054275862 41.8630461296),,,,,2019-06-29,False,28,North Lawndale
2572,30,NO CONTROLS,NO CONTROLS,CLEAR,DAYLIGHT,PEDALCYCLIST,NOT DIVIDED,STRAIGHT AND LEVEL,DRY,NO DEFECTS,,NOT APPLICABLE,NOT APPLICABLE,,NO INDICATION OF INJURY,17,6,41.8057070122,-87.7432520283,2019,30,POINT (-87.7432520283 41.8057070122),,,,,2019-06-29,False,55,Garfield Ridge
2573,30,TRAFFIC SIGNAL,FUNCTIONING PROPERLY,CLEAR,"DARKNESS, LIGHTED ROAD",PEDALCYCLIST,NOT DIVIDED,STRAIGHT AND LEVEL,DRY,NO DEFECTS,Y,FAILING TO YIELD RIGHT-OF-WAY,FAILING TO REDUCE SPEED TO AVOID CRASH,,NONINCAPACITATING INJURY,21,6,41.9229510761,-87.6975102782,2019,30,POINT (-87.6975102782 41.9229510761),,,,,2019-06-29,False,21,Logan Square
2574,30,NO CONTROLS,NO CONTROLS,CLEAR,"DARKNESS, LIGHTED ROAD",PEDALCYCLIST,NOT DIVIDED,STRAIGHT AND LEVEL,DRY,NO DEFECTS,,FAILING TO YIELD RIGHT-OF-WAY,UNABLE TO DETERMINE,,NO INDICATION OF INJURY,0,6,41.9263424377,-87.7027243937,2019,30,POINT (-87.7027243937 41.9263424377),,,,,2019-06-30,False,21,Logan Square
2575,30,NO CONTROLS,NO CONTROLS,CLEAR,DAYLIGHT,PEDALCYCLIST,ONE-WAY,STRAIGHT AND LEVEL,DRY,NO DEFECTS,,FAILING TO YIELD RIGHT-OF-WAY,NOT APPLICABLE,,NO INDICATION OF INJURY,11,6,41.8846028549,-87.6271869402,2019,30,POINT (-87.6271869402 41.8846028549),,,,,2019-06-30,False,31,Loop
2576,30,STOP SIGN/FLASHER,NO CONTROLS,CLEAR,DAYLIGHT,PEDALCYCLIST,FOUR WAY,STRAIGHT AND LEVEL,DRY,NO DEFECTS,Y,UNABLE TO DETERMINE,UNABLE TO DETERMINE,,NONINCAPACITATING INJURY,11,6,41.7601233519,-87.6152411861,2019,30,POINT (-87.6152411861 41.7601233519),,,,,2019-06-30,False,68,Grand Crossing
2577,30,NO CONTROLS,NO CONTROLS,CLEAR,DAYLIGHT,PEDALCYCLIST,NOT DIVIDED,STRAIGHT AND LEVEL,DRY,NO DEFECTS,,FAILING TO YIELD RIGHT-OF-WAY,NOT APPLICABLE,Y,NONINCAPACITATING INJURY,11,6,41.9536917616,-87.6543754144,2019,30,POINT (-87.6543754144 41.9536917616),,,,,2019-06-30,False,5,Lake View
2578,30,NO CONTROLS,NO CONTROLS,RAIN,DAYLIGHT,PEDALCYCLIST,ONE-WAY,STRAIGHT AND LEVEL,WET,NO DEFECTS,,UNABLE TO DETERMINE,NOT APPLICABLE,Y,"REPORTED, NOT EVIDENT",14,6,41.8960047472,-87.6313805169,2019,30,POINT (-87.6313805169 41.8960047472),,,,,2019-06-30,False,7,Near North Side
2579,30,TRAFFIC SIGNAL,FUNCTIONING PROPERLY,RAIN,DAYLIGHT,PEDALCYCLIST,DIVIDED - W/MEDIAN (NOT RAISED),STRAIGHT AND LEVEL,WET,NO DEFECTS,Y,WEATHER,NOT APPLICABLE,,NO INDICATION OF INJURY,14,6,41.9613586525,-87.6985441744,2019,30,POINT (-87.6985441744 41.9613586525),,,,,2019-06-30,False,3,Lincoln Square
2580,30,TRAFFIC SIGNAL,FUNCTIONING PROPERLY,CLEAR,"DARKNESS, LIGHTED ROAD",PEDALCYCLIST,NOT DIVIDED,STRAIGHT AND LEVEL,DRY,NO DEFECTS,Y,UNABLE TO DETERMINE,UNABLE TO DETERMINE,,NONINCAPACITATING INJURY,0,7,41.8914747343,-87.6343111356,2019,30,POINT (-87.6343111356 41.8914747343),,,,,2019-07-01,False,7,Near North Side
2581,30,TRAFFIC SIGNAL,FUNCTIONING PROPERLY,CLEAR,DAYLIGHT,PEDALCYCLIST,NOT DIVIDED,STRAIGHT AND LEVEL,DRY,NO DEFECTS,Y,IMPROPER TURNING/NO SIGNAL,UNABLE TO DETERMINE,,NONINCAPACITATING INJURY,6,7,41.8013437096,-87.6744481967,2019,30,POINT (-87.6744481967 41.8013437096),,,,,2019-07-01,False,60,New City
2582,30,NO CONTROLS,NO CONTROLS,CLEAR,DAYLIGHT,PEDALCYCLIST,DIVIDED - W/MEDIAN (NOT RAISED),STRAIGHT AND LEVEL,DRY,NO DEFECTS,,DISTRACTION - FROM OUTSIDE VEHICLE,IMPROPER LANE USAGE,,NONINCAPACITATING INJURY,7,7,41.9225788504,-87.6741085396,2019,30,POINT (-87.6741085396 41.9225788504),,,,,2019-07-01,False,6,Lincoln Park
2583,30,STOP SIGN/FLASHER,FUNCTIONING PROPERLY,CLEAR,DAYLIGHT,PEDALCYCLIST,FOUR WAY,STRAIGHT AND LEVEL,DRY,NO DEFECTS,Y,FAILING TO YIELD RIGHT-OF-WAY,NOT APPLICABLE,,INCAPACITATING INJURY,8,7,41.951222824,-87.7670600398,2019,30,POINT (-87.7670600398 41.951222824),,,,,2019-07-01,True,14,Portage Park
2584,30,TRAFFIC SIGNAL,FUNCTIONING PROPERLY,CLEAR,DAYLIGHT,PEDALCYCLIST,FOUR WAY,STRAIGHT AND LEVEL,DRY,NO DEFECTS,,FAILING TO YIELD RIGHT-OF-WAY,NOT APPLICABLE,,NONINCAPACITATING INJURY,12,7,41.9031689788,-87.677110174,2019,30,POINT (-87.677110174 41.9031689788),,,,,2019-07-01,False,23,West Town
2585,30,STOP SIGN/FLASHER,FUNCTIONING PROPERLY,CLEAR,DAYLIGHT,PEDALCYCLIST,DIVIDED - W/MEDIAN (NOT RAISED),STRAIGHT AND LEVEL,DRY,NO DEFECTS,Y,FAILING TO YIELD RIGHT-OF-WAY,UNABLE TO DETERMINE,,NONINCAPACITATING INJURY,18,7,41.9697806495,-87.7651204187,2019,30,POINT (-87.7651204187 41.9697806495),,,,,2019-07-01,False,10,Jefferson Park
2586,30,STOP SIGN/FLASHER,FUNCTIONING PROPERLY,CLEAR,DUSK,PEDALCYCLIST,NOT DIVIDED,STRAIGHT AND LEVEL,DRY,NO DEFECTS,Y,FAILING TO YIELD RIGHT-OF-WAY,PHYSICAL CONDITION OF DRIVER,,NONINCAPACITATING INJURY,18,7,41.812039192,-87.6931578913,2019,30,POINT (-87.6931578913 41.812039192),,,,,2019-07-01,False,57,Brighton Park
2587,30,NO CONTROLS,NO CONTROLS,CLEAR,DAYLIGHT,PEDALCYCLIST,T-INTERSECTION,STRAIGHT AND LEVEL,DRY,UNKNOWN,Y,FAILING TO YIELD RIGHT-OF-WAY,UNABLE TO DETERMINE,,NONINCAPACITATING INJURY,18,7,41.9389081073,-87.6500011757,2019,30,POINT (-87.6500011757 41.9389081073),,,,,2019-07-01,False,5,Lake View
2588,30,TRAFFIC SIGNAL,FUNCTIONING PROPERLY,CLEAR,DAYLIGHT,PEDALCYCLIST,FOUR WAY,STRAIGHT AND LEVEL,DRY,NO DEFECTS,Y,"VISION OBSCURED (SIGNS, TREE LIMBS, BUILDINGS, ETC.)",DISTRACTION - FROM OUTSIDE VEHICLE,,INCAPACITATING INJURY,19,7,41.6925958775,-87.6713725625,2019,30,POINT (-87.6713725625 41.6925958775),,,,,2019-07-01,True,74,Morgan Park
2589,35,NO CONTROLS,NO CONTROLS,CLEAR,"DARKNESS, LIGHTED ROAD",PEDALCYCLIST,DIVIDED - W/MEDIAN (NOT RAISED),STRAIGHT AND LEVEL,DRY,NO DEFECTS,,UNABLE TO DETERMINE,UNABLE TO DETERMINE,,NO INDICATION OF INJURY,20,7,41.7795113016,-87.6027201587,2019,35,POINT (-87.6027201587 41.7795113016),,,,,2019-07-01,False,41,Woodlawn
2590,30,NO CONTROLS,NO CONTROLS,CLEAR,"DARKNESS, LIGHTED ROAD",PEDALCYCLIST,NOT DIVIDED,STRAIGHT AND LEVEL,DRY,NO DEFECTS,Y,FAILING TO YIELD RIGHT-OF-WAY,NOT APPLICABLE,,NONINCAPACITATING INJURY,22,7,41.7746934593,-87.6156368216,2019,30,POINT (-87.6156368216 41.7746934593),,,,,2019-07-01,False,41,Woodlawn