Unnamed: 0,POSTED_SPEED_LIMIT,TRAFFIC_CONTROL_DEVICE,DEVICE_CONDITION,WEATHER_CONDITION,LIGHTING_CONDITION,FIRST_CRASH_TYPE,TRAFFICWAY_TYPE,ALIGNMENT,ROADWAY_SURFACE_COND,ROAD_DEFECT,INTERSECTION_RELATED_I,PRIM_CONTRIBUTORY_CAUSE,SEC_CONTRIBUTORY_CAUSE,DOORING_I,MOST_SEVERE_INJURY,CRASH_HOUR,CRASH_MONTH,LATITUDE,LONGITUDE,CRASH_YEAR,SPEED_LIMIT,geometry,DISPLAYROU,the_geom,DIST,LANE_TYPE,CRASH_DATE,is_severe,index_right,CArea
2591,30,TRAFFIC SIGNAL,FUNCTIONING PROPERLY,UNKNOWN,UNKNOWN,PEDALCYCLIST,UNKNOWN,STRAIGHT AND LEVEL,UNKNOWN,UNKNOWN,Y,UNABLE TO DETERMINE,NOT APPLICABLE,,"REPORTED, NOT EVIDENT",23,7,41.8910034002,-87.6621174977,2019,30,POINT (-87.6621174977 41.8910034002),,,,,2019-07-01,False,23,West Town
2592,30,NO CONTROLS,NO CONTROLS,CLEAR,DAYLIGHT,PEDALCYCLIST,NOT DIVIDED,STRAIGHT AND LEVEL,DRY,NO DEFECTS,,FAILING TO YIELD RIGHT-OF-WAY,NOT APPLICABLE,Y,NONINCAPACITATING INJURY,9,7,41.9169658387,-87.6371173727,2019,30,POINT (-87.6371173727 41.9169658387),,,,,2019-07-02,False,6,Lincoln Park
2593,30,NO CONTROLS,NO CONTROLS,CLEAR,DAYLIGHT,PEDALCYCLIST,NOT DIVIDED,STRAIGHT AND LEVEL,DRY,NO DEFECTS,,UNABLE TO DETERMINE,UNABLE TO DETERMINE,,NO INDICATION OF INJURY,15,7,41.9333870287,-87.6491826564,2019,30,POINT (-87.6491826564 41.9333870287),,,,,2019-07-02,False,5,Lake View
2594,30,NO CONTROLS,NO CONTROLS,CLEAR,DAYLIGHT,PEDALCYCLIST,NOT DIVIDED,STRAIGHT AND LEVEL,DRY,NO DEFECTS,,UNABLE TO DETERMINE,UNABLE TO DETERMINE,,NONINCAPACITATING INJURY,15,7,41.9968353032,-87.7873192582,2019,30,POINT (-87.7873192582 41.9968353032),,,,,2019-07-02,False,10,Jefferson Park
2595,30,TRAFFIC SIGNAL,FUNCTIONING PROPERLY,CLEAR,DAYLIGHT,PEDALCYCLIST,NOT DIVIDED,STRAIGHT AND LEVEL,DRY,NO DEFECTS,,UNABLE TO DETERMINE,UNABLE TO DETERMINE,,NONINCAPACITATING INJURY,17,7,41.9967539758,-87.8066587314,2019,30,POINT (-87.8066587314 41.9967539758),,,,,2019-07-02,False,8,Edison Park
2596,30,STOP SIGN/FLASHER,FUNCTIONING PROPERLY,CLEAR,DAYLIGHT,PEDALCYCLIST,NOT DIVIDED,STRAIGHT AND LEVEL,WET,NO DEFECTS,Y,FAILING TO YIELD RIGHT-OF-WAY,NOT APPLICABLE,,NONINCAPACITATING INJURY,7,7,41.8892414441,-87.6370218462,2019,30,POINT (-87.6370218462 41.8892414441),,,,,2019-07-03,False,7,Near North Side
2597,15,TRAFFIC SIGNAL,FUNCTIONING PROPERLY,CLEAR,DAYLIGHT,PEDALCYCLIST,PARKING LOT,STRAIGHT AND LEVEL,DRY,NO DEFECTS,,FAILING TO YIELD RIGHT-OF-WAY,NOT APPLICABLE,,"REPORTED, NOT EVIDENT",10,7,41.9112245556,-87.6264825724,2019,15,POINT (-87.6264825724 41.9112245556),,,,,2019-07-03,False,6,Lincoln Park
2598,30,TRAFFIC SIGNAL,FUNCTIONING PROPERLY,CLEAR,DAYLIGHT,PEDALCYCLIST,FOUR WAY,STRAIGHT AND LEVEL,DRY,NO DEFECTS,,FAILING TO YIELD RIGHT-OF-WAY,UNABLE TO DETERMINE,,NONINCAPACITATING INJURY,11,7,41.8455681559,-87.6237812859,2019,30,POINT (-87.6237812859 41.8455681559),,,,,2019-07-03,False,32,Near South Side
2599,30,TRAFFIC SIGNAL,FUNCTIONING PROPERLY,CLEAR,DAYLIGHT,PEDALCYCLIST,DIVIDED - W/MEDIAN (NOT RAISED),STRAIGHT AND LEVEL,DRY,NO DEFECTS,,FAILING TO REDUCE SPEED TO AVOID CRASH,FAILING TO REDUCE SPEED TO AVOID CRASH,,NONINCAPACITATING INJURY,12,7,41.8842397378,-87.6635031574,2019,30,POINT (-87.6635031574 41.8842397378),,,,,2019-07-03,False,27,Near West Side
2600,15,NO CONTROLS,NO CONTROLS,CLEAR,DAYLIGHT,PEDALCYCLIST,ALLEY,STRAIGHT AND LEVEL,DRY,NO DEFECTS,,FAILING TO YIELD RIGHT-OF-WAY,UNABLE TO DETERMINE,,NONINCAPACITATING INJURY,14,7,41.9523315063,-87.7499544135,2019,15,POINT (-87.7499544135 41.9523315063),,,,,2019-07-03,False,14,Portage Park
2601,15,NO CONTROLS,NO CONTROLS,CLEAR,DAYLIGHT,PEDALCYCLIST,ALLEY,STRAIGHT AND LEVEL,UNKNOWN,UNKNOWN,,FAILING TO YIELD RIGHT-OF-WAY,UNABLE TO DETERMINE,,NONINCAPACITATING INJURY,15,7,41.8836715424,-87.7734860168,2019,15,POINT (-87.7734860168 41.8836715424),,,,,2019-07-03,False,24,Austin
2602,30,STOP SIGN/FLASHER,FUNCTIONING PROPERLY,CLEAR,DAYLIGHT,PEDALCYCLIST,NOT DIVIDED,STRAIGHT AND LEVEL,DRY,NO DEFECTS,,FAILING TO YIELD RIGHT-OF-WAY,NOT APPLICABLE,,NONINCAPACITATING INJURY,17,7,41.8727786619,-87.7011301455,2019,30,POINT (-87.7011301455 41.8727786619),,,,,2019-07-03,False,26,Garfield Park
2603,30,NO CONTROLS,NO CONTROLS,CLEAR,"DARKNESS, LIGHTED ROAD",PEDALCYCLIST,NOT DIVIDED,STRAIGHT AND LEVEL,DRY,NO DEFECTS,,IMPROPER LANE USAGE,NOT APPLICABLE,,NONINCAPACITATING INJURY,23,7,41.8300560194,-87.6459446403,2019,30,POINT (-87.6459446403 41.8300560194),,,,,2019-07-03,False,59,Bridgeport
2604,25,NO CONTROLS,NO CONTROLS,CLEAR,DAYLIGHT,PEDALCYCLIST,NOT DIVIDED,STRAIGHT AND LEVEL,DRY,NO DEFECTS,,NOT APPLICABLE,NOT APPLICABLE,,NONINCAPACITATING INJURY,19,7,41.7857855878,-87.6173006609,2019,25,POINT (-87.6173006609 41.7857855878),,,,,2019-07-04,False,39,Washington Park
2605,30,NO CONTROLS,NO CONTROLS,CLEAR,DAYLIGHT,PEDALCYCLIST,NOT DIVIDED,STRAIGHT AND LEVEL,DRY,NO DEFECTS,,UNABLE TO DETERMINE,UNABLE TO DETERMINE,Y,NONINCAPACITATING INJURY,19,7,41.8933377372,-87.6312444962,2019,30,POINT (-87.6312444962 41.8933377372),,,,,2019-07-04,False,7,Near North Side
2606,30,STOP SIGN/FLASHER,NO CONTROLS,CLEAR,DAYLIGHT,PEDALCYCLIST,NOT DIVIDED,STRAIGHT AND LEVEL,DRY,NO DEFECTS,,FAILING TO YIELD RIGHT-OF-WAY,DISREGARDING STOP SIGN,,NO INDICATION OF INJURY,5,7,41.9297611022,-87.7466679308,2019,30,POINT (-87.7466679308 41.9297611022),,,,,2019-07-05,False,18,Belmont Cragin
2607,30,STOP SIGN/FLASHER,FUNCTIONING PROPERLY,CLEAR,DAYLIGHT,PEDALCYCLIST,NOT DIVIDED,STRAIGHT AND LEVEL,DRY,NO DEFECTS,Y,FAILING TO YIELD RIGHT-OF-WAY,NOT APPLICABLE,,NONINCAPACITATING INJURY,7,7,41.8079051216,-87.712248073,2019,30,POINT (-87.712248073 41.8079051216),,,,,2019-07-05,False,57,Brighton Park
2608,0,STOP SIGN/FLASHER,FUNCTIONING PROPERLY,CLEAR,DAYLIGHT,PEDALCYCLIST,PARKING LOT,STRAIGHT ON GRADE,DRY,NO DEFECTS,,FAILING TO YIELD RIGHT-OF-WAY,NOT APPLICABLE,,"REPORTED, NOT EVIDENT",11,7,41.9298022097,-87.684141707,2019,0,POINT (-87.684141707 41.9298022097),,,,,2019-07-05,False,21,Logan Square
2609,30,TRAFFIC SIGNAL,FUNCTIONING PROPERLY,CLEAR,DAYLIGHT,PEDALCYCLIST,DIVIDED - W/MEDIAN (NOT RAISED),STRAIGHT AND LEVEL,DRY,UNKNOWN,,FAILING TO YIELD RIGHT-OF-WAY,FAILING TO YIELD RIGHT-OF-WAY,,INCAPACITATING INJURY,12,7,41.8912503944,-87.7556115463,2019,30,POINT (-87.7556115463 41.8912503944),,,,,2019-07-05,True,24,Austin
2610,30,STOP SIGN/FLASHER,FUNCTIONING PROPERLY,CLEAR,DAYLIGHT,PEDALCYCLIST,FOUR WAY,STRAIGHT AND LEVEL,DRY,UNKNOWN,Y,DISREGARDING STOP SIGN,NOT APPLICABLE,,NONINCAPACITATING INJURY,13,7,41.8404582474,-87.7258123409,2019,30,POINT (-87.7258123409 41.8404582474),,,,,2019-07-05,False,29,South Lawndale
2611,30,NO CONTROLS,NO CONTROLS,CLEAR,DAYLIGHT,PEDALCYCLIST,NOT DIVIDED,STRAIGHT AND LEVEL,DRY,NO DEFECTS,,UNABLE TO DETERMINE,NOT APPLICABLE,,NO INDICATION OF INJURY,17,7,41.9107619487,-87.6661209959,2019,30,POINT (-87.6661209959 41.9107619487),,,,,2019-07-05,False,23,West Town
2612,30,STOP SIGN/FLASHER,FUNCTIONING PROPERLY,CLEAR,DAYLIGHT,PEDALCYCLIST,NOT DIVIDED,STRAIGHT AND LEVEL,DRY,NO DEFECTS,Y,FAILING TO YIELD RIGHT-OF-WAY,NOT APPLICABLE,,NONINCAPACITATING INJURY,17,7,41.922077178,-87.7755086054,2019,30,POINT (-87.7755086054 41.922077178),,,,,2019-07-05,False,18,Belmont Cragin
2613,30,NO CONTROLS,UNKNOWN,CLEAR,DAYLIGHT,PEDALCYCLIST,DIVIDED - W/MEDIAN (NOT RAISED),STRAIGHT AND LEVEL,DRY,UNKNOWN,,UNABLE TO DETERMINE,NOT APPLICABLE,,NO INDICATION OF INJURY,18,7,41.8674241202,-87.6347648454,2019,30,POINT (-87.6347648454 41.8674241202),,,,,2019-07-05,False,27,Near West Side
2614,30,TRAFFIC SIGNAL,FUNCTIONING PROPERLY,CLEAR,DAYLIGHT,PEDALCYCLIST,NOT DIVIDED,STRAIGHT AND LEVEL,DRY,NO DEFECTS,Y,FAILING TO YIELD RIGHT-OF-WAY,DISREGARDING TRAFFIC SIGNALS,,NONINCAPACITATING INJURY,18,7,41.7935131731,-87.7110145347,2019,30,POINT (-87.7110145347 41.7935131731),,,,,2019-07-05,False,62,Gage Park
2615,30,STOP SIGN/FLASHER,FUNCTIONING PROPERLY,CLEAR,DAYLIGHT,PEDALCYCLIST,NOT DIVIDED,STRAIGHT AND LEVEL,WET,NO DEFECTS,,UNABLE TO DETERMINE,NOT APPLICABLE,,NONINCAPACITATING INJURY,18,7,41.6851394655,-87.6302318401,2019,30,POINT (-87.6302318401 41.6851394655),,,,,2019-07-05,False,48,Roseland
2616,30,TRAFFIC SIGNAL,FUNCTIONING PROPERLY,CLEAR,DAYLIGHT,PEDALCYCLIST,NOT DIVIDED,STRAIGHT AND LEVEL,DRY,NO DEFECTS,,UNABLE TO DETERMINE,UNABLE TO DETERMINE,,NO INDICATION OF INJURY,19,7,41.8855803183,-87.7259219239,2019,30,POINT (-87.7259219239 41.8855803183),,,,,2019-07-05,False,25,Garfield Park
2617,30,TRAFFIC SIGNAL,FUNCTIONING PROPERLY,CLEAR,DUSK,PEDALCYCLIST,NOT DIVIDED,STRAIGHT AND LEVEL,DRY,NO DEFECTS,,UNABLE TO DETERMINE,NOT APPLICABLE,Y,NONINCAPACITATING INJURY,19,7,41.891088252,-87.6178170885,2019,30,POINT (-87.6178170885 41.891088252),,,,,2019-07-05,False,7,Near North Side
2618,30,NO CONTROLS,NO CONTROLS,CLEAR,"DARKNESS, LIGHTED ROAD",PEDALCYCLIST,NOT DIVIDED,STRAIGHT AND LEVEL,DRY,NO DEFECTS,,IMPROPER OVERTAKING/PASSING,UNABLE TO DETERMINE,,NO INDICATION OF INJURY,22,7,41.8900214091,-87.6281540191,2019,30,POINT (-87.6281540191 41.8900214091),,,,,2019-07-05,False,7,Near North Side
2619,30,TRAFFIC SIGNAL,FUNCTIONING PROPERLY,CLEAR,DAYLIGHT,PEDALCYCLIST,FOUR WAY,STRAIGHT AND LEVEL,DRY,UNKNOWN,Y,DISREGARDING TRAFFIC SIGNALS,NOT APPLICABLE,,NO INDICATION OF INJURY,8,7,41.891293713,-87.647680593,2019,30,POINT (-87.647680593 41.891293713),,,,,2019-07-06,False,7,Near North Side
2620,30,NO CONTROLS,NO CONTROLS,CLEAR,DAYLIGHT,PEDALCYCLIST,NOT DIVIDED,STRAIGHT AND LEVEL,DRY,NO DEFECTS,,FAILING TO YIELD RIGHT-OF-WAY,NOT APPLICABLE,,NONINCAPACITATING INJURY,10,7,41.9022115674,-87.7507234208,2019,30,POINT (-87.7507234208 41.9022115674),,,,,2019-07-06,False,24,Austin
2621,20,NO CONTROLS,NO CONTROLS,CLEAR,DAYLIGHT,PEDALCYCLIST,ONE-WAY,STRAIGHT AND LEVEL,DRY,NO DEFECTS,,UNABLE TO DETERMINE,UNABLE TO DETERMINE,,NONINCAPACITATING INJURY,16,7,41.9669147433,-87.6873211454,2019,20,POINT (-87.6873211454 41.9669147433),,,,,2019-07-06,False,3,Lincoln Square
2622,25,NO CONTROLS,NO CONTROLS,CLEAR,DAYLIGHT,PEDALCYCLIST,NOT DIVIDED,STRAIGHT AND LEVEL,DRY,NO DEFECTS,,IMPROPER OVERTAKING/PASSING,IMPROPER LANE USAGE,,NONINCAPACITATING INJURY,17,7,41.9941817534,-87.6915681027,2019,25,POINT (-87.6915681027 41.9941817534),,,,,2019-07-06,False,1,West Ridge
2623,30,TRAFFIC SIGNAL,FUNCTIONING PROPERLY,CLEAR,DAYLIGHT,PEDALCYCLIST,T-INTERSECTION,STRAIGHT AND LEVEL,DRY,NO DEFECTS,Y,DISREGARDING TRAFFIC SIGNALS,NOT APPLICABLE,Y,"REPORTED, NOT EVIDENT",19,7,41.8820439803,-87.6245110366,2019,30,POINT (-87.6245110366 41.8820439803),,,,,2019-07-06,False,31,Loop
2624,30,NO CONTROLS,NO CONTROLS,CLEAR,"DARKNESS, LIGHTED ROAD",PEDALCYCLIST,NOT DIVIDED,STRAIGHT AND LEVEL,DRY,NO DEFECTS,,FAILING TO YIELD RIGHT-OF-WAY,UNABLE TO DETERMINE,,"REPORTED, NOT EVIDENT",20,7,41.8651038018,-87.6176455031,2019,30,POINT (-87.6176455031 41.8651038018),,,,,2019-07-06,False,32,Near South Side
2625,30,NO CONTROLS,NO CONTROLS,CLEAR,"DARKNESS, LIGHTED ROAD",PEDALCYCLIST,NOT DIVIDED,STRAIGHT AND LEVEL,DRY,NO DEFECTS,,FAILING TO REDUCE SPEED TO AVOID CRASH,NOT APPLICABLE,,NONINCAPACITATING INJURY,21,7,41.7582275014,-87.6528767402,2019,30,POINT (-87.6528767402 41.7582275014),,,,,2019-07-06,False,67,Englewood
2626,35,NO CONTROLS,NO CONTROLS,CLEAR,DAYLIGHT,PEDALCYCLIST,DRIVEWAY,STRAIGHT AND LEVEL,DRY,NO DEFECTS,,DRIVING SKILLS/KNOWLEDGE/EXPERIENCE,NOT APPLICABLE,,NONINCAPACITATING INJURY,7,7,41.7828162034,-87.6838859946,2019,35,POINT (-87.6838859946 41.7828162034),,,,,2019-07-07,False,65,Chicago Lawn
2627,30,STOP SIGN/FLASHER,FUNCTIONING PROPERLY,CLEAR,DAYLIGHT,PEDALCYCLIST,NOT DIVIDED,STRAIGHT AND LEVEL,DRY,NO DEFECTS,,DISREGARDING STOP SIGN,FAILING TO REDUCE SPEED TO AVOID CRASH,,NONINCAPACITATING INJURY,9,7,41.7034152187,-87.6208096791,2019,30,POINT (-87.6208096791 41.7034152187),,,,,2019-07-07,False,48,Roseland
2628,0,NO CONTROLS,NO CONTROLS,CLEAR,DAYLIGHT,PEDALCYCLIST,ALLEY,STRAIGHT AND LEVEL,DRY,WORN SURFACE,,NOT APPLICABLE,NOT APPLICABLE,,"REPORTED, NOT EVIDENT",14,7,41.9483980011,-87.7190377805,2019,0,POINT (-87.7190377805 41.9483980011),,,,,2019-07-07,False,15,Irving Park
2629,30,TRAFFIC SIGNAL,FUNCTIONING PROPERLY,CLEAR,DAYLIGHT,PEDALCYCLIST,RAMP,STRAIGHT AND LEVEL,DRY,NO DEFECTS,,UNABLE TO DETERMINE,NOT APPLICABLE,,NO INDICATION OF INJURY,14,7,41.9035741157,-87.6600504828,2019,30,POINT (-87.6600504828 41.9035741157),,,,,2019-07-07,False,23,West Town
2630,30,NO CONTROLS,NO CONTROLS,CLEAR,DAYLIGHT,PEDALCYCLIST,NOT DIVIDED,STRAIGHT AND LEVEL,DRY,NO DEFECTS,,UNABLE TO DETERMINE,UNABLE TO DETERMINE,,NO INDICATION OF INJURY,15,7,41.9107873932,-87.6642612527,2019,30,POINT (-87.6642612527 41.9107873932),,,,,2019-07-07,False,6,Lincoln Park
2631,30,NO CONTROLS,NO CONTROLS,CLEAR,DAYLIGHT,PEDALCYCLIST,NOT DIVIDED,STRAIGHT AND LEVEL,DRY,NO DEFECTS,,DRIVING SKILLS/KNOWLEDGE/EXPERIENCE,UNABLE TO DETERMINE,,NO INDICATION OF INJURY,16,7,41.6953864206,-87.5366374246,2019,30,POINT (-87.5366374246 41.6953864206),,,,,2019-07-07,False,51,East Side
2632,30,TRAFFIC SIGNAL,FUNCTIONING PROPERLY,CLEAR,DAYLIGHT,PEDALCYCLIST,DIVIDED - W/MEDIAN (NOT RAISED),STRAIGHT AND LEVEL,DRY,NO DEFECTS,Y,FAILING TO YIELD RIGHT-OF-WAY,NOT APPLICABLE,,NONINCAPACITATING INJURY,16,7,41.8418028029,-87.6465207894,2019,30,POINT (-87.6465207894 41.8418028029),,,,,2019-07-07,False,30,Lower West Side
2633,30,STOP SIGN/FLASHER,NO CONTROLS,CLEAR,DAYLIGHT,PEDALCYCLIST,ONE-WAY,STRAIGHT AND LEVEL,UNKNOWN,NO DEFECTS,Y,UNABLE TO DETERMINE,UNABLE TO DETERMINE,,NONINCAPACITATING INJURY,17,7,42.0076087358,-87.6882166859,2019,30,POINT (-87.6882166859 42.0076087358),,,,,2019-07-07,False,1,West Ridge
2634,25,NO CONTROLS,NO CONTROLS,CLEAR,DAYLIGHT,PEDALCYCLIST,OTHER,STRAIGHT AND LEVEL,DRY,NO DEFECTS,,NOT APPLICABLE,NOT APPLICABLE,,NO INDICATION OF INJURY,18,7,41.9624330699,-87.7855088198,2019,25,POINT (-87.7855088198 41.9624330699),,,,,2019-07-07,False,14,Portage Park
2635,30,TRAFFIC SIGNAL,FUNCTIONING PROPERLY,CLEAR,DAYLIGHT,PEDALCYCLIST,NOT DIVIDED,STRAIGHT AND LEVEL,DRY,NO DEFECTS,Y,"VISION OBSCURED (SIGNS, TREE LIMBS, BUILDINGS, ETC.)",NOT APPLICABLE,,INCAPACITATING INJURY,19,7,41.903463398,-87.6669920833,2019,30,POINT (-87.6669920833 41.903463398),,,,,2019-07-07,True,23,West Town
2636,30,TRAFFIC SIGNAL,FUNCTIONING PROPERLY,CLEAR,"DARKNESS, LIGHTED ROAD",PEDALCYCLIST,DIVIDED - W/MEDIAN BARRIER,STRAIGHT AND LEVEL,DRY,NO DEFECTS,Y,FAILING TO YIELD RIGHT-OF-WAY,FAILING TO REDUCE SPEED TO AVOID CRASH,,NO INDICATION OF INJURY,23,7,41.8788560995,-87.6766391602,2019,30,POINT (-87.6766391602 41.8788560995),,,,,2019-07-07,False,27,Near West Side
2637,30,TRAFFIC SIGNAL,FUNCTIONING PROPERLY,CLEAR,DAYLIGHT,PEDALCYCLIST,NOT DIVIDED,STRAIGHT AND LEVEL,DRY,NO DEFECTS,,IMPROPER LANE USAGE,UNABLE TO DETERMINE,,NONINCAPACITATING INJURY,12,7,41.8949932621,-87.7259228377,2019,30,POINT (-87.7259228377 41.8949932621),,,,,2019-07-08,False,22,Humboldt Park
2638,30,NO CONTROLS,NO CONTROLS,CLEAR,DAYLIGHT,PEDALCYCLIST,NOT DIVIDED,STRAIGHT AND LEVEL,DRY,NO DEFECTS,,FAILING TO YIELD RIGHT-OF-WAY,NOT APPLICABLE,Y,NONINCAPACITATING INJURY,13,7,41.8966347473,-87.6235455303,2019,30,POINT (-87.6235455303 41.8966347473),,,,,2019-07-08,False,7,Near North Side
2639,30,NO CONTROLS,NO CONTROLS,CLEAR,DAYLIGHT,PEDALCYCLIST,NOT DIVIDED,STRAIGHT AND LEVEL,DRY,NO DEFECTS,,IMPROPER TURNING/NO SIGNAL,NOT APPLICABLE,,NONINCAPACITATING INJURY,14,7,41.9683241481,-87.7305432113,2019,30,POINT (-87.7305432113 41.9683241481),,,,,2019-07-08,False,11,Forest Glen
2640,30,TRAFFIC SIGNAL,FUNCTIONING PROPERLY,CLEAR,DAYLIGHT,PEDALCYCLIST,Y-INTERSECTION,STRAIGHT AND LEVEL,DRY,NO DEFECTS,Y,NOT APPLICABLE,NOT APPLICABLE,N,NONINCAPACITATING INJURY,15,7,41.7147406394,-87.6202654319,2019,30,POINT (-87.6202654319 41.7147406394),,,,,2019-07-08,False,48,Roseland
2641,30,STOP SIGN/FLASHER,FUNCTIONING PROPERLY,CLEAR,DAWN,PEDALCYCLIST,NOT DIVIDED,STRAIGHT AND LEVEL,DRY,NO DEFECTS,Y,FAILING TO REDUCE SPEED TO AVOID CRASH,DRIVING SKILLS/KNOWLEDGE/EXPERIENCE,,INCAPACITATING INJURY,16,7,41.7776977974,-87.6545943507,2019,30,POINT (-87.6545943507 41.7776977974),,,,,2019-07-08,True,66,Englewood
2642,30,NO CONTROLS,NO CONTROLS,CLEAR,DAYLIGHT,PEDALCYCLIST,NOT DIVIDED,STRAIGHT AND LEVEL,DRY,NO DEFECTS,,FAILING TO YIELD RIGHT-OF-WAY,NOT APPLICABLE,,NO INDICATION OF INJURY,18,7,41.9144119238,-87.6839169578,2019,30,POINT (-87.6839169578 41.9144119238),,,,,2019-07-08,False,21,Logan Square
2643,30,TRAFFIC SIGNAL,FUNCTIONING PROPERLY,CLEAR,DAYLIGHT,PEDALCYCLIST,NOT DIVIDED,STRAIGHT AND LEVEL,DRY,NO DEFECTS,Y,UNABLE TO DETERMINE,UNABLE TO DETERMINE,,NONINCAPACITATING INJURY,18,7,41.9065810353,-87.6434490896,2019,30,POINT (-87.6434490896 41.9065810353),,,,,2019-07-08,False,7,Near North Side
2644,30,NO CONTROLS,NO CONTROLS,CLEAR,DAYLIGHT,PEDALCYCLIST,NOT DIVIDED,STRAIGHT AND LEVEL,DRY,NO DEFECTS,,DISTRACTION - FROM OUTSIDE VEHICLE,UNABLE TO DETERMINE,Y,NONINCAPACITATING INJURY,18,7,41.960720651,-87.7564729057,2019,30,POINT (-87.7564729057 41.960720651),,,,,2019-07-08,False,14,Portage Park
2645,30,NO CONTROLS,NO CONTROLS,UNKNOWN,UNKNOWN,PEDALCYCLIST,ALLEY,STRAIGHT AND LEVEL,UNKNOWN,UNKNOWN,,UNABLE TO DETERMINE,UNABLE TO DETERMINE,,NONINCAPACITATING INJURY,18,7,41.9708429919,-87.7503669325,2019,30,POINT (-87.7503669325 41.9708429919),,,,,2019-07-08,False,11,Forest Glen
2646,25,NO CONTROLS,NO CONTROLS,CLEAR,DAYLIGHT,PEDALCYCLIST,ONE-WAY,STRAIGHT AND LEVEL,DRY,NO DEFECTS,,FAILING TO YIELD RIGHT-OF-WAY,NOT APPLICABLE,Y,NO INDICATION OF INJURY,7,7,41.8829810817,-87.6504898778,2019,25,POINT (-87.6504898778 41.8829810817),,,,,2019-07-09,False,27,Near West Side
2647,30,TRAFFIC SIGNAL,FUNCTIONING PROPERLY,CLEAR,DAYLIGHT,PEDALCYCLIST,NOT DIVIDED,STRAIGHT AND LEVEL,DRY,NO DEFECTS,Y,IMPROPER LANE USAGE,UNABLE TO DETERMINE,,NONINCAPACITATING INJURY,8,7,41.9165997147,-87.6361744243,2019,30,POINT (-87.6361744243 41.9165997147),,,,,2019-07-09,False,6,Lincoln Park
2648,30,NO CONTROLS,NO CONTROLS,CLEAR,DAYLIGHT,PEDALCYCLIST,NOT DIVIDED,STRAIGHT AND LEVEL,DRY,NO DEFECTS,Y,FAILING TO YIELD RIGHT-OF-WAY,DISREGARDING STOP SIGN,,"REPORTED, NOT EVIDENT",13,7,41.8361809669,-87.6533915211,2019,30,POINT (-87.6533915211 41.8361809669),,,,,2019-07-09,False,30,Lower West Side
2649,30,STOP SIGN/FLASHER,FUNCTIONING PROPERLY,CLEAR,DAYLIGHT,PEDALCYCLIST,ONE-WAY,STRAIGHT AND LEVEL,DRY,NO DEFECTS,,UNABLE TO DETERMINE,NOT APPLICABLE,,NO INDICATION OF INJURY,14,7,41.9009990119,-87.7213140265,2019,30,POINT (-87.7213140265 41.9009990119),,,,,2019-07-09,False,22,Humboldt Park
2650,30,NO CONTROLS,NO CONTROLS,CLEAR,DAYLIGHT,PEDALCYCLIST,DIVIDED - W/MEDIAN (NOT RAISED),STRAIGHT AND LEVEL,DRY,NO DEFECTS,,UNABLE TO DETERMINE,NOT APPLICABLE,,NONINCAPACITATING INJURY,14,7,41.8403661818,-87.7169770214,2019,30,POINT (-87.7169770214 41.8403661818),,,,,2019-07-09,False,29,South Lawndale
2651,35,UNKNOWN,UNKNOWN,CLEAR,DAYLIGHT,PEDALCYCLIST,CENTER TURN LANE,STRAIGHT AND LEVEL,DRY,NO DEFECTS,,DRIVING ON WRONG SIDE/WRONG WAY,NOT APPLICABLE,,NO INDICATION OF INJURY,16,7,41.9264657728,-87.7269729759,2019,35,POINT (-87.7269729759 41.9264657728),,,,,2019-07-09,False,19,Hermosa
2652,30,TRAFFIC SIGNAL,FUNCTIONING PROPERLY,CLEAR,DAYLIGHT,PEDALCYCLIST,CENTER TURN LANE,STRAIGHT AND LEVEL,DRY,UNKNOWN,,FOLLOWING TOO CLOSELY,FAILING TO REDUCE SPEED TO AVOID CRASH,,NONINCAPACITATING INJURY,17,7,42.0119798793,-87.7085338515,2019,30,POINT (-87.7085338515 42.0119798793),,,,,2019-07-09,False,1,West Ridge
2653,30,TRAFFIC SIGNAL,FUNCTIONING PROPERLY,CLEAR,DAYLIGHT,PEDALCYCLIST,ONE-WAY,STRAIGHT AND LEVEL,DRY,NO DEFECTS,,NOT APPLICABLE,UNABLE TO DETERMINE,Y,NONINCAPACITATING INJURY,7,7,41.8794108458,-87.6371039575,2019,30,POINT (-87.6371039575 41.8794108458),,,,,2019-07-10,False,27,Near West Side
2654,25,NO CONTROLS,NO CONTROLS,CLEAR,DAYLIGHT,PEDALCYCLIST,NOT DIVIDED,STRAIGHT AND LEVEL,DRY,NO DEFECTS,Y,UNABLE TO DETERMINE,UNABLE TO DETERMINE,,NO INDICATION OF INJURY,9,7,41.9144237141,-87.654627843,2019,25,POINT (-87.654627843 41.9144237141),,,,,2019-07-10,False,6,Lincoln Park
2655,30,NO CONTROLS,NO CONTROLS,CLEAR,DAYLIGHT,PEDALCYCLIST,ONE-WAY,STRAIGHT AND LEVEL,DRY,NO DEFECTS,,DRIVING ON WRONG SIDE/WRONG WAY,NOT APPLICABLE,,NO INDICATION OF INJURY,13,7,41.8776116582,-87.6742278678,2019,30,POINT (-87.6742278678 41.8776116582),,,,,2019-07-10,False,27,Near West Side
2656,25,STOP SIGN/FLASHER,UNKNOWN,CLEAR,DAYLIGHT,PEDALCYCLIST,ONE-WAY,STRAIGHT AND LEVEL,DRY,UNKNOWN,Y,UNABLE TO DETERMINE,UNABLE TO DETERMINE,,NONINCAPACITATING INJURY,17,7,41.8977096988,-87.7637565105,2019,25,POINT (-87.7637565105 41.8977096988),,,,,2019-07-10,False,24,Austin