Unnamed: 0,POSTED_SPEED_LIMIT,TRAFFIC_CONTROL_DEVICE,DEVICE_CONDITION,WEATHER_CONDITION,LIGHTING_CONDITION,FIRST_CRASH_TYPE,TRAFFICWAY_TYPE,ALIGNMENT,ROADWAY_SURFACE_COND,ROAD_DEFECT,INTERSECTION_RELATED_I,PRIM_CONTRIBUTORY_CAUSE,SEC_CONTRIBUTORY_CAUSE,DOORING_I,MOST_SEVERE_INJURY,CRASH_HOUR,CRASH_MONTH,LATITUDE,LONGITUDE,CRASH_YEAR,SPEED_LIMIT,geometry,DISPLAYROU,the_geom,DIST,LANE_TYPE,CRASH_DATE,is_severe,index_right,CArea
2657,30,NO CONTROLS,NO CONTROLS,CLEAR,DAYLIGHT,PEDALCYCLIST,NOT DIVIDED,STRAIGHT AND LEVEL,DRY,NO DEFECTS,,FAILING TO YIELD RIGHT-OF-WAY,UNABLE TO DETERMINE,,NONINCAPACITATING INJURY,17,7,41.9483230917,-87.7392264069,2019,30,POINT (-87.7392264069 41.9483230917),,,,,2019-07-10,False,15,Irving Park
2658,30,NO CONTROLS,NO CONTROLS,CLEAR,DAYLIGHT,PEDALCYCLIST,OTHER,STRAIGHT AND LEVEL,DRY,NO DEFECTS,,FAILING TO YIELD RIGHT-OF-WAY,FAILING TO REDUCE SPEED TO AVOID CRASH,,NO INDICATION OF INJURY,17,7,41.8880703776,-87.6296922567,2019,30,POINT (-87.6296922567 41.8880703776),,,,,2019-07-10,False,7,Near North Side
2659,30,NO CONTROLS,NO CONTROLS,CLEAR,DAYLIGHT,PEDALCYCLIST,ONE-WAY,STRAIGHT AND LEVEL,DRY,NO DEFECTS,,UNABLE TO DETERMINE,NOT APPLICABLE,,NO INDICATION OF INJURY,18,7,41.9375650735,-87.6432113987,2019,30,POINT (-87.6432113987 41.9375650735),,,,,2019-07-10,False,5,Lake View
2660,35,TRAFFIC SIGNAL,FUNCTIONING PROPERLY,CLEAR,"DARKNESS, LIGHTED ROAD",PEDALCYCLIST,NOT DIVIDED,STRAIGHT AND LEVEL,DRY,NO DEFECTS,Y,UNABLE TO DETERMINE,NOT APPLICABLE,,INCAPACITATING INJURY,19,7,41.9534901294,-87.7322507396,2019,35,POINT (-87.7322507396 41.9534901294),,,,,2019-07-10,True,15,Irving Park
2661,30,NO CONTROLS,NO CONTROLS,CLEAR,DAYLIGHT,PEDALCYCLIST,NOT DIVIDED,STRAIGHT AND LEVEL,DRY,NO DEFECTS,,DRIVING SKILLS/KNOWLEDGE/EXPERIENCE,NOT APPLICABLE,,NO INDICATION OF INJURY,19,7,41.89054065,-87.627879862,2019,30,POINT (-87.627879862 41.89054065),,,,,2019-07-10,False,7,Near North Side
2662,30,UNKNOWN,UNKNOWN,CLEAR,DAYLIGHT,PEDALCYCLIST,ONE-WAY,STRAIGHT AND LEVEL,DRY,UNKNOWN,,FAILING TO REDUCE SPEED TO AVOID CRASH,UNABLE TO DETERMINE,,NONINCAPACITATING INJURY,20,7,41.876000307,-87.7451757401,2019,30,POINT (-87.7451757401 41.876000307),,,,,2019-07-10,False,24,Austin
2663,30,NO CONTROLS,NO CONTROLS,CLEAR,DUSK,PEDALCYCLIST,DIVIDED - W/MEDIAN (NOT RAISED),STRAIGHT AND LEVEL,DRY,NO DEFECTS,,UNABLE TO DETERMINE,NOT APPLICABLE,Y,NONINCAPACITATING INJURY,20,7,41.9117933477,-87.6348772963,2019,30,POINT (-87.6348772963 41.9117933477),,,,,2019-07-10,False,6,Lincoln Park
2664,10,NO CONTROLS,NO CONTROLS,CLEAR,DAYLIGHT,PEDALCYCLIST,PARKING LOT,STRAIGHT AND LEVEL,DRY,NO DEFECTS,Y,UNABLE TO DETERMINE,NOT APPLICABLE,,NONINCAPACITATING INJURY,21,7,41.8661408676,-87.7350895601,2019,10,POINT (-87.7350895601 41.8661408676),,,,,2019-07-10,False,28,North Lawndale
2665,30,TRAFFIC SIGNAL,FUNCTIONING PROPERLY,CLEAR,"DARKNESS, LIGHTED ROAD",PEDALCYCLIST,FOUR WAY,STRAIGHT AND LEVEL,DRY,NO DEFECTS,,UNABLE TO DETERMINE,NOT APPLICABLE,N,NONINCAPACITATING INJURY,21,7,41.9242426844,-87.7489109567,2019,30,POINT (-87.7489109567 41.9242426844),,,,,2019-07-10,False,18,Belmont Cragin
2666,35,NO CONTROLS,NO CONTROLS,CLEAR,"DARKNESS, LIGHTED ROAD",PEDALCYCLIST,DIVIDED - W/MEDIAN (NOT RAISED),STRAIGHT AND LEVEL,DRY,NO DEFECTS,,FAILING TO YIELD RIGHT-OF-WAY,IMPROPER LANE USAGE,,NO INDICATION OF INJURY,2,7,41.991870574,-87.6555886975,2019,35,POINT (-87.6555886975 41.991870574),,,,,2019-07-11,False,76,Edgewater
2667,30,TRAFFIC SIGNAL,FUNCTIONING PROPERLY,CLEAR,DAYLIGHT,PEDALCYCLIST,NOT DIVIDED,STRAIGHT AND LEVEL,DRY,NO DEFECTS,,IMPROPER TURNING/NO SIGNAL,IMPROPER TURNING/NO SIGNAL,,NONINCAPACITATING INJURY,8,7,41.8931385593,-87.6310201452,2019,30,POINT (-87.6310201452 41.8931385593),,,,,2019-07-11,False,7,Near North Side
2668,30,TRAFFIC SIGNAL,FUNCTIONING PROPERLY,CLEAR,DAYLIGHT,PEDALCYCLIST,NOT DIVIDED,STRAIGHT AND LEVEL,UNKNOWN,UNKNOWN,,NOT APPLICABLE,NOT APPLICABLE,,NO INDICATION OF INJURY,9,7,41.9253142981,-87.6505985506,2019,30,POINT (-87.6505985506 41.9253142981),,,,,2019-07-11,False,6,Lincoln Park
2669,30,STOP SIGN/FLASHER,FUNCTIONING PROPERLY,CLEAR,DAYLIGHT,PEDALCYCLIST,FOUR WAY,STRAIGHT AND LEVEL,DRY,NO DEFECTS,Y,TURNING RIGHT ON RED,FAILING TO YIELD RIGHT-OF-WAY,,INCAPACITATING INJURY,15,7,41.7651094319,-87.6445569518,2019,30,POINT (-87.6445569518 41.7651094319),,,,,2019-07-11,True,67,Englewood
2670,30,TRAFFIC SIGNAL,FUNCTIONING PROPERLY,CLEAR,DAYLIGHT,PEDALCYCLIST,DIVIDED - W/MEDIAN (NOT RAISED),STRAIGHT AND LEVEL,DRY,NO DEFECTS,,DRIVING SKILLS/KNOWLEDGE/EXPERIENCE,NOT APPLICABLE,,NO INDICATION OF INJURY,16,7,41.8918417349,-87.6203818108,2019,30,POINT (-87.6203818108 41.8918417349),,,,,2019-07-11,False,7,Near North Side
2671,30,NO CONTROLS,NO CONTROLS,CLEAR,DAYLIGHT,PEDALCYCLIST,NOT DIVIDED,STRAIGHT AND LEVEL,DRY,UNKNOWN,Y,UNABLE TO DETERMINE,NOT APPLICABLE,,NONINCAPACITATING INJURY,17,7,41.9281323023,-87.6490038095,2019,30,POINT (-87.6490038095 41.9281323023),,,,,2019-07-11,False,6,Lincoln Park
2672,30,NO CONTROLS,NO CONTROLS,CLEAR,DAYLIGHT,PEDALCYCLIST,NOT DIVIDED,STRAIGHT AND LEVEL,DRY,NO DEFECTS,Y,UNABLE TO DETERMINE,UNABLE TO DETERMINE,N,NONINCAPACITATING INJURY,18,7,41.9117260969,-87.6776398445,2019,30,POINT (-87.6776398445 41.9117260969),,,,,2019-07-11,False,6,Lincoln Park
2673,25,NO CONTROLS,UNKNOWN,CLEAR,DUSK,PEDALCYCLIST,ONE-WAY,STRAIGHT AND LEVEL,DRY,NO DEFECTS,,"EVASIVE ACTION DUE TO ANIMAL, OBJECT, NONMOTORIST",DISTRACTION - FROM OUTSIDE VEHICLE,,NO INDICATION OF INJURY,19,7,41.8780344283,-87.631171407,2019,25,POINT (-87.631171407 41.8780344283),,,,,2019-07-11,False,31,Loop
2674,30,UNKNOWN,UNKNOWN,UNKNOWN,UNKNOWN,PEDALCYCLIST,NOT DIVIDED,STRAIGHT AND LEVEL,UNKNOWN,UNKNOWN,,UNABLE TO DETERMINE,NOT APPLICABLE,,NONINCAPACITATING INJURY,19,7,41.9498572588,-87.6639468913,2019,30,POINT (-87.6639468913 41.9498572588),,,,,2019-07-11,False,5,Lake View
2675,30,NO CONTROLS,NO CONTROLS,CLEAR,DAYLIGHT,PEDALCYCLIST,NOT DIVIDED,STRAIGHT AND LEVEL,DRY,NO DEFECTS,,FAILING TO YIELD RIGHT-OF-WAY,FAILING TO YIELD RIGHT-OF-WAY,,NONINCAPACITATING INJURY,19,7,41.9033619789,-87.6732455292,2019,30,POINT (-87.6732455292 41.9033619789),,,,,2019-07-11,False,23,West Town
2676,25,STOP SIGN/FLASHER,FUNCTIONING PROPERLY,CLEAR,DUSK,PEDALCYCLIST,FOUR WAY,STRAIGHT AND LEVEL,DRY,NO DEFECTS,Y,DISREGARDING STOP SIGN,FAILING TO YIELD RIGHT-OF-WAY,Y,"REPORTED, NOT EVIDENT",20,7,41.8786001874,-87.7535627144,2019,25,POINT (-87.7535627144 41.8786001874),,,,,2019-07-11,False,24,Austin
2677,35,NO CONTROLS,NO CONTROLS,CLEAR,"DARKNESS, LIGHTED ROAD",PEDALCYCLIST,NOT DIVIDED,STRAIGHT AND LEVEL,DRY,UNKNOWN,,DRIVING ON WRONG SIDE/WRONG WAY,UNABLE TO DETERMINE,,NONINCAPACITATING INJURY,21,7,41.7431810126,-87.5738048042,2019,35,POINT (-87.5738048042 41.7431810126),,,,,2019-07-11,False,44,Avalon Park
2678,30,TRAFFIC SIGNAL,FUNCTIONING PROPERLY,CLEAR,"DARKNESS, LIGHTED ROAD",PEDALCYCLIST,NOT DIVIDED,STRAIGHT AND LEVEL,DRY,NO DEFECTS,Y,DISREGARDING TRAFFIC SIGNALS,NOT APPLICABLE,,"REPORTED, NOT EVIDENT",21,7,41.9764638085,-87.6577498845,2019,30,POINT (-87.6577498845 41.9764638085),,,,,2019-07-11,False,2,Uptown
2679,30,STOP SIGN/FLASHER,FUNCTIONING PROPERLY,CLEAR,DARKNESS,PEDALCYCLIST,ONE-WAY,STRAIGHT AND LEVEL,DRY,NO DEFECTS,Y,UNABLE TO DETERMINE,UNABLE TO DETERMINE,,NONINCAPACITATING INJURY,21,7,41.7411025096,-87.5707888742,2019,30,POINT (-87.5707888742 41.7411025096),,,,,2019-07-11,False,44,Avalon Park
2680,30,TRAFFIC SIGNAL,FUNCTIONING PROPERLY,CLEAR,"DARKNESS, LIGHTED ROAD",PEDALCYCLIST,DIVIDED - W/MEDIAN (NOT RAISED),STRAIGHT AND LEVEL,DRY,NO DEFECTS,Y,IMPROPER TURNING/NO SIGNAL,DISREGARDING ROAD MARKINGS,,NONINCAPACITATING INJURY,23,7,41.8672108376,-87.64501433,2019,30,POINT (-87.64501433 41.8672108376),,,,,2019-07-11,False,27,Near West Side
2681,30,TRAFFIC SIGNAL,FUNCTIONING PROPERLY,CLEAR,DAYLIGHT,PEDALCYCLIST,NOT DIVIDED,STRAIGHT AND LEVEL,DRY,NO DEFECTS,,FAILING TO YIELD RIGHT-OF-WAY,UNABLE TO DETERMINE,N,NONINCAPACITATING INJURY,7,7,41.9034160888,-87.6560371168,2019,30,POINT (-87.6560371168 41.9034160888),,,,,2019-07-12,False,7,Near North Side
2682,30,NO CONTROLS,FUNCTIONING PROPERLY,CLEAR,DAYLIGHT,PEDALCYCLIST,ONE-WAY,STRAIGHT AND LEVEL,DRY,SHOULDER DEFECT,,IMPROPER LANE USAGE,UNABLE TO DETERMINE,,NONINCAPACITATING INJURY,7,7,41.8861925506,-87.6340891325,2019,30,POINT (-87.6340891325 41.8861925506),,,,,2019-07-12,False,31,Loop
2683,30,NO CONTROLS,NO CONTROLS,CLEAR,DAYLIGHT,PEDALCYCLIST,DIVIDED - W/MEDIAN (NOT RAISED),STRAIGHT AND LEVEL,DRY,NO DEFECTS,,UNABLE TO DETERMINE,NOT APPLICABLE,,NO INDICATION OF INJURY,11,7,41.8645211937,-87.6393040996,2019,30,POINT (-87.6393040996 41.8645211937),,,,,2019-07-12,False,27,Near West Side
2684,30,NO CONTROLS,NO CONTROLS,CLEAR,DAYLIGHT,PEDALCYCLIST,NOT DIVIDED,STRAIGHT AND LEVEL,DRY,NO DEFECTS,,FAILING TO YIELD RIGHT-OF-WAY,UNABLE TO DETERMINE,,NONINCAPACITATING INJURY,15,7,41.969218745,-87.6533382944,2019,30,POINT (-87.6533382944 41.969218745),,,,,2019-07-12,False,2,Uptown
2685,30,OTHER,FUNCTIONING PROPERLY,CLEAR,DAYLIGHT,PEDALCYCLIST,NOT DIVIDED,STRAIGHT AND LEVEL,DRY,NO DEFECTS,,FAILING TO YIELD RIGHT-OF-WAY,IMPROPER LANE USAGE,,NONINCAPACITATING INJURY,15,7,41.8476146472,-87.645919865,2019,30,POINT (-87.645919865 41.8476146472),,,,,2019-07-12,False,30,Lower West Side
2686,30,NO CONTROLS,NO CONTROLS,CLEAR,DAYLIGHT,PEDALCYCLIST,NOT DIVIDED,STRAIGHT AND LEVEL,DRY,NO DEFECTS,,FAILING TO REDUCE SPEED TO AVOID CRASH,FOLLOWING TOO CLOSELY,,NONINCAPACITATING INJURY,16,7,41.9044049757,-87.7338816849,2019,30,POINT (-87.7338816849 41.9044049757),,,,,2019-07-12,False,22,Humboldt Park
2687,30,STOP SIGN/FLASHER,FUNCTIONING PROPERLY,CLEAR,DAYLIGHT,PEDALCYCLIST,NOT DIVIDED,STRAIGHT AND LEVEL,DRY,UNKNOWN,Y,UNABLE TO DETERMINE,UNABLE TO DETERMINE,,NO INDICATION OF INJURY,16,7,41.755178528,-87.7026957105,2019,30,POINT (-87.7026957105 41.755178528),,,,,2019-07-12,False,69,Ashburn
2688,30,STOP SIGN/FLASHER,FUNCTIONING PROPERLY,CLEAR,DAYLIGHT,PEDALCYCLIST,FOUR WAY,STRAIGHT AND LEVEL,DRY,NO DEFECTS,,UNABLE TO DETERMINE,NOT APPLICABLE,,"REPORTED, NOT EVIDENT",17,7,41.7851433266,-87.7719243661,2019,30,POINT (-87.7719243661 41.7851433266),,,,,2019-07-12,False,55,Garfield Ridge
2689,20,STOP SIGN/FLASHER,UNKNOWN,CLEAR,DAYLIGHT,PEDALCYCLIST,DIVIDED - W/MEDIAN (NOT RAISED),STRAIGHT AND LEVEL,DRY,NO DEFECTS,Y,NOT APPLICABLE,NOT APPLICABLE,,INCAPACITATING INJURY,18,7,41.7750832878,-87.6046522372,2019,20,POINT (-87.6046522372 41.7750832878),,,,,2019-07-12,True,41,Woodlawn
2690,30,TRAFFIC SIGNAL,FUNCTIONING PROPERLY,CLEAR,DAYLIGHT,PEDALCYCLIST,OTHER,STRAIGHT AND LEVEL,DRY,NO DEFECTS,Y,FAILING TO YIELD RIGHT-OF-WAY,NOT APPLICABLE,,NONINCAPACITATING INJURY,19,7,41.9755463424,-87.7858612365,2019,30,POINT (-87.7858612365 41.9755463424),,,,,2019-07-12,False,10,Jefferson Park
2691,30,STOP SIGN/FLASHER,FUNCTIONING PROPERLY,CLEAR,DAWN,PEDALCYCLIST,UNKNOWN,STRAIGHT AND LEVEL,DRY,UNKNOWN,Y,FAILING TO YIELD RIGHT-OF-WAY,FAILING TO YIELD RIGHT-OF-WAY,,NONINCAPACITATING INJURY,19,7,41.9604463862,-87.7154194996,2019,30,POINT (-87.7154194996 41.9604463862),,,,,2019-07-12,False,15,Irving Park
2692,30,NO CONTROLS,NO CONTROLS,CLEAR,DUSK,PEDALCYCLIST,ONE-WAY,STRAIGHT AND LEVEL,DRY,NO DEFECTS,,FAILING TO YIELD RIGHT-OF-WAY,FAILING TO REDUCE SPEED TO AVOID CRASH,N,INCAPACITATING INJURY,19,7,41.8452897048,-87.6453828702,2019,30,POINT (-87.6453828702 41.8452897048),,,,,2019-07-12,True,30,Lower West Side
2693,30,TRAFFIC SIGNAL,FUNCTIONING PROPERLY,CLEAR,DARKNESS,PEDALCYCLIST,FOUR WAY,STRAIGHT AND LEVEL,DRY,NO DEFECTS,Y,FAILING TO YIELD RIGHT-OF-WAY,NOT APPLICABLE,,NONINCAPACITATING INJURY,21,7,41.9604918975,-87.7572387453,2019,30,POINT (-87.7572387453 41.9604918975),,,,,2019-07-12,False,14,Portage Park
2694,30,NO CONTROLS,NO CONTROLS,CLEAR,"DARKNESS, LIGHTED ROAD",PEDALCYCLIST,NOT DIVIDED,STRAIGHT AND LEVEL,DRY,NO DEFECTS,Y,UNABLE TO DETERMINE,NOT APPLICABLE,,NONINCAPACITATING INJURY,22,7,41.8553149485,-87.6467182377,2019,30,POINT (-87.6467182377 41.8553149485),,,,,2019-07-12,False,30,Lower West Side
2695,30,TRAFFIC SIGNAL,FUNCTIONING PROPERLY,CLEAR,"DARKNESS, LIGHTED ROAD",PEDALCYCLIST,DIVIDED - W/MEDIAN (NOT RAISED),STRAIGHT AND LEVEL,DRY,UNKNOWN,,UNDER THE INFLUENCE OF ALCOHOL/DRUGS (USE WHEN ARREST IS EFFECTED),FAILING TO REDUCE SPEED TO AVOID CRASH,,INCAPACITATING INJURY,1,7,41.9965150741,-87.655436558,2019,30,POINT (-87.655436558 41.9965150741),,,,,2019-07-13,True,76,Edgewater
2696,30,TRAFFIC SIGNAL,FUNCTIONING PROPERLY,CLEAR,"DARKNESS, LIGHTED ROAD",PEDALCYCLIST,NOT DIVIDED,STRAIGHT AND LEVEL,DRY,NO DEFECTS,,UNABLE TO DETERMINE,NOT APPLICABLE,,NONINCAPACITATING INJURY,2,7,41.8817022889,-87.7258462222,2019,30,POINT (-87.7258462222 41.8817022889),,,,,2019-07-13,False,25,Garfield Park
2697,30,NO CONTROLS,NO CONTROLS,CLEAR,DAYLIGHT,PEDALCYCLIST,NOT DIVIDED,STRAIGHT AND LEVEL,DRY,NO DEFECTS,,UNABLE TO DETERMINE,NOT APPLICABLE,,NONINCAPACITATING INJURY,15,7,41.9388126748,-87.7614556754,2019,30,POINT (-87.7614556754 41.9388126748),,,,,2019-07-13,False,14,Portage Park
2698,30,TRAFFIC SIGNAL,UNKNOWN,CLEAR,DAYLIGHT,PEDALCYCLIST,FOUR WAY,STRAIGHT AND LEVEL,DRY,NO DEFECTS,Y,UNABLE TO DETERMINE,UNABLE TO DETERMINE,,NO INDICATION OF INJURY,16,7,41.8949795111,-87.6243999705,2019,30,POINT (-87.6243999705 41.8949795111),,,,,2019-07-13,False,7,Near North Side
2699,30,TRAFFIC SIGNAL,FUNCTIONING PROPERLY,CLEAR,DAYLIGHT,PEDALCYCLIST,FOUR WAY,STRAIGHT AND LEVEL,DRY,NO DEFECTS,Y,FAILING TO YIELD RIGHT-OF-WAY,NOT APPLICABLE,,NONINCAPACITATING INJURY,17,7,41.7518556025,-87.5482503373,2019,30,POINT (-87.5482503373 41.7518556025),,,,,2019-07-13,False,42,South Shore
2700,25,TRAFFIC SIGNAL,FUNCTIONING PROPERLY,CLEAR,DAYLIGHT,PEDALCYCLIST,NOT DIVIDED,STRAIGHT AND LEVEL,DRY,NO DEFECTS,Y,IMPROPER LANE USAGE,NOT APPLICABLE,,NONINCAPACITATING INJURY,19,7,41.9228425767,-87.6974874818,2019,25,POINT (-87.6974874818 41.9228425767),,,,,2019-07-13,False,21,Logan Square
2701,30,STOP SIGN/FLASHER,NO CONTROLS,CLEAR,"DARKNESS, LIGHTED ROAD",PEDALCYCLIST,NOT DIVIDED,STRAIGHT ON GRADE,UNKNOWN,UNKNOWN,,FAILING TO REDUCE SPEED TO AVOID CRASH,DRIVING SKILLS/KNOWLEDGE/EXPERIENCE,,NO INDICATION OF INJURY,21,7,41.8867197641,-87.6224726986,2019,30,POINT (-87.6224726986 41.8867197641),,,,,2019-07-13,False,7,Near North Side
2702,25,STOP SIGN/FLASHER,FUNCTIONING PROPERLY,CLEAR,"DARKNESS, LIGHTED ROAD",PEDALCYCLIST,NOT DIVIDED,STRAIGHT AND LEVEL,DRY,NO DEFECTS,Y,UNABLE TO DETERMINE,NOT APPLICABLE,,NO INDICATION OF INJURY,22,7,42.004896353,-87.6999766573,2019,25,POINT (-87.6999766573 42.004896353),,,,,2019-07-13,False,1,West Ridge
2703,30,NO CONTROLS,NO CONTROLS,CLEAR,"DARKNESS, LIGHTED ROAD",PEDALCYCLIST,NOT DIVIDED,STRAIGHT AND LEVEL,DRY,NO DEFECTS,,UNABLE TO DETERMINE,UNABLE TO DETERMINE,Y,NONINCAPACITATING INJURY,23,7,41.9474575741,-87.6568913605,2019,30,POINT (-87.6568913605 41.9474575741),,,,,2019-07-13,False,5,Lake View
2704,30,TRAFFIC SIGNAL,FUNCTIONING PROPERLY,CLEAR,DAYLIGHT,PEDALCYCLIST,DIVIDED - W/MEDIAN (NOT RAISED),STRAIGHT AND LEVEL,DRY,NO DEFECTS,Y,FAILING TO YIELD RIGHT-OF-WAY,TURNING RIGHT ON RED,,NONINCAPACITATING INJURY,14,7,41.9188702777,-87.765775158,2019,30,POINT (-87.765775158 41.9188702777),,,,,2019-07-14,False,18,Belmont Cragin
2705,30,UNKNOWN,UNKNOWN,CLEAR,DAYLIGHT,PEDALCYCLIST,NOT DIVIDED,STRAIGHT AND LEVEL,UNKNOWN,UNKNOWN,,UNABLE TO DETERMINE,NOT APPLICABLE,,"REPORTED, NOT EVIDENT",16,7,41.8984358745,-87.7555403185,2019,30,POINT (-87.7555403185 41.8984358745),,,,,2019-07-14,False,24,Austin
2706,30,STOP SIGN/FLASHER,FUNCTIONING PROPERLY,CLEAR,DAYLIGHT,PEDALCYCLIST,NOT DIVIDED,STRAIGHT AND LEVEL,DRY,NO DEFECTS,,FAILING TO YIELD RIGHT-OF-WAY,NOT APPLICABLE,,INCAPACITATING INJURY,19,7,41.941440331,-87.6785522999,2019,30,POINT (-87.6785522999 41.941440331),,,,,2019-07-14,True,4,North Center
2707,30,NO CONTROLS,NO CONTROLS,CLEAR,"DARKNESS, LIGHTED ROAD",PEDALCYCLIST,NOT DIVIDED,STRAIGHT AND LEVEL,DRY,NO DEFECTS,,FAILING TO YIELD RIGHT-OF-WAY,UNABLE TO DETERMINE,,NONINCAPACITATING INJURY,20,7,41.917155625,-87.6877158522,2019,30,POINT (-87.6877158522 41.917155625),,,,,2019-07-14,False,21,Logan Square
2708,30,NO CONTROLS,NO CONTROLS,CLEAR,"DARKNESS, LIGHTED ROAD",PEDALCYCLIST,NOT DIVIDED,STRAIGHT AND LEVEL,DRY,NO DEFECTS,,"OPERATING VEHICLE IN ERRATIC, RECKLESS, CARELESS, NEGLIGENT OR AGGRESSIVE MANNER",NOT APPLICABLE,,INCAPACITATING INJURY,23,7,41.8958031149,-87.6920552396,2019,30,POINT (-87.6920552396 41.8958031149),,,,,2019-07-14,True,22,Humboldt Park
2709,30,STOP SIGN/FLASHER,FUNCTIONING PROPERLY,CLEAR,"DARKNESS, LIGHTED ROAD",PEDALCYCLIST,NOT DIVIDED,STRAIGHT AND LEVEL,DRY,NO DEFECTS,Y,DRIVING SKILLS/KNOWLEDGE/EXPERIENCE,UNABLE TO DETERMINE,,NONINCAPACITATING INJURY,3,7,41.8806340554,-87.7429547312,2019,30,POINT (-87.7429547312 41.8806340554),,,,,2019-07-15,False,24,Austin
2710,30,UNKNOWN,UNKNOWN,CLEAR,DAYLIGHT,PEDALCYCLIST,DIVIDED - W/MEDIAN (NOT RAISED),STRAIGHT AND LEVEL,DRY,NO DEFECTS,,FAILING TO YIELD RIGHT-OF-WAY,NOT APPLICABLE,,NONINCAPACITATING INJURY,9,7,41.9686840903,-87.6762767006,2019,30,POINT (-87.6762767006 41.9686840903),,,,,2019-07-15,False,3,Lincoln Square
2711,30,NO CONTROLS,NO CONTROLS,CLEAR,DAYLIGHT,PEDALCYCLIST,NOT DIVIDED,STRAIGHT AND LEVEL,DRY,NO DEFECTS,,EQUIPMENT - VEHICLE CONDITION,NOT APPLICABLE,Y,NONINCAPACITATING INJURY,14,7,41.8262415841,-87.6400522144,2019,30,POINT (-87.6400522144 41.8262415841),,,,,2019-07-15,False,33,Armour Square
2712,30,UNKNOWN,UNKNOWN,CLEAR,DAYLIGHT,PEDALCYCLIST,CENTER TURN LANE,STRAIGHT AND LEVEL,DRY,UNKNOWN,,FAILING TO YIELD RIGHT-OF-WAY,UNABLE TO DETERMINE,,NONINCAPACITATING INJURY,15,7,41.9103584888,-87.6784184744,2019,30,POINT (-87.6784184744 41.9103584888),,,,,2019-07-15,False,23,West Town
2713,30,NO CONTROLS,NO CONTROLS,CLEAR,DAYLIGHT,PEDALCYCLIST,NOT DIVIDED,STRAIGHT AND LEVEL,DRY,NO DEFECTS,,FAILING TO YIELD RIGHT-OF-WAY,NOT APPLICABLE,,NONINCAPACITATING INJURY,16,7,41.9681862895,-87.7435561127,2019,30,POINT (-87.7435561127 41.9681862895),,,,,2019-07-15,False,11,Forest Glen
2714,30,BICYCLE CROSSING SIGN,UNKNOWN,CLEAR,DAYLIGHT,PEDALCYCLIST,FOUR WAY,STRAIGHT AND LEVEL,DRY,NO DEFECTS,,DISREGARDING ROAD MARKINGS,FAILING TO REDUCE SPEED TO AVOID CRASH,,NONINCAPACITATING INJURY,16,7,41.9391678338,-87.7125459912,2019,30,POINT (-87.7125459912 41.9391678338),,,,,2019-07-15,False,15,Irving Park
2715,30,STOP SIGN/FLASHER,FUNCTIONING PROPERLY,CLEAR,DAYLIGHT,PEDALCYCLIST,NOT DIVIDED,STRAIGHT AND LEVEL,DRY,UNKNOWN,Y,FAILING TO YIELD RIGHT-OF-WAY,NOT APPLICABLE,Y,NO INDICATION OF INJURY,17,7,41.8960966745,-87.6723256194,2019,30,POINT (-87.6723256194 41.8960966745),,,,,2019-07-15,False,23,West Town
2716,25,UNKNOWN,UNKNOWN,UNKNOWN,UNKNOWN,PEDALCYCLIST,ONE-WAY,STRAIGHT AND LEVEL,UNKNOWN,UNKNOWN,,UNABLE TO DETERMINE,NOT APPLICABLE,,INCAPACITATING INJURY,17,7,41.967693185,-87.7355697059,2019,25,POINT (-87.7355697059 41.967693185),,,,,2019-07-15,True,13,Albany Park
2717,35,NO CONTROLS,UNKNOWN,CLEAR,DAYLIGHT,PEDALCYCLIST,ONE-WAY,STRAIGHT AND LEVEL,DRY,NO DEFECTS,,UNABLE TO DETERMINE,NOT APPLICABLE,,NO INDICATION OF INJURY,18,7,41.7487457219,-87.642911276,2019,35,POINT (-87.642911276 41.7487457219),,,,,2019-07-15,False,70,Auburn Gresham
2718,30,TRAFFIC SIGNAL,FUNCTIONING PROPERLY,CLEAR,DAYLIGHT,PEDALCYCLIST,NOT DIVIDED,STRAIGHT AND LEVEL,DRY,NO DEFECTS,Y,UNABLE TO DETERMINE,NOT APPLICABLE,,NONINCAPACITATING INJURY,18,7,42.0003505604,-87.660855421,2019,30,POINT (-87.660855421 42.0003505604),,,,,2019-07-15,False,0,Rogers Park
2719,30,UNKNOWN,UNKNOWN,CLEAR,DAYLIGHT,PEDALCYCLIST,NOT DIVIDED,STRAIGHT AND LEVEL,DRY,UNKNOWN,,UNABLE TO DETERMINE,NOT APPLICABLE,,NONINCAPACITATING INJURY,20,7,41.903459596,-87.6530358336,2019,30,POINT (-87.6530358336 41.903459596),,,,,2019-07-15,False,7,Near North Side
2720,25,NO CONTROLS,NO CONTROLS,CLEAR,DARKNESS,PEDALCYCLIST,ONE-WAY,STRAIGHT AND LEVEL,DRY,UNKNOWN,,UNABLE TO DETERMINE,NOT APPLICABLE,,NONINCAPACITATING INJURY,21,7,41.9010133668,-87.6950274405,2019,25,POINT (-87.6950274405 41.9010133668),,,,,2019-07-15,False,22,Humboldt Park
2721,30,TRAFFIC SIGNAL,FUNCTIONING PROPERLY,CLOUDY/OVERCAST,DAYLIGHT,PEDALCYCLIST,NOT DIVIDED,STRAIGHT AND LEVEL,DRY,NO DEFECTS,,FOLLOWING TOO CLOSELY,UNABLE TO DETERMINE,,NO INDICATION OF INJURY,16,7,41.8577342396,-87.626216979,2019,30,POINT (-87.626216979 41.8577342396),,,,,2019-07-16,False,32,Near South Side