Unnamed: 0,POSTED_SPEED_LIMIT,TRAFFIC_CONTROL_DEVICE,DEVICE_CONDITION,WEATHER_CONDITION,LIGHTING_CONDITION,FIRST_CRASH_TYPE,TRAFFICWAY_TYPE,ALIGNMENT,ROADWAY_SURFACE_COND,ROAD_DEFECT,INTERSECTION_RELATED_I,PRIM_CONTRIBUTORY_CAUSE,SEC_CONTRIBUTORY_CAUSE,DOORING_I,MOST_SEVERE_INJURY,CRASH_HOUR,CRASH_MONTH,LATITUDE,LONGITUDE,CRASH_YEAR,SPEED_LIMIT,geometry,DISPLAYROU,the_geom,DIST,LANE_TYPE,CRASH_DATE,is_severe,index_right,CArea
2722,30,TRAFFIC SIGNAL,FUNCTIONING PROPERLY,CLEAR,DAYLIGHT,PEDALCYCLIST,UNKNOWN INTERSECTION TYPE,STRAIGHT AND LEVEL,DRY,NO DEFECTS,Y,IMPROPER LANE USAGE,NOT APPLICABLE,,NONINCAPACITATING INJURY,16,7,41.926005042,-87.6313043359,2019,30,POINT (-87.6313043359 41.926005042),,,,,2019-07-16,False,6,Lincoln Park
2723,30,NO CONTROLS,NO CONTROLS,CLEAR,DAYLIGHT,PEDALCYCLIST,NOT DIVIDED,STRAIGHT AND LEVEL,DRY,UNKNOWN,,DISREGARDING ROAD MARKINGS,DRIVING SKILLS/KNOWLEDGE/EXPERIENCE,Y,NONINCAPACITATING INJURY,18,7,41.9489780892,-87.6642175146,2019,30,POINT (-87.6642175146 41.9489780892),,,,,2019-07-16,False,5,Lake View
2724,30,STOP SIGN/FLASHER,NO CONTROLS,CLEAR,DARKNESS,PEDALCYCLIST,NOT DIVIDED,STRAIGHT AND LEVEL,DRY,NO DEFECTS,Y,FAILING TO YIELD RIGHT-OF-WAY,NOT APPLICABLE,,NO INDICATION OF INJURY,22,7,41.8540604291,-87.6686925354,2019,30,POINT (-87.6686925354 41.8540604291),,,,,2019-07-16,False,30,Lower West Side
2725,30,TRAFFIC SIGNAL,FUNCTIONING PROPERLY,CLEAR,"DARKNESS, LIGHTED ROAD",PEDALCYCLIST,DIVIDED - W/MEDIAN (NOT RAISED),STRAIGHT AND LEVEL,DRY,NO DEFECTS,,"VISION OBSCURED (SIGNS, TREE LIMBS, BUILDINGS, ETC.)",UNABLE TO DETERMINE,Y,NONINCAPACITATING INJURY,23,7,41.9176534007,-87.6483396669,2019,30,POINT (-87.6483396669 41.9176534007),,,,,2019-07-16,False,6,Lincoln Park
2726,30,STOP SIGN/FLASHER,FUNCTIONING PROPERLY,CLEAR,"DARKNESS, LIGHTED ROAD",PEDALCYCLIST,NOT DIVIDED,STRAIGHT AND LEVEL,DRY,NO DEFECTS,,PHYSICAL CONDITION OF DRIVER,NOT APPLICABLE,N,NONINCAPACITATING INJURY,0,7,41.7683504069,-87.672180907,2019,30,POINT (-87.672180907 41.7683504069),,,,,2019-07-17,False,66,Englewood
2727,30,TRAFFIC SIGNAL,FUNCTIONING PROPERLY,CLEAR,DAYLIGHT,PEDALCYCLIST,ONE-WAY,STRAIGHT AND LEVEL,DRY,NO DEFECTS,Y,DISREGARDING TRAFFIC SIGNALS,DRIVING ON WRONG SIDE/WRONG WAY,,NONINCAPACITATING INJURY,7,7,41.8857274469,-87.6440976357,2019,30,POINT (-87.6440976357 41.8857274469),,,,,2019-07-17,False,27,Near West Side
2728,0,NO CONTROLS,NO CONTROLS,CLEAR,DAYLIGHT,PEDALCYCLIST,NOT DIVIDED,STRAIGHT AND LEVEL,DRY,NO DEFECTS,,UNABLE TO DETERMINE,NOT APPLICABLE,,NONINCAPACITATING INJURY,8,7,41.9009076709,-87.6240265013,2019,0,POINT (-87.6240265013 41.9009076709),,,,,2019-07-17,False,7,Near North Side
2729,30,NO CONTROLS,NO CONTROLS,CLEAR,DAYLIGHT,PEDALCYCLIST,DIVIDED - W/MEDIAN (NOT RAISED),STRAIGHT AND LEVEL,DRY,NO DEFECTS,Y,"VISION OBSCURED (SIGNS, TREE LIMBS, BUILDINGS, ETC.)",BICYCLE ADVANCING LEGALLY ON RED LIGHT,,NONINCAPACITATING INJURY,9,7,41.8566912447,-87.6467569448,2019,30,POINT (-87.6467569448 41.8566912447),,,,,2019-07-17,False,30,Lower West Side
2730,30,OTHER,NO CONTROLS,CLEAR,DAYLIGHT,PEDALCYCLIST,ONE-WAY,STRAIGHT AND LEVEL,DRY,NO DEFECTS,,FAILING TO YIELD RIGHT-OF-WAY,UNABLE TO DETERMINE,Y,NONINCAPACITATING INJURY,14,7,41.8846020342,-87.6275429272,2019,30,POINT (-87.6275429272 41.8846020342),,,,,2019-07-17,False,31,Loop
2731,30,STOP SIGN/FLASHER,FUNCTIONING PROPERLY,CLEAR,DAYLIGHT,PEDALCYCLIST,NOT DIVIDED,STRAIGHT AND LEVEL,DRY,NO DEFECTS,Y,DISREGARDING STOP SIGN,FAILING TO YIELD RIGHT-OF-WAY,,NONINCAPACITATING INJURY,16,7,41.917125813,-87.7388452809,2019,30,POINT (-87.7388452809 41.917125813),,,,,2019-07-17,False,19,Hermosa
2732,30,TRAFFIC SIGNAL,FUNCTIONING PROPERLY,CLEAR,DAYLIGHT,PEDALCYCLIST,ONE-WAY,STRAIGHT AND LEVEL,DRY,NO DEFECTS,,FAILING TO REDUCE SPEED TO AVOID CRASH,NOT APPLICABLE,,NO INDICATION OF INJURY,17,7,41.8781399243,-87.6259197272,2019,30,POINT (-87.6259197272 41.8781399243),,,,,2019-07-17,False,31,Loop
2733,30,NO CONTROLS,NO CONTROLS,RAIN,DUSK,PEDALCYCLIST,DIVIDED - W/MEDIAN (NOT RAISED),STRAIGHT AND LEVEL,WET,NO DEFECTS,,UNABLE TO DETERMINE,NOT APPLICABLE,Y,NONINCAPACITATING INJURY,18,7,41.9182848361,-87.6488860573,2019,30,POINT (-87.6488860573 41.9182848361),,,,,2019-07-17,False,6,Lincoln Park
2734,30,UNKNOWN,UNKNOWN,RAIN,DAYLIGHT,PEDALCYCLIST,DIVIDED - W/MEDIAN (NOT RAISED),STRAIGHT AND LEVEL,WET,NO DEFECTS,,UNABLE TO DETERMINE,NOT APPLICABLE,,NO INDICATION OF INJURY,19,7,41.8656602853,-87.6470196016,2019,30,POINT (-87.6470196016 41.8656602853),,,,,2019-07-17,False,27,Near West Side
2735,30,STOP SIGN/FLASHER,FUNCTIONING PROPERLY,CLEAR,"DARKNESS, LIGHTED ROAD",PEDALCYCLIST,DIVIDED - W/MEDIAN (NOT RAISED),STRAIGHT AND LEVEL,DRY,UNKNOWN,Y,DISREGARDING STOP SIGN,UNABLE TO DETERMINE,,"REPORTED, NOT EVIDENT",21,7,41.9733735576,-87.6794715367,2019,30,POINT (-87.6794715367 41.9733735576),,,,,2019-07-17,False,3,Lincoln Square
2736,15,STOP SIGN/FLASHER,FUNCTIONING PROPERLY,CLOUDY/OVERCAST,DAYLIGHT,PEDALCYCLIST,NOT DIVIDED,STRAIGHT ON GRADE,WET,NO DEFECTS,Y,DISREGARDING STOP SIGN,FAILING TO YIELD RIGHT-OF-WAY,,NONINCAPACITATING INJURY,7,7,41.9493757565,-87.6432240962,2019,15,POINT (-87.6432240962 41.9493757565),,,,,2019-07-18,False,5,Lake View
2737,25,NO CONTROLS,NO CONTROLS,RAIN,DAYLIGHT,PEDALCYCLIST,DIVIDED - W/MEDIAN (NOT RAISED),STRAIGHT AND LEVEL,WET,NO DEFECTS,,FAILING TO YIELD RIGHT-OF-WAY,NOT APPLICABLE,,INCAPACITATING INJURY,9,7,41.9926084967,-87.699618349,2019,25,POINT (-87.699618349 41.9926084967),,,,,2019-07-18,True,1,West Ridge
2738,30,NO CONTROLS,NO CONTROLS,CLEAR,DAYLIGHT,PEDALCYCLIST,FOUR WAY,STRAIGHT AND LEVEL,DRY,UNKNOWN,Y,UNABLE TO DETERMINE,UNABLE TO DETERMINE,,NONINCAPACITATING INJURY,15,7,41.7704205226,-87.6544049317,2019,30,POINT (-87.6544049317 41.7704205226),,,,,2019-07-18,False,66,Englewood
2739,30,TRAFFIC SIGNAL,FUNCTIONING PROPERLY,CLEAR,DAYLIGHT,PEDALCYCLIST,CENTER TURN LANE,STRAIGHT AND LEVEL,DRY,NO DEFECTS,Y,DISREGARDING TRAFFIC SIGNALS,UNABLE TO DETERMINE,,NONINCAPACITATING INJURY,16,7,41.8865896099,-87.7456441585,2019,30,POINT (-87.7456441585 41.8865896099),,,,,2019-07-18,False,24,Austin
2740,30,NO CONTROLS,NO CONTROLS,CLEAR,DAYLIGHT,PEDALCYCLIST,DIVIDED - W/MEDIAN (NOT RAISED),STRAIGHT AND LEVEL,DRY,UNKNOWN,,UNABLE TO DETERMINE,UNABLE TO DETERMINE,,INCAPACITATING INJURY,17,7,41.7606237239,-87.6444433673,2019,30,POINT (-87.6444433673 41.7606237239),,,,,2019-07-18,True,67,Englewood
2741,30,NO CONTROLS,NO CONTROLS,CLEAR,DUSK,PEDALCYCLIST,DIVIDED - W/MEDIAN (NOT RAISED),STRAIGHT AND LEVEL,DRY,NO DEFECTS,,FAILING TO REDUCE SPEED TO AVOID CRASH,NOT APPLICABLE,,NONINCAPACITATING INJURY,18,7,41.960614513,-87.7474071554,2019,30,POINT (-87.7474071554 41.960614513),,,,,2019-07-18,False,14,Portage Park
2742,30,NO CONTROLS,NOT FUNCTIONING,CLEAR,DAYLIGHT,PEDALCYCLIST,DIVIDED - W/MEDIAN (NOT RAISED),STRAIGHT AND LEVEL,DRY,UNKNOWN,,UNABLE TO DETERMINE,NOT APPLICABLE,Y,NONINCAPACITATING INJURY,19,7,41.8673304824,-87.6421174291,2019,30,POINT (-87.6421174291 41.8673304824),,,,,2019-07-18,False,27,Near West Side
2743,30,TRAFFIC SIGNAL,FUNCTIONING PROPERLY,CLEAR,DAYLIGHT,PEDALCYCLIST,DIVIDED - W/MEDIAN (NOT RAISED),STRAIGHT AND LEVEL,UNKNOWN,UNKNOWN,,UNABLE TO DETERMINE,NOT APPLICABLE,,INCAPACITATING INJURY,20,7,41.9614994832,-87.6547947885,2019,30,POINT (-87.6547947885 41.9614994832),,,,,2019-07-18,True,2,Uptown
2744,30,TRAFFIC SIGNAL,FUNCTIONING PROPERLY,CLEAR,DAYLIGHT,PEDALCYCLIST,DIVIDED - W/MEDIAN BARRIER,STRAIGHT ON HILLCREST,DRY,UNKNOWN,,UNABLE TO DETERMINE,NOT APPLICABLE,Y,NONINCAPACITATING INJURY,8,7,41.884588372,-87.6232725611,2019,30,POINT (-87.6232725611 41.884588372),,,,,2019-07-19,False,31,Loop
2745,20,NO CONTROLS,NO CONTROLS,CLEAR,DAYLIGHT,PEDALCYCLIST,NOT DIVIDED,STRAIGHT AND LEVEL,DRY,NO DEFECTS,Y,FAILING TO YIELD RIGHT-OF-WAY,NOT APPLICABLE,,INCAPACITATING INJURY,9,7,41.9185930378,-87.7671500476,2019,20,POINT (-87.7671500476 41.9185930378),,,,,2019-07-19,True,18,Belmont Cragin
2746,30,NO CONTROLS,NO CONTROLS,CLEAR,DAYLIGHT,PEDALCYCLIST,NOT DIVIDED,STRAIGHT AND LEVEL,DRY,UNKNOWN,,IMPROPER TURNING/NO SIGNAL,NOT APPLICABLE,,INCAPACITATING INJURY,10,7,41.9390709852,-87.7874493183,2019,30,POINT (-87.7874493183 41.9390709852),,,,,2019-07-19,True,16,Dunning
2747,30,TRAFFIC SIGNAL,UNKNOWN,CLEAR,DAYLIGHT,PEDALCYCLIST,FOUR WAY,STRAIGHT AND LEVEL,DRY,UNKNOWN,Y,UNABLE TO DETERMINE,"VISION OBSCURED (SIGNS, TREE LIMBS, BUILDINGS, ETC.)",,NONINCAPACITATING INJURY,11,7,41.9777203341,-87.6926942212,2019,30,POINT (-87.6926942212 41.9777203341),,,,,2019-07-19,False,3,Lincoln Square
2748,30,NO CONTROLS,NO CONTROLS,CLEAR,DAYLIGHT,PEDALCYCLIST,DIVIDED - W/MEDIAN (NOT RAISED),STRAIGHT AND LEVEL,DRY,NO DEFECTS,,UNABLE TO DETERMINE,NOT APPLICABLE,,NONINCAPACITATING INJURY,14,7,41.8466278931,-87.6804124022,2019,30,POINT (-87.6804124022 41.8466278931),,,,,2019-07-19,False,30,Lower West Side
2749,35,NO CONTROLS,NO CONTROLS,CLEAR,DAYLIGHT,PEDALCYCLIST,DIVIDED - W/MEDIAN (NOT RAISED),STRAIGHT AND LEVEL,DRY,NO DEFECTS,,NOT APPLICABLE,NOT APPLICABLE,,NO INDICATION OF INJURY,14,7,41.7953754964,-87.5838074878,2019,35,POINT (-87.5838074878 41.7953754964),,,,,2019-07-19,False,40,Hyde Park
2750,30,TRAFFIC SIGNAL,FUNCTIONING PROPERLY,CLEAR,DAYLIGHT,PEDALCYCLIST,NOT DIVIDED,STRAIGHT AND LEVEL,DRY,NO DEFECTS,,DRIVING ON WRONG SIDE/WRONG WAY,NOT APPLICABLE,,NONINCAPACITATING INJURY,15,7,41.9033018978,-87.6772002217,2019,30,POINT (-87.6772002217 41.9033018978),,,,,2019-07-19,False,23,West Town
2751,30,NO CONTROLS,NO CONTROLS,CLEAR,DAYLIGHT,PEDALCYCLIST,DRIVEWAY,STRAIGHT AND LEVEL,DRY,NO DEFECTS,,DRIVING SKILLS/KNOWLEDGE/EXPERIENCE,IMPROPER LANE USAGE,,NO INDICATION OF INJURY,15,7,41.8674633326,-87.6405815609,2019,30,POINT (-87.6405815609 41.8674633326),,,,,2019-07-19,False,27,Near West Side
2752,30,NO CONTROLS,NO CONTROLS,CLEAR,DAYLIGHT,PEDALCYCLIST,DIVIDED - W/MEDIAN (NOT RAISED),STRAIGHT AND LEVEL,DRY,NO DEFECTS,,NOT APPLICABLE,UNABLE TO DETERMINE,,NO INDICATION OF INJURY,15,7,41.9121566,-87.6971909597,2019,30,POINT (-87.6971909597 41.9121566),,,,,2019-07-19,False,22,Humboldt Park
2753,30,NO CONTROLS,NO CONTROLS,CLEAR,DAYLIGHT,PEDALCYCLIST,NOT DIVIDED,STRAIGHT AND LEVEL,DRY,NO DEFECTS,,FOLLOWING TOO CLOSELY,UNABLE TO DETERMINE,,"REPORTED, NOT EVIDENT",16,7,41.9753040234,-87.6608571568,2019,30,POINT (-87.6608571568 41.9753040234),,,,,2019-07-19,False,2,Uptown
2754,30,TRAFFIC SIGNAL,FUNCTIONING PROPERLY,CLEAR,DAYLIGHT,PEDALCYCLIST,NOT DIVIDED,STRAIGHT AND LEVEL,DRY,NO DEFECTS,Y,UNABLE TO DETERMINE,FAILING TO REDUCE SPEED TO AVOID CRASH,,NONINCAPACITATING INJURY,18,7,41.910850362,-87.6604450404,2019,30,POINT (-87.6604450404 41.910850362),,,,,2019-07-19,False,6,Lincoln Park
2755,30,NO CONTROLS,NO CONTROLS,CLEAR,DAYLIGHT,PEDALCYCLIST,NOT DIVIDED,STRAIGHT AND LEVEL,DRY,NO DEFECTS,,DRIVING ON WRONG SIDE/WRONG WAY,MOTORCYCLE ADVANCING LEGALLY ON RED LIGHT,,NO INDICATION OF INJURY,19,7,41.9103946912,-87.6905256474,2019,30,POINT (-87.6905256474 41.9103946912),,,,,2019-07-19,False,23,West Town
2756,30,UNKNOWN,UNKNOWN,UNKNOWN,UNKNOWN,PEDALCYCLIST,NOT DIVIDED,STRAIGHT AND LEVEL,UNKNOWN,UNKNOWN,,UNABLE TO DETERMINE,NOT APPLICABLE,,NO INDICATION OF INJURY,20,7,41.9634489238,-87.6565712573,2019,30,POINT (-87.6565712573 41.9634489238),,,,,2019-07-19,False,2,Uptown
2757,30,TRAFFIC SIGNAL,FUNCTIONING PROPERLY,CLEAR,"DARKNESS, LIGHTED ROAD",PEDALCYCLIST,NOT DIVIDED,STRAIGHT AND LEVEL,DRY,NO DEFECTS,,NOT APPLICABLE,NOT APPLICABLE,,NONINCAPACITATING INJURY,20,7,41.7587060887,-87.5814389203,2019,30,POINT (-87.5814389203 41.7587060887),,,,,2019-07-19,False,42,South Shore
2758,30,TRAFFIC SIGNAL,UNKNOWN,CLEAR,"DARKNESS, LIGHTED ROAD",PEDALCYCLIST,NOT DIVIDED,STRAIGHT AND LEVEL,UNKNOWN,UNKNOWN,Y,UNABLE TO DETERMINE,UNABLE TO DETERMINE,,NO INDICATION OF INJURY,23,7,41.7732928959,-87.5864423683,2019,30,POINT (-87.5864423683 41.7732928959),,,,,2019-07-19,False,41,Woodlawn
2759,30,TRAFFIC SIGNAL,FUNCTIONING PROPERLY,CLEAR,"DARKNESS, LIGHTED ROAD",PEDALCYCLIST,NOT DIVIDED,STRAIGHT AND LEVEL,DRY,NO DEFECTS,Y,DISREGARDING TRAFFIC SIGNALS,NOT APPLICABLE,,NO INDICATION OF INJURY,4,7,41.7928830354,-87.7599313093,2019,30,POINT (-87.7599313093 41.7928830354),,,,,2019-07-20,False,55,Garfield Ridge
2760,30,NO CONTROLS,NO CONTROLS,CLEAR,DAYLIGHT,PEDALCYCLIST,NOT DIVIDED,STRAIGHT AND LEVEL,DRY,NO DEFECTS,,UNABLE TO DETERMINE,NOT APPLICABLE,,NO INDICATION OF INJURY,13,7,41.856037662,-87.6552453689,2019,30,POINT (-87.6552453689 41.856037662),,,,,2019-07-20,False,30,Lower West Side
2761,30,NO CONTROLS,NO CONTROLS,CLEAR,DAYLIGHT,PEDALCYCLIST,DIVIDED - W/MEDIAN (NOT RAISED),STRAIGHT AND LEVEL,DRY,NO DEFECTS,,UNABLE TO DETERMINE,UNABLE TO DETERMINE,,NO INDICATION OF INJURY,17,7,41.9034073742,-87.6704656135,2019,30,POINT (-87.6704656135 41.9034073742),,,,,2019-07-20,False,23,West Town
2762,30,TRAFFIC SIGNAL,FUNCTIONING PROPERLY,CLEAR,DAYLIGHT,PEDALCYCLIST,Y-INTERSECTION,STRAIGHT AND LEVEL,DRY,NO DEFECTS,,UNABLE TO DETERMINE,UNABLE TO DETERMINE,,NONINCAPACITATING INJURY,17,7,41.9945431146,-87.7138931989,2019,30,POINT (-87.7138931989 41.9945431146),,,,,2019-07-20,False,12,North Park
2763,30,NO CONTROLS,NO CONTROLS,CLEAR,DAYLIGHT,PEDALCYCLIST,DIVIDED - W/MEDIAN BARRIER,STRAIGHT AND LEVEL,DRY,NO DEFECTS,,FOLLOWING TOO CLOSELY,FOLLOWING TOO CLOSELY,,NONINCAPACITATING INJURY,17,7,41.8673879139,-87.6204910341,2019,30,POINT (-87.6204910341 41.8673879139),,,,,2019-07-20,False,31,Loop
2764,30,TRAFFIC SIGNAL,FUNCTIONING PROPERLY,CLEAR,DAYLIGHT,PEDALCYCLIST,ONE-WAY,STRAIGHT ON GRADE,WET,NO DEFECTS,,UNABLE TO DETERMINE,NOT APPLICABLE,,NO INDICATION OF INJURY,18,7,41.8796292736,-87.6262119082,2019,30,POINT (-87.6262119082 41.8796292736),,,,,2019-07-20,False,31,Loop
2765,30,TRAFFIC SIGNAL,FUNCTIONING PROPERLY,CLEAR,"DARKNESS, LIGHTED ROAD",PEDALCYCLIST,CENTER TURN LANE,STRAIGHT AND LEVEL,DRY,NO DEFECTS,Y,UNABLE TO DETERMINE,UNABLE TO DETERMINE,,NO INDICATION OF INJURY,22,7,41.9757923513,-87.7685235711,2019,30,POINT (-87.7685235711 41.9757923513),,,,,2019-07-20,False,10,Jefferson Park
2766,30,STOP SIGN/FLASHER,FUNCTIONING PROPERLY,CLEAR,"DARKNESS, LIGHTED ROAD",PEDALCYCLIST,DIVIDED - W/MEDIAN (NOT RAISED),STRAIGHT AND LEVEL,DRY,NO DEFECTS,Y,FAILING TO YIELD RIGHT-OF-WAY,NOT APPLICABLE,,INCAPACITATING INJURY,23,7,41.9671510874,-87.6672841398,2019,30,POINT (-87.6672841398 41.9671510874),,,,,2019-07-20,True,2,Uptown
2767,30,TRAFFIC SIGNAL,FUNCTIONING PROPERLY,CLEAR,"DARKNESS, LIGHTED ROAD",PEDALCYCLIST,NOT DIVIDED,STRAIGHT AND LEVEL,DRY,NO DEFECTS,Y,FAILING TO YIELD RIGHT-OF-WAY,UNABLE TO DETERMINE,,NONINCAPACITATING INJURY,23,7,41.802532085,-87.5917879592,2019,30,POINT (-87.5917879592 41.802532085),,,,,2019-07-20,False,38,Kenwood
2768,30,STOP SIGN/FLASHER,FUNCTIONING PROPERLY,CLEAR,DAYLIGHT,PEDALCYCLIST,FOUR WAY,STRAIGHT AND LEVEL,DRY,NO DEFECTS,Y,UNABLE TO DETERMINE,NOT APPLICABLE,,NONINCAPACITATING INJURY,9,7,41.7264404335,-87.5541558658,2019,30,POINT (-87.5541558658 41.7264404335),,,,,2019-07-21,False,45,South Chicago
2769,30,TRAFFIC SIGNAL,FUNCTIONING PROPERLY,RAIN,DAYLIGHT,PEDALCYCLIST,DIVIDED - W/MEDIAN BARRIER,STRAIGHT AND LEVEL,WET,UNKNOWN,,UNABLE TO DETERMINE,NOT APPLICABLE,,INCAPACITATING INJURY,12,7,41.9094910597,-87.7654804367,2019,30,POINT (-87.7654804367 41.9094910597),,,,,2019-07-21,True,24,Austin
2770,30,NO CONTROLS,NO CONTROLS,CLEAR,DAYLIGHT,PEDALCYCLIST,DIVIDED - W/MEDIAN (NOT RAISED),STRAIGHT AND LEVEL,DRY,NO DEFECTS,,UNABLE TO DETERMINE,NOT APPLICABLE,Y,NO INDICATION OF INJURY,15,7,41.9182487602,-87.6512548625,2019,30,POINT (-87.6512548625 41.9182487602),,,,,2019-07-21,False,6,Lincoln Park
2771,30,STOP SIGN/FLASHER,FUNCTIONING PROPERLY,RAIN,DAYLIGHT,PEDALCYCLIST,NOT DIVIDED,STRAIGHT AND LEVEL,WET,UNKNOWN,Y,UNABLE TO DETERMINE,NOT APPLICABLE,,NO INDICATION OF INJURY,16,7,41.7568215697,-87.5896832178,2019,30,POINT (-87.5896832178 41.7568215697),,,,,2019-07-21,False,42,South Shore
2772,35,TRAFFIC SIGNAL,FUNCTIONING PROPERLY,CLEAR,DAYLIGHT,PEDALCYCLIST,FOUR WAY,STRAIGHT AND LEVEL,DRY,NO DEFECTS,Y,UNABLE TO DETERMINE,UNABLE TO DETERMINE,,NONINCAPACITATING INJURY,7,7,41.7723796165,-87.6447416419,2019,35,POINT (-87.6447416419 41.7723796165),,,,,2019-07-22,False,67,Englewood
2773,30,NO CONTROLS,NO CONTROLS,CLEAR,DAYLIGHT,PEDALCYCLIST,FOUR WAY,STRAIGHT AND LEVEL,DRY,NO DEFECTS,Y,FAILING TO YIELD RIGHT-OF-WAY,NOT APPLICABLE,,INCAPACITATING INJURY,8,7,41.8659516213,-87.6763451984,2019,30,POINT (-87.6763451984 41.8659516213),,,,,2019-07-22,True,27,Near West Side
2774,60,NO CONTROLS,NO CONTROLS,UNKNOWN,UNKNOWN,PEDALCYCLIST,UNKNOWN,STRAIGHT AND LEVEL,UNKNOWN,UNKNOWN,,UNABLE TO DETERMINE,UNABLE TO DETERMINE,,NONINCAPACITATING INJURY,8,7,41.9501039705,-87.6435786104,2019,60,POINT (-87.6435786104 41.9501039705),,,,,2019-07-22,False,5,Lake View
2775,35,TRAFFIC SIGNAL,FUNCTIONING PROPERLY,CLEAR,DAYLIGHT,PEDALCYCLIST,FOUR WAY,STRAIGHT AND LEVEL,DRY,NO DEFECTS,Y,FAILING TO YIELD RIGHT-OF-WAY,NOT APPLICABLE,,NONINCAPACITATING INJURY,11,7,41.6844127887,-87.6810710493,2019,35,POINT (-87.6810710493 41.6844127887),,,,,2019-07-22,False,74,Morgan Park
2776,30,TRAFFIC SIGNAL,FUNCTIONING PROPERLY,CLEAR,DAYLIGHT,PEDALCYCLIST,NOT DIVIDED,STRAIGHT AND LEVEL,DRY,NO DEFECTS,,UNABLE TO DETERMINE,UNABLE TO DETERMINE,N,NONINCAPACITATING INJURY,12,7,41.9059394614,-87.7261785163,2019,30,POINT (-87.7261785163 41.9059394614),,,,,2019-07-22,False,22,Humboldt Park
2777,30,NO CONTROLS,NO CONTROLS,CLEAR,DAYLIGHT,PEDALCYCLIST,NOT DIVIDED,STRAIGHT AND LEVEL,DRY,NO DEFECTS,,UNABLE TO DETERMINE,UNABLE TO DETERMINE,N,INCAPACITATING INJURY,12,7,41.7373371191,-87.5635604849,2019,30,POINT (-87.5635604849 41.7373371191),,,,,2019-07-22,True,45,South Chicago
2778,30,TRAFFIC SIGNAL,FUNCTIONING PROPERLY,CLEAR,DAYLIGHT,PEDALCYCLIST,FOUR WAY,STRAIGHT AND LEVEL,DRY,NO DEFECTS,Y,FAILING TO REDUCE SPEED TO AVOID CRASH,NOT APPLICABLE,,NONINCAPACITATING INJURY,12,7,41.8238496437,-87.6127831431,2019,30,POINT (-87.6127831431 41.8238496437),,,,,2019-07-22,False,34,Douglas
2779,30,NO CONTROLS,NO CONTROLS,CLEAR,DAYLIGHT,PEDALCYCLIST,ALLEY,STRAIGHT AND LEVEL,DRY,NO DEFECTS,,FAILING TO YIELD RIGHT-OF-WAY,NOT APPLICABLE,,NONINCAPACITATING INJURY,13,7,41.8808481425,-87.6284355803,2019,30,POINT (-87.6284355803 41.8808481425),,,,,2019-07-22,False,31,Loop
2780,30,TRAFFIC SIGNAL,FUNCTIONING PROPERLY,CLEAR,DAYLIGHT,PEDALCYCLIST,FOUR WAY,STRAIGHT AND LEVEL,DRY,NO DEFECTS,,IMPROPER OVERTAKING/PASSING,IMPROPER LANE USAGE,,NO INDICATION OF INJURY,14,7,41.9287882438,-87.697672173,2019,30,POINT (-87.697672173 41.9287882438),,,,,2019-07-22,False,21,Logan Square
2781,30,TRAFFIC SIGNAL,FUNCTIONING IMPROPERLY,CLEAR,DAYLIGHT,PEDALCYCLIST,NOT DIVIDED,STRAIGHT AND LEVEL,DRY,NO DEFECTS,,IMPROPER LANE USAGE,NOT APPLICABLE,,NONINCAPACITATING INJURY,18,7,41.9222984995,-87.6487960027,2019,30,POINT (-87.6487960027 41.9222984995),,,,,2019-07-22,False,6,Lincoln Park
2782,25,UNKNOWN,UNKNOWN,CLEAR,DAYLIGHT,PEDALCYCLIST,UNKNOWN,STRAIGHT AND LEVEL,DRY,UNKNOWN,,UNABLE TO DETERMINE,UNABLE TO DETERMINE,,NO INDICATION OF INJURY,19,7,41.7905417677,-87.7865665327,2019,25,POINT (-87.7865665327 41.7905417677),,,,,2019-07-22,False,55,Garfield Ridge
2783,30,TRAFFIC SIGNAL,FUNCTIONING PROPERLY,CLEAR,DAYLIGHT,PEDALCYCLIST,FOUR WAY,STRAIGHT AND LEVEL,DRY,NO DEFECTS,Y,FAILING TO YIELD RIGHT-OF-WAY,FAILING TO REDUCE SPEED TO AVOID CRASH,,NONINCAPACITATING INJURY,19,7,41.9970189185,-87.8069477155,2019,30,POINT (-87.8069477155 41.9970189185),,,,,2019-07-22,False,8,Edison Park
2784,35,TRAFFIC SIGNAL,UNKNOWN,CLEAR,DAWN,PEDALCYCLIST,FOUR WAY,STRAIGHT AND LEVEL,DRY,UNKNOWN,Y,FAILING TO YIELD RIGHT-OF-WAY,UNABLE TO DETERMINE,,INCAPACITATING INJURY,20,7,41.8229745986,-87.6903883955,2019,35,POINT (-87.6903883955 41.8229745986),,,,,2019-07-22,True,29,South Lawndale
2785,35,TRAFFIC SIGNAL,FUNCTIONING PROPERLY,CLEAR,"DARKNESS, LIGHTED ROAD",PEDALCYCLIST,NOT DIVIDED,STRAIGHT AND LEVEL,DRY,NO DEFECTS,Y,DISREGARDING TRAFFIC SIGNALS,NOT APPLICABLE,,NONINCAPACITATING INJURY,20,7,41.8729731801,-87.7250682462,2019,35,POINT (-87.7250682462 41.8729731801),,,,,2019-07-22,False,25,Garfield Park
2786,30,NO CONTROLS,NO CONTROLS,CLEAR,DAYLIGHT,PEDALCYCLIST,DIVIDED - W/MEDIAN BARRIER,STRAIGHT AND LEVEL,DRY,NO DEFECTS,,IMPROPER LANE USAGE,NOT APPLICABLE,,NONINCAPACITATING INJURY,11,7,41.8568846705,-87.6270285943,2019,30,POINT (-87.6270285943 41.8568846705),,,,,2019-07-23,False,32,Near South Side