Unnamed: 0,POSTED_SPEED_LIMIT,TRAFFIC_CONTROL_DEVICE,DEVICE_CONDITION,WEATHER_CONDITION,LIGHTING_CONDITION,FIRST_CRASH_TYPE,TRAFFICWAY_TYPE,ALIGNMENT,ROADWAY_SURFACE_COND,ROAD_DEFECT,INTERSECTION_RELATED_I,PRIM_CONTRIBUTORY_CAUSE,SEC_CONTRIBUTORY_CAUSE,DOORING_I,MOST_SEVERE_INJURY,CRASH_HOUR,CRASH_MONTH,LATITUDE,LONGITUDE,CRASH_YEAR,SPEED_LIMIT,geometry,DISPLAYROU,the_geom,DIST,LANE_TYPE,CRASH_DATE,is_severe,index_right,CArea
2787,30,TRAFFIC SIGNAL,FUNCTIONING PROPERLY,CLEAR,DAYLIGHT,PEDALCYCLIST,DIVIDED - W/MEDIAN (NOT RAISED),STRAIGHT AND LEVEL,DRY,NO DEFECTS,,IMPROPER TURNING/NO SIGNAL,NOT APPLICABLE,,NO INDICATION OF INJURY,15,7,41.8673283915,-87.6422642382,2019,30,POINT (-87.6422642382 41.8673283915),,,,,2019-07-23,False,27,Near West Side
2788,30,NO CONTROLS,NO CONTROLS,CLEAR,DAYLIGHT,PEDALCYCLIST,ONE-WAY,STRAIGHT AND LEVEL,DRY,UNKNOWN,,IMPROPER TURNING/NO SIGNAL,IMPROPER TURNING/NO SIGNAL,,NO INDICATION OF INJURY,16,7,41.9379585134,-87.6684523164,2019,30,POINT (-87.6684523164 41.9379585134),,,,,2019-07-23,False,5,Lake View
2789,30,NO CONTROLS,NO CONTROLS,CLEAR,DAYLIGHT,PEDALCYCLIST,NOT DIVIDED,STRAIGHT AND LEVEL,DRY,NO DEFECTS,,IMPROPER OVERTAKING/PASSING,NOT APPLICABLE,,NONINCAPACITATING INJURY,17,7,41.9274949304,-87.7050637622,2019,30,POINT (-87.7050637622 41.9274949304),,,,,2019-07-23,False,21,Logan Square
2790,30,UNKNOWN,UNKNOWN,CLEAR,DAYLIGHT,PEDALCYCLIST,DIVIDED - W/MEDIAN (NOT RAISED),STRAIGHT AND LEVEL,DRY,NO DEFECTS,,UNABLE TO DETERMINE,UNABLE TO DETERMINE,Y,NO INDICATION OF INJURY,18,7,41.9609898211,-87.7155240506,2019,30,POINT (-87.7155240506 41.9609898211),,,,,2019-07-23,False,13,Albany Park
2791,30,NO CONTROLS,NO CONTROLS,CLEAR,DAYLIGHT,PEDALCYCLIST,NOT DIVIDED,STRAIGHT AND LEVEL,DRY,NO DEFECTS,,UNABLE TO DETERMINE,UNABLE TO DETERMINE,,NO INDICATION OF INJURY,19,7,41.9366109676,-87.6492971726,2019,30,POINT (-87.6492971726 41.9366109676),,,,,2019-07-23,False,5,Lake View
2792,30,NO CONTROLS,NO CONTROLS,CLEAR,DAYLIGHT,PEDALCYCLIST,OTHER,STRAIGHT AND LEVEL,DRY,UNKNOWN,,FOLLOWING TOO CLOSELY,NOT APPLICABLE,,INCAPACITATING INJURY,20,7,41.8237744133,-87.6131233223,2019,30,POINT (-87.6131233223 41.8237744133),,,,,2019-07-23,True,34,Douglas
2793,30,STOP SIGN/FLASHER,FUNCTIONING PROPERLY,CLEAR,DAYLIGHT,PEDALCYCLIST,ONE-WAY,STRAIGHT AND LEVEL,DRY,NO DEFECTS,,IMPROPER LANE USAGE,"OPERATING VEHICLE IN ERRATIC, RECKLESS, CARELESS, NEGLIGENT OR AGGRESSIVE MANNER",,NO INDICATION OF INJURY,10,7,41.8868810191,-87.6495230644,2019,30,POINT (-87.6495230644 41.8868810191),,,,,2019-07-24,False,7,Near North Side
2794,30,TRAFFIC SIGNAL,FUNCTIONING PROPERLY,CLEAR,DAYLIGHT,PEDALCYCLIST,FOUR WAY,STRAIGHT AND LEVEL,DRY,NO DEFECTS,Y,"VISION OBSCURED (SIGNS, TREE LIMBS, BUILDINGS, ETC.)",NOT APPLICABLE,,NONINCAPACITATING INJURY,11,7,41.9644728909,-87.7477781708,2019,30,POINT (-87.7477781708 41.9644728909),,,,,2019-07-24,False,13,Albany Park
2795,15,NO CONTROLS,NO CONTROLS,CLEAR,DAYLIGHT,PEDALCYCLIST,NOT DIVIDED,STRAIGHT AND LEVEL,DRY,NO DEFECTS,,FAILING TO YIELD RIGHT-OF-WAY,NOT APPLICABLE,Y,NONINCAPACITATING INJURY,11,7,41.9582593408,-87.6547986897,2019,15,POINT (-87.6547986897 41.9582593408),,,,,2019-07-24,False,2,Uptown
2796,30,NO CONTROLS,NO CONTROLS,CLEAR,DAYLIGHT,PEDALCYCLIST,DIVIDED - W/MEDIAN (NOT RAISED),STRAIGHT AND LEVEL,DRY,UNKNOWN,,UNABLE TO DETERMINE,UNABLE TO DETERMINE,Y,NONINCAPACITATING INJURY,12,7,41.9560182706,-87.6513131028,2019,30,POINT (-87.6513131028 41.9560182706),,,,,2019-07-24,False,2,Uptown
2797,30,TRAFFIC SIGNAL,FUNCTIONING PROPERLY,CLEAR,DAYLIGHT,PEDALCYCLIST,ONE-WAY,STRAIGHT AND LEVEL,DRY,NO DEFECTS,Y,UNABLE TO DETERMINE,UNABLE TO DETERMINE,,NO INDICATION OF INJURY,15,7,41.8845516127,-87.6398742409,2019,30,POINT (-87.6398742409 41.8845516127),,,,,2019-07-24,False,27,Near West Side
2798,30,NO CONTROLS,NO CONTROLS,CLEAR,DAYLIGHT,PEDALCYCLIST,NOT DIVIDED,STRAIGHT AND LEVEL,DRY,NO DEFECTS,,FAILING TO YIELD RIGHT-OF-WAY,FAILING TO REDUCE SPEED TO AVOID CRASH,,NO INDICATION OF INJURY,16,7,41.9244106573,-87.7367198212,2019,30,POINT (-87.7367198212 41.9244106573),,,,,2019-07-24,False,19,Hermosa
2799,25,NO CONTROLS,NO CONTROLS,CLEAR,DAYLIGHT,PEDALCYCLIST,NOT DIVIDED,STRAIGHT AND LEVEL,DRY,NO DEFECTS,,FAILING TO YIELD RIGHT-OF-WAY,FAILING TO YIELD RIGHT-OF-WAY,,NONINCAPACITATING INJURY,16,7,41.9940994863,-87.6985970871,2019,25,POINT (-87.6985970871 41.9940994863),,,,,2019-07-24,False,1,West Ridge
2800,30,NO CONTROLS,NO CONTROLS,CLEAR,DAYLIGHT,PEDALCYCLIST,ONE-WAY,STRAIGHT AND LEVEL,DRY,NO DEFECTS,,UNABLE TO DETERMINE,NOT APPLICABLE,,NONINCAPACITATING INJURY,16,7,41.8949033024,-87.6207437262,2019,30,POINT (-87.6207437262 41.8949033024),,,,,2019-07-24,False,7,Near North Side
2801,30,NO CONTROLS,NO CONTROLS,CLEAR,DAYLIGHT,PEDALCYCLIST,DIVIDED - W/MEDIAN (NOT RAISED),STRAIGHT AND LEVEL,DRY,NO DEFECTS,,IMPROPER OVERTAKING/PASSING,NOT APPLICABLE,,NO INDICATION OF INJURY,17,7,41.881153591,-87.6275911785,2019,30,POINT (-87.6275911785 41.881153591),,,,,2019-07-24,False,31,Loop
2802,30,TRAFFIC SIGNAL,FUNCTIONING PROPERLY,CLEAR,DAYLIGHT,PEDALCYCLIST,NOT DIVIDED,STRAIGHT AND LEVEL,DRY,NO DEFECTS,,IMPROPER OVERTAKING/PASSING,FAILING TO REDUCE SPEED TO AVOID CRASH,,INCAPACITATING INJURY,17,7,41.9341767832,-87.6444675503,2019,30,POINT (-87.6444675503 41.9341767832),,,,,2019-07-24,True,5,Lake View
2803,30,STOP SIGN/FLASHER,FUNCTIONING PROPERLY,CLEAR,DAYLIGHT,PEDALCYCLIST,NOT DIVIDED,STRAIGHT AND LEVEL,DRY,UNKNOWN,Y,DISREGARDING STOP SIGN,DISREGARDING OTHER TRAFFIC SIGNS,,NONINCAPACITATING INJURY,18,7,41.9286718802,-87.7368830722,2019,30,POINT (-87.7368830722 41.9286718802),,,,,2019-07-24,False,19,Hermosa
2804,30,NO CONTROLS,NO CONTROLS,CLEAR,DARKNESS,PEDALCYCLIST,NOT DIVIDED,STRAIGHT AND LEVEL,DRY,NO DEFECTS,,UNABLE TO DETERMINE,UNABLE TO DETERMINE,,NO INDICATION OF INJURY,21,7,41.8806703426,-87.757663949,2019,30,POINT (-87.757663949 41.8806703426),,,,,2019-07-24,False,24,Austin
2805,30,TRAFFIC SIGNAL,FUNCTIONING PROPERLY,CLEAR,DARKNESS,PEDALCYCLIST,FOUR WAY,STRAIGHT AND LEVEL,DRY,NO DEFECTS,Y,DISREGARDING TRAFFIC SIGNALS,DISREGARDING TRAFFIC SIGNALS,,NO INDICATION OF INJURY,21,7,41.8908920257,-87.6243048291,2019,30,POINT (-87.6243048291 41.8908920257),,,,,2019-07-24,False,7,Near North Side
2806,15,STOP SIGN/FLASHER,FUNCTIONING PROPERLY,CLEAR,DUSK,PEDALCYCLIST,ONE-WAY,STRAIGHT AND LEVEL,DRY,NO DEFECTS,,UNABLE TO DETERMINE,NOT APPLICABLE,,NO INDICATION OF INJURY,22,7,41.9150882226,-87.7312251625,2019,15,POINT (-87.7312251625 41.9150882226),,,,,2019-07-24,False,19,Hermosa
2807,30,TRAFFIC SIGNAL,FUNCTIONING PROPERLY,CLEAR,DAYLIGHT,PEDALCYCLIST,DIVIDED - W/MEDIAN (NOT RAISED),STRAIGHT AND LEVEL,DRY,NO DEFECTS,,FAILING TO YIELD RIGHT-OF-WAY,BICYCLE ADVANCING LEGALLY ON RED LIGHT,,NO INDICATION OF INJURY,7,7,41.8580626576,-87.6467952716,2019,30,POINT (-87.6467952716 41.8580626576),,,,,2019-07-25,False,27,Near West Side
2808,30,NO CONTROLS,NO CONTROLS,CLEAR,DAYLIGHT,PEDALCYCLIST,DIVIDED - W/MEDIAN (NOT RAISED),STRAIGHT AND LEVEL,DRY,NO DEFECTS,Y,DRIVING SKILLS/KNOWLEDGE/EXPERIENCE,NOT APPLICABLE,,INCAPACITATING INJURY,8,7,41.9183543966,-87.690137328,2019,30,POINT (-87.690137328 41.9183543966),,,,,2019-07-25,True,21,Logan Square
2809,35,NO CONTROLS,NO CONTROLS,CLEAR,DAWN,PEDALCYCLIST,NOT DIVIDED,STRAIGHT AND LEVEL,DRY,NO DEFECTS,,FAILING TO YIELD RIGHT-OF-WAY,NOT APPLICABLE,,"REPORTED, NOT EVIDENT",9,7,41.885342706,-87.6602787255,2019,35,POINT (-87.6602787255 41.885342706),,,,,2019-07-25,False,27,Near West Side
2810,30,TRAFFIC SIGNAL,FUNCTIONING PROPERLY,CLEAR,DAYLIGHT,PEDALCYCLIST,FOUR WAY,STRAIGHT AND LEVEL,DRY,NO DEFECTS,Y,FAILING TO YIELD RIGHT-OF-WAY,NOT APPLICABLE,,NONINCAPACITATING INJURY,11,7,41.8793662515,-87.6324376341,2019,30,POINT (-87.6324376341 41.8793662515),,,,,2019-07-25,False,31,Loop
2811,30,TRAFFIC SIGNAL,FUNCTIONING PROPERLY,CLEAR,DAYLIGHT,PEDALCYCLIST,FOUR WAY,STRAIGHT AND LEVEL,DRY,NO DEFECTS,,UNABLE TO DETERMINE,UNABLE TO DETERMINE,N,INCAPACITATING INJURY,15,7,41.9614018463,-87.6888326228,2019,30,POINT (-87.6888326228 41.9614018463),,,,,2019-07-25,True,3,Lincoln Square
2812,30,TRAFFIC SIGNAL,FUNCTIONING PROPERLY,CLEAR,DAYLIGHT,PEDALCYCLIST,DIVIDED - W/MEDIAN (NOT RAISED),STRAIGHT AND LEVEL,DRY,NO DEFECTS,Y,FAILING TO YIELD RIGHT-OF-WAY,NOT APPLICABLE,,NONINCAPACITATING INJURY,16,7,41.92773581,-87.7054591682,2019,30,POINT (-87.7054591682 41.92773581),,,,,2019-07-25,False,21,Logan Square
2813,30,NO CONTROLS,NO CONTROLS,CLEAR,DAYLIGHT,PEDALCYCLIST,NOT DIVIDED,STRAIGHT AND LEVEL,DRY,NO DEFECTS,,UNABLE TO DETERMINE,NOT APPLICABLE,,NONINCAPACITATING INJURY,18,7,41.8811110853,-87.7036281984,2019,30,POINT (-87.7036281984 41.8811110853),,,,,2019-07-25,False,26,Garfield Park
2814,30,STOP SIGN/FLASHER,FUNCTIONING PROPERLY,CLEAR,"DARKNESS, LIGHTED ROAD",PEDALCYCLIST,ONE-WAY,STRAIGHT AND LEVEL,DRY,NO DEFECTS,Y,DRIVING SKILLS/KNOWLEDGE/EXPERIENCE,NOT APPLICABLE,,NONINCAPACITATING INJURY,23,7,41.8841544307,-87.6555436422,2019,30,POINT (-87.6555436422 41.8841544307),,,,,2019-07-25,False,27,Near West Side
2815,30,STOP SIGN/FLASHER,FUNCTIONING PROPERLY,CLEAR,DAYLIGHT,PEDALCYCLIST,DIVIDED - W/MEDIAN (NOT RAISED),STRAIGHT AND LEVEL,DRY,NO DEFECTS,,UNABLE TO DETERMINE,UNABLE TO DETERMINE,,NO INDICATION OF INJURY,9,7,41.8549037841,-87.6760660362,2019,30,POINT (-87.6760660362 41.8549037841),,,,,2019-07-26,False,30,Lower West Side
2816,30,TRAFFIC SIGNAL,FUNCTIONING PROPERLY,CLEAR,DAYLIGHT,PEDALCYCLIST,DIVIDED - W/MEDIAN (NOT RAISED),STRAIGHT ON GRADE,DRY,NO DEFECTS,Y,FAILING TO YIELD RIGHT-OF-WAY,IMPROPER TURNING/NO SIGNAL,,NO INDICATION OF INJURY,12,7,41.8885514796,-87.6441744913,2019,30,POINT (-87.6441744913 41.8885514796),,,,,2019-07-26,False,7,Near North Side
2817,30,NO CONTROLS,NO CONTROLS,CLEAR,DAYLIGHT,PEDALCYCLIST,NOT DIVIDED,STRAIGHT AND LEVEL,DRY,NO DEFECTS,,FAILING TO YIELD RIGHT-OF-WAY,NOT APPLICABLE,Y,NONINCAPACITATING INJURY,12,7,41.8964318842,-87.6378513199,2019,30,POINT (-87.6378513199 41.8964318842),,,,,2019-07-26,False,7,Near North Side
2818,30,NO CONTROLS,NO CONTROLS,CLEAR,DAYLIGHT,PEDALCYCLIST,NOT DIVIDED,STRAIGHT AND LEVEL,DRY,NO DEFECTS,,FAILING TO YIELD RIGHT-OF-WAY,IMPROPER TURNING/NO SIGNAL,,NO INDICATION OF INJURY,14,7,41.9661483537,-87.6886831658,2019,30,POINT (-87.6886831658 41.9661483537),,,,,2019-07-26,False,3,Lincoln Square
2819,30,TRAFFIC SIGNAL,FUNCTIONING PROPERLY,CLEAR,DAYLIGHT,PEDALCYCLIST,ONE-WAY,STRAIGHT AND LEVEL,DRY,NO DEFECTS,N,UNABLE TO DETERMINE,UNABLE TO DETERMINE,,NO INDICATION OF INJURY,15,7,41.8779173322,-87.6409933152,2019,30,POINT (-87.6409933152 41.8779173322),,,,,2019-07-26,False,27,Near West Side
2820,30,STOP SIGN/FLASHER,FUNCTIONING PROPERLY,CLEAR,DAYLIGHT,PEDALCYCLIST,NOT DIVIDED,STRAIGHT AND LEVEL,DRY,NO DEFECTS,,DRIVING ON WRONG SIDE/WRONG WAY,UNABLE TO DETERMINE,,NONINCAPACITATING INJURY,17,7,41.9637668026,-87.7335999182,2019,30,POINT (-87.7335999182 41.9637668026),,,,,2019-07-26,False,13,Albany Park
2821,30,TRAFFIC SIGNAL,FUNCTIONING PROPERLY,CLEAR,DAYLIGHT,PEDALCYCLIST,NOT DIVIDED,STRAIGHT AND LEVEL,DRY,NO DEFECTS,,UNABLE TO DETERMINE,NOT APPLICABLE,,NONINCAPACITATING INJURY,17,7,41.8954646591,-87.7064064593,2019,30,POINT (-87.7064064593 41.8954646591),,,,,2019-07-26,False,22,Humboldt Park
2822,30,NO CONTROLS,NO CONTROLS,CLEAR,"DARKNESS, LIGHTED ROAD",PEDALCYCLIST,DIVIDED - W/MEDIAN (NOT RAISED),STRAIGHT AND LEVEL,DRY,NO DEFECTS,,NOT APPLICABLE,NOT APPLICABLE,N,INCAPACITATING INJURY,20,7,41.9301480155,-87.6437291476,2019,30,POINT (-87.6437291476 41.9301480155),,,,,2019-07-26,True,6,Lincoln Park
2823,25,TRAFFIC SIGNAL,FUNCTIONING PROPERLY,CLEAR,DUSK,PEDALCYCLIST,DIVIDED - W/MEDIAN (NOT RAISED),STRAIGHT ON HILLCREST,DRY,NO DEFECTS,Y,FAILING TO YIELD RIGHT-OF-WAY,FOLLOWING TOO CLOSELY,,NONINCAPACITATING INJURY,20,7,41.9868611387,-87.6699546972,2019,25,POINT (-87.6699546972 41.9868611387),,,,,2019-07-26,False,76,Edgewater
2824,30,TRAFFIC SIGNAL,FUNCTIONING PROPERLY,CLEAR,DUSK,PEDALCYCLIST,NOT DIVIDED,STRAIGHT AND LEVEL,DRY,UNKNOWN,,FAILING TO YIELD RIGHT-OF-WAY,DRIVING SKILLS/KNOWLEDGE/EXPERIENCE,,NONINCAPACITATING INJURY,20,7,41.9093354963,-87.7556884426,2019,30,POINT (-87.7556884426 41.9093354963),,,,,2019-07-26,False,24,Austin
2825,30,NO CONTROLS,NO CONTROLS,CLEAR,DAYLIGHT,PEDALCYCLIST,NOT DIVIDED,STRAIGHT AND LEVEL,DRY,NO DEFECTS,,UNABLE TO DETERMINE,NOT APPLICABLE,,NO INDICATION OF INJURY,21,7,41.9103151463,-87.697174719,2019,30,POINT (-87.697174719 41.9103151463),,,,,2019-07-26,False,22,Humboldt Park
2826,30,TRAFFIC SIGNAL,FUNCTIONING PROPERLY,CLEAR,"DARKNESS, LIGHTED ROAD",PEDALCYCLIST,NOT DIVIDED,STRAIGHT AND LEVEL,DRY,NO DEFECTS,,FOLLOWING TOO CLOSELY,UNABLE TO DETERMINE,,"REPORTED, NOT EVIDENT",2,7,41.7653113606,-87.6444774775,2019,30,POINT (-87.6444774775 41.7653113606),,,,,2019-07-27,False,67,Englewood
2827,30,STOP SIGN/FLASHER,FUNCTIONING PROPERLY,CLEAR,DAYLIGHT,PEDALCYCLIST,FOUR WAY,STRAIGHT AND LEVEL,DRY,NO DEFECTS,Y,FAILING TO YIELD RIGHT-OF-WAY,NOT APPLICABLE,,NONINCAPACITATING INJURY,12,7,41.8991619776,-87.7224700456,2019,30,POINT (-87.7224700456 41.8991619776),,,,,2019-07-27,False,22,Humboldt Park
2828,30,TRAFFIC SIGNAL,FUNCTIONING PROPERLY,CLEAR,DAYLIGHT,PEDALCYCLIST,FOUR WAY,STRAIGHT AND LEVEL,DRY,NO DEFECTS,Y,IMPROPER TURNING/NO SIGNAL,NOT APPLICABLE,,"REPORTED, NOT EVIDENT",13,7,41.8734660668,-87.7151556022,2019,30,POINT (-87.7151556022 41.8734660668),,,,,2019-07-27,False,26,Garfield Park
2829,30,NO CONTROLS,NO CONTROLS,CLEAR,DAYLIGHT,PEDALCYCLIST,ONE-WAY,STRAIGHT AND LEVEL,DRY,NO DEFECTS,,IMPROPER LANE USAGE,DRIVING SKILLS/KNOWLEDGE/EXPERIENCE,,NONINCAPACITATING INJURY,19,7,41.88053925,-87.6345924635,2019,30,POINT (-87.6345924635 41.88053925),,,,,2019-07-27,False,27,Near West Side
2830,30,TRAFFIC SIGNAL,FUNCTIONING PROPERLY,CLEAR,DARKNESS,PEDALCYCLIST,DIVIDED - W/MEDIAN (NOT RAISED),STRAIGHT AND LEVEL,DRY,NO DEFECTS,Y,UNABLE TO DETERMINE,UNABLE TO DETERMINE,,INCAPACITATING INJURY,23,7,42.0051867384,-87.6800060435,2019,30,POINT (-87.6800060435 42.0051867384),,,,,2019-07-27,True,0,Rogers Park
2831,30,NO CONTROLS,NO CONTROLS,CLEAR,"DARKNESS, LIGHTED ROAD",PEDALCYCLIST,NOT DIVIDED,STRAIGHT AND LEVEL,DRY,NO DEFECTS,,NOT APPLICABLE,NOT APPLICABLE,Y,NONINCAPACITATING INJURY,23,7,41.8395737296,-87.655590074,2019,30,POINT (-87.655590074 41.8395737296),,,,,2019-07-27,False,30,Lower West Side
2832,30,NO CONTROLS,NO CONTROLS,CLEAR,DAYLIGHT,PEDALCYCLIST,NOT DIVIDED,STRAIGHT AND LEVEL,DRY,NO DEFECTS,,FOLLOWING TOO CLOSELY,NOT APPLICABLE,,"REPORTED, NOT EVIDENT",12,7,41.9755712574,-87.7145557489,2019,30,POINT (-87.7145557489 41.9755712574),,,,,2019-07-28,False,12,North Park
2833,30,TRAFFIC SIGNAL,FUNCTIONING PROPERLY,CLEAR,DAYLIGHT,PEDALCYCLIST,FOUR WAY,STRAIGHT AND LEVEL,UNKNOWN,NO DEFECTS,Y,DISREGARDING TRAFFIC SIGNALS,NOT APPLICABLE,,NO INDICATION OF INJURY,12,7,41.8104039292,-87.6164717683,2019,30,POINT (-87.6164717683 41.8104039292),,,,,2019-07-28,False,37,Grand Boulevard
2834,30,PEDESTRIAN CROSSING SIGN,NO CONTROLS,CLEAR,DAYLIGHT,PEDALCYCLIST,NOT DIVIDED,STRAIGHT AND LEVEL,DRY,NO DEFECTS,,FAILING TO REDUCE SPEED TO AVOID CRASH,NOT APPLICABLE,,INCAPACITATING INJURY,16,7,41.8025677148,-87.5890289161,2019,30,POINT (-87.5890289161 41.8025677148),,,,,2019-07-28,True,38,Kenwood
2835,30,NO CONTROLS,NO CONTROLS,CLEAR,DUSK,PEDALCYCLIST,NOT DIVIDED,STRAIGHT AND LEVEL,DRY,NO DEFECTS,,IMPROPER TURNING/NO SIGNAL,IMPROPER TURNING/NO SIGNAL,,"REPORTED, NOT EVIDENT",20,7,41.8912018975,-87.6478526276,2019,30,POINT (-87.6478526276 41.8912018975),,,,,2019-07-28,False,7,Near North Side
2836,30,NO CONTROLS,NO CONTROLS,CLEAR,"DARKNESS, LIGHTED ROAD",PEDALCYCLIST,NOT DIVIDED,STRAIGHT AND LEVEL,DRY,NO DEFECTS,,FAILING TO YIELD RIGHT-OF-WAY,UNABLE TO DETERMINE,,NO INDICATION OF INJURY,21,7,41.8098898764,-87.7003075278,2019,30,POINT (-87.7003075278 41.8098898764),,,,,2019-07-28,False,57,Brighton Park
2837,30,TRAFFIC SIGNAL,FUNCTIONING PROPERLY,CLOUDY/OVERCAST,DAYLIGHT,PEDALCYCLIST,FOUR WAY,STRAIGHT AND LEVEL,WET,NO DEFECTS,Y,FAILING TO YIELD RIGHT-OF-WAY,UNABLE TO DETERMINE,,NONINCAPACITATING INJURY,13,7,41.8344980217,-87.6317458014,2019,30,POINT (-87.6317458014 41.8344980217),,,,,2019-07-29,False,33,Armour Square
2839,30,UNKNOWN,UNKNOWN,RAIN,DAYLIGHT,PEDALCYCLIST,NOT DIVIDED,STRAIGHT AND LEVEL,WET,UNKNOWN,,IMPROPER OVERTAKING/PASSING,NOT APPLICABLE,,NONINCAPACITATING INJURY,14,7,41.9323182375,-87.6446506457,2019,30,POINT (-87.6446506457 41.9323182375),,,,,2019-07-29,False,6,Lincoln Park
2840,30,TRAFFIC SIGNAL,FUNCTIONING PROPERLY,RAIN,DUSK,PEDALCYCLIST,FOUR WAY,STRAIGHT AND LEVEL,WET,UNKNOWN,Y,IMPROPER TURNING/NO SIGNAL,NOT APPLICABLE,,INCAPACITATING INJURY,16,7,41.7805902019,-87.7133687248,2019,30,POINT (-87.7133687248 41.7805902019),,,,,2019-07-29,True,64,West Lawn
2841,30,NO CONTROLS,NO CONTROLS,CLEAR,DAYLIGHT,PEDALCYCLIST,NOT DIVIDED,STRAIGHT AND LEVEL,DRY,NO DEFECTS,,NOT APPLICABLE,NOT APPLICABLE,,NONINCAPACITATING INJURY,17,7,41.7787763911,-87.7128667686,2019,30,POINT (-87.7128667686 41.7787763911),,,,,2019-07-29,False,64,West Lawn
2842,30,NO CONTROLS,NO CONTROLS,CLEAR,DAYLIGHT,PEDALCYCLIST,NOT DIVIDED,STRAIGHT AND LEVEL,DRY,NO DEFECTS,,UNABLE TO DETERMINE,NOT APPLICABLE,,NONINCAPACITATING INJURY,17,7,41.9404426898,-87.6509037769,2019,30,POINT (-87.6509037769 41.9404426898),,,,,2019-07-29,False,5,Lake View
2843,35,NO CONTROLS,NO CONTROLS,CLEAR,DUSK,PEDALCYCLIST,NOT DIVIDED,STRAIGHT AND LEVEL,DRY,NO DEFECTS,,UNABLE TO DETERMINE,UNABLE TO DETERMINE,,NONINCAPACITATING INJURY,20,7,41.744801389,-87.549062081,2019,35,POINT (-87.549062081 41.744801389),,,,,2019-07-29,False,45,South Chicago
2844,30,NO CONTROLS,NO CONTROLS,CLEAR,DAYLIGHT,PEDALCYCLIST,NOT DIVIDED,STRAIGHT AND LEVEL,DRY,NO DEFECTS,,FAILING TO YIELD RIGHT-OF-WAY,NOT APPLICABLE,N,NONINCAPACITATING INJURY,7,7,41.9538394382,-87.6619981885,2019,30,POINT (-87.6619981885 41.9538394382),,,,,2019-07-30,False,5,Lake View
2845,35,STOP SIGN/FLASHER,FUNCTIONING PROPERLY,CLEAR,DAYLIGHT,PEDALCYCLIST,ONE-WAY,STRAIGHT AND LEVEL,DRY,NO DEFECTS,,DISREGARDING STOP SIGN,FAILING TO YIELD RIGHT-OF-WAY,,"REPORTED, NOT EVIDENT",8,7,41.9242999449,-87.7330288393,2019,35,POINT (-87.7330288393 41.9242999449),,,,,2019-07-30,False,19,Hermosa
2846,30,NO CONTROLS,NO CONTROLS,CLEAR,DAYLIGHT,PEDALCYCLIST,DIVIDED - W/MEDIAN (NOT RAISED),STRAIGHT AND LEVEL,DRY,NO DEFECTS,,FAILING TO YIELD RIGHT-OF-WAY,UNABLE TO DETERMINE,,INCAPACITATING INJURY,8,7,41.9246468005,-87.7004205955,2019,30,POINT (-87.7004205955 41.9246468005),,,,,2019-07-30,True,21,Logan Square
2847,30,OTHER,NO CONTROLS,CLEAR,DAYLIGHT,PEDALCYCLIST,DIVIDED - W/MEDIAN (NOT RAISED),STRAIGHT AND LEVEL,DRY,NO DEFECTS,,IMPROPER OVERTAKING/PASSING,FAILING TO REDUCE SPEED TO AVOID CRASH,,INCAPACITATING INJURY,9,7,41.8997594972,-87.6610780614,2019,30,POINT (-87.6610780614 41.8997594972),,,,,2019-07-30,True,23,West Town
2848,30,NO CONTROLS,NO CONTROLS,CLEAR,DAYLIGHT,PEDALCYCLIST,DIVIDED - W/MEDIAN BARRIER,STRAIGHT ON GRADE,DRY,NO DEFECTS,,IMPROPER TURNING/NO SIGNAL,FAILING TO YIELD RIGHT-OF-WAY,,NONINCAPACITATING INJURY,10,7,41.8900733006,-87.6474623508,2019,30,POINT (-87.6474623508 41.8900733006),,,,,2019-07-30,False,7,Near North Side
2849,30,NO CONTROLS,NO CONTROLS,CLEAR,DAYLIGHT,PEDALCYCLIST,NOT DIVIDED,STRAIGHT AND LEVEL,DRY,SHOULDER DEFECT,,UNABLE TO DETERMINE,NOT APPLICABLE,Y,NONINCAPACITATING INJURY,12,7,41.9216133251,-87.6544713435,2019,30,POINT (-87.6544713435 41.9216133251),,,,,2019-07-30,False,6,Lincoln Park
2850,30,TRAFFIC SIGNAL,FUNCTIONING PROPERLY,CLEAR,DAYLIGHT,PEDALCYCLIST,FOUR WAY,STRAIGHT AND LEVEL,OTHER,"RUT, HOLES",Y,ROAD CONSTRUCTION/MAINTENANCE,UNABLE TO DETERMINE,,"REPORTED, NOT EVIDENT",13,7,41.9688451817,-87.6793347247,2019,30,POINT (-87.6793347247 41.9688451817),,,,,2019-07-30,False,3,Lincoln Square
2851,30,STOP SIGN/FLASHER,FUNCTIONING PROPERLY,CLEAR,DAYLIGHT,PEDALCYCLIST,NOT DIVIDED,STRAIGHT AND LEVEL,DRY,NO DEFECTS,,FOLLOWING TOO CLOSELY,UNABLE TO DETERMINE,,NONINCAPACITATING INJURY,13,7,41.9318044139,-87.7342864733,2019,30,POINT (-87.7342864733 41.9318044139),,,,,2019-07-30,False,19,Hermosa
2852,25,NO CONTROLS,NO CONTROLS,CLEAR,DAYLIGHT,PEDALCYCLIST,NOT DIVIDED,STRAIGHT AND LEVEL,DRY,NO DEFECTS,,DRIVING SKILLS/KNOWLEDGE/EXPERIENCE,NOT APPLICABLE,,NO INDICATION OF INJURY,14,7,41.9780275193,-87.6742257337,2019,25,POINT (-87.6742257337 41.9780275193),,,,,2019-07-30,False,3,Lincoln Square