Unnamed: 0,POSTED_SPEED_LIMIT,TRAFFIC_CONTROL_DEVICE,DEVICE_CONDITION,WEATHER_CONDITION,LIGHTING_CONDITION,FIRST_CRASH_TYPE,TRAFFICWAY_TYPE,ALIGNMENT,ROADWAY_SURFACE_COND,ROAD_DEFECT,INTERSECTION_RELATED_I,PRIM_CONTRIBUTORY_CAUSE,SEC_CONTRIBUTORY_CAUSE,DOORING_I,MOST_SEVERE_INJURY,CRASH_HOUR,CRASH_MONTH,LATITUDE,LONGITUDE,CRASH_YEAR,SPEED_LIMIT,geometry,DISPLAYROU,the_geom,DIST,LANE_TYPE,CRASH_DATE,is_severe,index_right,CArea
2853,30,STOP SIGN/FLASHER,FUNCTIONING PROPERLY,CLEAR,DAYLIGHT,PEDALCYCLIST,ONE-WAY,STRAIGHT AND LEVEL,DRY,NO DEFECTS,Y,FAILING TO YIELD RIGHT-OF-WAY,UNABLE TO DETERMINE,,NO INDICATION OF INJURY,14,7,41.8311270294,-87.6146306504,2019,30,POINT (-87.6146306504 41.8311270294),,,,,2019-07-30,False,34,Douglas
2854,30,BICYCLE CROSSING SIGN,NO CONTROLS,CLEAR,DAYLIGHT,PEDALCYCLIST,NOT DIVIDED,STRAIGHT AND LEVEL,DRY,NO DEFECTS,,UNABLE TO DETERMINE,NOT APPLICABLE,N,NONINCAPACITATING INJURY,15,7,41.9869594529,-87.6565696732,2019,30,POINT (-87.6565696732 41.9869594529),,,,,2019-07-30,False,76,Edgewater
2855,30,NO CONTROLS,NO CONTROLS,CLEAR,DAYLIGHT,PEDALCYCLIST,DIVIDED - W/MEDIAN (NOT RAISED),STRAIGHT AND LEVEL,DRY,NO DEFECTS,,UNABLE TO DETERMINE,NOT APPLICABLE,,INCAPACITATING INJURY,17,7,41.983425267,-87.6688926073,2019,30,POINT (-87.6688926073 41.983425267),,,,,2019-07-30,True,76,Edgewater
2856,25,NO CONTROLS,NO CONTROLS,CLEAR,DAYLIGHT,PEDALCYCLIST,NOT DIVIDED,STRAIGHT AND LEVEL,DRY,UNKNOWN,,UNABLE TO DETERMINE,NOT APPLICABLE,,NO INDICATION OF INJURY,18,7,41.9244966857,-87.6534294039,2019,25,POINT (-87.6534294039 41.9244966857),,,,,2019-07-30,False,6,Lincoln Park
2857,30,NO CONTROLS,NO CONTROLS,CLEAR,DAYLIGHT,PEDALCYCLIST,DIVIDED - W/MEDIAN (NOT RAISED),STRAIGHT AND LEVEL,DRY,NO DEFECTS,,NOT APPLICABLE,NOT APPLICABLE,,INCAPACITATING INJURY,18,7,41.6915187428,-87.6955741671,2019,30,POINT (-87.6955741671 41.6915187428),,,,,2019-07-30,True,74,Morgan Park
2858,30,NO CONTROLS,NO CONTROLS,CLEAR,DAYLIGHT,PEDALCYCLIST,DIVIDED - W/MEDIAN (NOT RAISED),STRAIGHT AND LEVEL,DRY,NO DEFECTS,,UNABLE TO DETERMINE,NOT APPLICABLE,Y,INCAPACITATING INJURY,18,7,41.9297811409,-87.7088051529,2019,30,POINT (-87.7088051529 41.9297811409),,,,,2019-07-30,True,21,Logan Square
2859,30,TRAFFIC SIGNAL,FUNCTIONING PROPERLY,CLEAR,DAYLIGHT,PEDALCYCLIST,NOT DIVIDED,STRAIGHT AND LEVEL,DRY,NO DEFECTS,Y,FAILING TO YIELD RIGHT-OF-WAY,IMPROPER TURNING/NO SIGNAL,,NONINCAPACITATING INJURY,19,7,41.8527195515,-87.6348449804,2019,30,POINT (-87.6348449804 41.8527195515),,,,,2019-07-30,False,32,Near South Side
2860,30,NO CONTROLS,NO CONTROLS,CLEAR,"DARKNESS, LIGHTED ROAD",PEDALCYCLIST,FOUR WAY,STRAIGHT AND LEVEL,DRY,NO DEFECTS,Y,UNABLE TO DETERMINE,NOT APPLICABLE,,NONINCAPACITATING INJURY,20,7,41.8968221231,-87.6255607058,2019,30,POINT (-87.6255607058 41.8968221231),,,,,2019-07-30,False,7,Near North Side
2861,30,TRAFFIC SIGNAL,FUNCTIONING PROPERLY,CLEAR,DAWN,PEDALCYCLIST,FOUR WAY,STRAIGHT AND LEVEL,DRY,UNKNOWN,Y,DISREGARDING TRAFFIC SIGNALS,FAILING TO REDUCE SPEED TO AVOID CRASH,,NONINCAPACITATING INJURY,5,7,41.9171539491,-87.73639149,2019,30,POINT (-87.73639149 41.9171539491),,,,,2019-07-31,False,19,Hermosa
2862,30,TRAFFIC SIGNAL,FUNCTIONING IMPROPERLY,CLEAR,DAYLIGHT,PEDALCYCLIST,FOUR WAY,STRAIGHT AND LEVEL,DRY,NO DEFECTS,Y,NOT APPLICABLE,"VISION OBSCURED (SIGNS, TREE LIMBS, BUILDINGS, ETC.)",,NO INDICATION OF INJURY,10,7,41.9166011056,-87.6872930782,2019,30,POINT (-87.6872930782 41.9166011056),,,,,2019-07-31,False,21,Logan Square
2863,35,NO CONTROLS,NO CONTROLS,CLEAR,DAYLIGHT,PEDALCYCLIST,DRIVEWAY,STRAIGHT AND LEVEL,DRY,NO DEFECTS,,FAILING TO YIELD RIGHT-OF-WAY,NOT APPLICABLE,,NONINCAPACITATING INJURY,13,7,41.6965101524,-87.7203911897,2019,35,POINT (-87.7203911897 41.6965101524),,,,,2019-07-31,False,73,Mount Greenwood
2864,15,STOP SIGN/FLASHER,FUNCTIONING PROPERLY,CLEAR,DAYLIGHT,PEDALCYCLIST,FOUR WAY,STRAIGHT AND LEVEL,DRY,NO DEFECTS,,DISREGARDING STOP SIGN,FAILING TO YIELD RIGHT-OF-WAY,,NONINCAPACITATING INJURY,17,7,41.9200102582,-87.6535786579,2019,15,POINT (-87.6535786579 41.9200102582),,,,,2019-07-31,False,6,Lincoln Park
2865,30,STOP SIGN/FLASHER,FUNCTIONING PROPERLY,CLEAR,DAYLIGHT,PEDALCYCLIST,NOT DIVIDED,STRAIGHT AND LEVEL,DRY,NO DEFECTS,Y,UNABLE TO DETERMINE,NOT APPLICABLE,,NO INDICATION OF INJURY,17,7,41.8899768027,-87.647522592,2019,30,POINT (-87.647522592 41.8899768027),,,,,2019-07-31,False,7,Near North Side
2866,30,NO CONTROLS,NO CONTROLS,CLEAR,DAYLIGHT,PEDALCYCLIST,NOT DIVIDED,STRAIGHT AND LEVEL,DRY,NO DEFECTS,,IMPROPER OVERTAKING/PASSING,IMPROPER OVERTAKING/PASSING,,NO INDICATION OF INJURY,17,7,41.9028553667,-87.7177222725,2019,30,POINT (-87.7177222725 41.9028553667),,,,,2019-07-31,False,22,Humboldt Park
2867,30,NO CONTROLS,NO CONTROLS,CLEAR,DAYLIGHT,PEDALCYCLIST,NOT DIVIDED,STRAIGHT AND LEVEL,DRY,UNKNOWN,,UNABLE TO DETERMINE,UNABLE TO DETERMINE,Y,"REPORTED, NOT EVIDENT",17,7,41.9099951994,-87.6775990871,2019,30,POINT (-87.6775990871 41.9099951994),,,,,2019-07-31,False,23,West Town
2868,30,TRAFFIC SIGNAL,FUNCTIONING PROPERLY,CLEAR,DAYLIGHT,PEDALCYCLIST,NOT DIVIDED,STRAIGHT AND LEVEL,DRY,NO DEFECTS,,IMPROPER TURNING/NO SIGNAL,NOT APPLICABLE,,NONINCAPACITATING INJURY,17,7,41.9167153093,-87.6874736526,2019,30,POINT (-87.6874736526 41.9167153093),,,,,2019-07-31,False,21,Logan Square
2869,30,TRAFFIC SIGNAL,FUNCTIONING PROPERLY,CLEAR,DAYLIGHT,PEDALCYCLIST,NOT DIVIDED,STRAIGHT AND LEVEL,DRY,NO DEFECTS,,FOLLOWING TOO CLOSELY,NOT APPLICABLE,,NONINCAPACITATING INJURY,18,7,41.8924452824,-87.6327553744,2019,30,POINT (-87.6327553744 41.8924452824),,,,,2019-07-31,False,7,Near North Side
2870,30,NO CONTROLS,NO CONTROLS,CLEAR,DAYLIGHT,PEDALCYCLIST,DIVIDED - W/MEDIAN BARRIER,STRAIGHT AND LEVEL,DRY,NO DEFECTS,,IMPROPER TURNING/NO SIGNAL,NOT APPLICABLE,,NONINCAPACITATING INJURY,19,7,41.7587154667,-87.5862809648,2019,30,POINT (-87.5862809648 41.7587154667),,,,,2019-07-31,False,42,South Shore
2871,30,NO CONTROLS,NO CONTROLS,CLEAR,"DARKNESS, LIGHTED ROAD",PEDALCYCLIST,ONE-WAY,STRAIGHT AND LEVEL,DRY,NO DEFECTS,,UNABLE TO DETERMINE,UNABLE TO DETERMINE,,NONINCAPACITATING INJURY,20,7,41.9175370003,-87.7313214972,2019,30,POINT (-87.7313214972 41.9175370003),,,,,2019-07-31,False,19,Hermosa
2872,30,NO CONTROLS,NO CONTROLS,CLEAR,DARKNESS,PEDALCYCLIST,NOT DIVIDED,STRAIGHT AND LEVEL,UNKNOWN,UNKNOWN,,IMPROPER OVERTAKING/PASSING,FAILING TO YIELD RIGHT-OF-WAY,,"REPORTED, NOT EVIDENT",20,7,41.9289738882,-87.6488270745,2019,30,POINT (-87.6488270745 41.9289738882),,,,,2019-07-31,False,6,Lincoln Park
2873,30,NO CONTROLS,NO CONTROLS,CLEAR,"DARKNESS, LIGHTED ROAD",PEDALCYCLIST,DIVIDED - W/MEDIAN (NOT RAISED),STRAIGHT AND LEVEL,DRY,NO DEFECTS,,DRIVING ON WRONG SIDE/WRONG WAY,NOT APPLICABLE,,INCAPACITATING INJURY,23,7,41.8985391852,-87.7489935563,2019,30,POINT (-87.7489935563 41.8985391852),,,,,2019-07-31,True,24,Austin
2874,30,NO CONTROLS,NO CONTROLS,CLEAR,DAYLIGHT,PEDALCYCLIST,DIVIDED - W/MEDIAN (NOT RAISED),STRAIGHT AND LEVEL,DRY,NO DEFECTS,,FAILING TO YIELD RIGHT-OF-WAY,FAILING TO REDUCE SPEED TO AVOID CRASH,,INCAPACITATING INJURY,7,8,41.9329124376,-87.6428872529,2019,30,POINT (-87.6428872529 41.9329124376),,,,,2019-08-01,True,5,Lake View
2875,20,NO CONTROLS,NO CONTROLS,CLEAR,DAYLIGHT,PEDALCYCLIST,NOT DIVIDED,STRAIGHT AND LEVEL,DRY,SHOULDER DEFECT,,UNABLE TO DETERMINE,ROAD CONSTRUCTION/MAINTENANCE,,NONINCAPACITATING INJURY,8,8,41.9471664295,-87.6740633158,2019,20,POINT (-87.6740633158 41.9471664295),,,,,2019-08-01,False,4,North Center
2876,30,NO CONTROLS,NO CONTROLS,CLEAR,DAYLIGHT,PEDALCYCLIST,PARKING LOT,STRAIGHT AND LEVEL,DRY,NO DEFECTS,,UNABLE TO DETERMINE,NOT APPLICABLE,,NO INDICATION OF INJURY,8,8,41.9105889523,-87.6628410894,2019,30,POINT (-87.6628410894 41.9105889523),,,,,2019-08-01,False,23,West Town
2877,30,NO CONTROLS,NO CONTROLS,CLEAR,DAYLIGHT,PEDALCYCLIST,DIVIDED - W/MEDIAN (NOT RAISED),STRAIGHT AND LEVEL,DRY,NO DEFECTS,,FAILING TO YIELD RIGHT-OF-WAY,"VISION OBSCURED (SIGNS, TREE LIMBS, BUILDINGS, ETC.)",,NONINCAPACITATING INJURY,9,8,41.9116293322,-87.6796220499,2019,30,POINT (-87.6796220499 41.9116293322),,,,,2019-08-01,False,6,Lincoln Park
2878,30,NO CONTROLS,NO CONTROLS,CLEAR,DAYLIGHT,PEDALCYCLIST,OTHER,STRAIGHT AND LEVEL,DRY,NO DEFECTS,,UNABLE TO DETERMINE,NOT APPLICABLE,,"REPORTED, NOT EVIDENT",9,8,41.885767285,-87.647885669,2019,30,POINT (-87.647885669 41.885767285),,,,,2019-08-01,False,27,Near West Side
2879,30,NO CONTROLS,NO CONTROLS,CLEAR,DAYLIGHT,PEDALCYCLIST,NOT DIVIDED,STRAIGHT AND LEVEL,DRY,NO DEFECTS,,DRIVING ON WRONG SIDE/WRONG WAY,DRIVING ON WRONG SIDE/WRONG WAY,,NONINCAPACITATING INJURY,9,8,41.7929524615,-87.5963459685,2019,30,POINT (-87.5963459685 41.7929524615),,,,,2019-08-01,False,40,Hyde Park
2880,30,STOP SIGN/FLASHER,NO CONTROLS,CLEAR,DAYLIGHT,PEDALCYCLIST,ONE-WAY,STRAIGHT AND LEVEL,DRY,NO DEFECTS,Y,FAILING TO YIELD RIGHT-OF-WAY,"VISION OBSCURED (SIGNS, TREE LIMBS, BUILDINGS, ETC.)",,NONINCAPACITATING INJURY,13,8,41.9113046541,-87.6822218225,2019,30,POINT (-87.6822218225 41.9113046541),,,,,2019-08-01,False,6,Lincoln Park
2881,30,STOP SIGN/FLASHER,FUNCTIONING PROPERLY,CLEAR,DAYLIGHT,PEDALCYCLIST,NOT DIVIDED,STRAIGHT AND LEVEL,DRY,NO DEFECTS,Y,FAILING TO YIELD RIGHT-OF-WAY,NOT APPLICABLE,,NONINCAPACITATING INJURY,15,8,41.9227868862,-87.7121962634,2019,30,POINT (-87.7121962634 41.9227868862),,,,,2019-08-01,False,21,Logan Square
2882,30,NO CONTROLS,NO CONTROLS,CLEAR,DAYLIGHT,PEDALCYCLIST,FOUR WAY,STRAIGHT AND LEVEL,DRY,NO DEFECTS,Y,NOT APPLICABLE,NOT APPLICABLE,,NONINCAPACITATING INJURY,16,8,41.9093356138,-87.7018745642,2019,30,POINT (-87.7018745642 41.9093356138),,,,,2019-08-01,False,22,Humboldt Park
2883,30,NO CONTROLS,NO CONTROLS,CLEAR,DAYLIGHT,PEDALCYCLIST,NOT DIVIDED,STRAIGHT AND LEVEL,DRY,NO DEFECTS,,IMPROPER OVERTAKING/PASSING,FAILING TO YIELD RIGHT-OF-WAY,,NONINCAPACITATING INJURY,16,8,41.9684603583,-87.6939413907,2019,30,POINT (-87.6939413907 41.9684603583),,,,,2019-08-01,False,3,Lincoln Square
2884,30,NO CONTROLS,NO CONTROLS,CLEAR,DAYLIGHT,PEDALCYCLIST,FOUR WAY,STRAIGHT ON GRADE,DRY,NO DEFECTS,Y,UNABLE TO DETERMINE,UNABLE TO DETERMINE,,NO INDICATION OF INJURY,16,8,41.7959143998,-87.6719882902,2019,30,POINT (-87.6719882902 41.7959143998),,,,,2019-08-01,False,60,New City
2885,30,NO CONTROLS,NO CONTROLS,CLEAR,DAYLIGHT,PEDALCYCLIST,NOT DIVIDED,STRAIGHT AND LEVEL,DRY,NO DEFECTS,,UNABLE TO DETERMINE,UNABLE TO DETERMINE,,NO INDICATION OF INJURY,16,8,41.8807706647,-87.6244830171,2019,30,POINT (-87.6244830171 41.8807706647),,,,,2019-08-01,False,31,Loop
2886,30,NO CONTROLS,NO CONTROLS,CLEAR,DAYLIGHT,PEDALCYCLIST,NOT DIVIDED,STRAIGHT AND LEVEL,DRY,NO DEFECTS,,DRIVING SKILLS/KNOWLEDGE/EXPERIENCE,NOT APPLICABLE,,NONINCAPACITATING INJURY,18,8,41.9213323893,-87.6484717346,2019,30,POINT (-87.6484717346 41.9213323893),,,,,2019-08-01,False,6,Lincoln Park
2887,30,NO CONTROLS,NO CONTROLS,CLEAR,DAYLIGHT,PEDALCYCLIST,DIVIDED - W/MEDIAN (NOT RAISED),STRAIGHT AND LEVEL,DRY,UNKNOWN,,FAILING TO YIELD RIGHT-OF-WAY,UNABLE TO DETERMINE,,NONINCAPACITATING INJURY,18,8,41.92814924,-87.6523321062,2019,30,POINT (-87.6523321062 41.92814924),,,,,2019-08-01,False,6,Lincoln Park
2888,25,NO CONTROLS,NO CONTROLS,CLEAR,DUSK,PEDALCYCLIST,ONE-WAY,STRAIGHT AND LEVEL,DRY,UNKNOWN,,UNABLE TO DETERMINE,UNABLE TO DETERMINE,,NONINCAPACITATING INJURY,19,8,41.7796061168,-87.7054331427,2019,25,POINT (-87.7054331427 41.7796061168),,,,,2019-08-01,False,65,Chicago Lawn
2889,30,TRAFFIC SIGNAL,FUNCTIONING PROPERLY,CLEAR,DAYLIGHT,PEDALCYCLIST,DIVIDED - W/MEDIAN (NOT RAISED),STRAIGHT AND LEVEL,DRY,NO DEFECTS,,DRIVING SKILLS/KNOWLEDGE/EXPERIENCE,NOT APPLICABLE,,NO INDICATION OF INJURY,19,8,41.9168462757,-87.7459584084,2019,30,POINT (-87.7459584084 41.9168462757),,,,,2019-08-01,False,18,Belmont Cragin
2890,30,TRAFFIC SIGNAL,FUNCTIONING PROPERLY,CLEAR,DAYLIGHT,PEDALCYCLIST,NOT DIVIDED,STRAIGHT AND LEVEL,DRY,UNKNOWN,Y,FAILING TO REDUCE SPEED TO AVOID CRASH,NOT APPLICABLE,,NONINCAPACITATING INJURY,7,8,41.9684339232,-87.7878665625,2019,30,POINT (-87.7878665625 41.9684339232),,,,,2019-08-02,False,10,Jefferson Park
2891,30,NO CONTROLS,NO CONTROLS,CLEAR,DAYLIGHT,PEDALCYCLIST,ONE-WAY,STRAIGHT AND LEVEL,DRY,NO DEFECTS,,UNABLE TO DETERMINE,UNABLE TO DETERMINE,,NONINCAPACITATING INJURY,9,8,41.7660295719,-87.5677606079,2019,30,POINT (-87.5677606079 41.7660295719),,,,,2019-08-02,False,41,Woodlawn
2892,30,NO CONTROLS,UNKNOWN,CLEAR,DAYLIGHT,PEDALCYCLIST,NOT DIVIDED,STRAIGHT AND LEVEL,DRY,NO DEFECTS,N,FAILING TO YIELD RIGHT-OF-WAY,FAILING TO YIELD RIGHT-OF-WAY,,NONINCAPACITATING INJURY,9,8,41.8591042835,-87.6468275773,2019,30,POINT (-87.6468275773 41.8591042835),,,,,2019-08-02,False,27,Near West Side
2893,30,NO CONTROLS,NO CONTROLS,CLEAR,DAYLIGHT,PEDALCYCLIST,NOT DIVIDED,STRAIGHT AND LEVEL,DRY,NO DEFECTS,,IMPROPER LANE USAGE,NOT APPLICABLE,,NONINCAPACITATING INJURY,11,8,41.8850655017,-87.7204490822,2019,30,POINT (-87.7204490822 41.8850655017),,,,,2019-08-02,False,25,Garfield Park
2894,30,UNKNOWN,UNKNOWN,CLEAR,DAYLIGHT,PEDALCYCLIST,UNKNOWN INTERSECTION TYPE,STRAIGHT AND LEVEL,DRY,NO DEFECTS,Y,UNABLE TO DETERMINE,NOT APPLICABLE,,"REPORTED, NOT EVIDENT",13,8,41.7215149692,-87.6246101656,2019,30,POINT (-87.6246101656 41.7215149692),,,,,2019-08-02,False,48,Roseland
2895,15,STOP SIGN/FLASHER,FUNCTIONING PROPERLY,CLEAR,DAYLIGHT,PEDALCYCLIST,PARKING LOT,STRAIGHT AND LEVEL,DRY,NO DEFECTS,,NOT APPLICABLE,NOT APPLICABLE,,NO INDICATION OF INJURY,16,8,41.9448810738,-87.7128050888,2019,15,POINT (-87.7128050888 41.9448810738),,,,,2019-08-02,False,15,Irving Park
2896,30,NO CONTROLS,NO CONTROLS,CLEAR,DUSK,PEDALCYCLIST,T-INTERSECTION,STRAIGHT AND LEVEL,DRY,NO DEFECTS,Y,"OPERATING VEHICLE IN ERRATIC, RECKLESS, CARELESS, NEGLIGENT OR AGGRESSIVE MANNER",NOT APPLICABLE,,NONINCAPACITATING INJURY,18,8,41.8923893382,-87.6670368132,2019,30,POINT (-87.6670368132 41.8923893382),,,,,2019-08-02,False,23,West Town
2897,30,NO CONTROLS,NO CONTROLS,CLEAR,"DARKNESS, LIGHTED ROAD",PEDALCYCLIST,DIVIDED - W/MEDIAN (NOT RAISED),STRAIGHT AND LEVEL,DRY,NO DEFECTS,Y,FAILING TO YIELD RIGHT-OF-WAY,NOT APPLICABLE,,INCAPACITATING INJURY,23,8,41.961350684,-87.6998285787,2019,30,POINT (-87.6998285787 41.961350684),,,,,2019-08-02,True,3,Lincoln Square
2898,30,TRAFFIC SIGNAL,FUNCTIONING PROPERLY,CLEAR,DAYLIGHT,PEDALCYCLIST,NOT DIVIDED,STRAIGHT AND LEVEL,DRY,NO DEFECTS,Y,FAILING TO YIELD RIGHT-OF-WAY,NOT APPLICABLE,,INCAPACITATING INJURY,6,8,41.9571322365,-87.7512940821,2019,30,POINT (-87.7512940821 41.9571322365),,,,,2019-08-03,True,14,Portage Park
2899,30,TRAFFIC SIGNAL,FUNCTIONING PROPERLY,CLEAR,DAYLIGHT,PEDALCYCLIST,FOUR WAY,STRAIGHT AND LEVEL,DRY,NO DEFECTS,Y,FAILING TO YIELD RIGHT-OF-WAY,FAILING TO YIELD RIGHT-OF-WAY,,NONINCAPACITATING INJURY,10,8,41.9690072567,-87.6675996261,2019,30,POINT (-87.6675996261 41.9690072567),,,,,2019-08-03,False,2,Uptown
2900,30,NO CONTROLS,NO CONTROLS,CLEAR,DAYLIGHT,PEDALCYCLIST,ONE-WAY,STRAIGHT AND LEVEL,DRY,NO DEFECTS,,FAILING TO YIELD RIGHT-OF-WAY,NOT APPLICABLE,,NO INDICATION OF INJURY,12,8,41.9619781157,-87.7554699925,2019,30,POINT (-87.7554699925 41.9619781157),,,,,2019-08-03,False,14,Portage Park
2901,30,TRAFFIC SIGNAL,FUNCTIONING PROPERLY,CLEAR,DAYLIGHT,PEDALCYCLIST,DIVIDED - W/MEDIAN (NOT RAISED),STRAIGHT AND LEVEL,DRY,NO DEFECTS,Y,FAILING TO YIELD RIGHT-OF-WAY,FAILING TO YIELD RIGHT-OF-WAY,Y,NONINCAPACITATING INJURY,12,8,42.0047079068,-87.8189737422,2019,30,POINT (-87.8189737422 42.0047079068),,,,,2019-08-03,False,8,Edison Park
2902,30,TRAFFIC SIGNAL,FUNCTIONING PROPERLY,CLEAR,DAYLIGHT,PEDALCYCLIST,FOUR WAY,STRAIGHT AND LEVEL,DRY,NO DEFECTS,Y,FAILING TO YIELD RIGHT-OF-WAY,"VISION OBSCURED (SIGNS, TREE LIMBS, BUILDINGS, ETC.)",,NONINCAPACITATING INJURY,13,8,41.9393514966,-87.6984835141,2019,30,POINT (-87.6984835141 41.9393514966),,,,,2019-08-03,False,15,Irving Park
2903,30,NO CONTROLS,NO CONTROLS,CLEAR,DUSK,PEDALCYCLIST,NOT DIVIDED,STRAIGHT AND LEVEL,DRY,NO DEFECTS,,FAILING TO YIELD RIGHT-OF-WAY,NOT APPLICABLE,Y,INCAPACITATING INJURY,19,8,41.8864695207,-87.648814284,2019,30,POINT (-87.648814284 41.8864695207),,,,,2019-08-03,True,7,Near North Side
2904,30,NO CONTROLS,NO CONTROLS,CLEAR,"DARKNESS, LIGHTED ROAD",PEDALCYCLIST,NOT DIVIDED,STRAIGHT AND LEVEL,DRY,NO DEFECTS,,NOT APPLICABLE,NOT APPLICABLE,,NONINCAPACITATING INJURY,20,8,41.7678016921,-87.6296879445,2019,30,POINT (-87.6296879445 41.7678016921),,,,,2019-08-03,False,67,Englewood
2905,30,TRAFFIC SIGNAL,FUNCTIONING PROPERLY,CLEAR,"DARKNESS, LIGHTED ROAD",PEDALCYCLIST,ONE-WAY,STRAIGHT AND LEVEL,DRY,NO DEFECTS,Y,"OPERATING VEHICLE IN ERRATIC, RECKLESS, CARELESS, NEGLIGENT OR AGGRESSIVE MANNER",NOT APPLICABLE,,NONINCAPACITATING INJURY,22,8,41.8979197439,-87.6299603379,2019,30,POINT (-87.6299603379 41.8979197439),,,,,2019-08-03,False,7,Near North Side
2906,30,TRAFFIC SIGNAL,FUNCTIONING PROPERLY,CLEAR,"DARKNESS, LIGHTED ROAD",PEDALCYCLIST,DIVIDED - W/MEDIAN (NOT RAISED),STRAIGHT AND LEVEL,DRY,OTHER,,UNABLE TO DETERMINE,UNABLE TO DETERMINE,,NONINCAPACITATING INJURY,0,8,41.9175195384,-87.6973485388,2019,30,POINT (-87.6973485388 41.9175195384),,,,,2019-08-04,False,21,Logan Square
2907,30,UNKNOWN,UNKNOWN,CLEAR,DAYLIGHT,PEDALCYCLIST,DIVIDED - W/MEDIAN (NOT RAISED),STRAIGHT AND LEVEL,DRY,UNKNOWN,,DISREGARDING TRAFFIC SIGNALS,NOT APPLICABLE,,NO INDICATION OF INJURY,11,8,41.9257946768,-87.6362702695,2019,30,POINT (-87.6362702695 41.9257946768),,,,,2019-08-04,False,6,Lincoln Park
2908,30,TRAFFIC SIGNAL,FUNCTIONING PROPERLY,CLEAR,DAYLIGHT,PEDALCYCLIST,FOUR WAY,STRAIGHT AND LEVEL,DRY,NO DEFECTS,Y,UNABLE TO DETERMINE,NOT APPLICABLE,,INCAPACITATING INJURY,12,8,41.8766284282,-87.6570540915,2019,30,POINT (-87.6570540915 41.8766284282),,,,,2019-08-04,True,27,Near West Side
2909,30,STOP SIGN/FLASHER,FUNCTIONING PROPERLY,CLEAR,DAYLIGHT,PEDALCYCLIST,TRAFFIC ROUTE,STRAIGHT AND LEVEL,DRY,NO DEFECTS,,FAILING TO YIELD RIGHT-OF-WAY,NOT APPLICABLE,,NONINCAPACITATING INJURY,15,8,41.9390799851,-87.7195537113,2019,30,POINT (-87.7195537113 41.9390799851),,,,,2019-08-04,False,15,Irving Park
2910,30,TRAFFIC SIGNAL,FUNCTIONING PROPERLY,CLEAR,DAYLIGHT,PEDALCYCLIST,CENTER TURN LANE,STRAIGHT AND LEVEL,DRY,DEBRIS ON ROADWAY,N,"VISION OBSCURED (SIGNS, TREE LIMBS, BUILDINGS, ETC.)",NOT APPLICABLE,,"REPORTED, NOT EVIDENT",15,8,41.9532649114,-87.7081445275,2019,30,POINT (-87.7081445275 41.9532649114),,,,,2019-08-04,False,15,Irving Park
2911,25,NO CONTROLS,NO CONTROLS,CLEAR,DAYLIGHT,PEDALCYCLIST,NOT DIVIDED,STRAIGHT AND LEVEL,DRY,NO DEFECTS,,UNABLE TO DETERMINE,UNABLE TO DETERMINE,,NONINCAPACITATING INJURY,17,8,41.8834291296,-87.6277280083,2019,25,POINT (-87.6277280083 41.8834291296),,,,,2019-08-04,False,31,Loop
2912,30,STOP SIGN/FLASHER,FUNCTIONING PROPERLY,CLEAR,DAWN,PEDALCYCLIST,FOUR WAY,STRAIGHT AND LEVEL,DRY,OTHER,,DISREGARDING STOP SIGN,FAILING TO YIELD RIGHT-OF-WAY,,NONINCAPACITATING INJURY,5,8,41.846694117,-87.6855244771,2019,30,POINT (-87.6855244771 41.846694117),,,,,2019-08-05,False,30,Lower West Side
2913,30,NO CONTROLS,NO CONTROLS,CLEAR,DAYLIGHT,PEDALCYCLIST,NOT DIVIDED,STRAIGHT AND LEVEL,DRY,NO DEFECTS,,FAILING TO YIELD RIGHT-OF-WAY,NOT APPLICABLE,,INCAPACITATING INJURY,8,8,41.8956095622,-87.6546646673,2019,30,POINT (-87.6546646673 41.8956095622),,,,,2019-08-05,True,7,Near North Side
2914,30,TRAFFIC SIGNAL,FUNCTIONING PROPERLY,CLEAR,DAYLIGHT,PEDALCYCLIST,DIVIDED - W/MEDIAN (NOT RAISED),STRAIGHT AND LEVEL,DRY,NO DEFECTS,N,FAILING TO YIELD RIGHT-OF-WAY,NOT APPLICABLE,,"REPORTED, NOT EVIDENT",9,8,41.8534753233,-87.7174906121,2019,30,POINT (-87.7174906121 41.8534753233),,,,,2019-08-05,False,28,North Lawndale
2915,30,TRAFFIC SIGNAL,OTHER,UNKNOWN,DAYLIGHT,PEDALCYCLIST,NOT DIVIDED,STRAIGHT AND LEVEL,UNKNOWN,UNKNOWN,Y,UNABLE TO DETERMINE,UNABLE TO DETERMINE,,"REPORTED, NOT EVIDENT",10,8,41.97600184,-87.689092635,2019,30,POINT (-87.689092635 41.97600184),,,,,2019-08-05,False,3,Lincoln Square
2916,25,NO CONTROLS,NO CONTROLS,CLEAR,DAYLIGHT,PEDALCYCLIST,ONE-WAY,STRAIGHT AND LEVEL,DRY,NO DEFECTS,,"OPERATING VEHICLE IN ERRATIC, RECKLESS, CARELESS, NEGLIGENT OR AGGRESSIVE MANNER",NOT APPLICABLE,Y,NONINCAPACITATING INJURY,11,8,41.9588478271,-87.7292188803,2019,25,POINT (-87.7292188803 41.9588478271),,,,,2019-08-05,False,15,Irving Park