Unnamed: 0,POSTED_SPEED_LIMIT,TRAFFIC_CONTROL_DEVICE,DEVICE_CONDITION,WEATHER_CONDITION,LIGHTING_CONDITION,FIRST_CRASH_TYPE,TRAFFICWAY_TYPE,ALIGNMENT,ROADWAY_SURFACE_COND,ROAD_DEFECT,INTERSECTION_RELATED_I,PRIM_CONTRIBUTORY_CAUSE,SEC_CONTRIBUTORY_CAUSE,DOORING_I,MOST_SEVERE_INJURY,CRASH_HOUR,CRASH_MONTH,LATITUDE,LONGITUDE,CRASH_YEAR,SPEED_LIMIT,geometry,DISPLAYROU,the_geom,DIST,LANE_TYPE,CRASH_DATE,is_severe,index_right,CArea
2917,30,STOP SIGN/FLASHER,FUNCTIONING PROPERLY,CLEAR,DAYLIGHT,PEDALCYCLIST,FOUR WAY,STRAIGHT AND LEVEL,DRY,OTHER,,ROAD CONSTRUCTION/MAINTENANCE,NOT APPLICABLE,Y,NONINCAPACITATING INJURY,11,8,41.7866612649,-87.7986307049,2019,30,POINT (-87.7986307049 41.7866612649),,,,,2019-08-05,False,55,Garfield Ridge
2918,30,TRAFFIC SIGNAL,FUNCTIONING PROPERLY,CLEAR,DAYLIGHT,PEDALCYCLIST,CENTER TURN LANE,STRAIGHT AND LEVEL,DRY,NO DEFECTS,Y,DRIVING ON WRONG SIDE/WRONG WAY,NOT APPLICABLE,,"REPORTED, NOT EVIDENT",12,8,41.7511943382,-87.6053673263,2019,30,POINT (-87.6053673263 41.7511943382),,,,,2019-08-05,False,43,Chatham
2919,20,STOP SIGN/FLASHER,NO CONTROLS,CLEAR,DAYLIGHT,PEDALCYCLIST,ONE-WAY,STRAIGHT AND LEVEL,DRY,NO DEFECTS,,DRIVING ON WRONG SIDE/WRONG WAY,FAILING TO YIELD RIGHT-OF-WAY,,NONINCAPACITATING INJURY,15,8,41.9010598694,-87.7141193335,2019,20,POINT (-87.7141193335 41.9010598694),,,,,2019-08-05,False,22,Humboldt Park
2920,30,STOP SIGN/FLASHER,NO CONTROLS,CLEAR,DAYLIGHT,PEDALCYCLIST,NOT DIVIDED,STRAIGHT AND LEVEL,DRY,NO DEFECTS,Y,FAILING TO REDUCE SPEED TO AVOID CRASH,NOT APPLICABLE,,NONINCAPACITATING INJURY,16,8,41.9456542336,-87.7836628439,2019,30,POINT (-87.7836628439 41.9456542336),,,,,2019-08-05,False,14,Portage Park
2921,30,TRAFFIC SIGNAL,FUNCTIONING PROPERLY,CLEAR,DAYLIGHT,PEDALCYCLIST,ONE-WAY,STRAIGHT AND LEVEL,DRY,NO DEFECTS,Y,UNABLE TO DETERMINE,NOT APPLICABLE,,NONINCAPACITATING INJURY,18,8,41.9717736064,-87.7281911254,2019,30,POINT (-87.7281911254 41.9717736064),,,,,2019-08-05,False,11,Forest Glen
2922,30,TRAFFIC SIGNAL,FUNCTIONING PROPERLY,CLEAR,DAYLIGHT,PEDALCYCLIST,ONE-WAY,STRAIGHT AND LEVEL,DRY,NO DEFECTS,,FOLLOWING TOO CLOSELY,FOLLOWING TOO CLOSELY,,NO INDICATION OF INJURY,18,8,41.8909852288,-87.6152952001,2019,30,POINT (-87.6152952001 41.8909852288),,,,,2019-08-05,False,7,Near North Side
2923,30,TRAFFIC SIGNAL,FUNCTIONING PROPERLY,CLEAR,DAYLIGHT,PEDALCYCLIST,T-INTERSECTION,STRAIGHT AND LEVEL,DRY,NO DEFECTS,Y,IMPROPER OVERTAKING/PASSING,IMPROPER TURNING/NO SIGNAL,,NO INDICATION OF INJURY,19,8,41.8823398593,-87.676787988,2019,30,POINT (-87.676787988 41.8823398593),,,,,2019-08-05,False,27,Near West Side
2924,35,STOP SIGN/FLASHER,FUNCTIONING PROPERLY,CLEAR,DUSK,PEDALCYCLIST,FOUR WAY,STRAIGHT AND LEVEL,DRY,NO DEFECTS,Y,FAILING TO YIELD RIGHT-OF-WAY,DISREGARDING STOP SIGN,,NO INDICATION OF INJURY,20,8,41.7033078769,-87.6380148935,2019,35,POINT (-87.6380148935 41.7033078769),,,,,2019-08-05,False,48,Roseland
2925,30,TRAFFIC SIGNAL,FUNCTIONING PROPERLY,CLEAR,"DARKNESS, LIGHTED ROAD",PEDALCYCLIST,NOT DIVIDED,STRAIGHT AND LEVEL,DRY,NO DEFECTS,,UNABLE TO DETERMINE,NOT APPLICABLE,,NO INDICATION OF INJURY,20,8,41.8779147522,-87.6473882814,2019,30,POINT (-87.6473882814 41.8779147522),,,,,2019-08-05,False,27,Near West Side
2926,30,STOP SIGN/FLASHER,FUNCTIONING PROPERLY,CLEAR,"DARKNESS, LIGHTED ROAD",PEDALCYCLIST,NOT DIVIDED,STRAIGHT AND LEVEL,DRY,NO DEFECTS,Y,DISREGARDING STOP SIGN,UNABLE TO DETERMINE,,NONINCAPACITATING INJURY,20,8,41.9166115014,-87.7068595225,2019,30,POINT (-87.7068595225 41.9166115014),,,,,2019-08-05,False,21,Logan Square
2927,30,NO CONTROLS,NO CONTROLS,CLEAR,"DARKNESS, LIGHTED ROAD",PEDALCYCLIST,DIVIDED - W/MEDIAN (NOT RAISED),STRAIGHT AND LEVEL,UNKNOWN,UNKNOWN,,IMPROPER LANE USAGE,UNABLE TO DETERMINE,,NONINCAPACITATING INJURY,23,8,41.7778512732,-87.5862302357,2019,30,POINT (-87.5862302357 41.7778512732),,,,,2019-08-05,False,41,Woodlawn
2928,30,STOP SIGN/FLASHER,FUNCTIONING PROPERLY,CLEAR,DAYLIGHT,PEDALCYCLIST,FOUR WAY,STRAIGHT AND LEVEL,DRY,NO DEFECTS,Y,DISREGARDING STOP SIGN,NOT APPLICABLE,,NO INDICATION OF INJURY,7,8,41.8940065841,-87.6414874638,2019,30,POINT (-87.6414874638 41.8940065841),,,,,2019-08-06,False,7,Near North Side
2929,30,NO CONTROLS,NO CONTROLS,CLEAR,DAYLIGHT,PEDALCYCLIST,DIVIDED - W/MEDIAN (NOT RAISED),STRAIGHT AND LEVEL,DRY,NO DEFECTS,,FAILING TO YIELD RIGHT-OF-WAY,FAILING TO YIELD RIGHT-OF-WAY,,INCAPACITATING INJURY,8,8,41.9089602474,-87.6754763711,2019,30,POINT (-87.6754763711 41.9089602474),,,,,2019-08-06,True,23,West Town
2930,30,TRAFFIC SIGNAL,FUNCTIONING PROPERLY,CLEAR,DAYLIGHT,PEDALCYCLIST,DIVIDED - W/MEDIAN (NOT RAISED),STRAIGHT AND LEVEL,DRY,NO DEFECTS,,IMPROPER LANE USAGE,NOT APPLICABLE,,INCAPACITATING INJURY,17,8,41.9318467528,-87.6779878625,2019,30,POINT (-87.6779878625 41.9318467528),,,,,2019-08-06,True,6,Lincoln Park
2931,30,STOP SIGN/FLASHER,FUNCTIONING PROPERLY,CLEAR,DAYLIGHT,PEDALCYCLIST,NOT DIVIDED,STRAIGHT AND LEVEL,DRY,NO DEFECTS,Y,UNABLE TO DETERMINE,UNABLE TO DETERMINE,,NONINCAPACITATING INJURY,18,8,41.9053917266,-87.6416158832,2019,30,POINT (-87.6416158832 41.9053917266),,,,,2019-08-06,False,7,Near North Side
2932,30,NO CONTROLS,NO CONTROLS,CLEAR,DUSK,PEDALCYCLIST,NOT DIVIDED,STRAIGHT AND LEVEL,DRY,NO DEFECTS,,UNABLE TO DETERMINE,NOT APPLICABLE,Y,"REPORTED, NOT EVIDENT",19,8,41.8095583922,-87.6122479533,2019,30,POINT (-87.6122479533 41.8095583922),,,,,2019-08-06,False,37,Grand Boulevard
2933,30,TRAFFIC SIGNAL,FUNCTIONING PROPERLY,CLEAR,"DARKNESS, LIGHTED ROAD",PEDALCYCLIST,NOT DIVIDED,STRAIGHT AND LEVEL,DRY,NO DEFECTS,Y,DISREGARDING TRAFFIC SIGNALS,UNABLE TO DETERMINE,,NONINCAPACITATING INJURY,21,8,41.8958510411,-87.6869689347,2019,30,POINT (-87.6869689347 41.8958510411),,,,,2019-08-06,False,23,West Town
2934,30,STOP SIGN/FLASHER,FUNCTIONING PROPERLY,CLEAR,DAYLIGHT,PEDALCYCLIST,NOT DIVIDED,STRAIGHT AND LEVEL,DRY,NO DEFECTS,Y,DISREGARDING STOP SIGN,CELL PHONE USE OTHER THAN TEXTING,,NONINCAPACITATING INJURY,6,8,41.7686060169,-87.6687154148,2019,30,POINT (-87.6687154148 41.7686060169),,,,,2019-08-07,False,66,Englewood
2935,30,NO CONTROLS,NO CONTROLS,CLEAR,DAYLIGHT,PEDALCYCLIST,ALLEY,STRAIGHT AND LEVEL,DRY,NO DEFECTS,,UNABLE TO DETERMINE,DRIVING SKILLS/KNOWLEDGE/EXPERIENCE,,NONINCAPACITATING INJURY,8,8,41.9329346991,-87.6436790858,2019,30,POINT (-87.6436790858 41.9329346991),,,,,2019-08-07,False,5,Lake View
2936,30,TRAFFIC SIGNAL,FUNCTIONING PROPERLY,CLEAR,DAYLIGHT,PEDALCYCLIST,NOT DIVIDED,STRAIGHT AND LEVEL,DRY,NO DEFECTS,,FAILING TO YIELD RIGHT-OF-WAY,NOT APPLICABLE,,NO INDICATION OF INJURY,8,8,41.9178344599,-87.6676161081,2019,30,POINT (-87.6676161081 41.9178344599),,,,,2019-08-07,False,6,Lincoln Park
2937,25,STOP SIGN/FLASHER,NO CONTROLS,CLEAR,DAYLIGHT,PEDALCYCLIST,ONE-WAY,STRAIGHT AND LEVEL,DRY,NO DEFECTS,,DISREGARDING STOP SIGN,NOT APPLICABLE,,NO INDICATION OF INJURY,10,8,41.8821398186,-87.6921765186,2019,25,POINT (-87.6921765186 41.8821398186),,,,,2019-08-07,False,26,Garfield Park
2938,30,TRAFFIC SIGNAL,FUNCTIONING PROPERLY,CLEAR,DAYLIGHT,PEDALCYCLIST,CENTER TURN LANE,STRAIGHT AND LEVEL,DRY,NO DEFECTS,,OBSTRUCTED CROSSWALKS,UNABLE TO DETERMINE,,NONINCAPACITATING INJURY,12,8,42.0079455025,-87.6702241284,2019,30,POINT (-87.6702241284 42.0079455025),,,,,2019-08-07,False,0,Rogers Park
2939,30,STOP SIGN/FLASHER,FUNCTIONING PROPERLY,CLEAR,DAYLIGHT,PEDALCYCLIST,NOT DIVIDED,STRAIGHT AND LEVEL,DRY,UNKNOWN,Y,FAILING TO YIELD RIGHT-OF-WAY,UNABLE TO DETERMINE,,"REPORTED, NOT EVIDENT",16,8,41.9788015908,-87.6696186794,2019,30,POINT (-87.6696186794 41.9788015908),,,,,2019-08-07,False,76,Edgewater
2940,30,NO CONTROLS,NO CONTROLS,CLEAR,DAYLIGHT,PEDALCYCLIST,NOT DIVIDED,STRAIGHT AND LEVEL,UNKNOWN,UNKNOWN,,UNABLE TO DETERMINE,UNABLE TO DETERMINE,,INCAPACITATING INJURY,17,8,41.9735433221,-87.7492192946,2019,30,POINT (-87.7492192946 41.9735433221),,,,,2019-08-07,True,11,Forest Glen
2941,30,NO CONTROLS,NO CONTROLS,CLEAR,DAYLIGHT,PEDALCYCLIST,DIVIDED - W/MEDIAN (NOT RAISED),STRAIGHT AND LEVEL,DRY,NO DEFECTS,,DISTRACTION - FROM INSIDE VEHICLE,NOT APPLICABLE,Y,NONINCAPACITATING INJURY,17,8,41.9727913677,-87.6681094488,2019,30,POINT (-87.6681094488 41.9727913677),,,,,2019-08-07,False,2,Uptown
2942,30,TRAFFIC SIGNAL,FUNCTIONING PROPERLY,CLEAR,DAYLIGHT,PEDALCYCLIST,"FIVE POINT, OR MORE",STRAIGHT AND LEVEL,DRY,NO DEFECTS,Y,NOT APPLICABLE,NOT APPLICABLE,,NONINCAPACITATING INJURY,17,8,41.9023626196,-87.7165388614,2019,30,POINT (-87.7165388614 41.9023626196),,,,,2019-08-07,False,22,Humboldt Park
2943,25,STOP SIGN/FLASHER,FUNCTIONING PROPERLY,CLEAR,DAYLIGHT,PEDALCYCLIST,FOUR WAY,STRAIGHT AND LEVEL,DRY,UNKNOWN,Y,DRIVING ON WRONG SIDE/WRONG WAY,NOT APPLICABLE,,INCAPACITATING INJURY,18,8,41.7547337092,-87.6115243366,2019,25,POINT (-87.6115243366 41.7547337092),,,,,2019-08-07,True,68,Grand Crossing
2944,30,NO CONTROLS,NO CONTROLS,CLEAR,DAYLIGHT,PEDALCYCLIST,NOT DIVIDED,STRAIGHT AND LEVEL,DRY,NO DEFECTS,,DRIVING SKILLS/KNOWLEDGE/EXPERIENCE,DRIVING SKILLS/KNOWLEDGE/EXPERIENCE,,NO INDICATION OF INJURY,18,8,41.9025232386,-87.6282238984,2019,30,POINT (-87.6282238984 41.9025232386),,,,,2019-08-07,False,7,Near North Side
2945,30,NO CONTROLS,NO CONTROLS,CLEAR,DAYLIGHT,PEDALCYCLIST,NOT DIVIDED,STRAIGHT AND LEVEL,DRY,NO DEFECTS,,UNABLE TO DETERMINE,UNABLE TO DETERMINE,Y,NONINCAPACITATING INJURY,18,8,41.9313488169,-87.7520828858,2019,30,POINT (-87.7520828858 41.9313488169),,,,,2019-08-07,False,18,Belmont Cragin
2946,30,NO CONTROLS,NO CONTROLS,CLEAR,"DARKNESS, LIGHTED ROAD",PEDALCYCLIST,NOT DIVIDED,STRAIGHT AND LEVEL,DRY,NO DEFECTS,,UNABLE TO DETERMINE,NOT APPLICABLE,Y,NONINCAPACITATING INJURY,20,8,41.8916792806,-87.6354185257,2019,30,POINT (-87.6354185257 41.8916792806),,,,,2019-08-07,False,7,Near North Side
2947,30,NO CONTROLS,NO CONTROLS,CLEAR,"DARKNESS, LIGHTED ROAD",PEDALCYCLIST,DIVIDED - W/MEDIAN (NOT RAISED),STRAIGHT AND LEVEL,DRY,NO DEFECTS,N,FAILING TO YIELD RIGHT-OF-WAY,UNABLE TO DETERMINE,,NO INDICATION OF INJURY,22,8,41.8953038464,-87.7211291036,2019,30,POINT (-87.7211291036 41.8953038464),,,,,2019-08-07,False,22,Humboldt Park
2948,30,NO CONTROLS,NO CONTROLS,CLEAR,DAYLIGHT,PEDALCYCLIST,NOT DIVIDED,STRAIGHT AND LEVEL,DRY,NO DEFECTS,Y,FAILING TO YIELD RIGHT-OF-WAY,FAILING TO YIELD RIGHT-OF-WAY,,NO INDICATION OF INJURY,7,8,41.976028849,-87.6719485365,2019,30,POINT (-87.6719485365 41.976028849),,,,,2019-08-08,False,2,Uptown
2949,30,TRAFFIC SIGNAL,FUNCTIONING PROPERLY,CLEAR,DAYLIGHT,PEDALCYCLIST,NOT DIVIDED,STRAIGHT AND LEVEL,DRY,NO DEFECTS,Y,IMPROPER LANE USAGE,FAILING TO REDUCE SPEED TO AVOID CRASH,,NO INDICATION OF INJURY,7,8,41.8936584776,-87.6342703814,2019,30,POINT (-87.6342703814 41.8936584776),,,,,2019-08-08,False,7,Near North Side
2950,30,NO CONTROLS,NO CONTROLS,CLEAR,DAYLIGHT,PEDALCYCLIST,DRIVEWAY,STRAIGHT AND LEVEL,DRY,NO DEFECTS,,FAILING TO YIELD RIGHT-OF-WAY,UNABLE TO DETERMINE,,"REPORTED, NOT EVIDENT",8,8,41.8083731277,-87.6837260047,2019,30,POINT (-87.6837260047 41.8083731277),,,,,2019-08-08,False,60,New City
2951,30,NO CONTROLS,NO CONTROLS,CLEAR,DAYLIGHT,PEDALCYCLIST,NOT DIVIDED,STRAIGHT AND LEVEL,DRY,NO DEFECTS,Y,UNABLE TO DETERMINE,UNABLE TO DETERMINE,,NONINCAPACITATING INJURY,10,8,41.8084372191,-87.670979423,2019,30,POINT (-87.670979423 41.8084372191),,,,,2019-08-08,False,60,New City
2952,30,STOP SIGN/FLASHER,FUNCTIONING PROPERLY,CLEAR,DAYLIGHT,PEDALCYCLIST,NOT DIVIDED,STRAIGHT AND LEVEL,DRY,"RUT, HOLES",Y,UNABLE TO DETERMINE,UNABLE TO DETERMINE,,NONINCAPACITATING INJURY,12,8,41.9263677087,-87.6583430104,2019,30,POINT (-87.6583430104 41.9263677087),,,,,2019-08-08,False,6,Lincoln Park
2953,5,NO CONTROLS,NO CONTROLS,CLEAR,DAYLIGHT,PEDALCYCLIST,NOT DIVIDED,STRAIGHT AND LEVEL,DRY,NO DEFECTS,,IMPROPER LANE USAGE,NOT APPLICABLE,,NO INDICATION OF INJURY,13,8,41.9474138398,-87.6506386727,2019,5,POINT (-87.6506386727 41.9474138398),,,,,2019-08-08,False,5,Lake View
2954,30,NO CONTROLS,NO CONTROLS,CLEAR,DAYLIGHT,PEDALCYCLIST,NOT DIVIDED,STRAIGHT AND LEVEL,DRY,NO DEFECTS,,UNABLE TO DETERMINE,NOT APPLICABLE,,NO INDICATION OF INJURY,17,8,41.9101348836,-87.634531468,2019,30,POINT (-87.634531468 41.9101348836),,,,,2019-08-08,False,7,Near North Side
2955,30,TRAFFIC SIGNAL,FUNCTIONING PROPERLY,CLEAR,DAYLIGHT,PEDALCYCLIST,NOT DIVIDED,STRAIGHT AND LEVEL,DRY,NO DEFECTS,Y,DISREGARDING TRAFFIC SIGNALS,FAILING TO REDUCE SPEED TO AVOID CRASH,,NO INDICATION OF INJURY,17,8,41.9388683362,-87.7371779314,2019,30,POINT (-87.7371779314 41.9388683362),,,,,2019-08-08,False,19,Hermosa
2956,30,NO CONTROLS,NO CONTROLS,CLEAR,DAYLIGHT,PEDALCYCLIST,ONE-WAY,STRAIGHT AND LEVEL,DRY,NO DEFECTS,,IMPROPER LANE USAGE,UNABLE TO DETERMINE,Y,NONINCAPACITATING INJURY,18,8,41.8909787295,-87.6156460428,2019,30,POINT (-87.6156460428 41.8909787295),,,,,2019-08-08,False,7,Near North Side
2957,25,NO CONTROLS,NO CONTROLS,CLEAR,DAYLIGHT,PEDALCYCLIST,ONE-WAY,STRAIGHT AND LEVEL,DRY,NO DEFECTS,,CELL PHONE USE OTHER THAN TEXTING,UNABLE TO DETERMINE,,NO INDICATION OF INJURY,18,8,41.9108459208,-87.6885976078,2019,25,POINT (-87.6885976078 41.9108459208),,,,,2019-08-08,False,23,West Town
2958,30,NO CONTROLS,NO CONTROLS,CLEAR,"DARKNESS, LIGHTED ROAD",PEDALCYCLIST,NOT DIVIDED,STRAIGHT AND LEVEL,DRY,NO DEFECTS,,IMPROPER TURNING/NO SIGNAL,NOT APPLICABLE,,"REPORTED, NOT EVIDENT",20,8,41.8957789253,-87.6544776614,2019,30,POINT (-87.6544776614 41.8957789253),,,,,2019-08-08,False,7,Near North Side
2959,35,UNKNOWN,UNKNOWN,UNKNOWN,UNKNOWN,PEDALCYCLIST,ONE-WAY,STRAIGHT AND LEVEL,UNKNOWN,UNKNOWN,,NOT APPLICABLE,NOT APPLICABLE,,NONINCAPACITATING INJURY,20,8,41.9056441333,-87.638502349,2019,35,POINT (-87.638502349 41.9056441333),,,,,2019-08-08,False,7,Near North Side
2960,30,TRAFFIC SIGNAL,FUNCTIONING PROPERLY,CLEAR,"DARKNESS, LIGHTED ROAD",PEDALCYCLIST,DIVIDED - W/MEDIAN (NOT RAISED),STRAIGHT AND LEVEL,DRY,NO DEFECTS,,UNABLE TO DETERMINE,NOT APPLICABLE,,NO INDICATION OF INJURY,21,8,41.9056665391,-87.6703221847,2019,30,POINT (-87.6703221847 41.9056665391),,,,,2019-08-08,False,23,West Town
2961,30,NO CONTROLS,NO CONTROLS,CLEAR,DAYLIGHT,PEDALCYCLIST,PARKING LOT,STRAIGHT AND LEVEL,DRY,NO DEFECTS,,NOT APPLICABLE,NOT APPLICABLE,,NONINCAPACITATING INJURY,14,8,41.7928267381,-87.7490630309,2019,30,POINT (-87.7490630309 41.7928267381),,,,,2019-08-09,False,55,Garfield Ridge
2962,30,NO CONTROLS,NO CONTROLS,CLEAR,DAYLIGHT,PEDALCYCLIST,DIVIDED - W/MEDIAN (NOT RAISED),STRAIGHT AND LEVEL,DRY,NO DEFECTS,,UNABLE TO DETERMINE,UNABLE TO DETERMINE,,NO INDICATION OF INJURY,14,8,41.9975905579,-87.6606391227,2019,30,POINT (-87.6606391227 41.9975905579),,,,,2019-08-09,False,76,Edgewater
2963,30,NO CONTROLS,NO CONTROLS,CLEAR,DAYLIGHT,PEDALCYCLIST,T-INTERSECTION,STRAIGHT AND LEVEL,DRY,NO DEFECTS,,NOT APPLICABLE,NOT APPLICABLE,,"REPORTED, NOT EVIDENT",16,8,41.9052529661,-87.7238126034,2019,30,POINT (-87.7238126034 41.9052529661),,,,,2019-08-09,False,22,Humboldt Park
2964,10,NO CONTROLS,NO CONTROLS,CLEAR,DAYLIGHT,PEDALCYCLIST,NOT DIVIDED,STRAIGHT AND LEVEL,DRY,NO DEFECTS,,IMPROPER TURNING/NO SIGNAL,UNABLE TO DETERMINE,,NO INDICATION OF INJURY,17,8,41.7510204707,-87.6151022455,2019,10,POINT (-87.6151022455 41.7510204707),,,,,2019-08-09,False,43,Chatham
2965,30,NO CONTROLS,NO CONTROLS,CLEAR,DAYLIGHT,PEDALCYCLIST,DIVIDED - W/MEDIAN (NOT RAISED),STRAIGHT AND LEVEL,DRY,UNKNOWN,,FAILING TO YIELD RIGHT-OF-WAY,UNABLE TO DETERMINE,,NONINCAPACITATING INJURY,17,8,41.9282375747,-87.6524563734,2019,30,POINT (-87.6524563734 41.9282375747),,,,,2019-08-09,False,6,Lincoln Park
2966,35,TRAFFIC SIGNAL,FUNCTIONING PROPERLY,CLEAR,DAYLIGHT,PEDALCYCLIST,DIVIDED - W/MEDIAN (NOT RAISED),STRAIGHT AND LEVEL,DRY,NO DEFECTS,,UNABLE TO DETERMINE,NOT APPLICABLE,,"REPORTED, NOT EVIDENT",18,8,41.9902815547,-87.7083139834,2019,35,POINT (-87.7083139834 41.9902815547),,,,,2019-08-09,False,1,West Ridge
2967,30,TRAFFIC SIGNAL,FUNCTIONING PROPERLY,CLEAR,DAYLIGHT,PEDALCYCLIST,DIVIDED - W/MEDIAN (NOT RAISED),STRAIGHT AND LEVEL,DRY,NO DEFECTS,,UNABLE TO DETERMINE,UNABLE TO DETERMINE,,NO INDICATION OF INJURY,18,8,41.8803545563,-87.7649481363,2019,30,POINT (-87.7649481363 41.8803545563),,,,,2019-08-09,False,24,Austin
2968,30,STOP SIGN/FLASHER,FUNCTIONING PROPERLY,CLEAR,DAWN,PEDALCYCLIST,DIVIDED - W/MEDIAN (NOT RAISED),STRAIGHT AND LEVEL,DRY,NO DEFECTS,,UNABLE TO DETERMINE,NOT APPLICABLE,,NO INDICATION OF INJURY,20,8,41.9729595562,-87.6865054667,2019,30,POINT (-87.6865054667 41.9729595562),,,,,2019-08-09,False,3,Lincoln Square
2969,30,STOP SIGN/FLASHER,FUNCTIONING PROPERLY,CLEAR,"DARKNESS, LIGHTED ROAD",PEDALCYCLIST,NOT DIVIDED,STRAIGHT AND LEVEL,DRY,NO DEFECTS,Y,DISREGARDING STOP SIGN,FAILING TO REDUCE SPEED TO AVOID CRASH,,NO INDICATION OF INJURY,23,8,41.8817214448,-87.6542135342,2019,30,POINT (-87.6542135342 41.8817214448),,,,,2019-08-09,False,27,Near West Side
2970,30,STOP SIGN/FLASHER,UNKNOWN,CLEAR,DARKNESS,PEDALCYCLIST,NOT DIVIDED,STRAIGHT AND LEVEL,UNKNOWN,UNKNOWN,Y,UNABLE TO DETERMINE,NOT APPLICABLE,,INCAPACITATING INJURY,2,8,41.8708195719,-87.7084065204,2019,30,POINT (-87.7084065204 41.8708195719),,,,,2019-08-10,True,26,Garfield Park
2971,30,TRAFFIC SIGNAL,FUNCTIONING IMPROPERLY,CLEAR,DAYLIGHT,PEDALCYCLIST,FOUR WAY,STRAIGHT AND LEVEL,DRY,NO DEFECTS,Y,DISREGARDING TRAFFIC SIGNALS,DISREGARDING OTHER TRAFFIC SIGNS,,NONINCAPACITATING INJURY,7,8,41.8832333163,-87.642848063,2019,30,POINT (-87.642848063 41.8832333163),,,,,2019-08-10,False,27,Near West Side
2972,30,TRAFFIC SIGNAL,FUNCTIONING PROPERLY,CLEAR,DAYLIGHT,PEDALCYCLIST,NOT DIVIDED,STRAIGHT AND LEVEL,DRY,NO DEFECTS,Y,"VISION OBSCURED (SIGNS, TREE LIMBS, BUILDINGS, ETC.)",UNABLE TO DETERMINE,,NONINCAPACITATING INJURY,9,8,41.8308749599,-87.6449536552,2019,30,POINT (-87.6449536552 41.8308749599),,,,,2019-08-10,False,59,Bridgeport
2973,30,NO CONTROLS,NO CONTROLS,CLEAR,DAYLIGHT,PEDALCYCLIST,NOT DIVIDED,STRAIGHT AND LEVEL,DRY,NO DEFECTS,,FOLLOWING TOO CLOSELY,FOLLOWING TOO CLOSELY,,NONINCAPACITATING INJURY,9,8,41.8444305017,-87.7030677078,2019,30,POINT (-87.7030677078 41.8444305017),,,,,2019-08-10,False,29,South Lawndale
2974,30,NO CONTROLS,NO CONTROLS,CLEAR,DAYLIGHT,PEDALCYCLIST,DIVIDED - W/MEDIAN BARRIER,STRAIGHT AND LEVEL,DRY,NO DEFECTS,,FAILING TO YIELD RIGHT-OF-WAY,IMPROPER TURNING/NO SIGNAL,Y,NONINCAPACITATING INJURY,12,8,41.9687784793,-87.6851136475,2019,30,POINT (-87.6851136475 41.9687784793),,,,,2019-08-10,False,3,Lincoln Square
2975,30,NO CONTROLS,NO CONTROLS,CLEAR,DAYLIGHT,PEDALCYCLIST,NOT DIVIDED,STRAIGHT AND LEVEL,DRY,UNKNOWN,,UNABLE TO DETERMINE,UNABLE TO DETERMINE,,NO INDICATION OF INJURY,12,8,41.9263189383,-87.6407688956,2019,30,POINT (-87.6407688956 41.9263189383),,,,,2019-08-10,False,6,Lincoln Park
2976,30,YIELD,FUNCTIONING PROPERLY,CLEAR,DAYLIGHT,PEDALCYCLIST,ONE-WAY,STRAIGHT AND LEVEL,DRY,NO DEFECTS,,DISTRACTION - FROM INSIDE VEHICLE,FAILING TO YIELD RIGHT-OF-WAY,,NONINCAPACITATING INJURY,14,8,41.8810423887,-87.6410195557,2019,30,POINT (-87.6410195557 41.8810423887),,,,,2019-08-10,False,27,Near West Side
2977,30,TRAFFIC SIGNAL,FUNCTIONING PROPERLY,CLEAR,DAYLIGHT,PEDALCYCLIST,FOUR WAY,STRAIGHT AND LEVEL,DRY,NO DEFECTS,Y,FAILING TO YIELD RIGHT-OF-WAY,NOT APPLICABLE,,NONINCAPACITATING INJURY,16,8,41.926005042,-87.6313043359,2019,30,POINT (-87.6313043359 41.926005042),,,,,2019-08-10,False,6,Lincoln Park
2978,30,TRAFFIC SIGNAL,FUNCTIONING PROPERLY,CLEAR,DAYLIGHT,PEDALCYCLIST,NOT DIVIDED,STRAIGHT AND LEVEL,DRY,NO DEFECTS,Y,IMPROPER TURNING/NO SIGNAL,NOT APPLICABLE,,NONINCAPACITATING INJURY,17,8,41.9040703508,-87.667367611,2019,30,POINT (-87.667367611 41.9040703508),,,,,2019-08-10,False,23,West Town
2979,30,NO CONTROLS,NO CONTROLS,CLEAR,DAYLIGHT,PEDALCYCLIST,NOT DIVIDED,STRAIGHT AND LEVEL,DRY,NO DEFECTS,Y,FAILING TO YIELD RIGHT-OF-WAY,NOT APPLICABLE,,NO INDICATION OF INJURY,18,8,41.9086112258,-87.6749320525,2019,30,POINT (-87.6749320525 41.9086112258),,,,,2019-08-10,False,23,West Town
2980,30,NO CONTROLS,NO CONTROLS,CLEAR,DARKNESS,PEDALCYCLIST,NOT DIVIDED,STRAIGHT AND LEVEL,DRY,NO DEFECTS,,FAILING TO YIELD RIGHT-OF-WAY,NOT APPLICABLE,Y,NONINCAPACITATING INJURY,21,8,41.9256562587,-87.6429850245,2019,30,POINT (-87.6429850245 41.9256562587),,,,,2019-08-10,False,6,Lincoln Park
2981,40,TRAFFIC SIGNAL,FUNCTIONING PROPERLY,CLEAR,"DARKNESS, LIGHTED ROAD",PEDALCYCLIST,T-INTERSECTION,STRAIGHT ON GRADE,DRY,NO DEFECTS,Y,DISREGARDING TRAFFIC SIGNALS,FAILING TO REDUCE SPEED TO AVOID CRASH,,NONINCAPACITATING INJURY,22,8,41.8808560477,-87.6176358918,2019,40,POINT (-87.6176358918 41.8808560477),,,,,2019-08-10,False,31,Loop