Unnamed: 0,POSTED_SPEED_LIMIT,TRAFFIC_CONTROL_DEVICE,DEVICE_CONDITION,WEATHER_CONDITION,LIGHTING_CONDITION,FIRST_CRASH_TYPE,TRAFFICWAY_TYPE,ALIGNMENT,ROADWAY_SURFACE_COND,ROAD_DEFECT,INTERSECTION_RELATED_I,PRIM_CONTRIBUTORY_CAUSE,SEC_CONTRIBUTORY_CAUSE,DOORING_I,MOST_SEVERE_INJURY,CRASH_HOUR,CRASH_MONTH,LATITUDE,LONGITUDE,CRASH_YEAR,SPEED_LIMIT,geometry,DISPLAYROU,the_geom,DIST,LANE_TYPE,CRASH_DATE,is_severe,index_right,CArea
2982,30,NO CONTROLS,NO CONTROLS,RAIN,DAYLIGHT,PEDALCYCLIST,DIVIDED - W/MEDIAN (NOT RAISED),STRAIGHT AND LEVEL,DRY,NO DEFECTS,,IMPROPER LANE USAGE,IMPROPER LANE USAGE,,NO INDICATION OF INJURY,11,8,41.8867101192,-87.6351386502,2019,30,POINT (-87.6351386502 41.8867101192),,,,,2019-08-11,False,7,Near North Side
2983,30,NO CONTROLS,NO CONTROLS,CLEAR,DAYLIGHT,PEDALCYCLIST,DIVIDED - W/MEDIAN (NOT RAISED),STRAIGHT AND LEVEL,DRY,NO DEFECTS,,UNABLE TO DETERMINE,NOT APPLICABLE,Y,NONINCAPACITATING INJURY,12,8,41.9172382129,-87.7114142434,2019,30,POINT (-87.7114142434 41.9172382129),,,,,2019-08-11,False,21,Logan Square
2984,30,NO CONTROLS,NO CONTROLS,CLEAR,DAYLIGHT,PEDALCYCLIST,DRIVEWAY,STRAIGHT AND LEVEL,DRY,NO DEFECTS,,IMPROPER OVERTAKING/PASSING,UNABLE TO DETERMINE,,NO INDICATION OF INJURY,12,8,41.8861736704,-87.6161086631,2019,30,POINT (-87.6161086631 41.8861736704),,,,,2019-08-11,False,31,Loop
2985,30,TRAFFIC SIGNAL,FUNCTIONING PROPERLY,CLEAR,DAYLIGHT,PEDALCYCLIST,DIVIDED - W/MEDIAN (NOT RAISED),STRAIGHT AND LEVEL,DRY,NO DEFECTS,,UNABLE TO DETERMINE,UNABLE TO DETERMINE,,INCAPACITATING INJURY,14,8,41.9248316305,-87.726928411,2019,30,POINT (-87.726928411 41.9248316305),,,,,2019-08-11,True,19,Hermosa
2986,35,TRAFFIC SIGNAL,FUNCTIONING PROPERLY,CLEAR,DAYLIGHT,PEDALCYCLIST,DIVIDED - W/MEDIAN (NOT RAISED),STRAIGHT AND LEVEL,DRY,NO DEFECTS,,DRIVING SKILLS/KNOWLEDGE/EXPERIENCE,NOT APPLICABLE,Y,NONINCAPACITATING INJURY,18,8,41.9587788935,-87.7276182198,2019,35,POINT (-87.7276182198 41.9587788935),,,,,2019-08-11,False,15,Irving Park
2987,25,NO CONTROLS,NO CONTROLS,CLEAR,DAYLIGHT,PEDALCYCLIST,ALLEY,STRAIGHT AND LEVEL,DRY,NO DEFECTS,,UNABLE TO DETERMINE,UNABLE TO DETERMINE,Y,NONINCAPACITATING INJURY,11,8,41.9030426702,-87.7252422358,2019,25,POINT (-87.7252422358 41.9030426702),,,,,2019-08-12,False,22,Humboldt Park
2988,30,NO CONTROLS,NO CONTROLS,CLEAR,DAYLIGHT,PEDALCYCLIST,NOT DIVIDED,STRAIGHT AND LEVEL,DRY,NO DEFECTS,Y,UNABLE TO DETERMINE,UNABLE TO DETERMINE,,NO INDICATION OF INJURY,12,8,41.9943938578,-87.7852475843,2019,30,POINT (-87.7852475843 41.9943938578),,,,,2019-08-12,False,10,Jefferson Park
2989,30,STOP SIGN/FLASHER,OTHER,RAIN,DAYLIGHT,PEDALCYCLIST,NOT DIVIDED,STRAIGHT AND LEVEL,WET,NO DEFECTS,Y,UNABLE TO DETERMINE,UNABLE TO DETERMINE,,NO INDICATION OF INJURY,15,8,41.841852477,-87.6578010356,2019,30,POINT (-87.6578010356 41.841852477),,,,,2019-08-12,False,30,Lower West Side
2990,25,STOP SIGN/FLASHER,FUNCTIONING PROPERLY,RAIN,DAYLIGHT,PEDALCYCLIST,FOUR WAY,STRAIGHT AND LEVEL,WET,NO DEFECTS,Y,"VISION OBSCURED (SIGNS, TREE LIMBS, BUILDINGS, ETC.)",IMPROPER LANE USAGE,,NO INDICATION OF INJURY,16,8,41.7954227598,-87.6939923565,2019,25,POINT (-87.6939923565 41.7954227598),,,,,2019-08-12,False,62,Gage Park
2991,30,TRAFFIC SIGNAL,FUNCTIONING PROPERLY,RAIN,DAYLIGHT,PEDALCYCLIST,DIVIDED - W/MEDIAN BARRIER,STRAIGHT AND LEVEL,WET,NO DEFECTS,Y,FAILING TO YIELD RIGHT-OF-WAY,DISREGARDING TRAFFIC SIGNALS,,NO INDICATION OF INJURY,16,8,41.8755691096,-87.6293832259,2019,30,POINT (-87.6293832259 41.8755691096),,,,,2019-08-12,False,31,Loop
2992,30,STOP SIGN/FLASHER,FUNCTIONING PROPERLY,RAIN,DAYLIGHT,PEDALCYCLIST,FOUR WAY,STRAIGHT AND LEVEL,WET,NO DEFECTS,Y,FAILING TO YIELD RIGHT-OF-WAY,UNABLE TO DETERMINE,,INCAPACITATING INJURY,16,8,41.9898591263,-87.6652738877,2019,30,POINT (-87.6652738877 41.9898591263),,,,,2019-08-12,True,76,Edgewater
2993,30,NO CONTROLS,NO CONTROLS,CLEAR,DAYLIGHT,PEDALCYCLIST,NOT DIVIDED,STRAIGHT AND LEVEL,DRY,NO DEFECTS,,UNABLE TO DETERMINE,NOT APPLICABLE,,NONINCAPACITATING INJURY,17,8,41.8892972195,-87.6326016482,2019,30,POINT (-87.6326016482 41.8892972195),,,,,2019-08-12,False,7,Near North Side
2994,30,TRAFFIC SIGNAL,FUNCTIONING PROPERLY,FREEZING RAIN/DRIZZLE,DAYLIGHT,PEDALCYCLIST,FOUR WAY,STRAIGHT AND LEVEL,WET,NO DEFECTS,Y,DISREGARDING TRAFFIC SIGNALS,DISREGARDING TRAFFIC SIGNALS,,NONINCAPACITATING INJURY,18,8,41.9286673801,-87.6682080383,2019,30,POINT (-87.6682080383 41.9286673801),,,,,2019-08-12,False,6,Lincoln Park
2995,30,STOP SIGN/FLASHER,NO CONTROLS,RAIN,DARKNESS,PEDALCYCLIST,FOUR WAY,STRAIGHT AND LEVEL,WET,UNKNOWN,Y,UNABLE TO DETERMINE,NOT APPLICABLE,,NONINCAPACITATING INJURY,21,8,41.9923303219,-87.6954732959,2019,30,POINT (-87.6954732959 41.9923303219),,,,,2019-08-12,False,1,West Ridge
2996,25,NO CONTROLS,NO CONTROLS,CLEAR,DAYLIGHT,PEDALCYCLIST,NOT DIVIDED,STRAIGHT AND LEVEL,DRY,NO DEFECTS,,IMPROPER LANE USAGE,NOT APPLICABLE,,NONINCAPACITATING INJURY,12,8,41.9706213767,-87.6834723987,2019,25,POINT (-87.6834723987 41.9706213767),,,,,2019-08-13,False,3,Lincoln Square
2997,30,NO CONTROLS,NO CONTROLS,CLEAR,DAYLIGHT,PEDALCYCLIST,NOT DIVIDED,STRAIGHT AND LEVEL,DRY,NO DEFECTS,,NOT APPLICABLE,NOT APPLICABLE,,NO INDICATION OF INJURY,17,8,41.7951811812,-87.7110944738,2019,30,POINT (-87.7110944738 41.7951811812),,,,,2019-08-13,False,62,Gage Park
2998,30,STOP SIGN/FLASHER,FUNCTIONING PROPERLY,CLEAR,DAYLIGHT,PEDALCYCLIST,FOUR WAY,STRAIGHT AND LEVEL,DRY,NO DEFECTS,N,UNABLE TO DETERMINE,NOT APPLICABLE,,NO INDICATION OF INJURY,17,8,41.799603385,-87.5902934996,2019,30,POINT (-87.5902934996 41.799603385),,,,,2019-08-13,False,40,Hyde Park
2999,25,TRAFFIC SIGNAL,FUNCTIONING PROPERLY,CLOUDY/OVERCAST,DAYLIGHT,PEDALCYCLIST,DIVIDED - W/MEDIAN (NOT RAISED),STRAIGHT AND LEVEL,WET,NO DEFECTS,,UNABLE TO DETERMINE,UNABLE TO DETERMINE,Y,NO INDICATION OF INJURY,19,8,41.8968934133,-87.6204466528,2019,25,POINT (-87.6204466528 41.8968934133),,,,,2019-08-13,False,7,Near North Side
3000,30,NO CONTROLS,NO CONTROLS,CLEAR,DUSK,PEDALCYCLIST,NOT DIVIDED,STRAIGHT AND LEVEL,DRY,NO DEFECTS,,FAILING TO YIELD RIGHT-OF-WAY,UNABLE TO DETERMINE,,NONINCAPACITATING INJURY,19,8,41.9252823144,-87.6666170775,2019,30,POINT (-87.6666170775 41.9252823144),,,,,2019-08-13,False,6,Lincoln Park
3001,35,TRAFFIC SIGNAL,FUNCTIONING PROPERLY,UNKNOWN,DAYLIGHT,PEDALCYCLIST,DIVIDED - W/MEDIAN (NOT RAISED),STRAIGHT AND LEVEL,UNKNOWN,NO DEFECTS,Y,NOT APPLICABLE,NOT APPLICABLE,,NONINCAPACITATING INJURY,19,8,41.7644468993,-87.6931737199,2019,35,POINT (-87.6931737199 41.7644468993),,,,,2019-08-13,False,65,Chicago Lawn
3002,30,NO CONTROLS,NO CONTROLS,CLEAR,DUSK,PEDALCYCLIST,NOT DIVIDED,STRAIGHT AND LEVEL,WET,NO DEFECTS,Y,NOT APPLICABLE,NOT APPLICABLE,,NONINCAPACITATING INJURY,19,8,41.9364486699,-87.7857233323,2019,30,POINT (-87.7857233323 41.9364486699),,,,,2019-08-13,False,16,Dunning
3003,30,TRAFFIC SIGNAL,FUNCTIONING PROPERLY,CLEAR,DAYLIGHT,PEDALCYCLIST,NOT DIVIDED,STRAIGHT AND LEVEL,DRY,NO DEFECTS,Y,DISREGARDING TRAFFIC SIGNALS,FAILING TO YIELD RIGHT-OF-WAY,,NO INDICATION OF INJURY,8,8,41.9163911273,-87.6573679059,2019,30,POINT (-87.6573679059 41.9163911273),,,,,2019-08-14,False,6,Lincoln Park
3004,30,NO CONTROLS,NO CONTROLS,CLEAR,DAYLIGHT,PEDALCYCLIST,T-INTERSECTION,STRAIGHT AND LEVEL,DRY,NO DEFECTS,Y,FAILING TO YIELD RIGHT-OF-WAY,IMPROPER TURNING/NO SIGNAL,,NONINCAPACITATING INJURY,8,8,41.8825501856,-87.6295670459,2019,30,POINT (-87.6295670459 41.8825501856),,,,,2019-08-14,False,31,Loop
3005,30,NO CONTROLS,NO CONTROLS,CLEAR,DAYLIGHT,PEDALCYCLIST,ONE-WAY,STRAIGHT AND LEVEL,DRY,NO DEFECTS,,DRIVING SKILLS/KNOWLEDGE/EXPERIENCE,NOT APPLICABLE,Y,NONINCAPACITATING INJURY,9,8,41.8856195733,-87.6337797838,2019,30,POINT (-87.6337797838 41.8856195733),,,,,2019-08-14,False,31,Loop
3006,30,NO CONTROLS,NO CONTROLS,CLEAR,DAYLIGHT,PEDALCYCLIST,Y-INTERSECTION,STRAIGHT AND LEVEL,DRY,NO DEFECTS,Y,FAILING TO YIELD RIGHT-OF-WAY,NOT APPLICABLE,,NONINCAPACITATING INJURY,13,8,41.9836008699,-87.6956721752,2019,30,POINT (-87.6956721752 41.9836008699),,,,,2019-08-14,False,1,West Ridge
3007,30,NO CONTROLS,NO CONTROLS,RAIN,DAYLIGHT,PEDALCYCLIST,ONE-WAY,STRAIGHT AND LEVEL,DRY,UNKNOWN,,UNABLE TO DETERMINE,NOT APPLICABLE,,NO INDICATION OF INJURY,14,8,41.8406023958,-87.7153906324,2019,30,POINT (-87.7153906324 41.8406023958),,,,,2019-08-14,False,29,South Lawndale
3008,30,NO CONTROLS,NO CONTROLS,CLEAR,DAYLIGHT,PEDALCYCLIST,NOT DIVIDED,STRAIGHT AND LEVEL,DRY,NO DEFECTS,Y,UNABLE TO DETERMINE,NOT APPLICABLE,,NONINCAPACITATING INJURY,14,8,41.9440182059,-87.6783288147,2019,30,POINT (-87.6783288147 41.9440182059),,,,,2019-08-14,False,4,North Center
3009,30,STOP SIGN/FLASHER,FUNCTIONING PROPERLY,CLEAR,DAYLIGHT,PEDALCYCLIST,T-INTERSECTION,STRAIGHT AND LEVEL,UNKNOWN,UNKNOWN,Y,FAILING TO YIELD RIGHT-OF-WAY,UNABLE TO DETERMINE,,NONINCAPACITATING INJURY,14,8,41.9413159833,-87.7013367417,2019,30,POINT (-87.7013367417 41.9413159833),,,,,2019-08-14,False,15,Irving Park
3010,30,NO CONTROLS,NO CONTROLS,RAIN,DAYLIGHT,PEDALCYCLIST,ALLEY,STRAIGHT AND LEVEL,WET,NO DEFECTS,,NOT APPLICABLE,NOT APPLICABLE,,NONINCAPACITATING INJURY,15,8,41.924815427,-87.7084754218,2019,30,POINT (-87.7084754218 41.924815427),,,,,2019-08-14,False,21,Logan Square
3011,30,NO CONTROLS,NO CONTROLS,CLEAR,"DARKNESS, LIGHTED ROAD",PEDALCYCLIST,ONE-WAY,STRAIGHT AND LEVEL,DRY,NO DEFECTS,,UNABLE TO DETERMINE,NOT APPLICABLE,,NO INDICATION OF INJURY,16,8,41.9796249828,-87.6916783932,2019,30,POINT (-87.6916783932 41.9796249828),,,,,2019-08-14,False,3,Lincoln Square
3012,30,TRAFFIC SIGNAL,FUNCTIONING PROPERLY,UNKNOWN,DAYLIGHT,PEDALCYCLIST,NOT DIVIDED,STRAIGHT AND LEVEL,UNKNOWN,NO DEFECTS,,NOT APPLICABLE,UNABLE TO DETERMINE,,NO INDICATION OF INJURY,17,8,41.8518757868,-87.705196517,2019,30,POINT (-87.705196517 41.8518757868),,,,,2019-08-14,False,28,North Lawndale
3013,30,TRAFFIC SIGNAL,FUNCTIONING PROPERLY,CLOUDY/OVERCAST,DAWN,PEDALCYCLIST,FOUR WAY,STRAIGHT AND LEVEL,DRY,UNKNOWN,Y,FOLLOWING TOO CLOSELY,NOT APPLICABLE,,"REPORTED, NOT EVIDENT",18,8,41.8518757868,-87.705196517,2019,30,POINT (-87.705196517 41.8518757868),,,,,2019-08-14,False,28,North Lawndale
3014,30,NO CONTROLS,NO CONTROLS,CLEAR,DAYLIGHT,PEDALCYCLIST,NOT DIVIDED,STRAIGHT AND LEVEL,DRY,NO DEFECTS,,UNABLE TO DETERMINE,NOT APPLICABLE,,NONINCAPACITATING INJURY,18,8,41.8963052888,-87.6594501474,2019,30,POINT (-87.6594501474 41.8963052888),,,,,2019-08-14,False,23,West Town
3015,35,TRAFFIC SIGNAL,UNKNOWN,CLEAR,DAYLIGHT,PEDALCYCLIST,NOT DIVIDED,STRAIGHT AND LEVEL,DRY,UNKNOWN,Y,FAILING TO REDUCE SPEED TO AVOID CRASH,DRIVING SKILLS/KNOWLEDGE/EXPERIENCE,Y,"REPORTED, NOT EVIDENT",6,8,41.8229542941,-87.685012986,2019,35,POINT (-87.685012986 41.8229542941),,,,,2019-08-15,False,57,Brighton Park
3016,30,NO CONTROLS,NO CONTROLS,CLEAR,DAYLIGHT,PEDALCYCLIST,DIVIDED - W/MEDIAN (NOT RAISED),STRAIGHT AND LEVEL,DRY,NO DEFECTS,,FAILING TO YIELD RIGHT-OF-WAY,NOT APPLICABLE,,NO INDICATION OF INJURY,14,8,41.7788691931,-87.7026512775,2019,30,POINT (-87.7026512775 41.7788691931),,,,,2019-08-15,False,65,Chicago Lawn
3017,30,TRAFFIC SIGNAL,FUNCTIONING PROPERLY,CLEAR,DAYLIGHT,PEDALCYCLIST,NOT DIVIDED,STRAIGHT AND LEVEL,DRY,NO DEFECTS,,UNABLE TO DETERMINE,NOT APPLICABLE,Y,"REPORTED, NOT EVIDENT",15,8,41.9221401156,-87.643929155,2019,30,POINT (-87.643929155 41.9221401156),,,,,2019-08-15,False,6,Lincoln Park
3018,30,TRAFFIC SIGNAL,FUNCTIONING PROPERLY,CLEAR,DAYLIGHT,PEDALCYCLIST,NOT DIVIDED,STRAIGHT AND LEVEL,DRY,NO DEFECTS,Y,IMPROPER LANE USAGE,UNABLE TO DETERMINE,Y,NONINCAPACITATING INJURY,16,8,41.9249743459,-87.677749104,2019,30,POINT (-87.677749104 41.9249743459),,,,,2019-08-15,False,6,Lincoln Park
3019,30,NO CONTROLS,NO CONTROLS,CLEAR,DAYLIGHT,PEDALCYCLIST,DIVIDED - W/MEDIAN (NOT RAISED),STRAIGHT AND LEVEL,DRY,NO DEFECTS,,IMPROPER LANE USAGE,NOT APPLICABLE,,INCAPACITATING INJURY,17,8,41.7795385332,-87.6835019917,2019,30,POINT (-87.6835019917 41.7795385332),,,,,2019-08-15,True,65,Chicago Lawn
3020,30,STOP SIGN/FLASHER,FUNCTIONING PROPERLY,CLEAR,DAYLIGHT,PEDALCYCLIST,NOT DIVIDED,STRAIGHT AND LEVEL,DRY,NO DEFECTS,,FAILING TO YIELD RIGHT-OF-WAY,NOT APPLICABLE,Y,NONINCAPACITATING INJURY,17,8,41.9214396202,-87.6639435305,2019,30,POINT (-87.6639435305 41.9214396202),,,,,2019-08-15,False,6,Lincoln Park
3021,30,NO CONTROLS,NO CONTROLS,CLEAR,DARKNESS,PEDALCYCLIST,DIVIDED - W/MEDIAN (NOT RAISED),STRAIGHT AND LEVEL,DRY,NO DEFECTS,Y,NOT APPLICABLE,NOT APPLICABLE,,NONINCAPACITATING INJURY,19,8,41.8499357016,-87.6991819582,2019,30,POINT (-87.6991819582 41.8499357016),,,,,2019-08-15,False,28,North Lawndale
3022,30,TRAFFIC SIGNAL,FUNCTIONING PROPERLY,CLEAR,"DARKNESS, LIGHTED ROAD",PEDALCYCLIST,DIVIDED - W/MEDIAN (NOT RAISED),STRAIGHT AND LEVEL,DRY,NO DEFECTS,Y,DISREGARDING TRAFFIC SIGNALS,FAILING TO REDUCE SPEED TO AVOID CRASH,,INCAPACITATING INJURY,2,8,41.9007588511,-87.6239842545,2019,30,POINT (-87.6239842545 41.9007588511),,,,,2019-08-16,True,7,Near North Side
3023,30,NO CONTROLS,NO CONTROLS,CLEAR,DAYLIGHT,PEDALCYCLIST,DIVIDED - W/MEDIAN (NOT RAISED),STRAIGHT AND LEVEL,DRY,NO DEFECTS,,FAILING TO YIELD RIGHT-OF-WAY,IMPROPER TURNING/NO SIGNAL,,NONINCAPACITATING INJURY,11,8,41.9076341646,-87.6775345727,2019,30,POINT (-87.6775345727 41.9076341646),,,,,2019-08-16,False,23,West Town
3024,30,NO CONTROLS,NO CONTROLS,CLEAR,DAYLIGHT,PEDALCYCLIST,NOT DIVIDED,STRAIGHT AND LEVEL,DRY,NO DEFECTS,Y,UNABLE TO DETERMINE,UNABLE TO DETERMINE,,NONINCAPACITATING INJURY,13,8,41.9337586932,-87.6903079529,2019,30,POINT (-87.6903079529 41.9337586932),,,,,2019-08-16,False,4,North Center
3025,30,NO CONTROLS,FUNCTIONING PROPERLY,CLEAR,DAYLIGHT,PEDALCYCLIST,NOT DIVIDED,STRAIGHT AND LEVEL,DRY,NO DEFECTS,,FAILING TO YIELD RIGHT-OF-WAY,NOT APPLICABLE,,"REPORTED, NOT EVIDENT",14,8,41.8963079258,-87.6592665836,2019,30,POINT (-87.6592665836 41.8963079258),,,,,2019-08-16,False,23,West Town
3026,30,NO CONTROLS,NO CONTROLS,CLEAR,DAYLIGHT,PEDALCYCLIST,ALLEY,STRAIGHT AND LEVEL,DRY,NO DEFECTS,,UNABLE TO DETERMINE,NOT APPLICABLE,,NO INDICATION OF INJURY,15,8,41.7062447874,-87.6878112926,2019,30,POINT (-87.6878112926 41.7062447874),,,,,2019-08-16,False,71,Beverly
3027,30,NO CONTROLS,UNKNOWN,CLEAR,DAYLIGHT,PEDALCYCLIST,NOT DIVIDED,STRAIGHT AND LEVEL,DRY,NO DEFECTS,N,FAILING TO YIELD RIGHT-OF-WAY,NOT APPLICABLE,,NONINCAPACITATING INJURY,17,8,41.8544336249,-87.680665883,2019,30,POINT (-87.680665883 41.8544336249),,,,,2019-08-16,False,30,Lower West Side
3028,35,NO CONTROLS,NO CONTROLS,CLEAR,DAYLIGHT,PEDALCYCLIST,NOT DIVIDED,STRAIGHT AND LEVEL,DRY,NO DEFECTS,,FAILING TO YIELD RIGHT-OF-WAY,NOT APPLICABLE,Y,NONINCAPACITATING INJURY,17,8,41.9933146115,-87.6602220129,2019,35,POINT (-87.6602220129 41.9933146115),,,,,2019-08-16,False,76,Edgewater
3029,30,NO CONTROLS,NO CONTROLS,CLEAR,DAYLIGHT,PEDALCYCLIST,DIVIDED - W/MEDIAN (NOT RAISED),STRAIGHT AND LEVEL,DRY,NO DEFECTS,,IMPROPER LANE USAGE,NOT APPLICABLE,,NO INDICATION OF INJURY,18,8,41.9845442607,-87.6613367294,2019,30,POINT (-87.6613367294 41.9845442607),,,,,2019-08-16,False,76,Edgewater
3030,30,NO CONTROLS,NO CONTROLS,CLEAR,DUSK,PEDALCYCLIST,NOT DIVIDED,STRAIGHT AND LEVEL,DRY,NO DEFECTS,,UNABLE TO DETERMINE,NOT APPLICABLE,,NONINCAPACITATING INJURY,19,8,41.9090903976,-87.6332325821,2019,30,POINT (-87.6332325821 41.9090903976),,,,,2019-08-16,False,7,Near North Side
3031,30,STOP SIGN/FLASHER,FUNCTIONING PROPERLY,CLEAR,"DARKNESS, LIGHTED ROAD",PEDALCYCLIST,DIVIDED - W/MEDIAN (NOT RAISED),STRAIGHT AND LEVEL,DRY,NO DEFECTS,Y,DISREGARDING STOP SIGN,UNABLE TO DETERMINE,,NO INDICATION OF INJURY,21,8,41.9218650433,-87.6525076454,2019,30,POINT (-87.6525076454 41.9218650433),,,,,2019-08-16,False,6,Lincoln Park
3032,35,NO CONTROLS,NO CONTROLS,CLEAR,"DARKNESS, LIGHTED ROAD",PEDALCYCLIST,NOT DIVIDED,STRAIGHT AND LEVEL,DRY,NO DEFECTS,,UNABLE TO DETERMINE,UNABLE TO DETERMINE,Y,"REPORTED, NOT EVIDENT",21,8,41.9383807258,-87.6441967366,2019,35,POINT (-87.6441967366 41.9383807258),,,,,2019-08-16,False,5,Lake View
3033,30,TRAFFIC SIGNAL,FUNCTIONING PROPERLY,CLEAR,DAYLIGHT,PEDALCYCLIST,DIVIDED - W/MEDIAN (NOT RAISED),STRAIGHT AND LEVEL,DRY,NO DEFECTS,Y,UNABLE TO DETERMINE,UNABLE TO DETERMINE,,NO INDICATION OF INJURY,10,8,41.7683929797,-87.6737700561,2019,30,POINT (-87.6737700561 41.7683929797),,,,,2019-08-17,False,66,Englewood
3034,30,TRAFFIC SIGNAL,FUNCTIONING PROPERLY,CLOUDY/OVERCAST,DAYLIGHT,PEDALCYCLIST,NOT DIVIDED,STRAIGHT AND LEVEL,DRY,NO DEFECTS,Y,FAILING TO YIELD RIGHT-OF-WAY,NOT APPLICABLE,,"REPORTED, NOT EVIDENT",10,8,41.865992907,-87.7299996962,2019,30,POINT (-87.7299996962 41.865992907),,,,,2019-08-17,False,28,North Lawndale
3035,30,STOP SIGN/FLASHER,FUNCTIONING PROPERLY,CLEAR,DAYLIGHT,PEDALCYCLIST,T-INTERSECTION,STRAIGHT AND LEVEL,DRY,NO DEFECTS,Y,FAILING TO YIELD RIGHT-OF-WAY,DISREGARDING STOP SIGN,,NONINCAPACITATING INJURY,13,8,41.8909724651,-87.6745905831,2019,30,POINT (-87.6745905831 41.8909724651),,,,,2019-08-17,False,23,West Town
3036,30,TRAFFIC SIGNAL,FUNCTIONING PROPERLY,CLOUDY/OVERCAST,DAYLIGHT,PEDALCYCLIST,DIVIDED - W/MEDIAN (NOT RAISED),STRAIGHT AND LEVEL,WET,NO DEFECTS,Y,DISREGARDING ROAD MARKINGS,DRIVING ON WRONG SIDE/WRONG WAY,,NONINCAPACITATING INJURY,14,8,41.9250478523,-87.677753522,2019,30,POINT (-87.677753522 41.9250478523),,,,,2019-08-17,False,6,Lincoln Park
3037,30,NO CONTROLS,NO CONTROLS,UNKNOWN,DAYLIGHT,PEDALCYCLIST,NOT DIVIDED,STRAIGHT AND LEVEL,UNKNOWN,NO DEFECTS,,UNABLE TO DETERMINE,NOT APPLICABLE,,NONINCAPACITATING INJURY,14,8,41.9168305511,-87.7453878618,2019,30,POINT (-87.7453878618 41.9168305511),,,,,2019-08-17,False,18,Belmont Cragin
3038,15,STOP SIGN/FLASHER,FUNCTIONING PROPERLY,CLEAR,DAYLIGHT,PEDALCYCLIST,FOUR WAY,STRAIGHT AND LEVEL,DRY,NO DEFECTS,Y,UNABLE TO DETERMINE,UNABLE TO DETERMINE,,NONINCAPACITATING INJURY,15,8,41.9945433826,-87.6654298175,2019,15,POINT (-87.6654298175 41.9945433826),,,,,2019-08-17,False,76,Edgewater
3039,30,NO CONTROLS,NO CONTROLS,CLEAR,DAYLIGHT,PEDALCYCLIST,NOT DIVIDED,STRAIGHT AND LEVEL,DRY,NO DEFECTS,,UNABLE TO DETERMINE,NOT APPLICABLE,,NO INDICATION OF INJURY,16,8,41.8938974142,-87.6670793546,2019,30,POINT (-87.6670793546 41.8938974142),,,,,2019-08-17,False,23,West Town
3040,30,NO CONTROLS,NO CONTROLS,CLEAR,DAYLIGHT,PEDALCYCLIST,CENTER TURN LANE,STRAIGHT AND LEVEL,DRY,NO DEFECTS,Y,"VISION OBSCURED (SIGNS, TREE LIMBS, BUILDINGS, ETC.)",UNABLE TO DETERMINE,,NONINCAPACITATING INJURY,18,8,41.9854741677,-87.6633180164,2019,30,POINT (-87.6633180164 41.9854741677),,,,,2019-08-17,False,76,Edgewater
3041,20,STOP SIGN/FLASHER,UNKNOWN,CLEAR,DAYLIGHT,PEDALCYCLIST,ONE-WAY,STRAIGHT AND LEVEL,DRY,UNKNOWN,,UNABLE TO DETERMINE,UNABLE TO DETERMINE,,NONINCAPACITATING INJURY,18,8,41.7904330722,-87.6535033409,2019,20,POINT (-87.6535033409 41.7904330722),,,,,2019-08-17,False,67,Englewood
3042,30,NO CONTROLS,NO CONTROLS,CLEAR,"DARKNESS, LIGHTED ROAD",PEDALCYCLIST,NOT DIVIDED,STRAIGHT AND LEVEL,DRY,UNKNOWN,,UNABLE TO DETERMINE,UNABLE TO DETERMINE,Y,NO INDICATION OF INJURY,22,8,41.9314068899,-87.6539639083,2019,30,POINT (-87.6539639083 41.9314068899),,,,,2019-08-17,False,6,Lincoln Park
3043,30,TRAFFIC SIGNAL,FUNCTIONING PROPERLY,CLEAR,DAYLIGHT,PEDALCYCLIST,NOT DIVIDED,STRAIGHT AND LEVEL,DRY,NO DEFECTS,Y,FAILING TO YIELD RIGHT-OF-WAY,"OPERATING VEHICLE IN ERRATIC, RECKLESS, CARELESS, NEGLIGENT OR AGGRESSIVE MANNER",,NONINCAPACITATING INJURY,6,8,41.86735016,-87.6407970803,2019,30,POINT (-87.6407970803 41.86735016),,,,,2019-08-18,False,27,Near West Side
3044,30,NO CONTROLS,NO CONTROLS,RAIN,DAYLIGHT,PEDALCYCLIST,ONE-WAY,STRAIGHT AND LEVEL,WET,NO DEFECTS,Y,FAILING TO REDUCE SPEED TO AVOID CRASH,WEATHER,,NONINCAPACITATING INJURY,8,8,41.8658940965,-87.6242001191,2019,30,POINT (-87.6242001191 41.8658940965),,,,,2019-08-18,False,32,Near South Side
3045,30,NO CONTROLS,NO CONTROLS,CLEAR,DAYLIGHT,PEDALCYCLIST,DIVIDED - W/MEDIAN (NOT RAISED),STRAIGHT AND LEVEL,DRY,NO DEFECTS,,FAILING TO YIELD RIGHT-OF-WAY,NOT APPLICABLE,Y,NONINCAPACITATING INJURY,13,8,41.9320278345,-87.7165851156,2019,30,POINT (-87.7165851156 41.9320278345),,,,,2019-08-18,False,20,Avondale
3046,30,TRAFFIC SIGNAL,FUNCTIONING PROPERLY,CLEAR,DAYLIGHT,PEDALCYCLIST,FOUR WAY,STRAIGHT AND LEVEL,DRY,NO DEFECTS,,FAILING TO YIELD RIGHT-OF-WAY,NOT APPLICABLE,,NO INDICATION OF INJURY,15,8,41.7126116891,-87.6138595145,2019,30,POINT (-87.6138595145 41.7126116891),,,,,2019-08-18,False,48,Roseland