Unnamed: 0,POSTED_SPEED_LIMIT,TRAFFIC_CONTROL_DEVICE,DEVICE_CONDITION,WEATHER_CONDITION,LIGHTING_CONDITION,FIRST_CRASH_TYPE,TRAFFICWAY_TYPE,ALIGNMENT,ROADWAY_SURFACE_COND,ROAD_DEFECT,INTERSECTION_RELATED_I,PRIM_CONTRIBUTORY_CAUSE,SEC_CONTRIBUTORY_CAUSE,DOORING_I,MOST_SEVERE_INJURY,CRASH_HOUR,CRASH_MONTH,LATITUDE,LONGITUDE,CRASH_YEAR,SPEED_LIMIT,geometry,DISPLAYROU,the_geom,DIST,LANE_TYPE,CRASH_DATE,is_severe,index_right,CArea
3048,30,STOP SIGN/FLASHER,FUNCTIONING PROPERLY,CLEAR,DUSK,PEDALCYCLIST,NOT DIVIDED,STRAIGHT AND LEVEL,DRY,NO DEFECTS,Y,NOT APPLICABLE,NOT APPLICABLE,,NONINCAPACITATING INJURY,19,8,41.9067982937,-87.6344319001,2019,30,POINT (-87.6344319001 41.9067982937),,,,,2019-08-18,False,7,Near North Side
3049,30,TRAFFIC SIGNAL,UNKNOWN,CLEAR,"DARKNESS, LIGHTED ROAD",PEDALCYCLIST,NOT DIVIDED,STRAIGHT AND LEVEL,DRY,UNKNOWN,Y,DISREGARDING TRAFFIC SIGNALS,"VISION OBSCURED (SIGNS, TREE LIMBS, BUILDINGS, ETC.)",,"REPORTED, NOT EVIDENT",20,8,41.9974374304,-87.7638591954,2019,30,POINT (-87.7638591954 41.9974374304),,,,,2019-08-18,False,11,Forest Glen
3050,25,STOP SIGN/FLASHER,FUNCTIONING PROPERLY,CLEAR,DAYLIGHT,PEDALCYCLIST,NOT DIVIDED,STRAIGHT AND LEVEL,DRY,NO DEFECTS,Y,UNABLE TO DETERMINE,UNABLE TO DETERMINE,,NONINCAPACITATING INJURY,7,8,41.7816927355,-87.768122256,2019,25,POINT (-87.768122256 41.7816927355),,,,,2019-08-19,False,63,Clearing
3051,30,NO CONTROLS,NO CONTROLS,CLEAR,DAYLIGHT,PEDALCYCLIST,NOT DIVIDED,STRAIGHT AND LEVEL,DRY,NO DEFECTS,,UNABLE TO DETERMINE,NOT APPLICABLE,Y,NONINCAPACITATING INJURY,12,8,41.8860834918,-87.6488012339,2019,30,POINT (-87.6488012339 41.8860834918),,,,,2019-08-19,False,27,Near West Side
3052,30,NO CONTROLS,NO CONTROLS,CLEAR,DAYLIGHT,PEDALCYCLIST,NOT DIVIDED,STRAIGHT AND LEVEL,DRY,NO DEFECTS,,"VISION OBSCURED (SIGNS, TREE LIMBS, BUILDINGS, ETC.)","VISION OBSCURED (SIGNS, TREE LIMBS, BUILDINGS, ETC.)",,INCAPACITATING INJURY,13,8,41.9920045524,-87.7550859447,2019,30,POINT (-87.7550859447 41.9920045524),,,,,2019-08-19,True,10,Jefferson Park
3053,30,TRAFFIC SIGNAL,FUNCTIONING PROPERLY,CLEAR,DAYLIGHT,PEDALCYCLIST,FOUR WAY,STRAIGHT AND LEVEL,DRY,NO DEFECTS,Y,BICYCLE ADVANCING LEGALLY ON RED LIGHT,NOT APPLICABLE,,NO INDICATION OF INJURY,14,8,41.881422591,-87.6767064773,2019,30,POINT (-87.6767064773 41.881422591),,,,,2019-08-19,False,27,Near West Side
3054,30,NO CONTROLS,NO CONTROLS,CLEAR,DAYLIGHT,PEDALCYCLIST,NOT DIVIDED,STRAIGHT AND LEVEL,DRY,NO DEFECTS,,UNABLE TO DETERMINE,UNABLE TO DETERMINE,,INCAPACITATING INJURY,14,8,41.8363797408,-87.6948535669,2019,30,POINT (-87.6948535669 41.8363797408),,,,,2019-08-19,True,29,South Lawndale
3055,25,STOP SIGN/FLASHER,NO CONTROLS,CLEAR,DAYLIGHT,PEDALCYCLIST,NOT DIVIDED,STRAIGHT AND LEVEL,DRY,NO DEFECTS,,UNABLE TO DETERMINE,UNABLE TO DETERMINE,,NONINCAPACITATING INJURY,15,8,41.8972148197,-87.7311498474,2019,25,POINT (-87.7311498474 41.8972148197),,,,,2019-08-19,False,22,Humboldt Park
3056,30,NO CONTROLS,NO CONTROLS,CLEAR,DAYLIGHT,PEDALCYCLIST,T-INTERSECTION,STRAIGHT AND LEVEL,UNKNOWN,UNKNOWN,Y,UNABLE TO DETERMINE,NOT APPLICABLE,,NONINCAPACITATING INJURY,16,8,41.8268121999,-87.6832370864,2019,30,POINT (-87.6832370864 41.8268121999),,,,,2019-08-19,False,58,Mckinley Park
3057,25,TRAFFIC SIGNAL,FUNCTIONING PROPERLY,CLEAR,DAYLIGHT,PEDALCYCLIST,T-INTERSECTION,STRAIGHT AND LEVEL,DRY,NO DEFECTS,,UNABLE TO DETERMINE,NOT APPLICABLE,,NONINCAPACITATING INJURY,16,8,41.8759788558,-87.6861397482,2019,25,POINT (-87.6861397482 41.8759788558),,,,,2019-08-19,False,27,Near West Side
3058,30,TRAFFIC SIGNAL,FUNCTIONING PROPERLY,CLEAR,DAYLIGHT,PEDALCYCLIST,DIVIDED - W/MEDIAN (NOT RAISED),STRAIGHT AND LEVEL,DRY,NO DEFECTS,Y,UNABLE TO DETERMINE,UNABLE TO DETERMINE,,NO INDICATION OF INJURY,16,8,41.8934847951,-87.6477338421,2019,30,POINT (-87.6477338421 41.8934847951),,,,,2019-08-20,False,7,Near North Side
3059,30,STOP SIGN/FLASHER,FUNCTIONING PROPERLY,CLEAR,DAYLIGHT,PEDALCYCLIST,NOT DIVIDED,STRAIGHT AND LEVEL,DRY,NO DEFECTS,Y,FAILING TO YIELD RIGHT-OF-WAY,UNABLE TO DETERMINE,N,NONINCAPACITATING INJURY,17,8,41.8958252832,-87.6893713157,2019,30,POINT (-87.6893713157 41.8958252832),,,,,2019-08-20,False,23,West Town
3060,30,UNKNOWN,UNKNOWN,UNKNOWN,UNKNOWN,PEDALCYCLIST,UNKNOWN,STRAIGHT AND LEVEL,UNKNOWN,UNKNOWN,Y,UNABLE TO DETERMINE,NOT APPLICABLE,,NONINCAPACITATING INJURY,17,8,41.9372218452,-87.6486373119,2019,30,POINT (-87.6486373119 41.9372218452),,,,,2019-08-20,False,5,Lake View
3061,30,NO CONTROLS,NO CONTROLS,CLEAR,DAYLIGHT,PEDALCYCLIST,NOT DIVIDED,STRAIGHT AND LEVEL,UNKNOWN,NO DEFECTS,,UNABLE TO DETERMINE,UNABLE TO DETERMINE,,NONINCAPACITATING INJURY,17,8,41.8825679411,-87.6519089241,2019,30,POINT (-87.6519089241 41.8825679411),,,,,2019-08-20,False,27,Near West Side
3062,30,TRAFFIC SIGNAL,FUNCTIONING PROPERLY,CLEAR,DAYLIGHT,PEDALCYCLIST,NOT DIVIDED,STRAIGHT AND LEVEL,WET,NO DEFECTS,Y,FAILING TO REDUCE SPEED TO AVOID CRASH,UNABLE TO DETERMINE,,NO INDICATION OF INJURY,17,8,41.9142739715,-87.6349535646,2019,30,POINT (-87.6349535646 41.9142739715),,,,,2019-08-20,False,6,Lincoln Park
3063,25,NO CONTROLS,NO CONTROLS,CLEAR,DAYLIGHT,PEDALCYCLIST,NOT DIVIDED,STRAIGHT AND LEVEL,WET,NO DEFECTS,,UNABLE TO DETERMINE,NOT APPLICABLE,,INCAPACITATING INJURY,17,8,41.9009949089,-87.72610703,2019,25,POINT (-87.72610703 41.9009949089),,,,,2019-08-20,True,22,Humboldt Park
3064,35,NO CONTROLS,NO CONTROLS,CLEAR,DAYLIGHT,PEDALCYCLIST,NOT DIVIDED,STRAIGHT AND LEVEL,DRY,UNKNOWN,,FOLLOWING TOO CLOSELY,NOT APPLICABLE,,"REPORTED, NOT EVIDENT",18,8,41.9232467649,-87.6459001836,2019,35,POINT (-87.6459001836 41.9232467649),,,,,2019-08-20,False,6,Lincoln Park
3065,30,TRAFFIC SIGNAL,FUNCTIONING PROPERLY,CLEAR,DAYLIGHT,PEDALCYCLIST,DIVIDED - W/MEDIAN (NOT RAISED),STRAIGHT AND LEVEL,DRY,NO DEFECTS,,IMPROPER LANE USAGE,"OPERATING VEHICLE IN ERRATIC, RECKLESS, CARELESS, NEGLIGENT OR AGGRESSIVE MANNER",,NO INDICATION OF INJURY,18,8,41.9949144777,-87.6605635959,2019,30,POINT (-87.6605635959 41.9949144777),,,,,2019-08-20,False,76,Edgewater
3066,30,NO CONTROLS,NO CONTROLS,CLEAR,DAYLIGHT,PEDALCYCLIST,ONE-WAY,STRAIGHT AND LEVEL,DRY,NO DEFECTS,,NOT APPLICABLE,NOT APPLICABLE,,NO INDICATION OF INJURY,19,8,41.7383350583,-87.6508296548,2019,30,POINT (-87.6508296548 41.7383350583),,,,,2019-08-20,False,70,Auburn Gresham
3067,35,NO CONTROLS,NO CONTROLS,CLEAR,DAYLIGHT,PEDALCYCLIST,NOT DIVIDED,STRAIGHT AND LEVEL,DRY,NO DEFECTS,,FOLLOWING TOO CLOSELY,DISREGARDING ROAD MARKINGS,,NONINCAPACITATING INJURY,9,8,41.8999269232,-87.6608879964,2019,35,POINT (-87.6608879964 41.8999269232),,,,,2019-08-21,False,23,West Town
3068,30,TRAFFIC SIGNAL,FUNCTIONING PROPERLY,CLEAR,DAYLIGHT,PEDALCYCLIST,FOUR WAY,STRAIGHT AND LEVEL,DRY,NO DEFECTS,Y,FAILING TO YIELD RIGHT-OF-WAY,NOT APPLICABLE,,NONINCAPACITATING INJURY,13,8,41.8675710154,-87.6305864739,2019,30,POINT (-87.6305864739 41.8675710154),,,,,2019-08-21,False,31,Loop
3069,25,NO CONTROLS,NO CONTROLS,CLEAR,DAYLIGHT,PEDALCYCLIST,NOT DIVIDED,STRAIGHT AND LEVEL,DRY,NO DEFECTS,,NOT APPLICABLE,UNABLE TO DETERMINE,Y,NONINCAPACITATING INJURY,17,8,41.9389353915,-87.667850536,2019,25,POINT (-87.667850536 41.9389353915),,,,,2019-08-21,False,5,Lake View
3070,10,NO CONTROLS,NO CONTROLS,CLEAR,DAYLIGHT,PEDALCYCLIST,PARKING LOT,STRAIGHT AND LEVEL,DRY,NO DEFECTS,,UNABLE TO DETERMINE,NOT APPLICABLE,,NO INDICATION OF INJURY,19,8,41.9691923029,-87.7282034121,2019,10,POINT (-87.7282034121 41.9691923029),,,,,2019-08-21,False,11,Forest Glen
3071,30,NO CONTROLS,NO CONTROLS,CLEAR,DAYLIGHT,PEDALCYCLIST,NOT DIVIDED,STRAIGHT AND LEVEL,DRY,NO DEFECTS,,DISREGARDING ROAD MARKINGS,DISREGARDING ROAD MARKINGS,,NONINCAPACITATING INJURY,6,8,41.9025754142,-87.7247459298,2019,30,POINT (-87.7247459298 41.9025754142),,,,,2019-08-22,False,22,Humboldt Park
3072,30,STOP SIGN/FLASHER,UNKNOWN,CLEAR,DAYLIGHT,PEDALCYCLIST,FOUR WAY,STRAIGHT AND LEVEL,DRY,UNKNOWN,,NOT APPLICABLE,NOT APPLICABLE,,NO INDICATION OF INJURY,8,8,41.73097609,-87.6145322849,2019,30,POINT (-87.6145322849 41.73097609),,,,,2019-08-22,False,43,Chatham
3073,25,STOP SIGN/FLASHER,FUNCTIONING PROPERLY,CLEAR,DAYLIGHT,PEDALCYCLIST,NOT DIVIDED,STRAIGHT AND LEVEL,DRY,NO DEFECTS,,UNABLE TO DETERMINE,NOT APPLICABLE,,NO INDICATION OF INJURY,11,8,41.7489738164,-87.7369890697,2019,25,POINT (-87.7369890697 41.7489738164),,,,,2019-08-22,False,69,Ashburn
3074,30,TRAFFIC SIGNAL,FUNCTIONING PROPERLY,CLEAR,DAYLIGHT,PEDALCYCLIST,DIVIDED - W/MEDIAN (NOT RAISED),STRAIGHT AND LEVEL,DRY,NO DEFECTS,Y,EQUIPMENT - VEHICLE CONDITION,FAILING TO YIELD RIGHT-OF-WAY,N,"REPORTED, NOT EVIDENT",11,8,41.8237727478,-87.6171420204,2019,30,POINT (-87.6171420204 41.8237727478),,,,,2019-08-22,False,34,Douglas
3075,30,NO CONTROLS,NO CONTROLS,CLEAR,DAYLIGHT,PEDALCYCLIST,DIVIDED - W/MEDIAN (NOT RAISED),STRAIGHT AND LEVEL,DRY,NO DEFECTS,,FAILING TO YIELD RIGHT-OF-WAY,"OPERATING VEHICLE IN ERRATIC, RECKLESS, CARELESS, NEGLIGENT OR AGGRESSIVE MANNER",,NONINCAPACITATING INJURY,13,8,41.9243147966,-87.7488839446,2019,30,POINT (-87.7488839446 41.9243147966),,,,,2019-08-22,False,18,Belmont Cragin
3076,30,NO CONTROLS,NO CONTROLS,CLEAR,DAYLIGHT,PEDALCYCLIST,NOT DIVIDED,STRAIGHT AND LEVEL,DRY,NO DEFECTS,,NOT APPLICABLE,NOT APPLICABLE,Y,INCAPACITATING INJURY,16,8,41.9644273649,-87.6667077563,2019,30,POINT (-87.6667077563 41.9644273649),,,,,2019-08-22,True,2,Uptown
3077,30,NO CONTROLS,NO CONTROLS,CLEAR,DAYLIGHT,PEDALCYCLIST,NOT DIVIDED,STRAIGHT AND LEVEL,DRY,NO DEFECTS,,FAILING TO YIELD RIGHT-OF-WAY,NOT APPLICABLE,Y,INCAPACITATING INJURY,16,8,41.9719134361,-87.7739333598,2019,30,POINT (-87.7739333598 41.9719134361),,,,,2019-08-22,True,10,Jefferson Park
3078,30,NO CONTROLS,NO CONTROLS,CLEAR,DAYLIGHT,PEDALCYCLIST,NOT DIVIDED,STRAIGHT AND LEVEL,DRY,NO DEFECTS,Y,UNABLE TO DETERMINE,NOT APPLICABLE,,NONINCAPACITATING INJURY,17,8,41.9613773194,-87.6956266325,2019,30,POINT (-87.6956266325 41.9613773194),,,,,2019-08-22,False,3,Lincoln Square
3079,30,TRAFFIC SIGNAL,FUNCTIONING PROPERLY,CLEAR,"DARKNESS, LIGHTED ROAD",PEDALCYCLIST,NOT DIVIDED,STRAIGHT AND LEVEL,DRY,NO DEFECTS,,FAILING TO YIELD RIGHT-OF-WAY,NOT APPLICABLE,,NONINCAPACITATING INJURY,19,8,41.9027228378,-87.7067243002,2019,30,POINT (-87.7067243002 41.9027228378),,,,,2019-08-22,False,22,Humboldt Park
3080,30,NO CONTROLS,NO CONTROLS,CLEAR,"DARKNESS, LIGHTED ROAD",PEDALCYCLIST,ONE-WAY,STRAIGHT AND LEVEL,DRY,NO DEFECTS,,DRIVING ON WRONG SIDE/WRONG WAY,"OPERATING VEHICLE IN ERRATIC, RECKLESS, CARELESS, NEGLIGENT OR AGGRESSIVE MANNER",,NO INDICATION OF INJURY,22,8,41.893348269,-87.6304786602,2019,30,POINT (-87.6304786602 41.893348269),,,,,2019-08-22,False,7,Near North Side
3081,30,TRAFFIC SIGNAL,FUNCTIONING PROPERLY,CLEAR,"DARKNESS, LIGHTED ROAD",PEDALCYCLIST,NOT DIVIDED,STRAIGHT AND LEVEL,DRY,NO DEFECTS,,IMPROPER TURNING/NO SIGNAL,NOT APPLICABLE,,NO INDICATION OF INJURY,23,8,41.8914828253,-87.6282118433,2019,30,POINT (-87.6282118433 41.8914828253),,,,,2019-08-22,False,7,Near North Side
3082,30,NO CONTROLS,NO CONTROLS,CLEAR,DAYLIGHT,PEDALCYCLIST,NOT DIVIDED,STRAIGHT AND LEVEL,DRY,NO DEFECTS,,"VISION OBSCURED (SIGNS, TREE LIMBS, BUILDINGS, ETC.)",UNABLE TO DETERMINE,,NO INDICATION OF INJURY,7,8,41.8957388494,-87.6998754487,2019,30,POINT (-87.6998754487 41.8957388494),,,,,2019-08-23,False,22,Humboldt Park
3083,30,TRAFFIC SIGNAL,FUNCTIONING PROPERLY,CLEAR,DAYLIGHT,PEDALCYCLIST,NOT DIVIDED,STRAIGHT AND LEVEL,DRY,NO DEFECTS,Y,UNABLE TO DETERMINE,UNABLE TO DETERMINE,,NONINCAPACITATING INJURY,9,8,41.987971695,-87.6672264645,2019,30,POINT (-87.6672264645 41.987971695),,,,,2019-08-23,False,76,Edgewater
3084,30,TRAFFIC SIGNAL,FUNCTIONING PROPERLY,CLEAR,DAYLIGHT,PEDALCYCLIST,NOT DIVIDED,STRAIGHT AND LEVEL,DRY,NO DEFECTS,,FOLLOWING TOO CLOSELY,FAILING TO YIELD RIGHT-OF-WAY,,NO INDICATION OF INJURY,10,8,41.8979497236,-87.6242411331,2019,30,POINT (-87.6242411331 41.8979497236),,,,,2019-08-23,False,7,Near North Side
3085,30,TRAFFIC SIGNAL,FUNCTIONING PROPERLY,CLEAR,DAYLIGHT,PEDALCYCLIST,DIVIDED - W/MEDIAN (NOT RAISED),STRAIGHT AND LEVEL,DRY,NO DEFECTS,,FAILING TO YIELD RIGHT-OF-WAY,NOT APPLICABLE,,NONINCAPACITATING INJURY,14,8,41.8983453155,-87.6587037574,2019,30,POINT (-87.6587037574 41.8983453155),,,,,2019-08-23,False,7,Near North Side
3086,30,TRAFFIC SIGNAL,FUNCTIONING PROPERLY,CLEAR,DAYLIGHT,PEDALCYCLIST,NOT DIVIDED,STRAIGHT AND LEVEL,DRY,NO DEFECTS,,UNABLE TO DETERMINE,UNABLE TO DETERMINE,,NONINCAPACITATING INJURY,14,8,41.9940868305,-87.6995794872,2019,30,POINT (-87.6995794872 41.9940868305),,,,,2019-08-23,False,1,West Ridge
3087,30,TRAFFIC SIGNAL,FUNCTIONING PROPERLY,CLEAR,DAYLIGHT,PEDALCYCLIST,NOT DIVIDED,STRAIGHT AND LEVEL,DRY,NO DEFECTS,,UNABLE TO DETERMINE,NOT APPLICABLE,,NONINCAPACITATING INJURY,15,8,41.9099284207,-87.7313179391,2019,30,POINT (-87.7313179391 41.9099284207),,,,,2019-08-23,False,22,Humboldt Park
3088,30,NO CONTROLS,NO CONTROLS,CLEAR,DAYLIGHT,PEDALCYCLIST,DIVIDED - W/MEDIAN (NOT RAISED),STRAIGHT AND LEVEL,DRY,NO DEFECTS,,UNABLE TO DETERMINE,UNABLE TO DETERMINE,,NONINCAPACITATING INJURY,16,8,41.9388359736,-87.7546711746,2019,30,POINT (-87.7546711746 41.9388359736),,,,,2019-08-23,False,14,Portage Park
3089,30,NO CONTROLS,NO CONTROLS,CLEAR,DAYLIGHT,PEDALCYCLIST,PARKING LOT,STRAIGHT AND LEVEL,DRY,NO DEFECTS,,"OPERATING VEHICLE IN ERRATIC, RECKLESS, CARELESS, NEGLIGENT OR AGGRESSIVE MANNER","OPERATING VEHICLE IN ERRATIC, RECKLESS, CARELESS, NEGLIGENT OR AGGRESSIVE MANNER",,NONINCAPACITATING INJURY,16,8,41.7359358711,-87.6298265784,2019,30,POINT (-87.6298265784 41.7359358711),,,,,2019-08-23,False,43,Chatham
3090,30,YIELD,FUNCTIONING PROPERLY,CLEAR,DAYLIGHT,PEDALCYCLIST,NOT DIVIDED,STRAIGHT AND LEVEL,DRY,NO DEFECTS,,FAILING TO YIELD RIGHT-OF-WAY,UNABLE TO DETERMINE,,NO INDICATION OF INJURY,17,8,41.9618571074,-87.657300024,2019,30,POINT (-87.657300024 41.9618571074),,,,,2019-08-23,False,2,Uptown
3091,30,UNKNOWN,UNKNOWN,UNKNOWN,DAYLIGHT,PEDALCYCLIST,NOT DIVIDED,STRAIGHT AND LEVEL,UNKNOWN,UNKNOWN,,UNABLE TO DETERMINE,NOT APPLICABLE,,NONINCAPACITATING INJURY,18,8,41.9316822665,-87.7435650331,2019,30,POINT (-87.7435650331 41.9316822665),,,,,2019-08-23,False,18,Belmont Cragin
3092,30,NO CONTROLS,NO CONTROLS,CLEAR,"DARKNESS, LIGHTED ROAD",PEDALCYCLIST,NOT DIVIDED,STRAIGHT AND LEVEL,DRY,NO DEFECTS,,FAILING TO YIELD RIGHT-OF-WAY,UNABLE TO DETERMINE,,NONINCAPACITATING INJURY,20,8,41.8487310475,-87.6320676595,2019,30,POINT (-87.6320676595 41.8487310475),,,,,2019-08-23,False,32,Near South Side
3093,30,NO CONTROLS,NO CONTROLS,CLEAR,"DARKNESS, LIGHTED ROAD",PEDALCYCLIST,DIVIDED - W/MEDIAN (NOT RAISED),STRAIGHT AND LEVEL,DRY,NO DEFECTS,,NOT APPLICABLE,NOT APPLICABLE,,NONINCAPACITATING INJURY,20,8,41.8846027988,-87.6901615616,2019,30,POINT (-87.6901615616 41.8846027988),,,,,2019-08-23,False,26,Garfield Park
3094,30,TRAFFIC SIGNAL,FUNCTIONING PROPERLY,CLEAR,"DARKNESS, LIGHTED ROAD",PEDALCYCLIST,NOT DIVIDED,STRAIGHT AND LEVEL,DRY,NO DEFECTS,Y,FAILING TO YIELD RIGHT-OF-WAY,FAILING TO REDUCE SPEED TO AVOID CRASH,,NO INDICATION OF INJURY,0,8,41.7559267937,-87.6540252148,2019,30,POINT (-87.6540252148 41.7559267937),,,,,2019-08-24,False,70,Auburn Gresham
3095,30,TRAFFIC SIGNAL,UNKNOWN,CLEAR,DARKNESS,PEDALCYCLIST,NOT DIVIDED,STRAIGHT AND LEVEL,DRY,NO DEFECTS,Y,UNDER THE INFLUENCE OF ALCOHOL/DRUGS (USE WHEN ARREST IS EFFECTED),FAILING TO REDUCE SPEED TO AVOID CRASH,,NO INDICATION OF INJURY,0,8,41.8649598981,-87.6469999206,2019,30,POINT (-87.6469999206 41.8649598981),,,,,2019-08-24,False,27,Near West Side
3096,30,NO CONTROLS,NO CONTROLS,CLEAR,DAYLIGHT,PEDALCYCLIST,NOT DIVIDED,STRAIGHT AND LEVEL,DRY,NO DEFECTS,,FAILING TO YIELD RIGHT-OF-WAY,NOT APPLICABLE,Y,NONINCAPACITATING INJURY,11,8,41.9385878726,-87.6493959945,2019,30,POINT (-87.6493959945 41.9385878726),,,,,2019-08-24,False,5,Lake View
3097,30,TRAFFIC SIGNAL,FUNCTIONING PROPERLY,CLEAR,DAYLIGHT,PEDALCYCLIST,NOT DIVIDED,STRAIGHT AND LEVEL,DRY,NO DEFECTS,Y,UNABLE TO DETERMINE,NOT APPLICABLE,,NONINCAPACITATING INJURY,12,8,41.9288845185,-87.653776697,2019,30,POINT (-87.653776697 41.9288845185),,,,,2019-08-24,False,6,Lincoln Park
3098,25,STOP SIGN/FLASHER,FUNCTIONING PROPERLY,CLEAR,DAYLIGHT,PEDALCYCLIST,FOUR WAY,STRAIGHT AND LEVEL,DRY,NO DEFECTS,,FAILING TO YIELD RIGHT-OF-WAY,UNABLE TO DETERMINE,,NONINCAPACITATING INJURY,13,8,42.0165864946,-87.68180261,2019,25,POINT (-87.68180261 42.0165864946),,,,,2019-08-24,False,0,Rogers Park
3099,35,TRAFFIC SIGNAL,FUNCTIONING PROPERLY,CLEAR,DAYLIGHT,PEDALCYCLIST,FOUR WAY,STRAIGHT AND LEVEL,DRY,NO DEFECTS,Y,IMPROPER TURNING/NO SIGNAL,NOT APPLICABLE,,NONINCAPACITATING INJURY,14,8,41.6837248106,-87.7393060694,2019,35,POINT (-87.7393060694 41.6837248106),,,,,2019-08-24,False,73,Mount Greenwood
3100,30,NO CONTROLS,NO CONTROLS,CLEAR,DAYLIGHT,PEDALCYCLIST,DIVIDED - W/MEDIAN (NOT RAISED),STRAIGHT AND LEVEL,DRY,NO DEFECTS,,UNABLE TO DETERMINE,UNABLE TO DETERMINE,Y,NO INDICATION OF INJURY,16,8,41.8466101339,-87.6466156998,2019,30,POINT (-87.6466156998 41.8466101339),,,,,2019-08-24,False,30,Lower West Side
3101,25,NO CONTROLS,NO CONTROLS,CLEAR,DAYLIGHT,PEDALCYCLIST,NOT DIVIDED,STRAIGHT AND LEVEL,DRY,NO DEFECTS,,UNABLE TO DETERMINE,UNABLE TO DETERMINE,,INCAPACITATING INJURY,16,8,41.902168575,-87.7166762958,2019,25,POINT (-87.7166762958 41.902168575),,,,,2019-08-24,True,22,Humboldt Park
3102,30,TRAFFIC SIGNAL,FUNCTIONING PROPERLY,CLEAR,DAYLIGHT,PEDALCYCLIST,ONE-WAY,STRAIGHT AND LEVEL,DRY,NO DEFECTS,,UNABLE TO DETERMINE,NOT APPLICABLE,,NO INDICATION OF INJURY,16,8,41.8914766005,-87.6341419224,2019,30,POINT (-87.6341419224 41.8914766005),,,,,2019-08-24,False,7,Near North Side
3103,30,NO CONTROLS,NO CONTROLS,CLEAR,DAYLIGHT,PEDALCYCLIST,NOT DIVIDED,STRAIGHT AND LEVEL,DRY,NO DEFECTS,,FAILING TO YIELD RIGHT-OF-WAY,NOT APPLICABLE,,"REPORTED, NOT EVIDENT",16,8,41.8833424041,-87.7255981679,2019,30,POINT (-87.7255981679 41.8833424041),,,,,2019-08-24,False,25,Garfield Park
3104,30,NO CONTROLS,FUNCTIONING PROPERLY,CLEAR,DUSK,PEDALCYCLIST,DIVIDED - W/MEDIAN (NOT RAISED),STRAIGHT AND LEVEL,WET,NO DEFECTS,,UNABLE TO DETERMINE,UNABLE TO DETERMINE,,NO INDICATION OF INJURY,20,8,41.7513397046,-87.5856322657,2019,30,POINT (-87.5856322657 41.7513397046),,,,,2019-08-24,False,44,Avalon Park
3105,30,NO CONTROLS,NO CONTROLS,CLEAR,DAYLIGHT,PEDALCYCLIST,NOT DIVIDED,STRAIGHT AND LEVEL,DRY,NO DEFECTS,,UNABLE TO DETERMINE,NOT APPLICABLE,Y,NO INDICATION OF INJURY,1,8,41.7662986552,-87.627369913,2019,30,POINT (-87.627369913 41.7662986552),,,,,2019-08-25,False,68,Grand Crossing
3106,30,NO CONTROLS,NO CONTROLS,CLEAR,DAYLIGHT,PEDALCYCLIST,NOT DIVIDED,STRAIGHT AND LEVEL,DRY,NO DEFECTS,,NOT APPLICABLE,NOT APPLICABLE,,NO INDICATION OF INJURY,14,8,41.920145795,-87.772741047,2019,30,POINT (-87.772741047 41.920145795),,,,,2019-08-25,False,18,Belmont Cragin
3107,30,TRAFFIC SIGNAL,FUNCTIONING PROPERLY,CLEAR,DAYLIGHT,PEDALCYCLIST,NOT DIVIDED,STRAIGHT AND LEVEL,DRY,NO DEFECTS,Y,FAILING TO YIELD RIGHT-OF-WAY,DRIVING SKILLS/KNOWLEDGE/EXPERIENCE,,NONINCAPACITATING INJURY,17,8,41.9072585964,-87.6728131905,2019,30,POINT (-87.6728131905 41.9072585964),,,,,2019-08-25,False,23,West Town
3108,25,TRAFFIC SIGNAL,FUNCTIONING PROPERLY,CLEAR,DAYLIGHT,PEDALCYCLIST,FOUR WAY,STRAIGHT AND LEVEL,DRY,NO DEFECTS,Y,FAILING TO YIELD RIGHT-OF-WAY,NOT APPLICABLE,,"REPORTED, NOT EVIDENT",17,8,41.9030347681,-87.6969453431,2019,25,POINT (-87.6969453431 41.9030347681),,,,,2019-08-25,False,22,Humboldt Park
3109,30,NO CONTROLS,NO CONTROLS,CLEAR,DAYLIGHT,PEDALCYCLIST,FOUR WAY,STRAIGHT AND LEVEL,DRY,NO DEFECTS,Y,FAILING TO YIELD RIGHT-OF-WAY,NOT APPLICABLE,,NONINCAPACITATING INJURY,22,8,41.7588468635,-87.5893574276,2019,30,POINT (-87.5893574276 41.7588468635),,,,,2019-08-25,False,42,South Shore
3110,30,STOP SIGN/FLASHER,FUNCTIONING PROPERLY,CLEAR,"DARKNESS, LIGHTED ROAD",PEDALCYCLIST,FOUR WAY,STRAIGHT AND LEVEL,DRY,NO DEFECTS,Y,UNABLE TO DETERMINE,NOT APPLICABLE,,NONINCAPACITATING INJURY,23,8,41.9757545331,-87.7161261917,2019,30,POINT (-87.7161261917 41.9757545331),,,,,2019-08-25,False,12,North Park
3111,30,TRAFFIC SIGNAL,FUNCTIONING PROPERLY,CLEAR,"DARKNESS, LIGHTED ROAD",PEDALCYCLIST,ONE-WAY,STRAIGHT AND LEVEL,WET,NO DEFECTS,,UNABLE TO DETERMINE,NOT APPLICABLE,,NONINCAPACITATING INJURY,4,8,41.7564004067,-87.6248696859,2019,30,POINT (-87.6248696859 41.7564004067),,,,,2019-08-26,False,68,Grand Crossing