Unnamed: 0,POSTED_SPEED_LIMIT,TRAFFIC_CONTROL_DEVICE,DEVICE_CONDITION,WEATHER_CONDITION,LIGHTING_CONDITION,FIRST_CRASH_TYPE,TRAFFICWAY_TYPE,ALIGNMENT,ROADWAY_SURFACE_COND,ROAD_DEFECT,INTERSECTION_RELATED_I,PRIM_CONTRIBUTORY_CAUSE,SEC_CONTRIBUTORY_CAUSE,DOORING_I,MOST_SEVERE_INJURY,CRASH_HOUR,CRASH_MONTH,LATITUDE,LONGITUDE,CRASH_YEAR,SPEED_LIMIT,geometry,DISPLAYROU,the_geom,DIST,LANE_TYPE,CRASH_DATE,is_severe,index_right,CArea
3177,35,TRAFFIC SIGNAL,FUNCTIONING PROPERLY,CLEAR,DAYLIGHT,PEDALCYCLIST,NOT DIVIDED,STRAIGHT AND LEVEL,DRY,NO DEFECTS,Y,"VISION OBSCURED (SIGNS, TREE LIMBS, BUILDINGS, ETC.)",NOT APPLICABLE,,NONINCAPACITATING INJURY,18,9,41.8806092777,-87.7451576412,2019,35,POINT (-87.7451576412 41.8806092777),,,,,2019-09-02,False,24,Austin
3178,25,UNKNOWN,UNKNOWN,UNKNOWN,UNKNOWN,PEDALCYCLIST,OTHER,STRAIGHT AND LEVEL,UNKNOWN,UNKNOWN,,NOT APPLICABLE,NOT APPLICABLE,,NO INDICATION OF INJURY,21,9,41.9488655712,-87.6430342452,2019,25,POINT (-87.6430342452 41.9488655712),,,,,2019-09-02,False,5,Lake View
3179,30,TRAFFIC SIGNAL,FUNCTIONING PROPERLY,CLEAR,"DARKNESS, LIGHTED ROAD",PEDALCYCLIST,DIVIDED - W/MEDIAN (NOT RAISED),STRAIGHT AND LEVEL,DRY,NO DEFECTS,Y,FAILING TO YIELD RIGHT-OF-WAY,IMPROPER TURNING/NO SIGNAL,,NONINCAPACITATING INJURY,22,9,41.9095429239,-87.7435169347,2019,30,POINT (-87.7435169347 41.9095429239),,,,,2019-09-02,False,24,Austin
3180,35,NO CONTROLS,NO CONTROLS,RAIN,DAYLIGHT,PEDALCYCLIST,DIVIDED - W/MEDIAN (NOT RAISED),STRAIGHT AND LEVEL,WET,NO DEFECTS,Y,FAILING TO YIELD RIGHT-OF-WAY,NOT APPLICABLE,,NO INDICATION OF INJURY,7,9,41.9171961741,-87.7327324174,2019,35,POINT (-87.7327324174 41.9171961741),,,,,2019-09-03,False,19,Hermosa
3181,30,NO CONTROLS,NO CONTROLS,RAIN,DAYLIGHT,PEDALCYCLIST,NOT DIVIDED,STRAIGHT AND LEVEL,WET,NO DEFECTS,Y,DRIVING ON WRONG SIDE/WRONG WAY,NOT APPLICABLE,,NONINCAPACITATING INJURY,9,9,41.8928317071,-87.7654634026,2019,30,POINT (-87.7654634026 41.8928317071),,,,,2019-09-03,False,24,Austin
3182,30,STOP SIGN/FLASHER,FUNCTIONING PROPERLY,RAIN,DAYLIGHT,PEDALCYCLIST,NOT DIVIDED,STRAIGHT AND LEVEL,WET,NO DEFECTS,Y,UNABLE TO DETERMINE,UNABLE TO DETERMINE,,"REPORTED, NOT EVIDENT",9,9,41.7541731616,-87.6587667126,2019,30,POINT (-87.6587667126 41.7541731616),,,,,2019-09-03,False,70,Auburn Gresham
3183,30,TRAFFIC SIGNAL,FUNCTIONING PROPERLY,CLOUDY/OVERCAST,DAYLIGHT,PEDALCYCLIST,"FIVE POINT, OR MORE",STRAIGHT AND LEVEL,DRY,NO DEFECTS,Y,UNABLE TO DETERMINE,NOT APPLICABLE,,NONINCAPACITATING INJURY,15,9,41.9094466336,-87.6530899716,2019,30,POINT (-87.6530899716 41.9094466336),,,,,2019-09-03,False,7,Near North Side
3184,30,NO CONTROLS,NO CONTROLS,CLEAR,DAYLIGHT,PEDALCYCLIST,ONE-WAY,STRAIGHT AND LEVEL,DRY,NO DEFECTS,,FAILING TO YIELD RIGHT-OF-WAY,FAILING TO REDUCE SPEED TO AVOID CRASH,,NO INDICATION OF INJURY,17,9,41.9234287139,-87.7449143823,2019,30,POINT (-87.7449143823 41.9234287139),,,,,2019-09-03,False,18,Belmont Cragin
3185,30,STOP SIGN/FLASHER,UNKNOWN,CLEAR,DAYLIGHT,PEDALCYCLIST,ONE-WAY,STRAIGHT AND LEVEL,DRY,UNKNOWN,,DISREGARDING STOP SIGN,DISREGARDING STOP SIGN,Y,INCAPACITATING INJURY,17,9,41.9532562449,-87.7683769149,2019,30,POINT (-87.7683769149 41.9532562449),,,,,2019-09-03,True,14,Portage Park
3186,30,STOP SIGN/FLASHER,FUNCTIONING PROPERLY,CLEAR,DAYLIGHT,PEDALCYCLIST,OTHER,STRAIGHT AND LEVEL,DRY,NO DEFECTS,,UNABLE TO DETERMINE,NOT APPLICABLE,,NONINCAPACITATING INJURY,17,9,41.9009574289,-87.7261917325,2019,30,POINT (-87.7261917325 41.9009574289),,,,,2019-09-03,False,22,Humboldt Park
3187,30,NO CONTROLS,NO CONTROLS,CLEAR,"DARKNESS, LIGHTED ROAD",PEDALCYCLIST,NOT DIVIDED,STRAIGHT AND LEVEL,DRY,NO DEFECTS,,UNABLE TO DETERMINE,NOT APPLICABLE,,NO INDICATION OF INJURY,21,9,41.9092785588,-87.675973941,2019,30,POINT (-87.675973941 41.9092785588),,,,,2019-09-03,False,23,West Town
3188,30,TRAFFIC SIGNAL,FUNCTIONING PROPERLY,CLEAR,"DARKNESS, LIGHTED ROAD",PEDALCYCLIST,ONE-WAY,STRAIGHT AND LEVEL,DRY,NO DEFECTS,,IMPROPER LANE USAGE,NOT APPLICABLE,,NO INDICATION OF INJURY,4,9,41.8924854536,-87.6298244397,2019,30,POINT (-87.6298244397 41.8924854536),,,,,2019-09-04,False,7,Near North Side
3189,20,STOP SIGN/FLASHER,FUNCTIONING PROPERLY,CLEAR,DAWN,PEDALCYCLIST,NOT DIVIDED,STRAIGHT AND LEVEL,DRY,NO DEFECTS,Y,UNABLE TO DETERMINE,UNABLE TO DETERMINE,,NONINCAPACITATING INJURY,5,9,41.9190705312,-87.7166800261,2019,20,POINT (-87.7166800261 41.9190705312),,,,,2019-09-04,False,21,Logan Square
3190,30,OTHER,FUNCTIONING PROPERLY,CLEAR,DAYLIGHT,PEDALCYCLIST,ONE-WAY,STRAIGHT AND LEVEL,DRY,NO DEFECTS,N,UNABLE TO DETERMINE,IMPROPER LANE USAGE,,NONINCAPACITATING INJURY,8,9,41.8807175753,-87.6365891074,2019,30,POINT (-87.6365891074 41.8807175753),,,,,2019-09-04,False,27,Near West Side
3191,30,NO CONTROLS,NO CONTROLS,CLEAR,DAYLIGHT,PEDALCYCLIST,ONE-WAY,STRAIGHT AND LEVEL,DRY,NO DEFECTS,,UNABLE TO DETERMINE,UNABLE TO DETERMINE,Y,NONINCAPACITATING INJURY,8,9,41.8831149859,-87.625112088,2019,30,POINT (-87.625112088 41.8831149859),,,,,2019-09-04,False,31,Loop
3192,30,NO CONTROLS,NO CONTROLS,CLEAR,DAYLIGHT,PEDALCYCLIST,NOT DIVIDED,STRAIGHT AND LEVEL,DRY,NO DEFECTS,,NOT APPLICABLE,NOT APPLICABLE,,NONINCAPACITATING INJURY,9,9,41.8299851471,-87.6780889386,2019,30,POINT (-87.6780889386 41.8299851471),,,,,2019-09-04,False,58,Mckinley Park
3193,30,STOP SIGN/FLASHER,OTHER,CLEAR,DAYLIGHT,PEDALCYCLIST,ONE-WAY,STRAIGHT AND LEVEL,DRY,NO DEFECTS,Y,FAILING TO YIELD RIGHT-OF-WAY,UNABLE TO DETERMINE,,NONINCAPACITATING INJURY,9,9,41.9525298786,-87.7834260322,2019,30,POINT (-87.7834260322 41.9525298786),,,,,2019-09-04,False,14,Portage Park
3194,25,NO CONTROLS,NO CONTROLS,CLEAR,DAYLIGHT,PEDALCYCLIST,ONE-WAY,STRAIGHT AND LEVEL,DRY,NO DEFECTS,,FAILING TO YIELD RIGHT-OF-WAY,NOT APPLICABLE,,NO INDICATION OF INJURY,10,9,41.8831000298,-87.6343782452,2019,25,POINT (-87.6343782452 41.8831000298),,,,,2019-09-04,False,31,Loop
3195,30,TRAFFIC SIGNAL,FUNCTIONING PROPERLY,CLEAR,DAYLIGHT,PEDALCYCLIST,CENTER TURN LANE,STRAIGHT AND LEVEL,DRY,NO DEFECTS,Y,FAILING TO YIELD RIGHT-OF-WAY,UNABLE TO DETERMINE,,NONINCAPACITATING INJURY,14,9,41.881205122,-87.6765781041,2019,30,POINT (-87.6765781041 41.881205122),,,,,2019-09-04,False,27,Near West Side
3196,30,NO CONTROLS,NO CONTROLS,CLEAR,DAYLIGHT,PEDALCYCLIST,DIVIDED - W/MEDIAN (NOT RAISED),STRAIGHT AND LEVEL,DRY,NO DEFECTS,,UNABLE TO DETERMINE,NOT APPLICABLE,Y,NO INDICATION OF INJURY,15,9,41.9106214507,-87.6348409697,2019,30,POINT (-87.6348409697 41.9106214507),,,,,2019-09-04,False,7,Near North Side
3197,30,NO CONTROLS,NO CONTROLS,CLEAR,DAYLIGHT,PEDALCYCLIST,T-INTERSECTION,STRAIGHT AND LEVEL,DRY,NO DEFECTS,,UNABLE TO DETERMINE,NOT APPLICABLE,,NO INDICATION OF INJURY,16,9,41.9139914751,-87.6923511621,2019,30,POINT (-87.6923511621 41.9139914751),,,,,2019-09-04,False,21,Logan Square
3198,30,NO CONTROLS,NO CONTROLS,CLEAR,DAYLIGHT,PEDALCYCLIST,DIVIDED - W/MEDIAN (NOT RAISED),STRAIGHT AND LEVEL,DRY,NO DEFECTS,Y,FAILING TO YIELD RIGHT-OF-WAY,NOT APPLICABLE,,NONINCAPACITATING INJURY,17,9,41.9052529661,-87.7238126034,2019,30,POINT (-87.7238126034 41.9052529661),,,,,2019-09-04,False,22,Humboldt Park
3199,30,TRAFFIC SIGNAL,FUNCTIONING PROPERLY,CLEAR,DAYLIGHT,PEDALCYCLIST,ONE-WAY,STRAIGHT AND LEVEL,DRY,NO DEFECTS,,DRIVING SKILLS/KNOWLEDGE/EXPERIENCE,NOT APPLICABLE,,NO INDICATION OF INJURY,17,9,41.8932987657,-87.6342601007,2019,30,POINT (-87.6342601007 41.8932987657),,,,,2019-09-04,False,7,Near North Side
3200,30,STOP SIGN/FLASHER,FUNCTIONING PROPERLY,CLEAR,DAYLIGHT,PEDALCYCLIST,UNKNOWN INTERSECTION TYPE,STRAIGHT AND LEVEL,DRY,NO DEFECTS,Y,DISREGARDING STOP SIGN,NOT APPLICABLE,,"REPORTED, NOT EVIDENT",19,9,41.8892423472,-87.6369538938,2019,30,POINT (-87.6369538938 41.8892423472),,,,,2019-09-04,False,7,Near North Side
3201,30,NO CONTROLS,NO CONTROLS,CLEAR,"DARKNESS, LIGHTED ROAD",PEDALCYCLIST,DIVIDED - W/MEDIAN (NOT RAISED),STRAIGHT AND LEVEL,DRY,NO DEFECTS,,UNABLE TO DETERMINE,UNABLE TO DETERMINE,,NONINCAPACITATING INJURY,21,9,41.7778425221,-87.586523291,2019,30,POINT (-87.586523291 41.7778425221),,,,,2019-09-04,False,41,Woodlawn
3202,20,OTHER,FUNCTIONING PROPERLY,CLEAR,"DARKNESS, LIGHTED ROAD",PEDALCYCLIST,NOT DIVIDED,STRAIGHT AND LEVEL,DRY,NO DEFECTS,,IMPROPER TURNING/NO SIGNAL,UNABLE TO DETERMINE,,NO INDICATION OF INJURY,22,9,41.9804700765,-87.6684753336,2019,20,POINT (-87.6684753336 41.9804700765),,,,,2019-09-04,False,76,Edgewater
3203,30,STOP SIGN/FLASHER,FUNCTIONING PROPERLY,CLEAR,DAYLIGHT,PEDALCYCLIST,DIVIDED - W/MEDIAN (NOT RAISED),STRAIGHT AND LEVEL,DRY,NO DEFECTS,,FAILING TO YIELD RIGHT-OF-WAY,IMPROPER TURNING/NO SIGNAL,,NONINCAPACITATING INJURY,8,9,41.9382957238,-87.7227765708,2019,30,POINT (-87.7227765708 41.9382957238),,,,,2019-09-05,False,19,Hermosa
3204,30,NO CONTROLS,UNKNOWN,CLEAR,DAYLIGHT,PEDALCYCLIST,DIVIDED - W/MEDIAN BARRIER,STRAIGHT AND LEVEL,DRY,NO DEFECTS,,FAILING TO YIELD RIGHT-OF-WAY,FAILING TO YIELD RIGHT-OF-WAY,,NO INDICATION OF INJURY,12,9,41.8515286483,-87.7331412929,2019,30,POINT (-87.7331412929 41.8515286483),,,,,2019-09-05,False,28,North Lawndale
3205,30,STOP SIGN/FLASHER,OTHER,CLEAR,DAYLIGHT,PEDALCYCLIST,NOT DIVIDED,STRAIGHT AND LEVEL,DRY,NO DEFECTS,,FAILING TO YIELD RIGHT-OF-WAY,UNABLE TO DETERMINE,N,"REPORTED, NOT EVIDENT",13,9,41.9716341448,-87.7553118702,2019,30,POINT (-87.7553118702 41.9716341448),,,,,2019-09-05,False,10,Jefferson Park
3206,30,TRAFFIC SIGNAL,FUNCTIONING PROPERLY,CLEAR,DAYLIGHT,PEDALCYCLIST,NOT DIVIDED,STRAIGHT AND LEVEL,DRY,NO DEFECTS,,UNABLE TO DETERMINE,UNABLE TO DETERMINE,,NO INDICATION OF INJURY,16,9,41.8262960158,-87.6845541389,2019,30,POINT (-87.6845541389 41.8262960158),,,,,2019-09-05,False,57,Brighton Park
3207,30,NO CONTROLS,NO CONTROLS,CLEAR,DAYLIGHT,PEDALCYCLIST,NOT DIVIDED,STRAIGHT AND LEVEL,DRY,NO DEFECTS,,UNABLE TO DETERMINE,UNABLE TO DETERMINE,Y,NONINCAPACITATING INJURY,17,9,41.9030767485,-87.6775278242,2019,30,POINT (-87.6775278242 41.9030767485),,,,,2019-09-05,False,23,West Town
3208,30,NO CONTROLS,NO CONTROLS,CLEAR,"DARKNESS, LIGHTED ROAD",PEDALCYCLIST,ONE-WAY,STRAIGHT AND LEVEL,DRY,NO DEFECTS,,"OPERATING VEHICLE IN ERRATIC, RECKLESS, CARELESS, NEGLIGENT OR AGGRESSIVE MANNER",DISREGARDING ROAD MARKINGS,,NO INDICATION OF INJURY,18,9,41.8843210407,-87.6434247533,2019,30,POINT (-87.6434247533 41.8843210407),,,,,2019-09-05,False,27,Near West Side
3209,30,STOP SIGN/FLASHER,NO CONTROLS,CLEAR,DAYLIGHT,PEDALCYCLIST,NOT DIVIDED,STRAIGHT AND LEVEL,DRY,NO DEFECTS,,DISREGARDING STOP SIGN,NOT APPLICABLE,,"REPORTED, NOT EVIDENT",19,9,42.0183411064,-87.7083613303,2019,30,POINT (-87.7083613303 42.0183411064),,,,,2019-09-05,False,1,West Ridge
3210,15,NO CONTROLS,NO CONTROLS,CLEAR,DARKNESS,PEDALCYCLIST,NOT DIVIDED,STRAIGHT AND LEVEL,DRY,NO DEFECTS,,FAILING TO YIELD RIGHT-OF-WAY,FAILING TO YIELD RIGHT-OF-WAY,,NONINCAPACITATING INJURY,20,9,41.8759947446,-87.6851608685,2019,15,POINT (-87.6851608685 41.8759947446),,,,,2019-09-05,False,27,Near West Side
3211,20,OTHER,OTHER,CLOUDY/OVERCAST,DAYLIGHT,PEDALCYCLIST,NOT DIVIDED,STRAIGHT AND LEVEL,DRY,NO DEFECTS,,FAILING TO YIELD RIGHT-OF-WAY,UNABLE TO DETERMINE,,NONINCAPACITATING INJURY,8,9,41.9368277613,-87.64930482,2019,20,POINT (-87.64930482 41.9368277613),,,,,2019-09-06,False,5,Lake View
3212,30,NO CONTROLS,NO CONTROLS,CLEAR,DAYLIGHT,PEDALCYCLIST,ONE-WAY,STRAIGHT AND LEVEL,DRY,NO DEFECTS,N,DRIVING ON WRONG SIDE/WRONG WAY,IMPROPER LANE USAGE,,NONINCAPACITATING INJURY,8,9,41.8840990957,-87.6260926393,2019,30,POINT (-87.6260926393 41.8840990957),,,,,2019-09-06,False,31,Loop
3213,30,NO CONTROLS,NO CONTROLS,CLEAR,DAYLIGHT,PEDALCYCLIST,T-INTERSECTION,STRAIGHT AND LEVEL,DRY,NO DEFECTS,Y,DRIVING ON WRONG SIDE/WRONG WAY,"VISION OBSCURED (SIGNS, TREE LIMBS, BUILDINGS, ETC.)",,NONINCAPACITATING INJURY,12,9,41.8561393536,-87.6632088325,2019,30,POINT (-87.6632088325 41.8561393536),,,,,2019-09-06,False,30,Lower West Side
3214,30,TRAFFIC SIGNAL,FUNCTIONING PROPERLY,CLEAR,DAYLIGHT,PEDALCYCLIST,NOT DIVIDED,STRAIGHT AND LEVEL,DRY,NO DEFECTS,,IMPROPER OVERTAKING/PASSING,FAILING TO REDUCE SPEED TO AVOID CRASH,,NONINCAPACITATING INJURY,13,9,41.9823901064,-87.728569705,2019,30,POINT (-87.728569705 41.9823901064),,,,,2019-09-06,False,11,Forest Glen
3215,30,TRAFFIC SIGNAL,FUNCTIONING PROPERLY,CLEAR,DAYLIGHT,PEDALCYCLIST,DIVIDED - W/MEDIAN (NOT RAISED),STRAIGHT AND LEVEL,DRY,NO DEFECTS,Y,FAILING TO YIELD RIGHT-OF-WAY,UNABLE TO DETERMINE,,NONINCAPACITATING INJURY,15,9,41.8832670777,-87.6719449465,2019,30,POINT (-87.6719449465 41.8832670777),,,,,2019-09-06,False,27,Near West Side
3216,30,NO CONTROLS,NO CONTROLS,CLEAR,DAYLIGHT,PEDALCYCLIST,NOT DIVIDED,STRAIGHT AND LEVEL,DRY,NO DEFECTS,Y,UNABLE TO DETERMINE,UNABLE TO DETERMINE,,NONINCAPACITATING INJURY,15,9,41.8963321119,-87.6553304886,2019,30,POINT (-87.6553304886 41.8963321119),,,,,2019-09-06,False,7,Near North Side
3217,30,STOP SIGN/FLASHER,FUNCTIONING PROPERLY,CLOUDY/OVERCAST,DAYLIGHT,PEDALCYCLIST,NOT DIVIDED,STRAIGHT AND LEVEL,DRY,NO DEFECTS,,DISREGARDING STOP SIGN,CELL PHONE USE OTHER THAN TEXTING,,INCAPACITATING INJURY,17,9,41.8575185992,-87.6856786715,2019,30,POINT (-87.6856786715 41.8575185992),,,,,2019-09-06,True,30,Lower West Side
3218,30,NO CONTROLS,NO CONTROLS,CLEAR,DAYLIGHT,PEDALCYCLIST,ONE-WAY,STRAIGHT AND LEVEL,DRY,NO DEFECTS,,IMPROPER LANE USAGE,IMPROPER LANE USAGE,,NONINCAPACITATING INJURY,18,9,41.8815083086,-87.6442618754,2019,30,POINT (-87.6442618754 41.8815083086),,,,,2019-09-06,False,27,Near West Side
3219,30,TRAFFIC SIGNAL,FUNCTIONING PROPERLY,CLEAR,"DARKNESS, LIGHTED ROAD",PEDALCYCLIST,FOUR WAY,STRAIGHT AND LEVEL,DRY,NO DEFECTS,Y,FAILING TO YIELD RIGHT-OF-WAY,NOT APPLICABLE,,NO INDICATION OF INJURY,19,9,41.9173917806,-87.7168355929,2019,30,POINT (-87.7168355929 41.9173917806),,,,,2019-09-06,False,21,Logan Square
3220,30,STOP SIGN/FLASHER,UNKNOWN,CLEAR,"DARKNESS, LIGHTED ROAD",PEDALCYCLIST,ONE-WAY,STRAIGHT AND LEVEL,DRY,NO DEFECTS,Y,UNABLE TO DETERMINE,UNABLE TO DETERMINE,,NONINCAPACITATING INJURY,20,9,41.9503705639,-87.6810178176,2019,30,POINT (-87.6810178176 41.9503705639),,,,,2019-09-06,False,4,North Center
3221,30,NO CONTROLS,NO CONTROLS,CLEAR,"DARKNESS, LIGHTED ROAD",PEDALCYCLIST,NOT DIVIDED,STRAIGHT AND LEVEL,DRY,NO DEFECTS,,DRIVING SKILLS/KNOWLEDGE/EXPERIENCE,NOT APPLICABLE,,NO INDICATION OF INJURY,23,9,41.989927122,-87.659278936,2019,30,POINT (-87.659278936 41.989927122),,,,,2019-09-06,False,76,Edgewater
3222,30,NO CONTROLS,NO CONTROLS,CLEAR,DAYLIGHT,PEDALCYCLIST,T-INTERSECTION,STRAIGHT AND LEVEL,DRY,NO DEFECTS,Y,"VISION OBSCURED (SIGNS, TREE LIMBS, BUILDINGS, ETC.)",NOT APPLICABLE,,NO INDICATION OF INJURY,13,9,41.9187333979,-87.6679943716,2019,30,POINT (-87.6679943716 41.9187333979),,,,,2019-09-07,False,6,Lincoln Park
3223,30,NO CONTROLS,NO CONTROLS,CLEAR,DAYLIGHT,PEDALCYCLIST,NOT DIVIDED,STRAIGHT AND LEVEL,DRY,NO DEFECTS,Y,UNABLE TO DETERMINE,NOT APPLICABLE,N,INCAPACITATING INJURY,14,9,41.7653583412,-87.6415676563,2019,30,POINT (-87.6415676563 41.7653583412),,,,,2019-09-07,True,67,Englewood
3224,30,TRAFFIC SIGNAL,FUNCTIONING PROPERLY,CLEAR,DAYLIGHT,PEDALCYCLIST,FOUR WAY,STRAIGHT AND LEVEL,DRY,NO DEFECTS,,UNABLE TO DETERMINE,UNABLE TO DETERMINE,,NO INDICATION OF INJURY,15,9,41.9902548481,-87.7107632435,2019,30,POINT (-87.7107632435 41.9902548481),,,,,2019-09-07,False,12,North Park
3225,30,NO CONTROLS,NO CONTROLS,CLEAR,"DARKNESS, LIGHTED ROAD",PEDALCYCLIST,NOT DIVIDED,STRAIGHT AND LEVEL,DRY,NO DEFECTS,,UNABLE TO DETERMINE,NOT APPLICABLE,,NO INDICATION OF INJURY,20,9,41.9069022516,-87.6718021631,2019,30,POINT (-87.6718021631 41.9069022516),,,,,2019-09-07,False,23,West Town
3226,30,NO CONTROLS,NO CONTROLS,CLEAR,DAYLIGHT,PEDALCYCLIST,DIVIDED - W/MEDIAN (NOT RAISED),STRAIGHT AND LEVEL,DRY,NO DEFECTS,,FAILING TO YIELD RIGHT-OF-WAY,UNABLE TO DETERMINE,,NONINCAPACITATING INJURY,16,9,41.8926062034,-87.6616469558,2019,30,POINT (-87.6616469558 41.8926062034),,,,,2019-09-08,False,23,West Town
3227,30,NO CONTROLS,NO CONTROLS,CLEAR,DAYLIGHT,PEDALCYCLIST,ALLEY,STRAIGHT AND LEVEL,DRY,NO DEFECTS,Y,FAILING TO YIELD RIGHT-OF-WAY,NOT APPLICABLE,,NONINCAPACITATING INJURY,18,9,41.8670207345,-87.7208079063,2019,30,POINT (-87.7208079063 41.8670207345),,,,,2019-09-08,False,28,North Lawndale
3228,30,NO CONTROLS,NO CONTROLS,CLEAR,DAYLIGHT,PEDALCYCLIST,NOT DIVIDED,STRAIGHT AND LEVEL,DRY,NO DEFECTS,,UNABLE TO DETERMINE,UNABLE TO DETERMINE,,NO INDICATION OF INJURY,18,9,41.9099541919,-87.710904879,2019,30,POINT (-87.710904879 41.9099541919),,,,,2019-09-08,False,22,Humboldt Park
3229,30,STOP SIGN/FLASHER,FUNCTIONING PROPERLY,CLEAR,DAYLIGHT,PEDALCYCLIST,ONE-WAY,STRAIGHT AND LEVEL,DRY,NO DEFECTS,Y,DISREGARDING STOP SIGN,FAILING TO REDUCE SPEED TO AVOID CRASH,,NONINCAPACITATING INJURY,7,9,41.9425212832,-87.752023634,2019,30,POINT (-87.752023634 41.9425212832),,,,,2019-09-09,False,14,Portage Park
3230,30,NO CONTROLS,NO CONTROLS,UNKNOWN,DAYLIGHT,PEDALCYCLIST,ONE-WAY,STRAIGHT AND LEVEL,WET,UNKNOWN,,UNABLE TO DETERMINE,NOT APPLICABLE,Y,NONINCAPACITATING INJURY,8,9,41.9177938035,-87.7607231585,2019,30,POINT (-87.7607231585 41.9177938035),,,,,2019-09-09,False,18,Belmont Cragin
3231,30,NO CONTROLS,NO CONTROLS,CLEAR,"DARKNESS, LIGHTED ROAD",PEDALCYCLIST,NOT DIVIDED,STRAIGHT AND LEVEL,UNKNOWN,UNKNOWN,Y,DRIVING SKILLS/KNOWLEDGE/EXPERIENCE,NOT APPLICABLE,,NO INDICATION OF INJURY,9,9,41.9616695444,-87.6715896815,2019,30,POINT (-87.6715896815 41.9616695444),,,,,2019-09-09,False,2,Uptown
3232,30,STOP SIGN/FLASHER,UNKNOWN,CLEAR,DAYLIGHT,PEDALCYCLIST,FOUR WAY,STRAIGHT AND LEVEL,DRY,NO DEFECTS,,IMPROPER OVERTAKING/PASSING,FAILING TO YIELD RIGHT-OF-WAY,,NO INDICATION OF INJURY,16,9,41.936125277,-87.6563494093,2019,30,POINT (-87.6563494093 41.936125277),,,,,2019-09-09,False,5,Lake View
3233,30,NO CONTROLS,NO CONTROLS,CLEAR,DAYLIGHT,PEDALCYCLIST,NOT DIVIDED,STRAIGHT AND LEVEL,DRY,NO DEFECTS,,FOLLOWING TOO CLOSELY,FOLLOWING TOO CLOSELY,,INCAPACITATING INJURY,16,9,41.8480090414,-87.6416656652,2019,30,POINT (-87.6416656652 41.8480090414),,,,,2019-09-09,True,30,Lower West Side
3234,30,STOP SIGN/FLASHER,FUNCTIONING PROPERLY,CLEAR,DAYLIGHT,PEDALCYCLIST,ONE-WAY,STRAIGHT AND LEVEL,DRY,NO DEFECTS,Y,FAILING TO REDUCE SPEED TO AVOID CRASH,DISTRACTION - FROM OUTSIDE VEHICLE,,NO INDICATION OF INJURY,17,9,41.920888648,-87.7303975337,2019,30,POINT (-87.7303975337 41.920888648),,,,,2019-09-09,False,19,Hermosa
3235,30,TRAFFIC SIGNAL,FUNCTIONING PROPERLY,CLEAR,"DARKNESS, LIGHTED ROAD",PEDALCYCLIST,NOT DIVIDED,STRAIGHT AND LEVEL,DRY,UNKNOWN,,UNABLE TO DETERMINE,NOT APPLICABLE,,NONINCAPACITATING INJURY,20,9,41.9861495642,-87.7684199719,2019,30,POINT (-87.7684199719 41.9861495642),,,,,2019-09-09,False,10,Jefferson Park
3236,30,TRAFFIC SIGNAL,FUNCTIONING PROPERLY,CLEAR,DAYLIGHT,PEDALCYCLIST,DIVIDED - W/MEDIAN (NOT RAISED),STRAIGHT AND LEVEL,DRY,NO DEFECTS,,NOT APPLICABLE,NOT APPLICABLE,,NO INDICATION OF INJURY,7,9,41.873845896,-87.6863812944,2019,30,POINT (-87.6863812944 41.873845896),,,,,2019-09-10,False,27,Near West Side
3237,35,STOP SIGN/FLASHER,FUNCTIONING PROPERLY,CLEAR,DAYLIGHT,PEDALCYCLIST,FOUR WAY,STRAIGHT AND LEVEL,DRY,NO DEFECTS,Y,UNABLE TO DETERMINE,UNABLE TO DETERMINE,,NONINCAPACITATING INJURY,7,9,41.9282873078,-87.724495848,2019,35,POINT (-87.724495848 41.9282873078),,,,,2019-09-10,False,19,Hermosa
3238,25,STOP SIGN/FLASHER,FUNCTIONING PROPERLY,CLEAR,DAYLIGHT,PEDALCYCLIST,NOT DIVIDED,STRAIGHT AND LEVEL,DRY,NO DEFECTS,,FAILING TO YIELD RIGHT-OF-WAY,NOT APPLICABLE,,NONINCAPACITATING INJURY,7,9,41.9657632802,-87.6473750248,2019,25,POINT (-87.6473750248 41.9657632802),,,,,2019-09-10,False,2,Uptown
3239,30,TRAFFIC SIGNAL,FUNCTIONING PROPERLY,CLEAR,DAYLIGHT,PEDALCYCLIST,NOT DIVIDED,STRAIGHT AND LEVEL,DRY,NO DEFECTS,Y,UNABLE TO DETERMINE,UNABLE TO DETERMINE,,NONINCAPACITATING INJURY,11,9,41.89571957,-87.6818231196,2019,30,POINT (-87.6818231196 41.89571957),,,,,2019-09-10,False,23,West Town
3240,30,NO CONTROLS,UNKNOWN,CLEAR,DAYLIGHT,PEDALCYCLIST,NOT DIVIDED,STRAIGHT AND LEVEL,DRY,NO DEFECTS,,FAILING TO YIELD RIGHT-OF-WAY,NOT APPLICABLE,,NO INDICATION OF INJURY,15,9,41.9007728622,-87.6222551181,2019,30,POINT (-87.6222551181 41.9007728622),,,,,2019-09-10,False,7,Near North Side
3241,30,STOP SIGN/FLASHER,NO CONTROLS,CLEAR,DAYLIGHT,PEDALCYCLIST,T-INTERSECTION,STRAIGHT AND LEVEL,DRY,NO DEFECTS,,UNABLE TO DETERMINE,NOT APPLICABLE,,NONINCAPACITATING INJURY,15,9,41.8101190716,-87.6895220259,2019,30,POINT (-87.6895220259 41.8101190716),,,,,2019-09-10,False,57,Brighton Park