Unnamed: 0,POSTED_SPEED_LIMIT,TRAFFIC_CONTROL_DEVICE,DEVICE_CONDITION,WEATHER_CONDITION,LIGHTING_CONDITION,FIRST_CRASH_TYPE,TRAFFICWAY_TYPE,ALIGNMENT,ROADWAY_SURFACE_COND,ROAD_DEFECT,INTERSECTION_RELATED_I,PRIM_CONTRIBUTORY_CAUSE,SEC_CONTRIBUTORY_CAUSE,DOORING_I,MOST_SEVERE_INJURY,CRASH_HOUR,CRASH_MONTH,LATITUDE,LONGITUDE,CRASH_YEAR,SPEED_LIMIT,geometry,DISPLAYROU,the_geom,DIST,LANE_TYPE,CRASH_DATE,is_severe,index_right,CArea
3242,25,YIELD,FUNCTIONING PROPERLY,CLEAR,DAYLIGHT,PEDALCYCLIST,FOUR WAY,STRAIGHT AND LEVEL,DRY,NO DEFECTS,Y,DRIVING ON WRONG SIDE/WRONG WAY,UNABLE TO DETERMINE,,INCAPACITATING INJURY,17,9,42.0147514808,-87.6998180198,2019,25,POINT (-87.6998180198 42.0147514808),,,,,2019-09-10,True,1,West Ridge
3243,30,TRAFFIC SIGNAL,UNKNOWN,CLEAR,DAYLIGHT,PEDALCYCLIST,NOT DIVIDED,STRAIGHT AND LEVEL,DRY,NO DEFECTS,Y,UNABLE TO DETERMINE,NOT APPLICABLE,,NONINCAPACITATING INJURY,18,9,41.8775905328,-87.6765991166,2019,30,POINT (-87.6765991166 41.8775905328),,,,,2019-09-10,False,27,Near West Side
3244,30,TRAFFIC SIGNAL,FUNCTIONING PROPERLY,CLEAR,DAYLIGHT,PEDALCYCLIST,UNKNOWN INTERSECTION TYPE,STRAIGHT AND LEVEL,DRY,NO DEFECTS,Y,UNABLE TO DETERMINE,NOT APPLICABLE,,"REPORTED, NOT EVIDENT",18,9,41.9703812476,-87.7085910104,2019,30,POINT (-87.7085910104 41.9703812476),,,,,2019-09-10,False,13,Albany Park
3245,30,UNKNOWN,FUNCTIONING PROPERLY,CLEAR,DAWN,PEDALCYCLIST,NOT DIVIDED,STRAIGHT AND LEVEL,DRY,NO DEFECTS,,UNABLE TO DETERMINE,NOT APPLICABLE,Y,NONINCAPACITATING INJURY,19,9,41.9061287944,-87.6705933881,2019,30,POINT (-87.6705933881 41.9061287944),,,,,2019-09-10,False,23,West Town
3246,30,UNKNOWN,UNKNOWN,CLEAR,DAYLIGHT,PEDALCYCLIST,NOT DIVIDED,STRAIGHT AND LEVEL,DRY,UNKNOWN,,FAILING TO YIELD RIGHT-OF-WAY,IMPROPER TURNING/NO SIGNAL,,"REPORTED, NOT EVIDENT",7,9,41.8008956363,-87.6941441217,2019,30,POINT (-87.6941441217 41.8008956363),,,,,2019-09-11,False,62,Gage Park
3247,20,TRAFFIC SIGNAL,FUNCTIONING PROPERLY,CLEAR,DAYLIGHT,PEDALCYCLIST,DIVIDED - W/MEDIAN BARRIER,STRAIGHT AND LEVEL,DRY,NO DEFECTS,Y,DISREGARDING TRAFFIC SIGNALS,FAILING TO YIELD RIGHT-OF-WAY,,NONINCAPACITATING INJURY,8,9,41.8715659906,-87.6666754145,2019,20,POINT (-87.6666754145 41.8715659906),,,,,2019-09-11,False,27,Near West Side
3248,25,UNKNOWN,UNKNOWN,CLEAR,DAYLIGHT,PEDALCYCLIST,NOT DIVIDED,STRAIGHT AND LEVEL,DRY,NO DEFECTS,,UNABLE TO DETERMINE,UNABLE TO DETERMINE,Y,NONINCAPACITATING INJURY,8,9,41.8410861005,-87.6528474119,2019,25,POINT (-87.6528474119 41.8410861005),,,,,2019-09-11,False,30,Lower West Side
3249,30,NO CONTROLS,NO CONTROLS,CLEAR,DAYLIGHT,PEDALCYCLIST,DIVIDED - W/MEDIAN (NOT RAISED),STRAIGHT AND LEVEL,DRY,NO DEFECTS,Y,FAILING TO YIELD RIGHT-OF-WAY,UNABLE TO DETERMINE,,NONINCAPACITATING INJURY,8,9,41.895265616,-87.6477765797,2019,30,POINT (-87.6477765797 41.895265616),,,,,2019-09-11,False,7,Near North Side
3250,30,STOP SIGN/FLASHER,FUNCTIONING PROPERLY,CLEAR,DAYLIGHT,PEDALCYCLIST,NOT DIVIDED,STRAIGHT AND LEVEL,DRY,NO DEFECTS,Y,FAILING TO YIELD RIGHT-OF-WAY,FAILING TO REDUCE SPEED TO AVOID CRASH,,NONINCAPACITATING INJURY,13,9,41.9314188965,-87.7638541446,2019,30,POINT (-87.7638541446 41.9314188965),,,,,2019-09-11,False,18,Belmont Cragin
3251,30,NO CONTROLS,NO CONTROLS,CLEAR,DAYLIGHT,PEDALCYCLIST,NOT DIVIDED,STRAIGHT AND LEVEL,DRY,NO DEFECTS,,UNABLE TO DETERMINE,NOT APPLICABLE,,NO INDICATION OF INJURY,13,9,41.9124135838,-87.65388195,2019,30,POINT (-87.65388195 41.9124135838),,,,,2019-09-11,False,6,Lincoln Park
3252,30,TRAFFIC SIGNAL,FUNCTIONING PROPERLY,CLEAR,DAYLIGHT,PEDALCYCLIST,NOT DIVIDED,STRAIGHT AND LEVEL,DRY,NO DEFECTS,,FAILING TO YIELD RIGHT-OF-WAY,NOT APPLICABLE,N,NO INDICATION OF INJURY,15,9,41.8525261656,-87.6612900647,2019,30,POINT (-87.6612900647 41.8525261656),,,,,2019-09-11,False,30,Lower West Side
3253,30,TRAFFIC SIGNAL,FUNCTIONING PROPERLY,CLEAR,DAYLIGHT,PEDALCYCLIST,Y-INTERSECTION,STRAIGHT AND LEVEL,DRY,NO DEFECTS,Y,FAILING TO YIELD RIGHT-OF-WAY,NOT APPLICABLE,,INCAPACITATING INJURY,15,9,41.9056697655,-87.6698701107,2019,30,POINT (-87.6698701107 41.9056697655),,,,,2019-09-11,True,23,West Town
3254,30,NO CONTROLS,NO CONTROLS,CLEAR,DAYLIGHT,PEDALCYCLIST,FOUR WAY,STRAIGHT ON GRADE,DRY,NO DEFECTS,Y,UNABLE TO DETERMINE,NOT APPLICABLE,,NONINCAPACITATING INJURY,17,9,41.8932262687,-87.6508687961,2019,30,POINT (-87.6508687961 41.8932262687),,,,,2019-09-11,False,7,Near North Side
3255,30,NO CONTROLS,UNKNOWN,CLEAR,DUSK,PEDALCYCLIST,NOT DIVIDED,STRAIGHT AND LEVEL,DRY,NO DEFECTS,Y,UNABLE TO DETERMINE,UNABLE TO DETERMINE,,NONINCAPACITATING INJURY,22,9,41.917793041,-87.6777697677,2019,30,POINT (-87.6777697677 41.917793041),,,,,2019-09-11,False,6,Lincoln Park
3256,30,TRAFFIC SIGNAL,FUNCTIONING PROPERLY,CLEAR,"DARKNESS, LIGHTED ROAD",PEDALCYCLIST,DIVIDED - W/MEDIAN (NOT RAISED),STRAIGHT AND LEVEL,WET,NO DEFECTS,Y,DISREGARDING TRAFFIC SIGNALS,UNABLE TO DETERMINE,,NONINCAPACITATING INJURY,2,9,41.9398807263,-87.65911672,2019,30,POINT (-87.65911672 41.9398807263),,,,,2019-09-12,False,5,Lake View
3257,30,STOP SIGN/FLASHER,FUNCTIONING PROPERLY,CLEAR,DAYLIGHT,PEDALCYCLIST,OTHER,STRAIGHT AND LEVEL,DRY,NO DEFECTS,Y,UNABLE TO DETERMINE,NOT APPLICABLE,,INCAPACITATING INJURY,7,9,41.8751743582,-87.6735667201,2019,30,POINT (-87.6735667201 41.8751743582),,,,,2019-09-12,True,27,Near West Side
3258,30,TRAFFIC SIGNAL,FUNCTIONING PROPERLY,CLEAR,DAYLIGHT,PEDALCYCLIST,NOT DIVIDED,STRAIGHT AND LEVEL,DRY,NO DEFECTS,Y,UNABLE TO DETERMINE,UNABLE TO DETERMINE,,"REPORTED, NOT EVIDENT",8,9,41.991824209,-87.6800067592,2019,30,POINT (-87.6800067592 41.991824209),,,,,2019-09-12,False,1,West Ridge
3259,30,NO CONTROLS,NO CONTROLS,RAIN,DAYLIGHT,PEDALCYCLIST,NOT DIVIDED,STRAIGHT AND LEVEL,WET,WORN SURFACE,,FAILING TO YIELD RIGHT-OF-WAY,UNABLE TO DETERMINE,,NONINCAPACITATING INJURY,9,9,41.8514473209,-87.6463121649,2019,30,POINT (-87.6463121649 41.8514473209),,,,,2019-09-12,False,30,Lower West Side
3260,30,NO CONTROLS,NO CONTROLS,CLEAR,DAYLIGHT,PEDALCYCLIST,OTHER,STRAIGHT AND LEVEL,DRY,NO DEFECTS,,UNABLE TO DETERMINE,NOT APPLICABLE,N,NONINCAPACITATING INJURY,9,9,41.856738914,-87.7082272164,2019,30,POINT (-87.7082272164 41.856738914),,,,,2019-09-12,False,28,North Lawndale
3261,30,STOP SIGN/FLASHER,FUNCTIONING PROPERLY,CLEAR,DAYLIGHT,PEDALCYCLIST,FOUR WAY,STRAIGHT AND LEVEL,DRY,NO DEFECTS,Y,FAILING TO YIELD RIGHT-OF-WAY,DRIVING SKILLS/KNOWLEDGE/EXPERIENCE,,NONINCAPACITATING INJURY,9,9,41.8033811629,-87.6551688924,2019,30,POINT (-87.6551688924 41.8033811629),,,,,2019-09-12,False,60,New City
3262,30,NO CONTROLS,NO CONTROLS,CLEAR,DAYLIGHT,PEDALCYCLIST,NOT DIVIDED,STRAIGHT AND LEVEL,DRY,NO DEFECTS,,UNABLE TO DETERMINE,UNABLE TO DETERMINE,Y,NONINCAPACITATING INJURY,10,9,41.9660534171,-87.728114561,2019,30,POINT (-87.728114561 41.9660534171),,,,,2019-09-12,False,13,Albany Park
3263,30,NO CONTROLS,NO CONTROLS,CLEAR,DAYLIGHT,PEDALCYCLIST,NOT DIVIDED,STRAIGHT AND LEVEL,DRY,NO DEFECTS,,UNABLE TO DETERMINE,UNABLE TO DETERMINE,,INCAPACITATING INJURY,12,9,41.8780385165,-87.6485189583,2019,30,POINT (-87.6485189583 41.8780385165),,,,,2019-09-12,True,27,Near West Side
3264,30,STOP SIGN/FLASHER,FUNCTIONING PROPERLY,CLEAR,DAYLIGHT,PEDALCYCLIST,FOUR WAY,STRAIGHT AND LEVEL,DRY,NO DEFECTS,,FAILING TO YIELD RIGHT-OF-WAY,DISREGARDING STOP SIGN,,NONINCAPACITATING INJURY,17,9,41.8462611707,-87.7037113803,2019,30,POINT (-87.7037113803 41.8462611707),,,,,2019-09-12,False,28,North Lawndale
3265,30,STOP SIGN/FLASHER,FUNCTIONING PROPERLY,CLEAR,DUSK,PEDALCYCLIST,NOT DIVIDED,STRAIGHT AND LEVEL,DRY,NO DEFECTS,,UNABLE TO DETERMINE,NOT APPLICABLE,,NONINCAPACITATING INJURY,17,9,41.880727143,-87.7172133403,2019,30,POINT (-87.7172133403 41.880727143),,,,,2019-09-12,False,26,Garfield Park
3266,20,TRAFFIC SIGNAL,FUNCTIONING PROPERLY,CLEAR,DAYLIGHT,PEDALCYCLIST,NOT DIVIDED,STRAIGHT AND LEVEL,DRY,NO DEFECTS,Y,UNABLE TO DETERMINE,UNABLE TO DETERMINE,,NONINCAPACITATING INJURY,17,9,41.9327550754,-87.6534881007,2019,20,POINT (-87.6534881007 41.9327550754),,,,,2019-09-12,False,5,Lake View
3267,30,UNKNOWN,UNKNOWN,CLEAR,DAYLIGHT,PEDALCYCLIST,ALLEY,STRAIGHT AND LEVEL,DRY,NO DEFECTS,,UNABLE TO DETERMINE,UNABLE TO DETERMINE,,INCAPACITATING INJURY,18,9,41.9431546654,-87.8168522614,2019,30,POINT (-87.8168522614 41.9431546654),,,,,2019-09-12,True,16,Dunning
3268,30,NO CONTROLS,NO CONTROLS,CLEAR,DAYLIGHT,PEDALCYCLIST,ONE-WAY,STRAIGHT AND LEVEL,DRY,NO DEFECTS,Y,DRIVING ON WRONG SIDE/WRONG WAY,FAILING TO REDUCE SPEED TO AVOID CRASH,N,NONINCAPACITATING INJURY,18,9,41.9460791318,-87.7595009608,2019,30,POINT (-87.7595009608 41.9460791318),,,,,2019-09-12,False,14,Portage Park
3269,30,STOP SIGN/FLASHER,FUNCTIONING PROPERLY,CLEAR,"DARKNESS, LIGHTED ROAD",PEDALCYCLIST,FOUR WAY,STRAIGHT AND LEVEL,DRY,NO DEFECTS,Y,DISREGARDING STOP SIGN,FAILING TO YIELD RIGHT-OF-WAY,,NONINCAPACITATING INJURY,20,9,41.9157456093,-87.7012932481,2019,30,POINT (-87.7012932481 41.9157456093),,,,,2019-09-12,False,21,Logan Square
3270,30,NO CONTROLS,UNKNOWN,CLEAR,DARKNESS,PEDALCYCLIST,DIVIDED - W/MEDIAN BARRIER,STRAIGHT AND LEVEL,DRY,UNKNOWN,,UNABLE TO DETERMINE,UNABLE TO DETERMINE,,NONINCAPACITATING INJURY,21,9,41.7299514846,-87.5849093096,2019,30,POINT (-87.5849093096 41.7299514846),,,,,2019-09-12,False,45,South Chicago
3271,30,NO CONTROLS,NO CONTROLS,CLEAR,"DARKNESS, LIGHTED ROAD",PEDALCYCLIST,NOT DIVIDED,STRAIGHT AND LEVEL,DRY,NO DEFECTS,,UNABLE TO DETERMINE,UNABLE TO DETERMINE,Y,NONINCAPACITATING INJURY,22,9,41.8892815991,-87.6334910506,2019,30,POINT (-87.6334910506 41.8892815991),,,,,2019-09-12,False,7,Near North Side
3272,30,TRAFFIC SIGNAL,FUNCTIONING PROPERLY,CLEAR,DAYLIGHT,PEDALCYCLIST,DIVIDED - W/MEDIAN (NOT RAISED),STRAIGHT AND LEVEL,WET,NO DEFECTS,Y,UNABLE TO DETERMINE,UNABLE TO DETERMINE,,INCAPACITATING INJURY,9,9,41.7228754552,-87.5510095823,2019,30,POINT (-87.5510095823 41.7228754552),,,,,2019-09-13,True,45,South Chicago
3273,30,UNKNOWN,UNKNOWN,CLEAR,DAYLIGHT,PEDALCYCLIST,NOT DIVIDED,STRAIGHT AND LEVEL,DRY,UNKNOWN,Y,FAILING TO YIELD RIGHT-OF-WAY,NOT APPLICABLE,,NO INDICATION OF INJURY,9,9,41.859124387,-87.7150627663,2019,30,POINT (-87.7150627663 41.859124387),,,,,2019-09-13,False,28,North Lawndale
3274,25,NO CONTROLS,NO CONTROLS,CLEAR,DAYLIGHT,PEDALCYCLIST,ROUNDABOUT,STRAIGHT AND LEVEL,DRY,NO DEFECTS,Y,DRIVING ON WRONG SIDE/WRONG WAY,NOT APPLICABLE,,NONINCAPACITATING INJURY,13,9,41.91197249,-87.6933112698,2019,25,POINT (-87.6933112698 41.91197249),,,,,2019-09-13,False,22,Humboldt Park
3275,35,UNKNOWN,UNKNOWN,CLEAR,DAYLIGHT,PEDALCYCLIST,ALLEY,STRAIGHT AND LEVEL,DRY,NO DEFECTS,,UNABLE TO DETERMINE,UNABLE TO DETERMINE,,"REPORTED, NOT EVIDENT",14,9,41.9288040614,-87.7555076933,2019,35,POINT (-87.7555076933 41.9288040614),,,,,2019-09-13,False,18,Belmont Cragin
3276,30,STOP SIGN/FLASHER,FUNCTIONING PROPERLY,CLEAR,DAYLIGHT,PEDALCYCLIST,DIVIDED - W/MEDIAN (NOT RAISED),STRAIGHT AND LEVEL,DRY,NO DEFECTS,Y,UNABLE TO DETERMINE,NOT APPLICABLE,,NONINCAPACITATING INJURY,15,9,41.9916595234,-87.669906672,2019,30,POINT (-87.669906672 41.9916595234),,,,,2019-09-13,False,76,Edgewater
3277,30,NO CONTROLS,NO CONTROLS,CLEAR,DAYLIGHT,PEDALCYCLIST,NOT DIVIDED,STRAIGHT AND LEVEL,UNKNOWN,UNKNOWN,,IMPROPER OVERTAKING/PASSING,IMPROPER OVERTAKING/PASSING,,"REPORTED, NOT EVIDENT",15,9,41.9489780892,-87.6642175146,2019,30,POINT (-87.6642175146 41.9489780892),,,,,2019-09-13,False,5,Lake View
3278,25,NO CONTROLS,NO CONTROLS,CLEAR,DAYLIGHT,PEDALCYCLIST,ONE-WAY,STRAIGHT AND LEVEL,DRY,NO DEFECTS,,UNABLE TO DETERMINE,NOT APPLICABLE,Y,NO INDICATION OF INJURY,16,9,41.9019689956,-87.6302475247,2019,25,POINT (-87.6302475247 41.9019689956),,,,,2019-09-13,False,7,Near North Side
3279,30,NO CONTROLS,NO CONTROLS,CLEAR,DAYLIGHT,PEDALCYCLIST,NOT DIVIDED,STRAIGHT AND LEVEL,DRY,"RUT, HOLES",,NOT APPLICABLE,NOT APPLICABLE,,NO INDICATION OF INJURY,18,9,41.9431390119,-87.6530839361,2019,30,POINT (-87.6530839361 41.9431390119),,,,,2019-09-13,False,5,Lake View
3280,30,UNKNOWN,UNKNOWN,CLEAR,UNKNOWN,PEDALCYCLIST,NOT DIVIDED,STRAIGHT AND LEVEL,DRY,NO DEFECTS,,UNABLE TO DETERMINE,UNABLE TO DETERMINE,,NO INDICATION OF INJURY,19,9,41.9762051282,-87.6747765499,2019,30,POINT (-87.6747765499 41.9762051282),,,,,2019-09-13,False,3,Lincoln Square
3281,30,STOP SIGN/FLASHER,NO CONTROLS,CLEAR,DARKNESS,PEDALCYCLIST,NOT DIVIDED,STRAIGHT AND LEVEL,DRY,UNKNOWN,Y,FAILING TO YIELD RIGHT-OF-WAY,NOT APPLICABLE,,NONINCAPACITATING INJURY,20,9,41.9940646891,-87.6996662094,2019,30,POINT (-87.6996662094 41.9940646891),,,,,2019-09-13,False,1,West Ridge
3282,30,OTHER,OTHER,CLEAR,DARKNESS,PEDALCYCLIST,DIVIDED - W/MEDIAN (NOT RAISED),STRAIGHT AND LEVEL,DRY,NO DEFECTS,,"OPERATING VEHICLE IN ERRATIC, RECKLESS, CARELESS, NEGLIGENT OR AGGRESSIVE MANNER",NOT APPLICABLE,,NO INDICATION OF INJURY,21,9,41.7687848415,-87.64220067,2019,30,POINT (-87.64220067 41.7687848415),,,,,2019-09-13,False,67,Englewood
3283,30,TRAFFIC SIGNAL,FUNCTIONING PROPERLY,CLEAR,DARKNESS,PEDALCYCLIST,NOT DIVIDED,STRAIGHT AND LEVEL,DRY,NO DEFECTS,Y,UNABLE TO DETERMINE,UNABLE TO DETERMINE,,NONINCAPACITATING INJURY,21,9,41.8647450693,-87.6858404547,2019,30,POINT (-87.6858404547 41.8647450693),,,,,2019-09-13,False,27,Near West Side
3284,30,TRAFFIC SIGNAL,FUNCTIONING PROPERLY,CLEAR,DAYLIGHT,PEDALCYCLIST,FOUR WAY,STRAIGHT AND LEVEL,DRY,NO DEFECTS,Y,BICYCLE ADVANCING LEGALLY ON RED LIGHT,"VISION OBSCURED (SIGNS, TREE LIMBS, BUILDINGS, ETC.)",,NO INDICATION OF INJURY,7,9,41.9390862529,-87.7240729962,2019,30,POINT (-87.7240729962 41.9390862529),,,,,2019-09-14,False,15,Irving Park
3285,25,NO CONTROLS,NO CONTROLS,CLEAR,DAYLIGHT,PEDALCYCLIST,ONE-WAY,STRAIGHT AND LEVEL,DRY,UNKNOWN,,UNABLE TO DETERMINE,"DISTRACTION - OTHER ELECTRONIC DEVICE (NAVIGATION DEVICE, DVD PLAYER, ETC.)",Y,NO INDICATION OF INJURY,8,9,41.8756770994,-87.752490737,2019,25,POINT (-87.752490737 41.8756770994),,,,,2019-09-14,False,24,Austin
3286,30,TRAFFIC SIGNAL,FUNCTIONING PROPERLY,CLEAR,DAYLIGHT,PEDALCYCLIST,FOUR WAY,STRAIGHT AND LEVEL,DRY,NO DEFECTS,Y,FAILING TO YIELD RIGHT-OF-WAY,FAILING TO YIELD RIGHT-OF-WAY,,NONINCAPACITATING INJURY,13,9,41.7137713241,-87.6690758408,2019,30,POINT (-87.6690758408 41.7137713241),,,,,2019-09-14,False,71,Beverly
3287,30,TRAFFIC SIGNAL,FUNCTIONING PROPERLY,CLEAR,DAYLIGHT,PEDALCYCLIST,NOT DIVIDED,STRAIGHT ON GRADE,DRY,NO DEFECTS,Y,UNABLE TO DETERMINE,HAD BEEN DRINKING (USE WHEN ARREST IS NOT MADE),,NO INDICATION OF INJURY,14,9,41.8915853311,-87.6371783652,2019,30,POINT (-87.6371783652 41.8915853311),,,,,2019-09-14,False,7,Near North Side
3288,30,TRAFFIC SIGNAL,FUNCTIONING PROPERLY,CLEAR,DAYLIGHT,PEDALCYCLIST,NOT DIVIDED,STRAIGHT AND LEVEL,DRY,NO DEFECTS,,UNABLE TO DETERMINE,NOT APPLICABLE,,INCAPACITATING INJURY,17,9,41.9172914956,-87.7070516015,2019,30,POINT (-87.7070516015 41.9172914956),,,,,2019-09-14,True,21,Logan Square
3289,30,NO CONTROLS,NO CONTROLS,CLEAR,DARKNESS,PEDALCYCLIST,NOT DIVIDED,STRAIGHT AND LEVEL,DRY,NO DEFECTS,,UNABLE TO DETERMINE,UNABLE TO DETERMINE,,NO INDICATION OF INJURY,19,9,41.9060382647,-87.6482917185,2019,30,POINT (-87.6482917185 41.9060382647),,,,,2019-09-14,False,7,Near North Side
3290,30,NO CONTROLS,NO CONTROLS,RAIN,"DARKNESS, LIGHTED ROAD",PEDALCYCLIST,NOT DIVIDED,STRAIGHT AND LEVEL,WET,NO DEFECTS,,UNABLE TO DETERMINE,NOT APPLICABLE,,NONINCAPACITATING INJURY,2,9,41.8844901367,-87.7067004442,2019,30,POINT (-87.7067004442 41.8844901367),,,,,2019-09-15,False,26,Garfield Park
3291,30,TRAFFIC SIGNAL,FUNCTIONING PROPERLY,CLEAR,DAYLIGHT,PEDALCYCLIST,FOUR WAY,STRAIGHT AND LEVEL,DRY,NO DEFECTS,Y,FOLLOWING TOO CLOSELY,NOT APPLICABLE,,NO INDICATION OF INJURY,12,9,41.9217061818,-87.6486897318,2019,30,POINT (-87.6486897318 41.9217061818),,,,,2019-09-15,False,6,Lincoln Park
3292,30,NO CONTROLS,NO CONTROLS,CLEAR,DAYLIGHT,PEDALCYCLIST,DIVIDED - W/MEDIAN (NOT RAISED),STRAIGHT AND LEVEL,DRY,NO DEFECTS,,UNABLE TO DETERMINE,UNABLE TO DETERMINE,Y,NONINCAPACITATING INJURY,14,9,41.9218336438,-87.7023644982,2019,30,POINT (-87.7023644982 41.9218336438),,,,,2019-09-15,False,21,Logan Square
3293,30,TRAFFIC SIGNAL,FUNCTIONING PROPERLY,CLEAR,DAYLIGHT,PEDALCYCLIST,"FIVE POINT, OR MORE",STRAIGHT AND LEVEL,DRY,UNKNOWN,Y,FOLLOWING TOO CLOSELY,NOT APPLICABLE,,NONINCAPACITATING INJURY,14,9,41.9395704117,-87.6881078597,2019,30,POINT (-87.6881078597 41.9395704117),,,,,2019-09-15,False,4,North Center
3294,30,TRAFFIC SIGNAL,FUNCTIONING PROPERLY,CLEAR,DAYLIGHT,PEDALCYCLIST,DIVIDED - W/MEDIAN (NOT RAISED),STRAIGHT AND LEVEL,DRY,NO DEFECTS,,UNABLE TO DETERMINE,NOT APPLICABLE,,NO INDICATION OF INJURY,16,9,41.9104029044,-87.6772623614,2019,30,POINT (-87.6772623614 41.9104029044),,,,,2019-09-15,False,23,West Town
3295,30,NO CONTROLS,NO CONTROLS,CLEAR,"DARKNESS, LIGHTED ROAD",PEDALCYCLIST,NOT DIVIDED,STRAIGHT AND LEVEL,DRY,NO DEFECTS,N,FAILING TO YIELD RIGHT-OF-WAY,DRIVING ON WRONG SIDE/WRONG WAY,,NO INDICATION OF INJURY,20,9,41.873453612,-87.7158043476,2019,30,POINT (-87.7158043476 41.873453612),,,,,2019-09-15,False,26,Garfield Park
3296,30,NO CONTROLS,NO CONTROLS,CLEAR,"DARKNESS, LIGHTED ROAD",PEDALCYCLIST,ONE-WAY,STRAIGHT AND LEVEL,DRY,NO DEFECTS,,UNABLE TO DETERMINE,NOT APPLICABLE,,NO INDICATION OF INJURY,1,9,41.8909446567,-87.629554048,2019,30,POINT (-87.629554048 41.8909446567),,,,,2019-09-16,False,7,Near North Side
3297,30,TRAFFIC SIGNAL,UNKNOWN,CLEAR,DAYLIGHT,PEDALCYCLIST,ONE-WAY,STRAIGHT AND LEVEL,DRY,UNKNOWN,,UNABLE TO DETERMINE,UNABLE TO DETERMINE,Y,NO INDICATION OF INJURY,7,9,41.9696799063,-87.6760846664,2019,30,POINT (-87.6760846664 41.9696799063),,,,,2019-09-16,False,3,Lincoln Square
3298,25,NO CONTROLS,NO CONTROLS,CLEAR,DAYLIGHT,PEDALCYCLIST,NOT DIVIDED,STRAIGHT AND LEVEL,DRY,NO DEFECTS,,DISREGARDING OTHER TRAFFIC SIGNS,NOT APPLICABLE,,"REPORTED, NOT EVIDENT",8,9,41.9094727989,-87.6779394569,2019,25,POINT (-87.6779394569 41.9094727989),,,,,2019-09-16,False,23,West Town
3299,30,NO CONTROLS,NO CONTROLS,CLEAR,DAYLIGHT,PEDALCYCLIST,NOT DIVIDED,STRAIGHT AND LEVEL,DRY,NO DEFECTS,,DRIVING SKILLS/KNOWLEDGE/EXPERIENCE,UNABLE TO DETERMINE,,NONINCAPACITATING INJURY,9,9,41.9170677303,-87.658248916,2019,30,POINT (-87.658248916 41.9170677303),,,,,2019-09-16,False,6,Lincoln Park
3300,30,NO CONTROLS,NO CONTROLS,CLEAR,DAYLIGHT,PEDALCYCLIST,NOT DIVIDED,STRAIGHT AND LEVEL,DRY,NO DEFECTS,,NOT APPLICABLE,NOT APPLICABLE,,NONINCAPACITATING INJURY,10,9,41.764236587,-87.7200098733,2019,30,POINT (-87.7200098733 41.764236587),,,,,2019-09-16,False,64,West Lawn
3301,30,TRAFFIC SIGNAL,FUNCTIONING PROPERLY,CLEAR,DAYLIGHT,PEDALCYCLIST,DIVIDED - W/MEDIAN (NOT RAISED),STRAIGHT AND LEVEL,DRY,NO DEFECTS,,FAILING TO YIELD RIGHT-OF-WAY,NOT APPLICABLE,,NO INDICATION OF INJURY,12,9,41.8849564973,-87.6396630782,2019,30,POINT (-87.6396630782 41.8849564973),,,,,2019-09-16,False,27,Near West Side
3302,30,TRAFFIC SIGNAL,FUNCTIONING PROPERLY,CLEAR,DAYLIGHT,PEDALCYCLIST,NOT DIVIDED,STRAIGHT AND LEVEL,DRY,NO DEFECTS,Y,UNABLE TO DETERMINE,UNABLE TO DETERMINE,,NONINCAPACITATING INJURY,13,9,41.9107843988,-87.6644774136,2019,30,POINT (-87.6644774136 41.9107843988),,,,,2019-09-16,False,23,West Town
3303,30,TRAFFIC SIGNAL,FUNCTIONING PROPERLY,CLEAR,DAYLIGHT,PEDALCYCLIST,DIVIDED - W/MEDIAN (NOT RAISED),STRAIGHT AND LEVEL,DRY,NO DEFECTS,,UNABLE TO DETERMINE,NOT APPLICABLE,,NONINCAPACITATING INJURY,15,9,41.8962725766,-87.6544413238,2019,30,POINT (-87.6544413238 41.8962725766),,,,,2019-09-16,False,7,Near North Side
3304,30,NO CONTROLS,NO CONTROLS,CLEAR,DAYLIGHT,PEDALCYCLIST,NOT DIVIDED,STRAIGHT AND LEVEL,UNKNOWN,UNKNOWN,,DRIVING SKILLS/KNOWLEDGE/EXPERIENCE,DRIVING SKILLS/KNOWLEDGE/EXPERIENCE,,NONINCAPACITATING INJURY,15,9,41.9692345074,-87.6521198247,2019,30,POINT (-87.6521198247 41.9692345074),,,,,2019-09-16,False,2,Uptown
3305,30,NO CONTROLS,NO CONTROLS,UNKNOWN,UNKNOWN,PEDALCYCLIST,RAMP,STRAIGHT AND LEVEL,UNKNOWN,UNKNOWN,,UNABLE TO DETERMINE,NOT APPLICABLE,,NONINCAPACITATING INJURY,17,9,41.88205499,-87.6338999012,2019,30,POINT (-87.6338999012 41.88205499),,,,,2019-09-16,False,31,Loop
3306,30,NO CONTROLS,NO CONTROLS,CLEAR,DAYLIGHT,PEDALCYCLIST,ONE-WAY,STRAIGHT AND LEVEL,DRY,NO DEFECTS,,FOLLOWING TOO CLOSELY,UNABLE TO DETERMINE,,NONINCAPACITATING INJURY,17,9,41.8820559333,-87.6337523216,2019,30,POINT (-87.6337523216 41.8820559333),,,,,2019-09-16,False,31,Loop