Unnamed: 0,POSTED_SPEED_LIMIT,TRAFFIC_CONTROL_DEVICE,DEVICE_CONDITION,WEATHER_CONDITION,LIGHTING_CONDITION,FIRST_CRASH_TYPE,TRAFFICWAY_TYPE,ALIGNMENT,ROADWAY_SURFACE_COND,ROAD_DEFECT,INTERSECTION_RELATED_I,PRIM_CONTRIBUTORY_CAUSE,SEC_CONTRIBUTORY_CAUSE,DOORING_I,MOST_SEVERE_INJURY,CRASH_HOUR,CRASH_MONTH,LATITUDE,LONGITUDE,CRASH_YEAR,SPEED_LIMIT,geometry,DISPLAYROU,the_geom,DIST,LANE_TYPE,CRASH_DATE,is_severe,index_right,CArea
3307,30,NO CONTROLS,NO CONTROLS,CLEAR,DAYLIGHT,PEDALCYCLIST,NOT DIVIDED,STRAIGHT AND LEVEL,DRY,NO DEFECTS,,NOT APPLICABLE,NOT APPLICABLE,,NO INDICATION OF INJURY,17,9,41.8004408896,-87.7333159382,2019,30,POINT (-87.7333159382 41.8004408896),,,,,2019-09-16,False,56,Archer Heights
3308,20,NO CONTROLS,FUNCTIONING IMPROPERLY,FOG/SMOKE/HAZE,DAYLIGHT,PEDALCYCLIST,ONE-WAY,STRAIGHT AND LEVEL,DRY,NO DEFECTS,,BICYCLE ADVANCING LEGALLY ON RED LIGHT,FOLLOWING TOO CLOSELY,N,NO INDICATION OF INJURY,7,9,41.8993596569,-87.6818965029,2019,20,POINT (-87.6818965029 41.8993596569),,,,,2019-09-17,False,23,West Town
3309,25,STOP SIGN/FLASHER,FUNCTIONING PROPERLY,CLEAR,DAYLIGHT,PEDALCYCLIST,FOUR WAY,STRAIGHT AND LEVEL,DRY,NO DEFECTS,Y,FAILING TO YIELD RIGHT-OF-WAY,"OPERATING VEHICLE IN ERRATIC, RECKLESS, CARELESS, NEGLIGENT OR AGGRESSIVE MANNER",,INCAPACITATING INJURY,7,9,41.8901948827,-87.6476686991,2019,25,POINT (-87.6476686991 41.8901948827),,,,,2019-09-17,True,7,Near North Side
3310,30,STOP SIGN/FLASHER,FUNCTIONING PROPERLY,CLEAR,DAYLIGHT,PEDALCYCLIST,NOT DIVIDED,STRAIGHT AND LEVEL,UNKNOWN,UNKNOWN,Y,IMPROPER OVERTAKING/PASSING,IMPROPER OVERTAKING/PASSING,,NO INDICATION OF INJURY,7,9,41.9468585179,-87.6871077545,2019,30,POINT (-87.6871077545 41.9468585179),,,,,2019-09-17,False,4,North Center
3311,30,STOP SIGN/FLASHER,FUNCTIONING PROPERLY,CLEAR,DAYLIGHT,PEDALCYCLIST,T-INTERSECTION,STRAIGHT AND LEVEL,DRY,NO DEFECTS,Y,DRIVING ON WRONG SIDE/WRONG WAY,"VISION OBSCURED (SIGNS, TREE LIMBS, BUILDINGS, ETC.)",,NONINCAPACITATING INJURY,8,9,41.9578181035,-87.6496490931,2019,30,POINT (-87.6496490931 41.9578181035),,,,,2019-09-17,False,2,Uptown
3312,25,NO CONTROLS,NO CONTROLS,CLEAR,DAYLIGHT,PEDALCYCLIST,NOT DIVIDED,STRAIGHT AND LEVEL,DRY,NO DEFECTS,Y,IMPROPER TURNING/NO SIGNAL,NOT APPLICABLE,,NONINCAPACITATING INJURY,10,9,41.961304037,-87.7071654756,2019,25,POINT (-87.7071654756 41.961304037),,,,,2019-09-17,False,13,Albany Park
3313,30,NO CONTROLS,NO CONTROLS,CLEAR,DAYLIGHT,PEDALCYCLIST,DIVIDED - W/MEDIAN (NOT RAISED),STRAIGHT AND LEVEL,DRY,NO DEFECTS,,"OPERATING VEHICLE IN ERRATIC, RECKLESS, CARELESS, NEGLIGENT OR AGGRESSIVE MANNER",IMPROPER LANE USAGE,,NONINCAPACITATING INJURY,11,9,41.9178299172,-87.6795307509,2019,30,POINT (-87.6795307509 41.9178299172),,,,,2019-09-17,False,6,Lincoln Park
3314,30,UNKNOWN,UNKNOWN,CLEAR,DAYLIGHT,PEDALCYCLIST,ONE-WAY,STRAIGHT AND LEVEL,DRY,UNKNOWN,,UNABLE TO DETERMINE,UNABLE TO DETERMINE,,NONINCAPACITATING INJURY,15,9,41.859691176,-87.6523849534,2019,30,POINT (-87.6523849534 41.859691176),,,,,2019-09-17,False,27,Near West Side
3315,30,NO CONTROLS,NO CONTROLS,CLEAR,DAYLIGHT,PEDALCYCLIST,NOT DIVIDED,STRAIGHT AND LEVEL,DRY,NO DEFECTS,N,IMPROPER LANE USAGE,NOT APPLICABLE,,"REPORTED, NOT EVIDENT",17,9,41.9176748037,-87.6879153056,2019,30,POINT (-87.6879153056 41.9176748037),,,,,2019-09-17,False,21,Logan Square
3316,30,NO CONTROLS,NO CONTROLS,CLEAR,DAYLIGHT,PEDALCYCLIST,NOT DIVIDED,STRAIGHT AND LEVEL,DRY,NO DEFECTS,,ANIMAL,UNABLE TO DETERMINE,,NO INDICATION OF INJURY,18,9,41.7776191603,-87.7785233556,2019,30,POINT (-87.7785233556 41.7776191603),,,,,2019-09-17,False,63,Clearing
3317,30,NO CONTROLS,NO CONTROLS,CLEAR,"DARKNESS, LIGHTED ROAD",PEDALCYCLIST,NOT DIVIDED,STRAIGHT AND LEVEL,DRY,NO DEFECTS,,IMPROPER LANE USAGE,HAD BEEN DRINKING (USE WHEN ARREST IS NOT MADE),,NONINCAPACITATING INJURY,19,9,41.8668228226,-87.6614210067,2019,30,POINT (-87.6614210067 41.8668228226),,,,,2019-09-17,False,27,Near West Side
3318,30,STOP SIGN/FLASHER,FUNCTIONING PROPERLY,CLEAR,"DARKNESS, LIGHTED ROAD",PEDALCYCLIST,UNKNOWN INTERSECTION TYPE,STRAIGHT AND LEVEL,DRY,NO DEFECTS,Y,DISREGARDING STOP SIGN,NOT APPLICABLE,,NONINCAPACITATING INJURY,19,9,41.7900315482,-87.7010790567,2019,30,POINT (-87.7010790567 41.7900315482),,,,,2019-09-17,False,62,Gage Park
3319,30,NO CONTROLS,NO CONTROLS,CLEAR,DAYLIGHT,PEDALCYCLIST,NOT DIVIDED,STRAIGHT AND LEVEL,DRY,NO DEFECTS,,FAILING TO YIELD RIGHT-OF-WAY,NOT APPLICABLE,,NONINCAPACITATING INJURY,7,9,41.7896216167,-87.723208549,2019,30,POINT (-87.723208549 41.7896216167),,,,,2019-09-18,False,61,West Elsdon
3320,30,TRAFFIC SIGNAL,FUNCTIONING PROPERLY,CLEAR,DAYLIGHT,PEDALCYCLIST,NOT DIVIDED,STRAIGHT AND LEVEL,DRY,NO DEFECTS,,DRIVING ON WRONG SIDE/WRONG WAY,NOT APPLICABLE,,NO INDICATION OF INJURY,15,9,41.8993309185,-87.6966449247,2019,30,POINT (-87.6966449247 41.8993309185),,,,,2019-09-18,False,22,Humboldt Park
3321,30,UNKNOWN,UNKNOWN,CLEAR,DAYLIGHT,PEDALCYCLIST,DIVIDED - W/MEDIAN (NOT RAISED),STRAIGHT AND LEVEL,DRY,NO DEFECTS,,UNABLE TO DETERMINE,UNABLE TO DETERMINE,,NO INDICATION OF INJURY,16,9,41.8698487981,-87.6306555263,2019,30,POINT (-87.6306555263 41.8698487981),,,,,2019-09-18,False,31,Loop
3322,30,STOP SIGN/FLASHER,FUNCTIONING PROPERLY,CLEAR,DAYLIGHT,PEDALCYCLIST,NOT DIVIDED,STRAIGHT AND LEVEL,DRY,NO DEFECTS,Y,UNABLE TO DETERMINE,NOT APPLICABLE,,INCAPACITATING INJURY,17,9,41.8526014019,-87.656406092,2019,30,POINT (-87.656406092 41.8526014019),,,,,2019-09-18,True,30,Lower West Side
3323,30,NO CONTROLS,NO CONTROLS,CLEAR,DAYLIGHT,PEDALCYCLIST,DIVIDED - W/MEDIAN (NOT RAISED),STRAIGHT AND LEVEL,DRY,NO DEFECTS,,IMPROPER TURNING/NO SIGNAL,FAILING TO YIELD RIGHT-OF-WAY,,NONINCAPACITATING INJURY,17,9,41.9216106185,-87.6546397045,2019,30,POINT (-87.6546397045 41.9216106185),,,,,2019-09-18,False,6,Lincoln Park
3324,30,NO CONTROLS,NO CONTROLS,CLEAR,"DARKNESS, LIGHTED ROAD",PEDALCYCLIST,NOT DIVIDED,STRAIGHT AND LEVEL,DRY,NO DEFECTS,,FAILING TO YIELD RIGHT-OF-WAY,NOT APPLICABLE,,NONINCAPACITATING INJURY,19,9,41.9119710822,-87.712821058,2019,30,POINT (-87.712821058 41.9119710822),,,,,2019-09-18,False,22,Humboldt Park
3325,30,TRAFFIC SIGNAL,UNKNOWN,CLEAR,"DARKNESS, LIGHTED ROAD",PEDALCYCLIST,FOUR WAY,STRAIGHT AND LEVEL,DRY,NO DEFECTS,Y,DISREGARDING TRAFFIC SIGNALS,UNABLE TO DETERMINE,N,INCAPACITATING INJURY,0,9,41.9726062805,-87.7480560646,2019,30,POINT (-87.7480560646 41.9726062805),,,,,2019-09-19,True,11,Forest Glen
3326,30,TRAFFIC SIGNAL,FUNCTIONING PROPERLY,CLEAR,"DARKNESS, LIGHTED ROAD",PEDALCYCLIST,FOUR WAY,STRAIGHT AND LEVEL,DRY,UNKNOWN,Y,TURNING RIGHT ON RED,DISREGARDING TRAFFIC SIGNALS,,INCAPACITATING INJURY,0,9,41.9242202954,-87.755949852,2019,30,POINT (-87.755949852 41.9242202954),,,,,2019-09-19,True,18,Belmont Cragin
3327,30,TRAFFIC SIGNAL,NO CONTROLS,CLEAR,"DARKNESS, LIGHTED ROAD",PEDALCYCLIST,NOT DIVIDED,STRAIGHT AND LEVEL,DRY,UNKNOWN,,DISREGARDING TRAFFIC SIGNALS,NOT APPLICABLE,,NO INDICATION OF INJURY,1,9,41.9473522632,-87.6544433751,2019,30,POINT (-87.6544433751 41.9473522632),,,,,2019-09-19,False,5,Lake View
3328,30,TRAFFIC SIGNAL,FUNCTIONING PROPERLY,CLEAR,DAYLIGHT,PEDALCYCLIST,NOT DIVIDED,STRAIGHT AND LEVEL,DRY,NO DEFECTS,Y,NOT APPLICABLE,NOT APPLICABLE,,"REPORTED, NOT EVIDENT",7,9,41.9237770788,-87.7855930627,2019,30,POINT (-87.7855930627 41.9237770788),,,,,2019-09-19,False,18,Belmont Cragin
3329,30,TRAFFIC SIGNAL,FUNCTIONING PROPERLY,CLEAR,DAYLIGHT,PEDALCYCLIST,NOT DIVIDED,STRAIGHT AND LEVEL,DRY,NO DEFECTS,,UNABLE TO DETERMINE,NOT APPLICABLE,,NONINCAPACITATING INJURY,8,9,41.9074247296,-87.6730736739,2019,30,POINT (-87.6730736739 41.9074247296),,,,,2019-09-19,False,23,West Town
3330,30,NO CONTROLS,NO CONTROLS,CLEAR,DAYLIGHT,PEDALCYCLIST,NOT DIVIDED,STRAIGHT AND LEVEL,DRY,NO DEFECTS,,DRIVING ON WRONG SIDE/WRONG WAY,FAILING TO YIELD RIGHT-OF-WAY,,NONINCAPACITATING INJURY,11,9,41.9037569383,-87.6336184333,2019,30,POINT (-87.6336184333 41.9037569383),,,,,2019-09-19,False,7,Near North Side
3331,30,TRAFFIC SIGNAL,FUNCTIONING PROPERLY,CLOUDY/OVERCAST,DAYLIGHT,PEDALCYCLIST,FOUR WAY,STRAIGHT AND LEVEL,DRY,NO DEFECTS,Y,UNABLE TO DETERMINE,UNABLE TO DETERMINE,,NONINCAPACITATING INJURY,13,9,41.828177295,-87.7046213816,2019,30,POINT (-87.7046213816 41.828177295),,,,,2019-09-19,False,29,South Lawndale
3332,30,TRAFFIC SIGNAL,FUNCTIONING PROPERLY,CLEAR,DAYLIGHT,PEDALCYCLIST,NOT DIVIDED,STRAIGHT AND LEVEL,DRY,NO DEFECTS,Y,FAILING TO YIELD RIGHT-OF-WAY,FAILING TO REDUCE SPEED TO AVOID CRASH,,NONINCAPACITATING INJURY,13,9,41.9385915779,-87.7565653277,2019,30,POINT (-87.7565653277 41.9385915779),,,,,2019-09-19,False,14,Portage Park
3333,30,TRAFFIC SIGNAL,UNKNOWN,CLEAR,DAYLIGHT,PEDALCYCLIST,FOUR WAY,STRAIGHT AND LEVEL,DRY,NO DEFECTS,Y,UNABLE TO DETERMINE,UNABLE TO DETERMINE,,NONINCAPACITATING INJURY,14,9,41.9397100536,-87.6760545528,2019,30,POINT (-87.6760545528 41.9397100536),,,,,2019-09-19,False,4,North Center
3334,30,TRAFFIC SIGNAL,FUNCTIONING PROPERLY,CLEAR,DAYLIGHT,PEDALCYCLIST,NOT DIVIDED,STRAIGHT AND LEVEL,DRY,NO DEFECTS,Y,UNABLE TO DETERMINE,UNABLE TO DETERMINE,,NONINCAPACITATING INJURY,15,9,41.8263881415,-87.6844121975,2019,30,POINT (-87.6844121975 41.8263881415),,,,,2019-09-19,False,57,Brighton Park
3335,25,TRAFFIC SIGNAL,FUNCTIONING PROPERLY,CLEAR,DAYLIGHT,PEDALCYCLIST,NOT DIVIDED,STRAIGHT AND LEVEL,DRY,NO DEFECTS,,UNABLE TO DETERMINE,UNABLE TO DETERMINE,,NO INDICATION OF INJURY,17,9,41.8964000539,-87.6537495116,2019,25,POINT (-87.6537495116 41.8964000539),,,,,2019-09-19,False,7,Near North Side
3336,35,STOP SIGN/FLASHER,FUNCTIONING PROPERLY,CLEAR,"DARKNESS, LIGHTED ROAD",PEDALCYCLIST,NOT DIVIDED,STRAIGHT AND LEVEL,DRY,NO DEFECTS,Y,UNABLE TO DETERMINE,UNABLE TO DETERMINE,,NO INDICATION OF INJURY,18,9,42.013050453,-87.6900960727,2019,35,POINT (-87.6900960727 42.013050453),,,,,2019-09-19,False,1,West Ridge
3337,30,NO CONTROLS,NO CONTROLS,CLEAR,DAYLIGHT,PEDALCYCLIST,DIVIDED - W/MEDIAN (NOT RAISED),STRAIGHT AND LEVEL,DRY,NO DEFECTS,,UNABLE TO DETERMINE,NOT APPLICABLE,Y,"REPORTED, NOT EVIDENT",18,9,41.9275045223,-87.6973426525,2019,30,POINT (-87.6973426525 41.9275045223),,,,,2019-09-19,False,21,Logan Square
3338,30,TRAFFIC SIGNAL,FUNCTIONING PROPERLY,CLEAR,"DARKNESS, LIGHTED ROAD",PEDALCYCLIST,FOUR WAY,STRAIGHT AND LEVEL,DRY,NO DEFECTS,Y,FAILING TO YIELD RIGHT-OF-WAY,UNABLE TO DETERMINE,,NONINCAPACITATING INJURY,19,9,41.9757818642,-87.7137027498,2019,30,POINT (-87.7137027498 41.9757818642),,,,,2019-09-19,False,12,North Park
3339,30,NO CONTROLS,NO CONTROLS,CLEAR,DAYLIGHT,PEDALCYCLIST,NOT DIVIDED,STRAIGHT AND LEVEL,DRY,NO DEFECTS,,BICYCLE ADVANCING LEGALLY ON RED LIGHT,UNABLE TO DETERMINE,Y,"REPORTED, NOT EVIDENT",20,9,41.9548021842,-87.6789195629,2019,30,POINT (-87.6789195629 41.9548021842),,,,,2019-09-19,False,4,North Center
3340,30,STOP SIGN/FLASHER,FUNCTIONING PROPERLY,CLEAR,"DARKNESS, LIGHTED ROAD",PEDALCYCLIST,NOT DIVIDED,STRAIGHT AND LEVEL,DRY,NO DEFECTS,Y,DISREGARDING STOP SIGN,NOT APPLICABLE,,NONINCAPACITATING INJURY,22,9,41.8346337433,-87.6353798242,2019,30,POINT (-87.6353798242 41.8346337433),,,,,2019-09-19,False,33,Armour Square
3341,30,NO CONTROLS,NO CONTROLS,CLEAR,DAYLIGHT,PEDALCYCLIST,NOT DIVIDED,STRAIGHT AND LEVEL,DRY,NO DEFECTS,,UNABLE TO DETERMINE,UNABLE TO DETERMINE,Y,NONINCAPACITATING INJURY,8,9,41.8019638366,-87.6181154642,2019,30,POINT (-87.6181154642 41.8019638366),,,,,2019-09-20,False,37,Grand Boulevard
3342,30,NO CONTROLS,NO CONTROLS,CLEAR,DAYLIGHT,PEDALCYCLIST,DIVIDED - W/MEDIAN (NOT RAISED),STRAIGHT AND LEVEL,DRY,NO DEFECTS,,UNABLE TO DETERMINE,NOT APPLICABLE,,NO INDICATION OF INJURY,16,9,41.7784578624,-87.730475134,2019,30,POINT (-87.730475134 41.7784578624),,,,,2019-09-20,False,64,West Lawn
3343,30,TRAFFIC SIGNAL,FUNCTIONING PROPERLY,CLEAR,DAYLIGHT,PEDALCYCLIST,NOT DIVIDED,STRAIGHT AND LEVEL,DRY,NO DEFECTS,,FAILING TO YIELD RIGHT-OF-WAY,NOT APPLICABLE,,NONINCAPACITATING INJURY,17,9,41.8816063581,-87.7549628826,2019,30,POINT (-87.7549628826 41.8816063581),,,,,2019-09-20,False,24,Austin
3344,30,NO CONTROLS,NO CONTROLS,CLEAR,"DARKNESS, LIGHTED ROAD",PEDALCYCLIST,NOT DIVIDED,STRAIGHT AND LEVEL,DRY,NO DEFECTS,,UNABLE TO DETERMINE,UNABLE TO DETERMINE,Y,NONINCAPACITATING INJURY,19,9,41.9401197956,-87.6472616631,2019,30,POINT (-87.6472616631 41.9401197956),,,,,2019-09-20,False,5,Lake View
3345,30,TRAFFIC SIGNAL,FUNCTIONING PROPERLY,CLEAR,"DARKNESS, LIGHTED ROAD",PEDALCYCLIST,FOUR WAY,STRAIGHT AND LEVEL,DRY,UNKNOWN,Y,IMPROPER TURNING/NO SIGNAL,NOT APPLICABLE,,NO INDICATION OF INJURY,20,9,41.8821115099,-87.6291091474,2019,30,POINT (-87.6291091474 41.8821115099),,,,,2019-09-20,False,31,Loop
3346,30,STOP SIGN/FLASHER,FUNCTIONING PROPERLY,UNKNOWN,"DARKNESS, LIGHTED ROAD",PEDALCYCLIST,DIVIDED - W/MEDIAN (NOT RAISED),STRAIGHT AND LEVEL,UNKNOWN,NO DEFECTS,Y,UNABLE TO DETERMINE,UNABLE TO DETERMINE,,INCAPACITATING INJURY,20,9,41.8650456343,-87.6763230834,2019,30,POINT (-87.6763230834 41.8650456343),,,,,2019-09-20,True,27,Near West Side
3347,35,TRAFFIC SIGNAL,FUNCTIONING PROPERLY,CLEAR,"DARKNESS, LIGHTED ROAD",PEDALCYCLIST,FOUR WAY,STRAIGHT AND LEVEL,DRY,NO DEFECTS,Y,UNABLE TO DETERMINE,UNABLE TO DETERMINE,,INCAPACITATING INJURY,21,9,41.8923351748,-87.6369067156,2019,35,POINT (-87.6369067156 41.8923351748),,,,,2019-09-20,True,7,Near North Side
3348,25,STOP SIGN/FLASHER,FUNCTIONING PROPERLY,CLEAR,DAYLIGHT,PEDALCYCLIST,UNKNOWN INTERSECTION TYPE,STRAIGHT AND LEVEL,WET,NO DEFECTS,,UNABLE TO DETERMINE,NOT APPLICABLE,,INCAPACITATING INJURY,10,9,41.9657496198,-87.6457358996,2019,25,POINT (-87.6457358996 41.9657496198),,,,,2019-09-21,True,2,Uptown
3349,25,TRAFFIC SIGNAL,FUNCTIONING PROPERLY,CLEAR,DAYLIGHT,PEDALCYCLIST,NOT DIVIDED,STRAIGHT AND LEVEL,DRY,NO DEFECTS,Y,NOT APPLICABLE,NOT APPLICABLE,,NONINCAPACITATING INJURY,15,9,41.8908104471,-87.6843133258,2019,25,POINT (-87.6843133258 41.8908104471),,,,,2019-09-21,False,23,West Town
3350,25,STOP SIGN/FLASHER,NO CONTROLS,RAIN,"DARKNESS, LIGHTED ROAD",PEDALCYCLIST,NOT DIVIDED,STRAIGHT AND LEVEL,WET,UNKNOWN,,FAILING TO YIELD RIGHT-OF-WAY,FAILING TO REDUCE SPEED TO AVOID CRASH,,INCAPACITATING INJURY,3,9,41.7505854218,-87.6417470662,2019,25,POINT (-87.6417470662 41.7505854218),,,,,2019-09-22,True,70,Auburn Gresham
3351,30,NO CONTROLS,NO CONTROLS,CLEAR,DAYLIGHT,PEDALCYCLIST,NOT DIVIDED,STRAIGHT AND LEVEL,ICE,NO DEFECTS,,UNABLE TO DETERMINE,NOT APPLICABLE,,NONINCAPACITATING INJURY,11,9,41.9542541916,-87.663525136,2019,30,POINT (-87.663525136 41.9542541916),,,,,2019-09-22,False,5,Lake View
3352,30,NO CONTROLS,NO CONTROLS,CLEAR,DAYLIGHT,PEDALCYCLIST,PARKING LOT,STRAIGHT AND LEVEL,DRY,NO DEFECTS,,UNABLE TO DETERMINE,NOT APPLICABLE,,NO INDICATION OF INJURY,11,9,41.7702902639,-87.722401324,2019,30,POINT (-87.722401324 41.7702902639),,,,,2019-09-22,False,64,West Lawn
3353,30,TRAFFIC SIGNAL,FUNCTIONING PROPERLY,RAIN,DAYLIGHT,PEDALCYCLIST,NOT DIVIDED,STRAIGHT AND LEVEL,WET,NO DEFECTS,Y,UNABLE TO DETERMINE,UNABLE TO DETERMINE,,NONINCAPACITATING INJURY,14,9,41.8759670308,-87.6960058006,2019,30,POINT (-87.6960058006 41.8759670308),,,,,2019-09-22,False,26,Garfield Park
3354,30,NO CONTROLS,NO CONTROLS,CLEAR,DAYLIGHT,PEDALCYCLIST,ONE-WAY,STRAIGHT AND LEVEL,DRY,NO DEFECTS,,UNABLE TO DETERMINE,NOT APPLICABLE,Y,NONINCAPACITATING INJURY,9,9,41.8855343507,-87.6340712028,2019,30,POINT (-87.6340712028 41.8855343507),,,,,2019-09-23,False,31,Loop
3355,30,TRAFFIC SIGNAL,FUNCTIONING PROPERLY,CLEAR,DAYLIGHT,PEDALCYCLIST,NOT DIVIDED,STRAIGHT AND LEVEL,DRY,NO DEFECTS,Y,FAILING TO YIELD RIGHT-OF-WAY,IMPROPER OVERTAKING/PASSING,,NO INDICATION OF INJURY,12,9,41.8947798238,-87.6228995901,2019,30,POINT (-87.6228995901 41.8947798238),,,,,2019-09-23,False,7,Near North Side
3356,30,NO CONTROLS,NO CONTROLS,CLEAR,DAYLIGHT,PEDALCYCLIST,NOT DIVIDED,STRAIGHT AND LEVEL,DRY,NO DEFECTS,,FOLLOWING TOO CLOSELY,NOT APPLICABLE,,NO INDICATION OF INJURY,17,9,42.0046874845,-87.7035599874,2019,30,POINT (-87.7035599874 42.0046874845),,,,,2019-09-23,False,1,West Ridge
3357,30,UNKNOWN,UNKNOWN,CLEAR,DAYLIGHT,PEDALCYCLIST,NOT DIVIDED,STRAIGHT AND LEVEL,DRY,UNKNOWN,,NOT APPLICABLE,NOT APPLICABLE,Y,NONINCAPACITATING INJURY,17,9,41.8998968529,-87.6624293258,2019,30,POINT (-87.6624293258 41.8998968529),,,,,2019-09-23,False,23,West Town
3358,30,NO CONTROLS,NO CONTROLS,CLEAR,DAYLIGHT,PEDALCYCLIST,ONE-WAY,STRAIGHT AND LEVEL,DRY,NO DEFECTS,,"OPERATING VEHICLE IN ERRATIC, RECKLESS, CARELESS, NEGLIGENT OR AGGRESSIVE MANNER",UNABLE TO DETERMINE,Y,NO INDICATION OF INJURY,18,9,41.884571499,-87.6371797461,2019,30,POINT (-87.6371797461 41.884571499),,,,,2019-09-23,False,27,Near West Side
3359,25,TRAFFIC SIGNAL,UNKNOWN,CLEAR,"DARKNESS, LIGHTED ROAD",PEDALCYCLIST,NOT DIVIDED,STRAIGHT AND LEVEL,DRY,NO DEFECTS,Y,UNABLE TO DETERMINE,UNABLE TO DETERMINE,,NONINCAPACITATING INJURY,19,9,41.8809011922,-87.7206460699,2019,25,POINT (-87.7206460699 41.8809011922),,,,,2019-09-23,False,25,Garfield Park
3360,30,TRAFFIC SIGNAL,FUNCTIONING PROPERLY,CLEAR,"DARKNESS, LIGHTED ROAD",PEDALCYCLIST,NOT DIVIDED,STRAIGHT AND LEVEL,DRY,UNKNOWN,Y,UNABLE TO DETERMINE,NOT APPLICABLE,,NONINCAPACITATING INJURY,20,9,41.8867184296,-87.7453516235,2019,30,POINT (-87.7453516235 41.8867184296),,,,,2019-09-23,False,24,Austin
3362,35,TRAFFIC SIGNAL,FUNCTIONING PROPERLY,CLEAR,DAYLIGHT,PEDALCYCLIST,FOUR WAY,STRAIGHT AND LEVEL,DRY,NO DEFECTS,Y,TURNING RIGHT ON RED,NOT APPLICABLE,,NONINCAPACITATING INJURY,8,9,41.7805521526,-87.5847433035,2019,35,POINT (-87.5847433035 41.7805521526),,,,,2019-09-24,False,41,Woodlawn
3363,30,STOP SIGN/FLASHER,FUNCTIONING PROPERLY,CLEAR,DAYLIGHT,PEDALCYCLIST,NOT DIVIDED,STRAIGHT AND LEVEL,DRY,NO DEFECTS,Y,FAILING TO YIELD RIGHT-OF-WAY,NOT APPLICABLE,,NO INDICATION OF INJURY,11,9,41.9395041951,-87.6974814922,2019,30,POINT (-87.6974814922 41.9395041951),,,,,2019-09-24,False,15,Irving Park
3364,30,NO CONTROLS,NO CONTROLS,CLEAR,DAYLIGHT,PEDALCYCLIST,PARKING LOT,STRAIGHT AND LEVEL,DRY,UNKNOWN,,FAILING TO YIELD RIGHT-OF-WAY,UNABLE TO DETERMINE,,NONINCAPACITATING INJURY,15,9,41.9535941705,-87.7867318085,2019,30,POINT (-87.7867318085 41.9535941705),,,,,2019-09-24,False,14,Portage Park
3365,30,TRAFFIC SIGNAL,FUNCTIONING PROPERLY,CLEAR,DAYLIGHT,PEDALCYCLIST,DIVIDED - W/MEDIAN (NOT RAISED),STRAIGHT AND LEVEL,DRY,NO DEFECTS,Y,UNABLE TO DETERMINE,UNABLE TO DETERMINE,,NONINCAPACITATING INJURY,16,9,41.9399460298,-87.6590776192,2019,30,POINT (-87.6590776192 41.9399460298),,,,,2019-09-24,False,5,Lake View
3366,30,NO CONTROLS,NO CONTROLS,CLEAR,"DARKNESS, LIGHTED ROAD",PEDALCYCLIST,DIVIDED - W/MEDIAN (NOT RAISED),STRAIGHT AND LEVEL,DRY,UNKNOWN,,UNABLE TO DETERMINE,UNABLE TO DETERMINE,,NONINCAPACITATING INJURY,20,9,41.8964495364,-87.6509433262,2019,30,POINT (-87.6509433262 41.8964495364),,,,,2019-09-24,False,7,Near North Side
3367,30,TRAFFIC SIGNAL,FUNCTIONING PROPERLY,CLEAR,"DARKNESS, LIGHTED ROAD",PEDALCYCLIST,NOT DIVIDED,STRAIGHT AND LEVEL,DRY,NO DEFECTS,,UNABLE TO DETERMINE,NOT APPLICABLE,,INCAPACITATING INJURY,21,9,41.8671229124,-87.6393796197,2019,30,POINT (-87.6393796197 41.8671229124),,,,,2019-09-24,True,27,Near West Side
3368,30,STOP SIGN/FLASHER,FUNCTIONING PROPERLY,CLEAR,"DARKNESS, LIGHTED ROAD",PEDALCYCLIST,FOUR WAY,STRAIGHT AND LEVEL,DRY,NO DEFECTS,Y,DISREGARDING STOP SIGN,UNABLE TO DETERMINE,,NO INDICATION OF INJURY,22,9,41.9229440947,-87.7121347113,2019,30,POINT (-87.7121347113 41.9229440947),,,,,2019-09-24,False,21,Logan Square
3369,30,NO CONTROLS,NO CONTROLS,RAIN,DAYLIGHT,PEDALCYCLIST,NOT DIVIDED,STRAIGHT AND LEVEL,WET,NO DEFECTS,,UNABLE TO DETERMINE,NOT APPLICABLE,,INCAPACITATING INJURY,7,9,41.6770350298,-87.6206291024,2019,30,POINT (-87.6206291024 41.6770350298),,,,,2019-09-25,True,52,West Pullman
3370,30,STOP SIGN/FLASHER,FUNCTIONING PROPERLY,CLEAR,DAYLIGHT,PEDALCYCLIST,NOT DIVIDED,STRAIGHT ON HILLCREST,DRY,NO DEFECTS,,FAILING TO REDUCE SPEED TO AVOID CRASH,NOT APPLICABLE,,INCAPACITATING INJURY,7,9,41.8926867599,-87.6501212661,2019,30,POINT (-87.6501212661 41.8926867599),,,,,2019-09-25,True,7,Near North Side
3371,30,TRAFFIC SIGNAL,NOT FUNCTIONING,CLEAR,DAYLIGHT,PEDALCYCLIST,CENTER TURN LANE,STRAIGHT AND LEVEL,DRY,NO DEFECTS,Y,FAILING TO YIELD RIGHT-OF-WAY,FAILING TO REDUCE SPEED TO AVOID CRASH,,INCAPACITATING INJURY,8,9,41.9687880799,-87.6692894051,2019,30,POINT (-87.6692894051 41.9687880799),,,,,2019-09-25,True,2,Uptown
3372,25,NO CONTROLS,NO CONTROLS,CLEAR,DAYLIGHT,PEDALCYCLIST,NOT DIVIDED,STRAIGHT AND LEVEL,DRY,NO DEFECTS,,IMPROPER OVERTAKING/PASSING,NOT APPLICABLE,Y,INCAPACITATING INJURY,8,9,41.910314372,-87.6775700676,2019,25,POINT (-87.6775700676 41.910314372),,,,,2019-09-25,True,23,West Town