Unnamed: 0,POSTED_SPEED_LIMIT,TRAFFIC_CONTROL_DEVICE,DEVICE_CONDITION,WEATHER_CONDITION,LIGHTING_CONDITION,FIRST_CRASH_TYPE,TRAFFICWAY_TYPE,ALIGNMENT,ROADWAY_SURFACE_COND,ROAD_DEFECT,INTERSECTION_RELATED_I,PRIM_CONTRIBUTORY_CAUSE,SEC_CONTRIBUTORY_CAUSE,DOORING_I,MOST_SEVERE_INJURY,CRASH_HOUR,CRASH_MONTH,LATITUDE,LONGITUDE,CRASH_YEAR,SPEED_LIMIT,geometry,DISPLAYROU,the_geom,DIST,LANE_TYPE,CRASH_DATE,is_severe,index_right,CArea
3373,30,NO CONTROLS,NOT FUNCTIONING,CLEAR,DAWN,PEDALCYCLIST,DIVIDED - W/MEDIAN (NOT RAISED),STRAIGHT ON GRADE,DRY,NO DEFECTS,,UNABLE TO DETERMINE,UNABLE TO DETERMINE,,NONINCAPACITATING INJURY,8,9,41.8913196784,-87.6458212448,2019,30,POINT (-87.6458212448 41.8913196784),,,,,2019-09-25,False,7,Near North Side
3374,30,TRAFFIC SIGNAL,FUNCTIONING PROPERLY,CLEAR,DAYLIGHT,PEDALCYCLIST,FOUR WAY,STRAIGHT AND LEVEL,DRY,WORN SURFACE,Y,IMPROPER LANE USAGE,UNABLE TO DETERMINE,,NONINCAPACITATING INJURY,11,9,41.9981457245,-87.6704630237,2019,30,POINT (-87.6704630237 41.9981457245),,,,,2019-09-25,False,0,Rogers Park
3376,25,TRAFFIC SIGNAL,FUNCTIONING PROPERLY,CLEAR,DAYLIGHT,PEDALCYCLIST,T-INTERSECTION,STRAIGHT AND LEVEL,DRY,NO DEFECTS,Y,"VISION OBSCURED (SIGNS, TREE LIMBS, BUILDINGS, ETC.)",NOT APPLICABLE,,NONINCAPACITATING INJURY,16,9,41.7756790279,-87.5717136642,2019,25,POINT (-87.5717136642 41.7756790279),,,,,2019-09-25,False,41,Woodlawn
3377,30,NO CONTROLS,NO CONTROLS,CLEAR,DAYLIGHT,PEDALCYCLIST,ONE-WAY,STRAIGHT AND LEVEL,DRY,NO DEFECTS,Y,IMPROPER LANE USAGE,NOT APPLICABLE,,NONINCAPACITATING INJURY,17,9,41.6815753175,-87.6806896652,2019,30,POINT (-87.6806896652 41.6815753175),,,,,2019-09-25,False,74,Morgan Park
3378,30,UNKNOWN,UNKNOWN,CLEAR,DUSK,PEDALCYCLIST,NOT DIVIDED,STRAIGHT AND LEVEL,DRY,NO DEFECTS,,IMPROPER TURNING/NO SIGNAL,NOT APPLICABLE,,NO INDICATION OF INJURY,18,9,41.9321447388,-87.7061422403,2019,30,POINT (-87.7061422403 41.9321447388),,,,,2019-09-25,False,20,Avondale
3379,30,NO CONTROLS,NO CONTROLS,CLEAR,"DARKNESS, LIGHTED ROAD",PEDALCYCLIST,DIVIDED - W/MEDIAN (NOT RAISED),STRAIGHT AND LEVEL,DRY,UNKNOWN,,FAILING TO YIELD RIGHT-OF-WAY,UNABLE TO DETERMINE,Y,INCAPACITATING INJURY,20,9,41.923840384,-87.7679667512,2019,30,POINT (-87.7679667512 41.923840384),,,,,2019-09-25,True,18,Belmont Cragin
3380,25,STOP SIGN/FLASHER,FUNCTIONING PROPERLY,CLEAR,"DARKNESS, LIGHTED ROAD",PEDALCYCLIST,NOT DIVIDED,STRAIGHT AND LEVEL,DRY,NO DEFECTS,Y,DISREGARDING STOP SIGN,NOT APPLICABLE,,INCAPACITATING INJURY,21,9,41.9753148632,-87.6645800722,2019,25,POINT (-87.6645800722 41.9753148632),,,,,2019-09-25,True,2,Uptown
3381,30,NO CONTROLS,NO CONTROLS,CLEAR,DAWN,PEDALCYCLIST,DIVIDED - W/MEDIAN (NOT RAISED),STRAIGHT AND LEVEL,DRY,NO DEFECTS,,IMPROPER LANE USAGE,NOT APPLICABLE,,NONINCAPACITATING INJURY,6,9,41.9006236667,-87.6624419582,2019,30,POINT (-87.6624419582 41.9006236667),,,,,2019-09-26,False,23,West Town
3382,30,NO CONTROLS,NO CONTROLS,CLEAR,DAYLIGHT,PEDALCYCLIST,NOT DIVIDED,STRAIGHT ON GRADE,DRY,NO DEFECTS,,IMPROPER LANE USAGE,UNABLE TO DETERMINE,,NONINCAPACITATING INJURY,7,9,41.9220087978,-87.6651575811,2019,30,POINT (-87.6651575811 41.9220087978),,,,,2019-09-26,False,6,Lincoln Park
3383,30,TRAFFIC SIGNAL,FUNCTIONING PROPERLY,CLEAR,DAYLIGHT,PEDALCYCLIST,FOUR WAY,STRAIGHT AND LEVEL,DRY,NO DEFECTS,Y,UNABLE TO DETERMINE,NOT APPLICABLE,,NO INDICATION OF INJURY,8,9,41.9250106277,-87.7005519659,2019,30,POINT (-87.7005519659 41.9250106277),,,,,2019-09-26,False,21,Logan Square
3384,30,NO CONTROLS,NO CONTROLS,CLEAR,DAYLIGHT,PEDALCYCLIST,NOT DIVIDED,STRAIGHT AND LEVEL,DRY,NO DEFECTS,,IMPROPER TURNING/NO SIGNAL,UNABLE TO DETERMINE,,"REPORTED, NOT EVIDENT",8,9,41.9509011575,-87.6497718382,2019,30,POINT (-87.6497718382 41.9509011575),,,,,2019-09-26,False,5,Lake View
3385,30,TRAFFIC SIGNAL,FUNCTIONING PROPERLY,CLEAR,DAYLIGHT,PEDALCYCLIST,DIVIDED - W/MEDIAN BARRIER,STRAIGHT AND LEVEL,DRY,NO DEFECTS,,UNABLE TO DETERMINE,DRIVING SKILLS/KNOWLEDGE/EXPERIENCE,,NO INDICATION OF INJURY,8,9,41.8771670285,-87.6170248832,2019,30,POINT (-87.6170248832 41.8771670285),,,,,2019-09-26,False,31,Loop
3386,25,NO CONTROLS,NO CONTROLS,CLEAR,DAYLIGHT,PEDALCYCLIST,DIVIDED - W/MEDIAN (NOT RAISED),STRAIGHT AND LEVEL,DRY,NO DEFECTS,,DRIVING SKILLS/KNOWLEDGE/EXPERIENCE,NOT APPLICABLE,N,"REPORTED, NOT EVIDENT",14,9,41.8962343569,-87.6640107888,2019,25,POINT (-87.6640107888 41.8962343569),,,,,2019-09-26,False,23,West Town
3387,10,NO CONTROLS,NO CONTROLS,CLEAR,DAYLIGHT,PEDALCYCLIST,ALLEY,STRAIGHT AND LEVEL,DRY,NO DEFECTS,,FAILING TO YIELD RIGHT-OF-WAY,FAILING TO YIELD RIGHT-OF-WAY,,NO INDICATION OF INJURY,15,9,42.0173650094,-87.7041937467,2019,10,POINT (-87.7041937467 42.0173650094),,,,,2019-09-26,False,1,West Ridge
3388,35,TRAFFIC SIGNAL,FUNCTIONING PROPERLY,CLEAR,DAYLIGHT,PEDALCYCLIST,FOUR WAY,STRAIGHT AND LEVEL,DRY,NO DEFECTS,Y,IMPROPER TURNING/NO SIGNAL,FAILING TO REDUCE SPEED TO AVOID CRASH,,NONINCAPACITATING INJURY,15,9,41.8078793093,-87.7141716705,2019,35,POINT (-87.7141716705 41.8078793093),,,,,2019-09-26,False,56,Archer Heights
3389,30,TRAFFIC SIGNAL,FUNCTIONING PROPERLY,CLEAR,DAYLIGHT,PEDALCYCLIST,ONE-WAY,STRAIGHT AND LEVEL,DRY,NO DEFECTS,,DRIVING ON WRONG SIDE/WRONG WAY,NOT APPLICABLE,,"REPORTED, NOT EVIDENT",15,9,41.8982157259,-87.6278280869,2019,30,POINT (-87.6278280869 41.8982157259),,,,,2019-09-26,False,7,Near North Side
3390,30,TRAFFIC SIGNAL,FUNCTIONING PROPERLY,CLEAR,DAYLIGHT,PEDALCYCLIST,DIVIDED - W/MEDIAN BARRIER,STRAIGHT AND LEVEL,DRY,NO DEFECTS,Y,IMPROPER LANE USAGE,UNABLE TO DETERMINE,,NO INDICATION OF INJURY,17,9,41.8884006857,-87.624321714,2019,30,POINT (-87.624321714 41.8884006857),,,,,2019-09-26,False,7,Near North Side
3391,30,NO CONTROLS,NO CONTROLS,CLEAR,DAYLIGHT,PEDALCYCLIST,DIVIDED - W/MEDIAN (NOT RAISED),STRAIGHT AND LEVEL,DRY,UNKNOWN,Y,FOLLOWING TOO CLOSELY,UNABLE TO DETERMINE,,NONINCAPACITATING INJURY,18,9,41.9256023163,-87.6463817686,2019,30,POINT (-87.6463817686 41.9256023163),,,,,2019-09-26,False,6,Lincoln Park
3392,30,STOP SIGN/FLASHER,FUNCTIONING PROPERLY,CLEAR,DARKNESS,PEDALCYCLIST,FOUR WAY,STRAIGHT AND LEVEL,DRY,UNKNOWN,Y,UNABLE TO DETERMINE,NOT APPLICABLE,,NO INDICATION OF INJURY,20,9,41.8671751247,-87.6393758126,2019,30,POINT (-87.6393758126 41.8671751247),,,,,2019-09-26,False,27,Near West Side
3393,30,TRAFFIC SIGNAL,FUNCTIONING PROPERLY,CLEAR,"DARKNESS, LIGHTED ROAD",PEDALCYCLIST,"FIVE POINT, OR MORE",STRAIGHT AND LEVEL,DRY,NO DEFECTS,Y,TURNING RIGHT ON RED,UNABLE TO DETERMINE,,"REPORTED, NOT EVIDENT",5,9,41.8524434324,-87.665908048,2019,30,POINT (-87.665908048 41.8524434324),,,,,2019-09-27,False,30,Lower West Side
3394,30,NO CONTROLS,NO CONTROLS,CLOUDY/OVERCAST,DAYLIGHT,PEDALCYCLIST,FOUR WAY,STRAIGHT AND LEVEL,DRY,NO DEFECTS,Y,DISREGARDING STOP SIGN,UNABLE TO DETERMINE,,NO INDICATION OF INJURY,9,9,41.8284035223,-87.6845505847,2019,30,POINT (-87.6845505847 41.8284035223),,,,,2019-09-27,False,57,Brighton Park
3395,30,TRAFFIC SIGNAL,FUNCTIONING PROPERLY,RAIN,DAYLIGHT,PEDALCYCLIST,DIVIDED - W/MEDIAN BARRIER,STRAIGHT AND LEVEL,WET,NO DEFECTS,,DISREGARDING TRAFFIC SIGNALS,UNABLE TO DETERMINE,,NONINCAPACITATING INJURY,16,9,41.8756621337,-87.6241112436,2019,30,POINT (-87.6241112436 41.8756621337),,,,,2019-09-27,False,31,Loop
3396,30,NO CONTROLS,FUNCTIONING PROPERLY,RAIN,DAYLIGHT,PEDALCYCLIST,ONE-WAY,STRAIGHT AND LEVEL,WET,NO DEFECTS,,DRIVING ON WRONG SIDE/WRONG WAY,DRIVING SKILLS/KNOWLEDGE/EXPERIENCE,,NONINCAPACITATING INJURY,16,9,41.8827902113,-87.6622247633,2019,30,POINT (-87.6622247633 41.8827902113),,,,,2019-09-27,False,27,Near West Side
3397,30,TRAFFIC SIGNAL,FUNCTIONING PROPERLY,RAIN,"DARKNESS, LIGHTED ROAD",PEDALCYCLIST,ONE-WAY,STRAIGHT AND LEVEL,WET,NO DEFECTS,Y,DISREGARDING TRAFFIC SIGNALS,NOT APPLICABLE,,NONINCAPACITATING INJURY,21,9,41.8924065363,-87.6357436267,2019,30,POINT (-87.6357436267 41.8924065363),,,,,2019-09-27,False,7,Near North Side
3398,30,NO CONTROLS,NO CONTROLS,UNKNOWN,"DARKNESS, LIGHTED ROAD",PEDALCYCLIST,DIVIDED - W/MEDIAN (NOT RAISED),STRAIGHT AND LEVEL,UNKNOWN,SHOULDER DEFECT,,UNABLE TO DETERMINE,UNABLE TO DETERMINE,,NONINCAPACITATING INJURY,0,9,41.990209941,-87.7512703325,2019,30,POINT (-87.7512703325 41.990209941),,,,,2019-09-28,False,11,Forest Glen
3399,30,NO CONTROLS,NO CONTROLS,CLEAR,DAYLIGHT,PEDALCYCLIST,DIVIDED - W/MEDIAN (NOT RAISED),STRAIGHT AND LEVEL,DRY,NO DEFECTS,,FAILING TO YIELD RIGHT-OF-WAY,FAILING TO REDUCE SPEED TO AVOID CRASH,,NO INDICATION OF INJURY,12,9,41.9045021072,-87.6482668678,2019,30,POINT (-87.6482668678 41.9045021072),,,,,2019-09-28,False,7,Near North Side
3400,30,TRAFFIC SIGNAL,FUNCTIONING PROPERLY,CLEAR,DAYLIGHT,PEDALCYCLIST,NOT DIVIDED,STRAIGHT AND LEVEL,WET,NO DEFECTS,Y,FAILING TO YIELD RIGHT-OF-WAY,NOT APPLICABLE,,NONINCAPACITATING INJURY,12,9,41.9112711441,-87.6347604802,2019,30,POINT (-87.6347604802 41.9112711441),,,,,2019-09-28,False,6,Lincoln Park
3401,15,NO CONTROLS,NO CONTROLS,CLEAR,DAYLIGHT,PEDALCYCLIST,ALLEY,STRAIGHT AND LEVEL,DRY,NO DEFECTS,,NOT APPLICABLE,NOT APPLICABLE,,NONINCAPACITATING INJURY,13,9,41.9156505514,-87.6875075451,2019,15,POINT (-87.6875075451 41.9156505514),,,,,2019-09-28,False,21,Logan Square
3402,30,NO CONTROLS,NO CONTROLS,CLEAR,DAYLIGHT,PEDALCYCLIST,NOT DIVIDED,STRAIGHT AND LEVEL,DRY,NO DEFECTS,,NOT APPLICABLE,NOT APPLICABLE,,NONINCAPACITATING INJURY,14,9,41.7721855694,-87.6737760725,2019,30,POINT (-87.6737760725 41.7721855694),,,,,2019-09-28,False,66,Englewood
3403,30,NO CONTROLS,NO CONTROLS,CLEAR,DAYLIGHT,PEDALCYCLIST,NOT DIVIDED,STRAIGHT AND LEVEL,DRY,NO DEFECTS,,FAILING TO YIELD RIGHT-OF-WAY,DRIVING SKILLS/KNOWLEDGE/EXPERIENCE,Y,NONINCAPACITATING INJURY,16,9,41.9222387186,-87.6965105671,2019,30,POINT (-87.6965105671 41.9222387186),,,,,2019-09-28,False,21,Logan Square
3404,30,NO CONTROLS,NO CONTROLS,CLEAR,DAYLIGHT,PEDALCYCLIST,DIVIDED - W/MEDIAN (NOT RAISED),STRAIGHT AND LEVEL,DRY,NO DEFECTS,,FAILING TO YIELD RIGHT-OF-WAY,NOT APPLICABLE,,INCAPACITATING INJURY,17,9,41.8132718962,-87.7053470272,2019,30,POINT (-87.7053470272 41.8132718962),,,,,2019-09-28,True,57,Brighton Park
3405,20,NO CONTROLS,NO CONTROLS,CLEAR,"DARKNESS, LIGHTED ROAD",PEDALCYCLIST,T-INTERSECTION,STRAIGHT AND LEVEL,DRY,NO DEFECTS,,UNABLE TO DETERMINE,NOT APPLICABLE,,NONINCAPACITATING INJURY,19,9,41.7624938581,-87.5895443403,2019,20,POINT (-87.5895443403 41.7624938581),,,,,2019-09-28,False,42,South Shore
3406,30,NO CONTROLS,NO CONTROLS,CLEAR,DAYLIGHT,PEDALCYCLIST,NOT DIVIDED,STRAIGHT AND LEVEL,WET,NO DEFECTS,,NOT APPLICABLE,NOT APPLICABLE,,NONINCAPACITATING INJURY,12,9,41.7508161079,-87.627177543,2019,30,POINT (-87.627177543 41.7508161079),,,,,2019-09-29,False,43,Chatham
3407,30,NO CONTROLS,NO CONTROLS,CLOUDY/OVERCAST,DAYLIGHT,PEDALCYCLIST,DIVIDED - W/MEDIAN BARRIER,STRAIGHT AND LEVEL,DRY,NO DEFECTS,,UNABLE TO DETERMINE,NOT APPLICABLE,Y,INCAPACITATING INJURY,14,9,41.8724865918,-87.6273989196,2019,30,POINT (-87.6273989196 41.8724865918),,,,,2019-09-29,True,31,Loop
3408,30,TRAFFIC SIGNAL,FUNCTIONING PROPERLY,CLOUDY/OVERCAST,DAYLIGHT,PEDALCYCLIST,DIVIDED - W/MEDIAN (NOT RAISED),STRAIGHT AND LEVEL,WET,NO DEFECTS,,DISTRACTION - FROM OUTSIDE VEHICLE,UNABLE TO DETERMINE,,NO INDICATION OF INJURY,16,9,41.9908457233,-87.6698787824,2019,30,POINT (-87.6698787824 41.9908457233),,,,,2019-09-29,False,76,Edgewater
3409,30,NO CONTROLS,NO CONTROLS,CLEAR,DAYLIGHT,PEDALCYCLIST,DIVIDED - W/MEDIAN (NOT RAISED),STRAIGHT AND LEVEL,DRY,NO DEFECTS,,FAILING TO YIELD RIGHT-OF-WAY,NOT APPLICABLE,,NO INDICATION OF INJURY,17,9,41.7792352173,-87.6927437889,2019,30,POINT (-87.6927437889 41.7792352173),,,,,2019-09-29,False,65,Chicago Lawn
3410,30,NO CONTROLS,NO CONTROLS,RAIN,DUSK,PEDALCYCLIST,DIVIDED - W/MEDIAN (NOT RAISED),STRAIGHT AND LEVEL,WET,NO DEFECTS,,IMPROPER LANE USAGE,NOT APPLICABLE,,NONINCAPACITATING INJURY,18,9,41.9126010095,-87.7423550776,2019,30,POINT (-87.7423550776 41.9126010095),,,,,2019-09-29,False,24,Austin
3411,30,NO CONTROLS,NO CONTROLS,CLEAR,"DARKNESS, LIGHTED ROAD",PEDALCYCLIST,NOT DIVIDED,STRAIGHT AND LEVEL,DRY,NO DEFECTS,,"DISTRACTION - OTHER ELECTRONIC DEVICE (NAVIGATION DEVICE, DVD PLAYER, ETC.)",NOT APPLICABLE,Y,NONINCAPACITATING INJURY,18,9,41.9405878615,-87.6445636897,2019,30,POINT (-87.6445636897 41.9405878615),,,,,2019-09-29,False,5,Lake View
3412,20,STOP SIGN/FLASHER,FUNCTIONING PROPERLY,RAIN,"DARKNESS, LIGHTED ROAD",PEDALCYCLIST,ONE-WAY,STRAIGHT AND LEVEL,WET,UNKNOWN,Y,UNABLE TO DETERMINE,DRIVING SKILLS/KNOWLEDGE/EXPERIENCE,,NONINCAPACITATING INJURY,19,9,41.9304201421,-87.7538010351,2019,20,POINT (-87.7538010351 41.9304201421),,,,,2019-09-29,False,18,Belmont Cragin
3413,30,TRAFFIC SIGNAL,FUNCTIONING PROPERLY,CLOUDY/OVERCAST,"DARKNESS, LIGHTED ROAD",PEDALCYCLIST,FOUR WAY,CURVE ON HILLCREST,WET,NO DEFECTS,Y,FAILING TO YIELD RIGHT-OF-WAY,BICYCLE ADVANCING LEGALLY ON RED LIGHT,,NONINCAPACITATING INJURY,5,9,41.9009013487,-87.625628848,2019,30,POINT (-87.625628848 41.9009013487),,,,,2019-09-30,False,7,Near North Side
3414,30,TRAFFIC SIGNAL,FUNCTIONING PROPERLY,FOG/SMOKE/HAZE,DAYLIGHT,PEDALCYCLIST,NOT DIVIDED,STRAIGHT AND LEVEL,DRY,NO DEFECTS,Y,"VISION OBSCURED (SIGNS, TREE LIMBS, BUILDINGS, ETC.)",UNABLE TO DETERMINE,,NONINCAPACITATING INJURY,7,9,42.0139577767,-87.6642432364,2019,30,POINT (-87.6642432364 42.0139577767),,,,,2019-09-30,False,0,Rogers Park
3415,35,NO CONTROLS,NO CONTROLS,CLEAR,DAYLIGHT,PEDALCYCLIST,FOUR WAY,STRAIGHT AND LEVEL,DRY,NO DEFECTS,,"VISION OBSCURED (SIGNS, TREE LIMBS, BUILDINGS, ETC.)",NOT APPLICABLE,,NONINCAPACITATING INJURY,8,9,41.8856554487,-87.6864069536,2019,35,POINT (-87.6864069536 41.8856554487),,,,,2019-09-30,False,27,Near West Side
3416,30,UNKNOWN,UNKNOWN,CLEAR,DAYLIGHT,PEDALCYCLIST,ALLEY,STRAIGHT AND LEVEL,DRY,NO DEFECTS,,UNABLE TO DETERMINE,NOT APPLICABLE,,NO INDICATION OF INJURY,16,9,41.9317080039,-87.7416052388,2019,30,POINT (-87.7416052388 41.9317080039),,,,,2019-09-30,False,18,Belmont Cragin
3417,30,TRAFFIC SIGNAL,FUNCTIONING PROPERLY,CLEAR,DAYLIGHT,PEDALCYCLIST,NOT DIVIDED,STRAIGHT AND LEVEL,DRY,NO DEFECTS,Y,FAILING TO YIELD RIGHT-OF-WAY,NOT APPLICABLE,,NONINCAPACITATING INJURY,16,9,41.9495717413,-87.7670286962,2019,30,POINT (-87.7670286962 41.9495717413),,,,,2019-09-30,False,14,Portage Park
3418,30,NO CONTROLS,NO CONTROLS,CLEAR,DAYLIGHT,PEDALCYCLIST,DIVIDED - W/MEDIAN (NOT RAISED),STRAIGHT AND LEVEL,DRY,NO DEFECTS,Y,FAILING TO YIELD RIGHT-OF-WAY,FOLLOWING TOO CLOSELY,,NONINCAPACITATING INJURY,17,9,41.7136161504,-87.6783550573,2019,30,POINT (-87.6783550573 41.7136161504),,,,,2019-09-30,False,71,Beverly
3419,30,TRAFFIC SIGNAL,FUNCTIONING PROPERLY,CLEAR,DUSK,PEDALCYCLIST,NOT DIVIDED,STRAIGHT AND LEVEL,UNKNOWN,UNKNOWN,Y,IMPROPER TURNING/NO SIGNAL,IMPROPER OVERTAKING/PASSING,,NONINCAPACITATING INJURY,18,9,41.9326922012,-87.6448185326,2019,30,POINT (-87.6448185326 41.9326922012),,,,,2019-09-30,False,5,Lake View
3420,30,NO CONTROLS,NO CONTROLS,CLEAR,"DARKNESS, LIGHTED ROAD",PEDALCYCLIST,NOT DIVIDED,STRAIGHT AND LEVEL,DRY,NO DEFECTS,,HAD BEEN DRINKING (USE WHEN ARREST IS NOT MADE),NOT APPLICABLE,,NONINCAPACITATING INJURY,22,9,41.9689616552,-87.657479108,2019,30,POINT (-87.657479108 41.9689616552),,,,,2019-09-30,False,2,Uptown
3421,30,NO CONTROLS,NO CONTROLS,CLEAR,"DARKNESS, LIGHTED ROAD",PEDALCYCLIST,NOT DIVIDED,STRAIGHT AND LEVEL,DRY,NO DEFECTS,,UNABLE TO DETERMINE,NOT APPLICABLE,Y,NONINCAPACITATING INJURY,23,9,41.9030427372,-87.6793466862,2019,30,POINT (-87.6793466862 41.9030427372),,,,,2019-09-30,False,23,West Town
3422,30,STOP SIGN/FLASHER,FUNCTIONING PROPERLY,CLEAR,DAYLIGHT,PEDALCYCLIST,FOUR WAY,STRAIGHT AND LEVEL,DRY,NO DEFECTS,Y,FAILING TO YIELD RIGHT-OF-WAY,NOT APPLICABLE,Y,NO INDICATION OF INJURY,7,10,41.8692411453,-87.671566715,2019,30,POINT (-87.671566715 41.8692411453),,,,,2019-10-01,False,27,Near West Side
3423,30,NO CONTROLS,NO CONTROLS,CLEAR,DAYLIGHT,PEDALCYCLIST,OTHER,STRAIGHT AND LEVEL,DRY,NO DEFECTS,,UNABLE TO DETERMINE,NOT APPLICABLE,,INCAPACITATING INJURY,11,10,41.8678497827,-87.6467739013,2019,30,POINT (-87.6467739013 41.8678497827),,,,,2019-10-01,True,27,Near West Side
3424,30,NO CONTROLS,NO CONTROLS,CLEAR,DAYLIGHT,PEDALCYCLIST,FOUR WAY,STRAIGHT AND LEVEL,DRY,NO DEFECTS,,UNABLE TO DETERMINE,NOT APPLICABLE,,NO INDICATION OF INJURY,11,10,42.0017135932,-87.7669592817,2019,30,POINT (-87.7669592817 42.0017135932),,,,,2019-10-01,False,11,Forest Glen
3425,30,OTHER WARNING SIGN,FUNCTIONING PROPERLY,RAIN,DAYLIGHT,PEDALCYCLIST,DIVIDED - W/MEDIAN (NOT RAISED),STRAIGHT AND LEVEL,DRY,NO DEFECTS,,IMPROPER OVERTAKING/PASSING,UNABLE TO DETERMINE,,INCAPACITATING INJURY,12,10,41.8233985969,-87.6709421655,2019,30,POINT (-87.6709421655 41.8233985969),,,,,2019-10-01,True,58,Mckinley Park
3426,30,NO CONTROLS,NO CONTROLS,CLEAR,DAYLIGHT,PEDALCYCLIST,NOT DIVIDED,STRAIGHT AND LEVEL,DRY,NO DEFECTS,,"VISION OBSCURED (SIGNS, TREE LIMBS, BUILDINGS, ETC.)",UNABLE TO DETERMINE,Y,NO INDICATION OF INJURY,16,10,42.0055868649,-87.6610773204,2019,30,POINT (-87.6610773204 42.0055868649),,,,,2019-10-01,False,0,Rogers Park
3427,30,STOP SIGN/FLASHER,FUNCTIONING PROPERLY,CLEAR,DAYLIGHT,PEDALCYCLIST,ONE-WAY,STRAIGHT AND LEVEL,DRY,NO DEFECTS,Y,FAILING TO YIELD RIGHT-OF-WAY,NOT APPLICABLE,,NONINCAPACITATING INJURY,16,10,41.7235145562,-87.6239234944,2019,30,POINT (-87.6239234944 41.7235145562),,,,,2019-10-01,False,43,Chatham
3428,30,TRAFFIC SIGNAL,FUNCTIONING PROPERLY,CLEAR,DAYLIGHT,PEDALCYCLIST,NOT DIVIDED,STRAIGHT AND LEVEL,DRY,NO DEFECTS,,FAILING TO REDUCE SPEED TO AVOID CRASH,NOT APPLICABLE,,NO INDICATION OF INJURY,17,10,41.873684876,-87.6959782041,2019,30,POINT (-87.6959782041 41.873684876),,,,,2019-10-01,False,26,Garfield Park
3429,30,STOP SIGN/FLASHER,FUNCTIONING PROPERLY,CLEAR,DAYLIGHT,PEDALCYCLIST,NOT DIVIDED,STRAIGHT AND LEVEL,DRY,NO DEFECTS,Y,FAILING TO REDUCE SPEED TO AVOID CRASH,DISREGARDING STOP SIGN,,NONINCAPACITATING INJURY,17,10,41.6953830048,-87.5351360665,2019,30,POINT (-87.5351360665 41.6953830048),,,,,2019-10-01,False,51,East Side
3430,35,NO CONTROLS,NO CONTROLS,CLEAR,DAYLIGHT,PEDALCYCLIST,NOT DIVIDED,STRAIGHT AND LEVEL,DRY,NO DEFECTS,,UNABLE TO DETERMINE,UNABLE TO DETERMINE,,NONINCAPACITATING INJURY,18,10,41.7499840617,-87.5529231263,2019,35,POINT (-87.5529231263 41.7499840617),,,,,2019-10-01,False,45,South Chicago
3431,30,OTHER,OTHER,CLEAR,"DARKNESS, LIGHTED ROAD",PEDALCYCLIST,NOT DIVIDED,STRAIGHT AND LEVEL,DRY,OTHER,,NOT APPLICABLE,NOT APPLICABLE,,INCAPACITATING INJURY,18,10,41.9533746697,-87.7416208308,2019,30,POINT (-87.7416208308 41.9533746697),,,,,2019-10-01,True,15,Irving Park
3432,30,TRAFFIC SIGNAL,FUNCTIONING PROPERLY,RAIN,DAYLIGHT,PEDALCYCLIST,"FIVE POINT, OR MORE",STRAIGHT AND LEVEL,WET,NO DEFECTS,Y,FAILING TO YIELD RIGHT-OF-WAY,ROAD CONSTRUCTION/MAINTENANCE,,NONINCAPACITATING INJURY,7,10,41.8890785979,-87.6441881232,2019,30,POINT (-87.6441881232 41.8890785979),,,,,2019-10-02,False,7,Near North Side
3433,30,TRAFFIC SIGNAL,FUNCTIONING PROPERLY,RAIN,DAYLIGHT,PEDALCYCLIST,UNKNOWN INTERSECTION TYPE,STRAIGHT AND LEVEL,WET,NO DEFECTS,Y,UNABLE TO DETERMINE,NOT APPLICABLE,,NONINCAPACITATING INJURY,9,10,41.8767805532,-87.6472637353,2019,30,POINT (-87.6472637353 41.8767805532),,,,,2019-10-02,False,27,Near West Side
3434,35,STOP SIGN/FLASHER,NO CONTROLS,RAIN,DAYLIGHT,PEDALCYCLIST,FOUR WAY,STRAIGHT AND LEVEL,WET,NO DEFECTS,,DISREGARDING STOP SIGN,NOT APPLICABLE,,NO INDICATION OF INJURY,9,10,41.8689011143,-87.6837123837,2019,35,POINT (-87.6837123837 41.8689011143),,,,,2019-10-02,False,27,Near West Side
3435,15,NO CONTROLS,NO CONTROLS,RAIN,DAYLIGHT,PEDALCYCLIST,ONE-WAY,STRAIGHT AND LEVEL,WET,NO DEFECTS,,FAILING TO YIELD RIGHT-OF-WAY,RELATED TO BUS STOP,,NO INDICATION OF INJURY,10,10,41.9528231543,-87.7523641685,2019,15,POINT (-87.7523641685 41.9528231543),,,,,2019-10-02,False,14,Portage Park
3436,30,NO CONTROLS,NO CONTROLS,RAIN,DAYLIGHT,PEDALCYCLIST,NOT DIVIDED,STRAIGHT AND LEVEL,WET,NO DEFECTS,,FAILING TO YIELD RIGHT-OF-WAY,FAILING TO YIELD RIGHT-OF-WAY,Y,NO INDICATION OF INJURY,14,10,41.9532666226,-87.7504883577,2019,30,POINT (-87.7504883577 41.9532666226),,,,,2019-10-02,False,14,Portage Park
3437,35,STOP SIGN/FLASHER,FUNCTIONING PROPERLY,RAIN,DUSK,PEDALCYCLIST,NOT DIVIDED,STRAIGHT AND LEVEL,WET,UNKNOWN,,UNABLE TO DETERMINE,UNABLE TO DETERMINE,,NONINCAPACITATING INJURY,15,10,41.8953829869,-87.7310823795,2019,35,POINT (-87.7310823795 41.8953829869),,,,,2019-10-02,False,22,Humboldt Park