Unnamed: 0,POSTED_SPEED_LIMIT,TRAFFIC_CONTROL_DEVICE,DEVICE_CONDITION,WEATHER_CONDITION,LIGHTING_CONDITION,FIRST_CRASH_TYPE,TRAFFICWAY_TYPE,ALIGNMENT,ROADWAY_SURFACE_COND,ROAD_DEFECT,INTERSECTION_RELATED_I,PRIM_CONTRIBUTORY_CAUSE,SEC_CONTRIBUTORY_CAUSE,DOORING_I,MOST_SEVERE_INJURY,CRASH_HOUR,CRASH_MONTH,LATITUDE,LONGITUDE,CRASH_YEAR,SPEED_LIMIT,geometry,DISPLAYROU,the_geom,DIST,LANE_TYPE,CRASH_DATE,is_severe,index_right,CArea
3438,30,UNKNOWN,UNKNOWN,RAIN,DAYLIGHT,PEDALCYCLIST,NOT DIVIDED,STRAIGHT AND LEVEL,WET,NO DEFECTS,,UNABLE TO DETERMINE,NOT APPLICABLE,,NONINCAPACITATING INJURY,16,10,41.920734132,-87.6940410939,2019,30,POINT (-87.6940410939 41.920734132),,,,,2019-10-02,False,21,Logan Square
3439,35,TRAFFIC SIGNAL,FUNCTIONING PROPERLY,CLEAR,DUSK,PEDALCYCLIST,FOUR WAY,STRAIGHT AND LEVEL,WET,NO DEFECTS,Y,FAILING TO REDUCE SPEED TO AVOID CRASH,NOT APPLICABLE,N,"REPORTED, NOT EVIDENT",16,10,41.7214325696,-87.637091514,2019,35,POINT (-87.637091514 41.7214325696),,,,,2019-10-02,False,48,Roseland
3440,30,TRAFFIC SIGNAL,FUNCTIONING PROPERLY,RAIN,DAYLIGHT,PEDALCYCLIST,NOT DIVIDED,STRAIGHT AND LEVEL,WET,NO DEFECTS,,UNABLE TO DETERMINE,NOT APPLICABLE,,NONINCAPACITATING INJURY,17,10,41.9249161702,-87.7008616591,2019,30,POINT (-87.7008616591 41.9249161702),,,,,2019-10-02,False,21,Logan Square
3441,30,NO CONTROLS,NO CONTROLS,RAIN,DAWN,PEDALCYCLIST,DIVIDED - W/MEDIAN (NOT RAISED),STRAIGHT AND LEVEL,WET,NO DEFECTS,,NOT APPLICABLE,UNABLE TO DETERMINE,Y,NONINCAPACITATING INJURY,17,10,41.8913164689,-87.6459267112,2019,30,POINT (-87.6459267112 41.8913164689),,,,,2019-10-02,False,7,Near North Side
3442,30,TRAFFIC SIGNAL,FUNCTIONING PROPERLY,RAIN,"DARKNESS, LIGHTED ROAD",PEDALCYCLIST,FOUR WAY,STRAIGHT AND LEVEL,WET,NO DEFECTS,Y,UNABLE TO DETERMINE,NOT APPLICABLE,,"REPORTED, NOT EVIDENT",21,10,41.8911138819,-87.6201994176,2019,30,POINT (-87.6201994176 41.8911138819),,,,,2019-10-02,False,7,Near North Side
3443,30,TRAFFIC SIGNAL,FUNCTIONING PROPERLY,CLOUDY/OVERCAST,"DARKNESS, LIGHTED ROAD",PEDALCYCLIST,FOUR WAY,STRAIGHT AND LEVEL,WET,NO DEFECTS,Y,FAILING TO YIELD RIGHT-OF-WAY,NOT APPLICABLE,,NONINCAPACITATING INJURY,22,10,41.7655821877,-87.6161750798,2019,30,POINT (-87.6161750798 41.7655821877),,,,,2019-10-02,False,68,Grand Crossing
3444,30,STOP SIGN/FLASHER,NO CONTROLS,CLEAR,DAYLIGHT,PEDALCYCLIST,NOT DIVIDED,STRAIGHT AND LEVEL,DRY,NO DEFECTS,,DISREGARDING STOP SIGN,DISREGARDING STOP SIGN,,NONINCAPACITATING INJURY,7,10,41.8210068682,-87.6849108736,2019,30,POINT (-87.6849108736 41.8210068682),,,,,2019-10-03,False,57,Brighton Park
3445,30,STOP SIGN/FLASHER,NO CONTROLS,RAIN,DAYLIGHT,PEDALCYCLIST,NOT DIVIDED,STRAIGHT AND LEVEL,WET,UNKNOWN,Y,UNABLE TO DETERMINE,UNABLE TO DETERMINE,,NONINCAPACITATING INJURY,8,10,41.7952949266,-87.5875250316,2019,30,POINT (-87.5875250316 41.7952949266),,,,,2019-10-03,False,40,Hyde Park
3446,30,TRAFFIC SIGNAL,UNKNOWN,CLOUDY/OVERCAST,DUSK,PEDALCYCLIST,DIVIDED - W/MEDIAN (NOT RAISED),STRAIGHT AND LEVEL,DRY,NO DEFECTS,Y,DISTRACTION - FROM INSIDE VEHICLE,NOT APPLICABLE,Y,NO INDICATION OF INJURY,8,10,41.8768485642,-87.6420735714,2019,30,POINT (-87.6420735714 41.8768485642),,,,,2019-10-03,False,27,Near West Side
3447,30,NO CONTROLS,NO CONTROLS,CLEAR,DAYLIGHT,PEDALCYCLIST,NOT DIVIDED,STRAIGHT AND LEVEL,DRY,NO DEFECTS,,UNABLE TO DETERMINE,UNABLE TO DETERMINE,,NO INDICATION OF INJURY,8,10,41.9162510767,-87.6349063647,2019,30,POINT (-87.6349063647 41.9162510767),,,,,2019-10-03,False,6,Lincoln Park
3448,30,NO CONTROLS,NO CONTROLS,CLEAR,DAYLIGHT,PEDALCYCLIST,ALLEY,STRAIGHT AND LEVEL,DRY,UNKNOWN,,FAILING TO YIELD RIGHT-OF-WAY,UNABLE TO DETERMINE,,NONINCAPACITATING INJURY,9,10,42.0090426863,-87.6900240786,2019,30,POINT (-87.6900240786 42.0090426863),,,,,2019-10-03,False,1,West Ridge
3449,30,TRAFFIC SIGNAL,FUNCTIONING PROPERLY,CLEAR,DAYLIGHT,PEDALCYCLIST,NOT DIVIDED,STRAIGHT AND LEVEL,DRY,NO DEFECTS,,DRIVING SKILLS/KNOWLEDGE/EXPERIENCE,NOT APPLICABLE,,NO INDICATION OF INJURY,14,10,41.9046977369,-87.6410745815,2019,30,POINT (-87.6410745815 41.9046977369),,,,,2019-10-03,False,7,Near North Side
3450,20,STOP SIGN/FLASHER,FUNCTIONING PROPERLY,FOG/SMOKE/HAZE,DAYLIGHT,PEDALCYCLIST,DIVIDED - W/MEDIAN (NOT RAISED),STRAIGHT AND LEVEL,DRY,NO DEFECTS,Y,DRIVING SKILLS/KNOWLEDGE/EXPERIENCE,UNABLE TO DETERMINE,,"REPORTED, NOT EVIDENT",15,10,41.8425859061,-87.705042459,2019,20,POINT (-87.705042459 41.8425859061),,,,,2019-10-03,False,29,South Lawndale
3451,30,STOP SIGN/FLASHER,FUNCTIONING PROPERLY,CLOUDY/OVERCAST,DAYLIGHT,PEDALCYCLIST,FOUR WAY,STRAIGHT AND LEVEL,DRY,NO DEFECTS,Y,DISREGARDING STOP SIGN,FAILING TO YIELD RIGHT-OF-WAY,,"REPORTED, NOT EVIDENT",15,10,41.786748936,-87.7817478459,2019,30,POINT (-87.7817478459 41.786748936),,,,,2019-10-03,False,55,Garfield Ridge
3452,30,STOP SIGN/FLASHER,NO CONTROLS,CLEAR,DAWN,PEDALCYCLIST,NOT DIVIDED,STRAIGHT AND LEVEL,DRY,NO DEFECTS,Y,FAILING TO REDUCE SPEED TO AVOID CRASH,NOT APPLICABLE,,NONINCAPACITATING INJURY,15,10,41.9973882526,-87.7032305304,2019,30,POINT (-87.7032305304 41.9973882526),,,,,2019-10-03,False,1,West Ridge
3453,30,TRAFFIC SIGNAL,FUNCTIONING PROPERLY,CLEAR,DAYLIGHT,PEDALCYCLIST,ONE-WAY,STRAIGHT AND LEVEL,DRY,NO DEFECTS,Y,FOLLOWING TOO CLOSELY,FAILING TO YIELD RIGHT-OF-WAY,,NONINCAPACITATING INJURY,16,10,41.8819934136,-87.639636251,2019,30,POINT (-87.639636251 41.8819934136),,,,,2019-10-03,False,27,Near West Side
3454,35,TRAFFIC SIGNAL,UNKNOWN,CLEAR,"DARKNESS, LIGHTED ROAD",PEDALCYCLIST,NOT DIVIDED,STRAIGHT AND LEVEL,DRY,NO DEFECTS,Y,UNABLE TO DETERMINE,DRIVING SKILLS/KNOWLEDGE/EXPERIENCE,,NO INDICATION OF INJURY,18,10,41.9042885434,-87.66737359,2019,35,POINT (-87.66737359 41.9042885434),,,,,2019-10-03,False,23,West Town
3455,30,UNKNOWN,UNKNOWN,UNKNOWN,UNKNOWN,PEDALCYCLIST,NOT DIVIDED,STRAIGHT AND LEVEL,UNKNOWN,UNKNOWN,,UNABLE TO DETERMINE,UNABLE TO DETERMINE,,NONINCAPACITATING INJURY,21,10,41.9186499331,-87.7658051328,2019,30,POINT (-87.7658051328 41.9186499331),,,,,2019-10-03,False,18,Belmont Cragin
3456,15,NO CONTROLS,NO CONTROLS,CLEAR,DAYLIGHT,PEDALCYCLIST,ALLEY,STRAIGHT AND LEVEL,DRY,NO DEFECTS,,FAILING TO REDUCE SPEED TO AVOID CRASH,FAILING TO YIELD RIGHT-OF-WAY,,NONINCAPACITATING INJURY,8,10,41.9281035178,-87.7364918967,2019,15,POINT (-87.7364918967 41.9281035178),,,,,2019-10-04,False,19,Hermosa
3457,30,NO CONTROLS,NO CONTROLS,CLEAR,DAYLIGHT,PEDALCYCLIST,NOT DIVIDED,STRAIGHT AND LEVEL,DRY,NO DEFECTS,,UNABLE TO DETERMINE,NOT APPLICABLE,,NO INDICATION OF INJURY,9,10,41.7423299002,-87.5859156433,2019,30,POINT (-87.5859156433 41.7423299002),,,,,2019-10-04,False,44,Avalon Park
3458,30,TRAFFIC SIGNAL,FUNCTIONING PROPERLY,CLOUDY/OVERCAST,DAYLIGHT,PEDALCYCLIST,UNKNOWN,STRAIGHT AND LEVEL,DRY,NO DEFECTS,N,UNABLE TO DETERMINE,NOT APPLICABLE,,INCAPACITATING INJURY,9,10,41.7469046074,-87.6440771516,2019,30,POINT (-87.6440771516 41.7469046074),,,,,2019-10-04,True,70,Auburn Gresham
3459,30,NO CONTROLS,NO CONTROLS,CLEAR,DAYLIGHT,PEDALCYCLIST,NOT DIVIDED,STRAIGHT AND LEVEL,DRY,NO DEFECTS,,NOT APPLICABLE,NOT APPLICABLE,,NO INDICATION OF INJURY,12,10,41.9348424974,-87.6616921302,2019,30,POINT (-87.6616921302 41.9348424974),,,,,2019-10-04,False,5,Lake View
3460,30,NO CONTROLS,NO CONTROLS,CLEAR,DAYLIGHT,PEDALCYCLIST,DIVIDED - W/MEDIAN (NOT RAISED),STRAIGHT AND LEVEL,DRY,UNKNOWN,,"OPERATING VEHICLE IN ERRATIC, RECKLESS, CARELESS, NEGLIGENT OR AGGRESSIVE MANNER",NOT APPLICABLE,,INCAPACITATING INJURY,17,10,41.907609446,-87.6870018731,2019,30,POINT (-87.6870018731 41.907609446),,,,,2019-10-04,True,23,West Town
3461,30,NO CONTROLS,NO CONTROLS,CLEAR,DAYLIGHT,PEDALCYCLIST,UNKNOWN INTERSECTION TYPE,STRAIGHT AND LEVEL,DRY,NO DEFECTS,Y,FAILING TO YIELD RIGHT-OF-WAY,FAILING TO REDUCE SPEED TO AVOID CRASH,,NONINCAPACITATING INJURY,17,10,41.9393131882,-87.6929833014,2019,30,POINT (-87.6929833014 41.9393131882),,,,,2019-10-04,False,4,North Center
3462,40,TRAFFIC SIGNAL,UNKNOWN,CLOUDY/OVERCAST,"DARKNESS, LIGHTED ROAD",PEDALCYCLIST,NOT DIVIDED,STRAIGHT AND LEVEL,UNKNOWN,"RUT, HOLES",,IMPROPER TURNING/NO SIGNAL,UNABLE TO DETERMINE,,NONINCAPACITATING INJURY,18,10,41.8444404228,-87.7183949235,2019,40,POINT (-87.7183949235 41.8444404228),,,,,2019-10-04,False,29,South Lawndale
3463,35,NO CONTROLS,NO CONTROLS,CLEAR,DUSK,PEDALCYCLIST,NOT DIVIDED,STRAIGHT AND LEVEL,DRY,NO DEFECTS,,UNABLE TO DETERMINE,UNABLE TO DETERMINE,,NO INDICATION OF INJURY,18,10,41.9122382139,-87.6877860816,2019,35,POINT (-87.6877860816 41.9122382139),,,,,2019-10-04,False,23,West Town
3464,30,TRAFFIC SIGNAL,FUNCTIONING PROPERLY,CLEAR,DAYLIGHT,PEDALCYCLIST,NOT DIVIDED,STRAIGHT AND LEVEL,DRY,NO DEFECTS,,DRIVING SKILLS/KNOWLEDGE/EXPERIENCE,FAILING TO YIELD RIGHT-OF-WAY,,NONINCAPACITATING INJURY,7,10,41.9424330096,-87.7468165106,2019,30,POINT (-87.7468165106 41.9424330096),,,,,2019-10-05,False,14,Portage Park
3465,35,TRAFFIC SIGNAL,FUNCTIONING PROPERLY,CLEAR,DAYLIGHT,PEDALCYCLIST,DIVIDED - W/MEDIAN (NOT RAISED),STRAIGHT AND LEVEL,DRY,UNKNOWN,,UNABLE TO DETERMINE,NOT APPLICABLE,,"REPORTED, NOT EVIDENT",9,10,41.9436382585,-87.6883133428,2019,35,POINT (-87.6883133428 41.9436382585),,,,,2019-10-05,False,4,North Center
3466,30,NO CONTROLS,NO CONTROLS,CLEAR,DAYLIGHT,PEDALCYCLIST,NOT DIVIDED,STRAIGHT AND LEVEL,DRY,UNKNOWN,,FAILING TO REDUCE SPEED TO AVOID CRASH,NOT APPLICABLE,,NONINCAPACITATING INJURY,12,10,41.9071826533,-87.7753870647,2019,30,POINT (-87.7753870647 41.9071826533),,,,,2019-10-05,False,24,Austin
3467,30,NO CONTROLS,NO CONTROLS,CLEAR,DAYLIGHT,PEDALCYCLIST,NOT DIVIDED,STRAIGHT AND LEVEL,DRY,NO DEFECTS,,"EVASIVE ACTION DUE TO ANIMAL, OBJECT, NONMOTORIST",NOT APPLICABLE,,NONINCAPACITATING INJURY,15,10,41.8997284977,-87.7359216199,2019,30,POINT (-87.7359216199 41.8997284977),,,,,2019-10-05,False,22,Humboldt Park
3468,30,NO CONTROLS,NO CONTROLS,CLOUDY/OVERCAST,DAYLIGHT,PEDALCYCLIST,ONE-WAY,STRAIGHT AND LEVEL,DRY,NO DEFECTS,,DRIVING ON WRONG SIDE/WRONG WAY,UNABLE TO DETERMINE,,NO INDICATION OF INJURY,15,10,41.8558110358,-87.6556856311,2019,30,POINT (-87.6556856311 41.8558110358),,,,,2019-10-05,False,30,Lower West Side
3469,30,NO CONTROLS,NO CONTROLS,RAIN,DAYLIGHT,PEDALCYCLIST,NOT DIVIDED,STRAIGHT AND LEVEL,WET,NO DEFECTS,,FAILING TO YIELD RIGHT-OF-WAY,WEATHER,Y,NO INDICATION OF INJURY,17,10,41.9511685835,-87.6639836259,2019,30,POINT (-87.6639836259 41.9511685835),,,,,2019-10-05,False,5,Lake View
3470,30,TRAFFIC SIGNAL,FUNCTIONING PROPERLY,CLEAR,"DARKNESS, LIGHTED ROAD",PEDALCYCLIST,NOT DIVIDED,STRAIGHT AND LEVEL,WET,NO DEFECTS,,FAILING TO YIELD RIGHT-OF-WAY,NOT APPLICABLE,,NONINCAPACITATING INJURY,19,10,41.9213127377,-87.6722820379,2019,30,POINT (-87.6722820379 41.9213127377),,,,,2019-10-05,False,6,Lincoln Park
3471,35,TRAFFIC SIGNAL,FUNCTIONING PROPERLY,RAIN,"DARKNESS, LIGHTED ROAD",PEDALCYCLIST,NOT DIVIDED,STRAIGHT AND LEVEL,WET,NO DEFECTS,,UNABLE TO DETERMINE,NOT APPLICABLE,Y,NO INDICATION OF INJURY,19,10,41.8237727478,-87.6171420204,2019,35,POINT (-87.6171420204 41.8237727478),,,,,2019-10-05,False,34,Douglas
3472,30,NO CONTROLS,NO CONTROLS,RAIN,"DARKNESS, LIGHTED ROAD",PEDALCYCLIST,DIVIDED - W/MEDIAN (NOT RAISED),STRAIGHT AND LEVEL,WET,NO DEFECTS,,UNABLE TO DETERMINE,NOT APPLICABLE,,NO INDICATION OF INJURY,21,10,41.9265612916,-87.7035421,2019,30,POINT (-87.7035421 41.9265612916),,,,,2019-10-05,False,21,Logan Square
3473,30,NO CONTROLS,NO CONTROLS,CLEAR,DAYLIGHT,PEDALCYCLIST,DIVIDED - W/MEDIAN (NOT RAISED),STRAIGHT AND LEVEL,DRY,NO DEFECTS,,UNABLE TO DETERMINE,UNABLE TO DETERMINE,,NO INDICATION OF INJURY,9,10,41.9588224228,-87.6790438731,2019,30,POINT (-87.6790438731 41.9588224228),,,,,2019-10-06,False,4,North Center
3474,0,NO CONTROLS,NO CONTROLS,CLEAR,DAYLIGHT,PEDALCYCLIST,OTHER,STRAIGHT AND LEVEL,DRY,NO DEFECTS,,IMPROPER BACKING,NOT APPLICABLE,,NO INDICATION OF INJURY,12,10,41.9190021048,-87.6348139073,2019,0,POINT (-87.6348139073 41.9190021048),,,,,2019-10-06,False,6,Lincoln Park
3475,30,OTHER,OTHER,CLOUDY/OVERCAST,DAYLIGHT,PEDALCYCLIST,ONE-WAY,STRAIGHT AND LEVEL,DRY,NO DEFECTS,,FAILING TO YIELD RIGHT-OF-WAY,NOT APPLICABLE,Y,NONINCAPACITATING INJURY,14,10,41.8906826048,-87.6335259852,2019,30,POINT (-87.6335259852 41.8906826048),,,,,2019-10-06,False,7,Near North Side
3476,30,NO CONTROLS,NO CONTROLS,CLEAR,DAYLIGHT,PEDALCYCLIST,NOT DIVIDED,STRAIGHT AND LEVEL,DRY,NO DEFECTS,,NOT APPLICABLE,NOT APPLICABLE,,NO INDICATION OF INJURY,15,10,41.7747753742,-87.747134404,2019,30,POINT (-87.747134404 41.7747753742),,,,,2019-10-06,False,63,Clearing
3477,30,NO CONTROLS,NO CONTROLS,CLOUDY/OVERCAST,DAYLIGHT,PEDALCYCLIST,NOT DIVIDED,STRAIGHT AND LEVEL,DRY,NO DEFECTS,,IMPROPER OVERTAKING/PASSING,NOT APPLICABLE,,NONINCAPACITATING INJURY,17,10,41.9357158791,-87.7180699316,2019,30,POINT (-87.7180699316 41.9357158791),,,,,2019-10-06,False,20,Avondale
3478,30,TRAFFIC SIGNAL,FUNCTIONING PROPERLY,CLEAR,"DARKNESS, LIGHTED ROAD",PEDALCYCLIST,NOT DIVIDED,STRAIGHT AND LEVEL,DRY,NO DEFECTS,Y,FAILING TO YIELD RIGHT-OF-WAY,IMPROPER TURNING/NO SIGNAL,N,NONINCAPACITATING INJURY,18,10,41.8381387795,-87.6461339302,2019,30,POINT (-87.6461339302 41.8381387795),,,,,2019-10-06,False,30,Lower West Side
3479,30,NO CONTROLS,NO CONTROLS,CLEAR,"DARKNESS, LIGHTED ROAD",PEDALCYCLIST,DIVIDED - W/MEDIAN (NOT RAISED),STRAIGHT AND LEVEL,DRY,NO DEFECTS,,NOT APPLICABLE,NOT APPLICABLE,Y,NO INDICATION OF INJURY,19,10,41.9546850135,-87.7081851573,2019,30,POINT (-87.7081851573 41.9546850135),,,,,2019-10-06,False,15,Irving Park
3480,30,STOP SIGN/FLASHER,FUNCTIONING PROPERLY,CLEAR,DAYLIGHT,PEDALCYCLIST,DIVIDED - W/MEDIAN (NOT RAISED),STRAIGHT AND LEVEL,DRY,NO DEFECTS,,UNABLE TO DETERMINE,UNABLE TO DETERMINE,,NO INDICATION OF INJURY,6,10,41.891191,-87.6573085043,2019,30,POINT (-87.6573085043 41.891191),,,,,2019-10-07,False,7,Near North Side
3481,10,NO CONTROLS,NO CONTROLS,CLEAR,DAYLIGHT,PEDALCYCLIST,OTHER,STRAIGHT AND LEVEL,DRY,NO DEFECTS,,IMPROPER BACKING,NOT APPLICABLE,,NONINCAPACITATING INJURY,8,10,41.9849161175,-87.6599618329,2019,10,POINT (-87.6599618329 41.9849161175),,,,,2019-10-07,False,76,Edgewater
3482,30,TRAFFIC SIGNAL,UNKNOWN,RAIN,DAYLIGHT,PEDALCYCLIST,FOUR WAY,STRAIGHT AND LEVEL,DRY,NO DEFECTS,Y,UNABLE TO DETERMINE,NOT APPLICABLE,,"REPORTED, NOT EVIDENT",13,10,41.9356038967,-87.6473294651,2019,30,POINT (-87.6473294651 41.9356038967),,,,,2019-10-07,False,5,Lake View
3483,30,NO CONTROLS,NO CONTROLS,CLEAR,DAYLIGHT,PEDALCYCLIST,NOT DIVIDED,STRAIGHT AND LEVEL,DRY,NO DEFECTS,Y,FAILING TO YIELD RIGHT-OF-WAY,NOT APPLICABLE,,NONINCAPACITATING INJURY,15,10,41.9009980107,-87.7214357072,2019,30,POINT (-87.7214357072 41.9009980107),,,,,2019-10-07,False,22,Humboldt Park
3484,30,UNKNOWN,UNKNOWN,UNKNOWN,DARKNESS,PEDALCYCLIST,UNKNOWN,STRAIGHT AND LEVEL,UNKNOWN,UNKNOWN,,UNABLE TO DETERMINE,NOT APPLICABLE,,"REPORTED, NOT EVIDENT",19,10,41.9883030455,-87.6696674864,2019,30,POINT (-87.6696674864 41.9883030455),,,,,2019-10-07,False,76,Edgewater
3485,30,NO CONTROLS,NO CONTROLS,CLEAR,"DARKNESS, LIGHTED ROAD",PEDALCYCLIST,FOUR WAY,STRAIGHT AND LEVEL,DRY,NO DEFECTS,Y,UNABLE TO DETERMINE,NOT APPLICABLE,,"REPORTED, NOT EVIDENT",20,10,41.7483362195,-87.6826588841,2019,30,POINT (-87.6826588841 41.7483362195),,,,,2019-10-07,False,69,Ashburn
3486,30,STOP SIGN/FLASHER,FUNCTIONING PROPERLY,CLEAR,DAYLIGHT,PEDALCYCLIST,NOT DIVIDED,STRAIGHT AND LEVEL,UNKNOWN,UNKNOWN,Y,IMPROPER TURNING/NO SIGNAL,IMPROPER OVERTAKING/PASSING,,"REPORTED, NOT EVIDENT",9,10,41.9740359356,-87.6990166116,2019,30,POINT (-87.6990166116 41.9740359356),,,,,2019-10-08,False,3,Lincoln Square
3487,30,TRAFFIC SIGNAL,FUNCTIONING PROPERLY,CLEAR,DAYLIGHT,PEDALCYCLIST,T-INTERSECTION,STRAIGHT AND LEVEL,DRY,NO DEFECTS,,FAILING TO YIELD RIGHT-OF-WAY,UNABLE TO DETERMINE,,NO INDICATION OF INJURY,9,10,41.8408371818,-87.6659703317,2019,30,POINT (-87.6659703317 41.8408371818),,,,,2019-10-08,False,30,Lower West Side
3488,30,TRAFFIC SIGNAL,FUNCTIONING PROPERLY,CLEAR,DAYLIGHT,PEDALCYCLIST,FOUR WAY,STRAIGHT AND LEVEL,DRY,NO DEFECTS,Y,"VISION OBSCURED (SIGNS, TREE LIMBS, BUILDINGS, ETC.)",UNABLE TO DETERMINE,,INCAPACITATING INJURY,10,10,41.9172750694,-87.7266227464,2019,30,POINT (-87.7266227464 41.9172750694),,,,,2019-10-08,True,19,Hermosa
3489,30,NO CONTROLS,NO CONTROLS,CLEAR,DAYLIGHT,PEDALCYCLIST,ONE-WAY,STRAIGHT AND LEVEL,DRY,NO DEFECTS,,FAILING TO YIELD RIGHT-OF-WAY,UNABLE TO DETERMINE,Y,NONINCAPACITATING INJURY,10,10,41.8856293682,-87.635631756,2019,30,POINT (-87.635631756 41.8856293682),,,,,2019-10-08,False,27,Near West Side
3490,30,NO CONTROLS,NO CONTROLS,CLEAR,DAYLIGHT,PEDALCYCLIST,NOT DIVIDED,STRAIGHT AND LEVEL,DRY,NO DEFECTS,,UNABLE TO DETERMINE,UNABLE TO DETERMINE,Y,NO INDICATION OF INJURY,16,10,41.8819943382,-87.6397586849,2019,30,POINT (-87.6397586849 41.8819943382),,,,,2019-10-08,False,27,Near West Side
3491,30,TRAFFIC SIGNAL,FUNCTIONING PROPERLY,CLEAR,"DARKNESS, LIGHTED ROAD",PEDALCYCLIST,UNKNOWN INTERSECTION TYPE,STRAIGHT AND LEVEL,DRY,NO DEFECTS,Y,UNABLE TO DETERMINE,UNABLE TO DETERMINE,,NONINCAPACITATING INJURY,22,10,41.9099955816,-87.7263946932,2019,30,POINT (-87.7263946932 41.9099955816),,,,,2019-10-08,False,22,Humboldt Park
3492,30,STOP SIGN/FLASHER,FUNCTIONING PROPERLY,CLEAR,DAYLIGHT,PEDALCYCLIST,RAMP,STRAIGHT AND LEVEL,DRY,NO DEFECTS,Y,FAILING TO YIELD RIGHT-OF-WAY,UNABLE TO DETERMINE,,NONINCAPACITATING INJURY,14,10,41.8780797752,-87.6453871025,2019,30,POINT (-87.6453871025 41.8780797752),,,,,2019-10-09,False,27,Near West Side
3493,30,STOP SIGN/FLASHER,FUNCTIONING PROPERLY,CLEAR,DAYLIGHT,PEDALCYCLIST,FOUR WAY,STRAIGHT AND LEVEL,DRY,NO DEFECTS,Y,DISREGARDING STOP SIGN,UNABLE TO DETERMINE,N,NONINCAPACITATING INJURY,15,10,41.7991123276,-87.6916559125,2019,30,POINT (-87.6916559125 41.7991123276),,,,,2019-10-09,False,62,Gage Park
3494,30,TRAFFIC SIGNAL,FUNCTIONING PROPERLY,CLEAR,DAYLIGHT,PEDALCYCLIST,ONE-WAY,STRAIGHT AND LEVEL,DRY,NO DEFECTS,Y,DISREGARDING TRAFFIC SIGNALS,NOT APPLICABLE,,NO INDICATION OF INJURY,16,10,41.8743399012,-87.7353653588,2019,30,POINT (-87.7353653588 41.8743399012),,,,,2019-10-09,False,25,Garfield Park
3495,30,STOP SIGN/FLASHER,FUNCTIONING PROPERLY,CLEAR,DAYLIGHT,PEDALCYCLIST,NOT DIVIDED,STRAIGHT AND LEVEL,DRY,NO DEFECTS,,UNABLE TO DETERMINE,UNABLE TO DETERMINE,,NO INDICATION OF INJURY,16,10,41.8734994825,-87.735368187,2019,30,POINT (-87.735368187 41.8734994825),,,,,2019-10-09,False,25,Garfield Park
3496,30,STOP SIGN/FLASHER,FUNCTIONING PROPERLY,CLEAR,DAYLIGHT,PEDALCYCLIST,NOT DIVIDED,STRAIGHT AND LEVEL,DRY,NO DEFECTS,,UNABLE TO DETERMINE,NOT APPLICABLE,,NONINCAPACITATING INJURY,17,10,41.9047955554,-87.6970730444,2019,30,POINT (-87.6970730444 41.9047955554),,,,,2019-10-09,False,22,Humboldt Park
3497,30,NO CONTROLS,NO CONTROLS,CLEAR,DAYLIGHT,PEDALCYCLIST,NOT DIVIDED,STRAIGHT AND LEVEL,DRY,NO DEFECTS,,UNABLE TO DETERMINE,NOT APPLICABLE,,NO INDICATION OF INJURY,18,10,41.9172879003,-87.7256353798,2019,30,POINT (-87.7256353798 41.9172879003),,,,,2019-10-09,False,19,Hermosa
3498,30,TRAFFIC SIGNAL,FUNCTIONING PROPERLY,CLEAR,"DARKNESS, LIGHTED ROAD",PEDALCYCLIST,DIVIDED - W/MEDIAN (NOT RAISED),STRAIGHT AND LEVEL,DRY,UNKNOWN,Y,FAILING TO YIELD RIGHT-OF-WAY,UNABLE TO DETERMINE,,NONINCAPACITATING INJURY,19,10,41.9415426897,-87.6701244331,2019,30,POINT (-87.6701244331 41.9415426897),,,,,2019-10-09,False,5,Lake View
3499,30,NO CONTROLS,NO CONTROLS,CLEAR,"DARKNESS, LIGHTED ROAD",PEDALCYCLIST,NOT DIVIDED,STRAIGHT AND LEVEL,DRY,NO DEFECTS,,UNABLE TO DETERMINE,FAILING TO YIELD RIGHT-OF-WAY,,NO INDICATION OF INJURY,19,10,41.9291728439,-87.6424444407,2019,30,POINT (-87.6424444407 41.9291728439),,,,,2019-10-09,False,6,Lincoln Park
3500,30,NO CONTROLS,NO CONTROLS,CLEAR,DARKNESS,PEDALCYCLIST,NOT DIVIDED,STRAIGHT AND LEVEL,DRY,NO DEFECTS,,IMPROPER OVERTAKING/PASSING,NOT APPLICABLE,,NONINCAPACITATING INJURY,20,10,41.9217194988,-87.665019424,2019,30,POINT (-87.665019424 41.9217194988),,,,,2019-10-09,False,6,Lincoln Park
3501,15,NO CONTROLS,NO CONTROLS,CLEAR,"DARKNESS, LIGHTED ROAD",PEDALCYCLIST,ONE-WAY,STRAIGHT AND LEVEL,DRY,NO DEFECTS,,UNABLE TO DETERMINE,UNABLE TO DETERMINE,,NONINCAPACITATING INJURY,6,10,41.8566845327,-87.708381958,2019,15,POINT (-87.708381958 41.8566845327),,,,,2019-10-10,False,28,North Lawndale
3502,30,STOP SIGN/FLASHER,NO CONTROLS,CLEAR,DAYLIGHT,PEDALCYCLIST,ONE-WAY,STRAIGHT AND LEVEL,DRY,NO DEFECTS,N,UNABLE TO DETERMINE,UNABLE TO DETERMINE,N,NONINCAPACITATING INJURY,8,10,41.9025102297,-87.7335354381,2019,30,POINT (-87.7335354381 41.9025102297),,,,,2019-10-10,False,22,Humboldt Park