Unnamed: 0,POSTED_SPEED_LIMIT,TRAFFIC_CONTROL_DEVICE,DEVICE_CONDITION,WEATHER_CONDITION,LIGHTING_CONDITION,FIRST_CRASH_TYPE,TRAFFICWAY_TYPE,ALIGNMENT,ROADWAY_SURFACE_COND,ROAD_DEFECT,INTERSECTION_RELATED_I,PRIM_CONTRIBUTORY_CAUSE,SEC_CONTRIBUTORY_CAUSE,DOORING_I,MOST_SEVERE_INJURY,CRASH_HOUR,CRASH_MONTH,LATITUDE,LONGITUDE,CRASH_YEAR,SPEED_LIMIT,geometry,DISPLAYROU,the_geom,DIST,LANE_TYPE,CRASH_DATE,is_severe,index_right,CArea
3503,30,NO CONTROLS,NO CONTROLS,CLEAR,DAYLIGHT,PEDALCYCLIST,DIVIDED - W/MEDIAN (NOT RAISED),STRAIGHT AND LEVEL,DRY,NO DEFECTS,,FAILING TO YIELD RIGHT-OF-WAY,IMPROPER TURNING/NO SIGNAL,,NONINCAPACITATING INJURY,9,10,41.8844411426,-87.6337470486,2019,30,POINT (-87.6337470486 41.8844411426),,,,,2019-10-10,False,31,Loop
3504,35,NO CONTROLS,NO CONTROLS,RAIN,DAWN,PEDALCYCLIST,NOT DIVIDED,STRAIGHT AND LEVEL,WET,WORN SURFACE,,IMPROPER LANE USAGE,DRIVING SKILLS/KNOWLEDGE/EXPERIENCE,,NO INDICATION OF INJURY,16,10,41.9170518911,-87.7452427733,2019,35,POINT (-87.7452427733 41.9170518911),,,,,2019-10-10,False,18,Belmont Cragin
3505,30,NO CONTROLS,NO CONTROLS,RAIN,DUSK,PEDALCYCLIST,NOT DIVIDED,STRAIGHT AND LEVEL,WET,NO DEFECTS,Y,"VISION OBSCURED (SIGNS, TREE LIMBS, BUILDINGS, ETC.)",FAILING TO YIELD RIGHT-OF-WAY,,"REPORTED, NOT EVIDENT",17,10,41.8279392678,-87.6818705507,2019,30,POINT (-87.6818705507 41.8279392678),,,,,2019-10-10,False,58,Mckinley Park
3506,30,NO CONTROLS,NO CONTROLS,CLEAR,"DARKNESS, LIGHTED ROAD",PEDALCYCLIST,NOT DIVIDED,STRAIGHT AND LEVEL,DRY,NO DEFECTS,,UNABLE TO DETERMINE,NOT APPLICABLE,Y,NONINCAPACITATING INJURY,18,10,41.9174417152,-87.6901954953,2019,30,POINT (-87.6901954953 41.9174417152),,,,,2019-10-10,False,21,Logan Square
3507,20,STOP SIGN/FLASHER,FUNCTIONING PROPERLY,CLOUDY/OVERCAST,DAYLIGHT,PEDALCYCLIST,ONE-WAY,STRAIGHT AND LEVEL,WET,NO DEFECTS,Y,FAILING TO YIELD RIGHT-OF-WAY,NOT APPLICABLE,,NONINCAPACITATING INJURY,13,10,41.9366140268,-87.7699276545,2019,20,POINT (-87.7699276545 41.9366140268),,,,,2019-10-11,False,18,Belmont Cragin
3508,30,STOP SIGN/FLASHER,FUNCTIONING PROPERLY,RAIN,DAYLIGHT,PEDALCYCLIST,FOUR WAY,STRAIGHT AND LEVEL,WET,NO DEFECTS,Y,IMPROPER OVERTAKING/PASSING,FAILING TO YIELD RIGHT-OF-WAY,,NONINCAPACITATING INJURY,14,10,41.777557495,-87.7862968506,2019,30,POINT (-87.7862968506 41.777557495),,,,,2019-10-11,False,63,Clearing
3509,30,NO CONTROLS,NO CONTROLS,RAIN,DAYLIGHT,PEDALCYCLIST,DIVIDED - W/MEDIAN (NOT RAISED),STRAIGHT AND LEVEL,WET,UNKNOWN,,UNABLE TO DETERMINE,NOT APPLICABLE,,NONINCAPACITATING INJURY,15,10,41.927039127,-87.7069989038,2019,30,POINT (-87.7069989038 41.927039127),,,,,2019-10-11,False,21,Logan Square
3510,30,NO CONTROLS,NO CONTROLS,RAIN,DAYLIGHT,PEDALCYCLIST,NOT DIVIDED,STRAIGHT AND LEVEL,WET,NO DEFECTS,,UNABLE TO DETERMINE,NOT APPLICABLE,Y,NONINCAPACITATING INJURY,16,10,41.8515957199,-87.6318369065,2019,30,POINT (-87.6318369065 41.8515957199),,,,,2019-10-11,False,32,Near South Side
3511,20,NO CONTROLS,NO CONTROLS,RAIN,DUSK,PEDALCYCLIST,DIVIDED - W/MEDIAN BARRIER,STRAIGHT AND LEVEL,WET,NO DEFECTS,Y,FAILING TO REDUCE SPEED TO AVOID CRASH,DISREGARDING STOP SIGN,,"REPORTED, NOT EVIDENT",17,10,41.8705009108,-87.6284461002,2019,20,POINT (-87.6284461002 41.8705009108),,,,,2019-10-11,False,31,Loop
3512,30,NO CONTROLS,NO CONTROLS,CLEAR,DUSK,PEDALCYCLIST,ONE-WAY,STRAIGHT AND LEVEL,WET,NO DEFECTS,,FAILING TO YIELD RIGHT-OF-WAY,WEATHER,,NO INDICATION OF INJURY,17,10,41.8829915774,-87.6634214889,2019,30,POINT (-87.6634214889 41.8829915774),,,,,2019-10-11,False,27,Near West Side
3513,30,STOP SIGN/FLASHER,FUNCTIONING PROPERLY,CLEAR,"DARKNESS, LIGHTED ROAD",PEDALCYCLIST,FOUR WAY,STRAIGHT AND LEVEL,DRY,NO DEFECTS,Y,FAILING TO YIELD RIGHT-OF-WAY,UNABLE TO DETERMINE,,NONINCAPACITATING INJURY,23,10,41.94395126,-87.7047313701,2019,30,POINT (-87.7047313701 41.94395126),,,,,2019-10-11,False,15,Irving Park
3514,30,NO CONTROLS,NO CONTROLS,CLEAR,DAYLIGHT,PEDALCYCLIST,NOT DIVIDED,STRAIGHT AND LEVEL,DRY,NO DEFECTS,,DRIVING SKILLS/KNOWLEDGE/EXPERIENCE,UNABLE TO DETERMINE,Y,NONINCAPACITATING INJURY,9,10,41.9642675568,-87.6546265473,2019,30,POINT (-87.6546265473 41.9642675568),,,,,2019-10-12,False,2,Uptown
3515,20,STOP SIGN/FLASHER,FUNCTIONING PROPERLY,CLEAR,DAYLIGHT,PEDALCYCLIST,FOUR WAY,STRAIGHT AND LEVEL,DRY,NO DEFECTS,Y,DISREGARDING STOP SIGN,DRIVING SKILLS/KNOWLEDGE/EXPERIENCE,,NONINCAPACITATING INJURY,9,10,41.8410633115,-87.634320824,2019,20,POINT (-87.634320824 41.8410633115),,,,,2019-10-12,False,33,Armour Square
3516,30,NO CONTROLS,NO CONTROLS,CLEAR,DAYLIGHT,PEDALCYCLIST,NOT DIVIDED,STRAIGHT AND LEVEL,DRY,NO DEFECTS,,UNABLE TO DETERMINE,NOT APPLICABLE,Y,NO INDICATION OF INJURY,13,10,41.9092722829,-87.6755123209,2019,30,POINT (-87.6755123209 41.9092722829),,,,,2019-10-12,False,23,West Town
3517,30,NO CONTROLS,NO CONTROLS,CLEAR,DAYLIGHT,PEDALCYCLIST,NOT DIVIDED,STRAIGHT AND LEVEL,DRY,NO DEFECTS,,FAILING TO YIELD RIGHT-OF-WAY,NOT APPLICABLE,,NO INDICATION OF INJURY,14,10,41.9252823144,-87.6666170775,2019,30,POINT (-87.6666170775 41.9252823144),,,,,2019-10-12,False,6,Lincoln Park
3518,30,NO CONTROLS,NO CONTROLS,CLEAR,DAYLIGHT,PEDALCYCLIST,FOUR WAY,STRAIGHT AND LEVEL,DRY,NO DEFECTS,Y,UNABLE TO DETERMINE,UNABLE TO DETERMINE,,"REPORTED, NOT EVIDENT",15,10,41.7863584656,-87.689872538,2019,30,POINT (-87.689872538 41.7863584656),,,,,2019-10-12,False,62,Gage Park
3519,30,UNKNOWN,UNKNOWN,UNKNOWN,UNKNOWN,PEDALCYCLIST,UNKNOWN,STRAIGHT AND LEVEL,UNKNOWN,UNKNOWN,Y,UNABLE TO DETERMINE,UNABLE TO DETERMINE,,NO INDICATION OF INJURY,15,10,41.7140933301,-87.661531004,2019,30,POINT (-87.661531004 41.7140933301),,,,,2019-10-12,False,71,Beverly
3520,20,STOP SIGN/FLASHER,FUNCTIONING PROPERLY,CLEAR,DAYLIGHT,PEDALCYCLIST,ONE-WAY,STRAIGHT AND LEVEL,DRY,NO DEFECTS,Y,FAILING TO YIELD RIGHT-OF-WAY,NOT APPLICABLE,,"REPORTED, NOT EVIDENT",16,10,41.9042905464,-87.7311483134,2019,20,POINT (-87.7311483134 41.9042905464),,,,,2019-10-12,False,22,Humboldt Park
3521,30,TRAFFIC SIGNAL,FUNCTIONING PROPERLY,CLEAR,DAYLIGHT,PEDALCYCLIST,NOT DIVIDED,STRAIGHT AND LEVEL,DRY,NO DEFECTS,Y,UNABLE TO DETERMINE,TURNING RIGHT ON RED,,NONINCAPACITATING INJURY,17,10,41.8304081329,-87.6657127581,2019,30,POINT (-87.6657127581 41.8304081329),,,,,2019-10-12,False,58,Mckinley Park
3522,25,NO CONTROLS,NO CONTROLS,CLEAR,"DARKNESS, LIGHTED ROAD",PEDALCYCLIST,NOT DIVIDED,STRAIGHT AND LEVEL,DRY,NO DEFECTS,,IMPROPER BACKING,NOT APPLICABLE,,NONINCAPACITATING INJURY,19,10,42.0050836914,-87.6607268964,2019,25,POINT (-87.6607268964 42.0050836914),,,,,2019-10-12,False,0,Rogers Park
3523,5,NO CONTROLS,NO CONTROLS,CLEAR,DAYLIGHT,PEDALCYCLIST,DRIVEWAY,STRAIGHT AND LEVEL,DRY,NO DEFECTS,,NOT APPLICABLE,NOT APPLICABLE,,NONINCAPACITATING INJURY,12,10,41.7840647062,-87.6116901588,2019,5,POINT (-87.6116901588 41.7840647062),,,,,2019-10-13,False,39,Washington Park
3524,35,TRAFFIC SIGNAL,FUNCTIONING PROPERLY,CLEAR,DAYLIGHT,PEDALCYCLIST,NOT DIVIDED,STRAIGHT AND LEVEL,DRY,NO DEFECTS,,IMPROPER LANE USAGE,FAILING TO YIELD RIGHT-OF-WAY,Y,INCAPACITATING INJURY,15,10,41.9323182375,-87.6446506457,2019,35,POINT (-87.6446506457 41.9323182375),,,,,2019-10-13,True,6,Lincoln Park
3525,30,NO CONTROLS,NO CONTROLS,CLEAR,"DARKNESS, LIGHTED ROAD",PEDALCYCLIST,NOT DIVIDED,STRAIGHT AND LEVEL,DRY,NO DEFECTS,Y,NOT APPLICABLE,FAILING TO YIELD RIGHT-OF-WAY,,INCAPACITATING INJURY,22,10,41.786708085,-87.6764769078,2019,30,POINT (-87.6764769078 41.786708085),,,,,2019-10-13,True,66,Englewood
3526,30,STOP SIGN/FLASHER,FUNCTIONING PROPERLY,CLEAR,DAYLIGHT,PEDALCYCLIST,NOT DIVIDED,STRAIGHT AND LEVEL,DRY,NO DEFECTS,,UNABLE TO DETERMINE,UNABLE TO DETERMINE,,NO INDICATION OF INJURY,10,10,41.8343669632,-87.6414703486,2019,30,POINT (-87.6414703486 41.8343669632),,,,,2019-10-14,False,33,Armour Square
3527,30,NO CONTROLS,NO CONTROLS,CLEAR,DAYLIGHT,PEDALCYCLIST,NOT DIVIDED,STRAIGHT ON GRADE,DRY,NO DEFECTS,,IMPROPER TURNING/NO SIGNAL,IMPROPER LANE USAGE,,NO INDICATION OF INJURY,13,10,41.8445636441,-87.6964962888,2019,30,POINT (-87.6964962888 41.8445636441),,,,,2019-10-14,False,29,South Lawndale
3528,30,STOP SIGN/FLASHER,FUNCTIONING PROPERLY,CLEAR,DAYLIGHT,PEDALCYCLIST,NOT DIVIDED,STRAIGHT AND LEVEL,DRY,NO DEFECTS,Y,FAILING TO YIELD RIGHT-OF-WAY,UNABLE TO DETERMINE,,NO INDICATION OF INJURY,7,10,41.9744205741,-87.6680665612,2019,30,POINT (-87.6680665612 41.9744205741),,,,,2019-10-15,False,2,Uptown
3529,30,NO CONTROLS,FUNCTIONING PROPERLY,CLEAR,DAYLIGHT,PEDALCYCLIST,DIVIDED - W/MEDIAN (NOT RAISED),STRAIGHT AND LEVEL,DRY,NO DEFECTS,,DISREGARDING ROAD MARKINGS,NOT APPLICABLE,Y,NONINCAPACITATING INJURY,9,10,41.9117260969,-87.6776398445,2019,30,POINT (-87.6776398445 41.9117260969),,,,,2019-10-15,False,6,Lincoln Park
3530,30,STOP SIGN/FLASHER,FUNCTIONING PROPERLY,CLEAR,DAYLIGHT,PEDALCYCLIST,T-INTERSECTION,STRAIGHT AND LEVEL,DRY,NO DEFECTS,Y,FAILING TO YIELD RIGHT-OF-WAY,IMPROPER LANE USAGE,,"REPORTED, NOT EVIDENT",10,10,41.8087518431,-87.6502492613,2019,30,POINT (-87.6502492613 41.8087518431),,,,,2019-10-15,False,60,New City
3532,30,STOP SIGN/FLASHER,FUNCTIONING PROPERLY,RAIN,DAYLIGHT,PEDALCYCLIST,DIVIDED - W/MEDIAN (NOT RAISED),STRAIGHT ON HILLCREST,WET,NO DEFECTS,,FAILING TO YIELD RIGHT-OF-WAY,FAILING TO REDUCE SPEED TO AVOID CRASH,,NONINCAPACITATING INJURY,16,10,41.6775423423,-87.6753424955,2019,30,POINT (-87.6753424955 41.6775423423),,,,,2019-10-15,False,74,Morgan Park
3533,20,NO CONTROLS,NO CONTROLS,FREEZING RAIN/DRIZZLE,DAYLIGHT,PEDALCYCLIST,ONE-WAY,STRAIGHT AND LEVEL,WET,NO DEFECTS,,DRIVING SKILLS/KNOWLEDGE/EXPERIENCE,NOT APPLICABLE,Y,NONINCAPACITATING INJURY,16,10,41.8513638139,-87.7184974324,2019,20,POINT (-87.7184974324 41.8513638139),,,,,2019-10-15,False,28,North Lawndale
3534,25,NO CONTROLS,NO CONTROLS,CLEAR,DAYLIGHT,PEDALCYCLIST,NOT DIVIDED,STRAIGHT AND LEVEL,DRY,NO DEFECTS,,IMPROPER OVERTAKING/PASSING,NOT APPLICABLE,,NO INDICATION OF INJURY,17,10,41.9975325813,-87.778999875,2019,25,POINT (-87.778999875 41.9975325813),,,,,2019-10-15,False,11,Forest Glen
3535,30,NO CONTROLS,NO CONTROLS,CLEAR,DAYLIGHT,PEDALCYCLIST,NOT DIVIDED,STRAIGHT AND LEVEL,DRY,NO DEFECTS,,FAILING TO YIELD RIGHT-OF-WAY,NOT APPLICABLE,,NONINCAPACITATING INJURY,9,10,41.9114802507,-87.6793919682,2019,30,POINT (-87.6793919682 41.9114802507),,,,,2019-10-16,False,6,Lincoln Park
3536,15,NO CONTROLS,NO CONTROLS,CLOUDY/OVERCAST,DAYLIGHT,PEDALCYCLIST,ALLEY,STRAIGHT AND LEVEL,DRY,NO DEFECTS,,UNABLE TO DETERMINE,UNABLE TO DETERMINE,,NONINCAPACITATING INJURY,9,10,41.9979866601,-87.6900385545,2019,15,POINT (-87.6900385545 41.9979866601),,,,,2019-10-16,False,1,West Ridge
3537,20,NO CONTROLS,NO CONTROLS,UNKNOWN,"DARKNESS, LIGHTED ROAD",PEDALCYCLIST,ONE-WAY,STRAIGHT AND LEVEL,UNKNOWN,NO DEFECTS,,UNABLE TO DETERMINE,UNABLE TO DETERMINE,,NO INDICATION OF INJURY,11,10,41.9947705095,-87.6642498766,2019,20,POINT (-87.6642498766 41.9947705095),,,,,2019-10-16,False,76,Edgewater
3538,30,NO CONTROLS,NO CONTROLS,CLEAR,DAYLIGHT,PEDALCYCLIST,DIVIDED - W/MEDIAN (NOT RAISED),STRAIGHT AND LEVEL,DRY,NO DEFECTS,,UNABLE TO DETERMINE,NOT APPLICABLE,,NONINCAPACITATING INJURY,15,10,41.9985959809,-87.8069294387,2019,30,POINT (-87.8069294387 41.9985959809),,,,,2019-10-16,False,8,Edison Park
3539,30,TRAFFIC SIGNAL,FUNCTIONING PROPERLY,CLEAR,DAYLIGHT,PEDALCYCLIST,DIVIDED - W/MEDIAN (NOT RAISED),STRAIGHT AND LEVEL,DRY,NO DEFECTS,Y,UNABLE TO DETERMINE,UNABLE TO DETERMINE,,NO INDICATION OF INJURY,16,10,41.9030874785,-87.6868818222,2019,30,POINT (-87.6868818222 41.9030874785),,,,,2019-10-16,False,23,West Town
3540,15,NO CONTROLS,NO CONTROLS,CLEAR,DAYLIGHT,PEDALCYCLIST,ONE-WAY,STRAIGHT AND LEVEL,DRY,NO DEFECTS,,FAILING TO YIELD RIGHT-OF-WAY,NOT APPLICABLE,N,NONINCAPACITATING INJURY,17,10,41.7809227078,-87.6109621384,2019,15,POINT (-87.6109621384 41.7809227078),,,,,2019-10-16,False,39,Washington Park
3541,30,TRAFFIC SIGNAL,FUNCTIONING PROPERLY,CLEAR,"DARKNESS, LIGHTED ROAD",PEDALCYCLIST,FOUR WAY,STRAIGHT AND LEVEL,DRY,NO DEFECTS,Y,IMPROPER TURNING/NO SIGNAL,UNABLE TO DETERMINE,,"REPORTED, NOT EVIDENT",18,10,41.8893482196,-87.6291799195,2019,30,POINT (-87.6291799195 41.8893482196),,,,,2019-10-16,False,7,Near North Side
3542,25,NO CONTROLS,NO CONTROLS,CLEAR,DAWN,PEDALCYCLIST,NOT DIVIDED,STRAIGHT AND LEVEL,DRY,NO DEFECTS,Y,NOT APPLICABLE,NOT APPLICABLE,,INCAPACITATING INJURY,18,10,41.7838604244,-87.6108200644,2019,25,POINT (-87.6108200644 41.7838604244),,,,,2019-10-16,True,39,Washington Park
3543,35,NO CONTROLS,NO CONTROLS,CLEAR,DUSK,PEDALCYCLIST,DIVIDED - W/MEDIAN (NOT RAISED),STRAIGHT AND LEVEL,DRY,NO DEFECTS,,UNABLE TO DETERMINE,NOT APPLICABLE,Y,NONINCAPACITATING INJURY,18,10,41.9086539086,-87.6745493658,2019,35,POINT (-87.6745493658 41.9086539086),,,,,2019-10-16,False,23,West Town
3544,30,UNKNOWN,UNKNOWN,UNKNOWN,DARKNESS,PEDALCYCLIST,ALLEY,STRAIGHT AND LEVEL,DRY,UNKNOWN,,UNABLE TO DETERMINE,NOT APPLICABLE,,NONINCAPACITATING INJURY,2,10,41.9965380353,-87.6666031759,2019,30,POINT (-87.6666031759 41.9965380353),,,,,2019-10-17,False,76,Edgewater
3545,30,NO CONTROLS,NO CONTROLS,CLEAR,DUSK,PEDALCYCLIST,DIVIDED - W/MEDIAN (NOT RAISED),STRAIGHT AND LEVEL,DRY,NO DEFECTS,,IMPROPER LANE USAGE,IMPROPER OVERTAKING/PASSING,,NONINCAPACITATING INJURY,17,10,41.8807098985,-87.6321826152,2019,30,POINT (-87.6321826152 41.8807098985),,,,,2019-10-17,False,31,Loop
3546,35,NO CONTROLS,NO CONTROLS,CLEAR,DARKNESS,PEDALCYCLIST,NOT DIVIDED,STRAIGHT AND LEVEL,DRY,NO DEFECTS,,DRIVING SKILLS/KNOWLEDGE/EXPERIENCE,NOT APPLICABLE,Y,NONINCAPACITATING INJURY,18,10,41.9564371437,-87.6984616538,2019,35,POINT (-87.6984616538 41.9564371437),,,,,2019-10-17,False,15,Irving Park
3547,25,NO CONTROLS,NO CONTROLS,CLEAR,"DARKNESS, LIGHTED ROAD",PEDALCYCLIST,ONE-WAY,STRAIGHT AND LEVEL,DRY,NO DEFECTS,,UNABLE TO DETERMINE,NOT APPLICABLE,,NONINCAPACITATING INJURY,20,10,41.9000909451,-87.6257203292,2019,25,POINT (-87.6257203292 41.9000909451),,,,,2019-10-17,False,7,Near North Side
3548,40,TRAFFIC SIGNAL,FUNCTIONING PROPERLY,CLEAR,DAYLIGHT,PEDALCYCLIST,DIVIDED - W/MEDIAN (NOT RAISED),STRAIGHT AND LEVEL,DRY,NO DEFECTS,Y,UNABLE TO DETERMINE,UNABLE TO DETERMINE,,NONINCAPACITATING INJURY,9,10,41.7772617725,-87.8007496292,2019,40,POINT (-87.8007496292 41.7772617725),,,,,2019-10-18,False,63,Clearing
3549,30,TRAFFIC SIGNAL,FUNCTIONING PROPERLY,CLEAR,DAYLIGHT,PEDALCYCLIST,NOT DIVIDED,STRAIGHT AND LEVEL,DRY,NO DEFECTS,,UNABLE TO DETERMINE,UNABLE TO DETERMINE,,NO INDICATION OF INJURY,9,10,41.8745160058,-87.6395014956,2019,30,POINT (-87.6395014956 41.8745160058),,,,,2019-10-18,False,27,Near West Side
3550,30,STOP SIGN/FLASHER,FUNCTIONING PROPERLY,CLEAR,DAYLIGHT,PEDALCYCLIST,ONE-WAY,STRAIGHT AND LEVEL,DRY,NO DEFECTS,,UNABLE TO DETERMINE,NOT APPLICABLE,,NONINCAPACITATING INJURY,11,10,41.9674027464,-87.7749610451,2019,30,POINT (-87.7749610451 41.9674027464),,,,,2019-10-18,False,14,Portage Park
3551,30,TRAFFIC SIGNAL,FUNCTIONING PROPERLY,CLEAR,DAYLIGHT,PEDALCYCLIST,FOUR WAY,STRAIGHT AND LEVEL,DRY,NO DEFECTS,,FAILING TO YIELD RIGHT-OF-WAY,UNABLE TO DETERMINE,,"REPORTED, NOT EVIDENT",13,10,41.7863371795,-87.70349759,2019,30,POINT (-87.70349759 41.7863371795),,,,,2019-10-18,False,62,Gage Park
3552,30,STOP SIGN/FLASHER,OTHER,CLEAR,DAYLIGHT,PEDALCYCLIST,NOT DIVIDED,STRAIGHT AND LEVEL,DRY,NO DEFECTS,,UNABLE TO DETERMINE,UNABLE TO DETERMINE,,INCAPACITATING INJURY,16,10,41.9410979268,-87.8239252849,2019,30,POINT (-87.8239252849 41.9410979268),,,,,2019-10-18,True,16,Dunning
3553,25,NO CONTROLS,NO CONTROLS,CLEAR,DAYLIGHT,PEDALCYCLIST,NOT DIVIDED,STRAIGHT AND LEVEL,DRY,NO DEFECTS,Y,FAILING TO YIELD RIGHT-OF-WAY,FAILING TO YIELD RIGHT-OF-WAY,,NONINCAPACITATING INJURY,16,10,41.9610487049,-87.7107487926,2019,25,POINT (-87.7107487926 41.9610487049),,,,,2019-10-18,False,13,Albany Park
3554,25,STOP SIGN/FLASHER,NO CONTROLS,CLEAR,DAYLIGHT,PEDALCYCLIST,DIVIDED - W/MEDIAN (NOT RAISED),STRAIGHT AND LEVEL,DRY,NO DEFECTS,,FAILING TO YIELD RIGHT-OF-WAY,UNABLE TO DETERMINE,N,NONINCAPACITATING INJURY,16,10,41.8055714663,-87.5892740261,2019,25,POINT (-87.5892740261 41.8055714663),,,,,2019-10-18,False,38,Kenwood
3555,25,NO CONTROLS,NO CONTROLS,CLEAR,DAYLIGHT,PEDALCYCLIST,ONE-WAY,STRAIGHT AND LEVEL,DRY,NO DEFECTS,,NOT APPLICABLE,UNABLE TO DETERMINE,Y,INCAPACITATING INJURY,17,10,41.9025561775,-87.6749469123,2019,25,POINT (-87.6749469123 41.9025561775),,,,,2019-10-18,True,23,West Town
3556,30,TRAFFIC SIGNAL,FUNCTIONING PROPERLY,CLEAR,DAYLIGHT,PEDALCYCLIST,DIVIDED - W/MEDIAN (NOT RAISED),STRAIGHT AND LEVEL,DRY,NO DEFECTS,Y,DISREGARDING OTHER TRAFFIC SIGNS,NOT APPLICABLE,,NONINCAPACITATING INJURY,15,10,41.9099454781,-87.7117375932,2019,30,POINT (-87.7117375932 41.9099454781),,,,,2019-10-19,False,22,Humboldt Park
3557,30,STOP SIGN/FLASHER,FUNCTIONING PROPERLY,CLEAR,DAYLIGHT,PEDALCYCLIST,NOT DIVIDED,STRAIGHT AND LEVEL,DRY,NO DEFECTS,Y,FAILING TO YIELD RIGHT-OF-WAY,FAILING TO REDUCE SPEED TO AVOID CRASH,,NONINCAPACITATING INJURY,16,10,41.779413411,-87.7814747157,2019,30,POINT (-87.7814747157 41.779413411),,,,,2019-10-19,False,63,Clearing
3558,30,NO CONTROLS,UNKNOWN,CLEAR,"DARKNESS, LIGHTED ROAD",PEDALCYCLIST,NOT DIVIDED,STRAIGHT AND LEVEL,DRY,NO DEFECTS,Y,DISREGARDING TRAFFIC SIGNALS,NOT APPLICABLE,,NONINCAPACITATING INJURY,18,10,42.0192212239,-87.6658790594,2019,30,POINT (-87.6658790594 42.0192212239),,,,,2019-10-19,False,0,Rogers Park
3559,30,STOP SIGN/FLASHER,FUNCTIONING PROPERLY,CLEAR,"DARKNESS, LIGHTED ROAD",PEDALCYCLIST,NOT DIVIDED,STRAIGHT AND LEVEL,DRY,NO DEFECTS,Y,FAILING TO YIELD RIGHT-OF-WAY,UNABLE TO DETERMINE,,"REPORTED, NOT EVIDENT",19,10,41.9734224531,-87.6764007272,2019,30,POINT (-87.6764007272 41.9734224531),,,,,2019-10-19,False,3,Lincoln Square
3560,30,STOP SIGN/FLASHER,FUNCTIONING PROPERLY,CLEAR,"DARKNESS, LIGHTED ROAD",PEDALCYCLIST,DIVIDED - W/MEDIAN (NOT RAISED),STRAIGHT AND LEVEL,DRY,NO DEFECTS,,FAILING TO REDUCE SPEED TO AVOID CRASH,NOT APPLICABLE,,"REPORTED, NOT EVIDENT",20,10,41.9265745592,-87.7120118758,2019,30,POINT (-87.7120118758 41.9265745592),,,,,2019-10-19,False,21,Logan Square
3561,30,NO CONTROLS,NO CONTROLS,CLEAR,DARKNESS,PEDALCYCLIST,NOT DIVIDED,STRAIGHT AND LEVEL,DRY,NO DEFECTS,,UNABLE TO DETERMINE,FAILING TO YIELD RIGHT-OF-WAY,,INCAPACITATING INJURY,20,10,41.913602746,-87.7151874952,2019,30,POINT (-87.7151874952 41.913602746),,,,,2019-10-19,True,21,Logan Square
3562,30,TRAFFIC SIGNAL,FUNCTIONING PROPERLY,CLEAR,"DARKNESS, LIGHTED ROAD",PEDALCYCLIST,NOT DIVIDED,STRAIGHT AND LEVEL,DRY,NO DEFECTS,,UNABLE TO DETERMINE,UNABLE TO DETERMINE,,NONINCAPACITATING INJURY,2,10,41.9539644692,-87.7130532087,2019,30,POINT (-87.7130532087 41.9539644692),,,,,2019-10-20,False,15,Irving Park
3563,30,NO CONTROLS,NO CONTROLS,CLEAR,"DARKNESS, LIGHTED ROAD",PEDALCYCLIST,NOT DIVIDED,STRAIGHT AND LEVEL,DRY,NO DEFECTS,,IMPROPER OVERTAKING/PASSING,FAILING TO REDUCE SPEED TO AVOID CRASH,,NO INDICATION OF INJURY,2,10,41.9227315324,-87.6447528911,2019,30,POINT (-87.6447528911 41.9227315324),,,,,2019-10-20,False,6,Lincoln Park
3564,30,NO CONTROLS,NO CONTROLS,CLEAR,DAYLIGHT,PEDALCYCLIST,DIVIDED - W/MEDIAN BARRIER,STRAIGHT AND LEVEL,DRY,NO DEFECTS,,DRIVING SKILLS/KNOWLEDGE/EXPERIENCE,UNABLE TO DETERMINE,Y,NONINCAPACITATING INJURY,10,10,41.8644111691,-87.6272075841,2019,30,POINT (-87.6272075841 41.8644111691),,,,,2019-10-20,False,32,Near South Side
3565,30,STOP SIGN/FLASHER,FUNCTIONING PROPERLY,CLEAR,DAYLIGHT,PEDALCYCLIST,NOT DIVIDED,STRAIGHT AND LEVEL,DRY,NO DEFECTS,,DRIVING SKILLS/KNOWLEDGE/EXPERIENCE,NOT APPLICABLE,,NO INDICATION OF INJURY,10,10,41.7090286604,-87.6137504602,2019,30,POINT (-87.6137504602 41.7090286604),,,,,2019-10-20,False,48,Roseland
3566,30,STOP SIGN/FLASHER,FUNCTIONING PROPERLY,CLEAR,DAYLIGHT,PEDALCYCLIST,NOT DIVIDED,STRAIGHT AND LEVEL,DRY,NO DEFECTS,Y,FAILING TO YIELD RIGHT-OF-WAY,NOT APPLICABLE,,NO INDICATION OF INJURY,11,10,41.9380590168,-87.659050886,2019,30,POINT (-87.659050886 41.9380590168),,,,,2019-10-20,False,5,Lake View
3567,30,STOP SIGN/FLASHER,FUNCTIONING PROPERLY,CLEAR,DAYLIGHT,PEDALCYCLIST,NOT DIVIDED,STRAIGHT AND LEVEL,DRY,NO DEFECTS,Y,IMPROPER TURNING/NO SIGNAL,FAILING TO YIELD RIGHT-OF-WAY,,NONINCAPACITATING INJURY,17,10,41.9778926422,-87.6796071927,2019,30,POINT (-87.6796071927 41.9778926422),,,,,2019-10-20,False,3,Lincoln Square