Unnamed: 0,POSTED_SPEED_LIMIT,TRAFFIC_CONTROL_DEVICE,DEVICE_CONDITION,WEATHER_CONDITION,LIGHTING_CONDITION,FIRST_CRASH_TYPE,TRAFFICWAY_TYPE,ALIGNMENT,ROADWAY_SURFACE_COND,ROAD_DEFECT,INTERSECTION_RELATED_I,PRIM_CONTRIBUTORY_CAUSE,SEC_CONTRIBUTORY_CAUSE,DOORING_I,MOST_SEVERE_INJURY,CRASH_HOUR,CRASH_MONTH,LATITUDE,LONGITUDE,CRASH_YEAR,SPEED_LIMIT,geometry,DISPLAYROU,the_geom,DIST,LANE_TYPE,CRASH_DATE,is_severe,index_right,CArea
3568,30,TRAFFIC SIGNAL,FUNCTIONING PROPERLY,FOG/SMOKE/HAZE,"DARKNESS, LIGHTED ROAD",PEDALCYCLIST,NOT DIVIDED,STRAIGHT AND LEVEL,DRY,NO DEFECTS,Y,FAILING TO YIELD RIGHT-OF-WAY,UNABLE TO DETERMINE,,NONINCAPACITATING INJURY,21,10,41.8379641537,-87.6464227122,2019,30,POINT (-87.6464227122 41.8379641537),,,,,2019-10-20,False,30,Lower West Side
3569,35,NO CONTROLS,NO CONTROLS,CLEAR,DAYLIGHT,PEDALCYCLIST,NOT DIVIDED,STRAIGHT AND LEVEL,DRY,UNKNOWN,,FAILING TO YIELD RIGHT-OF-WAY,UNABLE TO DETERMINE,Y,NO INDICATION OF INJURY,8,10,41.79156567,-87.5955699441,2019,35,POINT (-87.5955699441 41.79156567),,,,,2019-10-21,False,40,Hyde Park
3570,25,TRAFFIC SIGNAL,FUNCTIONING PROPERLY,RAIN,DAYLIGHT,PEDALCYCLIST,ONE-WAY,STRAIGHT AND LEVEL,WET,NO DEFECTS,Y,DISREGARDING TRAFFIC SIGNALS,NOT APPLICABLE,,NO INDICATION OF INJURY,13,10,41.9507434227,-87.7274972578,2019,25,POINT (-87.7274972578 41.9507434227),,,,,2019-10-21,False,15,Irving Park
3571,30,TRAFFIC SIGNAL,FUNCTIONING PROPERLY,CLEAR,"DARKNESS, LIGHTED ROAD",PEDALCYCLIST,FOUR WAY,STRAIGHT AND LEVEL,WET,UNKNOWN,,UNABLE TO DETERMINE,NOT APPLICABLE,,NONINCAPACITATING INJURY,8,10,41.9259936431,-87.7026195223,2019,30,POINT (-87.7026195223 41.9259936431),,,,,2019-10-22,False,21,Logan Square
3572,30,STOP SIGN/FLASHER,FUNCTIONING PROPERLY,RAIN,DAYLIGHT,PEDALCYCLIST,FOUR WAY,STRAIGHT AND LEVEL,WET,NO DEFECTS,Y,FAILING TO YIELD RIGHT-OF-WAY,DRIVING SKILLS/KNOWLEDGE/EXPERIENCE,,"REPORTED, NOT EVIDENT",11,10,41.8416574476,-87.6416418735,2019,30,POINT (-87.6416418735 41.8416574476),,,,,2019-10-22,False,30,Lower West Side
3573,35,STOP SIGN/FLASHER,FUNCTIONING PROPERLY,CLEAR,"DARKNESS, LIGHTED ROAD",PEDALCYCLIST,NOT DIVIDED,STRAIGHT AND LEVEL,DRY,NO DEFECTS,Y,UNABLE TO DETERMINE,UNABLE TO DETERMINE,,INCAPACITATING INJURY,6,10,41.8867056757,-87.6413102017,2019,35,POINT (-87.6413102017 41.8867056757),,,,,2019-10-23,True,7,Near North Side
3574,30,NO CONTROLS,NO CONTROLS,CLEAR,DAYLIGHT,PEDALCYCLIST,NOT DIVIDED,STRAIGHT AND LEVEL,DRY,NO DEFECTS,,UNABLE TO DETERMINE,UNABLE TO DETERMINE,,"REPORTED, NOT EVIDENT",14,10,41.9531461752,-87.7777734505,2019,30,POINT (-87.7777734505 41.9531461752),,,,,2019-10-23,False,14,Portage Park
3575,30,NO CONTROLS,NO CONTROLS,CLEAR,DAYLIGHT,PEDALCYCLIST,ALLEY,STRAIGHT AND LEVEL,DRY,NO DEFECTS,,IMPROPER LANE USAGE,FAILING TO REDUCE SPEED TO AVOID CRASH,N,NO INDICATION OF INJURY,14,10,41.9982098748,-87.6686939898,2019,30,POINT (-87.6686939898 41.9982098748),,,,,2019-10-23,False,0,Rogers Park
3576,30,NO CONTROLS,NO CONTROLS,CLEAR,DAYLIGHT,PEDALCYCLIST,NOT DIVIDED,STRAIGHT AND LEVEL,DRY,NO DEFECTS,,UNABLE TO DETERMINE,UNABLE TO DETERMINE,,NONINCAPACITATING INJURY,15,10,41.8935394536,-87.7654916113,2019,30,POINT (-87.7654916113 41.8935394536),,,,,2019-10-23,False,24,Austin
3577,30,TRAFFIC SIGNAL,FUNCTIONING PROPERLY,CLEAR,DUSK,PEDALCYCLIST,NOT DIVIDED,STRAIGHT AND LEVEL,DRY,NO DEFECTS,,UNABLE TO DETERMINE,NOT APPLICABLE,,NONINCAPACITATING INJURY,18,10,41.9056697655,-87.6698701107,2019,30,POINT (-87.6698701107 41.9056697655),,,,,2019-10-23,False,23,West Town
3578,30,UNKNOWN,UNKNOWN,UNKNOWN,UNKNOWN,PEDALCYCLIST,NOT DIVIDED,STRAIGHT AND LEVEL,UNKNOWN,UNKNOWN,,UNABLE TO DETERMINE,NOT APPLICABLE,,NO INDICATION OF INJURY,18,10,41.9316042012,-87.6445920327,2019,30,POINT (-87.6445920327 41.9316042012),,,,,2019-10-23,False,6,Lincoln Park
3579,20,TRAFFIC SIGNAL,NO CONTROLS,CLEAR,DAYLIGHT,PEDALCYCLIST,DIVIDED - W/MEDIAN (NOT RAISED),STRAIGHT AND LEVEL,DRY,NO DEFECTS,,NOT APPLICABLE,NOT APPLICABLE,,"REPORTED, NOT EVIDENT",7,10,41.7327244452,-87.6194204643,2019,20,POINT (-87.6194204643 41.7327244452),,,,,2019-10-24,False,43,Chatham
3580,20,NO CONTROLS,NO CONTROLS,CLEAR,DAYLIGHT,PEDALCYCLIST,DIVIDED - W/MEDIAN (NOT RAISED),STRAIGHT AND LEVEL,DRY,NO DEFECTS,,FAILING TO REDUCE SPEED TO AVOID CRASH,NOT APPLICABLE,,NONINCAPACITATING INJURY,10,10,41.8956241611,-87.7105716315,2019,20,POINT (-87.7105716315 41.8956241611),,,,,2019-10-24,False,22,Humboldt Park
3581,30,TRAFFIC SIGNAL,FUNCTIONING PROPERLY,CLEAR,DAYLIGHT,PEDALCYCLIST,NOT DIVIDED,STRAIGHT AND LEVEL,DRY,NO DEFECTS,,OBSTRUCTED CROSSWALKS,NOT APPLICABLE,N,"REPORTED, NOT EVIDENT",15,10,41.7663284942,-87.5764511727,2019,30,POINT (-87.5764511727 41.7663284942),,,,,2019-10-24,False,41,Woodlawn
3582,30,NO CONTROLS,NO CONTROLS,CLEAR,DAYLIGHT,PEDALCYCLIST,NOT DIVIDED,STRAIGHT AND LEVEL,DRY,NO DEFECTS,Y,UNABLE TO DETERMINE,NOT APPLICABLE,,"REPORTED, NOT EVIDENT",17,10,41.8966182905,-87.6403553506,2019,30,POINT (-87.6403553506 41.8966182905),,,,,2019-10-24,False,7,Near North Side
3583,30,STOP SIGN/FLASHER,FUNCTIONING PROPERLY,RAIN,"DARKNESS, LIGHTED ROAD",PEDALCYCLIST,NOT DIVIDED,STRAIGHT AND LEVEL,DRY,NO DEFECTS,Y,UNABLE TO DETERMINE,UNABLE TO DETERMINE,,NONINCAPACITATING INJURY,19,10,41.8983123453,-87.634339938,2019,30,POINT (-87.634339938 41.8983123453),,,,,2019-10-24,False,7,Near North Side
3584,30,NO CONTROLS,NO CONTROLS,CLEAR,"DARKNESS, LIGHTED ROAD",PEDALCYCLIST,DIVIDED - W/MEDIAN (NOT RAISED),STRAIGHT AND LEVEL,DRY,NO DEFECTS,,FAILING TO YIELD RIGHT-OF-WAY,UNABLE TO DETERMINE,,NONINCAPACITATING INJURY,19,10,41.8981616719,-87.6344073368,2019,30,POINT (-87.6344073368 41.8981616719),,,,,2019-10-24,False,7,Near North Side
3585,30,NO CONTROLS,NO CONTROLS,CLEAR,DAYLIGHT,PEDALCYCLIST,DIVIDED - W/MEDIAN BARRIER,STRAIGHT ON GRADE,DRY,UNKNOWN,,IMPROPER LANE USAGE,FAILING TO REDUCE SPEED TO AVOID CRASH,,INCAPACITATING INJURY,10,10,41.8674154212,-87.6354988485,2019,30,POINT (-87.6354988485 41.8674154212),,,,,2019-10-25,True,27,Near West Side
3586,30,TRAFFIC SIGNAL,FUNCTIONING PROPERLY,CLEAR,DAYLIGHT,PEDALCYCLIST,FOUR WAY,STRAIGHT AND LEVEL,DRY,NO DEFECTS,Y,UNABLE TO DETERMINE,UNABLE TO DETERMINE,,NO INDICATION OF INJURY,11,10,41.8010528356,-87.6843676488,2019,30,POINT (-87.6843676488 41.8010528356),,,,,2019-10-25,False,60,New City
3587,15,NO CONTROLS,NO CONTROLS,CLEAR,DAYLIGHT,PEDALCYCLIST,ALLEY,STRAIGHT AND LEVEL,DRY,NO DEFECTS,,FAILING TO YIELD RIGHT-OF-WAY,NOT APPLICABLE,,NO INDICATION OF INJURY,12,10,41.9157610232,-87.6972958109,2019,15,POINT (-87.6972958109 41.9157610232),,,,,2019-10-25,False,21,Logan Square
3588,25,NO CONTROLS,NO CONTROLS,CLEAR,DAYLIGHT,PEDALCYCLIST,NOT DIVIDED,STRAIGHT AND LEVEL,DRY,NO DEFECTS,,UNABLE TO DETERMINE,NOT APPLICABLE,Y,NONINCAPACITATING INJURY,13,10,41.9460955782,-87.6641373079,2019,25,POINT (-87.6641373079 41.9460955782),,,,,2019-10-25,False,5,Lake View
3589,30,STOP SIGN/FLASHER,FUNCTIONING PROPERLY,CLEAR,DARKNESS,PEDALCYCLIST,T-INTERSECTION,STRAIGHT AND LEVEL,DRY,NO DEFECTS,Y,DISREGARDING STOP SIGN,NOT APPLICABLE,N,NONINCAPACITATING INJURY,18,10,41.8853856872,-87.7382313163,2019,30,POINT (-87.7382313163 41.8853856872),,,,,2019-10-25,False,25,Garfield Park
3590,30,NO CONTROLS,NO CONTROLS,CLEAR,"DARKNESS, LIGHTED ROAD",PEDALCYCLIST,NOT DIVIDED,STRAIGHT AND LEVEL,DRY,NO DEFECTS,N,UNABLE TO DETERMINE,UNABLE TO DETERMINE,,NONINCAPACITATING INJURY,19,10,41.9139860989,-87.7018356658,2019,30,POINT (-87.7018356658 41.9139860989),,,,,2019-10-25,False,21,Logan Square
3591,30,TRAFFIC SIGNAL,FUNCTIONING PROPERLY,CLEAR,"DARKNESS, LIGHTED ROAD",PEDALCYCLIST,DIVIDED - W/MEDIAN (NOT RAISED),STRAIGHT AND LEVEL,DRY,NO DEFECTS,Y,IMPROPER LANE USAGE,IMPROPER LANE USAGE,,NO INDICATION OF INJURY,21,10,41.8831127692,-87.6472574041,2019,30,POINT (-87.6472574041 41.8831127692),,,,,2019-10-25,False,27,Near West Side
3592,30,TRAFFIC SIGNAL,FUNCTIONING PROPERLY,CLEAR,"DARKNESS, LIGHTED ROAD",PEDALCYCLIST,FOUR WAY,STRAIGHT AND LEVEL,DRY,NO DEFECTS,Y,UNABLE TO DETERMINE,FAILING TO YIELD RIGHT-OF-WAY,,NONINCAPACITATING INJURY,22,10,41.9606690343,-87.7476776088,2019,30,POINT (-87.7476776088 41.9606690343),,,,,2019-10-25,False,14,Portage Park
3593,30,NO CONTROLS,NO CONTROLS,CLOUDY/OVERCAST,DAYLIGHT,PEDALCYCLIST,NOT DIVIDED,STRAIGHT AND LEVEL,DRY,NO DEFECTS,,NOT APPLICABLE,NOT APPLICABLE,,NO INDICATION OF INJURY,11,10,41.8381934699,-87.62655405,2019,30,POINT (-87.62655405 41.8381934699),,,,,2019-10-26,False,34,Douglas
3594,30,TRAFFIC SIGNAL,FUNCTIONING PROPERLY,RAIN,DAYLIGHT,PEDALCYCLIST,T-INTERSECTION,STRAIGHT AND LEVEL,WET,NO DEFECTS,,UNABLE TO DETERMINE,UNABLE TO DETERMINE,,NONINCAPACITATING INJURY,15,10,41.9922775223,-87.7832830056,2019,30,POINT (-87.7832830056 41.9922775223),,,,,2019-10-26,False,10,Jefferson Park
3595,30,NO CONTROLS,NO CONTROLS,RAIN,DAYLIGHT,PEDALCYCLIST,NOT DIVIDED,STRAIGHT AND LEVEL,DRY,NO DEFECTS,,UNABLE TO DETERMINE,UNABLE TO DETERMINE,,NO INDICATION OF INJURY,16,10,41.9251071485,-87.6633869144,2019,30,POINT (-87.6633869144 41.9251071485),,,,,2019-10-26,False,6,Lincoln Park
3596,30,TRAFFIC SIGNAL,FUNCTIONING PROPERLY,RAIN,"DARKNESS, LIGHTED ROAD",PEDALCYCLIST,FOUR WAY,STRAIGHT AND LEVEL,WET,NO DEFECTS,Y,NOT APPLICABLE,NOT APPLICABLE,,NONINCAPACITATING INJURY,18,10,41.8954126257,-87.7115800535,2019,30,POINT (-87.7115800535 41.8954126257),,,,,2019-10-26,False,22,Humboldt Park
3597,30,NO CONTROLS,NO CONTROLS,CLEAR,"DARKNESS, LIGHTED ROAD",PEDALCYCLIST,NOT DIVIDED,STRAIGHT AND LEVEL,DRY,NO DEFECTS,,FOLLOWING TOO CLOSELY,UNABLE TO DETERMINE,,"REPORTED, NOT EVIDENT",18,10,41.915958956,-87.6774339143,2019,30,POINT (-87.6774339143 41.915958956),,,,,2019-10-27,False,6,Lincoln Park
3598,30,NO CONTROLS,NO CONTROLS,CLEAR,DUSK,PEDALCYCLIST,FOUR WAY,STRAIGHT AND LEVEL,DRY,UNKNOWN,,FAILING TO YIELD RIGHT-OF-WAY,IMPROPER OVERTAKING/PASSING,,NONINCAPACITATING INJURY,19,10,41.747045529,-87.6829234278,2019,30,POINT (-87.6829234278 41.747045529),,,,,2019-10-27,False,69,Ashburn
3599,30,NO CONTROLS,NO CONTROLS,CLEAR,"DARKNESS, LIGHTED ROAD",PEDALCYCLIST,NOT DIVIDED,STRAIGHT AND LEVEL,DRY,NO DEFECTS,,IMPROPER LANE USAGE,NOT APPLICABLE,Y,NO INDICATION OF INJURY,20,10,41.9364860373,-87.7469414319,2019,30,POINT (-87.7469414319 41.9364860373),,,,,2019-10-27,False,18,Belmont Cragin
3600,30,NO CONTROLS,NO CONTROLS,CLEAR,"DARKNESS, LIGHTED ROAD",PEDALCYCLIST,NOT DIVIDED,STRAIGHT AND LEVEL,DRY,NO DEFECTS,,IMPROPER OVERTAKING/PASSING,NOT APPLICABLE,,NONINCAPACITATING INJURY,20,10,41.8096663271,-87.6045651093,2019,30,POINT (-87.6045651093 41.8096663271),,,,,2019-10-27,False,38,Kenwood
3601,30,NO CONTROLS,NO CONTROLS,CLEAR,"DARKNESS, LIGHTED ROAD",PEDALCYCLIST,NOT DIVIDED,STRAIGHT AND LEVEL,DRY,NO DEFECTS,,UNABLE TO DETERMINE,UNABLE TO DETERMINE,,NONINCAPACITATING INJURY,17,10,41.8942966808,-87.6416211513,2019,30,POINT (-87.6416211513 41.8942966808),,,,,2019-10-28,False,7,Near North Side
3602,30,NO CONTROLS,NO CONTROLS,CLEAR,DUSK,PEDALCYCLIST,DIVIDED - W/MEDIAN (NOT RAISED),STRAIGHT AND LEVEL,DRY,NO DEFECTS,,FAILING TO REDUCE SPEED TO AVOID CRASH,UNABLE TO DETERMINE,,NONINCAPACITATING INJURY,17,10,41.8684338187,-87.6259950349,2019,30,POINT (-87.6259950349 41.8684338187),,,,,2019-10-28,False,31,Loop
3603,30,NO CONTROLS,NO CONTROLS,CLEAR,DAYLIGHT,PEDALCYCLIST,NOT DIVIDED,STRAIGHT AND LEVEL,DRY,NO DEFECTS,,UNABLE TO DETERMINE,NOT APPLICABLE,Y,NONINCAPACITATING INJURY,18,10,41.9318422442,-87.7315640374,2019,30,POINT (-87.7315640374 41.9318422442),,,,,2019-10-28,False,19,Hermosa
3604,30,STOP SIGN/FLASHER,FUNCTIONING PROPERLY,RAIN,DARKNESS,PEDALCYCLIST,NOT DIVIDED,STRAIGHT AND LEVEL,WET,NO DEFECTS,Y,WEATHER,UNABLE TO DETERMINE,,"REPORTED, NOT EVIDENT",6,10,41.9374223188,-87.7213341859,2019,30,POINT (-87.7213341859 41.9374223188),,,,,2019-10-29,False,20,Avondale
3605,25,STOP SIGN/FLASHER,FUNCTIONING PROPERLY,RAIN,"DARKNESS, LIGHTED ROAD",PEDALCYCLIST,ONE-WAY,STRAIGHT AND LEVEL,WET,NO DEFECTS,Y,WEATHER,NOT APPLICABLE,,NO INDICATION OF INJURY,6,10,41.8153988006,-87.6967295462,2019,25,POINT (-87.6967295462 41.8153988006),,,,,2019-10-29,False,57,Brighton Park
3606,30,NO CONTROLS,NO CONTROLS,CLEAR,DAYLIGHT,PEDALCYCLIST,DRIVEWAY,STRAIGHT AND LEVEL,DRY,NO DEFECTS,,UNABLE TO DETERMINE,NOT APPLICABLE,,NONINCAPACITATING INJURY,13,10,41.9925874877,-87.6898621544,2019,30,POINT (-87.6898621544 41.9925874877),,,,,2019-10-29,False,1,West Ridge
3607,30,NO CONTROLS,NO CONTROLS,CLEAR,DAYLIGHT,PEDALCYCLIST,DIVIDED - W/MEDIAN (NOT RAISED),STRAIGHT AND LEVEL,DRY,NO DEFECTS,,UNABLE TO DETERMINE,NOT APPLICABLE,,NONINCAPACITATING INJURY,16,10,41.8888526428,-87.6718159926,2019,30,POINT (-87.6718159926 41.8888526428),,,,,2019-10-29,False,23,West Town
3608,30,STOP SIGN/FLASHER,FUNCTIONING PROPERLY,CLEAR,DAYLIGHT,PEDALCYCLIST,NOT DIVIDED,STRAIGHT AND LEVEL,DRY,NO DEFECTS,Y,FAILING TO YIELD RIGHT-OF-WAY,NOT APPLICABLE,,NONINCAPACITATING INJURY,16,10,41.861993857,-87.6578106215,2019,30,POINT (-87.6578106215 41.861993857),,,,,2019-10-29,False,27,Near West Side
3609,30,NO CONTROLS,NO CONTROLS,CLEAR,"DARKNESS, LIGHTED ROAD",PEDALCYCLIST,NOT DIVIDED,STRAIGHT AND LEVEL,DRY,NO DEFECTS,,"VISION OBSCURED (SIGNS, TREE LIMBS, BUILDINGS, ETC.)",UNABLE TO DETERMINE,Y,NONINCAPACITATING INJURY,17,10,41.9440539755,-87.7127820726,2019,30,POINT (-87.7127820726 41.9440539755),,,,,2019-10-29,False,15,Irving Park
3610,35,NO CONTROLS,NO CONTROLS,CLEAR,"DARKNESS, LIGHTED ROAD",PEDALCYCLIST,DIVIDED - W/MEDIAN (NOT RAISED),STRAIGHT AND LEVEL,DRY,NO DEFECTS,,NOT APPLICABLE,NOT APPLICABLE,Y,NO INDICATION OF INJURY,20,10,41.9535135074,-87.7484085088,2019,35,POINT (-87.7484085088 41.9535135074),,,,,2019-10-29,False,14,Portage Park
3611,20,TRAFFIC SIGNAL,FUNCTIONING PROPERLY,RAIN,DAYLIGHT,PEDALCYCLIST,NOT DIVIDED,STRAIGHT AND LEVEL,WET,NO DEFECTS,,UNABLE TO DETERMINE,NOT APPLICABLE,,"REPORTED, NOT EVIDENT",16,10,41.8766468411,-87.6406951193,2019,20,POINT (-87.6406951193 41.8766468411),,,,,2019-10-30,False,27,Near West Side
3612,30,NO CONTROLS,NO CONTROLS,RAIN,"DARKNESS, LIGHTED ROAD",PEDALCYCLIST,NOT DIVIDED,STRAIGHT AND LEVEL,WET,NO DEFECTS,,NOT APPLICABLE,NOT APPLICABLE,Y,NONINCAPACITATING INJURY,17,10,41.903072615,-87.6312753915,2019,30,POINT (-87.6312753915 41.903072615),,,,,2019-10-30,False,7,Near North Side
3613,30,NO CONTROLS,NO CONTROLS,CLEAR,"DARKNESS, LIGHTED ROAD",PEDALCYCLIST,NOT DIVIDED,STRAIGHT AND LEVEL,DRY,NO DEFECTS,,"OPERATING VEHICLE IN ERRATIC, RECKLESS, CARELESS, NEGLIGENT OR AGGRESSIVE MANNER",UNABLE TO DETERMINE,,NO INDICATION OF INJURY,19,10,41.928723477,-87.6490225781,2019,30,POINT (-87.6490225781 41.928723477),,,,,2019-10-30,False,6,Lincoln Park
3614,30,TRAFFIC SIGNAL,UNKNOWN,RAIN,DARKNESS,PEDALCYCLIST,DIVIDED - W/MEDIAN (NOT RAISED),STRAIGHT AND LEVEL,WET,UNKNOWN,Y,UNABLE TO DETERMINE,NOT APPLICABLE,,NO INDICATION OF INJURY,22,10,41.7935901159,-87.6647209959,2019,30,POINT (-87.6647209959 41.7935901159),,,,,2019-10-30,False,66,Englewood
3615,35,STOP SIGN/FLASHER,FUNCTIONING PROPERLY,RAIN,"DARKNESS, LIGHTED ROAD",PEDALCYCLIST,NOT DIVIDED,STRAIGHT AND LEVEL,WET,NO DEFECTS,,FAILING TO YIELD RIGHT-OF-WAY,NOT APPLICABLE,,INCAPACITATING INJURY,6,10,41.9701523764,-87.7282304079,2019,35,POINT (-87.7282304079 41.9701523764),,,,,2019-10-31,True,11,Forest Glen
3616,30,NO CONTROLS,FUNCTIONING PROPERLY,SNOW,DAYLIGHT,PEDALCYCLIST,NOT DIVIDED,STRAIGHT AND LEVEL,WET,NO DEFECTS,,OBSTRUCTED CROSSWALKS,NOT APPLICABLE,,NONINCAPACITATING INJURY,9,10,41.8891648294,-87.6419862976,2019,30,POINT (-87.6419862976 41.8891648294),,,,,2019-10-31,False,7,Near North Side
3617,30,TRAFFIC SIGNAL,FUNCTIONING PROPERLY,CLEAR,DAYLIGHT,PEDALCYCLIST,DIVIDED - W/MEDIAN (NOT RAISED),STRAIGHT AND LEVEL,DRY,UNKNOWN,,FAILING TO REDUCE SPEED TO AVOID CRASH,NOT APPLICABLE,,NO INDICATION OF INJURY,14,11,41.7720982328,-87.6641646176,2019,30,POINT (-87.6641646176 41.7720982328),,,,,2019-11-01,False,66,Englewood
3618,30,NO CONTROLS,NO CONTROLS,CLEAR,DUSK,PEDALCYCLIST,DIVIDED - W/MEDIAN (NOT RAISED),STRAIGHT AND LEVEL,WET,NO DEFECTS,,UNABLE TO DETERMINE,UNABLE TO DETERMINE,Y,"REPORTED, NOT EVIDENT",17,11,41.9339363122,-87.7156183875,2019,30,POINT (-87.7156183875 41.9339363122),,,,,2019-11-01,False,20,Avondale
3619,30,TRAFFIC SIGNAL,FUNCTIONING PROPERLY,CLEAR,"DARKNESS, LIGHTED ROAD",PEDALCYCLIST,T-INTERSECTION,STRAIGHT AND LEVEL,DRY,NO DEFECTS,Y,IMPROPER TURNING/NO SIGNAL,FAILING TO YIELD RIGHT-OF-WAY,,NO INDICATION OF INJURY,20,11,41.8916820178,-87.6298011486,2019,30,POINT (-87.6298011486 41.8916820178),,,,,2019-11-01,False,7,Near North Side
3620,30,STOP SIGN/FLASHER,FUNCTIONING PROPERLY,FOG/SMOKE/HAZE,"DARKNESS, LIGHTED ROAD",PEDALCYCLIST,ONE-WAY,STRAIGHT AND LEVEL,WET,NO DEFECTS,Y,DISREGARDING STOP SIGN,FAILING TO REDUCE SPEED TO AVOID CRASH,,NONINCAPACITATING INJURY,23,11,41.9053095056,-87.7339063119,2019,30,POINT (-87.7339063119 41.9053095056),,,,,2019-11-01,False,22,Humboldt Park
3621,30,UNKNOWN,UNKNOWN,CLEAR,"DARKNESS, LIGHTED ROAD",PEDALCYCLIST,NOT DIVIDED,STRAIGHT AND LEVEL,WET,UNKNOWN,,UNABLE TO DETERMINE,FOLLOWING TOO CLOSELY,,NO INDICATION OF INJURY,23,11,41.915876133,-87.6750861197,2019,30,POINT (-87.6750861197 41.915876133),,,,,2019-11-01,False,6,Lincoln Park
3622,25,NO CONTROLS,NO CONTROLS,CLEAR,"DARKNESS, LIGHTED ROAD",PEDALCYCLIST,DIVIDED - W/MEDIAN BARRIER,STRAIGHT AND LEVEL,DRY,NO DEFECTS,,"OPERATING VEHICLE IN ERRATIC, RECKLESS, CARELESS, NEGLIGENT OR AGGRESSIVE MANNER",UNABLE TO DETERMINE,,INCAPACITATING INJURY,6,11,41.8548308424,-87.7136445388,2019,25,POINT (-87.7136445388 41.8548308424),,,,,2019-11-02,True,28,North Lawndale
3623,30,NO CONTROLS,NO CONTROLS,CLEAR,DAYLIGHT,PEDALCYCLIST,NOT DIVIDED,STRAIGHT AND LEVEL,DRY,NO DEFECTS,Y,UNABLE TO DETERMINE,UNABLE TO DETERMINE,,NO INDICATION OF INJURY,12,11,41.87985888,-87.6862520724,2019,30,POINT (-87.6862520724 41.87985888),,,,,2019-11-02,False,27,Near West Side
3624,30,STOP SIGN/FLASHER,NO CONTROLS,CLEAR,DAYLIGHT,PEDALCYCLIST,DIVIDED - W/MEDIAN (NOT RAISED),STRAIGHT AND LEVEL,DRY,NO DEFECTS,,FAILING TO YIELD RIGHT-OF-WAY,NOT APPLICABLE,,"REPORTED, NOT EVIDENT",17,11,41.7808520315,-87.6932939255,2019,30,POINT (-87.6932939255 41.7808520315),,,,,2019-11-02,False,65,Chicago Lawn
3625,30,NO CONTROLS,NO CONTROLS,CLEAR,DAYLIGHT,PEDALCYCLIST,ONE-WAY,STRAIGHT AND LEVEL,DRY,NO DEFECTS,,NOT APPLICABLE,NOT APPLICABLE,,NO INDICATION OF INJURY,18,11,41.7932291253,-87.718406158,2019,30,POINT (-87.718406158 41.7932291253),,,,,2019-11-02,False,61,West Elsdon
3627,30,NO CONTROLS,NO CONTROLS,CLOUDY/OVERCAST,DUSK,PEDALCYCLIST,NOT DIVIDED,STRAIGHT AND LEVEL,DRY,NO DEFECTS,,UNABLE TO DETERMINE,UNABLE TO DETERMINE,Y,NO INDICATION OF INJURY,18,11,41.9243581221,-87.7282120406,2019,30,POINT (-87.7282120406 41.9243581221),,,,,2019-11-03,False,19,Hermosa
3628,30,NO CONTROLS,NO CONTROLS,CLEAR,"DARKNESS, LIGHTED ROAD",PEDALCYCLIST,NOT DIVIDED,STRAIGHT AND LEVEL,DRY,UNKNOWN,,UNABLE TO DETERMINE,UNABLE TO DETERMINE,Y,INCAPACITATING INJURY,22,11,41.9686478612,-87.6978733029,2019,30,POINT (-87.6978733029 41.9686478612),,,,,2019-11-03,True,3,Lincoln Square
3629,30,TRAFFIC SIGNAL,FUNCTIONING PROPERLY,CLEAR,"DARKNESS, LIGHTED ROAD",PEDALCYCLIST,CENTER TURN LANE,STRAIGHT ON HILLCREST,DRY,NO DEFECTS,Y,DRIVING ON WRONG SIDE/WRONG WAY,"OPERATING VEHICLE IN ERRATIC, RECKLESS, CARELESS, NEGLIGENT OR AGGRESSIVE MANNER",,NONINCAPACITATING INJURY,23,11,41.8672871622,-87.6452469415,2019,30,POINT (-87.6452469415 41.8672871622),,,,,2019-11-03,False,27,Near West Side
3630,30,NO CONTROLS,NO CONTROLS,CLEAR,"DARKNESS, LIGHTED ROAD",PEDALCYCLIST,NOT DIVIDED,STRAIGHT AND LEVEL,DRY,NO DEFECTS,,NOT APPLICABLE,NOT APPLICABLE,,INCAPACITATING INJURY,23,11,41.9783082497,-87.6742318905,2019,30,POINT (-87.6742318905 41.9783082497),,,,,2019-11-03,True,3,Lincoln Square
3631,30,NO CONTROLS,NO CONTROLS,CLEAR,DAYLIGHT,PEDALCYCLIST,NOT DIVIDED,STRAIGHT AND LEVEL,DRY,NO DEFECTS,,FAILING TO YIELD RIGHT-OF-WAY,NOT APPLICABLE,,NONINCAPACITATING INJURY,8,11,41.8938090433,-87.6398399891,2019,30,POINT (-87.6398399891 41.8938090433),,,,,2019-11-04,False,7,Near North Side
3632,30,NO CONTROLS,NO CONTROLS,CLEAR,DAYLIGHT,PEDALCYCLIST,ONE-WAY,STRAIGHT AND LEVEL,DRY,NO DEFECTS,,FAILING TO YIELD RIGHT-OF-WAY,NOT APPLICABLE,,"REPORTED, NOT EVIDENT",9,11,41.8850707818,-87.6411434288,2019,30,POINT (-87.6411434288 41.8850707818),,,,,2019-11-04,False,27,Near West Side