Unnamed: 0,POSTED_SPEED_LIMIT,TRAFFIC_CONTROL_DEVICE,DEVICE_CONDITION,WEATHER_CONDITION,LIGHTING_CONDITION,FIRST_CRASH_TYPE,TRAFFICWAY_TYPE,ALIGNMENT,ROADWAY_SURFACE_COND,ROAD_DEFECT,INTERSECTION_RELATED_I,PRIM_CONTRIBUTORY_CAUSE,SEC_CONTRIBUTORY_CAUSE,DOORING_I,MOST_SEVERE_INJURY,CRASH_HOUR,CRASH_MONTH,LATITUDE,LONGITUDE,CRASH_YEAR,SPEED_LIMIT,geometry,DISPLAYROU,the_geom,DIST,LANE_TYPE,CRASH_DATE,is_severe,index_right,CArea
3633,30,STOP SIGN/FLASHER,FUNCTIONING PROPERLY,CLEAR,DAYLIGHT,PEDALCYCLIST,FOUR WAY,STRAIGHT AND LEVEL,DRY,NO DEFECTS,Y,FAILING TO YIELD RIGHT-OF-WAY,UNABLE TO DETERMINE,,NO INDICATION OF INJURY,13,11,41.8834127466,-87.7307782016,2019,30,POINT (-87.7307782016 41.8834127466),,,,,2019-11-04,False,25,Garfield Park
3634,30,STOP SIGN/FLASHER,FUNCTIONING PROPERLY,CLEAR,"DARKNESS, LIGHTED ROAD",PEDALCYCLIST,FOUR WAY,STRAIGHT AND LEVEL,DRY,NO DEFECTS,Y,UNABLE TO DETERMINE,NOT APPLICABLE,,NONINCAPACITATING INJURY,20,11,41.7659281922,-87.5864700779,2019,30,POINT (-87.5864700779 41.7659281922),,,,,2019-11-04,False,41,Woodlawn
3635,30,STOP SIGN/FLASHER,NO CONTROLS,CLEAR,"DARKNESS, LIGHTED ROAD",PEDALCYCLIST,NOT DIVIDED,STRAIGHT AND LEVEL,DRY,NO DEFECTS,,DISREGARDING STOP SIGN,NOT APPLICABLE,,NO INDICATION OF INJURY,22,11,41.941440331,-87.6785522999,2019,30,POINT (-87.6785522999 41.941440331),,,,,2019-11-04,False,4,North Center
3636,30,STOP SIGN/FLASHER,FUNCTIONING PROPERLY,CLEAR,DAYLIGHT,PEDALCYCLIST,DIVIDED - W/MEDIAN (NOT RAISED),STRAIGHT AND LEVEL,DRY,NO DEFECTS,Y,DRIVING ON WRONG SIDE/WRONG WAY,DRIVING SKILLS/KNOWLEDGE/EXPERIENCE,,NONINCAPACITATING INJURY,7,11,41.833849723,-87.6843631837,2019,30,POINT (-87.6843631837 41.833849723),,,,,2019-11-05,False,57,Brighton Park
3637,30,NO CONTROLS,NO CONTROLS,CLEAR,DAYLIGHT,PEDALCYCLIST,NOT DIVIDED,STRAIGHT AND LEVEL,DRY,NO DEFECTS,,FAILING TO YIELD RIGHT-OF-WAY,FAILING TO REDUCE SPEED TO AVOID CRASH,,"REPORTED, NOT EVIDENT",8,11,41.9247738662,-87.6893679031,2019,30,POINT (-87.6893679031 41.9247738662),,,,,2019-11-05,False,21,Logan Square
3638,30,NO CONTROLS,NO CONTROLS,CLEAR,DAYLIGHT,PEDALCYCLIST,NOT DIVIDED,STRAIGHT AND LEVEL,DRY,NO DEFECTS,,UNABLE TO DETERMINE,NOT APPLICABLE,Y,NONINCAPACITATING INJURY,10,11,41.7858954589,-87.7373980526,2019,30,POINT (-87.7373980526 41.7858954589),,,,,2019-11-05,False,61,West Elsdon
3639,30,NO CONTROLS,NO CONTROLS,CLEAR,DAYLIGHT,PEDALCYCLIST,ONE-WAY,STRAIGHT AND LEVEL,DRY,NO DEFECTS,N,FAILING TO REDUCE SPEED TO AVOID CRASH,FAILING TO YIELD RIGHT-OF-WAY,,NONINCAPACITATING INJURY,10,11,41.8857963123,-87.6296461541,2019,30,POINT (-87.6296461541 41.8857963123),,,,,2019-11-05,False,31,Loop
3640,30,TRAFFIC SIGNAL,FUNCTIONING PROPERLY,CLEAR,DAYLIGHT,PEDALCYCLIST,FOUR WAY,STRAIGHT AND LEVEL,DRY,NO DEFECTS,Y,FAILING TO YIELD RIGHT-OF-WAY,NOT APPLICABLE,,NONINCAPACITATING INJURY,16,11,41.890510824,-87.6354011734,2019,30,POINT (-87.6354011734 41.890510824),,,,,2019-11-05,False,7,Near North Side
3641,30,STOP SIGN/FLASHER,FUNCTIONING PROPERLY,CLEAR,DUSK,PEDALCYCLIST,T-INTERSECTION,STRAIGHT AND LEVEL,DRY,NO DEFECTS,Y,FAILING TO YIELD RIGHT-OF-WAY,"VISION OBSCURED (SIGNS, TREE LIMBS, BUILDINGS, ETC.)",,NO INDICATION OF INJURY,16,11,41.9071095851,-87.6597794563,2019,30,POINT (-87.6597794563 41.9071095851),,,,,2019-11-05,False,23,West Town
3642,25,TRAFFIC SIGNAL,FUNCTIONING PROPERLY,CLEAR,"DARKNESS, LIGHTED ROAD",PEDALCYCLIST,DIVIDED - W/MEDIAN (NOT RAISED),STRAIGHT AND LEVEL,DRY,NO DEFECTS,N,IMPROPER BACKING,IMPROPER BACKING,,NO INDICATION OF INJURY,16,11,41.896788074,-87.6281346298,2019,25,POINT (-87.6281346298 41.896788074),,,,,2019-11-05,False,7,Near North Side
3643,30,STOP SIGN/FLASHER,FUNCTIONING PROPERLY,CLEAR,"DARKNESS, LIGHTED ROAD",PEDALCYCLIST,NOT DIVIDED,STRAIGHT AND LEVEL,DRY,NO DEFECTS,Y,UNABLE TO DETERMINE,UNABLE TO DETERMINE,,NONINCAPACITATING INJURY,17,11,42.0087647064,-87.6838929298,2019,30,POINT (-87.6838929298 42.0087647064),,,,,2019-11-05,False,0,Rogers Park
3644,30,NO CONTROLS,NO CONTROLS,CLEAR,"DARKNESS, LIGHTED ROAD",PEDALCYCLIST,NOT DIVIDED,STRAIGHT AND LEVEL,DRY,NO DEFECTS,,UNABLE TO DETERMINE,UNABLE TO DETERMINE,,NO INDICATION OF INJURY,17,11,41.8672405401,-87.6467717986,2019,30,POINT (-87.6467717986 41.8672405401),,,,,2019-11-05,False,27,Near West Side
3645,30,TRAFFIC SIGNAL,FUNCTIONING PROPERLY,CLEAR,"DARKNESS, LIGHTED ROAD",PEDALCYCLIST,ONE-WAY,STRAIGHT AND LEVEL,DRY,NO DEFECTS,,IMPROPER LANE USAGE,UNABLE TO DETERMINE,,NONINCAPACITATING INJURY,19,11,41.8896342529,-87.6297442999,2019,30,POINT (-87.6297442999 41.8896342529),,,,,2019-11-05,False,7,Near North Side
3646,30,TRAFFIC SIGNAL,FUNCTIONING PROPERLY,CLEAR,"DARKNESS, LIGHTED ROAD",PEDALCYCLIST,FOUR WAY,STRAIGHT AND LEVEL,DRY,NO DEFECTS,,FAILING TO REDUCE SPEED TO AVOID CRASH,UNABLE TO DETERMINE,,NO INDICATION OF INJURY,21,11,41.7864371748,-87.6839752465,2019,30,POINT (-87.6839752465 41.7864371748),,,,,2019-11-05,False,62,Gage Park
3647,30,TRAFFIC SIGNAL,FUNCTIONING PROPERLY,CLEAR,DAYLIGHT,PEDALCYCLIST,T-INTERSECTION,STRAIGHT AND LEVEL,DRY,NO DEFECTS,Y,UNABLE TO DETERMINE,NOT APPLICABLE,,FATAL,6,11,41.9499895787,-87.7419475268,2019,30,POINT (-87.7419475268 41.9499895787),,,,,2019-11-06,True,15,Irving Park
3648,30,TRAFFIC SIGNAL,FUNCTIONING PROPERLY,CLEAR,DAYLIGHT,PEDALCYCLIST,Y-INTERSECTION,STRAIGHT AND LEVEL,DRY,NO DEFECTS,Y,UNABLE TO DETERMINE,UNABLE TO DETERMINE,,NO INDICATION OF INJURY,7,11,41.8998219477,-87.7114386571,2019,30,POINT (-87.7114386571 41.8998219477),,,,,2019-11-06,False,22,Humboldt Park
3649,30,STOP SIGN/FLASHER,FUNCTIONING PROPERLY,CLEAR,DAYLIGHT,PEDALCYCLIST,ONE-WAY,STRAIGHT AND LEVEL,DRY,NO DEFECTS,,FAILING TO YIELD RIGHT-OF-WAY,UNABLE TO DETERMINE,,NONINCAPACITATING INJURY,15,11,41.7771168648,-87.6995774303,2019,30,POINT (-87.6995774303 41.7771168648),,,,,2019-11-06,False,65,Chicago Lawn
3650,20,NO CONTROLS,NO CONTROLS,CLEAR,"DARKNESS, LIGHTED ROAD",PEDALCYCLIST,ONE-WAY,STRAIGHT AND LEVEL,DRY,NO DEFECTS,Y,UNABLE TO DETERMINE,UNABLE TO DETERMINE,,"REPORTED, NOT EVIDENT",16,11,41.9609304455,-87.7218478871,2019,20,POINT (-87.7218478871 41.9609304455),,,,,2019-11-06,False,13,Albany Park
3651,30,NO CONTROLS,NO CONTROLS,CLEAR,DAYLIGHT,PEDALCYCLIST,NOT DIVIDED,STRAIGHT AND LEVEL,DRY,NO DEFECTS,,UNABLE TO DETERMINE,UNABLE TO DETERMINE,,NO INDICATION OF INJURY,17,11,41.9821708043,-87.787775176,2019,30,POINT (-87.787775176 41.9821708043),,,,,2019-11-06,False,10,Jefferson Park
3652,30,NO CONTROLS,NO CONTROLS,CLEAR,DAYLIGHT,PEDALCYCLIST,NOT DIVIDED,STRAIGHT AND LEVEL,DRY,NO DEFECTS,,UNABLE TO DETERMINE,UNABLE TO DETERMINE,,NO INDICATION OF INJURY,17,11,41.7888762461,-87.7329835816,2019,30,POINT (-87.7329835816 41.7888762461),,,,,2019-11-06,False,61,West Elsdon
3653,30,TRAFFIC SIGNAL,FUNCTIONING PROPERLY,CLEAR,DARKNESS,PEDALCYCLIST,FOUR WAY,STRAIGHT AND LEVEL,DRY,UNKNOWN,,UNABLE TO DETERMINE,UNABLE TO DETERMINE,,NO INDICATION OF INJURY,18,11,41.8812705043,-87.6865359402,2019,30,POINT (-87.6865359402 41.8812705043),,,,,2019-11-06,False,27,Near West Side
3654,30,NO CONTROLS,NO CONTROLS,CLEAR,DAYLIGHT,PEDALCYCLIST,NOT DIVIDED,STRAIGHT AND LEVEL,DRY,NO DEFECTS,,UNABLE TO DETERMINE,UNABLE TO DETERMINE,,INCAPACITATING INJURY,7,11,41.9362517417,-87.7469320629,2019,30,POINT (-87.7469320629 41.9362517417),,,,,2019-11-07,True,18,Belmont Cragin
3655,30,TRAFFIC SIGNAL,FUNCTIONING PROPERLY,CLEAR,DAYLIGHT,PEDALCYCLIST,DIVIDED - W/MEDIAN (NOT RAISED),STRAIGHT AND LEVEL,DRY,NO DEFECTS,Y,IMPROPER LANE USAGE,FAILING TO YIELD RIGHT-OF-WAY,,"REPORTED, NOT EVIDENT",7,11,41.8997401199,-87.6610474793,2019,30,POINT (-87.6610474793 41.8997401199),,,,,2019-11-07,False,23,West Town
3656,30,NO CONTROLS,NO CONTROLS,CLEAR,DAYLIGHT,PEDALCYCLIST,DIVIDED - W/MEDIAN (NOT RAISED),STRAIGHT AND LEVEL,DRY,NO DEFECTS,,"VISION OBSCURED (SIGNS, TREE LIMBS, BUILDINGS, ETC.)",UNABLE TO DETERMINE,,NO INDICATION OF INJURY,9,11,41.8013581219,-87.6728304806,2019,30,POINT (-87.6728304806 41.8013581219),,,,,2019-11-07,False,60,New City
3657,30,NO CONTROLS,NO CONTROLS,CLEAR,DAYLIGHT,PEDALCYCLIST,NOT DIVIDED,STRAIGHT AND LEVEL,DRY,NO DEFECTS,Y,FAILING TO YIELD RIGHT-OF-WAY,NOT APPLICABLE,,INCAPACITATING INJURY,10,11,41.7346293448,-87.6146271032,2019,30,POINT (-87.6146271032 41.7346293448),,,,,2019-11-07,True,43,Chatham
3658,30,TRAFFIC SIGNAL,FUNCTIONING PROPERLY,CLEAR,"DARKNESS, LIGHTED ROAD",PEDALCYCLIST,FOUR WAY,STRAIGHT AND LEVEL,DRY,NO DEFECTS,Y,FAILING TO YIELD RIGHT-OF-WAY,NOT APPLICABLE,,NONINCAPACITATING INJURY,18,11,41.8892748439,-87.634083718,2019,30,POINT (-87.634083718 41.8892748439),,,,,2019-11-07,False,7,Near North Side
3659,25,TRAFFIC SIGNAL,FUNCTIONING PROPERLY,CLEAR,DARKNESS,PEDALCYCLIST,DIVIDED - W/MEDIAN (NOT RAISED),STRAIGHT AND LEVEL,UNKNOWN,UNKNOWN,,FAILING TO YIELD RIGHT-OF-WAY,NOT APPLICABLE,Y,NONINCAPACITATING INJURY,20,11,41.9173273299,-87.7220444103,2019,25,POINT (-87.7220444103 41.9173273299),,,,,2019-11-07,False,21,Logan Square
3660,30,TRAFFIC SIGNAL,FUNCTIONING PROPERLY,CLEAR,DAYLIGHT,PEDALCYCLIST,NOT DIVIDED,STRAIGHT AND LEVEL,DRY,NO DEFECTS,,IMPROPER OVERTAKING/PASSING,NOT APPLICABLE,,NO INDICATION OF INJURY,9,11,41.9098830018,-87.6481014375,2019,30,POINT (-87.6481014375 41.9098830018),,,,,2019-11-08,False,7,Near North Side
3661,25,TRAFFIC SIGNAL,FUNCTIONING PROPERLY,CLEAR,DAYLIGHT,PEDALCYCLIST,NOT DIVIDED,STRAIGHT AND LEVEL,DRY,NO DEFECTS,,UNABLE TO DETERMINE,UNABLE TO DETERMINE,,NONINCAPACITATING INJURY,14,11,41.9373677762,-87.6396036541,2019,25,POINT (-87.6396036541 41.9373677762),,,,,2019-11-08,False,5,Lake View
3662,30,TRAFFIC SIGNAL,FUNCTIONING PROPERLY,CLEAR,DAYLIGHT,PEDALCYCLIST,NOT DIVIDED,STRAIGHT AND LEVEL,DRY,NO DEFECTS,,FAILING TO YIELD RIGHT-OF-WAY,NOT APPLICABLE,,NONINCAPACITATING INJURY,15,11,41.9541054457,-87.6933817014,2019,30,POINT (-87.6933817014 41.9541054457),,,,,2019-11-08,False,4,North Center
3663,30,NO CONTROLS,NO CONTROLS,CLEAR,DARKNESS,PEDALCYCLIST,NOT DIVIDED,STRAIGHT AND LEVEL,DRY,NO DEFECTS,,IMPROPER OVERTAKING/PASSING,NOT APPLICABLE,N,"REPORTED, NOT EVIDENT",17,11,41.8857971982,-87.6456773,2019,30,POINT (-87.6456773 41.8857971982),,,,,2019-11-08,False,27,Near West Side
3664,35,NO CONTROLS,NO CONTROLS,CLEAR,"DARKNESS, LIGHTED ROAD",PEDALCYCLIST,DIVIDED - W/MEDIAN (NOT RAISED),STRAIGHT AND LEVEL,WET,NO DEFECTS,,FAILING TO REDUCE SPEED TO AVOID CRASH,NOT APPLICABLE,,NONINCAPACITATING INJURY,18,11,41.8914181012,-87.6279147561,2019,35,POINT (-87.6279147561 41.8914181012),,,,,2019-11-08,False,7,Near North Side
3665,30,NO CONTROLS,NO CONTROLS,CLEAR,DARKNESS,PEDALCYCLIST,DIVIDED - W/MEDIAN (NOT RAISED),STRAIGHT AND LEVEL,DRY,NO DEFECTS,,UNABLE TO DETERMINE,NOT APPLICABLE,,NO INDICATION OF INJURY,19,11,41.9085601354,-87.6464526857,2019,30,POINT (-87.6464526857 41.9085601354),,,,,2019-11-08,False,7,Near North Side
3666,30,NO CONTROLS,NO CONTROLS,CLEAR,"DARKNESS, LIGHTED ROAD",PEDALCYCLIST,DIVIDED - W/MEDIAN (NOT RAISED),STRAIGHT AND LEVEL,UNKNOWN,UNKNOWN,,NOT APPLICABLE,NOT APPLICABLE,,NO INDICATION OF INJURY,23,11,41.9758382551,-87.6682331472,2019,30,POINT (-87.6682331472 41.9758382551),,,,,2019-11-08,False,2,Uptown
3667,30,TRAFFIC SIGNAL,FUNCTIONING PROPERLY,CLEAR,DAYLIGHT,PEDALCYCLIST,NOT DIVIDED,STRAIGHT AND LEVEL,DRY,NO DEFECTS,Y,NOT APPLICABLE,NOT APPLICABLE,,NONINCAPACITATING INJURY,12,11,41.9463464052,-87.6544479417,2019,30,POINT (-87.6544479417 41.9463464052),,,,,2019-11-09,False,5,Lake View
3668,25,NO CONTROLS,NO CONTROLS,CLEAR,DARKNESS,PEDALCYCLIST,NOT DIVIDED,STRAIGHT AND LEVEL,DRY,NO DEFECTS,,FAILING TO YIELD RIGHT-OF-WAY,NOT APPLICABLE,,NONINCAPACITATING INJURY,19,11,41.9979264196,-87.6847848582,2019,25,POINT (-87.6847848582 41.9979264196),,,,,2019-11-09,False,1,West Ridge
3669,30,NO CONTROLS,NO CONTROLS,CLEAR,DAYLIGHT,PEDALCYCLIST,NOT DIVIDED,STRAIGHT AND LEVEL,DRY,NO DEFECTS,,UNABLE TO DETERMINE,UNABLE TO DETERMINE,,NO INDICATION OF INJURY,15,11,41.9182520496,-87.6510015685,2019,30,POINT (-87.6510015685 41.9182520496),,,,,2019-11-10,False,6,Lincoln Park
3670,30,STOP SIGN/FLASHER,FUNCTIONING PROPERLY,SNOW,DAYLIGHT,PEDALCYCLIST,FOUR WAY,STRAIGHT AND LEVEL,SNOW OR SLUSH,NO DEFECTS,Y,WEATHER,NOT APPLICABLE,,NO INDICATION OF INJURY,12,11,41.7981918346,-87.5889963202,2019,30,POINT (-87.5889963202 41.7981918346),,,,,2019-11-11,False,40,Hyde Park
3671,30,TRAFFIC SIGNAL,FUNCTIONING PROPERLY,CLEAR,DAYLIGHT,PEDALCYCLIST,FOUR WAY,STRAIGHT AND LEVEL,DRY,NO DEFECTS,Y,FAILING TO YIELD RIGHT-OF-WAY,DRIVING SKILLS/KNOWLEDGE/EXPERIENCE,,NONINCAPACITATING INJURY,9,11,41.8770796184,-87.6261421489,2019,30,POINT (-87.6261421489 41.8770796184),,,,,2019-11-14,False,31,Loop
3672,30,NO CONTROLS,NO CONTROLS,CLEAR,"DARKNESS, LIGHTED ROAD",PEDALCYCLIST,ONE-WAY,STRAIGHT AND LEVEL,ICE,NO DEFECTS,,FOLLOWING TOO CLOSELY,FOLLOWING TOO CLOSELY,,NO INDICATION OF INJURY,17,11,41.9242487977,-87.6871976,2019,30,POINT (-87.6871976 41.9242487977),,,,,2019-11-14,False,21,Logan Square
3673,25,NO CONTROLS,NO CONTROLS,CLEAR,DAYLIGHT,PEDALCYCLIST,ONE-WAY,STRAIGHT AND LEVEL,DRY,NO DEFECTS,,IMPROPER OVERTAKING/PASSING,FOLLOWING TOO CLOSELY,,INCAPACITATING INJURY,7,11,41.8941926254,-87.6776582481,2019,25,POINT (-87.6776582481 41.8941926254),,,,,2019-11-15,True,23,West Town
3674,30,NO CONTROLS,NO CONTROLS,CLEAR,DAYLIGHT,PEDALCYCLIST,NOT DIVIDED,STRAIGHT AND LEVEL,DRY,NO DEFECTS,,UNABLE TO DETERMINE,NOT APPLICABLE,,"REPORTED, NOT EVIDENT",12,11,41.9649806467,-87.6570431979,2019,30,POINT (-87.6570431979 41.9649806467),,,,,2019-11-15,False,2,Uptown
3675,35,NO CONTROLS,UNKNOWN,CLEAR,DAYLIGHT,PEDALCYCLIST,DIVIDED - W/MEDIAN (NOT RAISED),STRAIGHT AND LEVEL,DRY,NO DEFECTS,,IMPROPER TURNING/NO SIGNAL,DRIVING SKILLS/KNOWLEDGE/EXPERIENCE,,NONINCAPACITATING INJURY,14,11,41.7212866867,-87.6238670006,2019,35,POINT (-87.6238670006 41.7212866867),,,,,2019-11-15,False,48,Roseland
3676,30,TRAFFIC SIGNAL,FUNCTIONING PROPERLY,CLEAR,"DARKNESS, LIGHTED ROAD",PEDALCYCLIST,DIVIDED - W/MEDIAN (NOT RAISED),STRAIGHT AND LEVEL,UNKNOWN,UNKNOWN,Y,FAILING TO YIELD RIGHT-OF-WAY,NOT APPLICABLE,,NONINCAPACITATING INJURY,18,11,41.8742343988,-87.647241037,2019,30,POINT (-87.647241037 41.8742343988),,,,,2019-11-15,False,27,Near West Side
3677,30,TRAFFIC SIGNAL,FUNCTIONING PROPERLY,CLEAR,DAYLIGHT,PEDALCYCLIST,DIVIDED - W/MEDIAN (NOT RAISED),STRAIGHT AND LEVEL,DRY,NO DEFECTS,,FAILING TO YIELD RIGHT-OF-WAY,FAILING TO REDUCE SPEED TO AVOID CRASH,,NONINCAPACITATING INJURY,11,11,41.9393251925,-87.7174616251,2019,30,POINT (-87.7174616251 41.9393251925),,,,,2019-11-16,False,15,Irving Park
3678,35,TRAFFIC SIGNAL,FUNCTIONING PROPERLY,CLEAR,DAYLIGHT,PEDALCYCLIST,T-INTERSECTION,STRAIGHT AND LEVEL,DRY,NO DEFECTS,Y,DISREGARDING OTHER TRAFFIC SIGNS,FAILING TO YIELD RIGHT-OF-WAY,,NO INDICATION OF INJURY,14,11,41.8661770119,-87.7159013933,2019,35,POINT (-87.7159013933 41.8661770119),,,,,2019-11-16,False,28,North Lawndale
3679,30,TRAFFIC SIGNAL,FUNCTIONING PROPERLY,CLEAR,"DARKNESS, LIGHTED ROAD",PEDALCYCLIST,OTHER,STRAIGHT AND LEVEL,DRY,NO DEFECTS,,FAILING TO REDUCE SPEED TO AVOID CRASH,NOT APPLICABLE,,FATAL,1,11,41.7730280701,-87.5859454181,2019,30,POINT (-87.5859454181 41.7730280701),,,,,2019-11-17,True,41,Woodlawn
3680,30,STOP SIGN/FLASHER,NO CONTROLS,CLEAR,"DARKNESS, LIGHTED ROAD",PEDALCYCLIST,FOUR WAY,STRAIGHT AND LEVEL,DRY,NO DEFECTS,Y,DISREGARDING STOP SIGN,NOT APPLICABLE,,NONINCAPACITATING INJURY,1,11,41.8224086407,-87.6909119239,2019,30,POINT (-87.6909119239 41.8224086407),,,,,2019-11-17,False,29,South Lawndale
3681,30,TRAFFIC SIGNAL,FUNCTIONING PROPERLY,CLEAR,DAYLIGHT,PEDALCYCLIST,FOUR WAY,STRAIGHT AND LEVEL,DRY,NO DEFECTS,Y,FAILING TO YIELD RIGHT-OF-WAY,DISREGARDING TRAFFIC SIGNALS,,NONINCAPACITATING INJURY,10,11,41.8843093789,-87.620682982,2019,30,POINT (-87.620682982 41.8843093789),,,,,2019-11-17,False,31,Loop
3682,30,NO CONTROLS,NO CONTROLS,CLEAR,DAYLIGHT,PEDALCYCLIST,NOT DIVIDED,STRAIGHT AND LEVEL,WET,NO DEFECTS,,DISTRACTION - FROM INSIDE VEHICLE,WEATHER,Y,NONINCAPACITATING INJURY,8,11,41.8652245089,-87.6467135809,2019,30,POINT (-87.6467135809 41.8652245089),,,,,2019-11-18,False,27,Near West Side
3683,30,TRAFFIC SIGNAL,FUNCTIONING PROPERLY,CLEAR,DAYLIGHT,PEDALCYCLIST,NOT DIVIDED,STRAIGHT AND LEVEL,DRY,UNKNOWN,Y,FAILING TO YIELD RIGHT-OF-WAY,UNABLE TO DETERMINE,,NONINCAPACITATING INJURY,9,11,41.8091430179,-87.6262291323,2019,30,POINT (-87.6262291323 41.8091430179),,,,,2019-11-18,False,37,Grand Boulevard
3684,35,NO CONTROLS,NO CONTROLS,CLEAR,"DARKNESS, LIGHTED ROAD",PEDALCYCLIST,OTHER,STRAIGHT AND LEVEL,DRY,NO DEFECTS,,UNABLE TO DETERMINE,UNABLE TO DETERMINE,,NONINCAPACITATING INJURY,18,11,41.792749322,-87.7181020377,2019,35,POINT (-87.7181020377 41.792749322),,,,,2019-11-18,False,61,West Elsdon
3685,30,NO CONTROLS,NO CONTROLS,CLEAR,"DARKNESS, LIGHTED ROAD",PEDALCYCLIST,DRIVEWAY,STRAIGHT AND LEVEL,DRY,SHOULDER DEFECT,,IMPROPER TURNING/NO SIGNAL,NOT APPLICABLE,,NO INDICATION OF INJURY,19,11,41.8851921809,-87.6414408911,2019,30,POINT (-87.6414408911 41.8851921809),,,,,2019-11-18,False,27,Near West Side
3686,30,TRAFFIC SIGNAL,FUNCTIONING PROPERLY,CLEAR,DAYLIGHT,PEDALCYCLIST,NOT DIVIDED,STRAIGHT AND LEVEL,DRY,NO DEFECTS,Y,NOT APPLICABLE,NOT APPLICABLE,,NONINCAPACITATING INJURY,6,11,41.8819259873,-87.7454623611,2019,30,POINT (-87.7454623611 41.8819259873),,,,,2019-11-19,False,24,Austin
3687,30,NO CONTROLS,NO CONTROLS,CLEAR,DUSK,PEDALCYCLIST,NOT DIVIDED,STRAIGHT AND LEVEL,DRY,NO DEFECTS,,UNABLE TO DETERMINE,UNABLE TO DETERMINE,,"REPORTED, NOT EVIDENT",16,11,41.8959618414,-87.6547606933,2019,30,POINT (-87.6547606933 41.8959618414),,,,,2019-11-19,False,7,Near North Side
3688,30,STOP SIGN/FLASHER,NO CONTROLS,CLEAR,DUSK,PEDALCYCLIST,NOT DIVIDED,STRAIGHT AND LEVEL,DRY,UNKNOWN,,UNABLE TO DETERMINE,UNABLE TO DETERMINE,,NO INDICATION OF INJURY,18,11,41.8890167691,-87.6547155371,2019,30,POINT (-87.6547155371 41.8890167691),,,,,2019-11-19,False,7,Near North Side
3689,30,TRAFFIC SIGNAL,FUNCTIONING PROPERLY,CLEAR,"DARKNESS, LIGHTED ROAD",PEDALCYCLIST,ONE-WAY,STRAIGHT AND LEVEL,DRY,UNKNOWN,Y,FAILING TO YIELD RIGHT-OF-WAY,UNABLE TO DETERMINE,,NO INDICATION OF INJURY,18,11,41.8779147522,-87.6473882814,2019,30,POINT (-87.6473882814 41.8779147522),,,,,2019-11-19,False,27,Near West Side
3690,30,NO CONTROLS,NO CONTROLS,UNKNOWN,DAYLIGHT,PEDALCYCLIST,ONE-WAY,STRAIGHT AND LEVEL,DRY,UNKNOWN,,UNABLE TO DETERMINE,UNABLE TO DETERMINE,,NO INDICATION OF INJURY,8,11,41.8940423583,-87.6233851555,2019,30,POINT (-87.6233851555 41.8940423583),,,,,2019-11-20,False,7,Near North Side
3691,30,TRAFFIC SIGNAL,FUNCTIONING PROPERLY,CLEAR,DAYLIGHT,PEDALCYCLIST,NOT DIVIDED,STRAIGHT AND LEVEL,DRY,NO DEFECTS,Y,FAILING TO YIELD RIGHT-OF-WAY,NOT APPLICABLE,,NO INDICATION OF INJURY,13,11,41.8892712581,-87.6344215334,2019,30,POINT (-87.6344215334 41.8892712581),,,,,2019-11-20,False,7,Near North Side
3692,30,NO CONTROLS,NO CONTROLS,CLEAR,DAYLIGHT,PEDALCYCLIST,NOT DIVIDED,STRAIGHT AND LEVEL,DRY,NO DEFECTS,,"VISION OBSCURED (SIGNS, TREE LIMBS, BUILDINGS, ETC.)",UNABLE TO DETERMINE,,INCAPACITATING INJURY,15,11,41.8910698089,-87.6478467399,2019,30,POINT (-87.6478467399 41.8910698089),,,,,2019-11-20,True,7,Near North Side
3693,30,YIELD,FUNCTIONING PROPERLY,CLEAR,DARKNESS,PEDALCYCLIST,OTHER,STRAIGHT AND LEVEL,DRY,NO DEFECTS,,FAILING TO YIELD RIGHT-OF-WAY,NOT APPLICABLE,,NONINCAPACITATING INJURY,15,11,41.9488655712,-87.6430342452,2019,30,POINT (-87.6430342452 41.9488655712),,,,,2019-11-20,False,5,Lake View
3694,30,TRAFFIC SIGNAL,FUNCTIONING PROPERLY,CLEAR,DARKNESS,PEDALCYCLIST,NOT DIVIDED,STRAIGHT AND LEVEL,DRY,NO DEFECTS,,FAILING TO REDUCE SPEED TO AVOID CRASH,NOT APPLICABLE,,NONINCAPACITATING INJURY,19,11,42.0073774508,-87.7091256198,2019,30,POINT (-87.7091256198 42.0073774508),,,,,2019-11-20,False,1,West Ridge
3695,35,NO CONTROLS,NO CONTROLS,CLEAR,"DARKNESS, LIGHTED ROAD",PEDALCYCLIST,ROUNDABOUT,STRAIGHT AND LEVEL,DRY,NO DEFECTS,Y,FAILING TO YIELD RIGHT-OF-WAY,NOT APPLICABLE,,NONINCAPACITATING INJURY,21,11,41.9286770412,-87.7078445469,2019,35,POINT (-87.7078445469 41.9286770412),,,,,2019-11-20,False,21,Logan Square
3696,30,NO CONTROLS,NO CONTROLS,RAIN,DAYLIGHT,PEDALCYCLIST,NOT DIVIDED,STRAIGHT AND LEVEL,WET,NO DEFECTS,,UNABLE TO DETERMINE,NOT APPLICABLE,,NO INDICATION OF INJURY,11,11,41.8716989836,-87.6510300968,2019,30,POINT (-87.6510300968 41.8716989836),,,,,2019-11-21,False,27,Near West Side
3697,20,NO CONTROLS,NO CONTROLS,CLEAR,"DARKNESS, LIGHTED ROAD",PEDALCYCLIST,DIVIDED - W/MEDIAN (NOT RAISED),STRAIGHT AND LEVEL,DRY,NO DEFECTS,,FAILING TO YIELD RIGHT-OF-WAY,DRIVING SKILLS/KNOWLEDGE/EXPERIENCE,,NONINCAPACITATING INJURY,17,11,41.7379737803,-87.6435254108,2019,20,POINT (-87.6435254108 41.7379737803),,,,,2019-11-21,False,70,Auburn Gresham