Unnamed: 0,POSTED_SPEED_LIMIT,TRAFFIC_CONTROL_DEVICE,DEVICE_CONDITION,WEATHER_CONDITION,LIGHTING_CONDITION,FIRST_CRASH_TYPE,TRAFFICWAY_TYPE,ALIGNMENT,ROADWAY_SURFACE_COND,ROAD_DEFECT,INTERSECTION_RELATED_I,PRIM_CONTRIBUTORY_CAUSE,SEC_CONTRIBUTORY_CAUSE,DOORING_I,MOST_SEVERE_INJURY,CRASH_HOUR,CRASH_MONTH,LATITUDE,LONGITUDE,CRASH_YEAR,SPEED_LIMIT,geometry,DISPLAYROU,the_geom,DIST,LANE_TYPE,CRASH_DATE,is_severe,index_right,CArea
3698,30,TRAFFIC SIGNAL,FUNCTIONING PROPERLY,CLEAR,DAWN,PEDALCYCLIST,NOT DIVIDED,STRAIGHT AND LEVEL,DRY,NO DEFECTS,Y,UNABLE TO DETERMINE,UNABLE TO DETERMINE,,"REPORTED, NOT EVIDENT",18,11,41.8801938977,-87.62912622,2019,30,POINT (-87.62912622 41.8801938977),,,,,2019-11-21,False,31,Loop
3699,30,TRAFFIC SIGNAL,FUNCTIONING PROPERLY,CLEAR,"DARKNESS, LIGHTED ROAD",PEDALCYCLIST,DIVIDED - W/MEDIAN BARRIER,STRAIGHT AND LEVEL,DRY,NO DEFECTS,,FOLLOWING TOO CLOSELY,UNABLE TO DETERMINE,,NO INDICATION OF INJURY,21,11,41.8313901492,-87.6174615602,2019,30,POINT (-87.6174615602 41.8313901492),,,,,2019-11-21,False,34,Douglas
3700,30,TRAFFIC SIGNAL,FUNCTIONING PROPERLY,CLEAR,DAYLIGHT,PEDALCYCLIST,NOT DIVIDED,STRAIGHT AND LEVEL,DRY,NO DEFECTS,,UNABLE TO DETERMINE,NOT APPLICABLE,,"REPORTED, NOT EVIDENT",14,11,41.8965092929,-87.6477558272,2019,30,POINT (-87.6477558272 41.8965092929),,,,,2019-11-22,False,7,Near North Side
3701,30,NO CONTROLS,NO CONTROLS,CLEAR,DAYLIGHT,PEDALCYCLIST,PARKING LOT,STRAIGHT AND LEVEL,DRY,NO DEFECTS,,UNABLE TO DETERMINE,UNABLE TO DETERMINE,,NONINCAPACITATING INJURY,15,11,41.9047560176,-87.6316204672,2019,30,POINT (-87.6316204672 41.9047560176),,,,,2019-11-22,False,7,Near North Side
3702,30,TRAFFIC SIGNAL,FUNCTIONING PROPERLY,CLEAR,DARKNESS,PEDALCYCLIST,DIVIDED - W/MEDIAN (NOT RAISED),STRAIGHT AND LEVEL,DRY,NO DEFECTS,Y,UNABLE TO DETERMINE,UNABLE TO DETERMINE,,NO INDICATION OF INJURY,21,11,42.001669505,-87.6586929354,2019,30,POINT (-87.6586929354 42.001669505),,,,,2019-11-22,False,0,Rogers Park
3703,30,TRAFFIC SIGNAL,FUNCTIONING PROPERLY,CLEAR,"DARKNESS, LIGHTED ROAD",PEDALCYCLIST,FOUR WAY,STRAIGHT AND LEVEL,DRY,NO DEFECTS,Y,IMPROPER TURNING/NO SIGNAL,FAILING TO REDUCE SPEED TO AVOID CRASH,,NONINCAPACITATING INJURY,23,11,41.9124146118,-87.677632778,2019,30,POINT (-87.677632778 41.9124146118),,,,,2019-11-22,False,6,Lincoln Park
3704,30,TRAFFIC SIGNAL,FUNCTIONING PROPERLY,CLOUDY/OVERCAST,DAYLIGHT,PEDALCYCLIST,DIVIDED - W/MEDIAN (NOT RAISED),STRAIGHT AND LEVEL,DRY,NO DEFECTS,Y,DISREGARDING TRAFFIC SIGNALS,NOT APPLICABLE,,NONINCAPACITATING INJURY,10,11,41.9057938403,-87.7262511371,2019,30,POINT (-87.7262511371 41.9057938403),,,,,2019-11-23,False,22,Humboldt Park
3705,30,TRAFFIC SIGNAL,FUNCTIONING PROPERLY,CLOUDY/OVERCAST,DAYLIGHT,PEDALCYCLIST,DIVIDED - W/MEDIAN (NOT RAISED),STRAIGHT AND LEVEL,DRY,NO DEFECTS,Y,FAILING TO YIELD RIGHT-OF-WAY,UNABLE TO DETERMINE,,NONINCAPACITATING INJURY,10,11,41.896218801,-87.6556038946,2019,30,POINT (-87.6556038946 41.896218801),,,,,2019-11-23,False,7,Near North Side
3706,25,NO CONTROLS,NO CONTROLS,CLEAR,DAYLIGHT,PEDALCYCLIST,NOT DIVIDED,STRAIGHT AND LEVEL,DRY,NO DEFECTS,Y,UNABLE TO DETERMINE,NOT APPLICABLE,,NONINCAPACITATING INJURY,12,11,41.9725717877,-87.6680668154,2019,25,POINT (-87.6680668154 41.9725717877),,,,,2019-11-23,False,2,Uptown
3707,35,STOP SIGN/FLASHER,FUNCTIONING PROPERLY,CLEAR,"DARKNESS, LIGHTED ROAD",PEDALCYCLIST,DIVIDED - W/MEDIAN (NOT RAISED),STRAIGHT AND LEVEL,DRY,NO DEFECTS,Y,FAILING TO YIELD RIGHT-OF-WAY,NOT APPLICABLE,,NONINCAPACITATING INJURY,22,11,41.9251444811,-87.6609437922,2019,35,POINT (-87.6609437922 41.9251444811),,,,,2019-11-23,False,6,Lincoln Park
3708,35,STOP SIGN/FLASHER,FUNCTIONING PROPERLY,CLEAR,DAYLIGHT,PEDALCYCLIST,FOUR WAY,STRAIGHT AND LEVEL,DRY,OTHER,Y,FAILING TO YIELD RIGHT-OF-WAY,DRIVING SKILLS/KNOWLEDGE/EXPERIENCE,,NONINCAPACITATING INJURY,6,11,41.7934709701,-87.5872322893,2019,35,POINT (-87.5872322893 41.7934709701),,,,,2019-11-24,False,40,Hyde Park
3709,30,NO CONTROLS,NO CONTROLS,CLEAR,DAYLIGHT,PEDALCYCLIST,NOT DIVIDED,STRAIGHT AND LEVEL,DRY,NO DEFECTS,Y,FAILING TO YIELD RIGHT-OF-WAY,UNABLE TO DETERMINE,,NONINCAPACITATING INJURY,16,11,41.8378310915,-87.6585865008,2019,30,POINT (-87.6585865008 41.8378310915),,,,,2019-11-24,False,30,Lower West Side
3710,35,TRAFFIC SIGNAL,FUNCTIONING PROPERLY,CLEAR,"DARKNESS, LIGHTED ROAD",PEDALCYCLIST,NOT DIVIDED,STRAIGHT AND LEVEL,DRY,NO DEFECTS,,UNABLE TO DETERMINE,UNABLE TO DETERMINE,,NO INDICATION OF INJURY,6,11,41.7591585122,-87.6832325229,2019,35,POINT (-87.6832325229 41.7591585122),,,,,2019-11-25,False,65,Chicago Lawn
3711,30,TRAFFIC SIGNAL,FUNCTIONING PROPERLY,CLEAR,DUSK,PEDALCYCLIST,DIVIDED - W/MEDIAN (NOT RAISED),STRAIGHT AND LEVEL,DRY,NO DEFECTS,,UNABLE TO DETERMINE,NOT APPLICABLE,,"REPORTED, NOT EVIDENT",16,11,41.9685010573,-87.6894355261,2019,30,POINT (-87.6894355261 41.9685010573),,,,,2019-11-25,False,3,Lincoln Square
3712,30,TRAFFIC SIGNAL,FUNCTIONING PROPERLY,CLEAR,"DARKNESS, LIGHTED ROAD",PEDALCYCLIST,NOT DIVIDED,STRAIGHT AND LEVEL,DRY,UNKNOWN,Y,NOT APPLICABLE,NOT APPLICABLE,,NO INDICATION OF INJURY,17,11,41.9524408853,-87.7277260175,2019,30,POINT (-87.7277260175 41.9524408853),,,,,2019-11-25,False,15,Irving Park
3713,30,NO CONTROLS,NO CONTROLS,CLEAR,"DARKNESS, LIGHTED ROAD",PEDALCYCLIST,NOT DIVIDED,STRAIGHT AND LEVEL,DRY,NO DEFECTS,,DRIVING SKILLS/KNOWLEDGE/EXPERIENCE,NOT APPLICABLE,Y,NO INDICATION OF INJURY,17,11,41.9606187973,-87.6657139205,2019,30,POINT (-87.6657139205 41.9606187973),,,,,2019-11-25,False,2,Uptown
3714,30,NO CONTROLS,NO CONTROLS,CLEAR,DARKNESS,PEDALCYCLIST,NOT DIVIDED,STRAIGHT AND LEVEL,DRY,NO DEFECTS,,UNABLE TO DETERMINE,UNABLE TO DETERMINE,,NO INDICATION OF INJURY,19,11,41.7830176115,-87.6644540123,2019,30,POINT (-87.6644540123 41.7830176115),,,,,2019-11-25,False,66,Englewood
3715,30,TRAFFIC SIGNAL,FUNCTIONING PROPERLY,CLEAR,DAYLIGHT,PEDALCYCLIST,FOUR WAY,STRAIGHT AND LEVEL,DRY,NO DEFECTS,,DRIVING ON WRONG SIDE/WRONG WAY,NOT APPLICABLE,,NO INDICATION OF INJURY,11,11,41.9025545859,-87.7362946057,2019,30,POINT (-87.7362946057 41.9025545859),,,,,2019-11-26,False,22,Humboldt Park
3717,30,UNKNOWN,UNKNOWN,UNKNOWN,UNKNOWN,PEDALCYCLIST,NOT DIVIDED,STRAIGHT AND LEVEL,WET,NO DEFECTS,,UNABLE TO DETERMINE,NOT APPLICABLE,,NO INDICATION OF INJURY,15,11,41.9553742911,-87.6512264846,2019,30,POINT (-87.6512264846 41.9553742911),,,,,2019-11-26,False,2,Uptown
3718,30,STOP SIGN/FLASHER,FUNCTIONING PROPERLY,RAIN,DARKNESS,PEDALCYCLIST,ONE-WAY,STRAIGHT AND LEVEL,WET,UNKNOWN,Y,IMPROPER OVERTAKING/PASSING,IMPROPER OVERTAKING/PASSING,,"REPORTED, NOT EVIDENT",17,11,41.9409578257,-87.6491851371,2019,30,POINT (-87.6491851371 41.9409578257),,,,,2019-11-26,False,5,Lake View
3719,30,NO CONTROLS,NO CONTROLS,RAIN,"DARKNESS, LIGHTED ROAD",PEDALCYCLIST,NOT DIVIDED,STRAIGHT AND LEVEL,WET,NO DEFECTS,,UNABLE TO DETERMINE,NOT APPLICABLE,Y,"REPORTED, NOT EVIDENT",19,11,41.8064675129,-87.6647660312,2019,30,POINT (-87.6647660312 41.8064675129),,,,,2019-11-26,False,60,New City
3720,30,TRAFFIC SIGNAL,FUNCTIONING PROPERLY,CLEAR,"DARKNESS, LIGHTED ROAD",PEDALCYCLIST,DIVIDED - W/MEDIAN (NOT RAISED),STRAIGHT AND LEVEL,DRY,NO DEFECTS,,NOT APPLICABLE,NOT APPLICABLE,,NONINCAPACITATING INJURY,17,11,41.9103632333,-87.677702539,2019,30,POINT (-87.677702539 41.9103632333),,,,,2019-11-27,False,23,West Town
3721,25,NO CONTROLS,NO CONTROLS,CLEAR,DAYLIGHT,PEDALCYCLIST,NOT DIVIDED,STRAIGHT AND LEVEL,DRY,NO DEFECTS,,DRIVING SKILLS/KNOWLEDGE/EXPERIENCE,UNABLE TO DETERMINE,Y,"REPORTED, NOT EVIDENT",14,11,41.946099652,-87.6638432974,2019,25,POINT (-87.6638432974 41.946099652),,,,,2019-11-29,False,5,Lake View
3722,30,UNKNOWN,UNKNOWN,CLEAR,"DARKNESS, LIGHTED ROAD",PEDALCYCLIST,NOT DIVIDED,STRAIGHT AND LEVEL,UNKNOWN,UNKNOWN,,NOT APPLICABLE,NOT APPLICABLE,Y,NONINCAPACITATING INJURY,20,11,41.8884931105,-87.7552161964,2019,30,POINT (-87.7552161964 41.8884931105),,,,,2019-11-29,False,24,Austin
3723,30,TRAFFIC SIGNAL,FUNCTIONING PROPERLY,RAIN,"DARKNESS, LIGHTED ROAD",PEDALCYCLIST,DIVIDED - W/MEDIAN BARRIER,STRAIGHT AND LEVEL,WET,NO DEFECTS,Y,UNABLE TO DETERMINE,NOT APPLICABLE,,NONINCAPACITATING INJURY,21,11,41.9134124658,-87.6318735574,2019,30,POINT (-87.6318735574 41.9134124658),,,,,2019-11-30,False,6,Lincoln Park
3724,30,TRAFFIC SIGNAL,FUNCTIONING PROPERLY,RAIN,"DARKNESS, LIGHTED ROAD",PEDALCYCLIST,FOUR WAY,STRAIGHT AND LEVEL,WET,NO DEFECTS,Y,UNABLE TO DETERMINE,UNABLE TO DETERMINE,,NONINCAPACITATING INJURY,20,12,41.8767606549,-87.7452916664,2019,30,POINT (-87.7452916664 41.8767606549),,,,,2019-12-01,False,24,Austin
3725,30,NO CONTROLS,NO CONTROLS,CLEAR,DAYLIGHT,PEDALCYCLIST,NOT DIVIDED,STRAIGHT AND LEVEL,DRY,NO DEFECTS,,IMPROPER LANE USAGE,UNABLE TO DETERMINE,,NONINCAPACITATING INJURY,8,12,41.8816795714,-87.6518838798,2019,30,POINT (-87.6518838798 41.8816795714),,,,,2019-12-02,False,27,Near West Side
3726,30,TRAFFIC SIGNAL,FUNCTIONING PROPERLY,CLEAR,DARKNESS,PEDALCYCLIST,FOUR WAY,STRAIGHT AND LEVEL,DRY,NO DEFECTS,,UNABLE TO DETERMINE,UNABLE TO DETERMINE,,NONINCAPACITATING INJURY,16,12,41.8164207116,-87.6247989604,2019,30,POINT (-87.6247989604 41.8164207116),,,,,2019-12-02,False,37,Grand Boulevard
3727,30,TRAFFIC SIGNAL,FUNCTIONING PROPERLY,CLEAR,"DARKNESS, LIGHTED ROAD",PEDALCYCLIST,FOUR WAY,STRAIGHT AND LEVEL,DRY,NO DEFECTS,Y,DISREGARDING TRAFFIC SIGNALS,UNABLE TO DETERMINE,,NONINCAPACITATING INJURY,21,12,41.9111954195,-87.6348588835,2019,30,POINT (-87.6348588835 41.9111954195),,,,,2019-12-02,False,6,Lincoln Park
3728,30,OTHER,FUNCTIONING PROPERLY,CLEAR,DAYLIGHT,PEDALCYCLIST,DIVIDED - W/MEDIAN (NOT RAISED),STRAIGHT AND LEVEL,DRY,NO DEFECTS,,IMPROPER LANE USAGE,NOT APPLICABLE,,"REPORTED, NOT EVIDENT",8,12,41.8498400667,-87.6271631439,2019,30,POINT (-87.6271631439 41.8498400667),,,,,2019-12-03,False,32,Near South Side
3729,25,NO CONTROLS,NO CONTROLS,CLEAR,DAYLIGHT,PEDALCYCLIST,NOT DIVIDED,STRAIGHT AND LEVEL,DRY,NO DEFECTS,,UNABLE TO DETERMINE,UNABLE TO DETERMINE,,NO INDICATION OF INJURY,9,12,41.8918884851,-87.6477646275,2019,25,POINT (-87.6477646275 41.8918884851),,,,,2019-12-03,False,7,Near North Side
3730,30,NO CONTROLS,NO CONTROLS,CLEAR,DAYLIGHT,PEDALCYCLIST,NOT DIVIDED,STRAIGHT AND LEVEL,UNKNOWN,UNKNOWN,,DRIVING SKILLS/KNOWLEDGE/EXPERIENCE,DRIVING SKILLS/KNOWLEDGE/EXPERIENCE,Y,NONINCAPACITATING INJURY,10,12,41.9374330971,-87.6484648261,2019,30,POINT (-87.6484648261 41.9374330971),,,,,2019-12-03,False,5,Lake View
3731,30,NO CONTROLS,NO CONTROLS,CLEAR,"DARKNESS, LIGHTED ROAD",PEDALCYCLIST,NOT DIVIDED,STRAIGHT AND LEVEL,DRY,NO DEFECTS,,FAILING TO YIELD RIGHT-OF-WAY,NOT APPLICABLE,,NO INDICATION OF INJURY,18,12,41.9319550284,-87.677552088,2019,30,POINT (-87.677552088 41.9319550284),,,,,2019-12-03,False,6,Lincoln Park
3732,30,STOP SIGN/FLASHER,FUNCTIONING PROPERLY,CLEAR,"DARKNESS, LIGHTED ROAD",PEDALCYCLIST,DIVIDED - W/MEDIAN (NOT RAISED),STRAIGHT AND LEVEL,DRY,NO DEFECTS,Y,FAILING TO YIELD RIGHT-OF-WAY,NOT APPLICABLE,,NONINCAPACITATING INJURY,16,12,41.8840930543,-87.7036399346,2019,30,POINT (-87.7036399346 41.8840930543),,,,,2019-12-04,False,26,Garfield Park
3733,30,BICYCLE CROSSING SIGN,FUNCTIONING PROPERLY,CLEAR,DAYLIGHT,PEDALCYCLIST,FOUR WAY,STRAIGHT AND LEVEL,DRY,NO DEFECTS,Y,FAILING TO YIELD RIGHT-OF-WAY,DISREGARDING ROAD MARKINGS,,NO INDICATION OF INJURY,16,12,41.8947624357,-87.6528975298,2019,30,POINT (-87.6528975298 41.8947624357),,,,,2019-12-04,False,7,Near North Side
3734,35,STOP SIGN/FLASHER,FUNCTIONING PROPERLY,CLEAR,DAYLIGHT,PEDALCYCLIST,FOUR WAY,STRAIGHT AND LEVEL,DRY,NO DEFECTS,Y,DRIVING ON WRONG SIDE/WRONG WAY,NOT APPLICABLE,,INCAPACITATING INJURY,12,12,41.9488621054,-87.8033822795,2019,35,POINT (-87.8033822795 41.9488621054),,,,,2019-12-05,True,16,Dunning
3735,35,NO CONTROLS,NO CONTROLS,CLEAR,"DARKNESS, LIGHTED ROAD",PEDALCYCLIST,DIVIDED - W/MEDIAN (NOT RAISED),STRAIGHT AND LEVEL,DRY,NO DEFECTS,,UNABLE TO DETERMINE,NOT APPLICABLE,Y,NO INDICATION OF INJURY,20,12,41.9143342774,-87.6346614729,2019,35,POINT (-87.6346614729 41.9143342774),,,,,2019-12-05,False,6,Lincoln Park
3736,30,TRAFFIC SIGNAL,FUNCTIONING PROPERLY,CLEAR,"DARKNESS, LIGHTED ROAD",PEDALCYCLIST,NOT DIVIDED,STRAIGHT AND LEVEL,DRY,UNKNOWN,Y,"VISION OBSCURED (SIGNS, TREE LIMBS, BUILDINGS, ETC.)","VISION OBSCURED (SIGNS, TREE LIMBS, BUILDINGS, ETC.)",,NONINCAPACITATING INJURY,21,12,41.9004328752,-87.6342781957,2019,30,POINT (-87.6342781957 41.9004328752),,,,,2019-12-05,False,7,Near North Side
3737,30,TRAFFIC SIGNAL,FUNCTIONING PROPERLY,CLEAR,"DARKNESS, LIGHTED ROAD",PEDALCYCLIST,DIVIDED - W/MEDIAN (NOT RAISED),STRAIGHT AND LEVEL,DRY,NO DEFECTS,,UNABLE TO DETERMINE,NOT APPLICABLE,,NO INDICATION OF INJURY,22,12,41.8872759603,-87.7548347029,2019,30,POINT (-87.7548347029 41.8872759603),,,,,2019-12-05,False,24,Austin
3738,30,TRAFFIC SIGNAL,FUNCTIONING PROPERLY,CLEAR,DAYLIGHT,PEDALCYCLIST,ONE-WAY,STRAIGHT AND LEVEL,DRY,NO DEFECTS,N,UNABLE TO DETERMINE,UNABLE TO DETERMINE,N,NO INDICATION OF INJURY,15,12,41.8918143653,-87.6256852646,2019,30,POINT (-87.6256852646 41.8918143653),,,,,2019-12-07,False,7,Near North Side
3739,30,TRAFFIC SIGNAL,FUNCTIONING PROPERLY,CLEAR,"DARKNESS, LIGHTED ROAD",PEDALCYCLIST,NOT DIVIDED,STRAIGHT AND LEVEL,DRY,NO DEFECTS,Y,UNABLE TO DETERMINE,NOT APPLICABLE,,NONINCAPACITATING INJURY,17,12,41.8467953739,-87.6470815993,2019,30,POINT (-87.6470815993 41.8467953739),,,,,2019-12-07,False,30,Lower West Side
3740,30,TRAFFIC SIGNAL,FUNCTIONING PROPERLY,CLEAR,"DARKNESS, LIGHTED ROAD",PEDALCYCLIST,NOT DIVIDED,STRAIGHT AND LEVEL,DRY,UNKNOWN,Y,UNABLE TO DETERMINE,UNABLE TO DETERMINE,Y,NONINCAPACITATING INJURY,18,12,41.8901022104,-87.628157227,2019,30,POINT (-87.628157227 41.8901022104),,,,,2019-12-07,False,7,Near North Side
3741,30,NO CONTROLS,NO CONTROLS,CLEAR,"DARKNESS, LIGHTED ROAD",PEDALCYCLIST,FOUR WAY,STRAIGHT AND LEVEL,DRY,UNKNOWN,Y,UNABLE TO DETERMINE,NOT APPLICABLE,,NO INDICATION OF INJURY,22,12,41.8703663777,-87.7447504925,2019,30,POINT (-87.7447504925 41.8703663777),,,,,2019-12-08,False,24,Austin
3742,30,STOP SIGN/FLASHER,FUNCTIONING PROPERLY,CLEAR,"DARKNESS, LIGHTED ROAD",PEDALCYCLIST,DIVIDED - W/MEDIAN (NOT RAISED),STRAIGHT AND LEVEL,DRY,UNKNOWN,,UNABLE TO DETERMINE,UNABLE TO DETERMINE,,NO INDICATION OF INJURY,16,12,41.9667647439,-87.6822039469,2019,30,POINT (-87.6822039469 41.9667647439),,,,,2019-12-09,False,3,Lincoln Square
3743,30,TRAFFIC SIGNAL,FUNCTIONING PROPERLY,CLOUDY/OVERCAST,DAYLIGHT,PEDALCYCLIST,NOT DIVIDED,STRAIGHT AND LEVEL,DRY,NO DEFECTS,Y,DRIVING SKILLS/KNOWLEDGE/EXPERIENCE,DRIVING SKILLS/KNOWLEDGE/EXPERIENCE,,"REPORTED, NOT EVIDENT",6,12,41.9319865176,-87.6968044837,2019,30,POINT (-87.6968044837 41.9319865176),,,,,2019-12-10,False,20,Avondale
3744,30,TRAFFIC SIGNAL,FUNCTIONING PROPERLY,CLEAR,DUSK,PEDALCYCLIST,NOT DIVIDED,STRAIGHT AND LEVEL,DRY,UNKNOWN,,DISREGARDING TRAFFIC SIGNALS,UNABLE TO DETERMINE,,NONINCAPACITATING INJURY,15,12,41.8601185014,-87.6274083114,2019,30,POINT (-87.6274083114 41.8601185014),,,,,2019-12-11,False,32,Near South Side
3745,30,TRAFFIC SIGNAL,FUNCTIONING PROPERLY,CLEAR,"DARKNESS, LIGHTED ROAD",PEDALCYCLIST,NOT DIVIDED,STRAIGHT AND LEVEL,DRY,NO DEFECTS,Y,FAILING TO YIELD RIGHT-OF-WAY,NOT APPLICABLE,,NONINCAPACITATING INJURY,21,12,41.9329507869,-87.6450108032,2019,30,POINT (-87.6450108032 41.9329507869),,,,,2019-12-11,False,5,Lake View
3746,30,NO CONTROLS,NO CONTROLS,CLEAR,DAYLIGHT,PEDALCYCLIST,ONE-WAY,STRAIGHT AND LEVEL,DRY,NO DEFECTS,,FAILING TO YIELD RIGHT-OF-WAY,NOT APPLICABLE,,"REPORTED, NOT EVIDENT",9,12,41.8812330637,-87.6410257096,2019,30,POINT (-87.6410257096 41.8812330637),,,,,2019-12-12,False,27,Near West Side
3747,30,NO CONTROLS,NO CONTROLS,CLEAR,DAYLIGHT,PEDALCYCLIST,NOT DIVIDED,STRAIGHT AND LEVEL,DRY,NO DEFECTS,,IMPROPER OVERTAKING/PASSING,FAILING TO YIELD RIGHT-OF-WAY,,NONINCAPACITATING INJURY,9,12,41.9471398238,-87.7030852343,2019,30,POINT (-87.7030852343 41.9471398238),,,,,2019-12-12,False,15,Irving Park
3748,30,TRAFFIC SIGNAL,FUNCTIONING PROPERLY,UNKNOWN,UNKNOWN,PEDALCYCLIST,NOT DIVIDED,STRAIGHT AND LEVEL,UNKNOWN,UNKNOWN,Y,UNABLE TO DETERMINE,NOT APPLICABLE,,NO INDICATION OF INJURY,17,12,41.8668157843,-87.6665292629,2019,30,POINT (-87.6665292629 41.8668157843),,,,,2019-12-12,False,27,Near West Side
3749,10,NO CONTROLS,NO CONTROLS,CLEAR,DAYLIGHT,PEDALCYCLIST,ALLEY,STRAIGHT AND LEVEL,UNKNOWN,UNKNOWN,,IMPROPER BACKING,IMPROPER BACKING,,NO INDICATION OF INJURY,14,12,41.9291973453,-87.6481517823,2019,10,POINT (-87.6481517823 41.9291973453),,,,,2019-12-13,False,6,Lincoln Park
3750,20,STOP SIGN/FLASHER,NO CONTROLS,CLEAR,DAWN,PEDALCYCLIST,FOUR WAY,STRAIGHT AND LEVEL,DRY,NO DEFECTS,Y,UNABLE TO DETERMINE,NOT APPLICABLE,,NONINCAPACITATING INJURY,17,12,41.7935107802,-87.5837624987,2019,20,POINT (-87.5837624987 41.7935107802),,,,,2019-12-13,False,40,Hyde Park
3751,25,UNKNOWN,NO CONTROLS,CLEAR,DUSK,PEDALCYCLIST,FOUR WAY,STRAIGHT AND LEVEL,DRY,NO DEFECTS,Y,UNABLE TO DETERMINE,NOT APPLICABLE,N,NO INDICATION OF INJURY,18,12,41.8912018975,-87.6478526276,2019,25,POINT (-87.6478526276 41.8912018975),,,,,2019-12-13,False,7,Near North Side
3752,35,NO CONTROLS,NO CONTROLS,CLEAR,DAYLIGHT,PEDALCYCLIST,NOT DIVIDED,STRAIGHT AND LEVEL,DRY,UNKNOWN,,HAD BEEN DRINKING (USE WHEN ARREST IS NOT MADE),UNABLE TO DETERMINE,N,NO INDICATION OF INJURY,12,12,41.8518149787,-87.7124492787,2019,35,POINT (-87.7124492787 41.8518149787),,,,,2019-12-14,False,28,North Lawndale
3753,45,TRAFFIC SIGNAL,FUNCTIONING PROPERLY,CLEAR,DAYLIGHT,PEDALCYCLIST,DIVIDED - W/MEDIAN BARRIER,STRAIGHT AND LEVEL,DRY,NO DEFECTS,Y,DISREGARDING TRAFFIC SIGNALS,DISREGARDING OTHER TRAFFIC SIGNS,Y,INCAPACITATING INJURY,14,12,41.7751579091,-87.5850447094,2019,45,POINT (-87.5850447094 41.7751579091),,,,,2019-12-15,True,41,Woodlawn
3754,30,STOP SIGN/FLASHER,FUNCTIONING PROPERLY,CLEAR,"DARKNESS, LIGHTED ROAD",PEDALCYCLIST,FOUR WAY,STRAIGHT AND LEVEL,DRY,NO DEFECTS,Y,DISREGARDING STOP SIGN,FAILING TO YIELD RIGHT-OF-WAY,,NONINCAPACITATING INJURY,17,12,41.898979021,-87.637410212,2019,30,POINT (-87.637410212 41.898979021),,,,,2019-12-15,False,7,Near North Side
3755,35,STOP SIGN/FLASHER,FUNCTIONING PROPERLY,CLEAR,"DARKNESS, LIGHTED ROAD",PEDALCYCLIST,NOT DIVIDED,STRAIGHT AND LEVEL,DRY,NO DEFECTS,Y,FAILING TO YIELD RIGHT-OF-WAY,NOT APPLICABLE,,NO INDICATION OF INJURY,18,12,41.7906126722,-87.7721370989,2019,35,POINT (-87.7721370989 41.7906126722),,,,,2019-12-15,False,55,Garfield Ridge
3756,30,NO CONTROLS,NO CONTROLS,SNOW,"DARKNESS, LIGHTED ROAD",PEDALCYCLIST,NOT DIVIDED,STRAIGHT AND LEVEL,WET,UNKNOWN,Y,UNABLE TO DETERMINE,UNABLE TO DETERMINE,,NONINCAPACITATING INJURY,5,12,41.8965018969,-87.6384665316,2019,30,POINT (-87.6384665316 41.8965018969),,,,,2019-12-16,False,7,Near North Side
3757,30,NO CONTROLS,NO CONTROLS,CLOUDY/OVERCAST,DAYLIGHT,PEDALCYCLIST,ALLEY,STRAIGHT AND LEVEL,DRY,NO DEFECTS,N,FAILING TO REDUCE SPEED TO AVOID CRASH,FAILING TO YIELD RIGHT-OF-WAY,,NO INDICATION OF INJURY,10,12,41.9845661969,-87.6689153523,2019,30,POINT (-87.6689153523 41.9845661969),,,,,2019-12-16,False,76,Edgewater
3758,30,NO CONTROLS,NO CONTROLS,CLEAR,DAYLIGHT,PEDALCYCLIST,DIVIDED - W/MEDIAN (NOT RAISED),STRAIGHT AND LEVEL,DRY,NO DEFECTS,,UNABLE TO DETERMINE,NOT APPLICABLE,,NO INDICATION OF INJURY,10,12,41.9247719454,-87.7120414713,2019,30,POINT (-87.7120414713 41.9247719454),,,,,2019-12-16,False,21,Logan Square
3759,30,TRAFFIC SIGNAL,FUNCTIONING PROPERLY,CLEAR,DUSK,PEDALCYCLIST,NOT DIVIDED,STRAIGHT AND LEVEL,DRY,NO DEFECTS,,UNABLE TO DETERMINE,UNABLE TO DETERMINE,,NO INDICATION OF INJURY,17,12,41.8967422626,-87.6314676805,2019,30,POINT (-87.6314676805 41.8967422626),,,,,2019-12-16,False,7,Near North Side
3760,30,STOP SIGN/FLASHER,FUNCTIONING PROPERLY,CLEAR,DAYLIGHT,PEDALCYCLIST,NOT DIVIDED,STRAIGHT AND LEVEL,DRY,NO DEFECTS,Y,FAILING TO YIELD RIGHT-OF-WAY,DISREGARDING TRAFFIC SIGNALS,,NONINCAPACITATING INJURY,10,12,41.9169639776,-87.7522192178,2019,30,POINT (-87.7522192178 41.9169639776),,,,,2019-12-17,False,18,Belmont Cragin
3761,30,NO CONTROLS,NO CONTROLS,CLEAR,DUSK,PEDALCYCLIST,NOT DIVIDED,STRAIGHT AND LEVEL,DRY,NO DEFECTS,,DRIVING SKILLS/KNOWLEDGE/EXPERIENCE,NOT APPLICABLE,Y,"REPORTED, NOT EVIDENT",16,12,41.9388520231,-87.6442112807,2019,30,POINT (-87.6442112807 41.9388520231),,,,,2019-12-17,False,5,Lake View