Unnamed: 0,POSTED_SPEED_LIMIT,TRAFFIC_CONTROL_DEVICE,DEVICE_CONDITION,WEATHER_CONDITION,LIGHTING_CONDITION,FIRST_CRASH_TYPE,TRAFFICWAY_TYPE,ALIGNMENT,ROADWAY_SURFACE_COND,ROAD_DEFECT,INTERSECTION_RELATED_I,PRIM_CONTRIBUTORY_CAUSE,SEC_CONTRIBUTORY_CAUSE,DOORING_I,MOST_SEVERE_INJURY,CRASH_HOUR,CRASH_MONTH,LATITUDE,LONGITUDE,CRASH_YEAR,SPEED_LIMIT,geometry,DISPLAYROU,the_geom,DIST,LANE_TYPE,CRASH_DATE,is_severe,index_right,CArea
3762,30,TRAFFIC SIGNAL,FUNCTIONING PROPERLY,CLEAR,"DARKNESS, LIGHTED ROAD",PEDALCYCLIST,Y-INTERSECTION,STRAIGHT AND LEVEL,DRY,NO DEFECTS,,DISREGARDING ROAD MARKINGS,IMPROPER LANE USAGE,,"REPORTED, NOT EVIDENT",16,12,41.9174277611,-87.667305968,2019,30,POINT (-87.667305968 41.9174277611),,,,,2019-12-18,False,6,Lincoln Park
3763,25,NO CONTROLS,UNKNOWN,CLEAR,DAYLIGHT,PEDALCYCLIST,DIVIDED - W/MEDIAN (NOT RAISED),STRAIGHT AND LEVEL,DRY,NO DEFECTS,N,UNABLE TO DETERMINE,UNABLE TO DETERMINE,,"REPORTED, NOT EVIDENT",17,12,41.9025534949,-87.6868676968,2019,25,POINT (-87.6868676968 41.9025534949),,,,,2019-12-18,False,23,West Town
3764,30,TRAFFIC SIGNAL,FUNCTIONING PROPERLY,CLEAR,"DARKNESS, LIGHTED ROAD",PEDALCYCLIST,ONE-WAY,STRAIGHT AND LEVEL,DRY,NO DEFECTS,,UNABLE TO DETERMINE,NOT APPLICABLE,,NONINCAPACITATING INJURY,18,12,41.9047302085,-87.6874523882,2019,30,POINT (-87.6874523882 41.9047302085),,,,,2019-12-18,False,23,West Town
3765,30,TRAFFIC SIGNAL,FUNCTIONING PROPERLY,CLEAR,DAYLIGHT,PEDALCYCLIST,FOUR WAY,STRAIGHT AND LEVEL,DRY,NO DEFECTS,Y,DISREGARDING TRAFFIC SIGNALS,UNABLE TO DETERMINE,,"REPORTED, NOT EVIDENT",10,12,41.8771966528,-87.706157363,2019,30,POINT (-87.706157363 41.8771966528),,,,,2019-12-19,False,26,Garfield Park
3766,30,STOP SIGN/FLASHER,FUNCTIONING PROPERLY,CLEAR,"DARKNESS, LIGHTED ROAD",PEDALCYCLIST,FOUR WAY,STRAIGHT AND LEVEL,DRY,UNKNOWN,Y,UNABLE TO DETERMINE,NOT APPLICABLE,,NONINCAPACITATING INJURY,17,12,41.9190371922,-87.7267631397,2019,30,POINT (-87.7267631397 41.9190371922),,,,,2019-12-19,False,19,Hermosa
3767,25,NO CONTROLS,NO CONTROLS,CLEAR,DAYLIGHT,PEDALCYCLIST,DIVIDED - W/MEDIAN BARRIER,STRAIGHT AND LEVEL,DRY,NO DEFECTS,Y,UNABLE TO DETERMINE,UNABLE TO DETERMINE,,"REPORTED, NOT EVIDENT",16,12,41.8735697612,-87.6440108895,2019,25,POINT (-87.6440108895 41.8735697612),,,,,2019-12-20,False,27,Near West Side
3768,30,NO CONTROLS,NO CONTROLS,CLEAR,DUSK,PEDALCYCLIST,ONE-WAY,STRAIGHT AND LEVEL,UNKNOWN,UNKNOWN,,IMPROPER OVERTAKING/PASSING,IMPROPER OVERTAKING/PASSING,,NONINCAPACITATING INJURY,16,12,41.9428134546,-87.649806464,2019,30,POINT (-87.649806464 41.9428134546),,,,,2019-12-20,False,5,Lake View
3769,30,NO CONTROLS,NO CONTROLS,CLEAR,"DARKNESS, LIGHTED ROAD",PEDALCYCLIST,NOT DIVIDED,STRAIGHT AND LEVEL,DRY,NO DEFECTS,,FAILING TO YIELD RIGHT-OF-WAY,NOT APPLICABLE,Y,NONINCAPACITATING INJURY,18,12,42.0004434961,-87.6608593509,2019,30,POINT (-87.6608593509 42.0004434961),,,,,2019-12-20,False,0,Rogers Park
3770,30,TRAFFIC SIGNAL,NO CONTROLS,CLEAR,DAYLIGHT,PEDALCYCLIST,NOT DIVIDED,STRAIGHT AND LEVEL,DRY,NO DEFECTS,Y,UNABLE TO DETERMINE,NOT APPLICABLE,,NO INDICATION OF INJURY,11,12,41.9144719128,-87.8058597349,2019,30,POINT (-87.8058597349 41.9144719128),,,,,2019-12-21,False,24,Austin
3771,30,TRAFFIC SIGNAL,FUNCTIONING PROPERLY,CLEAR,DAYLIGHT,PEDALCYCLIST,DIVIDED - W/MEDIAN (NOT RAISED),STRAIGHT AND LEVEL,DRY,OTHER,,IMPROPER OVERTAKING/PASSING,UNABLE TO DETERMINE,,NO INDICATION OF INJURY,13,12,41.8816638214,-87.6475963936,2019,30,POINT (-87.6475963936 41.8816638214),,,,,2019-12-21,False,27,Near West Side
3772,30,TRAFFIC SIGNAL,FUNCTIONING PROPERLY,CLEAR,DAYLIGHT,PEDALCYCLIST,DIVIDED - W/MEDIAN (NOT RAISED),STRAIGHT AND LEVEL,DRY,NO DEFECTS,,IMPROPER LANE USAGE,FOLLOWING TOO CLOSELY,Y,NO INDICATION OF INJURY,13,12,41.8818011955,-87.6525291583,2019,30,POINT (-87.6525291583 41.8818011955),,,,,2019-12-21,False,27,Near West Side
3773,30,TRAFFIC SIGNAL,FUNCTIONING PROPERLY,CLEAR,DARKNESS,PEDALCYCLIST,DIVIDED - W/MEDIAN (NOT RAISED),STRAIGHT AND LEVEL,DRY,NO DEFECTS,Y,UNABLE TO DETERMINE,UNABLE TO DETERMINE,,NONINCAPACITATING INJURY,17,12,41.8560588595,-87.7101290474,2019,30,POINT (-87.7101290474 41.8560588595),,,,,2019-12-21,False,28,North Lawndale
3774,30,NO CONTROLS,NO CONTROLS,CLEAR,"DARKNESS, LIGHTED ROAD",PEDALCYCLIST,NOT DIVIDED,STRAIGHT AND LEVEL,DRY,NO DEFECTS,,UNABLE TO DETERMINE,NOT APPLICABLE,Y,NONINCAPACITATING INJURY,20,12,41.8912916479,-87.6265574789,2019,30,POINT (-87.6265574789 41.8912916479),,,,,2019-12-21,False,7,Near North Side
3775,30,STOP SIGN/FLASHER,FUNCTIONING PROPERLY,CLEAR,"DARKNESS, LIGHTED ROAD",PEDALCYCLIST,NOT DIVIDED,STRAIGHT AND LEVEL,DRY,NO DEFECTS,Y,FAILING TO YIELD RIGHT-OF-WAY,DISREGARDING STOP SIGN,,NONINCAPACITATING INJURY,23,12,41.8854542749,-87.653244353,2019,30,POINT (-87.653244353 41.8854542749),,,,,2019-12-21,False,27,Near West Side
3776,30,TRAFFIC SIGNAL,FUNCTIONING PROPERLY,CLEAR,DAYLIGHT,PEDALCYCLIST,NOT DIVIDED,STRAIGHT AND LEVEL,DRY,NO DEFECTS,,FOLLOWING TOO CLOSELY,UNABLE TO DETERMINE,,INCAPACITATING INJURY,12,12,41.9366737564,-87.7125547552,2019,30,POINT (-87.7125547552 41.9366737564),,,,,2019-12-22,True,20,Avondale
3777,30,TRAFFIC SIGNAL,FUNCTIONING PROPERLY,CLEAR,DAYLIGHT,PEDALCYCLIST,DIVIDED - W/MEDIAN (NOT RAISED),STRAIGHT AND LEVEL,DRY,NO DEFECTS,,NOT APPLICABLE,NOT APPLICABLE,,NONINCAPACITATING INJURY,14,12,41.8818459107,-87.7258541524,2019,30,POINT (-87.7258541524 41.8818459107),,,,,2019-12-22,False,25,Garfield Park
3778,30,TRAFFIC SIGNAL,FUNCTIONING PROPERLY,CLEAR,DAYLIGHT,PEDALCYCLIST,NOT DIVIDED,STRAIGHT AND LEVEL,DRY,NO DEFECTS,Y,UNABLE TO DETERMINE,NOT APPLICABLE,Y,"REPORTED, NOT EVIDENT",11,12,41.7687210792,-87.6449867125,2019,30,POINT (-87.6449867125 41.7687210792),,,,,2019-12-23,False,67,Englewood
3779,30,STOP SIGN/FLASHER,FUNCTIONING PROPERLY,CLEAR,DAYLIGHT,PEDALCYCLIST,FOUR WAY,STRAIGHT AND LEVEL,DRY,NO DEFECTS,Y,UNABLE TO DETERMINE,UNABLE TO DETERMINE,,NONINCAPACITATING INJURY,12,12,41.851044205,-87.634819768,2019,30,POINT (-87.634819768 41.851044205),,,,,2019-12-23,False,32,Near South Side
3780,30,STOP SIGN/FLASHER,FUNCTIONING PROPERLY,CLEAR,DAYLIGHT,PEDALCYCLIST,FOUR WAY,STRAIGHT AND LEVEL,DRY,NO DEFECTS,Y,FAILING TO YIELD RIGHT-OF-WAY,DISREGARDING STOP SIGN,,"REPORTED, NOT EVIDENT",14,12,41.706742188,-87.6501853976,2019,30,POINT (-87.6501853976 41.706742188),,,,,2019-12-23,False,72,Washington Heights
3781,20,STOP SIGN/FLASHER,FUNCTIONING PROPERLY,CLEAR,"DARKNESS, LIGHTED ROAD",PEDALCYCLIST,DIVIDED - W/MEDIAN (NOT RAISED),STRAIGHT AND LEVEL,DRY,NO DEFECTS,Y,DRIVING SKILLS/KNOWLEDGE/EXPERIENCE,UNABLE TO DETERMINE,,NO INDICATION OF INJURY,17,12,41.9137702625,-87.711951329,2019,20,POINT (-87.711951329 41.9137702625),,,,,2019-12-23,False,21,Logan Square
3782,30,TRAFFIC SIGNAL,FUNCTIONING PROPERLY,CLEAR,"DARKNESS, LIGHTED ROAD",PEDALCYCLIST,DIVIDED - W/MEDIAN (NOT RAISED),STRAIGHT AND LEVEL,DRY,UNKNOWN,,IMPROPER LANE USAGE,DRIVING ON WRONG SIDE/WRONG WAY,,NONINCAPACITATING INJURY,23,12,41.8553397217,-87.7247100763,2019,30,POINT (-87.7247100763 41.8553397217),,,,,2019-12-23,False,28,North Lawndale
3783,30,NO CONTROLS,NO CONTROLS,FOG/SMOKE/HAZE,DAYLIGHT,PEDALCYCLIST,NOT DIVIDED,STRAIGHT AND LEVEL,WET,NO DEFECTS,,UNABLE TO DETERMINE,UNABLE TO DETERMINE,,NO INDICATION OF INJURY,8,12,41.889324514,-87.6365945684,2019,30,POINT (-87.6365945684 41.889324514),,,,,2019-12-24,False,7,Near North Side
3784,30,STOP SIGN/FLASHER,FUNCTIONING PROPERLY,CLEAR,DAYLIGHT,PEDALCYCLIST,DIVIDED - W/MEDIAN (NOT RAISED),STRAIGHT AND LEVEL,DRY,NO DEFECTS,Y,FAILING TO YIELD RIGHT-OF-WAY,"VISION OBSCURED (SIGNS, TREE LIMBS, BUILDINGS, ETC.)",,NONINCAPACITATING INJURY,9,12,41.7786083022,-87.7364208397,2019,30,POINT (-87.7364208397 41.7786083022),,,,,2019-12-24,False,64,West Lawn
3785,30,NO CONTROLS,NO CONTROLS,CLEAR,DAYLIGHT,PEDALCYCLIST,NOT DIVIDED,STRAIGHT AND LEVEL,DRY,NO DEFECTS,,UNABLE TO DETERMINE,NOT APPLICABLE,N,NONINCAPACITATING INJURY,12,12,41.8861404114,-87.7357597022,2019,30,POINT (-87.7357597022 41.8861404114),,,,,2019-12-24,False,25,Garfield Park
3786,30,TRAFFIC SIGNAL,FUNCTIONING PROPERLY,CLEAR,DAYLIGHT,PEDALCYCLIST,DIVIDED - W/MEDIAN (NOT RAISED),STRAIGHT AND LEVEL,DRY,NO DEFECTS,,UNABLE TO DETERMINE,NOT APPLICABLE,,NONINCAPACITATING INJURY,14,12,41.8378041201,-87.6461248408,2019,30,POINT (-87.6461248408 41.8378041201),,,,,2019-12-24,False,30,Lower West Side
3787,25,NO CONTROLS,NO CONTROLS,CLEAR,DAYLIGHT,PEDALCYCLIST,FOUR WAY,STRAIGHT AND LEVEL,DRY,NO DEFECTS,Y,FAILING TO YIELD RIGHT-OF-WAY,DISREGARDING STOP SIGN,,NO INDICATION OF INJURY,15,12,41.9955803244,-87.7228683691,2019,25,POINT (-87.7228683691 41.9955803244),,,,,2019-12-24,False,12,North Park
3788,30,TRAFFIC SIGNAL,FUNCTIONING PROPERLY,CLEAR,DAYLIGHT,PEDALCYCLIST,NOT DIVIDED,STRAIGHT AND LEVEL,DRY,NO DEFECTS,Y,IMPROPER TURNING/NO SIGNAL,NOT APPLICABLE,,NO INDICATION OF INJURY,11,12,41.8233324147,-87.6509327133,2019,30,POINT (-87.6509327133 41.8233324147),,,,,2019-12-26,False,59,Bridgeport
3789,30,TRAFFIC SIGNAL,NO CONTROLS,CLEAR,DAYLIGHT,PEDALCYCLIST,NOT DIVIDED,STRAIGHT AND LEVEL,DRY,NO DEFECTS,,FAILING TO YIELD RIGHT-OF-WAY,UNABLE TO DETERMINE,,NONINCAPACITATING INJURY,13,12,41.9904368678,-87.7072273441,2019,30,POINT (-87.7072273441 41.9904368678),,,,,2019-12-26,False,1,West Ridge
3790,35,TRAFFIC SIGNAL,FUNCTIONING PROPERLY,CLEAR,"DARKNESS, LIGHTED ROAD",PEDALCYCLIST,NOT DIVIDED,STRAIGHT AND LEVEL,DRY,UNKNOWN,,FAILING TO YIELD RIGHT-OF-WAY,NOT APPLICABLE,,NONINCAPACITATING INJURY,17,12,41.889173407,-87.6312054333,2019,35,POINT (-87.6312054333 41.889173407),,,,,2019-12-26,False,7,Near North Side
3791,30,TRAFFIC SIGNAL,UNKNOWN,CLEAR,"DARKNESS, LIGHTED ROAD",PEDALCYCLIST,DIVIDED - W/MEDIAN (NOT RAISED),STRAIGHT AND LEVEL,WET,UNKNOWN,,IMPROPER OVERTAKING/PASSING,NOT APPLICABLE,,NONINCAPACITATING INJURY,22,12,41.8665452971,-87.6390775689,2019,30,POINT (-87.6390775689 41.8665452971),,,,,2019-12-26,False,27,Near West Side
3792,30,NO CONTROLS,NO CONTROLS,CLEAR,DAYLIGHT,PEDALCYCLIST,DIVIDED - W/MEDIAN (NOT RAISED),STRAIGHT AND LEVEL,DRY,NO DEFECTS,,UNABLE TO DETERMINE,NOT APPLICABLE,Y,NONINCAPACITATING INJURY,14,12,41.7949396274,-87.7037472013,2019,30,POINT (-87.7037472013 41.7949396274),,,,,2019-12-28,False,62,Gage Park
3793,30,TRAFFIC SIGNAL,FUNCTIONING PROPERLY,CLOUDY/OVERCAST,DAYLIGHT,PEDALCYCLIST,FOUR WAY,STRAIGHT AND LEVEL,WET,NO DEFECTS,,FAILING TO YIELD RIGHT-OF-WAY,FAILING TO YIELD RIGHT-OF-WAY,,NONINCAPACITATING INJURY,13,12,41.894703207,-87.6325990535,2019,30,POINT (-87.6325990535 41.894703207),,,,,2019-12-30,False,7,Near North Side
3794,30,NO CONTROLS,NO CONTROLS,SNOW,DAYLIGHT,PEDALCYCLIST,NOT DIVIDED,STRAIGHT AND LEVEL,SNOW OR SLUSH,NO DEFECTS,,UNABLE TO DETERMINE,UNABLE TO DETERMINE,,INCAPACITATING INJURY,7,12,41.7741717368,-87.6590726255,2019,30,POINT (-87.6590726255 41.7741717368),,,,,2019-12-31,True,66,Englewood
3795,30,NO CONTROLS,NO CONTROLS,CLEAR,DAYLIGHT,PEDALCYCLIST,DIVIDED - W/MEDIAN (NOT RAISED),STRAIGHT AND LEVEL,SNOW OR SLUSH,NO DEFECTS,,FAILING TO YIELD RIGHT-OF-WAY,NOT APPLICABLE,,"REPORTED, NOT EVIDENT",14,12,41.8636041091,-87.6389796627,2019,30,POINT (-87.6389796627 41.8636041091),,,,,2019-12-31,False,27,Near West Side
3796,30,STOP SIGN/FLASHER,NO CONTROLS,CLEAR,DAYLIGHT,PEDALCYCLIST,ONE-WAY,STRAIGHT AND LEVEL,DRY,NO DEFECTS,,FAILING TO YIELD RIGHT-OF-WAY,NOT APPLICABLE,,NO INDICATION OF INJURY,12,1,41.9899180744,-87.6566626226,2020,30,POINT (-87.6566626226 41.9899180744),,,,,2020-01-01,False,76,Edgewater
3797,30,NO CONTROLS,NO CONTROLS,CLOUDY/OVERCAST,DUSK,PEDALCYCLIST,NOT DIVIDED,STRAIGHT AND LEVEL,DRY,NO DEFECTS,,DRIVING ON WRONG SIDE/WRONG WAY,DRIVING ON WRONG SIDE/WRONG WAY,,NONINCAPACITATING INJURY,17,1,41.8900157617,-87.7555662861,2020,30,POINT (-87.7555662861 41.8900157617),,,,,2020-01-01,False,24,Austin
3798,30,STOP SIGN/FLASHER,FUNCTIONING PROPERLY,CLEAR,DAYLIGHT,PEDALCYCLIST,FOUR WAY,STRAIGHT AND LEVEL,DRY,NO DEFECTS,Y,FAILING TO YIELD RIGHT-OF-WAY,FAILING TO YIELD RIGHT-OF-WAY,,"REPORTED, NOT EVIDENT",10,1,41.9752236215,-87.6684590104,2020,30,POINT (-87.6684590104 41.9752236215),,,,,2020-01-02,False,2,Uptown
3799,30,NO CONTROLS,NO CONTROLS,CLEAR,"DARKNESS, LIGHTED ROAD",PEDALCYCLIST,DIVIDED - W/MEDIAN BARRIER,STRAIGHT AND LEVEL,WET,NO DEFECTS,,FAILING TO REDUCE SPEED TO AVOID CRASH,DRIVING SKILLS/KNOWLEDGE/EXPERIENCE,,INCAPACITATING INJURY,22,1,41.9540119654,-87.6811192833,2020,30,POINT (-87.6811192833 41.9540119654),,,,,2020-01-02,True,4,North Center
3800,35,STOP SIGN/FLASHER,FUNCTIONING PROPERLY,CLEAR,"DARKNESS, LIGHTED ROAD",PEDALCYCLIST,FOUR WAY,STRAIGHT AND LEVEL,DRY,NO DEFECTS,Y,FAILING TO YIELD RIGHT-OF-WAY,NOT APPLICABLE,,NONINCAPACITATING INJURY,19,1,41.9511994781,-87.6545938068,2020,35,POINT (-87.6545938068 41.9511994781),,,,,2020-01-03,False,5,Lake View
3801,30,STOP SIGN/FLASHER,UNKNOWN,CLEAR,"DARKNESS, LIGHTED ROAD",PEDALCYCLIST,FOUR WAY,STRAIGHT AND LEVEL,UNKNOWN,UNKNOWN,Y,FAILING TO YIELD RIGHT-OF-WAY,DISREGARDING STOP SIGN,,INCAPACITATING INJURY,22,1,41.8499232357,-87.7004461682,2020,30,POINT (-87.7004461682 41.8499232357),,,,,2020-01-06,True,28,North Lawndale
3802,30,TRAFFIC SIGNAL,FUNCTIONING PROPERLY,CLEAR,DAYLIGHT,PEDALCYCLIST,ONE-WAY,STRAIGHT AND LEVEL,DRY,NO DEFECTS,Y,UNABLE TO DETERMINE,NOT APPLICABLE,,NO INDICATION OF INJURY,8,1,41.8833205136,-87.6309819052,2020,30,POINT (-87.6309819052 41.8833205136),,,,,2020-01-07,False,31,Loop
3803,30,TRAFFIC SIGNAL,FUNCTIONING PROPERLY,CLEAR,DAYLIGHT,PEDALCYCLIST,NOT DIVIDED,STRAIGHT AND LEVEL,DRY,NO DEFECTS,Y,FAILING TO YIELD RIGHT-OF-WAY,NOT APPLICABLE,,NONINCAPACITATING INJURY,9,1,41.9255403154,-87.6489121555,2020,30,POINT (-87.6489121555 41.9255403154),,,,,2020-01-07,False,6,Lincoln Park
3804,30,NO CONTROLS,NO CONTROLS,CLEAR,DUSK,PEDALCYCLIST,DIVIDED - W/MEDIAN (NOT RAISED),STRAIGHT AND LEVEL,DRY,NO DEFECTS,,NOT APPLICABLE,NOT APPLICABLE,Y,NONINCAPACITATING INJURY,16,1,41.9095968701,-87.6764715109,2020,30,POINT (-87.6764715109 41.9095968701),,,,,2020-01-07,False,23,West Town
3805,30,NO CONTROLS,NO CONTROLS,CLEAR,"DARKNESS, LIGHTED ROAD",PEDALCYCLIST,NOT DIVIDED,STRAIGHT AND LEVEL,DRY,NO DEFECTS,,UNABLE TO DETERMINE,UNABLE TO DETERMINE,,NONINCAPACITATING INJURY,18,1,41.9472064159,-87.6499623417,2020,30,POINT (-87.6499623417 41.9472064159),,,,,2020-01-07,False,5,Lake View
3806,25,TRAFFIC SIGNAL,FUNCTIONING PROPERLY,CLEAR,"DARKNESS, LIGHTED ROAD",PEDALCYCLIST,NOT DIVIDED,STRAIGHT AND LEVEL,DRY,NO DEFECTS,Y,FAILING TO YIELD RIGHT-OF-WAY,DISREGARDING ROAD MARKINGS,,INCAPACITATING INJURY,19,1,41.9980192582,-87.6770194601,2020,25,POINT (-87.6770194601 41.9980192582),,,,,2020-01-07,True,0,Rogers Park
3807,30,PEDESTRIAN CROSSING SIGN,FUNCTIONING PROPERLY,RAIN,DUSK,PEDALCYCLIST,FOUR WAY,STRAIGHT AND LEVEL,WET,NO DEFECTS,Y,UNABLE TO DETERMINE,NOT APPLICABLE,,NO INDICATION OF INJURY,15,1,41.8967011402,-87.6313931605,2020,30,POINT (-87.6313931605 41.8967011402),,,,,2020-01-10,False,7,Near North Side
3808,30,NO CONTROLS,NO CONTROLS,RAIN,"DARKNESS, LIGHTED ROAD",PEDALCYCLIST,NOT DIVIDED,STRAIGHT AND LEVEL,WET,WORN SURFACE,,UNABLE TO DETERMINE,UNABLE TO DETERMINE,Y,"REPORTED, NOT EVIDENT",19,1,41.917250935,-87.7284712188,2020,30,POINT (-87.7284712188 41.917250935),,,,,2020-01-10,False,19,Hermosa
3809,30,TRAFFIC SIGNAL,FUNCTIONING PROPERLY,RAIN,DARKNESS,PEDALCYCLIST,DIVIDED - W/MEDIAN (NOT RAISED),STRAIGHT AND LEVEL,DRY,NO DEFECTS,,EQUIPMENT - VEHICLE CONDITION,UNABLE TO DETERMINE,,NONINCAPACITATING INJURY,19,1,41.92505474,-87.6844567638,2020,30,POINT (-87.6844567638 41.92505474),,,,,2020-01-10,False,21,Logan Square
3810,30,NO CONTROLS,NO CONTROLS,RAIN,"DARKNESS, LIGHTED ROAD",PEDALCYCLIST,DIVIDED - W/MEDIAN BARRIER,STRAIGHT AND LEVEL,WET,NO DEFECTS,,FAILING TO REDUCE SPEED TO AVOID CRASH,WEATHER,,NONINCAPACITATING INJURY,11,1,41.8889400994,-87.660787607,2020,30,POINT (-87.660787607 41.8889400994),,,,,2020-01-11,False,23,West Town
3811,30,NO CONTROLS,NO CONTROLS,RAIN,DAYLIGHT,PEDALCYCLIST,NOT DIVIDED,STRAIGHT AND LEVEL,WET,NO DEFECTS,Y,DISREGARDING STOP SIGN,UNABLE TO DETERMINE,,"REPORTED, NOT EVIDENT",14,1,41.7603827388,-87.6150229232,2020,30,POINT (-87.6150229232 41.7603827388),,,,,2020-01-11,False,68,Grand Crossing
3812,35,NO CONTROLS,NO CONTROLS,CLEAR,DAYLIGHT,PEDALCYCLIST,CENTER TURN LANE,STRAIGHT AND LEVEL,DRY,NO DEFECTS,,IMPROPER LANE USAGE,NOT APPLICABLE,,NO INDICATION OF INJURY,13,1,41.7367587139,-87.6048594111,2020,35,POINT (-87.6048594111 41.7367587139),,,,,2020-01-14,False,43,Chatham
3813,30,TRAFFIC SIGNAL,FUNCTIONING PROPERLY,CLEAR,DAYLIGHT,PEDALCYCLIST,NOT DIVIDED,STRAIGHT AND LEVEL,DRY,NO DEFECTS,,UNABLE TO DETERMINE,"VISION OBSCURED (SIGNS, TREE LIMBS, BUILDINGS, ETC.)",Y,NONINCAPACITATING INJURY,15,1,41.8578978474,-87.6662863009,2020,30,POINT (-87.6662863009 41.8578978474),,,,,2020-01-14,False,27,Near West Side
3814,35,NO CONTROLS,NO CONTROLS,CLEAR,"DARKNESS, LIGHTED ROAD",PEDALCYCLIST,DIVIDED - W/MEDIAN (NOT RAISED),STRAIGHT AND LEVEL,DRY,NO DEFECTS,Y,FAILING TO YIELD RIGHT-OF-WAY,FAILING TO REDUCE SPEED TO AVOID CRASH,,INCAPACITATING INJURY,18,1,41.7732441627,-87.5766308783,2020,35,POINT (-87.5766308783 41.7732441627),,,,,2020-01-14,True,41,Woodlawn
3815,25,NO CONTROLS,NO CONTROLS,CLEAR,DAYLIGHT,PEDALCYCLIST,NOT DIVIDED,STRAIGHT AND LEVEL,DRY,NO DEFECTS,,IMPROPER OVERTAKING/PASSING,NOT APPLICABLE,,"REPORTED, NOT EVIDENT",8,1,41.9053121767,-87.6597387872,2020,25,POINT (-87.6597387872 41.9053121767),,,,,2020-01-15,False,23,West Town
3816,30,NO CONTROLS,NO CONTROLS,CLOUDY/OVERCAST,DAYLIGHT,PEDALCYCLIST,PARKING LOT,STRAIGHT AND LEVEL,DRY,UNKNOWN,,"EVASIVE ACTION DUE TO ANIMAL, OBJECT, NONMOTORIST",NOT APPLICABLE,,"REPORTED, NOT EVIDENT",13,1,41.9171639739,-87.7354761977,2020,30,POINT (-87.7354761977 41.9171639739),,,,,2020-01-15,False,19,Hermosa
3817,25,NO CONTROLS,NO CONTROLS,CLEAR,DAYLIGHT,PEDALCYCLIST,NOT DIVIDED,STRAIGHT AND LEVEL,DRY,NO DEFECTS,,UNABLE TO DETERMINE,UNABLE TO DETERMINE,,"REPORTED, NOT EVIDENT",15,1,41.8438868617,-87.6530502248,2020,25,POINT (-87.6530502248 41.8438868617),,,,,2020-01-16,False,30,Lower West Side
3818,30,NO CONTROLS,NO CONTROLS,CLEAR,DAYLIGHT,PEDALCYCLIST,ONE-WAY,STRAIGHT AND LEVEL,DRY,NO DEFECTS,,UNABLE TO DETERMINE,UNABLE TO DETERMINE,,NO INDICATION OF INJURY,17,1,41.8792878493,-87.6496792879,2020,30,POINT (-87.6496792879 41.8792878493),,,,,2020-01-16,False,27,Near West Side
3819,20,YIELD,FUNCTIONING PROPERLY,CLOUDY/OVERCAST,DAYLIGHT,PEDALCYCLIST,OTHER,STRAIGHT AND LEVEL,DRY,NO DEFECTS,,UNABLE TO DETERMINE,UNABLE TO DETERMINE,,"REPORTED, NOT EVIDENT",13,1,41.8462182443,-87.7064544641,2020,20,POINT (-87.7064544641 41.8462182443),,,,,2020-01-17,False,28,North Lawndale
3820,30,NO CONTROLS,NO CONTROLS,SNOW,DUSK,PEDALCYCLIST,DIVIDED - W/MEDIAN (NOT RAISED),STRAIGHT AND LEVEL,WET,NO DEFECTS,,UNABLE TO DETERMINE,NOT APPLICABLE,,NONINCAPACITATING INJURY,16,1,41.7806334206,-87.5960453543,2020,30,POINT (-87.5960453543 41.7806334206),,,,,2020-01-18,False,41,Woodlawn
3821,30,STOP SIGN/FLASHER,FUNCTIONING PROPERLY,CLEAR,"DARKNESS, LIGHTED ROAD",PEDALCYCLIST,NOT DIVIDED,STRAIGHT AND LEVEL,DRY,UNKNOWN,,UNABLE TO DETERMINE,UNABLE TO DETERMINE,,NO INDICATION OF INJURY,22,1,41.9174446593,-87.6897917784,2020,30,POINT (-87.6897917784 41.9174446593),,,,,2020-01-18,False,21,Logan Square
3822,30,NO CONTROLS,NO CONTROLS,CLEAR,DAYLIGHT,PEDALCYCLIST,NOT DIVIDED,STRAIGHT AND LEVEL,DRY,NO DEFECTS,,UNABLE TO DETERMINE,NOT APPLICABLE,,NONINCAPACITATING INJURY,15,1,41.8966474169,-87.6382041212,2020,30,POINT (-87.6382041212 41.8966474169),,,,,2020-01-21,False,7,Near North Side
3823,30,NO CONTROLS,NO CONTROLS,CLEAR,DARKNESS,PEDALCYCLIST,NOT DIVIDED,STRAIGHT AND LEVEL,SNOW OR SLUSH,NO DEFECTS,,FAILING TO YIELD RIGHT-OF-WAY,NOT APPLICABLE,Y,"REPORTED, NOT EVIDENT",18,1,41.888015096,-87.7710521253,2020,30,POINT (-87.7710521253 41.888015096),,,,,2020-01-21,False,24,Austin
3824,30,NO CONTROLS,OTHER,CLEAR,DAYLIGHT,PEDALCYCLIST,NOT DIVIDED,STRAIGHT AND LEVEL,DRY,UNKNOWN,,NOT APPLICABLE,NOT APPLICABLE,Y,INCAPACITATING INJURY,8,1,41.8948155575,-87.7562101613,2020,30,POINT (-87.7562101613 41.8948155575),,,,,2020-01-22,True,24,Austin
3825,35,TRAFFIC SIGNAL,FUNCTIONING PROPERLY,CLEAR,DAYLIGHT,PEDALCYCLIST,DIVIDED - W/MEDIAN BARRIER,STRAIGHT AND LEVEL,DRY,NO DEFECTS,,IMPROPER TURNING/NO SIGNAL,UNABLE TO DETERMINE,Y,NONINCAPACITATING INJURY,11,1,41.6620976271,-87.6415289776,2020,35,POINT (-87.6415289776 41.6620976271),,,,,2020-01-22,False,52,West Pullman