Unnamed: 0,POSTED_SPEED_LIMIT,TRAFFIC_CONTROL_DEVICE,DEVICE_CONDITION,WEATHER_CONDITION,LIGHTING_CONDITION,FIRST_CRASH_TYPE,TRAFFICWAY_TYPE,ALIGNMENT,ROADWAY_SURFACE_COND,ROAD_DEFECT,INTERSECTION_RELATED_I,PRIM_CONTRIBUTORY_CAUSE,SEC_CONTRIBUTORY_CAUSE,DOORING_I,MOST_SEVERE_INJURY,CRASH_HOUR,CRASH_MONTH,LATITUDE,LONGITUDE,CRASH_YEAR,SPEED_LIMIT,geometry,DISPLAYROU,the_geom,DIST,LANE_TYPE,CRASH_DATE,is_severe,index_right,CArea
3826,30,NO CONTROLS,NO CONTROLS,CLEAR,DAYLIGHT,PEDALCYCLIST,NOT DIVIDED,STRAIGHT AND LEVEL,DRY,NO DEFECTS,N,DRIVING SKILLS/KNOWLEDGE/EXPERIENCE,NOT APPLICABLE,,INCAPACITATING INJURY,14,1,41.9461635236,-87.747215169,2020,30,POINT (-87.747215169 41.9461635236),,,,,2020-01-22,True,14,Portage Park
3827,30,STOP SIGN/FLASHER,FUNCTIONING PROPERLY,RAIN,DUSK,PEDALCYCLIST,NOT DIVIDED,STRAIGHT AND LEVEL,SNOW OR SLUSH,NO DEFECTS,Y,IMPROPER TURNING/NO SIGNAL,NOT APPLICABLE,,NONINCAPACITATING INJURY,16,1,41.8754795162,-87.7061157709,2020,30,POINT (-87.7061157709 41.8754795162),,,,,2020-01-23,False,26,Garfield Park
3828,30,NO CONTROLS,NO CONTROLS,FOG/SMOKE/HAZE,DAYLIGHT,PEDALCYCLIST,NOT DIVIDED,STRAIGHT AND LEVEL,SNOW OR SLUSH,NO DEFECTS,,FAILING TO YIELD RIGHT-OF-WAY,UNABLE TO DETERMINE,,NONINCAPACITATING INJURY,8,1,41.9411785343,-87.6490459654,2020,30,POINT (-87.6490459654 41.9411785343),,,,,2020-01-24,False,5,Lake View
3829,30,TRAFFIC SIGNAL,FUNCTIONING PROPERLY,CLOUDY/OVERCAST,DAYLIGHT,PEDALCYCLIST,DIVIDED - W/MEDIAN (NOT RAISED),STRAIGHT AND LEVEL,WET,NO DEFECTS,,FAILING TO YIELD RIGHT-OF-WAY,NOT APPLICABLE,Y,NONINCAPACITATING INJURY,8,1,41.9000976998,-87.6284418515,2020,30,POINT (-87.6284418515 41.9000976998),,,,,2020-01-24,False,7,Near North Side
3830,30,TRAFFIC SIGNAL,FUNCTIONING IMPROPERLY,RAIN,"DARKNESS, LIGHTED ROAD",PEDALCYCLIST,FOUR WAY,STRAIGHT AND LEVEL,WET,NO DEFECTS,,FAILING TO YIELD RIGHT-OF-WAY,IMPROPER OVERTAKING/PASSING,,INCAPACITATING INJURY,18,1,41.728172803,-87.5513593679,2020,30,POINT (-87.5513593679 41.728172803),,,,,2020-01-24,True,45,South Chicago
3831,30,TRAFFIC SIGNAL,FUNCTIONING PROPERLY,RAIN,"DARKNESS, LIGHTED ROAD",PEDALCYCLIST,NOT DIVIDED,STRAIGHT AND LEVEL,WET,NO DEFECTS,Y,DISREGARDING TRAFFIC SIGNALS,NOT APPLICABLE,,NONINCAPACITATING INJURY,20,1,41.9682178779,-87.7401185475,2020,30,POINT (-87.7401185475 41.9682178779),,,,,2020-01-24,False,11,Forest Glen
3832,35,TRAFFIC SIGNAL,FUNCTIONING PROPERLY,RAIN,DARKNESS,PEDALCYCLIST,DIVIDED - W/MEDIAN (NOT RAISED),STRAIGHT AND LEVEL,WET,NO DEFECTS,Y,UNABLE TO DETERMINE,NOT APPLICABLE,,"REPORTED, NOT EVIDENT",20,1,41.916381427,-87.66618973,2020,35,POINT (-87.66618973 41.916381427),,,,,2020-01-24,False,6,Lincoln Park
3833,35,NO CONTROLS,NO CONTROLS,CLEAR,"DARKNESS, LIGHTED ROAD",PEDALCYCLIST,NOT DIVIDED,STRAIGHT AND LEVEL,DRY,NO DEFECTS,,FAILING TO YIELD RIGHT-OF-WAY,NOT APPLICABLE,Y,NONINCAPACITATING INJURY,19,1,41.9535344348,-87.7280414159,2020,35,POINT (-87.7280414159 41.9535344348),,,,,2020-01-26,False,15,Irving Park
3834,30,TRAFFIC SIGNAL,FUNCTIONING PROPERLY,CLEAR,DAYLIGHT,PEDALCYCLIST,NOT DIVIDED,STRAIGHT AND LEVEL,DRY,NO DEFECTS,Y,FAILING TO YIELD RIGHT-OF-WAY,NOT APPLICABLE,,NONINCAPACITATING INJURY,14,1,41.9467918093,-87.6980943371,2020,30,POINT (-87.6980943371 41.9467918093),,,,,2020-01-28,False,15,Irving Park
3835,30,TRAFFIC SIGNAL,FUNCTIONING PROPERLY,CLEAR,"DARKNESS, LIGHTED ROAD",PEDALCYCLIST,FOUR WAY,STRAIGHT AND LEVEL,DRY,NO DEFECTS,Y,UNABLE TO DETERMINE,NOT APPLICABLE,,NO INDICATION OF INJURY,17,1,41.8769894075,-87.6278007118,2020,30,POINT (-87.6278007118 41.8769894075),,,,,2020-01-28,False,31,Loop
3836,30,TRAFFIC SIGNAL,FUNCTIONING PROPERLY,CLEAR,DAYLIGHT,PEDALCYCLIST,OTHER,STRAIGHT AND LEVEL,DRY,NO DEFECTS,Y,DRIVING SKILLS/KNOWLEDGE/EXPERIENCE,UNABLE TO DETERMINE,,NO INDICATION OF INJURY,8,1,41.943260948,-87.6713390953,2020,30,POINT (-87.6713390953 41.943260948),,,,,2020-01-29,False,5,Lake View
3837,30,NO CONTROLS,NO CONTROLS,CLEAR,DAYLIGHT,PEDALCYCLIST,NOT DIVIDED,STRAIGHT AND LEVEL,DRY,NO DEFECTS,,UNABLE TO DETERMINE,NOT APPLICABLE,,NO INDICATION OF INJURY,12,1,41.8838969272,-87.648442099,2020,30,POINT (-87.648442099 41.8838969272),,,,,2020-01-29,False,27,Near West Side
3838,30,TRAFFIC SIGNAL,FUNCTIONING PROPERLY,CLEAR,"DARKNESS, LIGHTED ROAD",PEDALCYCLIST,UNKNOWN INTERSECTION TYPE,STRAIGHT AND LEVEL,DRY,NO DEFECTS,Y,FAILING TO YIELD RIGHT-OF-WAY,NOT APPLICABLE,,"REPORTED, NOT EVIDENT",18,1,41.9005978565,-87.628459869,2020,30,POINT (-87.628459869 41.9005978565),,,,,2020-01-29,False,7,Near North Side
3839,30,NO CONTROLS,NO CONTROLS,CLEAR,DARKNESS,PEDALCYCLIST,DIVIDED - W/MEDIAN (NOT RAISED),STRAIGHT AND LEVEL,DRY,NO DEFECTS,,FAILING TO YIELD RIGHT-OF-WAY,NOT APPLICABLE,,NONINCAPACITATING INJURY,20,1,41.7644996365,-87.6830910862,2020,30,POINT (-87.6830910862 41.7644996365),,,,,2020-01-29,False,65,Chicago Lawn
3840,30,STOP SIGN/FLASHER,FUNCTIONING PROPERLY,CLEAR,"DARKNESS, LIGHTED ROAD",PEDALCYCLIST,NOT DIVIDED,STRAIGHT AND LEVEL,DRY,NO DEFECTS,Y,FAILING TO REDUCE SPEED TO AVOID CRASH,UNABLE TO DETERMINE,,NONINCAPACITATING INJURY,17,1,41.9762052923,-87.6646038546,2020,30,POINT (-87.6646038546 41.9762052923),,,,,2020-01-30,False,2,Uptown
3841,30,TRAFFIC SIGNAL,FUNCTIONING PROPERLY,CLEAR,DAYLIGHT,PEDALCYCLIST,NOT DIVIDED,STRAIGHT AND LEVEL,WET,NO DEFECTS,Y,FAILING TO YIELD RIGHT-OF-WAY,IMPROPER TURNING/NO SIGNAL,,NONINCAPACITATING INJURY,14,1,41.9038072355,-87.6343296015,2020,30,POINT (-87.6343296015 41.9038072355),,,,,2020-01-31,False,7,Near North Side
3842,20,NO CONTROLS,NO CONTROLS,CLEAR,DARKNESS,PEDALCYCLIST,UNKNOWN,STRAIGHT AND LEVEL,DRY,UNKNOWN,,FAILING TO YIELD RIGHT-OF-WAY,NOT APPLICABLE,,NONINCAPACITATING INJURY,23,2,41.9379592221,-87.6481878341,2020,20,POINT (-87.6481878341 41.9379592221),,,,,2020-02-01,False,5,Lake View
3843,30,UNKNOWN,UNKNOWN,CLEAR,DAYLIGHT,PEDALCYCLIST,DIVIDED - W/MEDIAN (NOT RAISED),STRAIGHT AND LEVEL,DRY,NO DEFECTS,,NOT APPLICABLE,NOT APPLICABLE,,NONINCAPACITATING INJURY,13,2,41.9063247252,-87.67135108,2020,30,POINT (-87.67135108 41.9063247252),,,,,2020-02-02,False,23,West Town
3844,30,STOP SIGN/FLASHER,NO CONTROLS,CLEAR,DAYLIGHT,PEDALCYCLIST,DIVIDED - W/MEDIAN (NOT RAISED),STRAIGHT AND LEVEL,DRY,NO DEFECTS,Y,CELL PHONE USE OTHER THAN TEXTING,DISTRACTION - FROM INSIDE VEHICLE,,"REPORTED, NOT EVIDENT",13,2,41.9357659923,-87.647117241,2020,30,POINT (-87.647117241 41.9357659923),,,,,2020-02-02,False,5,Lake View
3845,30,NO CONTROLS,NO CONTROLS,CLEAR,DAYLIGHT,PEDALCYCLIST,DIVIDED - W/MEDIAN (NOT RAISED),STRAIGHT AND LEVEL,DRY,NO DEFECTS,,FAILING TO YIELD RIGHT-OF-WAY,NOT APPLICABLE,,NO INDICATION OF INJURY,10,2,41.9245131042,-87.6780159496,2020,30,POINT (-87.6780159496 41.9245131042),,,,,2020-02-04,False,6,Lincoln Park
3846,30,NO CONTROLS,NO CONTROLS,CLEAR,DUSK,PEDALCYCLIST,DIVIDED - W/MEDIAN (NOT RAISED),STRAIGHT AND LEVEL,DRY,NO DEFECTS,,UNABLE TO DETERMINE,NOT APPLICABLE,,NONINCAPACITATING INJURY,16,2,41.8955205858,-87.7214376361,2020,30,POINT (-87.7214376361 41.8955205858),,,,,2020-02-04,False,22,Humboldt Park
3847,30,NO CONTROLS,NO CONTROLS,CLEAR,"DARKNESS, LIGHTED ROAD",PEDALCYCLIST,ONE-WAY,STRAIGHT ON HILLCREST,DRY,NO DEFECTS,,IMPROPER LANE USAGE,NOT APPLICABLE,,NO INDICATION OF INJURY,18,2,41.8909974982,-87.6267989246,2020,30,POINT (-87.6267989246 41.8909974982),,,,,2020-02-04,False,7,Near North Side
3848,35,TRAFFIC SIGNAL,FUNCTIONING PROPERLY,CLEAR,"DARKNESS, LIGHTED ROAD",PEDALCYCLIST,FOUR WAY,STRAIGHT AND LEVEL,DRY,NO DEFECTS,Y,FAILING TO YIELD RIGHT-OF-WAY,NOT APPLICABLE,,NONINCAPACITATING INJURY,5,2,41.8816740341,-87.6521775515,2020,35,POINT (-87.6521775515 41.8816740341),,,,,2020-02-05,False,27,Near West Side
3849,30,TRAFFIC SIGNAL,FUNCTIONING PROPERLY,CLEAR,DAYLIGHT,PEDALCYCLIST,DIVIDED - W/MEDIAN (NOT RAISED),STRAIGHT AND LEVEL,DRY,NO DEFECTS,,UNABLE TO DETERMINE,UNABLE TO DETERMINE,,NO INDICATION OF INJURY,7,2,41.8924065363,-87.6357436267,2020,30,POINT (-87.6357436267 41.8924065363),,,,,2020-02-05,False,7,Near North Side
3850,30,NO CONTROLS,NO CONTROLS,CLEAR,UNKNOWN,PEDALCYCLIST,NOT DIVIDED,STRAIGHT AND LEVEL,DRY,NO DEFECTS,,UNABLE TO DETERMINE,NOT APPLICABLE,,NO INDICATION OF INJURY,16,2,41.8992651595,-87.6872088362,2020,30,POINT (-87.6872088362 41.8992651595),,,,,2020-02-05,False,23,West Town
3851,30,NO CONTROLS,NO CONTROLS,SNOW,DARKNESS,PEDALCYCLIST,DIVIDED - W/MEDIAN (NOT RAISED),STRAIGHT AND LEVEL,SNOW OR SLUSH,SHOULDER DEFECT,,FOLLOWING TOO CLOSELY,NOT APPLICABLE,Y,NO INDICATION OF INJURY,20,2,41.8813944445,-87.6483735245,2020,30,POINT (-87.6483735245 41.8813944445),,,,,2020-02-05,False,27,Near West Side
3852,30,TRAFFIC SIGNAL,FUNCTIONING PROPERLY,SNOW,"DARKNESS, LIGHTED ROAD",PEDALCYCLIST,NOT DIVIDED,STRAIGHT AND LEVEL,SNOW OR SLUSH,NO DEFECTS,Y,UNABLE TO DETERMINE,NOT APPLICABLE,,NO INDICATION OF INJURY,23,2,41.713833957,-87.6597106299,2020,30,POINT (-87.6597106299 41.713833957),,,,,2020-02-05,False,71,Beverly
3853,30,TRAFFIC SIGNAL,FUNCTIONING PROPERLY,CLOUDY/OVERCAST,"DARKNESS, LIGHTED ROAD",PEDALCYCLIST,FOUR WAY,STRAIGHT AND LEVEL,WET,NO DEFECTS,Y,DISREGARDING TRAFFIC SIGNALS,UNABLE TO DETERMINE,,"REPORTED, NOT EVIDENT",23,2,41.7141054836,-87.6603584835,2020,30,POINT (-87.6603584835 41.7141054836),,,,,2020-02-05,False,71,Beverly
3854,30,TRAFFIC SIGNAL,FUNCTIONING PROPERLY,SNOW,DAYLIGHT,PEDALCYCLIST,ONE-WAY,STRAIGHT AND LEVEL,WET,NO DEFECTS,,IMPROPER LANE USAGE,UNABLE TO DETERMINE,Y,"REPORTED, NOT EVIDENT",12,2,41.891078275,-87.6312583592,2020,30,POINT (-87.6312583592 41.891078275),,,,,2020-02-06,False,7,Near North Side
3855,30,TRAFFIC SIGNAL,FUNCTIONING PROPERLY,SNOW,DAYLIGHT,PEDALCYCLIST,FOUR WAY,STRAIGHT AND LEVEL,WET,NO DEFECTS,Y,FAILING TO YIELD RIGHT-OF-WAY,FAILING TO YIELD RIGHT-OF-WAY,,NONINCAPACITATING INJURY,15,2,41.9030768489,-87.692077311,2020,30,POINT (-87.692077311 41.9030768489),,,,,2020-02-06,False,22,Humboldt Park
3856,30,TRAFFIC SIGNAL,FUNCTIONING PROPERLY,CLEAR,"DARKNESS, LIGHTED ROAD",PEDALCYCLIST,DIVIDED - W/MEDIAN (NOT RAISED),STRAIGHT AND LEVEL,DRY,NO DEFECTS,,FAILING TO REDUCE SPEED TO AVOID CRASH,NOT APPLICABLE,,NONINCAPACITATING INJURY,17,2,41.8443648213,-87.7246141354,2020,30,POINT (-87.7246141354 41.8443648213),,,,,2020-02-07,False,29,South Lawndale
3857,30,NO CONTROLS,NO CONTROLS,CLEAR,"DARKNESS, LIGHTED ROAD",PEDALCYCLIST,NOT DIVIDED,STRAIGHT AND LEVEL,DRY,NO DEFECTS,,UNABLE TO DETERMINE,NOT APPLICABLE,Y,NONINCAPACITATING INJURY,17,2,41.9115592088,-87.6345761142,2020,30,POINT (-87.6345761142 41.9115592088),,,,,2020-02-07,False,6,Lincoln Park
3858,30,NO CONTROLS,NO CONTROLS,CLEAR,DAYLIGHT,PEDALCYCLIST,DIVIDED - W/MEDIAN (NOT RAISED),STRAIGHT AND LEVEL,DRY,NO DEFECTS,,FAILING TO YIELD RIGHT-OF-WAY,NOT APPLICABLE,,NONINCAPACITATING INJURY,17,2,41.7791842619,-87.696230849,2020,30,POINT (-87.696230849 41.7791842619),,,,,2020-02-08,False,65,Chicago Lawn
3859,30,NO CONTROLS,NO CONTROLS,CLEAR,DAYLIGHT,PEDALCYCLIST,ONE-WAY,STRAIGHT AND LEVEL,UNKNOWN,UNKNOWN,,UNABLE TO DETERMINE,NOT APPLICABLE,Y,NONINCAPACITATING INJURY,8,2,41.8964740178,-87.6478949927,2020,30,POINT (-87.6478949927 41.8964740178),,,,,2020-02-10,False,7,Near North Side
3860,20,NO CONTROLS,NO CONTROLS,CLEAR,"DARKNESS, LIGHTED ROAD",PEDALCYCLIST,ONE-WAY,STRAIGHT AND LEVEL,DRY,NO DEFECTS,,UNABLE TO DETERMINE,UNABLE TO DETERMINE,,NO INDICATION OF INJURY,17,2,41.9391708848,-87.7135599738,2020,20,POINT (-87.7135599738 41.9391708848),,,,,2020-02-10,False,15,Irving Park
3861,30,TRAFFIC SIGNAL,FUNCTIONING PROPERLY,CLEAR,DAYLIGHT,PEDALCYCLIST,"FIVE POINT, OR MORE",STRAIGHT AND LEVEL,DRY,NO DEFECTS,Y,DISREGARDING TRAFFIC SIGNALS,DISREGARDING TRAFFIC SIGNALS,,NONINCAPACITATING INJURY,6,2,41.9535408834,-87.7189075131,2020,30,POINT (-87.7189075131 41.9535408834),,,,,2020-02-11,False,15,Irving Park
3862,30,NO CONTROLS,NO CONTROLS,CLEAR,DAYLIGHT,PEDALCYCLIST,NOT DIVIDED,STRAIGHT AND LEVEL,UNKNOWN,UNKNOWN,,IMPROPER OVERTAKING/PASSING,IMPROPER TURNING/NO SIGNAL,,"REPORTED, NOT EVIDENT",12,2,41.9364480108,-87.6492907515,2020,30,POINT (-87.6492907515 41.9364480108),,,,,2020-02-11,False,5,Lake View
3863,30,NO CONTROLS,NO CONTROLS,CLEAR,DAYLIGHT,PEDALCYCLIST,NOT DIVIDED,STRAIGHT AND LEVEL,DRY,NO DEFECTS,,UNABLE TO DETERMINE,FAILING TO YIELD RIGHT-OF-WAY,,NONINCAPACITATING INJURY,13,2,41.9449741715,-87.6456597559,2020,30,POINT (-87.6456597559 41.9449741715),,,,,2020-02-11,False,5,Lake View
3864,30,STOP SIGN/FLASHER,NO CONTROLS,CLEAR,DAWN,PEDALCYCLIST,NOT DIVIDED,STRAIGHT AND LEVEL,DRY,NO DEFECTS,Y,FAILING TO YIELD RIGHT-OF-WAY,NOT APPLICABLE,,NO INDICATION OF INJURY,5,2,41.8308279824,-87.6485837491,2020,30,POINT (-87.6485837491 41.8308279824),,,,,2020-02-12,False,59,Bridgeport
3865,30,NO CONTROLS,NO CONTROLS,CLEAR,DAYLIGHT,PEDALCYCLIST,DIVIDED - W/MEDIAN (NOT RAISED),STRAIGHT AND LEVEL,DRY,NO DEFECTS,,UNABLE TO DETERMINE,UNABLE TO DETERMINE,Y,NONINCAPACITATING INJURY,10,2,41.9669756608,-87.7601477043,2020,30,POINT (-87.7601477043 41.9669756608),,,,,2020-02-12,False,14,Portage Park
3866,30,NO CONTROLS,NO CONTROLS,SNOW,DARKNESS,PEDALCYCLIST,NOT DIVIDED,STRAIGHT AND LEVEL,SNOW OR SLUSH,NO DEFECTS,Y,FAILING TO YIELD RIGHT-OF-WAY,FAILING TO YIELD RIGHT-OF-WAY,,NONINCAPACITATING INJURY,17,2,41.7741289538,-87.6496459973,2020,30,POINT (-87.6496459973 41.7741289538),,,,,2020-02-12,False,67,Englewood
3867,30,NO CONTROLS,NO CONTROLS,SLEET/HAIL,DARKNESS,PEDALCYCLIST,NOT DIVIDED,STRAIGHT AND LEVEL,WET,NO DEFECTS,,UNABLE TO DETERMINE,FAILING TO YIELD RIGHT-OF-WAY,Y,NONINCAPACITATING INJURY,18,2,41.9444677701,-87.654082824,2020,30,POINT (-87.654082824 41.9444677701),,,,,2020-02-12,False,5,Lake View
3868,30,NO CONTROLS,NO CONTROLS,SNOW,DAYLIGHT,PEDALCYCLIST,ONE-WAY,STRAIGHT AND LEVEL,WET,NO DEFECTS,,DRIVING ON WRONG SIDE/WRONG WAY,NOT APPLICABLE,,"REPORTED, NOT EVIDENT",11,2,41.8998616615,-87.6263370224,2020,30,POINT (-87.6263370224 41.8998616615),,,,,2020-02-13,False,7,Near North Side
3869,30,STOP SIGN/FLASHER,FUNCTIONING PROPERLY,CLEAR,DAYLIGHT,PEDALCYCLIST,NOT DIVIDED,STRAIGHT AND LEVEL,WET,NO DEFECTS,,UNABLE TO DETERMINE,NOT APPLICABLE,,INCAPACITATING INJURY,17,2,41.8527635435,-87.6459607209,2020,30,POINT (-87.6459607209 41.8527635435),,,,,2020-02-14,True,30,Lower West Side
3870,30,TRAFFIC SIGNAL,FUNCTIONING PROPERLY,CLEAR,DAYLIGHT,PEDALCYCLIST,T-INTERSECTION,STRAIGHT AND LEVEL,DRY,NO DEFECTS,Y,FAILING TO YIELD RIGHT-OF-WAY,UNABLE TO DETERMINE,,NONINCAPACITATING INJURY,9,2,41.8832421627,-87.6410879286,2020,30,POINT (-87.6410879286 41.8832421627),,,,,2020-02-17,False,27,Near West Side
3871,30,NO CONTROLS,NO CONTROLS,CLEAR,DAYLIGHT,PEDALCYCLIST,DIVIDED - W/MEDIAN (NOT RAISED),STRAIGHT AND LEVEL,DRY,NO DEFECTS,,UNABLE TO DETERMINE,UNABLE TO DETERMINE,,NONINCAPACITATING INJURY,11,2,41.9450010338,-87.8315896517,2020,30,POINT (-87.8315896517 41.9450010338),,,,,2020-02-17,False,16,Dunning
3872,30,TRAFFIC SIGNAL,FUNCTIONING PROPERLY,RAIN,DARKNESS,PEDALCYCLIST,NOT DIVIDED,STRAIGHT AND LEVEL,WET,NO DEFECTS,,UNABLE TO DETERMINE,NOT APPLICABLE,,NONINCAPACITATING INJURY,6,2,41.8229542941,-87.685012986,2020,30,POINT (-87.685012986 41.8229542941),,,,,2020-02-18,False,57,Brighton Park
3873,20,TRAFFIC SIGNAL,FUNCTIONING PROPERLY,CLEAR,DAYLIGHT,PEDALCYCLIST,DIVIDED - W/MEDIAN (NOT RAISED),STRAIGHT AND LEVEL,DRY,NO DEFECTS,,UNABLE TO DETERMINE,NOT APPLICABLE,,NO INDICATION OF INJURY,9,2,41.8628948185,-87.7021599684,2020,20,POINT (-87.7021599684 41.8628948185),,,,,2020-02-20,False,28,North Lawndale
3874,30,UNKNOWN,UNKNOWN,UNKNOWN,UNKNOWN,PEDALCYCLIST,NOT DIVIDED,STRAIGHT AND LEVEL,UNKNOWN,UNKNOWN,,UNABLE TO DETERMINE,UNABLE TO DETERMINE,,NO INDICATION OF INJURY,2,2,41.9983135742,-87.659181218,2020,30,POINT (-87.659181218 41.9983135742),,,,,2020-02-22,False,0,Rogers Park
3875,30,TRAFFIC SIGNAL,FUNCTIONING PROPERLY,CLEAR,DAYLIGHT,PEDALCYCLIST,NOT DIVIDED,STRAIGHT AND LEVEL,DRY,NO DEFECTS,Y,DRIVING SKILLS/KNOWLEDGE/EXPERIENCE,NOT APPLICABLE,,NONINCAPACITATING INJURY,9,2,41.9000966252,-87.6253593407,2020,30,POINT (-87.6253593407 41.9000966252),,,,,2020-02-22,False,7,Near North Side
3876,30,UNKNOWN,UNKNOWN,CLEAR,DARKNESS,PEDALCYCLIST,UNKNOWN,STRAIGHT AND LEVEL,UNKNOWN,UNKNOWN,Y,UNABLE TO DETERMINE,UNABLE TO DETERMINE,,NO INDICATION OF INJURY,1,2,41.8911269147,-87.6474724456,2020,30,POINT (-87.6474724456 41.8911269147),,,,,2020-02-23,False,7,Near North Side
3877,35,TRAFFIC SIGNAL,FUNCTIONING PROPERLY,CLEAR,DAYLIGHT,PEDALCYCLIST,FOUR WAY,STRAIGHT AND LEVEL,DRY,NO DEFECTS,Y,DRIVING SKILLS/KNOWLEDGE/EXPERIENCE,UNABLE TO DETERMINE,,NONINCAPACITATING INJURY,6,2,41.8236296624,-87.6265730712,2020,35,POINT (-87.6265730712 41.8236296624),,,,,2020-02-23,False,37,Grand Boulevard
3878,30,TRAFFIC SIGNAL,FUNCTIONING PROPERLY,CLEAR,DAYLIGHT,PEDALCYCLIST,NOT DIVIDED,STRAIGHT AND LEVEL,DRY,NO DEFECTS,,FAILING TO YIELD RIGHT-OF-WAY,FAILING TO YIELD RIGHT-OF-WAY,,NO INDICATION OF INJURY,12,2,41.9530219992,-87.7818080184,2020,30,POINT (-87.7818080184 41.9530219992),,,,,2020-02-23,False,14,Portage Park
3879,30,TRAFFIC SIGNAL,FUNCTIONING PROPERLY,CLEAR,DAYLIGHT,PEDALCYCLIST,ONE-WAY,STRAIGHT AND LEVEL,DRY,NO DEFECTS,Y,IMPROPER TURNING/NO SIGNAL,NOT APPLICABLE,,NONINCAPACITATING INJURY,12,2,41.8923301615,-87.6354480705,2020,30,POINT (-87.6354480705 41.8923301615),,,,,2020-02-23,False,7,Near North Side
3880,30,NO CONTROLS,NO CONTROLS,CLEAR,DAYLIGHT,PEDALCYCLIST,NOT DIVIDED,STRAIGHT AND LEVEL,UNKNOWN,UNKNOWN,,"OPERATING VEHICLE IN ERRATIC, RECKLESS, CARELESS, NEGLIGENT OR AGGRESSIVE MANNER",NOT APPLICABLE,Y,NONINCAPACITATING INJURY,13,2,41.9654889495,-87.659158699,2020,30,POINT (-87.659158699 41.9654889495),,,,,2020-02-23,False,2,Uptown
3881,30,STOP SIGN/FLASHER,FUNCTIONING PROPERLY,CLEAR,DAYLIGHT,PEDALCYCLIST,NOT DIVIDED,STRAIGHT AND LEVEL,DRY,WORN SURFACE,,UNABLE TO DETERMINE,UNABLE TO DETERMINE,,NO INDICATION OF INJURY,14,2,41.7232365858,-87.5366134311,2020,30,POINT (-87.5366134311 41.7232365858),,,,,2020-02-23,False,45,South Chicago
3882,30,NO CONTROLS,NO CONTROLS,CLEAR,DARKNESS,PEDALCYCLIST,ONE-WAY,STRAIGHT AND LEVEL,UNKNOWN,UNKNOWN,,IMPROPER OVERTAKING/PASSING,IMPROPER OVERTAKING/PASSING,,"REPORTED, NOT EVIDENT",21,2,41.9083514875,-87.6782112208,2020,30,POINT (-87.6782112208 41.9083514875),,,,,2020-02-23,False,23,West Town
3883,30,NO CONTROLS,NO CONTROLS,CLOUDY/OVERCAST,DAYLIGHT,PEDALCYCLIST,DIVIDED - W/MEDIAN (NOT RAISED),STRAIGHT AND LEVEL,WET,NO DEFECTS,,UNABLE TO DETERMINE,UNABLE TO DETERMINE,,NO INDICATION OF INJURY,16,2,41.885504354,-87.6504747701,2020,30,POINT (-87.6504747701 41.885504354),,,,,2020-02-25,False,27,Near West Side
3884,30,NO CONTROLS,NO CONTROLS,BLOWING SNOW,DUSK,PEDALCYCLIST,DIVIDED - W/MEDIAN (NOT RAISED),STRAIGHT AND LEVEL,SNOW OR SLUSH,NO DEFECTS,,WEATHER,NOT APPLICABLE,Y,"REPORTED, NOT EVIDENT",17,2,41.9131637362,-87.6524417313,2020,30,POINT (-87.6524417313 41.9131637362),,,,,2020-02-25,False,6,Lincoln Park
3885,30,OTHER,OTHER,CLEAR,DAYLIGHT,PEDALCYCLIST,DIVIDED - W/MEDIAN (NOT RAISED),STRAIGHT AND LEVEL,DRY,NO DEFECTS,Y,ROAD CONSTRUCTION/MAINTENANCE,FAILING TO YIELD RIGHT-OF-WAY,N,NONINCAPACITATING INJURY,8,2,41.9052000853,-87.6695787541,2020,30,POINT (-87.6695787541 41.9052000853),,,,,2020-02-27,False,23,West Town
3886,30,TRAFFIC SIGNAL,FUNCTIONING PROPERLY,CLEAR,DAYLIGHT,PEDALCYCLIST,FOUR WAY,STRAIGHT AND LEVEL,DRY,NO DEFECTS,,UNABLE TO DETERMINE,NOT APPLICABLE,,NONINCAPACITATING INJURY,10,2,41.8527691728,-87.6386784988,2020,30,POINT (-87.6386784988 41.8527691728),,,,,2020-02-27,False,30,Lower West Side
3887,30,NO CONTROLS,NO CONTROLS,CLEAR,DAYLIGHT,PEDALCYCLIST,NOT DIVIDED,STRAIGHT AND LEVEL,DRY,NO DEFECTS,,FAILING TO YIELD RIGHT-OF-WAY,NOT APPLICABLE,,NONINCAPACITATING INJURY,11,2,41.8679728051,-87.6408922569,2020,30,POINT (-87.6408922569 41.8679728051),,,,,2020-02-27,False,27,Near West Side
3888,20,STOP SIGN/FLASHER,FUNCTIONING PROPERLY,CLEAR,DAYLIGHT,PEDALCYCLIST,DIVIDED - W/MEDIAN (NOT RAISED),STRAIGHT AND LEVEL,DRY,NO DEFECTS,,FAILING TO YIELD RIGHT-OF-WAY,NOT APPLICABLE,,NO INDICATION OF INJURY,15,2,41.9467362694,-87.7084259792,2020,20,POINT (-87.7084259792 41.9467362694),,,,,2020-02-27,False,15,Irving Park
3889,30,TRAFFIC SIGNAL,FUNCTIONING PROPERLY,CLEAR,DAYLIGHT,PEDALCYCLIST,FOUR WAY,STRAIGHT AND LEVEL,DRY,NO DEFECTS,Y,WEATHER,FAILING TO REDUCE SPEED TO AVOID CRASH,N,"REPORTED, NOT EVIDENT",16,2,41.9534062511,-87.7572758871,2020,30,POINT (-87.7572758871 41.9534062511),,,,,2020-02-28,False,14,Portage Park