Unnamed: 0,POSTED_SPEED_LIMIT,TRAFFIC_CONTROL_DEVICE,DEVICE_CONDITION,WEATHER_CONDITION,LIGHTING_CONDITION,FIRST_CRASH_TYPE,TRAFFICWAY_TYPE,ALIGNMENT,ROADWAY_SURFACE_COND,ROAD_DEFECT,INTERSECTION_RELATED_I,PRIM_CONTRIBUTORY_CAUSE,SEC_CONTRIBUTORY_CAUSE,DOORING_I,MOST_SEVERE_INJURY,CRASH_HOUR,CRASH_MONTH,LATITUDE,LONGITUDE,CRASH_YEAR,SPEED_LIMIT,geometry,DISPLAYROU,the_geom,DIST,LANE_TYPE,CRASH_DATE,is_severe,index_right,CArea
3890,30,NO CONTROLS,NO CONTROLS,CLEAR,"DARKNESS, LIGHTED ROAD",PEDALCYCLIST,NOT DIVIDED,STRAIGHT ON GRADE,DRY,NO DEFECTS,,UNABLE TO DETERMINE,NOT APPLICABLE,,FATAL,0,2,41.885242209,-87.719701637,2020,30,POINT (-87.719701637 41.885242209),,,,,2020-02-29,True,26,Garfield Park
3891,30,STOP SIGN/FLASHER,FUNCTIONING PROPERLY,CLEAR,DAYLIGHT,PEDALCYCLIST,ONE-WAY,STRAIGHT AND LEVEL,DRY,NO DEFECTS,Y,FAILING TO YIELD RIGHT-OF-WAY,NOT APPLICABLE,,NONINCAPACITATING INJURY,17,2,41.9954834475,-87.6733569919,2020,30,POINT (-87.6733569919 41.9954834475),,,,,2020-02-29,False,76,Edgewater
3892,30,STOP SIGN/FLASHER,FUNCTIONING PROPERLY,CLEAR,DARKNESS,PEDALCYCLIST,FOUR WAY,STRAIGHT AND LEVEL,DRY,UNKNOWN,,DISREGARDING STOP SIGN,UNABLE TO DETERMINE,,NONINCAPACITATING INJURY,22,2,41.9512381425,-87.7841606171,2020,30,POINT (-87.7841606171 41.9512381425),,,,,2020-02-29,False,14,Portage Park
3893,25,NO CONTROLS,NO CONTROLS,CLEAR,DAYLIGHT,PEDALCYCLIST,NOT DIVIDED,STRAIGHT ON HILLCREST,DRY,NO DEFECTS,,FAILING TO REDUCE SPEED TO AVOID CRASH,UNABLE TO DETERMINE,,NONINCAPACITATING INJURY,14,3,42.0087512351,-87.6809107194,2020,25,POINT (-87.6809107194 42.0087512351),,,,,2020-03-01,False,0,Rogers Park
3894,30,STOP SIGN/FLASHER,FUNCTIONING PROPERLY,CLEAR,DAYLIGHT,PEDALCYCLIST,T-INTERSECTION,STRAIGHT AND LEVEL,DRY,NO DEFECTS,Y,UNABLE TO DETERMINE,NOT APPLICABLE,,NO INDICATION OF INJURY,15,3,41.9388469662,-87.6445052298,2020,30,POINT (-87.6445052298 41.9388469662),,,,,2020-03-01,False,5,Lake View
3895,30,NO CONTROLS,NO CONTROLS,CLEAR,DAYLIGHT,PEDALCYCLIST,NOT DIVIDED,STRAIGHT AND LEVEL,DRY,NO DEFECTS,,NOT APPLICABLE,NOT APPLICABLE,,NONINCAPACITATING INJURY,17,3,41.9086588816,-87.7754361127,2020,30,POINT (-87.7754361127 41.9086588816),,,,,2020-03-01,False,24,Austin
3896,30,NO CONTROLS,NO CONTROLS,CLEAR,DAYLIGHT,PEDALCYCLIST,NOT DIVIDED,STRAIGHT AND LEVEL,DRY,NO DEFECTS,,FAILING TO YIELD RIGHT-OF-WAY,NOT APPLICABLE,,NONINCAPACITATING INJURY,9,3,41.9033111306,-87.6346058023,2020,30,POINT (-87.6346058023 41.9033111306),,,,,2020-03-02,False,7,Near North Side
3897,30,STOP SIGN/FLASHER,FUNCTIONING PROPERLY,CLEAR,"DARKNESS, LIGHTED ROAD",PEDALCYCLIST,T-INTERSECTION,STRAIGHT AND LEVEL,DRY,UNKNOWN,,DISREGARDING STOP SIGN,FAILING TO YIELD RIGHT-OF-WAY,,NONINCAPACITATING INJURY,11,3,41.9655871321,-87.6516923273,2020,30,POINT (-87.6516923273 41.9655871321),,,,,2020-03-02,False,2,Uptown
3898,30,NO CONTROLS,NO CONTROLS,CLEAR,"DARKNESS, LIGHTED ROAD",PEDALCYCLIST,ONE-WAY,STRAIGHT AND LEVEL,DRY,NO DEFECTS,,UNABLE TO DETERMINE,UNABLE TO DETERMINE,,NO INDICATION OF INJURY,18,3,41.8368315856,-87.7220531597,2020,30,POINT (-87.7220531597 41.8368315856),,,,,2020-03-03,False,29,South Lawndale
3899,30,STOP SIGN/FLASHER,FUNCTIONING PROPERLY,CLEAR,DAYLIGHT,PEDALCYCLIST,ONE-WAY,STRAIGHT AND LEVEL,DRY,NO DEFECTS,,NOT APPLICABLE,NOT APPLICABLE,,NONINCAPACITATING INJURY,15,3,41.7857039669,-87.7365606398,2020,30,POINT (-87.7365606398 41.7857039669),,,,,2020-03-05,False,64,West Lawn
3900,30,TRAFFIC SIGNAL,FUNCTIONING PROPERLY,CLEAR,DAYLIGHT,PEDALCYCLIST,ONE-WAY,STRAIGHT AND LEVEL,DRY,NO DEFECTS,,FOLLOWING TOO CLOSELY,FOLLOWING TOO CLOSELY,,NO INDICATION OF INJURY,15,3,41.8830918802,-87.636722016,2020,30,POINT (-87.636722016 41.8830918802),,,,,2020-03-05,False,27,Near West Side
3901,10,NO CONTROLS,NO CONTROLS,CLEAR,DAYLIGHT,PEDALCYCLIST,ONE-WAY,STRAIGHT AND LEVEL,DRY,NO DEFECTS,,DRIVING SKILLS/KNOWLEDGE/EXPERIENCE,"VISION OBSCURED (SIGNS, TREE LIMBS, BUILDINGS, ETC.)",,NO INDICATION OF INJURY,15,3,41.7786724172,-87.6981078736,2020,10,POINT (-87.6981078736 41.7786724172),,,,,2020-03-05,False,65,Chicago Lawn
3902,30,NO CONTROLS,NO CONTROLS,CLEAR,DAYLIGHT,PEDALCYCLIST,NOT DIVIDED,STRAIGHT AND LEVEL,DRY,NO DEFECTS,,UNABLE TO DETERMINE,NOT APPLICABLE,Y,NONINCAPACITATING INJURY,16,3,41.8966694922,-87.6367098219,2020,30,POINT (-87.6367098219 41.8966694922),,,,,2020-03-05,False,7,Near North Side
3903,30,NO CONTROLS,NO CONTROLS,CLEAR,DAYLIGHT,PEDALCYCLIST,DIVIDED - W/MEDIAN (NOT RAISED),STRAIGHT AND LEVEL,DRY,NO DEFECTS,,IMPROPER LANE USAGE,NOT APPLICABLE,,INCAPACITATING INJURY,16,3,41.7758610953,-87.6834079321,2020,30,POINT (-87.6834079321 41.7758610953),,,,,2020-03-05,True,65,Chicago Lawn
3904,25,TRAFFIC SIGNAL,FUNCTIONING PROPERLY,RAIN,"DARKNESS, LIGHTED ROAD",PEDALCYCLIST,NOT DIVIDED,STRAIGHT AND LEVEL,WET,NO DEFECTS,,WEATHER,NOT APPLICABLE,,NONINCAPACITATING INJURY,19,3,41.8956879307,-87.654334529,2020,25,POINT (-87.654334529 41.8956879307),,,,,2020-03-05,False,7,Near North Side
3905,10,NO CONTROLS,NO CONTROLS,CLEAR,DARKNESS,PEDALCYCLIST,PARKING LOT,STRAIGHT AND LEVEL,DRY,NO DEFECTS,,FAILING TO YIELD RIGHT-OF-WAY,NOT APPLICABLE,,NO INDICATION OF INJURY,19,3,41.946057604,-87.7082301098,2020,10,POINT (-87.7082301098 41.946057604),,,,,2020-03-05,False,15,Irving Park
3906,30,NO CONTROLS,NO CONTROLS,CLEAR,DAYLIGHT,PEDALCYCLIST,ONE-WAY,STRAIGHT AND LEVEL,DRY,NO DEFECTS,,IMPROPER BACKING,DRIVING ON WRONG SIDE/WRONG WAY,,NONINCAPACITATING INJURY,15,3,41.9751292864,-87.6701974999,2020,30,POINT (-87.6701974999 41.9751292864),,,,,2020-03-06,False,2,Uptown
3907,35,TRAFFIC SIGNAL,FUNCTIONING PROPERLY,CLEAR,DAYLIGHT,PEDALCYCLIST,DIVIDED - W/MEDIAN (NOT RAISED),STRAIGHT AND LEVEL,DRY,NO DEFECTS,Y,EQUIPMENT - VEHICLE CONDITION,UNABLE TO DETERMINE,,NONINCAPACITATING INJURY,17,3,41.8672649712,-87.6303830806,2020,35,POINT (-87.6303830806 41.8672649712),,,,,2020-03-06,False,32,Near South Side
3908,30,NO CONTROLS,NO CONTROLS,CLEAR,DAYLIGHT,PEDALCYCLIST,DIVIDED - W/MEDIAN (NOT RAISED),STRAIGHT AND LEVEL,DRY,NO DEFECTS,,NOT APPLICABLE,NOT APPLICABLE,Y,NO INDICATION OF INJURY,15,3,41.9073000677,-87.6728782984,2020,30,POINT (-87.6728782984 41.9073000677),,,,,2020-03-07,False,23,West Town
3909,30,STOP SIGN/FLASHER,FUNCTIONING PROPERLY,CLEAR,DAYLIGHT,PEDALCYCLIST,T-INTERSECTION,STRAIGHT AND LEVEL,DRY,NO DEFECTS,Y,IMPROPER OVERTAKING/PASSING,NOT APPLICABLE,,NONINCAPACITATING INJURY,16,3,41.9245687129,-87.6440204571,2020,30,POINT (-87.6440204571 41.9245687129),,,,,2020-03-07,False,6,Lincoln Park
3910,30,NO CONTROLS,NO CONTROLS,CLEAR,"DARKNESS, LIGHTED ROAD",PEDALCYCLIST,DIVIDED - W/MEDIAN BARRIER,STRAIGHT AND LEVEL,DRY,NO DEFECTS,,FAILING TO YIELD RIGHT-OF-WAY,UNABLE TO DETERMINE,,"REPORTED, NOT EVIDENT",18,3,41.8707068523,-87.6860047595,2020,30,POINT (-87.6860047595 41.8707068523),,,,,2020-03-07,False,27,Near West Side
3911,25,UNKNOWN,UNKNOWN,CLEAR,DAYLIGHT,PEDALCYCLIST,UNKNOWN,STRAIGHT AND LEVEL,DRY,NO DEFECTS,,NOT APPLICABLE,NOT APPLICABLE,,NONINCAPACITATING INJURY,14,3,41.9793873294,-87.786532281,2020,25,POINT (-87.786532281 41.9793873294),,,,,2020-03-08,False,10,Jefferson Park
3912,30,STOP SIGN/FLASHER,FUNCTIONING PROPERLY,CLEAR,DAYLIGHT,PEDALCYCLIST,T-INTERSECTION,STRAIGHT AND LEVEL,DRY,UNKNOWN,Y,UNABLE TO DETERMINE,UNABLE TO DETERMINE,,INCAPACITATING INJURY,15,3,41.9562503996,-87.6635729203,2020,30,POINT (-87.6635729203 41.9562503996),,,,,2020-03-08,True,2,Uptown
3913,30,TRAFFIC SIGNAL,FUNCTIONING PROPERLY,CLEAR,DAYLIGHT,PEDALCYCLIST,DIVIDED - W/MEDIAN (NOT RAISED),STRAIGHT AND LEVEL,DRY,NO DEFECTS,,FAILING TO YIELD RIGHT-OF-WAY,NOT APPLICABLE,,INCAPACITATING INJURY,15,3,41.9387456187,-87.7617382727,2020,30,POINT (-87.7617382727 41.9387456187),,,,,2020-03-08,True,14,Portage Park
3914,30,NO CONTROLS,NO CONTROLS,CLEAR,DAYLIGHT,PEDALCYCLIST,CENTER TURN LANE,STRAIGHT AND LEVEL,DRY,UNKNOWN,,FOLLOWING TOO CLOSELY,FAILING TO REDUCE SPEED TO AVOID CRASH,,"REPORTED, NOT EVIDENT",15,3,41.9464809038,-87.7125632304,2020,30,POINT (-87.7125632304 41.9464809038),,,,,2020-03-08,False,15,Irving Park
3915,30,NO CONTROLS,NO CONTROLS,CLEAR,DAYLIGHT,PEDALCYCLIST,DIVIDED - W/MEDIAN (NOT RAISED),STRAIGHT AND LEVEL,WET,NO DEFECTS,,UNABLE TO DETERMINE,NOT APPLICABLE,,"REPORTED, NOT EVIDENT",12,3,41.8698889696,-87.715679979,2020,30,POINT (-87.715679979 41.8698889696),,,,,2020-03-09,False,26,Garfield Park
3916,20,NO CONTROLS,NO CONTROLS,RAIN,"DARKNESS, LIGHTED ROAD",PEDALCYCLIST,NOT DIVIDED,STRAIGHT AND LEVEL,WET,UNKNOWN,,UNABLE TO DETERMINE,NOT APPLICABLE,,NONINCAPACITATING INJURY,19,3,41.9328785598,-87.7906518972,2020,20,POINT (-87.7906518972 41.9328785598),,,,,2020-03-09,False,17,Montclare
3917,30,TRAFFIC SIGNAL,FUNCTIONING PROPERLY,CLEAR,DAYLIGHT,PEDALCYCLIST,ONE-WAY,STRAIGHT AND LEVEL,DRY,NO DEFECTS,,IMPROPER OVERTAKING/PASSING,IMPROPER OVERTAKING/PASSING,,NO INDICATION OF INJURY,8,3,41.8023870019,-87.5867582771,2020,30,POINT (-87.5867582771 41.8023870019),,,,,2020-03-10,False,38,Kenwood
3918,30,TRAFFIC SIGNAL,FUNCTIONING PROPERLY,RAIN,DAYLIGHT,PEDALCYCLIST,NOT DIVIDED,STRAIGHT AND LEVEL,WET,NO DEFECTS,Y,FAILING TO YIELD RIGHT-OF-WAY,UNABLE TO DETERMINE,,NONINCAPACITATING INJURY,9,3,41.925597623,-87.6406509731,2020,30,POINT (-87.6406509731 41.925597623),,,,,2020-03-11,False,6,Lincoln Park
3919,30,TRAFFIC SIGNAL,FUNCTIONING PROPERLY,CLEAR,DAYLIGHT,PEDALCYCLIST,NOT DIVIDED,STRAIGHT AND LEVEL,DRY,NO DEFECTS,,UNABLE TO DETERMINE,NOT APPLICABLE,Y,NONINCAPACITATING INJURY,8,3,41.9541715325,-87.6697030329,2020,30,POINT (-87.6697030329 41.9541715325),,,,,2020-03-12,False,5,Lake View
3920,35,NO CONTROLS,NO CONTROLS,CLEAR,DAYLIGHT,PEDALCYCLIST,NOT DIVIDED,STRAIGHT AND LEVEL,DRY,NO DEFECTS,,UNABLE TO DETERMINE,NOT APPLICABLE,,NO INDICATION OF INJURY,13,3,41.8990584375,-87.6477304952,2020,35,POINT (-87.6477304952 41.8990584375),,,,,2020-03-12,False,7,Near North Side
3921,30,TRAFFIC SIGNAL,FUNCTIONING PROPERLY,CLEAR,"DARKNESS, LIGHTED ROAD",PEDALCYCLIST,NOT DIVIDED,STRAIGHT AND LEVEL,WET,NO DEFECTS,Y,FAILING TO YIELD RIGHT-OF-WAY,FOLLOWING TOO CLOSELY,,NO INDICATION OF INJURY,22,3,41.9139992093,-87.7458636922,2020,30,POINT (-87.7458636922 41.9139992093),,,,,2020-03-12,False,18,Belmont Cragin
3922,30,NO CONTROLS,NO CONTROLS,CLEAR,DAYLIGHT,PEDALCYCLIST,ONE-WAY,STRAIGHT AND LEVEL,DRY,UNKNOWN,,UNABLE TO DETERMINE,NOT APPLICABLE,,NO INDICATION OF INJURY,13,3,41.8905695365,-87.6309516164,2020,30,POINT (-87.6309516164 41.8905695365),,,,,2020-03-13,False,7,Near North Side
3923,30,TRAFFIC SIGNAL,FUNCTIONING PROPERLY,CLEAR,DAYLIGHT,PEDALCYCLIST,DIVIDED - W/MEDIAN (NOT RAISED),STRAIGHT AND LEVEL,DRY,NO DEFECTS,,FAILING TO YIELD RIGHT-OF-WAY,NOT APPLICABLE,Y,NO INDICATION OF INJURY,13,3,41.9396466109,-87.6984790136,2020,30,POINT (-87.6984790136 41.9396466109),,,,,2020-03-13,False,15,Irving Park
3924,30,NO CONTROLS,NO CONTROLS,CLEAR,DARKNESS,PEDALCYCLIST,DIVIDED - W/MEDIAN BARRIER,STRAIGHT AND LEVEL,DRY,NO DEFECTS,,UNABLE TO DETERMINE,NOT APPLICABLE,,NO INDICATION OF INJURY,14,3,41.888389005,-87.6611671224,2020,30,POINT (-87.6611671224 41.888389005),,,,,2020-03-13,False,23,West Town
3925,30,TRAFFIC SIGNAL,FUNCTIONING PROPERLY,CLEAR,DAYLIGHT,PEDALCYCLIST,NOT DIVIDED,STRAIGHT ON GRADE,DRY,UNKNOWN,,UNABLE TO DETERMINE,NOT APPLICABLE,,NO INDICATION OF INJURY,15,3,41.8958970763,-87.6842776449,2020,30,POINT (-87.6842776449 41.8958970763),,,,,2020-03-13,False,23,West Town
3926,30,TRAFFIC SIGNAL,FUNCTIONING PROPERLY,CLEAR,DAYLIGHT,PEDALCYCLIST,NOT DIVIDED,STRAIGHT AND LEVEL,DRY,NO DEFECTS,,NOT APPLICABLE,NOT APPLICABLE,,NO INDICATION OF INJURY,16,3,41.8321338029,-87.6947280593,2020,30,POINT (-87.6947280593 41.8321338029),,,,,2020-03-13,False,29,South Lawndale
3927,30,NO CONTROLS,NO CONTROLS,CLEAR,DAYLIGHT,PEDALCYCLIST,NOT DIVIDED,STRAIGHT AND LEVEL,DRY,NO DEFECTS,,UNABLE TO DETERMINE,NOT APPLICABLE,,NO INDICATION OF INJURY,17,3,41.8896692146,-87.6867211235,2020,30,POINT (-87.6867211235 41.8896692146),,,,,2020-03-13,False,23,West Town
3928,35,TRAFFIC SIGNAL,FUNCTIONING PROPERLY,CLEAR,"DARKNESS, LIGHTED ROAD",PEDALCYCLIST,FOUR WAY,STRAIGHT AND LEVEL,DRY,UNKNOWN,,UNABLE TO DETERMINE,NOT APPLICABLE,,"REPORTED, NOT EVIDENT",22,3,41.9237830204,-87.6462239775,2020,35,POINT (-87.6462239775 41.9237830204),,,,,2020-03-13,False,6,Lincoln Park
3929,30,NO CONTROLS,NO CONTROLS,SNOW,DAYLIGHT,PEDALCYCLIST,ONE-WAY,STRAIGHT AND LEVEL,WET,NO DEFECTS,,DRIVING SKILLS/KNOWLEDGE/EXPERIENCE,NOT APPLICABLE,Y,NO INDICATION OF INJURY,15,3,41.8909552064,-87.6342004368,2020,30,POINT (-87.6342004368 41.8909552064),,,,,2020-03-14,False,7,Near North Side
3930,30,TRAFFIC SIGNAL,FUNCTIONING PROPERLY,SNOW,DAYLIGHT,PEDALCYCLIST,NOT DIVIDED,STRAIGHT AND LEVEL,WET,NO DEFECTS,,FAILING TO YIELD RIGHT-OF-WAY,FAILING TO YIELD RIGHT-OF-WAY,,INCAPACITATING INJURY,17,3,41.775307524,-87.5753109171,2020,30,POINT (-87.5753109171 41.775307524),,,,,2020-03-14,True,41,Woodlawn
3931,30,TRAFFIC SIGNAL,UNKNOWN,CLEAR,DAYLIGHT,PEDALCYCLIST,NOT DIVIDED,STRAIGHT AND LEVEL,DRY,UNKNOWN,,UNABLE TO DETERMINE,UNABLE TO DETERMINE,,NO INDICATION OF INJURY,8,3,41.9540389167,-87.6793080595,2020,30,POINT (-87.6793080595 41.9540389167),,,,,2020-03-15,False,4,North Center
3932,30,NO CONTROLS,NO CONTROLS,CLEAR,DAYLIGHT,PEDALCYCLIST,NOT DIVIDED,STRAIGHT AND LEVEL,DRY,NO DEFECTS,,UNABLE TO DETERMINE,UNABLE TO DETERMINE,Y,NONINCAPACITATING INJURY,14,3,41.9652057816,-87.6635142425,2020,30,POINT (-87.6635142425 41.9652057816),,,,,2020-03-15,False,2,Uptown
3933,30,TRAFFIC SIGNAL,FUNCTIONING PROPERLY,CLEAR,"DARKNESS, LIGHTED ROAD",PEDALCYCLIST,NOT DIVIDED,STRAIGHT AND LEVEL,DRY,NO DEFECTS,Y,UNABLE TO DETERMINE,NOT APPLICABLE,,NO INDICATION OF INJURY,19,3,41.8932276038,-87.6279714254,2020,30,POINT (-87.6279714254 41.8932276038),,,,,2020-03-15,False,7,Near North Side
3934,30,TRAFFIC SIGNAL,FUNCTIONING PROPERLY,CLEAR,"DARKNESS, LIGHTED ROAD",PEDALCYCLIST,Y-INTERSECTION,STRAIGHT AND LEVEL,DRY,NO DEFECTS,Y,UNABLE TO DETERMINE,FAILING TO YIELD RIGHT-OF-WAY,,INCAPACITATING INJURY,1,3,41.9105884215,-87.6776438203,2020,30,POINT (-87.6776438203 41.9105884215),,,,,2020-03-16,True,23,West Town
3935,30,NO CONTROLS,NO CONTROLS,CLEAR,DAYLIGHT,PEDALCYCLIST,ONE-WAY,STRAIGHT AND LEVEL,DRY,NO DEFECTS,,UNABLE TO DETERMINE,NOT APPLICABLE,,NO INDICATION OF INJURY,17,3,41.8933377372,-87.6312444962,2020,30,POINT (-87.6312444962 41.8933377372),,,,,2020-03-17,False,7,Near North Side
3936,30,STOP SIGN/FLASHER,NO CONTROLS,CLEAR,DAYLIGHT,PEDALCYCLIST,NOT DIVIDED,STRAIGHT AND LEVEL,WET,NO DEFECTS,Y,DISREGARDING STOP SIGN,NOT APPLICABLE,,NONINCAPACITATING INJURY,12,3,41.9432895167,-87.6761796842,2020,30,POINT (-87.6761796842 41.9432895167),,,,,2020-03-19,False,4,North Center
3937,10,NO CONTROLS,NO CONTROLS,CLEAR,DAYLIGHT,PEDALCYCLIST,PARKING LOT,STRAIGHT AND LEVEL,DRY,UNKNOWN,,UNABLE TO DETERMINE,UNABLE TO DETERMINE,,NO INDICATION OF INJURY,14,3,41.7981944968,-87.5856307358,2020,10,POINT (-87.5856307358 41.7981944968),,,,,2020-03-20,False,40,Hyde Park
3938,30,NO CONTROLS,NO CONTROLS,CLEAR,DAYLIGHT,PEDALCYCLIST,NOT DIVIDED,STRAIGHT AND LEVEL,DRY,NO DEFECTS,,UNABLE TO DETERMINE,UNABLE TO DETERMINE,,NONINCAPACITATING INJURY,14,3,41.9657839295,-87.6498778926,2020,30,POINT (-87.6498778926 41.9657839295),,,,,2020-03-20,False,2,Uptown
3939,30,NO CONTROLS,NO CONTROLS,CLEAR,DAYLIGHT,PEDALCYCLIST,NOT DIVIDED,STRAIGHT AND LEVEL,DRY,UNKNOWN,,FAILING TO YIELD RIGHT-OF-WAY,DRIVING SKILLS/KNOWLEDGE/EXPERIENCE,Y,NONINCAPACITATING INJURY,11,3,41.9681787025,-87.7236327033,2020,30,POINT (-87.7236327033 41.9681787025),,,,,2020-03-21,False,13,Albany Park
3940,30,TRAFFIC SIGNAL,FUNCTIONING PROPERLY,CLEAR,DAYLIGHT,PEDALCYCLIST,NOT DIVIDED,STRAIGHT AND LEVEL,DRY,NO DEFECTS,Y,FAILING TO YIELD RIGHT-OF-WAY,NOT APPLICABLE,,NONINCAPACITATING INJURY,17,3,41.9940885281,-87.6994579676,2020,30,POINT (-87.6994579676 41.9940885281),,,,,2020-03-21,False,1,West Ridge
3942,30,NO CONTROLS,NO CONTROLS,CLEAR,DAYLIGHT,PEDALCYCLIST,DIVIDED - W/MEDIAN (NOT RAISED),STRAIGHT AND LEVEL,DRY,NO DEFECTS,,UNABLE TO DETERMINE,NOT APPLICABLE,,INCAPACITATING INJURY,18,3,41.8206757816,-87.6932763218,2020,30,POINT (-87.6932763218 41.8206757816),,,,,2020-03-25,True,29,South Lawndale
3943,30,TRAFFIC SIGNAL,FUNCTIONING PROPERLY,CLEAR,DAYLIGHT,PEDALCYCLIST,FOUR WAY,STRAIGHT AND LEVEL,DRY,NO DEFECTS,Y,FAILING TO YIELD RIGHT-OF-WAY,NOT APPLICABLE,,NO INDICATION OF INJURY,10,3,41.8770091388,-87.6292410145,2020,30,POINT (-87.6292410145 41.8770091388),,,,,2020-03-26,False,31,Loop
3944,30,NO CONTROLS,NO CONTROLS,CLEAR,DAYLIGHT,PEDALCYCLIST,ONE-WAY,STRAIGHT AND LEVEL,DRY,NO DEFECTS,N,NOT APPLICABLE,NOT APPLICABLE,,NO INDICATION OF INJURY,12,3,41.9410803755,-87.6404131223,2020,30,POINT (-87.6404131223 41.9410803755),,,,,2020-03-28,False,5,Lake View
3945,30,NO CONTROLS,NO CONTROLS,CLEAR,"DARKNESS, LIGHTED ROAD",PEDALCYCLIST,NOT DIVIDED,STRAIGHT AND LEVEL,UNKNOWN,UNKNOWN,,UNABLE TO DETERMINE,UNABLE TO DETERMINE,,NONINCAPACITATING INJURY,3,3,41.965829556,-87.6739428219,2020,30,POINT (-87.6739428219 41.965829556),,,,,2020-03-29,False,2,Uptown
3946,30,STOP SIGN/FLASHER,NO CONTROLS,CLEAR,DARKNESS,PEDALCYCLIST,FOUR WAY,STRAIGHT AND LEVEL,DRY,NO DEFECTS,,UNABLE TO DETERMINE,NOT APPLICABLE,,NO INDICATION OF INJURY,19,3,41.9158143096,-87.6935380896,2020,30,POINT (-87.6935380896 41.9158143096),,,,,2020-03-29,False,21,Logan Square
3947,30,STOP SIGN/FLASHER,FUNCTIONING PROPERLY,CLEAR,DARKNESS,PEDALCYCLIST,FOUR WAY,STRAIGHT AND LEVEL,DRY,NO DEFECTS,,FAILING TO YIELD RIGHT-OF-WAY,NOT APPLICABLE,,INCAPACITATING INJURY,21,3,41.7506940441,-87.636872551,2020,30,POINT (-87.636872551 41.7506940441),,,,,2020-03-30,True,43,Chatham
3948,30,STOP SIGN/FLASHER,FUNCTIONING PROPERLY,CLEAR,DAYLIGHT,PEDALCYCLIST,T-INTERSECTION,STRAIGHT AND LEVEL,DRY,NO DEFECTS,Y,FAILING TO REDUCE SPEED TO AVOID CRASH,FAILING TO YIELD RIGHT-OF-WAY,,NONINCAPACITATING INJURY,10,4,41.801364246,-87.6721078672,2020,30,POINT (-87.6721078672 41.801364246),,,,,2020-04-02,False,60,New City
3949,30,STOP SIGN/FLASHER,FUNCTIONING PROPERLY,CLEAR,DAYLIGHT,PEDALCYCLIST,ONE-WAY,STRAIGHT AND LEVEL,DRY,NO DEFECTS,,UNABLE TO DETERMINE,UNABLE TO DETERMINE,,INCAPACITATING INJURY,11,4,41.9207213463,-87.7390418898,2020,30,POINT (-87.7390418898 41.9207213463),,,,,2020-04-02,True,19,Hermosa
3950,30,TRAFFIC SIGNAL,UNKNOWN,CLEAR,DAYLIGHT,PEDALCYCLIST,FOUR WAY,STRAIGHT AND LEVEL,DRY,UNKNOWN,Y,UNABLE TO DETERMINE,UNABLE TO DETERMINE,,NONINCAPACITATING INJURY,11,4,41.7511943382,-87.6053673263,2020,30,POINT (-87.6053673263 41.7511943382),,,,,2020-04-03,False,43,Chatham
3951,30,YIELD,FUNCTIONING PROPERLY,CLEAR,DAYLIGHT,PEDALCYCLIST,DIVIDED - W/MEDIAN BARRIER,STRAIGHT AND LEVEL,DRY,NO DEFECTS,,FAILING TO YIELD RIGHT-OF-WAY,NOT APPLICABLE,,NONINCAPACITATING INJURY,16,4,41.9971397505,-87.7386530351,2020,30,POINT (-87.7386530351 41.9971397505),,,,,2020-04-03,False,11,Forest Glen
3952,30,TRAFFIC SIGNAL,FUNCTIONING PROPERLY,CLEAR,DAYLIGHT,PEDALCYCLIST,T-INTERSECTION,STRAIGHT AND LEVEL,DRY,NO DEFECTS,Y,FAILING TO REDUCE SPEED TO AVOID CRASH,NOT APPLICABLE,,INCAPACITATING INJURY,18,4,41.9535016307,-87.7496693672,2020,30,POINT (-87.7496693672 41.9535016307),,,,,2020-04-03,True,14,Portage Park
3953,30,NO CONTROLS,NO CONTROLS,CLEAR,DAYLIGHT,PEDALCYCLIST,UNKNOWN,STRAIGHT AND LEVEL,DRY,NO DEFECTS,N,UNABLE TO DETERMINE,NOT APPLICABLE,,NONINCAPACITATING INJURY,19,4,41.9605620266,-87.7696318182,2020,30,POINT (-87.7696318182 41.9605620266),,,,,2020-04-04,False,14,Portage Park
3954,35,NO CONTROLS,NO CONTROLS,CLEAR,DAYLIGHT,PEDALCYCLIST,NOT DIVIDED,STRAIGHT AND LEVEL,DRY,NO DEFECTS,,DISTRACTION - FROM INSIDE VEHICLE,NOT APPLICABLE,Y,"REPORTED, NOT EVIDENT",11,4,41.9660514099,-87.6667512605,2020,35,POINT (-87.6667512605 41.9660514099),,,,,2020-04-05,False,2,Uptown
3955,30,UNKNOWN,UNKNOWN,CLEAR,DAYLIGHT,PEDALCYCLIST,NOT DIVIDED,STRAIGHT AND LEVEL,DRY,UNKNOWN,,DRIVING ON WRONG SIDE/WRONG WAY,DRIVING SKILLS/KNOWLEDGE/EXPERIENCE,,INCAPACITATING INJURY,17,4,41.9313182786,-87.6444237581,2020,30,POINT (-87.6444237581 41.9313182786),,,,,2020-04-07,True,6,Lincoln Park
3956,30,TRAFFIC SIGNAL,FUNCTIONING PROPERLY,CLEAR,DAYLIGHT,PEDALCYCLIST,ONE-WAY,STRAIGHT AND LEVEL,DRY,NO DEFECTS,Y,UNABLE TO DETERMINE,UNABLE TO DETERMINE,,NO INDICATION OF INJURY,14,4,41.8914959746,-87.6325056694,2020,30,POINT (-87.6325056694 41.8914959746),,,,,2020-04-08,False,7,Near North Side