Unnamed: 0,POSTED_SPEED_LIMIT,TRAFFIC_CONTROL_DEVICE,DEVICE_CONDITION,WEATHER_CONDITION,LIGHTING_CONDITION,FIRST_CRASH_TYPE,TRAFFICWAY_TYPE,ALIGNMENT,ROADWAY_SURFACE_COND,ROAD_DEFECT,INTERSECTION_RELATED_I,PRIM_CONTRIBUTORY_CAUSE,SEC_CONTRIBUTORY_CAUSE,DOORING_I,MOST_SEVERE_INJURY,CRASH_HOUR,CRASH_MONTH,LATITUDE,LONGITUDE,CRASH_YEAR,SPEED_LIMIT,geometry,DISPLAYROU,the_geom,DIST,LANE_TYPE,CRASH_DATE,is_severe,index_right,CArea
3957,30,STOP SIGN/FLASHER,FUNCTIONING PROPERLY,CLEAR,DAYLIGHT,PEDALCYCLIST,NOT DIVIDED,STRAIGHT AND LEVEL,DRY,NO DEFECTS,Y,DISREGARDING STOP SIGN,NOT APPLICABLE,,NONINCAPACITATING INJURY,16,4,41.9398852427,-87.7959109368,2020,30,POINT (-87.7959109368 41.9398852427),,,,,2020-04-10,False,16,Dunning
3958,30,STOP SIGN/FLASHER,FUNCTIONING PROPERLY,CLEAR,DAYLIGHT,PEDALCYCLIST,ONE-WAY,STRAIGHT AND LEVEL,DRY,UNKNOWN,,UNABLE TO DETERMINE,UNABLE TO DETERMINE,,"REPORTED, NOT EVIDENT",16,4,41.8786556313,-87.7492553959,2020,30,POINT (-87.7492553959 41.8786556313),,,,,2020-04-10,False,24,Austin
3959,30,TRAFFIC SIGNAL,FUNCTIONING PROPERLY,CLEAR,DAYLIGHT,PEDALCYCLIST,DIVIDED - W/MEDIAN (NOT RAISED),STRAIGHT AND LEVEL,DRY,NO DEFECTS,Y,FAILING TO YIELD RIGHT-OF-WAY,NOT APPLICABLE,,"REPORTED, NOT EVIDENT",16,4,41.9397395728,-87.6688100555,2020,30,POINT (-87.6688100555 41.9397395728),,,,,2020-04-10,False,5,Lake View
3960,30,STOP SIGN/FLASHER,FUNCTIONING PROPERLY,RAIN,DAYLIGHT,PEDALCYCLIST,DIVIDED - W/MEDIAN (NOT RAISED),STRAIGHT AND LEVEL,DRY,NO DEFECTS,Y,FAILING TO YIELD RIGHT-OF-WAY,FAILING TO YIELD RIGHT-OF-WAY,,NONINCAPACITATING INJURY,9,4,41.7798596793,-87.6448527816,2020,30,POINT (-87.6448527816 41.7798596793),,,,,2020-04-11,False,67,Englewood
3961,30,NO CONTROLS,NO CONTROLS,CLEAR,DAYLIGHT,PEDALCYCLIST,T-INTERSECTION,STRAIGHT AND LEVEL,DRY,NO DEFECTS,Y,FAILING TO YIELD RIGHT-OF-WAY,IMPROPER OVERTAKING/PASSING,,NONINCAPACITATING INJURY,9,4,41.8085090952,-87.6638772582,2020,30,POINT (-87.6638772582 41.8085090952),,,,,2020-04-12,False,60,New City
3962,30,TRAFFIC SIGNAL,FUNCTIONING IMPROPERLY,CLEAR,DAYLIGHT,PEDALCYCLIST,NOT DIVIDED,STRAIGHT AND LEVEL,DRY,NO DEFECTS,Y,NOT APPLICABLE,NOT APPLICABLE,,NONINCAPACITATING INJURY,15,4,41.8824768675,-87.75519503,2020,30,POINT (-87.75519503 41.8824768675),,,,,2020-04-13,False,24,Austin
3963,30,NO CONTROLS,NO CONTROLS,CLEAR,DAYLIGHT,PEDALCYCLIST,OTHER,STRAIGHT AND LEVEL,UNKNOWN,UNKNOWN,,IMPROPER OVERTAKING/PASSING,IMPROPER OVERTAKING/PASSING,,NO INDICATION OF INJURY,13,4,41.9249192807,-87.6776679414,2020,30,POINT (-87.6776679414 41.9249192807),,,,,2020-04-18,False,6,Lincoln Park
3964,30,TRAFFIC SIGNAL,FUNCTIONING PROPERLY,CLEAR,DAYLIGHT,PEDALCYCLIST,DIVIDED - W/MEDIAN (NOT RAISED),STRAIGHT AND LEVEL,DRY,NO DEFECTS,Y,UNABLE TO DETERMINE,UNABLE TO DETERMINE,,NONINCAPACITATING INJURY,9,4,41.845494944,-87.6319704313,2020,30,POINT (-87.6319704313 41.845494944),,,,,2020-04-19,False,32,Near South Side
3965,30,TRAFFIC SIGNAL,FUNCTIONING PROPERLY,CLEAR,DAYLIGHT,PEDALCYCLIST,NOT DIVIDED,STRAIGHT AND LEVEL,DRY,UNKNOWN,Y,IMPROPER TURNING/NO SIGNAL,NOT APPLICABLE,,NO INDICATION OF INJURY,14,4,41.9396531389,-87.6639387268,2020,30,POINT (-87.6639387268 41.9396531389),,,,,2020-04-19,False,5,Lake View
3966,30,NO CONTROLS,NO CONTROLS,CLEAR,DAYLIGHT,PEDALCYCLIST,DIVIDED - W/MEDIAN (NOT RAISED),STRAIGHT AND LEVEL,DRY,NO DEFECTS,,"VISION OBSCURED (SIGNS, TREE LIMBS, BUILDINGS, ETC.)",IMPROPER TURNING/NO SIGNAL,,NONINCAPACITATING INJURY,15,4,41.9173548509,-87.6996495584,2020,30,POINT (-87.6996495584 41.9173548509),,,,,2020-04-19,False,21,Logan Square
3967,30,TRAFFIC SIGNAL,FUNCTIONING PROPERLY,CLEAR,DAYLIGHT,PEDALCYCLIST,NOT DIVIDED,STRAIGHT AND LEVEL,DRY,WORN SURFACE,Y,UNABLE TO DETERMINE,UNABLE TO DETERMINE,Y,NO INDICATION OF INJURY,17,4,41.9283639044,-87.7171514662,2020,30,POINT (-87.7171514662 41.9283639044),,,,,2020-04-19,False,21,Logan Square
3968,30,NO CONTROLS,NO CONTROLS,CLEAR,DAYLIGHT,PEDALCYCLIST,NOT DIVIDED,STRAIGHT AND LEVEL,DRY,NO DEFECTS,,UNABLE TO DETERMINE,UNABLE TO DETERMINE,,NO INDICATION OF INJURY,17,4,41.9785141687,-87.7682787917,2020,30,POINT (-87.7682787917 41.9785141687),,,,,2020-04-19,False,10,Jefferson Park
3969,30,NO CONTROLS,NO CONTROLS,CLEAR,DAYLIGHT,PEDALCYCLIST,NOT DIVIDED,STRAIGHT AND LEVEL,DRY,NO DEFECTS,,DRIVING SKILLS/KNOWLEDGE/EXPERIENCE,NOT APPLICABLE,,"REPORTED, NOT EVIDENT",7,4,41.8445333719,-87.711869687,2020,30,POINT (-87.711869687 41.8445333719),,,,,2020-04-20,False,29,South Lawndale
3970,30,NO CONTROLS,NO CONTROLS,CLEAR,DAYLIGHT,PEDALCYCLIST,ONE-WAY,STRAIGHT AND LEVEL,DRY,NO DEFECTS,,"OPERATING VEHICLE IN ERRATIC, RECKLESS, CARELESS, NEGLIGENT OR AGGRESSIVE MANNER",DRIVING SKILLS/KNOWLEDGE/EXPERIENCE,Y,INCAPACITATING INJURY,17,4,41.8918143653,-87.6256852646,2020,30,POINT (-87.6256852646 41.8918143653),,,,,2020-04-20,True,7,Near North Side
3971,30,TRAFFIC SIGNAL,FUNCTIONING PROPERLY,CLEAR,"DARKNESS, LIGHTED ROAD",PEDALCYCLIST,DIVIDED - W/MEDIAN (NOT RAISED),STRAIGHT AND LEVEL,DRY,NO DEFECTS,Y,DISREGARDING TRAFFIC SIGNALS,UNABLE TO DETERMINE,,NONINCAPACITATING INJURY,20,4,41.9328312254,-87.6489491745,2020,30,POINT (-87.6489491745 41.9328312254),,,,,2020-04-21,False,5,Lake View
3972,30,STOP SIGN/FLASHER,FUNCTIONING PROPERLY,CLOUDY/OVERCAST,DAYLIGHT,PEDALCYCLIST,FOUR WAY,STRAIGHT AND LEVEL,DRY,NO DEFECTS,Y,FAILING TO YIELD RIGHT-OF-WAY,DRIVING SKILLS/KNOWLEDGE/EXPERIENCE,,NONINCAPACITATING INJURY,9,4,41.8283129255,-87.6900187496,2020,30,POINT (-87.6900187496 41.8283129255),,,,,2020-04-22,False,29,South Lawndale
3973,30,NO CONTROLS,NO CONTROLS,CLEAR,DAYLIGHT,PEDALCYCLIST,NOT DIVIDED,STRAIGHT AND LEVEL,UNKNOWN,UNKNOWN,,UNABLE TO DETERMINE,UNABLE TO DETERMINE,,NO INDICATION OF INJURY,14,4,41.9377028442,-87.6784426199,2020,30,POINT (-87.6784426199 41.9377028442),,,,,2020-04-26,False,4,North Center
3974,30,NO CONTROLS,NO CONTROLS,CLEAR,DUSK,PEDALCYCLIST,ONE-WAY,STRAIGHT AND LEVEL,DRY,NO DEFECTS,,NOT APPLICABLE,DRIVING ON WRONG SIDE/WRONG WAY,,NONINCAPACITATING INJURY,19,4,41.883195987,-87.6507587901,2020,30,POINT (-87.6507587901 41.883195987),,,,,2020-04-26,False,27,Near West Side
3975,30,UNKNOWN,UNKNOWN,CLEAR,"DARKNESS, LIGHTED ROAD",PEDALCYCLIST,FOUR WAY,STRAIGHT AND LEVEL,DRY,NO DEFECTS,,UNABLE TO DETERMINE,UNABLE TO DETERMINE,,NONINCAPACITATING INJURY,23,4,41.8338260207,-87.6844782872,2020,30,POINT (-87.6844782872 41.8338260207),,,,,2020-04-26,False,57,Brighton Park
3976,30,STOP SIGN/FLASHER,FUNCTIONING PROPERLY,CLEAR,DAYLIGHT,PEDALCYCLIST,NOT DIVIDED,STRAIGHT AND LEVEL,DRY,NO DEFECTS,Y,DISREGARDING STOP SIGN,UNABLE TO DETERMINE,,NO INDICATION OF INJURY,10,4,41.7729355853,-87.6119726402,2020,30,POINT (-87.6119726402 41.7729355853),,,,,2020-04-27,False,41,Woodlawn
3977,30,NO CONTROLS,NO CONTROLS,CLEAR,DAYLIGHT,PEDALCYCLIST,ALLEY,STRAIGHT AND LEVEL,DRY,NO DEFECTS,,UNABLE TO DETERMINE,DRIVING SKILLS/KNOWLEDGE/EXPERIENCE,,NONINCAPACITATING INJURY,11,4,41.8727722981,-87.7106070559,2020,30,POINT (-87.7106070559 41.8727722981),,,,,2020-04-27,False,26,Garfield Park
3978,30,TRAFFIC SIGNAL,FUNCTIONING PROPERLY,CLEAR,DAYLIGHT,PEDALCYCLIST,DIVIDED - W/MEDIAN BARRIER,STRAIGHT AND LEVEL,DRY,NO DEFECTS,,DISREGARDING TRAFFIC SIGNALS,NOT APPLICABLE,,NONINCAPACITATING INJURY,14,4,41.8892253716,-87.632674115,2020,30,POINT (-87.632674115 41.8892253716),,,,,2020-04-28,False,7,Near North Side
3979,25,NO CONTROLS,NO CONTROLS,CLEAR,DAYLIGHT,PEDALCYCLIST,NOT DIVIDED,STRAIGHT AND LEVEL,DRY,NO DEFECTS,,FOLLOWING TOO CLOSELY,UNABLE TO DETERMINE,,NO INDICATION OF INJURY,16,4,41.832468285,-87.66429187,2020,25,POINT (-87.66429187 41.832468285),,,,,2020-04-28,False,58,Mckinley Park
3980,30,STOP SIGN/FLASHER,NO CONTROLS,CLEAR,DAYLIGHT,PEDALCYCLIST,FOUR WAY,STRAIGHT AND LEVEL,DRY,NO DEFECTS,,DISREGARDING STOP SIGN,NOT APPLICABLE,,NONINCAPACITATING INJURY,17,4,41.7121267928,-87.6704251333,2020,30,POINT (-87.6704251333 41.7121267928),,,,,2020-04-28,False,71,Beverly
3981,30,TRAFFIC SIGNAL,FUNCTIONING PROPERLY,RAIN,"DARKNESS, LIGHTED ROAD",PEDALCYCLIST,FOUR WAY,STRAIGHT AND LEVEL,WET,NO DEFECTS,Y,IMPROPER TURNING/NO SIGNAL,NOT APPLICABLE,,NO INDICATION OF INJURY,20,4,41.9325508252,-87.6537078978,2020,30,POINT (-87.6537078978 41.9325508252),,,,,2020-04-28,False,5,Lake View
3982,30,NO CONTROLS,NO CONTROLS,RAIN,DAYLIGHT,PEDALCYCLIST,NOT DIVIDED,STRAIGHT AND LEVEL,WET,NO DEFECTS,,UNABLE TO DETERMINE,NOT APPLICABLE,Y,NO INDICATION OF INJURY,11,4,41.9118317305,-87.7068844848,2020,30,POINT (-87.7068844848 41.9118317305),,,,,2020-04-29,False,22,Humboldt Park
3983,30,NO CONTROLS,NO CONTROLS,RAIN,DAYLIGHT,PEDALCYCLIST,FOUR WAY,STRAIGHT AND LEVEL,WET,NO DEFECTS,Y,UNABLE TO DETERMINE,UNABLE TO DETERMINE,Y,NONINCAPACITATING INJURY,13,4,41.787803591,-87.7228633219,2020,30,POINT (-87.7228633219 41.787803591),,,,,2020-04-29,False,61,West Elsdon
3984,30,NO CONTROLS,NO CONTROLS,CLEAR,DAYLIGHT,PEDALCYCLIST,NOT DIVIDED,STRAIGHT AND LEVEL,DRY,NO DEFECTS,,FAILING TO REDUCE SPEED TO AVOID CRASH,UNABLE TO DETERMINE,,NONINCAPACITATING INJURY,13,5,41.7593788712,-87.5598275602,2020,30,POINT (-87.5598275602 41.7593788712),,,,,2020-05-01,False,42,South Shore
3985,30,NO CONTROLS,NO CONTROLS,CLEAR,DAYLIGHT,PEDALCYCLIST,ONE-WAY,STRAIGHT AND LEVEL,DRY,NO DEFECTS,,UNABLE TO DETERMINE,NOT APPLICABLE,,NO INDICATION OF INJURY,14,5,41.9168665457,-87.685694037,2020,30,POINT (-87.685694037 41.9168665457),,,,,2020-05-01,False,21,Logan Square
3986,30,NO CONTROLS,NO CONTROLS,CLEAR,DAYLIGHT,PEDALCYCLIST,NOT DIVIDED,STRAIGHT AND LEVEL,DRY,NO DEFECTS,,FOLLOWING TOO CLOSELY,NOT APPLICABLE,,INCAPACITATING INJURY,18,5,41.9366131328,-87.8068475211,2020,30,POINT (-87.8068475211 41.9366131328),,,,,2020-05-01,True,16,Dunning
3987,30,TRAFFIC SIGNAL,FUNCTIONING PROPERLY,CLEAR,DAYLIGHT,PEDALCYCLIST,FOUR WAY,STRAIGHT AND LEVEL,DRY,NO DEFECTS,Y,DISREGARDING OTHER TRAFFIC SIGNS,WEATHER,,NONINCAPACITATING INJURY,19,5,41.8239391335,-87.6173093247,2020,30,POINT (-87.6173093247 41.8239391335),,,,,2020-05-01,False,34,Douglas
3988,35,NO CONTROLS,NO CONTROLS,CLEAR,"DARKNESS, LIGHTED ROAD",PEDALCYCLIST,DIVIDED - W/MEDIAN (NOT RAISED),STRAIGHT AND LEVEL,DRY,NO DEFECTS,,UNABLE TO DETERMINE,HAD BEEN DRINKING (USE WHEN ARREST IS NOT MADE),,NO INDICATION OF INJURY,19,5,41.9391691826,-87.7298402597,2020,35,POINT (-87.7298402597 41.9391691826),,,,,2020-05-01,False,15,Irving Park
3989,30,TRAFFIC SIGNAL,FUNCTIONING PROPERLY,CLEAR,"DARKNESS, LIGHTED ROAD",PEDALCYCLIST,FOUR WAY,STRAIGHT AND LEVEL,DRY,NO DEFECTS,Y,DISREGARDING OTHER TRAFFIC SIGNS,UNABLE TO DETERMINE,,NO INDICATION OF INJURY,20,5,41.8012250602,-87.6649209577,2020,30,POINT (-87.6649209577 41.8012250602),,,,,2020-05-01,False,60,New City
3990,30,TRAFFIC SIGNAL,FUNCTIONING PROPERLY,CLEAR,DAWN,PEDALCYCLIST,FOUR WAY,STRAIGHT AND LEVEL,DRY,WORN SURFACE,,UNABLE TO DETERMINE,NOT APPLICABLE,,NONINCAPACITATING INJURY,11,5,41.7757698807,-87.5763473518,2020,30,POINT (-87.5763473518 41.7757698807),,,,,2020-05-02,False,41,Woodlawn
3991,30,TRAFFIC SIGNAL,FUNCTIONING PROPERLY,CLEAR,DAYLIGHT,PEDALCYCLIST,DIVIDED - W/MEDIAN (NOT RAISED),STRAIGHT AND LEVEL,DRY,NO DEFECTS,Y,DISREGARDING TRAFFIC SIGNALS,FAILING TO YIELD RIGHT-OF-WAY,,NONINCAPACITATING INJURY,12,5,41.9128749374,-87.6332656389,2020,30,POINT (-87.6332656389 41.9128749374),,,,,2020-05-02,False,6,Lincoln Park
3992,30,NO CONTROLS,NO CONTROLS,CLEAR,DAYLIGHT,PEDALCYCLIST,NOT DIVIDED,STRAIGHT AND LEVEL,DRY,NO DEFECTS,,DRIVING SKILLS/KNOWLEDGE/EXPERIENCE,NOT APPLICABLE,,NO INDICATION OF INJURY,15,5,41.9171965502,-87.6354894335,2020,30,POINT (-87.6354894335 41.9171965502),,,,,2020-05-02,False,6,Lincoln Park
3993,30,NO CONTROLS,NO CONTROLS,CLEAR,DAYLIGHT,PEDALCYCLIST,DIVIDED - W/MEDIAN BARRIER,STRAIGHT ON GRADE,DRY,NO DEFECTS,,FAILING TO YIELD RIGHT-OF-WAY,NOT APPLICABLE,,INCAPACITATING INJURY,17,5,41.8672649712,-87.6303830806,2020,30,POINT (-87.6303830806 41.8672649712),,,,,2020-05-02,True,32,Near South Side
3994,30,TRAFFIC SIGNAL,FUNCTIONING IMPROPERLY,CLEAR,"DARKNESS, LIGHTED ROAD",PEDALCYCLIST,DIVIDED - W/MEDIAN BARRIER,STRAIGHT AND LEVEL,DRY,NO DEFECTS,,"OPERATING VEHICLE IN ERRATIC, RECKLESS, CARELESS, NEGLIGENT OR AGGRESSIVE MANNER",FAILING TO REDUCE SPEED TO AVOID CRASH,,NONINCAPACITATING INJURY,20,5,41.9470793702,-87.6690072991,2020,30,POINT (-87.6690072991 41.9470793702),,,,,2020-05-02,False,5,Lake View
3995,30,NO CONTROLS,NO CONTROLS,CLEAR,"DARKNESS, LIGHTED ROAD",PEDALCYCLIST,NOT DIVIDED,STRAIGHT AND LEVEL,DRY,NO DEFECTS,,UNABLE TO DETERMINE,UNABLE TO DETERMINE,,NONINCAPACITATING INJURY,22,5,41.9457722039,-87.7662979748,2020,30,POINT (-87.7662979748 41.9457722039),,,,,2020-05-02,False,14,Portage Park
3996,30,NO CONTROLS,NO CONTROLS,CLEAR,DAYLIGHT,PEDALCYCLIST,DIVIDED - W/MEDIAN (NOT RAISED),STRAIGHT AND LEVEL,DRY,NO DEFECTS,,UNABLE TO DETERMINE,NOT APPLICABLE,Y,INCAPACITATING INJURY,13,5,41.9943224421,-87.6706436715,2020,30,POINT (-87.6706436715 41.9943224421),,,,,2020-05-03,True,76,Edgewater
3997,25,UNKNOWN,UNKNOWN,CLEAR,DARKNESS,PEDALCYCLIST,DIVIDED - W/MEDIAN (NOT RAISED),STRAIGHT AND LEVEL,UNKNOWN,UNKNOWN,,UNABLE TO DETERMINE,UNABLE TO DETERMINE,,"REPORTED, NOT EVIDENT",16,5,41.9962818298,-87.6899828491,2020,25,POINT (-87.6899828491 41.9962818298),,,,,2020-05-03,False,1,West Ridge
3998,30,NO CONTROLS,NO CONTROLS,CLEAR,"DARKNESS, LIGHTED ROAD",PEDALCYCLIST,NOT DIVIDED,STRAIGHT AND LEVEL,DRY,NO DEFECTS,,UNABLE TO DETERMINE,UNABLE TO DETERMINE,,NONINCAPACITATING INJURY,21,5,41.8890982263,-87.7650257722,2020,30,POINT (-87.7650257722 41.8890982263),,,,,2020-05-03,False,24,Austin
3999,30,STOP SIGN/FLASHER,FUNCTIONING PROPERLY,CLEAR,DAYLIGHT,PEDALCYCLIST,ONE-WAY,STRAIGHT AND LEVEL,DRY,NO DEFECTS,Y,DISREGARDING STOP SIGN,NOT APPLICABLE,,NO INDICATION OF INJURY,14,5,41.9234138479,-87.7488500549,2020,30,POINT (-87.7488500549 41.9234138479),,,,,2020-05-04,False,18,Belmont Cragin
4000,35,NO CONTROLS,NO CONTROLS,CLEAR,DAYLIGHT,PEDALCYCLIST,NOT DIVIDED,STRAIGHT AND LEVEL,DRY,NO DEFECTS,,UNABLE TO DETERMINE,NOT APPLICABLE,,NO INDICATION OF INJURY,10,5,41.9310386399,-87.6439356413,2020,35,POINT (-87.6439356413 41.9310386399),,,,,2020-05-06,False,6,Lincoln Park
4001,25,STOP SIGN/FLASHER,FUNCTIONING PROPERLY,CLEAR,DAYLIGHT,PEDALCYCLIST,DIVIDED - W/MEDIAN (NOT RAISED),STRAIGHT AND LEVEL,DRY,NO DEFECTS,Y,UNABLE TO DETERMINE,UNABLE TO DETERMINE,,NO INDICATION OF INJURY,14,5,41.9200102582,-87.6535786579,2020,25,POINT (-87.6535786579 41.9200102582),,,,,2020-05-06,False,6,Lincoln Park
4002,25,NO CONTROLS,NO CONTROLS,CLEAR,DAYLIGHT,PEDALCYCLIST,NOT DIVIDED,STRAIGHT AND LEVEL,DRY,NO DEFECTS,,PHYSICAL CONDITION OF DRIVER,NOT APPLICABLE,,NO INDICATION OF INJURY,18,5,41.8377180098,-87.7049831335,2020,25,POINT (-87.7049831335 41.8377180098),,,,,2020-05-06,False,29,South Lawndale
4003,30,NO CONTROLS,NO CONTROLS,CLEAR,DAYLIGHT,PEDALCYCLIST,ONE-WAY,STRAIGHT AND LEVEL,DRY,NO DEFECTS,,FAILING TO REDUCE SPEED TO AVOID CRASH,NOT APPLICABLE,,INCAPACITATING INJURY,15,5,41.8979785352,-87.7677848937,2020,30,POINT (-87.7677848937 41.8979785352),,,,,2020-05-07,True,24,Austin
4004,30,NO CONTROLS,NO CONTROLS,CLEAR,DAYLIGHT,PEDALCYCLIST,NOT DIVIDED,STRAIGHT AND LEVEL,DRY,NO DEFECTS,Y,FAILING TO YIELD RIGHT-OF-WAY,NOT APPLICABLE,,NONINCAPACITATING INJURY,15,5,41.9197692121,-87.6951878925,2020,30,POINT (-87.6951878925 41.9197692121),,,,,2020-05-08,False,21,Logan Square
4005,30,TRAFFIC SIGNAL,FUNCTIONING PROPERLY,CLEAR,DAYLIGHT,PEDALCYCLIST,OTHER,STRAIGHT AND LEVEL,DRY,NO DEFECTS,Y,DRIVING ON WRONG SIDE/WRONG WAY,"VISION OBSCURED (SIGNS, TREE LIMBS, BUILDINGS, ETC.)",,"REPORTED, NOT EVIDENT",10,5,41.8820229,-87.637081412,2020,30,POINT (-87.637081412 41.8820229),,,,,2020-05-09,False,27,Near West Side
4006,30,NO CONTROLS,NO CONTROLS,CLEAR,DAYLIGHT,PEDALCYCLIST,NOT DIVIDED,STRAIGHT AND LEVEL,DRY,NO DEFECTS,,IMPROPER BACKING,FAILING TO REDUCE SPEED TO AVOID CRASH,,"REPORTED, NOT EVIDENT",10,5,41.9963265072,-87.6545839593,2020,30,POINT (-87.6545839593 41.9963265072),,,,,2020-05-09,False,76,Edgewater
4007,30,NO CONTROLS,NO CONTROLS,CLEAR,DAYLIGHT,PEDALCYCLIST,NOT DIVIDED,STRAIGHT AND LEVEL,DRY,NO DEFECTS,,IMPROPER TURNING/NO SIGNAL,FAILING TO YIELD RIGHT-OF-WAY,,NONINCAPACITATING INJURY,18,5,41.8865782752,-87.7464713988,2020,30,POINT (-87.7464713988 41.8865782752),,,,,2020-05-09,False,24,Austin
4008,30,NO CONTROLS,NO CONTROLS,CLEAR,DAYLIGHT,PEDALCYCLIST,NOT DIVIDED,STRAIGHT AND LEVEL,DRY,NO DEFECTS,,FAILING TO YIELD RIGHT-OF-WAY,IMPROPER OVERTAKING/PASSING,,"REPORTED, NOT EVIDENT",12,5,41.9688915579,-87.6612707047,2020,30,POINT (-87.6612707047 41.9688915579),,,,,2020-05-13,False,2,Uptown
4009,25,NO CONTROLS,NO CONTROLS,CLEAR,DAYLIGHT,PEDALCYCLIST,NOT DIVIDED,STRAIGHT AND LEVEL,DRY,NO DEFECTS,,NOT APPLICABLE,NOT APPLICABLE,Y,"REPORTED, NOT EVIDENT",13,5,41.8521474282,-87.6703178199,2020,25,POINT (-87.6703178199 41.8521474282),,,,,2020-05-13,False,30,Lower West Side
4010,30,OTHER,OTHER,CLEAR,DARKNESS,PEDALCYCLIST,DIVIDED - W/MEDIAN (NOT RAISED),STRAIGHT AND LEVEL,DRY,NO DEFECTS,,UNABLE TO DETERMINE,NOT APPLICABLE,,NONINCAPACITATING INJURY,20,5,41.9102732017,-87.706708382,2020,30,POINT (-87.706708382 41.9102732017),,,,,2020-05-13,False,22,Humboldt Park
4011,30,STOP SIGN/FLASHER,NO CONTROLS,CLEAR,"DARKNESS, LIGHTED ROAD",PEDALCYCLIST,ONE-WAY,STRAIGHT AND LEVEL,DRY,NO DEFECTS,,FAILING TO YIELD RIGHT-OF-WAY,NOT APPLICABLE,,INCAPACITATING INJURY,21,5,41.7491707876,-87.6166341219,2020,30,POINT (-87.6166341219 41.7491707876),,,,,2020-05-13,True,43,Chatham
4012,30,STOP SIGN/FLASHER,FUNCTIONING PROPERLY,CLEAR,DAYLIGHT,PEDALCYCLIST,FOUR WAY,STRAIGHT AND LEVEL,DRY,NO DEFECTS,Y,DISREGARDING STOP SIGN,DRIVING SKILLS/KNOWLEDGE/EXPERIENCE,,NO INDICATION OF INJURY,17,5,41.9812285807,-87.7660828266,2020,30,POINT (-87.7660828266 41.9812285807),,,,,2020-05-14,False,10,Jefferson Park
4013,25,NO CONTROLS,NO CONTROLS,CLEAR,DAYLIGHT,PEDALCYCLIST,NOT DIVIDED,STRAIGHT AND LEVEL,UNKNOWN,UNKNOWN,,UNABLE TO DETERMINE,UNABLE TO DETERMINE,Y,NONINCAPACITATING INJURY,18,5,41.9866323645,-87.7834215917,2020,25,POINT (-87.7834215917 41.9866323645),,,,,2020-05-14,False,10,Jefferson Park
4014,30,TRAFFIC SIGNAL,FUNCTIONING PROPERLY,CLEAR,"DARKNESS, LIGHTED ROAD",PEDALCYCLIST,FOUR WAY,STRAIGHT AND LEVEL,DRY,NO DEFECTS,Y,FAILING TO YIELD RIGHT-OF-WAY,UNABLE TO DETERMINE,,NO INDICATION OF INJURY,20,5,41.997814785,-87.8069386565,2020,30,POINT (-87.8069386565 41.997814785),,,,,2020-05-14,False,8,Edison Park
4015,20,STOP SIGN/FLASHER,FUNCTIONING PROPERLY,RAIN,DAYLIGHT,PEDALCYCLIST,ONE-WAY,STRAIGHT AND LEVEL,WET,NO DEFECTS,,UNABLE TO DETERMINE,NOT APPLICABLE,Y,NO INDICATION OF INJURY,8,5,41.8749523027,-87.7452122463,2020,20,POINT (-87.7452122463 41.8749523027),,,,,2020-05-15,False,24,Austin
4016,30,TRAFFIC SIGNAL,FUNCTIONING PROPERLY,CLEAR,DAYLIGHT,PEDALCYCLIST,NOT DIVIDED,STRAIGHT AND LEVEL,DRY,NO DEFECTS,,UNABLE TO DETERMINE,UNABLE TO DETERMINE,,NO INDICATION OF INJURY,12,5,41.9386174633,-87.7666482968,2020,30,POINT (-87.7666482968 41.9386174633),,,,,2020-05-15,False,14,Portage Park
4017,30,STOP SIGN/FLASHER,FUNCTIONING PROPERLY,CLEAR,DAYLIGHT,PEDALCYCLIST,FOUR WAY,STRAIGHT AND LEVEL,DRY,NO DEFECTS,Y,UNABLE TO DETERMINE,NOT APPLICABLE,,"REPORTED, NOT EVIDENT",14,5,41.7847756756,-87.6693435243,2020,30,POINT (-87.6693435243 41.7847756756),,,,,2020-05-15,False,66,Englewood
4018,30,STOP SIGN/FLASHER,FUNCTIONING PROPERLY,CLEAR,DAYLIGHT,PEDALCYCLIST,NOT DIVIDED,STRAIGHT AND LEVEL,UNKNOWN,UNKNOWN,Y,IMPROPER OVERTAKING/PASSING,IMPROPER OVERTAKING/PASSING,,NONINCAPACITATING INJURY,16,5,41.9270801188,-87.6632371961,2020,30,POINT (-87.6632371961 41.9270801188),,,,,2020-05-15,False,6,Lincoln Park
4019,30,NO CONTROLS,NO CONTROLS,CLEAR,DUSK,PEDALCYCLIST,ONE-WAY,STRAIGHT AND LEVEL,DRY,NO DEFECTS,,UNABLE TO DETERMINE,UNABLE TO DETERMINE,,NO INDICATION OF INJURY,19,5,41.8805050421,-87.7404669356,2020,30,POINT (-87.7404669356 41.8805050421),,,,,2020-05-15,False,24,Austin
4020,30,TRAFFIC SIGNAL,FUNCTIONING PROPERLY,CLEAR,DAYLIGHT,PEDALCYCLIST,T-INTERSECTION,STRAIGHT AND LEVEL,DRY,NO DEFECTS,,UNABLE TO DETERMINE,UNABLE TO DETERMINE,,INCAPACITATING INJURY,14,5,41.8859453868,-87.6206083649,2020,30,POINT (-87.6206083649 41.8859453868),,,,,2020-05-16,True,31,Loop
4021,30,STOP SIGN/FLASHER,FUNCTIONING PROPERLY,CLEAR,DAYLIGHT,PEDALCYCLIST,FOUR WAY,STRAIGHT AND LEVEL,DRY,NO DEFECTS,Y,FAILING TO REDUCE SPEED TO AVOID CRASH,FAILING TO YIELD RIGHT-OF-WAY,,NO INDICATION OF INJURY,14,5,41.9797127519,-87.6796634335,2020,30,POINT (-87.6796634335 41.9797127519),,,,,2020-05-16,False,3,Lincoln Square