Unnamed: 0,POSTED_SPEED_LIMIT,TRAFFIC_CONTROL_DEVICE,DEVICE_CONDITION,WEATHER_CONDITION,LIGHTING_CONDITION,FIRST_CRASH_TYPE,TRAFFICWAY_TYPE,ALIGNMENT,ROADWAY_SURFACE_COND,ROAD_DEFECT,INTERSECTION_RELATED_I,PRIM_CONTRIBUTORY_CAUSE,SEC_CONTRIBUTORY_CAUSE,DOORING_I,MOST_SEVERE_INJURY,CRASH_HOUR,CRASH_MONTH,LATITUDE,LONGITUDE,CRASH_YEAR,SPEED_LIMIT,geometry,DISPLAYROU,the_geom,DIST,LANE_TYPE,CRASH_DATE,is_severe,index_right,CArea
4022,30,TRAFFIC SIGNAL,FUNCTIONING PROPERLY,CLEAR,DAYLIGHT,PEDALCYCLIST,NOT DIVIDED,STRAIGHT AND LEVEL,DRY,NO DEFECTS,,UNABLE TO DETERMINE,NOT APPLICABLE,,NONINCAPACITATING INJURY,17,5,41.7236859106,-87.5373229814,2020,30,POINT (-87.5373229814 41.7236859106),,,,,2020-05-16,False,45,South Chicago
4023,25,STOP SIGN/FLASHER,FUNCTIONING PROPERLY,CLEAR,DAYLIGHT,PEDALCYCLIST,OTHER,STRAIGHT AND LEVEL,DRY,UNKNOWN,Y,FAILING TO YIELD RIGHT-OF-WAY,NOT APPLICABLE,,NONINCAPACITATING INJURY,17,5,41.9397509175,-87.8142869186,2020,25,POINT (-87.8142869186 41.9397509175),,,,,2020-05-16,False,16,Dunning
4024,30,NO CONTROLS,NO CONTROLS,CLEAR,DAYLIGHT,PEDALCYCLIST,NOT DIVIDED,STRAIGHT AND LEVEL,DRY,NO DEFECTS,,UNABLE TO DETERMINE,UNABLE TO DETERMINE,,"REPORTED, NOT EVIDENT",14,5,41.8806340554,-87.7429547312,2020,30,POINT (-87.7429547312 41.8806340554),,,,,2020-05-18,False,24,Austin
4025,30,TRAFFIC SIGNAL,FUNCTIONING PROPERLY,CLEAR,DAYLIGHT,PEDALCYCLIST,NOT DIVIDED,STRAIGHT AND LEVEL,DRY,UNKNOWN,Y,IMPROPER OVERTAKING/PASSING,FAILING TO REDUCE SPEED TO AVOID CRASH,,NO INDICATION OF INJURY,14,5,41.8907407711,-87.6879695372,2020,30,POINT (-87.6879695372 41.8907407711),,,,,2020-05-18,False,23,West Town
4026,30,TRAFFIC SIGNAL,FUNCTIONING PROPERLY,CLEAR,DAYLIGHT,PEDALCYCLIST,DIVIDED - W/MEDIAN (NOT RAISED),STRAIGHT AND LEVEL,DRY,NO DEFECTS,Y,FAILING TO REDUCE SPEED TO AVOID CRASH,UNABLE TO DETERMINE,,INCAPACITATING INJURY,7,5,41.8695873951,-87.6436639606,2020,30,POINT (-87.6436639606 41.8695873951),,,,,2020-05-20,True,27,Near West Side
4027,30,NO CONTROLS,NO CONTROLS,CLEAR,DAYLIGHT,PEDALCYCLIST,ONE-WAY,STRAIGHT AND LEVEL,DRY,NO DEFECTS,,FAILING TO YIELD RIGHT-OF-WAY,NOT APPLICABLE,,NONINCAPACITATING INJURY,17,5,41.9201491295,-87.6778306688,2020,30,POINT (-87.6778306688 41.9201491295),,,,,2020-05-20,False,6,Lincoln Park
4028,30,NO CONTROLS,NO CONTROLS,CLEAR,DAYLIGHT,PEDALCYCLIST,NOT DIVIDED,STRAIGHT AND LEVEL,DRY,NO DEFECTS,,UNABLE TO DETERMINE,UNABLE TO DETERMINE,Y,NONINCAPACITATING INJURY,18,5,41.9382973873,-87.6784622606,2020,30,POINT (-87.6784622606 41.9382973873),,,,,2020-05-20,False,4,North Center
4029,30,TRAFFIC SIGNAL,FUNCTIONING PROPERLY,CLEAR,DAYLIGHT,PEDALCYCLIST,NOT DIVIDED,STRAIGHT AND LEVEL,DRY,NO DEFECTS,Y,FAILING TO YIELD RIGHT-OF-WAY,NOT APPLICABLE,,"REPORTED, NOT EVIDENT",7,5,41.896633749,-87.6343513372,2020,30,POINT (-87.6343513372 41.896633749),,,,,2020-05-21,False,7,Near North Side
4030,30,NO CONTROLS,NO CONTROLS,CLEAR,DAYLIGHT,PEDALCYCLIST,NOT DIVIDED,STRAIGHT AND LEVEL,DRY,NO DEFECTS,Y,FAILING TO YIELD RIGHT-OF-WAY,NOT APPLICABLE,,NONINCAPACITATING INJURY,9,5,41.8956158505,-87.7114985896,2020,30,POINT (-87.7114985896 41.8956158505),,,,,2020-05-21,False,22,Humboldt Park
4031,20,NO CONTROLS,NO CONTROLS,CLEAR,DAYLIGHT,PEDALCYCLIST,NOT DIVIDED,STRAIGHT AND LEVEL,DRY,NO DEFECTS,,FAILING TO YIELD RIGHT-OF-WAY,NOT APPLICABLE,,NO INDICATION OF INJURY,12,5,41.9560352032,-87.7503257165,2020,20,POINT (-87.7503257165 41.9560352032),,,,,2020-05-21,False,14,Portage Park
4032,30,TRAFFIC SIGNAL,FUNCTIONING PROPERLY,CLOUDY/OVERCAST,DAYLIGHT,PEDALCYCLIST,"FIVE POINT, OR MORE",STRAIGHT AND LEVEL,DRY,NO DEFECTS,,UNABLE TO DETERMINE,NOT APPLICABLE,,NONINCAPACITATING INJURY,14,5,41.9237167367,-87.6461307318,2020,30,POINT (-87.6461307318 41.9237167367),,,,,2020-05-21,False,6,Lincoln Park
4033,30,NO CONTROLS,NO CONTROLS,CLEAR,DAYLIGHT,PEDALCYCLIST,NOT DIVIDED,STRAIGHT AND LEVEL,DRY,UNKNOWN,,UNABLE TO DETERMINE,UNABLE TO DETERMINE,,NONINCAPACITATING INJURY,15,5,41.9507607066,-87.7427489249,2020,30,POINT (-87.7427489249 41.9507607066),,,,,2020-05-22,False,14,Portage Park
4034,30,NO CONTROLS,NO CONTROLS,CLEAR,DAYLIGHT,PEDALCYCLIST,NOT DIVIDED,STRAIGHT AND LEVEL,DRY,NO DEFECTS,,UNABLE TO DETERMINE,NOT APPLICABLE,,NO INDICATION OF INJURY,19,5,41.9959852861,-87.7876371171,2020,30,POINT (-87.7876371171 41.9959852861),,,,,2020-05-22,False,10,Jefferson Park
4035,25,STOP SIGN/FLASHER,FUNCTIONING PROPERLY,CLEAR,"DARKNESS, LIGHTED ROAD",PEDALCYCLIST,NOT DIVIDED,STRAIGHT AND LEVEL,DRY,NO DEFECTS,Y,DISREGARDING STOP SIGN,UNABLE TO DETERMINE,,NONINCAPACITATING INJURY,20,5,41.8943909273,-87.6656908196,2020,25,POINT (-87.6656908196 41.8943909273),,,,,2020-05-22,False,23,West Town
4036,30,TRAFFIC SIGNAL,FUNCTIONING PROPERLY,CLEAR,DAYLIGHT,PEDALCYCLIST,NOT DIVIDED,STRAIGHT AND LEVEL,DRY,NO DEFECTS,Y,UNABLE TO DETERMINE,UNABLE TO DETERMINE,,NO INDICATION OF INJURY,7,5,41.8925932255,-87.6243340479,2020,30,POINT (-87.6243340479 41.8925932255),,,,,2020-05-23,False,7,Near North Side
4037,25,NO CONTROLS,NO CONTROLS,CLEAR,DAYLIGHT,PEDALCYCLIST,NOT DIVIDED,STRAIGHT AND LEVEL,DRY,NO DEFECTS,,FOLLOWING TOO CLOSELY,UNABLE TO DETERMINE,,NO INDICATION OF INJURY,11,5,41.8976050687,-87.6574079485,2020,25,POINT (-87.6574079485 41.8976050687),,,,,2020-05-23,False,7,Near North Side
4038,30,TRAFFIC SIGNAL,FUNCTIONING PROPERLY,CLEAR,DAYLIGHT,PEDALCYCLIST,DIVIDED - W/MEDIAN BARRIER,STRAIGHT AND LEVEL,DRY,UNKNOWN,,TURNING RIGHT ON RED,IMPROPER LANE USAGE,,NO INDICATION OF INJURY,14,5,41.8662828666,-87.7202710047,2020,30,POINT (-87.7202710047 41.8662828666),,,,,2020-05-23,False,28,North Lawndale
4039,30,TRAFFIC SIGNAL,FUNCTIONING PROPERLY,CLEAR,DAYLIGHT,PEDALCYCLIST,DIVIDED - W/MEDIAN BARRIER,STRAIGHT AND LEVEL,DRY,NO DEFECTS,,UNABLE TO DETERMINE,DRIVING SKILLS/KNOWLEDGE/EXPERIENCE,,NO INDICATION OF INJURY,14,5,41.7941820389,-87.6259364906,2020,30,POINT (-87.6259364906 41.7941820389),,,,,2020-05-23,False,39,Washington Park
4040,30,UNKNOWN,UNKNOWN,UNKNOWN,UNKNOWN,PEDALCYCLIST,UNKNOWN,STRAIGHT AND LEVEL,UNKNOWN,UNKNOWN,,UNABLE TO DETERMINE,NOT APPLICABLE,,NO INDICATION OF INJURY,14,5,41.9110285098,-87.648335806,2020,30,POINT (-87.648335806 41.9110285098),,,,,2020-05-24,False,6,Lincoln Park
4041,30,TRAFFIC SIGNAL,UNKNOWN,CLEAR,DAYLIGHT,PEDALCYCLIST,NOT DIVIDED,STRAIGHT AND LEVEL,DRY,UNKNOWN,,UNABLE TO DETERMINE,NOT APPLICABLE,,NONINCAPACITATING INJURY,14,5,41.9109445155,-87.6481251893,2020,30,POINT (-87.6481251893 41.9109445155),,,,,2020-05-24,False,6,Lincoln Park
4042,30,NO CONTROLS,NO CONTROLS,CLEAR,DAYLIGHT,PEDALCYCLIST,NOT DIVIDED,STRAIGHT AND LEVEL,DRY,NO DEFECTS,,DRIVING SKILLS/KNOWLEDGE/EXPERIENCE,NOT APPLICABLE,,INCAPACITATING INJURY,14,5,41.8923065239,-87.6474565204,2020,30,POINT (-87.6474565204 41.8923065239),,,,,2020-05-24,True,7,Near North Side
4043,30,TRAFFIC SIGNAL,UNKNOWN,CLEAR,DAYLIGHT,PEDALCYCLIST,NOT DIVIDED,STRAIGHT AND LEVEL,DRY,UNKNOWN,Y,UNABLE TO DETERMINE,NOT APPLICABLE,,INCAPACITATING INJURY,18,5,41.9173793168,-87.6972506403,2020,30,POINT (-87.6972506403 41.9173793168),,,,,2020-05-24,True,21,Logan Square
4044,30,NO CONTROLS,NO CONTROLS,CLEAR,DAYLIGHT,PEDALCYCLIST,NOT DIVIDED,STRAIGHT ON GRADE,DRY,WORN SURFACE,,UNABLE TO DETERMINE,UNABLE TO DETERMINE,,NONINCAPACITATING INJURY,15,5,42.0051322024,-87.6785806941,2020,30,POINT (-87.6785806941 42.0051322024),,,,,2020-05-25,False,0,Rogers Park
4045,30,NO CONTROLS,NO CONTROLS,CLEAR,DAYLIGHT,PEDALCYCLIST,NOT DIVIDED,STRAIGHT AND LEVEL,DRY,NO DEFECTS,,UNABLE TO DETERMINE,UNABLE TO DETERMINE,,"REPORTED, NOT EVIDENT",19,5,41.7868216428,-87.7619264769,2020,30,POINT (-87.7619264769 41.7868216428),,,,,2020-05-25,False,55,Garfield Ridge
4046,20,NO CONTROLS,NO CONTROLS,CLEAR,DAYLIGHT,PEDALCYCLIST,NOT DIVIDED,STRAIGHT AND LEVEL,DRY,NO DEFECTS,,FAILING TO YIELD RIGHT-OF-WAY,NOT APPLICABLE,,NO INDICATION OF INJURY,12,5,41.9357176802,-87.6470780266,2020,20,POINT (-87.6470780266 41.9357176802),,,,,2020-05-26,False,5,Lake View
4047,30,TRAFFIC SIGNAL,FUNCTIONING PROPERLY,CLEAR,DAYLIGHT,PEDALCYCLIST,NOT DIVIDED,STRAIGHT AND LEVEL,DRY,NO DEFECTS,Y,FAILING TO YIELD RIGHT-OF-WAY,IMPROPER TURNING/NO SIGNAL,,NO INDICATION OF INJURY,12,5,42.011715808,-87.7089208265,2020,30,POINT (-87.7089208265 42.011715808),,,,,2020-05-26,False,1,West Ridge
4048,30,NO CONTROLS,NO CONTROLS,CLEAR,DAYLIGHT,PEDALCYCLIST,NOT DIVIDED,STRAIGHT AND LEVEL,DRY,UNKNOWN,,UNABLE TO DETERMINE,UNABLE TO DETERMINE,,NONINCAPACITATING INJURY,13,5,41.8955924616,-87.7139359181,2020,30,POINT (-87.7139359181 41.8955924616),,,,,2020-05-26,False,22,Humboldt Park
4049,30,STOP SIGN/FLASHER,NO CONTROLS,RAIN,DAYLIGHT,PEDALCYCLIST,FOUR WAY,STRAIGHT AND LEVEL,WET,UNKNOWN,Y,DISREGARDING STOP SIGN,UNABLE TO DETERMINE,Y,NONINCAPACITATING INJURY,15,5,41.9217073212,-87.6633475587,2020,30,POINT (-87.6633475587 41.9217073212),,,,,2020-05-26,False,6,Lincoln Park
4050,30,STOP SIGN/FLASHER,NO CONTROLS,CLEAR,DAYLIGHT,PEDALCYCLIST,FOUR WAY,STRAIGHT AND LEVEL,DRY,NO DEFECTS,,FAILING TO YIELD RIGHT-OF-WAY,NOT APPLICABLE,,NO INDICATION OF INJURY,16,5,41.7769756485,-87.710509315,2020,30,POINT (-87.710509315 41.7769756485),,,,,2020-05-26,False,65,Chicago Lawn
4051,30,NO CONTROLS,NO CONTROLS,CLEAR,DAYLIGHT,PEDALCYCLIST,FOUR WAY,STRAIGHT AND LEVEL,DRY,NO DEFECTS,Y,UNABLE TO DETERMINE,NOT APPLICABLE,,NO INDICATION OF INJURY,18,5,41.6980044587,-87.6234062903,2020,30,POINT (-87.6234062903 41.6980044587),,,,,2020-05-26,False,48,Roseland
4052,30,NO CONTROLS,NO CONTROLS,CLEAR,"DARKNESS, LIGHTED ROAD",PEDALCYCLIST,ONE-WAY,STRAIGHT AND LEVEL,DRY,NO DEFECTS,,UNABLE TO DETERMINE,NOT APPLICABLE,,"REPORTED, NOT EVIDENT",21,5,41.8779398657,-87.7379531636,2020,30,POINT (-87.7379531636 41.8779398657),,,,,2020-05-26,False,25,Garfield Park
4053,30,PEDESTRIAN CROSSING SIGN,FUNCTIONING PROPERLY,CLEAR,DAYLIGHT,PEDALCYCLIST,NOT DIVIDED,STRAIGHT AND LEVEL,DRY,NO DEFECTS,,DRIVING SKILLS/KNOWLEDGE/EXPERIENCE,NOT APPLICABLE,,NONINCAPACITATING INJURY,11,5,41.9971396196,-87.7385320075,2020,30,POINT (-87.7385320075 41.9971396196),,,,,2020-05-27,False,11,Forest Glen
4054,30,NO CONTROLS,NO CONTROLS,CLEAR,DAYLIGHT,PEDALCYCLIST,NOT DIVIDED,STRAIGHT AND LEVEL,DRY,NO DEFECTS,Y,FAILING TO YIELD RIGHT-OF-WAY,NOT APPLICABLE,,NONINCAPACITATING INJURY,14,5,41.8769314042,-87.6473565618,2020,30,POINT (-87.6473565618 41.8769314042),,,,,2020-05-27,False,27,Near West Side
4055,30,NO CONTROLS,NO CONTROLS,CLEAR,DAYLIGHT,PEDALCYCLIST,NOT DIVIDED,STRAIGHT AND LEVEL,DRY,UNKNOWN,,FAILING TO YIELD RIGHT-OF-WAY,NOT APPLICABLE,Y,NONINCAPACITATING INJURY,15,5,41.9054382467,-87.6479827434,2020,30,POINT (-87.6479827434 41.9054382467),,,,,2020-05-27,False,7,Near North Side
4056,25,TRAFFIC SIGNAL,FUNCTIONING PROPERLY,CLEAR,DAYLIGHT,PEDALCYCLIST,NOT DIVIDED,STRAIGHT AND LEVEL,DRY,NO DEFECTS,,UNABLE TO DETERMINE,UNABLE TO DETERMINE,,NONINCAPACITATING INJURY,16,5,41.8735527196,-87.7255363964,2020,25,POINT (-87.7255363964 41.8735527196),,,,,2020-05-27,False,25,Garfield Park
4057,30,TRAFFIC SIGNAL,FUNCTIONING PROPERLY,CLEAR,DAYLIGHT,PEDALCYCLIST,UNKNOWN INTERSECTION TYPE,STRAIGHT AND LEVEL,DRY,NO DEFECTS,Y,UNABLE TO DETERMINE,NOT APPLICABLE,,NONINCAPACITATING INJURY,17,5,41.8959618414,-87.6547606933,2020,30,POINT (-87.6547606933 41.8959618414),,,,,2020-05-27,False,7,Near North Side
4058,30,NO CONTROLS,NO CONTROLS,CLEAR,"DARKNESS, LIGHTED ROAD",PEDALCYCLIST,ALLEY,STRAIGHT AND LEVEL,WET,NO DEFECTS,,"OPERATING VEHICLE IN ERRATIC, RECKLESS, CARELESS, NEGLIGENT OR AGGRESSIVE MANNER",FAILING TO REDUCE SPEED TO AVOID CRASH,,INCAPACITATING INJURY,0,5,41.8776642552,-87.7559352818,2020,30,POINT (-87.7559352818 41.8776642552),,,,,2020-05-28,True,24,Austin
4059,30,NO CONTROLS,NO CONTROLS,CLEAR,DAYLIGHT,PEDALCYCLIST,NOT DIVIDED,STRAIGHT AND LEVEL,DRY,NO DEFECTS,,UNABLE TO DETERMINE,UNABLE TO DETERMINE,Y,INCAPACITATING INJURY,16,5,41.8379302687,-87.646895887,2020,30,POINT (-87.646895887 41.8379302687),,,,,2020-05-28,True,30,Lower West Side
4060,30,NO CONTROLS,NO CONTROLS,CLEAR,DAYLIGHT,PEDALCYCLIST,NOT DIVIDED,STRAIGHT ON GRADE,DRY,UNKNOWN,,UNABLE TO DETERMINE,UNABLE TO DETERMINE,,NONINCAPACITATING INJURY,13,5,41.9472350385,-87.673466477,2020,30,POINT (-87.673466477 41.9472350385),,,,,2020-05-29,False,4,North Center
4061,30,TRAFFIC SIGNAL,FUNCTIONING IMPROPERLY,CLEAR,DAYLIGHT,PEDALCYCLIST,FOUR WAY,STRAIGHT AND LEVEL,DRY,NO DEFECTS,Y,UNABLE TO DETERMINE,NOT APPLICABLE,,NONINCAPACITATING INJURY,14,5,41.9972314882,-87.7668182559,2020,30,POINT (-87.7668182559 41.9972314882),,,,,2020-05-29,False,10,Jefferson Park
4062,30,STOP SIGN/FLASHER,FUNCTIONING PROPERLY,CLEAR,DAYLIGHT,PEDALCYCLIST,DIVIDED - W/MEDIAN (NOT RAISED),STRAIGHT AND LEVEL,DRY,NO DEFECTS,,FOLLOWING TOO CLOSELY,NOT APPLICABLE,,NO INDICATION OF INJURY,17,5,41.9418382812,-87.6494757138,2020,30,POINT (-87.6494757138 41.9418382812),,,,,2020-05-29,False,5,Lake View
4063,30,OTHER,FUNCTIONING PROPERLY,CLEAR,DAYLIGHT,PEDALCYCLIST,DIVIDED - W/MEDIAN BARRIER,"CURVE, LEVEL",DRY,UNKNOWN,Y,DISREGARDING ROAD MARKINGS,IMPROPER OVERTAKING/PASSING,,NONINCAPACITATING INJURY,18,5,41.8022280739,-87.603656814,2020,30,POINT (-87.603656814 41.8022280739),,,,,2020-05-29,False,40,Hyde Park
4064,30,OTHER,FUNCTIONING PROPERLY,CLEAR,DAYLIGHT,PEDALCYCLIST,DIVIDED - W/MEDIAN BARRIER,"CURVE, LEVEL",DRY,UNKNOWN,Y,DISREGARDING ROAD MARKINGS,IMPROPER OVERTAKING/PASSING,,NONINCAPACITATING INJURY,18,5,41.8022280739,-87.603656814,2020,30,POINT (-87.603656814 41.8022280739),,,,,2020-05-29,False,40,Hyde Park
4065,30,TRAFFIC SIGNAL,FUNCTIONING PROPERLY,UNKNOWN,DAYLIGHT,PEDALCYCLIST,NOT DIVIDED,STRAIGHT AND LEVEL,UNKNOWN,NO DEFECTS,,UNABLE TO DETERMINE,NOT APPLICABLE,,NONINCAPACITATING INJURY,18,5,41.909792526,-87.7414338781,2020,30,POINT (-87.7414338781 41.909792526),,,,,2020-05-29,False,24,Austin
4066,30,TRAFFIC SIGNAL,FUNCTIONING PROPERLY,CLEAR,DUSK,PEDALCYCLIST,DIVIDED - W/MEDIAN (NOT RAISED),STRAIGHT AND LEVEL,DRY,NO DEFECTS,,FAILING TO YIELD RIGHT-OF-WAY,UNABLE TO DETERMINE,,NO INDICATION OF INJURY,19,5,41.9765496073,-87.6521738853,2020,30,POINT (-87.6521738853 41.9765496073),,,,,2020-05-29,False,2,Uptown
4067,30,TRAFFIC SIGNAL,FUNCTIONING PROPERLY,CLEAR,DAYLIGHT,PEDALCYCLIST,FOUR WAY,STRAIGHT AND LEVEL,DRY,NO DEFECTS,Y,DISTRACTION - FROM INSIDE VEHICLE,DRIVING SKILLS/KNOWLEDGE/EXPERIENCE,,NONINCAPACITATING INJURY,9,5,41.843379849,-87.6540911533,2020,30,POINT (-87.6540911533 41.843379849),,,,,2020-05-30,False,30,Lower West Side
4068,30,NO CONTROLS,NO CONTROLS,CLEAR,DAYLIGHT,PEDALCYCLIST,NOT DIVIDED,STRAIGHT AND LEVEL,DRY,NO DEFECTS,,FAILING TO YIELD RIGHT-OF-WAY,IMPROPER LANE USAGE,,NO INDICATION OF INJURY,11,5,41.8444286658,-87.7032368732,2020,30,POINT (-87.7032368732 41.8444286658),,,,,2020-05-30,False,29,South Lawndale
4069,30,TRAFFIC SIGNAL,UNKNOWN,CLEAR,DAYLIGHT,PEDALCYCLIST,FOUR WAY,STRAIGHT AND LEVEL,UNKNOWN,NO DEFECTS,Y,UNABLE TO DETERMINE,NOT APPLICABLE,,NO INDICATION OF INJURY,14,5,41.8085422443,-87.6845482018,2020,30,POINT (-87.6845482018 41.8085422443),,,,,2020-05-30,False,57,Brighton Park
4070,30,TRAFFIC SIGNAL,FUNCTIONING PROPERLY,CLEAR,DAYLIGHT,PEDALCYCLIST,NOT DIVIDED,STRAIGHT AND LEVEL,DRY,NO DEFECTS,Y,FAILING TO YIELD RIGHT-OF-WAY,NOT APPLICABLE,,NONINCAPACITATING INJURY,14,5,41.9351069145,-87.7170721522,2020,30,POINT (-87.7170721522 41.9351069145),,,,,2020-05-30,False,20,Avondale
4071,30,STOP SIGN/FLASHER,FUNCTIONING PROPERLY,CLEAR,DARKNESS,PEDALCYCLIST,NOT DIVIDED,STRAIGHT AND LEVEL,DRY,NO DEFECTS,Y,DISREGARDING STOP SIGN,FAILING TO YIELD RIGHT-OF-WAY,,NO INDICATION OF INJURY,19,5,41.9388469662,-87.6445052298,2020,30,POINT (-87.6445052298 41.9388469662),,,,,2020-05-30,False,5,Lake View
4072,30,TRAFFIC SIGNAL,FUNCTIONING PROPERLY,CLEAR,"DARKNESS, LIGHTED ROAD",PEDALCYCLIST,FOUR WAY,STRAIGHT AND LEVEL,DRY,NO DEFECTS,Y,FAILING TO YIELD RIGHT-OF-WAY,"OPERATING VEHICLE IN ERRATIC, RECKLESS, CARELESS, NEGLIGENT OR AGGRESSIVE MANNER",,"REPORTED, NOT EVIDENT",22,5,41.8933396645,-87.6310973807,2020,30,POINT (-87.6310973807 41.8933396645),,,,,2020-05-30,False,7,Near North Side
4073,30,NO CONTROLS,NO CONTROLS,CLEAR,"DARKNESS, LIGHTED ROAD",PEDALCYCLIST,ONE-WAY,STRAIGHT AND LEVEL,DRY,NO DEFECTS,,UNABLE TO DETERMINE,UNABLE TO DETERMINE,,NONINCAPACITATING INJURY,23,5,41.8958887175,-87.6266838893,2020,30,POINT (-87.6266838893 41.8958887175),,,,,2020-05-30,False,7,Near North Side
4074,30,NO CONTROLS,NO CONTROLS,CLEAR,DAYLIGHT,PEDALCYCLIST,NOT DIVIDED,STRAIGHT AND LEVEL,WET,NO DEFECTS,,FAILING TO YIELD RIGHT-OF-WAY,UNABLE TO DETERMINE,Y,NONINCAPACITATING INJURY,12,6,41.8442006758,-87.7201890404,2020,30,POINT (-87.7201890404 41.8442006758),,,,,2020-06-01,False,29,South Lawndale
4075,30,STOP SIGN/FLASHER,NO CONTROLS,CLEAR,DAYLIGHT,PEDALCYCLIST,NOT DIVIDED,STRAIGHT AND LEVEL,DRY,NO DEFECTS,,UNABLE TO DETERMINE,NOT APPLICABLE,,NONINCAPACITATING INJURY,15,6,41.858802304,-87.7371157422,2020,30,POINT (-87.7371157422 41.858802304),,,,,2020-06-01,False,28,North Lawndale
4076,30,NO CONTROLS,NO CONTROLS,CLEAR,DAYLIGHT,PEDALCYCLIST,NOT DIVIDED,STRAIGHT AND LEVEL,DRY,NO DEFECTS,,UNABLE TO DETERMINE,NOT APPLICABLE,N,NONINCAPACITATING INJURY,18,6,41.7761852961,-87.6470640111,2020,30,POINT (-87.6470640111 41.7761852961),,,,,2020-06-01,False,67,Englewood
4077,30,NO CONTROLS,NO CONTROLS,CLEAR,DAYLIGHT,PEDALCYCLIST,DIVIDED - W/MEDIAN (NOT RAISED),STRAIGHT AND LEVEL,DRY,NO DEFECTS,Y,IMPROPER OVERTAKING/PASSING,FAILING TO YIELD RIGHT-OF-WAY,,NONINCAPACITATING INJURY,7,6,41.8947624357,-87.6528975298,2020,30,POINT (-87.6528975298 41.8947624357),,,,,2020-06-02,False,7,Near North Side
4078,30,NO CONTROLS,NO CONTROLS,CLEAR,DAYLIGHT,PEDALCYCLIST,DIVIDED - W/MEDIAN (NOT RAISED),STRAIGHT AND LEVEL,DRY,NO DEFECTS,,UNABLE TO DETERMINE,UNABLE TO DETERMINE,,NONINCAPACITATING INJURY,15,6,41.7548542692,-87.6151900421,2020,30,POINT (-87.6151900421 41.7548542692),,,,,2020-06-02,False,68,Grand Crossing
4079,30,STOP SIGN/FLASHER,FUNCTIONING PROPERLY,CLEAR,DAYLIGHT,PEDALCYCLIST,NOT DIVIDED,STRAIGHT AND LEVEL,DRY,UNKNOWN,,FAILING TO YIELD RIGHT-OF-WAY,NOT APPLICABLE,,NONINCAPACITATING INJURY,18,6,41.9650005162,-87.6875169988,2020,30,POINT (-87.6875169988 41.9650005162),,,,,2020-06-02,False,3,Lincoln Square
4080,30,TRAFFIC SIGNAL,FUNCTIONING PROPERLY,CLEAR,DUSK,PEDALCYCLIST,NOT DIVIDED,STRAIGHT AND LEVEL,DRY,NO DEFECTS,,UNABLE TO DETERMINE,UNABLE TO DETERMINE,,NO INDICATION OF INJURY,20,6,41.9547002709,-87.6480278739,2020,30,POINT (-87.6480278739 41.9547002709),,,,,2020-06-02,False,2,Uptown
4081,30,NO CONTROLS,NO CONTROLS,CLEAR,"DARKNESS, LIGHTED ROAD",PEDALCYCLIST,NOT DIVIDED,STRAIGHT AND LEVEL,DRY,NO DEFECTS,,FAILING TO REDUCE SPEED TO AVOID CRASH,NOT APPLICABLE,,NONINCAPACITATING INJURY,21,6,41.7425036686,-87.5846712492,2020,30,POINT (-87.5846712492 41.7425036686),,,,,2020-06-02,False,44,Avalon Park
4082,35,NO CONTROLS,NO CONTROLS,CLEAR,DAYLIGHT,PEDALCYCLIST,DIVIDED - W/MEDIAN (NOT RAISED),STRAIGHT AND LEVEL,DRY,NO DEFECTS,,IMPROPER LANE USAGE,IMPROPER OVERTAKING/PASSING,N,"REPORTED, NOT EVIDENT",15,6,41.7841624299,-87.7227679129,2020,35,POINT (-87.7227679129 41.7841624299),,,,,2020-06-03,False,64,West Lawn
4083,30,NO CONTROLS,NO CONTROLS,CLEAR,DAYLIGHT,PEDALCYCLIST,PARKING LOT,STRAIGHT AND LEVEL,DRY,UNKNOWN,,UNABLE TO DETERMINE,NOT APPLICABLE,,NONINCAPACITATING INJURY,18,6,41.8097954827,-87.5923738666,2020,30,POINT (-87.5923738666 41.8097954827),,,,,2020-06-03,False,38,Kenwood
4084,30,STOP SIGN/FLASHER,FUNCTIONING PROPERLY,CLEAR,DAYLIGHT,PEDALCYCLIST,FOUR WAY,STRAIGHT AND LEVEL,DRY,NO DEFECTS,Y,"VISION OBSCURED (SIGNS, TREE LIMBS, BUILDINGS, ETC.)",UNABLE TO DETERMINE,,NONINCAPACITATING INJURY,18,6,42.0054495539,-87.6634981338,2020,30,POINT (-87.6634981338 42.0054495539),,,,,2020-06-03,False,0,Rogers Park
4085,20,NO CONTROLS,NO CONTROLS,CLEAR,DAYLIGHT,PEDALCYCLIST,NOT DIVIDED,STRAIGHT AND LEVEL,DRY,NO DEFECTS,Y,UNABLE TO DETERMINE,UNABLE TO DETERMINE,,NONINCAPACITATING INJURY,11,6,41.9960050155,-87.6896794263,2020,20,POINT (-87.6896794263 41.9960050155),,,,,2020-06-04,False,1,West Ridge
4086,30,TRAFFIC SIGNAL,FUNCTIONING PROPERLY,CLEAR,DAYLIGHT,PEDALCYCLIST,FOUR WAY,STRAIGHT AND LEVEL,DRY,NO DEFECTS,Y,UNABLE TO DETERMINE,NOT APPLICABLE,,"REPORTED, NOT EVIDENT",12,6,41.9884773074,-87.6700005695,2020,30,POINT (-87.6700005695 41.9884773074),,,,,2020-06-04,False,76,Edgewater