Unnamed: 0,POSTED_SPEED_LIMIT,TRAFFIC_CONTROL_DEVICE,DEVICE_CONDITION,WEATHER_CONDITION,LIGHTING_CONDITION,FIRST_CRASH_TYPE,TRAFFICWAY_TYPE,ALIGNMENT,ROADWAY_SURFACE_COND,ROAD_DEFECT,INTERSECTION_RELATED_I,PRIM_CONTRIBUTORY_CAUSE,SEC_CONTRIBUTORY_CAUSE,DOORING_I,MOST_SEVERE_INJURY,CRASH_HOUR,CRASH_MONTH,LATITUDE,LONGITUDE,CRASH_YEAR,SPEED_LIMIT,geometry,DISPLAYROU,the_geom,DIST,LANE_TYPE,CRASH_DATE,is_severe,index_right,CArea
4087,30,STOP SIGN/FLASHER,NO CONTROLS,CLEAR,DAYLIGHT,PEDALCYCLIST,NOT DIVIDED,STRAIGHT AND LEVEL,DRY,NO DEFECTS,,IMPROPER LANE USAGE,UNABLE TO DETERMINE,,NONINCAPACITATING INJURY,19,6,41.9090753639,-87.6286729015,2020,30,POINT (-87.6286729015 41.9090753639),,,,,2020-06-04,False,7,Near North Side
4089,30,NO CONTROLS,NO CONTROLS,CLEAR,DAYLIGHT,PEDALCYCLIST,NOT DIVIDED,STRAIGHT ON HILLCREST,DRY,NO DEFECTS,,UNABLE TO DETERMINE,UNABLE TO DETERMINE,,NO INDICATION OF INJURY,12,6,41.9683836445,-87.7251488166,2020,30,POINT (-87.7251488166 41.9683836445),,,,,2020-06-05,False,13,Albany Park
4090,30,NO CONTROLS,NO CONTROLS,CLEAR,DAYLIGHT,PEDALCYCLIST,NOT DIVIDED,STRAIGHT AND LEVEL,DRY,NO DEFECTS,,NOT APPLICABLE,NOT APPLICABLE,Y,"REPORTED, NOT EVIDENT",13,6,41.9357591853,-87.6474555119,2020,30,POINT (-87.6474555119 41.9357591853),,,,,2020-06-05,False,5,Lake View
4091,30,STOP SIGN/FLASHER,OTHER,CLEAR,DAYLIGHT,PEDALCYCLIST,FOUR WAY,STRAIGHT AND LEVEL,DRY,UNKNOWN,Y,DISREGARDING STOP SIGN,FAILING TO REDUCE SPEED TO AVOID CRASH,,NONINCAPACITATING INJURY,14,6,41.8932430271,-87.7436119652,2020,30,POINT (-87.7436119652 41.8932430271),,,,,2020-06-05,False,24,Austin
4092,30,NO CONTROLS,NO CONTROLS,CLEAR,DAYLIGHT,PEDALCYCLIST,NOT DIVIDED,STRAIGHT AND LEVEL,DRY,NO DEFECTS,,UNABLE TO DETERMINE,UNABLE TO DETERMINE,,"REPORTED, NOT EVIDENT",16,6,41.9462133295,-87.7312446057,2020,30,POINT (-87.7312446057 41.9462133295),,,,,2020-06-05,False,15,Irving Park
4093,30,UNKNOWN,UNKNOWN,CLEAR,DAYLIGHT,PEDALCYCLIST,T-INTERSECTION,STRAIGHT AND LEVEL,UNKNOWN,UNKNOWN,Y,NOT APPLICABLE,NOT APPLICABLE,,NONINCAPACITATING INJURY,18,6,41.9030052226,-87.76553803,2020,30,POINT (-87.76553803 41.9030052226),,,,,2020-06-05,False,24,Austin
4094,20,STOP SIGN/FLASHER,FUNCTIONING PROPERLY,CLEAR,DAYLIGHT,PEDALCYCLIST,NOT DIVIDED,STRAIGHT AND LEVEL,DRY,NO DEFECTS,Y,FAILING TO YIELD RIGHT-OF-WAY,NOT APPLICABLE,,NONINCAPACITATING INJURY,9,6,41.8227230428,-87.6127382165,2020,20,POINT (-87.6127382165 41.8227230428),,,,,2020-06-06,False,37,Grand Boulevard
4095,30,STOP SIGN/FLASHER,FUNCTIONING PROPERLY,CLEAR,DAYLIGHT,PEDALCYCLIST,NOT DIVIDED,STRAIGHT AND LEVEL,DRY,NO DEFECTS,,FAILING TO YIELD RIGHT-OF-WAY,NOT APPLICABLE,,"REPORTED, NOT EVIDENT",12,6,41.7941370443,-87.782007703,2020,30,POINT (-87.782007703 41.7941370443),,,,,2020-06-06,False,55,Garfield Ridge
4096,20,NO CONTROLS,NO CONTROLS,CLEAR,DAYLIGHT,PEDALCYCLIST,NOT DIVIDED,STRAIGHT AND LEVEL,DRY,NO DEFECTS,,"VISION OBSCURED (SIGNS, TREE LIMBS, BUILDINGS, ETC.)",FAILING TO YIELD RIGHT-OF-WAY,N,NO INDICATION OF INJURY,14,6,41.7168274595,-87.6769487455,2020,20,POINT (-87.6769487455 41.7168274595),,,,,2020-06-06,False,71,Beverly
4097,30,NO CONTROLS,NO CONTROLS,CLEAR,DAYLIGHT,PEDALCYCLIST,NOT DIVIDED,STRAIGHT AND LEVEL,DRY,UNKNOWN,,FAILING TO YIELD RIGHT-OF-WAY,NOT APPLICABLE,Y,NONINCAPACITATING INJURY,14,6,41.9316632093,-87.6576694901,2020,30,POINT (-87.6576694901 41.9316632093),,,,,2020-06-06,False,6,Lincoln Park
4098,30,NO CONTROLS,NO CONTROLS,CLEAR,DAYLIGHT,PEDALCYCLIST,NOT DIVIDED,STRAIGHT AND LEVEL,DRY,NO DEFECTS,,NOT APPLICABLE,NOT APPLICABLE,Y,NONINCAPACITATING INJURY,14,6,41.9652022351,-87.6501580984,2020,30,POINT (-87.6501580984 41.9652022351),,,,,2020-06-06,False,2,Uptown
4099,30,TRAFFIC SIGNAL,FUNCTIONING PROPERLY,CLEAR,DAYLIGHT,PEDALCYCLIST,NOT DIVIDED,STRAIGHT AND LEVEL,DRY,NO DEFECTS,,FAILING TO YIELD RIGHT-OF-WAY,UNABLE TO DETERMINE,,NO INDICATION OF INJURY,16,6,41.9107192433,-87.6678408072,2020,30,POINT (-87.6678408072 41.9107192433),,,,,2020-06-06,False,23,West Town
4100,30,STOP SIGN/FLASHER,FUNCTIONING PROPERLY,CLEAR,DAYLIGHT,PEDALCYCLIST,NOT DIVIDED,STRAIGHT AND LEVEL,DRY,UNKNOWN,N,NOT APPLICABLE,NOT APPLICABLE,,NO INDICATION OF INJURY,17,6,41.7941227361,-87.7819212749,2020,30,POINT (-87.7819212749 41.7941227361),,,,,2020-06-06,False,55,Garfield Ridge
4101,30,TRAFFIC SIGNAL,FUNCTIONING PROPERLY,CLEAR,DAYLIGHT,PEDALCYCLIST,FOUR WAY,STRAIGHT AND LEVEL,DRY,NO DEFECTS,Y,UNABLE TO DETERMINE,UNABLE TO DETERMINE,,NONINCAPACITATING INJURY,17,6,41.7666030222,-87.5663237227,2020,30,POINT (-87.5663237227 41.7666030222),,,,,2020-06-06,False,42,South Shore
4102,30,STOP SIGN/FLASHER,NO CONTROLS,CLEAR,DARKNESS,PEDALCYCLIST,FOUR WAY,STRAIGHT AND LEVEL,DRY,NO DEFECTS,,FAILING TO YIELD RIGHT-OF-WAY,"DISTRACTION - OTHER ELECTRONIC DEVICE (NAVIGATION DEVICE, DVD PLAYER, ETC.)",,NONINCAPACITATING INJURY,21,6,41.7563871339,-87.6199658964,2020,30,POINT (-87.6199658964 41.7563871339),,,,,2020-06-06,False,68,Grand Crossing
4103,30,NO CONTROLS,NO CONTROLS,CLEAR,DAYLIGHT,PEDALCYCLIST,NOT DIVIDED,STRAIGHT AND LEVEL,DRY,NO DEFECTS,,FAILING TO YIELD RIGHT-OF-WAY,UNABLE TO DETERMINE,,NO INDICATION OF INJURY,12,6,41.8907397609,-87.639439239,2020,30,POINT (-87.639439239 41.8907397609),,,,,2020-06-07,False,7,Near North Side
4104,30,NO CONTROLS,NO CONTROLS,CLEAR,DAYLIGHT,PEDALCYCLIST,NOT DIVIDED,STRAIGHT AND LEVEL,DRY,NO DEFECTS,,FAILING TO YIELD RIGHT-OF-WAY,UNABLE TO DETERMINE,Y,INCAPACITATING INJURY,17,6,41.9590742478,-87.6790483913,2020,30,POINT (-87.6790483913 41.9590742478),,,,,2020-06-07,True,4,North Center
4105,30,NO CONTROLS,NO CONTROLS,CLEAR,DAYLIGHT,PEDALCYCLIST,DIVIDED - W/MEDIAN BARRIER,STRAIGHT AND LEVEL,DRY,NO DEFECTS,,DRIVING SKILLS/KNOWLEDGE/EXPERIENCE,UNABLE TO DETERMINE,Y,NONINCAPACITATING INJURY,12,6,41.9933041871,-87.6702668702,2020,30,POINT (-87.6702668702 41.9933041871),,,,,2020-06-08,False,76,Edgewater
4106,30,OTHER,NO CONTROLS,CLEAR,DAYLIGHT,PEDALCYCLIST,ONE-WAY,STRAIGHT AND LEVEL,DRY,NO DEFECTS,Y,FAILING TO YIELD RIGHT-OF-WAY,NOT APPLICABLE,,NONINCAPACITATING INJURY,13,6,41.9015798769,-87.6243778788,2020,30,POINT (-87.6243778788 41.9015798769),,,,,2020-06-08,False,7,Near North Side
4107,20,TRAFFIC SIGNAL,FUNCTIONING PROPERLY,CLEAR,DAYLIGHT,PEDALCYCLIST,NOT DIVIDED,STRAIGHT AND LEVEL,DRY,NO DEFECTS,Y,DISREGARDING TRAFFIC SIGNALS,NOT APPLICABLE,,NO INDICATION OF INJURY,14,6,41.8671938576,-87.642040179,2020,20,POINT (-87.642040179 41.8671938576),,,,,2020-06-08,False,27,Near West Side
4108,30,NO CONTROLS,NO CONTROLS,CLEAR,DAYLIGHT,PEDALCYCLIST,NOT DIVIDED,STRAIGHT AND LEVEL,DRY,NO DEFECTS,,FAILING TO YIELD RIGHT-OF-WAY,UNABLE TO DETERMINE,Y,NONINCAPACITATING INJURY,15,6,41.8695335439,-87.6562609787,2020,30,POINT (-87.6562609787 41.8695335439),,,,,2020-06-08,False,27,Near West Side
4109,30,TRAFFIC SIGNAL,FUNCTIONING PROPERLY,CLEAR,DAYLIGHT,PEDALCYCLIST,DIVIDED - W/MEDIAN (NOT RAISED),STRAIGHT AND LEVEL,DRY,NO DEFECTS,Y,FAILING TO REDUCE SPEED TO AVOID CRASH,UNABLE TO DETERMINE,,NONINCAPACITATING INJURY,19,6,41.7716660969,-87.7103568098,2020,30,POINT (-87.7103568098 41.7716660969),,,,,2020-06-08,False,65,Chicago Lawn
4110,30,TRAFFIC SIGNAL,UNKNOWN,CLEAR,"DARKNESS, LIGHTED ROAD",PEDALCYCLIST,NOT DIVIDED,STRAIGHT AND LEVEL,DRY,NO DEFECTS,,UNABLE TO DETERMINE,NOT APPLICABLE,,INCAPACITATING INJURY,21,6,41.7373762261,-87.643780724,2020,30,POINT (-87.643780724 41.7373762261),,,,,2020-06-08,True,70,Auburn Gresham
4111,30,NO CONTROLS,NO CONTROLS,CLEAR,"DARKNESS, LIGHTED ROAD",PEDALCYCLIST,NOT DIVIDED,STRAIGHT AND LEVEL,DRY,NO DEFECTS,,NOT APPLICABLE,NOT APPLICABLE,,NONINCAPACITATING INJURY,22,6,41.9396106507,-87.7270529358,2020,30,POINT (-87.7270529358 41.9396106507),,,,,2020-06-08,False,15,Irving Park
4112,30,NO CONTROLS,NO CONTROLS,CLEAR,DAYLIGHT,PEDALCYCLIST,DIVIDED - W/MEDIAN (NOT RAISED),STRAIGHT AND LEVEL,DRY,WORN SURFACE,,UNABLE TO DETERMINE,UNABLE TO DETERMINE,,NONINCAPACITATING INJURY,14,6,41.8087576036,-87.6457348736,2020,30,POINT (-87.6457348736 41.8087576036),,,,,2020-06-09,False,60,New City
4113,30,TRAFFIC SIGNAL,FUNCTIONING PROPERLY,CLEAR,DAYLIGHT,PEDALCYCLIST,NOT DIVIDED,STRAIGHT AND LEVEL,DRY,NO DEFECTS,Y,FAILING TO YIELD RIGHT-OF-WAY,DRIVING SKILLS/KNOWLEDGE/EXPERIENCE,,NONINCAPACITATING INJURY,14,6,41.8777557322,-87.6571651952,2020,30,POINT (-87.6571651952 41.8777557322),,,,,2020-06-09,False,27,Near West Side
4114,15,NO CONTROLS,NO CONTROLS,UNKNOWN,UNKNOWN,PEDALCYCLIST,ALLEY,STRAIGHT AND LEVEL,UNKNOWN,UNKNOWN,,UNABLE TO DETERMINE,NOT APPLICABLE,,NO INDICATION OF INJURY,16,6,42.0104479749,-87.6822745765,2020,15,POINT (-87.6822745765 42.0104479749),,,,,2020-06-09,False,0,Rogers Park
4115,30,NO CONTROLS,NO CONTROLS,CLEAR,DAYLIGHT,PEDALCYCLIST,NOT DIVIDED,STRAIGHT AND LEVEL,DRY,NO DEFECTS,,FAILING TO REDUCE SPEED TO AVOID CRASH,DRIVING SKILLS/KNOWLEDGE/EXPERIENCE,,NO INDICATION OF INJURY,16,6,41.8005277021,-87.7235192748,2020,30,POINT (-87.7235192748 41.8005277021),,,,,2020-06-09,False,56,Archer Heights
4116,10,NO CONTROLS,NO CONTROLS,RAIN,DAYLIGHT,PEDALCYCLIST,ONE-WAY,"CURVE, LEVEL",WET,NO DEFECTS,Y,DRIVING ON WRONG SIDE/WRONG WAY,WEATHER,,NONINCAPACITATING INJURY,17,6,41.8866322492,-87.6172097053,2020,10,POINT (-87.6172097053 41.8866322492),,,,,2020-06-09,False,7,Near North Side
4117,35,NO CONTROLS,NO CONTROLS,RAIN,DAYLIGHT,PEDALCYCLIST,NOT DIVIDED,STRAIGHT AND LEVEL,WET,NO DEFECTS,,FAILING TO YIELD RIGHT-OF-WAY,NOT APPLICABLE,Y,INCAPACITATING INJURY,9,6,41.9349034691,-87.6492352217,2020,35,POINT (-87.6492352217 41.9349034691),,,,,2020-06-10,True,5,Lake View
4118,25,STOP SIGN/FLASHER,FUNCTIONING PROPERLY,CLEAR,DAYLIGHT,PEDALCYCLIST,ROUNDABOUT,STRAIGHT AND LEVEL,DRY,UNKNOWN,,UNABLE TO DETERMINE,NOT APPLICABLE,,NONINCAPACITATING INJURY,15,6,41.9292542022,-87.7721942985,2020,25,POINT (-87.7721942985 41.9292542022),,,,,2020-06-10,False,18,Belmont Cragin
4119,30,NO CONTROLS,NO CONTROLS,CLEAR,DAYLIGHT,PEDALCYCLIST,NOT DIVIDED,STRAIGHT AND LEVEL,DRY,NO DEFECTS,,UNABLE TO DETERMINE,NOT APPLICABLE,Y,NONINCAPACITATING INJURY,16,6,41.8958706734,-87.6728213887,2020,30,POINT (-87.6728213887 41.8958706734),,,,,2020-06-10,False,23,West Town
4120,35,NO CONTROLS,NO CONTROLS,CLEAR,DAYLIGHT,PEDALCYCLIST,UNKNOWN,STRAIGHT AND LEVEL,DRY,UNKNOWN,,IMPROPER OVERTAKING/PASSING,IMPROPER OVERTAKING/PASSING,,INCAPACITATING INJURY,17,6,41.9033802668,-87.6721779436,2020,35,POINT (-87.6721779436 41.9033802668),,,,,2020-06-10,True,23,West Town
4121,30,NO CONTROLS,NO CONTROLS,CLEAR,DAYLIGHT,PEDALCYCLIST,DIVIDED - W/MEDIAN (NOT RAISED),STRAIGHT AND LEVEL,DRY,NO DEFECTS,,UNABLE TO DETERMINE,NOT APPLICABLE,,NONINCAPACITATING INJURY,17,6,41.9685263769,-87.6875490823,2020,30,POINT (-87.6875490823 41.9685263769),,,,,2020-06-10,False,3,Lincoln Square
4122,30,NO CONTROLS,NO CONTROLS,RAIN,DUSK,PEDALCYCLIST,NOT DIVIDED,STRAIGHT AND LEVEL,WET,NO DEFECTS,,UNABLE TO DETERMINE,NOT APPLICABLE,,NONINCAPACITATING INJURY,19,6,41.7140109991,-87.6663772079,2020,30,POINT (-87.6663772079 41.7140109991),,,,,2020-06-10,False,71,Beverly
4123,30,TRAFFIC SIGNAL,UNKNOWN,CLEAR,DUSK,PEDALCYCLIST,NOT DIVIDED,STRAIGHT AND LEVEL,DRY,NO DEFECTS,,FOLLOWING TOO CLOSELY,NOT APPLICABLE,,"REPORTED, NOT EVIDENT",21,6,41.9397751361,-87.6709753055,2020,30,POINT (-87.6709753055 41.9397751361),,,,,2020-06-10,False,5,Lake View
4124,30,NO CONTROLS,NO CONTROLS,CLEAR,DAYLIGHT,PEDALCYCLIST,NOT DIVIDED,STRAIGHT AND LEVEL,DRY,NO DEFECTS,,UNABLE TO DETERMINE,NOT APPLICABLE,,NO INDICATION OF INJURY,16,6,41.9222387186,-87.6965105671,2020,30,POINT (-87.6965105671 41.9222387186),,,,,2020-06-11,False,21,Logan Square
4125,30,NO CONTROLS,NO CONTROLS,CLEAR,DAYLIGHT,PEDALCYCLIST,DIVIDED - W/MEDIAN (NOT RAISED),STRAIGHT AND LEVEL,DRY,NO DEFECTS,,NOT APPLICABLE,NOT APPLICABLE,Y,NONINCAPACITATING INJURY,11,6,41.9640728886,-87.7572847386,2020,30,POINT (-87.7572847386 41.9640728886),,,,,2020-06-12,False,14,Portage Park
4126,30,NO CONTROLS,NO CONTROLS,CLEAR,DAYLIGHT,PEDALCYCLIST,DIVIDED - W/MEDIAN (NOT RAISED),STRAIGHT AND LEVEL,DRY,NO DEFECTS,,FAILING TO YIELD RIGHT-OF-WAY,UNABLE TO DETERMINE,,NONINCAPACITATING INJURY,13,6,41.9466982009,-87.6711442073,2020,30,POINT (-87.6711442073 41.9466982009),,,,,2020-06-12,False,5,Lake View
4127,30,NO CONTROLS,NO CONTROLS,CLEAR,DAYLIGHT,PEDALCYCLIST,NOT DIVIDED,STRAIGHT AND LEVEL,UNKNOWN,UNKNOWN,,UNABLE TO DETERMINE,UNABLE TO DETERMINE,,NONINCAPACITATING INJURY,15,6,41.9176515007,-87.6357693091,2020,30,POINT (-87.6357693091 41.9176515007),,,,,2020-06-12,False,6,Lincoln Park
4128,30,STOP SIGN/FLASHER,FUNCTIONING PROPERLY,CLEAR,DAYLIGHT,PEDALCYCLIST,FOUR WAY,STRAIGHT AND LEVEL,DRY,NO DEFECTS,Y,UNABLE TO DETERMINE,UNABLE TO DETERMINE,,NONINCAPACITATING INJURY,17,6,41.6990125228,-87.5354279136,2020,30,POINT (-87.5354279136 41.6990125228),,,,,2020-06-12,False,51,East Side
4129,30,NO CONTROLS,NO CONTROLS,CLEAR,DAYLIGHT,PEDALCYCLIST,NOT DIVIDED,STRAIGHT AND LEVEL,DRY,NO DEFECTS,Y,DRIVING SKILLS/KNOWLEDGE/EXPERIENCE,NOT APPLICABLE,,NONINCAPACITATING INJURY,15,6,41.8642056857,-87.6466870037,2020,30,POINT (-87.6466870037 41.8642056857),,,,,2020-06-13,False,27,Near West Side
4130,30,TRAFFIC SIGNAL,UNKNOWN,CLEAR,DAYLIGHT,PEDALCYCLIST,FOUR WAY,STRAIGHT AND LEVEL,DRY,UNKNOWN,Y,FAILING TO YIELD RIGHT-OF-WAY,NOT APPLICABLE,,NONINCAPACITATING INJURY,15,6,41.8671042479,-87.656829375,2020,30,POINT (-87.656829375 41.8671042479),,,,,2020-06-13,False,27,Near West Side
4131,30,TRAFFIC SIGNAL,FUNCTIONING PROPERLY,CLEAR,DAYLIGHT,PEDALCYCLIST,FOUR WAY,STRAIGHT AND LEVEL,DRY,NO DEFECTS,Y,FAILING TO YIELD RIGHT-OF-WAY,DRIVING SKILLS/KNOWLEDGE/EXPERIENCE,,"REPORTED, NOT EVIDENT",16,6,41.9400901248,-87.6493099591,2020,30,POINT (-87.6493099591 41.9400901248),,,,,2020-06-13,False,5,Lake View
4132,30,TRAFFIC SIGNAL,FUNCTIONING PROPERLY,CLEAR,DAYLIGHT,PEDALCYCLIST,DIVIDED - W/MEDIAN BARRIER,STRAIGHT AND LEVEL,DRY,NO DEFECTS,Y,NOT APPLICABLE,NOT APPLICABLE,,NONINCAPACITATING INJURY,17,6,41.7684665914,-87.6637456,2020,30,POINT (-87.6637456 41.7684665914),,,,,2020-06-14,False,66,Englewood
4133,30,UNKNOWN,UNKNOWN,CLEAR,DAYLIGHT,PEDALCYCLIST,NOT DIVIDED,STRAIGHT AND LEVEL,UNKNOWN,UNKNOWN,,UNABLE TO DETERMINE,NOT APPLICABLE,Y,NONINCAPACITATING INJURY,19,6,41.9124641533,-87.648174466,2020,30,POINT (-87.648174466 41.9124641533),,,,,2020-06-14,False,6,Lincoln Park
4134,30,NO CONTROLS,NO CONTROLS,CLEAR,DAYLIGHT,PEDALCYCLIST,NOT DIVIDED,STRAIGHT AND LEVEL,DRY,NO DEFECTS,,"VISION OBSCURED (SIGNS, TREE LIMBS, BUILDINGS, ETC.)",DISTRACTION - FROM INSIDE VEHICLE,Y,NO INDICATION OF INJURY,19,6,41.9291804819,-87.6427689779,2020,30,POINT (-87.6427689779 41.9291804819),,,,,2020-06-14,False,6,Lincoln Park
4135,30,NO CONTROLS,NO CONTROLS,CLEAR,DAYLIGHT,PEDALCYCLIST,NOT DIVIDED,STRAIGHT AND LEVEL,DRY,NO DEFECTS,,FAILING TO YIELD RIGHT-OF-WAY,NOT APPLICABLE,Y,NONINCAPACITATING INJURY,10,6,41.9561897297,-87.6803486056,2020,30,POINT (-87.6803486056 41.9561897297),,,,,2020-06-15,False,4,North Center
4136,10,NO CONTROLS,NO CONTROLS,CLEAR,DAYLIGHT,PEDALCYCLIST,ALLEY,STRAIGHT AND LEVEL,DRY,UNKNOWN,,FAILING TO REDUCE SPEED TO AVOID CRASH,NOT APPLICABLE,,NONINCAPACITATING INJURY,11,6,41.997454541,-87.6994328269,2020,10,POINT (-87.6994328269 41.997454541),,,,,2020-06-15,False,1,West Ridge
4137,25,NO CONTROLS,FUNCTIONING PROPERLY,CLEAR,DAYLIGHT,PEDALCYCLIST,ONE-WAY,STRAIGHT AND LEVEL,DRY,NO DEFECTS,Y,UNABLE TO DETERMINE,NOT APPLICABLE,,NONINCAPACITATING INJURY,12,6,41.7848736604,-87.6617782486,2020,25,POINT (-87.6617782486 41.7848736604),,,,,2020-06-15,False,66,Englewood
4138,30,TRAFFIC SIGNAL,UNKNOWN,CLEAR,DAYLIGHT,PEDALCYCLIST,FOUR WAY,STRAIGHT AND LEVEL,UNKNOWN,UNKNOWN,N,UNABLE TO DETERMINE,UNABLE TO DETERMINE,,NONINCAPACITATING INJURY,16,6,41.9248653896,-87.6874935694,2020,30,POINT (-87.6874935694 41.9248653896),,,,,2020-06-15,False,21,Logan Square
4139,30,NO CONTROLS,NO CONTROLS,CLEAR,DAYLIGHT,PEDALCYCLIST,NOT DIVIDED,STRAIGHT AND LEVEL,DRY,NO DEFECTS,,FAILING TO YIELD RIGHT-OF-WAY,UNABLE TO DETERMINE,Y,"REPORTED, NOT EVIDENT",16,6,41.9590797184,-87.6787543614,2020,30,POINT (-87.6787543614 41.9590797184),,,,,2020-06-15,False,4,North Center
4140,30,TRAFFIC SIGNAL,FUNCTIONING PROPERLY,CLEAR,DAYLIGHT,PEDALCYCLIST,NOT DIVIDED,STRAIGHT AND LEVEL,DRY,NO DEFECTS,,IMPROPER LANE USAGE,NOT APPLICABLE,,NO INDICATION OF INJURY,17,6,41.9101679255,-87.7368428841,2020,30,POINT (-87.7368428841 41.9101679255),,,,,2020-06-15,False,22,Humboldt Park
4141,30,NO CONTROLS,NO CONTROLS,CLEAR,DAYLIGHT,PEDALCYCLIST,DIVIDED - W/MEDIAN (NOT RAISED),STRAIGHT AND LEVEL,DRY,NO DEFECTS,,FAILING TO YIELD RIGHT-OF-WAY,FOLLOWING TOO CLOSELY,,NONINCAPACITATING INJURY,18,6,41.9476544373,-87.766964906,2020,30,POINT (-87.766964906 41.9476544373),,,,,2020-06-15,False,14,Portage Park
4142,30,NO CONTROLS,NO CONTROLS,CLEAR,DAYLIGHT,PEDALCYCLIST,NOT DIVIDED,STRAIGHT AND LEVEL,DRY,NO DEFECTS,,FAILING TO YIELD RIGHT-OF-WAY,NOT APPLICABLE,,NONINCAPACITATING INJURY,13,6,41.975305716,-87.7675930235,2020,30,POINT (-87.7675930235 41.975305716),,,,,2020-06-16,False,10,Jefferson Park
4143,25,STOP SIGN/FLASHER,FUNCTIONING PROPERLY,CLEAR,DAYLIGHT,PEDALCYCLIST,NOT DIVIDED,STRAIGHT AND LEVEL,DRY,UNKNOWN,,FAILING TO REDUCE SPEED TO AVOID CRASH,NOT APPLICABLE,,INCAPACITATING INJURY,15,6,41.7919730785,-87.6768266853,2020,25,POINT (-87.6768266853 41.7919730785),,,,,2020-06-16,True,66,Englewood
4144,30,NO CONTROLS,NO CONTROLS,CLEAR,DAYLIGHT,PEDALCYCLIST,NOT DIVIDED,STRAIGHT AND LEVEL,DRY,UNKNOWN,,UNABLE TO DETERMINE,UNABLE TO DETERMINE,,NONINCAPACITATING INJURY,18,6,41.9720665429,-87.6987502401,2020,30,POINT (-87.6987502401 41.9720665429),,,,,2020-06-16,False,3,Lincoln Square
4145,45,TRAFFIC SIGNAL,UNKNOWN,CLEAR,DAYLIGHT,PEDALCYCLIST,NOT DIVIDED,STRAIGHT AND LEVEL,DRY,NO DEFECTS,Y,UNABLE TO DETERMINE,UNABLE TO DETERMINE,,NO INDICATION OF INJURY,13,6,41.8090521559,-87.6308774513,2020,45,POINT (-87.6308774513 41.8090521559),,,,,2020-06-17,False,36,Fuller Park
4146,30,NO CONTROLS,NO CONTROLS,CLEAR,DAYLIGHT,PEDALCYCLIST,NOT DIVIDED,STRAIGHT AND LEVEL,DRY,NO DEFECTS,,UNABLE TO DETERMINE,UNABLE TO DETERMINE,Y,NO INDICATION OF INJURY,14,6,41.9218720876,-87.652050304,2020,30,POINT (-87.652050304 41.9218720876),,,,,2020-06-17,False,6,Lincoln Park
4147,30,NO CONTROLS,NO CONTROLS,CLEAR,DAYLIGHT,PEDALCYCLIST,ONE-WAY,STRAIGHT AND LEVEL,DRY,NO DEFECTS,,UNABLE TO DETERMINE,UNABLE TO DETERMINE,,NONINCAPACITATING INJURY,14,6,41.8973608781,-87.6314099809,2020,30,POINT (-87.6314099809 41.8973608781),,,,,2020-06-17,False,7,Near North Side
4148,30,NO CONTROLS,NO CONTROLS,CLEAR,DAYLIGHT,PEDALCYCLIST,FOUR WAY,STRAIGHT AND LEVEL,DRY,NO DEFECTS,Y,UNABLE TO DETERMINE,UNABLE TO DETERMINE,N,NONINCAPACITATING INJURY,18,6,41.9322300365,-87.6488472187,2020,30,POINT (-87.6488472187 41.9322300365),,,,,2020-06-17,False,6,Lincoln Park
4149,30,STOP SIGN/FLASHER,FUNCTIONING PROPERLY,CLEAR,DAYLIGHT,PEDALCYCLIST,NOT DIVIDED,STRAIGHT AND LEVEL,DRY,NO DEFECTS,,UNABLE TO DETERMINE,NOT APPLICABLE,,INCAPACITATING INJURY,18,6,41.695328932,-87.5282759638,2020,30,POINT (-87.5282759638 41.695328932),,,,,2020-06-17,True,51,East Side
4150,30,STOP SIGN/FLASHER,OTHER,CLEAR,DAYLIGHT,PEDALCYCLIST,OTHER,STRAIGHT AND LEVEL,DRY,UNKNOWN,,UNABLE TO DETERMINE,UNABLE TO DETERMINE,,NO INDICATION OF INJURY,19,6,41.9578158851,-87.7520580696,2020,30,POINT (-87.7520580696 41.9578158851),,,,,2020-06-17,False,14,Portage Park
4151,30,TRAFFIC SIGNAL,FUNCTIONING PROPERLY,CLEAR,"DARKNESS, LIGHTED ROAD",PEDALCYCLIST,RAMP,STRAIGHT AND LEVEL,DRY,NO DEFECTS,Y,FAILING TO YIELD RIGHT-OF-WAY,UNABLE TO DETERMINE,,NO INDICATION OF INJURY,23,6,41.9402014776,-87.7126817724,2020,30,POINT (-87.7126817724 41.9402014776),,,,,2020-06-17,False,15,Irving Park
4152,25,STOP SIGN/FLASHER,FUNCTIONING PROPERLY,CLEAR,DAYLIGHT,PEDALCYCLIST,FOUR WAY,STRAIGHT AND LEVEL,DRY,NO DEFECTS,Y,PHYSICAL CONDITION OF DRIVER,FAILING TO YIELD RIGHT-OF-WAY,,NONINCAPACITATING INJURY,13,6,41.7770994899,-87.7007961175,2020,25,POINT (-87.7007961175 41.7770994899),,,,,2020-06-18,False,65,Chicago Lawn
4153,30,TRAFFIC SIGNAL,FUNCTIONING PROPERLY,CLEAR,DAYLIGHT,PEDALCYCLIST,FOUR WAY,STRAIGHT AND LEVEL,DRY,NO DEFECTS,Y,FAILING TO REDUCE SPEED TO AVOID CRASH,NOT APPLICABLE,,NONINCAPACITATING INJURY,17,6,41.9605272042,-87.7721944306,2020,30,POINT (-87.7721944306 41.9605272042),,,,,2020-06-18,False,14,Portage Park