Unnamed: 0,POSTED_SPEED_LIMIT,TRAFFIC_CONTROL_DEVICE,DEVICE_CONDITION,WEATHER_CONDITION,LIGHTING_CONDITION,FIRST_CRASH_TYPE,TRAFFICWAY_TYPE,ALIGNMENT,ROADWAY_SURFACE_COND,ROAD_DEFECT,INTERSECTION_RELATED_I,PRIM_CONTRIBUTORY_CAUSE,SEC_CONTRIBUTORY_CAUSE,DOORING_I,MOST_SEVERE_INJURY,CRASH_HOUR,CRASH_MONTH,LATITUDE,LONGITUDE,CRASH_YEAR,SPEED_LIMIT,geometry,DISPLAYROU,the_geom,DIST,LANE_TYPE,CRASH_DATE,is_severe,index_right,CArea
4154,30,NO CONTROLS,NO CONTROLS,CLEAR,DAYLIGHT,PEDALCYCLIST,NOT DIVIDED,STRAIGHT AND LEVEL,DRY,NO DEFECTS,,NOT APPLICABLE,NOT APPLICABLE,Y,NO INDICATION OF INJURY,10,6,41.9438977352,-87.6717718912,2020,30,POINT (-87.6717718912 41.9438977352),,,,,2020-06-19,False,5,Lake View
4155,25,STOP SIGN/FLASHER,FUNCTIONING PROPERLY,CLEAR,DAYLIGHT,PEDALCYCLIST,FOUR WAY,STRAIGHT AND LEVEL,DRY,NO DEFECTS,Y,FAILING TO YIELD RIGHT-OF-WAY,FAILING TO REDUCE SPEED TO AVOID CRASH,,INCAPACITATING INJURY,13,6,41.693571075,-87.5351352474,2020,25,POINT (-87.5351352474 41.693571075),,,,,2020-06-19,True,51,East Side
4156,30,NO CONTROLS,NO CONTROLS,CLEAR,DAYLIGHT,PEDALCYCLIST,ONE-WAY,STRAIGHT AND LEVEL,DRY,NO DEFECTS,,DISTRACTION - FROM INSIDE VEHICLE,UNABLE TO DETERMINE,Y,NONINCAPACITATING INJURY,13,6,41.834171522,-87.6487574867,2020,30,POINT (-87.6487574867 41.834171522),,,,,2020-06-19,False,59,Bridgeport
4157,15,NO CONTROLS,NO CONTROLS,CLEAR,DAYLIGHT,PEDALCYCLIST,PARKING LOT,STRAIGHT AND LEVEL,DRY,UNKNOWN,,UNABLE TO DETERMINE,NOT APPLICABLE,,NO INDICATION OF INJURY,13,6,41.8830656226,-87.6154561345,2020,15,POINT (-87.6154561345 41.8830656226),,,,,2020-06-19,False,31,Loop
4159,30,NO CONTROLS,NO CONTROLS,CLEAR,DAYLIGHT,PEDALCYCLIST,NOT DIVIDED,STRAIGHT AND LEVEL,DRY,"RUT, HOLES",,UNABLE TO DETERMINE,NOT APPLICABLE,,NO INDICATION OF INJURY,16,6,41.9172976053,-87.7193667637,2020,30,POINT (-87.7193667637 41.9172976053),,,,,2020-06-19,False,21,Logan Square
4160,30,NO CONTROLS,NO CONTROLS,CLEAR,DAYLIGHT,PEDALCYCLIST,OTHER,STRAIGHT AND LEVEL,DRY,NO DEFECTS,,FAILING TO YIELD RIGHT-OF-WAY,UNABLE TO DETERMINE,,NONINCAPACITATING INJURY,19,6,41.9528105623,-87.7176377837,2020,30,POINT (-87.7176377837 41.9528105623),,,,,2020-06-19,False,15,Irving Park
4161,30,NO CONTROLS,NO CONTROLS,CLEAR,DUSK,PEDALCYCLIST,ALLEY,STRAIGHT AND LEVEL,DRY,NO DEFECTS,,FAILING TO YIELD RIGHT-OF-WAY,UNABLE TO DETERMINE,Y,NO INDICATION OF INJURY,19,6,41.7230125861,-87.6729229437,2020,30,POINT (-87.6729229437 41.7230125861),,,,,2020-06-19,False,71,Beverly
4162,30,NO CONTROLS,NOT FUNCTIONING,CLEAR,DAYLIGHT,PEDALCYCLIST,T-INTERSECTION,STRAIGHT ON GRADE,DRY,NO DEFECTS,Y,"VISION OBSCURED (SIGNS, TREE LIMBS, BUILDINGS, ETC.)",NOT APPLICABLE,,INCAPACITATING INJURY,19,6,41.907843788,-87.6736148956,2020,30,POINT (-87.6736148956 41.907843788),,,,,2020-06-19,True,23,West Town
4163,30,UNKNOWN,UNKNOWN,UNKNOWN,UNKNOWN,PEDALCYCLIST,DIVIDED - W/MEDIAN (NOT RAISED),STRAIGHT AND LEVEL,UNKNOWN,UNKNOWN,,UNABLE TO DETERMINE,UNABLE TO DETERMINE,,NO INDICATION OF INJURY,22,6,41.7921852548,-87.7843087829,2020,30,POINT (-87.7843087829 41.7921852548),,,,,2020-06-19,False,55,Garfield Ridge
4164,35,TRAFFIC SIGNAL,FUNCTIONING PROPERLY,CLEAR,"DARKNESS, LIGHTED ROAD",PEDALCYCLIST,FOUR WAY,STRAIGHT AND LEVEL,DRY,NO DEFECTS,Y,UNABLE TO DETERMINE,UNABLE TO DETERMINE,,NONINCAPACITATING INJURY,0,6,41.8443648213,-87.7246141354,2020,35,POINT (-87.7246141354 41.8443648213),,,,,2020-06-20,False,29,South Lawndale
4165,30,NO CONTROLS,NO CONTROLS,CLEAR,DAYLIGHT,PEDALCYCLIST,ALLEY,STRAIGHT AND LEVEL,DRY,NO DEFECTS,,NOT APPLICABLE,NOT APPLICABLE,,NONINCAPACITATING INJURY,13,6,41.8946844129,-87.6339882325,2020,30,POINT (-87.6339882325 41.8946844129),,,,,2020-06-20,False,7,Near North Side
4166,20,TRAFFIC SIGNAL,FUNCTIONING PROPERLY,CLEAR,DAYLIGHT,PEDALCYCLIST,NOT DIVIDED,STRAIGHT AND LEVEL,DRY,NO DEFECTS,,UNABLE TO DETERMINE,NOT APPLICABLE,,NONINCAPACITATING INJURY,14,6,41.9376938846,-87.649341417,2020,20,POINT (-87.649341417 41.9376938846),,,,,2020-06-20,False,5,Lake View
4167,30,UNKNOWN,NO CONTROLS,RAIN,DARKNESS,PEDALCYCLIST,DIVIDED - W/MEDIAN (NOT RAISED),STRAIGHT AND LEVEL,WET,NO DEFECTS,Y,UNABLE TO DETERMINE,UNABLE TO DETERMINE,,NONINCAPACITATING INJURY,21,6,41.8702311448,-87.7450403653,2020,30,POINT (-87.7450403653 41.8702311448),,,,,2020-06-20,False,24,Austin
4168,30,STOP SIGN/FLASHER,FUNCTIONING PROPERLY,CLEAR,DAYLIGHT,PEDALCYCLIST,DIVIDED - W/MEDIAN (NOT RAISED),STRAIGHT AND LEVEL,DRY,NO DEFECTS,Y,UNABLE TO DETERMINE,NOT APPLICABLE,,"REPORTED, NOT EVIDENT",13,6,41.7794246633,-87.6739682129,2020,30,POINT (-87.6739682129 41.7794246633),,,,,2020-06-21,False,66,Englewood
4169,30,NO CONTROLS,NO CONTROLS,CLEAR,DAYLIGHT,PEDALCYCLIST,ALLEY,STRAIGHT AND LEVEL,DRY,NO DEFECTS,,FAILING TO YIELD RIGHT-OF-WAY,NOT APPLICABLE,,NO INDICATION OF INJURY,15,6,41.952206384,-87.8049646024,2020,30,POINT (-87.8049646024 41.952206384),,,,,2020-06-21,False,16,Dunning
4170,30,NO CONTROLS,NO CONTROLS,CLEAR,DAYLIGHT,PEDALCYCLIST,NOT DIVIDED,STRAIGHT AND LEVEL,DRY,NO DEFECTS,,FAILING TO YIELD RIGHT-OF-WAY,NOT APPLICABLE,Y,NONINCAPACITATING INJURY,16,6,41.9685361828,-87.7112388694,2020,30,POINT (-87.7112388694 41.9685361828),,,,,2020-06-21,False,13,Albany Park
4171,30,NO CONTROLS,NO CONTROLS,CLEAR,DAYLIGHT,PEDALCYCLIST,NOT DIVIDED,STRAIGHT AND LEVEL,DRY,NO DEFECTS,,NOT APPLICABLE,NOT APPLICABLE,,NO INDICATION OF INJURY,17,6,41.8958264298,-87.6755324711,2020,30,POINT (-87.6755324711 41.8958264298),,,,,2020-06-21,False,23,West Town
4172,30,NO CONTROLS,NO CONTROLS,CLEAR,DAYLIGHT,PEDALCYCLIST,NOT DIVIDED,STRAIGHT AND LEVEL,DRY,NO DEFECTS,,UNABLE TO DETERMINE,UNABLE TO DETERMINE,Y,NONINCAPACITATING INJURY,18,6,41.946342598,-87.6731485549,2020,30,POINT (-87.6731485549 41.946342598),,,,,2020-06-21,False,5,Lake View
4173,30,TRAFFIC SIGNAL,FUNCTIONING PROPERLY,CLEAR,DAYLIGHT,PEDALCYCLIST,DIVIDED - W/MEDIAN (NOT RAISED),STRAIGHT AND LEVEL,DRY,NO DEFECTS,,UNABLE TO DETERMINE,UNABLE TO DETERMINE,N,NO INDICATION OF INJURY,18,6,41.9397446157,-87.6685161011,2020,30,POINT (-87.6685161011 41.9397446157),,,,,2020-06-21,False,5,Lake View
4174,30,TRAFFIC SIGNAL,FUNCTIONING PROPERLY,CLEAR,DAYLIGHT,PEDALCYCLIST,FOUR WAY,STRAIGHT AND LEVEL,DRY,NO DEFECTS,Y,"VISION OBSCURED (SIGNS, TREE LIMBS, BUILDINGS, ETC.)",NOT APPLICABLE,,NONINCAPACITATING INJURY,9,6,41.9689262366,-87.6745864921,2020,30,POINT (-87.6745864921 41.9689262366),,,,,2020-06-22,False,3,Lincoln Square
4175,35,TRAFFIC SIGNAL,FUNCTIONING PROPERLY,CLOUDY/OVERCAST,DAYLIGHT,PEDALCYCLIST,Y-INTERSECTION,STRAIGHT AND LEVEL,DRY,NO DEFECTS,Y,UNABLE TO DETERMINE,NOT APPLICABLE,,NONINCAPACITATING INJURY,12,6,41.9341688171,-87.6611754225,2020,35,POINT (-87.6611754225 41.9341688171),,,,,2020-06-22,False,5,Lake View
4176,30,TRAFFIC SIGNAL,FUNCTIONING PROPERLY,CLEAR,DAYLIGHT,PEDALCYCLIST,FOUR WAY,STRAIGHT AND LEVEL,DRY,NO DEFECTS,Y,FAILING TO YIELD RIGHT-OF-WAY,UNABLE TO DETERMINE,,"REPORTED, NOT EVIDENT",12,6,41.9878156053,-87.847021814,2020,30,POINT (-87.847021814 41.9878156053),,,,,2020-06-22,False,75,O'Hare
4177,25,UNKNOWN,UNKNOWN,RAIN,DUSK,PEDALCYCLIST,DIVIDED - W/MEDIAN (NOT RAISED),STRAIGHT AND LEVEL,WET,NO DEFECTS,,UNABLE TO DETERMINE,UNABLE TO DETERMINE,,"REPORTED, NOT EVIDENT",18,6,41.857897507,-87.6525449967,2020,25,POINT (-87.6525449967 41.857897507),,,,,2020-06-22,False,27,Near West Side
4178,30,TRAFFIC SIGNAL,UNKNOWN,UNKNOWN,DUSK,PEDALCYCLIST,NOT DIVIDED,STRAIGHT AND LEVEL,UNKNOWN,UNKNOWN,,UNABLE TO DETERMINE,NOT APPLICABLE,,NONINCAPACITATING INJURY,20,6,41.910442322,-87.6864850197,2020,30,POINT (-87.6864850197 41.910442322),,,,,2020-06-22,False,23,West Town
4179,35,TRAFFIC SIGNAL,FUNCTIONING PROPERLY,CLEAR,DAYLIGHT,PEDALCYCLIST,FOUR WAY,STRAIGHT AND LEVEL,DRY,NO DEFECTS,Y,UNABLE TO DETERMINE,UNABLE TO DETERMINE,,NONINCAPACITATING INJURY,8,6,41.9390434647,-87.7235454289,2020,35,POINT (-87.7235454289 41.9390434647),,,,,2020-06-23,False,15,Irving Park
4180,35,STOP SIGN/FLASHER,FUNCTIONING PROPERLY,CLEAR,DAYLIGHT,PEDALCYCLIST,FOUR WAY,STRAIGHT AND LEVEL,DRY,NO DEFECTS,Y,FAILING TO YIELD RIGHT-OF-WAY,UNABLE TO DETERMINE,N,NO INDICATION OF INJURY,10,6,41.736289227,-87.7407819374,2020,35,POINT (-87.7407819374 41.736289227),,,,,2020-06-23,False,69,Ashburn
4181,25,STOP SIGN/FLASHER,FUNCTIONING PROPERLY,CLEAR,DAYLIGHT,PEDALCYCLIST,NOT DIVIDED,STRAIGHT AND LEVEL,DRY,NO DEFECTS,Y,FAILING TO REDUCE SPEED TO AVOID CRASH,NOT APPLICABLE,,INCAPACITATING INJURY,12,6,41.8819844348,-87.7401630114,2020,25,POINT (-87.7401630114 41.8819844348),,,,,2020-06-23,True,24,Austin
4182,30,NO CONTROLS,NO CONTROLS,CLEAR,DAYLIGHT,PEDALCYCLIST,NOT DIVIDED,STRAIGHT AND LEVEL,DRY,NO DEFECTS,,FAILING TO REDUCE SPEED TO AVOID CRASH,NOT APPLICABLE,,NONINCAPACITATING INJURY,12,6,41.9503978147,-87.6763126992,2020,30,POINT (-87.6763126992 41.9503978147),,,,,2020-06-23,False,4,North Center
4183,30,STOP SIGN/FLASHER,NO CONTROLS,CLEAR,DAYLIGHT,PEDALCYCLIST,NOT DIVIDED,STRAIGHT AND LEVEL,DRY,NO DEFECTS,,FAILING TO YIELD RIGHT-OF-WAY,NOT APPLICABLE,,NONINCAPACITATING INJURY,16,6,41.9286187793,-87.7438864628,2020,30,POINT (-87.7438864628 41.9286187793),,,,,2020-06-23,False,18,Belmont Cragin
4184,30,STOP SIGN/FLASHER,FUNCTIONING PROPERLY,CLEAR,DAYLIGHT,PEDALCYCLIST,NOT DIVIDED,STRAIGHT AND LEVEL,DRY,NO DEFECTS,Y,FAILING TO YIELD RIGHT-OF-WAY,NOT APPLICABLE,,NO INDICATION OF INJURY,17,6,41.892432351,-87.6737049874,2020,30,POINT (-87.6737049874 41.892432351),,,,,2020-06-23,False,23,West Town
4185,30,STOP SIGN/FLASHER,FUNCTIONING PROPERLY,CLEAR,DAYLIGHT,PEDALCYCLIST,NOT DIVIDED,STRAIGHT AND LEVEL,DRY,NO DEFECTS,,DISREGARDING STOP SIGN,NOT APPLICABLE,,NO INDICATION OF INJURY,18,6,41.8541683503,-87.6242511501,2020,30,POINT (-87.6242511501 41.8541683503),,,,,2020-06-23,False,32,Near South Side
4186,30,NO CONTROLS,NO CONTROLS,CLEAR,DAYLIGHT,PEDALCYCLIST,ALLEY,STRAIGHT AND LEVEL,DRY,NO DEFECTS,,WEATHER,NOT APPLICABLE,,NONINCAPACITATING INJURY,18,6,41.830807192,-87.6499991542,2020,30,POINT (-87.6499991542 41.830807192),,,,,2020-06-23,False,59,Bridgeport
4187,25,STOP SIGN/FLASHER,FUNCTIONING PROPERLY,CLEAR,DAYLIGHT,PEDALCYCLIST,NOT DIVIDED,STRAIGHT AND LEVEL,DRY,NO DEFECTS,Y,UNABLE TO DETERMINE,UNABLE TO DETERMINE,,NONINCAPACITATING INJURY,19,6,41.688056491,-87.6811024427,2020,25,POINT (-87.6811024427 41.688056491),,,,,2020-06-23,False,74,Morgan Park
4188,15,NO CONTROLS,NO CONTROLS,CLEAR,DAYLIGHT,PEDALCYCLIST,ONE-WAY,STRAIGHT AND LEVEL,DRY,NO DEFECTS,,NOT APPLICABLE,NOT APPLICABLE,,NONINCAPACITATING INJURY,7,6,41.8502046755,-87.6832876039,2020,15,POINT (-87.6832876039 41.8502046755),,,,,2020-06-24,False,30,Lower West Side
4189,30,TRAFFIC SIGNAL,FUNCTIONING PROPERLY,CLEAR,DAYLIGHT,PEDALCYCLIST,FOUR WAY,STRAIGHT AND LEVEL,DRY,NO DEFECTS,Y,FAILING TO YIELD RIGHT-OF-WAY,NOT APPLICABLE,,NONINCAPACITATING INJURY,9,6,41.8804261978,-87.6474668481,2020,30,POINT (-87.6474668481 41.8804261978),,,,,2020-06-24,False,27,Near West Side
4190,30,NO CONTROLS,NO CONTROLS,CLEAR,DAYLIGHT,PEDALCYCLIST,NOT DIVIDED,STRAIGHT AND LEVEL,DRY,NO DEFECTS,,FAILING TO YIELD RIGHT-OF-WAY,NOT APPLICABLE,,NO INDICATION OF INJURY,10,6,41.9180548686,-87.6494930134,2020,30,POINT (-87.6494930134 41.9180548686),,,,,2020-06-24,False,6,Lincoln Park
4191,30,TRAFFIC SIGNAL,FUNCTIONING PROPERLY,CLEAR,DAYLIGHT,PEDALCYCLIST,NOT DIVIDED,STRAIGHT AND LEVEL,DRY,NO DEFECTS,,"OPERATING VEHICLE IN ERRATIC, RECKLESS, CARELESS, NEGLIGENT OR AGGRESSIVE MANNER",DISREGARDING ROAD MARKINGS,,NO INDICATION OF INJURY,12,6,41.8653607027,-87.6467174106,2020,30,POINT (-87.6467174106 41.8653607027),,,,,2020-06-24,False,27,Near West Side
4192,30,TRAFFIC SIGNAL,FUNCTIONING PROPERLY,CLEAR,DAYLIGHT,PEDALCYCLIST,NOT DIVIDED,STRAIGHT AND LEVEL,DRY,NO DEFECTS,Y,FAILING TO YIELD RIGHT-OF-WAY,NOT APPLICABLE,,NONINCAPACITATING INJURY,16,6,41.9678905005,-87.7676022956,2020,30,POINT (-87.7676022956 41.9678905005),,,,,2020-06-24,False,10,Jefferson Park
4193,30,TRAFFIC SIGNAL,FUNCTIONING PROPERLY,CLEAR,DAYLIGHT,PEDALCYCLIST,DIVIDED - W/MEDIAN (NOT RAISED),STRAIGHT AND LEVEL,DRY,NO DEFECTS,,FAILING TO REDUCE SPEED TO AVOID CRASH,UNABLE TO DETERMINE,,NO INDICATION OF INJURY,16,6,41.9641920409,-87.7577367427,2020,30,POINT (-87.7577367427 41.9641920409),,,,,2020-06-24,False,14,Portage Park
4194,30,OTHER,FUNCTIONING PROPERLY,CLEAR,DAYLIGHT,PEDALCYCLIST,DIVIDED - W/MEDIAN BARRIER,STRAIGHT AND LEVEL,DRY,NO DEFECTS,,DISREGARDING ROAD MARKINGS,NOT APPLICABLE,,NONINCAPACITATING INJURY,16,6,41.7667175931,-87.5864924287,2020,30,POINT (-87.5864924287 41.7667175931),,,,,2020-06-24,False,41,Woodlawn
4195,30,OTHER,OTHER,CLEAR,DAYLIGHT,PEDALCYCLIST,PARKING LOT,STRAIGHT AND LEVEL,DRY,UNKNOWN,Y,"VISION OBSCURED (SIGNS, TREE LIMBS, BUILDINGS, ETC.)",NOT APPLICABLE,,"REPORTED, NOT EVIDENT",17,6,41.7995914838,-87.5942953791,2020,30,POINT (-87.5942953791 41.7995914838),,,,,2020-06-24,False,40,Hyde Park
4196,30,TRAFFIC SIGNAL,FUNCTIONING PROPERLY,CLEAR,DAYLIGHT,PEDALCYCLIST,NOT DIVIDED,STRAIGHT AND LEVEL,DRY,NO DEFECTS,Y,FAILING TO YIELD RIGHT-OF-WAY,DRIVING SKILLS/KNOWLEDGE/EXPERIENCE,,INCAPACITATING INJURY,18,6,41.9603053184,-87.7820540418,2020,30,POINT (-87.7820540418 41.9603053184),,,,,2020-06-24,True,14,Portage Park
4197,30,NO CONTROLS,NO CONTROLS,CLEAR,DUSK,PEDALCYCLIST,ALLEY,STRAIGHT AND LEVEL,DRY,NO DEFECTS,,FAILING TO YIELD RIGHT-OF-WAY,NOT APPLICABLE,,NO INDICATION OF INJURY,20,6,41.7995956051,-87.7809568527,2020,30,POINT (-87.7809568527 41.7995956051),,,,,2020-06-24,False,55,Garfield Ridge
4198,30,TRAFFIC SIGNAL,FUNCTIONING PROPERLY,CLEAR,DAYLIGHT,PEDALCYCLIST,NOT DIVIDED,STRAIGHT AND LEVEL,DRY,NO DEFECTS,,"VISION OBSCURED (SIGNS, TREE LIMBS, BUILDINGS, ETC.)",UNABLE TO DETERMINE,,NO INDICATION OF INJURY,6,6,41.9400203602,-87.6541721064,2020,30,POINT (-87.6541721064 41.9400203602),,,,,2020-06-25,False,5,Lake View
4199,30,NO CONTROLS,NO CONTROLS,CLEAR,DAYLIGHT,PEDALCYCLIST,DIVIDED - W/MEDIAN (NOT RAISED),STRAIGHT AND LEVEL,DRY,NO DEFECTS,,UNABLE TO DETERMINE,NOT APPLICABLE,Y,NONINCAPACITATING INJURY,7,6,41.8858177672,-87.6769110037,2020,30,POINT (-87.6769110037 41.8858177672),,,,,2020-06-25,False,27,Near West Side
4200,30,TRAFFIC SIGNAL,FUNCTIONING PROPERLY,CLEAR,DAYLIGHT,PEDALCYCLIST,FOUR WAY,STRAIGHT AND LEVEL,DRY,NO DEFECTS,,UNABLE TO DETERMINE,UNABLE TO DETERMINE,,NO INDICATION OF INJURY,10,6,41.932394164,-87.6781730309,2020,30,POINT (-87.6781730309 41.932394164),,,,,2020-06-25,False,4,North Center
4201,15,TRAFFIC SIGNAL,FUNCTIONING PROPERLY,CLEAR,DAYLIGHT,PEDALCYCLIST,ONE-WAY,STRAIGHT AND LEVEL,DRY,NO DEFECTS,Y,FAILING TO YIELD RIGHT-OF-WAY,NOT APPLICABLE,,NONINCAPACITATING INJURY,12,6,41.8911470717,-87.6143750572,2020,15,POINT (-87.6143750572 41.8911470717),,,,,2020-06-25,False,7,Near North Side
4202,30,STOP SIGN/FLASHER,OTHER,CLEAR,DAYLIGHT,PEDALCYCLIST,FOUR WAY,STRAIGHT AND LEVEL,DRY,NO DEFECTS,Y,UNABLE TO DETERMINE,NOT APPLICABLE,,NONINCAPACITATING INJURY,14,6,41.7654854118,-87.6218343511,2020,30,POINT (-87.6218343511 41.7654854118),,,,,2020-06-25,False,68,Grand Crossing
4203,30,TRAFFIC SIGNAL,FUNCTIONING PROPERLY,CLEAR,DAYLIGHT,PEDALCYCLIST,FOUR WAY,STRAIGHT AND LEVEL,DRY,NO DEFECTS,,FAILING TO YIELD RIGHT-OF-WAY,UNABLE TO DETERMINE,,INCAPACITATING INJURY,17,6,41.880479486,-87.7552216551,2020,30,POINT (-87.7552216551 41.880479486),,,,,2020-06-25,True,24,Austin
4204,35,NO CONTROLS,FUNCTIONING PROPERLY,CLEAR,DAWN,PEDALCYCLIST,FOUR WAY,STRAIGHT AND LEVEL,DRY,NO DEFECTS,,FOLLOWING TOO CLOSELY,FAILING TO REDUCE SPEED TO AVOID CRASH,,NO INDICATION OF INJURY,19,6,41.9752029229,-87.7478386337,2020,35,POINT (-87.7478386337 41.9752029229),,,,,2020-06-25,False,11,Forest Glen
4205,30,TRAFFIC SIGNAL,FUNCTIONING PROPERLY,CLEAR,DAYLIGHT,PEDALCYCLIST,NOT DIVIDED,STRAIGHT AND LEVEL,DRY,NO DEFECTS,Y,FAILING TO YIELD RIGHT-OF-WAY,DRIVING SKILLS/KNOWLEDGE/EXPERIENCE,,NONINCAPACITATING INJURY,19,6,41.9894075446,-87.7770792792,2020,30,POINT (-87.7770792792 41.9894075446),,,,,2020-06-25,False,10,Jefferson Park
4206,30,NO CONTROLS,NO CONTROLS,CLEAR,DARKNESS,PEDALCYCLIST,NOT DIVIDED,STRAIGHT AND LEVEL,DRY,NO DEFECTS,,NOT APPLICABLE,NOT APPLICABLE,,NONINCAPACITATING INJURY,20,6,41.7593423783,-87.6640202929,2020,30,POINT (-87.6640202929 41.7593423783),,,,,2020-06-25,False,66,Englewood
4207,25,STOP SIGN/FLASHER,FUNCTIONING PROPERLY,RAIN,DAYLIGHT,PEDALCYCLIST,NOT DIVIDED,STRAIGHT AND LEVEL,WET,NO DEFECTS,,DISREGARDING STOP SIGN,DISREGARDING STOP SIGN,,"REPORTED, NOT EVIDENT",11,6,41.9189179233,-87.7365254585,2020,25,POINT (-87.7365254585 41.9189179233),,,,,2020-06-26,False,19,Hermosa
4208,30,NO CONTROLS,NO CONTROLS,RAIN,DAWN,PEDALCYCLIST,ONE-WAY,STRAIGHT AND LEVEL,WET,UNKNOWN,,FAILING TO YIELD RIGHT-OF-WAY,NOT APPLICABLE,,NONINCAPACITATING INJURY,16,6,41.9617838443,-87.6998514354,2020,30,POINT (-87.6998514354 41.9617838443),,,,,2020-06-26,False,3,Lincoln Square
4209,15,NO CONTROLS,NO CONTROLS,RAIN,"DARKNESS, LIGHTED ROAD",PEDALCYCLIST,ALLEY,STRAIGHT AND LEVEL,WET,NO DEFECTS,,"VISION OBSCURED (SIGNS, TREE LIMBS, BUILDINGS, ETC.)",UNABLE TO DETERMINE,,NONINCAPACITATING INJURY,20,6,41.9025189307,-87.729005294,2020,15,POINT (-87.729005294 41.9025189307),,,,,2020-06-26,False,22,Humboldt Park
4210,30,NO CONTROLS,NO CONTROLS,CLEAR,DAYLIGHT,PEDALCYCLIST,OTHER,STRAIGHT AND LEVEL,WET,NO DEFECTS,,UNABLE TO DETERMINE,NOT APPLICABLE,,"REPORTED, NOT EVIDENT",7,6,41.733646449,-87.5605530338,2020,30,POINT (-87.5605530338 41.733646449),,,,,2020-06-27,False,45,South Chicago
4211,30,TRAFFIC SIGNAL,FUNCTIONING PROPERLY,CLEAR,DAYLIGHT,PEDALCYCLIST,NOT DIVIDED,STRAIGHT AND LEVEL,DRY,"RUT, HOLES",,NOT APPLICABLE,NOT APPLICABLE,,NONINCAPACITATING INJURY,10,6,41.9100598435,-87.6771912342,2020,30,POINT (-87.6771912342 41.9100598435),,,,,2020-06-27,False,23,West Town
4212,30,NO CONTROLS,NO CONTROLS,CLEAR,DAYLIGHT,PEDALCYCLIST,FOUR WAY,STRAIGHT AND LEVEL,DRY,NO DEFECTS,Y,FAILING TO YIELD RIGHT-OF-WAY,FAILING TO YIELD RIGHT-OF-WAY,,INCAPACITATING INJURY,10,6,41.8095347808,-87.5924502234,2020,30,POINT (-87.5924502234 41.8095347808),,,,,2020-06-27,True,38,Kenwood
4213,35,TRAFFIC SIGNAL,FUNCTIONING PROPERLY,CLEAR,DAYLIGHT,PEDALCYCLIST,FOUR WAY,STRAIGHT AND LEVEL,DRY,NO DEFECTS,Y,FAILING TO YIELD RIGHT-OF-WAY,DISREGARDING TRAFFIC SIGNALS,,INCAPACITATING INJURY,17,6,41.9007588511,-87.6239842545,2020,35,POINT (-87.6239842545 41.9007588511),,,,,2020-06-27,True,7,Near North Side
4214,30,STOP SIGN/FLASHER,NO CONTROLS,CLEAR,"DARKNESS, LIGHTED ROAD",PEDALCYCLIST,NOT DIVIDED,STRAIGHT AND LEVEL,DRY,NO DEFECTS,,UNABLE TO DETERMINE,UNABLE TO DETERMINE,,NONINCAPACITATING INJURY,20,6,41.8956087057,-87.6415791654,2020,30,POINT (-87.6415791654 41.8956087057),,,,,2020-06-27,False,7,Near North Side
4215,30,NO CONTROLS,NO CONTROLS,CLEAR,"DARKNESS, LIGHTED ROAD",PEDALCYCLIST,ONE-WAY,STRAIGHT AND LEVEL,DRY,UNKNOWN,,UNABLE TO DETERMINE,NOT APPLICABLE,,NONINCAPACITATING INJURY,20,6,42.0066352857,-87.6628365003,2020,30,POINT (-87.6628365003 42.0066352857),,,,,2020-06-27,False,0,Rogers Park
4216,30,TRAFFIC SIGNAL,FUNCTIONING PROPERLY,CLEAR,"DARKNESS, LIGHTED ROAD",PEDALCYCLIST,DIVIDED - W/MEDIAN (NOT RAISED),STRAIGHT AND LEVEL,DRY,NO DEFECTS,Y,FAILING TO YIELD RIGHT-OF-WAY,DRIVING SKILLS/KNOWLEDGE/EXPERIENCE,,NO INDICATION OF INJURY,1,6,41.9472706806,-87.6493374658,2020,30,POINT (-87.6493374658 41.9472706806),,,,,2020-06-28,False,5,Lake View
4217,35,TRAFFIC SIGNAL,FUNCTIONING PROPERLY,CLEAR,DAYLIGHT,PEDALCYCLIST,NOT DIVIDED,STRAIGHT ON GRADE,DRY,NO DEFECTS,,FOLLOWING TOO CLOSELY,UNABLE TO DETERMINE,,NO INDICATION OF INJURY,9,6,41.916381427,-87.66618973,2020,35,POINT (-87.66618973 41.916381427),,,,,2020-06-28,False,6,Lincoln Park
4218,30,STOP SIGN/FLASHER,NO CONTROLS,CLEAR,DAYLIGHT,PEDALCYCLIST,NOT DIVIDED,STRAIGHT AND LEVEL,DRY,NO DEFECTS,,FOLLOWING TOO CLOSELY,NOT APPLICABLE,,NO INDICATION OF INJURY,16,6,41.9637077779,-87.6501139832,2020,30,POINT (-87.6501139832 41.9637077779),,,,,2020-06-28,False,2,Uptown
4219,30,NO CONTROLS,NO CONTROLS,CLEAR,DAYLIGHT,PEDALCYCLIST,NOT DIVIDED,STRAIGHT AND LEVEL,DRY,NO DEFECTS,Y,FAILING TO YIELD RIGHT-OF-WAY,UNABLE TO DETERMINE,,NONINCAPACITATING INJURY,16,6,41.8993087674,-87.642900804,2020,30,POINT (-87.642900804 41.8993087674),,,,,2020-06-28,False,7,Near North Side
4220,30,TRAFFIC SIGNAL,FUNCTIONING PROPERLY,CLEAR,DAYLIGHT,PEDALCYCLIST,DIVIDED - W/MEDIAN (NOT RAISED),STRAIGHT AND LEVEL,DRY,NO DEFECTS,,FAILING TO YIELD RIGHT-OF-WAY,NOT APPLICABLE,,FATAL,18,6,41.7419076932,-87.7145079009,2020,30,POINT (-87.7145079009 41.7419076932),,,,,2020-06-28,True,69,Ashburn