Unnamed: 0,POSTED_SPEED_LIMIT,TRAFFIC_CONTROL_DEVICE,DEVICE_CONDITION,WEATHER_CONDITION,LIGHTING_CONDITION,FIRST_CRASH_TYPE,TRAFFICWAY_TYPE,ALIGNMENT,ROADWAY_SURFACE_COND,ROAD_DEFECT,INTERSECTION_RELATED_I,PRIM_CONTRIBUTORY_CAUSE,SEC_CONTRIBUTORY_CAUSE,DOORING_I,MOST_SEVERE_INJURY,CRASH_HOUR,CRASH_MONTH,LATITUDE,LONGITUDE,CRASH_YEAR,SPEED_LIMIT,geometry,DISPLAYROU,the_geom,DIST,LANE_TYPE,CRASH_DATE,is_severe,index_right,CArea
4221,30,NO CONTROLS,NO CONTROLS,CLEAR,DAYLIGHT,PEDALCYCLIST,DIVIDED - W/MEDIAN (NOT RAISED),STRAIGHT AND LEVEL,DRY,NO DEFECTS,,DRIVING ON WRONG SIDE/WRONG WAY,UNABLE TO DETERMINE,,NO INDICATION OF INJURY,19,6,41.8484278154,-87.6807895696,2020,30,POINT (-87.6807895696 41.8484278154),,,,,2020-06-28,False,30,Lower West Side
4222,30,NO CONTROLS,NO CONTROLS,CLEAR,DAYLIGHT,PEDALCYCLIST,NOT DIVIDED,STRAIGHT AND LEVEL,DRY,NO DEFECTS,,NOT APPLICABLE,NOT APPLICABLE,Y,NONINCAPACITATING INJURY,19,6,41.9179812932,-87.6543408517,2020,30,POINT (-87.6543408517 41.9179812932),,,,,2020-06-28,False,6,Lincoln Park
4223,25,STOP SIGN/FLASHER,FUNCTIONING PROPERLY,CLEAR,DUSK,PEDALCYCLIST,DIVIDED - W/MEDIAN (NOT RAISED),STRAIGHT AND LEVEL,DRY,NO DEFECTS,,UNABLE TO DETERMINE,NOT APPLICABLE,,NO INDICATION OF INJURY,20,6,41.8475738409,-87.6832158395,2020,25,POINT (-87.6832158395 41.8475738409),,,,,2020-06-28,False,30,Lower West Side
4224,30,TRAFFIC SIGNAL,FUNCTIONING PROPERLY,CLEAR,"DARKNESS, LIGHTED ROAD",PEDALCYCLIST,NOT DIVIDED,STRAIGHT AND LEVEL,DRY,NO DEFECTS,Y,FAILING TO YIELD RIGHT-OF-WAY,DISREGARDING OTHER TRAFFIC SIGNS,,NONINCAPACITATING INJURY,21,6,41.932762143,-87.6491604961,2020,30,POINT (-87.6491604961 41.932762143),,,,,2020-06-28,False,5,Lake View
4225,30,UNKNOWN,UNKNOWN,CLEAR,"DARKNESS, LIGHTED ROAD",PEDALCYCLIST,NOT DIVIDED,STRAIGHT AND LEVEL,DRY,UNKNOWN,,IMPROPER OVERTAKING/PASSING,IMPROPER LANE USAGE,,NONINCAPACITATING INJURY,22,6,41.9101189669,-87.7153580558,2020,30,POINT (-87.7153580558 41.9101189669),,,,,2020-06-28,False,22,Humboldt Park
4226,30,NO CONTROLS,NO CONTROLS,CLEAR,DAYLIGHT,PEDALCYCLIST,DIVIDED - W/MEDIAN (NOT RAISED),STRAIGHT AND LEVEL,DRY,NO DEFECTS,Y,"VISION OBSCURED (SIGNS, TREE LIMBS, BUILDINGS, ETC.)",NOT APPLICABLE,,NO INDICATION OF INJURY,11,6,41.9613361713,-87.7023439397,2020,30,POINT (-87.7023439397 41.9613361713),,,,,2020-06-29,False,3,Lincoln Square
4227,30,STOP SIGN/FLASHER,FUNCTIONING PROPERLY,RAIN,DAYLIGHT,PEDALCYCLIST,NOT DIVIDED,STRAIGHT AND LEVEL,WET,NO DEFECTS,,FAILING TO YIELD RIGHT-OF-WAY,NOT APPLICABLE,,NONINCAPACITATING INJURY,16,6,41.8480376166,-87.644489439,2020,30,POINT (-87.644489439 41.8480376166),,,,,2020-06-29,False,30,Lower West Side
4228,30,NO CONTROLS,NO CONTROLS,CLEAR,DAYLIGHT,PEDALCYCLIST,NOT DIVIDED,STRAIGHT AND LEVEL,DRY,NO DEFECTS,,FAILING TO YIELD RIGHT-OF-WAY,NOT APPLICABLE,,INCAPACITATING INJURY,17,6,41.9276651594,-87.7048781305,2020,30,POINT (-87.7048781305 41.9276651594),,,,,2020-06-29,True,21,Logan Square
4229,30,TRAFFIC SIGNAL,FUNCTIONING PROPERLY,CLEAR,DAYLIGHT,PEDALCYCLIST,NOT DIVIDED,STRAIGHT AND LEVEL,DRY,NO DEFECTS,Y,IMPROPER TURNING/NO SIGNAL,NOT APPLICABLE,,"REPORTED, NOT EVIDENT",7,6,41.9107741396,-87.6652177693,2020,30,POINT (-87.6652177693 41.9107741396),,,,,2020-06-30,False,23,West Town
4230,30,NO CONTROLS,NO CONTROLS,CLEAR,DAYLIGHT,PEDALCYCLIST,DIVIDED - W/MEDIAN (NOT RAISED),STRAIGHT AND LEVEL,DRY,NO DEFECTS,,UNABLE TO DETERMINE,UNABLE TO DETERMINE,Y,NO INDICATION OF INJURY,9,6,41.8306848028,-87.6428504079,2020,30,POINT (-87.6428504079 41.8306848028),,,,,2020-06-30,False,33,Armour Square
4231,35,NO CONTROLS,NO CONTROLS,CLEAR,DAYLIGHT,PEDALCYCLIST,NOT DIVIDED,STRAIGHT AND LEVEL,DRY,NO DEFECTS,,UNABLE TO DETERMINE,UNABLE TO DETERMINE,Y,NO INDICATION OF INJURY,16,6,41.8800751017,-87.6324578753,2020,35,POINT (-87.6324578753 41.8800751017),,,,,2020-06-30,False,31,Loop
4232,30,TRAFFIC SIGNAL,FUNCTIONING PROPERLY,CLEAR,DAYLIGHT,PEDALCYCLIST,DIVIDED - W/MEDIAN (NOT RAISED),STRAIGHT AND LEVEL,DRY,NO DEFECTS,N,UNABLE TO DETERMINE,UNABLE TO DETERMINE,,NONINCAPACITATING INJURY,17,6,41.939473796,-87.7025913757,2020,30,POINT (-87.7025913757 41.939473796),,,,,2020-06-30,False,15,Irving Park
4233,15,NO CONTROLS,NO CONTROLS,CLEAR,DAYLIGHT,PEDALCYCLIST,ALLEY,STRAIGHT ON GRADE,DRY,UNKNOWN,,UNABLE TO DETERMINE,NOT APPLICABLE,,INCAPACITATING INJURY,18,6,41.8391080307,-87.7082066332,2020,15,POINT (-87.7082066332 41.8391080307),,,,,2020-06-30,True,29,South Lawndale
4234,30,NO CONTROLS,NO CONTROLS,CLEAR,"DARKNESS, LIGHTED ROAD",PEDALCYCLIST,NOT DIVIDED,STRAIGHT AND LEVEL,DRY,NO DEFECTS,Y,FAILING TO YIELD RIGHT-OF-WAY,UNABLE TO DETERMINE,,NO INDICATION OF INJURY,22,6,41.9868999657,-87.6896992668,2020,30,POINT (-87.6896992668 41.9868999657),,,,,2020-06-30,False,1,West Ridge
4235,30,NO CONTROLS,NO CONTROLS,RAIN,DAYLIGHT,PEDALCYCLIST,NOT DIVIDED,STRAIGHT AND LEVEL,DRY,NO DEFECTS,,UNABLE TO DETERMINE,NOT APPLICABLE,Y,NONINCAPACITATING INJURY,8,7,41.908009406,-87.643491086,2020,30,POINT (-87.643491086 41.908009406),,,,,2020-07-01,False,7,Near North Side
4236,30,NO CONTROLS,NO CONTROLS,CLEAR,DAYLIGHT,PEDALCYCLIST,NOT DIVIDED,STRAIGHT AND LEVEL,DRY,NO DEFECTS,,FAILING TO YIELD RIGHT-OF-WAY,UNABLE TO DETERMINE,,NO INDICATION OF INJURY,14,7,41.8318358109,-87.6754618393,2020,30,POINT (-87.6754618393 41.8318358109),,,,,2020-07-01,False,58,Mckinley Park
4237,25,NO CONTROLS,NO CONTROLS,CLEAR,DAYLIGHT,PEDALCYCLIST,NOT DIVIDED,STRAIGHT AND LEVEL,DRY,NO DEFECTS,,UNABLE TO DETERMINE,NOT APPLICABLE,,NONINCAPACITATING INJURY,16,7,41.8616252232,-87.7081155466,2020,25,POINT (-87.7081155466 41.8616252232),,,,,2020-07-01,False,28,North Lawndale
4238,30,STOP SIGN/FLASHER,NO CONTROLS,CLEAR,DAYLIGHT,PEDALCYCLIST,ONE-WAY,STRAIGHT AND LEVEL,DRY,NO DEFECTS,Y,FAILING TO YIELD RIGHT-OF-WAY,FAILING TO REDUCE SPEED TO AVOID CRASH,,NO INDICATION OF INJURY,16,7,41.8700406786,-87.7276140309,2020,30,POINT (-87.7276140309 41.8700406786),,,,,2020-07-01,False,25,Garfield Park
4239,30,PEDESTRIAN CROSSING SIGN,NO CONTROLS,CLEAR,DAYLIGHT,PEDALCYCLIST,NOT DIVIDED,STRAIGHT AND LEVEL,DRY,NO DEFECTS,,UNABLE TO DETERMINE,NOT APPLICABLE,,NONINCAPACITATING INJURY,17,7,41.9033382119,-87.6749636291,2020,30,POINT (-87.6749636291 41.9033382119),,,,,2020-07-01,False,23,West Town
4240,30,NO CONTROLS,NO CONTROLS,CLEAR,DAYLIGHT,PEDALCYCLIST,ONE-WAY,STRAIGHT AND LEVEL,DRY,NO DEFECTS,Y,FAILING TO YIELD RIGHT-OF-WAY,NOT APPLICABLE,,NONINCAPACITATING INJURY,18,7,41.8965018969,-87.6384665316,2020,30,POINT (-87.6384665316 41.8965018969),,,,,2020-07-01,False,7,Near North Side
4241,30,NO CONTROLS,NO CONTROLS,CLEAR,DAYLIGHT,PEDALCYCLIST,NOT DIVIDED,STRAIGHT AND LEVEL,DRY,NO DEFECTS,,UNABLE TO DETERMINE,NOT APPLICABLE,,NO INDICATION OF INJURY,7,7,42.0072778251,-87.6613106325,2020,30,POINT (-87.6613106325 42.0072778251),,,,,2020-07-02,False,0,Rogers Park
4242,30,TRAFFIC SIGNAL,FUNCTIONING PROPERLY,CLEAR,DAYLIGHT,PEDALCYCLIST,NOT DIVIDED,STRAIGHT AND LEVEL,DRY,NO DEFECTS,Y,UNABLE TO DETERMINE,NOT APPLICABLE,,NO INDICATION OF INJURY,11,7,41.8962213802,-87.6772079843,2020,30,POINT (-87.6772079843 41.8962213802),,,,,2020-07-02,False,23,West Town
4243,30,NO CONTROLS,NO CONTROLS,CLEAR,DAYLIGHT,PEDALCYCLIST,ONE-WAY,STRAIGHT AND LEVEL,DRY,NO DEFECTS,,DRIVING ON WRONG SIDE/WRONG WAY,NOT APPLICABLE,,NONINCAPACITATING INJURY,15,7,41.891338206,-87.6489425083,2020,30,POINT (-87.6489425083 41.891338206),,,,,2020-07-02,False,7,Near North Side
4244,30,NO CONTROLS,NO CONTROLS,CLEAR,DAYLIGHT,PEDALCYCLIST,ONE-WAY,STRAIGHT AND LEVEL,DRY,NO DEFECTS,,UNABLE TO DETERMINE,NOT APPLICABLE,,NO INDICATION OF INJURY,15,7,41.9558750706,-87.7031228912,2020,30,POINT (-87.7031228912 41.9558750706),,,,,2020-07-02,False,15,Irving Park
4245,30,STOP SIGN/FLASHER,NO CONTROLS,CLEAR,DAYLIGHT,PEDALCYCLIST,T-INTERSECTION,STRAIGHT AND LEVEL,DRY,NO DEFECTS,,FAILING TO YIELD RIGHT-OF-WAY,NOT APPLICABLE,,NONINCAPACITATING INJURY,16,7,41.9267937655,-87.6410485619,2020,30,POINT (-87.6410485619 41.9267937655),,,,,2020-07-02,False,6,Lincoln Park
4246,30,UNKNOWN,UNKNOWN,CLEAR,DAYLIGHT,PEDALCYCLIST,NOT DIVIDED,STRAIGHT AND LEVEL,DRY,NO DEFECTS,,UNABLE TO DETERMINE,NOT APPLICABLE,Y,NO INDICATION OF INJURY,19,7,41.8576601242,-87.6676713168,2020,30,POINT (-87.6676713168 41.8576601242),,,,,2020-07-02,False,30,Lower West Side
4247,30,NO CONTROLS,NO CONTROLS,CLEAR,DAYLIGHT,PEDALCYCLIST,NOT DIVIDED,STRAIGHT AND LEVEL,DRY,NO DEFECTS,,IMPROPER LANE USAGE,IMPROPER OVERTAKING/PASSING,,NONINCAPACITATING INJURY,19,7,41.846855346,-87.6474947387,2020,30,POINT (-87.6474947387 41.846855346),,,,,2020-07-02,False,30,Lower West Side
4248,25,NO CONTROLS,NO CONTROLS,CLEAR,DAYLIGHT,PEDALCYCLIST,T-INTERSECTION,STRAIGHT AND LEVEL,DRY,NO DEFECTS,Y,IMPROPER TURNING/NO SIGNAL,DISTRACTION - FROM OUTSIDE VEHICLE,,NONINCAPACITATING INJURY,8,7,42.0051705333,-87.6880843638,2020,25,POINT (-87.6880843638 42.0051705333),,,,,2020-07-03,False,1,West Ridge
4249,30,NO CONTROLS,NO CONTROLS,CLEAR,DAYLIGHT,PEDALCYCLIST,DIVIDED - W/MEDIAN (NOT RAISED),STRAIGHT AND LEVEL,DRY,NO DEFECTS,,FAILING TO YIELD RIGHT-OF-WAY,NOT APPLICABLE,Y,NONINCAPACITATING INJURY,10,7,41.9127304181,-87.6813270332,2020,30,POINT (-87.6813270332 41.9127304181),,,,,2020-07-03,False,6,Lincoln Park
4250,30,STOP SIGN/FLASHER,FUNCTIONING PROPERLY,CLEAR,DAYLIGHT,PEDALCYCLIST,NOT DIVIDED,STRAIGHT AND LEVEL,DRY,NO DEFECTS,,FAILING TO YIELD RIGHT-OF-WAY,NOT APPLICABLE,,NONINCAPACITATING INJURY,14,7,41.6850457908,-87.6405634023,2020,30,POINT (-87.6405634023 41.6850457908),,,,,2020-07-03,False,52,West Pullman
4251,30,TRAFFIC SIGNAL,FUNCTIONING PROPERLY,CLEAR,DAYLIGHT,PEDALCYCLIST,NOT DIVIDED,STRAIGHT AND LEVEL,DRY,NO DEFECTS,,NOT APPLICABLE,NOT APPLICABLE,,"REPORTED, NOT EVIDENT",15,7,41.8730529266,-87.6241198784,2020,30,POINT (-87.6241198784 41.8730529266),,,,,2020-07-03,False,31,Loop
4252,35,NO CONTROLS,NO CONTROLS,CLEAR,DAYLIGHT,PEDALCYCLIST,OTHER,STRAIGHT AND LEVEL,DRY,NO DEFECTS,,FAILING TO YIELD RIGHT-OF-WAY,DISTRACTION - FROM INSIDE VEHICLE,,"REPORTED, NOT EVIDENT",16,7,41.750467725,-87.6634130708,2020,35,POINT (-87.6634130708 41.750467725),,,,,2020-07-03,False,70,Auburn Gresham
4253,30,TRAFFIC SIGNAL,FUNCTIONING PROPERLY,CLEAR,DAYLIGHT,PEDALCYCLIST,DIVIDED - W/MEDIAN (NOT RAISED),STRAIGHT ON HILLCREST,DRY,NO DEFECTS,,UNABLE TO DETERMINE,UNABLE TO DETERMINE,,"REPORTED, NOT EVIDENT",18,7,41.9689324155,-87.6740974572,2020,30,POINT (-87.6740974572 41.9689324155),,,,,2020-07-03,False,2,Uptown
4254,30,TRAFFIC SIGNAL,FUNCTIONING PROPERLY,CLEAR,DAYLIGHT,PEDALCYCLIST,T-INTERSECTION,STRAIGHT AND LEVEL,DRY,NO DEFECTS,Y,FAILING TO REDUCE SPEED TO AVOID CRASH,"VISION OBSCURED (SIGNS, TREE LIMBS, BUILDINGS, ETC.)",,INCAPACITATING INJURY,18,7,41.8095347808,-87.5924502234,2020,30,POINT (-87.5924502234 41.8095347808),,,,,2020-07-03,True,38,Kenwood
4255,30,TRAFFIC SIGNAL,FUNCTIONING PROPERLY,CLEAR,"DARKNESS, LIGHTED ROAD",PEDALCYCLIST,NOT DIVIDED,STRAIGHT AND LEVEL,DRY,NO DEFECTS,,NOT APPLICABLE,NOT APPLICABLE,Y,NO INDICATION OF INJURY,21,7,41.8580791224,-87.655483341,2020,30,POINT (-87.655483341 41.8580791224),,,,,2020-07-03,False,27,Near West Side
4256,30,NO CONTROLS,NO CONTROLS,CLEAR,"DARKNESS, LIGHTED ROAD",PEDALCYCLIST,NOT DIVIDED,STRAIGHT AND LEVEL,DRY,NO DEFECTS,,UNABLE TO DETERMINE,UNABLE TO DETERMINE,,NONINCAPACITATING INJURY,23,7,41.8859595585,-87.7325933879,2020,30,POINT (-87.7325933879 41.8859595585),,,,,2020-07-03,False,25,Garfield Park
4257,30,TRAFFIC SIGNAL,FUNCTIONING PROPERLY,CLEAR,DAYLIGHT,PEDALCYCLIST,DIVIDED - W/MEDIAN (NOT RAISED),STRAIGHT AND LEVEL,DRY,NO DEFECTS,Y,NOT APPLICABLE,NOT APPLICABLE,,NONINCAPACITATING INJURY,10,7,41.6995309513,-87.6425480333,2020,30,POINT (-87.6425480333 41.6995309513),,,,,2020-07-04,False,48,Roseland
4258,30,STOP SIGN/FLASHER,FUNCTIONING PROPERLY,CLEAR,DAYLIGHT,PEDALCYCLIST,FOUR WAY,STRAIGHT AND LEVEL,DRY,NO DEFECTS,Y,DISREGARDING STOP SIGN,DISREGARDING STOP SIGN,,"REPORTED, NOT EVIDENT",10,7,41.9364888207,-87.7921279811,2020,30,POINT (-87.7921279811 41.9364888207),,,,,2020-07-04,False,16,Dunning
4259,30,NO CONTROLS,FUNCTIONING PROPERLY,CLEAR,DAYLIGHT,PEDALCYCLIST,NOT DIVIDED,STRAIGHT AND LEVEL,DRY,NO DEFECTS,,UNABLE TO DETERMINE,NOT APPLICABLE,,NO INDICATION OF INJURY,11,7,41.9109914809,-87.7736149601,2020,30,POINT (-87.7736149601 41.9109914809),,,,,2020-07-04,False,24,Austin
4260,30,NO CONTROLS,NO CONTROLS,CLEAR,DAYLIGHT,PEDALCYCLIST,NOT DIVIDED,STRAIGHT AND LEVEL,DRY,NO DEFECTS,,UNABLE TO DETERMINE,UNABLE TO DETERMINE,Y,NONINCAPACITATING INJURY,13,7,41.9087710508,-87.6347831358,2020,30,POINT (-87.6347831358 41.9087710508),,,,,2020-07-04,False,7,Near North Side
4261,30,TRAFFIC SIGNAL,FUNCTIONING PROPERLY,CLEAR,DAYLIGHT,PEDALCYCLIST,T-INTERSECTION,STRAIGHT AND LEVEL,DRY,NO DEFECTS,Y,UNABLE TO DETERMINE,UNABLE TO DETERMINE,,NO INDICATION OF INJURY,13,7,41.9255461464,-87.6366414682,2020,30,POINT (-87.6366414682 41.9255461464),,,,,2020-07-04,False,6,Lincoln Park
4262,25,STOP SIGN/FLASHER,FUNCTIONING PROPERLY,CLEAR,DAYLIGHT,PEDALCYCLIST,NOT DIVIDED,STRAIGHT AND LEVEL,DRY,NO DEFECTS,,FAILING TO YIELD RIGHT-OF-WAY,NOT APPLICABLE,,NONINCAPACITATING INJURY,14,7,41.9945209467,-87.6717988946,2020,25,POINT (-87.6717988946 41.9945209467),,,,,2020-07-04,False,76,Edgewater
4263,30,NO CONTROLS,NO CONTROLS,CLEAR,DAYLIGHT,PEDALCYCLIST,DIVIDED - W/MEDIAN (NOT RAISED),STRAIGHT AND LEVEL,DRY,NO DEFECTS,,IMPROPER TURNING/NO SIGNAL,NOT APPLICABLE,,NO INDICATION OF INJURY,16,7,41.7512694422,-87.61244436,2020,30,POINT (-87.61244436 41.7512694422),,,,,2020-07-04,False,43,Chatham
4264,30,TRAFFIC SIGNAL,FUNCTIONING PROPERLY,CLEAR,DARKNESS,PEDALCYCLIST,NOT DIVIDED,STRAIGHT AND LEVEL,DRY,NO DEFECTS,,UNABLE TO DETERMINE,NOT APPLICABLE,,NONINCAPACITATING INJURY,18,7,41.779724331,-87.664373503,2020,30,POINT (-87.664373503 41.779724331),,,,,2020-07-04,False,66,Englewood
4265,30,NO CONTROLS,NO CONTROLS,CLEAR,DARKNESS,PEDALCYCLIST,NOT DIVIDED,STRAIGHT AND LEVEL,DRY,NO DEFECTS,,UNABLE TO DETERMINE,NOT APPLICABLE,,INCAPACITATING INJURY,21,7,41.8984587451,-87.7214377228,2020,30,POINT (-87.7214377228 41.8984587451),,,,,2020-07-04,True,22,Humboldt Park
4266,30,TRAFFIC SIGNAL,FUNCTIONING PROPERLY,CLEAR,"DARKNESS, LIGHTED ROAD",PEDALCYCLIST,NOT DIVIDED,STRAIGHT AND LEVEL,DRY,NO DEFECTS,Y,IMPROPER TURNING/NO SIGNAL,UNABLE TO DETERMINE,,NONINCAPACITATING INJURY,1,7,41.8590676344,-87.7150615703,2020,30,POINT (-87.7150615703 41.8590676344),,,,,2020-07-05,False,28,North Lawndale
4267,30,NO CONTROLS,NO CONTROLS,CLEAR,DAYLIGHT,PEDALCYCLIST,ONE-WAY,STRAIGHT AND LEVEL,DRY,NO DEFECTS,,FAILING TO YIELD RIGHT-OF-WAY,FAILING TO YIELD RIGHT-OF-WAY,,NO INDICATION OF INJURY,12,7,41.7942350552,-87.6235656947,2020,30,POINT (-87.6235656947 41.7942350552),,,,,2020-07-05,False,39,Washington Park
4268,10,NO CONTROLS,NO CONTROLS,CLEAR,DAYLIGHT,PEDALCYCLIST,ALLEY,STRAIGHT AND LEVEL,DRY,UNKNOWN,,DISTRACTION - FROM OUTSIDE VEHICLE,UNABLE TO DETERMINE,,INCAPACITATING INJURY,14,7,42.0099693269,-87.6996025455,2020,10,POINT (-87.6996025455 42.0099693269),,,,,2020-07-05,True,1,West Ridge
4269,30,NO CONTROLS,NO CONTROLS,CLEAR,DAYLIGHT,PEDALCYCLIST,DIVIDED - W/MEDIAN (NOT RAISED),STRAIGHT AND LEVEL,DRY,NO DEFECTS,,UNABLE TO DETERMINE,NOT APPLICABLE,Y,NO INDICATION OF INJURY,14,7,41.966008334,-87.6546436787,2020,30,POINT (-87.6546436787 41.966008334),,,,,2020-07-05,False,2,Uptown
4270,30,TRAFFIC SIGNAL,FUNCTIONING PROPERLY,CLEAR,DAYLIGHT,PEDALCYCLIST,NOT DIVIDED,STRAIGHT AND LEVEL,DRY,NO DEFECTS,,FAILING TO YIELD RIGHT-OF-WAY,NOT APPLICABLE,,NO INDICATION OF INJURY,18,7,41.6843706482,-87.7006772043,2020,30,POINT (-87.7006772043 41.6843706482),,,,,2020-07-05,False,73,Mount Greenwood
4271,30,TRAFFIC SIGNAL,FUNCTIONING PROPERLY,CLEAR,DAYLIGHT,PEDALCYCLIST,FOUR WAY,STRAIGHT AND LEVEL,DRY,NO DEFECTS,Y,DISREGARDING TRAFFIC SIGNALS,NOT APPLICABLE,,NONINCAPACITATING INJURY,19,7,41.9174461719,-87.7071160719,2020,30,POINT (-87.7071160719 41.9174461719),,,,,2020-07-05,False,21,Logan Square
4272,30,TRAFFIC SIGNAL,FUNCTIONING PROPERLY,CLEAR,"DARKNESS, LIGHTED ROAD",PEDALCYCLIST,FOUR WAY,STRAIGHT AND LEVEL,DRY,NO DEFECTS,,FAILING TO YIELD RIGHT-OF-WAY,FAILING TO YIELD RIGHT-OF-WAY,,INCAPACITATING INJURY,23,7,41.9978822118,-87.8067008278,2020,30,POINT (-87.8067008278 41.9978822118),,,,,2020-07-05,True,8,Edison Park
4273,30,NO CONTROLS,NO CONTROLS,CLEAR,"DARKNESS, LIGHTED ROAD",PEDALCYCLIST,NOT DIVIDED,STRAIGHT AND LEVEL,DRY,NO DEFECTS,,UNABLE TO DETERMINE,NOT APPLICABLE,,"REPORTED, NOT EVIDENT",2,7,41.7543657794,-87.6439928529,2020,30,POINT (-87.6439928529 41.7543657794),,,,,2020-07-06,False,70,Auburn Gresham
4274,30,TRAFFIC SIGNAL,FUNCTIONING PROPERLY,CLEAR,DAYLIGHT,PEDALCYCLIST,T-INTERSECTION,STRAIGHT AND LEVEL,DRY,NO DEFECTS,Y,FAILING TO YIELD RIGHT-OF-WAY,NOT APPLICABLE,,"REPORTED, NOT EVIDENT",12,7,41.9997122749,-87.6713074563,2020,30,POINT (-87.6713074563 41.9997122749),,,,,2020-07-06,False,0,Rogers Park
4276,30,NO CONTROLS,NO CONTROLS,CLEAR,DAYLIGHT,PEDALCYCLIST,DRIVEWAY,STRAIGHT AND LEVEL,DRY,NO DEFECTS,,UNABLE TO DETERMINE,UNABLE TO DETERMINE,N,NONINCAPACITATING INJURY,17,7,41.851882181,-87.7047392189,2020,30,POINT (-87.7047392189 41.851882181),,,,,2020-07-06,False,28,North Lawndale
4277,30,TRAFFIC SIGNAL,FUNCTIONING PROPERLY,CLEAR,DAYLIGHT,PEDALCYCLIST,NOT DIVIDED,STRAIGHT AND LEVEL,DRY,UNKNOWN,Y,FAILING TO YIELD RIGHT-OF-WAY,FAILING TO YIELD RIGHT-OF-WAY,,NONINCAPACITATING INJURY,18,7,41.8915077044,-87.6368826773,2020,30,POINT (-87.6368826773 41.8915077044),,,,,2020-07-06,False,7,Near North Side
4278,20,STOP SIGN/FLASHER,OTHER,CLEAR,DAYLIGHT,PEDALCYCLIST,ONE-WAY,STRAIGHT AND LEVEL,DRY,NO DEFECTS,,"VISION OBSCURED (SIGNS, TREE LIMBS, BUILDINGS, ETC.)",DISREGARDING STOP SIGN,,NONINCAPACITATING INJURY,19,7,41.7876587176,-87.7280505393,2020,20,POINT (-87.7280505393 41.7876587176),,,,,2020-07-06,False,61,West Elsdon
4279,30,TRAFFIC SIGNAL,FUNCTIONING PROPERLY,CLEAR,"DARKNESS, LIGHTED ROAD",PEDALCYCLIST,ONE-WAY,STRAIGHT AND LEVEL,DRY,NO DEFECTS,,FAILING TO YIELD RIGHT-OF-WAY,UNABLE TO DETERMINE,,NO INDICATION OF INJURY,21,7,41.9019522408,-87.6314644372,2020,30,POINT (-87.6314644372 41.9019522408),,,,,2020-07-06,False,7,Near North Side
4280,30,TRAFFIC SIGNAL,FUNCTIONING PROPERLY,CLEAR,"DARKNESS, LIGHTED ROAD",PEDALCYCLIST,NOT DIVIDED,STRAIGHT AND LEVEL,DRY,NO DEFECTS,,UNABLE TO DETERMINE,NOT APPLICABLE,,NONINCAPACITATING INJURY,22,7,41.7862986904,-87.6935298824,2020,30,POINT (-87.6935298824 41.7862986904),,,,,2020-07-06,False,62,Gage Park
4281,30,TRAFFIC SIGNAL,FUNCTIONING PROPERLY,CLEAR,DAYLIGHT,PEDALCYCLIST,FOUR WAY,STRAIGHT AND LEVEL,DRY,NO DEFECTS,,UNABLE TO DETERMINE,UNABLE TO DETERMINE,,"REPORTED, NOT EVIDENT",23,7,41.8807760078,-87.7306983837,2020,30,POINT (-87.7306983837 41.8807760078),,,,,2020-07-06,False,25,Garfield Park
4282,30,NO CONTROLS,NO CONTROLS,CLEAR,DAWN,PEDALCYCLIST,NOT DIVIDED,STRAIGHT AND LEVEL,UNKNOWN,UNKNOWN,,DISTRACTION - FROM INSIDE VEHICLE,UNABLE TO DETERMINE,,NONINCAPACITATING INJURY,5,7,41.9119671894,-87.6776457907,2020,30,POINT (-87.6776457907 41.9119671894),,,,,2020-07-07,False,6,Lincoln Park
4283,30,STOP SIGN/FLASHER,FUNCTIONING PROPERLY,CLEAR,DAYLIGHT,PEDALCYCLIST,DIVIDED - W/MEDIAN (NOT RAISED),STRAIGHT AND LEVEL,DRY,NO DEFECTS,Y,UNABLE TO DETERMINE,NOT APPLICABLE,,NO INDICATION OF INJURY,6,7,41.8738537195,-87.6814633351,2020,30,POINT (-87.6814633351 41.8738537195),,,,,2020-07-07,False,27,Near West Side
4284,30,NO CONTROLS,NO CONTROLS,CLEAR,DAYLIGHT,PEDALCYCLIST,NOT DIVIDED,STRAIGHT AND LEVEL,DRY,NO DEFECTS,,NOT APPLICABLE,NOT APPLICABLE,,"REPORTED, NOT EVIDENT",11,7,41.9088837375,-87.6386699633,2020,30,POINT (-87.6386699633 41.9088837375),,,,,2020-07-07,False,7,Near North Side
4285,30,TRAFFIC SIGNAL,FUNCTIONING PROPERLY,CLEAR,DAYLIGHT,PEDALCYCLIST,DIVIDED - W/MEDIAN BARRIER,STRAIGHT AND LEVEL,DRY,NO DEFECTS,Y,DISREGARDING TRAFFIC SIGNALS,FAILING TO YIELD RIGHT-OF-WAY,Y,"REPORTED, NOT EVIDENT",14,7,41.8673305109,-87.6275660197,2020,30,POINT (-87.6275660197 41.8673305109),,,,,2020-07-07,False,31,Loop
4286,30,NO CONTROLS,NO CONTROLS,CLEAR,DAYLIGHT,PEDALCYCLIST,NOT DIVIDED,STRAIGHT AND LEVEL,DRY,NO DEFECTS,Y,IMPROPER LANE USAGE,IMPROPER LANE USAGE,,INCAPACITATING INJURY,15,7,41.9468585179,-87.6871077545,2020,30,POINT (-87.6871077545 41.9468585179),,,,,2020-07-07,True,4,North Center