Unnamed: 0,POSTED_SPEED_LIMIT,TRAFFIC_CONTROL_DEVICE,DEVICE_CONDITION,WEATHER_CONDITION,LIGHTING_CONDITION,FIRST_CRASH_TYPE,TRAFFICWAY_TYPE,ALIGNMENT,ROADWAY_SURFACE_COND,ROAD_DEFECT,INTERSECTION_RELATED_I,PRIM_CONTRIBUTORY_CAUSE,SEC_CONTRIBUTORY_CAUSE,DOORING_I,MOST_SEVERE_INJURY,CRASH_HOUR,CRASH_MONTH,LATITUDE,LONGITUDE,CRASH_YEAR,SPEED_LIMIT,geometry,DISPLAYROU,the_geom,DIST,LANE_TYPE,CRASH_DATE,is_severe,index_right,CArea
4287,30,NO CONTROLS,NO CONTROLS,CLEAR,DAYLIGHT,PEDALCYCLIST,DIVIDED - W/MEDIAN (NOT RAISED),STRAIGHT AND LEVEL,DRY,NO DEFECTS,Y,FAILING TO YIELD RIGHT-OF-WAY,UNABLE TO DETERMINE,,NONINCAPACITATING INJURY,16,7,41.9086395917,-87.6483601527,2020,30,POINT (-87.6483601527 41.9086395917),,,,,2020-07-07,False,7,Near North Side
4288,30,NO CONTROLS,NO CONTROLS,CLEAR,DAYLIGHT,PEDALCYCLIST,DIVIDED - W/MEDIAN (NOT RAISED),STRAIGHT AND LEVEL,DRY,NO DEFECTS,Y,FAILING TO YIELD RIGHT-OF-WAY,UNABLE TO DETERMINE,,NONINCAPACITATING INJURY,17,7,41.9996890492,-87.6900825373,2020,30,POINT (-87.6900825373 41.9996890492),,,,,2020-07-07,False,1,West Ridge
4289,30,TRAFFIC SIGNAL,FUNCTIONING PROPERLY,CLEAR,DAYLIGHT,PEDALCYCLIST,NOT DIVIDED,STRAIGHT AND LEVEL,DRY,NO DEFECTS,Y,FAILING TO YIELD RIGHT-OF-WAY,NOT APPLICABLE,,NO INDICATION OF INJURY,18,7,41.9945042244,-87.6605523844,2020,30,POINT (-87.6605523844 41.9945042244),,,,,2020-07-07,False,76,Edgewater
4290,25,STOP SIGN/FLASHER,FUNCTIONING PROPERLY,UNKNOWN,DUSK,PEDALCYCLIST,FOUR WAY,STRAIGHT AND LEVEL,UNKNOWN,UNKNOWN,Y,UNABLE TO DETERMINE,NOT APPLICABLE,,INCAPACITATING INJURY,20,7,41.9205086547,-87.7485218061,2020,25,POINT (-87.7485218061 41.9205086547),,,,,2020-07-07,True,18,Belmont Cragin
4291,30,STOP SIGN/FLASHER,FUNCTIONING PROPERLY,CLEAR,DAYLIGHT,PEDALCYCLIST,NOT DIVIDED,STRAIGHT AND LEVEL,DRY,NO DEFECTS,Y,UNABLE TO DETERMINE,NOT APPLICABLE,N,NONINCAPACITATING INJURY,7,7,41.9752580953,-87.7519905572,2020,30,POINT (-87.7519905572 41.9752580953),,,,,2020-07-08,False,11,Forest Glen
4292,30,NO CONTROLS,NO CONTROLS,CLEAR,DAYLIGHT,PEDALCYCLIST,NOT DIVIDED,STRAIGHT AND LEVEL,DRY,NO DEFECTS,,UNABLE TO DETERMINE,UNABLE TO DETERMINE,,NONINCAPACITATING INJURY,8,7,41.9123643102,-87.6346004087,2020,30,POINT (-87.6346004087 41.9123643102),,,,,2020-07-08,False,6,Lincoln Park
4293,35,NO CONTROLS,NO CONTROLS,CLEAR,DAYLIGHT,PEDALCYCLIST,NOT DIVIDED,STRAIGHT AND LEVEL,DRY,NO DEFECTS,,DRIVING SKILLS/KNOWLEDGE/EXPERIENCE,NOT APPLICABLE,N,NO INDICATION OF INJURY,10,7,41.9392537388,-87.7238829078,2020,35,POINT (-87.7238829078 41.9392537388),,,,,2020-07-08,False,15,Irving Park
4294,30,TRAFFIC SIGNAL,FUNCTIONING PROPERLY,CLEAR,DAYLIGHT,PEDALCYCLIST,DIVIDED - W/MEDIAN (NOT RAISED),STRAIGHT AND LEVEL,DRY,NO DEFECTS,,UNABLE TO DETERMINE,NOT APPLICABLE,Y,NONINCAPACITATING INJURY,11,7,41.9329634292,-87.6422256193,2020,30,POINT (-87.6422256193 41.9329634292),,,,,2020-07-08,False,5,Lake View
4295,30,NO CONTROLS,NO CONTROLS,CLEAR,DAYLIGHT,PEDALCYCLIST,NOT DIVIDED,STRAIGHT AND LEVEL,DRY,NO DEFECTS,,IMPROPER OVERTAKING/PASSING,NOT APPLICABLE,,NO INDICATION OF INJURY,17,7,41.8751875755,-87.7354319735,2020,30,POINT (-87.7354319735 41.8751875755),,,,,2020-07-08,False,25,Garfield Park
4296,30,STOP SIGN/FLASHER,FUNCTIONING PROPERLY,CLEAR,"DARKNESS, LIGHTED ROAD",PEDALCYCLIST,NOT DIVIDED,STRAIGHT AND LEVEL,DRY,UNKNOWN,Y,FAILING TO YIELD RIGHT-OF-WAY,FAILING TO YIELD RIGHT-OF-WAY,,NONINCAPACITATING INJURY,22,7,41.9218677567,-87.6390815571,2020,30,POINT (-87.6390815571 41.9218677567),,,,,2020-07-08,False,6,Lincoln Park
4297,30,NO CONTROLS,NO CONTROLS,CLEAR,DAYLIGHT,PEDALCYCLIST,DIVIDED - W/MEDIAN (NOT RAISED),STRAIGHT AND LEVEL,DRY,NO DEFECTS,,UNABLE TO DETERMINE,NOT APPLICABLE,Y,NONINCAPACITATING INJURY,6,7,41.924840687,-87.7007380628,2020,30,POINT (-87.7007380628 41.924840687),,,,,2020-07-09,False,21,Logan Square
4298,30,STOP SIGN/FLASHER,FUNCTIONING PROPERLY,CLEAR,DAYLIGHT,PEDALCYCLIST,DIVIDED - W/MEDIAN (NOT RAISED),STRAIGHT AND LEVEL,DRY,NO DEFECTS,Y,UNABLE TO DETERMINE,NOT APPLICABLE,,NONINCAPACITATING INJURY,10,7,41.849220044,-87.6952257662,2020,30,POINT (-87.6952257662 41.849220044),,,,,2020-07-09,False,28,North Lawndale
4299,30,STOP SIGN/FLASHER,FUNCTIONING PROPERLY,CLEAR,DAYLIGHT,PEDALCYCLIST,NOT DIVIDED,STRAIGHT AND LEVEL,DRY,NO DEFECTS,Y,DISREGARDING STOP SIGN,UNABLE TO DETERMINE,,NONINCAPACITATING INJURY,10,7,41.9760241458,-87.6474037116,2020,30,POINT (-87.6474037116 41.9760241458),,,,,2020-07-09,False,2,Uptown
4300,15,NO CONTROLS,NO CONTROLS,CLEAR,DAYLIGHT,PEDALCYCLIST,OTHER,STRAIGHT AND LEVEL,DRY,NO DEFECTS,,UNABLE TO DETERMINE,UNABLE TO DETERMINE,,NONINCAPACITATING INJURY,11,7,41.6936371425,-87.7056971177,2020,15,POINT (-87.7056971177 41.6936371425),,,,,2020-07-09,False,73,Mount Greenwood
4301,15,NO CONTROLS,NO CONTROLS,CLEAR,DAYLIGHT,PEDALCYCLIST,ALLEY,STRAIGHT AND LEVEL,DRY,SHOULDER DEFECT,,UNABLE TO DETERMINE,UNABLE TO DETERMINE,,INCAPACITATING INJURY,13,7,41.9460875414,-87.7469149796,2020,15,POINT (-87.7469149796 41.9460875414),,,,,2020-07-09,True,14,Portage Park
4302,25,UNKNOWN,UNKNOWN,CLEAR,DAYLIGHT,PEDALCYCLIST,NOT DIVIDED,STRAIGHT AND LEVEL,DRY,UNKNOWN,,UNABLE TO DETERMINE,NOT APPLICABLE,,NONINCAPACITATING INJURY,14,7,41.8443900411,-87.7076201478,2020,25,POINT (-87.7076201478 41.8443900411),,,,,2020-07-09,False,29,South Lawndale
4303,25,NO CONTROLS,NO CONTROLS,UNKNOWN,UNKNOWN,PEDALCYCLIST,NOT DIVIDED,STRAIGHT ON GRADE,UNKNOWN,NO DEFECTS,,UNABLE TO DETERMINE,UNABLE TO DETERMINE,,NONINCAPACITATING INJURY,15,7,41.9648960324,-87.6973542135,2020,25,POINT (-87.6973542135 41.9648960324),,,,,2020-07-09,False,3,Lincoln Square
4304,25,NO CONTROLS,NO CONTROLS,CLEAR,DAYLIGHT,PEDALCYCLIST,ONE-WAY,STRAIGHT AND LEVEL,DRY,NO DEFECTS,,NOT APPLICABLE,NOT APPLICABLE,Y,"REPORTED, NOT EVIDENT",17,7,41.9297698636,-87.656038546,2020,25,POINT (-87.656038546 41.9297698636),,,,,2020-07-09,False,6,Lincoln Park
4305,30,TRAFFIC SIGNAL,FUNCTIONING PROPERLY,CLEAR,DUSK,PEDALCYCLIST,DIVIDED - W/MEDIAN BARRIER,STRAIGHT AND LEVEL,DRY,NO DEFECTS,,UNABLE TO DETERMINE,UNABLE TO DETERMINE,,NONINCAPACITATING INJURY,19,7,41.8024088658,-87.6028210958,2020,30,POINT (-87.6028210958 41.8024088658),,,,,2020-07-09,False,38,Kenwood
4306,30,NO CONTROLS,NO CONTROLS,CLEAR,"DARKNESS, LIGHTED ROAD",PEDALCYCLIST,DIVIDED - W/MEDIAN (NOT RAISED),STRAIGHT AND LEVEL,DRY,NO DEFECTS,,UNABLE TO DETERMINE,NOT APPLICABLE,,NO INDICATION OF INJURY,21,7,41.7654659279,-87.6280736816,2020,30,POINT (-87.6280736816 41.7654659279),,,,,2020-07-09,False,68,Grand Crossing
4307,30,NO CONTROLS,NO CONTROLS,CLEAR,DAYLIGHT,PEDALCYCLIST,DIVIDED - W/MEDIAN (NOT RAISED),STRAIGHT AND LEVEL,DRY,NO DEFECTS,,IMPROPER OVERTAKING/PASSING,IMPROPER OVERTAKING/PASSING,N,NONINCAPACITATING INJURY,11,7,41.7376626858,-87.6427694124,2020,30,POINT (-87.6427694124 41.7376626858),,,,,2020-07-10,False,48,Roseland
4308,30,STOP SIGN/FLASHER,FUNCTIONING PROPERLY,CLEAR,DAYLIGHT,PEDALCYCLIST,NOT DIVIDED,STRAIGHT AND LEVEL,DRY,NO DEFECTS,Y,UNABLE TO DETERMINE,NOT APPLICABLE,,NO INDICATION OF INJURY,13,7,41.8869313739,-87.6696151856,2020,30,POINT (-87.6696151856 41.8869313739),,,,,2020-07-10,False,27,Near West Side
4309,30,NO CONTROLS,NO CONTROLS,CLEAR,DAYLIGHT,PEDALCYCLIST,NOT DIVIDED,STRAIGHT AND LEVEL,DRY,NO DEFECTS,Y,IMPROPER OVERTAKING/PASSING,UNABLE TO DETERMINE,Y,NO INDICATION OF INJURY,14,7,41.7994478428,-87.5878004173,2020,30,POINT (-87.5878004173 41.7994478428),,,,,2020-07-10,False,40,Hyde Park
4310,30,NO CONTROLS,NO CONTROLS,CLEAR,DAYLIGHT,PEDALCYCLIST,T-INTERSECTION,STRAIGHT AND LEVEL,DRY,NO DEFECTS,,IMPROPER TURNING/NO SIGNAL,FAILING TO YIELD RIGHT-OF-WAY,,NONINCAPACITATING INJURY,16,7,41.9219004012,-87.6954875737,2020,30,POINT (-87.6954875737 41.9219004012),,,,,2020-07-10,False,21,Logan Square
4311,30,NO CONTROLS,NO CONTROLS,CLEAR,DAYLIGHT,PEDALCYCLIST,NOT DIVIDED,STRAIGHT AND LEVEL,DRY,NO DEFECTS,,IMPROPER TURNING/NO SIGNAL,DISREGARDING ROAD MARKINGS,,"REPORTED, NOT EVIDENT",18,7,41.9374476664,-87.7209105563,2020,30,POINT (-87.7209105563 41.9374476664),,,,,2020-07-10,False,20,Avondale
4312,25,NO CONTROLS,NO CONTROLS,CLEAR,DAYLIGHT,PEDALCYCLIST,NOT DIVIDED,STRAIGHT AND LEVEL,DRY,NO DEFECTS,,FOLLOWING TOO CLOSELY,UNABLE TO DETERMINE,,NO INDICATION OF INJURY,19,7,42.0044103463,-87.6729392872,2020,25,POINT (-87.6729392872 42.0044103463),,,,,2020-07-10,False,0,Rogers Park
4313,30,NO CONTROLS,NO CONTROLS,CLEAR,DAYLIGHT,PEDALCYCLIST,DIVIDED - W/MEDIAN BARRIER,STRAIGHT AND LEVEL,DRY,NO DEFECTS,Y,UNABLE TO DETERMINE,NOT APPLICABLE,,INCAPACITATING INJURY,19,7,41.8721669578,-87.6295767973,2020,30,POINT (-87.6295767973 41.8721669578),,,,,2020-07-10,True,31,Loop
4314,35,TRAFFIC SIGNAL,FUNCTIONING PROPERLY,CLEAR,DAYLIGHT,PEDALCYCLIST,RAMP,STRAIGHT AND LEVEL,DRY,NO DEFECTS,Y,FAILING TO YIELD RIGHT-OF-WAY,NOT APPLICABLE,,NONINCAPACITATING INJURY,6,7,41.8173988173,-87.7432772846,2020,35,POINT (-87.7432772846 41.8173988173),,,,,2020-07-11,False,55,Garfield Ridge
4315,30,TRAFFIC SIGNAL,FUNCTIONING PROPERLY,CLEAR,DAYLIGHT,PEDALCYCLIST,Y-INTERSECTION,STRAIGHT AND LEVEL,DRY,NO DEFECTS,Y,UNABLE TO DETERMINE,UNABLE TO DETERMINE,,NONINCAPACITATING INJURY,10,7,41.7518556025,-87.5482503373,2020,30,POINT (-87.5482503373 41.7518556025),,,,,2020-07-11,False,42,South Shore
4316,30,NO CONTROLS,NO CONTROLS,CLEAR,DAYLIGHT,PEDALCYCLIST,NOT DIVIDED,STRAIGHT AND LEVEL,DRY,NO DEFECTS,,"VISION OBSCURED (SIGNS, TREE LIMBS, BUILDINGS, ETC.)",FAILING TO REDUCE SPEED TO AVOID CRASH,N,NO INDICATION OF INJURY,12,7,41.9304965319,-87.7095113245,2020,30,POINT (-87.7095113245 41.9304965319),,,,,2020-07-11,False,21,Logan Square
4317,30,TRAFFIC SIGNAL,FUNCTIONING PROPERLY,CLEAR,DAYLIGHT,PEDALCYCLIST,DIVIDED - W/MEDIAN (NOT RAISED),STRAIGHT AND LEVEL,DRY,NO DEFECTS,,IMPROPER OVERTAKING/PASSING,NOT APPLICABLE,,NO INDICATION OF INJURY,14,7,41.8843524156,-87.6472877491,2020,30,POINT (-87.6472877491 41.8843524156),,,,,2020-07-11,False,27,Near West Side
4318,30,TRAFFIC SIGNAL,FUNCTIONING PROPERLY,CLEAR,DAYLIGHT,PEDALCYCLIST,NOT DIVIDED,STRAIGHT AND LEVEL,DRY,NO DEFECTS,,UNABLE TO DETERMINE,UNABLE TO DETERMINE,,NO INDICATION OF INJURY,18,7,41.9355653152,-87.6492325447,2020,30,POINT (-87.6492325447 41.9355653152),,,,,2020-07-11,False,5,Lake View
4319,30,STOP SIGN/FLASHER,FUNCTIONING PROPERLY,CLEAR,DAYLIGHT,PEDALCYCLIST,NOT DIVIDED,STRAIGHT AND LEVEL,DRY,NO DEFECTS,,FAILING TO YIELD RIGHT-OF-WAY,NOT APPLICABLE,,NONINCAPACITATING INJURY,19,7,41.9363019104,-87.6589898344,2020,30,POINT (-87.6589898344 41.9363019104),,,,,2020-07-11,False,5,Lake View
4320,30,NO CONTROLS,NO CONTROLS,CLEAR,DAYLIGHT,PEDALCYCLIST,NOT DIVIDED,STRAIGHT AND LEVEL,DRY,NO DEFECTS,,NOT APPLICABLE,NOT APPLICABLE,Y,NONINCAPACITATING INJURY,20,7,41.681950036,-87.6413330735,2020,30,POINT (-87.6413330735 41.681950036),,,,,2020-07-11,False,52,West Pullman
4321,30,NO CONTROLS,NO CONTROLS,CLEAR,DUSK,PEDALCYCLIST,NOT DIVIDED,STRAIGHT AND LEVEL,DRY,NO DEFECTS,Y,FAILING TO YIELD RIGHT-OF-WAY,NOT APPLICABLE,,NONINCAPACITATING INJURY,20,7,41.997904899,-87.6861721708,2020,30,POINT (-87.6861721708 41.997904899),,,,,2020-07-11,False,1,West Ridge
4322,30,STOP SIGN/FLASHER,FUNCTIONING PROPERLY,CLEAR,DAYLIGHT,PEDALCYCLIST,FOUR WAY,STRAIGHT AND LEVEL,DRY,NO DEFECTS,Y,FAILING TO YIELD RIGHT-OF-WAY,NOT APPLICABLE,,NO INDICATION OF INJURY,7,7,41.8095220526,-87.599410648,2020,30,POINT (-87.599410648 41.8095220526),,,,,2020-07-12,False,38,Kenwood
4323,30,TRAFFIC SIGNAL,FUNCTIONING PROPERLY,CLEAR,DAYLIGHT,PEDALCYCLIST,DIVIDED - W/MEDIAN (NOT RAISED),STRAIGHT AND LEVEL,DRY,NO DEFECTS,,"EVASIVE ACTION DUE TO ANIMAL, OBJECT, NONMOTORIST",NOT APPLICABLE,,INCAPACITATING INJURY,12,7,41.9163625315,-87.666311232,2020,30,POINT (-87.666311232 41.9163625315),,,,,2020-07-12,True,6,Lincoln Park
4324,10,NO CONTROLS,NO CONTROLS,CLEAR,DAYLIGHT,PEDALCYCLIST,ALLEY,STRAIGHT AND LEVEL,UNKNOWN,UNKNOWN,,UNABLE TO DETERMINE,UNABLE TO DETERMINE,,NONINCAPACITATING INJURY,12,7,41.9981293315,-87.6949292537,2020,10,POINT (-87.6949292537 41.9981293315),,,,,2020-07-12,False,1,West Ridge
4325,30,TRAFFIC SIGNAL,FUNCTIONING PROPERLY,CLEAR,DAYLIGHT,PEDALCYCLIST,FOUR WAY,STRAIGHT AND LEVEL,DRY,NO DEFECTS,,FAILING TO YIELD RIGHT-OF-WAY,NOT APPLICABLE,,NONINCAPACITATING INJURY,13,7,41.9031057363,-87.6771082867,2020,30,POINT (-87.6771082867 41.9031057363),,,,,2020-07-12,False,23,West Town
4326,30,STOP SIGN/FLASHER,FUNCTIONING PROPERLY,CLEAR,DAYLIGHT,PEDALCYCLIST,NOT DIVIDED,STRAIGHT AND LEVEL,DRY,NO DEFECTS,,IMPROPER LANE USAGE,DRIVING ON WRONG SIDE/WRONG WAY,,"REPORTED, NOT EVIDENT",17,7,41.823722744,-87.6186956596,2020,30,POINT (-87.6186956596 41.823722744),,,,,2020-07-12,False,34,Douglas
4327,30,UNKNOWN,UNKNOWN,CLEAR,DAYLIGHT,PEDALCYCLIST,NOT DIVIDED,STRAIGHT AND LEVEL,DRY,NO DEFECTS,,NOT APPLICABLE,NOT APPLICABLE,,NO INDICATION OF INJURY,18,7,41.9240353231,-87.7695798076,2020,30,POINT (-87.7695798076 41.9240353231),,,,,2020-07-12,False,18,Belmont Cragin
4328,25,STOP SIGN/FLASHER,FUNCTIONING PROPERLY,CLEAR,"DARKNESS, LIGHTED ROAD",PEDALCYCLIST,FOUR WAY,STRAIGHT AND LEVEL,DRY,NO DEFECTS,Y,UNABLE TO DETERMINE,UNABLE TO DETERMINE,,FATAL,2,7,41.860652184,-87.7154031336,2020,25,POINT (-87.7154031336 41.860652184),,,,,2020-07-13,True,28,North Lawndale
4329,30,TRAFFIC SIGNAL,FUNCTIONING PROPERLY,CLEAR,DAYLIGHT,PEDALCYCLIST,UNKNOWN INTERSECTION TYPE,STRAIGHT ON HILLCREST,DRY,NO DEFECTS,Y,DISREGARDING TRAFFIC SIGNALS,FAILING TO YIELD RIGHT-OF-WAY,,NONINCAPACITATING INJURY,6,7,41.8920193534,-87.6137716434,2020,30,POINT (-87.6137716434 41.8920193534),,,,,2020-07-13,False,7,Near North Side
4330,20,NO CONTROLS,NO CONTROLS,CLEAR,DAYLIGHT,PEDALCYCLIST,DIVIDED - W/MEDIAN (NOT RAISED),STRAIGHT AND LEVEL,DRY,NO DEFECTS,,"VISION OBSCURED (SIGNS, TREE LIMBS, BUILDINGS, ETC.)",UNABLE TO DETERMINE,,INCAPACITATING INJURY,7,7,41.9687307336,-87.6726720328,2020,20,POINT (-87.6726720328 41.9687307336),,,,,2020-07-13,True,2,Uptown
4331,30,TRAFFIC SIGNAL,FUNCTIONING PROPERLY,CLEAR,DAYLIGHT,PEDALCYCLIST,DIVIDED - W/MEDIAN (NOT RAISED),STRAIGHT AND LEVEL,DRY,NO DEFECTS,Y,UNABLE TO DETERMINE,UNABLE TO DETERMINE,,NONINCAPACITATING INJURY,8,7,41.9093943369,-87.6314573083,2020,30,POINT (-87.6314573083 41.9093943369),,,,,2020-07-13,False,7,Near North Side
4332,30,NO CONTROLS,NO CONTROLS,CLEAR,DAYLIGHT,PEDALCYCLIST,DIVIDED - W/MEDIAN (NOT RAISED),STRAIGHT AND LEVEL,DRY,NO DEFECTS,,FAILING TO YIELD RIGHT-OF-WAY,NOT APPLICABLE,,INCAPACITATING INJURY,11,7,41.9099375897,-87.7657007473,2020,30,POINT (-87.7657007473 41.9099375897),,,,,2020-07-13,True,24,Austin
4333,30,TRAFFIC SIGNAL,FUNCTIONING PROPERLY,CLEAR,DAYLIGHT,PEDALCYCLIST,CENTER TURN LANE,STRAIGHT AND LEVEL,DRY,NO DEFECTS,Y,UNABLE TO DETERMINE,UNABLE TO DETERMINE,,NO INDICATION OF INJURY,12,7,41.881422591,-87.6767064773,2020,30,POINT (-87.6767064773 41.881422591),,,,,2020-07-13,False,27,Near West Side
4334,30,TRAFFIC SIGNAL,FUNCTIONING PROPERLY,CLEAR,DAYLIGHT,PEDALCYCLIST,NOT DIVIDED,STRAIGHT AND LEVEL,DRY,NO DEFECTS,,NOT APPLICABLE,UNABLE TO DETERMINE,,NONINCAPACITATING INJURY,15,7,41.8932507699,-87.6269061981,2020,30,POINT (-87.6269061981 41.8932507699),,,,,2020-07-13,False,7,Near North Side
4335,25,NO CONTROLS,NO CONTROLS,CLEAR,DAYLIGHT,PEDALCYCLIST,NOT DIVIDED,STRAIGHT AND LEVEL,DRY,NO DEFECTS,,UNABLE TO DETERMINE,UNABLE TO DETERMINE,,NONINCAPACITATING INJURY,16,7,41.8414594462,-87.7170072715,2020,25,POINT (-87.7170072715 41.8414594462),,,,,2020-07-13,False,29,South Lawndale
4336,30,NO CONTROLS,NO CONTROLS,CLEAR,DAYLIGHT,PEDALCYCLIST,NOT DIVIDED,STRAIGHT AND LEVEL,DRY,NO DEFECTS,,FAILING TO YIELD RIGHT-OF-WAY,NOT APPLICABLE,,NONINCAPACITATING INJURY,17,7,41.9182926221,-87.6777867964,2020,30,POINT (-87.6777867964 41.9182926221),,,,,2020-07-13,False,6,Lincoln Park
4337,30,STOP SIGN/FLASHER,FUNCTIONING PROPERLY,CLEAR,DAYLIGHT,PEDALCYCLIST,FOUR WAY,STRAIGHT AND LEVEL,DRY,UNKNOWN,Y,DRIVING ON WRONG SIDE/WRONG WAY,NOT APPLICABLE,,NO INDICATION OF INJURY,18,7,41.9260064269,-87.756362982,2020,30,POINT (-87.756362982 41.9260064269),,,,,2020-07-13,False,18,Belmont Cragin
4338,30,NO CONTROLS,NO CONTROLS,CLEAR,DAYLIGHT,PEDALCYCLIST,NOT DIVIDED,STRAIGHT AND LEVEL,DRY,NO DEFECTS,,UNABLE TO DETERMINE,NOT APPLICABLE,Y,NONINCAPACITATING INJURY,18,7,41.9028776323,-87.6901036201,2020,30,POINT (-87.6901036201 41.9028776323),,,,,2020-07-13,False,23,West Town
4339,30,TRAFFIC SIGNAL,FUNCTIONING PROPERLY,CLEAR,"DARKNESS, LIGHTED ROAD",PEDALCYCLIST,NOT DIVIDED,STRAIGHT AND LEVEL,DRY,UNKNOWN,Y,UNABLE TO DETERMINE,UNABLE TO DETERMINE,,NONINCAPACITATING INJURY,20,7,41.7822189932,-87.7399048236,2020,30,POINT (-87.7399048236 41.7822189932),,,,,2020-07-13,False,63,Clearing
4340,30,UNKNOWN,UNKNOWN,UNKNOWN,"DARKNESS, LIGHTED ROAD",PEDALCYCLIST,UNKNOWN,STRAIGHT AND LEVEL,UNKNOWN,UNKNOWN,,UNABLE TO DETERMINE,NOT APPLICABLE,,NONINCAPACITATING INJURY,20,7,41.952767097,-87.6498014362,2020,30,POINT (-87.6498014362 41.952767097),,,,,2020-07-13,False,5,Lake View
4341,35,NO CONTROLS,NO CONTROLS,CLEAR,"DARKNESS, LIGHTED ROAD",PEDALCYCLIST,DIVIDED - W/MEDIAN (NOT RAISED),STRAIGHT AND LEVEL,DRY,NO DEFECTS,,UNABLE TO DETERMINE,UNABLE TO DETERMINE,,NO INDICATION OF INJURY,21,7,41.968680809,-87.693861033,2020,35,POINT (-87.693861033 41.968680809),,,,,2020-07-13,False,3,Lincoln Square
4342,30,TRAFFIC SIGNAL,UNKNOWN,CLEAR,"DARKNESS, LIGHTED ROAD",PEDALCYCLIST,NOT DIVIDED,STRAIGHT AND LEVEL,DRY,NO DEFECTS,Y,UNABLE TO DETERMINE,UNABLE TO DETERMINE,,NONINCAPACITATING INJURY,23,7,41.8503702838,-87.6710269979,2020,30,POINT (-87.6710269979 41.8503702838),,,,,2020-07-13,False,30,Lower West Side
4343,30,TRAFFIC SIGNAL,FUNCTIONING PROPERLY,CLEAR,DAYLIGHT,PEDALCYCLIST,ONE-WAY,STRAIGHT AND LEVEL,DRY,NO DEFECTS,,FAILING TO YIELD RIGHT-OF-WAY,NOT APPLICABLE,,NONINCAPACITATING INJURY,10,7,41.8830982388,-87.6332431109,2020,30,POINT (-87.6332431109 41.8830982388),,,,,2020-07-14,False,31,Loop
4344,25,TRAFFIC SIGNAL,FUNCTIONING PROPERLY,CLEAR,DAYLIGHT,PEDALCYCLIST,NOT DIVIDED,STRAIGHT AND LEVEL,DRY,NO DEFECTS,Y,DISREGARDING TRAFFIC SIGNALS,DRIVING SKILLS/KNOWLEDGE/EXPERIENCE,,NO INDICATION OF INJURY,13,7,41.8951122186,-87.745932427,2020,25,POINT (-87.745932427 41.8951122186),,,,,2020-07-14,False,24,Austin
4345,10,NO CONTROLS,NO CONTROLS,CLEAR,DAYLIGHT,PEDALCYCLIST,ONE-WAY,STRAIGHT AND LEVEL,DRY,NO DEFECTS,,DRIVING SKILLS/KNOWLEDGE/EXPERIENCE,"VISION OBSCURED (SIGNS, TREE LIMBS, BUILDINGS, ETC.)",,NONINCAPACITATING INJURY,14,7,41.9183737469,-87.6308318219,2020,10,POINT (-87.6308318219 41.9183737469),,,,,2020-07-14,False,6,Lincoln Park
4346,15,STOP SIGN/FLASHER,FUNCTIONING PROPERLY,CLEAR,DAYLIGHT,PEDALCYCLIST,NOT DIVIDED,STRAIGHT AND LEVEL,DRY,NO DEFECTS,Y,DISREGARDING STOP SIGN,FAILING TO YIELD RIGHT-OF-WAY,,NONINCAPACITATING INJURY,14,7,41.9881386703,-87.6652340478,2020,15,POINT (-87.6652340478 41.9881386703),,,,,2020-07-14,False,76,Edgewater
4347,25,STOP SIGN/FLASHER,FUNCTIONING PROPERLY,CLEAR,DAYLIGHT,PEDALCYCLIST,FOUR WAY,STRAIGHT AND LEVEL,DRY,NO DEFECTS,Y,UNABLE TO DETERMINE,UNABLE TO DETERMINE,,NO INDICATION OF INJURY,15,7,41.807680213,-87.616084798,2020,25,POINT (-87.616084798 41.807680213),,,,,2020-07-14,False,37,Grand Boulevard
4348,30,TRAFFIC SIGNAL,FUNCTIONING PROPERLY,CLEAR,DAYLIGHT,PEDALCYCLIST,DIVIDED - W/MEDIAN (NOT RAISED),STRAIGHT AND LEVEL,DRY,NO DEFECTS,,UNABLE TO DETERMINE,UNABLE TO DETERMINE,,NONINCAPACITATING INJURY,16,7,41.8920505235,-87.6129264333,2020,30,POINT (-87.6129264333 41.8920505235),,,,,2020-07-14,False,7,Near North Side
4349,30,NO CONTROLS,NO CONTROLS,CLEAR,DAYLIGHT,PEDALCYCLIST,DRIVEWAY,STRAIGHT AND LEVEL,DRY,SHOULDER DEFECT,,UNABLE TO DETERMINE,UNABLE TO DETERMINE,,"REPORTED, NOT EVIDENT",17,7,41.8467666109,-87.6171757775,2020,30,POINT (-87.6171757775 41.8467666109),,,,,2020-07-14,False,32,Near South Side
4350,30,STOP SIGN/FLASHER,FUNCTIONING PROPERLY,CLEAR,DAYLIGHT,PEDALCYCLIST,FOUR WAY,STRAIGHT AND LEVEL,DRY,NO DEFECTS,Y,UNABLE TO DETERMINE,UNABLE TO DETERMINE,,NONINCAPACITATING INJURY,17,7,41.9170395409,-87.7291422817,2020,30,POINT (-87.7291422817 41.9170395409),,,,,2020-07-14,False,19,Hermosa
4351,30,TRAFFIC SIGNAL,FUNCTIONING PROPERLY,CLEAR,DAYLIGHT,PEDALCYCLIST,DIVIDED - W/MEDIAN (NOT RAISED),STRAIGHT AND LEVEL,DRY,NO DEFECTS,,FOLLOWING TOO CLOSELY,FAILING TO REDUCE SPEED TO AVOID CRASH,,NONINCAPACITATING INJURY,17,7,41.9110650526,-87.6458680972,2020,30,POINT (-87.6458680972 41.9110650526),,,,,2020-07-14,False,6,Lincoln Park