Unnamed: 0,POSTED_SPEED_LIMIT,TRAFFIC_CONTROL_DEVICE,DEVICE_CONDITION,WEATHER_CONDITION,LIGHTING_CONDITION,FIRST_CRASH_TYPE,TRAFFICWAY_TYPE,ALIGNMENT,ROADWAY_SURFACE_COND,ROAD_DEFECT,INTERSECTION_RELATED_I,PRIM_CONTRIBUTORY_CAUSE,SEC_CONTRIBUTORY_CAUSE,DOORING_I,MOST_SEVERE_INJURY,CRASH_HOUR,CRASH_MONTH,LATITUDE,LONGITUDE,CRASH_YEAR,SPEED_LIMIT,geometry,DISPLAYROU,the_geom,DIST,LANE_TYPE,CRASH_DATE,is_severe,index_right,CArea
4352,30,NO CONTROLS,NO CONTROLS,CLEAR,DAYLIGHT,PEDALCYCLIST,NOT DIVIDED,STRAIGHT AND LEVEL,DRY,NO DEFECTS,,DRIVING ON WRONG SIDE/WRONG WAY,IMPROPER LANE USAGE,,NO INDICATION OF INJURY,17,7,41.9098017821,-87.724141773,2020,30,POINT (-87.724141773 41.9098017821),,,,,2020-07-14,False,22,Humboldt Park
4353,30,NO CONTROLS,NO CONTROLS,CLEAR,DAYLIGHT,PEDALCYCLIST,Y-INTERSECTION,STRAIGHT AND LEVEL,DRY,NO DEFECTS,Y,FAILING TO YIELD RIGHT-OF-WAY,NOT APPLICABLE,,NONINCAPACITATING INJURY,18,7,41.9532569888,-87.649546042,2020,30,POINT (-87.649546042 41.9532569888),,,,,2020-07-14,False,5,Lake View
4354,30,NO CONTROLS,NO CONTROLS,CLEAR,DAYLIGHT,PEDALCYCLIST,NOT DIVIDED,STRAIGHT AND LEVEL,DRY,UNKNOWN,,NOT APPLICABLE,NOT APPLICABLE,Y,NO INDICATION OF INJURY,18,7,41.8600390988,-87.7248422934,2020,30,POINT (-87.7248422934 41.8600390988),,,,,2020-07-14,False,28,North Lawndale
4355,25,TRAFFIC SIGNAL,FUNCTIONING PROPERLY,CLEAR,DAYLIGHT,PEDALCYCLIST,NOT DIVIDED,STRAIGHT AND LEVEL,DRY,NO DEFECTS,Y,DISREGARDING TRAFFIC SIGNALS,DRIVING SKILLS/KNOWLEDGE/EXPERIENCE,,NONINCAPACITATING INJURY,11,7,41.8768502259,-87.7452938914,2020,25,POINT (-87.7452938914 41.8768502259),,,,,2020-07-15,False,24,Austin
4356,30,STOP SIGN/FLASHER,FUNCTIONING PROPERLY,RAIN,DAYLIGHT,PEDALCYCLIST,DIVIDED - W/MEDIAN (NOT RAISED),STRAIGHT AND LEVEL,WET,NO DEFECTS,Y,UNABLE TO DETERMINE,UNABLE TO DETERMINE,,NONINCAPACITATING INJURY,17,7,41.7995719303,-87.588945914,2020,30,POINT (-87.588945914 41.7995719303),,,,,2020-07-15,False,40,Hyde Park
4357,30,STOP SIGN/FLASHER,FUNCTIONING PROPERLY,RAIN,DAYLIGHT,PEDALCYCLIST,NOT DIVIDED,STRAIGHT AND LEVEL,WET,UNKNOWN,Y,FAILING TO YIELD RIGHT-OF-WAY,DISREGARDING STOP SIGN,,"REPORTED, NOT EVIDENT",17,7,42.0087974111,-87.6882069885,2020,30,POINT (-87.6882069885 42.0087974111),,,,,2020-07-15,False,1,West Ridge
4358,30,TRAFFIC SIGNAL,FUNCTIONING PROPERLY,RAIN,DUSK,PEDALCYCLIST,FOUR WAY,STRAIGHT AND LEVEL,WET,NO DEFECTS,Y,UNABLE TO DETERMINE,UNABLE TO DETERMINE,,NONINCAPACITATING INJURY,19,7,41.8379641537,-87.6464227122,2020,30,POINT (-87.6464227122 41.8379641537),,,,,2020-07-15,False,30,Lower West Side
4359,30,NO CONTROLS,NO CONTROLS,CLEAR,DAYLIGHT,PEDALCYCLIST,NOT DIVIDED,STRAIGHT AND LEVEL,DRY,NO DEFECTS,,FAILING TO YIELD RIGHT-OF-WAY,NOT APPLICABLE,Y,NONINCAPACITATING INJURY,12,7,41.8962405677,-87.6283364376,2020,30,POINT (-87.6283364376 41.8962405677),,,,,2020-07-16,False,7,Near North Side
4360,20,NO CONTROLS,NO CONTROLS,CLEAR,DAYLIGHT,PEDALCYCLIST,NOT DIVIDED,STRAIGHT AND LEVEL,DRY,NO DEFECTS,,"VISION OBSCURED (SIGNS, TREE LIMBS, BUILDINGS, ETC.)",UNABLE TO DETERMINE,,NONINCAPACITATING INJURY,13,7,41.9550957325,-87.7504306012,2020,20,POINT (-87.7504306012 41.9550957325),,,,,2020-07-16,False,14,Portage Park
4361,20,STOP SIGN/FLASHER,FUNCTIONING PROPERLY,CLEAR,DAYLIGHT,PEDALCYCLIST,FOUR WAY,STRAIGHT AND LEVEL,DRY,NO DEFECTS,Y,UNABLE TO DETERMINE,UNABLE TO DETERMINE,,NONINCAPACITATING INJURY,13,7,41.7632703981,-87.6457215942,2020,20,POINT (-87.6457215942 41.7632703981),,,,,2020-07-16,False,67,Englewood
4362,30,TRAFFIC SIGNAL,FUNCTIONING PROPERLY,CLEAR,DAYLIGHT,PEDALCYCLIST,DIVIDED - W/MEDIAN BARRIER,STRAIGHT AND LEVEL,DRY,NO DEFECTS,Y,DISREGARDING OTHER TRAFFIC SIGNS,UNABLE TO DETERMINE,,NO INDICATION OF INJURY,14,7,41.8693710845,-87.66652853,2020,30,POINT (-87.66652853 41.8693710845),,,,,2020-07-16,False,27,Near West Side
4363,30,NO CONTROLS,NO CONTROLS,CLEAR,DAYLIGHT,PEDALCYCLIST,ONE-WAY,STRAIGHT AND LEVEL,DRY,NO DEFECTS,,UNABLE TO DETERMINE,UNABLE TO DETERMINE,,INCAPACITATING INJURY,15,7,41.7470027059,-87.6511558347,2020,30,POINT (-87.6511558347 41.7470027059),,,,,2020-07-16,True,70,Auburn Gresham
4364,30,NO CONTROLS,NO CONTROLS,CLEAR,DAYLIGHT,PEDALCYCLIST,DIVIDED - W/MEDIAN (NOT RAISED),STRAIGHT AND LEVEL,DRY,NO DEFECTS,,NOT APPLICABLE,NOT APPLICABLE,Y,NONINCAPACITATING INJURY,17,7,41.9613654143,-87.6974651609,2020,30,POINT (-87.6974651609 41.9613654143),,,,,2020-07-16,False,3,Lincoln Square
4365,30,NO CONTROLS,NO CONTROLS,CLEAR,DAYLIGHT,PEDALCYCLIST,ONE-WAY,STRAIGHT AND LEVEL,DRY,NO DEFECTS,,UNABLE TO DETERMINE,NOT APPLICABLE,,NONINCAPACITATING INJURY,18,7,41.9699259179,-87.7245962505,2020,30,POINT (-87.7245962505 41.9699259179),,,,,2020-07-16,False,13,Albany Park
4366,30,TRAFFIC SIGNAL,FUNCTIONING PROPERLY,CLEAR,DAWN,PEDALCYCLIST,FOUR WAY,STRAIGHT AND LEVEL,DRY,NO DEFECTS,Y,UNABLE TO DETERMINE,DRIVING SKILLS/KNOWLEDGE/EXPERIENCE,,NO INDICATION OF INJURY,20,7,41.8816311369,-87.6495475985,2020,30,POINT (-87.6495475985 41.8816311369),,,,,2020-07-16,False,27,Near West Side
4367,30,NO CONTROLS,NO CONTROLS,CLEAR,"DARKNESS, LIGHTED ROAD",PEDALCYCLIST,DIVIDED - W/MEDIAN BARRIER,STRAIGHT AND LEVEL,DRY,NO DEFECTS,,UNABLE TO DETERMINE,NOT APPLICABLE,,NONINCAPACITATING INJURY,21,7,41.8961468225,-87.6475880809,2020,30,POINT (-87.6475880809 41.8961468225),,,,,2020-07-16,False,7,Near North Side
4368,30,TRAFFIC SIGNAL,FUNCTIONING PROPERLY,CLEAR,DAYLIGHT,PEDALCYCLIST,FOUR WAY,STRAIGHT AND LEVEL,DRY,NO DEFECTS,Y,UNABLE TO DETERMINE,NOT APPLICABLE,,NONINCAPACITATING INJURY,6,7,41.8167031481,-87.6039080666,2020,30,POINT (-87.6039080666 41.8167031481),,,,,2020-07-17,False,38,Kenwood
4369,30,NO CONTROLS,NO CONTROLS,CLEAR,DAYLIGHT,PEDALCYCLIST,ONE-WAY,STRAIGHT AND LEVEL,DRY,NO DEFECTS,,EQUIPMENT - VEHICLE CONDITION,DRIVING SKILLS/KNOWLEDGE/EXPERIENCE,,NO INDICATION OF INJURY,9,7,41.9184989029,-87.65201685,2020,30,POINT (-87.65201685 41.9184989029),,,,,2020-07-17,False,6,Lincoln Park
4370,30,UNKNOWN,UNKNOWN,UNKNOWN,UNKNOWN,PEDALCYCLIST,NOT DIVIDED,STRAIGHT AND LEVEL,UNKNOWN,UNKNOWN,,UNABLE TO DETERMINE,NOT APPLICABLE,,NONINCAPACITATING INJURY,14,7,41.9471830056,-87.6637073777,2020,30,POINT (-87.6637073777 41.9471830056),,,,,2020-07-17,False,5,Lake View
4371,30,NO CONTROLS,NO CONTROLS,CLEAR,DAYLIGHT,PEDALCYCLIST,NOT DIVIDED,STRAIGHT AND LEVEL,DRY,UNKNOWN,,UNABLE TO DETERMINE,NOT APPLICABLE,Y,NONINCAPACITATING INJURY,14,7,41.9158664361,-87.6756286543,2020,30,POINT (-87.6756286543 41.9158664361),,,,,2020-07-17,False,6,Lincoln Park
4372,30,NO CONTROLS,NO CONTROLS,CLEAR,DAYLIGHT,PEDALCYCLIST,NOT DIVIDED,STRAIGHT AND LEVEL,DRY,NO DEFECTS,,FAILING TO YIELD RIGHT-OF-WAY,NOT APPLICABLE,,NONINCAPACITATING INJURY,15,7,41.968476935,-87.6919577689,2020,30,POINT (-87.6919577689 41.968476935),,,,,2020-07-17,False,3,Lincoln Square
4373,20,STOP SIGN/FLASHER,UNKNOWN,CLEAR,DAYLIGHT,PEDALCYCLIST,NOT DIVIDED,STRAIGHT AND LEVEL,DRY,UNKNOWN,,FAILING TO YIELD RIGHT-OF-WAY,UNABLE TO DETERMINE,,NO INDICATION OF INJURY,15,7,41.9936448003,-87.667812385,2020,20,POINT (-87.667812385 41.9936448003),,,,,2020-07-17,False,76,Edgewater
4374,30,NO CONTROLS,NO CONTROLS,CLEAR,DAYLIGHT,PEDALCYCLIST,NOT DIVIDED,STRAIGHT AND LEVEL,DRY,NO DEFECTS,,"EVASIVE ACTION DUE TO ANIMAL, OBJECT, NONMOTORIST",NOT APPLICABLE,,NONINCAPACITATING INJURY,16,7,41.9181108188,-87.6774866973,2020,30,POINT (-87.6774866973 41.9181108188),,,,,2020-07-17,False,6,Lincoln Park
4375,30,TRAFFIC SIGNAL,FUNCTIONING PROPERLY,CLEAR,DAYLIGHT,PEDALCYCLIST,NOT DIVIDED,STRAIGHT AND LEVEL,DRY,NO DEFECTS,Y,DISREGARDING TRAFFIC SIGNALS,UNABLE TO DETERMINE,,INCAPACITATING INJURY,16,7,41.8856693326,-87.6371242924,2020,30,POINT (-87.6371242924 41.8856693326),,,,,2020-07-17,True,27,Near West Side
4376,25,NO CONTROLS,NO CONTROLS,CLEAR,"DARKNESS, LIGHTED ROAD",PEDALCYCLIST,DIVIDED - W/MEDIAN BARRIER,STRAIGHT AND LEVEL,DRY,NO DEFECTS,,UNABLE TO DETERMINE,UNABLE TO DETERMINE,,INCAPACITATING INJURY,21,7,41.8468086314,-87.6475907486,2020,25,POINT (-87.6475907486 41.8468086314),,,,,2020-07-17,True,30,Lower West Side
4377,30,NO CONTROLS,NO CONTROLS,CLEAR,DAYLIGHT,PEDALCYCLIST,NOT DIVIDED,STRAIGHT AND LEVEL,DRY,NO DEFECTS,,UNABLE TO DETERMINE,NOT APPLICABLE,Y,NONINCAPACITATING INJURY,10,7,41.9654811695,-87.7082352995,2020,30,POINT (-87.7082352995 41.9654811695),,,,,2020-07-18,False,13,Albany Park
4378,35,NO CONTROLS,NO CONTROLS,CLEAR,DAYLIGHT,PEDALCYCLIST,NOT DIVIDED,STRAIGHT AND LEVEL,DRY,NO DEFECTS,,"VISION OBSCURED (SIGNS, TREE LIMBS, BUILDINGS, ETC.)",NOT APPLICABLE,,NONINCAPACITATING INJURY,11,7,41.9047742875,-87.7232369097,2020,35,POINT (-87.7232369097 41.9047742875),,,,,2020-07-18,False,22,Humboldt Park
4379,30,STOP SIGN/FLASHER,NOT FUNCTIONING,CLEAR,DAYLIGHT,PEDALCYCLIST,NOT DIVIDED,STRAIGHT AND LEVEL,DRY,NO DEFECTS,,DRIVING SKILLS/KNOWLEDGE/EXPERIENCE,UNABLE TO DETERMINE,,INCAPACITATING INJURY,12,7,41.925323973,-87.7954420696,2020,30,POINT (-87.7954420696 41.925323973),,,,,2020-07-18,True,17,Montclare
4380,30,TRAFFIC SIGNAL,FUNCTIONING PROPERLY,CLOUDY/OVERCAST,DAYLIGHT,PEDALCYCLIST,DIVIDED - W/MEDIAN BARRIER,STRAIGHT AND LEVEL,DRY,NO DEFECTS,Y,FAILING TO YIELD RIGHT-OF-WAY,FAILING TO REDUCE SPEED TO AVOID CRASH,,INCAPACITATING INJURY,15,7,41.8089304545,-87.6651261367,2020,30,POINT (-87.6651261367 41.8089304545),,,,,2020-07-18,True,60,New City
4381,30,NO CONTROLS,NO CONTROLS,CLEAR,DAYLIGHT,PEDALCYCLIST,NOT DIVIDED,STRAIGHT AND LEVEL,DRY,NO DEFECTS,,FAILING TO YIELD RIGHT-OF-WAY,IMPROPER OVERTAKING/PASSING,,NO INDICATION OF INJURY,17,7,41.9069078402,-87.6344352475,2020,30,POINT (-87.6344352475 41.9069078402),,,,,2020-07-18,False,7,Near North Side
4382,30,TRAFFIC SIGNAL,FUNCTIONING PROPERLY,CLEAR,DAYLIGHT,PEDALCYCLIST,DIVIDED - W/MEDIAN (NOT RAISED),STRAIGHT AND LEVEL,DRY,NO DEFECTS,Y,FAILING TO YIELD RIGHT-OF-WAY,IMPROPER TURNING/NO SIGNAL,,NONINCAPACITATING INJURY,19,7,41.8961598949,-87.6552437781,2020,30,POINT (-87.6552437781 41.8961598949),,,,,2020-07-18,False,7,Near North Side
4383,30,TRAFFIC SIGNAL,FUNCTIONING PROPERLY,RAIN,DAYLIGHT,PEDALCYCLIST,FOUR WAY,STRAIGHT AND LEVEL,WET,NO DEFECTS,Y,FAILING TO YIELD RIGHT-OF-WAY,WEATHER,,INCAPACITATING INJURY,6,7,41.9610357561,-87.7297638941,2020,30,POINT (-87.7297638941 41.9610357561),,,,,2020-07-19,True,13,Albany Park
4384,25,TRAFFIC SIGNAL,FUNCTIONING PROPERLY,RAIN,DAYLIGHT,PEDALCYCLIST,T-INTERSECTION,STRAIGHT AND LEVEL,WET,NO DEFECTS,Y,UNABLE TO DETERMINE,NOT APPLICABLE,,INCAPACITATING INJURY,7,7,41.9874468008,-87.655453001,2020,25,POINT (-87.655453001 41.9874468008),,,,,2020-07-19,True,76,Edgewater
4385,30,STOP SIGN/FLASHER,FUNCTIONING PROPERLY,CLEAR,DAYLIGHT,PEDALCYCLIST,NOT DIVIDED,STRAIGHT AND LEVEL,DRY,NO DEFECTS,Y,IMPROPER LANE USAGE,FAILING TO REDUCE SPEED TO AVOID CRASH,,NONINCAPACITATING INJURY,10,7,41.9964995748,-87.6701043731,2020,30,POINT (-87.6701043731 41.9964995748),,,,,2020-07-19,False,76,Edgewater
4386,30,NO CONTROLS,NO CONTROLS,CLEAR,DAYLIGHT,PEDALCYCLIST,NOT DIVIDED,STRAIGHT AND LEVEL,DRY,UNKNOWN,,UNABLE TO DETERMINE,UNABLE TO DETERMINE,,NONINCAPACITATING INJURY,16,7,41.9028154248,-87.6247719371,2020,30,POINT (-87.6247719371 41.9028154248),,,,,2020-07-19,False,7,Near North Side
4387,30,NO CONTROLS,NO CONTROLS,CLEAR,DAYLIGHT,PEDALCYCLIST,NOT DIVIDED,STRAIGHT AND LEVEL,DRY,NO DEFECTS,,UNABLE TO DETERMINE,NOT APPLICABLE,Y,NO INDICATION OF INJURY,17,7,41.9053059386,-87.6285777805,2020,30,POINT (-87.6285777805 41.9053059386),,,,,2020-07-19,False,7,Near North Side
4388,30,NO CONTROLS,NO CONTROLS,CLEAR,DAYLIGHT,PEDALCYCLIST,ONE-WAY,STRAIGHT AND LEVEL,DRY,NO DEFECTS,,UNABLE TO DETERMINE,NOT APPLICABLE,Y,NO INDICATION OF INJURY,18,7,41.9063846014,-87.6398786128,2020,30,POINT (-87.6398786128 41.9063846014),,,,,2020-07-19,False,7,Near North Side
4389,30,TRAFFIC SIGNAL,FUNCTIONING PROPERLY,CLEAR,DUSK,PEDALCYCLIST,Y-INTERSECTION,STRAIGHT AND LEVEL,DRY,NO DEFECTS,,IMPROPER OVERTAKING/PASSING,IMPROPER LANE USAGE,,NONINCAPACITATING INJURY,19,7,41.9580352196,-87.6646651756,2020,30,POINT (-87.6646651756 41.9580352196),,,,,2020-07-19,False,2,Uptown
4390,30,TRAFFIC SIGNAL,NO CONTROLS,CLEAR,DUSK,PEDALCYCLIST,FOUR WAY,STRAIGHT AND LEVEL,DRY,NO DEFECTS,Y,DISREGARDING TRAFFIC SIGNALS,NOT APPLICABLE,,NO INDICATION OF INJURY,20,7,41.9162353375,-87.6678377721,2020,30,POINT (-87.6678377721 41.9162353375),,,,,2020-07-19,False,6,Lincoln Park
4391,30,TRAFFIC SIGNAL,FUNCTIONING PROPERLY,CLEAR,"DARKNESS, LIGHTED ROAD",PEDALCYCLIST,DIVIDED - W/MEDIAN BARRIER,STRAIGHT AND LEVEL,DRY,NO DEFECTS,Y,BICYCLE ADVANCING LEGALLY ON RED LIGHT,DISREGARDING OTHER TRAFFIC SIGNS,,NO INDICATION OF INJURY,20,7,41.916147281,-87.6679473535,2020,30,POINT (-87.6679473535 41.916147281),,,,,2020-07-19,False,6,Lincoln Park
4392,30,STOP SIGN/FLASHER,UNKNOWN,CLEAR,"DARKNESS, LIGHTED ROAD",PEDALCYCLIST,DIVIDED - W/MEDIAN (NOT RAISED),STRAIGHT AND LEVEL,DRY,NO DEFECTS,,FAILING TO REDUCE SPEED TO AVOID CRASH,DISREGARDING STOP SIGN,,INCAPACITATING INJURY,23,7,41.7159799816,-87.6369386524,2020,30,POINT (-87.6369386524 41.7159799816),,,,,2020-07-19,True,48,Roseland
4393,30,TRAFFIC SIGNAL,FUNCTIONING PROPERLY,CLEAR,DAYLIGHT,PEDALCYCLIST,FOUR WAY,STRAIGHT AND LEVEL,DRY,NO DEFECTS,Y,IMPROPER TURNING/NO SIGNAL,FAILING TO YIELD RIGHT-OF-WAY,,NONINCAPACITATING INJURY,12,7,41.9617007713,-87.6661237237,2020,30,POINT (-87.6661237237 41.9617007713),,,,,2020-07-20,False,2,Uptown
4394,30,NO CONTROLS,NO CONTROLS,CLEAR,DAYLIGHT,PEDALCYCLIST,NOT DIVIDED,STRAIGHT AND LEVEL,DRY,NO DEFECTS,N,FAILING TO YIELD RIGHT-OF-WAY,NOT APPLICABLE,,NO INDICATION OF INJURY,13,7,41.8623715005,-87.7252002044,2020,30,POINT (-87.7252002044 41.8623715005),,,,,2020-07-20,False,28,North Lawndale
4395,30,TRAFFIC SIGNAL,FUNCTIONING PROPERLY,CLEAR,DAYLIGHT,PEDALCYCLIST,DIVIDED - W/MEDIAN BARRIER,STRAIGHT AND LEVEL,DRY,NO DEFECTS,Y,UNABLE TO DETERMINE,NOT APPLICABLE,,INCAPACITATING INJURY,15,7,41.8705633044,-87.6239929676,2020,30,POINT (-87.6239929676 41.8705633044),,,,,2020-07-20,True,31,Loop
4396,30,NO CONTROLS,NO CONTROLS,CLEAR,DUSK,PEDALCYCLIST,UNKNOWN,STRAIGHT AND LEVEL,DRY,NO DEFECTS,,NOT APPLICABLE,NOT APPLICABLE,,NO INDICATION OF INJURY,18,7,41.7862185078,-87.6995416579,2020,30,POINT (-87.6995416579 41.7862185078),,,,,2020-07-20,False,62,Gage Park
4397,30,NO CONTROLS,NO CONTROLS,CLEAR,DAYLIGHT,PEDALCYCLIST,DIVIDED - W/MEDIAN (NOT RAISED),STRAIGHT AND LEVEL,DRY,UNKNOWN,,FAILING TO YIELD RIGHT-OF-WAY,FAILING TO YIELD RIGHT-OF-WAY,Y,NONINCAPACITATING INJURY,8,7,41.9679600057,-87.744056749,2020,30,POINT (-87.744056749 41.9679600057),,,,,2020-07-21,False,13,Albany Park
4398,30,NO CONTROLS,NO CONTROLS,CLEAR,DAYLIGHT,PEDALCYCLIST,NOT DIVIDED,STRAIGHT AND LEVEL,DRY,NO DEFECTS,Y,UNABLE TO DETERMINE,NOT APPLICABLE,,INCAPACITATING INJURY,11,7,41.9067831598,-87.6253699292,2020,30,POINT (-87.6253699292 41.9067831598),,,,,2020-07-21,True,7,Near North Side
4399,30,TRAFFIC SIGNAL,FUNCTIONING PROPERLY,CLEAR,DAYLIGHT,PEDALCYCLIST,NOT DIVIDED,STRAIGHT AND LEVEL,DRY,NO DEFECTS,Y,DISREGARDING TRAFFIC SIGNALS,UNABLE TO DETERMINE,,NO INDICATION OF INJURY,14,7,41.8922797337,-87.6340120037,2020,30,POINT (-87.6340120037 41.8922797337),,,,,2020-07-21,False,7,Near North Side
4400,30,TRAFFIC SIGNAL,FUNCTIONING PROPERLY,CLEAR,DAYLIGHT,PEDALCYCLIST,NOT DIVIDED,STRAIGHT AND LEVEL,DRY,NO DEFECTS,,UNABLE TO DETERMINE,NOT APPLICABLE,,NONINCAPACITATING INJURY,15,7,41.8574637725,-87.644758793,2020,30,POINT (-87.644758793 41.8574637725),,,,,2020-07-21,False,30,Lower West Side
4401,30,NO CONTROLS,NO CONTROLS,RAIN,DAYLIGHT,PEDALCYCLIST,DIVIDED - W/MEDIAN (NOT RAISED),STRAIGHT AND LEVEL,WET,NO DEFECTS,,UNABLE TO DETERMINE,NOT APPLICABLE,,NONINCAPACITATING INJURY,19,7,41.9552493404,-87.6498688126,2020,30,POINT (-87.6498688126 41.9552493404),,,,,2020-07-21,False,2,Uptown
4402,30,NO CONTROLS,NO CONTROLS,CLEAR,DAYLIGHT,PEDALCYCLIST,OTHER,STRAIGHT AND LEVEL,DRY,NO DEFECTS,,"OPERATING VEHICLE IN ERRATIC, RECKLESS, CARELESS, NEGLIGENT OR AGGRESSIVE MANNER",FAILING TO REDUCE SPEED TO AVOID CRASH,,NONINCAPACITATING INJURY,13,7,41.8624218344,-87.7036977455,2020,30,POINT (-87.7036977455 41.8624218344),,,,,2020-07-22,False,28,North Lawndale
4403,30,NO CONTROLS,NO CONTROLS,CLEAR,DAYLIGHT,PEDALCYCLIST,NOT DIVIDED,STRAIGHT AND LEVEL,DRY,NO DEFECTS,N,UNABLE TO DETERMINE,UNABLE TO DETERMINE,,NO INDICATION OF INJURY,18,7,41.8640796237,-87.7252589996,2020,30,POINT (-87.7252589996 41.8640796237),,,,,2020-07-22,False,28,North Lawndale
4404,30,NO CONTROLS,NO CONTROLS,CLEAR,DAYLIGHT,PEDALCYCLIST,ONE-WAY,STRAIGHT AND LEVEL,DRY,NO DEFECTS,,UNABLE TO DETERMINE,NOT APPLICABLE,,NO INDICATION OF INJURY,19,7,41.9075580793,-87.6922030127,2020,30,POINT (-87.6922030127 41.9075580793),,,,,2020-07-22,False,22,Humboldt Park
4405,30,TRAFFIC SIGNAL,FUNCTIONING PROPERLY,CLEAR,DARKNESS,PEDALCYCLIST,FOUR WAY,STRAIGHT AND LEVEL,DRY,NO DEFECTS,Y,NOT APPLICABLE,NOT APPLICABLE,,INCAPACITATING INJURY,20,7,41.8014270266,-87.6648407451,2020,30,POINT (-87.6648407451 41.8014270266),,,,,2020-07-22,True,60,New City
4406,10,STOP SIGN/FLASHER,FUNCTIONING PROPERLY,CLEAR,DAYLIGHT,PEDALCYCLIST,PARKING LOT,STRAIGHT AND LEVEL,DRY,NO DEFECTS,,DRIVING SKILLS/KNOWLEDGE/EXPERIENCE,UNABLE TO DETERMINE,,INCAPACITATING INJURY,16,7,41.9972074501,-87.7137024949,2020,10,POINT (-87.7137024949 41.9972074501),,,,,2020-07-23,True,12,North Park
4407,30,NO CONTROLS,NO CONTROLS,CLEAR,DAYLIGHT,PEDALCYCLIST,DIVIDED - W/MEDIAN (NOT RAISED),STRAIGHT AND LEVEL,DRY,NO DEFECTS,,UNABLE TO DETERMINE,NOT APPLICABLE,Y,"REPORTED, NOT EVIDENT",16,7,41.9237923182,-87.6985698267,2020,30,POINT (-87.6985698267 41.9237923182),,,,,2020-07-23,False,21,Logan Square
4408,30,NO CONTROLS,NO CONTROLS,CLEAR,DAYLIGHT,PEDALCYCLIST,DIVIDED - W/MEDIAN (NOT RAISED),STRAIGHT AND LEVEL,DRY,NO DEFECTS,,IMPROPER TURNING/NO SIGNAL,UNABLE TO DETERMINE,,NONINCAPACITATING INJURY,19,7,41.9580307948,-87.7473007287,2020,30,POINT (-87.7473007287 41.9580307948),,,,,2020-07-23,False,14,Portage Park
4409,35,TRAFFIC SIGNAL,FUNCTIONING PROPERLY,CLEAR,DAYLIGHT,PEDALCYCLIST,UNKNOWN INTERSECTION TYPE,STRAIGHT AND LEVEL,DRY,NO DEFECTS,Y,FAILING TO YIELD RIGHT-OF-WAY,UNABLE TO DETERMINE,,NONINCAPACITATING INJURY,6,7,41.8233513513,-87.7239118342,2020,35,POINT (-87.7239118342 41.8233513513),,,,,2020-07-24,False,29,South Lawndale
4410,20,TRAFFIC SIGNAL,FUNCTIONING PROPERLY,CLEAR,DAYLIGHT,PEDALCYCLIST,NOT DIVIDED,STRAIGHT AND LEVEL,DRY,NO DEFECTS,,UNABLE TO DETERMINE,NOT APPLICABLE,Y,NONINCAPACITATING INJURY,12,7,41.9617202088,-87.6507920327,2020,20,POINT (-87.6507920327 41.9617202088),,,,,2020-07-24,False,2,Uptown
4411,10,STOP SIGN/FLASHER,FUNCTIONING PROPERLY,CLEAR,DAYLIGHT,PEDALCYCLIST,FOUR WAY,STRAIGHT AND LEVEL,DRY,UNKNOWN,Y,FAILING TO REDUCE SPEED TO AVOID CRASH,UNABLE TO DETERMINE,,NONINCAPACITATING INJURY,13,7,42.0010920217,-87.6998014333,2020,10,POINT (-87.6998014333 42.0010920217),,,,,2020-07-24,False,1,West Ridge
4412,30,TRAFFIC SIGNAL,FUNCTIONING PROPERLY,CLEAR,DAYLIGHT,PEDALCYCLIST,NOT DIVIDED,STRAIGHT AND LEVEL,DRY,NO DEFECTS,Y,FAILING TO YIELD RIGHT-OF-WAY,NOT APPLICABLE,,NO INDICATION OF INJURY,14,7,41.8949144989,-87.6283011281,2020,30,POINT (-87.6283011281 41.8949144989),,,,,2020-07-24,False,7,Near North Side
4413,35,TRAFFIC SIGNAL,FUNCTIONING PROPERLY,CLEAR,DAYLIGHT,PEDALCYCLIST,DIVIDED - W/MEDIAN BARRIER,STRAIGHT AND LEVEL,DRY,NO DEFECTS,,UNABLE TO DETERMINE,NOT APPLICABLE,Y,NONINCAPACITATING INJURY,15,7,41.8156032045,-87.6847727236,2020,35,POINT (-87.6847727236 41.8156032045),,,,,2020-07-24,False,57,Brighton Park
4414,30,TRAFFIC SIGNAL,FUNCTIONING PROPERLY,CLEAR,DAYLIGHT,PEDALCYCLIST,FOUR WAY,CURVE ON GRADE,DRY,NO DEFECTS,Y,UNABLE TO DETERMINE,UNABLE TO DETERMINE,,NO INDICATION OF INJURY,20,7,41.9904368678,-87.7072273441,2020,30,POINT (-87.7072273441 41.9904368678),,,,,2020-07-24,False,1,West Ridge
4415,30,UNKNOWN,UNKNOWN,CLEAR,"DARKNESS, LIGHTED ROAD",PEDALCYCLIST,NOT DIVIDED,STRAIGHT AND LEVEL,DRY,UNKNOWN,,ANIMAL,"EVASIVE ACTION DUE TO ANIMAL, OBJECT, NONMOTORIST",,NONINCAPACITATING INJURY,22,7,41.9491234009,-87.6578903634,2020,30,POINT (-87.6578903634 41.9491234009),,,,,2020-07-24,False,5,Lake View
4416,30,NO CONTROLS,NO CONTROLS,CLEAR,"DARKNESS, LIGHTED ROAD",PEDALCYCLIST,ONE-WAY,STRAIGHT AND LEVEL,DRY,NO DEFECTS,Y,FAILING TO YIELD RIGHT-OF-WAY,FAILING TO REDUCE SPEED TO AVOID CRASH,,NO INDICATION OF INJURY,23,7,41.9682827625,-87.7159526519,2020,30,POINT (-87.7159526519 41.9682827625),,,,,2020-07-24,False,13,Albany Park