Unnamed: 0,POSTED_SPEED_LIMIT,TRAFFIC_CONTROL_DEVICE,DEVICE_CONDITION,WEATHER_CONDITION,LIGHTING_CONDITION,FIRST_CRASH_TYPE,TRAFFICWAY_TYPE,ALIGNMENT,ROADWAY_SURFACE_COND,ROAD_DEFECT,INTERSECTION_RELATED_I,PRIM_CONTRIBUTORY_CAUSE,SEC_CONTRIBUTORY_CAUSE,DOORING_I,MOST_SEVERE_INJURY,CRASH_HOUR,CRASH_MONTH,LATITUDE,LONGITUDE,CRASH_YEAR,SPEED_LIMIT,geometry,DISPLAYROU,the_geom,DIST,LANE_TYPE,CRASH_DATE,is_severe,index_right,CArea
4417,25,NO CONTROLS,NO CONTROLS,CLEAR,DAYLIGHT,PEDALCYCLIST,NOT DIVIDED,STRAIGHT ON HILLCREST,DRY,NO DEFECTS,Y,FAILING TO YIELD RIGHT-OF-WAY,UNABLE TO DETERMINE,,NONINCAPACITATING INJURY,11,7,41.7139201865,-87.6706956865,2020,25,POINT (-87.6706956865 41.7139201865),,,,,2020-07-25,False,71,Beverly
4418,30,NO CONTROLS,NO CONTROLS,CLEAR,DAYLIGHT,PEDALCYCLIST,DIVIDED - W/MEDIAN (NOT RAISED),STRAIGHT AND LEVEL,DRY,NO DEFECTS,,UNABLE TO DETERMINE,NOT APPLICABLE,Y,NONINCAPACITATING INJURY,13,7,41.931847783,-87.7134266263,2020,30,POINT (-87.7134266263 41.931847783),,,,,2020-07-25,False,20,Avondale
4419,30,TRAFFIC SIGNAL,FUNCTIONING PROPERLY,CLEAR,DAYLIGHT,PEDALCYCLIST,FOUR WAY,STRAIGHT AND LEVEL,DRY,NO DEFECTS,Y,IMPROPER TURNING/NO SIGNAL,FAILING TO YIELD RIGHT-OF-WAY,,NONINCAPACITATING INJURY,19,7,41.8957045249,-87.7022185235,2020,30,POINT (-87.7022185235 41.8957045249),,,,,2020-07-25,False,22,Humboldt Park
4420,35,UNKNOWN,UNKNOWN,OTHER,"DARKNESS, LIGHTED ROAD",PEDALCYCLIST,DIVIDED - W/MEDIAN (NOT RAISED),STRAIGHT AND LEVEL,DRY,NO DEFECTS,,FAILING TO YIELD RIGHT-OF-WAY,UNABLE TO DETERMINE,,NONINCAPACITATING INJURY,20,7,41.9314909676,-87.7464459494,2020,35,POINT (-87.7464459494 41.9314909676),,,,,2020-07-25,False,18,Belmont Cragin
4421,30,TRAFFIC SIGNAL,FUNCTIONING PROPERLY,CLEAR,"DARKNESS, LIGHTED ROAD",PEDALCYCLIST,NOT DIVIDED,STRAIGHT AND LEVEL,DRY,NO DEFECTS,Y,UNABLE TO DETERMINE,NOT APPLICABLE,,"REPORTED, NOT EVIDENT",1,7,41.899659372,-87.6772807667,2020,30,POINT (-87.6772807667 41.899659372),,,,,2020-07-26,False,23,West Town
4422,30,STOP SIGN/FLASHER,FUNCTIONING PROPERLY,CLEAR,DAYLIGHT,PEDALCYCLIST,FOUR WAY,STRAIGHT AND LEVEL,DRY,NO DEFECTS,Y,UNABLE TO DETERMINE,UNABLE TO DETERMINE,,INCAPACITATING INJURY,9,7,41.9826949818,-87.668738067,2020,30,POINT (-87.668738067 41.9826949818),,,,,2020-07-26,True,76,Edgewater
4423,25,TRAFFIC SIGNAL,FUNCTIONING PROPERLY,CLEAR,DAYLIGHT,PEDALCYCLIST,DIVIDED - W/MEDIAN (NOT RAISED),STRAIGHT AND LEVEL,DRY,NO DEFECTS,,FAILING TO YIELD RIGHT-OF-WAY,NOT APPLICABLE,Y,NONINCAPACITATING INJURY,11,7,41.8663832785,-87.6973546197,2020,25,POINT (-87.6973546197 41.8663832785),,,,,2020-07-26,False,28,North Lawndale
4425,30,NO CONTROLS,NO CONTROLS,CLEAR,DAYLIGHT,PEDALCYCLIST,DIVIDED - W/MEDIAN (NOT RAISED),STRAIGHT AND LEVEL,DRY,NO DEFECTS,,PHYSICAL CONDITION OF DRIVER,UNABLE TO DETERMINE,,INCAPACITATING INJURY,18,7,41.8949266295,-87.7680083314,2020,30,POINT (-87.7680083314 41.8949266295),,,,,2020-07-26,True,24,Austin
4426,30,NO CONTROLS,NO CONTROLS,CLEAR,"DARKNESS, LIGHTED ROAD",PEDALCYCLIST,NOT DIVIDED,STRAIGHT AND LEVEL,WET,UNKNOWN,,DRIVING SKILLS/KNOWLEDGE/EXPERIENCE,UNABLE TO DETERMINE,,NO INDICATION OF INJURY,21,7,41.9220235285,-87.6974772537,2020,30,POINT (-87.6974772537 41.9220235285),,,,,2020-07-26,False,21,Logan Square
4427,20,NO CONTROLS,NO CONTROLS,CLEAR,DAYLIGHT,PEDALCYCLIST,ONE-WAY,STRAIGHT AND LEVEL,DRY,NO DEFECTS,Y,DRIVING ON WRONG SIDE/WRONG WAY,"VISION OBSCURED (SIGNS, TREE LIMBS, BUILDINGS, ETC.)",,INCAPACITATING INJURY,14,7,41.7939809184,-87.7012757784,2020,20,POINT (-87.7012757784 41.7939809184),,,,,2020-07-27,True,62,Gage Park
4428,30,TRAFFIC SIGNAL,FUNCTIONING PROPERLY,CLEAR,DAYLIGHT,PEDALCYCLIST,FOUR WAY,STRAIGHT AND LEVEL,DRY,NO DEFECTS,Y,IMPROPER TURNING/NO SIGNAL,NOT APPLICABLE,,NO INDICATION OF INJURY,16,7,41.8577470654,-87.6317454414,2020,30,POINT (-87.6317454414 41.8577470654),,,,,2020-07-27,False,32,Near South Side
4429,30,NO CONTROLS,NO CONTROLS,CLEAR,DUSK,PEDALCYCLIST,DIVIDED - W/MEDIAN (NOT RAISED),STRAIGHT AND LEVEL,DRY,NO DEFECTS,,UNABLE TO DETERMINE,UNABLE TO DETERMINE,,NONINCAPACITATING INJURY,19,7,41.9711202145,-87.6791092672,2020,30,POINT (-87.6791092672 41.9711202145),,,,,2020-07-27,False,3,Lincoln Square
4430,30,TRAFFIC SIGNAL,FUNCTIONING PROPERLY,CLEAR,DAYLIGHT,PEDALCYCLIST,NOT DIVIDED,STRAIGHT AND LEVEL,DRY,NO DEFECTS,,FAILING TO YIELD RIGHT-OF-WAY,UNABLE TO DETERMINE,,NO INDICATION OF INJURY,19,7,41.8019554594,-87.7242472323,2020,30,POINT (-87.7242472323 41.8019554594),,,,,2020-07-27,False,56,Archer Heights
4431,30,TRAFFIC SIGNAL,FUNCTIONING PROPERLY,CLEAR,DAWN,PEDALCYCLIST,FOUR WAY,STRAIGHT AND LEVEL,DRY,NO DEFECTS,Y,DISREGARDING STOP SIGN,FAILING TO REDUCE SPEED TO AVOID CRASH,,NONINCAPACITATING INJURY,20,7,41.722257273,-87.5852755651,2020,30,POINT (-87.5852755651 41.722257273),,,,,2020-07-27,False,49,Pullman
4432,30,NO CONTROLS,NO CONTROLS,CLEAR,"DARKNESS, LIGHTED ROAD",PEDALCYCLIST,NOT DIVIDED,STRAIGHT AND LEVEL,DRY,NO DEFECTS,,FAILING TO YIELD RIGHT-OF-WAY,NOT APPLICABLE,,NO INDICATION OF INJURY,20,7,41.9389970074,-87.7715213723,2020,30,POINT (-87.7715213723 41.9389970074),,,,,2020-07-27,False,14,Portage Park
4433,30,TRAFFIC SIGNAL,FUNCTIONING PROPERLY,CLEAR,"DARKNESS, LIGHTED ROAD",PEDALCYCLIST,FOUR WAY,STRAIGHT AND LEVEL,DRY,NO DEFECTS,Y,FAILING TO YIELD RIGHT-OF-WAY,NOT APPLICABLE,,NONINCAPACITATING INJURY,22,7,41.9314422854,-87.7565688949,2020,30,POINT (-87.7565688949 41.9314422854),,,,,2020-07-27,False,18,Belmont Cragin
4434,30,NO CONTROLS,NO CONTROLS,CLEAR,"DARKNESS, LIGHTED ROAD",PEDALCYCLIST,NOT DIVIDED,STRAIGHT AND LEVEL,DRY,NO DEFECTS,,NOT APPLICABLE,NOT APPLICABLE,,NO INDICATION OF INJURY,22,7,41.8797598835,-87.7451071984,2020,30,POINT (-87.7451071984 41.8797598835),,,,,2020-07-27,False,24,Austin
4435,30,NO CONTROLS,NO CONTROLS,CLEAR,DARKNESS,PEDALCYCLIST,DIVIDED - W/MEDIAN (NOT RAISED),STRAIGHT AND LEVEL,DRY,NO DEFECTS,,"OPERATING VEHICLE IN ERRATIC, RECKLESS, CARELESS, NEGLIGENT OR AGGRESSIVE MANNER",UNABLE TO DETERMINE,,NONINCAPACITATING INJURY,0,7,41.7941350014,-87.6645241127,2020,30,POINT (-87.6645241127 41.7941350014),,,,,2020-07-28,False,60,New City
4436,35,TRAFFIC SIGNAL,FUNCTIONING PROPERLY,CLEAR,"DARKNESS, LIGHTED ROAD",PEDALCYCLIST,NOT DIVIDED,STRAIGHT AND LEVEL,DRY,NO DEFECTS,Y,UNABLE TO DETERMINE,UNABLE TO DETERMINE,N,NONINCAPACITATING INJURY,0,7,41.7605411501,-87.5863302784,2020,35,POINT (-87.5863302784 41.7605411501),,,,,2020-07-28,False,42,South Shore
4437,35,NO CONTROLS,NO CONTROLS,CLEAR,DAYLIGHT,PEDALCYCLIST,DIVIDED - W/MEDIAN (NOT RAISED),STRAIGHT AND LEVEL,DRY,NO DEFECTS,,FOLLOWING TOO CLOSELY,FAILING TO YIELD RIGHT-OF-WAY,,NONINCAPACITATING INJURY,8,7,41.9318356078,-87.7268329395,2020,35,POINT (-87.7268329395 41.9318356078),,,,,2020-07-28,False,19,Hermosa
4438,15,NO CONTROLS,NO CONTROLS,CLEAR,DAYLIGHT,PEDALCYCLIST,PARKING LOT,STRAIGHT AND LEVEL,DRY,NO DEFECTS,,NOT APPLICABLE,NOT APPLICABLE,,NO INDICATION OF INJURY,11,7,41.9354720327,-87.6686545431,2020,15,POINT (-87.6686545431 41.9354720327),,,,,2020-07-28,False,5,Lake View
4439,30,NO CONTROLS,NO CONTROLS,CLEAR,DAYLIGHT,PEDALCYCLIST,NOT DIVIDED,STRAIGHT AND LEVEL,DRY,SHOULDER DEFECT,,"EVASIVE ACTION DUE TO ANIMAL, OBJECT, NONMOTORIST",UNABLE TO DETERMINE,Y,"REPORTED, NOT EVIDENT",12,7,41.8010583424,-87.6840743435,2020,30,POINT (-87.6840743435 41.8010583424),,,,,2020-07-28,False,60,New City
4440,30,NO CONTROLS,NO CONTROLS,CLEAR,DAYLIGHT,PEDALCYCLIST,NOT DIVIDED,STRAIGHT AND LEVEL,DRY,NO DEFECTS,Y,UNABLE TO DETERMINE,NOT APPLICABLE,Y,NONINCAPACITATING INJURY,16,7,41.808518122,-87.6862803728,2020,30,POINT (-87.6862803728 41.808518122),,,,,2020-07-28,False,57,Brighton Park
4441,25,PEDESTRIAN CROSSING SIGN,FUNCTIONING PROPERLY,CLEAR,DAYLIGHT,PEDALCYCLIST,NOT DIVIDED,STRAIGHT AND LEVEL,DRY,NO DEFECTS,,"OPERATING VEHICLE IN ERRATIC, RECKLESS, CARELESS, NEGLIGENT OR AGGRESSIVE MANNER","OPERATING VEHICLE IN ERRATIC, RECKLESS, CARELESS, NEGLIGENT OR AGGRESSIVE MANNER",,INCAPACITATING INJURY,18,7,41.9194281058,-87.6611536018,2020,25,POINT (-87.6611536018 41.9194281058),,,,,2020-07-28,True,6,Lincoln Park
4442,30,NO CONTROLS,NO CONTROLS,CLEAR,DAYLIGHT,PEDALCYCLIST,NOT DIVIDED,STRAIGHT AND LEVEL,DRY,NO DEFECTS,,UNABLE TO DETERMINE,UNABLE TO DETERMINE,Y,"REPORTED, NOT EVIDENT",19,7,41.9256023163,-87.6463817686,2020,30,POINT (-87.6463817686 41.9256023163),,,,,2020-07-28,False,6,Lincoln Park
4443,30,NO CONTROLS,NO CONTROLS,CLEAR,DAYLIGHT,PEDALCYCLIST,DIVIDED - W/MEDIAN (NOT RAISED),STRAIGHT AND LEVEL,DRY,NO DEFECTS,,UNABLE TO DETERMINE,UNABLE TO DETERMINE,,NONINCAPACITATING INJURY,19,7,41.9256023163,-87.6463817686,2020,30,POINT (-87.6463817686 41.9256023163),,,,,2020-07-28,False,6,Lincoln Park
4444,30,NO CONTROLS,NO CONTROLS,CLEAR,DAYLIGHT,PEDALCYCLIST,FOUR WAY,STRAIGHT AND LEVEL,DRY,NO DEFECTS,Y,FAILING TO YIELD RIGHT-OF-WAY,FAILING TO REDUCE SPEED TO AVOID CRASH,,NONINCAPACITATING INJURY,15,7,41.9635032909,-87.6694527987,2020,30,POINT (-87.6694527987 41.9635032909),,,,,2020-07-29,False,2,Uptown
4445,30,NO CONTROLS,NO CONTROLS,RAIN,DAYLIGHT,PEDALCYCLIST,T-INTERSECTION,STRAIGHT AND LEVEL,WET,NO DEFECTS,Y,FAILING TO YIELD RIGHT-OF-WAY,UNABLE TO DETERMINE,,NONINCAPACITATING INJURY,17,7,41.9858261414,-87.7877055886,2020,30,POINT (-87.7877055886 41.9858261414),,,,,2020-07-29,False,10,Jefferson Park
4446,30,NO CONTROLS,NO CONTROLS,CLEAR,DAWN,PEDALCYCLIST,FOUR WAY,STRAIGHT AND LEVEL,DRY,NO DEFECTS,Y,IMPROPER OVERTAKING/PASSING,UNABLE TO DETERMINE,,NONINCAPACITATING INJURY,5,7,41.8928766023,-87.7258608595,2020,30,POINT (-87.7258608595 41.8928766023),,,,,2020-07-30,False,22,Humboldt Park
4447,30,NO CONTROLS,NO CONTROLS,CLEAR,DAYLIGHT,PEDALCYCLIST,NOT DIVIDED,STRAIGHT AND LEVEL,DRY,NO DEFECTS,,FAILING TO YIELD RIGHT-OF-WAY,NOT APPLICABLE,,NO INDICATION OF INJURY,12,7,41.8917697741,-87.6286538426,2020,30,POINT (-87.6286538426 41.8917697741),,,,,2020-07-30,False,7,Near North Side
4448,30,UNKNOWN,UNKNOWN,UNKNOWN,UNKNOWN,PEDALCYCLIST,DIVIDED - W/MEDIAN (NOT RAISED),STRAIGHT AND LEVEL,UNKNOWN,UNKNOWN,,FOLLOWING TOO CLOSELY,NOT APPLICABLE,,"REPORTED, NOT EVIDENT",13,7,41.876248128,-87.6244191846,2020,30,POINT (-87.6244191846 41.876248128),,,,,2020-07-30,False,31,Loop
4449,30,TRAFFIC SIGNAL,FUNCTIONING PROPERLY,CLEAR,DAYLIGHT,PEDALCYCLIST,DIVIDED - W/MEDIAN (NOT RAISED),STRAIGHT AND LEVEL,DRY,NO DEFECTS,,DISREGARDING TRAFFIC SIGNALS,NOT APPLICABLE,,"REPORTED, NOT EVIDENT",15,7,41.7872687485,-87.625657367,2020,30,POINT (-87.625657367 41.7872687485),,,,,2020-07-30,False,39,Washington Park
4450,30,NO CONTROLS,NO CONTROLS,CLEAR,DAYLIGHT,PEDALCYCLIST,NOT DIVIDED,STRAIGHT AND LEVEL,DRY,NO DEFECTS,,UNABLE TO DETERMINE,UNABLE TO DETERMINE,Y,NONINCAPACITATING INJURY,15,7,42.0067213724,-87.673582341,2020,30,POINT (-87.673582341 42.0067213724),,,,,2020-07-30,False,0,Rogers Park
4451,25,TRAFFIC SIGNAL,FUNCTIONING PROPERLY,CLEAR,DAYLIGHT,PEDALCYCLIST,NOT DIVIDED,STRAIGHT AND LEVEL,DRY,NO DEFECTS,Y,UNABLE TO DETERMINE,UNABLE TO DETERMINE,,NONINCAPACITATING INJURY,16,7,41.8397719466,-87.6464675111,2020,25,POINT (-87.6464675111 41.8397719466),,,,,2020-07-30,False,30,Lower West Side
4452,30,NO CONTROLS,NO CONTROLS,CLEAR,DAYLIGHT,PEDALCYCLIST,NOT DIVIDED,STRAIGHT AND LEVEL,DRY,NO DEFECTS,,"VISION OBSCURED (SIGNS, TREE LIMBS, BUILDINGS, ETC.)",UNABLE TO DETERMINE,,NO INDICATION OF INJURY,16,7,41.895265616,-87.6477765797,2020,30,POINT (-87.6477765797 41.895265616),,,,,2020-07-30,False,7,Near North Side
4453,30,TRAFFIC SIGNAL,FUNCTIONING PROPERLY,CLEAR,DAYLIGHT,PEDALCYCLIST,DIVIDED - W/MEDIAN (NOT RAISED),STRAIGHT AND LEVEL,DRY,NO DEFECTS,,DRIVING SKILLS/KNOWLEDGE/EXPERIENCE,DRIVING SKILLS/KNOWLEDGE/EXPERIENCE,,NO INDICATION OF INJURY,18,7,41.9692821424,-87.6496751394,2020,30,POINT (-87.6496751394 41.9692821424),,,,,2020-07-30,False,2,Uptown
4454,30,STOP SIGN/FLASHER,FUNCTIONING PROPERLY,CLEAR,DAYLIGHT,PEDALCYCLIST,DIVIDED - W/MEDIAN (NOT RAISED),STRAIGHT AND LEVEL,DRY,NO DEFECTS,Y,FAILING TO YIELD RIGHT-OF-WAY,UNABLE TO DETERMINE,,NONINCAPACITATING INJURY,10,7,41.8379802068,-87.6425769232,2020,30,POINT (-87.6425769232 41.8379802068),,,,,2020-07-31,False,30,Lower West Side
4455,15,NO CONTROLS,NO CONTROLS,CLEAR,DAYLIGHT,PEDALCYCLIST,RAMP,CURVE ON GRADE,DRY,NO DEFECTS,,UNABLE TO DETERMINE,NOT APPLICABLE,,NONINCAPACITATING INJURY,13,7,41.8603236238,-87.6253161039,2020,15,POINT (-87.6253161039 41.8603236238),,,,,2020-07-31,False,32,Near South Side
4456,30,NO CONTROLS,NO CONTROLS,CLEAR,DAYLIGHT,PEDALCYCLIST,DIVIDED - W/MEDIAN (NOT RAISED),STRAIGHT AND LEVEL,DRY,NO DEFECTS,,UNABLE TO DETERMINE,NOT APPLICABLE,,"REPORTED, NOT EVIDENT",14,7,41.8796938644,-87.7405699711,2020,30,POINT (-87.7405699711 41.8796938644),,,,,2020-07-31,False,24,Austin
4457,30,NO CONTROLS,NO CONTROLS,CLEAR,DAYLIGHT,PEDALCYCLIST,ONE-WAY,STRAIGHT AND LEVEL,DRY,NO DEFECTS,,UNABLE TO DETERMINE,NOT APPLICABLE,,NO INDICATION OF INJURY,17,7,41.706169922,-87.6965763176,2020,30,POINT (-87.6965763176 41.706169922),,,,,2020-07-31,False,73,Mount Greenwood
4458,30,NO CONTROLS,NO CONTROLS,CLEAR,DAYLIGHT,PEDALCYCLIST,L-INTERSECTION,STRAIGHT AND LEVEL,DRY,NO DEFECTS,Y,UNABLE TO DETERMINE,UNABLE TO DETERMINE,,NO INDICATION OF INJURY,18,7,41.762407568,-87.5994551191,2020,30,POINT (-87.5994551191 41.762407568),,,,,2020-07-31,False,68,Grand Crossing
4459,25,NO CONTROLS,NO CONTROLS,CLEAR,DAYLIGHT,PEDALCYCLIST,T-INTERSECTION,STRAIGHT AND LEVEL,DRY,NO DEFECTS,,FAILING TO YIELD RIGHT-OF-WAY,FAILING TO REDUCE SPEED TO AVOID CRASH,,NONINCAPACITATING INJURY,18,7,41.7560014251,-87.6420508839,2020,25,POINT (-87.6420508839 41.7560014251),,,,,2020-07-31,False,70,Auburn Gresham
4460,35,TRAFFIC SIGNAL,FUNCTIONING PROPERLY,CLEAR,"DARKNESS, LIGHTED ROAD",PEDALCYCLIST,FOUR WAY,STRAIGHT AND LEVEL,DRY,NO DEFECTS,Y,UNABLE TO DETERMINE,NOT APPLICABLE,,NONINCAPACITATING INJURY,2,8,41.9248167406,-87.7002344981,2020,35,POINT (-87.7002344981 41.9248167406),,,,,2020-08-01,False,21,Logan Square
4461,30,NO CONTROLS,NO CONTROLS,CLEAR,DAYLIGHT,PEDALCYCLIST,NOT DIVIDED,STRAIGHT AND LEVEL,DRY,NO DEFECTS,,UNABLE TO DETERMINE,UNABLE TO DETERMINE,,NO INDICATION OF INJURY,12,8,41.9255421726,-87.6402890999,2020,30,POINT (-87.6402890999 41.9255421726),,,,,2020-08-01,False,6,Lincoln Park
4462,30,NO CONTROLS,NO CONTROLS,CLEAR,DAYLIGHT,PEDALCYCLIST,OTHER,STRAIGHT AND LEVEL,DRY,NO DEFECTS,,NOT APPLICABLE,NOT APPLICABLE,Y,INCAPACITATING INJURY,12,8,41.9197344256,-87.6370964794,2020,30,POINT (-87.6370964794 41.9197344256),,,,,2020-08-01,True,6,Lincoln Park
4463,30,NO CONTROLS,NO CONTROLS,CLEAR,DAYLIGHT,PEDALCYCLIST,DIVIDED - W/MEDIAN BARRIER,STRAIGHT AND LEVEL,DRY,NO DEFECTS,,UNABLE TO DETERMINE,UNABLE TO DETERMINE,,NONINCAPACITATING INJURY,13,8,41.8953585444,-87.6325392553,2020,30,POINT (-87.6325392553 41.8953585444),,,,,2020-08-01,False,7,Near North Side
4464,30,OTHER REG. SIGN,FUNCTIONING PROPERLY,CLEAR,DAYLIGHT,PEDALCYCLIST,DIVIDED - W/MEDIAN BARRIER,"CURVE, LEVEL",DRY,NO DEFECTS,,FAILING TO REDUCE SPEED TO AVOID CRASH,FAILING TO REDUCE SPEED TO AVOID CRASH,,NO INDICATION OF INJURY,16,8,41.867594625,-87.6224974739,2020,30,POINT (-87.6224974739 41.867594625),,,,,2020-08-01,False,31,Loop
4465,30,NO CONTROLS,NO CONTROLS,RAIN,DUSK,PEDALCYCLIST,DIVIDED - W/MEDIAN (NOT RAISED),STRAIGHT AND LEVEL,WET,NO DEFECTS,,UNABLE TO DETERMINE,NOT APPLICABLE,Y,"REPORTED, NOT EVIDENT",18,8,41.965493365,-87.65871372,2020,30,POINT (-87.65871372 41.965493365),,,,,2020-08-01,False,2,Uptown
4466,30,NO CONTROLS,NO CONTROLS,CLEAR,DAYLIGHT,PEDALCYCLIST,DIVIDED - W/MEDIAN (NOT RAISED),STRAIGHT AND LEVEL,DRY,NO DEFECTS,,"OPERATING VEHICLE IN ERRATIC, RECKLESS, CARELESS, NEGLIGENT OR AGGRESSIVE MANNER",UNABLE TO DETERMINE,N,NONINCAPACITATING INJURY,19,8,41.9307444173,-87.8063452909,2020,30,POINT (-87.8063452909 41.9307444173),,,,,2020-08-01,False,17,Montclare
4467,30,TRAFFIC SIGNAL,FUNCTIONING PROPERLY,CLOUDY/OVERCAST,DAYLIGHT,PEDALCYCLIST,FOUR WAY,STRAIGHT AND LEVEL,DRY,NO DEFECTS,Y,FOLLOWING TOO CLOSELY,UNABLE TO DETERMINE,,NO INDICATION OF INJURY,20,8,41.7951358037,-87.5840959268,2020,30,POINT (-87.5840959268 41.7951358037),,,,,2020-08-01,False,40,Hyde Park
4468,30,NO CONTROLS,NO CONTROLS,RAIN,"DARKNESS, LIGHTED ROAD",PEDALCYCLIST,NOT DIVIDED,STRAIGHT AND LEVEL,WET,NO DEFECTS,,UNABLE TO DETERMINE,NOT APPLICABLE,Y,NO INDICATION OF INJURY,22,8,41.9182876079,-87.6487296507,2020,30,POINT (-87.6487296507 41.9182876079),,,,,2020-08-01,False,6,Lincoln Park
4469,30,NO CONTROLS,NO CONTROLS,RAIN,"DARKNESS, LIGHTED ROAD",PEDALCYCLIST,NOT DIVIDED,STRAIGHT AND LEVEL,WET,NO DEFECTS,,FOLLOWING TOO CLOSELY,NOT APPLICABLE,,NO INDICATION OF INJURY,23,8,41.9348332514,-87.6918992143,2020,30,POINT (-87.6918992143 41.9348332514),,,,,2020-08-01,False,4,North Center
4470,30,NO CONTROLS,NO CONTROLS,RAIN,"DARKNESS, LIGHTED ROAD",PEDALCYCLIST,NOT DIVIDED,STRAIGHT AND LEVEL,WET,NO DEFECTS,,FAILING TO YIELD RIGHT-OF-WAY,UNABLE TO DETERMINE,,"REPORTED, NOT EVIDENT",0,8,41.9485245742,-87.6493761226,2020,30,POINT (-87.6493761226 41.9485245742),,,,,2020-08-02,False,5,Lake View
4471,30,TRAFFIC SIGNAL,FUNCTIONING PROPERLY,UNKNOWN,DAYLIGHT,PEDALCYCLIST,DIVIDED - W/MEDIAN (NOT RAISED),STRAIGHT AND LEVEL,UNKNOWN,NO DEFECTS,Y,UNABLE TO DETERMINE,NOT APPLICABLE,,INCAPACITATING INJURY,11,8,41.9597925015,-87.7278318397,2020,30,POINT (-87.7278318397 41.9597925015),,,,,2020-08-02,True,15,Irving Park
4472,30,TRAFFIC SIGNAL,FUNCTIONING PROPERLY,RAIN,DAYLIGHT,PEDALCYCLIST,FOUR WAY,STRAIGHT AND LEVEL,WET,UNKNOWN,,UNABLE TO DETERMINE,NOT APPLICABLE,,NONINCAPACITATING INJURY,18,8,41.9980908432,-87.6606832398,2020,30,POINT (-87.6606832398 41.9980908432),,,,,2020-08-02,False,0,Rogers Park
4473,30,TRAFFIC SIGNAL,FUNCTIONING PROPERLY,CLEAR,DAYLIGHT,PEDALCYCLIST,FOUR WAY,STRAIGHT AND LEVEL,DRY,NO DEFECTS,N,"OPERATING VEHICLE IN ERRATIC, RECKLESS, CARELESS, NEGLIGENT OR AGGRESSIVE MANNER",UNABLE TO DETERMINE,,NONINCAPACITATING INJURY,6,8,41.8230372573,-87.6657037592,2020,30,POINT (-87.6657037592 41.8230372573),,,,,2020-08-03,False,58,Mckinley Park
4474,35,TRAFFIC SIGNAL,FUNCTIONING PROPERLY,CLEAR,DAYLIGHT,PEDALCYCLIST,NOT DIVIDED,STRAIGHT AND LEVEL,DRY,UNKNOWN,,IMPROPER OVERTAKING/PASSING,NOT APPLICABLE,,NO INDICATION OF INJURY,12,8,41.9464994332,-87.6783967692,2020,35,POINT (-87.6783967692 41.9464994332),,,,,2020-08-03,False,4,North Center
4475,30,TRAFFIC SIGNAL,FUNCTIONING PROPERLY,CLEAR,DAYLIGHT,PEDALCYCLIST,NOT DIVIDED,STRAIGHT AND LEVEL,DRY,NO DEFECTS,Y,FAILING TO YIELD RIGHT-OF-WAY,UNABLE TO DETERMINE,,INCAPACITATING INJURY,14,8,41.9256049177,-87.6462190008,2020,30,POINT (-87.6462190008 41.9256049177),,,,,2020-08-03,True,6,Lincoln Park
4476,30,NO CONTROLS,NO CONTROLS,CLOUDY/OVERCAST,DAYLIGHT,PEDALCYCLIST,DIVIDED - W/MEDIAN (NOT RAISED),STRAIGHT AND LEVEL,DRY,NO DEFECTS,,NOT APPLICABLE,IMPROPER LANE USAGE,Y,NONINCAPACITATING INJURY,15,8,41.9405026191,-87.6693986863,2020,30,POINT (-87.6693986863 41.9405026191),,,,,2020-08-03,False,5,Lake View
4477,30,UNKNOWN,UNKNOWN,CLEAR,DAYLIGHT,PEDALCYCLIST,FOUR WAY,STRAIGHT AND LEVEL,DRY,NO DEFECTS,Y,UNABLE TO DETERMINE,NOT APPLICABLE,,NONINCAPACITATING INJURY,16,8,41.7791923824,-87.6764851645,2020,30,POINT (-87.6764851645 41.7791923824),,,,,2020-08-03,False,66,Englewood
4478,30,NO CONTROLS,NO CONTROLS,CLEAR,DAYLIGHT,PEDALCYCLIST,NOT DIVIDED,STRAIGHT AND LEVEL,DRY,NO DEFECTS,,UNABLE TO DETERMINE,UNABLE TO DETERMINE,,NONINCAPACITATING INJURY,17,8,41.8502343458,-87.724576827,2020,30,POINT (-87.724576827 41.8502343458),,,,,2020-08-03,False,28,North Lawndale
4479,30,STOP SIGN/FLASHER,FUNCTIONING PROPERLY,CLEAR,DAYLIGHT,PEDALCYCLIST,NOT DIVIDED,STRAIGHT AND LEVEL,DRY,NO DEFECTS,Y,FAILING TO YIELD RIGHT-OF-WAY,NOT APPLICABLE,N,NONINCAPACITATING INJURY,17,8,41.8522591966,-87.673245133,2020,30,POINT (-87.673245133 41.8522591966),,,,,2020-08-03,False,30,Lower West Side
4480,25,STOP SIGN/FLASHER,FUNCTIONING PROPERLY,CLEAR,DAYLIGHT,PEDALCYCLIST,OTHER,STRAIGHT AND LEVEL,UNKNOWN,UNKNOWN,,FAILING TO YIELD RIGHT-OF-WAY,UNABLE TO DETERMINE,Y,NONINCAPACITATING INJURY,17,8,41.9944635455,-87.76486718,2020,25,POINT (-87.76486718 41.9944635455),,,,,2020-08-03,False,10,Jefferson Park
4481,30,NO CONTROLS,NO CONTROLS,RAIN,DUSK,PEDALCYCLIST,DIVIDED - W/MEDIAN (NOT RAISED),STRAIGHT AND LEVEL,WET,NO DEFECTS,,UNABLE TO DETERMINE,UNABLE TO DETERMINE,,NO INDICATION OF INJURY,19,8,41.9534802723,-87.7277597927,2020,30,POINT (-87.7277597927 41.9534802723),,,,,2020-08-03,False,15,Irving Park