Unnamed: 0,POSTED_SPEED_LIMIT,TRAFFIC_CONTROL_DEVICE,DEVICE_CONDITION,WEATHER_CONDITION,LIGHTING_CONDITION,FIRST_CRASH_TYPE,TRAFFICWAY_TYPE,ALIGNMENT,ROADWAY_SURFACE_COND,ROAD_DEFECT,INTERSECTION_RELATED_I,PRIM_CONTRIBUTORY_CAUSE,SEC_CONTRIBUTORY_CAUSE,DOORING_I,MOST_SEVERE_INJURY,CRASH_HOUR,CRASH_MONTH,LATITUDE,LONGITUDE,CRASH_YEAR,SPEED_LIMIT,geometry,DISPLAYROU,the_geom,DIST,LANE_TYPE,CRASH_DATE,is_severe,index_right,CArea
4482,30,NO CONTROLS,NO CONTROLS,RAIN,"DARKNESS, LIGHTED ROAD",PEDALCYCLIST,NOT DIVIDED,STRAIGHT AND LEVEL,WET,NO DEFECTS,,FAILING TO YIELD RIGHT-OF-WAY,NOT APPLICABLE,,NONINCAPACITATING INJURY,21,8,41.8137203329,-87.6881209579,2020,30,POINT (-87.6881209579 41.8137203329),,,,,2020-08-03,False,57,Brighton Park
4483,20,STOP SIGN/FLASHER,FUNCTIONING PROPERLY,CLEAR,DAYLIGHT,PEDALCYCLIST,TRAFFIC ROUTE,STRAIGHT AND LEVEL,DRY,NO DEFECTS,Y,DRIVING ON WRONG SIDE/WRONG WAY,NOT APPLICABLE,,INCAPACITATING INJURY,9,8,41.938162554,-87.656538453,2020,20,POINT (-87.656538453 41.938162554),,,,,2020-08-04,True,5,Lake View
4484,30,STOP SIGN/FLASHER,NO CONTROLS,CLOUDY/OVERCAST,DAYLIGHT,PEDALCYCLIST,NOT DIVIDED,STRAIGHT AND LEVEL,DRY,UNKNOWN,N,DISREGARDING STOP SIGN,DRIVING SKILLS/KNOWLEDGE/EXPERIENCE,,NO INDICATION OF INJURY,10,8,41.9181272759,-87.726443564,2020,30,POINT (-87.726443564 41.9181272759),,,,,2020-08-04,False,19,Hermosa
4485,30,NO CONTROLS,NO CONTROLS,CLEAR,DAYLIGHT,PEDALCYCLIST,DIVIDED - W/MEDIAN (NOT RAISED),STRAIGHT AND LEVEL,DRY,NO DEFECTS,,UNABLE TO DETERMINE,UNABLE TO DETERMINE,Y,"REPORTED, NOT EVIDENT",13,8,41.9306958365,-87.8021760155,2020,30,POINT (-87.8021760155 41.9306958365),,,,,2020-08-04,False,17,Montclare
4486,30,TRAFFIC SIGNAL,UNKNOWN,CLEAR,DAYLIGHT,PEDALCYCLIST,DIVIDED - W/MEDIAN (NOT RAISED),STRAIGHT AND LEVEL,UNKNOWN,UNKNOWN,Y,UNABLE TO DETERMINE,NOT APPLICABLE,,INCAPACITATING INJURY,13,8,41.9256520807,-87.6335203769,2020,30,POINT (-87.6335203769 41.9256520807),,,,,2020-08-04,True,6,Lincoln Park
4487,30,STOP SIGN/FLASHER,NO CONTROLS,CLEAR,DAYLIGHT,PEDALCYCLIST,NOT DIVIDED,STRAIGHT AND LEVEL,DRY,NO DEFECTS,Y,UNABLE TO DETERMINE,UNABLE TO DETERMINE,,NO INDICATION OF INJURY,14,8,41.8079493392,-87.6432340884,2020,30,POINT (-87.6432340884 41.8079493392),,,,,2020-08-04,False,60,New City
4488,30,UNKNOWN,UNKNOWN,UNKNOWN,UNKNOWN,PEDALCYCLIST,DIVIDED - W/MEDIAN (NOT RAISED),STRAIGHT AND LEVEL,UNKNOWN,UNKNOWN,,FAILING TO YIELD RIGHT-OF-WAY,NOT APPLICABLE,,"REPORTED, NOT EVIDENT",17,8,41.9034342402,-87.6688542716,2020,30,POINT (-87.6688542716 41.9034342402),,,,,2020-08-04,False,23,West Town
4489,30,STOP SIGN/FLASHER,FUNCTIONING PROPERLY,CLEAR,DAYLIGHT,PEDALCYCLIST,ONE-WAY,STRAIGHT ON HILLCREST,DRY,"RUT, HOLES",Y,NOT APPLICABLE,NOT APPLICABLE,,NONINCAPACITATING INJURY,18,8,41.8154927621,-87.6906886832,2020,30,POINT (-87.6906886832 41.8154927621),,,,,2020-08-04,False,57,Brighton Park
4490,30,STOP SIGN/FLASHER,UNKNOWN,CLEAR,DAYLIGHT,PEDALCYCLIST,NOT DIVIDED,STRAIGHT AND LEVEL,DRY,NO DEFECTS,,UNABLE TO DETERMINE,UNABLE TO DETERMINE,,INCAPACITATING INJURY,19,8,41.9831376451,-87.7644410053,2020,30,POINT (-87.7644410053 41.9831376451),,,,,2020-08-04,True,10,Jefferson Park
4491,30,STOP SIGN/FLASHER,FUNCTIONING PROPERLY,CLEAR,"DARKNESS, LIGHTED ROAD",PEDALCYCLIST,ONE-WAY,STRAIGHT AND LEVEL,DRY,NO DEFECTS,Y,UNABLE TO DETERMINE,UNABLE TO DETERMINE,N,INCAPACITATING INJURY,22,8,41.957989577,-87.6724527215,2020,30,POINT (-87.6724527215 41.957989577),,,,,2020-08-04,True,2,Uptown
4492,25,TRAFFIC SIGNAL,FUNCTIONING PROPERLY,UNKNOWN,"DARKNESS, LIGHTED ROAD",PEDALCYCLIST,NOT DIVIDED,STRAIGHT AND LEVEL,UNKNOWN,NO DEFECTS,,DISREGARDING OTHER TRAFFIC SIGNS,UNABLE TO DETERMINE,,NONINCAPACITATING INJURY,23,8,41.8167380668,-87.6173696575,2020,25,POINT (-87.6173696575 41.8167380668),,,,,2020-08-04,False,37,Grand Boulevard
4493,30,TRAFFIC SIGNAL,FUNCTIONING PROPERLY,CLOUDY/OVERCAST,DAYLIGHT,PEDALCYCLIST,FOUR WAY,STRAIGHT AND LEVEL,DRY,NO DEFECTS,Y,DRIVING SKILLS/KNOWLEDGE/EXPERIENCE,"VISION OBSCURED (SIGNS, TREE LIMBS, BUILDINGS, ETC.)",,NONINCAPACITATING INJURY,11,8,41.9526554062,-87.8073313241,2020,30,POINT (-87.8073313241 41.9526554062),,,,,2020-08-05,False,16,Dunning
4494,30,NO CONTROLS,NO CONTROLS,CLEAR,DAYLIGHT,PEDALCYCLIST,NOT DIVIDED,STRAIGHT AND LEVEL,DRY,NO DEFECTS,,NOT APPLICABLE,NOT APPLICABLE,,NONINCAPACITATING INJURY,13,8,41.7787763911,-87.7128667686,2020,30,POINT (-87.7128667686 41.7787763911),,,,,2020-08-05,False,64,West Lawn
4495,30,NO CONTROLS,NO CONTROLS,CLEAR,DAYLIGHT,PEDALCYCLIST,NOT DIVIDED,STRAIGHT AND LEVEL,DRY,NO DEFECTS,,UNABLE TO DETERMINE,NOT APPLICABLE,,NO INDICATION OF INJURY,14,8,41.9307370038,-87.7466827917,2020,30,POINT (-87.7466827917 41.9307370038),,,,,2020-08-05,False,18,Belmont Cragin
4496,20,NO CONTROLS,NO CONTROLS,CLEAR,DAYLIGHT,PEDALCYCLIST,PARKING LOT,STRAIGHT AND LEVEL,UNKNOWN,UNKNOWN,,"OPERATING VEHICLE IN ERRATIC, RECKLESS, CARELESS, NEGLIGENT OR AGGRESSIVE MANNER",NOT APPLICABLE,,NONINCAPACITATING INJURY,15,8,41.8875707753,-87.6473762175,2020,20,POINT (-87.6473762175 41.8875707753),,,,,2020-08-05,False,7,Near North Side
4497,30,NO CONTROLS,NO CONTROLS,CLOUDY/OVERCAST,DAYLIGHT,PEDALCYCLIST,NOT DIVIDED,STRAIGHT AND LEVEL,DRY,SHOULDER DEFECT,,UNABLE TO DETERMINE,UNABLE TO DETERMINE,,NONINCAPACITATING INJURY,17,8,41.6871131685,-87.7008068092,2020,30,POINT (-87.7008068092 41.6871131685),,,,,2020-08-05,False,73,Mount Greenwood
4498,30,TRAFFIC SIGNAL,FUNCTIONING PROPERLY,CLEAR,DUSK,PEDALCYCLIST,NOT DIVIDED,STRAIGHT AND LEVEL,DRY,NO DEFECTS,Y,UNABLE TO DETERMINE,NOT APPLICABLE,,"REPORTED, NOT EVIDENT",21,8,41.9540290469,-87.7080774938,2020,30,POINT (-87.7080774938 41.9540290469),,,,,2020-08-05,False,15,Irving Park
4499,30,NO CONTROLS,OTHER,CLEAR,"DARKNESS, LIGHTED ROAD",PEDALCYCLIST,DIVIDED - W/MEDIAN BARRIER,STRAIGHT AND LEVEL,DRY,NO DEFECTS,,UNABLE TO DETERMINE,NOT APPLICABLE,,NONINCAPACITATING INJURY,23,8,41.9413666934,-87.6883721255,2020,30,POINT (-87.6883721255 41.9413666934),,,,,2020-08-05,False,4,North Center
4500,30,TRAFFIC SIGNAL,FUNCTIONING PROPERLY,CLEAR,DAYLIGHT,PEDALCYCLIST,NOT DIVIDED,STRAIGHT AND LEVEL,DRY,NO DEFECTS,,FAILING TO YIELD RIGHT-OF-WAY,UNABLE TO DETERMINE,,NONINCAPACITATING INJURY,7,8,41.997584488,-87.7045781968,2020,30,POINT (-87.7045781968 41.997584488),,,,,2020-08-06,False,1,West Ridge
4501,30,NO CONTROLS,NO CONTROLS,CLEAR,DAYLIGHT,PEDALCYCLIST,NOT DIVIDED,STRAIGHT AND LEVEL,DRY,NO DEFECTS,,NOT APPLICABLE,NOT APPLICABLE,,NO INDICATION OF INJURY,9,8,41.8079030321,-87.5891568406,2020,30,POINT (-87.5891568406 41.8079030321),,,,,2020-08-06,False,38,Kenwood
4502,30,STOP SIGN/FLASHER,FUNCTIONING PROPERLY,CLEAR,DAYLIGHT,PEDALCYCLIST,NOT DIVIDED,STRAIGHT AND LEVEL,DRY,NO DEFECTS,Y,UNABLE TO DETERMINE,UNABLE TO DETERMINE,,NONINCAPACITATING INJURY,14,8,41.7879763642,-87.7032512421,2020,30,POINT (-87.7032512421 41.7879763642),,,,,2020-08-06,False,62,Gage Park
4503,30,STOP SIGN/FLASHER,FUNCTIONING PROPERLY,CLEAR,DAYLIGHT,PEDALCYCLIST,ONE-WAY,STRAIGHT AND LEVEL,DRY,NO DEFECTS,,DRIVING ON WRONG SIDE/WRONG WAY,UNABLE TO DETERMINE,,NONINCAPACITATING INJURY,16,8,41.8009382945,-87.6917048484,2020,30,POINT (-87.6917048484 41.8009382945),,,,,2020-08-06,False,62,Gage Park
4504,30,TRAFFIC SIGNAL,FUNCTIONING PROPERLY,CLEAR,DAYLIGHT,PEDALCYCLIST,FOUR WAY,STRAIGHT AND LEVEL,DRY,NO DEFECTS,Y,FAILING TO YIELD RIGHT-OF-WAY,NOT APPLICABLE,,NO INDICATION OF INJURY,16,8,41.7666030222,-87.5663237227,2020,30,POINT (-87.5663237227 41.7666030222),,,,,2020-08-06,False,42,South Shore
4505,30,NO CONTROLS,NO CONTROLS,CLEAR,DAYLIGHT,PEDALCYCLIST,NOT DIVIDED,STRAIGHT AND LEVEL,DRY,NO DEFECTS,,UNABLE TO DETERMINE,UNABLE TO DETERMINE,Y,NO INDICATION OF INJURY,17,8,41.9085601354,-87.6464526857,2020,30,POINT (-87.6464526857 41.9085601354),,,,,2020-08-06,False,7,Near North Side
4506,25,NO CONTROLS,NO CONTROLS,CLEAR,DAYLIGHT,PEDALCYCLIST,ONE-WAY,STRAIGHT AND LEVEL,DRY,NO DEFECTS,,FAILING TO YIELD RIGHT-OF-WAY,NOT APPLICABLE,,NONINCAPACITATING INJURY,17,8,41.9595003188,-87.7025325833,2020,25,POINT (-87.7025325833 41.9595003188),,,,,2020-08-06,False,15,Irving Park
4507,30,TRAFFIC SIGNAL,FUNCTIONING PROPERLY,UNKNOWN,UNKNOWN,PEDALCYCLIST,DIVIDED - W/MEDIAN BARRIER,STRAIGHT AND LEVEL,UNKNOWN,UNKNOWN,,UNABLE TO DETERMINE,UNABLE TO DETERMINE,,NO INDICATION OF INJURY,18,8,41.8260912041,-87.6848835638,2020,30,POINT (-87.6848835638 41.8260912041),,,,,2020-08-06,False,57,Brighton Park
4508,30,NO CONTROLS,NO CONTROLS,CLEAR,DAYLIGHT,PEDALCYCLIST,NOT DIVIDED,STRAIGHT AND LEVEL,DRY,NO DEFECTS,Y,UNABLE TO DETERMINE,NOT APPLICABLE,,NONINCAPACITATING INJURY,19,8,41.9532569888,-87.649546042,2020,30,POINT (-87.649546042 41.9532569888),,,,,2020-08-06,False,5,Lake View
4509,25,TRAFFIC SIGNAL,FUNCTIONING PROPERLY,CLEAR,"DARKNESS, LIGHTED ROAD",PEDALCYCLIST,NOT DIVIDED,STRAIGHT AND LEVEL,DRY,NO DEFECTS,Y,UNABLE TO DETERMINE,UNABLE TO DETERMINE,,NONINCAPACITATING INJURY,20,8,41.9329768639,-87.6414960897,2020,25,POINT (-87.6414960897 41.9329768639),,,,,2020-08-06,False,5,Lake View
4510,35,STOP SIGN/FLASHER,FUNCTIONING PROPERLY,CLEAR,"DARKNESS, LIGHTED ROAD",PEDALCYCLIST,NOT DIVIDED,STRAIGHT AND LEVEL,DRY,UNKNOWN,Y,UNABLE TO DETERMINE,UNABLE TO DETERMINE,,NONINCAPACITATING INJURY,21,8,41.9979857257,-87.6812985704,2020,35,POINT (-87.6812985704 41.9979857257),,,,,2020-08-06,False,0,Rogers Park
4511,30,NO CONTROLS,NO CONTROLS,CLEAR,"DARKNESS, LIGHTED ROAD",PEDALCYCLIST,T-INTERSECTION,STRAIGHT AND LEVEL,DRY,NO DEFECTS,Y,FAILING TO YIELD RIGHT-OF-WAY,"OPERATING VEHICLE IN ERRATIC, RECKLESS, CARELESS, NEGLIGENT OR AGGRESSIVE MANNER",,NO INDICATION OF INJURY,22,8,41.8775839432,-87.6778325683,2020,30,POINT (-87.6778325683 41.8775839432),,,,,2020-08-06,False,27,Near West Side
4512,30,TRAFFIC SIGNAL,FUNCTIONING PROPERLY,CLEAR,"DARKNESS, LIGHTED ROAD",PEDALCYCLIST,CENTER TURN LANE,STRAIGHT AND LEVEL,DRY,UNKNOWN,,FAILING TO YIELD RIGHT-OF-WAY,NOT APPLICABLE,,NONINCAPACITATING INJURY,0,8,41.9248712432,-87.7024366591,2020,30,POINT (-87.7024366591 41.9248712432),,,,,2020-08-07,False,21,Logan Square
4513,30,NO CONTROLS,NO CONTROLS,CLEAR,DAYLIGHT,PEDALCYCLIST,NOT DIVIDED,STRAIGHT AND LEVEL,DRY,NO DEFECTS,,NOT APPLICABLE,NOT APPLICABLE,,"REPORTED, NOT EVIDENT",6,8,41.7438942929,-87.6039615651,2020,30,POINT (-87.6039615651 41.7438942929),,,,,2020-08-07,False,43,Chatham
4514,30,TRAFFIC SIGNAL,FUNCTIONING PROPERLY,CLEAR,DAYLIGHT,PEDALCYCLIST,DIVIDED - W/MEDIAN BARRIER,STRAIGHT AND LEVEL,DRY,UNKNOWN,,FAILING TO YIELD RIGHT-OF-WAY,IMPROPER TURNING/NO SIGNAL,,NO INDICATION OF INJURY,12,8,41.8899076085,-87.6366077184,2020,30,POINT (-87.6366077184 41.8899076085),,,,,2020-08-07,False,7,Near North Side
4515,35,TRAFFIC SIGNAL,FUNCTIONING PROPERLY,CLEAR,DAYLIGHT,PEDALCYCLIST,NOT DIVIDED,STRAIGHT ON GRADE,DRY,NO DEFECTS,Y,"OPERATING VEHICLE IN ERRATIC, RECKLESS, CARELESS, NEGLIGENT OR AGGRESSIVE MANNER",NOT APPLICABLE,,INCAPACITATING INJURY,13,8,41.9535389371,-87.7275531608,2020,35,POINT (-87.7275531608 41.9535389371),,,,,2020-08-07,True,15,Irving Park
4516,30,NO CONTROLS,NO CONTROLS,CLEAR,DAYLIGHT,PEDALCYCLIST,NOT DIVIDED,STRAIGHT AND LEVEL,DRY,NO DEFECTS,,UNABLE TO DETERMINE,NOT APPLICABLE,,NONINCAPACITATING INJURY,15,8,41.8579085011,-87.6286169705,2020,30,POINT (-87.6286169705 41.8579085011),,,,,2020-08-07,False,32,Near South Side
4517,30,NO CONTROLS,NO CONTROLS,CLEAR,DAYLIGHT,PEDALCYCLIST,ONE-WAY,STRAIGHT AND LEVEL,DRY,NO DEFECTS,,UNABLE TO DETERMINE,NOT APPLICABLE,Y,NONINCAPACITATING INJURY,17,8,41.8321232799,-87.6435557328,2020,30,POINT (-87.6435557328 41.8321232799),,,,,2020-08-07,False,33,Armour Square
4518,30,NO CONTROLS,NO CONTROLS,CLEAR,DAYLIGHT,PEDALCYCLIST,ALLEY,STRAIGHT AND LEVEL,DRY,NO DEFECTS,N,FAILING TO YIELD RIGHT-OF-WAY,NOT APPLICABLE,N,NONINCAPACITATING INJURY,18,8,41.6772141061,-87.6369276205,2020,30,POINT (-87.6369276205 41.6772141061),,,,,2020-08-07,False,52,West Pullman
4519,30,NO CONTROLS,NO CONTROLS,CLEAR,DAYLIGHT,PEDALCYCLIST,NOT DIVIDED,STRAIGHT AND LEVEL,DRY,UNKNOWN,,UNABLE TO DETERMINE,NOT APPLICABLE,Y,"REPORTED, NOT EVIDENT",18,8,41.9058408783,-87.6705973551,2020,30,POINT (-87.6705973551 41.9058408783),,,,,2020-08-07,False,23,West Town
4520,35,NO CONTROLS,NO CONTROLS,CLEAR,"DARKNESS, LIGHTED ROAD",PEDALCYCLIST,NOT DIVIDED,STRAIGHT AND LEVEL,DRY,NO DEFECTS,,UNABLE TO DETERMINE,NOT APPLICABLE,,NONINCAPACITATING INJURY,20,8,41.6922694223,-87.6588212845,2020,35,POINT (-87.6588212845 41.6922694223),,,,,2020-08-07,False,74,Morgan Park
4521,30,STOP SIGN/FLASHER,OTHER,CLEAR,DAYLIGHT,PEDALCYCLIST,ONE-WAY,STRAIGHT AND LEVEL,DRY,UNKNOWN,,FAILING TO YIELD RIGHT-OF-WAY,UNABLE TO DETERMINE,,"REPORTED, NOT EVIDENT",20,8,41.9958028199,-87.6897590583,2020,30,POINT (-87.6897590583 41.9958028199),,,,,2020-08-07,False,1,West Ridge
4522,35,NO CONTROLS,NO CONTROLS,CLEAR,DUSK,PEDALCYCLIST,DIVIDED - W/MEDIAN (NOT RAISED),STRAIGHT AND LEVEL,DRY,NO DEFECTS,,UNABLE TO DETERMINE,NOT APPLICABLE,,INCAPACITATING INJURY,20,8,41.9329441083,-87.7566240566,2020,35,POINT (-87.7566240566 41.9329441083),,,,,2020-08-07,True,18,Belmont Cragin
4523,35,STOP SIGN/FLASHER,FUNCTIONING PROPERLY,CLEAR,DUSK,PEDALCYCLIST,NOT DIVIDED,STRAIGHT AND LEVEL,DRY,UNKNOWN,Y,FAILING TO REDUCE SPEED TO AVOID CRASH,FAILING TO REDUCE SPEED TO AVOID CRASH,,NONINCAPACITATING INJURY,20,8,42.0146822539,-87.6783821082,2020,35,POINT (-87.6783821082 42.0146822539),,,,,2020-08-07,False,0,Rogers Park
4524,30,NO CONTROLS,NO CONTROLS,CLEAR,"DARKNESS, LIGHTED ROAD",PEDALCYCLIST,PARKING LOT,STRAIGHT AND LEVEL,DRY,NO DEFECTS,,FAILING TO YIELD RIGHT-OF-WAY,NOT APPLICABLE,,NONINCAPACITATING INJURY,20,8,41.7492940125,-87.7238522903,2020,30,POINT (-87.7238522903 41.7492940125),,,,,2020-08-07,False,69,Ashburn
4525,30,TRAFFIC SIGNAL,FUNCTIONING PROPERLY,CLEAR,DAYLIGHT,PEDALCYCLIST,NOT DIVIDED,STRAIGHT AND LEVEL,DRY,NO DEFECTS,,UNABLE TO DETERMINE,UNABLE TO DETERMINE,,INCAPACITATING INJURY,7,8,41.9756466314,-87.7278108258,2020,30,POINT (-87.7278108258 41.9756466314),,,,,2020-08-08,True,11,Forest Glen
4526,30,STOP SIGN/FLASHER,FUNCTIONING PROPERLY,CLEAR,DAYLIGHT,PEDALCYCLIST,NOT DIVIDED,STRAIGHT AND LEVEL,UNKNOWN,UNKNOWN,Y,IMPROPER OVERTAKING/PASSING,IMPROPER OVERTAKING/PASSING,,NONINCAPACITATING INJURY,16,8,41.9649451033,-87.6912992682,2020,30,POINT (-87.6912992682 41.9649451033),,,,,2020-08-08,False,3,Lincoln Square
4527,30,STOP SIGN/FLASHER,FUNCTIONING IMPROPERLY,CLEAR,DUSK,PEDALCYCLIST,FOUR WAY,STRAIGHT AND LEVEL,DRY,NO DEFECTS,Y,FAILING TO YIELD RIGHT-OF-WAY,NOT APPLICABLE,,INCAPACITATING INJURY,17,8,41.9419603129,-87.7022746934,2020,30,POINT (-87.7022746934 41.9419603129),,,,,2020-08-08,True,15,Irving Park
4528,25,NO CONTROLS,NO CONTROLS,CLEAR,DAYLIGHT,PEDALCYCLIST,NOT DIVIDED,STRAIGHT AND LEVEL,DRY,NO DEFECTS,,FAILING TO YIELD RIGHT-OF-WAY,UNABLE TO DETERMINE,N,NONINCAPACITATING INJURY,17,8,41.9412412933,-87.816698115,2020,25,POINT (-87.816698115 41.9412412933),,,,,2020-08-08,False,16,Dunning
4529,35,STOP SIGN/FLASHER,FUNCTIONING PROPERLY,CLEAR,DAYLIGHT,PEDALCYCLIST,T-INTERSECTION,STRAIGHT AND LEVEL,DRY,NO DEFECTS,Y,DISREGARDING STOP SIGN,NOT APPLICABLE,,NONINCAPACITATING INJURY,19,8,41.7687116971,-87.6455777807,2020,35,POINT (-87.6455777807 41.7687116971),,,,,2020-08-08,False,67,Englewood
4530,30,STOP SIGN/FLASHER,FUNCTIONING PROPERLY,CLEAR,"DARKNESS, LIGHTED ROAD",PEDALCYCLIST,T-INTERSECTION,STRAIGHT AND LEVEL,DRY,NO DEFECTS,Y,FAILING TO YIELD RIGHT-OF-WAY,NOT APPLICABLE,,NONINCAPACITATING INJURY,20,8,41.9646600331,-87.7023855136,2020,30,POINT (-87.7023855136 41.9646600331),,,,,2020-08-08,False,3,Lincoln Square
4531,25,STOP SIGN/FLASHER,FUNCTIONING PROPERLY,CLEAR,"DARKNESS, LIGHTED ROAD",PEDALCYCLIST,DIVIDED - W/MEDIAN BARRIER,STRAIGHT AND LEVEL,DRY,NO DEFECTS,Y,UNABLE TO DETERMINE,UNABLE TO DETERMINE,,NONINCAPACITATING INJURY,20,8,41.8878361768,-87.7576387367,2020,25,POINT (-87.7576387367 41.8878361768),,,,,2020-08-08,False,24,Austin
4532,30,NO CONTROLS,NO CONTROLS,CLEAR,DAYLIGHT,PEDALCYCLIST,NOT DIVIDED,STRAIGHT AND LEVEL,DRY,NO DEFECTS,,DRIVING SKILLS/KNOWLEDGE/EXPERIENCE,NOT APPLICABLE,,NONINCAPACITATING INJURY,12,8,41.9614624368,-87.670677349,2020,30,POINT (-87.670677349 41.9614624368),,,,,2020-08-09,False,2,Uptown
4533,30,UNKNOWN,UNKNOWN,UNKNOWN,UNKNOWN,PEDALCYCLIST,DRIVEWAY,STRAIGHT AND LEVEL,UNKNOWN,UNKNOWN,,UNABLE TO DETERMINE,UNABLE TO DETERMINE,,NONINCAPACITATING INJURY,13,8,41.721104307,-87.6770757497,2020,30,POINT (-87.6770757497 41.721104307),,,,,2020-08-09,False,71,Beverly
4534,30,NO CONTROLS,NO CONTROLS,CLEAR,DAYLIGHT,PEDALCYCLIST,NOT DIVIDED,STRAIGHT AND LEVEL,DRY,NO DEFECTS,,"EVASIVE ACTION DUE TO ANIMAL, OBJECT, NONMOTORIST",UNABLE TO DETERMINE,,NONINCAPACITATING INJURY,15,8,41.9179380112,-87.6573018962,2020,30,POINT (-87.6573018962 41.9179380112),,,,,2020-08-09,False,6,Lincoln Park
4535,30,TRAFFIC SIGNAL,FUNCTIONING PROPERLY,CLEAR,DAYLIGHT,PEDALCYCLIST,NOT DIVIDED,STRAIGHT AND LEVEL,DRY,NO DEFECTS,Y,UNABLE TO DETERMINE,UNABLE TO DETERMINE,,NO INDICATION OF INJURY,15,8,41.899172824,-87.6968513176,2020,30,POINT (-87.6968513176 41.899172824),,,,,2020-08-09,False,22,Humboldt Park
4536,30,NO CONTROLS,NO CONTROLS,CLEAR,DAYLIGHT,PEDALCYCLIST,NOT DIVIDED,STRAIGHT AND LEVEL,DRY,NO DEFECTS,Y,UNABLE TO DETERMINE,UNABLE TO DETERMINE,,NONINCAPACITATING INJURY,16,8,41.9703927079,-87.7781393174,2020,30,POINT (-87.7781393174 41.9703927079),,,,,2020-08-09,False,10,Jefferson Park
4537,30,TRAFFIC SIGNAL,FUNCTIONING PROPERLY,CLEAR,DAYLIGHT,PEDALCYCLIST,ONE-WAY,STRAIGHT AND LEVEL,DRY,NO DEFECTS,Y,FAILING TO YIELD RIGHT-OF-WAY,DRIVING SKILLS/KNOWLEDGE/EXPERIENCE,,NO INDICATION OF INJURY,7,8,41.8917131601,-87.6326589004,2020,30,POINT (-87.6326589004 41.8917131601),,,,,2020-08-10,False,7,Near North Side
4538,35,TRAFFIC SIGNAL,FUNCTIONING PROPERLY,CLEAR,DAYLIGHT,PEDALCYCLIST,FOUR WAY,STRAIGHT AND LEVEL,DRY,NO DEFECTS,,UNABLE TO DETERMINE,UNABLE TO DETERMINE,,NONINCAPACITATING INJURY,11,8,41.8801009025,-87.6669018188,2020,35,POINT (-87.6669018188 41.8801009025),,,,,2020-08-10,False,27,Near West Side
4539,30,TRAFFIC SIGNAL,FUNCTIONING PROPERLY,CLEAR,DAYLIGHT,PEDALCYCLIST,DIVIDED - W/MEDIAN (NOT RAISED),STRAIGHT AND LEVEL,DRY,NO DEFECTS,Y,FAILING TO YIELD RIGHT-OF-WAY,NOT APPLICABLE,N,NONINCAPACITATING INJURY,12,8,41.7921560521,-87.7868344579,2020,30,POINT (-87.7868344579 41.7921560521),,,,,2020-08-10,False,55,Garfield Ridge
4540,30,STOP SIGN/FLASHER,FUNCTIONING PROPERLY,CLEAR,DAYLIGHT,PEDALCYCLIST,FOUR WAY,STRAIGHT AND LEVEL,DRY,NO DEFECTS,Y,FAILING TO YIELD RIGHT-OF-WAY,DRIVING SKILLS/KNOWLEDGE/EXPERIENCE,,NONINCAPACITATING INJURY,14,8,41.9938708263,-87.7178068217,2020,30,POINT (-87.7178068217 41.9938708263),,,,,2020-08-10,False,12,North Park
4541,30,TRAFFIC SIGNAL,FUNCTIONING PROPERLY,CLEAR,DAYLIGHT,PEDALCYCLIST,NOT DIVIDED,STRAIGHT AND LEVEL,DRY,NO DEFECTS,Y,FAILING TO YIELD RIGHT-OF-WAY,UNABLE TO DETERMINE,,NO INDICATION OF INJURY,8,8,41.8399973973,-87.6611027146,2020,30,POINT (-87.6611027146 41.8399973973),,,,,2020-08-11,False,30,Lower West Side
4542,30,TRAFFIC SIGNAL,FUNCTIONING PROPERLY,CLEAR,DAYLIGHT,PEDALCYCLIST,NOT DIVIDED,STRAIGHT AND LEVEL,DRY,NO DEFECTS,,FAILING TO YIELD RIGHT-OF-WAY,FAILING TO YIELD RIGHT-OF-WAY,,"REPORTED, NOT EVIDENT",13,8,41.9537607249,-87.7274017476,2020,30,POINT (-87.7274017476 41.9537607249),,,,,2020-08-11,False,15,Irving Park
4543,30,NO CONTROLS,NO CONTROLS,CLEAR,DAYLIGHT,PEDALCYCLIST,NOT DIVIDED,STRAIGHT AND LEVEL,DRY,NO DEFECTS,,FAILING TO YIELD RIGHT-OF-WAY,NOT APPLICABLE,,NONINCAPACITATING INJURY,16,8,41.6919364229,-87.5304517518,2020,30,POINT (-87.5304517518 41.6919364229),,,,,2020-08-11,False,51,East Side
4544,30,NO CONTROLS,NO CONTROLS,CLEAR,DAYLIGHT,PEDALCYCLIST,NOT DIVIDED,STRAIGHT AND LEVEL,DRY,NO DEFECTS,Y,FAILING TO YIELD RIGHT-OF-WAY,"OPERATING VEHICLE IN ERRATIC, RECKLESS, CARELESS, NEGLIGENT OR AGGRESSIVE MANNER",,NONINCAPACITATING INJURY,17,8,41.962214014,-87.7708213752,2020,30,POINT (-87.7708213752 41.962214014),,,,,2020-08-11,False,14,Portage Park
4545,30,NO CONTROLS,OTHER,CLEAR,DAYLIGHT,PEDALCYCLIST,NOT DIVIDED,STRAIGHT AND LEVEL,DRY,NO DEFECTS,Y,DRIVING ON WRONG SIDE/WRONG WAY,DRIVING SKILLS/KNOWLEDGE/EXPERIENCE,,NONINCAPACITATING INJURY,19,8,41.948361485,-87.818229932,2020,30,POINT (-87.818229932 41.948361485),,,,,2020-08-11,False,16,Dunning