Unnamed: 0,POSTED_SPEED_LIMIT,TRAFFIC_CONTROL_DEVICE,DEVICE_CONDITION,WEATHER_CONDITION,LIGHTING_CONDITION,FIRST_CRASH_TYPE,TRAFFICWAY_TYPE,ALIGNMENT,ROADWAY_SURFACE_COND,ROAD_DEFECT,INTERSECTION_RELATED_I,PRIM_CONTRIBUTORY_CAUSE,SEC_CONTRIBUTORY_CAUSE,DOORING_I,MOST_SEVERE_INJURY,CRASH_HOUR,CRASH_MONTH,LATITUDE,LONGITUDE,CRASH_YEAR,SPEED_LIMIT,geometry,DISPLAYROU,the_geom,DIST,LANE_TYPE,CRASH_DATE,is_severe,index_right,CArea
4546,30,TRAFFIC SIGNAL,FUNCTIONING PROPERLY,CLEAR,"DARKNESS, LIGHTED ROAD",PEDALCYCLIST,NOT DIVIDED,STRAIGHT AND LEVEL,DRY,NO DEFECTS,Y,NOT APPLICABLE,UNABLE TO DETERMINE,Y,INCAPACITATING INJURY,19,8,41.8589782539,-87.725015761,2020,30,POINT (-87.725015761 41.8589782539),,,,,2020-08-11,True,28,North Lawndale
4547,35,TRAFFIC SIGNAL,UNKNOWN,CLEAR,"DARKNESS, LIGHTED ROAD",PEDALCYCLIST,FOUR WAY,STRAIGHT AND LEVEL,DRY,UNKNOWN,Y,UNABLE TO DETERMINE,NOT APPLICABLE,,"REPORTED, NOT EVIDENT",21,8,41.8372770504,-87.6951722465,2020,35,POINT (-87.6951722465 41.8372770504),,,,,2020-08-11,False,29,South Lawndale
4548,30,NO CONTROLS,NO CONTROLS,CLEAR,"DARKNESS, LIGHTED ROAD",PEDALCYCLIST,DIVIDED - W/MEDIAN (NOT RAISED),STRAIGHT AND LEVEL,DRY,NO DEFECTS,,FAILING TO YIELD RIGHT-OF-WAY,IMPROPER OVERTAKING/PASSING,,NONINCAPACITATING INJURY,23,8,41.9346504576,-87.6392123827,2020,30,POINT (-87.6392123827 41.9346504576),,,,,2020-08-11,False,5,Lake View
4549,30,NO CONTROLS,NO CONTROLS,CLEAR,DAWN,PEDALCYCLIST,FOUR WAY,STRAIGHT AND LEVEL,DRY,NO DEFECTS,Y,UNABLE TO DETERMINE,UNABLE TO DETERMINE,,NONINCAPACITATING INJURY,7,8,41.9691153685,-87.6609799919,2020,30,POINT (-87.6609799919 41.9691153685),,,,,2020-08-12,False,2,Uptown
4550,30,NO CONTROLS,NO CONTROLS,CLEAR,DAYLIGHT,PEDALCYCLIST,PARKING LOT,STRAIGHT AND LEVEL,WET,NO DEFECTS,,UNABLE TO DETERMINE,UNABLE TO DETERMINE,,"REPORTED, NOT EVIDENT",7,8,41.8667455891,-87.6691182472,2020,30,POINT (-87.6691182472 41.8667455891),,,,,2020-08-12,False,27,Near West Side
4551,25,STOP SIGN/FLASHER,FUNCTIONING PROPERLY,CLEAR,DAYLIGHT,PEDALCYCLIST,NOT DIVIDED,STRAIGHT AND LEVEL,DRY,NO DEFECTS,,UNABLE TO DETERMINE,NOT APPLICABLE,,NO INDICATION OF INJURY,11,8,41.7267831914,-87.6627721814,2020,25,POINT (-87.6627721814 41.7267831914),,,,,2020-08-12,False,71,Beverly
4552,30,NO CONTROLS,UNKNOWN,CLEAR,DAYLIGHT,PEDALCYCLIST,DIVIDED - W/MEDIAN (NOT RAISED),STRAIGHT AND LEVEL,DRY,NO DEFECTS,,UNABLE TO DETERMINE,UNABLE TO DETERMINE,,NONINCAPACITATING INJURY,12,8,41.8077115739,-87.7434127294,2020,30,POINT (-87.7434127294 41.8077115739),,,,,2020-08-12,False,55,Garfield Ridge
4553,30,NO CONTROLS,NO CONTROLS,CLEAR,DAYLIGHT,PEDALCYCLIST,NOT DIVIDED,STRAIGHT AND LEVEL,DRY,NO DEFECTS,,IMPROPER TURNING/NO SIGNAL,NOT APPLICABLE,,NONINCAPACITATING INJURY,14,8,41.9145247816,-87.6840901427,2020,30,POINT (-87.6840901427 41.9145247816),,,,,2020-08-12,False,21,Logan Square
4554,30,STOP SIGN/FLASHER,FUNCTIONING PROPERLY,CLEAR,DAYLIGHT,PEDALCYCLIST,ONE-WAY,STRAIGHT AND LEVEL,DRY,UNKNOWN,,FAILING TO YIELD RIGHT-OF-WAY,UNABLE TO DETERMINE,,NONINCAPACITATING INJURY,15,8,41.9923065332,-87.6959548291,2020,30,POINT (-87.6959548291 41.9923065332),,,,,2020-08-12,False,1,West Ridge
4555,30,TRAFFIC SIGNAL,FUNCTIONING PROPERLY,CLEAR,DAYLIGHT,PEDALCYCLIST,DIVIDED - W/MEDIAN (NOT RAISED),STRAIGHT AND LEVEL,DRY,NO DEFECTS,,NOT APPLICABLE,FAILING TO YIELD RIGHT-OF-WAY,,NONINCAPACITATING INJURY,16,8,41.8691754848,-87.6650663241,2020,30,POINT (-87.6650663241 41.8691754848),,,,,2020-08-12,False,27,Near West Side
4556,30,NO CONTROLS,NO CONTROLS,CLEAR,DAYLIGHT,PEDALCYCLIST,NOT DIVIDED,STRAIGHT AND LEVEL,DRY,WORN SURFACE,,NOT APPLICABLE,NOT APPLICABLE,Y,NONINCAPACITATING INJURY,18,8,41.956372858,-87.6544508658,2020,30,POINT (-87.6544508658 41.956372858),,,,,2020-08-12,False,2,Uptown
4557,30,NO CONTROLS,NO CONTROLS,CLEAR,DAYLIGHT,PEDALCYCLIST,NOT DIVIDED,STRAIGHT AND LEVEL,DRY,NO DEFECTS,,FAILING TO YIELD RIGHT-OF-WAY,NOT APPLICABLE,Y,NONINCAPACITATING INJURY,18,8,41.9433029258,-87.6713551531,2020,30,POINT (-87.6713551531 41.9433029258),,,,,2020-08-12,False,5,Lake View
4558,30,TRAFFIC SIGNAL,FUNCTIONING PROPERLY,CLEAR,DAYLIGHT,PEDALCYCLIST,FOUR WAY,STRAIGHT AND LEVEL,DRY,NO DEFECTS,,DISREGARDING TRAFFIC SIGNALS,UNABLE TO DETERMINE,,NONINCAPACITATING INJURY,19,8,41.903082422,-87.6771935504,2020,30,POINT (-87.6771935504 41.903082422),,,,,2020-08-12,False,23,West Town
4559,30,NO CONTROLS,NO CONTROLS,CLEAR,DAYLIGHT,PEDALCYCLIST,NOT DIVIDED,STRAIGHT AND LEVEL,DRY,NO DEFECTS,,UNABLE TO DETERMINE,UNABLE TO DETERMINE,N,NONINCAPACITATING INJURY,19,8,41.897073608,-87.7555056593,2020,30,POINT (-87.7555056593 41.897073608),,,,,2020-08-12,False,24,Austin
4560,30,TRAFFIC SIGNAL,FUNCTIONING PROPERLY,CLEAR,DAWN,PEDALCYCLIST,NOT REPORTED,STRAIGHT AND LEVEL,DRY,NO DEFECTS,Y,"OPERATING VEHICLE IN ERRATIC, RECKLESS, CARELESS, NEGLIGENT OR AGGRESSIVE MANNER",UNABLE TO DETERMINE,,NONINCAPACITATING INJURY,5,8,41.8744535526,-87.6472237872,2020,30,POINT (-87.6472237872 41.8744535526),,,,,2020-08-13,False,27,Near West Side
4561,30,TRAFFIC SIGNAL,FUNCTIONING PROPERLY,CLEAR,DAYLIGHT,PEDALCYCLIST,NOT DIVIDED,STRAIGHT AND LEVEL,DRY,NO DEFECTS,Y,FAILING TO YIELD RIGHT-OF-WAY,FAILING TO YIELD RIGHT-OF-WAY,,NONINCAPACITATING INJURY,7,8,41.9682677087,-87.7278812305,2020,30,POINT (-87.7278812305 41.9682677087),,,,,2020-08-13,False,11,Forest Glen
4562,20,OTHER,OTHER,CLEAR,DAYLIGHT,PEDALCYCLIST,ONE-WAY,STRAIGHT AND LEVEL,DRY,OTHER,,DRIVING SKILLS/KNOWLEDGE/EXPERIENCE,DRIVING SKILLS/KNOWLEDGE/EXPERIENCE,Y,NONINCAPACITATING INJURY,13,8,41.9646283316,-87.7650735534,2020,20,POINT (-87.7650735534 41.9646283316),,,,,2020-08-13,False,14,Portage Park
4563,30,NO CONTROLS,NO CONTROLS,CLEAR,DAYLIGHT,PEDALCYCLIST,DIVIDED - W/MEDIAN (NOT RAISED),STRAIGHT AND LEVEL,DRY,NO DEFECTS,,IMPROPER OVERTAKING/PASSING,IMPROPER LANE USAGE,,INCAPACITATING INJURY,14,8,41.8964946998,-87.6487312745,2020,30,POINT (-87.6487312745 41.8964946998),,,,,2020-08-13,True,7,Near North Side
4564,15,TRAFFIC SIGNAL,FUNCTIONING PROPERLY,CLEAR,DAYLIGHT,PEDALCYCLIST,NOT DIVIDED,STRAIGHT AND LEVEL,DRY,NO DEFECTS,,UNABLE TO DETERMINE,NOT APPLICABLE,,"REPORTED, NOT EVIDENT",17,8,41.9329417047,-87.6448282945,2020,15,POINT (-87.6448282945 41.9329417047),,,,,2020-08-13,False,5,Lake View
4565,35,NO CONTROLS,NO CONTROLS,CLEAR,DAYLIGHT,PEDALCYCLIST,FOUR WAY,STRAIGHT AND LEVEL,DRY,NO DEFECTS,Y,UNABLE TO DETERMINE,UNABLE TO DETERMINE,,NONINCAPACITATING INJURY,18,8,41.9109703869,-87.640953134,2020,35,POINT (-87.640953134 41.9109703869),,,,,2020-08-13,False,6,Lincoln Park
4566,30,TRAFFIC SIGNAL,FUNCTIONING PROPERLY,CLEAR,"DARKNESS, LIGHTED ROAD",PEDALCYCLIST,NOT DIVIDED,STRAIGHT AND LEVEL,UNKNOWN,NO DEFECTS,Y,FAILING TO YIELD RIGHT-OF-WAY,NOT APPLICABLE,,NO INDICATION OF INJURY,20,8,41.8593205088,-87.685685833,2020,30,POINT (-87.685685833 41.8593205088),,,,,2020-08-13,False,27,Near West Side
4567,30,STOP SIGN/FLASHER,FUNCTIONING PROPERLY,CLEAR,DAYLIGHT,PEDALCYCLIST,FOUR WAY,STRAIGHT AND LEVEL,DRY,NO DEFECTS,Y,PHYSICAL CONDITION OF DRIVER,NOT APPLICABLE,,INCAPACITATING INJURY,9,8,41.7246900313,-87.5537676344,2020,30,POINT (-87.5537676344 41.7246900313),,,,,2020-08-14,True,45,South Chicago
4568,25,TRAFFIC SIGNAL,FUNCTIONING PROPERLY,CLEAR,DAYLIGHT,PEDALCYCLIST,NOT DIVIDED,STRAIGHT AND LEVEL,DRY,NO DEFECTS,,IMPROPER TURNING/NO SIGNAL,NOT APPLICABLE,,"REPORTED, NOT EVIDENT",9,8,41.9104509445,-87.6726351871,2020,25,POINT (-87.6726351871 41.9104509445),,,,,2020-08-14,False,23,West Town
4569,30,NO CONTROLS,NO CONTROLS,CLEAR,DAYLIGHT,PEDALCYCLIST,ONE-WAY,STRAIGHT AND LEVEL,DRY,NO DEFECTS,,IMPROPER TURNING/NO SIGNAL,IMPROPER LANE USAGE,,NONINCAPACITATING INJURY,13,8,41.9311857146,-87.7516409035,2020,30,POINT (-87.7516409035 41.9311857146),,,,,2020-08-14,False,18,Belmont Cragin
4570,30,TRAFFIC SIGNAL,FUNCTIONING PROPERLY,CLEAR,DAYLIGHT,PEDALCYCLIST,FOUR WAY,STRAIGHT AND LEVEL,DRY,NO DEFECTS,,IMPROPER OVERTAKING/PASSING,FOLLOWING TOO CLOSELY,,NONINCAPACITATING INJURY,14,8,41.7362261216,-87.6292603119,2020,30,POINT (-87.6292603119 41.7362261216),,,,,2020-08-14,False,43,Chatham
4571,30,TRAFFIC SIGNAL,FUNCTIONING PROPERLY,CLEAR,DAYLIGHT,PEDALCYCLIST,FOUR WAY,STRAIGHT AND LEVEL,DRY,NO DEFECTS,Y,"OPERATING VEHICLE IN ERRATIC, RECKLESS, CARELESS, NEGLIGENT OR AGGRESSIVE MANNER",FAILING TO YIELD RIGHT-OF-WAY,,INCAPACITATING INJURY,14,8,41.8673024412,-87.6275176117,2020,30,POINT (-87.6275176117 41.8673024412),,,,,2020-08-14,True,32,Near South Side
4572,30,TRAFFIC SIGNAL,FUNCTIONING PROPERLY,CLEAR,DAYLIGHT,PEDALCYCLIST,NOT DIVIDED,STRAIGHT AND LEVEL,UNKNOWN,UNKNOWN,,IMPROPER OVERTAKING/PASSING,DRIVING SKILLS/KNOWLEDGE/EXPERIENCE,,NONINCAPACITATING INJURY,18,8,41.9468802328,-87.6689163266,2020,30,POINT (-87.6689163266 41.9468802328),,,,,2020-08-14,False,5,Lake View
4573,25,STOP SIGN/FLASHER,FUNCTIONING PROPERLY,CLEAR,DAYLIGHT,PEDALCYCLIST,NOT DIVIDED,STRAIGHT AND LEVEL,DRY,NO DEFECTS,Y,FAILING TO YIELD RIGHT-OF-WAY,DISREGARDING STOP SIGN,,INCAPACITATING INJURY,18,8,41.9336035354,-87.7369291211,2020,25,POINT (-87.7369291211 41.9336035354),,,,,2020-08-14,True,19,Hermosa
4574,30,UNKNOWN,UNKNOWN,CLEAR,DUSK,PEDALCYCLIST,NOT DIVIDED,STRAIGHT AND LEVEL,DRY,UNKNOWN,,UNABLE TO DETERMINE,UNABLE TO DETERMINE,Y,"REPORTED, NOT EVIDENT",19,8,41.9110089265,-87.6786651359,2020,30,POINT (-87.6786651359 41.9110089265),,,,,2020-08-14,False,6,Lincoln Park
4575,30,STOP SIGN/FLASHER,FUNCTIONING PROPERLY,CLEAR,DAYLIGHT,PEDALCYCLIST,NOT DIVIDED,STRAIGHT AND LEVEL,DRY,UNKNOWN,,UNABLE TO DETERMINE,UNABLE TO DETERMINE,,NO INDICATION OF INJURY,19,8,41.8362262232,-87.6390721486,2020,30,POINT (-87.6390721486 41.8362262232),,,,,2020-08-14,False,30,Lower West Side
4576,30,TRAFFIC SIGNAL,FUNCTIONING PROPERLY,CLEAR,"DARKNESS, LIGHTED ROAD",PEDALCYCLIST,CENTER TURN LANE,STRAIGHT AND LEVEL,DRY,NO DEFECTS,Y,FAILING TO YIELD RIGHT-OF-WAY,UNABLE TO DETERMINE,,NO INDICATION OF INJURY,23,8,41.9255403154,-87.6489121555,2020,30,POINT (-87.6489121555 41.9255403154),,,,,2020-08-14,False,6,Lincoln Park
4577,30,STOP SIGN/FLASHER,FUNCTIONING PROPERLY,CLEAR,DAYLIGHT,PEDALCYCLIST,FOUR WAY,STRAIGHT AND LEVEL,DRY,NO DEFECTS,,UNABLE TO DETERMINE,UNABLE TO DETERMINE,,NO INDICATION OF INJURY,10,8,41.7299694771,-87.6821963856,2020,30,POINT (-87.6821963856 41.7299694771),,,,,2020-08-15,False,71,Beverly
4578,30,STOP SIGN/FLASHER,FUNCTIONING PROPERLY,CLEAR,DAYLIGHT,PEDALCYCLIST,NOT DIVIDED,STRAIGHT AND LEVEL,DRY,NO DEFECTS,Y,DISREGARDING STOP SIGN,NOT APPLICABLE,,NONINCAPACITATING INJURY,12,8,41.9649451033,-87.6912992682,2020,30,POINT (-87.6912992682 41.9649451033),,,,,2020-08-15,False,3,Lincoln Square
4579,30,NO CONTROLS,NO CONTROLS,CLEAR,DAYLIGHT,PEDALCYCLIST,DIVIDED - W/MEDIAN BARRIER,STRAIGHT AND LEVEL,DRY,NO DEFECTS,Y,FAILING TO YIELD RIGHT-OF-WAY,DRIVING SKILLS/KNOWLEDGE/EXPERIENCE,,NONINCAPACITATING INJURY,18,8,41.9539560709,-87.684886142,2020,30,POINT (-87.684886142 41.9539560709),,,,,2020-08-15,False,4,North Center
4580,30,NO CONTROLS,NO CONTROLS,CLEAR,"DARKNESS, LIGHTED ROAD",PEDALCYCLIST,NOT DIVIDED,STRAIGHT AND LEVEL,DRY,NO DEFECTS,,UNABLE TO DETERMINE,UNABLE TO DETERMINE,,NONINCAPACITATING INJURY,22,8,41.7596904441,-87.6548661877,2020,30,POINT (-87.6548661877 41.7596904441),,,,,2020-08-15,False,66,Englewood
4581,30,NO CONTROLS,NO CONTROLS,CLEAR,DAYLIGHT,PEDALCYCLIST,NOT DIVIDED,STRAIGHT AND LEVEL,DRY,NO DEFECTS,,IMPROPER OVERTAKING/PASSING,NOT APPLICABLE,,NONINCAPACITATING INJURY,12,8,41.9530069107,-87.6498100766,2020,30,POINT (-87.6498100766 41.9530069107),,,,,2020-08-16,False,5,Lake View
4582,30,NO CONTROLS,NO CONTROLS,CLEAR,DAYLIGHT,PEDALCYCLIST,NOT DIVIDED,STRAIGHT AND LEVEL,DRY,"RUT, HOLES",,UNABLE TO DETERMINE,UNABLE TO DETERMINE,,NONINCAPACITATING INJURY,15,8,41.9399661286,-87.6424576401,2020,30,POINT (-87.6424576401 41.9399661286),,,,,2020-08-16,False,5,Lake View
4583,30,NO CONTROLS,NO CONTROLS,CLEAR,DUSK,PEDALCYCLIST,ONE-WAY,STRAIGHT AND LEVEL,DRY,NO DEFECTS,,FAILING TO YIELD RIGHT-OF-WAY,UNABLE TO DETERMINE,,NONINCAPACITATING INJURY,18,8,41.9172122971,-87.7315109192,2020,30,POINT (-87.7315109192 41.9172122971),,,,,2020-08-16,False,19,Hermosa
4584,30,UNKNOWN,UNKNOWN,CLEAR,DUSK,PEDALCYCLIST,NOT DIVIDED,STRAIGHT AND LEVEL,DRY,UNKNOWN,,UNABLE TO DETERMINE,NOT APPLICABLE,,NONINCAPACITATING INJURY,20,8,41.9530561236,-87.7842371542,2020,30,POINT (-87.7842371542 41.9530561236),,,,,2020-08-16,False,14,Portage Park
4585,30,TRAFFIC SIGNAL,FUNCTIONING PROPERLY,CLEAR,DAYLIGHT,PEDALCYCLIST,ONE-WAY,STRAIGHT AND LEVEL,DRY,NO DEFECTS,,FOLLOWING TOO CLOSELY,NOT APPLICABLE,,NO INDICATION OF INJURY,9,8,41.8780008112,-87.6345197301,2020,30,POINT (-87.6345197301 41.8780008112),,,,,2020-08-17,False,27,Near West Side
4586,25,STOP SIGN/FLASHER,FUNCTIONING PROPERLY,CLEAR,DAYLIGHT,PEDALCYCLIST,FOUR WAY,STRAIGHT AND LEVEL,DRY,NO DEFECTS,Y,UNABLE TO DETERMINE,UNABLE TO DETERMINE,,"REPORTED, NOT EVIDENT",11,8,41.8458800783,-87.7310105393,2020,25,POINT (-87.7310105393 41.8458800783),,,,,2020-08-17,False,28,North Lawndale
4587,25,STOP SIGN/FLASHER,NO CONTROLS,CLEAR,DAYLIGHT,PEDALCYCLIST,ONE-WAY,STRAIGHT AND LEVEL,DRY,NO DEFECTS,Y,UNABLE TO DETERMINE,NOT APPLICABLE,,NONINCAPACITATING INJURY,14,8,41.9421629771,-87.7813435633,2020,25,POINT (-87.7813435633 41.9421629771),,,,,2020-08-17,False,14,Portage Park
4588,30,UNKNOWN,NO CONTROLS,CLEAR,DAYLIGHT,PEDALCYCLIST,NOT DIVIDED,STRAIGHT AND LEVEL,DRY,NO DEFECTS,,DRIVING SKILLS/KNOWLEDGE/EXPERIENCE,FAILING TO YIELD RIGHT-OF-WAY,,NO INDICATION OF INJURY,14,8,41.9038072355,-87.6343296015,2020,30,POINT (-87.6343296015 41.9038072355),,,,,2020-08-17,False,7,Near North Side
4589,30,TRAFFIC SIGNAL,FUNCTIONING PROPERLY,CLEAR,DAYLIGHT,PEDALCYCLIST,FOUR WAY,STRAIGHT AND LEVEL,DRY,NO DEFECTS,Y,FAILING TO YIELD RIGHT-OF-WAY,FAILING TO REDUCE SPEED TO AVOID CRASH,,NONINCAPACITATING INJURY,14,8,41.968704058,-87.6748180301,2020,30,POINT (-87.6748180301 41.968704058),,,,,2020-08-17,False,3,Lincoln Square
4590,30,TRAFFIC SIGNAL,FUNCTIONING PROPERLY,CLEAR,DUSK,PEDALCYCLIST,NOT DIVIDED,STRAIGHT AND LEVEL,DRY,NO DEFECTS,Y,FAILING TO YIELD RIGHT-OF-WAY,UNABLE TO DETERMINE,,NO INDICATION OF INJURY,19,8,41.8541207417,-87.6319579225,2020,30,POINT (-87.6319579225 41.8541207417),,,,,2020-08-17,False,32,Near South Side
4591,30,STOP SIGN/FLASHER,FUNCTIONING PROPERLY,CLEAR,"DARKNESS, LIGHTED ROAD",PEDALCYCLIST,NOT DIVIDED,STRAIGHT AND LEVEL,DRY,UNKNOWN,Y,DISREGARDING OTHER TRAFFIC SIGNS,DISREGARDING STOP SIGN,,NO INDICATION OF INJURY,4,8,41.9161822713,-87.6703413843,2020,30,POINT (-87.6703413843 41.9161822713),,,,,2020-08-18,False,6,Lincoln Park
4592,30,NO CONTROLS,NO CONTROLS,CLEAR,DAYLIGHT,PEDALCYCLIST,ALLEY,STRAIGHT AND LEVEL,DRY,NO DEFECTS,,UNABLE TO DETERMINE,UNABLE TO DETERMINE,,NO INDICATION OF INJURY,6,8,41.7873798062,-87.6179552072,2020,30,POINT (-87.6179552072 41.7873798062),,,,,2020-08-18,False,39,Washington Park
4593,25,STOP SIGN/FLASHER,FUNCTIONING PROPERLY,CLEAR,DAYLIGHT,PEDALCYCLIST,ONE-WAY,STRAIGHT AND LEVEL,DRY,NO DEFECTS,,UNABLE TO DETERMINE,NOT APPLICABLE,N,NO INDICATION OF INJURY,10,8,41.942456798,-87.7520463538,2020,25,POINT (-87.7520463538 41.942456798),,,,,2020-08-18,False,14,Portage Park
4594,30,STOP SIGN/FLASHER,FUNCTIONING PROPERLY,CLEAR,DAYLIGHT,PEDALCYCLIST,FOUR WAY,STRAIGHT AND LEVEL,DRY,NO DEFECTS,Y,UNABLE TO DETERMINE,UNABLE TO DETERMINE,,INCAPACITATING INJURY,13,8,41.8864622843,-87.7112913425,2020,30,POINT (-87.7112913425 41.8864622843),,,,,2020-08-18,True,26,Garfield Park
4595,30,STOP SIGN/FLASHER,FUNCTIONING PROPERLY,CLEAR,DAYLIGHT,PEDALCYCLIST,NOT DIVIDED,STRAIGHT AND LEVEL,DRY,SHOULDER DEFECT,Y,UNABLE TO DETERMINE,NOT APPLICABLE,,NONINCAPACITATING INJURY,14,8,41.7257751109,-87.5974475363,2020,30,POINT (-87.5974475363 41.7257751109),,,,,2020-08-18,False,43,Chatham
4596,30,TRAFFIC SIGNAL,FUNCTIONING PROPERLY,CLEAR,DAYLIGHT,PEDALCYCLIST,DIVIDED - W/MEDIAN (NOT RAISED),STRAIGHT AND LEVEL,DRY,NO DEFECTS,Y,UNABLE TO DETERMINE,UNABLE TO DETERMINE,,"REPORTED, NOT EVIDENT",15,8,41.8751052191,-87.6863070725,2020,30,POINT (-87.6863070725 41.8751052191),,,,,2020-08-18,False,27,Near West Side
4597,30,STOP SIGN/FLASHER,FUNCTIONING PROPERLY,CLEAR,DAYLIGHT,PEDALCYCLIST,NOT DIVIDED,STRAIGHT AND LEVEL,DRY,NO DEFECTS,Y,UNABLE TO DETERMINE,NOT APPLICABLE,,"REPORTED, NOT EVIDENT",15,8,41.7993278402,-87.6014502401,2020,30,POINT (-87.6014502401 41.7993278402),,,,,2020-08-18,False,40,Hyde Park
4598,30,TRAFFIC SIGNAL,FUNCTIONING PROPERLY,CLEAR,DAYLIGHT,PEDALCYCLIST,FOUR WAY,STRAIGHT AND LEVEL,DRY,NO DEFECTS,Y,UNABLE TO DETERMINE,NOT APPLICABLE,,NONINCAPACITATING INJURY,17,8,41.8985401302,-87.7656731849,2020,30,POINT (-87.7656731849 41.8985401302),,,,,2020-08-18,False,24,Austin
4599,30,STOP SIGN/FLASHER,FUNCTIONING PROPERLY,CLEAR,DAYLIGHT,PEDALCYCLIST,FOUR WAY,STRAIGHT ON GRADE,DRY,UNKNOWN,Y,DISREGARDING STOP SIGN,NOT APPLICABLE,,NONINCAPACITATING INJURY,19,8,41.7705620429,-87.6446972229,2020,30,POINT (-87.6446972229 41.7705620429),,,,,2020-08-18,False,67,Englewood
4600,30,NO CONTROLS,NO CONTROLS,CLEAR,DAYLIGHT,PEDALCYCLIST,NOT DIVIDED,STRAIGHT AND LEVEL,DRY,NO DEFECTS,,CELL PHONE USE OTHER THAN TEXTING,UNABLE TO DETERMINE,,NONINCAPACITATING INJURY,19,8,41.7917721996,-87.6160504095,2020,30,POINT (-87.6160504095 41.7917721996),,,,,2020-08-18,False,39,Washington Park
4601,30,NO CONTROLS,NO CONTROLS,CLEAR,"DARKNESS, LIGHTED ROAD",PEDALCYCLIST,RAMP,STRAIGHT AND LEVEL,DRY,NO DEFECTS,Y,UNABLE TO DETERMINE,UNABLE TO DETERMINE,,INCAPACITATING INJURY,21,8,41.9769724868,-87.6509541447,2020,30,POINT (-87.6509541447 41.9769724868),,,,,2020-08-18,True,2,Uptown
4602,30,TRAFFIC SIGNAL,FUNCTIONING PROPERLY,CLEAR,DAYLIGHT,PEDALCYCLIST,DIVIDED - W/MEDIAN (NOT RAISED),STRAIGHT AND LEVEL,DRY,NO DEFECTS,Y,DISREGARDING TRAFFIC SIGNALS,"VISION OBSCURED (SIGNS, TREE LIMBS, BUILDINGS, ETC.)",,NONINCAPACITATING INJURY,7,8,41.8818087852,-87.6520930659,2020,30,POINT (-87.6520930659 41.8818087852),,,,,2020-08-19,False,27,Near West Side
4603,30,TRAFFIC SIGNAL,FUNCTIONING PROPERLY,CLEAR,DAYLIGHT,PEDALCYCLIST,DIVIDED - W/MEDIAN (NOT RAISED),STRAIGHT AND LEVEL,DRY,NO DEFECTS,Y,FAILING TO YIELD RIGHT-OF-WAY,FAILING TO REDUCE SPEED TO AVOID CRASH,,NONINCAPACITATING INJURY,7,8,41.8965851912,-87.6429961817,2020,30,POINT (-87.6429961817 41.8965851912),,,,,2020-08-19,False,7,Near North Side
4604,25,NO CONTROLS,NO CONTROLS,CLEAR,DAYLIGHT,PEDALCYCLIST,ONE-WAY,STRAIGHT AND LEVEL,UNKNOWN,UNKNOWN,,UNABLE TO DETERMINE,NOT APPLICABLE,Y,NONINCAPACITATING INJURY,12,8,41.9045771174,-87.731426532,2020,25,POINT (-87.731426532 41.9045771174),,,,,2020-08-19,False,22,Humboldt Park
4605,30,STOP SIGN/FLASHER,FUNCTIONING PROPERLY,CLEAR,DAYLIGHT,PEDALCYCLIST,DIVIDED - W/MEDIAN (NOT RAISED),STRAIGHT AND LEVEL,DRY,NO DEFECTS,Y,UNABLE TO DETERMINE,NOT APPLICABLE,,NONINCAPACITATING INJURY,15,8,41.9260064269,-87.756362982,2020,30,POINT (-87.756362982 41.9260064269),,,,,2020-08-19,False,18,Belmont Cragin
4606,30,TRAFFIC SIGNAL,FUNCTIONING PROPERLY,CLEAR,DAYLIGHT,PEDALCYCLIST,FOUR WAY,STRAIGHT AND LEVEL,DRY,NO DEFECTS,Y,IMPROPER LANE USAGE,UNABLE TO DETERMINE,,NONINCAPACITATING INJURY,17,8,41.9249794688,-87.6728537293,2020,30,POINT (-87.6728537293 41.9249794688),,,,,2020-08-19,False,6,Lincoln Park
4607,30,TRAFFIC SIGNAL,FUNCTIONING PROPERLY,CLEAR,DAYLIGHT,PEDALCYCLIST,NOT DIVIDED,STRAIGHT AND LEVEL,DRY,NO DEFECTS,Y,UNABLE TO DETERMINE,DISREGARDING YIELD SIGN,,NONINCAPACITATING INJURY,17,8,41.8856896157,-87.6476217315,2020,30,POINT (-87.6476217315 41.8856896157),,,,,2020-08-19,False,27,Near West Side
4608,30,UNKNOWN,UNKNOWN,CLEAR,DAYLIGHT,PEDALCYCLIST,NOT DIVIDED,STRAIGHT AND LEVEL,DRY,NO DEFECTS,Y,UNABLE TO DETERMINE,NOT APPLICABLE,,NONINCAPACITATING INJURY,18,8,41.9235104025,-87.7987576033,2020,30,POINT (-87.7987576033 41.9235104025),,,,,2020-08-19,False,17,Montclare
4609,30,TRAFFIC SIGNAL,FUNCTIONING PROPERLY,CLEAR,"DARKNESS, LIGHTED ROAD",PEDALCYCLIST,NOT DIVIDED,STRAIGHT AND LEVEL,DRY,UNKNOWN,,FAILING TO YIELD RIGHT-OF-WAY,FAILING TO YIELD RIGHT-OF-WAY,Y,INCAPACITATING INJURY,20,8,41.9034469464,-87.6298248985,2020,30,POINT (-87.6298248985 41.9034469464),,,,,2020-08-19,True,7,Near North Side
4610,30,TRAFFIC SIGNAL,FUNCTIONING PROPERLY,CLEAR,DAYLIGHT,PEDALCYCLIST,T-INTERSECTION,STRAIGHT AND LEVEL,DRY,NO DEFECTS,Y,DISREGARDING TRAFFIC SIGNALS,FAILING TO YIELD RIGHT-OF-WAY,,NONINCAPACITATING INJURY,14,8,41.8845154584,-87.6474973003,2020,30,POINT (-87.6474973003 41.8845154584),,,,,2020-08-20,False,27,Near West Side