Unnamed: 0,POSTED_SPEED_LIMIT,TRAFFIC_CONTROL_DEVICE,DEVICE_CONDITION,WEATHER_CONDITION,LIGHTING_CONDITION,FIRST_CRASH_TYPE,TRAFFICWAY_TYPE,ALIGNMENT,ROADWAY_SURFACE_COND,ROAD_DEFECT,INTERSECTION_RELATED_I,PRIM_CONTRIBUTORY_CAUSE,SEC_CONTRIBUTORY_CAUSE,DOORING_I,MOST_SEVERE_INJURY,CRASH_HOUR,CRASH_MONTH,LATITUDE,LONGITUDE,CRASH_YEAR,SPEED_LIMIT,geometry,DISPLAYROU,the_geom,DIST,LANE_TYPE,CRASH_DATE,is_severe,index_right,CArea
4611,30,TRAFFIC SIGNAL,FUNCTIONING IMPROPERLY,CLEAR,DAYLIGHT,PEDALCYCLIST,NOT DIVIDED,STRAIGHT AND LEVEL,DRY,NO DEFECTS,Y,FAILING TO YIELD RIGHT-OF-WAY,UNABLE TO DETERMINE,,INCAPACITATING INJURY,15,8,41.8911341423,-87.6477660946,2020,30,POINT (-87.6477660946 41.8911341423),,,,,2020-08-20,True,7,Near North Side
4612,30,NO CONTROLS,NO CONTROLS,CLEAR,DAYLIGHT,PEDALCYCLIST,NOT DIVIDED,STRAIGHT AND LEVEL,DRY,NO DEFECTS,,UNABLE TO DETERMINE,NOT APPLICABLE,,NO INDICATION OF INJURY,17,8,41.9632769983,-87.7569453264,2020,30,POINT (-87.7569453264 41.9632769983),,,,,2020-08-20,False,14,Portage Park
4613,25,STOP SIGN/FLASHER,FUNCTIONING PROPERLY,CLEAR,DAYLIGHT,PEDALCYCLIST,NOT DIVIDED,STRAIGHT AND LEVEL,DRY,NO DEFECTS,Y,UNABLE TO DETERMINE,UNABLE TO DETERMINE,,NONINCAPACITATING INJURY,17,8,42.0048005814,-87.6972365733,2020,25,POINT (-87.6972365733 42.0048005814),,,,,2020-08-20,False,1,West Ridge
4614,30,NO CONTROLS,NO CONTROLS,CLEAR,DAYLIGHT,PEDALCYCLIST,NOT DIVIDED,STRAIGHT AND LEVEL,DRY,NO DEFECTS,,UNABLE TO DETERMINE,NOT APPLICABLE,,"REPORTED, NOT EVIDENT",18,8,41.6899466346,-87.5390488471,2020,30,POINT (-87.5390488471 41.6899466346),,,,,2020-08-20,False,51,East Side
4615,25,STOP SIGN/FLASHER,FUNCTIONING PROPERLY,CLEAR,DAYLIGHT,PEDALCYCLIST,FOUR WAY,STRAIGHT AND LEVEL,DRY,WORN SURFACE,Y,FAILING TO YIELD RIGHT-OF-WAY,UNABLE TO DETERMINE,,NONINCAPACITATING INJURY,18,8,41.7504346599,-87.6659249342,2020,25,POINT (-87.6659249342 41.7504346599),,,,,2020-08-20,False,70,Auburn Gresham
4616,30,NO CONTROLS,NO CONTROLS,CLEAR,DAYLIGHT,PEDALCYCLIST,DIVIDED - W/MEDIAN (NOT RAISED),STRAIGHT AND LEVEL,DRY,NO DEFECTS,,NOT APPLICABLE,NOT APPLICABLE,Y,"REPORTED, NOT EVIDENT",18,8,41.9175926029,-87.6979296509,2020,30,POINT (-87.6979296509 41.9175926029),,,,,2020-08-20,False,21,Logan Square
4617,30,TRAFFIC SIGNAL,FUNCTIONING PROPERLY,CLEAR,"DARKNESS, LIGHTED ROAD",PEDALCYCLIST,NOT DIVIDED,STRAIGHT AND LEVEL,DRY,NO DEFECTS,Y,"OPERATING VEHICLE IN ERRATIC, RECKLESS, CARELESS, NEGLIGENT OR AGGRESSIVE MANNER",FAILING TO YIELD RIGHT-OF-WAY,,NONINCAPACITATING INJURY,20,8,41.7932936743,-87.7110090383,2020,30,POINT (-87.7110090383 41.7932936743),,,,,2020-08-20,False,62,Gage Park
4618,45,NO CONTROLS,NO CONTROLS,CLEAR,"DARKNESS, LIGHTED ROAD",PEDALCYCLIST,DIVIDED - W/MEDIAN BARRIER,STRAIGHT AND LEVEL,DRY,NO DEFECTS,,DRIVING ON WRONG SIDE/WRONG WAY,NOT APPLICABLE,,INCAPACITATING INJURY,23,8,41.9129603462,-87.6266083355,2020,45,POINT (-87.6266083355 41.9129603462),,,,,2020-08-20,True,6,Lincoln Park
4619,30,NO CONTROLS,NO CONTROLS,CLEAR,DAYLIGHT,PEDALCYCLIST,DIVIDED - W/MEDIAN BARRIER,STRAIGHT AND LEVEL,DRY,NO DEFECTS,,UNABLE TO DETERMINE,UNABLE TO DETERMINE,,NONINCAPACITATING INJURY,10,8,41.9904165887,-87.6879749145,2020,30,POINT (-87.6879749145 41.9904165887),,,,,2020-08-21,False,1,West Ridge
4620,30,STOP SIGN/FLASHER,FUNCTIONING PROPERLY,CLEAR,DAYLIGHT,PEDALCYCLIST,ONE-WAY,STRAIGHT AND LEVEL,DRY,NO DEFECTS,Y,UNABLE TO DETERMINE,UNABLE TO DETERMINE,,NONINCAPACITATING INJURY,13,8,41.966588957,-87.7207913134,2020,30,POINT (-87.7207913134 41.966588957),,,,,2020-08-21,False,13,Albany Park
4621,30,NO CONTROLS,NO CONTROLS,CLEAR,DAYLIGHT,PEDALCYCLIST,DIVIDED - W/MEDIAN (NOT RAISED),STRAIGHT AND LEVEL,UNKNOWN,UNKNOWN,,UNABLE TO DETERMINE,UNABLE TO DETERMINE,,"REPORTED, NOT EVIDENT",13,8,41.9975115321,-87.6962129691,2020,30,POINT (-87.6962129691 41.9975115321),,,,,2020-08-21,False,1,West Ridge
4622,30,TRAFFIC SIGNAL,FUNCTIONING PROPERLY,CLEAR,DAYLIGHT,PEDALCYCLIST,T-INTERSECTION,STRAIGHT AND LEVEL,DRY,NO DEFECTS,,"VISION OBSCURED (SIGNS, TREE LIMBS, BUILDINGS, ETC.)",NOT APPLICABLE,,"REPORTED, NOT EVIDENT",17,8,41.9756278254,-87.7294852462,2020,30,POINT (-87.7294852462 41.9756278254),,,,,2020-08-21,False,11,Forest Glen
4623,30,NO CONTROLS,NO CONTROLS,CLEAR,DAYLIGHT,PEDALCYCLIST,NOT DIVIDED,STRAIGHT AND LEVEL,DRY,NO DEFECTS,,UNABLE TO DETERMINE,NOT APPLICABLE,,NO INDICATION OF INJURY,17,8,41.9219215609,-87.6489486708,2020,30,POINT (-87.6489486708 41.9219215609),,,,,2020-08-21,False,6,Lincoln Park
4624,30,TRAFFIC SIGNAL,FUNCTIONING PROPERLY,CLEAR,DAYLIGHT,PEDALCYCLIST,DIVIDED - W/MEDIAN (NOT RAISED),STRAIGHT AND LEVEL,DRY,NO DEFECTS,Y,FAILING TO YIELD RIGHT-OF-WAY,NOT APPLICABLE,,FATAL,18,8,41.8003130261,-87.7331307958,2020,30,POINT (-87.7331307958 41.8003130261),,,,,2020-08-21,True,56,Archer Heights
4625,25,NO CONTROLS,NO CONTROLS,CLEAR,DAYLIGHT,PEDALCYCLIST,NOT DIVIDED,STRAIGHT AND LEVEL,DRY,NO DEFECTS,,UNABLE TO DETERMINE,NOT APPLICABLE,,INCAPACITATING INJURY,18,8,41.6955525366,-87.5294513574,2020,25,POINT (-87.5294513574 41.6955525366),,,,,2020-08-21,True,51,East Side
4626,25,NO CONTROLS,NO CONTROLS,CLEAR,"DARKNESS, LIGHTED ROAD",PEDALCYCLIST,NOT DIVIDED,STRAIGHT AND LEVEL,DRY,NO DEFECTS,,UNABLE TO DETERMINE,UNABLE TO DETERMINE,,NO INDICATION OF INJURY,19,8,41.8022206334,-87.60655293,2020,25,POINT (-87.60655293 41.8022206334),,,,,2020-08-21,False,37,Grand Boulevard
4627,20,STOP SIGN/FLASHER,FUNCTIONING PROPERLY,CLEAR,DAYLIGHT,PEDALCYCLIST,NOT DIVIDED,STRAIGHT AND LEVEL,DRY,NO DEFECTS,Y,FAILING TO YIELD RIGHT-OF-WAY,UNABLE TO DETERMINE,,NONINCAPACITATING INJURY,19,8,41.9942985051,-87.6719544003,2020,20,POINT (-87.6719544003 41.9942985051),,,,,2020-08-21,False,76,Edgewater
4628,30,TRAFFIC SIGNAL,FUNCTIONING PROPERLY,CLEAR,"DARKNESS, LIGHTED ROAD",PEDALCYCLIST,DIVIDED - W/MEDIAN (NOT RAISED),STRAIGHT AND LEVEL,DRY,NO DEFECTS,,DISREGARDING TRAFFIC SIGNALS,NOT APPLICABLE,,NO INDICATION OF INJURY,20,8,41.8925988491,-87.6240403302,2020,30,POINT (-87.6240403302 41.8925988491),,,,,2020-08-21,False,7,Near North Side
4629,30,NO CONTROLS,NO CONTROLS,UNKNOWN,UNKNOWN,PEDALCYCLIST,NOT DIVIDED,STRAIGHT AND LEVEL,UNKNOWN,UNKNOWN,,UNABLE TO DETERMINE,NOT APPLICABLE,Y,NO INDICATION OF INJURY,20,8,41.9114345781,-87.6348662531,2020,30,POINT (-87.6348662531 41.9114345781),,,,,2020-08-21,False,6,Lincoln Park
4630,30,NO CONTROLS,NO CONTROLS,CLEAR,"DARKNESS, LIGHTED ROAD",PEDALCYCLIST,DIVIDED - W/MEDIAN (NOT RAISED),STRAIGHT AND LEVEL,DRY,NO DEFECTS,,IMPROPER OVERTAKING/PASSING,IMPROPER OVERTAKING/PASSING,,NONINCAPACITATING INJURY,23,8,41.9112979107,-87.6971629285,2020,30,POINT (-87.6971629285 41.9112979107),,,,,2020-08-21,False,22,Humboldt Park
4631,25,NO CONTROLS,NO CONTROLS,CLEAR,"DARKNESS, LIGHTED ROAD",PEDALCYCLIST,NOT DIVIDED,STRAIGHT AND LEVEL,DRY,NO DEFECTS,,UNABLE TO DETERMINE,NOT APPLICABLE,,NO INDICATION OF INJURY,4,8,41.84817357,-87.6939257643,2020,25,POINT (-87.6939257643 41.84817357),,,,,2020-08-22,False,28,North Lawndale
4632,30,TRAFFIC SIGNAL,FUNCTIONING PROPERLY,CLEAR,DAYLIGHT,PEDALCYCLIST,FOUR WAY,STRAIGHT AND LEVEL,DRY,NO DEFECTS,Y,UNABLE TO DETERMINE,UNABLE TO DETERMINE,N,NO INDICATION OF INJURY,11,8,41.9464079356,-87.7356254157,2020,30,POINT (-87.7356254157 41.9464079356),,,,,2020-08-22,False,15,Irving Park
4633,30,TRAFFIC SIGNAL,FUNCTIONING PROPERLY,CLEAR,DAYLIGHT,PEDALCYCLIST,DIVIDED - W/MEDIAN (NOT RAISED),STRAIGHT AND LEVEL,DRY,NO DEFECTS,,FAILING TO YIELD RIGHT-OF-WAY,CELL PHONE USE OTHER THAN TEXTING,,"REPORTED, NOT EVIDENT",12,8,41.9532789395,-87.7668561709,2020,30,POINT (-87.7668561709 41.9532789395),,,,,2020-08-22,False,14,Portage Park
4634,20,STOP SIGN/FLASHER,OTHER,CLEAR,DAYLIGHT,PEDALCYCLIST,FOUR WAY,STRAIGHT AND LEVEL,DRY,NO DEFECTS,Y,UNABLE TO DETERMINE,NOT APPLICABLE,,"REPORTED, NOT EVIDENT",14,8,41.9357849297,-87.7088881443,2020,20,POINT (-87.7088881443 41.9357849297),,,,,2020-08-22,False,20,Avondale
4635,30,NO CONTROLS,NO CONTROLS,CLEAR,DAYLIGHT,PEDALCYCLIST,NOT DIVIDED,STRAIGHT AND LEVEL,DRY,NO DEFECTS,,UNABLE TO DETERMINE,NOT APPLICABLE,,NO INDICATION OF INJURY,14,8,41.8573001258,-87.6403622929,2020,30,POINT (-87.6403622929 41.8573001258),,,,,2020-08-22,False,30,Lower West Side
4636,30,STOP SIGN/FLASHER,FUNCTIONING PROPERLY,CLEAR,DAYLIGHT,PEDALCYCLIST,NOT DIVIDED,STRAIGHT AND LEVEL,DRY,NO DEFECTS,Y,FAILING TO YIELD RIGHT-OF-WAY,UNABLE TO DETERMINE,,INCAPACITATING INJURY,14,8,41.7136358916,-87.6771450765,2020,30,POINT (-87.6771450765 41.7136358916),,,,,2020-08-22,True,71,Beverly
4637,30,NO CONTROLS,NO CONTROLS,CLEAR,DAYLIGHT,PEDALCYCLIST,ALLEY,STRAIGHT AND LEVEL,DRY,NO DEFECTS,,NOT APPLICABLE,NOT APPLICABLE,,NONINCAPACITATING INJURY,16,8,41.7833697559,-87.7153824807,2020,30,POINT (-87.7153824807 41.7833697559),,,,,2020-08-22,False,64,West Lawn
4638,30,NO CONTROLS,NO CONTROLS,CLEAR,DAYLIGHT,PEDALCYCLIST,ALLEY,STRAIGHT AND LEVEL,DRY,NO DEFECTS,,FAILING TO YIELD RIGHT-OF-WAY,NOT APPLICABLE,,NONINCAPACITATING INJURY,16,8,41.986913783,-87.6908326687,2020,30,POINT (-87.6908326687 41.986913783),,,,,2020-08-22,False,1,West Ridge
4639,30,NO CONTROLS,NO CONTROLS,CLEAR,DAYLIGHT,PEDALCYCLIST,NOT DIVIDED,STRAIGHT AND LEVEL,DRY,NO DEFECTS,,UNABLE TO DETERMINE,UNABLE TO DETERMINE,Y,NONINCAPACITATING INJURY,21,8,41.8642007477,-87.6469806143,2020,30,POINT (-87.6469806143 41.8642007477),,,,,2020-08-22,False,27,Near West Side
4640,30,NO CONTROLS,NO CONTROLS,CLEAR,DAYLIGHT,PEDALCYCLIST,NOT DIVIDED,STRAIGHT AND LEVEL,DRY,NO DEFECTS,,UNABLE TO DETERMINE,NOT APPLICABLE,,INCAPACITATING INJURY,12,8,41.9398993776,-87.6473323147,2020,30,POINT (-87.6473323147 41.9398993776),,,,,2020-08-23,True,5,Lake View
4641,35,NO CONTROLS,NO CONTROLS,CLEAR,DAYLIGHT,PEDALCYCLIST,DIVIDED - W/MEDIAN (NOT RAISED),STRAIGHT AND LEVEL,DRY,NO DEFECTS,,UNABLE TO DETERMINE,NOT APPLICABLE,,"REPORTED, NOT EVIDENT",14,8,41.9819805002,-87.836728472,2020,35,POINT (-87.836728472 41.9819805002),,,,,2020-08-23,False,75,O'Hare
4642,30,NO CONTROLS,NO CONTROLS,CLEAR,DAYLIGHT,PEDALCYCLIST,DIVIDED - W/MEDIAN (NOT RAISED),STRAIGHT AND LEVEL,DRY,NO DEFECTS,,UNABLE TO DETERMINE,NOT APPLICABLE,Y,NONINCAPACITATING INJURY,14,8,41.9032987927,-87.6773832474,2020,30,POINT (-87.6773832474 41.9032987927),,,,,2020-08-23,False,23,West Town
4643,30,TRAFFIC SIGNAL,FUNCTIONING PROPERLY,CLEAR,DAYLIGHT,PEDALCYCLIST,NOT DIVIDED,STRAIGHT AND LEVEL,DRY,NO DEFECTS,,UNABLE TO DETERMINE,UNABLE TO DETERMINE,,NO INDICATION OF INJURY,12,8,41.8442396384,-87.7172901811,2020,30,POINT (-87.7172901811 41.8442396384),,,,,2020-08-24,False,29,South Lawndale
4644,25,NO CONTROLS,NO CONTROLS,CLEAR,DAYLIGHT,PEDALCYCLIST,OTHER,STRAIGHT AND LEVEL,DRY,NO DEFECTS,,UNABLE TO DETERMINE,UNABLE TO DETERMINE,,NO INDICATION OF INJURY,12,8,41.9771505987,-87.6597409629,2020,25,POINT (-87.6597409629 41.9771505987),,,,,2020-08-24,False,2,Uptown
4645,30,TRAFFIC SIGNAL,FUNCTIONING PROPERLY,CLEAR,DAYLIGHT,PEDALCYCLIST,DIVIDED - W/MEDIAN (NOT RAISED),STRAIGHT AND LEVEL,DRY,NO DEFECTS,,UNABLE TO DETERMINE,IMPROPER OVERTAKING/PASSING,,NONINCAPACITATING INJURY,13,8,41.9398726156,-87.6639452444,2020,30,POINT (-87.6639452444 41.9398726156),,,,,2020-08-24,False,5,Lake View
4646,25,NO CONTROLS,NO CONTROLS,CLEAR,DAYLIGHT,PEDALCYCLIST,NOT DIVIDED,STRAIGHT AND LEVEL,DRY,NO DEFECTS,Y,FAILING TO YIELD RIGHT-OF-WAY,NOT APPLICABLE,,NONINCAPACITATING INJURY,16,8,41.9104058487,-87.6509447831,2020,25,POINT (-87.6509447831 41.9104058487),,,,,2020-08-24,False,7,Near North Side
4647,25,STOP SIGN/FLASHER,UNKNOWN,CLEAR,DAYLIGHT,PEDALCYCLIST,ONE-WAY,STRAIGHT AND LEVEL,UNKNOWN,UNKNOWN,,DISREGARDING STOP SIGN,FAILING TO YIELD RIGHT-OF-WAY,,NONINCAPACITATING INJURY,17,8,41.8012023802,-87.6673571618,2020,25,POINT (-87.6673571618 41.8012023802),,,,,2020-08-24,False,60,New City
4648,30,TRAFFIC SIGNAL,FUNCTIONING PROPERLY,CLEAR,"DARKNESS, LIGHTED ROAD",PEDALCYCLIST,FOUR WAY,STRAIGHT AND LEVEL,DRY,NO DEFECTS,,CELL PHONE USE OTHER THAN TEXTING,NOT APPLICABLE,Y,NONINCAPACITATING INJURY,20,8,41.7219861994,-87.6139995637,2020,30,POINT (-87.6139995637 41.7219861994),,,,,2020-08-24,False,48,Roseland
4649,30,TRAFFIC SIGNAL,FUNCTIONING PROPERLY,CLEAR,"DARKNESS, LIGHTED ROAD",PEDALCYCLIST,FOUR WAY,STRAIGHT AND LEVEL,DRY,UNKNOWN,Y,FAILING TO REDUCE SPEED TO AVOID CRASH,UNABLE TO DETERMINE,,NONINCAPACITATING INJURY,20,8,41.923757941,-87.7890765259,2020,30,POINT (-87.7890765259 41.923757941),,,,,2020-08-24,False,18,Belmont Cragin
4650,30,STOP SIGN/FLASHER,NO CONTROLS,CLEAR,"DARKNESS, LIGHTED ROAD",PEDALCYCLIST,T-INTERSECTION,STRAIGHT AND LEVEL,DRY,NO DEFECTS,Y,OBSTRUCTED CROSSWALKS,FAILING TO YIELD RIGHT-OF-WAY,,NO INDICATION OF INJURY,20,8,41.9640728886,-87.7572847386,2020,30,POINT (-87.7572847386 41.9640728886),,,,,2020-08-24,False,14,Portage Park
4651,30,TRAFFIC SIGNAL,FUNCTIONING PROPERLY,CLEAR,"DARKNESS, LIGHTED ROAD",PEDALCYCLIST,DIVIDED - W/MEDIAN (NOT RAISED),STRAIGHT AND LEVEL,DRY,UNKNOWN,Y,DISREGARDING TRAFFIC SIGNALS,UNABLE TO DETERMINE,,NO INDICATION OF INJURY,22,8,41.8746307866,-87.6307286799,2020,30,POINT (-87.6307286799 41.8746307866),,,,,2020-08-24,False,31,Loop
4652,30,TRAFFIC SIGNAL,FUNCTIONING PROPERLY,CLEAR,"DARKNESS, LIGHTED ROAD",PEDALCYCLIST,DIVIDED - W/MEDIAN (NOT RAISED),STRAIGHT ON GRADE,DRY,NO DEFECTS,Y,FAILING TO YIELD RIGHT-OF-WAY,UNABLE TO DETERMINE,,INCAPACITATING INJURY,0,8,41.7510394348,-87.6343200064,2020,30,POINT (-87.6343200064 41.7510394348),,,,,2020-08-25,True,43,Chatham
4653,30,NO CONTROLS,NO CONTROLS,CLEAR,DAYLIGHT,PEDALCYCLIST,NOT DIVIDED,STRAIGHT AND LEVEL,DRY,NO DEFECTS,,NOT APPLICABLE,NOT APPLICABLE,,NONINCAPACITATING INJURY,12,8,41.99784707,-87.6769993406,2020,30,POINT (-87.6769993406 41.99784707),,,,,2020-08-25,False,1,West Ridge
4654,20,STOP SIGN/FLASHER,FUNCTIONING PROPERLY,CLEAR,DUSK,PEDALCYCLIST,DIVIDED - W/MEDIAN (NOT RAISED),STRAIGHT AND LEVEL,DRY,NO DEFECTS,Y,"VISION OBSCURED (SIGNS, TREE LIMBS, BUILDINGS, ETC.)","VISION OBSCURED (SIGNS, TREE LIMBS, BUILDINGS, ETC.)",,NONINCAPACITATING INJURY,13,8,41.8867850247,-87.6569420955,2020,20,POINT (-87.6569420955 41.8867850247),,,,,2020-08-25,False,7,Near North Side
4655,30,TRAFFIC SIGNAL,FUNCTIONING PROPERLY,CLEAR,DAYLIGHT,PEDALCYCLIST,ONE-WAY,STRAIGHT AND LEVEL,DRY,NO DEFECTS,Y,FAILING TO YIELD RIGHT-OF-WAY,UNABLE TO DETERMINE,N,NO INDICATION OF INJURY,15,8,41.9396865432,-87.6660941501,2020,30,POINT (-87.6660941501 41.9396865432),,,,,2020-08-25,False,5,Lake View
4656,25,NO CONTROLS,NO CONTROLS,CLEAR,DAYLIGHT,PEDALCYCLIST,NOT DIVIDED,STRAIGHT AND LEVEL,DRY,NO DEFECTS,,UNABLE TO DETERMINE,UNABLE TO DETERMINE,,NONINCAPACITATING INJURY,15,8,41.8812476671,-87.6767878301,2020,25,POINT (-87.6767878301 41.8812476671),,,,,2020-08-25,False,27,Near West Side
4657,30,NO CONTROLS,NO CONTROLS,CLEAR,DAYLIGHT,PEDALCYCLIST,NOT DIVIDED,STRAIGHT AND LEVEL,DRY,NO DEFECTS,Y,FAILING TO YIELD RIGHT-OF-WAY,NOT APPLICABLE,,NONINCAPACITATING INJURY,17,8,41.892718976,-87.6771085775,2020,30,POINT (-87.6771085775 41.892718976),,,,,2020-08-25,False,23,West Town
4658,30,STOP SIGN/FLASHER,FUNCTIONING PROPERLY,CLEAR,DAYLIGHT,PEDALCYCLIST,DIVIDED - W/MEDIAN (NOT RAISED),STRAIGHT AND LEVEL,DRY,UNKNOWN,,UNABLE TO DETERMINE,UNABLE TO DETERMINE,,NONINCAPACITATING INJURY,17,8,41.9001073516,-87.7025548699,2020,30,POINT (-87.7025548699 41.9001073516),,,,,2020-08-25,False,22,Humboldt Park
4659,35,NO CONTROLS,NO CONTROLS,CLEAR,DAYLIGHT,PEDALCYCLIST,DRIVEWAY,STRAIGHT AND LEVEL,DRY,NO DEFECTS,,UNABLE TO DETERMINE,NOT APPLICABLE,,INCAPACITATING INJURY,9,8,41.9390093002,-87.7415198828,2020,35,POINT (-87.7415198828 41.9390093002),,,,,2020-08-26,True,15,Irving Park
4660,30,NO CONTROLS,NO CONTROLS,CLEAR,DAYLIGHT,PEDALCYCLIST,NOT DIVIDED,STRAIGHT AND LEVEL,DRY,NO DEFECTS,,UNABLE TO DETERMINE,UNABLE TO DETERMINE,Y,NO INDICATION OF INJURY,10,8,41.9393341431,-87.7167116142,2020,30,POINT (-87.7167116142 41.9393341431),,,,,2020-08-26,False,15,Irving Park
4661,30,TRAFFIC SIGNAL,FUNCTIONING PROPERLY,CLEAR,DAYLIGHT,PEDALCYCLIST,NOT DIVIDED,STRAIGHT AND LEVEL,DRY,NO DEFECTS,Y,UNABLE TO DETERMINE,NOT APPLICABLE,,"REPORTED, NOT EVIDENT",10,8,41.9378826138,-87.6659489528,2020,30,POINT (-87.6659489528 41.9378826138),,,,,2020-08-26,False,5,Lake View
4662,35,NO CONTROLS,NO CONTROLS,CLEAR,DAYLIGHT,PEDALCYCLIST,ONE-WAY,STRAIGHT AND LEVEL,DRY,NO DEFECTS,,UNABLE TO DETERMINE,UNABLE TO DETERMINE,Y,NONINCAPACITATING INJURY,14,8,41.8903140554,-87.6338891264,2020,35,POINT (-87.6338891264 41.8903140554),,,,,2020-08-26,False,7,Near North Side
4663,30,TRAFFIC SIGNAL,FUNCTIONING PROPERLY,CLEAR,DAYLIGHT,PEDALCYCLIST,NOT DIVIDED,STRAIGHT AND LEVEL,DRY,NO DEFECTS,Y,DISREGARDING OTHER TRAFFIC SIGNS,FAILING TO YIELD RIGHT-OF-WAY,,"REPORTED, NOT EVIDENT",14,8,41.8844570263,-87.6280568081,2020,30,POINT (-87.6280568081 41.8844570263),,,,,2020-08-26,False,31,Loop
4664,30,TRAFFIC SIGNAL,FUNCTIONING PROPERLY,CLEAR,DAYLIGHT,PEDALCYCLIST,"FIVE POINT, OR MORE",STRAIGHT AND LEVEL,DRY,NO DEFECTS,Y,FAILING TO YIELD RIGHT-OF-WAY,UNABLE TO DETERMINE,,NONINCAPACITATING INJURY,14,8,41.9470321525,-87.6741194538,2020,30,POINT (-87.6741194538 41.9470321525),,,,,2020-08-26,False,4,North Center
4665,35,NO CONTROLS,NO CONTROLS,CLEAR,DAYLIGHT,PEDALCYCLIST,NOT DIVIDED,STRAIGHT AND LEVEL,DRY,NO DEFECTS,,UNABLE TO DETERMINE,NOT APPLICABLE,,INCAPACITATING INJURY,14,8,41.8166811295,-87.6093330827,2020,35,POINT (-87.6093330827 41.8166811295),,,,,2020-08-26,True,37,Grand Boulevard
4666,30,TRAFFIC SIGNAL,FUNCTIONING PROPERLY,CLEAR,DAYLIGHT,PEDALCYCLIST,ONE-WAY,STRAIGHT AND LEVEL,DRY,NO DEFECTS,,IMPROPER LANE USAGE,UNABLE TO DETERMINE,,NO INDICATION OF INJURY,15,8,41.9468478105,-87.6735625724,2020,30,POINT (-87.6735625724 41.9468478105),,,,,2020-08-26,False,4,North Center
4667,30,TRAFFIC SIGNAL,UNKNOWN,CLEAR,DAYLIGHT,PEDALCYCLIST,DIVIDED - W/MEDIAN (NOT RAISED),STRAIGHT AND LEVEL,DRY,NO DEFECTS,,UNABLE TO DETERMINE,NOT APPLICABLE,,NONINCAPACITATING INJURY,16,8,41.8462271532,-87.7050252937,2020,30,POINT (-87.7050252937 41.8462271532),,,,,2020-08-26,False,28,North Lawndale
4668,30,NO CONTROLS,NO CONTROLS,CLEAR,DAYLIGHT,PEDALCYCLIST,ONE-WAY,STRAIGHT AND LEVEL,DRY,NO DEFECTS,,FAILING TO YIELD RIGHT-OF-WAY,NOT APPLICABLE,,NO INDICATION OF INJURY,16,8,41.9299358376,-87.8010961598,2020,30,POINT (-87.8010961598 41.9299358376),,,,,2020-08-26,False,17,Montclare
4669,20,NO CONTROLS,NOT FUNCTIONING,CLEAR,DAYLIGHT,PEDALCYCLIST,NOT DIVIDED,STRAIGHT AND LEVEL,DRY,NO DEFECTS,,NOT APPLICABLE,NOT APPLICABLE,,NO INDICATION OF INJURY,17,8,41.7757572266,-87.6630346536,2020,20,POINT (-87.6630346536 41.7757572266),,,,,2020-08-26,False,66,Englewood
4670,30,STOP SIGN/FLASHER,FUNCTIONING PROPERLY,CLEAR,DAYLIGHT,PEDALCYCLIST,NOT DIVIDED,STRAIGHT AND LEVEL,DRY,NO DEFECTS,,UNABLE TO DETERMINE,NOT APPLICABLE,,NONINCAPACITATING INJURY,17,8,41.9369247105,-87.7564792122,2020,30,POINT (-87.7564792122 41.9369247105),,,,,2020-08-26,False,18,Belmont Cragin
4671,30,STOP SIGN/FLASHER,FUNCTIONING PROPERLY,CLEAR,DAYLIGHT,PEDALCYCLIST,FOUR WAY,STRAIGHT AND LEVEL,DRY,NO DEFECTS,Y,"VISION OBSCURED (SIGNS, TREE LIMBS, BUILDINGS, ETC.)",FAILING TO YIELD RIGHT-OF-WAY,,NONINCAPACITATING INJURY,9,8,41.88634197,-87.7039389045,2020,30,POINT (-87.7039389045 41.88634197),,,,,2020-08-27,False,26,Garfield Park
4672,30,NO CONTROLS,NO CONTROLS,CLEAR,DAYLIGHT,PEDALCYCLIST,NOT DIVIDED,STRAIGHT AND LEVEL,DRY,OTHER,,UNABLE TO DETERMINE,NOT APPLICABLE,,NONINCAPACITATING INJURY,14,8,41.8691271919,-87.7251414516,2020,30,POINT (-87.7251414516 41.8691271919),,,,,2020-08-27,False,25,Garfield Park
4673,30,STOP SIGN/FLASHER,FUNCTIONING PROPERLY,CLEAR,DAYLIGHT,PEDALCYCLIST,T-INTERSECTION,STRAIGHT AND LEVEL,DRY,NO DEFECTS,,UNABLE TO DETERMINE,FAILING TO YIELD RIGHT-OF-WAY,,INCAPACITATING INJURY,16,8,41.7284767318,-87.6590541756,2020,30,POINT (-87.6590541756 41.7284767318),,,,,2020-08-27,True,71,Beverly
4674,35,TRAFFIC SIGNAL,FUNCTIONING PROPERLY,CLEAR,DAYLIGHT,PEDALCYCLIST,DIVIDED - W/MEDIAN (NOT RAISED),STRAIGHT AND LEVEL,DRY,NO DEFECTS,Y,FAILING TO YIELD RIGHT-OF-WAY,NOT APPLICABLE,,NONINCAPACITATING INJURY,17,8,41.8985833686,-87.7457667986,2020,35,POINT (-87.7457667986 41.8985833686),,,,,2020-08-27,False,24,Austin