Unnamed: 0,POSTED_SPEED_LIMIT,TRAFFIC_CONTROL_DEVICE,DEVICE_CONDITION,WEATHER_CONDITION,LIGHTING_CONDITION,FIRST_CRASH_TYPE,TRAFFICWAY_TYPE,ALIGNMENT,ROADWAY_SURFACE_COND,ROAD_DEFECT,INTERSECTION_RELATED_I,PRIM_CONTRIBUTORY_CAUSE,SEC_CONTRIBUTORY_CAUSE,DOORING_I,MOST_SEVERE_INJURY,CRASH_HOUR,CRASH_MONTH,LATITUDE,LONGITUDE,CRASH_YEAR,SPEED_LIMIT,geometry,DISPLAYROU,the_geom,DIST,LANE_TYPE,CRASH_DATE,is_severe,index_right,CArea
4675,30,NO CONTROLS,NO CONTROLS,CLEAR,DUSK,PEDALCYCLIST,NOT DIVIDED,STRAIGHT AND LEVEL,DRY,NO DEFECTS,,UNABLE TO DETERMINE,NOT APPLICABLE,Y,NO INDICATION OF INJURY,17,8,41.8985833686,-87.7457667986,2020,30,POINT (-87.7457667986 41.8985833686),,,,,2020-08-27,False,24,Austin
4676,35,TRAFFIC SIGNAL,FUNCTIONING PROPERLY,CLEAR,DAYLIGHT,PEDALCYCLIST,NOT DIVIDED,STRAIGHT AND LEVEL,WET,NO DEFECTS,Y,UNABLE TO DETERMINE,UNABLE TO DETERMINE,,NONINCAPACITATING INJURY,18,8,41.9170677303,-87.658248916,2020,35,POINT (-87.658248916 41.9170677303),,,,,2020-08-27,False,6,Lincoln Park
4677,30,NO CONTROLS,NO CONTROLS,CLEAR,DAYLIGHT,PEDALCYCLIST,DIVIDED - W/MEDIAN (NOT RAISED),STRAIGHT AND LEVEL,WET,NO DEFECTS,,IMPROPER LANE USAGE,NOT APPLICABLE,,NO INDICATION OF INJURY,18,8,41.9168971193,-87.7563314053,2020,30,POINT (-87.7563314053 41.9168971193),,,,,2020-08-27,False,18,Belmont Cragin
4678,25,TRAFFIC SIGNAL,FUNCTIONING PROPERLY,CLEAR,DAYLIGHT,PEDALCYCLIST,NOT DIVIDED,STRAIGHT AND LEVEL,DRY,NO DEFECTS,Y,FAILING TO YIELD RIGHT-OF-WAY,FAILING TO YIELD RIGHT-OF-WAY,,NONINCAPACITATING INJURY,7,8,41.9685839263,-87.6988378298,2020,25,POINT (-87.6988378298 41.9685839263),,,,,2020-08-28,False,3,Lincoln Square
4680,30,STOP SIGN/FLASHER,FUNCTIONING PROPERLY,CLEAR,DAYLIGHT,PEDALCYCLIST,ONE-WAY,STRAIGHT AND LEVEL,DRY,NO DEFECTS,Y,UNABLE TO DETERMINE,UNABLE TO DETERMINE,,"REPORTED, NOT EVIDENT",15,8,41.7659900011,-87.5737873367,2020,30,POINT (-87.5737873367 41.7659900011),,,,,2020-08-28,False,41,Woodlawn
4681,30,TRAFFIC SIGNAL,NO CONTROLS,CLEAR,DAYLIGHT,PEDALCYCLIST,NOT DIVIDED,STRAIGHT AND LEVEL,DRY,NO DEFECTS,,IMPROPER TURNING/NO SIGNAL,NOT APPLICABLE,,INCAPACITATING INJURY,16,8,41.8858070197,-87.6441718947,2020,30,POINT (-87.6441718947 41.8858070197),,,,,2020-08-28,True,27,Near West Side
4682,25,TRAFFIC SIGNAL,FUNCTIONING PROPERLY,CLEAR,"DARKNESS, LIGHTED ROAD",PEDALCYCLIST,T-INTERSECTION,STRAIGHT AND LEVEL,DRY,NO DEFECTS,Y,NOT APPLICABLE,NOT APPLICABLE,N,NO INDICATION OF INJURY,18,8,41.7064227899,-87.6854813593,2020,25,POINT (-87.6854813593 41.7064227899),,,,,2020-08-28,False,71,Beverly
4683,30,TRAFFIC SIGNAL,FUNCTIONING PROPERLY,CLEAR,DAYLIGHT,PEDALCYCLIST,NOT DIVIDED,STRAIGHT AND LEVEL,DRY,NO DEFECTS,Y,FAILING TO YIELD RIGHT-OF-WAY,UNABLE TO DETERMINE,,"REPORTED, NOT EVIDENT",18,8,41.9464265678,-87.7125618798,2020,30,POINT (-87.7125618798 41.9464265678),,,,,2020-08-28,False,15,Irving Park
4684,30,NO CONTROLS,NO CONTROLS,CLEAR,DAYLIGHT,PEDALCYCLIST,NOT DIVIDED,STRAIGHT AND LEVEL,DRY,NO DEFECTS,,FAILING TO YIELD RIGHT-OF-WAY,NOT APPLICABLE,Y,NO INDICATION OF INJURY,18,8,41.9384572072,-87.7671814667,2020,30,POINT (-87.7671814667 41.9384572072),,,,,2020-08-28,False,14,Portage Park
4685,30,UNKNOWN,NO CONTROLS,CLEAR,"DARKNESS, LIGHTED ROAD",PEDALCYCLIST,DIVIDED - W/MEDIAN (NOT RAISED),STRAIGHT AND LEVEL,DRY,UNKNOWN,,DRIVING SKILLS/KNOWLEDGE/EXPERIENCE,DRIVING SKILLS/KNOWLEDGE/EXPERIENCE,,NONINCAPACITATING INJURY,9,8,41.8562796698,-87.6237490663,2020,30,POINT (-87.6237490663 41.8562796698),,,,,2020-08-29,False,32,Near South Side
4686,30,TRAFFIC SIGNAL,FUNCTIONING PROPERLY,CLEAR,DAYLIGHT,PEDALCYCLIST,FOUR WAY,STRAIGHT AND LEVEL,DRY,NO DEFECTS,Y,FAILING TO YIELD RIGHT-OF-WAY,UNABLE TO DETERMINE,,NONINCAPACITATING INJURY,9,8,41.8167216261,-87.6068535651,2020,30,POINT (-87.6068535651 41.8167216261),,,,,2020-08-29,False,37,Grand Boulevard
4687,30,NO CONTROLS,NO CONTROLS,CLEAR,DAYLIGHT,PEDALCYCLIST,NOT DIVIDED,STRAIGHT AND LEVEL,DRY,NO DEFECTS,,UNABLE TO DETERMINE,UNABLE TO DETERMINE,Y,INCAPACITATING INJURY,12,8,41.9181796131,-87.6558598375,2020,30,POINT (-87.6558598375 41.9181796131),,,,,2020-08-29,True,6,Lincoln Park
4688,30,NO CONTROLS,NO CONTROLS,CLEAR,DAYLIGHT,PEDALCYCLIST,DIVIDED - W/MEDIAN BARRIER,STRAIGHT AND LEVEL,DRY,NO DEFECTS,,FOLLOWING TOO CLOSELY,FAILING TO REDUCE SPEED TO AVOID CRASH,,NO INDICATION OF INJURY,18,8,41.8845641164,-87.6234620306,2020,30,POINT (-87.6234620306 41.8845641164),,,,,2020-08-29,False,31,Loop
4689,30,STOP SIGN/FLASHER,NO CONTROLS,CLEAR,DAWN,PEDALCYCLIST,NOT DIVIDED,STRAIGHT AND LEVEL,DRY,NO DEFECTS,N,UNABLE TO DETERMINE,NOT APPLICABLE,,NONINCAPACITATING INJURY,19,8,41.9257817478,-87.7734979281,2020,30,POINT (-87.7734979281 41.9257817478),,,,,2020-08-29,False,18,Belmont Cragin
4690,30,STOP SIGN/FLASHER,OTHER,CLEAR,DAYLIGHT,PEDALCYCLIST,FOUR WAY,STRAIGHT AND LEVEL,DRY,NO DEFECTS,Y,FAILING TO YIELD RIGHT-OF-WAY,UNABLE TO DETERMINE,,NONINCAPACITATING INJURY,19,8,41.799434259,-87.5890462553,2020,30,POINT (-87.5890462553 41.799434259),,,,,2020-08-29,False,40,Hyde Park
4691,30,NO CONTROLS,NO CONTROLS,CLEAR,"DARKNESS, LIGHTED ROAD",PEDALCYCLIST,FOUR WAY,STRAIGHT AND LEVEL,DRY,NO DEFECTS,,FAILING TO YIELD RIGHT-OF-WAY,UNABLE TO DETERMINE,Y,NO INDICATION OF INJURY,20,8,41.9398455259,-87.6511049745,2020,30,POINT (-87.6511049745 41.9398455259),,,,,2020-08-29,False,5,Lake View
4692,30,STOP SIGN/FLASHER,NOT FUNCTIONING,CLEAR,"DARKNESS, LIGHTED ROAD",PEDALCYCLIST,FOUR WAY,STRAIGHT AND LEVEL,DRY,NO DEFECTS,Y,FAILING TO YIELD RIGHT-OF-WAY,NOT APPLICABLE,,NONINCAPACITATING INJURY,20,8,41.9671510874,-87.6672841398,2020,30,POINT (-87.6672841398 41.9671510874),,,,,2020-08-29,False,2,Uptown
4693,30,NO CONTROLS,NO CONTROLS,CLEAR,"DARKNESS, LIGHTED ROAD",PEDALCYCLIST,NOT DIVIDED,STRAIGHT AND LEVEL,DRY,NO DEFECTS,,IMPROPER OVERTAKING/PASSING,NOT APPLICABLE,,NONINCAPACITATING INJURY,21,8,42.0193956461,-87.6861000276,2020,30,POINT (-87.6861000276 42.0193956461),,,,,2020-08-29,False,1,West Ridge
4694,30,YIELD,FUNCTIONING PROPERLY,CLEAR,"DARKNESS, LIGHTED ROAD",PEDALCYCLIST,NOT DIVIDED,STRAIGHT AND LEVEL,DRY,NO DEFECTS,Y,IMPROPER TURNING/NO SIGNAL,FAILING TO YIELD RIGHT-OF-WAY,,NO INDICATION OF INJURY,23,8,41.9089269325,-87.677273998,2020,30,POINT (-87.677273998 41.9089269325),,,,,2020-08-29,False,23,West Town
4695,30,NO CONTROLS,NO CONTROLS,CLEAR,DUSK,PEDALCYCLIST,FOUR WAY,STRAIGHT AND LEVEL,DRY,NO DEFECTS,Y,IMPROPER LANE USAGE,HAD BEEN DRINKING (USE WHEN ARREST IS NOT MADE),,NONINCAPACITATING INJURY,20,8,41.9238350688,-87.7682791741,2020,30,POINT (-87.7682791741 41.9238350688),,,,,2020-08-30,False,18,Belmont Cragin
4696,30,UNKNOWN,UNKNOWN,CLEAR,"DARKNESS, LIGHTED ROAD",PEDALCYCLIST,NOT DIVIDED,STRAIGHT AND LEVEL,UNKNOWN,UNKNOWN,,FAILING TO YIELD RIGHT-OF-WAY,IMPROPER TURNING/NO SIGNAL,,NO INDICATION OF INJURY,21,8,41.9364403254,-87.6480062116,2020,30,POINT (-87.6480062116 41.9364403254),,,,,2020-08-30,False,5,Lake View
4697,30,NO CONTROLS,NO CONTROLS,CLEAR,"DARKNESS, LIGHTED ROAD",PEDALCYCLIST,NOT DIVIDED,STRAIGHT AND LEVEL,DRY,NO DEFECTS,,DISTRACTION - FROM INSIDE VEHICLE,UNABLE TO DETERMINE,Y,NONINCAPACITATING INJURY,22,8,41.9619455712,-87.6504379472,2020,30,POINT (-87.6504379472 41.9619455712),,,,,2020-08-30,False,2,Uptown
4698,30,TRAFFIC SIGNAL,FUNCTIONING PROPERLY,CLEAR,DAYLIGHT,PEDALCYCLIST,DIVIDED - W/MEDIAN (NOT RAISED),STRAIGHT AND LEVEL,DRY,UNKNOWN,,IMPROPER LANE USAGE,NOT APPLICABLE,,NO INDICATION OF INJURY,6,8,41.9683378835,-87.7086981107,2020,30,POINT (-87.7086981107 41.9683378835),,,,,2020-08-31,False,13,Albany Park
4699,30,TRAFFIC SIGNAL,FUNCTIONING PROPERLY,CLEAR,DAYLIGHT,PEDALCYCLIST,ONE-WAY,STRAIGHT AND LEVEL,DRY,NO DEFECTS,,UNABLE TO DETERMINE,NOT APPLICABLE,,NO INDICATION OF INJURY,8,8,41.8756584768,-87.6318770841,2020,30,POINT (-87.6318770841 41.8756584768),,,,,2020-08-31,False,31,Loop
4700,30,NO CONTROLS,NO CONTROLS,CLEAR,DAYLIGHT,PEDALCYCLIST,ONE-WAY,STRAIGHT AND LEVEL,DRY,OTHER,,UNABLE TO DETERMINE,NOT APPLICABLE,,NO INDICATION OF INJURY,13,8,41.9157118915,-87.7021851739,2020,30,POINT (-87.7021851739 41.9157118915),,,,,2020-08-31,False,21,Logan Square
4701,30,STOP SIGN/FLASHER,FUNCTIONING PROPERLY,CLEAR,DAYLIGHT,PEDALCYCLIST,T-INTERSECTION,STRAIGHT AND LEVEL,DRY,NO DEFECTS,Y,UNABLE TO DETERMINE,UNABLE TO DETERMINE,,NONINCAPACITATING INJURY,15,8,41.8777059844,-87.7453253464,2020,30,POINT (-87.7453253464 41.8777059844),,,,,2020-08-31,False,24,Austin
4702,15,STOP SIGN/FLASHER,FUNCTIONING PROPERLY,CLEAR,DAYLIGHT,PEDALCYCLIST,PARKING LOT,STRAIGHT ON GRADE,DRY,NO DEFECTS,,IMPROPER LANE USAGE,NOT APPLICABLE,,NO INDICATION OF INJURY,18,8,41.9465528262,-87.7005357656,2020,15,POINT (-87.7005357656 41.9465528262),,,,,2020-08-31,False,15,Irving Park
4703,30,TRAFFIC SIGNAL,FUNCTIONING PROPERLY,CLOUDY/OVERCAST,DAYLIGHT,PEDALCYCLIST,FOUR WAY,STRAIGHT AND LEVEL,WET,NO DEFECTS,Y,DRIVING SKILLS/KNOWLEDGE/EXPERIENCE,NOT APPLICABLE,,NONINCAPACITATING INJURY,6,9,41.9176078916,-87.6872639972,2020,30,POINT (-87.6872639972 41.9176078916),,,,,2020-09-02,False,21,Logan Square
4704,25,NO CONTROLS,NO CONTROLS,CLEAR,DAYLIGHT,PEDALCYCLIST,NOT DIVIDED,STRAIGHT AND LEVEL,DRY,NO DEFECTS,,FAILING TO YIELD RIGHT-OF-WAY,DISTRACTION - FROM INSIDE VEHICLE,Y,NONINCAPACITATING INJURY,7,9,41.9430977711,-87.6793455565,2020,25,POINT (-87.6793455565 41.9430977711),,,,,2020-09-02,False,4,North Center
4705,30,TRAFFIC SIGNAL,FUNCTIONING PROPERLY,CLEAR,DAYLIGHT,PEDALCYCLIST,NOT DIVIDED,STRAIGHT AND LEVEL,DRY,NO DEFECTS,,FAILING TO YIELD RIGHT-OF-WAY,UNABLE TO DETERMINE,,NO INDICATION OF INJURY,8,9,41.8824858142,-87.6648355011,2020,30,POINT (-87.6648355011 41.8824858142),,,,,2020-09-02,False,27,Near West Side
4706,30,NO CONTROLS,NO CONTROLS,CLEAR,DUSK,PEDALCYCLIST,ONE-WAY,STRAIGHT AND LEVEL,DRY,NO DEFECTS,,UNABLE TO DETERMINE,UNABLE TO DETERMINE,,NONINCAPACITATING INJURY,12,9,41.8002843211,-87.5875283868,2020,30,POINT (-87.5875283868 41.8002843211),,,,,2020-09-02,False,40,Hyde Park
4707,30,TRAFFIC SIGNAL,FUNCTIONING PROPERLY,CLEAR,DAYLIGHT,PEDALCYCLIST,DIVIDED - W/MEDIAN (NOT RAISED),STRAIGHT AND LEVEL,DRY,NO DEFECTS,,DISREGARDING OTHER TRAFFIC SIGNS,UNABLE TO DETERMINE,N,NO INDICATION OF INJURY,15,9,41.9097338901,-87.746244973,2020,30,POINT (-87.746244973 41.9097338901),,,,,2020-09-02,False,24,Austin
4708,30,NO CONTROLS,NO CONTROLS,CLEAR,DAYLIGHT,PEDALCYCLIST,NOT DIVIDED,STRAIGHT AND LEVEL,DRY,NO DEFECTS,,UNABLE TO DETERMINE,NOT APPLICABLE,,NO INDICATION OF INJURY,17,9,41.9179512711,-87.6564693661,2020,30,POINT (-87.6564693661 41.9179512711),,,,,2020-09-02,False,6,Lincoln Park
4709,35,NO CONTROLS,NO CONTROLS,CLEAR,DAYLIGHT,PEDALCYCLIST,NOT DIVIDED,STRAIGHT AND LEVEL,DRY,NO DEFECTS,,"VISION OBSCURED (SIGNS, TREE LIMBS, BUILDINGS, ETC.)",NOT APPLICABLE,,NONINCAPACITATING INJURY,18,9,41.9546823257,-87.6491137091,2020,35,POINT (-87.6491137091 41.9546823257),,,,,2020-09-02,False,2,Uptown
4710,30,NO CONTROLS,NO CONTROLS,CLEAR,DAYLIGHT,PEDALCYCLIST,DIVIDED - W/MEDIAN (NOT RAISED),STRAIGHT AND LEVEL,DRY,NO DEFECTS,,FAILING TO YIELD RIGHT-OF-WAY,FAILING TO YIELD RIGHT-OF-WAY,Y,NONINCAPACITATING INJURY,18,9,41.9852505473,-87.7139714858,2020,30,POINT (-87.7139714858 41.9852505473),,,,,2020-09-02,False,12,North Park
4711,30,NO CONTROLS,NO CONTROLS,CLEAR,DAYLIGHT,PEDALCYCLIST,NOT DIVIDED,STRAIGHT AND LEVEL,DRY,NO DEFECTS,N,FAILING TO YIELD RIGHT-OF-WAY,FAILING TO REDUCE SPEED TO AVOID CRASH,,NONINCAPACITATING INJURY,18,9,41.8525907954,-87.721030678,2020,30,POINT (-87.721030678 41.8525907954),,,,,2020-09-02,False,28,North Lawndale
4712,25,TRAFFIC SIGNAL,FUNCTIONING PROPERLY,CLEAR,"DARKNESS, LIGHTED ROAD",PEDALCYCLIST,NOT DIVIDED,STRAIGHT AND LEVEL,DRY,NO DEFECTS,Y,DISREGARDING TRAFFIC SIGNALS,NOT APPLICABLE,,NONINCAPACITATING INJURY,20,9,41.8524380492,-87.6661522304,2020,25,POINT (-87.6661522304 41.8524380492),,,,,2020-09-02,False,30,Lower West Side
4713,30,STOP SIGN/FLASHER,UNKNOWN,CLEAR,"DARKNESS, LIGHTED ROAD",PEDALCYCLIST,NOT DIVIDED,STRAIGHT AND LEVEL,DRY,NO DEFECTS,Y,FAILING TO YIELD RIGHT-OF-WAY,NOT APPLICABLE,,NONINCAPACITATING INJURY,22,9,41.9288910926,-87.6635922226,2020,30,POINT (-87.6635922226 41.9288910926),,,,,2020-09-02,False,6,Lincoln Park
4714,20,NO CONTROLS,NO CONTROLS,CLEAR,"DARKNESS, LIGHTED ROAD",PEDALCYCLIST,ONE-WAY,STRAIGHT AND LEVEL,DRY,NO DEFECTS,,FAILING TO YIELD RIGHT-OF-WAY,UNABLE TO DETERMINE,,NO INDICATION OF INJURY,0,9,41.9176739666,-87.7485429212,2020,20,POINT (-87.7485429212 41.9176739666),,,,,2020-09-03,False,18,Belmont Cragin
4715,30,NO CONTROLS,NO CONTROLS,CLEAR,DAYLIGHT,PEDALCYCLIST,NOT DIVIDED,STRAIGHT AND LEVEL,DRY,NO DEFECTS,,UNABLE TO DETERMINE,UNABLE TO DETERMINE,,NO INDICATION OF INJURY,9,9,41.8979145871,-87.7656517482,2020,30,POINT (-87.7656517482 41.8979145871),,,,,2020-09-03,False,24,Austin
4716,30,NO CONTROLS,NO CONTROLS,CLEAR,DAYLIGHT,PEDALCYCLIST,NOT DIVIDED,STRAIGHT AND LEVEL,DRY,NO DEFECTS,,UNABLE TO DETERMINE,NOT APPLICABLE,Y,"REPORTED, NOT EVIDENT",9,9,41.7183892375,-87.6432750738,2020,30,POINT (-87.6432750738 41.7183892375),,,,,2020-09-03,False,72,Washington Heights
4717,20,NO CONTROLS,NO CONTROLS,CLEAR,DAYLIGHT,PEDALCYCLIST,NOT DIVIDED,STRAIGHT AND LEVEL,DRY,NO DEFECTS,,FAILING TO YIELD RIGHT-OF-WAY,NOT APPLICABLE,,NO INDICATION OF INJURY,10,9,42.0087861963,-87.6677468704,2020,20,POINT (-87.6677468704 42.0087861963),,,,,2020-09-03,False,0,Rogers Park
4718,15,NO CONTROLS,NO CONTROLS,CLEAR,DAYLIGHT,PEDALCYCLIST,DRIVEWAY,STRAIGHT AND LEVEL,DRY,NO DEFECTS,,UNABLE TO DETERMINE,NOT APPLICABLE,,NONINCAPACITATING INJURY,11,9,41.8667243541,-87.6259611484,2020,15,POINT (-87.6259611484 41.8667243541),,,,,2020-09-03,False,32,Near South Side
4719,30,OTHER,OTHER,CLEAR,DAYLIGHT,PEDALCYCLIST,NOT DIVIDED,STRAIGHT AND LEVEL,DRY,NO DEFECTS,,NOT APPLICABLE,NOT APPLICABLE,Y,NONINCAPACITATING INJURY,12,9,41.9175411268,-87.6486290103,2020,30,POINT (-87.6486290103 41.9175411268),,,,,2020-09-03,False,6,Lincoln Park
4720,30,TRAFFIC SIGNAL,FUNCTIONING PROPERLY,CLEAR,DAYLIGHT,PEDALCYCLIST,DIVIDED - W/MEDIAN (NOT RAISED),STRAIGHT AND LEVEL,DRY,NO DEFECTS,Y,DISREGARDING STOP SIGN,DRIVING SKILLS/KNOWLEDGE/EXPERIENCE,,INCAPACITATING INJURY,13,9,41.8484031965,-87.6440795681,2020,30,POINT (-87.6440795681 41.8484031965),,,,,2020-09-03,True,30,Lower West Side
4721,30,NO CONTROLS,NO CONTROLS,UNKNOWN,DAYLIGHT,PEDALCYCLIST,DIVIDED - W/MEDIAN (NOT RAISED),STRAIGHT AND LEVEL,UNKNOWN,UNKNOWN,,UNABLE TO DETERMINE,NOT APPLICABLE,,NONINCAPACITATING INJURY,14,9,41.9249466115,-87.694362973,2020,30,POINT (-87.694362973 41.9249466115),,,,,2020-09-03,False,21,Logan Square
4722,30,BICYCLE CROSSING SIGN,FUNCTIONING PROPERLY,CLEAR,DAYLIGHT,PEDALCYCLIST,NOT DIVIDED,STRAIGHT AND LEVEL,DRY,NO DEFECTS,,FAILING TO YIELD RIGHT-OF-WAY,NOT APPLICABLE,,"REPORTED, NOT EVIDENT",15,9,41.9339635712,-87.6608880464,2020,30,POINT (-87.6608880464 41.9339635712),,,,,2020-09-03,False,5,Lake View
4723,25,NO CONTROLS,NO CONTROLS,CLEAR,DAYLIGHT,PEDALCYCLIST,ONE-WAY,STRAIGHT AND LEVEL,DRY,NO DEFECTS,,UNABLE TO DETERMINE,UNABLE TO DETERMINE,,NONINCAPACITATING INJURY,17,9,41.8812758272,-87.760300421,2020,25,POINT (-87.760300421 41.8812758272),,,,,2020-09-03,False,24,Austin
4724,30,STOP SIGN/FLASHER,FUNCTIONING PROPERLY,CLEAR,"DARKNESS, LIGHTED ROAD",PEDALCYCLIST,NOT DIVIDED,STRAIGHT AND LEVEL,DRY,NO DEFECTS,Y,DISREGARDING STOP SIGN,"VISION OBSCURED (SIGNS, TREE LIMBS, BUILDINGS, ETC.)",,NONINCAPACITATING INJURY,20,9,41.925329694,-87.7951481998,2020,30,POINT (-87.7951481998 41.925329694),,,,,2020-09-03,False,17,Montclare
4725,30,TRAFFIC SIGNAL,FUNCTIONING PROPERLY,CLEAR,DAYLIGHT,PEDALCYCLIST,"FIVE POINT, OR MORE",STRAIGHT AND LEVEL,DRY,NO DEFECTS,Y,FAILING TO YIELD RIGHT-OF-WAY,UNABLE TO DETERMINE,,NONINCAPACITATING INJURY,7,9,41.925056905,-87.6843068475,2020,30,POINT (-87.6843068475 41.925056905),,,,,2020-09-04,False,21,Logan Square
4726,30,TRAFFIC SIGNAL,FUNCTIONING PROPERLY,CLEAR,DAYLIGHT,PEDALCYCLIST,FOUR WAY,STRAIGHT AND LEVEL,DRY,NO DEFECTS,Y,DISREGARDING TRAFFIC SIGNALS,NOT APPLICABLE,,INCAPACITATING INJURY,8,9,41.8853485588,-87.6671144038,2020,30,POINT (-87.6671144038 41.8853485588),,,,,2020-09-04,True,27,Near West Side
4727,30,TRAFFIC SIGNAL,FUNCTIONING PROPERLY,CLEAR,DAYLIGHT,PEDALCYCLIST,FOUR WAY,STRAIGHT AND LEVEL,DRY,NO DEFECTS,Y,UNABLE TO DETERMINE,UNABLE TO DETERMINE,,NONINCAPACITATING INJURY,14,9,41.7766846147,-87.6059935789,2020,30,POINT (-87.6059935789 41.7766846147),,,,,2020-09-04,False,41,Woodlawn
4728,30,STOP SIGN/FLASHER,OTHER,CLEAR,DAYLIGHT,PEDALCYCLIST,NOT DIVIDED,STRAIGHT AND LEVEL,DRY,NO DEFECTS,,UNABLE TO DETERMINE,NOT APPLICABLE,,NO INDICATION OF INJURY,14,9,41.8227727272,-87.6096567881,2020,30,POINT (-87.6096567881 41.8227727272),,,,,2020-09-04,False,35,Oakland
4729,30,UNKNOWN,UNKNOWN,CLEAR,DAYLIGHT,PEDALCYCLIST,DIVIDED - W/MEDIAN BARRIER,STRAIGHT AND LEVEL,DRY,NO DEFECTS,,UNABLE TO DETERMINE,UNABLE TO DETERMINE,,INCAPACITATING INJURY,18,9,41.8845853706,-87.6207921526,2020,30,POINT (-87.6207921526 41.8845853706),,,,,2020-09-04,True,31,Loop
4730,30,TRAFFIC SIGNAL,FUNCTIONING PROPERLY,CLEAR,DARKNESS,PEDALCYCLIST,FOUR WAY,STRAIGHT AND LEVEL,DRY,NO DEFECTS,Y,DISREGARDING TRAFFIC SIGNALS,UNABLE TO DETERMINE,,INCAPACITATING INJURY,20,9,41.9026765956,-87.7118021474,2020,30,POINT (-87.7118021474 41.9026765956),,,,,2020-09-04,True,22,Humboldt Park
4731,30,NO CONTROLS,NO CONTROLS,CLEAR,"DARKNESS, LIGHTED ROAD",PEDALCYCLIST,DIVIDED - W/MEDIAN (NOT RAISED),STRAIGHT AND LEVEL,DRY,NO DEFECTS,,FAILING TO YIELD RIGHT-OF-WAY,NOT APPLICABLE,Y,NONINCAPACITATING INJURY,20,9,41.9329709698,-87.6417874079,2020,30,POINT (-87.6417874079 41.9329709698),,,,,2020-09-04,False,5,Lake View
4732,30,STOP SIGN/FLASHER,FUNCTIONING PROPERLY,CLEAR,DAYLIGHT,PEDALCYCLIST,DIVIDED - W/MEDIAN (NOT RAISED),STRAIGHT AND LEVEL,DRY,NO DEFECTS,,RELATED TO BUS STOP,FAILING TO YIELD RIGHT-OF-WAY,,NONINCAPACITATING INJURY,12,9,41.8011583749,-87.6770823464,2020,30,POINT (-87.6770823464 41.8011583749),,,,,2020-09-05,False,60,New City
4733,30,STOP SIGN/FLASHER,NO CONTROLS,CLEAR,DAYLIGHT,PEDALCYCLIST,NOT DIVIDED,STRAIGHT AND LEVEL,DRY,NO DEFECTS,Y,UNABLE TO DETERMINE,UNABLE TO DETERMINE,,NONINCAPACITATING INJURY,13,9,41.8580311178,-87.6207105586,2020,30,POINT (-87.6207105586 41.8580311178),,,,,2020-09-05,False,32,Near South Side
4734,30,NO CONTROLS,NO CONTROLS,CLEAR,DAYLIGHT,PEDALCYCLIST,NOT DIVIDED,STRAIGHT AND LEVEL,DRY,NO DEFECTS,,IMPROPER TURNING/NO SIGNAL,UNABLE TO DETERMINE,,NONINCAPACITATING INJURY,14,9,41.7881519391,-87.7035512852,2020,30,POINT (-87.7035512852 41.7881519391),,,,,2020-09-05,False,62,Gage Park
4735,30,NO CONTROLS,NO CONTROLS,CLEAR,DAYLIGHT,PEDALCYCLIST,DIVIDED - W/MEDIAN (NOT RAISED),STRAIGHT AND LEVEL,DRY,NO DEFECTS,,UNABLE TO DETERMINE,UNABLE TO DETERMINE,,INCAPACITATING INJURY,16,9,41.8669688274,-87.6685426887,2020,30,POINT (-87.6685426887 41.8669688274),,,,,2020-09-05,True,27,Near West Side
4736,30,UNKNOWN,UNKNOWN,CLEAR,DUSK,PEDALCYCLIST,ONE-WAY,STRAIGHT AND LEVEL,DRY,WORN SURFACE,,UNABLE TO DETERMINE,NOT APPLICABLE,,NONINCAPACITATING INJURY,18,9,41.7515759874,-87.5712510973,2020,30,POINT (-87.5712510973 41.7515759874),,,,,2020-09-05,False,42,South Shore
4737,30,TRAFFIC SIGNAL,FUNCTIONING PROPERLY,CLEAR,"DARKNESS, LIGHTED ROAD",PEDALCYCLIST,FOUR WAY,STRAIGHT AND LEVEL,DRY,NO DEFECTS,Y,FAILING TO YIELD RIGHT-OF-WAY,NOT APPLICABLE,,NONINCAPACITATING INJURY,19,9,41.8309224418,-87.6316505184,2020,30,POINT (-87.6316505184 41.8309224418),,,,,2020-09-05,False,33,Armour Square
4738,25,NO CONTROLS,NO CONTROLS,CLEAR,DAYLIGHT,PEDALCYCLIST,NOT DIVIDED,STRAIGHT AND LEVEL,WET,NO DEFECTS,Y,UNABLE TO DETERMINE,UNABLE TO DETERMINE,N,NONINCAPACITATING INJURY,12,9,41.9975776286,-87.6923796946,2020,25,POINT (-87.6923796946 41.9975776286),,,,,2020-09-06,False,1,West Ridge
4739,45,TRAFFIC SIGNAL,FUNCTIONING PROPERLY,CLEAR,DAYLIGHT,PEDALCYCLIST,FOUR WAY,STRAIGHT AND LEVEL,WET,NO DEFECTS,Y,DISREGARDING TRAFFIC SIGNALS,UNABLE TO DETERMINE,,NONINCAPACITATING INJURY,13,9,41.8808560477,-87.6176358918,2020,45,POINT (-87.6176358918 41.8808560477),,,,,2020-09-06,False,31,Loop
4740,30,STOP SIGN/FLASHER,UNKNOWN,CLEAR,"DARKNESS, LIGHTED ROAD",PEDALCYCLIST,NOT DIVIDED,STRAIGHT AND LEVEL,DRY,UNKNOWN,,IMPROPER OVERTAKING/PASSING,NOT APPLICABLE,,NONINCAPACITATING INJURY,19,9,41.8377948997,-87.685148751,2020,30,POINT (-87.685148751 41.8377948997),,,,,2020-09-06,False,30,Lower West Side