Unnamed: 0,POSTED_SPEED_LIMIT,TRAFFIC_CONTROL_DEVICE,DEVICE_CONDITION,WEATHER_CONDITION,LIGHTING_CONDITION,FIRST_CRASH_TYPE,TRAFFICWAY_TYPE,ALIGNMENT,ROADWAY_SURFACE_COND,ROAD_DEFECT,INTERSECTION_RELATED_I,PRIM_CONTRIBUTORY_CAUSE,SEC_CONTRIBUTORY_CAUSE,DOORING_I,MOST_SEVERE_INJURY,CRASH_HOUR,CRASH_MONTH,LATITUDE,LONGITUDE,CRASH_YEAR,SPEED_LIMIT,geometry,DISPLAYROU,the_geom,DIST,LANE_TYPE,CRASH_DATE,is_severe,index_right,CArea
4741,30,TRAFFIC SIGNAL,FUNCTIONING PROPERLY,CLEAR,"DARKNESS, LIGHTED ROAD",PEDALCYCLIST,T-INTERSECTION,STRAIGHT AND LEVEL,DRY,NO DEFECTS,Y,"DISTRACTION - OTHER ELECTRONIC DEVICE (NAVIGATION DEVICE, DVD PLAYER, ETC.)",UNABLE TO DETERMINE,,NONINCAPACITATING INJURY,23,9,41.8718575944,-87.6468729041,2020,30,POINT (-87.6468729041 41.8718575944),,,,,2020-09-06,False,27,Near West Side
4742,30,NO CONTROLS,NO CONTROLS,CLEAR,"DARKNESS, LIGHTED ROAD",PEDALCYCLIST,DIVIDED - W/MEDIAN (NOT RAISED),STRAIGHT AND LEVEL,DRY,NO DEFECTS,Y,FAILING TO REDUCE SPEED TO AVOID CRASH,UNABLE TO DETERMINE,,NONINCAPACITATING INJURY,23,9,41.9223260337,-87.7461056646,2020,30,POINT (-87.7461056646 41.9223260337),,,,,2020-09-06,False,18,Belmont Cragin
4743,30,TRAFFIC SIGNAL,FUNCTIONING PROPERLY,CLEAR,"DARKNESS, LIGHTED ROAD",PEDALCYCLIST,FOUR WAY,STRAIGHT AND LEVEL,DRY,NO DEFECTS,,DRIVING SKILLS/KNOWLEDGE/EXPERIENCE,FAILING TO REDUCE SPEED TO AVOID CRASH,,NONINCAPACITATING INJURY,0,9,41.8993434371,-87.7024967196,2020,30,POINT (-87.7024967196 41.8993434371),,,,,2020-09-07,False,22,Humboldt Park
4744,30,TRAFFIC SIGNAL,FUNCTIONING PROPERLY,CLEAR,DAYLIGHT,PEDALCYCLIST,NOT DIVIDED,STRAIGHT AND LEVEL,DRY,NO DEFECTS,Y,UNABLE TO DETERMINE,UNABLE TO DETERMINE,,NONINCAPACITATING INJURY,15,9,41.9184341978,-87.6386783924,2020,30,POINT (-87.6386783924 41.9184341978),,,,,2020-09-07,False,6,Lincoln Park
4745,35,NO CONTROLS,NO CONTROLS,CLEAR,DAYLIGHT,PEDALCYCLIST,ALLEY,STRAIGHT AND LEVEL,DRY,NO DEFECTS,,FAILING TO YIELD RIGHT-OF-WAY,NOT APPLICABLE,,INCAPACITATING INJURY,16,9,41.6986209036,-87.7101861418,2020,35,POINT (-87.7101861418 41.6986209036),,,,,2020-09-07,True,73,Mount Greenwood
4746,30,NO CONTROLS,NO CONTROLS,CLEAR,DAYLIGHT,PEDALCYCLIST,T-INTERSECTION,STRAIGHT AND LEVEL,DRY,NO DEFECTS,Y,DRIVING SKILLS/KNOWLEDGE/EXPERIENCE,UNABLE TO DETERMINE,,"REPORTED, NOT EVIDENT",16,9,41.9549637337,-87.7619853974,2020,30,POINT (-87.7619853974 41.9549637337),,,,,2020-09-07,False,14,Portage Park
4747,30,TRAFFIC SIGNAL,FUNCTIONING PROPERLY,CLEAR,DAYLIGHT,PEDALCYCLIST,NOT DIVIDED,STRAIGHT AND LEVEL,DRY,UNKNOWN,Y,FAILING TO YIELD RIGHT-OF-WAY,FAILING TO YIELD RIGHT-OF-WAY,,NO INDICATION OF INJURY,16,9,41.8963891519,-87.654564143,2020,30,POINT (-87.654564143 41.8963891519),,,,,2020-09-07,False,7,Near North Side
4748,30,STOP SIGN/FLASHER,FUNCTIONING PROPERLY,CLEAR,DAYLIGHT,PEDALCYCLIST,T-INTERSECTION,STRAIGHT AND LEVEL,DRY,NO DEFECTS,Y,"VISION OBSCURED (SIGNS, TREE LIMBS, BUILDINGS, ETC.)",NOT APPLICABLE,,INCAPACITATING INJURY,17,9,41.8098507303,-87.7038968167,2020,30,POINT (-87.7038968167 41.8098507303),,,,,2020-09-07,True,57,Brighton Park
4749,30,NO CONTROLS,NO CONTROLS,CLEAR,DAYLIGHT,PEDALCYCLIST,NOT DIVIDED,STRAIGHT AND LEVEL,DRY,NO DEFECTS,Y,UNABLE TO DETERMINE,UNABLE TO DETERMINE,,NO INDICATION OF INJURY,17,9,41.9321005728,-87.6386779311,2020,30,POINT (-87.6386779311 41.9321005728),,,,,2020-09-07,False,6,Lincoln Park
4750,15,NO CONTROLS,NO CONTROLS,CLEAR,"DARKNESS, LIGHTED ROAD",PEDALCYCLIST,ALLEY,STRAIGHT AND LEVEL,DRY,NO DEFECTS,,"VISION OBSCURED (SIGNS, TREE LIMBS, BUILDINGS, ETC.)",UNABLE TO DETERMINE,,NONINCAPACITATING INJURY,19,9,41.952552777,-87.7766113644,2020,15,POINT (-87.7766113644 41.952552777),,,,,2020-09-07,False,14,Portage Park
4751,20,STOP SIGN/FLASHER,FUNCTIONING PROPERLY,CLEAR,"DARKNESS, LIGHTED ROAD",PEDALCYCLIST,ONE-WAY,STRAIGHT AND LEVEL,DRY,NO DEFECTS,Y,UNABLE TO DETERMINE,UNABLE TO DETERMINE,,NO INDICATION OF INJURY,21,9,41.7809347217,-87.6874990144,2020,20,POINT (-87.6874990144 41.7809347217),,,,,2020-09-07,False,65,Chicago Lawn
4752,30,TRAFFIC SIGNAL,FUNCTIONING PROPERLY,CLEAR,"DARKNESS, LIGHTED ROAD",PEDALCYCLIST,NOT DIVIDED,STRAIGHT AND LEVEL,DRY,NO DEFECTS,Y,FAILING TO YIELD RIGHT-OF-WAY,NOT APPLICABLE,,NO INDICATION OF INJURY,23,9,41.9398486191,-87.7126679483,2020,30,POINT (-87.7126679483 41.9398486191),,,,,2020-09-07,False,15,Irving Park
4753,30,OTHER,FUNCTIONING PROPERLY,RAIN,DAYLIGHT,PEDALCYCLIST,T-INTERSECTION,STRAIGHT AND LEVEL,WET,NO DEFECTS,,FAILING TO YIELD RIGHT-OF-WAY,DRIVING ON WRONG SIDE/WRONG WAY,,NONINCAPACITATING INJURY,15,9,41.6933944685,-87.6229828367,2020,30,POINT (-87.6229828367 41.6933944685),,,,,2020-09-08,False,48,Roseland
4754,30,TRAFFIC SIGNAL,FUNCTIONING PROPERLY,CLEAR,DAYLIGHT,PEDALCYCLIST,Y-INTERSECTION,STRAIGHT AND LEVEL,DRY,NO DEFECTS,N,FAILING TO YIELD RIGHT-OF-WAY,IMPROPER OVERTAKING/PASSING,,NONINCAPACITATING INJURY,16,9,41.8931200519,-87.6575819131,2020,30,POINT (-87.6575819131 41.8931200519),,,,,2020-09-08,False,7,Near North Side
4755,30,NO CONTROLS,NO CONTROLS,RAIN,DUSK,PEDALCYCLIST,NOT DIVIDED,STRAIGHT AND LEVEL,WET,UNKNOWN,,FAILING TO YIELD RIGHT-OF-WAY,FAILING TO YIELD RIGHT-OF-WAY,Y,NONINCAPACITATING INJURY,17,9,41.9398576113,-87.6649212132,2020,30,POINT (-87.6649212132 41.9398576113),,,,,2020-09-08,False,5,Lake View
4756,30,TRAFFIC SIGNAL,FUNCTIONING PROPERLY,CLOUDY/OVERCAST,DAYLIGHT,PEDALCYCLIST,T-INTERSECTION,STRAIGHT AND LEVEL,DRY,NO DEFECTS,Y,DISREGARDING OTHER TRAFFIC SIGNS,FAILING TO YIELD RIGHT-OF-WAY,,FATAL,7,9,41.8823398593,-87.676787988,2020,30,POINT (-87.676787988 41.8823398593),,,,,2020-09-09,True,27,Near West Side
4757,30,NO CONTROLS,NO CONTROLS,CLEAR,DAYLIGHT,PEDALCYCLIST,ONE-WAY,STRAIGHT AND LEVEL,WET,NO DEFECTS,,FAILING TO YIELD RIGHT-OF-WAY,UNABLE TO DETERMINE,,NONINCAPACITATING INJURY,8,9,41.9282936297,-87.7048133198,2020,30,POINT (-87.7048133198 41.9282936297),,,,,2020-09-09,False,21,Logan Square
4758,30,NO CONTROLS,NO CONTROLS,CLOUDY/OVERCAST,DAYLIGHT,PEDALCYCLIST,NOT DIVIDED,STRAIGHT AND LEVEL,UNKNOWN,UNKNOWN,,UNABLE TO DETERMINE,NOT APPLICABLE,,NO INDICATION OF INJURY,9,9,41.8380924328,-87.6659036457,2020,30,POINT (-87.6659036457 41.8380924328),,,,,2020-09-10,False,30,Lower West Side
4759,30,TRAFFIC SIGNAL,FUNCTIONING PROPERLY,CLEAR,DAYLIGHT,PEDALCYCLIST,NOT DIVIDED,STRAIGHT AND LEVEL,DRY,NO DEFECTS,,UNABLE TO DETERMINE,UNABLE TO DETERMINE,,NO INDICATION OF INJURY,9,9,41.9022927347,-87.7559219562,2020,30,POINT (-87.7559219562 41.9022927347),,,,,2020-09-10,False,24,Austin
4760,30,TRAFFIC SIGNAL,FUNCTIONING PROPERLY,CLEAR,DAYLIGHT,PEDALCYCLIST,FOUR WAY,STRAIGHT ON GRADE,DRY,NO DEFECTS,Y,FAILING TO YIELD RIGHT-OF-WAY,NOT APPLICABLE,,NO INDICATION OF INJURY,15,9,41.9547403371,-87.6456420433,2020,30,POINT (-87.6456420433 41.9547403371),,,,,2020-09-10,False,2,Uptown
4761,30,UNKNOWN,UNKNOWN,UNKNOWN,UNKNOWN,PEDALCYCLIST,NOT DIVIDED,STRAIGHT AND LEVEL,UNKNOWN,UNKNOWN,,UNABLE TO DETERMINE,UNABLE TO DETERMINE,Y,NONINCAPACITATING INJURY,19,9,41.8833839752,-87.6475552045,2020,30,POINT (-87.6475552045 41.8833839752),,,,,2020-09-10,False,27,Near West Side
4762,30,NO CONTROLS,NO CONTROLS,RAIN,"DARKNESS, LIGHTED ROAD",PEDALCYCLIST,PARKING LOT,STRAIGHT AND LEVEL,WET,NO DEFECTS,,FAILING TO YIELD RIGHT-OF-WAY,NOT APPLICABLE,,NONINCAPACITATING INJURY,20,9,41.7684549099,-87.664038433,2020,30,POINT (-87.664038433 41.7684549099),,,,,2020-09-10,False,66,Englewood
4763,30,TRAFFIC SIGNAL,FUNCTIONING PROPERLY,CLEAR,DAYLIGHT,PEDALCYCLIST,NOT DIVIDED,STRAIGHT AND LEVEL,DRY,NO DEFECTS,Y,DISREGARDING TRAFFIC SIGNALS,FAILING TO REDUCE SPEED TO AVOID CRASH,N,NONINCAPACITATING INJURY,7,9,41.947445791,-87.647170375,2020,30,POINT (-87.647170375 41.947445791),,,,,2020-09-11,False,5,Lake View
4764,30,NO CONTROLS,NO CONTROLS,RAIN,DAYLIGHT,PEDALCYCLIST,NOT DIVIDED,STRAIGHT AND LEVEL,WET,NO DEFECTS,,FAILING TO YIELD RIGHT-OF-WAY,FAILING TO REDUCE SPEED TO AVOID CRASH,Y,NONINCAPACITATING INJURY,9,9,41.855675107,-87.6464352133,2020,30,POINT (-87.6464352133 41.855675107),,,,,2020-09-11,False,30,Lower West Side
4765,25,STOP SIGN/FLASHER,FUNCTIONING PROPERLY,RAIN,DAYLIGHT,PEDALCYCLIST,ONE-WAY,STRAIGHT AND LEVEL,WET,NO DEFECTS,Y,DRIVING SKILLS/KNOWLEDGE/EXPERIENCE,UNABLE TO DETERMINE,,NONINCAPACITATING INJURY,11,9,41.9251976663,-87.7538433111,2020,25,POINT (-87.7538433111 41.9251976663),,,,,2020-09-11,False,18,Belmont Cragin
4766,30,NO CONTROLS,NO CONTROLS,CLEAR,DAYLIGHT,PEDALCYCLIST,DIVIDED - W/MEDIAN BARRIER,STRAIGHT ON GRADE,DRY,NO DEFECTS,,FAILING TO YIELD RIGHT-OF-WAY,NOT APPLICABLE,,NONINCAPACITATING INJURY,16,9,41.9528284002,-87.6691545339,2020,30,POINT (-87.6691545339 41.9528284002),,,,,2020-09-11,False,5,Lake View
4767,30,TRAFFIC SIGNAL,FUNCTIONING PROPERLY,CLOUDY/OVERCAST,DAYLIGHT,PEDALCYCLIST,CENTER TURN LANE,STRAIGHT AND LEVEL,DRY,NO DEFECTS,,DISREGARDING ROAD MARKINGS,NOT APPLICABLE,,NONINCAPACITATING INJURY,18,9,41.9535153966,-87.747782324,2020,30,POINT (-87.747782324 41.9535153966),,,,,2020-09-11,False,14,Portage Park
4768,30,STOP SIGN/FLASHER,UNKNOWN,CLEAR,"DARKNESS, LIGHTED ROAD",PEDALCYCLIST,NOT DIVIDED,STRAIGHT AND LEVEL,DRY,NO DEFECTS,Y,IMPROPER LANE USAGE,NOT APPLICABLE,,NONINCAPACITATING INJURY,21,9,41.8878620713,-87.7554862834,2020,30,POINT (-87.7554862834 41.8878620713),,,,,2020-09-11,False,24,Austin
4769,30,NO CONTROLS,NO CONTROLS,CLOUDY/OVERCAST,"DARKNESS, LIGHTED ROAD",PEDALCYCLIST,NOT DIVIDED,STRAIGHT AND LEVEL,DRY,NO DEFECTS,,NOT APPLICABLE,NOT APPLICABLE,Y,NONINCAPACITATING INJURY,22,9,41.9046059957,-87.7221887943,2020,30,POINT (-87.7221887943 41.9046059957),,,,,2020-09-11,False,22,Humboldt Park
4770,30,NO CONTROLS,NO CONTROLS,RAIN,DAYLIGHT,PEDALCYCLIST,DIVIDED - W/MEDIAN (NOT RAISED),STRAIGHT AND LEVEL,WET,NO DEFECTS,,DRIVING ON WRONG SIDE/WRONG WAY,WEATHER,,"REPORTED, NOT EVIDENT",9,9,41.9248313901,-87.6846273487,2020,30,POINT (-87.6846273487 41.9248313901),,,,,2020-09-12,False,21,Logan Square
4771,30,NO CONTROLS,NO CONTROLS,RAIN,DAYLIGHT,PEDALCYCLIST,NOT DIVIDED,STRAIGHT AND LEVEL,WET,NO DEFECTS,,FAILING TO YIELD RIGHT-OF-WAY,FAILING TO REDUCE SPEED TO AVOID CRASH,,NONINCAPACITATING INJURY,14,9,41.9094690663,-87.7351005032,2020,30,POINT (-87.7351005032 41.9094690663),,,,,2020-09-12,False,22,Humboldt Park
4772,30,NO CONTROLS,NO CONTROLS,RAIN,DAYLIGHT,PEDALCYCLIST,ONE-WAY,STRAIGHT AND LEVEL,WET,NO DEFECTS,,UNABLE TO DETERMINE,NOT APPLICABLE,,NO INDICATION OF INJURY,15,9,41.919507771,-87.6920305629,2020,30,POINT (-87.6920305629 41.919507771),,,,,2020-09-12,False,21,Logan Square
4773,30,STOP SIGN/FLASHER,FUNCTIONING PROPERLY,RAIN,DAYLIGHT,PEDALCYCLIST,DIVIDED - W/MEDIAN (NOT RAISED),STRAIGHT AND LEVEL,WET,NO DEFECTS,,DISREGARDING STOP SIGN,FAILING TO REDUCE SPEED TO AVOID CRASH,,NO INDICATION OF INJURY,18,9,41.9621151803,-87.7770189286,2020,30,POINT (-87.7770189286 41.9621151803),,,,,2020-09-12,False,14,Portage Park
4774,30,NO CONTROLS,NO CONTROLS,RAIN,DARKNESS,PEDALCYCLIST,DIVIDED - W/MEDIAN BARRIER,STRAIGHT AND LEVEL,WET,NO DEFECTS,Y,UNABLE TO DETERMINE,NOT APPLICABLE,,NO INDICATION OF INJURY,20,9,41.8801955577,-87.7650101466,2020,30,POINT (-87.7650101466 41.8801955577),,,,,2020-09-12,False,24,Austin
4775,35,NO CONTROLS,NO CONTROLS,RAIN,"DARKNESS, LIGHTED ROAD",PEDALCYCLIST,NOT DIVIDED,STRAIGHT AND LEVEL,WET,NO DEFECTS,,UNABLE TO DETERMINE,NOT APPLICABLE,,NONINCAPACITATING INJURY,20,9,41.9528846547,-87.794571084,2020,35,POINT (-87.794571084 41.9528846547),,,,,2020-09-12,False,16,Dunning
4776,30,TRAFFIC SIGNAL,FUNCTIONING PROPERLY,CLEAR,DAYLIGHT,PEDALCYCLIST,NOT DIVIDED,STRAIGHT AND LEVEL,DRY,NO DEFECTS,,FAILING TO YIELD RIGHT-OF-WAY,"OPERATING VEHICLE IN ERRATIC, RECKLESS, CARELESS, NEGLIGENT OR AGGRESSIVE MANNER",,NONINCAPACITATING INJURY,10,9,41.867105475,-87.6567450119,2020,30,POINT (-87.6567450119 41.867105475),,,,,2020-09-13,False,27,Near West Side
4777,30,NO CONTROLS,NO CONTROLS,CLEAR,DAYLIGHT,PEDALCYCLIST,NOT DIVIDED,STRAIGHT AND LEVEL,DRY,NO DEFECTS,,UNABLE TO DETERMINE,UNABLE TO DETERMINE,Y,NONINCAPACITATING INJURY,14,9,42.0109932539,-87.6745163637,2020,30,POINT (-87.6745163637 42.0109932539),,,,,2020-09-13,False,0,Rogers Park
4778,30,NO CONTROLS,NO CONTROLS,CLEAR,DAYLIGHT,PEDALCYCLIST,DIVIDED - W/MEDIAN (NOT RAISED),STRAIGHT AND LEVEL,DRY,NO DEFECTS,,FOLLOWING TOO CLOSELY,UNABLE TO DETERMINE,Y,NONINCAPACITATING INJURY,15,9,41.9198608171,-87.7561719491,2020,30,POINT (-87.7561719491 41.9198608171),,,,,2020-09-13,False,18,Belmont Cragin
4779,30,TRAFFIC SIGNAL,FUNCTIONING PROPERLY,CLEAR,DAYLIGHT,PEDALCYCLIST,OTHER,STRAIGHT AND LEVEL,DRY,NO DEFECTS,,UNABLE TO DETERMINE,UNABLE TO DETERMINE,,"REPORTED, NOT EVIDENT",15,9,41.8963519048,-87.6723366224,2020,30,POINT (-87.6723366224 41.8963519048),,,,,2020-09-13,False,23,West Town
4780,30,STOP SIGN/FLASHER,FUNCTIONING PROPERLY,CLEAR,"DARKNESS, LIGHTED ROAD",PEDALCYCLIST,NOT DIVIDED,STRAIGHT AND LEVEL,DRY,NO DEFECTS,Y,DISREGARDING STOP SIGN,UNABLE TO DETERMINE,,NONINCAPACITATING INJURY,19,9,41.8900076467,-87.6544515724,2020,30,POINT (-87.6544515724 41.8900076467),,,,,2020-09-13,False,7,Near North Side
4781,30,STOP SIGN/FLASHER,FUNCTIONING PROPERLY,CLEAR,"DARKNESS, LIGHTED ROAD",PEDALCYCLIST,NOT DIVIDED,STRAIGHT AND LEVEL,DRY,NO DEFECTS,Y,UNABLE TO DETERMINE,UNABLE TO DETERMINE,,NONINCAPACITATING INJURY,19,9,41.896905707,-87.7460001988,2020,30,POINT (-87.7460001988 41.896905707),,,,,2020-09-13,False,24,Austin
4782,30,TRAFFIC SIGNAL,FUNCTIONING PROPERLY,CLEAR,DARKNESS,PEDALCYCLIST,FOUR WAY,STRAIGHT AND LEVEL,DRY,NO DEFECTS,,UNABLE TO DETERMINE,UNABLE TO DETERMINE,,NONINCAPACITATING INJURY,19,9,41.6852606299,-87.6230344828,2020,30,POINT (-87.6230344828 41.6852606299),,,,,2020-09-13,False,48,Roseland
4783,30,TRAFFIC SIGNAL,FUNCTIONING PROPERLY,CLEAR,DAYLIGHT,PEDALCYCLIST,NOT DIVIDED,STRAIGHT AND LEVEL,DRY,UNKNOWN,Y,UNABLE TO DETERMINE,NOT APPLICABLE,,NONINCAPACITATING INJURY,14,9,41.9653223831,-87.6694968249,2020,30,POINT (-87.6694968249 41.9653223831),,,,,2020-09-14,False,2,Uptown
4784,30,TRAFFIC SIGNAL,FUNCTIONING PROPERLY,CLEAR,DAYLIGHT,PEDALCYCLIST,ROUNDABOUT,STRAIGHT AND LEVEL,DRY,NO DEFECTS,,UNABLE TO DETERMINE,UNABLE TO DETERMINE,,"REPORTED, NOT EVIDENT",15,9,41.9279907703,-87.7077870931,2020,30,POINT (-87.7077870931 41.9279907703),,,,,2020-09-14,False,21,Logan Square
4785,30,STOP SIGN/FLASHER,FUNCTIONING PROPERLY,CLEAR,DAYLIGHT,PEDALCYCLIST,DIVIDED - W/MEDIAN (NOT RAISED),STRAIGHT AND LEVEL,DRY,NO DEFECTS,Y,DISREGARDING STOP SIGN,UNABLE TO DETERMINE,,NONINCAPACITATING INJURY,16,9,41.7723620429,-87.6459574546,2020,30,POINT (-87.6459574546 41.7723620429),,,,,2020-09-14,False,67,Englewood
4786,30,TRAFFIC SIGNAL,FUNCTIONING PROPERLY,CLEAR,DAYLIGHT,PEDALCYCLIST,NOT DIVIDED,STRAIGHT AND LEVEL,DRY,NO DEFECTS,Y,FOLLOWING TOO CLOSELY,FAILING TO REDUCE SPEED TO AVOID CRASH,,NO INDICATION OF INJURY,16,9,41.9056267254,-87.6698014398,2020,30,POINT (-87.6698014398 41.9056267254),,,,,2020-09-14,False,23,West Town
4787,30,TRAFFIC SIGNAL,FUNCTIONING PROPERLY,CLEAR,DAYLIGHT,PEDALCYCLIST,FOUR WAY,STRAIGHT AND LEVEL,DRY,NO DEFECTS,,IMPROPER OVERTAKING/PASSING,IMPROPER OVERTAKING/PASSING,,NONINCAPACITATING INJURY,17,9,41.8320255398,-87.6752099493,2020,30,POINT (-87.6752099493 41.8320255398),,,,,2020-09-14,False,58,Mckinley Park
4788,30,TRAFFIC SIGNAL,FUNCTIONING PROPERLY,CLEAR,"DARKNESS, LIGHTED ROAD",PEDALCYCLIST,DIVIDED - W/MEDIAN (NOT RAISED),STRAIGHT AND LEVEL,DRY,NO DEFECTS,Y,FOLLOWING TOO CLOSELY,UNABLE TO DETERMINE,,NONINCAPACITATING INJURY,0,9,41.885695503,-87.6366807165,2020,30,POINT (-87.6366807165 41.885695503),,,,,2020-09-15,False,27,Near West Side
4789,30,TRAFFIC SIGNAL,FUNCTIONING PROPERLY,CLEAR,DAYLIGHT,PEDALCYCLIST,FOUR WAY,STRAIGHT ON HILLCREST,DRY,NO DEFECTS,Y,DISREGARDING TRAFFIC SIGNALS,DISREGARDING TRAFFIC SIGNALS,,INCAPACITATING INJURY,10,9,41.8918135803,-87.6133398789,2020,30,POINT (-87.6133398789 41.8918135803),,,,,2020-09-15,True,7,Near North Side
4790,30,UNKNOWN,UNKNOWN,CLEAR,DAYLIGHT,PEDALCYCLIST,DIVIDED - W/MEDIAN (NOT RAISED),STRAIGHT AND LEVEL,DRY,NO DEFECTS,,UNABLE TO DETERMINE,UNABLE TO DETERMINE,Y,NONINCAPACITATING INJURY,17,9,42.0050181464,-87.6964912116,2020,30,POINT (-87.6964912116 42.0050181464),,,,,2020-09-15,False,1,West Ridge
4791,35,STOP SIGN/FLASHER,FUNCTIONING PROPERLY,CLEAR,DAYLIGHT,PEDALCYCLIST,NOT DIVIDED,STRAIGHT AND LEVEL,DRY,NO DEFECTS,,IMPROPER TURNING/NO SIGNAL,UNABLE TO DETERMINE,,NONINCAPACITATING INJURY,17,9,41.8989550258,-87.6477259394,2020,35,POINT (-87.6477259394 41.8989550258),,,,,2020-09-15,False,7,Near North Side
4792,30,NO CONTROLS,NO CONTROLS,CLEAR,DARKNESS,PEDALCYCLIST,DIVIDED - W/MEDIAN (NOT RAISED),STRAIGHT AND LEVEL,DRY,NO DEFECTS,,UNABLE TO DETERMINE,NOT APPLICABLE,,NO INDICATION OF INJURY,19,9,41.9173325706,-87.7586839767,2020,30,POINT (-87.7586839767 41.9173325706),,,,,2020-09-15,False,18,Belmont Cragin
4793,30,NO CONTROLS,NO CONTROLS,CLEAR,DAYLIGHT,PEDALCYCLIST,NOT DIVIDED,STRAIGHT AND LEVEL,DRY,NO DEFECTS,,UNABLE TO DETERMINE,NOT APPLICABLE,,NO INDICATION OF INJURY,15,9,41.975307319,-87.7579249012,2020,30,POINT (-87.7579249012 41.975307319),,,,,2020-09-16,False,10,Jefferson Park
4794,30,STOP SIGN/FLASHER,UNKNOWN,CLEAR,DAYLIGHT,PEDALCYCLIST,NOT DIVIDED,STRAIGHT AND LEVEL,DRY,NO DEFECTS,Y,DRIVING SKILLS/KNOWLEDGE/EXPERIENCE,NOT APPLICABLE,,NO INDICATION OF INJURY,16,9,41.8999710737,-87.7065512112,2020,30,POINT (-87.7065512112 41.8999710737),,,,,2020-09-16,False,22,Humboldt Park
4795,30,TRAFFIC SIGNAL,FUNCTIONING PROPERLY,CLEAR,DAYLIGHT,PEDALCYCLIST,"FIVE POINT, OR MORE",STRAIGHT AND LEVEL,DRY,NO DEFECTS,Y,IMPROPER LANE USAGE,NOT APPLICABLE,,NONINCAPACITATING INJURY,17,9,41.9137845653,-87.6535038696,2020,30,POINT (-87.6535038696 41.9137845653),,,,,2020-09-16,False,6,Lincoln Park
4796,30,NO CONTROLS,NO CONTROLS,CLEAR,DAYLIGHT,PEDALCYCLIST,NOT DIVIDED,STRAIGHT AND LEVEL,DRY,NO DEFECTS,,UNABLE TO DETERMINE,NOT APPLICABLE,,NONINCAPACITATING INJURY,17,9,41.9726376811,-87.6913174264,2020,30,POINT (-87.6913174264 41.9726376811),,,,,2020-09-16,False,3,Lincoln Square
4797,25,STOP SIGN/FLASHER,FUNCTIONING PROPERLY,CLEAR,DAYLIGHT,PEDALCYCLIST,NOT DIVIDED,STRAIGHT AND LEVEL,DRY,NO DEFECTS,,UNABLE TO DETERMINE,NOT APPLICABLE,,NONINCAPACITATING INJURY,17,9,41.8586962366,-87.6636367057,2020,25,POINT (-87.6636367057 41.8586962366),,,,,2020-09-16,False,27,Near West Side
4798,30,TRAFFIC SIGNAL,FUNCTIONING PROPERLY,CLEAR,"DARKNESS, LIGHTED ROAD",PEDALCYCLIST,DIVIDED - W/MEDIAN (NOT RAISED),STRAIGHT AND LEVEL,DRY,NO DEFECTS,,BICYCLE ADVANCING LEGALLY ON RED LIGHT,TURNING RIGHT ON RED,,NONINCAPACITATING INJURY,19,9,41.9751487689,-87.7280749666,2020,30,POINT (-87.7280749666 41.9751487689),,,,,2020-09-16,False,11,Forest Glen
4799,30,TRAFFIC SIGNAL,FUNCTIONING PROPERLY,CLEAR,DAYLIGHT,PEDALCYCLIST,FOUR WAY,STRAIGHT AND LEVEL,DRY,NO DEFECTS,N,UNABLE TO DETERMINE,NOT APPLICABLE,,INCAPACITATING INJURY,8,9,41.8672903314,-87.6405758667,2020,30,POINT (-87.6405758667 41.8672903314),,,,,2020-09-17,True,27,Near West Side
4800,35,NO CONTROLS,NO CONTROLS,CLEAR,DAYLIGHT,PEDALCYCLIST,DIVIDED - W/MEDIAN (NOT RAISED),STRAIGHT AND LEVEL,DRY,NO DEFECTS,,UNABLE TO DETERMINE,UNABLE TO DETERMINE,,NO INDICATION OF INJURY,9,9,41.9249661791,-87.639926019,2020,35,POINT (-87.639926019 41.9249661791),,,,,2020-09-17,False,6,Lincoln Park
4801,30,UNKNOWN,UNKNOWN,CLEAR,DAYLIGHT,PEDALCYCLIST,NOT DIVIDED,STRAIGHT AND LEVEL,DRY,NO DEFECTS,Y,UNABLE TO DETERMINE,UNABLE TO DETERMINE,,NONINCAPACITATING INJURY,13,9,41.7507089243,-87.6332346215,2020,30,POINT (-87.6332346215 41.7507089243),,,,,2020-09-17,False,43,Chatham
4802,30,NO CONTROLS,NO CONTROLS,CLEAR,DAYLIGHT,PEDALCYCLIST,DIVIDED - W/MEDIAN (NOT RAISED),STRAIGHT AND LEVEL,DRY,NO DEFECTS,,UNABLE TO DETERMINE,UNABLE TO DETERMINE,Y,NONINCAPACITATING INJURY,17,9,41.9654980435,-87.6583249393,2020,30,POINT (-87.6583249393 41.9654980435),,,,,2020-09-17,False,2,Uptown
4803,30,PEDESTRIAN CROSSING SIGN,NO CONTROLS,CLEAR,DUSK,PEDALCYCLIST,NOT DIVIDED,STRAIGHT AND LEVEL,DRY,NO DEFECTS,Y,UNABLE TO DETERMINE,UNABLE TO DETERMINE,,NO INDICATION OF INJURY,18,9,41.9465154941,-87.7248999036,2020,30,POINT (-87.7248999036 41.9465154941),,,,,2020-09-17,False,15,Irving Park
4804,30,NO CONTROLS,NO CONTROLS,CLEAR,DARKNESS,PEDALCYCLIST,NOT DIVIDED,STRAIGHT AND LEVEL,DRY,NO DEFECTS,,UNABLE TO DETERMINE,UNABLE TO DETERMINE,,NO INDICATION OF INJURY,19,9,41.921729807,-87.663234201,2020,30,POINT (-87.663234201 41.921729807),,,,,2020-09-17,False,6,Lincoln Park