Unnamed: 0,POSTED_SPEED_LIMIT,TRAFFIC_CONTROL_DEVICE,DEVICE_CONDITION,WEATHER_CONDITION,LIGHTING_CONDITION,FIRST_CRASH_TYPE,TRAFFICWAY_TYPE,ALIGNMENT,ROADWAY_SURFACE_COND,ROAD_DEFECT,INTERSECTION_RELATED_I,PRIM_CONTRIBUTORY_CAUSE,SEC_CONTRIBUTORY_CAUSE,DOORING_I,MOST_SEVERE_INJURY,CRASH_HOUR,CRASH_MONTH,LATITUDE,LONGITUDE,CRASH_YEAR,SPEED_LIMIT,geometry,DISPLAYROU,the_geom,DIST,LANE_TYPE,CRASH_DATE,is_severe,index_right,CArea
4805,30,TRAFFIC SIGNAL,FUNCTIONING PROPERLY,CLEAR,"DARKNESS, LIGHTED ROAD",PEDALCYCLIST,DIVIDED - W/MEDIAN (NOT RAISED),STRAIGHT AND LEVEL,DRY,NO DEFECTS,Y,FAILING TO YIELD RIGHT-OF-WAY,UNABLE TO DETERMINE,,NONINCAPACITATING INJURY,20,9,41.9546415936,-87.6504281612,2020,30,POINT (-87.6504281612 41.9546415936),,,,,2020-09-17,False,2,Uptown
4806,30,NO CONTROLS,NO CONTROLS,CLEAR,DAYLIGHT,PEDALCYCLIST,ONE-WAY,STRAIGHT AND LEVEL,DRY,NO DEFECTS,,DRIVING SKILLS/KNOWLEDGE/EXPERIENCE,NOT APPLICABLE,,NONINCAPACITATING INJURY,11,9,41.8812274323,-87.6413193756,2020,30,POINT (-87.6413193756 41.8812274323),,,,,2020-09-18,False,27,Near West Side
4807,30,TRAFFIC SIGNAL,FUNCTIONING PROPERLY,CLEAR,DAYLIGHT,PEDALCYCLIST,NOT DIVIDED,STRAIGHT AND LEVEL,DRY,NO DEFECTS,,UNABLE TO DETERMINE,NOT APPLICABLE,,NO INDICATION OF INJURY,12,9,41.960532229,-87.767097026,2020,30,POINT (-87.767097026 41.960532229),,,,,2020-09-18,False,14,Portage Park
4808,30,STOP SIGN/FLASHER,FUNCTIONING PROPERLY,CLEAR,DAYLIGHT,PEDALCYCLIST,NOT DIVIDED,STRAIGHT AND LEVEL,DRY,NO DEFECTS,Y,FAILING TO YIELD RIGHT-OF-WAY,UNABLE TO DETERMINE,,NO INDICATION OF INJURY,13,9,41.8084882516,-87.66753974,2020,30,POINT (-87.66753974 41.8084882516),,,,,2020-09-18,False,60,New City
4809,25,NO CONTROLS,NO CONTROLS,CLEAR,DAYLIGHT,PEDALCYCLIST,ONE-WAY,STRAIGHT AND LEVEL,DRY,NO DEFECTS,,FAILING TO REDUCE SPEED TO AVOID CRASH,DRIVING SKILLS/KNOWLEDGE/EXPERIENCE,,NONINCAPACITATING INJURY,14,9,41.8799630892,-87.6409863573,2020,25,POINT (-87.6409863573 41.8799630892),,,,,2020-09-18,False,27,Near West Side
4810,30,TRAFFIC SIGNAL,FUNCTIONING PROPERLY,CLEAR,DAYLIGHT,PEDALCYCLIST,NOT DIVIDED,STRAIGHT AND LEVEL,DRY,NO DEFECTS,,IMPROPER OVERTAKING/PASSING,IMPROPER LANE USAGE,,NONINCAPACITATING INJURY,18,9,41.852138948,-87.6953047503,2020,30,POINT (-87.6953047503 41.852138948),,,,,2020-09-18,False,28,North Lawndale
4811,35,NO CONTROLS,NO CONTROLS,CLEAR,UNKNOWN,PEDALCYCLIST,DIVIDED - W/MEDIAN (NOT RAISED),STRAIGHT AND LEVEL,UNKNOWN,UNKNOWN,,IMPROPER OVERTAKING/PASSING,UNABLE TO DETERMINE,,"REPORTED, NOT EVIDENT",18,9,41.9389505968,-87.7297611408,2020,35,POINT (-87.7297611408 41.9389505968),,,,,2020-09-18,False,15,Irving Park
4812,35,TRAFFIC SIGNAL,FUNCTIONING PROPERLY,CLEAR,DUSK,PEDALCYCLIST,NOT DIVIDED,STRAIGHT AND LEVEL,DRY,NO DEFECTS,Y,DISREGARDING TRAFFIC SIGNALS,NOT APPLICABLE,,NONINCAPACITATING INJURY,18,9,41.7922647003,-87.791640833,2020,35,POINT (-87.791640833 41.7922647003),,,,,2020-09-18,False,55,Garfield Ridge
4813,30,TRAFFIC SIGNAL,FUNCTIONING PROPERLY,CLEAR,DAYLIGHT,PEDALCYCLIST,DIVIDED - W/MEDIAN (NOT RAISED),STRAIGHT AND LEVEL,DRY,NO DEFECTS,Y,"VISION OBSCURED (SIGNS, TREE LIMBS, BUILDINGS, ETC.)",NOT APPLICABLE,,NONINCAPACITATING INJURY,7,9,41.9645880151,-87.7084133923,2020,30,POINT (-87.7084133923 41.9645880151),,,,,2020-09-19,False,13,Albany Park
4814,30,NO CONTROLS,NO CONTROLS,CLEAR,DAYLIGHT,PEDALCYCLIST,NOT DIVIDED,STRAIGHT AND LEVEL,DRY,NO DEFECTS,,"VISION OBSCURED (SIGNS, TREE LIMBS, BUILDINGS, ETC.)",UNABLE TO DETERMINE,,NO INDICATION OF INJURY,9,9,41.9471404539,-87.65393422,2020,30,POINT (-87.65393422 41.9471404539),,,,,2020-09-19,False,5,Lake View
4815,35,NO CONTROLS,NO CONTROLS,CLEAR,DAYLIGHT,PEDALCYCLIST,NOT DIVIDED,STRAIGHT AND LEVEL,DRY,NO DEFECTS,,UNABLE TO DETERMINE,UNABLE TO DETERMINE,,INCAPACITATING INJURY,14,9,41.951233275,-87.6545078972,2020,35,POINT (-87.6545078972 41.951233275),,,,,2020-09-19,True,5,Lake View
4816,30,NO CONTROLS,NO CONTROLS,CLEAR,DAYLIGHT,PEDALCYCLIST,ONE-WAY,STRAIGHT AND LEVEL,DRY,NO DEFECTS,,UNABLE TO DETERMINE,NOT APPLICABLE,Y,NO INDICATION OF INJURY,14,9,41.8552257609,-87.6635822202,2020,30,POINT (-87.6635822202 41.8552257609),,,,,2020-09-19,False,30,Lower West Side
4818,30,NO CONTROLS,NO CONTROLS,CLEAR,DAYLIGHT,PEDALCYCLIST,OTHER,STRAIGHT AND LEVEL,DRY,NO DEFECTS,,UNABLE TO DETERMINE,"VISION OBSCURED (SIGNS, TREE LIMBS, BUILDINGS, ETC.)",,NONINCAPACITATING INJURY,16,9,41.9319132731,-87.7259805673,2020,30,POINT (-87.7259805673 41.9319132731),,,,,2020-09-19,False,19,Hermosa
4819,30,TRAFFIC SIGNAL,FUNCTIONING PROPERLY,CLEAR,"DARKNESS, LIGHTED ROAD",PEDALCYCLIST,FOUR WAY,STRAIGHT AND LEVEL,DRY,NO DEFECTS,,DISREGARDING OTHER TRAFFIC SIGNS,UNABLE TO DETERMINE,,NONINCAPACITATING INJURY,2,9,41.8094854275,-87.6067108184,2020,30,POINT (-87.6067108184 41.8094854275),,,,,2020-09-20,False,37,Grand Boulevard
4820,30,TRAFFIC SIGNAL,FUNCTIONING PROPERLY,CLEAR,DAYLIGHT,PEDALCYCLIST,NOT DIVIDED,STRAIGHT AND LEVEL,DRY,NO DEFECTS,,FAILING TO YIELD RIGHT-OF-WAY,NOT APPLICABLE,,NONINCAPACITATING INJURY,10,9,41.9027699739,-87.701838675,2020,30,POINT (-87.701838675 41.9027699739),,,,,2020-09-20,False,22,Humboldt Park
4821,30,NO CONTROLS,NO CONTROLS,CLEAR,DAYLIGHT,PEDALCYCLIST,NOT DIVIDED,STRAIGHT AND LEVEL,DRY,NO DEFECTS,Y,FOLLOWING TOO CLOSELY,UNABLE TO DETERMINE,,"REPORTED, NOT EVIDENT",14,9,41.8976888399,-87.6283740171,2020,30,POINT (-87.6283740171 41.8976888399),,,,,2020-09-20,False,7,Near North Side
4822,20,NO CONTROLS,NO CONTROLS,CLEAR,DAYLIGHT,PEDALCYCLIST,ALLEY,STRAIGHT AND LEVEL,DRY,NO DEFECTS,,UNABLE TO DETERMINE,NOT APPLICABLE,,INCAPACITATING INJURY,14,9,41.9688278409,-87.6653544914,2020,20,POINT (-87.6653544914 41.9688278409),,,,,2020-09-20,True,2,Uptown
4823,30,NO CONTROLS,NO CONTROLS,CLEAR,DAYLIGHT,PEDALCYCLIST,NOT DIVIDED,STRAIGHT AND LEVEL,UNKNOWN,UNKNOWN,,DRIVING SKILLS/KNOWLEDGE/EXPERIENCE,UNABLE TO DETERMINE,Y,NO INDICATION OF INJURY,16,9,41.9289481621,-87.6506667667,2020,30,POINT (-87.6506667667 41.9289481621),,,,,2020-09-20,False,6,Lincoln Park
4824,30,NO CONTROLS,NO CONTROLS,CLEAR,DAYLIGHT,PEDALCYCLIST,NOT DIVIDED,STRAIGHT AND LEVEL,DRY,NO DEFECTS,,UNABLE TO DETERMINE,NOT APPLICABLE,Y,NO INDICATION OF INJURY,16,9,41.9291499798,-87.6517062227,2020,30,POINT (-87.6517062227 41.9291499798),,,,,2020-09-20,False,6,Lincoln Park
4825,25,STOP SIGN/FLASHER,NO CONTROLS,CLEAR,DUSK,PEDALCYCLIST,NOT DIVIDED,STRAIGHT AND LEVEL,DRY,NO DEFECTS,,DRIVING SKILLS/KNOWLEDGE/EXPERIENCE,NOT APPLICABLE,N,NONINCAPACITATING INJURY,18,9,41.9944209823,-87.677245775,2020,25,POINT (-87.677245775 41.9944209823),,,,,2020-09-20,False,1,West Ridge
4826,30,NO CONTROLS,NO CONTROLS,CLEAR,"DARKNESS, LIGHTED ROAD",PEDALCYCLIST,DIVIDED - W/MEDIAN (NOT RAISED),STRAIGHT AND LEVEL,DRY,UNKNOWN,,IMPROPER OVERTAKING/PASSING,UNABLE TO DETERMINE,,NONINCAPACITATING INJURY,20,9,42.0139311889,-87.6639103991,2020,30,POINT (-87.6639103991 42.0139311889),,,,,2020-09-20,False,0,Rogers Park
4827,35,TRAFFIC SIGNAL,FUNCTIONING PROPERLY,CLEAR,DAYLIGHT,PEDALCYCLIST,DIVIDED - W/MEDIAN (NOT RAISED),STRAIGHT AND LEVEL,DRY,NO DEFECTS,Y,FAILING TO YIELD RIGHT-OF-WAY,UNABLE TO DETERMINE,,NONINCAPACITATING INJURY,7,9,41.9257199272,-87.639189329,2020,35,POINT (-87.639189329 41.9257199272),,,,,2020-09-21,False,6,Lincoln Park
4828,35,NO CONTROLS,NO CONTROLS,CLEAR,DAYLIGHT,PEDALCYCLIST,NOT DIVIDED,STRAIGHT AND LEVEL,DRY,NO DEFECTS,,UNABLE TO DETERMINE,UNABLE TO DETERMINE,Y,NO INDICATION OF INJURY,9,9,42.0191730738,-87.6661662884,2020,35,POINT (-87.6661662884 42.0191730738),,,,,2020-09-21,False,0,Rogers Park
4829,30,TRAFFIC SIGNAL,FUNCTIONING PROPERLY,CLEAR,DAYLIGHT,PEDALCYCLIST,FOUR WAY,STRAIGHT AND LEVEL,DRY,NO DEFECTS,,FAILING TO YIELD RIGHT-OF-WAY,UNABLE TO DETERMINE,,NONINCAPACITATING INJURY,15,9,41.9310210058,-87.6768640181,2020,30,POINT (-87.6768640181 41.9310210058),,,,,2020-09-21,False,6,Lincoln Park
4830,30,TRAFFIC SIGNAL,FUNCTIONING PROPERLY,CLEAR,DAYLIGHT,PEDALCYCLIST,NOT DIVIDED,STRAIGHT AND LEVEL,DRY,NO DEFECTS,Y,UNABLE TO DETERMINE,NOT APPLICABLE,Y,NONINCAPACITATING INJURY,15,9,41.9112004704,-87.6345650615,2020,30,POINT (-87.6345650615 41.9112004704),,,,,2020-09-21,False,6,Lincoln Park
4831,30,STOP SIGN/FLASHER,FUNCTIONING PROPERLY,CLEAR,DARKNESS,PEDALCYCLIST,NOT DIVIDED,STRAIGHT AND LEVEL,DRY,NO DEFECTS,Y,UNABLE TO DETERMINE,UNABLE TO DETERMINE,,NO INDICATION OF INJURY,17,9,41.8965092929,-87.6477558272,2020,30,POINT (-87.6477558272 41.8965092929),,,,,2020-09-21,False,7,Near North Side
4832,25,TRAFFIC SIGNAL,FUNCTIONING PROPERLY,CLEAR,DAYLIGHT,PEDALCYCLIST,DIVIDED - W/MEDIAN BARRIER,STRAIGHT ON HILLCREST,DRY,NO DEFECTS,Y,FAILING TO YIELD RIGHT-OF-WAY,FAILING TO REDUCE SPEED TO AVOID CRASH,,NONINCAPACITATING INJURY,17,9,41.8576422519,-87.631984286,2020,25,POINT (-87.631984286 41.8576422519),,,,,2020-09-21,False,32,Near South Side
4833,30,NO CONTROLS,NO CONTROLS,UNKNOWN,UNKNOWN,PEDALCYCLIST,ROUNDABOUT,STRAIGHT AND LEVEL,UNKNOWN,UNKNOWN,Y,DRIVING ON WRONG SIDE/WRONG WAY,NOT APPLICABLE,,NONINCAPACITATING INJURY,17,9,41.884588372,-87.6232725611,2020,30,POINT (-87.6232725611 41.884588372),,,,,2020-09-21,False,31,Loop
4834,30,TRAFFIC SIGNAL,FUNCTIONING PROPERLY,CLEAR,"DARKNESS, LIGHTED ROAD",PEDALCYCLIST,FOUR WAY,STRAIGHT AND LEVEL,UNKNOWN,UNKNOWN,Y,DISREGARDING TRAFFIC SIGNALS,NOT APPLICABLE,,NONINCAPACITATING INJURY,23,9,41.8987345045,-87.7457449335,2020,30,POINT (-87.7457449335 41.8987345045),,,,,2020-09-21,False,24,Austin
4835,30,NO CONTROLS,NO CONTROLS,CLEAR,DAYLIGHT,PEDALCYCLIST,OTHER,STRAIGHT AND LEVEL,DRY,NO DEFECTS,,UNABLE TO DETERMINE,NOT APPLICABLE,,NONINCAPACITATING INJURY,11,9,41.7922915717,-87.6911740325,2020,30,POINT (-87.6911740325 41.7922915717),,,,,2020-09-22,False,62,Gage Park
4836,30,NO CONTROLS,NO CONTROLS,CLEAR,DAYLIGHT,PEDALCYCLIST,NOT DIVIDED,STRAIGHT AND LEVEL,DRY,NO DEFECTS,,UNABLE TO DETERMINE,UNABLE TO DETERMINE,Y,NO INDICATION OF INJURY,14,9,41.9204471887,-87.6581506249,2020,30,POINT (-87.6581506249 41.9204471887),,,,,2020-09-22,False,6,Lincoln Park
4837,25,NO CONTROLS,NO CONTROLS,CLEAR,DAYLIGHT,PEDALCYCLIST,NOT DIVIDED,STRAIGHT AND LEVEL,DRY,NO DEFECTS,,FAILING TO REDUCE SPEED TO AVOID CRASH,NOT APPLICABLE,,NONINCAPACITATING INJURY,16,9,42.0127626286,-87.7042880309,2020,25,POINT (-87.7042880309 42.0127626286),,,,,2020-09-22,False,1,West Ridge
4838,30,TRAFFIC SIGNAL,FUNCTIONING PROPERLY,CLEAR,DAYLIGHT,PEDALCYCLIST,DIVIDED - W/MEDIAN (NOT RAISED),STRAIGHT AND LEVEL,DRY,NO DEFECTS,,NOT APPLICABLE,NOT APPLICABLE,,NONINCAPACITATING INJURY,16,9,41.9723041625,-87.6794403493,2020,30,POINT (-87.6794403493 41.9723041625),,,,,2020-09-22,False,3,Lincoln Square
4839,30,NO CONTROLS,NO CONTROLS,CLEAR,DAYLIGHT,PEDALCYCLIST,NOT DIVIDED,STRAIGHT AND LEVEL,DRY,NO DEFECTS,,IMPROPER TURNING/NO SIGNAL,NOT APPLICABLE,,NONINCAPACITATING INJURY,18,9,41.929499517,-87.6751174113,2020,30,POINT (-87.6751174113 41.929499517),,,,,2020-09-22,False,6,Lincoln Park
4840,30,NO CONTROLS,NO CONTROLS,CLEAR,"DARKNESS, LIGHTED ROAD",PEDALCYCLIST,DIVIDED - W/MEDIAN (NOT RAISED),STRAIGHT AND LEVEL,DRY,NO DEFECTS,,"EVASIVE ACTION DUE TO ANIMAL, OBJECT, NONMOTORIST","EVASIVE ACTION DUE TO ANIMAL, OBJECT, NONMOTORIST",,NONINCAPACITATING INJURY,18,9,41.7779046026,-87.7636813852,2020,30,POINT (-87.7636813852 41.7779046026),,,,,2020-09-22,False,63,Clearing
4841,30,STOP SIGN/FLASHER,NO CONTROLS,CLEAR,"DARKNESS, LIGHTED ROAD",PEDALCYCLIST,NOT DIVIDED,STRAIGHT AND LEVEL,DRY,NO DEFECTS,,UNABLE TO DETERMINE,UNABLE TO DETERMINE,,INCAPACITATING INJURY,20,9,41.7807939247,-87.7105883641,2020,30,POINT (-87.7105883641 41.7807939247),,,,,2020-09-22,True,65,Chicago Lawn
4842,25,TRAFFIC SIGNAL,FUNCTIONING PROPERLY,CLEAR,"DARKNESS, LIGHTED ROAD",PEDALCYCLIST,DIVIDED - W/MEDIAN (NOT RAISED),STRAIGHT AND LEVEL,DRY,NO DEFECTS,Y,FAILING TO YIELD RIGHT-OF-WAY,NOT APPLICABLE,,NONINCAPACITATING INJURY,20,9,41.847780193,-87.6455781061,2020,25,POINT (-87.6455781061 41.847780193),,,,,2020-09-22,False,30,Lower West Side
4843,30,TRAFFIC SIGNAL,FUNCTIONING PROPERLY,CLEAR,DAYLIGHT,PEDALCYCLIST,"FIVE POINT, OR MORE",STRAIGHT AND LEVEL,DRY,NO DEFECTS,,FAILING TO YIELD RIGHT-OF-WAY,NOT APPLICABLE,,NONINCAPACITATING INJURY,10,9,41.9289885594,-87.7075003469,2020,30,POINT (-87.7075003469 41.9289885594),,,,,2020-09-23,False,21,Logan Square
4844,30,NO CONTROLS,NO CONTROLS,CLEAR,DAYLIGHT,PEDALCYCLIST,DIVIDED - W/MEDIAN (NOT RAISED),STRAIGHT AND LEVEL,DRY,NO DEFECTS,,UNABLE TO DETERMINE,NOT APPLICABLE,Y,NONINCAPACITATING INJURY,15,9,41.8048679202,-87.6087407118,2020,30,POINT (-87.6087407118 41.8048679202),,,,,2020-09-23,False,37,Grand Boulevard
4845,25,TRAFFIC SIGNAL,FUNCTIONING PROPERLY,CLEAR,DAYLIGHT,PEDALCYCLIST,FOUR WAY,STRAIGHT AND LEVEL,DRY,NO DEFECTS,Y,UNABLE TO DETERMINE,NOT APPLICABLE,,NONINCAPACITATING INJURY,15,9,41.8805588021,-87.6471767092,2020,25,POINT (-87.6471767092 41.8805588021),,,,,2020-09-23,False,27,Near West Side
4846,30,NO CONTROLS,NO CONTROLS,CLEAR,DAYLIGHT,PEDALCYCLIST,NOT DIVIDED,STRAIGHT AND LEVEL,DRY,NO DEFECTS,,FAILING TO YIELD RIGHT-OF-WAY,DRIVING SKILLS/KNOWLEDGE/EXPERIENCE,,NO INDICATION OF INJURY,16,9,41.7622757742,-87.7395967915,2020,30,POINT (-87.7395967915 41.7622757742),,,,,2020-09-23,False,64,West Lawn
4847,30,TRAFFIC SIGNAL,FUNCTIONING PROPERLY,CLEAR,"DARKNESS, LIGHTED ROAD",PEDALCYCLIST,NOT DIVIDED,STRAIGHT AND LEVEL,DRY,NO DEFECTS,Y,FOLLOWING TOO CLOSELY,NOT APPLICABLE,,NO INDICATION OF INJURY,19,9,41.9093905663,-87.7756631011,2020,30,POINT (-87.7756631011 41.9093905663),,,,,2020-09-23,False,24,Austin
4848,30,STOP SIGN/FLASHER,FUNCTIONING PROPERLY,CLEAR,DAYLIGHT,PEDALCYCLIST,NOT DIVIDED,STRAIGHT AND LEVEL,DRY,NO DEFECTS,Y,UNABLE TO DETERMINE,NOT APPLICABLE,,NONINCAPACITATING INJURY,6,9,41.9154937344,-87.719312303,2020,30,POINT (-87.719312303 41.9154937344),,,,,2020-09-24,False,21,Logan Square
4849,30,TRAFFIC SIGNAL,FUNCTIONING PROPERLY,CLEAR,DAYLIGHT,PEDALCYCLIST,CENTER TURN LANE,STRAIGHT AND LEVEL,DRY,NO DEFECTS,Y,FAILING TO YIELD RIGHT-OF-WAY,FAILING TO YIELD RIGHT-OF-WAY,Y,"REPORTED, NOT EVIDENT",9,9,41.7372855719,-87.5515751443,2020,30,POINT (-87.5515751443 41.7372855719),,,,,2020-09-24,False,45,South Chicago
4850,30,TRAFFIC SIGNAL,FUNCTIONING PROPERLY,CLEAR,DAYLIGHT,PEDALCYCLIST,DIVIDED - W/MEDIAN (NOT RAISED),STRAIGHT AND LEVEL,DRY,NO DEFECTS,,NOT APPLICABLE,NOT APPLICABLE,Y,NONINCAPACITATING INJURY,11,9,41.9075862913,-87.6483359388,2020,30,POINT (-87.6483359388 41.9075862913),,,,,2020-09-24,False,7,Near North Side
4851,15,NO CONTROLS,NO CONTROLS,CLEAR,DAYLIGHT,PEDALCYCLIST,OTHER,STRAIGHT AND LEVEL,DRY,NO DEFECTS,,"VISION OBSCURED (SIGNS, TREE LIMBS, BUILDINGS, ETC.)",NOT APPLICABLE,,NONINCAPACITATING INJURY,12,9,41.9938916762,-87.6896103919,2020,15,POINT (-87.6896103919 41.9938916762),,,,,2020-09-24,False,1,West Ridge
4852,30,TRAFFIC SIGNAL,FUNCTIONING PROPERLY,CLEAR,DAYLIGHT,PEDALCYCLIST,NOT DIVIDED,STRAIGHT AND LEVEL,DRY,NO DEFECTS,Y,UNABLE TO DETERMINE,UNABLE TO DETERMINE,,NONINCAPACITATING INJURY,14,9,41.8813484695,-87.6716001836,2020,30,POINT (-87.6716001836 41.8813484695),,,,,2020-09-24,False,27,Near West Side
4853,30,STOP SIGN/FLASHER,FUNCTIONING PROPERLY,CLEAR,DAYLIGHT,PEDALCYCLIST,NOT DIVIDED,STRAIGHT AND LEVEL,DRY,NO DEFECTS,Y,UNABLE TO DETERMINE,UNABLE TO DETERMINE,,NO INDICATION OF INJURY,15,9,41.792479645,-87.7696869509,2020,30,POINT (-87.7696869509 41.792479645),,,,,2020-09-24,False,55,Garfield Ridge
4854,30,TRAFFIC SIGNAL,FUNCTIONING PROPERLY,CLEAR,DAYLIGHT,PEDALCYCLIST,DIVIDED - W/MEDIAN (NOT RAISED),STRAIGHT AND LEVEL,DRY,NO DEFECTS,Y,"VISION OBSCURED (SIGNS, TREE LIMBS, BUILDINGS, ETC.)",DISTRACTION - FROM OUTSIDE VEHICLE,,NONINCAPACITATING INJURY,16,9,41.9313885887,-87.7109800128,2020,30,POINT (-87.7109800128 41.9313885887),,,,,2020-09-24,False,21,Logan Square
4855,25,NO CONTROLS,NO CONTROLS,CLEAR,DAYLIGHT,PEDALCYCLIST,DIVIDED - W/MEDIAN BARRIER,STRAIGHT AND LEVEL,DRY,NO DEFECTS,,NOT APPLICABLE,NOT APPLICABLE,,NO INDICATION OF INJURY,16,9,41.8847579234,-87.7113055827,2020,25,POINT (-87.7113055827 41.8847579234),,,,,2020-09-24,False,26,Garfield Park
4856,30,NO CONTROLS,NO CONTROLS,CLEAR,DAYLIGHT,PEDALCYCLIST,NOT DIVIDED,STRAIGHT AND LEVEL,DRY,NO DEFECTS,N,UNABLE TO DETERMINE,NOT APPLICABLE,,NO INDICATION OF INJURY,17,9,41.8941264196,-87.6771484158,2020,30,POINT (-87.6771484158 41.8941264196),,,,,2020-09-24,False,23,West Town
4857,30,NO CONTROLS,NO CONTROLS,CLEAR,DAYLIGHT,PEDALCYCLIST,NOT DIVIDED,STRAIGHT AND LEVEL,DRY,NO DEFECTS,,IMPROPER OVERTAKING/PASSING,FAILING TO REDUCE SPEED TO AVOID CRASH,,"REPORTED, NOT EVIDENT",17,9,41.9217410948,-87.6618514152,2020,30,POINT (-87.6618514152 41.9217410948),,,,,2020-09-24,False,6,Lincoln Park
4858,30,TRAFFIC SIGNAL,FUNCTIONING PROPERLY,CLEAR,DUSK,PEDALCYCLIST,NOT DIVIDED,STRAIGHT AND LEVEL,DRY,NO DEFECTS,,FAILING TO REDUCE SPEED TO AVOID CRASH,NOT APPLICABLE,,NONINCAPACITATING INJURY,18,9,41.947317489,-87.6564179476,2020,30,POINT (-87.6564179476 41.947317489),,,,,2020-09-24,False,5,Lake View
4859,30,TRAFFIC SIGNAL,FUNCTIONING PROPERLY,CLEAR,DUSK,PEDALCYCLIST,DIVIDED - W/MEDIAN (NOT RAISED),STRAIGHT AND LEVEL,DRY,UNKNOWN,Y,FAILING TO YIELD RIGHT-OF-WAY,NOT APPLICABLE,,NONINCAPACITATING INJURY,19,9,41.9612187512,-87.7132851776,2020,30,POINT (-87.7132851776 41.9612187512),,,,,2020-09-24,False,13,Albany Park
4860,30,NO CONTROLS,NO CONTROLS,CLEAR,"DARKNESS, LIGHTED ROAD",PEDALCYCLIST,NOT DIVIDED,STRAIGHT AND LEVEL,DRY,NO DEFECTS,,IMPROPER TURNING/NO SIGNAL,NOT APPLICABLE,,NONINCAPACITATING INJURY,19,9,41.7835029801,-87.6443863763,2020,30,POINT (-87.6443863763 41.7835029801),,,,,2020-09-24,False,67,Englewood
4861,15,TRAFFIC SIGNAL,FUNCTIONING PROPERLY,CLEAR,"DARKNESS, LIGHTED ROAD",PEDALCYCLIST,NOT DIVIDED,STRAIGHT AND LEVEL,DRY,NO DEFECTS,Y,UNABLE TO DETERMINE,UNABLE TO DETERMINE,Y,NONINCAPACITATING INJURY,22,9,41.7973170698,-87.7035168636,2020,15,POINT (-87.7035168636 41.7973170698),,,,,2020-09-24,False,62,Gage Park
4862,35,TRAFFIC SIGNAL,FUNCTIONING PROPERLY,CLEAR,DAYLIGHT,PEDALCYCLIST,FOUR WAY,STRAIGHT AND LEVEL,DRY,NO DEFECTS,Y,NOT APPLICABLE,UNABLE TO DETERMINE,,NO INDICATION OF INJURY,8,9,41.9109406439,-87.6484190427,2020,35,POINT (-87.6484190427 41.9109406439),,,,,2020-09-25,False,6,Lincoln Park
4863,30,TRAFFIC SIGNAL,FUNCTIONING PROPERLY,CLEAR,DAYLIGHT,PEDALCYCLIST,NOT DIVIDED,STRAIGHT AND LEVEL,DRY,UNKNOWN,Y,UNABLE TO DETERMINE,NOT APPLICABLE,,NONINCAPACITATING INJURY,12,9,41.8924790218,-87.6355227285,2020,30,POINT (-87.6355227285 41.8924790218),,,,,2020-09-25,False,7,Near North Side
4864,30,TRAFFIC SIGNAL,FUNCTIONING PROPERLY,CLEAR,DAYLIGHT,PEDALCYCLIST,NOT DIVIDED,STRAIGHT AND LEVEL,DRY,NO DEFECTS,,FAILING TO YIELD RIGHT-OF-WAY,UNABLE TO DETERMINE,Y,NONINCAPACITATING INJURY,12,9,41.8097727266,-87.5949608909,2020,30,POINT (-87.5949608909 41.8097727266),,,,,2020-09-25,False,38,Kenwood
4865,30,STOP SIGN/FLASHER,FUNCTIONING PROPERLY,CLEAR,DAYLIGHT,PEDALCYCLIST,FOUR WAY,STRAIGHT AND LEVEL,DRY,NO DEFECTS,Y,UNABLE TO DETERMINE,FAILING TO YIELD RIGHT-OF-WAY,,NONINCAPACITATING INJURY,14,9,41.9647392186,-87.699794135,2020,30,POINT (-87.699794135 41.9647392186),,,,,2020-09-25,False,3,Lincoln Square
4866,25,NO CONTROLS,NO CONTROLS,CLEAR,DAYLIGHT,PEDALCYCLIST,NOT DIVIDED,STRAIGHT AND LEVEL,DRY,NO DEFECTS,,UNABLE TO DETERMINE,UNABLE TO DETERMINE,,NONINCAPACITATING INJURY,16,9,42.000360836,-87.6657293256,2020,25,POINT (-87.6657293256 42.000360836),,,,,2020-09-25,False,0,Rogers Park
4867,30,TRAFFIC SIGNAL,FUNCTIONING PROPERLY,CLEAR,"DARKNESS, LIGHTED ROAD",PEDALCYCLIST,NOT DIVIDED,STRAIGHT AND LEVEL,DRY,NO DEFECTS,Y,NOT APPLICABLE,NOT APPLICABLE,,NONINCAPACITATING INJURY,19,9,41.8305215923,-87.6776915312,2020,30,POINT (-87.6776915312 41.8305215923),,,,,2020-09-25,False,58,Mckinley Park
4868,30,NO CONTROLS,NO CONTROLS,CLEAR,DAYLIGHT,PEDALCYCLIST,NOT DIVIDED,STRAIGHT AND LEVEL,DRY,NO DEFECTS,,FAILING TO YIELD RIGHT-OF-WAY,FAILING TO YIELD RIGHT-OF-WAY,N,NONINCAPACITATING INJURY,11,9,41.920627085,-87.6934038772,2020,30,POINT (-87.6934038772 41.920627085),,,,,2020-09-26,False,21,Logan Square
4869,30,NO CONTROLS,NO CONTROLS,CLEAR,DAYLIGHT,PEDALCYCLIST,NOT DIVIDED,STRAIGHT AND LEVEL,DRY,NO DEFECTS,,UNABLE TO DETERMINE,UNABLE TO DETERMINE,Y,NO INDICATION OF INJURY,14,9,41.9648376905,-87.704910657,2020,30,POINT (-87.704910657 41.9648376905),,,,,2020-09-26,False,3,Lincoln Square