Unnamed: 0,POSTED_SPEED_LIMIT,TRAFFIC_CONTROL_DEVICE,DEVICE_CONDITION,WEATHER_CONDITION,LIGHTING_CONDITION,FIRST_CRASH_TYPE,TRAFFICWAY_TYPE,ALIGNMENT,ROADWAY_SURFACE_COND,ROAD_DEFECT,INTERSECTION_RELATED_I,PRIM_CONTRIBUTORY_CAUSE,SEC_CONTRIBUTORY_CAUSE,DOORING_I,MOST_SEVERE_INJURY,CRASH_HOUR,CRASH_MONTH,LATITUDE,LONGITUDE,CRASH_YEAR,SPEED_LIMIT,geometry,DISPLAYROU,the_geom,DIST,LANE_TYPE,CRASH_DATE,is_severe,index_right,CArea
4870,30,TRAFFIC SIGNAL,FUNCTIONING PROPERLY,CLEAR,"DARKNESS, LIGHTED ROAD",PEDALCYCLIST,DIVIDED - W/MEDIAN (NOT RAISED),STRAIGHT AND LEVEL,DRY,NO DEFECTS,,FAILING TO YIELD RIGHT-OF-WAY,FAILING TO YIELD RIGHT-OF-WAY,,NO INDICATION OF INJURY,20,9,41.8794893287,-87.6244981249,2020,30,POINT (-87.6244981249 41.8794893287),,,,,2020-09-26,False,31,Loop
4871,25,TRAFFIC SIGNAL,FUNCTIONING PROPERLY,CLEAR,DAYLIGHT,PEDALCYCLIST,FOUR WAY,STRAIGHT AND LEVEL,DRY,NO DEFECTS,,FAILING TO REDUCE SPEED TO AVOID CRASH,IMPROPER LANE USAGE,,"REPORTED, NOT EVIDENT",7,9,41.9539771375,-87.6834641467,2020,25,POINT (-87.6834641467 41.9539771375),,,,,2020-09-27,False,4,North Center
4872,30,NO CONTROLS,NO CONTROLS,CLEAR,DAYLIGHT,PEDALCYCLIST,NOT DIVIDED,STRAIGHT AND LEVEL,DRY,NO DEFECTS,,FAILING TO YIELD RIGHT-OF-WAY,NOT APPLICABLE,Y,NONINCAPACITATING INJURY,11,9,41.9759646034,-87.6682476725,2020,30,POINT (-87.6682476725 41.9759646034),,,,,2020-09-27,False,2,Uptown
4873,30,NO CONTROLS,NO CONTROLS,CLEAR,DAYLIGHT,PEDALCYCLIST,DIVIDED - W/MEDIAN (NOT RAISED),STRAIGHT AND LEVEL,DRY,NO DEFECTS,,UNABLE TO DETERMINE,NOT APPLICABLE,Y,"REPORTED, NOT EVIDENT",12,9,41.9321181656,-87.6445643934,2020,30,POINT (-87.6445643934 41.9321181656),,,,,2020-09-27,False,6,Lincoln Park
4874,30,TRAFFIC SIGNAL,FUNCTIONING PROPERLY,CLEAR,DARKNESS,PEDALCYCLIST,NOT DIVIDED,STRAIGHT AND LEVEL,DRY,NO DEFECTS,Y,FOLLOWING TOO CLOSELY,NOT APPLICABLE,,NONINCAPACITATING INJURY,18,9,41.9247274618,-87.700552669,2020,30,POINT (-87.700552669 41.9247274618),,,,,2020-09-27,False,21,Logan Square
4875,30,TRAFFIC SIGNAL,FUNCTIONING PROPERLY,CLEAR,DAYLIGHT,PEDALCYCLIST,DIVIDED - W/MEDIAN BARRIER,STRAIGHT ON GRADE,DRY,NO DEFECTS,Y,DRIVING SKILLS/KNOWLEDGE/EXPERIENCE,UNABLE TO DETERMINE,,NONINCAPACITATING INJURY,18,9,41.8578617782,-87.6319865854,2020,30,POINT (-87.6319865854 41.8578617782),,,,,2020-09-27,False,32,Near South Side
4876,30,NO CONTROLS,NO CONTROLS,CLOUDY/OVERCAST,DARKNESS,PEDALCYCLIST,NOT DIVIDED,STRAIGHT AND LEVEL,UNKNOWN,UNKNOWN,,IMPROPER TURNING/NO SIGNAL,IMPROPER OVERTAKING/PASSING,,"REPORTED, NOT EVIDENT",20,9,41.9649806467,-87.6570431979,2020,30,POINT (-87.6570431979 41.9649806467),,,,,2020-09-27,False,2,Uptown
4877,30,TRAFFIC SIGNAL,FUNCTIONING PROPERLY,CLEAR,"DARKNESS, LIGHTED ROAD",PEDALCYCLIST,NOT DIVIDED,STRAIGHT AND LEVEL,DRY,UNKNOWN,,UNABLE TO DETERMINE,UNABLE TO DETERMINE,,"REPORTED, NOT EVIDENT",20,9,41.9034135016,-87.6663453165,2020,30,POINT (-87.6663453165 41.9034135016),,,,,2020-09-27,False,23,West Town
4878,30,TRAFFIC SIGNAL,FUNCTIONING PROPERLY,RAIN,"DARKNESS, LIGHTED ROAD",PEDALCYCLIST,NOT DIVIDED,STRAIGHT AND LEVEL,WET,NO DEFECTS,Y,FAILING TO REDUCE SPEED TO AVOID CRASH,NOT APPLICABLE,,NONINCAPACITATING INJURY,23,9,41.8967011008,-87.6343539823,2020,30,POINT (-87.6343539823 41.8967011008),,,,,2020-09-27,False,7,Near North Side
4879,30,NO CONTROLS,NO CONTROLS,RAIN,"DARKNESS, LIGHTED ROAD",PEDALCYCLIST,NOT DIVIDED,STRAIGHT AND LEVEL,WET,NO DEFECTS,,IMPROPER LANE USAGE,NOT APPLICABLE,,NONINCAPACITATING INJURY,1,9,41.8818298186,-87.7527315743,2020,30,POINT (-87.7527315743 41.8818298186),,,,,2020-09-28,False,24,Austin
4880,30,STOP SIGN/FLASHER,FUNCTIONING PROPERLY,RAIN,DAYLIGHT,PEDALCYCLIST,NOT DIVIDED,STRAIGHT AND LEVEL,WET,NO DEFECTS,,UNABLE TO DETERMINE,NOT APPLICABLE,,NONINCAPACITATING INJURY,16,9,41.8157459277,-87.668949764,2020,30,POINT (-87.668949764 41.8157459277),,,,,2020-09-28,False,60,New City
4881,25,TRAFFIC SIGNAL,FUNCTIONING PROPERLY,CLEAR,"DARKNESS, LIGHTED ROAD",PEDALCYCLIST,NOT DIVIDED,STRAIGHT AND LEVEL,DRY,NO DEFECTS,Y,UNABLE TO DETERMINE,UNABLE TO DETERMINE,,NONINCAPACITATING INJURY,19,9,41.9490220591,-87.6496853375,2020,25,POINT (-87.6496853375 41.9490220591),,,,,2020-09-28,False,5,Lake View
4882,30,TRAFFIC SIGNAL,FUNCTIONING PROPERLY,CLEAR,"DARKNESS, LIGHTED ROAD",PEDALCYCLIST,NOT DIVIDED,STRAIGHT AND LEVEL,DRY,NO DEFECTS,Y,UNABLE TO DETERMINE,UNABLE TO DETERMINE,,"REPORTED, NOT EVIDENT",21,9,41.7791234838,-87.6837830986,2020,30,POINT (-87.6837830986 41.7791234838),,,,,2020-09-28,False,65,Chicago Lawn
4883,30,UNKNOWN,UNKNOWN,CLEAR,DAYLIGHT,PEDALCYCLIST,NOT DIVIDED,STRAIGHT AND LEVEL,DRY,UNKNOWN,,UNABLE TO DETERMINE,UNABLE TO DETERMINE,,INCAPACITATING INJURY,7,9,41.9289716507,-87.6539017568,2020,30,POINT (-87.6539017568 41.9289716507),,,,,2020-09-29,True,6,Lincoln Park
4884,30,NO CONTROLS,NO CONTROLS,CLEAR,DAYLIGHT,PEDALCYCLIST,NOT DIVIDED,STRAIGHT AND LEVEL,DRY,NO DEFECTS,,FOLLOWING TOO CLOSELY,NOT APPLICABLE,,"REPORTED, NOT EVIDENT",8,9,42.0042556343,-87.6795805063,2020,30,POINT (-87.6795805063 42.0042556343),,,,,2020-09-29,False,0,Rogers Park
4885,30,TRAFFIC SIGNAL,FUNCTIONING PROPERLY,CLEAR,DAYLIGHT,PEDALCYCLIST,NOT DIVIDED,STRAIGHT AND LEVEL,DRY,UNKNOWN,Y,UNABLE TO DETERMINE,UNABLE TO DETERMINE,,NO INDICATION OF INJURY,9,9,41.9947109783,-87.6555869869,2020,30,POINT (-87.6555869869 41.9947109783),,,,,2020-09-29,False,76,Edgewater
4886,30,TRAFFIC SIGNAL,WORN REFLECTIVE MATERIAL,CLEAR,DAYLIGHT,PEDALCYCLIST,FOUR WAY,STRAIGHT AND LEVEL,DRY,NO DEFECTS,,UNABLE TO DETERMINE,NOT APPLICABLE,,NO INDICATION OF INJURY,10,9,41.8794242603,-87.6256180834,2020,30,POINT (-87.6256180834 41.8794242603),,,,,2020-09-29,False,31,Loop
4887,30,NO CONTROLS,NO CONTROLS,CLEAR,DAYLIGHT,PEDALCYCLIST,NOT DIVIDED,STRAIGHT AND LEVEL,DRY,NO DEFECTS,,UNABLE TO DETERMINE,UNABLE TO DETERMINE,Y,NONINCAPACITATING INJURY,13,9,41.8934753577,-87.6225746736,2020,30,POINT (-87.6225746736 41.8934753577),,,,,2020-09-29,False,7,Near North Side
4888,30,NO CONTROLS,NO CONTROLS,CLEAR,DAYLIGHT,PEDALCYCLIST,NOT DIVIDED,STRAIGHT AND LEVEL,DRY,NO DEFECTS,,UNABLE TO DETERMINE,NOT APPLICABLE,,NO INDICATION OF INJURY,15,9,41.9238407697,-87.6779902909,2020,30,POINT (-87.6779902909 41.9238407697),,,,,2020-09-29,False,6,Lincoln Park
4889,30,NO CONTROLS,NO CONTROLS,CLEAR,DARKNESS,PEDALCYCLIST,NOT DIVIDED,STRAIGHT AND LEVEL,DRY,NO DEFECTS,,NOT APPLICABLE,NOT APPLICABLE,,NO INDICATION OF INJURY,19,9,41.9237770788,-87.7855930627,2020,30,POINT (-87.7855930627 41.9237770788),,,,,2020-09-29,False,18,Belmont Cragin
4890,30,STOP SIGN/FLASHER,NO CONTROLS,CLEAR,DAYLIGHT,PEDALCYCLIST,NOT DIVIDED,STRAIGHT AND LEVEL,DRY,NO DEFECTS,Y,DISREGARDING STOP SIGN,UNABLE TO DETERMINE,,NONINCAPACITATING INJURY,19,9,41.9294953006,-87.7663302984,2020,30,POINT (-87.7663302984 41.9294953006),,,,,2020-09-29,False,18,Belmont Cragin
4891,30,TRAFFIC SIGNAL,FUNCTIONING PROPERLY,CLEAR,"DARKNESS, LIGHTED ROAD",PEDALCYCLIST,FOUR WAY,STRAIGHT AND LEVEL,DRY,NO DEFECTS,Y,DISREGARDING TRAFFIC SIGNALS,NOT APPLICABLE,,NO INDICATION OF INJURY,21,9,41.8310518402,-87.6107390638,2020,30,POINT (-87.6107390638 41.8310518402),,,,,2020-09-29,False,34,Douglas
4892,25,NO CONTROLS,NO CONTROLS,CLEAR,DAYLIGHT,PEDALCYCLIST,NOT DIVIDED,STRAIGHT AND LEVEL,DRY,NO DEFECTS,,UNABLE TO DETERMINE,NOT APPLICABLE,,NONINCAPACITATING INJURY,12,9,41.9323294941,-87.6782827193,2020,25,POINT (-87.6782827193 41.9323294941),,,,,2020-09-30,False,4,North Center
4893,30,NO CONTROLS,NO CONTROLS,CLEAR,DARKNESS,PEDALCYCLIST,DIVIDED - W/MEDIAN (NOT RAISED),STRAIGHT AND LEVEL,DRY,NO DEFECTS,,"VISION OBSCURED (SIGNS, TREE LIMBS, BUILDINGS, ETC.)",NOT APPLICABLE,,NO INDICATION OF INJURY,19,9,41.9831298551,-87.71266365,2020,30,POINT (-87.71266365 41.9831298551),,,,,2020-09-30,False,12,North Park
4894,30,TRAFFIC SIGNAL,FUNCTIONING PROPERLY,CLEAR,DAYLIGHT,PEDALCYCLIST,FOUR WAY,STRAIGHT AND LEVEL,DRY,NO DEFECTS,Y,FAILING TO YIELD RIGHT-OF-WAY,FAILING TO REDUCE SPEED TO AVOID CRASH,,INCAPACITATING INJURY,8,10,41.9406874587,-87.6380921286,2020,30,POINT (-87.6380921286 41.9406874587),,,,,2020-10-01,True,5,Lake View
4895,30,TRAFFIC SIGNAL,FUNCTIONING PROPERLY,CLEAR,DAYLIGHT,PEDALCYCLIST,NOT DIVIDED,STRAIGHT AND LEVEL,DRY,NO DEFECTS,Y,DISREGARDING TRAFFIC SIGNALS,IMPROPER OVERTAKING/PASSING,,NO INDICATION OF INJURY,10,10,41.8166504125,-87.6229531317,2020,30,POINT (-87.6229531317 41.8166504125),,,,,2020-10-01,False,37,Grand Boulevard
4896,30,NO CONTROLS,NO CONTROLS,CLEAR,DAYLIGHT,PEDALCYCLIST,NOT DIVIDED,STRAIGHT AND LEVEL,DRY,NO DEFECTS,Y,UNABLE TO DETERMINE,UNABLE TO DETERMINE,,NONINCAPACITATING INJURY,14,10,41.8539227861,-87.6466759794,2020,30,POINT (-87.6466759794 41.8539227861),,,,,2020-10-01,False,30,Lower West Side
4897,30,NO CONTROLS,NO CONTROLS,CLEAR,DAYLIGHT,PEDALCYCLIST,DIVIDED - W/MEDIAN (NOT RAISED),STRAIGHT AND LEVEL,DRY,NO DEFECTS,,UNABLE TO DETERMINE,UNABLE TO DETERMINE,Y,NONINCAPACITATING INJURY,15,10,41.9095628735,-87.6759665562,2020,30,POINT (-87.6759665562 41.9095628735),,,,,2020-10-01,False,23,West Town
4898,30,TRAFFIC SIGNAL,FUNCTIONING PROPERLY,CLEAR,DUSK,PEDALCYCLIST,NOT DIVIDED,STRAIGHT AND LEVEL,DRY,NO DEFECTS,,UNABLE TO DETERMINE,NOT APPLICABLE,,NONINCAPACITATING INJURY,18,10,41.9170799724,-87.6875949954,2020,30,POINT (-87.6875949954 41.9170799724),,,,,2020-10-01,False,21,Logan Square
4899,30,OTHER,FUNCTIONING PROPERLY,CLEAR,"DARKNESS, LIGHTED ROAD",PEDALCYCLIST,DIVIDED - W/MEDIAN (NOT RAISED),STRAIGHT AND LEVEL,DRY,NO DEFECTS,,IMPROPER LANE USAGE,EQUIPMENT - VEHICLE CONDITION,,NONINCAPACITATING INJURY,6,10,41.8433038902,-87.6465545845,2020,30,POINT (-87.6465545845 41.8433038902),,,,,2020-10-02,False,30,Lower West Side
4900,30,TRAFFIC SIGNAL,FUNCTIONING PROPERLY,CLOUDY/OVERCAST,DAYLIGHT,PEDALCYCLIST,DIVIDED - W/MEDIAN (NOT RAISED),STRAIGHT AND LEVEL,UNKNOWN,UNKNOWN,,IMPROPER TURNING/NO SIGNAL,IMPROPER OVERTAKING/PASSING,,"REPORTED, NOT EVIDENT",17,10,41.8810297169,-87.6172815664,2020,30,POINT (-87.6172815664 41.8810297169),,,,,2020-10-02,False,31,Loop
4901,30,UNKNOWN,UNKNOWN,UNKNOWN,UNKNOWN,PEDALCYCLIST,FOUR WAY,STRAIGHT AND LEVEL,UNKNOWN,UNKNOWN,Y,UNABLE TO DETERMINE,UNABLE TO DETERMINE,,NO INDICATION OF INJURY,17,10,41.881850131,-87.6442754891,2020,30,POINT (-87.6442754891 41.881850131),,,,,2020-10-02,False,27,Near West Side
4902,30,TRAFFIC SIGNAL,FUNCTIONING PROPERLY,CLEAR,"DARKNESS, LIGHTED ROAD",PEDALCYCLIST,T-INTERSECTION,STRAIGHT AND LEVEL,UNKNOWN,UNKNOWN,Y,UNABLE TO DETERMINE,NOT APPLICABLE,,NONINCAPACITATING INJURY,2,10,41.9205367298,-87.7754563107,2020,30,POINT (-87.7754563107 41.9205367298),,,,,2020-10-03,False,18,Belmont Cragin
4903,30,TRAFFIC SIGNAL,FUNCTIONING PROPERLY,CLEAR,DAYLIGHT,PEDALCYCLIST,FOUR WAY,STRAIGHT AND LEVEL,DRY,NO DEFECTS,Y,FAILING TO YIELD RIGHT-OF-WAY,DRIVING SKILLS/KNOWLEDGE/EXPERIENCE,,NONINCAPACITATING INJURY,12,10,41.9612650253,-87.654652652,2020,30,POINT (-87.654652652 41.9612650253),,,,,2020-10-03,False,2,Uptown
4904,30,TRAFFIC SIGNAL,FUNCTIONING PROPERLY,CLOUDY/OVERCAST,DAYLIGHT,PEDALCYCLIST,FOUR WAY,STRAIGHT AND LEVEL,DRY,NO DEFECTS,Y,FAILING TO YIELD RIGHT-OF-WAY,UNABLE TO DETERMINE,,NO INDICATION OF INJURY,12,10,41.9322053951,-87.6976792439,2020,30,POINT (-87.6976792439 41.9322053951),,,,,2020-10-03,False,20,Avondale
4905,35,TRAFFIC SIGNAL,FUNCTIONING PROPERLY,RAIN,"DARKNESS, LIGHTED ROAD",PEDALCYCLIST,FOUR WAY,STRAIGHT AND LEVEL,WET,NO DEFECTS,Y,IMPROPER TURNING/NO SIGNAL,IMPROPER LANE USAGE,,NONINCAPACITATING INJURY,23,10,41.9679134551,-87.7480487734,2020,35,POINT (-87.7480487734 41.9679134551),,,,,2020-10-03,False,14,Portage Park
4906,25,STOP SIGN/FLASHER,FUNCTIONING PROPERLY,CLEAR,DAYLIGHT,PEDALCYCLIST,FOUR WAY,STRAIGHT AND LEVEL,DRY,NO DEFECTS,Y,FAILING TO YIELD RIGHT-OF-WAY,NOT APPLICABLE,,"REPORTED, NOT EVIDENT",11,10,41.9529385295,-87.6480411387,2020,25,POINT (-87.6480411387 41.9529385295),,,,,2020-10-04,False,5,Lake View
4907,30,STOP SIGN/FLASHER,FUNCTIONING PROPERLY,CLEAR,DAYLIGHT,PEDALCYCLIST,NOT DIVIDED,STRAIGHT AND LEVEL,DRY,NO DEFECTS,,UNABLE TO DETERMINE,NOT APPLICABLE,,NO INDICATION OF INJURY,15,10,41.8207162823,-87.6932108054,2020,30,POINT (-87.6932108054 41.8207162823),,,,,2020-10-04,False,29,South Lawndale
4908,30,NO CONTROLS,NO CONTROLS,CLEAR,"DARKNESS, LIGHTED ROAD",PEDALCYCLIST,NOT DIVIDED,STRAIGHT AND LEVEL,DRY,NO DEFECTS,,NOT APPLICABLE,NOT APPLICABLE,,"REPORTED, NOT EVIDENT",17,10,41.8677234002,-87.7058568631,2020,30,POINT (-87.7058568631 41.8677234002),,,,,2020-10-04,False,28,North Lawndale
4909,30,TRAFFIC SIGNAL,FUNCTIONING PROPERLY,CLEAR,"DARKNESS, LIGHTED ROAD",PEDALCYCLIST,NOT DIVIDED,STRAIGHT AND LEVEL,DRY,NO DEFECTS,Y,FAILING TO YIELD RIGHT-OF-WAY,IMPROPER TURNING/NO SIGNAL,,NO INDICATION OF INJURY,19,10,41.9258171767,-87.7024889726,2020,30,POINT (-87.7024889726 41.9258171767),,,,,2020-10-04,False,21,Logan Square
4910,30,OTHER,NO CONTROLS,CLEAR,DARKNESS,PEDALCYCLIST,NOT DIVIDED,STRAIGHT AND LEVEL,DRY,NO DEFECTS,,IMPROPER OVERTAKING/PASSING,IMPROPER LANE USAGE,,"REPORTED, NOT EVIDENT",6,10,41.9289279013,-87.6389631822,2020,30,POINT (-87.6389631822 41.9289279013),,,,,2020-10-05,False,6,Lincoln Park
4911,30,NO CONTROLS,NO CONTROLS,CLEAR,DAYLIGHT,PEDALCYCLIST,NOT DIVIDED,STRAIGHT AND LEVEL,DRY,NO DEFECTS,,UNABLE TO DETERMINE,UNABLE TO DETERMINE,Y,NO INDICATION OF INJURY,11,10,41.7621041211,-87.6833186014,2020,30,POINT (-87.6833186014 41.7621041211),,,,,2020-10-05,False,65,Chicago Lawn
4912,30,NO CONTROLS,NO CONTROLS,CLEAR,DAYLIGHT,PEDALCYCLIST,ALLEY,STRAIGHT AND LEVEL,DRY,NO DEFECTS,Y,UNABLE TO DETERMINE,NOT APPLICABLE,,NO INDICATION OF INJURY,15,10,41.9081165286,-87.7117267401,2020,30,POINT (-87.7117267401 41.9081165286),,,,,2020-10-05,False,22,Humboldt Park
4913,30,TRAFFIC SIGNAL,FUNCTIONING PROPERLY,CLEAR,DAYLIGHT,PEDALCYCLIST,FOUR WAY,STRAIGHT AND LEVEL,DRY,NO DEFECTS,Y,UNABLE TO DETERMINE,UNABLE TO DETERMINE,,NONINCAPACITATING INJURY,15,10,41.9975073951,-87.7878359456,2020,30,POINT (-87.7878359456 41.9975073951),,,,,2020-10-05,False,11,Forest Glen
4914,30,TRAFFIC SIGNAL,UNKNOWN,CLEAR,DAYLIGHT,PEDALCYCLIST,UNKNOWN INTERSECTION TYPE,STRAIGHT AND LEVEL,DRY,UNKNOWN,Y,UNABLE TO DETERMINE,UNABLE TO DETERMINE,,NONINCAPACITATING INJURY,16,10,42.0091606086,-87.6699689234,2020,30,POINT (-87.6699689234 42.0091606086),,,,,2020-10-05,False,0,Rogers Park
4915,30,NO CONTROLS,NO CONTROLS,CLEAR,DAYLIGHT,PEDALCYCLIST,FOUR WAY,STRAIGHT AND LEVEL,DRY,NO DEFECTS,Y,FAILING TO YIELD RIGHT-OF-WAY,NOT APPLICABLE,,NONINCAPACITATING INJURY,17,10,41.7369321447,-87.5780004454,2020,30,POINT (-87.5780004454 41.7369321447),,,,,2020-10-05,False,44,Avalon Park
4916,30,NO CONTROLS,NO CONTROLS,CLEAR,DAYLIGHT,PEDALCYCLIST,DIVIDED - W/MEDIAN (NOT RAISED),STRAIGHT AND LEVEL,DRY,NO DEFECTS,,UNABLE TO DETERMINE,UNABLE TO DETERMINE,,NONINCAPACITATING INJURY,8,10,41.7272888964,-87.5513409446,2020,30,POINT (-87.5513409446 41.7272888964),,,,,2020-10-06,False,45,South Chicago
4917,30,NO CONTROLS,NO CONTROLS,CLEAR,DAYLIGHT,PEDALCYCLIST,NOT DIVIDED,STRAIGHT AND LEVEL,DRY,NO DEFECTS,,FAILING TO YIELD RIGHT-OF-WAY,DRIVING SKILLS/KNOWLEDGE/EXPERIENCE,Y,NO INDICATION OF INJURY,17,10,41.9316640173,-87.7280865107,2020,30,POINT (-87.7280865107 41.9316640173),,,,,2020-10-06,False,19,Hermosa
4918,30,YIELD,NO CONTROLS,CLEAR,"DARKNESS, LIGHTED ROAD",PEDALCYCLIST,NOT DIVIDED,STRAIGHT AND LEVEL,DRY,NO DEFECTS,Y,FAILING TO YIELD RIGHT-OF-WAY,NOT APPLICABLE,,NONINCAPACITATING INJURY,19,10,41.9371069841,-87.7269820826,2020,30,POINT (-87.7269820826 41.9371069841),,,,,2020-10-06,False,19,Hermosa
4919,30,STOP SIGN/FLASHER,FUNCTIONING PROPERLY,CLEAR,DARKNESS,PEDALCYCLIST,NOT DIVIDED,STRAIGHT AND LEVEL,UNKNOWN,UNKNOWN,Y,IMPROPER OVERTAKING/PASSING,UNABLE TO DETERMINE,,NONINCAPACITATING INJURY,20,10,41.9511994781,-87.6545938068,2020,30,POINT (-87.6545938068 41.9511994781),,,,,2020-10-06,False,5,Lake View
4920,30,NO CONTROLS,NO CONTROLS,CLEAR,DAYLIGHT,PEDALCYCLIST,NOT DIVIDED,STRAIGHT AND LEVEL,DRY,NO DEFECTS,,FAILING TO YIELD RIGHT-OF-WAY,NOT APPLICABLE,Y,NONINCAPACITATING INJURY,14,10,41.952149549,-87.6494874918,2020,30,POINT (-87.6494874918 41.952149549),,,,,2020-10-07,False,5,Lake View
4921,30,UNKNOWN,UNKNOWN,CLEAR,DAYLIGHT,PEDALCYCLIST,UNKNOWN,STRAIGHT AND LEVEL,DRY,UNKNOWN,,UNABLE TO DETERMINE,UNABLE TO DETERMINE,,NONINCAPACITATING INJURY,15,10,41.9857490176,-87.7094920951,2020,30,POINT (-87.7094920951 41.9857490176),,,,,2020-10-07,False,1,West Ridge
4922,30,NO CONTROLS,NO CONTROLS,CLEAR,DAWN,PEDALCYCLIST,NOT DIVIDED,STRAIGHT AND LEVEL,DRY,NO DEFECTS,,UNABLE TO DETERMINE,NOT APPLICABLE,,NONINCAPACITATING INJURY,18,10,41.9244334482,-87.7218177041,2020,30,POINT (-87.7218177041 41.9244334482),,,,,2020-10-07,False,21,Logan Square
4923,30,TRAFFIC SIGNAL,FUNCTIONING PROPERLY,CLEAR,"DARKNESS, LIGHTED ROAD",PEDALCYCLIST,Y-INTERSECTION,STRAIGHT AND LEVEL,DRY,NO DEFECTS,Y,BICYCLE ADVANCING LEGALLY ON RED LIGHT,UNABLE TO DETERMINE,,INCAPACITATING INJURY,19,10,41.9895789653,-87.6700082974,2020,30,POINT (-87.6700082974 41.9895789653),,,,,2020-10-07,True,76,Edgewater
4924,30,NO CONTROLS,NO CONTROLS,CLEAR,"DARKNESS, LIGHTED ROAD",PEDALCYCLIST,NOT DIVIDED,STRAIGHT AND LEVEL,DRY,NO DEFECTS,,UNABLE TO DETERMINE,UNABLE TO DETERMINE,,INCAPACITATING INJURY,1,10,41.8909310933,-87.677034967,2020,30,POINT (-87.677034967 41.8909310933),,,,,2020-10-08,True,23,West Town
4925,25,NO CONTROLS,NO CONTROLS,CLEAR,DAYLIGHT,PEDALCYCLIST,ONE-WAY,STRAIGHT AND LEVEL,OTHER,OTHER,,UNABLE TO DETERMINE,UNABLE TO DETERMINE,,NONINCAPACITATING INJURY,9,10,41.9866863497,-87.69241015,2020,25,POINT (-87.69241015 41.9866863497),,,,,2020-10-08,False,1,West Ridge
4926,15,NO CONTROLS,NO CONTROLS,CLEAR,DAYLIGHT,PEDALCYCLIST,ONE-WAY,STRAIGHT AND LEVEL,DRY,NO DEFECTS,,NOT APPLICABLE,NOT APPLICABLE,Y,NONINCAPACITATING INJURY,14,10,41.9377905612,-87.6445291473,2020,15,POINT (-87.6445291473 41.9377905612),,,,,2020-10-08,False,5,Lake View
4927,25,NO CONTROLS,NO CONTROLS,CLEAR,UNKNOWN,PEDALCYCLIST,NOT DIVIDED,STRAIGHT AND LEVEL,DRY,NO DEFECTS,N,IMPROPER TURNING/NO SIGNAL,UNABLE TO DETERMINE,Y,NONINCAPACITATING INJURY,15,10,41.9380649821,-87.6662054789,2020,25,POINT (-87.6662054789 41.9380649821),,,,,2020-10-08,False,5,Lake View
4928,30,STOP SIGN/FLASHER,FUNCTIONING PROPERLY,CLEAR,DAYLIGHT,PEDALCYCLIST,FOUR WAY,STRAIGHT AND LEVEL,DRY,NO DEFECTS,Y,FAILING TO YIELD RIGHT-OF-WAY,DRIVING ON WRONG SIDE/WRONG WAY,,INCAPACITATING INJURY,15,10,41.9776874985,-87.6991287146,2020,30,POINT (-87.6991287146 41.9776874985),,,,,2020-10-08,True,3,Lincoln Square
4929,25,STOP SIGN/FLASHER,FUNCTIONING PROPERLY,CLEAR,DAYLIGHT,PEDALCYCLIST,ONE-WAY,STRAIGHT AND LEVEL,DRY,NO DEFECTS,Y,UNABLE TO DETERMINE,UNABLE TO DETERMINE,,NONINCAPACITATING INJURY,18,10,41.7822573792,-87.610785325,2020,25,POINT (-87.610785325 41.7822573792),,,,,2020-10-08,False,39,Washington Park
4930,35,TRAFFIC SIGNAL,FUNCTIONING PROPERLY,CLEAR,"DARKNESS, LIGHTED ROAD",PEDALCYCLIST,FOUR WAY,STRAIGHT AND LEVEL,DRY,NO DEFECTS,Y,DISREGARDING TRAFFIC SIGNALS,FAILING TO YIELD RIGHT-OF-WAY,,NONINCAPACITATING INJURY,19,10,41.8516543687,-87.7248829753,2020,35,POINT (-87.7248829753 41.8516543687),,,,,2020-10-08,False,28,North Lawndale
4931,30,NO CONTROLS,NO CONTROLS,CLEAR,"DARKNESS, LIGHTED ROAD",PEDALCYCLIST,NOT DIVIDED,STRAIGHT AND LEVEL,DRY,NO DEFECTS,,UNABLE TO DETERMINE,UNABLE TO DETERMINE,,NONINCAPACITATING INJURY,23,10,41.9022755848,-87.6773777059,2020,30,POINT (-87.6773777059 41.9022755848),,,,,2020-10-08,False,23,West Town
4932,30,TRAFFIC SIGNAL,FUNCTIONING PROPERLY,CLEAR,DAYLIGHT,PEDALCYCLIST,DIVIDED - W/MEDIAN BARRIER,STRAIGHT AND LEVEL,DRY,NO DEFECTS,,FAILING TO YIELD RIGHT-OF-WAY,DISREGARDING ROAD MARKINGS,,NO INDICATION OF INJURY,8,10,41.9176721811,-87.6889851841,2020,30,POINT (-87.6889851841 41.9176721811),,,,,2020-10-09,False,21,Logan Square
4933,30,TRAFFIC SIGNAL,FUNCTIONING PROPERLY,CLEAR,DAYLIGHT,PEDALCYCLIST,DIVIDED - W/MEDIAN BARRIER,STRAIGHT AND LEVEL,DRY,NO DEFECTS,,FAILING TO YIELD RIGHT-OF-WAY,DISREGARDING ROAD MARKINGS,,NONINCAPACITATING INJURY,11,10,41.9176811311,-87.68702195,2020,30,POINT (-87.68702195 41.9176811311),,,,,2020-10-09,False,21,Logan Square
4934,20,NO CONTROLS,OTHER,CLEAR,DAYLIGHT,PEDALCYCLIST,NOT DIVIDED,STRAIGHT AND LEVEL,DRY,NO DEFECTS,,NOT APPLICABLE,NOT APPLICABLE,,NONINCAPACITATING INJURY,12,10,41.9939720982,-87.6906750222,2020,20,POINT (-87.6906750222 41.9939720982),,,,,2020-10-09,False,1,West Ridge