Unnamed: 0,POSTED_SPEED_LIMIT,TRAFFIC_CONTROL_DEVICE,DEVICE_CONDITION,WEATHER_CONDITION,LIGHTING_CONDITION,FIRST_CRASH_TYPE,TRAFFICWAY_TYPE,ALIGNMENT,ROADWAY_SURFACE_COND,ROAD_DEFECT,INTERSECTION_RELATED_I,PRIM_CONTRIBUTORY_CAUSE,SEC_CONTRIBUTORY_CAUSE,DOORING_I,MOST_SEVERE_INJURY,CRASH_HOUR,CRASH_MONTH,LATITUDE,LONGITUDE,CRASH_YEAR,SPEED_LIMIT,geometry,DISPLAYROU,the_geom,DIST,LANE_TYPE,CRASH_DATE,is_severe,index_right,CArea
4935,30,NO CONTROLS,NO CONTROLS,CLEAR,DAYLIGHT,PEDALCYCLIST,NOT DIVIDED,STRAIGHT AND LEVEL,DRY,NO DEFECTS,,IMPROPER TURNING/NO SIGNAL,NOT APPLICABLE,,NO INDICATION OF INJURY,13,10,41.8869103694,-87.6464108774,2020,30,POINT (-87.6464108774 41.8869103694),,,,,2020-10-09,False,7,Near North Side
4936,20,STOP SIGN/FLASHER,NO CONTROLS,CLEAR,DAYLIGHT,PEDALCYCLIST,NOT DIVIDED,STRAIGHT AND LEVEL,DRY,NO DEFECTS,Y,CELL PHONE USE OTHER THAN TEXTING,CELL PHONE USE OTHER THAN TEXTING,,NO INDICATION OF INJURY,14,10,41.7784638897,-87.6081962449,2020,20,POINT (-87.6081962449 41.7784638897),,,,,2020-10-09,False,41,Woodlawn
4937,30,TRAFFIC SIGNAL,NO CONTROLS,CLEAR,DAYLIGHT,PEDALCYCLIST,DIVIDED - W/MEDIAN (NOT RAISED),STRAIGHT AND LEVEL,DRY,NO DEFECTS,Y,FAILING TO YIELD RIGHT-OF-WAY,NOT APPLICABLE,,NONINCAPACITATING INJURY,17,10,41.7354443724,-87.6823649393,2020,30,POINT (-87.6823649393 41.7354443724),,,,,2020-10-09,False,69,Ashburn
4938,30,TRAFFIC SIGNAL,FUNCTIONING PROPERLY,CLEAR,DUSK,PEDALCYCLIST,NOT DIVIDED,STRAIGHT AND LEVEL,DRY,NO DEFECTS,Y,IMPROPER TURNING/NO SIGNAL,FAILING TO YIELD RIGHT-OF-WAY,,NO INDICATION OF INJURY,18,10,41.9983807116,-87.6771824619,2020,30,POINT (-87.6771824619 41.9983807116),,,,,2020-10-09,False,0,Rogers Park
4939,30,NO CONTROLS,NO CONTROLS,CLEAR,"DARKNESS, LIGHTED ROAD",PEDALCYCLIST,ONE-WAY,STRAIGHT AND LEVEL,DRY,NO DEFECTS,,FAILING TO YIELD RIGHT-OF-WAY,NOT APPLICABLE,,INCAPACITATING INJURY,3,10,41.9004018538,-87.6870838785,2020,30,POINT (-87.6870838785 41.9004018538),,,,,2020-10-10,True,23,West Town
4940,30,TRAFFIC SIGNAL,FUNCTIONING PROPERLY,CLEAR,DAYLIGHT,PEDALCYCLIST,NOT DIVIDED,STRAIGHT AND LEVEL,DRY,NO DEFECTS,Y,FAILING TO REDUCE SPEED TO AVOID CRASH,FAILING TO YIELD RIGHT-OF-WAY,,NONINCAPACITATING INJURY,10,10,41.9255637036,-87.6359369177,2020,30,POINT (-87.6359369177 41.9255637036),,,,,2020-10-10,False,6,Lincoln Park
4941,20,NO CONTROLS,NO CONTROLS,CLEAR,DAYLIGHT,PEDALCYCLIST,NOT DIVIDED,STRAIGHT AND LEVEL,OTHER,OTHER,,ROAD ENGINEERING/SURFACE/MARKING DEFECTS,NOT APPLICABLE,,NONINCAPACITATING INJURY,11,10,41.9066954199,-87.6719306227,2020,20,POINT (-87.6719306227 41.9066954199),,,,,2020-10-10,False,23,West Town
4942,30,NO CONTROLS,NO CONTROLS,CLEAR,DAYLIGHT,PEDALCYCLIST,NOT DIVIDED,STRAIGHT AND LEVEL,DRY,NO DEFECTS,,FAILING TO YIELD RIGHT-OF-WAY,FAILING TO YIELD RIGHT-OF-WAY,,NONINCAPACITATING INJURY,12,10,41.8307112555,-87.6168014204,2020,30,POINT (-87.6168014204 41.8307112555),,,,,2020-10-10,False,34,Douglas
4943,30,STOP SIGN/FLASHER,FUNCTIONING PROPERLY,CLEAR,DAYLIGHT,PEDALCYCLIST,FOUR WAY,STRAIGHT AND LEVEL,DRY,NO DEFECTS,Y,UNABLE TO DETERMINE,UNABLE TO DETERMINE,,INCAPACITATING INJURY,13,10,41.8958765649,-87.7002194133,2020,30,POINT (-87.7002194133 41.8958765649),,,,,2020-10-11,True,22,Humboldt Park
4944,30,STOP SIGN/FLASHER,FUNCTIONING PROPERLY,CLEAR,DAYLIGHT,PEDALCYCLIST,NOT DIVIDED,STRAIGHT AND LEVEL,DRY,NO DEFECTS,Y,NOT APPLICABLE,NOT APPLICABLE,,NONINCAPACITATING INJURY,15,10,41.9208163437,-87.7363761038,2020,30,POINT (-87.7363761038 41.9208163437),,,,,2020-10-11,False,19,Hermosa
4945,30,NO CONTROLS,NO CONTROLS,CLEAR,DAYLIGHT,PEDALCYCLIST,NOT DIVIDED,STRAIGHT AND LEVEL,DRY,NO DEFECTS,,UNABLE TO DETERMINE,NOT APPLICABLE,,NO INDICATION OF INJURY,16,10,41.9107391236,-87.6677555422,2020,30,POINT (-87.6677555422 41.9107391236),,,,,2020-10-11,False,23,West Town
4946,30,STOP SIGN/FLASHER,FUNCTIONING PROPERLY,RAIN,DAYLIGHT,PEDALCYCLIST,CENTER TURN LANE,STRAIGHT AND LEVEL,WET,NO DEFECTS,Y,FOLLOWING TOO CLOSELY,FAILING TO REDUCE SPEED TO AVOID CRASH,,NONINCAPACITATING INJURY,13,10,41.9974104799,-87.6900197245,2020,30,POINT (-87.6900197245 41.9974104799),,,,,2020-10-12,False,1,West Ridge
4947,30,TRAFFIC SIGNAL,FUNCTIONING PROPERLY,RAIN,DAYLIGHT,PEDALCYCLIST,DIVIDED - W/MEDIAN (NOT RAISED),STRAIGHT AND LEVEL,WET,NO DEFECTS,Y,FAILING TO YIELD RIGHT-OF-WAY,FOLLOWING TOO CLOSELY,,NONINCAPACITATING INJURY,14,10,41.891654251,-87.6371133308,2020,30,POINT (-87.6371133308 41.891654251),,,,,2020-10-12,False,7,Near North Side
4948,30,NO CONTROLS,NO CONTROLS,CLOUDY/OVERCAST,DAWN,PEDALCYCLIST,NOT DIVIDED,STRAIGHT AND LEVEL,DRY,UNKNOWN,,FAILING TO YIELD RIGHT-OF-WAY,NOT APPLICABLE,,INCAPACITATING INJURY,18,10,41.9692811842,-87.7135363778,2020,30,POINT (-87.7135363778 41.9692811842),,,,,2020-10-12,True,13,Albany Park
4949,30,TRAFFIC SIGNAL,FUNCTIONING PROPERLY,CLEAR,DAWN,PEDALCYCLIST,NOT DIVIDED,STRAIGHT AND LEVEL,DRY,UNKNOWN,,FOLLOWING TOO CLOSELY,UNABLE TO DETERMINE,,NONINCAPACITATING INJURY,6,10,41.9777921779,-87.6934069496,2020,30,POINT (-87.6934069496 41.9777921779),,,,,2020-10-13,False,3,Lincoln Square
4950,30,TRAFFIC SIGNAL,FUNCTIONING PROPERLY,CLEAR,DAYLIGHT,PEDALCYCLIST,NOT DIVIDED,STRAIGHT AND LEVEL,DRY,NO DEFECTS,Y,FAILING TO YIELD RIGHT-OF-WAY,NOT APPLICABLE,,NONINCAPACITATING INJURY,7,10,41.9102509232,-87.7070236502,2020,30,POINT (-87.7070236502 41.9102509232),,,,,2020-10-13,False,22,Humboldt Park
4951,35,NO CONTROLS,NO CONTROLS,CLEAR,DAYLIGHT,PEDALCYCLIST,DIVIDED - W/MEDIAN (NOT RAISED),STRAIGHT AND LEVEL,DRY,NO DEFECTS,,IMPROPER LANE USAGE,UNABLE TO DETERMINE,,NO INDICATION OF INJURY,11,10,41.9039992958,-87.6321410861,2020,35,POINT (-87.6321410861 41.9039992958),,,,,2020-10-13,False,7,Near North Side
4952,20,NO CONTROLS,FUNCTIONING PROPERLY,CLEAR,DAYLIGHT,PEDALCYCLIST,NOT DIVIDED,STRAIGHT AND LEVEL,DRY,NO DEFECTS,,UNABLE TO DETERMINE,NOT APPLICABLE,,NO INDICATION OF INJURY,12,10,41.941883022,-87.644605003,2020,20,POINT (-87.644605003 41.941883022),,,,,2020-10-13,False,5,Lake View
4953,30,TRAFFIC SIGNAL,FUNCTIONING PROPERLY,CLEAR,DAYLIGHT,PEDALCYCLIST,NOT DIVIDED,STRAIGHT AND LEVEL,DRY,NO DEFECTS,Y,FAILING TO YIELD RIGHT-OF-WAY,IMPROPER LANE USAGE,,NONINCAPACITATING INJURY,13,10,41.9104367986,-87.6777610207,2020,30,POINT (-87.6777610207 41.9104367986),,,,,2020-10-13,False,23,West Town
4954,30,TRAFFIC SIGNAL,FUNCTIONING PROPERLY,CLEAR,DAYLIGHT,PEDALCYCLIST,NOT DIVIDED,STRAIGHT AND LEVEL,DRY,NO DEFECTS,Y,FAILING TO YIELD RIGHT-OF-WAY,NOT APPLICABLE,,INCAPACITATING INJURY,17,10,41.9128959218,-87.6325229662,2020,30,POINT (-87.6325229662 41.9128959218),,,,,2020-10-13,True,6,Lincoln Park
4955,30,NO CONTROLS,NO CONTROLS,CLEAR,DAYLIGHT,PEDALCYCLIST,DIVIDED - W/MEDIAN (NOT RAISED),STRAIGHT AND LEVEL,DRY,UNKNOWN,,UNABLE TO DETERMINE,NOT APPLICABLE,Y,"REPORTED, NOT EVIDENT",7,10,41.876474718,-87.6529463002,2020,30,POINT (-87.6529463002 41.876474718),,,,,2020-10-14,False,27,Near West Side
4956,30,STOP SIGN/FLASHER,FUNCTIONING PROPERLY,CLEAR,DAYLIGHT,PEDALCYCLIST,NOT DIVIDED,STRAIGHT AND LEVEL,DRY,NO DEFECTS,Y,UNABLE TO DETERMINE,UNABLE TO DETERMINE,,NO INDICATION OF INJURY,8,10,41.8715730535,-87.6773879879,2020,30,POINT (-87.6773879879 41.8715730535),,,,,2020-10-14,False,27,Near West Side
4957,30,TRAFFIC SIGNAL,FUNCTIONING PROPERLY,CLEAR,DAYLIGHT,PEDALCYCLIST,ONE-WAY,STRAIGHT AND LEVEL,DRY,NO DEFECTS,Y,IMPROPER TURNING/NO SIGNAL,NOT APPLICABLE,,NO INDICATION OF INJURY,15,10,41.9757041866,-87.7014991615,2020,30,POINT (-87.7014991615 41.9757041866),,,,,2020-10-14,False,3,Lincoln Square
4958,20,STOP SIGN/FLASHER,FUNCTIONING PROPERLY,CLEAR,DAYLIGHT,PEDALCYCLIST,FOUR WAY,STRAIGHT AND LEVEL,DRY,UNKNOWN,Y,DISREGARDING STOP SIGN,NOT APPLICABLE,,NONINCAPACITATING INJURY,15,10,41.9646369421,-87.7057614424,2020,20,POINT (-87.7057614424 41.9646369421),,,,,2020-10-14,False,3,Lincoln Square
4959,30,NO CONTROLS,NO CONTROLS,CLEAR,DAYLIGHT,PEDALCYCLIST,NOT DIVIDED,STRAIGHT AND LEVEL,DRY,NO DEFECTS,,DRIVING ON WRONG SIDE/WRONG WAY,IMPROPER OVERTAKING/PASSING,,NONINCAPACITATING INJURY,16,10,41.9183052575,-87.6472552096,2020,30,POINT (-87.6472552096 41.9183052575),,,,,2020-10-14,False,6,Lincoln Park
4960,25,TRAFFIC SIGNAL,FUNCTIONING PROPERLY,CLEAR,DAYLIGHT,PEDALCYCLIST,NOT DIVIDED,STRAIGHT AND LEVEL,UNKNOWN,UNKNOWN,,IMPROPER OVERTAKING/PASSING,NOT APPLICABLE,N,NO INDICATION OF INJURY,17,10,41.8576967005,-87.6656480302,2020,25,POINT (-87.6656480302 41.8576967005),,,,,2020-10-14,False,27,Near West Side
4961,30,TRAFFIC SIGNAL,FUNCTIONING PROPERLY,CLEAR,DAYLIGHT,PEDALCYCLIST,FOUR WAY,STRAIGHT AND LEVEL,DRY,NO DEFECTS,Y,DISREGARDING TRAFFIC SIGNALS,DRIVING SKILLS/KNOWLEDGE/EXPERIENCE,,NONINCAPACITATING INJURY,9,10,41.9322169879,-87.6880332809,2020,30,POINT (-87.6880332809 41.9322169879),,,,,2020-10-15,False,20,Avondale
4962,30,NO CONTROLS,NO CONTROLS,CLEAR,DAYLIGHT,PEDALCYCLIST,NOT DIVIDED,STRAIGHT AND LEVEL,DRY,NO DEFECTS,,UNABLE TO DETERMINE,NOT APPLICABLE,Y,NO INDICATION OF INJURY,13,10,41.9235971218,-87.6987139719,2020,30,POINT (-87.6987139719 41.9235971218),,,,,2020-10-15,False,21,Logan Square
4963,30,NO CONTROLS,NO CONTROLS,CLEAR,DAYLIGHT,PEDALCYCLIST,NOT DIVIDED,STRAIGHT AND LEVEL,DRY,NO DEFECTS,,DRIVING SKILLS/KNOWLEDGE/EXPERIENCE,DRIVING SKILLS/KNOWLEDGE/EXPERIENCE,,NONINCAPACITATING INJURY,15,10,41.7799503795,-87.6391233983,2020,30,POINT (-87.6391233983 41.7799503795),,,,,2020-10-15,False,67,Englewood
4964,30,NO CONTROLS,NO CONTROLS,CLEAR,DAYLIGHT,PEDALCYCLIST,DIVIDED - W/MEDIAN (NOT RAISED),STRAIGHT AND LEVEL,DRY,NO DEFECTS,Y,"VISION OBSCURED (SIGNS, TREE LIMBS, BUILDINGS, ETC.)",NOT APPLICABLE,,NONINCAPACITATING INJURY,16,10,41.9311795615,-87.7808922116,2020,30,POINT (-87.7808922116 41.9311795615),,,,,2020-10-15,False,18,Belmont Cragin
4965,30,NO CONTROLS,NO CONTROLS,CLEAR,DAYLIGHT,PEDALCYCLIST,NOT DIVIDED,STRAIGHT AND LEVEL,DRY,NO DEFECTS,,FAILING TO YIELD RIGHT-OF-WAY,FAILING TO REDUCE SPEED TO AVOID CRASH,,NONINCAPACITATING INJURY,17,10,41.9208294114,-87.6775853272,2020,30,POINT (-87.6775853272 41.9208294114),,,,,2020-10-15,False,6,Lincoln Park
4966,30,STOP SIGN/FLASHER,NOT FUNCTIONING,CLEAR,DUSK,PEDALCYCLIST,NOT DIVIDED,STRAIGHT AND LEVEL,DRY,UNKNOWN,Y,DISREGARDING STOP SIGN,NOT APPLICABLE,,NONINCAPACITATING INJURY,18,10,41.8956077864,-87.6891820852,2020,30,POINT (-87.6891820852 41.8956077864),,,,,2020-10-15,False,23,West Town
4967,30,NO CONTROLS,NO CONTROLS,CLEAR,DUSK,PEDALCYCLIST,DRIVEWAY,STRAIGHT AND LEVEL,DRY,NO DEFECTS,,FAILING TO YIELD RIGHT-OF-WAY,FAILING TO YIELD RIGHT-OF-WAY,,INCAPACITATING INJURY,18,10,41.761740122,-87.5581339868,2020,30,POINT (-87.5581339868 41.761740122),,,,,2020-10-15,True,42,South Shore
4968,20,STOP SIGN/FLASHER,FUNCTIONING PROPERLY,CLEAR,"DARKNESS, LIGHTED ROAD",PEDALCYCLIST,DIVIDED - W/MEDIAN (NOT RAISED),STRAIGHT AND LEVEL,DRY,NO DEFECTS,Y,DISREGARDING YIELD SIGN,FAILING TO REDUCE SPEED TO AVOID CRASH,,NO INDICATION OF INJURY,18,10,41.6886889465,-87.7007808622,2020,20,POINT (-87.7007808622 41.6886889465),,,,,2020-10-15,False,73,Mount Greenwood
4969,35,NO CONTROLS,NO CONTROLS,CLEAR,DAYLIGHT,PEDALCYCLIST,NOT DIVIDED,STRAIGHT AND LEVEL,DRY,NO DEFECTS,,UNABLE TO DETERMINE,UNABLE TO DETERMINE,,"REPORTED, NOT EVIDENT",10,10,41.8663022757,-87.6467452912,2020,35,POINT (-87.6467452912 41.8663022757),,,,,2020-10-16,False,27,Near West Side
4970,35,NO CONTROLS,NO CONTROLS,CLEAR,DAYLIGHT,PEDALCYCLIST,NOT DIVIDED,STRAIGHT AND LEVEL,DRY,NO DEFECTS,,UNABLE TO DETERMINE,UNABLE TO DETERMINE,Y,NO INDICATION OF INJURY,11,10,41.918203737,-87.654093752,2020,35,POINT (-87.654093752 41.918203737),,,,,2020-10-16,False,6,Lincoln Park
4971,30,NO CONTROLS,NO CONTROLS,CLEAR,DAYLIGHT,PEDALCYCLIST,DIVIDED - W/MEDIAN (NOT RAISED),STRAIGHT AND LEVEL,DRY,NO DEFECTS,Y,FAILING TO YIELD RIGHT-OF-WAY,UNABLE TO DETERMINE,,NONINCAPACITATING INJURY,14,10,41.9681046544,-87.730537781,2020,30,POINT (-87.730537781 41.9681046544),,,,,2020-10-16,False,11,Forest Glen
4972,15,NO CONTROLS,NO CONTROLS,CLEAR,DUSK,PEDALCYCLIST,ALLEY,STRAIGHT AND LEVEL,DRY,UNKNOWN,,FAILING TO YIELD RIGHT-OF-WAY,NOT APPLICABLE,,NONINCAPACITATING INJURY,17,10,41.6917867905,-87.7107382783,2020,15,POINT (-87.7107382783 41.6917867905),,,,,2020-10-16,False,73,Mount Greenwood
4973,30,TRAFFIC SIGNAL,FUNCTIONING PROPERLY,CLEAR,DAYLIGHT,PEDALCYCLIST,FOUR WAY,STRAIGHT AND LEVEL,DRY,NO DEFECTS,Y,DISREGARDING TRAFFIC SIGNALS,NOT APPLICABLE,,INCAPACITATING INJURY,17,10,41.7684408094,-87.6834073565,2020,30,POINT (-87.6834073565 41.7684408094),,,,,2020-10-16,True,65,Chicago Lawn
4974,30,NO CONTROLS,FUNCTIONING IMPROPERLY,CLEAR,DARKNESS,PEDALCYCLIST,NOT DIVIDED,STRAIGHT AND LEVEL,DRY,NO DEFECTS,,UNABLE TO DETERMINE,UNABLE TO DETERMINE,,"REPORTED, NOT EVIDENT",23,10,41.9024352822,-87.6970153573,2020,30,POINT (-87.6970153573 41.9024352822),,,,,2020-10-16,False,22,Humboldt Park
4975,30,STOP SIGN/FLASHER,FUNCTIONING PROPERLY,CLEAR,DAYLIGHT,PEDALCYCLIST,NOT DIVIDED,STRAIGHT AND LEVEL,DRY,NO DEFECTS,Y,UNABLE TO DETERMINE,UNABLE TO DETERMINE,,NO INDICATION OF INJURY,11,10,41.9767196985,-87.6925471944,2020,30,POINT (-87.6925471944 41.9767196985),,,,,2020-10-17,False,3,Lincoln Square
4976,30,STOP SIGN/FLASHER,FUNCTIONING PROPERLY,CLOUDY/OVERCAST,DAWN,PEDALCYCLIST,OTHER,STRAIGHT AND LEVEL,UNKNOWN,UNKNOWN,N,DISREGARDING STOP SIGN,NOT APPLICABLE,N,NO INDICATION OF INJURY,17,10,41.9141418106,-87.6726027195,2020,30,POINT (-87.6726027195 41.9141418106),,,,,2020-10-17,False,6,Lincoln Park
4977,30,TRAFFIC SIGNAL,FUNCTIONING PROPERLY,CLEAR,"DARKNESS, LIGHTED ROAD",PEDALCYCLIST,DIVIDED - W/MEDIAN (NOT RAISED),STRAIGHT AND LEVEL,OTHER,OTHER,,UNABLE TO DETERMINE,UNABLE TO DETERMINE,,NONINCAPACITATING INJURY,2,10,41.8711123775,-87.6863102623,2020,30,POINT (-87.6863102623 41.8711123775),,,,,2020-10-18,False,27,Near West Side
4978,30,TRAFFIC SIGNAL,FUNCTIONING PROPERLY,CLOUDY/OVERCAST,DAYLIGHT,PEDALCYCLIST,NOT DIVIDED,STRAIGHT AND LEVEL,DRY,UNKNOWN,Y,UNABLE TO DETERMINE,UNABLE TO DETERMINE,,NONINCAPACITATING INJURY,8,10,41.7863934172,-87.6888623626,2020,30,POINT (-87.6888623626 41.7863934172),,,,,2020-10-18,False,62,Gage Park
4979,5,NO CONTROLS,NO CONTROLS,RAIN,DAYLIGHT,PEDALCYCLIST,PARKING LOT,STRAIGHT AND LEVEL,WET,NO DEFECTS,,UNABLE TO DETERMINE,NOT APPLICABLE,,NO INDICATION OF INJURY,15,10,41.9240787189,-87.7461495693,2020,5,POINT (-87.7461495693 41.9240787189),,,,,2020-10-19,False,18,Belmont Cragin
4980,30,NO CONTROLS,NO CONTROLS,RAIN,DARKNESS,PEDALCYCLIST,NOT DIVIDED,STRAIGHT AND LEVEL,WET,NO DEFECTS,,FAILING TO YIELD RIGHT-OF-WAY,NOT APPLICABLE,Y,NONINCAPACITATING INJURY,18,10,41.9398852427,-87.7959109368,2020,30,POINT (-87.7959109368 41.9398852427),,,,,2020-10-19,False,16,Dunning
4981,30,NO CONTROLS,NO CONTROLS,CLEAR,"DARKNESS, LIGHTED ROAD",PEDALCYCLIST,NOT DIVIDED,STRAIGHT AND LEVEL,DRY,NO DEFECTS,,UNABLE TO DETERMINE,NOT APPLICABLE,Y,NONINCAPACITATING INJURY,20,10,41.8744748426,-87.6429385331,2020,30,POINT (-87.6429385331 41.8744748426),,,,,2020-10-19,False,27,Near West Side
4982,30,TRAFFIC SIGNAL,FUNCTIONING PROPERLY,RAIN,"DARKNESS, LIGHTED ROAD",PEDALCYCLIST,NOT DIVIDED,STRAIGHT AND LEVEL,WET,NO DEFECTS,Y,UNABLE TO DETERMINE,NOT APPLICABLE,,NO INDICATION OF INJURY,21,10,41.8156032045,-87.6847727236,2020,30,POINT (-87.6847727236 41.8156032045),,,,,2020-10-19,False,57,Brighton Park
4983,30,NO CONTROLS,NO CONTROLS,CLEAR,DAYLIGHT,PEDALCYCLIST,NOT DIVIDED,STRAIGHT AND LEVEL,DRY,NO DEFECTS,,FAILING TO YIELD RIGHT-OF-WAY,NOT APPLICABLE,Y,NONINCAPACITATING INJURY,12,10,41.9096095901,-87.6772943334,2020,30,POINT (-87.6772943334 41.9096095901),,,,,2020-10-20,False,23,West Town
4984,30,NO CONTROLS,NO CONTROLS,CLEAR,DAYLIGHT,PEDALCYCLIST,DIVIDED - W/MEDIAN (NOT RAISED),STRAIGHT AND LEVEL,DRY,NO DEFECTS,,UNABLE TO DETERMINE,NOT APPLICABLE,Y,NO INDICATION OF INJURY,12,10,41.9384562505,-87.7672594088,2020,30,POINT (-87.7672594088 41.9384562505),,,,,2020-10-20,False,14,Portage Park
4985,30,TRAFFIC SIGNAL,FUNCTIONING PROPERLY,CLEAR,DAYLIGHT,PEDALCYCLIST,T-INTERSECTION,STRAIGHT AND LEVEL,DRY,OTHER,Y,IMPROPER LANE USAGE,IMPROPER OVERTAKING/PASSING,,NO INDICATION OF INJURY,13,10,41.8527691728,-87.6386784988,2020,30,POINT (-87.6386784988 41.8527691728),,,,,2020-10-20,False,30,Lower West Side
4986,30,NO CONTROLS,NO CONTROLS,RAIN,"DARKNESS, LIGHTED ROAD",PEDALCYCLIST,NOT DIVIDED,STRAIGHT AND LEVEL,WET,NO DEFECTS,,IMPROPER TURNING/NO SIGNAL,IMPROPER LANE USAGE,,NONINCAPACITATING INJURY,19,10,41.9030654346,-87.6781341168,2020,30,POINT (-87.6781341168 41.9030654346),,,,,2020-10-20,False,23,West Town
4987,30,TRAFFIC SIGNAL,FUNCTIONING PROPERLY,CLEAR,DAYLIGHT,PEDALCYCLIST,NOT DIVIDED,STRAIGHT AND LEVEL,DRY,NO DEFECTS,Y,UNABLE TO DETERMINE,UNABLE TO DETERMINE,,NONINCAPACITATING INJURY,15,10,41.8014270266,-87.6648407451,2020,30,POINT (-87.6648407451 41.8014270266),,,,,2020-10-21,False,60,New City
4988,20,STOP SIGN/FLASHER,FUNCTIONING PROPERLY,CLEAR,DAYLIGHT,PEDALCYCLIST,NOT DIVIDED,STRAIGHT AND LEVEL,DRY,NO DEFECTS,Y,FAILING TO REDUCE SPEED TO AVOID CRASH,NOT APPLICABLE,,NONINCAPACITATING INJURY,16,10,41.8939324999,-87.6354904886,2020,20,POINT (-87.6354904886 41.8939324999),,,,,2020-10-21,False,7,Near North Side
4989,15,NO CONTROLS,NO CONTROLS,CLEAR,DAYLIGHT,PEDALCYCLIST,FOUR WAY,STRAIGHT AND LEVEL,DRY,NO DEFECTS,Y,UNABLE TO DETERMINE,UNABLE TO DETERMINE,,NONINCAPACITATING INJURY,16,10,41.9474871548,-87.6407614169,2020,15,POINT (-87.6407614169 41.9474871548),,,,,2020-10-21,False,5,Lake View
4990,30,NO CONTROLS,NO CONTROLS,RAIN,"DARKNESS, LIGHTED ROAD",PEDALCYCLIST,DIVIDED - W/MEDIAN (NOT RAISED),STRAIGHT AND LEVEL,WET,NO DEFECTS,,NOT APPLICABLE,NOT APPLICABLE,,NO INDICATION OF INJURY,18,10,41.8813897146,-87.6278964558,2020,30,POINT (-87.6278964558 41.8813897146),,,,,2020-10-21,False,31,Loop
4991,30,STOP SIGN/FLASHER,FUNCTIONING PROPERLY,CLEAR,DAYLIGHT,PEDALCYCLIST,DIVIDED - W/MEDIAN (NOT RAISED),STRAIGHT AND LEVEL,DRY,NO DEFECTS,Y,"VISION OBSCURED (SIGNS, TREE LIMBS, BUILDINGS, ETC.)",NOT APPLICABLE,Y,NONINCAPACITATING INJURY,13,10,41.7434307741,-87.6318880347,2020,30,POINT (-87.6318880347 41.7434307741),,,,,2020-10-22,False,43,Chatham
4992,30,TRAFFIC SIGNAL,FUNCTIONING PROPERLY,CLEAR,DAYLIGHT,PEDALCYCLIST,NOT DIVIDED,STRAIGHT AND LEVEL,DRY,NO DEFECTS,Y,IMPROPER TURNING/NO SIGNAL,NOT APPLICABLE,N,NONINCAPACITATING INJURY,16,10,41.8903844508,-87.7065467882,2020,30,POINT (-87.7065467882 41.8903844508),,,,,2020-10-22,False,22,Humboldt Park
4993,30,STOP SIGN/FLASHER,FUNCTIONING PROPERLY,CLEAR,DAYLIGHT,PEDALCYCLIST,NOT DIVIDED,STRAIGHT AND LEVEL,DRY,NO DEFECTS,Y,FAILING TO YIELD RIGHT-OF-WAY,"VISION OBSCURED (SIGNS, TREE LIMBS, BUILDINGS, ETC.)",,NONINCAPACITATING INJURY,19,10,41.7857392334,-87.7314513088,2020,30,POINT (-87.7314513088 41.7857392334),,,,,2020-10-22,False,64,West Lawn
4994,30,STOP SIGN/FLASHER,FUNCTIONING PROPERLY,CLEAR,DAYLIGHT,PEDALCYCLIST,NOT DIVIDED,STRAIGHT AND LEVEL,DRY,NO DEFECTS,Y,FAILING TO YIELD RIGHT-OF-WAY,UNABLE TO DETERMINE,,NONINCAPACITATING INJURY,7,10,41.8890169782,-87.6535478401,2020,30,POINT (-87.6535478401 41.8890169782),,,,,2020-10-23,False,7,Near North Side
4995,25,NO CONTROLS,NO CONTROLS,RAIN,DAYLIGHT,PEDALCYCLIST,NOT DIVIDED,STRAIGHT AND LEVEL,WET,NO DEFECTS,,UNABLE TO DETERMINE,UNABLE TO DETERMINE,,"REPORTED, NOT EVIDENT",11,10,41.7582250288,-87.6039905596,2020,25,POINT (-87.6039905596 41.7582250288),,,,,2020-10-23,False,68,Grand Crossing
4996,30,NO CONTROLS,NO CONTROLS,RAIN,DAYLIGHT,PEDALCYCLIST,NOT DIVIDED,STRAIGHT AND LEVEL,WET,UNKNOWN,,UNABLE TO DETERMINE,UNABLE TO DETERMINE,,FATAL,13,10,41.9748706153,-87.783117474,2020,30,POINT (-87.783117474 41.9748706153),,,,,2020-10-23,True,10,Jefferson Park
4997,10,NO CONTROLS,NO CONTROLS,RAIN,DAYLIGHT,PEDALCYCLIST,PARKING LOT,STRAIGHT AND LEVEL,WET,NO DEFECTS,,NOT APPLICABLE,NOT APPLICABLE,,NO INDICATION OF INJURY,13,10,41.7496586556,-87.7231833164,2020,10,POINT (-87.7231833164 41.7496586556),,,,,2020-10-23,False,69,Ashburn
4998,30,TRAFFIC SIGNAL,FUNCTIONING PROPERLY,RAIN,DAYLIGHT,PEDALCYCLIST,FOUR WAY,STRAIGHT AND LEVEL,WET,NO DEFECTS,Y,NOT APPLICABLE,NOT APPLICABLE,,NONINCAPACITATING INJURY,14,10,41.8979059116,-87.6311307049,2020,30,POINT (-87.6311307049 41.8979059116),,,,,2020-10-23,False,7,Near North Side
4999,30,NO CONTROLS,NO CONTROLS,RAIN,DAYLIGHT,PEDALCYCLIST,NOT DIVIDED,STRAIGHT AND LEVEL,WET,NO DEFECTS,,UNABLE TO DETERMINE,UNABLE TO DETERMINE,,NO INDICATION OF INJURY,14,10,41.8536421411,-87.7246631706,2020,30,POINT (-87.7246631706 41.8536421411),,,,,2020-10-23,False,28,North Lawndale