Unnamed: 0,POSTED_SPEED_LIMIT,TRAFFIC_CONTROL_DEVICE,DEVICE_CONDITION,WEATHER_CONDITION,LIGHTING_CONDITION,FIRST_CRASH_TYPE,TRAFFICWAY_TYPE,ALIGNMENT,ROADWAY_SURFACE_COND,ROAD_DEFECT,INTERSECTION_RELATED_I,PRIM_CONTRIBUTORY_CAUSE,SEC_CONTRIBUTORY_CAUSE,DOORING_I,MOST_SEVERE_INJURY,CRASH_HOUR,CRASH_MONTH,LATITUDE,LONGITUDE,CRASH_YEAR,SPEED_LIMIT,geometry,DISPLAYROU,the_geom,DIST,LANE_TYPE,CRASH_DATE,is_severe,index_right,CArea
5000,30,TRAFFIC SIGNAL,FUNCTIONING PROPERLY,CLEAR,"DARKNESS, LIGHTED ROAD",PEDALCYCLIST,NOT DIVIDED,STRAIGHT AND LEVEL,DRY,NO DEFECTS,Y,UNABLE TO DETERMINE,NOT APPLICABLE,,NONINCAPACITATING INJURY,20,10,41.938714441,-87.7469943681,2020,30,POINT (-87.7469943681 41.938714441),,,,,2020-10-23,False,14,Portage Park
5001,30,NO CONTROLS,NO CONTROLS,CLEAR,"DARKNESS, LIGHTED ROAD",PEDALCYCLIST,DIVIDED - W/MEDIAN BARRIER,STRAIGHT AND LEVEL,DRY,NO DEFECTS,,FAILING TO REDUCE SPEED TO AVOID CRASH,NOT APPLICABLE,,NO INDICATION OF INJURY,20,10,41.9174664807,-87.6868162369,2020,30,POINT (-87.6868162369 41.9174664807),,,,,2020-10-23,False,21,Logan Square
5002,30,NO CONTROLS,NO CONTROLS,CLEAR,"DARKNESS, LIGHTED ROAD",PEDALCYCLIST,NOT DIVIDED,STRAIGHT AND LEVEL,DRY,NO DEFECTS,,UNABLE TO DETERMINE,UNABLE TO DETERMINE,Y,"REPORTED, NOT EVIDENT",21,10,41.9680773526,-87.708606915,2020,30,POINT (-87.708606915 41.9680773526),,,,,2020-10-23,False,13,Albany Park
5003,30,TRAFFIC SIGNAL,FUNCTIONING PROPERLY,CLEAR,DAYLIGHT,PEDALCYCLIST,FOUR WAY,STRAIGHT AND LEVEL,DRY,NO DEFECTS,Y,IMPROPER TURNING/NO SIGNAL,NOT APPLICABLE,,NO INDICATION OF INJURY,10,10,41.8529339676,-87.6302142392,2020,30,POINT (-87.6302142392 41.8529339676),,,,,2020-10-24,False,32,Near South Side
5004,15,NO CONTROLS,NO CONTROLS,CLEAR,DAYLIGHT,PEDALCYCLIST,DIVIDED - W/MEDIAN (NOT RAISED),STRAIGHT AND LEVEL,DRY,NO DEFECTS,Y,TEXTING,NOT APPLICABLE,,NONINCAPACITATING INJURY,12,10,41.9168003858,-87.6654325851,2020,15,POINT (-87.6654325851 41.9168003858),,,,,2020-10-24,False,6,Lincoln Park
5005,30,STOP SIGN/FLASHER,FUNCTIONING PROPERLY,CLEAR,DAYLIGHT,PEDALCYCLIST,T-INTERSECTION,STRAIGHT AND LEVEL,DRY,NO DEFECTS,,UNABLE TO DETERMINE,NOT APPLICABLE,,NO INDICATION OF INJURY,16,10,41.7935696336,-87.7072950407,2020,30,POINT (-87.7072950407 41.7935696336),,,,,2020-10-24,False,62,Gage Park
5006,30,TRAFFIC SIGNAL,FUNCTIONING PROPERLY,CLEAR,DAYLIGHT,PEDALCYCLIST,DIVIDED - W/MEDIAN BARRIER,STRAIGHT AND LEVEL,DRY,NO DEFECTS,,DRIVING SKILLS/KNOWLEDGE/EXPERIENCE,UNABLE TO DETERMINE,,NONINCAPACITATING INJURY,17,10,41.9507484527,-87.6690208214,2020,30,POINT (-87.6690208214 41.9507484527),,,,,2020-10-24,False,5,Lake View
5007,20,TRAFFIC SIGNAL,FUNCTIONING PROPERLY,CLEAR,"DARKNESS, LIGHTED ROAD",PEDALCYCLIST,DIVIDED - W/MEDIAN (NOT RAISED),STRAIGHT AND LEVEL,DRY,NO DEFECTS,,IMPROPER OVERTAKING/PASSING,UNABLE TO DETERMINE,,NONINCAPACITATING INJURY,19,10,41.9465916536,-87.6981760017,2020,20,POINT (-87.6981760017 41.9465916536),,,,,2020-10-24,False,15,Irving Park
5008,25,STOP SIGN/FLASHER,FUNCTIONING PROPERLY,CLEAR,"DARKNESS, LIGHTED ROAD",PEDALCYCLIST,NOT DIVIDED,"CURVE, LEVEL",DRY,NO DEFECTS,N,FAILING TO YIELD RIGHT-OF-WAY,UNABLE TO DETERMINE,,NONINCAPACITATING INJURY,19,10,41.9740452249,-87.6921877278,2020,25,POINT (-87.6921877278 41.9740452249),,,,,2020-10-25,False,3,Lincoln Square
5009,30,TRAFFIC SIGNAL,UNKNOWN,SNOW,DAYLIGHT,PEDALCYCLIST,Y-INTERSECTION,STRAIGHT AND LEVEL,WET,NO DEFECTS,Y,FAILING TO YIELD RIGHT-OF-WAY,TURNING RIGHT ON RED,,NONINCAPACITATING INJURY,9,10,41.9537370514,-87.7277666118,2020,30,POINT (-87.7277666118 41.9537370514),,,,,2020-10-26,False,15,Irving Park
5010,30,TRAFFIC SIGNAL,FUNCTIONING PROPERLY,CLEAR,DAYLIGHT,PEDALCYCLIST,DIVIDED - W/MEDIAN (NOT RAISED),STRAIGHT AND LEVEL,DRY,NO DEFECTS,,FAILING TO YIELD RIGHT-OF-WAY,NOT APPLICABLE,,"REPORTED, NOT EVIDENT",12,10,41.9685110544,-87.7133037635,2020,30,POINT (-87.7133037635 41.9685110544),,,,,2020-10-26,False,13,Albany Park
5011,30,TRAFFIC SIGNAL,FUNCTIONING PROPERLY,CLEAR,DAYLIGHT,PEDALCYCLIST,FOUR WAY,STRAIGHT AND LEVEL,WET,NO DEFECTS,Y,FAILING TO REDUCE SPEED TO AVOID CRASH,UNABLE TO DETERMINE,,INCAPACITATING INJURY,13,10,42.0122348053,-87.6903940418,2020,30,POINT (-87.6903940418 42.0122348053),,,,,2020-10-26,True,1,West Ridge
5012,30,TRAFFIC SIGNAL,NOT FUNCTIONING,CLEAR,"DARKNESS, LIGHTED ROAD",PEDALCYCLIST,DIVIDED - W/MEDIAN (NOT RAISED),STRAIGHT AND LEVEL,DRY,NO DEFECTS,,UNABLE TO DETERMINE,UNABLE TO DETERMINE,,NO INDICATION OF INJURY,17,10,41.9685238442,-87.6887575155,2020,30,POINT (-87.6887575155 41.9685238442),,,,,2020-10-26,False,3,Lincoln Square
5013,30,TRAFFIC SIGNAL,FUNCTIONING PROPERLY,CLEAR,"DARKNESS, LIGHTED ROAD",PEDALCYCLIST,NOT DIVIDED,STRAIGHT AND LEVEL,DRY,NO DEFECTS,,UNABLE TO DETERMINE,UNABLE TO DETERMINE,,"REPORTED, NOT EVIDENT",18,10,41.8670564545,-87.6534871072,2020,30,POINT (-87.6534871072 41.8670564545),,,,,2020-10-26,False,27,Near West Side
5014,30,TRAFFIC SIGNAL,FUNCTIONING PROPERLY,RAIN,DAYLIGHT,PEDALCYCLIST,NOT DIVIDED,STRAIGHT AND LEVEL,WET,NO DEFECTS,Y,IMPROPER TURNING/NO SIGNAL,UNABLE TO DETERMINE,,NONINCAPACITATING INJURY,14,10,41.896218801,-87.6556038946,2020,30,POINT (-87.6556038946 41.896218801),,,,,2020-10-27,False,7,Near North Side
5015,30,TRAFFIC SIGNAL,FUNCTIONING IMPROPERLY,CLEAR,"DARKNESS, LIGHTED ROAD",PEDALCYCLIST,FOUR WAY,STRAIGHT AND LEVEL,DRY,NO DEFECTS,,BICYCLE ADVANCING LEGALLY ON RED LIGHT,NOT APPLICABLE,,NONINCAPACITATING INJURY,22,10,41.7510095803,-87.6244014161,2020,30,POINT (-87.6244014161 41.7510095803),,,,,2020-10-27,False,43,Chatham
5016,30,UNKNOWN,UNKNOWN,UNKNOWN,UNKNOWN,PEDALCYCLIST,NOT DIVIDED,STRAIGHT AND LEVEL,UNKNOWN,UNKNOWN,,UNABLE TO DETERMINE,UNABLE TO DETERMINE,Y,INCAPACITATING INJURY,18,10,41.9481786002,-87.663896872,2020,30,POINT (-87.663896872 41.9481786002),,,,,2020-10-28,True,5,Lake View
5017,30,STOP SIGN/FLASHER,FUNCTIONING PROPERLY,CLEAR,"DARKNESS, LIGHTED ROAD",PEDALCYCLIST,FOUR WAY,STRAIGHT AND LEVEL,DRY,NO DEFECTS,Y,UNABLE TO DETERMINE,UNABLE TO DETERMINE,,NONINCAPACITATING INJURY,20,10,41.9416311778,-87.6640145026,2020,30,POINT (-87.6640145026 41.9416311778),,,,,2020-10-29,False,5,Lake View
5018,30,STOP SIGN/FLASHER,FUNCTIONING PROPERLY,CLEAR,DAYLIGHT,PEDALCYCLIST,DIVIDED - W/MEDIAN (NOT RAISED),STRAIGHT AND LEVEL,DRY,NO DEFECTS,Y,DISREGARDING STOP SIGN,FAILING TO YIELD RIGHT-OF-WAY,,NO INDICATION OF INJURY,10,10,41.8941264196,-87.6771484158,2020,30,POINT (-87.6771484158 41.8941264196),,,,,2020-10-30,False,23,West Town
5019,30,TRAFFIC SIGNAL,FUNCTIONING PROPERLY,CLEAR,DAYLIGHT,PEDALCYCLIST,FOUR WAY,STRAIGHT AND LEVEL,DRY,NO DEFECTS,Y,FAILING TO YIELD RIGHT-OF-WAY,"VISION OBSCURED (SIGNS, TREE LIMBS, BUILDINGS, ETC.)",,NONINCAPACITATING INJURY,16,10,41.768243972,-87.6831938009,2020,30,POINT (-87.6831938009 41.768243972),,,,,2020-10-30,False,65,Chicago Lawn
5020,30,UNKNOWN,UNKNOWN,UNKNOWN,DAYLIGHT,PEDALCYCLIST,DIVIDED - W/MEDIAN (NOT RAISED),STRAIGHT AND LEVEL,UNKNOWN,UNKNOWN,,UNABLE TO DETERMINE,UNABLE TO DETERMINE,,NONINCAPACITATING INJURY,16,10,41.886482774,-87.7452491729,2020,30,POINT (-87.7452491729 41.886482774),,,,,2020-10-30,False,24,Austin
5021,15,NO CONTROLS,NO CONTROLS,CLEAR,DAYLIGHT,PEDALCYCLIST,OTHER,STRAIGHT AND LEVEL,DRY,NO DEFECTS,,UNABLE TO DETERMINE,NOT APPLICABLE,,NONINCAPACITATING INJURY,10,10,41.9666957393,-87.7378615254,2020,15,POINT (-87.7378615254 41.9666957393),,,,,2020-10-31,False,13,Albany Park
5022,30,NO CONTROLS,NO CONTROLS,CLEAR,"DARKNESS, LIGHTED ROAD",PEDALCYCLIST,NOT DIVIDED,STRAIGHT AND LEVEL,DRY,NO DEFECTS,,NOT APPLICABLE,NOT APPLICABLE,,NO INDICATION OF INJURY,17,10,41.9349396547,-87.653790179,2020,30,POINT (-87.653790179 41.9349396547),,,,,2020-10-31,False,5,Lake View
5023,30,NO CONTROLS,NO CONTROLS,CLEAR,"DARKNESS, LIGHTED ROAD",PEDALCYCLIST,DIVIDED - W/MEDIAN (NOT RAISED),STRAIGHT AND LEVEL,WET,NO DEFECTS,,UNABLE TO DETERMINE,NOT APPLICABLE,,NONINCAPACITATING INJURY,21,10,41.9300266347,-87.7267794913,2020,30,POINT (-87.7267794913 41.9300266347),,,,,2020-10-31,False,19,Hermosa
5024,30,TRAFFIC SIGNAL,FUNCTIONING PROPERLY,CLEAR,"DARKNESS, LIGHTED ROAD",PEDALCYCLIST,DIVIDED - W/MEDIAN (NOT RAISED),STRAIGHT AND LEVEL,DRY,NO DEFECTS,Y,FAILING TO YIELD RIGHT-OF-WAY,UNABLE TO DETERMINE,,NONINCAPACITATING INJURY,0,11,41.9398766233,-87.6637031332,2020,30,POINT (-87.6637031332 41.9398766233),,,,,2020-11-01,False,5,Lake View
5025,30,NO CONTROLS,NO CONTROLS,CLEAR,"DARKNESS, LIGHTED ROAD",PEDALCYCLIST,NOT DIVIDED,STRAIGHT AND LEVEL,DRY,NO DEFECTS,,UNABLE TO DETERMINE,NOT APPLICABLE,,"REPORTED, NOT EVIDENT",20,11,41.9973008099,-87.7080975224,2020,30,POINT (-87.7080975224 41.9973008099),,,,,2020-11-02,False,1,West Ridge
5026,30,TRAFFIC SIGNAL,FUNCTIONING PROPERLY,CLEAR,DAYLIGHT,PEDALCYCLIST,NOT DIVIDED,STRAIGHT AND LEVEL,DRY,NO DEFECTS,Y,DISREGARDING TRAFFIC SIGNALS,FAILING TO YIELD RIGHT-OF-WAY,,NONINCAPACITATING INJURY,9,11,41.9616283952,-87.6579292484,2020,30,POINT (-87.6579292484 41.9616283952),,,,,2020-11-03,False,2,Uptown
5027,30,TRAFFIC SIGNAL,FUNCTIONING PROPERLY,CLEAR,DAYLIGHT,PEDALCYCLIST,DIVIDED - W/MEDIAN (NOT RAISED),STRAIGHT AND LEVEL,DRY,NO DEFECTS,Y,FAILING TO YIELD RIGHT-OF-WAY,IMPROPER TURNING/NO SIGNAL,,NONINCAPACITATING INJURY,13,11,41.9248233083,-87.7076531502,2020,30,POINT (-87.7076531502 41.9248233083),,,,,2020-11-03,False,21,Logan Square
5028,30,TRAFFIC SIGNAL,FUNCTIONING PROPERLY,CLEAR,DAYLIGHT,PEDALCYCLIST,NOT DIVIDED,STRAIGHT AND LEVEL,DRY,NO DEFECTS,,FAILING TO YIELD RIGHT-OF-WAY,NOT APPLICABLE,,NONINCAPACITATING INJURY,8,11,41.9361560717,-87.6638365422,2020,30,POINT (-87.6638365422 41.9361560717),,,,,2020-11-04,False,5,Lake View
5029,35,NO CONTROLS,NO CONTROLS,CLEAR,DAYLIGHT,PEDALCYCLIST,NOT DIVIDED,STRAIGHT AND LEVEL,DRY,NO DEFECTS,,UNABLE TO DETERMINE,UNABLE TO DETERMINE,Y,INCAPACITATING INJURY,9,11,41.9634716329,-87.7331714245,2020,35,POINT (-87.7331714245 41.9634716329),,,,,2020-11-04,True,13,Albany Park
5030,30,TRAFFIC SIGNAL,FUNCTIONING PROPERLY,CLEAR,DAYLIGHT,PEDALCYCLIST,DIVIDED - W/MEDIAN BARRIER,STRAIGHT AND LEVEL,DRY,NO DEFECTS,Y,DISREGARDING TRAFFIC SIGNALS,DISREGARDING OTHER TRAFFIC SIGNS,Y,"REPORTED, NOT EVIDENT",13,11,41.7518556025,-87.5482503373,2020,30,POINT (-87.5482503373 41.7518556025),,,,,2020-11-04,False,42,South Shore
5031,30,STOP SIGN/FLASHER,FUNCTIONING PROPERLY,CLEAR,DAYLIGHT,PEDALCYCLIST,T-INTERSECTION,STRAIGHT AND LEVEL,DRY,NO DEFECTS,Y,DISREGARDING STOP SIGN,FAILING TO REDUCE SPEED TO AVOID CRASH,Y,INCAPACITATING INJURY,15,11,41.9077189065,-87.6380047387,2020,30,POINT (-87.6380047387 41.9077189065),,,,,2020-11-04,True,7,Near North Side
5032,30,TRAFFIC SIGNAL,FUNCTIONING PROPERLY,CLEAR,DAYLIGHT,PEDALCYCLIST,NOT DIVIDED,STRAIGHT AND LEVEL,DRY,NO DEFECTS,Y,IMPROPER LANE USAGE,FAILING TO YIELD RIGHT-OF-WAY,,NO INDICATION OF INJURY,10,11,41.9101222374,-87.6484004772,2020,30,POINT (-87.6484004772 41.9101222374),,,,,2020-11-05,False,7,Near North Side
5033,30,NO CONTROLS,NO CONTROLS,CLEAR,DAYLIGHT,PEDALCYCLIST,DIVIDED - W/MEDIAN (NOT RAISED),STRAIGHT AND LEVEL,DRY,NO DEFECTS,,UNABLE TO DETERMINE,UNABLE TO DETERMINE,,NO INDICATION OF INJURY,11,11,41.9312936268,-87.7561418254,2020,30,POINT (-87.7561418254 41.9312936268),,,,,2020-11-05,False,18,Belmont Cragin
5034,30,STOP SIGN/FLASHER,FUNCTIONING PROPERLY,CLEAR,DAYLIGHT,PEDALCYCLIST,NOT DIVIDED,STRAIGHT AND LEVEL,DRY,NO DEFECTS,Y,FAILING TO YIELD RIGHT-OF-WAY,UNABLE TO DETERMINE,,"REPORTED, NOT EVIDENT",16,11,41.9852690113,-87.7766771908,2020,30,POINT (-87.7766771908 41.9852690113),,,,,2020-11-05,False,10,Jefferson Park
5035,30,TRAFFIC SIGNAL,FUNCTIONING PROPERLY,CLEAR,"DARKNESS, LIGHTED ROAD",PEDALCYCLIST,DIVIDED - W/MEDIAN BARRIER,STRAIGHT AND LEVEL,DRY,NO DEFECTS,Y,FAILING TO YIELD RIGHT-OF-WAY,UNABLE TO DETERMINE,,NONINCAPACITATING INJURY,20,11,41.8941132635,-87.6331790242,2020,30,POINT (-87.6331790242 41.8941132635),,,,,2020-11-05,False,7,Near North Side
5036,35,NO CONTROLS,NO CONTROLS,CLEAR,DAYLIGHT,PEDALCYCLIST,NOT DIVIDED,STRAIGHT AND LEVEL,DRY,NO DEFECTS,,NOT APPLICABLE,NOT APPLICABLE,,INCAPACITATING INJURY,13,11,41.7510204707,-87.6151022455,2020,35,POINT (-87.6151022455 41.7510204707),,,,,2020-11-06,True,43,Chatham
5037,30,NO CONTROLS,NO CONTROLS,CLEAR,DAYLIGHT,PEDALCYCLIST,DIVIDED - W/MEDIAN BARRIER,STRAIGHT AND LEVEL,DRY,NO DEFECTS,Y,UNABLE TO DETERMINE,NOT APPLICABLE,,"REPORTED, NOT EVIDENT",15,11,41.8948759912,-87.7481337326,2020,30,POINT (-87.7481337326 41.8948759912),,,,,2020-11-06,False,24,Austin
5038,30,NO CONTROLS,NO CONTROLS,CLEAR,DAYLIGHT,PEDALCYCLIST,NOT DIVIDED,STRAIGHT AND LEVEL,DRY,NO DEFECTS,,IMPROPER BACKING,FAILING TO YIELD RIGHT-OF-WAY,,NO INDICATION OF INJURY,15,11,41.9432585256,-87.6786013767,2020,30,POINT (-87.6786013767 41.9432585256),,,,,2020-11-06,False,4,North Center
5039,30,NO CONTROLS,NO CONTROLS,CLEAR,DAYLIGHT,PEDALCYCLIST,NOT DIVIDED,STRAIGHT AND LEVEL,DRY,NO DEFECTS,,UNABLE TO DETERMINE,NOT APPLICABLE,,NO INDICATION OF INJURY,15,11,41.8106560362,-87.5937859962,2020,30,POINT (-87.5937859962 41.8106560362),,,,,2020-11-06,False,38,Kenwood
5040,30,TRAFFIC SIGNAL,FUNCTIONING PROPERLY,CLEAR,DAYLIGHT,PEDALCYCLIST,DIVIDED - W/MEDIAN (NOT RAISED),STRAIGHT AND LEVEL,DRY,UNKNOWN,Y,UNABLE TO DETERMINE,UNABLE TO DETERMINE,,NO INDICATION OF INJURY,15,11,41.9395023808,-87.697849374,2020,30,POINT (-87.697849374 41.9395023808),,,,,2020-11-06,False,15,Irving Park
5041,30,OTHER,OTHER,CLEAR,"DARKNESS, LIGHTED ROAD",PEDALCYCLIST,DIVIDED - W/MEDIAN (NOT RAISED),STRAIGHT AND LEVEL,DRY,NO DEFECTS,,UNABLE TO DETERMINE,UNABLE TO DETERMINE,Y,"REPORTED, NOT EVIDENT",17,11,41.9179695017,-87.6483529884,2020,30,POINT (-87.6483529884 41.9179695017),,,,,2020-11-06,False,6,Lincoln Park
5042,30,TRAFFIC SIGNAL,FUNCTIONING PROPERLY,CLEAR,"DARKNESS, LIGHTED ROAD",PEDALCYCLIST,DIVIDED - W/MEDIAN (NOT RAISED),STRAIGHT AND LEVEL,DRY,NO DEFECTS,Y,FAILING TO YIELD RIGHT-OF-WAY,UNABLE TO DETERMINE,,NONINCAPACITATING INJURY,20,11,41.7587838191,-87.5762866492,2020,30,POINT (-87.5762866492 41.7587838191),,,,,2020-11-06,False,42,South Shore
5043,35,TRAFFIC SIGNAL,FUNCTIONING PROPERLY,CLEAR,DAYLIGHT,PEDALCYCLIST,DIVIDED - W/MEDIAN (NOT RAISED),STRAIGHT AND LEVEL,DRY,NO DEFECTS,Y,DISTRACTION - FROM OUTSIDE VEHICLE,UNABLE TO DETERMINE,,NO INDICATION OF INJURY,20,11,41.7587838191,-87.5762866492,2020,35,POINT (-87.5762866492 41.7587838191),,,,,2020-11-06,False,42,South Shore
5044,30,NO CONTROLS,NO CONTROLS,CLEAR,"DARKNESS, LIGHTED ROAD",PEDALCYCLIST,NOT DIVIDED,STRAIGHT AND LEVEL,DRY,NO DEFECTS,,UNABLE TO DETERMINE,NOT APPLICABLE,,NONINCAPACITATING INJURY,23,11,41.9245868432,-87.6975539751,2020,30,POINT (-87.6975539751 41.9245868432),,,,,2020-11-06,False,21,Logan Square
5045,30,NO CONTROLS,NO CONTROLS,CLEAR,DAYLIGHT,PEDALCYCLIST,PARKING LOT,STRAIGHT AND LEVEL,DRY,NO DEFECTS,,UNABLE TO DETERMINE,NOT APPLICABLE,,NO INDICATION OF INJURY,10,11,41.9225974657,-87.6970976291,2020,30,POINT (-87.6970976291 41.9225974657),,,,,2020-11-07,False,21,Logan Square
5046,30,UNKNOWN,UNKNOWN,UNKNOWN,UNKNOWN,PEDALCYCLIST,NOT DIVIDED,STRAIGHT AND LEVEL,UNKNOWN,UNKNOWN,,UNABLE TO DETERMINE,NOT APPLICABLE,,NONINCAPACITATING INJURY,12,11,41.9259237924,-87.6360325218,2020,30,POINT (-87.6360325218 41.9259237924),,,,,2020-11-07,False,6,Lincoln Park
5047,30,TRAFFIC SIGNAL,FUNCTIONING PROPERLY,CLEAR,DAYLIGHT,PEDALCYCLIST,T-INTERSECTION,STRAIGHT AND LEVEL,DRY,NO DEFECTS,Y,FAILING TO YIELD RIGHT-OF-WAY,UNABLE TO DETERMINE,,NONINCAPACITATING INJURY,15,11,41.9869055955,-87.6894051139,2020,30,POINT (-87.6894051139 41.9869055955),,,,,2020-11-07,False,1,West Ridge
5048,30,TRAFFIC SIGNAL,FUNCTIONING PROPERLY,CLEAR,DAYLIGHT,PEDALCYCLIST,FOUR WAY,STRAIGHT AND LEVEL,DRY,NO DEFECTS,Y,UNABLE TO DETERMINE,UNABLE TO DETERMINE,,INCAPACITATING INJURY,16,11,41.8022121082,-87.6161382698,2020,30,POINT (-87.6161382698 41.8022121082),,,,,2020-11-07,True,37,Grand Boulevard
5049,30,NO CONTROLS,NO CONTROLS,CLEAR,"DARKNESS, LIGHTED ROAD",PEDALCYCLIST,NOT DIVIDED,STRAIGHT AND LEVEL,DRY,UNKNOWN,,DRIVING SKILLS/KNOWLEDGE/EXPERIENCE,UNABLE TO DETERMINE,Y,NONINCAPACITATING INJURY,19,11,41.9249161702,-87.7008616591,2020,30,POINT (-87.7008616591 41.9249161702),,,,,2020-11-07,False,21,Logan Square
5050,30,TRAFFIC SIGNAL,FUNCTIONING PROPERLY,CLEAR,DAYLIGHT,PEDALCYCLIST,DIVIDED - W/MEDIAN (NOT RAISED),STRAIGHT AND LEVEL,DRY,NO DEFECTS,Y,HAD BEEN DRINKING (USE WHEN ARREST IS NOT MADE),NOT APPLICABLE,,INCAPACITATING INJURY,10,11,41.7947729749,-87.6241724267,2020,30,POINT (-87.6241724267 41.7947729749),,,,,2020-11-08,True,39,Washington Park
5051,30,NO CONTROLS,NO CONTROLS,CLEAR,DAYLIGHT,PEDALCYCLIST,ALLEY,STRAIGHT AND LEVEL,DRY,NO DEFECTS,,FAILING TO REDUCE SPEED TO AVOID CRASH,UNABLE TO DETERMINE,,NO INDICATION OF INJURY,12,11,41.8909967474,-87.654859555,2020,30,POINT (-87.654859555 41.8909967474),,,,,2020-11-08,False,7,Near North Side
5052,30,TRAFFIC SIGNAL,FUNCTIONING PROPERLY,CLEAR,"DARKNESS, LIGHTED ROAD",PEDALCYCLIST,FOUR WAY,STRAIGHT AND LEVEL,DRY,NO DEFECTS,Y,FAILING TO YIELD RIGHT-OF-WAY,NOT APPLICABLE,,NONINCAPACITATING INJURY,18,11,41.902989458,-87.7018448724,2020,30,POINT (-87.7018448724 41.902989458),,,,,2020-11-08,False,22,Humboldt Park
5053,30,STOP SIGN/FLASHER,FUNCTIONING PROPERLY,CLEAR,DAYLIGHT,PEDALCYCLIST,FOUR WAY,STRAIGHT AND LEVEL,DRY,NO DEFECTS,Y,DRIVING ON WRONG SIDE/WRONG WAY,FAILING TO YIELD RIGHT-OF-WAY,,NONINCAPACITATING INJURY,8,11,41.7843393988,-87.7156794606,2020,30,POINT (-87.7156794606 41.7843393988),,,,,2020-11-09,False,64,West Lawn
5054,30,STOP SIGN/FLASHER,FUNCTIONING PROPERLY,CLEAR,DAYLIGHT,PEDALCYCLIST,T-INTERSECTION,STRAIGHT AND LEVEL,DRY,NO DEFECTS,Y,FAILING TO YIELD RIGHT-OF-WAY,NOT APPLICABLE,,NONINCAPACITATING INJURY,14,11,41.8881497494,-87.6669122058,2020,30,POINT (-87.6669122058 41.8881497494),,,,,2020-11-09,False,27,Near West Side
5055,30,NO CONTROLS,NO CONTROLS,CLEAR,DARKNESS,PEDALCYCLIST,PARKING LOT,STRAIGHT AND LEVEL,DRY,NO DEFECTS,,FAILING TO YIELD RIGHT-OF-WAY,NOT APPLICABLE,,NO INDICATION OF INJURY,17,11,41.7490144019,-87.7220409818,2020,30,POINT (-87.7220409818 41.7490144019),,,,,2020-11-09,False,69,Ashburn
5056,30,STOP SIGN/FLASHER,FUNCTIONING PROPERLY,CLEAR,"DARKNESS, LIGHTED ROAD",PEDALCYCLIST,T-INTERSECTION,STRAIGHT AND LEVEL,DRY,NO DEFECTS,Y,FAILING TO YIELD RIGHT-OF-WAY,DRIVING ON WRONG SIDE/WRONG WAY,,NONINCAPACITATING INJURY,17,11,41.8958685176,-87.6165582303,2020,30,POINT (-87.6165582303 41.8958685176),,,,,2020-11-09,False,7,Near North Side
5057,30,STOP SIGN/FLASHER,FUNCTIONING PROPERLY,CLEAR,"DARKNESS, LIGHTED ROAD",PEDALCYCLIST,NOT DIVIDED,STRAIGHT AND LEVEL,DRY,NO DEFECTS,Y,UNABLE TO DETERMINE,NOT APPLICABLE,,NO INDICATION OF INJURY,18,11,41.9030819811,-87.689637749,2020,30,POINT (-87.689637749 41.9030819811),,,,,2020-11-09,False,23,West Town
5058,30,TRAFFIC SIGNAL,FUNCTIONING PROPERLY,CLEAR,DAYLIGHT,PEDALCYCLIST,NOT DIVIDED,STRAIGHT AND LEVEL,DRY,NO DEFECTS,Y,IMPROPER LANE USAGE,IMPROPER LANE USAGE,,NO INDICATION OF INJURY,19,11,41.8673879139,-87.6204910341,2020,30,POINT (-87.6204910341 41.8673879139),,,,,2020-11-09,False,31,Loop
5059,30,TRAFFIC SIGNAL,FUNCTIONING PROPERLY,CLOUDY/OVERCAST,DAYLIGHT,PEDALCYCLIST,NOT DIVIDED,STRAIGHT AND LEVEL,DRY,NO DEFECTS,,IMPROPER TURNING/NO SIGNAL,UNABLE TO DETERMINE,,NO INDICATION OF INJURY,11,11,41.873945657,-87.6863821032,2020,30,POINT (-87.6863821032 41.873945657),,,,,2020-11-10,False,27,Near West Side
5060,30,NO CONTROLS,NO CONTROLS,CLEAR,DAYLIGHT,PEDALCYCLIST,DIVIDED - W/MEDIAN (NOT RAISED),STRAIGHT AND LEVEL,DRY,NO DEFECTS,,UNABLE TO DETERMINE,UNABLE TO DETERMINE,Y,NO INDICATION OF INJURY,13,11,41.9533325081,-87.7187917229,2020,30,POINT (-87.7187917229 41.9533325081),,,,,2020-11-10,False,15,Irving Park
5061,30,NO CONTROLS,NO CONTROLS,CLEAR,DAYLIGHT,PEDALCYCLIST,NOT DIVIDED,STRAIGHT AND LEVEL,DRY,NO DEFECTS,,FAILING TO YIELD RIGHT-OF-WAY,NOT APPLICABLE,,"REPORTED, NOT EVIDENT",13,11,41.844796493,-87.6904870817,2020,30,POINT (-87.6904870817 41.844796493),,,,,2020-11-10,False,29,South Lawndale
5062,30,TRAFFIC SIGNAL,FUNCTIONING PROPERLY,CLEAR,"DARKNESS, LIGHTED ROAD",PEDALCYCLIST,T-INTERSECTION,STRAIGHT AND LEVEL,DRY,NO DEFECTS,Y,FAILING TO YIELD RIGHT-OF-WAY,UNABLE TO DETERMINE,,NONINCAPACITATING INJURY,16,11,41.932368834,-87.6755222129,2020,30,POINT (-87.6755222129 41.932368834),,,,,2020-11-11,False,4,North Center