Unnamed: 0,POSTED_SPEED_LIMIT,TRAFFIC_CONTROL_DEVICE,DEVICE_CONDITION,WEATHER_CONDITION,LIGHTING_CONDITION,FIRST_CRASH_TYPE,TRAFFICWAY_TYPE,ALIGNMENT,ROADWAY_SURFACE_COND,ROAD_DEFECT,INTERSECTION_RELATED_I,PRIM_CONTRIBUTORY_CAUSE,SEC_CONTRIBUTORY_CAUSE,DOORING_I,MOST_SEVERE_INJURY,CRASH_HOUR,CRASH_MONTH,LATITUDE,LONGITUDE,CRASH_YEAR,SPEED_LIMIT,geometry,DISPLAYROU,the_geom,DIST,LANE_TYPE,CRASH_DATE,is_severe,index_right,CArea
5063,30,NO CONTROLS,NO CONTROLS,CLEAR,"DARKNESS, LIGHTED ROAD",PEDALCYCLIST,NOT DIVIDED,STRAIGHT AND LEVEL,DRY,NO DEFECTS,,FAILING TO YIELD RIGHT-OF-WAY,NOT APPLICABLE,,NO INDICATION OF INJURY,17,11,41.9121985215,-87.726553358,2020,30,POINT (-87.726553358 41.9121985215),,,,,2020-11-11,False,22,Humboldt Park
5064,35,STOP SIGN/FLASHER,FUNCTIONING PROPERLY,CLEAR,"DARKNESS, LIGHTED ROAD",PEDALCYCLIST,NOT DIVIDED,STRAIGHT AND LEVEL,DRY,NO DEFECTS,Y,FAILING TO REDUCE SPEED TO AVOID CRASH,NOT APPLICABLE,,NONINCAPACITATING INJURY,18,11,41.8086627114,-87.6684669723,2020,35,POINT (-87.6684669723 41.8086627114),,,,,2020-11-11,False,60,New City
5065,30,NO CONTROLS,NO CONTROLS,CLEAR,"DARKNESS, LIGHTED ROAD",PEDALCYCLIST,DIVIDED - W/MEDIAN BARRIER,STRAIGHT ON GRADE,DRY,"RUT, HOLES",,UNABLE TO DETERMINE,UNABLE TO DETERMINE,,INCAPACITATING INJURY,4,11,41.7677457235,-87.7418288208,2020,30,POINT (-87.7418288208 41.7677457235),,,,,2020-11-12,True,64,West Lawn
5066,30,NO CONTROLS,NO CONTROLS,CLEAR,DAYLIGHT,PEDALCYCLIST,NOT DIVIDED,STRAIGHT AND LEVEL,DRY,NO DEFECTS,,UNABLE TO DETERMINE,UNABLE TO DETERMINE,,NO INDICATION OF INJURY,12,11,41.9089789212,-87.766009355,2020,30,POINT (-87.766009355 41.9089789212),,,,,2020-11-12,False,24,Austin
5067,30,TRAFFIC SIGNAL,FUNCTIONING PROPERLY,CLEAR,DAYLIGHT,PEDALCYCLIST,FOUR WAY,STRAIGHT AND LEVEL,DRY,NO DEFECTS,Y,UNABLE TO DETERMINE,UNABLE TO DETERMINE,,NO INDICATION OF INJURY,13,11,41.9652869024,-87.6576966355,2020,30,POINT (-87.6576966355 41.9652869024),,,,,2020-11-12,False,2,Uptown
5068,30,NO CONTROLS,NO CONTROLS,CLEAR,DAYLIGHT,PEDALCYCLIST,NOT DIVIDED,STRAIGHT AND LEVEL,DRY,NO DEFECTS,N,UNABLE TO DETERMINE,NOT APPLICABLE,,NO INDICATION OF INJURY,15,11,41.8163945337,-87.6313400898,2020,30,POINT (-87.6313400898 41.8163945337),,,,,2020-11-12,False,36,Fuller Park
5069,30,OTHER,OTHER,CLEAR,DUSK,PEDALCYCLIST,UNKNOWN,STRAIGHT AND LEVEL,DRY,NO DEFECTS,,UNABLE TO DETERMINE,NOT APPLICABLE,Y,NO INDICATION OF INJURY,17,11,41.9578181035,-87.6496490931,2020,30,POINT (-87.6496490931 41.9578181035),,,,,2020-11-12,False,2,Uptown
5070,35,TRAFFIC SIGNAL,FUNCTIONING PROPERLY,CLEAR,DAYLIGHT,PEDALCYCLIST,DIVIDED - W/MEDIAN (NOT RAISED),STRAIGHT AND LEVEL,DRY,NO DEFECTS,Y,PHYSICAL CONDITION OF DRIVER,UNABLE TO DETERMINE,,NO INDICATION OF INJURY,13,11,41.7428499806,-87.673107363,2020,35,POINT (-87.673107363 41.7428499806),,,,,2020-11-13,False,69,Ashburn
5071,30,NO CONTROLS,NO CONTROLS,CLEAR,DAYLIGHT,PEDALCYCLIST,NOT DIVIDED,STRAIGHT AND LEVEL,DRY,UNKNOWN,,UNABLE TO DETERMINE,UNABLE TO DETERMINE,,NO INDICATION OF INJURY,15,11,41.8120170272,-87.6846769146,2020,30,POINT (-87.6846769146 41.8120170272),,,,,2020-11-13,False,57,Brighton Park
5072,20,STOP SIGN/FLASHER,FUNCTIONING PROPERLY,CLEAR,DAYLIGHT,PEDALCYCLIST,T-INTERSECTION,STRAIGHT AND LEVEL,DRY,NO DEFECTS,Y,UNABLE TO DETERMINE,NOT APPLICABLE,,NONINCAPACITATING INJURY,15,11,41.7388323631,-87.6411507265,2020,20,POINT (-87.6411507265 41.7388323631),,,,,2020-11-13,False,48,Roseland
5073,30,STOP SIGN/FLASHER,FUNCTIONING PROPERLY,CLEAR,DAYLIGHT,PEDALCYCLIST,DIVIDED - W/MEDIAN (NOT RAISED),STRAIGHT AND LEVEL,DRY,NO DEFECTS,,UNABLE TO DETERMINE,NOT APPLICABLE,,NONINCAPACITATING INJURY,15,11,41.9192088603,-87.7120812928,2020,30,POINT (-87.7120812928 41.9192088603),,,,,2020-11-13,False,21,Logan Square
5074,30,STOP SIGN/FLASHER,OTHER,CLEAR,DAYLIGHT,PEDALCYCLIST,T-INTERSECTION,STRAIGHT AND LEVEL,DRY,NO DEFECTS,Y,FAILING TO YIELD RIGHT-OF-WAY,FAILING TO YIELD RIGHT-OF-WAY,,NO INDICATION OF INJURY,11,11,41.9345868411,-87.6492253238,2020,30,POINT (-87.6492253238 41.9345868411),,,,,2020-11-14,False,5,Lake View
5075,35,TRAFFIC SIGNAL,FUNCTIONING PROPERLY,CLEAR,"DARKNESS, LIGHTED ROAD",PEDALCYCLIST,NOT DIVIDED,STRAIGHT AND LEVEL,DRY,NO DEFECTS,Y,DISREGARDING OTHER TRAFFIC SIGNS,BICYCLE ADVANCING LEGALLY ON RED LIGHT,,NONINCAPACITATING INJURY,5,11,41.9467472662,-87.7027814922,2020,35,POINT (-87.7027814922 41.9467472662),,,,,2020-11-16,False,15,Irving Park
5076,30,STOP SIGN/FLASHER,NO CONTROLS,CLEAR,DAYLIGHT,PEDALCYCLIST,NOT DIVIDED,STRAIGHT AND LEVEL,DRY,NO DEFECTS,,FAILING TO YIELD RIGHT-OF-WAY,NOT APPLICABLE,,NO INDICATION OF INJURY,9,11,42.019326405,-87.6680569913,2020,30,POINT (-87.6680569913 42.019326405),,,,,2020-11-16,False,0,Rogers Park
5077,30,TRAFFIC SIGNAL,FUNCTIONING PROPERLY,CLEAR,DAWN,PEDALCYCLIST,NOT DIVIDED,STRAIGHT AND LEVEL,DRY,NO DEFECTS,Y,NOT APPLICABLE,NOT APPLICABLE,,INCAPACITATING INJURY,20,11,41.8848607765,-87.7169204542,2020,30,POINT (-87.7169204542 41.8848607765),,,,,2020-11-17,True,26,Garfield Park
5078,30,UNKNOWN,UNKNOWN,CLEAR,DAYLIGHT,PEDALCYCLIST,UNKNOWN INTERSECTION TYPE,STRAIGHT AND LEVEL,DRY,NO DEFECTS,Y,FAILING TO REDUCE SPEED TO AVOID CRASH,FAILING TO REDUCE SPEED TO AVOID CRASH,,NONINCAPACITATING INJURY,9,11,41.7784159744,-87.7340575715,2020,30,POINT (-87.7340575715 41.7784159744),,,,,2020-11-18,False,64,West Lawn
5079,40,TRAFFIC SIGNAL,FUNCTIONING PROPERLY,CLEAR,DAYLIGHT,PEDALCYCLIST,DIVIDED - W/MEDIAN (NOT RAISED),STRAIGHT AND LEVEL,DRY,NO DEFECTS,,FAILING TO REDUCE SPEED TO AVOID CRASH,NOT APPLICABLE,,NONINCAPACITATING INJURY,10,11,41.8783101346,-87.6175759034,2020,40,POINT (-87.6175759034 41.8783101346),,,,,2020-11-18,False,31,Loop
5080,30,STOP SIGN/FLASHER,FUNCTIONING PROPERLY,CLEAR,DAYLIGHT,PEDALCYCLIST,ONE-WAY,STRAIGHT AND LEVEL,DRY,NO DEFECTS,Y,FAILING TO YIELD RIGHT-OF-WAY,NOT APPLICABLE,,NO INDICATION OF INJURY,11,11,41.8422520553,-87.7295076218,2020,30,POINT (-87.7295076218 41.8422520553),,,,,2020-11-18,False,29,South Lawndale
5081,25,STOP SIGN/FLASHER,FUNCTIONING PROPERLY,CLEAR,DAYLIGHT,PEDALCYCLIST,NOT DIVIDED,STRAIGHT AND LEVEL,DRY,NO DEFECTS,Y,UNABLE TO DETERMINE,UNABLE TO DETERMINE,,NONINCAPACITATING INJURY,14,11,41.8453840674,-87.6367000803,2020,25,POINT (-87.6367000803 41.8453840674),,,,,2020-11-18,False,30,Lower West Side
5082,30,TRAFFIC SIGNAL,FUNCTIONING PROPERLY,CLEAR,DAYLIGHT,PEDALCYCLIST,NOT DIVIDED,STRAIGHT AND LEVEL,DRY,NO DEFECTS,Y,DRIVING ON WRONG SIDE/WRONG WAY,NOT APPLICABLE,,NO INDICATION OF INJURY,13,11,41.7510031524,-87.6279552194,2020,30,POINT (-87.6279552194 41.7510031524),,,,,2020-11-19,False,43,Chatham
5083,30,NO CONTROLS,NO CONTROLS,CLEAR,DAYLIGHT,PEDALCYCLIST,DIVIDED - W/MEDIAN (NOT RAISED),STRAIGHT AND LEVEL,DRY,NO DEFECTS,,UNABLE TO DETERMINE,UNABLE TO DETERMINE,,INCAPACITATING INJURY,14,11,41.9481394802,-87.7275975928,2020,30,POINT (-87.7275975928 41.9481394802),,,,,2020-11-19,True,15,Irving Park
5084,30,TRAFFIC SIGNAL,FUNCTIONING PROPERLY,CLEAR,DUSK,PEDALCYCLIST,NOT DIVIDED,STRAIGHT AND LEVEL,DRY,NO DEFECTS,,UNABLE TO DETERMINE,NOT APPLICABLE,Y,NONINCAPACITATING INJURY,16,11,41.9571835994,-87.7226658336,2020,30,POINT (-87.7226658336 41.9571835994),,,,,2020-11-19,False,15,Irving Park
5085,30,NO CONTROLS,NO CONTROLS,CLEAR,"DARKNESS, LIGHTED ROAD",PEDALCYCLIST,NOT DIVIDED,STRAIGHT AND LEVEL,DRY,NO DEFECTS,,UNABLE TO DETERMINE,NOT APPLICABLE,,"REPORTED, NOT EVIDENT",19,11,41.9754993607,-87.7280852907,2020,30,POINT (-87.7280852907 41.9754993607),,,,,2020-11-19,False,11,Forest Glen
5086,25,NO CONTROLS,NO CONTROLS,CLEAR,"DARKNESS, LIGHTED ROAD",PEDALCYCLIST,ONE-WAY,STRAIGHT AND LEVEL,DRY,NO DEFECTS,,UNABLE TO DETERMINE,UNABLE TO DETERMINE,,NO INDICATION OF INJURY,19,11,41.9777504131,-87.6994819082,2020,25,POINT (-87.6994819082 41.9777504131),,,,,2020-11-19,False,3,Lincoln Square
5087,30,TRAFFIC SIGNAL,FUNCTIONING PROPERLY,CLEAR,DAYLIGHT,PEDALCYCLIST,FOUR WAY,STRAIGHT AND LEVEL,DRY,NO DEFECTS,Y,FAILING TO REDUCE SPEED TO AVOID CRASH,DISREGARDING OTHER TRAFFIC SIGNS,,NO INDICATION OF INJURY,10,11,41.8915590423,-87.6281393755,2020,30,POINT (-87.6281393755 41.8915590423),,,,,2020-11-20,False,7,Near North Side
5088,30,NO CONTROLS,NO CONTROLS,CLEAR,DAYLIGHT,PEDALCYCLIST,NOT DIVIDED,STRAIGHT AND LEVEL,DRY,NO DEFECTS,,"VISION OBSCURED (SIGNS, TREE LIMBS, BUILDINGS, ETC.)",NOT APPLICABLE,Y,NONINCAPACITATING INJURY,11,11,41.9015319827,-87.6315260681,2020,30,POINT (-87.6315260681 41.9015319827),,,,,2020-11-20,False,7,Near North Side
5089,30,NO CONTROLS,NO CONTROLS,CLEAR,DAYLIGHT,PEDALCYCLIST,ONE-WAY,STRAIGHT AND LEVEL,DRY,NO DEFECTS,,FAILING TO REDUCE SPEED TO AVOID CRASH,UNABLE TO DETERMINE,,NO INDICATION OF INJURY,15,11,41.9236679911,-87.7978262742,2020,30,POINT (-87.7978262742 41.9236679911),,,,,2020-11-20,False,17,Montclare
5090,30,TRAFFIC SIGNAL,FUNCTIONING PROPERLY,CLEAR,"DARKNESS, LIGHTED ROAD",PEDALCYCLIST,NOT DIVIDED,STRAIGHT AND LEVEL,DRY,NO DEFECTS,Y,UNABLE TO DETERMINE,UNABLE TO DETERMINE,,"REPORTED, NOT EVIDENT",16,11,41.8848770786,-87.676609972,2020,30,POINT (-87.676609972 41.8848770786),,,,,2020-11-20,False,27,Near West Side
5091,30,UNKNOWN,FUNCTIONING PROPERLY,UNKNOWN,UNKNOWN,PEDALCYCLIST,FOUR WAY,STRAIGHT AND LEVEL,UNKNOWN,UNKNOWN,,UNABLE TO DETERMINE,UNABLE TO DETERMINE,,NO INDICATION OF INJURY,17,11,42.0053665728,-87.6732620057,2020,30,POINT (-87.6732620057 42.0053665728),,,,,2020-11-20,False,0,Rogers Park
5092,30,TRAFFIC SIGNAL,FUNCTIONING PROPERLY,CLEAR,"DARKNESS, LIGHTED ROAD",PEDALCYCLIST,FOUR WAY,STRAIGHT AND LEVEL,DRY,UNKNOWN,,FAILING TO YIELD RIGHT-OF-WAY,UNABLE TO DETERMINE,,NONINCAPACITATING INJURY,4,11,41.8672871622,-87.6452469415,2020,30,POINT (-87.6452469415 41.8672871622),,,,,2020-11-21,False,27,Near West Side
5093,30,NO CONTROLS,NO CONTROLS,CLEAR,DAYLIGHT,PEDALCYCLIST,ONE-WAY,STRAIGHT AND LEVEL,DRY,UNKNOWN,,NOT APPLICABLE,NOT APPLICABLE,Y,NONINCAPACITATING INJURY,12,11,41.9360272959,-87.6626569569,2020,30,POINT (-87.6626569569 41.9360272959),,,,,2020-11-21,False,5,Lake View
5094,20,STOP SIGN/FLASHER,FUNCTIONING PROPERLY,CLEAR,DARKNESS,PEDALCYCLIST,NOT DIVIDED,STRAIGHT AND LEVEL,DRY,UNKNOWN,Y,FAILING TO YIELD RIGHT-OF-WAY,UNABLE TO DETERMINE,,NONINCAPACITATING INJURY,17,11,41.8521100452,-87.6830419799,2020,20,POINT (-87.6830419799 41.8521100452),,,,,2020-11-21,False,30,Lower West Side
5095,30,TRAFFIC SIGNAL,FUNCTIONING PROPERLY,CLEAR,"DARKNESS, LIGHTED ROAD",PEDALCYCLIST,NOT DIVIDED,STRAIGHT AND LEVEL,DRY,NO DEFECTS,Y,FAILING TO YIELD RIGHT-OF-WAY,NOT APPLICABLE,,NONINCAPACITATING INJURY,23,11,41.8672630984,-87.646972686,2020,30,POINT (-87.646972686 41.8672630984),,,,,2020-11-21,False,27,Near West Side
5096,30,TRAFFIC SIGNAL,FUNCTIONING PROPERLY,CLEAR,DAYLIGHT,PEDALCYCLIST,Y-INTERSECTION,STRAIGHT AND LEVEL,DRY,NO DEFECTS,Y,FAILING TO YIELD RIGHT-OF-WAY,DRIVING SKILLS/KNOWLEDGE/EXPERIENCE,,NONINCAPACITATING INJURY,11,11,41.9237604017,-87.7887477626,2020,30,POINT (-87.7887477626 41.9237604017),,,,,2020-11-23,False,18,Belmont Cragin
5097,10,TRAFFIC SIGNAL,FUNCTIONING PROPERLY,CLEAR,DAYLIGHT,PEDALCYCLIST,RAMP,STRAIGHT AND LEVEL,DRY,NO DEFECTS,Y,FAILING TO YIELD RIGHT-OF-WAY,FAILING TO YIELD RIGHT-OF-WAY,,NO INDICATION OF INJURY,13,11,41.8690167827,-87.62841015,2020,10,POINT (-87.62841015 41.8690167827),,,,,2020-11-23,False,31,Loop
5098,30,NO CONTROLS,NO CONTROLS,CLEAR,DAYLIGHT,PEDALCYCLIST,NOT DIVIDED,STRAIGHT ON GRADE,WET,NO DEFECTS,Y,UNABLE TO DETERMINE,NOT APPLICABLE,,NO INDICATION OF INJURY,11,11,41.9279439673,-87.6818778802,2020,30,POINT (-87.6818778802 41.9279439673),,,,,2020-11-24,False,6,Lincoln Park
5099,10,STOP SIGN/FLASHER,NO CONTROLS,RAIN,DAYLIGHT,PEDALCYCLIST,ONE-WAY,STRAIGHT AND LEVEL,WET,NO DEFECTS,,UNABLE TO DETERMINE,NOT APPLICABLE,,INCAPACITATING INJURY,11,11,41.9030105903,-87.6982802531,2020,10,POINT (-87.6982802531 41.9030105903),,,,,2020-11-24,True,22,Humboldt Park
5100,30,NO CONTROLS,NO CONTROLS,CLEAR,DARKNESS,PEDALCYCLIST,NOT DIVIDED,STRAIGHT AND LEVEL,DRY,NO DEFECTS,,IMPROPER OVERTAKING/PASSING,UNABLE TO DETERMINE,Y,NO INDICATION OF INJURY,16,11,41.9684175125,-87.7219809781,2020,30,POINT (-87.7219809781 41.9684175125),,,,,2020-11-25,False,13,Albany Park
5101,30,NO CONTROLS,FUNCTIONING PROPERLY,CLEAR,DAYLIGHT,PEDALCYCLIST,DIVIDED - W/MEDIAN (NOT RAISED),STRAIGHT AND LEVEL,DRY,NO DEFECTS,,IMPROPER LANE USAGE,IMPROPER OVERTAKING/PASSING,,NONINCAPACITATING INJURY,11,11,41.880128783,-87.6471646008,2020,30,POINT (-87.6471646008 41.880128783),,,,,2020-11-27,False,27,Near West Side
5102,10,NO CONTROLS,NO CONTROLS,CLEAR,DAYLIGHT,PEDALCYCLIST,ALLEY,STRAIGHT AND LEVEL,DRY,NO DEFECTS,,FAILING TO REDUCE SPEED TO AVOID CRASH,FAILING TO YIELD RIGHT-OF-WAY,,NONINCAPACITATING INJURY,14,11,41.9555313337,-87.7082078565,2020,10,POINT (-87.7082078565 41.9555313337),,,,,2020-11-27,False,15,Irving Park
5103,30,STOP SIGN/FLASHER,FUNCTIONING PROPERLY,CLEAR,"DARKNESS, LIGHTED ROAD",PEDALCYCLIST,FOUR WAY,STRAIGHT AND LEVEL,DRY,NO DEFECTS,Y,NOT APPLICABLE,NOT APPLICABLE,,NO INDICATION OF INJURY,17,11,41.7812113179,-87.7839859463,2020,30,POINT (-87.7839859463 41.7812113179),,,,,2020-11-27,False,63,Clearing
5104,30,NO CONTROLS,NO CONTROLS,CLEAR,DAYLIGHT,PEDALCYCLIST,NOT DIVIDED,STRAIGHT AND LEVEL,DRY,NO DEFECTS,,DRIVING SKILLS/KNOWLEDGE/EXPERIENCE,"OPERATING VEHICLE IN ERRATIC, RECKLESS, CARELESS, NEGLIGENT OR AGGRESSIVE MANNER",Y,"REPORTED, NOT EVIDENT",10,11,41.9245524784,-87.7120342982,2020,30,POINT (-87.7120342982 41.9245524784),,,,,2020-11-28,False,21,Logan Square
5105,30,NO CONTROLS,NO CONTROLS,CLEAR,DAYLIGHT,PEDALCYCLIST,ALLEY,STRAIGHT AND LEVEL,DRY,NO DEFECTS,,NOT APPLICABLE,NOT APPLICABLE,,NONINCAPACITATING INJURY,14,11,41.776141646,-87.7154620167,2020,30,POINT (-87.7154620167 41.776141646),,,,,2020-11-28,False,64,West Lawn
5106,30,NO CONTROLS,NO CONTROLS,CLEAR,DAYLIGHT,PEDALCYCLIST,NOT DIVIDED,STRAIGHT AND LEVEL,UNKNOWN,UNKNOWN,,IMPROPER TURNING/NO SIGNAL,IMPROPER OVERTAKING/PASSING,,"REPORTED, NOT EVIDENT",16,11,41.9418614596,-87.6520475427,2020,30,POINT (-87.6520475427 41.9418614596),,,,,2020-11-28,False,5,Lake View
5107,30,NO CONTROLS,NO CONTROLS,CLEAR,"DARKNESS, LIGHTED ROAD",PEDALCYCLIST,T-INTERSECTION,STRAIGHT AND LEVEL,DRY,NO DEFECTS,,UNABLE TO DETERMINE,NOT APPLICABLE,Y,NO INDICATION OF INJURY,17,11,41.9209652859,-87.7782002642,2020,30,POINT (-87.7782002642 41.9209652859),,,,,2020-11-28,False,18,Belmont Cragin
5108,30,STOP SIGN/FLASHER,FUNCTIONING PROPERLY,CLEAR,"DARKNESS, LIGHTED ROAD",PEDALCYCLIST,FOUR WAY,STRAIGHT AND LEVEL,DRY,NO DEFECTS,,UNABLE TO DETERMINE,NOT APPLICABLE,,NO INDICATION OF INJURY,17,11,41.9124150391,-87.6764365039,2020,30,POINT (-87.6764365039 41.9124150391),,,,,2020-11-28,False,6,Lincoln Park
5109,30,NO CONTROLS,NO CONTROLS,CLEAR,"DARKNESS, LIGHTED ROAD",PEDALCYCLIST,NOT DIVIDED,STRAIGHT AND LEVEL,DRY,NO DEFECTS,,UNABLE TO DETERMINE,NOT APPLICABLE,,"REPORTED, NOT EVIDENT",17,11,41.9979898348,-87.6810450205,2020,30,POINT (-87.6810450205 41.9979898348),,,,,2020-11-29,False,0,Rogers Park
5110,30,NO CONTROLS,NO CONTROLS,CLEAR,DAYLIGHT,PEDALCYCLIST,ONE-WAY,STRAIGHT AND LEVEL,DRY,NO DEFECTS,,DRIVING ON WRONG SIDE/WRONG WAY,FAILING TO YIELD RIGHT-OF-WAY,,NONINCAPACITATING INJURY,9,12,41.9006939248,-87.6920430955,2020,30,POINT (-87.6920430955 41.9006939248),,,,,2020-12-01,False,22,Humboldt Park
5111,30,TRAFFIC SIGNAL,FUNCTIONING PROPERLY,CLEAR,DAYLIGHT,PEDALCYCLIST,NOT DIVIDED,STRAIGHT AND LEVEL,DRY,OTHER,Y,UNABLE TO DETERMINE,NOT APPLICABLE,,NONINCAPACITATING INJURY,15,12,41.9874468008,-87.655453001,2020,30,POINT (-87.655453001 41.9874468008),,,,,2020-12-02,False,76,Edgewater
5112,30,TRAFFIC SIGNAL,FUNCTIONING PROPERLY,CLEAR,"DARKNESS, LIGHTED ROAD",PEDALCYCLIST,NOT DIVIDED,STRAIGHT AND LEVEL,DRY,NO DEFECTS,,FAILING TO YIELD RIGHT-OF-WAY,NOT APPLICABLE,,NO INDICATION OF INJURY,17,12,41.9462257063,-87.7394796084,2020,30,POINT (-87.7394796084 41.9462257063),,,,,2020-12-02,False,15,Irving Park
5113,10,NO CONTROLS,NO CONTROLS,CLEAR,DAYLIGHT,PEDALCYCLIST,DRIVEWAY,STRAIGHT AND LEVEL,DRY,NO DEFECTS,,UNABLE TO DETERMINE,NOT APPLICABLE,,NONINCAPACITATING INJURY,13,12,41.721678447,-87.6202366897,2020,10,POINT (-87.6202366897 41.721678447),,,,,2020-12-03,False,48,Roseland
5114,20,STOP SIGN/FLASHER,FUNCTIONING PROPERLY,CLEAR,DAYLIGHT,PEDALCYCLIST,ONE-WAY,STRAIGHT AND LEVEL,DRY,NO DEFECTS,Y,DISREGARDING STOP SIGN,NOT APPLICABLE,,"REPORTED, NOT EVIDENT",13,12,41.9195934212,-87.731383676,2020,20,POINT (-87.731383676 41.9195934212),,,,,2020-12-03,False,19,Hermosa
5115,30,STOP SIGN/FLASHER,FUNCTIONING PROPERLY,CLEAR,DAYLIGHT,PEDALCYCLIST,NOT DIVIDED,STRAIGHT AND LEVEL,DRY,NO DEFECTS,Y,FAILING TO YIELD RIGHT-OF-WAY,NOT APPLICABLE,,NONINCAPACITATING INJURY,13,12,41.9190385805,-87.7315732397,2020,30,POINT (-87.7315732397 41.9190385805),,,,,2020-12-03,False,19,Hermosa
5116,30,NO CONTROLS,NO CONTROLS,CLEAR,"DARKNESS, LIGHTED ROAD",PEDALCYCLIST,DIVIDED - W/MEDIAN (NOT RAISED),STRAIGHT AND LEVEL,DRY,NO DEFECTS,,EQUIPMENT - VEHICLE CONDITION,FAILING TO REDUCE SPEED TO AVOID CRASH,,NO INDICATION OF INJURY,18,12,41.9134563233,-87.6824489042,2020,30,POINT (-87.6824489042 41.9134563233),,,,,2020-12-03,False,6,Lincoln Park
5117,30,TRAFFIC SIGNAL,FUNCTIONING PROPERLY,CLEAR,DAYLIGHT,PEDALCYCLIST,NOT DIVIDED,STRAIGHT AND LEVEL,DRY,OTHER,Y,UNABLE TO DETERMINE,NOT APPLICABLE,,NONINCAPACITATING INJURY,13,12,41.9538861879,-87.6932891989,2020,30,POINT (-87.6932891989 41.9538861879),,,,,2020-12-04,False,4,North Center
5118,30,TRAFFIC SIGNAL,FUNCTIONING PROPERLY,CLEAR,DAYLIGHT,PEDALCYCLIST,NOT DIVIDED,STRAIGHT AND LEVEL,DRY,NO DEFECTS,,UNABLE TO DETERMINE,UNABLE TO DETERMINE,,NO INDICATION OF INJURY,13,12,41.9540851808,-87.6933736024,2020,30,POINT (-87.6933736024 41.9540851808),,,,,2020-12-04,False,4,North Center
5119,35,NO CONTROLS,NO CONTROLS,CLEAR,"DARKNESS, LIGHTED ROAD",PEDALCYCLIST,NOT DIVIDED,STRAIGHT AND LEVEL,DRY,NO DEFECTS,Y,UNABLE TO DETERMINE,UNABLE TO DETERMINE,,INCAPACITATING INJURY,18,12,41.7813333476,-87.6546931652,2020,35,POINT (-87.6546931652 41.7813333476),,,,,2020-12-04,True,66,Englewood
5120,30,NO CONTROLS,NO CONTROLS,CLEAR,DAYLIGHT,PEDALCYCLIST,DIVIDED - W/MEDIAN (NOT RAISED),STRAIGHT AND LEVEL,DRY,UNKNOWN,,UNABLE TO DETERMINE,UNABLE TO DETERMINE,,"REPORTED, NOT EVIDENT",13,12,41.9392444808,-87.7045064717,2020,30,POINT (-87.7045064717 41.9392444808),,,,,2020-12-06,False,15,Irving Park
5121,25,PEDESTRIAN CROSSING SIGN,OTHER,CLEAR,DAYLIGHT,PEDALCYCLIST,DIVIDED - W/MEDIAN BARRIER,STRAIGHT AND LEVEL,DRY,NO DEFECTS,,UNABLE TO DETERMINE,UNABLE TO DETERMINE,,NONINCAPACITATING INJURY,10,12,41.8951229514,-87.6557793807,2020,25,POINT (-87.6557793807 41.8951229514),,,,,2020-12-07,False,7,Near North Side
5122,30,TRAFFIC SIGNAL,FUNCTIONING PROPERLY,CLEAR,DAYLIGHT,PEDALCYCLIST,DIVIDED - W/MEDIAN BARRIER,"CURVE, LEVEL",DRY,NO DEFECTS,,FOLLOWING TOO CLOSELY,IMPROPER LANE USAGE,,NO INDICATION OF INJURY,11,12,41.9813839746,-87.6929494035,2020,30,POINT (-87.6929494035 41.9813839746),,,,,2020-12-07,False,3,Lincoln Square
5123,35,STOP SIGN/FLASHER,NO CONTROLS,CLEAR,DAYLIGHT,PEDALCYCLIST,NOT DIVIDED,STRAIGHT AND LEVEL,DRY,NO DEFECTS,Y,OBSTRUCTED CROSSWALKS,"VISION OBSCURED (SIGNS, TREE LIMBS, BUILDINGS, ETC.)",Y,INCAPACITATING INJURY,11,12,41.6798936576,-87.6225709192,2020,35,POINT (-87.6225709192 41.6798936576),,,,,2020-12-08,True,52,West Pullman
5124,30,NO CONTROLS,NO CONTROLS,CLEAR,"DARKNESS, LIGHTED ROAD",PEDALCYCLIST,NOT DIVIDED,STRAIGHT AND LEVEL,DRY,NO DEFECTS,,UNABLE TO DETERMINE,UNABLE TO DETERMINE,,NO INDICATION OF INJURY,18,12,41.9516650571,-87.6546067236,2020,30,POINT (-87.6546067236 41.9516650571),,,,,2020-12-09,False,5,Lake View
5125,30,TRAFFIC SIGNAL,FUNCTIONING PROPERLY,CLEAR,DAYLIGHT,PEDALCYCLIST,DIVIDED - W/MEDIAN (NOT RAISED),STRAIGHT AND LEVEL,DRY,NO DEFECTS,,FAILING TO YIELD RIGHT-OF-WAY,UNABLE TO DETERMINE,,NO INDICATION OF INJURY,7,12,41.8346627712,-87.6175352738,2020,30,POINT (-87.6175352738 41.8346627712),,,,,2020-12-10,False,34,Douglas
5126,30,NO CONTROLS,NO CONTROLS,CLEAR,DAYLIGHT,PEDALCYCLIST,DIVIDED - W/MEDIAN (NOT RAISED),STRAIGHT AND LEVEL,DRY,NO DEFECTS,,UNABLE TO DETERMINE,UNABLE TO DETERMINE,Y,NONINCAPACITATING INJURY,12,12,41.8185415359,-87.6967543846,2020,30,POINT (-87.6967543846 41.8185415359),,,,,2020-12-10,False,57,Brighton Park
5127,15,NO CONTROLS,NO CONTROLS,CLEAR,"DARKNESS, LIGHTED ROAD",PEDALCYCLIST,ALLEY,STRAIGHT AND LEVEL,DRY,NO DEFECTS,,UNABLE TO DETERMINE,NOT APPLICABLE,,NO INDICATION OF INJURY,18,12,41.9607465072,-87.7538552649,2020,15,POINT (-87.7538552649 41.9607465072),,,,,2020-12-10,False,14,Portage Park