Unnamed: 0,POSTED_SPEED_LIMIT,TRAFFIC_CONTROL_DEVICE,DEVICE_CONDITION,WEATHER_CONDITION,LIGHTING_CONDITION,FIRST_CRASH_TYPE,TRAFFICWAY_TYPE,ALIGNMENT,ROADWAY_SURFACE_COND,ROAD_DEFECT,INTERSECTION_RELATED_I,PRIM_CONTRIBUTORY_CAUSE,SEC_CONTRIBUTORY_CAUSE,DOORING_I,MOST_SEVERE_INJURY,CRASH_HOUR,CRASH_MONTH,LATITUDE,LONGITUDE,CRASH_YEAR,SPEED_LIMIT,geometry,DISPLAYROU,the_geom,DIST,LANE_TYPE,CRASH_DATE,is_severe,index_right,CArea
5128,35,STOP SIGN/FLASHER,FUNCTIONING PROPERLY,CLEAR,"DARKNESS, LIGHTED ROAD",PEDALCYCLIST,NOT DIVIDED,STRAIGHT AND LEVEL,DRY,NO DEFECTS,Y,DISREGARDING STOP SIGN,UNABLE TO DETERMINE,,NONINCAPACITATING INJURY,20,12,41.952903643,-87.7834457233,2020,35,POINT (-87.7834457233 41.952903643),,,,,2020-12-10,False,14,Portage Park
5129,30,TRAFFIC SIGNAL,FUNCTIONING PROPERLY,RAIN,"DARKNESS, LIGHTED ROAD",PEDALCYCLIST,NOT DIVIDED,STRAIGHT AND LEVEL,WET,NO DEFECTS,,FAILING TO YIELD RIGHT-OF-WAY,UNABLE TO DETERMINE,,NONINCAPACITATING INJURY,20,12,41.8915094804,-87.6397194094,2020,30,POINT (-87.6397194094 41.8915094804),,,,,2020-12-11,False,7,Near North Side
5130,30,TRAFFIC SIGNAL,FUNCTIONING PROPERLY,RAIN,"DARKNESS, LIGHTED ROAD",PEDALCYCLIST,ONE-WAY,STRAIGHT AND LEVEL,WET,NO DEFECTS,,UNABLE TO DETERMINE,UNABLE TO DETERMINE,,NO INDICATION OF INJURY,18,12,41.8933593542,-87.6298451468,2020,30,POINT (-87.6298451468 41.8933593542),,,,,2020-12-12,False,7,Near North Side
5131,30,NO CONTROLS,NO CONTROLS,CLEAR,DAYLIGHT,PEDALCYCLIST,NOT DIVIDED,STRAIGHT AND LEVEL,DRY,NO DEFECTS,,IMPROPER LANE USAGE,UNABLE TO DETERMINE,,"REPORTED, NOT EVIDENT",13,12,41.8962386119,-87.6637049691,2020,30,POINT (-87.6637049691 41.8962386119),,,,,2020-12-13,False,23,West Town
5132,30,TRAFFIC SIGNAL,FUNCTIONING PROPERLY,CLEAR,DAYLIGHT,PEDALCYCLIST,DIVIDED - W/MEDIAN (NOT RAISED),STRAIGHT AND LEVEL,DRY,NO DEFECTS,Y,UNABLE TO DETERMINE,UNABLE TO DETERMINE,,NO INDICATION OF INJURY,15,12,41.92591736,-87.6782000237,2020,30,POINT (-87.6782000237 41.92591736),,,,,2020-12-13,False,6,Lincoln Park
5133,25,NO CONTROLS,NO CONTROLS,CLEAR,"DARKNESS, LIGHTED ROAD",PEDALCYCLIST,NOT DIVIDED,STRAIGHT AND LEVEL,DRY,NO DEFECTS,,UNABLE TO DETERMINE,UNABLE TO DETERMINE,Y,NO INDICATION OF INJURY,20,12,41.9422582456,-87.6443209751,2020,25,POINT (-87.6443209751 41.9422582456),,,,,2020-12-13,False,5,Lake View
5134,30,NO CONTROLS,NO CONTROLS,CLEAR,"DARKNESS, LIGHTED ROAD",PEDALCYCLIST,DIVIDED - W/MEDIAN (NOT RAISED),STRAIGHT AND LEVEL,DRY,NO DEFECTS,,UNABLE TO DETERMINE,UNABLE TO DETERMINE,,NONINCAPACITATING INJURY,16,12,41.9639537561,-87.6663077455,2020,30,POINT (-87.6663077455 41.9639537561),,,,,2020-12-15,False,2,Uptown
5135,30,NO CONTROLS,NO CONTROLS,CLEAR,"DARKNESS, LIGHTED ROAD",PEDALCYCLIST,ALLEY,STRAIGHT AND LEVEL,DRY,NO DEFECTS,,UNABLE TO DETERMINE,UNABLE TO DETERMINE,,NO INDICATION OF INJURY,21,12,41.9039059863,-87.6346262373,2020,30,POINT (-87.6346262373 41.9039059863),,,,,2020-12-15,False,7,Near North Side
5136,30,STOP SIGN/FLASHER,FUNCTIONING PROPERLY,CLEAR,DAYLIGHT,PEDALCYCLIST,ONE-WAY,STRAIGHT AND LEVEL,DRY,NO DEFECTS,,UNABLE TO DETERMINE,UNABLE TO DETERMINE,,NO INDICATION OF INJURY,8,12,41.9319811973,-87.7011498339,2020,30,POINT (-87.7011498339 41.9319811973),,,,,2020-12-17,False,20,Avondale
5137,30,TRAFFIC SIGNAL,FUNCTIONING PROPERLY,RAIN,DAYLIGHT,PEDALCYCLIST,NOT DIVIDED,STRAIGHT AND LEVEL,WET,NO DEFECTS,Y,DISREGARDING OTHER TRAFFIC SIGNS,UNABLE TO DETERMINE,,NONINCAPACITATING INJURY,9,12,41.8967045494,-87.6342801275,2020,30,POINT (-87.6342801275 41.8967045494),,,,,2020-12-17,False,7,Near North Side
5138,25,TRAFFIC SIGNAL,FUNCTIONING PROPERLY,CLEAR,DAYLIGHT,PEDALCYCLIST,NOT DIVIDED,STRAIGHT AND LEVEL,DRY,NO DEFECTS,Y,"VISION OBSCURED (SIGNS, TREE LIMBS, BUILDINGS, ETC.)",NOT APPLICABLE,,INCAPACITATING INJURY,11,12,41.9168202658,-87.6575465835,2020,25,POINT (-87.6575465835 41.9168202658),,,,,2020-12-19,True,6,Lincoln Park
5139,20,STOP SIGN/FLASHER,FUNCTIONING PROPERLY,CLEAR,DAYLIGHT,PEDALCYCLIST,NOT DIVIDED,STRAIGHT AND LEVEL,DRY,NO DEFECTS,Y,FOLLOWING TOO CLOSELY,FAILING TO YIELD RIGHT-OF-WAY,,NONINCAPACITATING INJURY,12,12,41.9634309438,-87.6597230615,2020,20,POINT (-87.6597230615 41.9634309438),,,,,2020-12-19,False,2,Uptown
5140,25,NO CONTROLS,NO CONTROLS,CLEAR,DARKNESS,PEDALCYCLIST,NOT DIVIDED,STRAIGHT AND LEVEL,DRY,NO DEFECTS,,UNABLE TO DETERMINE,UNABLE TO DETERMINE,N,INCAPACITATING INJURY,22,12,41.791211803,-87.6938758674,2020,25,POINT (-87.6938758674 41.791211803),,,,,2020-12-19,True,62,Gage Park
5141,30,STOP SIGN/FLASHER,FUNCTIONING PROPERLY,CLEAR,DAYLIGHT,PEDALCYCLIST,FOUR WAY,STRAIGHT AND LEVEL,DRY,NO DEFECTS,Y,DISREGARDING STOP SIGN,NOT APPLICABLE,,NONINCAPACITATING INJURY,13,12,41.7490596707,-87.6347954652,2020,30,POINT (-87.6347954652 41.7490596707),,,,,2020-12-20,False,43,Chatham
5142,30,TRAFFIC SIGNAL,FUNCTIONING PROPERLY,CLEAR,DAYLIGHT,PEDALCYCLIST,T-INTERSECTION,STRAIGHT AND LEVEL,DRY,NO DEFECTS,Y,UNABLE TO DETERMINE,UNABLE TO DETERMINE,,NONINCAPACITATING INJURY,15,12,41.807843146,-87.7141937259,2020,30,POINT (-87.7141937259 41.807843146),,,,,2020-12-20,False,56,Archer Heights
5143,30,TRAFFIC SIGNAL,NO CONTROLS,CLEAR,DUSK,PEDALCYCLIST,NOT DIVIDED,STRAIGHT AND LEVEL,DRY,NO DEFECTS,,FAILING TO YIELD RIGHT-OF-WAY,NOT APPLICABLE,Y,NONINCAPACITATING INJURY,16,12,41.9533490866,-87.6616086704,2020,30,POINT (-87.6616086704 41.9533490866),,,,,2020-12-20,False,5,Lake View
5144,30,NO CONTROLS,NO CONTROLS,CLEAR,DAYLIGHT,PEDALCYCLIST,DIVIDED - W/MEDIAN (NOT RAISED),STRAIGHT AND LEVEL,DRY,NO DEFECTS,,FOLLOWING TOO CLOSELY,NOT APPLICABLE,,NO INDICATION OF INJURY,15,12,41.8056087323,-87.7040530939,2020,30,POINT (-87.7040530939 41.8056087323),,,,,2020-12-21,False,57,Brighton Park
5145,30,TRAFFIC SIGNAL,FUNCTIONING PROPERLY,CLEAR,"DARKNESS, LIGHTED ROAD",PEDALCYCLIST,DIVIDED - W/MEDIAN (NOT RAISED),STRAIGHT AND LEVEL,DRY,NO DEFECTS,,FAILING TO YIELD RIGHT-OF-WAY,UNABLE TO DETERMINE,,NONINCAPACITATING INJURY,16,12,41.9654752745,-87.6549356049,2020,30,POINT (-87.6549356049 41.9654752745),,,,,2020-12-21,False,2,Uptown
5146,30,NO CONTROLS,NO CONTROLS,CLEAR,"DARKNESS, LIGHTED ROAD",PEDALCYCLIST,DIVIDED - W/MEDIAN (NOT RAISED),STRAIGHT AND LEVEL,DRY,NO DEFECTS,,NOT APPLICABLE,NOT APPLICABLE,,NO INDICATION OF INJURY,18,12,41.9174518952,-87.7581022806,2020,30,POINT (-87.7581022806 41.9174518952),,,,,2020-12-21,False,18,Belmont Cragin
5147,30,TRAFFIC SIGNAL,FUNCTIONING PROPERLY,RAIN,"DARKNESS, LIGHTED ROAD",PEDALCYCLIST,FOUR WAY,STRAIGHT AND LEVEL,WET,NO DEFECTS,Y,UNABLE TO DETERMINE,NOT APPLICABLE,,NONINCAPACITATING INJURY,18,12,41.9618880787,-87.6547719964,2020,30,POINT (-87.6547719964 41.9618880787),,,,,2020-12-21,False,2,Uptown
5148,30,TRAFFIC SIGNAL,FUNCTIONING PROPERLY,CLEAR,DARKNESS,PEDALCYCLIST,ONE-WAY,STRAIGHT AND LEVEL,DRY,NO DEFECTS,,IMPROPER LANE USAGE,UNABLE TO DETERMINE,,NO INDICATION OF INJURY,22,12,41.8891372706,-87.6284300598,2020,30,POINT (-87.6284300598 41.8891372706),,,,,2020-12-21,False,7,Near North Side
5149,30,TRAFFIC SIGNAL,FUNCTIONING PROPERLY,CLEAR,DAYLIGHT,PEDALCYCLIST,FOUR WAY,STRAIGHT AND LEVEL,DRY,NO DEFECTS,,FAILING TO YIELD RIGHT-OF-WAY,NOT APPLICABLE,,NO INDICATION OF INJURY,10,12,41.8963763721,-87.6554454959,2020,30,POINT (-87.6554454959 41.8963763721),,,,,2020-12-22,False,7,Near North Side
5150,30,NO CONTROLS,NO CONTROLS,CLEAR,DAYLIGHT,PEDALCYCLIST,NOT DIVIDED,STRAIGHT AND LEVEL,DRY,NO DEFECTS,,FAILING TO YIELD RIGHT-OF-WAY,FAILING TO YIELD RIGHT-OF-WAY,,NONINCAPACITATING INJURY,15,12,41.9717718269,-87.7733953416,2020,30,POINT (-87.7733953416 41.9717718269),,,,,2020-12-22,False,10,Jefferson Park
5151,30,STOP SIGN/FLASHER,FUNCTIONING PROPERLY,CLEAR,DAYLIGHT,PEDALCYCLIST,NOT DIVIDED,STRAIGHT AND LEVEL,DRY,NO DEFECTS,Y,NOT APPLICABLE,NOT APPLICABLE,,NONINCAPACITATING INJURY,9,12,41.8227353085,-87.6916109246,2020,30,POINT (-87.6916109246 41.8227353085),,,,,2020-12-23,False,29,South Lawndale
5152,30,UNKNOWN,UNKNOWN,CLEAR,DAYLIGHT,PEDALCYCLIST,NOT DIVIDED,STRAIGHT AND LEVEL,DRY,NO DEFECTS,,UNABLE TO DETERMINE,UNABLE TO DETERMINE,,NONINCAPACITATING INJURY,12,12,41.8336754408,-87.6947789765,2020,30,POINT (-87.6947789765 41.8336754408),,,,,2020-12-23,False,29,South Lawndale
5153,30,TRAFFIC SIGNAL,FUNCTIONING PROPERLY,RAIN,"DARKNESS, LIGHTED ROAD",PEDALCYCLIST,NOT DIVIDED,STRAIGHT AND LEVEL,WET,NO DEFECTS,,UNABLE TO DETERMINE,NOT APPLICABLE,,NONINCAPACITATING INJURY,16,12,41.8228399063,-87.7042581058,2020,30,POINT (-87.7042581058 41.8228399063),,,,,2020-12-23,False,29,South Lawndale
5154,30,STOP SIGN/FLASHER,FUNCTIONING PROPERLY,CLEAR,"DARKNESS, LIGHTED ROAD",PEDALCYCLIST,FOUR WAY,STRAIGHT AND LEVEL,DRY,NO DEFECTS,Y,UNABLE TO DETERMINE,UNABLE TO DETERMINE,,NONINCAPACITATING INJURY,23,12,41.7715194535,-87.7202502195,2020,30,POINT (-87.7202502195 41.7715194535),,,,,2020-12-23,False,64,West Lawn
5155,30,TRAFFIC SIGNAL,FUNCTIONING PROPERLY,CLEAR,"DARKNESS, LIGHTED ROAD",PEDALCYCLIST,NOT DIVIDED,STRAIGHT AND LEVEL,DRY,UNKNOWN,Y,FAILING TO YIELD RIGHT-OF-WAY,UNABLE TO DETERMINE,,INCAPACITATING INJURY,17,12,42.0157353246,-87.6753044248,2020,30,POINT (-87.6753044248 42.0157353246),,,,,2020-12-25,True,0,Rogers Park
5156,25,NO CONTROLS,NO CONTROLS,CLEAR,DUSK,PEDALCYCLIST,NOT DIVIDED,STRAIGHT AND LEVEL,DRY,UNKNOWN,,UNABLE TO DETERMINE,UNABLE TO DETERMINE,Y,NO INDICATION OF INJURY,17,12,41.9725259281,-87.6621961827,2020,25,POINT (-87.6621961827 41.9725259281),,,,,2020-12-26,False,2,Uptown
5157,30,NO CONTROLS,NO CONTROLS,CLEAR,DUSK,PEDALCYCLIST,DIVIDED - W/MEDIAN (NOT RAISED),STRAIGHT AND LEVEL,ICE,NO DEFECTS,Y,FAILING TO YIELD RIGHT-OF-WAY,UNABLE TO DETERMINE,,NO INDICATION OF INJURY,17,12,41.9685094233,-87.6885248434,2020,30,POINT (-87.6885248434 41.9685094233),,,,,2020-12-30,False,3,Lincoln Square
5158,30,NO CONTROLS,NO CONTROLS,CLEAR,DAYLIGHT,PEDALCYCLIST,ONE-WAY,STRAIGHT AND LEVEL,ICE,NO DEFECTS,,WEATHER,WEATHER,,NO INDICATION OF INJURY,10,12,41.8143632267,-87.702863652,2020,30,POINT (-87.702863652 41.8143632267),,,,,2020-12-31,False,57,Brighton Park
5159,30,NO CONTROLS,NO CONTROLS,CLEAR,"DARKNESS, LIGHTED ROAD",PEDALCYCLIST,NOT DIVIDED,STRAIGHT AND LEVEL,DRY,NO DEFECTS,,IMPROPER TURNING/NO SIGNAL,IMPROPER LANE USAGE,,"REPORTED, NOT EVIDENT",19,12,41.946981572,-87.6779825828,2020,30,POINT (-87.6779825828 41.946981572),,,,,2020-12-31,False,4,North Center
5160,30,NO CONTROLS,NO CONTROLS,SNOW,DAYLIGHT,PEDALCYCLIST,DIVIDED - W/MEDIAN (NOT RAISED),STRAIGHT AND LEVEL,WET,UNKNOWN,Y,UNABLE TO DETERMINE,UNABLE TO DETERMINE,,INCAPACITATING INJURY,15,1,41.8367467845,-87.7281389408,2021,30,POINT (-87.7281389408 41.8367467845),,,,,2021-01-01,True,29,South Lawndale
5161,30,STOP SIGN/FLASHER,FUNCTIONING PROPERLY,CLEAR,"DARKNESS, LIGHTED ROAD",PEDALCYCLIST,NOT DIVIDED,STRAIGHT AND LEVEL,DRY,NO DEFECTS,Y,UNABLE TO DETERMINE,NOT APPLICABLE,,"REPORTED, NOT EVIDENT",19,1,41.8575761087,-87.6420089716,2021,30,POINT (-87.6420089716 41.8575761087),,,,,2021-01-02,False,30,Lower West Side
5162,30,TRAFFIC SIGNAL,FUNCTIONING PROPERLY,CLEAR,DAYLIGHT,PEDALCYCLIST,FOUR WAY,STRAIGHT AND LEVEL,WET,NO DEFECTS,,FOLLOWING TOO CLOSELY,UNABLE TO DETERMINE,N,NO INDICATION OF INJURY,11,1,41.8926050362,-87.617567161,2021,30,POINT (-87.617567161 41.8926050362),,,,,2021-01-03,False,7,Near North Side
5163,25,TRAFFIC SIGNAL,FUNCTIONING PROPERLY,CLEAR,DAYLIGHT,PEDALCYCLIST,NOT DIVIDED,STRAIGHT AND LEVEL,DRY,NO DEFECTS,Y,FAILING TO YIELD RIGHT-OF-WAY,UNABLE TO DETERMINE,,NONINCAPACITATING INJURY,6,1,41.9915072503,-87.7088615855,2021,25,POINT (-87.7088615855 41.9915072503),,,,,2021-01-04,False,1,West Ridge
5164,30,TRAFFIC SIGNAL,FUNCTIONING PROPERLY,CLEAR,DUSK,PEDALCYCLIST,NOT DIVIDED,STRAIGHT AND LEVEL,DRY,NO DEFECTS,,FOLLOWING TOO CLOSELY,UNABLE TO DETERMINE,,NO INDICATION OF INJURY,16,1,41.883422637,-87.6280216521,2021,30,POINT (-87.6280216521 41.883422637),,,,,2021-01-05,False,31,Loop
5165,30,TRAFFIC SIGNAL,FUNCTIONING PROPERLY,CLEAR,"DARKNESS, LIGHTED ROAD",PEDALCYCLIST,NOT DIVIDED,STRAIGHT AND LEVEL,DRY,NO DEFECTS,Y,UNABLE TO DETERMINE,NOT APPLICABLE,,NO INDICATION OF INJURY,5,1,41.9172677407,-87.721813779,2021,30,POINT (-87.721813779 41.9172677407),,,,,2021-01-06,False,21,Logan Square
5166,35,TRAFFIC SIGNAL,FUNCTIONING PROPERLY,CLEAR,"DARKNESS, LIGHTED ROAD",PEDALCYCLIST,DIVIDED - W/MEDIAN (NOT RAISED),STRAIGHT AND LEVEL,OTHER,NO DEFECTS,Y,DISREGARDING OTHER TRAFFIC SIGNS,UNABLE TO DETERMINE,,"REPORTED, NOT EVIDENT",17,1,41.9177706547,-87.6824006768,2021,35,POINT (-87.6824006768 41.9177706547),,,,,2021-01-06,False,6,Lincoln Park
5167,30,NO CONTROLS,NO CONTROLS,CLEAR,"DARKNESS, LIGHTED ROAD",PEDALCYCLIST,NOT DIVIDED,STRAIGHT AND LEVEL,DRY,NO DEFECTS,,UNABLE TO DETERMINE,UNABLE TO DETERMINE,Y,NONINCAPACITATING INJURY,20,1,41.9364631892,-87.6444242234,2021,30,POINT (-87.6444242234 41.9364631892),,,,,2021-01-06,False,5,Lake View
5168,30,NO CONTROLS,NO CONTROLS,CLEAR,"DARKNESS, LIGHTED ROAD",PEDALCYCLIST,NOT DIVIDED,STRAIGHT AND LEVEL,DRY,NO DEFECTS,,FAILING TO REDUCE SPEED TO AVOID CRASH,FAILING TO YIELD RIGHT-OF-WAY,,NO INDICATION OF INJURY,16,1,41.9173618643,-87.7192825756,2021,30,POINT (-87.7192825756 41.9173618643),,,,,2021-01-07,False,21,Logan Square
5169,30,TRAFFIC SIGNAL,FUNCTIONING PROPERLY,CLEAR,DAYLIGHT,PEDALCYCLIST,DIVIDED - W/MEDIAN (NOT RAISED),STRAIGHT AND LEVEL,WET,UNKNOWN,Y,DISREGARDING OTHER TRAFFIC SIGNS,HAD BEEN DRINKING (USE WHEN ARREST IS NOT MADE),,NONINCAPACITATING INJURY,15,1,41.7651014684,-87.6439488599,2021,30,POINT (-87.6439488599 41.7651014684),,,,,2021-01-08,False,67,Englewood
5170,30,STOP SIGN/FLASHER,FUNCTIONING PROPERLY,CLEAR,DUSK,PEDALCYCLIST,FOUR WAY,STRAIGHT AND LEVEL,UNKNOWN,UNKNOWN,Y,DRIVING ON WRONG SIDE/WRONG WAY,UNABLE TO DETERMINE,,NONINCAPACITATING INJURY,16,1,41.890077898,-87.6477560898,2021,30,POINT (-87.6477560898 41.890077898),,,,,2021-01-09,False,7,Near North Side
5171,15,NO CONTROLS,NO CONTROLS,CLEAR,"DARKNESS, LIGHTED ROAD",PEDALCYCLIST,ONE-WAY,STRAIGHT AND LEVEL,DRY,NO DEFECTS,,UNABLE TO DETERMINE,UNABLE TO DETERMINE,,NONINCAPACITATING INJURY,17,1,41.8660879747,-87.6074646234,2021,15,POINT (-87.6074646234 41.8660879747),,,,,2021-01-09,False,32,Near South Side
5172,30,NO CONTROLS,NO CONTROLS,CLOUDY/OVERCAST,DAYLIGHT,PEDALCYCLIST,NOT DIVIDED,STRAIGHT ON GRADE,DRY,NO DEFECTS,,DRIVING SKILLS/KNOWLEDGE/EXPERIENCE,NOT APPLICABLE,Y,NONINCAPACITATING INJURY,12,1,41.8864795809,-87.6264648399,2021,30,POINT (-87.6264648399 41.8864795809),,,,,2021-01-11,False,7,Near North Side
5173,30,TRAFFIC SIGNAL,FUNCTIONING PROPERLY,CLEAR,DAYLIGHT,PEDALCYCLIST,FOUR WAY,STRAIGHT AND LEVEL,DRY,NO DEFECTS,Y,"VISION OBSCURED (SIGNS, TREE LIMBS, BUILDINGS, ETC.)",FAILING TO YIELD RIGHT-OF-WAY,,INCAPACITATING INJURY,15,1,42.0161299449,-87.6652531975,2021,30,POINT (-87.6652531975 42.0161299449),,,,,2021-01-12,True,0,Rogers Park
5174,30,STOP SIGN/FLASHER,FUNCTIONING PROPERLY,CLEAR,DARKNESS,PEDALCYCLIST,NOT DIVIDED,STRAIGHT AND LEVEL,UNKNOWN,UNKNOWN,Y,IMPROPER OVERTAKING/PASSING,UNABLE TO DETERMINE,,NONINCAPACITATING INJURY,19,1,41.9527136638,-87.6546389062,2021,30,POINT (-87.6546389062 41.9527136638),,,,,2021-01-12,False,5,Lake View
5175,30,TRAFFIC SIGNAL,FUNCTIONING PROPERLY,UNKNOWN,"DARKNESS, LIGHTED ROAD",PEDALCYCLIST,DIVIDED - W/MEDIAN (NOT RAISED),STRAIGHT AND LEVEL,UNKNOWN,UNKNOWN,,TURNING RIGHT ON RED,UNABLE TO DETERMINE,,NONINCAPACITATING INJURY,6,1,41.9681317848,-87.728086756,2021,30,POINT (-87.728086756 41.9681317848),,,,,2021-01-13,False,11,Forest Glen
5176,30,STOP SIGN/FLASHER,FUNCTIONING PROPERLY,CLEAR,DAYLIGHT,PEDALCYCLIST,OTHER,STRAIGHT AND LEVEL,WET,NO DEFECTS,Y,"OPERATING VEHICLE IN ERRATIC, RECKLESS, CARELESS, NEGLIGENT OR AGGRESSIVE MANNER",NOT APPLICABLE,,NONINCAPACITATING INJURY,8,1,41.8842567038,-87.6498267026,2021,30,POINT (-87.6498267026 41.8842567038),,,,,2021-01-13,False,27,Near West Side
5177,30,NO CONTROLS,NO CONTROLS,CLEAR,"DARKNESS, LIGHTED ROAD",PEDALCYCLIST,NOT DIVIDED,STRAIGHT AND LEVEL,DRY,NO DEFECTS,,UNABLE TO DETERMINE,UNABLE TO DETERMINE,Y,NO INDICATION OF INJURY,18,1,41.964405735,-87.6664051669,2021,30,POINT (-87.6664051669 41.964405735),,,,,2021-01-13,False,2,Uptown
5178,25,TRAFFIC SIGNAL,FUNCTIONING PROPERLY,CLEAR,"DARKNESS, LIGHTED ROAD",PEDALCYCLIST,NOT DIVIDED,STRAIGHT AND LEVEL,DRY,NO DEFECTS,Y,FAILING TO YIELD RIGHT-OF-WAY,UNABLE TO DETERMINE,,NONINCAPACITATING INJURY,20,1,41.9326648873,-87.6587742595,2021,25,POINT (-87.6587742595 41.9326648873),,,,,2021-01-13,False,5,Lake View
5179,35,TRAFFIC SIGNAL,FUNCTIONING PROPERLY,CLEAR,"DARKNESS, LIGHTED ROAD",PEDALCYCLIST,DIVIDED - W/MEDIAN (NOT RAISED),STRAIGHT AND LEVEL,DRY,NO DEFECTS,,FAILING TO YIELD RIGHT-OF-WAY,NOT APPLICABLE,,INCAPACITATING INJURY,20,1,41.9303543506,-87.6853464009,2021,35,POINT (-87.6853464009 41.9303543506),,,,,2021-01-13,True,21,Logan Square
5180,30,NO CONTROLS,NO CONTROLS,CLEAR,DUSK,PEDALCYCLIST,ALLEY,STRAIGHT AND LEVEL,DRY,NO DEFECTS,,UNABLE TO DETERMINE,NOT APPLICABLE,,NONINCAPACITATING INJURY,16,1,41.8957111715,-87.633657697,2021,30,POINT (-87.633657697 41.8957111715),,,,,2021-01-15,False,7,Near North Side
5181,30,STOP SIGN/FLASHER,FUNCTIONING IMPROPERLY,SNOW,DAYLIGHT,PEDALCYCLIST,FOUR WAY,STRAIGHT AND LEVEL,SNOW OR SLUSH,"RUT, HOLES",Y,DISREGARDING STOP SIGN,WEATHER,,NONINCAPACITATING INJURY,9,1,41.9332094475,-87.7663722344,2021,30,POINT (-87.7663722344 41.9332094475),,,,,2021-01-16,False,18,Belmont Cragin
5182,30,NO CONTROLS,NO CONTROLS,RAIN,DARKNESS,PEDALCYCLIST,NOT DIVIDED,STRAIGHT AND LEVEL,WET,NO DEFECTS,,FAILING TO YIELD RIGHT-OF-WAY,NOT APPLICABLE,,NONINCAPACITATING INJURY,17,1,41.9338451158,-87.6446785111,2021,30,POINT (-87.6446785111 41.9338451158),,,,,2021-01-16,False,5,Lake View
5183,30,NO CONTROLS,NO CONTROLS,CLEAR,"DARKNESS, LIGHTED ROAD",PEDALCYCLIST,NOT DIVIDED,STRAIGHT AND LEVEL,SNOW OR SLUSH,NO DEFECTS,,NOT APPLICABLE,NOT APPLICABLE,Y,NO INDICATION OF INJURY,19,1,41.9202978619,-87.6532944462,2021,30,POINT (-87.6532944462 41.9202978619),,,,,2021-01-16,False,6,Lincoln Park
5184,30,NO CONTROLS,NO CONTROLS,CLEAR,DARKNESS,PEDALCYCLIST,NOT DIVIDED,STRAIGHT AND LEVEL,ICE,NO DEFECTS,,UNABLE TO DETERMINE,NOT APPLICABLE,,NONINCAPACITATING INJURY,20,1,41.7573289464,-87.649213189,2021,30,POINT (-87.649213189 41.7573289464),,,,,2021-01-20,False,67,Englewood
5185,30,TRAFFIC SIGNAL,FUNCTIONING PROPERLY,CLEAR,DAYLIGHT,PEDALCYCLIST,FOUR WAY,STRAIGHT AND LEVEL,DRY,NO DEFECTS,Y,FAILING TO YIELD RIGHT-OF-WAY,UNABLE TO DETERMINE,,NONINCAPACITATING INJURY,10,1,41.8579019844,-87.6661809529,2021,30,POINT (-87.6661809529 41.8579019844),,,,,2021-01-21,False,27,Near West Side
5186,30,TRAFFIC SIGNAL,FUNCTIONING PROPERLY,CLEAR,"DARKNESS, LIGHTED ROAD",PEDALCYCLIST,NOT DIVIDED,STRAIGHT AND LEVEL,DRY,NO DEFECTS,Y,IMPROPER TURNING/NO SIGNAL,FOLLOWING TOO CLOSELY,,NO INDICATION OF INJURY,15,1,41.896790572,-87.6243806554,2021,30,POINT (-87.6243806554 41.896790572),,,,,2021-01-21,False,7,Near North Side
5187,30,NO CONTROLS,NO CONTROLS,CLEAR,DAYLIGHT,PEDALCYCLIST,DIVIDED - W/MEDIAN (NOT RAISED),STRAIGHT AND LEVEL,DRY,NO DEFECTS,,IMPROPER LANE USAGE,NOT APPLICABLE,,INCAPACITATING INJURY,15,1,41.777477882,-87.7032498074,2021,30,POINT (-87.7032498074 41.777477882),,,,,2021-01-21,True,65,Chicago Lawn
5188,30,NO CONTROLS,UNKNOWN,CLEAR,"DARKNESS, LIGHTED ROAD",PEDALCYCLIST,UNKNOWN INTERSECTION TYPE,STRAIGHT AND LEVEL,DRY,NO DEFECTS,Y,IMPROPER OVERTAKING/PASSING,UNABLE TO DETERMINE,,NONINCAPACITATING INJURY,22,1,41.957914103,-87.6789896554,2021,30,POINT (-87.6789896554 41.957914103),,,,,2021-01-21,False,4,North Center
5189,30,TRAFFIC SIGNAL,FUNCTIONING PROPERLY,CLEAR,DAYLIGHT,PEDALCYCLIST,ONE-WAY,STRAIGHT AND LEVEL,DRY,NO DEFECTS,Y,FAILING TO YIELD RIGHT-OF-WAY,DISREGARDING TRAFFIC SIGNALS,,NONINCAPACITATING INJURY,8,1,41.8845826561,-87.6325080097,2021,30,POINT (-87.6325080097 41.8845826561),,,,,2021-01-22,False,31,Loop
5190,30,TRAFFIC SIGNAL,FUNCTIONING PROPERLY,CLEAR,DAYLIGHT,PEDALCYCLIST,FOUR WAY,STRAIGHT AND LEVEL,DRY,NO DEFECTS,Y,DISREGARDING TRAFFIC SIGNALS,UNABLE TO DETERMINE,N,NONINCAPACITATING INJURY,16,1,41.8957995039,-87.6771708747,2021,30,POINT (-87.6771708747 41.8957995039),,,,,2021-01-22,False,23,West Town