Unnamed: 0,POSTED_SPEED_LIMIT,TRAFFIC_CONTROL_DEVICE,DEVICE_CONDITION,WEATHER_CONDITION,LIGHTING_CONDITION,FIRST_CRASH_TYPE,TRAFFICWAY_TYPE,ALIGNMENT,ROADWAY_SURFACE_COND,ROAD_DEFECT,INTERSECTION_RELATED_I,PRIM_CONTRIBUTORY_CAUSE,SEC_CONTRIBUTORY_CAUSE,DOORING_I,MOST_SEVERE_INJURY,CRASH_HOUR,CRASH_MONTH,LATITUDE,LONGITUDE,CRASH_YEAR,SPEED_LIMIT,geometry,DISPLAYROU,the_geom,DIST,LANE_TYPE,CRASH_DATE,is_severe,index_right,CArea
5191,30,STOP SIGN/FLASHER,FUNCTIONING PROPERLY,CLEAR,"DARKNESS, LIGHTED ROAD",PEDALCYCLIST,ONE-WAY,STRAIGHT AND LEVEL,DRY,NO DEFECTS,Y,DRIVING SKILLS/KNOWLEDGE/EXPERIENCE,NOT APPLICABLE,,NONINCAPACITATING INJURY,20,1,41.793450225,-87.7143850558,2021,30,POINT (-87.7143850558 41.793450225),,,,,2021-01-22,False,61,West Elsdon
5192,30,NO CONTROLS,NO CONTROLS,CLEAR,DAYLIGHT,PEDALCYCLIST,NOT DIVIDED,STRAIGHT AND LEVEL,DRY,NO DEFECTS,,FAILING TO YIELD RIGHT-OF-WAY,DRIVING SKILLS/KNOWLEDGE/EXPERIENCE,,NONINCAPACITATING INJURY,10,1,41.9442156792,-87.671662023,2021,30,POINT (-87.671662023 41.9442156792),,,,,2021-01-23,False,5,Lake View
5193,30,TRAFFIC SIGNAL,FUNCTIONING PROPERLY,CLEAR,DAYLIGHT,PEDALCYCLIST,NOT DIVIDED,STRAIGHT AND LEVEL,DRY,NO DEFECTS,,UNABLE TO DETERMINE,NOT APPLICABLE,,NO INDICATION OF INJURY,13,1,41.95346817,-87.7523059341,2021,30,POINT (-87.7523059341 41.95346817),,,,,2021-01-23,False,14,Portage Park
5194,30,TRAFFIC SIGNAL,FUNCTIONING PROPERLY,CLOUDY/OVERCAST,"DARKNESS, LIGHTED ROAD",PEDALCYCLIST,FOUR WAY,STRAIGHT AND LEVEL,WET,WORN SURFACE,Y,FAILING TO YIELD RIGHT-OF-WAY,UNABLE TO DETERMINE,,"REPORTED, NOT EVIDENT",17,1,41.9835151412,-87.6699649837,2021,30,POINT (-87.6699649837 41.9835151412),,,,,2021-01-27,False,76,Edgewater
5195,30,STOP SIGN/FLASHER,NO CONTROLS,CLEAR,DAYLIGHT,PEDALCYCLIST,NOT DIVIDED,STRAIGHT AND LEVEL,DRY,NO DEFECTS,,FAILING TO YIELD RIGHT-OF-WAY,DRIVING SKILLS/KNOWLEDGE/EXPERIENCE,Y,NO INDICATION OF INJURY,13,1,41.9336869776,-87.6780189342,2021,30,POINT (-87.6780189342 41.9336869776),,,,,2021-01-29,False,4,North Center
5196,30,TRAFFIC SIGNAL,FUNCTIONING PROPERLY,CLOUDY/OVERCAST,DAYLIGHT,PEDALCYCLIST,NOT DIVIDED,STRAIGHT AND LEVEL,SNOW OR SLUSH,NO DEFECTS,Y,UNABLE TO DETERMINE,UNABLE TO DETERMINE,,NO INDICATION OF INJURY,15,1,41.8992757752,-87.6770008386,2021,30,POINT (-87.6770008386 41.8992757752),,,,,2021-01-29,False,23,West Town
5197,30,TRAFFIC SIGNAL,FUNCTIONING PROPERLY,SNOW,DAYLIGHT,PEDALCYCLIST,FOUR WAY,STRAIGHT AND LEVEL,WET,UNKNOWN,Y,WEATHER,UNABLE TO DETERMINE,,NO INDICATION OF INJURY,15,1,41.9467400322,-87.7078754891,2021,30,POINT (-87.7078754891 41.9467400322),,,,,2021-01-30,False,15,Irving Park
5198,30,TRAFFIC SIGNAL,UNKNOWN,UNKNOWN,DAYLIGHT,PEDALCYCLIST,FOUR WAY,STRAIGHT AND LEVEL,UNKNOWN,UNKNOWN,Y,UNABLE TO DETERMINE,UNABLE TO DETERMINE,,NO INDICATION OF INJURY,10,2,41.9645859552,-87.7085732008,2021,30,POINT (-87.7085732008 41.9645859552),,,,,2021-02-03,False,13,Albany Park
5199,30,STOP SIGN/FLASHER,FUNCTIONING PROPERLY,CLEAR,DAYLIGHT,PEDALCYCLIST,Y-INTERSECTION,STRAIGHT AND LEVEL,SNOW OR SLUSH,NO DEFECTS,Y,"VISION OBSCURED (SIGNS, TREE LIMBS, BUILDINGS, ETC.)",UNABLE TO DETERMINE,,NONINCAPACITATING INJURY,8,2,41.8425545311,-87.6319407028,2021,30,POINT (-87.6319407028 41.8425545311),,,,,2021-02-06,False,33,Armour Square
5200,30,NO CONTROLS,NO CONTROLS,CLEAR,DAYLIGHT,PEDALCYCLIST,ONE-WAY,STRAIGHT AND LEVEL,ICE,NO DEFECTS,,WEATHER,WEATHER,,NO INDICATION OF INJURY,14,2,41.9874382399,-87.6568817578,2021,30,POINT (-87.6568817578 41.9874382399),,,,,2021-02-06,False,76,Edgewater
5201,30,TRAFFIC SIGNAL,FUNCTIONING PROPERLY,UNKNOWN,DAYLIGHT,PEDALCYCLIST,DIVIDED - W/MEDIAN BARRIER,STRAIGHT AND LEVEL,UNKNOWN,NO DEFECTS,Y,UNABLE TO DETERMINE,NOT APPLICABLE,,NO INDICATION OF INJURY,15,2,41.8673305109,-87.6275660197,2021,30,POINT (-87.6275660197 41.8673305109),,,,,2021-02-09,False,31,Loop
5202,30,TRAFFIC SIGNAL,FUNCTIONING PROPERLY,SNOW,DAWN,PEDALCYCLIST,DIVIDED - W/MEDIAN (NOT RAISED),STRAIGHT AND LEVEL,WET,NO DEFECTS,,IMPROPER LANE USAGE,UNABLE TO DETERMINE,,INCAPACITATING INJURY,14,2,41.9462690535,-87.7125585155,2021,30,POINT (-87.7125585155 41.9462690535),,,,,2021-02-10,True,15,Irving Park
5203,30,NO CONTROLS,NO CONTROLS,SNOW,"DARKNESS, LIGHTED ROAD",PEDALCYCLIST,NOT DIVIDED,STRAIGHT AND LEVEL,SNOW OR SLUSH,NO DEFECTS,,UNABLE TO DETERMINE,UNABLE TO DETERMINE,,"REPORTED, NOT EVIDENT",21,2,41.7513399971,-87.5956359451,2021,30,POINT (-87.5956359451 41.7513399971),,,,,2021-02-10,False,43,Chatham
5204,30,TRAFFIC SIGNAL,FUNCTIONING PROPERLY,CLEAR,DAYLIGHT,PEDALCYCLIST,FOUR WAY,STRAIGHT AND LEVEL,UNKNOWN,UNKNOWN,Y,FAILING TO REDUCE SPEED TO AVOID CRASH,FAILING TO YIELD RIGHT-OF-WAY,,INCAPACITATING INJURY,12,2,41.8796292736,-87.6262119082,2021,30,POINT (-87.6262119082 41.8796292736),,,,,2021-02-20,True,31,Loop
5205,30,NO CONTROLS,NO CONTROLS,CLEAR,DAYLIGHT,PEDALCYCLIST,NOT DIVIDED,STRAIGHT AND LEVEL,WET,NO DEFECTS,,NOT APPLICABLE,NOT APPLICABLE,,NONINCAPACITATING INJURY,12,2,41.7945379806,-87.7034409539,2021,30,POINT (-87.7034409539 41.7945379806),,,,,2021-02-21,False,62,Gage Park
5206,30,NO CONTROLS,NO CONTROLS,CLEAR,DAWN,PEDALCYCLIST,NOT DIVIDED,STRAIGHT AND LEVEL,DRY,NO DEFECTS,,IMPROPER TURNING/NO SIGNAL,FAILING TO REDUCE SPEED TO AVOID CRASH,,NONINCAPACITATING INJURY,18,2,41.8852377995,-87.6277818345,2021,30,POINT (-87.6277818345 41.8852377995),,,,,2021-02-22,False,31,Loop
5207,30,STOP SIGN/FLASHER,FUNCTIONING PROPERLY,CLEAR,DAYLIGHT,PEDALCYCLIST,NOT DIVIDED,STRAIGHT AND LEVEL,SNOW OR SLUSH,UNKNOWN,,UNABLE TO DETERMINE,UNABLE TO DETERMINE,,NONINCAPACITATING INJURY,13,2,41.9423961268,-87.6528238945,2021,30,POINT (-87.6528238945 41.9423961268),,,,,2021-02-23,False,5,Lake View
5208,25,TRAFFIC SIGNAL,FUNCTIONING PROPERLY,RAIN,"DARKNESS, LIGHTED ROAD",PEDALCYCLIST,FOUR WAY,STRAIGHT AND LEVEL,WET,NO DEFECTS,Y,FAILING TO YIELD RIGHT-OF-WAY,NOT APPLICABLE,,NONINCAPACITATING INJURY,11,2,41.8515115144,-87.7343747464,2021,25,POINT (-87.7343747464 41.8515115144),,,,,2021-02-26,False,28,North Lawndale
5209,30,NO CONTROLS,NO CONTROLS,CLEAR,DAYLIGHT,PEDALCYCLIST,ONE-WAY,STRAIGHT AND LEVEL,DRY,NO DEFECTS,,FAILING TO REDUCE SPEED TO AVOID CRASH,UNABLE TO DETERMINE,,NONINCAPACITATING INJURY,10,2,41.9874534431,-87.6560626521,2021,30,POINT (-87.6560626521 41.9874534431),,,,,2021-02-27,False,76,Edgewater
5210,25,NO CONTROLS,NO CONTROLS,CLEAR,DAYLIGHT,PEDALCYCLIST,NOT DIVIDED,STRAIGHT AND LEVEL,DRY,NO DEFECTS,,IMPROPER OVERTAKING/PASSING,FAILING TO YIELD RIGHT-OF-WAY,,NO INDICATION OF INJURY,16,2,41.9145465796,-87.6761871719,2021,25,POINT (-87.6761871719 41.9145465796),,,,,2021-02-27,False,6,Lincoln Park
5211,30,NO CONTROLS,NO CONTROLS,RAIN,DAYLIGHT,PEDALCYCLIST,NOT DIVIDED,STRAIGHT AND LEVEL,WET,UNKNOWN,,UNABLE TO DETERMINE,UNABLE TO DETERMINE,,NONINCAPACITATING INJURY,9,2,41.9683826457,-87.7038961039,2021,30,POINT (-87.7038961039 41.9683826457),,,,,2021-02-28,False,3,Lincoln Square
5212,30,TRAFFIC SIGNAL,FUNCTIONING PROPERLY,CLEAR,DAYLIGHT,PEDALCYCLIST,FOUR WAY,STRAIGHT AND LEVEL,DRY,NO DEFECTS,,UNABLE TO DETERMINE,UNABLE TO DETERMINE,,NONINCAPACITATING INJURY,8,3,41.7729100339,-87.6155947054,2021,30,POINT (-87.6155947054 41.7729100339),,,,,2021-03-01,False,41,Woodlawn
5213,30,TRAFFIC SIGNAL,FUNCTIONING PROPERLY,CLEAR,DUSK,PEDALCYCLIST,FOUR WAY,STRAIGHT AND LEVEL,DRY,UNKNOWN,Y,DISTRACTION - FROM OUTSIDE VEHICLE,NOT APPLICABLE,,NONINCAPACITATING INJURY,16,3,41.866529121,-87.6837334319,2021,30,POINT (-87.6837334319 41.866529121),,,,,2021-03-01,False,27,Near West Side
5214,30,UNKNOWN,UNKNOWN,CLEAR,DAYLIGHT,PEDALCYCLIST,NOT DIVIDED,STRAIGHT AND LEVEL,UNKNOWN,UNKNOWN,,FAILING TO YIELD RIGHT-OF-WAY,DRIVING SKILLS/KNOWLEDGE/EXPERIENCE,,INCAPACITATING INJURY,17,3,41.9324737881,-87.6571554028,2021,30,POINT (-87.6571554028 41.9324737881),,,,,2021-03-01,True,5,Lake View
5215,30,TRAFFIC SIGNAL,FUNCTIONING PROPERLY,CLEAR,DAYLIGHT,PEDALCYCLIST,FOUR WAY,STRAIGHT AND LEVEL,DRY,NO DEFECTS,Y,FAILING TO YIELD RIGHT-OF-WAY,"VISION OBSCURED (SIGNS, TREE LIMBS, BUILDINGS, ETC.)",,INCAPACITATING INJURY,15,3,41.8309924999,-87.6173547395,2021,30,POINT (-87.6173547395 41.8309924999),,,,,2021-03-02,True,34,Douglas
5216,20,TRAFFIC SIGNAL,FUNCTIONING PROPERLY,CLEAR,DUSK,PEDALCYCLIST,DIVIDED - W/MEDIAN BARRIER,STRAIGHT AND LEVEL,DRY,NO DEFECTS,,FAILING TO YIELD RIGHT-OF-WAY,NOT APPLICABLE,,NO INDICATION OF INJURY,17,3,41.9112245556,-87.6264825724,2021,20,POINT (-87.6264825724 41.9112245556),,,,,2021-03-02,False,6,Lincoln Park
5217,30,NO CONTROLS,NO CONTROLS,CLEAR,DAYLIGHT,PEDALCYCLIST,DRIVEWAY,STRAIGHT AND LEVEL,DRY,NO DEFECTS,,FAILING TO YIELD RIGHT-OF-WAY,"VISION OBSCURED (SIGNS, TREE LIMBS, BUILDINGS, ETC.)",,NONINCAPACITATING INJURY,14,3,42.011892332,-87.7818700649,2021,30,POINT (-87.7818700649 42.011892332),,,,,2021-03-03,False,11,Forest Glen
5218,30,TRAFFIC SIGNAL,FUNCTIONING PROPERLY,CLEAR,DAYLIGHT,PEDALCYCLIST,FOUR WAY,STRAIGHT AND LEVEL,DRY,NO DEFECTS,Y,FAILING TO YIELD RIGHT-OF-WAY,UNABLE TO DETERMINE,,NONINCAPACITATING INJURY,17,3,41.8806391878,-87.6668384611,2021,30,POINT (-87.6668384611 41.8806391878),,,,,2021-03-03,False,27,Near West Side
5219,15,NO CONTROLS,NO CONTROLS,CLEAR,"DARKNESS, LIGHTED ROAD",PEDALCYCLIST,ALLEY,STRAIGHT AND LEVEL,DRY,NO DEFECTS,,UNABLE TO DETERMINE,NOT APPLICABLE,,NO INDICATION OF INJURY,17,3,41.7444693742,-87.6133815206,2021,15,POINT (-87.6133815206 41.7444693742),,,,,2021-03-03,False,43,Chatham
5220,30,TRAFFIC SIGNAL,FUNCTIONING PROPERLY,CLEAR,"DARKNESS, LIGHTED ROAD",PEDALCYCLIST,ONE-WAY,STRAIGHT AND LEVEL,DRY,NO DEFECTS,Y,UNABLE TO DETERMINE,NOT APPLICABLE,,NO INDICATION OF INJURY,18,3,41.7790935491,-87.6886680867,2021,30,POINT (-87.6886680867 41.7790935491),,,,,2021-03-03,False,65,Chicago Lawn
5221,30,TRAFFIC SIGNAL,FUNCTIONING PROPERLY,CLEAR,DAWN,PEDALCYCLIST,FOUR WAY,STRAIGHT AND LEVEL,DRY,NO DEFECTS,Y,FAILING TO YIELD RIGHT-OF-WAY,DISREGARDING TRAFFIC SIGNALS,,NO INDICATION OF INJURY,6,3,41.9874656392,-87.6553772927,2021,30,POINT (-87.6553772927 41.9874656392),,,,,2021-03-04,False,76,Edgewater
5222,30,UNKNOWN,UNKNOWN,UNKNOWN,UNKNOWN,PEDALCYCLIST,NOT DIVIDED,STRAIGHT AND LEVEL,UNKNOWN,UNKNOWN,,UNABLE TO DETERMINE,NOT APPLICABLE,,NONINCAPACITATING INJURY,15,3,41.946538983,-87.7020848861,2021,30,POINT (-87.7020848861 41.946538983),,,,,2021-03-04,False,15,Irving Park
5223,30,TRAFFIC SIGNAL,UNKNOWN,CLEAR,DAYLIGHT,PEDALCYCLIST,DIVIDED - W/MEDIAN (NOT RAISED),STRAIGHT AND LEVEL,DRY,NO DEFECTS,,UNABLE TO DETERMINE,UNABLE TO DETERMINE,,NONINCAPACITATING INJURY,16,3,41.90280864,-87.7215799269,2021,30,POINT (-87.7215799269 41.90280864),,,,,2021-03-04,False,22,Humboldt Park
5224,30,TRAFFIC SIGNAL,FUNCTIONING IMPROPERLY,CLEAR,DUSK,PEDALCYCLIST,NOT DIVIDED,STRAIGHT AND LEVEL,DRY,NO DEFECTS,Y,FAILING TO YIELD RIGHT-OF-WAY,FAILING TO YIELD RIGHT-OF-WAY,,NO INDICATION OF INJURY,18,3,41.8537637004,-87.6855706012,2021,30,POINT (-87.6855706012 41.8537637004),,,,,2021-03-04,False,30,Lower West Side
5225,30,TRAFFIC SIGNAL,FUNCTIONING PROPERLY,CLEAR,DAYLIGHT,PEDALCYCLIST,NOT DIVIDED,STRAIGHT AND LEVEL,DRY,NO DEFECTS,,"VISION OBSCURED (SIGNS, TREE LIMBS, BUILDINGS, ETC.)",NOT APPLICABLE,,NO INDICATION OF INJURY,11,3,41.9762303366,-87.668567175,2021,30,POINT (-87.668567175 41.9762303366),,,,,2021-03-05,False,2,Uptown
5226,30,STOP SIGN/FLASHER,NO CONTROLS,CLEAR,DARKNESS,PEDALCYCLIST,FOUR WAY,STRAIGHT AND LEVEL,DRY,NO DEFECTS,Y,UNABLE TO DETERMINE,NOT APPLICABLE,,NO INDICATION OF INJURY,22,3,41.8771683038,-87.7278781342,2021,30,POINT (-87.7278781342 41.8771683038),,,,,2021-03-05,False,25,Garfield Park
5227,35,NO CONTROLS,NO CONTROLS,CLEAR,DAYLIGHT,PEDALCYCLIST,NOT DIVIDED,STRAIGHT AND LEVEL,DRY,NO DEFECTS,,FAILING TO YIELD RIGHT-OF-WAY,NOT APPLICABLE,,NONINCAPACITATING INJURY,13,3,41.7869939394,-87.6548387053,2021,35,POINT (-87.6548387053 41.7869939394),,,,,2021-03-06,False,66,Englewood
5228,25,NO CONTROLS,NO CONTROLS,CLEAR,DAYLIGHT,PEDALCYCLIST,NOT DIVIDED,STRAIGHT AND LEVEL,DRY,NO DEFECTS,,UNABLE TO DETERMINE,NOT APPLICABLE,,"REPORTED, NOT EVIDENT",13,3,41.7392722921,-87.5455066289,2021,25,POINT (-87.5455066289 41.7392722921),,,,,2021-03-06,False,45,South Chicago
5229,30,TRAFFIC SIGNAL,FUNCTIONING PROPERLY,CLEAR,"DARKNESS, LIGHTED ROAD",PEDALCYCLIST,DIVIDED - W/MEDIAN (NOT RAISED),STRAIGHT AND LEVEL,DRY,NO DEFECTS,Y,HAD BEEN DRINKING (USE WHEN ARREST IS NOT MADE),DISREGARDING TRAFFIC SIGNALS,,NONINCAPACITATING INJURY,23,3,41.9111656182,-87.6384471393,2021,30,POINT (-87.6384471393 41.9111656182),,,,,2021-03-06,False,6,Lincoln Park
5230,30,NO CONTROLS,NO CONTROLS,CLEAR,"DARKNESS, LIGHTED ROAD",PEDALCYCLIST,NOT DIVIDED,STRAIGHT AND LEVEL,DRY,NO DEFECTS,,IMPROPER BACKING,"VISION OBSCURED (SIGNS, TREE LIMBS, BUILDINGS, ETC.)",,NO INDICATION OF INJURY,18,3,41.9344617646,-87.6460591644,2021,30,POINT (-87.6460591644 41.9344617646),,,,,2021-03-07,False,5,Lake View
5231,30,NO CONTROLS,NO CONTROLS,CLEAR,"DARKNESS, LIGHTED ROAD",PEDALCYCLIST,DIVIDED - W/MEDIAN (NOT RAISED),STRAIGHT AND LEVEL,DRY,NO DEFECTS,Y,FAILING TO REDUCE SPEED TO AVOID CRASH,UNABLE TO DETERMINE,N,INCAPACITATING INJURY,0,3,41.8660967717,-87.7226718053,2021,30,POINT (-87.7226718053 41.8660967717),,,,,2021-03-08,True,28,North Lawndale
5232,30,NO CONTROLS,NO CONTROLS,CLEAR,DAYLIGHT,PEDALCYCLIST,ALLEY,STRAIGHT AND LEVEL,DRY,NO DEFECTS,,IMPROPER BACKING,DISTRACTION - FROM OUTSIDE VEHICLE,,NONINCAPACITATING INJURY,8,3,41.9092504116,-87.6780833653,2021,30,POINT (-87.6780833653 41.9092504116),,,,,2021-03-08,False,23,West Town
5233,30,TRAFFIC SIGNAL,FUNCTIONING PROPERLY,CLEAR,DAYLIGHT,PEDALCYCLIST,NOT DIVIDED,STRAIGHT AND LEVEL,DRY,NO DEFECTS,Y,UNABLE TO DETERMINE,NOT APPLICABLE,,NONINCAPACITATING INJURY,17,3,41.8893187111,-87.6281526679,2021,30,POINT (-87.6281526679 41.8893187111),,,,,2021-03-08,False,7,Near North Side
5234,30,UNKNOWN,UNKNOWN,CLEAR,DARKNESS,PEDALCYCLIST,NOT DIVIDED,STRAIGHT AND LEVEL,DRY,UNKNOWN,,FOLLOWING TOO CLOSELY,DRIVING SKILLS/KNOWLEDGE/EXPERIENCE,,INCAPACITATING INJURY,19,3,41.9250134549,-87.6702598282,2021,30,POINT (-87.6702598282 41.9250134549),,,,,2021-03-08,True,6,Lincoln Park
5235,30,TRAFFIC SIGNAL,FUNCTIONING PROPERLY,CLEAR,"DARKNESS, LIGHTED ROAD",PEDALCYCLIST,ONE-WAY,STRAIGHT AND LEVEL,DRY,NO DEFECTS,Y,IMPROPER TURNING/NO SIGNAL,UNABLE TO DETERMINE,,NONINCAPACITATING INJURY,20,3,41.8793733209,-87.6294976364,2021,30,POINT (-87.6294976364 41.8793733209),,,,,2021-03-08,False,31,Loop
5236,30,TRAFFIC SIGNAL,FUNCTIONING PROPERLY,CLEAR,DAYLIGHT,PEDALCYCLIST,FOUR WAY,STRAIGHT AND LEVEL,DRY,NO DEFECTS,Y,UNABLE TO DETERMINE,UNABLE TO DETERMINE,,NONINCAPACITATING INJURY,14,3,41.9388756913,-87.7516267534,2021,30,POINT (-87.7516267534 41.9388756913),,,,,2021-03-09,False,14,Portage Park
5237,15,NO CONTROLS,NO CONTROLS,CLEAR,DAYLIGHT,PEDALCYCLIST,ALLEY,STRAIGHT AND LEVEL,DRY,NO DEFECTS,,FOLLOWING TOO CLOSELY,NOT APPLICABLE,,NONINCAPACITATING INJURY,16,3,41.9920262437,-87.6780488354,2021,15,POINT (-87.6780488354 41.9920262437),,,,,2021-03-09,False,1,West Ridge
5238,30,TRAFFIC SIGNAL,FUNCTIONING PROPERLY,CLEAR,DARKNESS,PEDALCYCLIST,NOT DIVIDED,STRAIGHT AND LEVEL,DRY,NO DEFECTS,,IMPROPER LANE USAGE,IMPROPER OVERTAKING/PASSING,,NONINCAPACITATING INJURY,19,3,41.8691766697,-87.626019153,2021,30,POINT (-87.626019153 41.8691766697),,,,,2021-03-09,False,31,Loop
5239,30,STOP SIGN/FLASHER,FUNCTIONING PROPERLY,CLEAR,DAYLIGHT,PEDALCYCLIST,NOT DIVIDED,STRAIGHT AND LEVEL,DRY,NO DEFECTS,Y,FAILING TO REDUCE SPEED TO AVOID CRASH,DISREGARDING STOP SIGN,,NONINCAPACITATING INJURY,15,3,41.8209542355,-87.6849090896,2021,30,POINT (-87.6849090896 41.8209542355),,,,,2021-03-10,False,57,Brighton Park
5241,30,STOP SIGN/FLASHER,FUNCTIONING PROPERLY,CLEAR,DAYLIGHT,PEDALCYCLIST,NOT DIVIDED,STRAIGHT AND LEVEL,UNKNOWN,UNKNOWN,Y,IMPROPER OVERTAKING/PASSING,UNABLE TO DETERMINE,,NONINCAPACITATING INJURY,13,3,41.9491449537,-87.6545341825,2021,30,POINT (-87.6545341825 41.9491449537),,,,,2021-03-11,False,5,Lake View
5242,30,TRAFFIC SIGNAL,FUNCTIONING PROPERLY,CLEAR,"DARKNESS, LIGHTED ROAD",PEDALCYCLIST,T-INTERSECTION,STRAIGHT AND LEVEL,DRY,NO DEFECTS,Y,FAILING TO YIELD RIGHT-OF-WAY,UNABLE TO DETERMINE,,NONINCAPACITATING INJURY,17,3,41.8379986288,-87.6413511761,2021,30,POINT (-87.6413511761 41.8379986288),,,,,2021-03-11,False,30,Lower West Side
5243,10,NO CONTROLS,NO CONTROLS,CLEAR,DAYLIGHT,PEDALCYCLIST,ALLEY,STRAIGHT AND LEVEL,DRY,NO DEFECTS,,UNABLE TO DETERMINE,NOT APPLICABLE,,NO INDICATION OF INJURY,11,3,41.9375735236,-87.7150313917,2021,10,POINT (-87.7150313917 41.9375735236),,,,,2021-03-13,False,20,Avondale
5244,30,NO CONTROLS,NO CONTROLS,CLEAR,DAYLIGHT,PEDALCYCLIST,NOT DIVIDED,STRAIGHT AND LEVEL,DRY,NO DEFECTS,,UNABLE TO DETERMINE,NOT APPLICABLE,Y,NONINCAPACITATING INJURY,14,3,41.9132301289,-87.682097794,2021,30,POINT (-87.682097794 41.9132301289),,,,,2021-03-13,False,6,Lincoln Park
5245,30,STOP SIGN/FLASHER,FUNCTIONING PROPERLY,CLEAR,DAYLIGHT,PEDALCYCLIST,FOUR WAY,STRAIGHT AND LEVEL,DRY,NO DEFECTS,,UNABLE TO DETERMINE,UNABLE TO DETERMINE,,NONINCAPACITATING INJURY,14,3,41.9689549575,-87.6724386005,2021,30,POINT (-87.6724386005 41.9689549575),,,,,2021-03-13,False,2,Uptown
5246,30,TRAFFIC SIGNAL,FUNCTIONING PROPERLY,CLEAR,DAYLIGHT,PEDALCYCLIST,NOT DIVIDED,STRAIGHT AND LEVEL,DRY,NO DEFECTS,Y,NOT APPLICABLE,NOT APPLICABLE,N,"REPORTED, NOT EVIDENT",15,3,41.8802612545,-87.7551249799,2021,30,POINT (-87.7551249799 41.8802612545),,,,,2021-03-13,False,24,Austin
5247,30,TRAFFIC SIGNAL,FUNCTIONING PROPERLY,CLEAR,"DARKNESS, LIGHTED ROAD",PEDALCYCLIST,Y-INTERSECTION,STRAIGHT AND LEVEL,DRY,NO DEFECTS,,DISREGARDING TRAFFIC SIGNALS,UNABLE TO DETERMINE,,INCAPACITATING INJURY,23,3,41.8830998098,-87.6337883384,2021,30,POINT (-87.6337883384 41.8830998098),,,,,2021-03-13,True,31,Loop
5248,25,STOP SIGN/FLASHER,FUNCTIONING PROPERLY,CLEAR,DAYLIGHT,PEDALCYCLIST,FOUR WAY,STRAIGHT AND LEVEL,DRY,NO DEFECTS,Y,FAILING TO YIELD RIGHT-OF-WAY,UNABLE TO DETERMINE,,NONINCAPACITATING INJURY,13,3,41.9532581695,-87.7695120274,2021,25,POINT (-87.7695120274 41.9532581695),,,,,2021-03-16,False,14,Portage Park
5249,30,TRAFFIC SIGNAL,FUNCTIONING PROPERLY,CLOUDY/OVERCAST,DAYLIGHT,PEDALCYCLIST,NOT DIVIDED,STRAIGHT AND LEVEL,UNKNOWN,UNKNOWN,,IMPROPER OVERTAKING/PASSING,UNABLE TO DETERMINE,,"REPORTED, NOT EVIDENT",12,3,41.9547836138,-87.6689164251,2021,30,POINT (-87.6689164251 41.9547836138),,,,,2021-03-17,False,2,Uptown
5250,30,NO CONTROLS,NO CONTROLS,CLEAR,DAYLIGHT,PEDALCYCLIST,NOT DIVIDED,STRAIGHT AND LEVEL,UNKNOWN,UNKNOWN,,UNABLE TO DETERMINE,UNABLE TO DETERMINE,,NO INDICATION OF INJURY,15,3,41.9316681852,-87.7447411234,2021,30,POINT (-87.7447411234 41.9316681852),,,,,2021-03-19,False,18,Belmont Cragin
5251,30,NO CONTROLS,NO CONTROLS,CLEAR,DAYLIGHT,PEDALCYCLIST,DIVIDED - W/MEDIAN (NOT RAISED),STRAIGHT AND LEVEL,DRY,NO DEFECTS,,UNABLE TO DETERMINE,UNABLE TO DETERMINE,N,NONINCAPACITATING INJURY,16,3,41.8943325031,-87.6526802116,2021,30,POINT (-87.6526802116 41.8943325031),,,,,2021-03-19,False,7,Near North Side
5252,25,STOP SIGN/FLASHER,FUNCTIONING PROPERLY,CLEAR,DAYLIGHT,PEDALCYCLIST,ONE-WAY,STRAIGHT AND LEVEL,DRY,NO DEFECTS,,UNABLE TO DETERMINE,NOT APPLICABLE,,NONINCAPACITATING INJURY,13,3,41.9488417534,-87.7522505149,2021,25,POINT (-87.7522505149 41.9488417534),,,,,2021-03-20,False,14,Portage Park
5253,30,TRAFFIC SIGNAL,FUNCTIONING PROPERLY,CLEAR,DUSK,PEDALCYCLIST,NOT DIVIDED,STRAIGHT AND LEVEL,DRY,NO DEFECTS,,UNABLE TO DETERMINE,UNABLE TO DETERMINE,,NO INDICATION OF INJURY,15,3,41.7993472203,-87.5967173736,2021,30,POINT (-87.5967173736 41.7993472203),,,,,2021-03-20,False,40,Hyde Park
5254,20,STOP SIGN/FLASHER,FUNCTIONING PROPERLY,CLEAR,DAYLIGHT,PEDALCYCLIST,ONE-WAY,STRAIGHT AND LEVEL,DRY,NO DEFECTS,,FAILING TO REDUCE SPEED TO AVOID CRASH,FAILING TO REDUCE SPEED TO AVOID CRASH,,INCAPACITATING INJURY,16,3,41.7589927618,-87.5603778108,2021,20,POINT (-87.5603778108 41.7589927618),,,,,2021-03-20,True,42,South Shore
5255,30,TRAFFIC SIGNAL,FUNCTIONING PROPERLY,CLEAR,DAYLIGHT,PEDALCYCLIST,DIVIDED - W/MEDIAN BARRIER,STRAIGHT AND LEVEL,DRY,NO DEFECTS,,UNABLE TO DETERMINE,NOT APPLICABLE,,NO INDICATION OF INJURY,18,3,41.7215869636,-87.6628397063,2021,30,POINT (-87.6628397063 41.7215869636),,,,,2021-03-20,False,71,Beverly
5256,30,TRAFFIC SIGNAL,FUNCTIONING PROPERLY,CLEAR,DAYLIGHT,PEDALCYCLIST,DIVIDED - W/MEDIAN (NOT RAISED),STRAIGHT AND LEVEL,DRY,NO DEFECTS,Y,FAILING TO YIELD RIGHT-OF-WAY,NOT APPLICABLE,,NONINCAPACITATING INJURY,13,3,41.9655235084,-87.657390798,2021,30,POINT (-87.657390798 41.9655235084),,,,,2021-03-21,False,2,Uptown