Unnamed: 0,POSTED_SPEED_LIMIT,TRAFFIC_CONTROL_DEVICE,DEVICE_CONDITION,WEATHER_CONDITION,LIGHTING_CONDITION,FIRST_CRASH_TYPE,TRAFFICWAY_TYPE,ALIGNMENT,ROADWAY_SURFACE_COND,ROAD_DEFECT,INTERSECTION_RELATED_I,PRIM_CONTRIBUTORY_CAUSE,SEC_CONTRIBUTORY_CAUSE,DOORING_I,MOST_SEVERE_INJURY,CRASH_HOUR,CRASH_MONTH,LATITUDE,LONGITUDE,CRASH_YEAR,SPEED_LIMIT,geometry,DISPLAYROU,the_geom,DIST,LANE_TYPE,CRASH_DATE,is_severe,index_right,CArea
5257,15,NO CONTROLS,NO CONTROLS,CLEAR,"DARKNESS, LIGHTED ROAD",PEDALCYCLIST,ONE-WAY,STRAIGHT AND LEVEL,DRY,UNKNOWN,,UNABLE TO DETERMINE,UNABLE TO DETERMINE,,NO INDICATION OF INJURY,20,3,42.0018634022,-87.6816129172,2021,15,POINT (-87.6816129172 42.0018634022),,,,,2021-03-21,False,0,Rogers Park
5258,30,NO CONTROLS,NO CONTROLS,CLEAR,DAYLIGHT,PEDALCYCLIST,NOT DIVIDED,STRAIGHT AND LEVEL,DRY,NO DEFECTS,,FAILING TO YIELD RIGHT-OF-WAY,NOT APPLICABLE,,"REPORTED, NOT EVIDENT",15,3,42.0193174425,-87.6773423153,2021,30,POINT (-87.6773423153 42.0193174425),,,,,2021-03-22,False,0,Rogers Park
5259,30,TRAFFIC SIGNAL,FUNCTIONING PROPERLY,CLEAR,"DARKNESS, LIGHTED ROAD",PEDALCYCLIST,T-INTERSECTION,STRAIGHT AND LEVEL,DRY,NO DEFECTS,Y,FAILING TO YIELD RIGHT-OF-WAY,IMPROPER OVERTAKING/PASSING,N,NO INDICATION OF INJURY,19,3,41.9026498459,-87.6970196797,2021,30,POINT (-87.6970196797 41.9026498459),,,,,2021-03-22,False,22,Humboldt Park
5260,30,TRAFFIC SIGNAL,FUNCTIONING PROPERLY,CLEAR,DAYLIGHT,PEDALCYCLIST,NOT DIVIDED,STRAIGHT AND LEVEL,DRY,NO DEFECTS,,IMPROPER OVERTAKING/PASSING,NOT APPLICABLE,,NO INDICATION OF INJURY,12,3,41.8947895089,-87.637274552,2021,30,POINT (-87.637274552 41.8947895089),,,,,2021-03-23,False,7,Near North Side
5261,15,NO CONTROLS,NO CONTROLS,RAIN,DAYLIGHT,PEDALCYCLIST,ALLEY,STRAIGHT AND LEVEL,WET,NO DEFECTS,,FAILING TO YIELD RIGHT-OF-WAY,UNABLE TO DETERMINE,,NO INDICATION OF INJURY,16,3,41.8813944445,-87.6483735245,2021,15,POINT (-87.6483735245 41.8813944445),,,,,2021-03-23,False,27,Near West Side
5262,2,TRAFFIC SIGNAL,FUNCTIONING PROPERLY,RAIN,"DARKNESS, LIGHTED ROAD",PEDALCYCLIST,FOUR WAY,STRAIGHT AND LEVEL,WET,UNKNOWN,Y,FAILING TO YIELD RIGHT-OF-WAY,NOT APPLICABLE,,"REPORTED, NOT EVIDENT",19,3,41.917041992,-87.7461760946,2021,2,POINT (-87.7461760946 41.917041992),,,,,2021-03-23,False,18,Belmont Cragin
5263,35,TRAFFIC SIGNAL,FUNCTIONING PROPERLY,CLEAR,DAYLIGHT,PEDALCYCLIST,Y-INTERSECTION,STRAIGHT AND LEVEL,DRY,NO DEFECTS,Y,DISREGARDING TRAFFIC SIGNALS,NOT APPLICABLE,,NO INDICATION OF INJURY,8,3,41.8997102447,-87.6610079177,2021,35,POINT (-87.6610079177 41.8997102447),,,,,2021-03-24,False,23,West Town
5264,30,STOP SIGN/FLASHER,NO CONTROLS,CLEAR,DAYLIGHT,PEDALCYCLIST,FOUR WAY,STRAIGHT AND LEVEL,DRY,NO DEFECTS,Y,UNABLE TO DETERMINE,UNABLE TO DETERMINE,N,NONINCAPACITATING INJURY,14,3,41.8239885811,-87.6135636581,2021,30,POINT (-87.6135636581 41.8239885811),,,,,2021-03-24,False,34,Douglas
5265,30,TRAFFIC SIGNAL,FUNCTIONING PROPERLY,CLOUDY/OVERCAST,DAYLIGHT,PEDALCYCLIST,"FIVE POINT, OR MORE",STRAIGHT AND LEVEL,DRY,NO DEFECTS,Y,IMPROPER LANE USAGE,NOT APPLICABLE,,NONINCAPACITATING INJURY,17,3,41.9381425492,-87.6493622538,2021,30,POINT (-87.6493622538 41.9381425492),,,,,2021-03-24,False,5,Lake View
5266,30,NO CONTROLS,NO CONTROLS,RAIN,"DARKNESS, LIGHTED ROAD",PEDALCYCLIST,NOT DIVIDED,STRAIGHT AND LEVEL,WET,UNKNOWN,,WEATHER,NOT APPLICABLE,,NO INDICATION OF INJURY,21,3,41.9968131338,-87.6761461943,2021,30,POINT (-87.6761461943 41.9968131338),,,,,2021-03-25,False,1,West Ridge
5267,35,NO CONTROLS,NO CONTROLS,CLEAR,DAYLIGHT,PEDALCYCLIST,NOT DIVIDED,STRAIGHT AND LEVEL,DRY,NO DEFECTS,,UNABLE TO DETERMINE,UNABLE TO DETERMINE,,NONINCAPACITATING INJURY,8,3,41.9171731028,-87.7345710007,2021,35,POINT (-87.7345710007 41.9171731028),,,,,2021-03-27,False,19,Hermosa
5268,30,NO CONTROLS,NO CONTROLS,CLEAR,DAYLIGHT,PEDALCYCLIST,NOT DIVIDED,STRAIGHT AND LEVEL,DRY,NO DEFECTS,,FAILING TO YIELD RIGHT-OF-WAY,NOT APPLICABLE,,NONINCAPACITATING INJURY,12,3,41.9066573772,-87.6718711243,2021,30,POINT (-87.6718711243 41.9066573772),,,,,2021-03-27,False,23,West Town
5269,30,NO CONTROLS,FUNCTIONING PROPERLY,CLOUDY/OVERCAST,DAYLIGHT,PEDALCYCLIST,DIVIDED - W/MEDIAN (NOT RAISED),STRAIGHT AND LEVEL,DRY,NO DEFECTS,,FAILING TO YIELD RIGHT-OF-WAY,FAILING TO YIELD RIGHT-OF-WAY,N,NONINCAPACITATING INJURY,16,3,41.8537970516,-87.6326169136,2021,30,POINT (-87.6326169136 41.8537970516),,,,,2021-03-27,False,32,Near South Side
5270,30,TRAFFIC SIGNAL,FUNCTIONING PROPERLY,CLEAR,DAYLIGHT,PEDALCYCLIST,NOT DIVIDED,STRAIGHT AND LEVEL,DRY,NO DEFECTS,Y,FAILING TO YIELD RIGHT-OF-WAY,UNABLE TO DETERMINE,,NO INDICATION OF INJURY,2,3,41.8844126972,-87.6243023993,2021,30,POINT (-87.6243023993 41.8844126972),,,,,2021-03-28,False,31,Loop
5271,25,NO CONTROLS,NO CONTROLS,CLEAR,DAYLIGHT,PEDALCYCLIST,ONE-WAY,STRAIGHT ON GRADE,DRY,NO DEFECTS,,UNABLE TO DETERMINE,UNABLE TO DETERMINE,,NO INDICATION OF INJURY,16,3,41.9619536314,-87.6460768099,2021,25,POINT (-87.6460768099 41.9619536314),,,,,2021-03-28,False,2,Uptown
5272,30,TRAFFIC SIGNAL,UNKNOWN,CLEAR,"DARKNESS, LIGHTED ROAD",PEDALCYCLIST,NOT DIVIDED,STRAIGHT AND LEVEL,DRY,UNKNOWN,Y,FAILING TO YIELD RIGHT-OF-WAY,NOT APPLICABLE,N,NO INDICATION OF INJURY,21,3,41.8022206334,-87.60655293,2021,30,POINT (-87.60655293 41.8022206334),,,,,2021-03-28,False,37,Grand Boulevard
5273,30,STOP SIGN/FLASHER,NO CONTROLS,CLEAR,"DARKNESS, LIGHTED ROAD",PEDALCYCLIST,T-INTERSECTION,STRAIGHT AND LEVEL,DRY,NO DEFECTS,Y,"VISION OBSCURED (SIGNS, TREE LIMBS, BUILDINGS, ETC.)",NOT APPLICABLE,,NONINCAPACITATING INJURY,21,3,41.7936876937,-87.657437142,2021,30,POINT (-87.657437142 41.7936876937),,,,,2021-03-28,False,66,Englewood
5274,30,TRAFFIC SIGNAL,FUNCTIONING PROPERLY,CLEAR,DAYLIGHT,PEDALCYCLIST,DIVIDED - W/MEDIAN (NOT RAISED),STRAIGHT AND LEVEL,WET,NO DEFECTS,Y,DISREGARDING TRAFFIC SIGNALS,UNABLE TO DETERMINE,,NO INDICATION OF INJURY,14,3,41.8819243655,-87.7062965045,2021,30,POINT (-87.7062965045 41.8819243655),,,,,2021-03-29,False,26,Garfield Park
5275,30,TRAFFIC SIGNAL,FUNCTIONING PROPERLY,CLEAR,"DARKNESS, LIGHTED ROAD",PEDALCYCLIST,NOT DIVIDED,STRAIGHT AND LEVEL,DRY,NO DEFECTS,,BICYCLE ADVANCING LEGALLY ON RED LIGHT,NOT APPLICABLE,Y,NO INDICATION OF INJURY,19,3,41.8949793011,-87.6340106706,2021,30,POINT (-87.6340106706 41.8949793011),,,,,2021-03-29,False,7,Near North Side
5276,30,NO CONTROLS,NO CONTROLS,CLEAR,DAYLIGHT,PEDALCYCLIST,ALLEY,STRAIGHT AND LEVEL,DRY,NO DEFECTS,,DRIVING SKILLS/KNOWLEDGE/EXPERIENCE,NOT APPLICABLE,,NONINCAPACITATING INJURY,13,3,41.9111754014,-87.6675582448,2021,30,POINT (-87.6675582448 41.9111754014),,,,,2021-03-30,False,6,Lincoln Park
5277,30,NO CONTROLS,NO CONTROLS,CLEAR,DAYLIGHT,PEDALCYCLIST,DIVIDED - W/MEDIAN (NOT RAISED),STRAIGHT AND LEVEL,DRY,NO DEFECTS,,UNABLE TO DETERMINE,NOT APPLICABLE,,NONINCAPACITATING INJURY,15,3,41.7961547556,-87.6502135017,2021,30,POINT (-87.6502135017 41.7961547556),,,,,2021-03-30,False,60,New City
5278,15,NO CONTROLS,NO CONTROLS,CLEAR,DAYLIGHT,PEDALCYCLIST,NOT DIVIDED,STRAIGHT AND LEVEL,DRY,NO DEFECTS,,"OPERATING VEHICLE IN ERRATIC, RECKLESS, CARELESS, NEGLIGENT OR AGGRESSIVE MANNER",FAILING TO REDUCE SPEED TO AVOID CRASH,,INCAPACITATING INJURY,18,3,41.8007051839,-87.7203727484,2021,15,POINT (-87.7203727484 41.8007051839),,,,,2021-03-30,True,56,Archer Heights
5279,30,TRAFFIC SIGNAL,FUNCTIONING PROPERLY,CLEAR,DAYLIGHT,PEDALCYCLIST,FOUR WAY,STRAIGHT AND LEVEL,DRY,NO DEFECTS,Y,FAILING TO YIELD RIGHT-OF-WAY,IMPROPER TURNING/NO SIGNAL,,NONINCAPACITATING INJURY,8,3,41.8784440505,-87.6205179576,2021,30,POINT (-87.6205179576 41.8784440505),,,,,2021-03-31,False,31,Loop
5280,15,NO CONTROLS,NO CONTROLS,CLEAR,DAYLIGHT,PEDALCYCLIST,ONE-WAY,STRAIGHT AND LEVEL,DRY,DEBRIS ON ROADWAY,,ROAD CONSTRUCTION/MAINTENANCE,"VISION OBSCURED (SIGNS, TREE LIMBS, BUILDINGS, ETC.)",,NONINCAPACITATING INJURY,9,3,41.9556193214,-87.7252845196,2021,15,POINT (-87.7252845196 41.9556193214),,,,,2021-03-31,False,15,Irving Park
5281,30,NO CONTROLS,NO CONTROLS,CLEAR,DAYLIGHT,PEDALCYCLIST,NOT DIVIDED,STRAIGHT AND LEVEL,DRY,NO DEFECTS,,FAILING TO YIELD RIGHT-OF-WAY,NOT APPLICABLE,Y,NONINCAPACITATING INJURY,10,3,41.9642578729,-87.6666712224,2021,30,POINT (-87.6666712224 41.9642578729),,,,,2021-03-31,False,2,Uptown
5282,30,UNKNOWN,UNKNOWN,UNKNOWN,DAYLIGHT,PEDALCYCLIST,DIVIDED - W/MEDIAN (NOT RAISED),STRAIGHT AND LEVEL,UNKNOWN,UNKNOWN,,FOLLOWING TOO CLOSELY,FOLLOWING TOO CLOSELY,N,NO INDICATION OF INJURY,14,4,41.9610084382,-87.7139594062,2021,30,POINT (-87.7139594062 41.9610084382),,,,,2021-04-01,False,13,Albany Park
5283,30,NO CONTROLS,NO CONTROLS,CLEAR,DAYLIGHT,PEDALCYCLIST,DRIVEWAY,STRAIGHT AND LEVEL,DRY,NO DEFECTS,,"DISTRACTION - OTHER ELECTRONIC DEVICE (NAVIGATION DEVICE, DVD PLAYER, ETC.)",UNABLE TO DETERMINE,,INCAPACITATING INJURY,10,4,41.9466348119,-87.7156503733,2021,30,POINT (-87.7156503733 41.9466348119),,,,,2021-04-02,True,15,Irving Park
5284,30,NO CONTROLS,NO CONTROLS,CLEAR,DAYLIGHT,PEDALCYCLIST,DIVIDED - W/MEDIAN BARRIER,STRAIGHT AND LEVEL,DRY,NO DEFECTS,,DRIVING ON WRONG SIDE/WRONG WAY,UNABLE TO DETERMINE,,NO INDICATION OF INJURY,12,4,41.9303007659,-87.6681782287,2021,30,POINT (-87.6681782287 41.9303007659),,,,,2021-04-02,False,6,Lincoln Park
5285,25,STOP SIGN/FLASHER,FUNCTIONING PROPERLY,CLEAR,DAYLIGHT,PEDALCYCLIST,NOT DIVIDED,STRAIGHT AND LEVEL,DRY,NO DEFECTS,Y,UNABLE TO DETERMINE,UNABLE TO DETERMINE,,NONINCAPACITATING INJURY,12,4,42.0013197764,-87.6654634735,2021,25,POINT (-87.6654634735 42.0013197764),,,,,2021-04-02,False,0,Rogers Park
5286,30,STOP SIGN/FLASHER,FUNCTIONING PROPERLY,CLEAR,DAYLIGHT,PEDALCYCLIST,T-INTERSECTION,STRAIGHT AND LEVEL,DRY,NO DEFECTS,Y,DISREGARDING STOP SIGN,UNABLE TO DETERMINE,,NONINCAPACITATING INJURY,17,4,41.9734396269,-87.6764777128,2021,30,POINT (-87.6764777128 41.9734396269),,,,,2021-04-02,False,3,Lincoln Square
5287,35,TRAFFIC SIGNAL,FUNCTIONING PROPERLY,CLEAR,DAYLIGHT,PEDALCYCLIST,NOT DIVIDED,STRAIGHT AND LEVEL,DRY,NO DEFECTS,,UNABLE TO DETERMINE,NOT APPLICABLE,,NONINCAPACITATING INJURY,9,4,41.8083936148,-87.6770560591,2021,35,POINT (-87.6770560591 41.8083936148),,,,,2021-04-03,False,60,New City
5288,30,NO CONTROLS,NO CONTROLS,CLEAR,DAYLIGHT,PEDALCYCLIST,DIVIDED - W/MEDIAN (NOT RAISED),STRAIGHT AND LEVEL,DRY,NO DEFECTS,Y,FAILING TO YIELD RIGHT-OF-WAY,UNABLE TO DETERMINE,,NONINCAPACITATING INJURY,12,4,41.9087863572,-87.6774014128,2021,30,POINT (-87.6774014128 41.9087863572),,,,,2021-04-03,False,23,West Town
5289,30,NO CONTROLS,NO CONTROLS,CLEAR,DAYLIGHT,PEDALCYCLIST,NOT DIVIDED,STRAIGHT AND LEVEL,DRY,NO DEFECTS,,UNABLE TO DETERMINE,UNABLE TO DETERMINE,,NONINCAPACITATING INJURY,13,4,41.9654436003,-87.713123855,2021,30,POINT (-87.713123855 41.9654436003),,,,,2021-04-03,False,13,Albany Park
5290,30,STOP SIGN/FLASHER,FUNCTIONING PROPERLY,CLEAR,DAYLIGHT,PEDALCYCLIST,NOT DIVIDED,STRAIGHT AND LEVEL,DRY,UNKNOWN,Y,FAILING TO YIELD RIGHT-OF-WAY,DRIVING SKILLS/KNOWLEDGE/EXPERIENCE,,NONINCAPACITATING INJURY,15,4,41.8379714813,-87.6488504815,2021,30,POINT (-87.6488504815 41.8379714813),,,,,2021-04-03,False,30,Lower West Side
5291,30,TRAFFIC SIGNAL,FUNCTIONING PROPERLY,CLEAR,"DARKNESS, LIGHTED ROAD",PEDALCYCLIST,FOUR WAY,STRAIGHT AND LEVEL,DRY,NO DEFECTS,Y,FAILING TO YIELD RIGHT-OF-WAY,IMPROPER TURNING/NO SIGNAL,,"REPORTED, NOT EVIDENT",19,4,41.7861593262,-87.7031998594,2021,30,POINT (-87.7031998594 41.7861593262),,,,,2021-04-03,False,62,Gage Park
5292,30,STOP SIGN/FLASHER,FUNCTIONING PROPERLY,CLEAR,"DARKNESS, LIGHTED ROAD",PEDALCYCLIST,NOT DIVIDED,STRAIGHT AND LEVEL,DRY,NO DEFECTS,Y,FAILING TO YIELD RIGHT-OF-WAY,NOT APPLICABLE,,INCAPACITATING INJURY,22,4,41.9283063137,-87.7219254597,2021,30,POINT (-87.7219254597 41.9283063137),,,,,2021-04-03,True,21,Logan Square
5293,30,TRAFFIC SIGNAL,UNKNOWN,CLEAR,DAYLIGHT,PEDALCYCLIST,NOT DIVIDED,STRAIGHT AND LEVEL,DRY,DEBRIS ON ROADWAY,Y,DISREGARDING TRAFFIC SIGNALS,DISREGARDING OTHER TRAFFIC SIGNS,,NONINCAPACITATING INJURY,6,4,41.8382693814,-87.6220742317,2021,30,POINT (-87.6220742317 41.8382693814),,,,,2021-04-04,False,34,Douglas
5294,30,TRAFFIC SIGNAL,FUNCTIONING PROPERLY,CLEAR,DAYLIGHT,PEDALCYCLIST,DIVIDED - W/MEDIAN (NOT RAISED),STRAIGHT AND LEVEL,DRY,NO DEFECTS,Y,DISREGARDING TRAFFIC SIGNALS,DISREGARDING OTHER TRAFFIC SIGNS,,NO INDICATION OF INJURY,10,4,41.9400010764,-87.6542558592,2021,30,POINT (-87.6542558592 41.9400010764),,,,,2021-04-04,False,5,Lake View
5295,10,NO CONTROLS,NO CONTROLS,CLEAR,DAYLIGHT,PEDALCYCLIST,OTHER,STRAIGHT AND LEVEL,DRY,NO DEFECTS,,DRIVING ON WRONG SIDE/WRONG WAY,NOT APPLICABLE,,INCAPACITATING INJURY,18,4,41.9386838923,-87.6379785637,2021,10,POINT (-87.6379785637 41.9386838923),,,,,2021-04-06,True,5,Lake View
5296,30,TRAFFIC SIGNAL,FUNCTIONING PROPERLY,CLEAR,DAYLIGHT,PEDALCYCLIST,FOUR WAY,STRAIGHT AND LEVEL,DRY,NO DEFECTS,Y,"VISION OBSCURED (SIGNS, TREE LIMBS, BUILDINGS, ETC.)",FAILING TO YIELD RIGHT-OF-WAY,,NONINCAPACITATING INJURY,16,4,41.9123442167,-87.6776539387,2021,30,POINT (-87.6776539387 41.9123442167),,,,,2021-04-07,False,6,Lincoln Park
5297,30,NO CONTROLS,NO CONTROLS,CLEAR,DAYLIGHT,PEDALCYCLIST,ONE-WAY,STRAIGHT AND LEVEL,DRY,NO DEFECTS,,DRIVING ON WRONG SIDE/WRONG WAY,FAILING TO REDUCE SPEED TO AVOID CRASH,,NONINCAPACITATING INJURY,16,4,41.8779277061,-87.6554562756,2021,30,POINT (-87.6554562756 41.8779277061),,,,,2021-04-07,False,27,Near West Side
5298,35,NO CONTROLS,NO CONTROLS,CLEAR,DAYLIGHT,PEDALCYCLIST,DIVIDED - W/MEDIAN BARRIER,STRAIGHT AND LEVEL,DRY,NO DEFECTS,Y,NOT APPLICABLE,NOT APPLICABLE,,NONINCAPACITATING INJURY,16,4,41.7211378678,-87.6760711796,2021,35,POINT (-87.6760711796 41.7211378678),,,,,2021-04-07,False,71,Beverly
5299,30,UNKNOWN,UNKNOWN,CLEAR,DAYLIGHT,PEDALCYCLIST,NOT DIVIDED,STRAIGHT AND LEVEL,DRY,NO DEFECTS,,UNABLE TO DETERMINE,NOT APPLICABLE,,NONINCAPACITATING INJURY,17,4,41.8589063509,-87.7114866933,2021,30,POINT (-87.7114866933 41.8589063509),,,,,2021-04-07,False,28,North Lawndale
5300,30,TRAFFIC SIGNAL,FUNCTIONING PROPERLY,CLEAR,DAYLIGHT,PEDALCYCLIST,NOT DIVIDED,STRAIGHT AND LEVEL,DRY,NO DEFECTS,,"OPERATING VEHICLE IN ERRATIC, RECKLESS, CARELESS, NEGLIGENT OR AGGRESSIVE MANNER",NOT APPLICABLE,,NONINCAPACITATING INJURY,18,4,41.9655391849,-87.6548598419,2021,30,POINT (-87.6548598419 41.9655391849),,,,,2021-04-07,False,2,Uptown
5301,30,TRAFFIC SIGNAL,FUNCTIONING PROPERLY,CLEAR,DUSK,PEDALCYCLIST,FOUR WAY,STRAIGHT AND LEVEL,DRY,NO DEFECTS,,UNABLE TO DETERMINE,NOT APPLICABLE,,NO INDICATION OF INJURY,19,4,41.9004639808,-87.6298070636,2021,30,POINT (-87.6298070636 41.9004639808),,,,,2021-04-07,False,7,Near North Side
5302,30,STOP SIGN/FLASHER,FUNCTIONING PROPERLY,CLEAR,"DARKNESS, LIGHTED ROAD",PEDALCYCLIST,NOT DIVIDED,STRAIGHT AND LEVEL,DRY,NO DEFECTS,Y,FAILING TO YIELD RIGHT-OF-WAY,"OPERATING VEHICLE IN ERRATIC, RECKLESS, CARELESS, NEGLIGENT OR AGGRESSIVE MANNER",,NONINCAPACITATING INJURY,19,4,41.76328158,-87.6438496013,2021,30,POINT (-87.6438496013 41.76328158),,,,,2021-04-07,False,67,Englewood
5303,35,NO CONTROLS,NO CONTROLS,CLEAR,"DARKNESS, LIGHTED ROAD",PEDALCYCLIST,NOT DIVIDED,STRAIGHT AND LEVEL,DRY,NO DEFECTS,,UNABLE TO DETERMINE,NOT APPLICABLE,Y,NO INDICATION OF INJURY,20,4,41.9182026322,-87.6541770911,2021,35,POINT (-87.6541770911 41.9182026322),,,,,2021-04-07,False,6,Lincoln Park
5304,25,UNKNOWN,UNKNOWN,RAIN,DAWN,PEDALCYCLIST,NOT DIVIDED,STRAIGHT AND LEVEL,WET,UNKNOWN,,NOT APPLICABLE,NOT APPLICABLE,,NONINCAPACITATING INJURY,16,4,41.911653752,-87.648145785,2021,25,POINT (-87.648145785 41.911653752),,,,,2021-04-08,False,6,Lincoln Park
5305,30,TRAFFIC SIGNAL,FUNCTIONING PROPERLY,RAIN,DAYLIGHT,PEDALCYCLIST,DIVIDED - W/MEDIAN BARRIER,STRAIGHT AND LEVEL,WET,NO DEFECTS,,UNABLE TO DETERMINE,UNABLE TO DETERMINE,,NONINCAPACITATING INJURY,16,4,41.7514606032,-87.585971993,2021,30,POINT (-87.585971993 41.7514606032),,,,,2021-04-08,False,44,Avalon Park
5306,30,TRAFFIC SIGNAL,FUNCTIONING PROPERLY,CLEAR,DAYLIGHT,PEDALCYCLIST,DIVIDED - W/MEDIAN (NOT RAISED),STRAIGHT AND LEVEL,DRY,NO DEFECTS,,UNABLE TO DETERMINE,NOT APPLICABLE,,"REPORTED, NOT EVIDENT",12,4,41.8933131019,-87.6673578188,2021,30,POINT (-87.6673578188 41.8933131019),,,,,2021-04-09,False,23,West Town
5307,30,STOP SIGN/FLASHER,FUNCTIONING PROPERLY,CLEAR,DAYLIGHT,PEDALCYCLIST,T-INTERSECTION,STRAIGHT AND LEVEL,DRY,NO DEFECTS,Y,UNABLE TO DETERMINE,UNABLE TO DETERMINE,,NONINCAPACITATING INJURY,13,4,41.9686234686,-87.7011688212,2021,30,POINT (-87.7011688212 41.9686234686),,,,,2021-04-09,False,3,Lincoln Square
5308,30,TRAFFIC SIGNAL,FUNCTIONING PROPERLY,CLEAR,DAYLIGHT,PEDALCYCLIST,DIVIDED - W/MEDIAN (NOT RAISED),STRAIGHT AND LEVEL,WET,WORN SURFACE,Y,IMPROPER LANE USAGE,NOT APPLICABLE,,NONINCAPACITATING INJURY,13,4,41.9103556266,-87.6785624943,2021,30,POINT (-87.6785624943 41.9103556266),,,,,2021-04-09,False,23,West Town
5309,15,NO CONTROLS,NO CONTROLS,CLEAR,"DARKNESS, LIGHTED ROAD",PEDALCYCLIST,PARKING LOT,STRAIGHT AND LEVEL,DRY,NO DEFECTS,,UNABLE TO DETERMINE,UNABLE TO DETERMINE,,NONINCAPACITATING INJURY,20,4,41.946538983,-87.7020848861,2021,15,POINT (-87.7020848861 41.946538983),,,,,2021-04-09,False,15,Irving Park
5310,30,NO CONTROLS,NO CONTROLS,CLEAR,"DARKNESS, LIGHTED ROAD",PEDALCYCLIST,ONE-WAY,STRAIGHT AND LEVEL,DRY,NO DEFECTS,,DRIVING ON WRONG SIDE/WRONG WAY,UNABLE TO DETERMINE,,NONINCAPACITATING INJURY,20,4,41.9016655206,-87.6917728992,2021,30,POINT (-87.6917728992 41.9016655206),,,,,2021-04-09,False,22,Humboldt Park
5311,30,TRAFFIC SIGNAL,FUNCTIONING PROPERLY,UNKNOWN,"DARKNESS, LIGHTED ROAD",PEDALCYCLIST,T-INTERSECTION,"CURVE, LEVEL",UNKNOWN,UNKNOWN,,UNABLE TO DETERMINE,UNABLE TO DETERMINE,,"REPORTED, NOT EVIDENT",21,4,41.9249971208,-87.6754645753,2021,30,POINT (-87.6754645753 41.9249971208),,,,,2021-04-10,False,6,Lincoln Park
5312,30,TRAFFIC SIGNAL,FUNCTIONING PROPERLY,RAIN,"DARKNESS, LIGHTED ROAD",PEDALCYCLIST,"FIVE POINT, OR MORE",STRAIGHT AND LEVEL,WET,UNKNOWN,Y,FAILING TO YIELD RIGHT-OF-WAY,"VISION OBSCURED (SIGNS, TREE LIMBS, BUILDINGS, ETC.)",,NONINCAPACITATING INJURY,23,4,41.932287183,-87.6879500934,2021,30,POINT (-87.6879500934 41.932287183),,,,,2021-04-10,False,4,North Center
5313,30,NO CONTROLS,NO CONTROLS,RAIN,"DARKNESS, LIGHTED ROAD",PEDALCYCLIST,OTHER,STRAIGHT AND LEVEL,WET,UNKNOWN,,FAILING TO REDUCE SPEED TO AVOID CRASH,WEATHER,,INCAPACITATING INJURY,23,4,41.9813611665,-87.7093486566,2021,30,POINT (-87.7093486566 41.9813611665),,,,,2021-04-10,True,12,North Park
5314,30,NO CONTROLS,NO CONTROLS,CLEAR,"DARKNESS, LIGHTED ROAD",PEDALCYCLIST,ALLEY,STRAIGHT AND LEVEL,DRY,NO DEFECTS,,UNABLE TO DETERMINE,NOT APPLICABLE,,NO INDICATION OF INJURY,23,4,41.9813479326,-87.708966093,2021,30,POINT (-87.708966093 41.9813479326),,,,,2021-04-10,False,12,North Park
5315,30,UNKNOWN,UNKNOWN,CLEAR,"DARKNESS, LIGHTED ROAD",PEDALCYCLIST,DIVIDED - W/MEDIAN (NOT RAISED),STRAIGHT AND LEVEL,UNKNOWN,NO DEFECTS,,FOLLOWING TOO CLOSELY,NOT APPLICABLE,,NO INDICATION OF INJURY,1,4,41.9106227822,-87.677606896,2021,30,POINT (-87.677606896 41.9106227822),,,,,2021-04-11,False,23,West Town
5316,30,STOP SIGN/FLASHER,FUNCTIONING PROPERLY,CLEAR,DAYLIGHT,PEDALCYCLIST,FOUR WAY,STRAIGHT AND LEVEL,DRY,NO DEFECTS,,FAILING TO YIELD RIGHT-OF-WAY,FAILING TO YIELD RIGHT-OF-WAY,,NO INDICATION OF INJURY,18,4,41.9948170432,-87.7143427683,2021,30,POINT (-87.7143427683 41.9948170432),,,,,2021-04-11,False,12,North Park
5317,30,NO CONTROLS,NO CONTROLS,CLEAR,DAYLIGHT,PEDALCYCLIST,NOT DIVIDED,STRAIGHT AND LEVEL,DRY,NO DEFECTS,,IMPROPER LANE USAGE,NOT APPLICABLE,,NO INDICATION OF INJURY,16,4,41.915434056,-87.6777161303,2021,30,POINT (-87.6777161303 41.915434056),,,,,2021-04-12,False,6,Lincoln Park
5318,30,TRAFFIC SIGNAL,UNKNOWN,CLEAR,DAYLIGHT,PEDALCYCLIST,NOT DIVIDED,STRAIGHT AND LEVEL,DRY,UNKNOWN,Y,FAILING TO REDUCE SPEED TO AVOID CRASH,NOT APPLICABLE,,NONINCAPACITATING INJURY,17,4,41.9280146613,-87.7269871746,2021,30,POINT (-87.7269871746 41.9280146613),,,,,2021-04-12,False,19,Hermosa
5319,30,STOP SIGN/FLASHER,FUNCTIONING PROPERLY,CLEAR,DAYLIGHT,PEDALCYCLIST,NOT DIVIDED,STRAIGHT AND LEVEL,DRY,NO DEFECTS,Y,FAILING TO YIELD RIGHT-OF-WAY,FAILING TO YIELD RIGHT-OF-WAY,,NONINCAPACITATING INJURY,17,4,41.9468927988,-87.8071213187,2021,30,POINT (-87.8071213187 41.9468927988),,,,,2021-04-12,False,16,Dunning
5321,35,NO CONTROLS,NO CONTROLS,CLEAR,DAYLIGHT,PEDALCYCLIST,NOT DIVIDED,STRAIGHT AND LEVEL,DRY,NO DEFECTS,,UNABLE TO DETERMINE,NOT APPLICABLE,Y,NONINCAPACITATING INJURY,17,4,41.9315787362,-87.7513860724,2021,35,POINT (-87.7513860724 41.9315787362),,,,,2021-04-13,False,18,Belmont Cragin