Unnamed: 0,POSTED_SPEED_LIMIT,TRAFFIC_CONTROL_DEVICE,DEVICE_CONDITION,WEATHER_CONDITION,LIGHTING_CONDITION,FIRST_CRASH_TYPE,TRAFFICWAY_TYPE,ALIGNMENT,ROADWAY_SURFACE_COND,ROAD_DEFECT,INTERSECTION_RELATED_I,PRIM_CONTRIBUTORY_CAUSE,SEC_CONTRIBUTORY_CAUSE,DOORING_I,MOST_SEVERE_INJURY,CRASH_HOUR,CRASH_MONTH,LATITUDE,LONGITUDE,CRASH_YEAR,SPEED_LIMIT,geometry,DISPLAYROU,the_geom,DIST,LANE_TYPE,CRASH_DATE,is_severe,index_right,CArea
5322,30,NO CONTROLS,NO CONTROLS,CLEAR,DAYLIGHT,PEDALCYCLIST,DIVIDED - W/MEDIAN (NOT RAISED),STRAIGHT ON GRADE,DRY,NO DEFECTS,,NOT APPLICABLE,NOT APPLICABLE,,"REPORTED, NOT EVIDENT",8,4,41.9409677183,-87.6639960157,2021,30,POINT (-87.6639960157 41.9409677183),,,,,2021-04-14,False,5,Lake View
5323,30,TRAFFIC SIGNAL,FUNCTIONING PROPERLY,CLEAR,DAYLIGHT,PEDALCYCLIST,NOT DIVIDED,STRAIGHT AND LEVEL,DRY,NO DEFECTS,,NOT APPLICABLE,NOT APPLICABLE,,NO INDICATION OF INJURY,15,4,41.7493390001,-87.7220520909,2021,30,POINT (-87.7220520909 41.7493390001),,,,,2021-04-15,False,69,Ashburn
5324,30,NO CONTROLS,NO CONTROLS,CLEAR,DAYLIGHT,PEDALCYCLIST,DIVIDED - W/MEDIAN (NOT RAISED),STRAIGHT AND LEVEL,DRY,NO DEFECTS,N,DRIVING SKILLS/KNOWLEDGE/EXPERIENCE,NOT APPLICABLE,,NONINCAPACITATING INJURY,16,4,41.969173571,-87.6566884433,2021,30,POINT (-87.6566884433 41.969173571),,,,,2021-04-15,False,2,Uptown
5325,30,NO CONTROLS,NO CONTROLS,CLEAR,"DARKNESS, LIGHTED ROAD",PEDALCYCLIST,NOT DIVIDED,STRAIGHT AND LEVEL,DRY,NO DEFECTS,Y,UNABLE TO DETERMINE,NOT APPLICABLE,,NONINCAPACITATING INJURY,22,4,41.8798068447,-87.7257858233,2021,30,POINT (-87.7257858233 41.8798068447),,,,,2021-04-15,False,25,Garfield Park
5326,30,TRAFFIC SIGNAL,FUNCTIONING PROPERLY,CLEAR,DAYLIGHT,PEDALCYCLIST,NOT DIVIDED,STRAIGHT AND LEVEL,DRY,NO DEFECTS,,UNABLE TO DETERMINE,UNABLE TO DETERMINE,,NO INDICATION OF INJURY,8,4,41.9243182251,-87.7440147013,2021,30,POINT (-87.7440147013 41.9243182251),,,,,2021-04-16,False,18,Belmont Cragin
5327,25,NO CONTROLS,NO CONTROLS,CLEAR,DAYLIGHT,PEDALCYCLIST,ONE-WAY,STRAIGHT AND LEVEL,DRY,NO DEFECTS,,DRIVING ON WRONG SIDE/WRONG WAY,"VISION OBSCURED (SIGNS, TREE LIMBS, BUILDINGS, ETC.)",,NO INDICATION OF INJURY,8,4,41.8976656439,-87.631124328,2021,25,POINT (-87.631124328 41.8976656439),,,,,2021-04-16,False,7,Near North Side
5328,30,TRAFFIC SIGNAL,FUNCTIONING PROPERLY,CLEAR,DAYLIGHT,PEDALCYCLIST,ONE-WAY,STRAIGHT AND LEVEL,DRY,NO DEFECTS,Y,DISREGARDING TRAFFIC SIGNALS,NOT APPLICABLE,,"REPORTED, NOT EVIDENT",12,4,41.8832368952,-87.6413816159,2021,30,POINT (-87.6413816159 41.8832368952),,,,,2021-04-16,False,27,Near West Side
5329,30,TRAFFIC SIGNAL,FUNCTIONING PROPERLY,CLEAR,DAYLIGHT,PEDALCYCLIST,NOT DIVIDED,STRAIGHT AND LEVEL,DRY,NO DEFECTS,Y,FAILING TO YIELD RIGHT-OF-WAY,UNABLE TO DETERMINE,,NONINCAPACITATING INJURY,17,4,41.9162353375,-87.6678377721,2021,30,POINT (-87.6678377721 41.9162353375),,,,,2021-04-16,False,6,Lincoln Park
5330,30,TRAFFIC SIGNAL,UNKNOWN,CLEAR,DAYLIGHT,PEDALCYCLIST,FOUR WAY,STRAIGHT AND LEVEL,DRY,NO DEFECTS,,UNABLE TO DETERMINE,NOT APPLICABLE,,NO INDICATION OF INJURY,18,4,41.9224734787,-87.6485085351,2021,30,POINT (-87.6485085351 41.9224734787),,,,,2021-04-16,False,6,Lincoln Park
5331,30,TRAFFIC SIGNAL,FUNCTIONING PROPERLY,CLEAR,DAYLIGHT,PEDALCYCLIST,NOT DIVIDED,STRAIGHT AND LEVEL,DRY,NO DEFECTS,,UNABLE TO DETERMINE,UNABLE TO DETERMINE,Y,INCAPACITATING INJURY,19,4,41.8736984557,-87.7011582497,2021,30,POINT (-87.7011582497 41.8736984557),,,,,2021-04-16,True,26,Garfield Park
5332,30,NO CONTROLS,NO CONTROLS,CLEAR,"DARKNESS, LIGHTED ROAD",PEDALCYCLIST,NOT DIVIDED,STRAIGHT AND LEVEL,DRY,NO DEFECTS,,FAILING TO YIELD RIGHT-OF-WAY,UNABLE TO DETERMINE,,INCAPACITATING INJURY,0,4,41.8754795162,-87.7061157709,2021,30,POINT (-87.7061157709 41.8754795162),,,,,2021-04-17,True,26,Garfield Park
5333,35,TRAFFIC SIGNAL,FUNCTIONING PROPERLY,CLEAR,DAYLIGHT,PEDALCYCLIST,FOUR WAY,STRAIGHT AND LEVEL,DRY,NO DEFECTS,Y,FAILING TO YIELD RIGHT-OF-WAY,NOT APPLICABLE,,NO INDICATION OF INJURY,12,4,41.9617007713,-87.6661237237,2021,35,POINT (-87.6661237237 41.9617007713),,,,,2021-04-17,False,2,Uptown
5334,25,NO CONTROLS,NO CONTROLS,CLEAR,DAYLIGHT,PEDALCYCLIST,NOT DIVIDED,STRAIGHT AND LEVEL,DRY,NO DEFECTS,,UNABLE TO DETERMINE,NOT APPLICABLE,,NONINCAPACITATING INJURY,14,4,41.9604263695,-87.7628185013,2021,25,POINT (-87.7628185013 41.9604263695),,,,,2021-04-17,False,14,Portage Park
5335,30,TRAFFIC SIGNAL,FUNCTIONING PROPERLY,CLEAR,DAYLIGHT,PEDALCYCLIST,NOT DIVIDED,STRAIGHT AND LEVEL,DRY,NO DEFECTS,Y,DISREGARDING TRAFFIC SIGNALS,NOT APPLICABLE,,NO INDICATION OF INJURY,14,4,41.8656758724,-87.6259435313,2021,30,POINT (-87.6259435313 41.8656758724),,,,,2021-04-17,False,32,Near South Side
5336,30,NO CONTROLS,NO CONTROLS,CLEAR,DAYLIGHT,PEDALCYCLIST,DIVIDED - W/MEDIAN (NOT RAISED),STRAIGHT AND LEVEL,DRY,NO DEFECTS,,UNABLE TO DETERMINE,NOT APPLICABLE,Y,NONINCAPACITATING INJURY,16,4,41.928386635,-87.715384108,2021,30,POINT (-87.715384108 41.928386635),,,,,2021-04-17,False,21,Logan Square
5337,30,TRAFFIC SIGNAL,FUNCTIONING PROPERLY,CLEAR,DAYLIGHT,PEDALCYCLIST,NOT DIVIDED,STRAIGHT AND LEVEL,DRY,NO DEFECTS,,UNABLE TO DETERMINE,UNABLE TO DETERMINE,,INCAPACITATING INJURY,13,4,41.7569668999,-87.5762476242,2021,30,POINT (-87.5762476242 41.7569668999),,,,,2021-04-18,True,42,South Shore
5338,20,NO CONTROLS,NO CONTROLS,CLEAR,"DARKNESS, LIGHTED ROAD",PEDALCYCLIST,NOT DIVIDED,STRAIGHT AND LEVEL,DRY,NO DEFECTS,,UNABLE TO DETERMINE,NOT APPLICABLE,Y,INCAPACITATING INJURY,19,4,41.9306231082,-87.6440113349,2021,20,POINT (-87.6440113349 41.9306231082),,,,,2021-04-18,True,6,Lincoln Park
5339,30,TRAFFIC SIGNAL,FUNCTIONING PROPERLY,CLEAR,"DARKNESS, LIGHTED ROAD",PEDALCYCLIST,DIVIDED - W/MEDIAN (NOT RAISED),STRAIGHT AND LEVEL,DRY,NO DEFECTS,,NOT APPLICABLE,NOT APPLICABLE,,INCAPACITATING INJURY,21,4,41.9102509232,-87.7070236502,2021,30,POINT (-87.7070236502 41.9102509232),,,,,2021-04-18,True,22,Humboldt Park
5340,30,TRAFFIC SIGNAL,FUNCTIONING PROPERLY,CLEAR,DAYLIGHT,PEDALCYCLIST,DIVIDED - W/MEDIAN (NOT RAISED),STRAIGHT AND LEVEL,DRY,UNKNOWN,,UNABLE TO DETERMINE,UNABLE TO DETERMINE,,NO INDICATION OF INJURY,15,4,41.9777952657,-87.6893717826,2021,30,POINT (-87.6893717826 41.9777952657),,,,,2021-04-20,False,3,Lincoln Square
5341,15,NO CONTROLS,NO CONTROLS,UNKNOWN,DAYLIGHT,PEDALCYCLIST,ONE-WAY,STRAIGHT AND LEVEL,UNKNOWN,UNKNOWN,,UNABLE TO DETERMINE,UNABLE TO DETERMINE,Y,NONINCAPACITATING INJURY,17,4,41.9665284532,-87.6517185639,2021,15,POINT (-87.6517185639 41.9665284532),,,,,2021-04-20,False,2,Uptown
5342,35,STOP SIGN/FLASHER,FUNCTIONING PROPERLY,CLEAR,DAYLIGHT,PEDALCYCLIST,DIVIDED - W/MEDIAN BARRIER,STRAIGHT AND LEVEL,DRY,NO DEFECTS,Y,UNABLE TO DETERMINE,UNABLE TO DETERMINE,,NO INDICATION OF INJURY,17,4,41.7979498001,-87.5873943985,2021,35,POINT (-87.5873943985 41.7979498001),,,,,2021-04-20,False,40,Hyde Park
5343,10,NO CONTROLS,NO CONTROLS,CLEAR,DAYLIGHT,PEDALCYCLIST,ALLEY,STRAIGHT AND LEVEL,DRY,NO DEFECTS,,UNABLE TO DETERMINE,UNABLE TO DETERMINE,,NO INDICATION OF INJURY,13,4,41.9409794179,-87.7306318923,2021,10,POINT (-87.7306318923 41.9409794179),,,,,2021-04-21,False,15,Irving Park
5344,30,STOP SIGN/FLASHER,NO CONTROLS,CLEAR,DAWN,PEDALCYCLIST,DIVIDED - W/MEDIAN (NOT RAISED),STRAIGHT AND LEVEL,DRY,NO DEFECTS,,IMPROPER TURNING/NO SIGNAL,UNABLE TO DETERMINE,,NO INDICATION OF INJURY,19,4,41.7875915807,-87.5867727538,2021,30,POINT (-87.5867727538 41.7875915807),,,,,2021-04-21,False,40,Hyde Park
5345,30,NO CONTROLS,NO CONTROLS,CLEAR,DAYLIGHT,PEDALCYCLIST,NOT DIVIDED,STRAIGHT AND LEVEL,DRY,NO DEFECTS,,UNABLE TO DETERMINE,UNABLE TO DETERMINE,,NONINCAPACITATING INJURY,13,4,41.7974097101,-87.587110177,2021,30,POINT (-87.587110177 41.7974097101),,,,,2021-04-22,False,40,Hyde Park
5346,30,TRAFFIC SIGNAL,FUNCTIONING PROPERLY,CLEAR,DAYLIGHT,PEDALCYCLIST,DIVIDED - W/MEDIAN (NOT RAISED),STRAIGHT AND LEVEL,DRY,NO DEFECTS,,UNABLE TO DETERMINE,UNABLE TO DETERMINE,,NONINCAPACITATING INJURY,16,4,41.9543238379,-87.6743208369,2021,30,POINT (-87.6743208369 41.9543238379),,,,,2021-04-22,False,4,North Center
5347,30,NO CONTROLS,NO CONTROLS,CLEAR,DAYLIGHT,PEDALCYCLIST,NOT DIVIDED,STRAIGHT AND LEVEL,DRY,NO DEFECTS,,FAILING TO YIELD RIGHT-OF-WAY,UNABLE TO DETERMINE,,NONINCAPACITATING INJURY,17,4,41.9612962773,-87.7083106684,2021,30,POINT (-87.7083106684 41.9612962773),,,,,2021-04-22,False,13,Albany Park
5348,30,TRAFFIC SIGNAL,FUNCTIONING PROPERLY,CLEAR,DAYLIGHT,PEDALCYCLIST,UNKNOWN INTERSECTION TYPE,STRAIGHT AND LEVEL,DRY,NO DEFECTS,Y,DISREGARDING TRAFFIC SIGNALS,NOT APPLICABLE,,NO INDICATION OF INJURY,10,4,41.9237185431,-87.6488467473,2021,30,POINT (-87.6488467473 41.9237185431),,,,,2021-04-23,False,6,Lincoln Park
5349,30,NO CONTROLS,NO CONTROLS,CLEAR,DAYLIGHT,PEDALCYCLIST,Y-INTERSECTION,STRAIGHT AND LEVEL,DRY,NO DEFECTS,Y,FAILING TO YIELD RIGHT-OF-WAY,NOT APPLICABLE,,NO INDICATION OF INJURY,13,4,41.9533137408,-87.649580014,2021,30,POINT (-87.649580014 41.9533137408),,,,,2021-04-23,False,5,Lake View
5350,30,STOP SIGN/FLASHER,FUNCTIONING PROPERLY,CLEAR,DAYLIGHT,PEDALCYCLIST,Y-INTERSECTION,STRAIGHT AND LEVEL,DRY,NO DEFECTS,Y,FAILING TO REDUCE SPEED TO AVOID CRASH,FOLLOWING TOO CLOSELY,,NONINCAPACITATING INJURY,15,4,41.8087269238,-87.6648283703,2021,30,POINT (-87.6648283703 41.8087269238),,,,,2021-04-23,False,60,New City
5351,30,NO CONTROLS,NO CONTROLS,CLEAR,DAYLIGHT,PEDALCYCLIST,NOT DIVIDED,STRAIGHT AND LEVEL,DRY,NO DEFECTS,,DISTRACTION - FROM INSIDE VEHICLE,NOT APPLICABLE,Y,NONINCAPACITATING INJURY,16,4,41.9691879003,-87.6790502458,2021,30,POINT (-87.6790502458 41.9691879003),,,,,2021-04-24,False,3,Lincoln Square
5352,30,STOP SIGN/FLASHER,NO CONTROLS,CLEAR,DAYLIGHT,PEDALCYCLIST,NOT DIVIDED,STRAIGHT AND LEVEL,DRY,NO DEFECTS,,FAILING TO YIELD RIGHT-OF-WAY,UNABLE TO DETERMINE,,NONINCAPACITATING INJURY,19,4,41.9237685296,-87.702431982,2021,30,POINT (-87.702431982 41.9237685296),,,,,2021-04-24,False,21,Logan Square
5353,30,TRAFFIC SIGNAL,FUNCTIONING PROPERLY,CLEAR,"DARKNESS, LIGHTED ROAD",PEDALCYCLIST,NOT DIVIDED,STRAIGHT AND LEVEL,DRY,NO DEFECTS,Y,UNABLE TO DETERMINE,UNABLE TO DETERMINE,,NO INDICATION OF INJURY,21,4,41.9124146118,-87.677632778,2021,30,POINT (-87.677632778 41.9124146118),,,,,2021-04-24,False,6,Lincoln Park
5354,25,STOP SIGN/FLASHER,FUNCTIONING PROPERLY,CLEAR,DAYLIGHT,PEDALCYCLIST,ONE-WAY,STRAIGHT AND LEVEL,DRY,UNKNOWN,Y,FAILING TO YIELD RIGHT-OF-WAY,NOT APPLICABLE,,NONINCAPACITATING INJURY,15,4,41.7900616526,-87.6877421157,2021,25,POINT (-87.6877421157 41.7900616526),,,,,2021-04-26,False,62,Gage Park
5355,30,TRAFFIC SIGNAL,FUNCTIONING PROPERLY,CLEAR,DAYLIGHT,PEDALCYCLIST,ONE-WAY,STRAIGHT AND LEVEL,DRY,NO DEFECTS,Y,FAILING TO YIELD RIGHT-OF-WAY,NOT APPLICABLE,,NO INDICATION OF INJURY,17,4,41.923580442,-87.8008853125,2021,30,POINT (-87.8008853125 41.923580442),,,,,2021-04-26,False,17,Montclare
5356,30,STOP SIGN/FLASHER,FUNCTIONING PROPERLY,CLEAR,DAYLIGHT,PEDALCYCLIST,T-INTERSECTION,STRAIGHT AND LEVEL,DRY,NO DEFECTS,Y,FAILING TO YIELD RIGHT-OF-WAY,FOLLOWING TOO CLOSELY,,NONINCAPACITATING INJURY,17,4,41.940978783,-87.7029191035,2021,30,POINT (-87.7029191035 41.940978783),,,,,2021-04-26,False,15,Irving Park
5357,30,TRAFFIC SIGNAL,FUNCTIONING PROPERLY,CLEAR,"DARKNESS, LIGHTED ROAD",PEDALCYCLIST,FOUR WAY,STRAIGHT AND LEVEL,DRY,NO DEFECTS,Y,UNABLE TO DETERMINE,UNABLE TO DETERMINE,,NONINCAPACITATING INJURY,19,4,41.7691905032,-87.6299240958,2021,30,POINT (-87.6299240958 41.7691905032),,,,,2021-04-26,False,67,Englewood
5358,25,NO CONTROLS,NO CONTROLS,CLEAR,DAYLIGHT,PEDALCYCLIST,OTHER,STRAIGHT AND LEVEL,DRY,NO DEFECTS,,"VISION OBSCURED (SIGNS, TREE LIMBS, BUILDINGS, ETC.)",UNABLE TO DETERMINE,,NONINCAPACITATING INJURY,10,4,41.9342165276,-87.6618433958,2021,25,POINT (-87.6618433958 41.9342165276),,,,,2021-04-27,False,5,Lake View
5360,30,STOP SIGN/FLASHER,FUNCTIONING PROPERLY,CLEAR,DAYLIGHT,PEDALCYCLIST,FOUR WAY,STRAIGHT AND LEVEL,DRY,NO DEFECTS,Y,DISREGARDING STOP SIGN,NOT APPLICABLE,,NONINCAPACITATING INJURY,11,4,41.7927800362,-87.6241840004,2021,30,POINT (-87.6241840004 41.7927800362),,,,,2021-04-27,False,39,Washington Park
5361,35,STOP SIGN/FLASHER,FUNCTIONING PROPERLY,CLEAR,DAYLIGHT,PEDALCYCLIST,DIVIDED - W/MEDIAN (NOT RAISED),STRAIGHT AND LEVEL,DRY,NO DEFECTS,Y,FAILING TO YIELD RIGHT-OF-WAY,NOT APPLICABLE,,NONINCAPACITATING INJURY,13,4,41.9691956453,-87.6563666998,2021,35,POINT (-87.6563666998 41.9691956453),,,,,2021-04-27,False,2,Uptown
5362,30,NO CONTROLS,NO CONTROLS,CLEAR,DAYLIGHT,PEDALCYCLIST,NOT DIVIDED,STRAIGHT AND LEVEL,UNKNOWN,UNKNOWN,,IMPROPER OVERTAKING/PASSING,IMPROPER LANE USAGE,,NONINCAPACITATING INJURY,16,4,41.9272988839,-87.6489738984,2021,30,POINT (-87.6489738984 41.9272988839),,,,,2021-04-27,False,6,Lincoln Park
5363,30,NO CONTROLS,NO CONTROLS,CLEAR,DAYLIGHT,PEDALCYCLIST,DIVIDED - W/MEDIAN (NOT RAISED),STRAIGHT AND LEVEL,DRY,NO DEFECTS,Y,UNABLE TO DETERMINE,UNABLE TO DETERMINE,,NONINCAPACITATING INJURY,17,4,41.9502685651,-87.830440437,2021,30,POINT (-87.830440437 41.9502685651),,,,,2021-04-27,False,16,Dunning
5364,30,BICYCLE CROSSING SIGN,FUNCTIONING PROPERLY,CLEAR,DAYLIGHT,PEDALCYCLIST,FOUR WAY,STRAIGHT AND LEVEL,DRY,NO DEFECTS,Y,DISREGARDING STOP SIGN,BICYCLE ADVANCING LEGALLY ON RED LIGHT,,NONINCAPACITATING INJURY,17,4,41.883281626,-87.6427737585,2021,30,POINT (-87.6427737585 41.883281626),,,,,2021-04-27,False,27,Near West Side
5365,30,NO CONTROLS,NO CONTROLS,CLEAR,DAYLIGHT,PEDALCYCLIST,DIVIDED - W/MEDIAN (NOT RAISED),STRAIGHT AND LEVEL,DRY,NO DEFECTS,,"VISION OBSCURED (SIGNS, TREE LIMBS, BUILDINGS, ETC.)",UNABLE TO DETERMINE,,NONINCAPACITATING INJURY,18,4,41.9377295724,-87.6488586365,2021,30,POINT (-87.6488586365 41.9377295724),,,,,2021-04-27,False,5,Lake View
5366,25,TRAFFIC SIGNAL,FUNCTIONING PROPERLY,CLEAR,"DARKNESS, LIGHTED ROAD",PEDALCYCLIST,NOT DIVIDED,STRAIGHT AND LEVEL,DRY,NO DEFECTS,,UNABLE TO DETERMINE,NOT APPLICABLE,,NO INDICATION OF INJURY,22,4,41.9616193449,-87.673832674,2021,25,POINT (-87.673832674 41.9616193449),,,,,2021-04-27,False,2,Uptown
5367,30,NO CONTROLS,NO CONTROLS,CLEAR,DAYLIGHT,PEDALCYCLIST,NOT DIVIDED,STRAIGHT AND LEVEL,DRY,NO DEFECTS,Y,UNABLE TO DETERMINE,UNABLE TO DETERMINE,,"REPORTED, NOT EVIDENT",7,4,41.8954208026,-87.7089229455,2021,30,POINT (-87.7089229455 41.8954208026),,,,,2021-04-28,False,22,Humboldt Park
5368,30,NO CONTROLS,NO CONTROLS,CLEAR,DAYLIGHT,PEDALCYCLIST,NOT DIVIDED,STRAIGHT AND LEVEL,DRY,UNKNOWN,,DISREGARDING ROAD MARKINGS,UNABLE TO DETERMINE,,NO INDICATION OF INJURY,12,4,41.8735201676,-87.7106393683,2021,30,POINT (-87.7106393683 41.8735201676),,,,,2021-04-28,False,26,Garfield Park
5369,30,NO CONTROLS,NO CONTROLS,CLEAR,DAYLIGHT,PEDALCYCLIST,ONE-WAY,STRAIGHT AND LEVEL,DRY,NO DEFECTS,,UNABLE TO DETERMINE,NOT APPLICABLE,,NO INDICATION OF INJURY,13,4,41.8805922059,-87.6442305176,2021,30,POINT (-87.6442305176 41.8805922059),,,,,2021-04-28,False,27,Near West Side
5370,30,TRAFFIC SIGNAL,FUNCTIONING PROPERLY,RAIN,DAYLIGHT,PEDALCYCLIST,NOT DIVIDED,STRAIGHT AND LEVEL,WET,NO DEFECTS,Y,FAILING TO REDUCE SPEED TO AVOID CRASH,NOT APPLICABLE,,NONINCAPACITATING INJURY,13,4,41.8716945376,-87.6663860412,2021,30,POINT (-87.6663860412 41.8716945376),,,,,2021-04-28,False,27,Near West Side
5371,30,TRAFFIC SIGNAL,UNKNOWN,RAIN,DAYLIGHT,PEDALCYCLIST,NOT DIVIDED,STRAIGHT AND LEVEL,WET,UNKNOWN,Y,FAILING TO YIELD RIGHT-OF-WAY,FAILING TO YIELD RIGHT-OF-WAY,,"REPORTED, NOT EVIDENT",16,4,41.8695859797,-87.6394180853,2021,30,POINT (-87.6394180853 41.8695859797),,,,,2021-04-28,False,27,Near West Side
5372,30,NO CONTROLS,NO CONTROLS,RAIN,DAYLIGHT,PEDALCYCLIST,DIVIDED - W/MEDIAN BARRIER,STRAIGHT AND LEVEL,WET,NO DEFECTS,,UNABLE TO DETERMINE,NOT APPLICABLE,,NONINCAPACITATING INJURY,17,4,41.8452837407,-87.6507388678,2021,30,POINT (-87.6507388678 41.8452837407),,,,,2021-04-28,False,30,Lower West Side
5373,30,TRAFFIC SIGNAL,FUNCTIONING PROPERLY,RAIN,DAYLIGHT,PEDALCYCLIST,DIVIDED - W/MEDIAN (NOT RAISED),STRAIGHT AND LEVEL,WET,NO DEFECTS,Y,DISREGARDING TRAFFIC SIGNALS,FAILING TO REDUCE SPEED TO AVOID CRASH,,NO INDICATION OF INJURY,8,4,41.9973552647,-87.7656139104,2021,30,POINT (-87.7656139104 41.9973552647),,,,,2021-04-29,False,10,Jefferson Park
5374,25,STOP SIGN/FLASHER,FUNCTIONING PROPERLY,RAIN,DAYLIGHT,PEDALCYCLIST,DIVIDED - W/MEDIAN (NOT RAISED),STRAIGHT AND LEVEL,WET,NO DEFECTS,,FAILING TO YIELD RIGHT-OF-WAY,NOT APPLICABLE,Y,INCAPACITATING INJURY,12,4,41.9414646145,-87.649462537,2021,25,POINT (-87.649462537 41.9414646145),,,,,2021-04-29,True,5,Lake View
5375,30,NO CONTROLS,NO CONTROLS,CLEAR,DAYLIGHT,PEDALCYCLIST,DIVIDED - W/MEDIAN (NOT RAISED),STRAIGHT AND LEVEL,DRY,NO DEFECTS,,FAILING TO YIELD RIGHT-OF-WAY,NOT APPLICABLE,,NONINCAPACITATING INJURY,16,4,41.7659483176,-87.6057396773,2021,30,POINT (-87.6057396773 41.7659483176),,,,,2021-04-29,False,41,Woodlawn
5376,30,TRAFFIC SIGNAL,FUNCTIONING PROPERLY,RAIN,DARKNESS,PEDALCYCLIST,FOUR WAY,STRAIGHT ON HILLCREST,WET,NO DEFECTS,Y,FAILING TO YIELD RIGHT-OF-WAY,FAILING TO YIELD RIGHT-OF-WAY,,NONINCAPACITATING INJURY,20,4,42.0052314857,-87.6803381316,2021,30,POINT (-87.6803381316 42.0052314857),,,,,2021-04-29,False,0,Rogers Park
5377,30,NO CONTROLS,NO CONTROLS,CLEAR,"DARKNESS, LIGHTED ROAD",PEDALCYCLIST,DIVIDED - W/MEDIAN BARRIER,STRAIGHT AND LEVEL,DRY,NO DEFECTS,Y,UNABLE TO DETERMINE,NOT APPLICABLE,,NONINCAPACITATING INJURY,22,4,41.8514761198,-87.7368523336,2021,30,POINT (-87.7368523336 41.8514761198),,,,,2021-04-29,False,28,North Lawndale
5378,20,NO CONTROLS,NO CONTROLS,CLEAR,DAYLIGHT,PEDALCYCLIST,DRIVEWAY,STRAIGHT AND LEVEL,DRY,NO DEFECTS,Y,FAILING TO YIELD RIGHT-OF-WAY,"VISION OBSCURED (SIGNS, TREE LIMBS, BUILDINGS, ETC.)",,NONINCAPACITATING INJURY,7,4,41.9546309264,-87.7964547017,2021,20,POINT (-87.7964547017 41.9546309264),,,,,2021-04-30,False,16,Dunning
5379,30,TRAFFIC SIGNAL,FUNCTIONING PROPERLY,CLEAR,DAYLIGHT,PEDALCYCLIST,DIVIDED - W/MEDIAN (NOT RAISED),STRAIGHT AND LEVEL,DRY,NO DEFECTS,Y,FAILING TO REDUCE SPEED TO AVOID CRASH,UNABLE TO DETERMINE,,NONINCAPACITATING INJURY,10,4,41.9310955968,-87.785544899,2021,30,POINT (-87.785544899 41.9310955968),,,,,2021-04-30,False,18,Belmont Cragin
5380,30,UNKNOWN,UNKNOWN,CLEAR,DAYLIGHT,PEDALCYCLIST,NOT DIVIDED,STRAIGHT AND LEVEL,UNKNOWN,UNKNOWN,,UNABLE TO DETERMINE,NOT APPLICABLE,Y,NONINCAPACITATING INJURY,14,4,41.9327152451,-87.6436713319,2021,30,POINT (-87.6436713319 41.9327152451),,,,,2021-04-30,False,5,Lake View
5381,20,NO CONTROLS,NO CONTROLS,CLEAR,DAYLIGHT,PEDALCYCLIST,ONE-WAY,STRAIGHT AND LEVEL,DRY,NO DEFECTS,,UNABLE TO DETERMINE,UNABLE TO DETERMINE,,NO INDICATION OF INJURY,16,4,41.7654513957,-87.6234412543,2021,20,POINT (-87.6234412543 41.7654513957),,,,,2021-04-30,False,68,Grand Crossing
5382,30,NO CONTROLS,NO CONTROLS,CLEAR,DAYLIGHT,PEDALCYCLIST,NOT DIVIDED,STRAIGHT AND LEVEL,DRY,UNKNOWN,,UNABLE TO DETERMINE,UNABLE TO DETERMINE,,NO INDICATION OF INJURY,17,4,41.8696378979,-87.6471095064,2021,30,POINT (-87.6471095064 41.8696378979),,,,,2021-04-30,False,27,Near West Side
5383,30,NO CONTROLS,NO CONTROLS,CLEAR,DAYLIGHT,PEDALCYCLIST,NOT DIVIDED,STRAIGHT AND LEVEL,DRY,NO DEFECTS,,FAILING TO YIELD RIGHT-OF-WAY,NOT APPLICABLE,Y,INCAPACITATING INJURY,17,4,41.8999269232,-87.6608879964,2021,30,POINT (-87.6608879964 41.8999269232),,,,,2021-04-30,True,23,West Town
5384,30,NO CONTROLS,NO CONTROLS,CLEAR,"DARKNESS, LIGHTED ROAD",PEDALCYCLIST,NOT DIVIDED,STRAIGHT AND LEVEL,DRY,NO DEFECTS,Y,UNABLE TO DETERMINE,UNABLE TO DETERMINE,,"REPORTED, NOT EVIDENT",22,4,41.903195593,-87.6699653117,2021,30,POINT (-87.6699653117 41.903195593),,,,,2021-04-30,False,23,West Town
5385,30,TRAFFIC SIGNAL,FUNCTIONING PROPERLY,CLEAR,"DARKNESS, LIGHTED ROAD",PEDALCYCLIST,DIVIDED - W/MEDIAN (NOT RAISED),STRAIGHT AND LEVEL,DRY,NO DEFECTS,Y,DISREGARDING TRAFFIC SIGNALS,DISREGARDING TRAFFIC SIGNALS,,NONINCAPACITATING INJURY,23,4,41.8808532275,-87.7108565701,2021,30,POINT (-87.7108565701 41.8808532275),,,,,2021-04-30,False,26,Garfield Park
5386,20,NO CONTROLS,NO CONTROLS,CLEAR,DAYLIGHT,PEDALCYCLIST,NOT DIVIDED,STRAIGHT AND LEVEL,DRY,NO DEFECTS,,NOT APPLICABLE,NOT APPLICABLE,Y,"REPORTED, NOT EVIDENT",14,5,41.9396623502,-87.6799840881,2021,20,POINT (-87.6799840881 41.9396623502),,,,,2021-05-01,False,4,North Center