Unnamed: 0,POSTED_SPEED_LIMIT,TRAFFIC_CONTROL_DEVICE,DEVICE_CONDITION,WEATHER_CONDITION,LIGHTING_CONDITION,FIRST_CRASH_TYPE,TRAFFICWAY_TYPE,ALIGNMENT,ROADWAY_SURFACE_COND,ROAD_DEFECT,INTERSECTION_RELATED_I,PRIM_CONTRIBUTORY_CAUSE,SEC_CONTRIBUTORY_CAUSE,DOORING_I,MOST_SEVERE_INJURY,CRASH_HOUR,CRASH_MONTH,LATITUDE,LONGITUDE,CRASH_YEAR,SPEED_LIMIT,geometry,DISPLAYROU,the_geom,DIST,LANE_TYPE,CRASH_DATE,is_severe,index_right,CArea
5387,30,TRAFFIC SIGNAL,FUNCTIONING PROPERLY,CLEAR,DAYLIGHT,PEDALCYCLIST,NOT DIVIDED,STRAIGHT AND LEVEL,DRY,NO DEFECTS,,FAILING TO YIELD RIGHT-OF-WAY,NOT APPLICABLE,,NO INDICATION OF INJURY,14,5,41.8779799354,-87.6470952035,2021,30,POINT (-87.6470952035 41.8779799354),,,,,2021-05-01,False,27,Near West Side
5388,30,TRAFFIC SIGNAL,FUNCTIONING PROPERLY,CLEAR,DAYLIGHT,PEDALCYCLIST,"FIVE POINT, OR MORE",STRAIGHT AND LEVEL,DRY,NO DEFECTS,,FAILING TO YIELD RIGHT-OF-WAY,NOT APPLICABLE,,NONINCAPACITATING INJURY,16,5,41.9343469334,-87.6614243456,2021,30,POINT (-87.6614243456 41.9343469334),,,,,2021-05-01,False,5,Lake View
5389,30,NO CONTROLS,NO CONTROLS,CLEAR,DAYLIGHT,PEDALCYCLIST,DIVIDED - W/MEDIAN (NOT RAISED),STRAIGHT AND LEVEL,DRY,UNKNOWN,,FOLLOWING TOO CLOSELY,NOT APPLICABLE,,NONINCAPACITATING INJURY,17,5,41.9070344812,-87.6677379022,2021,30,POINT (-87.6677379022 41.9070344812),,,,,2021-05-01,False,23,West Town
5390,30,NO CONTROLS,NO CONTROLS,CLEAR,DAYLIGHT,PEDALCYCLIST,NOT DIVIDED,STRAIGHT AND LEVEL,DRY,NO DEFECTS,,UNABLE TO DETERMINE,NOT APPLICABLE,,NONINCAPACITATING INJURY,17,5,41.891309881,-87.6255112398,2021,30,POINT (-87.6255112398 41.891309881),,,,,2021-05-01,False,7,Near North Side
5391,30,NO CONTROLS,NO CONTROLS,CLEAR,DAYLIGHT,PEDALCYCLIST,NOT DIVIDED,STRAIGHT AND LEVEL,DRY,NO DEFECTS,,NOT APPLICABLE,NOT APPLICABLE,,NO INDICATION OF INJURY,17,5,41.9031685623,-87.6716449507,2021,30,POINT (-87.6716449507 41.9031685623),,,,,2021-05-01,False,23,West Town
5392,20,TRAFFIC SIGNAL,FUNCTIONING PROPERLY,CLEAR,DAYLIGHT,PEDALCYCLIST,NOT DIVIDED,STRAIGHT AND LEVEL,DRY,NO DEFECTS,Y,UNABLE TO DETERMINE,NOT APPLICABLE,,"REPORTED, NOT EVIDENT",19,5,41.9470841968,-87.6701386511,2021,20,POINT (-87.6701386511 41.9470841968),,,,,2021-05-01,False,5,Lake View
5393,30,TRAFFIC SIGNAL,FUNCTIONING PROPERLY,CLEAR,"DARKNESS, LIGHTED ROAD",PEDALCYCLIST,ONE-WAY,STRAIGHT AND LEVEL,DRY,NO DEFECTS,Y,FAILING TO YIELD RIGHT-OF-WAY,NOT APPLICABLE,,NO INDICATION OF INJURY,20,5,41.9278859614,-87.7564079054,2021,30,POINT (-87.7564079054 41.9278859614),,,,,2021-05-01,False,18,Belmont Cragin
5394,30,TRAFFIC SIGNAL,FUNCTIONING PROPERLY,CLEAR,"DARKNESS, LIGHTED ROAD",PEDALCYCLIST,FOUR WAY,STRAIGHT AND LEVEL,DRY,NO DEFECTS,Y,FAILING TO YIELD RIGHT-OF-WAY,IMPROPER TURNING/NO SIGNAL,,NO INDICATION OF INJURY,0,5,41.9401085052,-87.6506341931,2021,30,POINT (-87.6506341931 41.9401085052),,,,,2021-05-02,False,5,Lake View
5395,30,TRAFFIC SIGNAL,FUNCTIONING PROPERLY,CLEAR,"DARKNESS, LIGHTED ROAD",PEDALCYCLIST,FOUR WAY,STRAIGHT AND LEVEL,DRY,NO DEFECTS,Y,UNABLE TO DETERMINE,UNABLE TO DETERMINE,,NONINCAPACITATING INJURY,0,5,41.8784057453,-87.6205392894,2021,30,POINT (-87.6205392894 41.8784057453),,,,,2021-05-02,False,31,Loop
5396,30,NO CONTROLS,NO CONTROLS,CLEAR,DAYLIGHT,PEDALCYCLIST,NOT DIVIDED,STRAIGHT AND LEVEL,DRY,NO DEFECTS,,FAILING TO YIELD RIGHT-OF-WAY,NOT APPLICABLE,,NO INDICATION OF INJURY,12,5,41.9323666915,-87.6449664412,2021,30,POINT (-87.6449664412 41.9323666915),,,,,2021-05-02,False,5,Lake View
5397,20,STOP SIGN/FLASHER,NO CONTROLS,CLEAR,DAYLIGHT,PEDALCYCLIST,T-INTERSECTION,STRAIGHT AND LEVEL,DRY,NO DEFECTS,Y,FAILING TO YIELD RIGHT-OF-WAY,NOT APPLICABLE,,NONINCAPACITATING INJURY,15,5,41.9764488867,-87.6612933913,2021,20,POINT (-87.6612933913 41.9764488867),,,,,2021-05-02,False,2,Uptown
5398,30,TRAFFIC SIGNAL,FUNCTIONING PROPERLY,CLEAR,DAYLIGHT,PEDALCYCLIST,DIVIDED - W/MEDIAN (NOT RAISED),STRAIGHT AND LEVEL,DRY,NO DEFECTS,,DISREGARDING OTHER TRAFFIC SIGNS,NOT APPLICABLE,,NONINCAPACITATING INJURY,15,5,41.9122721549,-87.6773586104,2021,30,POINT (-87.6773586104 41.9122721549),,,,,2021-05-02,False,6,Lincoln Park
5399,35,UNKNOWN,UNKNOWN,CLEAR,DAYLIGHT,PEDALCYCLIST,NOT DIVIDED,STRAIGHT AND LEVEL,DRY,NO DEFECTS,,UNABLE TO DETERMINE,NOT APPLICABLE,,INCAPACITATING INJURY,7,5,41.9449711776,-87.737054723,2021,35,POINT (-87.737054723 41.9449711776),,,,,2021-05-04,True,15,Irving Park
5400,30,TRAFFIC SIGNAL,FUNCTIONING PROPERLY,CLOUDY/OVERCAST,DAYLIGHT,PEDALCYCLIST,NOT DIVIDED,STRAIGHT AND LEVEL,WET,NO DEFECTS,,NOT APPLICABLE,NOT APPLICABLE,N,NO INDICATION OF INJURY,8,5,41.8912018975,-87.6478526276,2021,30,POINT (-87.6478526276 41.8912018975),,,,,2021-05-04,False,7,Near North Side
5401,20,NO CONTROLS,NO CONTROLS,CLEAR,DAYLIGHT,PEDALCYCLIST,ONE-WAY,STRAIGHT AND LEVEL,DRY,NO DEFECTS,,FAILING TO YIELD RIGHT-OF-WAY,NOT APPLICABLE,Y,NONINCAPACITATING INJURY,10,5,41.889159347,-87.6428018543,2021,20,POINT (-87.6428018543 41.889159347),,,,,2021-05-04,False,7,Near North Side
5402,30,NO CONTROLS,NO CONTROLS,CLEAR,DAYLIGHT,PEDALCYCLIST,NOT DIVIDED,STRAIGHT AND LEVEL,DRY,NO DEFECTS,,FAILING TO YIELD RIGHT-OF-WAY,NOT APPLICABLE,Y,NO INDICATION OF INJURY,12,5,41.903156154,-87.6724223195,2021,30,POINT (-87.6724223195 41.903156154),,,,,2021-05-04,False,23,West Town
5403,30,NO CONTROLS,NO CONTROLS,RAIN,DAYLIGHT,PEDALCYCLIST,NOT DIVIDED,STRAIGHT AND LEVEL,WET,NO DEFECTS,,UNABLE TO DETERMINE,UNABLE TO DETERMINE,,NO INDICATION OF INJURY,19,5,41.7044767054,-87.5366407148,2021,30,POINT (-87.5366407148 41.7044767054),,,,,2021-05-04,False,51,East Side
5404,30,NO CONTROLS,FUNCTIONING PROPERLY,CLEAR,DAYLIGHT,PEDALCYCLIST,DIVIDED - W/MEDIAN (NOT RAISED),STRAIGHT AND LEVEL,DRY,NO DEFECTS,,UNABLE TO DETERMINE,UNABLE TO DETERMINE,,NONINCAPACITATING INJURY,7,5,41.7946757711,-87.762222567,2021,30,POINT (-87.762222567 41.7946757711),,,,,2021-05-05,False,55,Garfield Ridge
5405,30,STOP SIGN/FLASHER,FUNCTIONING PROPERLY,CLEAR,DAYLIGHT,PEDALCYCLIST,T-INTERSECTION,STRAIGHT AND LEVEL,DRY,NO DEFECTS,Y,UNABLE TO DETERMINE,UNABLE TO DETERMINE,,NO INDICATION OF INJURY,7,5,41.7944525947,-87.762214609,2021,30,POINT (-87.762214609 41.7944525947),,,,,2021-05-05,False,55,Garfield Ridge
5406,30,TRAFFIC SIGNAL,FUNCTIONING PROPERLY,CLEAR,DAYLIGHT,PEDALCYCLIST,NOT DIVIDED,STRAIGHT AND LEVEL,DRY,NO DEFECTS,,UNABLE TO DETERMINE,NOT APPLICABLE,,NO INDICATION OF INJURY,14,5,41.9533293963,-87.7671522914,2021,30,POINT (-87.7671522914 41.9533293963),,,,,2021-05-05,False,14,Portage Park
5407,30,STOP SIGN/FLASHER,FUNCTIONING PROPERLY,CLEAR,DAYLIGHT,PEDALCYCLIST,FOUR WAY,STRAIGHT AND LEVEL,DRY,NO DEFECTS,Y,UNABLE TO DETERMINE,UNABLE TO DETERMINE,,NO INDICATION OF INJURY,16,5,41.7408168707,-87.5601337974,2021,30,POINT (-87.5601337974 41.7408168707),,,,,2021-05-05,False,45,South Chicago
5408,30,NO CONTROLS,NO CONTROLS,CLEAR,DUSK,PEDALCYCLIST,NOT DIVIDED,STRAIGHT AND LEVEL,DRY,NO DEFECTS,,UNABLE TO DETERMINE,UNABLE TO DETERMINE,N,"REPORTED, NOT EVIDENT",20,5,41.9008375611,-87.6623252323,2021,30,POINT (-87.6623252323 41.9008375611),,,,,2021-05-05,False,23,West Town
5409,30,UNKNOWN,UNKNOWN,UNKNOWN,UNKNOWN,PEDALCYCLIST,NOT DIVIDED,STRAIGHT AND LEVEL,UNKNOWN,UNKNOWN,,UNABLE TO DETERMINE,UNABLE TO DETERMINE,Y,NONINCAPACITATING INJURY,22,5,41.8331207883,-87.6460147874,2021,30,POINT (-87.6460147874 41.8331207883),,,,,2021-05-05,False,59,Bridgeport
5410,20,TRAFFIC SIGNAL,FUNCTIONING PROPERLY,CLEAR,DAYLIGHT,PEDALCYCLIST,ONE-WAY,STRAIGHT AND LEVEL,DRY,NO DEFECTS,Y,UNABLE TO DETERMINE,DRIVING SKILLS/KNOWLEDGE/EXPERIENCE,N,NONINCAPACITATING INJURY,15,5,41.9130568819,-87.7550563014,2021,20,POINT (-87.7550563014 41.9130568819),,,,,2021-05-06,False,24,Austin
5411,25,STOP SIGN/FLASHER,FUNCTIONING PROPERLY,CLEAR,DAYLIGHT,PEDALCYCLIST,DIVIDED - W/MEDIAN (NOT RAISED),STRAIGHT AND LEVEL,DRY,NO DEFECTS,,FAILING TO YIELD RIGHT-OF-WAY,UNABLE TO DETERMINE,,NONINCAPACITATING INJURY,15,5,41.90308734,-87.6301078135,2021,25,POINT (-87.6301078135 41.90308734),,,,,2021-05-06,False,7,Near North Side
5412,30,STOP SIGN/FLASHER,FUNCTIONING PROPERLY,CLEAR,"DARKNESS, LIGHTED ROAD",PEDALCYCLIST,FOUR WAY,STRAIGHT AND LEVEL,DRY,NO DEFECTS,Y,FAILING TO YIELD RIGHT-OF-WAY,IMPROPER OVERTAKING/PASSING,,"REPORTED, NOT EVIDENT",20,5,41.8041225209,-87.5968828057,2021,30,POINT (-87.5968828057 41.8041225209),,,,,2021-05-06,False,38,Kenwood
5413,30,TRAFFIC SIGNAL,FUNCTIONING PROPERLY,CLEAR,"DARKNESS, LIGHTED ROAD",PEDALCYCLIST,DIVIDED - W/MEDIAN BARRIER,STRAIGHT AND LEVEL,DRY,NO DEFECTS,,FAILING TO YIELD RIGHT-OF-WAY,NOT APPLICABLE,,INCAPACITATING INJURY,20,5,41.7442968461,-87.5852294684,2021,30,POINT (-87.5852294684 41.7442968461),,,,,2021-05-06,True,44,Avalon Park
5414,30,NO CONTROLS,NO CONTROLS,CLEAR,DAYLIGHT,PEDALCYCLIST,NOT DIVIDED,STRAIGHT AND LEVEL,DRY,NO DEFECTS,,UNABLE TO DETERMINE,NOT APPLICABLE,Y,NO INDICATION OF INJURY,8,5,41.9365147062,-87.7174594687,2021,30,POINT (-87.7174594687 41.9365147062),,,,,2021-05-07,False,20,Avondale
5415,30,NO CONTROLS,NO CONTROLS,CLOUDY/OVERCAST,DAYLIGHT,PEDALCYCLIST,NOT DIVIDED,STRAIGHT AND LEVEL,DRY,NO DEFECTS,,UNABLE TO DETERMINE,UNABLE TO DETERMINE,Y,NONINCAPACITATING INJURY,11,5,41.7873507308,-87.6451244747,2021,30,POINT (-87.6451244747 41.7873507308),,,,,2021-05-07,False,67,Englewood
5416,30,NO CONTROLS,NO CONTROLS,CLEAR,DAYLIGHT,PEDALCYCLIST,DIVIDED - W/MEDIAN (NOT RAISED),STRAIGHT AND LEVEL,DRY,NO DEFECTS,,FAILING TO YIELD RIGHT-OF-WAY,DRIVING SKILLS/KNOWLEDGE/EXPERIENCE,Y,NONINCAPACITATING INJURY,12,5,41.9032820685,-87.6782930342,2021,30,POINT (-87.6782930342 41.9032820685),,,,,2021-05-07,False,23,West Town
5417,30,TRAFFIC SIGNAL,FUNCTIONING PROPERLY,CLEAR,DAYLIGHT,PEDALCYCLIST,FOUR WAY,STRAIGHT AND LEVEL,DRY,NO DEFECTS,Y,DISREGARDING TRAFFIC SIGNALS,UNABLE TO DETERMINE,,NONINCAPACITATING INJURY,13,5,41.8529657039,-87.6317559891,2021,30,POINT (-87.6317559891 41.8529657039),,,,,2021-05-07,False,32,Near South Side
5418,30,NO CONTROLS,NO CONTROLS,CLEAR,DAYLIGHT,PEDALCYCLIST,FOUR WAY,STRAIGHT AND LEVEL,DRY,NO DEFECTS,Y,IMPROPER OVERTAKING/PASSING,NOT APPLICABLE,,NO INDICATION OF INJURY,15,5,41.9309614924,-87.7979780623,2021,30,POINT (-87.7979780623 41.9309614924),,,,,2021-05-07,False,17,Montclare
5419,30,TRAFFIC SIGNAL,FUNCTIONING PROPERLY,CLEAR,DAYLIGHT,PEDALCYCLIST,NOT DIVIDED,STRAIGHT AND LEVEL,DRY,NO DEFECTS,Y,FAILING TO YIELD RIGHT-OF-WAY,UNABLE TO DETERMINE,,NONINCAPACITATING INJURY,14,5,41.9075280434,-87.6723471685,2021,30,POINT (-87.6723471685 41.9075280434),,,,,2021-05-08,False,23,West Town
5420,30,TRAFFIC SIGNAL,FUNCTIONING PROPERLY,CLEAR,DAYLIGHT,PEDALCYCLIST,ROUNDABOUT,STRAIGHT AND LEVEL,DRY,NO DEFECTS,Y,FAILING TO YIELD RIGHT-OF-WAY,IMPROPER TURNING/NO SIGNAL,,NONINCAPACITATING INJURY,15,5,41.9278620026,-87.7070022913,2021,30,POINT (-87.7070022913 41.9278620026),,,,,2021-05-08,False,21,Logan Square
5421,30,UNKNOWN,UNKNOWN,CLEAR,DAWN,PEDALCYCLIST,OTHER,STRAIGHT ON GRADE,DRY,UNKNOWN,,UNABLE TO DETERMINE,UNABLE TO DETERMINE,Y,NONINCAPACITATING INJURY,17,5,41.9685101423,-87.7134257752,2021,30,POINT (-87.7134257752 41.9685101423),,,,,2021-05-08,False,13,Albany Park
5422,30,NO CONTROLS,NO CONTROLS,CLEAR,DAYLIGHT,PEDALCYCLIST,ALLEY,STRAIGHT AND LEVEL,DRY,NO DEFECTS,,UNABLE TO DETERMINE,UNABLE TO DETERMINE,,NO INDICATION OF INJURY,18,5,41.9232003458,-87.641259654,2021,30,POINT (-87.641259654 41.9232003458),,,,,2021-05-08,False,6,Lincoln Park
5423,30,TRAFFIC SIGNAL,FUNCTIONING PROPERLY,CLEAR,DAYLIGHT,PEDALCYCLIST,DIVIDED - W/MEDIAN (NOT RAISED),STRAIGHT AND LEVEL,DRY,NO DEFECTS,,NOT APPLICABLE,NOT APPLICABLE,,NONINCAPACITATING INJURY,14,5,41.9157610232,-87.6972958109,2021,30,POINT (-87.6972958109 41.9157610232),,,,,2021-05-09,False,21,Logan Square
5424,30,NO CONTROLS,NO CONTROLS,CLEAR,DAYLIGHT,PEDALCYCLIST,NOT DIVIDED,STRAIGHT AND LEVEL,DRY,NO DEFECTS,,IMPROPER LANE USAGE,FAILING TO REDUCE SPEED TO AVOID CRASH,,NONINCAPACITATING INJURY,8,5,41.8636113089,-87.7154879587,2021,30,POINT (-87.7154879587 41.8636113089),,,,,2021-05-10,False,28,North Lawndale
5425,30,NO CONTROLS,NO CONTROLS,CLEAR,DAYLIGHT,PEDALCYCLIST,NOT DIVIDED,STRAIGHT AND LEVEL,DRY,NO DEFECTS,,DRIVING ON WRONG SIDE/WRONG WAY,UNABLE TO DETERMINE,,NO INDICATION OF INJURY,14,5,41.9681612546,-87.725377042,2021,30,POINT (-87.725377042 41.9681612546),,,,,2021-05-10,False,13,Albany Park
5426,30,TRAFFIC SIGNAL,FUNCTIONING PROPERLY,CLEAR,DAYLIGHT,PEDALCYCLIST,NOT DIVIDED,STRAIGHT AND LEVEL,DRY,NO DEFECTS,Y,UNABLE TO DETERMINE,NOT APPLICABLE,,NONINCAPACITATING INJURY,16,5,41.8893611912,-87.6281042187,2021,30,POINT (-87.6281042187 41.8893611912),,,,,2021-05-10,False,7,Near North Side
5427,30,NO CONTROLS,NO CONTROLS,CLEAR,DAYLIGHT,PEDALCYCLIST,DIVIDED - W/MEDIAN (NOT RAISED),STRAIGHT AND LEVEL,DRY,NO DEFECTS,,NOT APPLICABLE,NOT APPLICABLE,,INCAPACITATING INJURY,17,5,41.9349608568,-87.7168336834,2021,30,POINT (-87.7168336834 41.9349608568),,,,,2021-05-11,True,20,Avondale
5428,30,UNKNOWN,UNKNOWN,CLEAR,DAYLIGHT,PEDALCYCLIST,NOT DIVIDED,STRAIGHT AND LEVEL,DRY,UNKNOWN,Y,FAILING TO YIELD RIGHT-OF-WAY,NOT APPLICABLE,,NO INDICATION OF INJURY,8,5,41.8023797296,-87.5879794066,2021,30,POINT (-87.5879794066 41.8023797296),,,,,2021-05-12,False,38,Kenwood
5429,25,STOP SIGN/FLASHER,FUNCTIONING PROPERLY,CLEAR,DAYLIGHT,PEDALCYCLIST,NOT DIVIDED,STRAIGHT AND LEVEL,DRY,NO DEFECTS,,UNABLE TO DETERMINE,UNABLE TO DETERMINE,N,"REPORTED, NOT EVIDENT",9,5,41.698550479,-87.715869272,2021,25,POINT (-87.715869272 41.698550479),,,,,2021-05-12,False,73,Mount Greenwood
5430,20,NO CONTROLS,NO CONTROLS,CLEAR,DAYLIGHT,PEDALCYCLIST,NOT DIVIDED,STRAIGHT AND LEVEL,DRY,NO DEFECTS,,FAILING TO YIELD RIGHT-OF-WAY,NOT APPLICABLE,Y,"REPORTED, NOT EVIDENT",9,5,41.904945939,-87.6691799868,2021,20,POINT (-87.6691799868 41.904945939),,,,,2021-05-12,False,23,West Town
5431,30,TRAFFIC SIGNAL,FUNCTIONING PROPERLY,CLEAR,DAYLIGHT,PEDALCYCLIST,ONE-WAY,STRAIGHT AND LEVEL,DRY,NO DEFECTS,Y,BICYCLE ADVANCING LEGALLY ON RED LIGHT,DISREGARDING OTHER TRAFFIC SIGNS,,INCAPACITATING INJURY,10,5,41.8782655778,-87.620822303,2021,30,POINT (-87.620822303 41.8782655778),,,,,2021-05-12,True,31,Loop
5432,25,NO CONTROLS,NO CONTROLS,CLEAR,DAYLIGHT,PEDALCYCLIST,NOT DIVIDED,STRAIGHT AND LEVEL,DRY,NO DEFECTS,,"VISION OBSCURED (SIGNS, TREE LIMBS, BUILDINGS, ETC.)",NOT APPLICABLE,Y,NONINCAPACITATING INJURY,12,5,41.9114658579,-87.6789221701,2021,25,POINT (-87.6789221701 41.9114658579),,,,,2021-05-12,False,6,Lincoln Park
5433,30,NO CONTROLS,NO CONTROLS,CLEAR,DAYLIGHT,PEDALCYCLIST,NOT DIVIDED,STRAIGHT AND LEVEL,DRY,NO DEFECTS,,NOT APPLICABLE,NOT APPLICABLE,,NO INDICATION OF INJURY,17,5,41.9122051694,-87.6484586309,2021,30,POINT (-87.6484586309 41.9122051694),,,,,2021-05-12,False,6,Lincoln Park
5434,30,TRAFFIC SIGNAL,FUNCTIONING PROPERLY,CLEAR,DAYLIGHT,PEDALCYCLIST,FOUR WAY,STRAIGHT AND LEVEL,DRY,NO DEFECTS,Y,FAILING TO YIELD RIGHT-OF-WAY,UNABLE TO DETERMINE,,NONINCAPACITATING INJURY,14,5,41.8990606613,-87.708882578,2021,30,POINT (-87.708882578 41.8990606613),,,,,2021-05-13,False,22,Humboldt Park
5435,30,STOP SIGN/FLASHER,FUNCTIONING PROPERLY,CLEAR,DAYLIGHT,PEDALCYCLIST,ONE-WAY,STRAIGHT AND LEVEL,DRY,NO DEFECTS,Y,UNABLE TO DETERMINE,"VISION OBSCURED (SIGNS, TREE LIMBS, BUILDINGS, ETC.)",,NONINCAPACITATING INJURY,16,5,41.8156906147,-87.6920410621,2021,30,POINT (-87.6920410621 41.8156906147),,,,,2021-05-13,False,57,Brighton Park
5436,30,NO CONTROLS,NO CONTROLS,CLEAR,DAYLIGHT,PEDALCYCLIST,NOT DIVIDED,STRAIGHT AND LEVEL,DRY,NO DEFECTS,,UNABLE TO DETERMINE,UNABLE TO DETERMINE,Y,NO INDICATION OF INJURY,17,5,41.9223504145,-87.6442226919,2021,30,POINT (-87.6442226919 41.9223504145),,,,,2021-05-13,False,6,Lincoln Park
5437,30,TRAFFIC SIGNAL,FUNCTIONING PROPERLY,CLEAR,DAYLIGHT,PEDALCYCLIST,NOT DIVIDED,STRAIGHT AND LEVEL,DRY,NO DEFECTS,,IMPROPER OVERTAKING/PASSING,NOT APPLICABLE,,NO INDICATION OF INJURY,9,5,41.9398498853,-87.650804643,2021,30,POINT (-87.650804643 41.9398498853),,,,,2021-05-14,False,5,Lake View
5438,30,NO CONTROLS,NO CONTROLS,CLEAR,DAYLIGHT,PEDALCYCLIST,NOT DIVIDED,STRAIGHT AND LEVEL,UNKNOWN,UNKNOWN,,DRIVING SKILLS/KNOWLEDGE/EXPERIENCE,UNABLE TO DETERMINE,,NO INDICATION OF INJURY,12,5,41.9182422676,-87.6370740864,2021,30,POINT (-87.6370740864 41.9182422676),,,,,2021-05-14,False,6,Lincoln Park
5439,25,STOP SIGN/FLASHER,FUNCTIONING PROPERLY,CLEAR,DAYLIGHT,PEDALCYCLIST,ONE-WAY,STRAIGHT AND LEVEL,DRY,UNKNOWN,Y,UNABLE TO DETERMINE,NOT APPLICABLE,,NONINCAPACITATING INJURY,15,5,41.9551708789,-87.7570606572,2021,25,POINT (-87.7570606572 41.9551708789),,,,,2021-05-14,False,14,Portage Park
5440,30,STOP SIGN/FLASHER,FUNCTIONING PROPERLY,CLEAR,DAYLIGHT,PEDALCYCLIST,NOT DIVIDED,STRAIGHT AND LEVEL,DRY,UNKNOWN,Y,DISREGARDING STOP SIGN,NOT APPLICABLE,,NONINCAPACITATING INJURY,16,5,41.9377082707,-87.6781486868,2021,30,POINT (-87.6781486868 41.9377082707),,,,,2021-05-14,False,4,North Center
5441,30,NO CONTROLS,NO CONTROLS,CLEAR,DAYLIGHT,PEDALCYCLIST,NOT DIVIDED,STRAIGHT AND LEVEL,DRY,NO DEFECTS,,FAILING TO YIELD RIGHT-OF-WAY,FAILING TO REDUCE SPEED TO AVOID CRASH,,"REPORTED, NOT EVIDENT",16,5,41.8961751002,-87.6677792458,2021,30,POINT (-87.6677792458 41.8961751002),,,,,2021-05-14,False,23,West Town
5442,30,UNKNOWN,UNKNOWN,CLEAR,DAYLIGHT,PEDALCYCLIST,NOT DIVIDED,STRAIGHT AND LEVEL,DRY,UNKNOWN,,IMPROPER TURNING/NO SIGNAL,IMPROPER TURNING/NO SIGNAL,,"REPORTED, NOT EVIDENT",16,5,41.8954035995,-87.6204826076,2021,30,POINT (-87.6204826076 41.8954035995),,,,,2021-05-14,False,7,Near North Side
5443,30,TRAFFIC SIGNAL,FUNCTIONING PROPERLY,CLEAR,"DARKNESS, LIGHTED ROAD",PEDALCYCLIST,DIVIDED - W/MEDIAN (NOT RAISED),STRAIGHT AND LEVEL,UNKNOWN,UNKNOWN,Y,FAILING TO YIELD RIGHT-OF-WAY,NOT APPLICABLE,,NONINCAPACITATING INJURY,19,5,41.9326073621,-87.6977758236,2021,30,POINT (-87.6977758236 41.9326073621),,,,,2021-05-14,False,20,Avondale
5444,30,STOP SIGN/FLASHER,OTHER,CLEAR,"DARKNESS, LIGHTED ROAD",PEDALCYCLIST,NOT DIVIDED,STRAIGHT AND LEVEL,DRY,NO DEFECTS,,FOLLOWING TOO CLOSELY,UNABLE TO DETERMINE,N,NO INDICATION OF INJURY,23,5,41.9460503777,-87.659293867,2021,30,POINT (-87.659293867 41.9460503777),,,,,2021-05-14,False,5,Lake View
5445,30,NO CONTROLS,NO CONTROLS,CLEAR,DAYLIGHT,PEDALCYCLIST,NOT DIVIDED,STRAIGHT AND LEVEL,DRY,NO DEFECTS,,FAILING TO YIELD RIGHT-OF-WAY,NOT APPLICABLE,Y,NONINCAPACITATING INJURY,16,5,41.9419222785,-87.7022197351,2021,30,POINT (-87.7022197351 41.9419222785),,,,,2021-05-15,False,15,Irving Park
5446,35,TRAFFIC SIGNAL,FUNCTIONING PROPERLY,CLOUDY/OVERCAST,"DARKNESS, LIGHTED ROAD",PEDALCYCLIST,NOT DIVIDED,STRAIGHT AND LEVEL,DRY,NO DEFECTS,Y,FAILING TO YIELD RIGHT-OF-WAY,FAILING TO REDUCE SPEED TO AVOID CRASH,,"REPORTED, NOT EVIDENT",20,5,41.9972314882,-87.7668182559,2021,35,POINT (-87.7668182559 41.9972314882),,,,,2021-05-15,False,10,Jefferson Park
5447,30,STOP SIGN/FLASHER,FUNCTIONING PROPERLY,CLEAR,DAYLIGHT,PEDALCYCLIST,FOUR WAY,STRAIGHT AND LEVEL,DRY,NO DEFECTS,Y,FAILING TO YIELD RIGHT-OF-WAY,NOT APPLICABLE,,INCAPACITATING INJURY,9,5,41.941907284,-87.7956960588,2021,30,POINT (-87.7956960588 41.941907284),,,,,2021-05-16,True,16,Dunning
5448,30,NO CONTROLS,NO CONTROLS,CLEAR,DAYLIGHT,PEDALCYCLIST,NOT DIVIDED,STRAIGHT AND LEVEL,DRY,NO DEFECTS,,UNABLE TO DETERMINE,NOT APPLICABLE,Y,NONINCAPACITATING INJURY,11,5,41.9141348938,-87.6533748717,2021,30,POINT (-87.6533748717 41.9141348938),,,,,2021-05-16,False,6,Lincoln Park
5449,30,NO CONTROLS,NO CONTROLS,CLEAR,DAYLIGHT,PEDALCYCLIST,NOT DIVIDED,STRAIGHT AND LEVEL,DRY,NO DEFECTS,,UNABLE TO DETERMINE,NOT APPLICABLE,,INCAPACITATING INJURY,18,5,41.9254712237,-87.6544522652,2021,30,POINT (-87.6544522652 41.9254712237),,,,,2021-05-16,True,6,Lincoln Park
5450,30,NO CONTROLS,NO CONTROLS,CLEAR,DARKNESS,PEDALCYCLIST,DIVIDED - W/MEDIAN (NOT RAISED),STRAIGHT AND LEVEL,DRY,NO DEFECTS,,UNABLE TO DETERMINE,NOT APPLICABLE,,INCAPACITATING INJURY,21,5,41.9040032674,-87.6774279406,2021,30,POINT (-87.6774279406 41.9040032674),,,,,2021-05-16,True,23,West Town
5451,15,NO CONTROLS,NO CONTROLS,CLEAR,DAYLIGHT,PEDALCYCLIST,ALLEY,STRAIGHT AND LEVEL,DRY,NO DEFECTS,Y,UNABLE TO DETERMINE,NOT APPLICABLE,,NO INDICATION OF INJURY,12,5,41.9503178566,-87.7134204382,2021,15,POINT (-87.7134204382 41.9503178566),,,,,2021-05-17,False,15,Irving Park
5452,30,NO CONTROLS,NO CONTROLS,CLEAR,DAYLIGHT,PEDALCYCLIST,NOT DIVIDED,STRAIGHT AND LEVEL,DRY,NO DEFECTS,,NOT APPLICABLE,NOT APPLICABLE,Y,NO INDICATION OF INJURY,18,5,41.9829540138,-87.6744518591,2021,30,POINT (-87.6744518591 41.9829540138),,,,,2021-05-17,False,3,Lincoln Square