Unnamed: 0,POSTED_SPEED_LIMIT,TRAFFIC_CONTROL_DEVICE,DEVICE_CONDITION,WEATHER_CONDITION,LIGHTING_CONDITION,FIRST_CRASH_TYPE,TRAFFICWAY_TYPE,ALIGNMENT,ROADWAY_SURFACE_COND,ROAD_DEFECT,INTERSECTION_RELATED_I,PRIM_CONTRIBUTORY_CAUSE,SEC_CONTRIBUTORY_CAUSE,DOORING_I,MOST_SEVERE_INJURY,CRASH_HOUR,CRASH_MONTH,LATITUDE,LONGITUDE,CRASH_YEAR,SPEED_LIMIT,geometry,DISPLAYROU,the_geom,DIST,LANE_TYPE,CRASH_DATE,is_severe,index_right,CArea
5453,25,NO CONTROLS,NO CONTROLS,CLEAR,DAYLIGHT,PEDALCYCLIST,DIVIDED - W/MEDIAN (NOT RAISED),STRAIGHT AND LEVEL,DRY,NO DEFECTS,,UNABLE TO DETERMINE,UNABLE TO DETERMINE,,NONINCAPACITATING INJURY,18,5,41.9763011537,-87.6682759379,2021,25,POINT (-87.6682759379 41.9763011537),,,,,2021-05-17,False,2,Uptown
5454,30,NO CONTROLS,NO CONTROLS,CLEAR,DAYLIGHT,PEDALCYCLIST,OTHER,STRAIGHT AND LEVEL,DRY,NO DEFECTS,,DRIVING SKILLS/KNOWLEDGE/EXPERIENCE,DRIVING SKILLS/KNOWLEDGE/EXPERIENCE,,NONINCAPACITATING INJURY,8,5,41.9488655712,-87.6430342452,2021,30,POINT (-87.6430342452 41.9488655712),,,,,2021-05-18,False,5,Lake View
5455,30,NO CONTROLS,NO CONTROLS,CLEAR,DAYLIGHT,PEDALCYCLIST,DIVIDED - W/MEDIAN BARRIER,STRAIGHT ON GRADE,WET,NO DEFECTS,,IMPROPER LANE USAGE,UNABLE TO DETERMINE,,NO INDICATION OF INJURY,8,5,41.9540887444,-87.6973119206,2021,30,POINT (-87.6973119206 41.9540887444),,,,,2021-05-18,False,15,Irving Park
5456,30,NO CONTROLS,NO CONTROLS,CLEAR,DAYLIGHT,PEDALCYCLIST,NOT DIVIDED,STRAIGHT AND LEVEL,DRY,NO DEFECTS,,IMPROPER OVERTAKING/PASSING,UNABLE TO DETERMINE,,NONINCAPACITATING INJURY,8,5,41.9091695268,-87.7922986192,2021,30,POINT (-87.7922986192 41.9091695268),,,,,2021-05-18,False,24,Austin
5457,30,TRAFFIC SIGNAL,FUNCTIONING PROPERLY,CLEAR,DAYLIGHT,PEDALCYCLIST,T-INTERSECTION,STRAIGHT AND LEVEL,DRY,NO DEFECTS,Y,UNABLE TO DETERMINE,NOT APPLICABLE,,NONINCAPACITATING INJURY,15,5,41.8944949004,-87.6967635668,2021,30,POINT (-87.6967635668 41.8944949004),,,,,2021-05-18,False,22,Humboldt Park
5458,25,STOP SIGN/FLASHER,FUNCTIONING PROPERLY,CLOUDY/OVERCAST,DAYLIGHT,PEDALCYCLIST,NOT DIVIDED,STRAIGHT AND LEVEL,DRY,NO DEFECTS,,NOT APPLICABLE,NOT APPLICABLE,,NONINCAPACITATING INJURY,17,5,41.9667156653,-87.7817185813,2021,25,POINT (-87.7817185813 41.9667156653),,,,,2021-05-18,False,14,Portage Park
5459,30,TRAFFIC SIGNAL,FUNCTIONING PROPERLY,RAIN,DAYLIGHT,PEDALCYCLIST,NOT DIVIDED,STRAIGHT AND LEVEL,WET,NO DEFECTS,Y,FAILING TO YIELD RIGHT-OF-WAY,NOT APPLICABLE,,NONINCAPACITATING INJURY,17,5,41.858681849,-87.7348806428,2021,30,POINT (-87.7348806428 41.858681849),,,,,2021-05-18,False,28,North Lawndale
5460,25,STOP SIGN/FLASHER,FUNCTIONING PROPERLY,RAIN,DAYLIGHT,PEDALCYCLIST,DIVIDED - W/MEDIAN (NOT RAISED),STRAIGHT AND LEVEL,WET,NO DEFECTS,Y,DISTRACTION - FROM INSIDE VEHICLE,CELL PHONE USE OTHER THAN TEXTING,,NONINCAPACITATING INJURY,18,5,41.8732169991,-87.6756751765,2021,25,POINT (-87.6756751765 41.8732169991),,,,,2021-05-18,False,27,Near West Side
5461,30,TRAFFIC SIGNAL,FUNCTIONING PROPERLY,RAIN,DARKNESS,PEDALCYCLIST,FOUR WAY,STRAIGHT ON GRADE,WET,NO DEFECTS,Y,NOT APPLICABLE,NOT APPLICABLE,,NONINCAPACITATING INJURY,20,5,41.9282262596,-87.7267310198,2021,30,POINT (-87.7267310198 41.9282262596),,,,,2021-05-18,False,19,Hermosa
5462,15,NO CONTROLS,NO CONTROLS,RAIN,"DARKNESS, LIGHTED ROAD",PEDALCYCLIST,ONE-WAY,STRAIGHT AND LEVEL,WET,NO DEFECTS,,DRIVING ON WRONG SIDE/WRONG WAY,WEATHER,,NO INDICATION OF INJURY,21,5,41.9000195845,-87.7074326688,2021,15,POINT (-87.7074326688 41.9000195845),,,,,2021-05-18,False,22,Humboldt Park
5463,30,TRAFFIC SIGNAL,FUNCTIONING PROPERLY,CLEAR,"DARKNESS, LIGHTED ROAD",PEDALCYCLIST,NOT DIVIDED,STRAIGHT AND LEVEL,WET,NO DEFECTS,Y,UNABLE TO DETERMINE,NOT APPLICABLE,,INCAPACITATING INJURY,22,5,41.9210618754,-87.7072427784,2021,30,POINT (-87.7072427784 41.9210618754),,,,,2021-05-18,True,21,Logan Square
5464,30,STOP SIGN/FLASHER,NO CONTROLS,CLEAR,DAYLIGHT,PEDALCYCLIST,NOT DIVIDED,STRAIGHT AND LEVEL,DRY,NO DEFECTS,,UNABLE TO DETERMINE,NOT APPLICABLE,,"REPORTED, NOT EVIDENT",15,5,41.998792745,-87.7634273922,2021,30,POINT (-87.7634273922 41.998792745),,,,,2021-05-19,False,11,Forest Glen
5465,30,TRAFFIC SIGNAL,UNKNOWN,RAIN,"DARKNESS, LIGHTED ROAD",PEDALCYCLIST,DIVIDED - W/MEDIAN (NOT RAISED),STRAIGHT AND LEVEL,WET,UNKNOWN,,UNABLE TO DETERMINE,NOT APPLICABLE,,NONINCAPACITATING INJURY,0,5,41.9024644407,-87.7461273873,2021,30,POINT (-87.7461273873 41.9024644407),,,,,2021-05-20,False,24,Austin
5466,15,NO CONTROLS,NO CONTROLS,CLEAR,DAYLIGHT,PEDALCYCLIST,NOT DIVIDED,STRAIGHT AND LEVEL,DRY,NO DEFECTS,,FAILING TO YIELD RIGHT-OF-WAY,NOT APPLICABLE,,"REPORTED, NOT EVIDENT",15,5,41.9099798058,-87.7088256755,2021,15,POINT (-87.7088256755 41.9099798058),,,,,2021-05-20,False,22,Humboldt Park
5467,30,NO CONTROLS,NO CONTROLS,CLEAR,DAYLIGHT,PEDALCYCLIST,NOT DIVIDED,STRAIGHT AND LEVEL,DRY,NO DEFECTS,,NOT APPLICABLE,NOT APPLICABLE,,"REPORTED, NOT EVIDENT",16,5,41.9294479593,-87.6429248905,2021,30,POINT (-87.6429248905 41.9294479593),,,,,2021-05-20,False,6,Lincoln Park
5468,30,TRAFFIC SIGNAL,FUNCTIONING PROPERLY,CLEAR,"DARKNESS, LIGHTED ROAD",PEDALCYCLIST,NOT DIVIDED,STRAIGHT AND LEVEL,DRY,NO DEFECTS,,UNABLE TO DETERMINE,UNABLE TO DETERMINE,,NONINCAPACITATING INJURY,22,5,41.9108068192,-87.6631049341,2021,30,POINT (-87.6631049341 41.9108068192),,,,,2021-05-20,False,6,Lincoln Park
5469,30,NO CONTROLS,NO CONTROLS,CLEAR,"DARKNESS, LIGHTED ROAD",PEDALCYCLIST,NOT DIVIDED,STRAIGHT AND LEVEL,DRY,NO DEFECTS,,UNABLE TO DETERMINE,UNABLE TO DETERMINE,,NONINCAPACITATING INJURY,23,5,41.736632768,-87.5992988367,2021,30,POINT (-87.5992988367 41.736632768),,,,,2021-05-20,False,43,Chatham
5470,10,NO CONTROLS,NO CONTROLS,CLEAR,DAYLIGHT,PEDALCYCLIST,RAMP,STRAIGHT ON GRADE,DRY,NO DEFECTS,,FAILING TO REDUCE SPEED TO AVOID CRASH,NOT APPLICABLE,,NONINCAPACITATING INJURY,6,5,41.8674461119,-87.6189044881,2021,10,POINT (-87.6189044881 41.8674461119),,,,,2021-05-21,False,31,Loop
5471,30,NO CONTROLS,NO CONTROLS,CLEAR,DAYLIGHT,PEDALCYCLIST,NOT DIVIDED,STRAIGHT AND LEVEL,DRY,NO DEFECTS,,UNABLE TO DETERMINE,UNABLE TO DETERMINE,,NONINCAPACITATING INJURY,9,5,41.9731435892,-87.7780853256,2021,30,POINT (-87.7780853256 41.9731435892),,,,,2021-05-21,False,10,Jefferson Park
5472,30,STOP SIGN/FLASHER,FUNCTIONING PROPERLY,CLEAR,DAYLIGHT,PEDALCYCLIST,FOUR WAY,STRAIGHT AND LEVEL,DRY,NO DEFECTS,Y,DISREGARDING STOP SIGN,FAILING TO REDUCE SPEED TO AVOID CRASH,,NONINCAPACITATING INJURY,10,5,41.8604717558,-87.6138366981,2021,30,POINT (-87.6138366981 41.8604717558),,,,,2021-05-21,False,32,Near South Side
5473,30,NO CONTROLS,NO CONTROLS,CLEAR,DAYLIGHT,PEDALCYCLIST,NOT DIVIDED,STRAIGHT AND LEVEL,DRY,NO DEFECTS,,FAILING TO REDUCE SPEED TO AVOID CRASH,DISREGARDING ROAD MARKINGS,N,NONINCAPACITATING INJURY,10,5,41.8890951778,-87.6315694241,2021,30,POINT (-87.6315694241 41.8890951778),,,,,2021-05-21,False,7,Near North Side
5474,30,STOP SIGN/FLASHER,FUNCTIONING PROPERLY,CLEAR,DAYLIGHT,PEDALCYCLIST,DIVIDED - W/MEDIAN (NOT RAISED),STRAIGHT AND LEVEL,DRY,NO DEFECTS,Y,UNABLE TO DETERMINE,NOT APPLICABLE,,NO INDICATION OF INJURY,15,5,41.8664264661,-87.6934888413,2021,30,POINT (-87.6934888413 41.8664264661),,,,,2021-05-21,False,28,North Lawndale
5475,30,NO CONTROLS,NO CONTROLS,CLEAR,DAYLIGHT,PEDALCYCLIST,NOT DIVIDED,STRAIGHT AND LEVEL,DRY,NO DEFECTS,,UNABLE TO DETERMINE,NOT APPLICABLE,,NONINCAPACITATING INJURY,15,5,41.880033142,-87.7745070975,2021,30,POINT (-87.7745070975 41.880033142),,,,,2021-05-21,False,24,Austin
5476,30,STOP SIGN/FLASHER,NO CONTROLS,CLEAR,DAYLIGHT,PEDALCYCLIST,NOT DIVIDED,STRAIGHT AND LEVEL,DRY,NO DEFECTS,Y,DRIVING ON WRONG SIDE/WRONG WAY,UNABLE TO DETERMINE,,NONINCAPACITATING INJURY,16,5,41.8962462961,-87.6576580642,2021,30,POINT (-87.6576580642 41.8962462961),,,,,2021-05-21,False,7,Near North Side
5477,30,NO CONTROLS,NO CONTROLS,CLEAR,DAYLIGHT,PEDALCYCLIST,NOT DIVIDED,STRAIGHT AND LEVEL,DRY,NO DEFECTS,,DRIVING SKILLS/KNOWLEDGE/EXPERIENCE,NOT APPLICABLE,Y,NONINCAPACITATING INJURY,16,5,41.9455064662,-87.7074193779,2021,30,POINT (-87.7074193779 41.9455064662),,,,,2021-05-21,False,15,Irving Park
5478,30,NO CONTROLS,NO CONTROLS,CLEAR,DAYLIGHT,PEDALCYCLIST,NOT DIVIDED,STRAIGHT AND LEVEL,DRY,NO DEFECTS,,UNABLE TO DETERMINE,NOT APPLICABLE,,NO INDICATION OF INJURY,17,5,41.9087055764,-87.648068015,2021,30,POINT (-87.648068015 41.9087055764),,,,,2021-05-21,False,7,Near North Side
5479,30,STOP SIGN/FLASHER,FUNCTIONING PROPERLY,CLEAR,DUSK,PEDALCYCLIST,FOUR WAY,STRAIGHT AND LEVEL,DRY,NO DEFECTS,Y,UNABLE TO DETERMINE,UNABLE TO DETERMINE,,NONINCAPACITATING INJURY,19,5,41.8973461652,-87.7213151329,2021,30,POINT (-87.7213151329 41.8973461652),,,,,2021-05-21,False,22,Humboldt Park
5480,30,TRAFFIC SIGNAL,FUNCTIONING PROPERLY,CLEAR,"DARKNESS, LIGHTED ROAD",PEDALCYCLIST,NOT DIVIDED,STRAIGHT AND LEVEL,DRY,NO DEFECTS,Y,FAILING TO YIELD RIGHT-OF-WAY,NOT APPLICABLE,,NONINCAPACITATING INJURY,19,5,41.9261868514,-87.6337067524,2021,30,POINT (-87.6337067524 41.9261868514),,,,,2021-05-22,False,6,Lincoln Park
5481,30,TRAFFIC SIGNAL,FUNCTIONING PROPERLY,CLEAR,"DARKNESS, LIGHTED ROAD",PEDALCYCLIST,NOT DIVIDED,STRAIGHT AND LEVEL,DRY,NO DEFECTS,Y,FAILING TO YIELD RIGHT-OF-WAY,UNABLE TO DETERMINE,,NONINCAPACITATING INJURY,22,5,41.7208281839,-87.6820014698,2021,30,POINT (-87.6820014698 41.7208281839),,,,,2021-05-22,False,71,Beverly
5482,30,NO CONTROLS,NO CONTROLS,CLEAR,DARKNESS,PEDALCYCLIST,NOT DIVIDED,STRAIGHT AND LEVEL,DRY,NO DEFECTS,,IMPROPER TURNING/NO SIGNAL,FAILING TO REDUCE SPEED TO AVOID CRASH,,NONINCAPACITATING INJURY,0,5,41.8665805458,-87.6995145776,2021,30,POINT (-87.6995145776 41.8665805458),,,,,2021-05-23,False,28,North Lawndale
5483,35,NO CONTROLS,NO CONTROLS,CLEAR,DARKNESS,PEDALCYCLIST,DIVIDED - W/MEDIAN (NOT RAISED),STRAIGHT AND LEVEL,DRY,NO DEFECTS,,UNABLE TO DETERMINE,UNABLE TO DETERMINE,N,NONINCAPACITATING INJURY,1,5,41.7741289538,-87.6496459973,2021,35,POINT (-87.6496459973 41.7741289538),,,,,2021-05-23,False,67,Englewood
5484,30,UNKNOWN,UNKNOWN,CLEAR,DAWN,PEDALCYCLIST,NOT DIVIDED,STRAIGHT AND LEVEL,DRY,NO DEFECTS,,NOT APPLICABLE,NOT APPLICABLE,,NONINCAPACITATING INJURY,4,5,41.9509680369,-87.657361181,2021,30,POINT (-87.657361181 41.9509680369),,,,,2021-05-23,False,5,Lake View
5485,35,NO CONTROLS,NO CONTROLS,CLEAR,DAYLIGHT,PEDALCYCLIST,NOT DIVIDED,STRAIGHT AND LEVEL,DRY,NO DEFECTS,,IMPROPER LANE USAGE,UNABLE TO DETERMINE,Y,NONINCAPACITATING INJURY,8,5,41.978754645,-87.7685682088,2021,35,POINT (-87.7685682088 41.978754645),,,,,2021-05-23,False,10,Jefferson Park
5486,30,NO CONTROLS,NO CONTROLS,CLEAR,DAYLIGHT,PEDALCYCLIST,DIVIDED - W/MEDIAN (NOT RAISED),STRAIGHT AND LEVEL,DRY,NO DEFECTS,,FAILING TO YIELD RIGHT-OF-WAY,NOT APPLICABLE,,NONINCAPACITATING INJURY,11,5,41.9097055501,-87.6529589106,2021,30,POINT (-87.6529589106 41.9097055501),,,,,2021-05-23,False,7,Near North Side
5487,30,NO CONTROLS,NO CONTROLS,CLEAR,DAYLIGHT,PEDALCYCLIST,NOT DIVIDED,STRAIGHT AND LEVEL,DRY,NO DEFECTS,,IMPROPER LANE USAGE,NOT APPLICABLE,Y,NONINCAPACITATING INJURY,12,5,41.9026041901,-87.6282536323,2021,30,POINT (-87.6282536323 41.9026041901),,,,,2021-05-23,False,7,Near North Side
5488,30,TRAFFIC SIGNAL,FUNCTIONING PROPERLY,CLEAR,DAYLIGHT,PEDALCYCLIST,DIVIDED - W/MEDIAN (NOT RAISED),STRAIGHT AND LEVEL,DRY,NO DEFECTS,Y,FAILING TO YIELD RIGHT-OF-WAY,"VISION OBSCURED (SIGNS, TREE LIMBS, BUILDINGS, ETC.)",,NONINCAPACITATING INJURY,14,5,41.9537178387,-87.7167327994,2021,30,POINT (-87.7167327994 41.9537178387),,,,,2021-05-23,False,15,Irving Park
5489,30,STOP SIGN/FLASHER,NO CONTROLS,CLEAR,DAYLIGHT,PEDALCYCLIST,ONE-WAY,STRAIGHT AND LEVEL,DRY,NO DEFECTS,Y,NOT APPLICABLE,NOT APPLICABLE,,NO INDICATION OF INJURY,17,5,41.9611725311,-87.7169585617,2021,30,POINT (-87.7169585617 41.9611725311),,,,,2021-05-23,False,13,Albany Park
5490,30,NO CONTROLS,NO CONTROLS,CLEAR,DAYLIGHT,PEDALCYCLIST,DIVIDED - W/MEDIAN (NOT RAISED),STRAIGHT AND LEVEL,DRY,NO DEFECTS,,FAILING TO REDUCE SPEED TO AVOID CRASH,NOT APPLICABLE,,NONINCAPACITATING INJURY,17,5,41.7714729973,-87.7232786438,2021,30,POINT (-87.7232786438 41.7714729973),,,,,2021-05-23,False,64,West Lawn
5491,30,TRAFFIC SIGNAL,FUNCTIONING PROPERLY,CLEAR,DAYLIGHT,PEDALCYCLIST,NOT DIVIDED,STRAIGHT AND LEVEL,DRY,NO DEFECTS,Y,UNABLE TO DETERMINE,NOT APPLICABLE,,"REPORTED, NOT EVIDENT",7,5,41.8742945333,-87.6472722465,2021,30,POINT (-87.6472722465 41.8742945333),,,,,2021-05-24,False,27,Near West Side
5492,30,TRAFFIC SIGNAL,UNKNOWN,CLEAR,DAYLIGHT,PEDALCYCLIST,FOUR WAY,STRAIGHT AND LEVEL,DRY,NO DEFECTS,Y,DISTRACTION - FROM INSIDE VEHICLE,NOT APPLICABLE,,NO INDICATION OF INJURY,14,5,41.930025458,-87.6753335365,2021,30,POINT (-87.6753335365 41.930025458),,,,,2021-05-24,False,6,Lincoln Park
5493,30,STOP SIGN/FLASHER,FUNCTIONING PROPERLY,CLEAR,DAYLIGHT,PEDALCYCLIST,T-INTERSECTION,STRAIGHT AND LEVEL,DRY,NO DEFECTS,Y,FAILING TO YIELD RIGHT-OF-WAY,IMPROPER TURNING/NO SIGNAL,,NONINCAPACITATING INJURY,16,5,41.9124292858,-87.6971962528,2021,30,POINT (-87.6971962528 41.9124292858),,,,,2021-05-24,False,22,Humboldt Park
5494,15,OTHER,FUNCTIONING PROPERLY,CLEAR,DAYLIGHT,PEDALCYCLIST,OTHER,STRAIGHT AND LEVEL,DRY,NO DEFECTS,,IMPROPER OVERTAKING/PASSING,DRIVING SKILLS/KNOWLEDGE/EXPERIENCE,,NONINCAPACITATING INJURY,16,5,41.8231525443,-87.6805621474,2021,15,POINT (-87.6805621474 41.8231525443),,,,,2021-05-24,False,58,Mckinley Park
5495,30,TRAFFIC SIGNAL,FUNCTIONING PROPERLY,CLEAR,DAYLIGHT,PEDALCYCLIST,NOT DIVIDED,STRAIGHT AND LEVEL,DRY,NO DEFECTS,,FAILING TO YIELD RIGHT-OF-WAY,NOT APPLICABLE,,INCAPACITATING INJURY,17,5,41.8867706187,-87.6473581509,2021,30,POINT (-87.6473581509 41.8867706187),,,,,2021-05-24,True,7,Near North Side
5496,30,NO CONTROLS,NO CONTROLS,CLEAR,DAYLIGHT,PEDALCYCLIST,NOT DIVIDED,STRAIGHT AND LEVEL,DRY,NO DEFECTS,,UNABLE TO DETERMINE,UNABLE TO DETERMINE,,NO INDICATION OF INJURY,19,5,41.8440438957,-87.731726552,2021,30,POINT (-87.731726552 41.8440438957),,,,,2021-05-24,False,29,South Lawndale
5497,15,NO CONTROLS,UNKNOWN,CLEAR,DAYLIGHT,PEDALCYCLIST,ALLEY,STRAIGHT AND LEVEL,UNKNOWN,UNKNOWN,,NOT APPLICABLE,NOT APPLICABLE,,NONINCAPACITATING INJURY,19,5,41.9589496474,-87.7521280176,2021,15,POINT (-87.7521280176 41.9589496474),,,,,2021-05-24,False,14,Portage Park
5498,30,NO CONTROLS,NO CONTROLS,CLEAR,"DARKNESS, LIGHTED ROAD",PEDALCYCLIST,ONE-WAY,STRAIGHT AND LEVEL,DRY,NO DEFECTS,,IMPROPER LANE USAGE,DRIVING SKILLS/KNOWLEDGE/EXPERIENCE,,NO INDICATION OF INJURY,21,5,41.8843555909,-87.6355065545,2021,30,POINT (-87.6355065545 41.8843555909),,,,,2021-05-24,False,27,Near West Side
5499,30,STOP SIGN/FLASHER,FUNCTIONING PROPERLY,CLEAR,DAYLIGHT,PEDALCYCLIST,FOUR WAY,STRAIGHT AND LEVEL,DRY,NO DEFECTS,Y,FAILING TO REDUCE SPEED TO AVOID CRASH,NOT APPLICABLE,,NONINCAPACITATING INJURY,8,5,41.8993976984,-87.6895442382,2021,30,POINT (-87.6895442382 41.8993976984),,,,,2021-05-25,False,23,West Town
5500,30,NO CONTROLS,NO CONTROLS,CLEAR,DAYLIGHT,PEDALCYCLIST,NOT DIVIDED,STRAIGHT AND LEVEL,DRY,NO DEFECTS,,UNABLE TO DETERMINE,UNABLE TO DETERMINE,,NONINCAPACITATING INJURY,12,5,41.9681862409,-87.7230054645,2021,30,POINT (-87.7230054645 41.9681862409),,,,,2021-05-25,False,13,Albany Park
5501,15,NO CONTROLS,NO CONTROLS,CLEAR,DAYLIGHT,PEDALCYCLIST,DIVIDED - W/MEDIAN (NOT RAISED),STRAIGHT AND LEVEL,DRY,NO DEFECTS,,UNABLE TO DETERMINE,UNABLE TO DETERMINE,,"REPORTED, NOT EVIDENT",13,5,41.7229412182,-87.6628628713,2021,15,POINT (-87.6628628713 41.7229412182),,,,,2021-05-25,False,71,Beverly
5502,30,NO CONTROLS,NO CONTROLS,CLEAR,DAYLIGHT,PEDALCYCLIST,NOT DIVIDED,STRAIGHT AND LEVEL,DRY,NO DEFECTS,,UNABLE TO DETERMINE,NOT APPLICABLE,Y,INCAPACITATING INJURY,14,5,41.9084372898,-87.6742083089,2021,30,POINT (-87.6742083089 41.9084372898),,,,,2021-05-25,True,23,West Town
5503,30,TRAFFIC SIGNAL,FUNCTIONING PROPERLY,CLEAR,DAYLIGHT,PEDALCYCLIST,ONE-WAY,STRAIGHT AND LEVEL,DRY,NO DEFECTS,,FAILING TO YIELD RIGHT-OF-WAY,FOLLOWING TOO CLOSELY,,NO INDICATION OF INJURY,15,5,41.8956824223,-87.6313712574,2021,30,POINT (-87.6313712574 41.8956824223),,,,,2021-05-25,False,7,Near North Side
5504,25,NO CONTROLS,NO CONTROLS,CLEAR,DAYLIGHT,PEDALCYCLIST,NOT DIVIDED,STRAIGHT AND LEVEL,DRY,NO DEFECTS,,IMPROPER LANE USAGE,NOT APPLICABLE,,NO INDICATION OF INJURY,16,5,41.8923785058,-87.7457477806,2021,25,POINT (-87.7457477806 41.8923785058),,,,,2021-05-25,False,24,Austin
5505,30,NO CONTROLS,NO CONTROLS,CLOUDY/OVERCAST,DAYLIGHT,PEDALCYCLIST,DIVIDED - W/MEDIAN (NOT RAISED),STRAIGHT AND LEVEL,DRY,NO DEFECTS,,UNABLE TO DETERMINE,NOT APPLICABLE,,NONINCAPACITATING INJURY,16,5,41.9300223009,-87.6848962594,2021,30,POINT (-87.6848962594 41.9300223009),,,,,2021-05-25,False,21,Logan Square
5506,15,UNKNOWN,UNKNOWN,CLOUDY/OVERCAST,DAYLIGHT,PEDALCYCLIST,ALLEY,STRAIGHT AND LEVEL,UNKNOWN,UNKNOWN,,NOT APPLICABLE,NOT APPLICABLE,,NONINCAPACITATING INJURY,17,5,42.0079635581,-87.6691469492,2021,15,POINT (-87.6691469492 42.0079635581),,,,,2021-05-25,False,0,Rogers Park
5507,25,NO CONTROLS,NO CONTROLS,CLOUDY/OVERCAST,DAYLIGHT,PEDALCYCLIST,NOT DIVIDED,STRAIGHT AND LEVEL,DRY,NO DEFECTS,,DRIVING ON WRONG SIDE/WRONG WAY,DRIVING SKILLS/KNOWLEDGE/EXPERIENCE,,NO INDICATION OF INJURY,18,5,41.9578049075,-87.6547865133,2021,25,POINT (-87.6547865133 41.9578049075),,,,,2021-05-25,False,2,Uptown
5508,30,TRAFFIC SIGNAL,FUNCTIONING PROPERLY,RAIN,"DARKNESS, LIGHTED ROAD",PEDALCYCLIST,FOUR WAY,STRAIGHT AND LEVEL,WET,SHOULDER DEFECT,Y,DISREGARDING TRAFFIC SIGNALS,FAILING TO REDUCE SPEED TO AVOID CRASH,,FATAL,1,5,41.9286697899,-87.6879222355,2021,30,POINT (-87.6879222355 41.9286697899),,,,,2021-05-26,True,21,Logan Square
5509,25,NO CONTROLS,NO CONTROLS,CLEAR,DAYLIGHT,PEDALCYCLIST,ONE-WAY,STRAIGHT AND LEVEL,DRY,NO DEFECTS,,BICYCLE ADVANCING LEGALLY ON RED LIGHT,NOT APPLICABLE,,NO INDICATION OF INJURY,13,5,41.7865646277,-87.671816306,2021,25,POINT (-87.671816306 41.7865646277),,,,,2021-05-26,False,66,Englewood
5510,30,TRAFFIC SIGNAL,FUNCTIONING PROPERLY,CLEAR,DAYLIGHT,PEDALCYCLIST,DIVIDED - W/MEDIAN (NOT RAISED),STRAIGHT AND LEVEL,DRY,UNKNOWN,Y,FAILING TO REDUCE SPEED TO AVOID CRASH,UNABLE TO DETERMINE,,NONINCAPACITATING INJURY,15,5,41.9385270507,-87.7616548064,2021,30,POINT (-87.7616548064 41.9385270507),,,,,2021-05-26,False,14,Portage Park
5511,30,TRAFFIC SIGNAL,FUNCTIONING PROPERLY,CLEAR,DAYLIGHT,PEDALCYCLIST,NOT DIVIDED,STRAIGHT AND LEVEL,DRY,NO DEFECTS,Y,FAILING TO YIELD RIGHT-OF-WAY,UNABLE TO DETERMINE,,INCAPACITATING INJURY,17,5,41.9201828384,-87.6931390405,2021,30,POINT (-87.6931390405 41.9201828384),,,,,2021-05-26,True,21,Logan Square
5512,30,NO CONTROLS,UNKNOWN,CLEAR,"DARKNESS, LIGHTED ROAD",PEDALCYCLIST,NOT DIVIDED,STRAIGHT AND LEVEL,DRY,NO DEFECTS,,"OPERATING VEHICLE IN ERRATIC, RECKLESS, CARELESS, NEGLIGENT OR AGGRESSIVE MANNER",UNABLE TO DETERMINE,,NO INDICATION OF INJURY,20,5,41.9462132277,-87.6495991201,2021,30,POINT (-87.6495991201 41.9462132277),,,,,2021-05-26,False,5,Lake View
5513,20,NO CONTROLS,NO CONTROLS,CLEAR,"DARKNESS, LIGHTED ROAD",PEDALCYCLIST,ALLEY,STRAIGHT AND LEVEL,DRY,NO DEFECTS,,DRIVING ON WRONG SIDE/WRONG WAY,DRIVING ON WRONG SIDE/WRONG WAY,,NO INDICATION OF INJURY,20,5,41.9184625957,-87.6507990334,2021,20,POINT (-87.6507990334 41.9184625957),,,,,2021-05-26,False,6,Lincoln Park
5514,30,TRAFFIC SIGNAL,NO CONTROLS,CLEAR,DAYLIGHT,PEDALCYCLIST,DIVIDED - W/MEDIAN (NOT RAISED),STRAIGHT AND LEVEL,DRY,NO DEFECTS,,DISREGARDING ROAD MARKINGS,NOT APPLICABLE,Y,NO INDICATION OF INJURY,8,5,41.9081693201,-87.6483480201,2021,30,POINT (-87.6483480201 41.9081693201),,,,,2021-05-27,False,7,Near North Side
5515,25,TRAFFIC SIGNAL,FUNCTIONING PROPERLY,CLEAR,DAYLIGHT,PEDALCYCLIST,ONE-WAY,STRAIGHT AND LEVEL,DRY,NO DEFECTS,Y,FAILING TO REDUCE SPEED TO AVOID CRASH,NOT APPLICABLE,N,"REPORTED, NOT EVIDENT",12,5,41.8744810612,-87.6516855492,2021,25,POINT (-87.6516855492 41.8744810612),,,,,2021-05-27,False,27,Near West Side
5516,30,TRAFFIC SIGNAL,FUNCTIONING PROPERLY,CLEAR,DAYLIGHT,PEDALCYCLIST,NOT DIVIDED,STRAIGHT AND LEVEL,DRY,NO DEFECTS,,FOLLOWING TOO CLOSELY,UNABLE TO DETERMINE,,NO INDICATION OF INJURY,12,5,41.9397167577,-87.6639663907,2021,30,POINT (-87.6639663907 41.9397167577),,,,,2021-05-28,False,5,Lake View
5517,30,TRAFFIC SIGNAL,FUNCTIONING PROPERLY,RAIN,DAYLIGHT,PEDALCYCLIST,DIVIDED - W/MEDIAN BARRIER,STRAIGHT AND LEVEL,WET,NO DEFECTS,Y,WEATHER,DISREGARDING OTHER TRAFFIC SIGNS,,NONINCAPACITATING INJURY,18,5,41.9058503936,-87.6331363109,2021,30,POINT (-87.6331363109 41.9058503936),,,,,2021-05-28,False,7,Near North Side