Unnamed: 0,POSTED_SPEED_LIMIT,TRAFFIC_CONTROL_DEVICE,DEVICE_CONDITION,WEATHER_CONDITION,LIGHTING_CONDITION,FIRST_CRASH_TYPE,TRAFFICWAY_TYPE,ALIGNMENT,ROADWAY_SURFACE_COND,ROAD_DEFECT,INTERSECTION_RELATED_I,PRIM_CONTRIBUTORY_CAUSE,SEC_CONTRIBUTORY_CAUSE,DOORING_I,MOST_SEVERE_INJURY,CRASH_HOUR,CRASH_MONTH,LATITUDE,LONGITUDE,CRASH_YEAR,SPEED_LIMIT,geometry,DISPLAYROU,the_geom,DIST,LANE_TYPE,CRASH_DATE,is_severe,index_right,CArea
5518,30,TRAFFIC SIGNAL,FUNCTIONING PROPERLY,CLEAR,DAYLIGHT,PEDALCYCLIST,NOT DIVIDED,STRAIGHT AND LEVEL,DRY,NO DEFECTS,,NOT APPLICABLE,NOT APPLICABLE,,NO INDICATION OF INJURY,14,5,41.9104367986,-87.6777610207,2021,30,POINT (-87.6777610207 41.9104367986),,,,,2021-05-29,False,23,West Town
5519,30,NO CONTROLS,NO CONTROLS,CLEAR,DAYLIGHT,PEDALCYCLIST,NOT DIVIDED,STRAIGHT AND LEVEL,DRY,NO DEFECTS,,UNABLE TO DETERMINE,FAILING TO YIELD RIGHT-OF-WAY,,NONINCAPACITATING INJURY,16,5,41.9314847047,-87.7467398263,2021,30,POINT (-87.7467398263 41.9314847047),,,,,2021-05-29,False,18,Belmont Cragin
5520,30,NO CONTROLS,NO CONTROLS,CLEAR,DAYLIGHT,PEDALCYCLIST,NOT DIVIDED,STRAIGHT AND LEVEL,DRY,NO DEFECTS,,UNABLE TO DETERMINE,UNABLE TO DETERMINE,,NO INDICATION OF INJURY,18,5,41.9640667508,-87.6663321007,2021,30,POINT (-87.6663321007 41.9640667508),,,,,2021-05-29,False,2,Uptown
5521,35,STOP SIGN/FLASHER,NO CONTROLS,CLEAR,DAYLIGHT,PEDALCYCLIST,NOT DIVIDED,STRAIGHT AND LEVEL,UNKNOWN,UNKNOWN,Y,DISREGARDING STOP SIGN,DISREGARDING STOP SIGN,Y,NO INDICATION OF INJURY,19,5,41.9491500019,-87.6542401854,2021,35,POINT (-87.6542401854 41.9491500019),,,,,2021-05-29,False,5,Lake View
5522,30,STOP SIGN/FLASHER,FUNCTIONING PROPERLY,CLEAR,DAYLIGHT,PEDALCYCLIST,FOUR WAY,STRAIGHT ON GRADE,DRY,NO DEFECTS,Y,DISREGARDING STOP SIGN,FAILING TO REDUCE SPEED TO AVOID CRASH,,NONINCAPACITATING INJURY,12,5,41.694962005,-87.7107770326,2021,30,POINT (-87.7107770326 41.694962005),,,,,2021-05-30,False,73,Mount Greenwood
5523,30,STOP SIGN/FLASHER,NO CONTROLS,CLEAR,DAYLIGHT,PEDALCYCLIST,ONE-WAY,STRAIGHT AND LEVEL,DRY,NO DEFECTS,Y,FAILING TO REDUCE SPEED TO AVOID CRASH,NOT APPLICABLE,,NO INDICATION OF INJURY,15,5,41.8075853851,-87.6210205696,2021,30,POINT (-87.6210205696 41.8075853851),,,,,2021-05-30,False,37,Grand Boulevard
5524,30,TRAFFIC SIGNAL,FUNCTIONING PROPERLY,CLEAR,DAYLIGHT,PEDALCYCLIST,NOT DIVIDED,STRAIGHT AND LEVEL,DRY,NO DEFECTS,,IMPROPER OVERTAKING/PASSING,NOT APPLICABLE,,NONINCAPACITATING INJURY,16,5,41.9134838259,-87.6482062449,2021,30,POINT (-87.6482062449 41.9134838259),,,,,2021-05-30,False,6,Lincoln Park
5525,30,STOP SIGN/FLASHER,FUNCTIONING PROPERLY,CLEAR,"DARKNESS, LIGHTED ROAD",PEDALCYCLIST,FOUR WAY,STRAIGHT AND LEVEL,DRY,NO DEFECTS,Y,UNABLE TO DETERMINE,UNABLE TO DETERMINE,N,NONINCAPACITATING INJURY,2,5,41.9491525433,-87.6544465886,2021,30,POINT (-87.6544465886 41.9491525433),,,,,2021-05-31,False,5,Lake View
5526,30,STOP SIGN/FLASHER,OTHER,CLOUDY/OVERCAST,DAYLIGHT,PEDALCYCLIST,OTHER,STRAIGHT AND LEVEL,DRY,NO DEFECTS,Y,UNABLE TO DETERMINE,UNABLE TO DETERMINE,,NONINCAPACITATING INJURY,11,5,41.9394455648,-87.7663834888,2021,30,POINT (-87.7663834888 41.9394455648),,,,,2021-05-31,False,14,Portage Park
5527,30,NO CONTROLS,NO CONTROLS,CLEAR,DAYLIGHT,PEDALCYCLIST,NOT DIVIDED,STRAIGHT AND LEVEL,DRY,NO DEFECTS,,FAILING TO YIELD RIGHT-OF-WAY,NOT APPLICABLE,Y,NONINCAPACITATING INJURY,12,5,41.8560506001,-87.6240366276,2021,30,POINT (-87.6240366276 41.8560506001),,,,,2021-05-31,False,32,Near South Side
5528,20,NO CONTROLS,NO CONTROLS,CLEAR,DAYLIGHT,PEDALCYCLIST,DIVIDED - W/MEDIAN (NOT RAISED),STRAIGHT AND LEVEL,DRY,NO DEFECTS,Y,FAILING TO YIELD RIGHT-OF-WAY,IMPROPER OVERTAKING/PASSING,,NONINCAPACITATING INJURY,19,5,41.9272933435,-87.7368379108,2021,20,POINT (-87.7368379108 41.9272933435),,,,,2021-05-31,False,19,Hermosa
5529,30,TRAFFIC SIGNAL,FUNCTIONING PROPERLY,CLEAR,DAYLIGHT,PEDALCYCLIST,NOT DIVIDED,STRAIGHT AND LEVEL,DRY,NO DEFECTS,,FAILING TO YIELD RIGHT-OF-WAY,NOT APPLICABLE,,NO INDICATION OF INJURY,7,6,41.9505765164,-87.6490676222,2021,30,POINT (-87.6490676222 41.9505765164),,,,,2021-06-01,False,5,Lake View
5530,30,NO CONTROLS,NO CONTROLS,CLEAR,DAYLIGHT,PEDALCYCLIST,DIVIDED - W/MEDIAN BARRIER,STRAIGHT AND LEVEL,DRY,NO DEFECTS,,UNABLE TO DETERMINE,NOT APPLICABLE,,NONINCAPACITATING INJURY,11,6,41.7214078994,-87.6563677938,2021,30,POINT (-87.6563677938 41.7214078994),,,,,2021-06-01,False,71,Beverly
5531,30,STOP SIGN/FLASHER,NO CONTROLS,CLEAR,DAYLIGHT,PEDALCYCLIST,NOT DIVIDED,STRAIGHT AND LEVEL,DRY,NO DEFECTS,,DISREGARDING STOP SIGN,DISREGARDING STOP SIGN,,NONINCAPACITATING INJURY,11,6,41.8257253792,-87.6085976819,2021,30,POINT (-87.6085976819 41.8257253792),,,,,2021-06-01,False,34,Douglas
5532,25,NO CONTROLS,NO CONTROLS,CLEAR,DAYLIGHT,PEDALCYCLIST,NOT DIVIDED,STRAIGHT AND LEVEL,DRY,NO DEFECTS,,FOLLOWING TOO CLOSELY,UNABLE TO DETERMINE,,INCAPACITATING INJURY,16,6,41.9654942798,-87.6863381893,2021,25,POINT (-87.6863381893 41.9654942798),,,,,2021-06-01,True,3,Lincoln Square
5533,30,TRAFFIC SIGNAL,FUNCTIONING PROPERLY,CLEAR,DAYLIGHT,PEDALCYCLIST,NOT DIVIDED,STRAIGHT AND LEVEL,DRY,NO DEFECTS,,UNABLE TO DETERMINE,UNABLE TO DETERMINE,,NONINCAPACITATING INJURY,19,6,41.7569151775,-87.553534773,2021,30,POINT (-87.553534773 41.7569151775),,,,,2021-06-01,False,42,South Shore
5534,30,NO CONTROLS,NO CONTROLS,CLEAR,"DARKNESS, LIGHTED ROAD",PEDALCYCLIST,NOT DIVIDED,STRAIGHT AND LEVEL,DRY,NO DEFECTS,,UNABLE TO DETERMINE,UNABLE TO DETERMINE,,NO INDICATION OF INJURY,21,6,41.8743010445,-87.6390821213,2021,30,POINT (-87.6390821213 41.8743010445),,,,,2021-06-01,False,27,Near West Side
5535,25,UNKNOWN,UNKNOWN,CLEAR,DAYLIGHT,PEDALCYCLIST,NOT DIVIDED,STRAIGHT AND LEVEL,UNKNOWN,UNKNOWN,Y,UNABLE TO DETERMINE,UNABLE TO DETERMINE,,NONINCAPACITATING INJURY,13,6,41.9058803929,-87.6316581283,2021,25,POINT (-87.6316581283 41.9058803929),,,,,2021-06-02,False,7,Near North Side
5536,10,NO CONTROLS,NO CONTROLS,CLEAR,DAYLIGHT,PEDALCYCLIST,OTHER,"CURVE, LEVEL",DRY,UNKNOWN,,"OPERATING VEHICLE IN ERRATIC, RECKLESS, CARELESS, NEGLIGENT OR AGGRESSIVE MANNER",NOT APPLICABLE,,NONINCAPACITATING INJURY,13,6,41.8024704203,-87.5817779276,2021,10,POINT (-87.5817779276 41.8024704203),,,,,2021-06-02,False,38,Kenwood
5537,30,TRAFFIC SIGNAL,FUNCTIONING PROPERLY,CLEAR,DAYLIGHT,PEDALCYCLIST,FOUR WAY,STRAIGHT AND LEVEL,DRY,NO DEFECTS,Y,BICYCLE ADVANCING LEGALLY ON RED LIGHT,NOT APPLICABLE,,NONINCAPACITATING INJURY,18,6,41.8899617074,-87.6326935096,2021,30,POINT (-87.6326935096 41.8899617074),,,,,2021-06-02,False,7,Near North Side
5538,45,TRAFFIC SIGNAL,FUNCTIONING PROPERLY,CLEAR,DAYLIGHT,PEDALCYCLIST,DIVIDED - W/MEDIAN BARRIER,STRAIGHT AND LEVEL,DRY,NO DEFECTS,Y,DISREGARDING ROAD MARKINGS,DISREGARDING TRAFFIC SIGNALS,,NONINCAPACITATING INJURY,8,6,41.8783101346,-87.6175759034,2021,45,POINT (-87.6175759034 41.8783101346),,,,,2021-06-03,False,31,Loop
5539,30,STOP SIGN/FLASHER,FUNCTIONING PROPERLY,CLEAR,DAYLIGHT,PEDALCYCLIST,NOT DIVIDED,STRAIGHT AND LEVEL,DRY,NO DEFECTS,,IMPROPER OVERTAKING/PASSING,NOT APPLICABLE,,NONINCAPACITATING INJURY,16,6,41.6798890388,-87.6285693895,2021,30,POINT (-87.6285693895 41.6798890388),,,,,2021-06-03,False,52,West Pullman
5540,20,NO CONTROLS,NO CONTROLS,CLEAR,DAYLIGHT,PEDALCYCLIST,DIVIDED - W/MEDIAN (NOT RAISED),STRAIGHT AND LEVEL,DRY,NO DEFECTS,,FAILING TO REDUCE SPEED TO AVOID CRASH,NOT APPLICABLE,,NONINCAPACITATING INJURY,16,6,41.8834118428,-87.7308543212,2021,20,POINT (-87.7308543212 41.8834118428),,,,,2021-06-03,False,25,Garfield Park
5541,30,TRAFFIC SIGNAL,FUNCTIONING PROPERLY,CLEAR,DAYLIGHT,PEDALCYCLIST,DIVIDED - W/MEDIAN (NOT RAISED),STRAIGHT AND LEVEL,DRY,NO DEFECTS,,UNABLE TO DETERMINE,UNABLE TO DETERMINE,,NO INDICATION OF INJURY,17,6,41.932415717,-87.6709746135,2021,30,POINT (-87.6709746135 41.932415717),,,,,2021-06-03,False,5,Lake View
5542,35,STOP SIGN/FLASHER,FUNCTIONING PROPERLY,CLEAR,DAYLIGHT,PEDALCYCLIST,NOT DIVIDED,STRAIGHT AND LEVEL,DRY,NO DEFECTS,Y,DISREGARDING STOP SIGN,UNABLE TO DETERMINE,,NONINCAPACITATING INJURY,17,6,41.7398967056,-87.6320890652,2021,35,POINT (-87.6320890652 41.7398967056),,,,,2021-06-03,False,43,Chatham
5543,30,NO CONTROLS,NO CONTROLS,CLEAR,"DARKNESS, LIGHTED ROAD",PEDALCYCLIST,NOT DIVIDED,STRAIGHT ON GRADE,DRY,NO DEFECTS,Y,UNABLE TO DETERMINE,NOT APPLICABLE,,NONINCAPACITATING INJURY,21,6,41.778567203,-87.7399094751,2021,30,POINT (-87.7399094751 41.778567203),,,,,2021-06-03,False,63,Clearing
5544,30,NO CONTROLS,NO CONTROLS,CLEAR,DAYLIGHT,PEDALCYCLIST,NOT DIVIDED,STRAIGHT AND LEVEL,DRY,NO DEFECTS,,UNABLE TO DETERMINE,UNABLE TO DETERMINE,,NO INDICATION OF INJURY,15,6,41.9612715546,-87.6840549151,2021,30,POINT (-87.6840549151 41.9612715546),,,,,2021-06-04,False,4,North Center
5545,20,STOP SIGN/FLASHER,FUNCTIONING PROPERLY,CLEAR,DAYLIGHT,PEDALCYCLIST,FOUR WAY,STRAIGHT AND LEVEL,DRY,NO DEFECTS,Y,UNABLE TO DETERMINE,UNABLE TO DETERMINE,,NONINCAPACITATING INJURY,16,6,41.7460893668,-87.5735965761,2021,20,POINT (-87.5735965761 41.7460893668),,,,,2021-06-04,False,44,Avalon Park
5546,30,STOP SIGN/FLASHER,FUNCTIONING PROPERLY,CLEAR,DAYLIGHT,PEDALCYCLIST,FOUR WAY,STRAIGHT AND LEVEL,DRY,NO DEFECTS,Y,IMPROPER OVERTAKING/PASSING,NOT APPLICABLE,,NO INDICATION OF INJURY,16,6,41.9393133173,-87.707843646,2021,30,POINT (-87.707843646 41.9393133173),,,,,2021-06-04,False,15,Irving Park
5547,30,TRAFFIC SIGNAL,UNKNOWN,CLEAR,DAYLIGHT,PEDALCYCLIST,FOUR WAY,STRAIGHT AND LEVEL,DRY,NO DEFECTS,Y,UNABLE TO DETERMINE,UNABLE TO DETERMINE,,NONINCAPACITATING INJURY,17,6,41.8765452644,-87.6619784321,2021,30,POINT (-87.6619784321 41.8765452644),,,,,2021-06-04,False,27,Near West Side
5548,30,NO CONTROLS,NO CONTROLS,CLEAR,DAYLIGHT,PEDALCYCLIST,NOT DIVIDED,STRAIGHT AND LEVEL,DRY,NO DEFECTS,,FAILING TO YIELD RIGHT-OF-WAY,NOT APPLICABLE,,"REPORTED, NOT EVIDENT",17,6,41.9385238773,-87.7787685074,2021,30,POINT (-87.7787685074 41.9385238773),,,,,2021-06-04,False,14,Portage Park
5549,30,TRAFFIC SIGNAL,FUNCTIONING PROPERLY,CLEAR,DAYLIGHT,PEDALCYCLIST,FOUR WAY,STRAIGHT AND LEVEL,DRY,NO DEFECTS,Y,NOT APPLICABLE,"VISION OBSCURED (SIGNS, TREE LIMBS, BUILDINGS, ETC.)",,NONINCAPACITATING INJURY,18,6,41.8648025706,-87.686221666,2021,30,POINT (-87.686221666 41.8648025706),,,,,2021-06-04,False,27,Near West Side
5550,30,NO CONTROLS,NO CONTROLS,CLEAR,DUSK,PEDALCYCLIST,ONE-WAY,STRAIGHT AND LEVEL,DRY,NO DEFECTS,,UNABLE TO DETERMINE,UNABLE TO DETERMINE,,NONINCAPACITATING INJURY,19,6,41.9718736727,-87.7378566335,2021,30,POINT (-87.7378566335 41.9718736727),,,,,2021-06-04,False,11,Forest Glen
5551,25,NO CONTROLS,NO CONTROLS,CLEAR,DAYLIGHT,PEDALCYCLIST,FOUR WAY,STRAIGHT AND LEVEL,DRY,NO DEFECTS,Y,NOT APPLICABLE,FAILING TO YIELD RIGHT-OF-WAY,,INCAPACITATING INJURY,19,6,41.7553144185,-87.5628102435,2021,25,POINT (-87.5628102435 41.7553144185),,,,,2021-06-04,True,42,South Shore
5552,0,NO CONTROLS,NO CONTROLS,CLEAR,DAYLIGHT,PEDALCYCLIST,NOT DIVIDED,STRAIGHT AND LEVEL,DRY,NO DEFECTS,,DRIVING SKILLS/KNOWLEDGE/EXPERIENCE,NOT APPLICABLE,,NONINCAPACITATING INJURY,8,6,41.8941377854,-87.6178867683,2021,0,POINT (-87.6178867683 41.8941377854),,,,,2021-06-05,False,7,Near North Side
5553,20,NO CONTROLS,NO CONTROLS,CLEAR,DAYLIGHT,PEDALCYCLIST,NOT DIVIDED,STRAIGHT AND LEVEL,DRY,NO DEFECTS,,FAILING TO YIELD RIGHT-OF-WAY,NOT APPLICABLE,N,INCAPACITATING INJURY,10,6,41.9266796311,-87.697612342,2021,20,POINT (-87.697612342 41.9266796311),,,,,2021-06-05,True,21,Logan Square
5554,30,NO CONTROLS,NO CONTROLS,CLEAR,DAYLIGHT,PEDALCYCLIST,FOUR WAY,STRAIGHT AND LEVEL,UNKNOWN,UNKNOWN,Y,FAILING TO YIELD RIGHT-OF-WAY,FAILING TO YIELD RIGHT-OF-WAY,,INCAPACITATING INJURY,10,6,41.883719707,-87.6475633216,2021,30,POINT (-87.6475633216 41.883719707),,,,,2021-06-05,True,27,Near West Side
5555,35,TRAFFIC SIGNAL,FUNCTIONING PROPERLY,CLEAR,DAYLIGHT,PEDALCYCLIST,NOT DIVIDED,STRAIGHT AND LEVEL,DRY,UNKNOWN,,PHYSICAL CONDITION OF DRIVER,NOT APPLICABLE,,NO INDICATION OF INJURY,11,6,41.9543043197,-87.7277825386,2021,35,POINT (-87.7277825386 41.9543043197),,,,,2021-06-05,False,15,Irving Park
5556,30,TRAFFIC SIGNAL,FUNCTIONING PROPERLY,CLEAR,DAYLIGHT,PEDALCYCLIST,FOUR WAY,STRAIGHT AND LEVEL,DRY,NO DEFECTS,Y,FAILING TO YIELD RIGHT-OF-WAY,FAILING TO YIELD RIGHT-OF-WAY,,INCAPACITATING INJURY,11,6,41.8958290779,-87.6845447259,2021,30,POINT (-87.6845447259 41.8958290779),,,,,2021-06-05,True,23,West Town
5557,30,NO CONTROLS,NO CONTROLS,CLEAR,DAYLIGHT,PEDALCYCLIST,NOT DIVIDED,STRAIGHT AND LEVEL,DRY,NO DEFECTS,,UNABLE TO DETERMINE,NOT APPLICABLE,,NO INDICATION OF INJURY,13,6,41.9467722199,-87.7005461753,2021,30,POINT (-87.7005461753 41.9467722199),,,,,2021-06-05,False,15,Irving Park
5558,30,TRAFFIC SIGNAL,FUNCTIONING PROPERLY,CLEAR,DAYLIGHT,PEDALCYCLIST,NOT DIVIDED,STRAIGHT AND LEVEL,DRY,UNKNOWN,,IMPROPER TURNING/NO SIGNAL,NOT APPLICABLE,,NONINCAPACITATING INJURY,13,6,41.8909311234,-87.6368684999,2021,30,POINT (-87.6368684999 41.8909311234),,,,,2021-06-05,False,7,Near North Side
5559,30,NO CONTROLS,NO CONTROLS,CLEAR,DAYLIGHT,PEDALCYCLIST,NOT DIVIDED,STRAIGHT AND LEVEL,DRY,WORN SURFACE,,NOT APPLICABLE,"VISION OBSCURED (SIGNS, TREE LIMBS, BUILDINGS, ETC.)",Y,NONINCAPACITATING INJURY,16,6,41.9667747681,-87.7774352856,2021,30,POINT (-87.7774352856 41.9667747681),,,,,2021-06-05,False,14,Portage Park
5560,30,NO CONTROLS,NO CONTROLS,CLEAR,DAYLIGHT,PEDALCYCLIST,NOT DIVIDED,STRAIGHT AND LEVEL,DRY,NO DEFECTS,,IMPROPER LANE USAGE,UNABLE TO DETERMINE,Y,NONINCAPACITATING INJURY,17,6,41.9511630254,-87.6598733049,2021,30,POINT (-87.6598733049 41.9511630254),,,,,2021-06-05,False,5,Lake View
5561,30,UNKNOWN,UNKNOWN,UNKNOWN,UNKNOWN,PEDALCYCLIST,OTHER,STRAIGHT AND LEVEL,UNKNOWN,UNKNOWN,Y,UNABLE TO DETERMINE,UNABLE TO DETERMINE,,NO INDICATION OF INJURY,17,6,41.9655542314,-87.6537816362,2021,30,POINT (-87.6537816362 41.9655542314),,,,,2021-06-05,False,2,Uptown
5562,30,UNKNOWN,UNKNOWN,CLEAR,DAYLIGHT,PEDALCYCLIST,UNKNOWN,STRAIGHT AND LEVEL,DRY,UNKNOWN,,UNABLE TO DETERMINE,NOT APPLICABLE,,NONINCAPACITATING INJURY,18,6,41.9029719123,-87.6834849313,2021,30,POINT (-87.6834849313 41.9029719123),,,,,2021-06-05,False,23,West Town
5563,30,TRAFFIC SIGNAL,UNKNOWN,CLEAR,"DARKNESS, LIGHTED ROAD",PEDALCYCLIST,DIVIDED - W/MEDIAN (NOT RAISED),STRAIGHT AND LEVEL,DRY,NO DEFECTS,Y,FAILING TO YIELD RIGHT-OF-WAY,UNABLE TO DETERMINE,,"REPORTED, NOT EVIDENT",21,6,41.9758382781,-87.7088291852,2021,30,POINT (-87.7088291852 41.9758382781),,,,,2021-06-05,False,12,North Park
5564,30,NO CONTROLS,NO CONTROLS,CLEAR,"DARKNESS, LIGHTED ROAD",PEDALCYCLIST,NOT DIVIDED,STRAIGHT AND LEVEL,DRY,NO DEFECTS,,DISREGARDING ROAD MARKINGS,UNABLE TO DETERMINE,,NO INDICATION OF INJURY,1,6,41.9532127227,-87.6498162757,2021,30,POINT (-87.6498162757 41.9532127227),,,,,2021-06-06,False,5,Lake View
5565,30,STOP SIGN/FLASHER,FUNCTIONING PROPERLY,CLEAR,DAYLIGHT,PEDALCYCLIST,FOUR WAY,STRAIGHT AND LEVEL,DRY,NO DEFECTS,Y,DRIVING SKILLS/KNOWLEDGE/EXPERIENCE,UNABLE TO DETERMINE,Y,"REPORTED, NOT EVIDENT",10,6,41.8410810721,-87.6331038626,2021,30,POINT (-87.6331038626 41.8410810721),,,,,2021-06-06,False,33,Armour Square
5566,30,NO CONTROLS,NO CONTROLS,CLEAR,DAYLIGHT,PEDALCYCLIST,DIVIDED - W/MEDIAN (NOT RAISED),STRAIGHT AND LEVEL,DRY,NO DEFECTS,,NOT APPLICABLE,NOT APPLICABLE,Y,INCAPACITATING INJURY,13,6,41.9398189188,-87.652819706,2021,30,POINT (-87.652819706 41.9398189188),,,,,2021-06-06,True,5,Lake View
5567,30,NO CONTROLS,NO CONTROLS,CLEAR,DAYLIGHT,PEDALCYCLIST,DIVIDED - W/MEDIAN (NOT RAISED),STRAIGHT AND LEVEL,DRY,NO DEFECTS,,IMPROPER OVERTAKING/PASSING,PHYSICAL CONDITION OF DRIVER,,INCAPACITATING INJURY,14,6,41.9090376541,-87.6751459225,2021,30,POINT (-87.6751459225 41.9090376541),,,,,2021-06-06,True,23,West Town
5568,30,TRAFFIC SIGNAL,FUNCTIONING PROPERLY,CLEAR,DAYLIGHT,PEDALCYCLIST,ROUNDABOUT,STRAIGHT AND LEVEL,DRY,NO DEFECTS,,FAILING TO YIELD RIGHT-OF-WAY,NOT APPLICABLE,Y,NONINCAPACITATING INJURY,16,6,41.9974205577,-87.7672193578,2021,30,POINT (-87.7672193578 41.9974205577),,,,,2021-06-06,False,11,Forest Glen
5569,30,NO CONTROLS,NO CONTROLS,CLEAR,DAYLIGHT,PEDALCYCLIST,NOT DIVIDED,STRAIGHT AND LEVEL,DRY,NO DEFECTS,,NOT APPLICABLE,NOT APPLICABLE,,NONINCAPACITATING INJURY,17,6,41.9469763842,-87.6629369302,2021,30,POINT (-87.6629369302 41.9469763842),,,,,2021-06-06,False,5,Lake View
5570,30,NO CONTROLS,NO CONTROLS,CLEAR,DAYLIGHT,PEDALCYCLIST,NOT DIVIDED,STRAIGHT AND LEVEL,DRY,NO DEFECTS,Y,IMPROPER TURNING/NO SIGNAL,UNABLE TO DETERMINE,,NONINCAPACITATING INJURY,18,6,42.01146046,-87.6745934517,2021,30,POINT (-87.6745934517 42.01146046),,,,,2021-06-06,False,0,Rogers Park
5571,30,TRAFFIC SIGNAL,FUNCTIONING PROPERLY,CLEAR,DUSK,PEDALCYCLIST,DIVIDED - W/MEDIAN BARRIER,STRAIGHT AND LEVEL,DRY,UNKNOWN,,UNABLE TO DETERMINE,UNABLE TO DETERMINE,,NO INDICATION OF INJURY,20,6,41.8717175481,-87.6243127769,2021,30,POINT (-87.6243127769 41.8717175481),,,,,2021-06-06,False,31,Loop
5572,30,NO CONTROLS,NO CONTROLS,CLOUDY/OVERCAST,DAYLIGHT,PEDALCYCLIST,ONE-WAY,STRAIGHT AND LEVEL,DRY,NO DEFECTS,,FAILING TO YIELD RIGHT-OF-WAY,NOT APPLICABLE,,NONINCAPACITATING INJURY,6,6,41.8802047889,-87.640995167,2021,30,POINT (-87.640995167 41.8802047889),,,,,2021-06-07,False,27,Near West Side
5573,30,NO CONTROLS,NO CONTROLS,CLEAR,DAYLIGHT,PEDALCYCLIST,ONE-WAY,STRAIGHT AND LEVEL,DRY,NO DEFECTS,,FAILING TO YIELD RIGHT-OF-WAY,FAILING TO YIELD RIGHT-OF-WAY,,NO INDICATION OF INJURY,9,6,41.847822247,-87.6172460707,2021,30,POINT (-87.6172460707 41.847822247),,,,,2021-06-07,False,32,Near South Side
5574,30,TRAFFIC SIGNAL,FUNCTIONING PROPERLY,CLEAR,DAYLIGHT,PEDALCYCLIST,NOT DIVIDED,STRAIGHT AND LEVEL,DRY,UNKNOWN,,UNABLE TO DETERMINE,UNABLE TO DETERMINE,Y,INCAPACITATING INJURY,14,6,41.9031191187,-87.6663365257,2021,30,POINT (-87.6663365257 41.9031191187),,,,,2021-06-07,True,23,West Town
5575,30,TRAFFIC SIGNAL,FUNCTIONING PROPERLY,CLEAR,DAYLIGHT,PEDALCYCLIST,NOT DIVIDED,STRAIGHT AND LEVEL,DRY,NO DEFECTS,,UNABLE TO DETERMINE,DRIVING SKILLS/KNOWLEDGE/EXPERIENCE,Y,NONINCAPACITATING INJURY,17,6,41.901311348,-87.6630730252,2021,30,POINT (-87.6630730252 41.901311348),,,,,2021-06-07,False,23,West Town
5576,30,TRAFFIC SIGNAL,FUNCTIONING PROPERLY,CLEAR,"DARKNESS, LIGHTED ROAD",PEDALCYCLIST,CENTER TURN LANE,STRAIGHT AND LEVEL,DRY,NO DEFECTS,Y,UNABLE TO DETERMINE,NOT APPLICABLE,,NONINCAPACITATING INJURY,21,6,41.8807189579,-87.735600609,2021,30,POINT (-87.735600609 41.8807189579),,,,,2021-06-07,False,25,Garfield Park
5577,30,STOP SIGN/FLASHER,FUNCTIONING PROPERLY,CLEAR,"DARKNESS, LIGHTED ROAD",PEDALCYCLIST,NOT DIVIDED,STRAIGHT AND LEVEL,DRY,NO DEFECTS,Y,UNABLE TO DETERMINE,UNABLE TO DETERMINE,N,INCAPACITATING INJURY,22,6,41.9810298866,-87.7685244062,2021,30,POINT (-87.7685244062 41.9810298866),,,,,2021-06-07,True,10,Jefferson Park
5578,15,NO CONTROLS,NO CONTROLS,CLEAR,"DARKNESS, LIGHTED ROAD",PEDALCYCLIST,FOUR WAY,STRAIGHT AND LEVEL,DRY,NO DEFECTS,Y,FAILING TO YIELD RIGHT-OF-WAY,DRIVING ON WRONG SIDE/WRONG WAY,,INCAPACITATING INJURY,23,6,41.9616360314,-87.6725698595,2021,15,POINT (-87.6725698595 41.9616360314),,,,,2021-06-07,True,2,Uptown
5579,20,NO CONTROLS,NO CONTROLS,CLEAR,DAYLIGHT,PEDALCYCLIST,ONE-WAY,STRAIGHT AND LEVEL,DRY,NO DEFECTS,,UNABLE TO DETERMINE,UNABLE TO DETERMINE,Y,NONINCAPACITATING INJURY,12,6,41.977774474,-87.6961238952,2021,20,POINT (-87.6961238952 41.977774474),,,,,2021-06-08,False,3,Lincoln Square
5580,30,NO CONTROLS,NO CONTROLS,CLEAR,DAYLIGHT,PEDALCYCLIST,DIVIDED - W/MEDIAN (NOT RAISED),STRAIGHT AND LEVEL,DRY,NO DEFECTS,,FAILING TO YIELD RIGHT-OF-WAY,UNABLE TO DETERMINE,Y,"REPORTED, NOT EVIDENT",14,6,41.9482408802,-87.7114230511,2021,30,POINT (-87.7114230511 41.9482408802),,,,,2021-06-08,False,15,Irving Park
5581,30,NO CONTROLS,NO CONTROLS,CLEAR,DAYLIGHT,PEDALCYCLIST,NOT DIVIDED,STRAIGHT AND LEVEL,DRY,NO DEFECTS,,UNABLE TO DETERMINE,NOT APPLICABLE,,NONINCAPACITATING INJURY,17,6,41.8642056857,-87.6466870037,2021,30,POINT (-87.6466870037 41.8642056857),,,,,2021-06-08,False,27,Near West Side
5582,30,NO CONTROLS,NO CONTROLS,CLEAR,DUSK,PEDALCYCLIST,NOT DIVIDED,STRAIGHT AND LEVEL,DRY,NO DEFECTS,,FAILING TO YIELD RIGHT-OF-WAY,FAILING TO REDUCE SPEED TO AVOID CRASH,,NONINCAPACITATING INJURY,19,6,41.9209273422,-87.7219254107,2021,30,POINT (-87.7219254107 41.9209273422),,,,,2021-06-08,False,21,Logan Square