Unnamed: 0,POSTED_SPEED_LIMIT,TRAFFIC_CONTROL_DEVICE,DEVICE_CONDITION,WEATHER_CONDITION,LIGHTING_CONDITION,FIRST_CRASH_TYPE,TRAFFICWAY_TYPE,ALIGNMENT,ROADWAY_SURFACE_COND,ROAD_DEFECT,INTERSECTION_RELATED_I,PRIM_CONTRIBUTORY_CAUSE,SEC_CONTRIBUTORY_CAUSE,DOORING_I,MOST_SEVERE_INJURY,CRASH_HOUR,CRASH_MONTH,LATITUDE,LONGITUDE,CRASH_YEAR,SPEED_LIMIT,geometry,DISPLAYROU,the_geom,DIST,LANE_TYPE,CRASH_DATE,is_severe,index_right,CArea
5583,30,NO CONTROLS,NO CONTROLS,CLEAR,DAYLIGHT,PEDALCYCLIST,DIVIDED - W/MEDIAN (NOT RAISED),STRAIGHT AND LEVEL,DRY,NO DEFECTS,,UNABLE TO DETERMINE,UNABLE TO DETERMINE,,NONINCAPACITATING INJURY,19,6,41.9401983227,-87.6415450199,2021,30,POINT (-87.6415450199 41.9401983227),,,,,2021-06-08,False,5,Lake View
5584,30,NO CONTROLS,NO CONTROLS,CLEAR,"DARKNESS, LIGHTED ROAD",PEDALCYCLIST,NOT DIVIDED,STRAIGHT AND LEVEL,DRY,NO DEFECTS,,DRIVING ON WRONG SIDE/WRONG WAY,NOT APPLICABLE,,INCAPACITATING INJURY,20,6,41.9311665019,-87.7663037491,2021,30,POINT (-87.7663037491 41.9311665019),,,,,2021-06-08,True,18,Belmont Cragin
5585,30,NO CONTROLS,NO CONTROLS,CLEAR,DUSK,PEDALCYCLIST,NOT DIVIDED,STRAIGHT AND LEVEL,DRY,NO DEFECTS,,IMPROPER LANE USAGE,UNABLE TO DETERMINE,,NONINCAPACITATING INJURY,20,6,42.0193433149,-87.6811291261,2021,30,POINT (-87.6811291261 42.0193433149),,,,,2021-06-08,False,0,Rogers Park
5586,30,NO CONTROLS,NO CONTROLS,CLEAR,DAYLIGHT,PEDALCYCLIST,NOT DIVIDED,STRAIGHT AND LEVEL,DRY,NO DEFECTS,,"VISION OBSCURED (SIGNS, TREE LIMBS, BUILDINGS, ETC.)","VISION OBSCURED (SIGNS, TREE LIMBS, BUILDINGS, ETC.)",,NO INDICATION OF INJURY,11,6,41.8030601919,-87.685864411,2021,30,POINT (-87.685864411 41.8030601919),,,,,2021-06-09,False,62,Gage Park
5587,30,NO CONTROLS,NO CONTROLS,CLEAR,DAYLIGHT,PEDALCYCLIST,T-INTERSECTION,STRAIGHT AND LEVEL,DRY,NO DEFECTS,Y,UNABLE TO DETERMINE,NOT APPLICABLE,,NONINCAPACITATING INJURY,12,6,41.9838390064,-87.7114809881,2021,30,POINT (-87.7114809881 41.9838390064),,,,,2021-06-09,False,12,North Park
5588,30,STOP SIGN/FLASHER,FUNCTIONING PROPERLY,CLEAR,DAYLIGHT,PEDALCYCLIST,NOT DIVIDED,STRAIGHT AND LEVEL,DRY,NO DEFECTS,,FAILING TO YIELD RIGHT-OF-WAY,NOT APPLICABLE,,NONINCAPACITATING INJURY,13,6,41.9900811653,-87.7811298828,2021,30,POINT (-87.7811298828 41.9900811653),,,,,2021-06-09,False,10,Jefferson Park
5589,30,TRAFFIC SIGNAL,FUNCTIONING PROPERLY,CLEAR,DAYLIGHT,PEDALCYCLIST,NOT DIVIDED,STRAIGHT AND LEVEL,DRY,NO DEFECTS,Y,UNABLE TO DETERMINE,NOT APPLICABLE,,NONINCAPACITATING INJURY,14,6,41.8096442152,-87.6064587107,2021,30,POINT (-87.6064587107 41.8096442152),,,,,2021-06-09,False,37,Grand Boulevard
5590,30,TRAFFIC SIGNAL,FUNCTIONING PROPERLY,CLEAR,DAYLIGHT,PEDALCYCLIST,NOT DIVIDED,STRAIGHT AND LEVEL,DRY,NO DEFECTS,Y,UNABLE TO DETERMINE,UNABLE TO DETERMINE,,NO INDICATION OF INJURY,15,6,41.8933317262,-87.6478209821,2021,30,POINT (-87.6478209821 41.8933317262),,,,,2021-06-09,False,7,Near North Side
5591,35,TRAFFIC SIGNAL,FUNCTIONING PROPERLY,CLEAR,DAYLIGHT,PEDALCYCLIST,FOUR WAY,STRAIGHT AND LEVEL,DRY,NO DEFECTS,Y,FAILING TO YIELD RIGHT-OF-WAY,UNABLE TO DETERMINE,,NONINCAPACITATING INJURY,16,6,41.7785179236,-87.7424421884,2021,35,POINT (-87.7424421884 41.7785179236),,,,,2021-06-09,False,63,Clearing
5592,30,NO CONTROLS,NO CONTROLS,CLEAR,DUSK,PEDALCYCLIST,NOT DIVIDED,STRAIGHT AND LEVEL,DRY,NO DEFECTS,,NOT APPLICABLE,NOT APPLICABLE,Y,NO INDICATION OF INJURY,20,6,41.9039639609,-87.6344018357,2021,30,POINT (-87.6344018357 41.9039639609),,,,,2021-06-09,False,7,Near North Side
5593,30,BICYCLE CROSSING SIGN,NOT FUNCTIONING,CLEAR,DAYLIGHT,PEDALCYCLIST,NOT DIVIDED,STRAIGHT AND LEVEL,DRY,NO DEFECTS,,FAILING TO YIELD RIGHT-OF-WAY,UNABLE TO DETERMINE,Y,"REPORTED, NOT EVIDENT",8,6,41.9024622669,-87.6653060947,2021,30,POINT (-87.6653060947 41.9024622669),,,,,2021-06-10,False,23,West Town
5594,30,NO CONTROLS,NO CONTROLS,CLEAR,DAYLIGHT,PEDALCYCLIST,NOT DIVIDED,STRAIGHT AND LEVEL,DRY,NO DEFECTS,,FAILING TO YIELD RIGHT-OF-WAY,NOT APPLICABLE,Y,NONINCAPACITATING INJURY,8,6,41.9958251237,-87.7091571629,2021,30,POINT (-87.7091571629 41.9958251237),,,,,2021-06-10,False,1,West Ridge
5595,5,NO CONTROLS,NO CONTROLS,CLEAR,DAYLIGHT,PEDALCYCLIST,ONE-WAY,STRAIGHT AND LEVEL,DRY,NO DEFECTS,,FOLLOWING TOO CLOSELY,UNABLE TO DETERMINE,,NO INDICATION OF INJURY,15,6,41.9667872348,-87.6806655026,2021,5,POINT (-87.6806655026 41.9667872348),,,,,2021-06-10,False,3,Lincoln Square
5596,30,NO CONTROLS,NO CONTROLS,CLEAR,DAYLIGHT,PEDALCYCLIST,NOT DIVIDED,STRAIGHT AND LEVEL,DRY,NO DEFECTS,,NOT APPLICABLE,NOT APPLICABLE,,NO INDICATION OF INJURY,16,6,41.8130354758,-87.6085164292,2021,30,POINT (-87.6085164292 41.8130354758),,,,,2021-06-10,False,37,Grand Boulevard
5597,35,OTHER,OTHER,CLEAR,DAYLIGHT,PEDALCYCLIST,NOT DIVIDED,STRAIGHT AND LEVEL,DRY,NO DEFECTS,,IMPROPER OVERTAKING/PASSING,NOT APPLICABLE,,NONINCAPACITATING INJURY,17,6,41.9083434797,-87.7315852873,2021,35,POINT (-87.7315852873 41.9083434797),,,,,2021-06-10,False,22,Humboldt Park
5598,30,STOP SIGN/FLASHER,FUNCTIONING PROPERLY,UNKNOWN,UNKNOWN,PEDALCYCLIST,T-INTERSECTION,STRAIGHT AND LEVEL,UNKNOWN,UNKNOWN,Y,UNABLE TO DETERMINE,NOT APPLICABLE,,NO INDICATION OF INJURY,21,6,41.8449217423,-87.6929431282,2021,30,POINT (-87.6929431282 41.8449217423),,,,,2021-06-10,False,29,South Lawndale
5599,30,NO CONTROLS,NO CONTROLS,CLEAR,"DARKNESS, LIGHTED ROAD",PEDALCYCLIST,NOT DIVIDED,STRAIGHT AND LEVEL,DRY,NO DEFECTS,,IMPROPER TURNING/NO SIGNAL,NOT APPLICABLE,,NONINCAPACITATING INJURY,22,6,41.9385149834,-87.7627575742,2021,30,POINT (-87.7627575742 41.9385149834),,,,,2021-06-10,False,14,Portage Park
5600,30,NO CONTROLS,NO CONTROLS,CLEAR,"DARKNESS, LIGHTED ROAD",PEDALCYCLIST,NOT DIVIDED,STRAIGHT AND LEVEL,DRY,NO DEFECTS,,UNABLE TO DETERMINE,UNABLE TO DETERMINE,,NONINCAPACITATING INJURY,23,6,41.8568863153,-87.6237644028,2021,30,POINT (-87.6237644028 41.8568863153),,,,,2021-06-10,False,32,Near South Side
5601,30,NO CONTROLS,NO CONTROLS,CLEAR,DAYLIGHT,PEDALCYCLIST,ONE-WAY,STRAIGHT AND LEVEL,DRY,NO DEFECTS,,FAILING TO YIELD RIGHT-OF-WAY,FAILING TO YIELD RIGHT-OF-WAY,,NONINCAPACITATING INJURY,7,6,41.8811184561,-87.6292277299,2021,30,POINT (-87.6292277299 41.8811184561),,,,,2021-06-11,False,31,Loop
5602,30,TRAFFIC SIGNAL,FUNCTIONING PROPERLY,CLEAR,DAYLIGHT,PEDALCYCLIST,OTHER,STRAIGHT AND LEVEL,DRY,NO DEFECTS,Y,DISREGARDING TRAFFIC SIGNALS,NOT APPLICABLE,,INCAPACITATING INJURY,8,6,41.867196447,-87.6510882209,2021,30,POINT (-87.6510882209 41.867196447),,,,,2021-06-11,True,27,Near West Side
5603,30,NO CONTROLS,NO CONTROLS,CLEAR,DAYLIGHT,PEDALCYCLIST,NOT DIVIDED,STRAIGHT AND LEVEL,DRY,NO DEFECTS,,UNABLE TO DETERMINE,NOT APPLICABLE,,"REPORTED, NOT EVIDENT",12,6,41.8862827142,-87.7382065929,2021,30,POINT (-87.7382065929 41.8862827142),,,,,2021-06-11,False,25,Garfield Park
5604,30,NO CONTROLS,NO CONTROLS,CLEAR,DAYLIGHT,PEDALCYCLIST,NOT DIVIDED,STRAIGHT AND LEVEL,DRY,NO DEFECTS,,UNABLE TO DETERMINE,UNABLE TO DETERMINE,,"REPORTED, NOT EVIDENT",13,6,41.9255005374,-87.6391788035,2021,30,POINT (-87.6391788035 41.9255005374),,,,,2021-06-11,False,6,Lincoln Park
5605,25,NO CONTROLS,NO CONTROLS,CLEAR,DAYLIGHT,PEDALCYCLIST,T-INTERSECTION,STRAIGHT AND LEVEL,DRY,NO DEFECTS,Y,FAILING TO YIELD RIGHT-OF-WAY,IMPROPER TURNING/NO SIGNAL,,NONINCAPACITATING INJURY,13,6,41.9210566072,-87.6968375153,2021,25,POINT (-87.6968375153 41.9210566072),,,,,2021-06-11,False,21,Logan Square
5606,30,NO CONTROLS,NO CONTROLS,CLEAR,DAWN,PEDALCYCLIST,NOT DIVIDED,STRAIGHT AND LEVEL,DRY,NO DEFECTS,,NOT APPLICABLE,NOT APPLICABLE,,NO INDICATION OF INJURY,19,6,41.7752585062,-87.7237457212,2021,30,POINT (-87.7237457212 41.7752585062),,,,,2021-06-11,False,64,West Lawn
5607,30,UNKNOWN,UNKNOWN,CLEAR,DAYLIGHT,PEDALCYCLIST,NOT DIVIDED,STRAIGHT AND LEVEL,UNKNOWN,UNKNOWN,,UNABLE TO DETERMINE,UNABLE TO DETERMINE,,NONINCAPACITATING INJURY,19,6,41.8855114291,-87.6631665996,2021,30,POINT (-87.6631665996 41.8855114291),,,,,2021-06-11,False,27,Near West Side
5608,30,NO CONTROLS,NO CONTROLS,CLEAR,DAYLIGHT,PEDALCYCLIST,OTHER,STRAIGHT AND LEVEL,DRY,NO DEFECTS,,FAILING TO YIELD RIGHT-OF-WAY,NOT APPLICABLE,,NONINCAPACITATING INJURY,7,6,41.8810297169,-87.6172815664,2021,30,POINT (-87.6172815664 41.8810297169),,,,,2021-06-12,False,31,Loop
5609,30,TRAFFIC SIGNAL,FUNCTIONING PROPERLY,CLEAR,DAYLIGHT,PEDALCYCLIST,FOUR WAY,STRAIGHT AND LEVEL,DRY,NO DEFECTS,Y,FAILING TO YIELD RIGHT-OF-WAY,UNABLE TO DETERMINE,,"REPORTED, NOT EVIDENT",11,6,41.9546701051,-87.6497454019,2021,30,POINT (-87.6497454019 41.9546701051),,,,,2021-06-12,False,2,Uptown
5610,30,TRAFFIC SIGNAL,FUNCTIONING PROPERLY,CLEAR,DAYLIGHT,PEDALCYCLIST,DIVIDED - W/MEDIAN (NOT RAISED),STRAIGHT AND LEVEL,DRY,NO DEFECTS,Y,UNABLE TO DETERMINE,UNABLE TO DETERMINE,,"REPORTED, NOT EVIDENT",12,6,41.975912899,-87.6924941747,2021,30,POINT (-87.6924941747 41.975912899),,,,,2021-06-12,False,3,Lincoln Square
5611,20,STOP SIGN/FLASHER,NO CONTROLS,RAIN,DAYLIGHT,PEDALCYCLIST,NOT DIVIDED,STRAIGHT AND LEVEL,WET,NO DEFECTS,,UNABLE TO DETERMINE,UNABLE TO DETERMINE,,NONINCAPACITATING INJURY,14,6,41.6810217227,-87.5338812416,2021,20,POINT (-87.5338812416 41.6810217227),,,,,2021-06-12,False,54,Hegewisch
5612,30,NO CONTROLS,NO CONTROLS,RAIN,DAYLIGHT,PEDALCYCLIST,NOT DIVIDED,STRAIGHT AND LEVEL,UNKNOWN,UNKNOWN,,UNABLE TO DETERMINE,UNABLE TO DETERMINE,Y,NO INDICATION OF INJURY,14,6,41.9308782586,-87.6563187294,2021,30,POINT (-87.6563187294 41.9308782586),,,,,2021-06-12,False,6,Lincoln Park
5613,30,TRAFFIC SIGNAL,FUNCTIONING PROPERLY,CLEAR,DAYLIGHT,PEDALCYCLIST,FOUR WAY,STRAIGHT AND LEVEL,DRY,NO DEFECTS,Y,DISREGARDING TRAFFIC SIGNALS,FAILING TO YIELD RIGHT-OF-WAY,,NONINCAPACITATING INJURY,14,6,41.954745513,-87.6453293959,2021,30,POINT (-87.6453293959 41.954745513),,,,,2021-06-12,False,2,Uptown
5614,30,TRAFFIC SIGNAL,FUNCTIONING PROPERLY,CLEAR,DAYLIGHT,PEDALCYCLIST,T-INTERSECTION,STRAIGHT AND LEVEL,DRY,NO DEFECTS,N,FAILING TO REDUCE SPEED TO AVOID CRASH,FAILING TO YIELD RIGHT-OF-WAY,,NONINCAPACITATING INJURY,11,6,41.8931660327,-87.6279562766,2021,30,POINT (-87.6279562766 41.8931660327),,,,,2021-06-13,False,7,Near North Side
5615,30,TRAFFIC SIGNAL,FUNCTIONING PROPERLY,CLEAR,DAYLIGHT,PEDALCYCLIST,NOT DIVIDED,STRAIGHT AND LEVEL,DRY,NO DEFECTS,,UNABLE TO DETERMINE,NOT APPLICABLE,,NO INDICATION OF INJURY,12,6,41.8967928744,-87.6277875784,2021,30,POINT (-87.6277875784 41.8967928744),,,,,2021-06-13,False,7,Near North Side
5616,30,NO CONTROLS,NO CONTROLS,CLEAR,DAYLIGHT,PEDALCYCLIST,NOT DIVIDED,STRAIGHT AND LEVEL,DRY,UNKNOWN,,UNABLE TO DETERMINE,NOT APPLICABLE,,NO INDICATION OF INJURY,13,6,41.9369385207,-87.6646313638,2021,30,POINT (-87.6646313638 41.9369385207),,,,,2021-06-13,False,5,Lake View
5617,30,TRAFFIC SIGNAL,FUNCTIONING PROPERLY,CLEAR,DAYLIGHT,PEDALCYCLIST,NOT DIVIDED,STRAIGHT AND LEVEL,DRY,UNKNOWN,Y,IMPROPER LANE USAGE,NOT APPLICABLE,,NO INDICATION OF INJURY,14,6,41.9274270922,-87.7857336277,2021,30,POINT (-87.7857336277 41.9274270922),,,,,2021-06-13,False,18,Belmont Cragin
5618,30,TRAFFIC SIGNAL,OTHER,CLEAR,DAYLIGHT,PEDALCYCLIST,FOUR WAY,STRAIGHT AND LEVEL,DRY,NO DEFECTS,Y,UNABLE TO DETERMINE,NOT APPLICABLE,,NO INDICATION OF INJURY,14,6,41.9526728013,-87.6495041061,2021,30,POINT (-87.6495041061 41.9526728013),,,,,2021-06-13,False,5,Lake View
5619,30,NO CONTROLS,NO CONTROLS,CLEAR,DAYLIGHT,PEDALCYCLIST,ALLEY,STRAIGHT AND LEVEL,DRY,UNKNOWN,Y,FAILING TO YIELD RIGHT-OF-WAY,UNABLE TO DETERMINE,,NONINCAPACITATING INJURY,15,6,41.9032560452,-87.6305029866,2021,30,POINT (-87.6305029866 41.9032560452),,,,,2021-06-13,False,7,Near North Side
5620,25,NO CONTROLS,NO CONTROLS,CLEAR,DAYLIGHT,PEDALCYCLIST,OTHER,STRAIGHT AND LEVEL,OTHER,OTHER,,"EVASIVE ACTION DUE TO ANIMAL, OBJECT, NONMOTORIST",NOT APPLICABLE,,"REPORTED, NOT EVIDENT",17,6,41.6817580157,-87.621976596,2021,25,POINT (-87.621976596 41.6817580157),,,,,2021-06-13,False,52,West Pullman
5621,25,NO CONTROLS,NO CONTROLS,CLEAR,DAYLIGHT,PEDALCYCLIST,ONE-WAY,STRAIGHT AND LEVEL,DRY,NO DEFECTS,,IMPROPER TURNING/NO SIGNAL,FAILING TO YIELD RIGHT-OF-WAY,,"REPORTED, NOT EVIDENT",18,6,41.9287852305,-87.7569739897,2021,25,POINT (-87.7569739897 41.9287852305),,,,,2021-06-13,False,18,Belmont Cragin
5622,30,TRAFFIC SIGNAL,FUNCTIONING PROPERLY,CLEAR,DAYLIGHT,PEDALCYCLIST,FOUR WAY,STRAIGHT AND LEVEL,DRY,NO DEFECTS,Y,FAILING TO YIELD RIGHT-OF-WAY,IMPROPER TURNING/NO SIGNAL,,NONINCAPACITATING INJURY,18,6,41.8910445691,-87.6203718391,2021,30,POINT (-87.6203718391 41.8910445691),,,,,2021-06-13,False,7,Near North Side
5623,30,TRAFFIC SIGNAL,FUNCTIONING PROPERLY,CLEAR,DAYLIGHT,PEDALCYCLIST,DIVIDED - W/MEDIAN (NOT RAISED),STRAIGHT AND LEVEL,DRY,UNKNOWN,Y,IMPROPER TURNING/NO SIGNAL,IMPROPER TURNING/NO SIGNAL,,NONINCAPACITATING INJURY,19,6,41.855431999,-87.6237282156,2021,30,POINT (-87.6237282156 41.855431999),,,,,2021-06-13,False,32,Near South Side
5624,30,NO CONTROLS,NO CONTROLS,CLEAR,DAYLIGHT,PEDALCYCLIST,DIVIDED - W/MEDIAN (NOT RAISED),STRAIGHT AND LEVEL,DRY,NO DEFECTS,,NOT APPLICABLE,NOT APPLICABLE,Y,NONINCAPACITATING INJURY,19,6,41.9655474077,-87.6542258455,2021,30,POINT (-87.6542258455 41.9655474077),,,,,2021-06-13,False,2,Uptown
5625,30,TRAFFIC SIGNAL,FUNCTIONING PROPERLY,CLEAR,DAYLIGHT,PEDALCYCLIST,FOUR WAY,STRAIGHT ON GRADE,DRY,NO DEFECTS,Y,FAILING TO REDUCE SPEED TO AVOID CRASH,FAILING TO YIELD RIGHT-OF-WAY,,NONINCAPACITATING INJURY,7,6,41.721324412,-87.6627241527,2021,30,POINT (-87.6627241527 41.721324412),,,,,2021-06-14,False,71,Beverly
5626,30,TRAFFIC SIGNAL,FUNCTIONING PROPERLY,CLEAR,DAYLIGHT,PEDALCYCLIST,FOUR WAY,STRAIGHT AND LEVEL,DRY,NO DEFECTS,Y,DRIVING SKILLS/KNOWLEDGE/EXPERIENCE,UNABLE TO DETERMINE,,NONINCAPACITATING INJURY,10,6,41.9688828229,-87.6763557027,2021,30,POINT (-87.6763557027 41.9688828229),,,,,2021-06-14,False,3,Lincoln Square
5627,30,NO CONTROLS,NO CONTROLS,CLEAR,DAYLIGHT,PEDALCYCLIST,NOT DIVIDED,STRAIGHT AND LEVEL,DRY,NO DEFECTS,,FAILING TO YIELD RIGHT-OF-WAY,NOT APPLICABLE,,NONINCAPACITATING INJURY,17,6,41.7789280161,-87.7132945456,2021,30,POINT (-87.7132945456 41.7789280161),,,,,2021-06-14,False,64,West Lawn
5628,30,YIELD,FUNCTIONING PROPERLY,CLEAR,DAYLIGHT,PEDALCYCLIST,NOT DIVIDED,STRAIGHT AND LEVEL,DRY,NO DEFECTS,,FAILING TO YIELD RIGHT-OF-WAY,NOT APPLICABLE,,INCAPACITATING INJURY,17,6,41.917793041,-87.6777697677,2021,30,POINT (-87.6777697677 41.917793041),,,,,2021-06-14,True,6,Lincoln Park
5629,30,NO CONTROLS,NO CONTROLS,CLEAR,"DARKNESS, LIGHTED ROAD",PEDALCYCLIST,DIVIDED - W/MEDIAN (NOT RAISED),STRAIGHT AND LEVEL,DRY,NO DEFECTS,,UNABLE TO DETERMINE,UNABLE TO DETERMINE,,NONINCAPACITATING INJURY,20,6,41.9643412953,-87.6859134242,2021,30,POINT (-87.6859134242 41.9643412953),,,,,2021-06-14,False,3,Lincoln Square
5630,30,NO CONTROLS,NO CONTROLS,CLEAR,DAYLIGHT,PEDALCYCLIST,NOT DIVIDED,STRAIGHT AND LEVEL,DRY,NO DEFECTS,,FAILING TO YIELD RIGHT-OF-WAY,NOT APPLICABLE,Y,"REPORTED, NOT EVIDENT",18,6,41.8443511079,-87.7254551895,2021,30,POINT (-87.7254551895 41.8443511079),,,,,2021-06-15,False,29,South Lawndale
5631,30,NO CONTROLS,NO CONTROLS,CLEAR,DAYLIGHT,PEDALCYCLIST,Y-INTERSECTION,STRAIGHT AND LEVEL,DRY,NO DEFECTS,,FAILING TO YIELD RIGHT-OF-WAY,NOT APPLICABLE,,NONINCAPACITATING INJURY,8,6,41.8935918439,-87.6515344821,2021,30,POINT (-87.6515344821 41.8935918439),,,,,2021-06-16,False,7,Near North Side
5632,30,NO CONTROLS,NO CONTROLS,CLEAR,DAYLIGHT,PEDALCYCLIST,NOT DIVIDED,STRAIGHT AND LEVEL,DRY,NO DEFECTS,,DRIVING SKILLS/KNOWLEDGE/EXPERIENCE,NOT APPLICABLE,,NONINCAPACITATING INJURY,9,6,41.9465214317,-87.7175023632,2021,30,POINT (-87.7175023632 41.9465214317),,,,,2021-06-16,False,15,Irving Park
5633,30,NO CONTROLS,NO CONTROLS,CLEAR,DAYLIGHT,PEDALCYCLIST,DIVIDED - W/MEDIAN (NOT RAISED),STRAIGHT AND LEVEL,DRY,NO DEFECTS,,FAILING TO YIELD RIGHT-OF-WAY,IMPROPER TURNING/NO SIGNAL,,NONINCAPACITATING INJURY,10,6,41.919298413,-87.677528794,2021,30,POINT (-87.677528794 41.919298413),,,,,2021-06-16,False,6,Lincoln Park
5634,30,NO CONTROLS,NO CONTROLS,CLEAR,DAYLIGHT,PEDALCYCLIST,NOT DIVIDED,STRAIGHT AND LEVEL,DRY,UNKNOWN,,UNABLE TO DETERMINE,NOT APPLICABLE,,NO INDICATION OF INJURY,15,6,42.011543925,-87.6733062663,2021,30,POINT (-87.6733062663 42.011543925),,,,,2021-06-16,False,0,Rogers Park
5635,30,NO CONTROLS,NO CONTROLS,CLEAR,DAYLIGHT,PEDALCYCLIST,NOT DIVIDED,STRAIGHT AND LEVEL,DRY,NO DEFECTS,,FAILING TO YIELD RIGHT-OF-WAY,NOT APPLICABLE,,NO INDICATION OF INJURY,16,6,41.9349035254,-87.6443726508,2021,30,POINT (-87.6443726508 41.9349035254),,,,,2021-06-16,False,5,Lake View
5636,30,NO CONTROLS,NO CONTROLS,CLEAR,DAYLIGHT,PEDALCYCLIST,NOT DIVIDED,STRAIGHT AND LEVEL,DRY,NO DEFECTS,,UNABLE TO DETERMINE,NOT APPLICABLE,Y,NONINCAPACITATING INJURY,17,6,41.9463846516,-87.6465248633,2021,30,POINT (-87.6465248633 41.9463846516),,,,,2021-06-16,False,5,Lake View
5637,30,STOP SIGN/FLASHER,FUNCTIONING PROPERLY,CLEAR,DAYLIGHT,PEDALCYCLIST,NOT DIVIDED,STRAIGHT AND LEVEL,DRY,NO DEFECTS,Y,UNABLE TO DETERMINE,NOT APPLICABLE,,NONINCAPACITATING INJURY,17,6,41.7932469414,-87.6060449723,2021,30,POINT (-87.6060449723 41.7932469414),,,,,2021-06-16,False,39,Washington Park
5638,35,UNKNOWN,UNKNOWN,CLEAR,DAYLIGHT,PEDALCYCLIST,NOT DIVIDED,STRAIGHT AND LEVEL,DRY,NO DEFECTS,,UNABLE TO DETERMINE,NOT APPLICABLE,,NONINCAPACITATING INJURY,17,6,41.8018888193,-87.6228192493,2021,35,POINT (-87.6228192493 41.8018888193),,,,,2021-06-16,False,39,Washington Park
5639,30,TRAFFIC SIGNAL,FUNCTIONING PROPERLY,CLEAR,DAYLIGHT,PEDALCYCLIST,UNKNOWN INTERSECTION TYPE,STRAIGHT AND LEVEL,DRY,NO DEFECTS,Y,IMPROPER TURNING/NO SIGNAL,NOT APPLICABLE,,NONINCAPACITATING INJURY,17,6,41.8892695282,-87.629735331,2021,30,POINT (-87.629735331 41.8892695282),,,,,2021-06-16,False,7,Near North Side
5640,30,NO CONTROLS,NO CONTROLS,CLEAR,DAYLIGHT,PEDALCYCLIST,DIVIDED - W/MEDIAN (NOT RAISED),STRAIGHT AND LEVEL,DRY,NO DEFECTS,,NOT APPLICABLE,UNABLE TO DETERMINE,Y,NONINCAPACITATING INJURY,18,6,41.8575303164,-87.6778644128,2021,30,POINT (-87.6778644128 41.8575303164),,,,,2021-06-16,False,30,Lower West Side
5641,40,UNKNOWN,FUNCTIONING PROPERLY,CLEAR,DAYLIGHT,PEDALCYCLIST,NOT DIVIDED,STRAIGHT AND LEVEL,DRY,UNKNOWN,Y,UNABLE TO DETERMINE,UNABLE TO DETERMINE,,NO INDICATION OF INJURY,20,6,41.8810297169,-87.6172815664,2021,40,POINT (-87.6172815664 41.8810297169),,,,,2021-06-16,False,31,Loop
5642,30,NO CONTROLS,NO CONTROLS,CLEAR,"DARKNESS, LIGHTED ROAD",PEDALCYCLIST,NOT DIVIDED,STRAIGHT AND LEVEL,DRY,NO DEFECTS,,DRIVING SKILLS/KNOWLEDGE/EXPERIENCE,NOT APPLICABLE,,INCAPACITATING INJURY,23,6,41.9814701714,-87.6892215359,2021,30,POINT (-87.6892215359 41.9814701714),,,,,2021-06-16,True,3,Lincoln Square
5643,30,TRAFFIC SIGNAL,FUNCTIONING PROPERLY,UNKNOWN,DAYLIGHT,PEDALCYCLIST,FOUR WAY,STRAIGHT AND LEVEL,UNKNOWN,UNKNOWN,Y,UNABLE TO DETERMINE,UNABLE TO DETERMINE,,INCAPACITATING INJURY,7,6,41.9944500041,-87.7142084392,2021,30,POINT (-87.7142084392 41.9944500041),,,,,2021-06-17,True,12,North Park
5644,30,TRAFFIC SIGNAL,FUNCTIONING PROPERLY,CLEAR,DAYLIGHT,PEDALCYCLIST,FOUR WAY,STRAIGHT AND LEVEL,DRY,NO DEFECTS,Y,DISREGARDING TRAFFIC SIGNALS,DISREGARDING TRAFFIC SIGNALS,,"REPORTED, NOT EVIDENT",7,6,41.8955044246,-87.6326160427,2021,30,POINT (-87.6326160427 41.8955044246),,,,,2021-06-17,False,7,Near North Side
5645,30,TRAFFIC SIGNAL,FUNCTIONING PROPERLY,CLEAR,DAYLIGHT,PEDALCYCLIST,FOUR WAY,STRAIGHT AND LEVEL,DRY,UNKNOWN,,DISREGARDING TRAFFIC SIGNALS,NOT APPLICABLE,,NONINCAPACITATING INJURY,13,6,41.9535544384,-87.7450553112,2021,30,POINT (-87.7450553112 41.9535544384),,,,,2021-06-17,False,14,Portage Park
5646,30,NO CONTROLS,NO CONTROLS,CLEAR,DAYLIGHT,PEDALCYCLIST,NOT DIVIDED,STRAIGHT AND LEVEL,DRY,UNKNOWN,,DRIVING ON WRONG SIDE/WRONG WAY,PHYSICAL CONDITION OF DRIVER,,NONINCAPACITATING INJURY,16,6,41.8819298688,-87.7541622607,2021,30,POINT (-87.7541622607 41.8819298688),,,,,2021-06-17,False,24,Austin
5647,30,TRAFFIC SIGNAL,FUNCTIONING PROPERLY,CLEAR,DAYLIGHT,PEDALCYCLIST,DIVIDED - W/MEDIAN BARRIER,STRAIGHT AND LEVEL,DRY,NO DEFECTS,Y,FAILING TO YIELD RIGHT-OF-WAY,NOT APPLICABLE,,"REPORTED, NOT EVIDENT",16,6,41.8665500635,-87.6861832896,2021,30,POINT (-87.6861832896 41.8665500635),,,,,2021-06-17,False,27,Near West Side
5648,30,TRAFFIC SIGNAL,FUNCTIONING PROPERLY,CLEAR,DAYLIGHT,PEDALCYCLIST,NOT DIVIDED,STRAIGHT AND LEVEL,DRY,NO DEFECTS,,UNABLE TO DETERMINE,NOT APPLICABLE,,"REPORTED, NOT EVIDENT",16,6,41.8665215655,-87.6847323533,2021,30,POINT (-87.6847323533 41.8665215655),,,,,2021-06-17,False,27,Near West Side