Unnamed: 0,POSTED_SPEED_LIMIT,TRAFFIC_CONTROL_DEVICE,DEVICE_CONDITION,WEATHER_CONDITION,LIGHTING_CONDITION,FIRST_CRASH_TYPE,TRAFFICWAY_TYPE,ALIGNMENT,ROADWAY_SURFACE_COND,ROAD_DEFECT,INTERSECTION_RELATED_I,PRIM_CONTRIBUTORY_CAUSE,SEC_CONTRIBUTORY_CAUSE,DOORING_I,MOST_SEVERE_INJURY,CRASH_HOUR,CRASH_MONTH,LATITUDE,LONGITUDE,CRASH_YEAR,SPEED_LIMIT,geometry,DISPLAYROU,the_geom,DIST,LANE_TYPE,CRASH_DATE,is_severe,index_right,CArea
5649,30,TRAFFIC SIGNAL,FUNCTIONING PROPERLY,CLEAR,DARKNESS,PEDALCYCLIST,FOUR WAY,STRAIGHT AND LEVEL,DRY,NO DEFECTS,Y,FAILING TO YIELD RIGHT-OF-WAY,NOT APPLICABLE,,NONINCAPACITATING INJURY,20,6,41.876709998,-87.6519276804,2021,30,POINT (-87.6519276804 41.876709998),,,,,2021-06-17,False,27,Near West Side
5650,30,NO CONTROLS,NO CONTROLS,CLEAR,"DARKNESS, LIGHTED ROAD",PEDALCYCLIST,NOT DIVIDED,STRAIGHT AND LEVEL,DRY,UNKNOWN,,UNABLE TO DETERMINE,UNABLE TO DETERMINE,Y,NONINCAPACITATING INJURY,23,6,41.9078252795,-87.6732483007,2021,30,POINT (-87.6732483007 41.9078252795),,,,,2021-06-17,False,23,West Town
5651,30,TRAFFIC SIGNAL,FUNCTIONING PROPERLY,CLEAR,DAYLIGHT,PEDALCYCLIST,UNKNOWN INTERSECTION TYPE,STRAIGHT AND LEVEL,DRY,NO DEFECTS,Y,FAILING TO YIELD RIGHT-OF-WAY,UNABLE TO DETERMINE,,"REPORTED, NOT EVIDENT",10,6,41.9257317137,-87.6780888962,2021,30,POINT (-87.6780888962 41.9257317137),,,,,2021-06-18,False,6,Lincoln Park
5652,30,NO CONTROLS,NO CONTROLS,CLEAR,DAYLIGHT,PEDALCYCLIST,NOT DIVIDED,STRAIGHT AND LEVEL,DRY,NO DEFECTS,,UNABLE TO DETERMINE,UNABLE TO DETERMINE,Y,NONINCAPACITATING INJURY,13,6,41.9104341147,-87.6736504879,2021,30,POINT (-87.6736504879 41.9104341147),,,,,2021-06-18,False,23,West Town
5653,30,TRAFFIC SIGNAL,FUNCTIONING PROPERLY,CLEAR,DAYLIGHT,PEDALCYCLIST,DIVIDED - W/MEDIAN (NOT RAISED),STRAIGHT AND LEVEL,DRY,UNKNOWN,,FOLLOWING TOO CLOSELY,UNABLE TO DETERMINE,,NO INDICATION OF INJURY,14,6,41.9327963191,-87.639579484,2021,30,POINT (-87.639579484 41.9327963191),,,,,2021-06-18,False,5,Lake View
5654,30,TRAFFIC SIGNAL,FUNCTIONING IMPROPERLY,CLEAR,DAYLIGHT,PEDALCYCLIST,NOT DIVIDED,STRAIGHT AND LEVEL,DRY,NO DEFECTS,,DISREGARDING TRAFFIC SIGNALS,NOT APPLICABLE,,NONINCAPACITATING INJURY,14,6,41.8954860568,-87.634097993,2021,30,POINT (-87.634097993 41.8954860568),,,,,2021-06-18,False,7,Near North Side
5655,30,NO CONTROLS,NO CONTROLS,CLEAR,DAYLIGHT,PEDALCYCLIST,NOT DIVIDED,STRAIGHT AND LEVEL,DRY,NO DEFECTS,Y,FOLLOWING TOO CLOSELY,UNABLE TO DETERMINE,,NONINCAPACITATING INJURY,16,6,41.911369887,-87.6792222136,2021,30,POINT (-87.6792222136 41.911369887),,,,,2021-06-18,False,6,Lincoln Park
5656,30,UNKNOWN,UNKNOWN,CLEAR,DAYLIGHT,PEDALCYCLIST,ONE-WAY,STRAIGHT AND LEVEL,DRY,UNKNOWN,,IMPROPER OVERTAKING/PASSING,NOT APPLICABLE,,NO INDICATION OF INJURY,16,6,41.9776342411,-87.6868768622,2021,30,POINT (-87.6868768622 41.9776342411),,,,,2021-06-18,False,3,Lincoln Square
5657,30,NO CONTROLS,NO CONTROLS,CLEAR,DAYLIGHT,PEDALCYCLIST,DIVIDED - W/MEDIAN (NOT RAISED),STRAIGHT AND LEVEL,DRY,NO DEFECTS,,IMPROPER TURNING/NO SIGNAL,UNABLE TO DETERMINE,,NO INDICATION OF INJURY,17,6,41.8651105502,-87.661665323,2021,30,POINT (-87.661665323 41.8651105502),,,,,2021-06-18,False,27,Near West Side
5658,30,TRAFFIC SIGNAL,FUNCTIONING PROPERLY,CLEAR,"DARKNESS, LIGHTED ROAD",PEDALCYCLIST,FOUR WAY,STRAIGHT AND LEVEL,DRY,NO DEFECTS,Y,FAILING TO YIELD RIGHT-OF-WAY,NOT APPLICABLE,,"REPORTED, NOT EVIDENT",22,6,41.8808032845,-87.6275770351,2021,30,POINT (-87.6275770351 41.8808032845),,,,,2021-06-18,False,31,Loop
5659,30,TRAFFIC SIGNAL,UNKNOWN,CLEAR,"DARKNESS, LIGHTED ROAD",PEDALCYCLIST,NOT DIVIDED,STRAIGHT AND LEVEL,DRY,UNKNOWN,,FAILING TO YIELD RIGHT-OF-WAY,FAILING TO YIELD RIGHT-OF-WAY,,INCAPACITATING INJURY,23,6,41.9258879364,-87.6335464265,2021,30,POINT (-87.6335464265 41.9258879364),,,,,2021-06-18,True,6,Lincoln Park
5660,30,NO CONTROLS,NO CONTROLS,CLEAR,DAYLIGHT,PEDALCYCLIST,FOUR WAY,STRAIGHT AND LEVEL,DRY,NO DEFECTS,Y,FAILING TO YIELD RIGHT-OF-WAY,FAILING TO REDUCE SPEED TO AVOID CRASH,,NONINCAPACITATING INJURY,11,6,41.761071343,-87.6735804335,2021,30,POINT (-87.6735804335 41.761071343),,,,,2021-06-19,False,66,Englewood
5661,30,STOP SIGN/FLASHER,FUNCTIONING PROPERLY,CLEAR,DAYLIGHT,PEDALCYCLIST,FOUR WAY,STRAIGHT AND LEVEL,DRY,NO DEFECTS,Y,UNABLE TO DETERMINE,NOT APPLICABLE,,"REPORTED, NOT EVIDENT",13,6,41.882892961,-87.6555052227,2021,30,POINT (-87.6555052227 41.882892961),,,,,2021-06-19,False,27,Near West Side
5662,30,TRAFFIC SIGNAL,FUNCTIONING PROPERLY,CLEAR,DAYLIGHT,PEDALCYCLIST,NOT DIVIDED,STRAIGHT AND LEVEL,DRY,NO DEFECTS,Y,UNABLE TO DETERMINE,UNABLE TO DETERMINE,,"REPORTED, NOT EVIDENT",19,6,41.8578635514,-87.6614663224,2021,30,POINT (-87.6614663224 41.8578635514),,,,,2021-06-19,False,27,Near West Side
5663,35,TRAFFIC SIGNAL,FUNCTIONING PROPERLY,CLEAR,"DARKNESS, LIGHTED ROAD",PEDALCYCLIST,NOT DIVIDED,STRAIGHT AND LEVEL,DRY,NO DEFECTS,Y,UNABLE TO DETERMINE,UNABLE TO DETERMINE,,NONINCAPACITATING INJURY,23,6,41.7785017943,-87.6060350864,2021,35,POINT (-87.6060350864 41.7785017943),,,,,2021-06-19,False,41,Woodlawn
5664,30,NO CONTROLS,NO CONTROLS,CLEAR,"DARKNESS, LIGHTED ROAD",PEDALCYCLIST,ALLEY,STRAIGHT ON GRADE,DRY,NO DEFECTS,Y,FAILING TO YIELD RIGHT-OF-WAY,"OPERATING VEHICLE IN ERRATIC, RECKLESS, CARELESS, NEGLIGENT OR AGGRESSIVE MANNER",,NONINCAPACITATING INJURY,23,6,41.9038580387,-87.7077008799,2021,30,POINT (-87.7077008799 41.9038580387),,,,,2021-06-19,False,22,Humboldt Park
5665,30,STOP SIGN/FLASHER,FUNCTIONING PROPERLY,CLEAR,DAYLIGHT,PEDALCYCLIST,NOT DIVIDED,STRAIGHT AND LEVEL,DRY,NO DEFECTS,Y,FAILING TO YIELD RIGHT-OF-WAY,"VISION OBSCURED (SIGNS, TREE LIMBS, BUILDINGS, ETC.)",,NONINCAPACITATING INJURY,14,6,41.7858965087,-87.7185570432,2021,30,POINT (-87.7185570432 41.7858965087),,,,,2021-06-20,False,61,West Elsdon
5666,30,NO CONTROLS,NO CONTROLS,CLEAR,DAYLIGHT,PEDALCYCLIST,DIVIDED - W/MEDIAN (NOT RAISED),STRAIGHT AND LEVEL,DRY,NO DEFECTS,Y,NOT APPLICABLE,NOT APPLICABLE,Y,NONINCAPACITATING INJURY,18,6,41.7563231587,-87.6236159961,2021,30,POINT (-87.6236159961 41.7563231587),,,,,2021-06-20,False,68,Grand Crossing
5667,30,TRAFFIC SIGNAL,FUNCTIONING PROPERLY,RAIN,"DARKNESS, LIGHTED ROAD",PEDALCYCLIST,FOUR WAY,STRAIGHT AND LEVEL,WET,NO DEFECTS,Y,FAILING TO YIELD RIGHT-OF-WAY,NOT APPLICABLE,,NONINCAPACITATING INJURY,19,6,41.9261607198,-87.6315146648,2021,30,POINT (-87.6315146648 41.9261607198),,,,,2021-06-20,False,6,Lincoln Park
5668,30,UNKNOWN,UNKNOWN,RAIN,"DARKNESS, LIGHTED ROAD",PEDALCYCLIST,FOUR WAY,STRAIGHT AND LEVEL,WET,NO DEFECTS,,UNABLE TO DETERMINE,UNABLE TO DETERMINE,,INCAPACITATING INJURY,4,6,41.9324010716,-87.6776558721,2021,30,POINT (-87.6776558721 41.9324010716),,,,,2021-06-21,True,4,North Center
5669,30,NO CONTROLS,NO CONTROLS,CLEAR,DAYLIGHT,PEDALCYCLIST,DIVIDED - W/MEDIAN (NOT RAISED),STRAIGHT AND LEVEL,DRY,NO DEFECTS,,FAILING TO YIELD RIGHT-OF-WAY,FAILING TO YIELD RIGHT-OF-WAY,,NONINCAPACITATING INJURY,13,6,41.9491190186,-87.6564401663,2021,30,POINT (-87.6564401663 41.9491190186),,,,,2021-06-21,False,5,Lake View
5670,30,NO CONTROLS,NO CONTROLS,CLEAR,DAYLIGHT,PEDALCYCLIST,NOT DIVIDED,STRAIGHT AND LEVEL,DRY,NO DEFECTS,,UNABLE TO DETERMINE,UNABLE TO DETERMINE,N,NONINCAPACITATING INJURY,17,6,41.8349730628,-87.7244547818,2021,30,POINT (-87.7244547818 41.8349730628),,,,,2021-06-21,False,29,South Lawndale
5671,30,STOP SIGN/FLASHER,UNKNOWN,CLEAR,DAYLIGHT,PEDALCYCLIST,NOT DIVIDED,STRAIGHT AND LEVEL,DRY,NO DEFECTS,,UNABLE TO DETERMINE,UNABLE TO DETERMINE,,"REPORTED, NOT EVIDENT",17,6,41.9248946523,-87.6998937274,2021,30,POINT (-87.6998937274 41.9248946523),,,,,2021-06-21,False,21,Logan Square
5672,30,TRAFFIC SIGNAL,FUNCTIONING PROPERLY,CLEAR,DAYLIGHT,PEDALCYCLIST,Y-INTERSECTION,STRAIGHT AND LEVEL,DRY,NO DEFECTS,Y,DISREGARDING OTHER TRAFFIC SIGNS,UNABLE TO DETERMINE,N,NONINCAPACITATING INJURY,18,6,41.8675710154,-87.6305864739,2021,30,POINT (-87.6305864739 41.8675710154),,,,,2021-06-21,False,31,Loop
5673,30,TRAFFIC SIGNAL,FUNCTIONING PROPERLY,CLEAR,DAYLIGHT,PEDALCYCLIST,NOT DIVIDED,STRAIGHT AND LEVEL,DRY,NO DEFECTS,Y,UNABLE TO DETERMINE,UNABLE TO DETERMINE,,NO INDICATION OF INJURY,19,6,41.9529586511,-87.7867085022,2021,30,POINT (-87.7867085022 41.9529586511),,,,,2021-06-21,False,14,Portage Park
5674,35,NO CONTROLS,NO CONTROLS,CLEAR,"DARKNESS, LIGHTED ROAD",PEDALCYCLIST,DIVIDED - W/MEDIAN (NOT RAISED),STRAIGHT AND LEVEL,DRY,NO DEFECTS,,DRIVING SKILLS/KNOWLEDGE/EXPERIENCE,NOT APPLICABLE,Y,NO INDICATION OF INJURY,21,6,41.9212140634,-87.6487620339,2021,35,POINT (-87.6487620339 41.9212140634),,,,,2021-06-21,False,6,Lincoln Park
5675,30,NO CONTROLS,NO CONTROLS,CLEAR,DAYLIGHT,PEDALCYCLIST,NOT DIVIDED,STRAIGHT ON GRADE,DRY,UNKNOWN,,FAILING TO YIELD RIGHT-OF-WAY,UNABLE TO DETERMINE,,"REPORTED, NOT EVIDENT",15,6,42.011765648,-87.6746460805,2021,30,POINT (-87.6746460805 42.011765648),,,,,2021-06-22,False,0,Rogers Park
5676,30,NO CONTROLS,NO CONTROLS,CLEAR,DAYLIGHT,PEDALCYCLIST,DIVIDED - W/MEDIAN (NOT RAISED),STRAIGHT AND LEVEL,DRY,NO DEFECTS,,FAILING TO YIELD RIGHT-OF-WAY,NOT APPLICABLE,,NO INDICATION OF INJURY,16,6,41.8077935779,-87.7225033567,2021,30,POINT (-87.7225033567 41.8077935779),,,,,2021-06-22,False,56,Archer Heights
5677,30,NO CONTROLS,NO CONTROLS,CLEAR,DAYLIGHT,PEDALCYCLIST,DIVIDED - W/MEDIAN (NOT RAISED),STRAIGHT AND LEVEL,DRY,NO DEFECTS,,UNABLE TO DETERMINE,UNABLE TO DETERMINE,,NONINCAPACITATING INJURY,18,6,41.8844257629,-87.6526898851,2021,30,POINT (-87.6526898851 41.8844257629),,,,,2021-06-22,False,27,Near West Side
5678,30,NO CONTROLS,NO CONTROLS,CLEAR,DAYLIGHT,PEDALCYCLIST,DIVIDED - W/MEDIAN (NOT RAISED),STRAIGHT AND LEVEL,DRY,NO DEFECTS,,NOT APPLICABLE,NOT APPLICABLE,Y,INCAPACITATING INJURY,9,6,41.9469763842,-87.6629369302,2021,30,POINT (-87.6629369302 41.9469763842),,,,,2021-06-23,True,5,Lake View
5679,30,TRAFFIC SIGNAL,FUNCTIONING PROPERLY,CLEAR,DAYLIGHT,PEDALCYCLIST,DIVIDED - W/MEDIAN BARRIER,STRAIGHT AND LEVEL,DRY,NO DEFECTS,,UNABLE TO DETERMINE,UNABLE TO DETERMINE,,NO INDICATION OF INJURY,14,6,41.8853504636,-87.629337393,2021,30,POINT (-87.629337393 41.8853504636),,,,,2021-06-23,False,31,Loop
5680,30,STOP SIGN/FLASHER,FUNCTIONING PROPERLY,CLEAR,DAYLIGHT,PEDALCYCLIST,FOUR WAY,STRAIGHT AND LEVEL,DRY,NO DEFECTS,Y,"VISION OBSCURED (SIGNS, TREE LIMBS, BUILDINGS, ETC.)",NOT APPLICABLE,,INCAPACITATING INJURY,15,6,42.0040087548,-87.7813704816,2021,30,POINT (-87.7813704816 42.0040087548),,,,,2021-06-23,True,11,Forest Glen
5681,30,NO CONTROLS,NO CONTROLS,CLEAR,DAYLIGHT,PEDALCYCLIST,NOT DIVIDED,STRAIGHT AND LEVEL,DRY,NO DEFECTS,Y,UNABLE TO DETERMINE,UNABLE TO DETERMINE,,NO INDICATION OF INJURY,17,6,41.8542302415,-87.6463916147,2021,30,POINT (-87.6463916147 41.8542302415),,,,,2021-06-23,False,30,Lower West Side
5682,35,NO CONTROLS,NO CONTROLS,CLEAR,"DARKNESS, LIGHTED ROAD",PEDALCYCLIST,NOT DIVIDED,STRAIGHT AND LEVEL,DRY,NO DEFECTS,,UNABLE TO DETERMINE,UNABLE TO DETERMINE,Y,NONINCAPACITATING INJURY,22,6,41.9070722518,-87.6344404511,2021,35,POINT (-87.6344404511 41.9070722518),,,,,2021-06-23,False,7,Near North Side
5683,20,NO CONTROLS,NO CONTROLS,CLEAR,"DARKNESS, LIGHTED ROAD",PEDALCYCLIST,NOT DIVIDED,STRAIGHT AND LEVEL,DRY,NO DEFECTS,,PHYSICAL CONDITION OF DRIVER,PHYSICAL CONDITION OF DRIVER,,NONINCAPACITATING INJURY,0,6,41.9374463692,-87.6587352569,2021,20,POINT (-87.6587352569 41.9374463692),,,,,2021-06-24,False,5,Lake View
5684,30,TRAFFIC SIGNAL,FUNCTIONING PROPERLY,CLEAR,"DARKNESS, LIGHTED ROAD",PEDALCYCLIST,CENTER TURN LANE,STRAIGHT AND LEVEL,DRY,NO DEFECTS,Y,DISREGARDING TRAFFIC SIGNALS,NOT APPLICABLE,,NONINCAPACITATING INJURY,0,6,41.8731483272,-87.6207388596,2021,30,POINT (-87.6207388596 41.8731483272),,,,,2021-06-24,False,31,Loop
5685,30,NO CONTROLS,NO CONTROLS,CLEAR,DAYLIGHT,PEDALCYCLIST,NOT DIVIDED,STRAIGHT AND LEVEL,DRY,NO DEFECTS,,NOT APPLICABLE,NOT APPLICABLE,Y,NONINCAPACITATING INJURY,8,6,41.9423405291,-87.6703510661,2021,30,POINT (-87.6703510661 41.9423405291),,,,,2021-06-24,False,5,Lake View
5686,30,STOP SIGN/FLASHER,FUNCTIONING PROPERLY,CLEAR,DAYLIGHT,PEDALCYCLIST,DIVIDED - W/MEDIAN (NOT RAISED),STRAIGHT AND LEVEL,DRY,"RUT, HOLES",,FAILING TO YIELD RIGHT-OF-WAY,NOT APPLICABLE,,"REPORTED, NOT EVIDENT",10,6,41.9453219088,-87.7983482772,2021,30,POINT (-87.7983482772 41.9453219088),,,,,2021-06-24,False,16,Dunning
5687,30,TRAFFIC SIGNAL,FUNCTIONING PROPERLY,CLOUDY/OVERCAST,DAYLIGHT,PEDALCYCLIST,NOT DIVIDED,STRAIGHT AND LEVEL,DRY,UNKNOWN,,IMPROPER TURNING/NO SIGNAL,NOT APPLICABLE,,NONINCAPACITATING INJURY,13,6,41.9829594103,-87.7087748776,2021,30,POINT (-87.7087748776 41.9829594103),,,,,2021-06-24,False,12,North Park
5688,30,TRAFFIC SIGNAL,FUNCTIONING PROPERLY,RAIN,DAYLIGHT,PEDALCYCLIST,FOUR WAY,STRAIGHT AND LEVEL,WET,NO DEFECTS,Y,IMPROPER LANE USAGE,NOT APPLICABLE,,NO INDICATION OF INJURY,15,6,41.9116723567,-87.736312056,2021,30,POINT (-87.736312056 41.9116723567),,,,,2021-06-24,False,22,Humboldt Park
5689,30,TRAFFIC SIGNAL,FUNCTIONING PROPERLY,RAIN,DAYLIGHT,PEDALCYCLIST,DIVIDED - W/MEDIAN BARRIER,STRAIGHT AND LEVEL,WET,NO DEFECTS,Y,DISREGARDING TRAFFIC SIGNALS,NOT APPLICABLE,,NONINCAPACITATING INJURY,15,6,41.8345779121,-87.6268359567,2021,30,POINT (-87.6268359567 41.8345779121),,,,,2021-06-24,False,34,Douglas
5690,30,TRAFFIC SIGNAL,FUNCTIONING PROPERLY,RAIN,DAYLIGHT,PEDALCYCLIST,NOT DIVIDED,STRAIGHT AND LEVEL,WET,NO DEFECTS,Y,UNABLE TO DETERMINE,WEATHER,,NONINCAPACITATING INJURY,16,6,41.8306953352,-87.6462509158,2021,30,POINT (-87.6462509158 41.8306953352),,,,,2021-06-24,False,59,Bridgeport
5691,30,NO CONTROLS,NO CONTROLS,RAIN,DAYLIGHT,PEDALCYCLIST,NOT DIVIDED,STRAIGHT AND LEVEL,WET,NO DEFECTS,,FAILING TO YIELD RIGHT-OF-WAY,UNABLE TO DETERMINE,Y,NONINCAPACITATING INJURY,16,6,41.9685101423,-87.7134257752,2021,30,POINT (-87.7134257752 41.9685101423),,,,,2021-06-24,False,13,Albany Park
5692,30,NO CONTROLS,UNKNOWN,RAIN,DAYLIGHT,PEDALCYCLIST,ONE-WAY,STRAIGHT AND LEVEL,WET,NO DEFECTS,,NOT APPLICABLE,NOT APPLICABLE,Y,"REPORTED, NOT EVIDENT",17,6,41.9543238379,-87.6743208369,2021,30,POINT (-87.6743208369 41.9543238379),,,,,2021-06-24,False,4,North Center
5693,15,NO CONTROLS,NO CONTROLS,RAIN,DAYLIGHT,PEDALCYCLIST,ONE-WAY,STRAIGHT AND LEVEL,WET,NO DEFECTS,,UNABLE TO DETERMINE,UNABLE TO DETERMINE,,NONINCAPACITATING INJURY,12,6,41.6781893526,-87.6579005856,2021,15,POINT (-87.6579005856 41.6781893526),,,,,2021-06-25,False,52,West Pullman
5694,30,TRAFFIC SIGNAL,FUNCTIONING PROPERLY,FREEZING RAIN/DRIZZLE,DAYLIGHT,PEDALCYCLIST,NOT DIVIDED,STRAIGHT AND LEVEL,WET,NO DEFECTS,,FAILING TO YIELD RIGHT-OF-WAY,NOT APPLICABLE,,NO INDICATION OF INJURY,16,6,41.867069158,-87.6451339634,2021,30,POINT (-87.6451339634 41.867069158),,,,,2021-06-25,False,27,Near West Side
5695,30,TRAFFIC SIGNAL,FUNCTIONING PROPERLY,CLEAR,DAYLIGHT,PEDALCYCLIST,NOT DIVIDED,STRAIGHT AND LEVEL,DRY,NO DEFECTS,Y,DRIVING SKILLS/KNOWLEDGE/EXPERIENCE,NOT APPLICABLE,,NO INDICATION OF INJURY,16,6,41.9329417047,-87.6448282945,2021,30,POINT (-87.6448282945 41.9329417047),,,,,2021-06-25,False,5,Lake View
5696,25,NO CONTROLS,NO CONTROLS,CLEAR,DAYLIGHT,PEDALCYCLIST,ONE-WAY,STRAIGHT AND LEVEL,WET,NO DEFECTS,,NOT APPLICABLE,NOT APPLICABLE,,NONINCAPACITATING INJURY,16,6,41.9258466247,-87.7193223602,2021,25,POINT (-87.7193223602 41.9258466247),,,,,2021-06-25,False,21,Logan Square
5697,30,NO CONTROLS,NO CONTROLS,CLEAR,DAYLIGHT,PEDALCYCLIST,DRIVEWAY,STRAIGHT AND LEVEL,DRY,NO DEFECTS,,UNABLE TO DETERMINE,UNABLE TO DETERMINE,,NO INDICATION OF INJURY,19,6,41.914568495,-87.8058086701,2021,30,POINT (-87.8058086701 41.914568495),,,,,2021-06-25,False,24,Austin
5698,30,STOP SIGN/FLASHER,FUNCTIONING PROPERLY,RAIN,"DARKNESS, LIGHTED ROAD",PEDALCYCLIST,FOUR WAY,STRAIGHT AND LEVEL,WET,NO DEFECTS,Y,FAILING TO REDUCE SPEED TO AVOID CRASH,UNABLE TO DETERMINE,,INCAPACITATING INJURY,2,6,41.9453132577,-87.6664542524,2021,30,POINT (-87.6664542524 41.9453132577),,,,,2021-06-26,True,5,Lake View
5699,25,NO CONTROLS,NO CONTROLS,CLEAR,DARKNESS,PEDALCYCLIST,ONE-WAY,STRAIGHT AND LEVEL,DRY,UNKNOWN,,DRIVING ON WRONG SIDE/WRONG WAY,NOT APPLICABLE,,NONINCAPACITATING INJURY,4,6,41.8937769359,-87.7724041229,2021,25,POINT (-87.7724041229 41.8937769359),,,,,2021-06-26,False,24,Austin
5700,30,NO CONTROLS,NO CONTROLS,RAIN,DAYLIGHT,PEDALCYCLIST,DIVIDED - W/MEDIAN (NOT RAISED),STRAIGHT AND LEVEL,WET,UNKNOWN,,WEATHER,UNABLE TO DETERMINE,Y,NO INDICATION OF INJURY,11,6,41.9230349642,-87.6977891041,2021,30,POINT (-87.6977891041 41.9230349642),,,,,2021-06-26,False,21,Logan Square
5701,30,TRAFFIC SIGNAL,FUNCTIONING PROPERLY,RAIN,DAYLIGHT,PEDALCYCLIST,NOT DIVIDED,STRAIGHT AND LEVEL,WET,UNKNOWN,,UNABLE TO DETERMINE,UNABLE TO DETERMINE,,NO INDICATION OF INJURY,15,6,41.9294620597,-87.6490494781,2021,30,POINT (-87.6490494781 41.9294620597),,,,,2021-06-26,False,6,Lincoln Park
5702,30,TRAFFIC SIGNAL,FUNCTIONING PROPERLY,RAIN,DAYLIGHT,PEDALCYCLIST,NOT DIVIDED,STRAIGHT AND LEVEL,WET,NO DEFECTS,Y,UNABLE TO DETERMINE,UNABLE TO DETERMINE,,NO INDICATION OF INJURY,17,6,41.9131951556,-87.6530446923,2021,30,POINT (-87.6530446923 41.9131951556),,,,,2021-06-26,False,6,Lincoln Park
5703,30,NO CONTROLS,NO CONTROLS,CLEAR,DAYLIGHT,PEDALCYCLIST,DIVIDED - W/MEDIAN (NOT RAISED),STRAIGHT AND LEVEL,DRY,NO DEFECTS,,FAILING TO YIELD RIGHT-OF-WAY,NOT APPLICABLE,,NONINCAPACITATING INJURY,11,6,41.9402128873,-87.6404497737,2021,30,POINT (-87.6404497737 41.9402128873),,,,,2021-06-27,False,5,Lake View
5704,30,NO CONTROLS,NO CONTROLS,CLEAR,DAYLIGHT,PEDALCYCLIST,DIVIDED - W/MEDIAN (NOT RAISED),STRAIGHT AND LEVEL,DRY,NO DEFECTS,,UNABLE TO DETERMINE,UNABLE TO DETERMINE,,NONINCAPACITATING INJURY,15,6,41.9686702259,-87.6951627475,2021,30,POINT (-87.6951627475 41.9686702259),,,,,2021-06-27,False,3,Lincoln Square
5705,30,STOP SIGN/FLASHER,NO CONTROLS,CLEAR,DAYLIGHT,PEDALCYCLIST,ONE-WAY,STRAIGHT AND LEVEL,DRY,NO DEFECTS,,IMPROPER BACKING,FAILING TO YIELD RIGHT-OF-WAY,,NONINCAPACITATING INJURY,17,6,41.9262823236,-87.707409976,2021,30,POINT (-87.707409976 41.9262823236),,,,,2021-06-27,False,21,Logan Square
5706,30,NO CONTROLS,NO CONTROLS,CLEAR,DAYLIGHT,PEDALCYCLIST,NOT DIVIDED,STRAIGHT AND LEVEL,DRY,NO DEFECTS,,FAILING TO YIELD RIGHT-OF-WAY,UNABLE TO DETERMINE,,NONINCAPACITATING INJURY,17,6,41.9127170163,-87.6740016467,2021,30,POINT (-87.6740016467 41.9127170163),,,,,2021-06-27,False,6,Lincoln Park
5707,30,NO CONTROLS,NO CONTROLS,CLEAR,DAYLIGHT,PEDALCYCLIST,FOUR WAY,STRAIGHT AND LEVEL,DRY,UNKNOWN,Y,UNABLE TO DETERMINE,DRIVING SKILLS/KNOWLEDGE/EXPERIENCE,,NONINCAPACITATING INJURY,19,6,41.7797628618,-87.6410160908,2021,30,POINT (-87.6410160908 41.7797628618),,,,,2021-06-27,False,67,Englewood
5708,30,NO CONTROLS,NO CONTROLS,CLEAR,DARKNESS,PEDALCYCLIST,NOT DIVIDED,STRAIGHT AND LEVEL,DRY,NO DEFECTS,Y,FAILING TO YIELD RIGHT-OF-WAY,NOT APPLICABLE,,NO INDICATION OF INJURY,22,6,41.9110656733,-87.6458257601,2021,30,POINT (-87.6458257601 41.9110656733),,,,,2021-06-27,False,6,Lincoln Park
5709,25,STOP SIGN/FLASHER,NO CONTROLS,CLEAR,DAYLIGHT,PEDALCYCLIST,FOUR WAY,STRAIGHT AND LEVEL,DRY,NO DEFECTS,,DISREGARDING STOP SIGN,DISREGARDING STOP SIGN,N,NONINCAPACITATING INJURY,11,6,41.7502320212,-87.6660082553,2021,25,POINT (-87.6660082553 41.7502320212),,,,,2021-06-28,False,70,Auburn Gresham
5710,30,NO CONTROLS,NO CONTROLS,CLEAR,DAYLIGHT,PEDALCYCLIST,UNKNOWN,STRAIGHT AND LEVEL,UNKNOWN,UNKNOWN,,FAILING TO YIELD RIGHT-OF-WAY,UNABLE TO DETERMINE,Y,NONINCAPACITATING INJURY,15,6,42.0160139574,-87.6903356756,2021,30,POINT (-87.6903356756 42.0160139574),,,,,2021-06-28,False,1,West Ridge
5711,30,STOP SIGN/FLASHER,OTHER,RAIN,DAYLIGHT,PEDALCYCLIST,NOT DIVIDED,STRAIGHT AND LEVEL,WET,NO DEFECTS,Y,FAILING TO YIELD RIGHT-OF-WAY,IMPROPER OVERTAKING/PASSING,,NONINCAPACITATING INJURY,17,6,41.9392954179,-87.6953971539,2021,30,POINT (-87.6953971539 41.9392954179),,,,,2021-06-28,False,4,North Center
5712,25,NO CONTROLS,NO CONTROLS,CLEAR,DAYLIGHT,PEDALCYCLIST,ONE-WAY,STRAIGHT AND LEVEL,WET,NO DEFECTS,,"OPERATING VEHICLE IN ERRATIC, RECKLESS, CARELESS, NEGLIGENT OR AGGRESSIVE MANNER",UNABLE TO DETERMINE,,NONINCAPACITATING INJURY,17,6,41.8766038029,-87.6955213528,2021,25,POINT (-87.6955213528 41.8766038029),,,,,2021-06-28,False,26,Garfield Park
5713,30,NO CONTROLS,NO CONTROLS,RAIN,DAYLIGHT,PEDALCYCLIST,DIVIDED - W/MEDIAN (NOT RAISED),STRAIGHT AND LEVEL,WET,NO DEFECTS,,WEATHER,UNABLE TO DETERMINE,,NO INDICATION OF INJURY,10,6,41.9825670788,-87.7282794436,2021,30,POINT (-87.7282794436 41.9825670788),,,,,2021-06-29,False,11,Forest Glen