Unnamed: 0,POSTED_SPEED_LIMIT,TRAFFIC_CONTROL_DEVICE,DEVICE_CONDITION,WEATHER_CONDITION,LIGHTING_CONDITION,FIRST_CRASH_TYPE,TRAFFICWAY_TYPE,ALIGNMENT,ROADWAY_SURFACE_COND,ROAD_DEFECT,INTERSECTION_RELATED_I,PRIM_CONTRIBUTORY_CAUSE,SEC_CONTRIBUTORY_CAUSE,DOORING_I,MOST_SEVERE_INJURY,CRASH_HOUR,CRASH_MONTH,LATITUDE,LONGITUDE,CRASH_YEAR,SPEED_LIMIT,geometry,DISPLAYROU,the_geom,DIST,LANE_TYPE,CRASH_DATE,is_severe,index_right,CArea
5714,30,TRAFFIC SIGNAL,FUNCTIONING PROPERLY,CLEAR,DAYLIGHT,PEDALCYCLIST,FOUR WAY,STRAIGHT AND LEVEL,DRY,NO DEFECTS,Y,TURNING RIGHT ON RED,UNABLE TO DETERMINE,,"REPORTED, NOT EVIDENT",14,6,41.8709159135,-87.7056759172,2021,30,POINT (-87.7056759172 41.8709159135),,,,,2021-06-29,False,26,Garfield Park
5715,30,TRAFFIC SIGNAL,FUNCTIONING PROPERLY,CLEAR,DAYLIGHT,PEDALCYCLIST,NOT DIVIDED,STRAIGHT AND LEVEL,DRY,NO DEFECTS,Y,DISREGARDING TRAFFIC SIGNALS,NOT APPLICABLE,,NONINCAPACITATING INJURY,16,6,41.8915077044,-87.6368826773,2021,30,POINT (-87.6368826773 41.8915077044),,,,,2021-06-29,False,7,Near North Side
5716,30,NO CONTROLS,NO CONTROLS,CLEAR,DAYLIGHT,PEDALCYCLIST,NOT DIVIDED,STRAIGHT ON GRADE,DRY,NO DEFECTS,,UNABLE TO DETERMINE,UNABLE TO DETERMINE,,NONINCAPACITATING INJURY,17,6,41.787164303,-87.6298196336,2021,30,POINT (-87.6298196336 41.787164303),,,,,2021-06-29,False,67,Englewood
5717,30,NO CONTROLS,NO CONTROLS,CLEAR,DAYLIGHT,PEDALCYCLIST,DIVIDED - W/MEDIAN BARRIER,STRAIGHT AND LEVEL,DRY,NO DEFECTS,,FOLLOWING TOO CLOSELY,UNABLE TO DETERMINE,,NONINCAPACITATING INJURY,17,6,41.8674061304,-87.6470660707,2021,30,POINT (-87.6470660707 41.8674061304),,,,,2021-06-29,False,27,Near West Side
5718,30,NO CONTROLS,NO CONTROLS,CLEAR,DAYLIGHT,PEDALCYCLIST,DIVIDED - W/MEDIAN (NOT RAISED),STRAIGHT AND LEVEL,DRY,NO DEFECTS,,UNABLE TO DETERMINE,UNABLE TO DETERMINE,Y,NONINCAPACITATING INJURY,17,6,41.9256883189,-87.6975830389,2021,30,POINT (-87.6975830389 41.9256883189),,,,,2021-06-29,False,21,Logan Square
5719,30,UNKNOWN,UNKNOWN,CLEAR,"DARKNESS, LIGHTED ROAD",PEDALCYCLIST,NOT DIVIDED,STRAIGHT AND LEVEL,DRY,NO DEFECTS,,UNABLE TO DETERMINE,NOT APPLICABLE,,NO INDICATION OF INJURY,21,6,41.7840674208,-87.7230591204,2021,30,POINT (-87.7230591204 41.7840674208),,,,,2021-06-29,False,64,West Lawn
5720,25,STOP SIGN/FLASHER,FUNCTIONING PROPERLY,CLEAR,"DARKNESS, LIGHTED ROAD",PEDALCYCLIST,NOT DIVIDED,STRAIGHT AND LEVEL,DRY,UNKNOWN,,UNABLE TO DETERMINE,NOT APPLICABLE,,NONINCAPACITATING INJURY,21,6,41.9174087033,-87.694005425,2021,25,POINT (-87.694005425 41.9174087033),,,,,2021-06-29,False,21,Logan Square
5721,35,OTHER,OTHER,RAIN,DAYLIGHT,PEDALCYCLIST,DIVIDED - W/MEDIAN BARRIER,STRAIGHT AND LEVEL,WET,NO DEFECTS,,IMPROPER OVERTAKING/PASSING,UNABLE TO DETERMINE,,NO INDICATION OF INJURY,12,6,41.8673444523,-87.6412382814,2021,35,POINT (-87.6412382814 41.8673444523),,,,,2021-06-30,False,27,Near West Side
5722,30,STOP SIGN/FLASHER,FUNCTIONING PROPERLY,CLOUDY/OVERCAST,DAYLIGHT,PEDALCYCLIST,FOUR WAY,STRAIGHT AND LEVEL,WET,UNKNOWN,Y,UNABLE TO DETERMINE,NOT APPLICABLE,,NONINCAPACITATING INJURY,15,6,41.8890429362,-87.6488738142,2021,30,POINT (-87.6488738142 41.8890429362),,,,,2021-06-30,False,7,Near North Side
5723,30,TRAFFIC SIGNAL,FUNCTIONING PROPERLY,CLEAR,DAYLIGHT,PEDALCYCLIST,NOT DIVIDED,STRAIGHT AND LEVEL,WET,NO DEFECTS,,UNABLE TO DETERMINE,NOT APPLICABLE,,NONINCAPACITATING INJURY,15,6,41.7708226381,-87.7224153983,2021,30,POINT (-87.7224153983 41.7708226381),,,,,2021-06-30,False,64,West Lawn
5724,30,NO CONTROLS,NO CONTROLS,RAIN,DAYLIGHT,PEDALCYCLIST,DIVIDED - W/MEDIAN (NOT RAISED),STRAIGHT AND LEVEL,WET,UNKNOWN,,UNABLE TO DETERMINE,UNABLE TO DETERMINE,Y,NONINCAPACITATING INJURY,18,6,41.9391422364,-87.7144018825,2021,30,POINT (-87.7144018825 41.9391422364),,,,,2021-06-30,False,15,Irving Park
5725,30,NO CONTROLS,NO CONTROLS,RAIN,"DARKNESS, LIGHTED ROAD",PEDALCYCLIST,DIVIDED - W/MEDIAN (NOT RAISED),STRAIGHT AND LEVEL,WET,UNKNOWN,Y,UNABLE TO DETERMINE,NOT APPLICABLE,,NONINCAPACITATING INJURY,18,6,41.8989327339,-87.7383094677,2021,30,POINT (-87.7383094677 41.8989327339),,,,,2021-06-30,False,22,Humboldt Park
5726,30,STOP SIGN/FLASHER,FUNCTIONING PROPERLY,CLEAR,DAYLIGHT,PEDALCYCLIST,NOT DIVIDED,STRAIGHT AND LEVEL,DRY,NO DEFECTS,,FAILING TO YIELD RIGHT-OF-WAY,FAILING TO YIELD RIGHT-OF-WAY,,NONINCAPACITATING INJURY,10,7,41.9286718802,-87.7368830722,2021,30,POINT (-87.7368830722 41.9286718802),,,,,2021-07-01,False,19,Hermosa
5727,30,NO CONTROLS,NO CONTROLS,UNKNOWN,DAYLIGHT,PEDALCYCLIST,UNKNOWN,STRAIGHT AND LEVEL,UNKNOWN,UNKNOWN,,IMPROPER OVERTAKING/PASSING,IMPROPER OVERTAKING/PASSING,,NO INDICATION OF INJURY,15,7,41.8761574785,-87.6722013307,2021,30,POINT (-87.6722013307 41.8761574785),,,,,2021-07-01,False,27,Near West Side
5728,35,BICYCLE CROSSING SIGN,FUNCTIONING PROPERLY,CLEAR,DAYLIGHT,PEDALCYCLIST,CENTER TURN LANE,STRAIGHT AND LEVEL,DRY,NO DEFECTS,,FAILING TO YIELD RIGHT-OF-WAY,NOT APPLICABLE,,NONINCAPACITATING INJURY,16,7,41.9100574634,-87.6615832998,2021,35,POINT (-87.6615832998 41.9100574634),,,,,2021-07-01,False,23,West Town
5729,30,OTHER,FUNCTIONING PROPERLY,CLEAR,DAYLIGHT,PEDALCYCLIST,FOUR WAY,STRAIGHT AND LEVEL,DRY,NO DEFECTS,Y,FAILING TO YIELD RIGHT-OF-WAY,FAILING TO YIELD RIGHT-OF-WAY,,NONINCAPACITATING INJURY,17,7,41.9216143622,-87.6954814291,2021,30,POINT (-87.6954814291 41.9216143622),,,,,2021-07-01,False,21,Logan Square
5730,30,NO CONTROLS,NO CONTROLS,CLEAR,DAYLIGHT,PEDALCYCLIST,DIVIDED - W/MEDIAN (NOT RAISED),STRAIGHT AND LEVEL,DRY,NO DEFECTS,,UNABLE TO DETERMINE,UNABLE TO DETERMINE,,NONINCAPACITATING INJURY,18,7,41.8640228281,-87.7152058105,2021,30,POINT (-87.7152058105 41.8640228281),,,,,2021-07-01,False,28,North Lawndale
5731,30,NO CONTROLS,NO CONTROLS,CLEAR,DAYLIGHT,PEDALCYCLIST,NOT DIVIDED,STRAIGHT AND LEVEL,DRY,NO DEFECTS,,UNABLE TO DETERMINE,NOT APPLICABLE,,NO INDICATION OF INJURY,7,7,41.8589963001,-87.6241056698,2021,30,POINT (-87.6241056698 41.8589963001),,,,,2021-07-02,False,32,Near South Side
5732,30,STOP SIGN/FLASHER,FUNCTIONING PROPERLY,CLEAR,DAYLIGHT,PEDALCYCLIST,FOUR WAY,STRAIGHT AND LEVEL,DRY,NO DEFECTS,Y,DISREGARDING STOP SIGN,UNABLE TO DETERMINE,N,"REPORTED, NOT EVIDENT",10,7,41.6990422698,-87.5402330703,2021,30,POINT (-87.5402330703 41.6990422698),,,,,2021-07-02,False,51,East Side
5733,30,NO CONTROLS,NO CONTROLS,CLEAR,DAYLIGHT,PEDALCYCLIST,DIVIDED - W/MEDIAN (NOT RAISED),STRAIGHT AND LEVEL,DRY,NO DEFECTS,,UNABLE TO DETERMINE,UNABLE TO DETERMINE,,INCAPACITATING INJURY,10,7,41.9474175049,-87.6504220712,2021,30,POINT (-87.6504220712 41.9474175049),,,,,2021-07-02,True,5,Lake View
5734,30,TRAFFIC SIGNAL,FUNCTIONING PROPERLY,CLEAR,DAYLIGHT,PEDALCYCLIST,DIVIDED - W/MEDIAN (NOT RAISED),STRAIGHT AND LEVEL,DRY,NO DEFECTS,,DRIVING SKILLS/KNOWLEDGE/EXPERIENCE,DRIVING SKILLS/KNOWLEDGE/EXPERIENCE,,NONINCAPACITATING INJURY,12,7,41.9386837748,-87.7665624938,2021,30,POINT (-87.7665624938 41.9386837748),,,,,2021-07-02,False,14,Portage Park
5735,30,NO CONTROLS,FUNCTIONING PROPERLY,CLEAR,DAYLIGHT,PEDALCYCLIST,DIVIDED - W/MEDIAN (NOT RAISED),STRAIGHT AND LEVEL,DRY,NO DEFECTS,,IMPROPER TURNING/NO SIGNAL,FAILING TO YIELD RIGHT-OF-WAY,,INCAPACITATING INJURY,16,7,41.9192120757,-87.6910731233,2021,30,POINT (-87.6910731233 41.9192120757),,,,,2021-07-02,True,21,Logan Square
5736,30,STOP SIGN/FLASHER,NO CONTROLS,CLEAR,DAYLIGHT,PEDALCYCLIST,NOT DIVIDED,STRAIGHT AND LEVEL,DRY,NO DEFECTS,Y,UNABLE TO DETERMINE,NOT APPLICABLE,,NONINCAPACITATING INJURY,19,7,41.8050063349,-87.6698845557,2021,30,POINT (-87.6698845557 41.8050063349),,,,,2021-07-02,False,60,New City
5737,30,TRAFFIC SIGNAL,NO CONTROLS,CLEAR,"DARKNESS, LIGHTED ROAD",PEDALCYCLIST,DIVIDED - W/MEDIAN (NOT RAISED),STRAIGHT AND LEVEL,DRY,NO DEFECTS,,UNABLE TO DETERMINE,NOT APPLICABLE,,NO INDICATION OF INJURY,22,7,41.7720862141,-87.6835088578,2021,30,POINT (-87.6835088578 41.7720862141),,,,,2021-07-02,False,65,Chicago Lawn
5738,30,NO CONTROLS,NO CONTROLS,CLEAR,"DARKNESS, LIGHTED ROAD",PEDALCYCLIST,NOT DIVIDED,STRAIGHT AND LEVEL,DRY,NO DEFECTS,,FAILING TO YIELD RIGHT-OF-WAY,NOT APPLICABLE,,NONINCAPACITATING INJURY,23,7,41.9323310674,-87.6779887286,2021,30,POINT (-87.6779887286 41.9323310674),,,,,2021-07-02,False,4,North Center
5739,30,STOP SIGN/FLASHER,FUNCTIONING PROPERLY,CLEAR,DAYLIGHT,PEDALCYCLIST,FOUR WAY,STRAIGHT AND LEVEL,DRY,NO DEFECTS,Y,UNABLE TO DETERMINE,FAILING TO YIELD RIGHT-OF-WAY,,"REPORTED, NOT EVIDENT",10,7,41.8856113636,-87.6569063887,2021,30,POINT (-87.6569063887 41.8856113636),,,,,2021-07-03,False,27,Near West Side
5740,30,NO CONTROLS,NO CONTROLS,CLEAR,DAYLIGHT,PEDALCYCLIST,T-INTERSECTION,STRAIGHT AND LEVEL,DRY,NO DEFECTS,,UNABLE TO DETERMINE,UNABLE TO DETERMINE,,NO INDICATION OF INJURY,10,7,41.6553104809,-87.6174121814,2021,30,POINT (-87.6174121814 41.6553104809),,,,,2021-07-03,False,53,Riverdale
5741,10,NO CONTROLS,NO CONTROLS,CLEAR,DAYLIGHT,PEDALCYCLIST,PARKING LOT,STRAIGHT AND LEVEL,DRY,NO DEFECTS,,UNABLE TO DETERMINE,UNABLE TO DETERMINE,,NONINCAPACITATING INJURY,13,7,41.9903366392,-87.7075344147,2021,10,POINT (-87.7075344147 41.9903366392),,,,,2021-07-03,False,1,West Ridge
5742,30,NO CONTROLS,NO CONTROLS,CLEAR,DAYLIGHT,PEDALCYCLIST,DIVIDED - W/MEDIAN (NOT RAISED),STRAIGHT AND LEVEL,DRY,UNKNOWN,,UNABLE TO DETERMINE,NOT APPLICABLE,,NO INDICATION OF INJURY,19,7,41.976245518,-87.6721928998,2021,30,POINT (-87.6721928998 41.976245518),,,,,2021-07-03,False,2,Uptown
5743,30,TRAFFIC SIGNAL,FUNCTIONING PROPERLY,CLEAR,"DARKNESS, LIGHTED ROAD",PEDALCYCLIST,NOT DIVIDED,STRAIGHT AND LEVEL,DRY,UNKNOWN,,IMPROPER TURNING/NO SIGNAL,NOT APPLICABLE,,NONINCAPACITATING INJURY,23,7,41.9257269082,-87.6493680146,2021,30,POINT (-87.6493680146 41.9257269082),,,,,2021-07-03,False,6,Lincoln Park
5744,25,TRAFFIC SIGNAL,FUNCTIONING PROPERLY,CLEAR,"DARKNESS, LIGHTED ROAD",PEDALCYCLIST,FOUR WAY,STRAIGHT AND LEVEL,DRY,UNKNOWN,Y,UNABLE TO DETERMINE,UNABLE TO DETERMINE,,NONINCAPACITATING INJURY,23,7,41.8831086273,-87.6279487708,2021,25,POINT (-87.6279487708 41.8831086273),,,,,2021-07-03,False,31,Loop
5745,30,UNKNOWN,UNKNOWN,CLEAR,"DARKNESS, LIGHTED ROAD",PEDALCYCLIST,NOT DIVIDED,STRAIGHT AND LEVEL,DRY,NO DEFECTS,,NOT APPLICABLE,NOT APPLICABLE,,NONINCAPACITATING INJURY,23,7,41.9103323554,-87.6946902564,2021,30,POINT (-87.6946902564 41.9103323554),,,,,2021-07-03,False,22,Humboldt Park
5746,15,NO CONTROLS,NO CONTROLS,CLEAR,"DARKNESS, LIGHTED ROAD",PEDALCYCLIST,ONE-WAY,STRAIGHT AND LEVEL,DRY,NO DEFECTS,Y,"VISION OBSCURED (SIGNS, TREE LIMBS, BUILDINGS, ETC.)",NOT APPLICABLE,,NONINCAPACITATING INJURY,0,7,41.9434502126,-87.6548646509,2021,15,POINT (-87.6548646509 41.9434502126),,,,,2021-07-04,False,5,Lake View
5747,0,NO CONTROLS,NO CONTROLS,CLEAR,DAYLIGHT,PEDALCYCLIST,ONE-WAY,STRAIGHT AND LEVEL,DRY,NO DEFECTS,,UNABLE TO DETERMINE,UNABLE TO DETERMINE,Y,NONINCAPACITATING INJURY,16,7,41.7665721365,-87.6867195772,2021,0,POINT (-87.6867195772 41.7665721365),,,,,2021-07-04,False,65,Chicago Lawn
5748,30,STOP SIGN/FLASHER,FUNCTIONING PROPERLY,CLEAR,DAYLIGHT,PEDALCYCLIST,FOUR WAY,STRAIGHT AND LEVEL,DRY,NO DEFECTS,Y,UNABLE TO DETERMINE,NOT APPLICABLE,,NONINCAPACITATING INJURY,19,7,41.9621367874,-87.7867688705,2021,30,POINT (-87.7867688705 41.9621367874),,,,,2021-07-04,False,14,Portage Park
5749,30,NO CONTROLS,NO CONTROLS,CLEAR,DARKNESS,PEDALCYCLIST,NOT DIVIDED,STRAIGHT AND LEVEL,DRY,NO DEFECTS,,IMPROPER OVERTAKING/PASSING,UNABLE TO DETERMINE,,NONINCAPACITATING INJURY,21,7,41.8382799614,-87.6199676104,2021,30,POINT (-87.6199676104 41.8382799614),,,,,2021-07-04,False,34,Douglas
5750,30,TRAFFIC SIGNAL,UNKNOWN,UNKNOWN,"DARKNESS, LIGHTED ROAD",PEDALCYCLIST,FOUR WAY,STRAIGHT AND LEVEL,UNKNOWN,UNKNOWN,,UNABLE TO DETERMINE,UNABLE TO DETERMINE,,INCAPACITATING INJURY,0,7,41.8736253222,-87.7203383184,2021,30,POINT (-87.7203383184 41.8736253222),,,,,2021-07-05,True,25,Garfield Park
5751,30,TRAFFIC SIGNAL,FUNCTIONING PROPERLY,CLEAR,DAYLIGHT,PEDALCYCLIST,NOT DIVIDED,STRAIGHT AND LEVEL,DRY,NO DEFECTS,,DRIVING SKILLS/KNOWLEDGE/EXPERIENCE,NOT APPLICABLE,,INCAPACITATING INJURY,10,7,41.9380118743,-87.6660627339,2021,30,POINT (-87.6660627339 41.9380118743),,,,,2021-07-05,True,5,Lake View
5752,30,STOP SIGN/FLASHER,FUNCTIONING PROPERLY,CLEAR,DAYLIGHT,PEDALCYCLIST,FOUR WAY,STRAIGHT AND LEVEL,DRY,NO DEFECTS,Y,DISREGARDING STOP SIGN,DRIVING ON WRONG SIDE/WRONG WAY,,NONINCAPACITATING INJURY,11,7,41.906695534,-87.6946250642,2021,30,POINT (-87.6946250642 41.906695534),,,,,2021-07-05,False,22,Humboldt Park
5753,30,STOP SIGN/FLASHER,FUNCTIONING PROPERLY,CLEAR,DAYLIGHT,PEDALCYCLIST,ONE-WAY,STRAIGHT AND LEVEL,DRY,NO DEFECTS,Y,DRIVING ON WRONG SIDE/WRONG WAY,DISREGARDING STOP SIGN,,NONINCAPACITATING INJURY,13,7,41.8805946675,-87.7426855927,2021,30,POINT (-87.7426855927 41.8805946675),,,,,2021-07-05,False,24,Austin
5754,15,NO CONTROLS,NO CONTROLS,CLEAR,DAYLIGHT,PEDALCYCLIST,ALLEY,STRAIGHT AND LEVEL,DRY,NO DEFECTS,Y,UNABLE TO DETERMINE,NOT APPLICABLE,,INCAPACITATING INJURY,16,7,41.940417234,-87.7566264678,2021,15,POINT (-87.7566264678 41.940417234),,,,,2021-07-05,True,14,Portage Park
5755,30,TRAFFIC SIGNAL,UNKNOWN,CLEAR,DAYLIGHT,PEDALCYCLIST,NOT DIVIDED,STRAIGHT AND LEVEL,DRY,NO DEFECTS,N,FOLLOWING TOO CLOSELY,NOT APPLICABLE,,NONINCAPACITATING INJURY,16,7,41.7654263675,-87.6371865668,2021,30,POINT (-87.6371865668 41.7654263675),,,,,2021-07-05,False,67,Englewood
5756,35,NO CONTROLS,UNKNOWN,CLEAR,"DARKNESS, LIGHTED ROAD",PEDALCYCLIST,NOT DIVIDED,STRAIGHT AND LEVEL,DRY,NO DEFECTS,,NOT APPLICABLE,NOT APPLICABLE,,NO INDICATION OF INJURY,21,7,41.9144237141,-87.654627843,2021,35,POINT (-87.654627843 41.9144237141),,,,,2021-07-05,False,6,Lincoln Park
5758,30,TRAFFIC SIGNAL,FUNCTIONING PROPERLY,CLEAR,DAYLIGHT,PEDALCYCLIST,NOT DIVIDED,STRAIGHT AND LEVEL,DRY,NO DEFECTS,,UNABLE TO DETERMINE,UNABLE TO DETERMINE,,"REPORTED, NOT EVIDENT",11,7,41.7863136113,-87.6937391848,2021,30,POINT (-87.6937391848 41.7863136113),,,,,2021-07-06,False,62,Gage Park
5759,30,NO CONTROLS,NO CONTROLS,CLEAR,DAYLIGHT,PEDALCYCLIST,NOT DIVIDED,STRAIGHT AND LEVEL,DRY,NO DEFECTS,,UNABLE TO DETERMINE,UNABLE TO DETERMINE,Y,NO INDICATION OF INJURY,11,7,41.8236293424,-87.6245105166,2021,30,POINT (-87.6245105166 41.8236293424),,,,,2021-07-06,False,37,Grand Boulevard
5760,30,STOP SIGN/FLASHER,FUNCTIONING PROPERLY,CLEAR,DAYLIGHT,PEDALCYCLIST,DRIVEWAY,STRAIGHT AND LEVEL,DRY,NO DEFECTS,,UNABLE TO DETERMINE,UNABLE TO DETERMINE,,NO INDICATION OF INJURY,12,7,41.9756241124,-87.7298445616,2021,30,POINT (-87.7298445616 41.9756241124),,,,,2021-07-06,False,11,Forest Glen
5761,15,STOP SIGN/FLASHER,FUNCTIONING PROPERLY,CLEAR,DAYLIGHT,PEDALCYCLIST,ROUNDABOUT,STRAIGHT AND LEVEL,DRY,NO DEFECTS,Y,UNABLE TO DETERMINE,UNABLE TO DETERMINE,,NO INDICATION OF INJURY,12,7,41.9782173096,-87.6624626897,2021,15,POINT (-87.6624626897 41.9782173096),,,,,2021-07-06,False,76,Edgewater
5762,25,NO CONTROLS,NO CONTROLS,CLEAR,DAYLIGHT,PEDALCYCLIST,NOT DIVIDED,STRAIGHT AND LEVEL,DRY,NO DEFECTS,,UNABLE TO DETERMINE,UNABLE TO DETERMINE,Y,NO INDICATION OF INJURY,13,7,41.9979612638,-87.68272226,2021,25,POINT (-87.68272226 41.9979612638),,,,,2021-07-06,False,0,Rogers Park
5763,30,STOP SIGN/FLASHER,FUNCTIONING PROPERLY,CLEAR,DAYLIGHT,PEDALCYCLIST,FOUR WAY,STRAIGHT AND LEVEL,DRY,NO DEFECTS,Y,UNABLE TO DETERMINE,UNABLE TO DETERMINE,,NONINCAPACITATING INJURY,13,7,41.7703675,-87.6737825945,2021,30,POINT (-87.6737825945 41.7703675),,,,,2021-07-06,False,66,Englewood
5764,30,STOP SIGN/FLASHER,FUNCTIONING PROPERLY,CLEAR,DAYLIGHT,PEDALCYCLIST,T-INTERSECTION,STRAIGHT AND LEVEL,DRY,NO DEFECTS,Y,FAILING TO YIELD RIGHT-OF-WAY,NOT APPLICABLE,,NONINCAPACITATING INJURY,14,7,41.9064731988,-87.6344199474,2021,30,POINT (-87.6344199474 41.9064731988),,,,,2021-07-06,False,7,Near North Side
5765,30,NO CONTROLS,NO CONTROLS,CLEAR,DAYLIGHT,PEDALCYCLIST,NOT DIVIDED,STRAIGHT AND LEVEL,DRY,NO DEFECTS,,UNABLE TO DETERMINE,UNABLE TO DETERMINE,,NO INDICATION OF INJURY,16,7,41.8846905665,-87.6863829345,2021,30,POINT (-87.6863829345 41.8846905665),,,,,2021-07-06,False,27,Near West Side
5766,30,UNKNOWN,UNKNOWN,CLEAR,DAYLIGHT,PEDALCYCLIST,NOT DIVIDED,STRAIGHT AND LEVEL,DRY,NO DEFECTS,Y,NOT APPLICABLE,NOT APPLICABLE,,NONINCAPACITATING INJURY,17,7,41.9377712633,-87.6374559758,2021,30,POINT (-87.6374559758 41.9377712633),,,,,2021-07-06,False,5,Lake View
5767,35,NO CONTROLS,NO CONTROLS,CLEAR,DAYLIGHT,PEDALCYCLIST,DIVIDED - W/MEDIAN (NOT RAISED),STRAIGHT AND LEVEL,DRY,NO DEFECTS,,UNABLE TO DETERMINE,NOT APPLICABLE,,NO INDICATION OF INJURY,17,7,41.9681117866,-87.7298678825,2021,35,POINT (-87.7298678825 41.9681117866),,,,,2021-07-06,False,11,Forest Glen
5768,30,TRAFFIC SIGNAL,FUNCTIONING PROPERLY,CLEAR,DAYLIGHT,PEDALCYCLIST,FOUR WAY,STRAIGHT AND LEVEL,DRY,NO DEFECTS,Y,DISREGARDING TRAFFIC SIGNALS,FAILING TO REDUCE SPEED TO AVOID CRASH,,"REPORTED, NOT EVIDENT",17,7,41.9243790057,-87.7439301149,2021,30,POINT (-87.7439301149 41.9243790057),,,,,2021-07-06,False,18,Belmont Cragin
5769,30,UNKNOWN,UNKNOWN,CLEAR,UNKNOWN,PEDALCYCLIST,UNKNOWN,STRAIGHT AND LEVEL,UNKNOWN,UNKNOWN,Y,UNABLE TO DETERMINE,UNABLE TO DETERMINE,,NONINCAPACITATING INJURY,18,7,41.9655783282,-87.6487826561,2021,30,POINT (-87.6487826561 41.9655783282),,,,,2021-07-06,False,2,Uptown
5770,30,NO CONTROLS,NO CONTROLS,CLEAR,DAYLIGHT,PEDALCYCLIST,PARKING LOT,STRAIGHT AND LEVEL,DRY,NO DEFECTS,,UNABLE TO DETERMINE,DRIVING SKILLS/KNOWLEDGE/EXPERIENCE,,NO INDICATION OF INJURY,19,7,41.8618808148,-87.6241738232,2021,30,POINT (-87.6241738232 41.8618808148),,,,,2021-07-06,False,32,Near South Side
5771,25,STOP SIGN/FLASHER,FUNCTIONING PROPERLY,CLEAR,DUSK,PEDALCYCLIST,NOT DIVIDED,STRAIGHT AND LEVEL,DRY,NO DEFECTS,,NOT APPLICABLE,UNABLE TO DETERMINE,,INCAPACITATING INJURY,20,7,41.8445284896,-87.6414150308,2021,25,POINT (-87.6414150308 41.8445284896),,,,,2021-07-06,True,30,Lower West Side
5772,30,NO CONTROLS,NO CONTROLS,CLEAR,DAYLIGHT,PEDALCYCLIST,NOT DIVIDED,STRAIGHT AND LEVEL,DRY,NO DEFECTS,,UNABLE TO DETERMINE,UNABLE TO DETERMINE,Y,NONINCAPACITATING INJURY,8,7,41.8652196115,-87.6960144128,2021,30,POINT (-87.6960144128 41.8652196115),,,,,2021-07-07,False,28,North Lawndale
5773,30,TRAFFIC SIGNAL,FUNCTIONING PROPERLY,CLEAR,DAYLIGHT,PEDALCYCLIST,ONE-WAY,STRAIGHT AND LEVEL,DRY,NO DEFECTS,,"VISION OBSCURED (SIGNS, TREE LIMBS, BUILDINGS, ETC.)",NOT APPLICABLE,,NONINCAPACITATING INJURY,9,7,41.8672482608,-87.6453284775,2021,30,POINT (-87.6453284775 41.8672482608),,,,,2021-07-07,False,27,Near West Side
5774,25,NO CONTROLS,NO CONTROLS,CLEAR,DAYLIGHT,PEDALCYCLIST,NOT DIVIDED,STRAIGHT AND LEVEL,DRY,NO DEFECTS,,DISTRACTION - FROM OUTSIDE VEHICLE,NOT APPLICABLE,,NO INDICATION OF INJURY,10,7,41.8829167217,-87.6841330037,2021,25,POINT (-87.6841330037 41.8829167217),,,,,2021-07-07,False,27,Near West Side
5775,25,STOP SIGN/FLASHER,FUNCTIONING PROPERLY,CLEAR,DAYLIGHT,PEDALCYCLIST,FOUR WAY,STRAIGHT AND LEVEL,DRY,UNKNOWN,Y,UNABLE TO DETERMINE,NOT APPLICABLE,,NONINCAPACITATING INJURY,13,7,41.916957506,-87.7341784729,2021,25,POINT (-87.7341784729 41.916957506),,,,,2021-07-07,False,19,Hermosa
5776,30,TRAFFIC SIGNAL,FUNCTIONING PROPERLY,CLEAR,DAYLIGHT,PEDALCYCLIST,DIVIDED - W/MEDIAN (NOT RAISED),STRAIGHT AND LEVEL,DRY,NO DEFECTS,Y,UNABLE TO DETERMINE,NOT APPLICABLE,,NO INDICATION OF INJURY,14,7,41.8799616486,-87.6860419822,2021,30,POINT (-87.6860419822 41.8799616486),,,,,2021-07-07,False,27,Near West Side
5777,30,TRAFFIC SIGNAL,FUNCTIONING PROPERLY,CLEAR,DAYLIGHT,PEDALCYCLIST,NOT DIVIDED,STRAIGHT AND LEVEL,DRY,NO DEFECTS,,UNABLE TO DETERMINE,UNABLE TO DETERMINE,,NONINCAPACITATING INJURY,14,7,41.9226658963,-87.697206584,2021,30,POINT (-87.697206584 41.9226658963),,,,,2021-07-07,False,21,Logan Square
5778,30,TRAFFIC SIGNAL,UNKNOWN,CLEAR,DAYLIGHT,PEDALCYCLIST,NOT DIVIDED,STRAIGHT AND LEVEL,DRY,NO DEFECTS,Y,IMPROPER TURNING/NO SIGNAL,UNABLE TO DETERMINE,,NONINCAPACITATING INJURY,14,7,41.7587872873,-87.5759934845,2021,30,POINT (-87.5759934845 41.7587872873),,,,,2021-07-07,False,42,South Shore
5779,25,NO CONTROLS,NO CONTROLS,CLEAR,DAYLIGHT,PEDALCYCLIST,ONE-WAY,STRAIGHT AND LEVEL,DRY,NO DEFECTS,,UNABLE TO DETERMINE,UNABLE TO DETERMINE,Y,NO INDICATION OF INJURY,15,7,41.7576724194,-87.5589694181,2021,25,POINT (-87.5589694181 41.7576724194),,,,,2021-07-07,False,42,South Shore
5780,15,NO CONTROLS,NO CONTROLS,CLEAR,DAYLIGHT,PEDALCYCLIST,ALLEY,STRAIGHT AND LEVEL,DRY,UNKNOWN,,UNABLE TO DETERMINE,UNABLE TO DETERMINE,,NONINCAPACITATING INJURY,16,7,41.7928929132,-87.5917772453,2021,15,POINT (-87.5917772453 41.7928929132),,,,,2021-07-07,False,40,Hyde Park