Unnamed: 0,POSTED_SPEED_LIMIT,TRAFFIC_CONTROL_DEVICE,DEVICE_CONDITION,WEATHER_CONDITION,LIGHTING_CONDITION,FIRST_CRASH_TYPE,TRAFFICWAY_TYPE,ALIGNMENT,ROADWAY_SURFACE_COND,ROAD_DEFECT,INTERSECTION_RELATED_I,PRIM_CONTRIBUTORY_CAUSE,SEC_CONTRIBUTORY_CAUSE,DOORING_I,MOST_SEVERE_INJURY,CRASH_HOUR,CRASH_MONTH,LATITUDE,LONGITUDE,CRASH_YEAR,SPEED_LIMIT,geometry,DISPLAYROU,the_geom,DIST,LANE_TYPE,CRASH_DATE,is_severe,index_right,CArea
5781,30,TRAFFIC SIGNAL,FUNCTIONING PROPERLY,CLEAR,DAYLIGHT,PEDALCYCLIST,FOUR WAY,STRAIGHT AND LEVEL,DRY,NO DEFECTS,Y,FAILING TO REDUCE SPEED TO AVOID CRASH,UNABLE TO DETERMINE,,"REPORTED, NOT EVIDENT",17,7,41.8467918254,-87.6806281011,2021,30,POINT (-87.6806281011 41.8467918254),,,,,2021-07-07,False,30,Lower West Side
5782,30,NO CONTROLS,NO CONTROLS,RAIN,DARKNESS,PEDALCYCLIST,NOT DIVIDED,STRAIGHT AND LEVEL,WET,UNKNOWN,,DRIVING SKILLS/KNOWLEDGE/EXPERIENCE,NOT APPLICABLE,Y,"REPORTED, NOT EVIDENT",19,7,41.9178572278,-87.6486423333,2021,30,POINT (-87.6486423333 41.9178572278),,,,,2021-07-07,False,6,Lincoln Park
5783,30,TRAFFIC SIGNAL,FUNCTIONING PROPERLY,CLEAR,DUSK,PEDALCYCLIST,NOT DIVIDED,STRAIGHT AND LEVEL,DRY,NO DEFECTS,Y,FAILING TO YIELD RIGHT-OF-WAY,UNABLE TO DETERMINE,,NO INDICATION OF INJURY,20,7,41.9613586525,-87.6985441744,2021,30,POINT (-87.6985441744 41.9613586525),,,,,2021-07-07,False,3,Lincoln Square
5784,30,NO CONTROLS,NO CONTROLS,CLEAR,DAYLIGHT,PEDALCYCLIST,NOT DIVIDED,STRAIGHT AND LEVEL,DRY,NO DEFECTS,,UNABLE TO DETERMINE,NOT APPLICABLE,,NONINCAPACITATING INJURY,11,7,41.877452287,-87.6852126814,2021,30,POINT (-87.6852126814 41.877452287),,,,,2021-07-08,False,27,Near West Side
5785,30,UNKNOWN,UNKNOWN,CLEAR,DAYLIGHT,PEDALCYCLIST,NOT DIVIDED,STRAIGHT AND LEVEL,DRY,UNKNOWN,,FAILING TO YIELD RIGHT-OF-WAY,IMPROPER TURNING/NO SIGNAL,,NO INDICATION OF INJURY,13,7,41.8869851494,-87.6414867856,2021,30,POINT (-87.6414867856 41.8869851494),,,,,2021-07-08,False,7,Near North Side
5786,30,TRAFFIC SIGNAL,FUNCTIONING PROPERLY,CLEAR,"DARKNESS, LIGHTED ROAD",PEDALCYCLIST,FOUR WAY,STRAIGHT AND LEVEL,DRY,NO DEFECTS,,IMPROPER TURNING/NO SIGNAL,UNABLE TO DETERMINE,,NONINCAPACITATING INJURY,20,7,41.8964667798,-87.6357591149,2021,30,POINT (-87.6357591149 41.8964667798),,,,,2021-07-08,False,7,Near North Side
5787,30,TRAFFIC SIGNAL,FUNCTIONING PROPERLY,CLEAR,DARKNESS,PEDALCYCLIST,FOUR WAY,STRAIGHT AND LEVEL,DRY,NO DEFECTS,Y,DISREGARDING TRAFFIC SIGNALS,UNABLE TO DETERMINE,,NONINCAPACITATING INJURY,22,7,41.8867101192,-87.6351386502,2021,30,POINT (-87.6351386502 41.8867101192),,,,,2021-07-08,False,7,Near North Side
5788,30,TRAFFIC SIGNAL,FUNCTIONING PROPERLY,CLEAR,DAYLIGHT,PEDALCYCLIST,NOT REPORTED,STRAIGHT AND LEVEL,DRY,NO DEFECTS,Y,UNABLE TO DETERMINE,NOT APPLICABLE,N,NO INDICATION OF INJURY,12,7,41.8893216859,-87.6311329853,2021,30,POINT (-87.6311329853 41.8893216859),,,,,2021-07-09,False,7,Near North Side
5789,30,TRAFFIC SIGNAL,FUNCTIONING PROPERLY,CLEAR,DAYLIGHT,PEDALCYCLIST,NOT DIVIDED,STRAIGHT AND LEVEL,DRY,NO DEFECTS,,UNABLE TO DETERMINE,UNABLE TO DETERMINE,,NONINCAPACITATING INJURY,12,7,41.9100039558,-87.707110623,2021,30,POINT (-87.707110623 41.9100039558),,,,,2021-07-09,False,22,Humboldt Park
5790,30,TRAFFIC SIGNAL,FUNCTIONING PROPERLY,CLEAR,DAYLIGHT,PEDALCYCLIST,FOUR WAY,STRAIGHT AND LEVEL,DRY,NO DEFECTS,Y,IMPROPER TURNING/NO SIGNAL,NOT APPLICABLE,,NO INDICATION OF INJURY,12,7,41.8892695282,-87.629735331,2021,30,POINT (-87.629735331 41.8892695282),,,,,2021-07-09,False,7,Near North Side
5791,30,NO CONTROLS,NO CONTROLS,CLEAR,DAYLIGHT,PEDALCYCLIST,NOT DIVIDED,STRAIGHT AND LEVEL,UNKNOWN,UNKNOWN,,FAILING TO YIELD RIGHT-OF-WAY,FAILING TO YIELD RIGHT-OF-WAY,,NONINCAPACITATING INJURY,13,7,41.8370393556,-87.7094726432,2021,30,POINT (-87.7094726432 41.8370393556),,,,,2021-07-09,False,29,South Lawndale
5792,30,TRAFFIC SIGNAL,NO CONTROLS,CLEAR,DAYLIGHT,PEDALCYCLIST,NOT DIVIDED,STRAIGHT AND LEVEL,DRY,NO DEFECTS,Y,NOT APPLICABLE,NOT APPLICABLE,,INCAPACITATING INJURY,14,7,41.7260228502,-87.5755902772,2021,30,POINT (-87.5755902772 41.7260228502),,,,,2021-07-09,True,45,South Chicago
5793,30,STOP SIGN/FLASHER,NO CONTROLS,CLEAR,DAYLIGHT,PEDALCYCLIST,ALLEY,STRAIGHT AND LEVEL,DRY,NO DEFECTS,,UNABLE TO DETERMINE,UNABLE TO DETERMINE,,NONINCAPACITATING INJURY,15,7,41.8857174456,-87.7700972833,2021,30,POINT (-87.7700972833 41.8857174456),,,,,2021-07-09,False,24,Austin
5794,30,TRAFFIC SIGNAL,FUNCTIONING PROPERLY,CLEAR,DAYLIGHT,PEDALCYCLIST,NOT DIVIDED,STRAIGHT AND LEVEL,DRY,NO DEFECTS,Y,FOLLOWING TOO CLOSELY,NOT APPLICABLE,,NONINCAPACITATING INJURY,16,7,41.9252466488,-87.6692520973,2021,30,POINT (-87.6692520973 41.9252466488),,,,,2021-07-09,False,6,Lincoln Park
5795,30,NO CONTROLS,NO CONTROLS,CLEAR,DAYLIGHT,PEDALCYCLIST,NOT DIVIDED,STRAIGHT AND LEVEL,DRY,NO DEFECTS,,FAILING TO YIELD RIGHT-OF-WAY,IMPROPER OVERTAKING/PASSING,,NONINCAPACITATING INJURY,20,7,41.9463756474,-87.735822777,2021,30,POINT (-87.735822777 41.9463756474),,,,,2021-07-09,False,15,Irving Park
5796,30,STOP SIGN/FLASHER,FUNCTIONING PROPERLY,CLEAR,"DARKNESS, LIGHTED ROAD",PEDALCYCLIST,FOUR WAY,STRAIGHT AND LEVEL,DRY,NO DEFECTS,,"VISION OBSCURED (SIGNS, TREE LIMBS, BUILDINGS, ETC.)",UNABLE TO DETERMINE,,"REPORTED, NOT EVIDENT",0,7,41.7609064676,-87.6976749048,2021,30,POINT (-87.6976749048 41.7609064676),,,,,2021-07-10,False,65,Chicago Lawn
5797,30,UNKNOWN,UNKNOWN,CLEAR,"DARKNESS, LIGHTED ROAD",PEDALCYCLIST,DIVIDED - W/MEDIAN (NOT RAISED),STRAIGHT AND LEVEL,DRY,NO DEFECTS,Y,IMPROPER TURNING/NO SIGNAL,UNABLE TO DETERMINE,,NONINCAPACITATING INJURY,1,7,41.9179584733,-87.6728259186,2021,30,POINT (-87.6728259186 41.9179584733),,,,,2021-07-10,False,6,Lincoln Park
5798,0,NO CONTROLS,NO CONTROLS,CLEAR,DAYLIGHT,PEDALCYCLIST,OTHER,STRAIGHT ON GRADE,DRY,NO DEFECTS,,NOT APPLICABLE,UNABLE TO DETERMINE,,"REPORTED, NOT EVIDENT",8,7,41.919078039,-87.634538115,2021,0,POINT (-87.634538115 41.919078039),,,,,2021-07-10,False,6,Lincoln Park
5799,30,NO CONTROLS,NO CONTROLS,CLEAR,DAYLIGHT,PEDALCYCLIST,NOT DIVIDED,STRAIGHT AND LEVEL,DRY,NO DEFECTS,,DRIVING SKILLS/KNOWLEDGE/EXPERIENCE,NOT APPLICABLE,N,"REPORTED, NOT EVIDENT",9,7,41.9685299044,-87.7118338058,2021,30,POINT (-87.7118338058 41.9685299044),,,,,2021-07-10,False,13,Albany Park
5800,30,NO CONTROLS,NO CONTROLS,RAIN,"DARKNESS, LIGHTED ROAD",PEDALCYCLIST,NOT DIVIDED,STRAIGHT AND LEVEL,WET,NO DEFECTS,,FAILING TO REDUCE SPEED TO AVOID CRASH,UNABLE TO DETERMINE,,NONINCAPACITATING INJURY,0,7,41.8782772102,-87.6571797808,2021,30,POINT (-87.6571797808 41.8782772102),,,,,2021-07-11,False,27,Near West Side
5801,30,STOP SIGN/FLASHER,OTHER,RAIN,DAYLIGHT,PEDALCYCLIST,FOUR WAY,STRAIGHT AND LEVEL,WET,NO DEFECTS,Y,UNABLE TO DETERMINE,NOT APPLICABLE,,NO INDICATION OF INJURY,11,7,41.9154164255,-87.7117764619,2021,30,POINT (-87.7117764619 41.9154164255),,,,,2021-07-11,False,21,Logan Square
5802,10,NO CONTROLS,NO CONTROLS,CLEAR,DAYLIGHT,PEDALCYCLIST,ALLEY,STRAIGHT AND LEVEL,DRY,NO DEFECTS,,UNABLE TO DETERMINE,NOT APPLICABLE,,"REPORTED, NOT EVIDENT",15,7,41.8268529047,-87.6748714964,2021,10,POINT (-87.6748714964 41.8268529047),,,,,2021-07-11,False,58,Mckinley Park
5803,30,NO CONTROLS,NO CONTROLS,CLEAR,DAYLIGHT,PEDALCYCLIST,DIVIDED - W/MEDIAN (NOT RAISED),STRAIGHT AND LEVEL,WET,NO DEFECTS,,DISREGARDING ROAD MARKINGS,NOT APPLICABLE,,NONINCAPACITATING INJURY,17,7,41.8661063066,-87.7219401269,2021,30,POINT (-87.7219401269 41.8661063066),,,,,2021-07-11,False,28,North Lawndale
5804,30,NO CONTROLS,NO CONTROLS,FREEZING RAIN/DRIZZLE,"DARKNESS, LIGHTED ROAD",PEDALCYCLIST,NOT DIVIDED,STRAIGHT AND LEVEL,WET,NO DEFECTS,,UNABLE TO DETERMINE,UNABLE TO DETERMINE,,NONINCAPACITATING INJURY,1,7,41.8994123315,-87.6431991659,2021,30,POINT (-87.6431991659 41.8994123315),,,,,2021-07-12,False,7,Near North Side
5805,20,NO CONTROLS,NO CONTROLS,CLEAR,DAYLIGHT,PEDALCYCLIST,ALLEY,STRAIGHT AND LEVEL,DRY,NO DEFECTS,,FAILING TO YIELD RIGHT-OF-WAY,FAILING TO REDUCE SPEED TO AVOID CRASH,,NONINCAPACITATING INJURY,10,7,41.7773051081,-87.699996877,2021,20,POINT (-87.699996877 41.7773051081),,,,,2021-07-12,False,65,Chicago Lawn
5806,30,NO CONTROLS,NO CONTROLS,CLEAR,DAYLIGHT,PEDALCYCLIST,DIVIDED - W/MEDIAN (NOT RAISED),STRAIGHT AND LEVEL,DRY,NO DEFECTS,,"VISION OBSCURED (SIGNS, TREE LIMBS, BUILDINGS, ETC.)",UNABLE TO DETERMINE,,NONINCAPACITATING INJURY,15,7,41.9684865232,-87.6908463582,2021,30,POINT (-87.6908463582 41.9684865232),,,,,2021-07-12,False,3,Lincoln Square
5807,15,NO CONTROLS,NO CONTROLS,CLEAR,DAYLIGHT,PEDALCYCLIST,ALLEY,STRAIGHT AND LEVEL,DRY,NO DEFECTS,Y,"OPERATING VEHICLE IN ERRATIC, RECKLESS, CARELESS, NEGLIGENT OR AGGRESSIVE MANNER",NOT APPLICABLE,,NONINCAPACITATING INJURY,17,7,41.8498501717,-87.7046266809,2021,15,POINT (-87.7046266809 41.8498501717),,,,,2021-07-12,False,28,North Lawndale
5808,15,NO CONTROLS,NO CONTROLS,CLOUDY/OVERCAST,DAYLIGHT,PEDALCYCLIST,ALLEY,STRAIGHT AND LEVEL,DRY,NO DEFECTS,,UNABLE TO DETERMINE,UNABLE TO DETERMINE,,NONINCAPACITATING INJURY,10,7,41.9317098347,-87.7414589737,2021,15,POINT (-87.7414589737 41.9317098347),,,,,2021-07-13,False,18,Belmont Cragin
5809,20,NO CONTROLS,NO CONTROLS,RAIN,DAYLIGHT,PEDALCYCLIST,ALLEY,STRAIGHT AND LEVEL,WET,NO DEFECTS,,UNABLE TO DETERMINE,UNABLE TO DETERMINE,,NONINCAPACITATING INJURY,10,7,41.9026360772,-87.7556359403,2021,20,POINT (-87.7556359403 41.9026360772),,,,,2021-07-13,False,24,Austin
5810,30,STOP SIGN/FLASHER,FUNCTIONING PROPERLY,CLEAR,DAYLIGHT,PEDALCYCLIST,T-INTERSECTION,STRAIGHT AND LEVEL,DRY,NO DEFECTS,Y,DRIVING SKILLS/KNOWLEDGE/EXPERIENCE,UNABLE TO DETERMINE,,NONINCAPACITATING INJURY,11,7,41.9553749619,-87.6544223322,2021,30,POINT (-87.6544223322 41.9553749619),,,,,2021-07-13,False,2,Uptown
5811,30,NO CONTROLS,NO CONTROLS,CLEAR,DAYLIGHT,PEDALCYCLIST,NOT DIVIDED,STRAIGHT AND LEVEL,DRY,NO DEFECTS,,UNABLE TO DETERMINE,UNABLE TO DETERMINE,Y,NONINCAPACITATING INJURY,12,7,41.907461932,-87.6726794778,2021,30,POINT (-87.6726794778 41.907461932),,,,,2021-07-13,False,23,West Town
5812,30,NO CONTROLS,UNKNOWN,CLEAR,DAYLIGHT,PEDALCYCLIST,DIVIDED - W/MEDIAN (NOT RAISED),STRAIGHT AND LEVEL,DRY,NO DEFECTS,Y,NOT APPLICABLE,NOT APPLICABLE,,NONINCAPACITATING INJURY,16,7,41.7871690244,-87.6329472395,2021,30,POINT (-87.6329472395 41.7871690244),,,,,2021-07-13,False,67,Englewood
5813,35,TRAFFIC SIGNAL,FUNCTIONING PROPERLY,CLEAR,DARKNESS,PEDALCYCLIST,NOT DIVIDED,STRAIGHT AND LEVEL,DRY,NO DEFECTS,Y,UNABLE TO DETERMINE,UNABLE TO DETERMINE,,NONINCAPACITATING INJURY,19,7,41.677435819,-87.6613013176,2021,35,POINT (-87.6613013176 41.677435819),,,,,2021-07-13,False,52,West Pullman
5814,30,NO CONTROLS,NO CONTROLS,CLEAR,"DARKNESS, LIGHTED ROAD",PEDALCYCLIST,ONE-WAY,STRAIGHT AND LEVEL,DRY,NO DEFECTS,,NOT APPLICABLE,NOT APPLICABLE,,NONINCAPACITATING INJURY,22,7,41.891663091,-87.621964903,2021,30,POINT (-87.621964903 41.891663091),,,,,2021-07-13,False,7,Near North Side
5815,30,NO CONTROLS,NO CONTROLS,CLEAR,DAYLIGHT,PEDALCYCLIST,NOT DIVIDED,STRAIGHT AND LEVEL,DRY,NO DEFECTS,,FAILING TO YIELD RIGHT-OF-WAY,NOT APPLICABLE,,NONINCAPACITATING INJURY,8,7,41.9758826657,-87.6685335315,2021,30,POINT (-87.6685335315 41.9758826657),,,,,2021-07-14,False,2,Uptown
5816,30,NO CONTROLS,NO CONTROLS,CLEAR,DAYLIGHT,PEDALCYCLIST,ONE-WAY,STRAIGHT AND LEVEL,DRY,NO DEFECTS,,UNABLE TO DETERMINE,NOT APPLICABLE,,"REPORTED, NOT EVIDENT",9,7,41.9806728243,-87.6667934708,2021,30,POINT (-87.6667934708 41.9806728243),,,,,2021-07-14,False,76,Edgewater
5817,35,NO CONTROLS,FUNCTIONING PROPERLY,CLEAR,DAYLIGHT,PEDALCYCLIST,NOT DIVIDED,STRAIGHT AND LEVEL,DRY,NO DEFECTS,,UNABLE TO DETERMINE,NOT APPLICABLE,,INCAPACITATING INJURY,16,7,41.8899060549,-87.711392865,2021,35,POINT (-87.711392865 41.8899060549),,,,,2021-07-14,True,22,Humboldt Park
5818,30,NO CONTROLS,NO CONTROLS,CLEAR,DAYLIGHT,PEDALCYCLIST,ONE-WAY,STRAIGHT AND LEVEL,DRY,NO DEFECTS,,FAILING TO YIELD RIGHT-OF-WAY,NOT APPLICABLE,Y,NONINCAPACITATING INJURY,18,7,41.8781820851,-87.6306393088,2021,30,POINT (-87.6306393088 41.8781820851),,,,,2021-07-14,False,31,Loop
5819,30,NO CONTROLS,NO CONTROLS,CLEAR,DAYLIGHT,PEDALCYCLIST,NOT DIVIDED,STRAIGHT AND LEVEL,UNKNOWN,UNKNOWN,,IMPROPER OVERTAKING/PASSING,UNABLE TO DETERMINE,,"REPORTED, NOT EVIDENT",18,7,41.941302752,-87.649162689,2021,30,POINT (-87.649162689 41.941302752),,,,,2021-07-14,False,5,Lake View
5820,35,STOP SIGN/FLASHER,FUNCTIONING PROPERLY,CLEAR,DAYLIGHT,PEDALCYCLIST,T-INTERSECTION,STRAIGHT AND LEVEL,DRY,NO DEFECTS,Y,UNABLE TO DETERMINE,UNABLE TO DETERMINE,,NONINCAPACITATING INJURY,18,7,41.9534194983,-87.754838835,2021,35,POINT (-87.754838835 41.9534194983),,,,,2021-07-14,False,14,Portage Park
5821,25,STOP SIGN/FLASHER,FUNCTIONING PROPERLY,CLOUDY/OVERCAST,DUSK,PEDALCYCLIST,FOUR WAY,STRAIGHT AND LEVEL,DRY,NO DEFECTS,Y,FAILING TO YIELD RIGHT-OF-WAY,UNABLE TO DETERMINE,,FATAL,20,7,42.0138266333,-87.704559952,2021,25,POINT (-87.704559952 42.0138266333),,,,,2021-07-14,True,1,West Ridge
5822,30,NO CONTROLS,NO CONTROLS,CLEAR,"DARKNESS, LIGHTED ROAD",PEDALCYCLIST,NOT DIVIDED,STRAIGHT AND LEVEL,DRY,NO DEFECTS,,DRIVING SKILLS/KNOWLEDGE/EXPERIENCE,UNABLE TO DETERMINE,,NO INDICATION OF INJURY,20,7,41.9065725328,-87.6355135994,2021,30,POINT (-87.6355135994 41.9065725328),,,,,2021-07-14,False,7,Near North Side
5823,30,UNKNOWN,UNKNOWN,UNKNOWN,UNKNOWN,PEDALCYCLIST,FOUR WAY,STRAIGHT AND LEVEL,UNKNOWN,UNKNOWN,Y,FAILING TO YIELD RIGHT-OF-WAY,FAILING TO YIELD RIGHT-OF-WAY,,NONINCAPACITATING INJURY,3,7,41.9043605843,-87.7264930239,2021,30,POINT (-87.7264930239 41.9043605843),,,,,2021-07-15,False,22,Humboldt Park
5824,35,NO CONTROLS,NO CONTROLS,CLOUDY/OVERCAST,DAYLIGHT,PEDALCYCLIST,FOUR WAY,STRAIGHT AND LEVEL,DRY,NO DEFECTS,,UNABLE TO DETERMINE,UNABLE TO DETERMINE,,NO INDICATION OF INJURY,13,7,41.9540384553,-87.7067348119,2021,35,POINT (-87.7067348119 41.9540384553),,,,,2021-07-15,False,15,Irving Park
5825,30,TRAFFIC SIGNAL,FUNCTIONING PROPERLY,CLEAR,DAYLIGHT,PEDALCYCLIST,ONE-WAY,STRAIGHT AND LEVEL,DRY,NO DEFECTS,Y,PHYSICAL CONDITION OF DRIVER,NOT APPLICABLE,,NONINCAPACITATING INJURY,14,7,41.8794442039,-87.638142325,2021,30,POINT (-87.638142325 41.8794442039),,,,,2021-07-15,False,27,Near West Side
5826,35,NO CONTROLS,NO CONTROLS,CLEAR,DUSK,PEDALCYCLIST,DIVIDED - W/MEDIAN BARRIER,STRAIGHT AND LEVEL,DRY,NO DEFECTS,,UNABLE TO DETERMINE,UNABLE TO DETERMINE,,NONINCAPACITATING INJURY,20,7,41.7757453824,-87.6639709543,2021,35,POINT (-87.6639709543 41.7757453824),,,,,2021-07-15,False,66,Englewood
5827,30,NO CONTROLS,NO CONTROLS,CLEAR,DAYLIGHT,PEDALCYCLIST,NOT DIVIDED,STRAIGHT AND LEVEL,DRY,NO DEFECTS,,NOT APPLICABLE,UNABLE TO DETERMINE,Y,INCAPACITATING INJURY,12,7,41.9578163114,-87.6706422957,2021,30,POINT (-87.6706422957 41.9578163114),,,,,2021-07-16,True,2,Uptown
5828,30,NO CONTROLS,NO CONTROLS,CLEAR,DAYLIGHT,PEDALCYCLIST,UNKNOWN,STRAIGHT AND LEVEL,UNKNOWN,UNKNOWN,,IMPROPER OVERTAKING/PASSING,IMPROPER LANE USAGE,,NONINCAPACITATING INJURY,15,7,41.8791613233,-87.7010060368,2021,30,POINT (-87.7010060368 41.8791613233),,,,,2021-07-16,False,26,Garfield Park
5829,30,NO CONTROLS,NO CONTROLS,CLEAR,"DARKNESS, LIGHTED ROAD",PEDALCYCLIST,NOT DIVIDED,STRAIGHT AND LEVEL,DRY,NO DEFECTS,,UNABLE TO DETERMINE,NOT APPLICABLE,Y,NONINCAPACITATING INJURY,1,7,41.940131803,-87.6462367537,2021,30,POINT (-87.6462367537 41.940131803),,,,,2021-07-17,False,5,Lake View
5830,30,NO CONTROLS,NO CONTROLS,CLEAR,"DARKNESS, LIGHTED ROAD",PEDALCYCLIST,NOT DIVIDED,STRAIGHT AND LEVEL,DRY,NO DEFECTS,,UNABLE TO DETERMINE,NOT APPLICABLE,,NONINCAPACITATING INJURY,3,7,41.9032750087,-87.6640086247,2021,30,POINT (-87.6640086247 41.9032750087),,,,,2021-07-17,False,23,West Town
5831,30,NO CONTROLS,NO CONTROLS,CLEAR,DAYLIGHT,PEDALCYCLIST,NOT DIVIDED,STRAIGHT AND LEVEL,DRY,NO DEFECTS,,FAILING TO YIELD RIGHT-OF-WAY,NOT APPLICABLE,,"REPORTED, NOT EVIDENT",10,7,41.9430390703,-87.6838630162,2021,30,POINT (-87.6838630162 41.9430390703),,,,,2021-07-17,False,4,North Center
5832,30,NO CONTROLS,NO CONTROLS,CLEAR,DAYLIGHT,PEDALCYCLIST,NOT DIVIDED,STRAIGHT AND LEVEL,DRY,NO DEFECTS,,NOT APPLICABLE,NOT APPLICABLE,,FATAL,10,7,41.8666293314,-87.695098091,2021,30,POINT (-87.695098091 41.8666293314),,,,,2021-07-17,True,28,North Lawndale
5833,25,NO CONTROLS,NO CONTROLS,CLEAR,DAYLIGHT,PEDALCYCLIST,NOT DIVIDED,STRAIGHT AND LEVEL,DRY,NO DEFECTS,,UNABLE TO DETERMINE,NOT APPLICABLE,,NO INDICATION OF INJURY,11,7,41.8858282928,-87.6261382625,2021,25,POINT (-87.6261382625 41.8858282928),,,,,2021-07-17,False,31,Loop
5834,30,STOP SIGN/FLASHER,FUNCTIONING PROPERLY,CLEAR,DAYLIGHT,PEDALCYCLIST,PARKING LOT,STRAIGHT AND LEVEL,DRY,NO DEFECTS,,FAILING TO YIELD RIGHT-OF-WAY,FAILING TO YIELD RIGHT-OF-WAY,,NONINCAPACITATING INJURY,13,7,41.9575214749,-87.7672920461,2021,30,POINT (-87.7672920461 41.9575214749),,,,,2021-07-17,False,14,Portage Park
5835,30,NO CONTROLS,NO CONTROLS,CLEAR,DAYLIGHT,PEDALCYCLIST,T-INTERSECTION,STRAIGHT AND LEVEL,DRY,NO DEFECTS,Y,"VISION OBSCURED (SIGNS, TREE LIMBS, BUILDINGS, ETC.)",NOT APPLICABLE,,NO INDICATION OF INJURY,15,7,41.8840434254,-87.6443403789,2021,30,POINT (-87.6443403789 41.8840434254),,,,,2021-07-17,False,27,Near West Side
5836,30,TRAFFIC SIGNAL,FUNCTIONING PROPERLY,CLEAR,DAYLIGHT,PEDALCYCLIST,FOUR WAY,STRAIGHT AND LEVEL,DRY,NO DEFECTS,Y,UNABLE TO DETERMINE,UNABLE TO DETERMINE,,NO INDICATION OF INJURY,16,7,41.9237693534,-87.787626099,2021,30,POINT (-87.787626099 41.9237693534),,,,,2021-07-17,False,18,Belmont Cragin
5837,25,TRAFFIC SIGNAL,FUNCTIONING PROPERLY,CLEAR,DAYLIGHT,PEDALCYCLIST,DIVIDED - W/MEDIAN (NOT RAISED),STRAIGHT AND LEVEL,DRY,NO DEFECTS,Y,UNABLE TO DETERMINE,UNABLE TO DETERMINE,,NONINCAPACITATING INJURY,17,7,41.9689874565,-87.6695163065,2021,25,POINT (-87.6695163065 41.9689874565),,,,,2021-07-17,False,2,Uptown
5838,30,NO CONTROLS,NO CONTROLS,CLEAR,DUSK,PEDALCYCLIST,DIVIDED - W/MEDIAN (NOT RAISED),STRAIGHT AND LEVEL,DRY,NO DEFECTS,,UNABLE TO DETERMINE,NOT APPLICABLE,,NONINCAPACITATING INJURY,20,7,41.9171805908,-87.7338279706,2021,30,POINT (-87.7338279706 41.9171805908),,,,,2021-07-17,False,19,Hermosa
5839,30,STOP SIGN/FLASHER,FUNCTIONING PROPERLY,CLEAR,DAYLIGHT,PEDALCYCLIST,ONE-WAY,STRAIGHT AND LEVEL,DRY,SHOULDER DEFECT,,UNABLE TO DETERMINE,UNABLE TO DETERMINE,,NONINCAPACITATING INJURY,8,7,41.7815737971,-87.7752377757,2021,30,POINT (-87.7752377757 41.7815737971),,,,,2021-07-18,False,63,Clearing
5840,30,NO CONTROLS,NO CONTROLS,CLEAR,DAYLIGHT,PEDALCYCLIST,NOT DIVIDED,STRAIGHT AND LEVEL,DRY,UNKNOWN,,UNABLE TO DETERMINE,UNABLE TO DETERMINE,,NO INDICATION OF INJURY,11,7,41.9944433564,-87.6603416954,2021,30,POINT (-87.6603416954 41.9944433564),,,,,2021-07-18,False,76,Edgewater
5841,25,TRAFFIC SIGNAL,FUNCTIONING IMPROPERLY,CLEAR,DAYLIGHT,PEDALCYCLIST,NOT DIVIDED,STRAIGHT AND LEVEL,DRY,NO DEFECTS,Y,FAILING TO YIELD RIGHT-OF-WAY,UNABLE TO DETERMINE,N,NONINCAPACITATING INJURY,14,7,41.7028823648,-87.5351374813,2021,25,POINT (-87.5351374813 41.7028823648),,,,,2021-07-18,False,51,East Side
5842,30,NO CONTROLS,NO CONTROLS,CLEAR,DAYLIGHT,PEDALCYCLIST,NOT DIVIDED,STRAIGHT AND LEVEL,DRY,NO DEFECTS,,UNABLE TO DETERMINE,NOT APPLICABLE,Y,NONINCAPACITATING INJURY,17,7,41.9054382467,-87.6479827434,2021,30,POINT (-87.6479827434 41.9054382467),,,,,2021-07-18,False,7,Near North Side
5843,30,NO CONTROLS,NO CONTROLS,CLEAR,DAYLIGHT,PEDALCYCLIST,NOT DIVIDED,STRAIGHT AND LEVEL,DRY,UNKNOWN,,UNABLE TO DETERMINE,UNABLE TO DETERMINE,Y,"REPORTED, NOT EVIDENT",18,7,41.968645633,-87.6792441513,2021,30,POINT (-87.6792441513 41.968645633),,,,,2021-07-18,False,3,Lincoln Square
5844,30,NO CONTROLS,NO CONTROLS,CLEAR,DAYLIGHT,PEDALCYCLIST,DIVIDED - W/MEDIAN (NOT RAISED),STRAIGHT AND LEVEL,DRY,NO DEFECTS,,DRIVING SKILLS/KNOWLEDGE/EXPERIENCE,PHYSICAL CONDITION OF DRIVER,,INCAPACITATING INJURY,19,7,41.9379574386,-87.7028338255,2021,30,POINT (-87.7028338255 41.9379574386),,,,,2021-07-18,True,20,Avondale
5845,30,TRAFFIC SIGNAL,FUNCTIONING PROPERLY,CLEAR,"DARKNESS, LIGHTED ROAD",PEDALCYCLIST,NOT DIVIDED,STRAIGHT AND LEVEL,DRY,NO DEFECTS,Y,IMPROPER LANE USAGE,NOT APPLICABLE,,NO INDICATION OF INJURY,20,7,41.8911269147,-87.6474724456,2021,30,POINT (-87.6474724456 41.8911269147),,,,,2021-07-18,False,7,Near North Side
5846,30,NO CONTROLS,NO CONTROLS,CLEAR,DUSK,PEDALCYCLIST,NOT DIVIDED,STRAIGHT AND LEVEL,DRY,NO DEFECTS,,"VISION OBSCURED (SIGNS, TREE LIMBS, BUILDINGS, ETC.)",NOT APPLICABLE,,"REPORTED, NOT EVIDENT",21,7,41.8006659941,-87.5860591008,2021,30,POINT (-87.5860591008 41.8006659941),,,,,2021-07-18,False,40,Hyde Park