Unnamed: 0,POSTED_SPEED_LIMIT,TRAFFIC_CONTROL_DEVICE,DEVICE_CONDITION,WEATHER_CONDITION,LIGHTING_CONDITION,FIRST_CRASH_TYPE,TRAFFICWAY_TYPE,ALIGNMENT,ROADWAY_SURFACE_COND,ROAD_DEFECT,INTERSECTION_RELATED_I,PRIM_CONTRIBUTORY_CAUSE,SEC_CONTRIBUTORY_CAUSE,DOORING_I,MOST_SEVERE_INJURY,CRASH_HOUR,CRASH_MONTH,LATITUDE,LONGITUDE,CRASH_YEAR,SPEED_LIMIT,geometry,DISPLAYROU,the_geom,DIST,LANE_TYPE,CRASH_DATE,is_severe,index_right,CArea
5847,10,NO CONTROLS,NO CONTROLS,CLEAR,DAYLIGHT,PEDALCYCLIST,OTHER,STRAIGHT AND LEVEL,DRY,NO DEFECTS,,UNABLE TO DETERMINE,UNABLE TO DETERMINE,,NONINCAPACITATING INJURY,6,7,41.917346218,-87.7575331912,2021,10,POINT (-87.7575331912 41.917346218),,,,,2021-07-19,False,18,Belmont Cragin
5848,35,NO CONTROLS,NO CONTROLS,CLEAR,DAYLIGHT,PEDALCYCLIST,DIVIDED - W/MEDIAN BARRIER,STRAIGHT ON GRADE,DRY,NO DEFECTS,,UNABLE TO DETERMINE,UNABLE TO DETERMINE,,NONINCAPACITATING INJURY,10,7,41.8308361422,-87.617473551,2021,35,POINT (-87.617473551 41.8308361422),,,,,2021-07-19,False,34,Douglas
5849,20,NO CONTROLS,NO CONTROLS,CLEAR,DAYLIGHT,PEDALCYCLIST,NOT DIVIDED,STRAIGHT AND LEVEL,DRY,NO DEFECTS,,FAILING TO YIELD RIGHT-OF-WAY,UNABLE TO DETERMINE,,NONINCAPACITATING INJURY,12,7,41.7771952435,-87.7908725712,2021,20,POINT (-87.7908725712 41.7771952435),,,,,2021-07-19,False,63,Clearing
5850,30,NO CONTROLS,NO CONTROLS,CLEAR,DAYLIGHT,PEDALCYCLIST,DIVIDED - W/MEDIAN (NOT RAISED),STRAIGHT AND LEVEL,DRY,UNKNOWN,,UNABLE TO DETERMINE,NOT APPLICABLE,,NO INDICATION OF INJURY,14,7,41.8909498489,-87.6254961678,2021,30,POINT (-87.6254961678 41.8909498489),,,,,2021-07-19,False,7,Near North Side
5851,25,NO CONTROLS,NO CONTROLS,CLEAR,DAYLIGHT,PEDALCYCLIST,DIVIDED - W/MEDIAN (NOT RAISED),STRAIGHT AND LEVEL,DRY,NO DEFECTS,,FAILING TO YIELD RIGHT-OF-WAY,NOT APPLICABLE,,"REPORTED, NOT EVIDENT",15,7,41.9676291597,-87.7083036873,2021,25,POINT (-87.7083036873 41.9676291597),,,,,2021-07-19,False,13,Albany Park
5852,30,NO CONTROLS,NO CONTROLS,CLEAR,DAYLIGHT,PEDALCYCLIST,FOUR WAY,STRAIGHT AND LEVEL,DRY,NO DEFECTS,Y,FAILING TO YIELD RIGHT-OF-WAY,NOT APPLICABLE,,NO INDICATION OF INJURY,15,7,41.9057186807,-87.7753384254,2021,30,POINT (-87.7753384254 41.9057186807),,,,,2021-07-19,False,24,Austin
5853,30,TRAFFIC SIGNAL,FUNCTIONING PROPERLY,CLEAR,DAYLIGHT,PEDALCYCLIST,ONE-WAY,STRAIGHT ON GRADE,DRY,UNKNOWN,,UNABLE TO DETERMINE,UNABLE TO DETERMINE,Y,"REPORTED, NOT EVIDENT",17,7,41.8845579866,-87.6391813992,2021,30,POINT (-87.6391813992 41.8845579866),,,,,2021-07-19,False,27,Near West Side
5854,30,NO CONTROLS,NO CONTROLS,RAIN,DAYLIGHT,PEDALCYCLIST,CENTER TURN LANE,STRAIGHT AND LEVEL,DRY,NO DEFECTS,,UNABLE TO DETERMINE,NOT APPLICABLE,,INCAPACITATING INJURY,18,7,41.8703054856,-87.7056547029,2021,30,POINT (-87.7056547029 41.8703054856),,,,,2021-07-19,True,26,Garfield Park
5855,30,PEDESTRIAN CROSSING SIGN,FUNCTIONING PROPERLY,CLEAR,DAYLIGHT,PEDALCYCLIST,DIVIDED - W/MEDIAN (NOT RAISED),STRAIGHT AND LEVEL,DRY,NO DEFECTS,Y,FOLLOWING TOO CLOSELY,FOLLOWING TOO CLOSELY,,NONINCAPACITATING INJURY,18,7,41.921728418,-87.6971746025,2021,30,POINT (-87.6971746025 41.921728418),,,,,2021-07-19,False,21,Logan Square
5856,30,TRAFFIC SIGNAL,FUNCTIONING PROPERLY,CLEAR,"DARKNESS, LIGHTED ROAD",PEDALCYCLIST,FOUR WAY,STRAIGHT AND LEVEL,DRY,NO DEFECTS,Y,NOT APPLICABLE,NOT APPLICABLE,,NO INDICATION OF INJURY,21,7,41.9606118644,-87.7475936017,2021,30,POINT (-87.7475936017 41.9606118644),,,,,2021-07-19,False,14,Portage Park
5857,30,STOP SIGN/FLASHER,FUNCTIONING PROPERLY,CLEAR,DAYLIGHT,PEDALCYCLIST,T-INTERSECTION,STRAIGHT AND LEVEL,DRY,NO DEFECTS,Y,DRIVING ON WRONG SIDE/WRONG WAY,CELL PHONE USE OTHER THAN TEXTING,,NONINCAPACITATING INJURY,8,7,41.9691772332,-87.7416645105,2021,30,POINT (-87.7416645105 41.9691772332),,,,,2021-07-20,False,11,Forest Glen
5858,35,NO CONTROLS,NO CONTROLS,CLEAR,DAYLIGHT,PEDALCYCLIST,NOT DIVIDED,STRAIGHT AND LEVEL,DRY,NO DEFECTS,,DRIVING SKILLS/KNOWLEDGE/EXPERIENCE,NOT APPLICABLE,Y,NONINCAPACITATING INJURY,8,7,41.9534278993,-87.7373590649,2021,35,POINT (-87.7373590649 41.9534278993),,,,,2021-07-20,False,15,Irving Park
5859,30,STOP SIGN/FLASHER,FUNCTIONING PROPERLY,CLEAR,DAYLIGHT,PEDALCYCLIST,ONE-WAY,STRAIGHT AND LEVEL,DRY,NO DEFECTS,Y,FAILING TO YIELD RIGHT-OF-WAY,NOT APPLICABLE,,NONINCAPACITATING INJURY,8,7,41.9455154228,-87.7985658061,2021,30,POINT (-87.7985658061 41.9455154228),,,,,2021-07-20,False,16,Dunning
5860,30,NO CONTROLS,NO CONTROLS,CLEAR,DAYLIGHT,PEDALCYCLIST,ONE-WAY,STRAIGHT AND LEVEL,DRY,NO DEFECTS,,UNABLE TO DETERMINE,UNABLE TO DETERMINE,Y,"REPORTED, NOT EVIDENT",16,7,41.9677185574,-87.6841600265,2021,30,POINT (-87.6841600265 41.9677185574),,,,,2021-07-20,False,3,Lincoln Square
5861,30,NO CONTROLS,NO CONTROLS,CLEAR,DAYLIGHT,PEDALCYCLIST,DIVIDED - W/MEDIAN (NOT RAISED),STRAIGHT AND LEVEL,DRY,NO DEFECTS,,FAILING TO YIELD RIGHT-OF-WAY,UNABLE TO DETERMINE,Y,NONINCAPACITATING INJURY,17,7,41.8579015965,-87.6522384093,2021,30,POINT (-87.6522384093 41.8579015965),,,,,2021-07-20,False,27,Near West Side
5862,30,NO CONTROLS,NO CONTROLS,CLEAR,DUSK,PEDALCYCLIST,ONE-WAY,STRAIGHT AND LEVEL,DRY,NO DEFECTS,,UNABLE TO DETERMINE,NOT APPLICABLE,,NONINCAPACITATING INJURY,20,7,41.9238573699,-87.7073398829,2021,30,POINT (-87.7073398829 41.9238573699),,,,,2021-07-20,False,21,Logan Square
5863,30,STOP SIGN/FLASHER,FUNCTIONING PROPERLY,CLEAR,DAYLIGHT,PEDALCYCLIST,FOUR WAY,STRAIGHT AND LEVEL,DRY,NO DEFECTS,N,FAILING TO YIELD RIGHT-OF-WAY,FAILING TO REDUCE SPEED TO AVOID CRASH,,"REPORTED, NOT EVIDENT",9,7,41.8766851878,-87.6505585101,2021,30,POINT (-87.6505585101 41.8766851878),,,,,2021-07-21,False,27,Near West Side
5864,15,UNKNOWN,UNKNOWN,CLEAR,DAYLIGHT,PEDALCYCLIST,UNKNOWN,STRAIGHT AND LEVEL,DRY,UNKNOWN,,UNABLE TO DETERMINE,UNABLE TO DETERMINE,Y,NONINCAPACITATING INJURY,14,7,41.7983344638,-87.6490544231,2021,15,POINT (-87.6490544231 41.7983344638),,,,,2021-07-21,False,60,New City
5865,30,OTHER,OTHER,CLEAR,DAYLIGHT,PEDALCYCLIST,NOT DIVIDED,STRAIGHT AND LEVEL,DRY,NO DEFECTS,,UNABLE TO DETERMINE,NOT APPLICABLE,,"REPORTED, NOT EVIDENT",15,7,41.9073336567,-87.650109129,2021,30,POINT (-87.650109129 41.9073336567),,,,,2021-07-21,False,7,Near North Side
5866,30,TRAFFIC SIGNAL,FUNCTIONING PROPERLY,CLEAR,DAYLIGHT,PEDALCYCLIST,NOT DIVIDED,STRAIGHT AND LEVEL,DRY,NO DEFECTS,,FOLLOWING TOO CLOSELY,NOT APPLICABLE,,NONINCAPACITATING INJURY,16,7,41.932589201,-87.6636314495,2021,30,POINT (-87.6636314495 41.932589201),,,,,2021-07-21,False,5,Lake View
5867,30,NO CONTROLS,NO CONTROLS,CLEAR,DAYLIGHT,PEDALCYCLIST,NOT DIVIDED,STRAIGHT AND LEVEL,DRY,NO DEFECTS,,CELL PHONE USE OTHER THAN TEXTING,NOT APPLICABLE,,NO INDICATION OF INJURY,17,7,41.9403199062,-87.7764341926,2021,30,POINT (-87.7764341926 41.9403199062),,,,,2021-07-21,False,14,Portage Park
5868,30,NO CONTROLS,NO CONTROLS,CLEAR,DAYLIGHT,PEDALCYCLIST,NOT DIVIDED,STRAIGHT AND LEVEL,DRY,NO DEFECTS,,DRIVING SKILLS/KNOWLEDGE/EXPERIENCE,NOT APPLICABLE,,NO INDICATION OF INJURY,18,7,41.9135351364,-87.6436608924,2021,30,POINT (-87.6436608924 41.9135351364),,,,,2021-07-21,False,6,Lincoln Park
5869,30,TRAFFIC SIGNAL,FUNCTIONING PROPERLY,CLEAR,DAYLIGHT,PEDALCYCLIST,FOUR WAY,STRAIGHT AND LEVEL,DRY,NO DEFECTS,,DRIVING SKILLS/KNOWLEDGE/EXPERIENCE,NOT APPLICABLE,,NO INDICATION OF INJURY,19,7,41.8915812294,-87.6263000978,2021,30,POINT (-87.6263000978 41.8915812294),,,,,2021-07-21,False,7,Near North Side
5870,30,STOP SIGN/FLASHER,FUNCTIONING PROPERLY,CLEAR,DAYLIGHT,PEDALCYCLIST,TRAFFIC ROUTE,STRAIGHT AND LEVEL,DRY,NO DEFECTS,Y,DISREGARDING STOP SIGN,UNABLE TO DETERMINE,,NONINCAPACITATING INJURY,19,7,41.8434247938,-87.653998661,2021,30,POINT (-87.653998661 41.8434247938),,,,,2021-07-21,False,30,Lower West Side
5871,30,TRAFFIC SIGNAL,FUNCTIONING PROPERLY,UNKNOWN,"DARKNESS, LIGHTED ROAD",PEDALCYCLIST,DIVIDED - W/MEDIAN (NOT RAISED),STRAIGHT AND LEVEL,UNKNOWN,UNKNOWN,,UNABLE TO DETERMINE,UNABLE TO DETERMINE,,NO INDICATION OF INJURY,20,7,41.9544189078,-87.6675982819,2021,30,POINT (-87.6675982819 41.9544189078),,,,,2021-07-21,False,2,Uptown
5872,30,STOP SIGN/FLASHER,FUNCTIONING PROPERLY,CLEAR,DAYLIGHT,PEDALCYCLIST,FOUR WAY,STRAIGHT AND LEVEL,DRY,NO DEFECTS,Y,UNABLE TO DETERMINE,UNABLE TO DETERMINE,,NO INDICATION OF INJURY,22,7,41.9236022665,-87.773422525,2021,30,POINT (-87.773422525 41.9236022665),,,,,2021-07-21,False,18,Belmont Cragin
5873,35,TRAFFIC SIGNAL,FUNCTIONING PROPERLY,CLEAR,DAYLIGHT,PEDALCYCLIST,FOUR WAY,STRAIGHT AND LEVEL,DRY,UNKNOWN,Y,UNABLE TO DETERMINE,UNABLE TO DETERMINE,,NONINCAPACITATING INJURY,6,7,41.7927555335,-87.5838040157,2021,35,POINT (-87.5838040157 41.7927555335),,,,,2021-07-22,False,40,Hyde Park
5874,30,NO CONTROLS,NO CONTROLS,CLEAR,DAYLIGHT,PEDALCYCLIST,NOT DIVIDED,STRAIGHT AND LEVEL,DRY,UNKNOWN,,"OPERATING VEHICLE IN ERRATIC, RECKLESS, CARELESS, NEGLIGENT OR AGGRESSIVE MANNER",NOT APPLICABLE,Y,NO INDICATION OF INJURY,7,7,41.8878081583,-87.6485452214,2021,30,POINT (-87.6485452214 41.8878081583),,,,,2021-07-22,False,7,Near North Side
5875,30,NO CONTROLS,NO CONTROLS,UNKNOWN,DAYLIGHT,PEDALCYCLIST,NOT DIVIDED,STRAIGHT AND LEVEL,UNKNOWN,NO DEFECTS,,UNABLE TO DETERMINE,NOT APPLICABLE,Y,INCAPACITATING INJURY,7,7,41.9422998347,-87.6980598866,2021,30,POINT (-87.6980598866 41.9422998347),,,,,2021-07-22,True,15,Irving Park
5876,25,NO CONTROLS,NOT FUNCTIONING,CLEAR,DAYLIGHT,PEDALCYCLIST,NOT DIVIDED,STRAIGHT AND LEVEL,DRY,UNKNOWN,,UNABLE TO DETERMINE,NOT APPLICABLE,,NONINCAPACITATING INJURY,14,7,41.9992045409,-87.6775627826,2021,25,POINT (-87.6775627826 41.9992045409),,,,,2021-07-22,False,0,Rogers Park
5877,30,NO CONTROLS,NO CONTROLS,CLEAR,DAYLIGHT,PEDALCYCLIST,NOT DIVIDED,STRAIGHT AND LEVEL,DRY,NO DEFECTS,,FAILING TO YIELD RIGHT-OF-WAY,NOT APPLICABLE,,"REPORTED, NOT EVIDENT",15,7,41.8993585889,-87.6604553782,2021,30,POINT (-87.6604553782 41.8993585889),,,,,2021-07-22,False,23,West Town
5878,15,NO CONTROLS,NO CONTROLS,CLEAR,DAYLIGHT,PEDALCYCLIST,DIVIDED - W/MEDIAN (NOT RAISED),STRAIGHT AND LEVEL,UNKNOWN,UNKNOWN,,FAILING TO REDUCE SPEED TO AVOID CRASH,NOT APPLICABLE,,NONINCAPACITATING INJURY,16,7,41.7071200064,-87.6356193252,2021,15,POINT (-87.6356193252 41.7071200064),,,,,2021-07-22,False,48,Roseland
5879,30,TRAFFIC SIGNAL,NOT FUNCTIONING,CLEAR,DUSK,PEDALCYCLIST,NOT DIVIDED,STRAIGHT AND LEVEL,DRY,NO DEFECTS,,UNABLE TO DETERMINE,UNABLE TO DETERMINE,,NO INDICATION OF INJURY,19,7,41.7960196245,-87.7596833672,2021,30,POINT (-87.7596833672 41.7960196245),,,,,2021-07-22,False,55,Garfield Ridge
5880,35,TRAFFIC SIGNAL,FUNCTIONING PROPERLY,CLEAR,DAYLIGHT,PEDALCYCLIST,T-INTERSECTION,STRAIGHT AND LEVEL,DRY,NO DEFECTS,Y,FAILING TO YIELD RIGHT-OF-WAY,NOT APPLICABLE,,INCAPACITATING INJURY,8,7,41.9032466066,-87.6665362269,2021,35,POINT (-87.6665362269 41.9032466066),,,,,2021-07-23,True,23,West Town
5881,30,NO CONTROLS,NO CONTROLS,CLEAR,DAYLIGHT,PEDALCYCLIST,NOT DIVIDED,STRAIGHT AND LEVEL,DRY,NO DEFECTS,,FAILING TO YIELD RIGHT-OF-WAY,NOT APPLICABLE,,"REPORTED, NOT EVIDENT",12,7,41.9139915686,-87.7363834628,2021,30,POINT (-87.7363834628 41.9139915686),,,,,2021-07-23,False,19,Hermosa
5882,30,UNKNOWN,UNKNOWN,UNKNOWN,DAYLIGHT,PEDALCYCLIST,T-INTERSECTION,STRAIGHT AND LEVEL,UNKNOWN,UNKNOWN,Y,FOLLOWING TOO CLOSELY,UNABLE TO DETERMINE,,"REPORTED, NOT EVIDENT",13,7,41.87985888,-87.6862520724,2021,30,POINT (-87.6862520724 41.87985888),,,,,2021-07-23,False,27,Near West Side
5883,30,NO CONTROLS,NO CONTROLS,CLEAR,DAYLIGHT,PEDALCYCLIST,ALLEY,STRAIGHT AND LEVEL,DRY,NO DEFECTS,,UNABLE TO DETERMINE,NOT APPLICABLE,,NO INDICATION OF INJURY,17,7,41.9519958573,-87.8171966248,2021,30,POINT (-87.8171966248 41.9519958573),,,,,2021-07-23,False,16,Dunning
5884,35,OTHER,FUNCTIONING PROPERLY,CLEAR,DAYLIGHT,PEDALCYCLIST,DIVIDED - W/MEDIAN (NOT RAISED),STRAIGHT AND LEVEL,DRY,NO DEFECTS,Y,FAILING TO YIELD RIGHT-OF-WAY,NOT APPLICABLE,,NONINCAPACITATING INJURY,8,7,41.8731187932,-87.6207384921,2021,35,POINT (-87.6207384921 41.8731187932),,,,,2021-07-24,False,31,Loop
5885,30,NO CONTROLS,NO CONTROLS,CLEAR,DAYLIGHT,PEDALCYCLIST,NOT DIVIDED,STRAIGHT AND LEVEL,DRY,NO DEFECTS,,UNABLE TO DETERMINE,NOT APPLICABLE,,NONINCAPACITATING INJURY,11,7,41.9114601927,-87.6775361811,2021,30,POINT (-87.6775361811 41.9114601927),,,,,2021-07-24,False,6,Lincoln Park
5886,30,TRAFFIC SIGNAL,FUNCTIONING PROPERLY,CLEAR,DAYLIGHT,PEDALCYCLIST,NOT DIVIDED,STRAIGHT AND LEVEL,DRY,NO DEFECTS,,UNABLE TO DETERMINE,NOT APPLICABLE,,INCAPACITATING INJURY,16,7,41.9769368877,-87.769074312,2021,30,POINT (-87.769074312 41.9769368877),,,,,2021-07-24,True,10,Jefferson Park
5887,30,NO CONTROLS,NO CONTROLS,CLEAR,DAYLIGHT,PEDALCYCLIST,DIVIDED - W/MEDIAN (NOT RAISED),STRAIGHT AND LEVEL,DRY,NO DEFECTS,,FOLLOWING TOO CLOSELY,NOT APPLICABLE,,NO INDICATION OF INJURY,16,7,41.7714855511,-87.722456415,2021,30,POINT (-87.722456415 41.7714855511),,,,,2021-07-24,False,64,West Lawn
5888,30,NO CONTROLS,NO CONTROLS,CLEAR,DAWN,PEDALCYCLIST,T-INTERSECTION,STRAIGHT AND LEVEL,WET,NO DEFECTS,Y,DISREGARDING STOP SIGN,UNABLE TO DETERMINE,,INCAPACITATING INJURY,18,7,41.8337912507,-87.6124893873,2021,30,POINT (-87.6124893873 41.8337912507),,,,,2021-07-24,True,34,Douglas
5889,15,STOP SIGN/FLASHER,FUNCTIONING PROPERLY,CLEAR,DAYLIGHT,PEDALCYCLIST,NOT DIVIDED,STRAIGHT AND LEVEL,DRY,NO DEFECTS,Y,DRIVING SKILLS/KNOWLEDGE/EXPERIENCE,FAILING TO YIELD RIGHT-OF-WAY,Y,NO INDICATION OF INJURY,18,7,42.0078156516,-87.6677125929,2021,15,POINT (-87.6677125929 42.0078156516),,,,,2021-07-24,False,0,Rogers Park
5890,30,TRAFFIC SIGNAL,FUNCTIONING PROPERLY,CLEAR,DAYLIGHT,PEDALCYCLIST,T-INTERSECTION,STRAIGHT AND LEVEL,DRY,UNKNOWN,Y,FAILING TO YIELD RIGHT-OF-WAY,FAILING TO REDUCE SPEED TO AVOID CRASH,,NONINCAPACITATING INJURY,19,7,41.8742560815,-87.6519320812,2021,30,POINT (-87.6519320812 41.8742560815),,,,,2021-07-24,False,27,Near West Side
5891,30,TRAFFIC SIGNAL,FUNCTIONING PROPERLY,CLEAR,"DARKNESS, LIGHTED ROAD",PEDALCYCLIST,DIVIDED - W/MEDIAN (NOT RAISED),STRAIGHT AND LEVEL,DRY,NO DEFECTS,,IMPROPER OVERTAKING/PASSING,NOT APPLICABLE,,NO INDICATION OF INJURY,21,7,41.9100947077,-87.7360356476,2021,30,POINT (-87.7360356476 41.9100947077),,,,,2021-07-24,False,22,Humboldt Park
5892,30,NO CONTROLS,NO CONTROLS,OTHER,"DARKNESS, LIGHTED ROAD",PEDALCYCLIST,NOT DIVIDED,STRAIGHT AND LEVEL,UNKNOWN,UNKNOWN,,IMPROPER LANE USAGE,UNABLE TO DETERMINE,,"REPORTED, NOT EVIDENT",0,7,41.8561102641,-87.725028412,2021,30,POINT (-87.725028412 41.8561102641),,,,,2021-07-25,False,28,North Lawndale
5893,30,NO CONTROLS,NO CONTROLS,CLEAR,"DARKNESS, LIGHTED ROAD",PEDALCYCLIST,NOT DIVIDED,STRAIGHT AND LEVEL,DRY,NO DEFECTS,,UNABLE TO DETERMINE,UNABLE TO DETERMINE,,NONINCAPACITATING INJURY,2,7,41.8899145999,-87.6308284102,2021,30,POINT (-87.6308284102 41.8899145999),,,,,2021-07-25,False,7,Near North Side
5894,30,STOP SIGN/FLASHER,NO CONTROLS,CLEAR,DAYLIGHT,PEDALCYCLIST,DIVIDED - W/MEDIAN (NOT RAISED),STRAIGHT AND LEVEL,DRY,NO DEFECTS,Y,FAILING TO YIELD RIGHT-OF-WAY,UNABLE TO DETERMINE,,NONINCAPACITATING INJURY,11,7,41.9813381697,-87.6992468018,2021,30,POINT (-87.6992468018 41.9813381697),,,,,2021-07-25,False,3,Lincoln Square
5895,30,TRAFFIC SIGNAL,FUNCTIONING PROPERLY,CLEAR,DAYLIGHT,PEDALCYCLIST,NOT DIVIDED,STRAIGHT AND LEVEL,DRY,NO DEFECTS,Y,FAILING TO YIELD RIGHT-OF-WAY,DISREGARDING ROAD MARKINGS,Y,INCAPACITATING INJURY,13,7,41.9503491335,-87.6639611615,2021,30,POINT (-87.6639611615 41.9503491335),,,,,2021-07-25,True,5,Lake View
5896,30,NO CONTROLS,NO CONTROLS,CLEAR,DAYLIGHT,PEDALCYCLIST,NOT DIVIDED,STRAIGHT AND LEVEL,DRY,UNKNOWN,,FOLLOWING TOO CLOSELY,UNABLE TO DETERMINE,,NONINCAPACITATING INJURY,17,7,41.9460499931,-87.6495946025,2021,30,POINT (-87.6495946025 41.9460499931),,,,,2021-07-25,False,5,Lake View
5897,30,TRAFFIC SIGNAL,FUNCTIONING PROPERLY,CLEAR,DAYLIGHT,PEDALCYCLIST,ONE-WAY,STRAIGHT AND LEVEL,DRY,NO DEFECTS,Y,FAILING TO REDUCE SPEED TO AVOID CRASH,UNABLE TO DETERMINE,,NO INDICATION OF INJURY,19,7,41.8242177602,-87.6033396124,2021,30,POINT (-87.6033396124 41.8242177602),,,,,2021-07-25,False,34,Douglas
5898,30,NO CONTROLS,NO CONTROLS,CLEAR,"DARKNESS, LIGHTED ROAD",PEDALCYCLIST,NOT DIVIDED,STRAIGHT AND LEVEL,DRY,NO DEFECTS,,"OPERATING VEHICLE IN ERRATIC, RECKLESS, CARELESS, NEGLIGENT OR AGGRESSIVE MANNER",NOT APPLICABLE,,NONINCAPACITATING INJURY,20,7,41.9100990196,-87.7170976206,2021,30,POINT (-87.7170976206 41.9100990196),,,,,2021-07-25,False,22,Humboldt Park
5899,30,TRAFFIC SIGNAL,FUNCTIONING PROPERLY,CLEAR,DUSK,PEDALCYCLIST,FOUR WAY,STRAIGHT AND LEVEL,DRY,NO DEFECTS,N,"OPERATING VEHICLE IN ERRATIC, RECKLESS, CARELESS, NEGLIGENT OR AGGRESSIVE MANNER","OPERATING VEHICLE IN ERRATIC, RECKLESS, CARELESS, NEGLIGENT OR AGGRESSIVE MANNER",,INCAPACITATING INJURY,20,7,41.9101041117,-87.7168228307,2021,30,POINT (-87.7168228307 41.9101041117),,,,,2021-07-25,True,22,Humboldt Park
5900,15,STOP SIGN/FLASHER,UNKNOWN,CLEAR,"DARKNESS, LIGHTED ROAD",PEDALCYCLIST,T-INTERSECTION,STRAIGHT AND LEVEL,UNKNOWN,UNKNOWN,Y,UNABLE TO DETERMINE,UNABLE TO DETERMINE,,NONINCAPACITATING INJURY,21,7,41.8671930406,-87.6224014517,2021,15,POINT (-87.6224014517 41.8671930406),,,,,2021-07-25,False,32,Near South Side
5901,30,NO CONTROLS,NO CONTROLS,CLEAR,"DARKNESS, LIGHTED ROAD",PEDALCYCLIST,NOT DIVIDED,STRAIGHT AND LEVEL,DRY,NO DEFECTS,,UNABLE TO DETERMINE,NOT APPLICABLE,,INCAPACITATING INJURY,1,7,41.8701175525,-87.6569243786,2021,30,POINT (-87.6569243786 41.8701175525),,,,,2021-07-26,True,27,Near West Side
5902,30,NO CONTROLS,NO CONTROLS,CLEAR,DAYLIGHT,PEDALCYCLIST,NOT DIVIDED,STRAIGHT AND LEVEL,DRY,NO DEFECTS,,UNABLE TO DETERMINE,UNABLE TO DETERMINE,,NONINCAPACITATING INJURY,8,7,41.9132955686,-87.6433590668,2021,30,POINT (-87.6433590668 41.9132955686),,,,,2021-07-26,False,6,Lincoln Park
5903,35,TRAFFIC SIGNAL,FUNCTIONING PROPERLY,CLEAR,DAYLIGHT,PEDALCYCLIST,OTHER,STRAIGHT AND LEVEL,DRY,NO DEFECTS,,NOT APPLICABLE,NOT APPLICABLE,,INCAPACITATING INJURY,12,7,41.9908610995,-87.6753559261,2021,35,POINT (-87.6753559261 41.9908610995),,,,,2021-07-26,True,1,West Ridge
5904,30,TRAFFIC SIGNAL,FUNCTIONING PROPERLY,CLEAR,DAYLIGHT,PEDALCYCLIST,"FIVE POINT, OR MORE",STRAIGHT ON GRADE,DRY,NO DEFECTS,,FAILING TO YIELD RIGHT-OF-WAY,UNABLE TO DETERMINE,,INCAPACITATING INJURY,13,7,41.9444243496,-87.6540965053,2021,30,POINT (-87.6540965053 41.9444243496),,,,,2021-07-26,True,5,Lake View
5905,30,NO CONTROLS,NO CONTROLS,CLEAR,DAYLIGHT,PEDALCYCLIST,NOT DIVIDED,STRAIGHT AND LEVEL,DRY,NO DEFECTS,,FAILING TO YIELD RIGHT-OF-WAY,UNABLE TO DETERMINE,Y,INCAPACITATING INJURY,14,7,41.9640667508,-87.6663321007,2021,30,POINT (-87.6663321007 41.9640667508),,,,,2021-07-26,True,2,Uptown
5906,30,TRAFFIC SIGNAL,FUNCTIONING PROPERLY,CLEAR,DAYLIGHT,PEDALCYCLIST,NOT DIVIDED,STRAIGHT AND LEVEL,DRY,NO DEFECTS,Y,UNABLE TO DETERMINE,UNABLE TO DETERMINE,,NO INDICATION OF INJURY,15,7,41.9035617365,-87.6606889921,2021,30,POINT (-87.6606889921 41.9035617365),,,,,2021-07-26,False,23,West Town
5907,30,NO CONTROLS,NO CONTROLS,CLEAR,DAYLIGHT,PEDALCYCLIST,NOT DIVIDED,STRAIGHT AND LEVEL,DRY,NO DEFECTS,,UNABLE TO DETERMINE,NOT APPLICABLE,Y,NONINCAPACITATING INJURY,16,7,41.9417472878,-87.6522986895,2021,30,POINT (-87.6522986895 41.9417472878),,,,,2021-07-26,False,5,Lake View
5908,30,TRAFFIC SIGNAL,FUNCTIONING PROPERLY,CLEAR,DAYLIGHT,PEDALCYCLIST,NOT DIVIDED,STRAIGHT AND LEVEL,DRY,NO DEFECTS,Y,UNABLE TO DETERMINE,NOT APPLICABLE,N,NONINCAPACITATING INJURY,18,7,41.9415426897,-87.6701244331,2021,30,POINT (-87.6701244331 41.9415426897),,,,,2021-07-26,False,5,Lake View
5909,30,NO CONTROLS,NO CONTROLS,CLEAR,DAYLIGHT,PEDALCYCLIST,NOT DIVIDED,STRAIGHT AND LEVEL,DRY,NO DEFECTS,N,FAILING TO YIELD RIGHT-OF-WAY,UNABLE TO DETERMINE,,NO INDICATION OF INJURY,18,7,41.9322859559,-87.6690431103,2021,30,POINT (-87.6690431103 41.9322859559),,,,,2021-07-26,False,6,Lincoln Park
5910,30,STOP SIGN/FLASHER,FUNCTIONING PROPERLY,CLEAR,"DARKNESS, LIGHTED ROAD",PEDALCYCLIST,NOT DIVIDED,STRAIGHT AND LEVEL,DRY,NO DEFECTS,,"VISION OBSCURED (SIGNS, TREE LIMBS, BUILDINGS, ETC.)",UNABLE TO DETERMINE,,NONINCAPACITATING INJURY,20,7,41.8284748965,-87.6753811585,2021,30,POINT (-87.6753811585 41.8284748965),,,,,2021-07-26,False,58,Mckinley Park