Unnamed: 0,POSTED_SPEED_LIMIT,TRAFFIC_CONTROL_DEVICE,DEVICE_CONDITION,WEATHER_CONDITION,LIGHTING_CONDITION,FIRST_CRASH_TYPE,TRAFFICWAY_TYPE,ALIGNMENT,ROADWAY_SURFACE_COND,ROAD_DEFECT,INTERSECTION_RELATED_I,PRIM_CONTRIBUTORY_CAUSE,SEC_CONTRIBUTORY_CAUSE,DOORING_I,MOST_SEVERE_INJURY,CRASH_HOUR,CRASH_MONTH,LATITUDE,LONGITUDE,CRASH_YEAR,SPEED_LIMIT,geometry,DISPLAYROU,the_geom,DIST,LANE_TYPE,CRASH_DATE,is_severe,index_right,CArea
5911,30,NO CONTROLS,NO CONTROLS,CLEAR,"DARKNESS, LIGHTED ROAD",PEDALCYCLIST,DIVIDED - W/MEDIAN (NOT RAISED),STRAIGHT AND LEVEL,DRY,NO DEFECTS,,"OPERATING VEHICLE IN ERRATIC, RECKLESS, CARELESS, NEGLIGENT OR AGGRESSIVE MANNER",UNABLE TO DETERMINE,,NONINCAPACITATING INJURY,22,7,41.910875544,-87.6582782399,2021,30,POINT (-87.6582782399 41.910875544),,,,,2021-07-26,False,6,Lincoln Park
5912,30,TRAFFIC SIGNAL,FUNCTIONING PROPERLY,CLEAR,DAYLIGHT,PEDALCYCLIST,FOUR WAY,STRAIGHT AND LEVEL,DRY,NO DEFECTS,Y,DISREGARDING TRAFFIC SIGNALS,UNABLE TO DETERMINE,,"REPORTED, NOT EVIDENT",8,7,41.8911370888,-87.6623484164,2021,30,POINT (-87.6623484164 41.8911370888),,,,,2021-07-27,False,23,West Town
5913,30,NO CONTROLS,NO CONTROLS,CLEAR,DAYLIGHT,PEDALCYCLIST,NOT DIVIDED,STRAIGHT AND LEVEL,DRY,NO DEFECTS,,UNABLE TO DETERMINE,UNABLE TO DETERMINE,,NO INDICATION OF INJURY,9,7,41.8894477811,-87.7150670295,2021,30,POINT (-87.7150670295 41.8894477811),,,,,2021-07-27,False,22,Humboldt Park
5914,30,NO CONTROLS,NO CONTROLS,CLEAR,DAYLIGHT,PEDALCYCLIST,NOT DIVIDED,STRAIGHT AND LEVEL,DRY,NO DEFECTS,,DRIVING ON WRONG SIDE/WRONG WAY,DRIVING SKILLS/KNOWLEDGE/EXPERIENCE,,NONINCAPACITATING INJURY,12,7,41.8035107835,-87.6036200753,2021,30,POINT (-87.6036200753 41.8035107835),,,,,2021-07-27,False,38,Kenwood
5915,25,STOP SIGN/FLASHER,NO CONTROLS,CLEAR,DAYLIGHT,PEDALCYCLIST,DIVIDED - W/MEDIAN (NOT RAISED),STRAIGHT AND LEVEL,DRY,NO DEFECTS,,DISREGARDING STOP SIGN,NOT APPLICABLE,,INCAPACITATING INJURY,17,7,42.0051870055,-87.6872058701,2021,25,POINT (-87.6872058701 42.0051870055),,,,,2021-07-27,True,1,West Ridge
5916,30,NO CONTROLS,NO CONTROLS,CLEAR,DAYLIGHT,PEDALCYCLIST,NOT DIVIDED,STRAIGHT AND LEVEL,DRY,NO DEFECTS,,UNABLE TO DETERMINE,NOT APPLICABLE,Y,NONINCAPACITATING INJURY,18,7,41.9265824768,-87.6409245988,2021,30,POINT (-87.6409245988 41.9265824768),,,,,2021-07-27,False,6,Lincoln Park
5917,30,NO CONTROLS,NO CONTROLS,CLEAR,DAYLIGHT,PEDALCYCLIST,NOT DIVIDED,STRAIGHT AND LEVEL,DRY,NO DEFECTS,,UNABLE TO DETERMINE,NOT APPLICABLE,Y,NONINCAPACITATING INJURY,18,7,41.9764927208,-87.6551336046,2021,30,POINT (-87.6551336046 41.9764927208),,,,,2021-07-27,False,2,Uptown
5918,30,NO CONTROLS,NO CONTROLS,CLEAR,DUSK,PEDALCYCLIST,DIVIDED - W/MEDIAN (NOT RAISED),STRAIGHT AND LEVEL,DRY,NO DEFECTS,,DRIVING SKILLS/KNOWLEDGE/EXPERIENCE,UNABLE TO DETERMINE,Y,NONINCAPACITATING INJURY,19,7,41.8891011761,-87.6312170314,2021,30,POINT (-87.6312170314 41.8891011761),,,,,2021-07-27,False,7,Near North Side
5919,30,TRAFFIC SIGNAL,FUNCTIONING PROPERLY,CLEAR,DAYLIGHT,PEDALCYCLIST,NOT DIVIDED,STRAIGHT AND LEVEL,DRY,NO DEFECTS,Y,FAILING TO YIELD RIGHT-OF-WAY,UNABLE TO DETERMINE,N,NONINCAPACITATING INJURY,9,7,41.8852075188,-87.6443760842,2021,30,POINT (-87.6443760842 41.8852075188),,,,,2021-07-28,False,27,Near West Side
5920,30,TRAFFIC SIGNAL,FUNCTIONING PROPERLY,CLEAR,DAYLIGHT,PEDALCYCLIST,FOUR WAY,STRAIGHT AND LEVEL,DRY,UNKNOWN,,FAILING TO YIELD RIGHT-OF-WAY,UNABLE TO DETERMINE,Y,INCAPACITATING INJURY,11,7,41.7871089078,-87.6319285907,2021,30,POINT (-87.6319285907 41.7871089078),,,,,2021-07-28,True,67,Englewood
5921,35,NO CONTROLS,NO CONTROLS,CLEAR,DAYLIGHT,PEDALCYCLIST,DIVIDED - W/MEDIAN (NOT RAISED),STRAIGHT AND LEVEL,DRY,NO DEFECTS,,FAILING TO YIELD RIGHT-OF-WAY,FAILING TO YIELD RIGHT-OF-WAY,Y,NONINCAPACITATING INJURY,17,7,41.9095968701,-87.6764715109,2021,35,POINT (-87.6764715109 41.9095968701),,,,,2021-07-28,False,23,West Town
5922,30,NO CONTROLS,NO CONTROLS,CLEAR,DUSK,PEDALCYCLIST,NOT DIVIDED,STRAIGHT AND LEVEL,DRY,NO DEFECTS,,FAILING TO YIELD RIGHT-OF-WAY,NOT APPLICABLE,,NONINCAPACITATING INJURY,19,7,41.8867307649,-87.7652404019,2021,30,POINT (-87.7652404019 41.8867307649),,,,,2021-07-28,False,24,Austin
5923,30,NO CONTROLS,NO CONTROLS,CLEAR,DAYLIGHT,PEDALCYCLIST,NOT DIVIDED,STRAIGHT AND LEVEL,DRY,NO DEFECTS,,DRIVING ON WRONG SIDE/WRONG WAY,UNABLE TO DETERMINE,,NONINCAPACITATING INJURY,20,7,41.7992751773,-87.7399009545,2021,30,POINT (-87.7399009545 41.7992751773),,,,,2021-07-28,False,55,Garfield Ridge
5924,20,NO CONTROLS,NO CONTROLS,CLEAR,"DARKNESS, LIGHTED ROAD",PEDALCYCLIST,ALLEY,STRAIGHT AND LEVEL,DRY,NO DEFECTS,,UNABLE TO DETERMINE,NOT APPLICABLE,,NO INDICATION OF INJURY,21,7,41.9535135074,-87.7484085088,2021,20,POINT (-87.7484085088 41.9535135074),,,,,2021-07-28,False,14,Portage Park
5925,30,STOP SIGN/FLASHER,FUNCTIONING PROPERLY,CLEAR,"DARKNESS, LIGHTED ROAD",PEDALCYCLIST,FOUR WAY,STRAIGHT AND LEVEL,DRY,NO DEFECTS,Y,DISREGARDING STOP SIGN,UNABLE TO DETERMINE,,NONINCAPACITATING INJURY,22,7,41.8932719985,-87.6697810511,2021,30,POINT (-87.6697810511 41.8932719985),,,,,2021-07-28,False,23,West Town
5926,15,STOP SIGN/FLASHER,FUNCTIONING PROPERLY,CLEAR,"DARKNESS, LIGHTED ROAD",PEDALCYCLIST,FOUR WAY,STRAIGHT AND LEVEL,DRY,NO DEFECTS,Y,UNABLE TO DETERMINE,NOT APPLICABLE,,NONINCAPACITATING INJURY,22,7,41.94918964,-87.6520249549,2021,15,POINT (-87.6520249549 41.94918964),,,,,2021-07-28,False,5,Lake View
5927,30,NO CONTROLS,NO CONTROLS,CLEAR,"DARKNESS, LIGHTED ROAD",PEDALCYCLIST,NOT DIVIDED,STRAIGHT AND LEVEL,DRY,NO DEFECTS,,UNABLE TO DETERMINE,NOT APPLICABLE,Y,"REPORTED, NOT EVIDENT",23,7,41.9133074009,-87.6817682539,2021,30,POINT (-87.6817682539 41.9133074009),,,,,2021-07-28,False,6,Lincoln Park
5928,30,NO CONTROLS,NO CONTROLS,CLEAR,DARKNESS,PEDALCYCLIST,DIVIDED - W/MEDIAN BARRIER,STRAIGHT AND LEVEL,DRY,NO DEFECTS,,UNABLE TO DETERMINE,NOT APPLICABLE,,INCAPACITATING INJURY,23,7,41.6768217717,-87.6417288271,2021,30,POINT (-87.6417288271 41.6768217717),,,,,2021-07-28,True,52,West Pullman
5929,30,TRAFFIC SIGNAL,FUNCTIONING PROPERLY,CLEAR,"DARKNESS, LIGHTED ROAD",PEDALCYCLIST,"FIVE POINT, OR MORE",STRAIGHT AND LEVEL,DRY,NO DEFECTS,Y,IMPROPER TURNING/NO SIGNAL,UNABLE TO DETERMINE,,NONINCAPACITATING INJURY,2,7,41.9104402484,-87.6773179433,2021,30,POINT (-87.6773179433 41.9104402484),,,,,2021-07-29,False,23,West Town
5930,30,UNKNOWN,UNKNOWN,CLEAR,DAYLIGHT,PEDALCYCLIST,NOT DIVIDED,STRAIGHT AND LEVEL,UNKNOWN,UNKNOWN,Y,UNABLE TO DETERMINE,UNABLE TO DETERMINE,,INCAPACITATING INJURY,8,7,41.9033311567,-87.6583572707,2021,30,POINT (-87.6583572707 41.9033311567),,,,,2021-07-29,True,7,Near North Side
5931,30,TRAFFIC SIGNAL,FUNCTIONING PROPERLY,CLEAR,DAYLIGHT,PEDALCYCLIST,FOUR WAY,STRAIGHT AND LEVEL,DRY,NO DEFECTS,Y,DISREGARDING ROAD MARKINGS,IMPROPER LANE USAGE,Y,NONINCAPACITATING INJURY,8,7,41.8717406197,-87.6276706791,2021,30,POINT (-87.6276706791 41.8717406197),,,,,2021-07-29,False,31,Loop
5932,30,TRAFFIC SIGNAL,FUNCTIONING PROPERLY,CLEAR,DAYLIGHT,PEDALCYCLIST,T-INTERSECTION,STRAIGHT AND LEVEL,DRY,NO DEFECTS,,UNABLE TO DETERMINE,UNABLE TO DETERMINE,,NONINCAPACITATING INJURY,9,7,41.9178344599,-87.6676161081,2021,30,POINT (-87.6676161081 41.9178344599),,,,,2021-07-29,False,6,Lincoln Park
5933,35,TRAFFIC SIGNAL,FUNCTIONING PROPERLY,CLEAR,DAYLIGHT,PEDALCYCLIST,ONE-WAY,STRAIGHT AND LEVEL,DRY,UNKNOWN,Y,DRIVING SKILLS/KNOWLEDGE/EXPERIENCE,FAILING TO YIELD RIGHT-OF-WAY,,NONINCAPACITATING INJURY,13,7,41.8922661395,-87.6350931881,2021,35,POINT (-87.6350931881 41.8922661395),,,,,2021-07-29,False,7,Near North Side
5934,30,NO CONTROLS,NO CONTROLS,CLEAR,DAYLIGHT,PEDALCYCLIST,NOT DIVIDED,STRAIGHT AND LEVEL,DRY,NO DEFECTS,,UNABLE TO DETERMINE,NOT APPLICABLE,,NONINCAPACITATING INJURY,15,7,41.8821751622,-87.761770992,2021,30,POINT (-87.761770992 41.8821751622),,,,,2021-07-29,False,24,Austin
5935,30,TRAFFIC SIGNAL,FUNCTIONING PROPERLY,CLEAR,DAYLIGHT,PEDALCYCLIST,DIVIDED - W/MEDIAN (NOT RAISED),STRAIGHT AND LEVEL,DRY,NO DEFECTS,,DISREGARDING TRAFFIC SIGNALS,NOT APPLICABLE,,NONINCAPACITATING INJURY,15,7,41.7215669005,-87.6432753034,2021,30,POINT (-87.6432753034 41.7215669005),,,,,2021-07-29,False,72,Washington Heights
5936,30,STOP SIGN/FLASHER,FUNCTIONING PROPERLY,CLEAR,DAYLIGHT,PEDALCYCLIST,NOT DIVIDED,STRAIGHT AND LEVEL,DRY,NO DEFECTS,,FAILING TO YIELD RIGHT-OF-WAY,UNABLE TO DETERMINE,Y,"REPORTED, NOT EVIDENT",17,7,41.9057056281,-87.6699273301,2021,30,POINT (-87.6699273301 41.9057056281),,,,,2021-07-29,False,23,West Town
5937,30,NO CONTROLS,NO CONTROLS,CLEAR,DAYLIGHT,PEDALCYCLIST,NOT DIVIDED,STRAIGHT AND LEVEL,DRY,NO DEFECTS,,UNABLE TO DETERMINE,UNABLE TO DETERMINE,,NONINCAPACITATING INJURY,17,7,41.7667772482,-87.7226079073,2021,30,POINT (-87.7226079073 41.7667772482),,,,,2021-07-29,False,64,West Lawn
5938,25,STOP SIGN/FLASHER,NO CONTROLS,CLEAR,DAYLIGHT,PEDALCYCLIST,DIVIDED - W/MEDIAN (NOT RAISED),STRAIGHT AND LEVEL,DRY,NO DEFECTS,,IMPROPER TURNING/NO SIGNAL,IMPROPER OVERTAKING/PASSING,,NO INDICATION OF INJURY,19,7,41.9958384116,-87.7160046073,2021,25,POINT (-87.7160046073 41.9958384116),,,,,2021-07-29,False,12,North Park
5939,30,NO CONTROLS,NO CONTROLS,CLEAR,DAYLIGHT,PEDALCYCLIST,DIVIDED - W/MEDIAN (NOT RAISED),STRAIGHT AND LEVEL,DRY,NO DEFECTS,,UNABLE TO DETERMINE,UNABLE TO DETERMINE,,NONINCAPACITATING INJURY,19,7,41.9461531299,-87.655500028,2021,30,POINT (-87.655500028 41.9461531299),,,,,2021-07-29,False,5,Lake View
5940,30,NO CONTROLS,NO CONTROLS,UNKNOWN,"DARKNESS, LIGHTED ROAD",PEDALCYCLIST,OTHER,STRAIGHT AND LEVEL,UNKNOWN,UNKNOWN,,UNABLE TO DETERMINE,NOT APPLICABLE,,NO INDICATION OF INJURY,21,7,41.9461531299,-87.655500028,2021,30,POINT (-87.655500028 41.9461531299),,,,,2021-07-29,False,5,Lake View
5941,30,TRAFFIC SIGNAL,FUNCTIONING PROPERLY,CLEAR,"DARKNESS, LIGHTED ROAD",PEDALCYCLIST,NOT DIVIDED,STRAIGHT AND LEVEL,DRY,NO DEFECTS,Y,DISREGARDING TRAFFIC SIGNALS,DISREGARDING TRAFFIC SIGNALS,,INCAPACITATING INJURY,23,7,41.9837477506,-87.6581547373,2021,30,POINT (-87.6581547373 41.9837477506),,,,,2021-07-29,True,76,Edgewater
5942,30,TRAFFIC SIGNAL,FUNCTIONING PROPERLY,CLEAR,DAYLIGHT,PEDALCYCLIST,NOT DIVIDED,STRAIGHT AND LEVEL,DRY,NO DEFECTS,,UNABLE TO DETERMINE,NOT APPLICABLE,,NO INDICATION OF INJURY,8,7,41.9256049177,-87.6462190008,2021,30,POINT (-87.6462190008 41.9256049177),,,,,2021-07-30,False,6,Lincoln Park
5943,25,NO CONTROLS,NO CONTROLS,CLEAR,DAYLIGHT,PEDALCYCLIST,NOT DIVIDED,STRAIGHT AND LEVEL,DRY,NO DEFECTS,,NOT APPLICABLE,NOT APPLICABLE,Y,NO INDICATION OF INJURY,9,7,41.9611267841,-87.7004549975,2021,25,POINT (-87.7004549975 41.9611267841),,,,,2021-07-30,False,13,Albany Park
5944,30,TRAFFIC SIGNAL,FUNCTIONING PROPERLY,CLEAR,DAYLIGHT,PEDALCYCLIST,CENTER TURN LANE,STRAIGHT AND LEVEL,DRY,NO DEFECTS,Y,FAILING TO REDUCE SPEED TO AVOID CRASH,DRIVING SKILLS/KNOWLEDGE/EXPERIENCE,,NONINCAPACITATING INJURY,12,7,41.9175547788,-87.7020689713,2021,30,POINT (-87.7020689713 41.9175547788),,,,,2021-07-30,False,21,Logan Square
5945,20,STOP SIGN/FLASHER,FUNCTIONING PROPERLY,CLEAR,DAYLIGHT,PEDALCYCLIST,NOT DIVIDED,STRAIGHT AND LEVEL,DRY,NO DEFECTS,Y,DISREGARDING STOP SIGN,NOT APPLICABLE,,INCAPACITATING INJURY,14,7,41.9721016441,-87.7184172425,2021,20,POINT (-87.7184172425 41.9721016441),,,,,2021-07-30,True,12,North Park
5946,30,TRAFFIC SIGNAL,FUNCTIONING PROPERLY,CLOUDY/OVERCAST,DAYLIGHT,PEDALCYCLIST,NOT DIVIDED,STRAIGHT AND LEVEL,UNKNOWN,UNKNOWN,,IMPROPER OVERTAKING/PASSING,UNABLE TO DETERMINE,,NO INDICATION OF INJURY,15,7,41.9361229444,-87.6639141074,2021,30,POINT (-87.6639141074 41.9361229444),,,,,2021-07-30,False,5,Lake View
5947,30,NO CONTROLS,FUNCTIONING PROPERLY,CLEAR,DAYLIGHT,PEDALCYCLIST,NOT DIVIDED,STRAIGHT AND LEVEL,DRY,NO DEFECTS,,UNABLE TO DETERMINE,UNABLE TO DETERMINE,,INCAPACITATING INJURY,15,7,41.9397517875,-87.6491127358,2021,30,POINT (-87.6491127358 41.9397517875),,,,,2021-07-30,True,5,Lake View
5948,35,TRAFFIC SIGNAL,FUNCTIONING PROPERLY,CLEAR,"DARKNESS, LIGHTED ROAD",PEDALCYCLIST,DIVIDED - W/MEDIAN BARRIER,STRAIGHT AND LEVEL,DRY,UNKNOWN,Y,DRIVING SKILLS/KNOWLEDGE/EXPERIENCE,NOT APPLICABLE,,NONINCAPACITATING INJURY,19,7,41.8940495996,-87.6328087736,2021,35,POINT (-87.6328087736 41.8940495996),,,,,2021-07-30,False,7,Near North Side
5949,30,NO CONTROLS,NO CONTROLS,CLEAR,DAYLIGHT,PEDALCYCLIST,NOT DIVIDED,STRAIGHT AND LEVEL,DRY,NO DEFECTS,,FAILING TO YIELD RIGHT-OF-WAY,FAILING TO YIELD RIGHT-OF-WAY,,NONINCAPACITATING INJURY,11,7,41.9034407976,-87.6685054668,2021,30,POINT (-87.6685054668 41.9034407976),,,,,2021-07-31,False,23,West Town
5950,30,NO CONTROLS,NO CONTROLS,CLEAR,DAYLIGHT,PEDALCYCLIST,NOT DIVIDED,STRAIGHT AND LEVEL,DRY,"RUT, HOLES",,NOT APPLICABLE,NOT APPLICABLE,,NONINCAPACITATING INJURY,14,7,41.8717936267,-87.7644210354,2021,30,POINT (-87.7644210354 41.8717936267),,,,,2021-07-31,False,24,Austin
5951,20,NO CONTROLS,NO CONTROLS,CLEAR,DAYLIGHT,PEDALCYCLIST,T-INTERSECTION,STRAIGHT AND LEVEL,DRY,NO DEFECTS,Y,FAILING TO YIELD RIGHT-OF-WAY,NOT APPLICABLE,,NONINCAPACITATING INJURY,16,7,41.9272406721,-87.7847247159,2021,20,POINT (-87.7847247159 41.9272406721),,,,,2021-07-31,False,18,Belmont Cragin
5952,30,NO CONTROLS,NO CONTROLS,CLEAR,DAYLIGHT,PEDALCYCLIST,NOT DIVIDED,STRAIGHT AND LEVEL,DRY,NO DEFECTS,Y,UNABLE TO DETERMINE,UNABLE TO DETERMINE,,NONINCAPACITATING INJURY,18,7,41.8984211636,-87.6341234981,2021,30,POINT (-87.6341234981 41.8984211636),,,,,2021-07-31,False,7,Near North Side
5953,20,NO CONTROLS,NO CONTROLS,CLEAR,DAYLIGHT,PEDALCYCLIST,NOT DIVIDED,STRAIGHT AND LEVEL,DRY,NO DEFECTS,,UNABLE TO DETERMINE,NOT APPLICABLE,,NONINCAPACITATING INJURY,8,8,41.9296594789,-87.653904145,2021,20,POINT (-87.653904145 41.9296594789),,,,,2021-08-01,False,6,Lincoln Park
5954,35,NO CONTROLS,NO CONTROLS,CLEAR,DAYLIGHT,PEDALCYCLIST,NOT DIVIDED,STRAIGHT AND LEVEL,DRY,UNKNOWN,,FAILING TO YIELD RIGHT-OF-WAY,UNABLE TO DETERMINE,Y,NO INDICATION OF INJURY,15,8,41.9030050392,-87.6657065445,2021,35,POINT (-87.6657065445 41.9030050392),,,,,2021-08-01,False,23,West Town
5955,30,NO CONTROLS,NO CONTROLS,CLEAR,DAYLIGHT,PEDALCYCLIST,ALLEY,STRAIGHT AND LEVEL,DRY,NO DEFECTS,,UNABLE TO DETERMINE,UNABLE TO DETERMINE,,NONINCAPACITATING INJURY,15,8,41.7559697582,-87.6439595047,2021,30,POINT (-87.6439595047 41.7559697582),,,,,2021-08-01,False,70,Auburn Gresham
5956,30,NO CONTROLS,NO CONTROLS,CLEAR,DAYLIGHT,PEDALCYCLIST,NOT DIVIDED,STRAIGHT AND LEVEL,DRY,NO DEFECTS,,IMPROPER TURNING/NO SIGNAL,NOT APPLICABLE,,NONINCAPACITATING INJURY,15,8,41.9425786331,-87.6529713464,2021,30,POINT (-87.6529713464 41.9425786331),,,,,2021-08-01,False,5,Lake View
5957,30,NO CONTROLS,OTHER,CLEAR,DAYLIGHT,PEDALCYCLIST,DIVIDED - W/MEDIAN BARRIER,STRAIGHT AND LEVEL,DRY,NO DEFECTS,,UNABLE TO DETERMINE,UNABLE TO DETERMINE,,NO INDICATION OF INJURY,17,8,41.8790338083,-87.6241921708,2021,30,POINT (-87.6241921708 41.8790338083),,,,,2021-08-01,False,31,Loop
5958,30,STOP SIGN/FLASHER,NO CONTROLS,CLEAR,DARKNESS,PEDALCYCLIST,T-INTERSECTION,STRAIGHT AND LEVEL,DRY,NO DEFECTS,Y,FAILING TO YIELD RIGHT-OF-WAY,UNABLE TO DETERMINE,,NONINCAPACITATING INJURY,21,8,41.8644611604,-87.6871858198,2021,30,POINT (-87.6871858198 41.8644611604),,,,,2021-08-01,False,27,Near West Side
5959,30,TRAFFIC SIGNAL,FUNCTIONING PROPERLY,CLEAR,"DARKNESS, LIGHTED ROAD",PEDALCYCLIST,TRAFFIC ROUTE,STRAIGHT AND LEVEL,DRY,NO DEFECTS,Y,FAILING TO YIELD RIGHT-OF-WAY,FAILING TO YIELD RIGHT-OF-WAY,,NONINCAPACITATING INJURY,0,8,41.9031689788,-87.677110174,2021,30,POINT (-87.677110174 41.9031689788),,,,,2021-08-02,False,23,West Town
5960,30,TRAFFIC SIGNAL,FUNCTIONING PROPERLY,CLEAR,"DARKNESS, LIGHTED ROAD",PEDALCYCLIST,UNKNOWN,STRAIGHT AND LEVEL,DRY,NO DEFECTS,,UNABLE TO DETERMINE,PHYSICAL CONDITION OF DRIVER,,NONINCAPACITATING INJURY,5,8,41.9184341978,-87.6386783924,2021,30,POINT (-87.6386783924 41.9184341978),,,,,2021-08-02,False,6,Lincoln Park
5961,30,TRAFFIC SIGNAL,FUNCTIONING PROPERLY,CLEAR,DAYLIGHT,PEDALCYCLIST,DIVIDED - W/MEDIAN (NOT RAISED),STRAIGHT AND LEVEL,DRY,NO DEFECTS,Y,UNABLE TO DETERMINE,NOT APPLICABLE,,NONINCAPACITATING INJURY,7,8,41.88205499,-87.6338999012,2021,30,POINT (-87.6338999012 41.88205499),,,,,2021-08-02,False,31,Loop
5962,30,NO CONTROLS,NO CONTROLS,CLEAR,DAYLIGHT,PEDALCYCLIST,DIVIDED - W/MEDIAN BARRIER,STRAIGHT AND LEVEL,DRY,UNKNOWN,Y,UNABLE TO DETERMINE,NOT APPLICABLE,,NONINCAPACITATING INJURY,7,8,41.8656570299,-87.6275294189,2021,30,POINT (-87.6275294189 41.8656570299),,,,,2021-08-02,False,32,Near South Side
5963,30,UNKNOWN,UNKNOWN,CLEAR,DAYLIGHT,PEDALCYCLIST,NOT DIVIDED,STRAIGHT AND LEVEL,DRY,UNKNOWN,Y,UNABLE TO DETERMINE,NOT APPLICABLE,,"REPORTED, NOT EVIDENT",8,8,41.879454894,-87.6262704749,2021,30,POINT (-87.6262704749 41.879454894),,,,,2021-08-02,False,31,Loop
5964,30,TRAFFIC SIGNAL,FUNCTIONING PROPERLY,CLEAR,DAYLIGHT,PEDALCYCLIST,FOUR WAY,STRAIGHT AND LEVEL,DRY,NO DEFECTS,Y,DISREGARDING TRAFFIC SIGNALS,NOT APPLICABLE,,INCAPACITATING INJURY,8,8,41.9112245556,-87.6264825724,2021,30,POINT (-87.6264825724 41.9112245556),,,,,2021-08-02,True,6,Lincoln Park
5965,30,STOP SIGN/FLASHER,FUNCTIONING PROPERLY,CLEAR,DAYLIGHT,PEDALCYCLIST,FOUR WAY,STRAIGHT AND LEVEL,DRY,NO DEFECTS,Y,UNABLE TO DETERMINE,UNABLE TO DETERMINE,,NONINCAPACITATING INJURY,11,8,41.9183413796,-87.643816996,2021,30,POINT (-87.643816996 41.9183413796),,,,,2021-08-02,False,6,Lincoln Park
5966,10,NO CONTROLS,NO CONTROLS,CLEAR,DAYLIGHT,PEDALCYCLIST,PARKING LOT,STRAIGHT AND LEVEL,DRY,UNKNOWN,,UNABLE TO DETERMINE,NOT APPLICABLE,,NO INDICATION OF INJURY,15,8,41.8203626495,-87.62865798,2021,10,POINT (-87.62865798 41.8203626495),,,,,2021-08-02,False,36,Fuller Park
5967,30,TRAFFIC SIGNAL,FUNCTIONING PROPERLY,CLEAR,DAYLIGHT,PEDALCYCLIST,FOUR WAY,STRAIGHT AND LEVEL,DRY,NO DEFECTS,Y,FAILING TO YIELD RIGHT-OF-WAY,NOT APPLICABLE,,NO INDICATION OF INJURY,17,8,41.884600962,-87.627828521,2021,30,POINT (-87.627828521 41.884600962),,,,,2021-08-02,False,31,Loop
5968,30,NO CONTROLS,NO CONTROLS,CLEAR,DAYLIGHT,PEDALCYCLIST,NOT DIVIDED,STRAIGHT AND LEVEL,DRY,NO DEFECTS,,UNABLE TO DETERMINE,UNABLE TO DETERMINE,Y,NO INDICATION OF INJURY,17,8,41.8781024031,-87.6473907056,2021,30,POINT (-87.6473907056 41.8781024031),,,,,2021-08-02,False,27,Near West Side
5969,30,TRAFFIC SIGNAL,FUNCTIONING PROPERLY,CLEAR,"DARKNESS, LIGHTED ROAD",PEDALCYCLIST,FOUR WAY,STRAIGHT AND LEVEL,DRY,NO DEFECTS,Y,DISREGARDING OTHER TRAFFIC SIGNS,NOT APPLICABLE,,NONINCAPACITATING INJURY,0,8,41.9137617808,-87.7461320178,2021,30,POINT (-87.7461320178 41.9137617808),,,,,2021-08-03,False,24,Austin
5970,30,YIELD,NO CONTROLS,CLEAR,DAYLIGHT,PEDALCYCLIST,NOT DIVIDED,STRAIGHT AND LEVEL,DRY,NO DEFECTS,,FAILING TO YIELD RIGHT-OF-WAY,UNABLE TO DETERMINE,,NO INDICATION OF INJURY,9,8,41.8446150586,-87.7059245655,2021,30,POINT (-87.7059245655 41.8446150586),,,,,2021-08-03,False,29,South Lawndale
5971,30,NO CONTROLS,NO CONTROLS,CLEAR,DAYLIGHT,PEDALCYCLIST,NOT DIVIDED,STRAIGHT AND LEVEL,DRY,NO DEFECTS,,UNABLE TO DETERMINE,UNABLE TO DETERMINE,,NO INDICATION OF INJURY,10,8,41.8788057174,-87.6471225085,2021,30,POINT (-87.6471225085 41.8788057174),,,,,2021-08-03,False,27,Near West Side
5972,30,NO CONTROLS,NO CONTROLS,CLEAR,DAYLIGHT,PEDALCYCLIST,NOT DIVIDED,STRAIGHT AND LEVEL,DRY,NO DEFECTS,,UNABLE TO DETERMINE,UNABLE TO DETERMINE,Y,NONINCAPACITATING INJURY,15,8,41.9182395531,-87.6517589344,2021,30,POINT (-87.6517589344 41.9182395531),,,,,2021-08-03,False,6,Lincoln Park
5973,30,NO CONTROLS,NO CONTROLS,CLEAR,DAYLIGHT,PEDALCYCLIST,NOT DIVIDED,STRAIGHT AND LEVEL,DRY,NO DEFECTS,,UNABLE TO DETERMINE,UNABLE TO DETERMINE,,NONINCAPACITATING INJURY,16,8,41.8815655326,-87.6667684926,2021,30,POINT (-87.6667684926 41.8815655326),,,,,2021-08-03,False,27,Near West Side
5974,30,TRAFFIC SIGNAL,FUNCTIONING PROPERLY,CLEAR,DAYLIGHT,PEDALCYCLIST,UNKNOWN INTERSECTION TYPE,STRAIGHT AND LEVEL,DRY,NO DEFECTS,Y,DISREGARDING TRAFFIC SIGNALS,UNABLE TO DETERMINE,,NONINCAPACITATING INJURY,16,8,41.891682324,-87.6327307134,2021,30,POINT (-87.6327307134 41.891682324),,,,,2021-08-03,False,7,Near North Side
5975,30,NO CONTROLS,NO CONTROLS,CLEAR,DAYLIGHT,PEDALCYCLIST,NOT DIVIDED,STRAIGHT AND LEVEL,DRY,NO DEFECTS,,FOLLOWING TOO CLOSELY,FOLLOWING TOO CLOSELY,,NO INDICATION OF INJURY,17,8,41.9064277922,-87.6772059675,2021,30,POINT (-87.6772059675 41.9064277922),,,,,2021-08-03,False,23,West Town
5976,30,NO CONTROLS,NO CONTROLS,CLEAR,DAYLIGHT,PEDALCYCLIST,DIVIDED - W/MEDIAN BARRIER,STRAIGHT AND LEVEL,DRY,OTHER,,"OPERATING VEHICLE IN ERRATIC, RECKLESS, CARELESS, NEGLIGENT OR AGGRESSIVE MANNER",HAD BEEN DRINKING (USE WHEN ARREST IS NOT MADE),,INCAPACITATING INJURY,18,8,41.9540413052,-87.7062769811,2021,30,POINT (-87.7062769811 41.9540413052),,,,,2021-08-03,True,15,Irving Park