Unnamed: 0,POSTED_SPEED_LIMIT,TRAFFIC_CONTROL_DEVICE,DEVICE_CONDITION,WEATHER_CONDITION,LIGHTING_CONDITION,FIRST_CRASH_TYPE,TRAFFICWAY_TYPE,ALIGNMENT,ROADWAY_SURFACE_COND,ROAD_DEFECT,INTERSECTION_RELATED_I,PRIM_CONTRIBUTORY_CAUSE,SEC_CONTRIBUTORY_CAUSE,DOORING_I,MOST_SEVERE_INJURY,CRASH_HOUR,CRASH_MONTH,LATITUDE,LONGITUDE,CRASH_YEAR,SPEED_LIMIT,geometry,DISPLAYROU,the_geom,DIST,LANE_TYPE,CRASH_DATE,is_severe,index_right,CArea
5977,30,TRAFFIC SIGNAL,FUNCTIONING PROPERLY,CLEAR,DAYLIGHT,PEDALCYCLIST,FOUR WAY,STRAIGHT AND LEVEL,DRY,NO DEFECTS,Y,UNABLE TO DETERMINE,NOT APPLICABLE,,NONINCAPACITATING INJURY,18,8,41.9348373353,-87.7762380967,2021,30,POINT (-87.7762380967 41.9348373353),,,,,2021-08-03,False,16,Dunning
5978,35,TRAFFIC SIGNAL,FUNCTIONING PROPERLY,CLEAR,DARKNESS,PEDALCYCLIST,NOT DIVIDED,STRAIGHT AND LEVEL,DRY,NO DEFECTS,Y,FAILING TO YIELD RIGHT-OF-WAY,NOT APPLICABLE,,NONINCAPACITATING INJURY,20,8,42.0189942204,-87.675996065,2021,35,POINT (-87.675996065 42.0189942204),,,,,2021-08-03,False,0,Rogers Park
5979,30,TRAFFIC SIGNAL,UNKNOWN,CLEAR,UNKNOWN,PEDALCYCLIST,NOT DIVIDED,STRAIGHT AND LEVEL,UNKNOWN,UNKNOWN,Y,DISREGARDING TRAFFIC SIGNALS,NOT APPLICABLE,,NONINCAPACITATING INJURY,22,8,41.8855803183,-87.7259219239,2021,30,POINT (-87.7259219239 41.8855803183),,,,,2021-08-03,False,25,Garfield Park
5980,20,STOP SIGN/FLASHER,FUNCTIONING PROPERLY,CLEAR,DAYLIGHT,PEDALCYCLIST,NOT DIVIDED,STRAIGHT AND LEVEL,DRY,NO DEFECTS,,FAILING TO YIELD RIGHT-OF-WAY,NOT APPLICABLE,,"REPORTED, NOT EVIDENT",7,8,41.8992078337,-87.7175929652,2021,20,POINT (-87.7175929652 41.8992078337),,,,,2021-08-04,False,22,Humboldt Park
5981,30,TRAFFIC SIGNAL,FUNCTIONING PROPERLY,CLEAR,DAYLIGHT,PEDALCYCLIST,NOT DIVIDED,STRAIGHT AND LEVEL,DRY,NO DEFECTS,Y,FAILING TO YIELD RIGHT-OF-WAY,DISREGARDING OTHER TRAFFIC SIGNS,,NONINCAPACITATING INJURY,10,8,41.8732289148,-87.6262155394,2021,30,POINT (-87.6262155394 41.8732289148),,,,,2021-08-04,False,31,Loop
5982,30,NO CONTROLS,NO CONTROLS,CLEAR,DAYLIGHT,PEDALCYCLIST,ONE-WAY,STRAIGHT AND LEVEL,DRY,NO DEFECTS,,"VISION OBSCURED (SIGNS, TREE LIMBS, BUILDINGS, ETC.)",UNABLE TO DETERMINE,,"REPORTED, NOT EVIDENT",15,8,41.8949695517,-87.7103464043,2021,30,POINT (-87.7103464043 41.8949695517),,,,,2021-08-04,False,22,Humboldt Park
5983,30,TRAFFIC SIGNAL,FUNCTIONING PROPERLY,CLEAR,DAYLIGHT,PEDALCYCLIST,DIVIDED - W/MEDIAN (NOT RAISED),STRAIGHT AND LEVEL,DRY,NO DEFECTS,,FAILING TO YIELD RIGHT-OF-WAY,NOT APPLICABLE,,NONINCAPACITATING INJURY,16,8,41.8878092777,-87.7649747675,2021,30,POINT (-87.7649747675 41.8878092777),,,,,2021-08-04,False,24,Austin
5984,20,STOP SIGN/FLASHER,FUNCTIONING PROPERLY,CLEAR,"DARKNESS, LIGHTED ROAD",PEDALCYCLIST,ONE-WAY,STRAIGHT AND LEVEL,DRY,UNKNOWN,,DRIVING ON WRONG SIDE/WRONG WAY,FAILING TO REDUCE SPEED TO AVOID CRASH,,NO INDICATION OF INJURY,20,8,41.9424207779,-87.7290722601,2021,20,POINT (-87.7290722601 41.9424207779),,,,,2021-08-04,False,15,Irving Park
5985,30,NO CONTROLS,NO CONTROLS,CLEAR,DAYLIGHT,PEDALCYCLIST,NOT DIVIDED,STRAIGHT AND LEVEL,DRY,NO DEFECTS,,FAILING TO YIELD RIGHT-OF-WAY,IMPROPER LANE USAGE,,NO INDICATION OF INJURY,13,8,41.7217781405,-87.6154974676,2021,30,POINT (-87.6154974676 41.7217781405),,,,,2021-08-05,False,48,Roseland
5986,30,NO CONTROLS,NO CONTROLS,CLEAR,DAYLIGHT,PEDALCYCLIST,ONE-WAY,STRAIGHT AND LEVEL,DRY,NO DEFECTS,,IMPROPER LANE USAGE,DRIVING SKILLS/KNOWLEDGE/EXPERIENCE,,INCAPACITATING INJURY,16,8,41.8857963123,-87.6296461541,2021,30,POINT (-87.6296461541 41.8857963123),,,,,2021-08-05,True,31,Loop
5987,30,NO CONTROLS,NO CONTROLS,CLEAR,DAYLIGHT,PEDALCYCLIST,DRIVEWAY,STRAIGHT ON GRADE,DRY,NO DEFECTS,,UNABLE TO DETERMINE,NOT APPLICABLE,,NONINCAPACITATING INJURY,16,8,41.9600539088,-87.7295470974,2021,30,POINT (-87.7295470974 41.9600539088),,,,,2021-08-05,False,15,Irving Park
5988,30,TRAFFIC SIGNAL,FUNCTIONING PROPERLY,CLEAR,DAYLIGHT,PEDALCYCLIST,ONE-WAY,STRAIGHT AND LEVEL,DRY,NO DEFECTS,,IMPROPER OVERTAKING/PASSING,NOT APPLICABLE,Y,NONINCAPACITATING INJURY,17,8,41.8923404773,-87.6294262788,2021,30,POINT (-87.6294262788 41.8923404773),,,,,2021-08-05,False,7,Near North Side
5989,30,STOP SIGN/FLASHER,FUNCTIONING PROPERLY,CLEAR,DUSK,PEDALCYCLIST,NOT DIVIDED,STRAIGHT AND LEVEL,DRY,NO DEFECTS,,FAILING TO YIELD RIGHT-OF-WAY,NOT APPLICABLE,,NO INDICATION OF INJURY,19,8,41.9036842951,-87.6382891629,2021,30,POINT (-87.6382891629 41.9036842951),,,,,2021-08-05,False,7,Near North Side
5990,30,NO CONTROLS,NO CONTROLS,CLEAR,"DARKNESS, LIGHTED ROAD",PEDALCYCLIST,NOT DIVIDED,STRAIGHT AND LEVEL,DRY,NO DEFECTS,,UNABLE TO DETERMINE,NOT APPLICABLE,,NONINCAPACITATING INJURY,0,8,41.9044057522,-87.7264937632,2021,30,POINT (-87.7264937632 41.9044057522),,,,,2021-08-06,False,22,Humboldt Park
5991,30,NO CONTROLS,NO CONTROLS,CLEAR,DAYLIGHT,PEDALCYCLIST,ONE-WAY,STRAIGHT AND LEVEL,DRY,NO DEFECTS,,IMPROPER BACKING,IMPROPER BACKING,,NONINCAPACITATING INJURY,8,8,41.9369356111,-87.7199603763,2021,30,POINT (-87.7199603763 41.9369356111),,,,,2021-08-06,False,20,Avondale
5992,20,STOP SIGN/FLASHER,NO CONTROLS,CLEAR,DAYLIGHT,PEDALCYCLIST,T-INTERSECTION,STRAIGHT AND LEVEL,DRY,NO DEFECTS,Y,DISREGARDING STOP SIGN,NOT APPLICABLE,,NO INDICATION OF INJURY,12,8,41.7437857633,-87.6230431355,2021,20,POINT (-87.6230431355 41.7437857633),,,,,2021-08-06,False,43,Chatham
5993,30,TRAFFIC SIGNAL,FUNCTIONING PROPERLY,CLEAR,DAYLIGHT,PEDALCYCLIST,T-INTERSECTION,STRAIGHT AND LEVEL,DRY,NO DEFECTS,Y,UNABLE TO DETERMINE,UNABLE TO DETERMINE,,NONINCAPACITATING INJURY,17,8,41.9258574575,-87.7023978366,2021,30,POINT (-87.7023978366 41.9258574575),,,,,2021-08-06,False,21,Logan Square
5994,30,NO CONTROLS,NO CONTROLS,CLEAR,DAYLIGHT,PEDALCYCLIST,NOT DIVIDED,STRAIGHT AND LEVEL,DRY,NO DEFECTS,,UNABLE TO DETERMINE,NOT APPLICABLE,Y,NONINCAPACITATING INJURY,17,8,41.9255882132,-87.6471447526,2021,30,POINT (-87.6471447526 41.9255882132),,,,,2021-08-06,False,6,Lincoln Park
5995,30,NO CONTROLS,NO CONTROLS,CLEAR,"DARKNESS, LIGHTED ROAD",PEDALCYCLIST,DIVIDED - W/MEDIAN (NOT RAISED),STRAIGHT AND LEVEL,DRY,NO DEFECTS,,UNABLE TO DETERMINE,UNABLE TO DETERMINE,Y,NONINCAPACITATING INJURY,20,8,41.9505353219,-87.7126582964,2021,30,POINT (-87.7126582964 41.9505353219),,,,,2021-08-06,False,15,Irving Park
5996,30,NO CONTROLS,FUNCTIONING PROPERLY,CLEAR,DAYLIGHT,PEDALCYCLIST,ONE-WAY,STRAIGHT AND LEVEL,DRY,NO DEFECTS,,DISREGARDING ROAD MARKINGS,UNABLE TO DETERMINE,,NONINCAPACITATING INJURY,10,8,41.9526673327,-87.6497981056,2021,30,POINT (-87.6497981056 41.9526673327),,,,,2021-08-07,False,5,Lake View
5997,30,NO CONTROLS,NO CONTROLS,CLEAR,DAYLIGHT,PEDALCYCLIST,NOT DIVIDED,STRAIGHT AND LEVEL,DRY,NO DEFECTS,,UNABLE TO DETERMINE,UNABLE TO DETERMINE,,NONINCAPACITATING INJURY,11,8,41.9268664507,-87.6414121567,2021,30,POINT (-87.6414121567 41.9268664507),,,,,2021-08-07,False,6,Lincoln Park
5998,30,NO CONTROLS,NO CONTROLS,CLEAR,DAYLIGHT,PEDALCYCLIST,NOT DIVIDED,STRAIGHT AND LEVEL,DRY,UNKNOWN,,FOLLOWING TOO CLOSELY,IMPROPER OVERTAKING/PASSING,,"REPORTED, NOT EVIDENT",12,8,41.8724027698,-87.6282779816,2021,30,POINT (-87.6282779816 41.8724027698),,,,,2021-08-07,False,31,Loop
5999,25,NO CONTROLS,NO CONTROLS,CLEAR,DAYLIGHT,PEDALCYCLIST,NOT DIVIDED,STRAIGHT AND LEVEL,DRY,NO DEFECTS,,UNABLE TO DETERMINE,UNABLE TO DETERMINE,,NONINCAPACITATING INJURY,17,8,41.8709491079,-87.6964527128,2021,25,POINT (-87.6964527128 41.8709491079),,,,,2021-08-07,False,26,Garfield Park
6000,30,STOP SIGN/FLASHER,FUNCTIONING PROPERLY,CLEAR,"DARKNESS, LIGHTED ROAD",PEDALCYCLIST,NOT DIVIDED,STRAIGHT AND LEVEL,DRY,NO DEFECTS,,DISREGARDING STOP SIGN,DISREGARDING STOP SIGN,,NO INDICATION OF INJURY,21,8,41.8126072195,-87.6384918956,2021,30,POINT (-87.6384918956 41.8126072195),,,,,2021-08-07,False,60,New City
6001,30,NO CONTROLS,NO CONTROLS,CLEAR,"DARKNESS, LIGHTED ROAD",PEDALCYCLIST,DIVIDED - W/MEDIAN BARRIER,STRAIGHT AND LEVEL,DRY,NO DEFECTS,,"EVASIVE ACTION DUE TO ANIMAL, OBJECT, NONMOTORIST",NOT APPLICABLE,,NONINCAPACITATING INJURY,22,8,41.9112599678,-87.6359875099,2021,30,POINT (-87.6359875099 41.9112599678),,,,,2021-08-07,False,6,Lincoln Park
6002,30,NO CONTROLS,NO CONTROLS,CLEAR,DAYLIGHT,PEDALCYCLIST,ONE-WAY,STRAIGHT AND LEVEL,DRY,NO DEFECTS,,UNABLE TO DETERMINE,UNABLE TO DETERMINE,,NO INDICATION OF INJURY,0,8,41.7329621117,-87.6142377216,2021,30,POINT (-87.6142377216 41.7329621117),,,,,2021-08-08,False,43,Chatham
6003,30,TRAFFIC SIGNAL,FUNCTIONING PROPERLY,CLEAR,DAYLIGHT,PEDALCYCLIST,NOT DIVIDED,STRAIGHT AND LEVEL,DRY,NO DEFECTS,Y,UNABLE TO DETERMINE,UNABLE TO DETERMINE,,NO INDICATION OF INJURY,12,8,41.903156154,-87.6724223195,2021,30,POINT (-87.6724223195 41.903156154),,,,,2021-08-08,False,23,West Town
6004,30,STOP SIGN/FLASHER,FUNCTIONING PROPERLY,CLEAR,DAYLIGHT,PEDALCYCLIST,ONE-WAY,STRAIGHT AND LEVEL,DRY,NO DEFECTS,,DISREGARDING STOP SIGN,DISREGARDING STOP SIGN,,NONINCAPACITATING INJURY,18,8,41.9732757807,-87.6761735747,2021,30,POINT (-87.6761735747 41.9732757807),,,,,2021-08-08,False,3,Lincoln Square
6005,30,TRAFFIC SIGNAL,UNKNOWN,CLEAR,DAYLIGHT,PEDALCYCLIST,FOUR WAY,STRAIGHT AND LEVEL,DRY,UNKNOWN,Y,NOT APPLICABLE,NOT APPLICABLE,,NONINCAPACITATING INJURY,18,8,41.9291935642,-87.6487429533,2021,30,POINT (-87.6487429533 41.9291935642),,,,,2021-08-08,False,6,Lincoln Park
6006,20,UNKNOWN,UNKNOWN,UNKNOWN,UNKNOWN,PEDALCYCLIST,UNKNOWN,STRAIGHT AND LEVEL,UNKNOWN,UNKNOWN,,UNABLE TO DETERMINE,UNABLE TO DETERMINE,,NONINCAPACITATING INJURY,19,8,41.8771073355,-87.6779040113,2021,20,POINT (-87.6779040113 41.8771073355),,,,,2021-08-08,False,27,Near West Side
6007,30,TRAFFIC SIGNAL,FUNCTIONING PROPERLY,CLOUDY/OVERCAST,DAYLIGHT,PEDALCYCLIST,"FIVE POINT, OR MORE",STRAIGHT AND LEVEL,WET,UNKNOWN,Y,IMPROPER OVERTAKING/PASSING,NOT APPLICABLE,,INCAPACITATING INJURY,11,8,41.9218969991,-87.6440133459,2021,30,POINT (-87.6440133459 41.9218969991),,,,,2021-08-09,True,6,Lincoln Park
6008,30,TRAFFIC SIGNAL,FUNCTIONING PROPERLY,CLEAR,DAYLIGHT,PEDALCYCLIST,NOT DIVIDED,STRAIGHT AND LEVEL,DRY,NO DEFECTS,Y,DISREGARDING TRAFFIC SIGNALS,NOT APPLICABLE,,INCAPACITATING INJURY,13,8,41.7930670666,-87.7282054281,2021,30,POINT (-87.7282054281 41.7930670666),,,,,2021-08-09,True,61,West Elsdon
6009,30,TRAFFIC SIGNAL,FUNCTIONING PROPERLY,CLEAR,DAYLIGHT,PEDALCYCLIST,FOUR WAY,STRAIGHT AND LEVEL,DRY,WORN SURFACE,Y,UNABLE TO DETERMINE,UNABLE TO DETERMINE,N,"REPORTED, NOT EVIDENT",13,8,41.8085422443,-87.6845482018,2021,30,POINT (-87.6845482018 41.8085422443),,,,,2021-08-09,False,57,Brighton Park
6010,30,NO CONTROLS,NO CONTROLS,CLEAR,DAYLIGHT,PEDALCYCLIST,NOT DIVIDED,STRAIGHT AND LEVEL,DRY,NO DEFECTS,,NOT APPLICABLE,NOT APPLICABLE,,NONINCAPACITATING INJURY,9,8,41.981887333,-87.6601674062,2021,30,POINT (-87.6601674062 41.981887333),,,,,2021-08-10,False,76,Edgewater
6011,30,NO CONTROLS,NO CONTROLS,UNKNOWN,DAYLIGHT,PEDALCYCLIST,NOT DIVIDED,STRAIGHT AND LEVEL,UNKNOWN,UNKNOWN,,UNABLE TO DETERMINE,NOT APPLICABLE,,NONINCAPACITATING INJURY,13,8,41.9687746601,-87.6684654691,2021,30,POINT (-87.6684654691 41.9687746601),,,,,2021-08-10,False,2,Uptown
6012,25,NO CONTROLS,NO CONTROLS,CLEAR,DAYLIGHT,PEDALCYCLIST,NOT DIVIDED,STRAIGHT AND LEVEL,UNKNOWN,UNKNOWN,,UNABLE TO DETERMINE,NOT APPLICABLE,,NO INDICATION OF INJURY,17,8,41.757955647,-87.5870500925,2021,25,POINT (-87.5870500925 41.757955647),,,,,2021-08-10,False,42,South Shore
6013,30,TRAFFIC SIGNAL,FUNCTIONING PROPERLY,CLEAR,DAYLIGHT,PEDALCYCLIST,NOT DIVIDED,STRAIGHT AND LEVEL,DRY,UNKNOWN,Y,DISREGARDING TRAFFIC SIGNALS,FAILING TO YIELD RIGHT-OF-WAY,,NONINCAPACITATING INJURY,18,8,41.9392215076,-87.7076684331,2021,30,POINT (-87.7076684331 41.9392215076),,,,,2021-08-10,False,15,Irving Park
6014,35,STOP SIGN/FLASHER,FUNCTIONING PROPERLY,RAIN,"DARKNESS, LIGHTED ROAD",PEDALCYCLIST,T-INTERSECTION,STRAIGHT AND LEVEL,WET,NO DEFECTS,,UNABLE TO DETERMINE,UNABLE TO DETERMINE,,INCAPACITATING INJURY,20,8,41.6918922109,-87.5248064121,2021,35,POINT (-87.5248064121 41.6918922109),,,,,2021-08-10,True,51,East Side
6015,30,TRAFFIC SIGNAL,FUNCTIONING PROPERLY,CLEAR,DAYLIGHT,PEDALCYCLIST,FOUR WAY,STRAIGHT AND LEVEL,DRY,UNKNOWN,Y,DISREGARDING TRAFFIC SIGNALS,NOT APPLICABLE,,"REPORTED, NOT EVIDENT",4,8,41.8901121174,-87.6326246978,2021,30,POINT (-87.6326246978 41.8901121174),,,,,2021-08-11,False,7,Near North Side
6016,30,STOP SIGN/FLASHER,FUNCTIONING PROPERLY,CLEAR,DAYLIGHT,PEDALCYCLIST,FOUR WAY,STRAIGHT AND LEVEL,DRY,NO DEFECTS,,FAILING TO YIELD RIGHT-OF-WAY,FAILING TO YIELD RIGHT-OF-WAY,,NO INDICATION OF INJURY,12,8,41.8556293565,-87.6831689674,2021,30,POINT (-87.6831689674 41.8556293565),,,,,2021-08-11,False,30,Lower West Side
6017,30,TRAFFIC SIGNAL,UNKNOWN,CLEAR,DAYLIGHT,PEDALCYCLIST,FOUR WAY,STRAIGHT AND LEVEL,DRY,NO DEFECTS,Y,FAILING TO YIELD RIGHT-OF-WAY,FAILING TO REDUCE SPEED TO AVOID CRASH,,NONINCAPACITATING INJURY,16,8,41.8383269412,-87.6176126615,2021,30,POINT (-87.6176126615 41.8383269412),,,,,2021-08-11,False,34,Douglas
6018,30,TRAFFIC SIGNAL,FUNCTIONING PROPERLY,CLEAR,DAYLIGHT,PEDALCYCLIST,FOUR WAY,STRAIGHT AND LEVEL,DRY,UNKNOWN,Y,UNABLE TO DETERMINE,FAILING TO YIELD RIGHT-OF-WAY,,NO INDICATION OF INJURY,16,8,41.881234865,-87.6838127194,2021,30,POINT (-87.6838127194 41.881234865),,,,,2021-08-11,False,27,Near West Side
6019,30,NO CONTROLS,NO CONTROLS,CLEAR,DAYLIGHT,PEDALCYCLIST,NOT DIVIDED,STRAIGHT AND LEVEL,DRY,NO DEFECTS,,FOLLOWING TOO CLOSELY,NOT APPLICABLE,,NO INDICATION OF INJURY,17,8,41.8893978833,-87.6243903946,2021,30,POINT (-87.6243903946 41.8893978833),,,,,2021-08-11,False,7,Near North Side
6020,30,NO CONTROLS,NO CONTROLS,CLEAR,DAYLIGHT,PEDALCYCLIST,NOT DIVIDED,STRAIGHT AND LEVEL,DRY,NO DEFECTS,,UNABLE TO DETERMINE,UNABLE TO DETERMINE,Y,NONINCAPACITATING INJURY,19,8,41.8579184773,-87.6655067118,2021,30,POINT (-87.6655067118 41.8579184773),,,,,2021-08-11,False,27,Near West Side
6021,30,NO CONTROLS,NO CONTROLS,CLEAR,DAYLIGHT,PEDALCYCLIST,ONE-WAY,STRAIGHT AND LEVEL,DRY,UNKNOWN,,IMPROPER LANE USAGE,NOT APPLICABLE,,NONINCAPACITATING INJURY,8,8,41.8940853807,-87.62040431,2021,30,POINT (-87.62040431 41.8940853807),,,,,2021-08-12,False,7,Near North Side
6022,30,NO CONTROLS,NO CONTROLS,CLEAR,DAYLIGHT,PEDALCYCLIST,ALLEY,STRAIGHT AND LEVEL,DRY,NO DEFECTS,,UNABLE TO DETERMINE,NOT APPLICABLE,,NONINCAPACITATING INJURY,14,8,41.8092421193,-87.6185678944,2021,30,POINT (-87.6185678944 41.8092421193),,,,,2021-08-12,False,37,Grand Boulevard
6023,25,NO CONTROLS,NO CONTROLS,CLEAR,DAYLIGHT,PEDALCYCLIST,NOT DIVIDED,STRAIGHT AND LEVEL,DRY,NO DEFECTS,,UNABLE TO DETERMINE,NOT APPLICABLE,,NO INDICATION OF INJURY,14,8,41.9671937037,-87.6587843439,2021,25,POINT (-87.6587843439 41.9671937037),,,,,2021-08-12,False,2,Uptown
6024,30,NO CONTROLS,NO CONTROLS,CLEAR,DAYLIGHT,PEDALCYCLIST,NOT DIVIDED,STRAIGHT AND LEVEL,DRY,NO DEFECTS,Y,UNABLE TO DETERMINE,NOT APPLICABLE,,NO INDICATION OF INJURY,16,8,41.9830132341,-87.78049828,2021,30,POINT (-87.78049828 41.9830132341),,,,,2021-08-12,False,10,Jefferson Park
6025,30,TRAFFIC SIGNAL,FUNCTIONING PROPERLY,CLEAR,DAYLIGHT,PEDALCYCLIST,DIVIDED - W/MEDIAN (NOT RAISED),STRAIGHT AND LEVEL,DRY,NO DEFECTS,,FAILING TO REDUCE SPEED TO AVOID CRASH,NOT APPLICABLE,,NONINCAPACITATING INJURY,17,8,41.874532943,-87.7109540381,2021,30,POINT (-87.7109540381 41.874532943),,,,,2021-08-12,False,26,Garfield Park
6026,30,STOP SIGN/FLASHER,FUNCTIONING PROPERLY,CLEAR,DAYLIGHT,PEDALCYCLIST,FOUR WAY,STRAIGHT AND LEVEL,DRY,NO DEFECTS,Y,FAILING TO YIELD RIGHT-OF-WAY,DISREGARDING YIELD SIGN,,NONINCAPACITATING INJURY,18,8,41.8624327761,-87.7031658389,2021,30,POINT (-87.7031658389 41.8624327761),,,,,2021-08-12,False,28,North Lawndale
6027,25,NO CONTROLS,NO CONTROLS,CLEAR,DAYLIGHT,PEDALCYCLIST,NOT DIVIDED,STRAIGHT AND LEVEL,DRY,NO DEFECTS,,UNABLE TO DETERMINE,FAILING TO YIELD RIGHT-OF-WAY,,NONINCAPACITATING INJURY,18,8,41.9975261246,-87.6953720597,2021,25,POINT (-87.6953720597 41.9975261246),,,,,2021-08-12,False,1,West Ridge
6028,30,TRAFFIC SIGNAL,FUNCTIONING PROPERLY,CLEAR,DAYLIGHT,PEDALCYCLIST,FOUR WAY,STRAIGHT AND LEVEL,DRY,NO DEFECTS,Y,IMPROPER TURNING/NO SIGNAL,IMPROPER LANE USAGE,,"REPORTED, NOT EVIDENT",2,8,41.8742945333,-87.6472722465,2021,30,POINT (-87.6472722465 41.8742945333),,,,,2021-08-13,False,27,Near West Side
6029,30,TRAFFIC SIGNAL,FUNCTIONING PROPERLY,CLEAR,DAYLIGHT,PEDALCYCLIST,FOUR WAY,STRAIGHT AND LEVEL,DRY,NO DEFECTS,,UNABLE TO DETERMINE,"VISION OBSCURED (SIGNS, TREE LIMBS, BUILDINGS, ETC.)",,NONINCAPACITATING INJURY,9,8,41.8915668944,-87.6324334307,2021,30,POINT (-87.6324334307 41.8915668944),,,,,2021-08-13,False,7,Near North Side
6030,30,NO CONTROLS,NO CONTROLS,CLEAR,DAYLIGHT,PEDALCYCLIST,NOT DIVIDED,STRAIGHT AND LEVEL,DRY,NO DEFECTS,,IMPROPER TURNING/NO SIGNAL,NOT APPLICABLE,,NONINCAPACITATING INJURY,13,8,41.9165214976,-87.752893306,2021,30,POINT (-87.752893306 41.9165214976),,,,,2021-08-13,False,18,Belmont Cragin
6031,20,NO CONTROLS,NO CONTROLS,CLEAR,DAYLIGHT,PEDALCYCLIST,OTHER,STRAIGHT AND LEVEL,DRY,NO DEFECTS,,FAILING TO YIELD RIGHT-OF-WAY,FAILING TO REDUCE SPEED TO AVOID CRASH,,NONINCAPACITATING INJURY,14,8,41.9905410204,-87.7053246406,2021,20,POINT (-87.7053246406 41.9905410204),,,,,2021-08-13,False,1,West Ridge
6032,30,STOP SIGN/FLASHER,NO CONTROLS,CLEAR,DAYLIGHT,PEDALCYCLIST,ONE-WAY,STRAIGHT AND LEVEL,DRY,NO DEFECTS,Y,UNABLE TO DETERMINE,UNABLE TO DETERMINE,,NONINCAPACITATING INJURY,14,8,41.7951787528,-87.7072166009,2021,30,POINT (-87.7072166009 41.7951787528),,,,,2021-08-13,False,62,Gage Park
6033,30,NO CONTROLS,NO CONTROLS,CLEAR,DAYLIGHT,PEDALCYCLIST,DIVIDED - W/MEDIAN (NOT RAISED),STRAIGHT AND LEVEL,DRY,NO DEFECTS,,UNABLE TO DETERMINE,UNABLE TO DETERMINE,,NONINCAPACITATING INJURY,15,8,41.9974814463,-87.7091980696,2021,30,POINT (-87.7091980696 41.9974814463),,,,,2021-08-13,False,1,West Ridge
6034,30,TRAFFIC SIGNAL,FUNCTIONING PROPERLY,CLEAR,DAYLIGHT,PEDALCYCLIST,NOT DIVIDED,STRAIGHT AND LEVEL,DRY,NO DEFECTS,,DISREGARDING TRAFFIC SIGNALS,UNABLE TO DETERMINE,,NONINCAPACITATING INJURY,19,8,41.8577487693,-87.6662852177,2021,30,POINT (-87.6662852177 41.8577487693),,,,,2021-08-13,False,27,Near West Side
6035,30,NO CONTROLS,NO CONTROLS,CLEAR,DUSK,PEDALCYCLIST,PARKING LOT,STRAIGHT AND LEVEL,DRY,NO DEFECTS,,NOT APPLICABLE,NOT APPLICABLE,Y,NONINCAPACITATING INJURY,19,8,41.9854801378,-87.7878317182,2021,30,POINT (-87.7878317182 41.9854801378),,,,,2021-08-13,False,10,Jefferson Park
6036,30,NO CONTROLS,NO CONTROLS,CLEAR,"DARKNESS, LIGHTED ROAD",PEDALCYCLIST,NOT DIVIDED,STRAIGHT AND LEVEL,DRY,NO DEFECTS,,IMPROPER OVERTAKING/PASSING,FOLLOWING TOO CLOSELY,,NO INDICATION OF INJURY,2,8,41.9169626548,-87.7336674391,2021,30,POINT (-87.7336674391 41.9169626548),,,,,2021-08-14,False,19,Hermosa
6037,25,NO CONTROLS,NO CONTROLS,CLEAR,DAYLIGHT,PEDALCYCLIST,OTHER,STRAIGHT AND LEVEL,DRY,NO DEFECTS,,ANIMAL,UNABLE TO DETERMINE,,NO INDICATION OF INJURY,7,8,41.987452355,-87.6551588441,2021,25,POINT (-87.6551588441 41.987452355),,,,,2021-08-14,False,76,Edgewater
6038,30,NO CONTROLS,NO CONTROLS,CLEAR,DAYLIGHT,PEDALCYCLIST,NOT DIVIDED,STRAIGHT AND LEVEL,DRY,NO DEFECTS,N,IMPROPER OVERTAKING/PASSING,DRIVING SKILLS/KNOWLEDGE/EXPERIENCE,Y,NONINCAPACITATING INJURY,8,8,41.7996337978,-87.5906809634,2021,30,POINT (-87.5906809634 41.7996337978),,,,,2021-08-14,False,40,Hyde Park
6039,30,NO CONTROLS,FUNCTIONING PROPERLY,CLEAR,DAYLIGHT,PEDALCYCLIST,DIVIDED - W/MEDIAN (NOT RAISED),STRAIGHT AND LEVEL,DRY,NO DEFECTS,,UNABLE TO DETERMINE,UNABLE TO DETERMINE,,"REPORTED, NOT EVIDENT",9,8,41.8865019865,-87.745400754,2021,30,POINT (-87.745400754 41.8865019865),,,,,2021-08-14,False,24,Austin
6040,30,TRAFFIC SIGNAL,FUNCTIONING PROPERLY,CLEAR,DAYLIGHT,PEDALCYCLIST,FOUR WAY,STRAIGHT AND LEVEL,DRY,NO DEFECTS,Y,FAILING TO YIELD RIGHT-OF-WAY,UNABLE TO DETERMINE,,NO INDICATION OF INJURY,11,8,41.9874468008,-87.655453001,2021,30,POINT (-87.655453001 41.9874468008),,,,,2021-08-14,False,76,Edgewater
6041,25,STOP SIGN/FLASHER,FUNCTIONING PROPERLY,CLEAR,DAYLIGHT,PEDALCYCLIST,FOUR WAY,STRAIGHT AND LEVEL,DRY,NO DEFECTS,Y,DISREGARDING STOP SIGN,UNABLE TO DETERMINE,,NONINCAPACITATING INJURY,15,8,41.8868068459,-87.6817449628,2021,25,POINT (-87.6817449628 41.8868068459),,,,,2021-08-14,False,27,Near West Side
6042,30,TRAFFIC SIGNAL,FUNCTIONING PROPERLY,CLEAR,DAYLIGHT,PEDALCYCLIST,FOUR WAY,STRAIGHT AND LEVEL,DRY,UNKNOWN,,UNABLE TO DETERMINE,UNABLE TO DETERMINE,Y,NO INDICATION OF INJURY,17,8,41.866501191,-87.686157599,2021,30,POINT (-87.686157599 41.866501191),,,,,2021-08-14,False,27,Near West Side