Unnamed: 0,POSTED_SPEED_LIMIT,TRAFFIC_CONTROL_DEVICE,DEVICE_CONDITION,WEATHER_CONDITION,LIGHTING_CONDITION,FIRST_CRASH_TYPE,TRAFFICWAY_TYPE,ALIGNMENT,ROADWAY_SURFACE_COND,ROAD_DEFECT,INTERSECTION_RELATED_I,PRIM_CONTRIBUTORY_CAUSE,SEC_CONTRIBUTORY_CAUSE,DOORING_I,MOST_SEVERE_INJURY,CRASH_HOUR,CRASH_MONTH,LATITUDE,LONGITUDE,CRASH_YEAR,SPEED_LIMIT,geometry,DISPLAYROU,the_geom,DIST,LANE_TYPE,CRASH_DATE,is_severe,index_right,CArea
6043,30,NO CONTROLS,NO CONTROLS,CLEAR,DAYLIGHT,PEDALCYCLIST,DIVIDED - W/MEDIAN (NOT RAISED),STRAIGHT AND LEVEL,DRY,NO DEFECTS,,UNABLE TO DETERMINE,UNABLE TO DETERMINE,,NONINCAPACITATING INJURY,17,8,41.8447526667,-87.698961737,2021,30,POINT (-87.698961737 41.8447526667),,,,,2021-08-14,False,29,South Lawndale
6044,30,STOP SIGN/FLASHER,FUNCTIONING PROPERLY,CLEAR,DAYLIGHT,PEDALCYCLIST,T-INTERSECTION,STRAIGHT AND LEVEL,DRY,NO DEFECTS,Y,UNABLE TO DETERMINE,UNABLE TO DETERMINE,N,NO INDICATION OF INJURY,8,8,41.8129154624,-87.7062484761,2021,30,POINT (-87.7062484761 41.8129154624),,,,,2021-08-15,False,57,Brighton Park
6045,30,STOP SIGN/FLASHER,FUNCTIONING PROPERLY,CLEAR,DAYLIGHT,PEDALCYCLIST,T-INTERSECTION,STRAIGHT AND LEVEL,DRY,NO DEFECTS,Y,UNABLE TO DETERMINE,UNABLE TO DETERMINE,,NONINCAPACITATING INJURY,9,8,41.7686956195,-87.7223609748,2021,30,POINT (-87.7223609748 41.7686956195),,,,,2021-08-15,False,64,West Lawn
6046,35,TRAFFIC SIGNAL,FUNCTIONING PROPERLY,CLEAR,DAYLIGHT,PEDALCYCLIST,FOUR WAY,STRAIGHT AND LEVEL,DRY,NO DEFECTS,Y,UNABLE TO DETERMINE,UNABLE TO DETERMINE,,NONINCAPACITATING INJURY,12,8,41.7623619184,-87.5863772347,2021,35,POINT (-87.5863772347 41.7623619184),,,,,2021-08-15,False,42,South Shore
6047,30,STOP SIGN/FLASHER,FUNCTIONING PROPERLY,CLEAR,DAYLIGHT,PEDALCYCLIST,ONE-WAY,STRAIGHT AND LEVEL,DRY,UNKNOWN,Y,"VISION OBSCURED (SIGNS, TREE LIMBS, BUILDINGS, ETC.)",NOT APPLICABLE,,NONINCAPACITATING INJURY,17,8,41.8623592546,-87.7300948617,2021,30,POINT (-87.7300948617 41.8623592546),,,,,2021-08-15,False,28,North Lawndale
6048,30,NO CONTROLS,NO CONTROLS,CLEAR,"DARKNESS, LIGHTED ROAD",PEDALCYCLIST,DIVIDED - W/MEDIAN (NOT RAISED),STRAIGHT AND LEVEL,DRY,NO DEFECTS,,"OPERATING VEHICLE IN ERRATIC, RECKLESS, CARELESS, NEGLIGENT OR AGGRESSIVE MANNER",UNABLE TO DETERMINE,,NONINCAPACITATING INJURY,0,8,41.9624751248,-87.6659873956,2021,30,POINT (-87.6659873956 41.9624751248),,,,,2021-08-16,False,2,Uptown
6049,30,NO CONTROLS,NO CONTROLS,CLEAR,"DARKNESS, LIGHTED ROAD",PEDALCYCLIST,NOT DIVIDED,STRAIGHT AND LEVEL,DRY,NO DEFECTS,,UNABLE TO DETERMINE,UNABLE TO DETERMINE,,NONINCAPACITATING INJURY,2,8,41.9321305645,-87.7085859439,2021,30,POINT (-87.7085859439 41.9321305645),,,,,2021-08-16,False,20,Avondale
6050,30,TRAFFIC SIGNAL,FUNCTIONING PROPERLY,CLEAR,DAYLIGHT,PEDALCYCLIST,NOT DIVIDED,STRAIGHT AND LEVEL,DRY,NO DEFECTS,,UNABLE TO DETERMINE,UNABLE TO DETERMINE,,NONINCAPACITATING INJURY,10,8,41.7930975934,-87.7229331637,2021,30,POINT (-87.7229331637 41.7930975934),,,,,2021-08-16,False,61,West Elsdon
6051,30,TRAFFIC SIGNAL,FUNCTIONING PROPERLY,CLEAR,DAYLIGHT,PEDALCYCLIST,NOT DIVIDED,STRAIGHT AND LEVEL,DRY,NO DEFECTS,,UNABLE TO DETERMINE,NOT APPLICABLE,,NONINCAPACITATING INJURY,12,8,41.8087523279,-87.6454830782,2021,30,POINT (-87.6454830782 41.8087523279),,,,,2021-08-16,False,60,New City
6052,15,STOP SIGN/FLASHER,FUNCTIONING PROPERLY,CLEAR,DAYLIGHT,PEDALCYCLIST,ONE-WAY,STRAIGHT AND LEVEL,DRY,NO DEFECTS,Y,DRIVING ON WRONG SIDE/WRONG WAY,NOT APPLICABLE,,NONINCAPACITATING INJURY,12,8,41.7358135858,-87.6071075132,2021,15,POINT (-87.6071075132 41.7358135858),,,,,2021-08-16,False,43,Chatham
6053,30,TRAFFIC SIGNAL,FUNCTIONING PROPERLY,CLEAR,DAYLIGHT,PEDALCYCLIST,DIVIDED - W/MEDIAN (NOT RAISED),STRAIGHT AND LEVEL,DRY,NO DEFECTS,Y,UNABLE TO DETERMINE,NOT APPLICABLE,,NONINCAPACITATING INJURY,14,8,41.916147281,-87.6679473535,2021,30,POINT (-87.6679473535 41.916147281),,,,,2021-08-16,False,6,Lincoln Park
6054,15,NO CONTROLS,NO CONTROLS,CLEAR,DAYLIGHT,PEDALCYCLIST,ALLEY,STRAIGHT AND LEVEL,DRY,NO DEFECTS,,UNABLE TO DETERMINE,UNABLE TO DETERMINE,,NO INDICATION OF INJURY,14,8,41.9339756004,-87.7607699859,2021,15,POINT (-87.7607699859 41.9339756004),,,,,2021-08-16,False,18,Belmont Cragin
6055,35,TRAFFIC SIGNAL,FUNCTIONING PROPERLY,CLEAR,DAYLIGHT,PEDALCYCLIST,NOT DIVIDED,STRAIGHT AND LEVEL,DRY,NO DEFECTS,Y,IMPROPER TURNING/NO SIGNAL,IMPROPER TURNING/NO SIGNAL,,NONINCAPACITATING INJURY,14,8,41.8768625296,-87.6277969701,2021,35,POINT (-87.6277969701 41.8768625296),,,,,2021-08-16,False,31,Loop
6056,30,TRAFFIC SIGNAL,FUNCTIONING PROPERLY,CLEAR,DAYLIGHT,PEDALCYCLIST,T-INTERSECTION,STRAIGHT AND LEVEL,DRY,"RUT, HOLES",Y,DISREGARDING TRAFFIC SIGNALS,FAILING TO YIELD RIGHT-OF-WAY,,NO INDICATION OF INJURY,17,8,41.9832772676,-87.689509468,2021,30,POINT (-87.689509468 41.9832772676),,,,,2021-08-16,False,1,West Ridge
6057,30,STOP SIGN/FLASHER,NO CONTROLS,CLEAR,DAYLIGHT,PEDALCYCLIST,FOUR WAY,STRAIGHT AND LEVEL,DRY,NO DEFECTS,,FAILING TO YIELD RIGHT-OF-WAY,NOT APPLICABLE,,"REPORTED, NOT EVIDENT",9,8,41.9718693947,-87.7381507596,2021,30,POINT (-87.7381507596 41.9718693947),,,,,2021-08-17,False,11,Forest Glen
6058,30,TRAFFIC SIGNAL,FUNCTIONING PROPERLY,CLEAR,DAYLIGHT,PEDALCYCLIST,DIVIDED - W/MEDIAN (NOT RAISED),STRAIGHT AND LEVEL,DRY,NO DEFECTS,Y,UNABLE TO DETERMINE,UNABLE TO DETERMINE,,NONINCAPACITATING INJURY,14,8,41.8992453202,-87.7065292385,2021,30,POINT (-87.7065292385 41.8992453202),,,,,2021-08-17,False,22,Humboldt Park
6059,25,TRAFFIC SIGNAL,NO CONTROLS,CLEAR,DAYLIGHT,PEDALCYCLIST,NOT DIVIDED,STRAIGHT AND LEVEL,DRY,UNKNOWN,,UNABLE TO DETERMINE,NOT APPLICABLE,,NO INDICATION OF INJURY,15,8,41.8512885493,-87.7346453424,2021,25,POINT (-87.7346453424 41.8512885493),,,,,2021-08-17,False,28,North Lawndale
6060,30,NO CONTROLS,NO CONTROLS,CLEAR,DAYLIGHT,PEDALCYCLIST,NOT DIVIDED,STRAIGHT AND LEVEL,DRY,NO DEFECTS,,FAILING TO YIELD RIGHT-OF-WAY,NOT APPLICABLE,,NONINCAPACITATING INJURY,15,8,41.9104246317,-87.6877071598,2021,30,POINT (-87.6877071598 41.9104246317),,,,,2021-08-17,False,23,West Town
6061,30,NO CONTROLS,NO CONTROLS,CLEAR,DAYLIGHT,PEDALCYCLIST,NOT DIVIDED,STRAIGHT AND LEVEL,DRY,NO DEFECTS,,FAILING TO YIELD RIGHT-OF-WAY,FAILING TO REDUCE SPEED TO AVOID CRASH,,NONINCAPACITATING INJURY,16,8,41.7731468384,-87.7224761246,2021,30,POINT (-87.7224761246 41.7731468384),,,,,2021-08-17,False,64,West Lawn
6062,30,NO CONTROLS,NO CONTROLS,CLEAR,DAYLIGHT,PEDALCYCLIST,DIVIDED - W/MEDIAN BARRIER,STRAIGHT AND LEVEL,DRY,UNKNOWN,N,UNABLE TO DETERMINE,NOT APPLICABLE,,FATAL,17,8,41.8623658094,-87.6147279027,2021,30,POINT (-87.6147279027 41.8623658094),,,,,2021-08-17,True,32,Near South Side
6063,30,UNKNOWN,UNKNOWN,UNKNOWN,UNKNOWN,PEDALCYCLIST,DIVIDED - W/MEDIAN (NOT RAISED),STRAIGHT AND LEVEL,UNKNOWN,UNKNOWN,N,DRIVING SKILLS/KNOWLEDGE/EXPERIENCE,FAILING TO YIELD RIGHT-OF-WAY,,"REPORTED, NOT EVIDENT",18,8,41.8822825203,-87.7699283285,2021,30,POINT (-87.7699283285 41.8822825203),,,,,2021-08-17,False,24,Austin
6064,35,TRAFFIC SIGNAL,FUNCTIONING PROPERLY,CLEAR,DAYLIGHT,PEDALCYCLIST,NOT DIVIDED,STRAIGHT ON GRADE,DRY,NO DEFECTS,Y,FAILING TO YIELD RIGHT-OF-WAY,DISREGARDING TRAFFIC SIGNALS,Y,NONINCAPACITATING INJURY,18,8,41.7791234838,-87.6837830986,2021,35,POINT (-87.6837830986 41.7791234838),,,,,2021-08-17,False,65,Chicago Lawn
6065,30,STOP SIGN/FLASHER,FUNCTIONING PROPERLY,CLEAR,DUSK,PEDALCYCLIST,NOT DIVIDED,STRAIGHT AND LEVEL,DRY,NO DEFECTS,,UNABLE TO DETERMINE,UNABLE TO DETERMINE,,NO INDICATION OF INJURY,19,8,41.7981918346,-87.5889963202,2021,30,POINT (-87.5889963202 41.7981918346),,,,,2021-08-17,False,40,Hyde Park
6066,30,STOP SIGN/FLASHER,FUNCTIONING PROPERLY,CLEAR,DAYLIGHT,PEDALCYCLIST,NOT DIVIDED,STRAIGHT AND LEVEL,DRY,NO DEFECTS,Y,FAILING TO YIELD RIGHT-OF-WAY,FAILING TO YIELD RIGHT-OF-WAY,,NONINCAPACITATING INJURY,7,8,41.9136483942,-87.7116527485,2021,30,POINT (-87.7116527485 41.9136483942),,,,,2021-08-18,False,21,Logan Square
6067,30,NO CONTROLS,NO CONTROLS,CLEAR,DAYLIGHT,PEDALCYCLIST,NOT DIVIDED,STRAIGHT AND LEVEL,DRY,NO DEFECTS,,FAILING TO YIELD RIGHT-OF-WAY,NOT APPLICABLE,Y,"REPORTED, NOT EVIDENT",9,8,41.7034152187,-87.6208096791,2021,30,POINT (-87.6208096791 41.7034152187),,,,,2021-08-18,False,48,Roseland
6068,30,NO CONTROLS,NO CONTROLS,CLEAR,DAYLIGHT,PEDALCYCLIST,NOT DIVIDED,STRAIGHT AND LEVEL,DRY,NO DEFECTS,,DRIVING ON WRONG SIDE/WRONG WAY,IMPROPER OVERTAKING/PASSING,N,NONINCAPACITATING INJURY,10,8,41.8865140857,-87.7071772294,2021,30,POINT (-87.7071772294 41.8865140857),,,,,2021-08-18,False,26,Garfield Park
6069,25,STOP SIGN/FLASHER,OTHER,CLEAR,DAYLIGHT,PEDALCYCLIST,FOUR WAY,STRAIGHT AND LEVEL,DRY,NO DEFECTS,Y,FAILING TO YIELD RIGHT-OF-WAY,FAILING TO REDUCE SPEED TO AVOID CRASH,,NONINCAPACITATING INJURY,13,8,41.693347383,-87.7107154079,2021,25,POINT (-87.7107154079 41.693347383),,,,,2021-08-18,False,73,Mount Greenwood
6070,30,NO CONTROLS,NO CONTROLS,CLEAR,DAYLIGHT,PEDALCYCLIST,NOT DIVIDED,STRAIGHT AND LEVEL,DRY,NO DEFECTS,,FAILING TO YIELD RIGHT-OF-WAY,NOT APPLICABLE,Y,NONINCAPACITATING INJURY,15,8,41.9388298269,-87.6587857185,2021,30,POINT (-87.6587857185 41.9388298269),,,,,2021-08-18,False,5,Lake View
6071,30,NO CONTROLS,NO CONTROLS,CLEAR,DARKNESS,PEDALCYCLIST,ONE-WAY,STRAIGHT AND LEVEL,DRY,NO DEFECTS,,NOT APPLICABLE,NOT APPLICABLE,,NONINCAPACITATING INJURY,0,8,41.7655458726,-87.6709753281,2021,30,POINT (-87.6709753281 41.7655458726),,,,,2021-08-19,False,66,Englewood
6072,30,NO CONTROLS,NO CONTROLS,CLEAR,"DARKNESS, LIGHTED ROAD",PEDALCYCLIST,NOT DIVIDED,STRAIGHT AND LEVEL,DRY,NO DEFECTS,,PHYSICAL CONDITION OF DRIVER,NOT APPLICABLE,,NONINCAPACITATING INJURY,1,8,41.9043111365,-87.7118709857,2021,30,POINT (-87.7118709857 41.9043111365),,,,,2021-08-19,False,22,Humboldt Park
6073,30,NO CONTROLS,NO CONTROLS,CLEAR,DAYLIGHT,PEDALCYCLIST,DIVIDED - W/MEDIAN BARRIER,STRAIGHT AND LEVEL,DRY,NO DEFECTS,,FOLLOWING TOO CLOSELY,UNABLE TO DETERMINE,,NONINCAPACITATING INJURY,11,8,41.883171112,-87.6245440168,2021,30,POINT (-87.6245440168 41.883171112),,,,,2021-08-19,False,31,Loop
6074,30,TRAFFIC SIGNAL,FUNCTIONING PROPERLY,CLEAR,DAYLIGHT,PEDALCYCLIST,DIVIDED - W/MEDIAN (NOT RAISED),STRAIGHT AND LEVEL,DRY,NO DEFECTS,Y,UNABLE TO DETERMINE,UNABLE TO DETERMINE,,NO INDICATION OF INJURY,11,8,41.8157514856,-87.6839269701,2021,30,POINT (-87.6839269701 41.8157514856),,,,,2021-08-19,False,57,Brighton Park
6075,30,NO CONTROLS,NO CONTROLS,CLEAR,DAYLIGHT,PEDALCYCLIST,DIVIDED - W/MEDIAN (NOT RAISED),STRAIGHT AND LEVEL,DRY,NO DEFECTS,Y,UNABLE TO DETERMINE,UNABLE TO DETERMINE,,NONINCAPACITATING INJURY,17,8,41.9681085131,-87.7302576961,2021,30,POINT (-87.7302576961 41.9681085131),,,,,2021-08-19,False,11,Forest Glen
6076,30,TRAFFIC SIGNAL,FUNCTIONING PROPERLY,CLEAR,DAWN,PEDALCYCLIST,DIVIDED - W/MEDIAN (NOT RAISED),STRAIGHT AND LEVEL,DRY,NO DEFECTS,,DRIVING SKILLS/KNOWLEDGE/EXPERIENCE,NOT APPLICABLE,Y,NO INDICATION OF INJURY,17,8,41.9324360286,-87.7023854261,2021,30,POINT (-87.7023854261 41.9324360286),,,,,2021-08-19,False,20,Avondale
6077,30,STOP SIGN/FLASHER,FUNCTIONING PROPERLY,CLEAR,DAYLIGHT,PEDALCYCLIST,NOT DIVIDED,STRAIGHT AND LEVEL,DRY,NO DEFECTS,Y,"VISION OBSCURED (SIGNS, TREE LIMBS, BUILDINGS, ETC.)","VISION OBSCURED (SIGNS, TREE LIMBS, BUILDINGS, ETC.)",,INCAPACITATING INJURY,12,8,42.0139080107,-87.6725300131,2021,30,POINT (-87.6725300131 42.0139080107),,,,,2021-08-20,True,0,Rogers Park
6078,30,NO CONTROLS,NO CONTROLS,CLEAR,DAYLIGHT,PEDALCYCLIST,TRAFFIC ROUTE,STRAIGHT AND LEVEL,DRY,NO DEFECTS,,UNABLE TO DETERMINE,UNABLE TO DETERMINE,,INCAPACITATING INJURY,13,8,41.8967618082,-87.6867199804,2021,30,POINT (-87.6867199804 41.8967618082),,,,,2021-08-20,True,23,West Town
6079,30,NO CONTROLS,NO CONTROLS,CLEAR,DAYLIGHT,PEDALCYCLIST,NOT DIVIDED,STRAIGHT AND LEVEL,UNKNOWN,UNKNOWN,,UNABLE TO DETERMINE,UNABLE TO DETERMINE,Y,NO INDICATION OF INJURY,16,8,41.9516083998,-87.6602251034,2021,30,POINT (-87.6602251034 41.9516083998),,,,,2021-08-20,False,5,Lake View
6080,30,NO CONTROLS,NO CONTROLS,CLOUDY/OVERCAST,DAYLIGHT,PEDALCYCLIST,DIVIDED - W/MEDIAN (NOT RAISED),STRAIGHT AND LEVEL,DRY,NO DEFECTS,Y,FOLLOWING TOO CLOSELY,NOT APPLICABLE,,"REPORTED, NOT EVIDENT",16,8,41.8915809642,-87.7062891794,2021,30,POINT (-87.7062891794 41.8915809642),,,,,2021-08-20,False,22,Humboldt Park
6081,20,NO CONTROLS,NO CONTROLS,CLEAR,DUSK,PEDALCYCLIST,ONE-WAY,STRAIGHT AND LEVEL,DRY,NO DEFECTS,,UNABLE TO DETERMINE,UNABLE TO DETERMINE,,NONINCAPACITATING INJURY,19,8,41.9697725445,-87.6944902353,2021,20,POINT (-87.6944902353 41.9697725445),,,,,2021-08-20,False,3,Lincoln Square
6082,30,STOP SIGN/FLASHER,FUNCTIONING PROPERLY,CLEAR,DAYLIGHT,PEDALCYCLIST,ONE-WAY,STRAIGHT AND LEVEL,DRY,NO DEFECTS,Y,IMPROPER OVERTAKING/PASSING,NOT APPLICABLE,,NO INDICATION OF INJURY,20,8,41.925931516,-87.7710708283,2021,30,POINT (-87.7710708283 41.925931516),,,,,2021-08-20,False,18,Belmont Cragin
6083,30,UNKNOWN,UNKNOWN,UNKNOWN,"DARKNESS, LIGHTED ROAD",PEDALCYCLIST,DIVIDED - W/MEDIAN (NOT RAISED),STRAIGHT AND LEVEL,UNKNOWN,UNKNOWN,Y,UNABLE TO DETERMINE,NOT APPLICABLE,N,"REPORTED, NOT EVIDENT",21,8,41.9614177072,-87.6738938119,2021,30,POINT (-87.6738938119 41.9614177072),,,,,2021-08-20,False,2,Uptown
6084,30,STOP SIGN/FLASHER,FUNCTIONING PROPERLY,CLEAR,"DARKNESS, LIGHTED ROAD",PEDALCYCLIST,NOT DIVIDED,STRAIGHT AND LEVEL,DRY,NO DEFECTS,,"OPERATING VEHICLE IN ERRATIC, RECKLESS, CARELESS, NEGLIGENT OR AGGRESSIVE MANNER",FAILING TO YIELD RIGHT-OF-WAY,,"REPORTED, NOT EVIDENT",1,8,41.9491959324,-87.65154409,2021,30,POINT (-87.65154409 41.9491959324),,,,,2021-08-21,False,5,Lake View
6085,20,NO CONTROLS,NO CONTROLS,CLEAR,"DARKNESS, LIGHTED ROAD",PEDALCYCLIST,ONE-WAY,STRAIGHT AND LEVEL,DRY,NO DEFECTS,,UNABLE TO DETERMINE,NOT APPLICABLE,,NO INDICATION OF INJURY,3,8,41.9443834993,-87.6517743003,2021,20,POINT (-87.6517743003 41.9443834993),,,,,2021-08-21,False,5,Lake View
6086,30,NO CONTROLS,NO CONTROLS,CLEAR,DAYLIGHT,PEDALCYCLIST,NOT DIVIDED,STRAIGHT AND LEVEL,DRY,NO DEFECTS,,UNABLE TO DETERMINE,NOT APPLICABLE,,NO INDICATION OF INJURY,12,8,41.9241190242,-87.747032136,2021,30,POINT (-87.747032136 41.9241190242),,,,,2021-08-21,False,18,Belmont Cragin
6087,30,NO CONTROLS,NO CONTROLS,CLEAR,DAYLIGHT,PEDALCYCLIST,DIVIDED - W/MEDIAN (NOT RAISED),STRAIGHT AND LEVEL,WET,NO DEFECTS,,UNABLE TO DETERMINE,UNABLE TO DETERMINE,,NONINCAPACITATING INJURY,16,8,41.9369291519,-87.6484002095,2021,30,POINT (-87.6484002095 41.9369291519),,,,,2021-08-21,False,5,Lake View
6088,30,STOP SIGN/FLASHER,NO CONTROLS,CLEAR,DARKNESS,PEDALCYCLIST,NOT DIVIDED,STRAIGHT AND LEVEL,UNKNOWN,NO DEFECTS,Y,UNABLE TO DETERMINE,UNABLE TO DETERMINE,,NONINCAPACITATING INJURY,20,8,42.0139282958,-87.6682162022,2021,30,POINT (-87.6682162022 42.0139282958),,,,,2021-08-21,False,0,Rogers Park
6089,30,TRAFFIC SIGNAL,FUNCTIONING PROPERLY,CLEAR,DAYLIGHT,PEDALCYCLIST,DIVIDED - W/MEDIAN (NOT RAISED),STRAIGHT AND LEVEL,DRY,NO DEFECTS,Y,"OPERATING VEHICLE IN ERRATIC, RECKLESS, CARELESS, NEGLIGENT OR AGGRESSIVE MANNER","OPERATING VEHICLE IN ERRATIC, RECKLESS, CARELESS, NEGLIGENT OR AGGRESSIVE MANNER",,NONINCAPACITATING INJURY,11,8,41.8575027649,-87.6464860795,2021,30,POINT (-87.6464860795 41.8575027649),,,,,2021-08-22,False,30,Lower West Side
6090,25,NO CONTROLS,NO CONTROLS,CLEAR,DAYLIGHT,PEDALCYCLIST,NOT DIVIDED,STRAIGHT AND LEVEL,DRY,NO DEFECTS,,NOT APPLICABLE,NOT APPLICABLE,,NONINCAPACITATING INJURY,15,8,41.959100433,-87.6823922417,2021,25,POINT (-87.6823922417 41.959100433),,,,,2021-08-22,False,4,North Center
6091,30,TRAFFIC SIGNAL,FUNCTIONING PROPERLY,CLEAR,"DARKNESS, LIGHTED ROAD",PEDALCYCLIST,NOT DIVIDED,STRAIGHT AND LEVEL,DRY,NO DEFECTS,Y,UNABLE TO DETERMINE,UNABLE TO DETERMINE,,NO INDICATION OF INJURY,20,8,41.8448278756,-87.6852996879,2021,30,POINT (-87.6852996879 41.8448278756),,,,,2021-08-22,False,30,Lower West Side
6092,30,STOP SIGN/FLASHER,FUNCTIONING PROPERLY,CLEAR,"DARKNESS, LIGHTED ROAD",PEDALCYCLIST,FOUR WAY,STRAIGHT AND LEVEL,DRY,NO DEFECTS,Y,UNABLE TO DETERMINE,UNABLE TO DETERMINE,,INCAPACITATING INJURY,20,8,41.6778893997,-87.6444098076,2021,30,POINT (-87.6444098076 41.6778893997),,,,,2021-08-22,True,52,West Pullman
6093,20,STOP SIGN/FLASHER,UNKNOWN,UNKNOWN,DAYLIGHT,PEDALCYCLIST,UNKNOWN,STRAIGHT AND LEVEL,UNKNOWN,UNKNOWN,Y,UNABLE TO DETERMINE,NOT APPLICABLE,,NONINCAPACITATING INJURY,9,8,41.7369118308,-87.5795062848,2021,20,POINT (-87.5795062848 41.7369118308),,,,,2021-08-23,False,44,Avalon Park
6094,30,TRAFFIC SIGNAL,FUNCTIONING PROPERLY,CLEAR,DAYLIGHT,PEDALCYCLIST,OTHER,STRAIGHT AND LEVEL,DRY,NO DEFECTS,,UNABLE TO DETERMINE,NOT APPLICABLE,,NONINCAPACITATING INJURY,12,8,41.8575549193,-87.638984179,2021,30,POINT (-87.638984179 41.8575549193),,,,,2021-08-23,False,30,Lower West Side
6095,30,NO CONTROLS,NO CONTROLS,CLEAR,DAYLIGHT,PEDALCYCLIST,FOUR WAY,STRAIGHT AND LEVEL,DRY,NO DEFECTS,,UNABLE TO DETERMINE,NOT APPLICABLE,,NONINCAPACITATING INJURY,14,8,41.857801741,-87.658812307,2021,30,POINT (-87.658812307 41.857801741),,,,,2021-08-23,False,27,Near West Side
6097,30,TRAFFIC SIGNAL,FUNCTIONING PROPERLY,CLEAR,DAYLIGHT,PEDALCYCLIST,DIVIDED - W/MEDIAN BARRIER,STRAIGHT AND LEVEL,DRY,NO DEFECTS,,UNABLE TO DETERMINE,NOT APPLICABLE,,INCAPACITATING INJURY,15,8,41.8745452159,-87.6274640991,2021,30,POINT (-87.6274640991 41.8745452159),,,,,2021-08-23,True,31,Loop
6098,30,STOP SIGN/FLASHER,FUNCTIONING PROPERLY,CLEAR,DAYLIGHT,PEDALCYCLIST,ONE-WAY,STRAIGHT AND LEVEL,DRY,UNKNOWN,,EQUIPMENT - VEHICLE CONDITION,UNABLE TO DETERMINE,,NONINCAPACITATING INJURY,16,8,41.8180513769,-87.6313977578,2021,30,POINT (-87.6313977578 41.8180513769),,,,,2021-08-23,False,36,Fuller Park
6099,30,STOP SIGN/FLASHER,NO CONTROLS,CLEAR,DAYLIGHT,PEDALCYCLIST,NOT DIVIDED,STRAIGHT AND LEVEL,UNKNOWN,NO DEFECTS,Y,DISREGARDING OTHER TRAFFIC SIGNS,UNABLE TO DETERMINE,,INCAPACITATING INJURY,18,8,42.003589982,-87.6706918049,2021,30,POINT (-87.6706918049 42.003589982),,,,,2021-08-23,True,0,Rogers Park
6100,30,TRAFFIC SIGNAL,FUNCTIONING PROPERLY,CLEAR,DAYLIGHT,PEDALCYCLIST,NOT DIVIDED,STRAIGHT AND LEVEL,DRY,NO DEFECTS,,NOT APPLICABLE,NOT APPLICABLE,,NONINCAPACITATING INJURY,19,8,41.9111684094,-87.7754319801,2021,30,POINT (-87.7754319801 41.9111684094),,,,,2021-08-23,False,24,Austin
6101,30,STOP SIGN/FLASHER,FUNCTIONING PROPERLY,CLEAR,DAYLIGHT,PEDALCYCLIST,FOUR WAY,STRAIGHT AND LEVEL,DRY,NO DEFECTS,Y,DRIVING SKILLS/KNOWLEDGE/EXPERIENCE,NOT APPLICABLE,,NONINCAPACITATING INJURY,12,8,41.9701523764,-87.7282304079,2021,30,POINT (-87.7282304079 41.9701523764),,,,,2021-08-24,False,11,Forest Glen
6102,25,TRAFFIC SIGNAL,FUNCTIONING PROPERLY,CLEAR,DAYLIGHT,PEDALCYCLIST,NOT DIVIDED,STRAIGHT AND LEVEL,DRY,NO DEFECTS,Y,FAILING TO YIELD RIGHT-OF-WAY,NOT APPLICABLE,Y,INCAPACITATING INJURY,13,8,42.0087205423,-87.6737503618,2021,25,POINT (-87.6737503618 42.0087205423),,,,,2021-08-24,True,0,Rogers Park
6103,30,STOP SIGN/FLASHER,FUNCTIONING PROPERLY,CLEAR,DAYLIGHT,PEDALCYCLIST,FOUR WAY,STRAIGHT AND LEVEL,DRY,NO DEFECTS,Y,DISTRACTION - FROM INSIDE VEHICLE,FAILING TO YIELD RIGHT-OF-WAY,,NONINCAPACITATING INJURY,14,8,41.8990028135,-87.7337055363,2021,30,POINT (-87.7337055363 41.8990028135),,,,,2021-08-24,False,22,Humboldt Park
6104,25,STOP SIGN/FLASHER,FUNCTIONING IMPROPERLY,CLEAR,DAYLIGHT,PEDALCYCLIST,ONE-WAY,STRAIGHT AND LEVEL,DRY,NO DEFECTS,,UNABLE TO DETERMINE,NOT APPLICABLE,,NO INDICATION OF INJURY,14,8,41.7792466602,-87.6728452005,2021,25,POINT (-87.6728452005 41.7792466602),,,,,2021-08-24,False,66,Englewood
6105,20,NO CONTROLS,NO CONTROLS,CLEAR,DAYLIGHT,PEDALCYCLIST,DIVIDED - W/MEDIAN (NOT RAISED),STRAIGHT AND LEVEL,DRY,NO DEFECTS,,FAILING TO YIELD RIGHT-OF-WAY,IMPROPER OVERTAKING/PASSING,,NONINCAPACITATING INJURY,16,8,41.9685847551,-87.7060949316,2021,20,POINT (-87.7060949316 41.9685847551),,,,,2021-08-24,False,3,Lincoln Square
6106,30,TRAFFIC SIGNAL,FUNCTIONING PROPERLY,CLEAR,DAYLIGHT,PEDALCYCLIST,NOT DIVIDED,STRAIGHT AND LEVEL,DRY,NO DEFECTS,,UNABLE TO DETERMINE,NOT APPLICABLE,,"REPORTED, NOT EVIDENT",17,8,41.9409091633,-87.63936916,2021,30,POINT (-87.63936916 41.9409091633),,,,,2021-08-24,False,5,Lake View
6107,30,NO CONTROLS,NO CONTROLS,RAIN,DAYLIGHT,PEDALCYCLIST,DIVIDED - W/MEDIAN (NOT RAISED),STRAIGHT ON GRADE,WET,NO DEFECTS,,WEATHER,UNABLE TO DETERMINE,,NONINCAPACITATING INJURY,17,8,41.9684169491,-87.6994984284,2021,30,POINT (-87.6994984284 41.9684169491),,,,,2021-08-24,False,3,Lincoln Square