Unnamed: 0,POSTED_SPEED_LIMIT,TRAFFIC_CONTROL_DEVICE,DEVICE_CONDITION,WEATHER_CONDITION,LIGHTING_CONDITION,FIRST_CRASH_TYPE,TRAFFICWAY_TYPE,ALIGNMENT,ROADWAY_SURFACE_COND,ROAD_DEFECT,INTERSECTION_RELATED_I,PRIM_CONTRIBUTORY_CAUSE,SEC_CONTRIBUTORY_CAUSE,DOORING_I,MOST_SEVERE_INJURY,CRASH_HOUR,CRASH_MONTH,LATITUDE,LONGITUDE,CRASH_YEAR,SPEED_LIMIT,geometry,DISPLAYROU,the_geom,DIST,LANE_TYPE,CRASH_DATE,is_severe,index_right,CArea
6108,35,UNKNOWN,UNKNOWN,RAIN,DUSK,PEDALCYCLIST,NOT DIVIDED,STRAIGHT AND LEVEL,WET,NO DEFECTS,,FAILING TO REDUCE SPEED TO AVOID CRASH,UNABLE TO DETERMINE,,NONINCAPACITATING INJURY,18,8,41.9130289268,-87.6326970688,2021,35,POINT (-87.6326970688 41.9130289268),,,,,2021-08-24,False,6,Lincoln Park
6109,35,STOP SIGN/FLASHER,FUNCTIONING PROPERLY,CLEAR,DAYLIGHT,PEDALCYCLIST,ONE-WAY,STRAIGHT AND LEVEL,DRY,NO DEFECTS,Y,FAILING TO YIELD RIGHT-OF-WAY,DRIVING SKILLS/KNOWLEDGE/EXPERIENCE,,NONINCAPACITATING INJURY,9,8,41.6686356041,-87.6405479187,2021,35,POINT (-87.6405479187 41.6686356041),,,,,2021-08-25,False,52,West Pullman
6110,30,NO CONTROLS,NO CONTROLS,CLEAR,DAYLIGHT,PEDALCYCLIST,NOT DIVIDED,STRAIGHT AND LEVEL,DRY,NO DEFECTS,,IMPROPER OVERTAKING/PASSING,NOT APPLICABLE,,NONINCAPACITATING INJURY,13,8,41.9982442213,-87.6655697774,2021,30,POINT (-87.6655697774 41.9982442213),,,,,2021-08-25,False,0,Rogers Park
6111,30,NO CONTROLS,NO CONTROLS,CLEAR,DAYLIGHT,PEDALCYCLIST,NOT DIVIDED,STRAIGHT AND LEVEL,DRY,NO DEFECTS,,FAILING TO YIELD RIGHT-OF-WAY,NOT APPLICABLE,,NONINCAPACITATING INJURY,14,8,41.9123594612,-87.6348942421,2021,30,POINT (-87.6348942421 41.9123594612),,,,,2021-08-25,False,6,Lincoln Park
6112,30,UNKNOWN,UNKNOWN,CLEAR,DAYLIGHT,PEDALCYCLIST,UNKNOWN,STRAIGHT AND LEVEL,DRY,NO DEFECTS,,UNABLE TO DETERMINE,UNABLE TO DETERMINE,,NONINCAPACITATING INJURY,14,8,41.867105475,-87.6567450119,2021,30,POINT (-87.6567450119 41.867105475),,,,,2021-08-25,False,27,Near West Side
6113,30,TRAFFIC SIGNAL,FUNCTIONING PROPERLY,CLEAR,DAYLIGHT,PEDALCYCLIST,NOT DIVIDED,STRAIGHT AND LEVEL,DRY,NO DEFECTS,,DISREGARDING TRAFFIC SIGNALS,UNABLE TO DETERMINE,,NO INDICATION OF INJURY,14,8,41.764210701,-87.7222979578,2021,30,POINT (-87.7222979578 41.764210701),,,,,2021-08-25,False,64,West Lawn
6114,30,UNKNOWN,UNKNOWN,CLEAR,DAYLIGHT,PEDALCYCLIST,NOT DIVIDED,STRAIGHT AND LEVEL,UNKNOWN,UNKNOWN,,IMPROPER TURNING/NO SIGNAL,UNABLE TO DETERMINE,,NONINCAPACITATING INJURY,15,8,41.9480245829,-87.7592971856,2021,30,POINT (-87.7592971856 41.9480245829),,,,,2021-08-25,False,14,Portage Park
6115,30,TRAFFIC SIGNAL,FUNCTIONING PROPERLY,CLEAR,DAYLIGHT,PEDALCYCLIST,NOT DIVIDED,STRAIGHT AND LEVEL,DRY,NO DEFECTS,Y,IMPROPER OVERTAKING/PASSING,NOT APPLICABLE,N,NONINCAPACITATING INJURY,17,8,41.7474101907,-87.579682691,2021,30,POINT (-87.579682691 41.7474101907),,,,,2021-08-25,False,44,Avalon Park
6116,35,TRAFFIC SIGNAL,FUNCTIONING PROPERLY,RAIN,"DARKNESS, LIGHTED ROAD",PEDALCYCLIST,ONE-WAY,STRAIGHT AND LEVEL,WET,NO DEFECTS,Y,WEATHER,UNABLE TO DETERMINE,,"REPORTED, NOT EVIDENT",19,8,41.8735193085,-87.7107158381,2021,35,POINT (-87.7107158381 41.8735193085),,,,,2021-08-25,False,26,Garfield Park
6117,30,TRAFFIC SIGNAL,FUNCTIONING PROPERLY,RAIN,DARKNESS,PEDALCYCLIST,FOUR WAY,STRAIGHT AND LEVEL,WET,NO DEFECTS,,FAILING TO YIELD RIGHT-OF-WAY,FAILING TO YIELD RIGHT-OF-WAY,N,NONINCAPACITATING INJURY,20,8,41.8965647991,-87.6325616783,2021,30,POINT (-87.6325616783 41.8965647991),,,,,2021-08-25,False,7,Near North Side
6118,30,NO CONTROLS,NO CONTROLS,CLEAR,DAYLIGHT,PEDALCYCLIST,DIVIDED - W/MEDIAN BARRIER,STRAIGHT AND LEVEL,DRY,NO DEFECTS,,UNABLE TO DETERMINE,UNABLE TO DETERMINE,,NONINCAPACITATING INJURY,7,8,41.9263710164,-87.66833481,2021,30,POINT (-87.66833481 41.9263710164),,,,,2021-08-26,False,6,Lincoln Park
6119,35,NO CONTROLS,NO CONTROLS,CLEAR,DAYLIGHT,PEDALCYCLIST,NOT DIVIDED,STRAIGHT AND LEVEL,DRY,NO DEFECTS,,UNABLE TO DETERMINE,UNABLE TO DETERMINE,Y,NONINCAPACITATING INJURY,9,8,41.9818870009,-87.768217075,2021,35,POINT (-87.768217075 41.9818870009),,,,,2021-08-26,False,10,Jefferson Park
6120,20,NO CONTROLS,NO CONTROLS,CLEAR,DAYLIGHT,PEDALCYCLIST,NOT DIVIDED,STRAIGHT AND LEVEL,DRY,NO DEFECTS,,FAILING TO YIELD RIGHT-OF-WAY,UNABLE TO DETERMINE,,NONINCAPACITATING INJURY,11,8,41.7297557232,-87.5513958708,2021,20,POINT (-87.5513958708 41.7297557232),,,,,2021-08-26,False,45,South Chicago
6121,30,NO CONTROLS,NO CONTROLS,CLEAR,DAYLIGHT,PEDALCYCLIST,DIVIDED - W/MEDIAN (NOT RAISED),STRAIGHT AND LEVEL,DRY,NO DEFECTS,,UNABLE TO DETERMINE,FAILING TO YIELD RIGHT-OF-WAY,Y,NONINCAPACITATING INJURY,14,8,41.8644794553,-87.6466927302,2021,30,POINT (-87.6466927302 41.8644794553),,,,,2021-08-26,False,27,Near West Side
6122,30,TRAFFIC SIGNAL,FUNCTIONING PROPERLY,CLEAR,DAYLIGHT,PEDALCYCLIST,NOT DIVIDED,STRAIGHT AND LEVEL,DRY,NO DEFECTS,Y,UNABLE TO DETERMINE,UNABLE TO DETERMINE,,NO INDICATION OF INJURY,18,8,41.9162353375,-87.6678377721,2021,30,POINT (-87.6678377721 41.9162353375),,,,,2021-08-26,False,6,Lincoln Park
6123,30,TRAFFIC SIGNAL,FUNCTIONING PROPERLY,CLEAR,DAYLIGHT,PEDALCYCLIST,ONE-WAY,STRAIGHT AND LEVEL,DRY,NO DEFECTS,Y,FAILING TO YIELD RIGHT-OF-WAY,FAILING TO YIELD RIGHT-OF-WAY,,NONINCAPACITATING INJURY,19,8,41.9256500123,-87.7070979419,2021,30,POINT (-87.7070979419 41.9256500123),,,,,2021-08-26,False,21,Logan Square
6124,30,TRAFFIC SIGNAL,FUNCTIONING PROPERLY,CLEAR,DAYLIGHT,PEDALCYCLIST,DIVIDED - W/MEDIAN BARRIER,STRAIGHT AND LEVEL,DRY,UNKNOWN,Y,UNABLE TO DETERMINE,UNABLE TO DETERMINE,,NO INDICATION OF INJURY,19,8,41.9156083662,-87.634512753,2021,30,POINT (-87.634512753 41.9156083662),,,,,2021-08-26,False,6,Lincoln Park
6125,30,NO CONTROLS,NO CONTROLS,CLEAR,"DARKNESS, LIGHTED ROAD",PEDALCYCLIST,DIVIDED - W/MEDIAN (NOT RAISED),STRAIGHT AND LEVEL,DRY,NO DEFECTS,,FAILING TO YIELD RIGHT-OF-WAY,UNABLE TO DETERMINE,,NONINCAPACITATING INJURY,20,8,41.9513543451,-87.6596830247,2021,30,POINT (-87.6596830247 41.9513543451),,,,,2021-08-26,False,5,Lake View
6126,30,NO CONTROLS,NO CONTROLS,UNKNOWN,UNKNOWN,PEDALCYCLIST,NOT DIVIDED,STRAIGHT AND LEVEL,UNKNOWN,UNKNOWN,,UNABLE TO DETERMINE,UNABLE TO DETERMINE,,NONINCAPACITATING INJURY,21,8,41.9322638042,-87.6974747459,2021,30,POINT (-87.6974747459 41.9322638042),,,,,2021-08-26,False,20,Avondale
6127,30,TRAFFIC SIGNAL,UNKNOWN,CLEAR,"DARKNESS, LIGHTED ROAD",PEDALCYCLIST,DIVIDED - W/MEDIAN (NOT RAISED),STRAIGHT AND LEVEL,DRY,UNKNOWN,Y,UNABLE TO DETERMINE,UNABLE TO DETERMINE,,NONINCAPACITATING INJURY,1,8,42.0076119053,-87.6734908389,2021,30,POINT (-87.6734908389 42.0076119053),,,,,2021-08-27,False,0,Rogers Park
6128,30,TRAFFIC SIGNAL,FUNCTIONING PROPERLY,CLEAR,DAYLIGHT,PEDALCYCLIST,DIVIDED - W/MEDIAN (NOT RAISED),STRAIGHT AND LEVEL,DRY,NO DEFECTS,,UNABLE TO DETERMINE,NOT APPLICABLE,,"REPORTED, NOT EVIDENT",13,8,41.866549517,-87.7006439607,2021,30,POINT (-87.7006439607 41.866549517),,,,,2021-08-27,False,28,North Lawndale
6129,30,NO CONTROLS,NO CONTROLS,CLEAR,DAYLIGHT,PEDALCYCLIST,DIVIDED - W/MEDIAN BARRIER,STRAIGHT AND LEVEL,DRY,NO DEFECTS,,UNABLE TO DETERMINE,UNABLE TO DETERMINE,,NONINCAPACITATING INJURY,13,8,41.8069783867,-87.603696081,2021,30,POINT (-87.603696081 41.8069783867),,,,,2021-08-27,False,38,Kenwood
6130,30,NO CONTROLS,NO CONTROLS,CLEAR,DAYLIGHT,PEDALCYCLIST,NOT DIVIDED,STRAIGHT AND LEVEL,DRY,NO DEFECTS,Y,FAILING TO YIELD RIGHT-OF-WAY,NOT APPLICABLE,,NONINCAPACITATING INJURY,15,8,41.8934859556,-87.6513676489,2021,30,POINT (-87.6513676489 41.8934859556),,,,,2021-08-27,False,7,Near North Side
6131,30,TRAFFIC SIGNAL,FUNCTIONING PROPERLY,CLEAR,DAYLIGHT,PEDALCYCLIST,FOUR WAY,STRAIGHT AND LEVEL,DRY,NO DEFECTS,Y,FAILING TO YIELD RIGHT-OF-WAY,UNABLE TO DETERMINE,,NONINCAPACITATING INJURY,16,8,41.9388739761,-87.6394230079,2021,30,POINT (-87.6394230079 41.9388739761),,,,,2021-08-27,False,5,Lake View
6132,30,NO CONTROLS,NO CONTROLS,CLEAR,DAYLIGHT,PEDALCYCLIST,NOT DIVIDED,STRAIGHT AND LEVEL,DRY,NO DEFECTS,,UNABLE TO DETERMINE,UNABLE TO DETERMINE,,NO INDICATION OF INJURY,16,8,41.7088061297,-87.6554307927,2021,30,POINT (-87.6554307927 41.7088061297),,,,,2021-08-27,False,72,Washington Heights
6133,25,NO CONTROLS,NO CONTROLS,CLEAR,DAYLIGHT,PEDALCYCLIST,OTHER,STRAIGHT AND LEVEL,DRY,NO DEFECTS,,UNABLE TO DETERMINE,UNABLE TO DETERMINE,,NONINCAPACITATING INJURY,17,8,41.8444813021,-87.6112644793,2021,25,POINT (-87.6112644793 41.8444813021),,,,,2021-08-27,False,34,Douglas
6134,30,STOP SIGN/FLASHER,FUNCTIONING PROPERLY,CLEAR,DAYLIGHT,PEDALCYCLIST,FOUR WAY,STRAIGHT AND LEVEL,DRY,NO DEFECTS,,UNABLE TO DETERMINE,NOT APPLICABLE,,NO INDICATION OF INJURY,17,8,41.8670405319,-87.6565356181,2021,30,POINT (-87.6565356181 41.8670405319),,,,,2021-08-27,False,27,Near West Side
6135,30,STOP SIGN/FLASHER,FUNCTIONING PROPERLY,CLEAR,DAYLIGHT,PEDALCYCLIST,ONE-WAY,STRAIGHT AND LEVEL,DRY,NO DEFECTS,Y,UNABLE TO DETERMINE,UNABLE TO DETERMINE,,NO INDICATION OF INJURY,11,8,41.9263302488,-87.7342374669,2021,30,POINT (-87.7342374669 41.9263302488),,,,,2021-08-28,False,19,Hermosa
6136,30,NO CONTROLS,NO CONTROLS,CLEAR,DAYLIGHT,PEDALCYCLIST,NOT DIVIDED,STRAIGHT AND LEVEL,DRY,NO DEFECTS,,IMPROPER OVERTAKING/PASSING,NOT APPLICABLE,,NO INDICATION OF INJURY,12,8,41.9057938403,-87.7262511371,2021,30,POINT (-87.7262511371 41.9057938403),,,,,2021-08-28,False,22,Humboldt Park
6137,30,TRAFFIC SIGNAL,FUNCTIONING PROPERLY,CLEAR,DAYLIGHT,PEDALCYCLIST,NOT DIVIDED,STRAIGHT AND LEVEL,DRY,NO DEFECTS,,NOT APPLICABLE,NOT APPLICABLE,,NO INDICATION OF INJURY,13,8,41.8711843539,-87.6260694903,2021,30,POINT (-87.6260694903 41.8711843539),,,,,2021-08-28,False,31,Loop
6138,30,NO CONTROLS,NO CONTROLS,CLEAR,DAYLIGHT,PEDALCYCLIST,NOT DIVIDED,STRAIGHT AND LEVEL,DRY,NO DEFECTS,,UNABLE TO DETERMINE,UNABLE TO DETERMINE,,"REPORTED, NOT EVIDENT",13,8,41.9094535593,-87.7668893118,2021,30,POINT (-87.7668893118 41.9094535593),,,,,2021-08-28,False,24,Austin
6139,30,NO CONTROLS,NO CONTROLS,CLEAR,DAYLIGHT,PEDALCYCLIST,NOT DIVIDED,STRAIGHT AND LEVEL,DRY,NO DEFECTS,,FAILING TO REDUCE SPEED TO AVOID CRASH,NOT APPLICABLE,,NONINCAPACITATING INJURY,13,8,41.8009138615,-87.5880961773,2021,30,POINT (-87.5880961773 41.8009138615),,,,,2021-08-28,False,40,Hyde Park
6140,20,TRAFFIC SIGNAL,FUNCTIONING PROPERLY,CLEAR,DAYLIGHT,PEDALCYCLIST,NOT DIVIDED,STRAIGHT AND LEVEL,DRY,NO DEFECTS,,UNABLE TO DETERMINE,UNABLE TO DETERMINE,N,NONINCAPACITATING INJURY,14,8,41.6889070792,-87.6231416068,2021,20,POINT (-87.6231416068 41.6889070792),,,,,2021-08-28,False,48,Roseland
6141,30,NO CONTROLS,NO CONTROLS,CLEAR,DAYLIGHT,PEDALCYCLIST,NOT DIVIDED,STRAIGHT AND LEVEL,DRY,NO DEFECTS,,IMPROPER LANE USAGE,IMPROPER OVERTAKING/PASSING,,NONINCAPACITATING INJURY,17,8,41.8992495106,-87.6480329175,2021,30,POINT (-87.6480329175 41.8992495106),,,,,2021-08-28,False,7,Near North Side
6142,30,TRAFFIC SIGNAL,FUNCTIONING PROPERLY,CLEAR,DAYLIGHT,PEDALCYCLIST,DIVIDED - W/MEDIAN BARRIER,STRAIGHT AND LEVEL,DRY,NO DEFECTS,Y,FAILING TO YIELD RIGHT-OF-WAY,NOT APPLICABLE,,NONINCAPACITATING INJURY,19,8,41.9648094358,-87.7082974065,2021,30,POINT (-87.7082974065 41.9648094358),,,,,2021-08-28,False,13,Albany Park
6143,30,TRAFFIC SIGNAL,FUNCTIONING PROPERLY,CLEAR,"DARKNESS, LIGHTED ROAD",PEDALCYCLIST,FOUR WAY,STRAIGHT AND LEVEL,DRY,NO DEFECTS,,UNABLE TO DETERMINE,UNABLE TO DETERMINE,,NONINCAPACITATING INJURY,20,8,41.9401520755,-87.6445257003,2021,30,POINT (-87.6445257003 41.9401520755),,,,,2021-08-28,False,5,Lake View
6144,25,STOP SIGN/FLASHER,FUNCTIONING PROPERLY,CLEAR,"DARKNESS, LIGHTED ROAD",PEDALCYCLIST,NOT DIVIDED,STRAIGHT AND LEVEL,DRY,NO DEFECTS,Y,UNABLE TO DETERMINE,UNABLE TO DETERMINE,,INCAPACITATING INJURY,20,8,41.9124758093,-87.6737032306,2021,25,POINT (-87.6737032306 41.9124758093),,,,,2021-08-28,True,6,Lincoln Park
6145,30,OTHER,OTHER,CLEAR,"DARKNESS, LIGHTED ROAD",PEDALCYCLIST,NOT DIVIDED,STRAIGHT AND LEVEL,DRY,NO DEFECTS,,UNABLE TO DETERMINE,UNABLE TO DETERMINE,,INCAPACITATING INJURY,22,8,41.9335544738,-87.6637457666,2021,30,POINT (-87.6637457666 41.9335544738),,,,,2021-08-28,True,5,Lake View
6147,35,NO CONTROLS,NO CONTROLS,CLEAR,"DARKNESS, LIGHTED ROAD",PEDALCYCLIST,DIVIDED - W/MEDIAN (NOT RAISED),STRAIGHT AND LEVEL,DRY,NO DEFECTS,,UNABLE TO DETERMINE,UNABLE TO DETERMINE,,NONINCAPACITATING INJURY,0,8,41.8485826628,-87.6853941892,2021,35,POINT (-87.6853941892 41.8485826628),,,,,2021-08-29,False,30,Lower West Side
6148,30,TRAFFIC SIGNAL,FUNCTIONING PROPERLY,CLEAR,DAYLIGHT,PEDALCYCLIST,DIVIDED - W/MEDIAN (NOT RAISED),STRAIGHT AND LEVEL,DRY,NO DEFECTS,Y,FOLLOWING TOO CLOSELY,NOT APPLICABLE,,NO INDICATION OF INJURY,10,8,41.8448203764,-87.6855931141,2021,30,POINT (-87.6855931141 41.8448203764),,,,,2021-08-29,False,30,Lower West Side
6149,30,NO CONTROLS,NO CONTROLS,CLEAR,DAYLIGHT,PEDALCYCLIST,NOT DIVIDED,STRAIGHT AND LEVEL,UNKNOWN,UNKNOWN,,UNABLE TO DETERMINE,NOT APPLICABLE,Y,INCAPACITATING INJURY,15,8,41.9621298134,-87.7130235736,2021,30,POINT (-87.7130235736 41.9621298134),,,,,2021-08-29,True,13,Albany Park
6150,30,NO CONTROLS,NO CONTROLS,CLEAR,"DARKNESS, LIGHTED ROAD",PEDALCYCLIST,ONE-WAY,STRAIGHT AND LEVEL,DRY,NO DEFECTS,N,IMPROPER OVERTAKING/PASSING,NOT APPLICABLE,,NO INDICATION OF INJURY,19,8,41.9058399333,-87.6344664409,2021,30,POINT (-87.6344664409 41.9058399333),,,,,2021-08-29,False,7,Near North Side
6151,30,NO CONTROLS,NO CONTROLS,CLEAR,DAYLIGHT,PEDALCYCLIST,ONE-WAY,STRAIGHT AND LEVEL,DRY,NO DEFECTS,,FAILING TO YIELD RIGHT-OF-WAY,NOT APPLICABLE,,NONINCAPACITATING INJURY,8,8,41.9200794438,-87.6812726405,2021,30,POINT (-87.6812726405 41.9200794438),,,,,2021-08-30,False,6,Lincoln Park
6152,35,TRAFFIC SIGNAL,FUNCTIONING PROPERLY,CLEAR,DAYLIGHT,PEDALCYCLIST,ONE-WAY,STRAIGHT AND LEVEL,DRY,NO DEFECTS,Y,UNABLE TO DETERMINE,NOT APPLICABLE,,INCAPACITATING INJURY,11,8,41.8845472243,-87.6412009371,2021,35,POINT (-87.6412009371 41.8845472243),,,,,2021-08-30,True,27,Near West Side
6153,30,TRAFFIC SIGNAL,FUNCTIONING PROPERLY,CLEAR,DAYLIGHT,PEDALCYCLIST,Y-INTERSECTION,STRAIGHT AND LEVEL,DRY,UNKNOWN,Y,FAILING TO YIELD RIGHT-OF-WAY,NOT APPLICABLE,,NONINCAPACITATING INJURY,15,8,41.7915802043,-87.5855642152,2021,30,POINT (-87.5855642152 41.7915802043),,,,,2021-08-30,False,40,Hyde Park
6154,30,NO CONTROLS,NO CONTROLS,CLEAR,DAYLIGHT,PEDALCYCLIST,NOT DIVIDED,STRAIGHT AND LEVEL,DRY,NO DEFECTS,,CELL PHONE USE OTHER THAN TEXTING,DISTRACTION - FROM INSIDE VEHICLE,,NONINCAPACITATING INJURY,16,8,41.8617531354,-87.7248901083,2021,30,POINT (-87.7248901083 41.8617531354),,,,,2021-08-30,False,28,North Lawndale
6155,30,UNKNOWN,UNKNOWN,UNKNOWN,UNKNOWN,PEDALCYCLIST,UNKNOWN,STRAIGHT AND LEVEL,UNKNOWN,UNKNOWN,,UNABLE TO DETERMINE,NOT APPLICABLE,Y,"REPORTED, NOT EVIDENT",17,8,41.9007545773,-87.6273534965,2021,30,POINT (-87.6273534965 41.9007545773),,,,,2021-08-30,False,7,Near North Side
6156,30,NO CONTROLS,NO CONTROLS,CLEAR,DAYLIGHT,PEDALCYCLIST,NOT DIVIDED,STRAIGHT AND LEVEL,DRY,NO DEFECTS,,UNABLE TO DETERMINE,FOLLOWING TOO CLOSELY,N,NONINCAPACITATING INJURY,18,8,41.7871065654,-87.6339532586,2021,30,POINT (-87.6339532586 41.7871065654),,,,,2021-08-30,False,67,Englewood
6157,30,TRAFFIC SIGNAL,FUNCTIONING PROPERLY,CLEAR,"DARKNESS, LIGHTED ROAD",PEDALCYCLIST,DRIVEWAY,STRAIGHT AND LEVEL,DRY,NO DEFECTS,Y,FAILING TO YIELD RIGHT-OF-WAY,UNABLE TO DETERMINE,,"REPORTED, NOT EVIDENT",19,8,41.900737815,-87.6233423945,2021,30,POINT (-87.6233423945 41.900737815),,,,,2021-08-30,False,7,Near North Side
6158,30,NO CONTROLS,NO CONTROLS,CLEAR,DAYLIGHT,PEDALCYCLIST,NOT DIVIDED,STRAIGHT AND LEVEL,DRY,NO DEFECTS,,UNABLE TO DETERMINE,UNABLE TO DETERMINE,,NONINCAPACITATING INJURY,19,8,41.8477383156,-87.645663784,2021,30,POINT (-87.645663784 41.8477383156),,,,,2021-08-30,False,30,Lower West Side
6159,30,NO CONTROLS,NO CONTROLS,CLEAR,DAYLIGHT,PEDALCYCLIST,NOT DIVIDED,STRAIGHT AND LEVEL,DRY,NO DEFECTS,,UNABLE TO DETERMINE,UNABLE TO DETERMINE,,INCAPACITATING INJURY,8,8,41.7933682187,-87.7060636624,2021,30,POINT (-87.7060636624 41.7933682187),,,,,2021-08-31,True,62,Gage Park
6160,30,YIELD,NO CONTROLS,CLEAR,DAYLIGHT,PEDALCYCLIST,TRAFFIC ROUTE,STRAIGHT AND LEVEL,DRY,UNKNOWN,Y,DISREGARDING YIELD SIGN,UNABLE TO DETERMINE,,"REPORTED, NOT EVIDENT",15,8,41.7663971404,-87.5713459354,2021,30,POINT (-87.5713459354 41.7663971404),,,,,2021-08-31,False,41,Woodlawn
6161,30,NO CONTROLS,NO CONTROLS,CLEAR,DAYLIGHT,PEDALCYCLIST,NOT DIVIDED,STRAIGHT AND LEVEL,DRY,UNKNOWN,,"OPERATING VEHICLE IN ERRATIC, RECKLESS, CARELESS, NEGLIGENT OR AGGRESSIVE MANNER",UNABLE TO DETERMINE,,INCAPACITATING INJURY,15,8,41.9593683332,-87.7532086757,2021,30,POINT (-87.7532086757 41.9593683332),,,,,2021-08-31,True,14,Portage Park
6162,30,TRAFFIC SIGNAL,FUNCTIONING PROPERLY,CLEAR,DAYLIGHT,PEDALCYCLIST,FOUR WAY,STRAIGHT AND LEVEL,DRY,NO DEFECTS,Y,FAILING TO YIELD RIGHT-OF-WAY,NOT APPLICABLE,,NO INDICATION OF INJURY,15,8,41.8698052221,-87.6437763018,2021,30,POINT (-87.6437763018 41.8698052221),,,,,2021-08-31,False,27,Near West Side
6163,30,TRAFFIC SIGNAL,FUNCTIONING PROPERLY,CLEAR,DAYLIGHT,PEDALCYCLIST,DIVIDED - W/MEDIAN (NOT RAISED),STRAIGHT AND LEVEL,DRY,NO DEFECTS,Y,IMPROPER TURNING/NO SIGNAL,NOT APPLICABLE,,NONINCAPACITATING INJURY,16,8,41.8598707767,-87.6468512629,2021,30,POINT (-87.6468512629 41.8598707767),,,,,2021-08-31,False,27,Near West Side
6164,30,TRAFFIC SIGNAL,FUNCTIONING PROPERLY,CLEAR,DAYLIGHT,PEDALCYCLIST,"FIVE POINT, OR MORE",STRAIGHT AND LEVEL,DRY,NO DEFECTS,,FAILING TO YIELD RIGHT-OF-WAY,FAILING TO YIELD RIGHT-OF-WAY,,NONINCAPACITATING INJURY,16,8,41.9028283108,-87.6654268147,2021,30,POINT (-87.6654268147 41.9028283108),,,,,2021-08-31,False,23,West Town
6165,30,NO CONTROLS,NO CONTROLS,CLEAR,DAYLIGHT,PEDALCYCLIST,NOT DIVIDED,STRAIGHT AND LEVEL,DRY,UNKNOWN,,NOT APPLICABLE,NOT APPLICABLE,Y,NONINCAPACITATING INJURY,18,8,41.9733732927,-87.6585600785,2021,30,POINT (-87.6585600785 41.9733732927),,,,,2021-08-31,False,2,Uptown
6166,30,NO CONTROLS,NO CONTROLS,CLEAR,DAYLIGHT,PEDALCYCLIST,DIVIDED - W/MEDIAN (NOT RAISED),STRAIGHT AND LEVEL,DRY,NO DEFECTS,,UNABLE TO DETERMINE,UNABLE TO DETERMINE,Y,NONINCAPACITATING INJURY,13,9,41.9363986185,-87.7196543561,2021,30,POINT (-87.7196543561 41.9363986185),,,,,2021-09-01,False,20,Avondale
6167,30,STOP SIGN/FLASHER,FUNCTIONING PROPERLY,CLEAR,DAYLIGHT,PEDALCYCLIST,NOT DIVIDED,STRAIGHT AND LEVEL,DRY,NO DEFECTS,N,NOT APPLICABLE,NOT APPLICABLE,,NONINCAPACITATING INJURY,16,9,41.9363045601,-87.6589625968,2021,30,POINT (-87.6589625968 41.9363045601),,,,,2021-09-01,False,5,Lake View
6168,30,UNKNOWN,UNKNOWN,CLEAR,DAYLIGHT,PEDALCYCLIST,NOT DIVIDED,STRAIGHT AND LEVEL,UNKNOWN,UNKNOWN,,UNABLE TO DETERMINE,UNABLE TO DETERMINE,,NONINCAPACITATING INJURY,17,9,41.8717601713,-87.7064998977,2021,30,POINT (-87.7064998977 41.8717601713),,,,,2021-09-01,False,26,Garfield Park
6169,30,TRAFFIC SIGNAL,FUNCTIONING PROPERLY,CLEAR,DAYLIGHT,PEDALCYCLIST,"FIVE POINT, OR MORE",STRAIGHT AND LEVEL,DRY,NO DEFECTS,Y,FAILING TO YIELD RIGHT-OF-WAY,NOT APPLICABLE,,"REPORTED, NOT EVIDENT",17,9,41.9535243505,-87.7474382988,2021,30,POINT (-87.7474382988 41.9535243505),,,,,2021-09-01,False,14,Portage Park
6170,15,STOP SIGN/FLASHER,NO CONTROLS,CLEAR,DAYLIGHT,PEDALCYCLIST,FOUR WAY,STRAIGHT AND LEVEL,DRY,NO DEFECTS,,UNABLE TO DETERMINE,NOT APPLICABLE,,NO INDICATION OF INJURY,18,9,41.8767462668,-87.6495990903,2021,15,POINT (-87.6495990903 41.8767462668),,,,,2021-09-01,False,27,Near West Side
6171,30,TRAFFIC SIGNAL,FUNCTIONING PROPERLY,CLEAR,"DARKNESS, LIGHTED ROAD",PEDALCYCLIST,DIVIDED - W/MEDIAN (NOT RAISED),STRAIGHT AND LEVEL,DRY,UNKNOWN,,DRIVING SKILLS/KNOWLEDGE/EXPERIENCE,NOT APPLICABLE,,NONINCAPACITATING INJURY,20,9,41.9829635232,-87.7084696074,2021,30,POINT (-87.7084696074 41.9829635232),,,,,2021-09-01,False,12,North Park
6172,30,TRAFFIC SIGNAL,FUNCTIONING PROPERLY,CLEAR,DAWN,PEDALCYCLIST,NOT DIVIDED,STRAIGHT AND LEVEL,DRY,NO DEFECTS,Y,"VISION OBSCURED (SIGNS, TREE LIMBS, BUILDINGS, ETC.)",NOT APPLICABLE,,NONINCAPACITATING INJURY,6,9,41.9395478417,-87.6906990135,2021,30,POINT (-87.6906990135 41.9395478417),,,,,2021-09-02,False,4,North Center
6173,30,NO CONTROLS,NO CONTROLS,CLEAR,DAYLIGHT,PEDALCYCLIST,OTHER,STRAIGHT AND LEVEL,DRY,NO DEFECTS,,UNABLE TO DETERMINE,NOT APPLICABLE,,NO INDICATION OF INJURY,7,9,41.7947772328,-87.6239193539,2021,30,POINT (-87.6239193539 41.7947772328),,,,,2021-09-02,False,39,Washington Park