Unnamed: 0,POSTED_SPEED_LIMIT,TRAFFIC_CONTROL_DEVICE,DEVICE_CONDITION,WEATHER_CONDITION,LIGHTING_CONDITION,FIRST_CRASH_TYPE,TRAFFICWAY_TYPE,ALIGNMENT,ROADWAY_SURFACE_COND,ROAD_DEFECT,INTERSECTION_RELATED_I,PRIM_CONTRIBUTORY_CAUSE,SEC_CONTRIBUTORY_CAUSE,DOORING_I,MOST_SEVERE_INJURY,CRASH_HOUR,CRASH_MONTH,LATITUDE,LONGITUDE,CRASH_YEAR,SPEED_LIMIT,geometry,DISPLAYROU,the_geom,DIST,LANE_TYPE,CRASH_DATE,is_severe,index_right,CArea
6174,30,NO CONTROLS,NO CONTROLS,CLEAR,DAYLIGHT,PEDALCYCLIST,NOT DIVIDED,STRAIGHT AND LEVEL,DRY,NO DEFECTS,,UNABLE TO DETERMINE,NOT APPLICABLE,,NONINCAPACITATING INJURY,12,9,41.791228819,-87.6838211964,2021,30,POINT (-87.6838211964 41.791228819),,,,,2021-09-02,False,62,Gage Park
6175,30,TRAFFIC SIGNAL,FUNCTIONING PROPERLY,CLEAR,DAYLIGHT,PEDALCYCLIST,NOT DIVIDED,STRAIGHT AND LEVEL,DRY,NO DEFECTS,,UNABLE TO DETERMINE,NOT APPLICABLE,,INCAPACITATING INJURY,12,9,41.9101537068,-87.6923252168,2021,30,POINT (-87.6923252168 41.9101537068),,,,,2021-09-02,True,22,Humboldt Park
6176,30,STOP SIGN/FLASHER,OTHER,CLEAR,DAYLIGHT,PEDALCYCLIST,NOT DIVIDED,STRAIGHT AND LEVEL,DRY,NO DEFECTS,,UNABLE TO DETERMINE,UNABLE TO DETERMINE,,INCAPACITATING INJURY,13,9,41.9972236151,-87.7662226982,2021,30,POINT (-87.7662226982 41.9972236151),,,,,2021-09-02,True,10,Jefferson Park
6177,25,NO CONTROLS,NO CONTROLS,CLEAR,DAYLIGHT,PEDALCYCLIST,ONE-WAY,STRAIGHT AND LEVEL,DRY,NO DEFECTS,,UNABLE TO DETERMINE,NOT APPLICABLE,,NO INDICATION OF INJURY,14,9,41.7475591179,-87.6027963349,2021,25,POINT (-87.6027963349 41.7475591179),,,,,2021-09-02,False,43,Chatham
6178,30,TRAFFIC SIGNAL,FUNCTIONING PROPERLY,CLEAR,DAYLIGHT,PEDALCYCLIST,"FIVE POINT, OR MORE",STRAIGHT AND LEVEL,DRY,NO DEFECTS,N,"VISION OBSCURED (SIGNS, TREE LIMBS, BUILDINGS, ETC.)",NOT APPLICABLE,,NONINCAPACITATING INJURY,16,9,41.9166070386,-87.6361725732,2021,30,POINT (-87.6361725732 41.9166070386),,,,,2021-09-02,False,6,Lincoln Park
6179,30,NO CONTROLS,NO CONTROLS,CLEAR,DAYLIGHT,PEDALCYCLIST,ONE-WAY,STRAIGHT AND LEVEL,DRY,NO DEFECTS,,UNABLE TO DETERMINE,NOT APPLICABLE,,NONINCAPACITATING INJURY,17,9,41.9884957254,-87.6583133096,2021,30,POINT (-87.6583133096 41.9884957254),,,,,2021-09-02,False,76,Edgewater
6180,30,NO CONTROLS,NO CONTROLS,CLEAR,DAYLIGHT,PEDALCYCLIST,NOT DIVIDED,STRAIGHT AND LEVEL,DRY,NO DEFECTS,,IMPROPER OVERTAKING/PASSING,IMPROPER OVERTAKING/PASSING,,NO INDICATION OF INJURY,17,9,41.8932044265,-87.6414014071,2021,30,POINT (-87.6414014071 41.8932044265),,,,,2021-09-02,False,7,Near North Side
6181,30,TRAFFIC SIGNAL,FUNCTIONING PROPERLY,CLEAR,DAYLIGHT,PEDALCYCLIST,FOUR WAY,STRAIGHT AND LEVEL,DRY,NO DEFECTS,Y,DISREGARDING TRAFFIC SIGNALS,NOT APPLICABLE,,NONINCAPACITATING INJURY,19,9,41.9752417403,-87.7682875152,2021,30,POINT (-87.7682875152 41.9752417403),,,,,2021-09-02,False,10,Jefferson Park
6182,30,NO CONTROLS,NO CONTROLS,CLEAR,DAYLIGHT,PEDALCYCLIST,DIVIDED - W/MEDIAN (NOT RAISED),STRAIGHT AND LEVEL,DRY,NO DEFECTS,Y,UNABLE TO DETERMINE,UNABLE TO DETERMINE,,NONINCAPACITATING INJURY,15,9,41.9601796101,-87.6539739987,2021,30,POINT (-87.6539739987 41.9601796101),,,,,2021-09-03,False,2,Uptown
6183,25,STOP SIGN/FLASHER,FUNCTIONING PROPERLY,CLEAR,DAYLIGHT,PEDALCYCLIST,NOT DIVIDED,STRAIGHT AND LEVEL,DRY,NO DEFECTS,,FAILING TO YIELD RIGHT-OF-WAY,UNABLE TO DETERMINE,Y,NONINCAPACITATING INJURY,17,9,42.0121692113,-87.6974978594,2021,25,POINT (-87.6974978594 42.0121692113),,,,,2021-09-03,False,1,West Ridge
6184,30,TRAFFIC SIGNAL,FUNCTIONING PROPERLY,CLEAR,DAYLIGHT,PEDALCYCLIST,NOT DIVIDED,STRAIGHT AND LEVEL,DRY,NO DEFECTS,Y,UNABLE TO DETERMINE,NOT APPLICABLE,,NONINCAPACITATING INJURY,18,9,41.7830176115,-87.6644540123,2021,30,POINT (-87.6644540123 41.7830176115),,,,,2021-09-03,False,66,Englewood
6185,30,TRAFFIC SIGNAL,FUNCTIONING PROPERLY,CLEAR,"DARKNESS, LIGHTED ROAD",PEDALCYCLIST,NOT DIVIDED,STRAIGHT AND LEVEL,DRY,NO DEFECTS,Y,DRIVING ON WRONG SIDE/WRONG WAY,UNABLE TO DETERMINE,,NO INDICATION OF INJURY,23,9,41.8311694823,-87.6217052088,2021,30,POINT (-87.6217052088 41.8311694823),,,,,2021-09-03,False,34,Douglas
6186,25,STOP SIGN/FLASHER,FUNCTIONING PROPERLY,CLEAR,"DARKNESS, LIGHTED ROAD",PEDALCYCLIST,NOT DIVIDED,STRAIGHT AND LEVEL,DRY,NO DEFECTS,Y,DISREGARDING STOP SIGN,FAILING TO YIELD RIGHT-OF-WAY,,NONINCAPACITATING INJURY,0,9,41.7786584936,-87.5865824097,2021,25,POINT (-87.5865824097 41.7786584936),,,,,2021-09-04,False,41,Woodlawn
6187,30,TRAFFIC SIGNAL,FUNCTIONING PROPERLY,RAIN,DAYLIGHT,PEDALCYCLIST,DIVIDED - W/MEDIAN (NOT RAISED),STRAIGHT AND LEVEL,WET,NO DEFECTS,Y,WEATHER,NOT APPLICABLE,,NONINCAPACITATING INJURY,7,9,41.9872694003,-87.655152638,2021,30,POINT (-87.655152638 41.9872694003),,,,,2021-09-04,False,76,Edgewater
6188,30,NO CONTROLS,NO CONTROLS,CLEAR,DAYLIGHT,PEDALCYCLIST,DIVIDED - W/MEDIAN (NOT RAISED),STRAIGHT AND LEVEL,DRY,NO DEFECTS,,UNABLE TO DETERMINE,UNABLE TO DETERMINE,,NO INDICATION OF INJURY,14,9,41.903459596,-87.6530358336,2021,30,POINT (-87.6530358336 41.903459596),,,,,2021-09-04,False,7,Near North Side
6189,30,NO CONTROLS,OTHER,CLOUDY/OVERCAST,DAYLIGHT,PEDALCYCLIST,NOT DIVIDED,STRAIGHT AND LEVEL,DRY,NO DEFECTS,,IMPROPER LANE USAGE,IMPROPER TURNING/NO SIGNAL,,INCAPACITATING INJURY,16,9,41.9170988119,-87.7410598052,2021,30,POINT (-87.7410598052 41.9170988119),,,,,2021-09-04,True,19,Hermosa
6190,35,TRAFFIC SIGNAL,FUNCTIONING PROPERLY,CLEAR,DAYLIGHT,PEDALCYCLIST,DIVIDED - W/MEDIAN BARRIER,STRAIGHT AND LEVEL,DRY,NO DEFECTS,,UNABLE TO DETERMINE,UNABLE TO DETERMINE,Y,NONINCAPACITATING INJURY,17,9,41.714323337,-87.6430667142,2021,35,POINT (-87.6430667142 41.714323337),,,,,2021-09-04,False,72,Washington Heights
6191,30,TRAFFIC SIGNAL,FUNCTIONING PROPERLY,CLEAR,DAYLIGHT,PEDALCYCLIST,NOT DIVIDED,STRAIGHT AND LEVEL,DRY,UNKNOWN,Y,TURNING RIGHT ON RED,FAILING TO REDUCE SPEED TO AVOID CRASH,,NO INDICATION OF INJURY,17,9,41.917167001,-87.6584532264,2021,30,POINT (-87.6584532264 41.917167001),,,,,2021-09-04,False,6,Lincoln Park
6192,30,TRAFFIC SIGNAL,FUNCTIONING PROPERLY,CLEAR,"DARKNESS, LIGHTED ROAD",PEDALCYCLIST,ONE-WAY,STRAIGHT AND LEVEL,DRY,NO DEFECTS,,DISREGARDING TRAFFIC SIGNALS,NOT APPLICABLE,,NONINCAPACITATING INJURY,20,9,41.883105737,-87.6293555645,2021,30,POINT (-87.6293555645 41.883105737),,,,,2021-09-04,False,31,Loop
6193,30,TRAFFIC SIGNAL,FUNCTIONING PROPERLY,CLEAR,DAYLIGHT,PEDALCYCLIST,FOUR WAY,STRAIGHT AND LEVEL,DRY,NO DEFECTS,,UNABLE TO DETERMINE,NOT APPLICABLE,,NONINCAPACITATING INJURY,12,9,41.8344980217,-87.6317458014,2021,30,POINT (-87.6317458014 41.8344980217),,,,,2021-09-05,False,33,Armour Square
6194,25,STOP SIGN/FLASHER,FUNCTIONING PROPERLY,CLEAR,DAYLIGHT,PEDALCYCLIST,T-INTERSECTION,STRAIGHT AND LEVEL,DRY,UNKNOWN,,DISREGARDING STOP SIGN,NOT APPLICABLE,,"REPORTED, NOT EVIDENT",14,9,41.9540449461,-87.7056363754,2021,25,POINT (-87.7056363754 41.9540449461),,,,,2021-09-05,False,15,Irving Park
6195,30,NO CONTROLS,NO CONTROLS,CLEAR,DAYLIGHT,PEDALCYCLIST,NOT DIVIDED,STRAIGHT AND LEVEL,DRY,NO DEFECTS,,FAILING TO YIELD RIGHT-OF-WAY,NOT APPLICABLE,,"REPORTED, NOT EVIDENT",15,9,41.916274268,-87.7364554359,2021,30,POINT (-87.7364554359 41.916274268),,,,,2021-09-05,False,19,Hermosa
6196,25,TRAFFIC SIGNAL,FUNCTIONING PROPERLY,CLEAR,"DARKNESS, LIGHTED ROAD",PEDALCYCLIST,NOT DIVIDED,STRAIGHT AND LEVEL,DRY,NO DEFECTS,,UNABLE TO DETERMINE,UNABLE TO DETERMINE,,NONINCAPACITATING INJURY,20,9,41.9364403254,-87.6480062116,2021,25,POINT (-87.6480062116 41.9364403254),,,,,2021-09-05,False,5,Lake View
6197,30,NO CONTROLS,NO CONTROLS,CLEAR,DAYLIGHT,PEDALCYCLIST,ONE-WAY,STRAIGHT AND LEVEL,DRY,NO DEFECTS,,NOT APPLICABLE,NOT APPLICABLE,,NO INDICATION OF INJURY,15,9,41.8828939321,-87.7614837835,2021,30,POINT (-87.7614837835 41.8828939321),,,,,2021-09-06,False,24,Austin
6198,25,TRAFFIC SIGNAL,FUNCTIONING PROPERLY,CLEAR,DAYLIGHT,PEDALCYCLIST,DIVIDED - W/MEDIAN (NOT RAISED),STRAIGHT AND LEVEL,UNKNOWN,UNKNOWN,Y,UNABLE TO DETERMINE,UNABLE TO DETERMINE,,NONINCAPACITATING INJURY,18,9,41.9104033355,-87.6897306228,2021,25,POINT (-87.6897306228 41.9104033355),,,,,2021-09-06,False,23,West Town
6199,30,NO CONTROLS,NO CONTROLS,CLEAR,"DARKNESS, LIGHTED ROAD",PEDALCYCLIST,NOT DIVIDED,STRAIGHT AND LEVEL,DRY,NO DEFECTS,,UNABLE TO DETERMINE,NOT APPLICABLE,,"REPORTED, NOT EVIDENT",20,9,41.8477775228,-87.7345059687,2021,30,POINT (-87.7345059687 41.8477775228),,,,,2021-09-06,False,28,North Lawndale
6201,35,TRAFFIC SIGNAL,FUNCTIONING PROPERLY,RAIN,DAYLIGHT,PEDALCYCLIST,T-INTERSECTION,STRAIGHT AND LEVEL,WET,NO DEFECTS,Y,DISREGARDING YIELD SIGN,NOT APPLICABLE,,INCAPACITATING INJURY,16,9,42.0038781145,-87.679715758,2021,35,POINT (-87.679715758 42.0038781145),,,,,2021-09-07,True,0,Rogers Park
6202,30,TRAFFIC SIGNAL,FUNCTIONING PROPERLY,CLEAR,DAYLIGHT,PEDALCYCLIST,DIVIDED - W/MEDIAN (NOT RAISED),STRAIGHT AND LEVEL,DRY,NO DEFECTS,Y,FAILING TO YIELD RIGHT-OF-WAY,FAILING TO REDUCE SPEED TO AVOID CRASH,,"REPORTED, NOT EVIDENT",7,9,41.9248233083,-87.7076531502,2021,30,POINT (-87.7076531502 41.9248233083),,,,,2021-09-08,False,21,Logan Square
6203,20,TRAFFIC SIGNAL,UNKNOWN,CLEAR,DAYLIGHT,PEDALCYCLIST,ONE-WAY,STRAIGHT AND LEVEL,DRY,UNKNOWN,,UNABLE TO DETERMINE,UNABLE TO DETERMINE,,NO INDICATION OF INJURY,7,9,41.7934886662,-87.7083116521,2021,20,POINT (-87.7083116521 41.7934886662),,,,,2021-09-08,False,62,Gage Park
6204,30,NO CONTROLS,NO CONTROLS,CLEAR,DAYLIGHT,PEDALCYCLIST,NOT DIVIDED,STRAIGHT AND LEVEL,DRY,NO DEFECTS,N,DRIVING SKILLS/KNOWLEDGE/EXPERIENCE,NOT APPLICABLE,,NO INDICATION OF INJURY,14,9,41.9063247252,-87.67135108,2021,30,POINT (-87.67135108 41.9063247252),,,,,2021-09-08,False,23,West Town
6205,30,TRAFFIC SIGNAL,FUNCTIONING PROPERLY,CLEAR,DAYLIGHT,PEDALCYCLIST,DIVIDED - W/MEDIAN (NOT RAISED),STRAIGHT AND LEVEL,DRY,NO DEFECTS,Y,UNABLE TO DETERMINE,NOT APPLICABLE,,NO INDICATION OF INJURY,16,9,41.9535305633,-87.7472243588,2021,30,POINT (-87.7472243588 41.9535305633),,,,,2021-09-08,False,14,Portage Park
6206,30,STOP SIGN/FLASHER,NO CONTROLS,CLEAR,"DARKNESS, LIGHTED ROAD",PEDALCYCLIST,NOT DIVIDED,STRAIGHT AND LEVEL,DRY,NO DEFECTS,Y,FAILING TO YIELD RIGHT-OF-WAY,NOT APPLICABLE,,NONINCAPACITATING INJURY,20,9,41.9527136638,-87.6546389062,2021,30,POINT (-87.6546389062 41.9527136638),,,,,2021-09-08,False,5,Lake View
6207,30,NO CONTROLS,NO CONTROLS,CLEAR,DAYLIGHT,PEDALCYCLIST,DIVIDED - W/MEDIAN (NOT RAISED),STRAIGHT AND LEVEL,DRY,WORN SURFACE,,DRIVING SKILLS/KNOWLEDGE/EXPERIENCE,UNABLE TO DETERMINE,,INCAPACITATING INJURY,6,9,41.995776977,-87.6602950531,2021,30,POINT (-87.6602950531 41.995776977),,,,,2021-09-09,True,76,Edgewater
6208,30,UNKNOWN,UNKNOWN,UNKNOWN,UNKNOWN,PEDALCYCLIST,NOT DIVIDED,STRAIGHT AND LEVEL,UNKNOWN,UNKNOWN,,UNABLE TO DETERMINE,NOT APPLICABLE,,NO INDICATION OF INJURY,6,9,41.9954942794,-87.6602863708,2021,30,POINT (-87.6602863708 41.9954942794),,,,,2021-09-09,False,76,Edgewater
6209,30,NO CONTROLS,NO CONTROLS,CLEAR,DAYLIGHT,PEDALCYCLIST,NOT DIVIDED,STRAIGHT AND LEVEL,DRY,UNKNOWN,Y,FAILING TO YIELD RIGHT-OF-WAY,FAILING TO REDUCE SPEED TO AVOID CRASH,Y,NONINCAPACITATING INJURY,6,9,41.7860001288,-87.5916203813,2021,30,POINT (-87.5916203813 41.7860001288),,,,,2021-09-09,False,40,Hyde Park
6210,30,NO CONTROLS,NO CONTROLS,CLEAR,DAYLIGHT,PEDALCYCLIST,NOT DIVIDED,STRAIGHT AND LEVEL,DRY,NO DEFECTS,,UNABLE TO DETERMINE,UNABLE TO DETERMINE,,NO INDICATION OF INJURY,7,9,41.9611852051,-87.6912501519,2021,30,POINT (-87.6912501519 41.9611852051),,,,,2021-09-09,False,4,North Center
6211,30,NO CONTROLS,NO CONTROLS,CLEAR,DAYLIGHT,PEDALCYCLIST,NOT DIVIDED,STRAIGHT AND LEVEL,DRY,NO DEFECTS,,UNABLE TO DETERMINE,UNABLE TO DETERMINE,Y,NONINCAPACITATING INJURY,9,9,41.8807077326,-87.6247819713,2021,30,POINT (-87.6247819713 41.8807077326),,,,,2021-09-09,False,31,Loop
6212,30,NO CONTROLS,NO CONTROLS,CLEAR,DAYLIGHT,PEDALCYCLIST,NOT DIVIDED,STRAIGHT AND LEVEL,DRY,NO DEFECTS,,FAILING TO YIELD RIGHT-OF-WAY,"OPERATING VEHICLE IN ERRATIC, RECKLESS, CARELESS, NEGLIGENT OR AGGRESSIVE MANNER",,NONINCAPACITATING INJURY,14,9,41.9238382683,-87.6672867499,2021,30,POINT (-87.6672867499 41.9238382683),,,,,2021-09-09,False,6,Lincoln Park
6213,35,PEDESTRIAN CROSSING SIGN,FUNCTIONING PROPERLY,CLEAR,DAYLIGHT,PEDALCYCLIST,NOT DIVIDED,STRAIGHT AND LEVEL,DRY,UNKNOWN,Y,UNABLE TO DETERMINE,UNABLE TO DETERMINE,,"REPORTED, NOT EVIDENT",15,9,41.876000307,-87.7451757401,2021,35,POINT (-87.7451757401 41.876000307),,,,,2021-09-09,False,24,Austin
6214,30,TRAFFIC SIGNAL,FUNCTIONING PROPERLY,CLEAR,"DARKNESS, LIGHTED ROAD",PEDALCYCLIST,DIVIDED - W/MEDIAN (NOT RAISED),STRAIGHT AND LEVEL,DRY,UNKNOWN,Y,OBSTRUCTED CROSSWALKS,OBSTRUCTED CROSSWALKS,,NO INDICATION OF INJURY,20,9,41.9039893357,-87.6328505847,2021,30,POINT (-87.6328505847 41.9039893357),,,,,2021-09-09,False,7,Near North Side
6215,30,NO CONTROLS,FUNCTIONING PROPERLY,CLEAR,"DARKNESS, LIGHTED ROAD",PEDALCYCLIST,NOT DIVIDED,STRAIGHT AND LEVEL,DRY,NO DEFECTS,Y,DISREGARDING STOP SIGN,NOT APPLICABLE,,NONINCAPACITATING INJURY,21,9,41.9379838372,-87.6639038546,2021,30,POINT (-87.6639038546 41.9379838372),,,,,2021-09-09,False,5,Lake View
6216,30,STOP SIGN/FLASHER,FUNCTIONING PROPERLY,CLEAR,DAYLIGHT,PEDALCYCLIST,NOT DIVIDED,STRAIGHT AND LEVEL,DRY,NO DEFECTS,,UNABLE TO DETERMINE,NOT APPLICABLE,,NO INDICATION OF INJURY,7,9,41.9082877575,-87.6968496034,2021,30,POINT (-87.6968496034 41.9082877575),,,,,2021-09-10,False,22,Humboldt Park
6217,35,TRAFFIC SIGNAL,FUNCTIONING PROPERLY,CLEAR,DAYLIGHT,PEDALCYCLIST,NOT DIVIDED,STRAIGHT AND LEVEL,DRY,NO DEFECTS,Y,UNABLE TO DETERMINE,UNABLE TO DETERMINE,,NO INDICATION OF INJURY,7,9,41.9971961475,-87.766632847,2021,35,POINT (-87.766632847 41.9971961475),,,,,2021-09-10,False,10,Jefferson Park
6218,15,STOP SIGN/FLASHER,FUNCTIONING PROPERLY,CLEAR,DAYLIGHT,PEDALCYCLIST,ALLEY,STRAIGHT AND LEVEL,DRY,NO DEFECTS,,FAILING TO YIELD RIGHT-OF-WAY,UNABLE TO DETERMINE,,NONINCAPACITATING INJURY,7,9,41.9903529459,-87.746964287,2021,15,POINT (-87.746964287 41.9903529459),,,,,2021-09-10,False,11,Forest Glen
6219,30,STOP SIGN/FLASHER,FUNCTIONING PROPERLY,CLEAR,DAYLIGHT,PEDALCYCLIST,T-INTERSECTION,STRAIGHT AND LEVEL,DRY,NO DEFECTS,,"VISION OBSCURED (SIGNS, TREE LIMBS, BUILDINGS, ETC.)",NOT APPLICABLE,,NONINCAPACITATING INJURY,8,9,41.8701578378,-87.7450021104,2021,30,POINT (-87.7450021104 41.8701578378),,,,,2021-09-10,False,24,Austin
6220,25,STOP SIGN/FLASHER,FUNCTIONING PROPERLY,CLEAR,DAYLIGHT,PEDALCYCLIST,DIVIDED - W/MEDIAN (NOT RAISED),STRAIGHT AND LEVEL,DRY,UNKNOWN,,FOLLOWING TOO CLOSELY,UNABLE TO DETERMINE,,NONINCAPACITATING INJURY,9,9,41.8008516369,-87.5965285172,2021,25,POINT (-87.5965285172 41.8008516369),,,,,2021-09-10,False,40,Hyde Park
6221,30,TRAFFIC SIGNAL,UNKNOWN,CLEAR,DAYLIGHT,PEDALCYCLIST,NOT DIVIDED,STRAIGHT AND LEVEL,UNKNOWN,UNKNOWN,,UNABLE TO DETERMINE,UNABLE TO DETERMINE,,NONINCAPACITATING INJURY,10,9,41.9687663388,-87.669343749,2021,30,POINT (-87.669343749 41.9687663388),,,,,2021-09-10,False,2,Uptown
6222,25,STOP SIGN/FLASHER,FUNCTIONING PROPERLY,CLEAR,DAYLIGHT,PEDALCYCLIST,FOUR WAY,STRAIGHT AND LEVEL,UNKNOWN,UNKNOWN,Y,UNABLE TO DETERMINE,NOT APPLICABLE,,NONINCAPACITATING INJURY,12,9,41.9958784771,-87.6996403534,2021,25,POINT (-87.6996403534 41.9958784771),,,,,2021-09-10,False,1,West Ridge
6223,30,STOP SIGN/FLASHER,NO CONTROLS,CLEAR,DAYLIGHT,PEDALCYCLIST,FOUR WAY,STRAIGHT AND LEVEL,DRY,NO DEFECTS,Y,FAILING TO YIELD RIGHT-OF-WAY,UNABLE TO DETERMINE,N,"REPORTED, NOT EVIDENT",15,9,41.8075598709,-87.7408551977,2021,30,POINT (-87.7408551977 41.8075598709),,,,,2021-09-10,False,55,Garfield Ridge
6224,30,TRAFFIC SIGNAL,FUNCTIONING PROPERLY,CLEAR,DAYLIGHT,PEDALCYCLIST,ONE-WAY,STRAIGHT AND LEVEL,DRY,NO DEFECTS,,UNABLE TO DETERMINE,UNABLE TO DETERMINE,,NONINCAPACITATING INJURY,17,9,41.9580583376,-87.6692341921,2021,30,POINT (-87.6692341921 41.9580583376),,,,,2021-09-10,False,2,Uptown
6225,30,NO CONTROLS,NO CONTROLS,CLEAR,DAYLIGHT,PEDALCYCLIST,DIVIDED - W/MEDIAN (NOT RAISED),STRAIGHT AND LEVEL,DRY,NO DEFECTS,,UNABLE TO DETERMINE,NOT APPLICABLE,,NONINCAPACITATING INJURY,18,9,41.9322266117,-87.7858778176,2021,30,POINT (-87.7858778176 41.9322266117),,,,,2021-09-10,False,18,Belmont Cragin
6226,30,TRAFFIC SIGNAL,FUNCTIONING PROPERLY,CLEAR,DAYLIGHT,PEDALCYCLIST,NOT DIVIDED,STRAIGHT AND LEVEL,DRY,NO DEFECTS,Y,DISREGARDING TRAFFIC SIGNALS,NOT APPLICABLE,,"REPORTED, NOT EVIDENT",19,9,41.8916732355,-87.6255185264,2021,30,POINT (-87.6255185264 41.8916732355),,,,,2021-09-10,False,7,Near North Side
6227,25,UNKNOWN,UNKNOWN,CLEAR,"DARKNESS, LIGHTED ROAD",PEDALCYCLIST,DIVIDED - W/MEDIAN (NOT RAISED),STRAIGHT AND LEVEL,DRY,NO DEFECTS,,IMPROPER LANE USAGE,IMPROPER LANE USAGE,,NO INDICATION OF INJURY,20,9,41.8926025135,-87.6268232664,2021,25,POINT (-87.6268232664 41.8926025135),,,,,2021-09-10,False,7,Near North Side
6228,30,NO CONTROLS,NO CONTROLS,CLEAR,"DARKNESS, LIGHTED ROAD",PEDALCYCLIST,T-INTERSECTION,STRAIGHT AND LEVEL,DRY,UNKNOWN,Y,DISREGARDING STOP SIGN,NOT APPLICABLE,,NO INDICATION OF INJURY,0,9,41.9092339029,-87.6435264084,2021,30,POINT (-87.6435264084 41.9092339029),,,,,2021-09-11,False,7,Near North Side
6229,30,TRAFFIC SIGNAL,FUNCTIONING PROPERLY,CLEAR,DAWN,PEDALCYCLIST,FOUR WAY,STRAIGHT AND LEVEL,DRY,NO DEFECTS,Y,UNABLE TO DETERMINE,UNABLE TO DETERMINE,,NONINCAPACITATING INJURY,5,9,41.9033188891,-87.6617787841,2021,30,POINT (-87.6617787841 41.9033188891),,,,,2021-09-11,False,23,West Town
6230,30,NO CONTROLS,NO CONTROLS,CLEAR,DAYLIGHT,PEDALCYCLIST,NOT DIVIDED,STRAIGHT AND LEVEL,DRY,NO DEFECTS,,UNABLE TO DETERMINE,NOT APPLICABLE,Y,NO INDICATION OF INJURY,11,9,41.859605662,-87.6468429711,2021,30,POINT (-87.6468429711 41.859605662),,,,,2021-09-11,False,27,Near West Side
6231,30,TRAFFIC SIGNAL,UNKNOWN,CLEAR,DAYLIGHT,PEDALCYCLIST,FOUR WAY,STRAIGHT AND LEVEL,DRY,NO DEFECTS,Y,DISREGARDING OTHER TRAFFIC SIGNS,DISREGARDING OTHER TRAFFIC SIGNS,,INCAPACITATING INJURY,12,9,41.8808056553,-87.6209349918,2021,30,POINT (-87.6209349918 41.8808056553),,,,,2021-09-11,True,31,Loop
6232,20,STOP SIGN/FLASHER,UNKNOWN,CLEAR,DAYLIGHT,PEDALCYCLIST,ONE-WAY,STRAIGHT AND LEVEL,UNKNOWN,UNKNOWN,,UNABLE TO DETERMINE,NOT APPLICABLE,,NO INDICATION OF INJURY,12,9,41.9999880148,-87.6710944899,2021,20,POINT (-87.6710944899 41.9999880148),,,,,2021-09-11,False,0,Rogers Park
6233,30,NO CONTROLS,NO CONTROLS,CLEAR,DAYLIGHT,PEDALCYCLIST,NOT DIVIDED,STRAIGHT AND LEVEL,DRY,NO DEFECTS,,UNABLE TO DETERMINE,UNABLE TO DETERMINE,,NO INDICATION OF INJURY,12,9,41.9171812534,-87.6483159511,2021,30,POINT (-87.6483159511 41.9171812534),,,,,2021-09-11,False,6,Lincoln Park
6234,30,STOP SIGN/FLASHER,OTHER,CLEAR,DAYLIGHT,PEDALCYCLIST,OTHER,STRAIGHT AND LEVEL,DRY,UNKNOWN,,FAILING TO YIELD RIGHT-OF-WAY,NOT APPLICABLE,,NO INDICATION OF INJURY,15,9,41.9329024665,-87.6363731652,2021,30,POINT (-87.6363731652 41.9329024665),,,,,2021-09-11,False,5,Lake View
6235,30,TRAFFIC SIGNAL,FUNCTIONING PROPERLY,CLEAR,DAYLIGHT,PEDALCYCLIST,Y-INTERSECTION,STRAIGHT AND LEVEL,DRY,NO DEFECTS,Y,FAILING TO YIELD RIGHT-OF-WAY,NOT APPLICABLE,,NONINCAPACITATING INJURY,16,9,41.8956424498,-87.6542629709,2021,30,POINT (-87.6542629709 41.8956424498),,,,,2021-09-11,False,7,Near North Side
6236,30,TRAFFIC SIGNAL,FUNCTIONING PROPERLY,CLEAR,"DARKNESS, LIGHTED ROAD",PEDALCYCLIST,FOUR WAY,STRAIGHT AND LEVEL,DRY,NO DEFECTS,Y,BICYCLE ADVANCING LEGALLY ON RED LIGHT,NOT APPLICABLE,Y,NO INDICATION OF INJURY,1,9,41.9546701051,-87.6497454019,2021,30,POINT (-87.6497454019 41.9546701051),,,,,2021-09-12,False,2,Uptown
6237,30,NO CONTROLS,NO CONTROLS,CLEAR,DAYLIGHT,PEDALCYCLIST,NOT DIVIDED,STRAIGHT AND LEVEL,DRY,NO DEFECTS,,UNABLE TO DETERMINE,NOT APPLICABLE,,NONINCAPACITATING INJURY,9,9,41.9082871628,-87.6775511216,2021,30,POINT (-87.6775511216 41.9082871628),,,,,2021-09-12,False,23,West Town
6238,25,NO CONTROLS,NO CONTROLS,CLEAR,DAYLIGHT,PEDALCYCLIST,ONE-WAY,STRAIGHT AND LEVEL,DRY,UNKNOWN,,UNABLE TO DETERMINE,UNABLE TO DETERMINE,,FATAL,10,9,41.8717657448,-87.7195613557,2021,25,POINT (-87.7195613557 41.8717657448),,,,,2021-09-12,True,26,Garfield Park
6239,35,NO CONTROLS,NO CONTROLS,CLEAR,DAYLIGHT,PEDALCYCLIST,DIVIDED - W/MEDIAN (NOT RAISED),STRAIGHT ON GRADE,DRY,NO DEFECTS,,DISTRACTION - FROM OUTSIDE VEHICLE,NOT APPLICABLE,,NO INDICATION OF INJURY,12,9,41.8126289892,-87.7063942041,2021,35,POINT (-87.7063942041 41.8126289892),,,,,2021-09-12,False,57,Brighton Park
6240,30,STOP SIGN/FLASHER,FUNCTIONING PROPERLY,CLEAR,DAYLIGHT,PEDALCYCLIST,NOT DIVIDED,STRAIGHT AND LEVEL,UNKNOWN,UNKNOWN,,IMPROPER OVERTAKING/PASSING,IMPROPER OVERTAKING/PASSING,,"REPORTED, NOT EVIDENT",15,9,41.9454116041,-87.6495750864,2021,30,POINT (-87.6495750864 41.9454116041),,,,,2021-09-12,False,5,Lake View