Unnamed: 0,POSTED_SPEED_LIMIT,TRAFFIC_CONTROL_DEVICE,DEVICE_CONDITION,WEATHER_CONDITION,LIGHTING_CONDITION,FIRST_CRASH_TYPE,TRAFFICWAY_TYPE,ALIGNMENT,ROADWAY_SURFACE_COND,ROAD_DEFECT,INTERSECTION_RELATED_I,PRIM_CONTRIBUTORY_CAUSE,SEC_CONTRIBUTORY_CAUSE,DOORING_I,MOST_SEVERE_INJURY,CRASH_HOUR,CRASH_MONTH,LATITUDE,LONGITUDE,CRASH_YEAR,SPEED_LIMIT,geometry,DISPLAYROU,the_geom,DIST,LANE_TYPE,CRASH_DATE,is_severe,index_right,CArea
6241,30,STOP SIGN/FLASHER,FUNCTIONING PROPERLY,CLEAR,DAYLIGHT,PEDALCYCLIST,TRAFFIC ROUTE,STRAIGHT AND LEVEL,DRY,NO DEFECTS,,IMPROPER LANE USAGE,FAILING TO REDUCE SPEED TO AVOID CRASH,,NO INDICATION OF INJURY,16,9,41.8965150836,-87.6479166312,2021,30,POINT (-87.6479166312 41.8965150836),,,,,2021-09-12,False,7,Near North Side
6242,25,NO CONTROLS,NO CONTROLS,CLEAR,DAYLIGHT,PEDALCYCLIST,NOT DIVIDED,STRAIGHT AND LEVEL,DRY,NO DEFECTS,,FAILING TO YIELD RIGHT-OF-WAY,UNABLE TO DETERMINE,,NONINCAPACITATING INJURY,18,9,42.0050970027,-87.6925730854,2021,25,POINT (-87.6925730854 42.0050970027),,,,,2021-09-12,False,1,West Ridge
6243,30,STOP SIGN/FLASHER,NO CONTROLS,CLEAR,"DARKNESS, LIGHTED ROAD",PEDALCYCLIST,DIVIDED - W/MEDIAN (NOT RAISED),STRAIGHT AND LEVEL,DRY,UNKNOWN,Y,UNABLE TO DETERMINE,UNABLE TO DETERMINE,,INCAPACITATING INJURY,19,9,41.9380486036,-87.8142268502,2021,30,POINT (-87.8142268502 41.9380486036),,,,,2021-09-12,True,16,Dunning
6244,30,NO CONTROLS,NO CONTROLS,CLEAR,"DARKNESS, LIGHTED ROAD",PEDALCYCLIST,NOT DIVIDED,STRAIGHT AND LEVEL,DRY,NO DEFECTS,,FAILING TO YIELD RIGHT-OF-WAY,UNABLE TO DETERMINE,,NONINCAPACITATING INJURY,22,9,41.8448648875,-87.6904137885,2021,30,POINT (-87.6904137885 41.8448648875),,,,,2021-09-12,False,29,South Lawndale
6245,30,NO CONTROLS,NO CONTROLS,CLEAR,"DARKNESS, LIGHTED ROAD",PEDALCYCLIST,NOT DIVIDED,STRAIGHT AND LEVEL,DRY,NO DEFECTS,,IMPROPER TURNING/NO SIGNAL,NOT APPLICABLE,,"REPORTED, NOT EVIDENT",23,9,41.9978651228,-87.6883531854,2021,30,POINT (-87.6883531854 41.9978651228),,,,,2021-09-12,False,1,West Ridge
6246,30,NO CONTROLS,NO CONTROLS,CLEAR,DAYLIGHT,PEDALCYCLIST,NOT DIVIDED,STRAIGHT AND LEVEL,DRY,UNKNOWN,,FAILING TO YIELD RIGHT-OF-WAY,FAILING TO REDUCE SPEED TO AVOID CRASH,,NONINCAPACITATING INJURY,9,9,41.9109156004,-87.7387193298,2021,30,POINT (-87.7387193298 41.9109156004),,,,,2021-09-13,False,22,Humboldt Park
6247,20,NO CONTROLS,NO CONTROLS,CLEAR,DAYLIGHT,PEDALCYCLIST,ROUNDABOUT,STRAIGHT AND LEVEL,DRY,UNKNOWN,,UNABLE TO DETERMINE,UNABLE TO DETERMINE,,NO INDICATION OF INJURY,15,9,41.9294519459,-87.7724074724,2021,20,POINT (-87.7724074724 41.9294519459),,,,,2021-09-13,False,18,Belmont Cragin
6248,35,NO CONTROLS,NO CONTROLS,CLEAR,"DARKNESS, LIGHTED ROAD",PEDALCYCLIST,NOT DIVIDED,STRAIGHT AND LEVEL,DRY,NO DEFECTS,,PHYSICAL CONDITION OF DRIVER,UNABLE TO DETERMINE,Y,NO INDICATION OF INJURY,3,9,41.9101388288,-87.6939299082,2021,35,POINT (-87.6939299082 41.9101388288),,,,,2021-09-14,False,22,Humboldt Park
6249,30,NO CONTROLS,NO CONTROLS,CLEAR,DAYLIGHT,PEDALCYCLIST,ONE-WAY,STRAIGHT AND LEVEL,DRY,NO DEFECTS,,"VISION OBSCURED (SIGNS, TREE LIMBS, BUILDINGS, ETC.)",UNABLE TO DETERMINE,,NONINCAPACITATING INJURY,6,9,41.8813245789,-87.6339571977,2021,30,POINT (-87.6339571977 41.8813245789),,,,,2021-09-14,False,31,Loop
6250,30,TRAFFIC SIGNAL,FUNCTIONING PROPERLY,CLEAR,DAYLIGHT,PEDALCYCLIST,DIVIDED - W/MEDIAN (NOT RAISED),STRAIGHT AND LEVEL,DRY,NO DEFECTS,Y,IMPROPER OVERTAKING/PASSING,IMPROPER LANE USAGE,,NONINCAPACITATING INJURY,7,9,41.8527551845,-87.6465798588,2021,30,POINT (-87.6465798588 41.8527551845),,,,,2021-09-14,False,30,Lower West Side
6251,30,PEDESTRIAN CROSSING SIGN,FUNCTIONING PROPERLY,CLEAR,DAYLIGHT,PEDALCYCLIST,NOT DIVIDED,STRAIGHT AND LEVEL,UNKNOWN,UNKNOWN,Y,IMPROPER OVERTAKING/PASSING,UNABLE TO DETERMINE,,NO INDICATION OF INJURY,16,9,41.9471561878,-87.6653769234,2021,30,POINT (-87.6653769234 41.9471561878),,,,,2021-09-14,False,5,Lake View
6252,30,STOP SIGN/FLASHER,FUNCTIONING PROPERLY,CLEAR,DAYLIGHT,PEDALCYCLIST,FOUR WAY,STRAIGHT AND LEVEL,DRY,NO DEFECTS,Y,FAILING TO YIELD RIGHT-OF-WAY,FOLLOWING TOO CLOSELY,,NO INDICATION OF INJURY,17,9,41.9122246518,-87.7020767181,2021,30,POINT (-87.7020767181 41.9122246518),,,,,2021-09-14,False,22,Humboldt Park
6253,30,NO CONTROLS,NO CONTROLS,CLEAR,DAYLIGHT,PEDALCYCLIST,DIVIDED - W/MEDIAN (NOT RAISED),STRAIGHT AND LEVEL,DRY,NO DEFECTS,,UNABLE TO DETERMINE,NOT APPLICABLE,Y,NONINCAPACITATING INJURY,17,9,41.8006193315,-87.7311427028,2021,30,POINT (-87.7311427028 41.8006193315),,,,,2021-09-14,False,56,Archer Heights
6254,30,TRAFFIC SIGNAL,FUNCTIONING PROPERLY,CLEAR,DAYLIGHT,PEDALCYCLIST,RAMP,STRAIGHT AND LEVEL,DRY,NO DEFECTS,,FAILING TO REDUCE SPEED TO AVOID CRASH,NOT APPLICABLE,Y,NONINCAPACITATING INJURY,7,9,41.8751309789,-87.6765109831,2021,30,POINT (-87.6765109831 41.8751309789),,,,,2021-09-15,False,27,Near West Side
6255,30,NO CONTROLS,NO CONTROLS,CLEAR,DAYLIGHT,PEDALCYCLIST,NOT DIVIDED,STRAIGHT AND LEVEL,DRY,NO DEFECTS,,FAILING TO YIELD RIGHT-OF-WAY,IMPROPER TURNING/NO SIGNAL,,NONINCAPACITATING INJURY,8,9,41.8743042412,-87.6388200007,2021,30,POINT (-87.6388200007 41.8743042412),,,,,2021-09-15,False,27,Near West Side
6256,30,NO CONTROLS,NO CONTROLS,CLEAR,DAYLIGHT,PEDALCYCLIST,NOT DIVIDED,STRAIGHT AND LEVEL,DRY,NO DEFECTS,,NOT APPLICABLE,NOT APPLICABLE,,NONINCAPACITATING INJURY,10,9,41.8309499739,-87.6217007506,2021,30,POINT (-87.6217007506 41.8309499739),,,,,2021-09-15,False,34,Douglas
6257,30,NO CONTROLS,NO CONTROLS,CLEAR,DAYLIGHT,PEDALCYCLIST,OTHER,STRAIGHT AND LEVEL,DRY,NO DEFECTS,,UNABLE TO DETERMINE,NOT APPLICABLE,,"REPORTED, NOT EVIDENT",15,9,41.9308339152,-87.7891337875,2021,30,POINT (-87.7891337875 41.9308339152),,,,,2021-09-15,False,18,Belmont Cragin
6258,30,NO CONTROLS,NO CONTROLS,CLEAR,"DARKNESS, LIGHTED ROAD",PEDALCYCLIST,NOT DIVIDED,STRAIGHT AND LEVEL,UNKNOWN,UNKNOWN,,UNABLE TO DETERMINE,UNABLE TO DETERMINE,,NO INDICATION OF INJURY,21,9,41.9157630748,-87.6993115417,2021,30,POINT (-87.6993115417 41.9157630748),,,,,2021-09-15,False,21,Logan Square
6259,30,TRAFFIC SIGNAL,FUNCTIONING PROPERLY,CLEAR,DAYLIGHT,PEDALCYCLIST,FOUR WAY,STRAIGHT AND LEVEL,DRY,NO DEFECTS,Y,DISREGARDING TRAFFIC SIGNALS,UNABLE TO DETERMINE,N,NO INDICATION OF INJURY,8,9,41.7803174705,-87.6060745584,2021,30,POINT (-87.6060745584 41.7803174705),,,,,2021-09-16,False,39,Washington Park
6260,30,TRAFFIC SIGNAL,FUNCTIONING PROPERLY,CLEAR,DAYLIGHT,PEDALCYCLIST,DIVIDED - W/MEDIAN (NOT RAISED),STRAIGHT AND LEVEL,DRY,UNKNOWN,Y,FAILING TO YIELD RIGHT-OF-WAY,DRIVING SKILLS/KNOWLEDGE/EXPERIENCE,,NONINCAPACITATING INJURY,15,9,41.8893187111,-87.6281526679,2021,30,POINT (-87.6281526679 41.8893187111),,,,,2021-09-16,False,7,Near North Side
6261,30,NO CONTROLS,NO CONTROLS,CLEAR,DAYLIGHT,PEDALCYCLIST,NOT DIVIDED,STRAIGHT AND LEVEL,DRY,NO DEFECTS,,FOLLOWING TOO CLOSELY,FAILING TO REDUCE SPEED TO AVOID CRASH,,NONINCAPACITATING INJURY,15,9,41.7533312648,-87.5761706351,2021,30,POINT (-87.5761706351 41.7533312648),,,,,2021-09-16,False,42,South Shore
6262,30,NO CONTROLS,NO CONTROLS,CLEAR,DAYLIGHT,PEDALCYCLIST,NOT DIVIDED,STRAIGHT AND LEVEL,DRY,NO DEFECTS,,FAILING TO YIELD RIGHT-OF-WAY,NOT APPLICABLE,,INCAPACITATING INJURY,16,9,41.7786395043,-87.7226130871,2021,30,POINT (-87.7226130871 41.7786395043),,,,,2021-09-16,True,64,West Lawn
6263,30,TRAFFIC SIGNAL,FUNCTIONING PROPERLY,CLEAR,DAYLIGHT,PEDALCYCLIST,NOT DIVIDED,STRAIGHT AND LEVEL,DRY,NO DEFECTS,Y,FAILING TO YIELD RIGHT-OF-WAY,DRIVING SKILLS/KNOWLEDGE/EXPERIENCE,,NONINCAPACITATING INJURY,17,9,41.8805173965,-87.6521270709,2021,30,POINT (-87.6521270709 41.8805173965),,,,,2021-09-16,False,27,Near West Side
6264,30,NO CONTROLS,NO CONTROLS,CLEAR,DAYLIGHT,PEDALCYCLIST,NOT DIVIDED,STRAIGHT AND LEVEL,DRY,NO DEFECTS,,UNABLE TO DETERMINE,NOT APPLICABLE,Y,NONINCAPACITATING INJURY,17,9,41.9038547289,-87.6670362806,2021,30,POINT (-87.6670362806 41.9038547289),,,,,2021-09-16,False,23,West Town
6265,30,TRAFFIC SIGNAL,FUNCTIONING PROPERLY,CLEAR,DAYLIGHT,PEDALCYCLIST,T-INTERSECTION,STRAIGHT AND LEVEL,DRY,NO DEFECTS,,UNABLE TO DETERMINE,NOT APPLICABLE,,NONINCAPACITATING INJURY,17,9,41.9037560968,-87.6375912565,2021,30,POINT (-87.6375912565 41.9037560968),,,,,2021-09-16,False,7,Near North Side
6266,30,TRAFFIC SIGNAL,FUNCTIONING PROPERLY,CLEAR,"DARKNESS, LIGHTED ROAD",PEDALCYCLIST,FOUR WAY,STRAIGHT AND LEVEL,DRY,NO DEFECTS,Y,DISREGARDING TRAFFIC SIGNALS,NOT APPLICABLE,,"REPORTED, NOT EVIDENT",21,9,41.9242650311,-87.7486185202,2021,30,POINT (-87.7486185202 41.9242650311),,,,,2021-09-16,False,18,Belmont Cragin
6267,35,TRAFFIC SIGNAL,FUNCTIONING PROPERLY,CLEAR,"DARKNESS, LIGHTED ROAD",PEDALCYCLIST,FOUR WAY,STRAIGHT AND LEVEL,DRY,NO DEFECTS,,DISREGARDING TRAFFIC SIGNALS,NOT APPLICABLE,,NONINCAPACITATING INJURY,21,9,41.9102242986,-87.7070365056,2021,35,POINT (-87.7070365056 41.9102242986),,,,,2021-09-16,False,22,Humboldt Park
6268,35,TRAFFIC SIGNAL,FUNCTIONING PROPERLY,CLEAR,DAYLIGHT,PEDALCYCLIST,DIVIDED - W/MEDIAN (NOT RAISED),STRAIGHT AND LEVEL,DRY,NO DEFECTS,Y,"VISION OBSCURED (SIGNS, TREE LIMBS, BUILDINGS, ETC.)","VISION OBSCURED (SIGNS, TREE LIMBS, BUILDINGS, ETC.)",,NONINCAPACITATING INJURY,7,9,41.91682247,-87.7461730914,2021,35,POINT (-87.7461730914 41.91682247),,,,,2021-09-17,False,18,Belmont Cragin
6269,30,NO CONTROLS,NO CONTROLS,CLEAR,DAYLIGHT,PEDALCYCLIST,DIVIDED - W/MEDIAN (NOT RAISED),STRAIGHT AND LEVEL,DRY,NO DEFECTS,,FAILING TO YIELD RIGHT-OF-WAY,NOT APPLICABLE,Y,NONINCAPACITATING INJURY,8,9,42.0138632556,-87.6834762873,2021,30,POINT (-87.6834762873 42.0138632556),,,,,2021-09-17,False,0,Rogers Park
6270,30,TRAFFIC SIGNAL,FUNCTIONING PROPERLY,CLEAR,DAYLIGHT,PEDALCYCLIST,NOT DIVIDED,STRAIGHT AND LEVEL,DRY,NO DEFECTS,,UNABLE TO DETERMINE,NOT APPLICABLE,,NO INDICATION OF INJURY,9,9,41.8579882639,-87.6238946604,2021,30,POINT (-87.6238946604 41.8579882639),,,,,2021-09-17,False,32,Near South Side
6271,30,NO CONTROLS,NO CONTROLS,CLEAR,DAYLIGHT,PEDALCYCLIST,DIVIDED - W/MEDIAN (NOT RAISED),STRAIGHT AND LEVEL,DRY,NO DEFECTS,,UNABLE TO DETERMINE,UNABLE TO DETERMINE,,NONINCAPACITATING INJURY,11,9,41.9314210485,-87.7467918439,2021,30,POINT (-87.7467918439 41.9314210485),,,,,2021-09-17,False,18,Belmont Cragin
6272,30,NO CONTROLS,NO CONTROLS,CLEAR,DAYLIGHT,PEDALCYCLIST,ONE-WAY,STRAIGHT AND LEVEL,DRY,NO DEFECTS,,UNABLE TO DETERMINE,UNABLE TO DETERMINE,,NONINCAPACITATING INJURY,12,9,41.8822156979,-87.6295562536,2021,30,POINT (-87.6295562536 41.8822156979),,,,,2021-09-17,False,31,Loop
6273,30,TRAFFIC SIGNAL,FUNCTIONING PROPERLY,CLEAR,DAYLIGHT,PEDALCYCLIST,T-INTERSECTION,STRAIGHT AND LEVEL,DRY,NO DEFECTS,Y,DISREGARDING TRAFFIC SIGNALS,UNABLE TO DETERMINE,,NO INDICATION OF INJURY,12,9,41.8900528233,-87.6370654157,2021,30,POINT (-87.6370654157 41.8900528233),,,,,2021-09-17,False,7,Near North Side
6274,30,NO CONTROLS,NO CONTROLS,CLEAR,DAYLIGHT,PEDALCYCLIST,NOT DIVIDED,STRAIGHT AND LEVEL,DRY,NO DEFECTS,,UNABLE TO DETERMINE,UNABLE TO DETERMINE,,NONINCAPACITATING INJURY,14,9,41.8954956564,-87.7242531054,2021,30,POINT (-87.7242531054 41.8954956564),,,,,2021-09-17,False,22,Humboldt Park
6275,30,TRAFFIC SIGNAL,FUNCTIONING PROPERLY,CLEAR,DAYLIGHT,PEDALCYCLIST,T-INTERSECTION,STRAIGHT AND LEVEL,DRY,NO DEFECTS,,DISREGARDING TRAFFIC SIGNALS,NOT APPLICABLE,N,NONINCAPACITATING INJURY,14,9,41.7181551593,-87.6141948813,2021,30,POINT (-87.6141948813 41.7181551593),,,,,2021-09-17,False,48,Roseland
6276,15,NO CONTROLS,NO CONTROLS,CLEAR,DAYLIGHT,PEDALCYCLIST,ONE-WAY,STRAIGHT AND LEVEL,DRY,NO DEFECTS,,FAILING TO REDUCE SPEED TO AVOID CRASH,NOT APPLICABLE,,NO INDICATION OF INJURY,15,9,41.7895638124,-87.5914061268,2021,15,POINT (-87.5914061268 41.7895638124),,,,,2021-09-17,False,40,Hyde Park
6277,30,UNKNOWN,FUNCTIONING PROPERLY,CLEAR,DAYLIGHT,PEDALCYCLIST,NOT DIVIDED,STRAIGHT AND LEVEL,DRY,NO DEFECTS,,UNABLE TO DETERMINE,UNABLE TO DETERMINE,,"REPORTED, NOT EVIDENT",16,9,41.8577437509,-87.6320390628,2021,30,POINT (-87.6320390628 41.8577437509),,,,,2021-09-17,False,32,Near South Side
6278,35,TRAFFIC SIGNAL,FUNCTIONING PROPERLY,CLEAR,DAWN,PEDALCYCLIST,NOT DIVIDED,STRAIGHT AND LEVEL,DRY,NO DEFECTS,,UNABLE TO DETERMINE,NOT APPLICABLE,,NONINCAPACITATING INJURY,16,9,41.7417984971,-87.7410287384,2021,35,POINT (-87.7410287384 41.7417984971),,,,,2021-09-17,False,69,Ashburn
6279,30,NO CONTROLS,NO CONTROLS,CLEAR,"DARKNESS, LIGHTED ROAD",PEDALCYCLIST,NOT DIVIDED,STRAIGHT AND LEVEL,DRY,NO DEFECTS,Y,UNABLE TO DETERMINE,UNABLE TO DETERMINE,,NO INDICATION OF INJURY,19,9,41.9535563716,-87.7452131333,2021,30,POINT (-87.7452131333 41.9535563716),,,,,2021-09-17,False,14,Portage Park
6280,30,TRAFFIC SIGNAL,FUNCTIONING PROPERLY,RAIN,"DARKNESS, LIGHTED ROAD",PEDALCYCLIST,NOT DIVIDED,STRAIGHT AND LEVEL,WET,NO DEFECTS,,FOLLOWING TOO CLOSELY,FAILING TO REDUCE SPEED TO AVOID CRASH,,NO INDICATION OF INJURY,19,9,41.9758407744,-87.7100383491,2021,30,POINT (-87.7100383491 41.9758407744),,,,,2021-09-17,False,12,North Park
6281,35,NO CONTROLS,NO CONTROLS,RAIN,"DARKNESS, LIGHTED ROAD",PEDALCYCLIST,DIVIDED - W/MEDIAN (NOT RAISED),STRAIGHT AND LEVEL,WET,NO DEFECTS,,IMPROPER LANE USAGE,UNABLE TO DETERMINE,,NONINCAPACITATING INJURY,19,9,41.9171965502,-87.6354894335,2021,35,POINT (-87.6354894335 41.9171965502),,,,,2021-09-17,False,6,Lincoln Park
6282,30,NO CONTROLS,NO CONTROLS,CLEAR,DAYLIGHT,PEDALCYCLIST,NOT DIVIDED,STRAIGHT AND LEVEL,DRY,UNKNOWN,,FAILING TO YIELD RIGHT-OF-WAY,IMPROPER LANE USAGE,,NO INDICATION OF INJURY,12,9,41.8948079027,-87.6358099102,2021,30,POINT (-87.6358099102 41.8948079027),,,,,2021-09-18,False,7,Near North Side
6283,30,TRAFFIC SIGNAL,FUNCTIONING PROPERLY,CLEAR,DUSK,PEDALCYCLIST,NOT REPORTED,STRAIGHT AND LEVEL,DRY,NO DEFECTS,Y,DISREGARDING TRAFFIC SIGNALS,NOT APPLICABLE,,NONINCAPACITATING INJURY,18,9,41.8861404114,-87.7357597022,2021,30,POINT (-87.7357597022 41.8861404114),,,,,2021-09-18,False,25,Garfield Park
6284,30,NO CONTROLS,NO CONTROLS,CLEAR,DUSK,PEDALCYCLIST,NOT DIVIDED,STRAIGHT AND LEVEL,DRY,UNKNOWN,,UNABLE TO DETERMINE,UNABLE TO DETERMINE,,NO INDICATION OF INJURY,19,9,41.9902210819,-87.6604200435,2021,30,POINT (-87.6604200435 41.9902210819),,,,,2021-09-18,False,76,Edgewater
6285,30,NO CONTROLS,NO CONTROLS,CLEAR,"DARKNESS, LIGHTED ROAD",PEDALCYCLIST,NOT DIVIDED,STRAIGHT AND LEVEL,DRY,NO DEFECTS,,UNABLE TO DETERMINE,NOT APPLICABLE,Y,"REPORTED, NOT EVIDENT",20,9,41.8965914415,-87.6264671106,2021,30,POINT (-87.6264671106 41.8965914415),,,,,2021-09-18,False,7,Near North Side
6286,25,NO CONTROLS,NO CONTROLS,CLEAR,"DARKNESS, LIGHTED ROAD",PEDALCYCLIST,NOT DIVIDED,STRAIGHT AND LEVEL,DRY,NO DEFECTS,,DISTRACTION - FROM OUTSIDE VEHICLE,NOT APPLICABLE,Y,NONINCAPACITATING INJURY,21,9,41.9823378225,-87.6683789431,2021,25,POINT (-87.6683789431 41.9823378225),,,,,2021-09-18,False,76,Edgewater
6287,30,NO CONTROLS,NO CONTROLS,CLEAR,"DARKNESS, LIGHTED ROAD",PEDALCYCLIST,NOT DIVIDED,STRAIGHT AND LEVEL,DRY,NO DEFECTS,,UNABLE TO DETERMINE,UNABLE TO DETERMINE,,NONINCAPACITATING INJURY,21,9,41.9090856792,-87.6344982736,2021,30,POINT (-87.6344982736 41.9090856792),,,,,2021-09-18,False,7,Near North Side
6288,30,NO CONTROLS,NO CONTROLS,CLEAR,DAYLIGHT,PEDALCYCLIST,NOT DIVIDED,STRAIGHT AND LEVEL,DRY,NO DEFECTS,,FAILING TO YIELD RIGHT-OF-WAY,UNABLE TO DETERMINE,Y,INCAPACITATING INJURY,14,9,41.9291728439,-87.6424444407,2021,30,POINT (-87.6424444407 41.9291728439),,,,,2021-09-19,True,6,Lincoln Park
6289,15,STOP SIGN/FLASHER,FUNCTIONING PROPERLY,CLEAR,DAYLIGHT,PEDALCYCLIST,NOT DIVIDED,STRAIGHT AND LEVEL,DRY,NO DEFECTS,,FAILING TO YIELD RIGHT-OF-WAY,NOT APPLICABLE,,NO INDICATION OF INJURY,17,9,41.939731816,-87.6373317452,2021,15,POINT (-87.6373317452 41.939731816),,,,,2021-09-19,False,5,Lake View
6290,30,TRAFFIC SIGNAL,FUNCTIONING PROPERLY,CLEAR,DAYLIGHT,PEDALCYCLIST,ONE-WAY,STRAIGHT AND LEVEL,DRY,NO DEFECTS,Y,UNABLE TO DETERMINE,UNABLE TO DETERMINE,,NO INDICATION OF INJURY,18,9,41.8852537981,-87.6308156141,2021,30,POINT (-87.6308156141 41.8852537981),,,,,2021-09-19,False,31,Loop
6291,30,STOP SIGN/FLASHER,FUNCTIONING PROPERLY,CLOUDY/OVERCAST,DAYLIGHT,PEDALCYCLIST,ONE-WAY,STRAIGHT AND LEVEL,DRY,NO DEFECTS,,DISREGARDING STOP SIGN,UNABLE TO DETERMINE,,NONINCAPACITATING INJURY,10,9,41.8110070469,-87.6230291092,2021,30,POINT (-87.6230291092 41.8110070469),,,,,2021-09-20,False,37,Grand Boulevard
6292,30,TRAFFIC SIGNAL,UNKNOWN,UNKNOWN,UNKNOWN,PEDALCYCLIST,T-INTERSECTION,STRAIGHT AND LEVEL,UNKNOWN,UNKNOWN,Y,UNABLE TO DETERMINE,UNABLE TO DETERMINE,,NO INDICATION OF INJURY,13,9,41.8724865918,-87.6273989196,2021,30,POINT (-87.6273989196 41.8724865918),,,,,2021-09-20,False,31,Loop
6293,30,NO CONTROLS,NO CONTROLS,CLEAR,DAYLIGHT,PEDALCYCLIST,DIVIDED - W/MEDIAN (NOT RAISED),STRAIGHT AND LEVEL,DRY,UNKNOWN,,FAILING TO YIELD RIGHT-OF-WAY,NOT APPLICABLE,,NONINCAPACITATING INJURY,16,9,41.8914193106,-87.6382213293,2021,30,POINT (-87.6382213293 41.8914193106),,,,,2021-09-20,False,7,Near North Side
6294,35,TRAFFIC SIGNAL,FUNCTIONING PROPERLY,CLEAR,DAYLIGHT,PEDALCYCLIST,DIVIDED - W/MEDIAN (NOT RAISED),STRAIGHT AND LEVEL,DRY,UNKNOWN,Y,UNABLE TO DETERMINE,UNABLE TO DETERMINE,,NO INDICATION OF INJURY,17,9,41.9352818801,-87.7468919979,2021,35,POINT (-87.7468919979 41.9352818801),,,,,2021-09-20,False,18,Belmont Cragin
6295,30,STOP SIGN/FLASHER,OTHER,RAIN,DAYLIGHT,PEDALCYCLIST,T-INTERSECTION,STRAIGHT AND LEVEL,WET,UNKNOWN,,FAILING TO YIELD RIGHT-OF-WAY,NOT APPLICABLE,,NO INDICATION OF INJURY,8,9,41.8197054294,-87.6023663588,2021,30,POINT (-87.6023663588 41.8197054294),,,,,2021-09-21,False,35,Oakland
6296,30,NO CONTROLS,NO CONTROLS,CLEAR,DAYLIGHT,PEDALCYCLIST,NOT DIVIDED,STRAIGHT AND LEVEL,DRY,NO DEFECTS,,UNABLE TO DETERMINE,UNABLE TO DETERMINE,Y,NO INDICATION OF INJURY,17,9,41.9101297869,-87.6348252838,2021,30,POINT (-87.6348252838 41.9101297869),,,,,2021-09-21,False,7,Near North Side
6297,30,TRAFFIC SIGNAL,FUNCTIONING PROPERLY,CLOUDY/OVERCAST,DAYLIGHT,PEDALCYCLIST,DIVIDED - W/MEDIAN BARRIER,STRAIGHT AND LEVEL,DRY,NO DEFECTS,,BICYCLE ADVANCING LEGALLY ON RED LIGHT,NOT APPLICABLE,,NONINCAPACITATING INJURY,17,9,41.8783448704,-87.6244536401,2021,30,POINT (-87.6244536401 41.8783448704),,,,,2021-09-21,False,31,Loop
6298,30,TRAFFIC SIGNAL,FUNCTIONING PROPERLY,CLEAR,DUSK,PEDALCYCLIST,CENTER TURN LANE,STRAIGHT AND LEVEL,DRY,NO DEFECTS,Y,FAILING TO YIELD RIGHT-OF-WAY,UNABLE TO DETERMINE,,NO INDICATION OF INJURY,17,9,41.9378891298,-87.8064976187,2021,30,POINT (-87.8064976187 41.9378891298),,,,,2021-09-21,False,16,Dunning
6299,30,NO CONTROLS,FUNCTIONING PROPERLY,CLEAR,DUSK,PEDALCYCLIST,NOT DIVIDED,STRAIGHT AND LEVEL,DRY,NO DEFECTS,,DISTRACTION - FROM INSIDE VEHICLE,UNABLE TO DETERMINE,Y,NONINCAPACITATING INJURY,18,9,41.9653106272,-87.6557812178,2021,30,POINT (-87.6557812178 41.9653106272),,,,,2021-09-21,False,2,Uptown
6300,30,NO CONTROLS,NO CONTROLS,RAIN,"DARKNESS, LIGHTED ROAD",PEDALCYCLIST,Y-INTERSECTION,STRAIGHT AND LEVEL,WET,UNKNOWN,Y,UNABLE TO DETERMINE,UNABLE TO DETERMINE,,NONINCAPACITATING INJURY,5,9,41.9740944511,-87.7661488432,2021,30,POINT (-87.7661488432 41.9740944511),,,,,2021-09-22,False,10,Jefferson Park
6301,30,TRAFFIC SIGNAL,FUNCTIONING PROPERLY,CLEAR,DAYLIGHT,PEDALCYCLIST,NOT DIVIDED,STRAIGHT AND LEVEL,DRY,NO DEFECTS,,FAILING TO YIELD RIGHT-OF-WAY,DISREGARDING TRAFFIC SIGNALS,,NO INDICATION OF INJURY,15,9,41.8694482766,-87.6617060455,2021,30,POINT (-87.6617060455 41.8694482766),,,,,2021-09-22,False,27,Near West Side
6302,30,TRAFFIC SIGNAL,FUNCTIONING PROPERLY,CLEAR,DAYLIGHT,PEDALCYCLIST,NOT DIVIDED,STRAIGHT AND LEVEL,DRY,NO DEFECTS,,UNABLE TO DETERMINE,NOT APPLICABLE,,NO INDICATION OF INJURY,16,9,41.7805563247,-87.6012164185,2021,30,POINT (-87.6012164185 41.7805563247),,,,,2021-09-22,False,41,Woodlawn
6303,30,NO CONTROLS,NO CONTROLS,CLOUDY/OVERCAST,DAYLIGHT,PEDALCYCLIST,NOT DIVIDED,STRAIGHT AND LEVEL,DRY,NO DEFECTS,,UNABLE TO DETERMINE,NOT APPLICABLE,Y,NONINCAPACITATING INJURY,17,9,41.8543039146,-87.6647898147,2021,30,POINT (-87.6647898147 41.8543039146),,,,,2021-09-22,False,30,Lower West Side
6304,30,NO CONTROLS,NO CONTROLS,CLEAR,DAYLIGHT,PEDALCYCLIST,NOT DIVIDED,STRAIGHT AND LEVEL,DRY,NO DEFECTS,,UNABLE TO DETERMINE,UNABLE TO DETERMINE,Y,NONINCAPACITATING INJURY,17,9,41.8540880499,-87.6644719698,2021,30,POINT (-87.6644719698 41.8540880499),,,,,2021-09-22,False,30,Lower West Side