Unnamed: 0,POSTED_SPEED_LIMIT,TRAFFIC_CONTROL_DEVICE,DEVICE_CONDITION,WEATHER_CONDITION,LIGHTING_CONDITION,FIRST_CRASH_TYPE,TRAFFICWAY_TYPE,ALIGNMENT,ROADWAY_SURFACE_COND,ROAD_DEFECT,INTERSECTION_RELATED_I,PRIM_CONTRIBUTORY_CAUSE,SEC_CONTRIBUTORY_CAUSE,DOORING_I,MOST_SEVERE_INJURY,CRASH_HOUR,CRASH_MONTH,LATITUDE,LONGITUDE,CRASH_YEAR,SPEED_LIMIT,geometry,DISPLAYROU,the_geom,DIST,LANE_TYPE,CRASH_DATE,is_severe,index_right,CArea
6305,30,UNKNOWN,UNKNOWN,CLEAR,DAYLIGHT,PEDALCYCLIST,NOT DIVIDED,STRAIGHT AND LEVEL,UNKNOWN,UNKNOWN,,IMPROPER OVERTAKING/PASSING,IMPROPER OVERTAKING/PASSING,,INCAPACITATING INJURY,18,9,41.9314075167,-87.6441551508,2021,30,POINT (-87.6441551508 41.9314075167),,,,,2021-09-22,True,6,Lincoln Park
6306,30,TRAFFIC SIGNAL,FUNCTIONING PROPERLY,CLEAR,"DARKNESS, LIGHTED ROAD",PEDALCYCLIST,FOUR WAY,STRAIGHT AND LEVEL,DRY,UNKNOWN,Y,UNABLE TO DETERMINE,UNABLE TO DETERMINE,,NONINCAPACITATING INJURY,19,9,41.903825234,-87.64328636,2021,30,POINT (-87.64328636 41.903825234),,,,,2021-09-22,False,7,Near North Side
6307,35,NO CONTROLS,NO CONTROLS,CLEAR,DAYLIGHT,PEDALCYCLIST,NOT DIVIDED,STRAIGHT AND LEVEL,DRY,NO DEFECTS,,UNABLE TO DETERMINE,NOT APPLICABLE,,NONINCAPACITATING INJURY,9,9,41.9465170878,-87.7083818909,2021,35,POINT (-87.7083818909 41.9465170878),,,,,2021-09-23,False,15,Irving Park
6308,30,NO CONTROLS,NO CONTROLS,CLEAR,DAYLIGHT,PEDALCYCLIST,NOT DIVIDED,STRAIGHT AND LEVEL,DRY,UNKNOWN,,UNABLE TO DETERMINE,UNABLE TO DETERMINE,N,NONINCAPACITATING INJURY,13,9,41.9263521501,-87.6489397734,2021,30,POINT (-87.6489397734 41.9263521501),,,,,2021-09-23,False,6,Lincoln Park
6309,30,TRAFFIC SIGNAL,UNKNOWN,CLEAR,DAYLIGHT,PEDALCYCLIST,NOT DIVIDED,STRAIGHT AND LEVEL,DRY,OTHER,,IMPROPER LANE USAGE,IMPROPER LANE USAGE,,NO INDICATION OF INJURY,16,9,41.7140634081,-87.6634317968,2021,30,POINT (-87.6634317968 41.7140634081),,,,,2021-09-23,False,71,Beverly
6310,30,TRAFFIC SIGNAL,FUNCTIONING PROPERLY,CLEAR,DAYLIGHT,PEDALCYCLIST,FOUR WAY,STRAIGHT AND LEVEL,DRY,NO DEFECTS,Y,UNABLE TO DETERMINE,NOT APPLICABLE,,NONINCAPACITATING INJURY,17,9,41.8916522144,-87.6226038141,2021,30,POINT (-87.6226038141 41.8916522144),,,,,2021-09-23,False,7,Near North Side
6311,30,STOP SIGN/FLASHER,NO CONTROLS,CLEAR,DUSK,PEDALCYCLIST,NOT DIVIDED,STRAIGHT AND LEVEL,DRY,NO DEFECTS,Y,DISREGARDING STOP SIGN,FAILING TO YIELD RIGHT-OF-WAY,,NO INDICATION OF INJURY,18,9,42.0054044078,-87.6758097117,2021,30,POINT (-87.6758097117 42.0054044078),,,,,2021-09-23,False,0,Rogers Park
6312,25,TRAFFIC SIGNAL,FUNCTIONING PROPERLY,CLEAR,"DARKNESS, LIGHTED ROAD",PEDALCYCLIST,NOT DIVIDED,STRAIGHT AND LEVEL,DRY,NO DEFECTS,Y,DRIVING SKILLS/KNOWLEDGE/EXPERIENCE,NOT APPLICABLE,Y,NONINCAPACITATING INJURY,22,9,42.012128472,-87.6860317475,2021,25,POINT (-87.6860317475 42.012128472),,,,,2021-09-23,False,1,West Ridge
6313,30,NO CONTROLS,NO CONTROLS,CLEAR,DAYLIGHT,PEDALCYCLIST,NOT DIVIDED,STRAIGHT AND LEVEL,DRY,NO DEFECTS,,FAILING TO YIELD RIGHT-OF-WAY,NOT APPLICABLE,,NONINCAPACITATING INJURY,7,9,42.0053476088,-87.6787922206,2021,30,POINT (-87.6787922206 42.0053476088),,,,,2021-09-24,False,0,Rogers Park
6314,30,NO CONTROLS,NO CONTROLS,CLEAR,DAYLIGHT,PEDALCYCLIST,NOT DIVIDED,STRAIGHT AND LEVEL,DRY,NO DEFECTS,,DISTRACTION - FROM OUTSIDE VEHICLE,UNABLE TO DETERMINE,Y,NONINCAPACITATING INJURY,9,9,41.8380831715,-87.6350022815,2021,30,POINT (-87.6350022815 41.8380831715),,,,,2021-09-24,False,33,Armour Square
6315,30,NO CONTROLS,NO CONTROLS,CLEAR,DAYLIGHT,PEDALCYCLIST,NOT DIVIDED,STRAIGHT AND LEVEL,DRY,NO DEFECTS,Y,DRIVING ON WRONG SIDE/WRONG WAY,UNABLE TO DETERMINE,,INCAPACITATING INJURY,12,9,41.8496739563,-87.6756288576,2021,30,POINT (-87.6756288576 41.8496739563),,,,,2021-09-24,True,30,Lower West Side
6316,30,UNKNOWN,UNKNOWN,UNKNOWN,UNKNOWN,PEDALCYCLIST,NOT DIVIDED,STRAIGHT AND LEVEL,UNKNOWN,UNKNOWN,,UNABLE TO DETERMINE,UNABLE TO DETERMINE,,NONINCAPACITATING INJURY,14,9,41.8666239579,-87.6256653869,2021,30,POINT (-87.6256653869 41.8666239579),,,,,2021-09-24,False,32,Near South Side
6317,25,NO CONTROLS,NO CONTROLS,CLEAR,DAYLIGHT,PEDALCYCLIST,NOT DIVIDED,STRAIGHT AND LEVEL,DRY,NO DEFECTS,,FOLLOWING TOO CLOSELY,UNABLE TO DETERMINE,,"REPORTED, NOT EVIDENT",14,9,41.7597061158,-87.6043198283,2021,25,POINT (-87.6043198283 41.7597061158),,,,,2021-09-24,False,68,Grand Crossing
6318,30,NO CONTROLS,NO CONTROLS,CLEAR,DAYLIGHT,PEDALCYCLIST,NOT DIVIDED,STRAIGHT AND LEVEL,DRY,NO DEFECTS,N,UNABLE TO DETERMINE,UNABLE TO DETERMINE,,NONINCAPACITATING INJURY,17,9,41.8944990501,-87.6524887844,2021,30,POINT (-87.6524887844 41.8944990501),,,,,2021-09-24,False,7,Near North Side
6319,30,NO CONTROLS,NO CONTROLS,CLEAR,DAYLIGHT,PEDALCYCLIST,NOT DIVIDED,STRAIGHT AND LEVEL,DRY,NO DEFECTS,,"OPERATING VEHICLE IN ERRATIC, RECKLESS, CARELESS, NEGLIGENT OR AGGRESSIVE MANNER",UNABLE TO DETERMINE,,INCAPACITATING INJURY,17,9,41.7445607926,-87.5506036733,2021,30,POINT (-87.5506036733 41.7445607926),,,,,2021-09-24,True,45,South Chicago
6320,30,NO CONTROLS,NO CONTROLS,CLEAR,DAYLIGHT,PEDALCYCLIST,DIVIDED - W/MEDIAN (NOT RAISED),STRAIGHT AND LEVEL,DRY,NO DEFECTS,,FAILING TO YIELD RIGHT-OF-WAY,UNABLE TO DETERMINE,,NONINCAPACITATING INJURY,17,9,41.9253046752,-87.6634785603,2021,30,POINT (-87.6634785603 41.9253046752),,,,,2021-09-24,False,6,Lincoln Park
6321,30,UNKNOWN,UNKNOWN,CLEAR,DAYLIGHT,PEDALCYCLIST,DIVIDED - W/MEDIAN (NOT RAISED),STRAIGHT AND LEVEL,DRY,NO DEFECTS,Y,FAILING TO YIELD RIGHT-OF-WAY,NOT APPLICABLE,,"REPORTED, NOT EVIDENT",17,9,41.895593703,-87.7138139941,2021,30,POINT (-87.7138139941 41.895593703),,,,,2021-09-24,False,22,Humboldt Park
6322,30,TRAFFIC SIGNAL,FUNCTIONING PROPERLY,CLEAR,DAYLIGHT,PEDALCYCLIST,NOT DIVIDED,STRAIGHT AND LEVEL,DRY,NO DEFECTS,,UNABLE TO DETERMINE,NOT APPLICABLE,,"REPORTED, NOT EVIDENT",18,9,41.9248081242,-87.7024666154,2021,30,POINT (-87.7024666154 41.9248081242),,,,,2021-09-24,False,21,Logan Square
6323,30,OTHER,FUNCTIONING PROPERLY,RAIN,DARKNESS,PEDALCYCLIST,NOT DIVIDED,STRAIGHT AND LEVEL,WET,NO DEFECTS,,UNABLE TO DETERMINE,NOT APPLICABLE,Y,NO INDICATION OF INJURY,21,9,41.9417472878,-87.6522986895,2021,30,POINT (-87.6522986895 41.9417472878),,,,,2021-09-24,False,5,Lake View
6324,30,UNKNOWN,UNKNOWN,RAIN,"DARKNESS, LIGHTED ROAD",PEDALCYCLIST,NOT DIVIDED,STRAIGHT AND LEVEL,WET,NO DEFECTS,,DRIVING ON WRONG SIDE/WRONG WAY,UNABLE TO DETERMINE,,INCAPACITATING INJURY,0,9,41.9028790569,-87.6899449936,2021,30,POINT (-87.6899449936 41.9028790569),,,,,2021-09-25,True,23,West Town
6325,30,TRAFFIC SIGNAL,FUNCTIONING PROPERLY,CLEAR,DAYLIGHT,PEDALCYCLIST,DIVIDED - W/MEDIAN (NOT RAISED),STRAIGHT AND LEVEL,DRY,NO DEFECTS,Y,"VISION OBSCURED (SIGNS, TREE LIMBS, BUILDINGS, ETC.)",TURNING RIGHT ON RED,,NONINCAPACITATING INJURY,8,9,41.9245131042,-87.6780159496,2021,30,POINT (-87.6780159496 41.9245131042),,,,,2021-09-25,False,6,Lincoln Park
6326,30,TRAFFIC SIGNAL,FUNCTIONING PROPERLY,CLEAR,DAYLIGHT,PEDALCYCLIST,FOUR WAY,STRAIGHT AND LEVEL,DRY,NO DEFECTS,Y,UNABLE TO DETERMINE,UNABLE TO DETERMINE,,NO INDICATION OF INJURY,9,9,41.9356830745,-87.7811292965,2021,30,POINT (-87.7811292965 41.9356830745),,,,,2021-09-25,False,16,Dunning
6327,30,NO CONTROLS,NO CONTROLS,CLEAR,DAYLIGHT,PEDALCYCLIST,DIVIDED - W/MEDIAN (NOT RAISED),STRAIGHT AND LEVEL,DRY,NO DEFECTS,,UNABLE TO DETERMINE,UNABLE TO DETERMINE,,NONINCAPACITATING INJURY,11,9,41.9276138675,-87.6973465973,2021,30,POINT (-87.6973465973 41.9276138675),,,,,2021-09-25,False,21,Logan Square
6328,30,STOP SIGN/FLASHER,OTHER,CLEAR,DAYLIGHT,PEDALCYCLIST,ONE-WAY,STRAIGHT AND LEVEL,DRY,NO DEFECTS,Y,FAILING TO YIELD RIGHT-OF-WAY,NOT APPLICABLE,,NONINCAPACITATING INJURY,12,9,41.7517728255,-87.5563862562,2021,30,POINT (-87.5563862562 41.7517728255),,,,,2021-09-25,False,42,South Shore
6329,30,NO CONTROLS,NO CONTROLS,CLEAR,DAYLIGHT,PEDALCYCLIST,DIVIDED - W/MEDIAN (NOT RAISED),STRAIGHT AND LEVEL,DRY,NO DEFECTS,Y,FAILING TO YIELD RIGHT-OF-WAY,NOT APPLICABLE,,NONINCAPACITATING INJURY,12,9,41.9086440964,-87.648066326,2021,30,POINT (-87.648066326 41.9086440964),,,,,2021-09-25,False,7,Near North Side
6330,30,NO CONTROLS,NO CONTROLS,CLEAR,DAYLIGHT,PEDALCYCLIST,NOT DIVIDED,STRAIGHT AND LEVEL,DRY,UNKNOWN,,FAILING TO YIELD RIGHT-OF-WAY,NOT APPLICABLE,Y,NONINCAPACITATING INJURY,13,9,41.9165505198,-87.6365313105,2021,30,POINT (-87.6365313105 41.9165505198),,,,,2021-09-25,False,6,Lincoln Park
6331,30,STOP SIGN/FLASHER,FUNCTIONING PROPERLY,CLEAR,DAYLIGHT,PEDALCYCLIST,ONE-WAY,STRAIGHT AND LEVEL,DRY,UNKNOWN,,UNABLE TO DETERMINE,UNABLE TO DETERMINE,,NONINCAPACITATING INJURY,15,9,41.841668177,-87.6576415167,2021,30,POINT (-87.6576415167 41.841668177),,,,,2021-09-25,False,30,Lower West Side
6332,30,TRAFFIC SIGNAL,FUNCTIONING PROPERLY,CLEAR,DAYLIGHT,PEDALCYCLIST,FOUR WAY,STRAIGHT AND LEVEL,DRY,NO DEFECTS,Y,FAILING TO YIELD RIGHT-OF-WAY,UNABLE TO DETERMINE,,NONINCAPACITATING INJURY,15,9,41.8852794544,-87.6695691479,2021,30,POINT (-87.6695691479 41.8852794544),,,,,2021-09-25,False,27,Near West Side
6333,30,NO CONTROLS,NO CONTROLS,CLEAR,DAYLIGHT,PEDALCYCLIST,NOT DIVIDED,STRAIGHT AND LEVEL,DRY,NO DEFECTS,,IMPROPER OVERTAKING/PASSING,NOT APPLICABLE,,NONINCAPACITATING INJURY,16,9,41.9253701916,-87.6605363735,2021,30,POINT (-87.6605363735 41.9253701916),,,,,2021-09-25,False,6,Lincoln Park
6334,30,NO CONTROLS,NO CONTROLS,CLEAR,"DARKNESS, LIGHTED ROAD",PEDALCYCLIST,DIVIDED - W/MEDIAN (NOT RAISED),STRAIGHT AND LEVEL,DRY,NO DEFECTS,,FAILING TO YIELD RIGHT-OF-WAY,NOT APPLICABLE,,"REPORTED, NOT EVIDENT",19,9,41.965200222,-87.6571834606,2021,30,POINT (-87.6571834606 41.965200222),,,,,2021-09-25,False,2,Uptown
6335,30,NO CONTROLS,NO CONTROLS,CLEAR,DAYLIGHT,PEDALCYCLIST,DIVIDED - W/MEDIAN (NOT RAISED),STRAIGHT AND LEVEL,DRY,NO DEFECTS,,IMPROPER TURNING/NO SIGNAL,NOT APPLICABLE,,NONINCAPACITATING INJURY,15,9,41.8583228087,-87.6605915995,2021,30,POINT (-87.6605915995 41.8583228087),,,,,2021-09-26,False,27,Near West Side
6336,30,TRAFFIC SIGNAL,FUNCTIONING PROPERLY,CLEAR,DAYLIGHT,PEDALCYCLIST,NOT DIVIDED,STRAIGHT AND LEVEL,DRY,NO DEFECTS,Y,UNABLE TO DETERMINE,NOT APPLICABLE,,NO INDICATION OF INJURY,20,9,41.9278642027,-87.7061618819,2021,30,POINT (-87.7061618819 41.9278642027),,,,,2021-09-26,False,21,Logan Square
6337,30,TRAFFIC SIGNAL,FUNCTIONING PROPERLY,CLEAR,DAYLIGHT,PEDALCYCLIST,T-INTERSECTION,STRAIGHT AND LEVEL,DRY,NO DEFECTS,Y,DISREGARDING TRAFFIC SIGNALS,UNABLE TO DETERMINE,N,NONINCAPACITATING INJURY,21,9,41.8831113555,-87.6260512776,2021,30,POINT (-87.6260512776 41.8831113555),,,,,2021-09-26,False,31,Loop
6338,30,TRAFFIC SIGNAL,FUNCTIONING PROPERLY,CLEAR,DAYLIGHT,PEDALCYCLIST,NOT DIVIDED,STRAIGHT AND LEVEL,DRY,UNKNOWN,,UNABLE TO DETERMINE,NOT APPLICABLE,,NONINCAPACITATING INJURY,12,9,41.8966120637,-87.6248722312,2021,30,POINT (-87.6248722312 41.8966120637),,,,,2021-09-27,False,7,Near North Side
6339,30,TRAFFIC SIGNAL,FUNCTIONING PROPERLY,CLEAR,DAYLIGHT,PEDALCYCLIST,UNKNOWN INTERSECTION TYPE,STRAIGHT AND LEVEL,DRY,UNKNOWN,Y,NOT APPLICABLE,UNABLE TO DETERMINE,,NONINCAPACITATING INJURY,15,9,41.9462026354,-87.7320097256,2021,30,POINT (-87.7320097256 41.9462026354),,,,,2021-09-27,False,15,Irving Park
6340,30,NO CONTROLS,NO CONTROLS,CLEAR,DAYLIGHT,PEDALCYCLIST,NOT DIVIDED,STRAIGHT AND LEVEL,DRY,NO DEFECTS,,FOLLOWING TOO CLOSELY,UNABLE TO DETERMINE,,NONINCAPACITATING INJURY,16,9,41.9447698803,-87.7079224539,2021,30,POINT (-87.7079224539 41.9447698803),,,,,2021-09-27,False,15,Irving Park
6341,30,TRAFFIC SIGNAL,FUNCTIONING PROPERLY,CLEAR,DAYLIGHT,PEDALCYCLIST,NOT DIVIDED,STRAIGHT AND LEVEL,DRY,NO DEFECTS,,UNABLE TO DETERMINE,UNABLE TO DETERMINE,,"REPORTED, NOT EVIDENT",16,9,41.8744766685,-87.6518891045,2021,30,POINT (-87.6518891045 41.8744766685),,,,,2021-09-27,False,27,Near West Side
6342,30,UNKNOWN,UNKNOWN,CLEAR,DAYLIGHT,PEDALCYCLIST,DIVIDED - W/MEDIAN (NOT RAISED),STRAIGHT AND LEVEL,DRY,NO DEFECTS,,UNABLE TO DETERMINE,UNABLE TO DETERMINE,,NONINCAPACITATING INJURY,16,9,41.9437316483,-87.7316857129,2021,30,POINT (-87.7316857129 41.9437316483),,,,,2021-09-27,False,15,Irving Park
6343,35,TRAFFIC SIGNAL,FUNCTIONING PROPERLY,CLEAR,DAYLIGHT,PEDALCYCLIST,T-INTERSECTION,STRAIGHT AND LEVEL,DRY,NO DEFECTS,Y,IMPROPER OVERTAKING/PASSING,FAILING TO YIELD RIGHT-OF-WAY,,NONINCAPACITATING INJURY,16,9,41.8999193518,-87.656794999,2021,35,POINT (-87.656794999 41.8999193518),,,,,2021-09-27,False,7,Near North Side
6344,30,TRAFFIC SIGNAL,UNKNOWN,CLEAR,DAYLIGHT,PEDALCYCLIST,FOUR WAY,STRAIGHT AND LEVEL,DRY,UNKNOWN,Y,DISREGARDING TRAFFIC SIGNALS,NOT APPLICABLE,,NONINCAPACITATING INJURY,17,9,41.9028961054,-87.7118064427,2021,30,POINT (-87.7118064427 41.9028961054),,,,,2021-09-27,False,22,Humboldt Park
6345,30,TRAFFIC SIGNAL,FUNCTIONING PROPERLY,CLEAR,DAYLIGHT,PEDALCYCLIST,Y-INTERSECTION,STRAIGHT AND LEVEL,DRY,UNKNOWN,Y,UNABLE TO DETERMINE,NOT APPLICABLE,,NO INDICATION OF INJURY,18,9,41.9202183911,-87.6413681928,2021,30,POINT (-87.6413681928 41.9202183911),,,,,2021-09-27,False,6,Lincoln Park
6346,30,TRAFFIC SIGNAL,FUNCTIONING PROPERLY,CLEAR,"DARKNESS, LIGHTED ROAD",PEDALCYCLIST,DIVIDED - W/MEDIAN (NOT RAISED),STRAIGHT AND LEVEL,DRY,NO DEFECTS,Y,IMPROPER OVERTAKING/PASSING,UNABLE TO DETERMINE,N,NONINCAPACITATING INJURY,19,9,41.9031687002,-87.6847060416,2021,30,POINT (-87.6847060416 41.9031687002),,,,,2021-09-27,False,23,West Town
6347,30,STOP SIGN/FLASHER,FUNCTIONING PROPERLY,CLEAR,DAYLIGHT,PEDALCYCLIST,FOUR WAY,STRAIGHT AND LEVEL,DRY,NO DEFECTS,Y,UNABLE TO DETERMINE,UNABLE TO DETERMINE,,NO INDICATION OF INJURY,11,9,41.8856113636,-87.6569063887,2021,30,POINT (-87.6569063887 41.8856113636),,,,,2021-09-28,False,27,Near West Side
6349,30,NO CONTROLS,NO CONTROLS,CLEAR,DAYLIGHT,PEDALCYCLIST,ONE-WAY,STRAIGHT AND LEVEL,DRY,UNKNOWN,,UNABLE TO DETERMINE,UNABLE TO DETERMINE,,NONINCAPACITATING INJURY,15,9,41.7415387893,-87.6511292734,2021,30,POINT (-87.6511292734 41.7415387893),,,,,2021-09-28,False,70,Auburn Gresham
6350,25,STOP SIGN/FLASHER,FUNCTIONING PROPERLY,CLEAR,DAYLIGHT,PEDALCYCLIST,NOT DIVIDED,STRAIGHT AND LEVEL,DRY,NO DEFECTS,,FAILING TO YIELD RIGHT-OF-WAY,NOT APPLICABLE,,NO INDICATION OF INJURY,15,9,41.7849005175,-87.7815978782,2021,25,POINT (-87.7815978782 41.7849005175),,,,,2021-09-28,False,55,Garfield Ridge
6351,30,UNKNOWN,UNKNOWN,UNKNOWN,DAYLIGHT,PEDALCYCLIST,DIVIDED - W/MEDIAN (NOT RAISED),STRAIGHT AND LEVEL,UNKNOWN,UNKNOWN,,FAILING TO YIELD RIGHT-OF-WAY,NOT APPLICABLE,,NONINCAPACITATING INJURY,17,9,41.880144356,-87.6409929725,2021,30,POINT (-87.6409929725 41.880144356),,,,,2021-09-28,False,27,Near West Side
6352,35,NO CONTROLS,NO CONTROLS,CLEAR,DAYLIGHT,PEDALCYCLIST,DIVIDED - W/MEDIAN (NOT RAISED),STRAIGHT AND LEVEL,DRY,NO DEFECTS,N,FAILING TO YIELD RIGHT-OF-WAY,DRIVING SKILLS/KNOWLEDGE/EXPERIENCE,,NONINCAPACITATING INJURY,17,9,41.9108134728,-87.6480104515,2021,35,POINT (-87.6480104515 41.9108134728),,,,,2021-09-28,False,6,Lincoln Park
6353,30,NO CONTROLS,NO CONTROLS,CLEAR,DUSK,PEDALCYCLIST,NOT DIVIDED,STRAIGHT AND LEVEL,DRY,NO DEFECTS,,UNABLE TO DETERMINE,UNABLE TO DETERMINE,Y,NONINCAPACITATING INJURY,18,9,41.9689058017,-87.6761351984,2021,30,POINT (-87.6761351984 41.9689058017),,,,,2021-09-28,False,3,Lincoln Square
6354,30,TRAFFIC SIGNAL,FUNCTIONING PROPERLY,CLEAR,DAWN,PEDALCYCLIST,FOUR WAY,STRAIGHT AND LEVEL,DRY,NO DEFECTS,Y,DISREGARDING TRAFFIC SIGNALS,FAILING TO YIELD RIGHT-OF-WAY,,NONINCAPACITATING INJURY,18,9,41.8873141867,-87.7553694428,2021,30,POINT (-87.7553694428 41.8873141867),,,,,2021-09-28,False,24,Austin
6355,30,TRAFFIC SIGNAL,UNKNOWN,CLEAR,"DARKNESS, LIGHTED ROAD",PEDALCYCLIST,FOUR WAY,STRAIGHT AND LEVEL,DRY,UNKNOWN,Y,UNABLE TO DETERMINE,UNABLE TO DETERMINE,,NONINCAPACITATING INJURY,20,9,41.9241535287,-87.7611326621,2021,30,POINT (-87.7611326621 41.9241535287),,,,,2021-09-28,False,18,Belmont Cragin
6356,30,NO CONTROLS,NO CONTROLS,CLEAR,"DARKNESS, LIGHTED ROAD",PEDALCYCLIST,NOT DIVIDED,STRAIGHT AND LEVEL,DRY,NO DEFECTS,,FAILING TO YIELD RIGHT-OF-WAY,NOT APPLICABLE,Y,NONINCAPACITATING INJURY,20,9,41.90516365,-87.647975873,2021,30,POINT (-87.647975873 41.90516365),,,,,2021-09-28,False,7,Near North Side
6357,20,NO CONTROLS,NO CONTROLS,CLEAR,DAYLIGHT,PEDALCYCLIST,NOT DIVIDED,STRAIGHT AND LEVEL,DRY,NO DEFECTS,,UNABLE TO DETERMINE,UNABLE TO DETERMINE,,NO INDICATION OF INJURY,8,9,41.6911012245,-87.6846965805,2021,20,POINT (-87.6846965805 41.6911012245),,,,,2021-09-29,False,74,Morgan Park
6358,30,NO CONTROLS,NO CONTROLS,CLEAR,DAYLIGHT,PEDALCYCLIST,NOT DIVIDED,STRAIGHT AND LEVEL,DRY,UNKNOWN,,IMPROPER TURNING/NO SIGNAL,IMPROPER LANE USAGE,,NONINCAPACITATING INJURY,9,9,41.8897840916,-87.6798238362,2021,30,POINT (-87.6798238362 41.8897840916),,,,,2021-09-29,False,23,West Town
6359,30,STOP SIGN/FLASHER,FUNCTIONING PROPERLY,CLEAR,DAYLIGHT,PEDALCYCLIST,NOT DIVIDED,STRAIGHT AND LEVEL,DRY,NO DEFECTS,,NOT APPLICABLE,NOT APPLICABLE,,NO INDICATION OF INJURY,13,9,41.9532380983,-87.769596417,2021,30,POINT (-87.769596417 41.9532380983),,,,,2021-09-29,False,14,Portage Park
6360,25,NO CONTROLS,NO CONTROLS,CLEAR,DAYLIGHT,PEDALCYCLIST,NOT DIVIDED,STRAIGHT AND LEVEL,DRY,NO DEFECTS,,UNABLE TO DETERMINE,NOT APPLICABLE,,NO INDICATION OF INJURY,16,9,41.8536877072,-87.6956517488,2021,25,POINT (-87.6956517488 41.8536877072),,,,,2021-09-29,False,28,North Lawndale
6361,30,NO CONTROLS,NO CONTROLS,CLEAR,DAYLIGHT,PEDALCYCLIST,ONE-WAY,STRAIGHT AND LEVEL,DRY,NO DEFECTS,,FOLLOWING TOO CLOSELY,UNABLE TO DETERMINE,,NO INDICATION OF INJURY,17,9,41.8658764845,-87.7228709435,2021,30,POINT (-87.7228709435 41.8658764845),,,,,2021-09-29,False,28,North Lawndale
6362,30,TRAFFIC SIGNAL,FUNCTIONING PROPERLY,CLEAR,DAYLIGHT,PEDALCYCLIST,NOT DIVIDED,STRAIGHT AND LEVEL,DRY,NO DEFECTS,N,UNABLE TO DETERMINE,UNABLE TO DETERMINE,,NONINCAPACITATING INJURY,17,9,41.8843836505,-87.7455682611,2021,30,POINT (-87.7455682611 41.8843836505),,,,,2021-09-29,False,24,Austin
6363,0,NO CONTROLS,NO CONTROLS,CLEAR,DAYLIGHT,PEDALCYCLIST,OTHER,STRAIGHT ON GRADE,DRY,UNKNOWN,,FAILING TO YIELD RIGHT-OF-WAY,DRIVING SKILLS/KNOWLEDGE/EXPERIENCE,,NONINCAPACITATING INJURY,9,9,41.9175937525,-87.7588774553,2021,0,POINT (-87.7588774553 41.9175937525),,,,,2021-09-30,False,18,Belmont Cragin
6364,30,TRAFFIC SIGNAL,FUNCTIONING PROPERLY,CLEAR,DAYLIGHT,PEDALCYCLIST,NOT DIVIDED,STRAIGHT AND LEVEL,DRY,NO DEFECTS,Y,FAILING TO YIELD RIGHT-OF-WAY,NOT APPLICABLE,,NONINCAPACITATING INJURY,11,9,41.6889070792,-87.6231416068,2021,30,POINT (-87.6231416068 41.6889070792),,,,,2021-09-30,False,48,Roseland
6365,25,NO CONTROLS,NO CONTROLS,CLEAR,DAYLIGHT,PEDALCYCLIST,NOT DIVIDED,"CURVE, LEVEL",DRY,NO DEFECTS,,UNABLE TO DETERMINE,UNABLE TO DETERMINE,,NONINCAPACITATING INJURY,13,9,41.953427245,-87.6496479582,2021,25,POINT (-87.6496479582 41.953427245),,,,,2021-09-30,False,5,Lake View
6366,25,NO CONTROLS,NO CONTROLS,CLEAR,DAYLIGHT,PEDALCYCLIST,NOT DIVIDED,STRAIGHT AND LEVEL,DRY,UNKNOWN,,UNABLE TO DETERMINE,UNABLE TO DETERMINE,,NONINCAPACITATING INJURY,15,9,41.9256628465,-87.6425548113,2021,25,POINT (-87.6425548113 41.9256628465),,,,,2021-09-30,False,6,Lincoln Park
6367,30,STOP SIGN/FLASHER,FUNCTIONING PROPERLY,CLEAR,DAYLIGHT,PEDALCYCLIST,T-INTERSECTION,STRAIGHT AND LEVEL,DRY,UNKNOWN,Y,UNABLE TO DETERMINE,NOT APPLICABLE,,NONINCAPACITATING INJURY,16,9,41.868505893,-87.744688538,2021,30,POINT (-87.744688538 41.868505893),,,,,2021-09-30,False,24,Austin
6368,30,TRAFFIC SIGNAL,FUNCTIONING PROPERLY,CLEAR,DAYLIGHT,PEDALCYCLIST,FOUR WAY,STRAIGHT AND LEVEL,DRY,NO DEFECTS,Y,FAILING TO YIELD RIGHT-OF-WAY,NOT APPLICABLE,,NO INDICATION OF INJURY,17,9,41.8896342529,-87.6297442999,2021,30,POINT (-87.6297442999 41.8896342529),,,,,2021-09-30,False,7,Near North Side
6369,30,NO CONTROLS,NO CONTROLS,CLEAR,"DARKNESS, LIGHTED ROAD",PEDALCYCLIST,NOT DIVIDED,STRAIGHT AND LEVEL,DRY,NO DEFECTS,,FAILING TO REDUCE SPEED TO AVOID CRASH,NOT APPLICABLE,,NO INDICATION OF INJURY,2,10,41.6926109385,-87.658757103,2021,30,POINT (-87.658757103 41.6926109385),,,,,2021-10-01,False,74,Morgan Park
6370,30,NO CONTROLS,NO CONTROLS,CLEAR,DAYLIGHT,PEDALCYCLIST,NOT DIVIDED,STRAIGHT AND LEVEL,DRY,NO DEFECTS,,DISTRACTION - FROM OUTSIDE VEHICLE,UNABLE TO DETERMINE,,"REPORTED, NOT EVIDENT",8,10,41.932604222,-87.727148226,2021,30,POINT (-87.727148226 41.932604222),,,,,2021-10-01,False,19,Hermosa
6371,30,UNKNOWN,UNKNOWN,UNKNOWN,UNKNOWN,PEDALCYCLIST,UNKNOWN,STRAIGHT AND LEVEL,UNKNOWN,UNKNOWN,,NOT APPLICABLE,NOT APPLICABLE,,"REPORTED, NOT EVIDENT",16,10,41.7411756532,-87.7203152667,2021,30,POINT (-87.7203152667 41.7411756532),,,,,2021-10-01,False,69,Ashburn