Unnamed: 0,POSTED_SPEED_LIMIT,TRAFFIC_CONTROL_DEVICE,DEVICE_CONDITION,WEATHER_CONDITION,LIGHTING_CONDITION,FIRST_CRASH_TYPE,TRAFFICWAY_TYPE,ALIGNMENT,ROADWAY_SURFACE_COND,ROAD_DEFECT,INTERSECTION_RELATED_I,PRIM_CONTRIBUTORY_CAUSE,SEC_CONTRIBUTORY_CAUSE,DOORING_I,MOST_SEVERE_INJURY,CRASH_HOUR,CRASH_MONTH,LATITUDE,LONGITUDE,CRASH_YEAR,SPEED_LIMIT,geometry,DISPLAYROU,the_geom,DIST,LANE_TYPE,CRASH_DATE,is_severe,index_right,CArea
6372,30,NO CONTROLS,NO CONTROLS,CLEAR,DAYLIGHT,PEDALCYCLIST,NOT DIVIDED,STRAIGHT AND LEVEL,DRY,NO DEFECTS,Y,DRIVING ON WRONG SIDE/WRONG WAY,NOT APPLICABLE,,NONINCAPACITATING INJURY,17,10,41.9403277012,-87.7812715341,2021,30,POINT (-87.7812715341 41.9403277012),,,,,2021-10-01,False,14,Portage Park
6373,30,NO CONTROLS,NO CONTROLS,CLEAR,"DARKNESS, LIGHTED ROAD",PEDALCYCLIST,ONE-WAY,STRAIGHT AND LEVEL,DRY,NO DEFECTS,,UNABLE TO DETERMINE,UNABLE TO DETERMINE,Y,NO INDICATION OF INJURY,18,10,41.7961299544,-87.5979576233,2021,30,POINT (-87.5979576233 41.7961299544),,,,,2021-10-01,False,40,Hyde Park
6374,30,NO CONTROLS,NO CONTROLS,CLEAR,DAYLIGHT,PEDALCYCLIST,DIVIDED - W/MEDIAN (NOT RAISED),STRAIGHT AND LEVEL,DRY,NO DEFECTS,Y,FAILING TO YIELD RIGHT-OF-WAY,NOT APPLICABLE,,NONINCAPACITATING INJURY,9,10,41.7551149908,-87.551594178,2021,30,POINT (-87.551594178 41.7551149908),,,,,2021-10-02,False,42,South Shore
6375,25,STOP SIGN/FLASHER,FUNCTIONING PROPERLY,CLEAR,DAYLIGHT,PEDALCYCLIST,T-INTERSECTION,STRAIGHT AND LEVEL,DRY,NO DEFECTS,,DISREGARDING STOP SIGN,NOT APPLICABLE,N,NO INDICATION OF INJURY,12,10,41.7426861776,-87.6973707868,2021,25,POINT (-87.6973707868 41.7426861776),,,,,2021-10-02,False,69,Ashburn
6376,30,NO CONTROLS,NO CONTROLS,CLEAR,DAYLIGHT,PEDALCYCLIST,DIVIDED - W/MEDIAN (NOT RAISED),STRAIGHT AND LEVEL,DRY,NO DEFECTS,,NOT APPLICABLE,NOT APPLICABLE,Y,"REPORTED, NOT EVIDENT",13,10,41.930147569,-87.7466835089,2021,30,POINT (-87.7466835089 41.930147569),,,,,2021-10-02,False,18,Belmont Cragin
6377,30,TRAFFIC SIGNAL,FUNCTIONING PROPERLY,CLEAR,DAYLIGHT,PEDALCYCLIST,CENTER TURN LANE,STRAIGHT AND LEVEL,DRY,NO DEFECTS,Y,UNABLE TO DETERMINE,NOT APPLICABLE,,NO INDICATION OF INJURY,15,10,41.9174966079,-87.6887196084,2021,30,POINT (-87.6887196084 41.9174966079),,,,,2021-10-02,False,21,Logan Square
6378,30,TRAFFIC SIGNAL,FUNCTIONING PROPERLY,FREEZING RAIN/DRIZZLE,"DARKNESS, LIGHTED ROAD",PEDALCYCLIST,DIVIDED - W/MEDIAN BARRIER,STRAIGHT AND LEVEL,WET,"RUT, HOLES",,ROAD ENGINEERING/SURFACE/MARKING DEFECTS,UNABLE TO DETERMINE,,NONINCAPACITATING INJURY,19,10,41.9000704455,-87.6672555707,2021,30,POINT (-87.6672555707 41.9000704455),,,,,2021-10-02,False,23,West Town
6379,30,TRAFFIC SIGNAL,FUNCTIONING PROPERLY,CLEAR,"DARKNESS, LIGHTED ROAD",PEDALCYCLIST,NOT DIVIDED,STRAIGHT AND LEVEL,DRY,NO DEFECTS,Y,DISREGARDING TRAFFIC SIGNALS,NOT APPLICABLE,,"REPORTED, NOT EVIDENT",20,10,41.9182889665,-87.6485713467,2021,30,POINT (-87.6485713467 41.9182889665),,,,,2021-10-02,False,6,Lincoln Park
6380,15,NO CONTROLS,NO CONTROLS,CLEAR,"DARKNESS, LIGHTED ROAD",PEDALCYCLIST,NOT DIVIDED,STRAIGHT AND LEVEL,DRY,UNKNOWN,,IMPROPER LANE USAGE,IMPROPER OVERTAKING/PASSING,Y,NONINCAPACITATING INJURY,23,10,41.8345534012,-87.648767228,2021,15,POINT (-87.648767228 41.8345534012),,,,,2021-10-03,False,59,Bridgeport
6381,30,NO CONTROLS,NO CONTROLS,UNKNOWN,DAYLIGHT,PEDALCYCLIST,NOT DIVIDED,STRAIGHT AND LEVEL,UNKNOWN,UNKNOWN,,UNABLE TO DETERMINE,UNABLE TO DETERMINE,,INCAPACITATING INJURY,11,10,41.8753043696,-87.7547274602,2021,30,POINT (-87.7547274602 41.8753043696),,,,,2021-10-04,True,24,Austin
6382,30,NO CONTROLS,NO CONTROLS,CLEAR,DAYLIGHT,PEDALCYCLIST,DRIVEWAY,STRAIGHT AND LEVEL,DRY,NO DEFECTS,,UNABLE TO DETERMINE,NOT APPLICABLE,,NONINCAPACITATING INJURY,13,10,41.8668649576,-87.6712045493,2021,30,POINT (-87.6712045493 41.8668649576),,,,,2021-10-04,False,27,Near West Side
6383,30,NO CONTROLS,NO CONTROLS,CLEAR,DAYLIGHT,PEDALCYCLIST,NOT DIVIDED,STRAIGHT AND LEVEL,DRY,NO DEFECTS,,UNABLE TO DETERMINE,UNABLE TO DETERMINE,Y,NONINCAPACITATING INJURY,16,10,41.8963569252,-87.6720428662,2021,30,POINT (-87.6720428662 41.8963569252),,,,,2021-10-04,False,23,West Town
6384,30,TRAFFIC SIGNAL,FUNCTIONING PROPERLY,CLEAR,"DARKNESS, LIGHTED ROAD",PEDALCYCLIST,NOT DIVIDED,STRAIGHT AND LEVEL,DRY,NO DEFECTS,,FAILING TO YIELD RIGHT-OF-WAY,FAILING TO YIELD RIGHT-OF-WAY,,NONINCAPACITATING INJURY,17,10,41.8845091781,-87.6226195473,2021,30,POINT (-87.6226195473 41.8845091781),,,,,2021-10-04,False,31,Loop
6385,30,TRAFFIC SIGNAL,UNKNOWN,CLEAR,"DARKNESS, LIGHTED ROAD",PEDALCYCLIST,FOUR WAY,STRAIGHT AND LEVEL,UNKNOWN,UNKNOWN,Y,FAILING TO YIELD RIGHT-OF-WAY,FAILING TO YIELD RIGHT-OF-WAY,,INCAPACITATING INJURY,19,10,41.8808342998,-87.7257965972,2021,30,POINT (-87.7257965972 41.8808342998),,,,,2021-10-04,True,25,Garfield Park
6386,30,YIELD,NO CONTROLS,CLEAR,DAYLIGHT,PEDALCYCLIST,NOT DIVIDED,STRAIGHT AND LEVEL,DRY,NO DEFECTS,,FAILING TO YIELD RIGHT-OF-WAY,UNABLE TO DETERMINE,,NO INDICATION OF INJURY,15,10,41.8880703776,-87.6296922567,2021,30,POINT (-87.6296922567 41.8880703776),,,,,2021-10-05,False,7,Near North Side
6387,30,NO CONTROLS,NO CONTROLS,CLOUDY/OVERCAST,DAYLIGHT,PEDALCYCLIST,FOUR WAY,STRAIGHT AND LEVEL,WET,UNKNOWN,,UNABLE TO DETERMINE,NOT APPLICABLE,,NONINCAPACITATING INJURY,16,10,41.7063107864,-87.6793499506,2021,30,POINT (-87.6793499506 41.7063107864),,,,,2021-10-05,False,71,Beverly
6388,30,NO CONTROLS,NO CONTROLS,CLEAR,DAYLIGHT,PEDALCYCLIST,NOT DIVIDED,STRAIGHT AND LEVEL,DRY,NO DEFECTS,,FAILING TO YIELD RIGHT-OF-WAY,UNABLE TO DETERMINE,,NONINCAPACITATING INJURY,17,10,41.9689907291,-87.6687614644,2021,30,POINT (-87.6687614644 41.9689907291),,,,,2021-10-05,False,2,Uptown
6389,20,NO CONTROLS,NO CONTROLS,CLEAR,DAYLIGHT,PEDALCYCLIST,ALLEY,STRAIGHT AND LEVEL,DRY,NO DEFECTS,,FAILING TO YIELD RIGHT-OF-WAY,FAILING TO YIELD RIGHT-OF-WAY,,"REPORTED, NOT EVIDENT",8,10,41.7939220781,-87.7966548872,2021,20,POINT (-87.7966548872 41.7939220781),,,,,2021-10-06,False,55,Garfield Ridge
6390,30,NO CONTROLS,NO CONTROLS,CLOUDY/OVERCAST,DAYLIGHT,PEDALCYCLIST,UNKNOWN INTERSECTION TYPE,STRAIGHT AND LEVEL,DRY,NO DEFECTS,Y,UNABLE TO DETERMINE,UNABLE TO DETERMINE,,NONINCAPACITATING INJURY,9,10,41.8539227861,-87.6466759794,2021,30,POINT (-87.6466759794 41.8539227861),,,,,2021-10-06,False,30,Lower West Side
6391,30,TRAFFIC SIGNAL,FUNCTIONING PROPERLY,CLEAR,DAYLIGHT,PEDALCYCLIST,NOT DIVIDED,STRAIGHT AND LEVEL,DRY,NO DEFECTS,,UNABLE TO DETERMINE,UNABLE TO DETERMINE,,INCAPACITATING INJURY,18,10,41.8818440115,-87.7206716483,2021,30,POINT (-87.7206716483 41.8818440115),,,,,2021-10-06,True,25,Garfield Park
6392,30,TRAFFIC SIGNAL,FUNCTIONING PROPERLY,CLEAR,"DARKNESS, LIGHTED ROAD",PEDALCYCLIST,FOUR WAY,STRAIGHT AND LEVEL,DRY,NO DEFECTS,Y,UNABLE TO DETERMINE,UNABLE TO DETERMINE,,NONINCAPACITATING INJURY,18,10,41.8304081329,-87.6657127581,2021,30,POINT (-87.6657127581 41.8304081329),,,,,2021-10-06,False,58,Mckinley Park
6393,25,STOP SIGN/FLASHER,FUNCTIONING PROPERLY,CLEAR,"DARKNESS, LIGHTED ROAD",PEDALCYCLIST,NOT DIVIDED,STRAIGHT ON HILLCREST,DRY,NO DEFECTS,,FOLLOWING TOO CLOSELY,FOLLOWING TOO CLOSELY,Y,INCAPACITATING INJURY,19,10,41.884657301,-87.6158852894,2021,25,POINT (-87.6158852894 41.884657301),,,,,2021-10-06,True,31,Loop
6394,30,NO CONTROLS,NO CONTROLS,UNKNOWN,"DARKNESS, LIGHTED ROAD",PEDALCYCLIST,NOT DIVIDED,STRAIGHT AND LEVEL,UNKNOWN,NO DEFECTS,,UNABLE TO DETERMINE,NOT APPLICABLE,,NO INDICATION OF INJURY,20,10,41.9214888756,-87.694814926,2021,30,POINT (-87.694814926 41.9214888756),,,,,2021-10-06,False,21,Logan Square
6395,45,TRAFFIC SIGNAL,FUNCTIONING PROPERLY,RAIN,DARKNESS,PEDALCYCLIST,NOT DIVIDED,STRAIGHT AND LEVEL,WET,NO DEFECTS,,DISREGARDING TRAFFIC SIGNALS,NOT APPLICABLE,,NONINCAPACITATING INJURY,5,10,41.8757562552,-87.6175156798,2021,45,POINT (-87.6175156798 41.8757562552),,,,,2021-10-07,False,31,Loop
6396,30,NO CONTROLS,NO CONTROLS,RAIN,DAYLIGHT,PEDALCYCLIST,DIVIDED - W/MEDIAN BARRIER,STRAIGHT AND LEVEL,WET,NO DEFECTS,,UNABLE TO DETERMINE,NOT APPLICABLE,N,INCAPACITATING INJURY,12,10,41.9539952004,-87.6822449732,2021,30,POINT (-87.6822449732 41.9539952004),,,,,2021-10-07,True,4,North Center
6397,30,UNKNOWN,UNKNOWN,CLEAR,DAYLIGHT,PEDALCYCLIST,NOT DIVIDED,STRAIGHT AND LEVEL,DRY,UNKNOWN,,FAILING TO YIELD RIGHT-OF-WAY,FAILING TO YIELD RIGHT-OF-WAY,,INCAPACITATING INJURY,16,10,41.9323182375,-87.6446506457,2021,30,POINT (-87.6446506457 41.9323182375),,,,,2021-10-07,True,6,Lincoln Park
6398,30,NO CONTROLS,NO CONTROLS,CLOUDY/OVERCAST,"DARKNESS, LIGHTED ROAD",PEDALCYCLIST,NOT DIVIDED,STRAIGHT AND LEVEL,WET,NO DEFECTS,,DRIVING SKILLS/KNOWLEDGE/EXPERIENCE,DRIVING SKILLS/KNOWLEDGE/EXPERIENCE,Y,NONINCAPACITATING INJURY,21,10,41.9888399693,-87.6697452513,2021,30,POINT (-87.6697452513 41.9888399693),,,,,2021-10-07,False,76,Edgewater
6399,35,STOP SIGN/FLASHER,FUNCTIONING PROPERLY,CLEAR,DAWN,PEDALCYCLIST,FOUR WAY,STRAIGHT AND LEVEL,DRY,NO DEFECTS,Y,IMPROPER TURNING/NO SIGNAL,FAILING TO YIELD RIGHT-OF-WAY,,NONINCAPACITATING INJURY,5,10,41.8936584776,-87.6342703814,2021,35,POINT (-87.6342703814 41.8936584776),,,,,2021-10-08,False,7,Near North Side
6400,35,TRAFFIC SIGNAL,FUNCTIONING PROPERLY,CLEAR,DAYLIGHT,PEDALCYCLIST,FOUR WAY,STRAIGHT AND LEVEL,DRY,NO DEFECTS,Y,DISREGARDING TRAFFIC SIGNALS,FAILING TO YIELD RIGHT-OF-WAY,,NONINCAPACITATING INJURY,14,10,41.9063970733,-87.6434414869,2021,35,POINT (-87.6434414869 41.9063970733),,,,,2021-10-08,False,7,Near North Side
6401,30,NO CONTROLS,NO CONTROLS,CLEAR,DAYLIGHT,PEDALCYCLIST,NOT DIVIDED,STRAIGHT AND LEVEL,DRY,NO DEFECTS,Y,DRIVING SKILLS/KNOWLEDGE/EXPERIENCE,UNABLE TO DETERMINE,,NO INDICATION OF INJURY,15,10,41.7790005449,-87.7081122473,2021,30,POINT (-87.7081122473 41.7790005449),,,,,2021-10-08,False,65,Chicago Lawn
6402,30,NO CONTROLS,NO CONTROLS,CLEAR,"DARKNESS, LIGHTED ROAD",PEDALCYCLIST,NOT DIVIDED,STRAIGHT AND LEVEL,WET,NO DEFECTS,,NOT APPLICABLE,NOT APPLICABLE,Y,NO INDICATION OF INJURY,3,10,41.7374726183,-87.5527346817,2021,30,POINT (-87.5527346817 41.7374726183),,,,,2021-10-09,False,45,South Chicago
6403,30,NO CONTROLS,NO CONTROLS,CLEAR,DAYLIGHT,PEDALCYCLIST,DIVIDED - W/MEDIAN (NOT RAISED),STRAIGHT AND LEVEL,DRY,NO DEFECTS,,UNABLE TO DETERMINE,UNABLE TO DETERMINE,Y,INCAPACITATING INJURY,9,10,41.9586154146,-87.6649202439,2021,30,POINT (-87.6649202439 41.9586154146),,,,,2021-10-09,True,2,Uptown
6404,30,NO CONTROLS,NO CONTROLS,CLEAR,DAYLIGHT,PEDALCYCLIST,NOT DIVIDED,STRAIGHT AND LEVEL,DRY,NO DEFECTS,N,DRIVING ON WRONG SIDE/WRONG WAY,FAILING TO YIELD RIGHT-OF-WAY,,"REPORTED, NOT EVIDENT",10,10,41.9048094553,-87.7227016079,2021,30,POINT (-87.7227016079 41.9048094553),,,,,2021-10-09,False,22,Humboldt Park
6405,30,NO CONTROLS,NO CONTROLS,CLEAR,DAYLIGHT,PEDALCYCLIST,DIVIDED - W/MEDIAN (NOT RAISED),STRAIGHT AND LEVEL,DRY,NO DEFECTS,,UNABLE TO DETERMINE,NOT APPLICABLE,Y,NONINCAPACITATING INJURY,11,10,41.9157089201,-87.6859238521,2021,30,POINT (-87.6859238521 41.9157089201),,,,,2021-10-09,False,21,Logan Square
6406,30,NO CONTROLS,NO CONTROLS,CLEAR,DAYLIGHT,PEDALCYCLIST,NOT DIVIDED,STRAIGHT AND LEVEL,DRY,NO DEFECTS,,FAILING TO YIELD RIGHT-OF-WAY,UNABLE TO DETERMINE,,INCAPACITATING INJURY,17,10,41.9104246317,-87.6877071598,2021,30,POINT (-87.6877071598 41.9104246317),,,,,2021-10-09,True,23,West Town
6407,30,TRAFFIC SIGNAL,FUNCTIONING PROPERLY,CLEAR,DARKNESS,PEDALCYCLIST,NOT DIVIDED,STRAIGHT AND LEVEL,DRY,UNKNOWN,,FAILING TO REDUCE SPEED TO AVOID CRASH,NOT APPLICABLE,,"REPORTED, NOT EVIDENT",21,10,41.9062588709,-87.7263534764,2021,30,POINT (-87.7263534764 41.9062588709),,,,,2021-10-09,False,22,Humboldt Park
6408,30,STOP SIGN/FLASHER,FUNCTIONING PROPERLY,RAIN,"DARKNESS, LIGHTED ROAD",PEDALCYCLIST,NOT DIVIDED,STRAIGHT AND LEVEL,WET,NO DEFECTS,,"OPERATING VEHICLE IN ERRATIC, RECKLESS, CARELESS, NEGLIGENT OR AGGRESSIVE MANNER","OPERATING VEHICLE IN ERRATIC, RECKLESS, CARELESS, NEGLIGENT OR AGGRESSIVE MANNER",,"REPORTED, NOT EVIDENT",2,10,41.950471829,-87.6542780386,2021,30,POINT (-87.6542780386 41.950471829),,,,,2021-10-10,False,5,Lake View
6409,30,NO CONTROLS,NO CONTROLS,CLEAR,"DARKNESS, LIGHTED ROAD",PEDALCYCLIST,NOT DIVIDED,STRAIGHT AND LEVEL,DRY,NO DEFECTS,,"OPERATING VEHICLE IN ERRATIC, RECKLESS, CARELESS, NEGLIGENT OR AGGRESSIVE MANNER",NOT APPLICABLE,,INCAPACITATING INJURY,3,10,41.8985558593,-87.6370999844,2021,30,POINT (-87.6370999844 41.8985558593),,,,,2021-10-10,True,7,Near North Side
6410,25,TRAFFIC SIGNAL,FUNCTIONING PROPERLY,CLEAR,DAYLIGHT,PEDALCYCLIST,FOUR WAY,STRAIGHT AND LEVEL,DRY,NO DEFECTS,,UNABLE TO DETERMINE,UNABLE TO DETERMINE,,NONINCAPACITATING INJURY,15,10,41.9291932092,-87.6489493132,2021,25,POINT (-87.6489493132 41.9291932092),,,,,2021-10-10,False,6,Lincoln Park
6411,30,TRAFFIC SIGNAL,FUNCTIONING PROPERLY,CLEAR,DAYLIGHT,PEDALCYCLIST,NOT DIVIDED,STRAIGHT AND LEVEL,DRY,NO DEFECTS,,DRIVING SKILLS/KNOWLEDGE/EXPERIENCE,UNABLE TO DETERMINE,,"REPORTED, NOT EVIDENT",16,10,41.8513384347,-87.6383474342,2021,30,POINT (-87.6383474342 41.8513384347),,,,,2021-10-10,False,30,Lower West Side
6412,30,TRAFFIC SIGNAL,FUNCTIONING PROPERLY,CLEAR,DAYLIGHT,PEDALCYCLIST,DIVIDED - W/MEDIAN BARRIER,STRAIGHT AND LEVEL,DRY,UNKNOWN,,FAILING TO YIELD RIGHT-OF-WAY,IMPROPER LANE USAGE,,NO INDICATION OF INJURY,7,10,41.8975266986,-87.6239875752,2021,30,POINT (-87.6239875752 41.8975266986),,,,,2021-10-11,False,7,Near North Side
6413,30,NO CONTROLS,NO CONTROLS,CLEAR,DAYLIGHT,PEDALCYCLIST,NOT DIVIDED,STRAIGHT AND LEVEL,UNKNOWN,UNKNOWN,,UNABLE TO DETERMINE,UNABLE TO DETERMINE,,NONINCAPACITATING INJURY,8,10,41.9433746606,-87.6637691163,2021,30,POINT (-87.6637691163 41.9433746606),,,,,2021-10-11,False,5,Lake View
6414,30,STOP SIGN/FLASHER,FUNCTIONING PROPERLY,CLEAR,DAYLIGHT,PEDALCYCLIST,FOUR WAY,STRAIGHT AND LEVEL,DRY,NO DEFECTS,Y,UNABLE TO DETERMINE,NOT APPLICABLE,,NONINCAPACITATING INJURY,9,10,41.8158938934,-87.6587972478,2021,30,POINT (-87.6587972478 41.8158938934),,,,,2021-10-11,False,60,New City
6415,30,TRAFFIC SIGNAL,FUNCTIONING PROPERLY,RAIN,DAYLIGHT,PEDALCYCLIST,NOT DIVIDED,STRAIGHT AND LEVEL,WET,NO DEFECTS,,NOT APPLICABLE,NOT APPLICABLE,,NO INDICATION OF INJURY,13,10,41.9310210058,-87.6768640181,2021,30,POINT (-87.6768640181 41.9310210058),,,,,2021-10-11,False,6,Lincoln Park
6416,30,NO CONTROLS,NO CONTROLS,RAIN,DAYLIGHT,PEDALCYCLIST,OTHER,STRAIGHT AND LEVEL,WET,NO DEFECTS,,UNABLE TO DETERMINE,NOT APPLICABLE,,NO INDICATION OF INJURY,13,10,41.9323068118,-87.6855870062,2021,30,POINT (-87.6855870062 41.9323068118),,,,,2021-10-11,False,4,North Center
6417,30,STOP SIGN/FLASHER,FUNCTIONING PROPERLY,CLOUDY/OVERCAST,DAWN,PEDALCYCLIST,FOUR WAY,STRAIGHT AND LEVEL,UNKNOWN,UNKNOWN,,UNABLE TO DETERMINE,NOT APPLICABLE,,NONINCAPACITATING INJURY,7,10,41.9981102252,-87.6746174481,2021,30,POINT (-87.6746174481 41.9981102252),,,,,2021-10-12,False,0,Rogers Park
6418,30,NO CONTROLS,NO CONTROLS,CLEAR,DAYLIGHT,PEDALCYCLIST,DIVIDED - W/MEDIAN (NOT RAISED),STRAIGHT AND LEVEL,DRY,NO DEFECTS,Y,UNABLE TO DETERMINE,UNABLE TO DETERMINE,,"REPORTED, NOT EVIDENT",14,10,41.8381492661,-87.6469527979,2021,30,POINT (-87.6469527979 41.8381492661),,,,,2021-10-12,False,30,Lower West Side
6419,30,NO CONTROLS,NO CONTROLS,CLEAR,DAYLIGHT,PEDALCYCLIST,NOT DIVIDED,STRAIGHT AND LEVEL,DRY,NO DEFECTS,,NOT APPLICABLE,NOT APPLICABLE,,NONINCAPACITATING INJURY,17,10,41.937737234,-87.8326658589,2021,30,POINT (-87.8326658589 41.937737234),,,,,2021-10-12,False,16,Dunning
6420,30,NO CONTROLS,NO CONTROLS,CLEAR,"DARKNESS, LIGHTED ROAD",PEDALCYCLIST,DIVIDED - W/MEDIAN (NOT RAISED),STRAIGHT AND LEVEL,WET,NO DEFECTS,,FAILING TO YIELD RIGHT-OF-WAY,UNABLE TO DETERMINE,,NONINCAPACITATING INJURY,19,10,41.9633828371,-87.6791119961,2021,30,POINT (-87.6791119961 41.9633828371),,,,,2021-10-12,False,3,Lincoln Square
6421,25,NO CONTROLS,NO CONTROLS,CLEAR,DARKNESS,PEDALCYCLIST,NOT DIVIDED,STRAIGHT AND LEVEL,DRY,UNKNOWN,,DRIVING SKILLS/KNOWLEDGE/EXPERIENCE,UNABLE TO DETERMINE,,INCAPACITATING INJURY,19,10,41.9029719123,-87.6834849313,2021,25,POINT (-87.6834849313 41.9029719123),,,,,2021-10-12,True,23,West Town
6422,30,TRAFFIC SIGNAL,FUNCTIONING PROPERLY,CLEAR,"DARKNESS, LIGHTED ROAD",PEDALCYCLIST,"FIVE POINT, OR MORE",STRAIGHT AND LEVEL,DRY,NO DEFECTS,Y,FAILING TO YIELD RIGHT-OF-WAY,UNABLE TO DETERMINE,,NONINCAPACITATING INJURY,19,10,41.9255403154,-87.6489121555,2021,30,POINT (-87.6489121555 41.9255403154),,,,,2021-10-12,False,6,Lincoln Park
6423,25,STOP SIGN/FLASHER,NO CONTROLS,CLEAR,DAYLIGHT,PEDALCYCLIST,DIVIDED - W/MEDIAN (NOT RAISED),STRAIGHT AND LEVEL,DRY,NO DEFECTS,,NOT APPLICABLE,NOT APPLICABLE,,NO INDICATION OF INJURY,8,10,41.9765706846,-87.6485459454,2021,25,POINT (-87.6485459454 41.9765706846),,,,,2021-10-13,False,2,Uptown
6424,30,STOP SIGN/FLASHER,FUNCTIONING PROPERLY,CLEAR,DAYLIGHT,PEDALCYCLIST,NOT DIVIDED,STRAIGHT AND LEVEL,DRY,UNKNOWN,,FAILING TO YIELD RIGHT-OF-WAY,UNABLE TO DETERMINE,,NONINCAPACITATING INJURY,8,10,42.0155482771,-87.7042299627,2021,30,POINT (-87.7042299627 42.0155482771),,,,,2021-10-13,False,1,West Ridge
6425,30,UNKNOWN,UNKNOWN,UNKNOWN,UNKNOWN,PEDALCYCLIST,UNKNOWN,STRAIGHT AND LEVEL,UNKNOWN,UNKNOWN,,UNABLE TO DETERMINE,NOT APPLICABLE,,NO INDICATION OF INJURY,12,10,41.9875919595,-87.7646387266,2021,30,POINT (-87.7646387266 41.9875919595),,,,,2021-10-13,False,10,Jefferson Park
6426,30,TRAFFIC SIGNAL,FUNCTIONING PROPERLY,RAIN,DAYLIGHT,PEDALCYCLIST,FOUR WAY,STRAIGHT AND LEVEL,WET,NO DEFECTS,Y,FAILING TO YIELD RIGHT-OF-WAY,NOT APPLICABLE,,NONINCAPACITATING INJURY,15,10,41.9029699526,-87.6970278123,2021,30,POINT (-87.6970278123 41.9029699526),,,,,2021-10-13,False,22,Humboldt Park
6427,25,STOP SIGN/FLASHER,NO CONTROLS,RAIN,DAYLIGHT,PEDALCYCLIST,ONE-WAY,STRAIGHT AND LEVEL,WET,NO DEFECTS,Y,FOLLOWING TOO CLOSELY,UNABLE TO DETERMINE,,"REPORTED, NOT EVIDENT",15,10,41.9890506285,-87.6652622209,2021,25,POINT (-87.6652622209 41.9890506285),,,,,2021-10-13,False,76,Edgewater
6428,30,NO CONTROLS,NO CONTROLS,RAIN,DAWN,PEDALCYCLIST,NOT DIVIDED,STRAIGHT AND LEVEL,WET,UNKNOWN,,FAILING TO YIELD RIGHT-OF-WAY,UNABLE TO DETERMINE,,NONINCAPACITATING INJURY,6,10,41.9831011179,-87.714822393,2021,30,POINT (-87.714822393 41.9831011179),,,,,2021-10-14,False,12,North Park
6429,30,NO CONTROLS,NO CONTROLS,CLEAR,DAYLIGHT,PEDALCYCLIST,ONE-WAY,STRAIGHT AND LEVEL,WET,NO DEFECTS,,NOT APPLICABLE,NOT APPLICABLE,,NONINCAPACITATING INJURY,11,10,41.8746973331,-87.7090932699,2021,30,POINT (-87.7090932699 41.8746973331),,,,,2021-10-14,False,26,Garfield Park
6430,35,TRAFFIC SIGNAL,FUNCTIONING PROPERLY,CLEAR,DAYLIGHT,PEDALCYCLIST,DIVIDED - W/MEDIAN (NOT RAISED),STRAIGHT AND LEVEL,DRY,NO DEFECTS,,FAILING TO YIELD RIGHT-OF-WAY,FAILING TO REDUCE SPEED TO AVOID CRASH,,NO INDICATION OF INJURY,15,10,41.9829398126,-87.7282892289,2021,35,POINT (-87.7282892289 41.9829398126),,,,,2021-10-14,False,11,Forest Glen
6431,30,NO CONTROLS,NO CONTROLS,CLEAR,DAYLIGHT,PEDALCYCLIST,DIVIDED - W/MEDIAN (NOT RAISED),STRAIGHT AND LEVEL,DRY,NO DEFECTS,,FAILING TO REDUCE SPEED TO AVOID CRASH,DRIVING SKILLS/KNOWLEDGE/EXPERIENCE,,NONINCAPACITATING INJURY,16,10,41.9645283728,-87.7347103057,2021,30,POINT (-87.7347103057 41.9645283728),,,,,2021-10-14,False,13,Albany Park
6432,30,TRAFFIC SIGNAL,FUNCTIONING PROPERLY,CLEAR,DAYLIGHT,PEDALCYCLIST,NOT DIVIDED,STRAIGHT AND LEVEL,DRY,UNKNOWN,Y,FAILING TO YIELD RIGHT-OF-WAY,NOT APPLICABLE,,NONINCAPACITATING INJURY,16,10,42.0077757359,-87.6701800151,2021,30,POINT (-87.6701800151 42.0077757359),,,,,2021-10-14,False,0,Rogers Park
6433,30,NO CONTROLS,NO CONTROLS,CLEAR,DUSK,PEDALCYCLIST,NOT DIVIDED,STRAIGHT AND LEVEL,DRY,NO DEFECTS,,UNABLE TO DETERMINE,UNABLE TO DETERMINE,,NO INDICATION OF INJURY,16,10,41.8138956386,-87.6911871344,2021,30,POINT (-87.6911871344 41.8138956386),,,,,2021-10-14,False,57,Brighton Park
6434,20,NO CONTROLS,NO CONTROLS,CLEAR,"DARKNESS, LIGHTED ROAD",PEDALCYCLIST,ONE-WAY,STRAIGHT AND LEVEL,DRY,NO DEFECTS,,FAILING TO YIELD RIGHT-OF-WAY,FAILING TO YIELD RIGHT-OF-WAY,,NO INDICATION OF INJURY,18,10,41.982540678,-87.7123522617,2021,20,POINT (-87.7123522617 41.982540678),,,,,2021-10-14,False,12,North Park
6435,30,TRAFFIC SIGNAL,FUNCTIONING PROPERLY,CLEAR,"DARKNESS, LIGHTED ROAD",PEDALCYCLIST,NOT DIVIDED,STRAIGHT AND LEVEL,DRY,NO DEFECTS,,FAILING TO YIELD RIGHT-OF-WAY,UNABLE TO DETERMINE,,NO INDICATION OF INJURY,19,10,41.8891582371,-87.642948945,2021,30,POINT (-87.642948945 41.8891582371),,,,,2021-10-14,False,7,Near North Side