Unnamed: 0,POSTED_SPEED_LIMIT,TRAFFIC_CONTROL_DEVICE,DEVICE_CONDITION,WEATHER_CONDITION,LIGHTING_CONDITION,FIRST_CRASH_TYPE,TRAFFICWAY_TYPE,ALIGNMENT,ROADWAY_SURFACE_COND,ROAD_DEFECT,INTERSECTION_RELATED_I,PRIM_CONTRIBUTORY_CAUSE,SEC_CONTRIBUTORY_CAUSE,DOORING_I,MOST_SEVERE_INJURY,CRASH_HOUR,CRASH_MONTH,LATITUDE,LONGITUDE,CRASH_YEAR,SPEED_LIMIT,geometry,DISPLAYROU,the_geom,DIST,LANE_TYPE,CRASH_DATE,is_severe,index_right,CArea
6436,30,NO CONTROLS,FUNCTIONING PROPERLY,CLEAR,"DARKNESS, LIGHTED ROAD",PEDALCYCLIST,NOT DIVIDED,STRAIGHT AND LEVEL,DRY,NO DEFECTS,Y,FAILING TO YIELD RIGHT-OF-WAY,NOT APPLICABLE,,NONINCAPACITATING INJURY,20,10,41.8891932791,-87.638150695,2021,30,POINT (-87.638150695 41.8891932791),,,,,2021-10-14,False,7,Near North Side
6437,30,TRAFFIC SIGNAL,FUNCTIONING PROPERLY,CLEAR,DAYLIGHT,PEDALCYCLIST,DIVIDED - W/MEDIAN BARRIER,STRAIGHT AND LEVEL,DRY,NO DEFECTS,,UNABLE TO DETERMINE,UNABLE TO DETERMINE,,"REPORTED, NOT EVIDENT",8,10,41.9352090574,-87.7172386008,2021,30,POINT (-87.7172386008 41.9352090574),,,,,2021-10-15,False,20,Avondale
6438,30,NO CONTROLS,NO CONTROLS,RAIN,DAYLIGHT,PEDALCYCLIST,DIVIDED - W/MEDIAN (NOT RAISED),STRAIGHT AND LEVEL,DRY,NO DEFECTS,,FAILING TO YIELD RIGHT-OF-WAY,DRIVING SKILLS/KNOWLEDGE/EXPERIENCE,Y,NONINCAPACITATING INJURY,11,10,41.9335233722,-87.6975059482,2021,30,POINT (-87.6975059482 41.9335233722),,,,,2021-10-15,False,20,Avondale
6439,30,TRAFFIC SIGNAL,FUNCTIONING PROPERLY,CLEAR,DAYLIGHT,PEDALCYCLIST,ONE-WAY,STRAIGHT AND LEVEL,UNKNOWN,UNKNOWN,,IMPROPER OVERTAKING/PASSING,UNABLE TO DETERMINE,,NONINCAPACITATING INJURY,13,10,41.9434526773,-87.6688257281,2021,30,POINT (-87.6688257281 41.9434526773),,,,,2021-10-15,False,5,Lake View
6440,30,STOP SIGN/FLASHER,FUNCTIONING PROPERLY,CLEAR,DAYLIGHT,PEDALCYCLIST,ONE-WAY,STRAIGHT AND LEVEL,DRY,NO DEFECTS,,UNABLE TO DETERMINE,UNABLE TO DETERMINE,Y,NO INDICATION OF INJURY,13,10,41.9236463073,-87.6546185491,2021,30,POINT (-87.6546185491 41.9236463073),,,,,2021-10-15,False,6,Lincoln Park
6441,25,NO CONTROLS,NO CONTROLS,CLOUDY/OVERCAST,DAYLIGHT,PEDALCYCLIST,ONE-WAY,STRAIGHT AND LEVEL,DRY,NO DEFECTS,,UNABLE TO DETERMINE,NOT APPLICABLE,,NONINCAPACITATING INJURY,14,10,41.9432382148,-87.6683890229,2021,25,POINT (-87.6683890229 41.9432382148),,,,,2021-10-15,False,5,Lake View
6442,30,TRAFFIC SIGNAL,FUNCTIONING PROPERLY,CLEAR,DAYLIGHT,PEDALCYCLIST,FOUR WAY,STRAIGHT AND LEVEL,DRY,NO DEFECTS,Y,FAILING TO YIELD RIGHT-OF-WAY,NOT APPLICABLE,,NONINCAPACITATING INJURY,15,10,41.8767805532,-87.6472637353,2021,30,POINT (-87.6472637353 41.8767805532),,,,,2021-10-15,False,27,Near West Side
6443,35,TRAFFIC SIGNAL,FUNCTIONING PROPERLY,CLEAR,"DARKNESS, LIGHTED ROAD",PEDALCYCLIST,DIVIDED - W/MEDIAN (NOT RAISED),STRAIGHT AND LEVEL,DRY,NO DEFECTS,,DRIVING SKILLS/KNOWLEDGE/EXPERIENCE,NOT APPLICABLE,Y,NONINCAPACITATING INJURY,17,10,41.9298334204,-87.7084269587,2021,35,POINT (-87.7084269587 41.9298334204),,,,,2021-10-15,False,21,Logan Square
6444,30,TRAFFIC SIGNAL,FUNCTIONING PROPERLY,CLEAR,DAYLIGHT,PEDALCYCLIST,FOUR WAY,STRAIGHT AND LEVEL,DRY,NO DEFECTS,Y,FAILING TO YIELD RIGHT-OF-WAY,IMPROPER TURNING/NO SIGNAL,,NONINCAPACITATING INJURY,17,10,41.8907475879,-87.6339012972,2021,30,POINT (-87.6339012972 41.8907475879),,,,,2021-10-15,False,7,Near North Side
6445,30,NO CONTROLS,NO CONTROLS,CLEAR,DAWN,PEDALCYCLIST,DIVIDED - W/MEDIAN BARRIER,STRAIGHT AND LEVEL,DRY,UNKNOWN,,FAILING TO YIELD RIGHT-OF-WAY,FAILING TO YIELD RIGHT-OF-WAY,,NONINCAPACITATING INJURY,18,10,41.9542828142,-87.6775063172,2021,30,POINT (-87.6775063172 41.9542828142),,,,,2021-10-15,False,4,North Center
6446,30,STOP SIGN/FLASHER,FUNCTIONING PROPERLY,CLEAR,DAYLIGHT,PEDALCYCLIST,OTHER,STRAIGHT AND LEVEL,DRY,NO DEFECTS,,UNABLE TO DETERMINE,UNABLE TO DETERMINE,,NONINCAPACITATING INJURY,9,10,41.9061853514,-87.6677163347,2021,30,POINT (-87.6677163347 41.9061853514),,,,,2021-10-16,False,23,West Town
6447,30,TRAFFIC SIGNAL,FUNCTIONING PROPERLY,CLEAR,DAYLIGHT,PEDALCYCLIST,NOT DIVIDED,STRAIGHT AND LEVEL,DRY,NO DEFECTS,Y,FAILING TO YIELD RIGHT-OF-WAY,UNABLE TO DETERMINE,,INCAPACITATING INJURY,15,10,41.9740107999,-87.713666504,2021,30,POINT (-87.713666504 41.9740107999),,,,,2021-10-16,True,12,North Park
6448,30,TRAFFIC SIGNAL,FUNCTIONING PROPERLY,CLEAR,DAYLIGHT,PEDALCYCLIST,NOT DIVIDED,STRAIGHT AND LEVEL,UNKNOWN,UNKNOWN,,IMPROPER OVERTAKING/PASSING,UNABLE TO DETERMINE,,"REPORTED, NOT EVIDENT",1,10,41.9253616978,-87.6484234616,2021,30,POINT (-87.6484234616 41.9253616978),,,,,2021-10-17,False,6,Lincoln Park
6449,30,STOP SIGN/FLASHER,FUNCTIONING PROPERLY,CLEAR,"DARKNESS, LIGHTED ROAD",PEDALCYCLIST,ONE-WAY,STRAIGHT AND LEVEL,DRY,NO DEFECTS,Y,DISREGARDING STOP SIGN,UNABLE TO DETERMINE,,"REPORTED, NOT EVIDENT",2,10,41.7733947289,-87.5729716092,2021,30,POINT (-87.5729716092 41.7733947289),,,,,2021-10-17,False,41,Woodlawn
6450,20,STOP SIGN/FLASHER,FUNCTIONING PROPERLY,CLEAR,DAYLIGHT,PEDALCYCLIST,NOT DIVIDED,STRAIGHT AND LEVEL,DRY,NO DEFECTS,Y,NOT APPLICABLE,NOT APPLICABLE,,NO INDICATION OF INJURY,16,10,41.903248153,-87.6665338117,2021,20,POINT (-87.6665338117 41.903248153),,,,,2021-10-17,False,23,West Town
6451,30,STOP SIGN/FLASHER,FUNCTIONING PROPERLY,CLEAR,"DARKNESS, LIGHTED ROAD",PEDALCYCLIST,DIVIDED - W/MEDIAN (NOT RAISED),STRAIGHT AND LEVEL,DRY,NO DEFECTS,Y,DISREGARDING STOP SIGN,FAILING TO YIELD RIGHT-OF-WAY,,NONINCAPACITATING INJURY,19,10,41.9815469749,-87.6549834816,2021,30,POINT (-87.6549834816 41.9815469749),,,,,2021-10-17,False,76,Edgewater
6452,30,STOP SIGN/FLASHER,FUNCTIONING PROPERLY,CLEAR,"DARKNESS, LIGHTED ROAD",PEDALCYCLIST,ONE-WAY,STRAIGHT AND LEVEL,DRY,NO DEFECTS,,UNABLE TO DETERMINE,NOT APPLICABLE,,NONINCAPACITATING INJURY,20,10,41.8008537902,-87.6965856109,2021,30,POINT (-87.6965856109 41.8008537902),,,,,2021-10-17,False,62,Gage Park
6453,30,TRAFFIC SIGNAL,FUNCTIONING PROPERLY,CLEAR,DAYLIGHT,PEDALCYCLIST,T-INTERSECTION,STRAIGHT AND LEVEL,DRY,UNKNOWN,Y,FAILING TO YIELD RIGHT-OF-WAY,UNABLE TO DETERMINE,,NONINCAPACITATING INJURY,7,10,41.8405272009,-87.6659681615,2021,30,POINT (-87.6659681615 41.8405272009),,,,,2021-10-18,False,30,Lower West Side
6454,30,TRAFFIC SIGNAL,FUNCTIONING PROPERLY,CLEAR,DAYLIGHT,PEDALCYCLIST,NOT DIVIDED,STRAIGHT AND LEVEL,DRY,NO DEFECTS,Y,UNABLE TO DETERMINE,UNABLE TO DETERMINE,,NO INDICATION OF INJURY,7,10,41.9686387942,-87.6988397261,2021,30,POINT (-87.6988397261 41.9686387942),,,,,2021-10-18,False,3,Lincoln Square
6455,30,TRAFFIC SIGNAL,FUNCTIONING PROPERLY,CLEAR,DAYLIGHT,PEDALCYCLIST,NOT DIVIDED,STRAIGHT AND LEVEL,DRY,NO DEFECTS,Y,DISREGARDING OTHER TRAFFIC SIGNS,NOT APPLICABLE,,NONINCAPACITATING INJURY,10,10,41.8881265422,-87.7747619324,2021,30,POINT (-87.7747619324 41.8881265422),,,,,2021-10-18,False,24,Austin
6456,30,NO CONTROLS,NO CONTROLS,CLEAR,DAYLIGHT,PEDALCYCLIST,NOT DIVIDED,STRAIGHT AND LEVEL,DRY,NO DEFECTS,,NOT APPLICABLE,NOT APPLICABLE,Y,NONINCAPACITATING INJURY,16,10,41.9270119692,-87.6973281939,2021,30,POINT (-87.6973281939 41.9270119692),,,,,2021-10-18,False,21,Logan Square
6457,30,TRAFFIC SIGNAL,FUNCTIONING PROPERLY,CLEAR,DAYLIGHT,PEDALCYCLIST,NOT DIVIDED,STRAIGHT AND LEVEL,DRY,NO DEFECTS,Y,"VISION OBSCURED (SIGNS, TREE LIMBS, BUILDINGS, ETC.)","VISION OBSCURED (SIGNS, TREE LIMBS, BUILDINGS, ETC.)",,NONINCAPACITATING INJURY,17,10,41.7952978784,-87.587880176,2021,30,POINT (-87.587880176 41.7952978784),,,,,2021-10-18,False,40,Hyde Park
6458,30,TRAFFIC SIGNAL,FUNCTIONING PROPERLY,CLEAR,"DARKNESS, LIGHTED ROAD",PEDALCYCLIST,FOUR WAY,STRAIGHT AND LEVEL,DRY,NO DEFECTS,Y,DISREGARDING TRAFFIC SIGNALS,NOT APPLICABLE,,NONINCAPACITATING INJURY,19,10,41.9004418531,-87.6314216163,2021,30,POINT (-87.6314216163 41.9004418531),,,,,2021-10-18,False,7,Near North Side
6459,30,STOP SIGN/FLASHER,FUNCTIONING PROPERLY,CLEAR,"DARKNESS, LIGHTED ROAD",PEDALCYCLIST,FOUR WAY,STRAIGHT AND LEVEL,UNKNOWN,UNKNOWN,Y,FAILING TO YIELD RIGHT-OF-WAY,NOT APPLICABLE,,NONINCAPACITATING INJURY,19,10,41.9160934267,-87.6752148716,2021,30,POINT (-87.6752148716 41.9160934267),,,,,2021-10-18,False,6,Lincoln Park
6460,30,UNKNOWN,UNKNOWN,UNKNOWN,UNKNOWN,PEDALCYCLIST,NOT DIVIDED,STRAIGHT AND LEVEL,UNKNOWN,UNKNOWN,,UNABLE TO DETERMINE,UNABLE TO DETERMINE,,NO INDICATION OF INJURY,8,10,41.8990178138,-87.6344396872,2021,30,POINT (-87.6344396872 41.8990178138),,,,,2021-10-19,False,7,Near North Side
6461,30,NO CONTROLS,NO CONTROLS,CLEAR,DAYLIGHT,PEDALCYCLIST,NOT DIVIDED,STRAIGHT AND LEVEL,DRY,NO DEFECTS,Y,UNABLE TO DETERMINE,NOT APPLICABLE,,NONINCAPACITATING INJURY,8,10,41.8973749771,-87.6343788615,2021,30,POINT (-87.6343788615 41.8973749771),,,,,2021-10-19,False,7,Near North Side
6462,30,TRAFFIC SIGNAL,FUNCTIONING PROPERLY,CLEAR,DAYLIGHT,PEDALCYCLIST,FOUR WAY,STRAIGHT AND LEVEL,DRY,NO DEFECTS,Y,DRIVING SKILLS/KNOWLEDGE/EXPERIENCE,UNABLE TO DETERMINE,,"REPORTED, NOT EVIDENT",8,10,41.8024498092,-87.5853552861,2021,30,POINT (-87.5853552861 41.8024498092),,,,,2021-10-19,False,38,Kenwood
6463,30,NO CONTROLS,NO CONTROLS,CLEAR,DAYLIGHT,PEDALCYCLIST,NOT DIVIDED,STRAIGHT AND LEVEL,DRY,NO DEFECTS,,IMPROPER TURNING/NO SIGNAL,UNABLE TO DETERMINE,,NO INDICATION OF INJURY,9,10,41.9032183736,-87.6686555995,2021,30,POINT (-87.6686555995 41.9032183736),,,,,2021-10-19,False,23,West Town
6464,30,TRAFFIC SIGNAL,FUNCTIONING PROPERLY,CLEAR,DAYLIGHT,PEDALCYCLIST,FOUR WAY,STRAIGHT AND LEVEL,DRY,NO DEFECTS,,FAILING TO YIELD RIGHT-OF-WAY,NOT APPLICABLE,,NONINCAPACITATING INJURY,11,10,41.9101628468,-87.7119538677,2021,30,POINT (-87.7119538677 41.9101628468),,,,,2021-10-19,False,22,Humboldt Park
6465,25,TRAFFIC SIGNAL,FUNCTIONING PROPERLY,CLEAR,DAYLIGHT,PEDALCYCLIST,FOUR WAY,STRAIGHT AND LEVEL,DRY,NO DEFECTS,Y,IMPROPER OVERTAKING/PASSING,NOT APPLICABLE,,NO INDICATION OF INJURY,13,10,41.8524944505,-87.6466382406,2021,25,POINT (-87.6466382406 41.8524944505),,,,,2021-10-19,False,30,Lower West Side
6466,30,STOP SIGN/FLASHER,FUNCTIONING PROPERLY,CLEAR,DAYLIGHT,PEDALCYCLIST,NOT DIVIDED,STRAIGHT AND LEVEL,DRY,NO DEFECTS,,IMPROPER TURNING/NO SIGNAL,NOT APPLICABLE,,NO INDICATION OF INJURY,13,10,41.9014190776,-87.6770600232,2021,30,POINT (-87.6770600232 41.9014190776),,,,,2021-10-19,False,23,West Town
6467,30,NO CONTROLS,NO CONTROLS,CLEAR,DAYLIGHT,PEDALCYCLIST,ONE-WAY,STRAIGHT AND LEVEL,DRY,UNKNOWN,,IMPROPER OVERTAKING/PASSING,UNABLE TO DETERMINE,,NONINCAPACITATING INJURY,15,10,41.8818069601,-87.6295431154,2021,30,POINT (-87.6295431154 41.8818069601),,,,,2021-10-19,False,31,Loop
6468,30,TRAFFIC SIGNAL,FUNCTIONING PROPERLY,CLEAR,"DARKNESS, LIGHTED ROAD",PEDALCYCLIST,FOUR WAY,STRAIGHT AND LEVEL,DRY,NO DEFECTS,Y,UNABLE TO DETERMINE,UNABLE TO DETERMINE,,"REPORTED, NOT EVIDENT",18,10,41.8961847813,-87.6672132447,2021,30,POINT (-87.6672132447 41.8961847813),,,,,2021-10-19,False,23,West Town
6469,30,STOP SIGN/FLASHER,FUNCTIONING PROPERLY,CLEAR,DARKNESS,PEDALCYCLIST,FOUR WAY,STRAIGHT AND LEVEL,DRY,OTHER,Y,UNABLE TO DETERMINE,NOT APPLICABLE,,NONINCAPACITATING INJURY,19,10,41.9155108709,-87.7216781604,2021,30,POINT (-87.7216781604 41.9155108709),,,,,2021-10-19,False,21,Logan Square
6470,30,STOP SIGN/FLASHER,FUNCTIONING PROPERLY,CLEAR,"DARKNESS, LIGHTED ROAD",PEDALCYCLIST,FOUR WAY,STRAIGHT AND LEVEL,DRY,UNKNOWN,Y,DISREGARDING STOP SIGN,FAILING TO YIELD RIGHT-OF-WAY,,NONINCAPACITATING INJURY,20,10,41.9033391811,-87.6748853625,2021,30,POINT (-87.6748853625 41.9033391811),,,,,2021-10-19,False,23,West Town
6471,30,STOP SIGN/FLASHER,FUNCTIONING PROPERLY,CLEAR,DAYLIGHT,PEDALCYCLIST,ONE-WAY,STRAIGHT AND LEVEL,DRY,NO DEFECTS,,UNABLE TO DETERMINE,UNABLE TO DETERMINE,,NO INDICATION OF INJURY,6,10,41.9175937525,-87.7588774553,2021,30,POINT (-87.7588774553 41.9175937525),,,,,2021-10-20,False,18,Belmont Cragin
6472,30,STOP SIGN/FLASHER,OTHER,CLEAR,DAYLIGHT,PEDALCYCLIST,NOT DIVIDED,STRAIGHT AND LEVEL,DRY,NO DEFECTS,Y,DISREGARDING STOP SIGN,FAILING TO YIELD RIGHT-OF-WAY,,NO INDICATION OF INJURY,7,10,41.8976088605,-87.6577523792,2021,30,POINT (-87.6577523792 41.8976088605),,,,,2021-10-20,False,7,Near North Side
6474,30,YIELD,FUNCTIONING PROPERLY,CLEAR,DAYLIGHT,PEDALCYCLIST,NOT DIVIDED,STRAIGHT AND LEVEL,DRY,NO DEFECTS,,UNABLE TO DETERMINE,UNABLE TO DETERMINE,,"REPORTED, NOT EVIDENT",8,10,41.9690833191,-87.6598194536,2021,30,POINT (-87.6598194536 41.9690833191),,,,,2021-10-20,False,2,Uptown
6475,20,NO CONTROLS,NO CONTROLS,CLEAR,DAYLIGHT,PEDALCYCLIST,NOT DIVIDED,STRAIGHT AND LEVEL,DRY,NO DEFECTS,,FAILING TO YIELD RIGHT-OF-WAY,NOT APPLICABLE,,NONINCAPACITATING INJURY,8,10,41.9688840506,-87.6618085807,2021,20,POINT (-87.6618085807 41.9688840506),,,,,2021-10-20,False,2,Uptown
6476,30,NO CONTROLS,NO CONTROLS,CLEAR,DAYLIGHT,PEDALCYCLIST,T-INTERSECTION,STRAIGHT AND LEVEL,DRY,NO DEFECTS,Y,FAILING TO YIELD RIGHT-OF-WAY,IMPROPER TURNING/NO SIGNAL,,NONINCAPACITATING INJURY,8,10,41.9474052643,-87.7372613944,2021,30,POINT (-87.7372613944 41.9474052643),,,,,2021-10-20,False,15,Irving Park
6477,30,NO CONTROLS,NO CONTROLS,CLEAR,DAYLIGHT,PEDALCYCLIST,NOT DIVIDED,STRAIGHT AND LEVEL,DRY,UNKNOWN,,UNABLE TO DETERMINE,NOT APPLICABLE,Y,NONINCAPACITATING INJURY,15,10,42.0023416966,-87.6719251218,2021,30,POINT (-87.6719251218 42.0023416966),,,,,2021-10-20,False,0,Rogers Park
6478,30,TRAFFIC SIGNAL,FUNCTIONING PROPERLY,CLEAR,DAYLIGHT,PEDALCYCLIST,NOT DIVIDED,STRAIGHT AND LEVEL,DRY,NO DEFECTS,Y,UNABLE TO DETERMINE,UNABLE TO DETERMINE,,NO INDICATION OF INJURY,15,10,41.8805542454,-87.6474704057,2021,30,POINT (-87.6474704057 41.8805542454),,,,,2021-10-20,False,27,Near West Side
6479,30,TRAFFIC SIGNAL,UNKNOWN,UNKNOWN,DUSK,PEDALCYCLIST,ONE-WAY,STRAIGHT AND LEVEL,UNKNOWN,UNKNOWN,,IMPROPER OVERTAKING/PASSING,UNABLE TO DETERMINE,,NONINCAPACITATING INJURY,18,10,41.892394751,-87.6264153354,2021,30,POINT (-87.6264153354 41.892394751),,,,,2021-10-20,False,7,Near North Side
6480,30,TRAFFIC SIGNAL,FUNCTIONING PROPERLY,CLEAR,DAYLIGHT,PEDALCYCLIST,NOT DIVIDED,STRAIGHT AND LEVEL,DRY,NO DEFECTS,,FAILING TO YIELD RIGHT-OF-WAY,FAILING TO YIELD RIGHT-OF-WAY,,NONINCAPACITATING INJURY,7,10,41.9866778919,-87.8393586093,2021,30,POINT (-87.8393586093 41.9866778919),,,,,2021-10-21,False,75,O'Hare
6481,30,NO CONTROLS,NO CONTROLS,CLOUDY/OVERCAST,DAYLIGHT,PEDALCYCLIST,DIVIDED - W/MEDIAN (NOT RAISED),STRAIGHT AND LEVEL,DRY,WORN SURFACE,,UNABLE TO DETERMINE,NOT APPLICABLE,Y,INCAPACITATING INJURY,14,10,41.8660737935,-87.7243726771,2021,30,POINT (-87.7243726771 41.8660737935),,,,,2021-10-21,True,28,North Lawndale
6482,10,NO CONTROLS,NO CONTROLS,CLEAR,DAYLIGHT,PEDALCYCLIST,OTHER,STRAIGHT AND LEVEL,DRY,NO DEFECTS,Y,FAILING TO YIELD RIGHT-OF-WAY,NOT APPLICABLE,,"REPORTED, NOT EVIDENT",14,10,41.9966768574,-87.6899957552,2021,10,POINT (-87.6899957552 41.9966768574),,,,,2021-10-21,False,1,West Ridge
6483,30,NO CONTROLS,NO CONTROLS,CLEAR,DAYLIGHT,PEDALCYCLIST,DIVIDED - W/MEDIAN (NOT RAISED),STRAIGHT AND LEVEL,DRY,NO DEFECTS,,FAILING TO YIELD RIGHT-OF-WAY,NOT APPLICABLE,,NONINCAPACITATING INJURY,16,10,41.9650365902,-87.7354491379,2021,30,POINT (-87.7354491379 41.9650365902),,,,,2021-10-21,False,13,Albany Park
6484,25,NO CONTROLS,NO CONTROLS,CLEAR,"DARKNESS, LIGHTED ROAD",PEDALCYCLIST,NOT DIVIDED,STRAIGHT AND LEVEL,WET,NO DEFECTS,,UNABLE TO DETERMINE,UNABLE TO DETERMINE,,NONINCAPACITATING INJURY,17,10,41.9358036218,-87.6441095705,2021,25,POINT (-87.6441095705 41.9358036218),,,,,2021-10-21,False,5,Lake View
6485,30,NO CONTROLS,NO CONTROLS,CLEAR,DAYLIGHT,PEDALCYCLIST,DIVIDED - W/MEDIAN BARRIER,STRAIGHT AND LEVEL,DRY,NO DEFECTS,,UNABLE TO DETERMINE,UNABLE TO DETERMINE,Y,NONINCAPACITATING INJURY,17,10,41.91460002,-87.6842055997,2021,30,POINT (-87.6842055997 41.91460002),,,,,2021-10-22,False,21,Logan Square
6486,30,TRAFFIC SIGNAL,FUNCTIONING PROPERLY,CLEAR,"DARKNESS, LIGHTED ROAD",PEDALCYCLIST,DIVIDED - W/MEDIAN (NOT RAISED),STRAIGHT AND LEVEL,DRY,NO DEFECTS,Y,DISREGARDING TRAFFIC SIGNALS,FAILING TO REDUCE SPEED TO AVOID CRASH,,INCAPACITATING INJURY,18,10,41.9039923328,-87.6315948953,2021,30,POINT (-87.6315948953 41.9039923328),,,,,2021-10-22,True,7,Near North Side
6487,30,NO CONTROLS,NO CONTROLS,CLEAR,DAYLIGHT,PEDALCYCLIST,NOT DIVIDED,STRAIGHT AND LEVEL,DRY,NO DEFECTS,,FAILING TO YIELD RIGHT-OF-WAY,UNABLE TO DETERMINE,,NO INDICATION OF INJURY,8,10,41.8891639278,-87.6421345297,2021,30,POINT (-87.6421345297 41.8891639278),,,,,2021-10-23,False,7,Near North Side
6488,30,NO CONTROLS,NO CONTROLS,CLEAR,DAYLIGHT,PEDALCYCLIST,NOT DIVIDED,STRAIGHT AND LEVEL,DRY,NO DEFECTS,Y,UNABLE TO DETERMINE,UNABLE TO DETERMINE,,NONINCAPACITATING INJURY,10,10,41.9415459792,-87.7569052542,2021,30,POINT (-87.7569052542 41.9415459792),,,,,2021-10-23,False,14,Portage Park
6489,30,NO CONTROLS,NO CONTROLS,CLEAR,DAYLIGHT,PEDALCYCLIST,NOT DIVIDED,STRAIGHT AND LEVEL,DRY,NO DEFECTS,Y,UNABLE TO DETERMINE,UNABLE TO DETERMINE,,NONINCAPACITATING INJURY,14,10,42.01146046,-87.6745934517,2021,30,POINT (-87.6745934517 42.01146046),,,,,2021-10-23,False,0,Rogers Park
6490,30,NO CONTROLS,NO CONTROLS,CLEAR,DARKNESS,PEDALCYCLIST,NOT DIVIDED,STRAIGHT AND LEVEL,DRY,NO DEFECTS,,UNABLE TO DETERMINE,UNABLE TO DETERMINE,,NONINCAPACITATING INJURY,19,10,41.9321181656,-87.6445643934,2021,30,POINT (-87.6445643934 41.9321181656),,,,,2021-10-23,False,6,Lincoln Park
6491,30,TRAFFIC SIGNAL,FUNCTIONING PROPERLY,CLEAR,"DARKNESS, LIGHTED ROAD",PEDALCYCLIST,ONE-WAY,STRAIGHT AND LEVEL,DRY,NO DEFECTS,,UNABLE TO DETERMINE,NOT APPLICABLE,Y,NO INDICATION OF INJURY,19,10,41.9248126936,-87.7021727145,2021,30,POINT (-87.7021727145 41.9248126936),,,,,2021-10-23,False,21,Logan Square
6492,30,NO CONTROLS,NO CONTROLS,CLEAR,DAYLIGHT,PEDALCYCLIST,NOT DIVIDED,STRAIGHT AND LEVEL,DRY,NO DEFECTS,,FAILING TO YIELD RIGHT-OF-WAY,NOT APPLICABLE,,NONINCAPACITATING INJURY,21,10,41.9954609812,-87.6605797135,2021,30,POINT (-87.6605797135 41.9954609812),,,,,2021-10-23,False,76,Edgewater
6493,30,NO CONTROLS,NO CONTROLS,CLEAR,"DARKNESS, LIGHTED ROAD",PEDALCYCLIST,NOT DIVIDED,STRAIGHT AND LEVEL,DRY,NO DEFECTS,,UNABLE TO DETERMINE,UNABLE TO DETERMINE,,NONINCAPACITATING INJURY,3,10,41.8912795719,-87.6487336238,2021,30,POINT (-87.6487336238 41.8912795719),,,,,2021-10-24,False,7,Near North Side
6494,30,NO CONTROLS,NO CONTROLS,RAIN,DAYLIGHT,PEDALCYCLIST,NOT DIVIDED,STRAIGHT AND LEVEL,WET,NO DEFECTS,,UNABLE TO DETERMINE,NOT APPLICABLE,Y,NONINCAPACITATING INJURY,10,10,41.926206581,-87.7029657814,2021,30,POINT (-87.7029657814 41.926206581),,,,,2021-10-24,False,21,Logan Square
6495,10,NO CONTROLS,NO CONTROLS,RAIN,DAYLIGHT,PEDALCYCLIST,ALLEY,STRAIGHT AND LEVEL,WET,NO DEFECTS,,FAILING TO YIELD RIGHT-OF-WAY,FAILING TO REDUCE SPEED TO AVOID CRASH,,"REPORTED, NOT EVIDENT",13,10,41.9614256606,-87.7264700013,2021,10,POINT (-87.7264700013 41.9614256606),,,,,2021-10-24,False,13,Albany Park
6496,30,NO CONTROLS,NO CONTROLS,CLEAR,DAYLIGHT,PEDALCYCLIST,NOT DIVIDED,STRAIGHT AND LEVEL,DRY,NO DEFECTS,,FAILING TO YIELD RIGHT-OF-WAY,NOT APPLICABLE,N,NONINCAPACITATING INJURY,16,10,41.9977589568,-87.6946230133,2021,30,POINT (-87.6946230133 41.9977589568),,,,,2021-10-24,False,1,West Ridge
6497,30,NO CONTROLS,NO CONTROLS,RAIN,DAYLIGHT,PEDALCYCLIST,NOT DIVIDED,STRAIGHT AND LEVEL,WET,NO DEFECTS,,FAILING TO YIELD RIGHT-OF-WAY,FAILING TO YIELD RIGHT-OF-WAY,,NONINCAPACITATING INJURY,16,10,41.6917213895,-87.6232242071,2021,30,POINT (-87.6232242071 41.6917213895),,,,,2021-10-24,False,48,Roseland
6498,30,NO CONTROLS,FUNCTIONING PROPERLY,RAIN,"DARKNESS, LIGHTED ROAD",PEDALCYCLIST,Y-INTERSECTION,STRAIGHT AND LEVEL,WET,NO DEFECTS,Y,WEATHER,UNABLE TO DETERMINE,,NONINCAPACITATING INJURY,17,10,41.9516889307,-87.7442744473,2021,30,POINT (-87.7442744473 41.9516889307),,,,,2021-10-24,False,14,Portage Park
6499,30,TRAFFIC SIGNAL,UNKNOWN,RAIN,"DARKNESS, LIGHTED ROAD",PEDALCYCLIST,NOT DIVIDED,STRAIGHT AND LEVEL,WET,UNKNOWN,Y,UNABLE TO DETERMINE,UNABLE TO DETERMINE,,NO INDICATION OF INJURY,21,10,41.9253210637,-87.6487892455,2021,30,POINT (-87.6487892455 41.9253210637),,,,,2021-10-24,False,6,Lincoln Park
6500,35,TRAFFIC SIGNAL,FUNCTIONING PROPERLY,RAIN,DAYLIGHT,PEDALCYCLIST,NOT DIVIDED,STRAIGHT AND LEVEL,WET,NO DEFECTS,,FAILING TO YIELD RIGHT-OF-WAY,NOT APPLICABLE,N,NONINCAPACITATING INJURY,13,10,41.8950441424,-87.755665329,2021,35,POINT (-87.755665329 41.8950441424),,,,,2021-10-25,False,24,Austin
6501,30,TRAFFIC SIGNAL,FUNCTIONING PROPERLY,RAIN,DAYLIGHT,PEDALCYCLIST,NOT DIVIDED,STRAIGHT AND LEVEL,WET,UNKNOWN,,NOT APPLICABLE,NOT APPLICABLE,,NO INDICATION OF INJURY,14,10,41.9490953679,-87.7122345065,2021,30,POINT (-87.7122345065 41.9490953679),,,,,2021-10-25,False,15,Irving Park