Unnamed: 0,POSTED_SPEED_LIMIT,TRAFFIC_CONTROL_DEVICE,DEVICE_CONDITION,WEATHER_CONDITION,LIGHTING_CONDITION,FIRST_CRASH_TYPE,TRAFFICWAY_TYPE,ALIGNMENT,ROADWAY_SURFACE_COND,ROAD_DEFECT,INTERSECTION_RELATED_I,PRIM_CONTRIBUTORY_CAUSE,SEC_CONTRIBUTORY_CAUSE,DOORING_I,MOST_SEVERE_INJURY,CRASH_HOUR,CRASH_MONTH,LATITUDE,LONGITUDE,CRASH_YEAR,SPEED_LIMIT,geometry,DISPLAYROU,the_geom,DIST,LANE_TYPE,CRASH_DATE,is_severe,index_right,CArea
6502,30,TRAFFIC SIGNAL,FUNCTIONING PROPERLY,RAIN,DAYLIGHT,PEDALCYCLIST,FOUR WAY,STRAIGHT AND LEVEL,WET,NO DEFECTS,Y,FAILING TO YIELD RIGHT-OF-WAY,NOT APPLICABLE,,NO INDICATION OF INJURY,14,10,41.9287440784,-87.7025753021,2021,30,POINT (-87.7025753021 41.9287440784),,,,,2021-10-25,False,21,Logan Square
6503,30,NO CONTROLS,NO CONTROLS,CLEAR,"DARKNESS, LIGHTED ROAD",PEDALCYCLIST,NOT DIVIDED,STRAIGHT AND LEVEL,WET,NO DEFECTS,,UNABLE TO DETERMINE,NOT APPLICABLE,Y,NONINCAPACITATING INJURY,20,10,41.9322710363,-87.6701746734,2021,30,POINT (-87.6701746734 41.9322710363),,,,,2021-10-25,False,6,Lincoln Park
6504,20,UNKNOWN,UNKNOWN,RAIN,DARKNESS,PEDALCYCLIST,UNKNOWN,STRAIGHT AND LEVEL,WET,UNKNOWN,,UNABLE TO DETERMINE,UNABLE TO DETERMINE,,NO INDICATION OF INJURY,21,10,41.7220422799,-87.5975211361,2021,20,POINT (-87.5975211361 41.7220422799),,,,,2021-10-25,False,46,Burnside
6505,30,NO CONTROLS,NO CONTROLS,CLEAR,DAYLIGHT,PEDALCYCLIST,DIVIDED - W/MEDIAN (NOT RAISED),STRAIGHT AND LEVEL,DRY,NO DEFECTS,,FAILING TO YIELD RIGHT-OF-WAY,UNABLE TO DETERMINE,,NONINCAPACITATING INJURY,11,10,41.9215044009,-87.6778232261,2021,30,POINT (-87.6778232261 41.9215044009),,,,,2021-10-26,False,6,Lincoln Park
6506,30,NO CONTROLS,NO CONTROLS,CLEAR,UNKNOWN,PEDALCYCLIST,NOT DIVIDED,STRAIGHT AND LEVEL,UNKNOWN,UNKNOWN,,FAILING TO YIELD RIGHT-OF-WAY,UNABLE TO DETERMINE,,NONINCAPACITATING INJURY,17,10,41.9167558136,-87.6483027774,2021,30,POINT (-87.6483027774 41.9167558136),,,,,2021-10-26,False,6,Lincoln Park
6507,25,STOP SIGN/FLASHER,FUNCTIONING PROPERLY,CLEAR,"DARKNESS, LIGHTED ROAD",PEDALCYCLIST,FOUR WAY,STRAIGHT AND LEVEL,DRY,NO DEFECTS,,UNABLE TO DETERMINE,UNABLE TO DETERMINE,,NONINCAPACITATING INJURY,18,10,41.7786664929,-87.6070063309,2021,25,POINT (-87.6070063309 41.7786664929),,,,,2021-10-26,False,41,Woodlawn
6508,30,NO CONTROLS,NO CONTROLS,CLEAR,DAYLIGHT,PEDALCYCLIST,NOT DIVIDED,STRAIGHT AND LEVEL,DRY,NO DEFECTS,,UNABLE TO DETERMINE,NOT APPLICABLE,,NO INDICATION OF INJURY,9,10,41.8955850035,-87.7148144529,2021,30,POINT (-87.7148144529 41.8955850035),,,,,2021-10-27,False,22,Humboldt Park
6509,20,STOP SIGN/FLASHER,FUNCTIONING PROPERLY,CLEAR,DAYLIGHT,PEDALCYCLIST,ONE-WAY,STRAIGHT AND LEVEL,DRY,NO DEFECTS,Y,DISREGARDING STOP SIGN,FAILING TO YIELD RIGHT-OF-WAY,,NONINCAPACITATING INJURY,10,10,41.901184499,-87.6982335285,2021,20,POINT (-87.6982335285 41.901184499),,,,,2021-10-27,False,22,Humboldt Park
6510,30,TRAFFIC SIGNAL,FUNCTIONING PROPERLY,CLEAR,DAYLIGHT,PEDALCYCLIST,FOUR WAY,STRAIGHT AND LEVEL,DRY,WORN SURFACE,Y,UNABLE TO DETERMINE,UNABLE TO DETERMINE,,INCAPACITATING INJURY,14,10,41.9853960522,-87.6567387557,2021,30,POINT (-87.6567387557 41.9853960522),,,,,2021-10-27,True,76,Edgewater
6511,30,NO CONTROLS,NO CONTROLS,CLEAR,DAYLIGHT,PEDALCYCLIST,NOT DIVIDED,STRAIGHT AND LEVEL,DRY,NO DEFECTS,,UNABLE TO DETERMINE,UNABLE TO DETERMINE,,NONINCAPACITATING INJURY,15,10,41.6903460651,-87.6605560308,2021,30,POINT (-87.6605560308 41.6903460651),,,,,2021-10-27,False,74,Morgan Park
6512,15,NO CONTROLS,NO CONTROLS,CLEAR,DAYLIGHT,PEDALCYCLIST,NOT DIVIDED,STRAIGHT AND LEVEL,DRY,NO DEFECTS,Y,WEATHER,NOT APPLICABLE,N,"REPORTED, NOT EVIDENT",15,10,41.8350965169,-87.7171241318,2021,15,POINT (-87.7171241318 41.8350965169),,,,,2021-10-27,False,29,South Lawndale
6513,25,NO CONTROLS,NO CONTROLS,CLEAR,DARKNESS,PEDALCYCLIST,NOT DIVIDED,STRAIGHT AND LEVEL,DRY,UNKNOWN,,UNABLE TO DETERMINE,UNABLE TO DETERMINE,,NO INDICATION OF INJURY,20,10,41.9470591229,-87.6718907508,2021,25,POINT (-87.6718907508 41.9470591229),,,,,2021-10-27,False,5,Lake View
6514,30,TRAFFIC SIGNAL,FUNCTIONING PROPERLY,CLEAR,"DARKNESS, LIGHTED ROAD",PEDALCYCLIST,FOUR WAY,STRAIGHT AND LEVEL,DRY,NO DEFECTS,Y,DISREGARDING TRAFFIC SIGNALS,FAILING TO YIELD RIGHT-OF-WAY,,INCAPACITATING INJURY,20,10,41.8912792935,-87.6141075333,2021,30,POINT (-87.6141075333 41.8912792935),,,,,2021-10-27,True,7,Near North Side
6515,30,TRAFFIC SIGNAL,FUNCTIONING PROPERLY,CLEAR,"DARKNESS, LIGHTED ROAD",PEDALCYCLIST,DIVIDED - W/MEDIAN (NOT RAISED),STRAIGHT AND LEVEL,DRY,UNKNOWN,,IMPROPER LANE USAGE,IMPROPER OVERTAKING/PASSING,,NONINCAPACITATING INJURY,21,10,41.9326744181,-87.6582286885,2021,30,POINT (-87.6582286885 41.9326744181),,,,,2021-10-27,False,5,Lake View
6516,20,NO CONTROLS,NO CONTROLS,CLEAR,"DARKNESS, LIGHTED ROAD",PEDALCYCLIST,ONE-WAY,STRAIGHT AND LEVEL,DRY,NO DEFECTS,,DRIVING SKILLS/KNOWLEDGE/EXPERIENCE,PHYSICAL CONDITION OF DRIVER,,NONINCAPACITATING INJURY,23,10,41.9492982361,-87.6836234866,2021,20,POINT (-87.6836234866 41.9492982361),,,,,2021-10-27,False,4,North Center
6517,30,NO CONTROLS,NO CONTROLS,RAIN,"DARKNESS, LIGHTED ROAD",PEDALCYCLIST,DRIVEWAY,STRAIGHT AND LEVEL,WET,UNKNOWN,,FAILING TO YIELD RIGHT-OF-WAY,NOT APPLICABLE,,NONINCAPACITATING INJURY,16,10,41.9435384844,-87.7468451431,2021,30,POINT (-87.7468451431 41.9435384844),,,,,2021-10-28,False,14,Portage Park
6518,30,TRAFFIC SIGNAL,FUNCTIONING IMPROPERLY,RAIN,"DARKNESS, LIGHTED ROAD",PEDALCYCLIST,T-INTERSECTION,STRAIGHT AND LEVEL,WET,NO DEFECTS,,FAILING TO REDUCE SPEED TO AVOID CRASH,NOT APPLICABLE,,"REPORTED, NOT EVIDENT",18,10,41.86888416,-87.6393925403,2021,30,POINT (-87.6393925403 41.86888416),,,,,2021-10-28,False,27,Near West Side
6519,30,UNKNOWN,UNKNOWN,RAIN,DUSK,PEDALCYCLIST,FOUR WAY,STRAIGHT AND LEVEL,WET,UNKNOWN,,NOT APPLICABLE,UNABLE TO DETERMINE,,NO INDICATION OF INJURY,19,10,41.8910760514,-87.6474267907,2021,30,POINT (-87.6474267907 41.8910760514),,,,,2021-10-28,False,7,Near North Side
6520,30,NO CONTROLS,NO CONTROLS,RAIN,"DARKNESS, LIGHTED ROAD",PEDALCYCLIST,DIVIDED - W/MEDIAN BARRIER,STRAIGHT AND LEVEL,WET,UNKNOWN,,UNABLE TO DETERMINE,NOT APPLICABLE,,NONINCAPACITATING INJURY,22,10,41.9580352196,-87.6646651756,2021,30,POINT (-87.6646651756 41.9580352196),,,,,2021-10-28,False,2,Uptown
6521,30,STOP SIGN/FLASHER,FUNCTIONING PROPERLY,RAIN,DAYLIGHT,PEDALCYCLIST,NOT DIVIDED,STRAIGHT AND LEVEL,WET,NO DEFECTS,,NOT APPLICABLE,NOT APPLICABLE,,NO INDICATION OF INJURY,6,10,41.7910253098,-87.7721564103,2021,30,POINT (-87.7721564103 41.7910253098),,,,,2021-10-29,False,55,Garfield Ridge
6522,30,NO CONTROLS,NO CONTROLS,RAIN,"DARKNESS, LIGHTED ROAD",PEDALCYCLIST,NOT DIVIDED,STRAIGHT AND LEVEL,WET,NO DEFECTS,Y,WEATHER,NOT APPLICABLE,,NONINCAPACITATING INJURY,17,10,41.9457975261,-87.7643567294,2021,30,POINT (-87.7643567294 41.9457975261),,,,,2021-10-29,False,14,Portage Park
6523,30,TRAFFIC SIGNAL,FUNCTIONING PROPERLY,RAIN,DUSK,PEDALCYCLIST,NOT DIVIDED,STRAIGHT AND LEVEL,WET,NO DEFECTS,Y,UNABLE TO DETERMINE,FAILING TO YIELD RIGHT-OF-WAY,,NONINCAPACITATING INJURY,18,10,41.9314422854,-87.7565688949,2021,30,POINT (-87.7565688949 41.9314422854),,,,,2021-10-29,False,18,Belmont Cragin
6524,30,TRAFFIC SIGNAL,FUNCTIONING PROPERLY,RAIN,DAYLIGHT,PEDALCYCLIST,NOT DIVIDED,STRAIGHT AND LEVEL,WET,NO DEFECTS,,DISREGARDING TRAFFIC SIGNALS,NOT APPLICABLE,,INCAPACITATING INJURY,9,10,41.8521276608,-87.6759854491,2021,30,POINT (-87.6759854491 41.8521276608),,,,,2021-10-30,True,30,Lower West Side
6525,25,STOP SIGN/FLASHER,FUNCTIONING PROPERLY,CLEAR,DAYLIGHT,PEDALCYCLIST,FOUR WAY,STRAIGHT AND LEVEL,DRY,NO DEFECTS,Y,DISREGARDING STOP SIGN,UNABLE TO DETERMINE,,"REPORTED, NOT EVIDENT",14,10,41.9410775571,-87.6445786076,2021,25,POINT (-87.6445786076 41.9410775571),,,,,2021-10-30,False,5,Lake View
6526,30,TRAFFIC SIGNAL,FUNCTIONING PROPERLY,CLEAR,DAYLIGHT,PEDALCYCLIST,FOUR WAY,STRAIGHT AND LEVEL,DRY,NO DEFECTS,Y,NOT APPLICABLE,NOT APPLICABLE,,NO INDICATION OF INJURY,15,10,41.7354189366,-87.6824008184,2021,30,POINT (-87.6824008184 41.7354189366),,,,,2021-10-30,False,69,Ashburn
6527,30,NO CONTROLS,NO CONTROLS,CLEAR,DARKNESS,PEDALCYCLIST,NOT DIVIDED,STRAIGHT AND LEVEL,DRY,NO DEFECTS,,NOT APPLICABLE,NOT APPLICABLE,,NONINCAPACITATING INJURY,18,10,41.7839466067,-87.7303891912,2021,30,POINT (-87.7303891912 41.7839466067),,,,,2021-10-30,False,64,West Lawn
6528,30,TRAFFIC SIGNAL,FUNCTIONING PROPERLY,CLEAR,"DARKNESS, LIGHTED ROAD",PEDALCYCLIST,DIVIDED - W/MEDIAN BARRIER,STRAIGHT AND LEVEL,DRY,NO DEFECTS,,FAILING TO REDUCE SPEED TO AVOID CRASH,FAILING TO YIELD RIGHT-OF-WAY,,NONINCAPACITATING INJURY,23,10,41.883171112,-87.6245440168,2021,30,POINT (-87.6245440168 41.883171112),,,,,2021-10-30,False,31,Loop
6529,25,NO CONTROLS,NO CONTROLS,UNKNOWN,DAWN,PEDALCYCLIST,NOT DIVIDED,STRAIGHT AND LEVEL,UNKNOWN,UNKNOWN,,UNABLE TO DETERMINE,UNABLE TO DETERMINE,,NO INDICATION OF INJURY,7,10,41.8987738753,-87.7463925175,2021,25,POINT (-87.7463925175 41.8987738753),,,,,2021-10-31,False,24,Austin
6530,20,STOP SIGN/FLASHER,FUNCTIONING PROPERLY,CLEAR,DAYLIGHT,PEDALCYCLIST,DIVIDED - W/MEDIAN (NOT RAISED),STRAIGHT AND LEVEL,DRY,NO DEFECTS,,DISREGARDING STOP SIGN,FAILING TO YIELD RIGHT-OF-WAY,,NO INDICATION OF INJURY,10,10,41.860255541,-87.6138875589,2021,20,POINT (-87.6138875589 41.860255541),,,,,2021-10-31,False,32,Near South Side
6531,35,TRAFFIC SIGNAL,FUNCTIONING PROPERLY,CLEAR,DAYLIGHT,PEDALCYCLIST,NOT DIVIDED,STRAIGHT AND LEVEL,DRY,NO DEFECTS,Y,UNABLE TO DETERMINE,FAILING TO YIELD RIGHT-OF-WAY,,NO INDICATION OF INJURY,11,10,41.7384684043,-87.7217040099,2021,35,POINT (-87.7217040099 41.7384684043),,,,,2021-10-31,False,69,Ashburn
6532,30,NO CONTROLS,NO CONTROLS,CLEAR,DAYLIGHT,PEDALCYCLIST,DIVIDED - W/MEDIAN (NOT RAISED),STRAIGHT AND LEVEL,DRY,NO DEFECTS,,FAILING TO YIELD RIGHT-OF-WAY,NOT APPLICABLE,,NONINCAPACITATING INJURY,12,10,41.9086395917,-87.6483601527,2021,30,POINT (-87.6483601527 41.9086395917),,,,,2021-10-31,False,7,Near North Side
6533,20,NO CONTROLS,NO CONTROLS,CLEAR,DAYLIGHT,PEDALCYCLIST,NOT DIVIDED,STRAIGHT AND LEVEL,DRY,NO DEFECTS,,UNABLE TO DETERMINE,NOT APPLICABLE,,NONINCAPACITATING INJURY,12,10,41.9086395917,-87.6483601527,2021,20,POINT (-87.6483601527 41.9086395917),,,,,2021-10-31,False,7,Near North Side
6534,30,TRAFFIC SIGNAL,FUNCTIONING PROPERLY,CLEAR,DAYLIGHT,PEDALCYCLIST,DIVIDED - W/MEDIAN (NOT RAISED),STRAIGHT AND LEVEL,DRY,NO DEFECTS,Y,UNABLE TO DETERMINE,UNABLE TO DETERMINE,,"REPORTED, NOT EVIDENT",14,10,41.9252620846,-87.6680905531,2021,30,POINT (-87.6680905531 41.9252620846),,,,,2021-10-31,False,6,Lincoln Park
6535,30,NO CONTROLS,NO CONTROLS,CLEAR,DAYLIGHT,PEDALCYCLIST,DIVIDED - W/MEDIAN (NOT RAISED),STRAIGHT AND LEVEL,DRY,NO DEFECTS,,UNABLE TO DETERMINE,UNABLE TO DETERMINE,,NONINCAPACITATING INJURY,16,10,41.9666333727,-87.6938938445,2021,30,POINT (-87.6938938445 41.9666333727),,,,,2021-10-31,False,3,Lincoln Square
6536,30,UNKNOWN,UNKNOWN,UNKNOWN,UNKNOWN,PEDALCYCLIST,UNKNOWN,STRAIGHT AND LEVEL,UNKNOWN,UNKNOWN,,UNABLE TO DETERMINE,UNABLE TO DETERMINE,Y,NONINCAPACITATING INJURY,17,10,41.9414180397,-87.6684377573,2021,30,POINT (-87.6684377573 41.9414180397),,,,,2021-10-31,False,5,Lake View
6537,30,TRAFFIC SIGNAL,FUNCTIONING PROPERLY,CLEAR,"DARKNESS, LIGHTED ROAD",PEDALCYCLIST,NOT DIVIDED,STRAIGHT ON HILLCREST,DRY,NO DEFECTS,Y,"VISION OBSCURED (SIGNS, TREE LIMBS, BUILDINGS, ETC.)",UNABLE TO DETERMINE,,NONINCAPACITATING INJURY,19,10,41.8889245093,-87.6442590853,2021,30,POINT (-87.6442590853 41.8889245093),,,,,2021-10-31,False,7,Near North Side
6538,30,TRAFFIC SIGNAL,FUNCTIONING PROPERLY,CLEAR,"DARKNESS, LIGHTED ROAD",PEDALCYCLIST,NOT DIVIDED,STRAIGHT AND LEVEL,DRY,NO DEFECTS,,FAILING TO YIELD RIGHT-OF-WAY,FAILING TO YIELD RIGHT-OF-WAY,,NONINCAPACITATING INJURY,3,11,41.801234297,-87.6843737344,2021,30,POINT (-87.6843737344 41.801234297),,,,,2021-11-01,False,60,New City
6539,30,UNKNOWN,UNKNOWN,CLEAR,"DARKNESS, LIGHTED ROAD",PEDALCYCLIST,DIVIDED - W/MEDIAN (NOT RAISED),STRAIGHT AND LEVEL,DRY,NO DEFECTS,,NOT APPLICABLE,NOT APPLICABLE,,NONINCAPACITATING INJURY,18,11,41.8805669932,-87.7451331943,2021,30,POINT (-87.7451331943 41.8805669932),,,,,2021-11-01,False,24,Austin
6540,30,NO CONTROLS,NO CONTROLS,CLEAR,"DARKNESS, LIGHTED ROAD",PEDALCYCLIST,NOT DIVIDED,STRAIGHT AND LEVEL,DRY,NO DEFECTS,,UNABLE TO DETERMINE,NOT APPLICABLE,,INCAPACITATING INJURY,23,11,41.9435332931,-87.807095067,2021,30,POINT (-87.807095067 41.9435332931),,,,,2021-11-01,True,16,Dunning
6541,30,NO CONTROLS,NO CONTROLS,CLEAR,DAYLIGHT,PEDALCYCLIST,NOT DIVIDED,STRAIGHT AND LEVEL,DRY,SHOULDER DEFECT,,UNABLE TO DETERMINE,NOT APPLICABLE,,"REPORTED, NOT EVIDENT",12,11,41.9539139032,-87.6877289036,2021,30,POINT (-87.6877289036 41.9539139032),,,,,2021-11-02,False,4,North Center
6542,30,NO CONTROLS,NO CONTROLS,CLEAR,DAYLIGHT,PEDALCYCLIST,NOT DIVIDED,STRAIGHT AND LEVEL,DRY,NO DEFECTS,,UNABLE TO DETERMINE,UNABLE TO DETERMINE,Y,NONINCAPACITATING INJURY,12,11,41.8954114399,-87.6397869672,2021,30,POINT (-87.6397869672 41.8954114399),,,,,2021-11-02,False,7,Near North Side
6543,30,NO CONTROLS,NO CONTROLS,CLEAR,DAYLIGHT,PEDALCYCLIST,NOT DIVIDED,STRAIGHT AND LEVEL,DRY,NO DEFECTS,,UNABLE TO DETERMINE,NOT APPLICABLE,Y,"REPORTED, NOT EVIDENT",16,11,41.9389953028,-87.6493827181,2021,30,POINT (-87.6493827181 41.9389953028),,,,,2021-11-02,False,5,Lake View
6544,30,TRAFFIC SIGNAL,FUNCTIONING PROPERLY,CLEAR,"DARKNESS, LIGHTED ROAD",PEDALCYCLIST,FOUR WAY,STRAIGHT AND LEVEL,DRY,NO DEFECTS,Y,DISREGARDING TRAFFIC SIGNALS,FAILING TO REDUCE SPEED TO AVOID CRASH,N,NONINCAPACITATING INJURY,22,11,41.8856002167,-87.654620204,2021,30,POINT (-87.654620204 41.8856002167),,,,,2021-11-02,False,27,Near West Side
6545,30,STOP SIGN/FLASHER,FUNCTIONING PROPERLY,CLEAR,DAYLIGHT,PEDALCYCLIST,FOUR WAY,STRAIGHT AND LEVEL,DRY,NO DEFECTS,Y,FAILING TO YIELD RIGHT-OF-WAY,DISTRACTION - FROM OUTSIDE VEHICLE,,NO INDICATION OF INJURY,8,11,41.9625482768,-87.760061109,2021,30,POINT (-87.760061109 41.9625482768),,,,,2021-11-03,False,14,Portage Park
6546,30,UNKNOWN,NO CONTROLS,CLEAR,DARKNESS,PEDALCYCLIST,NOT DIVIDED,STRAIGHT AND LEVEL,DRY,NO DEFECTS,,IMPROPER OVERTAKING/PASSING,IMPROPER LANE USAGE,,NONINCAPACITATING INJURY,19,11,41.870145405,-87.7007509714,2021,30,POINT (-87.7007509714 41.870145405),,,,,2021-11-03,False,26,Garfield Park
6547,30,TRAFFIC SIGNAL,FUNCTIONING PROPERLY,CLEAR,DAYLIGHT,PEDALCYCLIST,NOT DIVIDED,STRAIGHT AND LEVEL,DRY,NO DEFECTS,Y,FAILING TO YIELD RIGHT-OF-WAY,UNABLE TO DETERMINE,,NONINCAPACITATING INJURY,11,11,41.9174966079,-87.6887196084,2021,30,POINT (-87.6887196084 41.9174966079),,,,,2021-11-04,False,21,Logan Square
6548,30,NO CONTROLS,NO CONTROLS,CLEAR,DAYLIGHT,PEDALCYCLIST,NOT DIVIDED,STRAIGHT AND LEVEL,DRY,NO DEFECTS,,IMPROPER TURNING/NO SIGNAL,NOT APPLICABLE,,NO INDICATION OF INJURY,14,11,41.9062420983,-87.634413299,2021,30,POINT (-87.634413299 41.9062420983),,,,,2021-11-04,False,7,Near North Side
6549,30,STOP SIGN/FLASHER,FUNCTIONING PROPERLY,CLEAR,DAYLIGHT,PEDALCYCLIST,T-INTERSECTION,STRAIGHT AND LEVEL,DRY,NO DEFECTS,Y,"VISION OBSCURED (SIGNS, TREE LIMBS, BUILDINGS, ETC.)",NOT APPLICABLE,,NONINCAPACITATING INJURY,15,11,41.9464717531,-87.7067365837,2021,30,POINT (-87.7067365837 41.9464717531),,,,,2021-11-04,False,15,Irving Park
6550,30,TRAFFIC SIGNAL,FUNCTIONING PROPERLY,CLEAR,DAWN,PEDALCYCLIST,DIVIDED - W/MEDIAN (NOT RAISED),STRAIGHT AND LEVEL,DRY,NO DEFECTS,Y,UNABLE TO DETERMINE,UNABLE TO DETERMINE,,NONINCAPACITATING INJURY,18,11,41.946909114,-87.683469891,2021,30,POINT (-87.683469891 41.946909114),,,,,2021-11-04,False,4,North Center
6551,30,TRAFFIC SIGNAL,FUNCTIONING PROPERLY,CLEAR,DAYLIGHT,PEDALCYCLIST,NOT DIVIDED,STRAIGHT AND LEVEL,DRY,NO DEFECTS,Y,FAILING TO YIELD RIGHT-OF-WAY,UNABLE TO DETERMINE,,NONINCAPACITATING INJURY,7,11,41.9121880517,-87.6804907156,2021,30,POINT (-87.6804907156 41.9121880517),,,,,2021-11-05,False,6,Lincoln Park
6552,30,TRAFFIC SIGNAL,FUNCTIONING PROPERLY,CLEAR,DAYLIGHT,PEDALCYCLIST,NOT DIVIDED,STRAIGHT AND LEVEL,DRY,UNKNOWN,,UNABLE TO DETERMINE,NOT APPLICABLE,,NONINCAPACITATING INJURY,9,11,41.9614263368,-87.6840213973,2021,30,POINT (-87.6840213973 41.9614263368),,,,,2021-11-05,False,3,Lincoln Square
6553,30,NO CONTROLS,NO CONTROLS,CLEAR,DAYLIGHT,PEDALCYCLIST,NOT DIVIDED,STRAIGHT AND LEVEL,DRY,NO DEFECTS,,FAILING TO YIELD RIGHT-OF-WAY,NOT APPLICABLE,,NO INDICATION OF INJURY,12,11,42.0168721766,-87.6752086825,2021,30,POINT (-87.6752086825 42.0168721766),,,,,2021-11-05,False,0,Rogers Park
6554,25,STOP SIGN/FLASHER,FUNCTIONING IMPROPERLY,CLEAR,DAYLIGHT,PEDALCYCLIST,FOUR WAY,STRAIGHT AND LEVEL,DRY,NO DEFECTS,Y,DISREGARDING STOP SIGN,NOT APPLICABLE,,NONINCAPACITATING INJURY,15,11,41.9759635194,-87.6941995873,2021,25,POINT (-87.6941995873 41.9759635194),,,,,2021-11-05,False,3,Lincoln Square
6555,25,TRAFFIC SIGNAL,UNKNOWN,UNKNOWN,UNKNOWN,PEDALCYCLIST,FOUR WAY,STRAIGHT AND LEVEL,UNKNOWN,UNKNOWN,,DISREGARDING TRAFFIC SIGNALS,TURNING RIGHT ON RED,,"REPORTED, NOT EVIDENT",19,11,42.0053184893,-87.6800637638,2021,25,POINT (-87.6800637638 42.0053184893),,,,,2021-11-05,False,0,Rogers Park
6556,30,UNKNOWN,UNKNOWN,UNKNOWN,DAYLIGHT,PEDALCYCLIST,NOT DIVIDED,STRAIGHT AND LEVEL,UNKNOWN,UNKNOWN,,FAILING TO YIELD RIGHT-OF-WAY,FAILING TO REDUCE SPEED TO AVOID CRASH,,"REPORTED, NOT EVIDENT",9,11,41.9342490505,-87.6806464307,2021,30,POINT (-87.6806464307 41.9342490505),,,,,2021-11-06,False,4,North Center
6557,30,NO CONTROLS,NO CONTROLS,CLEAR,DAYLIGHT,PEDALCYCLIST,DIVIDED - W/MEDIAN (NOT RAISED),STRAIGHT AND LEVEL,DRY,UNKNOWN,,FAILING TO YIELD RIGHT-OF-WAY,FAILING TO YIELD RIGHT-OF-WAY,Y,NONINCAPACITATING INJURY,11,11,41.8946626702,-87.6355837221,2021,30,POINT (-87.6355837221 41.8946626702),,,,,2021-11-06,False,7,Near North Side
6558,30,NO CONTROLS,NO CONTROLS,CLEAR,DAYLIGHT,PEDALCYCLIST,ONE-WAY,STRAIGHT AND LEVEL,DRY,NO DEFECTS,,FAILING TO YIELD RIGHT-OF-WAY,NOT APPLICABLE,Y,NO INDICATION OF INJURY,11,11,41.8951238914,-87.6201945959,2021,30,POINT (-87.6201945959 41.8951238914),,,,,2021-11-06,False,7,Near North Side
6560,30,NO CONTROLS,NO CONTROLS,CLEAR,"DARKNESS, LIGHTED ROAD",PEDALCYCLIST,DIVIDED - W/MEDIAN (NOT RAISED),STRAIGHT AND LEVEL,DRY,NO DEFECTS,,UNABLE TO DETERMINE,UNABLE TO DETERMINE,,NONINCAPACITATING INJURY,18,11,41.9264359141,-87.6486484213,2021,30,POINT (-87.6486484213 41.9264359141),,,,,2021-11-06,False,6,Lincoln Park
6561,20,STOP SIGN/FLASHER,FUNCTIONING PROPERLY,CLEAR,"DARKNESS, LIGHTED ROAD",PEDALCYCLIST,NOT DIVIDED,STRAIGHT AND LEVEL,DRY,UNKNOWN,Y,UNABLE TO DETERMINE,NOT APPLICABLE,,"REPORTED, NOT EVIDENT",19,11,41.7855562549,-87.6191387135,2021,20,POINT (-87.6191387135 41.7855562549),,,,,2021-11-06,False,39,Washington Park
6562,30,NO CONTROLS,NO CONTROLS,CLEAR,"DARKNESS, LIGHTED ROAD",PEDALCYCLIST,NOT DIVIDED,STRAIGHT AND LEVEL,DRY,NO DEFECTS,,FOLLOWING TOO CLOSELY,NOT APPLICABLE,,"REPORTED, NOT EVIDENT",21,11,41.9326948531,-87.6570638944,2021,30,POINT (-87.6570638944 41.9326948531),,,,,2021-11-06,False,5,Lake View
6563,20,STOP SIGN/FLASHER,UNKNOWN,CLEAR,DAYLIGHT,PEDALCYCLIST,NOT DIVIDED,STRAIGHT AND LEVEL,DRY,UNKNOWN,,UNABLE TO DETERMINE,UNABLE TO DETERMINE,,"REPORTED, NOT EVIDENT",16,11,41.9426710308,-87.7394584114,2021,20,POINT (-87.7394584114 41.9426710308),,,,,2021-11-07,False,15,Irving Park
6564,30,STOP SIGN/FLASHER,FUNCTIONING PROPERLY,CLEAR,DAYLIGHT,PEDALCYCLIST,NOT DIVIDED,STRAIGHT AND LEVEL,DRY,NO DEFECTS,,FAILING TO YIELD RIGHT-OF-WAY,UNABLE TO DETERMINE,,NO INDICATION OF INJURY,8,11,41.8912843192,-87.6893311221,2021,30,POINT (-87.6893311221 41.8912843192),,,,,2021-11-08,False,23,West Town
6565,30,NO CONTROLS,NO CONTROLS,CLEAR,"DARKNESS, LIGHTED ROAD",PEDALCYCLIST,NOT DIVIDED,STRAIGHT AND LEVEL,DRY,NO DEFECTS,,"OPERATING VEHICLE IN ERRATIC, RECKLESS, CARELESS, NEGLIGENT OR AGGRESSIVE MANNER",NOT APPLICABLE,,NO INDICATION OF INJURY,18,11,41.7786459646,-87.7314528136,2021,30,POINT (-87.7314528136 41.7786459646),,,,,2021-11-08,False,64,West Lawn
6566,30,TRAFFIC SIGNAL,FUNCTIONING PROPERLY,CLEAR,DAYLIGHT,PEDALCYCLIST,NOT DIVIDED,STRAIGHT AND LEVEL,DRY,NO DEFECTS,,UNABLE TO DETERMINE,UNABLE TO DETERMINE,,NONINCAPACITATING INJURY,7,11,41.9024700417,-87.7359970911,2021,30,POINT (-87.7359970911 41.9024700417),,,,,2021-11-09,False,22,Humboldt Park