Unnamed: 0,POSTED_SPEED_LIMIT,TRAFFIC_CONTROL_DEVICE,DEVICE_CONDITION,WEATHER_CONDITION,LIGHTING_CONDITION,FIRST_CRASH_TYPE,TRAFFICWAY_TYPE,ALIGNMENT,ROADWAY_SURFACE_COND,ROAD_DEFECT,INTERSECTION_RELATED_I,PRIM_CONTRIBUTORY_CAUSE,SEC_CONTRIBUTORY_CAUSE,DOORING_I,MOST_SEVERE_INJURY,CRASH_HOUR,CRASH_MONTH,LATITUDE,LONGITUDE,CRASH_YEAR,SPEED_LIMIT,geometry,DISPLAYROU,the_geom,DIST,LANE_TYPE,CRASH_DATE,is_severe,index_right,CArea
6567,30,TRAFFIC SIGNAL,FUNCTIONING PROPERLY,CLEAR,DAYLIGHT,PEDALCYCLIST,DIVIDED - W/MEDIAN (NOT RAISED),STRAIGHT AND LEVEL,DRY,NO DEFECTS,Y,FAILING TO YIELD RIGHT-OF-WAY,NOT APPLICABLE,,"REPORTED, NOT EVIDENT",14,11,41.8695241819,-87.656819405,2021,30,POINT (-87.656819405 41.8695241819),,,,,2021-11-09,False,27,Near West Side
6568,25,NO CONTROLS,NO CONTROLS,CLEAR,DAYLIGHT,PEDALCYCLIST,NOT DIVIDED,STRAIGHT AND LEVEL,DRY,NO DEFECTS,Y,NOT APPLICABLE,NOT APPLICABLE,,NONINCAPACITATING INJURY,15,11,41.9687879038,-87.667587824,2021,25,POINT (-87.667587824 41.9687879038),,,,,2021-11-09,False,2,Uptown
6569,30,STOP SIGN/FLASHER,FUNCTIONING PROPERLY,CLEAR,DAYLIGHT,PEDALCYCLIST,ONE-WAY,STRAIGHT AND LEVEL,DRY,NO DEFECTS,Y,FAILING TO YIELD RIGHT-OF-WAY,NOT APPLICABLE,,NO INDICATION OF INJURY,16,11,41.8941956807,-87.6228812301,2021,30,POINT (-87.6228812301 41.8941956807),,,,,2021-11-09,False,7,Near North Side
6570,35,STOP SIGN/FLASHER,FUNCTIONING PROPERLY,CLEAR,"DARKNESS, LIGHTED ROAD",PEDALCYCLIST,FOUR WAY,STRAIGHT AND LEVEL,DRY,NO DEFECTS,Y,UNABLE TO DETERMINE,NOT APPLICABLE,,NO INDICATION OF INJURY,16,11,41.7441987792,-87.7169828917,2021,35,POINT (-87.7169828917 41.7441987792),,,,,2021-11-09,False,69,Ashburn
6571,15,NO CONTROLS,NO CONTROLS,CLEAR,"DARKNESS, LIGHTED ROAD",PEDALCYCLIST,ALLEY,STRAIGHT AND LEVEL,DRY,NO DEFECTS,,IMPROPER OVERTAKING/PASSING,UNABLE TO DETERMINE,,INCAPACITATING INJURY,17,11,41.7432404417,-87.6051587561,2021,15,POINT (-87.6051587561 41.7432404417),,,,,2021-11-09,True,43,Chatham
6572,30,TRAFFIC SIGNAL,FUNCTIONING PROPERLY,CLEAR,"DARKNESS, LIGHTED ROAD",PEDALCYCLIST,FOUR WAY,STRAIGHT AND LEVEL,DRY,NO DEFECTS,Y,UNABLE TO DETERMINE,UNABLE TO DETERMINE,,NONINCAPACITATING INJURY,17,11,41.9034746987,-87.666441178,2021,30,POINT (-87.666441178 41.9034746987),,,,,2021-11-09,False,23,West Town
6573,30,STOP SIGN/FLASHER,FUNCTIONING PROPERLY,CLEAR,"DARKNESS, LIGHTED ROAD",PEDALCYCLIST,NOT DIVIDED,STRAIGHT AND LEVEL,DRY,NO DEFECTS,Y,UNABLE TO DETERMINE,UNABLE TO DETERMINE,,NONINCAPACITATING INJURY,17,11,41.8616078196,-87.6581382828,2021,30,POINT (-87.6581382828 41.8616078196),,,,,2021-11-09,False,27,Near West Side
6574,25,NO CONTROLS,NO CONTROLS,CLEAR,"DARKNESS, LIGHTED ROAD",PEDALCYCLIST,NOT DIVIDED,STRAIGHT AND LEVEL,DRY,NO DEFECTS,,FAILING TO REDUCE SPEED TO AVOID CRASH,FAILING TO YIELD RIGHT-OF-WAY,,NONINCAPACITATING INJURY,18,11,41.9169344398,-87.7363871475,2021,25,POINT (-87.7363871475 41.9169344398),,,,,2021-11-10,False,19,Hermosa
6575,30,UNKNOWN,UNKNOWN,UNKNOWN,UNKNOWN,PEDALCYCLIST,DIVIDED - W/MEDIAN (NOT RAISED),STRAIGHT AND LEVEL,DRY,NO DEFECTS,,UNABLE TO DETERMINE,UNABLE TO DETERMINE,,NO INDICATION OF INJURY,0,11,41.9328286998,-87.645080351,2021,30,POINT (-87.645080351 41.9328286998),,,,,2021-11-11,False,5,Lake View
6576,35,TRAFFIC SIGNAL,FUNCTIONING PROPERLY,RAIN,DAYLIGHT,PEDALCYCLIST,FOUR WAY,STRAIGHT AND LEVEL,WET,UNKNOWN,,IMPROPER TURNING/NO SIGNAL,UNABLE TO DETERMINE,,NONINCAPACITATING INJURY,12,11,41.8831072333,-87.6425513957,2021,35,POINT (-87.6425513957 41.8831072333),,,,,2021-11-11,False,27,Near West Side
6577,30,NO CONTROLS,NO CONTROLS,CLEAR,"DARKNESS, LIGHTED ROAD",PEDALCYCLIST,NOT DIVIDED,STRAIGHT AND LEVEL,WET,UNKNOWN,N,FAILING TO YIELD RIGHT-OF-WAY,NOT APPLICABLE,,NO INDICATION OF INJURY,19,11,41.9322662169,-87.6892669155,2021,30,POINT (-87.6892669155 41.9322662169),,,,,2021-11-12,False,4,North Center
6578,25,TRAFFIC SIGNAL,FUNCTIONING PROPERLY,CLEAR,"DARKNESS, LIGHTED ROAD",PEDALCYCLIST,NOT DIVIDED,STRAIGHT AND LEVEL,DRY,NO DEFECTS,,"OPERATING VEHICLE IN ERRATIC, RECKLESS, CARELESS, NEGLIGENT OR AGGRESSIVE MANNER",IMPROPER LANE USAGE,,NONINCAPACITATING INJURY,23,11,41.8963725905,-87.6424414816,2021,25,POINT (-87.6424414816 41.8963725905),,,,,2021-11-12,False,7,Near North Side
6579,30,TRAFFIC SIGNAL,FUNCTIONING PROPERLY,CLEAR,DAYLIGHT,PEDALCYCLIST,NOT DIVIDED,STRAIGHT AND LEVEL,DRY,NO DEFECTS,,FOLLOWING TOO CLOSELY,FOLLOWING TOO CLOSELY,,NO INDICATION OF INJURY,10,11,41.7939429278,-87.6841899691,2021,30,POINT (-87.6841899691 41.7939429278),,,,,2021-11-13,False,60,New City
6580,30,NO CONTROLS,NO CONTROLS,CLEAR,DUSK,PEDALCYCLIST,NOT DIVIDED,STRAIGHT AND LEVEL,UNKNOWN,UNKNOWN,,IMPROPER OVERTAKING/PASSING,UNABLE TO DETERMINE,,"REPORTED, NOT EVIDENT",17,11,41.8889387162,-87.642945978,2021,30,POINT (-87.642945978 41.8889387162),,,,,2021-11-13,False,7,Near North Side
6581,30,NO CONTROLS,NO CONTROLS,CLEAR,DAYLIGHT,PEDALCYCLIST,NOT DIVIDED,STRAIGHT ON GRADE,DRY,NO DEFECTS,,UNABLE TO DETERMINE,NOT APPLICABLE,,NONINCAPACITATING INJURY,10,11,41.925712008,-87.6777771069,2021,30,POINT (-87.6777771069 41.925712008),,,,,2021-11-14,False,6,Lincoln Park
6582,30,NO CONTROLS,NO CONTROLS,RAIN,DAYLIGHT,PEDALCYCLIST,DIVIDED - W/MEDIAN (NOT RAISED),STRAIGHT AND LEVEL,WET,NO DEFECTS,,FAILING TO YIELD RIGHT-OF-WAY,NOT APPLICABLE,,NO INDICATION OF INJURY,12,11,41.7801630836,-87.7424942888,2021,30,POINT (-87.7424942888 41.7801630836),,,,,2021-11-14,False,63,Clearing
6583,30,NO CONTROLS,NO CONTROLS,CLOUDY/OVERCAST,DAYLIGHT,PEDALCYCLIST,NOT DIVIDED,STRAIGHT AND LEVEL,DRY,UNKNOWN,,UNABLE TO DETERMINE,NOT APPLICABLE,Y,NONINCAPACITATING INJURY,14,11,41.9038037804,-87.6445637472,2021,30,POINT (-87.6445637472 41.9038037804),,,,,2021-11-14,False,7,Near North Side
6584,25,NO CONTROLS,NO CONTROLS,CLEAR,"DARKNESS, LIGHTED ROAD",PEDALCYCLIST,ONE-WAY,STRAIGHT AND LEVEL,DRY,NO DEFECTS,,UNABLE TO DETERMINE,NOT APPLICABLE,,FATAL,0,11,41.7998798434,-87.6448164426,2021,25,POINT (-87.6448164426 41.7998798434),,,,,2021-11-15,True,60,New City
6585,30,TRAFFIC SIGNAL,FUNCTIONING PROPERLY,CLEAR,DAYLIGHT,PEDALCYCLIST,OTHER,STRAIGHT AND LEVEL,DRY,NO DEFECTS,Y,DRIVING SKILLS/KNOWLEDGE/EXPERIENCE,UNABLE TO DETERMINE,,NO INDICATION OF INJURY,11,11,41.8818870569,-87.6473928339,2021,30,POINT (-87.6473928339 41.8818870569),,,,,2021-11-15,False,27,Near West Side
6586,30,NO CONTROLS,NO CONTROLS,RAIN,DAYLIGHT,PEDALCYCLIST,UNKNOWN,STRAIGHT AND LEVEL,WET,NO DEFECTS,,UNABLE TO DETERMINE,NOT APPLICABLE,Y,NONINCAPACITATING INJURY,13,11,41.8419325904,-87.6576312023,2021,30,POINT (-87.6576312023 41.8419325904),,,,,2021-11-15,False,30,Lower West Side
6587,30,NO CONTROLS,NO CONTROLS,CLEAR,"DARKNESS, LIGHTED ROAD",PEDALCYCLIST,DIVIDED - W/MEDIAN (NOT RAISED),STRAIGHT AND LEVEL,DRY,NO DEFECTS,,UNABLE TO DETERMINE,UNABLE TO DETERMINE,Y,"REPORTED, NOT EVIDENT",18,11,41.9255014159,-87.701354947,2021,30,POINT (-87.701354947 41.9255014159),,,,,2021-11-15,False,21,Logan Square
6588,30,STOP SIGN/FLASHER,FUNCTIONING PROPERLY,CLEAR,DAYLIGHT,PEDALCYCLIST,NOT DIVIDED,STRAIGHT AND LEVEL,DRY,NO DEFECTS,,UNABLE TO DETERMINE,UNABLE TO DETERMINE,,NONINCAPACITATING INJURY,13,11,41.9312448583,-87.7748988886,2021,30,POINT (-87.7748988886 41.9312448583),,,,,2021-11-16,False,18,Belmont Cragin
6589,30,TRAFFIC SIGNAL,FUNCTIONING PROPERLY,CLEAR,"DARKNESS, LIGHTED ROAD",PEDALCYCLIST,DIVIDED - W/MEDIAN (NOT RAISED),STRAIGHT AND LEVEL,DRY,NO DEFECTS,Y,IMPROPER OVERTAKING/PASSING,UNABLE TO DETERMINE,,NONINCAPACITATING INJURY,19,11,41.9544834092,-87.647868563,2021,30,POINT (-87.647868563 41.9544834092),,,,,2021-11-16,False,2,Uptown
6590,30,NO CONTROLS,NO CONTROLS,CLEAR,"DARKNESS, LIGHTED ROAD",PEDALCYCLIST,ALLEY,STRAIGHT AND LEVEL,DRY,NO DEFECTS,,IMPROPER LANE USAGE,UNABLE TO DETERMINE,,NONINCAPACITATING INJURY,20,11,41.9535137775,-87.7481296589,2021,30,POINT (-87.7481296589 41.9535137775),,,,,2021-11-16,False,14,Portage Park
6591,30,TRAFFIC SIGNAL,FUNCTIONING PROPERLY,CLEAR,"DARKNESS, LIGHTED ROAD",PEDALCYCLIST,NOT DIVIDED,STRAIGHT AND LEVEL,DRY,NO DEFECTS,Y,FAILING TO YIELD RIGHT-OF-WAY,NOT APPLICABLE,,"REPORTED, NOT EVIDENT",20,11,41.9165044407,-87.6364662029,2021,30,POINT (-87.6364662029 41.9165044407),,,,,2021-11-16,False,6,Lincoln Park
6592,30,STOP SIGN/FLASHER,FUNCTIONING PROPERLY,CLEAR,"DARKNESS, LIGHTED ROAD",PEDALCYCLIST,T-INTERSECTION,STRAIGHT AND LEVEL,DRY,NO DEFECTS,Y,FAILING TO YIELD RIGHT-OF-WAY,UNABLE TO DETERMINE,,NONINCAPACITATING INJURY,23,11,41.8733396743,-87.6619096272,2021,30,POINT (-87.6619096272 41.8733396743),,,,,2021-11-16,False,27,Near West Side
6593,30,NO CONTROLS,NO CONTROLS,RAIN,DAYLIGHT,PEDALCYCLIST,DIVIDED - W/MEDIAN (NOT RAISED),STRAIGHT AND LEVEL,WET,NO DEFECTS,,UNABLE TO DETERMINE,NOT APPLICABLE,,NO INDICATION OF INJURY,15,11,41.8819548871,-87.7429975836,2021,30,POINT (-87.7429975836 41.8819548871),,,,,2021-11-17,False,24,Austin
6594,30,NO CONTROLS,NO CONTROLS,RAIN,"DARKNESS, LIGHTED ROAD",PEDALCYCLIST,DIVIDED - W/MEDIAN (NOT RAISED),STRAIGHT AND LEVEL,WET,NO DEFECTS,,FAILING TO YIELD RIGHT-OF-WAY,NOT APPLICABLE,,INCAPACITATING INJURY,18,11,41.7929579724,-87.7550384089,2021,30,POINT (-87.7550384089 41.7929579724),,,,,2021-11-17,True,55,Garfield Ridge
6595,30,UNKNOWN,UNKNOWN,UNKNOWN,UNKNOWN,PEDALCYCLIST,UNKNOWN,STRAIGHT AND LEVEL,UNKNOWN,UNKNOWN,,UNABLE TO DETERMINE,NOT APPLICABLE,,NO INDICATION OF INJURY,18,11,41.975773664,-87.7160528087,2021,30,POINT (-87.7160528087 41.975773664),,,,,2021-11-18,False,12,North Park
6596,20,NO CONTROLS,NO CONTROLS,CLEAR,DAWN,PEDALCYCLIST,NOT DIVIDED,STRAIGHT AND LEVEL,DRY,NO DEFECTS,,UNABLE TO DETERMINE,UNABLE TO DETERMINE,,NO INDICATION OF INJURY,19,11,41.9179464734,-87.6894639068,2021,20,POINT (-87.6894639068 41.9179464734),,,,,2021-11-18,False,21,Logan Square
6597,20,NO CONTROLS,NO CONTROLS,CLEAR,"DARKNESS, LIGHTED ROAD",PEDALCYCLIST,NOT DIVIDED,STRAIGHT AND LEVEL,DRY,NO DEFECTS,,FAILING TO YIELD RIGHT-OF-WAY,NOT APPLICABLE,Y,NO INDICATION OF INJURY,18,11,41.9753320049,-87.6681752583,2021,20,POINT (-87.6681752583 41.9753320049),,,,,2021-11-19,False,2,Uptown
6598,30,NO CONTROLS,NO CONTROLS,CLEAR,"DARKNESS, LIGHTED ROAD",PEDALCYCLIST,DIVIDED - W/MEDIAN (NOT RAISED),STRAIGHT AND LEVEL,DRY,NO DEFECTS,Y,FAILING TO YIELD RIGHT-OF-WAY,NOT APPLICABLE,,NONINCAPACITATING INJURY,20,11,41.7507511575,-87.644107793,2021,30,POINT (-87.644107793 41.7507511575),,,,,2021-11-19,False,70,Auburn Gresham
6599,30,TRAFFIC SIGNAL,UNKNOWN,CLEAR,DARKNESS,PEDALCYCLIST,FOUR WAY,STRAIGHT AND LEVEL,DRY,UNKNOWN,,UNABLE TO DETERMINE,UNABLE TO DETERMINE,,NONINCAPACITATING INJURY,22,11,41.8481558688,-87.6952196504,2021,30,POINT (-87.6952196504 41.8481558688),,,,,2021-11-19,False,28,North Lawndale
6600,30,TRAFFIC SIGNAL,FUNCTIONING PROPERLY,CLEAR,"DARKNESS, LIGHTED ROAD",PEDALCYCLIST,FOUR WAY,STRAIGHT AND LEVEL,DRY,NO DEFECTS,Y,FAILING TO YIELD RIGHT-OF-WAY,DISREGARDING OTHER TRAFFIC SIGNS,,NONINCAPACITATING INJURY,23,11,41.896457755,-87.6360980423,2021,30,POINT (-87.6360980423 41.896457755),,,,,2021-11-19,False,7,Near North Side
6601,30,TRAFFIC SIGNAL,FUNCTIONING PROPERLY,CLEAR,"DARKNESS, LIGHTED ROAD",PEDALCYCLIST,DIVIDED - W/MEDIAN BARRIER,STRAIGHT AND LEVEL,DRY,NO DEFECTS,Y,FAILING TO YIELD RIGHT-OF-WAY,DISREGARDING TRAFFIC SIGNALS,,NONINCAPACITATING INJURY,2,11,41.8755525443,-87.630854222,2021,30,POINT (-87.630854222 41.8755525443),,,,,2021-11-21,False,31,Loop
6602,30,STOP SIGN/FLASHER,FUNCTIONING PROPERLY,CLEAR,"DARKNESS, LIGHTED ROAD",PEDALCYCLIST,FOUR WAY,STRAIGHT ON GRADE,DRY,NO DEFECTS,Y,UNABLE TO DETERMINE,NOT APPLICABLE,,NONINCAPACITATING INJURY,2,11,41.9161002674,-87.6823388805,2021,30,POINT (-87.6823388805 41.9161002674),,,,,2021-11-21,False,6,Lincoln Park
6603,30,STOP SIGN/FLASHER,FUNCTIONING PROPERLY,CLEAR,DAYLIGHT,PEDALCYCLIST,NOT DIVIDED,STRAIGHT AND LEVEL,DRY,UNKNOWN,Y,"VISION OBSCURED (SIGNS, TREE LIMBS, BUILDINGS, ETC.)",UNABLE TO DETERMINE,,NO INDICATION OF INJURY,10,11,41.8691915957,-87.6640133427,2021,30,POINT (-87.6640133427 41.8691915957),,,,,2021-11-22,False,27,Near West Side
6604,30,NO CONTROLS,NO CONTROLS,CLEAR,DAYLIGHT,PEDALCYCLIST,PARKING LOT,STRAIGHT AND LEVEL,DRY,NO DEFECTS,,UNABLE TO DETERMINE,UNABLE TO DETERMINE,,NO INDICATION OF INJURY,14,11,41.879117244,-87.6466071922,2021,30,POINT (-87.6466071922 41.879117244),,,,,2021-11-22,False,27,Near West Side
6605,30,UNKNOWN,UNKNOWN,CLEAR,DAYLIGHT,PEDALCYCLIST,NOT DIVIDED,STRAIGHT AND LEVEL,UNKNOWN,UNKNOWN,,UNABLE TO DETERMINE,NOT APPLICABLE,Y,NONINCAPACITATING INJURY,8,11,41.9081693201,-87.6483480201,2021,30,POINT (-87.6483480201 41.9081693201),,,,,2021-11-23,False,7,Near North Side
6606,30,NO CONTROLS,NO CONTROLS,CLEAR,DAWN,PEDALCYCLIST,ALLEY,STRAIGHT AND LEVEL,DRY,UNKNOWN,,UNABLE TO DETERMINE,UNABLE TO DETERMINE,,NONINCAPACITATING INJURY,14,11,41.9473731175,-87.7976497859,2021,30,POINT (-87.7976497859 41.9473731175),,,,,2021-11-23,False,16,Dunning
6607,30,NO CONTROLS,NO CONTROLS,CLEAR,"DARKNESS, LIGHTED ROAD",PEDALCYCLIST,NOT DIVIDED,STRAIGHT AND LEVEL,DRY,NO DEFECTS,,IMPROPER LANE USAGE,UNABLE TO DETERMINE,,"REPORTED, NOT EVIDENT",19,11,41.9316594554,-87.7453980061,2021,30,POINT (-87.7453980061 41.9316594554),,,,,2021-11-23,False,18,Belmont Cragin
6608,30,STOP SIGN/FLASHER,FUNCTIONING PROPERLY,CLEAR,DUSK,PEDALCYCLIST,FOUR WAY,STRAIGHT AND LEVEL,DRY,NO DEFECTS,Y,UNABLE TO DETERMINE,UNABLE TO DETERMINE,,NONINCAPACITATING INJURY,19,11,41.9292566877,-87.785795165,2021,30,POINT (-87.785795165 41.9292566877),,,,,2021-11-23,False,18,Belmont Cragin
6609,30,STOP SIGN/FLASHER,FUNCTIONING PROPERLY,CLEAR,"DARKNESS, LIGHTED ROAD",PEDALCYCLIST,NOT DIVIDED,STRAIGHT AND LEVEL,DRY,NO DEFECTS,,"OPERATING VEHICLE IN ERRATIC, RECKLESS, CARELESS, NEGLIGENT OR AGGRESSIVE MANNER","OPERATING VEHICLE IN ERRATIC, RECKLESS, CARELESS, NEGLIGENT OR AGGRESSIVE MANNER",N,INCAPACITATING INJURY,1,11,41.8955425895,-87.719182752,2021,30,POINT (-87.719182752 41.8955425895),,,,,2021-11-24,True,22,Humboldt Park
6610,30,NO CONTROLS,NO CONTROLS,UNKNOWN,DAYLIGHT,PEDALCYCLIST,NOT DIVIDED,STRAIGHT AND LEVEL,UNKNOWN,NO DEFECTS,,FAILING TO YIELD RIGHT-OF-WAY,FOLLOWING TOO CLOSELY,,NONINCAPACITATING INJURY,8,11,41.8475580502,-87.6454959917,2021,30,POINT (-87.6454959917 41.8475580502),,,,,2021-11-24,False,30,Lower West Side
6611,30,NO CONTROLS,NO CONTROLS,CLOUDY/OVERCAST,DAYLIGHT,PEDALCYCLIST,NOT DIVIDED,STRAIGHT AND LEVEL,UNKNOWN,UNKNOWN,,UNABLE TO DETERMINE,NOT APPLICABLE,,NO INDICATION OF INJURY,12,11,41.845206094,-87.6554219845,2021,30,POINT (-87.6554219845 41.845206094),,,,,2021-11-24,False,30,Lower West Side
6612,25,NO CONTROLS,NO CONTROLS,CLEAR,DAYLIGHT,PEDALCYCLIST,NOT DIVIDED,STRAIGHT AND LEVEL,DRY,UNKNOWN,,FAILING TO YIELD RIGHT-OF-WAY,FAILING TO REDUCE SPEED TO AVOID CRASH,,NONINCAPACITATING INJURY,15,11,41.8839700437,-87.6761159911,2021,25,POINT (-87.6761159911 41.8839700437),,,,,2021-11-24,False,27,Near West Side
6613,30,TRAFFIC SIGNAL,FUNCTIONING PROPERLY,RAIN,"DARKNESS, LIGHTED ROAD",PEDALCYCLIST,NOT DIVIDED,STRAIGHT AND LEVEL,WET,UNKNOWN,Y,NOT APPLICABLE,NOT APPLICABLE,,NO INDICATION OF INJURY,0,11,41.8880915446,-87.624682704,2021,30,POINT (-87.624682704 41.8880915446),,,,,2021-11-25,False,7,Near North Side
6614,30,TRAFFIC SIGNAL,FUNCTIONING PROPERLY,CLOUDY/OVERCAST,"DARKNESS, LIGHTED ROAD",PEDALCYCLIST,NOT DIVIDED,STRAIGHT AND LEVEL,DRY,NO DEFECTS,,FAILING TO YIELD RIGHT-OF-WAY,UNABLE TO DETERMINE,,"REPORTED, NOT EVIDENT",16,11,41.8991137319,-87.7260487997,2021,30,POINT (-87.7260487997 41.8991137319),,,,,2021-11-26,False,22,Humboldt Park
6615,30,TRAFFIC SIGNAL,FUNCTIONING PROPERLY,CLEAR,DAYLIGHT,PEDALCYCLIST,DIVIDED - W/MEDIAN (NOT RAISED),STRAIGHT AND LEVEL,UNKNOWN,UNKNOWN,Y,UNABLE TO DETERMINE,UNABLE TO DETERMINE,,NONINCAPACITATING INJURY,11,11,41.9061278752,-87.7265540309,2021,30,POINT (-87.7265540309 41.9061278752),,,,,2021-11-28,False,22,Humboldt Park
6616,30,STOP SIGN/FLASHER,FUNCTIONING PROPERLY,CLEAR,DAYLIGHT,PEDALCYCLIST,NOT DIVIDED,STRAIGHT AND LEVEL,DRY,OTHER,,DISREGARDING STOP SIGN,DRIVING SKILLS/KNOWLEDGE/EXPERIENCE,,NO INDICATION OF INJURY,15,11,41.7714258019,-87.7275158809,2021,30,POINT (-87.7275158809 41.7714258019),,,,,2021-11-28,False,64,West Lawn
6617,25,NO CONTROLS,NO CONTROLS,CLEAR,DAYLIGHT,PEDALCYCLIST,NOT DIVIDED,STRAIGHT AND LEVEL,DRY,UNKNOWN,,FOLLOWING TOO CLOSELY,UNABLE TO DETERMINE,,INCAPACITATING INJURY,15,11,41.8141151146,-87.6711245024,2021,25,POINT (-87.6711245024 41.8141151146),,,,,2021-11-29,True,60,New City
6618,30,NO CONTROLS,NO CONTROLS,CLEAR,"DARKNESS, LIGHTED ROAD",PEDALCYCLIST,DIVIDED - W/MEDIAN (NOT RAISED),STRAIGHT ON HILLCREST,DRY,NO DEFECTS,,UNABLE TO DETERMINE,NOT APPLICABLE,,NONINCAPACITATING INJURY,16,11,41.8921941523,-87.6474520589,2021,30,POINT (-87.6474520589 41.8921941523),,,,,2021-11-29,False,7,Near North Side
6619,35,OTHER,OTHER,CLEAR,DAYLIGHT,PEDALCYCLIST,NOT DIVIDED,STRAIGHT AND LEVEL,DRY,NO DEFECTS,,NOT APPLICABLE,UNABLE TO DETERMINE,Y,NONINCAPACITATING INJURY,9,11,41.9103142581,-87.6807594434,2021,35,POINT (-87.6807594434 41.9103142581),,,,,2021-11-30,False,23,West Town
6620,30,STOP SIGN/FLASHER,FUNCTIONING PROPERLY,CLEAR,DAYLIGHT,PEDALCYCLIST,NOT DIVIDED,STRAIGHT AND LEVEL,DRY,UNKNOWN,Y,UNABLE TO DETERMINE,NOT APPLICABLE,,NO INDICATION OF INJURY,9,11,41.7989375364,-87.6835163824,2021,30,POINT (-87.6835163824 41.7989375364),,,,,2021-11-30,False,60,New City
6621,30,NO CONTROLS,NO CONTROLS,CLEAR,DAYLIGHT,PEDALCYCLIST,DIVIDED - W/MEDIAN (NOT RAISED),STRAIGHT AND LEVEL,DRY,NO DEFECTS,,IMPROPER TURNING/NO SIGNAL,UNABLE TO DETERMINE,,NONINCAPACITATING INJURY,16,11,41.9314075167,-87.6441551508,2021,30,POINT (-87.6441551508 41.9314075167),,,,,2021-11-30,False,6,Lincoln Park
6622,30,STOP SIGN/FLASHER,FUNCTIONING PROPERLY,CLEAR,DUSK,PEDALCYCLIST,NOT DIVIDED,STRAIGHT AND LEVEL,DRY,NO DEFECTS,,UNABLE TO DETERMINE,NOT APPLICABLE,,"REPORTED, NOT EVIDENT",16,11,41.925918664,-87.7612810637,2021,30,POINT (-87.7612810637 41.925918664),,,,,2021-11-30,False,18,Belmont Cragin
6623,25,NO CONTROLS,NO CONTROLS,CLEAR,"DARKNESS, LIGHTED ROAD",PEDALCYCLIST,NOT DIVIDED,STRAIGHT AND LEVEL,DRY,NO DEFECTS,,NOT APPLICABLE,UNABLE TO DETERMINE,Y,"REPORTED, NOT EVIDENT",19,11,41.9112169843,-87.6773334372,2021,25,POINT (-87.6773334372 41.9112169843),,,,,2021-11-30,False,6,Lincoln Park
6624,30,NO CONTROLS,FUNCTIONING PROPERLY,CLEAR,DAYLIGHT,PEDALCYCLIST,NOT DIVIDED,STRAIGHT AND LEVEL,WET,NO DEFECTS,,FAILING TO YIELD RIGHT-OF-WAY,NOT APPLICABLE,,NONINCAPACITATING INJURY,7,12,41.8588948013,-87.6304004996,2021,30,POINT (-87.6304004996 41.8588948013),,,,,2021-12-01,False,32,Near South Side
6625,30,TRAFFIC SIGNAL,FUNCTIONING PROPERLY,RAIN,DAYLIGHT,PEDALCYCLIST,DIVIDED - W/MEDIAN (NOT RAISED),STRAIGHT AND LEVEL,WET,NO DEFECTS,Y,DISREGARDING TRAFFIC SIGNALS,NOT APPLICABLE,,NONINCAPACITATING INJURY,9,12,41.8673626926,-87.6392931946,2021,30,POINT (-87.6392931946 41.8673626926),,,,,2021-12-01,False,27,Near West Side
6626,25,TRAFFIC SIGNAL,FUNCTIONING PROPERLY,CLEAR,DAYLIGHT,PEDALCYCLIST,NOT DIVIDED,STRAIGHT AND LEVEL,DRY,NO DEFECTS,Y,"VISION OBSCURED (SIGNS, TREE LIMBS, BUILDINGS, ETC.)",UNABLE TO DETERMINE,N,INCAPACITATING INJURY,11,12,41.6535127505,-87.5400290859,2021,25,POINT (-87.5400290859 41.6535127505),,,,,2021-12-01,True,54,Hegewisch
6627,30,NO CONTROLS,NO CONTROLS,CLEAR,DARKNESS,PEDALCYCLIST,OTHER,STRAIGHT AND LEVEL,DRY,NO DEFECTS,,NOT APPLICABLE,NOT APPLICABLE,,NONINCAPACITATING INJURY,18,12,41.8024145545,-87.7232806613,2021,30,POINT (-87.7232806613 41.8024145545),,,,,2021-12-01,False,56,Archer Heights
6628,30,NO CONTROLS,NO CONTROLS,CLEAR,"DARKNESS, LIGHTED ROAD",PEDALCYCLIST,DIVIDED - W/MEDIAN (NOT RAISED),STRAIGHT AND LEVEL,DRY,NO DEFECTS,,DRIVING ON WRONG SIDE/WRONG WAY,"OPERATING VEHICLE IN ERRATIC, RECKLESS, CARELESS, NEGLIGENT OR AGGRESSIVE MANNER",,"REPORTED, NOT EVIDENT",19,12,41.9421535856,-87.7124460176,2021,30,POINT (-87.7124460176 41.9421535856),,,,,2021-12-01,False,15,Irving Park
6629,30,NO CONTROLS,NO CONTROLS,CLEAR,DAYLIGHT,PEDALCYCLIST,NOT DIVIDED,STRAIGHT AND LEVEL,DRY,NO DEFECTS,,UNABLE TO DETERMINE,NOT APPLICABLE,,NO INDICATION OF INJURY,7,12,41.9174417152,-87.6901954953,2021,30,POINT (-87.6901954953 41.9174417152),,,,,2021-12-02,False,21,Logan Square
6630,30,UNKNOWN,UNKNOWN,CLEAR,DAYLIGHT,PEDALCYCLIST,NOT DIVIDED,STRAIGHT AND LEVEL,DRY,NO DEFECTS,,UNABLE TO DETERMINE,UNABLE TO DETERMINE,,INCAPACITATING INJURY,12,12,41.8801100504,-87.7665748009,2021,30,POINT (-87.7665748009 41.8801100504),,,,,2021-12-02,True,24,Austin