Unnamed: 0,POSTED_SPEED_LIMIT,TRAFFIC_CONTROL_DEVICE,DEVICE_CONDITION,WEATHER_CONDITION,LIGHTING_CONDITION,FIRST_CRASH_TYPE,TRAFFICWAY_TYPE,ALIGNMENT,ROADWAY_SURFACE_COND,ROAD_DEFECT,INTERSECTION_RELATED_I,PRIM_CONTRIBUTORY_CAUSE,SEC_CONTRIBUTORY_CAUSE,DOORING_I,MOST_SEVERE_INJURY,CRASH_HOUR,CRASH_MONTH,LATITUDE,LONGITUDE,CRASH_YEAR,SPEED_LIMIT,geometry,DISPLAYROU,the_geom,DIST,LANE_TYPE,CRASH_DATE,is_severe,index_right,CArea
6631,30,TRAFFIC SIGNAL,FUNCTIONING PROPERLY,CLEAR,DAYLIGHT,PEDALCYCLIST,DIVIDED - W/MEDIAN (NOT RAISED),STRAIGHT AND LEVEL,DRY,UNKNOWN,Y,UNABLE TO DETERMINE,UNABLE TO DETERMINE,,NO INDICATION OF INJURY,12,12,41.8900733006,-87.6474623508,2021,30,POINT (-87.6474623508 41.8900733006),,,,,2021-12-02,False,7,Near North Side
6632,30,NO CONTROLS,NO CONTROLS,CLEAR,DAYLIGHT,PEDALCYCLIST,NOT DIVIDED,STRAIGHT AND LEVEL,DRY,NO DEFECTS,,NOT APPLICABLE,UNABLE TO DETERMINE,,NO INDICATION OF INJURY,14,12,41.8743010445,-87.6390821213,2021,30,POINT (-87.6390821213 41.8743010445),,,,,2021-12-02,False,27,Near West Side
6633,30,NO CONTROLS,NO CONTROLS,CLEAR,DAYLIGHT,PEDALCYCLIST,NOT DIVIDED,STRAIGHT AND LEVEL,DRY,NO DEFECTS,,UNABLE TO DETERMINE,UNABLE TO DETERMINE,Y,NO INDICATION OF INJURY,14,12,41.8777875952,-87.6473869572,2021,30,POINT (-87.6473869572 41.8777875952),,,,,2021-12-02,False,27,Near West Side
6634,30,NO CONTROLS,NO CONTROLS,CLEAR,"DARKNESS, LIGHTED ROAD",PEDALCYCLIST,DIVIDED - W/MEDIAN (NOT RAISED),STRAIGHT AND LEVEL,DRY,NO DEFECTS,Y,UNABLE TO DETERMINE,NOT APPLICABLE,Y,NO INDICATION OF INJURY,16,12,41.9385238773,-87.7787685074,2021,30,POINT (-87.7787685074 41.9385238773),,,,,2021-12-02,False,14,Portage Park
6635,24,STOP SIGN/FLASHER,FUNCTIONING PROPERLY,CLEAR,DUSK,PEDALCYCLIST,FOUR WAY,STRAIGHT AND LEVEL,DRY,NO DEFECTS,Y,DISREGARDING STOP SIGN,DISREGARDING STOP SIGN,,NONINCAPACITATING INJURY,16,12,41.8380143598,-87.6401333174,2021,24,POINT (-87.6401333174 41.8380143598),,,,,2021-12-02,False,30,Lower West Side
6636,30,TRAFFIC SIGNAL,FUNCTIONING PROPERLY,CLEAR,DUSK,PEDALCYCLIST,"FIVE POINT, OR MORE",STRAIGHT AND LEVEL,DRY,NO DEFECTS,Y,UNABLE TO DETERMINE,UNABLE TO DETERMINE,,INCAPACITATING INJURY,17,12,41.9973821735,-87.7880776739,2021,30,POINT (-87.7880776739 41.9973821735),,,,,2021-12-02,True,11,Forest Glen
6637,30,NO CONTROLS,NO CONTROLS,CLEAR,DARKNESS,PEDALCYCLIST,NOT DIVIDED,STRAIGHT AND LEVEL,DRY,NO DEFECTS,,UNABLE TO DETERMINE,UNABLE TO DETERMINE,,NONINCAPACITATING INJURY,19,12,41.9533503589,-87.67763778,2021,30,POINT (-87.67763778 41.9533503589),,,,,2021-12-02,False,4,North Center
6638,30,NO CONTROLS,NO CONTROLS,CLEAR,"DARKNESS, LIGHTED ROAD",PEDALCYCLIST,DIVIDED - W/MEDIAN (NOT RAISED),STRAIGHT ON HILLCREST,DRY,NO DEFECTS,Y,NOT APPLICABLE,NOT APPLICABLE,,NONINCAPACITATING INJURY,4,12,41.9366365129,-87.6878455214,2021,30,POINT (-87.6878455214 41.9366365129),,,,,2021-12-03,False,4,North Center
6639,30,NO CONTROLS,NO CONTROLS,CLEAR,"DARKNESS, LIGHTED ROAD",PEDALCYCLIST,DIVIDED - W/MEDIAN (NOT RAISED),STRAIGHT AND LEVEL,DRY,NO DEFECTS,,UNABLE TO DETERMINE,NOT APPLICABLE,,NONINCAPACITATING INJURY,18,12,41.9197179933,-87.7460443918,2021,30,POINT (-87.7460443918 41.9197179933),,,,,2021-12-03,False,18,Belmont Cragin
6640,30,TRAFFIC SIGNAL,FUNCTIONING PROPERLY,CLEAR,DAYLIGHT,PEDALCYCLIST,FOUR WAY,STRAIGHT AND LEVEL,DRY,NO DEFECTS,Y,UNABLE TO DETERMINE,NOT APPLICABLE,,NONINCAPACITATING INJURY,13,12,41.8992770057,-87.70261578,2021,30,POINT (-87.70261578 41.8992770057),,,,,2021-12-04,False,22,Humboldt Park
6641,30,NO CONTROLS,NO CONTROLS,CLEAR,"DARKNESS, LIGHTED ROAD",PEDALCYCLIST,NOT DIVIDED,STRAIGHT AND LEVEL,DRY,NO DEFECTS,,FOLLOWING TOO CLOSELY,NOT APPLICABLE,Y,NO INDICATION OF INJURY,22,12,41.9110587048,-87.6348546707,2021,30,POINT (-87.6348546707 41.9110587048),,,,,2021-12-04,False,6,Lincoln Park
6642,30,STOP SIGN/FLASHER,FUNCTIONING PROPERLY,CLEAR,DAYLIGHT,PEDALCYCLIST,FOUR WAY,STRAIGHT AND LEVEL,DRY,NO DEFECTS,Y,UNABLE TO DETERMINE,NOT APPLICABLE,,NO INDICATION OF INJURY,12,12,41.941972763,-87.7923304934,2021,30,POINT (-87.7923304934 41.941972763),,,,,2021-12-06,False,16,Dunning
6643,25,TRAFFIC SIGNAL,FUNCTIONING PROPERLY,CLEAR,"DARKNESS, LIGHTED ROAD",PEDALCYCLIST,NOT DIVIDED,STRAIGHT AND LEVEL,DRY,NO DEFECTS,Y,FAILING TO REDUCE SPEED TO AVOID CRASH,UNABLE TO DETERMINE,,NONINCAPACITATING INJURY,19,12,41.7951754502,-87.5966014773,2021,25,POINT (-87.5966014773 41.7951754502),,,,,2021-12-06,False,40,Hyde Park
6644,30,TRAFFIC SIGNAL,FUNCTIONING PROPERLY,CLEAR,DAYLIGHT,PEDALCYCLIST,NOT DIVIDED,STRAIGHT AND LEVEL,DRY,NO DEFECTS,Y,UNABLE TO DETERMINE,NOT APPLICABLE,,NONINCAPACITATING INJURY,9,12,41.8086878811,-87.6553867772,2021,30,POINT (-87.6553867772 41.8086878811),,,,,2021-12-07,False,60,New City
6645,30,NO CONTROLS,NO CONTROLS,CLEAR,DAYLIGHT,PEDALCYCLIST,NOT DIVIDED,STRAIGHT AND LEVEL,DRY,NO DEFECTS,,UNABLE TO DETERMINE,UNABLE TO DETERMINE,,NONINCAPACITATING INJURY,10,12,41.8308059869,-87.6501845146,2021,30,POINT (-87.6501845146 41.8308059869),,,,,2021-12-07,False,59,Bridgeport
6646,30,TRAFFIC SIGNAL,FUNCTIONING PROPERLY,CLEAR,"DARKNESS, LIGHTED ROAD",PEDALCYCLIST,T-INTERSECTION,STRAIGHT AND LEVEL,DRY,NO DEFECTS,Y,FAILING TO YIELD RIGHT-OF-WAY,NOT APPLICABLE,N,NO INDICATION OF INJURY,16,12,41.8784834837,-87.6175956511,2021,30,POINT (-87.6175956511 41.8784834837),,,,,2021-12-07,False,31,Loop
6647,30,UNKNOWN,UNKNOWN,CLEAR,"DARKNESS, LIGHTED ROAD",PEDALCYCLIST,ONE-WAY,STRAIGHT AND LEVEL,DRY,UNKNOWN,,UNABLE TO DETERMINE,NOT APPLICABLE,,NONINCAPACITATING INJURY,19,12,41.8834258039,-87.6292797818,2021,30,POINT (-87.6292797818 41.8834258039),,,,,2021-12-07,False,31,Loop
6648,30,TRAFFIC SIGNAL,FUNCTIONING PROPERLY,CLEAR,"DARKNESS, LIGHTED ROAD",PEDALCYCLIST,FOUR WAY,STRAIGHT AND LEVEL,DRY,NO DEFECTS,Y,FAILING TO YIELD RIGHT-OF-WAY,NOT APPLICABLE,,NO INDICATION OF INJURY,20,12,41.867105475,-87.6567450119,2021,30,POINT (-87.6567450119 41.867105475),,,,,2021-12-07,False,27,Near West Side
6649,35,STOP SIGN/FLASHER,FUNCTIONING PROPERLY,CLEAR,"DARKNESS, LIGHTED ROAD",PEDALCYCLIST,NOT DIVIDED,STRAIGHT AND LEVEL,DRY,NO DEFECTS,,FAILING TO REDUCE SPEED TO AVOID CRASH,UNABLE TO DETERMINE,,NONINCAPACITATING INJURY,16,12,41.7749421044,-87.7384874369,2021,35,POINT (-87.7384874369 41.7749421044),,,,,2021-12-08,False,63,Clearing
6650,30,TRAFFIC SIGNAL,FUNCTIONING PROPERLY,CLEAR,DAYLIGHT,PEDALCYCLIST,ONE-WAY,STRAIGHT AND LEVEL,DRY,UNKNOWN,Y,IMPROPER TURNING/NO SIGNAL,NOT APPLICABLE,,"REPORTED, NOT EVIDENT",8,12,41.8832421627,-87.6410879286,2021,30,POINT (-87.6410879286 41.8832421627),,,,,2021-12-09,False,27,Near West Side
6651,30,NO CONTROLS,NO CONTROLS,CLEAR,DAYLIGHT,PEDALCYCLIST,NOT DIVIDED,STRAIGHT AND LEVEL,DRY,NO DEFECTS,,UNABLE TO DETERMINE,UNABLE TO DETERMINE,Y,NONINCAPACITATING INJURY,15,12,41.8940290913,-87.628279873,2021,30,POINT (-87.628279873 41.8940290913),,,,,2021-12-09,False,7,Near North Side
6652,30,NO CONTROLS,NO CONTROLS,CLEAR,DAYLIGHT,PEDALCYCLIST,NOT DIVIDED,STRAIGHT AND LEVEL,DRY,NO DEFECTS,,IMPROPER OVERTAKING/PASSING,NOT APPLICABLE,,"REPORTED, NOT EVIDENT",15,12,41.7746934593,-87.6156368216,2021,30,POINT (-87.6156368216 41.7746934593),,,,,2021-12-09,False,41,Woodlawn
6653,35,NO CONTROLS,NO CONTROLS,CLEAR,DAYLIGHT,PEDALCYCLIST,DIVIDED - W/MEDIAN (NOT RAISED),STRAIGHT ON GRADE,DRY,NO DEFECTS,,FAILING TO YIELD RIGHT-OF-WAY,UNABLE TO DETERMINE,,FATAL,10,12,41.8204980951,-87.6654064867,2021,35,POINT (-87.6654064867 41.8204980951),,,,,2021-12-10,True,60,New City
6654,35,TRAFFIC SIGNAL,NO CONTROLS,RAIN,DARKNESS,PEDALCYCLIST,ONE-WAY,STRAIGHT AND LEVEL,WET,NO DEFECTS,,FAILING TO REDUCE SPEED TO AVOID CRASH,IMPROPER LANE USAGE,,NO INDICATION OF INJURY,18,12,41.884538675,-87.6439560993,2021,35,POINT (-87.6439560993 41.884538675),,,,,2021-12-10,False,27,Near West Side
6655,35,TRAFFIC SIGNAL,FUNCTIONING PROPERLY,RAIN,"DARKNESS, LIGHTED ROAD",PEDALCYCLIST,NOT DIVIDED,STRAIGHT AND LEVEL,WET,NO DEFECTS,Y,FAILING TO REDUCE SPEED TO AVOID CRASH,UNABLE TO DETERMINE,,NONINCAPACITATING INJURY,19,12,41.9038573464,-87.6412256185,2021,35,POINT (-87.6412256185 41.9038573464),,,,,2021-12-10,False,7,Near North Side
6656,30,NO CONTROLS,NO CONTROLS,CLEAR,DAYLIGHT,PEDALCYCLIST,DIVIDED - W/MEDIAN (NOT RAISED),STRAIGHT AND LEVEL,WET,NO DEFECTS,,IMPROPER LANE USAGE,DISREGARDING ROAD MARKINGS,,NO INDICATION OF INJURY,11,12,41.8986365479,-87.7431917406,2021,30,POINT (-87.7431917406 41.8986365479),,,,,2021-12-11,False,24,Austin
6657,30,TRAFFIC SIGNAL,FUNCTIONING PROPERLY,CLEAR,DAYLIGHT,PEDALCYCLIST,ONE-WAY,STRAIGHT AND LEVEL,DRY,NO DEFECTS,,DISTRACTION - FROM INSIDE VEHICLE,UNABLE TO DETERMINE,Y,NONINCAPACITATING INJURY,11,12,41.8945404553,-87.624095297,2021,30,POINT (-87.624095297 41.8945404553),,,,,2021-12-11,False,7,Near North Side
6658,30,NO CONTROLS,NO CONTROLS,CLEAR,DAYLIGHT,PEDALCYCLIST,NOT DIVIDED,STRAIGHT AND LEVEL,DRY,NO DEFECTS,,FAILING TO YIELD RIGHT-OF-WAY,NOT APPLICABLE,,INCAPACITATING INJURY,13,12,41.8743010445,-87.6390821213,2021,30,POINT (-87.6390821213 41.8743010445),,,,,2021-12-11,True,27,Near West Side
6659,30,NO CONTROLS,NO CONTROLS,CLEAR,DAYLIGHT,PEDALCYCLIST,NOT DIVIDED,STRAIGHT AND LEVEL,DRY,UNKNOWN,,UNABLE TO DETERMINE,UNABLE TO DETERMINE,Y,NONINCAPACITATING INJURY,13,12,41.9593508021,-87.6499890128,2021,30,POINT (-87.6499890128 41.9593508021),,,,,2021-12-12,False,2,Uptown
6660,30,TRAFFIC SIGNAL,FUNCTIONING PROPERLY,CLEAR,DAYLIGHT,PEDALCYCLIST,NOT DIVIDED,STRAIGHT AND LEVEL,DRY,NO DEFECTS,Y,FAILING TO YIELD RIGHT-OF-WAY,FAILING TO YIELD RIGHT-OF-WAY,,"REPORTED, NOT EVIDENT",15,12,41.8577448535,-87.6273413783,2021,30,POINT (-87.6273413783 41.8577448535),,,,,2021-12-12,False,32,Near South Side
6661,35,NO CONTROLS,NO CONTROLS,CLEAR,"DARKNESS, LIGHTED ROAD",PEDALCYCLIST,NOT DIVIDED,STRAIGHT AND LEVEL,DRY,NO DEFECTS,,UNABLE TO DETERMINE,UNABLE TO DETERMINE,,NO INDICATION OF INJURY,21,12,41.7966218948,-87.7572396277,2021,35,POINT (-87.7572396277 41.7966218948),,,,,2021-12-12,False,55,Garfield Ridge
6662,30,TRAFFIC SIGNAL,FUNCTIONING PROPERLY,CLEAR,DAYLIGHT,PEDALCYCLIST,DIVIDED - W/MEDIAN (NOT RAISED),STRAIGHT AND LEVEL,DRY,UNKNOWN,Y,DISREGARDING TRAFFIC SIGNALS,UNABLE TO DETERMINE,,NO INDICATION OF INJURY,10,12,41.8551958429,-87.6464211225,2021,30,POINT (-87.6464211225 41.8551958429),,,,,2021-12-13,False,30,Lower West Side
6663,30,STOP SIGN/FLASHER,FUNCTIONING PROPERLY,CLEAR,DAYLIGHT,PEDALCYCLIST,FOUR WAY,STRAIGHT AND LEVEL,DRY,NO DEFECTS,Y,UNABLE TO DETERMINE,UNABLE TO DETERMINE,,INCAPACITATING INJURY,13,12,41.7989254688,-87.7012097467,2021,30,POINT (-87.7012097467 41.7989254688),,,,,2021-12-14,True,62,Gage Park
6664,30,NO CONTROLS,NO CONTROLS,CLEAR,DAYLIGHT,PEDALCYCLIST,NOT DIVIDED,STRAIGHT AND LEVEL,DRY,NO DEFECTS,,NOT APPLICABLE,NOT APPLICABLE,,NONINCAPACITATING INJURY,15,12,41.9248976818,-87.6996351979,2021,30,POINT (-87.6996351979 41.9248976818),,,,,2021-12-14,False,21,Logan Square
6665,30,UNKNOWN,UNKNOWN,CLEAR,DAYLIGHT,PEDALCYCLIST,NOT DIVIDED,STRAIGHT AND LEVEL,DRY,NO DEFECTS,,IMPROPER TURNING/NO SIGNAL,UNABLE TO DETERMINE,,"REPORTED, NOT EVIDENT",16,12,41.9618999976,-87.6538785876,2021,30,POINT (-87.6538785876 41.9618999976),,,,,2021-12-14,False,2,Uptown
6666,30,NO CONTROLS,NO CONTROLS,CLEAR,DUSK,PEDALCYCLIST,NOT DIVIDED,STRAIGHT AND LEVEL,DRY,NO DEFECTS,,UNABLE TO DETERMINE,NOT APPLICABLE,Y,NONINCAPACITATING INJURY,16,12,41.9721789684,-87.7087294642,2021,30,POINT (-87.7087294642 41.9721789684),,,,,2021-12-14,False,12,North Park
6667,30,NO CONTROLS,NO CONTROLS,UNKNOWN,UNKNOWN,PEDALCYCLIST,UNKNOWN INTERSECTION TYPE,STRAIGHT AND LEVEL,UNKNOWN,UNKNOWN,Y,FAILING TO YIELD RIGHT-OF-WAY,NOT APPLICABLE,,"REPORTED, NOT EVIDENT",17,12,41.9996371005,-87.6897866831,2021,30,POINT (-87.6897866831 41.9996371005),,,,,2021-12-14,False,1,West Ridge
6668,20,STOP SIGN/FLASHER,FUNCTIONING PROPERLY,RAIN,"DARKNESS, LIGHTED ROAD",PEDALCYCLIST,NOT DIVIDED,STRAIGHT AND LEVEL,WET,NO DEFECTS,,DRIVING ON WRONG SIDE/WRONG WAY,UNABLE TO DETERMINE,,NO INDICATION OF INJURY,21,12,41.9189419425,-87.7668697419,2021,20,POINT (-87.7668697419 41.9189419425),,,,,2021-12-14,False,18,Belmont Cragin
6669,25,NO CONTROLS,NO CONTROLS,CLEAR,DUSK,PEDALCYCLIST,NOT DIVIDED,STRAIGHT AND LEVEL,DRY,NO DEFECTS,Y,UNABLE TO DETERMINE,UNABLE TO DETERMINE,,NONINCAPACITATING INJURY,17,12,41.9152011858,-87.6847946469,2021,25,POINT (-87.6847946469 41.9152011858),,,,,2021-12-15,False,21,Logan Square
6670,25,TRAFFIC SIGNAL,FUNCTIONING PROPERLY,CLEAR,DAYLIGHT,PEDALCYCLIST,NOT DIVIDED,STRAIGHT AND LEVEL,DRY,NO DEFECTS,,"VISION OBSCURED (SIGNS, TREE LIMBS, BUILDINGS, ETC.)",UNABLE TO DETERMINE,,NO INDICATION OF INJURY,11,12,41.9216297091,-87.6534239735,2021,25,POINT (-87.6534239735 41.9216297091),,,,,2021-12-16,False,6,Lincoln Park
6671,25,STOP SIGN/FLASHER,FUNCTIONING PROPERLY,CLEAR,DAYLIGHT,PEDALCYCLIST,NOT DIVIDED,STRAIGHT AND LEVEL,DRY,NO DEFECTS,,FAILING TO REDUCE SPEED TO AVOID CRASH,NOT APPLICABLE,,NO INDICATION OF INJURY,15,12,41.9464368399,-87.7052130027,2021,25,POINT (-87.7052130027 41.9464368399),,,,,2021-12-16,False,15,Irving Park
6672,30,TRAFFIC SIGNAL,FUNCTIONING PROPERLY,CLEAR,"DARKNESS, LIGHTED ROAD",PEDALCYCLIST,FOUR WAY,STRAIGHT AND LEVEL,DRY,NO DEFECTS,Y,FAILING TO YIELD RIGHT-OF-WAY,DRIVING SKILLS/KNOWLEDGE/EXPERIENCE,,NONINCAPACITATING INJURY,16,12,41.8640015435,-87.6242257291,2021,30,POINT (-87.6242257291 41.8640015435),,,,,2021-12-16,False,32,Near South Side
6673,30,TRAFFIC SIGNAL,FUNCTIONING PROPERLY,CLEAR,"DARKNESS, LIGHTED ROAD",PEDALCYCLIST,ONE-WAY,STRAIGHT AND LEVEL,DRY,UNKNOWN,,DRIVING ON WRONG SIDE/WRONG WAY,UNABLE TO DETERMINE,,INCAPACITATING INJURY,18,12,41.8916976287,-87.6339961938,2021,30,POINT (-87.6339961938 41.8916976287),,,,,2021-12-16,True,7,Near North Side
6674,30,TRAFFIC SIGNAL,FUNCTIONING PROPERLY,CLEAR,DAWN,PEDALCYCLIST,FOUR WAY,STRAIGHT AND LEVEL,DRY,NO DEFECTS,Y,FAILING TO REDUCE SPEED TO AVOID CRASH,NOT APPLICABLE,,INCAPACITATING INJURY,11,12,41.9109487626,-87.6531595513,2021,30,POINT (-87.6531595513 41.9109487626),,,,,2021-12-17,True,6,Lincoln Park
6675,30,NO CONTROLS,NO CONTROLS,CLEAR,DAYLIGHT,PEDALCYCLIST,DIVIDED - W/MEDIAN (NOT RAISED),STRAIGHT AND LEVEL,DRY,NO DEFECTS,,UNABLE TO DETERMINE,UNABLE TO DETERMINE,,NO INDICATION OF INJURY,11,12,41.8984231223,-87.706616405,2021,30,POINT (-87.706616405 41.8984231223),,,,,2021-12-19,False,22,Humboldt Park
6676,30,STOP SIGN/FLASHER,FUNCTIONING PROPERLY,CLEAR,DAYLIGHT,PEDALCYCLIST,NOT DIVIDED,STRAIGHT AND LEVEL,DRY,NO DEFECTS,Y,UNABLE TO DETERMINE,UNABLE TO DETERMINE,,NONINCAPACITATING INJURY,14,12,41.9169860871,-87.6601218148,2021,30,POINT (-87.6601218148 41.9169860871),,,,,2021-12-19,False,6,Lincoln Park
6677,30,TRAFFIC SIGNAL,FUNCTIONING PROPERLY,CLEAR,DAYLIGHT,PEDALCYCLIST,NOT DIVIDED,STRAIGHT AND LEVEL,DRY,NO DEFECTS,Y,FAILING TO REDUCE SPEED TO AVOID CRASH,UNABLE TO DETERMINE,,NONINCAPACITATING INJURY,15,12,41.9285327719,-87.7025621544,2021,30,POINT (-87.7025621544 41.9285327719),,,,,2021-12-20,False,21,Logan Square
6678,25,STOP SIGN/FLASHER,FUNCTIONING PROPERLY,CLEAR,DAYLIGHT,PEDALCYCLIST,FOUR WAY,STRAIGHT AND LEVEL,DRY,NO DEFECTS,Y,DISTRACTION - FROM OUTSIDE VEHICLE,FAILING TO YIELD RIGHT-OF-WAY,,NONINCAPACITATING INJURY,9,12,41.9797127519,-87.6796634335,2021,25,POINT (-87.6796634335 41.9797127519),,,,,2021-12-21,False,3,Lincoln Square
6679,20,NO CONTROLS,NO CONTROLS,CLEAR,DAYLIGHT,PEDALCYCLIST,ONE-WAY,STRAIGHT AND LEVEL,DRY,NO DEFECTS,,UNABLE TO DETERMINE,UNABLE TO DETERMINE,,NONINCAPACITATING INJURY,10,12,41.7809585912,-87.6848470143,2021,20,POINT (-87.6848470143 41.7809585912),,,,,2021-12-21,False,65,Chicago Lawn
6680,30,STOP SIGN/FLASHER,FUNCTIONING PROPERLY,CLEAR,DAYLIGHT,PEDALCYCLIST,ONE-WAY,STRAIGHT AND LEVEL,DRY,UNKNOWN,Y,FAILING TO YIELD RIGHT-OF-WAY,DISREGARDING STOP SIGN,,INCAPACITATING INJURY,12,12,41.9190514768,-87.7292077723,2021,30,POINT (-87.7292077723 41.9190514768),,,,,2021-12-21,True,19,Hermosa
6681,30,TRAFFIC SIGNAL,FUNCTIONING PROPERLY,CLEAR,DAYLIGHT,PEDALCYCLIST,FOUR WAY,STRAIGHT AND LEVEL,DRY,NO DEFECTS,Y,UNABLE TO DETERMINE,UNABLE TO DETERMINE,,NO INDICATION OF INJURY,2,12,41.9390004691,-87.7258903634,2021,30,POINT (-87.7258903634 41.9390004691),,,,,2021-12-22,False,15,Irving Park
6682,25,PEDESTRIAN CROSSING SIGN,FUNCTIONING IMPROPERLY,CLEAR,DAYLIGHT,PEDALCYCLIST,ONE-WAY,STRAIGHT AND LEVEL,DRY,NO DEFECTS,,FAILING TO YIELD RIGHT-OF-WAY,UNABLE TO DETERMINE,,NO INDICATION OF INJURY,10,12,41.9414751629,-87.6688577294,2021,25,POINT (-87.6688577294 41.9414751629),,,,,2021-12-22,False,5,Lake View
6683,30,NO CONTROLS,NO CONTROLS,CLEAR,"DARKNESS, LIGHTED ROAD",PEDALCYCLIST,NOT DIVIDED,STRAIGHT AND LEVEL,DRY,NO DEFECTS,,UNABLE TO DETERMINE,NOT APPLICABLE,,NO INDICATION OF INJURY,18,12,41.9082893424,-87.6702150914,2021,30,POINT (-87.6702150914 41.9082893424),,,,,2021-12-22,False,23,West Town
6684,25,STOP SIGN/FLASHER,FUNCTIONING PROPERLY,CLEAR,DAYLIGHT,PEDALCYCLIST,ONE-WAY,STRAIGHT AND LEVEL,DRY,NO DEFECTS,Y,UNABLE TO DETERMINE,UNABLE TO DETERMINE,,NONINCAPACITATING INJURY,10,12,41.9817678111,-87.6691871524,2021,25,POINT (-87.6691871524 41.9817678111),,,,,2021-12-23,False,76,Edgewater
6685,30,TRAFFIC SIGNAL,FUNCTIONING PROPERLY,RAIN,DAYLIGHT,PEDALCYCLIST,FOUR WAY,STRAIGHT AND LEVEL,WET,NO DEFECTS,Y,FAILING TO YIELD RIGHT-OF-WAY,UNABLE TO DETERMINE,,NO INDICATION OF INJURY,9,12,41.7795810129,-87.6497871291,2021,30,POINT (-87.6497871291 41.7795810129),,,,,2021-12-27,False,67,Englewood
6686,30,NO CONTROLS,NO CONTROLS,UNKNOWN,DAYLIGHT,PEDALCYCLIST,NOT DIVIDED,STRAIGHT AND LEVEL,UNKNOWN,UNKNOWN,,FOLLOWING TOO CLOSELY,NOT APPLICABLE,,NONINCAPACITATING INJURY,14,12,41.9454671494,-87.7039624384,2021,30,POINT (-87.7039624384 41.9454671494),,,,,2021-12-27,False,15,Irving Park
6687,30,TRAFFIC SIGNAL,FUNCTIONING PROPERLY,CLEAR,DAYLIGHT,PEDALCYCLIST,FOUR WAY,STRAIGHT AND LEVEL,DRY,WORN SURFACE,Y,FAILING TO YIELD RIGHT-OF-WAY,FAILING TO YIELD RIGHT-OF-WAY,,"REPORTED, NOT EVIDENT",14,12,41.9690466747,-87.654674059,2021,30,POINT (-87.654674059 41.9690466747),,,,,2021-12-29,False,2,Uptown
6688,30,UNKNOWN,UNKNOWN,CLEAR,UNKNOWN,PEDALCYCLIST,NOT DIVIDED,STRAIGHT AND LEVEL,UNKNOWN,UNKNOWN,,UNABLE TO DETERMINE,UNABLE TO DETERMINE,,"REPORTED, NOT EVIDENT",16,12,41.9619144696,-87.6527513348,2021,30,POINT (-87.6527513348 41.9619144696),,,,,2021-12-30,False,2,Uptown
6689,30,NO CONTROLS,NO CONTROLS,RAIN,DAYLIGHT,PEDALCYCLIST,DIVIDED - W/MEDIAN BARRIER,STRAIGHT AND LEVEL,WET,NO DEFECTS,,UNABLE TO DETERMINE,UNABLE TO DETERMINE,,NONINCAPACITATING INJURY,13,12,41.7663356217,-87.5782697185,2021,30,POINT (-87.5782697185 41.7663356217),,,,,2021-12-31,False,41,Woodlawn
6690,30,NO CONTROLS,NO CONTROLS,SNOW,DAYLIGHT,PEDALCYCLIST,NOT DIVIDED,STRAIGHT AND LEVEL,SNOW OR SLUSH,NO DEFECTS,,"VISION OBSCURED (SIGNS, TREE LIMBS, BUILDINGS, ETC.)",FAILING TO YIELD RIGHT-OF-WAY,Y,NONINCAPACITATING INJURY,15,1,41.9463846516,-87.6465248633,2022,30,POINT (-87.6465248633 41.9463846516),,,,,2022-01-01,False,5,Lake View
6691,20,STOP SIGN/FLASHER,FUNCTIONING PROPERLY,CLEAR,DAYLIGHT,PEDALCYCLIST,FOUR WAY,STRAIGHT AND LEVEL,DRY,NO DEFECTS,Y,DISREGARDING STOP SIGN,UNABLE TO DETERMINE,,NO INDICATION OF INJURY,15,1,41.7139512492,-87.6553135642,2022,20,POINT (-87.6553135642 41.7139512492),,,,,2022-01-02,False,72,Washington Heights
6692,30,STOP SIGN/FLASHER,FUNCTIONING PROPERLY,CLEAR,DAYLIGHT,PEDALCYCLIST,DIVIDED - W/MEDIAN (NOT RAISED),STRAIGHT AND LEVEL,DRY,UNKNOWN,,FAILING TO YIELD RIGHT-OF-WAY,NOT APPLICABLE,Y,INCAPACITATING INJURY,8,1,41.8926512164,-87.6771065876,2022,30,POINT (-87.6771065876 41.8926512164),,,,,2022-01-07,True,23,West Town
6693,30,TRAFFIC SIGNAL,UNKNOWN,UNKNOWN,UNKNOWN,PEDALCYCLIST,NOT DIVIDED,STRAIGHT AND LEVEL,ICE,UNKNOWN,Y,UNABLE TO DETERMINE,UNABLE TO DETERMINE,,NO INDICATION OF INJURY,12,1,41.8993927148,-87.6967285945,2022,30,POINT (-87.6967285945 41.8993927148),,,,,2022-01-08,False,22,Humboldt Park
6694,30,NO CONTROLS,NO CONTROLS,CLEAR,DAYLIGHT,PEDALCYCLIST,NOT DIVIDED,STRAIGHT AND LEVEL,WET,NO DEFECTS,,IMPROPER TURNING/NO SIGNAL,UNABLE TO DETERMINE,,NONINCAPACITATING INJURY,11,1,41.958604911,-87.6490996908,2022,30,POINT (-87.6490996908 41.958604911),,,,,2022-01-09,False,2,Uptown