Unnamed: 0,POSTED_SPEED_LIMIT,TRAFFIC_CONTROL_DEVICE,DEVICE_CONDITION,WEATHER_CONDITION,LIGHTING_CONDITION,FIRST_CRASH_TYPE,TRAFFICWAY_TYPE,ALIGNMENT,ROADWAY_SURFACE_COND,ROAD_DEFECT,INTERSECTION_RELATED_I,PRIM_CONTRIBUTORY_CAUSE,SEC_CONTRIBUTORY_CAUSE,DOORING_I,MOST_SEVERE_INJURY,CRASH_HOUR,CRASH_MONTH,LATITUDE,LONGITUDE,CRASH_YEAR,SPEED_LIMIT,geometry,DISPLAYROU,the_geom,DIST,LANE_TYPE,CRASH_DATE,is_severe,index_right,CArea
6695,30,NO CONTROLS,NO CONTROLS,CLEAR,DAYLIGHT,PEDALCYCLIST,PARKING LOT,STRAIGHT AND LEVEL,DRY,NO DEFECTS,,UNABLE TO DETERMINE,DRIVING SKILLS/KNOWLEDGE/EXPERIENCE,,NONINCAPACITATING INJURY,9,1,41.932685682,-87.6491577406,2022,30,POINT (-87.6491577406 41.932685682),,,,,2022-01-11,False,5,Lake View
6696,30,NO CONTROLS,NO CONTROLS,CLEAR,DAYLIGHT,PEDALCYCLIST,NOT DIVIDED,STRAIGHT AND LEVEL,SNOW OR SLUSH,NO DEFECTS,Y,OBSTRUCTED CROSSWALKS,NOT APPLICABLE,,NONINCAPACITATING INJURY,13,1,41.9960050155,-87.6896794263,2022,30,POINT (-87.6896794263 41.9960050155),,,,,2022-01-11,False,1,West Ridge
6697,35,NO CONTROLS,NO CONTROLS,CLEAR,DAYLIGHT,PEDALCYCLIST,NOT DIVIDED,STRAIGHT AND LEVEL,DRY,NO DEFECTS,,FOLLOWING TOO CLOSELY,FOLLOWING TOO CLOSELY,,NONINCAPACITATING INJURY,7,1,41.9175937525,-87.7588774553,2022,35,POINT (-87.7588774553 41.9175937525),,,,,2022-01-12,False,18,Belmont Cragin
6698,25,NO CONTROLS,NO CONTROLS,CLEAR,"DARKNESS, LIGHTED ROAD",PEDALCYCLIST,NOT DIVIDED,STRAIGHT AND LEVEL,DRY,NO DEFECTS,,UNABLE TO DETERMINE,NOT APPLICABLE,,NO INDICATION OF INJURY,20,1,41.7937956466,-87.6501544658,2022,25,POINT (-87.6501544658 41.7937956466),,,,,2022-01-12,False,67,Englewood
6699,30,NO CONTROLS,NO CONTROLS,CLEAR,DAYLIGHT,PEDALCYCLIST,NOT DIVIDED,STRAIGHT AND LEVEL,DRY,NO DEFECTS,,UNABLE TO DETERMINE,UNABLE TO DETERMINE,,NO INDICATION OF INJURY,10,1,41.893255983,-87.6266124637,2022,30,POINT (-87.6266124637 41.893255983),,,,,2022-01-13,False,7,Near North Side
6700,35,UNKNOWN,UNKNOWN,RAIN,DAYLIGHT,PEDALCYCLIST,NOT DIVIDED,STRAIGHT AND LEVEL,WET,NO DEFECTS,,NOT APPLICABLE,NOT APPLICABLE,,NONINCAPACITATING INJURY,10,1,41.893255983,-87.6266124637,2022,35,POINT (-87.6266124637 41.893255983),,,,,2022-01-14,False,7,Near North Side
6701,35,STOP SIGN/FLASHER,NO CONTROLS,CLEAR,DUSK,PEDALCYCLIST,T-INTERSECTION,STRAIGHT AND LEVEL,DRY,UNKNOWN,Y,UNABLE TO DETERMINE,UNABLE TO DETERMINE,,NONINCAPACITATING INJURY,14,1,41.8527216297,-87.6481743403,2022,35,POINT (-87.6481743403 41.8527216297),,,,,2022-01-14,False,30,Lower West Side
6702,35,NO CONTROLS,NO CONTROLS,SNOW,"DARKNESS, LIGHTED ROAD",PEDALCYCLIST,NOT DIVIDED,STRAIGHT AND LEVEL,WET,NO DEFECTS,,UNABLE TO DETERMINE,UNABLE TO DETERMINE,,NO INDICATION OF INJURY,18,1,41.8758025993,-87.6257344123,2022,35,POINT (-87.6257344123 41.8758025993),,,,,2022-01-14,False,31,Loop
6703,30,TRAFFIC SIGNAL,NOT FUNCTIONING,FREEZING RAIN/DRIZZLE,"DARKNESS, LIGHTED ROAD",PEDALCYCLIST,FOUR WAY,STRAIGHT AND LEVEL,WET,NO DEFECTS,,WEATHER,FAILING TO YIELD RIGHT-OF-WAY,,INCAPACITATING INJURY,18,1,41.8484116031,-87.6440503181,2022,30,POINT (-87.6440503181 41.8484116031),,,,,2022-01-14,True,30,Lower West Side
6704,35,NO CONTROLS,NO CONTROLS,CLEAR,"DARKNESS, LIGHTED ROAD",PEDALCYCLIST,NOT DIVIDED,STRAIGHT AND LEVEL,DRY,NO DEFECTS,,DISREGARDING ROAD MARKINGS,NOT APPLICABLE,,NONINCAPACITATING INJURY,20,1,41.8456433432,-87.6271086591,2022,35,POINT (-87.6271086591 41.8456433432),,,,,2022-01-15,False,32,Near South Side
6705,30,TRAFFIC SIGNAL,FUNCTIONING PROPERLY,CLEAR,DAYLIGHT,PEDALCYCLIST,FOUR WAY,STRAIGHT AND LEVEL,ICE,UNKNOWN,Y,FAILING TO YIELD RIGHT-OF-WAY,BICYCLE ADVANCING LEGALLY ON RED LIGHT,,NONINCAPACITATING INJURY,15,1,41.8453271736,-87.6382950587,2022,30,POINT (-87.6382950587 41.8453271736),,,,,2022-01-17,False,30,Lower West Side
6706,30,TRAFFIC SIGNAL,FUNCTIONING PROPERLY,CLEAR,DAYLIGHT,PEDALCYCLIST,DIVIDED - W/MEDIAN (NOT RAISED),STRAIGHT AND LEVEL,DRY,UNKNOWN,Y,DISREGARDING TRAFFIC SIGNALS,UNABLE TO DETERMINE,,NO INDICATION OF INJURY,12,1,41.8965056469,-87.6476545792,2022,30,POINT (-87.6476545792 41.8965056469),,,,,2022-01-18,False,7,Near North Side
6707,35,TRAFFIC SIGNAL,FUNCTIONING PROPERLY,CLEAR,DAYLIGHT,PEDALCYCLIST,FOUR WAY,STRAIGHT AND LEVEL,DRY,NO DEFECTS,Y,UNABLE TO DETERMINE,UNABLE TO DETERMINE,,NONINCAPACITATING INJURY,14,1,41.9032474415,-87.6666095744,2022,35,POINT (-87.6666095744 41.9032474415),,,,,2022-01-21,False,23,West Town
6708,30,TRAFFIC SIGNAL,FUNCTIONING PROPERLY,CLEAR,DAYLIGHT,PEDALCYCLIST,DIVIDED - W/MEDIAN (NOT RAISED),STRAIGHT AND LEVEL,DRY,NO DEFECTS,,FAILING TO YIELD RIGHT-OF-WAY,UNABLE TO DETERMINE,,NONINCAPACITATING INJURY,17,1,41.9321207191,-87.6977653004,2022,30,POINT (-87.6977653004 41.9321207191),,,,,2022-01-22,False,20,Avondale
6709,30,TRAFFIC SIGNAL,FUNCTIONING PROPERLY,SNOW,DAYLIGHT,PEDALCYCLIST,NOT DIVIDED,STRAIGHT AND LEVEL,SNOW OR SLUSH,NO DEFECTS,Y,UNABLE TO DETERMINE,UNABLE TO DETERMINE,,NONINCAPACITATING INJURY,11,1,41.8202803618,-87.6214279459,2022,30,POINT (-87.6214279459 41.8202803618),,,,,2022-01-23,False,37,Grand Boulevard
6710,30,NO CONTROLS,NO CONTROLS,SNOW,DAYLIGHT,PEDALCYCLIST,ONE-WAY,STRAIGHT AND LEVEL,SNOW OR SLUSH,NO DEFECTS,,RELATED TO BUS STOP,FAILING TO YIELD RIGHT-OF-WAY,Y,NONINCAPACITATING INJURY,9,1,41.8828062266,-87.6292814957,2022,30,POINT (-87.6292814957 41.8828062266),,,,,2022-01-24,False,31,Loop
6711,30,TRAFFIC SIGNAL,FUNCTIONING PROPERLY,CLEAR,"DARKNESS, LIGHTED ROAD",PEDALCYCLIST,NOT DIVIDED,STRAIGHT AND LEVEL,SNOW OR SLUSH,UNKNOWN,,UNABLE TO DETERMINE,NOT APPLICABLE,,INCAPACITATING INJURY,23,1,41.9431901418,-87.6880079956,2022,30,POINT (-87.6880079956 41.9431901418),,,,,2022-01-25,True,4,North Center
6712,30,TRAFFIC SIGNAL,FUNCTIONING PROPERLY,SNOW,"DARKNESS, LIGHTED ROAD",PEDALCYCLIST,NOT DIVIDED,STRAIGHT AND LEVEL,WET,NO DEFECTS,Y,DISREGARDING TRAFFIC SIGNALS,NOT APPLICABLE,,INCAPACITATING INJURY,23,1,41.8832483797,-87.6280171803,2022,30,POINT (-87.6280171803 41.8832483797),,,,,2022-01-27,True,31,Loop
6713,30,TRAFFIC SIGNAL,FUNCTIONING PROPERLY,CLEAR,DARKNESS,PEDALCYCLIST,FOUR WAY,STRAIGHT AND LEVEL,DRY,UNKNOWN,,UNABLE TO DETERMINE,UNABLE TO DETERMINE,,"REPORTED, NOT EVIDENT",23,1,41.8672399733,-87.6470654964,2022,30,POINT (-87.6470654964 41.8672399733),,,,,2022-01-27,False,27,Near West Side
6714,30,TRAFFIC SIGNAL,FUNCTIONING PROPERLY,CLEAR,DAYLIGHT,PEDALCYCLIST,NOT DIVIDED,STRAIGHT ON GRADE,WET,NO DEFECTS,,FAILING TO YIELD RIGHT-OF-WAY,NOT APPLICABLE,,NONINCAPACITATING INJURY,7,1,41.9613472993,-87.6790380679,2022,30,POINT (-87.6790380679 41.9613472993),,,,,2022-01-31,False,3,Lincoln Square
6715,30,STOP SIGN/FLASHER,FUNCTIONING PROPERLY,CLEAR,DAYLIGHT,PEDALCYCLIST,ONE-WAY,STRAIGHT AND LEVEL,DRY,NO DEFECTS,Y,UNABLE TO DETERMINE,NOT APPLICABLE,,INCAPACITATING INJURY,11,1,41.9516736487,-87.7866505805,2022,30,POINT (-87.7866505805 41.9516736487),,,,,2022-01-31,True,14,Portage Park
6716,30,NO CONTROLS,NO CONTROLS,CLEAR,DAYLIGHT,PEDALCYCLIST,NOT DIVIDED,STRAIGHT AND LEVEL,DRY,NO DEFECTS,Y,UNABLE TO DETERMINE,UNABLE TO DETERMINE,,NONINCAPACITATING INJURY,15,1,41.8959530278,-87.6759794935,2022,30,POINT (-87.6759794935 41.8959530278),,,,,2022-01-31,False,23,West Town
6717,30,NO CONTROLS,NO CONTROLS,CLEAR,DAYLIGHT,PEDALCYCLIST,DIVIDED - W/MEDIAN (NOT RAISED),STRAIGHT AND LEVEL,WET,NO DEFECTS,,UNABLE TO DETERMINE,NOT APPLICABLE,,NO INDICATION OF INJURY,15,1,41.9543352579,-87.7127793583,2022,30,POINT (-87.7127793583 41.9543352579),,,,,2022-01-31,False,15,Irving Park
6718,30,TRAFFIC SIGNAL,FUNCTIONING PROPERLY,CLEAR,DAYLIGHT,PEDALCYCLIST,ONE-WAY,STRAIGHT AND LEVEL,WET,UNKNOWN,Y,IMPROPER TURNING/NO SIGNAL,NOT APPLICABLE,,NO INDICATION OF INJURY,10,2,41.8916244634,-87.6342167502,2022,30,POINT (-87.6342167502 41.8916244634),,,,,2022-02-01,False,7,Near North Side
6719,30,NO CONTROLS,NO CONTROLS,RAIN,DAYLIGHT,PEDALCYCLIST,NOT DIVIDED,STRAIGHT AND LEVEL,WET,UNKNOWN,,UNABLE TO DETERMINE,UNABLE TO DETERMINE,Y,NONINCAPACITATING INJURY,11,2,41.9439902509,-87.6640799966,2022,30,POINT (-87.6640799966 41.9439902509),,,,,2022-02-01,False,5,Lake View
6720,30,NO CONTROLS,NO CONTROLS,CLEAR,"DARKNESS, LIGHTED ROAD",PEDALCYCLIST,NOT DIVIDED,STRAIGHT AND LEVEL,WET,UNKNOWN,,NOT APPLICABLE,NOT APPLICABLE,Y,NONINCAPACITATING INJURY,17,2,41.9762272371,-87.6734380996,2022,30,POINT (-87.6734380996 41.9762272371),,,,,2022-02-01,False,2,Uptown
6721,30,NO CONTROLS,NO CONTROLS,CLEAR,DAYLIGHT,PEDALCYCLIST,NOT DIVIDED,STRAIGHT AND LEVEL,SNOW OR SLUSH,NO DEFECTS,,FAILING TO YIELD RIGHT-OF-WAY,UNABLE TO DETERMINE,,INCAPACITATING INJURY,13,2,41.8847864445,-87.7259303768,2022,30,POINT (-87.7259303768 41.8847864445),,,,,2022-02-04,True,25,Garfield Park
6722,30,TRAFFIC SIGNAL,FUNCTIONING PROPERLY,SNOW,DAYLIGHT,PEDALCYCLIST,DIVIDED - W/MEDIAN (NOT RAISED),STRAIGHT AND LEVEL,SNOW OR SLUSH,NO DEFECTS,Y,FAILING TO YIELD RIGHT-OF-WAY,UNABLE TO DETERMINE,,NONINCAPACITATING INJURY,17,2,41.9322970111,-87.6783610875,2022,30,POINT (-87.6783610875 41.9322970111),,,,,2022-02-04,False,4,North Center
6723,30,NO CONTROLS,NO CONTROLS,CLEAR,DAYLIGHT,PEDALCYCLIST,ONE-WAY,STRAIGHT AND LEVEL,SNOW OR SLUSH,NO DEFECTS,,IMPROPER LANE USAGE,DISREGARDING ROAD MARKINGS,Y,NONINCAPACITATING INJURY,15,2,41.8819943382,-87.6397586849,2022,30,POINT (-87.6397586849 41.8819943382),,,,,2022-02-07,False,27,Near West Side
6724,30,TRAFFIC SIGNAL,FUNCTIONING PROPERLY,CLEAR,DAYLIGHT,PEDALCYCLIST,NOT DIVIDED,STRAIGHT AND LEVEL,DRY,NO DEFECTS,Y,FAILING TO YIELD RIGHT-OF-WAY,FAILING TO REDUCE SPEED TO AVOID CRASH,,"REPORTED, NOT EVIDENT",10,2,41.9384911242,-87.7763631519,2022,30,POINT (-87.7763631519 41.9384911242),,,,,2022-02-08,False,14,Portage Park
6725,30,TRAFFIC SIGNAL,FUNCTIONING PROPERLY,CLEAR,DAYLIGHT,PEDALCYCLIST,FOUR WAY,STRAIGHT AND LEVEL,DRY,NO DEFECTS,Y,FAILING TO REDUCE SPEED TO AVOID CRASH,"OPERATING VEHICLE IN ERRATIC, RECKLESS, CARELESS, NEGLIGENT OR AGGRESSIVE MANNER",,NONINCAPACITATING INJURY,12,2,41.8577448535,-87.6273413783,2022,30,POINT (-87.6273413783 41.8577448535),,,,,2022-02-08,False,32,Near South Side
6726,30,NO CONTROLS,NO CONTROLS,RAIN,"DARKNESS, LIGHTED ROAD",PEDALCYCLIST,FOUR WAY,STRAIGHT AND LEVEL,WET,NO DEFECTS,Y,IMPROPER LANE USAGE,NOT APPLICABLE,,NO INDICATION OF INJURY,5,2,41.8820774783,-87.6988936285,2022,30,POINT (-87.6988936285 41.8820774783),,,,,2022-02-11,False,26,Garfield Park
6727,30,NO CONTROLS,NO CONTROLS,CLEAR,DAYLIGHT,PEDALCYCLIST,NOT DIVIDED,STRAIGHT AND LEVEL,DRY,NO DEFECTS,,UNABLE TO DETERMINE,UNABLE TO DETERMINE,Y,NO INDICATION OF INJURY,13,2,41.8715072101,-87.6276638712,2022,30,POINT (-87.6276638712 41.8715072101),,,,,2022-02-11,False,31,Loop
6728,25,STOP SIGN/FLASHER,FUNCTIONING PROPERLY,CLEAR,DAYLIGHT,PEDALCYCLIST,FOUR WAY,STRAIGHT AND LEVEL,DRY,NO DEFECTS,Y,FAILING TO YIELD RIGHT-OF-WAY,UNABLE TO DETERMINE,,"REPORTED, NOT EVIDENT",14,2,41.9963841455,-87.6651913625,2022,25,POINT (-87.6651913625 41.9963841455),,,,,2022-02-11,False,76,Edgewater
6729,30,NO CONTROLS,UNKNOWN,CLEAR,DAYLIGHT,PEDALCYCLIST,NOT DIVIDED,STRAIGHT ON GRADE,DRY,UNKNOWN,,UNABLE TO DETERMINE,UNABLE TO DETERMINE,Y,NONINCAPACITATING INJURY,14,2,41.8916444421,-87.6268635406,2022,30,POINT (-87.6268635406 41.8916444421),,,,,2022-02-11,False,7,Near North Side
6730,30,NO CONTROLS,NO CONTROLS,CLOUDY/OVERCAST,DUSK,PEDALCYCLIST,NOT DIVIDED,STRAIGHT AND LEVEL,UNKNOWN,UNKNOWN,,UNABLE TO DETERMINE,UNABLE TO DETERMINE,,NONINCAPACITATING INJURY,17,2,41.8082721637,-87.7016090536,2022,30,POINT (-87.7016090536 41.8082721637),,,,,2022-02-11,False,57,Brighton Park
6731,30,NO CONTROLS,NO CONTROLS,CLEAR,DAYLIGHT,PEDALCYCLIST,DIVIDED - W/MEDIAN (NOT RAISED),STRAIGHT AND LEVEL,UNKNOWN,UNKNOWN,,UNABLE TO DETERMINE,NOT APPLICABLE,,NONINCAPACITATING INJURY,15,2,41.9098798194,-87.6769137979,2022,30,POINT (-87.6769137979 41.9098798194),,,,,2022-02-12,False,23,West Town
6732,25,STOP SIGN/FLASHER,FUNCTIONING PROPERLY,CLEAR,DAYLIGHT,PEDALCYCLIST,DIVIDED - W/MEDIAN (NOT RAISED),STRAIGHT AND LEVEL,ICE,NO DEFECTS,,UNABLE TO DETERMINE,UNABLE TO DETERMINE,,NO INDICATION OF INJURY,16,2,41.9704268594,-87.6816987309,2022,25,POINT (-87.6816987309 41.9704268594),,,,,2022-02-14,False,3,Lincoln Square
6733,30,STOP SIGN/FLASHER,FUNCTIONING PROPERLY,OTHER,DARKNESS,PEDALCYCLIST,DIVIDED - W/MEDIAN (NOT RAISED),STRAIGHT AND LEVEL,WET,NO DEFECTS,Y,UNABLE TO DETERMINE,NOT APPLICABLE,,NONINCAPACITATING INJURY,19,2,41.9309662797,-87.7804523061,2022,30,POINT (-87.7804523061 41.9309662797),,,,,2022-02-16,False,18,Belmont Cragin
6734,30,STOP SIGN/FLASHER,FUNCTIONING PROPERLY,SEVERE CROSS WIND GATE,"DARKNESS, LIGHTED ROAD",PEDALCYCLIST,NOT DIVIDED,STRAIGHT AND LEVEL,WET,NO DEFECTS,Y,FAILING TO REDUCE SPEED TO AVOID CRASH,NOT APPLICABLE,N,NONINCAPACITATING INJURY,19,2,41.9690642907,-87.6611942702,2022,30,POINT (-87.6611942702 41.9690642907),,,,,2022-02-18,False,2,Uptown
6735,30,NO CONTROLS,NO CONTROLS,CLEAR,DAYLIGHT,PEDALCYCLIST,ONE-WAY,STRAIGHT AND LEVEL,WET,NO DEFECTS,,UNABLE TO DETERMINE,UNABLE TO DETERMINE,,NO INDICATION OF INJURY,13,2,41.9576684387,-87.7064799806,2022,30,POINT (-87.7064799806 41.9576684387),,,,,2022-02-20,False,15,Irving Park
6736,30,NO CONTROLS,NO CONTROLS,CLEAR,DAYLIGHT,PEDALCYCLIST,NOT DIVIDED,STRAIGHT AND LEVEL,UNKNOWN,UNKNOWN,,UNABLE TO DETERMINE,NOT APPLICABLE,Y,NONINCAPACITATING INJURY,11,2,41.9521524776,-87.677525011,2022,30,POINT (-87.677525011 41.9521524776),,,,,2022-02-21,False,4,North Center
6737,30,STOP SIGN/FLASHER,FUNCTIONING PROPERLY,CLEAR,"DARKNESS, LIGHTED ROAD",PEDALCYCLIST,NOT DIVIDED,STRAIGHT AND LEVEL,DRY,NO DEFECTS,Y,FAILING TO YIELD RIGHT-OF-WAY,FAILING TO YIELD RIGHT-OF-WAY,,NONINCAPACITATING INJURY,18,2,41.8246130907,-87.6923550534,2022,30,POINT (-87.6923550534 41.8246130907),,,,,2022-02-21,False,29,South Lawndale
6738,30,NO CONTROLS,NO CONTROLS,RAIN,DAYLIGHT,PEDALCYCLIST,NOT DIVIDED,STRAIGHT AND LEVEL,WET,UNKNOWN,,UNABLE TO DETERMINE,NOT APPLICABLE,,NO INDICATION OF INJURY,15,2,41.9884872855,-87.7287277737,2022,30,POINT (-87.7287277737 41.9884872855),,,,,2022-02-22,False,11,Forest Glen
6739,30,NO CONTROLS,NO CONTROLS,UNKNOWN,UNKNOWN,PEDALCYCLIST,DIVIDED - W/MEDIAN (NOT RAISED),STRAIGHT AND LEVEL,UNKNOWN,UNKNOWN,,UNABLE TO DETERMINE,NOT APPLICABLE,Y,NO INDICATION OF INJURY,17,2,41.9647999467,-87.6861302469,2022,30,POINT (-87.6861302469 41.9647999467),,,,,2022-02-22,False,3,Lincoln Square
6740,30,STOP SIGN/FLASHER,FUNCTIONING PROPERLY,CLEAR,DAYLIGHT,PEDALCYCLIST,DIVIDED - W/MEDIAN (NOT RAISED),STRAIGHT AND LEVEL,DRY,NO DEFECTS,,DRIVING ON WRONG SIDE/WRONG WAY,UNABLE TO DETERMINE,,NONINCAPACITATING INJURY,11,2,41.9828192384,-87.7708282502,2022,30,POINT (-87.7708282502 41.9828192384),,,,,2022-02-24,False,10,Jefferson Park
6741,30,NO CONTROLS,NO CONTROLS,CLEAR,DAYLIGHT,PEDALCYCLIST,NOT DIVIDED,STRAIGHT AND LEVEL,DRY,NO DEFECTS,,DRIVING SKILLS/KNOWLEDGE/EXPERIENCE,DRIVING SKILLS/KNOWLEDGE/EXPERIENCE,,NONINCAPACITATING INJURY,12,2,41.9689761631,-87.6551408472,2022,30,POINT (-87.6551408472 41.9689761631),,,,,2022-02-26,False,2,Uptown
6742,30,NO CONTROLS,NO CONTROLS,CLEAR,DUSK,PEDALCYCLIST,NOT DIVIDED,STRAIGHT AND LEVEL,DRY,NO DEFECTS,,UNABLE TO DETERMINE,UNABLE TO DETERMINE,,NO INDICATION OF INJURY,17,2,41.9564220088,-87.6805122967,2022,30,POINT (-87.6805122967 41.9564220088),,,,,2022-02-26,False,4,North Center
6743,20,NO CONTROLS,NO CONTROLS,CLEAR,DAYLIGHT,PEDALCYCLIST,NOT DIVIDED,STRAIGHT AND LEVEL,DRY,NO DEFECTS,,NOT APPLICABLE,NOT APPLICABLE,,NONINCAPACITATING INJURY,17,2,41.8968314528,-87.624882805,2022,20,POINT (-87.624882805 41.8968314528),,,,,2022-02-27,False,7,Near North Side
6744,30,NO CONTROLS,NO CONTROLS,CLEAR,DAYLIGHT,PEDALCYCLIST,DIVIDED - W/MEDIAN (NOT RAISED),STRAIGHT AND LEVEL,DRY,NO DEFECTS,,IMPROPER OVERTAKING/PASSING,UNABLE TO DETERMINE,,NONINCAPACITATING INJURY,17,2,41.9371903153,-87.6654098078,2022,30,POINT (-87.6654098078 41.9371903153),,,,,2022-02-27,False,5,Lake View
6745,30,NO CONTROLS,NO CONTROLS,CLEAR,DAYLIGHT,PEDALCYCLIST,T-INTERSECTION,STRAIGHT AND LEVEL,DRY,NO DEFECTS,Y,UNABLE TO DETERMINE,UNABLE TO DETERMINE,,NONINCAPACITATING INJURY,12,2,41.9193016422,-87.6609812816,2022,30,POINT (-87.6609812816 41.9193016422),,,,,2022-02-28,False,6,Lincoln Park
6746,30,STOP SIGN/FLASHER,FUNCTIONING PROPERLY,CLEAR,DAYLIGHT,PEDALCYCLIST,DIVIDED - W/MEDIAN (NOT RAISED),STRAIGHT AND LEVEL,DRY,NO DEFECTS,Y,UNABLE TO DETERMINE,FAILING TO YIELD RIGHT-OF-WAY,,NONINCAPACITATING INJURY,15,2,41.9135254569,-87.7116486579,2022,30,POINT (-87.7116486579 41.9135254569),,,,,2022-02-28,False,22,Humboldt Park
6747,40,TRAFFIC SIGNAL,FUNCTIONING PROPERLY,CLEAR,DAYLIGHT,PEDALCYCLIST,T-INTERSECTION,STRAIGHT AND LEVEL,DRY,NO DEFECTS,Y,DISREGARDING TRAFFIC SIGNALS,NOT APPLICABLE,,INCAPACITATING INJURY,16,2,41.873324106,-87.6169363726,2022,40,POINT (-87.6169363726 41.873324106),,,,,2022-02-28,True,31,Loop
6748,35,NO CONTROLS,UNKNOWN,CLEAR,DAYLIGHT,PEDALCYCLIST,NOT DIVIDED,STRAIGHT AND LEVEL,DRY,NO DEFECTS,,UNABLE TO DETERMINE,UNABLE TO DETERMINE,,NONINCAPACITATING INJURY,17,2,41.939062336,-87.7377795068,2022,35,POINT (-87.7377795068 41.939062336),,,,,2022-02-28,False,15,Irving Park
6749,30,TRAFFIC SIGNAL,FUNCTIONING PROPERLY,CLEAR,DUSK,PEDALCYCLIST,NOT DIVIDED,STRAIGHT AND LEVEL,DRY,NO DEFECTS,Y,FAILING TO YIELD RIGHT-OF-WAY,IMPROPER OVERTAKING/PASSING,,"REPORTED, NOT EVIDENT",17,2,41.9246135377,-87.7122511956,2022,30,POINT (-87.7122511956 41.9246135377),,,,,2022-02-28,False,21,Logan Square
6750,30,TRAFFIC SIGNAL,FUNCTIONING PROPERLY,CLEAR,DAYLIGHT,PEDALCYCLIST,DIVIDED - W/MEDIAN (NOT RAISED),STRAIGHT AND LEVEL,DRY,NO DEFECTS,,IMPROPER TURNING/NO SIGNAL,NOT APPLICABLE,,NONINCAPACITATING INJURY,8,3,41.9075862913,-87.6483359388,2022,30,POINT (-87.6483359388 41.9075862913),,,,,2022-03-02,False,7,Near North Side
6751,30,NO CONTROLS,NO CONTROLS,CLEAR,DAYLIGHT,PEDALCYCLIST,DIVIDED - W/MEDIAN (NOT RAISED),STRAIGHT AND LEVEL,WET,UNKNOWN,,UNABLE TO DETERMINE,NOT APPLICABLE,,NONINCAPACITATING INJURY,13,3,41.9311198798,-87.7696451853,2022,30,POINT (-87.7696451853 41.9311198798),,,,,2022-03-02,False,18,Belmont Cragin
6752,30,UNKNOWN,UNKNOWN,CLEAR,DAYLIGHT,PEDALCYCLIST,NOT DIVIDED,STRAIGHT AND LEVEL,DRY,UNKNOWN,,ROAD ENGINEERING/SURFACE/MARKING DEFECTS,ROAD ENGINEERING/SURFACE/MARKING DEFECTS,,INCAPACITATING INJURY,15,3,41.9397832175,-87.6552581801,2022,30,POINT (-87.6552581801 41.9397832175),,,,,2022-03-03,True,5,Lake View
6753,30,STOP SIGN/FLASHER,FUNCTIONING PROPERLY,CLEAR,DAYLIGHT,PEDALCYCLIST,FOUR WAY,STRAIGHT ON GRADE,DRY,NO DEFECTS,Y,FAILING TO REDUCE SPEED TO AVOID CRASH,NOT APPLICABLE,,NONINCAPACITATING INJURY,7,3,41.7136003599,-87.6781467178,2022,30,POINT (-87.6781467178 41.7136003599),,,,,2022-03-04,False,71,Beverly
6754,30,UNKNOWN,UNKNOWN,CLEAR,UNKNOWN,PEDALCYCLIST,NOT DIVIDED,STRAIGHT AND LEVEL,UNKNOWN,UNKNOWN,,UNABLE TO DETERMINE,UNABLE TO DETERMINE,,NONINCAPACITATING INJURY,19,3,41.9340270947,-87.7157666229,2022,30,POINT (-87.7157666229 41.9340270947),,,,,2022-03-04,False,20,Avondale
6755,30,TRAFFIC SIGNAL,FUNCTIONING PROPERLY,CLEAR,"DARKNESS, LIGHTED ROAD",PEDALCYCLIST,FOUR WAY,STRAIGHT AND LEVEL,DRY,NO DEFECTS,Y,UNABLE TO DETERMINE,UNABLE TO DETERMINE,,NONINCAPACITATING INJURY,23,3,41.8648917428,-87.6469035727,2022,30,POINT (-87.6469035727 41.8648917428),,,,,2022-03-04,False,27,Near West Side
6756,30,TRAFFIC SIGNAL,FUNCTIONING PROPERLY,CLEAR,DAYLIGHT,PEDALCYCLIST,NOT DIVIDED,STRAIGHT AND LEVEL,DRY,NO DEFECTS,,UNABLE TO DETERMINE,UNABLE TO DETERMINE,,NO INDICATION OF INJURY,12,3,41.9036734279,-87.6389319121,2022,30,POINT (-87.6389319121 41.9036734279),,,,,2022-03-05,False,7,Near North Side
6757,30,NO CONTROLS,NO CONTROLS,CLEAR,"DARKNESS, LIGHTED ROAD",PEDALCYCLIST,ONE-WAY,STRAIGHT AND LEVEL,DRY,UNKNOWN,,UNABLE TO DETERMINE,UNABLE TO DETERMINE,Y,NONINCAPACITATING INJURY,18,3,41.8918268277,-87.6312792104,2022,30,POINT (-87.6312792104 41.8918268277),,,,,2022-03-05,False,7,Near North Side
6758,30,TRAFFIC SIGNAL,FUNCTIONING PROPERLY,CLEAR,"DARKNESS, LIGHTED ROAD",PEDALCYCLIST,T-INTERSECTION,STRAIGHT AND LEVEL,DRY,NO DEFECTS,Y,FAILING TO YIELD RIGHT-OF-WAY,UNABLE TO DETERMINE,,NONINCAPACITATING INJURY,18,3,41.7716700684,-87.7101198591,2022,30,POINT (-87.7101198591 41.7716700684),,,,,2022-03-05,False,65,Chicago Lawn
6759,30,TRAFFIC SIGNAL,FUNCTIONING PROPERLY,UNKNOWN,"DARKNESS, LIGHTED ROAD",PEDALCYCLIST,DIVIDED - W/MEDIAN BARRIER,STRAIGHT AND LEVEL,UNKNOWN,NO DEFECTS,,IMPROPER TURNING/NO SIGNAL,IMPROPER LANE USAGE,,NONINCAPACITATING INJURY,23,3,41.867185336,-87.6518951846,2022,30,POINT (-87.6518951846 41.867185336),,,,,2022-03-05,False,27,Near West Side