Unnamed: 0,POSTED_SPEED_LIMIT,TRAFFIC_CONTROL_DEVICE,DEVICE_CONDITION,WEATHER_CONDITION,LIGHTING_CONDITION,FIRST_CRASH_TYPE,TRAFFICWAY_TYPE,ALIGNMENT,ROADWAY_SURFACE_COND,ROAD_DEFECT,INTERSECTION_RELATED_I,PRIM_CONTRIBUTORY_CAUSE,SEC_CONTRIBUTORY_CAUSE,DOORING_I,MOST_SEVERE_INJURY,CRASH_HOUR,CRASH_MONTH,LATITUDE,LONGITUDE,CRASH_YEAR,SPEED_LIMIT,geometry,DISPLAYROU,the_geom,DIST,LANE_TYPE,CRASH_DATE,is_severe,index_right,CArea
6760,30,NO CONTROLS,NO CONTROLS,RAIN,"DARKNESS, LIGHTED ROAD",PEDALCYCLIST,NOT DIVIDED,STRAIGHT ON GRADE,WET,UNKNOWN,,UNABLE TO DETERMINE,NOT APPLICABLE,,NO INDICATION OF INJURY,23,3,41.9108166034,-87.66211403,2022,30,POINT (-87.66211403 41.9108166034),,,,,2022-03-05,False,6,Lincoln Park
6761,30,NO CONTROLS,NO CONTROLS,CLEAR,DAYLIGHT,PEDALCYCLIST,NOT DIVIDED,STRAIGHT AND LEVEL,DRY,NO DEFECTS,,UNABLE TO DETERMINE,UNABLE TO DETERMINE,,NONINCAPACITATING INJURY,11,3,41.9033111306,-87.6346058023,2022,30,POINT (-87.6346058023 41.9033111306),,,,,2022-03-06,False,7,Near North Side
6762,30,NO CONTROLS,UNKNOWN,CLEAR,"DARKNESS, LIGHTED ROAD",PEDALCYCLIST,ONE-WAY,STRAIGHT AND LEVEL,DRY,UNKNOWN,,FAILING TO YIELD RIGHT-OF-WAY,UNABLE TO DETERMINE,,NONINCAPACITATING INJURY,20,3,41.8907289081,-87.6293856562,2022,30,POINT (-87.6293856562 41.8907289081),,,,,2022-03-06,False,7,Near North Side
6763,30,STOP SIGN/FLASHER,MISSING,CLEAR,"DARKNESS, LIGHTED ROAD",PEDALCYCLIST,FOUR WAY,STRAIGHT AND LEVEL,DRY,NO DEFECTS,Y,FAILING TO YIELD RIGHT-OF-WAY,UNABLE TO DETERMINE,,NO INDICATION OF INJURY,18,3,41.8945890248,-87.6355063665,2022,30,POINT (-87.6355063665 41.8945890248),,,,,2022-03-07,False,7,Near North Side
6764,30,STOP SIGN/FLASHER,FUNCTIONING PROPERLY,CLEAR,"DARKNESS, LIGHTED ROAD",PEDALCYCLIST,FOUR WAY,STRAIGHT AND LEVEL,DRY,NO DEFECTS,Y,UNABLE TO DETERMINE,NOT APPLICABLE,,NONINCAPACITATING INJURY,18,3,41.966430317,-87.7229420335,2022,30,POINT (-87.7229420335 41.966430317),,,,,2022-03-08,False,13,Albany Park
6765,25,NO CONTROLS,NO CONTROLS,CLEAR,DAYLIGHT,PEDALCYCLIST,NOT DIVIDED,STRAIGHT AND LEVEL,DRY,UNKNOWN,Y,IMPROPER OVERTAKING/PASSING,NOT APPLICABLE,,NONINCAPACITATING INJURY,15,3,41.9258928802,-87.7662048258,2022,25,POINT (-87.7662048258 41.9258928802),,,,,2022-03-09,False,18,Belmont Cragin
6766,30,NO CONTROLS,NO CONTROLS,CLEAR,DAYLIGHT,PEDALCYCLIST,DRIVEWAY,STRAIGHT AND LEVEL,DRY,NO DEFECTS,,UNABLE TO DETERMINE,UNABLE TO DETERMINE,,NONINCAPACITATING INJURY,11,3,41.9675463302,-87.7281546653,2022,30,POINT (-87.7281546653 41.9675463302),,,,,2022-03-10,False,13,Albany Park
6767,35,NO CONTROLS,NO CONTROLS,CLEAR,"DARKNESS, LIGHTED ROAD",PEDALCYCLIST,ALLEY,STRAIGHT AND LEVEL,DRY,NO DEFECTS,,UNABLE TO DETERMINE,UNABLE TO DETERMINE,N,"REPORTED, NOT EVIDENT",17,3,41.8796760401,-87.6295022827,2022,35,POINT (-87.6295022827 41.8796760401),,,,,2022-03-10,False,31,Loop
6768,30,TRAFFIC SIGNAL,FUNCTIONING PROPERLY,CLEAR,DAYLIGHT,PEDALCYCLIST,FOUR WAY,STRAIGHT AND LEVEL,DRY,NO DEFECTS,,UNABLE TO DETERMINE,NOT APPLICABLE,,NO INDICATION OF INJURY,10,3,41.9659619761,-87.6458166752,2022,30,POINT (-87.6458166752 41.9659619761),,,,,2022-03-11,False,2,Uptown
6769,30,NO CONTROLS,NO CONTROLS,CLEAR,DAYLIGHT,PEDALCYCLIST,ALLEY,STRAIGHT AND LEVEL,DRY,NO DEFECTS,,"VISION OBSCURED (SIGNS, TREE LIMBS, BUILDINGS, ETC.)",NOT APPLICABLE,,NONINCAPACITATING INJURY,16,3,41.9028985252,-87.6877765956,2022,30,POINT (-87.6877765956 41.9028985252),,,,,2022-03-11,False,23,West Town
6770,30,NO CONTROLS,NO CONTROLS,CLEAR,DUSK,PEDALCYCLIST,DIVIDED - W/MEDIAN (NOT RAISED),STRAIGHT AND LEVEL,DRY,NO DEFECTS,,FOLLOWING TOO CLOSELY,NOT APPLICABLE,,NO INDICATION OF INJURY,20,3,41.8855776894,-87.6456730072,2022,30,POINT (-87.6456730072 41.8855776894),,,,,2022-03-11,False,27,Near West Side
6771,20,STOP SIGN/FLASHER,UNKNOWN,CLEAR,DAYLIGHT,PEDALCYCLIST,DIVIDED - W/MEDIAN (NOT RAISED),STRAIGHT AND LEVEL,UNKNOWN,UNKNOWN,,IMPROPER OVERTAKING/PASSING,NOT APPLICABLE,,"REPORTED, NOT EVIDENT",13,3,41.9216287364,-87.6646311011,2022,20,POINT (-87.6646311011 41.9216287364),,,,,2022-03-12,False,6,Lincoln Park
6772,30,NO CONTROLS,FUNCTIONING PROPERLY,CLEAR,DAYLIGHT,PEDALCYCLIST,NOT DIVIDED,STRAIGHT AND LEVEL,DRY,NO DEFECTS,,"EVASIVE ACTION DUE TO ANIMAL, OBJECT, NONMOTORIST",NOT APPLICABLE,Y,NO INDICATION OF INJURY,13,3,41.9179812932,-87.6543408517,2022,30,POINT (-87.6543408517 41.9179812932),,,,,2022-03-13,False,6,Lincoln Park
6773,35,TRAFFIC SIGNAL,FUNCTIONING PROPERLY,CLEAR,"DARKNESS, LIGHTED ROAD",PEDALCYCLIST,FOUR WAY,STRAIGHT AND LEVEL,DRY,NO DEFECTS,Y,NOT APPLICABLE,NOT APPLICABLE,,NONINCAPACITATING INJURY,20,3,41.9903138951,-87.7029051799,2022,35,POINT (-87.7029051799 41.9903138951),,,,,2022-03-13,False,1,West Ridge
6774,30,OTHER,NO CONTROLS,CLEAR,DAYLIGHT,PEDALCYCLIST,ONE-WAY,STRAIGHT AND LEVEL,DRY,NO DEFECTS,,DISREGARDING STOP SIGN,UNABLE TO DETERMINE,N,NONINCAPACITATING INJURY,11,3,41.9541994084,-87.6675933553,2022,30,POINT (-87.6675933553 41.9541994084),,,,,2022-03-14,False,5,Lake View
6775,30,TRAFFIC SIGNAL,FUNCTIONING PROPERLY,CLEAR,DAYLIGHT,PEDALCYCLIST,NOT DIVIDED,STRAIGHT AND LEVEL,DRY,NO DEFECTS,,UNABLE TO DETERMINE,UNABLE TO DETERMINE,,NO INDICATION OF INJURY,11,3,41.95434914,-87.6676699694,2022,30,POINT (-87.6676699694 41.95434914),,,,,2022-03-14,False,5,Lake View
6776,30,TRAFFIC SIGNAL,FUNCTIONING PROPERLY,CLEAR,DAYLIGHT,PEDALCYCLIST,NOT DIVIDED,STRAIGHT ON GRADE,DRY,NO DEFECTS,Y,DISREGARDING TRAFFIC SIGNALS,UNABLE TO DETERMINE,,INCAPACITATING INJURY,12,3,41.9827884713,-87.7876754423,2022,30,POINT (-87.7876754423 41.9827884713),,,,,2022-03-14,True,10,Jefferson Park
6777,30,STOP SIGN/FLASHER,FUNCTIONING PROPERLY,CLEAR,DAYLIGHT,PEDALCYCLIST,FOUR WAY,STRAIGHT AND LEVEL,DRY,NO DEFECTS,Y,FAILING TO YIELD RIGHT-OF-WAY,NOT APPLICABLE,,"REPORTED, NOT EVIDENT",15,3,41.8244562296,-87.6875515067,2022,30,POINT (-87.6875515067 41.8244562296),,,,,2022-03-14,False,29,South Lawndale
6778,30,NO CONTROLS,NO CONTROLS,CLEAR,DAYLIGHT,PEDALCYCLIST,ALLEY,STRAIGHT AND LEVEL,DRY,NO DEFECTS,,UNABLE TO DETERMINE,UNABLE TO DETERMINE,,NO INDICATION OF INJURY,13,3,41.9345433604,-87.6513527649,2022,30,POINT (-87.6513527649 41.9345433604),,,,,2022-03-15,False,5,Lake View
6779,30,STOP SIGN/FLASHER,FUNCTIONING IMPROPERLY,CLEAR,DAYLIGHT,PEDALCYCLIST,ONE-WAY,STRAIGHT AND LEVEL,DRY,NO DEFECTS,,UNABLE TO DETERMINE,UNABLE TO DETERMINE,,"REPORTED, NOT EVIDENT",15,3,41.9275176171,-87.7674778291,2022,30,POINT (-87.7674778291 41.9275176171),,,,,2022-03-15,False,18,Belmont Cragin
6780,30,TRAFFIC SIGNAL,FUNCTIONING PROPERLY,CLEAR,DAYLIGHT,PEDALCYCLIST,FOUR WAY,STRAIGHT AND LEVEL,DRY,NO DEFECTS,Y,DRIVING SKILLS/KNOWLEDGE/EXPERIENCE,NOT APPLICABLE,,NONINCAPACITATING INJURY,15,3,41.9465125788,-87.7088883045,2022,30,POINT (-87.7088883045 41.9465125788),,,,,2022-03-15,False,15,Irving Park
6781,30,TRAFFIC SIGNAL,FUNCTIONING PROPERLY,CLEAR,DAYLIGHT,PEDALCYCLIST,NOT DIVIDED,STRAIGHT AND LEVEL,DRY,NO DEFECTS,,UNABLE TO DETERMINE,NOT APPLICABLE,,NO INDICATION OF INJURY,16,3,41.9279317269,-87.726723166,2022,30,POINT (-87.726723166 41.9279317269),,,,,2022-03-15,False,19,Hermosa
6782,30,TRAFFIC SIGNAL,FUNCTIONING PROPERLY,CLEAR,DAYLIGHT,PEDALCYCLIST,NOT DIVIDED,STRAIGHT AND LEVEL,DRY,NO DEFECTS,Y,FAILING TO YIELD RIGHT-OF-WAY,DISREGARDING OTHER TRAFFIC SIGNS,,NONINCAPACITATING INJURY,16,3,41.7393432081,-87.6630079192,2022,30,POINT (-87.6630079192 41.7393432081),,,,,2022-03-15,False,70,Auburn Gresham
6783,30,TRAFFIC SIGNAL,FUNCTIONING PROPERLY,CLEAR,DAYLIGHT,PEDALCYCLIST,NOT DIVIDED,STRAIGHT AND LEVEL,DRY,NO DEFECTS,Y,UNABLE TO DETERMINE,UNABLE TO DETERMINE,,NONINCAPACITATING INJURY,17,3,41.9649756182,-87.6888580606,2022,30,POINT (-87.6888580606 41.9649756182),,,,,2022-03-15,False,3,Lincoln Square
6784,20,NO CONTROLS,NO CONTROLS,CLEAR,DAYLIGHT,PEDALCYCLIST,ALLEY,STRAIGHT AND LEVEL,DRY,NO DEFECTS,,UNABLE TO DETERMINE,NOT APPLICABLE,,NO INDICATION OF INJURY,15,3,41.9580387737,-87.6693016743,2022,20,POINT (-87.6693016743 41.9580387737),,,,,2022-03-16,False,2,Uptown
6785,30,NO CONTROLS,NO CONTROLS,CLEAR,DUSK,PEDALCYCLIST,NOT DIVIDED,STRAIGHT AND LEVEL,DRY,UNKNOWN,,FAILING TO YIELD RIGHT-OF-WAY,UNABLE TO DETERMINE,,NONINCAPACITATING INJURY,16,3,41.9654785579,-87.6478547155,2022,30,POINT (-87.6478547155 41.9654785579),,,,,2022-03-16,False,2,Uptown
6786,30,TRAFFIC SIGNAL,FUNCTIONING PROPERLY,CLEAR,"DARKNESS, LIGHTED ROAD",PEDALCYCLIST,T-INTERSECTION,STRAIGHT AND LEVEL,DRY,NO DEFECTS,Y,"OPERATING VEHICLE IN ERRATIC, RECKLESS, CARELESS, NEGLIGENT OR AGGRESSIVE MANNER",DISREGARDING TRAFFIC SIGNALS,,INCAPACITATING INJURY,23,3,41.8669455494,-87.6531035561,2022,30,POINT (-87.6531035561 41.8669455494),,,,,2022-03-16,True,27,Near West Side
6787,30,STOP SIGN/FLASHER,FUNCTIONING PROPERLY,CLEAR,DAYLIGHT,PEDALCYCLIST,T-INTERSECTION,STRAIGHT AND LEVEL,DRY,NO DEFECTS,Y,FAILING TO YIELD RIGHT-OF-WAY,UNABLE TO DETERMINE,,NONINCAPACITATING INJURY,7,3,41.7934699228,-87.7009697777,2022,30,POINT (-87.7009697777 41.7934699228),,,,,2022-03-17,False,62,Gage Park
6788,30,NO CONTROLS,NO CONTROLS,CLEAR,DAYLIGHT,PEDALCYCLIST,NOT DIVIDED,STRAIGHT ON GRADE,DRY,NO DEFECTS,Y,FAILING TO YIELD RIGHT-OF-WAY,NOT APPLICABLE,,NONINCAPACITATING INJURY,8,3,41.9551370885,-87.6796082629,2022,30,POINT (-87.6796082629 41.9551370885),,,,,2022-03-17,False,4,North Center
6789,30,TRAFFIC SIGNAL,FUNCTIONING PROPERLY,CLEAR,DUSK,PEDALCYCLIST,NOT DIVIDED,STRAIGHT AND LEVEL,DRY,NO DEFECTS,Y,FAILING TO YIELD RIGHT-OF-WAY,UNABLE TO DETERMINE,,"REPORTED, NOT EVIDENT",15,3,41.9465491648,-87.708952626,2022,30,POINT (-87.708952626 41.9465491648),,,,,2022-03-17,False,15,Irving Park
6790,30,STOP SIGN/FLASHER,FUNCTIONING PROPERLY,CLOUDY/OVERCAST,DAYLIGHT,PEDALCYCLIST,FOUR WAY,STRAIGHT AND LEVEL,DRY,UNKNOWN,,DRIVING SKILLS/KNOWLEDGE/EXPERIENCE,UNABLE TO DETERMINE,,NONINCAPACITATING INJURY,15,3,42.0052645815,-87.6750754797,2022,30,POINT (-87.6750754797 42.0052645815),,,,,2022-03-17,False,0,Rogers Park
6791,30,TRAFFIC SIGNAL,UNKNOWN,CLEAR,DAYLIGHT,PEDALCYCLIST,NOT DIVIDED,STRAIGHT AND LEVEL,UNKNOWN,UNKNOWN,Y,UNABLE TO DETERMINE,UNABLE TO DETERMINE,,"REPORTED, NOT EVIDENT",15,3,41.9039923328,-87.6315948953,2022,30,POINT (-87.6315948953 41.9039923328),,,,,2022-03-17,False,7,Near North Side
6792,30,STOP SIGN/FLASHER,FUNCTIONING PROPERLY,RAIN,DAYLIGHT,PEDALCYCLIST,DIVIDED - W/MEDIAN (NOT RAISED),STRAIGHT AND LEVEL,WET,UNKNOWN,,UNABLE TO DETERMINE,NOT APPLICABLE,,NONINCAPACITATING INJURY,14,3,41.8560145596,-87.6709552625,2022,30,POINT (-87.6709552625 41.8560145596),,,,,2022-03-18,False,30,Lower West Side
6793,30,TRAFFIC SIGNAL,FUNCTIONING PROPERLY,RAIN,DAYLIGHT,PEDALCYCLIST,FOUR WAY,STRAIGHT AND LEVEL,WET,NO DEFECTS,Y,IMPROPER TURNING/NO SIGNAL,FAILING TO YIELD RIGHT-OF-WAY,,NONINCAPACITATING INJURY,15,3,41.8744294356,-87.6292307132,2022,30,POINT (-87.6292307132 41.8744294356),,,,,2022-03-18,False,31,Loop
6794,35,NO CONTROLS,NO CONTROLS,RAIN,DUSK,PEDALCYCLIST,NOT DIVIDED,STRAIGHT AND LEVEL,WET,NO DEFECTS,,UNABLE TO DETERMINE,NOT APPLICABLE,Y,NO INDICATION OF INJURY,18,3,41.9317570701,-87.6491246882,2022,35,POINT (-87.6491246882 41.9317570701),,,,,2022-03-18,False,6,Lincoln Park
6795,30,TRAFFIC SIGNAL,FUNCTIONING PROPERLY,RAIN,DAYLIGHT,PEDALCYCLIST,NOT DIVIDED,STRAIGHT AND LEVEL,WET,NO DEFECTS,Y,FAILING TO YIELD RIGHT-OF-WAY,UNABLE TO DETERMINE,,"REPORTED, NOT EVIDENT",14,3,41.8967860509,-87.6282808746,2022,30,POINT (-87.6282808746 41.8967860509),,,,,2022-03-19,False,7,Near North Side
6796,30,NO CONTROLS,NO CONTROLS,RAIN,DAYLIGHT,PEDALCYCLIST,DIVIDED - W/MEDIAN (NOT RAISED),STRAIGHT AND LEVEL,WET,NO DEFECTS,,WEATHER,"VISION OBSCURED (SIGNS, TREE LIMBS, BUILDINGS, ETC.)",Y,NONINCAPACITATING INJURY,16,3,41.8994445757,-87.6913588428,2022,30,POINT (-87.6913588428 41.8994445757),,,,,2022-03-19,False,23,West Town
6797,15,NO CONTROLS,NO CONTROLS,RAIN,DAYLIGHT,PEDALCYCLIST,NOT DIVIDED,STRAIGHT AND LEVEL,WET,NO DEFECTS,,FAILING TO YIELD RIGHT-OF-WAY,UNABLE TO DETERMINE,,NO INDICATION OF INJURY,17,3,41.8034906199,-87.6719809319,2022,15,POINT (-87.6719809319 41.8034906199),,,,,2022-03-19,False,60,New City
6798,30,NO CONTROLS,NO CONTROLS,RAIN,"DARKNESS, LIGHTED ROAD",PEDALCYCLIST,PARKING LOT,STRAIGHT AND LEVEL,WET,NO DEFECTS,,UNABLE TO DETERMINE,UNABLE TO DETERMINE,,"REPORTED, NOT EVIDENT",20,3,41.7920854002,-87.7895275162,2022,30,POINT (-87.7895275162 41.7920854002),,,,,2022-03-19,False,55,Garfield Ridge
6799,35,NO CONTROLS,NO CONTROLS,CLEAR,DARKNESS,PEDALCYCLIST,NOT DIVIDED,STRAIGHT AND LEVEL,WET,NO DEFECTS,,UNABLE TO DETERMINE,UNABLE TO DETERMINE,,"REPORTED, NOT EVIDENT",3,3,41.9029341881,-87.7075519827,2022,35,POINT (-87.7075519827 41.9029341881),,,,,2022-03-20,False,22,Humboldt Park
6800,30,TRAFFIC SIGNAL,FUNCTIONING PROPERLY,CLEAR,DARKNESS,PEDALCYCLIST,NOT DIVIDED,STRAIGHT AND LEVEL,UNKNOWN,UNKNOWN,,UNABLE TO DETERMINE,UNABLE TO DETERMINE,,NONINCAPACITATING INJURY,20,3,41.9545969221,-87.6546272474,2022,30,POINT (-87.6546272474 41.9545969221),,,,,2022-03-20,False,2,Uptown
6801,15,STOP SIGN/FLASHER,FUNCTIONING PROPERLY,CLEAR,DAYLIGHT,PEDALCYCLIST,ALLEY,STRAIGHT AND LEVEL,UNKNOWN,UNKNOWN,,UNABLE TO DETERMINE,UNABLE TO DETERMINE,,NO INDICATION OF INJURY,15,3,41.9428724838,-87.8324991581,2022,15,POINT (-87.8324991581 41.9428724838),,,,,2022-03-21,False,16,Dunning
6802,30,UNKNOWN,UNKNOWN,CLEAR,DAYLIGHT,PEDALCYCLIST,UNKNOWN,STRAIGHT AND LEVEL,DRY,NO DEFECTS,,UNABLE TO DETERMINE,UNABLE TO DETERMINE,,NONINCAPACITATING INJURY,16,3,41.7837914741,-87.6158576657,2022,30,POINT (-87.6158576657 41.7837914741),,,,,2022-03-22,False,39,Washington Park
6803,30,STOP SIGN/FLASHER,FUNCTIONING PROPERLY,CLEAR,"DARKNESS, LIGHTED ROAD",PEDALCYCLIST,NOT DIVIDED,STRAIGHT AND LEVEL,DRY,NO DEFECTS,Y,FAILING TO YIELD RIGHT-OF-WAY,"OPERATING VEHICLE IN ERRATIC, RECKLESS, CARELESS, NEGLIGENT OR AGGRESSIVE MANNER",,INCAPACITATING INJURY,20,3,41.8004075978,-87.7258855476,2022,30,POINT (-87.7258855476 41.8004075978),,,,,2022-03-22,True,56,Archer Heights
6804,30,NO CONTROLS,NO CONTROLS,RAIN,DAYLIGHT,PEDALCYCLIST,OTHER,STRAIGHT AND LEVEL,WET,SHOULDER DEFECT,Y,DRIVING SKILLS/KNOWLEDGE/EXPERIENCE,UNABLE TO DETERMINE,,NO INDICATION OF INJURY,15,3,41.7741845887,-87.7203388248,2022,30,POINT (-87.7203388248 41.7741845887),,,,,2022-03-23,False,64,West Lawn
6805,30,NO CONTROLS,NO CONTROLS,RAIN,DAYLIGHT,PEDALCYCLIST,NOT DIVIDED,STRAIGHT AND LEVEL,WET,NO DEFECTS,,UNABLE TO DETERMINE,NOT APPLICABLE,,"REPORTED, NOT EVIDENT",16,3,41.9705899427,-87.6857210852,2022,30,POINT (-87.6857210852 41.9705899427),,,,,2022-03-23,False,3,Lincoln Square
6806,30,UNKNOWN,UNKNOWN,FOG/SMOKE/HAZE,DAYLIGHT,PEDALCYCLIST,NOT DIVIDED,STRAIGHT AND LEVEL,WET,UNKNOWN,,UNABLE TO DETERMINE,FAILING TO YIELD RIGHT-OF-WAY,,NONINCAPACITATING INJURY,9,3,41.8827015274,-87.6351809371,2022,30,POINT (-87.6351809371 41.8827015274),,,,,2022-03-24,False,27,Near West Side
6807,30,STOP SIGN/FLASHER,FUNCTIONING PROPERLY,RAIN,DAYLIGHT,PEDALCYCLIST,T-INTERSECTION,STRAIGHT AND LEVEL,WET,NO DEFECTS,Y,FAILING TO YIELD RIGHT-OF-WAY,WEATHER,,"REPORTED, NOT EVIDENT",9,3,41.8381310822,-87.6480356387,2022,30,POINT (-87.6480356387 41.8381310822),,,,,2022-03-24,False,30,Lower West Side
6808,30,TRAFFIC SIGNAL,FUNCTIONING PROPERLY,RAIN,DAYLIGHT,PEDALCYCLIST,NOT DIVIDED,STRAIGHT AND LEVEL,WET,NO DEFECTS,Y,IMPROPER TURNING/NO SIGNAL,FAILING TO YIELD RIGHT-OF-WAY,,"REPORTED, NOT EVIDENT",12,3,41.8995948314,-87.6773037365,2022,30,POINT (-87.6773037365 41.8995948314),,,,,2022-03-24,False,23,West Town
6809,30,NO CONTROLS,NO CONTROLS,CLEAR,DAYLIGHT,PEDALCYCLIST,DIVIDED - W/MEDIAN (NOT RAISED),STRAIGHT AND LEVEL,DRY,NO DEFECTS,,UNABLE TO DETERMINE,UNABLE TO DETERMINE,,NO INDICATION OF INJURY,17,3,41.9364575782,-87.7272565349,2022,30,POINT (-87.7272565349 41.9364575782),,,,,2022-03-24,False,19,Hermosa
6810,30,TRAFFIC SIGNAL,FUNCTIONING PROPERLY,RAIN,DUSK,PEDALCYCLIST,FOUR WAY,STRAIGHT AND LEVEL,WET,NO DEFECTS,Y,DISREGARDING TRAFFIC SIGNALS,NOT APPLICABLE,,NONINCAPACITATING INJURY,22,3,42.0180751891,-87.6658392182,2022,30,POINT (-87.6658392182 42.0180751891),,,,,2022-03-24,False,0,Rogers Park
6811,30,NO CONTROLS,NO CONTROLS,CLEAR,DAYLIGHT,PEDALCYCLIST,ONE-WAY,STRAIGHT AND LEVEL,DRY,NO DEFECTS,,FAILING TO YIELD RIGHT-OF-WAY,NOT APPLICABLE,Y,NONINCAPACITATING INJURY,15,3,42.0029437078,-87.6658080075,2022,30,POINT (-87.6658080075 42.0029437078),,,,,2022-03-25,False,0,Rogers Park
6812,20,NO CONTROLS,NO CONTROLS,CLEAR,DAYLIGHT,PEDALCYCLIST,NOT DIVIDED,STRAIGHT AND LEVEL,DRY,NO DEFECTS,,UNABLE TO DETERMINE,NOT APPLICABLE,Y,INCAPACITATING INJURY,15,3,42.0029437078,-87.6658080075,2022,20,POINT (-87.6658080075 42.0029437078),,,,,2022-03-25,True,0,Rogers Park
6813,30,NO CONTROLS,NO CONTROLS,CLEAR,DAYLIGHT,PEDALCYCLIST,DIVIDED - W/MEDIAN (NOT RAISED),STRAIGHT AND LEVEL,DRY,NO DEFECTS,,UNABLE TO DETERMINE,UNABLE TO DETERMINE,,NONINCAPACITATING INJURY,17,3,41.9449351723,-87.6786481567,2022,30,POINT (-87.6786481567 41.9449351723),,,,,2022-03-25,False,4,North Center
6814,30,TRAFFIC SIGNAL,FUNCTIONING PROPERLY,CLEAR,DAYLIGHT,PEDALCYCLIST,DIVIDED - W/MEDIAN (NOT RAISED),STRAIGHT AND LEVEL,DRY,NO DEFECTS,,FAILING TO YIELD RIGHT-OF-WAY,NOT APPLICABLE,,"REPORTED, NOT EVIDENT",15,3,41.9465219711,-87.70775808,2022,30,POINT (-87.70775808 41.9465219711),,,,,2022-03-26,False,15,Irving Park
6815,30,UNKNOWN,UNKNOWN,UNKNOWN,DAYLIGHT,PEDALCYCLIST,NOT DIVIDED,STRAIGHT AND LEVEL,UNKNOWN,NO DEFECTS,,UNABLE TO DETERMINE,NOT APPLICABLE,,NO INDICATION OF INJURY,13,3,41.947114622,-87.674027476,2022,30,POINT (-87.674027476 41.947114622),,,,,2022-03-27,False,4,North Center
6816,25,NO CONTROLS,NO CONTROLS,CLEAR,DAYLIGHT,PEDALCYCLIST,NOT DIVIDED,STRAIGHT AND LEVEL,UNKNOWN,UNKNOWN,,UNABLE TO DETERMINE,UNABLE TO DETERMINE,,NONINCAPACITATING INJURY,16,3,41.9477943067,-87.8069466466,2022,25,POINT (-87.8069466466 41.9477943067),,,,,2022-03-27,False,16,Dunning
6817,30,STOP SIGN/FLASHER,FUNCTIONING PROPERLY,CLEAR,DAYLIGHT,PEDALCYCLIST,FOUR WAY,STRAIGHT AND LEVEL,DRY,NO DEFECTS,Y,FAILING TO YIELD RIGHT-OF-WAY,UNABLE TO DETERMINE,,NONINCAPACITATING INJURY,17,3,41.9361477079,-87.6589842027,2022,30,POINT (-87.6589842027 41.9361477079),,,,,2022-03-27,False,5,Lake View
6818,20,TRAFFIC SIGNAL,FUNCTIONING PROPERLY,CLOUDY/OVERCAST,DAYLIGHT,PEDALCYCLIST,NOT DIVIDED,STRAIGHT AND LEVEL,DRY,NO DEFECTS,Y,"EVASIVE ACTION DUE TO ANIMAL, OBJECT, NONMOTORIST",UNABLE TO DETERMINE,,NONINCAPACITATING INJURY,9,3,41.7728224338,-87.6297282069,2022,20,POINT (-87.6297282069 41.7728224338),,,,,2022-03-30,False,67,Englewood
6819,30,STOP SIGN/FLASHER,NO CONTROLS,RAIN,DAYLIGHT,PEDALCYCLIST,FOUR WAY,STRAIGHT AND LEVEL,WET,UNKNOWN,Y,FAILING TO YIELD RIGHT-OF-WAY,DRIVING SKILLS/KNOWLEDGE/EXPERIENCE,,NONINCAPACITATING INJURY,14,3,41.8831600281,-87.649884217,2022,30,POINT (-87.649884217 41.8831600281),,,,,2022-03-30,False,27,Near West Side
6820,30,OTHER,NO CONTROLS,RAIN,DAYLIGHT,PEDALCYCLIST,DRIVEWAY,STRAIGHT AND LEVEL,WET,UNKNOWN,,UNABLE TO DETERMINE,UNABLE TO DETERMINE,,NO INDICATION OF INJURY,14,3,41.8817375162,-87.6418080251,2022,30,POINT (-87.6418080251 41.8817375162),,,,,2022-03-30,False,27,Near West Side
6821,30,NO CONTROLS,NO CONTROLS,RAIN,DAYLIGHT,PEDALCYCLIST,NOT DIVIDED,STRAIGHT ON GRADE,DRY,NO DEFECTS,,FAILING TO YIELD RIGHT-OF-WAY,NOT APPLICABLE,,NONINCAPACITATING INJURY,15,3,41.9366921877,-87.6642861986,2022,30,POINT (-87.6642861986 41.9366921877),,,,,2022-03-30,False,5,Lake View
6822,30,NO CONTROLS,NO CONTROLS,RAIN,"DARKNESS, LIGHTED ROAD",PEDALCYCLIST,NOT DIVIDED,STRAIGHT AND LEVEL,WET,NO DEFECTS,,WEATHER,NOT APPLICABLE,Y,NO INDICATION OF INJURY,19,3,41.8743010445,-87.6390821213,2022,30,POINT (-87.6390821213 41.8743010445),,,,,2022-03-30,False,27,Near West Side
6823,30,NO CONTROLS,NO CONTROLS,CLEAR,DAYLIGHT,PEDALCYCLIST,OTHER,STRAIGHT AND LEVEL,DRY,NO DEFECTS,,UNABLE TO DETERMINE,UNABLE TO DETERMINE,,NO INDICATION OF INJURY,14,3,41.9535941705,-87.7867318085,2022,30,POINT (-87.7867318085 41.9535941705),,,,,2022-03-31,False,14,Portage Park
6824,30,NO CONTROLS,NO CONTROLS,SNOW,"DARKNESS, LIGHTED ROAD",PEDALCYCLIST,FOUR WAY,STRAIGHT AND LEVEL,WET,NO DEFECTS,,FAILING TO YIELD RIGHT-OF-WAY,NOT APPLICABLE,,NONINCAPACITATING INJURY,19,3,41.9830807157,-87.7163163353,2022,30,POINT (-87.7163163353 41.9830807157),,,,,2022-03-31,False,12,North Park