Unnamed: 0,POSTED_SPEED_LIMIT,TRAFFIC_CONTROL_DEVICE,DEVICE_CONDITION,WEATHER_CONDITION,LIGHTING_CONDITION,FIRST_CRASH_TYPE,TRAFFICWAY_TYPE,ALIGNMENT,ROADWAY_SURFACE_COND,ROAD_DEFECT,INTERSECTION_RELATED_I,PRIM_CONTRIBUTORY_CAUSE,SEC_CONTRIBUTORY_CAUSE,DOORING_I,MOST_SEVERE_INJURY,CRASH_HOUR,CRASH_MONTH,LATITUDE,LONGITUDE,CRASH_YEAR,SPEED_LIMIT,geometry,DISPLAYROU,the_geom,DIST,LANE_TYPE,CRASH_DATE,is_severe,index_right,CArea
6825,30,TRAFFIC SIGNAL,FUNCTIONING PROPERLY,SLEET/HAIL,DARKNESS,PEDALCYCLIST,FOUR WAY,STRAIGHT AND LEVEL,WET,NO DEFECTS,Y,FAILING TO YIELD RIGHT-OF-WAY,NOT APPLICABLE,,NONINCAPACITATING INJURY,22,3,41.8900607228,-87.6364618331,2022,30,POINT (-87.6364618331 41.8900607228),,,,,2022-03-31,False,7,Near North Side
6826,30,NO CONTROLS,NO CONTROLS,CLEAR,DAYLIGHT,PEDALCYCLIST,NOT DIVIDED,STRAIGHT AND LEVEL,DRY,NO DEFECTS,,UNABLE TO DETERMINE,UNABLE TO DETERMINE,,NONINCAPACITATING INJURY,7,4,42.0130839079,-87.6997807234,2022,30,POINT (-87.6997807234 42.0130839079),,,,,2022-04-01,False,1,West Ridge
6827,30,STOP SIGN/FLASHER,FUNCTIONING PROPERLY,CLEAR,DAYLIGHT,PEDALCYCLIST,NOT DIVIDED,STRAIGHT AND LEVEL,DRY,NO DEFECTS,,UNABLE TO DETERMINE,UNABLE TO DETERMINE,,NONINCAPACITATING INJURY,8,4,41.9388524408,-87.736980572,2022,30,POINT (-87.736980572 41.9388524408),,,,,2022-04-01,False,19,Hermosa
6828,30,NO CONTROLS,NO CONTROLS,CLEAR,DAYLIGHT,PEDALCYCLIST,NOT DIVIDED,STRAIGHT AND LEVEL,DRY,NO DEFECTS,,UNABLE TO DETERMINE,NOT APPLICABLE,,NONINCAPACITATING INJURY,18,4,41.806935601,-87.7234099319,2022,30,POINT (-87.7234099319 41.806935601),,,,,2022-04-01,False,56,Archer Heights
6829,30,NO CONTROLS,NO CONTROLS,CLOUDY/OVERCAST,DAYLIGHT,PEDALCYCLIST,NOT DIVIDED,STRAIGHT AND LEVEL,DRY,NO DEFECTS,,DRIVING SKILLS/KNOWLEDGE/EXPERIENCE,NOT APPLICABLE,Y,NONINCAPACITATING INJURY,8,4,41.914417032,-87.6485142025,2022,30,POINT (-87.6485142025 41.914417032),,,,,2022-04-02,False,6,Lincoln Park
6830,30,TRAFFIC SIGNAL,FUNCTIONING PROPERLY,CLEAR,"DARKNESS, LIGHTED ROAD",PEDALCYCLIST,FOUR WAY,STRAIGHT AND LEVEL,DRY,NO DEFECTS,,DISREGARDING TRAFFIC SIGNALS,NOT APPLICABLE,,INCAPACITATING INJURY,0,4,41.8803897735,-87.745152736,2022,30,POINT (-87.745152736 41.8803897735),,,,,2022-04-03,True,24,Austin
6831,30,NO CONTROLS,NO CONTROLS,CLEAR,"DARKNESS, LIGHTED ROAD",PEDALCYCLIST,NOT DIVIDED,STRAIGHT AND LEVEL,WET,UNKNOWN,,UNABLE TO DETERMINE,HAD BEEN DRINKING (USE WHEN ARREST IS NOT MADE),,INCAPACITATING INJURY,3,4,41.7919117579,-87.6847036733,2022,30,POINT (-87.6847036733 41.7919117579),,,,,2022-04-03,True,62,Gage Park
6832,30,NO CONTROLS,NO CONTROLS,CLEAR,DAYLIGHT,PEDALCYCLIST,ONE-WAY,STRAIGHT AND LEVEL,DRY,NO DEFECTS,,UNABLE TO DETERMINE,NOT APPLICABLE,,NO INDICATION OF INJURY,15,4,41.7906675879,-87.6525075446,2022,30,POINT (-87.6525075446 41.7906675879),,,,,2022-04-03,False,67,Englewood
6833,30,TRAFFIC SIGNAL,FUNCTIONING PROPERLY,CLEAR,"DARKNESS, LIGHTED ROAD",PEDALCYCLIST,DIVIDED - W/MEDIAN BARRIER,STRAIGHT AND LEVEL,DRY,NO DEFECTS,,"EVASIVE ACTION DUE TO ANIMAL, OBJECT, NONMOTORIST","EVASIVE ACTION DUE TO ANIMAL, OBJECT, NONMOTORIST",N,NONINCAPACITATING INJURY,20,4,41.8803545563,-87.7649481363,2022,30,POINT (-87.7649481363 41.8803545563),,,,,2022-04-03,False,24,Austin
6834,30,TRAFFIC SIGNAL,FUNCTIONING PROPERLY,CLEAR,DAYLIGHT,PEDALCYCLIST,NOT DIVIDED,STRAIGHT AND LEVEL,WET,NO DEFECTS,,FOLLOWING TOO CLOSELY,UNABLE TO DETERMINE,,NO INDICATION OF INJURY,7,4,41.7785478711,-87.7228193118,2022,30,POINT (-87.7228193118 41.7785478711),,,,,2022-04-04,False,64,West Lawn
6835,20,YIELD,NO CONTROLS,CLOUDY/OVERCAST,DAYLIGHT,PEDALCYCLIST,DIVIDED - W/MEDIAN (NOT RAISED),STRAIGHT AND LEVEL,DRY,NO DEFECTS,Y,FAILING TO YIELD RIGHT-OF-WAY,DISREGARDING YIELD SIGN,,NONINCAPACITATING INJURY,9,4,41.9684420536,-87.696303579,2022,20,POINT (-87.696303579 41.9684420536),,,,,2022-04-04,False,3,Lincoln Square
6836,30,STOP SIGN/FLASHER,FUNCTIONING PROPERLY,CLEAR,"DARKNESS, LIGHTED ROAD",PEDALCYCLIST,NOT DIVIDED,STRAIGHT AND LEVEL,DRY,NO DEFECTS,,FAILING TO YIELD RIGHT-OF-WAY,FAILING TO YIELD RIGHT-OF-WAY,,NONINCAPACITATING INJURY,20,4,41.7676877323,-87.7226308451,2022,30,POINT (-87.7226308451 41.7676877323),,,,,2022-04-04,False,64,West Lawn
6837,30,STOP SIGN/FLASHER,FUNCTIONING PROPERLY,CLEAR,"DARKNESS, LIGHTED ROAD",PEDALCYCLIST,FOUR WAY,STRAIGHT AND LEVEL,DRY,NO DEFECTS,Y,FAILING TO YIELD RIGHT-OF-WAY,NOT APPLICABLE,,NONINCAPACITATING INJURY,21,4,41.8694899864,-87.6813662606,2022,30,POINT (-87.6813662606 41.8694899864),,,,,2022-04-05,False,27,Near West Side
6838,30,UNKNOWN,UNKNOWN,CLEAR,UNKNOWN,PEDALCYCLIST,UNKNOWN,STRAIGHT AND LEVEL,DRY,UNKNOWN,,UNABLE TO DETERMINE,UNABLE TO DETERMINE,,NONINCAPACITATING INJURY,21,4,41.9626997557,-87.6500836909,2022,30,POINT (-87.6500836909 41.9626997557),,,,,2022-04-05,False,2,Uptown
6839,30,TRAFFIC SIGNAL,FUNCTIONING PROPERLY,RAIN,DAYLIGHT,PEDALCYCLIST,NOT DIVIDED,STRAIGHT AND LEVEL,WET,UNKNOWN,,UNABLE TO DETERMINE,UNABLE TO DETERMINE,,NONINCAPACITATING INJURY,17,4,41.8382270062,-87.6301726407,2022,30,POINT (-87.6301726407 41.8382270062),,,,,2022-04-06,False,33,Armour Square
6840,30,NO CONTROLS,NO CONTROLS,CLEAR,"DARKNESS, LIGHTED ROAD",PEDALCYCLIST,ONE-WAY,STRAIGHT AND LEVEL,DRY,UNKNOWN,,NOT APPLICABLE,NOT APPLICABLE,Y,INCAPACITATING INJURY,18,4,41.8891351093,-87.649051663,2022,30,POINT (-87.649051663 41.8891351093),,,,,2022-04-06,True,7,Near North Side
6841,30,OTHER,FUNCTIONING PROPERLY,RAIN,DAYLIGHT,PEDALCYCLIST,DIVIDED - W/MEDIAN (NOT RAISED),STRAIGHT AND LEVEL,WET,NO DEFECTS,,IMPROPER TURNING/NO SIGNAL,DRIVING SKILLS/KNOWLEDGE/EXPERIENCE,,NONINCAPACITATING INJURY,8,4,41.8241128537,-87.6881350359,2022,30,POINT (-87.6881350359 41.8241128537),,,,,2022-04-07,False,29,South Lawndale
6842,30,NO CONTROLS,NO CONTROLS,CLOUDY/OVERCAST,DAYLIGHT,PEDALCYCLIST,DIVIDED - W/MEDIAN (NOT RAISED),STRAIGHT AND LEVEL,DRY,NO DEFECTS,,NOT APPLICABLE,UNABLE TO DETERMINE,Y,NO INDICATION OF INJURY,17,4,41.9426161054,-87.6637480784,2022,30,POINT (-87.6637480784 41.9426161054),,,,,2022-04-07,False,5,Lake View
6843,30,NO CONTROLS,NO CONTROLS,RAIN,DAYLIGHT,PEDALCYCLIST,NOT DIVIDED,STRAIGHT AND LEVEL,WET,UNKNOWN,,UNABLE TO DETERMINE,NOT APPLICABLE,,"REPORTED, NOT EVIDENT",18,4,41.8324713235,-87.6462910487,2022,30,POINT (-87.6462910487 41.8324713235),,,,,2022-04-07,False,59,Bridgeport
6844,30,TRAFFIC SIGNAL,FUNCTIONING PROPERLY,RAIN,"DARKNESS, LIGHTED ROAD",PEDALCYCLIST,FOUR WAY,STRAIGHT AND LEVEL,WET,NO DEFECTS,Y,DISREGARDING TRAFFIC SIGNALS,NOT APPLICABLE,,NO INDICATION OF INJURY,5,4,41.8845154584,-87.6474973003,2022,30,POINT (-87.6474973003 41.8845154584),,,,,2022-04-08,False,27,Near West Side
6845,30,TRAFFIC SIGNAL,FUNCTIONING PROPERLY,CLOUDY/OVERCAST,"DARKNESS, LIGHTED ROAD",PEDALCYCLIST,NOT DIVIDED,STRAIGHT AND LEVEL,WET,NO DEFECTS,,FAILING TO YIELD RIGHT-OF-WAY,UNABLE TO DETERMINE,,NONINCAPACITATING INJURY,5,4,41.884546961,-87.64758764,2022,30,POINT (-87.64758764 41.884546961),,,,,2022-04-08,False,27,Near West Side
6846,30,NO CONTROLS,NO CONTROLS,RAIN,DAYLIGHT,PEDALCYCLIST,NOT DIVIDED,STRAIGHT AND LEVEL,WET,NO DEFECTS,,UNABLE TO DETERMINE,UNABLE TO DETERMINE,,INCAPACITATING INJURY,12,4,41.9327319564,-87.6758492694,2022,30,POINT (-87.6758492694 41.9327319564),,,,,2022-04-08,True,4,North Center
6847,30,TRAFFIC SIGNAL,FUNCTIONING PROPERLY,CLEAR,DAYLIGHT,PEDALCYCLIST,FOUR WAY,STRAIGHT AND LEVEL,WET,NO DEFECTS,,UNABLE TO DETERMINE,NOT APPLICABLE,,NONINCAPACITATING INJURY,13,4,41.8900424297,-87.6326946813,2022,30,POINT (-87.6326946813 41.8900424297),,,,,2022-04-08,False,7,Near North Side
6848,20,STOP SIGN/FLASHER,FUNCTIONING PROPERLY,RAIN,DAYLIGHT,PEDALCYCLIST,NOT DIVIDED,STRAIGHT AND LEVEL,WET,NO DEFECTS,Y,UNABLE TO DETERMINE,NOT APPLICABLE,,NONINCAPACITATING INJURY,14,4,42.0116359595,-87.6680990878,2022,20,POINT (-87.6680990878 42.0116359595),,,,,2022-04-08,False,0,Rogers Park
6849,35,TRAFFIC SIGNAL,UNKNOWN,RAIN,"DARKNESS, LIGHTED ROAD",PEDALCYCLIST,FOUR WAY,STRAIGHT AND LEVEL,WET,UNKNOWN,,UNABLE TO DETERMINE,UNABLE TO DETERMINE,,NO INDICATION OF INJURY,20,4,41.9341688171,-87.6611754225,2022,35,POINT (-87.6611754225 41.9341688171),,,,,2022-04-08,False,5,Lake View
6850,30,NO CONTROLS,NO CONTROLS,RAIN,"DARKNESS, LIGHTED ROAD",PEDALCYCLIST,FOUR WAY,STRAIGHT AND LEVEL,WET,NO DEFECTS,Y,UNABLE TO DETERMINE,NOT APPLICABLE,,NONINCAPACITATING INJURY,1,4,41.7991273897,-87.6843186734,2022,30,POINT (-87.6843186734 41.7991273897),,,,,2022-04-09,False,60,New City
6851,30,NO CONTROLS,NO CONTROLS,CLEAR,DAYLIGHT,PEDALCYCLIST,DRIVEWAY,STRAIGHT AND LEVEL,DRY,NO DEFECTS,,FAILING TO YIELD RIGHT-OF-WAY,FAILING TO YIELD RIGHT-OF-WAY,,INCAPACITATING INJURY,10,4,41.8075340261,-87.742814936,2022,30,POINT (-87.742814936 41.8075340261),,,,,2022-04-09,True,55,Garfield Ridge
6852,30,NO CONTROLS,NO CONTROLS,CLEAR,DAYLIGHT,PEDALCYCLIST,NOT DIVIDED,STRAIGHT AND LEVEL,DRY,NO DEFECTS,,UNABLE TO DETERMINE,NOT APPLICABLE,Y,NONINCAPACITATING INJURY,14,4,41.9240821974,-87.7954045001,2022,30,POINT (-87.7954045001 41.9240821974),,,,,2022-04-09,False,17,Montclare
6853,30,NO CONTROLS,NO CONTROLS,CLEAR,DAYLIGHT,PEDALCYCLIST,ONE-WAY,STRAIGHT AND LEVEL,DRY,NO DEFECTS,Y,"VISION OBSCURED (SIGNS, TREE LIMBS, BUILDINGS, ETC.)",FAILING TO YIELD RIGHT-OF-WAY,,NO INDICATION OF INJURY,17,4,41.8846081309,-87.625351202,2022,30,POINT (-87.625351202 41.8846081309),,,,,2022-04-09,False,31,Loop
6854,30,UNKNOWN,UNKNOWN,CLEAR,DAYLIGHT,PEDALCYCLIST,NOT DIVIDED,STRAIGHT AND LEVEL,UNKNOWN,UNKNOWN,N,NOT APPLICABLE,UNABLE TO DETERMINE,,NONINCAPACITATING INJURY,13,4,41.7372855719,-87.5515751443,2022,30,POINT (-87.5515751443 41.7372855719),,,,,2022-04-10,False,45,South Chicago
6855,30,NO CONTROLS,NO CONTROLS,CLEAR,DAYLIGHT,PEDALCYCLIST,NOT DIVIDED,STRAIGHT AND LEVEL,DRY,NO DEFECTS,,FAILING TO YIELD RIGHT-OF-WAY,NOT APPLICABLE,,"REPORTED, NOT EVIDENT",17,4,41.9614395607,-87.718200732,2022,30,POINT (-87.718200732 41.9614395607),,,,,2022-04-10,False,13,Albany Park
6856,30,STOP SIGN/FLASHER,FUNCTIONING PROPERLY,CLEAR,DAYLIGHT,PEDALCYCLIST,NOT DIVIDED,STRAIGHT AND LEVEL,DRY,NO DEFECTS,,UNABLE TO DETERMINE,NOT APPLICABLE,,NONINCAPACITATING INJURY,15,4,41.7026480061,-87.5366387351,2022,30,POINT (-87.5366387351 41.7026480061),,,,,2022-04-11,False,51,East Side
6857,30,TRAFFIC SIGNAL,FUNCTIONING PROPERLY,CLEAR,"DARKNESS, LIGHTED ROAD",PEDALCYCLIST,DIVIDED - W/MEDIAN BARRIER,STRAIGHT AND LEVEL,DRY,NO DEFECTS,,FAILING TO REDUCE SPEED TO AVOID CRASH,NOT APPLICABLE,,NONINCAPACITATING INJURY,22,4,41.865086677,-87.6858108605,2022,30,POINT (-87.6858108605 41.865086677),,,,,2022-04-11,False,27,Near West Side
6858,30,TRAFFIC SIGNAL,FUNCTIONING PROPERLY,CLEAR,"DARKNESS, LIGHTED ROAD",PEDALCYCLIST,ONE-WAY,STRAIGHT AND LEVEL,DRY,UNKNOWN,Y,DRIVING ON WRONG SIDE/WRONG WAY,NOT APPLICABLE,,NONINCAPACITATING INJURY,23,4,41.8933377372,-87.6312444962,2022,30,POINT (-87.6312444962 41.8933377372),,,,,2022-04-11,False,7,Near North Side
6859,30,UNKNOWN,UNKNOWN,CLEAR,UNKNOWN,PEDALCYCLIST,UNKNOWN INTERSECTION TYPE,STRAIGHT AND LEVEL,DRY,UNKNOWN,,FAILING TO REDUCE SPEED TO AVOID CRASH,NOT APPLICABLE,,NONINCAPACITATING INJURY,0,4,41.7238602893,-87.6043647208,2022,30,POINT (-87.6043647208 41.7238602893),,,,,2022-04-12,False,43,Chatham
6860,30,NO CONTROLS,NO CONTROLS,CLEAR,DAYLIGHT,PEDALCYCLIST,NOT DIVIDED,STRAIGHT AND LEVEL,DRY,NO DEFECTS,,FAILING TO YIELD RIGHT-OF-WAY,IMPROPER TURNING/NO SIGNAL,,NONINCAPACITATING INJURY,10,4,41.997463981,-87.7876102434,2022,30,POINT (-87.7876102434 41.997463981),,,,,2022-04-12,False,11,Forest Glen
6861,30,NO CONTROLS,NO CONTROLS,CLEAR,DAYLIGHT,PEDALCYCLIST,DRIVEWAY,STRAIGHT AND LEVEL,DRY,NO DEFECTS,,FAILING TO YIELD RIGHT-OF-WAY,IMPROPER OVERTAKING/PASSING,,NONINCAPACITATING INJURY,16,4,41.9500572909,-87.6884969654,2022,30,POINT (-87.6884969654 41.9500572909),,,,,2022-04-12,False,4,North Center
6862,30,TRAFFIC SIGNAL,FUNCTIONING PROPERLY,CLEAR,DAYLIGHT,PEDALCYCLIST,DIVIDED - W/MEDIAN (NOT RAISED),STRAIGHT AND LEVEL,DRY,NO DEFECTS,,IMPROPER OVERTAKING/PASSING,NOT APPLICABLE,N,NONINCAPACITATING INJURY,17,4,41.9120188186,-87.6797756326,2022,30,POINT (-87.6797756326 41.9120188186),,,,,2022-04-12,False,6,Lincoln Park
6863,30,TRAFFIC SIGNAL,FUNCTIONING PROPERLY,CLEAR,DUSK,PEDALCYCLIST,FOUR WAY,STRAIGHT AND LEVEL,DRY,NO DEFECTS,Y,FAILING TO YIELD RIGHT-OF-WAY,NOT APPLICABLE,,NO INDICATION OF INJURY,18,4,41.8975100919,-87.6576021228,2022,30,POINT (-87.6576021228 41.8975100919),,,,,2022-04-12,False,7,Near North Side
6864,30,TRAFFIC SIGNAL,FUNCTIONING PROPERLY,RAIN,DARKNESS,PEDALCYCLIST,NOT DIVIDED,STRAIGHT AND LEVEL,WET,NO DEFECTS,Y,UNABLE TO DETERMINE,WEATHER,,INCAPACITATING INJURY,19,4,41.8382159984,-87.6414801026,2022,30,POINT (-87.6414801026 41.8382159984),,,,,2022-04-12,True,30,Lower West Side
6865,30,STOP SIGN/FLASHER,FUNCTIONING PROPERLY,CLEAR,DAWN,PEDALCYCLIST,FOUR WAY,STRAIGHT AND LEVEL,DRY,NO DEFECTS,Y,FAILING TO YIELD RIGHT-OF-WAY,UNABLE TO DETERMINE,,NONINCAPACITATING INJURY,7,4,41.8380956267,-87.6354628209,2022,30,POINT (-87.6354628209 41.8380956267),,,,,2022-04-13,False,30,Lower West Side
6866,30,NO CONTROLS,NO CONTROLS,CLEAR,DAYLIGHT,PEDALCYCLIST,DIVIDED - W/MEDIAN (NOT RAISED),CURVE ON GRADE,DRY,NO DEFECTS,,FAILING TO YIELD RIGHT-OF-WAY,FAILING TO REDUCE SPEED TO AVOID CRASH,,INCAPACITATING INJURY,14,4,41.8376256582,-87.6656048517,2022,30,POINT (-87.6656048517 41.8376256582),,,,,2022-04-13,True,30,Lower West Side
6867,25,NO CONTROLS,NO CONTROLS,CLEAR,DAYLIGHT,PEDALCYCLIST,ONE-WAY,STRAIGHT AND LEVEL,DRY,UNKNOWN,,UNABLE TO DETERMINE,NOT APPLICABLE,,NO INDICATION OF INJURY,12,4,41.7876702235,-87.5983948842,2022,25,POINT (-87.5983948842 41.7876702235),,,,,2022-04-14,False,40,Hyde Park
6868,30,NO CONTROLS,NO CONTROLS,CLEAR,DAYLIGHT,PEDALCYCLIST,NOT DIVIDED,STRAIGHT AND LEVEL,DRY,UNKNOWN,,"VISION OBSCURED (SIGNS, TREE LIMBS, BUILDINGS, ETC.)",UNABLE TO DETERMINE,,NONINCAPACITATING INJURY,14,4,41.9433702002,-87.6640631041,2022,30,POINT (-87.6640631041 41.9433702002),,,,,2022-04-14,False,5,Lake View
6869,30,STOP SIGN/FLASHER,FUNCTIONING PROPERLY,CLEAR,DAYLIGHT,PEDALCYCLIST,T-INTERSECTION,STRAIGHT AND LEVEL,DRY,UNKNOWN,Y,UNABLE TO DETERMINE,NOT APPLICABLE,,NO INDICATION OF INJURY,15,4,41.940144386,-87.7273583205,2022,30,POINT (-87.7273583205 41.940144386),,,,,2022-04-14,False,15,Irving Park
6870,30,TRAFFIC SIGNAL,FUNCTIONING PROPERLY,CLEAR,DAYLIGHT,PEDALCYCLIST,NOT DIVIDED,STRAIGHT AND LEVEL,DRY,NO DEFECTS,,IMPROPER OVERTAKING/PASSING,FOLLOWING TOO CLOSELY,,NO INDICATION OF INJURY,15,4,41.9544452409,-87.6543964835,2022,30,POINT (-87.6543964835 41.9544452409),,,,,2022-04-14,False,2,Uptown
6871,30,TRAFFIC SIGNAL,FUNCTIONING PROPERLY,CLEAR,DAYLIGHT,PEDALCYCLIST,FOUR WAY,STRAIGHT AND LEVEL,DRY,NO DEFECTS,Y,DISREGARDING TRAFFIC SIGNALS,UNABLE TO DETERMINE,,NONINCAPACITATING INJURY,16,4,41.8866347195,-87.6264729652,2022,30,POINT (-87.6264729652 41.8866347195),,,,,2022-04-14,False,7,Near North Side
6872,30,NO CONTROLS,NO CONTROLS,CLEAR,"DARKNESS, LIGHTED ROAD",PEDALCYCLIST,NOT DIVIDED,STRAIGHT AND LEVEL,DRY,WORN SURFACE,,UNABLE TO DETERMINE,UNABLE TO DETERMINE,Y,NO INDICATION OF INJURY,22,4,41.9223338837,-87.6651857846,2022,30,POINT (-87.6651857846 41.9223338837),,,,,2022-04-14,False,6,Lincoln Park
6873,25,TRAFFIC SIGNAL,FUNCTIONING PROPERLY,CLEAR,"DARKNESS, LIGHTED ROAD",PEDALCYCLIST,FOUR WAY,STRAIGHT AND LEVEL,DRY,NO DEFECTS,Y,IMPROPER OVERTAKING/PASSING,NOT APPLICABLE,,INCAPACITATING INJURY,22,4,41.917103631,-87.687248767,2022,25,POINT (-87.687248767 41.917103631),,,,,2022-04-14,True,21,Logan Square
6874,30,UNKNOWN,UNKNOWN,CLEAR,DAYLIGHT,PEDALCYCLIST,T-INTERSECTION,STRAIGHT AND LEVEL,UNKNOWN,UNKNOWN,,UNABLE TO DETERMINE,UNABLE TO DETERMINE,,NONINCAPACITATING INJURY,11,4,41.9114768711,-87.6628875799,2022,30,POINT (-87.6628875799 41.9114768711),,,,,2022-04-15,False,6,Lincoln Park
6875,30,NO CONTROLS,NO CONTROLS,CLEAR,DAYLIGHT,PEDALCYCLIST,NOT DIVIDED,STRAIGHT AND LEVEL,DRY,NO DEFECTS,,"VISION OBSCURED (SIGNS, TREE LIMBS, BUILDINGS, ETC.)",UNABLE TO DETERMINE,Y,NONINCAPACITATING INJURY,11,4,41.9495336411,-87.6585612231,2022,30,POINT (-87.6585612231 41.9495336411),,,,,2022-04-15,False,5,Lake View
6876,30,NO CONTROLS,NO CONTROLS,CLEAR,DAYLIGHT,PEDALCYCLIST,NOT DIVIDED,STRAIGHT AND LEVEL,DRY,NO DEFECTS,,FAILING TO YIELD RIGHT-OF-WAY,FAILING TO YIELD RIGHT-OF-WAY,,INCAPACITATING INJURY,12,4,41.9119712308,-87.6773519357,2022,30,POINT (-87.6773519357 41.9119712308),,,,,2022-04-15,True,6,Lincoln Park
6877,30,STOP SIGN/FLASHER,FUNCTIONING PROPERLY,CLOUDY/OVERCAST,DAYLIGHT,PEDALCYCLIST,T-INTERSECTION,STRAIGHT AND LEVEL,WET,NO DEFECTS,,UNABLE TO DETERMINE,UNABLE TO DETERMINE,,NONINCAPACITATING INJURY,13,4,41.8380474865,-87.6543234679,2022,30,POINT (-87.6543234679 41.8380474865),,,,,2022-04-15,False,30,Lower West Side
6878,30,TRAFFIC SIGNAL,FUNCTIONING PROPERLY,RAIN,DAYLIGHT,PEDALCYCLIST,FOUR WAY,STRAIGHT AND LEVEL,WET,NO DEFECTS,,FAILING TO YIELD RIGHT-OF-WAY,UNABLE TO DETERMINE,,NONINCAPACITATING INJURY,15,4,41.895312589,-87.7652638043,2022,30,POINT (-87.7652638043 41.895312589),,,,,2022-04-15,False,24,Austin
6879,30,UNKNOWN,UNKNOWN,OTHER,DAYLIGHT,PEDALCYCLIST,UNKNOWN,STRAIGHT AND LEVEL,UNKNOWN,UNKNOWN,N,UNABLE TO DETERMINE,UNABLE TO DETERMINE,Y,INCAPACITATING INJURY,9,4,41.7865334538,-87.67424315,2022,30,POINT (-87.67424315 41.7865334538),,,,,2022-04-16,True,66,Englewood
6880,35,STOP SIGN/FLASHER,NO CONTROLS,CLEAR,DAYLIGHT,PEDALCYCLIST,FOUR WAY,STRAIGHT AND LEVEL,DRY,NO DEFECTS,Y,DISREGARDING STOP SIGN,FAILING TO YIELD RIGHT-OF-WAY,,NONINCAPACITATING INJURY,10,4,41.7918600885,-87.6890156105,2022,35,POINT (-87.6890156105 41.7918600885),,,,,2022-04-16,False,62,Gage Park
6881,30,TRAFFIC SIGNAL,FUNCTIONING PROPERLY,CLEAR,DAYLIGHT,PEDALCYCLIST,DIVIDED - W/MEDIAN BARRIER,STRAIGHT AND LEVEL,UNKNOWN,UNKNOWN,Y,UNABLE TO DETERMINE,UNABLE TO DETERMINE,,NO INDICATION OF INJURY,15,4,41.8673561822,-87.6402266406,2022,30,POINT (-87.6402266406 41.8673561822),,,,,2022-04-16,False,27,Near West Side
6882,30,STOP SIGN/FLASHER,FUNCTIONING PROPERLY,CLEAR,"DARKNESS, LIGHTED ROAD",PEDALCYCLIST,NOT DIVIDED,STRAIGHT AND LEVEL,DRY,NO DEFECTS,Y,IMPROPER LANE USAGE,"OPERATING VEHICLE IN ERRATIC, RECKLESS, CARELESS, NEGLIGENT OR AGGRESSIVE MANNER",,INCAPACITATING INJURY,22,4,41.8818463861,-87.6497600192,2022,30,POINT (-87.6497600192 41.8818463861),,,,,2022-04-16,True,27,Near West Side
6883,30,STOP SIGN/FLASHER,FUNCTIONING PROPERLY,CLEAR,"DARKNESS, LIGHTED ROAD",PEDALCYCLIST,NOT DIVIDED,STRAIGHT AND LEVEL,DRY,NO DEFECTS,Y,DISREGARDING STOP SIGN,UNABLE TO DETERMINE,,INCAPACITATING INJURY,20,4,41.7798026867,-87.634793081,2022,30,POINT (-87.634793081 41.7798026867),,,,,2022-04-19,True,67,Englewood
6884,15,NO CONTROLS,NO CONTROLS,CLEAR,DUSK,PEDALCYCLIST,PARKING LOT,STRAIGHT AND LEVEL,DRY,NO DEFECTS,,UNABLE TO DETERMINE,UNABLE TO DETERMINE,,NO INDICATION OF INJURY,21,4,41.9146755752,-87.7192870977,2022,15,POINT (-87.7192870977 41.9146755752),,,,,2022-04-19,False,21,Logan Square
6885,30,TRAFFIC SIGNAL,FUNCTIONING PROPERLY,CLEAR,"DARKNESS, LIGHTED ROAD",PEDALCYCLIST,NOT DIVIDED,STRAIGHT AND LEVEL,DRY,NO DEFECTS,,UNABLE TO DETERMINE,UNABLE TO DETERMINE,,NO INDICATION OF INJURY,21,4,41.8240118369,-87.6409264731,2022,30,POINT (-87.6409264731 41.8240118369),,,,,2022-04-19,False,33,Armour Square
6886,30,STOP SIGN/FLASHER,FUNCTIONING PROPERLY,CLEAR,DARKNESS,PEDALCYCLIST,DIVIDED - W/MEDIAN (NOT RAISED),STRAIGHT AND LEVEL,DRY,NO DEFECTS,,UNABLE TO DETERMINE,UNABLE TO DETERMINE,,"REPORTED, NOT EVIDENT",23,4,41.8995084785,-87.6770074112,2022,30,POINT (-87.6770074112 41.8995084785),,,,,2022-04-19,False,23,West Town
6887,20,UNKNOWN,UNKNOWN,CLEAR,DAYLIGHT,PEDALCYCLIST,NOT DIVIDED,STRAIGHT AND LEVEL,WET,UNKNOWN,,UNABLE TO DETERMINE,NOT APPLICABLE,Y,NO INDICATION OF INJURY,7,4,41.9565540227,-87.6496121018,2022,20,POINT (-87.6496121018 41.9565540227),,,,,2022-04-21,False,2,Uptown
6888,30,STOP SIGN/FLASHER,FUNCTIONING PROPERLY,CLEAR,DAYLIGHT,PEDALCYCLIST,NOT DIVIDED,STRAIGHT AND LEVEL,DRY,NO DEFECTS,,IMPROPER LANE USAGE,UNABLE TO DETERMINE,,NONINCAPACITATING INJURY,13,4,41.9100598435,-87.6771912342,2022,30,POINT (-87.6771912342 41.9100598435),,,,,2022-04-21,False,23,West Town
6889,30,TRAFFIC SIGNAL,FUNCTIONING PROPERLY,CLEAR,DAYLIGHT,PEDALCYCLIST,NOT DIVIDED,STRAIGHT AND LEVEL,DRY,UNKNOWN,Y,FAILING TO REDUCE SPEED TO AVOID CRASH,NOT APPLICABLE,,INCAPACITATING INJURY,15,4,41.7995420796,-87.5842010386,2022,30,POINT (-87.5842010386 41.7995420796),,,,,2022-04-21,True,40,Hyde Park