Unnamed: 0,POSTED_SPEED_LIMIT,TRAFFIC_CONTROL_DEVICE,DEVICE_CONDITION,WEATHER_CONDITION,LIGHTING_CONDITION,FIRST_CRASH_TYPE,TRAFFICWAY_TYPE,ALIGNMENT,ROADWAY_SURFACE_COND,ROAD_DEFECT,INTERSECTION_RELATED_I,PRIM_CONTRIBUTORY_CAUSE,SEC_CONTRIBUTORY_CAUSE,DOORING_I,MOST_SEVERE_INJURY,CRASH_HOUR,CRASH_MONTH,LATITUDE,LONGITUDE,CRASH_YEAR,SPEED_LIMIT,geometry,DISPLAYROU,the_geom,DIST,LANE_TYPE,CRASH_DATE,is_severe,index_right,CArea
6890,30,TRAFFIC SIGNAL,FUNCTIONING PROPERLY,CLEAR,DAYLIGHT,PEDALCYCLIST,ONE-WAY,STRAIGHT AND LEVEL,DRY,NO DEFECTS,,UNABLE TO DETERMINE,UNABLE TO DETERMINE,,NO INDICATION OF INJURY,18,4,41.8893285936,-87.630547851,2022,30,POINT (-87.630547851 41.8893285936),,,,,2022-04-21,False,7,Near North Side
6891,30,TRAFFIC SIGNAL,FUNCTIONING PROPERLY,RAIN,DAYLIGHT,PEDALCYCLIST,DIVIDED - W/MEDIAN (NOT RAISED),STRAIGHT AND LEVEL,WET,NO DEFECTS,Y,FAILING TO YIELD RIGHT-OF-WAY,IMPROPER LANE USAGE,,NONINCAPACITATING INJURY,12,4,41.9319214237,-87.7118800138,2022,30,POINT (-87.7118800138 41.9319214237),,,,,2022-04-22,False,20,Avondale
6892,25,STOP SIGN/FLASHER,FUNCTIONING PROPERLY,CLEAR,DUSK,PEDALCYCLIST,DIVIDED - W/MEDIAN BARRIER,STRAIGHT AND LEVEL,WET,NO DEFECTS,,UNABLE TO DETERMINE,UNABLE TO DETERMINE,,NONINCAPACITATING INJURY,17,4,41.884179966,-87.6541113518,2022,25,POINT (-87.6541113518 41.884179966),,,,,2022-04-22,False,27,Near West Side
6893,25,TRAFFIC SIGNAL,FUNCTIONING PROPERLY,CLEAR,DAYLIGHT,PEDALCYCLIST,NOT DIVIDED,STRAIGHT AND LEVEL,DRY,NO DEFECTS,,FAILING TO YIELD RIGHT-OF-WAY,CELL PHONE USE OTHER THAN TEXTING,,NONINCAPACITATING INJURY,6,4,41.8769090759,-87.7452657724,2022,25,POINT (-87.7452657724 41.8769090759),,,,,2022-04-23,False,24,Austin
6894,30,NO CONTROLS,NO CONTROLS,CLEAR,DAYLIGHT,PEDALCYCLIST,NOT DIVIDED,STRAIGHT AND LEVEL,DRY,UNKNOWN,,UNABLE TO DETERMINE,UNABLE TO DETERMINE,Y,NONINCAPACITATING INJURY,12,4,41.961516411,-87.6666475788,2022,30,POINT (-87.6666475788 41.961516411),,,,,2022-04-23,False,2,Uptown
6895,30,STOP SIGN/FLASHER,FUNCTIONING PROPERLY,CLEAR,DAYLIGHT,PEDALCYCLIST,T-INTERSECTION,STRAIGHT AND LEVEL,DRY,NO DEFECTS,Y,IMPROPER TURNING/NO SIGNAL,NOT APPLICABLE,,NONINCAPACITATING INJURY,13,4,41.906935777,-87.6386100703,2022,30,POINT (-87.6386100703 41.906935777),,,,,2022-04-23,False,7,Near North Side
6896,30,NO CONTROLS,NO CONTROLS,CLEAR,DAYLIGHT,PEDALCYCLIST,NOT DIVIDED,STRAIGHT AND LEVEL,DRY,NO DEFECTS,,FAILING TO YIELD RIGHT-OF-WAY,IMPROPER LANE USAGE,Y,NONINCAPACITATING INJURY,14,4,41.9114994191,-87.6345742721,2022,30,POINT (-87.6345742721 41.9114994191),,,,,2022-04-23,False,6,Lincoln Park
6897,20,STOP SIGN/FLASHER,FUNCTIONING PROPERLY,CLEAR,DAYLIGHT,PEDALCYCLIST,NOT DIVIDED,STRAIGHT AND LEVEL,DRY,NO DEFECTS,Y,FAILING TO YIELD RIGHT-OF-WAY,NOT APPLICABLE,,"REPORTED, NOT EVIDENT",15,4,41.8561013613,-87.6464462849,2022,20,POINT (-87.6464462849 41.8561013613),,,,,2022-04-23,False,30,Lower West Side
6898,30,NO CONTROLS,NO CONTROLS,CLEAR,"DARKNESS, LIGHTED ROAD",PEDALCYCLIST,NOT DIVIDED,STRAIGHT AND LEVEL,DRY,NO DEFECTS,Y,FAILING TO YIELD RIGHT-OF-WAY,UNABLE TO DETERMINE,,NONINCAPACITATING INJURY,20,4,41.9313013146,-87.7722616001,2022,30,POINT (-87.7722616001 41.9313013146),,,,,2022-04-23,False,18,Belmont Cragin
6899,30,TRAFFIC SIGNAL,FUNCTIONING PROPERLY,CLEAR,"DARKNESS, LIGHTED ROAD",PEDALCYCLIST,DIVIDED - W/MEDIAN BARRIER,STRAIGHT AND LEVEL,DRY,NO DEFECTS,Y,UNABLE TO DETERMINE,NOT APPLICABLE,Y,INCAPACITATING INJURY,20,4,41.8718503749,-87.6471664652,2022,30,POINT (-87.6471664652 41.8718503749),,,,,2022-04-23,True,27,Near West Side
6900,30,UNKNOWN,UNKNOWN,UNKNOWN,UNKNOWN,PEDALCYCLIST,FOUR WAY,STRAIGHT AND LEVEL,UNKNOWN,UNKNOWN,Y,NOT APPLICABLE,NOT APPLICABLE,,NO INDICATION OF INJURY,23,4,41.9473566991,-87.6474391367,2022,30,POINT (-87.6474391367 41.9473566991),,,,,2022-04-23,False,5,Lake View
6901,15,STOP SIGN/FLASHER,FUNCTIONING PROPERLY,CLEAR,"DARKNESS, LIGHTED ROAD",PEDALCYCLIST,OTHER,STRAIGHT AND LEVEL,DRY,NO DEFECTS,,NOT APPLICABLE,NOT APPLICABLE,,INCAPACITATING INJURY,23,4,41.866310063,-87.6102701545,2022,15,POINT (-87.6102701545 41.866310063),,,,,2022-04-23,True,32,Near South Side
6902,35,NO CONTROLS,NO CONTROLS,RAIN,DAYLIGHT,PEDALCYCLIST,DIVIDED - W/MEDIAN (NOT RAISED),STRAIGHT AND LEVEL,WET,NO DEFECTS,,UNABLE TO DETERMINE,NOT APPLICABLE,,NONINCAPACITATING INJURY,12,4,41.7956729452,-87.7633622371,2022,35,POINT (-87.7633622371 41.7956729452),,,,,2022-04-24,False,55,Garfield Ridge
6903,30,NO CONTROLS,NO CONTROLS,CLEAR,DAYLIGHT,PEDALCYCLIST,NOT DIVIDED,STRAIGHT AND LEVEL,DRY,NO DEFECTS,,IMPROPER LANE USAGE,IMPROPER LANE USAGE,,NONINCAPACITATING INJURY,11,4,41.8664932739,-87.6239856588,2022,30,POINT (-87.6239856588 41.8664932739),,,,,2022-04-25,False,32,Near South Side
6904,30,STOP SIGN/FLASHER,FUNCTIONING PROPERLY,CLEAR,DAYLIGHT,PEDALCYCLIST,FOUR WAY,STRAIGHT AND LEVEL,DRY,NO DEFECTS,,FAILING TO REDUCE SPEED TO AVOID CRASH,UNABLE TO DETERMINE,,"REPORTED, NOT EVIDENT",8,4,41.9650292543,-87.6761800119,2022,30,POINT (-87.6761800119 41.9650292543),,,,,2022-04-26,False,3,Lincoln Square
6905,30,STOP SIGN/FLASHER,NO CONTROLS,CLEAR,DAYLIGHT,PEDALCYCLIST,ROUNDABOUT,STRAIGHT AND LEVEL,DRY,NO DEFECTS,,UNABLE TO DETERMINE,NOT APPLICABLE,N,NO INDICATION OF INJURY,8,4,41.9652279997,-87.6762571171,2022,30,POINT (-87.6762571171 41.9652279997),,,,,2022-04-26,False,3,Lincoln Square
6906,30,TRAFFIC SIGNAL,FUNCTIONING PROPERLY,CLEAR,DAYLIGHT,PEDALCYCLIST,NOT DIVIDED,STRAIGHT AND LEVEL,DRY,NO DEFECTS,,"VISION OBSCURED (SIGNS, TREE LIMBS, BUILDINGS, ETC.)",NOT APPLICABLE,,NO INDICATION OF INJURY,8,4,41.9245470708,-87.7124792011,2022,30,POINT (-87.7124792011 41.9245470708),,,,,2022-04-26,False,21,Logan Square
6907,30,NO CONTROLS,NO CONTROLS,CLEAR,DAYLIGHT,PEDALCYCLIST,NOT DIVIDED,STRAIGHT AND LEVEL,UNKNOWN,UNKNOWN,,FAILING TO YIELD RIGHT-OF-WAY,FOLLOWING TOO CLOSELY,,NONINCAPACITATING INJURY,11,4,42.0103181244,-87.6737160698,2022,30,POINT (-87.6737160698 42.0103181244),,,,,2022-04-26,False,0,Rogers Park
6908,30,NO CONTROLS,NO CONTROLS,CLEAR,DAYLIGHT,PEDALCYCLIST,ONE-WAY,STRAIGHT AND LEVEL,DRY,UNKNOWN,,IMPROPER BACKING,UNABLE TO DETERMINE,,NONINCAPACITATING INJURY,19,4,41.8956898869,-87.6351833478,2022,30,POINT (-87.6351833478 41.8956898869),,,,,2022-04-26,False,7,Near North Side
6909,35,OTHER REG. SIGN,FUNCTIONING PROPERLY,CLEAR,"DARKNESS, LIGHTED ROAD",PEDALCYCLIST,DIVIDED - W/MEDIAN (NOT RAISED),STRAIGHT AND LEVEL,DRY,UNKNOWN,,UNABLE TO DETERMINE,UNABLE TO DETERMINE,,NONINCAPACITATING INJURY,19,4,41.797151452,-87.6982953137,2022,35,POINT (-87.6982953137 41.797151452),,,,,2022-04-26,False,62,Gage Park
6910,30,NO CONTROLS,NO CONTROLS,CLEAR,DAYLIGHT,PEDALCYCLIST,T-INTERSECTION,STRAIGHT AND LEVEL,DRY,NO DEFECTS,Y,FAILING TO YIELD RIGHT-OF-WAY,IMPROPER TURNING/NO SIGNAL,,"REPORTED, NOT EVIDENT",7,4,41.6988435164,-87.6965712358,2022,30,POINT (-87.6965712358 41.6988435164),,,,,2022-04-27,False,73,Mount Greenwood
6911,30,TRAFFIC SIGNAL,FUNCTIONING PROPERLY,CLEAR,DAYLIGHT,PEDALCYCLIST,NOT DIVIDED,STRAIGHT AND LEVEL,DRY,UNKNOWN,Y,FAILING TO YIELD RIGHT-OF-WAY,FAILING TO REDUCE SPEED TO AVOID CRASH,,NONINCAPACITATING INJURY,19,4,41.9257199272,-87.639189329,2022,30,POINT (-87.639189329 41.9257199272),,,,,2022-04-27,False,6,Lincoln Park
6912,30,TRAFFIC SIGNAL,FUNCTIONING PROPERLY,CLEAR,DUSK,PEDALCYCLIST,FOUR WAY,STRAIGHT AND LEVEL,DRY,NO DEFECTS,Y,DISREGARDING TRAFFIC SIGNALS,UNABLE TO DETERMINE,,NONINCAPACITATING INJURY,19,4,41.8743694258,-87.6469812526,2022,30,POINT (-87.6469812526 41.8743694258),,,,,2022-04-27,False,27,Near West Side
6913,30,TRAFFIC SIGNAL,FUNCTIONING PROPERLY,CLEAR,"DARKNESS, LIGHTED ROAD",PEDALCYCLIST,FOUR WAY,STRAIGHT AND LEVEL,DRY,NO DEFECTS,,FAILING TO YIELD RIGHT-OF-WAY,UNABLE TO DETERMINE,Y,NO INDICATION OF INJURY,20,4,41.9546185577,-87.6495546428,2022,30,POINT (-87.6495546428 41.9546185577),,,,,2022-04-27,False,2,Uptown
6914,30,UNKNOWN,UNKNOWN,UNKNOWN,UNKNOWN,PEDALCYCLIST,UNKNOWN,STRAIGHT AND LEVEL,UNKNOWN,UNKNOWN,Y,UNABLE TO DETERMINE,UNABLE TO DETERMINE,,NO INDICATION OF INJURY,7,4,41.9538235373,-87.6502185524,2022,30,POINT (-87.6502185524 41.9538235373),,,,,2022-04-28,False,5,Lake View
6915,30,NO CONTROLS,NO CONTROLS,CLEAR,DAYLIGHT,PEDALCYCLIST,ALLEY,STRAIGHT AND LEVEL,DRY,NO DEFECTS,,FAILING TO YIELD RIGHT-OF-WAY,NOT APPLICABLE,,NONINCAPACITATING INJURY,7,4,41.9983846246,-87.6897569998,2022,30,POINT (-87.6897569998 41.9983846246),,,,,2022-04-28,False,1,West Ridge
6916,30,TRAFFIC SIGNAL,UNKNOWN,CLEAR,DAYLIGHT,PEDALCYCLIST,NOT DIVIDED,STRAIGHT AND LEVEL,DRY,NO DEFECTS,Y,FAILING TO YIELD RIGHT-OF-WAY,FAILING TO YIELD RIGHT-OF-WAY,,NONINCAPACITATING INJURY,9,4,41.9030347681,-87.6969453431,2022,30,POINT (-87.6969453431 41.9030347681),,,,,2022-04-28,False,22,Humboldt Park
6917,35,STOP SIGN/FLASHER,NO CONTROLS,CLEAR,DAYLIGHT,PEDALCYCLIST,NOT DIVIDED,STRAIGHT AND LEVEL,DRY,UNKNOWN,,UNABLE TO DETERMINE,UNABLE TO DETERMINE,,NONINCAPACITATING INJURY,15,4,41.876289423,-87.7256658326,2022,35,POINT (-87.7256658326 41.876289423),,,,,2022-04-28,False,25,Garfield Park
6918,30,TRAFFIC SIGNAL,UNKNOWN,UNKNOWN,DAYLIGHT,PEDALCYCLIST,NOT DIVIDED,STRAIGHT AND LEVEL,DRY,NO DEFECTS,Y,"OPERATING VEHICLE IN ERRATIC, RECKLESS, CARELESS, NEGLIGENT OR AGGRESSIVE MANNER",IMPROPER OVERTAKING/PASSING,,NONINCAPACITATING INJURY,16,4,41.8965092929,-87.6477558272,2022,30,POINT (-87.6477558272 41.8965092929),,,,,2022-04-28,False,7,Near North Side
6919,30,NO CONTROLS,FUNCTIONING PROPERLY,CLEAR,DARKNESS,PEDALCYCLIST,NOT DIVIDED,STRAIGHT AND LEVEL,DRY,NO DEFECTS,,UNABLE TO DETERMINE,NOT APPLICABLE,N,NONINCAPACITATING INJURY,22,4,41.9307787217,-87.6437819717,2022,30,POINT (-87.6437819717 41.9307787217),,,,,2022-04-28,False,6,Lincoln Park
6920,30,STOP SIGN/FLASHER,FUNCTIONING PROPERLY,CLEAR,DAYLIGHT,PEDALCYCLIST,NOT DIVIDED,STRAIGHT AND LEVEL,DRY,NO DEFECTS,,UNABLE TO DETERMINE,UNABLE TO DETERMINE,Y,NO INDICATION OF INJURY,13,4,41.7996537838,-87.5890489526,2022,30,POINT (-87.5890489526 41.7996537838),,,,,2022-04-29,False,40,Hyde Park
6921,10,NO CONTROLS,NO CONTROLS,CLEAR,DUSK,PEDALCYCLIST,OTHER,STRAIGHT AND LEVEL,DRY,NO DEFECTS,,NOT APPLICABLE,NOT APPLICABLE,,NO INDICATION OF INJURY,17,4,41.9682625951,-87.7281753158,2022,10,POINT (-87.7281753158 41.9682625951),,,,,2022-04-29,False,11,Forest Glen
6922,35,NO CONTROLS,NO CONTROLS,RAIN,"DARKNESS, LIGHTED ROAD",PEDALCYCLIST,NOT DIVIDED,STRAIGHT AND LEVEL,WET,NO DEFECTS,,FAILING TO YIELD RIGHT-OF-WAY,NOT APPLICABLE,,NONINCAPACITATING INJURY,20,4,41.9684712773,-87.7172528206,2022,35,POINT (-87.7172528206 41.9684712773),,,,,2022-04-29,False,13,Albany Park
6923,30,TRAFFIC SIGNAL,UNKNOWN,CLOUDY/OVERCAST,DAYLIGHT,PEDALCYCLIST,FOUR WAY,STRAIGHT AND LEVEL,WET,NO DEFECTS,Y,UNABLE TO DETERMINE,NOT APPLICABLE,,NONINCAPACITATING INJURY,13,4,41.8995948314,-87.6773037365,2022,30,POINT (-87.6773037365 41.8995948314),,,,,2022-04-30,False,23,West Town
6924,30,UNKNOWN,UNKNOWN,UNKNOWN,UNKNOWN,PEDALCYCLIST,ONE-WAY,STRAIGHT AND LEVEL,UNKNOWN,UNKNOWN,Y,DISREGARDING STOP SIGN,FAILING TO YIELD RIGHT-OF-WAY,,NO INDICATION OF INJURY,15,4,41.9809183554,-87.6650543502,2022,30,POINT (-87.6650543502 41.9809183554),,,,,2022-04-30,False,76,Edgewater
6925,30,NO CONTROLS,NO CONTROLS,CLEAR,DAYLIGHT,PEDALCYCLIST,DIVIDED - W/MEDIAN (NOT RAISED),STRAIGHT AND LEVEL,WET,NO DEFECTS,,IMPROPER LANE USAGE,DRIVING SKILLS/KNOWLEDGE/EXPERIENCE,,NONINCAPACITATING INJURY,17,4,41.8844608314,-87.6277630752,2022,30,POINT (-87.6277630752 41.8844608314),,,,,2022-04-30,False,31,Loop
6926,30,NO CONTROLS,NO CONTROLS,CLEAR,DAYLIGHT,PEDALCYCLIST,NOT DIVIDED,STRAIGHT AND LEVEL,DRY,NO DEFECTS,,FOLLOWING TOO CLOSELY,FOLLOWING TOO CLOSELY,,NONINCAPACITATING INJURY,13,5,41.8398863496,-87.6613336327,2022,30,POINT (-87.6613336327 41.8398863496),,,,,2022-05-01,False,30,Lower West Side
6927,30,TRAFFIC SIGNAL,FUNCTIONING PROPERLY,CLEAR,DAYLIGHT,PEDALCYCLIST,FOUR WAY,STRAIGHT AND LEVEL,DRY,NO DEFECTS,Y,FAILING TO YIELD RIGHT-OF-WAY,"VISION OBSCURED (SIGNS, TREE LIMBS, BUILDINGS, ETC.)",,INCAPACITATING INJURY,14,5,41.8232567625,-87.6657086103,2022,30,POINT (-87.6657086103 41.8232567625),,,,,2022-05-01,True,58,Mckinley Park
6928,15,NO CONTROLS,NO CONTROLS,CLEAR,DAYLIGHT,PEDALCYCLIST,ALLEY,STRAIGHT AND LEVEL,DRY,NO DEFECTS,,UNABLE TO DETERMINE,UNABLE TO DETERMINE,,NONINCAPACITATING INJURY,7,5,41.9424432527,-87.7419490704,2022,15,POINT (-87.7419490704 41.9424432527),,,,,2022-05-02,False,15,Irving Park
6929,30,NO CONTROLS,NO CONTROLS,CLEAR,DAYLIGHT,PEDALCYCLIST,NOT DIVIDED,STRAIGHT AND LEVEL,DRY,NO DEFECTS,,UNABLE TO DETERMINE,UNABLE TO DETERMINE,,NONINCAPACITATING INJURY,12,5,41.9649462141,-87.657347068,2022,30,POINT (-87.657347068 41.9649462141),,,,,2022-05-02,False,2,Uptown
6930,30,NO CONTROLS,NO CONTROLS,CLEAR,DAYLIGHT,PEDALCYCLIST,NOT DIVIDED,STRAIGHT AND LEVEL,DRY,NO DEFECTS,,FAILING TO YIELD RIGHT-OF-WAY,UNABLE TO DETERMINE,,NONINCAPACITATING INJURY,17,5,41.9058847202,-87.6706650851,2022,30,POINT (-87.6706650851 41.9058847202),,,,,2022-05-02,False,23,West Town
6931,30,NO CONTROLS,NO CONTROLS,CLEAR,DAYLIGHT,PEDALCYCLIST,NOT DIVIDED,STRAIGHT AND LEVEL,DRY,NO DEFECTS,,UNABLE TO DETERMINE,UNABLE TO DETERMINE,,NO INDICATION OF INJURY,18,5,41.9417472878,-87.6522986895,2022,30,POINT (-87.6522986895 41.9417472878),,,,,2022-05-02,False,5,Lake View
6932,15,NO CONTROLS,NO CONTROLS,RAIN,DAYLIGHT,PEDALCYCLIST,PARKING LOT,STRAIGHT AND LEVEL,WET,NO DEFECTS,,FAILING TO YIELD RIGHT-OF-WAY,UNABLE TO DETERMINE,,NO INDICATION OF INJURY,10,5,41.6962325277,-87.5958061971,2022,15,POINT (-87.5958061971 41.6962325277),,,,,2022-05-03,False,49,Pullman
6933,20,NO CONTROLS,NO CONTROLS,RAIN,DAYLIGHT,PEDALCYCLIST,ONE-WAY,STRAIGHT AND LEVEL,WET,NO DEFECTS,,UNABLE TO DETERMINE,UNABLE TO DETERMINE,Y,INCAPACITATING INJURY,13,5,41.9378453571,-87.6628645365,2022,20,POINT (-87.6628645365 41.9378453571),,,,,2022-05-03,True,5,Lake View
6934,30,STOP SIGN/FLASHER,FUNCTIONING PROPERLY,RAIN,DAYLIGHT,PEDALCYCLIST,DIVIDED - W/MEDIAN (NOT RAISED),STRAIGHT AND LEVEL,WET,NO DEFECTS,Y,FAILING TO YIELD RIGHT-OF-WAY,UNABLE TO DETERMINE,,NONINCAPACITATING INJURY,17,5,41.9423582661,-87.6661919929,2022,30,POINT (-87.6661919929 41.9423582661),,,,,2022-05-03,False,5,Lake View
6935,25,TRAFFIC SIGNAL,FUNCTIONING PROPERLY,CLEAR,DAYLIGHT,PEDALCYCLIST,NOT DIVIDED,STRAIGHT AND LEVEL,DRY,NO DEFECTS,,FAILING TO REDUCE SPEED TO AVOID CRASH,UNABLE TO DETERMINE,,NONINCAPACITATING INJURY,7,5,41.8846905665,-87.6863829345,2022,25,POINT (-87.6863829345 41.8846905665),,,,,2022-05-04,False,27,Near West Side
6936,30,NO CONTROLS,NO CONTROLS,CLEAR,DAYLIGHT,PEDALCYCLIST,NOT DIVIDED,STRAIGHT AND LEVEL,DRY,NO DEFECTS,,NOT APPLICABLE,NOT APPLICABLE,Y,INCAPACITATING INJURY,8,5,41.9507568785,-87.7129584561,2022,30,POINT (-87.7129584561 41.9507568785),,,,,2022-05-04,True,15,Irving Park
6937,30,UNKNOWN,UNKNOWN,UNKNOWN,UNKNOWN,PEDALCYCLIST,NOT DIVIDED,STRAIGHT AND LEVEL,UNKNOWN,UNKNOWN,,UNABLE TO DETERMINE,NOT APPLICABLE,,NONINCAPACITATING INJURY,12,5,41.9400215214,-87.6994529162,2022,30,POINT (-87.6994529162 41.9400215214),,,,,2022-05-04,False,15,Irving Park
6938,30,TRAFFIC SIGNAL,FUNCTIONING PROPERLY,UNKNOWN,DAYLIGHT,PEDALCYCLIST,FOUR WAY,STRAIGHT AND LEVEL,UNKNOWN,NO DEFECTS,Y,FAILING TO YIELD RIGHT-OF-WAY,DRIVING SKILLS/KNOWLEDGE/EXPERIENCE,,NONINCAPACITATING INJURY,16,5,41.9733921425,-87.6694118885,2022,30,POINT (-87.6694118885 41.9733921425),,,,,2022-05-04,False,2,Uptown
6939,25,NO CONTROLS,NO CONTROLS,CLEAR,DUSK,PEDALCYCLIST,NOT DIVIDED,STRAIGHT AND LEVEL,DRY,NO DEFECTS,,UNABLE TO DETERMINE,UNABLE TO DETERMINE,,NONINCAPACITATING INJURY,19,5,41.9441940039,-87.6540888852,2022,25,POINT (-87.6540888852 41.9441940039),,,,,2022-05-04,False,5,Lake View
6940,35,NO CONTROLS,NO CONTROLS,CLEAR,DUSK,PEDALCYCLIST,NOT DIVIDED,STRAIGHT AND LEVEL,DRY,NO DEFECTS,,UNABLE TO DETERMINE,UNABLE TO DETERMINE,N,FATAL,21,5,41.9503956464,-87.7421513998,2022,35,POINT (-87.7421513998 41.9503956464),,,,,2022-05-04,True,14,Portage Park
6941,30,NO CONTROLS,NO CONTROLS,RAIN,DAYLIGHT,PEDALCYCLIST,NOT DIVIDED,STRAIGHT AND LEVEL,WET,NO DEFECTS,,UNABLE TO DETERMINE,UNABLE TO DETERMINE,,NO INDICATION OF INJURY,13,5,41.9741766284,-87.6683332086,2022,30,POINT (-87.6683332086 41.9741766284),,,,,2022-05-05,False,2,Uptown
6942,30,UNKNOWN,UNKNOWN,UNKNOWN,UNKNOWN,PEDALCYCLIST,NOT DIVIDED,STRAIGHT AND LEVEL,UNKNOWN,UNKNOWN,,UNABLE TO DETERMINE,NOT APPLICABLE,,NONINCAPACITATING INJURY,15,5,41.9094325188,-87.6472428905,2022,30,POINT (-87.6472428905 41.9094325188),,,,,2022-05-05,False,7,Near North Side
6943,30,NO CONTROLS,NO CONTROLS,RAIN,DAYLIGHT,PEDALCYCLIST,DIVIDED - W/MEDIAN (NOT RAISED),STRAIGHT AND LEVEL,WET,NO DEFECTS,,DISREGARDING ROAD MARKINGS,UNABLE TO DETERMINE,,NO INDICATION OF INJURY,9,5,41.9192297513,-87.6915705895,2022,30,POINT (-87.6915705895 41.9192297513),,,,,2022-05-06,False,21,Logan Square
6944,30,NO CONTROLS,NO CONTROLS,UNKNOWN,UNKNOWN,PEDALCYCLIST,NOT DIVIDED,STRAIGHT AND LEVEL,UNKNOWN,UNKNOWN,Y,UNABLE TO DETERMINE,UNABLE TO DETERMINE,,NONINCAPACITATING INJURY,15,5,41.7827553072,-87.7008718354,2022,30,POINT (-87.7008718354 41.7827553072),,,,,2022-05-06,False,65,Chicago Lawn
6945,30,NO CONTROLS,NO CONTROLS,RAIN,DAYLIGHT,PEDALCYCLIST,DIVIDED - W/MEDIAN (NOT RAISED),STRAIGHT AND LEVEL,WET,NO DEFECTS,,UNABLE TO DETERMINE,UNABLE TO DETERMINE,,NONINCAPACITATING INJURY,19,5,41.9306231082,-87.6440113349,2022,30,POINT (-87.6440113349 41.9306231082),,,,,2022-05-06,False,6,Lincoln Park
6946,30,TRAFFIC SIGNAL,FUNCTIONING PROPERLY,CLEAR,"DARKNESS, LIGHTED ROAD",PEDALCYCLIST,FOUR WAY,STRAIGHT AND LEVEL,DRY,NO DEFECTS,Y,IMPROPER TURNING/NO SIGNAL,UNABLE TO DETERMINE,,"REPORTED, NOT EVIDENT",20,5,41.8670455815,-87.6468275,2022,30,POINT (-87.6468275 41.8670455815),,,,,2022-05-06,False,27,Near West Side
6947,30,TRAFFIC SIGNAL,FUNCTIONING PROPERLY,CLEAR,DAYLIGHT,PEDALCYCLIST,FOUR WAY,STRAIGHT AND LEVEL,DRY,NO DEFECTS,Y,UNABLE TO DETERMINE,NOT APPLICABLE,,NONINCAPACITATING INJURY,10,5,41.9758569155,-87.7087436416,2022,30,POINT (-87.7087436416 41.9758569155),,,,,2022-05-07,False,12,North Park
6948,20,STOP SIGN/FLASHER,WORN REFLECTIVE MATERIAL,CLEAR,DAYLIGHT,PEDALCYCLIST,T-INTERSECTION,STRAIGHT AND LEVEL,DRY,WORN SURFACE,Y,DRIVING SKILLS/KNOWLEDGE/EXPERIENCE,UNABLE TO DETERMINE,,NO INDICATION OF INJURY,13,5,41.9935210117,-87.6605229896,2022,20,POINT (-87.6605229896 41.9935210117),,,,,2022-05-07,False,76,Edgewater
6949,30,UNKNOWN,UNKNOWN,CLEAR,DAYLIGHT,PEDALCYCLIST,NOT DIVIDED,STRAIGHT AND LEVEL,DRY,UNKNOWN,,IMPROPER OVERTAKING/PASSING,NOT APPLICABLE,,NO INDICATION OF INJURY,13,5,41.9057525994,-87.6704594973,2022,30,POINT (-87.6704594973 41.9057525994),,,,,2022-05-07,False,23,West Town
6950,30,NO CONTROLS,NO CONTROLS,CLEAR,DAYLIGHT,PEDALCYCLIST,DIVIDED - W/MEDIAN (NOT RAISED),STRAIGHT AND LEVEL,DRY,NO DEFECTS,,FAILING TO REDUCE SPEED TO AVOID CRASH,NOT APPLICABLE,,INCAPACITATING INJURY,14,5,41.9312664548,-87.6862720477,2022,30,POINT (-87.6862720477 41.9312664548),,,,,2022-05-07,True,21,Logan Square
6951,30,TRAFFIC SIGNAL,FUNCTIONING PROPERLY,CLEAR,DAYLIGHT,PEDALCYCLIST,NOT DIVIDED,STRAIGHT AND LEVEL,DRY,NO DEFECTS,Y,FAILING TO YIELD RIGHT-OF-WAY,UNABLE TO DETERMINE,,NONINCAPACITATING INJURY,18,5,41.9039624962,-87.6345551206,2022,30,POINT (-87.6345551206 41.9039624962),,,,,2022-05-07,False,7,Near North Side
6952,30,NO CONTROLS,NO CONTROLS,UNKNOWN,UNKNOWN,PEDALCYCLIST,NOT DIVIDED,STRAIGHT AND LEVEL,UNKNOWN,UNKNOWN,,UNABLE TO DETERMINE,NOT APPLICABLE,Y,INCAPACITATING INJURY,18,5,41.8961057307,-87.6719477136,2022,30,POINT (-87.6719477136 41.8961057307),,,,,2022-05-07,True,23,West Town
6953,30,TRAFFIC SIGNAL,FUNCTIONING PROPERLY,CLEAR,DAWN,PEDALCYCLIST,NOT DIVIDED,STRAIGHT AND LEVEL,DRY,UNKNOWN,,UNABLE TO DETERMINE,UNABLE TO DETERMINE,,NO INDICATION OF INJURY,18,5,41.8961057307,-87.6719477136,2022,30,POINT (-87.6719477136 41.8961057307),,,,,2022-05-07,False,23,West Town
6954,25,TRAFFIC SIGNAL,FUNCTIONING PROPERLY,CLEAR,DUSK,PEDALCYCLIST,FOUR WAY,STRAIGHT AND LEVEL,DRY,NO DEFECTS,Y,UNABLE TO DETERMINE,UNABLE TO DETERMINE,,NONINCAPACITATING INJURY,18,5,41.8958549211,-87.6867234008,2022,25,POINT (-87.6867234008 41.8958549211),,,,,2022-05-07,False,23,West Town
6955,30,NO CONTROLS,NO CONTROLS,CLEAR,"DARKNESS, LIGHTED ROAD",PEDALCYCLIST,NOT DIVIDED,STRAIGHT AND LEVEL,DRY,NO DEFECTS,,UNABLE TO DETERMINE,UNABLE TO DETERMINE,,NONINCAPACITATING INJURY,0,5,41.9089956151,-87.6755316565,2022,30,POINT (-87.6755316565 41.9089956151),,,,,2022-05-08,False,23,West Town