Unnamed: 0,POSTED_SPEED_LIMIT,TRAFFIC_CONTROL_DEVICE,DEVICE_CONDITION,WEATHER_CONDITION,LIGHTING_CONDITION,FIRST_CRASH_TYPE,TRAFFICWAY_TYPE,ALIGNMENT,ROADWAY_SURFACE_COND,ROAD_DEFECT,INTERSECTION_RELATED_I,PRIM_CONTRIBUTORY_CAUSE,SEC_CONTRIBUTORY_CAUSE,DOORING_I,MOST_SEVERE_INJURY,CRASH_HOUR,CRASH_MONTH,LATITUDE,LONGITUDE,CRASH_YEAR,SPEED_LIMIT,geometry,DISPLAYROU,the_geom,DIST,LANE_TYPE,CRASH_DATE,is_severe,index_right,CArea
6956,35,STOP SIGN/FLASHER,FUNCTIONING PROPERLY,CLEAR,DAYLIGHT,PEDALCYCLIST,FOUR WAY,STRAIGHT AND LEVEL,DRY,NO DEFECTS,Y,IMPROPER TURNING/NO SIGNAL,UNABLE TO DETERMINE,,"REPORTED, NOT EVIDENT",11,5,41.7802113218,-87.6157682918,2022,35,POINT (-87.6157682918 41.7802113218),,,,,2022-05-08,False,39,Washington Park
6957,30,TRAFFIC SIGNAL,FUNCTIONING PROPERLY,CLEAR,DAYLIGHT,PEDALCYCLIST,NOT DIVIDED,STRAIGHT AND LEVEL,DRY,NO DEFECTS,Y,UNABLE TO DETERMINE,NOT APPLICABLE,,NONINCAPACITATING INJURY,15,5,41.9102485012,-87.6847187938,2022,30,POINT (-87.6847187938 41.9102485012),,,,,2022-05-08,False,23,West Town
6958,30,TRAFFIC SIGNAL,FUNCTIONING PROPERLY,CLEAR,"DARKNESS, LIGHTED ROAD",PEDALCYCLIST,NOT DIVIDED,STRAIGHT AND LEVEL,DRY,NO DEFECTS,Y,DISREGARDING TRAFFIC SIGNALS,UNABLE TO DETERMINE,,"REPORTED, NOT EVIDENT",23,5,41.8832549278,-87.6768151659,2022,30,POINT (-87.6768151659 41.8832549278),,,,,2022-05-08,False,27,Near West Side
6959,30,TRAFFIC SIGNAL,UNKNOWN,CLEAR,DAYLIGHT,PEDALCYCLIST,NOT DIVIDED,STRAIGHT AND LEVEL,DRY,NO DEFECTS,,FAILING TO YIELD RIGHT-OF-WAY,NOT APPLICABLE,,NO INDICATION OF INJURY,13,5,41.9205937843,-87.702180392,2022,30,POINT (-87.702180392 41.9205937843),,,,,2022-05-09,False,21,Logan Square
6960,30,TRAFFIC SIGNAL,FUNCTIONING PROPERLY,CLEAR,DAYLIGHT,PEDALCYCLIST,DIVIDED - W/MEDIAN (NOT RAISED),STRAIGHT AND LEVEL,DRY,NO DEFECTS,Y,BICYCLE ADVANCING LEGALLY ON RED LIGHT,DISREGARDING TRAFFIC SIGNALS,,INCAPACITATING INJURY,17,5,41.7530131268,-87.6053930447,2022,30,POINT (-87.6053930447 41.7530131268),,,,,2022-05-09,True,68,Grand Crossing
6961,30,TRAFFIC SIGNAL,FUNCTIONING PROPERLY,CLEAR,DAYLIGHT,PEDALCYCLIST,FOUR WAY,STRAIGHT AND LEVEL,DRY,NO DEFECTS,Y,FAILING TO YIELD RIGHT-OF-WAY,FAILING TO YIELD RIGHT-OF-WAY,,INCAPACITATING INJURY,19,5,41.8957962445,-87.6549535956,2022,30,POINT (-87.6549535956 41.8957962445),,,,,2022-05-09,True,7,Near North Side
6962,35,TRAFFIC SIGNAL,FUNCTIONING PROPERLY,CLEAR,"DARKNESS, LIGHTED ROAD",PEDALCYCLIST,NOT DIVIDED,STRAIGHT AND LEVEL,DRY,NO DEFECTS,Y,UNABLE TO DETERMINE,UNABLE TO DETERMINE,,NONINCAPACITATING INJURY,21,5,41.9540567135,-87.688614472,2022,35,POINT (-87.688614472 41.9540567135),,,,,2022-05-09,False,4,North Center
6963,30,TRAFFIC SIGNAL,FUNCTIONING PROPERLY,CLEAR,DAYLIGHT,PEDALCYCLIST,FOUR WAY,STRAIGHT AND LEVEL,DRY,NO DEFECTS,Y,IMPROPER TURNING/NO SIGNAL,FAILING TO YIELD RIGHT-OF-WAY,,NONINCAPACITATING INJURY,15,5,41.9648709914,-87.6859329953,2022,30,POINT (-87.6859329953 41.9648709914),,,,,2022-05-10,False,3,Lincoln Square
6964,30,NO CONTROLS,NO CONTROLS,CLEAR,DAYLIGHT,PEDALCYCLIST,NOT DIVIDED,STRAIGHT AND LEVEL,DRY,NO DEFECTS,,IMPROPER OVERTAKING/PASSING,NOT APPLICABLE,,INCAPACITATING INJURY,15,5,41.8186708075,-87.6970063812,2022,30,POINT (-87.6970063812 41.8186708075),,,,,2022-05-10,True,57,Brighton Park
6965,30,NO CONTROLS,NO CONTROLS,CLEAR,DAYLIGHT,PEDALCYCLIST,NOT DIVIDED,STRAIGHT AND LEVEL,DRY,NO DEFECTS,,UNABLE TO DETERMINE,"VISION OBSCURED (SIGNS, TREE LIMBS, BUILDINGS, ETC.)",,NONINCAPACITATING INJURY,17,5,41.9313053726,-87.7553021727,2022,30,POINT (-87.7553021727 41.9313053726),,,,,2022-05-10,False,18,Belmont Cragin
6966,30,NO CONTROLS,NO CONTROLS,CLEAR,DAYLIGHT,PEDALCYCLIST,DIVIDED - W/MEDIAN (NOT RAISED),STRAIGHT AND LEVEL,DRY,NO DEFECTS,,NOT APPLICABLE,NOT APPLICABLE,,NO INDICATION OF INJURY,17,5,41.9158003569,-87.6774303555,2022,30,POINT (-87.6774303555 41.9158003569),,,,,2022-05-10,False,6,Lincoln Park
6967,30,NO CONTROLS,NO CONTROLS,CLEAR,DAYLIGHT,PEDALCYCLIST,NOT DIVIDED,STRAIGHT AND LEVEL,DRY,NO DEFECTS,,FAILING TO YIELD RIGHT-OF-WAY,FAILING TO YIELD RIGHT-OF-WAY,,NONINCAPACITATING INJURY,8,5,41.9315731747,-87.7023617905,2022,30,POINT (-87.7023617905 41.9315731747),,,,,2022-05-11,False,21,Logan Square
6968,30,STOP SIGN/FLASHER,FUNCTIONING PROPERLY,CLEAR,DAYLIGHT,PEDALCYCLIST,ONE-WAY,STRAIGHT AND LEVEL,DRY,NO DEFECTS,,FAILING TO REDUCE SPEED TO AVOID CRASH,FAILING TO YIELD RIGHT-OF-WAY,,NONINCAPACITATING INJURY,8,5,41.9319266239,-87.7234350232,2022,30,POINT (-87.7234350232 41.9319266239),,,,,2022-05-11,False,19,Hermosa
6969,30,NO CONTROLS,NO CONTROLS,CLEAR,DAYLIGHT,PEDALCYCLIST,FOUR WAY,STRAIGHT AND LEVEL,DRY,NO DEFECTS,Y,FAILING TO YIELD RIGHT-OF-WAY,IMPROPER OVERTAKING/PASSING,,NONINCAPACITATING INJURY,9,5,42.0053184893,-87.6800637638,2022,30,POINT (-87.6800637638 42.0053184893),,,,,2022-05-11,False,0,Rogers Park
6970,30,NO CONTROLS,NO CONTROLS,CLEAR,DAYLIGHT,PEDALCYCLIST,NOT DIVIDED,STRAIGHT AND LEVEL,DRY,NO DEFECTS,,FAILING TO YIELD RIGHT-OF-WAY,FAILING TO REDUCE SPEED TO AVOID CRASH,,NO INDICATION OF INJURY,9,5,41.6994173999,-87.6779127503,2022,30,POINT (-87.6779127503 41.6994173999),,,,,2022-05-11,False,71,Beverly
6971,25,NO CONTROLS,NO CONTROLS,CLEAR,DAYLIGHT,PEDALCYCLIST,FOUR WAY,STRAIGHT AND LEVEL,DRY,NO DEFECTS,,UNABLE TO DETERMINE,UNABLE TO DETERMINE,,NONINCAPACITATING INJURY,9,5,41.8569414554,-87.7250549142,2022,25,POINT (-87.7250549142 41.8569414554),,,,,2022-05-11,False,28,North Lawndale
6972,25,STOP SIGN/FLASHER,FUNCTIONING PROPERLY,CLEAR,DAYLIGHT,PEDALCYCLIST,NOT DIVIDED,STRAIGHT AND LEVEL,DRY,NO DEFECTS,Y,FAILING TO YIELD RIGHT-OF-WAY,NOT APPLICABLE,,NONINCAPACITATING INJURY,12,5,41.9619675626,-87.7819052293,2022,25,POINT (-87.7819052293 41.9619675626),,,,,2022-05-11,False,14,Portage Park
6973,30,UNKNOWN,UNKNOWN,UNKNOWN,UNKNOWN,PEDALCYCLIST,NOT DIVIDED,STRAIGHT AND LEVEL,UNKNOWN,UNKNOWN,N,NOT APPLICABLE,NOT APPLICABLE,,NO INDICATION OF INJURY,14,5,41.9982179205,-87.6606952556,2022,30,POINT (-87.6606952556 41.9982179205),,,,,2022-05-11,False,0,Rogers Park
6974,30,STOP SIGN/FLASHER,FUNCTIONING PROPERLY,CLEAR,DAYLIGHT,PEDALCYCLIST,UNKNOWN INTERSECTION TYPE,STRAIGHT AND LEVEL,DRY,NO DEFECTS,Y,FAILING TO YIELD RIGHT-OF-WAY,IMPROPER TURNING/NO SIGNAL,,NONINCAPACITATING INJURY,16,5,41.6917314921,-87.6962117206,2022,30,POINT (-87.6962117206 41.6917314921),,,,,2022-05-11,False,73,Mount Greenwood
6975,30,TRAFFIC SIGNAL,FUNCTIONING PROPERLY,CLEAR,DAYLIGHT,PEDALCYCLIST,FOUR WAY,STRAIGHT AND LEVEL,DRY,NO DEFECTS,N,UNABLE TO DETERMINE,FAILING TO YIELD RIGHT-OF-WAY,N,NONINCAPACITATING INJURY,18,5,41.9286697899,-87.6879222355,2022,30,POINT (-87.6879222355 41.9286697899),,,,,2022-05-11,False,21,Logan Square
6976,30,STOP SIGN/FLASHER,FUNCTIONING PROPERLY,CLEAR,DAYLIGHT,PEDALCYCLIST,NOT DIVIDED,STRAIGHT AND LEVEL,UNKNOWN,UNKNOWN,,UNABLE TO DETERMINE,NOT APPLICABLE,,NONINCAPACITATING INJURY,19,5,42.0210860452,-87.6729319539,2022,30,POINT (-87.6729319539 42.0210860452),,,,,2022-05-11,False,0,Rogers Park
6977,30,NO CONTROLS,UNKNOWN,CLEAR,DARKNESS,PEDALCYCLIST,DIVIDED - W/MEDIAN (NOT RAISED),STRAIGHT AND LEVEL,DRY,UNKNOWN,,"OPERATING VEHICLE IN ERRATIC, RECKLESS, CARELESS, NEGLIGENT OR AGGRESSIVE MANNER",NOT APPLICABLE,,NONINCAPACITATING INJURY,19,5,42.0125284026,-87.6745195325,2022,30,POINT (-87.6745195325 42.0125284026),,,,,2022-05-11,False,0,Rogers Park
6978,30,STOP SIGN/FLASHER,FUNCTIONING PROPERLY,CLEAR,DAYLIGHT,PEDALCYCLIST,NOT DIVIDED,STRAIGHT AND LEVEL,DRY,UNKNOWN,Y,FAILING TO YIELD RIGHT-OF-WAY,NOT APPLICABLE,,NONINCAPACITATING INJURY,6,5,41.9217073212,-87.6633475587,2022,30,POINT (-87.6633475587 41.9217073212),,,,,2022-05-12,False,6,Lincoln Park
6979,25,STOP SIGN/FLASHER,OTHER,CLEAR,DAYLIGHT,PEDALCYCLIST,ONE-WAY,STRAIGHT AND LEVEL,UNKNOWN,UNKNOWN,,FAILING TO YIELD RIGHT-OF-WAY,NOT APPLICABLE,,NONINCAPACITATING INJURY,8,5,41.9521607679,-87.7117715441,2022,25,POINT (-87.7117715441 41.9521607679),,,,,2022-05-12,False,15,Irving Park
6980,30,NO CONTROLS,NO CONTROLS,CLEAR,DAYLIGHT,PEDALCYCLIST,PARKING LOT,STRAIGHT AND LEVEL,DRY,NO DEFECTS,,UNABLE TO DETERMINE,UNABLE TO DETERMINE,,NO INDICATION OF INJURY,8,5,41.9475821939,-87.7104604701,2022,30,POINT (-87.7104604701 41.9475821939),,,,,2022-05-12,False,15,Irving Park
6981,30,STOP SIGN/FLASHER,FUNCTIONING PROPERLY,CLEAR,DAYLIGHT,PEDALCYCLIST,DIVIDED - W/MEDIAN (NOT RAISED),STRAIGHT AND LEVEL,DRY,NO DEFECTS,,FAILING TO YIELD RIGHT-OF-WAY,NOT APPLICABLE,,NONINCAPACITATING INJURY,10,5,41.9227572969,-87.6851518463,2022,30,POINT (-87.6851518463 41.9227572969),,,,,2022-05-12,False,21,Logan Square
6982,30,TRAFFIC SIGNAL,FUNCTIONING PROPERLY,CLEAR,DAYLIGHT,PEDALCYCLIST,"FIVE POINT, OR MORE",STRAIGHT AND LEVEL,DRY,NO DEFECTS,Y,FAILING TO YIELD RIGHT-OF-WAY,FAILING TO YIELD RIGHT-OF-WAY,,NONINCAPACITATING INJURY,11,5,41.9314137597,-87.6769286224,2022,30,POINT (-87.6769286224 41.9314137597),,,,,2022-05-12,False,6,Lincoln Park
6983,30,NO CONTROLS,NO CONTROLS,CLEAR,DAYLIGHT,PEDALCYCLIST,ALLEY,STRAIGHT AND LEVEL,DRY,NO DEFECTS,,UNABLE TO DETERMINE,FAILING TO YIELD RIGHT-OF-WAY,,NO INDICATION OF INJURY,15,5,41.9687631749,-87.6701851412,2022,30,POINT (-87.6701851412 41.9687631749),,,,,2022-05-12,False,2,Uptown
6984,30,NO CONTROLS,NO CONTROLS,CLEAR,DAYLIGHT,PEDALCYCLIST,NOT DIVIDED,STRAIGHT AND LEVEL,DRY,UNKNOWN,,NOT APPLICABLE,NOT APPLICABLE,,INCAPACITATING INJURY,17,5,41.6632463138,-87.6391512447,2022,30,POINT (-87.6391512447 41.6632463138),,,,,2022-05-12,True,52,West Pullman
6985,30,STOP SIGN/FLASHER,FUNCTIONING PROPERLY,CLEAR,DAYLIGHT,PEDALCYCLIST,OTHER,STRAIGHT AND LEVEL,DRY,UNKNOWN,,FOLLOWING TOO CLOSELY,UNABLE TO DETERMINE,,NO INDICATION OF INJURY,17,5,41.9694947259,-87.6479472101,2022,30,POINT (-87.6479472101 41.9694947259),,,,,2022-05-12,False,2,Uptown
6986,35,NO CONTROLS,NO CONTROLS,CLEAR,DAYLIGHT,PEDALCYCLIST,ONE-WAY,STRAIGHT AND LEVEL,UNKNOWN,UNKNOWN,,FAILING TO YIELD RIGHT-OF-WAY,NOT APPLICABLE,N,"REPORTED, NOT EVIDENT",17,5,41.8911859048,-87.6163165333,2022,35,POINT (-87.6163165333 41.8911859048),,,,,2022-05-12,False,7,Near North Side
6987,30,NO CONTROLS,NO CONTROLS,CLEAR,UNKNOWN,PEDALCYCLIST,DIVIDED - W/MEDIAN (NOT RAISED),STRAIGHT AND LEVEL,UNKNOWN,UNKNOWN,,UNABLE TO DETERMINE,NOT APPLICABLE,Y,NO INDICATION OF INJURY,18,5,41.9249661791,-87.639926019,2022,30,POINT (-87.639926019 41.9249661791),,,,,2022-05-12,False,6,Lincoln Park
6988,30,NO CONTROLS,NO CONTROLS,CLEAR,DAYLIGHT,PEDALCYCLIST,NOT DIVIDED,STRAIGHT AND LEVEL,DRY,NO DEFECTS,,IMPROPER OVERTAKING/PASSING,NOT APPLICABLE,,"REPORTED, NOT EVIDENT",19,5,41.7799333557,-87.640066904,2022,30,POINT (-87.640066904 41.7799333557),,,,,2022-05-12,False,67,Englewood
6989,30,TRAFFIC SIGNAL,FUNCTIONING PROPERLY,CLEAR,"DARKNESS, LIGHTED ROAD",PEDALCYCLIST,DIVIDED - W/MEDIAN BARRIER,STRAIGHT AND LEVEL,DRY,NO DEFECTS,Y,FAILING TO YIELD RIGHT-OF-WAY,UNABLE TO DETERMINE,,"REPORTED, NOT EVIDENT",20,5,41.8732231872,-87.6243487329,2022,30,POINT (-87.6243487329 41.8732231872),,,,,2022-05-12,False,31,Loop
6990,30,NO CONTROLS,NO CONTROLS,CLEAR,"DARKNESS, LIGHTED ROAD",PEDALCYCLIST,NOT DIVIDED,STRAIGHT AND LEVEL,DRY,NO DEFECTS,,"OPERATING VEHICLE IN ERRATIC, RECKLESS, CARELESS, NEGLIGENT OR AGGRESSIVE MANNER",IMPROPER OVERTAKING/PASSING,,INCAPACITATING INJURY,21,5,41.7612249326,-87.6638335374,2022,30,POINT (-87.6638335374 41.7612249326),,,,,2022-05-12,True,66,Englewood
6991,25,TRAFFIC SIGNAL,UNKNOWN,CLEAR,"DARKNESS, LIGHTED ROAD",PEDALCYCLIST,FOUR WAY,STRAIGHT AND LEVEL,DRY,UNKNOWN,Y,UNABLE TO DETERMINE,UNABLE TO DETERMINE,,NONINCAPACITATING INJURY,23,5,41.8844061291,-87.6245960444,2022,25,POINT (-87.6245960444 41.8844061291),,,,,2022-05-12,False,31,Loop
6992,35,NO CONTROLS,NO CONTROLS,CLEAR,"DARKNESS, LIGHTED ROAD",PEDALCYCLIST,NOT DIVIDED,STRAIGHT AND LEVEL,DRY,NO DEFECTS,,IMPROPER TURNING/NO SIGNAL,NOT APPLICABLE,N,NO INDICATION OF INJURY,0,5,41.9252370822,-87.7009227423,2022,35,POINT (-87.7009227423 41.9252370822),,,,,2022-05-13,False,21,Logan Square
6993,30,NO CONTROLS,NO CONTROLS,CLEAR,DAYLIGHT,PEDALCYCLIST,NOT DIVIDED,STRAIGHT AND LEVEL,DRY,NO DEFECTS,,UNABLE TO DETERMINE,UNABLE TO DETERMINE,,NONINCAPACITATING INJURY,11,5,41.9803590356,-87.6681712431,2022,30,POINT (-87.6681712431 41.9803590356),,,,,2022-05-13,False,76,Edgewater
6994,30,NO CONTROLS,NO CONTROLS,CLEAR,DAYLIGHT,PEDALCYCLIST,NOT DIVIDED,STRAIGHT AND LEVEL,DRY,NO DEFECTS,,IMPROPER TURNING/NO SIGNAL,NOT APPLICABLE,,NO INDICATION OF INJURY,13,5,41.9089269325,-87.677273998,2022,30,POINT (-87.677273998 41.9089269325),,,,,2022-05-13,False,23,West Town
6995,30,TRAFFIC SIGNAL,FUNCTIONING PROPERLY,CLEAR,DAYLIGHT,PEDALCYCLIST,NOT DIVIDED,STRAIGHT AND LEVEL,DRY,NO DEFECTS,Y,FAILING TO YIELD RIGHT-OF-WAY,NOT APPLICABLE,,NONINCAPACITATING INJURY,16,5,41.8530297191,-87.6347447606,2022,30,POINT (-87.6347447606 41.8530297191),,,,,2022-05-13,False,32,Near South Side
6996,30,NO CONTROLS,NO CONTROLS,CLEAR,DAYLIGHT,PEDALCYCLIST,NOT DIVIDED,STRAIGHT AND LEVEL,DRY,NO DEFECTS,,FAILING TO YIELD RIGHT-OF-WAY,NOT APPLICABLE,,NONINCAPACITATING INJURY,16,5,41.9254066361,-87.6580621839,2022,30,POINT (-87.6580621839 41.9254066361),,,,,2022-05-13,False,6,Lincoln Park
6997,25,TRAFFIC SIGNAL,FUNCTIONING PROPERLY,CLEAR,DAYLIGHT,PEDALCYCLIST,FOUR WAY,STRAIGHT AND LEVEL,DRY,NO DEFECTS,Y,IMPROPER TURNING/NO SIGNAL,NOT APPLICABLE,,NONINCAPACITATING INJURY,19,5,41.9890746826,-87.6700748053,2022,25,POINT (-87.6700748053 41.9890746826),,,,,2022-05-13,False,76,Edgewater
6998,30,TRAFFIC SIGNAL,FUNCTIONING PROPERLY,CLEAR,"DARKNESS, LIGHTED ROAD",PEDALCYCLIST,NOT DIVIDED,STRAIGHT AND LEVEL,DRY,NO DEFECTS,Y,IMPROPER TURNING/NO SIGNAL,FAILING TO YIELD RIGHT-OF-WAY,,NO INDICATION OF INJURY,1,5,41.9318685231,-87.7123702667,2022,30,POINT (-87.7123702667 41.9318685231),,,,,2022-05-14,False,20,Avondale
6999,30,TRAFFIC SIGNAL,FUNCTIONING PROPERLY,CLEAR,DAYLIGHT,PEDALCYCLIST,FOUR WAY,STRAIGHT AND LEVEL,DRY,UNKNOWN,Y,UNABLE TO DETERMINE,UNABLE TO DETERMINE,,INCAPACITATING INJURY,8,5,41.7588777413,-87.5856824409,2022,30,POINT (-87.5856824409 41.7588777413),,,,,2022-05-14,True,42,South Shore
7000,30,STOP SIGN/FLASHER,FUNCTIONING PROPERLY,CLEAR,DAYLIGHT,PEDALCYCLIST,NOT DIVIDED,STRAIGHT AND LEVEL,DRY,NO DEFECTS,,IMPROPER TURNING/NO SIGNAL,IMPROPER TURNING/NO SIGNAL,,"REPORTED, NOT EVIDENT",14,5,41.7995778336,-87.5954321093,2022,30,POINT (-87.5954321093 41.7995778336),,,,,2022-05-14,False,40,Hyde Park
7001,30,STOP SIGN/FLASHER,FUNCTIONING PROPERLY,CLEAR,DAYLIGHT,PEDALCYCLIST,FOUR WAY,STRAIGHT AND LEVEL,DRY,NO DEFECTS,Y,FAILING TO YIELD RIGHT-OF-WAY,FAILING TO REDUCE SPEED TO AVOID CRASH,,NONINCAPACITATING INJURY,18,5,41.8568521043,-87.6419351264,2022,30,POINT (-87.6419351264 41.8568521043),,,,,2022-05-14,False,30,Lower West Side
7002,30,TRAFFIC SIGNAL,UNKNOWN,CLEAR,DAYLIGHT,PEDALCYCLIST,NOT DIVIDED,STRAIGHT AND LEVEL,DRY,UNKNOWN,Y,UNABLE TO DETERMINE,NOT APPLICABLE,,NO INDICATION OF INJURY,19,5,41.9386577771,-87.7565408693,2022,30,POINT (-87.7565408693 41.9386577771),,,,,2022-05-14,False,14,Portage Park
7003,35,TRAFFIC SIGNAL,FUNCTIONING PROPERLY,CLEAR,"DARKNESS, LIGHTED ROAD",PEDALCYCLIST,CENTER TURN LANE,STRAIGHT AND LEVEL,DRY,NO DEFECTS,Y,FOLLOWING TOO CLOSELY,NOT APPLICABLE,,NONINCAPACITATING INJURY,20,5,41.917649426,-87.6775562835,2022,35,POINT (-87.6775562835 41.917649426),,,,,2022-05-14,False,6,Lincoln Park
7004,30,NO CONTROLS,NO CONTROLS,CLEAR,"DARKNESS, LIGHTED ROAD",PEDALCYCLIST,NOT DIVIDED,STRAIGHT AND LEVEL,DRY,NO DEFECTS,,"OPERATING VEHICLE IN ERRATIC, RECKLESS, CARELESS, NEGLIGENT OR AGGRESSIVE MANNER",NOT APPLICABLE,,NONINCAPACITATING INJURY,22,5,41.8596276994,-87.7104993729,2022,30,POINT (-87.7104993729 41.8596276994),,,,,2022-05-14,False,28,North Lawndale
7005,30,NO CONTROLS,NO CONTROLS,CLEAR,"DARKNESS, LIGHTED ROAD",PEDALCYCLIST,DIVIDED - W/MEDIAN (NOT RAISED),STRAIGHT AND LEVEL,DRY,NO DEFECTS,,UNABLE TO DETERMINE,UNABLE TO DETERMINE,,NONINCAPACITATING INJURY,22,5,41.7365889052,-87.6162219912,2022,30,POINT (-87.6162219912 41.7365889052),,,,,2022-05-14,False,43,Chatham
7006,20,STOP SIGN/FLASHER,FUNCTIONING PROPERLY,CLEAR,"DARKNESS, LIGHTED ROAD",PEDALCYCLIST,DIVIDED - W/MEDIAN (NOT RAISED),STRAIGHT AND LEVEL,DRY,NO DEFECTS,Y,DISREGARDING TRAFFIC SIGNALS,FAILING TO YIELD RIGHT-OF-WAY,,NONINCAPACITATING INJURY,2,5,41.9160934267,-87.6752148716,2022,20,POINT (-87.6752148716 41.9160934267),,,,,2022-05-15,False,6,Lincoln Park
7007,30,NO CONTROLS,NO CONTROLS,CLEAR,"DARKNESS, LIGHTED ROAD",PEDALCYCLIST,NOT DIVIDED,STRAIGHT AND LEVEL,DRY,NO DEFECTS,,FOLLOWING TOO CLOSELY,NOT APPLICABLE,,NO INDICATION OF INJURY,2,5,41.903951814,-87.6353198029,2022,30,POINT (-87.6353198029 41.903951814),,,,,2022-05-15,False,7,Near North Side
7008,25,STOP SIGN/FLASHER,FUNCTIONING PROPERLY,CLEAR,DAYLIGHT,PEDALCYCLIST,ONE-WAY,STRAIGHT AND LEVEL,DRY,NO DEFECTS,,DRIVING ON WRONG SIDE/WRONG WAY,FAILING TO REDUCE SPEED TO AVOID CRASH,,NONINCAPACITATING INJURY,15,5,41.9054842958,-87.7265112534,2022,25,POINT (-87.7265112534 41.9054842958),,,,,2022-05-15,False,22,Humboldt Park
7009,30,NO CONTROLS,NO CONTROLS,CLEAR,DAYLIGHT,PEDALCYCLIST,DIVIDED - W/MEDIAN (NOT RAISED),STRAIGHT AND LEVEL,DRY,NO DEFECTS,,UNABLE TO DETERMINE,UNABLE TO DETERMINE,,INCAPACITATING INJURY,15,5,41.9653641767,-87.6678795176,2022,30,POINT (-87.6678795176 41.9653641767),,,,,2022-05-15,True,2,Uptown
7010,30,NO CONTROLS,NO CONTROLS,CLEAR,DAYLIGHT,PEDALCYCLIST,NOT DIVIDED,STRAIGHT AND LEVEL,DRY,NO DEFECTS,,UNABLE TO DETERMINE,NOT APPLICABLE,,NONINCAPACITATING INJURY,16,5,41.9186596842,-87.6680382356,2022,30,POINT (-87.6680382356 41.9186596842),,,,,2022-05-15,False,6,Lincoln Park
7011,30,NO CONTROLS,NO CONTROLS,CLEAR,DAYLIGHT,PEDALCYCLIST,TRAFFIC ROUTE,STRAIGHT AND LEVEL,DRY,NO DEFECTS,Y,FAILING TO YIELD RIGHT-OF-WAY,UNABLE TO DETERMINE,,NONINCAPACITATING INJURY,16,5,41.9462959878,-87.7248954152,2022,30,POINT (-87.7248954152 41.9462959878),,,,,2022-05-15,False,15,Irving Park
7012,30,NO CONTROLS,NO CONTROLS,CLEAR,DAYLIGHT,PEDALCYCLIST,NOT DIVIDED,STRAIGHT AND LEVEL,DRY,NO DEFECTS,,FOLLOWING TOO CLOSELY,UNABLE TO DETERMINE,,NO INDICATION OF INJURY,6,5,41.875036267,-87.6766345774,2022,30,POINT (-87.6766345774 41.875036267),,,,,2022-05-16,False,27,Near West Side
7013,30,NO CONTROLS,NO CONTROLS,CLEAR,DAYLIGHT,PEDALCYCLIST,DIVIDED - W/MEDIAN (NOT RAISED),STRAIGHT AND LEVEL,DRY,NO DEFECTS,,UNABLE TO DETERMINE,UNABLE TO DETERMINE,Y,"REPORTED, NOT EVIDENT",9,5,41.879942323,-87.6474527438,2022,30,POINT (-87.6474527438 41.879942323),,,,,2022-05-16,False,27,Near West Side
7014,30,NO CONTROLS,NO CONTROLS,CLEAR,DAYLIGHT,PEDALCYCLIST,DIVIDED - W/MEDIAN (NOT RAISED),STRAIGHT AND LEVEL,DRY,NO DEFECTS,,NOT APPLICABLE,NOT APPLICABLE,Y,NONINCAPACITATING INJURY,10,5,41.9662196297,-87.6667870067,2022,30,POINT (-87.6667870067 41.9662196297),,,,,2022-05-16,False,2,Uptown
7015,15,NO CONTROLS,NO CONTROLS,CLEAR,DAYLIGHT,PEDALCYCLIST,ALLEY,STRAIGHT AND LEVEL,DRY,UNKNOWN,,UNABLE TO DETERMINE,UNABLE TO DETERMINE,,NO INDICATION OF INJURY,15,5,41.955623216,-87.6886613104,2022,15,POINT (-87.6886613104 41.955623216),,,,,2022-05-16,False,4,North Center
7016,35,NO CONTROLS,NO CONTROLS,CLEAR,DAYLIGHT,PEDALCYCLIST,NOT DIVIDED,STRAIGHT AND LEVEL,DRY,NO DEFECTS,,UNABLE TO DETERMINE,UNABLE TO DETERMINE,Y,NONINCAPACITATING INJURY,16,5,41.9126581471,-87.6776602876,2022,35,POINT (-87.6776602876 41.9126581471),,,,,2022-05-16,False,6,Lincoln Park
7017,30,UNKNOWN,UNKNOWN,CLEAR,DAYLIGHT,PEDALCYCLIST,RAMP,STRAIGHT AND LEVEL,DRY,UNKNOWN,,UNABLE TO DETERMINE,NOT APPLICABLE,,NO INDICATION OF INJURY,16,5,41.9322204765,-87.6949245144,2022,30,POINT (-87.6949245144 41.9322204765),,,,,2022-05-16,False,20,Avondale
7018,35,UNKNOWN,UNKNOWN,CLEAR,DAYLIGHT,PEDALCYCLIST,NOT DIVIDED,STRAIGHT AND LEVEL,DRY,UNKNOWN,,FAILING TO YIELD RIGHT-OF-WAY,UNABLE TO DETERMINE,,NONINCAPACITATING INJURY,17,5,41.9941811771,-87.6899142192,2022,35,POINT (-87.6899142192 41.9941811771),,,,,2022-05-16,False,1,West Ridge
7019,30,NO CONTROLS,NO CONTROLS,CLEAR,DAYLIGHT,PEDALCYCLIST,NOT DIVIDED,STRAIGHT AND LEVEL,DRY,NO DEFECTS,,UNABLE TO DETERMINE,NOT APPLICABLE,Y,NO INDICATION OF INJURY,18,5,41.8084417434,-87.6704339238,2022,30,POINT (-87.6704339238 41.8084417434),,,,,2022-05-16,False,60,New City