Unnamed: 0,POSTED_SPEED_LIMIT,TRAFFIC_CONTROL_DEVICE,DEVICE_CONDITION,WEATHER_CONDITION,LIGHTING_CONDITION,FIRST_CRASH_TYPE,TRAFFICWAY_TYPE,ALIGNMENT,ROADWAY_SURFACE_COND,ROAD_DEFECT,INTERSECTION_RELATED_I,PRIM_CONTRIBUTORY_CAUSE,SEC_CONTRIBUTORY_CAUSE,DOORING_I,MOST_SEVERE_INJURY,CRASH_HOUR,CRASH_MONTH,LATITUDE,LONGITUDE,CRASH_YEAR,SPEED_LIMIT,geometry,DISPLAYROU,the_geom,DIST,LANE_TYPE,CRASH_DATE,is_severe,index_right,CArea
7020,35,TRAFFIC SIGNAL,FUNCTIONING PROPERLY,CLEAR,DAYLIGHT,PEDALCYCLIST,FOUR WAY,STRAIGHT AND LEVEL,DRY,NO DEFECTS,Y,IMPROPER TURNING/NO SIGNAL,FAILING TO YIELD RIGHT-OF-WAY,,NONINCAPACITATING INJURY,19,5,41.8664543695,-87.7055236605,2022,35,POINT (-87.7055236605 41.8664543695),,,,,2022-05-16,False,28,North Lawndale
7021,30,STOP SIGN/FLASHER,NO CONTROLS,CLEAR,"DARKNESS, LIGHTED ROAD",PEDALCYCLIST,NOT DIVIDED,STRAIGHT AND LEVEL,DRY,NO DEFECTS,,IMPROPER OVERTAKING/PASSING,IMPROPER OVERTAKING/PASSING,,NONINCAPACITATING INJURY,23,5,41.981633567,-87.6682778953,2022,30,POINT (-87.6682778953 41.981633567),,,,,2022-05-16,False,76,Edgewater
7022,30,NO CONTROLS,NO CONTROLS,RAIN,"DARKNESS, LIGHTED ROAD",PEDALCYCLIST,NOT DIVIDED,STRAIGHT AND LEVEL,WET,NO DEFECTS,,FAILING TO YIELD RIGHT-OF-WAY,FAILING TO YIELD RIGHT-OF-WAY,,NO INDICATION OF INJURY,21,5,41.8843391833,-87.6391059063,2022,30,POINT (-87.6391059063 41.8843391833),,,,,2022-05-17,False,27,Near West Side
7023,25,STOP SIGN/FLASHER,FUNCTIONING PROPERLY,RAIN,DAYLIGHT,PEDALCYCLIST,T-INTERSECTION,STRAIGHT AND LEVEL,WET,NO DEFECTS,,UNABLE TO DETERMINE,UNABLE TO DETERMINE,,NONINCAPACITATING INJURY,10,5,42.0062413657,-87.7618934796,2022,25,POINT (-87.7618934796 42.0062413657),,,,,2022-05-18,False,11,Forest Glen
7024,20,UNKNOWN,NO CONTROLS,RAIN,DAYLIGHT,PEDALCYCLIST,ONE-WAY,STRAIGHT AND LEVEL,WET,NO DEFECTS,,UNABLE TO DETERMINE,NOT APPLICABLE,,NONINCAPACITATING INJURY,10,5,41.9677266985,-87.7254283037,2022,20,POINT (-87.7254283037 41.9677266985),,,,,2022-05-18,False,13,Albany Park
7025,30,NO CONTROLS,NO CONTROLS,CLEAR,DAYLIGHT,PEDALCYCLIST,DIVIDED - W/MEDIAN (NOT RAISED),STRAIGHT AND LEVEL,DRY,NO DEFECTS,,UNABLE TO DETERMINE,NOT APPLICABLE,,NO INDICATION OF INJURY,15,5,41.9339593425,-87.6978185321,2022,30,POINT (-87.6978185321 41.9339593425),,,,,2022-05-18,False,20,Avondale
7026,30,NO CONTROLS,NO CONTROLS,CLEAR,DARKNESS,PEDALCYCLIST,NOT DIVIDED,STRAIGHT AND LEVEL,DRY,NO DEFECTS,Y,UNABLE TO DETERMINE,UNABLE TO DETERMINE,,NONINCAPACITATING INJURY,20,5,41.9038573464,-87.6412256185,2022,30,POINT (-87.6412256185 41.9038573464),,,,,2022-05-18,False,7,Near North Side
7027,30,TRAFFIC SIGNAL,FUNCTIONING PROPERLY,CLEAR,DAYLIGHT,PEDALCYCLIST,FOUR WAY,STRAIGHT AND LEVEL,DRY,NO DEFECTS,Y,UNABLE TO DETERMINE,NOT APPLICABLE,,NO INDICATION OF INJURY,9,5,41.8845256252,-87.626395831,2022,30,POINT (-87.626395831 41.8845256252),,,,,2022-05-19,False,31,Loop
7028,30,TRAFFIC SIGNAL,FUNCTIONING PROPERLY,CLEAR,DAYLIGHT,PEDALCYCLIST,FOUR WAY,STRAIGHT AND LEVEL,DRY,NO DEFECTS,,FAILING TO YIELD RIGHT-OF-WAY,NOT APPLICABLE,Y,NONINCAPACITATING INJURY,17,5,41.8917154583,-87.6325118117,2022,30,POINT (-87.6325118117 41.8917154583),,,,,2022-05-19,False,7,Near North Side
7029,30,NO CONTROLS,NO CONTROLS,CLEAR,DAYLIGHT,PEDALCYCLIST,DIVIDED - W/MEDIAN (NOT RAISED),STRAIGHT AND LEVEL,DRY,UNKNOWN,,IMPROPER TURNING/NO SIGNAL,UNABLE TO DETERMINE,,"REPORTED, NOT EVIDENT",18,5,41.9201828384,-87.6931390405,2022,30,POINT (-87.6931390405 41.9201828384),,,,,2022-05-19,False,21,Logan Square
7030,25,TRAFFIC SIGNAL,FUNCTIONING PROPERLY,CLEAR,DAYLIGHT,PEDALCYCLIST,FOUR WAY,STRAIGHT AND LEVEL,DRY,NO DEFECTS,Y,UNABLE TO DETERMINE,UNABLE TO DETERMINE,,NONINCAPACITATING INJURY,18,5,41.9258069317,-87.6338196492,2022,25,POINT (-87.6338196492 41.9258069317),,,,,2022-05-19,False,6,Lincoln Park
7031,20,NO CONTROLS,NO CONTROLS,CLEAR,"DARKNESS, LIGHTED ROAD",PEDALCYCLIST,ALLEY,STRAIGHT AND LEVEL,DRY,NO DEFECTS,,UNABLE TO DETERMINE,NOT APPLICABLE,,NONINCAPACITATING INJURY,21,5,41.9003942139,-87.7666575095,2022,20,POINT (-87.7666575095 41.9003942139),,,,,2022-05-19,False,24,Austin
7032,30,STOP SIGN/FLASHER,UNKNOWN,CLEAR,"DARKNESS, LIGHTED ROAD",PEDALCYCLIST,RAMP,STRAIGHT AND LEVEL,DRY,NO DEFECTS,,UNABLE TO DETERMINE,UNABLE TO DETERMINE,,NONINCAPACITATING INJURY,22,5,41.9262078575,-87.6315297075,2022,30,POINT (-87.6315297075 41.9262078575),,,,,2022-05-19,False,6,Lincoln Park
7033,20,STOP SIGN/FLASHER,NO CONTROLS,UNKNOWN,DAYLIGHT,PEDALCYCLIST,T-INTERSECTION,STRAIGHT AND LEVEL,UNKNOWN,UNKNOWN,Y,NOT APPLICABLE,NOT APPLICABLE,,NONINCAPACITATING INJURY,10,5,41.9796335932,-87.6893592059,2022,20,POINT (-87.6893592059 41.9796335932),,,,,2022-05-20,False,3,Lincoln Square
7034,30,DELINEATORS,FUNCTIONING PROPERLY,CLEAR,DAYLIGHT,PEDALCYCLIST,DIVIDED - W/MEDIAN (NOT RAISED),STRAIGHT AND LEVEL,DRY,NO DEFECTS,,FAILING TO YIELD RIGHT-OF-WAY,UNABLE TO DETERMINE,,NONINCAPACITATING INJURY,12,5,41.8900733006,-87.6474623508,2022,30,POINT (-87.6474623508 41.8900733006),,,,,2022-05-20,False,7,Near North Side
7035,35,NO CONTROLS,NO CONTROLS,RAIN,DAYLIGHT,PEDALCYCLIST,NOT DIVIDED,STRAIGHT AND LEVEL,DRY,NO DEFECTS,,FAILING TO YIELD RIGHT-OF-WAY,NOT APPLICABLE,,NO INDICATION OF INJURY,13,5,41.8517887524,-87.6957855852,2022,35,POINT (-87.6957855852 41.8517887524),,,,,2022-05-21,False,28,North Lawndale
7036,25,UNKNOWN,UNKNOWN,RAIN,DAYLIGHT,PEDALCYCLIST,NOT DIVIDED,STRAIGHT AND LEVEL,WET,UNKNOWN,Y,UNABLE TO DETERMINE,UNABLE TO DETERMINE,Y,INCAPACITATING INJURY,13,5,41.9958558754,-87.6997274624,2022,25,POINT (-87.6997274624 41.9958558754),,,,,2022-05-21,True,1,West Ridge
7037,30,TRAFFIC SIGNAL,FUNCTIONING PROPERLY,CLEAR,DAYLIGHT,PEDALCYCLIST,NOT DIVIDED,STRAIGHT AND LEVEL,WET,NO DEFECTS,Y,UNABLE TO DETERMINE,NOT APPLICABLE,,NONINCAPACITATING INJURY,16,5,41.9072841152,-87.6724003152,2022,30,POINT (-87.6724003152 41.9072841152),,,,,2022-05-21,False,23,West Town
7038,30,PEDESTRIAN CROSSING SIGN,FUNCTIONING PROPERLY,CLOUDY/OVERCAST,DAYLIGHT,PEDALCYCLIST,NOT DIVIDED,STRAIGHT AND LEVEL,DRY,NO DEFECTS,,UNABLE TO DETERMINE,NOT APPLICABLE,,NO INDICATION OF INJURY,17,5,41.906618575,-87.7015014578,2022,30,POINT (-87.7015014578 41.906618575),,,,,2022-05-21,False,22,Humboldt Park
7039,20,NO CONTROLS,NO CONTROLS,CLEAR,DAYLIGHT,PEDALCYCLIST,DIVIDED - W/MEDIAN (NOT RAISED),STRAIGHT AND LEVEL,DRY,NO DEFECTS,,UNABLE TO DETERMINE,UNABLE TO DETERMINE,Y,NONINCAPACITATING INJURY,12,5,41.9317024919,-87.6572996049,2022,20,POINT (-87.6572996049 41.9317024919),,,,,2022-05-22,False,6,Lincoln Park
7040,30,NO CONTROLS,NO CONTROLS,CLEAR,DAYLIGHT,PEDALCYCLIST,NOT DIVIDED,STRAIGHT AND LEVEL,DRY,NO DEFECTS,,UNABLE TO DETERMINE,NOT APPLICABLE,,NONINCAPACITATING INJURY,12,5,41.9763855389,-87.663027111,2022,30,POINT (-87.663027111 41.9763855389),,,,,2022-05-22,False,2,Uptown
7041,30,NO CONTROLS,NO CONTROLS,CLEAR,DAYLIGHT,PEDALCYCLIST,NOT DIVIDED,STRAIGHT AND LEVEL,DRY,NO DEFECTS,,DRIVING SKILLS/KNOWLEDGE/EXPERIENCE,UNABLE TO DETERMINE,Y,NONINCAPACITATING INJURY,17,5,41.9030050392,-87.6657065445,2022,30,POINT (-87.6657065445 41.9030050392),,,,,2022-05-22,False,23,West Town
7042,30,NO CONTROLS,NO CONTROLS,CLEAR,DAYLIGHT,PEDALCYCLIST,DIVIDED - W/MEDIAN (NOT RAISED),STRAIGHT AND LEVEL,DRY,UNKNOWN,,IMPROPER TURNING/NO SIGNAL,UNABLE TO DETERMINE,,"REPORTED, NOT EVIDENT",19,5,41.9038203738,-87.69704968,2022,30,POINT (-87.69704968 41.9038203738),,,,,2022-05-22,False,22,Humboldt Park
7043,30,TRAFFIC SIGNAL,FUNCTIONING PROPERLY,CLEAR,DAYLIGHT,PEDALCYCLIST,NOT DIVIDED,STRAIGHT AND LEVEL,DRY,NO DEFECTS,Y,FAILING TO YIELD RIGHT-OF-WAY,"VISION OBSCURED (SIGNS, TREE LIMBS, BUILDINGS, ETC.)",,NONINCAPACITATING INJURY,10,5,41.9099569728,-87.6971934746,2022,30,POINT (-87.6971934746 41.9099569728),,,,,2022-05-23,False,22,Humboldt Park
7044,30,NO CONTROLS,NO CONTROLS,CLEAR,DAYLIGHT,PEDALCYCLIST,NOT DIVIDED,STRAIGHT AND LEVEL,DRY,NO DEFECTS,,UNABLE TO DETERMINE,UNABLE TO DETERMINE,,INCAPACITATING INJURY,12,5,41.6970918719,-87.5354292634,2022,30,POINT (-87.5354292634 41.6970918719),,,,,2022-05-23,True,51,East Side
7045,30,TRAFFIC SIGNAL,UNKNOWN,UNKNOWN,DAYLIGHT,PEDALCYCLIST,"FIVE POINT, OR MORE",STRAIGHT AND LEVEL,UNKNOWN,UNKNOWN,,UNABLE TO DETERMINE,UNABLE TO DETERMINE,,NO INDICATION OF INJURY,14,5,41.8995311784,-87.7094034368,2022,30,POINT (-87.7094034368 41.8995311784),,,,,2022-05-23,False,22,Humboldt Park
7046,30,NO CONTROLS,NO CONTROLS,CLEAR,DAYLIGHT,PEDALCYCLIST,DIVIDED - W/MEDIAN BARRIER,STRAIGHT AND LEVEL,DRY,NO DEFECTS,,NOT APPLICABLE,DISTRACTION - FROM INSIDE VEHICLE,Y,NONINCAPACITATING INJURY,16,5,41.8631401396,-87.6223051175,2022,30,POINT (-87.6223051175 41.8631401396),,,,,2022-05-23,False,32,Near South Side
7047,30,UNKNOWN,UNKNOWN,CLEAR,DAYLIGHT,PEDALCYCLIST,NOT DIVIDED,STRAIGHT AND LEVEL,DRY,UNKNOWN,Y,UNABLE TO DETERMINE,NOT APPLICABLE,,NONINCAPACITATING INJURY,17,5,41.9537568745,-87.7276985131,2022,30,POINT (-87.7276985131 41.9537568745),,,,,2022-05-23,False,15,Irving Park
7048,35,NO CONTROLS,NO CONTROLS,CLEAR,DARKNESS,PEDALCYCLIST,DIVIDED - W/MEDIAN BARRIER,STRAIGHT AND LEVEL,DRY,UNKNOWN,,NOT APPLICABLE,NOT APPLICABLE,,NONINCAPACITATING INJURY,20,5,41.7495738698,-87.5862356219,2022,35,POINT (-87.5862356219 41.7495738698),,,,,2022-05-23,False,44,Avalon Park
7049,30,OTHER,FUNCTIONING PROPERLY,CLEAR,DAYLIGHT,PEDALCYCLIST,ALLEY,STRAIGHT AND LEVEL,DRY,NO DEFECTS,,FAILING TO YIELD RIGHT-OF-WAY,FAILING TO YIELD RIGHT-OF-WAY,,NONINCAPACITATING INJURY,7,5,41.8864849368,-87.6619873551,2022,30,POINT (-87.6619873551 41.8864849368),,,,,2022-05-24,False,27,Near West Side
7050,30,TRAFFIC SIGNAL,FUNCTIONING PROPERLY,CLEAR,DAYLIGHT,PEDALCYCLIST,FOUR WAY,STRAIGHT AND LEVEL,DRY,NO DEFECTS,Y,FAILING TO YIELD RIGHT-OF-WAY,NOT APPLICABLE,,NO INDICATION OF INJURY,12,5,41.8810297169,-87.6172815664,2022,30,POINT (-87.6172815664 41.8810297169),,,,,2022-05-24,False,31,Loop
7051,30,TRAFFIC SIGNAL,FUNCTIONING PROPERLY,CLEAR,DAYLIGHT,PEDALCYCLIST,DIVIDED - W/MEDIAN (NOT RAISED),STRAIGHT AND LEVEL,DRY,NO DEFECTS,Y,UNABLE TO DETERMINE,UNABLE TO DETERMINE,,"REPORTED, NOT EVIDENT",15,5,41.9612396706,-87.713076618,2022,30,POINT (-87.713076618 41.9612396706),,,,,2022-05-24,False,13,Albany Park
7052,30,NO CONTROLS,NO CONTROLS,CLEAR,DAYLIGHT,PEDALCYCLIST,NOT DIVIDED,STRAIGHT AND LEVEL,DRY,NO DEFECTS,,FAILING TO YIELD RIGHT-OF-WAY,FAILING TO YIELD RIGHT-OF-WAY,,NONINCAPACITATING INJURY,15,5,41.880128783,-87.6471646008,2022,30,POINT (-87.6471646008 41.880128783),,,,,2022-05-24,False,27,Near West Side
7053,30,UNKNOWN,UNKNOWN,CLEAR,DAYLIGHT,PEDALCYCLIST,OTHER,STRAIGHT AND LEVEL,UNKNOWN,UNKNOWN,,UNABLE TO DETERMINE,UNABLE TO DETERMINE,,"REPORTED, NOT EVIDENT",16,5,41.964565885,-87.7131271304,2022,30,POINT (-87.7131271304 41.964565885),,,,,2022-05-24,False,13,Albany Park
7054,30,NO CONTROLS,FUNCTIONING PROPERLY,CLEAR,DAYLIGHT,PEDALCYCLIST,DIVIDED - W/MEDIAN (NOT RAISED),STRAIGHT AND LEVEL,DRY,NO DEFECTS,,IMPROPER OVERTAKING/PASSING,UNABLE TO DETERMINE,Y,NO INDICATION OF INJURY,17,5,41.9014726779,-87.6749153236,2022,30,POINT (-87.6749153236 41.9014726779),,,,,2022-05-24,False,23,West Town
7055,30,NO CONTROLS,NO CONTROLS,CLEAR,DAYLIGHT,PEDALCYCLIST,FOUR WAY,STRAIGHT AND LEVEL,DRY,NO DEFECTS,,FAILING TO YIELD RIGHT-OF-WAY,NOT APPLICABLE,,NONINCAPACITATING INJURY,17,5,41.8672903314,-87.6405758667,2022,30,POINT (-87.6405758667 41.8672903314),,,,,2022-05-24,False,27,Near West Side
7056,30,NO CONTROLS,NO CONTROLS,CLEAR,DAYLIGHT,PEDALCYCLIST,T-INTERSECTION,STRAIGHT AND LEVEL,DRY,NO DEFECTS,Y,"OPERATING VEHICLE IN ERRATIC, RECKLESS, CARELESS, NEGLIGENT OR AGGRESSIVE MANNER",FAILING TO REDUCE SPEED TO AVOID CRASH,,NONINCAPACITATING INJURY,18,5,41.9181955627,-87.6398930697,2022,30,POINT (-87.6398930697 41.9181955627),,,,,2022-05-24,False,6,Lincoln Park
7057,30,STOP SIGN/FLASHER,FUNCTIONING PROPERLY,CLEAR,DUSK,PEDALCYCLIST,FOUR WAY,STRAIGHT AND LEVEL,DRY,NO DEFECTS,Y,UNABLE TO DETERMINE,NOT APPLICABLE,,NONINCAPACITATING INJURY,20,5,41.9540449461,-87.7056363754,2022,30,POINT (-87.7056363754 41.9540449461),,,,,2022-05-24,False,15,Irving Park
7058,30,NO CONTROLS,NO CONTROLS,RAIN,DAYLIGHT,PEDALCYCLIST,T-INTERSECTION,STRAIGHT AND LEVEL,WET,NO DEFECTS,Y,IMPROPER LANE USAGE,FAILING TO YIELD RIGHT-OF-WAY,,INCAPACITATING INJURY,14,5,41.968723257,-87.6878384885,2022,30,POINT (-87.6878384885 41.968723257),,,,,2022-05-25,True,3,Lincoln Square
7059,30,STOP SIGN/FLASHER,FUNCTIONING PROPERLY,CLEAR,DAYLIGHT,PEDALCYCLIST,FOUR WAY,STRAIGHT AND LEVEL,DRY,NO DEFECTS,Y,UNABLE TO DETERMINE,UNABLE TO DETERMINE,,NONINCAPACITATING INJURY,15,5,41.9381244279,-87.6590247546,2022,30,POINT (-87.6590247546 41.9381244279),,,,,2022-05-25,False,5,Lake View
7060,30,NO CONTROLS,NO CONTROLS,CLEAR,"DARKNESS, LIGHTED ROAD",PEDALCYCLIST,NOT DIVIDED,STRAIGHT AND LEVEL,DRY,NO DEFECTS,,UNABLE TO DETERMINE,UNABLE TO DETERMINE,,INCAPACITATING INJURY,21,5,41.9312084694,-87.7630932936,2022,30,POINT (-87.7630932936 41.9312084694),,,,,2022-05-25,True,18,Belmont Cragin
7061,30,TRAFFIC SIGNAL,FUNCTIONING PROPERLY,CLEAR,DAYLIGHT,PEDALCYCLIST,FOUR WAY,STRAIGHT AND LEVEL,DRY,NO DEFECTS,,DISREGARDING ROAD MARKINGS,DISREGARDING ROAD MARKINGS,,NONINCAPACITATING INJURY,11,5,41.8792237725,-87.6441875333,2022,30,POINT (-87.6441875333 41.8792237725),,,,,2022-05-26,False,27,Near West Side
7062,30,NO CONTROLS,NO CONTROLS,CLOUDY/OVERCAST,DAYLIGHT,PEDALCYCLIST,DIVIDED - W/MEDIAN (NOT RAISED),STRAIGHT AND LEVEL,DRY,NO DEFECTS,,UNABLE TO DETERMINE,DRIVING SKILLS/KNOWLEDGE/EXPERIENCE,Y,NONINCAPACITATING INJURY,14,5,41.9574510793,-87.6809010803,2022,30,POINT (-87.6809010803 41.9574510793),,,,,2022-05-26,False,4,North Center
7063,30,TRAFFIC SIGNAL,FUNCTIONING PROPERLY,CLEAR,DAYLIGHT,PEDALCYCLIST,NOT DIVIDED,STRAIGHT AND LEVEL,DRY,NO DEFECTS,Y,FAILING TO YIELD RIGHT-OF-WAY,NOT APPLICABLE,,NONINCAPACITATING INJURY,15,5,41.9057095693,-87.670390841,2022,30,POINT (-87.670390841 41.9057095693),,,,,2022-05-26,False,23,West Town
7064,30,NO CONTROLS,NO CONTROLS,CLEAR,DAYLIGHT,PEDALCYCLIST,DIVIDED - W/MEDIAN (NOT RAISED),STRAIGHT AND LEVEL,DRY,NO DEFECTS,,DRIVING SKILLS/KNOWLEDGE/EXPERIENCE,UNABLE TO DETERMINE,Y,NONINCAPACITATING INJURY,18,5,41.9564504113,-87.6496096235,2022,30,POINT (-87.6496096235 41.9564504113),,,,,2022-05-26,False,2,Uptown
7065,30,NO CONTROLS,NO CONTROLS,CLEAR,DAYLIGHT,PEDALCYCLIST,NOT DIVIDED,STRAIGHT AND LEVEL,DRY,NO DEFECTS,,IMPROPER TURNING/NO SIGNAL,IMPROPER LANE USAGE,N,NONINCAPACITATING INJURY,13,5,41.773573805,-87.6056360247,2022,30,POINT (-87.6056360247 41.773573805),,,,,2022-05-27,False,41,Woodlawn
7066,15,NO CONTROLS,NO CONTROLS,CLEAR,DAYLIGHT,PEDALCYCLIST,ALLEY,STRAIGHT AND LEVEL,DRY,NO DEFECTS,Y,UNABLE TO DETERMINE,NOT APPLICABLE,,NONINCAPACITATING INJURY,15,5,41.7926871682,-87.7868512627,2022,15,POINT (-87.7868512627 41.7926871682),,,,,2022-05-27,False,55,Garfield Ridge
7067,25,STOP SIGN/FLASHER,FUNCTIONING PROPERLY,CLEAR,DAYLIGHT,PEDALCYCLIST,FOUR WAY,STRAIGHT AND LEVEL,DRY,NO DEFECTS,Y,NOT APPLICABLE,NOT APPLICABLE,,NO INDICATION OF INJURY,16,5,42.0050561187,-87.6950117996,2022,25,POINT (-87.6950117996 42.0050561187),,,,,2022-05-27,False,1,West Ridge
7068,30,STOP SIGN/FLASHER,FUNCTIONING PROPERLY,CLEAR,"DARKNESS, LIGHTED ROAD",PEDALCYCLIST,DIVIDED - W/MEDIAN (NOT RAISED),STRAIGHT AND LEVEL,DRY,UNKNOWN,Y,FAILING TO YIELD RIGHT-OF-WAY,DISREGARDING TRAFFIC SIGNALS,,INCAPACITATING INJURY,22,5,41.743873821,-87.6051761606,2022,30,POINT (-87.6051761606 41.743873821),,,,,2022-05-27,True,43,Chatham
7069,20,STOP SIGN/FLASHER,NO CONTROLS,CLEAR,"DARKNESS, LIGHTED ROAD",PEDALCYCLIST,FOUR WAY,STRAIGHT AND LEVEL,DRY,NO DEFECTS,Y,IMPROPER LANE USAGE,FAILING TO REDUCE SPEED TO AVOID CRASH,,NONINCAPACITATING INJURY,23,5,41.9067195183,-87.6909613034,2022,20,POINT (-87.6909613034 41.9067195183),,,,,2022-05-27,False,23,West Town
7071,25,NO CONTROLS,NO CONTROLS,CLEAR,DAYLIGHT,PEDALCYCLIST,NOT DIVIDED,STRAIGHT ON GRADE,DRY,NO DEFECTS,,IMPROPER LANE USAGE,NOT APPLICABLE,,NONINCAPACITATING INJURY,9,5,41.8896893992,-87.6366044996,2022,25,POINT (-87.6366044996 41.8896893992),,,,,2022-05-28,False,7,Near North Side
7072,30,NO CONTROLS,NO CONTROLS,CLEAR,DAYLIGHT,PEDALCYCLIST,NOT DIVIDED,STRAIGHT AND LEVEL,DRY,NO DEFECTS,,UNABLE TO DETERMINE,UNABLE TO DETERMINE,,NONINCAPACITATING INJURY,11,5,41.9447727633,-87.6541078481,2022,30,POINT (-87.6541078481 41.9447727633),,,,,2022-05-28,False,5,Lake View
7073,30,NO CONTROLS,NO CONTROLS,CLEAR,DAYLIGHT,PEDALCYCLIST,NOT DIVIDED,STRAIGHT AND LEVEL,DRY,NO DEFECTS,,FAILING TO YIELD RIGHT-OF-WAY,UNABLE TO DETERMINE,Y,INCAPACITATING INJURY,11,5,41.9411625988,-87.6591529317,2022,30,POINT (-87.6591529317 41.9411625988),,,,,2022-05-28,True,5,Lake View
7074,30,TRAFFIC SIGNAL,FUNCTIONING PROPERLY,CLEAR,DAYLIGHT,PEDALCYCLIST,DIVIDED - W/MEDIAN (NOT RAISED),STRAIGHT AND LEVEL,DRY,NO DEFECTS,,FAILING TO YIELD RIGHT-OF-WAY,NOT APPLICABLE,,INCAPACITATING INJURY,14,5,41.778961599,-87.7105289488,2022,30,POINT (-87.7105289488 41.778961599),,,,,2022-05-28,True,65,Chicago Lawn
7075,30,NO CONTROLS,NO CONTROLS,CLEAR,DAYLIGHT,PEDALCYCLIST,NOT DIVIDED,STRAIGHT AND LEVEL,DRY,UNKNOWN,Y,DISREGARDING YIELD SIGN,DISREGARDING YIELD SIGN,,"REPORTED, NOT EVIDENT",16,5,41.9087055764,-87.648068015,2022,30,POINT (-87.648068015 41.9087055764),,,,,2022-05-28,False,7,Near North Side
7076,30,TRAFFIC SIGNAL,FUNCTIONING PROPERLY,CLEAR,DAYLIGHT,PEDALCYCLIST,TRAFFIC ROUTE,STRAIGHT AND LEVEL,DRY,OTHER,Y,UNABLE TO DETERMINE,UNABLE TO DETERMINE,Y,NONINCAPACITATING INJURY,16,5,41.8889398261,-87.6427988876,2022,30,POINT (-87.6427988876 41.8889398261),,,,,2022-05-28,False,7,Near North Side
7077,25,NO CONTROLS,NO CONTROLS,CLEAR,DAYLIGHT,PEDALCYCLIST,NOT DIVIDED,STRAIGHT AND LEVEL,DRY,NO DEFECTS,,UNABLE TO DETERMINE,NOT APPLICABLE,,NONINCAPACITATING INJURY,17,5,41.9040405553,-87.6722484217,2022,25,POINT (-87.6722484217 41.9040405553),,,,,2022-05-28,False,23,West Town
7078,30,TRAFFIC SIGNAL,FUNCTIONING PROPERLY,CLEAR,"DARKNESS, LIGHTED ROAD",PEDALCYCLIST,NOT DIVIDED,STRAIGHT AND LEVEL,DRY,NO DEFECTS,Y,IMPROPER OVERTAKING/PASSING,FAILING TO YIELD RIGHT-OF-WAY,Y,NO INDICATION OF INJURY,20,5,41.8674829196,-87.630492795,2022,30,POINT (-87.630492795 41.8674829196),,,,,2022-05-28,False,31,Loop
7079,30,NO CONTROLS,NO CONTROLS,CLEAR,DAYLIGHT,PEDALCYCLIST,ONE-WAY,STRAIGHT AND LEVEL,DRY,NO DEFECTS,,UNABLE TO DETERMINE,NOT APPLICABLE,Y,INCAPACITATING INJURY,12,5,41.9781565056,-87.6664323272,2022,30,POINT (-87.6664323272 41.9781565056),,,,,2022-05-29,True,76,Edgewater
7080,35,NO CONTROLS,NO CONTROLS,CLEAR,DAYLIGHT,PEDALCYCLIST,DIVIDED - W/MEDIAN (NOT RAISED),STRAIGHT AND LEVEL,DRY,NO DEFECTS,,NOT APPLICABLE,NOT APPLICABLE,,"REPORTED, NOT EVIDENT",16,5,41.8673210997,-87.6259539918,2022,35,POINT (-87.6259539918 41.8673210997),,,,,2022-05-29,False,31,Loop
7081,30,BICYCLE CROSSING SIGN,NO CONTROLS,CLEAR,DAYLIGHT,PEDALCYCLIST,NOT DIVIDED,STRAIGHT AND LEVEL,UNKNOWN,UNKNOWN,,DISREGARDING YIELD SIGN,UNABLE TO DETERMINE,,NONINCAPACITATING INJURY,16,5,41.9657184879,-87.6474766551,2022,30,POINT (-87.6474766551 41.9657184879),,,,,2022-05-29,False,2,Uptown
7082,30,STOP SIGN/FLASHER,FUNCTIONING PROPERLY,CLEAR,DUSK,PEDALCYCLIST,NOT DIVIDED,STRAIGHT AND LEVEL,DRY,NO DEFECTS,Y,DISREGARDING STOP SIGN,DISREGARDING STOP SIGN,,NO INDICATION OF INJURY,20,5,41.8788724007,-87.6644964045,2022,30,POINT (-87.6644964045 41.8788724007),,,,,2022-05-29,False,27,Near West Side
7083,30,TRAFFIC SIGNAL,FUNCTIONING PROPERLY,CLEAR,"DARKNESS, LIGHTED ROAD",PEDALCYCLIST,NOT DIVIDED,STRAIGHT AND LEVEL,DRY,NO DEFECTS,Y,FAILING TO YIELD RIGHT-OF-WAY,NOT APPLICABLE,,INCAPACITATING INJURY,20,5,41.786024401,-87.7106047774,2022,30,POINT (-87.7106047774 41.786024401),,,,,2022-05-29,True,65,Chicago Lawn
7084,30,NO CONTROLS,NO CONTROLS,CLEAR,"DARKNESS, LIGHTED ROAD",PEDALCYCLIST,ALLEY,STRAIGHT AND LEVEL,DRY,NO DEFECTS,,UNABLE TO DETERMINE,UNABLE TO DETERMINE,,NONINCAPACITATING INJURY,22,5,41.9971778334,-87.7482834887,2022,30,POINT (-87.7482834887 41.9971778334),,,,,2022-05-29,False,11,Forest Glen
7085,30,TRAFFIC SIGNAL,FUNCTIONING PROPERLY,CLEAR,DARKNESS,PEDALCYCLIST,T-INTERSECTION,STRAIGHT AND LEVEL,DRY,NO DEFECTS,,FAILING TO REDUCE SPEED TO AVOID CRASH,FAILING TO YIELD RIGHT-OF-WAY,,NONINCAPACITATING INJURY,23,5,41.8481809552,-87.6238287721,2022,30,POINT (-87.6238287721 41.8481809552),,,,,2022-05-29,False,32,Near South Side
7086,30,NO CONTROLS,NO CONTROLS,CLEAR,DAYLIGHT,PEDALCYCLIST,NOT DIVIDED,STRAIGHT AND LEVEL,DRY,NO DEFECTS,,NOT APPLICABLE,NOT APPLICABLE,Y,NONINCAPACITATING INJURY,8,5,41.9617156689,-87.6511207948,2022,30,POINT (-87.6511207948 41.9617156689),,,,,2022-05-30,False,2,Uptown