Unnamed: 0,POSTED_SPEED_LIMIT,TRAFFIC_CONTROL_DEVICE,DEVICE_CONDITION,WEATHER_CONDITION,LIGHTING_CONDITION,FIRST_CRASH_TYPE,TRAFFICWAY_TYPE,ALIGNMENT,ROADWAY_SURFACE_COND,ROAD_DEFECT,INTERSECTION_RELATED_I,PRIM_CONTRIBUTORY_CAUSE,SEC_CONTRIBUTORY_CAUSE,DOORING_I,MOST_SEVERE_INJURY,CRASH_HOUR,CRASH_MONTH,LATITUDE,LONGITUDE,CRASH_YEAR,SPEED_LIMIT,geometry,DISPLAYROU,the_geom,DIST,LANE_TYPE,CRASH_DATE,is_severe,index_right,CArea
7087,30,NO CONTROLS,NO CONTROLS,CLEAR,DAYLIGHT,PEDALCYCLIST,CENTER TURN LANE,STRAIGHT AND LEVEL,DRY,NO DEFECTS,,FAILING TO YIELD RIGHT-OF-WAY,NOT APPLICABLE,,NO INDICATION OF INJURY,13,5,41.8138149703,-87.7040535316,2022,30,POINT (-87.7040535316 41.8138149703),,,,,2022-05-30,False,57,Brighton Park
7088,15,STOP SIGN/FLASHER,FUNCTIONING PROPERLY,CLEAR,DAYLIGHT,PEDALCYCLIST,T-INTERSECTION,STRAIGHT AND LEVEL,DRY,NO DEFECTS,N,OBSTRUCTED CROSSWALKS,NOT APPLICABLE,,NO INDICATION OF INJURY,13,5,41.9091428747,-87.7364739875,2022,15,POINT (-87.7364739875 41.9091428747),,,,,2022-05-30,False,22,Humboldt Park
7089,30,NO CONTROLS,NO CONTROLS,CLEAR,DAYLIGHT,PEDALCYCLIST,DIVIDED - W/MEDIAN (NOT RAISED),STRAIGHT AND LEVEL,DRY,NO DEFECTS,,HAD BEEN DRINKING (USE WHEN ARREST IS NOT MADE),UNABLE TO DETERMINE,,NONINCAPACITATING INJURY,15,5,41.9618230715,-87.6548960832,2022,30,POINT (-87.6548960832 41.9618230715),,,,,2022-05-30,False,2,Uptown
7090,20,NO CONTROLS,NO CONTROLS,CLEAR,DAYLIGHT,PEDALCYCLIST,FOUR WAY,STRAIGHT AND LEVEL,DRY,NO DEFECTS,Y,FAILING TO YIELD RIGHT-OF-WAY,FAILING TO REDUCE SPEED TO AVOID CRASH,,INCAPACITATING INJURY,18,5,41.9245573189,-87.7330416184,2022,20,POINT (-87.7330416184 41.9245573189),,,,,2022-05-30,True,19,Hermosa
7091,30,NO CONTROLS,NO CONTROLS,CLEAR,DAYLIGHT,PEDALCYCLIST,NOT DIVIDED,STRAIGHT AND LEVEL,DRY,NO DEFECTS,,FOLLOWING TOO CLOSELY,IMPROPER OVERTAKING/PASSING,,NONINCAPACITATING INJURY,18,5,41.7374605903,-87.553888951,2022,30,POINT (-87.553888951 41.7374605903),,,,,2022-05-30,False,45,South Chicago
7092,15,NO CONTROLS,NO CONTROLS,CLEAR,DUSK,PEDALCYCLIST,PARKING LOT,STRAIGHT AND LEVEL,DRY,NO DEFECTS,,UNABLE TO DETERMINE,FAILING TO YIELD RIGHT-OF-WAY,,NONINCAPACITATING INJURY,21,5,41.9311426146,-87.7681440463,2022,15,POINT (-87.7681440463 41.9311426146),,,,,2022-05-30,False,18,Belmont Cragin
7093,30,NO CONTROLS,NO CONTROLS,CLEAR,"DARKNESS, LIGHTED ROAD",PEDALCYCLIST,DIVIDED - W/MEDIAN (NOT RAISED),STRAIGHT AND LEVEL,DRY,NO DEFECTS,,FAILING TO REDUCE SPEED TO AVOID CRASH,DISREGARDING ROAD MARKINGS,,NONINCAPACITATING INJURY,22,5,41.9454116041,-87.6495750864,2022,30,POINT (-87.6495750864 41.9454116041),,,,,2022-05-30,False,5,Lake View
7094,30,NO CONTROLS,NO CONTROLS,CLEAR,"DARKNESS, LIGHTED ROAD",PEDALCYCLIST,NOT DIVIDED,STRAIGHT AND LEVEL,DRY,NO DEFECTS,,IMPROPER TURNING/NO SIGNAL,NOT APPLICABLE,,NO INDICATION OF INJURY,22,5,41.9916468311,-87.787719451,2022,30,POINT (-87.787719451 41.9916468311),,,,,2022-05-30,False,10,Jefferson Park
7095,30,TRAFFIC SIGNAL,FUNCTIONING PROPERLY,CLEAR,"DARKNESS, LIGHTED ROAD",PEDALCYCLIST,DIVIDED - W/MEDIAN (NOT RAISED),STRAIGHT AND LEVEL,DRY,NO DEFECTS,,UNABLE TO DETERMINE,NOT APPLICABLE,,NONINCAPACITATING INJURY,22,5,41.764292465,-87.7417526072,2022,30,POINT (-87.7417526072 41.764292465),,,,,2022-05-30,False,64,West Lawn
7096,30,UNKNOWN,UNKNOWN,CLEAR,DAYLIGHT,PEDALCYCLIST,ONE-WAY,STRAIGHT AND LEVEL,UNKNOWN,UNKNOWN,,UNABLE TO DETERMINE,UNABLE TO DETERMINE,,NONINCAPACITATING INJURY,8,5,41.8919693681,-87.7541215996,2022,30,POINT (-87.7541215996 41.8919693681),,,,,2022-05-31,False,24,Austin
7097,30,TRAFFIC SIGNAL,FUNCTIONING PROPERLY,CLEAR,DAYLIGHT,PEDALCYCLIST,FOUR WAY,STRAIGHT AND LEVEL,DRY,NO DEFECTS,,FAILING TO YIELD RIGHT-OF-WAY,DRIVING SKILLS/KNOWLEDGE/EXPERIENCE,,NONINCAPACITATING INJURY,9,5,41.959589087,-87.7279701438,2022,30,POINT (-87.7279701438 41.959589087),,,,,2022-05-31,False,15,Irving Park
7098,30,TRAFFIC SIGNAL,NO CONTROLS,CLEAR,DAYLIGHT,PEDALCYCLIST,FOUR WAY,STRAIGHT AND LEVEL,DRY,NO DEFECTS,Y,UNABLE TO DETERMINE,UNABLE TO DETERMINE,,NONINCAPACITATING INJURY,11,5,41.7720832688,-87.6639568574,2022,30,POINT (-87.6639568574 41.7720832688),,,,,2022-05-31,False,66,Englewood
7099,30,TRAFFIC SIGNAL,UNKNOWN,UNKNOWN,DAYLIGHT,PEDALCYCLIST,DIVIDED - W/MEDIAN (NOT RAISED),STRAIGHT AND LEVEL,UNKNOWN,UNKNOWN,,UNABLE TO DETERMINE,NOT APPLICABLE,,NONINCAPACITATING INJURY,15,5,42.011715808,-87.7089208265,2022,30,POINT (-87.7089208265 42.011715808),,,,,2022-05-31,False,1,West Ridge
7100,35,STOP SIGN/FLASHER,FUNCTIONING PROPERLY,CLEAR,DAYLIGHT,PEDALCYCLIST,T-INTERSECTION,STRAIGHT AND LEVEL,DRY,NO DEFECTS,Y,UNABLE TO DETERMINE,UNABLE TO DETERMINE,,NONINCAPACITATING INJURY,15,5,41.7605419656,-87.6246590645,2022,35,POINT (-87.6246590645 41.7605419656),,,,,2022-05-31,False,68,Grand Crossing
7101,30,NO CONTROLS,NO CONTROLS,CLEAR,DAYLIGHT,PEDALCYCLIST,NOT DIVIDED,STRAIGHT AND LEVEL,DRY,UNKNOWN,,UNABLE TO DETERMINE,UNABLE TO DETERMINE,,INCAPACITATING INJURY,16,5,41.8988315273,-87.744647952,2022,30,POINT (-87.744647952 41.8988315273),,,,,2022-05-31,True,24,Austin
7102,30,TRAFFIC SIGNAL,FUNCTIONING PROPERLY,CLEAR,DAYLIGHT,PEDALCYCLIST,ONE-WAY,STRAIGHT AND LEVEL,DRY,NO DEFECTS,Y,IMPROPER TURNING/NO SIGNAL,NOT APPLICABLE,,"REPORTED, NOT EVIDENT",16,5,41.8822156979,-87.6295562536,2022,30,POINT (-87.6295562536 41.8822156979),,,,,2022-05-31,False,31,Loop
7103,30,TRAFFIC SIGNAL,FUNCTIONING IMPROPERLY,CLEAR,DAYLIGHT,PEDALCYCLIST,NOT DIVIDED,STRAIGHT AND LEVEL,DRY,UNKNOWN,Y,FAILING TO YIELD RIGHT-OF-WAY,DISREGARDING TRAFFIC SIGNALS,,NONINCAPACITATING INJURY,17,5,41.9545326889,-87.6546930249,2022,30,POINT (-87.6546930249 41.9545326889),,,,,2022-05-31,False,2,Uptown
7104,30,TRAFFIC SIGNAL,UNKNOWN,CLEAR,DAYLIGHT,PEDALCYCLIST,FOUR WAY,STRAIGHT AND LEVEL,DRY,UNKNOWN,Y,FAILING TO YIELD RIGHT-OF-WAY,NOT APPLICABLE,,NONINCAPACITATING INJURY,17,5,41.8873141867,-87.7553694428,2022,30,POINT (-87.7553694428 41.8873141867),,,,,2022-05-31,False,24,Austin
7105,30,NO CONTROLS,NO CONTROLS,CLEAR,"DARKNESS, LIGHTED ROAD",PEDALCYCLIST,NOT DIVIDED,STRAIGHT AND LEVEL,DRY,NO DEFECTS,,UNABLE TO DETERMINE,NOT APPLICABLE,,NONINCAPACITATING INJURY,21,5,41.9182451568,-87.6595176781,2022,30,POINT (-87.6595176781 41.9182451568),,,,,2022-05-31,False,6,Lincoln Park
7106,30,STOP SIGN/FLASHER,NO CONTROLS,CLEAR,"DARKNESS, LIGHTED ROAD",PEDALCYCLIST,FOUR WAY,STRAIGHT AND LEVEL,DRY,NO DEFECTS,,NOT APPLICABLE,NOT APPLICABLE,,INCAPACITATING INJURY,21,5,41.7690777442,-87.6232304297,2022,30,POINT (-87.6232304297 41.7690777442),,,,,2022-05-31,True,68,Grand Crossing
7107,30,NO CONTROLS,NO CONTROLS,CLEAR,DUSK,PEDALCYCLIST,ONE-WAY,STRAIGHT AND LEVEL,DRY,NO DEFECTS,,UNABLE TO DETERMINE,UNABLE TO DETERMINE,,NONINCAPACITATING INJURY,21,5,41.8912505437,-87.6116812259,2022,30,POINT (-87.6116812259 41.8912505437),,,,,2022-05-31,False,7,Near North Side
7108,30,NO CONTROLS,NO CONTROLS,CLEAR,DAYLIGHT,PEDALCYCLIST,NOT DIVIDED,STRAIGHT AND LEVEL,UNKNOWN,UNKNOWN,,DRIVING SKILLS/KNOWLEDGE/EXPERIENCE,UNABLE TO DETERMINE,,NONINCAPACITATING INJURY,8,6,41.9400365221,-87.669076344,2022,30,POINT (-87.669076344 41.9400365221),,,,,2022-06-01,False,5,Lake View
7109,30,TRAFFIC SIGNAL,FUNCTIONING PROPERLY,CLEAR,DAYLIGHT,PEDALCYCLIST,NOT DIVIDED,STRAIGHT AND LEVEL,UNKNOWN,UNKNOWN,,FAILING TO YIELD RIGHT-OF-WAY,NOT APPLICABLE,,NONINCAPACITATING INJURY,14,6,41.9257946768,-87.6362702695,2022,30,POINT (-87.6362702695 41.9257946768),,,,,2022-06-01,False,6,Lincoln Park
7110,20,NO CONTROLS,NO CONTROLS,CLEAR,DAYLIGHT,PEDALCYCLIST,NOT DIVIDED,STRAIGHT AND LEVEL,DRY,NO DEFECTS,,FAILING TO YIELD RIGHT-OF-WAY,NOT APPLICABLE,,NONINCAPACITATING INJURY,17,6,41.903723856,-87.6774201597,2022,20,POINT (-87.6774201597 41.903723856),,,,,2022-06-01,False,23,West Town
7111,30,TRAFFIC SIGNAL,FUNCTIONING PROPERLY,CLEAR,DAYLIGHT,PEDALCYCLIST,ONE-WAY,STRAIGHT AND LEVEL,DRY,NO DEFECTS,,UNABLE TO DETERMINE,NOT APPLICABLE,,"REPORTED, NOT EVIDENT",19,6,41.8720462666,-87.6410247053,2022,30,POINT (-87.6410247053 41.8720462666),,,,,2022-06-01,False,27,Near West Side
7112,30,TRAFFIC SIGNAL,FUNCTIONING PROPERLY,CLEAR,DAYLIGHT,PEDALCYCLIST,ONE-WAY,STRAIGHT AND LEVEL,DRY,NO DEFECTS,,FOLLOWING TOO CLOSELY,NOT APPLICABLE,,NONINCAPACITATING INJURY,19,6,41.9245321626,-87.707067304,2022,30,POINT (-87.707067304 41.9245321626),,,,,2022-06-01,False,21,Logan Square
7113,30,TRAFFIC SIGNAL,FUNCTIONING PROPERLY,CLEAR,"DARKNESS, LIGHTED ROAD",PEDALCYCLIST,NOT DIVIDED,STRAIGHT AND LEVEL,DRY,NO DEFECTS,Y,UNABLE TO DETERMINE,UNABLE TO DETERMINE,,INCAPACITATING INJURY,21,6,41.9096504339,-87.7359557857,2022,30,POINT (-87.7359557857 41.9096504339),,,,,2022-06-01,True,22,Humboldt Park
7114,20,NO CONTROLS,NO CONTROLS,CLEAR,DAYLIGHT,PEDALCYCLIST,ALLEY,STRAIGHT AND LEVEL,DRY,NO DEFECTS,,UNABLE TO DETERMINE,UNABLE TO DETERMINE,Y,NONINCAPACITATING INJURY,7,6,41.9720630485,-87.7219572058,2022,20,POINT (-87.7219572058 41.9720630485),,,,,2022-06-02,False,12,North Park
7115,30,NO CONTROLS,NO CONTROLS,CLEAR,DAYLIGHT,PEDALCYCLIST,DIVIDED - W/MEDIAN (NOT RAISED),STRAIGHT AND LEVEL,DRY,NO DEFECTS,,IMPROPER TURNING/NO SIGNAL,UNABLE TO DETERMINE,,"REPORTED, NOT EVIDENT",7,6,41.9473499869,-87.7101222878,2022,30,POINT (-87.7101222878 41.9473499869),,,,,2022-06-02,False,15,Irving Park
7116,30,NO CONTROLS,NO CONTROLS,CLEAR,DAYLIGHT,PEDALCYCLIST,NOT DIVIDED,STRAIGHT AND LEVEL,DRY,UNKNOWN,,UNABLE TO DETERMINE,UNABLE TO DETERMINE,,NONINCAPACITATING INJURY,8,6,41.9691874274,-87.6557336499,2022,30,POINT (-87.6557336499 41.9691874274),,,,,2022-06-02,False,2,Uptown
7117,25,NO CONTROLS,NO CONTROLS,CLEAR,DAYLIGHT,PEDALCYCLIST,ONE-WAY,STRAIGHT AND LEVEL,DRY,NO DEFECTS,Y,UNABLE TO DETERMINE,NOT APPLICABLE,,NO INDICATION OF INJURY,11,6,41.9874503767,-87.6562338974,2022,25,POINT (-87.6562338974 41.9874503767),,,,,2022-06-02,False,76,Edgewater
7118,30,TRAFFIC SIGNAL,FUNCTIONING PROPERLY,CLEAR,DAYLIGHT,PEDALCYCLIST,"FIVE POINT, OR MORE",STRAIGHT ON GRADE,DRY,UNKNOWN,Y,IMPROPER TURNING/NO SIGNAL,IMPROPER TURNING/NO SIGNAL,,NONINCAPACITATING INJURY,12,6,41.9468176549,-87.6736580601,2022,30,POINT (-87.6736580601 41.9468176549),,,,,2022-06-02,False,4,North Center
7119,30,TRAFFIC SIGNAL,FUNCTIONING PROPERLY,CLEAR,DAYLIGHT,PEDALCYCLIST,NOT DIVIDED,STRAIGHT AND LEVEL,DRY,NO DEFECTS,Y,IMPROPER TURNING/NO SIGNAL,NOT APPLICABLE,,NO INDICATION OF INJURY,13,6,41.9238949572,-87.6384954912,2022,30,POINT (-87.6384954912 41.9238949572),,,,,2022-06-02,False,6,Lincoln Park
7120,30,TRAFFIC SIGNAL,FUNCTIONING PROPERLY,CLEAR,DAYLIGHT,PEDALCYCLIST,NOT DIVIDED,STRAIGHT AND LEVEL,DRY,NO DEFECTS,Y,DRIVING ON WRONG SIDE/WRONG WAY,DISREGARDING TRAFFIC SIGNALS,,NONINCAPACITATING INJURY,14,6,41.8804745495,-87.7378025079,2022,30,POINT (-87.7378025079 41.8804745495),,,,,2022-06-02,False,25,Garfield Park
7121,30,TRAFFIC SIGNAL,FUNCTIONING PROPERLY,CLEAR,DAYLIGHT,PEDALCYCLIST,FOUR WAY,STRAIGHT AND LEVEL,DRY,UNKNOWN,Y,UNABLE TO DETERMINE,NOT APPLICABLE,Y,NONINCAPACITATING INJURY,16,6,41.9254721066,-87.6406591547,2022,30,POINT (-87.6406591547 41.9254721066),,,,,2022-06-02,False,6,Lincoln Park
7122,30,TRAFFIC SIGNAL,FUNCTIONING PROPERLY,CLEAR,DAYLIGHT,PEDALCYCLIST,DIVIDED - W/MEDIAN (NOT RAISED),STRAIGHT AND LEVEL,DRY,NO DEFECTS,Y,FAILING TO YIELD RIGHT-OF-WAY,NOT APPLICABLE,,NONINCAPACITATING INJURY,8,6,41.9006486081,-87.6329120451,2022,30,POINT (-87.6329120451 41.9006486081),,,,,2022-06-03,False,7,Near North Side
7123,30,TRAFFIC SIGNAL,FUNCTIONING PROPERLY,CLEAR,DAYLIGHT,PEDALCYCLIST,NOT DIVIDED,STRAIGHT AND LEVEL,DRY,NO DEFECTS,Y,FAILING TO YIELD RIGHT-OF-WAY,UNABLE TO DETERMINE,,NONINCAPACITATING INJURY,9,6,41.809752145,-87.5967472765,2022,30,POINT (-87.5967472765 41.809752145),,,,,2022-06-03,False,38,Kenwood
7124,15,NO CONTROLS,NO CONTROLS,CLEAR,DAYLIGHT,PEDALCYCLIST,ALLEY,STRAIGHT AND LEVEL,DRY,NO DEFECTS,,FAILING TO YIELD RIGHT-OF-WAY,NOT APPLICABLE,,NO INDICATION OF INJURY,13,6,41.7999278893,-87.7647237863,2022,15,POINT (-87.7647237863 41.7999278893),,,,,2022-06-03,False,55,Garfield Ridge
7125,30,UNKNOWN,UNKNOWN,CLEAR,DAYLIGHT,PEDALCYCLIST,NOT DIVIDED,STRAIGHT AND LEVEL,UNKNOWN,UNKNOWN,,UNABLE TO DETERMINE,UNABLE TO DETERMINE,,NO INDICATION OF INJURY,15,6,41.9032651368,-87.6298991229,2022,30,POINT (-87.6298991229 41.9032651368),,,,,2022-06-03,False,7,Near North Side
7126,20,NO CONTROLS,NO CONTROLS,RAIN,DUSK,PEDALCYCLIST,NOT DIVIDED,STRAIGHT AND LEVEL,WET,NO DEFECTS,,UNABLE TO DETERMINE,NOT APPLICABLE,Y,NO INDICATION OF INJURY,16,6,41.7831523533,-87.6547386934,2022,20,POINT (-87.6547386934 41.7831523533),,,,,2022-06-03,False,66,Englewood
7127,30,TRAFFIC SIGNAL,FUNCTIONING PROPERLY,CLEAR,DAYLIGHT,PEDALCYCLIST,NOT DIVIDED,STRAIGHT AND LEVEL,DRY,NO DEFECTS,,"VISION OBSCURED (SIGNS, TREE LIMBS, BUILDINGS, ETC.)",UNABLE TO DETERMINE,,NONINCAPACITATING INJURY,16,6,41.7099056502,-87.6815089301,2022,30,POINT (-87.6815089301 41.7099056502),,,,,2022-06-03,False,71,Beverly
7128,30,NO CONTROLS,NO CONTROLS,CLEAR,DARKNESS,PEDALCYCLIST,DIVIDED - W/MEDIAN (NOT RAISED),STRAIGHT AND LEVEL,DRY,NO DEFECTS,,"OPERATING VEHICLE IN ERRATIC, RECKLESS, CARELESS, NEGLIGENT OR AGGRESSIVE MANNER",NOT APPLICABLE,,INCAPACITATING INJURY,21,6,41.9210466017,-87.6873754542,2022,30,POINT (-87.6873754542 41.9210466017),,,,,2022-06-03,True,21,Logan Square
7129,30,STOP SIGN/FLASHER,UNKNOWN,UNKNOWN,"DARKNESS, LIGHTED ROAD",PEDALCYCLIST,NOT DIVIDED,STRAIGHT AND LEVEL,UNKNOWN,UNKNOWN,N,UNABLE TO DETERMINE,UNABLE TO DETERMINE,,NO INDICATION OF INJURY,21,6,41.8566912447,-87.6467569448,2022,30,POINT (-87.6467569448 41.8566912447),,,,,2022-06-03,False,30,Lower West Side
7130,30,TRAFFIC SIGNAL,FUNCTIONING PROPERLY,CLEAR,DAYLIGHT,PEDALCYCLIST,NOT DIVIDED,STRAIGHT AND LEVEL,DRY,NO DEFECTS,Y,IMPROPER TURNING/NO SIGNAL,NOT APPLICABLE,,NO INDICATION OF INJURY,9,6,41.8516545452,-87.7053126941,2022,30,POINT (-87.7053126941 41.8516545452),,,,,2022-06-04,False,28,North Lawndale
7131,30,NO CONTROLS,NO CONTROLS,CLEAR,DAYLIGHT,PEDALCYCLIST,NOT DIVIDED,STRAIGHT AND LEVEL,DRY,NO DEFECTS,,NOT APPLICABLE,NOT APPLICABLE,Y,NO INDICATION OF INJURY,10,6,41.8577499735,-87.6623137865,2022,30,POINT (-87.6623137865 41.8577499735),,,,,2022-06-04,False,27,Near West Side
7132,30,TRAFFIC SIGNAL,FUNCTIONING PROPERLY,CLEAR,DAYLIGHT,PEDALCYCLIST,NOT DIVIDED,STRAIGHT AND LEVEL,DRY,UNKNOWN,,UNABLE TO DETERMINE,UNABLE TO DETERMINE,,NO INDICATION OF INJURY,11,6,41.8444611955,-87.7171747455,2022,30,POINT (-87.7171747455 41.8444611955),,,,,2022-06-04,False,29,South Lawndale
7133,25,NO CONTROLS,NO CONTROLS,CLEAR,DAYLIGHT,PEDALCYCLIST,DIVIDED - W/MEDIAN (NOT RAISED),STRAIGHT AND LEVEL,DRY,NO DEFECTS,,UNABLE TO DETERMINE,UNABLE TO DETERMINE,,INCAPACITATING INJURY,14,6,41.934071851,-87.6460864951,2022,25,POINT (-87.6460864951 41.934071851),,,,,2022-06-04,True,5,Lake View
7134,30,NO CONTROLS,NO CONTROLS,CLEAR,"DARKNESS, LIGHTED ROAD",PEDALCYCLIST,NOT DIVIDED,STRAIGHT AND LEVEL,DRY,NO DEFECTS,Y,UNABLE TO DETERMINE,UNABLE TO DETERMINE,,NO INDICATION OF INJURY,21,6,41.9199410323,-87.6412815563,2022,30,POINT (-87.6412815563 41.9199410323),,,,,2022-06-04,False,6,Lincoln Park
7135,10,NO CONTROLS,NO CONTROLS,CLEAR,DAYLIGHT,PEDALCYCLIST,ONE-WAY,STRAIGHT AND LEVEL,DRY,UNKNOWN,,FAILING TO YIELD RIGHT-OF-WAY,NOT APPLICABLE,,NONINCAPACITATING INJURY,10,6,41.9993673068,-87.7067924523,2022,10,POINT (-87.7067924523 41.9993673068),,,,,2022-06-05,False,1,West Ridge
7136,30,NO CONTROLS,NO CONTROLS,CLEAR,DAYLIGHT,PEDALCYCLIST,NOT DIVIDED,STRAIGHT AND LEVEL,DRY,NO DEFECTS,,UNABLE TO DETERMINE,NOT APPLICABLE,Y,"REPORTED, NOT EVIDENT",13,6,41.9089776784,-87.6347891216,2022,30,POINT (-87.6347891216 41.9089776784),,,,,2022-06-05,False,7,Near North Side
7137,30,NO CONTROLS,NO CONTROLS,CLEAR,DAYLIGHT,PEDALCYCLIST,OTHER,STRAIGHT AND LEVEL,DRY,NO DEFECTS,,"EVASIVE ACTION DUE TO ANIMAL, OBJECT, NONMOTORIST",NOT APPLICABLE,,INCAPACITATING INJURY,13,6,41.9132955525,-87.6776744963,2022,30,POINT (-87.6776744963 41.9132955525),,,,,2022-06-05,True,6,Lincoln Park
7138,30,NO CONTROLS,NO CONTROLS,CLEAR,DAYLIGHT,PEDALCYCLIST,NOT DIVIDED,STRAIGHT AND LEVEL,DRY,NO DEFECTS,,UNABLE TO DETERMINE,NOT APPLICABLE,,"REPORTED, NOT EVIDENT",17,6,41.8962725766,-87.6544413238,2022,30,POINT (-87.6544413238 41.8962725766),,,,,2022-06-05,False,7,Near North Side
7140,30,NO CONTROLS,NO CONTROLS,CLEAR,"DARKNESS, LIGHTED ROAD",PEDALCYCLIST,NOT DIVIDED,STRAIGHT AND LEVEL,DRY,NO DEFECTS,,NOT APPLICABLE,NOT APPLICABLE,,NONINCAPACITATING INJURY,22,6,41.7507525481,-87.6308083122,2022,30,POINT (-87.6308083122 41.7507525481),,,,,2022-06-05,False,43,Chatham
7141,25,STOP SIGN/FLASHER,NO CONTROLS,RAIN,DAYLIGHT,PEDALCYCLIST,NOT DIVIDED,STRAIGHT AND LEVEL,WET,NO DEFECTS,Y,UNABLE TO DETERMINE,UNABLE TO DETERMINE,,NONINCAPACITATING INJURY,7,6,41.8542186439,-87.6613641868,2022,25,POINT (-87.6613641868 41.8542186439),,,,,2022-06-06,False,30,Lower West Side
7142,30,NO CONTROLS,NO CONTROLS,RAIN,DAYLIGHT,PEDALCYCLIST,T-INTERSECTION,STRAIGHT AND LEVEL,WET,NO DEFECTS,Y,UNABLE TO DETERMINE,NOT APPLICABLE,,NONINCAPACITATING INJURY,8,6,41.9389779582,-87.7439264445,2022,30,POINT (-87.7439264445 41.9389779582),,,,,2022-06-06,False,14,Portage Park
7143,30,NO CONTROLS,NO CONTROLS,RAIN,DAYLIGHT,PEDALCYCLIST,NOT DIVIDED,STRAIGHT AND LEVEL,WET,NO DEFECTS,,FAILING TO YIELD RIGHT-OF-WAY,NOT APPLICABLE,,NONINCAPACITATING INJURY,12,6,41.8688897111,-87.6390989281,2022,30,POINT (-87.6390989281 41.8688897111),,,,,2022-06-06,False,27,Near West Side
7144,30,NO CONTROLS,NO CONTROLS,RAIN,DAYLIGHT,PEDALCYCLIST,ONE-WAY,STRAIGHT AND LEVEL,WET,NO DEFECTS,,UNABLE TO DETERMINE,UNABLE TO DETERMINE,Y,NONINCAPACITATING INJURY,12,6,41.7760227004,-87.6652480571,2022,30,POINT (-87.6652480571 41.7760227004),,,,,2022-06-06,False,66,Englewood
7145,30,STOP SIGN/FLASHER,UNKNOWN,CLEAR,DAYLIGHT,PEDALCYCLIST,FOUR WAY,STRAIGHT AND LEVEL,DRY,NO DEFECTS,Y,UNABLE TO DETERMINE,UNABLE TO DETERMINE,,NONINCAPACITATING INJURY,16,6,41.9085605357,-87.6894853711,2022,30,POINT (-87.6894853711 41.9085605357),,,,,2022-06-06,False,23,West Town
7146,30,TRAFFIC SIGNAL,FUNCTIONING PROPERLY,CLEAR,DAYLIGHT,PEDALCYCLIST,DIVIDED - W/MEDIAN (NOT RAISED),STRAIGHT AND LEVEL,DRY,OTHER,,IMPROPER TURNING/NO SIGNAL,UNABLE TO DETERMINE,,NONINCAPACITATING INJURY,16,6,41.8908572143,-87.6770568685,2022,30,POINT (-87.6770568685 41.8908572143),,,,,2022-06-06,False,23,West Town
7147,30,STOP SIGN/FLASHER,FUNCTIONING PROPERLY,RAIN,"DARKNESS, LIGHTED ROAD",PEDALCYCLIST,FOUR WAY,STRAIGHT AND LEVEL,WET,NO DEFECTS,Y,FAILING TO REDUCE SPEED TO AVOID CRASH,FAILING TO YIELD RIGHT-OF-WAY,Y,"REPORTED, NOT EVIDENT",21,6,41.8576166871,-87.6709963307,2022,30,POINT (-87.6709963307 41.8576166871),,,,,2022-06-06,False,30,Lower West Side
7148,30,STOP SIGN/FLASHER,FUNCTIONING PROPERLY,CLEAR,DAYLIGHT,PEDALCYCLIST,NOT DIVIDED,STRAIGHT AND LEVEL,DRY,NO DEFECTS,Y,FAILING TO YIELD RIGHT-OF-WAY,NOT APPLICABLE,,NONINCAPACITATING INJURY,16,6,41.8225248189,-87.7021224243,2022,30,POINT (-87.7021224243 41.8225248189),,,,,2022-06-07,False,29,South Lawndale
7149,25,OTHER,OTHER,CLEAR,DUSK,PEDALCYCLIST,Y-INTERSECTION,STRAIGHT ON GRADE,DRY,OTHER,,DISTRACTION - FROM INSIDE VEHICLE,FAILING TO YIELD RIGHT-OF-WAY,,NONINCAPACITATING INJURY,18,6,41.9174294794,-87.691534747,2022,25,POINT (-87.691534747 41.9174294794),,,,,2022-06-07,False,21,Logan Square
7150,30,TRAFFIC SIGNAL,FUNCTIONING PROPERLY,CLEAR,"DARKNESS, LIGHTED ROAD",PEDALCYCLIST,NOT DIVIDED,STRAIGHT AND LEVEL,DRY,NO DEFECTS,Y,DISREGARDING TRAFFIC SIGNALS,NOT APPLICABLE,,NONINCAPACITATING INJURY,21,6,41.9180195829,-87.7755785454,2022,30,POINT (-87.7755785454 41.9180195829),,,,,2022-06-07,False,18,Belmont Cragin
7151,30,TRAFFIC SIGNAL,FUNCTIONING PROPERLY,CLEAR,DAYLIGHT,PEDALCYCLIST,NOT DIVIDED,STRAIGHT AND LEVEL,DRY,NO DEFECTS,,FOLLOWING TOO CLOSELY,UNABLE TO DETERMINE,,"REPORTED, NOT EVIDENT",8,6,41.8807624227,-87.6208838703,2022,30,POINT (-87.6208838703 41.8807624227),,,,,2022-06-08,False,31,Loop
7152,30,NO CONTROLS,NO CONTROLS,CLEAR,DAYLIGHT,PEDALCYCLIST,DIVIDED - W/MEDIAN (NOT RAISED),STRAIGHT AND LEVEL,WET,NO DEFECTS,,FAILING TO YIELD RIGHT-OF-WAY,NOT APPLICABLE,,NONINCAPACITATING INJURY,16,6,42.0085332269,-87.6907985302,2022,30,POINT (-87.6907985302 42.0085332269),,,,,2022-06-08,False,1,West Ridge