Unnamed: 0,POSTED_SPEED_LIMIT,TRAFFIC_CONTROL_DEVICE,DEVICE_CONDITION,WEATHER_CONDITION,LIGHTING_CONDITION,FIRST_CRASH_TYPE,TRAFFICWAY_TYPE,ALIGNMENT,ROADWAY_SURFACE_COND,ROAD_DEFECT,INTERSECTION_RELATED_I,PRIM_CONTRIBUTORY_CAUSE,SEC_CONTRIBUTORY_CAUSE,DOORING_I,MOST_SEVERE_INJURY,CRASH_HOUR,CRASH_MONTH,LATITUDE,LONGITUDE,CRASH_YEAR,SPEED_LIMIT,geometry,DISPLAYROU,the_geom,DIST,LANE_TYPE,CRASH_DATE,is_severe,index_right,CArea
7153,30,NO CONTROLS,NO CONTROLS,CLEAR,DAYLIGHT,PEDALCYCLIST,DIVIDED - W/MEDIAN (NOT RAISED),STRAIGHT AND LEVEL,DRY,NO DEFECTS,Y,IMPROPER OVERTAKING/PASSING,FAILING TO YIELD RIGHT-OF-WAY,,NONINCAPACITATING INJURY,17,6,41.8580473298,-87.6574229513,2022,30,POINT (-87.6574229513 41.8580473298),,,,,2022-06-08,False,27,Near West Side
7154,30,NO CONTROLS,NO CONTROLS,CLEAR,DAYLIGHT,PEDALCYCLIST,NOT DIVIDED,STRAIGHT AND LEVEL,WET,NO DEFECTS,,FAILING TO YIELD RIGHT-OF-WAY,NOT APPLICABLE,,NONINCAPACITATING INJURY,17,6,41.9045477629,-87.6681098713,2022,30,POINT (-87.6681098713 41.9045477629),,,,,2022-06-08,False,23,West Town
7155,35,NO CONTROLS,NO CONTROLS,RAIN,DAYLIGHT,PEDALCYCLIST,NOT DIVIDED,STRAIGHT AND LEVEL,WET,UNKNOWN,,FOLLOWING TOO CLOSELY,NOT APPLICABLE,,"REPORTED, NOT EVIDENT",18,6,41.6892779084,-87.6084025367,2022,35,POINT (-87.6084025367 41.6892779084),,,,,2022-06-08,False,48,Roseland
7156,30,STOP SIGN/FLASHER,NO CONTROLS,CLEAR,DARKNESS,PEDALCYCLIST,T-INTERSECTION,STRAIGHT AND LEVEL,UNKNOWN,UNKNOWN,Y,DISREGARDING STOP SIGN,NOT APPLICABLE,,NONINCAPACITATING INJURY,21,6,42.0053725324,-87.6750870016,2022,30,POINT (-87.6750870016 42.0053725324),,,,,2022-06-08,False,0,Rogers Park
7157,25,NO CONTROLS,NO CONTROLS,CLEAR,DARKNESS,PEDALCYCLIST,NOT DIVIDED,STRAIGHT AND LEVEL,DRY,NO DEFECTS,,UNABLE TO DETERMINE,NOT APPLICABLE,Y,NONINCAPACITATING INJURY,22,6,41.8579737211,-87.6620469023,2022,25,POINT (-87.6620469023 41.8579737211),,,,,2022-06-08,False,27,Near West Side
7158,30,TRAFFIC SIGNAL,FUNCTIONING PROPERLY,CLEAR,DAWN,PEDALCYCLIST,DIVIDED - W/MEDIAN (NOT RAISED),STRAIGHT AND LEVEL,DRY,NO DEFECTS,Y,FAILING TO YIELD RIGHT-OF-WAY,NOT APPLICABLE,,NONINCAPACITATING INJURY,4,6,41.9610773954,-87.708186162,2022,30,POINT (-87.708186162 41.9610773954),,,,,2022-06-09,False,13,Albany Park
7159,25,STOP SIGN/FLASHER,FUNCTIONING PROPERLY,CLEAR,DAYLIGHT,PEDALCYCLIST,T-INTERSECTION,STRAIGHT AND LEVEL,DRY,"RUT, HOLES",,FAILING TO YIELD RIGHT-OF-WAY,FAILING TO YIELD RIGHT-OF-WAY,,NONINCAPACITATING INJURY,6,6,41.8825954541,-87.6923682803,2022,25,POINT (-87.6923682803 41.8825954541),,,,,2022-06-09,False,26,Garfield Park
7160,30,STOP SIGN/FLASHER,FUNCTIONING PROPERLY,CLEAR,DAYLIGHT,PEDALCYCLIST,ONE-WAY,STRAIGHT AND LEVEL,DRY,NO DEFECTS,Y,FAILING TO YIELD RIGHT-OF-WAY,NOT APPLICABLE,,INCAPACITATING INJURY,7,6,41.9424609351,-87.7517523589,2022,30,POINT (-87.7517523589 41.9424609351),,,,,2022-06-09,True,14,Portage Park
7161,10,NO CONTROLS,NO CONTROLS,CLEAR,DAYLIGHT,PEDALCYCLIST,PARKING LOT,STRAIGHT AND LEVEL,DRY,NO DEFECTS,,IMPROPER BACKING,FAILING TO YIELD RIGHT-OF-WAY,,NONINCAPACITATING INJURY,14,6,41.9220638,-87.6322330599,2022,10,POINT (-87.6322330599 41.9220638),,,,,2022-06-09,False,6,Lincoln Park
7162,35,TRAFFIC SIGNAL,FUNCTIONING PROPERLY,CLEAR,DAYLIGHT,PEDALCYCLIST,NOT DIVIDED,STRAIGHT AND LEVEL,DRY,NO DEFECTS,,UNABLE TO DETERMINE,NOT APPLICABLE,,NO INDICATION OF INJURY,16,6,41.9511811793,-87.7471070767,2022,35,POINT (-87.7471070767 41.9511811793),,,,,2022-06-09,False,14,Portage Park
7163,30,NO CONTROLS,NO CONTROLS,CLEAR,DAYLIGHT,PEDALCYCLIST,NOT DIVIDED,STRAIGHT AND LEVEL,DRY,NO DEFECTS,,FAILING TO YIELD RIGHT-OF-WAY,FAILING TO YIELD RIGHT-OF-WAY,,NONINCAPACITATING INJURY,14,6,41.7362616994,-87.6290647164,2022,30,POINT (-87.6290647164 41.7362616994),,,,,2022-06-10,False,43,Chatham
7164,30,STOP SIGN/FLASHER,FUNCTIONING PROPERLY,CLEAR,DAYLIGHT,PEDALCYCLIST,FOUR WAY,STRAIGHT AND LEVEL,DRY,NO DEFECTS,Y,FAILING TO YIELD RIGHT-OF-WAY,UNABLE TO DETERMINE,,INCAPACITATING INJURY,14,6,41.98487361,-87.6906533031,2022,30,POINT (-87.6906533031 41.98487361),,,,,2022-06-10,True,1,West Ridge
7166,30,TRAFFIC SIGNAL,UNKNOWN,UNKNOWN,UNKNOWN,PEDALCYCLIST,FOUR WAY,STRAIGHT AND LEVEL,UNKNOWN,UNKNOWN,,DRIVING SKILLS/KNOWLEDGE/EXPERIENCE,"OPERATING VEHICLE IN ERRATIC, RECKLESS, CARELESS, NEGLIGENT OR AGGRESSIVE MANNER",,NONINCAPACITATING INJURY,15,6,41.7509181383,-87.6246901225,2022,30,POINT (-87.6246901225 41.7509181383),,,,,2022-06-10,False,43,Chatham
7167,30,NO CONTROLS,NO CONTROLS,CLEAR,DAYLIGHT,PEDALCYCLIST,NOT DIVIDED,STRAIGHT AND LEVEL,DRY,NO DEFECTS,,IMPROPER TURNING/NO SIGNAL,NOT APPLICABLE,,NONINCAPACITATING INJURY,15,6,41.9961554537,-87.7865702012,2022,30,POINT (-87.7865702012 41.9961554537),,,,,2022-06-10,False,10,Jefferson Park
7168,30,UNKNOWN,UNKNOWN,CLEAR,DAYLIGHT,PEDALCYCLIST,FOUR WAY,STRAIGHT AND LEVEL,UNKNOWN,UNKNOWN,Y,FAILING TO YIELD RIGHT-OF-WAY,FAILING TO YIELD RIGHT-OF-WAY,,INCAPACITATING INJURY,15,6,41.8901384104,-87.6474605255,2022,30,POINT (-87.6474605255 41.8901384104),,,,,2022-06-10,True,7,Near North Side
7169,30,STOP SIGN/FLASHER,FUNCTIONING PROPERLY,CLEAR,DAYLIGHT,PEDALCYCLIST,FOUR WAY,STRAIGHT AND LEVEL,DRY,NO DEFECTS,Y,UNABLE TO DETERMINE,UNABLE TO DETERMINE,,NONINCAPACITATING INJURY,17,6,41.8661106574,-87.661704515,2022,30,POINT (-87.661704515 41.8661106574),,,,,2022-06-10,False,27,Near West Side
7170,30,TRAFFIC SIGNAL,FUNCTIONING PROPERLY,CLEAR,DAYLIGHT,PEDALCYCLIST,FOUR WAY,STRAIGHT AND LEVEL,DRY,NO DEFECTS,Y,FAILING TO YIELD RIGHT-OF-WAY,FOLLOWING TOO CLOSELY,,"REPORTED, NOT EVIDENT",18,6,41.9462694828,-87.7358635809,2022,30,POINT (-87.7358635809 41.9462694828),,,,,2022-06-10,False,15,Irving Park
7171,30,NO CONTROLS,NO CONTROLS,CLEAR,DAYLIGHT,PEDALCYCLIST,NOT DIVIDED,STRAIGHT AND LEVEL,DRY,NO DEFECTS,,IMPROPER TURNING/NO SIGNAL,IMPROPER TURNING/NO SIGNAL,,NONINCAPACITATING INJURY,9,6,41.8981808212,-87.7211346828,2022,30,POINT (-87.7211346828 41.8981808212),,,,,2022-06-11,False,22,Humboldt Park
7172,30,TRAFFIC SIGNAL,FUNCTIONING PROPERLY,CLEAR,DAYLIGHT,PEDALCYCLIST,FOUR WAY,STRAIGHT AND LEVEL,DRY,NO DEFECTS,Y,IMPROPER LANE USAGE,DRIVING SKILLS/KNOWLEDGE/EXPERIENCE,,NO INDICATION OF INJURY,11,6,41.9259482505,-87.6778076495,2022,30,POINT (-87.6778076495 41.9259482505),,,,,2022-06-11,False,6,Lincoln Park
7173,30,TRAFFIC SIGNAL,FUNCTIONING PROPERLY,CLEAR,DAYLIGHT,PEDALCYCLIST,NOT DIVIDED,STRAIGHT AND LEVEL,DRY,NO DEFECTS,Y,UNABLE TO DETERMINE,NOT APPLICABLE,,NONINCAPACITATING INJURY,16,6,41.8774769618,-87.6861960296,2022,30,POINT (-87.6861960296 41.8774769618),,,,,2022-06-11,False,27,Near West Side
7174,20,TRAFFIC SIGNAL,FUNCTIONING PROPERLY,CLEAR,DAYLIGHT,PEDALCYCLIST,NOT DIVIDED,STRAIGHT AND LEVEL,DRY,UNKNOWN,Y,FOLLOWING TOO CLOSELY,UNABLE TO DETERMINE,,NONINCAPACITATING INJURY,16,6,41.8309701294,-87.6234021222,2022,20,POINT (-87.6234021222 41.8309701294),,,,,2022-06-11,False,34,Douglas
7175,30,NO CONTROLS,NO CONTROLS,CLEAR,DAYLIGHT,PEDALCYCLIST,NOT DIVIDED,STRAIGHT AND LEVEL,DRY,NO DEFECTS,,FAILING TO YIELD RIGHT-OF-WAY,NOT APPLICABLE,,NONINCAPACITATING INJURY,18,6,41.9106397209,-87.6746224972,2022,30,POINT (-87.6746224972 41.9106397209),,,,,2022-06-11,False,23,West Town
7176,35,NO CONTROLS,NO CONTROLS,CLEAR,"DARKNESS, LIGHTED ROAD",PEDALCYCLIST,DIVIDED - W/MEDIAN (NOT RAISED),STRAIGHT AND LEVEL,DRY,NO DEFECTS,,UNABLE TO DETERMINE,UNABLE TO DETERMINE,,NONINCAPACITATING INJURY,21,6,41.7550276868,-87.5862695217,2022,35,POINT (-87.5862695217 41.7550276868),,,,,2022-06-11,False,42,South Shore
7177,30,NO CONTROLS,NO CONTROLS,CLEAR,"DARKNESS, LIGHTED ROAD",PEDALCYCLIST,NOT DIVIDED,STRAIGHT AND LEVEL,DRY,NO DEFECTS,,FAILING TO YIELD RIGHT-OF-WAY,FAILING TO YIELD RIGHT-OF-WAY,,INCAPACITATING INJURY,22,6,41.7434735935,-87.6434339893,2022,30,POINT (-87.6434339893 41.7434735935),,,,,2022-06-11,True,70,Auburn Gresham
7178,30,UNKNOWN,UNKNOWN,UNKNOWN,DAYLIGHT,PEDALCYCLIST,NOT DIVIDED,STRAIGHT AND LEVEL,DRY,UNKNOWN,,UNABLE TO DETERMINE,UNABLE TO DETERMINE,N,"REPORTED, NOT EVIDENT",11,6,41.974645684,-87.659970179,2022,30,POINT (-87.659970179 41.974645684),,,,,2022-06-12,False,2,Uptown
7179,30,NO CONTROLS,NO CONTROLS,CLEAR,DAYLIGHT,PEDALCYCLIST,NOT DIVIDED,STRAIGHT AND LEVEL,DRY,NO DEFECTS,,UNABLE TO DETERMINE,NOT APPLICABLE,Y,NONINCAPACITATING INJURY,14,6,41.9208877057,-87.7124784311,2022,30,POINT (-87.7124784311 41.9208877057),,,,,2022-06-12,False,21,Logan Square
7180,30,BICYCLE CROSSING SIGN,NO CONTROLS,CLEAR,DAYLIGHT,PEDALCYCLIST,NOT DIVIDED,STRAIGHT AND LEVEL,DRY,NO DEFECTS,,FAILING TO YIELD RIGHT-OF-WAY,DISREGARDING TRAFFIC SIGNALS,,NO INDICATION OF INJURY,15,6,41.8671220173,-87.6414076004,2022,30,POINT (-87.6414076004 41.8671220173),,,,,2022-06-12,False,27,Near West Side
7181,30,NO CONTROLS,NO CONTROLS,CLEAR,DAYLIGHT,PEDALCYCLIST,NOT DIVIDED,STRAIGHT AND LEVEL,DRY,NO DEFECTS,,UNABLE TO DETERMINE,NOT APPLICABLE,Y,"REPORTED, NOT EVIDENT",15,6,41.9343928945,-87.7158998886,2022,30,POINT (-87.7158998886 41.9343928945),,,,,2022-06-12,False,20,Avondale
7182,30,NO CONTROLS,NO CONTROLS,CLEAR,DAYLIGHT,PEDALCYCLIST,DIVIDED - W/MEDIAN (NOT RAISED),STRAIGHT AND LEVEL,DRY,NO DEFECTS,Y,UNABLE TO DETERMINE,UNABLE TO DETERMINE,,NONINCAPACITATING INJURY,16,6,41.9724558691,-87.6677563103,2022,30,POINT (-87.6677563103 41.9724558691),,,,,2022-06-12,False,2,Uptown
7183,30,STOP SIGN/FLASHER,FUNCTIONING PROPERLY,CLEAR,DAYLIGHT,PEDALCYCLIST,NOT DIVIDED,STRAIGHT AND LEVEL,DRY,NO DEFECTS,Y,FAILING TO REDUCE SPEED TO AVOID CRASH,NOT APPLICABLE,,NONINCAPACITATING INJURY,17,6,41.8455670276,-87.6368550875,2022,30,POINT (-87.6368550875 41.8455670276),,,,,2022-06-12,False,30,Lower West Side
7184,25,TRAFFIC SIGNAL,FUNCTIONING PROPERLY,CLEAR,DAYLIGHT,PEDALCYCLIST,NOT DIVIDED,STRAIGHT AND LEVEL,DRY,NO DEFECTS,,UNABLE TO DETERMINE,UNABLE TO DETERMINE,,NO INDICATION OF INJURY,18,6,41.8844994927,-87.635233576,2022,25,POINT (-87.635233576 41.8844994927),,,,,2022-06-12,False,27,Near West Side
7185,30,STOP SIGN/FLASHER,FUNCTIONING PROPERLY,CLEAR,DAYLIGHT,PEDALCYCLIST,TRAFFIC ROUTE,STRAIGHT AND LEVEL,DRY,NO DEFECTS,Y,"VISION OBSCURED (SIGNS, TREE LIMBS, BUILDINGS, ETC.)",UNABLE TO DETERMINE,,NONINCAPACITATING INJURY,12,6,41.968477061,-87.7147374827,2022,30,POINT (-87.7147374827 41.968477061),,,,,2022-06-13,False,13,Albany Park
7186,30,TRAFFIC SIGNAL,FUNCTIONING PROPERLY,CLEAR,DAYLIGHT,PEDALCYCLIST,DIVIDED - W/MEDIAN BARRIER,STRAIGHT AND LEVEL,DRY,NO DEFECTS,Y,UNABLE TO DETERMINE,UNABLE TO DETERMINE,,NO INDICATION OF INJURY,13,6,41.9360911216,-87.6686781535,2022,30,POINT (-87.6686781535 41.9360911216),,,,,2022-06-13,False,5,Lake View
7187,30,NO CONTROLS,NO CONTROLS,CLEAR,DAYLIGHT,PEDALCYCLIST,OTHER,STRAIGHT AND LEVEL,DRY,NO DEFECTS,,NOT APPLICABLE,NOT APPLICABLE,,NONINCAPACITATING INJURY,13,6,41.7756633676,-87.7423278111,2022,30,POINT (-87.7423278111 41.7756633676),,,,,2022-06-13,False,63,Clearing
7188,30,STOP SIGN/FLASHER,FUNCTIONING PROPERLY,CLEAR,DAYLIGHT,PEDALCYCLIST,NOT DIVIDED,STRAIGHT AND LEVEL,DRY,NO DEFECTS,Y,FAILING TO YIELD RIGHT-OF-WAY,IMPROPER TURNING/NO SIGNAL,,INCAPACITATING INJURY,14,6,41.8974802397,-87.6280743201,2022,30,POINT (-87.6280743201 41.8974802397),,,,,2022-06-13,True,7,Near North Side
7189,30,NO CONTROLS,NO CONTROLS,CLEAR,DAYLIGHT,PEDALCYCLIST,NOT DIVIDED,STRAIGHT AND LEVEL,DRY,NO DEFECTS,,UNABLE TO DETERMINE,NOT APPLICABLE,,NO INDICATION OF INJURY,17,6,41.8997608828,-87.6710012937,2022,30,POINT (-87.6710012937 41.8997608828),,,,,2022-06-13,False,23,West Town
7190,30,TRAFFIC SIGNAL,FUNCTIONING PROPERLY,CLEAR,DAYLIGHT,PEDALCYCLIST,NOT DIVIDED,STRAIGHT AND LEVEL,DRY,NO DEFECTS,Y,FAILING TO YIELD RIGHT-OF-WAY,IMPROPER OVERTAKING/PASSING,,NONINCAPACITATING INJURY,17,6,41.9680393614,-87.7402838945,2022,30,POINT (-87.7402838945 41.9680393614),,,,,2022-06-13,False,11,Forest Glen
7191,30,NO CONTROLS,NO CONTROLS,RAIN,DUSK,PEDALCYCLIST,T-INTERSECTION,STRAIGHT AND LEVEL,WET,NO DEFECTS,Y,IMPROPER TURNING/NO SIGNAL,IMPROPER TURNING/NO SIGNAL,,NONINCAPACITATING INJURY,19,6,41.925425424,-87.6570447333,2022,30,POINT (-87.6570447333 41.925425424),,,,,2022-06-13,False,6,Lincoln Park
7192,30,STOP SIGN/FLASHER,FUNCTIONING PROPERLY,OTHER,DARKNESS,PEDALCYCLIST,NOT DIVIDED,STRAIGHT AND LEVEL,WET,UNKNOWN,Y,IMPROPER OVERTAKING/PASSING,UNABLE TO DETERMINE,,"REPORTED, NOT EVIDENT",20,6,41.9379838372,-87.6639038546,2022,30,POINT (-87.6639038546 41.9379838372),,,,,2022-06-13,False,5,Lake View
7193,20,NO CONTROLS,NO CONTROLS,CLEAR,"DARKNESS, LIGHTED ROAD",PEDALCYCLIST,NOT DIVIDED,STRAIGHT AND LEVEL,DRY,UNKNOWN,,FAILING TO REDUCE SPEED TO AVOID CRASH,UNABLE TO DETERMINE,,NONINCAPACITATING INJURY,1,6,41.8084009425,-87.6746240177,2022,20,POINT (-87.6746240177 41.8084009425),,,,,2022-06-14,False,60,New City
7194,25,TRAFFIC SIGNAL,FUNCTIONING PROPERLY,CLEAR,DAYLIGHT,PEDALCYCLIST,FOUR WAY,STRAIGHT AND LEVEL,DRY,NO DEFECTS,,UNABLE TO DETERMINE,UNABLE TO DETERMINE,,NO INDICATION OF INJURY,10,6,41.9464464296,-87.697877928,2022,25,POINT (-87.697877928 41.9464464296),,,,,2022-06-14,False,15,Irving Park
7195,30,NO CONTROLS,NO CONTROLS,CLEAR,DAYLIGHT,PEDALCYCLIST,DIVIDED - W/MEDIAN BARRIER,STRAIGHT AND LEVEL,DRY,NO DEFECTS,,UNABLE TO DETERMINE,NOT APPLICABLE,,NONINCAPACITATING INJURY,12,6,41.7354224283,-87.6821258965,2022,30,POINT (-87.6821258965 41.7354224283),,,,,2022-06-14,False,69,Ashburn
7196,30,NO CONTROLS,NO CONTROLS,CLEAR,DAYLIGHT,PEDALCYCLIST,OTHER,STRAIGHT AND LEVEL,DRY,UNKNOWN,,UNABLE TO DETERMINE,UNABLE TO DETERMINE,,NONINCAPACITATING INJURY,14,6,41.9181939225,-87.6548993119,2022,30,POINT (-87.6548993119 41.9181939225),,,,,2022-06-14,False,6,Lincoln Park
7197,30,NO CONTROLS,NO CONTROLS,CLEAR,DAYLIGHT,PEDALCYCLIST,DIVIDED - W/MEDIAN (NOT RAISED),STRAIGHT AND LEVEL,DRY,NO DEFECTS,,UNABLE TO DETERMINE,NOT APPLICABLE,,NO INDICATION OF INJURY,14,6,41.8805559627,-87.7493373808,2022,30,POINT (-87.7493373808 41.8805559627),,,,,2022-06-14,False,24,Austin
7198,30,STOP SIGN/FLASHER,FUNCTIONING PROPERLY,CLEAR,DAYLIGHT,PEDALCYCLIST,ROUNDABOUT,STRAIGHT AND LEVEL,DRY,UNKNOWN,Y,UNABLE TO DETERMINE,NOT APPLICABLE,,NONINCAPACITATING INJURY,14,6,41.9568886439,-87.7697170032,2022,30,POINT (-87.7697170032 41.9568886439),,,,,2022-06-14,False,14,Portage Park
7199,30,NO CONTROLS,NO CONTROLS,CLEAR,DAYLIGHT,PEDALCYCLIST,NOT DIVIDED,STRAIGHT AND LEVEL,DRY,NO DEFECTS,,"OPERATING VEHICLE IN ERRATIC, RECKLESS, CARELESS, NEGLIGENT OR AGGRESSIVE MANNER",NOT APPLICABLE,Y,"REPORTED, NOT EVIDENT",16,6,41.9099987591,-87.67664791,2022,30,POINT (-87.67664791 41.9099987591),,,,,2022-06-14,False,23,West Town
7200,30,TRAFFIC SIGNAL,FUNCTIONING PROPERLY,CLEAR,DAYLIGHT,PEDALCYCLIST,FOUR WAY,STRAIGHT AND LEVEL,DRY,NO DEFECTS,Y,UNABLE TO DETERMINE,UNABLE TO DETERMINE,,NONINCAPACITATING INJURY,17,6,41.9258473743,-87.6337729038,2022,30,POINT (-87.6337729038 41.9258473743),,,,,2022-06-14,False,6,Lincoln Park
7201,30,NO CONTROLS,NO CONTROLS,CLEAR,DAYLIGHT,PEDALCYCLIST,NOT DIVIDED,STRAIGHT AND LEVEL,DRY,NO DEFECTS,,IMPROPER TURNING/NO SIGNAL,NOT APPLICABLE,,INCAPACITATING INJURY,18,6,41.9064731988,-87.6344199474,2022,30,POINT (-87.6344199474 41.9064731988),,,,,2022-06-14,True,7,Near North Side
7202,30,STOP SIGN/FLASHER,FUNCTIONING PROPERLY,CLEAR,DAYLIGHT,PEDALCYCLIST,FOUR WAY,STRAIGHT AND LEVEL,DRY,NO DEFECTS,Y,UNABLE TO DETERMINE,UNABLE TO DETERMINE,,NONINCAPACITATING INJURY,19,6,41.997463981,-87.7876102434,2022,30,POINT (-87.7876102434 41.997463981),,,,,2022-06-14,False,11,Forest Glen
7203,30,STOP SIGN/FLASHER,FUNCTIONING PROPERLY,CLEAR,DAYLIGHT,PEDALCYCLIST,NOT DIVIDED,STRAIGHT AND LEVEL,DRY,NO DEFECTS,Y,UNABLE TO DETERMINE,UNABLE TO DETERMINE,,NONINCAPACITATING INJURY,7,6,41.9507170099,-87.6714505693,2022,30,POINT (-87.6714505693 41.9507170099),,,,,2022-06-15,False,5,Lake View
7204,15,STOP SIGN/FLASHER,FUNCTIONING PROPERLY,CLEAR,DAYLIGHT,PEDALCYCLIST,PARKING LOT,STRAIGHT AND LEVEL,DRY,NO DEFECTS,,FAILING TO YIELD RIGHT-OF-WAY,UNABLE TO DETERMINE,,"REPORTED, NOT EVIDENT",9,6,41.9095051477,-87.7469599363,2022,15,POINT (-87.7469599363 41.9095051477),,,,,2022-06-15,False,24,Austin
7205,30,NO CONTROLS,NO CONTROLS,CLEAR,DAYLIGHT,PEDALCYCLIST,NOT DIVIDED,"CURVE, LEVEL",DRY,NO DEFECTS,,FAILING TO YIELD RIGHT-OF-WAY,NOT APPLICABLE,,NO INDICATION OF INJURY,10,6,41.9315414906,-87.6388473962,2022,30,POINT (-87.6388473962 41.9315414906),,,,,2022-06-15,False,6,Lincoln Park
7206,30,STOP SIGN/FLASHER,FUNCTIONING PROPERLY,CLEAR,DAYLIGHT,PEDALCYCLIST,FOUR WAY,STRAIGHT AND LEVEL,DRY,NO DEFECTS,Y,FAILING TO YIELD RIGHT-OF-WAY,UNABLE TO DETERMINE,,NO INDICATION OF INJURY,12,6,41.9612217841,-87.7145058461,2022,30,POINT (-87.7145058461 41.9612217841),,,,,2022-06-15,False,13,Albany Park
7207,30,UNKNOWN,UNKNOWN,CLEAR,DAYLIGHT,PEDALCYCLIST,ALLEY,STRAIGHT AND LEVEL,DRY,UNKNOWN,,UNABLE TO DETERMINE,UNABLE TO DETERMINE,,"REPORTED, NOT EVIDENT",15,6,41.8465040257,-87.700349832,2022,30,POINT (-87.700349832 41.8465040257),,,,,2022-06-15,False,28,North Lawndale
7208,30,NO CONTROLS,NO CONTROLS,CLEAR,DAYLIGHT,PEDALCYCLIST,NOT DIVIDED,STRAIGHT AND LEVEL,DRY,NO DEFECTS,,FAILING TO YIELD RIGHT-OF-WAY,UNABLE TO DETERMINE,,NONINCAPACITATING INJURY,18,6,41.9757749628,-87.7159300829,2022,30,POINT (-87.7159300829 41.9757749628),,,,,2022-06-15,False,12,North Park
7209,30,NO CONTROLS,NO CONTROLS,CLEAR,DAYLIGHT,PEDALCYCLIST,DIVIDED - W/MEDIAN BARRIER,STRAIGHT AND LEVEL,DRY,NO DEFECTS,,FAILING TO YIELD RIGHT-OF-WAY,NOT APPLICABLE,,NONINCAPACITATING INJURY,18,6,41.7495671276,-87.6051278448,2022,30,POINT (-87.6051278448 41.7495671276),,,,,2022-06-15,False,43,Chatham
7210,30,NO CONTROLS,NO CONTROLS,CLEAR,DAYLIGHT,PEDALCYCLIST,ALLEY,STRAIGHT AND LEVEL,DRY,NO DEFECTS,,UNABLE TO DETERMINE,UNABLE TO DETERMINE,,NONINCAPACITATING INJURY,18,6,41.8428122786,-87.7045871267,2022,30,POINT (-87.7045871267 41.8428122786),,,,,2022-06-15,False,29,South Lawndale
7211,30,STOP SIGN/FLASHER,FUNCTIONING PROPERLY,CLEAR,DAYLIGHT,PEDALCYCLIST,FOUR WAY,STRAIGHT AND LEVEL,DRY,NO DEFECTS,Y,DRIVING ON WRONG SIDE/WRONG WAY,UNABLE TO DETERMINE,,INCAPACITATING INJURY,19,6,41.7590233849,-87.555424894,2022,30,POINT (-87.555424894 41.7590233849),,,,,2022-06-15,True,42,South Shore
7212,30,STOP SIGN/FLASHER,NO CONTROLS,CLEAR,"DARKNESS, LIGHTED ROAD",PEDALCYCLIST,NOT DIVIDED,STRAIGHT AND LEVEL,DRY,NO DEFECTS,Y,FAILING TO REDUCE SPEED TO AVOID CRASH,FAILING TO YIELD RIGHT-OF-WAY,,NONINCAPACITATING INJURY,21,6,41.9297760404,-87.6394153924,2022,30,POINT (-87.6394153924 41.9297760404),,,,,2022-06-15,False,6,Lincoln Park
7213,30,NO CONTROLS,NO CONTROLS,RAIN,"DARKNESS, LIGHTED ROAD",PEDALCYCLIST,NOT DIVIDED,STRAIGHT AND LEVEL,WET,UNKNOWN,,NOT APPLICABLE,NOT APPLICABLE,,INCAPACITATING INJURY,1,6,41.9736177254,-87.6547892431,2022,30,POINT (-87.6547892431 41.9736177254),,,,,2022-06-16,True,2,Uptown
7214,30,NO CONTROLS,NO CONTROLS,CLEAR,DAYLIGHT,PEDALCYCLIST,FOUR WAY,STRAIGHT AND LEVEL,DRY,NO DEFECTS,Y,UNABLE TO DETERMINE,NOT APPLICABLE,,NONINCAPACITATING INJURY,7,6,41.9609168841,-87.7385752933,2022,30,POINT (-87.7385752933 41.9609168841),,,,,2022-06-16,False,15,Irving Park
7215,25,NO CONTROLS,NO CONTROLS,UNKNOWN,UNKNOWN,PEDALCYCLIST,NOT DIVIDED,STRAIGHT AND LEVEL,UNKNOWN,UNKNOWN,,UNABLE TO DETERMINE,UNABLE TO DETERMINE,,NO INDICATION OF INJURY,9,6,41.9674574288,-87.6503080602,2022,25,POINT (-87.6503080602 41.9674574288),,,,,2022-06-16,False,2,Uptown
7216,30,NO CONTROLS,NO CONTROLS,CLEAR,DAYLIGHT,PEDALCYCLIST,NOT DIVIDED,STRAIGHT AND LEVEL,DRY,NO DEFECTS,Y,UNABLE TO DETERMINE,UNABLE TO DETERMINE,,NONINCAPACITATING INJURY,11,6,41.9828393096,-87.7658426527,2022,30,POINT (-87.7658426527 41.9828393096),,,,,2022-06-16,False,10,Jefferson Park
7217,30,TRAFFIC SIGNAL,FUNCTIONING PROPERLY,CLEAR,DAYLIGHT,PEDALCYCLIST,NOT DIVIDED,STRAIGHT AND LEVEL,UNKNOWN,UNKNOWN,Y,IMPROPER OVERTAKING/PASSING,UNABLE TO DETERMINE,,NONINCAPACITATING INJURY,12,6,41.9473042872,-87.6566593224,2022,30,POINT (-87.6566593224 41.9473042872),,,,,2022-06-16,False,5,Lake View
7218,30,NO CONTROLS,NO CONTROLS,CLEAR,DAYLIGHT,PEDALCYCLIST,T-INTERSECTION,STRAIGHT ON GRADE,DRY,NO DEFECTS,Y,UNABLE TO DETERMINE,UNABLE TO DETERMINE,,NONINCAPACITATING INJURY,15,6,41.9978723263,-87.6755989011,2022,30,POINT (-87.6755989011 41.9978723263),,,,,2022-06-16,False,1,West Ridge
7219,30,NO CONTROLS,NO CONTROLS,CLEAR,DAYLIGHT,PEDALCYCLIST,NOT DIVIDED,STRAIGHT AND LEVEL,DRY,NO DEFECTS,Y,UNABLE TO DETERMINE,UNABLE TO DETERMINE,,NO INDICATION OF INJURY,16,6,41.8963916501,-87.6428153617,2022,30,POINT (-87.6428153617 41.8963916501),,,,,2022-06-16,False,7,Near North Side