Unnamed: 0,POSTED_SPEED_LIMIT,TRAFFIC_CONTROL_DEVICE,DEVICE_CONDITION,WEATHER_CONDITION,LIGHTING_CONDITION,FIRST_CRASH_TYPE,TRAFFICWAY_TYPE,ALIGNMENT,ROADWAY_SURFACE_COND,ROAD_DEFECT,INTERSECTION_RELATED_I,PRIM_CONTRIBUTORY_CAUSE,SEC_CONTRIBUTORY_CAUSE,DOORING_I,MOST_SEVERE_INJURY,CRASH_HOUR,CRASH_MONTH,LATITUDE,LONGITUDE,CRASH_YEAR,SPEED_LIMIT,geometry,DISPLAYROU,the_geom,DIST,LANE_TYPE,CRASH_DATE,is_severe,index_right,CArea
7220,10,NO CONTROLS,NO CONTROLS,CLEAR,DAYLIGHT,PEDALCYCLIST,PARKING LOT,STRAIGHT AND LEVEL,DRY,WORN SURFACE,,IMPROPER OVERTAKING/PASSING,NOT APPLICABLE,,"REPORTED, NOT EVIDENT",19,6,41.9274999696,-87.7820611114,2022,10,POINT (-87.7820611114 41.9274999696),,,,,2022-06-16,False,18,Belmont Cragin
7221,30,NO CONTROLS,NO CONTROLS,CLEAR,DAYLIGHT,PEDALCYCLIST,NOT DIVIDED,STRAIGHT AND LEVEL,DRY,NO DEFECTS,,UNABLE TO DETERMINE,NOT APPLICABLE,,NONINCAPACITATING INJURY,19,6,41.8215885209,-87.6849272339,2022,30,POINT (-87.6849272339 41.8215885209),,,,,2022-06-16,False,57,Brighton Park
7222,25,NO CONTROLS,NO CONTROLS,CLEAR,"DARKNESS, LIGHTED ROAD",PEDALCYCLIST,NOT DIVIDED,STRAIGHT AND LEVEL,DRY,NO DEFECTS,,DRIVING SKILLS/KNOWLEDGE/EXPERIENCE,NOT APPLICABLE,,NO INDICATION OF INJURY,21,6,41.9758497577,-87.8416926016,2022,25,POINT (-87.8416926016 41.9758497577),,,,,2022-06-16,False,75,O'Hare
7223,30,NO CONTROLS,NO CONTROLS,CLEAR,DAYLIGHT,PEDALCYCLIST,ONE-WAY,STRAIGHT AND LEVEL,DRY,UNKNOWN,,NOT APPLICABLE,NOT APPLICABLE,,NONINCAPACITATING INJURY,12,6,41.9835288719,-87.7151418035,2022,30,POINT (-87.7151418035 41.9835288719),,,,,2022-06-17,False,12,North Park
7224,30,UNKNOWN,UNKNOWN,CLEAR,DAYLIGHT,PEDALCYCLIST,NOT DIVIDED,STRAIGHT AND LEVEL,DRY,UNKNOWN,,FAILING TO YIELD RIGHT-OF-WAY,FAILING TO YIELD RIGHT-OF-WAY,,INCAPACITATING INJURY,13,6,41.9616455565,-87.6566959211,2022,30,POINT (-87.6566959211 41.9616455565),,,,,2022-06-17,True,2,Uptown
7225,30,TRAFFIC SIGNAL,FUNCTIONING PROPERLY,CLEAR,DAYLIGHT,PEDALCYCLIST,NOT DIVIDED,STRAIGHT AND LEVEL,DRY,NO DEFECTS,Y,DISREGARDING OTHER TRAFFIC SIGNS,NOT APPLICABLE,,NONINCAPACITATING INJURY,14,6,41.9762830559,-87.6551477688,2022,30,POINT (-87.6551477688 41.9762830559),,,,,2022-06-17,False,2,Uptown
7226,30,NO CONTROLS,NO CONTROLS,CLEAR,DAYLIGHT,PEDALCYCLIST,NOT DIVIDED,STRAIGHT AND LEVEL,DRY,NO DEFECTS,,IMPROPER TURNING/NO SIGNAL,NOT APPLICABLE,,"REPORTED, NOT EVIDENT",14,6,41.8852994989,-87.6627586377,2022,30,POINT (-87.6627586377 41.8852994989),,,,,2022-06-17,False,27,Near West Side
7227,30,NO CONTROLS,NO CONTROLS,CLEAR,DAYLIGHT,PEDALCYCLIST,DIVIDED - W/MEDIAN (NOT RAISED),STRAIGHT AND LEVEL,DRY,NO DEFECTS,,UNABLE TO DETERMINE,UNABLE TO DETERMINE,,NONINCAPACITATING INJURY,16,6,41.9972414438,-87.711541552,2022,30,POINT (-87.711541552 41.9972414438),,,,,2022-06-17,False,12,North Park
7228,30,TRAFFIC SIGNAL,FUNCTIONING PROPERLY,CLEAR,DAYLIGHT,PEDALCYCLIST,FOUR WAY,STRAIGHT AND LEVEL,DRY,NO DEFECTS,Y,UNABLE TO DETERMINE,NOT APPLICABLE,,NONINCAPACITATING INJURY,16,6,41.9104298624,-87.6872842205,2022,30,POINT (-87.6872842205 41.9104298624),,,,,2022-06-17,False,23,West Town
7229,30,NO CONTROLS,NO CONTROLS,CLEAR,DAYLIGHT,PEDALCYCLIST,T-INTERSECTION,STRAIGHT AND LEVEL,DRY,NO DEFECTS,Y,UNABLE TO DETERMINE,NOT APPLICABLE,,INCAPACITATING INJURY,17,6,41.9614126972,-87.6901074097,2022,30,POINT (-87.6901074097 41.9614126972),,,,,2022-06-17,True,3,Lincoln Square
7230,30,TRAFFIC SIGNAL,FUNCTIONING PROPERLY,CLEAR,DAYLIGHT,PEDALCYCLIST,FOUR WAY,STRAIGHT AND LEVEL,DRY,NO DEFECTS,Y,FAILING TO YIELD RIGHT-OF-WAY,IMPROPER TURNING/NO SIGNAL,,NONINCAPACITATING INJURY,18,6,41.9972392258,-87.7116783305,2022,30,POINT (-87.7116783305 41.9972392258),,,,,2022-06-17,False,12,North Park
7231,30,NO CONTROLS,NO CONTROLS,CLEAR,DAYLIGHT,PEDALCYCLIST,ONE-WAY,STRAIGHT AND LEVEL,DRY,NO DEFECTS,,IMPROPER OVERTAKING/PASSING,NOT APPLICABLE,Y,NONINCAPACITATING INJURY,18,6,41.9000769486,-87.626609538,2022,30,POINT (-87.626609538 41.9000769486),,,,,2022-06-17,False,7,Near North Side
7232,30,STOP SIGN/FLASHER,FUNCTIONING PROPERLY,CLEAR,DAYLIGHT,PEDALCYCLIST,FOUR WAY,STRAIGHT AND LEVEL,DRY,NO DEFECTS,Y,FAILING TO YIELD RIGHT-OF-WAY,NOT APPLICABLE,,NONINCAPACITATING INJURY,19,6,41.9684990546,-87.7145286344,2022,30,POINT (-87.7145286344 41.9684990546),,,,,2022-06-17,False,13,Albany Park
7233,30,TRAFFIC SIGNAL,FUNCTIONING PROPERLY,CLEAR,"DARKNESS, LIGHTED ROAD",PEDALCYCLIST,DIVIDED - W/MEDIAN BARRIER,STRAIGHT AND LEVEL,DRY,NO DEFECTS,N,IMPROPER OVERTAKING/PASSING,IMPROPER OVERTAKING/PASSING,,NO INDICATION OF INJURY,22,6,41.8867971604,-87.6278257719,2022,30,POINT (-87.6278257719 41.8867971604),,,,,2022-06-17,False,7,Near North Side
7234,30,NO CONTROLS,NO CONTROLS,CLEAR,DAYLIGHT,PEDALCYCLIST,NOT DIVIDED,STRAIGHT AND LEVEL,DRY,NO DEFECTS,,UNABLE TO DETERMINE,UNABLE TO DETERMINE,N,NONINCAPACITATING INJURY,12,6,41.9106760909,-87.6348427366,2022,30,POINT (-87.6348427366 41.9106760909),,,,,2022-06-18,False,7,Near North Side
7235,30,NO CONTROLS,NO CONTROLS,CLEAR,DAYLIGHT,PEDALCYCLIST,NOT DIVIDED,STRAIGHT AND LEVEL,DRY,NO DEFECTS,,UNABLE TO DETERMINE,NOT APPLICABLE,,NONINCAPACITATING INJURY,12,6,41.8520680559,-87.7246264426,2022,30,POINT (-87.7246264426 41.8520680559),,,,,2022-06-18,False,28,North Lawndale
7236,25,STOP SIGN/FLASHER,FUNCTIONING PROPERLY,CLEAR,DAYLIGHT,PEDALCYCLIST,FOUR WAY,STRAIGHT AND LEVEL,DRY,NO DEFECTS,Y,UNABLE TO DETERMINE,NOT APPLICABLE,,NO INDICATION OF INJURY,14,6,41.9939679515,-87.6910527633,2022,25,POINT (-87.6910527633 41.9939679515),,,,,2022-06-18,False,1,West Ridge
7237,35,NO CONTROLS,NO CONTROLS,CLEAR,DAYLIGHT,PEDALCYCLIST,NOT DIVIDED,STRAIGHT AND LEVEL,DRY,NO DEFECTS,,"OPERATING VEHICLE IN ERRATIC, RECKLESS, CARELESS, NEGLIGENT OR AGGRESSIVE MANNER",FAILING TO YIELD RIGHT-OF-WAY,,"REPORTED, NOT EVIDENT",15,6,41.9095241676,-87.6992513879,2022,35,POINT (-87.6992513879 41.9095241676),,,,,2022-06-18,False,22,Humboldt Park
7238,30,NO CONTROLS,NO CONTROLS,CLEAR,DAYLIGHT,PEDALCYCLIST,DIVIDED - W/MEDIAN (NOT RAISED),STRAIGHT AND LEVEL,DRY,NO DEFECTS,,UNABLE TO DETERMINE,NOT APPLICABLE,Y,INCAPACITATING INJURY,15,6,41.9396006408,-87.8119193736,2022,30,POINT (-87.8119193736 41.9396006408),,,,,2022-06-18,True,16,Dunning
7239,30,UNKNOWN,UNKNOWN,CLEAR,DAYLIGHT,PEDALCYCLIST,NOT DIVIDED,STRAIGHT AND LEVEL,DRY,NO DEFECTS,,UNABLE TO DETERMINE,UNABLE TO DETERMINE,,"REPORTED, NOT EVIDENT",17,6,41.9560389275,-87.6689492455,2022,30,POINT (-87.6689492455 41.9560389275),,,,,2022-06-18,False,2,Uptown
7240,30,NO CONTROLS,NO CONTROLS,CLEAR,DAYLIGHT,PEDALCYCLIST,DIVIDED - W/MEDIAN (NOT RAISED),STRAIGHT AND LEVEL,DRY,NO DEFECTS,,FAILING TO YIELD RIGHT-OF-WAY,NOT APPLICABLE,,"REPORTED, NOT EVIDENT",19,6,41.8960644876,-87.6549759062,2022,30,POINT (-87.6549759062 41.8960644876),,,,,2022-06-18,False,7,Near North Side
7241,35,TRAFFIC SIGNAL,FUNCTIONING PROPERLY,CLEAR,"DARKNESS, LIGHTED ROAD",PEDALCYCLIST,FOUR WAY,STRAIGHT AND LEVEL,DRY,UNKNOWN,,IMPROPER OVERTAKING/PASSING,NOT APPLICABLE,Y,NONINCAPACITATING INJURY,0,6,41.8927789212,-87.629539228,2022,35,POINT (-87.629539228 41.8927789212),,,,,2022-06-19,False,7,Near North Side
7242,30,NO CONTROLS,FUNCTIONING PROPERLY,CLEAR,DAYLIGHT,PEDALCYCLIST,PARKING LOT,STRAIGHT AND LEVEL,DRY,NO DEFECTS,,FAILING TO YIELD RIGHT-OF-WAY,NOT APPLICABLE,,"REPORTED, NOT EVIDENT",12,6,41.9237861887,-87.7855672056,2022,30,POINT (-87.7855672056 41.9237861887),,,,,2022-06-19,False,18,Belmont Cragin
7243,25,NO CONTROLS,NO CONTROLS,CLEAR,DAYLIGHT,PEDALCYCLIST,ONE-WAY,STRAIGHT AND LEVEL,DRY,NO DEFECTS,,UNABLE TO DETERMINE,UNABLE TO DETERMINE,,NO INDICATION OF INJURY,13,6,41.9416854915,-87.6649702798,2022,25,POINT (-87.6649702798 41.9416854915),,,,,2022-06-19,False,5,Lake View
7244,30,NO CONTROLS,NO CONTROLS,CLEAR,DAYLIGHT,PEDALCYCLIST,NOT DIVIDED,STRAIGHT AND LEVEL,DRY,NO DEFECTS,Y,UNABLE TO DETERMINE,UNABLE TO DETERMINE,,NONINCAPACITATING INJURY,16,6,41.8966114925,-87.6408928968,2022,30,POINT (-87.6408928968 41.8966114925),,,,,2022-06-19,False,7,Near North Side
7245,30,STOP SIGN/FLASHER,OTHER,CLEAR,"DARKNESS, LIGHTED ROAD",PEDALCYCLIST,DIVIDED - W/MEDIAN (NOT RAISED),STRAIGHT ON GRADE,DRY,NO DEFECTS,,FAILING TO YIELD RIGHT-OF-WAY,NOT APPLICABLE,,NONINCAPACITATING INJURY,21,6,41.8118188777,-87.6944586281,2022,30,POINT (-87.6944586281 41.8118188777),,,,,2022-06-19,False,57,Brighton Park
7246,10,NO CONTROLS,NO CONTROLS,CLEAR,"DARKNESS, LIGHTED ROAD",PEDALCYCLIST,ONE-WAY,STRAIGHT AND LEVEL,DRY,NO DEFECTS,,NOT APPLICABLE,NOT APPLICABLE,,NO INDICATION OF INJURY,21,6,42.0127605024,-87.6824272624,2022,10,POINT (-87.6824272624 42.0127605024),,,,,2022-06-19,False,0,Rogers Park
7247,30,TRAFFIC SIGNAL,FUNCTIONING PROPERLY,CLEAR,"DARKNESS, LIGHTED ROAD",PEDALCYCLIST,DIVIDED - W/MEDIAN (NOT RAISED),STRAIGHT AND LEVEL,DRY,NO DEFECTS,,FOLLOWING TOO CLOSELY,NOT APPLICABLE,,NONINCAPACITATING INJURY,23,6,42.0050800739,-87.6899247445,2022,30,POINT (-87.6899247445 42.0050800739),,,,,2022-06-19,False,1,West Ridge
7248,30,STOP SIGN/FLASHER,OTHER,CLEAR,DARKNESS,PEDALCYCLIST,T-INTERSECTION,STRAIGHT AND LEVEL,DRY,NO DEFECTS,Y,UNABLE TO DETERMINE,UNABLE TO DETERMINE,,NONINCAPACITATING INJURY,23,6,41.7910793278,-87.6160343899,2022,30,POINT (-87.6160343899 41.7910793278),,,,,2022-06-19,False,39,Washington Park
7249,30,NO CONTROLS,NO CONTROLS,CLEAR,"DARKNESS, LIGHTED ROAD",PEDALCYCLIST,NOT DIVIDED,STRAIGHT AND LEVEL,DRY,NO DEFECTS,,UNABLE TO DETERMINE,UNABLE TO DETERMINE,,NO INDICATION OF INJURY,23,6,41.9507272816,-87.670575438,2022,30,POINT (-87.670575438 41.9507272816),,,,,2022-06-19,False,5,Lake View
7250,20,STOP SIGN/FLASHER,OTHER,CLEAR,DAYLIGHT,PEDALCYCLIST,OTHER,STRAIGHT AND LEVEL,DRY,NO DEFECTS,,DRIVING SKILLS/KNOWLEDGE/EXPERIENCE,DRIVING SKILLS/KNOWLEDGE/EXPERIENCE,,NONINCAPACITATING INJURY,11,6,41.9733150368,-87.7551202319,2022,20,POINT (-87.7551202319 41.9733150368),,,,,2022-06-20,False,10,Jefferson Park
7251,25,STOP SIGN/FLASHER,FUNCTIONING PROPERLY,CLEAR,DAYLIGHT,PEDALCYCLIST,FOUR WAY,STRAIGHT ON GRADE,DRY,NO DEFECTS,Y,FAILING TO YIELD RIGHT-OF-WAY,NOT APPLICABLE,,"REPORTED, NOT EVIDENT",12,6,41.9943120354,-87.6825391242,2022,25,POINT (-87.6825391242 41.9943120354),,,,,2022-06-20,False,1,West Ridge
7252,25,NO CONTROLS,NO CONTROLS,CLEAR,DAYLIGHT,PEDALCYCLIST,NOT DIVIDED,STRAIGHT AND LEVEL,DRY,NO DEFECTS,,NOT APPLICABLE,NOT APPLICABLE,,NO INDICATION OF INJURY,14,6,41.8737732515,-87.7647697044,2022,25,POINT (-87.7647697044 41.8737732515),,,,,2022-06-20,False,24,Austin
7253,30,TRAFFIC SIGNAL,FUNCTIONING PROPERLY,CLEAR,DAYLIGHT,PEDALCYCLIST,FOUR WAY,STRAIGHT AND LEVEL,DRY,NO DEFECTS,Y,DISREGARDING OTHER TRAFFIC SIGNS,NOT APPLICABLE,,NO INDICATION OF INJURY,16,6,41.9260404634,-87.6311036592,2022,30,POINT (-87.6311036592 41.9260404634),,,,,2022-06-20,False,6,Lincoln Park
7254,30,STOP SIGN/FLASHER,OTHER,CLEAR,DAYLIGHT,PEDALCYCLIST,UNKNOWN INTERSECTION TYPE,STRAIGHT AND LEVEL,DRY,NO DEFECTS,Y,UNABLE TO DETERMINE,NOT APPLICABLE,,NO INDICATION OF INJURY,16,6,41.896790572,-87.6243806554,2022,30,POINT (-87.6243806554 41.896790572),,,,,2022-06-20,False,7,Near North Side
7255,15,STOP SIGN/FLASHER,NO CONTROLS,CLEAR,DAYLIGHT,PEDALCYCLIST,ONE-WAY,STRAIGHT AND LEVEL,DRY,NO DEFECTS,,FAILING TO YIELD RIGHT-OF-WAY,FAILING TO YIELD RIGHT-OF-WAY,,NO INDICATION OF INJURY,19,6,41.7871568649,-87.7622331068,2022,15,POINT (-87.7622331068 41.7871568649),,,,,2022-06-20,False,55,Garfield Ridge
7256,30,STOP SIGN/FLASHER,FUNCTIONING PROPERLY,CLEAR,DAYLIGHT,PEDALCYCLIST,NOT DIVIDED,STRAIGHT AND LEVEL,DRY,NO DEFECTS,Y,FAILING TO YIELD RIGHT-OF-WAY,FAILING TO YIELD RIGHT-OF-WAY,,NO INDICATION OF INJURY,20,6,41.9945271922,-87.7853600486,2022,30,POINT (-87.7853600486 41.9945271922),,,,,2022-06-20,False,10,Jefferson Park
7257,30,UNKNOWN,UNKNOWN,CLEAR,DAYLIGHT,PEDALCYCLIST,FOUR WAY,STRAIGHT AND LEVEL,DRY,NO DEFECTS,,NOT APPLICABLE,NOT APPLICABLE,,NO INDICATION OF INJURY,20,6,41.9981756816,-87.6712530227,2022,30,POINT (-87.6712530227 41.9981756816),,,,,2022-06-20,False,0,Rogers Park
7258,15,NO CONTROLS,NO CONTROLS,CLEAR,DAYLIGHT,PEDALCYCLIST,ONE-WAY,STRAIGHT AND LEVEL,DRY,NO DEFECTS,,UNABLE TO DETERMINE,UNABLE TO DETERMINE,,"REPORTED, NOT EVIDENT",9,6,41.9227861003,-87.7249645864,2022,15,POINT (-87.7249645864 41.9227861003),,,,,2022-06-21,False,19,Hermosa
7259,30,TRAFFIC SIGNAL,FUNCTIONING PROPERLY,CLEAR,DAYLIGHT,PEDALCYCLIST,NOT DIVIDED,STRAIGHT AND LEVEL,DRY,NO DEFECTS,,UNABLE TO DETERMINE,NOT APPLICABLE,,"REPORTED, NOT EVIDENT",9,6,41.9139971491,-87.6828382536,2022,30,POINT (-87.6828382536 41.9139971491),,,,,2022-06-21,False,6,Lincoln Park
7260,30,NO CONTROLS,NO CONTROLS,CLEAR,DAYLIGHT,PEDALCYCLIST,NOT DIVIDED,STRAIGHT AND LEVEL,DRY,NO DEFECTS,,UNABLE TO DETERMINE,UNABLE TO DETERMINE,,NONINCAPACITATING INJURY,9,6,42.0047491354,-87.6730550247,2022,30,POINT (-87.6730550247 42.0047491354),,,,,2022-06-21,False,0,Rogers Park
7261,30,TRAFFIC SIGNAL,FUNCTIONING PROPERLY,CLEAR,DAYLIGHT,PEDALCYCLIST,FOUR WAY,STRAIGHT AND LEVEL,DRY,NO DEFECTS,Y,UNABLE TO DETERMINE,UNABLE TO DETERMINE,,NONINCAPACITATING INJURY,12,6,41.9400901248,-87.6493099591,2022,30,POINT (-87.6493099591 41.9400901248),,,,,2022-06-21,False,5,Lake View
7262,30,NO CONTROLS,NO CONTROLS,CLEAR,DAYLIGHT,PEDALCYCLIST,ONE-WAY,STRAIGHT AND LEVEL,DRY,NO DEFECTS,,DRIVING ON WRONG SIDE/WRONG WAY,UNABLE TO DETERMINE,,NO INDICATION OF INJURY,13,6,41.8962222937,-87.6296209694,2022,30,POINT (-87.6296209694 41.8962222937),,,,,2022-06-21,False,7,Near North Side
7263,40,NO CONTROLS,NO CONTROLS,CLEAR,DAYLIGHT,PEDALCYCLIST,DIVIDED - W/MEDIAN (NOT RAISED),STRAIGHT AND LEVEL,DRY,NO DEFECTS,,UNABLE TO DETERMINE,NOT APPLICABLE,,NO INDICATION OF INJURY,16,6,41.7694112247,-87.6173962623,2022,40,POINT (-87.6173962623 41.7694112247),,,,,2022-06-21,False,68,Grand Crossing
7264,30,TRAFFIC SIGNAL,FUNCTIONING IMPROPERLY,CLEAR,DAYLIGHT,PEDALCYCLIST,NOT DIVIDED,STRAIGHT AND LEVEL,DRY,NO DEFECTS,,FAILING TO YIELD RIGHT-OF-WAY,NOT APPLICABLE,,"REPORTED, NOT EVIDENT",17,6,41.8808560477,-87.6176358918,2022,30,POINT (-87.6176358918 41.8808560477),,,,,2022-06-21,False,31,Loop
7265,30,TRAFFIC SIGNAL,FUNCTIONING PROPERLY,CLEAR,DAYLIGHT,PEDALCYCLIST,DIVIDED - W/MEDIAN (NOT RAISED),STRAIGHT AND LEVEL,DRY,NO DEFECTS,Y,IMPROPER OVERTAKING/PASSING,NOT APPLICABLE,,NONINCAPACITATING INJURY,18,6,41.8804261978,-87.6474668481,2022,30,POINT (-87.6474668481 41.8804261978),,,,,2022-06-21,False,27,Near West Side
7266,35,NO CONTROLS,NO CONTROLS,CLEAR,DAYLIGHT,PEDALCYCLIST,NOT DIVIDED,STRAIGHT AND LEVEL,DRY,NO DEFECTS,,DRIVING SKILLS/KNOWLEDGE/EXPERIENCE,DRIVING SKILLS/KNOWLEDGE/EXPERIENCE,,"REPORTED, NOT EVIDENT",18,6,41.7869340927,-87.6438184982,2022,35,POINT (-87.6438184982 41.7869340927),,,,,2022-06-21,False,67,Englewood
7267,30,NO CONTROLS,NO CONTROLS,CLEAR,"DARKNESS, LIGHTED ROAD",PEDALCYCLIST,DIVIDED - W/MEDIAN (NOT RAISED),STRAIGHT AND LEVEL,DRY,NO DEFECTS,,IMPROPER LANE USAGE,UNABLE TO DETERMINE,,INCAPACITATING INJURY,21,6,41.9420606736,-87.8067450515,2022,30,POINT (-87.8067450515 41.9420606736),,,,,2022-06-21,True,16,Dunning
7268,20,NO CONTROLS,NO CONTROLS,CLEAR,DAYLIGHT,PEDALCYCLIST,NOT DIVIDED,STRAIGHT AND LEVEL,DRY,NO DEFECTS,,DRIVING SKILLS/KNOWLEDGE/EXPERIENCE,NOT APPLICABLE,,NO INDICATION OF INJURY,4,6,41.7251956579,-87.6288169249,2022,20,POINT (-87.6288169249 41.7251956579),,,,,2022-06-22,False,43,Chatham
7269,30,NO CONTROLS,NO CONTROLS,CLEAR,DAYLIGHT,PEDALCYCLIST,ONE-WAY,STRAIGHT AND LEVEL,DRY,NO DEFECTS,,FAILING TO YIELD RIGHT-OF-WAY,NOT APPLICABLE,,NONINCAPACITATING INJURY,6,6,41.8805567291,-87.6332815083,2022,30,POINT (-87.6332815083 41.8805567291),,,,,2022-06-22,False,31,Loop
7270,20,NO CONTROLS,NO CONTROLS,CLEAR,DAYLIGHT,PEDALCYCLIST,NOT DIVIDED,STRAIGHT AND LEVEL,DRY,NO DEFECTS,Y,FAILING TO YIELD RIGHT-OF-WAY,IMPROPER TURNING/NO SIGNAL,,NONINCAPACITATING INJURY,7,6,41.9072585964,-87.6728131905,2022,20,POINT (-87.6728131905 41.9072585964),,,,,2022-06-22,False,23,West Town
7271,30,NO CONTROLS,NO CONTROLS,CLEAR,DAYLIGHT,PEDALCYCLIST,FOUR WAY,STRAIGHT AND LEVEL,DRY,NO DEFECTS,Y,FAILING TO YIELD RIGHT-OF-WAY,DISREGARDING ROAD MARKINGS,,INCAPACITATING INJURY,10,6,41.9740278873,-87.7805204582,2022,30,POINT (-87.7805204582 41.9740278873),,,,,2022-06-22,True,10,Jefferson Park
7272,20,SCHOOL ZONE,FUNCTIONING PROPERLY,CLEAR,DAYLIGHT,PEDALCYCLIST,DIVIDED - W/MEDIAN (NOT RAISED),STRAIGHT AND LEVEL,DRY,NO DEFECTS,,IMPROPER LANE USAGE,DRIVING SKILLS/KNOWLEDGE/EXPERIENCE,,NONINCAPACITATING INJURY,14,6,41.74579217,-87.635369997,2022,20,POINT (-87.635369997 41.74579217),,,,,2022-06-22,False,43,Chatham
7273,30,TRAFFIC SIGNAL,FUNCTIONING PROPERLY,CLEAR,DAYLIGHT,PEDALCYCLIST,NOT DIVIDED,STRAIGHT AND LEVEL,DRY,NO DEFECTS,Y,FAILING TO YIELD RIGHT-OF-WAY,NOT APPLICABLE,,NONINCAPACITATING INJURY,16,6,41.9036178177,-87.6574736354,2022,30,POINT (-87.6574736354 41.9036178177),,,,,2022-06-22,False,7,Near North Side
7274,30,NO CONTROLS,NO CONTROLS,CLEAR,DAYLIGHT,PEDALCYCLIST,NOT DIVIDED,STRAIGHT AND LEVEL,DRY,NO DEFECTS,Y,FAILING TO YIELD RIGHT-OF-WAY,UNABLE TO DETERMINE,,NO INDICATION OF INJURY,16,6,41.8917262426,-87.6770800239,2022,30,POINT (-87.6770800239 41.8917262426),,,,,2022-06-22,False,23,West Town
7275,30,STOP SIGN/FLASHER,UNKNOWN,UNKNOWN,DAYLIGHT,PEDALCYCLIST,NOT DIVIDED,STRAIGHT AND LEVEL,UNKNOWN,UNKNOWN,,UNABLE TO DETERMINE,NOT APPLICABLE,,NONINCAPACITATING INJURY,17,6,41.9378986091,-87.8239968573,2022,30,POINT (-87.8239968573 41.9378986091),,,,,2022-06-22,False,16,Dunning
7276,30,TRAFFIC SIGNAL,FUNCTIONING PROPERLY,CLEAR,DAYLIGHT,PEDALCYCLIST,"FIVE POINT, OR MORE",STRAIGHT AND LEVEL,DRY,NO DEFECTS,,DISREGARDING TRAFFIC SIGNALS,FAILING TO REDUCE SPEED TO AVOID CRASH,,NONINCAPACITATING INJURY,17,6,41.8915590243,-87.6474798132,2022,30,POINT (-87.6474798132 41.8915590243),,,,,2022-06-22,False,7,Near North Side
7277,30,UNKNOWN,UNKNOWN,UNKNOWN,UNKNOWN,PEDALCYCLIST,NOT DIVIDED,STRAIGHT AND LEVEL,UNKNOWN,UNKNOWN,,UNABLE TO DETERMINE,NOT APPLICABLE,,NONINCAPACITATING INJURY,17,6,41.9448440054,-87.6641038638,2022,30,POINT (-87.6641038638 41.9448440054),,,,,2022-06-22,False,5,Lake View
7278,30,STOP SIGN/FLASHER,FUNCTIONING PROPERLY,CLEAR,DUSK,PEDALCYCLIST,T-INTERSECTION,STRAIGHT AND LEVEL,DRY,NO DEFECTS,,UNABLE TO DETERMINE,NOT APPLICABLE,,INCAPACITATING INJURY,20,6,41.800941976,-87.5876367922,2022,30,POINT (-87.5876367922 41.800941976),,,,,2022-06-22,True,40,Hyde Park
7279,30,TRAFFIC SIGNAL,FUNCTIONING PROPERLY,CLEAR,"DARKNESS, LIGHTED ROAD",PEDALCYCLIST,FOUR WAY,STRAIGHT AND LEVEL,DRY,NO DEFECTS,,UNABLE TO DETERMINE,NOT APPLICABLE,,NONINCAPACITATING INJURY,21,6,41.6951243759,-87.7010939018,2022,30,POINT (-87.7010939018 41.6951243759),,,,,2022-06-22,False,73,Mount Greenwood
7280,30,NO CONTROLS,NO CONTROLS,CLEAR,"DARKNESS, LIGHTED ROAD",PEDALCYCLIST,NOT DIVIDED,STRAIGHT AND LEVEL,DRY,UNKNOWN,Y,UNABLE TO DETERMINE,NOT APPLICABLE,,NONINCAPACITATING INJURY,21,6,41.9286718802,-87.7368830722,2022,30,POINT (-87.7368830722 41.9286718802),,,,,2022-06-22,False,19,Hermosa
7281,25,NO CONTROLS,NO CONTROLS,CLEAR,"DARKNESS, LIGHTED ROAD",PEDALCYCLIST,NOT DIVIDED,STRAIGHT AND LEVEL,DRY,UNKNOWN,,DISTRACTION - FROM OUTSIDE VEHICLE,NOT APPLICABLE,,NO INDICATION OF INJURY,23,6,41.9019055542,-87.6284930761,2022,25,POINT (-87.6284930761 41.9019055542),,,,,2022-06-22,False,7,Near North Side
7282,25,STOP SIGN/FLASHER,FUNCTIONING PROPERLY,CLEAR,DAYLIGHT,PEDALCYCLIST,FOUR WAY,STRAIGHT AND LEVEL,DRY,NO DEFECTS,Y,UNABLE TO DETERMINE,UNABLE TO DETERMINE,,NO INDICATION OF INJURY,7,6,41.6921620042,-87.6546828762,2022,25,POINT (-87.6546828762 41.6921620042),,,,,2022-06-23,False,74,Morgan Park
7283,30,NO CONTROLS,NO CONTROLS,CLEAR,DAYLIGHT,PEDALCYCLIST,NOT DIVIDED,STRAIGHT AND LEVEL,DRY,NO DEFECTS,,NOT APPLICABLE,NOT APPLICABLE,,NO INDICATION OF INJURY,10,6,41.8836393964,-87.6475610899,2022,30,POINT (-87.6475610899 41.8836393964),,,,,2022-06-23,False,27,Near West Side
7284,30,TRAFFIC SIGNAL,UNKNOWN,CLEAR,DAYLIGHT,PEDALCYCLIST,FOUR WAY,STRAIGHT AND LEVEL,DRY,NO DEFECTS,Y,UNABLE TO DETERMINE,UNABLE TO DETERMINE,,NONINCAPACITATING INJURY,11,6,41.8917112522,-87.6282166657,2022,30,POINT (-87.6282166657 41.8917112522),,,,,2022-06-23,False,7,Near North Side
7285,30,NO CONTROLS,NO CONTROLS,CLEAR,DAYLIGHT,PEDALCYCLIST,NOT DIVIDED,STRAIGHT AND LEVEL,DRY,NO DEFECTS,,UNABLE TO DETERMINE,NOT APPLICABLE,,NONINCAPACITATING INJURY,16,6,41.9660138764,-87.6577029698,2022,30,POINT (-87.6577029698 41.9660138764),,,,,2022-06-23,False,2,Uptown