Unnamed: 0,POSTED_SPEED_LIMIT,TRAFFIC_CONTROL_DEVICE,DEVICE_CONDITION,WEATHER_CONDITION,LIGHTING_CONDITION,FIRST_CRASH_TYPE,TRAFFICWAY_TYPE,ALIGNMENT,ROADWAY_SURFACE_COND,ROAD_DEFECT,INTERSECTION_RELATED_I,PRIM_CONTRIBUTORY_CAUSE,SEC_CONTRIBUTORY_CAUSE,DOORING_I,MOST_SEVERE_INJURY,CRASH_HOUR,CRASH_MONTH,LATITUDE,LONGITUDE,CRASH_YEAR,SPEED_LIMIT,geometry,DISPLAYROU,the_geom,DIST,LANE_TYPE,CRASH_DATE,is_severe,index_right,CArea
7286,20,STOP SIGN/FLASHER,FUNCTIONING PROPERLY,CLEAR,DAYLIGHT,PEDALCYCLIST,DIVIDED - W/MEDIAN (NOT RAISED),STRAIGHT AND LEVEL,DRY,NO DEFECTS,,UNABLE TO DETERMINE,NOT APPLICABLE,,NONINCAPACITATING INJURY,17,6,41.9142921701,-87.6752604438,2022,20,POINT (-87.6752604438 41.9142921701),,,,,2022-06-23,False,6,Lincoln Park
7287,30,TRAFFIC SIGNAL,FUNCTIONING PROPERLY,CLEAR,DAYLIGHT,PEDALCYCLIST,FOUR WAY,STRAIGHT AND LEVEL,DRY,NO DEFECTS,Y,FAILING TO YIELD RIGHT-OF-WAY,NOT APPLICABLE,,"REPORTED, NOT EVIDENT",18,6,41.8472341983,-87.6466377047,2022,30,POINT (-87.6466377047 41.8472341983),,,,,2022-06-23,False,30,Lower West Side
7288,35,NO CONTROLS,NO CONTROLS,CLEAR,"DARKNESS, LIGHTED ROAD",PEDALCYCLIST,NOT DIVIDED,STRAIGHT AND LEVEL,DRY,NO DEFECTS,,UNABLE TO DETERMINE,UNABLE TO DETERMINE,Y,NONINCAPACITATING INJURY,21,6,41.9300289415,-87.7660548048,2022,35,POINT (-87.7660548048 41.9300289415),,,,,2022-06-23,False,18,Belmont Cragin
7289,30,STOP SIGN/FLASHER,FUNCTIONING PROPERLY,CLEAR,DAYLIGHT,PEDALCYCLIST,DIVIDED - W/MEDIAN BARRIER,STRAIGHT AND LEVEL,DRY,NO DEFECTS,Y,FAILING TO YIELD RIGHT-OF-WAY,NOT APPLICABLE,,"REPORTED, NOT EVIDENT",10,6,41.9657140496,-87.6460110689,2022,30,POINT (-87.6460110689 41.9657140496),,,,,2022-06-24,False,2,Uptown
7290,30,NO CONTROLS,NO CONTROLS,CLEAR,DAYLIGHT,PEDALCYCLIST,ONE-WAY,STRAIGHT AND LEVEL,DRY,NO DEFECTS,,UNABLE TO DETERMINE,NOT APPLICABLE,Y,"REPORTED, NOT EVIDENT",12,6,41.9769661991,-87.6853533672,2022,30,POINT (-87.6853533672 41.9769661991),,,,,2022-06-24,False,3,Lincoln Square
7291,30,NO CONTROLS,NO CONTROLS,CLEAR,DAYLIGHT,PEDALCYCLIST,DIVIDED - W/MEDIAN (NOT RAISED),STRAIGHT AND LEVEL,DRY,NO DEFECTS,Y,FAILING TO YIELD RIGHT-OF-WAY,UNABLE TO DETERMINE,,INCAPACITATING INJURY,16,6,41.778292628,-87.7716572534,2022,30,POINT (-87.7716572534 41.778292628),,,,,2022-06-24,True,63,Clearing
7292,35,TRAFFIC SIGNAL,FUNCTIONING PROPERLY,CLEAR,DAYLIGHT,PEDALCYCLIST,FOUR WAY,STRAIGHT AND LEVEL,DRY,NO DEFECTS,,FAILING TO YIELD RIGHT-OF-WAY,UNABLE TO DETERMINE,,NONINCAPACITATING INJURY,17,6,41.8745729802,-87.6334840468,2022,35,POINT (-87.6334840468 41.8745729802),,,,,2022-06-24,False,31,Loop
7293,30,STOP SIGN/FLASHER,FUNCTIONING PROPERLY,CLEAR,DAYLIGHT,PEDALCYCLIST,FOUR WAY,STRAIGHT AND LEVEL,DRY,NO DEFECTS,,UNABLE TO DETERMINE,NOT APPLICABLE,,"REPORTED, NOT EVIDENT",17,6,41.8819262479,-87.6986200962,2022,30,POINT (-87.6986200962 41.8819262479),,,,,2022-06-24,False,26,Garfield Park
7294,35,TRAFFIC SIGNAL,FUNCTIONING PROPERLY,UNKNOWN,"DARKNESS, LIGHTED ROAD",PEDALCYCLIST,NOT DIVIDED,STRAIGHT AND LEVEL,UNKNOWN,NO DEFECTS,Y,FAILING TO YIELD RIGHT-OF-WAY,UNABLE TO DETERMINE,,NONINCAPACITATING INJURY,21,6,41.8577744035,-87.6389903804,2022,35,POINT (-87.6389903804 41.8577744035),,,,,2022-06-24,False,27,Near West Side
7295,30,NO CONTROLS,NO CONTROLS,RAIN,DAYLIGHT,PEDALCYCLIST,NOT DIVIDED,STRAIGHT AND LEVEL,WET,NO DEFECTS,,UNABLE TO DETERMINE,UNABLE TO DETERMINE,Y,NONINCAPACITATING INJURY,9,6,41.9814427758,-87.6794210858,2022,30,POINT (-87.6794210858 41.9814427758),,,,,2022-06-25,False,3,Lincoln Square
7296,30,NO CONTROLS,NO CONTROLS,CLEAR,"DARKNESS, LIGHTED ROAD",PEDALCYCLIST,NOT DIVIDED,STRAIGHT AND LEVEL,DRY,NO DEFECTS,,FAILING TO YIELD RIGHT-OF-WAY,NOT APPLICABLE,,NONINCAPACITATING INJURY,6,6,41.9104364626,-87.6290099747,2022,30,POINT (-87.6290099747 41.9104364626),,,,,2022-06-26,False,7,Near North Side
7297,30,STOP SIGN/FLASHER,FUNCTIONING PROPERLY,CLEAR,DAYLIGHT,PEDALCYCLIST,NOT DIVIDED,STRAIGHT AND LEVEL,DRY,UNKNOWN,Y,FAILING TO YIELD RIGHT-OF-WAY,UNABLE TO DETERMINE,,"REPORTED, NOT EVIDENT",9,6,41.8640760775,-87.6763219403,2022,30,POINT (-87.6763219403 41.8640760775),,,,,2022-06-26,False,27,Near West Side
7298,30,NO CONTROLS,NO CONTROLS,CLEAR,DAYLIGHT,PEDALCYCLIST,ONE-WAY,STRAIGHT AND LEVEL,DRY,NO DEFECTS,,"OPERATING VEHICLE IN ERRATIC, RECKLESS, CARELESS, NEGLIGENT OR AGGRESSIVE MANNER",UNABLE TO DETERMINE,,NO INDICATION OF INJURY,11,6,41.9111131436,-87.681294173,2022,30,POINT (-87.681294173 41.9111131436),,,,,2022-06-26,False,6,Lincoln Park
7299,30,TRAFFIC SIGNAL,FUNCTIONING PROPERLY,CLEAR,DAYLIGHT,PEDALCYCLIST,DIVIDED - W/MEDIAN (NOT RAISED),STRAIGHT AND LEVEL,DRY,NO DEFECTS,Y,FAILING TO YIELD RIGHT-OF-WAY,UNABLE TO DETERMINE,,NONINCAPACITATING INJURY,18,6,41.9033173454,-87.6618512005,2022,30,POINT (-87.6618512005 41.9033173454),,,,,2022-06-26,False,23,West Town
7300,30,TRAFFIC SIGNAL,FUNCTIONING PROPERLY,CLEAR,DAYLIGHT,PEDALCYCLIST,NOT DIVIDED,STRAIGHT AND LEVEL,DRY,NO DEFECTS,Y,FAILING TO YIELD RIGHT-OF-WAY,NOT APPLICABLE,,NO INDICATION OF INJURY,18,6,41.9176669443,-87.6885341826,2022,30,POINT (-87.6885341826 41.9176669443),,,,,2022-06-26,False,21,Logan Square
7301,30,TRAFFIC SIGNAL,FUNCTIONING IMPROPERLY,CLEAR,DAYLIGHT,PEDALCYCLIST,FOUR WAY,STRAIGHT AND LEVEL,DRY,NO DEFECTS,Y,FAILING TO YIELD RIGHT-OF-WAY,FAILING TO REDUCE SPEED TO AVOID CRASH,,INCAPACITATING INJURY,19,6,41.9974146214,-87.7666616914,2022,30,POINT (-87.7666616914 41.9974146214),,,,,2022-06-26,True,11,Forest Glen
7302,30,TRAFFIC SIGNAL,FUNCTIONING PROPERLY,CLEAR,"DARKNESS, LIGHTED ROAD",PEDALCYCLIST,NOT DIVIDED,STRAIGHT AND LEVEL,DRY,NO DEFECTS,Y,FAILING TO YIELD RIGHT-OF-WAY,NOT APPLICABLE,,NONINCAPACITATING INJURY,20,6,41.9313655524,-87.7663965288,2022,30,POINT (-87.7663965288 41.9313655524),,,,,2022-06-26,False,18,Belmont Cragin
7303,30,TRAFFIC SIGNAL,FUNCTIONING PROPERLY,CLEAR,"DARKNESS, LIGHTED ROAD",PEDALCYCLIST,DIVIDED - W/MEDIAN (NOT RAISED),STRAIGHT AND LEVEL,DRY,NO DEFECTS,,UNABLE TO DETERMINE,UNABLE TO DETERMINE,,NONINCAPACITATING INJURY,0,6,41.910828988,-87.6613066175,2022,30,POINT (-87.6613066175 41.910828988),,,,,2022-06-27,False,6,Lincoln Park
7304,30,STOP SIGN/FLASHER,OTHER,CLEAR,DAYLIGHT,PEDALCYCLIST,NOT DIVIDED,STRAIGHT AND LEVEL,DRY,UNKNOWN,Y,FAILING TO YIELD RIGHT-OF-WAY,NOT APPLICABLE,,NONINCAPACITATING INJURY,9,6,41.9159207534,-87.6774330695,2022,30,POINT (-87.6774330695 41.9159207534),,,,,2022-06-27,False,6,Lincoln Park
7305,30,TRAFFIC SIGNAL,FUNCTIONING PROPERLY,CLEAR,DAYLIGHT,PEDALCYCLIST,FOUR WAY,STRAIGHT AND LEVEL,DRY,NO DEFECTS,,UNABLE TO DETERMINE,UNABLE TO DETERMINE,Y,NONINCAPACITATING INJURY,9,6,41.9655434507,-87.6545223034,2022,30,POINT (-87.6545223034 41.9655434507),,,,,2022-06-27,False,2,Uptown
7306,30,TRAFFIC SIGNAL,FUNCTIONING PROPERLY,CLEAR,DAYLIGHT,PEDALCYCLIST,"FIVE POINT, OR MORE",STRAIGHT AND LEVEL,DRY,NO DEFECTS,Y,FAILING TO YIELD RIGHT-OF-WAY,NOT APPLICABLE,,NONINCAPACITATING INJURY,12,6,41.9182117306,-87.6388732951,2022,30,POINT (-87.6388732951 41.9182117306),,,,,2022-06-27,False,6,Lincoln Park
7307,25,NO CONTROLS,NO CONTROLS,CLEAR,DAYLIGHT,PEDALCYCLIST,DIVIDED - W/MEDIAN (NOT RAISED),STRAIGHT AND LEVEL,DRY,NO DEFECTS,,UNABLE TO DETERMINE,UNABLE TO DETERMINE,,"REPORTED, NOT EVIDENT",15,6,41.8923301615,-87.6354480705,2022,25,POINT (-87.6354480705 41.8923301615),,,,,2022-06-27,False,7,Near North Side
7308,30,NO CONTROLS,NO CONTROLS,CLEAR,DAYLIGHT,PEDALCYCLIST,NOT DIVIDED,STRAIGHT AND LEVEL,DRY,NO DEFECTS,,NOT APPLICABLE,UNABLE TO DETERMINE,,INCAPACITATING INJURY,17,6,41.6570662946,-87.6052801158,2022,30,POINT (-87.6052801158 41.6570662946),,,,,2022-06-27,True,53,Riverdale
7309,30,TRAFFIC SIGNAL,FUNCTIONING PROPERLY,CLEAR,DAYLIGHT,PEDALCYCLIST,NOT REPORTED,STRAIGHT AND LEVEL,UNKNOWN,UNKNOWN,,DISREGARDING TRAFFIC SIGNALS,NOT APPLICABLE,,NONINCAPACITATING INJURY,18,6,41.925344912,-87.6486975835,2022,30,POINT (-87.6486975835 41.925344912),,,,,2022-06-27,False,6,Lincoln Park
7310,30,NO CONTROLS,NO CONTROLS,CLEAR,DAYLIGHT,PEDALCYCLIST,OTHER,STRAIGHT AND LEVEL,DRY,UNKNOWN,,UNABLE TO DETERMINE,UNABLE TO DETERMINE,,NO INDICATION OF INJURY,19,6,41.9062029167,-87.7290104717,2022,30,POINT (-87.7290104717 41.9062029167),,,,,2022-06-27,False,22,Humboldt Park
7311,30,NO CONTROLS,NO CONTROLS,CLEAR,DUSK,PEDALCYCLIST,NOT DIVIDED,STRAIGHT AND LEVEL,DRY,NO DEFECTS,,DRIVING SKILLS/KNOWLEDGE/EXPERIENCE,DRIVING SKILLS/KNOWLEDGE/EXPERIENCE,Y,NONINCAPACITATING INJURY,20,6,41.9438456011,-87.6637819346,2022,30,POINT (-87.6637819346 41.9438456011),,,,,2022-06-27,False,5,Lake View
7312,30,NO CONTROLS,NOT FUNCTIONING,CLEAR,"DARKNESS, LIGHTED ROAD",PEDALCYCLIST,ALLEY,STRAIGHT AND LEVEL,DRY,NO DEFECTS,,UNABLE TO DETERMINE,UNABLE TO DETERMINE,,"REPORTED, NOT EVIDENT",21,6,41.932892418,-87.7880494811,2022,30,POINT (-87.7880494811 41.932892418),,,,,2022-06-27,False,18,Belmont Cragin
7313,35,NO CONTROLS,NO CONTROLS,CLEAR,DARKNESS,PEDALCYCLIST,NOT DIVIDED,STRAIGHT AND LEVEL,DRY,NO DEFECTS,,NOT APPLICABLE,IMPROPER BACKING,,INCAPACITATING INJURY,23,6,41.9623051537,-87.762268923,2022,35,POINT (-87.762268923 41.9623051537),,,,,2022-06-27,True,14,Portage Park
7314,30,STOP SIGN/FLASHER,FUNCTIONING PROPERLY,CLEAR,DAYLIGHT,PEDALCYCLIST,NOT DIVIDED,STRAIGHT AND LEVEL,DRY,NO DEFECTS,Y,FAILING TO YIELD RIGHT-OF-WAY,UNABLE TO DETERMINE,,NONINCAPACITATING INJURY,8,6,42.0056479847,-87.6610587223,2022,30,POINT (-87.6610587223 42.0056479847),,,,,2022-06-28,False,0,Rogers Park
7315,30,NO CONTROLS,NO CONTROLS,CLEAR,DAYLIGHT,PEDALCYCLIST,NOT DIVIDED,STRAIGHT AND LEVEL,DRY,NO DEFECTS,,UNABLE TO DETERMINE,NOT APPLICABLE,,"REPORTED, NOT EVIDENT",8,6,41.9064291205,-87.6715142146,2022,30,POINT (-87.6715142146 41.9064291205),,,,,2022-06-28,False,23,West Town
7316,10,NO CONTROLS,NO CONTROLS,CLEAR,DAYLIGHT,PEDALCYCLIST,OTHER,STRAIGHT AND LEVEL,DRY,NO DEFECTS,,FAILING TO YIELD RIGHT-OF-WAY,UNABLE TO DETERMINE,,NONINCAPACITATING INJURY,11,6,41.9312664548,-87.6862720477,2022,10,POINT (-87.6862720477 41.9312664548),,,,,2022-06-28,False,21,Logan Square
7317,35,NO CONTROLS,NO CONTROLS,CLEAR,DAYLIGHT,PEDALCYCLIST,T-INTERSECTION,STRAIGHT AND LEVEL,DRY,NO DEFECTS,Y,RELATED TO BUS STOP,FAILING TO YIELD RIGHT-OF-WAY,,NO INDICATION OF INJURY,11,6,41.7216863041,-87.6347082334,2022,35,POINT (-87.6347082334 41.7216863041),,,,,2022-06-28,False,48,Roseland
7318,30,NO CONTROLS,NO CONTROLS,CLEAR,DAYLIGHT,PEDALCYCLIST,NOT DIVIDED,STRAIGHT AND LEVEL,DRY,NO DEFECTS,,NOT APPLICABLE,NOT APPLICABLE,Y,NONINCAPACITATING INJURY,12,6,41.9652825804,-87.6580082008,2022,30,POINT (-87.6580082008 41.9652825804),,,,,2022-06-28,False,2,Uptown
7319,30,TRAFFIC SIGNAL,FUNCTIONING PROPERLY,CLEAR,DAYLIGHT,PEDALCYCLIST,CENTER TURN LANE,STRAIGHT AND LEVEL,DRY,NO DEFECTS,,UNABLE TO DETERMINE,UNABLE TO DETERMINE,,NO INDICATION OF INJURY,14,6,41.82343237,-87.6412078889,2022,30,POINT (-87.6412078889 41.82343237),,,,,2022-06-28,False,59,Bridgeport
7320,25,NO CONTROLS,NO CONTROLS,CLEAR,DAYLIGHT,PEDALCYCLIST,NOT DIVIDED,STRAIGHT AND LEVEL,DRY,NO DEFECTS,,IMPROPER OVERTAKING/PASSING,FOLLOWING TOO CLOSELY,,NONINCAPACITATING INJURY,17,6,41.9732070442,-87.6678987352,2022,25,POINT (-87.6678987352 41.9732070442),,,,,2022-06-28,False,2,Uptown
7321,30,NO CONTROLS,NO CONTROLS,CLEAR,DAYLIGHT,PEDALCYCLIST,NOT DIVIDED,STRAIGHT AND LEVEL,DRY,NO DEFECTS,Y,FAILING TO YIELD RIGHT-OF-WAY,NOT APPLICABLE,,NONINCAPACITATING INJURY,17,6,41.9309776791,-87.7795484381,2022,30,POINT (-87.7795484381 41.9309776791),,,,,2022-06-28,False,18,Belmont Cragin
7322,30,TRAFFIC SIGNAL,FUNCTIONING PROPERLY,CLEAR,DAYLIGHT,PEDALCYCLIST,NOT DIVIDED,STRAIGHT AND LEVEL,UNKNOWN,NO DEFECTS,,NOT APPLICABLE,NOT APPLICABLE,,NO INDICATION OF INJURY,18,6,41.9108451894,-87.6345541152,2022,30,POINT (-87.6345541152 41.9108451894),,,,,2022-06-28,False,6,Lincoln Park
7323,25,NO CONTROLS,NO CONTROLS,CLEAR,DAYLIGHT,PEDALCYCLIST,NOT DIVIDED,STRAIGHT AND LEVEL,DRY,NO DEFECTS,,NOT APPLICABLE,NOT APPLICABLE,,NO INDICATION OF INJURY,18,6,41.9398626631,-87.6645463694,2022,25,POINT (-87.6645463694 41.9398626631),,,,,2022-06-28,False,5,Lake View
7324,30,POLICE/FLAGMAN,FUNCTIONING PROPERLY,CLEAR,DAYLIGHT,PEDALCYCLIST,FOUR WAY,STRAIGHT AND LEVEL,DRY,NO DEFECTS,Y,DISREGARDING OTHER TRAFFIC SIGNS,FAILING TO YIELD RIGHT-OF-WAY,,INCAPACITATING INJURY,19,6,41.9474264204,-87.649540425,2022,30,POINT (-87.649540425 41.9474264204),,,,,2022-06-28,True,5,Lake View
7325,30,TRAFFIC SIGNAL,FUNCTIONING PROPERLY,UNKNOWN,UNKNOWN,PEDALCYCLIST,DIVIDED - W/MEDIAN (NOT RAISED),STRAIGHT AND LEVEL,UNKNOWN,UNKNOWN,,UNABLE TO DETERMINE,NOT APPLICABLE,,NO INDICATION OF INJURY,20,6,41.9006472539,-87.6275474141,2022,30,POINT (-87.6275474141 41.9006472539),,,,,2022-06-28,False,7,Near North Side
7326,30,STOP SIGN/FLASHER,FUNCTIONING PROPERLY,CLEAR,DAYLIGHT,PEDALCYCLIST,DIVIDED - W/MEDIAN (NOT RAISED),STRAIGHT AND LEVEL,UNKNOWN,NO DEFECTS,Y,DISREGARDING STOP SIGN,FAILING TO YIELD RIGHT-OF-WAY,,"REPORTED, NOT EVIDENT",9,6,41.8874113617,-87.6476725317,2022,30,POINT (-87.6476725317 41.8874113617),,,,,2022-06-29,False,7,Near North Side
7327,30,NO CONTROLS,NO CONTROLS,CLEAR,DAYLIGHT,PEDALCYCLIST,ALLEY,STRAIGHT AND LEVEL,DRY,NO DEFECTS,,NOT APPLICABLE,NOT APPLICABLE,,NO INDICATION OF INJURY,9,6,41.8980741762,-87.6356646968,2022,30,POINT (-87.6356646968 41.8980741762),,,,,2022-06-29,False,7,Near North Side
7328,20,NO CONTROLS,NO CONTROLS,CLEAR,DAYLIGHT,PEDALCYCLIST,ONE-WAY,STRAIGHT AND LEVEL,DRY,NO DEFECTS,,UNABLE TO DETERMINE,NOT APPLICABLE,,NONINCAPACITATING INJURY,10,6,41.8970590618,-87.7701908419,2022,20,POINT (-87.7701908419 41.8970590618),,,,,2022-06-29,False,24,Austin
7329,30,NO CONTROLS,NO CONTROLS,CLEAR,DAYLIGHT,PEDALCYCLIST,DRIVEWAY,STRAIGHT AND LEVEL,DRY,NO DEFECTS,,IMPROPER OVERTAKING/PASSING,NOT APPLICABLE,N,NO INDICATION OF INJURY,13,6,41.7637845138,-87.5857174377,2022,30,POINT (-87.5857174377 41.7637845138),,,,,2022-06-29,False,42,South Shore
7330,30,TRAFFIC SIGNAL,FUNCTIONING PROPERLY,CLEAR,DAYLIGHT,PEDALCYCLIST,CENTER TURN LANE,STRAIGHT AND LEVEL,DRY,NO DEFECTS,,"VISION OBSCURED (SIGNS, TREE LIMBS, BUILDINGS, ETC.)",NOT APPLICABLE,,NONINCAPACITATING INJURY,13,6,42.0049114866,-87.6907838232,2022,30,POINT (-87.6907838232 42.0049114866),,,,,2022-06-29,False,1,West Ridge
7331,30,UNKNOWN,UNKNOWN,CLEAR,DAYLIGHT,PEDALCYCLIST,NOT DIVIDED,STRAIGHT AND LEVEL,DRY,UNKNOWN,,FAILING TO YIELD RIGHT-OF-WAY,FAILING TO YIELD RIGHT-OF-WAY,Y,INCAPACITATING INJURY,14,6,41.9274245487,-87.6517403393,2022,30,POINT (-87.6517403393 41.9274245487),,,,,2022-06-29,True,6,Lincoln Park
7332,30,STOP SIGN/FLASHER,FUNCTIONING PROPERLY,CLEAR,DAYLIGHT,PEDALCYCLIST,NOT DIVIDED,STRAIGHT AND LEVEL,DRY,NO DEFECTS,,FAILING TO REDUCE SPEED TO AVOID CRASH,FAILING TO REDUCE SPEED TO AVOID CRASH,,NO INDICATION OF INJURY,14,6,41.7720012369,-87.6762966869,2022,30,POINT (-87.6762966869 41.7720012369),,,,,2022-06-29,False,66,Englewood
7333,30,NO CONTROLS,NO CONTROLS,CLEAR,DAYLIGHT,PEDALCYCLIST,OTHER,STRAIGHT AND LEVEL,DRY,NO DEFECTS,,NOT APPLICABLE,NOT APPLICABLE,,NO INDICATION OF INJURY,15,6,41.7901163843,-87.5787914526,2022,30,POINT (-87.5787914526 41.7901163843),,,,,2022-06-29,False,40,Hyde Park
7334,30,OTHER,OTHER,CLEAR,DAYLIGHT,PEDALCYCLIST,NOT DIVIDED,STRAIGHT AND LEVEL,DRY,NO DEFECTS,,FAILING TO YIELD RIGHT-OF-WAY,DRIVING SKILLS/KNOWLEDGE/EXPERIENCE,Y,NONINCAPACITATING INJURY,16,6,41.9080785856,-87.6344692303,2022,30,POINT (-87.6344692303 41.9080785856),,,,,2022-06-29,False,7,Near North Side
7335,30,STOP SIGN/FLASHER,UNKNOWN,CLEAR,DAYLIGHT,PEDALCYCLIST,NOT DIVIDED,STRAIGHT AND LEVEL,DRY,UNKNOWN,,FOLLOWING TOO CLOSELY,UNABLE TO DETERMINE,,NONINCAPACITATING INJURY,17,6,41.9270254906,-87.6535174265,2022,30,POINT (-87.6535174265 41.9270254906),,,,,2022-06-29,False,6,Lincoln Park
7336,15,NO CONTROLS,NO CONTROLS,CLEAR,DAYLIGHT,PEDALCYCLIST,ALLEY,STRAIGHT AND LEVEL,DRY,NO DEFECTS,,FAILING TO YIELD RIGHT-OF-WAY,NOT APPLICABLE,,"REPORTED, NOT EVIDENT",19,6,41.9190023931,-87.732881779,2022,15,POINT (-87.732881779 41.9190023931),,,,,2022-06-29,False,19,Hermosa
7337,30,NO CONTROLS,NO CONTROLS,CLEAR,DAYLIGHT,PEDALCYCLIST,NOT DIVIDED,STRAIGHT AND LEVEL,DRY,NO DEFECTS,,NOT APPLICABLE,NOT APPLICABLE,,NONINCAPACITATING INJURY,19,6,41.9091875721,-87.6775767379,2022,30,POINT (-87.6775767379 41.9091875721),,,,,2022-06-29,False,23,West Town
7338,30,NO CONTROLS,NO CONTROLS,CLEAR,DAYLIGHT,PEDALCYCLIST,NOT DIVIDED,STRAIGHT AND LEVEL,DRY,NO DEFECTS,,DRIVING SKILLS/KNOWLEDGE/EXPERIENCE,NOT APPLICABLE,Y,NONINCAPACITATING INJURY,13,6,41.9978100419,-87.6917592773,2022,30,POINT (-87.6917592773 41.9978100419),,,,,2022-06-30,False,1,West Ridge
7339,30,TRAFFIC SIGNAL,FUNCTIONING PROPERLY,CLEAR,DAYLIGHT,PEDALCYCLIST,FOUR WAY,STRAIGHT AND LEVEL,DRY,NO DEFECTS,Y,IMPROPER OVERTAKING/PASSING,NOT APPLICABLE,,NONINCAPACITATING INJURY,15,6,41.9352792697,-87.7269287767,2022,30,POINT (-87.7269287767 41.9352792697),,,,,2022-06-30,False,19,Hermosa
7340,30,TRAFFIC SIGNAL,FUNCTIONING PROPERLY,CLEAR,DAYLIGHT,PEDALCYCLIST,TRAFFIC ROUTE,STRAIGHT AND LEVEL,DRY,UNKNOWN,Y,UNABLE TO DETERMINE,DRIVING SKILLS/KNOWLEDGE/EXPERIENCE,,INCAPACITATING INJURY,17,6,41.891074309,-87.6476705556,2022,30,POINT (-87.6476705556 41.891074309),,,,,2022-06-30,True,7,Near North Side
7341,25,NO CONTROLS,NO CONTROLS,CLEAR,DAYLIGHT,PEDALCYCLIST,ALLEY,STRAIGHT AND LEVEL,UNKNOWN,UNKNOWN,,UNABLE TO DETERMINE,NOT APPLICABLE,,NO INDICATION OF INJURY,19,6,41.9305893949,-87.7660741209,2022,25,POINT (-87.7660741209 41.9305893949),,,,,2022-06-30,False,18,Belmont Cragin
7342,30,TRAFFIC SIGNAL,FUNCTIONING PROPERLY,CLEAR,DAYLIGHT,PEDALCYCLIST,NOT DIVIDED,STRAIGHT AND LEVEL,DRY,NO DEFECTS,Y,UNABLE TO DETERMINE,UNABLE TO DETERMINE,N,"REPORTED, NOT EVIDENT",8,7,41.9873864742,-87.6597615396,2022,30,POINT (-87.6597615396 41.9873864742),,,,,2022-07-01,False,76,Edgewater
7343,30,NO CONTROLS,NO CONTROLS,CLEAR,DAYLIGHT,PEDALCYCLIST,T-INTERSECTION,STRAIGHT AND LEVEL,DRY,UNKNOWN,Y,UNABLE TO DETERMINE,UNABLE TO DETERMINE,,NONINCAPACITATING INJURY,11,7,41.9278338177,-87.6416588091,2022,30,POINT (-87.6416588091 41.9278338177),,,,,2022-07-01,False,6,Lincoln Park
7344,20,NO CONTROLS,NO CONTROLS,CLEAR,DAYLIGHT,PEDALCYCLIST,NOT DIVIDED,STRAIGHT AND LEVEL,DRY,NO DEFECTS,,FAILING TO YIELD RIGHT-OF-WAY,IMPROPER OVERTAKING/PASSING,Y,NONINCAPACITATING INJURY,13,7,41.9733683858,-87.6588819695,2022,20,POINT (-87.6588819695 41.9733683858),,,,,2022-07-01,False,2,Uptown
7345,30,TRAFFIC SIGNAL,FUNCTIONING PROPERLY,CLEAR,DAYLIGHT,PEDALCYCLIST,UNKNOWN INTERSECTION TYPE,STRAIGHT AND LEVEL,DRY,NO DEFECTS,Y,UNABLE TO DETERMINE,UNABLE TO DETERMINE,,NONINCAPACITATING INJURY,15,7,41.9432391992,-87.7036980324,2022,30,POINT (-87.7036980324 41.9432391992),,,,,2022-07-01,False,15,Irving Park
7346,30,NO CONTROLS,NO CONTROLS,CLEAR,DAYLIGHT,PEDALCYCLIST,PARKING LOT,STRAIGHT AND LEVEL,DRY,NO DEFECTS,,FAILING TO YIELD RIGHT-OF-WAY,FAILING TO YIELD RIGHT-OF-WAY,,NONINCAPACITATING INJURY,16,7,42.0112330922,-87.8067887784,2022,30,POINT (-87.8067887784 42.0112330922),,,,,2022-07-01,False,8,Edison Park
7347,30,NO CONTROLS,NO CONTROLS,CLEAR,"DARKNESS, LIGHTED ROAD",PEDALCYCLIST,DIVIDED - W/MEDIAN (NOT RAISED),STRAIGHT AND LEVEL,DRY,UNKNOWN,,UNABLE TO DETERMINE,NOT APPLICABLE,,NONINCAPACITATING INJURY,0,7,41.8580445851,-87.657591914,2022,30,POINT (-87.657591914 41.8580445851),,,,,2022-07-02,False,27,Near West Side
7348,30,NO CONTROLS,NO CONTROLS,CLEAR,DAYLIGHT,PEDALCYCLIST,T-INTERSECTION,STRAIGHT AND LEVEL,DRY,NO DEFECTS,Y,UNABLE TO DETERMINE,UNABLE TO DETERMINE,,"REPORTED, NOT EVIDENT",8,7,41.8009182886,-87.5875832037,2022,30,POINT (-87.5875832037 41.8009182886),,,,,2022-07-02,False,40,Hyde Park
7349,35,STOP SIGN/FLASHER,OTHER,UNKNOWN,UNKNOWN,PEDALCYCLIST,FOUR WAY,STRAIGHT AND LEVEL,UNKNOWN,UNKNOWN,Y,UNABLE TO DETERMINE,UNABLE TO DETERMINE,Y,NO INDICATION OF INJURY,11,7,41.7541841164,-87.6439875826,2022,35,POINT (-87.6439875826 41.7541841164),,,,,2022-07-02,False,70,Auburn Gresham
7350,30,NO CONTROLS,NO CONTROLS,CLEAR,DAYLIGHT,PEDALCYCLIST,DIVIDED - W/MEDIAN (NOT RAISED),STRAIGHT AND LEVEL,DRY,NO DEFECTS,Y,FAILING TO YIELD RIGHT-OF-WAY,UNABLE TO DETERMINE,,"REPORTED, NOT EVIDENT",12,7,41.7541793482,-87.6442806962,2022,30,POINT (-87.6442806962 41.7541793482),,,,,2022-07-02,False,70,Auburn Gresham