Unnamed: 0,POSTED_SPEED_LIMIT,TRAFFIC_CONTROL_DEVICE,DEVICE_CONDITION,WEATHER_CONDITION,LIGHTING_CONDITION,FIRST_CRASH_TYPE,TRAFFICWAY_TYPE,ALIGNMENT,ROADWAY_SURFACE_COND,ROAD_DEFECT,INTERSECTION_RELATED_I,PRIM_CONTRIBUTORY_CAUSE,SEC_CONTRIBUTORY_CAUSE,DOORING_I,MOST_SEVERE_INJURY,CRASH_HOUR,CRASH_MONTH,LATITUDE,LONGITUDE,CRASH_YEAR,SPEED_LIMIT,geometry,DISPLAYROU,the_geom,DIST,LANE_TYPE,CRASH_DATE,is_severe,index_right,CArea
7351,25,NO CONTROLS,NO CONTROLS,CLEAR,DAYLIGHT,PEDALCYCLIST,NOT DIVIDED,STRAIGHT AND LEVEL,DRY,NO DEFECTS,,UNABLE TO DETERMINE,UNABLE TO DETERMINE,,NO INDICATION OF INJURY,14,7,41.9676010592,-87.6939156792,2022,25,POINT (-87.6939156792 41.9676010592),,,,,2022-07-02,False,3,Lincoln Square
7352,30,NO CONTROLS,NO CONTROLS,CLEAR,DAYLIGHT,PEDALCYCLIST,NOT DIVIDED,STRAIGHT AND LEVEL,DRY,NO DEFECTS,,UNABLE TO DETERMINE,NOT APPLICABLE,,NONINCAPACITATING INJURY,16,7,41.91103585,-87.6261512941,2022,30,POINT (-87.6261512941 41.91103585),,,,,2022-07-02,False,6,Lincoln Park
7353,30,NO CONTROLS,NO CONTROLS,CLEAR,DAYLIGHT,PEDALCYCLIST,DIVIDED - W/MEDIAN (NOT RAISED),STRAIGHT AND LEVEL,DRY,NO DEFECTS,,UNABLE TO DETERMINE,UNABLE TO DETERMINE,Y,"REPORTED, NOT EVIDENT",18,7,41.9317429656,-87.7219450765,2022,30,POINT (-87.7219450765 41.9317429656),,,,,2022-07-02,False,20,Avondale
7354,30,TRAFFIC SIGNAL,FUNCTIONING PROPERLY,CLEAR,"DARKNESS, LIGHTED ROAD",PEDALCYCLIST,FOUR WAY,STRAIGHT AND LEVEL,DRY,NO DEFECTS,Y,FAILING TO YIELD RIGHT-OF-WAY,UNABLE TO DETERMINE,,NONINCAPACITATING INJURY,21,7,41.8949541461,-87.745952653,2022,30,POINT (-87.745952653 41.8949541461),,,,,2022-07-02,False,24,Austin
7355,30,NO CONTROLS,NO CONTROLS,CLEAR,"DARKNESS, LIGHTED ROAD",PEDALCYCLIST,NOT DIVIDED,STRAIGHT AND LEVEL,DRY,NO DEFECTS,,UNABLE TO DETERMINE,UNABLE TO DETERMINE,,NONINCAPACITATING INJURY,0,7,41.9391292722,-87.7155184473,2022,30,POINT (-87.7155184473 41.9391292722),,,,,2022-07-03,False,15,Irving Park
7356,30,TRAFFIC SIGNAL,FUNCTIONING PROPERLY,CLEAR,DAYLIGHT,PEDALCYCLIST,FOUR WAY,STRAIGHT AND LEVEL,DRY,NO DEFECTS,N,FAILING TO YIELD RIGHT-OF-WAY,UNABLE TO DETERMINE,,NONINCAPACITATING INJURY,11,7,42.0191730738,-87.6661662884,2022,30,POINT (-87.6661662884 42.0191730738),,,,,2022-07-03,False,0,Rogers Park
7357,25,NO CONTROLS,NO CONTROLS,CLEAR,DAYLIGHT,PEDALCYCLIST,ONE-WAY,STRAIGHT AND LEVEL,DRY,NO DEFECTS,,FAILING TO YIELD RIGHT-OF-WAY,DRIVING SKILLS/KNOWLEDGE/EXPERIENCE,Y,"REPORTED, NOT EVIDENT",13,7,41.8842491783,-87.6502642121,2022,25,POINT (-87.6502642121 41.8842491783),,,,,2022-07-03,False,27,Near West Side
7358,30,STOP SIGN/FLASHER,OTHER,CLEAR,DAYLIGHT,PEDALCYCLIST,T-INTERSECTION,STRAIGHT AND LEVEL,DRY,UNKNOWN,Y,FAILING TO REDUCE SPEED TO AVOID CRASH,NOT APPLICABLE,,NONINCAPACITATING INJURY,15,7,41.7943920855,-87.6193626225,2022,30,POINT (-87.6193626225 41.7943920855),,,,,2022-07-03,False,39,Washington Park
7359,30,UNKNOWN,UNKNOWN,CLEAR,DAYLIGHT,PEDALCYCLIST,UNKNOWN,STRAIGHT AND LEVEL,UNKNOWN,UNKNOWN,,UNABLE TO DETERMINE,NOT APPLICABLE,,NONINCAPACITATING INJURY,16,7,41.9116616371,-87.7206671563,2022,30,POINT (-87.7206671563 41.9116616371),,,,,2022-07-03,False,22,Humboldt Park
7360,30,TRAFFIC SIGNAL,FUNCTIONING PROPERLY,CLEAR,DAYLIGHT,PEDALCYCLIST,DIVIDED - W/MEDIAN (NOT RAISED),STRAIGHT ON GRADE,DRY,UNKNOWN,Y,UNABLE TO DETERMINE,UNABLE TO DETERMINE,,NONINCAPACITATING INJURY,16,7,41.8518543059,-87.6955913949,2022,30,POINT (-87.6955913949 41.8518543059),,,,,2022-07-03,False,28,North Lawndale
7361,30,UNKNOWN,UNKNOWN,CLEAR,DAYLIGHT,PEDALCYCLIST,OTHER,STRAIGHT AND LEVEL,DRY,UNKNOWN,,UNABLE TO DETERMINE,UNABLE TO DETERMINE,,NO INDICATION OF INJURY,16,7,41.9545457769,-87.6506927692,2022,30,POINT (-87.6506927692 41.9545457769),,,,,2022-07-03,False,2,Uptown
7362,30,NO CONTROLS,NO CONTROLS,CLEAR,DUSK,PEDALCYCLIST,NOT DIVIDED,STRAIGHT AND LEVEL,DRY,NO DEFECTS,,UNABLE TO DETERMINE,UNABLE TO DETERMINE,,INCAPACITATING INJURY,21,7,41.7802047116,-87.6205173599,2022,30,POINT (-87.6205173599 41.7802047116),,,,,2022-07-03,True,39,Washington Park
7363,30,TRAFFIC SIGNAL,FUNCTIONING PROPERLY,CLEAR,DAYLIGHT,PEDALCYCLIST,NOT DIVIDED,STRAIGHT AND LEVEL,DRY,NO DEFECTS,,UNABLE TO DETERMINE,UNABLE TO DETERMINE,,NONINCAPACITATING INJURY,6,7,41.9617007713,-87.6661237237,2022,30,POINT (-87.6661237237 41.9617007713),,,,,2022-07-04,False,2,Uptown
7364,30,STOP SIGN/FLASHER,FUNCTIONING PROPERLY,CLEAR,DAYLIGHT,PEDALCYCLIST,ONE-WAY,STRAIGHT AND LEVEL,DRY,NO DEFECTS,Y,FAILING TO REDUCE SPEED TO AVOID CRASH,FAILING TO YIELD RIGHT-OF-WAY,,INCAPACITATING INJURY,13,7,41.8948061741,-87.6257361073,2022,30,POINT (-87.6257361073 41.8948061741),,,,,2022-07-04,True,7,Near North Side
7365,30,NO CONTROLS,NO CONTROLS,CLEAR,DAYLIGHT,PEDALCYCLIST,NOT DIVIDED,STRAIGHT AND LEVEL,DRY,NO DEFECTS,,IMPROPER OVERTAKING/PASSING,IMPROPER LANE USAGE,,NONINCAPACITATING INJURY,13,7,41.8882517862,-87.7555010708,2022,30,POINT (-87.7555010708 41.8882517862),,,,,2022-07-04,False,24,Austin
7366,30,STOP SIGN/FLASHER,FUNCTIONING PROPERLY,RAIN,DAYLIGHT,PEDALCYCLIST,T-INTERSECTION,STRAIGHT AND LEVEL,WET,UNKNOWN,Y,UNABLE TO DETERMINE,NOT APPLICABLE,,NONINCAPACITATING INJURY,16,7,41.9393703345,-87.7135660217,2022,30,POINT (-87.7135660217 41.9393703345),,,,,2022-07-04,False,15,Irving Park
7367,30,STOP SIGN/FLASHER,FUNCTIONING PROPERLY,CLEAR,DAWN,PEDALCYCLIST,FOUR WAY,STRAIGHT AND LEVEL,DRY,NO DEFECTS,,FAILING TO YIELD RIGHT-OF-WAY,NOT APPLICABLE,,NONINCAPACITATING INJURY,18,7,41.7673663317,-87.6296666961,2022,30,POINT (-87.6296666961 41.7673663317),,,,,2022-07-04,False,67,Englewood
7368,30,NO CONTROLS,NO CONTROLS,RAIN,"DARKNESS, LIGHTED ROAD",PEDALCYCLIST,T-INTERSECTION,STRAIGHT AND LEVEL,WET,NO DEFECTS,,UNABLE TO DETERMINE,UNABLE TO DETERMINE,,NONINCAPACITATING INJURY,3,7,41.7514625063,-87.5801967676,2022,30,POINT (-87.5801967676 41.7514625063),,,,,2022-07-05,False,44,Avalon Park
7369,30,NO CONTROLS,NO CONTROLS,CLEAR,DAYLIGHT,PEDALCYCLIST,NOT DIVIDED,STRAIGHT AND LEVEL,DRY,NO DEFECTS,,UNABLE TO DETERMINE,UNABLE TO DETERMINE,Y,NO INDICATION OF INJURY,11,7,41.8918001554,-87.6263318662,2022,30,POINT (-87.6263318662 41.8918001554),,,,,2022-07-05,False,7,Near North Side
7370,30,TRAFFIC SIGNAL,FUNCTIONING PROPERLY,CLEAR,DAYLIGHT,PEDALCYCLIST,FOUR WAY,STRAIGHT AND LEVEL,DRY,NO DEFECTS,,DISREGARDING TRAFFIC SIGNALS,FAILING TO REDUCE SPEED TO AVOID CRASH,,NO INDICATION OF INJURY,12,7,41.8916756338,-87.6356513888,2022,30,POINT (-87.6356513888 41.8916756338),,,,,2022-07-05,False,7,Near North Side
7371,30,OTHER,NO CONTROLS,CLEAR,DAYLIGHT,PEDALCYCLIST,ONE-WAY,STRAIGHT AND LEVEL,DRY,NO DEFECTS,N,FAILING TO YIELD RIGHT-OF-WAY,NOT APPLICABLE,,NONINCAPACITATING INJURY,13,7,41.9246510599,-87.6656313936,2022,30,POINT (-87.6656313936 41.9246510599),,,,,2022-07-05,False,6,Lincoln Park
7372,30,TRAFFIC SIGNAL,FUNCTIONING PROPERLY,CLEAR,DAYLIGHT,PEDALCYCLIST,UNKNOWN,STRAIGHT AND LEVEL,DRY,NO DEFECTS,,IMPROPER OVERTAKING/PASSING,FAILING TO YIELD RIGHT-OF-WAY,,NO INDICATION OF INJURY,13,7,41.7728015015,-87.6154290822,2022,30,POINT (-87.6154290822 41.7728015015),,,,,2022-07-05,False,41,Woodlawn
7373,30,NO CONTROLS,NO CONTROLS,RAIN,DAYLIGHT,PEDALCYCLIST,ONE-WAY,STRAIGHT AND LEVEL,UNKNOWN,UNKNOWN,,UNABLE TO DETERMINE,NOT APPLICABLE,,"REPORTED, NOT EVIDENT",16,7,41.7725294069,-87.586952398,2022,30,POINT (-87.586952398 41.7725294069),,,,,2022-07-05,False,41,Woodlawn
7374,30,NO CONTROLS,NO CONTROLS,CLEAR,DAYLIGHT,PEDALCYCLIST,NOT DIVIDED,STRAIGHT AND LEVEL,DRY,NO DEFECTS,,UNABLE TO DETERMINE,UNABLE TO DETERMINE,,NO INDICATION OF INJURY,17,7,41.8297307505,-87.6789551255,2022,30,POINT (-87.6789551255 41.8297307505),,,,,2022-07-05,False,58,Mckinley Park
7375,30,NO CONTROLS,NO CONTROLS,CLEAR,"DARKNESS, LIGHTED ROAD",PEDALCYCLIST,NOT DIVIDED,STRAIGHT AND LEVEL,DRY,NO DEFECTS,N,UNABLE TO DETERMINE,UNABLE TO DETERMINE,,NO INDICATION OF INJURY,20,7,41.9397723875,-87.6559681707,2022,30,POINT (-87.6559681707 41.9397723875),,,,,2022-07-05,False,5,Lake View
7376,30,TRAFFIC SIGNAL,FUNCTIONING PROPERLY,CLOUDY/OVERCAST,"DARKNESS, LIGHTED ROAD",PEDALCYCLIST,DIVIDED - W/MEDIAN (NOT RAISED),STRAIGHT AND LEVEL,DRY,NO DEFECTS,Y,DISREGARDING TRAFFIC SIGNALS,DISREGARDING OTHER TRAFFIC SIGNS,,INCAPACITATING INJURY,22,7,41.8808901186,-87.624483266,2022,30,POINT (-87.624483266 41.8808901186),,,,,2022-07-05,True,31,Loop
7377,30,NO CONTROLS,NO CONTROLS,RAIN,DAYLIGHT,PEDALCYCLIST,ALLEY,STRAIGHT AND LEVEL,WET,NO DEFECTS,,FAILING TO YIELD RIGHT-OF-WAY,NOT APPLICABLE,,NONINCAPACITATING INJURY,7,7,41.9666590672,-87.7164091119,2022,30,POINT (-87.7164091119 41.9666590672),,,,,2022-07-06,False,13,Albany Park
7378,30,TRAFFIC SIGNAL,FUNCTIONING PROPERLY,CLEAR,DAYLIGHT,PEDALCYCLIST,NOT DIVIDED,STRAIGHT AND LEVEL,WET,UNKNOWN,Y,DISREGARDING TRAFFIC SIGNALS,FAILING TO YIELD RIGHT-OF-WAY,,INCAPACITATING INJURY,8,7,41.7562857008,-87.6324066628,2022,30,POINT (-87.6324066628 41.7562857008),,,,,2022-07-06,True,67,Englewood
7379,30,STOP SIGN/FLASHER,FUNCTIONING PROPERLY,CLEAR,DAYLIGHT,PEDALCYCLIST,DIVIDED - W/MEDIAN BARRIER,STRAIGHT AND LEVEL,DRY,NO DEFECTS,Y,FAILING TO YIELD RIGHT-OF-WAY,UNABLE TO DETERMINE,,NONINCAPACITATING INJURY,8,7,41.953862599,-87.7203222587,2022,30,POINT (-87.7203222587 41.953862599),,,,,2022-07-06,False,15,Irving Park
7380,30,TRAFFIC SIGNAL,FUNCTIONING PROPERLY,CLOUDY/OVERCAST,DAYLIGHT,PEDALCYCLIST,NOT DIVIDED,STRAIGHT AND LEVEL,OTHER,NO DEFECTS,N,IMPROPER LANE USAGE,IMPROPER OVERTAKING/PASSING,,NONINCAPACITATING INJURY,9,7,41.9858744651,-87.6633625498,2022,30,POINT (-87.6633625498 41.9858744651),,,,,2022-07-06,False,76,Edgewater
7381,30,TRAFFIC SIGNAL,FUNCTIONING PROPERLY,CLEAR,DAYLIGHT,PEDALCYCLIST,NOT DIVIDED,STRAIGHT AND LEVEL,DRY,NO DEFECTS,,IMPROPER OVERTAKING/PASSING,NOT APPLICABLE,,NONINCAPACITATING INJURY,13,7,41.8802365439,-87.7572203921,2022,30,POINT (-87.7572203921 41.8802365439),,,,,2022-07-06,False,24,Austin
7382,30,STOP SIGN/FLASHER,FUNCTIONING PROPERLY,CLEAR,DAYLIGHT,PEDALCYCLIST,NOT DIVIDED,STRAIGHT AND LEVEL,DRY,NO DEFECTS,,UNABLE TO DETERMINE,UNABLE TO DETERMINE,,"REPORTED, NOT EVIDENT",13,7,41.7396972872,-87.5851229064,2022,30,POINT (-87.5851229064 41.7396972872),,,,,2022-07-06,False,44,Avalon Park
7383,30,STOP SIGN/FLASHER,NO CONTROLS,CLEAR,DAYLIGHT,PEDALCYCLIST,NOT DIVIDED,STRAIGHT AND LEVEL,DRY,NO DEFECTS,,UNABLE TO DETERMINE,NOT APPLICABLE,,NONINCAPACITATING INJURY,14,7,41.9694895733,-87.7675871005,2022,30,POINT (-87.7675871005 41.9694895733),,,,,2022-07-06,False,10,Jefferson Park
7384,30,NO CONTROLS,NO CONTROLS,CLEAR,DAYLIGHT,PEDALCYCLIST,DIVIDED - W/MEDIAN (NOT RAISED),STRAIGHT AND LEVEL,DRY,NO DEFECTS,,UNABLE TO DETERMINE,NOT APPLICABLE,,NO INDICATION OF INJURY,17,7,41.9536786858,-87.7347438566,2022,30,POINT (-87.7347438566 41.9536786858),,,,,2022-07-06,False,15,Irving Park
7385,30,TRAFFIC SIGNAL,FUNCTIONING PROPERLY,CLEAR,DAYLIGHT,PEDALCYCLIST,T-INTERSECTION,STRAIGHT AND LEVEL,DRY,NO DEFECTS,Y,UNABLE TO DETERMINE,UNABLE TO DETERMINE,,NO INDICATION OF INJURY,19,7,41.8891577891,-87.6399859877,2022,30,POINT (-87.6399859877 41.8891577891),,,,,2022-07-06,False,7,Near North Side
7386,30,TRAFFIC SIGNAL,FUNCTIONING PROPERLY,CLEAR,DAYLIGHT,PEDALCYCLIST,NOT DIVIDED,STRAIGHT AND LEVEL,DRY,NO DEFECTS,,FOLLOWING TOO CLOSELY,NOT APPLICABLE,,NO INDICATION OF INJURY,21,7,41.9472152493,-87.647368004,2022,30,POINT (-87.647368004 41.9472152493),,,,,2022-07-06,False,5,Lake View
7387,30,NO CONTROLS,NO CONTROLS,CLEAR,"DARKNESS, LIGHTED ROAD",PEDALCYCLIST,NOT DIVIDED,STRAIGHT AND LEVEL,DRY,NO DEFECTS,,UNABLE TO DETERMINE,UNABLE TO DETERMINE,,NONINCAPACITATING INJURY,21,7,41.9076195609,-87.6344575087,2022,30,POINT (-87.6344575087 41.9076195609),,,,,2022-07-06,False,7,Near North Side
7388,30,NO CONTROLS,NO CONTROLS,CLEAR,DAYLIGHT,PEDALCYCLIST,OTHER,STRAIGHT AND LEVEL,DRY,NO DEFECTS,,"VISION OBSCURED (SIGNS, TREE LIMBS, BUILDINGS, ETC.)",NOT APPLICABLE,,NONINCAPACITATING INJURY,11,7,41.9099581432,-87.7105653208,2022,30,POINT (-87.7105653208 41.9099581432),,,,,2022-07-07,False,22,Humboldt Park
7389,15,NO CONTROLS,NO CONTROLS,CLEAR,DAYLIGHT,PEDALCYCLIST,ALLEY,STRAIGHT AND LEVEL,DRY,UNKNOWN,Y,UNABLE TO DETERMINE,NOT APPLICABLE,,"REPORTED, NOT EVIDENT",12,7,41.9022280485,-87.7212690626,2022,15,POINT (-87.7212690626 41.9022280485),,,,,2022-07-07,False,22,Humboldt Park
7390,30,TRAFFIC SIGNAL,FUNCTIONING PROPERLY,CLEAR,DAYLIGHT,PEDALCYCLIST,FOUR WAY,STRAIGHT AND LEVEL,DRY,NO DEFECTS,,UNABLE TO DETERMINE,NOT APPLICABLE,,NONINCAPACITATING INJURY,15,7,41.9032358152,-87.6675540676,2022,30,POINT (-87.6675540676 41.9032358152),,,,,2022-07-07,False,23,West Town
7391,25,TRAFFIC SIGNAL,FUNCTIONING PROPERLY,UNKNOWN,UNKNOWN,PEDALCYCLIST,NOT DIVIDED,STRAIGHT AND LEVEL,UNKNOWN,UNKNOWN,Y,UNABLE TO DETERMINE,NOT APPLICABLE,,NO INDICATION OF INJURY,16,7,41.9315074829,-87.7565456461,2022,25,POINT (-87.7565456461 41.9315074829),,,,,2022-07-07,False,18,Belmont Cragin
7392,30,STOP SIGN/FLASHER,FUNCTIONING PROPERLY,CLEAR,DAYLIGHT,PEDALCYCLIST,NOT DIVIDED,STRAIGHT AND LEVEL,DRY,NO DEFECTS,Y,DISREGARDING STOP SIGN,FAILING TO YIELD RIGHT-OF-WAY,,INCAPACITATING INJURY,18,7,41.99810228,-87.6750271773,2022,30,POINT (-87.6750271773 41.99810228),,,,,2022-07-07,True,0,Rogers Park
7393,30,NO CONTROLS,NO CONTROLS,CLEAR,DAYLIGHT,PEDALCYCLIST,DIVIDED - W/MEDIAN (NOT RAISED),STRAIGHT AND LEVEL,DRY,NO DEFECTS,,FAILING TO YIELD RIGHT-OF-WAY,IMPROPER TURNING/NO SIGNAL,,NONINCAPACITATING INJURY,9,7,41.924646142,-87.7030103532,2022,30,POINT (-87.7030103532 41.924646142),,,,,2022-07-08,False,21,Logan Square
7394,30,NO CONTROLS,NO CONTROLS,CLOUDY/OVERCAST,DAYLIGHT,PEDALCYCLIST,UNKNOWN,STRAIGHT AND LEVEL,DRY,UNKNOWN,,UNABLE TO DETERMINE,NOT APPLICABLE,,NONINCAPACITATING INJURY,13,7,41.8918642666,-87.6230434937,2022,30,POINT (-87.6230434937 41.8918642666),,,,,2022-07-08,False,7,Near North Side
7395,25,STOP SIGN/FLASHER,NO CONTROLS,UNKNOWN,UNKNOWN,PEDALCYCLIST,ONE-WAY,STRAIGHT AND LEVEL,UNKNOWN,UNKNOWN,,EQUIPMENT - VEHICLE CONDITION,NOT APPLICABLE,,NO INDICATION OF INJURY,13,7,41.7359084057,-87.6474228803,2022,25,POINT (-87.6474228803 41.7359084057),,,,,2022-07-08,False,70,Auburn Gresham
7396,30,TRAFFIC SIGNAL,FUNCTIONING PROPERLY,CLEAR,DAYLIGHT,PEDALCYCLIST,NOT DIVIDED,STRAIGHT AND LEVEL,DRY,NO DEFECTS,Y,UNABLE TO DETERMINE,NOT APPLICABLE,,NONINCAPACITATING INJURY,14,7,41.9174966079,-87.6887196084,2022,30,POINT (-87.6887196084 41.9174966079),,,,,2022-07-08,False,21,Logan Square
7397,30,TRAFFIC SIGNAL,FUNCTIONING PROPERLY,CLOUDY/OVERCAST,DAYLIGHT,PEDALCYCLIST,DIVIDED - W/MEDIAN (NOT RAISED),STRAIGHT AND LEVEL,DRY,NO DEFECTS,,UNABLE TO DETERMINE,UNABLE TO DETERMINE,,NONINCAPACITATING INJURY,16,7,41.9614217264,-87.6887469798,2022,30,POINT (-87.6887469798 41.9614217264),,,,,2022-07-08,False,3,Lincoln Square
7398,30,NO CONTROLS,NO CONTROLS,CLOUDY/OVERCAST,DAYLIGHT,PEDALCYCLIST,DIVIDED - W/MEDIAN BARRIER,"CURVE, LEVEL",DRY,NO DEFECTS,,IMPROPER LANE USAGE,UNABLE TO DETERMINE,,NONINCAPACITATING INJURY,17,7,41.7303961336,-87.5407727491,2022,30,POINT (-87.5407727491 41.7303961336),,,,,2022-07-08,False,45,South Chicago
7399,30,NO CONTROLS,NO CONTROLS,CLEAR,DAYLIGHT,PEDALCYCLIST,DIVIDED - W/MEDIAN (NOT RAISED),STRAIGHT AND LEVEL,DRY,NO DEFECTS,,UNABLE TO DETERMINE,UNABLE TO DETERMINE,,NO INDICATION OF INJURY,18,7,41.9322647954,-87.6898955755,2022,30,POINT (-87.6898955755 41.9322647954),,,,,2022-07-08,False,4,North Center
7400,35,STOP SIGN/FLASHER,FUNCTIONING PROPERLY,CLEAR,DAYLIGHT,PEDALCYCLIST,DIVIDED - W/MEDIAN (NOT RAISED),STRAIGHT AND LEVEL,DRY,NO DEFECTS,,UNABLE TO DETERMINE,UNABLE TO DETERMINE,,NONINCAPACITATING INJURY,19,7,41.9541091679,-87.6921264435,2022,35,POINT (-87.6921264435 41.9541091679),,,,,2022-07-08,False,4,North Center
7401,30,UNKNOWN,UNKNOWN,CLEAR,DUSK,PEDALCYCLIST,NOT DIVIDED,STRAIGHT AND LEVEL,DRY,NO DEFECTS,,NOT APPLICABLE,NOT APPLICABLE,,NO INDICATION OF INJURY,19,7,41.9288850328,-87.6683353745,2022,30,POINT (-87.6683353745 41.9288850328),,,,,2022-07-08,False,6,Lincoln Park
7402,30,TRAFFIC SIGNAL,FUNCTIONING PROPERLY,CLEAR,"DARKNESS, LIGHTED ROAD",PEDALCYCLIST,NOT DIVIDED,STRAIGHT AND LEVEL,DRY,NO DEFECTS,Y,UNABLE TO DETERMINE,UNABLE TO DETERMINE,,NO INDICATION OF INJURY,0,7,41.9214221431,-87.6779001087,2022,30,POINT (-87.6779001087 41.9214221431),,,,,2022-07-09,False,6,Lincoln Park
7403,30,NO CONTROLS,NO CONTROLS,CLEAR,DAYLIGHT,PEDALCYCLIST,NOT DIVIDED,STRAIGHT AND LEVEL,DRY,NO DEFECTS,,UNABLE TO DETERMINE,UNABLE TO DETERMINE,,NO INDICATION OF INJURY,19,7,41.9111954195,-87.6348588835,2022,30,POINT (-87.6348588835 41.9111954195),,,,,2022-07-09,False,6,Lincoln Park
7404,30,TRAFFIC SIGNAL,UNKNOWN,UNKNOWN,UNKNOWN,PEDALCYCLIST,NOT DIVIDED,STRAIGHT AND LEVEL,UNKNOWN,NO DEFECTS,,DISTRACTION - FROM INSIDE VEHICLE,"DISTRACTION - OTHER ELECTRONIC DEVICE (NAVIGATION DEVICE, DVD PLAYER, ETC.)",Y,"REPORTED, NOT EVIDENT",19,7,41.8649598981,-87.6469999206,2022,30,POINT (-87.6469999206 41.8649598981),,,,,2022-07-09,False,27,Near West Side
7405,30,NO CONTROLS,NO CONTROLS,CLEAR,"DARKNESS, LIGHTED ROAD",PEDALCYCLIST,ONE-WAY,STRAIGHT AND LEVEL,DRY,NO DEFECTS,,UNABLE TO DETERMINE,UNABLE TO DETERMINE,Y,NONINCAPACITATING INJURY,21,7,41.9236898367,-87.7073344275,2022,30,POINT (-87.7073344275 41.9236898367),,,,,2022-07-09,False,21,Logan Square
7406,30,TRAFFIC SIGNAL,FUNCTIONING PROPERLY,CLEAR,DAYLIGHT,PEDALCYCLIST,"FIVE POINT, OR MORE",STRAIGHT AND LEVEL,DRY,UNKNOWN,Y,UNABLE TO DETERMINE,NOT APPLICABLE,,INCAPACITATING INJURY,5,7,41.9533704789,-87.7471582056,2022,30,POINT (-87.7471582056 41.9533704789),,,,,2022-07-10,True,14,Portage Park
7407,25,UNKNOWN,UNKNOWN,CLEAR,DAYLIGHT,PEDALCYCLIST,UNKNOWN,STRAIGHT AND LEVEL,DRY,UNKNOWN,,NOT APPLICABLE,NOT APPLICABLE,N,NONINCAPACITATING INJURY,11,7,41.9388065876,-87.7519385644,2022,25,POINT (-87.7519385644 41.9388065876),,,,,2022-07-10,False,14,Portage Park
7408,30,NO CONTROLS,NOT FUNCTIONING,CLEAR,DAYLIGHT,PEDALCYCLIST,NOT DIVIDED,STRAIGHT AND LEVEL,DRY,NO DEFECTS,,IMPROPER OVERTAKING/PASSING,IMPROPER OVERTAKING/PASSING,,NONINCAPACITATING INJURY,12,7,41.9905161326,-87.7141380669,2022,30,POINT (-87.7141380669 41.9905161326),,,,,2022-07-10,False,12,North Park
7409,30,NO CONTROLS,NO CONTROLS,CLEAR,DAYLIGHT,PEDALCYCLIST,NOT DIVIDED,STRAIGHT AND LEVEL,DRY,NO DEFECTS,,UNABLE TO DETERMINE,UNABLE TO DETERMINE,,NONINCAPACITATING INJURY,17,7,41.9311591839,-87.7105998542,2022,30,POINT (-87.7105998542 41.9311591839),,,,,2022-07-10,False,21,Logan Square
7410,30,TRAFFIC SIGNAL,FUNCTIONING PROPERLY,RAIN,DUSK,PEDALCYCLIST,DIVIDED - W/MEDIAN (NOT RAISED),STRAIGHT AND LEVEL,WET,NO DEFECTS,,DRIVING SKILLS/KNOWLEDGE/EXPERIENCE,NOT APPLICABLE,,NO INDICATION OF INJURY,20,7,41.8546102918,-87.6464030645,2022,30,POINT (-87.6464030645 41.8546102918),,,,,2022-07-10,False,30,Lower West Side
7411,35,UNKNOWN,UNKNOWN,CLEAR,DAWN,PEDALCYCLIST,NOT DIVIDED,STRAIGHT AND LEVEL,DRY,UNKNOWN,,UNABLE TO DETERMINE,NOT APPLICABLE,,INCAPACITATING INJURY,20,7,41.8994311256,-87.6778053308,2022,35,POINT (-87.6778053308 41.8994311256),,,,,2022-07-10,True,23,West Town
7412,10,NO CONTROLS,NO CONTROLS,CLEAR,DAYLIGHT,PEDALCYCLIST,DRIVEWAY,STRAIGHT AND LEVEL,DRY,NO DEFECTS,,DRIVING ON WRONG SIDE/WRONG WAY,NOT APPLICABLE,,NO INDICATION OF INJURY,10,7,41.8525552491,-87.6594110619,2022,10,POINT (-87.6594110619 41.8525552491),,,,,2022-07-11,False,30,Lower West Side
7413,30,NO CONTROLS,NO CONTROLS,CLEAR,DAYLIGHT,PEDALCYCLIST,DIVIDED - W/MEDIAN (NOT RAISED),STRAIGHT AND LEVEL,DRY,NO DEFECTS,,FAILING TO YIELD RIGHT-OF-WAY,NOT APPLICABLE,,INCAPACITATING INJURY,13,7,41.8112465112,-87.708645189,2022,30,POINT (-87.708645189 41.8112465112),,,,,2022-07-11,True,57,Brighton Park
7414,30,STOP SIGN/FLASHER,OTHER,CLEAR,DAYLIGHT,PEDALCYCLIST,OTHER,STRAIGHT AND LEVEL,DRY,UNKNOWN,Y,UNABLE TO DETERMINE,UNABLE TO DETERMINE,,NONINCAPACITATING INJURY,15,7,41.9685245266,-87.7122111995,2022,30,POINT (-87.7122111995 41.9685245266),,,,,2022-07-11,False,13,Albany Park
7415,30,NO CONTROLS,NO CONTROLS,CLEAR,DAYLIGHT,PEDALCYCLIST,DIVIDED - W/MEDIAN (NOT RAISED),STRAIGHT AND LEVEL,DRY,NO DEFECTS,,FAILING TO YIELD RIGHT-OF-WAY,"VISION OBSCURED (SIGNS, TREE LIMBS, BUILDINGS, ETC.)",,NONINCAPACITATING INJURY,17,7,41.9185116624,-87.6903944299,2022,30,POINT (-87.6903944299 41.9185116624),,,,,2022-07-11,False,21,Logan Square