Unnamed: 0,POSTED_SPEED_LIMIT,TRAFFIC_CONTROL_DEVICE,DEVICE_CONDITION,WEATHER_CONDITION,LIGHTING_CONDITION,FIRST_CRASH_TYPE,TRAFFICWAY_TYPE,ALIGNMENT,ROADWAY_SURFACE_COND,ROAD_DEFECT,INTERSECTION_RELATED_I,PRIM_CONTRIBUTORY_CAUSE,SEC_CONTRIBUTORY_CAUSE,DOORING_I,MOST_SEVERE_INJURY,CRASH_HOUR,CRASH_MONTH,LATITUDE,LONGITUDE,CRASH_YEAR,SPEED_LIMIT,geometry,DISPLAYROU,the_geom,DIST,LANE_TYPE,CRASH_DATE,is_severe,index_right,CArea
7416,30,STOP SIGN/FLASHER,FUNCTIONING PROPERLY,CLEAR,DAYLIGHT,PEDALCYCLIST,DIVIDED - W/MEDIAN (NOT RAISED),STRAIGHT AND LEVEL,DRY,NO DEFECTS,,DISREGARDING STOP SIGN,UNABLE TO DETERMINE,,NONINCAPACITATING INJURY,17,7,41.9412898868,-87.6782052374,2022,30,POINT (-87.6782052374 41.9412898868),,,,,2022-07-11,False,4,North Center
7417,30,TRAFFIC SIGNAL,FUNCTIONING PROPERLY,CLEAR,DAYLIGHT,PEDALCYCLIST,DIVIDED - W/MEDIAN (NOT RAISED),STRAIGHT AND LEVEL,DRY,NO DEFECTS,,FAILING TO REDUCE SPEED TO AVOID CRASH,FAILING TO YIELD RIGHT-OF-WAY,,NO INDICATION OF INJURY,18,7,41.8966259649,-87.639829077,2022,30,POINT (-87.639829077 41.8966259649),,,,,2022-07-11,False,7,Near North Side
7418,30,TRAFFIC SIGNAL,FUNCTIONING PROPERLY,CLEAR,DAYLIGHT,PEDALCYCLIST,DIVIDED - W/MEDIAN (NOT RAISED),STRAIGHT AND LEVEL,DRY,NO DEFECTS,Y,FAILING TO YIELD RIGHT-OF-WAY,UNABLE TO DETERMINE,,NONINCAPACITATING INJURY,18,7,41.8731062401,-87.6204256289,2022,30,POINT (-87.6204256289 41.8731062401),,,,,2022-07-11,False,31,Loop
7419,30,NO CONTROLS,UNKNOWN,CLEAR,DAYLIGHT,PEDALCYCLIST,ONE-WAY,STRAIGHT AND LEVEL,DRY,NO DEFECTS,Y,FOLLOWING TOO CLOSELY,UNABLE TO DETERMINE,,NONINCAPACITATING INJURY,18,7,41.9992345818,-87.7020718832,2022,30,POINT (-87.7020718832 41.9992345818),,,,,2022-07-11,False,1,West Ridge
7420,35,STOP SIGN/FLASHER,FUNCTIONING PROPERLY,CLEAR,"DARKNESS, LIGHTED ROAD",PEDALCYCLIST,FOUR WAY,STRAIGHT AND LEVEL,DRY,NO DEFECTS,Y,DISREGARDING STOP SIGN,DRIVING SKILLS/KNOWLEDGE/EXPERIENCE,,NO INDICATION OF INJURY,21,7,41.9974719137,-87.6983649832,2022,35,POINT (-87.6983649832 41.9974719137),,,,,2022-07-11,False,1,West Ridge
7421,35,NO CONTROLS,NO CONTROLS,CLEAR,"DARKNESS, LIGHTED ROAD",PEDALCYCLIST,ONE-WAY,STRAIGHT AND LEVEL,DRY,UNKNOWN,,FAILING TO YIELD RIGHT-OF-WAY,DRIVING SKILLS/KNOWLEDGE/EXPERIENCE,Y,NONINCAPACITATING INJURY,21,7,41.8919801179,-87.616165931,2022,35,POINT (-87.616165931 41.8919801179),,,,,2022-07-11,False,7,Near North Side
7422,15,UNKNOWN,UNKNOWN,UNKNOWN,UNKNOWN,PEDALCYCLIST,ALLEY,STRAIGHT AND LEVEL,UNKNOWN,UNKNOWN,,UNABLE TO DETERMINE,UNABLE TO DETERMINE,,INCAPACITATING INJURY,21,7,41.997985853,-87.7031766716,2022,15,POINT (-87.7031766716 41.997985853),,,,,2022-07-11,True,1,West Ridge
7423,30,TRAFFIC SIGNAL,FUNCTIONING PROPERLY,CLEAR,DAYLIGHT,PEDALCYCLIST,FOUR WAY,STRAIGHT AND LEVEL,DRY,NO DEFECTS,Y,DISREGARDING TRAFFIC SIGNALS,UNABLE TO DETERMINE,,NONINCAPACITATING INJURY,7,7,41.9677232767,-87.7627729445,2022,30,POINT (-87.7627729445 41.9677232767),,,,,2022-07-12,False,10,Jefferson Park
7424,30,TRAFFIC SIGNAL,FUNCTIONING PROPERLY,CLEAR,DAYLIGHT,PEDALCYCLIST,NOT DIVIDED,STRAIGHT AND LEVEL,DRY,NO DEFECTS,Y,UNABLE TO DETERMINE,FAILING TO YIELD RIGHT-OF-WAY,,NONINCAPACITATING INJURY,10,7,41.9962277914,-87.7643318481,2022,30,POINT (-87.7643318481 41.9962277914),,,,,2022-07-12,False,10,Jefferson Park
7425,30,UNKNOWN,UNKNOWN,CLEAR,DAYLIGHT,PEDALCYCLIST,ONE-WAY,STRAIGHT AND LEVEL,DRY,UNKNOWN,,DRIVING SKILLS/KNOWLEDGE/EXPERIENCE,DRIVING SKILLS/KNOWLEDGE/EXPERIENCE,,NONINCAPACITATING INJURY,13,7,41.8533819507,-87.729827378,2022,30,POINT (-87.729827378 41.8533819507),,,,,2022-07-12,False,28,North Lawndale
7426,30,NO CONTROLS,NO CONTROLS,CLEAR,DAYLIGHT,PEDALCYCLIST,ONE-WAY,STRAIGHT AND LEVEL,DRY,NO DEFECTS,,FAILING TO YIELD RIGHT-OF-WAY,UNABLE TO DETERMINE,,NONINCAPACITATING INJURY,16,7,41.8493257563,-87.7313341284,2022,30,POINT (-87.7313341284 41.8493257563),,,,,2022-07-12,False,28,North Lawndale
7427,30,NO CONTROLS,NO CONTROLS,CLEAR,DAYLIGHT,PEDALCYCLIST,NOT DIVIDED,STRAIGHT AND LEVEL,DRY,NO DEFECTS,,UNABLE TO DETERMINE,NOT APPLICABLE,Y,NONINCAPACITATING INJURY,19,7,41.8454749744,-87.6436743501,2022,30,POINT (-87.6436743501 41.8454749744),,,,,2022-07-12,False,30,Lower West Side
7428,30,TRAFFIC SIGNAL,FUNCTIONING PROPERLY,CLEAR,DARKNESS,PEDALCYCLIST,ONE-WAY,STRAIGHT AND LEVEL,DRY,NO DEFECTS,,FAILING TO YIELD RIGHT-OF-WAY,IMPROPER TURNING/NO SIGNAL,,NONINCAPACITATING INJURY,21,7,41.8916012848,-87.6297967052,2022,30,POINT (-87.6297967052 41.8916012848),,,,,2022-07-12,False,7,Near North Side
7429,30,NO CONTROLS,NO CONTROLS,CLEAR,DAYLIGHT,PEDALCYCLIST,DIVIDED - W/MEDIAN (NOT RAISED),STRAIGHT AND LEVEL,DRY,NO DEFECTS,,FOLLOWING TOO CLOSELY,UNABLE TO DETERMINE,,NO INDICATION OF INJURY,7,7,41.9254376438,-87.7017144471,2022,30,POINT (-87.7017144471 41.9254376438),,,,,2022-07-13,False,21,Logan Square
7430,30,NO CONTROLS,NO CONTROLS,CLEAR,DAYLIGHT,PEDALCYCLIST,NOT DIVIDED,STRAIGHT AND LEVEL,DRY,NO DEFECTS,,NOT APPLICABLE,NOT APPLICABLE,Y,NONINCAPACITATING INJURY,8,7,41.9077983137,-87.6736588355,2022,30,POINT (-87.6736588355 41.9077983137),,,,,2022-07-13,False,23,West Town
7431,30,NO CONTROLS,NO CONTROLS,CLEAR,DAYLIGHT,PEDALCYCLIST,NOT DIVIDED,STRAIGHT AND LEVEL,DRY,NO DEFECTS,,FAILING TO YIELD RIGHT-OF-WAY,NOT APPLICABLE,N,NO INDICATION OF INJURY,10,7,41.8754795162,-87.7061157709,2022,30,POINT (-87.7061157709 41.8754795162),,,,,2022-07-13,False,26,Garfield Park
7432,30,TRAFFIC SIGNAL,FUNCTIONING PROPERLY,CLEAR,DAYLIGHT,PEDALCYCLIST,FOUR WAY,STRAIGHT AND LEVEL,DRY,NO DEFECTS,Y,UNABLE TO DETERMINE,NOT APPLICABLE,,"REPORTED, NOT EVIDENT",14,7,41.8808416276,-87.706266069,2022,30,POINT (-87.706266069 41.8808416276),,,,,2022-07-13,False,26,Garfield Park
7433,30,NO CONTROLS,NO CONTROLS,CLEAR,DAYLIGHT,PEDALCYCLIST,PARKING LOT,STRAIGHT AND LEVEL,DRY,NO DEFECTS,,FAILING TO REDUCE SPEED TO AVOID CRASH,NOT APPLICABLE,,NONINCAPACITATING INJURY,14,7,41.9282789928,-87.7857612572,2022,30,POINT (-87.7857612572 41.9282789928),,,,,2022-07-13,False,18,Belmont Cragin
7434,30,STOP SIGN/FLASHER,FUNCTIONING PROPERLY,CLEAR,DAYLIGHT,PEDALCYCLIST,NOT DIVIDED,STRAIGHT AND LEVEL,DRY,NO DEFECTS,Y,NOT APPLICABLE,NOT APPLICABLE,,NONINCAPACITATING INJURY,17,7,41.8893488688,-87.6406701301,2022,30,POINT (-87.6406701301 41.8893488688),,,,,2022-07-13,False,7,Near North Side
7435,15,STOP SIGN/FLASHER,FUNCTIONING PROPERLY,CLEAR,DAYLIGHT,PEDALCYCLIST,NOT DIVIDED,STRAIGHT AND LEVEL,DRY,NO DEFECTS,,UNABLE TO DETERMINE,UNABLE TO DETERMINE,,"REPORTED, NOT EVIDENT",17,7,41.8605103829,-87.6128731001,2022,15,POINT (-87.6128731001 41.8605103829),,,,,2022-07-13,False,32,Near South Side
7436,30,NO CONTROLS,NO CONTROLS,CLEAR,DAYLIGHT,PEDALCYCLIST,FOUR WAY,STRAIGHT AND LEVEL,DRY,NO DEFECTS,Y,FAILING TO REDUCE SPEED TO AVOID CRASH,NOT APPLICABLE,,NO INDICATION OF INJURY,18,7,41.9309277897,-87.783195059,2022,30,POINT (-87.783195059 41.9309277897),,,,,2022-07-13,False,18,Belmont Cragin
7437,30,STOP SIGN/FLASHER,FUNCTIONING PROPERLY,CLEAR,DAYLIGHT,PEDALCYCLIST,NOT DIVIDED,STRAIGHT AND LEVEL,DRY,NO DEFECTS,Y,DISREGARDING STOP SIGN,FAILING TO YIELD RIGHT-OF-WAY,,NO INDICATION OF INJURY,12,7,41.8865585435,-87.6574765341,2022,30,POINT (-87.6574765341 41.8865585435),,,,,2022-07-14,False,7,Near North Side
7438,30,NO CONTROLS,NO CONTROLS,CLEAR,DAYLIGHT,PEDALCYCLIST,ONE-WAY,STRAIGHT AND LEVEL,DRY,NO DEFECTS,,IMPROPER BACKING,CELL PHONE USE OTHER THAN TEXTING,,NONINCAPACITATING INJURY,13,7,41.9668573877,-87.6933720274,2022,30,POINT (-87.6933720274 41.9668573877),,,,,2022-07-14,False,3,Lincoln Square
7439,20,NO CONTROLS,NO CONTROLS,CLEAR,DAYLIGHT,PEDALCYCLIST,ONE-WAY,STRAIGHT AND LEVEL,DRY,NO DEFECTS,,UNABLE TO DETERMINE,NOT APPLICABLE,,NO INDICATION OF INJURY,14,7,41.9332342458,-87.7231771108,2022,20,POINT (-87.7231771108 41.9332342458),,,,,2022-07-14,False,19,Hermosa
7440,30,TRAFFIC SIGNAL,FUNCTIONING PROPERLY,CLEAR,DAYLIGHT,PEDALCYCLIST,DIVIDED - W/MEDIAN (NOT RAISED),STRAIGHT AND LEVEL,DRY,NO DEFECTS,,UNABLE TO DETERMINE,NOT APPLICABLE,,NONINCAPACITATING INJURY,16,7,41.9188049331,-87.6686652231,2022,30,POINT (-87.6686652231 41.9188049331),,,,,2022-07-14,False,6,Lincoln Park
7441,30,TRAFFIC SIGNAL,FUNCTIONING PROPERLY,CLEAR,DAYLIGHT,PEDALCYCLIST,NOT DIVIDED,STRAIGHT AND LEVEL,DRY,NO DEFECTS,Y,UNABLE TO DETERMINE,UNABLE TO DETERMINE,,"REPORTED, NOT EVIDENT",16,7,41.9179960869,-87.6674033449,2022,30,POINT (-87.6674033449 41.9179960869),,,,,2022-07-14,False,6,Lincoln Park
7442,30,NO CONTROLS,NO CONTROLS,CLEAR,DAYLIGHT,PEDALCYCLIST,NOT DIVIDED,STRAIGHT AND LEVEL,DRY,NO DEFECTS,,FOLLOWING TOO CLOSELY,NOT APPLICABLE,,"REPORTED, NOT EVIDENT",17,7,41.9209230257,-87.727654653,2022,30,POINT (-87.727654653 41.9209230257),,,,,2022-07-14,False,19,Hermosa
7443,30,TRAFFIC SIGNAL,FUNCTIONING PROPERLY,CLEAR,DAYLIGHT,PEDALCYCLIST,FOUR WAY,STRAIGHT AND LEVEL,DRY,NO DEFECTS,,UNABLE TO DETERMINE,UNABLE TO DETERMINE,,NONINCAPACITATING INJURY,17,7,41.9328312254,-87.6489491745,2022,30,POINT (-87.6489491745 41.9328312254),,,,,2022-07-14,False,5,Lake View
7444,30,NO CONTROLS,UNKNOWN,CLEAR,DAYLIGHT,PEDALCYCLIST,OTHER,STRAIGHT AND LEVEL,DRY,NO DEFECTS,,NOT APPLICABLE,NOT APPLICABLE,,NONINCAPACITATING INJURY,17,7,41.8857846721,-87.6355569245,2022,30,POINT (-87.6355569245 41.8857846721),,,,,2022-07-14,False,27,Near West Side
7445,30,TRAFFIC SIGNAL,FUNCTIONING PROPERLY,CLEAR,DAYLIGHT,PEDALCYCLIST,NOT DIVIDED,STRAIGHT AND LEVEL,DRY,NO DEFECTS,Y,UNABLE TO DETERMINE,UNABLE TO DETERMINE,,NONINCAPACITATING INJURY,19,7,41.8114168006,-87.7088303912,2022,30,POINT (-87.7088303912 41.8114168006),,,,,2022-07-14,False,57,Brighton Park
7446,30,NO CONTROLS,NO CONTROLS,CLEAR,DARKNESS,PEDALCYCLIST,DIVIDED - W/MEDIAN (NOT RAISED),STRAIGHT AND LEVEL,DRY,UNKNOWN,,FOLLOWING TOO CLOSELY,FOLLOWING TOO CLOSELY,,NONINCAPACITATING INJURY,20,7,41.9377811086,-87.696203324,2022,30,POINT (-87.696203324 41.9377811086),,,,,2022-07-14,False,4,North Center
7447,30,TRAFFIC SIGNAL,FUNCTIONING PROPERLY,CLEAR,"DARKNESS, LIGHTED ROAD",PEDALCYCLIST,FOUR WAY,STRAIGHT AND LEVEL,DRY,UNKNOWN,Y,FAILING TO YIELD RIGHT-OF-WAY,DISREGARDING OTHER TRAFFIC SIGNS,,NO INDICATION OF INJURY,22,7,41.8809822077,-87.6171046512,2022,30,POINT (-87.6171046512 41.8809822077),,,,,2022-07-14,False,31,Loop
7448,30,STOP SIGN/FLASHER,FUNCTIONING PROPERLY,CLEAR,"DARKNESS, LIGHTED ROAD",PEDALCYCLIST,T-INTERSECTION,STRAIGHT AND LEVEL,DRY,NO DEFECTS,Y,FAILING TO YIELD RIGHT-OF-WAY,DRIVING SKILLS/KNOWLEDGE/EXPERIENCE,,"REPORTED, NOT EVIDENT",1,7,41.8978460694,-87.6326631881,2022,30,POINT (-87.6326631881 41.8978460694),,,,,2022-07-15,False,7,Near North Side
7449,30,UNKNOWN,UNKNOWN,UNKNOWN,UNKNOWN,PEDALCYCLIST,FOUR WAY,STRAIGHT AND LEVEL,WET,NO DEFECTS,Y,UNABLE TO DETERMINE,NOT APPLICABLE,,NO INDICATION OF INJURY,17,7,41.7420680932,-87.7217362243,2022,30,POINT (-87.7217362243 41.7420680932),,,,,2022-07-15,False,69,Ashburn
7450,30,NO CONTROLS,NO CONTROLS,CLEAR,DAYLIGHT,PEDALCYCLIST,FOUR WAY,STRAIGHT AND LEVEL,DRY,NO DEFECTS,,UNABLE TO DETERMINE,UNABLE TO DETERMINE,Y,INCAPACITATING INJURY,18,7,41.8406688255,-87.7250601869,2022,30,POINT (-87.7250601869 41.8406688255),,,,,2022-07-15,True,29,South Lawndale
7451,15,NO CONTROLS,NO CONTROLS,CLEAR,DUSK,PEDALCYCLIST,DRIVEWAY,STRAIGHT AND LEVEL,WET,NO DEFECTS,,UNABLE TO DETERMINE,UNABLE TO DETERMINE,,NO INDICATION OF INJURY,18,7,41.9028198683,-87.7217664521,2022,15,POINT (-87.7217664521 41.9028198683),,,,,2022-07-15,False,22,Humboldt Park
7452,30,TRAFFIC SIGNAL,FUNCTIONING PROPERLY,RAIN,"DARKNESS, LIGHTED ROAD",PEDALCYCLIST,FOUR WAY,STRAIGHT AND LEVEL,WET,NO DEFECTS,Y,DISREGARDING TRAFFIC SIGNALS,UNABLE TO DETERMINE,,NO INDICATION OF INJURY,21,7,41.8092741496,-87.6165984424,2022,30,POINT (-87.6165984424 41.8092741496),,,,,2022-07-15,False,37,Grand Boulevard
7453,30,STOP SIGN/FLASHER,FUNCTIONING PROPERLY,CLOUDY/OVERCAST,DAYLIGHT,PEDALCYCLIST,FOUR WAY,STRAIGHT AND LEVEL,DRY,NO DEFECTS,Y,FAILING TO YIELD RIGHT-OF-WAY,DRIVING SKILLS/KNOWLEDGE/EXPERIENCE,,NONINCAPACITATING INJURY,11,7,41.7935335694,-87.6976050345,2022,30,POINT (-87.6976050345 41.7935335694),,,,,2022-07-16,False,62,Gage Park
7454,30,STOP SIGN/FLASHER,FUNCTIONING PROPERLY,CLEAR,DAYLIGHT,PEDALCYCLIST,FOUR WAY,STRAIGHT AND LEVEL,DRY,NO DEFECTS,,FAILING TO YIELD RIGHT-OF-WAY,FAILING TO YIELD RIGHT-OF-WAY,,NONINCAPACITATING INJURY,12,7,41.6954062444,-87.540249742,2022,30,POINT (-87.540249742 41.6954062444),,,,,2022-07-16,False,51,East Side
7455,30,NO CONTROLS,NO CONTROLS,CLEAR,DAYLIGHT,PEDALCYCLIST,NOT DIVIDED,STRAIGHT AND LEVEL,DRY,UNKNOWN,,UNABLE TO DETERMINE,NOT APPLICABLE,,NONINCAPACITATING INJURY,17,7,41.9968006958,-87.6603157376,2022,30,POINT (-87.6603157376 41.9968006958),,,,,2022-07-16,False,76,Edgewater
7456,30,NO CONTROLS,NO CONTROLS,CLEAR,DAYLIGHT,PEDALCYCLIST,DIVIDED - W/MEDIAN (NOT RAISED),STRAIGHT AND LEVEL,DRY,NO DEFECTS,,UNABLE TO DETERMINE,UNABLE TO DETERMINE,,NONINCAPACITATING INJURY,17,7,41.929038709,-87.6454815543,2022,30,POINT (-87.6454815543 41.929038709),,,,,2022-07-16,False,6,Lincoln Park
7457,30,NO CONTROLS,NO CONTROLS,CLEAR,"DARKNESS, LIGHTED ROAD",PEDALCYCLIST,DIVIDED - W/MEDIAN (NOT RAISED),STRAIGHT AND LEVEL,DRY,NO DEFECTS,,UNABLE TO DETERMINE,NOT APPLICABLE,,NONINCAPACITATING INJURY,19,7,41.9108134728,-87.6480104515,2022,30,POINT (-87.6480104515 41.9108134728),,,,,2022-07-16,False,6,Lincoln Park
7458,30,TRAFFIC SIGNAL,FUNCTIONING PROPERLY,CLEAR,DARKNESS,PEDALCYCLIST,NOT DIVIDED,STRAIGHT AND LEVEL,DRY,NO DEFECTS,,FAILING TO YIELD RIGHT-OF-WAY,IMPROPER TURNING/NO SIGNAL,,NONINCAPACITATING INJURY,22,7,41.8932447739,-87.6327867038,2022,30,POINT (-87.6327867038 41.8932447739),,,,,2022-07-16,False,7,Near North Side
7459,30,NO CONTROLS,NO CONTROLS,UNKNOWN,DAYLIGHT,PEDALCYCLIST,NOT DIVIDED,STRAIGHT AND LEVEL,UNKNOWN,UNKNOWN,,UNABLE TO DETERMINE,UNABLE TO DETERMINE,,"REPORTED, NOT EVIDENT",12,7,41.9721261994,-87.6599011815,2022,30,POINT (-87.6599011815 41.9721261994),,,,,2022-07-17,False,2,Uptown
7460,30,NO CONTROLS,NO CONTROLS,CLEAR,DAYLIGHT,PEDALCYCLIST,NOT DIVIDED,STRAIGHT AND LEVEL,DRY,NO DEFECTS,Y,UNABLE TO DETERMINE,UNABLE TO DETERMINE,,NONINCAPACITATING INJURY,12,7,41.9086395917,-87.6483601527,2022,30,POINT (-87.6483601527 41.9086395917),,,,,2022-07-17,False,7,Near North Side
7461,25,NO CONTROLS,NO CONTROLS,CLEAR,DAYLIGHT,PEDALCYCLIST,ONE-WAY,STRAIGHT AND LEVEL,DRY,NO DEFECTS,,FAILING TO REDUCE SPEED TO AVOID CRASH,IMPROPER LANE USAGE,,NO INDICATION OF INJURY,14,7,41.924541106,-87.753842497,2022,25,POINT (-87.753842497 41.924541106),,,,,2022-07-17,False,18,Belmont Cragin
7462,35,TRAFFIC SIGNAL,UNKNOWN,CLEAR,DAYLIGHT,PEDALCYCLIST,UNKNOWN INTERSECTION TYPE,"CURVE, LEVEL",DRY,UNKNOWN,Y,UNABLE TO DETERMINE,NOT APPLICABLE,Y,NO INDICATION OF INJURY,15,7,41.8580626576,-87.6467952716,2022,35,POINT (-87.6467952716 41.8580626576),,,,,2022-07-17,False,27,Near West Side
7463,30,UNKNOWN,UNKNOWN,UNKNOWN,UNKNOWN,PEDALCYCLIST,NOT DIVIDED,STRAIGHT AND LEVEL,UNKNOWN,UNKNOWN,,UNABLE TO DETERMINE,UNABLE TO DETERMINE,Y,NONINCAPACITATING INJURY,16,7,41.9326676649,-87.6585672794,2022,30,POINT (-87.6585672794 41.9326676649),,,,,2022-07-17,False,5,Lake View
7464,30,TRAFFIC SIGNAL,FUNCTIONING PROPERLY,CLEAR,DAYLIGHT,PEDALCYCLIST,NOT DIVIDED,STRAIGHT AND LEVEL,DRY,NO DEFECTS,,UNABLE TO DETERMINE,UNABLE TO DETERMINE,,"REPORTED, NOT EVIDENT",16,7,41.9618230715,-87.6548960832,2022,30,POINT (-87.6548960832 41.9618230715),,,,,2022-07-17,False,2,Uptown
7465,30,STOP SIGN/FLASHER,FUNCTIONING PROPERLY,CLEAR,DAYLIGHT,PEDALCYCLIST,OTHER,STRAIGHT ON GRADE,DRY,NO DEFECTS,Y,UNABLE TO DETERMINE,NOT APPLICABLE,,NONINCAPACITATING INJURY,16,7,41.741916078,-87.731527894,2022,30,POINT (-87.731527894 41.741916078),,,,,2022-07-18,False,69,Ashburn
7466,30,STOP SIGN/FLASHER,FUNCTIONING PROPERLY,CLEAR,DAYLIGHT,PEDALCYCLIST,NOT DIVIDED,STRAIGHT AND LEVEL,DRY,NO DEFECTS,,FAILING TO YIELD RIGHT-OF-WAY,NOT APPLICABLE,,NO INDICATION OF INJURY,18,7,41.9129986432,-87.7767619193,2022,30,POINT (-87.7767619193 41.9129986432),,,,,2022-07-18,False,24,Austin
7467,15,NO CONTROLS,NO CONTROLS,CLEAR,DAYLIGHT,PEDALCYCLIST,ALLEY,STRAIGHT AND LEVEL,DRY,UNKNOWN,Y,FAILING TO REDUCE SPEED TO AVOID CRASH,UNABLE TO DETERMINE,,NONINCAPACITATING INJURY,18,7,41.972005813,-87.7055230459,2022,15,POINT (-87.7055230459 41.972005813),,,,,2022-07-18,False,3,Lincoln Square
7468,30,TRAFFIC SIGNAL,FUNCTIONING PROPERLY,CLEAR,DAYLIGHT,PEDALCYCLIST,NOT DIVIDED,STRAIGHT AND LEVEL,DRY,NO DEFECTS,,UNABLE TO DETERMINE,UNABLE TO DETERMINE,,NO INDICATION OF INJURY,7,7,41.8819757277,-87.6339718463,2022,30,POINT (-87.6339718463 41.8819757277),,,,,2022-07-19,False,31,Loop
7469,0,NO CONTROLS,NO CONTROLS,CLEAR,DAYLIGHT,PEDALCYCLIST,PARKING LOT,STRAIGHT AND LEVEL,DRY,NO DEFECTS,,UNABLE TO DETERMINE,UNABLE TO DETERMINE,,NO INDICATION OF INJURY,11,7,41.8281952141,-87.7096637617,2022,0,POINT (-87.7096637617 41.8281952141),,,,,2022-07-19,False,29,South Lawndale
7470,30,NO CONTROLS,UNKNOWN,UNKNOWN,UNKNOWN,PEDALCYCLIST,NOT DIVIDED,STRAIGHT AND LEVEL,OTHER,UNKNOWN,Y,FAILING TO YIELD RIGHT-OF-WAY,IMPROPER LANE USAGE,,NONINCAPACITATING INJURY,13,7,41.9251938898,-87.6682943634,2022,30,POINT (-87.6682943634 41.9251938898),,,,,2022-07-19,False,6,Lincoln Park
7471,30,TRAFFIC SIGNAL,FUNCTIONING PROPERLY,CLEAR,DAYLIGHT,PEDALCYCLIST,NOT DIVIDED,STRAIGHT AND LEVEL,DRY,NO DEFECTS,Y,DISREGARDING TRAFFIC SIGNALS,NOT APPLICABLE,,NONINCAPACITATING INJURY,17,7,41.9166143383,-87.6576825337,2022,30,POINT (-87.6576825337 41.9166143383),,,,,2022-07-19,False,6,Lincoln Park
7472,30,NO CONTROLS,NO CONTROLS,CLEAR,DAYLIGHT,PEDALCYCLIST,ALLEY,STRAIGHT AND LEVEL,DRY,UNKNOWN,,FAILING TO YIELD RIGHT-OF-WAY,NOT APPLICABLE,,INCAPACITATING INJURY,18,7,41.9307693974,-87.7958890122,2022,30,POINT (-87.7958890122 41.9307693974),,,,,2022-07-19,True,17,Montclare
7473,30,NO CONTROLS,NO CONTROLS,CLEAR,DARKNESS,PEDALCYCLIST,NOT DIVIDED,STRAIGHT AND LEVEL,DRY,NO DEFECTS,,UNABLE TO DETERMINE,UNABLE TO DETERMINE,,NONINCAPACITATING INJURY,20,7,41.9678230965,-87.7727867287,2022,30,POINT (-87.7727867287 41.9678230965),,,,,2022-07-19,False,10,Jefferson Park
7474,30,NO CONTROLS,NO CONTROLS,CLEAR,"DARKNESS, LIGHTED ROAD",PEDALCYCLIST,NOT DIVIDED,STRAIGHT AND LEVEL,DRY,NO DEFECTS,,IMPROPER TURNING/NO SIGNAL,IMPROPER TURNING/NO SIGNAL,,NONINCAPACITATING INJURY,20,7,41.9522076593,-87.6494892359,2022,30,POINT (-87.6494892359 41.9522076593),,,,,2022-07-19,False,5,Lake View
7475,30,TRAFFIC SIGNAL,FUNCTIONING PROPERLY,CLEAR,DAYLIGHT,PEDALCYCLIST,NOT DIVIDED,STRAIGHT AND LEVEL,DRY,NO DEFECTS,,IMPROPER OVERTAKING/PASSING,UNABLE TO DETERMINE,,NONINCAPACITATING INJURY,8,7,41.9062588709,-87.7263534764,2022,30,POINT (-87.7263534764 41.9062588709),,,,,2022-07-20,False,22,Humboldt Park
7476,30,NO CONTROLS,NO CONTROLS,CLEAR,DAYLIGHT,PEDALCYCLIST,DIVIDED - W/MEDIAN (NOT RAISED),STRAIGHT AND LEVEL,DRY,NO DEFECTS,,UNABLE TO DETERMINE,UNABLE TO DETERMINE,,NONINCAPACITATING INJURY,9,7,41.9499616249,-87.6784918642,2022,30,POINT (-87.6784918642 41.9499616249),,,,,2022-07-20,False,4,North Center
7477,30,TRAFFIC SIGNAL,FUNCTIONING PROPERLY,CLEAR,DAYLIGHT,PEDALCYCLIST,NOT DIVIDED,STRAIGHT AND LEVEL,DRY,NO DEFECTS,,UNABLE TO DETERMINE,NOT APPLICABLE,,NO INDICATION OF INJURY,12,7,41.9431011074,-87.712759073,2022,30,POINT (-87.712759073 41.9431011074),,,,,2022-07-20,False,15,Irving Park
7478,30,TRAFFIC SIGNAL,FUNCTIONING PROPERLY,CLEAR,DAYLIGHT,PEDALCYCLIST,FOUR WAY,STRAIGHT AND LEVEL,DRY,NO DEFECTS,Y,UNABLE TO DETERMINE,UNABLE TO DETERMINE,,INCAPACITATING INJURY,13,7,41.9899947326,-87.6554545967,2022,30,POINT (-87.6554545967 41.9899947326),,,,,2022-07-20,True,76,Edgewater
7479,30,NO CONTROLS,NO CONTROLS,RAIN,DAYLIGHT,PEDALCYCLIST,FOUR WAY,STRAIGHT AND LEVEL,UNKNOWN,UNKNOWN,,UNABLE TO DETERMINE,NOT APPLICABLE,,NONINCAPACITATING INJURY,14,7,41.7741868798,-87.6445893535,2022,30,POINT (-87.6445893535 41.7741868798),,,,,2022-07-20,False,67,Englewood
7480,30,STOP SIGN/FLASHER,FUNCTIONING PROPERLY,CLEAR,DAYLIGHT,PEDALCYCLIST,FOUR WAY,STRAIGHT AND LEVEL,DRY,NO DEFECTS,Y,FAILING TO YIELD RIGHT-OF-WAY,UNABLE TO DETERMINE,,INCAPACITATING INJURY,15,7,41.8955597983,-87.6941120661,2022,30,POINT (-87.6941120661 41.8955597983),,,,,2022-07-20,True,22,Humboldt Park
7481,30,UNKNOWN,UNKNOWN,UNKNOWN,UNKNOWN,PEDALCYCLIST,NOT DIVIDED,STRAIGHT AND LEVEL,UNKNOWN,UNKNOWN,,UNABLE TO DETERMINE,UNABLE TO DETERMINE,,NO INDICATION OF INJURY,15,7,41.9339874925,-87.6456738583,2022,30,POINT (-87.6456738583 41.9339874925),,,,,2022-07-20,False,5,Lake View