Unnamed: 0,POSTED_SPEED_LIMIT,TRAFFIC_CONTROL_DEVICE,DEVICE_CONDITION,WEATHER_CONDITION,LIGHTING_CONDITION,FIRST_CRASH_TYPE,TRAFFICWAY_TYPE,ALIGNMENT,ROADWAY_SURFACE_COND,ROAD_DEFECT,INTERSECTION_RELATED_I,PRIM_CONTRIBUTORY_CAUSE,SEC_CONTRIBUTORY_CAUSE,DOORING_I,MOST_SEVERE_INJURY,CRASH_HOUR,CRASH_MONTH,LATITUDE,LONGITUDE,CRASH_YEAR,SPEED_LIMIT,geometry,DISPLAYROU,the_geom,DIST,LANE_TYPE,CRASH_DATE,is_severe,index_right,CArea
7482,30,NO CONTROLS,NO CONTROLS,CLEAR,DAYLIGHT,PEDALCYCLIST,DRIVEWAY,STRAIGHT AND LEVEL,DRY,NO DEFECTS,,UNABLE TO DETERMINE,UNABLE TO DETERMINE,,NONINCAPACITATING INJURY,16,7,42.0171389565,-87.6845181212,2022,30,POINT (-87.6845181212 42.0171389565),,,,,2022-07-20,False,0,Rogers Park
7483,30,UNKNOWN,UNKNOWN,CLEAR,DAYLIGHT,PEDALCYCLIST,T-INTERSECTION,STRAIGHT AND LEVEL,DRY,NO DEFECTS,Y,UNABLE TO DETERMINE,UNABLE TO DETERMINE,,NO INDICATION OF INJURY,17,7,41.9664027613,-87.7374364635,2022,30,POINT (-87.7374364635 41.9664027613),,,,,2022-07-20,False,13,Albany Park
7484,30,NO CONTROLS,NO CONTROLS,CLEAR,DAYLIGHT,PEDALCYCLIST,NOT DIVIDED,STRAIGHT AND LEVEL,DRY,NO DEFECTS,,FAILING TO YIELD RIGHT-OF-WAY,DISREGARDING ROAD MARKINGS,,NONINCAPACITATING INJURY,18,7,41.9860066196,-87.7704993317,2022,30,POINT (-87.7704993317 41.9860066196),,,,,2022-07-20,False,10,Jefferson Park
7485,30,TRAFFIC SIGNAL,FUNCTIONING PROPERLY,CLEAR,DAYLIGHT,PEDALCYCLIST,RAMP,STRAIGHT AND LEVEL,DRY,NO DEFECTS,N,UNABLE TO DETERMINE,NOT APPLICABLE,,"REPORTED, NOT EVIDENT",5,7,41.8237019201,-87.7239198003,2022,30,POINT (-87.7239198003 41.8237019201),,,,,2022-07-21,False,29,South Lawndale
7486,30,NO CONTROLS,NO CONTROLS,CLEAR,DAYLIGHT,PEDALCYCLIST,DIVIDED - W/MEDIAN BARRIER,STRAIGHT AND LEVEL,DRY,NO DEFECTS,,UNABLE TO DETERMINE,UNABLE TO DETERMINE,,NONINCAPACITATING INJURY,7,7,41.9903809522,-87.6716200159,2022,30,POINT (-87.6716200159 41.9903809522),,,,,2022-07-21,False,76,Edgewater
7487,30,NO CONTROLS,NO CONTROLS,CLEAR,DAYLIGHT,PEDALCYCLIST,FOUR WAY,STRAIGHT AND LEVEL,DRY,NO DEFECTS,Y,DISREGARDING STOP SIGN,UNABLE TO DETERMINE,,NONINCAPACITATING INJURY,8,7,41.9629618061,-87.7194628537,2022,30,POINT (-87.7194628537 41.9629618061),,,,,2022-07-21,False,13,Albany Park
7488,25,TRAFFIC SIGNAL,FUNCTIONING PROPERLY,CLEAR,DAYLIGHT,PEDALCYCLIST,FOUR WAY,STRAIGHT AND LEVEL,DRY,NO DEFECTS,Y,DISREGARDING TRAFFIC SIGNALS,NOT APPLICABLE,,NONINCAPACITATING INJURY,9,7,42.0120120745,-87.7045985752,2022,25,POINT (-87.7045985752 42.0120120745),,,,,2022-07-21,False,1,West Ridge
7489,30,NO CONTROLS,NO CONTROLS,CLEAR,DAYLIGHT,PEDALCYCLIST,NOT DIVIDED,STRAIGHT AND LEVEL,DRY,NO DEFECTS,,FAILING TO YIELD RIGHT-OF-WAY,NOT APPLICABLE,Y,NONINCAPACITATING INJURY,10,7,41.9498826494,-87.6642417786,2022,30,POINT (-87.6642417786 41.9498826494),,,,,2022-07-21,False,5,Lake View
7490,30,TRAFFIC SIGNAL,FUNCTIONING PROPERLY,CLEAR,DAYLIGHT,PEDALCYCLIST,NOT DIVIDED,STRAIGHT AND LEVEL,DRY,NO DEFECTS,Y,UNABLE TO DETERMINE,UNABLE TO DETERMINE,,NONINCAPACITATING INJURY,11,7,41.8959618414,-87.6547606933,2022,30,POINT (-87.6547606933 41.8959618414),,,,,2022-07-21,False,7,Near North Side
7491,30,NO CONTROLS,NO CONTROLS,CLEAR,DAYLIGHT,PEDALCYCLIST,NOT DIVIDED,STRAIGHT AND LEVEL,DRY,NO DEFECTS,,UNABLE TO DETERMINE,UNABLE TO DETERMINE,,INCAPACITATING INJURY,13,7,41.7790676783,-87.7040884814,2022,30,POINT (-87.7040884814 41.7790676783),,,,,2022-07-21,True,65,Chicago Lawn
7492,30,STOP SIGN/FLASHER,FUNCTIONING PROPERLY,CLEAR,DAYLIGHT,PEDALCYCLIST,FOUR WAY,STRAIGHT AND LEVEL,DRY,UNKNOWN,Y,DISREGARDING STOP SIGN,UNABLE TO DETERMINE,,NO INDICATION OF INJURY,17,7,41.8977133981,-87.6845704594,2022,30,POINT (-87.6845704594 41.8977133981),,,,,2022-07-21,False,23,West Town
7493,30,STOP SIGN/FLASHER,FUNCTIONING PROPERLY,CLEAR,DAYLIGHT,PEDALCYCLIST,FOUR WAY,STRAIGHT AND LEVEL,DRY,NO DEFECTS,Y,FAILING TO YIELD RIGHT-OF-WAY,UNABLE TO DETERMINE,,NONINCAPACITATING INJURY,17,7,41.8877466887,-87.669636991,2022,30,POINT (-87.669636991 41.8877466887),,,,,2022-07-21,False,27,Near West Side
7494,30,TRAFFIC SIGNAL,FUNCTIONING PROPERLY,CLEAR,DAYLIGHT,PEDALCYCLIST,FOUR WAY,STRAIGHT AND LEVEL,DRY,NO DEFECTS,Y,FAILING TO YIELD RIGHT-OF-WAY,UNABLE TO DETERMINE,,NONINCAPACITATING INJURY,19,7,41.8005635028,-87.7161544228,2022,30,POINT (-87.7161544228 41.8005635028),,,,,2022-07-21,False,56,Archer Heights
7495,30,TRAFFIC SIGNAL,FUNCTIONING PROPERLY,CLEAR,DAYLIGHT,PEDALCYCLIST,FOUR WAY,STRAIGHT AND LEVEL,DRY,NO DEFECTS,Y,FAILING TO YIELD RIGHT-OF-WAY,FAILING TO REDUCE SPEED TO AVOID CRASH,,NONINCAPACITATING INJURY,7,7,41.8668717668,-87.6617163333,2022,30,POINT (-87.6617163333 41.8668717668),,,,,2022-07-22,False,27,Near West Side
7496,30,STOP SIGN/FLASHER,FUNCTIONING PROPERLY,CLEAR,DAYLIGHT,PEDALCYCLIST,DIVIDED - W/MEDIAN (NOT RAISED),STRAIGHT AND LEVEL,DRY,NO DEFECTS,Y,FAILING TO YIELD RIGHT-OF-WAY,FAILING TO REDUCE SPEED TO AVOID CRASH,,NONINCAPACITATING INJURY,9,7,41.8361963735,-87.6412185571,2022,30,POINT (-87.6412185571 41.8361963735),,,,,2022-07-22,False,30,Lower West Side
7497,30,TRAFFIC SIGNAL,FUNCTIONING PROPERLY,CLEAR,DAYLIGHT,PEDALCYCLIST,DIVIDED - W/MEDIAN (NOT RAISED),STRAIGHT AND LEVEL,DRY,NO DEFECTS,Y,FAILING TO YIELD RIGHT-OF-WAY,NOT APPLICABLE,,NO INDICATION OF INJURY,10,7,41.867377773,-87.6242830157,2022,30,POINT (-87.6242830157 41.867377773),,,,,2022-07-22,False,31,Loop
7498,30,STOP SIGN/FLASHER,FUNCTIONING PROPERLY,CLEAR,DAYLIGHT,PEDALCYCLIST,FOUR WAY,STRAIGHT AND LEVEL,DRY,UNKNOWN,Y,DISREGARDING STOP SIGN,NOT APPLICABLE,,NONINCAPACITATING INJURY,14,7,41.8899564972,-87.6696132174,2022,30,POINT (-87.6696132174 41.8899564972),,,,,2022-07-22,False,23,West Town
7499,25,NO CONTROLS,NO CONTROLS,CLEAR,DAYLIGHT,PEDALCYCLIST,ONE-WAY,STRAIGHT AND LEVEL,DRY,NO DEFECTS,,UNABLE TO DETERMINE,NOT APPLICABLE,,NONINCAPACITATING INJURY,15,7,42.0066365203,-87.6627603645,2022,25,POINT (-87.6627603645 42.0066365203),,,,,2022-07-22,False,0,Rogers Park
7500,30,NO CONTROLS,NO CONTROLS,CLEAR,DAYLIGHT,PEDALCYCLIST,DIVIDED - W/MEDIAN (NOT RAISED),STRAIGHT AND LEVEL,DRY,NO DEFECTS,,IMPROPER OVERTAKING/PASSING,NOT APPLICABLE,,NONINCAPACITATING INJURY,15,7,41.8950936148,-87.748381715,2022,30,POINT (-87.748381715 41.8950936148),,,,,2022-07-22,False,24,Austin
7501,30,NO CONTROLS,NO CONTROLS,CLEAR,DAYLIGHT,PEDALCYCLIST,NOT DIVIDED,STRAIGHT AND LEVEL,DRY,NO DEFECTS,,UNABLE TO DETERMINE,UNABLE TO DETERMINE,,NONINCAPACITATING INJURY,16,7,41.9687397421,-87.6449847102,2022,30,POINT (-87.6449847102 41.9687397421),,,,,2022-07-22,False,2,Uptown
7502,25,STOP SIGN/FLASHER,FUNCTIONING PROPERLY,CLEAR,DAYLIGHT,PEDALCYCLIST,FOUR WAY,STRAIGHT AND LEVEL,DRY,NO DEFECTS,Y,FAILING TO YIELD RIGHT-OF-WAY,NOT APPLICABLE,,"REPORTED, NOT EVIDENT",18,7,41.9208236728,-87.6852111896,2022,25,POINT (-87.6852111896 41.9208236728),,,,,2022-07-22,False,21,Logan Square
7503,30,NO CONTROLS,NO CONTROLS,CLEAR,"DARKNESS, LIGHTED ROAD",PEDALCYCLIST,NOT DIVIDED,STRAIGHT AND LEVEL,DRY,NO DEFECTS,,NOT APPLICABLE,NOT APPLICABLE,,"REPORTED, NOT EVIDENT",22,7,41.9608329708,-87.7474855619,2022,30,POINT (-87.7474855619 41.9608329708),,,,,2022-07-22,False,14,Portage Park
7504,35,TRAFFIC SIGNAL,FUNCTIONING PROPERLY,CLEAR,"DARKNESS, LIGHTED ROAD",PEDALCYCLIST,NOT DIVIDED,STRAIGHT AND LEVEL,DRY,NO DEFECTS,Y,UNABLE TO DETERMINE,UNABLE TO DETERMINE,N,NONINCAPACITATING INJURY,0,7,41.8033590423,-87.7219604675,2022,35,POINT (-87.7219604675 41.8033590423),,,,,2022-07-23,False,56,Archer Heights
7505,30,NO CONTROLS,NO CONTROLS,CLEAR,DAYLIGHT,PEDALCYCLIST,NOT DIVIDED,STRAIGHT AND LEVEL,DRY,NO DEFECTS,,UNABLE TO DETERMINE,UNABLE TO DETERMINE,,NO INDICATION OF INJURY,18,7,41.8898872614,-87.6736291813,2022,30,POINT (-87.6736291813 41.8898872614),,,,,2022-07-23,False,23,West Town
7506,30,STOP SIGN/FLASHER,OTHER,CLEAR,"DARKNESS, LIGHTED ROAD",PEDALCYCLIST,DIVIDED - W/MEDIAN (NOT RAISED),STRAIGHT AND LEVEL,DRY,NO DEFECTS,,UNABLE TO DETERMINE,UNABLE TO DETERMINE,Y,INCAPACITATING INJURY,22,7,41.9977951454,-87.6924730719,2022,30,POINT (-87.6924730719 41.9977951454),,,,,2022-07-23,True,1,West Ridge
7507,30,TRAFFIC SIGNAL,FUNCTIONING PROPERLY,CLEAR,DAYLIGHT,PEDALCYCLIST,T-INTERSECTION,STRAIGHT AND LEVEL,DRY,NO DEFECTS,Y,FAILING TO YIELD RIGHT-OF-WAY,FAILING TO YIELD RIGHT-OF-WAY,,NONINCAPACITATING INJURY,10,7,41.7933103401,-87.5838340372,2022,30,POINT (-87.5838340372 41.7933103401),,,,,2022-07-24,False,40,Hyde Park
7508,20,STOP SIGN/FLASHER,FUNCTIONING PROPERLY,CLEAR,DAYLIGHT,PEDALCYCLIST,FOUR WAY,STRAIGHT AND LEVEL,DRY,NO DEFECTS,Y,FAILING TO YIELD RIGHT-OF-WAY,UNABLE TO DETERMINE,Y,NONINCAPACITATING INJURY,13,7,41.8785693735,-87.6840463918,2022,20,POINT (-87.6840463918 41.8785693735),,,,,2022-07-24,False,27,Near West Side
7509,30,NO CONTROLS,NO CONTROLS,CLEAR,DAYLIGHT,PEDALCYCLIST,NOT DIVIDED,STRAIGHT AND LEVEL,DRY,NO DEFECTS,,UNABLE TO DETERMINE,UNABLE TO DETERMINE,,NONINCAPACITATING INJURY,16,7,41.6886486227,-87.6004420802,2022,30,POINT (-87.6004420802 41.6886486227),,,,,2022-07-24,False,49,Pullman
7510,30,TRAFFIC SIGNAL,FUNCTIONING PROPERLY,CLEAR,DAYLIGHT,PEDALCYCLIST,FOUR WAY,STRAIGHT AND LEVEL,DRY,NO DEFECTS,Y,UNABLE TO DETERMINE,UNABLE TO DETERMINE,,NONINCAPACITATING INJURY,18,7,41.921487292,-87.6776080101,2022,30,POINT (-87.6776080101 41.921487292),,,,,2022-07-24,False,6,Lincoln Park
7511,30,TRAFFIC SIGNAL,FUNCTIONING PROPERLY,CLEAR,DAYLIGHT,PEDALCYCLIST,NOT DIVIDED,STRAIGHT AND LEVEL,DRY,NO DEFECTS,Y,FAILING TO YIELD RIGHT-OF-WAY,NOT APPLICABLE,,NONINCAPACITATING INJURY,4,7,41.9552502833,-87.7475016045,2022,30,POINT (-87.7475016045 41.9552502833),,,,,2022-07-25,False,14,Portage Park
7512,30,NO CONTROLS,NO CONTROLS,CLEAR,DAYLIGHT,PEDALCYCLIST,DIVIDED - W/MEDIAN (NOT RAISED),STRAIGHT AND LEVEL,DRY,NO DEFECTS,,FAILING TO YIELD RIGHT-OF-WAY,DRIVING SKILLS/KNOWLEDGE/EXPERIENCE,,"REPORTED, NOT EVIDENT",15,7,41.8673317709,-87.6420294663,2022,30,POINT (-87.6420294663 41.8673317709),,,,,2022-07-25,False,27,Near West Side
7513,30,NO CONTROLS,NO CONTROLS,CLEAR,DAYLIGHT,PEDALCYCLIST,NOT DIVIDED,STRAIGHT AND LEVEL,DRY,NO DEFECTS,,IMPROPER TURNING/NO SIGNAL,NOT APPLICABLE,,INCAPACITATING INJURY,18,7,41.8694605906,-87.6566092906,2022,30,POINT (-87.6566092906 41.8694605906),,,,,2022-07-25,True,27,Near West Side
7514,30,TRAFFIC SIGNAL,UNKNOWN,UNKNOWN,UNKNOWN,PEDALCYCLIST,FOUR WAY,STRAIGHT AND LEVEL,UNKNOWN,UNKNOWN,,UNABLE TO DETERMINE,NOT APPLICABLE,,NO INDICATION OF INJURY,21,7,41.917117394,-87.7214450183,2022,30,POINT (-87.7214450183 41.917117394),,,,,2022-07-25,False,21,Logan Square
7515,30,UNKNOWN,UNKNOWN,CLEAR,"DARKNESS, LIGHTED ROAD",PEDALCYCLIST,UNKNOWN,STRAIGHT AND LEVEL,UNKNOWN,UNKNOWN,,UNABLE TO DETERMINE,UNABLE TO DETERMINE,,INCAPACITATING INJURY,22,7,41.7691231319,-87.6219348072,2022,30,POINT (-87.6219348072 41.7691231319),,,,,2022-07-25,True,68,Grand Crossing
7516,30,TRAFFIC SIGNAL,FUNCTIONING PROPERLY,CLEAR,"DARKNESS, LIGHTED ROAD",PEDALCYCLIST,FOUR WAY,STRAIGHT AND LEVEL,DRY,NO DEFECTS,Y,UNABLE TO DETERMINE,NOT APPLICABLE,,NONINCAPACITATING INJURY,4,7,41.9174461719,-87.7071160719,2022,30,POINT (-87.7071160719 41.9174461719),,,,,2022-07-26,False,21,Logan Square
7517,30,TRAFFIC SIGNAL,FUNCTIONING PROPERLY,CLEAR,DAYLIGHT,PEDALCYCLIST,DIVIDED - W/MEDIAN BARRIER,STRAIGHT AND LEVEL,DRY,NO DEFECTS,Y,FAILING TO REDUCE SPEED TO AVOID CRASH,NOT APPLICABLE,,NONINCAPACITATING INJURY,7,7,41.7428914627,-87.6825335166,2022,30,POINT (-87.6825335166 41.7428914627),,,,,2022-07-26,False,69,Ashburn
7518,30,UNKNOWN,UNKNOWN,CLEAR,DAYLIGHT,PEDALCYCLIST,DIVIDED - W/MEDIAN (NOT RAISED),STRAIGHT AND LEVEL,DRY,UNKNOWN,Y,IMPROPER TURNING/NO SIGNAL,NOT APPLICABLE,,NONINCAPACITATING INJURY,13,7,41.8744328634,-87.6327641666,2022,30,POINT (-87.6327641666 41.8744328634),,,,,2022-07-26,False,31,Loop
7519,25,NO CONTROLS,NO CONTROLS,CLEAR,DAYLIGHT,PEDALCYCLIST,ONE-WAY,STRAIGHT AND LEVEL,DRY,NO DEFECTS,,UNABLE TO DETERMINE,NOT APPLICABLE,,NO INDICATION OF INJURY,14,7,41.7649079398,-87.6724680539,2022,25,POINT (-87.6724680539 41.7649079398),,,,,2022-07-26,False,66,Englewood
7520,30,TRAFFIC SIGNAL,FUNCTIONING PROPERLY,CLEAR,DAYLIGHT,PEDALCYCLIST,FOUR WAY,STRAIGHT AND LEVEL,DRY,UNKNOWN,,DISREGARDING TRAFFIC SIGNALS,FAILING TO REDUCE SPEED TO AVOID CRASH,,NONINCAPACITATING INJURY,14,7,41.7928443135,-87.7623666786,2022,30,POINT (-87.7623666786 41.7928443135),,,,,2022-07-26,False,55,Garfield Ridge
7521,30,TRAFFIC SIGNAL,FUNCTIONING PROPERLY,CLEAR,DAYLIGHT,PEDALCYCLIST,NOT DIVIDED,STRAIGHT AND LEVEL,DRY,NO DEFECTS,Y,UNABLE TO DETERMINE,UNABLE TO DETERMINE,,NO INDICATION OF INJURY,15,7,41.8870435336,-87.6290868198,2022,30,POINT (-87.6290868198 41.8870435336),,,,,2022-07-26,False,7,Near North Side
7522,25,NO CONTROLS,NO CONTROLS,CLEAR,DAYLIGHT,PEDALCYCLIST,NOT DIVIDED,STRAIGHT AND LEVEL,DRY,UNKNOWN,,FAILING TO YIELD RIGHT-OF-WAY,NOT APPLICABLE,,NONINCAPACITATING INJURY,16,7,41.945981547,-87.6786760073,2022,25,POINT (-87.6786760073 41.945981547),,,,,2022-07-26,False,4,North Center
7523,30,NO CONTROLS,NO CONTROLS,CLEAR,DAYLIGHT,PEDALCYCLIST,ONE-WAY,STRAIGHT AND LEVEL,DRY,NO DEFECTS,,FAILING TO YIELD RIGHT-OF-WAY,FAILING TO YIELD RIGHT-OF-WAY,,NONINCAPACITATING INJURY,16,7,41.8846088683,-87.6250840382,2022,30,POINT (-87.6250840382 41.8846088683),,,,,2022-07-26,False,31,Loop
7524,30,TRAFFIC SIGNAL,FUNCTIONING PROPERLY,CLEAR,DAYLIGHT,PEDALCYCLIST,NOT DIVIDED,STRAIGHT AND LEVEL,DRY,NO DEFECTS,,UNABLE TO DETERMINE,DRIVING SKILLS/KNOWLEDGE/EXPERIENCE,,NO INDICATION OF INJURY,16,7,41.9531784397,-87.7578044188,2022,30,POINT (-87.7578044188 41.9531784397),,,,,2022-07-26,False,14,Portage Park
7525,30,NO CONTROLS,NO CONTROLS,CLEAR,DAYLIGHT,PEDALCYCLIST,NOT DIVIDED,STRAIGHT AND LEVEL,DRY,NO DEFECTS,,UNABLE TO DETERMINE,NOT APPLICABLE,Y,NONINCAPACITATING INJURY,17,7,41.9245131042,-87.6780159496,2022,30,POINT (-87.6780159496 41.9245131042),,,,,2022-07-26,False,6,Lincoln Park
7526,30,NO CONTROLS,NO CONTROLS,CLEAR,"DARKNESS, LIGHTED ROAD",PEDALCYCLIST,NOT DIVIDED,STRAIGHT AND LEVEL,DRY,NO DEFECTS,,"VISION OBSCURED (SIGNS, TREE LIMBS, BUILDINGS, ETC.)",NOT APPLICABLE,,NONINCAPACITATING INJURY,17,7,41.924342971,-87.6780098892,2022,30,POINT (-87.6780098892 41.924342971),,,,,2022-07-26,False,6,Lincoln Park
7527,30,NO CONTROLS,NO CONTROLS,CLEAR,DAYLIGHT,PEDALCYCLIST,DIVIDED - W/MEDIAN (NOT RAISED),STRAIGHT AND LEVEL,DRY,NO DEFECTS,,UNABLE TO DETERMINE,UNABLE TO DETERMINE,,NONINCAPACITATING INJURY,18,7,41.9343584053,-87.6812110762,2022,30,POINT (-87.6812110762 41.9343584053),,,,,2022-07-26,False,4,North Center
7528,30,NO CONTROLS,NO CONTROLS,CLEAR,"DARKNESS, LIGHTED ROAD",PEDALCYCLIST,DIVIDED - W/MEDIAN (NOT RAISED),STRAIGHT AND LEVEL,DRY,NO DEFECTS,,FAILING TO YIELD RIGHT-OF-WAY,UNABLE TO DETERMINE,,NONINCAPACITATING INJURY,21,7,41.9248966853,-87.6997202443,2022,30,POINT (-87.6997202443 41.9248966853),,,,,2022-07-26,False,21,Logan Square
7529,30,NO CONTROLS,NO CONTROLS,CLEAR,DAYLIGHT,PEDALCYCLIST,NOT DIVIDED,STRAIGHT AND LEVEL,DRY,NO DEFECTS,,UNABLE TO DETERMINE,UNABLE TO DETERMINE,Y,"REPORTED, NOT EVIDENT",8,7,41.8811073013,-87.6694398987,2022,30,POINT (-87.6694398987 41.8811073013),,,,,2022-07-27,False,27,Near West Side
7530,30,STOP SIGN/FLASHER,NO CONTROLS,CLEAR,DAYLIGHT,PEDALCYCLIST,T-INTERSECTION,STRAIGHT AND LEVEL,DRY,NO DEFECTS,Y,UNABLE TO DETERMINE,UNABLE TO DETERMINE,,NO INDICATION OF INJURY,12,7,41.854083532,-87.6648636539,2022,30,POINT (-87.6648636539 41.854083532),,,,,2022-07-27,False,30,Lower West Side
7531,30,STOP SIGN/FLASHER,FUNCTIONING PROPERLY,CLEAR,DAYLIGHT,PEDALCYCLIST,DIVIDED - W/MEDIAN (NOT RAISED),STRAIGHT AND LEVEL,DRY,NO DEFECTS,,"OPERATING VEHICLE IN ERRATIC, RECKLESS, CARELESS, NEGLIGENT OR AGGRESSIVE MANNER",NOT APPLICABLE,,NONINCAPACITATING INJURY,13,7,41.8922734816,-87.7114865549,2022,30,POINT (-87.7114865549 41.8922734816),,,,,2022-07-27,False,22,Humboldt Park
7532,30,TRAFFIC SIGNAL,FUNCTIONING PROPERLY,CLEAR,DAYLIGHT,PEDALCYCLIST,NOT DIVIDED,STRAIGHT AND LEVEL,DRY,NO DEFECTS,Y,UNABLE TO DETERMINE,UNABLE TO DETERMINE,,NONINCAPACITATING INJURY,14,7,41.8968213204,-87.625677074,2022,30,POINT (-87.625677074 41.8968213204),,,,,2022-07-27,False,7,Near North Side
7533,30,NO CONTROLS,NO CONTROLS,CLEAR,DAYLIGHT,PEDALCYCLIST,DIVIDED - W/MEDIAN (NOT RAISED),STRAIGHT AND LEVEL,DRY,NO DEFECTS,,UNABLE TO DETERMINE,UNABLE TO DETERMINE,,NONINCAPACITATING INJURY,16,7,41.9531720543,-87.6495216441,2022,30,POINT (-87.6495216441 41.9531720543),,,,,2022-07-27,False,5,Lake View
7534,30,TRAFFIC SIGNAL,FUNCTIONING PROPERLY,CLEAR,DAYLIGHT,PEDALCYCLIST,NOT DIVIDED,STRAIGHT AND LEVEL,DRY,NO DEFECTS,Y,IMPROPER TURNING/NO SIGNAL,UNABLE TO DETERMINE,,NO INDICATION OF INJURY,17,7,41.903248153,-87.6665338117,2022,30,POINT (-87.6665338117 41.903248153),,,,,2022-07-27,False,23,West Town
7535,30,TRAFFIC SIGNAL,FUNCTIONING PROPERLY,CLEAR,DAYLIGHT,PEDALCYCLIST,DIVIDED - W/MEDIAN (NOT RAISED),STRAIGHT AND LEVEL,DRY,NO DEFECTS,Y,FAILING TO YIELD RIGHT-OF-WAY,FAILING TO REDUCE SPEED TO AVOID CRASH,,NONINCAPACITATING INJURY,17,7,41.8907637852,-87.6324113268,2022,30,POINT (-87.6324113268 41.8907637852),,,,,2022-07-27,False,7,Near North Side
7536,30,UNKNOWN,UNKNOWN,CLEAR,"DARKNESS, LIGHTED ROAD",PEDALCYCLIST,NOT DIVIDED,STRAIGHT AND LEVEL,DRY,UNKNOWN,,NOT APPLICABLE,NOT APPLICABLE,,INCAPACITATING INJURY,21,7,41.9051862153,-87.7360673181,2022,30,POINT (-87.7360673181 41.9051862153),,,,,2022-07-27,True,22,Humboldt Park
7537,30,TRAFFIC SIGNAL,FUNCTIONING PROPERLY,CLEAR,DAYLIGHT,PEDALCYCLIST,FOUR WAY,STRAIGHT AND LEVEL,DRY,NO DEFECTS,Y,IMPROPER TURNING/NO SIGNAL,IMPROPER LANE USAGE,,NONINCAPACITATING INJURY,9,7,41.8833182087,-87.6324812949,2022,30,POINT (-87.6324812949 41.8833182087),,,,,2022-07-28,False,31,Loop
7538,25,TRAFFIC SIGNAL,FUNCTIONING PROPERLY,CLEAR,DAYLIGHT,PEDALCYCLIST,NOT DIVIDED,STRAIGHT AND LEVEL,DRY,NO DEFECTS,Y,DISREGARDING TRAFFIC SIGNALS,NOT APPLICABLE,,NO INDICATION OF INJURY,10,7,41.9035174399,-87.6626910344,2022,25,POINT (-87.6626910344 41.9035174399),,,,,2022-07-28,False,23,West Town
7539,30,NO CONTROLS,NO CONTROLS,CLEAR,DAYLIGHT,PEDALCYCLIST,DIVIDED - W/MEDIAN (NOT RAISED),STRAIGHT AND LEVEL,DRY,NO DEFECTS,,FAILING TO YIELD RIGHT-OF-WAY,UNABLE TO DETERMINE,,"REPORTED, NOT EVIDENT",12,7,41.8717557171,-87.6569782605,2022,30,POINT (-87.6569782605 41.8717557171),,,,,2022-07-28,False,27,Near West Side
7540,30,UNKNOWN,UNKNOWN,CLEAR,DAYLIGHT,PEDALCYCLIST,NOT DIVIDED,STRAIGHT AND LEVEL,DRY,UNKNOWN,,FOLLOWING TOO CLOSELY,NOT APPLICABLE,,NO INDICATION OF INJURY,13,7,41.7770487665,-87.7155583108,2022,30,POINT (-87.7155583108 41.7770487665),,,,,2022-07-28,False,64,West Lawn
7541,30,NO CONTROLS,NO CONTROLS,CLEAR,DAYLIGHT,PEDALCYCLIST,OTHER,STRAIGHT AND LEVEL,DRY,NO DEFECTS,,UNABLE TO DETERMINE,UNABLE TO DETERMINE,,"REPORTED, NOT EVIDENT",15,7,41.8519491124,-87.7003029409,2022,30,POINT (-87.7003029409 41.8519491124),,,,,2022-07-28,False,28,North Lawndale
7542,30,NO CONTROLS,NO CONTROLS,CLEAR,DAYLIGHT,PEDALCYCLIST,OTHER,STRAIGHT AND LEVEL,DRY,NO DEFECTS,,FOLLOWING TOO CLOSELY,NOT APPLICABLE,,NO INDICATION OF INJURY,17,7,41.800861961,-87.6949717374,2022,30,POINT (-87.6949717374 41.800861961),,,,,2022-07-28,False,62,Gage Park
7543,30,NO CONTROLS,NO CONTROLS,CLEAR,DAYLIGHT,PEDALCYCLIST,DIVIDED - W/MEDIAN (NOT RAISED),STRAIGHT AND LEVEL,DRY,NO DEFECTS,,UNABLE TO DETERMINE,UNABLE TO DETERMINE,,NONINCAPACITATING INJURY,17,7,41.9370466891,-87.7207223575,2022,30,POINT (-87.7207223575 41.9370466891),,,,,2022-07-28,False,20,Avondale
7544,35,TRAFFIC SIGNAL,FUNCTIONING PROPERLY,CLEAR,DAYLIGHT,PEDALCYCLIST,FOUR WAY,STRAIGHT AND LEVEL,DRY,NO DEFECTS,Y,DISREGARDING TRAFFIC SIGNALS,NOT APPLICABLE,,"REPORTED, NOT EVIDENT",17,7,41.8998434305,-87.656792572,2022,35,POINT (-87.656792572 41.8998434305),,,,,2022-07-28,False,7,Near North Side
7545,20,STOP SIGN/FLASHER,FUNCTIONING PROPERLY,CLEAR,"DARKNESS, LIGHTED ROAD",PEDALCYCLIST,ONE-WAY,STRAIGHT AND LEVEL,DRY,NO DEFECTS,Y,UNABLE TO DETERMINE,NOT APPLICABLE,,NONINCAPACITATING INJURY,20,7,41.7557036428,-87.6649326185,2022,20,POINT (-87.6649326185 41.7557036428),,,,,2022-07-28,False,70,Auburn Gresham
7546,15,NO CONTROLS,NO CONTROLS,CLEAR,"DARKNESS, LIGHTED ROAD",PEDALCYCLIST,PARKING LOT,STRAIGHT AND LEVEL,DRY,NO DEFECTS,,UNABLE TO DETERMINE,UNABLE TO DETERMINE,,NONINCAPACITATING INJURY,21,7,41.7742521489,-87.6444965499,2022,15,POINT (-87.6444965499 41.7742521489),,,,,2022-07-28,False,67,Englewood