Unnamed: 0,POSTED_SPEED_LIMIT,TRAFFIC_CONTROL_DEVICE,DEVICE_CONDITION,WEATHER_CONDITION,LIGHTING_CONDITION,FIRST_CRASH_TYPE,TRAFFICWAY_TYPE,ALIGNMENT,ROADWAY_SURFACE_COND,ROAD_DEFECT,INTERSECTION_RELATED_I,PRIM_CONTRIBUTORY_CAUSE,SEC_CONTRIBUTORY_CAUSE,DOORING_I,MOST_SEVERE_INJURY,CRASH_HOUR,CRASH_MONTH,LATITUDE,LONGITUDE,CRASH_YEAR,SPEED_LIMIT,geometry,DISPLAYROU,the_geom,DIST,LANE_TYPE,CRASH_DATE,is_severe,index_right,CArea
7547,35,TRAFFIC SIGNAL,FUNCTIONING PROPERLY,UNKNOWN,"DARKNESS, LIGHTED ROAD",PEDALCYCLIST,FOUR WAY,STRAIGHT AND LEVEL,UNKNOWN,UNKNOWN,Y,FAILING TO YIELD RIGHT-OF-WAY,IMPROPER OVERTAKING/PASSING,,NONINCAPACITATING INJURY,23,7,41.8747270613,-87.6293603402,2022,35,POINT (-87.6293603402 41.8747270613),,,,,2022-07-28,False,31,Loop
7548,30,NO CONTROLS,UNKNOWN,CLEAR,"DARKNESS, LIGHTED ROAD",PEDALCYCLIST,ONE-WAY,STRAIGHT AND LEVEL,DRY,UNKNOWN,,UNABLE TO DETERMINE,UNABLE TO DETERMINE,Y,NONINCAPACITATING INJURY,0,7,41.8940093936,-87.6298626714,2022,30,POINT (-87.6298626714 41.8940093936),,,,,2022-07-29,False,7,Near North Side
7549,20,TRAFFIC SIGNAL,UNKNOWN,UNKNOWN,"DARKNESS, LIGHTED ROAD",PEDALCYCLIST,NOT DIVIDED,STRAIGHT AND LEVEL,UNKNOWN,UNKNOWN,,FAILING TO REDUCE SPEED TO AVOID CRASH,NOT APPLICABLE,,NO INDICATION OF INJURY,0,7,41.907037506,-87.6724660911,2022,20,POINT (-87.6724660911 41.907037506),,,,,2022-07-29,False,23,West Town
7550,15,STOP SIGN/FLASHER,UNKNOWN,CLEAR,DAYLIGHT,PEDALCYCLIST,NOT DIVIDED,STRAIGHT AND LEVEL,UNKNOWN,UNKNOWN,Y,UNABLE TO DETERMINE,UNABLE TO DETERMINE,,NONINCAPACITATING INJURY,7,7,41.859931601,-87.6450206965,2022,15,POINT (-87.6450206965 41.859931601),,,,,2022-07-29,False,27,Near West Side
7551,30,NO CONTROLS,NO CONTROLS,CLEAR,DAYLIGHT,PEDALCYCLIST,DRIVEWAY,STRAIGHT AND LEVEL,DRY,NO DEFECTS,,"VISION OBSCURED (SIGNS, TREE LIMBS, BUILDINGS, ETC.)",FAILING TO YIELD RIGHT-OF-WAY,,NONINCAPACITATING INJURY,12,7,41.9722005031,-87.6564476505,2022,30,POINT (-87.6564476505 41.9722005031),,,,,2022-07-29,False,2,Uptown
7552,30,NO CONTROLS,NO CONTROLS,CLEAR,DAYLIGHT,PEDALCYCLIST,NOT DIVIDED,STRAIGHT AND LEVEL,DRY,NO DEFECTS,,UNABLE TO DETERMINE,UNABLE TO DETERMINE,,NONINCAPACITATING INJURY,13,7,41.961748576,-87.7674293646,2022,30,POINT (-87.7674293646 41.961748576),,,,,2022-07-29,False,14,Portage Park
7553,30,NO CONTROLS,NO CONTROLS,CLEAR,DAYLIGHT,PEDALCYCLIST,FOUR WAY,STRAIGHT AND LEVEL,DRY,NO DEFECTS,Y,FAILING TO YIELD RIGHT-OF-WAY,IMPROPER TURNING/NO SIGNAL,,NONINCAPACITATING INJURY,14,7,41.8902901884,-87.6459780754,2022,30,POINT (-87.6459780754 41.8902901884),,,,,2022-07-29,False,7,Near North Side
7554,30,UNKNOWN,UNKNOWN,CLEAR,DAYLIGHT,PEDALCYCLIST,NOT DIVIDED,STRAIGHT AND LEVEL,DRY,NO DEFECTS,,CELL PHONE USE OTHER THAN TEXTING,"OPERATING VEHICLE IN ERRATIC, RECKLESS, CARELESS, NEGLIGENT OR AGGRESSIVE MANNER",,NO INDICATION OF INJURY,15,7,41.8642743821,-87.6466890712,2022,30,POINT (-87.6466890712 41.8642743821),,,,,2022-07-29,False,27,Near West Side
7555,25,NO CONTROLS,NO CONTROLS,CLEAR,DAYLIGHT,PEDALCYCLIST,DIVIDED - W/MEDIAN (NOT RAISED),STRAIGHT AND LEVEL,DRY,UNKNOWN,,UNABLE TO DETERMINE,NOT APPLICABLE,,NO INDICATION OF INJURY,16,7,41.9365279038,-87.7198669287,2022,25,POINT (-87.7198669287 41.9365279038),,,,,2022-07-29,False,20,Avondale
7556,25,NO CONTROLS,NO CONTROLS,UNKNOWN,UNKNOWN,PEDALCYCLIST,NOT DIVIDED,STRAIGHT AND LEVEL,UNKNOWN,UNKNOWN,,UNABLE TO DETERMINE,NOT APPLICABLE,,NO INDICATION OF INJURY,17,7,41.9390013458,-87.7273295916,2022,25,POINT (-87.7273295916 41.9390013458),,,,,2022-07-29,False,15,Irving Park
7557,30,NO CONTROLS,NO CONTROLS,CLEAR,DAYLIGHT,PEDALCYCLIST,DIVIDED - W/MEDIAN (NOT RAISED),STRAIGHT AND LEVEL,DRY,NO DEFECTS,,IMPROPER TURNING/NO SIGNAL,UNABLE TO DETERMINE,,NONINCAPACITATING INJURY,18,7,41.9489159421,-87.6566336798,2022,30,POINT (-87.6566336798 41.9489159421),,,,,2022-07-29,False,5,Lake View
7558,30,NO CONTROLS,NO CONTROLS,CLEAR,DUSK,PEDALCYCLIST,NOT DIVIDED,STRAIGHT AND LEVEL,DRY,NO DEFECTS,,FAILING TO YIELD RIGHT-OF-WAY,UNABLE TO DETERMINE,,NONINCAPACITATING INJURY,19,7,41.9309985932,-87.6781091612,2022,30,POINT (-87.6781091612 41.9309985932),,,,,2022-07-29,False,6,Lincoln Park
7559,30,TRAFFIC SIGNAL,FUNCTIONING PROPERLY,CLEAR,DARKNESS,PEDALCYCLIST,NOT DIVIDED,STRAIGHT AND LEVEL,DRY,NO DEFECTS,Y,IMPROPER TURNING/NO SIGNAL,IMPROPER TURNING/NO SIGNAL,,INCAPACITATING INJURY,20,7,41.9173960261,-87.6973446341,2022,30,POINT (-87.6973446341 41.9173960261),,,,,2022-07-29,True,21,Logan Square
7560,35,TRAFFIC SIGNAL,FUNCTIONING PROPERLY,CLEAR,"DARKNESS, LIGHTED ROAD",PEDALCYCLIST,NOT DIVIDED,STRAIGHT AND LEVEL,DRY,NO DEFECTS,,UNABLE TO DETERMINE,NOT APPLICABLE,,NO INDICATION OF INJURY,0,7,41.959386457,-87.8368459205,2022,35,POINT (-87.8368459205 41.959386457),,,,,2022-07-30,False,75,O'Hare
7561,30,NO CONTROLS,NO CONTROLS,CLEAR,DARKNESS,PEDALCYCLIST,DIVIDED - W/MEDIAN (NOT RAISED),STRAIGHT AND LEVEL,DRY,NO DEFECTS,,DRIVING ON WRONG SIDE/WRONG WAY,DRIVING ON WRONG SIDE/WRONG WAY,,NONINCAPACITATING INJURY,2,7,41.9020045155,-87.6481611887,2022,30,POINT (-87.6481611887 41.9020045155),,,,,2022-07-30,False,7,Near North Side
7562,30,STOP SIGN/FLASHER,FUNCTIONING PROPERLY,CLEAR,DAYLIGHT,PEDALCYCLIST,NOT DIVIDED,STRAIGHT AND LEVEL,DRY,NO DEFECTS,,UNABLE TO DETERMINE,UNABLE TO DETERMINE,,NONINCAPACITATING INJURY,8,7,41.9769372005,-87.649575133,2022,30,POINT (-87.649575133 41.9769372005),,,,,2022-07-30,False,2,Uptown
7563,25,NO CONTROLS,NO CONTROLS,CLEAR,DAYLIGHT,PEDALCYCLIST,NOT DIVIDED,STRAIGHT AND LEVEL,DRY,NO DEFECTS,,IMPROPER TURNING/NO SIGNAL,NOT APPLICABLE,,INCAPACITATING INJURY,9,7,41.8308629194,-87.6458792342,2022,25,POINT (-87.6458792342 41.8308629194),,,,,2022-07-30,True,59,Bridgeport
7564,30,TRAFFIC SIGNAL,UNKNOWN,UNKNOWN,DAYLIGHT,PEDALCYCLIST,FOUR WAY,STRAIGHT AND LEVEL,UNKNOWN,UNKNOWN,,UNABLE TO DETERMINE,NOT APPLICABLE,,NONINCAPACITATING INJURY,17,7,41.9250410717,-87.6682013281,2022,30,POINT (-87.6682013281 41.9250410717),,,,,2022-07-30,False,6,Lincoln Park
7565,20,NO CONTROLS,NO CONTROLS,CLEAR,DAYLIGHT,PEDALCYCLIST,ALLEY,STRAIGHT AND LEVEL,DRY,UNKNOWN,,FAILING TO REDUCE SPEED TO AVOID CRASH,UNABLE TO DETERMINE,,NONINCAPACITATING INJURY,17,7,41.9096823076,-87.771324495,2022,20,POINT (-87.771324495 41.9096823076),,,,,2022-07-30,False,24,Austin
7566,30,TRAFFIC SIGNAL,FUNCTIONING PROPERLY,CLEAR,DARKNESS,PEDALCYCLIST,NOT DIVIDED,STRAIGHT AND LEVEL,DRY,NO DEFECTS,,UNABLE TO DETERMINE,UNABLE TO DETERMINE,,NONINCAPACITATING INJURY,21,7,41.8508412648,-87.6383345764,2022,30,POINT (-87.6383345764 41.8508412648),,,,,2022-07-30,False,30,Lower West Side
7567,30,NO CONTROLS,NO CONTROLS,CLEAR,"DARKNESS, LIGHTED ROAD",PEDALCYCLIST,FOUR WAY,STRAIGHT AND LEVEL,DRY,NO DEFECTS,Y,FAILING TO YIELD RIGHT-OF-WAY,FAILING TO YIELD RIGHT-OF-WAY,,NO INDICATION OF INJURY,22,7,41.9684990546,-87.7145286344,2022,30,POINT (-87.7145286344 41.9684990546),,,,,2022-07-30,False,13,Albany Park
7568,30,NO CONTROLS,NO CONTROLS,CLEAR,DAYLIGHT,PEDALCYCLIST,NOT DIVIDED,STRAIGHT AND LEVEL,DRY,NO DEFECTS,,UNABLE TO DETERMINE,NOT APPLICABLE,,NONINCAPACITATING INJURY,13,7,41.9221136664,-87.695840376,2022,30,POINT (-87.695840376 41.9221136664),,,,,2022-07-31,False,21,Logan Square
7569,30,NO CONTROLS,NO CONTROLS,CLEAR,DAYLIGHT,PEDALCYCLIST,NOT DIVIDED,STRAIGHT AND LEVEL,DRY,NO DEFECTS,,IMPROPER OVERTAKING/PASSING,UNABLE TO DETERMINE,,NONINCAPACITATING INJURY,15,7,41.9654058814,-87.6484629315,2022,30,POINT (-87.6484629315 41.9654058814),,,,,2022-07-31,False,2,Uptown
7570,30,OTHER,OTHER,CLEAR,DAYLIGHT,PEDALCYCLIST,NOT DIVIDED,STRAIGHT AND LEVEL,DRY,UNKNOWN,,DRIVING SKILLS/KNOWLEDGE/EXPERIENCE,DRIVING SKILLS/KNOWLEDGE/EXPERIENCE,,NONINCAPACITATING INJURY,16,7,41.8399392315,-87.628877199,2022,30,POINT (-87.628877199 41.8399392315),,,,,2022-07-31,False,34,Douglas
7571,30,NO CONTROLS,NO CONTROLS,CLEAR,DAYLIGHT,PEDALCYCLIST,NOT DIVIDED,STRAIGHT AND LEVEL,DRY,NO DEFECTS,,DRIVING SKILLS/KNOWLEDGE/EXPERIENCE,UNABLE TO DETERMINE,Y,NO INDICATION OF INJURY,16,7,41.9103413263,-87.6792826045,2022,30,POINT (-87.6792826045 41.9103413263),,,,,2022-07-31,False,23,West Town
7572,15,NO CONTROLS,NO CONTROLS,CLEAR,DAYLIGHT,PEDALCYCLIST,ONE-WAY,STRAIGHT AND LEVEL,DRY,NO DEFECTS,,DRIVING ON WRONG SIDE/WRONG WAY,NOT APPLICABLE,,NO INDICATION OF INJURY,17,7,41.7822201152,-87.6127828004,2022,15,POINT (-87.6127828004 41.7822201152),,,,,2022-07-31,False,39,Washington Park
7573,30,TRAFFIC SIGNAL,UNKNOWN,UNKNOWN,UNKNOWN,PEDALCYCLIST,NOT DIVIDED,STRAIGHT AND LEVEL,UNKNOWN,UNKNOWN,,FAILING TO YIELD RIGHT-OF-WAY,NOT APPLICABLE,,NO INDICATION OF INJURY,18,7,41.785944712,-87.7328091077,2022,30,POINT (-87.7328091077 41.785944712),,,,,2022-07-31,False,61,West Elsdon
7574,35,UNKNOWN,UNKNOWN,OTHER,UNKNOWN,PEDALCYCLIST,NOT DIVIDED,STRAIGHT AND LEVEL,UNKNOWN,UNKNOWN,,UNABLE TO DETERMINE,NOT APPLICABLE,,NO INDICATION OF INJURY,1,8,41.9689563273,-87.6565248541,2022,35,POINT (-87.6565248541 41.9689563273),,,,,2022-08-01,False,2,Uptown
7575,30,NO CONTROLS,NO CONTROLS,CLEAR,DAYLIGHT,PEDALCYCLIST,NOT DIVIDED,STRAIGHT AND LEVEL,DRY,NO DEFECTS,,FAILING TO YIELD RIGHT-OF-WAY,NOT APPLICABLE,,NONINCAPACITATING INJURY,10,8,41.7445715759,-87.5497613113,2022,30,POINT (-87.5497613113 41.7445715759),,,,,2022-08-01,False,45,South Chicago
7576,30,STOP SIGN/FLASHER,FUNCTIONING PROPERLY,CLEAR,DAYLIGHT,PEDALCYCLIST,FOUR WAY,STRAIGHT AND LEVEL,DRY,NO DEFECTS,Y,UNABLE TO DETERMINE,NOT APPLICABLE,,NONINCAPACITATING INJURY,12,8,41.7250343992,-87.6579661957,2022,30,POINT (-87.6579661957 41.7250343992),,,,,2022-08-01,False,71,Beverly
7577,30,NO CONTROLS,NO CONTROLS,CLEAR,DAYLIGHT,PEDALCYCLIST,NOT DIVIDED,STRAIGHT AND LEVEL,DRY,UNKNOWN,,"VISION OBSCURED (SIGNS, TREE LIMBS, BUILDINGS, ETC.)",UNABLE TO DETERMINE,Y,NONINCAPACITATING INJURY,13,8,42.0121497968,-87.688137972,2022,30,POINT (-87.688137972 42.0121497968),,,,,2022-08-01,False,1,West Ridge
7578,30,NO CONTROLS,NO CONTROLS,CLEAR,DAYLIGHT,PEDALCYCLIST,FOUR WAY,STRAIGHT AND LEVEL,DRY,NO DEFECTS,Y,UNABLE TO DETERMINE,UNABLE TO DETERMINE,,NONINCAPACITATING INJURY,16,8,41.9026806289,-87.7106700809,2022,30,POINT (-87.7106700809 41.9026806289),,,,,2022-08-01,False,22,Humboldt Park
7579,30,TRAFFIC SIGNAL,FUNCTIONING PROPERLY,CLEAR,DAYLIGHT,PEDALCYCLIST,DIVIDED - W/MEDIAN (NOT RAISED),STRAIGHT AND LEVEL,DRY,NO DEFECTS,,UNABLE TO DETERMINE,NOT APPLICABLE,Y,NONINCAPACITATING INJURY,17,8,42.0054387223,-87.6999712064,2022,30,POINT (-87.6999712064 42.0054387223),,,,,2022-08-01,False,1,West Ridge
7580,15,NO CONTROLS,NO CONTROLS,CLEAR,DAYLIGHT,PEDALCYCLIST,DRIVEWAY,STRAIGHT AND LEVEL,DRY,NO DEFECTS,,UNABLE TO DETERMINE,NOT APPLICABLE,,INCAPACITATING INJURY,17,8,41.8682382254,-87.6406065202,2022,15,POINT (-87.6406065202 41.8682382254),,,,,2022-08-01,True,27,Near West Side
7581,30,TRAFFIC SIGNAL,FUNCTIONING PROPERLY,CLEAR,DAYLIGHT,PEDALCYCLIST,FOUR WAY,STRAIGHT AND LEVEL,DRY,NO DEFECTS,Y,FAILING TO YIELD RIGHT-OF-WAY,FAILING TO REDUCE SPEED TO AVOID CRASH,,"REPORTED, NOT EVIDENT",17,8,42.0050800739,-87.6899247445,2022,30,POINT (-87.6899247445 42.0050800739),,,,,2022-08-01,False,1,West Ridge
7582,30,NO CONTROLS,NO CONTROLS,CLEAR,DAYLIGHT,PEDALCYCLIST,NOT DIVIDED,STRAIGHT AND LEVEL,DRY,NO DEFECTS,,FAILING TO YIELD RIGHT-OF-WAY,NOT APPLICABLE,,NO INDICATION OF INJURY,18,8,41.9447698803,-87.7079224539,2022,30,POINT (-87.7079224539 41.9447698803),,,,,2022-08-01,False,15,Irving Park
7583,30,TRAFFIC SIGNAL,FUNCTIONING PROPERLY,CLEAR,"DARKNESS, LIGHTED ROAD",PEDALCYCLIST,NOT DIVIDED,STRAIGHT AND LEVEL,DRY,NO DEFECTS,,"OPERATING VEHICLE IN ERRATIC, RECKLESS, CARELESS, NEGLIGENT OR AGGRESSIVE MANNER",IMPROPER LANE USAGE,,NONINCAPACITATING INJURY,0,8,41.8794305586,-87.6275627694,2022,30,POINT (-87.6275627694 41.8794305586),,,,,2022-08-02,False,31,Loop
7584,30,TRAFFIC SIGNAL,FUNCTIONING PROPERLY,CLEAR,DAYLIGHT,PEDALCYCLIST,NOT DIVIDED,STRAIGHT AND LEVEL,DRY,NO DEFECTS,Y,DRIVING SKILLS/KNOWLEDGE/EXPERIENCE,UNABLE TO DETERMINE,,NO INDICATION OF INJURY,14,8,41.7934511518,-87.710754845,2022,30,POINT (-87.710754845 41.7934511518),,,,,2022-08-02,False,62,Gage Park
7585,30,NO CONTROLS,NO CONTROLS,CLEAR,DAYLIGHT,PEDALCYCLIST,DIVIDED - W/MEDIAN BARRIER,STRAIGHT AND LEVEL,DRY,NO DEFECTS,,NOT APPLICABLE,NOT APPLICABLE,,NONINCAPACITATING INJURY,17,8,41.9135693764,-87.7069964547,2022,30,POINT (-87.7069964547 41.9135693764),,,,,2022-08-02,False,21,Logan Square
7586,30,NO CONTROLS,NO CONTROLS,CLEAR,DAYLIGHT,PEDALCYCLIST,DIVIDED - W/MEDIAN (NOT RAISED),STRAIGHT AND LEVEL,DRY,NO DEFECTS,,"VISION OBSCURED (SIGNS, TREE LIMBS, BUILDINGS, ETC.)",UNABLE TO DETERMINE,,NONINCAPACITATING INJURY,18,8,41.9600774669,-87.6827472445,2022,30,POINT (-87.6827472445 41.9600774669),,,,,2022-08-02,False,4,North Center
7587,30,NO CONTROLS,NO CONTROLS,CLEAR,DAYLIGHT,PEDALCYCLIST,NOT DIVIDED,STRAIGHT AND LEVEL,DRY,NO DEFECTS,,FAILING TO YIELD RIGHT-OF-WAY,UNABLE TO DETERMINE,Y,NONINCAPACITATING INJURY,18,8,41.9219133051,-87.6355728998,2022,30,POINT (-87.6355728998 41.9219133051),,,,,2022-08-02,False,6,Lincoln Park
7588,30,TRAFFIC SIGNAL,FUNCTIONING PROPERLY,CLEAR,"DARKNESS, LIGHTED ROAD",PEDALCYCLIST,DIVIDED - W/MEDIAN (NOT RAISED),STRAIGHT AND LEVEL,DRY,NO DEFECTS,,IMPROPER TURNING/NO SIGNAL,NOT APPLICABLE,,INCAPACITATING INJURY,20,8,41.9248167406,-87.7002344981,2022,30,POINT (-87.7002344981 41.9248167406),,,,,2022-08-02,True,21,Logan Square
7589,10,YIELD,NO CONTROLS,CLEAR,DAYLIGHT,PEDALCYCLIST,ONE-WAY,STRAIGHT AND LEVEL,DRY,NO DEFECTS,,IMPROPER OVERTAKING/PASSING,IMPROPER OVERTAKING/PASSING,,NONINCAPACITATING INJURY,7,8,41.8421633758,-87.6093916383,2022,10,POINT (-87.6093916383 41.8421633758),,,,,2022-08-03,False,34,Douglas
7590,30,NO CONTROLS,NO CONTROLS,CLEAR,DAYLIGHT,PEDALCYCLIST,NOT DIVIDED,STRAIGHT AND LEVEL,DRY,NO DEFECTS,,UNABLE TO DETERMINE,UNABLE TO DETERMINE,,NONINCAPACITATING INJURY,10,8,41.9037471381,-87.6480807796,2022,30,POINT (-87.6480807796 41.9037471381),,,,,2022-08-03,False,7,Near North Side
7591,30,TRAFFIC SIGNAL,FUNCTIONING PROPERLY,UNKNOWN,DAYLIGHT,PEDALCYCLIST,NOT DIVIDED,STRAIGHT AND LEVEL,UNKNOWN,UNKNOWN,Y,DISREGARDING TRAFFIC SIGNALS,NOT APPLICABLE,,NO INDICATION OF INJURY,13,8,41.8776589168,-87.686424465,2022,30,POINT (-87.686424465 41.8776589168),,,,,2022-08-03,False,27,Near West Side
7592,30,NO CONTROLS,NO CONTROLS,CLEAR,DAYLIGHT,PEDALCYCLIST,NOT DIVIDED,STRAIGHT AND LEVEL,UNKNOWN,UNKNOWN,,UNABLE TO DETERMINE,NOT APPLICABLE,,NO INDICATION OF INJURY,14,8,41.8021846077,-87.6180405833,2022,30,POINT (-87.6180405833 41.8021846077),,,,,2022-08-03,False,37,Grand Boulevard
7593,30,STOP SIGN/FLASHER,FUNCTIONING PROPERLY,CLEAR,DAYLIGHT,PEDALCYCLIST,ONE-WAY,STRAIGHT AND LEVEL,DRY,NO DEFECTS,Y,NOT APPLICABLE,NOT APPLICABLE,,NONINCAPACITATING INJURY,16,8,41.9668174598,-87.7575193457,2022,30,POINT (-87.7575193457 41.9668174598),,,,,2022-08-03,False,14,Portage Park
7594,35,NO CONTROLS,NO CONTROLS,CLEAR,DUSK,PEDALCYCLIST,NOT DIVIDED,STRAIGHT AND LEVEL,WET,NO DEFECTS,,"VISION OBSCURED (SIGNS, TREE LIMBS, BUILDINGS, ETC.)",NOT APPLICABLE,Y,NO INDICATION OF INJURY,21,8,41.8941832248,-87.6282858071,2022,35,POINT (-87.6282858071 41.8941832248),,,,,2022-08-03,False,7,Near North Side
7595,30,TRAFFIC SIGNAL,FUNCTIONING PROPERLY,CLEAR,DAYLIGHT,PEDALCYCLIST,NOT DIVIDED,STRAIGHT AND LEVEL,DRY,NO DEFECTS,,FAILING TO YIELD RIGHT-OF-WAY,UNABLE TO DETERMINE,Y,NONINCAPACITATING INJURY,8,8,41.897236889,-87.6479411927,2022,30,POINT (-87.6479411927 41.897236889),,,,,2022-08-04,False,7,Near North Side
7596,30,NO CONTROLS,NO CONTROLS,CLEAR,DAYLIGHT,PEDALCYCLIST,NOT DIVIDED,STRAIGHT AND LEVEL,DRY,NO DEFECTS,,UNABLE TO DETERMINE,UNABLE TO DETERMINE,Y,NONINCAPACITATING INJURY,8,8,41.9350977416,-87.6443820962,2022,30,POINT (-87.6443820962 41.9350977416),,,,,2022-08-04,False,5,Lake View
7597,25,NO CONTROLS,NO CONTROLS,CLEAR,DAYLIGHT,PEDALCYCLIST,ALLEY,STRAIGHT AND LEVEL,DRY,NO DEFECTS,,FAILING TO YIELD RIGHT-OF-WAY,UNABLE TO DETERMINE,,NO INDICATION OF INJURY,9,8,41.7662898046,-87.5823112899,2022,25,POINT (-87.5823112899 41.7662898046),,,,,2022-08-04,False,41,Woodlawn
7598,30,STOP SIGN/FLASHER,NO CONTROLS,CLEAR,DAYLIGHT,PEDALCYCLIST,NOT DIVIDED,STRAIGHT AND LEVEL,DRY,NO DEFECTS,Y,"VISION OBSCURED (SIGNS, TREE LIMBS, BUILDINGS, ETC.)",UNABLE TO DETERMINE,,"REPORTED, NOT EVIDENT",12,8,41.8953403362,-87.6625296249,2022,30,POINT (-87.6625296249 41.8953403362),,,,,2022-08-04,False,23,West Town
7599,30,TRAFFIC SIGNAL,FUNCTIONING PROPERLY,CLEAR,DAYLIGHT,PEDALCYCLIST,ONE-WAY,STRAIGHT AND LEVEL,DRY,NO DEFECTS,Y,DRIVING ON WRONG SIDE/WRONG WAY,IMPROPER LANE USAGE,,NONINCAPACITATING INJURY,15,8,41.8932993468,-87.6340394579,2022,30,POINT (-87.6340394579 41.8932993468),,,,,2022-08-04,False,7,Near North Side
7600,30,TRAFFIC SIGNAL,NOT FUNCTIONING,CLEAR,DAYLIGHT,PEDALCYCLIST,NOT DIVIDED,STRAIGHT AND LEVEL,DRY,NO DEFECTS,Y,UNABLE TO DETERMINE,NOT APPLICABLE,,NONINCAPACITATING INJURY,16,8,41.8920576217,-87.6127545679,2022,30,POINT (-87.6127545679 41.8920576217),,,,,2022-08-04,False,7,Near North Side
7601,30,TRAFFIC SIGNAL,FUNCTIONING PROPERLY,CLEAR,DAYLIGHT,PEDALCYCLIST,ONE-WAY,STRAIGHT AND LEVEL,DRY,UNKNOWN,Y,FAILING TO YIELD RIGHT-OF-WAY,NOT APPLICABLE,,NONINCAPACITATING INJURY,16,8,41.8918234902,-87.6253177097,2022,30,POINT (-87.6253177097 41.8918234902),,,,,2022-08-04,False,7,Near North Side
7602,30,TRAFFIC SIGNAL,FUNCTIONING PROPERLY,CLEAR,DAYLIGHT,PEDALCYCLIST,ONE-WAY,STRAIGHT AND LEVEL,DRY,NO DEFECTS,N,DISREGARDING TRAFFIC SIGNALS,"VISION OBSCURED (SIGNS, TREE LIMBS, BUILDINGS, ETC.)",,NONINCAPACITATING INJURY,17,8,41.7732514896,-87.5852245997,2022,30,POINT (-87.5852245997 41.7732514896),,,,,2022-08-04,False,41,Woodlawn
7603,30,TRAFFIC SIGNAL,FUNCTIONING PROPERLY,CLEAR,"DARKNESS, LIGHTED ROAD",PEDALCYCLIST,DIVIDED - W/MEDIAN (NOT RAISED),STRAIGHT AND LEVEL,DRY,NO DEFECTS,,UNABLE TO DETERMINE,UNABLE TO DETERMINE,,INCAPACITATING INJURY,20,8,41.7774040875,-87.8008407376,2022,30,POINT (-87.8008407376 41.7774040875),,,,,2022-08-04,True,63,Clearing
7604,30,TRAFFIC SIGNAL,FUNCTIONING PROPERLY,CLEAR,"DARKNESS, LIGHTED ROAD",PEDALCYCLIST,NOT DIVIDED,STRAIGHT AND LEVEL,DRY,NO DEFECTS,,UNABLE TO DETERMINE,NOT APPLICABLE,,NO INDICATION OF INJURY,21,8,41.8814986554,-87.6718102019,2022,30,POINT (-87.6718102019 41.8814986554),,,,,2022-08-04,False,27,Near West Side
7605,30,NO CONTROLS,NO CONTROLS,CLEAR,"DARKNESS, LIGHTED ROAD",PEDALCYCLIST,ONE-WAY,STRAIGHT AND LEVEL,DRY,NO DEFECTS,,FAILING TO YIELD RIGHT-OF-WAY,FAILING TO REDUCE SPEED TO AVOID CRASH,,INCAPACITATING INJURY,1,8,41.7702074675,-87.6871278302,2022,30,POINT (-87.6871278302 41.7702074675),,,,,2022-08-05,True,65,Chicago Lawn
7606,30,NO CONTROLS,NO CONTROLS,CLEAR,"DARKNESS, LIGHTED ROAD",PEDALCYCLIST,NOT DIVIDED,STRAIGHT AND LEVEL,UNKNOWN,UNKNOWN,,IMPROPER BACKING,UNABLE TO DETERMINE,,"REPORTED, NOT EVIDENT",10,8,41.9340361651,-87.6445537289,2022,30,POINT (-87.6445537289 41.9340361651),,,,,2022-08-05,False,5,Lake View
7607,30,STOP SIGN/FLASHER,FUNCTIONING PROPERLY,CLEAR,DAYLIGHT,PEDALCYCLIST,UNKNOWN INTERSECTION TYPE,STRAIGHT AND LEVEL,DRY,NO DEFECTS,Y,OBSTRUCTED CROSSWALKS,UNABLE TO DETERMINE,,NONINCAPACITATING INJURY,16,8,41.7956880528,-87.8014596705,2022,30,POINT (-87.8014596705 41.7956880528),,,,,2022-08-05,False,55,Garfield Ridge
7608,30,UNKNOWN,UNKNOWN,UNKNOWN,UNKNOWN,PEDALCYCLIST,NOT DIVIDED,STRAIGHT AND LEVEL,UNKNOWN,UNKNOWN,,UNABLE TO DETERMINE,NOT APPLICABLE,,INCAPACITATING INJURY,18,8,41.7917555826,-87.707124831,2022,30,POINT (-87.707124831 41.7917555826),,,,,2022-08-05,True,62,Gage Park
7609,30,OTHER,FUNCTIONING PROPERLY,CLEAR,DAYLIGHT,PEDALCYCLIST,NOT DIVIDED,STRAIGHT AND LEVEL,DRY,NO DEFECTS,,DRIVING SKILLS/KNOWLEDGE/EXPERIENCE,IMPROPER LANE USAGE,Y,INCAPACITATING INJURY,18,8,41.9089178492,-87.6344934414,2022,30,POINT (-87.6344934414 41.9089178492),,,,,2022-08-05,True,7,Near North Side
7610,30,TRAFFIC SIGNAL,FUNCTIONING PROPERLY,CLEAR,DUSK,PEDALCYCLIST,NOT DIVIDED,STRAIGHT AND LEVEL,DRY,NO DEFECTS,N,IMPROPER LANE USAGE,NOT APPLICABLE,,NONINCAPACITATING INJURY,20,8,41.9328286998,-87.645080351,2022,30,POINT (-87.645080351 41.9328286998),,,,,2022-08-05,False,5,Lake View
7611,30,NO CONTROLS,NO CONTROLS,CLEAR,"DARKNESS, LIGHTED ROAD",PEDALCYCLIST,NOT DIVIDED,STRAIGHT AND LEVEL,DRY,NO DEFECTS,,FAILING TO YIELD RIGHT-OF-WAY,NOT APPLICABLE,,NONINCAPACITATING INJURY,23,8,41.8893216859,-87.6311329853,2022,30,POINT (-87.6311329853 41.8893216859),,,,,2022-08-05,False,7,Near North Side