Unnamed: 0,POSTED_SPEED_LIMIT,TRAFFIC_CONTROL_DEVICE,DEVICE_CONDITION,WEATHER_CONDITION,LIGHTING_CONDITION,FIRST_CRASH_TYPE,TRAFFICWAY_TYPE,ALIGNMENT,ROADWAY_SURFACE_COND,ROAD_DEFECT,INTERSECTION_RELATED_I,PRIM_CONTRIBUTORY_CAUSE,SEC_CONTRIBUTORY_CAUSE,DOORING_I,MOST_SEVERE_INJURY,CRASH_HOUR,CRASH_MONTH,LATITUDE,LONGITUDE,CRASH_YEAR,SPEED_LIMIT,geometry,DISPLAYROU,the_geom,DIST,LANE_TYPE,CRASH_DATE,is_severe,index_right,CArea
7612,30,NO CONTROLS,NO CONTROLS,CLEAR,DAYLIGHT,PEDALCYCLIST,NOT DIVIDED,STRAIGHT AND LEVEL,DRY,NO DEFECTS,,UNABLE TO DETERMINE,UNABLE TO DETERMINE,Y,"REPORTED, NOT EVIDENT",11,8,41.9684781444,-87.7166062484,2022,30,POINT (-87.7166062484 41.9684781444),,,,,2022-08-06,False,13,Albany Park
7613,30,NO CONTROLS,NO CONTROLS,CLEAR,DAYLIGHT,PEDALCYCLIST,NOT DIVIDED,STRAIGHT AND LEVEL,DRY,NO DEFECTS,,DRIVING SKILLS/KNOWLEDGE/EXPERIENCE,UNABLE TO DETERMINE,,NONINCAPACITATING INJURY,14,8,41.9094312312,-87.6772894524,2022,30,POINT (-87.6772894524 41.9094312312),,,,,2022-08-06,False,23,West Town
7614,30,NO CONTROLS,NO CONTROLS,CLEAR,DAYLIGHT,PEDALCYCLIST,DIVIDED - W/MEDIAN (NOT RAISED),STRAIGHT AND LEVEL,DRY,NO DEFECTS,,NOT APPLICABLE,UNABLE TO DETERMINE,Y,NONINCAPACITATING INJURY,14,8,41.967733107,-87.6790092306,2022,30,POINT (-87.6790092306 41.967733107),,,,,2022-08-06,False,3,Lincoln Square
7615,30,NO CONTROLS,NO CONTROLS,CLEAR,DAYLIGHT,PEDALCYCLIST,ONE-WAY,STRAIGHT AND LEVEL,DRY,NO DEFECTS,,IMPROPER OVERTAKING/PASSING,UNABLE TO DETERMINE,,NO INDICATION OF INJURY,15,8,41.8924450146,-87.6242380264,2022,30,POINT (-87.6242380264 41.8924450146),,,,,2022-08-06,False,7,Near North Side
7616,30,NO CONTROLS,NO CONTROLS,CLEAR,DAYLIGHT,PEDALCYCLIST,NOT DIVIDED,STRAIGHT AND LEVEL,DRY,UNKNOWN,,UNABLE TO DETERMINE,NOT APPLICABLE,Y,NONINCAPACITATING INJURY,17,8,41.9182073588,-87.6538417053,2022,30,POINT (-87.6538417053 41.9182073588),,,,,2022-08-06,False,6,Lincoln Park
7617,20,STOP SIGN/FLASHER,FUNCTIONING PROPERLY,CLEAR,DAYLIGHT,PEDALCYCLIST,FOUR WAY,STRAIGHT AND LEVEL,DRY,UNKNOWN,,DISREGARDING STOP SIGN,NOT APPLICABLE,,"REPORTED, NOT EVIDENT",17,8,41.9540505422,-87.7046505506,2022,20,POINT (-87.7046505506 41.9540505422),,,,,2022-08-06,False,15,Irving Park
7618,30,TRAFFIC SIGNAL,FUNCTIONING PROPERLY,CLEAR,"DARKNESS, LIGHTED ROAD",PEDALCYCLIST,NOT DIVIDED,STRAIGHT AND LEVEL,DRY,NO DEFECTS,Y,UNABLE TO DETERMINE,UNABLE TO DETERMINE,,NO INDICATION OF INJURY,0,8,41.9764121429,-87.6600150821,2022,30,POINT (-87.6600150821 41.9764121429),,,,,2022-08-07,False,2,Uptown
7619,30,STOP SIGN/FLASHER,FUNCTIONING PROPERLY,CLEAR,DAYLIGHT,PEDALCYCLIST,NOT DIVIDED,STRAIGHT AND LEVEL,DRY,UNKNOWN,Y,UNABLE TO DETERMINE,UNABLE TO DETERMINE,,NONINCAPACITATING INJURY,9,8,41.9142852736,-87.7067273325,2022,30,POINT (-87.7067273325 41.9142852736),,,,,2022-08-07,False,21,Logan Square
7620,30,NO CONTROLS,NO CONTROLS,RAIN,DAYLIGHT,PEDALCYCLIST,NOT DIVIDED,STRAIGHT AND LEVEL,UNKNOWN,UNKNOWN,,IMPROPER OVERTAKING/PASSING,UNABLE TO DETERMINE,,NONINCAPACITATING INJURY,11,8,41.9396756449,-87.6625348143,2022,30,POINT (-87.6625348143 41.9396756449),,,,,2022-08-07,False,5,Lake View
7621,30,NO CONTROLS,NO CONTROLS,CLOUDY/OVERCAST,DAYLIGHT,PEDALCYCLIST,DIVIDED - W/MEDIAN (NOT RAISED),STRAIGHT AND LEVEL,DRY,NO DEFECTS,,UNABLE TO DETERMINE,NOT APPLICABLE,,NONINCAPACITATING INJURY,17,8,41.7582924217,-87.6279687933,2022,30,POINT (-87.6279687933 41.7582924217),,,,,2022-08-07,False,68,Grand Crossing
7622,30,NO CONTROLS,NO CONTROLS,RAIN,DARKNESS,PEDALCYCLIST,NOT DIVIDED,STRAIGHT AND LEVEL,WET,NO DEFECTS,,FAILING TO YIELD RIGHT-OF-WAY,NOT APPLICABLE,,NONINCAPACITATING INJURY,19,8,41.800837848,-87.6964248401,2022,30,POINT (-87.6964248401 41.800837848),,,,,2022-08-07,False,62,Gage Park
7623,30,NO CONTROLS,NO CONTROLS,RAIN,DAYLIGHT,PEDALCYCLIST,DIVIDED - W/MEDIAN BARRIER,STRAIGHT AND LEVEL,WET,NO DEFECTS,,UNABLE TO DETERMINE,WEATHER,,NONINCAPACITATING INJURY,8,8,41.7542674547,-87.5862486459,2022,30,POINT (-87.5862486459 41.7542674547),,,,,2022-08-08,False,42,South Shore
7624,30,NO CONTROLS,NO CONTROLS,CLEAR,DAYLIGHT,PEDALCYCLIST,NOT DIVIDED,STRAIGHT AND LEVEL,DRY,NO DEFECTS,,UNABLE TO DETERMINE,UNABLE TO DETERMINE,,NO INDICATION OF INJURY,13,8,41.7582910976,-87.6247900137,2022,30,POINT (-87.6247900137 41.7582910976),,,,,2022-08-08,False,68,Grand Crossing
7625,30,NO CONTROLS,NO CONTROLS,CLEAR,DAYLIGHT,PEDALCYCLIST,DIVIDED - W/MEDIAN BARRIER,STRAIGHT AND LEVEL,DRY,NO DEFECTS,,UNABLE TO DETERMINE,UNABLE TO DETERMINE,,NO INDICATION OF INJURY,14,8,41.8905953347,-87.6242659123,2022,30,POINT (-87.6242659123 41.8905953347),,,,,2022-08-08,False,7,Near North Side
7626,30,TRAFFIC SIGNAL,NO CONTROLS,RAIN,DAYLIGHT,PEDALCYCLIST,NOT DIVIDED,STRAIGHT AND LEVEL,WET,NO DEFECTS,Y,DISREGARDING TRAFFIC SIGNALS,NOT APPLICABLE,,NO INDICATION OF INJURY,16,8,42.0128211292,-87.6703114749,2022,30,POINT (-87.6703114749 42.0128211292),,,,,2022-08-08,False,0,Rogers Park
7627,10,NO CONTROLS,NO CONTROLS,CLEAR,DAYLIGHT,PEDALCYCLIST,PARKING LOT,STRAIGHT AND LEVEL,DRY,NO DEFECTS,,DISTRACTION - FROM OUTSIDE VEHICLE,DRIVING SKILLS/KNOWLEDGE/EXPERIENCE,,"REPORTED, NOT EVIDENT",11,8,41.7177744059,-87.6818225061,2022,10,POINT (-87.6818225061 41.7177744059),,,,,2022-08-09,False,71,Beverly
7628,20,STOP SIGN/FLASHER,FUNCTIONING PROPERLY,CLEAR,DAYLIGHT,PEDALCYCLIST,NOT DIVIDED,STRAIGHT AND LEVEL,DRY,NO DEFECTS,Y,FAILING TO YIELD RIGHT-OF-WAY,UNABLE TO DETERMINE,,NONINCAPACITATING INJURY,14,8,41.9955834258,-87.7225741078,2022,20,POINT (-87.7225741078 41.9955834258),,,,,2022-08-09,False,12,North Park
7629,30,TRAFFIC SIGNAL,FUNCTIONING PROPERLY,CLEAR,DAYLIGHT,PEDALCYCLIST,FOUR WAY,STRAIGHT AND LEVEL,DRY,NO DEFECTS,Y,UNABLE TO DETERMINE,UNABLE TO DETERMINE,,NO INDICATION OF INJURY,15,8,41.8950537308,-87.7552252908,2022,30,POINT (-87.7552252908 41.8950537308),,,,,2022-08-09,False,24,Austin
7630,30,STOP SIGN/FLASHER,FUNCTIONING PROPERLY,CLEAR,DAYLIGHT,PEDALCYCLIST,FOUR WAY,STRAIGHT AND LEVEL,DRY,NO DEFECTS,Y,DISREGARDING STOP SIGN,UNABLE TO DETERMINE,,NONINCAPACITATING INJURY,16,8,41.8179341232,-87.6020249902,2022,30,POINT (-87.6020249902 41.8179341232),,,,,2022-08-09,False,35,Oakland
7631,30,NO CONTROLS,FUNCTIONING PROPERLY,CLEAR,DAYLIGHT,PEDALCYCLIST,NOT DIVIDED,STRAIGHT AND LEVEL,DRY,NO DEFECTS,,FAILING TO YIELD RIGHT-OF-WAY,NOT APPLICABLE,,NONINCAPACITATING INJURY,16,8,41.911790419,-87.6773474791,2022,30,POINT (-87.6773474791 41.911790419),,,,,2022-08-09,False,6,Lincoln Park
7632,30,STOP SIGN/FLASHER,FUNCTIONING PROPERLY,CLEAR,DAYLIGHT,PEDALCYCLIST,FOUR WAY,STRAIGHT AND LEVEL,DRY,NO DEFECTS,Y,UNABLE TO DETERMINE,UNABLE TO DETERMINE,,NONINCAPACITATING INJURY,16,8,41.7878242543,-87.5916623676,2022,30,POINT (-87.5916623676 41.7878242543),,,,,2022-08-09,False,40,Hyde Park
7633,30,TRAFFIC SIGNAL,FUNCTIONING PROPERLY,CLEAR,DAYLIGHT,PEDALCYCLIST,NOT DIVIDED,STRAIGHT AND LEVEL,DRY,NO DEFECTS,,FAILING TO YIELD RIGHT-OF-WAY,FOLLOWING TOO CLOSELY,,NONINCAPACITATING INJURY,17,8,41.9027863137,-87.7260601174,2022,30,POINT (-87.7260601174 41.9027863137),,,,,2022-08-09,False,22,Humboldt Park
7634,30,NO CONTROLS,NO CONTROLS,CLEAR,DAYLIGHT,PEDALCYCLIST,NOT DIVIDED,STRAIGHT AND LEVEL,DRY,UNKNOWN,,UNABLE TO DETERMINE,NOT APPLICABLE,,NONINCAPACITATING INJURY,18,8,41.8698889696,-87.715679979,2022,30,POINT (-87.715679979 41.8698889696),,,,,2022-08-09,False,26,Garfield Park
7635,30,NO CONTROLS,NO CONTROLS,CLEAR,DUSK,PEDALCYCLIST,UNKNOWN INTERSECTION TYPE,STRAIGHT AND LEVEL,DRY,NO DEFECTS,Y,"VISION OBSCURED (SIGNS, TREE LIMBS, BUILDINGS, ETC.)",NOT APPLICABLE,,"REPORTED, NOT EVIDENT",19,8,41.746710362,-87.65742424,2022,30,POINT (-87.65742424 41.746710362),,,,,2022-08-09,False,70,Auburn Gresham
7636,30,NO CONTROLS,NO CONTROLS,CLEAR,DAYLIGHT,PEDALCYCLIST,DIVIDED - W/MEDIAN (NOT RAISED),STRAIGHT AND LEVEL,DRY,NO DEFECTS,,UNABLE TO DETERMINE,UNABLE TO DETERMINE,,NONINCAPACITATING INJURY,19,8,41.9449370095,-87.6492681455,2022,30,POINT (-87.6492681455 41.9449370095),,,,,2022-08-09,False,5,Lake View
7637,25,STOP SIGN/FLASHER,FUNCTIONING PROPERLY,CLEAR,"DARKNESS, LIGHTED ROAD",PEDALCYCLIST,ONE-WAY,STRAIGHT AND LEVEL,DRY,NO DEFECTS,,DRIVING ON WRONG SIDE/WRONG WAY,NOT APPLICABLE,N,NONINCAPACITATING INJURY,20,8,41.7879423459,-87.7182323155,2022,25,POINT (-87.7182323155 41.7879423459),,,,,2022-08-09,False,61,West Elsdon
7638,30,STOP SIGN/FLASHER,FUNCTIONING PROPERLY,CLEAR,DARKNESS,PEDALCYCLIST,FOUR WAY,STRAIGHT AND LEVEL,DRY,NO DEFECTS,,UNABLE TO DETERMINE,UNABLE TO DETERMINE,,NONINCAPACITATING INJURY,21,8,41.8549037841,-87.6760660362,2022,30,POINT (-87.6760660362 41.8549037841),,,,,2022-08-09,False,30,Lower West Side
7639,30,NO CONTROLS,NO CONTROLS,CLEAR,"DARKNESS, LIGHTED ROAD",PEDALCYCLIST,NOT DIVIDED,STRAIGHT AND LEVEL,DRY,NO DEFECTS,,EQUIPMENT - VEHICLE CONDITION,EQUIPMENT - VEHICLE CONDITION,,NO INDICATION OF INJURY,21,8,41.8488106333,-87.6422152421,2022,30,POINT (-87.6422152421 41.8488106333),,,,,2022-08-09,False,30,Lower West Side
7640,30,TRAFFIC SIGNAL,FUNCTIONING PROPERLY,CLEAR,DAYLIGHT,PEDALCYCLIST,NOT DIVIDED,STRAIGHT AND LEVEL,DRY,NO DEFECTS,Y,FAILING TO YIELD RIGHT-OF-WAY,NOT APPLICABLE,,NONINCAPACITATING INJURY,15,8,41.9739328522,-87.7877586779,2022,30,POINT (-87.7877586779 41.9739328522),,,,,2022-08-10,False,10,Jefferson Park
7641,30,NO CONTROLS,NO CONTROLS,CLEAR,DAYLIGHT,PEDALCYCLIST,NOT DIVIDED,STRAIGHT AND LEVEL,DRY,NO DEFECTS,Y,UNABLE TO DETERMINE,UNABLE TO DETERMINE,Y,NONINCAPACITATING INJURY,17,8,41.8581700074,-87.661474747,2022,30,POINT (-87.661474747 41.8581700074),,,,,2022-08-10,False,27,Near West Side
7642,30,TRAFFIC SIGNAL,UNKNOWN,CLEAR,DAYLIGHT,PEDALCYCLIST,NOT DIVIDED,STRAIGHT AND LEVEL,UNKNOWN,UNKNOWN,,FAILING TO YIELD RIGHT-OF-WAY,NOT APPLICABLE,,NO INDICATION OF INJURY,18,8,41.8516545452,-87.7053126941,2022,30,POINT (-87.7053126941 41.8516545452),,,,,2022-08-10,False,28,North Lawndale
7643,30,NO CONTROLS,NO CONTROLS,CLEAR,"DARKNESS, LIGHTED ROAD",PEDALCYCLIST,DIVIDED - W/MEDIAN (NOT RAISED),STRAIGHT AND LEVEL,DRY,NO DEFECTS,,FAILING TO YIELD RIGHT-OF-WAY,UNABLE TO DETERMINE,Y,NONINCAPACITATING INJURY,21,8,41.9097029734,-87.6766373687,2022,30,POINT (-87.6766373687 41.9097029734),,,,,2022-08-10,False,23,West Town
7644,30,NO CONTROLS,NO CONTROLS,CLEAR,DAYLIGHT,PEDALCYCLIST,ONE-WAY,STRAIGHT AND LEVEL,DRY,UNKNOWN,,UNABLE TO DETERMINE,UNABLE TO DETERMINE,Y,FATAL,6,8,41.7158902233,-87.5363384508,2022,30,POINT (-87.5363384508 41.7158902233),,,,,2022-08-11,True,51,East Side
7645,30,NO CONTROLS,NO CONTROLS,CLEAR,DAYLIGHT,PEDALCYCLIST,NOT DIVIDED,STRAIGHT AND LEVEL,DRY,NO DEFECTS,,FAILING TO YIELD RIGHT-OF-WAY,DRIVING SKILLS/KNOWLEDGE/EXPERIENCE,Y,INCAPACITATING INJURY,10,8,42.0032288113,-87.8170923211,2022,30,POINT (-87.8170923211 42.0032288113),,,,,2022-08-11,True,8,Edison Park
7646,30,TRAFFIC SIGNAL,FUNCTIONING PROPERLY,CLEAR,DAYLIGHT,PEDALCYCLIST,FOUR WAY,STRAIGHT ON GRADE,DRY,NO DEFECTS,Y,DISREGARDING TRAFFIC SIGNALS,NOT APPLICABLE,,NO INDICATION OF INJURY,11,8,41.7366015585,-87.6049681002,2022,30,POINT (-87.6049681002 41.7366015585),,,,,2022-08-11,False,43,Chatham
7647,35,STOP SIGN/FLASHER,FUNCTIONING PROPERLY,UNKNOWN,DAYLIGHT,PEDALCYCLIST,DIVIDED - W/MEDIAN (NOT RAISED),STRAIGHT AND LEVEL,UNKNOWN,UNKNOWN,,DISREGARDING YIELD SIGN,NOT APPLICABLE,,NONINCAPACITATING INJURY,13,8,41.7083263537,-87.535349046,2022,35,POINT (-87.535349046 41.7083263537),,,,,2022-08-11,False,51,East Side
7648,25,STOP SIGN/FLASHER,FUNCTIONING PROPERLY,CLEAR,DAYLIGHT,PEDALCYCLIST,NOT DIVIDED,STRAIGHT AND LEVEL,DRY,NO DEFECTS,,FAILING TO YIELD RIGHT-OF-WAY,NOT APPLICABLE,,NO INDICATION OF INJURY,14,8,41.9659264057,-87.6460918454,2022,25,POINT (-87.6460918454 41.9659264057),,,,,2022-08-11,False,2,Uptown
7649,35,TRAFFIC SIGNAL,FUNCTIONING PROPERLY,CLEAR,DAYLIGHT,PEDALCYCLIST,NOT DIVIDED,STRAIGHT AND LEVEL,DRY,NO DEFECTS,,IMPROPER LANE USAGE,UNABLE TO DETERMINE,,"REPORTED, NOT EVIDENT",16,8,41.9110225779,-87.6487615189,2022,35,POINT (-87.6487615189 41.9110225779),,,,,2022-08-11,False,6,Lincoln Park
7650,30,NO CONTROLS,NO CONTROLS,CLEAR,DAYLIGHT,PEDALCYCLIST,NOT DIVIDED,STRAIGHT AND LEVEL,DRY,UNKNOWN,,IMPROPER OVERTAKING/PASSING,UNABLE TO DETERMINE,,NONINCAPACITATING INJURY,16,8,41.8032154277,-87.5968644021,2022,30,POINT (-87.5968644021 41.8032154277),,,,,2022-08-11,False,38,Kenwood
7651,30,NO CONTROLS,NO CONTROLS,CLEAR,DAYLIGHT,PEDALCYCLIST,NOT DIVIDED,STRAIGHT AND LEVEL,DRY,NO DEFECTS,,NOT APPLICABLE,NOT APPLICABLE,,NONINCAPACITATING INJURY,17,8,41.9758749974,-87.7062974954,2022,30,POINT (-87.7062974954 41.9758749974),,,,,2022-08-11,False,3,Lincoln Square
7652,30,STOP SIGN/FLASHER,FUNCTIONING PROPERLY,CLEAR,DAYLIGHT,PEDALCYCLIST,FOUR WAY,STRAIGHT AND LEVEL,DRY,NO DEFECTS,,UNABLE TO DETERMINE,NOT APPLICABLE,,NONINCAPACITATING INJURY,18,8,41.7328015167,-87.6145766353,2022,30,POINT (-87.6145766353 41.7328015167),,,,,2022-08-11,False,43,Chatham
7653,20,NO CONTROLS,NO CONTROLS,CLEAR,DAYLIGHT,PEDALCYCLIST,ONE-WAY,STRAIGHT AND LEVEL,DRY,NO DEFECTS,,FAILING TO YIELD RIGHT-OF-WAY,NOT APPLICABLE,,NONINCAPACITATING INJURY,18,8,41.9281606172,-87.6431269724,2022,20,POINT (-87.6431269724 41.9281606172),,,,,2022-08-11,False,6,Lincoln Park
7654,30,NO CONTROLS,NO CONTROLS,CLEAR,"DARKNESS, LIGHTED ROAD",PEDALCYCLIST,NOT DIVIDED,STRAIGHT AND LEVEL,DRY,NO DEFECTS,Y,UNABLE TO DETERMINE,UNABLE TO DETERMINE,Y,NO INDICATION OF INJURY,20,8,41.9281889149,-87.7136394675,2022,30,POINT (-87.7136394675 41.9281889149),,,,,2022-08-11,False,21,Logan Square
7655,30,NO CONTROLS,UNKNOWN,CLEAR,DAYLIGHT,PEDALCYCLIST,NOT DIVIDED,STRAIGHT AND LEVEL,DRY,UNKNOWN,Y,NOT APPLICABLE,NOT APPLICABLE,Y,NONINCAPACITATING INJURY,9,8,41.9154164255,-87.7117764619,2022,30,POINT (-87.7117764619 41.9154164255),,,,,2022-08-12,False,21,Logan Square
7656,30,TRAFFIC SIGNAL,FUNCTIONING PROPERLY,CLEAR,DAYLIGHT,PEDALCYCLIST,UNKNOWN INTERSECTION TYPE,STRAIGHT AND LEVEL,DRY,NO DEFECTS,Y,IMPROPER TURNING/NO SIGNAL,NOT APPLICABLE,,NONINCAPACITATING INJURY,13,8,41.8672871622,-87.6452469415,2022,30,POINT (-87.6452469415 41.8672871622),,,,,2022-08-12,False,27,Near West Side
7657,30,TRAFFIC SIGNAL,FUNCTIONING PROPERLY,CLEAR,DAYLIGHT,PEDALCYCLIST,NOT DIVIDED,STRAIGHT AND LEVEL,DRY,NO DEFECTS,Y,FAILING TO YIELD RIGHT-OF-WAY,"OPERATING VEHICLE IN ERRATIC, RECKLESS, CARELESS, NEGLIGENT OR AGGRESSIVE MANNER",,NONINCAPACITATING INJURY,13,8,41.8840134454,-87.6568557117,2022,30,POINT (-87.6568557117 41.8840134454),,,,,2022-08-12,False,27,Near West Side
7658,25,NO CONTROLS,NO CONTROLS,CLEAR,DAYLIGHT,PEDALCYCLIST,DIVIDED - W/MEDIAN (NOT RAISED),STRAIGHT AND LEVEL,DRY,NO DEFECTS,,FAILING TO YIELD RIGHT-OF-WAY,UNABLE TO DETERMINE,,"REPORTED, NOT EVIDENT",15,8,41.89645528,-87.650417352,2022,25,POINT (-87.650417352 41.89645528),,,,,2022-08-12,False,7,Near North Side
7659,30,NO CONTROLS,NO CONTROLS,CLEAR,DAYLIGHT,PEDALCYCLIST,PARKING LOT,STRAIGHT AND LEVEL,DRY,NO DEFECTS,,UNABLE TO DETERMINE,UNABLE TO DETERMINE,,NO INDICATION OF INJURY,15,8,41.953203301,-87.756048735,2022,30,POINT (-87.756048735 41.953203301),,,,,2022-08-12,False,14,Portage Park
7660,30,TRAFFIC SIGNAL,FUNCTIONING PROPERLY,CLEAR,DAYLIGHT,PEDALCYCLIST,NOT REPORTED,STRAIGHT AND LEVEL,DRY,WORN SURFACE,Y,"VISION OBSCURED (SIGNS, TREE LIMBS, BUILDINGS, ETC.)",FAILING TO YIELD RIGHT-OF-WAY,,NONINCAPACITATING INJURY,15,8,41.9104312326,-87.6824947889,2022,30,POINT (-87.6824947889 41.9104312326),,,,,2022-08-12,False,23,West Town
7661,30,NO CONTROLS,NO CONTROLS,CLEAR,DAYLIGHT,PEDALCYCLIST,NOT DIVIDED,STRAIGHT AND LEVEL,DRY,NO DEFECTS,,FAILING TO YIELD RIGHT-OF-WAY,FAILING TO YIELD RIGHT-OF-WAY,Y,NONINCAPACITATING INJURY,16,8,41.9137731359,-87.648506953,2022,30,POINT (-87.648506953 41.9137731359),,,,,2022-08-12,False,6,Lincoln Park
7662,30,STOP SIGN/FLASHER,FUNCTIONING PROPERLY,CLEAR,DUSK,PEDALCYCLIST,ONE-WAY,STRAIGHT AND LEVEL,DRY,NO DEFECTS,Y,UNABLE TO DETERMINE,FAILING TO REDUCE SPEED TO AVOID CRASH,,NONINCAPACITATING INJURY,17,8,41.9515603541,-87.7572161347,2022,30,POINT (-87.7572161347 41.9515603541),,,,,2022-08-12,False,14,Portage Park
7663,30,NO CONTROLS,NO CONTROLS,CLEAR,DAYLIGHT,PEDALCYCLIST,NOT DIVIDED,STRAIGHT AND LEVEL,DRY,NO DEFECTS,,IMPROPER TURNING/NO SIGNAL,NOT APPLICABLE,,NO INDICATION OF INJURY,17,8,41.9036157284,-87.6583028593,2022,30,POINT (-87.6583028593 41.9036157284),,,,,2022-08-12,False,7,Near North Side
7664,30,NO CONTROLS,NO CONTROLS,CLEAR,DAYLIGHT,PEDALCYCLIST,NOT DIVIDED,STRAIGHT AND LEVEL,DRY,NO DEFECTS,,IMPROPER BACKING,NOT APPLICABLE,,NO INDICATION OF INJURY,17,8,41.9095968701,-87.6764715109,2022,30,POINT (-87.6764715109 41.9095968701),,,,,2022-08-12,False,23,West Town
7665,30,TRAFFIC SIGNAL,FUNCTIONING PROPERLY,CLEAR,DAYLIGHT,PEDALCYCLIST,NOT DIVIDED,STRAIGHT AND LEVEL,DRY,NO DEFECTS,,FAILING TO YIELD RIGHT-OF-WAY,FAILING TO YIELD RIGHT-OF-WAY,,NO INDICATION OF INJURY,17,8,41.9872694003,-87.655152638,2022,30,POINT (-87.655152638 41.9872694003),,,,,2022-08-12,False,76,Edgewater
7666,30,TRAFFIC SIGNAL,FUNCTIONING PROPERLY,CLEAR,"DARKNESS, LIGHTED ROAD",PEDALCYCLIST,DIVIDED - W/MEDIAN (NOT RAISED),STRAIGHT AND LEVEL,DRY,NO DEFECTS,Y,FAILING TO YIELD RIGHT-OF-WAY,UNABLE TO DETERMINE,,NONINCAPACITATING INJURY,20,8,42.0171909646,-87.6655734568,2022,30,POINT (-87.6655734568 42.0171909646),,,,,2022-08-12,False,0,Rogers Park
7667,30,NO CONTROLS,NO CONTROLS,CLEAR,DAYLIGHT,PEDALCYCLIST,ALLEY,STRAIGHT AND LEVEL,DRY,NO DEFECTS,Y,"VISION OBSCURED (SIGNS, TREE LIMBS, BUILDINGS, ETC.)",FAILING TO REDUCE SPEED TO AVOID CRASH,,NONINCAPACITATING INJURY,17,8,41.9555313337,-87.7082078565,2022,30,POINT (-87.7082078565 41.9555313337),,,,,2022-08-13,False,15,Irving Park
7668,30,NO CONTROLS,NO CONTROLS,CLEAR,"DARKNESS, LIGHTED ROAD",PEDALCYCLIST,ONE-WAY,STRAIGHT AND LEVEL,DRY,NO DEFECTS,,UNABLE TO DETERMINE,UNABLE TO DETERMINE,,NONINCAPACITATING INJURY,19,8,41.919778103,-87.6854562087,2022,30,POINT (-87.6854562087 41.919778103),,,,,2022-08-13,False,21,Logan Square
7669,25,STOP SIGN/FLASHER,FUNCTIONING PROPERLY,CLEAR,DARKNESS,PEDALCYCLIST,FOUR WAY,STRAIGHT AND LEVEL,DRY,NO DEFECTS,Y,DISREGARDING STOP SIGN,UNABLE TO DETERMINE,,INCAPACITATING INJURY,21,8,41.994152246,-87.6923603038,2022,25,POINT (-87.6923603038 41.994152246),,,,,2022-08-13,True,1,West Ridge
7670,20,UNKNOWN,UNKNOWN,CLEAR,DARKNESS,PEDALCYCLIST,OTHER,STRAIGHT AND LEVEL,DRY,NO DEFECTS,Y,UNABLE TO DETERMINE,FAILING TO REDUCE SPEED TO AVOID CRASH,,NONINCAPACITATING INJURY,22,8,41.6994506918,-87.616136573,2022,20,POINT (-87.616136573 41.6994506918),,,,,2022-08-13,False,48,Roseland
7671,30,NO CONTROLS,NO CONTROLS,CLEAR,DAYLIGHT,PEDALCYCLIST,NOT DIVIDED,STRAIGHT AND LEVEL,DRY,NO DEFECTS,,UNABLE TO DETERMINE,UNABLE TO DETERMINE,,"REPORTED, NOT EVIDENT",11,8,41.9142094227,-87.7472537196,2022,30,POINT (-87.7472537196 41.9142094227),,,,,2022-08-14,False,18,Belmont Cragin
7672,30,TRAFFIC SIGNAL,FUNCTIONING PROPERLY,CLEAR,DAYLIGHT,PEDALCYCLIST,DIVIDED - W/MEDIAN BARRIER,STRAIGHT AND LEVEL,DRY,NO DEFECTS,Y,"OPERATING VEHICLE IN ERRATIC, RECKLESS, CARELESS, NEGLIGENT OR AGGRESSIVE MANNER",FAILING TO REDUCE SPEED TO AVOID CRASH,,"REPORTED, NOT EVIDENT",15,8,41.9727025217,-87.6599157302,2022,30,POINT (-87.6599157302 41.9727025217),,,,,2022-08-14,False,2,Uptown
7673,30,TRAFFIC SIGNAL,FUNCTIONING PROPERLY,CLEAR,DAYLIGHT,PEDALCYCLIST,DIVIDED - W/MEDIAN (NOT RAISED),STRAIGHT AND LEVEL,DRY,NO DEFECTS,Y,IMPROPER OVERTAKING/PASSING,UNABLE TO DETERMINE,,NONINCAPACITATING INJURY,17,8,41.9544324414,-87.6624462591,2022,30,POINT (-87.6624462591 41.9544324414),,,,,2022-08-14,False,2,Uptown
7674,30,NO CONTROLS,NO CONTROLS,CLEAR,"DARKNESS, LIGHTED ROAD",PEDALCYCLIST,ONE-WAY,STRAIGHT AND LEVEL,DRY,NO DEFECTS,,NOT APPLICABLE,NOT APPLICABLE,,NONINCAPACITATING INJURY,22,8,42.0101039695,-87.686154245,2022,30,POINT (-87.686154245 42.0101039695),,,,,2022-08-14,False,1,West Ridge
7675,30,NO CONTROLS,NO CONTROLS,CLEAR,DAYLIGHT,PEDALCYCLIST,FOUR WAY,STRAIGHT AND LEVEL,DRY,NO DEFECTS,Y,IMPROPER LANE USAGE,IMPROPER LANE USAGE,,NO INDICATION OF INJURY,6,8,41.8634586384,-87.6900262173,2022,30,POINT (-87.6900262173 41.8634586384),,,,,2022-08-15,False,27,Near West Side
7676,35,NO CONTROLS,NO CONTROLS,CLEAR,DAYLIGHT,PEDALCYCLIST,DIVIDED - W/MEDIAN (NOT RAISED),STRAIGHT AND LEVEL,DRY,NO DEFECTS,,UNABLE TO DETERMINE,NOT APPLICABLE,,NONINCAPACITATING INJURY,16,8,41.7667772482,-87.7226079073,2022,35,POINT (-87.7226079073 41.7667772482),,,,,2022-08-15,False,64,West Lawn