Unnamed: 0,POSTED_SPEED_LIMIT,TRAFFIC_CONTROL_DEVICE,DEVICE_CONDITION,WEATHER_CONDITION,LIGHTING_CONDITION,FIRST_CRASH_TYPE,TRAFFICWAY_TYPE,ALIGNMENT,ROADWAY_SURFACE_COND,ROAD_DEFECT,INTERSECTION_RELATED_I,PRIM_CONTRIBUTORY_CAUSE,SEC_CONTRIBUTORY_CAUSE,DOORING_I,MOST_SEVERE_INJURY,CRASH_HOUR,CRASH_MONTH,LATITUDE,LONGITUDE,CRASH_YEAR,SPEED_LIMIT,geometry,DISPLAYROU,the_geom,DIST,LANE_TYPE,CRASH_DATE,is_severe,index_right,CArea
7678,20,NO CONTROLS,NO CONTROLS,CLEAR,"DARKNESS, LIGHTED ROAD",PEDALCYCLIST,NOT DIVIDED,STRAIGHT AND LEVEL,DRY,NO DEFECTS,,UNABLE TO DETERMINE,UNABLE TO DETERMINE,,"REPORTED, NOT EVIDENT",19,8,41.9792420725,-87.8461699559,2022,20,POINT (-87.8461699559 41.9792420725),,,,,2022-08-15,False,75,O'Hare
7679,30,NO CONTROLS,FUNCTIONING PROPERLY,CLEAR,DAYLIGHT,PEDALCYCLIST,NOT DIVIDED,STRAIGHT AND LEVEL,DRY,NO DEFECTS,,UNABLE TO DETERMINE,NOT APPLICABLE,Y,NONINCAPACITATING INJURY,20,8,42.0067213724,-87.673582341,2022,30,POINT (-87.673582341 42.0067213724),,,,,2022-08-15,False,0,Rogers Park
7680,15,NO CONTROLS,NO CONTROLS,CLEAR,"DARKNESS, LIGHTED ROAD",PEDALCYCLIST,ONE-WAY,STRAIGHT AND LEVEL,DRY,NO DEFECTS,,DRIVING ON WRONG SIDE/WRONG WAY,NOT APPLICABLE,,NONINCAPACITATING INJURY,21,8,41.9354257611,-87.6434462063,2022,15,POINT (-87.6434462063 41.9354257611),,,,,2022-08-15,False,5,Lake View
7681,30,TRAFFIC SIGNAL,FUNCTIONING PROPERLY,CLEAR,DAYLIGHT,PEDALCYCLIST,FOUR WAY,STRAIGHT AND LEVEL,DRY,NO DEFECTS,Y,UNABLE TO DETERMINE,UNABLE TO DETERMINE,,"REPORTED, NOT EVIDENT",8,8,41.8715659906,-87.6666754145,2022,30,POINT (-87.6666754145 41.8715659906),,,,,2022-08-16,False,27,Near West Side
7682,30,NO CONTROLS,NO CONTROLS,CLEAR,DAYLIGHT,PEDALCYCLIST,NOT DIVIDED,STRAIGHT AND LEVEL,DRY,NO DEFECTS,,UNABLE TO DETERMINE,UNABLE TO DETERMINE,,NO INDICATION OF INJURY,9,8,41.898620539,-87.6373961346,2022,30,POINT (-87.6373961346 41.898620539),,,,,2022-08-16,False,7,Near North Side
7683,30,STOP SIGN/FLASHER,FUNCTIONING PROPERLY,CLEAR,DAYLIGHT,PEDALCYCLIST,DIVIDED - W/MEDIAN (NOT RAISED),STRAIGHT AND LEVEL,DRY,NO DEFECTS,Y,UNABLE TO DETERMINE,NOT APPLICABLE,,NONINCAPACITATING INJURY,13,8,41.781254039,-87.781247113,2022,30,POINT (-87.781247113 41.781254039),,,,,2022-08-16,False,63,Clearing
7684,30,TRAFFIC SIGNAL,NO CONTROLS,CLEAR,DAYLIGHT,PEDALCYCLIST,FOUR WAY,STRAIGHT AND LEVEL,DRY,NO DEFECTS,Y,DISREGARDING TRAFFIC SIGNALS,UNABLE TO DETERMINE,,NONINCAPACITATING INJURY,16,8,41.7857280113,-87.6205391981,2022,30,POINT (-87.6205391981 41.7857280113),,,,,2022-08-16,False,39,Washington Park
7685,25,STOP SIGN/FLASHER,FUNCTIONING PROPERLY,CLEAR,DAYLIGHT,PEDALCYCLIST,FOUR WAY,STRAIGHT AND LEVEL,DRY,NO DEFECTS,Y,DRIVING SKILLS/KNOWLEDGE/EXPERIENCE,UNABLE TO DETERMINE,,INCAPACITATING INJURY,17,8,41.7980537556,-87.7674905515,2022,25,POINT (-87.7674905515 41.7980537556),,,,,2022-08-16,True,55,Garfield Ridge
7686,30,STOP SIGN/FLASHER,NO CONTROLS,CLEAR,DAYLIGHT,PEDALCYCLIST,T-INTERSECTION,STRAIGHT AND LEVEL,DRY,NO DEFECTS,Y,DISREGARDING STOP SIGN,UNABLE TO DETERMINE,,NONINCAPACITATING INJURY,18,8,41.9942229055,-87.6874636572,2022,30,POINT (-87.6874636572 41.9942229055),,,,,2022-08-16,False,1,West Ridge
7687,30,TRAFFIC SIGNAL,FUNCTIONING PROPERLY,CLEAR,DAYLIGHT,PEDALCYCLIST,T-INTERSECTION,STRAIGHT AND LEVEL,DRY,NO DEFECTS,Y,UNABLE TO DETERMINE,NOT APPLICABLE,,INCAPACITATING INJURY,18,8,42.0051235673,-87.709187928,2022,30,POINT (-87.709187928 42.0051235673),,,,,2022-08-16,True,1,West Ridge
7688,25,STOP SIGN/FLASHER,FUNCTIONING PROPERLY,CLEAR,DUSK,PEDALCYCLIST,ONE-WAY,STRAIGHT AND LEVEL,DRY,NO DEFECTS,,UNABLE TO DETERMINE,NOT APPLICABLE,,NONINCAPACITATING INJURY,19,8,41.9331100167,-87.7736611523,2022,25,POINT (-87.7736611523 41.9331100167),,,,,2022-08-16,False,18,Belmont Cragin
7689,30,TRAFFIC SIGNAL,FUNCTIONING PROPERLY,CLEAR,DAYLIGHT,PEDALCYCLIST,NOT DIVIDED,STRAIGHT AND LEVEL,DRY,NO DEFECTS,Y,FOLLOWING TOO CLOSELY,UNABLE TO DETERMINE,,NO INDICATION OF INJURY,7,8,41.9104298624,-87.6872842205,2022,30,POINT (-87.6872842205 41.9104298624),,,,,2022-08-17,False,23,West Town
7690,25,STOP SIGN/FLASHER,FUNCTIONING PROPERLY,CLEAR,DAYLIGHT,PEDALCYCLIST,FOUR WAY,STRAIGHT AND LEVEL,DRY,NO DEFECTS,Y,"VISION OBSCURED (SIGNS, TREE LIMBS, BUILDINGS, ETC.)",NOT APPLICABLE,,NONINCAPACITATING INJURY,9,8,41.7117953842,-87.6782999085,2022,25,POINT (-87.6782999085 41.7117953842),,,,,2022-08-17,False,71,Beverly
7691,30,NO CONTROLS,NO CONTROLS,CLEAR,DAYLIGHT,PEDALCYCLIST,ONE-WAY,STRAIGHT AND LEVEL,DRY,NO DEFECTS,,UNABLE TO DETERMINE,NOT APPLICABLE,Y,NONINCAPACITATING INJURY,10,8,41.8767618621,-87.6321932636,2022,30,POINT (-87.6321932636 41.8767618621),,,,,2022-08-17,False,31,Loop
7692,30,TRAFFIC SIGNAL,FUNCTIONING PROPERLY,CLEAR,DAYLIGHT,PEDALCYCLIST,NOT DIVIDED,STRAIGHT AND LEVEL,DRY,NO DEFECTS,Y,FAILING TO YIELD RIGHT-OF-WAY,UNABLE TO DETERMINE,,NO INDICATION OF INJURY,13,8,41.9249995607,-87.6751706289,2022,30,POINT (-87.6751706289 41.9249995607),,,,,2022-08-17,False,6,Lincoln Park
7693,30,TRAFFIC SIGNAL,FUNCTIONING PROPERLY,CLEAR,DAYLIGHT,PEDALCYCLIST,FOUR WAY,STRAIGHT AND LEVEL,DRY,UNKNOWN,Y,FAILING TO YIELD RIGHT-OF-WAY,UNABLE TO DETERMINE,,NONINCAPACITATING INJURY,13,8,41.8878388264,-87.7652665445,2022,30,POINT (-87.7652665445 41.8878388264),,,,,2022-08-17,False,24,Austin
7694,35,TRAFFIC SIGNAL,FUNCTIONING PROPERLY,CLEAR,DAYLIGHT,PEDALCYCLIST,NOT DIVIDED,STRAIGHT AND LEVEL,DRY,NO DEFECTS,Y,FAILING TO YIELD RIGHT-OF-WAY,FAILING TO YIELD RIGHT-OF-WAY,,NONINCAPACITATING INJURY,17,8,41.9252682757,-87.6534875641,2022,35,POINT (-87.6534875641 41.9252682757),,,,,2022-08-17,False,6,Lincoln Park
7695,30,NO CONTROLS,FUNCTIONING PROPERLY,CLEAR,DAYLIGHT,PEDALCYCLIST,NOT DIVIDED,STRAIGHT AND LEVEL,DRY,NO DEFECTS,,FAILING TO REDUCE SPEED TO AVOID CRASH,UNABLE TO DETERMINE,,NO INDICATION OF INJURY,17,8,41.8231424242,-87.6814105322,2022,30,POINT (-87.6814105322 41.8231424242),,,,,2022-08-17,False,58,Mckinley Park
7697,30,TRAFFIC SIGNAL,FUNCTIONING PROPERLY,CLEAR,"DARKNESS, LIGHTED ROAD",PEDALCYCLIST,DIVIDED - W/MEDIAN (NOT RAISED),STRAIGHT AND LEVEL,DRY,NO DEFECTS,,UNABLE TO DETERMINE,NOT APPLICABLE,,NONINCAPACITATING INJURY,17,8,41.9169395903,-87.687828323,2022,30,POINT (-87.687828323 41.9169395903),,,,,2022-08-17,False,21,Logan Square
7698,30,NO CONTROLS,NO CONTROLS,CLEAR,DAYLIGHT,PEDALCYCLIST,NOT DIVIDED,STRAIGHT AND LEVEL,DRY,NO DEFECTS,,UNABLE TO DETERMINE,UNABLE TO DETERMINE,,INCAPACITATING INJURY,18,8,41.9732104165,-87.6791709838,2022,30,POINT (-87.6791709838 41.9732104165),,,,,2022-08-17,True,3,Lincoln Square
7699,30,NO CONTROLS,NO CONTROLS,CLEAR,DAYLIGHT,PEDALCYCLIST,NOT DIVIDED,STRAIGHT AND LEVEL,DRY,UNKNOWN,Y,"VISION OBSCURED (SIGNS, TREE LIMBS, BUILDINGS, ETC.)",UNABLE TO DETERMINE,,INCAPACITATING INJURY,18,8,41.9980983595,-87.6752533739,2022,30,POINT (-87.6752533739 41.9980983595),,,,,2022-08-18,True,0,Rogers Park
7700,25,NO CONTROLS,NO CONTROLS,CLEAR,"DARKNESS, LIGHTED ROAD",PEDALCYCLIST,NOT DIVIDED,STRAIGHT AND LEVEL,DRY,NO DEFECTS,,"VISION OBSCURED (SIGNS, TREE LIMBS, BUILDINGS, ETC.)",UNABLE TO DETERMINE,,NO INDICATION OF INJURY,20,8,41.9466852636,-87.6467069422,2022,25,POINT (-87.6467069422 41.9466852636),,,,,2022-08-18,False,5,Lake View
7701,30,NO CONTROLS,NO CONTROLS,CLEAR,"DARKNESS, LIGHTED ROAD",PEDALCYCLIST,NOT DIVIDED,STRAIGHT AND LEVEL,DRY,NO DEFECTS,,FAILING TO REDUCE SPEED TO AVOID CRASH,UNABLE TO DETERMINE,,NONINCAPACITATING INJURY,20,8,41.9246204456,-87.7247839565,2022,30,POINT (-87.7247839565 41.9246204456),,,,,2022-08-18,False,19,Hermosa
7702,30,TRAFFIC SIGNAL,FUNCTIONING PROPERLY,CLEAR,DAYLIGHT,PEDALCYCLIST,FOUR WAY,STRAIGHT AND LEVEL,DRY,NO DEFECTS,Y,FAILING TO YIELD RIGHT-OF-WAY,UNABLE TO DETERMINE,,"REPORTED, NOT EVIDENT",7,8,41.8993151702,-87.684337078,2022,30,POINT (-87.684337078 41.8993151702),,,,,2022-08-19,False,23,West Town
7703,30,STOP SIGN/FLASHER,FUNCTIONING PROPERLY,CLEAR,DAYLIGHT,PEDALCYCLIST,DIVIDED - W/MEDIAN (NOT RAISED),STRAIGHT AND LEVEL,DRY,NO DEFECTS,,FAILING TO YIELD RIGHT-OF-WAY,UNABLE TO DETERMINE,,NO INDICATION OF INJURY,8,8,41.7992725043,-87.6940144638,2022,30,POINT (-87.6940144638 41.7992725043),,,,,2022-08-19,False,62,Gage Park
7704,30,UNKNOWN,UNKNOWN,UNKNOWN,DAYLIGHT,PEDALCYCLIST,NOT DIVIDED,STRAIGHT AND LEVEL,UNKNOWN,UNKNOWN,,UNABLE TO DETERMINE,NOT APPLICABLE,,NONINCAPACITATING INJURY,11,8,41.9388697895,-87.6490864972,2022,30,POINT (-87.6490864972 41.9388697895),,,,,2022-08-19,False,5,Lake View
7705,30,NO CONTROLS,NO CONTROLS,CLEAR,DAYLIGHT,PEDALCYCLIST,DIVIDED - W/MEDIAN (NOT RAISED),STRAIGHT AND LEVEL,DRY,NO DEFECTS,,UNABLE TO DETERMINE,NOT APPLICABLE,Y,NONINCAPACITATING INJURY,15,8,41.9246468005,-87.7004205955,2022,30,POINT (-87.7004205955 41.9246468005),,,,,2022-08-19,False,21,Logan Square
7706,30,OTHER,NO CONTROLS,CLEAR,DAYLIGHT,PEDALCYCLIST,NOT DIVIDED,STRAIGHT AND LEVEL,DRY,NO DEFECTS,N,UNABLE TO DETERMINE,DRIVING SKILLS/KNOWLEDGE/EXPERIENCE,,INCAPACITATING INJURY,16,8,42.0054415509,-87.6731482394,2022,30,POINT (-87.6731482394 42.0054415509),,,,,2022-08-19,True,0,Rogers Park
7707,30,NO CONTROLS,NO CONTROLS,CLEAR,DAYLIGHT,PEDALCYCLIST,DIVIDED - W/MEDIAN (NOT RAISED),STRAIGHT AND LEVEL,DRY,NO DEFECTS,,UNABLE TO DETERMINE,NOT APPLICABLE,Y,NONINCAPACITATING INJURY,17,8,41.9088559707,-87.6608516394,2022,30,POINT (-87.6608516394 41.9088559707),,,,,2022-08-19,False,23,West Town
7708,30,NO CONTROLS,NO CONTROLS,CLEAR,DAYLIGHT,PEDALCYCLIST,NOT DIVIDED,STRAIGHT AND LEVEL,DRY,SHOULDER DEFECT,Y,IMPROPER TURNING/NO SIGNAL,FAILING TO YIELD RIGHT-OF-WAY,,NONINCAPACITATING INJURY,17,8,41.9308995514,-87.6861730035,2022,30,POINT (-87.6861730035 41.9308995514),,,,,2022-08-19,False,21,Logan Square
7709,30,TRAFFIC SIGNAL,FUNCTIONING PROPERLY,CLEAR,"DARKNESS, LIGHTED ROAD",PEDALCYCLIST,DIVIDED - W/MEDIAN (NOT RAISED),STRAIGHT AND LEVEL,DRY,NO DEFECTS,Y,UNABLE TO DETERMINE,UNABLE TO DETERMINE,,NO INDICATION OF INJURY,20,8,41.9034567168,-87.6674472192,2022,30,POINT (-87.6674472192 41.9034567168),,,,,2022-08-19,False,23,West Town
7710,30,UNKNOWN,UNKNOWN,CLOUDY/OVERCAST,UNKNOWN,PEDALCYCLIST,NOT DIVIDED,STRAIGHT AND LEVEL,UNKNOWN,UNKNOWN,,UNABLE TO DETERMINE,NOT APPLICABLE,,NONINCAPACITATING INJURY,8,8,41.8648880153,-87.6174011267,2022,30,POINT (-87.6174011267 41.8648880153),,,,,2022-08-20,False,32,Near South Side
7711,30,YIELD,FUNCTIONING PROPERLY,CLOUDY/OVERCAST,DAYLIGHT,PEDALCYCLIST,NOT DIVIDED,STRAIGHT AND LEVEL,DRY,NO DEFECTS,,FAILING TO YIELD RIGHT-OF-WAY,NOT APPLICABLE,,NONINCAPACITATING INJURY,11,8,41.9502903792,-87.6497315231,2022,30,POINT (-87.6497315231 41.9502903792),,,,,2022-08-20,False,5,Lake View
7712,35,TRAFFIC SIGNAL,FUNCTIONING PROPERLY,RAIN,DAYLIGHT,PEDALCYCLIST,NOT DIVIDED,STRAIGHT AND LEVEL,WET,NO DEFECTS,,IMPROPER LANE USAGE,NOT APPLICABLE,Y,NO INDICATION OF INJURY,12,8,41.8698360705,-87.7645567476,2022,35,POINT (-87.7645567476 41.8698360705),,,,,2022-08-20,False,24,Austin
7713,30,NO CONTROLS,NO CONTROLS,CLEAR,DAYLIGHT,PEDALCYCLIST,NOT DIVIDED,STRAIGHT AND LEVEL,DRY,NO DEFECTS,Y,FAILING TO YIELD RIGHT-OF-WAY,UNABLE TO DETERMINE,,"REPORTED, NOT EVIDENT",17,8,41.9388524408,-87.736980572,2022,30,POINT (-87.736980572 41.9388524408),,,,,2022-08-20,False,19,Hermosa
7714,30,UNKNOWN,UNKNOWN,UNKNOWN,UNKNOWN,PEDALCYCLIST,NOT DIVIDED,STRAIGHT AND LEVEL,UNKNOWN,UNKNOWN,Y,UNABLE TO DETERMINE,UNABLE TO DETERMINE,,"REPORTED, NOT EVIDENT",2,8,41.911369887,-87.6792222136,2022,30,POINT (-87.6792222136 41.911369887),,,,,2022-08-21,False,6,Lincoln Park
7715,20,UNKNOWN,UNKNOWN,CLEAR,DAYLIGHT,PEDALCYCLIST,DIVIDED - W/MEDIAN (NOT RAISED),STRAIGHT AND LEVEL,DRY,UNKNOWN,,UNABLE TO DETERMINE,UNABLE TO DETERMINE,,NO INDICATION OF INJURY,10,8,41.7088230385,-87.6283004088,2022,20,POINT (-87.6283004088 41.7088230385),,,,,2022-08-21,False,48,Roseland
7716,30,STOP SIGN/FLASHER,FUNCTIONING PROPERLY,CLEAR,DAYLIGHT,PEDALCYCLIST,FOUR WAY,STRAIGHT AND LEVEL,DRY,NO DEFECTS,Y,UNABLE TO DETERMINE,UNABLE TO DETERMINE,,NONINCAPACITATING INJURY,13,8,41.7300110593,-87.5486427116,2022,30,POINT (-87.5486427116 41.7300110593),,,,,2022-08-21,False,45,South Chicago
7717,30,TRAFFIC SIGNAL,FUNCTIONING PROPERLY,CLEAR,DAYLIGHT,PEDALCYCLIST,FOUR WAY,STRAIGHT AND LEVEL,DRY,NO DEFECTS,,DRIVING SKILLS/KNOWLEDGE/EXPERIENCE,UNABLE TO DETERMINE,,NONINCAPACITATING INJURY,13,8,41.8580532553,-87.705555636,2022,30,POINT (-87.705555636 41.8580532553),,,,,2022-08-21,False,28,North Lawndale
7718,30,STOP SIGN/FLASHER,FUNCTIONING PROPERLY,CLEAR,DAYLIGHT,PEDALCYCLIST,FOUR WAY,STRAIGHT AND LEVEL,DRY,NO DEFECTS,Y,UNABLE TO DETERMINE,NOT APPLICABLE,,NO INDICATION OF INJURY,13,8,41.8811606025,-87.6988530483,2022,30,POINT (-87.6988530483 41.8811606025),,,,,2022-08-21,False,26,Garfield Park
7719,30,NO CONTROLS,NO CONTROLS,CLEAR,DAYLIGHT,PEDALCYCLIST,ONE-WAY,STRAIGHT AND LEVEL,DRY,NO DEFECTS,,UNABLE TO DETERMINE,NOT APPLICABLE,,NO INDICATION OF INJURY,16,8,41.9049100777,-87.6896854294,2022,30,POINT (-87.6896854294 41.9049100777),,,,,2022-08-21,False,23,West Town
7720,30,NO CONTROLS,NO CONTROLS,CLEAR,DUSK,PEDALCYCLIST,ONE-WAY,STRAIGHT AND LEVEL,UNKNOWN,UNKNOWN,,UNABLE TO DETERMINE,UNABLE TO DETERMINE,,NO INDICATION OF INJURY,18,8,41.9778005105,-87.6905874278,2022,30,POINT (-87.6905874278 41.9778005105),,,,,2022-08-21,False,3,Lincoln Square
7721,25,TRAFFIC SIGNAL,FUNCTIONING PROPERLY,CLEAR,DAYLIGHT,PEDALCYCLIST,NOT DIVIDED,STRAIGHT AND LEVEL,DRY,NO DEFECTS,,UNABLE TO DETERMINE,UNABLE TO DETERMINE,,NO INDICATION OF INJURY,6,8,41.9411052933,-87.6396605291,2022,25,POINT (-87.6396605291 41.9411052933),,,,,2022-08-22,False,5,Lake View
7722,30,NO CONTROLS,NO CONTROLS,CLEAR,DAYLIGHT,PEDALCYCLIST,FOUR WAY,STRAIGHT AND LEVEL,DRY,NO DEFECTS,N,FAILING TO YIELD RIGHT-OF-WAY,NOT APPLICABLE,,NONINCAPACITATING INJURY,7,8,41.9466078412,-87.7165375953,2022,30,POINT (-87.7165375953 41.9466078412),,,,,2022-08-22,False,15,Irving Park
7723,30,NO CONTROLS,NO CONTROLS,CLEAR,DAYLIGHT,PEDALCYCLIST,NOT DIVIDED,STRAIGHT AND LEVEL,DRY,NO DEFECTS,,UNABLE TO DETERMINE,NOT APPLICABLE,,NO INDICATION OF INJURY,9,8,41.9139252472,-87.702127645,2022,30,POINT (-87.702127645 41.9139252472),,,,,2022-08-22,False,21,Logan Square
7724,30,TRAFFIC SIGNAL,FUNCTIONING PROPERLY,CLEAR,DAYLIGHT,PEDALCYCLIST,NOT DIVIDED,STRAIGHT AND LEVEL,DRY,NO DEFECTS,,UNABLE TO DETERMINE,NOT APPLICABLE,,NO INDICATION OF INJURY,10,8,41.7897908215,-87.7035987697,2022,30,POINT (-87.7035987697 41.7897908215),,,,,2022-08-22,False,62,Gage Park
7725,25,UNKNOWN,UNKNOWN,CLEAR,DAYLIGHT,PEDALCYCLIST,T-INTERSECTION,STRAIGHT AND LEVEL,DRY,NO DEFECTS,,FAILING TO YIELD RIGHT-OF-WAY,FOLLOWING TOO CLOSELY,Y,INCAPACITATING INJURY,10,8,41.880643788,-87.7421719266,2022,25,POINT (-87.7421719266 41.880643788),,,,,2022-08-22,True,24,Austin
7726,25,NO CONTROLS,NO CONTROLS,CLEAR,DAYLIGHT,PEDALCYCLIST,ONE-WAY,STRAIGHT AND LEVEL,DRY,NO DEFECTS,,DISTRACTION - FROM OUTSIDE VEHICLE,NOT APPLICABLE,,NO INDICATION OF INJURY,13,8,41.7099119481,-87.6824129117,2022,25,POINT (-87.6824129117 41.7099119481),,,,,2022-08-22,False,71,Beverly
7727,35,TRAFFIC SIGNAL,FUNCTIONING PROPERLY,CLEAR,DAYLIGHT,PEDALCYCLIST,FOUR WAY,STRAIGHT AND LEVEL,DRY,NO DEFECTS,Y,UNABLE TO DETERMINE,UNABLE TO DETERMINE,,NONINCAPACITATING INJURY,15,8,41.7647997332,-87.663734792,2022,35,POINT (-87.663734792 41.7647997332),,,,,2022-08-22,False,66,Englewood
7728,25,TRAFFIC SIGNAL,FUNCTIONING PROPERLY,CLEAR,DAYLIGHT,PEDALCYCLIST,NOT DIVIDED,STRAIGHT AND LEVEL,DRY,NO DEFECTS,Y,FAILING TO YIELD RIGHT-OF-WAY,UNABLE TO DETERMINE,,NONINCAPACITATING INJURY,15,8,41.9302954586,-87.6858187416,2022,25,POINT (-87.6858187416 41.9302954586),,,,,2022-08-22,False,21,Logan Square
7729,30,TRAFFIC SIGNAL,FUNCTIONING PROPERLY,CLEAR,DAYLIGHT,PEDALCYCLIST,NOT DIVIDED,STRAIGHT AND LEVEL,DRY,NO DEFECTS,Y,FAILING TO YIELD RIGHT-OF-WAY,UNABLE TO DETERMINE,,NO INDICATION OF INJURY,17,8,41.9105884215,-87.6776438203,2022,30,POINT (-87.6776438203 41.9105884215),,,,,2022-08-22,False,23,West Town
7730,30,TRAFFIC SIGNAL,FUNCTIONING PROPERLY,CLEAR,DAYLIGHT,PEDALCYCLIST,NOT DIVIDED,STRAIGHT AND LEVEL,DRY,NO DEFECTS,Y,UNABLE TO DETERMINE,UNABLE TO DETERMINE,,NONINCAPACITATING INJURY,18,8,41.9073769303,-87.7364191213,2022,30,POINT (-87.7364191213 41.9073769303),,,,,2022-08-22,False,22,Humboldt Park
7731,30,TRAFFIC SIGNAL,FUNCTIONING PROPERLY,CLEAR,"DARKNESS, LIGHTED ROAD",PEDALCYCLIST,NOT DIVIDED,STRAIGHT AND LEVEL,DRY,NO DEFECTS,,DISREGARDING TRAFFIC SIGNALS,FAILING TO REDUCE SPEED TO AVOID CRASH,,NONINCAPACITATING INJURY,20,8,41.8310518402,-87.6107390638,2022,30,POINT (-87.6107390638 41.8310518402),,,,,2022-08-22,False,34,Douglas
7732,30,UNKNOWN,UNKNOWN,CLEAR,"DARKNESS, LIGHTED ROAD",PEDALCYCLIST,ALLEY,STRAIGHT AND LEVEL,DRY,UNKNOWN,,UNABLE TO DETERMINE,NOT APPLICABLE,,NONINCAPACITATING INJURY,20,8,41.9303916594,-87.7558026402,2022,30,POINT (-87.7558026402 41.9303916594),,,,,2022-08-22,False,18,Belmont Cragin
7733,30,NO CONTROLS,NO CONTROLS,CLEAR,"DARKNESS, LIGHTED ROAD",PEDALCYCLIST,T-INTERSECTION,STRAIGHT AND LEVEL,DRY,NO DEFECTS,,FAILING TO YIELD RIGHT-OF-WAY,UNABLE TO DETERMINE,,NONINCAPACITATING INJURY,22,8,41.8697800477,-87.7195583323,2022,30,POINT (-87.7195583323 41.8697800477),,,,,2022-08-22,False,26,Garfield Park
7734,30,NO CONTROLS,NO CONTROLS,CLEAR,DAYLIGHT,PEDALCYCLIST,NOT DIVIDED,STRAIGHT AND LEVEL,DRY,NO DEFECTS,,UNABLE TO DETERMINE,NOT APPLICABLE,,"REPORTED, NOT EVIDENT",10,8,41.8856389185,-87.6473262383,2022,30,POINT (-87.6473262383 41.8856389185),,,,,2022-08-23,False,27,Near West Side
7735,30,UNKNOWN,UNKNOWN,CLEAR,DAYLIGHT,PEDALCYCLIST,NOT DIVIDED,STRAIGHT AND LEVEL,DRY,UNKNOWN,,"OPERATING VEHICLE IN ERRATIC, RECKLESS, CARELESS, NEGLIGENT OR AGGRESSIVE MANNER","OPERATING VEHICLE IN ERRATIC, RECKLESS, CARELESS, NEGLIGENT OR AGGRESSIVE MANNER",,NO INDICATION OF INJURY,14,8,41.9671831094,-87.6538820472,2022,30,POINT (-87.6538820472 41.9671831094),,,,,2022-08-23,False,2,Uptown
7736,30,NO CONTROLS,NO CONTROLS,CLEAR,DAYLIGHT,PEDALCYCLIST,ALLEY,STRAIGHT AND LEVEL,DRY,NO DEFECTS,,FAILING TO YIELD RIGHT-OF-WAY,DRIVING SKILLS/KNOWLEDGE/EXPERIENCE,,NONINCAPACITATING INJURY,15,8,41.8823398593,-87.676787988,2022,30,POINT (-87.676787988 41.8823398593),,,,,2022-08-23,False,27,Near West Side
7737,30,NO CONTROLS,UNKNOWN,CLEAR,DAYLIGHT,PEDALCYCLIST,ONE-WAY,STRAIGHT AND LEVEL,DRY,NO DEFECTS,,FOLLOWING TOO CLOSELY,DISREGARDING STOP SIGN,,NO INDICATION OF INJURY,16,8,41.9623296611,-87.7649930257,2022,30,POINT (-87.7649930257 41.9623296611),,,,,2022-08-23,False,14,Portage Park
7738,25,STOP SIGN/FLASHER,FUNCTIONING PROPERLY,UNKNOWN,DAYLIGHT,PEDALCYCLIST,ONE-WAY,STRAIGHT AND LEVEL,UNKNOWN,UNKNOWN,Y,UNABLE TO DETERMINE,NOT APPLICABLE,,NO INDICATION OF INJURY,17,8,41.9062275669,-87.7229050715,2022,25,POINT (-87.7229050715 41.9062275669),,,,,2022-08-23,False,22,Humboldt Park
7739,30,NO CONTROLS,NO CONTROLS,CLEAR,DAYLIGHT,PEDALCYCLIST,CENTER TURN LANE,STRAIGHT AND LEVEL,DRY,NO DEFECTS,,FAILING TO YIELD RIGHT-OF-WAY,FAILING TO YIELD RIGHT-OF-WAY,,"REPORTED, NOT EVIDENT",17,8,41.8674395652,-87.6393411787,2022,30,POINT (-87.6393411787 41.8674395652),,,,,2022-08-23,False,27,Near West Side
7740,30,UNKNOWN,UNKNOWN,CLEAR,DAYLIGHT,PEDALCYCLIST,ONE-WAY,STRAIGHT AND LEVEL,DRY,UNKNOWN,,UNABLE TO DETERMINE,NOT APPLICABLE,,NONINCAPACITATING INJURY,17,8,41.7381342011,-87.6203173044,2022,30,POINT (-87.6203173044 41.7381342011),,,,,2022-08-23,False,43,Chatham
7741,30,STOP SIGN/FLASHER,FUNCTIONING PROPERLY,CLEAR,DAYLIGHT,PEDALCYCLIST,T-INTERSECTION,STRAIGHT AND LEVEL,DRY,NO DEFECTS,Y,DRIVING ON WRONG SIDE/WRONG WAY,DRIVING ON WRONG SIDE/WRONG WAY,N,"REPORTED, NOT EVIDENT",17,8,41.9038621757,-87.6921215136,2022,30,POINT (-87.6921215136 41.9038621757),,,,,2022-08-23,False,22,Humboldt Park
7742,30,NO CONTROLS,NO CONTROLS,CLEAR,DAYLIGHT,PEDALCYCLIST,DIVIDED - W/MEDIAN (NOT RAISED),STRAIGHT AND LEVEL,DRY,NO DEFECTS,,IMPROPER LANE USAGE,UNABLE TO DETERMINE,N,NONINCAPACITATING INJURY,7,8,41.9661893654,-87.7085515093,2022,30,POINT (-87.7085515093 41.9661893654),,,,,2022-08-24,False,13,Albany Park
7743,30,NO CONTROLS,NO CONTROLS,CLEAR,DAYLIGHT,PEDALCYCLIST,NOT DIVIDED,STRAIGHT AND LEVEL,DRY,NO DEFECTS,,IMPROPER OVERTAKING/PASSING,FOLLOWING TOO CLOSELY,,NONINCAPACITATING INJURY,8,8,41.8540155529,-87.6819069466,2022,30,POINT (-87.6819069466 41.8540155529),,,,,2022-08-24,False,30,Lower West Side