Unnamed: 0,POSTED_SPEED_LIMIT,TRAFFIC_CONTROL_DEVICE,DEVICE_CONDITION,WEATHER_CONDITION,LIGHTING_CONDITION,FIRST_CRASH_TYPE,TRAFFICWAY_TYPE,ALIGNMENT,ROADWAY_SURFACE_COND,ROAD_DEFECT,INTERSECTION_RELATED_I,PRIM_CONTRIBUTORY_CAUSE,SEC_CONTRIBUTORY_CAUSE,DOORING_I,MOST_SEVERE_INJURY,CRASH_HOUR,CRASH_MONTH,LATITUDE,LONGITUDE,CRASH_YEAR,SPEED_LIMIT,geometry,DISPLAYROU,the_geom,DIST,LANE_TYPE,CRASH_DATE,is_severe,index_right,CArea
7744,15,NO CONTROLS,NO CONTROLS,CLEAR,DAYLIGHT,PEDALCYCLIST,NOT DIVIDED,STRAIGHT AND LEVEL,DRY,UNKNOWN,,FOLLOWING TOO CLOSELY,NOT APPLICABLE,,NONINCAPACITATING INJURY,12,8,41.9938690371,-87.6994524578,2022,15,POINT (-87.6994524578 41.9938690371),,,,,2022-08-24,False,1,West Ridge
7745,30,NO CONTROLS,NO CONTROLS,CLEAR,DAYLIGHT,PEDALCYCLIST,NOT DIVIDED,STRAIGHT AND LEVEL,DRY,NO DEFECTS,,UNABLE TO DETERMINE,NOT APPLICABLE,,NO INDICATION OF INJURY,17,8,41.8816034543,-87.7532790244,2022,30,POINT (-87.7532790244 41.8816034543),,,,,2022-08-24,False,24,Austin
7746,30,TRAFFIC SIGNAL,FUNCTIONING PROPERLY,CLEAR,DAWN,PEDALCYCLIST,NOT DIVIDED,STRAIGHT AND LEVEL,DRY,NO DEFECTS,Y,FAILING TO YIELD RIGHT-OF-WAY,UNABLE TO DETERMINE,,NONINCAPACITATING INJURY,19,8,41.947257247,-87.6592325765,2022,30,POINT (-87.6592325765 41.947257247),,,,,2022-08-24,False,5,Lake View
7747,30,NO CONTROLS,NO CONTROLS,CLEAR,"DARKNESS, LIGHTED ROAD",PEDALCYCLIST,NOT DIVIDED,STRAIGHT AND LEVEL,DRY,NO DEFECTS,,FAILING TO YIELD RIGHT-OF-WAY,NOT APPLICABLE,,INCAPACITATING INJURY,22,8,41.9451362802,-87.6457591691,2022,30,POINT (-87.6457591691 41.9451362802),,,,,2022-08-24,True,5,Lake View
7748,30,NO CONTROLS,NO CONTROLS,CLEAR,DAYLIGHT,PEDALCYCLIST,ONE-WAY,STRAIGHT AND LEVEL,DRY,NO DEFECTS,,NOT APPLICABLE,NOT APPLICABLE,Y,"REPORTED, NOT EVIDENT",9,8,41.9163630877,-87.6823428415,2022,30,POINT (-87.6823428415 41.9163630877),,,,,2022-08-25,False,6,Lincoln Park
7749,30,NO CONTROLS,NO CONTROLS,RAIN,DAYLIGHT,PEDALCYCLIST,NOT DIVIDED,STRAIGHT AND LEVEL,WET,NO DEFECTS,,FAILING TO YIELD RIGHT-OF-WAY,FAILING TO YIELD RIGHT-OF-WAY,,NONINCAPACITATING INJURY,10,8,41.8517780146,-87.6463216802,2022,30,POINT (-87.6463216802 41.8517780146),,,,,2022-08-25,False,30,Lower West Side
7750,30,TRAFFIC SIGNAL,FUNCTIONING PROPERLY,CLEAR,DAYLIGHT,PEDALCYCLIST,FOUR WAY,STRAIGHT AND LEVEL,DRY,NO DEFECTS,,DISTRACTION - FROM INSIDE VEHICLE,FAILING TO YIELD RIGHT-OF-WAY,,NONINCAPACITATING INJURY,15,8,41.8086113503,-87.6562138229,2022,30,POINT (-87.6562138229 41.8086113503),,,,,2022-08-25,False,60,New City
7751,30,NO CONTROLS,NO CONTROLS,CLEAR,DUSK,PEDALCYCLIST,DIVIDED - W/MEDIAN (NOT RAISED),STRAIGHT AND LEVEL,DRY,NO DEFECTS,,IMPROPER TURNING/NO SIGNAL,NOT APPLICABLE,,NONINCAPACITATING INJURY,19,8,41.9314811443,-87.7586759907,2022,30,POINT (-87.7586759907 41.9314811443),,,,,2022-08-25,False,18,Belmont Cragin
7752,30,NO CONTROLS,NO CONTROLS,CLEAR,DUSK,PEDALCYCLIST,NOT DIVIDED,STRAIGHT AND LEVEL,DRY,NO DEFECTS,Y,FAILING TO REDUCE SPEED TO AVOID CRASH,FOLLOWING TOO CLOSELY,,NO INDICATION OF INJURY,19,8,41.9687456834,-87.6877327583,2022,30,POINT (-87.6877327583 41.9687456834),,,,,2022-08-25,False,3,Lincoln Square
7753,30,TRAFFIC SIGNAL,FUNCTIONING PROPERLY,CLOUDY/OVERCAST,DAYLIGHT,PEDALCYCLIST,DIVIDED - W/MEDIAN (NOT RAISED),STRAIGHT AND LEVEL,DRY,NO DEFECTS,Y,FAILING TO YIELD RIGHT-OF-WAY,NOT APPLICABLE,,NONINCAPACITATING INJURY,8,8,41.9420035734,-87.7764997406,2022,30,POINT (-87.7764997406 41.9420035734),,,,,2022-08-26,False,14,Portage Park
7754,30,NO CONTROLS,NO CONTROLS,CLEAR,DAYLIGHT,PEDALCYCLIST,NOT DIVIDED,STRAIGHT ON GRADE,DRY,NO DEFECTS,Y,FAILING TO YIELD RIGHT-OF-WAY,NOT APPLICABLE,,NONINCAPACITATING INJURY,8,8,42.0066021779,-87.6735545785,2022,30,POINT (-87.6735545785 42.0066021779),,,,,2022-08-26,False,0,Rogers Park
7755,30,NO CONTROLS,NO CONTROLS,CLEAR,DAYLIGHT,PEDALCYCLIST,NOT DIVIDED,STRAIGHT AND LEVEL,DRY,NO DEFECTS,,IMPROPER LANE USAGE,NOT APPLICABLE,,"REPORTED, NOT EVIDENT",9,8,41.9037471381,-87.6480807796,2022,30,POINT (-87.6480807796 41.9037471381),,,,,2022-08-26,False,7,Near North Side
7756,30,TRAFFIC SIGNAL,FUNCTIONING PROPERLY,CLOUDY/OVERCAST,DAYLIGHT,PEDALCYCLIST,T-INTERSECTION,STRAIGHT AND LEVEL,DRY,NO DEFECTS,Y,FAILING TO REDUCE SPEED TO AVOID CRASH,NOT APPLICABLE,,INCAPACITATING INJURY,12,8,41.8950441424,-87.755665329,2022,30,POINT (-87.755665329 41.8950441424),,,,,2022-08-26,True,24,Austin
7757,20,STOP SIGN/FLASHER,FUNCTIONING PROPERLY,CLEAR,DAYLIGHT,PEDALCYCLIST,PARKING LOT,STRAIGHT AND LEVEL,DRY,NO DEFECTS,,DRIVING SKILLS/KNOWLEDGE/EXPERIENCE,UNABLE TO DETERMINE,,NONINCAPACITATING INJURY,14,8,41.7796270872,-87.6457363474,2022,20,POINT (-87.6457363474 41.7796270872),,,,,2022-08-26,False,67,Englewood
7758,30,NO CONTROLS,NO CONTROLS,CLEAR,DAYLIGHT,PEDALCYCLIST,NOT DIVIDED,STRAIGHT AND LEVEL,DRY,NO DEFECTS,,NOT APPLICABLE,NOT APPLICABLE,,NONINCAPACITATING INJURY,14,8,41.9765755063,-87.6682636441,2022,30,POINT (-87.6682636441 41.9765755063),,,,,2022-08-26,False,2,Uptown
7759,30,STOP SIGN/FLASHER,NO CONTROLS,CLEAR,DAYLIGHT,PEDALCYCLIST,NOT DIVIDED,STRAIGHT AND LEVEL,DRY,NO DEFECTS,,UNABLE TO DETERMINE,UNABLE TO DETERMINE,,NONINCAPACITATING INJURY,17,8,41.6923471258,-87.6522323351,2022,30,POINT (-87.6522323351 41.6923471258),,,,,2022-08-26,False,74,Morgan Park
7760,30,TRAFFIC SIGNAL,FUNCTIONING PROPERLY,CLEAR,DAYLIGHT,PEDALCYCLIST,DIVIDED - W/MEDIAN (NOT RAISED),STRAIGHT AND LEVEL,DRY,NO DEFECTS,,UNABLE TO DETERMINE,NOT APPLICABLE,,NONINCAPACITATING INJURY,17,8,41.8419692269,-87.6575598077,2022,30,POINT (-87.6575598077 41.8419692269),,,,,2022-08-26,False,30,Lower West Side
7761,30,NO CONTROLS,NO CONTROLS,CLEAR,DAYLIGHT,PEDALCYCLIST,ONE-WAY,STRAIGHT AND LEVEL,DRY,NO DEFECTS,Y,UNABLE TO DETERMINE,NOT APPLICABLE,,NONINCAPACITATING INJURY,18,8,41.9482874047,-87.7857088227,2022,30,POINT (-87.7857088227 41.9482874047),,,,,2022-08-26,False,14,Portage Park
7762,30,NO CONTROLS,NO CONTROLS,CLEAR,"DARKNESS, LIGHTED ROAD",PEDALCYCLIST,NOT DIVIDED,STRAIGHT AND LEVEL,DRY,NO DEFECTS,,UNABLE TO DETERMINE,UNABLE TO DETERMINE,,NONINCAPACITATING INJURY,2,8,41.9686635862,-87.6960269899,2022,30,POINT (-87.6960269899 41.9686635862),,,,,2022-08-27,False,3,Lincoln Square
7763,30,STOP SIGN/FLASHER,FUNCTIONING PROPERLY,CLEAR,DAYLIGHT,PEDALCYCLIST,ONE-WAY,STRAIGHT AND LEVEL,UNKNOWN,UNKNOWN,Y,FAILING TO YIELD RIGHT-OF-WAY,NOT APPLICABLE,,NO INDICATION OF INJURY,10,8,41.7420134731,-87.6099673245,2022,30,POINT (-87.6099673245 41.7420134731),,,,,2022-08-27,False,43,Chatham
7764,30,TRAFFIC SIGNAL,FUNCTIONING PROPERLY,CLEAR,DAYLIGHT,PEDALCYCLIST,FOUR WAY,STRAIGHT AND LEVEL,DRY,NO DEFECTS,Y,UNABLE TO DETERMINE,NOT APPLICABLE,,NONINCAPACITATING INJURY,11,8,41.919774901,-87.7707265258,2022,30,POINT (-87.7707265258 41.919774901),,,,,2022-08-27,False,18,Belmont Cragin
7765,30,NO CONTROLS,NO CONTROLS,CLEAR,DAYLIGHT,PEDALCYCLIST,ALLEY,STRAIGHT AND LEVEL,DRY,NO DEFECTS,,UNABLE TO DETERMINE,NOT APPLICABLE,N,NO INDICATION OF INJURY,14,8,41.8463289975,-87.7143591833,2022,30,POINT (-87.7143591833 41.8463289975),,,,,2022-08-27,False,28,North Lawndale
7766,30,NO CONTROLS,NO CONTROLS,CLEAR,DAYLIGHT,PEDALCYCLIST,NOT DIVIDED,STRAIGHT AND LEVEL,DRY,NO DEFECTS,,UNABLE TO DETERMINE,NOT APPLICABLE,,NONINCAPACITATING INJURY,14,8,41.8736545097,-87.6993621333,2022,30,POINT (-87.6993621333 41.8736545097),,,,,2022-08-27,False,26,Garfield Park
7767,30,UNKNOWN,UNKNOWN,UNKNOWN,UNKNOWN,PEDALCYCLIST,NOT DIVIDED,STRAIGHT AND LEVEL,UNKNOWN,UNKNOWN,,UNABLE TO DETERMINE,UNABLE TO DETERMINE,,NO INDICATION OF INJURY,15,8,41.9264359141,-87.6486484213,2022,30,POINT (-87.6486484213 41.9264359141),,,,,2022-08-27,False,6,Lincoln Park
7768,30,STOP SIGN/FLASHER,FUNCTIONING PROPERLY,CLEAR,DAYLIGHT,PEDALCYCLIST,DIVIDED - W/MEDIAN (NOT RAISED),STRAIGHT AND LEVEL,DRY,NO DEFECTS,Y,DISREGARDING STOP SIGN,NOT APPLICABLE,N,FATAL,15,8,41.8455670276,-87.6368550875,2022,30,POINT (-87.6368550875 41.8455670276),,,,,2022-08-27,True,30,Lower West Side
7769,35,STOP SIGN/FLASHER,FUNCTIONING PROPERLY,CLEAR,DAYLIGHT,PEDALCYCLIST,NOT DIVIDED,STRAIGHT AND LEVEL,DRY,NO DEFECTS,,UNABLE TO DETERMINE,UNABLE TO DETERMINE,,INCAPACITATING INJURY,17,8,41.7223743623,-87.5852762741,2022,35,POINT (-87.5852762741 41.7223743623),,,,,2022-08-27,True,50,South Deering
7770,30,NO CONTROLS,NO CONTROLS,CLEAR,"DARKNESS, LIGHTED ROAD",PEDALCYCLIST,DIVIDED - W/MEDIAN (NOT RAISED),STRAIGHT AND LEVEL,DRY,NO DEFECTS,,UNABLE TO DETERMINE,UNABLE TO DETERMINE,,NONINCAPACITATING INJURY,21,8,41.9361977106,-87.6521338137,2022,30,POINT (-87.6521338137 41.9361977106),,,,,2022-08-27,False,5,Lake View
7771,30,NO CONTROLS,NO CONTROLS,CLEAR,"DARKNESS, LIGHTED ROAD",PEDALCYCLIST,NOT DIVIDED,STRAIGHT AND LEVEL,DRY,NO DEFECTS,,FAILING TO YIELD RIGHT-OF-WAY,NOT APPLICABLE,,NONINCAPACITATING INJURY,2,8,41.9180221852,-87.6483552087,2022,30,POINT (-87.6483552087 41.9180221852),,,,,2022-08-28,False,6,Lincoln Park
7772,30,TRAFFIC SIGNAL,FUNCTIONING PROPERLY,CLEAR,DAYLIGHT,PEDALCYCLIST,NOT DIVIDED,STRAIGHT AND LEVEL,DRY,NO DEFECTS,Y,FOLLOWING TOO CLOSELY,FAILING TO REDUCE SPEED TO AVOID CRASH,,NO INDICATION OF INJURY,7,8,41.9257199272,-87.639189329,2022,30,POINT (-87.639189329 41.9257199272),,,,,2022-08-28,False,6,Lincoln Park
7773,30,NO CONTROLS,NO CONTROLS,CLEAR,DUSK,PEDALCYCLIST,NOT DIVIDED,STRAIGHT AND LEVEL,DRY,NO DEFECTS,,UNABLE TO DETERMINE,PHYSICAL CONDITION OF DRIVER,,NONINCAPACITATING INJURY,10,8,41.9051596002,-87.7487573628,2022,30,POINT (-87.7487573628 41.9051596002),,,,,2022-08-28,False,24,Austin
7774,30,TRAFFIC SIGNAL,NO CONTROLS,CLEAR,"DARKNESS, LIGHTED ROAD",PEDALCYCLIST,NOT DIVIDED,STRAIGHT AND LEVEL,DRY,NO DEFECTS,,TURNING RIGHT ON RED,NOT APPLICABLE,,INCAPACITATING INJURY,19,8,41.9385891862,-87.7568100452,2022,30,POINT (-87.7568100452 41.9385891862),,,,,2022-08-28,True,14,Portage Park
7775,35,TRAFFIC SIGNAL,FUNCTIONING PROPERLY,CLEAR,"DARKNESS, LIGHTED ROAD",PEDALCYCLIST,DIVIDED - W/MEDIAN (NOT RAISED),STRAIGHT AND LEVEL,DRY,NO DEFECTS,,UNABLE TO DETERMINE,NOT APPLICABLE,Y,NO INDICATION OF INJURY,21,8,41.8869285133,-87.6308577371,2022,35,POINT (-87.6308577371 41.8869285133),,,,,2022-08-28,False,7,Near North Side
7776,30,NO CONTROLS,NO CONTROLS,UNKNOWN,UNKNOWN,PEDALCYCLIST,NOT DIVIDED,STRAIGHT AND LEVEL,UNKNOWN,UNKNOWN,,IMPROPER TURNING/NO SIGNAL,NOT APPLICABLE,,"REPORTED, NOT EVIDENT",7,8,41.9496645511,-87.6881921408,2022,30,POINT (-87.6881921408 41.9496645511),,,,,2022-08-29,False,4,North Center
7777,30,TRAFFIC SIGNAL,FUNCTIONING PROPERLY,CLEAR,DAYLIGHT,PEDALCYCLIST,NOT DIVIDED,STRAIGHT AND LEVEL,DRY,UNKNOWN,Y,UNABLE TO DETERMINE,UNABLE TO DETERMINE,,NO INDICATION OF INJURY,8,8,41.9492850479,-87.7126432009,2022,30,POINT (-87.7126432009 41.9492850479),,,,,2022-08-29,False,15,Irving Park
7778,30,NO CONTROLS,NO CONTROLS,CLEAR,DAYLIGHT,PEDALCYCLIST,DIVIDED - W/MEDIAN (NOT RAISED),STRAIGHT AND LEVEL,DRY,NO DEFECTS,,UNABLE TO DETERMINE,UNABLE TO DETERMINE,,"REPORTED, NOT EVIDENT",8,8,41.9312177649,-87.7111646729,2022,30,POINT (-87.7111646729 41.9312177649),,,,,2022-08-29,False,21,Logan Square
7779,15,NO CONTROLS,NO CONTROLS,RAIN,DAYLIGHT,PEDALCYCLIST,ONE-WAY,STRAIGHT AND LEVEL,WET,NO DEFECTS,,FAILING TO YIELD RIGHT-OF-WAY,NOT APPLICABLE,,NONINCAPACITATING INJURY,13,8,41.7534847932,-87.5625685992,2022,15,POINT (-87.5625685992 41.7534847932),,,,,2022-08-29,False,42,South Shore
7780,30,NO CONTROLS,NO CONTROLS,CLEAR,DAYLIGHT,PEDALCYCLIST,ALLEY,STRAIGHT AND LEVEL,DRY,NO DEFECTS,,FAILING TO YIELD RIGHT-OF-WAY,UNABLE TO DETERMINE,N,NONINCAPACITATING INJURY,16,8,41.7786368251,-87.5944618786,2022,30,POINT (-87.5944618786 41.7786368251),,,,,2022-08-29,False,41,Woodlawn
7781,30,TRAFFIC SIGNAL,FUNCTIONING PROPERLY,CLEAR,"DARKNESS, LIGHTED ROAD",PEDALCYCLIST,NOT DIVIDED,STRAIGHT AND LEVEL,DRY,UNKNOWN,N,"OPERATING VEHICLE IN ERRATIC, RECKLESS, CARELESS, NEGLIGENT OR AGGRESSIVE MANNER",NOT APPLICABLE,,NO INDICATION OF INJURY,19,8,41.8803733912,-87.6569542085,2022,30,POINT (-87.6569542085 41.8803733912),,,,,2022-08-29,False,27,Near West Side
7782,30,NO CONTROLS,NO CONTROLS,CLEAR,DUSK,PEDALCYCLIST,NOT DIVIDED,STRAIGHT AND LEVEL,DRY,NO DEFECTS,,PHYSICAL CONDITION OF DRIVER,NOT APPLICABLE,,NO INDICATION OF INJURY,20,8,41.9248572367,-87.6477251262,2022,30,POINT (-87.6477251262 41.9248572367),,,,,2022-08-29,False,6,Lincoln Park
7783,20,NO CONTROLS,NO CONTROLS,CLEAR,DAYLIGHT,PEDALCYCLIST,PARKING LOT,STRAIGHT AND LEVEL,DRY,NO DEFECTS,,UNABLE TO DETERMINE,NOT APPLICABLE,,NONINCAPACITATING INJURY,12,8,41.7988829047,-87.7422328735,2022,20,POINT (-87.7422328735 41.7988829047),,,,,2022-08-30,False,55,Garfield Ridge
7784,30,STOP SIGN/FLASHER,NO CONTROLS,CLEAR,DAYLIGHT,PEDALCYCLIST,DIVIDED - W/MEDIAN (NOT RAISED),STRAIGHT AND LEVEL,DRY,NO DEFECTS,Y,FAILING TO YIELD RIGHT-OF-WAY,NOT APPLICABLE,,NONINCAPACITATING INJURY,14,8,41.9377883289,-87.8300709072,2022,30,POINT (-87.8300709072 41.9377883289),,,,,2022-08-30,False,16,Dunning
7785,25,NO CONTROLS,NO CONTROLS,CLEAR,DAYLIGHT,PEDALCYCLIST,ONE-WAY,STRAIGHT AND LEVEL,DRY,NO DEFECTS,Y,FAILING TO YIELD RIGHT-OF-WAY,FAILING TO YIELD RIGHT-OF-WAY,,NONINCAPACITATING INJURY,14,8,41.960016508,-87.7371464142,2022,25,POINT (-87.7371464142 41.960016508),,,,,2022-08-30,False,15,Irving Park
7786,30,STOP SIGN/FLASHER,FUNCTIONING PROPERLY,CLEAR,DAYLIGHT,PEDALCYCLIST,FOUR WAY,STRAIGHT AND LEVEL,DRY,NO DEFECTS,Y,FAILING TO YIELD RIGHT-OF-WAY,FAILING TO YIELD RIGHT-OF-WAY,,INCAPACITATING INJURY,16,8,41.7226409885,-87.5539916123,2022,30,POINT (-87.5539916123 41.7226409885),,,,,2022-08-30,True,47,Calumet Heights
7787,30,NO CONTROLS,NO CONTROLS,CLEAR,DAYLIGHT,PEDALCYCLIST,DIVIDED - W/MEDIAN BARRIER,"CURVE, LEVEL",DRY,NO DEFECTS,,UNABLE TO DETERMINE,UNABLE TO DETERMINE,,NO INDICATION OF INJURY,16,8,41.867321764,-87.6258702008,2022,30,POINT (-87.6258702008 41.867321764),,,,,2022-08-30,False,31,Loop
7788,35,TRAFFIC SIGNAL,FUNCTIONING PROPERLY,CLEAR,DAYLIGHT,PEDALCYCLIST,DIVIDED - W/MEDIAN (NOT RAISED),STRAIGHT AND LEVEL,DRY,NO DEFECTS,,FAILING TO YIELD RIGHT-OF-WAY,NOT APPLICABLE,Y,NONINCAPACITATING INJURY,18,8,41.9244454874,-87.6996327188,2022,35,POINT (-87.6996327188 41.9244454874),,,,,2022-08-30,False,21,Logan Square
7789,30,NO CONTROLS,NO CONTROLS,CLEAR,DAYLIGHT,PEDALCYCLIST,NOT DIVIDED,STRAIGHT AND LEVEL,OTHER,OTHER,,FAILING TO YIELD RIGHT-OF-WAY,FAILING TO YIELD RIGHT-OF-WAY,,"REPORTED, NOT EVIDENT",18,8,41.9082700417,-87.6743986797,2022,30,POINT (-87.6743986797 41.9082700417),,,,,2022-08-30,False,23,West Town
7790,30,TRAFFIC SIGNAL,FUNCTIONING PROPERLY,CLEAR,DAYLIGHT,PEDALCYCLIST,FOUR WAY,STRAIGHT AND LEVEL,UNKNOWN,UNKNOWN,,UNABLE TO DETERMINE,NOT APPLICABLE,,"REPORTED, NOT EVIDENT",19,8,41.9389986954,-87.7260129147,2022,30,POINT (-87.7260129147 41.9389986954),,,,,2022-08-30,False,15,Irving Park
7791,35,NO CONTROLS,NO CONTROLS,CLEAR,DARKNESS,PEDALCYCLIST,NOT DIVIDED,STRAIGHT AND LEVEL,DRY,NO DEFECTS,,UNABLE TO DETERMINE,NOT APPLICABLE,,INCAPACITATING INJURY,22,8,41.9828302509,-87.7682823673,2022,35,POINT (-87.7682823673 41.9828302509),,,,,2022-08-30,True,10,Jefferson Park
7792,30,TRAFFIC SIGNAL,FUNCTIONING PROPERLY,CLEAR,DAYLIGHT,PEDALCYCLIST,FOUR WAY,STRAIGHT AND LEVEL,DRY,NO DEFECTS,,UNABLE TO DETERMINE,UNABLE TO DETERMINE,,NONINCAPACITATING INJURY,6,8,41.9314219127,-87.7467154572,2022,30,POINT (-87.7467154572 41.9314219127),,,,,2022-08-31,False,18,Belmont Cragin
7793,30,TRAFFIC SIGNAL,FUNCTIONING PROPERLY,CLEAR,DAYLIGHT,PEDALCYCLIST,T-INTERSECTION,STRAIGHT AND LEVEL,DRY,NO DEFECTS,Y,UNABLE TO DETERMINE,NOT APPLICABLE,,NO INDICATION OF INJURY,8,8,41.9929077101,-87.7117057825,2022,30,POINT (-87.7117057825 41.9929077101),,,,,2022-08-31,False,12,North Park
7794,30,TRAFFIC SIGNAL,UNKNOWN,CLEAR,DAYLIGHT,PEDALCYCLIST,DIVIDED - W/MEDIAN (NOT RAISED),STRAIGHT AND LEVEL,DRY,UNKNOWN,,NOT APPLICABLE,NOT APPLICABLE,,"REPORTED, NOT EVIDENT",8,8,41.8628948185,-87.7021599684,2022,30,POINT (-87.7021599684 41.8628948185),,,,,2022-08-31,False,28,North Lawndale
7795,30,STOP SIGN/FLASHER,FUNCTIONING PROPERLY,CLEAR,DAYLIGHT,PEDALCYCLIST,FOUR WAY,STRAIGHT AND LEVEL,DRY,NO DEFECTS,Y,FAILING TO YIELD RIGHT-OF-WAY,UNABLE TO DETERMINE,,NONINCAPACITATING INJURY,8,8,41.8803834767,-87.6498030663,2022,30,POINT (-87.6498030663 41.8803834767),,,,,2022-08-31,False,27,Near West Side
7796,30,PEDESTRIAN CROSSING SIGN,FUNCTIONING PROPERLY,CLEAR,DAYLIGHT,PEDALCYCLIST,NOT DIVIDED,STRAIGHT AND LEVEL,DRY,NO DEFECTS,,UNABLE TO DETERMINE,NOT APPLICABLE,,NONINCAPACITATING INJURY,9,8,41.9266048239,-87.6412586584,2022,30,POINT (-87.6412586584 41.9266048239),,,,,2022-08-31,False,6,Lincoln Park
7797,30,NO CONTROLS,NO CONTROLS,CLEAR,DAYLIGHT,PEDALCYCLIST,NOT DIVIDED,STRAIGHT AND LEVEL,DRY,NO DEFECTS,,"OPERATING VEHICLE IN ERRATIC, RECKLESS, CARELESS, NEGLIGENT OR AGGRESSIVE MANNER",NOT APPLICABLE,,INCAPACITATING INJURY,14,8,41.7645066039,-87.5700696356,2022,30,POINT (-87.5700696356 41.7645066039),,,,,2022-08-31,True,42,South Shore
7798,35,NO CONTROLS,NO CONTROLS,CLEAR,DAYLIGHT,PEDALCYCLIST,DIVIDED - W/MEDIAN (NOT RAISED),STRAIGHT AND LEVEL,DRY,NO DEFECTS,,UNABLE TO DETERMINE,UNABLE TO DETERMINE,,NO INDICATION OF INJURY,15,8,41.7133398523,-87.6534395937,2022,35,POINT (-87.6534395937 41.7133398523),,,,,2022-08-31,False,72,Washington Heights
7799,10,NO CONTROLS,NO CONTROLS,CLEAR,DAYLIGHT,PEDALCYCLIST,OTHER,STRAIGHT AND LEVEL,DRY,NO DEFECTS,,FAILING TO REDUCE SPEED TO AVOID CRASH,UNABLE TO DETERMINE,,NO INDICATION OF INJURY,16,8,41.8966596198,-87.6372478079,2022,10,POINT (-87.6372478079 41.8966596198),,,,,2022-08-31,False,7,Near North Side
7800,25,TRAFFIC SIGNAL,FUNCTIONING PROPERLY,CLEAR,DAYLIGHT,PEDALCYCLIST,NOT DIVIDED,STRAIGHT AND LEVEL,DRY,NO DEFECTS,Y,FAILING TO YIELD RIGHT-OF-WAY,FAILING TO YIELD RIGHT-OF-WAY,Y,NO INDICATION OF INJURY,17,8,41.778961599,-87.7105289488,2022,25,POINT (-87.7105289488 41.778961599),,,,,2022-08-31,False,65,Chicago Lawn
7801,30,TRAFFIC SIGNAL,FUNCTIONING PROPERLY,CLEAR,DAYLIGHT,PEDALCYCLIST,ONE-WAY,STRAIGHT AND LEVEL,DRY,NO DEFECTS,,UNABLE TO DETERMINE,NOT APPLICABLE,,NO INDICATION OF INJURY,18,8,41.8750680665,-87.6665942003,2022,30,POINT (-87.6665942003 41.8750680665),,,,,2022-08-31,False,27,Near West Side
7802,30,STOP SIGN/FLASHER,FUNCTIONING PROPERLY,CLEAR,DAYLIGHT,PEDALCYCLIST,FOUR WAY,STRAIGHT AND LEVEL,DRY,NO DEFECTS,,FAILING TO YIELD RIGHT-OF-WAY,FAILING TO YIELD RIGHT-OF-WAY,,NONINCAPACITATING INJURY,18,8,41.8699368694,-87.7108048196,2022,30,POINT (-87.7108048196 41.8699368694),,,,,2022-08-31,False,26,Garfield Park
7803,30,TRAFFIC SIGNAL,FUNCTIONING PROPERLY,CLEAR,"DARKNESS, LIGHTED ROAD",PEDALCYCLIST,FOUR WAY,STRAIGHT AND LEVEL,DRY,NO DEFECTS,Y,UNABLE TO DETERMINE,UNABLE TO DETERMINE,,INCAPACITATING INJURY,20,8,41.9396161047,-87.6785035287,2022,30,POINT (-87.6785035287 41.9396161047),,,,,2022-08-31,True,4,North Center
7804,30,NO CONTROLS,NO CONTROLS,CLEAR,DAYLIGHT,PEDALCYCLIST,OTHER,STRAIGHT AND LEVEL,DRY,NO DEFECTS,,NOT APPLICABLE,UNABLE TO DETERMINE,,NO INDICATION OF INJURY,8,9,41.9286173965,-87.6783243432,2022,30,POINT (-87.6783243432 41.9286173965),,,,,2022-09-01,False,6,Lincoln Park
7805,30,STOP SIGN/FLASHER,FUNCTIONING PROPERLY,CLEAR,DAYLIGHT,PEDALCYCLIST,FOUR WAY,STRAIGHT AND LEVEL,DRY,NO DEFECTS,Y,DISREGARDING STOP SIGN,FAILING TO YIELD RIGHT-OF-WAY,,NONINCAPACITATING INJURY,8,9,41.969421258,-87.7552339686,2022,30,POINT (-87.7552339686 41.969421258),,,,,2022-09-01,False,10,Jefferson Park
7806,15,NO CONTROLS,NO CONTROLS,CLEAR,DAYLIGHT,PEDALCYCLIST,ALLEY,STRAIGHT AND LEVEL,DRY,UNKNOWN,,"OPERATING VEHICLE IN ERRATIC, RECKLESS, CARELESS, NEGLIGENT OR AGGRESSIVE MANNER",FAILING TO REDUCE SPEED TO AVOID CRASH,,NONINCAPACITATING INJURY,11,9,41.9339730575,-87.7610000479,2022,15,POINT (-87.7610000479 41.9339730575),,,,,2022-09-01,False,18,Belmont Cragin
7807,30,STOP SIGN/FLASHER,FUNCTIONING PROPERLY,UNKNOWN,DAYLIGHT,PEDALCYCLIST,NOT DIVIDED,STRAIGHT AND LEVEL,DRY,UNKNOWN,,DISREGARDING STOP SIGN,FAILING TO YIELD RIGHT-OF-WAY,,NONINCAPACITATING INJURY,14,9,41.8949819167,-87.6532391027,2022,30,POINT (-87.6532391027 41.8949819167),,,,,2022-09-01,False,7,Near North Side
7808,15,NO CONTROLS,NO CONTROLS,CLEAR,DAYLIGHT,PEDALCYCLIST,PARKING LOT,STRAIGHT AND LEVEL,DRY,NO DEFECTS,,NOT APPLICABLE,NOT APPLICABLE,,NONINCAPACITATING INJURY,16,9,41.9828458939,-87.6696498368,2022,15,POINT (-87.6696498368 41.9828458939),,,,,2022-09-01,False,76,Edgewater
7809,30,STOP SIGN/FLASHER,FUNCTIONING PROPERLY,CLEAR,DAYLIGHT,PEDALCYCLIST,NOT DIVIDED,STRAIGHT AND LEVEL,DRY,NO DEFECTS,Y,UNABLE TO DETERMINE,NOT APPLICABLE,,NO INDICATION OF INJURY,16,9,41.9032017875,-87.6749677423,2022,30,POINT (-87.6749677423 41.9032017875),,,,,2022-09-01,False,23,West Town