Unnamed: 0,POSTED_SPEED_LIMIT,TRAFFIC_CONTROL_DEVICE,DEVICE_CONDITION,WEATHER_CONDITION,LIGHTING_CONDITION,FIRST_CRASH_TYPE,TRAFFICWAY_TYPE,ALIGNMENT,ROADWAY_SURFACE_COND,ROAD_DEFECT,INTERSECTION_RELATED_I,PRIM_CONTRIBUTORY_CAUSE,SEC_CONTRIBUTORY_CAUSE,DOORING_I,MOST_SEVERE_INJURY,CRASH_HOUR,CRASH_MONTH,LATITUDE,LONGITUDE,CRASH_YEAR,SPEED_LIMIT,geometry,DISPLAYROU,the_geom,DIST,LANE_TYPE,CRASH_DATE,is_severe,index_right,CArea
7810,35,NO CONTROLS,NO CONTROLS,CLEAR,"DARKNESS, LIGHTED ROAD",PEDALCYCLIST,DIVIDED - W/MEDIAN (NOT RAISED),STRAIGHT AND LEVEL,DRY,UNKNOWN,,FAILING TO YIELD RIGHT-OF-WAY,IMPROPER OVERTAKING/PASSING,,INCAPACITATING INJURY,22,9,41.8666987321,-87.7446332949,2022,35,POINT (-87.7446332949 41.8666987321),,,,,2022-09-01,True,24,Austin
7811,20,STOP SIGN/FLASHER,FUNCTIONING PROPERLY,UNKNOWN,UNKNOWN,PEDALCYCLIST,FOUR WAY,STRAIGHT AND LEVEL,UNKNOWN,UNKNOWN,Y,UNABLE TO DETERMINE,NOT APPLICABLE,,NONINCAPACITATING INJURY,23,9,41.9436758932,-87.6543717796,2022,20,POINT (-87.6543717796 41.9436758932),,,,,2022-09-01,False,5,Lake View
7812,30,STOP SIGN/FLASHER,OTHER,CLEAR,DARKNESS,PEDALCYCLIST,UNKNOWN,STRAIGHT AND LEVEL,DRY,NO DEFECTS,,UNABLE TO DETERMINE,NOT APPLICABLE,,INCAPACITATING INJURY,23,9,41.9436113647,-87.6543689053,2022,30,POINT (-87.6543689053 41.9436113647),,,,,2022-09-01,True,5,Lake View
7813,30,STOP SIGN/FLASHER,FUNCTIONING PROPERLY,CLEAR,DAYLIGHT,PEDALCYCLIST,FOUR WAY,STRAIGHT AND LEVEL,DRY,NO DEFECTS,Y,UNABLE TO DETERMINE,NOT APPLICABLE,N,NO INDICATION OF INJURY,16,9,41.7830512437,-87.6620117493,2022,30,POINT (-87.6620117493 41.7830512437),,,,,2022-09-02,False,66,Englewood
7814,30,NO CONTROLS,NO CONTROLS,CLEAR,DAYLIGHT,PEDALCYCLIST,NOT DIVIDED,STRAIGHT AND LEVEL,DRY,NO DEFECTS,,IMPROPER LANE USAGE,UNABLE TO DETERMINE,,"REPORTED, NOT EVIDENT",17,9,41.9575051766,-87.6809391467,2022,30,POINT (-87.6809391467 41.9575051766),,,,,2022-09-02,False,4,North Center
7815,30,STOP SIGN/FLASHER,NO CONTROLS,CLEAR,DAYLIGHT,PEDALCYCLIST,DIVIDED - W/MEDIAN (NOT RAISED),STRAIGHT AND LEVEL,DRY,UNKNOWN,Y,IMPROPER OVERTAKING/PASSING,FAILING TO YIELD RIGHT-OF-WAY,N,NO INDICATION OF INJURY,17,9,41.961086707,-87.7254439914,2022,30,POINT (-87.7254439914 41.961086707),,,,,2022-09-02,False,13,Albany Park
7816,30,TRAFFIC SIGNAL,FUNCTIONING PROPERLY,CLEAR,DAYLIGHT,PEDALCYCLIST,NOT DIVIDED,STRAIGHT AND LEVEL,DRY,NO DEFECTS,Y,IMPROPER TURNING/NO SIGNAL,UNABLE TO DETERMINE,,NO INDICATION OF INJURY,18,9,41.8819951976,-87.6276472452,2022,30,POINT (-87.6276472452 41.8819951976),,,,,2022-09-02,False,31,Loop
7817,30,NO CONTROLS,NO CONTROLS,CLEAR,"DARKNESS, LIGHTED ROAD",PEDALCYCLIST,NOT DIVIDED,STRAIGHT AND LEVEL,DRY,NO DEFECTS,,DRIVING SKILLS/KNOWLEDGE/EXPERIENCE,NOT APPLICABLE,Y,NONINCAPACITATING INJURY,20,9,41.9349396547,-87.653790179,2022,30,POINT (-87.653790179 41.9349396547),,,,,2022-09-02,False,5,Lake View
7818,30,TRAFFIC SIGNAL,FUNCTIONING PROPERLY,CLEAR,DAYLIGHT,PEDALCYCLIST,DIVIDED - W/MEDIAN (NOT RAISED),STRAIGHT AND LEVEL,DRY,NO DEFECTS,Y,DISREGARDING TRAFFIC SIGNALS,"VISION OBSCURED (SIGNS, TREE LIMBS, BUILDINGS, ETC.)",,NONINCAPACITATING INJURY,10,9,41.9874468008,-87.655453001,2022,30,POINT (-87.655453001 41.9874468008),,,,,2022-09-03,False,76,Edgewater
7819,20,NO CONTROLS,NO CONTROLS,CLEAR,DAYLIGHT,PEDALCYCLIST,NOT DIVIDED,STRAIGHT AND LEVEL,DRY,NO DEFECTS,,FAILING TO YIELD RIGHT-OF-WAY,NOT APPLICABLE,,INCAPACITATING INJURY,11,9,41.9578289833,-87.6698468778,2022,20,POINT (-87.6698468778 41.9578289833),,,,,2022-09-03,True,2,Uptown
7820,30,NO CONTROLS,NO CONTROLS,CLEAR,DAYLIGHT,PEDALCYCLIST,DIVIDED - W/MEDIAN (NOT RAISED),STRAIGHT AND LEVEL,DRY,NO DEFECTS,,UNABLE TO DETERMINE,NOT APPLICABLE,,NONINCAPACITATING INJURY,12,9,41.80844108,-87.6705250996,2022,30,POINT (-87.6705250996 41.80844108),,,,,2022-09-03,False,60,New City
7821,30,NO CONTROLS,NO CONTROLS,CLEAR,DAYLIGHT,PEDALCYCLIST,ALLEY,STRAIGHT AND LEVEL,DRY,NO DEFECTS,,DRIVING SKILLS/KNOWLEDGE/EXPERIENCE,NOT APPLICABLE,,NO INDICATION OF INJURY,14,9,41.7858884944,-87.7231065914,2022,30,POINT (-87.7231065914 41.7858884944),,,,,2022-09-03,False,61,West Elsdon
7822,30,UNKNOWN,UNKNOWN,CLEAR,DAYLIGHT,PEDALCYCLIST,FOUR WAY,STRAIGHT AND LEVEL,DRY,UNKNOWN,Y,FAILING TO YIELD RIGHT-OF-WAY,FAILING TO YIELD RIGHT-OF-WAY,,INCAPACITATING INJURY,17,9,41.8629642064,-87.7153806067,2022,30,POINT (-87.7153806067 41.8629642064),,,,,2022-09-03,True,28,North Lawndale
7823,30,NO CONTROLS,NO CONTROLS,CLEAR,"DARKNESS, LIGHTED ROAD",PEDALCYCLIST,DIVIDED - W/MEDIAN (NOT RAISED),STRAIGHT AND LEVEL,DRY,NO DEFECTS,,UNABLE TO DETERMINE,UNABLE TO DETERMINE,,NO INDICATION OF INJURY,20,9,41.9404647568,-87.6445598572,2022,30,POINT (-87.6445598572 41.9404647568),,,,,2022-09-03,False,5,Lake View
7824,30,TRAFFIC SIGNAL,FUNCTIONING PROPERLY,CLEAR,"DARKNESS, LIGHTED ROAD",PEDALCYCLIST,NOT DIVIDED,STRAIGHT AND LEVEL,DRY,NO DEFECTS,Y,"OPERATING VEHICLE IN ERRATIC, RECKLESS, CARELESS, NEGLIGENT OR AGGRESSIVE MANNER",UNABLE TO DETERMINE,,NO INDICATION OF INJURY,23,9,41.8877057691,-87.624703858,2022,30,POINT (-87.624703858 41.8877057691),,,,,2022-09-03,False,7,Near North Side
7825,30,TRAFFIC SIGNAL,FUNCTIONING PROPERLY,CLEAR,DAYLIGHT,PEDALCYCLIST,OTHER,STRAIGHT AND LEVEL,DRY,NO DEFECTS,Y,FAILING TO REDUCE SPEED TO AVOID CRASH,NOT APPLICABLE,,NONINCAPACITATING INJURY,10,9,41.9971961475,-87.766632847,2022,30,POINT (-87.766632847 41.9971961475),,,,,2022-09-04,False,10,Jefferson Park
7826,25,OTHER,FUNCTIONING PROPERLY,CLEAR,DAYLIGHT,PEDALCYCLIST,DIVIDED - W/MEDIAN (NOT RAISED),STRAIGHT AND LEVEL,DRY,NO DEFECTS,,UNABLE TO DETERMINE,UNABLE TO DETERMINE,,NONINCAPACITATING INJURY,12,9,41.9316369691,-87.7118493206,2022,25,POINT (-87.7118493206 41.9316369691),,,,,2022-09-04,False,21,Logan Square
7827,25,STOP SIGN/FLASHER,FUNCTIONING PROPERLY,CLEAR,DAYLIGHT,PEDALCYCLIST,NOT DIVIDED,STRAIGHT AND LEVEL,DRY,NO DEFECTS,,FAILING TO YIELD RIGHT-OF-WAY,UNABLE TO DETERMINE,,"REPORTED, NOT EVIDENT",16,9,41.9430697894,-87.6492166092,2022,25,POINT (-87.6492166092 41.9430697894),,,,,2022-09-04,False,5,Lake View
7828,30,STOP SIGN/FLASHER,FUNCTIONING PROPERLY,CLEAR,DARKNESS,PEDALCYCLIST,FOUR WAY,STRAIGHT AND LEVEL,DRY,NO DEFECTS,,UNABLE TO DETERMINE,UNABLE TO DETERMINE,,NONINCAPACITATING INJURY,20,9,41.9378656874,-87.6541849078,2022,30,POINT (-87.6541849078 41.9378656874),,,,,2022-09-04,False,5,Lake View
7829,30,TRAFFIC SIGNAL,UNKNOWN,CLEAR,"DARKNESS, LIGHTED ROAD",PEDALCYCLIST,DIVIDED - W/MEDIAN (NOT RAISED),STRAIGHT AND LEVEL,UNKNOWN,UNKNOWN,,UNABLE TO DETERMINE,NOT APPLICABLE,,NONINCAPACITATING INJURY,21,9,41.9250478523,-87.677753522,2022,30,POINT (-87.677753522 41.9250478523),,,,,2022-09-04,False,6,Lincoln Park
7830,30,NO CONTROLS,NO CONTROLS,UNKNOWN,"DARKNESS, LIGHTED ROAD",PEDALCYCLIST,DIVIDED - W/MEDIAN (NOT RAISED),STRAIGHT AND LEVEL,UNKNOWN,UNKNOWN,,IMPROPER OVERTAKING/PASSING,PHYSICAL CONDITION OF DRIVER,,NO INDICATION OF INJURY,22,9,41.8972198759,-87.6476448441,2022,30,POINT (-87.6476448441 41.8972198759),,,,,2022-09-04,False,7,Near North Side
7831,30,TRAFFIC SIGNAL,FUNCTIONING PROPERLY,CLEAR,"DARKNESS, LIGHTED ROAD",PEDALCYCLIST,CENTER TURN LANE,STRAIGHT AND LEVEL,DRY,NO DEFECTS,,UNABLE TO DETERMINE,UNABLE TO DETERMINE,,"REPORTED, NOT EVIDENT",0,9,41.8007272599,-87.7039102174,2022,30,POINT (-87.7039102174 41.8007272599),,,,,2022-09-05,False,62,Gage Park
7832,30,STOP SIGN/FLASHER,OTHER,CLEAR,"DARKNESS, LIGHTED ROAD",PEDALCYCLIST,NOT DIVIDED,STRAIGHT AND LEVEL,DRY,NO DEFECTS,,FAILING TO YIELD RIGHT-OF-WAY,IMPROPER TURNING/NO SIGNAL,,INCAPACITATING INJURY,0,9,41.8953172957,-87.719910339,2022,30,POINT (-87.719910339 41.8953172957),,,,,2022-09-05,True,22,Humboldt Park
7833,35,NO CONTROLS,NO CONTROLS,CLEAR,DAYLIGHT,PEDALCYCLIST,NOT DIVIDED,STRAIGHT AND LEVEL,DRY,UNKNOWN,,UNABLE TO DETERMINE,NOT APPLICABLE,,NONINCAPACITATING INJURY,10,9,41.9106438013,-87.7374166293,2022,35,POINT (-87.7374166293 41.9106438013),,,,,2022-09-05,False,22,Humboldt Park
7834,30,NO CONTROLS,NO CONTROLS,CLEAR,DAYLIGHT,PEDALCYCLIST,NOT DIVIDED,STRAIGHT AND LEVEL,DRY,NO DEFECTS,,FAILING TO YIELD RIGHT-OF-WAY,NOT APPLICABLE,,NONINCAPACITATING INJURY,11,9,41.9257013369,-87.6400050287,2022,30,POINT (-87.6400050287 41.9257013369),,,,,2022-09-05,False,6,Lincoln Park
7835,30,OTHER,FUNCTIONING PROPERLY,CLEAR,DAYLIGHT,PEDALCYCLIST,NOT DIVIDED,STRAIGHT AND LEVEL,DRY,NO DEFECTS,,IMPROPER LANE USAGE,IMPROPER LANE USAGE,,NONINCAPACITATING INJURY,16,9,41.8995779487,-87.6819271853,2022,30,POINT (-87.6819271853 41.8995779487),,,,,2022-09-05,False,23,West Town
7836,30,NO CONTROLS,NO CONTROLS,CLOUDY/OVERCAST,DAYLIGHT,PEDALCYCLIST,T-INTERSECTION,STRAIGHT AND LEVEL,UNKNOWN,UNKNOWN,,UNABLE TO DETERMINE,NOT APPLICABLE,,NONINCAPACITATING INJURY,17,9,42.0027478389,-87.6901599728,2022,30,POINT (-87.6901599728 42.0027478389),,,,,2022-09-05,False,1,West Ridge
7837,30,NO CONTROLS,NO CONTROLS,CLEAR,DARKNESS,PEDALCYCLIST,NOT DIVIDED,STRAIGHT AND LEVEL,DRY,NO DEFECTS,,UNABLE TO DETERMINE,NOT APPLICABLE,Y,NONINCAPACITATING INJURY,19,9,41.9244610186,-87.7380813927,2022,30,POINT (-87.7380813927 41.9244610186),,,,,2022-09-05,False,19,Hermosa
7838,30,NO CONTROLS,NO CONTROLS,CLEAR,DAYLIGHT,PEDALCYCLIST,NOT DIVIDED,STRAIGHT AND LEVEL,DRY,NO DEFECTS,Y,UNABLE TO DETERMINE,NOT APPLICABLE,,"REPORTED, NOT EVIDENT",15,9,41.9095028766,-87.7643393102,2022,30,POINT (-87.7643393102 41.9095028766),,,,,2022-09-06,False,24,Austin
7839,30,NO CONTROLS,NO CONTROLS,CLEAR,DAYLIGHT,PEDALCYCLIST,NOT DIVIDED,STRAIGHT AND LEVEL,DRY,NO DEFECTS,,NOT APPLICABLE,NOT APPLICABLE,,NO INDICATION OF INJURY,15,9,41.9731024511,-87.7283100893,2022,30,POINT (-87.7283100893 41.9731024511),,,,,2022-09-06,False,11,Forest Glen
7840,30,TRAFFIC SIGNAL,FUNCTIONING PROPERLY,CLEAR,DAWN,PEDALCYCLIST,T-INTERSECTION,STRAIGHT AND LEVEL,DRY,NO DEFECTS,Y,TURNING RIGHT ON RED,NOT APPLICABLE,,NONINCAPACITATING INJURY,5,9,41.8475777077,-87.7343843448,2022,30,POINT (-87.7343843448 41.8475777077),,,,,2022-09-07,False,28,North Lawndale
7841,20,STOP SIGN/FLASHER,FUNCTIONING PROPERLY,CLEAR,DAYLIGHT,PEDALCYCLIST,ONE-WAY,STRAIGHT AND LEVEL,DRY,NO DEFECTS,,DISTRACTION - FROM OUTSIDE VEHICLE,DRIVING SKILLS/KNOWLEDGE/EXPERIENCE,,"REPORTED, NOT EVIDENT",8,9,41.8950351879,-87.6679872363,2022,20,POINT (-87.6679872363 41.8950351879),,,,,2022-09-07,False,23,West Town
7842,30,UNKNOWN,UNKNOWN,CLEAR,DAYLIGHT,PEDALCYCLIST,FOUR WAY,STRAIGHT AND LEVEL,DRY,NO DEFECTS,,FAILING TO YIELD RIGHT-OF-WAY,FOLLOWING TOO CLOSELY,N,NONINCAPACITATING INJURY,8,9,41.8845772195,-87.6244036339,2022,30,POINT (-87.6244036339 41.8845772195),,,,,2022-09-07,False,31,Loop
7843,30,NO CONTROLS,NO CONTROLS,CLEAR,DAYLIGHT,PEDALCYCLIST,DIVIDED - W/MEDIAN (NOT RAISED),STRAIGHT AND LEVEL,DRY,NO DEFECTS,,FAILING TO YIELD RIGHT-OF-WAY,NOT APPLICABLE,,INCAPACITATING INJURY,9,9,41.9980876159,-87.6707468271,2022,30,POINT (-87.6707468271 41.9980876159),,,,,2022-09-07,True,0,Rogers Park
7844,30,TRAFFIC SIGNAL,FUNCTIONING PROPERLY,CLEAR,DAYLIGHT,PEDALCYCLIST,FOUR WAY,STRAIGHT AND LEVEL,DRY,NO DEFECTS,Y,UNABLE TO DETERMINE,NOT APPLICABLE,,NONINCAPACITATING INJURY,13,9,41.7805253951,-87.5866029955,2022,30,POINT (-87.5866029955 41.7805253951),,,,,2022-09-07,False,41,Woodlawn
7845,30,NO CONTROLS,NO CONTROLS,CLEAR,DAYLIGHT,PEDALCYCLIST,NOT DIVIDED,STRAIGHT AND LEVEL,DRY,NO DEFECTS,,UNABLE TO DETERMINE,UNABLE TO DETERMINE,Y,NONINCAPACITATING INJURY,15,9,41.9830386004,-87.6937365597,2022,30,POINT (-87.6937365597 41.9830386004),,,,,2022-09-07,False,3,Lincoln Square
7846,30,TRAFFIC SIGNAL,FUNCTIONING PROPERLY,CLEAR,DAYLIGHT,PEDALCYCLIST,DIVIDED - W/MEDIAN BARRIER,STRAIGHT AND LEVEL,DRY,"RUT, HOLES",Y,UNABLE TO DETERMINE,UNABLE TO DETERMINE,,NONINCAPACITATING INJURY,16,9,41.8893542519,-87.6241024562,2022,30,POINT (-87.6241024562 41.8893542519),,,,,2022-09-07,False,7,Near North Side
7847,30,TRAFFIC SIGNAL,FUNCTIONING PROPERLY,CLEAR,DAYLIGHT,PEDALCYCLIST,FOUR WAY,STRAIGHT AND LEVEL,DRY,NO DEFECTS,Y,"VISION OBSCURED (SIGNS, TREE LIMBS, BUILDINGS, ETC.)",UNABLE TO DETERMINE,,NONINCAPACITATING INJURY,16,9,41.8731062401,-87.6204256289,2022,30,POINT (-87.6204256289 41.8731062401),,,,,2022-09-07,False,31,Loop
7848,20,NO CONTROLS,NO CONTROLS,CLEAR,DAYLIGHT,PEDALCYCLIST,NOT DIVIDED,STRAIGHT AND LEVEL,DRY,NO DEFECTS,,UNABLE TO DETERMINE,NOT APPLICABLE,,NO INDICATION OF INJURY,17,9,41.9518096805,-87.7394093032,2022,20,POINT (-87.7394093032 41.9518096805),,,,,2022-09-07,False,15,Irving Park
7849,30,NO CONTROLS,NO CONTROLS,CLEAR,DAYLIGHT,PEDALCYCLIST,DIVIDED - W/MEDIAN (NOT RAISED),STRAIGHT AND LEVEL,DRY,NO DEFECTS,,FAILING TO YIELD RIGHT-OF-WAY,FAILING TO REDUCE SPEED TO AVOID CRASH,,NO INDICATION OF INJURY,18,9,41.9379771975,-87.8201284482,2022,30,POINT (-87.8201284482 41.9379771975),,,,,2022-09-07,False,16,Dunning
7850,30,NO CONTROLS,NO CONTROLS,CLEAR,"DARKNESS, LIGHTED ROAD",PEDALCYCLIST,NOT DIVIDED,STRAIGHT AND LEVEL,DRY,NO DEFECTS,,UNABLE TO DETERMINE,NOT APPLICABLE,Y,NO INDICATION OF INJURY,19,9,41.9741766284,-87.6683332086,2022,30,POINT (-87.6683332086 41.9741766284),,,,,2022-09-07,False,2,Uptown
7851,30,TRAFFIC SIGNAL,FUNCTIONING PROPERLY,CLEAR,"DARKNESS, LIGHTED ROAD",PEDALCYCLIST,"FIVE POINT, OR MORE",STRAIGHT AND LEVEL,DRY,NO DEFECTS,Y,FAILING TO YIELD RIGHT-OF-WAY,UNABLE TO DETERMINE,,NO INDICATION OF INJURY,21,9,41.8912407158,-87.6474713674,2022,30,POINT (-87.6474713674 41.8912407158),,,,,2022-09-07,False,7,Near North Side
7852,25,NO CONTROLS,NO CONTROLS,CLEAR,DAYLIGHT,PEDALCYCLIST,NOT DIVIDED,STRAIGHT AND LEVEL,DRY,NO DEFECTS,,FAILING TO YIELD RIGHT-OF-WAY,NOT APPLICABLE,,NO INDICATION OF INJURY,7,9,42.0019534598,-87.8137105918,2022,25,POINT (-87.8137105918 42.0019534598),,,,,2022-09-08,False,8,Edison Park
7853,30,STOP SIGN/FLASHER,FUNCTIONING PROPERLY,CLEAR,DAYLIGHT,PEDALCYCLIST,PARKING LOT,STRAIGHT AND LEVEL,DRY,NO DEFECTS,,UNABLE TO DETERMINE,FAILING TO YIELD RIGHT-OF-WAY,,NO INDICATION OF INJURY,10,9,41.7965634515,-87.587474479,2022,30,POINT (-87.587474479 41.7965634515),,,,,2022-09-08,False,40,Hyde Park
7854,30,STOP SIGN/FLASHER,FUNCTIONING PROPERLY,CLEAR,DAYLIGHT,PEDALCYCLIST,NOT DIVIDED,STRAIGHT AND LEVEL,DRY,NO DEFECTS,Y,DISTRACTION - FROM INSIDE VEHICLE,UNABLE TO DETERMINE,,NO INDICATION OF INJURY,10,9,41.9157610232,-87.6972958109,2022,30,POINT (-87.6972958109 41.9157610232),,,,,2022-09-08,False,21,Logan Square
7855,30,NO CONTROLS,NO CONTROLS,CLEAR,DAYLIGHT,PEDALCYCLIST,DRIVEWAY,STRAIGHT AND LEVEL,DRY,NO DEFECTS,,FAILING TO YIELD RIGHT-OF-WAY,FAILING TO YIELD RIGHT-OF-WAY,,NONINCAPACITATING INJURY,11,9,41.955631992,-87.6547236524,2022,30,POINT (-87.6547236524 41.955631992),,,,,2022-09-08,False,2,Uptown
7856,30,TRAFFIC SIGNAL,FUNCTIONING PROPERLY,CLEAR,DAYLIGHT,PEDALCYCLIST,FOUR WAY,STRAIGHT AND LEVEL,DRY,NO DEFECTS,Y,FAILING TO YIELD RIGHT-OF-WAY,DRIVING SKILLS/KNOWLEDGE/EXPERIENCE,,NONINCAPACITATING INJURY,14,9,41.9653418602,-87.6694301319,2022,30,POINT (-87.6694301319 41.9653418602),,,,,2022-09-08,False,2,Uptown
7857,30,STOP SIGN/FLASHER,FUNCTIONING PROPERLY,CLEAR,DAYLIGHT,PEDALCYCLIST,FOUR WAY,STRAIGHT AND LEVEL,DRY,NO DEFECTS,Y,FAILING TO YIELD RIGHT-OF-WAY,NOT APPLICABLE,,NO INDICATION OF INJURY,14,9,41.8898339228,-87.6769997238,2022,30,POINT (-87.6769997238 41.8898339228),,,,,2022-09-08,False,23,West Town
7858,30,NO CONTROLS,NO CONTROLS,CLEAR,DAYLIGHT,PEDALCYCLIST,ALLEY,STRAIGHT AND LEVEL,DRY,NO DEFECTS,Y,UNABLE TO DETERMINE,UNABLE TO DETERMINE,,NONINCAPACITATING INJURY,15,9,41.9466115823,-87.7521860553,2022,30,POINT (-87.7521860553 41.9466115823),,,,,2022-09-08,False,14,Portage Park
7859,30,NO CONTROLS,NO CONTROLS,CLEAR,DAYLIGHT,PEDALCYCLIST,NOT DIVIDED,STRAIGHT AND LEVEL,DRY,NO DEFECTS,Y,FAILING TO YIELD RIGHT-OF-WAY,UNABLE TO DETERMINE,,INCAPACITATING INJURY,16,9,41.948724543,-87.6687580396,2022,30,POINT (-87.6687580396 41.948724543),,,,,2022-09-08,True,5,Lake View
7860,20,TRAFFIC SIGNAL,FUNCTIONING PROPERLY,CLEAR,DAYLIGHT,PEDALCYCLIST,PARKING LOT,STRAIGHT AND LEVEL,DRY,NO DEFECTS,,FAILING TO YIELD RIGHT-OF-WAY,NOT APPLICABLE,,NONINCAPACITATING INJURY,19,9,41.913360766,-87.6261981563,2022,20,POINT (-87.6261981563 41.913360766),,,,,2022-09-08,False,6,Lincoln Park
7861,30,NO CONTROLS,NO CONTROLS,CLEAR,"DARKNESS, LIGHTED ROAD",PEDALCYCLIST,OTHER,STRAIGHT AND LEVEL,DRY,NO DEFECTS,,UNABLE TO DETERMINE,UNABLE TO DETERMINE,,NONINCAPACITATING INJURY,19,9,41.9381165839,-87.7220122351,2022,30,POINT (-87.7220122351 41.9381165839),,,,,2022-09-08,False,20,Avondale
7862,30,TRAFFIC SIGNAL,FUNCTIONING PROPERLY,CLEAR,DARKNESS,PEDALCYCLIST,DIVIDED - W/MEDIAN (NOT RAISED),STRAIGHT AND LEVEL,SNOW OR SLUSH,UNKNOWN,Y,FAILING TO REDUCE SPEED TO AVOID CRASH,HAD BEEN DRINKING (USE WHEN ARREST IS NOT MADE),,NONINCAPACITATING INJURY,20,9,41.9544324414,-87.6624462591,2022,30,POINT (-87.6624462591 41.9544324414),,,,,2022-09-08,False,2,Uptown
7863,30,STOP SIGN/FLASHER,OTHER,CLEAR,"DARKNESS, LIGHTED ROAD",PEDALCYCLIST,FOUR WAY,STRAIGHT AND LEVEL,DRY,NO DEFECTS,,DISREGARDING STOP SIGN,NOT APPLICABLE,,NONINCAPACITATING INJURY,20,9,41.9027937361,-87.7249311028,2022,30,POINT (-87.7249311028 41.9027937361),,,,,2022-09-08,False,22,Humboldt Park
7864,25,UNKNOWN,UNKNOWN,CLEAR,"DARKNESS, LIGHTED ROAD",PEDALCYCLIST,NOT DIVIDED,STRAIGHT AND LEVEL,DRY,UNKNOWN,,UNABLE TO DETERMINE,NOT APPLICABLE,,NONINCAPACITATING INJURY,23,9,41.7840097731,-87.614785745,2022,25,POINT (-87.614785745 41.7840097731),,,,,2022-09-08,False,39,Washington Park
7865,30,TRAFFIC SIGNAL,FUNCTIONING PROPERLY,CLEAR,DAYLIGHT,PEDALCYCLIST,NOT DIVIDED,STRAIGHT AND LEVEL,DRY,NO DEFECTS,,UNABLE TO DETERMINE,NOT APPLICABLE,,NO INDICATION OF INJURY,4,9,41.8996762894,-87.6604924397,2022,30,POINT (-87.6604924397 41.8996762894),,,,,2022-09-09,False,23,West Town
7866,30,NO CONTROLS,NO CONTROLS,CLEAR,DAYLIGHT,PEDALCYCLIST,TRAFFIC ROUTE,STRAIGHT AND LEVEL,DRY,NO DEFECTS,,UNABLE TO DETERMINE,UNABLE TO DETERMINE,,NONINCAPACITATING INJURY,7,9,41.8011865425,-87.6746521808,2022,30,POINT (-87.6746521808 41.8011865425),,,,,2022-09-09,False,60,New City
7867,30,NO CONTROLS,NO CONTROLS,CLEAR,DAYLIGHT,PEDALCYCLIST,DIVIDED - W/MEDIAN (NOT RAISED),STRAIGHT AND LEVEL,DRY,NO DEFECTS,,DRIVING SKILLS/KNOWLEDGE/EXPERIENCE,UNABLE TO DETERMINE,,NONINCAPACITATING INJURY,14,9,41.9859530148,-87.7000583893,2022,30,POINT (-87.7000583893 41.9859530148),,,,,2022-09-09,False,1,West Ridge
7868,30,TRAFFIC SIGNAL,FUNCTIONING PROPERLY,CLEAR,DAYLIGHT,PEDALCYCLIST,DIVIDED - W/MEDIAN (NOT RAISED),STRAIGHT AND LEVEL,DRY,NO DEFECTS,Y,FAILING TO YIELD RIGHT-OF-WAY,IMPROPER TURNING/NO SIGNAL,,NONINCAPACITATING INJURY,14,9,41.86735016,-87.6407970803,2022,30,POINT (-87.6407970803 41.86735016),,,,,2022-09-09,False,27,Near West Side
7869,30,TRAFFIC SIGNAL,FUNCTIONING PROPERLY,CLEAR,DAYLIGHT,PEDALCYCLIST,OTHER,STRAIGHT AND LEVEL,DRY,UNKNOWN,,UNABLE TO DETERMINE,UNABLE TO DETERMINE,,NO INDICATION OF INJURY,14,9,41.9697501371,-87.6890893352,2022,30,POINT (-87.6890893352 41.9697501371),,,,,2022-09-09,False,3,Lincoln Square
7870,30,NO CONTROLS,NO CONTROLS,CLEAR,DAYLIGHT,PEDALCYCLIST,NOT DIVIDED,STRAIGHT AND LEVEL,DRY,NO DEFECTS,,UNABLE TO DETERMINE,UNABLE TO DETERMINE,,NO INDICATION OF INJURY,15,9,41.9905241326,-87.7043157941,2022,30,POINT (-87.7043157941 41.9905241326),,,,,2022-09-09,False,1,West Ridge
7871,10,STOP SIGN/FLASHER,FUNCTIONING PROPERLY,CLEAR,DAYLIGHT,PEDALCYCLIST,NOT DIVIDED,STRAIGHT AND LEVEL,DRY,NO DEFECTS,Y,FAILING TO REDUCE SPEED TO AVOID CRASH,NOT APPLICABLE,,NONINCAPACITATING INJURY,15,9,41.9829946715,-87.7778896858,2022,10,POINT (-87.7778896858 41.9829946715),,,,,2022-09-09,False,10,Jefferson Park
7872,30,NO CONTROLS,NO CONTROLS,CLEAR,DAYLIGHT,PEDALCYCLIST,OTHER,STRAIGHT AND LEVEL,OTHER,NO DEFECTS,,"DISTRACTION - OTHER ELECTRONIC DEVICE (NAVIGATION DEVICE, DVD PLAYER, ETC.)",TEXTING,,NO INDICATION OF INJURY,16,9,41.8013171696,-87.6765408131,2022,30,POINT (-87.6765408131 41.8013171696),,,,,2022-09-09,False,60,New City
7873,30,NO CONTROLS,NO CONTROLS,CLEAR,DAYLIGHT,PEDALCYCLIST,T-INTERSECTION,STRAIGHT AND LEVEL,DRY,NO DEFECTS,,UNABLE TO DETERMINE,NOT APPLICABLE,,NO INDICATION OF INJURY,17,9,41.9281613791,-87.7318417459,2022,30,POINT (-87.7318417459 41.9281613791),,,,,2022-09-09,False,19,Hermosa