Unnamed: 0,POSTED_SPEED_LIMIT,TRAFFIC_CONTROL_DEVICE,DEVICE_CONDITION,WEATHER_CONDITION,LIGHTING_CONDITION,FIRST_CRASH_TYPE,TRAFFICWAY_TYPE,ALIGNMENT,ROADWAY_SURFACE_COND,ROAD_DEFECT,INTERSECTION_RELATED_I,PRIM_CONTRIBUTORY_CAUSE,SEC_CONTRIBUTORY_CAUSE,DOORING_I,MOST_SEVERE_INJURY,CRASH_HOUR,CRASH_MONTH,LATITUDE,LONGITUDE,CRASH_YEAR,SPEED_LIMIT,geometry,DISPLAYROU,the_geom,DIST,LANE_TYPE,CRASH_DATE,is_severe,index_right,CArea
7874,30,TRAFFIC SIGNAL,FUNCTIONING PROPERLY,CLEAR,DAYLIGHT,PEDALCYCLIST,UNKNOWN INTERSECTION TYPE,STRAIGHT AND LEVEL,DRY,NO DEFECTS,,NOT APPLICABLE,NOT APPLICABLE,Y,NONINCAPACITATING INJURY,18,9,41.8831785838,-87.624250416,2022,30,POINT (-87.624250416 41.8831785838),,,,,2022-09-09,False,31,Loop
7875,30,TRAFFIC SIGNAL,FUNCTIONING PROPERLY,CLEAR,DAYLIGHT,PEDALCYCLIST,ONE-WAY,STRAIGHT AND LEVEL,DRY,NO DEFECTS,N,DRIVING ON WRONG SIDE/WRONG WAY,FAILING TO YIELD RIGHT-OF-WAY,,NONINCAPACITATING INJURY,19,9,41.8793804241,-87.630965957,2022,30,POINT (-87.630965957 41.8793804241),,,,,2022-09-09,False,31,Loop
7876,30,NO CONTROLS,NO CONTROLS,CLEAR,"DARKNESS, LIGHTED ROAD",PEDALCYCLIST,DIVIDED - W/MEDIAN (NOT RAISED),STRAIGHT AND LEVEL,DRY,NO DEFECTS,,UNABLE TO DETERMINE,UNABLE TO DETERMINE,,NONINCAPACITATING INJURY,21,9,41.9420253975,-87.6525243756,2022,30,POINT (-87.6525243756 41.9420253975),,,,,2022-09-09,False,5,Lake View
7877,30,TRAFFIC SIGNAL,FUNCTIONING PROPERLY,CLEAR,DAYLIGHT,PEDALCYCLIST,FOUR WAY,STRAIGHT AND LEVEL,DRY,NO DEFECTS,Y,NOT APPLICABLE,NOT APPLICABLE,,INCAPACITATING INJURY,22,9,41.8813586172,-87.6767893912,2022,30,POINT (-87.6767893912 41.8813586172),,,,,2022-09-09,True,27,Near West Side
7878,30,TRAFFIC SIGNAL,FUNCTIONING PROPERLY,CLEAR,"DARKNESS, LIGHTED ROAD",PEDALCYCLIST,FOUR WAY,STRAIGHT AND LEVEL,UNKNOWN,UNKNOWN,Y,BICYCLE ADVANCING LEGALLY ON RED LIGHT,UNABLE TO DETERMINE,,INCAPACITATING INJURY,23,9,41.9434323134,-87.6689127564,2022,30,POINT (-87.6689127564 41.9434323134),,,,,2022-09-09,True,5,Lake View
7879,30,TRAFFIC SIGNAL,FUNCTIONING PROPERLY,CLEAR,DAYLIGHT,PEDALCYCLIST,NOT DIVIDED,STRAIGHT ON GRADE,DRY,UNKNOWN,,FAILING TO YIELD RIGHT-OF-WAY,UNABLE TO DETERMINE,,NO INDICATION OF INJURY,12,9,41.8671196607,-87.6452815,2022,30,POINT (-87.6452815 41.8671196607),,,,,2022-09-10,False,27,Near West Side
7880,30,NO CONTROLS,NO CONTROLS,CLEAR,DAYLIGHT,PEDALCYCLIST,DIVIDED - W/MEDIAN BARRIER,STRAIGHT AND LEVEL,DRY,NO DEFECTS,,FAILING TO YIELD RIGHT-OF-WAY,DRIVING SKILLS/KNOWLEDGE/EXPERIENCE,Y,NONINCAPACITATING INJURY,13,9,41.8073850128,-87.6647931464,2022,30,POINT (-87.6647931464 41.8073850128),,,,,2022-09-10,False,60,New City
7881,25,STOP SIGN/FLASHER,FUNCTIONING PROPERLY,CLEAR,DAYLIGHT,PEDALCYCLIST,DIVIDED - W/MEDIAN (NOT RAISED),STRAIGHT AND LEVEL,DRY,NO DEFECTS,,UNABLE TO DETERMINE,UNABLE TO DETERMINE,,NO INDICATION OF INJURY,14,9,41.9826406831,-87.6687279874,2022,25,POINT (-87.6687279874 41.9826406831),,,,,2022-09-10,False,76,Edgewater
7882,30,NO CONTROLS,NO CONTROLS,CLEAR,DAYLIGHT,PEDALCYCLIST,FOUR WAY,STRAIGHT AND LEVEL,DRY,NO DEFECTS,Y,UNABLE TO DETERMINE,UNABLE TO DETERMINE,,NONINCAPACITATING INJURY,14,9,41.8997608828,-87.6710012937,2022,30,POINT (-87.6710012937 41.8997608828),,,,,2022-09-10,False,23,West Town
7883,30,TRAFFIC SIGNAL,UNKNOWN,CLEAR,DAYLIGHT,PEDALCYCLIST,NOT DIVIDED,STRAIGHT AND LEVEL,DRY,UNKNOWN,Y,DISREGARDING TRAFFIC SIGNALS,NOT APPLICABLE,,"REPORTED, NOT EVIDENT",14,9,41.8163383967,-87.6429052729,2022,30,POINT (-87.6429052729 41.8163383967),,,,,2022-09-10,False,60,New City
7884,30,NO CONTROLS,NO CONTROLS,CLEAR,DAYLIGHT,PEDALCYCLIST,PARKING LOT,STRAIGHT AND LEVEL,DRY,NO DEFECTS,N,"VISION OBSCURED (SIGNS, TREE LIMBS, BUILDINGS, ETC.)",UNABLE TO DETERMINE,,NONINCAPACITATING INJURY,15,9,42.0078836441,-87.6615096163,2022,30,POINT (-87.6615096163 42.0078836441),,,,,2022-09-10,False,0,Rogers Park
7885,30,TRAFFIC SIGNAL,FUNCTIONING PROPERLY,CLEAR,DAYLIGHT,PEDALCYCLIST,NOT REPORTED,STRAIGHT AND LEVEL,DRY,NO DEFECTS,Y,UNABLE TO DETERMINE,NOT APPLICABLE,,NONINCAPACITATING INJURY,15,9,41.8383450002,-87.6317408727,2022,30,POINT (-87.6317408727 41.8383450002),,,,,2022-09-10,False,33,Armour Square
7886,35,UNKNOWN,UNKNOWN,CLEAR,DAYLIGHT,PEDALCYCLIST,NOT DIVIDED,STRAIGHT AND LEVEL,DRY,UNKNOWN,,UNABLE TO DETERMINE,UNABLE TO DETERMINE,,NO INDICATION OF INJURY,16,9,41.9119069189,-87.6776443048,2022,35,POINT (-87.6776443048 41.9119069189),,,,,2022-09-10,False,6,Lincoln Park
7887,30,TRAFFIC SIGNAL,NOT FUNCTIONING,CLEAR,DAYLIGHT,PEDALCYCLIST,NOT DIVIDED,STRAIGHT AND LEVEL,DRY,NO DEFECTS,Y,"OPERATING VEHICLE IN ERRATIC, RECKLESS, CARELESS, NEGLIGENT OR AGGRESSIVE MANNER",NOT APPLICABLE,,NONINCAPACITATING INJURY,16,9,41.8524944505,-87.6466382406,2022,30,POINT (-87.6466382406 41.8524944505),,,,,2022-09-10,False,30,Lower West Side
7888,30,TRAFFIC SIGNAL,FUNCTIONING PROPERLY,CLEAR,"DARKNESS, LIGHTED ROAD",PEDALCYCLIST,FOUR WAY,STRAIGHT AND LEVEL,DRY,NO DEFECTS,,UNABLE TO DETERMINE,NOT APPLICABLE,,NO INDICATION OF INJURY,19,9,41.9611211101,-87.654565406,2022,30,POINT (-87.654565406 41.9611211101),,,,,2022-09-10,False,2,Uptown
7889,30,TRAFFIC SIGNAL,FUNCTIONING PROPERLY,CLEAR,DAYLIGHT,PEDALCYCLIST,T-INTERSECTION,STRAIGHT AND LEVEL,DRY,NO DEFECTS,Y,FAILING TO YIELD RIGHT-OF-WAY,NOT APPLICABLE,,NONINCAPACITATING INJURY,20,9,41.8765620984,-87.633539775,2022,30,POINT (-87.633539775 41.8765620984),,,,,2022-09-10,False,31,Loop
7890,30,TRAFFIC SIGNAL,FUNCTIONING PROPERLY,CLEAR,"DARKNESS, LIGHTED ROAD",PEDALCYCLIST,FOUR WAY,STRAIGHT AND LEVEL,DRY,NO DEFECTS,,UNABLE TO DETERMINE,NOT APPLICABLE,,INCAPACITATING INJURY,23,9,41.7646089122,-87.6833870533,2022,30,POINT (-87.6833870533 41.7646089122),,,,,2022-09-10,True,65,Chicago Lawn
7891,30,TRAFFIC SIGNAL,FUNCTIONING PROPERLY,CLEAR,"DARKNESS, LIGHTED ROAD",PEDALCYCLIST,FOUR WAY,STRAIGHT AND LEVEL,DRY,NO DEFECTS,Y,FAILING TO YIELD RIGHT-OF-WAY,UNABLE TO DETERMINE,,NONINCAPACITATING INJURY,0,9,41.9680455072,-87.7550764007,2022,30,POINT (-87.7550764007 41.9680455072),,,,,2022-09-11,False,10,Jefferson Park
7892,30,NO CONTROLS,UNKNOWN,CLEAR,"DARKNESS, LIGHTED ROAD",PEDALCYCLIST,FOUR WAY,STRAIGHT AND LEVEL,DRY,NO DEFECTS,Y,UNABLE TO DETERMINE,UNABLE TO DETERMINE,N,NO INDICATION OF INJURY,3,9,41.9245851005,-87.7093753921,2022,30,POINT (-87.7093753921 41.9245851005),,,,,2022-09-11,False,21,Logan Square
7893,30,NO CONTROLS,NO CONTROLS,RAIN,DAYLIGHT,PEDALCYCLIST,ONE-WAY,STRAIGHT AND LEVEL,WET,NO DEFECTS,,IMPROPER OVERTAKING/PASSING,FAILING TO REDUCE SPEED TO AVOID CRASH,,NONINCAPACITATING INJURY,16,9,41.9379696838,-87.6546912368,2022,30,POINT (-87.6546912368 41.9379696838),,,,,2022-09-11,False,5,Lake View
7894,30,NO CONTROLS,NO CONTROLS,CLEAR,"DARKNESS, LIGHTED ROAD",PEDALCYCLIST,ONE-WAY,STRAIGHT AND LEVEL,DRY,NO DEFECTS,,UNABLE TO DETERMINE,UNABLE TO DETERMINE,,NO INDICATION OF INJURY,23,9,42.0016493707,-87.6682855547,2022,30,POINT (-87.6682855547 42.0016493707),,,,,2022-09-11,False,0,Rogers Park
7895,15,NO CONTROLS,NO CONTROLS,CLOUDY/OVERCAST,"DARKNESS, LIGHTED ROAD",PEDALCYCLIST,PARKING LOT,STRAIGHT AND LEVEL,WET,NO DEFECTS,,UNABLE TO DETERMINE,NOT APPLICABLE,,NO INDICATION OF INJURY,0,9,41.946057604,-87.7082301098,2022,15,POINT (-87.7082301098 41.946057604),,,,,2022-09-12,False,15,Irving Park
7896,30,NO CONTROLS,MISSING,CLEAR,DAYLIGHT,PEDALCYCLIST,T-INTERSECTION,STRAIGHT AND LEVEL,DRY,OTHER,Y,FAILING TO REDUCE SPEED TO AVOID CRASH,UNABLE TO DETERMINE,,"REPORTED, NOT EVIDENT",14,9,41.8086840464,-87.650515903,2022,30,POINT (-87.650515903 41.8086840464),,,,,2022-09-13,False,60,New City
7897,30,STOP SIGN/FLASHER,NO CONTROLS,CLEAR,DAYLIGHT,PEDALCYCLIST,NOT DIVIDED,STRAIGHT AND LEVEL,DRY,UNKNOWN,,UNABLE TO DETERMINE,UNABLE TO DETERMINE,,NONINCAPACITATING INJURY,14,9,41.9938086072,-87.7090909248,2022,30,POINT (-87.7090909248 41.9938086072),,,,,2022-09-13,False,1,West Ridge
7898,30,NO CONTROLS,NO CONTROLS,CLEAR,DAYLIGHT,PEDALCYCLIST,T-INTERSECTION,STRAIGHT AND LEVEL,DRY,OTHER,Y,FAILING TO YIELD RIGHT-OF-WAY,IMPROPER OVERTAKING/PASSING,,NONINCAPACITATING INJURY,14,9,41.9006361413,-87.6675651982,2022,30,POINT (-87.6675651982 41.9006361413),,,,,2022-09-13,False,23,West Town
7899,30,TRAFFIC SIGNAL,FUNCTIONING PROPERLY,CLEAR,DAYLIGHT,PEDALCYCLIST,T-INTERSECTION,STRAIGHT AND LEVEL,DRY,UNKNOWN,Y,FAILING TO YIELD RIGHT-OF-WAY,NOT APPLICABLE,,NONINCAPACITATING INJURY,15,9,41.8673516348,-87.6406485768,2022,30,POINT (-87.6406485768 41.8673516348),,,,,2022-09-13,False,27,Near West Side
7900,30,TRAFFIC SIGNAL,FUNCTIONING PROPERLY,CLEAR,DAYLIGHT,PEDALCYCLIST,NOT REPORTED,STRAIGHT AND LEVEL,DRY,NO DEFECTS,Y,IMPROPER OVERTAKING/PASSING,IMPROPER OVERTAKING/PASSING,,NONINCAPACITATING INJURY,16,9,41.8844550486,-87.6293086572,2022,30,POINT (-87.6293086572 41.8844550486),,,,,2022-09-13,False,31,Loop
7901,20,TRAFFIC SIGNAL,FUNCTIONING PROPERLY,CLEAR,DAYLIGHT,PEDALCYCLIST,FOUR WAY,STRAIGHT AND LEVEL,DRY,NO DEFECTS,Y,DISREGARDING TRAFFIC SIGNALS,UNABLE TO DETERMINE,N,"REPORTED, NOT EVIDENT",17,9,41.8200615599,-87.6265082241,2022,20,POINT (-87.6265082241 41.8200615599),,,,,2022-09-13,False,37,Grand Boulevard
7902,35,NO CONTROLS,NO CONTROLS,CLEAR,DAYLIGHT,PEDALCYCLIST,OTHER,STRAIGHT AND LEVEL,DRY,UNKNOWN,,UNABLE TO DETERMINE,NOT APPLICABLE,,NO INDICATION OF INJURY,18,9,41.8612207324,-87.6468927343,2022,35,POINT (-87.6468927343 41.8612207324),,,,,2022-09-13,False,27,Near West Side
7903,30,NO CONTROLS,NO CONTROLS,CLEAR,DAYLIGHT,PEDALCYCLIST,NOT DIVIDED,STRAIGHT AND LEVEL,DRY,NO DEFECTS,,FOLLOWING TOO CLOSELY,NOT APPLICABLE,,NO INDICATION OF INJURY,18,9,41.8967669573,-87.6509757334,2022,30,POINT (-87.6509757334 41.8967669573),,,,,2022-09-13,False,7,Near North Side
7904,30,NO CONTROLS,NO CONTROLS,CLEAR,"DARKNESS, LIGHTED ROAD",PEDALCYCLIST,NOT DIVIDED,STRAIGHT AND LEVEL,DRY,NO DEFECTS,,UNABLE TO DETERMINE,UNABLE TO DETERMINE,,NO INDICATION OF INJURY,22,9,41.9509654195,-87.6494771268,2022,30,POINT (-87.6494771268 41.9509654195),,,,,2022-09-13,False,5,Lake View
7905,30,STOP SIGN/FLASHER,NO CONTROLS,CLEAR,DAYLIGHT,PEDALCYCLIST,NOT DIVIDED,STRAIGHT AND LEVEL,DRY,NO DEFECTS,,FAILING TO YIELD RIGHT-OF-WAY,FAILING TO YIELD RIGHT-OF-WAY,Y,NONINCAPACITATING INJURY,6,9,41.9302057997,-87.7121042718,2022,30,POINT (-87.7121042718 41.9302057997),,,,,2022-09-14,False,21,Logan Square
7906,30,NO CONTROLS,NO CONTROLS,CLEAR,DAYLIGHT,PEDALCYCLIST,NOT DIVIDED,STRAIGHT AND LEVEL,DRY,NO DEFECTS,,UNABLE TO DETERMINE,UNABLE TO DETERMINE,,"REPORTED, NOT EVIDENT",11,9,41.9460729824,-87.7425592529,2022,30,POINT (-87.7425592529 41.9460729824),,,,,2022-09-14,False,14,Portage Park
7907,30,STOP SIGN/FLASHER,NO CONTROLS,CLEAR,DAYLIGHT,PEDALCYCLIST,NOT DIVIDED,STRAIGHT AND LEVEL,DRY,NO DEFECTS,Y,FAILING TO REDUCE SPEED TO AVOID CRASH,FAILING TO REDUCE SPEED TO AVOID CRASH,,INCAPACITATING INJURY,13,9,41.8380866401,-87.654313396,2022,30,POINT (-87.654313396 41.8380866401),,,,,2022-09-14,True,30,Lower West Side
7908,20,NO CONTROLS,NO CONTROLS,CLEAR,DAYLIGHT,PEDALCYCLIST,ONE-WAY,STRAIGHT AND LEVEL,DRY,NO DEFECTS,Y,UNABLE TO DETERMINE,UNABLE TO DETERMINE,,NO INDICATION OF INJURY,15,9,41.9515673305,-87.7382426858,2022,20,POINT (-87.7382426858 41.9515673305),,,,,2022-09-14,False,15,Irving Park
7909,30,TRAFFIC SIGNAL,FUNCTIONING PROPERLY,CLEAR,DAYLIGHT,PEDALCYCLIST,NOT DIVIDED,STRAIGHT AND LEVEL,DRY,NO DEFECTS,,"VISION OBSCURED (SIGNS, TREE LIMBS, BUILDINGS, ETC.)",UNABLE TO DETERMINE,,INCAPACITATING INJURY,15,9,41.9302954586,-87.6858187416,2022,30,POINT (-87.6858187416 41.9302954586),,,,,2022-09-14,True,21,Logan Square
7910,30,NO CONTROLS,NO CONTROLS,CLEAR,"DARKNESS, LIGHTED ROAD",PEDALCYCLIST,NOT DIVIDED,STRAIGHT AND LEVEL,DRY,UNKNOWN,,UNABLE TO DETERMINE,NOT APPLICABLE,Y,NO INDICATION OF INJURY,21,9,41.9330517239,-87.7761761232,2022,30,POINT (-87.7761761232 41.9330517239),,,,,2022-09-14,False,18,Belmont Cragin
7911,30,TRAFFIC SIGNAL,FUNCTIONING PROPERLY,CLEAR,DAYLIGHT,PEDALCYCLIST,FOUR WAY,STRAIGHT AND LEVEL,DRY,NO DEFECTS,Y,FAILING TO YIELD RIGHT-OF-WAY,UNABLE TO DETERMINE,,NONINCAPACITATING INJURY,5,9,41.8693555734,-87.6569002438,2022,30,POINT (-87.6569002438 41.8693555734),,,,,2022-09-15,False,27,Near West Side
7912,30,STOP SIGN/FLASHER,FUNCTIONING PROPERLY,CLEAR,DAYLIGHT,PEDALCYCLIST,FOUR WAY,STRAIGHT AND LEVEL,DRY,NO DEFECTS,Y,UNABLE TO DETERMINE,UNABLE TO DETERMINE,,INCAPACITATING INJURY,8,9,41.8891685728,-87.6413858276,2022,30,POINT (-87.6413858276 41.8891685728),,,,,2022-09-15,True,7,Near North Side
7913,30,TRAFFIC SIGNAL,FUNCTIONING PROPERLY,CLEAR,DAYLIGHT,PEDALCYCLIST,NOT DIVIDED,STRAIGHT AND LEVEL,DRY,NO DEFECTS,Y,UNABLE TO DETERMINE,UNABLE TO DETERMINE,,NO INDICATION OF INJURY,14,9,42.0194209724,-87.6900250776,2022,30,POINT (-87.6900250776 42.0194209724),,,,,2022-09-15,False,1,West Ridge
7914,30,NO CONTROLS,NO CONTROLS,CLEAR,DAYLIGHT,PEDALCYCLIST,NOT DIVIDED,STRAIGHT AND LEVEL,DRY,NO DEFECTS,,UNABLE TO DETERMINE,UNABLE TO DETERMINE,,"REPORTED, NOT EVIDENT",15,9,41.89629615,-87.6510287416,2022,30,POINT (-87.6510287416 41.89629615),,,,,2022-09-15,False,7,Near North Side
7915,30,NO CONTROLS,NO CONTROLS,CLEAR,DAYLIGHT,PEDALCYCLIST,OTHER,STRAIGHT AND LEVEL,DRY,NO DEFECTS,,FAILING TO YIELD RIGHT-OF-WAY,NOT APPLICABLE,,NONINCAPACITATING INJURY,16,9,41.7994133443,-87.7375620545,2022,30,POINT (-87.7375620545 41.7994133443),,,,,2022-09-15,False,56,Archer Heights
7916,30,STOP SIGN/FLASHER,FUNCTIONING PROPERLY,CLEAR,DAYLIGHT,PEDALCYCLIST,DIVIDED - W/MEDIAN (NOT RAISED),STRAIGHT AND LEVEL,DRY,NO DEFECTS,Y,UNABLE TO DETERMINE,UNABLE TO DETERMINE,,NONINCAPACITATING INJURY,16,9,41.96527926,-87.6726611825,2022,30,POINT (-87.6726611825 41.96527926),,,,,2022-09-15,False,2,Uptown
7917,30,STOP SIGN/FLASHER,NO CONTROLS,CLEAR,DAYLIGHT,PEDALCYCLIST,FOUR WAY,STRAIGHT AND LEVEL,DRY,NO DEFECTS,Y,FAILING TO YIELD RIGHT-OF-WAY,FAILING TO YIELD RIGHT-OF-WAY,,NO INDICATION OF INJURY,16,9,41.8693269318,-87.698548808,2022,30,POINT (-87.698548808 41.8693269318),,,,,2022-09-15,False,26,Garfield Park
7918,30,NO CONTROLS,NO CONTROLS,CLEAR,DAYLIGHT,PEDALCYCLIST,ONE-WAY,STRAIGHT AND LEVEL,DRY,NO DEFECTS,,UNABLE TO DETERMINE,UNABLE TO DETERMINE,,"REPORTED, NOT EVIDENT",16,9,41.9156224122,-87.7070639352,2022,30,POINT (-87.7070639352 41.9156224122),,,,,2022-09-15,False,21,Logan Square
7919,30,NO CONTROLS,NO CONTROLS,CLEAR,DAYLIGHT,PEDALCYCLIST,DIVIDED - W/MEDIAN (NOT RAISED),STRAIGHT AND LEVEL,DRY,NO DEFECTS,,UNABLE TO DETERMINE,NOT APPLICABLE,,NONINCAPACITATING INJURY,17,9,41.9085850085,-87.6677810016,2022,30,POINT (-87.6677810016 41.9085850085),,,,,2022-09-15,False,23,West Town
7920,30,STOP SIGN/FLASHER,FUNCTIONING PROPERLY,CLEAR,"DARKNESS, LIGHTED ROAD",PEDALCYCLIST,DIVIDED - W/MEDIAN (NOT RAISED),STRAIGHT AND LEVEL,DRY,NO DEFECTS,Y,DISREGARDING STOP SIGN,NOT APPLICABLE,,NONINCAPACITATING INJURY,22,9,41.8936694846,-87.7212847056,2022,30,POINT (-87.7212847056 41.8936694846),,,,,2022-09-15,False,22,Humboldt Park
7921,20,STOP SIGN/FLASHER,FUNCTIONING PROPERLY,CLEAR,DAYLIGHT,PEDALCYCLIST,ONE-WAY,STRAIGHT AND LEVEL,DRY,UNKNOWN,,UNABLE TO DETERMINE,UNABLE TO DETERMINE,,NO INDICATION OF INJURY,8,9,41.9209587763,-87.7231479287,2022,20,POINT (-87.7231479287 41.9209587763),,,,,2022-09-16,False,19,Hermosa
7922,30,NO CONTROLS,NO CONTROLS,CLEAR,DAYLIGHT,PEDALCYCLIST,T-INTERSECTION,STRAIGHT AND LEVEL,DRY,NO DEFECTS,Y,NOT APPLICABLE,NOT APPLICABLE,,NO INDICATION OF INJURY,9,9,41.9105469808,-87.6801080616,2022,30,POINT (-87.6801080616 41.9105469808),,,,,2022-09-16,False,23,West Town
7923,30,NO CONTROLS,NO CONTROLS,CLEAR,DAYLIGHT,PEDALCYCLIST,NOT DIVIDED,STRAIGHT AND LEVEL,DRY,NO DEFECTS,,UNABLE TO DETERMINE,NOT APPLICABLE,,"REPORTED, NOT EVIDENT",12,9,41.7767781789,-87.7228587184,2022,30,POINT (-87.7228587184 41.7767781789),,,,,2022-09-16,False,64,West Lawn
7924,30,TRAFFIC SIGNAL,FUNCTIONING PROPERLY,CLEAR,DAYLIGHT,PEDALCYCLIST,FOUR WAY,STRAIGHT AND LEVEL,DRY,NO DEFECTS,Y,UNABLE TO DETERMINE,UNABLE TO DETERMINE,,NONINCAPACITATING INJURY,16,9,41.8984727559,-87.7556293384,2022,30,POINT (-87.7556293384 41.8984727559),,,,,2022-09-16,False,24,Austin
7925,30,NO CONTROLS,NO CONTROLS,CLEAR,DAYLIGHT,PEDALCYCLIST,NOT DIVIDED,STRAIGHT AND LEVEL,DRY,NO DEFECTS,,UNABLE TO DETERMINE,NOT APPLICABLE,,"REPORTED, NOT EVIDENT",16,9,41.9142614463,-87.6836860456,2022,30,POINT (-87.6836860456 41.9142614463),,,,,2022-09-16,False,21,Logan Square
7926,30,TRAFFIC SIGNAL,FUNCTIONING PROPERLY,CLEAR,DAYLIGHT,PEDALCYCLIST,NOT DIVIDED,STRAIGHT AND LEVEL,DRY,NO DEFECTS,Y,UNABLE TO DETERMINE,UNABLE TO DETERMINE,,NONINCAPACITATING INJURY,17,9,41.8526507448,-87.6391882521,2022,30,POINT (-87.6391882521 41.8526507448),,,,,2022-09-16,False,30,Lower West Side
7927,30,NO CONTROLS,NO CONTROLS,CLEAR,"DARKNESS, LIGHTED ROAD",PEDALCYCLIST,NOT DIVIDED,STRAIGHT AND LEVEL,DRY,NO DEFECTS,,DRIVING SKILLS/KNOWLEDGE/EXPERIENCE,NOT APPLICABLE,,NONINCAPACITATING INJURY,18,9,41.8379606943,-87.6442435688,2022,30,POINT (-87.6442435688 41.8379606943),,,,,2022-09-16,False,30,Lower West Side
7928,30,NO CONTROLS,NO CONTROLS,CLEAR,DARKNESS,PEDALCYCLIST,NOT DIVIDED,STRAIGHT AND LEVEL,DRY,NO DEFECTS,,IMPROPER OVERTAKING/PASSING,DRIVING SKILLS/KNOWLEDGE/EXPERIENCE,,INCAPACITATING INJURY,22,9,41.9010782485,-87.6481094749,2022,30,POINT (-87.6481094749 41.9010782485),,,,,2022-09-16,True,7,Near North Side
7929,30,STOP SIGN/FLASHER,FUNCTIONING PROPERLY,CLEAR,DAYLIGHT,PEDALCYCLIST,NOT DIVIDED,STRAIGHT AND LEVEL,DRY,NO DEFECTS,,UNABLE TO DETERMINE,HAD BEEN DRINKING (USE WHEN ARREST IS NOT MADE),,NONINCAPACITATING INJURY,12,9,41.9228425767,-87.6974874818,2022,30,POINT (-87.6974874818 41.9228425767),,,,,2022-09-17,False,21,Logan Square
7930,35,NO CONTROLS,NO CONTROLS,CLEAR,DUSK,PEDALCYCLIST,NOT DIVIDED,STRAIGHT AND LEVEL,DRY,UNKNOWN,,FAILING TO YIELD RIGHT-OF-WAY,NOT APPLICABLE,,"REPORTED, NOT EVIDENT",19,9,41.9449236897,-87.6545078737,2022,35,POINT (-87.6545078737 41.9449236897),,,,,2022-09-17,False,5,Lake View
7931,25,STOP SIGN/FLASHER,NO CONTROLS,CLEAR,DUSK,PEDALCYCLIST,NOT DIVIDED,STRAIGHT AND LEVEL,DRY,NO DEFECTS,Y,FAILING TO YIELD RIGHT-OF-WAY,IMPROPER TURNING/NO SIGNAL,,NONINCAPACITATING INJURY,20,9,41.8974756835,-87.6283680935,2022,25,POINT (-87.6283680935 41.8974756835),,,,,2022-09-17,False,7,Near North Side
7932,30,TRAFFIC SIGNAL,FUNCTIONING PROPERLY,CLEAR,DAYLIGHT,PEDALCYCLIST,FOUR WAY,STRAIGHT AND LEVEL,DRY,NO DEFECTS,Y,UNABLE TO DETERMINE,UNABLE TO DETERMINE,,NONINCAPACITATING INJURY,7,9,41.8055103467,-87.6836342593,2022,30,POINT (-87.6836342593 41.8055103467),,,,,2022-09-18,False,60,New City
7933,25,NO CONTROLS,NO CONTROLS,CLEAR,DAYLIGHT,PEDALCYCLIST,NOT DIVIDED,STRAIGHT AND LEVEL,DRY,NO DEFECTS,,UNABLE TO DETERMINE,NOT APPLICABLE,,NO INDICATION OF INJURY,11,9,41.7570665007,-87.5664801163,2022,25,POINT (-87.5664801163 41.7570665007),,,,,2022-09-18,False,42,South Shore
7934,30,STOP SIGN/FLASHER,FUNCTIONING PROPERLY,CLEAR,DAYLIGHT,PEDALCYCLIST,FOUR WAY,STRAIGHT AND LEVEL,DRY,UNKNOWN,Y,EQUIPMENT - VEHICLE CONDITION,UNABLE TO DETERMINE,,INCAPACITATING INJURY,11,9,41.7832722415,-87.7718486982,2022,30,POINT (-87.7718486982 41.7832722415),,,,,2022-09-18,True,63,Clearing
7935,30,TRAFFIC SIGNAL,FUNCTIONING PROPERLY,CLEAR,DAYLIGHT,PEDALCYCLIST,FOUR WAY,STRAIGHT AND LEVEL,DRY,NO DEFECTS,Y,FAILING TO YIELD RIGHT-OF-WAY,NOT APPLICABLE,,INCAPACITATING INJURY,13,9,41.8541165001,-87.6661959393,2022,30,POINT (-87.6661959393 41.8541165001),,,,,2022-09-18,True,30,Lower West Side
7936,30,TRAFFIC SIGNAL,FUNCTIONING PROPERLY,CLEAR,DAYLIGHT,PEDALCYCLIST,NOT DIVIDED,STRAIGHT AND LEVEL,DRY,NO DEFECTS,,UNABLE TO DETERMINE,UNABLE TO DETERMINE,,NO INDICATION OF INJURY,14,9,41.9105196353,-87.6677496863,2022,30,POINT (-87.6677496863 41.9105196353),,,,,2022-09-18,False,23,West Town
7937,30,STOP SIGN/FLASHER,FUNCTIONING PROPERLY,CLEAR,DAYLIGHT,PEDALCYCLIST,NOT DIVIDED,STRAIGHT AND LEVEL,DRY,NO DEFECTS,,FAILING TO YIELD RIGHT-OF-WAY,NOT APPLICABLE,,NONINCAPACITATING INJURY,15,9,41.7786364688,-87.7229063557,2022,30,POINT (-87.7229063557 41.7786364688),,,,,2022-09-18,False,64,West Lawn
7938,30,TRAFFIC SIGNAL,FUNCTIONING PROPERLY,CLEAR,DAYLIGHT,PEDALCYCLIST,NOT DIVIDED,STRAIGHT AND LEVEL,DRY,UNKNOWN,Y,FAILING TO YIELD RIGHT-OF-WAY,UNABLE TO DETERMINE,N,NONINCAPACITATING INJURY,16,9,41.7659581559,-87.5764340719,2022,30,POINT (-87.5764340719 41.7659581559),,,,,2022-09-18,False,41,Woodlawn