Unnamed: 0,POSTED_SPEED_LIMIT,TRAFFIC_CONTROL_DEVICE,DEVICE_CONDITION,WEATHER_CONDITION,LIGHTING_CONDITION,FIRST_CRASH_TYPE,TRAFFICWAY_TYPE,ALIGNMENT,ROADWAY_SURFACE_COND,ROAD_DEFECT,INTERSECTION_RELATED_I,PRIM_CONTRIBUTORY_CAUSE,SEC_CONTRIBUTORY_CAUSE,DOORING_I,MOST_SEVERE_INJURY,CRASH_HOUR,CRASH_MONTH,LATITUDE,LONGITUDE,CRASH_YEAR,SPEED_LIMIT,geometry,DISPLAYROU,the_geom,DIST,LANE_TYPE,CRASH_DATE,is_severe,index_right,CArea
7939,30,STOP SIGN/FLASHER,NO CONTROLS,CLEAR,DAYLIGHT,PEDALCYCLIST,UNKNOWN INTERSECTION TYPE,STRAIGHT AND LEVEL,DRY,NO DEFECTS,Y,FAILING TO YIELD RIGHT-OF-WAY,FAILING TO YIELD RIGHT-OF-WAY,,NONINCAPACITATING INJURY,18,9,41.8776276013,-87.7535994349,2022,30,POINT (-87.7535994349 41.8776276013),,,,,2022-09-18,False,24,Austin
7940,30,NO CONTROLS,NO CONTROLS,CLEAR,"DARKNESS, LIGHTED ROAD",PEDALCYCLIST,NOT DIVIDED,STRAIGHT AND LEVEL,DRY,NO DEFECTS,,UNABLE TO DETERMINE,UNABLE TO DETERMINE,Y,NONINCAPACITATING INJURY,19,9,41.8930415294,-87.6266041654,2022,30,POINT (-87.6266041654 41.8930415294),,,,,2022-09-18,False,7,Near North Side
7941,30,TRAFFIC SIGNAL,FUNCTIONING PROPERLY,CLEAR,DARKNESS,PEDALCYCLIST,NOT DIVIDED,STRAIGHT AND LEVEL,DRY,NO DEFECTS,Y,UNABLE TO DETERMINE,UNABLE TO DETERMINE,,INCAPACITATING INJURY,20,9,41.8895175473,-87.6865077876,2022,30,POINT (-87.6865077876 41.8895175473),,,,,2022-09-18,True,23,West Town
7942,30,NO CONTROLS,NO CONTROLS,CLEAR,DAYLIGHT,PEDALCYCLIST,NOT DIVIDED,STRAIGHT AND LEVEL,UNKNOWN,UNKNOWN,Y,UNABLE TO DETERMINE,UNABLE TO DETERMINE,,NONINCAPACITATING INJURY,8,9,41.9313703061,-87.7674026541,2022,30,POINT (-87.7674026541 41.9313703061),,,,,2022-09-19,False,18,Belmont Cragin
7943,15,NO CONTROLS,NO CONTROLS,CLEAR,DAYLIGHT,PEDALCYCLIST,PARKING LOT,STRAIGHT AND LEVEL,DRY,NO DEFECTS,,UNABLE TO DETERMINE,UNABLE TO DETERMINE,,NO INDICATION OF INJURY,13,9,41.9535305633,-87.7472243588,2022,15,POINT (-87.7472243588 41.9535305633),,,,,2022-09-19,False,14,Portage Park
7944,30,NO CONTROLS,NO CONTROLS,CLEAR,DAYLIGHT,PEDALCYCLIST,NOT DIVIDED,STRAIGHT AND LEVEL,DRY,NO DEFECTS,,FAILING TO YIELD RIGHT-OF-WAY,NOT APPLICABLE,,NONINCAPACITATING INJURY,13,9,41.9624752494,-87.6847028368,2022,30,POINT (-87.6847028368 41.9624752494),,,,,2022-09-19,False,3,Lincoln Square
7945,30,NO CONTROLS,NO CONTROLS,CLEAR,DAYLIGHT,PEDALCYCLIST,NOT DIVIDED,STRAIGHT AND LEVEL,DRY,UNKNOWN,Y,DRIVING ON WRONG SIDE/WRONG WAY,UNABLE TO DETERMINE,,NONINCAPACITATING INJURY,14,9,41.9027037841,-87.7086538096,2022,30,POINT (-87.7086538096 41.9027037841),,,,,2022-09-19,False,22,Humboldt Park
7946,30,TRAFFIC SIGNAL,FUNCTIONING PROPERLY,CLEAR,DAYLIGHT,PEDALCYCLIST,FOUR WAY,STRAIGHT AND LEVEL,UNKNOWN,UNKNOWN,,UNABLE TO DETERMINE,UNABLE TO DETERMINE,,NONINCAPACITATING INJURY,16,9,41.9140601958,-87.7460277339,2022,30,POINT (-87.7460277339 41.9140601958),,,,,2022-09-19,False,18,Belmont Cragin
7947,30,STOP SIGN/FLASHER,FUNCTIONING PROPERLY,CLEAR,DUSK,PEDALCYCLIST,NOT DIVIDED,STRAIGHT AND LEVEL,DRY,NO DEFECTS,,UNABLE TO DETERMINE,NOT APPLICABLE,,NO INDICATION OF INJURY,18,9,41.8765687699,-87.6520197171,2022,30,POINT (-87.6520197171 41.8765687699),,,,,2022-09-19,False,27,Near West Side
7948,20,TRAFFIC SIGNAL,FUNCTIONING PROPERLY,CLEAR,"DARKNESS, LIGHTED ROAD",PEDALCYCLIST,DIVIDED - W/MEDIAN (NOT RAISED),STRAIGHT AND LEVEL,DRY,NO DEFECTS,Y,UNABLE TO DETERMINE,UNABLE TO DETERMINE,,NONINCAPACITATING INJURY,19,9,41.9577642133,-87.6814527121,2022,20,POINT (-87.6814527121 41.9577642133),,,,,2022-09-19,False,4,North Center
7949,30,TRAFFIC SIGNAL,FUNCTIONING PROPERLY,CLEAR,"DARKNESS, LIGHTED ROAD",PEDALCYCLIST,T-INTERSECTION,STRAIGHT AND LEVEL,DRY,NO DEFECTS,,FAILING TO YIELD RIGHT-OF-WAY,UNABLE TO DETERMINE,,NO INDICATION OF INJURY,20,9,41.9285462008,-87.7466192905,2022,30,POINT (-87.7466192905 41.9285462008),,,,,2022-09-19,False,18,Belmont Cragin
7950,30,STOP SIGN/FLASHER,FUNCTIONING PROPERLY,CLEAR,"DARKNESS, LIGHTED ROAD",PEDALCYCLIST,T-INTERSECTION,STRAIGHT AND LEVEL,DRY,NO DEFECTS,,FAILING TO YIELD RIGHT-OF-WAY,NOT APPLICABLE,,NONINCAPACITATING INJURY,0,9,41.9228170661,-87.7170871814,2022,30,POINT (-87.7170871814 41.9228170661),,,,,2022-09-20,False,21,Logan Square
7951,30,STOP SIGN/FLASHER,FUNCTIONING PROPERLY,CLEAR,DAYLIGHT,PEDALCYCLIST,FOUR WAY,STRAIGHT AND LEVEL,DRY,NO DEFECTS,,FAILING TO YIELD RIGHT-OF-WAY,FAILING TO YIELD RIGHT-OF-WAY,,NONINCAPACITATING INJURY,7,9,41.955744533,-87.7128242411,2022,30,POINT (-87.7128242411 41.955744533),,,,,2022-09-20,False,15,Irving Park
7952,30,STOP SIGN/FLASHER,FUNCTIONING PROPERLY,CLEAR,DAYLIGHT,PEDALCYCLIST,ONE-WAY,STRAIGHT AND LEVEL,DRY,NO DEFECTS,Y,UNABLE TO DETERMINE,UNABLE TO DETERMINE,,NO INDICATION OF INJURY,8,9,41.9364433772,-87.7860172672,2022,30,POINT (-87.7860172672 41.9364433772),,,,,2022-09-20,False,16,Dunning
7953,30,NO CONTROLS,NO CONTROLS,CLEAR,DAYLIGHT,PEDALCYCLIST,NOT DIVIDED,STRAIGHT AND LEVEL,DRY,UNKNOWN,,NOT APPLICABLE,NOT APPLICABLE,,NO INDICATION OF INJURY,12,9,41.6592915691,-87.5532573598,2022,30,POINT (-87.5532573598 41.6592915691),,,,,2022-09-20,False,50,South Deering
7954,30,NO CONTROLS,NO CONTROLS,CLEAR,DAYLIGHT,PEDALCYCLIST,NOT DIVIDED,STRAIGHT AND LEVEL,DRY,NO DEFECTS,,NOT APPLICABLE,NOT APPLICABLE,Y,NO INDICATION OF INJURY,15,9,41.9413188409,-87.6494573967,2022,30,POINT (-87.6494573967 41.9413188409),,,,,2022-09-20,False,5,Lake View
7955,30,STOP SIGN/FLASHER,UNKNOWN,CLEAR,DAYLIGHT,PEDALCYCLIST,NOT DIVIDED,STRAIGHT AND LEVEL,DRY,NO DEFECTS,Y,FAILING TO YIELD RIGHT-OF-WAY,FAILING TO YIELD RIGHT-OF-WAY,,INCAPACITATING INJURY,16,9,41.9831068019,-87.712675113,2022,30,POINT (-87.712675113 41.9831068019),,,,,2022-09-20,True,12,North Park
7956,30,STOP SIGN/FLASHER,NOT FUNCTIONING,UNKNOWN,"DARKNESS, LIGHTED ROAD",PEDALCYCLIST,FOUR WAY,STRAIGHT AND LEVEL,UNKNOWN,UNKNOWN,,DRIVING ON WRONG SIDE/WRONG WAY,UNABLE TO DETERMINE,,NONINCAPACITATING INJURY,20,9,41.9853407596,-87.6648576499,2022,30,POINT (-87.6648576499 41.9853407596),,,,,2022-09-20,False,76,Edgewater
7957,30,STOP SIGN/FLASHER,FUNCTIONING PROPERLY,RAIN,"DARKNESS, LIGHTED ROAD",PEDALCYCLIST,ONE-WAY,STRAIGHT AND LEVEL,WET,NO DEFECTS,Y,"OPERATING VEHICLE IN ERRATIC, RECKLESS, CARELESS, NEGLIGENT OR AGGRESSIVE MANNER",DISREGARDING ROAD MARKINGS,,NO INDICATION OF INJURY,0,9,41.9979213444,-87.683943863,2022,30,POINT (-87.683943863 41.9979213444),,,,,2022-09-21,False,1,West Ridge
7958,15,NO CONTROLS,NO CONTROLS,CLEAR,DAYLIGHT,PEDALCYCLIST,PARKING LOT,STRAIGHT AND LEVEL,DRY,NO DEFECTS,,UNABLE TO DETERMINE,UNABLE TO DETERMINE,,NONINCAPACITATING INJURY,9,9,41.9635319941,-87.6561154614,2022,15,POINT (-87.6561154614 41.9635319941),,,,,2022-09-21,False,2,Uptown
7959,30,NO CONTROLS,NO CONTROLS,CLEAR,DAYLIGHT,PEDALCYCLIST,NOT DIVIDED,STRAIGHT AND LEVEL,DRY,NO DEFECTS,,IMPROPER LANE USAGE,NOT APPLICABLE,,NONINCAPACITATING INJURY,14,9,41.8581311268,-87.6516026311,2022,30,POINT (-87.6516026311 41.8581311268),,,,,2022-09-21,False,27,Near West Side
7960,30,STOP SIGN/FLASHER,FUNCTIONING PROPERLY,CLEAR,DAYLIGHT,PEDALCYCLIST,NOT DIVIDED,STRAIGHT AND LEVEL,DRY,NO DEFECTS,Y,DRIVING ON WRONG SIDE/WRONG WAY,NOT APPLICABLE,,NONINCAPACITATING INJURY,15,9,41.7965395151,-87.6161717557,2022,30,POINT (-87.6161717557 41.7965395151),,,,,2022-09-21,False,39,Washington Park
7961,30,STOP SIGN/FLASHER,NO CONTROLS,CLEAR,DAYLIGHT,PEDALCYCLIST,NOT DIVIDED,STRAIGHT AND LEVEL,DRY,NO DEFECTS,,UNABLE TO DETERMINE,UNABLE TO DETERMINE,,INCAPACITATING INJURY,16,9,41.6974418257,-87.5363434337,2022,30,POINT (-87.5363434337 41.6974418257),,,,,2022-09-21,True,51,East Side
7962,30,NO CONTROLS,NO CONTROLS,CLEAR,DAYLIGHT,PEDALCYCLIST,NOT DIVIDED,STRAIGHT AND LEVEL,DRY,NO DEFECTS,,FAILING TO YIELD RIGHT-OF-WAY,UNABLE TO DETERMINE,,NONINCAPACITATING INJURY,16,9,41.9691153685,-87.6609799919,2022,30,POINT (-87.6609799919 41.9691153685),,,,,2022-09-21,False,2,Uptown
7963,30,TRAFFIC SIGNAL,FUNCTIONING PROPERLY,CLEAR,DAYLIGHT,PEDALCYCLIST,DIVIDED - W/MEDIAN BARRIER,STRAIGHT AND LEVEL,DRY,UNKNOWN,,UNABLE TO DETERMINE,UNABLE TO DETERMINE,,NONINCAPACITATING INJURY,16,9,41.7977660501,-87.6645356139,2022,30,POINT (-87.6645356139 41.7977660501),,,,,2022-09-21,False,60,New City
7964,30,STOP SIGN/FLASHER,FUNCTIONING PROPERLY,CLEAR,DAYLIGHT,PEDALCYCLIST,T-INTERSECTION,STRAIGHT AND LEVEL,DRY,NO DEFECTS,N,"VISION OBSCURED (SIGNS, TREE LIMBS, BUILDINGS, ETC.)",UNABLE TO DETERMINE,,NONINCAPACITATING INJURY,17,9,41.8539227861,-87.6466759794,2022,30,POINT (-87.6466759794 41.8539227861),,,,,2022-09-21,False,30,Lower West Side
7965,30,NO CONTROLS,UNKNOWN,CLEAR,DAYLIGHT,PEDALCYCLIST,NOT DIVIDED,STRAIGHT AND LEVEL,DRY,NO DEFECTS,,UNABLE TO DETERMINE,NOT APPLICABLE,,INCAPACITATING INJURY,17,9,41.9942320024,-87.6879783412,2022,30,POINT (-87.6879783412 41.9942320024),,,,,2022-09-21,True,1,West Ridge
7966,30,STOP SIGN/FLASHER,FUNCTIONING PROPERLY,CLEAR,DAYLIGHT,PEDALCYCLIST,NOT DIVIDED,STRAIGHT AND LEVEL,DRY,NO DEFECTS,Y,FAILING TO YIELD RIGHT-OF-WAY,UNABLE TO DETERMINE,,NONINCAPACITATING INJURY,17,9,41.891903415,-87.6486401681,2022,30,POINT (-87.6486401681 41.891903415),,,,,2022-09-21,False,7,Near North Side
7967,20,NO CONTROLS,NO CONTROLS,CLOUDY/OVERCAST,DARKNESS,PEDALCYCLIST,NOT DIVIDED,STRAIGHT AND LEVEL,DRY,WORN SURFACE,,UNABLE TO DETERMINE,UNABLE TO DETERMINE,Y,NONINCAPACITATING INJURY,18,9,41.9751345805,-87.6574778108,2022,20,POINT (-87.6574778108 41.9751345805),,,,,2022-09-21,False,2,Uptown
7968,30,NO CONTROLS,NO CONTROLS,CLEAR,DAYLIGHT,PEDALCYCLIST,NOT DIVIDED,STRAIGHT AND LEVEL,DRY,NO DEFECTS,,UNABLE TO DETERMINE,NOT APPLICABLE,Y,NO INDICATION OF INJURY,18,9,41.9172691036,-87.6878971378,2022,30,POINT (-87.6878971378 41.9172691036),,,,,2022-09-21,False,21,Logan Square
7969,30,NO CONTROLS,NO CONTROLS,CLEAR,"DARKNESS, LIGHTED ROAD",PEDALCYCLIST,DIVIDED - W/MEDIAN (NOT RAISED),STRAIGHT AND LEVEL,DRY,NO DEFECTS,,NOT APPLICABLE,NOT APPLICABLE,,INCAPACITATING INJURY,19,9,41.9175342114,-87.6774665322,2022,30,POINT (-87.6774665322 41.9175342114),,,,,2022-09-21,True,6,Lincoln Park
7970,30,NO CONTROLS,NO CONTROLS,CLEAR,"DARKNESS, LIGHTED ROAD",PEDALCYCLIST,DIVIDED - W/MEDIAN BARRIER,STRAIGHT AND LEVEL,DRY,NO DEFECTS,,FAILING TO REDUCE SPEED TO AVOID CRASH,IMPROPER LANE USAGE,,NONINCAPACITATING INJURY,0,9,41.8744008569,-87.6563443618,2022,30,POINT (-87.6563443618 41.8744008569),,,,,2022-09-22,False,27,Near West Side
7971,30,TRAFFIC SIGNAL,FUNCTIONING PROPERLY,CLEAR,DAYLIGHT,PEDALCYCLIST,FOUR WAY,STRAIGHT AND LEVEL,WET,NO DEFECTS,Y,UNABLE TO DETERMINE,UNABLE TO DETERMINE,,NONINCAPACITATING INJURY,6,9,41.9603949428,-87.7818475265,2022,30,POINT (-87.7818475265 41.9603949428),,,,,2022-09-22,False,14,Portage Park
7972,20,NO CONTROLS,NO CONTROLS,CLEAR,DAYLIGHT,PEDALCYCLIST,ALLEY,STRAIGHT AND LEVEL,DRY,NO DEFECTS,,FAILING TO YIELD RIGHT-OF-WAY,NOT APPLICABLE,,NO INDICATION OF INJURY,8,9,41.9186161317,-87.7071587766,2022,20,POINT (-87.7071587766 41.9186161317),,,,,2022-09-22,False,21,Logan Square
7973,30,UNKNOWN,UNKNOWN,CLEAR,DAYLIGHT,PEDALCYCLIST,DIVIDED - W/MEDIAN (NOT RAISED),STRAIGHT AND LEVEL,UNKNOWN,UNKNOWN,,NOT APPLICABLE,NOT APPLICABLE,,NONINCAPACITATING INJURY,8,9,41.9618571074,-87.657300024,2022,30,POINT (-87.657300024 41.9618571074),,,,,2022-09-22,False,2,Uptown
7974,30,TRAFFIC SIGNAL,FUNCTIONING PROPERLY,CLEAR,DAYLIGHT,PEDALCYCLIST,FOUR WAY,STRAIGHT AND LEVEL,DRY,NO DEFECTS,Y,UNABLE TO DETERMINE,UNABLE TO DETERMINE,,NONINCAPACITATING INJURY,9,9,41.9240639889,-87.7513481518,2022,30,POINT (-87.7513481518 41.9240639889),,,,,2022-09-22,False,18,Belmont Cragin
7975,30,NO CONTROLS,NO CONTROLS,CLEAR,DAYLIGHT,PEDALCYCLIST,FOUR WAY,STRAIGHT AND LEVEL,DRY,NO DEFECTS,Y,FAILING TO YIELD RIGHT-OF-WAY,DRIVING SKILLS/KNOWLEDGE/EXPERIENCE,,NO INDICATION OF INJURY,11,9,41.9946167604,-87.6585047859,2022,30,POINT (-87.6585047859 41.9946167604),,,,,2022-09-22,False,76,Edgewater
7976,30,NO CONTROLS,NO CONTROLS,CLEAR,DAYLIGHT,PEDALCYCLIST,ONE-WAY,STRAIGHT AND LEVEL,DRY,UNKNOWN,,UNABLE TO DETERMINE,NOT APPLICABLE,Y,NONINCAPACITATING INJURY,17,9,41.8766674324,-87.6391776641,2022,30,POINT (-87.6391776641 41.8766674324),,,,,2022-09-22,False,27,Near West Side
7977,25,STOP SIGN/FLASHER,FUNCTIONING PROPERLY,CLEAR,DUSK,PEDALCYCLIST,FOUR WAY,STRAIGHT AND LEVEL,DRY,NO DEFECTS,Y,FAILING TO YIELD RIGHT-OF-WAY,FAILING TO YIELD RIGHT-OF-WAY,,NONINCAPACITATING INJURY,17,9,41.8901948827,-87.6476686991,2022,25,POINT (-87.6476686991 41.8901948827),,,,,2022-09-22,False,7,Near North Side
7978,30,TRAFFIC SIGNAL,FUNCTIONING PROPERLY,CLEAR,DAYLIGHT,PEDALCYCLIST,UNKNOWN INTERSECTION TYPE,STRAIGHT AND LEVEL,DRY,NO DEFECTS,Y,FAILING TO REDUCE SPEED TO AVOID CRASH,NOT APPLICABLE,,NONINCAPACITATING INJURY,17,9,41.6903298338,-87.6616461649,2022,30,POINT (-87.6616461649 41.6903298338),,,,,2022-09-22,False,74,Morgan Park
7979,30,NO CONTROLS,FUNCTIONING PROPERLY,CLEAR,DAYLIGHT,PEDALCYCLIST,NOT DIVIDED,STRAIGHT AND LEVEL,DRY,NO DEFECTS,,"OPERATING VEHICLE IN ERRATIC, RECKLESS, CARELESS, NEGLIGENT OR AGGRESSIVE MANNER",UNABLE TO DETERMINE,Y,INCAPACITATING INJURY,18,9,41.9684932693,-87.7150428978,2022,30,POINT (-87.7150428978 41.9684932693),,,,,2022-09-22,True,13,Albany Park
7980,30,TRAFFIC SIGNAL,FUNCTIONING PROPERLY,CLEAR,"DARKNESS, LIGHTED ROAD",PEDALCYCLIST,DIVIDED - W/MEDIAN (NOT RAISED),STRAIGHT AND LEVEL,DRY,NO DEFECTS,Y,UNABLE TO DETERMINE,UNABLE TO DETERMINE,,NONINCAPACITATING INJURY,6,9,41.8484857241,-87.6758929506,2022,30,POINT (-87.6758929506 41.8484857241),,,,,2022-09-23,False,30,Lower West Side
7981,35,NO CONTROLS,NO CONTROLS,CLEAR,DAYLIGHT,PEDALCYCLIST,NOT DIVIDED,STRAIGHT AND LEVEL,UNKNOWN,UNKNOWN,Y,FAILING TO YIELD RIGHT-OF-WAY,NOT APPLICABLE,,NO INDICATION OF INJURY,7,9,41.8599567,-87.6391585932,2022,35,POINT (-87.6391585932 41.8599567),,,,,2022-09-23,False,27,Near West Side
7982,30,STOP SIGN/FLASHER,FUNCTIONING PROPERLY,CLEAR,DAYLIGHT,PEDALCYCLIST,FOUR WAY,STRAIGHT AND LEVEL,DRY,NO DEFECTS,Y,FAILING TO YIELD RIGHT-OF-WAY,DISREGARDING STOP SIGN,,NONINCAPACITATING INJURY,8,9,41.7563777343,-87.6216451095,2022,30,POINT (-87.6216451095 41.7563777343),,,,,2022-09-23,False,68,Grand Crossing
7983,30,TRAFFIC SIGNAL,FUNCTIONING PROPERLY,CLEAR,DAYLIGHT,PEDALCYCLIST,NOT DIVIDED,STRAIGHT AND LEVEL,DRY,NO DEFECTS,,FOLLOWING TOO CLOSELY,NOT APPLICABLE,,NONINCAPACITATING INJURY,9,9,41.8674061304,-87.6470660707,2022,30,POINT (-87.6470660707 41.8674061304),,,,,2022-09-23,False,27,Near West Side
7984,30,NO CONTROLS,NO CONTROLS,CLEAR,DAYLIGHT,PEDALCYCLIST,OTHER,STRAIGHT AND LEVEL,DRY,NO DEFECTS,,FAILING TO YIELD RIGHT-OF-WAY,UNABLE TO DETERMINE,,NONINCAPACITATING INJURY,10,9,41.9889026315,-87.655202871,2022,30,POINT (-87.655202871 41.9889026315),,,,,2022-09-23,False,76,Edgewater
7985,30,NO CONTROLS,NO CONTROLS,CLEAR,DAYLIGHT,PEDALCYCLIST,NOT DIVIDED,STRAIGHT AND LEVEL,DRY,NO DEFECTS,,UNABLE TO DETERMINE,UNABLE TO DETERMINE,,NO INDICATION OF INJURY,14,9,41.8247110024,-87.6847182676,2022,30,POINT (-87.6847182676 41.8247110024),,,,,2022-09-23,False,57,Brighton Park
7986,25,NO CONTROLS,NO CONTROLS,CLEAR,DAYLIGHT,PEDALCYCLIST,NOT DIVIDED,STRAIGHT AND LEVEL,DRY,NO DEFECTS,,IMPROPER LANE USAGE,NOT APPLICABLE,,INCAPACITATING INJURY,16,9,41.9382467653,-87.7836490255,2022,25,POINT (-87.7836490255 41.9382467653),,,,,2022-09-23,True,16,Dunning
7987,10,NO CONTROLS,NO CONTROLS,CLEAR,DAYLIGHT,PEDALCYCLIST,PARKING LOT,STRAIGHT AND LEVEL,DRY,NO DEFECTS,,UNABLE TO DETERMINE,UNABLE TO DETERMINE,,NO INDICATION OF INJURY,17,9,41.8958633165,-87.6861920122,2022,10,POINT (-87.6861920122 41.8958633165),,,,,2022-09-23,False,23,West Town
7988,30,NO CONTROLS,NO CONTROLS,RAIN,"DARKNESS, LIGHTED ROAD",PEDALCYCLIST,DIVIDED - W/MEDIAN (NOT RAISED),STRAIGHT AND LEVEL,WET,NO DEFECTS,,FAILING TO YIELD RIGHT-OF-WAY,UNABLE TO DETERMINE,,NONINCAPACITATING INJURY,1,9,41.9551362704,-87.7081979393,2022,30,POINT (-87.7081979393 41.9551362704),,,,,2022-09-24,False,15,Irving Park
7989,30,POLICE/FLAGMAN,FUNCTIONING PROPERLY,CLEAR,DAYLIGHT,PEDALCYCLIST,Y-INTERSECTION,STRAIGHT AND LEVEL,DRY,NO DEFECTS,Y,FAILING TO YIELD RIGHT-OF-WAY,NOT APPLICABLE,,NONINCAPACITATING INJURY,9,9,41.9444159598,-87.6540496027,2022,30,POINT (-87.6540496027 41.9444159598),,,,,2022-09-24,False,5,Lake View
7990,30,NO CONTROLS,NO CONTROLS,CLEAR,DAYLIGHT,PEDALCYCLIST,NOT DIVIDED,STRAIGHT AND LEVEL,DRY,NO DEFECTS,,UNABLE TO DETERMINE,NOT APPLICABLE,,NONINCAPACITATING INJURY,10,9,42.0168721873,-87.6844876679,2022,30,POINT (-87.6844876679 42.0168721873),,,,,2022-09-24,False,0,Rogers Park
7991,30,NO CONTROLS,NO CONTROLS,CLEAR,DAYLIGHT,PEDALCYCLIST,ALLEY,STRAIGHT AND LEVEL,DRY,NO DEFECTS,,"VISION OBSCURED (SIGNS, TREE LIMBS, BUILDINGS, ETC.)",NOT APPLICABLE,,NONINCAPACITATING INJURY,10,9,41.954331536,-87.7130734165,2022,30,POINT (-87.7130734165 41.954331536),,,,,2022-09-24,False,15,Irving Park
7992,30,NO CONTROLS,NO CONTROLS,CLOUDY/OVERCAST,DAYLIGHT,PEDALCYCLIST,NOT DIVIDED,STRAIGHT AND LEVEL,UNKNOWN,UNKNOWN,,UNABLE TO DETERMINE,UNABLE TO DETERMINE,,NONINCAPACITATING INJURY,11,9,41.9396546489,-87.6506090487,2022,30,POINT (-87.6506090487 41.9396546489),,,,,2022-09-24,False,5,Lake View
7993,30,STOP SIGN/FLASHER,OTHER,CLEAR,UNKNOWN,PEDALCYCLIST,NOT DIVIDED,STRAIGHT AND LEVEL,DRY,NO DEFECTS,,UNABLE TO DETERMINE,NOT APPLICABLE,,"REPORTED, NOT EVIDENT",18,9,41.8552608487,-87.6613611783,2022,30,POINT (-87.6613611783 41.8552608487),,,,,2022-09-24,False,30,Lower West Side
7994,30,STOP SIGN/FLASHER,OTHER,CLEAR,DARKNESS,PEDALCYCLIST,DIVIDED - W/MEDIAN (NOT RAISED),STRAIGHT AND LEVEL,DRY,NO DEFECTS,Y,UNABLE TO DETERMINE,NOT APPLICABLE,,NONINCAPACITATING INJURY,18,9,41.9816158225,-87.6685711572,2022,30,POINT (-87.6685711572 41.9816158225),,,,,2022-09-24,False,76,Edgewater
7995,30,TRAFFIC SIGNAL,FUNCTIONING PROPERLY,CLEAR,"DARKNESS, LIGHTED ROAD",PEDALCYCLIST,FOUR WAY,STRAIGHT AND LEVEL,DRY,UNKNOWN,Y,UNABLE TO DETERMINE,FAILING TO YIELD RIGHT-OF-WAY,,NONINCAPACITATING INJURY,19,9,41.8898994584,-87.6371273011,2022,30,POINT (-87.6371273011 41.8898994584),,,,,2022-09-24,False,7,Near North Side
7996,30,NO CONTROLS,NO CONTROLS,CLEAR,"DARKNESS, LIGHTED ROAD",PEDALCYCLIST,NOT DIVIDED,STRAIGHT AND LEVEL,DRY,NO DEFECTS,,UNABLE TO DETERMINE,UNABLE TO DETERMINE,,NONINCAPACITATING INJURY,20,9,41.9619734882,-87.7084175855,2022,30,POINT (-87.7084175855 41.9619734882),,,,,2022-09-24,False,13,Albany Park
7997,30,TRAFFIC SIGNAL,FUNCTIONING PROPERLY,CLEAR,"DARKNESS, LIGHTED ROAD",PEDALCYCLIST,FOUR WAY,STRAIGHT AND LEVEL,DRY,NO DEFECTS,Y,IMPROPER TURNING/NO SIGNAL,NOT APPLICABLE,,INCAPACITATING INJURY,20,9,42.0052025284,-87.6607331946,2022,30,POINT (-87.6607331946 42.0052025284),,,,,2022-09-24,True,0,Rogers Park
7998,15,TRAFFIC SIGNAL,FUNCTIONING PROPERLY,RAIN,"DARKNESS, LIGHTED ROAD",PEDALCYCLIST,ONE-WAY,STRAIGHT AND LEVEL,WET,NO DEFECTS,Y,FAILING TO YIELD RIGHT-OF-WAY,FAILING TO YIELD RIGHT-OF-WAY,,NONINCAPACITATING INJURY,2,9,41.8992163606,-87.716496785,2022,15,POINT (-87.716496785 41.8992163606),,,,,2022-09-25,False,22,Humboldt Park
7999,30,TRAFFIC SIGNAL,FUNCTIONING PROPERLY,CLEAR,DAYLIGHT,PEDALCYCLIST,FOUR WAY,STRAIGHT AND LEVEL,DRY,NO DEFECTS,,FAILING TO YIELD RIGHT-OF-WAY,NOT APPLICABLE,,NONINCAPACITATING INJURY,15,9,41.9242189774,-87.7560263019,2022,30,POINT (-87.7560263019 41.9242189774),,,,,2022-09-25,False,18,Belmont Cragin
8000,25,STOP SIGN/FLASHER,NO CONTROLS,CLEAR,DAYLIGHT,PEDALCYCLIST,NOT DIVIDED,STRAIGHT AND LEVEL,DRY,NO DEFECTS,,NOT APPLICABLE,NOT APPLICABLE,,INCAPACITATING INJURY,18,9,41.9106517968,-87.6585044498,2022,25,POINT (-87.6585044498 41.9106517968),,,,,2022-09-25,True,7,Near North Side
8001,20,NO CONTROLS,NO CONTROLS,CLEAR,"DARKNESS, LIGHTED ROAD",PEDALCYCLIST,ONE-WAY,STRAIGHT AND LEVEL,DRY,NO DEFECTS,,UNABLE TO DETERMINE,NOT APPLICABLE,,NONINCAPACITATING INJURY,19,9,42.0190343112,-87.6891062042,2022,20,POINT (-87.6891062042 42.0190343112),,,,,2022-09-25,False,1,West Ridge
8002,35,OTHER,FUNCTIONING PROPERLY,CLEAR,"DARKNESS, LIGHTED ROAD",PEDALCYCLIST,NOT DIVIDED,STRAIGHT AND LEVEL,DRY,NO DEFECTS,,FAILING TO YIELD RIGHT-OF-WAY,UNABLE TO DETERMINE,,NO INDICATION OF INJURY,19,9,41.8756990817,-87.6326285865,2022,35,POINT (-87.6326285865 41.8756990817),,,,,2022-09-25,False,31,Loop
8003,30,TRAFFIC SIGNAL,FUNCTIONING PROPERLY,CLEAR,"DARKNESS, LIGHTED ROAD",PEDALCYCLIST,NOT REPORTED,STRAIGHT AND LEVEL,DRY,NO DEFECTS,Y,DISREGARDING OTHER TRAFFIC SIGNS,DISREGARDING OTHER TRAFFIC SIGNS,,NONINCAPACITATING INJURY,19,9,41.8754794162,-87.6325008258,2022,30,POINT (-87.6325008258 41.8754794162),,,,,2022-09-25,False,31,Loop