Unnamed: 0,POSTED_SPEED_LIMIT,TRAFFIC_CONTROL_DEVICE,DEVICE_CONDITION,WEATHER_CONDITION,LIGHTING_CONDITION,FIRST_CRASH_TYPE,TRAFFICWAY_TYPE,ALIGNMENT,ROADWAY_SURFACE_COND,ROAD_DEFECT,INTERSECTION_RELATED_I,PRIM_CONTRIBUTORY_CAUSE,SEC_CONTRIBUTORY_CAUSE,DOORING_I,MOST_SEVERE_INJURY,CRASH_HOUR,CRASH_MONTH,LATITUDE,LONGITUDE,CRASH_YEAR,SPEED_LIMIT,geometry,DISPLAYROU,the_geom,DIST,LANE_TYPE,CRASH_DATE,is_severe,index_right,CArea
8004,35,TRAFFIC SIGNAL,FUNCTIONING PROPERLY,CLEAR,DUSK,PEDALCYCLIST,DIVIDED - W/MEDIAN (NOT RAISED),STRAIGHT AND LEVEL,DRY,NO DEFECTS,,FAILING TO YIELD RIGHT-OF-WAY,NOT APPLICABLE,,NO INDICATION OF INJURY,5,9,41.7796008978,-87.6449296709,2022,35,POINT (-87.6449296709 41.7796008978),,,,,2022-09-26,False,67,Englewood
8005,30,UNKNOWN,UNKNOWN,UNKNOWN,DAYLIGHT,PEDALCYCLIST,NOT DIVIDED,STRAIGHT AND LEVEL,UNKNOWN,NO DEFECTS,,UNABLE TO DETERMINE,UNABLE TO DETERMINE,,"REPORTED, NOT EVIDENT",7,9,41.9106103718,-87.6317989723,2022,30,POINT (-87.6317989723 41.9106103718),,,,,2022-09-26,False,7,Near North Side
8006,30,TRAFFIC SIGNAL,FUNCTIONING PROPERLY,CLEAR,DAYLIGHT,PEDALCYCLIST,FOUR WAY,STRAIGHT AND LEVEL,DRY,NO DEFECTS,Y,DISREGARDING TRAFFIC SIGNALS,NOT APPLICABLE,,NO INDICATION OF INJURY,7,9,41.8737193731,-87.7057711497,2022,30,POINT (-87.7057711497 41.8737193731),,,,,2022-09-26,False,26,Garfield Park
8007,30,NO CONTROLS,NO CONTROLS,CLEAR,DAYLIGHT,PEDALCYCLIST,NOT DIVIDED,STRAIGHT AND LEVEL,DRY,NO DEFECTS,,FAILING TO REDUCE SPEED TO AVOID CRASH,UNABLE TO DETERMINE,,NONINCAPACITATING INJURY,12,9,41.8743895233,-87.6320104769,2022,30,POINT (-87.6320104769 41.8743895233),,,,,2022-09-26,False,31,Loop
8008,30,TRAFFIC SIGNAL,FUNCTIONING PROPERLY,CLEAR,DAYLIGHT,PEDALCYCLIST,DIVIDED - W/MEDIAN (NOT RAISED),STRAIGHT AND LEVEL,DRY,WORN SURFACE,,NOT APPLICABLE,UNABLE TO DETERMINE,,NONINCAPACITATING INJURY,17,9,41.8767927572,-87.6464021008,2022,30,POINT (-87.6464021008 41.8767927572),,,,,2022-09-26,False,27,Near West Side
8009,30,TRAFFIC SIGNAL,FUNCTIONING PROPERLY,CLEAR,DAYLIGHT,PEDALCYCLIST,NOT DIVIDED,STRAIGHT AND LEVEL,DRY,NO DEFECTS,,FAILING TO YIELD RIGHT-OF-WAY,"VISION OBSCURED (SIGNS, TREE LIMBS, BUILDINGS, ETC.)",,NONINCAPACITATING INJURY,17,9,41.857774983,-87.6607928939,2022,30,POINT (-87.6607928939 41.857774983),,,,,2022-09-26,False,27,Near West Side
8010,30,STOP SIGN/FLASHER,FUNCTIONING PROPERLY,CLEAR,DAYLIGHT,PEDALCYCLIST,RAMP,STRAIGHT AND LEVEL,DRY,NO DEFECTS,,DRIVING SKILLS/KNOWLEDGE/EXPERIENCE,UNABLE TO DETERMINE,,NO INDICATION OF INJURY,9,9,41.9257885717,-87.635727589,2022,30,POINT (-87.635727589 41.9257885717),,,,,2022-09-27,False,6,Lincoln Park
8011,30,TRAFFIC SIGNAL,FUNCTIONING PROPERLY,CLEAR,DAYLIGHT,PEDALCYCLIST,FOUR WAY,STRAIGHT AND LEVEL,DRY,NO DEFECTS,Y,DISREGARDING TRAFFIC SIGNALS,UNABLE TO DETERMINE,,"REPORTED, NOT EVIDENT",9,9,41.9545253432,-87.6621797922,2022,30,POINT (-87.6621797922 41.9545253432),,,,,2022-09-27,False,2,Uptown
8012,30,NO CONTROLS,NO CONTROLS,CLEAR,DAYLIGHT,PEDALCYCLIST,NOT DIVIDED,STRAIGHT AND LEVEL,DRY,NO DEFECTS,,UNABLE TO DETERMINE,NOT APPLICABLE,Y,NONINCAPACITATING INJURY,10,9,41.7586211596,-87.5921562376,2022,30,POINT (-87.5921562376 41.7586211596),,,,,2022-09-27,False,42,South Shore
8013,35,NO CONTROLS,NO CONTROLS,CLEAR,DAYLIGHT,PEDALCYCLIST,NOT DIVIDED,STRAIGHT AND LEVEL,DRY,NO DEFECTS,,UNABLE TO DETERMINE,NOT APPLICABLE,,NONINCAPACITATING INJURY,10,9,41.7588229428,-87.5920754149,2022,35,POINT (-87.5920754149 41.7588229428),,,,,2022-09-27,False,42,South Shore
8014,25,NO CONTROLS,NO CONTROLS,CLEAR,DAYLIGHT,PEDALCYCLIST,NOT DIVIDED,STRAIGHT AND LEVEL,WET,UNKNOWN,,FAILING TO REDUCE SPEED TO AVOID CRASH,FAILING TO YIELD RIGHT-OF-WAY,,NO INDICATION OF INJURY,16,9,41.9099809224,-87.7567524822,2022,25,POINT (-87.7567524822 41.9099809224),,,,,2022-09-27,False,24,Austin
8015,30,TRAFFIC SIGNAL,FUNCTIONING PROPERLY,CLEAR,DAYLIGHT,PEDALCYCLIST,DIVIDED - W/MEDIAN (NOT RAISED),STRAIGHT AND LEVEL,DRY,NO DEFECTS,N,FAILING TO YIELD RIGHT-OF-WAY,NOT APPLICABLE,,NONINCAPACITATING INJURY,16,9,41.9082555487,-87.7313611584,2022,30,POINT (-87.7313611584 41.9082555487),,,,,2022-09-27,False,22,Humboldt Park
8016,30,STOP SIGN/FLASHER,FUNCTIONING PROPERLY,CLEAR,"DARKNESS, LIGHTED ROAD",PEDALCYCLIST,FOUR WAY,STRAIGHT AND LEVEL,DRY,NO DEFECTS,Y,FAILING TO YIELD RIGHT-OF-WAY,FAILING TO REDUCE SPEED TO AVOID CRASH,,NONINCAPACITATING INJURY,19,9,41.9579663952,-87.6740238565,2022,30,POINT (-87.6740238565 41.9579663952),,,,,2022-09-27,False,2,Uptown
8017,30,TRAFFIC SIGNAL,FUNCTIONING PROPERLY,CLEAR,"DARKNESS, LIGHTED ROAD",PEDALCYCLIST,FOUR WAY,STRAIGHT AND LEVEL,DRY,NO DEFECTS,Y,NOT APPLICABLE,NOT APPLICABLE,,NONINCAPACITATING INJURY,23,9,41.7429840898,-87.6633965553,2022,30,POINT (-87.6633965553 41.7429840898),,,,,2022-09-27,False,70,Auburn Gresham
8018,20,STOP SIGN/FLASHER,FUNCTIONING PROPERLY,CLEAR,DAYLIGHT,PEDALCYCLIST,T-INTERSECTION,STRAIGHT AND LEVEL,DRY,NO DEFECTS,,NOT APPLICABLE,NOT APPLICABLE,Y,NONINCAPACITATING INJURY,7,9,41.9648601809,-87.7144141118,2022,20,POINT (-87.7144141118 41.9648601809),,,,,2022-09-28,False,13,Albany Park
8019,30,NO CONTROLS,NO CONTROLS,CLEAR,DAYLIGHT,PEDALCYCLIST,DIVIDED - W/MEDIAN (NOT RAISED),STRAIGHT AND LEVEL,DRY,NO DEFECTS,,NOT APPLICABLE,NOT APPLICABLE,,NO INDICATION OF INJURY,7,9,41.8766468411,-87.6406951193,2022,30,POINT (-87.6406951193 41.8766468411),,,,,2022-09-28,False,27,Near West Side
8020,30,NO CONTROLS,NO CONTROLS,CLEAR,DAYLIGHT,PEDALCYCLIST,DIVIDED - W/MEDIAN (NOT RAISED),STRAIGHT AND LEVEL,UNKNOWN,UNKNOWN,,UNABLE TO DETERMINE,UNABLE TO DETERMINE,,INCAPACITATING INJURY,8,9,41.8774953845,-87.6816553947,2022,30,POINT (-87.6816553947 41.8774953845),,,,,2022-09-28,True,27,Near West Side
8021,30,NO CONTROLS,NO CONTROLS,CLEAR,DAYLIGHT,PEDALCYCLIST,NOT DIVIDED,STRAIGHT AND LEVEL,DRY,NO DEFECTS,,FAILING TO YIELD RIGHT-OF-WAY,NOT APPLICABLE,,"REPORTED, NOT EVIDENT",8,9,41.9037924017,-87.6313687144,2022,30,POINT (-87.6313687144 41.9037924017),,,,,2022-09-28,False,7,Near North Side
8022,30,TRAFFIC SIGNAL,UNKNOWN,UNKNOWN,DAYLIGHT,PEDALCYCLIST,NOT DIVIDED,STRAIGHT AND LEVEL,UNKNOWN,UNKNOWN,Y,UNABLE TO DETERMINE,UNABLE TO DETERMINE,,NO INDICATION OF INJURY,14,9,41.897629246,-87.6242700688,2022,30,POINT (-87.6242700688 41.897629246),,,,,2022-09-28,False,7,Near North Side
8023,30,TRAFFIC SIGNAL,FUNCTIONING PROPERLY,CLEAR,DAYLIGHT,PEDALCYCLIST,TRAFFIC ROUTE,STRAIGHT AND LEVEL,DRY,UNKNOWN,,UNABLE TO DETERMINE,DRIVING SKILLS/KNOWLEDGE/EXPERIENCE,,NONINCAPACITATING INJURY,14,9,41.8669792052,-87.6509440406,2022,30,POINT (-87.6509440406 41.8669792052),,,,,2022-09-28,False,27,Near West Side
8024,35,TRAFFIC SIGNAL,FUNCTIONING PROPERLY,CLEAR,DAYLIGHT,PEDALCYCLIST,FOUR WAY,STRAIGHT AND LEVEL,DRY,NO DEFECTS,Y,UNABLE TO DETERMINE,UNABLE TO DETERMINE,,NO INDICATION OF INJURY,15,9,41.7651094319,-87.6445569518,2022,35,POINT (-87.6445569518 41.7651094319),,,,,2022-09-28,False,67,Englewood
8025,30,TRAFFIC SIGNAL,FUNCTIONING IMPROPERLY,CLEAR,DAYLIGHT,PEDALCYCLIST,RAMP,STRAIGHT AND LEVEL,UNKNOWN,UNKNOWN,Y,DISTRACTION - FROM OUTSIDE VEHICLE,FAILING TO YIELD RIGHT-OF-WAY,,NONINCAPACITATING INJURY,7,9,41.8579096688,-87.6165941385,2022,30,POINT (-87.6165941385 41.8579096688),,,,,2022-09-29,False,32,Near South Side
8026,30,UNKNOWN,UNKNOWN,CLEAR,DAYLIGHT,PEDALCYCLIST,DRIVEWAY,STRAIGHT AND LEVEL,DRY,NO DEFECTS,,UNABLE TO DETERMINE,NOT APPLICABLE,,NO INDICATION OF INJURY,9,9,41.931406291,-87.7479369735,2022,30,POINT (-87.7479369735 41.931406291),,,,,2022-09-29,False,18,Belmont Cragin
8027,30,TRAFFIC SIGNAL,FUNCTIONING PROPERLY,CLEAR,DAYLIGHT,PEDALCYCLIST,NOT DIVIDED,STRAIGHT AND LEVEL,DRY,NO DEFECTS,,UNABLE TO DETERMINE,UNABLE TO DETERMINE,,NO INDICATION OF INJURY,10,9,41.8964000539,-87.6537495116,2022,30,POINT (-87.6537495116 41.8964000539),,,,,2022-09-29,False,7,Near North Side
8028,30,STOP SIGN/FLASHER,FUNCTIONING PROPERLY,CLEAR,DAYLIGHT,PEDALCYCLIST,NOT DIVIDED,STRAIGHT AND LEVEL,DRY,NO DEFECTS,,UNABLE TO DETERMINE,NOT APPLICABLE,,NONINCAPACITATING INJURY,15,9,41.8867721191,-87.6534868024,2022,30,POINT (-87.6534868024 41.8867721191),,,,,2022-09-29,False,7,Near North Side
8029,30,UNKNOWN,UNKNOWN,UNKNOWN,UNKNOWN,PEDALCYCLIST,FOUR WAY,STRAIGHT AND LEVEL,UNKNOWN,UNKNOWN,,UNABLE TO DETERMINE,UNABLE TO DETERMINE,,NO INDICATION OF INJURY,16,9,41.8866125951,-87.6533937411,2022,30,POINT (-87.6533937411 41.8866125951),,,,,2022-09-29,False,7,Near North Side
8030,30,TRAFFIC SIGNAL,FUNCTIONING PROPERLY,CLEAR,DAYLIGHT,PEDALCYCLIST,FOUR WAY,STRAIGHT AND LEVEL,DRY,UNKNOWN,Y,NOT APPLICABLE,NOT APPLICABLE,,NO INDICATION OF INJURY,16,9,41.7775637386,-87.7911611411,2022,30,POINT (-87.7911611411 41.7775637386),,,,,2022-09-29,False,63,Clearing
8031,30,NO CONTROLS,NO CONTROLS,CLEAR,DAYLIGHT,PEDALCYCLIST,NOT DIVIDED,STRAIGHT AND LEVEL,DRY,NO DEFECTS,,UNABLE TO DETERMINE,UNABLE TO DETERMINE,Y,NONINCAPACITATING INJURY,17,9,41.9235909306,-87.6394195183,2022,30,POINT (-87.6394195183 41.9235909306),,,,,2022-09-29,False,6,Lincoln Park
8032,30,UNKNOWN,UNKNOWN,CLEAR,DUSK,PEDALCYCLIST,NOT DIVIDED,STRAIGHT AND LEVEL,DRY,NO DEFECTS,,FAILING TO YIELD RIGHT-OF-WAY,NOT APPLICABLE,,NONINCAPACITATING INJURY,19,9,41.9608685948,-87.7253171888,2022,30,POINT (-87.7253171888 41.9608685948),,,,,2022-09-29,False,15,Irving Park
8033,30,NO CONTROLS,NO CONTROLS,CLEAR,DAYLIGHT,PEDALCYCLIST,DIVIDED - W/MEDIAN (NOT RAISED),STRAIGHT AND LEVEL,DRY,NO DEFECTS,Y,FAILING TO YIELD RIGHT-OF-WAY,DISREGARDING STOP SIGN,N,NONINCAPACITATING INJURY,7,9,41.8008771354,-87.7076622271,2022,30,POINT (-87.7076622271 41.8008771354),,,,,2022-09-30,False,62,Gage Park
8034,30,STOP SIGN/FLASHER,FUNCTIONING PROPERLY,CLEAR,DAYLIGHT,PEDALCYCLIST,DIVIDED - W/MEDIAN (NOT RAISED),STRAIGHT AND LEVEL,DRY,NO DEFECTS,Y,DISREGARDING STOP SIGN,FAILING TO YIELD RIGHT-OF-WAY,,NO INDICATION OF INJURY,11,9,41.8307656159,-87.6532005999,2022,30,POINT (-87.6532005999 41.8307656159),,,,,2022-09-30,False,59,Bridgeport
8035,30,NO CONTROLS,NO CONTROLS,CLEAR,DAYLIGHT,PEDALCYCLIST,NOT DIVIDED,STRAIGHT AND LEVEL,DRY,NO DEFECTS,,NOT APPLICABLE,NOT APPLICABLE,,NO INDICATION OF INJURY,15,9,41.7784440803,-87.747213767,2022,30,POINT (-87.747213767 41.7784440803),,,,,2022-09-30,False,63,Clearing
8036,30,NO CONTROLS,NO CONTROLS,CLEAR,DAYLIGHT,PEDALCYCLIST,DIVIDED - W/MEDIAN (NOT RAISED),STRAIGHT AND LEVEL,DRY,UNKNOWN,,UNABLE TO DETERMINE,NOT APPLICABLE,Y,NONINCAPACITATING INJURY,17,9,41.9142614463,-87.6836860456,2022,30,POINT (-87.6836860456 41.9142614463),,,,,2022-09-30,False,21,Logan Square
8037,25,STOP SIGN/FLASHER,FUNCTIONING PROPERLY,CLEAR,"DARKNESS, LIGHTED ROAD",PEDALCYCLIST,FOUR WAY,STRAIGHT AND LEVEL,DRY,NO DEFECTS,,UNABLE TO DETERMINE,NOT APPLICABLE,,NONINCAPACITATING INJURY,22,9,41.9918615867,-87.7408645147,2022,25,POINT (-87.7408645147 41.9918615867),,,,,2022-09-30,False,11,Forest Glen
8038,30,UNKNOWN,UNKNOWN,CLEAR,DAYLIGHT,PEDALCYCLIST,NOT DIVIDED,STRAIGHT AND LEVEL,DRY,UNKNOWN,,UNABLE TO DETERMINE,UNABLE TO DETERMINE,,"REPORTED, NOT EVIDENT",9,10,41.905559286,-87.6320084511,2022,30,POINT (-87.6320084511 41.905559286),,,,,2022-10-01,False,7,Near North Side
8039,30,TRAFFIC SIGNAL,FUNCTIONING PROPERLY,CLEAR,DAYLIGHT,PEDALCYCLIST,FOUR WAY,STRAIGHT AND LEVEL,DRY,NO DEFECTS,Y,DRIVING ON WRONG SIDE/WRONG WAY,UNABLE TO DETERMINE,,INCAPACITATING INJURY,12,10,41.9382471883,-87.7958466617,2022,30,POINT (-87.7958466617 41.9382471883),,,,,2022-10-01,True,16,Dunning
8040,30,STOP SIGN/FLASHER,FUNCTIONING PROPERLY,CLEAR,DAYLIGHT,PEDALCYCLIST,OTHER,STRAIGHT AND LEVEL,DRY,NO DEFECTS,,NOT APPLICABLE,NOT APPLICABLE,,NONINCAPACITATING INJURY,13,10,41.8174202454,-87.6969977692,2022,30,POINT (-87.6969977692 41.8174202454),,,,,2022-10-01,False,57,Brighton Park
8041,30,TRAFFIC SIGNAL,FUNCTIONING PROPERLY,CLEAR,DAYLIGHT,PEDALCYCLIST,DIVIDED - W/MEDIAN (NOT RAISED),STRAIGHT AND LEVEL,DRY,NO DEFECTS,Y,FAILING TO YIELD RIGHT-OF-WAY,UNABLE TO DETERMINE,,INCAPACITATING INJURY,17,10,41.9242835898,-87.7464501903,2022,30,POINT (-87.7464501903 41.9242835898),,,,,2022-10-01,True,18,Belmont Cragin
8042,30,PEDESTRIAN CROSSING SIGN,UNKNOWN,CLEAR,DAYLIGHT,PEDALCYCLIST,NOT DIVIDED,STRAIGHT AND LEVEL,DRY,UNKNOWN,,FAILING TO YIELD RIGHT-OF-WAY,NOT APPLICABLE,,"REPORTED, NOT EVIDENT",17,10,41.8806531808,-87.7062600612,2022,30,POINT (-87.7062600612 41.8806531808),,,,,2022-10-01,False,26,Garfield Park
8043,30,STOP SIGN/FLASHER,FUNCTIONING PROPERLY,CLEAR,DAYLIGHT,PEDALCYCLIST,DIVIDED - W/MEDIAN (NOT RAISED),STRAIGHT AND LEVEL,DRY,NO DEFECTS,Y,FAILING TO YIELD RIGHT-OF-WAY,NOT APPLICABLE,,INCAPACITATING INJURY,18,10,41.9395149294,-87.6954011139,2022,30,POINT (-87.6954011139 41.9395149294),,,,,2022-10-01,True,4,North Center
8044,30,NO CONTROLS,NO CONTROLS,CLEAR,DAYLIGHT,PEDALCYCLIST,NOT DIVIDED,STRAIGHT AND LEVEL,DRY,NO DEFECTS,,UNABLE TO DETERMINE,UNABLE TO DETERMINE,,NO INDICATION OF INJURY,18,10,41.9403146014,-87.6591281913,2022,30,POINT (-87.6591281913 41.9403146014),,,,,2022-10-01,False,5,Lake View
8045,25,TRAFFIC SIGNAL,FUNCTIONING PROPERLY,CLEAR,"DARKNESS, LIGHTED ROAD",PEDALCYCLIST,FOUR WAY,STRAIGHT AND LEVEL,DRY,NO DEFECTS,Y,FAILING TO REDUCE SPEED TO AVOID CRASH,UNABLE TO DETERMINE,,NO INDICATION OF INJURY,19,10,42.0053134964,-87.6802524202,2022,25,POINT (-87.6802524202 42.0053134964),,,,,2022-10-01,False,0,Rogers Park
8046,30,NO CONTROLS,NO CONTROLS,CLEAR,"DARKNESS, LIGHTED ROAD",PEDALCYCLIST,NOT DIVIDED,STRAIGHT AND LEVEL,DRY,NO DEFECTS,,UNABLE TO DETERMINE,UNABLE TO DETERMINE,,INCAPACITATING INJURY,21,10,41.9573420021,-87.7514565722,2022,30,POINT (-87.7514565722 41.9573420021),,,,,2022-10-01,True,14,Portage Park
8047,30,UNKNOWN,UNKNOWN,CLEAR,"DARKNESS, LIGHTED ROAD",PEDALCYCLIST,FOUR WAY,STRAIGHT AND LEVEL,DRY,NO DEFECTS,Y,UNABLE TO DETERMINE,NOT APPLICABLE,,INCAPACITATING INJURY,1,10,41.7934442464,-87.6738841264,2022,30,POINT (-87.6738841264 41.7934442464),,,,,2022-10-02,True,66,Englewood
8048,30,TRAFFIC SIGNAL,FUNCTIONING PROPERLY,CLEAR,DAYLIGHT,PEDALCYCLIST,DIVIDED - W/MEDIAN (NOT RAISED),STRAIGHT AND LEVEL,DRY,NO DEFECTS,Y,BICYCLE ADVANCING LEGALLY ON RED LIGHT,NOT APPLICABLE,,NONINCAPACITATING INJURY,14,10,41.8360522043,-87.6658496163,2022,30,POINT (-87.6658496163 41.8360522043),,,,,2022-10-02,False,30,Lower West Side
8049,35,TRAFFIC SIGNAL,FUNCTIONING PROPERLY,CLEAR,DAYLIGHT,PEDALCYCLIST,DIVIDED - W/MEDIAN (NOT RAISED),STRAIGHT AND LEVEL,DRY,NO DEFECTS,,UNABLE TO DETERMINE,NOT APPLICABLE,,"REPORTED, NOT EVIDENT",17,10,41.8774128376,-87.6766908959,2022,35,POINT (-87.6766908959 41.8774128376),,,,,2022-10-02,False,27,Near West Side
8050,30,TRAFFIC SIGNAL,FUNCTIONING PROPERLY,CLEAR,DAYLIGHT,PEDALCYCLIST,NOT DIVIDED,STRAIGHT AND LEVEL,DRY,UNKNOWN,Y,BICYCLE ADVANCING LEGALLY ON RED LIGHT,NOT APPLICABLE,Y,NO INDICATION OF INJURY,7,10,41.9173253734,-87.7169209281,2022,30,POINT (-87.7169209281 41.9173253734),,,,,2022-10-03,False,21,Logan Square
8051,30,STOP SIGN/FLASHER,FUNCTIONING PROPERLY,CLEAR,DAYLIGHT,PEDALCYCLIST,FOUR WAY,STRAIGHT AND LEVEL,DRY,NO DEFECTS,Y,UNABLE TO DETERMINE,NOT APPLICABLE,N,NONINCAPACITATING INJURY,7,10,41.894790473,-87.759400091,2022,30,POINT (-87.759400091 41.894790473),,,,,2022-10-03,False,24,Austin
8052,30,NO CONTROLS,NO CONTROLS,CLEAR,DAYLIGHT,PEDALCYCLIST,DIVIDED - W/MEDIAN (NOT RAISED),STRAIGHT AND LEVEL,DRY,NO DEFECTS,,NOT APPLICABLE,NOT APPLICABLE,,NONINCAPACITATING INJURY,12,10,41.8894773761,-87.6268026308,2022,30,POINT (-87.6268026308 41.8894773761),,,,,2022-10-03,False,7,Near North Side
8053,30,UNKNOWN,UNKNOWN,CLEAR,DAYLIGHT,PEDALCYCLIST,FOUR WAY,STRAIGHT AND LEVEL,DRY,UNKNOWN,,UNABLE TO DETERMINE,UNABLE TO DETERMINE,,NO INDICATION OF INJURY,13,10,41.8933161344,-87.6327156896,2022,30,POINT (-87.6327156896 41.8933161344),,,,,2022-10-03,False,7,Near North Side
8054,20,NO CONTROLS,NO CONTROLS,CLEAR,DAYLIGHT,PEDALCYCLIST,NOT DIVIDED,STRAIGHT AND LEVEL,DRY,NO DEFECTS,,NOT APPLICABLE,NOT APPLICABLE,Y,NONINCAPACITATING INJURY,14,10,41.9469571566,-87.6640726561,2022,20,POINT (-87.6640726561 41.9469571566),,,,,2022-10-03,False,5,Lake View
8055,30,NO CONTROLS,NO CONTROLS,CLEAR,DAYLIGHT,PEDALCYCLIST,ONE-WAY,STRAIGHT AND LEVEL,DRY,NO DEFECTS,,FAILING TO YIELD RIGHT-OF-WAY,FAILING TO YIELD RIGHT-OF-WAY,,NONINCAPACITATING INJURY,15,10,41.8765584525,-87.6294013408,2022,30,POINT (-87.6294013408 41.8765584525),,,,,2022-10-03,False,31,Loop
8056,30,TRAFFIC SIGNAL,UNKNOWN,CLOUDY/OVERCAST,UNKNOWN,PEDALCYCLIST,OTHER,STRAIGHT AND LEVEL,UNKNOWN,UNKNOWN,Y,UNABLE TO DETERMINE,UNABLE TO DETERMINE,,NONINCAPACITATING INJURY,16,10,41.9464175497,-87.7323097186,2022,30,POINT (-87.7323097186 41.9464175497),,,,,2022-10-03,False,15,Irving Park
8057,30,NO CONTROLS,NO CONTROLS,CLEAR,DAYLIGHT,PEDALCYCLIST,NOT DIVIDED,STRAIGHT AND LEVEL,DRY,NO DEFECTS,,FOLLOWING TOO CLOSELY,NOT APPLICABLE,,NONINCAPACITATING INJURY,16,10,41.9239954707,-87.6465210425,2022,30,POINT (-87.6465210425 41.9239954707),,,,,2022-10-03,False,6,Lincoln Park
8058,35,TRAFFIC SIGNAL,FUNCTIONING PROPERLY,CLEAR,DARKNESS,PEDALCYCLIST,NOT DIVIDED,STRAIGHT AND LEVEL,DRY,NO DEFECTS,,IMPROPER LANE USAGE,DRIVING SKILLS/KNOWLEDGE/EXPERIENCE,,NONINCAPACITATING INJURY,19,10,41.6925556574,-87.618428812,2022,35,POINT (-87.618428812 41.6925556574),,,,,2022-10-03,False,48,Roseland
8059,25,NO CONTROLS,NO CONTROLS,CLEAR,"DARKNESS, LIGHTED ROAD",PEDALCYCLIST,DIVIDED - W/MEDIAN (NOT RAISED),STRAIGHT AND LEVEL,DRY,NO DEFECTS,,UNABLE TO DETERMINE,NOT APPLICABLE,,"REPORTED, NOT EVIDENT",20,10,41.7929561077,-87.7404617428,2022,25,POINT (-87.7404617428 41.7929561077),,,,,2022-10-03,False,55,Garfield Ridge
8060,30,TRAFFIC SIGNAL,FUNCTIONING PROPERLY,CLEAR,"DARKNESS, LIGHTED ROAD",PEDALCYCLIST,NOT DIVIDED,STRAIGHT AND LEVEL,DRY,UNKNOWN,,UNABLE TO DETERMINE,UNABLE TO DETERMINE,,NO INDICATION OF INJURY,21,10,41.8673305109,-87.6275660197,2022,30,POINT (-87.6275660197 41.8673305109),,,,,2022-10-03,False,31,Loop
8061,30,TRAFFIC SIGNAL,FUNCTIONING PROPERLY,CLEAR,DARKNESS,PEDALCYCLIST,DIVIDED - W/MEDIAN (NOT RAISED),STRAIGHT AND LEVEL,DRY,NO DEFECTS,,IMPROPER LANE USAGE,FOLLOWING TOO CLOSELY,Y,NONINCAPACITATING INJURY,21,10,41.9040226112,-87.6307628524,2022,30,POINT (-87.6307628524 41.9040226112),,,,,2022-10-03,False,7,Near North Side
8062,30,STOP SIGN/FLASHER,OTHER,CLEAR,"DARKNESS, LIGHTED ROAD",PEDALCYCLIST,NOT DIVIDED,STRAIGHT AND LEVEL,DRY,NO DEFECTS,,UNABLE TO DETERMINE,UNABLE TO DETERMINE,,NO INDICATION OF INJURY,23,10,41.9657184879,-87.6474766551,2022,30,POINT (-87.6474766551 41.9657184879),,,,,2022-10-03,False,2,Uptown
8063,30,STOP SIGN/FLASHER,NO CONTROLS,CLEAR,DAYLIGHT,PEDALCYCLIST,ONE-WAY,STRAIGHT AND LEVEL,DRY,NO DEFECTS,Y,DISREGARDING TRAFFIC SIGNALS,NOT APPLICABLE,,NO INDICATION OF INJURY,6,10,41.6991455663,-87.5283245305,2022,30,POINT (-87.5283245305 41.6991455663),,,,,2022-10-04,False,51,East Side
8064,30,NO CONTROLS,NO CONTROLS,CLEAR,DAYLIGHT,PEDALCYCLIST,NOT DIVIDED,STRAIGHT AND LEVEL,DRY,NO DEFECTS,,FAILING TO YIELD RIGHT-OF-WAY,NOT APPLICABLE,,"REPORTED, NOT EVIDENT",8,10,41.9181071242,-87.6973652954,2022,30,POINT (-87.6973652954 41.9181071242),,,,,2022-10-04,False,21,Logan Square
8065,30,TRAFFIC SIGNAL,FUNCTIONING PROPERLY,CLEAR,DAYLIGHT,PEDALCYCLIST,NOT DIVIDED,STRAIGHT AND LEVEL,DRY,NO DEFECTS,,UNABLE TO DETERMINE,NOT APPLICABLE,,"REPORTED, NOT EVIDENT",10,10,41.8463137724,-87.7146971107,2022,30,POINT (-87.7146971107 41.8463137724),,,,,2022-10-04,False,28,North Lawndale
8066,35,YIELD,UNKNOWN,CLEAR,DAYLIGHT,PEDALCYCLIST,DIVIDED - W/MEDIAN (NOT RAISED),STRAIGHT AND LEVEL,DRY,NO DEFECTS,,UNABLE TO DETERMINE,UNABLE TO DETERMINE,,NONINCAPACITATING INJURY,11,10,41.9971397505,-87.7386530351,2022,35,POINT (-87.7386530351 41.9971397505),,,,,2022-10-04,False,11,Forest Glen
8067,30,NO CONTROLS,NO CONTROLS,CLEAR,DAYLIGHT,PEDALCYCLIST,NOT DIVIDED,STRAIGHT AND LEVEL,DRY,NO DEFECTS,,UNABLE TO DETERMINE,UNABLE TO DETERMINE,,NO INDICATION OF INJURY,14,10,41.9012836434,-87.6634836249,2022,30,POINT (-87.6634836249 41.9012836434),,,,,2022-10-04,False,23,West Town
8069,30,UNKNOWN,UNKNOWN,CLEAR,DAYLIGHT,PEDALCYCLIST,NOT DIVIDED,STRAIGHT AND LEVEL,DRY,NO DEFECTS,,UNABLE TO DETERMINE,NOT APPLICABLE,,"REPORTED, NOT EVIDENT",16,10,41.9469731089,-87.6786161991,2022,30,POINT (-87.6786161991 41.9469731089),,,,,2022-10-04,False,4,North Center
8070,25,NO CONTROLS,NO CONTROLS,CLEAR,DAYLIGHT,PEDALCYCLIST,NOT DIVIDED,STRAIGHT AND LEVEL,DRY,NO DEFECTS,,NOT APPLICABLE,NOT APPLICABLE,,NO INDICATION OF INJURY,17,10,41.9356452408,-87.6434525215,2022,25,POINT (-87.6434525215 41.9356452408),,,,,2022-10-04,False,5,Lake View