Unnamed: 0,POSTED_SPEED_LIMIT,TRAFFIC_CONTROL_DEVICE,DEVICE_CONDITION,WEATHER_CONDITION,LIGHTING_CONDITION,FIRST_CRASH_TYPE,TRAFFICWAY_TYPE,ALIGNMENT,ROADWAY_SURFACE_COND,ROAD_DEFECT,INTERSECTION_RELATED_I,PRIM_CONTRIBUTORY_CAUSE,SEC_CONTRIBUTORY_CAUSE,DOORING_I,MOST_SEVERE_INJURY,CRASH_HOUR,CRASH_MONTH,LATITUDE,LONGITUDE,CRASH_YEAR,SPEED_LIMIT,geometry,DISPLAYROU,the_geom,DIST,LANE_TYPE,CRASH_DATE,is_severe,index_right,CArea
8071,30,STOP SIGN/FLASHER,OTHER,CLEAR,DAYLIGHT,PEDALCYCLIST,FOUR WAY,STRAIGHT AND LEVEL,DRY,NO DEFECTS,Y,DISREGARDING STOP SIGN,FAILING TO YIELD RIGHT-OF-WAY,,NO INDICATION OF INJURY,19,10,41.9095426571,-87.6303031392,2022,30,POINT (-87.6303031392 41.9095426571),,,,,2022-10-04,False,7,Near North Side
8072,30,NO CONTROLS,NO CONTROLS,CLEAR,DAYLIGHT,PEDALCYCLIST,T-INTERSECTION,STRAIGHT AND LEVEL,UNKNOWN,UNKNOWN,Y,DRIVING ON WRONG SIDE/WRONG WAY,DRIVING ON WRONG SIDE/WRONG WAY,,NONINCAPACITATING INJURY,8,10,41.8780576524,-87.6292689446,2022,30,POINT (-87.6292689446 41.8780576524),,,,,2022-10-05,False,31,Loop
8073,30,STOP SIGN/FLASHER,OTHER,CLEAR,DAYLIGHT,PEDALCYCLIST,FOUR WAY,STRAIGHT AND LEVEL,DRY,NO DEFECTS,Y,DISREGARDING STOP SIGN,CELL PHONE USE OTHER THAN TEXTING,,NONINCAPACITATING INJURY,9,10,41.9182319492,-87.6510875568,2022,30,POINT (-87.6510875568 41.9182319492),,,,,2022-10-05,False,6,Lincoln Park
8074,30,STOP SIGN/FLASHER,FUNCTIONING PROPERLY,CLEAR,DAYLIGHT,PEDALCYCLIST,DIVIDED - W/MEDIAN (NOT RAISED),STRAIGHT AND LEVEL,DRY,NO DEFECTS,Y,FAILING TO YIELD RIGHT-OF-WAY,FAILING TO REDUCE SPEED TO AVOID CRASH,,NO INDICATION OF INJURY,10,10,41.8324713235,-87.6462910487,2022,30,POINT (-87.6462910487 41.8324713235),,,,,2022-10-05,False,59,Bridgeport
8075,30,UNKNOWN,UNKNOWN,CLEAR,DAYLIGHT,PEDALCYCLIST,DIVIDED - W/MEDIAN (NOT RAISED),STRAIGHT AND LEVEL,DRY,UNKNOWN,,DRIVING SKILLS/KNOWLEDGE/EXPERIENCE,UNABLE TO DETERMINE,N,NO INDICATION OF INJURY,15,10,41.9319715594,-87.6576753215,2022,30,POINT (-87.6576753215 41.9319715594),,,,,2022-10-05,False,6,Lincoln Park
8076,30,TRAFFIC SIGNAL,FUNCTIONING PROPERLY,CLEAR,DAYLIGHT,PEDALCYCLIST,FOUR WAY,STRAIGHT AND LEVEL,DRY,NO DEFECTS,Y,FAILING TO YIELD RIGHT-OF-WAY,NOT APPLICABLE,,NONINCAPACITATING INJURY,16,10,41.8766560658,-87.6473489245,2022,30,POINT (-87.6473489245 41.8766560658),,,,,2022-10-05,False,27,Near West Side
8077,30,UNKNOWN,UNKNOWN,CLEAR,DAYLIGHT,PEDALCYCLIST,UNKNOWN INTERSECTION TYPE,STRAIGHT AND LEVEL,DRY,NO DEFECTS,,NOT APPLICABLE,NOT APPLICABLE,Y,NONINCAPACITATING INJURY,16,10,41.9078716695,-87.6317171007,2022,30,POINT (-87.6317171007 41.9078716695),,,,,2022-10-05,False,7,Near North Side
8078,30,NO CONTROLS,NO CONTROLS,CLEAR,DAYLIGHT,PEDALCYCLIST,NOT DIVIDED,STRAIGHT AND LEVEL,DRY,NO DEFECTS,,FAILING TO YIELD RIGHT-OF-WAY,NOT APPLICABLE,,NO INDICATION OF INJURY,18,10,41.9080029546,-87.6480506174,2022,30,POINT (-87.6480506174 41.9080029546),,,,,2022-10-05,False,7,Near North Side
8079,30,TRAFFIC SIGNAL,FUNCTIONING PROPERLY,CLEAR,"DARKNESS, LIGHTED ROAD",PEDALCYCLIST,FOUR WAY,STRAIGHT AND LEVEL,DRY,NO DEFECTS,Y,FAILING TO YIELD RIGHT-OF-WAY,NOT APPLICABLE,,"REPORTED, NOT EVIDENT",18,10,41.8937384086,-87.6240799779,2022,30,POINT (-87.6240799779 41.8937384086),,,,,2022-10-05,False,7,Near North Side
8080,30,STOP SIGN/FLASHER,FUNCTIONING PROPERLY,CLOUDY/OVERCAST,DAYLIGHT,PEDALCYCLIST,T-INTERSECTION,STRAIGHT AND LEVEL,DRY,NO DEFECTS,Y,FAILING TO YIELD RIGHT-OF-WAY,UNABLE TO DETERMINE,,NO INDICATION OF INJURY,7,10,41.8233946855,-87.6713586278,2022,30,POINT (-87.6713586278 41.8233946855),,,,,2022-10-06,False,58,Mckinley Park
8081,30,STOP SIGN/FLASHER,FUNCTIONING PROPERLY,CLEAR,DAYLIGHT,PEDALCYCLIST,FOUR WAY,STRAIGHT AND LEVEL,DRY,NO DEFECTS,Y,FAILING TO YIELD RIGHT-OF-WAY,NOT APPLICABLE,,NONINCAPACITATING INJURY,8,10,41.7113409803,-87.6581145336,2022,30,POINT (-87.6581145336 41.7113409803),,,,,2022-10-06,False,71,Beverly
8082,25,NO CONTROLS,NO CONTROLS,CLEAR,DAYLIGHT,PEDALCYCLIST,ONE-WAY,STRAIGHT AND LEVEL,DRY,NO DEFECTS,,FAILING TO YIELD RIGHT-OF-WAY,NOT APPLICABLE,Y,NONINCAPACITATING INJURY,10,10,41.9996210161,-87.6690668716,2022,25,POINT (-87.6690668716 41.9996210161),,,,,2022-10-06,False,0,Rogers Park
8083,30,NO CONTROLS,NO CONTROLS,CLEAR,DAYLIGHT,PEDALCYCLIST,NOT DIVIDED,STRAIGHT AND LEVEL,DRY,NO DEFECTS,Y,UNABLE TO DETERMINE,UNABLE TO DETERMINE,,NONINCAPACITATING INJURY,13,10,41.9364365529,-87.7957899455,2022,30,POINT (-87.7957899455 41.9364365529),,,,,2022-10-06,False,16,Dunning
8084,30,UNKNOWN,NO CONTROLS,RAIN,DUSK,PEDALCYCLIST,NOT DIVIDED,STRAIGHT AND LEVEL,WET,NO DEFECTS,,FAILING TO YIELD RIGHT-OF-WAY,WEATHER,,NONINCAPACITATING INJURY,17,10,41.9399841726,-87.6564787893,2022,30,POINT (-87.6564787893 41.9399841726),,,,,2022-10-06,False,5,Lake View
8085,30,NO CONTROLS,NO CONTROLS,RAIN,DAYLIGHT,PEDALCYCLIST,NOT DIVIDED,STRAIGHT AND LEVEL,DRY,NO DEFECTS,,UNABLE TO DETERMINE,UNABLE TO DETERMINE,,NO INDICATION OF INJURY,19,10,41.950962201,-87.7744055447,2022,30,POINT (-87.7744055447 41.950962201),,,,,2022-10-06,False,14,Portage Park
8086,30,NO CONTROLS,NO CONTROLS,CLEAR,"DARKNESS, LIGHTED ROAD",PEDALCYCLIST,DIVIDED - W/MEDIAN (NOT RAISED),STRAIGHT AND LEVEL,DRY,NO DEFECTS,,UNABLE TO DETERMINE,UNABLE TO DETERMINE,,NO INDICATION OF INJURY,22,10,41.7862352694,-87.6973962072,2022,30,POINT (-87.6973962072 41.7862352694),,,,,2022-10-06,False,62,Gage Park
8087,20,STOP SIGN/FLASHER,FUNCTIONING PROPERLY,RAIN,DAWN,PEDALCYCLIST,NOT DIVIDED,STRAIGHT AND LEVEL,WET,NO DEFECTS,Y,FAILING TO YIELD RIGHT-OF-WAY,FAILING TO REDUCE SPEED TO AVOID CRASH,,NONINCAPACITATING INJURY,6,10,41.9632141249,-87.6901112019,2022,20,POINT (-87.6901112019 41.9632141249),,,,,2022-10-07,False,3,Lincoln Square
8088,30,STOP SIGN/FLASHER,FUNCTIONING PROPERLY,RAIN,DAYLIGHT,PEDALCYCLIST,FOUR WAY,STRAIGHT AND LEVEL,WET,NO DEFECTS,Y,UNABLE TO DETERMINE,UNABLE TO DETERMINE,,NONINCAPACITATING INJURY,7,10,41.8661884102,-87.6565155498,2022,30,POINT (-87.6565155498 41.8661884102),,,,,2022-10-07,False,27,Near West Side
8089,30,NO CONTROLS,NO CONTROLS,RAIN,DAYLIGHT,PEDALCYCLIST,NOT DIVIDED,STRAIGHT AND LEVEL,WET,NO DEFECTS,Y,WEATHER,DRIVING SKILLS/KNOWLEDGE/EXPERIENCE,,INCAPACITATING INJURY,7,10,41.7965957903,-87.6161731137,2022,30,POINT (-87.6161731137 41.7965957903),,,,,2022-10-07,True,39,Washington Park
8090,30,STOP SIGN/FLASHER,NO CONTROLS,RAIN,DAYLIGHT,PEDALCYCLIST,FOUR WAY,STRAIGHT AND LEVEL,WET,NO DEFECTS,Y,FAILING TO YIELD RIGHT-OF-WAY,FAILING TO YIELD RIGHT-OF-WAY,,INCAPACITATING INJURY,8,10,41.9365859904,-87.6944509789,2022,30,POINT (-87.6944509789 41.9365859904),,,,,2022-10-07,True,4,North Center
8091,30,NO CONTROLS,NO CONTROLS,RAIN,DAYLIGHT,PEDALCYCLIST,NOT DIVIDED,STRAIGHT AND LEVEL,WET,NO DEFECTS,,WEATHER,NOT APPLICABLE,,NO INDICATION OF INJURY,9,10,41.932078435,-87.6445470089,2022,30,POINT (-87.6445470089 41.932078435),,,,,2022-10-07,False,6,Lincoln Park
8092,25,STOP SIGN/FLASHER,FUNCTIONING PROPERLY,RAIN,DAYLIGHT,PEDALCYCLIST,NOT DIVIDED,STRAIGHT AND LEVEL,WET,NO DEFECTS,,WEATHER,NOT APPLICABLE,,NONINCAPACITATING INJURY,11,10,42.0085560168,-87.6975177749,2022,25,POINT (-87.6975177749 42.0085560168),,,,,2022-10-07,False,1,West Ridge
8093,30,STOP SIGN/FLASHER,OTHER,CLEAR,DAYLIGHT,PEDALCYCLIST,DIVIDED - W/MEDIAN (NOT RAISED),STRAIGHT AND LEVEL,DRY,NO DEFECTS,,UNABLE TO DETERMINE,UNABLE TO DETERMINE,,NO INDICATION OF INJURY,13,10,41.9785160971,-87.6988621658,2022,30,POINT (-87.6988621658 41.9785160971),,,,,2022-10-07,False,3,Lincoln Square
8094,30,TRAFFIC SIGNAL,FUNCTIONING PROPERLY,CLEAR,DAYLIGHT,PEDALCYCLIST,DIVIDED - W/MEDIAN (NOT RAISED),STRAIGHT AND LEVEL,DRY,NO DEFECTS,Y,UNABLE TO DETERMINE,UNABLE TO DETERMINE,,NO INDICATION OF INJURY,15,10,41.9682983971,-87.7327375714,2022,30,POINT (-87.7327375714 41.9682983971),,,,,2022-10-07,False,11,Forest Glen
8095,30,TRAFFIC SIGNAL,FUNCTIONING PROPERLY,CLEAR,DAYLIGHT,PEDALCYCLIST,NOT DIVIDED,STRAIGHT AND LEVEL,DRY,NO DEFECTS,Y,UNABLE TO DETERMINE,NOT APPLICABLE,,NONINCAPACITATING INJURY,17,10,41.9219054777,-87.6487819809,2022,30,POINT (-87.6487819809 41.9219054777),,,,,2022-10-07,False,6,Lincoln Park
8096,20,NO CONTROLS,NO CONTROLS,CLEAR,DAYLIGHT,PEDALCYCLIST,DIVIDED - W/MEDIAN (NOT RAISED),STRAIGHT AND LEVEL,DRY,UNKNOWN,,UNABLE TO DETERMINE,UNABLE TO DETERMINE,,NO INDICATION OF INJURY,12,10,41.8414570973,-87.6522058892,2022,20,POINT (-87.6522058892 41.8414570973),,,,,2022-10-08,False,30,Lower West Side
8097,30,TRAFFIC SIGNAL,FUNCTIONING PROPERLY,CLEAR,DAYLIGHT,PEDALCYCLIST,DIVIDED - W/MEDIAN (NOT RAISED),STRAIGHT AND LEVEL,DRY,NO DEFECTS,Y,UNDER THE INFLUENCE OF ALCOHOL/DRUGS (USE WHEN ARREST IS EFFECTED),UNDER THE INFLUENCE OF ALCOHOL/DRUGS (USE WHEN ARREST IS EFFECTED),,INCAPACITATING INJURY,13,10,41.9395708768,-87.6882621442,2022,30,POINT (-87.6882621442 41.9395708768),,,,,2022-10-08,True,4,North Center
8098,30,TRAFFIC SIGNAL,FUNCTIONING PROPERLY,CLEAR,DAYLIGHT,PEDALCYCLIST,DIVIDED - W/MEDIAN BARRIER,STRAIGHT AND LEVEL,DRY,NO DEFECTS,,FAILING TO YIELD RIGHT-OF-WAY,UNABLE TO DETERMINE,,INCAPACITATING INJURY,14,10,41.8743045568,-87.6493652314,2022,30,POINT (-87.6493652314 41.8743045568),,,,,2022-10-08,True,27,Near West Side
8099,30,NO CONTROLS,NO CONTROLS,CLEAR,"DARKNESS, LIGHTED ROAD",PEDALCYCLIST,NOT DIVIDED,STRAIGHT AND LEVEL,DRY,NO DEFECTS,,FAILING TO YIELD RIGHT-OF-WAY,NOT APPLICABLE,,NONINCAPACITATING INJURY,19,10,41.9071764304,-87.6347378392,2022,30,POINT (-87.6347378392 41.9071764304),,,,,2022-10-08,False,7,Near North Side
8100,30,TRAFFIC SIGNAL,FUNCTIONING PROPERLY,CLEAR,"DARKNESS, LIGHTED ROAD",PEDALCYCLIST,FOUR WAY,STRAIGHT AND LEVEL,DRY,NO DEFECTS,Y,UNABLE TO DETERMINE,NOT APPLICABLE,,NONINCAPACITATING INJURY,19,10,41.9830307135,-87.695181524,2022,30,POINT (-87.695181524 41.9830307135),,,,,2022-10-08,False,3,Lincoln Square
8101,30,TRAFFIC SIGNAL,FUNCTIONING PROPERLY,CLEAR,"DARKNESS, LIGHTED ROAD",PEDALCYCLIST,OTHER,STRAIGHT AND LEVEL,DRY,NO DEFECTS,,DRIVING SKILLS/KNOWLEDGE/EXPERIENCE,NOT APPLICABLE,,NO INDICATION OF INJURY,22,10,41.9755709126,-87.7695595538,2022,30,POINT (-87.7695595538 41.9755709126),,,,,2022-10-08,False,10,Jefferson Park
8102,30,NO CONTROLS,NO CONTROLS,CLEAR,DAYLIGHT,PEDALCYCLIST,ONE-WAY,STRAIGHT AND LEVEL,UNKNOWN,UNKNOWN,,DRIVING SKILLS/KNOWLEDGE/EXPERIENCE,UNABLE TO DETERMINE,,"REPORTED, NOT EVIDENT",10,10,41.9487653105,-87.6521003588,2022,30,POINT (-87.6521003588 41.9487653105),,,,,2022-10-09,False,5,Lake View
8103,30,UNKNOWN,UNKNOWN,UNKNOWN,UNKNOWN,PEDALCYCLIST,NOT DIVIDED,STRAIGHT AND LEVEL,DRY,UNKNOWN,,UNABLE TO DETERMINE,UNABLE TO DETERMINE,Y,NO INDICATION OF INJURY,14,10,41.9262408491,-87.6496626449,2022,30,POINT (-87.6496626449 41.9262408491),,,,,2022-10-09,False,6,Lincoln Park
8104,30,STOP SIGN/FLASHER,UNKNOWN,CLEAR,DAYLIGHT,PEDALCYCLIST,NOT DIVIDED,STRAIGHT AND LEVEL,DRY,NO DEFECTS,,UNABLE TO DETERMINE,UNABLE TO DETERMINE,,NONINCAPACITATING INJURY,14,10,41.8916055909,-87.7258218463,2022,30,POINT (-87.7258218463 41.8916055909),,,,,2022-10-09,False,22,Humboldt Park
8105,30,NO CONTROLS,NO CONTROLS,CLEAR,DAYLIGHT,PEDALCYCLIST,NOT DIVIDED,STRAIGHT AND LEVEL,DRY,NO DEFECTS,,NOT APPLICABLE,NOT APPLICABLE,Y,NONINCAPACITATING INJURY,10,10,42.0124947045,-87.6722121838,2022,30,POINT (-87.6722121838 42.0124947045),,,,,2022-10-10,False,0,Rogers Park
8106,30,STOP SIGN/FLASHER,FUNCTIONING PROPERLY,CLEAR,DAYLIGHT,PEDALCYCLIST,DIVIDED - W/MEDIAN BARRIER,STRAIGHT AND LEVEL,DRY,NO DEFECTS,Y,UNABLE TO DETERMINE,UNABLE TO DETERMINE,N,"REPORTED, NOT EVIDENT",15,10,41.7657907704,-87.6639668865,2022,30,POINT (-87.6639668865 41.7657907704),,,,,2022-10-10,False,66,Englewood
8107,35,TRAFFIC SIGNAL,FUNCTIONING PROPERLY,CLEAR,DAYLIGHT,PEDALCYCLIST,FOUR WAY,STRAIGHT AND LEVEL,DRY,NO DEFECTS,Y,DRIVING SKILLS/KNOWLEDGE/EXPERIENCE,IMPROPER TURNING/NO SIGNAL,,NONINCAPACITATING INJURY,15,10,41.9251349437,-87.6779635455,2022,35,POINT (-87.6779635455 41.9251349437),,,,,2022-10-10,False,6,Lincoln Park
8108,35,TRAFFIC SIGNAL,FUNCTIONING PROPERLY,CLEAR,DAYLIGHT,PEDALCYCLIST,FOUR WAY,STRAIGHT AND LEVEL,DRY,NO DEFECTS,Y,FAILING TO YIELD RIGHT-OF-WAY,NOT APPLICABLE,,NONINCAPACITATING INJURY,17,10,41.769062342,-87.6266405634,2022,35,POINT (-87.6266405634 41.769062342),,,,,2022-10-10,False,68,Grand Crossing
8109,30,TRAFFIC SIGNAL,FUNCTIONING PROPERLY,CLEAR,DAYLIGHT,PEDALCYCLIST,FOUR WAY,STRAIGHT AND LEVEL,DRY,NO DEFECTS,Y,NOT APPLICABLE,NOT APPLICABLE,,NO INDICATION OF INJURY,17,10,41.9466752452,-87.7127785774,2022,30,POINT (-87.7127785774 41.9466752452),,,,,2022-10-10,False,15,Irving Park
8110,30,TRAFFIC SIGNAL,FUNCTIONING PROPERLY,RAIN,DAYLIGHT,PEDALCYCLIST,FOUR WAY,STRAIGHT AND LEVEL,WET,NO DEFECTS,Y,FAILING TO YIELD RIGHT-OF-WAY,NOT APPLICABLE,,NONINCAPACITATING INJURY,14,10,41.8899620151,-87.7062647911,2022,30,POINT (-87.7062647911 41.8899620151),,,,,2022-10-11,False,22,Humboldt Park
8111,30,NO CONTROLS,NO CONTROLS,CLEAR,DAYLIGHT,PEDALCYCLIST,NOT DIVIDED,STRAIGHT AND LEVEL,DRY,NO DEFECTS,,UNABLE TO DETERMINE,NOT APPLICABLE,,NO INDICATION OF INJURY,15,10,41.9036437258,-87.66670595,2022,30,POINT (-87.66670595 41.9036437258),,,,,2022-10-11,False,23,West Town
8112,30,STOP SIGN/FLASHER,FUNCTIONING PROPERLY,RAIN,DARKNESS,PEDALCYCLIST,ONE-WAY,STRAIGHT AND LEVEL,WET,NO DEFECTS,,FAILING TO YIELD RIGHT-OF-WAY,NOT APPLICABLE,,NONINCAPACITATING INJURY,18,10,41.7916970054,-87.6973433577,2022,30,POINT (-87.6973433577 41.7916970054),,,,,2022-10-11,False,62,Gage Park
8113,20,STOP SIGN/FLASHER,FUNCTIONING PROPERLY,RAIN,DARKNESS,PEDALCYCLIST,FOUR WAY,STRAIGHT AND LEVEL,WET,NO DEFECTS,Y,UNABLE TO DETERMINE,WEATHER,,NONINCAPACITATING INJURY,18,10,41.9118992646,-87.7167548014,2022,20,POINT (-87.7167548014 41.9118992646),,,,,2022-10-11,False,22,Humboldt Park
8114,30,NO CONTROLS,NO CONTROLS,RAIN,"DARKNESS, LIGHTED ROAD",PEDALCYCLIST,DIVIDED - W/MEDIAN BARRIER,STRAIGHT AND LEVEL,WET,NO DEFECTS,,WEATHER,NOT APPLICABLE,,NONINCAPACITATING INJURY,20,10,41.9269153768,-87.6683545455,2022,30,POINT (-87.6683545455 41.9269153768),,,,,2022-10-11,False,6,Lincoln Park
8115,25,NO CONTROLS,NO CONTROLS,RAIN,"DARKNESS, LIGHTED ROAD",PEDALCYCLIST,NOT DIVIDED,STRAIGHT AND LEVEL,WET,NO DEFECTS,,IMPROPER TURNING/NO SIGNAL,NOT APPLICABLE,,INCAPACITATING INJURY,7,10,41.9703513435,-87.6678137687,2022,25,POINT (-87.6678137687 41.9703513435),,,,,2022-10-12,True,2,Uptown
8116,20,STOP SIGN/FLASHER,FUNCTIONING PROPERLY,CLEAR,DAYLIGHT,PEDALCYCLIST,FOUR WAY,STRAIGHT AND LEVEL,DRY,NO DEFECTS,Y,DRIVING ON WRONG SIDE/WRONG WAY,DRIVING SKILLS/KNOWLEDGE/EXPERIENCE,,NO INDICATION OF INJURY,8,10,41.9204012294,-87.7672202157,2022,20,POINT (-87.7672202157 41.9204012294),,,,,2022-10-13,False,18,Belmont Cragin
8117,35,TRAFFIC SIGNAL,NO CONTROLS,CLEAR,DAYLIGHT,PEDALCYCLIST,FOUR WAY,STRAIGHT AND LEVEL,DRY,UNKNOWN,Y,UNABLE TO DETERMINE,IMPROPER LANE USAGE,,NONINCAPACITATING INJURY,8,10,41.867196447,-87.6510882209,2022,35,POINT (-87.6510882209 41.867196447),,,,,2022-10-13,False,27,Near West Side
8118,30,NO CONTROLS,NO CONTROLS,CLEAR,DAYLIGHT,PEDALCYCLIST,NOT DIVIDED,STRAIGHT AND LEVEL,DRY,NO DEFECTS,,FAILING TO YIELD RIGHT-OF-WAY,NOT APPLICABLE,,NONINCAPACITATING INJURY,12,10,41.8583613108,-87.6611848465,2022,30,POINT (-87.6611848465 41.8583613108),,,,,2022-10-13,False,27,Near West Side
8119,30,STOP SIGN/FLASHER,FUNCTIONING PROPERLY,CLEAR,DAYLIGHT,PEDALCYCLIST,ONE-WAY,STRAIGHT AND LEVEL,DRY,NO DEFECTS,Y,UNABLE TO DETERMINE,UNABLE TO DETERMINE,,NONINCAPACITATING INJURY,17,10,41.9455677122,-87.6471823545,2022,30,POINT (-87.6471823545 41.9455677122),,,,,2022-10-13,False,5,Lake View
8120,30,TRAFFIC SIGNAL,FUNCTIONING PROPERLY,CLEAR,DARKNESS,PEDALCYCLIST,FOUR WAY,STRAIGHT AND LEVEL,DRY,NO DEFECTS,,IMPROPER LANE USAGE,IMPROPER OVERTAKING/PASSING,,"REPORTED, NOT EVIDENT",18,10,41.890027918,-87.6278603458,2022,30,POINT (-87.6278603458 41.890027918),,,,,2022-10-13,False,7,Near North Side
8121,30,NO CONTROLS,NO CONTROLS,CLEAR,"DARKNESS, LIGHTED ROAD",PEDALCYCLIST,NOT DIVIDED,STRAIGHT AND LEVEL,DRY,NO DEFECTS,,UNABLE TO DETERMINE,NOT APPLICABLE,,NONINCAPACITATING INJURY,18,10,41.8986597769,-87.6344262877,2022,30,POINT (-87.6344262877 41.8986597769),,,,,2022-10-13,False,7,Near North Side
8122,30,NO CONTROLS,NO CONTROLS,CLEAR,DAYLIGHT,PEDALCYCLIST,NOT DIVIDED,STRAIGHT AND LEVEL,DRY,UNKNOWN,,UNABLE TO DETERMINE,UNABLE TO DETERMINE,,NONINCAPACITATING INJURY,15,10,41.8858062367,-87.645008859,2022,30,POINT (-87.645008859 41.8858062367),,,,,2022-10-14,False,27,Near West Side
8123,30,UNKNOWN,UNKNOWN,UNKNOWN,UNKNOWN,PEDALCYCLIST,NOT DIVIDED,STRAIGHT AND LEVEL,UNKNOWN,UNKNOWN,,UNABLE TO DETERMINE,UNABLE TO DETERMINE,,NO INDICATION OF INJURY,18,10,41.894990607,-87.6278291977,2022,30,POINT (-87.6278291977 41.894990607),,,,,2022-10-14,False,7,Near North Side
8124,30,NO CONTROLS,NO CONTROLS,CLEAR,"DARKNESS, LIGHTED ROAD",PEDALCYCLIST,DIVIDED - W/MEDIAN (NOT RAISED),STRAIGHT AND LEVEL,DRY,NO DEFECTS,,DRIVING SKILLS/KNOWLEDGE/EXPERIENCE,NOT APPLICABLE,Y,NO INDICATION OF INJURY,23,10,41.9106813916,-87.6345489248,2022,30,POINT (-87.6345489248 41.9106813916),,,,,2022-10-14,False,7,Near North Side
8125,30,TRAFFIC SIGNAL,FUNCTIONING PROPERLY,RAIN,"DARKNESS, LIGHTED ROAD",PEDALCYCLIST,FOUR WAY,STRAIGHT AND LEVEL,WET,NO DEFECTS,Y,UNABLE TO DETERMINE,NOT APPLICABLE,,NONINCAPACITATING INJURY,23,10,41.8856336694,-87.641168337,2022,30,POINT (-87.641168337 41.8856336694),,,,,2022-10-14,False,27,Near West Side
8126,10,STOP SIGN/FLASHER,FUNCTIONING PROPERLY,CLEAR,DAYLIGHT,PEDALCYCLIST,T-INTERSECTION,STRAIGHT AND LEVEL,DRY,UNKNOWN,Y,FAILING TO YIELD RIGHT-OF-WAY,NOT APPLICABLE,,NONINCAPACITATING INJURY,13,10,42.0043173719,-87.6801961365,2022,10,POINT (-87.6801961365 42.0043173719),,,,,2022-10-15,False,0,Rogers Park
8127,30,TRAFFIC SIGNAL,FUNCTIONING PROPERLY,CLEAR,DAYLIGHT,PEDALCYCLIST,DIVIDED - W/MEDIAN (NOT RAISED),STRAIGHT AND LEVEL,DRY,NO DEFECTS,,FAILING TO YIELD RIGHT-OF-WAY,NOT APPLICABLE,,"REPORTED, NOT EVIDENT",14,10,41.8858146661,-87.642935336,2022,30,POINT (-87.642935336 41.8858146661),,,,,2022-10-15,False,27,Near West Side
8128,30,TRAFFIC SIGNAL,FUNCTIONING PROPERLY,CLEAR,"DARKNESS, LIGHTED ROAD",PEDALCYCLIST,DIVIDED - W/MEDIAN (NOT RAISED),STRAIGHT AND LEVEL,DRY,NO DEFECTS,,UNABLE TO DETERMINE,UNABLE TO DETERMINE,,NO INDICATION OF INJURY,19,10,41.9760749349,-87.6795524562,2022,30,POINT (-87.6795524562 41.9760749349),,,,,2022-10-15,False,3,Lincoln Square
8129,20,TRAFFIC SIGNAL,FUNCTIONING PROPERLY,CLOUDY/OVERCAST,DAYLIGHT,PEDALCYCLIST,DIVIDED - W/MEDIAN (NOT RAISED),STRAIGHT AND LEVEL,DRY,UNKNOWN,Y,IMPROPER OVERTAKING/PASSING,BICYCLE ADVANCING LEGALLY ON RED LIGHT,,NO INDICATION OF INJURY,14,10,41.9031248989,-87.6870709642,2022,20,POINT (-87.6870709642 41.9031248989),,,,,2022-10-16,False,23,West Town
8130,30,NO CONTROLS,NO CONTROLS,CLOUDY/OVERCAST,DUSK,PEDALCYCLIST,NOT DIVIDED,STRAIGHT AND LEVEL,UNKNOWN,UNKNOWN,,IMPROPER OVERTAKING/PASSING,UNABLE TO DETERMINE,,NO INDICATION OF INJURY,16,10,41.9313182786,-87.6444237581,2022,30,POINT (-87.6444237581 41.9313182786),,,,,2022-10-16,False,6,Lincoln Park
8131,30,TRAFFIC SIGNAL,FUNCTIONING PROPERLY,CLEAR,DAYLIGHT,PEDALCYCLIST,NOT DIVIDED,STRAIGHT AND LEVEL,DRY,NO DEFECTS,Y,FAILING TO YIELD RIGHT-OF-WAY,IMPROPER LANE USAGE,,NONINCAPACITATING INJURY,17,10,41.7909766288,-87.6225174203,2022,30,POINT (-87.6225174203 41.7909766288),,,,,2022-10-16,False,39,Washington Park
8132,20,NO CONTROLS,NO CONTROLS,CLOUDY/OVERCAST,DAYLIGHT,PEDALCYCLIST,ONE-WAY,STRAIGHT AND LEVEL,DRY,NO DEFECTS,,"VISION OBSCURED (SIGNS, TREE LIMBS, BUILDINGS, ETC.)",NOT APPLICABLE,,NONINCAPACITATING INJURY,7,10,41.9592483562,-87.7088403752,2022,20,POINT (-87.7088403752 41.9592483562),,,,,2022-10-17,False,15,Irving Park
8133,30,STOP SIGN/FLASHER,FUNCTIONING PROPERLY,CLEAR,DAYLIGHT,PEDALCYCLIST,FOUR WAY,STRAIGHT AND LEVEL,DRY,NO DEFECTS,Y,FAILING TO YIELD RIGHT-OF-WAY,UNABLE TO DETERMINE,,"REPORTED, NOT EVIDENT",7,10,41.97487353,-87.6892620433,2022,30,POINT (-87.6892620433 41.97487353),,,,,2022-10-17,False,3,Lincoln Square
8134,20,TRAFFIC SIGNAL,FUNCTIONING PROPERLY,CLEAR,DAYLIGHT,PEDALCYCLIST,NOT DIVIDED,STRAIGHT AND LEVEL,DRY,NO DEFECTS,Y,FAILING TO YIELD RIGHT-OF-WAY,NOT APPLICABLE,,NONINCAPACITATING INJURY,10,10,41.9652560234,-87.659692692,2022,20,POINT (-87.659692692 41.9652560234),,,,,2022-10-17,False,2,Uptown