Unnamed: 0,POSTED_SPEED_LIMIT,TRAFFIC_CONTROL_DEVICE,DEVICE_CONDITION,WEATHER_CONDITION,LIGHTING_CONDITION,FIRST_CRASH_TYPE,TRAFFICWAY_TYPE,ALIGNMENT,ROADWAY_SURFACE_COND,ROAD_DEFECT,INTERSECTION_RELATED_I,PRIM_CONTRIBUTORY_CAUSE,SEC_CONTRIBUTORY_CAUSE,DOORING_I,MOST_SEVERE_INJURY,CRASH_HOUR,CRASH_MONTH,LATITUDE,LONGITUDE,CRASH_YEAR,SPEED_LIMIT,geometry,DISPLAYROU,the_geom,DIST,LANE_TYPE,CRASH_DATE,is_severe,index_right,CArea
8135,25,STOP SIGN/FLASHER,FUNCTIONING PROPERLY,CLEAR,DAYLIGHT,PEDALCYCLIST,NOT DIVIDED,STRAIGHT AND LEVEL,UNKNOWN,UNKNOWN,,UNABLE TO DETERMINE,UNABLE TO DETERMINE,N,NONINCAPACITATING INJURY,14,10,41.9740278873,-87.7805204582,2022,25,POINT (-87.7805204582 41.9740278873),,,,,2022-10-17,False,10,Jefferson Park
8136,30,TRAFFIC SIGNAL,UNKNOWN,UNKNOWN,UNKNOWN,PEDALCYCLIST,FOUR WAY,STRAIGHT AND LEVEL,UNKNOWN,UNKNOWN,Y,FAILING TO YIELD RIGHT-OF-WAY,UNABLE TO DETERMINE,,NONINCAPACITATING INJURY,18,10,41.9102242986,-87.7070365056,2022,30,POINT (-87.7070365056 41.9102242986),,,,,2022-10-17,False,22,Humboldt Park
8137,30,TRAFFIC SIGNAL,FUNCTIONING PROPERLY,CLEAR,"DARKNESS, LIGHTED ROAD",PEDALCYCLIST,CENTER TURN LANE,STRAIGHT AND LEVEL,DRY,NO DEFECTS,Y,UNABLE TO DETERMINE,NOT APPLICABLE,,NONINCAPACITATING INJURY,5,10,41.8818156316,-87.647214717,2022,30,POINT (-87.647214717 41.8818156316),,,,,2022-10-18,False,27,Near West Side
8138,30,NO CONTROLS,NO CONTROLS,CLEAR,DAYLIGHT,PEDALCYCLIST,NOT DIVIDED,STRAIGHT AND LEVEL,DRY,NO DEFECTS,,FAILING TO YIELD RIGHT-OF-WAY,FAILING TO YIELD RIGHT-OF-WAY,,NONINCAPACITATING INJURY,10,10,41.8555677196,-87.6263299017,2022,30,POINT (-87.6263299017 41.8555677196),,,,,2022-10-18,False,32,Near South Side
8139,30,TRAFFIC SIGNAL,FUNCTIONING PROPERLY,CLEAR,DAYLIGHT,PEDALCYCLIST,FOUR WAY,STRAIGHT AND LEVEL,DRY,NO DEFECTS,Y,FAILING TO YIELD RIGHT-OF-WAY,IMPROPER TURNING/NO SIGNAL,,NONINCAPACITATING INJURY,10,10,41.881960316,-87.6279372789,2022,30,POINT (-87.6279372789 41.881960316),,,,,2022-10-18,False,31,Loop
8140,20,TRAFFIC SIGNAL,FUNCTIONING PROPERLY,CLEAR,"DARKNESS, LIGHTED ROAD",PEDALCYCLIST,NOT DIVIDED,STRAIGHT AND LEVEL,DRY,UNKNOWN,Y,UNABLE TO DETERMINE,UNABLE TO DETERMINE,,INCAPACITATING INJURY,19,10,41.8165273393,-87.6312559585,2022,20,POINT (-87.6312559585 41.8165273393),,,,,2022-10-18,True,36,Fuller Park
8141,30,TRAFFIC SIGNAL,FUNCTIONING PROPERLY,CLEAR,DAYLIGHT,PEDALCYCLIST,NOT DIVIDED,STRAIGHT AND LEVEL,DRY,UNKNOWN,,FAILING TO YIELD RIGHT-OF-WAY,UNABLE TO DETERMINE,,NONINCAPACITATING INJURY,11,10,41.7717835388,-87.7030897727,2022,30,POINT (-87.7030897727 41.7717835388),,,,,2022-10-19,False,65,Chicago Lawn
8142,30,NO CONTROLS,NO CONTROLS,CLEAR,DAYLIGHT,PEDALCYCLIST,NOT DIVIDED,STRAIGHT AND LEVEL,DRY,NO DEFECTS,,UNABLE TO DETERMINE,NOT APPLICABLE,,NO INDICATION OF INJURY,13,10,41.6776662651,-87.6603192253,2022,30,POINT (-87.6603192253 41.6776662651),,,,,2022-10-19,False,52,West Pullman
8143,30,NO CONTROLS,NO CONTROLS,CLEAR,DAYLIGHT,PEDALCYCLIST,NOT DIVIDED,STRAIGHT AND LEVEL,DRY,NO DEFECTS,,IMPROPER TURNING/NO SIGNAL,UNABLE TO DETERMINE,,NO INDICATION OF INJURY,15,10,41.9317080039,-87.7416052388,2022,30,POINT (-87.7416052388 41.9317080039),,,,,2022-10-19,False,18,Belmont Cragin
8144,30,STOP SIGN/FLASHER,FUNCTIONING PROPERLY,CLEAR,DAYLIGHT,PEDALCYCLIST,FOUR WAY,STRAIGHT AND LEVEL,DRY,NO DEFECTS,Y,UNABLE TO DETERMINE,UNABLE TO DETERMINE,,NO INDICATION OF INJURY,17,10,41.9667577379,-87.7060357122,2022,30,POINT (-87.7060357122 41.9667577379),,,,,2022-10-19,False,3,Lincoln Square
8145,30,TRAFFIC SIGNAL,FUNCTIONING PROPERLY,CLEAR,"DARKNESS, LIGHTED ROAD",PEDALCYCLIST,DIVIDED - W/MEDIAN (NOT RAISED),STRAIGHT AND LEVEL,DRY,NO DEFECTS,Y,FAILING TO YIELD RIGHT-OF-WAY,UNABLE TO DETERMINE,,NONINCAPACITATING INJURY,20,10,41.9255403154,-87.6489121555,2022,30,POINT (-87.6489121555 41.9255403154),,,,,2022-10-19,False,6,Lincoln Park
8146,30,NO CONTROLS,NO CONTROLS,CLEAR,"DARKNESS, LIGHTED ROAD",PEDALCYCLIST,NOT DIVIDED,STRAIGHT AND LEVEL,DRY,UNKNOWN,,FAILING TO YIELD RIGHT-OF-WAY,FAILING TO YIELD RIGHT-OF-WAY,,"REPORTED, NOT EVIDENT",20,10,41.9683954718,-87.7238948946,2022,30,POINT (-87.7238948946 41.9683954718),,,,,2022-10-20,False,13,Albany Park
8147,25,NO CONTROLS,UNKNOWN,UNKNOWN,DARKNESS,PEDALCYCLIST,NOT DIVIDED,STRAIGHT AND LEVEL,UNKNOWN,UNKNOWN,Y,UNABLE TO DETERMINE,UNABLE TO DETERMINE,,NO INDICATION OF INJURY,21,10,41.8791136668,-87.6497633119,2022,25,POINT (-87.6497633119 41.8791136668),,,,,2022-10-20,False,27,Near West Side
8148,30,STOP SIGN/FLASHER,FUNCTIONING PROPERLY,CLEAR,"DARKNESS, LIGHTED ROAD",PEDALCYCLIST,ONE-WAY,STRAIGHT AND LEVEL,UNKNOWN,UNKNOWN,Y,UNABLE TO DETERMINE,UNABLE TO DETERMINE,,NO INDICATION OF INJURY,21,10,41.8792878493,-87.6496792879,2022,30,POINT (-87.6496792879 41.8792878493),,,,,2022-10-20,False,27,Near West Side
8149,30,NO CONTROLS,NO CONTROLS,CLEAR,DAYLIGHT,PEDALCYCLIST,NOT DIVIDED,STRAIGHT AND LEVEL,UNKNOWN,UNKNOWN,,UNABLE TO DETERMINE,UNABLE TO DETERMINE,,NONINCAPACITATING INJURY,8,10,41.943035722,-87.6444809591,2022,30,POINT (-87.6444809591 41.943035722),,,,,2022-10-21,False,5,Lake View
8150,20,NO CONTROLS,NO CONTROLS,CLEAR,DAYLIGHT,PEDALCYCLIST,NOT DIVIDED,STRAIGHT AND LEVEL,DRY,NO DEFECTS,,UNABLE TO DETERMINE,UNABLE TO DETERMINE,,NONINCAPACITATING INJURY,8,10,41.8947817243,-87.7161470473,2022,20,POINT (-87.7161470473 41.8947817243),,,,,2022-10-21,False,22,Humboldt Park
8151,30,UNKNOWN,UNKNOWN,UNKNOWN,UNKNOWN,PEDALCYCLIST,NOT DIVIDED,STRAIGHT AND LEVEL,UNKNOWN,UNKNOWN,,UNABLE TO DETERMINE,UNABLE TO DETERMINE,,NO INDICATION OF INJURY,13,10,41.8987721231,-87.6296858279,2022,30,POINT (-87.6296858279 41.8987721231),,,,,2022-10-21,False,7,Near North Side
8152,30,NO CONTROLS,NO CONTROLS,CLEAR,DAYLIGHT,PEDALCYCLIST,NOT DIVIDED,STRAIGHT AND LEVEL,DRY,NO DEFECTS,,UNABLE TO DETERMINE,NOT APPLICABLE,,NONINCAPACITATING INJURY,13,10,41.9200146581,-87.677849362,2022,30,POINT (-87.677849362 41.9200146581),,,,,2022-10-21,False,6,Lincoln Park
8153,35,STOP SIGN/FLASHER,FUNCTIONING PROPERLY,CLEAR,DAYLIGHT,PEDALCYCLIST,FOUR WAY,STRAIGHT AND LEVEL,DRY,NO DEFECTS,Y,UNABLE TO DETERMINE,UNABLE TO DETERMINE,,INCAPACITATING INJURY,14,10,41.9452039105,-87.8044748013,2022,35,POINT (-87.8044748013 41.9452039105),,,,,2022-10-21,True,16,Dunning
8154,35,TRAFFIC SIGNAL,FUNCTIONING PROPERLY,CLEAR,DAYLIGHT,PEDALCYCLIST,ONE-WAY,STRAIGHT AND LEVEL,DRY,NO DEFECTS,Y,DISREGARDING TRAFFIC SIGNALS,UNABLE TO DETERMINE,,NONINCAPACITATING INJURY,17,10,41.8947455075,-87.6296428781,2022,35,POINT (-87.6296428781 41.8947455075),,,,,2022-10-21,False,7,Near North Side
8155,30,TRAFFIC SIGNAL,FUNCTIONING PROPERLY,CLEAR,"DARKNESS, LIGHTED ROAD",PEDALCYCLIST,CENTER TURN LANE,STRAIGHT AND LEVEL,DRY,UNKNOWN,N,UNABLE TO DETERMINE,NOT APPLICABLE,,NO INDICATION OF INJURY,20,10,41.9036710715,-87.6327663492,2022,30,POINT (-87.6327663492 41.9036710715),,,,,2022-10-21,False,7,Near North Side
8156,30,TRAFFIC SIGNAL,FUNCTIONING PROPERLY,CLEAR,"DARKNESS, LIGHTED ROAD",PEDALCYCLIST,NOT DIVIDED,STRAIGHT AND LEVEL,DRY,NO DEFECTS,,IMPROPER TURNING/NO SIGNAL,UNABLE TO DETERMINE,,NONINCAPACITATING INJURY,3,10,42.0171344557,-87.6652543197,2022,30,POINT (-87.6652543197 42.0171344557),,,,,2022-10-22,False,0,Rogers Park
8157,35,NO CONTROLS,NO CONTROLS,CLEAR,DAYLIGHT,PEDALCYCLIST,Y-INTERSECTION,STRAIGHT ON HILLCREST,DRY,NO DEFECTS,,UNABLE TO DETERMINE,UNABLE TO DETERMINE,,INCAPACITATING INJURY,12,10,41.8528362846,-87.6418551597,2022,35,POINT (-87.6418551597 41.8528362846),,,,,2022-10-22,True,30,Lower West Side
8158,30,TRAFFIC SIGNAL,FUNCTIONING PROPERLY,CLEAR,DAYLIGHT,PEDALCYCLIST,FOUR WAY,STRAIGHT AND LEVEL,DRY,NO DEFECTS,,UNABLE TO DETERMINE,NOT APPLICABLE,,NO INDICATION OF INJURY,13,10,41.9039010423,-87.6675578593,2022,30,POINT (-87.6675578593 41.9039010423),,,,,2022-10-22,False,23,West Town
8159,35,NO CONTROLS,NO CONTROLS,CLEAR,DAYLIGHT,PEDALCYCLIST,FOUR WAY,STRAIGHT AND LEVEL,DRY,NO DEFECTS,,IMPROPER LANE USAGE,UNABLE TO DETERMINE,Y,NONINCAPACITATING INJURY,13,10,41.8837606352,-87.6340203098,2022,35,POINT (-87.6340203098 41.8837606352),,,,,2022-10-22,False,31,Loop
8160,30,TRAFFIC SIGNAL,FUNCTIONING PROPERLY,CLEAR,DAYLIGHT,PEDALCYCLIST,ONE-WAY,STRAIGHT AND LEVEL,DRY,NO DEFECTS,,UNABLE TO DETERMINE,UNABLE TO DETERMINE,,NONINCAPACITATING INJURY,15,10,41.746887475,-87.6439913832,2022,30,POINT (-87.6439913832 41.746887475),,,,,2022-10-22,False,70,Auburn Gresham
8161,30,UNKNOWN,UNKNOWN,CLEAR,DAYLIGHT,PEDALCYCLIST,DIVIDED - W/MEDIAN (NOT RAISED),STRAIGHT AND LEVEL,DRY,UNKNOWN,,DISREGARDING OTHER TRAFFIC SIGNS,FAILING TO REDUCE SPEED TO AVOID CRASH,,NONINCAPACITATING INJURY,16,10,41.8474843388,-87.6238157805,2022,30,POINT (-87.6238157805 41.8474843388),,,,,2022-10-22,False,32,Near South Side
8162,30,UNKNOWN,UNKNOWN,CLEAR,DAYLIGHT,PEDALCYCLIST,T-INTERSECTION,STRAIGHT AND LEVEL,DRY,NO DEFECTS,Y,UNABLE TO DETERMINE,UNABLE TO DETERMINE,,NONINCAPACITATING INJURY,17,10,41.8827966056,-87.6242414925,2022,30,POINT (-87.6242414925 41.8827966056),,,,,2022-10-22,False,31,Loop
8163,30,STOP SIGN/FLASHER,NO CONTROLS,CLEAR,DAYLIGHT,PEDALCYCLIST,FOUR WAY,STRAIGHT AND LEVEL,DRY,NO DEFECTS,,IMPROPER OVERTAKING/PASSING,IMPROPER OVERTAKING/PASSING,,"REPORTED, NOT EVIDENT",12,10,41.9234673765,-87.6533982911,2022,30,POINT (-87.6533982911 41.9234673765),,,,,2022-10-23,False,6,Lincoln Park
8164,30,NO CONTROLS,NO CONTROLS,CLEAR,DAYLIGHT,PEDALCYCLIST,NOT DIVIDED,STRAIGHT AND LEVEL,DRY,UNKNOWN,,"VISION OBSCURED (SIGNS, TREE LIMBS, BUILDINGS, ETC.)",NOT APPLICABLE,,"REPORTED, NOT EVIDENT",13,10,41.8502531967,-87.6952573186,2022,30,POINT (-87.6952573186 41.8502531967),,,,,2022-10-23,False,28,North Lawndale
8165,30,NO CONTROLS,NO CONTROLS,CLEAR,DAYLIGHT,PEDALCYCLIST,NOT DIVIDED,STRAIGHT AND LEVEL,DRY,NO DEFECTS,,NOT APPLICABLE,NOT APPLICABLE,,NONINCAPACITATING INJURY,14,10,41.7788059571,-87.7066573383,2022,30,POINT (-87.7066573383 41.7788059571),,,,,2022-10-23,False,65,Chicago Lawn
8166,30,TRAFFIC SIGNAL,FUNCTIONING PROPERLY,CLEAR,DUSK,PEDALCYCLIST,FOUR WAY,STRAIGHT AND LEVEL,DRY,NO DEFECTS,Y,UNABLE TO DETERMINE,NOT APPLICABLE,,"REPORTED, NOT EVIDENT",16,10,41.8756129698,-87.6243439421,2022,30,POINT (-87.6243439421 41.8756129698),,,,,2022-10-23,False,31,Loop
8167,30,STOP SIGN/FLASHER,FUNCTIONING PROPERLY,CLEAR,"DARKNESS, LIGHTED ROAD",PEDALCYCLIST,ONE-WAY,STRAIGHT AND LEVEL,DRY,NO DEFECTS,,UNABLE TO DETERMINE,NOT APPLICABLE,,NONINCAPACITATING INJURY,23,10,41.771152817,-87.6404084769,2022,30,POINT (-87.6404084769 41.771152817),,,,,2022-10-23,False,67,Englewood
8168,30,TRAFFIC SIGNAL,FUNCTIONING PROPERLY,CLEAR,DAYLIGHT,PEDALCYCLIST,DIVIDED - W/MEDIAN (NOT RAISED),STRAIGHT AND LEVEL,DRY,NO DEFECTS,,FOLLOWING TOO CLOSELY,NOT APPLICABLE,,NONINCAPACITATING INJURY,7,10,41.8813290607,-87.6680499009,2022,30,POINT (-87.6680499009 41.8813290607),,,,,2022-10-24,False,27,Near West Side
8169,30,TRAFFIC SIGNAL,FUNCTIONING PROPERLY,CLEAR,DAYLIGHT,PEDALCYCLIST,NOT DIVIDED,STRAIGHT AND LEVEL,DRY,NO DEFECTS,,NOT APPLICABLE,NOT APPLICABLE,,NO INDICATION OF INJURY,17,10,41.7935975128,-87.6939420481,2022,30,POINT (-87.6939420481 41.7935975128),,,,,2022-10-24,False,62,Gage Park
8170,30,NO CONTROLS,NO CONTROLS,CLEAR,DARKNESS,PEDALCYCLIST,ONE-WAY,STRAIGHT AND LEVEL,DRY,NO DEFECTS,,UNABLE TO DETERMINE,NOT APPLICABLE,,INCAPACITATING INJURY,19,10,41.9218405911,-87.6929078579,2022,30,POINT (-87.6929078579 41.9218405911),,,,,2022-10-24,True,21,Logan Square
8171,25,NO CONTROLS,NO CONTROLS,CLEAR,DARKNESS,PEDALCYCLIST,NOT DIVIDED,STRAIGHT AND LEVEL,DRY,NO DEFECTS,,UNABLE TO DETERMINE,UNABLE TO DETERMINE,Y,NONINCAPACITATING INJURY,20,10,41.9214667754,-87.637819971,2022,25,POINT (-87.637819971 41.9214667754),,,,,2022-10-24,False,6,Lincoln Park
8172,30,TRAFFIC SIGNAL,FUNCTIONING PROPERLY,RAIN,DAYLIGHT,PEDALCYCLIST,NOT DIVIDED,STRAIGHT AND LEVEL,WET,NO DEFECTS,Y,FAILING TO YIELD RIGHT-OF-WAY,NOT APPLICABLE,,NONINCAPACITATING INJURY,7,10,41.8954646591,-87.7064064593,2022,30,POINT (-87.7064064593 41.8954646591),,,,,2022-10-25,False,22,Humboldt Park
8173,30,STOP SIGN/FLASHER,FUNCTIONING PROPERLY,RAIN,DAYLIGHT,PEDALCYCLIST,FOUR WAY,STRAIGHT AND LEVEL,WET,NO DEFECTS,Y,DRIVING SKILLS/KNOWLEDGE/EXPERIENCE,NOT APPLICABLE,,INCAPACITATING INJURY,7,10,41.9172717981,-87.6604816766,2022,30,POINT (-87.6604816766 41.9172717981),,,,,2022-10-25,True,6,Lincoln Park
8174,30,TRAFFIC SIGNAL,FUNCTIONING PROPERLY,RAIN,DAYLIGHT,PEDALCYCLIST,NOT DIVIDED,STRAIGHT AND LEVEL,WET,NO DEFECTS,N,FAILING TO YIELD RIGHT-OF-WAY,WEATHER,,NO INDICATION OF INJURY,8,10,41.9135580335,-87.6529900764,2022,30,POINT (-87.6529900764 41.9135580335),,,,,2022-10-25,False,6,Lincoln Park
8175,30,TRAFFIC SIGNAL,FUNCTIONING PROPERLY,CLEAR,DAYLIGHT,PEDALCYCLIST,NOT DIVIDED,STRAIGHT AND LEVEL,DRY,NO DEFECTS,,UNABLE TO DETERMINE,NOT APPLICABLE,,NO INDICATION OF INJURY,17,10,41.8846863716,-87.6866766609,2022,30,POINT (-87.6866766609 41.8846863716),,,,,2022-10-25,False,27,Near West Side
8176,30,STOP SIGN/FLASHER,FUNCTIONING PROPERLY,CLEAR,DAYLIGHT,PEDALCYCLIST,FOUR WAY,STRAIGHT AND LEVEL,DRY,NO DEFECTS,Y,FAILING TO YIELD RIGHT-OF-WAY,"VISION OBSCURED (SIGNS, TREE LIMBS, BUILDINGS, ETC.)",,NONINCAPACITATING INJURY,8,10,41.8877832514,-87.6769428838,2022,30,POINT (-87.6769428838 41.8877832514),,,,,2022-10-26,False,27,Near West Side
8177,30,NO CONTROLS,NO CONTROLS,CLEAR,DAYLIGHT,PEDALCYCLIST,NOT DIVIDED,STRAIGHT AND LEVEL,DRY,NO DEFECTS,,DRIVING SKILLS/KNOWLEDGE/EXPERIENCE,NOT APPLICABLE,,NO INDICATION OF INJURY,8,10,41.8934649855,-87.6478201109,2022,30,POINT (-87.6478201109 41.8934649855),,,,,2022-10-26,False,7,Near North Side
8178,30,TRAFFIC SIGNAL,FUNCTIONING PROPERLY,CLEAR,DAYLIGHT,PEDALCYCLIST,FOUR WAY,STRAIGHT AND LEVEL,DRY,NO DEFECTS,Y,NOT APPLICABLE,NOT APPLICABLE,,NONINCAPACITATING INJURY,13,10,41.9510640531,-87.659795128,2022,30,POINT (-87.659795128 41.9510640531),,,,,2022-10-26,False,5,Lake View
8179,30,TRAFFIC SIGNAL,FUNCTIONING PROPERLY,CLEAR,DAYLIGHT,PEDALCYCLIST,ONE-WAY,STRAIGHT AND LEVEL,DRY,NO DEFECTS,,UNABLE TO DETERMINE,UNABLE TO DETERMINE,,NONINCAPACITATING INJURY,14,10,41.8854907843,-87.6308222718,2022,30,POINT (-87.6308222718 41.8854907843),,,,,2022-10-26,False,31,Loop
8180,30,TRAFFIC SIGNAL,FUNCTIONING PROPERLY,CLEAR,DAYLIGHT,PEDALCYCLIST,ONE-WAY,STRAIGHT AND LEVEL,DRY,NO DEFECTS,N,IMPROPER TURNING/NO SIGNAL,UNABLE TO DETERMINE,Y,NONINCAPACITATING INJURY,17,10,41.8916103043,-87.6295031435,2022,30,POINT (-87.6295031435 41.8916103043),,,,,2022-10-26,False,7,Near North Side
8181,30,NO CONTROLS,NO CONTROLS,CLEAR,DUSK,PEDALCYCLIST,ONE-WAY,STRAIGHT AND LEVEL,DRY,NO DEFECTS,,DISTRACTION - FROM INSIDE VEHICLE,DISTRACTION - FROM INSIDE VEHICLE,Y,INCAPACITATING INJURY,18,10,41.9081902999,-87.6824329435,2022,30,POINT (-87.6824329435 41.9081902999),,,,,2022-10-26,True,23,West Town
8182,30,TRAFFIC SIGNAL,FUNCTIONING PROPERLY,CLEAR,"DARKNESS, LIGHTED ROAD",PEDALCYCLIST,"FIVE POINT, OR MORE",STRAIGHT AND LEVEL,DRY,UNKNOWN,,IMPROPER OVERTAKING/PASSING,UNABLE TO DETERMINE,Y,NO INDICATION OF INJURY,20,10,41.9240379607,-87.6465804557,2022,30,POINT (-87.6465804557 41.9240379607),,,,,2022-10-26,False,6,Lincoln Park
8183,30,NO CONTROLS,NO CONTROLS,CLEAR,DARKNESS,PEDALCYCLIST,ONE-WAY,STRAIGHT AND LEVEL,DRY,NO DEFECTS,,UNABLE TO DETERMINE,UNABLE TO DETERMINE,N,NO INDICATION OF INJURY,21,10,41.7675146604,-87.6232042453,2022,30,POINT (-87.6232042453 41.7675146604),,,,,2022-10-27,False,68,Grand Crossing
8184,30,TRAFFIC SIGNAL,FUNCTIONING PROPERLY,CLEAR,DAYLIGHT,PEDALCYCLIST,DIVIDED - W/MEDIAN (NOT RAISED),STRAIGHT AND LEVEL,DRY,NO DEFECTS,Y,NOT APPLICABLE,BICYCLE ADVANCING LEGALLY ON RED LIGHT,N,NO INDICATION OF INJURY,7,10,41.7355447347,-87.6728012809,2022,30,POINT (-87.6728012809 41.7355447347),,,,,2022-10-28,False,69,Ashburn
8185,35,NO CONTROLS,NO CONTROLS,CLEAR,DAYLIGHT,PEDALCYCLIST,DIVIDED - W/MEDIAN (NOT RAISED),STRAIGHT AND LEVEL,DRY,NO DEFECTS,,UNABLE TO DETERMINE,UNABLE TO DETERMINE,,NO INDICATION OF INJURY,10,10,41.9499648988,-87.7077621606,2022,35,POINT (-87.7077621606 41.9499648988),,,,,2022-10-28,False,15,Irving Park
8186,30,NO CONTROLS,NO CONTROLS,CLEAR,DAYLIGHT,PEDALCYCLIST,NOT DIVIDED,STRAIGHT AND LEVEL,DRY,NO DEFECTS,,"VISION OBSCURED (SIGNS, TREE LIMBS, BUILDINGS, ETC.)",UNABLE TO DETERMINE,,NONINCAPACITATING INJURY,12,10,41.778987189,-87.7088638153,2022,30,POINT (-87.7088638153 41.778987189),,,,,2022-10-28,False,65,Chicago Lawn
8187,30,TRAFFIC SIGNAL,FUNCTIONING PROPERLY,CLEAR,DAYLIGHT,PEDALCYCLIST,DIVIDED - W/MEDIAN (NOT RAISED),STRAIGHT AND LEVEL,DRY,NO DEFECTS,,TURNING RIGHT ON RED,FAILING TO YIELD RIGHT-OF-WAY,,NONINCAPACITATING INJURY,15,10,41.903766951,-87.6329946152,2022,30,POINT (-87.6329946152 41.903766951),,,,,2022-10-28,False,7,Near North Side
8188,30,NO CONTROLS,NO CONTROLS,CLEAR,DAYLIGHT,PEDALCYCLIST,NOT DIVIDED,STRAIGHT AND LEVEL,DRY,NO DEFECTS,,FAILING TO YIELD RIGHT-OF-WAY,NOT APPLICABLE,,NO INDICATION OF INJURY,12,10,41.9608196273,-87.7674002859,2022,30,POINT (-87.7674002859 41.9608196273),,,,,2022-10-29,False,14,Portage Park
8189,30,STOP SIGN/FLASHER,FUNCTIONING PROPERLY,CLEAR,DAYLIGHT,PEDALCYCLIST,FOUR WAY,STRAIGHT AND LEVEL,DRY,NO DEFECTS,Y,DISREGARDING STOP SIGN,NOT APPLICABLE,,INCAPACITATING INJURY,16,10,41.937880483,-87.8100782783,2022,30,POINT (-87.8100782783 41.937880483),,,,,2022-10-29,True,16,Dunning
8190,30,NO CONTROLS,NO CONTROLS,CLEAR,"DARKNESS, LIGHTED ROAD",PEDALCYCLIST,ONE-WAY,STRAIGHT AND LEVEL,DRY,NO DEFECTS,,UNABLE TO DETERMINE,UNABLE TO DETERMINE,,NONINCAPACITATING INJURY,18,10,41.9384498205,-87.7677705158,2022,30,POINT (-87.7677705158 41.9384498205),,,,,2022-10-29,False,14,Portage Park
8191,25,NO CONTROLS,NO CONTROLS,CLEAR,"DARKNESS, LIGHTED ROAD",PEDALCYCLIST,DIVIDED - W/MEDIAN (NOT RAISED),STRAIGHT AND LEVEL,DRY,NO DEFECTS,,IMPROPER OVERTAKING/PASSING,NOT APPLICABLE,,INCAPACITATING INJURY,19,10,41.9244023584,-87.7560092867,2022,25,POINT (-87.7560092867 41.9244023584),,,,,2022-10-29,True,18,Belmont Cragin
8192,25,NO CONTROLS,UNKNOWN,CLEAR,"DARKNESS, LIGHTED ROAD",PEDALCYCLIST,OTHER,STRAIGHT AND LEVEL,DRY,NO DEFECTS,,DRIVING SKILLS/KNOWLEDGE/EXPERIENCE,NOT APPLICABLE,,NO INDICATION OF INJURY,19,10,41.8346963596,-87.6323255921,2022,25,POINT (-87.6323255921 41.8346963596),,,,,2022-10-30,False,33,Armour Square
8193,30,UNKNOWN,UNKNOWN,UNKNOWN,UNKNOWN,PEDALCYCLIST,UNKNOWN,STRAIGHT AND LEVEL,UNKNOWN,UNKNOWN,,IMPROPER LANE USAGE,UNABLE TO DETERMINE,,NONINCAPACITATING INJURY,19,10,41.8925622525,-87.6255420976,2022,30,POINT (-87.6255420976 41.8925622525),,,,,2022-10-30,False,7,Near North Side
8194,30,TRAFFIC SIGNAL,FUNCTIONING PROPERLY,FOG/SMOKE/HAZE,DAYLIGHT,PEDALCYCLIST,FOUR WAY,STRAIGHT AND LEVEL,WET,UNKNOWN,,FAILING TO YIELD RIGHT-OF-WAY,UNABLE TO DETERMINE,,NONINCAPACITATING INJURY,8,10,41.880598955,-87.6299073905,2022,30,POINT (-87.6299073905 41.880598955),,,,,2022-10-31,False,31,Loop
8195,30,NO CONTROLS,NO CONTROLS,CLEAR,DAYLIGHT,PEDALCYCLIST,DIVIDED - W/MEDIAN (NOT RAISED),STRAIGHT AND LEVEL,DRY,NO DEFECTS,,UNABLE TO DETERMINE,UNABLE TO DETERMINE,,NO INDICATION OF INJURY,16,10,41.946467796,-87.7120240971,2022,30,POINT (-87.7120240971 41.946467796),,,,,2022-10-31,False,15,Irving Park
8196,30,STOP SIGN/FLASHER,FUNCTIONING PROPERLY,RAIN,DAWN,PEDALCYCLIST,FOUR WAY,STRAIGHT AND LEVEL,WET,NO DEFECTS,Y,IMPROPER LANE USAGE,NOT APPLICABLE,,NONINCAPACITATING INJURY,16,10,41.8762260877,-87.7253701423,2022,30,POINT (-87.7253701423 41.8762260877),,,,,2022-10-31,False,25,Garfield Park
8197,35,STOP SIGN/FLASHER,OTHER,CLEAR,DUSK,PEDALCYCLIST,DIVIDED - W/MEDIAN (NOT RAISED),STRAIGHT AND LEVEL,WET,UNKNOWN,,IMPROPER OVERTAKING/PASSING,IMPROPER LANE USAGE,,NONINCAPACITATING INJURY,17,10,41.8800858906,-87.6789957958,2022,35,POINT (-87.6789957958 41.8800858906),,,,,2022-10-31,False,27,Near West Side
8198,25,TRAFFIC SIGNAL,NO CONTROLS,CLEAR,DAYLIGHT,PEDALCYCLIST,FOUR WAY,STRAIGHT AND LEVEL,DRY,NO DEFECTS,Y,UNABLE TO DETERMINE,NOT APPLICABLE,,NONINCAPACITATING INJURY,8,11,41.7686605533,-87.6639628761,2022,25,POINT (-87.6639628761 41.7686605533),,,,,2022-11-01,False,66,Englewood
8199,30,STOP SIGN/FLASHER,FUNCTIONING PROPERLY,CLEAR,DAYLIGHT,PEDALCYCLIST,NOT DIVIDED,STRAIGHT AND LEVEL,DRY,NO DEFECTS,,FAILING TO YIELD RIGHT-OF-WAY,NOT APPLICABLE,,NO INDICATION OF INJURY,9,11,41.9935825209,-87.7288218301,2022,30,POINT (-87.7288218301 41.9935825209),,,,,2022-11-01,False,11,Forest Glen