Unnamed: 0,POSTED_SPEED_LIMIT,TRAFFIC_CONTROL_DEVICE,DEVICE_CONDITION,WEATHER_CONDITION,LIGHTING_CONDITION,FIRST_CRASH_TYPE,TRAFFICWAY_TYPE,ALIGNMENT,ROADWAY_SURFACE_COND,ROAD_DEFECT,INTERSECTION_RELATED_I,PRIM_CONTRIBUTORY_CAUSE,SEC_CONTRIBUTORY_CAUSE,DOORING_I,MOST_SEVERE_INJURY,CRASH_HOUR,CRASH_MONTH,LATITUDE,LONGITUDE,CRASH_YEAR,SPEED_LIMIT,geometry,DISPLAYROU,the_geom,DIST,LANE_TYPE,CRASH_DATE,is_severe,index_right,CArea
8200,30,TRAFFIC SIGNAL,FUNCTIONING PROPERLY,CLEAR,DAYLIGHT,PEDALCYCLIST,CENTER TURN LANE,STRAIGHT AND LEVEL,DRY,NO DEFECTS,,IMPROPER LANE USAGE,UNABLE TO DETERMINE,N,NONINCAPACITATING INJURY,16,11,41.9135223868,-87.6529400928,2022,30,POINT (-87.6529400928 41.9135223868),,,,,2022-11-01,False,6,Lincoln Park
8201,30,TRAFFIC SIGNAL,FUNCTIONING PROPERLY,CLEAR,DAYLIGHT,PEDALCYCLIST,FOUR WAY,STRAIGHT AND LEVEL,DRY,NO DEFECTS,,UNABLE TO DETERMINE,UNABLE TO DETERMINE,,NONINCAPACITATING INJURY,16,11,41.9462374368,-87.7358106577,2022,30,POINT (-87.7358106577 41.9462374368),,,,,2022-11-01,False,15,Irving Park
8202,30,NO CONTROLS,NO CONTROLS,CLEAR,DAYLIGHT,PEDALCYCLIST,NOT DIVIDED,STRAIGHT AND LEVEL,DRY,NO DEFECTS,,DRIVING SKILLS/KNOWLEDGE/EXPERIENCE,FAILING TO YIELD RIGHT-OF-WAY,,"REPORTED, NOT EVIDENT",16,11,41.9762685007,-87.6922112165,2022,30,POINT (-87.6922112165 41.9762685007),,,,,2022-11-01,False,3,Lincoln Square
8203,30,NO CONTROLS,NO CONTROLS,CLEAR,"DARKNESS, LIGHTED ROAD",PEDALCYCLIST,DIVIDED - W/MEDIAN (NOT RAISED),STRAIGHT AND LEVEL,DRY,UNKNOWN,,UNABLE TO DETERMINE,NOT APPLICABLE,,"REPORTED, NOT EVIDENT",18,11,41.9033619789,-87.6732455292,2022,30,POINT (-87.6732455292 41.9033619789),,,,,2022-11-01,False,23,West Town
8204,30,STOP SIGN/FLASHER,FUNCTIONING PROPERLY,CLEAR,"DARKNESS, LIGHTED ROAD",PEDALCYCLIST,ONE-WAY,STRAIGHT AND LEVEL,DRY,NO DEFECTS,Y,FAILING TO YIELD RIGHT-OF-WAY,FAILING TO REDUCE SPEED TO AVOID CRASH,N,INCAPACITATING INJURY,22,11,41.8999082903,-87.6305533977,2022,30,POINT (-87.6305533977 41.8999082903),,,,,2022-11-01,True,7,Near North Side
8205,30,TRAFFIC SIGNAL,FUNCTIONING PROPERLY,CLEAR,"DARKNESS, LIGHTED ROAD",PEDALCYCLIST,NOT DIVIDED,STRAIGHT AND LEVEL,DRY,NO DEFECTS,Y,DRIVING ON WRONG SIDE/WRONG WAY,DRIVING ON WRONG SIDE/WRONG WAY,,NO INDICATION OF INJURY,6,11,41.953900709,-87.7130541045,2022,30,POINT (-87.7130541045 41.953900709),,,,,2022-11-02,False,15,Irving Park
8206,30,NO CONTROLS,NO CONTROLS,CLEAR,DAYLIGHT,PEDALCYCLIST,NOT DIVIDED,STRAIGHT AND LEVEL,DRY,NO DEFECTS,,UNABLE TO DETERMINE,UNABLE TO DETERMINE,,NO INDICATION OF INJURY,8,11,41.8892581895,-87.6355708424,2022,30,POINT (-87.6355708424 41.8892581895),,,,,2022-11-02,False,7,Near North Side
8208,30,TRAFFIC SIGNAL,FUNCTIONING PROPERLY,CLEAR,DAYLIGHT,PEDALCYCLIST,CENTER TURN LANE,STRAIGHT AND LEVEL,DRY,NO DEFECTS,Y,FAILING TO YIELD RIGHT-OF-WAY,NOT APPLICABLE,,NONINCAPACITATING INJURY,8,11,41.9902891782,-87.699545547,2022,30,POINT (-87.699545547 41.9902891782),,,,,2022-11-02,False,1,West Ridge
8209,30,NO CONTROLS,NO CONTROLS,CLEAR,DAYLIGHT,PEDALCYCLIST,NOT DIVIDED,STRAIGHT AND LEVEL,DRY,UNKNOWN,,UNABLE TO DETERMINE,UNABLE TO DETERMINE,Y,INCAPACITATING INJURY,9,11,41.9101297869,-87.6348252838,2022,30,POINT (-87.6348252838 41.9101297869),,,,,2022-11-02,True,7,Near North Side
8210,30,NO CONTROLS,NO CONTROLS,CLEAR,DAYLIGHT,PEDALCYCLIST,NOT DIVIDED,STRAIGHT AND LEVEL,DRY,NO DEFECTS,,UNABLE TO DETERMINE,UNABLE TO DETERMINE,Y,NONINCAPACITATING INJURY,14,11,41.792210056,-87.6063185716,2022,30,POINT (-87.6063185716 41.792210056),,,,,2022-11-02,False,39,Washington Park
8211,30,NO CONTROLS,NO CONTROLS,CLEAR,DAYLIGHT,PEDALCYCLIST,NOT DIVIDED,STRAIGHT AND LEVEL,DRY,NO DEFECTS,,UNABLE TO DETERMINE,UNABLE TO DETERMINE,Y,NONINCAPACITATING INJURY,15,11,41.8964220155,-87.6280463636,2022,30,POINT (-87.6280463636 41.8964220155),,,,,2022-11-02,False,7,Near North Side
8212,30,NO CONTROLS,NO CONTROLS,CLEAR,DAYLIGHT,PEDALCYCLIST,FOUR WAY,STRAIGHT AND LEVEL,DRY,NO DEFECTS,Y,UNABLE TO DETERMINE,NOT APPLICABLE,,NONINCAPACITATING INJURY,16,11,41.9437178912,-87.7048269833,2022,30,POINT (-87.7048269833 41.9437178912),,,,,2022-11-02,False,15,Irving Park
8213,30,NO CONTROLS,NO CONTROLS,CLEAR,DAYLIGHT,PEDALCYCLIST,NOT DIVIDED,STRAIGHT AND LEVEL,DRY,NO DEFECTS,,FAILING TO YIELD RIGHT-OF-WAY,FAILING TO YIELD RIGHT-OF-WAY,,NONINCAPACITATING INJURY,17,11,41.9681784797,-87.7441381988,2022,30,POINT (-87.7441381988 41.9681784797),,,,,2022-11-02,False,11,Forest Glen
8214,30,TRAFFIC SIGNAL,UNKNOWN,UNKNOWN,UNKNOWN,PEDALCYCLIST,FOUR WAY,STRAIGHT AND LEVEL,UNKNOWN,UNKNOWN,Y,UNABLE TO DETERMINE,UNABLE TO DETERMINE,,NO INDICATION OF INJURY,18,11,41.9326088807,-87.6490677548,2022,30,POINT (-87.6490677548 41.9326088807),,,,,2022-11-02,False,5,Lake View
8215,30,STOP SIGN/FLASHER,OTHER,CLEAR,"DARKNESS, LIGHTED ROAD",PEDALCYCLIST,ONE-WAY,STRAIGHT AND LEVEL,DRY,NO DEFECTS,Y,UNABLE TO DETERMINE,FAILING TO YIELD RIGHT-OF-WAY,,NONINCAPACITATING INJURY,21,11,41.8909228984,-87.6186575446,2022,30,POINT (-87.6186575446 41.8909228984),,,,,2022-11-02,False,7,Near North Side
8216,30,NO CONTROLS,NO CONTROLS,CLEAR,"DARKNESS, LIGHTED ROAD",PEDALCYCLIST,DIVIDED - W/MEDIAN (NOT RAISED),STRAIGHT AND LEVEL,DRY,NO DEFECTS,,UNABLE TO DETERMINE,UNABLE TO DETERMINE,,NONINCAPACITATING INJURY,5,11,41.9315417683,-87.7540862233,2022,30,POINT (-87.7540862233 41.9315417683),,,,,2022-11-03,False,18,Belmont Cragin
8217,30,NO CONTROLS,NO CONTROLS,CLEAR,DAYLIGHT,PEDALCYCLIST,DIVIDED - W/MEDIAN (NOT RAISED),STRAIGHT AND LEVEL,DRY,NO DEFECTS,Y,"VISION OBSCURED (SIGNS, TREE LIMBS, BUILDINGS, ETC.)",UNABLE TO DETERMINE,,NONINCAPACITATING INJURY,7,11,41.9464905948,-87.7100948109,2022,30,POINT (-87.7100948109 41.9464905948),,,,,2022-11-03,False,15,Irving Park
8218,30,TRAFFIC SIGNAL,FUNCTIONING PROPERLY,CLEAR,DAYLIGHT,PEDALCYCLIST,OTHER,STRAIGHT AND LEVEL,DRY,NO DEFECTS,,FOLLOWING TOO CLOSELY,NOT APPLICABLE,,NO INDICATION OF INJURY,8,11,41.8963844813,-87.6554111193,2022,30,POINT (-87.6554111193 41.8963844813),,,,,2022-11-03,False,7,Near North Side
8219,30,TRAFFIC SIGNAL,FUNCTIONING PROPERLY,CLEAR,DAYLIGHT,PEDALCYCLIST,FOUR WAY,STRAIGHT AND LEVEL,DRY,NO DEFECTS,Y,UNABLE TO DETERMINE,UNABLE TO DETERMINE,,NONINCAPACITATING INJURY,8,11,41.7939695828,-87.6377406708,2022,30,POINT (-87.6377406708 41.7939695828),,,,,2022-11-03,False,60,New City
8220,30,NO CONTROLS,NO CONTROLS,CLEAR,DAYLIGHT,PEDALCYCLIST,ONE-WAY,STRAIGHT AND LEVEL,DRY,NO DEFECTS,,UNABLE TO DETERMINE,UNABLE TO DETERMINE,,INCAPACITATING INJURY,15,11,41.9500294094,-87.7183623796,2022,30,POINT (-87.7183623796 41.9500294094),,,,,2022-11-03,True,15,Irving Park
8221,30,UNKNOWN,UNKNOWN,CLEAR,DAYLIGHT,PEDALCYCLIST,T-INTERSECTION,STRAIGHT AND LEVEL,UNKNOWN,UNKNOWN,Y,UNABLE TO DETERMINE,NOT APPLICABLE,,NONINCAPACITATING INJURY,16,11,42.0192660842,-87.6973474689,2022,30,POINT (-87.6973474689 42.0192660842),,,,,2022-11-03,False,1,West Ridge
8222,30,STOP SIGN/FLASHER,FUNCTIONING PROPERLY,CLEAR,DARKNESS,PEDALCYCLIST,NOT DIVIDED,STRAIGHT AND LEVEL,DRY,NO DEFECTS,Y,FAILING TO YIELD RIGHT-OF-WAY,UNABLE TO DETERMINE,,NO INDICATION OF INJURY,19,11,41.9256428279,-87.6438712794,2022,30,POINT (-87.6438712794 41.9256428279),,,,,2022-11-03,False,6,Lincoln Park
8223,30,NO CONTROLS,NO CONTROLS,CLEAR,DAYLIGHT,PEDALCYCLIST,NOT DIVIDED,STRAIGHT AND LEVEL,DRY,NO DEFECTS,Y,UNABLE TO DETERMINE,NOT APPLICABLE,,NO INDICATION OF INJURY,8,11,41.9091920591,-87.6772829073,2022,30,POINT (-87.6772829073 41.9091920591),,,,,2022-11-04,False,23,West Town
8224,30,NO CONTROLS,NO CONTROLS,CLOUDY/OVERCAST,DAYLIGHT,PEDALCYCLIST,DIVIDED - W/MEDIAN (NOT RAISED),STRAIGHT AND LEVEL,DRY,NO DEFECTS,,UNABLE TO DETERMINE,NOT APPLICABLE,Y,NONINCAPACITATING INJURY,10,11,41.9574326606,-87.7091618092,2022,30,POINT (-87.7091618092 41.9574326606),,,,,2022-11-04,False,15,Irving Park
8225,30,NO CONTROLS,NO CONTROLS,CLEAR,DAYLIGHT,PEDALCYCLIST,DIVIDED - W/MEDIAN (NOT RAISED),STRAIGHT AND LEVEL,DRY,NO DEFECTS,Y,UNABLE TO DETERMINE,UNABLE TO DETERMINE,,"REPORTED, NOT EVIDENT",11,11,41.9434891902,-87.645078817,2022,30,POINT (-87.645078817 41.9434891902),,,,,2022-11-04,False,5,Lake View
8226,30,TRAFFIC SIGNAL,FUNCTIONING PROPERLY,RAIN,DAYLIGHT,PEDALCYCLIST,DIVIDED - W/MEDIAN (NOT RAISED),STRAIGHT AND LEVEL,WET,NO DEFECTS,Y,FAILING TO YIELD RIGHT-OF-WAY,DISREGARDING OTHER TRAFFIC SIGNS,,NO INDICATION OF INJURY,13,11,41.8750647607,-87.6667463667,2022,30,POINT (-87.6667463667 41.8750647607),,,,,2022-11-04,False,27,Near West Side
8227,30,TRAFFIC SIGNAL,FUNCTIONING PROPERLY,CLEAR,DAYLIGHT,PEDALCYCLIST,DIVIDED - W/MEDIAN (NOT RAISED),STRAIGHT AND LEVEL,DRY,NO DEFECTS,,UNABLE TO DETERMINE,NOT APPLICABLE,,NO INDICATION OF INJURY,15,11,41.8818087852,-87.6520930659,2022,30,POINT (-87.6520930659 41.8818087852),,,,,2022-11-04,False,27,Near West Side
8228,30,STOP SIGN/FLASHER,FUNCTIONING PROPERLY,CLOUDY/OVERCAST,"DARKNESS, LIGHTED ROAD",PEDALCYCLIST,FOUR WAY,STRAIGHT AND LEVEL,DRY,NO DEFECTS,Y,DISREGARDING STOP SIGN,DISREGARDING YIELD SIGN,,NONINCAPACITATING INJURY,18,11,41.719026305,-87.5508827339,2022,30,POINT (-87.5508827339 41.719026305),,,,,2022-11-04,False,50,South Deering
8229,30,TRAFFIC SIGNAL,FUNCTIONING PROPERLY,CLEAR,"DARKNESS, LIGHTED ROAD",PEDALCYCLIST,FOUR WAY,STRAIGHT AND LEVEL,UNKNOWN,UNKNOWN,Y,UNABLE TO DETERMINE,NOT APPLICABLE,,"REPORTED, NOT EVIDENT",19,11,41.9248712432,-87.7024366591,2022,30,POINT (-87.7024366591 41.9248712432),,,,,2022-11-04,False,21,Logan Square
8230,30,NO CONTROLS,NO CONTROLS,RAIN,DARKNESS,PEDALCYCLIST,NOT DIVIDED,STRAIGHT AND LEVEL,WET,NO DEFECTS,,UNDER THE INFLUENCE OF ALCOHOL/DRUGS (USE WHEN ARREST IS EFFECTED),IMPROPER LANE USAGE,,NO INDICATION OF INJURY,2,11,41.9171678404,-87.6633443803,2022,30,POINT (-87.6633443803 41.9171678404),,,,,2022-11-05,False,6,Lincoln Park
8231,30,TRAFFIC SIGNAL,FUNCTIONING PROPERLY,RAIN,DAYLIGHT,PEDALCYCLIST,NOT DIVIDED,STRAIGHT AND LEVEL,WET,NO DEFECTS,,DISREGARDING OTHER TRAFFIC SIGNS,BICYCLE ADVANCING LEGALLY ON RED LIGHT,,NO INDICATION OF INJURY,12,11,41.9036947196,-87.6374245335,2022,30,POINT (-87.6374245335 41.9036947196),,,,,2022-11-05,False,7,Near North Side
8232,30,UNKNOWN,UNKNOWN,UNKNOWN,UNKNOWN,PEDALCYCLIST,T-INTERSECTION,STRAIGHT AND LEVEL,UNKNOWN,UNKNOWN,Y,UNABLE TO DETERMINE,UNABLE TO DETERMINE,,"REPORTED, NOT EVIDENT",12,11,41.9039135342,-87.6376525333,2022,30,POINT (-87.6376525333 41.9039135342),,,,,2022-11-05,False,7,Near North Side
8233,30,NO CONTROLS,NO CONTROLS,RAIN,DARKNESS,PEDALCYCLIST,DRIVEWAY,STRAIGHT AND LEVEL,WET,NO DEFECTS,,FAILING TO YIELD RIGHT-OF-WAY,UNABLE TO DETERMINE,,NO INDICATION OF INJURY,18,11,41.8002053807,-87.5858696678,2022,30,POINT (-87.5858696678 41.8002053807),,,,,2022-11-05,False,40,Hyde Park
8234,30,NO CONTROLS,NO CONTROLS,CLEAR,DAYLIGHT,PEDALCYCLIST,NOT DIVIDED,STRAIGHT AND LEVEL,DRY,NO DEFECTS,,UNABLE TO DETERMINE,UNABLE TO DETERMINE,Y,INCAPACITATING INJURY,12,11,41.9398433458,-87.65125514,2022,30,POINT (-87.65125514 41.9398433458),,,,,2022-11-06,True,5,Lake View
8235,30,UNKNOWN,UNKNOWN,UNKNOWN,UNKNOWN,PEDALCYCLIST,NOT DIVIDED,STRAIGHT AND LEVEL,UNKNOWN,UNKNOWN,,UNABLE TO DETERMINE,UNABLE TO DETERMINE,Y,NO INDICATION OF INJURY,14,11,41.8893187111,-87.6281526679,2022,30,POINT (-87.6281526679 41.8893187111),,,,,2022-11-06,False,7,Near North Side
8236,30,NO CONTROLS,NO CONTROLS,CLEAR,DAYLIGHT,PEDALCYCLIST,NOT DIVIDED,STRAIGHT AND LEVEL,DRY,NO DEFECTS,,UNABLE TO DETERMINE,UNABLE TO DETERMINE,,NONINCAPACITATING INJURY,14,11,41.880349814,-87.7652746741,2022,30,POINT (-87.7652746741 41.880349814),,,,,2022-11-06,False,24,Austin
8237,30,NO CONTROLS,NO CONTROLS,CLEAR,DAYLIGHT,PEDALCYCLIST,DIVIDED - W/MEDIAN (NOT RAISED),STRAIGHT AND LEVEL,DRY,NO DEFECTS,,UNABLE TO DETERMINE,UNABLE TO DETERMINE,,"REPORTED, NOT EVIDENT",15,11,41.8547577881,-87.6467011755,2022,30,POINT (-87.6467011755 41.8547577881),,,,,2022-11-07,False,30,Lower West Side
8238,30,STOP SIGN/FLASHER,FUNCTIONING PROPERLY,CLEAR,"DARKNESS, LIGHTED ROAD",PEDALCYCLIST,DIVIDED - W/MEDIAN (NOT RAISED),STRAIGHT AND LEVEL,DRY,NO DEFECTS,,UNABLE TO DETERMINE,NOT APPLICABLE,,"REPORTED, NOT EVIDENT",18,11,41.9084852955,-87.6971623005,2022,30,POINT (-87.6971623005 41.9084852955),,,,,2022-11-07,False,22,Humboldt Park
8239,30,NO CONTROLS,NO CONTROLS,CLEAR,"DARKNESS, LIGHTED ROAD",PEDALCYCLIST,NOT DIVIDED,STRAIGHT AND LEVEL,DRY,UNKNOWN,,UNABLE TO DETERMINE,UNABLE TO DETERMINE,,INCAPACITATING INJURY,19,11,41.9169782,-87.7326054445,2022,30,POINT (-87.7326054445 41.9169782),,,,,2022-11-07,True,19,Hermosa
8240,30,UNKNOWN,UNKNOWN,CLEAR,DARKNESS,PEDALCYCLIST,NOT DIVIDED,STRAIGHT AND LEVEL,DRY,NO DEFECTS,,NOT APPLICABLE,NOT APPLICABLE,,INCAPACITATING INJURY,19,11,41.7899591098,-87.6633948866,2022,30,POINT (-87.6633948866 41.7899591098),,,,,2022-11-07,True,66,Englewood
8241,25,TRAFFIC SIGNAL,NO CONTROLS,CLEAR,"DARKNESS, LIGHTED ROAD",PEDALCYCLIST,NOT DIVIDED,STRAIGHT AND LEVEL,DRY,NO DEFECTS,Y,FAILING TO REDUCE SPEED TO AVOID CRASH,NOT APPLICABLE,,NONINCAPACITATING INJURY,20,11,41.9538559461,-87.8070340721,2022,25,POINT (-87.8070340721 41.9538559461),,,,,2022-11-07,False,16,Dunning
8242,30,TRAFFIC SIGNAL,FUNCTIONING PROPERLY,CLEAR,DAYLIGHT,PEDALCYCLIST,FOUR WAY,STRAIGHT AND LEVEL,DRY,NO DEFECTS,Y,UNABLE TO DETERMINE,NOT APPLICABLE,,NO INDICATION OF INJURY,15,11,41.9973821735,-87.7880776739,2022,30,POINT (-87.7880776739 41.9973821735),,,,,2022-11-08,False,11,Forest Glen
8243,30,NO CONTROLS,NO CONTROLS,CLEAR,"DARKNESS, LIGHTED ROAD",PEDALCYCLIST,DIVIDED - W/MEDIAN BARRIER,STRAIGHT AND LEVEL,DRY,NO DEFECTS,,UNABLE TO DETERMINE,NOT APPLICABLE,,"REPORTED, NOT EVIDENT",16,11,41.9741527784,-87.7683639325,2022,30,POINT (-87.7683639325 41.9741527784),,,,,2022-11-08,False,10,Jefferson Park
8244,30,STOP SIGN/FLASHER,FUNCTIONING PROPERLY,CLEAR,DAYLIGHT,PEDALCYCLIST,NOT DIVIDED,STRAIGHT AND LEVEL,DRY,NO DEFECTS,,FAILING TO REDUCE SPEED TO AVOID CRASH,FAILING TO YIELD RIGHT-OF-WAY,,NONINCAPACITATING INJURY,16,11,41.7082118107,-87.5645743282,2022,30,POINT (-87.5645743282 41.7082118107),,,,,2022-11-09,False,50,South Deering
8245,30,TRAFFIC SIGNAL,FUNCTIONING PROPERLY,CLEAR,"DARKNESS, LIGHTED ROAD",PEDALCYCLIST,NOT DIVIDED,STRAIGHT AND LEVEL,DRY,NO DEFECTS,Y,UNABLE TO DETERMINE,NOT APPLICABLE,,"REPORTED, NOT EVIDENT",17,11,41.907194665,-87.6775222307,2022,30,POINT (-87.6775222307 41.907194665),,,,,2022-11-09,False,23,West Town
8246,20,NO CONTROLS,NO CONTROLS,CLEAR,"DARKNESS, LIGHTED ROAD",PEDALCYCLIST,NOT DIVIDED,STRAIGHT AND LEVEL,DRY,UNKNOWN,Y,UNABLE TO DETERMINE,UNABLE TO DETERMINE,,NONINCAPACITATING INJURY,17,11,42.0000390342,-87.6803542046,2022,20,POINT (-87.6803542046 42.0000390342),,,,,2022-11-09,False,0,Rogers Park
8247,30,NO CONTROLS,NO CONTROLS,CLEAR,"DARKNESS, LIGHTED ROAD",PEDALCYCLIST,DIVIDED - W/MEDIAN (NOT RAISED),STRAIGHT AND LEVEL,DRY,NO DEFECTS,,IMPROPER OVERTAKING/PASSING,IMPROPER LANE USAGE,,NONINCAPACITATING INJURY,18,11,41.8963861772,-87.6547860899,2022,30,POINT (-87.6547860899 41.8963861772),,,,,2022-11-09,False,7,Near North Side
8248,30,NO CONTROLS,NO CONTROLS,CLEAR,"DARKNESS, LIGHTED ROAD",PEDALCYCLIST,NOT DIVIDED,STRAIGHT AND LEVEL,DRY,NO DEFECTS,,NOT APPLICABLE,NOT APPLICABLE,Y,NONINCAPACITATING INJURY,18,11,41.8969664738,-87.6267058833,2022,30,POINT (-87.6267058833 41.8969664738),,,,,2022-11-09,False,7,Near North Side
8249,35,TRAFFIC SIGNAL,FUNCTIONING PROPERLY,CLEAR,"DARKNESS, LIGHTED ROAD",PEDALCYCLIST,DIVIDED - W/MEDIAN (NOT RAISED),STRAIGHT AND LEVEL,DRY,NO DEFECTS,N,UNABLE TO DETERMINE,UNABLE TO DETERMINE,,NONINCAPACITATING INJURY,0,11,41.7800965005,-87.6301721989,2022,35,POINT (-87.6301721989 41.7800965005),,,,,2022-11-10,False,67,Englewood
8250,35,NO CONTROLS,NO CONTROLS,CLEAR,UNKNOWN,PEDALCYCLIST,PARKING LOT,STRAIGHT AND LEVEL,UNKNOWN,UNKNOWN,,DRIVING ON WRONG SIDE/WRONG WAY,NOT APPLICABLE,,NONINCAPACITATING INJURY,5,11,41.9317030936,-87.74199681,2022,35,POINT (-87.74199681 41.9317030936),,,,,2022-11-10,False,18,Belmont Cragin
8251,30,TRAFFIC SIGNAL,FUNCTIONING PROPERLY,CLEAR,DAYLIGHT,PEDALCYCLIST,NOT DIVIDED,STRAIGHT AND LEVEL,DRY,UNKNOWN,Y,UNABLE TO DETERMINE,UNABLE TO DETERMINE,,NO INDICATION OF INJURY,9,11,41.8957962445,-87.6549535956,2022,30,POINT (-87.6549535956 41.8957962445),,,,,2022-11-10,False,7,Near North Side
8252,30,NO CONTROLS,NO CONTROLS,CLEAR,DAYLIGHT,PEDALCYCLIST,ONE-WAY,STRAIGHT AND LEVEL,DRY,NO DEFECTS,,FAILING TO YIELD RIGHT-OF-WAY,NOT APPLICABLE,,"REPORTED, NOT EVIDENT",11,11,41.8831000298,-87.6343782452,2022,30,POINT (-87.6343782452 41.8831000298),,,,,2022-11-10,False,31,Loop
8253,30,TRAFFIC SIGNAL,FUNCTIONING PROPERLY,CLEAR,DAYLIGHT,PEDALCYCLIST,NOT DIVIDED,STRAIGHT AND LEVEL,DRY,NO DEFECTS,Y,NOT APPLICABLE,NOT APPLICABLE,,NONINCAPACITATING INJURY,12,11,41.8084643213,-87.6699719936,2022,30,POINT (-87.6699719936 41.8084643213),,,,,2022-11-10,False,60,New City
8254,30,TRAFFIC SIGNAL,FUNCTIONING PROPERLY,CLEAR,DAYLIGHT,PEDALCYCLIST,FOUR WAY,STRAIGHT AND LEVEL,DRY,NO DEFECTS,,FAILING TO YIELD RIGHT-OF-WAY,DRIVING ON WRONG SIDE/WRONG WAY,,INCAPACITATING INJURY,13,11,41.9596946928,-87.7866506626,2022,30,POINT (-87.7866506626 41.9596946928),,,,,2022-11-10,True,14,Portage Park
8255,30,NO CONTROLS,NO CONTROLS,CLEAR,DAYLIGHT,PEDALCYCLIST,FOUR WAY,STRAIGHT AND LEVEL,DRY,NO DEFECTS,Y,FAILING TO YIELD RIGHT-OF-WAY,NOT APPLICABLE,,NONINCAPACITATING INJURY,16,11,41.9683759547,-87.7256609418,2022,30,POINT (-87.7256609418 41.9683759547),,,,,2022-11-10,False,13,Albany Park
8256,30,STOP SIGN/FLASHER,NO CONTROLS,CLEAR,"DARKNESS, LIGHTED ROAD",PEDALCYCLIST,ONE-WAY,STRAIGHT AND LEVEL,DRY,NO DEFECTS,Y,UNABLE TO DETERMINE,UNABLE TO DETERMINE,,NONINCAPACITATING INJURY,17,11,41.93859292,-87.7687846362,2022,30,POINT (-87.7687846362 41.93859292),,,,,2022-11-10,False,14,Portage Park
8257,30,TRAFFIC SIGNAL,FUNCTIONING PROPERLY,CLEAR,"DARKNESS, LIGHTED ROAD",PEDALCYCLIST,FOUR WAY,STRAIGHT AND LEVEL,DRY,NO DEFECTS,Y,DISREGARDING TRAFFIC SIGNALS,UNABLE TO DETERMINE,,NONINCAPACITATING INJURY,21,11,41.9603077255,-87.7721879263,2022,30,POINT (-87.7721879263 41.9603077255),,,,,2022-11-10,False,14,Portage Park
8258,30,UNKNOWN,UNKNOWN,CLEAR,DAYLIGHT,PEDALCYCLIST,NOT DIVIDED,STRAIGHT AND LEVEL,DRY,NO DEFECTS,,FAILING TO YIELD RIGHT-OF-WAY,NOT APPLICABLE,,NO INDICATION OF INJURY,14,11,41.9169608823,-87.6614312448,2022,30,POINT (-87.6614312448 41.9169608823),,,,,2022-11-11,False,6,Lincoln Park
8259,30,STOP SIGN/FLASHER,FUNCTIONING PROPERLY,CLEAR,DAYLIGHT,PEDALCYCLIST,DIVIDED - W/MEDIAN (NOT RAISED),STRAIGHT AND LEVEL,DRY,NO DEFECTS,,FAILING TO YIELD RIGHT-OF-WAY,NOT APPLICABLE,,NONINCAPACITATING INJURY,14,11,41.9178130523,-87.6802224163,2022,30,POINT (-87.6802224163 41.9178130523),,,,,2022-11-11,False,6,Lincoln Park
8260,30,NO CONTROLS,NO CONTROLS,CLEAR,DAYLIGHT,PEDALCYCLIST,NOT DIVIDED,STRAIGHT AND LEVEL,DRY,UNKNOWN,,FAILING TO YIELD RIGHT-OF-WAY,UNABLE TO DETERMINE,,NONINCAPACITATING INJURY,15,11,41.6918434181,-87.7107400806,2022,30,POINT (-87.7107400806 41.6918434181),,,,,2022-11-11,False,73,Mount Greenwood
8261,30,UNKNOWN,UNKNOWN,UNKNOWN,UNKNOWN,PEDALCYCLIST,UNKNOWN,STRAIGHT AND LEVEL,UNKNOWN,UNKNOWN,,UNABLE TO DETERMINE,UNABLE TO DETERMINE,,"REPORTED, NOT EVIDENT",16,11,41.7935975128,-87.6939420481,2022,30,POINT (-87.6939420481 41.7935975128),,,,,2022-11-11,False,62,Gage Park
8262,30,STOP SIGN/FLASHER,FUNCTIONING PROPERLY,CLEAR,DARKNESS,PEDALCYCLIST,T-INTERSECTION,STRAIGHT AND LEVEL,DRY,NO DEFECTS,Y,FAILING TO YIELD RIGHT-OF-WAY,NOT APPLICABLE,,NONINCAPACITATING INJURY,17,11,41.8349188342,-87.7293163766,2022,30,POINT (-87.7293163766 41.8349188342),,,,,2022-11-11,False,29,South Lawndale
8263,30,STOP SIGN/FLASHER,NO CONTROLS,CLEAR,"DARKNESS, LIGHTED ROAD",PEDALCYCLIST,NOT DIVIDED,STRAIGHT AND LEVEL,DRY,NO DEFECTS,,UNABLE TO DETERMINE,UNABLE TO DETERMINE,,"REPORTED, NOT EVIDENT",20,11,41.80145782,-87.6625012621,2022,30,POINT (-87.6625012621 41.80145782),,,,,2022-11-11,False,60,New City
8264,30,NO CONTROLS,NO CONTROLS,CLEAR,DAYLIGHT,PEDALCYCLIST,NOT DIVIDED,STRAIGHT AND LEVEL,DRY,NO DEFECTS,,UNABLE TO DETERMINE,UNABLE TO DETERMINE,,NONINCAPACITATING INJURY,10,11,41.9539223304,-87.6643533877,2022,30,POINT (-87.6643533877 41.9539223304),,,,,2022-11-12,False,5,Lake View
8265,30,NO CONTROLS,NO CONTROLS,CLEAR,DAYLIGHT,PEDALCYCLIST,NOT DIVIDED,STRAIGHT AND LEVEL,DRY,NO DEFECTS,,UNABLE TO DETERMINE,NOT APPLICABLE,,NONINCAPACITATING INJURY,12,11,41.7600650958,-87.6309390187,2022,30,POINT (-87.6309390187 41.7600650958),,,,,2022-11-12,False,67,Englewood