Unnamed: 0,POSTED_SPEED_LIMIT,TRAFFIC_CONTROL_DEVICE,DEVICE_CONDITION,WEATHER_CONDITION,LIGHTING_CONDITION,FIRST_CRASH_TYPE,TRAFFICWAY_TYPE,ALIGNMENT,ROADWAY_SURFACE_COND,ROAD_DEFECT,INTERSECTION_RELATED_I,PRIM_CONTRIBUTORY_CAUSE,SEC_CONTRIBUTORY_CAUSE,DOORING_I,MOST_SEVERE_INJURY,CRASH_HOUR,CRASH_MONTH,LATITUDE,LONGITUDE,CRASH_YEAR,SPEED_LIMIT,geometry,DISPLAYROU,the_geom,DIST,LANE_TYPE,CRASH_DATE,is_severe,index_right,CArea
8266,30,UNKNOWN,UNKNOWN,CLEAR,DAYLIGHT,PEDALCYCLIST,UNKNOWN,STRAIGHT AND LEVEL,DRY,UNKNOWN,,FAILING TO YIELD RIGHT-OF-WAY,FAILING TO YIELD RIGHT-OF-WAY,,NO INDICATION OF INJURY,14,11,41.9980840824,-87.6909675379,2022,30,POINT (-87.6909675379 41.9980840824),,,,,2022-11-13,False,1,West Ridge
8267,30,TRAFFIC SIGNAL,FUNCTIONING PROPERLY,CLEAR,DAYLIGHT,PEDALCYCLIST,FOUR WAY,STRAIGHT AND LEVEL,DRY,NO DEFECTS,Y,FAILING TO REDUCE SPEED TO AVOID CRASH,NOT APPLICABLE,,NO INDICATION OF INJURY,15,11,41.9286697899,-87.6879222355,2022,30,POINT (-87.6879222355 41.9286697899),,,,,2022-11-13,False,21,Logan Square
8268,15,NO CONTROLS,NO CONTROLS,CLEAR,DAYLIGHT,PEDALCYCLIST,ALLEY,STRAIGHT AND LEVEL,DRY,NO DEFECTS,,UNABLE TO DETERMINE,UNABLE TO DETERMINE,,NONINCAPACITATING INJURY,15,11,41.9376288467,-87.7371392601,2022,15,POINT (-87.7371392601 41.9376288467),,,,,2022-11-14,False,19,Hermosa
8269,30,TRAFFIC SIGNAL,FUNCTIONING PROPERLY,CLEAR,DAYLIGHT,PEDALCYCLIST,NOT DIVIDED,STRAIGHT AND LEVEL,DRY,NO DEFECTS,Y,FAILING TO YIELD RIGHT-OF-WAY,UNABLE TO DETERMINE,,NONINCAPACITATING INJURY,15,11,41.8526847127,-87.6466432337,2022,30,POINT (-87.6466432337 41.8526847127),,,,,2022-11-14,False,30,Lower West Side
8270,30,NO CONTROLS,NO CONTROLS,CLEAR,DAYLIGHT,PEDALCYCLIST,OTHER,STRAIGHT AND LEVEL,DRY,NO DEFECTS,,UNABLE TO DETERMINE,NOT APPLICABLE,,"REPORTED, NOT EVIDENT",15,11,41.8083784079,-87.6845707169,2022,30,POINT (-87.6845707169 41.8083784079),,,,,2022-11-14,False,57,Brighton Park
8271,30,TRAFFIC SIGNAL,FUNCTIONING IMPROPERLY,CLEAR,DARKNESS,PEDALCYCLIST,"FIVE POINT, OR MORE",STRAIGHT AND LEVEL,UNKNOWN,UNKNOWN,Y,DISREGARDING TRAFFIC SIGNALS,FAILING TO YIELD RIGHT-OF-WAY,,NONINCAPACITATING INJURY,19,11,41.9320855678,-87.6877381397,2022,30,POINT (-87.6877381397 41.9320855678),,,,,2022-11-14,False,21,Logan Square
8272,30,TRAFFIC SIGNAL,UNKNOWN,OTHER,"DARKNESS, LIGHTED ROAD",PEDALCYCLIST,NOT REPORTED,STRAIGHT AND LEVEL,WET,NO DEFECTS,Y,IMPROPER TURNING/NO SIGNAL,IMPROPER LANE USAGE,,NO INDICATION OF INJURY,20,11,41.8915668944,-87.6324334307,2022,30,POINT (-87.6324334307 41.8915668944),,,,,2022-11-16,False,7,Near North Side
8273,25,TRAFFIC SIGNAL,FUNCTIONING PROPERLY,CLOUDY/OVERCAST,DAYLIGHT,PEDALCYCLIST,OTHER,STRAIGHT AND LEVEL,DRY,NO DEFECTS,Y,FAILING TO YIELD RIGHT-OF-WAY,DISREGARDING TRAFFIC SIGNALS,,NONINCAPACITATING INJURY,8,11,41.8995286336,-87.6846131315,2022,25,POINT (-87.6846131315 41.8995286336),,,,,2022-11-17,False,23,West Town
8274,30,UNKNOWN,UNKNOWN,CLOUDY/OVERCAST,DAYLIGHT,PEDALCYCLIST,NOT DIVIDED,STRAIGHT AND LEVEL,UNKNOWN,UNKNOWN,,UNABLE TO DETERMINE,NOT APPLICABLE,,NO INDICATION OF INJURY,14,11,41.9398117884,-87.6682429431,2022,30,POINT (-87.6682429431 41.9398117884),,,,,2022-11-17,False,5,Lake View
8275,30,NO CONTROLS,NO CONTROLS,CLEAR,DARKNESS,PEDALCYCLIST,NOT DIVIDED,STRAIGHT AND LEVEL,DRY,UNKNOWN,,UNABLE TO DETERMINE,UNABLE TO DETERMINE,,"REPORTED, NOT EVIDENT",5,11,41.923347433,-87.7171040183,2022,30,POINT (-87.7171040183 41.923347433),,,,,2022-11-19,False,21,Logan Square
8276,25,STOP SIGN/FLASHER,FUNCTIONING PROPERLY,CLEAR,DAYLIGHT,PEDALCYCLIST,DIVIDED - W/MEDIAN (NOT RAISED),STRAIGHT AND LEVEL,DRY,NO DEFECTS,,FAILING TO YIELD RIGHT-OF-WAY,FAILING TO REDUCE SPEED TO AVOID CRASH,,NONINCAPACITATING INJURY,8,11,41.9680377831,-87.7366014673,2022,25,POINT (-87.7366014673 41.9680377831),,,,,2022-11-19,False,11,Forest Glen
8277,30,NO CONTROLS,NO CONTROLS,UNKNOWN,DAYLIGHT,PEDALCYCLIST,NOT DIVIDED,STRAIGHT AND LEVEL,UNKNOWN,UNKNOWN,,UNABLE TO DETERMINE,NOT APPLICABLE,,"REPORTED, NOT EVIDENT",14,11,41.9216143622,-87.6954814291,2022,30,POINT (-87.6954814291 41.9216143622),,,,,2022-11-19,False,21,Logan Square
8278,30,TRAFFIC SIGNAL,FUNCTIONING PROPERLY,CLEAR,"DARKNESS, LIGHTED ROAD",PEDALCYCLIST,FOUR WAY,STRAIGHT AND LEVEL,DRY,NO DEFECTS,,NOT APPLICABLE,NOT APPLICABLE,,NO INDICATION OF INJURY,17,11,41.9256976647,-87.6777925853,2022,30,POINT (-87.6777925853 41.9256976647),,,,,2022-11-19,False,6,Lincoln Park
8279,30,NO CONTROLS,NO CONTROLS,CLEAR,DAYLIGHT,PEDALCYCLIST,DIVIDED - W/MEDIAN (NOT RAISED),STRAIGHT AND LEVEL,DRY,NO DEFECTS,,UNABLE TO DETERMINE,UNABLE TO DETERMINE,Y,NONINCAPACITATING INJURY,15,11,41.9385878726,-87.6493959945,2022,30,POINT (-87.6493959945 41.9385878726),,,,,2022-11-20,False,5,Lake View
8280,35,TRAFFIC SIGNAL,FUNCTIONING PROPERLY,CLEAR,DAYLIGHT,PEDALCYCLIST,"FIVE POINT, OR MORE",STRAIGHT AND LEVEL,DRY,NO DEFECTS,Y,"OPERATING VEHICLE IN ERRATIC, RECKLESS, CARELESS, NEGLIGENT OR AGGRESSIVE MANNER",NOT APPLICABLE,,NO INDICATION OF INJURY,15,11,41.9200575367,-87.6410193443,2022,35,POINT (-87.6410193443 41.9200575367),,,,,2022-11-20,False,6,Lincoln Park
8281,30,NO CONTROLS,NO CONTROLS,CLEAR,DAYLIGHT,PEDALCYCLIST,ALLEY,STRAIGHT AND LEVEL,DRY,NO DEFECTS,Y,FAILING TO YIELD RIGHT-OF-WAY,UNABLE TO DETERMINE,,NONINCAPACITATING INJURY,7,11,41.906251607,-87.7356720648,2022,30,POINT (-87.7356720648 41.906251607),,,,,2022-11-21,False,22,Humboldt Park
8282,30,STOP SIGN/FLASHER,FUNCTIONING PROPERLY,CLEAR,DAYLIGHT,PEDALCYCLIST,ONE-WAY,STRAIGHT AND LEVEL,UNKNOWN,UNKNOWN,,UNABLE TO DETERMINE,UNABLE TO DETERMINE,,NO INDICATION OF INJURY,10,11,41.9742630253,-87.6680301515,2022,30,POINT (-87.6680301515 41.9742630253),,,,,2022-11-21,False,2,Uptown
8283,30,NO CONTROLS,NO CONTROLS,CLEAR,DAYLIGHT,PEDALCYCLIST,NOT DIVIDED,STRAIGHT AND LEVEL,DRY,UNKNOWN,,UNABLE TO DETERMINE,UNABLE TO DETERMINE,,INCAPACITATING INJURY,14,11,41.7643790072,-87.582463498,2022,30,POINT (-87.582463498 41.7643790072),,,,,2022-11-21,True,42,South Shore
8284,30,TRAFFIC SIGNAL,FUNCTIONING PROPERLY,CLEAR,DAYLIGHT,PEDALCYCLIST,DIVIDED - W/MEDIAN BARRIER,STRAIGHT AND LEVEL,DRY,NO DEFECTS,Y,FAILING TO YIELD RIGHT-OF-WAY,UNABLE TO DETERMINE,,NO INDICATION OF INJURY,8,11,41.8304081329,-87.6657127581,2022,30,POINT (-87.6657127581 41.8304081329),,,,,2022-11-22,False,58,Mckinley Park
8285,30,NO CONTROLS,NO CONTROLS,CLEAR,DAYLIGHT,PEDALCYCLIST,NOT DIVIDED,STRAIGHT AND LEVEL,UNKNOWN,NO DEFECTS,,FAILING TO YIELD RIGHT-OF-WAY,UNABLE TO DETERMINE,,NO INDICATION OF INJURY,12,11,41.9591962522,-87.6545308998,2022,30,POINT (-87.6545308998 41.9591962522),,,,,2022-11-22,False,2,Uptown
8286,30,NO CONTROLS,NO CONTROLS,UNKNOWN,UNKNOWN,PEDALCYCLIST,NOT DIVIDED,STRAIGHT AND LEVEL,UNKNOWN,UNKNOWN,,FOLLOWING TOO CLOSELY,NOT APPLICABLE,,"REPORTED, NOT EVIDENT",16,11,41.9155065131,-87.6658766237,2022,30,POINT (-87.6658766237 41.9155065131),,,,,2022-11-22,False,6,Lincoln Park
8287,30,TRAFFIC SIGNAL,FUNCTIONING PROPERLY,CLEAR,"DARKNESS, LIGHTED ROAD",PEDALCYCLIST,FOUR WAY,STRAIGHT AND LEVEL,DRY,NO DEFECTS,Y,DISREGARDING TRAFFIC SIGNALS,NOT APPLICABLE,,NONINCAPACITATING INJURY,21,11,41.8844984057,-87.6340428468,2022,30,POINT (-87.6340428468 41.8844984057),,,,,2022-11-22,False,31,Loop
8288,30,TRAFFIC SIGNAL,FUNCTIONING PROPERLY,CLEAR,DAYLIGHT,PEDALCYCLIST,NOT DIVIDED,STRAIGHT AND LEVEL,DRY,UNKNOWN,,UNABLE TO DETERMINE,NOT APPLICABLE,,NONINCAPACITATING INJURY,12,11,41.9099688376,-87.6484152758,2022,30,POINT (-87.6484152758 41.9099688376),,,,,2022-11-23,False,7,Near North Side
8289,30,TRAFFIC SIGNAL,FUNCTIONING PROPERLY,CLEAR,DAYLIGHT,PEDALCYCLIST,FOUR WAY,STRAIGHT AND LEVEL,DRY,NO DEFECTS,Y,FAILING TO YIELD RIGHT-OF-WAY,NOT APPLICABLE,,NONINCAPACITATING INJURY,13,11,41.8635251405,-87.6469566747,2022,30,POINT (-87.6469566747 41.8635251405),,,,,2022-11-23,False,27,Near West Side
8290,30,NO CONTROLS,NO CONTROLS,CLEAR,DAYLIGHT,PEDALCYCLIST,OTHER,STRAIGHT AND LEVEL,DRY,NO DEFECTS,Y,UNABLE TO DETERMINE,UNABLE TO DETERMINE,,NONINCAPACITATING INJURY,15,11,41.8985980466,-87.6772761443,2022,30,POINT (-87.6772761443 41.8985980466),,,,,2022-11-23,False,23,West Town
8291,30,TRAFFIC SIGNAL,FUNCTIONING PROPERLY,CLEAR,DAYLIGHT,PEDALCYCLIST,FOUR WAY,STRAIGHT AND LEVEL,DRY,NO DEFECTS,,FAILING TO REDUCE SPEED TO AVOID CRASH,NOT APPLICABLE,N,NONINCAPACITATING INJURY,15,11,41.9389066022,-87.7492192513,2022,30,POINT (-87.7492192513 41.9389066022),,,,,2022-11-23,False,14,Portage Park
8292,20,STOP SIGN/FLASHER,FUNCTIONING PROPERLY,CLEAR,DAYLIGHT,PEDALCYCLIST,T-INTERSECTION,STRAIGHT AND LEVEL,DRY,NO DEFECTS,,FAILING TO YIELD RIGHT-OF-WAY,UNABLE TO DETERMINE,,NO INDICATION OF INJURY,16,11,41.8448648875,-87.6904137885,2022,20,POINT (-87.6904137885 41.8448648875),,,,,2022-11-23,False,29,South Lawndale
8293,20,STOP SIGN/FLASHER,FUNCTIONING PROPERLY,CLEAR,DARKNESS,PEDALCYCLIST,NOT DIVIDED,STRAIGHT AND LEVEL,DRY,NO DEFECTS,,UNABLE TO DETERMINE,NOT APPLICABLE,,NONINCAPACITATING INJURY,17,11,42.0030987437,-87.7701116141,2022,20,POINT (-87.7701116141 42.0030987437),,,,,2022-11-23,False,11,Forest Glen
8294,30,TRAFFIC SIGNAL,FUNCTIONING PROPERLY,CLEAR,"DARKNESS, LIGHTED ROAD",PEDALCYCLIST,FOUR WAY,STRAIGHT AND LEVEL,DRY,NO DEFECTS,Y,UNABLE TO DETERMINE,NOT APPLICABLE,,NONINCAPACITATING INJURY,20,11,41.9546701051,-87.6497454019,2022,30,POINT (-87.6497454019 41.9546701051),,,,,2022-11-24,False,2,Uptown
8295,30,TRAFFIC SIGNAL,FUNCTIONING PROPERLY,CLEAR,DAYLIGHT,PEDALCYCLIST,DIVIDED - W/MEDIAN (NOT RAISED),STRAIGHT AND LEVEL,DRY,UNKNOWN,,UNABLE TO DETERMINE,NOT APPLICABLE,,NONINCAPACITATING INJURY,15,11,41.8232598776,-87.6654566505,2022,30,POINT (-87.6654566505 41.8232598776),,,,,2022-11-25,False,58,Mckinley Park
8296,30,NO CONTROLS,NO CONTROLS,CLEAR,DAYLIGHT,PEDALCYCLIST,DIVIDED - W/MEDIAN (NOT RAISED),STRAIGHT AND LEVEL,DRY,NO DEFECTS,,UNABLE TO DETERMINE,NOT APPLICABLE,Y,"REPORTED, NOT EVIDENT",15,11,41.9103675236,-87.6929519294,2022,30,POINT (-87.6929519294 41.9103675236),,,,,2022-11-25,False,22,Humboldt Park
8297,30,TRAFFIC SIGNAL,FUNCTIONING PROPERLY,CLEAR,DAYLIGHT,PEDALCYCLIST,DIVIDED - W/MEDIAN (NOT RAISED),STRAIGHT AND LEVEL,DRY,OTHER,Y,DISREGARDING OTHER TRAFFIC SIGNS,FAILING TO YIELD RIGHT-OF-WAY,,NO INDICATION OF INJURY,12,11,41.8958290779,-87.6845447259,2022,30,POINT (-87.6845447259 41.8958290779),,,,,2022-11-26,False,23,West Town
8298,25,NO CONTROLS,NO CONTROLS,CLEAR,DAYLIGHT,PEDALCYCLIST,NOT DIVIDED,STRAIGHT AND LEVEL,DRY,NO DEFECTS,,DRIVING SKILLS/KNOWLEDGE/EXPERIENCE,IMPROPER LANE USAGE,,NO INDICATION OF INJURY,13,11,41.8010660289,-87.5903294565,2022,25,POINT (-87.5903294565 41.8010660289),,,,,2022-11-26,False,40,Hyde Park
8299,30,UNKNOWN,UNKNOWN,CLEAR,DUSK,PEDALCYCLIST,NOT REPORTED,STRAIGHT AND LEVEL,DRY,NO DEFECTS,,FAILING TO YIELD RIGHT-OF-WAY,NOT APPLICABLE,,NONINCAPACITATING INJURY,17,11,41.7535353487,-87.5600951849,2022,30,POINT (-87.5600951849 41.7535353487),,,,,2022-11-26,False,42,South Shore
8300,30,STOP SIGN/FLASHER,FUNCTIONING PROPERLY,CLEAR,DUSK,PEDALCYCLIST,FOUR WAY,STRAIGHT AND LEVEL,DRY,NO DEFECTS,,DISREGARDING STOP SIGN,NOT APPLICABLE,,INCAPACITATING INJURY,17,11,41.7571625512,-87.5601661413,2022,30,POINT (-87.5601661413 41.7571625512),,,,,2022-11-26,True,42,South Shore
8301,30,TRAFFIC SIGNAL,FUNCTIONING PROPERLY,CLEAR,DAYLIGHT,PEDALCYCLIST,NOT DIVIDED,STRAIGHT AND LEVEL,DRY,NO DEFECTS,Y,UNABLE TO DETERMINE,UNABLE TO DETERMINE,,INCAPACITATING INJURY,6,11,41.8911269147,-87.6474724456,2022,30,POINT (-87.6474724456 41.8911269147),,,,,2022-11-28,True,7,Near North Side
8302,30,NO CONTROLS,NO CONTROLS,CLEAR,DAYLIGHT,PEDALCYCLIST,UNKNOWN,STRAIGHT AND LEVEL,DRY,NO DEFECTS,,UNABLE TO DETERMINE,NOT APPLICABLE,,NO INDICATION OF INJURY,8,11,41.9094690663,-87.7351005032,2022,30,POINT (-87.7351005032 41.9094690663),,,,,2022-11-28,False,22,Humboldt Park
8303,30,STOP SIGN/FLASHER,UNKNOWN,CLEAR,DAYLIGHT,PEDALCYCLIST,NOT DIVIDED,STRAIGHT AND LEVEL,UNKNOWN,UNKNOWN,Y,IMPROPER OVERTAKING/PASSING,UNABLE TO DETERMINE,,"REPORTED, NOT EVIDENT",12,11,41.9697609022,-87.645873414,2022,30,POINT (-87.645873414 41.9697609022),,,,,2022-11-28,False,2,Uptown
8304,30,NO CONTROLS,NO CONTROLS,CLOUDY/OVERCAST,DAYLIGHT,PEDALCYCLIST,T-INTERSECTION,STRAIGHT AND LEVEL,DRY,NO DEFECTS,N,FAILING TO YIELD RIGHT-OF-WAY,IMPROPER TURNING/NO SIGNAL,,NONINCAPACITATING INJURY,13,11,41.8022184811,-87.6153420361,2022,30,POINT (-87.6153420361 41.8022184811),,,,,2022-11-28,False,37,Grand Boulevard
8305,30,NO CONTROLS,NO CONTROLS,CLEAR,"DARKNESS, LIGHTED ROAD",PEDALCYCLIST,PARKING LOT,STRAIGHT AND LEVEL,DRY,NO DEFECTS,,FAILING TO YIELD RIGHT-OF-WAY,UNABLE TO DETERMINE,,NONINCAPACITATING INJURY,5,11,41.7792038779,-87.69354234,2022,30,POINT (-87.69354234 41.7792038779),,,,,2022-11-29,False,65,Chicago Lawn
8306,30,NO CONTROLS,NO CONTROLS,CLEAR,DAYLIGHT,PEDALCYCLIST,DIVIDED - W/MEDIAN (NOT RAISED),STRAIGHT AND LEVEL,DRY,NO DEFECTS,,IMPROPER LANE USAGE,FAILING TO REDUCE SPEED TO AVOID CRASH,,NONINCAPACITATING INJURY,7,11,41.9587264424,-87.7530033813,2022,30,POINT (-87.7530033813 41.9587264424),,,,,2022-11-29,False,14,Portage Park
8307,30,NO CONTROLS,NO CONTROLS,CLEAR,DAYLIGHT,PEDALCYCLIST,NOT DIVIDED,STRAIGHT AND LEVEL,DRY,NO DEFECTS,,"VISION OBSCURED (SIGNS, TREE LIMBS, BUILDINGS, ETC.)",NOT APPLICABLE,Y,NONINCAPACITATING INJURY,9,11,41.8521587888,-87.625632039,2022,30,POINT (-87.625632039 41.8521587888),,,,,2022-11-29,False,32,Near South Side
8308,25,NO CONTROLS,NO CONTROLS,CLEAR,DAYLIGHT,PEDALCYCLIST,NOT DIVIDED,STRAIGHT AND LEVEL,DRY,NO DEFECTS,,UNABLE TO DETERMINE,NOT APPLICABLE,,"REPORTED, NOT EVIDENT",13,11,41.9547461052,-87.7078927376,2022,25,POINT (-87.7078927376 41.9547461052),,,,,2022-11-29,False,15,Irving Park
8309,30,NO CONTROLS,NO CONTROLS,CLEAR,"DARKNESS, LIGHTED ROAD",PEDALCYCLIST,DIVIDED - W/MEDIAN (NOT RAISED),STRAIGHT AND LEVEL,DRY,NO DEFECTS,,UNABLE TO DETERMINE,UNABLE TO DETERMINE,Y,"REPORTED, NOT EVIDENT",13,11,41.916549847,-87.6867641504,2022,30,POINT (-87.6867641504 41.916549847),,,,,2022-11-29,False,21,Logan Square
8310,30,NO CONTROLS,NO CONTROLS,RAIN,"DARKNESS, LIGHTED ROAD",PEDALCYCLIST,NOT DIVIDED,STRAIGHT AND LEVEL,UNKNOWN,UNKNOWN,N,UNABLE TO DETERMINE,NOT APPLICABLE,,"REPORTED, NOT EVIDENT",17,11,41.9394975023,-87.7242782253,2022,30,POINT (-87.7242782253 41.9394975023),,,,,2022-11-29,False,15,Irving Park
8311,30,TRAFFIC SIGNAL,FUNCTIONING PROPERLY,CLEAR,DAYLIGHT,PEDALCYCLIST,DIVIDED - W/MEDIAN BARRIER,STRAIGHT AND LEVEL,DRY,NO DEFECTS,Y,FOLLOWING TOO CLOSELY,FOLLOWING TOO CLOSELY,,NO INDICATION OF INJURY,8,11,41.8870408811,-87.6340425111,2022,30,POINT (-87.6340425111 41.8870408811),,,,,2022-11-30,False,7,Near North Side
8312,30,STOP SIGN/FLASHER,FUNCTIONING PROPERLY,CLEAR,DAYLIGHT,PEDALCYCLIST,FOUR WAY,STRAIGHT AND LEVEL,DRY,NO DEFECTS,Y,UNABLE TO DETERMINE,UNABLE TO DETERMINE,,NO INDICATION OF INJURY,13,11,41.9095088433,-87.6740612593,2022,30,POINT (-87.6740612593 41.9095088433),,,,,2022-11-30,False,23,West Town
8313,10,NO CONTROLS,NO CONTROLS,CLEAR,DAYLIGHT,PEDALCYCLIST,OTHER,STRAIGHT AND LEVEL,DRY,NO DEFECTS,,DRIVING SKILLS/KNOWLEDGE/EXPERIENCE,UNABLE TO DETERMINE,,NONINCAPACITATING INJURY,15,11,41.9103514416,-87.7179239244,2022,10,POINT (-87.7179239244 41.9103514416),,,,,2022-11-30,False,22,Humboldt Park
8314,30,NO CONTROLS,NO CONTROLS,CLEAR,DAWN,PEDALCYCLIST,DIVIDED - W/MEDIAN (NOT RAISED),STRAIGHT AND LEVEL,DRY,NO DEFECTS,,FAILING TO YIELD RIGHT-OF-WAY,NOT APPLICABLE,,"REPORTED, NOT EVIDENT",16,11,41.894854301,-87.626952553,2022,30,POINT (-87.626952553 41.894854301),,,,,2022-11-30,False,7,Near North Side
8315,30,NO CONTROLS,NO CONTROLS,CLEAR,"DARKNESS, LIGHTED ROAD",PEDALCYCLIST,NOT DIVIDED,STRAIGHT AND LEVEL,DRY,NO DEFECTS,,UNABLE TO DETERMINE,UNABLE TO DETERMINE,,NO INDICATION OF INJURY,21,11,41.8813672004,-87.68049925,2022,30,POINT (-87.68049925 41.8813672004),,,,,2022-11-30,False,27,Near West Side
8316,30,NO CONTROLS,NO CONTROLS,CLEAR,"DARKNESS, LIGHTED ROAD",PEDALCYCLIST,DIVIDED - W/MEDIAN (NOT RAISED),STRAIGHT AND LEVEL,DRY,NO DEFECTS,,UNABLE TO DETERMINE,DISTRACTION - FROM INSIDE VEHICLE,Y,NO INDICATION OF INJURY,0,12,41.9455831839,-87.6783710793,2022,30,POINT (-87.6783710793 41.9455831839),,,,,2022-12-01,False,4,North Center
8317,30,UNKNOWN,UNKNOWN,CLEAR,DAYLIGHT,PEDALCYCLIST,FOUR WAY,STRAIGHT AND LEVEL,DRY,NO DEFECTS,,UNABLE TO DETERMINE,NOT APPLICABLE,,FATAL,12,12,41.8718028659,-87.6569770958,2022,30,POINT (-87.6569770958 41.8718028659),,,,,2022-12-01,True,27,Near West Side
8318,30,NO CONTROLS,NO CONTROLS,CLEAR,"DARKNESS, LIGHTED ROAD",PEDALCYCLIST,NOT DIVIDED,STRAIGHT AND LEVEL,DRY,NO DEFECTS,,DRIVING SKILLS/KNOWLEDGE/EXPERIENCE,FAILING TO YIELD RIGHT-OF-WAY,Y,NO INDICATION OF INJURY,19,12,41.9438489459,-87.6495287791,2022,30,POINT (-87.6495287791 41.9438489459),,,,,2022-12-01,False,5,Lake View
8319,30,TRAFFIC SIGNAL,FUNCTIONING PROPERLY,CLEAR,DAYLIGHT,PEDALCYCLIST,ONE-WAY,STRAIGHT AND LEVEL,DRY,NO DEFECTS,Y,UNABLE TO DETERMINE,UNABLE TO DETERMINE,,INCAPACITATING INJURY,8,12,41.8520439207,-87.693059395,2022,30,POINT (-87.693059395 41.8520439207),,,,,2022-12-02,True,28,North Lawndale
8320,25,STOP SIGN/FLASHER,FUNCTIONING PROPERLY,CLEAR,DAYLIGHT,PEDALCYCLIST,NOT DIVIDED,STRAIGHT AND LEVEL,DRY,NO DEFECTS,Y,FAILING TO YIELD RIGHT-OF-WAY,NOT APPLICABLE,,NO INDICATION OF INJURY,16,12,41.9867222776,-87.6651930382,2022,25,POINT (-87.6651930382 41.9867222776),,,,,2022-12-02,False,76,Edgewater
8321,30,TRAFFIC SIGNAL,FUNCTIONING PROPERLY,CLEAR,DAYLIGHT,PEDALCYCLIST,DIVIDED - W/MEDIAN (NOT RAISED),STRAIGHT AND LEVEL,DRY,NO DEFECTS,Y,UNABLE TO DETERMINE,UNABLE TO DETERMINE,,"REPORTED, NOT EVIDENT",9,12,41.8518622699,-87.6904052932,2022,30,POINT (-87.6904052932 41.8518622699),,,,,2022-12-03,False,28,North Lawndale
8322,30,UNKNOWN,UNKNOWN,UNKNOWN,UNKNOWN,PEDALCYCLIST,NOT DIVIDED,STRAIGHT AND LEVEL,UNKNOWN,UNKNOWN,,UNABLE TO DETERMINE,NOT APPLICABLE,Y,NONINCAPACITATING INJURY,10,12,41.9312925463,-87.7562181616,2022,30,POINT (-87.7562181616 41.9312925463),,,,,2022-12-03,False,18,Belmont Cragin
8323,30,TRAFFIC SIGNAL,FUNCTIONING PROPERLY,CLEAR,"DARKNESS, LIGHTED ROAD",PEDALCYCLIST,T-INTERSECTION,STRAIGHT AND LEVEL,DRY,NO DEFECTS,Y,UNABLE TO DETERMINE,UNABLE TO DETERMINE,,NONINCAPACITATING INJURY,20,12,41.8957563007,-87.6796197003,2022,30,POINT (-87.6796197003 41.8957563007),,,,,2022-12-03,False,23,West Town
8324,35,YIELD,UNKNOWN,CLEAR,"DARKNESS, LIGHTED ROAD",PEDALCYCLIST,NOT DIVIDED,STRAIGHT AND LEVEL,DRY,NO DEFECTS,,FAILING TO YIELD RIGHT-OF-WAY,IMPROPER TURNING/NO SIGNAL,,INCAPACITATING INJURY,21,12,41.8717406197,-87.6276706791,2022,35,POINT (-87.6276706791 41.8717406197),,,,,2022-12-03,True,31,Loop
8325,30,STOP SIGN/FLASHER,OTHER,CLEAR,DAYLIGHT,PEDALCYCLIST,NOT DIVIDED,STRAIGHT AND LEVEL,DRY,UNKNOWN,Y,UNABLE TO DETERMINE,UNABLE TO DETERMINE,,NONINCAPACITATING INJURY,13,12,41.9770559065,-87.6682430379,2022,30,POINT (-87.6682430379 41.9770559065),,,,,2022-12-04,False,2,Uptown
8326,30,TRAFFIC SIGNAL,FUNCTIONING PROPERLY,CLEAR,DAYLIGHT,PEDALCYCLIST,FOUR WAY,STRAIGHT AND LEVEL,DRY,NO DEFECTS,Y,UNABLE TO DETERMINE,NOT APPLICABLE,N,NONINCAPACITATING INJURY,14,12,41.9901041639,-87.6604163625,2022,30,POINT (-87.6604163625 41.9901041639),,,,,2022-12-04,False,76,Edgewater
8327,20,STOP SIGN/FLASHER,OTHER,CLEAR,DUSK,PEDALCYCLIST,ROUNDABOUT,STRAIGHT AND LEVEL,UNKNOWN,NO DEFECTS,,DISREGARDING STOP SIGN,NOT APPLICABLE,,INCAPACITATING INJURY,17,12,41.9049054666,-87.6919364293,2022,20,POINT (-87.6919364293 41.9049054666),,,,,2022-12-04,True,22,Humboldt Park
8328,20,STOP SIGN/FLASHER,OTHER,CLEAR,"DARKNESS, LIGHTED ROAD",PEDALCYCLIST,FOUR WAY,STRAIGHT AND LEVEL,DRY,UNKNOWN,,UNABLE TO DETERMINE,FAILING TO YIELD RIGHT-OF-WAY,,NONINCAPACITATING INJURY,16,12,41.9329225863,-87.7685858671,2022,20,POINT (-87.7685858671 41.9329225863),,,,,2022-12-05,False,18,Belmont Cragin
8329,25,TRAFFIC SIGNAL,FUNCTIONING IMPROPERLY,CLEAR,"DARKNESS, LIGHTED ROAD",PEDALCYCLIST,DIVIDED - W/MEDIAN (NOT RAISED),STRAIGHT AND LEVEL,DRY,NO DEFECTS,,UNABLE TO DETERMINE,UNABLE TO DETERMINE,,NO INDICATION OF INJURY,17,12,41.8466115003,-87.646322101,2022,25,POINT (-87.646322101 41.8466115003),,,,,2022-12-05,False,30,Lower West Side
8330,30,NO CONTROLS,NO CONTROLS,CLEAR,"DARKNESS, LIGHTED ROAD",PEDALCYCLIST,NOT DIVIDED,STRAIGHT AND LEVEL,DRY,NO DEFECTS,,UNABLE TO DETERMINE,UNABLE TO DETERMINE,,NO INDICATION OF INJURY,17,12,41.8739084556,-87.6258377057,2022,30,POINT (-87.6258377057 41.8739084556),,,,,2022-12-05,False,31,Loop