Unnamed: 0,POSTED_SPEED_LIMIT,TRAFFIC_CONTROL_DEVICE,DEVICE_CONDITION,WEATHER_CONDITION,LIGHTING_CONDITION,FIRST_CRASH_TYPE,TRAFFICWAY_TYPE,ALIGNMENT,ROADWAY_SURFACE_COND,ROAD_DEFECT,INTERSECTION_RELATED_I,PRIM_CONTRIBUTORY_CAUSE,SEC_CONTRIBUTORY_CAUSE,DOORING_I,MOST_SEVERE_INJURY,CRASH_HOUR,CRASH_MONTH,LATITUDE,LONGITUDE,CRASH_YEAR,SPEED_LIMIT,geometry,DISPLAYROU,the_geom,DIST,LANE_TYPE,CRASH_DATE,is_severe,index_right,CArea
8331,20,TRAFFIC SIGNAL,FUNCTIONING PROPERLY,CLEAR,DAYLIGHT,PEDALCYCLIST,FOUR WAY,STRAIGHT AND LEVEL,DRY,NO DEFECTS,Y,IMPROPER TURNING/NO SIGNAL,NOT APPLICABLE,,NO INDICATION OF INJURY,10,12,41.8714740738,-87.6837835958,2022,20,POINT (-87.6837835958 41.8714740738),,,,,2022-12-06,False,27,Near West Side
8332,20,NO CONTROLS,NO CONTROLS,CLEAR,DAYLIGHT,PEDALCYCLIST,ONE-WAY,STRAIGHT AND LEVEL,DRY,NO DEFECTS,Y,DRIVING SKILLS/KNOWLEDGE/EXPERIENCE,UNABLE TO DETERMINE,,NONINCAPACITATING INJURY,11,12,41.9562342389,-87.6686873581,2022,20,POINT (-87.6686873581 41.9562342389),,,,,2022-12-06,False,2,Uptown
8333,30,TRAFFIC SIGNAL,FUNCTIONING PROPERLY,CLOUDY/OVERCAST,DUSK,PEDALCYCLIST,FOUR WAY,STRAIGHT AND LEVEL,DRY,NO DEFECTS,Y,IMPROPER TURNING/NO SIGNAL,DISREGARDING ROAD MARKINGS,,NO INDICATION OF INJURY,16,12,41.8959615485,-87.6550653905,2022,30,POINT (-87.6550653905 41.8959615485),,,,,2022-12-06,False,7,Near North Side
8334,30,NO CONTROLS,NO CONTROLS,CLEAR,"DARKNESS, LIGHTED ROAD",PEDALCYCLIST,NOT DIVIDED,STRAIGHT AND LEVEL,DRY,NO DEFECTS,,FAILING TO YIELD RIGHT-OF-WAY,UNABLE TO DETERMINE,,NO INDICATION OF INJURY,16,12,41.9112696208,-87.6351678448,2022,30,POINT (-87.6351678448 41.9112696208),,,,,2022-12-06,False,6,Lincoln Park
8335,35,TRAFFIC SIGNAL,FUNCTIONING PROPERLY,FOG/SMOKE/HAZE,DAYLIGHT,PEDALCYCLIST,NOT DIVIDED,STRAIGHT AND LEVEL,DRY,NO DEFECTS,Y,DISREGARDING TRAFFIC SIGNALS,UNABLE TO DETERMINE,,NONINCAPACITATING INJURY,7,12,41.8964850537,-87.6342748186,2022,35,POINT (-87.6342748186 41.8964850537),,,,,2022-12-07,False,7,Near North Side
8336,30,NO CONTROLS,NO CONTROLS,CLOUDY/OVERCAST,DAYLIGHT,PEDALCYCLIST,NOT DIVIDED,STRAIGHT AND LEVEL,UNKNOWN,UNKNOWN,,UNABLE TO DETERMINE,UNABLE TO DETERMINE,Y,NONINCAPACITATING INJURY,9,12,41.9306487204,-87.6490888805,2022,30,POINT (-87.6490888805 41.9306487204),,,,,2022-12-08,False,6,Lincoln Park
8337,20,TRAFFIC SIGNAL,FUNCTIONING PROPERLY,CLEAR,DAYLIGHT,PEDALCYCLIST,DIVIDED - W/MEDIAN (NOT RAISED),STRAIGHT AND LEVEL,DRY,NO DEFECTS,,IMPROPER OVERTAKING/PASSING,NOT APPLICABLE,,NONINCAPACITATING INJURY,9,12,41.7436985382,-87.6257779011,2022,20,POINT (-87.6257779011 41.7436985382),,,,,2022-12-08,False,43,Chatham
8338,30,TRAFFIC SIGNAL,UNKNOWN,CLEAR,DAYLIGHT,PEDALCYCLIST,FOUR WAY,STRAIGHT AND LEVEL,DRY,UNKNOWN,Y,DISREGARDING TRAFFIC SIGNALS,NOT APPLICABLE,N,NO INDICATION OF INJURY,18,12,41.8831004792,-87.6301472293,2022,30,POINT (-87.6301472293 41.8831004792),,,,,2022-12-08,False,31,Loop
8339,30,STOP SIGN/FLASHER,FUNCTIONING PROPERLY,CLEAR,DAWN,PEDALCYCLIST,NOT DIVIDED,STRAIGHT AND LEVEL,DRY,NO DEFECTS,,UNABLE TO DETERMINE,NOT APPLICABLE,,NONINCAPACITATING INJURY,20,12,41.7427166518,-87.6955708873,2022,30,POINT (-87.6955708873 41.7427166518),,,,,2022-12-08,False,69,Ashburn
8340,30,NO CONTROLS,NO CONTROLS,CLEAR,"DARKNESS, LIGHTED ROAD",PEDALCYCLIST,CENTER TURN LANE,STRAIGHT AND LEVEL,DRY,NO DEFECTS,,UNABLE TO DETERMINE,UNABLE TO DETERMINE,,INCAPACITATING INJURY,21,12,41.8871705997,-87.6618829685,2022,30,POINT (-87.6618829685 41.8871705997),,,,,2022-12-08,True,27,Near West Side
8341,30,TRAFFIC SIGNAL,FUNCTIONING PROPERLY,RAIN,DAYLIGHT,PEDALCYCLIST,DIVIDED - W/MEDIAN (NOT RAISED),STRAIGHT AND LEVEL,WET,NO DEFECTS,,UNABLE TO DETERMINE,UNABLE TO DETERMINE,,NO INDICATION OF INJURY,10,12,41.9176453691,-87.6777408957,2022,30,POINT (-87.6777408957 41.9176453691),,,,,2022-12-09,False,6,Lincoln Park
8342,30,UNKNOWN,UNKNOWN,RAIN,DARKNESS,PEDALCYCLIST,OTHER,STRAIGHT AND LEVEL,WET,UNKNOWN,Y,WEATHER,NOT APPLICABLE,,NONINCAPACITATING INJURY,16,12,41.9471772011,-87.6629566127,2022,30,POINT (-87.6629566127 41.9471772011),,,,,2022-12-09,False,5,Lake View
8343,30,TRAFFIC SIGNAL,FUNCTIONING PROPERLY,FREEZING RAIN/DRIZZLE,"DARKNESS, LIGHTED ROAD",PEDALCYCLIST,DIVIDED - W/MEDIAN (NOT RAISED),STRAIGHT AND LEVEL,WET,NO DEFECTS,,UNABLE TO DETERMINE,UNABLE TO DETERMINE,,NO INDICATION OF INJURY,18,12,41.7694511713,-87.6058302165,2022,30,POINT (-87.6058302165 41.7694511713),,,,,2022-12-09,False,41,Woodlawn
8344,30,STOP SIGN/FLASHER,UNKNOWN,CLEAR,DARKNESS,PEDALCYCLIST,FOUR WAY,STRAIGHT AND LEVEL,DRY,NO DEFECTS,Y,DISREGARDING STOP SIGN,FAILING TO REDUCE SPEED TO AVOID CRASH,,NO INDICATION OF INJURY,17,12,41.9363045601,-87.6589625968,2022,30,POINT (-87.6589625968 41.9363045601),,,,,2022-12-11,False,5,Lake View
8345,30,TRAFFIC SIGNAL,FUNCTIONING PROPERLY,RAIN,DAWN,PEDALCYCLIST,NOT DIVIDED,STRAIGHT AND LEVEL,WET,NO DEFECTS,Y,DRIVING ON WRONG SIDE/WRONG WAY,NOT APPLICABLE,,NONINCAPACITATING INJURY,6,12,41.8959757893,-87.6796255956,2022,30,POINT (-87.6796255956 41.8959757893),,,,,2022-12-12,False,23,West Town
8346,30,NO CONTROLS,NO CONTROLS,CLEAR,DAYLIGHT,PEDALCYCLIST,NOT DIVIDED,STRAIGHT AND LEVEL,DRY,NO DEFECTS,,IMPROPER LANE USAGE,NOT APPLICABLE,,NO INDICATION OF INJURY,8,12,41.9106267514,-87.6345471582,2022,30,POINT (-87.6345471582 41.9106267514),,,,,2022-12-13,False,7,Near North Side
8347,30,STOP SIGN/FLASHER,FUNCTIONING PROPERLY,CLEAR,"DARKNESS, LIGHTED ROAD",PEDALCYCLIST,UNKNOWN INTERSECTION TYPE,STRAIGHT AND LEVEL,DRY,UNKNOWN,Y,NOT APPLICABLE,NOT APPLICABLE,,NONINCAPACITATING INJURY,17,12,41.9077131833,-87.7610247261,2022,30,POINT (-87.7610247261 41.9077131833),,,,,2022-12-13,False,24,Austin
8348,20,NO CONTROLS,NO CONTROLS,RAIN,DARKNESS,PEDALCYCLIST,ONE-WAY,STRAIGHT AND LEVEL,WET,UNKNOWN,,UNABLE TO DETERMINE,WEATHER,,NONINCAPACITATING INJURY,18,12,41.8885267139,-87.6311913744,2022,20,POINT (-87.6311913744 41.8885267139),,,,,2022-12-14,False,7,Near North Side
8349,30,STOP SIGN/FLASHER,FUNCTIONING PROPERLY,RAIN,"DARKNESS, LIGHTED ROAD",PEDALCYCLIST,NOT DIVIDED,STRAIGHT AND LEVEL,WET,NO DEFECTS,,NOT APPLICABLE,NOT APPLICABLE,,NO INDICATION OF INJURY,19,12,41.8805826251,-87.6424725001,2022,30,POINT (-87.6424725001 41.8805826251),,,,,2022-12-14,False,27,Near West Side
8350,25,NO CONTROLS,NO CONTROLS,CLEAR,DAYLIGHT,PEDALCYCLIST,ONE-WAY,STRAIGHT AND LEVEL,WET,NO DEFECTS,,UNABLE TO DETERMINE,UNABLE TO DETERMINE,,NONINCAPACITATING INJURY,8,12,41.7722445066,-87.5750922074,2022,25,POINT (-87.5750922074 41.7722445066),,,,,2022-12-15,False,41,Woodlawn
8351,30,NO CONTROLS,NO CONTROLS,RAIN,DAYLIGHT,PEDALCYCLIST,ONE-WAY,STRAIGHT AND LEVEL,WET,NO DEFECTS,,NOT APPLICABLE,NOT APPLICABLE,,NO INDICATION OF INJURY,15,12,41.9775778694,-87.6910152592,2022,30,POINT (-87.6910152592 41.9775778694),,,,,2022-12-15,False,3,Lincoln Square
8352,30,TRAFFIC SIGNAL,FUNCTIONING PROPERLY,CLEAR,"DARKNESS, LIGHTED ROAD",PEDALCYCLIST,DIVIDED - W/MEDIAN (NOT RAISED),STRAIGHT AND LEVEL,WET,NO DEFECTS,,UNABLE TO DETERMINE,NOT APPLICABLE,,"REPORTED, NOT EVIDENT",16,12,41.9318714995,-87.711340287,2022,30,POINT (-87.711340287 41.9318714995),,,,,2022-12-15,False,20,Avondale
8353,35,UNKNOWN,UNKNOWN,FREEZING RAIN/DRIZZLE,"DARKNESS, LIGHTED ROAD",PEDALCYCLIST,NOT DIVIDED,STRAIGHT AND LEVEL,SNOW OR SLUSH,NO DEFECTS,,UNABLE TO DETERMINE,NOT APPLICABLE,,NONINCAPACITATING INJURY,19,12,41.780560497,-87.6026335666,2022,35,POINT (-87.6026335666 41.780560497),,,,,2022-12-15,False,41,Woodlawn
8354,25,YIELD,FUNCTIONING PROPERLY,UNKNOWN,"DARKNESS, LIGHTED ROAD",PEDALCYCLIST,NOT DIVIDED,STRAIGHT AND LEVEL,DRY,UNKNOWN,,FAILING TO YIELD RIGHT-OF-WAY,FAILING TO REDUCE SPEED TO AVOID CRASH,,NO INDICATION OF INJURY,22,12,41.8821176335,-87.6276736122,2022,25,POINT (-87.6276736122 41.8821176335),,,,,2022-12-15,False,31,Loop
8355,30,TRAFFIC SIGNAL,FUNCTIONING PROPERLY,CLEAR,DAYLIGHT,PEDALCYCLIST,FOUR WAY,STRAIGHT AND LEVEL,DRY,NO DEFECTS,Y,FAILING TO YIELD RIGHT-OF-WAY,IMPROPER TURNING/NO SIGNAL,,NO INDICATION OF INJURY,8,12,41.8524092963,-87.6613109926,2022,30,POINT (-87.6613109926 41.8524092963),,,,,2022-12-16,False,30,Lower West Side
8356,30,UNKNOWN,UNKNOWN,SNOW,DAYLIGHT,PEDALCYCLIST,NOT DIVIDED,STRAIGHT AND LEVEL,WET,NO DEFECTS,,FAILING TO YIELD RIGHT-OF-WAY,UNABLE TO DETERMINE,,NONINCAPACITATING INJURY,15,12,41.9365801283,-87.7074044409,2022,30,POINT (-87.7074044409 41.9365801283),,,,,2022-12-16,False,20,Avondale
8357,30,NO CONTROLS,NO CONTROLS,CLEAR,"DARKNESS, LIGHTED ROAD",PEDALCYCLIST,DIVIDED - W/MEDIAN (NOT RAISED),STRAIGHT AND LEVEL,WET,NO DEFECTS,,UNABLE TO DETERMINE,UNABLE TO DETERMINE,,"REPORTED, NOT EVIDENT",18,12,41.9176515007,-87.6357693091,2022,30,POINT (-87.6357693091 41.9176515007),,,,,2022-12-17,False,6,Lincoln Park
8358,30,NO CONTROLS,UNKNOWN,CLEAR,DUSK,PEDALCYCLIST,FOUR WAY,STRAIGHT AND LEVEL,DRY,NO DEFECTS,Y,FAILING TO YIELD RIGHT-OF-WAY,"OPERATING VEHICLE IN ERRATIC, RECKLESS, CARELESS, NEGLIGENT OR AGGRESSIVE MANNER",,NONINCAPACITATING INJURY,16,12,41.7506982031,-87.6327745087,2022,30,POINT (-87.6327745087 41.7506982031),,,,,2022-12-18,False,43,Chatham
8359,30,NO CONTROLS,NO CONTROLS,CLEAR,DAWN,PEDALCYCLIST,ONE-WAY,STRAIGHT AND LEVEL,DRY,NO DEFECTS,,UNABLE TO DETERMINE,UNABLE TO DETERMINE,N,NO INDICATION OF INJURY,14,12,41.8782872837,-87.6284025523,2022,30,POINT (-87.6284025523 41.8782872837),,,,,2022-12-19,False,31,Loop
8360,30,NO CONTROLS,NO CONTROLS,CLEAR,"DARKNESS, LIGHTED ROAD",PEDALCYCLIST,ONE-WAY,STRAIGHT AND LEVEL,DRY,UNKNOWN,Y,FOLLOWING TOO CLOSELY,NOT APPLICABLE,,NO INDICATION OF INJURY,19,12,41.9302770272,-87.6478506117,2022,30,POINT (-87.6478506117 41.9302770272),,,,,2022-12-19,False,6,Lincoln Park
8361,30,NO CONTROLS,NO CONTROLS,CLEAR,"DARKNESS, LIGHTED ROAD",PEDALCYCLIST,NOT DIVIDED,STRAIGHT AND LEVEL,DRY,NO DEFECTS,,FAILING TO YIELD RIGHT-OF-WAY,NOT APPLICABLE,,NONINCAPACITATING INJURY,19,12,41.7733006393,-87.7226862427,2022,30,POINT (-87.7226862427 41.7733006393),,,,,2022-12-19,False,64,West Lawn
8362,30,STOP SIGN/FLASHER,FUNCTIONING PROPERLY,CLEAR,DAWN,PEDALCYCLIST,NOT DIVIDED,STRAIGHT AND LEVEL,DRY,NO DEFECTS,Y,FAILING TO YIELD RIGHT-OF-WAY,UNABLE TO DETERMINE,,NO INDICATION OF INJURY,16,12,41.9768950984,-87.6922796678,2022,30,POINT (-87.6922796678 41.9768950984),,,,,2022-12-20,False,3,Lincoln Square
8363,30,NO CONTROLS,NO CONTROLS,CLEAR,"DARKNESS, LIGHTED ROAD",PEDALCYCLIST,NOT DIVIDED,STRAIGHT AND LEVEL,DRY,NO DEFECTS,,IMPROPER OVERTAKING/PASSING,UNABLE TO DETERMINE,N,NO INDICATION OF INJURY,16,12,41.896096602,-87.6724499135,2022,30,POINT (-87.6724499135 41.896096602),,,,,2022-12-20,False,23,West Town
8364,30,TRAFFIC SIGNAL,FUNCTIONING PROPERLY,CLEAR,"DARKNESS, LIGHTED ROAD",PEDALCYCLIST,FOUR WAY,STRAIGHT AND LEVEL,DRY,UNKNOWN,,FAILING TO YIELD RIGHT-OF-WAY,NOT APPLICABLE,,INCAPACITATING INJURY,18,12,41.9535100011,-87.7302621207,2022,30,POINT (-87.7302621207 41.9535100011),,,,,2022-12-21,True,15,Irving Park
8365,30,NO CONTROLS,NO CONTROLS,SNOW,"DARKNESS, LIGHTED ROAD",PEDALCYCLIST,NOT DIVIDED,STRAIGHT AND LEVEL,SNOW OR SLUSH,UNKNOWN,,IMPROPER OVERTAKING/PASSING,UNABLE TO DETERMINE,,NONINCAPACITATING INJURY,16,12,42.0193242349,-87.6785996429,2022,30,POINT (-87.6785996429 42.0193242349),,,,,2022-12-24,False,0,Rogers Park
8366,30,TRAFFIC SIGNAL,FUNCTIONING PROPERLY,CLEAR,"DARKNESS, LIGHTED ROAD",PEDALCYCLIST,NOT DIVIDED,STRAIGHT AND LEVEL,WET,UNKNOWN,Y,FAILING TO YIELD RIGHT-OF-WAY,UNABLE TO DETERMINE,,NONINCAPACITATING INJURY,20,12,41.9139463567,-87.7461382531,2022,30,POINT (-87.7461382531 41.9139463567),,,,,2022-12-29,False,18,Belmont Cragin
8367,30,TRAFFIC SIGNAL,FUNCTIONING PROPERLY,CLEAR,DAWN,PEDALCYCLIST,DIVIDED - W/MEDIAN (NOT RAISED),STRAIGHT AND LEVEL,DRY,NO DEFECTS,,UNABLE TO DETERMINE,NOT APPLICABLE,,NONINCAPACITATING INJURY,5,12,41.987362026,-87.6600369911,2022,30,POINT (-87.6600369911 41.987362026),,,,,2022-12-30,False,76,Edgewater
8368,30,NO CONTROLS,NO CONTROLS,CLEAR,"DARKNESS, LIGHTED ROAD",PEDALCYCLIST,DIVIDED - W/MEDIAN (NOT RAISED),STRAIGHT AND LEVEL,WET,NO DEFECTS,,FAILING TO YIELD RIGHT-OF-WAY,NOT APPLICABLE,,NONINCAPACITATING INJURY,17,12,41.9390528708,-87.7384092392,2022,30,POINT (-87.7384092392 41.9390528708),,,,,2022-12-30,False,15,Irving Park
8369,30,NO CONTROLS,NO CONTROLS,CLEAR,DARKNESS,PEDALCYCLIST,NOT DIVIDED,STRAIGHT AND LEVEL,DRY,UNKNOWN,,UNABLE TO DETERMINE,UNABLE TO DETERMINE,,NO INDICATION OF INJURY,20,12,41.9767814711,-87.6682546305,2022,30,POINT (-87.6682546305 41.9767814711),,,,,2022-12-30,False,2,Uptown
8370,30,NO CONTROLS,NO CONTROLS,CLEAR,DAWN,PEDALCYCLIST,NOT DIVIDED,STRAIGHT AND LEVEL,DRY,UNKNOWN,Y,FAILING TO YIELD RIGHT-OF-WAY,UNABLE TO DETERMINE,,"REPORTED, NOT EVIDENT",6,12,41.9076847876,-87.7299261443,2022,30,POINT (-87.7299261443 41.9076847876),,,,,2022-12-31,False,22,Humboldt Park
8371,30,STOP SIGN/FLASHER,FUNCTIONING PROPERLY,CLEAR,DAYLIGHT,PEDALCYCLIST,NOT DIVIDED,STRAIGHT AND LEVEL,DRY,NO DEFECTS,Y,FAILING TO YIELD RIGHT-OF-WAY,NOT APPLICABLE,,NONINCAPACITATING INJURY,10,12,41.8549113191,-87.6757725659,2022,30,POINT (-87.6757725659 41.8549113191),,,,,2022-12-31,False,30,Lower West Side
8372,30,NO CONTROLS,NO CONTROLS,CLEAR,DAYLIGHT,PEDALCYCLIST,NOT DIVIDED,STRAIGHT AND LEVEL,DRY,NO DEFECTS,Y,UNABLE TO DETERMINE,UNABLE TO DETERMINE,N,INCAPACITATING INJURY,12,12,41.8009634781,-87.7036228091,2022,30,POINT (-87.7036228091 41.8009634781),,,,,2022-12-31,True,62,Gage Park
8373,30,STOP SIGN/FLASHER,FUNCTIONING PROPERLY,CLEAR,"DARKNESS, LIGHTED ROAD",PEDALCYCLIST,NOT DIVIDED,STRAIGHT AND LEVEL,DRY,NO DEFECTS,,FAILING TO YIELD RIGHT-OF-WAY,NOT APPLICABLE,,"REPORTED, NOT EVIDENT",21,12,41.9561387407,-87.6644077836,2022,30,POINT (-87.6644077836 41.9561387407),,,,,2022-12-31,False,2,Uptown
8374,30,NO CONTROLS,NO CONTROLS,CLEAR,"DARKNESS, LIGHTED ROAD",PEDALCYCLIST,NOT DIVIDED,STRAIGHT AND LEVEL,DRY,NO DEFECTS,,DRIVING SKILLS/KNOWLEDGE/EXPERIENCE,NOT APPLICABLE,Y,INCAPACITATING INJURY,22,12,41.9489661967,-87.6496833304,2022,30,POINT (-87.6496833304 41.9489661967),,,,,2022-12-31,True,5,Lake View
8375,30,TRAFFIC SIGNAL,FUNCTIONING PROPERLY,RAIN,"DARKNESS, LIGHTED ROAD",PEDALCYCLIST,FOUR WAY,STRAIGHT AND LEVEL,WET,UNKNOWN,N,DISREGARDING TRAFFIC SIGNALS,NOT APPLICABLE,,NO INDICATION OF INJURY,1,1,41.9105827644,-87.6777016771,2023,30,POINT (-87.6777016771 41.9105827644),,,,,2023-01-01,False,23,West Town
8376,30,UNKNOWN,UNKNOWN,CLEAR,DARKNESS,PEDALCYCLIST,NOT DIVIDED,STRAIGHT AND LEVEL,DRY,UNKNOWN,Y,UNABLE TO DETERMINE,NOT APPLICABLE,,NO INDICATION OF INJURY,18,1,42.0161299449,-87.6652531975,2023,30,POINT (-87.6652531975 42.0161299449),,,,,2023-01-01,False,0,Rogers Park
8377,30,NO CONTROLS,NO CONTROLS,RAIN,DAYLIGHT,PEDALCYCLIST,NOT DIVIDED,STRAIGHT AND LEVEL,WET,NO DEFECTS,N,UNABLE TO DETERMINE,UNABLE TO DETERMINE,,NONINCAPACITATING INJURY,11,1,41.7900439686,-87.8013003947,2023,30,POINT (-87.8013003947 41.7900439686),,,,,2023-01-03,False,55,Garfield Ridge
8378,30,TRAFFIC SIGNAL,UNKNOWN,FOG/SMOKE/HAZE,"DARKNESS, LIGHTED ROAD",PEDALCYCLIST,NOT DIVIDED,STRAIGHT AND LEVEL,WET,UNKNOWN,Y,UNABLE TO DETERMINE,UNABLE TO DETERMINE,,NONINCAPACITATING INJURY,19,1,41.9036538217,-87.7197881371,2023,30,POINT (-87.7197881371 41.9036538217),,,,,2023-01-03,False,22,Humboldt Park
8379,30,NO CONTROLS,NO CONTROLS,CLEAR,"DARKNESS, LIGHTED ROAD",PEDALCYCLIST,NOT DIVIDED,STRAIGHT AND LEVEL,WET,NO DEFECTS,,UNABLE TO DETERMINE,NOT APPLICABLE,,NO INDICATION OF INJURY,21,1,41.9314847047,-87.7467398263,2023,30,POINT (-87.7467398263 41.9314847047),,,,,2023-01-03,False,18,Belmont Cragin
8380,30,TRAFFIC SIGNAL,FUNCTIONING PROPERLY,CLEAR,"DARKNESS, LIGHTED ROAD",PEDALCYCLIST,T-INTERSECTION,STRAIGHT AND LEVEL,DRY,NO DEFECTS,Y,UNABLE TO DETERMINE,UNABLE TO DETERMINE,,NO INDICATION OF INJURY,18,1,41.9731550358,-87.6596339394,2023,30,POINT (-87.6596339394 41.9731550358),,,,,2023-01-04,False,2,Uptown
8381,30,TRAFFIC SIGNAL,FUNCTIONING PROPERLY,CLOUDY/OVERCAST,"DARKNESS, LIGHTED ROAD",PEDALCYCLIST,FOUR WAY,STRAIGHT AND LEVEL,UNKNOWN,NO DEFECTS,Y,UNABLE TO DETERMINE,UNABLE TO DETERMINE,,INCAPACITATING INJURY,20,1,41.8991654527,-87.7263440589,2023,30,POINT (-87.7263440589 41.8991654527),,,,,2023-01-04,True,22,Humboldt Park
8382,30,TRAFFIC SIGNAL,FUNCTIONING PROPERLY,CLEAR,"DARKNESS, LIGHTED ROAD",PEDALCYCLIST,NOT DIVIDED,STRAIGHT AND LEVEL,WET,NO DEFECTS,Y,FAILING TO REDUCE SPEED TO AVOID CRASH,UNABLE TO DETERMINE,,NONINCAPACITATING INJURY,21,1,41.8124012651,-87.6457785902,2023,30,POINT (-87.6457785902 41.8124012651),,,,,2023-01-04,False,60,New City
8383,25,STOP SIGN/FLASHER,FUNCTIONING PROPERLY,CLOUDY/OVERCAST,"DARKNESS, LIGHTED ROAD",PEDALCYCLIST,FOUR WAY,STRAIGHT AND LEVEL,DRY,UNKNOWN,Y,FAILING TO YIELD RIGHT-OF-WAY,NOT APPLICABLE,,NONINCAPACITATING INJURY,0,1,41.9357849297,-87.7088881443,2023,25,POINT (-87.7088881443 41.9357849297),,,,,2023-01-07,False,20,Avondale
8384,30,UNKNOWN,UNKNOWN,UNKNOWN,"DARKNESS, LIGHTED ROAD",PEDALCYCLIST,NOT DIVIDED,STRAIGHT AND LEVEL,UNKNOWN,UNKNOWN,,UNABLE TO DETERMINE,UNABLE TO DETERMINE,,"REPORTED, NOT EVIDENT",23,1,41.9006497816,-87.627416813,2023,30,POINT (-87.627416813 41.9006497816),,,,,2023-01-07,False,7,Near North Side
8385,30,UNKNOWN,UNKNOWN,CLEAR,DAYLIGHT,PEDALCYCLIST,UNKNOWN,STRAIGHT AND LEVEL,UNKNOWN,UNKNOWN,,UNABLE TO DETERMINE,NOT APPLICABLE,,NONINCAPACITATING INJURY,15,1,41.9733807841,-87.6578391389,2023,30,POINT (-87.6578391389 41.9733807841),,,,,2023-01-08,False,2,Uptown
8386,30,NO CONTROLS,NO CONTROLS,CLEAR,DAYLIGHT,PEDALCYCLIST,DIVIDED - W/MEDIAN (NOT RAISED),STRAIGHT AND LEVEL,DRY,NO DEFECTS,N,UNABLE TO DETERMINE,NOT APPLICABLE,,"REPORTED, NOT EVIDENT",8,1,41.9238730951,-87.6991628536,2023,30,POINT (-87.6991628536 41.9238730951),,,,,2023-01-10,False,21,Logan Square
8387,30,UNKNOWN,UNKNOWN,CLEAR,DAYLIGHT,PEDALCYCLIST,FOUR WAY,STRAIGHT AND LEVEL,DRY,UNKNOWN,,FAILING TO YIELD RIGHT-OF-WAY,NOT APPLICABLE,,NONINCAPACITATING INJURY,13,1,41.8845826561,-87.6325080097,2023,30,POINT (-87.6325080097 41.8845826561),,,,,2023-01-10,False,31,Loop
8388,30,STOP SIGN/FLASHER,FUNCTIONING PROPERLY,CLOUDY/OVERCAST,DAYLIGHT,PEDALCYCLIST,FOUR WAY,STRAIGHT AND LEVEL,DRY,NO DEFECTS,Y,DISREGARDING STOP SIGN,FAILING TO YIELD RIGHT-OF-WAY,,NONINCAPACITATING INJURY,7,1,41.8867688223,-87.6841863825,2023,30,POINT (-87.6841863825 41.8867688223),,,,,2023-01-12,False,27,Near West Side
8389,25,NO CONTROLS,NO CONTROLS,CLEAR,"DARKNESS, LIGHTED ROAD",PEDALCYCLIST,NOT DIVIDED,STRAIGHT ON GRADE,DRY,NO DEFECTS,,FAILING TO YIELD RIGHT-OF-WAY,NOT APPLICABLE,Y,NONINCAPACITATING INJURY,17,1,42.0149756917,-87.6751761987,2023,25,POINT (-87.6751761987 42.0149756917),,,,,2023-01-13,False,0,Rogers Park
8390,30,UNKNOWN,UNKNOWN,CLEAR,DAYLIGHT,PEDALCYCLIST,ONE-WAY,"CURVE, LEVEL",DRY,NO DEFECTS,,FOLLOWING TOO CLOSELY,NOT APPLICABLE,,"REPORTED, NOT EVIDENT",13,1,41.8792431075,-87.6366277969,2023,30,POINT (-87.6366277969 41.8792431075),,,,,2023-01-15,False,27,Near West Side
8391,30,NO CONTROLS,UNKNOWN,CLEAR,DAYLIGHT,PEDALCYCLIST,NOT DIVIDED,STRAIGHT AND LEVEL,UNKNOWN,UNKNOWN,,IMPROPER OVERTAKING/PASSING,UNABLE TO DETERMINE,,"REPORTED, NOT EVIDENT",14,1,41.953723263,-87.678887838,2023,30,POINT (-87.678887838 41.953723263),,,,,2023-01-15,False,4,North Center
8392,30,NO CONTROLS,NO CONTROLS,CLEAR,DARKNESS,PEDALCYCLIST,ONE-WAY,STRAIGHT AND LEVEL,WET,NO DEFECTS,,IMPROPER LANE USAGE,UNABLE TO DETERMINE,,NO INDICATION OF INJURY,19,1,41.8958263727,-87.6258105835,2023,30,POINT (-87.6258105835 41.8958263727),,,,,2023-01-16,False,7,Near North Side
8393,30,TRAFFIC SIGNAL,FUNCTIONING PROPERLY,CLEAR,"DARKNESS, LIGHTED ROAD",PEDALCYCLIST,FOUR WAY,STRAIGHT AND LEVEL,DRY,UNKNOWN,Y,UNABLE TO DETERMINE,UNABLE TO DETERMINE,,"REPORTED, NOT EVIDENT",17,1,41.8516605902,-87.7233522336,2023,30,POINT (-87.7233522336 41.8516605902),,,,,2023-01-17,False,28,North Lawndale
8394,30,TRAFFIC SIGNAL,FUNCTIONING PROPERLY,CLEAR,DAYLIGHT,PEDALCYCLIST,ONE-WAY,STRAIGHT AND LEVEL,DRY,NO DEFECTS,Y,UNABLE TO DETERMINE,NOT APPLICABLE,,NONINCAPACITATING INJURY,9,1,41.8804479088,-87.6418389753,2023,30,POINT (-87.6418389753 41.8804479088),,,,,2023-01-18,False,27,Near West Side
8395,30,UNKNOWN,UNKNOWN,CLEAR,DARKNESS,PEDALCYCLIST,DIVIDED - W/MEDIAN (NOT RAISED),STRAIGHT AND LEVEL,UNKNOWN,UNKNOWN,,IMPROPER TURNING/NO SIGNAL,IMPROPER TURNING/NO SIGNAL,,NONINCAPACITATING INJURY,18,1,42.0153969107,-87.6749503452,2023,30,POINT (-87.6749503452 42.0153969107),,,,,2023-01-18,False,0,Rogers Park