Unnamed: 0,POSTED_SPEED_LIMIT,TRAFFIC_CONTROL_DEVICE,DEVICE_CONDITION,WEATHER_CONDITION,LIGHTING_CONDITION,FIRST_CRASH_TYPE,TRAFFICWAY_TYPE,ALIGNMENT,ROADWAY_SURFACE_COND,ROAD_DEFECT,INTERSECTION_RELATED_I,PRIM_CONTRIBUTORY_CAUSE,SEC_CONTRIBUTORY_CAUSE,DOORING_I,MOST_SEVERE_INJURY,CRASH_HOUR,CRASH_MONTH,LATITUDE,LONGITUDE,CRASH_YEAR,SPEED_LIMIT,geometry,DISPLAYROU,the_geom,DIST,LANE_TYPE,CRASH_DATE,is_severe,index_right,CArea
8396,30,TRAFFIC SIGNAL,FUNCTIONING PROPERLY,RAIN,"DARKNESS, LIGHTED ROAD",PEDALCYCLIST,NOT DIVIDED,STRAIGHT AND LEVEL,WET,NO DEFECTS,,FAILING TO YIELD RIGHT-OF-WAY,NOT APPLICABLE,,NONINCAPACITATING INJURY,22,1,41.9630404262,-87.7133476514,2023,30,POINT (-87.7133476514 41.9630404262),,,,,2023-01-18,False,13,Albany Park
8397,30,TRAFFIC SIGNAL,FUNCTIONING PROPERLY,CLEAR,"DARKNESS, LIGHTED ROAD",PEDALCYCLIST,NOT DIVIDED,STRAIGHT AND LEVEL,WET,NO DEFECTS,,IMPROPER TURNING/NO SIGNAL,UNABLE TO DETERMINE,,INCAPACITATING INJURY,19,1,41.9168364877,-87.7462520454,2023,30,POINT (-87.7462520454 41.9168364877),,,,,2023-01-19,True,18,Belmont Cragin
8398,15,NO CONTROLS,NO CONTROLS,CLEAR,"DARKNESS, LIGHTED ROAD",PEDALCYCLIST,PARKING LOT,STRAIGHT AND LEVEL,DRY,NO DEFECTS,,UNABLE TO DETERMINE,UNABLE TO DETERMINE,,NO INDICATION OF INJURY,19,1,41.9686080489,-87.7132236519,2023,15,POINT (-87.7132236519 41.9686080489),,,,,2023-01-19,False,13,Albany Park
8399,30,NO CONTROLS,NO CONTROLS,CLEAR,DAYLIGHT,PEDALCYCLIST,PARKING LOT,STRAIGHT AND LEVEL,DRY,NO DEFECTS,,FAILING TO YIELD RIGHT-OF-WAY,NOT APPLICABLE,,"REPORTED, NOT EVIDENT",14,1,41.8744295194,-87.6545492731,2023,30,POINT (-87.6545492731 41.8744295194),,,,,2023-01-21,False,27,Near West Side
8400,30,NO CONTROLS,NO CONTROLS,CLEAR,DAYLIGHT,PEDALCYCLIST,DIVIDED - W/MEDIAN (NOT RAISED),STRAIGHT AND LEVEL,DRY,NO DEFECTS,,UNABLE TO DETERMINE,UNABLE TO DETERMINE,,NONINCAPACITATING INJURY,14,1,41.9526213022,-87.65067083,2023,30,POINT (-87.65067083 41.9526213022),,,,,2023-01-21,False,5,Lake View
8401,30,NO CONTROLS,NO CONTROLS,CLEAR,DAYLIGHT,PEDALCYCLIST,NOT DIVIDED,STRAIGHT AND LEVEL,DRY,NO DEFECTS,,FAILING TO YIELD RIGHT-OF-WAY,NOT APPLICABLE,Y,NONINCAPACITATING INJURY,7,1,41.9023119157,-87.6284973814,2023,30,POINT (-87.6284973814 41.9023119157),,,,,2023-01-24,False,7,Near North Side
8402,30,TRAFFIC SIGNAL,UNKNOWN,CLEAR,"DARKNESS, LIGHTED ROAD",PEDALCYCLIST,NOT DIVIDED,STRAIGHT AND LEVEL,DRY,NO DEFECTS,Y,IMPROPER TURNING/NO SIGNAL,NOT APPLICABLE,,NO INDICATION OF INJURY,10,1,41.8900914387,-87.6341061944,2023,30,POINT (-87.6341061944 41.8900914387),,,,,2023-01-24,False,7,Near North Side
8403,30,NO CONTROLS,NO CONTROLS,CLEAR,"DARKNESS, LIGHTED ROAD",PEDALCYCLIST,OTHER,STRAIGHT AND LEVEL,DRY,NO DEFECTS,,FAILING TO YIELD RIGHT-OF-WAY,FAILING TO YIELD RIGHT-OF-WAY,,NONINCAPACITATING INJURY,21,1,41.8941219289,-87.6325904421,2023,30,POINT (-87.6325904421 41.8941219289),,,,,2023-01-24,False,7,Near North Side
8404,30,NO CONTROLS,NO CONTROLS,CLEAR,"DARKNESS, LIGHTED ROAD",PEDALCYCLIST,NOT DIVIDED,STRAIGHT AND LEVEL,DRY,NO DEFECTS,,FAILING TO YIELD RIGHT-OF-WAY,FAILING TO YIELD RIGHT-OF-WAY,,INCAPACITATING INJURY,23,1,41.9225572636,-87.8060627948,2023,30,POINT (-87.8060627948 41.9225572636),,,,,2023-01-24,True,17,Montclare
8405,30,STOP SIGN/FLASHER,FUNCTIONING PROPERLY,SNOW,DAYLIGHT,PEDALCYCLIST,NOT DIVIDED,STRAIGHT AND LEVEL,SNOW OR SLUSH,NO DEFECTS,,UNABLE TO DETERMINE,NOT APPLICABLE,,NO INDICATION OF INJURY,8,1,41.9152499396,-87.7252189935,2023,30,POINT (-87.7252189935 41.9152499396),,,,,2023-01-25,False,19,Hermosa
8406,30,NO CONTROLS,NO CONTROLS,SNOW,"DARKNESS, LIGHTED ROAD",PEDALCYCLIST,NOT DIVIDED,STRAIGHT AND LEVEL,WET,NO DEFECTS,,IMPROPER LANE USAGE,UNABLE TO DETERMINE,,NONINCAPACITATING INJURY,17,1,41.9054112089,-87.6694582378,2023,30,POINT (-87.6694582378 41.9054112089),,,,,2023-01-26,False,23,West Town
8407,30,NO CONTROLS,NO CONTROLS,CLEAR,DAYLIGHT,PEDALCYCLIST,NOT DIVIDED,STRAIGHT AND LEVEL,DRY,NO DEFECTS,,FAILING TO YIELD RIGHT-OF-WAY,FAILING TO REDUCE SPEED TO AVOID CRASH,,"REPORTED, NOT EVIDENT",7,1,41.9168252668,-87.6653247479,2023,30,POINT (-87.6653247479 41.9168252668),,,,,2023-01-27,False,6,Lincoln Park
8408,30,TRAFFIC SIGNAL,FUNCTIONING PROPERLY,SNOW,DAYLIGHT,PEDALCYCLIST,FOUR WAY,STRAIGHT AND LEVEL,SNOW OR SLUSH,NO DEFECTS,Y,IMPROPER LANE USAGE,DISREGARDING TRAFFIC SIGNALS,,NONINCAPACITATING INJURY,10,1,41.8577710109,-87.6761195654,2023,30,POINT (-87.6761195654 41.8577710109),,,,,2023-01-27,False,27,Near West Side
8409,15,NO CONTROLS,NO CONTROLS,CLEAR,"DARKNESS, LIGHTED ROAD",PEDALCYCLIST,ALLEY,STRAIGHT AND LEVEL,UNKNOWN,NO DEFECTS,,FAILING TO YIELD RIGHT-OF-WAY,"VISION OBSCURED (SIGNS, TREE LIMBS, BUILDINGS, ETC.)",,NONINCAPACITATING INJURY,19,1,42.0104932306,-87.6633686808,2023,15,POINT (-87.6633686808 42.0104932306),,,,,2023-01-27,False,0,Rogers Park
8410,30,YIELD,FUNCTIONING PROPERLY,SNOW,DAYLIGHT,PEDALCYCLIST,FOUR WAY,STRAIGHT AND LEVEL,SNOW OR SLUSH,NO DEFECTS,Y,UNABLE TO DETERMINE,UNABLE TO DETERMINE,,NO INDICATION OF INJURY,9,1,41.9890034683,-87.6690822443,2023,30,POINT (-87.6690822443 41.9890034683),,,,,2023-01-28,False,76,Edgewater
8411,30,NO CONTROLS,NO CONTROLS,CLOUDY/OVERCAST,DAYLIGHT,PEDALCYCLIST,NOT DIVIDED,STRAIGHT AND LEVEL,ICE,NO DEFECTS,,IMPROPER LANE USAGE,UNABLE TO DETERMINE,,NO INDICATION OF INJURY,10,1,41.939267491,-87.7221489161,2023,30,POINT (-87.7221489161 41.939267491),,,,,2023-01-28,False,15,Irving Park
8412,30,UNKNOWN,UNKNOWN,UNKNOWN,UNKNOWN,PEDALCYCLIST,FOUR WAY,STRAIGHT AND LEVEL,UNKNOWN,UNKNOWN,,UNABLE TO DETERMINE,UNABLE TO DETERMINE,,"REPORTED, NOT EVIDENT",17,2,41.8924106658,-87.63720268,2023,30,POINT (-87.63720268 41.8924106658),,,,,2023-02-02,False,7,Near North Side
8413,30,TRAFFIC SIGNAL,FUNCTIONING PROPERLY,CLEAR,"DARKNESS, LIGHTED ROAD",PEDALCYCLIST,FOUR WAY,STRAIGHT AND LEVEL,DRY,NO DEFECTS,Y,UNABLE TO DETERMINE,UNABLE TO DETERMINE,Y,NONINCAPACITATING INJURY,18,2,41.6924957828,-87.6209778671,2023,30,POINT (-87.6209778671 41.6924957828),,,,,2023-02-04,False,48,Roseland
8414,30,NO CONTROLS,NO CONTROLS,CLEAR,"DARKNESS, LIGHTED ROAD",PEDALCYCLIST,NOT DIVIDED,STRAIGHT AND LEVEL,DRY,NO DEFECTS,,FAILING TO YIELD RIGHT-OF-WAY,UNABLE TO DETERMINE,,"REPORTED, NOT EVIDENT",19,2,41.9847329931,-87.7675272877,2023,30,POINT (-87.7675272877 41.9847329931),,,,,2023-02-04,False,10,Jefferson Park
8415,30,NO CONTROLS,NO CONTROLS,CLEAR,DAYLIGHT,PEDALCYCLIST,DIVIDED - W/MEDIAN (NOT RAISED),STRAIGHT AND LEVEL,DRY,NO DEFECTS,,UNABLE TO DETERMINE,UNABLE TO DETERMINE,,"REPORTED, NOT EVIDENT",14,2,41.9313096155,-87.7549968394,2023,30,POINT (-87.7549968394 41.9313096155),,,,,2023-02-05,False,18,Belmont Cragin
8416,30,NO CONTROLS,NO CONTROLS,CLEAR,"DARKNESS, LIGHTED ROAD",PEDALCYCLIST,NOT DIVIDED,STRAIGHT AND LEVEL,DRY,NO DEFECTS,,UNABLE TO DETERMINE,UNABLE TO DETERMINE,,NONINCAPACITATING INJURY,20,2,41.9123685444,-87.6798373529,2023,30,POINT (-87.6798373529 41.9123685444),,,,,2023-02-05,False,6,Lincoln Park
8417,25,NO CONTROLS,NO CONTROLS,CLEAR,DAYLIGHT,PEDALCYCLIST,NOT DIVIDED,STRAIGHT AND LEVEL,DRY,NO DEFECTS,,DRIVING SKILLS/KNOWLEDGE/EXPERIENCE,NOT APPLICABLE,,NO INDICATION OF INJURY,11,2,41.8350647903,-87.646058492,2023,25,POINT (-87.646058492 41.8350647903),,,,,2023-02-06,False,30,Lower West Side
8418,30,NO CONTROLS,NO CONTROLS,CLEAR,DAYLIGHT,PEDALCYCLIST,ALLEY,STRAIGHT AND LEVEL,DRY,NO DEFECTS,,UNABLE TO DETERMINE,NOT APPLICABLE,,NO INDICATION OF INJURY,15,2,41.9510344554,-87.6675614496,2023,30,POINT (-87.6675614496 41.9510344554),,,,,2023-02-06,False,5,Lake View
8419,30,NO CONTROLS,NO CONTROLS,CLEAR,"DARKNESS, LIGHTED ROAD",PEDALCYCLIST,ONE-WAY,STRAIGHT AND LEVEL,DRY,NO DEFECTS,Y,FAILING TO YIELD RIGHT-OF-WAY,FAILING TO YIELD RIGHT-OF-WAY,,NO INDICATION OF INJURY,5,2,41.8444097476,-87.7208351247,2023,30,POINT (-87.7208351247 41.8444097476),,,,,2023-02-07,False,29,South Lawndale
8420,30,STOP SIGN/FLASHER,FUNCTIONING PROPERLY,CLEAR,DAYLIGHT,PEDALCYCLIST,T-INTERSECTION,STRAIGHT AND LEVEL,DRY,NO DEFECTS,Y,FAILING TO YIELD RIGHT-OF-WAY,NOT APPLICABLE,,NONINCAPACITATING INJURY,15,2,41.8997983047,-87.6685445318,2023,30,POINT (-87.6685445318 41.8997983047),,,,,2023-02-07,False,23,West Town
8421,30,TRAFFIC SIGNAL,FUNCTIONING PROPERLY,CLEAR,DAYLIGHT,PEDALCYCLIST,DIVIDED - W/MEDIAN (NOT RAISED),STRAIGHT AND LEVEL,DRY,SHOULDER DEFECT,N,NOT APPLICABLE,UNABLE TO DETERMINE,,INCAPACITATING INJURY,11,2,41.7215474119,-87.628892953,2023,30,POINT (-87.628892953 41.7215474119),,,,,2023-02-08,True,48,Roseland
8422,30,NO CONTROLS,NO CONTROLS,CLEAR,DAYLIGHT,PEDALCYCLIST,NOT DIVIDED,STRAIGHT AND LEVEL,DRY,NO DEFECTS,,UNABLE TO DETERMINE,UNABLE TO DETERMINE,Y,NO INDICATION OF INJURY,12,2,41.9609602305,-87.7179761918,2023,30,POINT (-87.7179761918 41.9609602305),,,,,2023-02-08,False,13,Albany Park
8423,30,TRAFFIC SIGNAL,FUNCTIONING PROPERLY,CLEAR,DAYLIGHT,PEDALCYCLIST,NOT DIVIDED,STRAIGHT AND LEVEL,WET,NO DEFECTS,Y,FAILING TO YIELD RIGHT-OF-WAY,UNABLE TO DETERMINE,,NONINCAPACITATING INJURY,12,2,41.9486836744,-87.6436497585,2023,30,POINT (-87.6436497585 41.9486836744),,,,,2023-02-08,False,5,Lake View
8424,10,NO CONTROLS,NO CONTROLS,CLEAR,DAYLIGHT,PEDALCYCLIST,ALLEY,STRAIGHT AND LEVEL,DRY,NO DEFECTS,,FAILING TO YIELD RIGHT-OF-WAY,UNABLE TO DETERMINE,,NONINCAPACITATING INJURY,15,2,41.7900565433,-87.686894159,2023,10,POINT (-87.686894159 41.7900565433),,,,,2023-02-08,False,62,Gage Park
8425,30,NO CONTROLS,NO CONTROLS,UNKNOWN,"DARKNESS, LIGHTED ROAD",PEDALCYCLIST,DIVIDED - W/MEDIAN (NOT RAISED),STRAIGHT AND LEVEL,DRY,NO DEFECTS,,FOLLOWING TOO CLOSELY,IMPROPER TURNING/NO SIGNAL,,"REPORTED, NOT EVIDENT",17,2,41.8892649255,-87.6349286922,2023,30,POINT (-87.6349286922 41.8892649255),,,,,2023-02-08,False,7,Near North Side
8426,35,PEDESTRIAN CROSSING SIGN,UNKNOWN,CLEAR,"DARKNESS, LIGHTED ROAD",PEDALCYCLIST,NOT DIVIDED,STRAIGHT AND LEVEL,DRY,NO DEFECTS,Y,FAILING TO YIELD RIGHT-OF-WAY,NOT APPLICABLE,,NONINCAPACITATING INJURY,17,2,41.9331889972,-87.7664596188,2023,35,POINT (-87.7664596188 41.9331889972),,,,,2023-02-08,False,18,Belmont Cragin
8427,30,TRAFFIC SIGNAL,FUNCTIONING PROPERLY,CLEAR,DAYLIGHT,PEDALCYCLIST,CENTER TURN LANE,STRAIGHT AND LEVEL,DRY,NO DEFECTS,Y,FAILING TO YIELD RIGHT-OF-WAY,FAILING TO YIELD RIGHT-OF-WAY,,NONINCAPACITATING INJURY,9,2,41.8233563484,-87.6460685025,2023,30,POINT (-87.6460685025 41.8233563484),,,,,2023-02-10,False,59,Bridgeport
8428,30,NO CONTROLS,NO CONTROLS,CLEAR,DAYLIGHT,PEDALCYCLIST,NOT DIVIDED,STRAIGHT AND LEVEL,DRY,UNKNOWN,,FAILING TO YIELD RIGHT-OF-WAY,NOT APPLICABLE,Y,NONINCAPACITATING INJURY,15,2,41.918163306,-87.6569540129,2023,30,POINT (-87.6569540129 41.918163306),,,,,2023-02-10,False,6,Lincoln Park
8429,35,STOP SIGN/FLASHER,NO CONTROLS,CLEAR,DAYLIGHT,PEDALCYCLIST,NOT DIVIDED,STRAIGHT AND LEVEL,DRY,NO DEFECTS,,IMPROPER OVERTAKING/PASSING,IMPROPER OVERTAKING/PASSING,,NO INDICATION OF INJURY,15,2,41.8967860509,-87.6282808746,2023,35,POINT (-87.6282808746 41.8967860509),,,,,2023-02-10,False,7,Near North Side
8430,25,NO CONTROLS,OTHER,CLEAR,DAYLIGHT,PEDALCYCLIST,DIVIDED - W/MEDIAN (NOT RAISED),STRAIGHT AND LEVEL,DRY,UNKNOWN,N,UNABLE TO DETERMINE,UNABLE TO DETERMINE,,"REPORTED, NOT EVIDENT",10,2,41.9605671771,-87.6542206605,2023,25,POINT (-87.6542206605 41.9605671771),,,,,2023-02-11,False,2,Uptown
8431,30,TRAFFIC SIGNAL,FUNCTIONING PROPERLY,CLEAR,"DARKNESS, LIGHTED ROAD",PEDALCYCLIST,FOUR WAY,STRAIGHT AND LEVEL,DRY,NO DEFECTS,Y,FAILING TO YIELD RIGHT-OF-WAY,NOT APPLICABLE,,NONINCAPACITATING INJURY,22,2,41.9398520812,-87.6506533288,2023,30,POINT (-87.6506533288 41.9398520812),,,,,2023-02-11,False,5,Lake View
8432,30,TRAFFIC SIGNAL,FUNCTIONING PROPERLY,CLEAR,"DARKNESS, LIGHTED ROAD",PEDALCYCLIST,ONE-WAY,STRAIGHT AND LEVEL,DRY,NO DEFECTS,,UNABLE TO DETERMINE,NOT APPLICABLE,,"REPORTED, NOT EVIDENT",22,2,41.884552309,-87.63975418,2023,30,POINT (-87.63975418 41.884552309),,,,,2023-02-11,False,27,Near West Side
8433,25,STOP SIGN/FLASHER,NO CONTROLS,CLEAR,DAYLIGHT,PEDALCYCLIST,NOT DIVIDED,STRAIGHT AND LEVEL,DRY,NO DEFECTS,Y,IMPROPER TURNING/NO SIGNAL,IMPROPER OVERTAKING/PASSING,,NONINCAPACITATING INJURY,15,2,41.8465313622,-87.69782704,2023,25,POINT (-87.69782704 41.8465313622),,,,,2023-02-12,False,28,North Lawndale
8434,25,NO CONTROLS,NO CONTROLS,CLEAR,"DARKNESS, LIGHTED ROAD",PEDALCYCLIST,NOT DIVIDED,STRAIGHT AND LEVEL,DRY,NO DEFECTS,,UNABLE TO DETERMINE,UNABLE TO DETERMINE,Y,NONINCAPACITATING INJURY,17,2,41.9452445612,-87.6458255009,2023,25,POINT (-87.6458255009 41.9452445612),,,,,2023-02-12,False,5,Lake View
8435,30,NO CONTROLS,NO CONTROLS,CLEAR,"DARKNESS, LIGHTED ROAD",PEDALCYCLIST,DIVIDED - W/MEDIAN (NOT RAISED),STRAIGHT AND LEVEL,DRY,NO DEFECTS,,IMPROPER LANE USAGE,FAILING TO REDUCE SPEED TO AVOID CRASH,,INCAPACITATING INJURY,22,2,42.0041637463,-87.6606890572,2023,30,POINT (-87.6606890572 42.0041637463),,,,,2023-02-12,True,0,Rogers Park
8436,30,NO CONTROLS,NO CONTROLS,RAIN,"DARKNESS, LIGHTED ROAD",PEDALCYCLIST,ALLEY,STRAIGHT AND LEVEL,WET,UNKNOWN,Y,UNABLE TO DETERMINE,UNABLE TO DETERMINE,Y,NONINCAPACITATING INJURY,5,2,41.823671514,-87.6211215111,2023,30,POINT (-87.6211215111 41.823671514),,,,,2023-02-14,False,37,Grand Boulevard
8437,30,TRAFFIC SIGNAL,FUNCTIONING PROPERLY,RAIN,"DARKNESS, LIGHTED ROAD",PEDALCYCLIST,NOT DIVIDED,STRAIGHT AND LEVEL,WET,NO DEFECTS,,UNABLE TO DETERMINE,UNABLE TO DETERMINE,,NO INDICATION OF INJURY,17,2,41.9071066531,-87.6675024254,2023,30,POINT (-87.6675024254 41.9071066531),,,,,2023-02-14,False,23,West Town
8438,20,UNKNOWN,UNKNOWN,RAIN,"DARKNESS, LIGHTED ROAD",PEDALCYCLIST,PARKING LOT,STRAIGHT AND LEVEL,WET,UNKNOWN,,UNABLE TO DETERMINE,NOT APPLICABLE,,"REPORTED, NOT EVIDENT",18,2,41.8413489899,-87.6495076896,2023,20,POINT (-87.6495076896 41.8413489899),,,,,2023-02-14,False,30,Lower West Side
8439,30,NO CONTROLS,NO CONTROLS,CLEAR,DAYLIGHT,PEDALCYCLIST,ONE-WAY,STRAIGHT AND LEVEL,DRY,UNKNOWN,,UNABLE TO DETERMINE,NOT APPLICABLE,,NO INDICATION OF INJURY,12,2,41.890058266,-87.6312298874,2023,30,POINT (-87.6312298874 41.890058266),,,,,2023-02-15,False,7,Near North Side
8440,30,NO CONTROLS,NO CONTROLS,CLEAR,"DARKNESS, LIGHTED ROAD",PEDALCYCLIST,NOT DIVIDED,STRAIGHT AND LEVEL,DRY,NO DEFECTS,,FAILING TO REDUCE SPEED TO AVOID CRASH,UNABLE TO DETERMINE,,NONINCAPACITATING INJURY,16,2,41.960242504,-87.7769558962,2023,30,POINT (-87.7769558962 41.960242504),,,,,2023-02-15,False,14,Portage Park
8441,30,STOP SIGN/FLASHER,FUNCTIONING PROPERLY,SLEET/HAIL,UNKNOWN,PEDALCYCLIST,ONE-WAY,STRAIGHT AND LEVEL,WET,NO DEFECTS,,UNABLE TO DETERMINE,UNABLE TO DETERMINE,,"REPORTED, NOT EVIDENT",15,2,41.9701555122,-87.7294587019,2023,30,POINT (-87.7294587019 41.9701555122),,,,,2023-02-16,False,11,Forest Glen
8442,30,STOP SIGN/FLASHER,FUNCTIONING PROPERLY,CLEAR,DAYLIGHT,PEDALCYCLIST,NOT DIVIDED,STRAIGHT AND LEVEL,DRY,UNKNOWN,Y,UNABLE TO DETERMINE,UNABLE TO DETERMINE,,NO INDICATION OF INJURY,14,2,41.9834343576,-87.6747551902,2023,30,POINT (-87.6747551902 41.9834343576),,,,,2023-02-17,False,3,Lincoln Square
8443,30,NO CONTROLS,NO CONTROLS,CLEAR,"DARKNESS, LIGHTED ROAD",PEDALCYCLIST,NOT DIVIDED,STRAIGHT AND LEVEL,DRY,NO DEFECTS,Y,UNABLE TO DETERMINE,NOT APPLICABLE,,INCAPACITATING INJURY,23,2,41.9683897212,-87.7245257258,2023,30,POINT (-87.7245257258 41.9683897212),,,,,2023-02-18,True,13,Albany Park
8444,20,NO CONTROLS,NO CONTROLS,CLEAR,DAYLIGHT,PEDALCYCLIST,ONE-WAY,STRAIGHT AND LEVEL,DRY,NO DEFECTS,,UNABLE TO DETERMINE,NOT APPLICABLE,,NONINCAPACITATING INJURY,15,2,41.9200396286,-87.6833220047,2023,20,POINT (-87.6833220047 41.9200396286),,,,,2023-02-19,False,21,Logan Square
8445,30,NO CONTROLS,NO CONTROLS,CLEAR,DARKNESS,PEDALCYCLIST,NOT DIVIDED,STRAIGHT AND LEVEL,DRY,NO DEFECTS,,NOT APPLICABLE,NOT APPLICABLE,,NO INDICATION OF INJURY,17,2,41.9320022092,-87.7185590124,2023,30,POINT (-87.7185590124 41.9320022092),,,,,2023-02-19,False,20,Avondale
8446,30,NO CONTROLS,NO CONTROLS,CLEAR,DUSK,PEDALCYCLIST,NOT DIVIDED,STRAIGHT AND LEVEL,DRY,NO DEFECTS,,NOT APPLICABLE,NOT APPLICABLE,,NONINCAPACITATING INJURY,17,2,41.8096085752,-87.7237950428,2023,30,POINT (-87.7237950428 41.8096085752),,,,,2023-02-20,False,56,Archer Heights
8447,10,NO CONTROLS,NO CONTROLS,CLEAR,DARKNESS,PEDALCYCLIST,PARKING LOT,STRAIGHT AND LEVEL,DRY,NO DEFECTS,,IMPROPER LANE USAGE,NOT APPLICABLE,,INCAPACITATING INJURY,22,2,41.9397446157,-87.6685161011,2023,10,POINT (-87.6685161011 41.9397446157),,,,,2023-02-20,True,5,Lake View
8448,20,PEDESTRIAN CROSSING SIGN,FUNCTIONING PROPERLY,UNKNOWN,UNKNOWN,PEDALCYCLIST,NOT DIVIDED,STRAIGHT AND LEVEL,UNKNOWN,UNKNOWN,Y,FAILING TO YIELD RIGHT-OF-WAY,UNABLE TO DETERMINE,,NO INDICATION OF INJURY,11,2,41.8553847996,-87.627291545,2023,20,POINT (-87.627291545 41.8553847996),,,,,2023-02-21,False,32,Near South Side
8449,30,NO CONTROLS,NO CONTROLS,CLEAR,DAYLIGHT,PEDALCYCLIST,DIVIDED - W/MEDIAN (NOT RAISED),STRAIGHT AND LEVEL,DRY,NO DEFECTS,,UNABLE TO DETERMINE,UNABLE TO DETERMINE,,NO INDICATION OF INJURY,14,2,41.9076325044,-87.6733987348,2023,30,POINT (-87.6733987348 41.9076325044),,,,,2023-02-21,False,23,West Town
8450,30,TRAFFIC SIGNAL,UNKNOWN,UNKNOWN,UNKNOWN,PEDALCYCLIST,FOUR WAY,STRAIGHT AND LEVEL,UNKNOWN,UNKNOWN,Y,UNABLE TO DETERMINE,NOT APPLICABLE,,NO INDICATION OF INJURY,16,2,41.9169733245,-87.7462602225,2023,30,POINT (-87.7462602225 41.9169733245),,,,,2023-02-21,False,18,Belmont Cragin
8451,30,NO CONTROLS,NO CONTROLS,CLEAR,"DARKNESS, LIGHTED ROAD",PEDALCYCLIST,DRIVEWAY,STRAIGHT AND LEVEL,DRY,NO DEFECTS,,IMPROPER TURNING/NO SIGNAL,NOT APPLICABLE,,NONINCAPACITATING INJURY,18,2,41.8846247731,-87.619254324,2023,30,POINT (-87.619254324 41.8846247731),,,,,2023-02-21,False,31,Loop
8452,10,NO CONTROLS,NO CONTROLS,RAIN,DAYLIGHT,PEDALCYCLIST,ALLEY,STRAIGHT AND LEVEL,WET,NO DEFECTS,,UNABLE TO DETERMINE,UNABLE TO DETERMINE,,"REPORTED, NOT EVIDENT",11,2,41.9613761888,-87.695828905,2023,10,POINT (-87.695828905 41.9613761888),,,,,2023-02-22,False,3,Lincoln Square
8453,30,TRAFFIC SIGNAL,FUNCTIONING PROPERLY,CLEAR,DAYLIGHT,PEDALCYCLIST,NOT DIVIDED,STRAIGHT AND LEVEL,DRY,NO DEFECTS,,FAILING TO YIELD RIGHT-OF-WAY,NOT APPLICABLE,,"REPORTED, NOT EVIDENT",16,2,41.8907562838,-87.6867370547,2023,30,POINT (-87.6867370547 41.8907562838),,,,,2023-02-25,False,23,West Town
8454,30,NO CONTROLS,NO CONTROLS,CLEAR,DAYLIGHT,PEDALCYCLIST,NOT DIVIDED,STRAIGHT AND LEVEL,DRY,NO DEFECTS,,NOT APPLICABLE,NOT APPLICABLE,,NONINCAPACITATING INJURY,17,2,41.7807529132,-87.7030397094,2023,30,POINT (-87.7030397094 41.7807529132),,,,,2023-02-26,False,65,Chicago Lawn
8455,30,NO CONTROLS,NO CONTROLS,CLEAR,"DARKNESS, LIGHTED ROAD",PEDALCYCLIST,NOT DIVIDED,STRAIGHT AND LEVEL,DRY,NO DEFECTS,Y,FAILING TO YIELD RIGHT-OF-WAY,UNABLE TO DETERMINE,,NONINCAPACITATING INJURY,17,2,42.0089709006,-87.6782074942,2023,30,POINT (-87.6782074942 42.0089709006),,,,,2023-02-26,False,0,Rogers Park
8456,15,UNKNOWN,UNKNOWN,CLEAR,DARKNESS,PEDALCYCLIST,OTHER,STRAIGHT AND LEVEL,DRY,UNKNOWN,,FOLLOWING TOO CLOSELY,NOT APPLICABLE,,INCAPACITATING INJURY,18,2,41.9437037036,-87.6510203735,2023,15,POINT (-87.6510203735 41.9437037036),,,,,2023-02-26,True,5,Lake View
8457,30,NO CONTROLS,NO CONTROLS,CLEAR,DAYLIGHT,PEDALCYCLIST,NOT DIVIDED,STRAIGHT AND LEVEL,DRY,NO DEFECTS,Y,"OPERATING VEHICLE IN ERRATIC, RECKLESS, CARELESS, NEGLIGENT OR AGGRESSIVE MANNER",NOT APPLICABLE,,NO INDICATION OF INJURY,17,2,41.9089214003,-87.6775677955,2023,30,POINT (-87.6775677955 41.9089214003),,,,,2023-02-27,False,23,West Town
8458,30,BICYCLE CROSSING SIGN,OTHER,CLEAR,DAYLIGHT,PEDALCYCLIST,DIVIDED - W/MEDIAN (NOT RAISED),STRAIGHT AND LEVEL,DRY,NO DEFECTS,,FAILING TO YIELD RIGHT-OF-WAY,IMPROPER LANE USAGE,,NONINCAPACITATING INJURY,7,2,41.8931336396,-87.6478085911,2023,30,POINT (-87.6478085911 41.8931336396),,,,,2023-02-28,False,7,Near North Side
8459,30,TRAFFIC SIGNAL,FUNCTIONING PROPERLY,CLEAR,DAYLIGHT,PEDALCYCLIST,FOUR WAY,STRAIGHT AND LEVEL,DRY,NO DEFECTS,Y,FAILING TO YIELD RIGHT-OF-WAY,UNABLE TO DETERMINE,,"REPORTED, NOT EVIDENT",16,2,41.896218801,-87.6556038946,2023,30,POINT (-87.6556038946 41.896218801),,,,,2023-02-28,False,7,Near North Side
8460,35,STOP SIGN/FLASHER,NO CONTROLS,CLEAR,DUSK,PEDALCYCLIST,FOUR WAY,STRAIGHT AND LEVEL,DRY,NO DEFECTS,Y,UNABLE TO DETERMINE,NOT APPLICABLE,,INCAPACITATING INJURY,18,2,41.7731231953,-87.6129877079,2023,35,POINT (-87.6129877079 41.7731231953),,,,,2023-02-28,True,41,Woodlawn