Unnamed: 0,POSTED_SPEED_LIMIT,TRAFFIC_CONTROL_DEVICE,DEVICE_CONDITION,WEATHER_CONDITION,LIGHTING_CONDITION,FIRST_CRASH_TYPE,TRAFFICWAY_TYPE,ALIGNMENT,ROADWAY_SURFACE_COND,ROAD_DEFECT,INTERSECTION_RELATED_I,PRIM_CONTRIBUTORY_CAUSE,SEC_CONTRIBUTORY_CAUSE,DOORING_I,MOST_SEVERE_INJURY,CRASH_HOUR,CRASH_MONTH,LATITUDE,LONGITUDE,CRASH_YEAR,SPEED_LIMIT,geometry,DISPLAYROU,the_geom,DIST,LANE_TYPE,CRASH_DATE,is_severe,index_right,CArea
8461,30,NO CONTROLS,NO CONTROLS,CLEAR,DAYLIGHT,PEDALCYCLIST,NOT DIVIDED,STRAIGHT AND LEVEL,DRY,NO DEFECTS,,IMPROPER LANE USAGE,IMPROPER LANE USAGE,,NONINCAPACITATING INJURY,14,3,41.9905527855,-87.6993426384,2023,30,POINT (-87.6993426384 41.9905527855),,,,,2023-03-01,False,1,West Ridge
8462,25,NO CONTROLS,NO CONTROLS,CLEAR,"DARKNESS, LIGHTED ROAD",PEDALCYCLIST,ONE-WAY,STRAIGHT AND LEVEL,DRY,NO DEFECTS,,IMPROPER LANE USAGE,"OPERATING VEHICLE IN ERRATIC, RECKLESS, CARELESS, NEGLIGENT OR AGGRESSIVE MANNER",,INCAPACITATING INJURY,18,3,41.905697826,-87.629704561,2023,25,POINT (-87.629704561 41.905697826),,,,,2023-03-01,True,7,Near North Side
8463,35,TRAFFIC SIGNAL,FUNCTIONING PROPERLY,CLEAR,DAYLIGHT,PEDALCYCLIST,FOUR WAY,STRAIGHT AND LEVEL,DRY,NO DEFECTS,Y,DISREGARDING TRAFFIC SIGNALS,FAILING TO REDUCE SPEED TO AVOID CRASH,,NO INDICATION OF INJURY,6,3,41.7356809547,-87.6630013649,2023,35,POINT (-87.6630013649 41.7356809547),,,,,2023-03-02,False,70,Auburn Gresham
8464,30,NO CONTROLS,NO CONTROLS,CLEAR,DUSK,PEDALCYCLIST,FOUR WAY,STRAIGHT AND LEVEL,DRY,UNKNOWN,,UNABLE TO DETERMINE,NOT APPLICABLE,,"REPORTED, NOT EVIDENT",17,3,41.9108375097,-87.6608337836,2023,30,POINT (-87.6608337836 41.9108375097),,,,,2023-03-02,False,6,Lincoln Park
8465,30,TRAFFIC SIGNAL,FUNCTIONING PROPERLY,RAIN,DARKNESS,PEDALCYCLIST,NOT DIVIDED,STRAIGHT ON HILLCREST,WET,UNKNOWN,Y,WEATHER,WEATHER,,INCAPACITATING INJURY,17,3,41.8672963091,-87.6445807474,2023,30,POINT (-87.6445807474 41.8672963091),,,,,2023-03-04,True,27,Near West Side
8466,30,STOP SIGN/FLASHER,FUNCTIONING PROPERLY,RAIN,"DARKNESS, LIGHTED ROAD",PEDALCYCLIST,DIVIDED - W/MEDIAN (NOT RAISED),STRAIGHT AND LEVEL,WET,NO DEFECTS,Y,FAILING TO YIELD RIGHT-OF-WAY,NOT APPLICABLE,,"REPORTED, NOT EVIDENT",18,3,41.8901240194,-87.6547464373,2023,30,POINT (-87.6547464373 41.8901240194),,,,,2023-03-04,False,7,Near North Side
8467,30,NO CONTROLS,NO CONTROLS,CLEAR,DAYLIGHT,PEDALCYCLIST,NOT DIVIDED,STRAIGHT AND LEVEL,DRY,NO DEFECTS,,UNABLE TO DETERMINE,NOT APPLICABLE,Y,NONINCAPACITATING INJURY,11,3,41.9808255417,-87.6926492889,2023,30,POINT (-87.6926492889 41.9808255417),,,,,2023-03-05,False,3,Lincoln Square
8468,30,NO CONTROLS,NO CONTROLS,CLEAR,DAYLIGHT,PEDALCYCLIST,NOT DIVIDED,STRAIGHT AND LEVEL,DRY,UNKNOWN,,UNABLE TO DETERMINE,UNABLE TO DETERMINE,,NONINCAPACITATING INJURY,12,3,41.9616796333,-87.6539489546,2023,30,POINT (-87.6539489546 41.9616796333),,,,,2023-03-05,False,2,Uptown
8469,30,NO CONTROLS,NO CONTROLS,CLEAR,DAYLIGHT,PEDALCYCLIST,NOT DIVIDED,STRAIGHT AND LEVEL,DRY,NO DEFECTS,,UNABLE TO DETERMINE,UNABLE TO DETERMINE,,NONINCAPACITATING INJURY,13,3,41.9582086206,-87.7080029139,2023,30,POINT (-87.7080029139 41.9582086206),,,,,2023-03-05,False,15,Irving Park
8470,30,TRAFFIC SIGNAL,FUNCTIONING PROPERLY,RAIN,"DARKNESS, LIGHTED ROAD",PEDALCYCLIST,FOUR WAY,STRAIGHT AND LEVEL,WET,NO DEFECTS,Y,UNABLE TO DETERMINE,UNABLE TO DETERMINE,,INCAPACITATING INJURY,0,3,41.90898946,-87.8043628415,2023,30,POINT (-87.8043628415 41.90898946),,,,,2023-03-06,True,24,Austin
8471,30,STOP SIGN/FLASHER,NO CONTROLS,CLEAR,DAYLIGHT,PEDALCYCLIST,T-INTERSECTION,STRAIGHT AND LEVEL,DRY,NO DEFECTS,Y,FAILING TO YIELD RIGHT-OF-WAY,UNABLE TO DETERMINE,,NONINCAPACITATING INJURY,8,3,41.9443986889,-87.7058138934,2023,30,POINT (-87.7058138934 41.9443986889),,,,,2023-03-07,False,15,Irving Park
8472,30,NO CONTROLS,NO CONTROLS,CLEAR,DAYLIGHT,PEDALCYCLIST,NOT DIVIDED,STRAIGHT AND LEVEL,DRY,NO DEFECTS,,UNABLE TO DETERMINE,UNABLE TO DETERMINE,,NONINCAPACITATING INJURY,10,3,41.7941174013,-87.7331396865,2023,30,POINT (-87.7331396865 41.7941174013),,,,,2023-03-07,False,61,West Elsdon
8473,30,STOP SIGN/FLASHER,OTHER,CLEAR,DAYLIGHT,PEDALCYCLIST,NOT DIVIDED,STRAIGHT AND LEVEL,DRY,NO DEFECTS,Y,FAILING TO YIELD RIGHT-OF-WAY,NOT APPLICABLE,,NONINCAPACITATING INJURY,11,3,41.7732977343,-87.5815590175,2023,30,POINT (-87.5815590175 41.7732977343),,,,,2023-03-07,False,41,Woodlawn
8474,30,NO CONTROLS,NO CONTROLS,CLEAR,DUSK,PEDALCYCLIST,NOT DIVIDED,STRAIGHT AND LEVEL,DRY,NO DEFECTS,,DRIVING SKILLS/KNOWLEDGE/EXPERIENCE,NOT APPLICABLE,Y,NONINCAPACITATING INJURY,18,3,41.9399295021,-87.6446634103,2023,30,POINT (-87.6446634103 41.9399295021),,,,,2023-03-07,False,5,Lake View
8475,30,NO CONTROLS,NO CONTROLS,CLEAR,"DARKNESS, LIGHTED ROAD",PEDALCYCLIST,DRIVEWAY,STRAIGHT AND LEVEL,DRY,NO DEFECTS,,UNABLE TO DETERMINE,UNABLE TO DETERMINE,,NO INDICATION OF INJURY,19,3,41.9474004564,-87.651512018,2023,30,POINT (-87.651512018 41.9474004564),,,,,2023-03-07,False,5,Lake View
8476,30,TRAFFIC SIGNAL,FUNCTIONING PROPERLY,CLEAR,"DARKNESS, LIGHTED ROAD",PEDALCYCLIST,NOT DIVIDED,STRAIGHT AND LEVEL,DRY,NO DEFECTS,Y,FAILING TO YIELD RIGHT-OF-WAY,NOT APPLICABLE,,NONINCAPACITATING INJURY,4,3,41.8007272599,-87.7039102174,2023,30,POINT (-87.7039102174 41.8007272599),,,,,2023-03-08,False,62,Gage Park
8477,30,NO CONTROLS,NO CONTROLS,CLEAR,DAYLIGHT,PEDALCYCLIST,NOT DIVIDED,STRAIGHT AND LEVEL,DRY,NO DEFECTS,,IMPROPER TURNING/NO SIGNAL,NOT APPLICABLE,,NONINCAPACITATING INJURY,8,3,41.8819144601,-87.6863038519,2023,30,POINT (-87.6863038519 41.8819144601),,,,,2023-03-08,False,27,Near West Side
8478,30,NO CONTROLS,NO CONTROLS,UNKNOWN,UNKNOWN,PEDALCYCLIST,FOUR WAY,STRAIGHT AND LEVEL,UNKNOWN,UNKNOWN,Y,FOLLOWING TOO CLOSELY,NOT APPLICABLE,,NONINCAPACITATING INJURY,15,3,41.8917898081,-87.6482936546,2023,30,POINT (-87.6482936546 41.8917898081),,,,,2023-03-11,False,7,Near North Side
8479,30,NO CONTROLS,NO CONTROLS,CLEAR,DAYLIGHT,PEDALCYCLIST,NOT DIVIDED,STRAIGHT AND LEVEL,DRY,UNKNOWN,,PHYSICAL CONDITION OF DRIVER,PHYSICAL CONDITION OF DRIVER,,NO INDICATION OF INJURY,16,3,41.9019056681,-87.6315370857,2023,30,POINT (-87.6315370857 41.9019056681),,,,,2023-03-11,False,7,Near North Side
8480,30,NO CONTROLS,NO CONTROLS,FREEZING RAIN/DRIZZLE,DAYLIGHT,PEDALCYCLIST,NOT DIVIDED,STRAIGHT AND LEVEL,WET,NO DEFECTS,Y,FAILING TO YIELD RIGHT-OF-WAY,DISREGARDING YIELD SIGN,Y,NONINCAPACITATING INJURY,17,3,41.9765926405,-87.6685572422,2023,30,POINT (-87.6685572422 41.9765926405),,,,,2023-03-12,False,2,Uptown
8481,30,NO CONTROLS,NO CONTROLS,RAIN,DARKNESS,PEDALCYCLIST,NOT DIVIDED,STRAIGHT AND LEVEL,WET,UNKNOWN,,IMPROPER TURNING/NO SIGNAL,NOT APPLICABLE,,NO INDICATION OF INJURY,19,3,41.9216143622,-87.6954814291,2023,30,POINT (-87.6954814291 41.9216143622),,,,,2023-03-12,False,21,Logan Square
8482,30,TRAFFIC SIGNAL,FUNCTIONING PROPERLY,CLEAR,"DARKNESS, LIGHTED ROAD",PEDALCYCLIST,NOT DIVIDED,STRAIGHT AND LEVEL,DRY,NO DEFECTS,Y,FAILING TO REDUCE SPEED TO AVOID CRASH,UNABLE TO DETERMINE,,INCAPACITATING INJURY,22,3,41.9206776721,-87.7460655041,2023,30,POINT (-87.7460655041 41.9206776721),,,,,2023-03-12,True,18,Belmont Cragin
8483,20,NO CONTROLS,NO CONTROLS,CLEAR,DAYLIGHT,PEDALCYCLIST,DIVIDED - W/MEDIAN (NOT RAISED),STRAIGHT AND LEVEL,WET,NO DEFECTS,,UNABLE TO DETERMINE,UNABLE TO DETERMINE,,"REPORTED, NOT EVIDENT",8,3,41.9468248791,-87.6932129127,2023,20,POINT (-87.6932129127 41.9468248791),,,,,2023-03-13,False,4,North Center
8484,25,TRAFFIC SIGNAL,FUNCTIONING PROPERLY,CLEAR,DAYLIGHT,PEDALCYCLIST,FOUR WAY,STRAIGHT AND LEVEL,DRY,UNKNOWN,Y,IMPROPER OVERTAKING/PASSING,NOT APPLICABLE,,NONINCAPACITATING INJURY,7,3,41.8844019134,-87.7063676684,2023,25,POINT (-87.7063676684 41.8844019134),,,,,2023-03-14,False,26,Garfield Park
8485,30,UNKNOWN,UNKNOWN,UNKNOWN,UNKNOWN,PEDALCYCLIST,NOT DIVIDED,STRAIGHT AND LEVEL,UNKNOWN,UNKNOWN,,UNABLE TO DETERMINE,UNABLE TO DETERMINE,,INCAPACITATING INJURY,20,3,41.9651941116,-87.6641579385,2023,30,POINT (-87.6641579385 41.9651941116),,,,,2023-03-14,True,2,Uptown
8486,30,TRAFFIC SIGNAL,FUNCTIONING PROPERLY,CLEAR,DAYLIGHT,PEDALCYCLIST,"FIVE POINT, OR MORE",STRAIGHT AND LEVEL,DRY,NO DEFECTS,Y,FAILING TO YIELD RIGHT-OF-WAY,NOT APPLICABLE,,"REPORTED, NOT EVIDENT",13,3,41.9397395728,-87.6688100555,2023,30,POINT (-87.6688100555 41.9397395728),,,,,2023-03-15,False,5,Lake View
8487,15,UNKNOWN,UNKNOWN,CLEAR,DAYLIGHT,PEDALCYCLIST,ALLEY,STRAIGHT AND LEVEL,UNKNOWN,UNKNOWN,,UNABLE TO DETERMINE,NOT APPLICABLE,,NONINCAPACITATING INJURY,14,3,41.898704385,-87.7540381054,2023,15,POINT (-87.7540381054 41.898704385),,,,,2023-03-15,False,24,Austin
8488,15,NO CONTROLS,NO CONTROLS,CLEAR,"DARKNESS, LIGHTED ROAD",PEDALCYCLIST,PARKING LOT,STRAIGHT AND LEVEL,DRY,NO DEFECTS,,UNABLE TO DETERMINE,UNABLE TO DETERMINE,,NONINCAPACITATING INJURY,21,3,41.789112548,-87.7035797266,2023,15,POINT (-87.7035797266 41.789112548),,,,,2023-03-15,False,62,Gage Park
8489,30,NO CONTROLS,NO CONTROLS,UNKNOWN,DAYLIGHT,PEDALCYCLIST,NOT DIVIDED,STRAIGHT AND LEVEL,UNKNOWN,UNKNOWN,,UNABLE TO DETERMINE,UNABLE TO DETERMINE,,NO INDICATION OF INJURY,16,3,41.9600131741,-87.6985729739,2023,30,POINT (-87.6985729739 41.9600131741),,,,,2023-03-16,False,15,Irving Park
8490,30,NO CONTROLS,NO CONTROLS,CLEAR,DAYLIGHT,PEDALCYCLIST,NOT DIVIDED,STRAIGHT AND LEVEL,DRY,NO DEFECTS,,UNABLE TO DETERMINE,UNABLE TO DETERMINE,,NO INDICATION OF INJURY,17,3,41.8445843003,-87.6953598432,2023,30,POINT (-87.6953598432 41.8445843003),,,,,2023-03-16,False,29,South Lawndale
8491,30,NO CONTROLS,NO CONTROLS,RAIN,"DARKNESS, LIGHTED ROAD",PEDALCYCLIST,NOT DIVIDED,STRAIGHT AND LEVEL,WET,NO DEFECTS,,IMPROPER LANE USAGE,IMPROPER LANE USAGE,Y,NO INDICATION OF INJURY,18,3,41.9246990999,-87.6479290249,2023,30,POINT (-87.6479290249 41.9246990999),,,,,2023-03-16,False,6,Lincoln Park
8492,30,STOP SIGN/FLASHER,UNKNOWN,CLEAR,DAYLIGHT,PEDALCYCLIST,FOUR WAY,STRAIGHT AND LEVEL,DRY,NO DEFECTS,,FOLLOWING TOO CLOSELY,FAILING TO REDUCE SPEED TO AVOID CRASH,,NO INDICATION OF INJURY,8,3,41.8911894141,-87.6574703094,2023,30,POINT (-87.6574703094 41.8911894141),,,,,2023-03-17,False,7,Near North Side
8493,25,TRAFFIC SIGNAL,FUNCTIONING PROPERLY,CLEAR,DAYLIGHT,PEDALCYCLIST,FOUR WAY,STRAIGHT AND LEVEL,WET,NO DEFECTS,Y,TURNING RIGHT ON RED,NOT APPLICABLE,,"REPORTED, NOT EVIDENT",19,3,41.8205830407,-87.693426166,2023,25,POINT (-87.693426166 41.8205830407),,,,,2023-03-18,False,29,South Lawndale
8494,30,TRAFFIC SIGNAL,FUNCTIONING PROPERLY,CLEAR,DAYLIGHT,PEDALCYCLIST,NOT DIVIDED,STRAIGHT AND LEVEL,DRY,NO DEFECTS,Y,FAILING TO YIELD RIGHT-OF-WAY,UNABLE TO DETERMINE,N,NONINCAPACITATING INJURY,6,3,41.6927627012,-87.618138939,2023,30,POINT (-87.618138939 41.6927627012),,,,,2023-03-21,False,48,Roseland
8495,25,NO CONTROLS,NO CONTROLS,CLEAR,DAYLIGHT,PEDALCYCLIST,NOT DIVIDED,STRAIGHT AND LEVEL,DRY,NO DEFECTS,,FOLLOWING TOO CLOSELY,IMPROPER LANE USAGE,,NONINCAPACITATING INJURY,15,3,41.8960379276,-87.6760649398,2023,25,POINT (-87.6760649398 41.8960379276),,,,,2023-03-21,False,23,West Town
8496,30,STOP SIGN/FLASHER,FUNCTIONING PROPERLY,CLEAR,DAYLIGHT,PEDALCYCLIST,NOT DIVIDED,STRAIGHT AND LEVEL,DRY,NO DEFECTS,,FAILING TO YIELD RIGHT-OF-WAY,NOT APPLICABLE,,NO INDICATION OF INJURY,16,3,41.9063897039,-87.6712683403,2023,30,POINT (-87.6712683403 41.9063897039),,,,,2023-03-21,False,23,West Town
8497,30,UNKNOWN,UNKNOWN,UNKNOWN,UNKNOWN,PEDALCYCLIST,DIVIDED - W/MEDIAN (NOT RAISED),STRAIGHT AND LEVEL,UNKNOWN,UNKNOWN,,UNABLE TO DETERMINE,NOT APPLICABLE,,NO INDICATION OF INJURY,17,3,41.9797408497,-87.6681251852,2023,30,POINT (-87.6681251852 41.9797408497),,,,,2023-03-21,False,76,Edgewater
8498,25,TRAFFIC SIGNAL,FUNCTIONING PROPERLY,UNKNOWN,UNKNOWN,PEDALCYCLIST,T-INTERSECTION,STRAIGHT AND LEVEL,UNKNOWN,UNKNOWN,Y,UNABLE TO DETERMINE,UNABLE TO DETERMINE,,INCAPACITATING INJURY,17,3,41.7837914741,-87.6158576657,2023,25,POINT (-87.6158576657 41.7837914741),,,,,2023-03-21,True,39,Washington Park
8499,30,TRAFFIC SIGNAL,FUNCTIONING PROPERLY,CLEAR,"DARKNESS, LIGHTED ROAD",PEDALCYCLIST,NOT DIVIDED,STRAIGHT AND LEVEL,DRY,NO DEFECTS,Y,FAILING TO YIELD RIGHT-OF-WAY,NOT APPLICABLE,,INCAPACITATING INJURY,21,3,41.9503702668,-87.7080669684,2023,30,POINT (-87.7080669684 41.9503702668),,,,,2023-03-21,True,15,Irving Park
8500,30,NO CONTROLS,NO CONTROLS,CLEAR,DAYLIGHT,PEDALCYCLIST,NOT DIVIDED,STRAIGHT AND LEVEL,DRY,NO DEFECTS,,FAILING TO YIELD RIGHT-OF-WAY,NOT APPLICABLE,,"REPORTED, NOT EVIDENT",12,3,41.9250983892,-87.6639909519,2023,30,POINT (-87.6639909519 41.9250983892),,,,,2023-03-22,False,6,Lincoln Park
8501,35,NO CONTROLS,NO CONTROLS,RAIN,DAYLIGHT,PEDALCYCLIST,NOT DIVIDED,STRAIGHT AND LEVEL,WET,NO DEFECTS,,IMPROPER LANE USAGE,FAILING TO YIELD RIGHT-OF-WAY,Y,NONINCAPACITATING INJURY,16,3,41.8891091282,-87.6305406286,2023,35,POINT (-87.6305406286 41.8891091282),,,,,2023-03-22,False,7,Near North Side
8502,30,NO CONTROLS,NO CONTROLS,CLEAR,DAYLIGHT,PEDALCYCLIST,NOT DIVIDED,STRAIGHT AND LEVEL,DRY,NO DEFECTS,,NOT APPLICABLE,NOT APPLICABLE,Y,NONINCAPACITATING INJURY,17,3,41.9566254925,-87.6499079364,2023,30,POINT (-87.6499079364 41.9566254925),,,,,2023-03-22,False,2,Uptown
8503,30,UNKNOWN,UNKNOWN,CLEAR,DAYLIGHT,PEDALCYCLIST,NOT DIVIDED,STRAIGHT AND LEVEL,UNKNOWN,UNKNOWN,,IMPROPER OVERTAKING/PASSING,UNABLE TO DETERMINE,,NO INDICATION OF INJURY,8,3,41.9393355759,-87.6892885028,2023,30,POINT (-87.6892885028 41.9393355759),,,,,2023-03-23,False,4,North Center
8504,30,STOP SIGN/FLASHER,UNKNOWN,CLOUDY/OVERCAST,DAYLIGHT,PEDALCYCLIST,DIVIDED - W/MEDIAN (NOT RAISED),STRAIGHT AND LEVEL,UNKNOWN,UNKNOWN,Y,IMPROPER TURNING/NO SIGNAL,IMPROPER TURNING/NO SIGNAL,,NONINCAPACITATING INJURY,12,3,41.9434831743,-87.6540683997,2023,30,POINT (-87.6540683997 41.9434831743),,,,,2023-03-23,False,5,Lake View
8505,30,UNKNOWN,UNKNOWN,CLOUDY/OVERCAST,DAYLIGHT,PEDALCYCLIST,NOT DIVIDED,STRAIGHT AND LEVEL,UNKNOWN,UNKNOWN,,UNABLE TO DETERMINE,NOT APPLICABLE,,NONINCAPACITATING INJURY,15,3,41.9393766138,-87.6928615873,2023,30,POINT (-87.6928615873 41.9393766138),,,,,2023-03-23,False,4,North Center
8506,30,UNKNOWN,UNKNOWN,UNKNOWN,DAWN,PEDALCYCLIST,NOT DIVIDED,STRAIGHT AND LEVEL,UNKNOWN,UNKNOWN,,UNABLE TO DETERMINE,UNABLE TO DETERMINE,,"REPORTED, NOT EVIDENT",17,3,41.9149752601,-87.6482369073,2023,30,POINT (-87.6482369073 41.9149752601),,,,,2023-03-23,False,6,Lincoln Park
8507,25,TRAFFIC SIGNAL,NO CONTROLS,CLEAR,DAYLIGHT,PEDALCYCLIST,FOUR WAY,STRAIGHT AND LEVEL,DRY,NO DEFECTS,,DISREGARDING TRAFFIC SIGNALS,NOT APPLICABLE,,NO INDICATION OF INJURY,17,3,41.9250761888,-87.6694361625,2023,25,POINT (-87.6694361625 41.9250761888),,,,,2023-03-24,False,6,Lincoln Park
8508,25,STOP SIGN/FLASHER,FUNCTIONING PROPERLY,RAIN,"DARKNESS, LIGHTED ROAD",PEDALCYCLIST,FOUR WAY,STRAIGHT AND LEVEL,WET,NO DEFECTS,Y,DISREGARDING STOP SIGN,NOT APPLICABLE,,NONINCAPACITATING INJURY,2,3,41.9629961837,-87.717015219,2023,25,POINT (-87.717015219 41.9629961837),,,,,2023-03-25,False,13,Albany Park
8509,30,NO CONTROLS,NO CONTROLS,RAIN,DAYLIGHT,PEDALCYCLIST,DRIVEWAY,STRAIGHT ON GRADE,WET,NO DEFECTS,,FAILING TO YIELD RIGHT-OF-WAY,NOT APPLICABLE,,NONINCAPACITATING INJURY,8,3,41.9103517341,-87.6332694689,2023,30,POINT (-87.6332694689 41.9103517341),,,,,2023-03-25,False,7,Near North Side
8510,30,STOP SIGN/FLASHER,FUNCTIONING PROPERLY,CLEAR,DAYLIGHT,PEDALCYCLIST,FOUR WAY,STRAIGHT AND LEVEL,DRY,NO DEFECTS,,IMPROPER LANE USAGE,NOT APPLICABLE,,NONINCAPACITATING INJURY,13,3,41.9239957229,-87.7720110989,2023,30,POINT (-87.7720110989 41.9239957229),,,,,2023-03-26,False,18,Belmont Cragin
8511,30,NO CONTROLS,NO CONTROLS,CLEAR,DAYLIGHT,PEDALCYCLIST,ONE-WAY,STRAIGHT AND LEVEL,DRY,NO DEFECTS,,UNABLE TO DETERMINE,NOT APPLICABLE,Y,NONINCAPACITATING INJURY,15,3,41.8823842045,-87.6483994977,2023,30,POINT (-87.6483994977 41.8823842045),,,,,2023-03-26,False,27,Near West Side
8512,30,STOP SIGN/FLASHER,FUNCTIONING PROPERLY,CLEAR,"DARKNESS, LIGHTED ROAD",PEDALCYCLIST,T-INTERSECTION,STRAIGHT AND LEVEL,DRY,NO DEFECTS,Y,FAILING TO YIELD RIGHT-OF-WAY,NOT APPLICABLE,,NO INDICATION OF INJURY,5,3,41.9205329683,-87.6973593377,2023,30,POINT (-87.6973593377 41.9205329683),,,,,2023-03-28,False,21,Logan Square
8513,15,NO CONTROLS,NO CONTROLS,CLOUDY/OVERCAST,DAYLIGHT,PEDALCYCLIST,ALLEY,STRAIGHT AND LEVEL,DRY,NO DEFECTS,Y,FAILING TO YIELD RIGHT-OF-WAY,NOT APPLICABLE,,"REPORTED, NOT EVIDENT",9,3,41.8488148276,-87.6952135287,2023,15,POINT (-87.6952135287 41.8488148276),,,,,2023-03-28,False,28,North Lawndale
8514,30,STOP SIGN/FLASHER,NO CONTROLS,CLEAR,DAYLIGHT,PEDALCYCLIST,UNKNOWN INTERSECTION TYPE,STRAIGHT AND LEVEL,DRY,NO DEFECTS,Y,UNABLE TO DETERMINE,NOT APPLICABLE,,NONINCAPACITATING INJURY,16,3,41.9481394802,-87.7275975928,2023,30,POINT (-87.7275975928 41.9481394802),,,,,2023-03-28,False,15,Irving Park
8515,30,UNKNOWN,UNKNOWN,CLEAR,DAWN,PEDALCYCLIST,NOT DIVIDED,STRAIGHT AND LEVEL,UNKNOWN,UNKNOWN,,UNABLE TO DETERMINE,UNABLE TO DETERMINE,,NO INDICATION OF INJURY,18,3,41.9039639609,-87.6344018357,2023,30,POINT (-87.6344018357 41.9039639609),,,,,2023-03-28,False,7,Near North Side
8516,30,NO CONTROLS,NO CONTROLS,CLEAR,"DARKNESS, LIGHTED ROAD",PEDALCYCLIST,DIVIDED - W/MEDIAN (NOT RAISED),STRAIGHT AND LEVEL,DRY,UNKNOWN,,IMPROPER LANE USAGE,UNABLE TO DETERMINE,,NONINCAPACITATING INJURY,18,3,41.9689419406,-87.7135266079,2023,30,POINT (-87.7135266079 41.9689419406),,,,,2023-03-28,False,13,Albany Park
8517,30,NO CONTROLS,NO CONTROLS,CLEAR,DAYLIGHT,PEDALCYCLIST,Y-INTERSECTION,STRAIGHT AND LEVEL,DRY,NO DEFECTS,Y,NOT APPLICABLE,NOT APPLICABLE,,"REPORTED, NOT EVIDENT",19,3,41.9257655547,-87.6366512733,2023,30,POINT (-87.6366512733 41.9257655547),,,,,2023-03-28,False,6,Lincoln Park
8518,30,NO CONTROLS,NO CONTROLS,CLEAR,DAYLIGHT,PEDALCYCLIST,FOUR WAY,STRAIGHT AND LEVEL,DRY,NO DEFECTS,Y,UNABLE TO DETERMINE,NOT APPLICABLE,,NO INDICATION OF INJURY,8,3,41.8815526019,-87.6547395681,2023,30,POINT (-87.6547395681 41.8815526019),,,,,2023-03-29,False,27,Near West Side
8519,30,NO CONTROLS,NO CONTROLS,CLEAR,DAYLIGHT,PEDALCYCLIST,ONE-WAY,STRAIGHT AND LEVEL,DRY,NO DEFECTS,,IMPROPER LANE USAGE,FAILING TO YIELD RIGHT-OF-WAY,,NO INDICATION OF INJURY,16,3,41.8780385165,-87.6485189583,2023,30,POINT (-87.6485189583 41.8780385165),,,,,2023-03-29,False,27,Near West Side
8520,30,NO CONTROLS,NO CONTROLS,CLEAR,DAYLIGHT,PEDALCYCLIST,NOT DIVIDED,STRAIGHT AND LEVEL,DRY,NO DEFECTS,,IMPROPER OVERTAKING/PASSING,NOT APPLICABLE,,NO INDICATION OF INJURY,16,3,41.8533123196,-87.7027172909,2023,30,POINT (-87.7027172909 41.8533123196),,,,,2023-03-29,False,28,North Lawndale
8521,30,TRAFFIC SIGNAL,FUNCTIONING PROPERLY,CLEAR,DAYLIGHT,PEDALCYCLIST,FOUR WAY,STRAIGHT AND LEVEL,DRY,NO DEFECTS,Y,"VISION OBSCURED (SIGNS, TREE LIMBS, BUILDINGS, ETC.)",NOT APPLICABLE,,NONINCAPACITATING INJURY,18,3,41.9653418602,-87.6694301319,2023,30,POINT (-87.6694301319 41.9653418602),,,,,2023-03-29,False,2,Uptown
8522,30,TRAFFIC SIGNAL,FUNCTIONING PROPERLY,CLEAR,DAYLIGHT,PEDALCYCLIST,NOT DIVIDED,STRAIGHT AND LEVEL,DRY,NO DEFECTS,,UNABLE TO DETERMINE,NOT APPLICABLE,,NO INDICATION OF INJURY,14,3,41.9395915239,-87.6682961676,2023,30,POINT (-87.6682961676 41.9395915239),,,,,2023-03-30,False,5,Lake View
8523,30,UNKNOWN,UNKNOWN,CLEAR,DAYLIGHT,PEDALCYCLIST,DIVIDED - W/MEDIAN (NOT RAISED),STRAIGHT AND LEVEL,DRY,NO DEFECTS,,UNABLE TO DETERMINE,UNABLE TO DETERMINE,,NONINCAPACITATING INJURY,16,3,41.8808562178,-87.7241495079,2023,30,POINT (-87.7241495079 41.8808562178),,,,,2023-03-30,False,25,Garfield Park
8524,30,STOP SIGN/FLASHER,FUNCTIONING PROPERLY,UNKNOWN,"DARKNESS, LIGHTED ROAD",PEDALCYCLIST,UNKNOWN,STRAIGHT AND LEVEL,UNKNOWN,UNKNOWN,N,NOT APPLICABLE,NOT APPLICABLE,,NO INDICATION OF INJURY,21,3,41.8947821556,-87.6269509584,2023,30,POINT (-87.6269509584 41.8947821556),,,,,2023-03-30,False,7,Near North Side
8525,30,NO CONTROLS,UNKNOWN,CLEAR,DAYLIGHT,PEDALCYCLIST,CENTER TURN LANE,STRAIGHT AND LEVEL,DRY,NO DEFECTS,,UNABLE TO DETERMINE,UNABLE TO DETERMINE,Y,NONINCAPACITATING INJURY,14,3,41.8967860509,-87.6282808746,2023,30,POINT (-87.6282808746 41.8967860509),,,,,2023-03-31,False,7,Near North Side
8526,30,NO CONTROLS,NO CONTROLS,CLEAR,DAYLIGHT,PEDALCYCLIST,NOT DIVIDED,STRAIGHT AND LEVEL,DRY,NO DEFECTS,,"OPERATING VEHICLE IN ERRATIC, RECKLESS, CARELESS, NEGLIGENT OR AGGRESSIVE MANNER",NOT APPLICABLE,,NO INDICATION OF INJURY,15,3,41.9616866585,-87.6703672252,2023,30,POINT (-87.6703672252 41.9616866585),,,,,2023-03-31,False,2,Uptown