Unnamed: 0,POSTED_SPEED_LIMIT,TRAFFIC_CONTROL_DEVICE,DEVICE_CONDITION,WEATHER_CONDITION,LIGHTING_CONDITION,FIRST_CRASH_TYPE,TRAFFICWAY_TYPE,ALIGNMENT,ROADWAY_SURFACE_COND,ROAD_DEFECT,INTERSECTION_RELATED_I,PRIM_CONTRIBUTORY_CAUSE,SEC_CONTRIBUTORY_CAUSE,DOORING_I,MOST_SEVERE_INJURY,CRASH_HOUR,CRASH_MONTH,LATITUDE,LONGITUDE,CRASH_YEAR,SPEED_LIMIT,geometry,DISPLAYROU,the_geom,DIST,LANE_TYPE,CRASH_DATE,is_severe,index_right,CArea
8527,30,NO CONTROLS,NO CONTROLS,CLOUDY/OVERCAST,DAYLIGHT,PEDALCYCLIST,ONE-WAY,STRAIGHT AND LEVEL,WET,NO DEFECTS,,DISREGARDING OTHER TRAFFIC SIGNS,NOT APPLICABLE,,NONINCAPACITATING INJURY,11,4,41.9055722605,-87.6373367647,2023,30,POINT (-87.6373367647 41.9055722605),,,,,2023-04-01,False,7,Near North Side
8528,30,UNKNOWN,UNKNOWN,UNKNOWN,UNKNOWN,PEDALCYCLIST,NOT DIVIDED,STRAIGHT AND LEVEL,UNKNOWN,UNKNOWN,,UNABLE TO DETERMINE,UNABLE TO DETERMINE,,"REPORTED, NOT EVIDENT",12,4,41.8916792806,-87.6354185257,2023,30,POINT (-87.6354185257 41.8916792806),,,,,2023-04-01,False,7,Near North Side
8529,30,TRAFFIC SIGNAL,FUNCTIONING PROPERLY,CLEAR,"DARKNESS, LIGHTED ROAD",PEDALCYCLIST,FOUR WAY,STRAIGHT AND LEVEL,DRY,NO DEFECTS,Y,FAILING TO YIELD RIGHT-OF-WAY,NOT APPLICABLE,,NONINCAPACITATING INJURY,20,4,41.8870444781,-87.6293084436,2023,30,POINT (-87.6293084436 41.8870444781),,,,,2023-04-01,False,7,Near North Side
8530,10,NO CONTROLS,NO CONTROLS,CLEAR,DAYLIGHT,PEDALCYCLIST,OTHER,STRAIGHT AND LEVEL,DRY,NO DEFECTS,Y,FAILING TO YIELD RIGHT-OF-WAY,"VISION OBSCURED (SIGNS, TREE LIMBS, BUILDINGS, ETC.)",,NONINCAPACITATING INJURY,13,4,41.9468272181,-87.6926837374,2023,10,POINT (-87.6926837374 41.9468272181),,,,,2023-04-02,False,4,North Center
8531,30,NO CONTROLS,NO CONTROLS,CLEAR,DAYLIGHT,PEDALCYCLIST,NOT DIVIDED,STRAIGHT AND LEVEL,DRY,NO DEFECTS,,UNABLE TO DETERMINE,UNABLE TO DETERMINE,Y,NONINCAPACITATING INJURY,15,4,41.9406343464,-87.6510573566,2023,30,POINT (-87.6510573566 41.9406343464),,,,,2023-04-02,False,5,Lake View
8532,30,NO CONTROLS,NO CONTROLS,CLEAR,DAYLIGHT,PEDALCYCLIST,NOT DIVIDED,STRAIGHT AND LEVEL,DRY,NO DEFECTS,,FAILING TO YIELD RIGHT-OF-WAY,FAILING TO YIELD RIGHT-OF-WAY,,NONINCAPACITATING INJURY,16,4,41.9239568728,-87.6882562119,2023,30,POINT (-87.6882562119 41.9239568728),,,,,2023-04-02,False,21,Logan Square
8533,15,NO CONTROLS,NO CONTROLS,CLOUDY/OVERCAST,DAYLIGHT,PEDALCYCLIST,T-INTERSECTION,STRAIGHT AND LEVEL,WET,NO DEFECTS,Y,FAILING TO YIELD RIGHT-OF-WAY,NOT APPLICABLE,,NONINCAPACITATING INJURY,14,4,41.9296912573,-87.7568577345,2023,15,POINT (-87.7568577345 41.9296912573),,,,,2023-04-03,False,18,Belmont Cragin
8534,30,TRAFFIC SIGNAL,FUNCTIONING PROPERLY,RAIN,"DARKNESS, LIGHTED ROAD",PEDALCYCLIST,FOUR WAY,STRAIGHT AND LEVEL,WET,NO DEFECTS,Y,DISREGARDING TRAFFIC SIGNALS,NOT APPLICABLE,,NONINCAPACITATING INJURY,20,4,41.836789643,-87.7244954651,2023,30,POINT (-87.7244954651 41.836789643),,,,,2023-04-03,False,29,South Lawndale
8535,25,TRAFFIC SIGNAL,FUNCTIONING PROPERLY,RAIN,"DARKNESS, LIGHTED ROAD",PEDALCYCLIST,FOUR WAY,STRAIGHT AND LEVEL,WET,NO DEFECTS,,FAILING TO YIELD RIGHT-OF-WAY,FAILING TO YIELD RIGHT-OF-WAY,,"REPORTED, NOT EVIDENT",5,4,41.89672111,-87.6257716931,2023,25,POINT (-87.6257716931 41.89672111),,,,,2023-04-04,False,7,Near North Side
8536,30,STOP SIGN/FLASHER,FUNCTIONING PROPERLY,CLEAR,DAYLIGHT,PEDALCYCLIST,ONE-WAY,STRAIGHT AND LEVEL,DRY,NO DEFECTS,Y,FAILING TO YIELD RIGHT-OF-WAY,UNABLE TO DETERMINE,,"REPORTED, NOT EVIDENT",8,4,41.9274880059,-87.7696142943,2023,30,POINT (-87.7696142943 41.9274880059),,,,,2023-04-04,False,18,Belmont Cragin
8537,30,NO CONTROLS,NO CONTROLS,RAIN,DAYLIGHT,PEDALCYCLIST,NOT DIVIDED,STRAIGHT AND LEVEL,WET,UNKNOWN,,FOLLOWING TOO CLOSELY,WEATHER,,NONINCAPACITATING INJURY,13,4,41.9364265172,-87.6516921972,2023,30,POINT (-87.6516921972 41.9364265172),,,,,2023-04-04,False,5,Lake View
8538,25,STOP SIGN/FLASHER,NO CONTROLS,CLOUDY/OVERCAST,DAYLIGHT,PEDALCYCLIST,DIVIDED - W/MEDIAN BARRIER,STRAIGHT AND LEVEL,WET,NO DEFECTS,Y,DISREGARDING STOP SIGN,NOT APPLICABLE,,NONINCAPACITATING INJURY,18,4,41.6590422389,-87.6105003571,2023,25,POINT (-87.6105003571 41.6590422389),,,,,2023-04-04,False,53,Riverdale
8539,35,RAILROAD CROSSING GATE,FUNCTIONING PROPERLY,CLEAR,DAYLIGHT,PEDALCYCLIST,FOUR WAY,STRAIGHT AND LEVEL,DRY,NO DEFECTS,,UNABLE TO DETERMINE,UNABLE TO DETERMINE,N,NO INDICATION OF INJURY,11,4,41.8026472484,-87.5838403085,2023,35,POINT (-87.5838403085 41.8026472484),,,,,2023-04-05,False,38,Kenwood
8540,30,TRAFFIC SIGNAL,FUNCTIONING PROPERLY,CLEAR,DAYLIGHT,PEDALCYCLIST,DIVIDED - W/MEDIAN (NOT RAISED),STRAIGHT AND LEVEL,DRY,UNKNOWN,,UNABLE TO DETERMINE,UNABLE TO DETERMINE,,NO INDICATION OF INJURY,16,4,41.8510273907,-87.6388934799,2023,30,POINT (-87.6388934799 41.8510273907),,,,,2023-04-06,False,30,Lower West Side
8541,25,OTHER,FUNCTIONING PROPERLY,CLEAR,"DARKNESS, LIGHTED ROAD",PEDALCYCLIST,DIVIDED - W/MEDIAN (NOT RAISED),STRAIGHT AND LEVEL,DRY,NO DEFECTS,,UNABLE TO DETERMINE,UNABLE TO DETERMINE,Y,"REPORTED, NOT EVIDENT",18,4,41.8869113507,-87.6458637605,2023,25,POINT (-87.6458637605 41.8869113507),,,,,2023-04-06,False,7,Near North Side
8542,30,TRAFFIC SIGNAL,FUNCTIONING PROPERLY,CLEAR,DAYLIGHT,PEDALCYCLIST,FOUR WAY,STRAIGHT AND LEVEL,DRY,NO DEFECTS,Y,FAILING TO YIELD RIGHT-OF-WAY,NOT APPLICABLE,,"REPORTED, NOT EVIDENT",8,4,41.9536362981,-87.7382130055,2023,30,POINT (-87.7382130055 41.9536362981),,,,,2023-04-07,False,15,Irving Park
8543,30,TRAFFIC SIGNAL,FUNCTIONING PROPERLY,CLEAR,DAYLIGHT,PEDALCYCLIST,DIVIDED - W/MEDIAN (NOT RAISED),STRAIGHT AND LEVEL,DRY,NO DEFECTS,Y,DISREGARDING TRAFFIC SIGNALS,UNABLE TO DETERMINE,,NONINCAPACITATING INJURY,13,4,41.8991675625,-87.6242736573,2023,30,POINT (-87.6242736573 41.8991675625),,,,,2023-04-07,False,7,Near North Side
8544,30,NO CONTROLS,NO CONTROLS,CLEAR,DAYLIGHT,PEDALCYCLIST,DIVIDED - W/MEDIAN (NOT RAISED),STRAIGHT AND LEVEL,DRY,NO DEFECTS,,FAILING TO YIELD RIGHT-OF-WAY,NOT APPLICABLE,,NONINCAPACITATING INJURY,16,4,41.8891639278,-87.6421345297,2023,30,POINT (-87.6421345297 41.8891639278),,,,,2023-04-07,False,7,Near North Side
8545,30,NO CONTROLS,NO CONTROLS,CLEAR,DAYLIGHT,PEDALCYCLIST,NOT DIVIDED,STRAIGHT AND LEVEL,DRY,UNKNOWN,,UNABLE TO DETERMINE,NOT APPLICABLE,,NO INDICATION OF INJURY,18,4,41.9231020299,-87.765810802,2023,30,POINT (-87.765810802 41.9231020299),,,,,2023-04-07,False,18,Belmont Cragin
8546,30,NO CONTROLS,NO CONTROLS,CLEAR,DAYLIGHT,PEDALCYCLIST,NOT DIVIDED,STRAIGHT AND LEVEL,DRY,NO DEFECTS,,FAILING TO YIELD RIGHT-OF-WAY,DISREGARDING ROAD MARKINGS,Y,NONINCAPACITATING INJURY,13,4,41.9119671894,-87.6776457907,2023,30,POINT (-87.6776457907 41.9119671894),,,,,2023-04-08,False,6,Lincoln Park
8547,10,NO CONTROLS,NO CONTROLS,CLEAR,DAYLIGHT,PEDALCYCLIST,ALLEY,STRAIGHT AND LEVEL,DRY,NO DEFECTS,Y,UNABLE TO DETERMINE,UNABLE TO DETERMINE,N,NO INDICATION OF INJURY,15,4,41.8290621083,-87.6271656778,2023,10,POINT (-87.6271656778 41.8290621083),,,,,2023-04-08,False,34,Douglas
8548,15,NO CONTROLS,NO CONTROLS,CLEAR,DAYLIGHT,PEDALCYCLIST,ALLEY,STRAIGHT AND LEVEL,UNKNOWN,UNKNOWN,,FAILING TO YIELD RIGHT-OF-WAY,FAILING TO YIELD RIGHT-OF-WAY,,NONINCAPACITATING INJURY,18,4,41.9972465307,-87.6897199827,2023,15,POINT (-87.6897199827 41.9972465307),,,,,2023-04-08,False,1,West Ridge
8549,35,TRAFFIC SIGNAL,FUNCTIONING PROPERLY,CLEAR,DAYLIGHT,PEDALCYCLIST,DIVIDED - W/MEDIAN (NOT RAISED),STRAIGHT AND LEVEL,DRY,NO DEFECTS,Y,FAILING TO YIELD RIGHT-OF-WAY,UNABLE TO DETERMINE,,"REPORTED, NOT EVIDENT",19,4,41.8539887827,-87.6857946835,2023,35,POINT (-87.6857946835 41.8539887827),,,,,2023-04-08,False,30,Lower West Side
8550,30,UNKNOWN,UNKNOWN,CLEAR,DAYLIGHT,PEDALCYCLIST,UNKNOWN,STRAIGHT AND LEVEL,DRY,UNKNOWN,,UNABLE TO DETERMINE,UNABLE TO DETERMINE,,NO INDICATION OF INJURY,15,4,41.8144795491,-87.6084550514,2023,30,POINT (-87.6084550514 41.8144795491),,,,,2023-04-10,False,37,Grand Boulevard
8551,20,TRAFFIC SIGNAL,FUNCTIONING PROPERLY,CLEAR,DAYLIGHT,PEDALCYCLIST,FOUR WAY,STRAIGHT AND LEVEL,DRY,NO DEFECTS,,UNABLE TO DETERMINE,NOT APPLICABLE,,NO INDICATION OF INJURY,16,4,41.9027857301,-87.7066414144,2023,20,POINT (-87.7066414144 41.9027857301),,,,,2023-04-10,False,22,Humboldt Park
8552,15,NO CONTROLS,NO CONTROLS,CLEAR,DAYLIGHT,PEDALCYCLIST,ALLEY,STRAIGHT AND LEVEL,DRY,UNKNOWN,Y,FAILING TO YIELD RIGHT-OF-WAY,UNABLE TO DETERMINE,,NONINCAPACITATING INJURY,17,4,41.9391902861,-87.710502973,2023,15,POINT (-87.710502973 41.9391902861),,,,,2023-04-10,False,15,Irving Park
8553,30,STOP SIGN/FLASHER,FUNCTIONING PROPERLY,CLEAR,DAYLIGHT,PEDALCYCLIST,T-INTERSECTION,STRAIGHT AND LEVEL,DRY,NO DEFECTS,Y,NOT APPLICABLE,NOT APPLICABLE,,NO INDICATION OF INJURY,14,4,41.8542302415,-87.6463916147,2023,30,POINT (-87.6463916147 41.8542302415),,,,,2023-04-11,False,30,Lower West Side
8554,30,NO CONTROLS,NO CONTROLS,CLEAR,DAYLIGHT,PEDALCYCLIST,NOT DIVIDED,STRAIGHT AND LEVEL,DRY,NO DEFECTS,,FAILING TO YIELD RIGHT-OF-WAY,UNABLE TO DETERMINE,,NONINCAPACITATING INJURY,17,4,41.9613889267,-87.6757672492,2023,30,POINT (-87.6757672492 41.9613889267),,,,,2023-04-11,False,3,Lincoln Square
8555,25,TRAFFIC SIGNAL,FUNCTIONING PROPERLY,CLEAR,DAYLIGHT,PEDALCYCLIST,FOUR WAY,STRAIGHT AND LEVEL,DRY,NO DEFECTS,Y,UNABLE TO DETERMINE,UNABLE TO DETERMINE,,NONINCAPACITATING INJURY,18,4,41.8932652687,-87.6477317385,2023,25,POINT (-87.6477317385 41.8932652687),,,,,2023-04-11,False,7,Near North Side
8556,30,NO CONTROLS,NO CONTROLS,CLEAR,"DARKNESS, LIGHTED ROAD",PEDALCYCLIST,RAMP,STRAIGHT AND LEVEL,DRY,NO DEFECTS,,FAILING TO YIELD RIGHT-OF-WAY,FAILING TO YIELD RIGHT-OF-WAY,,INCAPACITATING INJURY,20,4,41.9764370125,-87.6507034791,2023,30,POINT (-87.6507034791 41.9764370125),,,,,2023-04-11,True,2,Uptown
8557,25,NO CONTROLS,NO CONTROLS,CLEAR,DAYLIGHT,PEDALCYCLIST,NOT DIVIDED,STRAIGHT AND LEVEL,DRY,UNKNOWN,,UNABLE TO DETERMINE,NOT APPLICABLE,,"REPORTED, NOT EVIDENT",8,4,41.9267447187,-87.6507899802,2023,25,POINT (-87.6507899802 41.9267447187),,,,,2023-04-12,False,6,Lincoln Park
8558,30,NO CONTROLS,NO CONTROLS,CLEAR,DAYLIGHT,PEDALCYCLIST,ONE-WAY,STRAIGHT ON GRADE,DRY,NO DEFECTS,,NOT APPLICABLE,NOT APPLICABLE,Y,NONINCAPACITATING INJURY,10,4,41.886018053,-87.6308364569,2023,30,POINT (-87.6308364569 41.886018053),,,,,2023-04-12,False,31,Loop
8559,30,NO CONTROLS,NO CONTROLS,CLEAR,DAYLIGHT,PEDALCYCLIST,NOT DIVIDED,STRAIGHT AND LEVEL,DRY,NO DEFECTS,Y,FAILING TO YIELD RIGHT-OF-WAY,FAILING TO YIELD RIGHT-OF-WAY,,INCAPACITATING INJURY,11,4,41.9496422163,-87.6787778767,2023,30,POINT (-87.6787778767 41.9496422163),,,,,2023-04-12,True,4,North Center
8560,30,NO CONTROLS,NO CONTROLS,CLEAR,DAYLIGHT,PEDALCYCLIST,DIVIDED - W/MEDIAN (NOT RAISED),STRAIGHT AND LEVEL,UNKNOWN,UNKNOWN,,FAILING TO YIELD RIGHT-OF-WAY,UNABLE TO DETERMINE,N,NONINCAPACITATING INJURY,13,4,42.0123600971,-87.6890543984,2023,30,POINT (-87.6890543984 42.0123600971),,,,,2023-04-12,False,1,West Ridge
8561,30,STOP SIGN/FLASHER,FUNCTIONING PROPERLY,CLEAR,DAYLIGHT,PEDALCYCLIST,ONE-WAY,STRAIGHT AND LEVEL,DRY,UNKNOWN,,UNABLE TO DETERMINE,UNABLE TO DETERMINE,N,NO INDICATION OF INJURY,14,4,41.7518044413,-87.5675983403,2023,30,POINT (-87.5675983403 41.7518044413),,,,,2023-04-12,False,42,South Shore
8562,25,STOP SIGN/FLASHER,FUNCTIONING PROPERLY,CLEAR,DAYLIGHT,PEDALCYCLIST,NOT DIVIDED,STRAIGHT AND LEVEL,DRY,NO DEFECTS,Y,UNABLE TO DETERMINE,NOT APPLICABLE,,NO INDICATION OF INJURY,16,4,41.9956567315,-87.7875609425,2023,25,POINT (-87.7875609425 41.9956567315),,,,,2023-04-12,False,10,Jefferson Park
8563,30,NO CONTROLS,NO CONTROLS,CLEAR,DAYLIGHT,PEDALCYCLIST,DIVIDED - W/MEDIAN (NOT RAISED),STRAIGHT ON GRADE,DRY,NO DEFECTS,,FAILING TO YIELD RIGHT-OF-WAY,UNABLE TO DETERMINE,,NONINCAPACITATING INJURY,17,4,41.9393118171,-87.6931185407,2023,30,POINT (-87.6931185407 41.9393118171),,,,,2023-04-12,False,4,North Center
8564,30,NO CONTROLS,NO CONTROLS,CLEAR,DAYLIGHT,PEDALCYCLIST,NOT DIVIDED,STRAIGHT AND LEVEL,UNKNOWN,UNKNOWN,,UNABLE TO DETERMINE,UNABLE TO DETERMINE,Y,NO INDICATION OF INJURY,17,4,41.9686391523,-87.6724454395,2023,30,POINT (-87.6724454395 41.9686391523),,,,,2023-04-12,False,2,Uptown
8565,15,NO CONTROLS,NO CONTROLS,CLEAR,DAYLIGHT,PEDALCYCLIST,ALLEY,STRAIGHT AND LEVEL,DRY,NO DEFECTS,,UNABLE TO DETERMINE,UNABLE TO DETERMINE,,NONINCAPACITATING INJURY,18,4,41.8467918254,-87.6806281011,2023,15,POINT (-87.6806281011 41.8467918254),,,,,2023-04-12,False,30,Lower West Side
8566,35,UNKNOWN,UNKNOWN,CLEAR,DAYLIGHT,PEDALCYCLIST,CENTER TURN LANE,STRAIGHT AND LEVEL,DRY,NO DEFECTS,,IMPROPER LANE USAGE,IMPROPER OVERTAKING/PASSING,,"REPORTED, NOT EVIDENT",18,4,41.8229096789,-87.6900973342,2023,35,POINT (-87.6900973342 41.8229096789),,,,,2023-04-12,False,29,South Lawndale
8567,30,NO CONTROLS,NO CONTROLS,CLEAR,"DARKNESS, LIGHTED ROAD",PEDALCYCLIST,ONE-WAY,STRAIGHT AND LEVEL,DRY,NO DEFECTS,,FOLLOWING TOO CLOSELY,FOLLOWING TOO CLOSELY,,NO INDICATION OF INJURY,22,4,41.9879852903,-87.6643757369,2023,30,POINT (-87.6643757369 41.9879852903),,,,,2023-04-12,False,76,Edgewater
8568,30,STOP SIGN/FLASHER,UNKNOWN,CLEAR,DAYLIGHT,PEDALCYCLIST,T-INTERSECTION,STRAIGHT AND LEVEL,DRY,UNKNOWN,Y,UNABLE TO DETERMINE,NOT APPLICABLE,,INCAPACITATING INJURY,8,4,41.9677869645,-87.6793051269,2023,30,POINT (-87.6793051269 41.9677869645),,,,,2023-04-13,True,3,Lincoln Square
8569,30,NO CONTROLS,NO CONTROLS,CLEAR,DAYLIGHT,PEDALCYCLIST,NOT DIVIDED,STRAIGHT AND LEVEL,DRY,NO DEFECTS,,UNABLE TO DETERMINE,NOT APPLICABLE,,NONINCAPACITATING INJURY,12,4,41.9149060261,-87.6553005443,2023,30,POINT (-87.6553005443 41.9149060261),,,,,2023-04-13,False,6,Lincoln Park
8570,30,TRAFFIC SIGNAL,FUNCTIONING PROPERLY,CLEAR,DAYLIGHT,PEDALCYCLIST,FOUR WAY,STRAIGHT AND LEVEL,DRY,NO DEFECTS,Y,DISREGARDING TRAFFIC SIGNALS,NOT APPLICABLE,,NONINCAPACITATING INJURY,14,4,41.9614246429,-87.6885411202,2023,30,POINT (-87.6885411202 41.9614246429),,,,,2023-04-13,False,3,Lincoln Square
8571,30,TRAFFIC SIGNAL,FUNCTIONING PROPERLY,CLEAR,DAYLIGHT,PEDALCYCLIST,NOT DIVIDED,STRAIGHT AND LEVEL,DRY,NO DEFECTS,Y,UNABLE TO DETERMINE,UNABLE TO DETERMINE,,NONINCAPACITATING INJURY,15,4,42.0025814331,-87.8160703608,2023,30,POINT (-87.8160703608 42.0025814331),,,,,2023-04-13,False,8,Edison Park
8572,30,TRAFFIC SIGNAL,FUNCTIONING PROPERLY,CLEAR,DAYLIGHT,PEDALCYCLIST,DIVIDED - W/MEDIAN (NOT RAISED),STRAIGHT AND LEVEL,DRY,NO DEFECTS,,UNABLE TO DETERMINE,UNABLE TO DETERMINE,,NO INDICATION OF INJURY,17,4,41.9649978338,-87.6789339991,2023,30,POINT (-87.6789339991 41.9649978338),,,,,2023-04-13,False,3,Lincoln Square
8573,35,NO CONTROLS,NO CONTROLS,CLEAR,DAYLIGHT,PEDALCYCLIST,T-INTERSECTION,STRAIGHT AND LEVEL,DRY,NO DEFECTS,,UNABLE TO DETERMINE,NOT APPLICABLE,,NONINCAPACITATING INJURY,18,4,41.766191215,-87.5647703042,2023,35,POINT (-87.5647703042 41.766191215),,,,,2023-04-13,False,42,South Shore
8574,30,UNKNOWN,UNKNOWN,UNKNOWN,UNKNOWN,PEDALCYCLIST,NOT DIVIDED,STRAIGHT AND LEVEL,UNKNOWN,UNKNOWN,,UNABLE TO DETERMINE,UNABLE TO DETERMINE,,NO INDICATION OF INJURY,18,4,41.8845380426,-87.6441327462,2023,30,POINT (-87.6441327462 41.8845380426),,,,,2023-04-13,False,27,Near West Side
8575,30,NO CONTROLS,NO CONTROLS,CLEAR,DAYLIGHT,PEDALCYCLIST,ONE-WAY,STRAIGHT AND LEVEL,DRY,NO DEFECTS,,FAILING TO YIELD RIGHT-OF-WAY,NOT APPLICABLE,Y,NONINCAPACITATING INJURY,18,4,41.9872309112,-87.6562268367,2023,30,POINT (-87.6562268367 41.9872309112),,,,,2023-04-13,False,76,Edgewater
8576,30,NO CONTROLS,NO CONTROLS,CLEAR,"DARKNESS, LIGHTED ROAD",PEDALCYCLIST,DIVIDED - W/MEDIAN (NOT RAISED),STRAIGHT AND LEVEL,DRY,NO DEFECTS,,DISREGARDING ROAD MARKINGS,NOT APPLICABLE,,NONINCAPACITATING INJURY,21,4,41.8804609992,-87.7388965773,2023,30,POINT (-87.7388965773 41.8804609992),,,,,2023-04-13,False,25,Garfield Park
8577,30,NO CONTROLS,NO CONTROLS,CLEAR,DAYLIGHT,PEDALCYCLIST,DIVIDED - W/MEDIAN BARRIER,STRAIGHT AND LEVEL,DRY,NO DEFECTS,Y,IMPROPER TURNING/NO SIGNAL,NOT APPLICABLE,,NO INDICATION OF INJURY,14,4,41.8941264196,-87.6771484158,2023,30,POINT (-87.6771484158 41.8941264196),,,,,2023-04-14,False,23,West Town
8578,30,NO CONTROLS,NO CONTROLS,CLEAR,DAYLIGHT,PEDALCYCLIST,NOT DIVIDED,STRAIGHT AND LEVEL,DRY,NO DEFECTS,,IMPROPER OVERTAKING/PASSING,IMPROPER LANE USAGE,,NONINCAPACITATING INJURY,15,4,41.8780218523,-87.7257267644,2023,30,POINT (-87.7257267644 41.8780218523),,,,,2023-04-14,False,25,Garfield Park
8579,25,TRAFFIC SIGNAL,FUNCTIONING PROPERLY,CLEAR,DAYLIGHT,PEDALCYCLIST,FOUR WAY,STRAIGHT AND LEVEL,DRY,NO DEFECTS,Y,DISREGARDING TRAFFIC SIGNALS,NOT APPLICABLE,,"REPORTED, NOT EVIDENT",15,4,41.883314692,-87.63547051,2023,25,POINT (-87.63547051 41.883314692),,,,,2023-04-14,False,27,Near West Side
8580,30,NO CONTROLS,NO CONTROLS,CLEAR,DAYLIGHT,PEDALCYCLIST,ONE-WAY,STRAIGHT AND LEVEL,DRY,UNKNOWN,,"VISION OBSCURED (SIGNS, TREE LIMBS, BUILDINGS, ETC.)",DRIVING SKILLS/KNOWLEDGE/EXPERIENCE,Y,"REPORTED, NOT EVIDENT",17,4,41.9577722868,-87.67355274,2023,30,POINT (-87.67355274 41.9577722868),,,,,2023-04-14,False,2,Uptown
8581,30,TRAFFIC SIGNAL,FUNCTIONING PROPERLY,CLEAR,"DARKNESS, LIGHTED ROAD",PEDALCYCLIST,DIVIDED - W/MEDIAN (NOT RAISED),STRAIGHT AND LEVEL,DRY,NO DEFECTS,Y,"OPERATING VEHICLE IN ERRATIC, RECKLESS, CARELESS, NEGLIGENT OR AGGRESSIVE MANNER",IMPROPER OVERTAKING/PASSING,,NONINCAPACITATING INJURY,19,4,41.997649133,-87.6997926289,2023,30,POINT (-87.6997926289 41.997649133),,,,,2023-04-14,False,1,West Ridge
8582,30,NO CONTROLS,NO CONTROLS,CLEAR,DAYLIGHT,PEDALCYCLIST,NOT DIVIDED,STRAIGHT AND LEVEL,DRY,UNKNOWN,,FAILING TO YIELD RIGHT-OF-WAY,IMPROPER TURNING/NO SIGNAL,,NONINCAPACITATING INJURY,13,4,41.9167335176,-87.7266900414,2023,30,POINT (-87.7266900414 41.9167335176),,,,,2023-04-15,False,19,Hermosa
8583,30,STOP SIGN/FLASHER,FUNCTIONING PROPERLY,CLEAR,DAYLIGHT,PEDALCYCLIST,NOT DIVIDED,STRAIGHT AND LEVEL,DRY,NO DEFECTS,Y,FAILING TO YIELD RIGHT-OF-WAY,NOT APPLICABLE,,NONINCAPACITATING INJURY,14,4,41.800941976,-87.5876367922,2023,30,POINT (-87.5876367922 41.800941976),,,,,2023-04-15,False,40,Hyde Park
8584,30,NO CONTROLS,NO CONTROLS,CLEAR,DAYLIGHT,PEDALCYCLIST,NOT DIVIDED,STRAIGHT AND LEVEL,DRY,UNKNOWN,,DRIVING SKILLS/KNOWLEDGE/EXPERIENCE,NOT APPLICABLE,Y,NONINCAPACITATING INJURY,15,4,41.9189488512,-87.6483911318,2023,30,POINT (-87.6483911318 41.9189488512),,,,,2023-04-15,False,6,Lincoln Park
8585,30,TRAFFIC SIGNAL,FUNCTIONING PROPERLY,CLEAR,DAYLIGHT,PEDALCYCLIST,NOT DIVIDED,STRAIGHT AND LEVEL,DRY,NO DEFECTS,,FAILING TO YIELD RIGHT-OF-WAY,NOT APPLICABLE,,NO INDICATION OF INJURY,15,4,41.8757713366,-87.6473210697,2023,30,POINT (-87.6473210697 41.8757713366),,,,,2023-04-15,False,27,Near West Side
8586,30,TRAFFIC SIGNAL,FUNCTIONING PROPERLY,CLEAR,"DARKNESS, LIGHTED ROAD",PEDALCYCLIST,FOUR WAY,STRAIGHT AND LEVEL,UNKNOWN,UNKNOWN,,UNABLE TO DETERMINE,NOT APPLICABLE,,"REPORTED, NOT EVIDENT",20,4,41.9309925577,-87.7955288567,2023,30,POINT (-87.7955288567 41.9309925577),,,,,2023-04-15,False,17,Montclare
8587,35,TRAFFIC SIGNAL,FUNCTIONING PROPERLY,CLEAR,DARKNESS,PEDALCYCLIST,FOUR WAY,STRAIGHT AND LEVEL,DRY,NO DEFECTS,,UNABLE TO DETERMINE,NOT APPLICABLE,,NO INDICATION OF INJURY,21,4,41.9111602413,-87.638740951,2023,35,POINT (-87.638740951 41.9111602413),,,,,2023-04-15,False,6,Lincoln Park
8588,30,TRAFFIC SIGNAL,FUNCTIONING PROPERLY,CLEAR,"DARKNESS, LIGHTED ROAD",PEDALCYCLIST,FOUR WAY,STRAIGHT AND LEVEL,DRY,NO DEFECTS,Y,FAILING TO REDUCE SPEED TO AVOID CRASH,UNABLE TO DETERMINE,,NONINCAPACITATING INJURY,22,4,41.847315045,-87.6465210344,2023,30,POINT (-87.6465210344 41.847315045),,,,,2023-04-15,False,30,Lower West Side
8589,30,TRAFFIC SIGNAL,FUNCTIONING PROPERLY,RAIN,DAYLIGHT,PEDALCYCLIST,NOT DIVIDED,STRAIGHT AND LEVEL,WET,NO DEFECTS,,UNABLE TO DETERMINE,NOT APPLICABLE,,NONINCAPACITATING INJURY,10,4,41.8178185942,-87.6652512482,2023,30,POINT (-87.6652512482 41.8178185942),,,,,2023-04-16,False,60,New City
8590,30,STOP SIGN/FLASHER,FUNCTIONING PROPERLY,SNOW,DAYLIGHT,PEDALCYCLIST,FOUR WAY,STRAIGHT AND LEVEL,WET,NO DEFECTS,,FAILING TO YIELD RIGHT-OF-WAY,NOT APPLICABLE,,NONINCAPACITATING INJURY,7,4,41.9536520655,-87.7368649768,2023,30,POINT (-87.7368649768 41.9536520655),,,,,2023-04-17,False,15,Irving Park
8591,30,TRAFFIC SIGNAL,FUNCTIONING PROPERLY,CLEAR,DAYLIGHT,PEDALCYCLIST,NOT DIVIDED,STRAIGHT AND LEVEL,DRY,NO DEFECTS,,UNABLE TO DETERMINE,NOT APPLICABLE,,NO INDICATION OF INJURY,7,4,41.9457475747,-87.7685382793,2023,30,POINT (-87.7685382793 41.9457475747),,,,,2023-04-18,False,14,Portage Park