Unnamed: 0,POSTED_SPEED_LIMIT,TRAFFIC_CONTROL_DEVICE,DEVICE_CONDITION,WEATHER_CONDITION,LIGHTING_CONDITION,FIRST_CRASH_TYPE,TRAFFICWAY_TYPE,ALIGNMENT,ROADWAY_SURFACE_COND,ROAD_DEFECT,INTERSECTION_RELATED_I,PRIM_CONTRIBUTORY_CAUSE,SEC_CONTRIBUTORY_CAUSE,DOORING_I,MOST_SEVERE_INJURY,CRASH_HOUR,CRASH_MONTH,LATITUDE,LONGITUDE,CRASH_YEAR,SPEED_LIMIT,geometry,DISPLAYROU,the_geom,DIST,LANE_TYPE,CRASH_DATE,is_severe,index_right,CArea
8592,30,NO CONTROLS,NO CONTROLS,CLEAR,DAYLIGHT,PEDALCYCLIST,NOT DIVIDED,STRAIGHT AND LEVEL,DRY,NO DEFECTS,,UNABLE TO DETERMINE,NOT APPLICABLE,,NO INDICATION OF INJURY,17,4,41.8009651378,-87.6026959329,2023,30,POINT (-87.6026959329 41.8009651378),,,,,2023-04-18,False,40,Hyde Park
8593,20,STOP SIGN/FLASHER,NO CONTROLS,CLOUDY/OVERCAST,DAYLIGHT,PEDALCYCLIST,NOT DIVIDED,STRAIGHT AND LEVEL,UNKNOWN,UNKNOWN,,FAILING TO YIELD RIGHT-OF-WAY,NOT APPLICABLE,,NO INDICATION OF INJURY,13,4,41.7137743148,-87.5378379013,2023,20,POINT (-87.5378379013 41.7137743148),,,,,2023-04-19,False,51,East Side
8594,30,TRAFFIC SIGNAL,FUNCTIONING PROPERLY,CLEAR,DAYLIGHT,PEDALCYCLIST,NOT DIVIDED,STRAIGHT AND LEVEL,DRY,NO DEFECTS,Y,IMPROPER TURNING/NO SIGNAL,NOT APPLICABLE,,"REPORTED, NOT EVIDENT",17,4,41.8843896038,-87.6295990986,2023,30,POINT (-87.6295990986 41.8843896038),,,,,2023-04-19,False,31,Loop
8595,30,NO CONTROLS,NO CONTROLS,CLEAR,DAYLIGHT,PEDALCYCLIST,DIVIDED - W/MEDIAN (NOT RAISED),STRAIGHT AND LEVEL,DRY,NO DEFECTS,,NOT APPLICABLE,NOT APPLICABLE,Y,NO INDICATION OF INJURY,17,4,41.9419388632,-87.7287449255,2023,30,POINT (-87.7287449255 41.9419388632),,,,,2023-04-19,False,15,Irving Park
8596,30,NO CONTROLS,NO CONTROLS,CLEAR,DAYLIGHT,PEDALCYCLIST,ONE-WAY,STRAIGHT AND LEVEL,DRY,NO DEFECTS,Y,FAILING TO REDUCE SPEED TO AVOID CRASH,NOT APPLICABLE,,INCAPACITATING INJURY,9,4,41.8846081309,-87.625351202,2023,30,POINT (-87.625351202 41.8846081309),,,,,2023-04-20,True,31,Loop
8597,30,TRAFFIC SIGNAL,FUNCTIONING PROPERLY,CLOUDY/OVERCAST,DAYLIGHT,PEDALCYCLIST,CENTER TURN LANE,STRAIGHT AND LEVEL,DRY,NO DEFECTS,,IMPROPER OVERTAKING/PASSING,IMPROPER OVERTAKING/PASSING,,NO INDICATION OF INJURY,11,4,41.9417354272,-87.6519447555,2023,30,POINT (-87.6519447555 41.9417354272),,,,,2023-04-20,False,5,Lake View
8598,30,UNKNOWN,UNKNOWN,UNKNOWN,UNKNOWN,PEDALCYCLIST,NOT DIVIDED,STRAIGHT AND LEVEL,UNKNOWN,UNKNOWN,,UNABLE TO DETERMINE,UNABLE TO DETERMINE,,NONINCAPACITATING INJURY,16,4,41.9542296409,-87.6812468061,2023,30,POINT (-87.6812468061 41.9542296409),,,,,2023-04-20,False,4,North Center
8599,30,TRAFFIC SIGNAL,FUNCTIONING PROPERLY,RAIN,DAYLIGHT,PEDALCYCLIST,NOT DIVIDED,STRAIGHT ON GRADE,WET,WORN SURFACE,Y,IMPROPER LANE USAGE,DRIVING ON WRONG SIDE/WRONG WAY,,NONINCAPACITATING INJURY,17,4,41.8763769432,-87.6722086711,2023,30,POINT (-87.6722086711 41.8763769432),,,,,2023-04-20,False,27,Near West Side
8600,30,NO CONTROLS,NO CONTROLS,CLEAR,DAYLIGHT,PEDALCYCLIST,NOT DIVIDED,STRAIGHT AND LEVEL,DRY,NO DEFECTS,,FAILING TO REDUCE SPEED TO AVOID CRASH,UNABLE TO DETERMINE,,INCAPACITATING INJURY,18,4,41.917620259,-87.7267229199,2023,30,POINT (-87.7267229199 41.917620259),,,,,2023-04-20,True,19,Hermosa
8601,25,TRAFFIC SIGNAL,FUNCTIONING PROPERLY,CLEAR,"DARKNESS, LIGHTED ROAD",PEDALCYCLIST,FOUR WAY,STRAIGHT AND LEVEL,DRY,NO DEFECTS,Y,FAILING TO YIELD RIGHT-OF-WAY,FAILING TO YIELD RIGHT-OF-WAY,,INCAPACITATING INJURY,20,4,41.8659794863,-87.7446098835,2023,25,POINT (-87.7446098835 41.8659794863),,,,,2023-04-20,True,24,Austin
8602,30,NO CONTROLS,NO CONTROLS,CLEAR,DAYLIGHT,PEDALCYCLIST,NOT DIVIDED,STRAIGHT AND LEVEL,DRY,NO DEFECTS,,FAILING TO YIELD RIGHT-OF-WAY,HAD BEEN DRINKING (USE WHEN ARREST IS NOT MADE),,INCAPACITATING INJURY,14,4,41.7172032624,-87.5503135735,2023,30,POINT (-87.5503135735 41.7172032624),,,,,2023-04-21,True,50,South Deering
8603,30,STOP SIGN/FLASHER,NO CONTROLS,CLEAR,DAYLIGHT,PEDALCYCLIST,ONE-WAY,STRAIGHT AND LEVEL,DRY,NO DEFECTS,,FAILING TO YIELD RIGHT-OF-WAY,UNABLE TO DETERMINE,,NO INDICATION OF INJURY,15,4,41.8665630261,-87.6108628295,2023,30,POINT (-87.6108628295 41.8665630261),,,,,2023-04-21,False,32,Near South Side
8604,25,NO CONTROLS,NO CONTROLS,CLEAR,DAYLIGHT,PEDALCYCLIST,NOT DIVIDED,STRAIGHT AND LEVEL,DRY,NO DEFECTS,,"OPERATING VEHICLE IN ERRATIC, RECKLESS, CARELESS, NEGLIGENT OR AGGRESSIVE MANNER",NOT APPLICABLE,,NONINCAPACITATING INJURY,15,4,41.9899464074,-87.6583148831,2023,25,POINT (-87.6583148831 41.9899464074),,,,,2023-04-21,False,76,Edgewater
8605,30,TRAFFIC SIGNAL,FUNCTIONING PROPERLY,CLEAR,DAYLIGHT,PEDALCYCLIST,NOT DIVIDED,STRAIGHT AND LEVEL,DRY,NO DEFECTS,,"OPERATING VEHICLE IN ERRATIC, RECKLESS, CARELESS, NEGLIGENT OR AGGRESSIVE MANNER",UNABLE TO DETERMINE,,NONINCAPACITATING INJURY,16,4,41.8672978274,-87.6444711883,2023,30,POINT (-87.6444711883 41.8672978274),,,,,2023-04-21,False,27,Near West Side
8606,30,TRAFFIC SIGNAL,FUNCTIONING PROPERLY,CLEAR,DAYLIGHT,PEDALCYCLIST,ONE-WAY,STRAIGHT AND LEVEL,DRY,NO DEFECTS,,UNABLE TO DETERMINE,NOT APPLICABLE,,NONINCAPACITATING INJURY,17,4,41.7752651618,-87.7007488278,2023,30,POINT (-87.7007488278 41.7752651618),,,,,2023-04-21,False,65,Chicago Lawn
8607,30,DELINEATORS,NO CONTROLS,CLEAR,DAYLIGHT,PEDALCYCLIST,NOT DIVIDED,STRAIGHT AND LEVEL,DRY,NO DEFECTS,,IMPROPER LANE USAGE,FAILING TO YIELD RIGHT-OF-WAY,,NO INDICATION OF INJURY,18,4,41.9220937645,-87.635578466,2023,30,POINT (-87.635578466 41.9220937645),,,,,2023-04-21,False,6,Lincoln Park
8608,30,NO CONTROLS,NO CONTROLS,CLEAR,DAYLIGHT,PEDALCYCLIST,NOT DIVIDED,STRAIGHT AND LEVEL,DRY,NO DEFECTS,,FAILING TO YIELD RIGHT-OF-WAY,NOT APPLICABLE,,NO INDICATION OF INJURY,17,4,41.8922749656,-87.6200987945,2023,30,POINT (-87.6200987945 41.8922749656),,,,,2023-04-22,False,7,Near North Side
8609,30,TRAFFIC SIGNAL,FUNCTIONING PROPERLY,CLEAR,"DARKNESS, LIGHTED ROAD",PEDALCYCLIST,NOT DIVIDED,STRAIGHT AND LEVEL,DRY,NO DEFECTS,Y,UNABLE TO DETERMINE,UNABLE TO DETERMINE,,NONINCAPACITATING INJURY,19,4,41.9104312326,-87.6824947889,2023,30,POINT (-87.6824947889 41.9104312326),,,,,2023-04-22,False,23,West Town
8610,30,STOP SIGN/FLASHER,FUNCTIONING PROPERLY,UNKNOWN,DAYLIGHT,PEDALCYCLIST,DIVIDED - W/MEDIAN (NOT RAISED),STRAIGHT AND LEVEL,UNKNOWN,UNKNOWN,,UNABLE TO DETERMINE,UNABLE TO DETERMINE,,NO INDICATION OF INJURY,8,4,41.8917328651,-87.6486541929,2023,30,POINT (-87.6486541929 41.8917328651),,,,,2023-04-24,False,7,Near North Side
8611,30,NO CONTROLS,NO CONTROLS,UNKNOWN,DAYLIGHT,PEDALCYCLIST,NOT DIVIDED,STRAIGHT AND LEVEL,UNKNOWN,NO DEFECTS,,UNABLE TO DETERMINE,NOT APPLICABLE,,NONINCAPACITATING INJURY,16,4,41.9079805734,-87.6739451672,2023,30,POINT (-87.6739451672 41.9079805734),,,,,2023-04-24,False,23,West Town
8612,30,NO CONTROLS,NO CONTROLS,CLEAR,DAYLIGHT,PEDALCYCLIST,DIVIDED - W/MEDIAN (NOT RAISED),STRAIGHT AND LEVEL,DRY,UNKNOWN,,FAILING TO YIELD RIGHT-OF-WAY,NOT APPLICABLE,,NONINCAPACITATING INJURY,17,4,41.9774430394,-87.7284327295,2023,30,POINT (-87.7284327295 41.9774430394),,,,,2023-04-24,False,11,Forest Glen
8613,30,NO CONTROLS,NO CONTROLS,UNKNOWN,UNKNOWN,PEDALCYCLIST,T-INTERSECTION,STRAIGHT AND LEVEL,UNKNOWN,UNKNOWN,,UNABLE TO DETERMINE,UNABLE TO DETERMINE,,NONINCAPACITATING INJURY,21,4,41.8755809882,-87.6258667111,2023,30,POINT (-87.6258667111 41.8755809882),,,,,2023-04-24,False,31,Loop
8614,20,NO CONTROLS,NO CONTROLS,RAIN,DAYLIGHT,PEDALCYCLIST,ALLEY,STRAIGHT AND LEVEL,WET,NO DEFECTS,,FAILING TO YIELD RIGHT-OF-WAY,"VISION OBSCURED (SIGNS, TREE LIMBS, BUILDINGS, ETC.)",,NONINCAPACITATING INJURY,7,4,41.9605282062,-87.7108238015,2023,20,POINT (-87.7108238015 41.9605282062),,,,,2023-04-25,False,15,Irving Park
8615,30,TRAFFIC SIGNAL,FUNCTIONING PROPERLY,RAIN,DAYLIGHT,PEDALCYCLIST,OTHER,STRAIGHT AND LEVEL,WET,NO DEFECTS,Y,DRIVING SKILLS/KNOWLEDGE/EXPERIENCE,UNABLE TO DETERMINE,,"REPORTED, NOT EVIDENT",8,4,41.8657003856,-87.6242595813,2023,30,POINT (-87.6242595813 41.8657003856),,,,,2023-04-25,False,32,Near South Side
8616,30,TRAFFIC SIGNAL,FUNCTIONING PROPERLY,CLEAR,DAYLIGHT,PEDALCYCLIST,DIVIDED - W/MEDIAN (NOT RAISED),STRAIGHT AND LEVEL,WET,NO DEFECTS,Y,FAILING TO YIELD RIGHT-OF-WAY,DISREGARDING TRAFFIC SIGNALS,,NONINCAPACITATING INJURY,11,4,41.902138635,-87.7558329875,2023,30,POINT (-87.7558329875 41.902138635),,,,,2023-04-25,False,24,Austin
8617,30,NO CONTROLS,NO CONTROLS,CLEAR,DAYLIGHT,PEDALCYCLIST,ONE-WAY,STRAIGHT AND LEVEL,DRY,NO DEFECTS,,FAILING TO YIELD RIGHT-OF-WAY,NOT APPLICABLE,Y,NONINCAPACITATING INJURY,8,4,41.8819740815,-87.68694342,2023,30,POINT (-87.68694342 41.8819740815),,,,,2023-04-26,False,27,Near West Side
8618,30,STOP SIGN/FLASHER,OTHER,CLEAR,DAYLIGHT,PEDALCYCLIST,ONE-WAY,STRAIGHT AND LEVEL,DRY,NO DEFECTS,,FAILING TO YIELD RIGHT-OF-WAY,NOT APPLICABLE,,NO INDICATION OF INJURY,8,4,41.909903268,-87.7333042287,2023,30,POINT (-87.7333042287 41.909903268),,,,,2023-04-26,False,22,Humboldt Park
8619,30,NO CONTROLS,NO CONTROLS,CLEAR,DAYLIGHT,PEDALCYCLIST,NOT DIVIDED,STRAIGHT AND LEVEL,DRY,NO DEFECTS,,DRIVING SKILLS/KNOWLEDGE/EXPERIENCE,UNABLE TO DETERMINE,,NONINCAPACITATING INJURY,16,4,41.8745308554,-87.6489162443,2023,30,POINT (-87.6489162443 41.8745308554),,,,,2023-04-26,False,27,Near West Side
8620,35,NO CONTROLS,NO CONTROLS,CLEAR,"DARKNESS, LIGHTED ROAD",PEDALCYCLIST,NOT DIVIDED,STRAIGHT ON GRADE,DRY,UNKNOWN,,NOT APPLICABLE,FAILING TO YIELD RIGHT-OF-WAY,Y,NONINCAPACITATING INJURY,20,4,41.8906307887,-87.6268291274,2023,35,POINT (-87.6268291274 41.8906307887),,,,,2023-04-26,False,7,Near North Side
8621,30,TRAFFIC SIGNAL,FUNCTIONING PROPERLY,CLEAR,"DARKNESS, LIGHTED ROAD",PEDALCYCLIST,DIVIDED - W/MEDIAN (NOT RAISED),STRAIGHT AND LEVEL,DRY,NO DEFECTS,Y,DISREGARDING TRAFFIC SIGNALS,UNABLE TO DETERMINE,,NONINCAPACITATING INJURY,21,4,41.8436088732,-87.6541586388,2023,30,POINT (-87.6541586388 41.8436088732),,,,,2023-04-26,False,30,Lower West Side
8622,30,STOP SIGN/FLASHER,FUNCTIONING PROPERLY,CLEAR,DAYLIGHT,PEDALCYCLIST,NOT DIVIDED,STRAIGHT AND LEVEL,DRY,NO DEFECTS,Y,FAILING TO YIELD RIGHT-OF-WAY,NOT APPLICABLE,,NONINCAPACITATING INJURY,9,4,41.950977794,-87.6567521651,2023,30,POINT (-87.6567521651 41.950977794),,,,,2023-04-27,False,5,Lake View
8623,30,NO CONTROLS,NO CONTROLS,CLEAR,DAYLIGHT,PEDALCYCLIST,DIVIDED - W/MEDIAN BARRIER,STRAIGHT AND LEVEL,DRY,NO DEFECTS,,IMPROPER LANE USAGE,NOT APPLICABLE,,"REPORTED, NOT EVIDENT",9,4,41.9538896388,-87.6921252774,2023,30,POINT (-87.6921252774 41.9538896388),,,,,2023-04-27,False,4,North Center
8624,30,NO CONTROLS,NO CONTROLS,CLEAR,DAYLIGHT,PEDALCYCLIST,NOT DIVIDED,STRAIGHT AND LEVEL,DRY,NO DEFECTS,Y,"VISION OBSCURED (SIGNS, TREE LIMBS, BUILDINGS, ETC.)",FAILING TO YIELD RIGHT-OF-WAY,,NONINCAPACITATING INJURY,11,4,41.8846526218,-87.6827079224,2023,30,POINT (-87.6827079224 41.8846526218),,,,,2023-04-27,False,27,Near West Side
8625,25,STOP SIGN/FLASHER,FUNCTIONING PROPERLY,CLEAR,DAYLIGHT,PEDALCYCLIST,NOT DIVIDED,STRAIGHT AND LEVEL,DRY,NO DEFECTS,Y,DISREGARDING STOP SIGN,DISREGARDING STOP SIGN,,NO INDICATION OF INJURY,15,4,41.8023870019,-87.5867582771,2023,25,POINT (-87.5867582771 41.8023870019),,,,,2023-04-27,False,38,Kenwood
8626,30,TRAFFIC SIGNAL,FUNCTIONING PROPERLY,CLEAR,DAYLIGHT,PEDALCYCLIST,Y-INTERSECTION,STRAIGHT AND LEVEL,DRY,NO DEFECTS,Y,FOLLOWING TOO CLOSELY,NOT APPLICABLE,,NONINCAPACITATING INJURY,17,4,41.8969781658,-87.6563310948,2023,30,POINT (-87.6563310948 41.8969781658),,,,,2023-04-27,False,7,Near North Side
8627,30,NO CONTROLS,NO CONTROLS,CLEAR,DAYLIGHT,PEDALCYCLIST,DIVIDED - W/MEDIAN (NOT RAISED),STRAIGHT AND LEVEL,DRY,NO DEFECTS,,DRIVING SKILLS/KNOWLEDGE/EXPERIENCE,FAILING TO YIELD RIGHT-OF-WAY,,INCAPACITATING INJURY,11,4,41.9088711271,-87.6753374249,2023,30,POINT (-87.6753374249 41.9088711271),,,,,2023-04-28,True,23,West Town
8628,35,TRAFFIC SIGNAL,FUNCTIONING PROPERLY,CLEAR,DAYLIGHT,PEDALCYCLIST,ONE-WAY,STRAIGHT AND LEVEL,DRY,NO DEFECTS,Y,UNABLE TO DETERMINE,UNABLE TO DETERMINE,,NONINCAPACITATING INJURY,12,4,41.879183645,-87.6410304458,2023,35,POINT (-87.6410304458 41.879183645),,,,,2023-04-28,False,27,Near West Side
8629,20,NO CONTROLS,NO CONTROLS,CLEAR,DAYLIGHT,PEDALCYCLIST,ALLEY,STRAIGHT AND LEVEL,DRY,NO DEFECTS,,CELL PHONE USE OTHER THAN TEXTING,UNABLE TO DETERMINE,,NO INDICATION OF INJURY,13,4,41.878597052,-87.6482862612,2023,20,POINT (-87.6482862612 41.878597052),,,,,2023-04-28,False,27,Near West Side
8630,30,TRAFFIC SIGNAL,FUNCTIONING PROPERLY,CLEAR,DAYLIGHT,PEDALCYCLIST,NOT DIVIDED,STRAIGHT AND LEVEL,DRY,NO DEFECTS,,UNABLE TO DETERMINE,NOT APPLICABLE,,NO INDICATION OF INJURY,13,4,41.8664892793,-87.6242793048,2023,30,POINT (-87.6242793048 41.8664892793),,,,,2023-04-28,False,32,Near South Side
8631,40,TRAFFIC SIGNAL,FUNCTIONING PROPERLY,CLEAR,DAYLIGHT,PEDALCYCLIST,FOUR WAY,STRAIGHT AND LEVEL,DRY,NO DEFECTS,Y,FAILING TO YIELD RIGHT-OF-WAY,"OPERATING VEHICLE IN ERRATIC, RECKLESS, CARELESS, NEGLIGENT OR AGGRESSIVE MANNER",,NONINCAPACITATING INJURY,8,4,41.8808560477,-87.6176358918,2023,40,POINT (-87.6176358918 41.8808560477),,,,,2023-04-29,False,31,Loop
8632,30,STOP SIGN/FLASHER,FUNCTIONING PROPERLY,CLEAR,DAYLIGHT,PEDALCYCLIST,NOT DIVIDED,STRAIGHT AND LEVEL,DRY,NO DEFECTS,,UNABLE TO DETERMINE,UNABLE TO DETERMINE,,NONINCAPACITATING INJURY,16,4,41.765156091,-87.6416882698,2023,30,POINT (-87.6416882698 41.765156091),,,,,2023-04-29,False,67,Englewood
8633,30,NO CONTROLS,NO CONTROLS,CLEAR,DAYLIGHT,PEDALCYCLIST,NOT DIVIDED,STRAIGHT AND LEVEL,DRY,NO DEFECTS,,UNABLE TO DETERMINE,NOT APPLICABLE,,NO INDICATION OF INJURY,18,4,41.9107384033,-87.6526288748,2023,30,POINT (-87.6526288748 41.9107384033),,,,,2023-04-29,False,7,Near North Side
8634,30,NO CONTROLS,NO CONTROLS,RAIN,DAYLIGHT,PEDALCYCLIST,NOT DIVIDED,STRAIGHT AND LEVEL,WET,NO DEFECTS,,UNABLE TO DETERMINE,NOT APPLICABLE,,NO INDICATION OF INJURY,11,5,41.8917914631,-87.6276577412,2023,30,POINT (-87.6276577412 41.8917914631),,,,,2023-05-01,False,7,Near North Side
8635,30,NO CONTROLS,NO CONTROLS,RAIN,DAYLIGHT,PEDALCYCLIST,NOT DIVIDED,STRAIGHT AND LEVEL,WET,NO DEFECTS,,FAILING TO YIELD RIGHT-OF-WAY,FAILING TO YIELD RIGHT-OF-WAY,,NONINCAPACITATING INJURY,14,5,41.9147701763,-87.6349691312,2023,30,POINT (-87.6349691312 41.9147701763),,,,,2023-05-01,False,6,Lincoln Park
8636,30,STOP SIGN/FLASHER,NO CONTROLS,RAIN,DAYLIGHT,PEDALCYCLIST,T-INTERSECTION,STRAIGHT AND LEVEL,WET,NO DEFECTS,,UNABLE TO DETERMINE,NOT APPLICABLE,,NO INDICATION OF INJURY,16,5,41.9839522006,-87.6690061635,2023,30,POINT (-87.6690061635 41.9839522006),,,,,2023-05-01,False,76,Edgewater
8637,30,NO CONTROLS,NO CONTROLS,CLEAR,DAYLIGHT,PEDALCYCLIST,NOT DIVIDED,STRAIGHT AND LEVEL,DRY,UNKNOWN,,UNABLE TO DETERMINE,NOT APPLICABLE,Y,NONINCAPACITATING INJURY,7,5,41.8963357343,-87.6343406345,2023,30,POINT (-87.6343406345 41.8963357343),,,,,2023-05-02,False,7,Near North Side
8638,30,STOP SIGN/FLASHER,FUNCTIONING PROPERLY,CLEAR,DUSK,PEDALCYCLIST,T-INTERSECTION,STRAIGHT AND LEVEL,DRY,NO DEFECTS,Y,FAILING TO REDUCE SPEED TO AVOID CRASH,"VISION OBSCURED (SIGNS, TREE LIMBS, BUILDINGS, ETC.)",,NONINCAPACITATING INJURY,19,5,42.0147373476,-87.6782659109,2023,30,POINT (-87.6782659109 42.0147373476),,,,,2023-05-02,False,0,Rogers Park
8640,30,TRAFFIC SIGNAL,FUNCTIONING PROPERLY,CLEAR,"DARKNESS, LIGHTED ROAD",PEDALCYCLIST,FOUR WAY,STRAIGHT AND LEVEL,DRY,NO DEFECTS,Y,IMPROPER LANE USAGE,UNABLE TO DETERMINE,,NO INDICATION OF INJURY,21,5,41.8525261656,-87.6612900647,2023,30,POINT (-87.6612900647 41.8525261656),,,,,2023-05-02,False,30,Lower West Side
8641,30,TRAFFIC SIGNAL,FUNCTIONING PROPERLY,CLEAR,DAYLIGHT,PEDALCYCLIST,NOT DIVIDED,STRAIGHT AND LEVEL,DRY,NO DEFECTS,Y,NOT APPLICABLE,NOT APPLICABLE,,NO INDICATION OF INJURY,9,5,41.802532085,-87.5917879592,2023,30,POINT (-87.5917879592 41.802532085),,,,,2023-05-03,False,38,Kenwood
8642,30,NO CONTROLS,NO CONTROLS,CLEAR,DAYLIGHT,PEDALCYCLIST,DIVIDED - W/MEDIAN (NOT RAISED),STRAIGHT AND LEVEL,DRY,NO DEFECTS,,FAILING TO YIELD RIGHT-OF-WAY,NOT APPLICABLE,,"REPORTED, NOT EVIDENT",14,5,41.8773495243,-87.6278079621,2023,30,POINT (-87.6278079621 41.8773495243),,,,,2023-05-03,False,31,Loop
8643,30,TRAFFIC SIGNAL,FUNCTIONING PROPERLY,CLEAR,DAYLIGHT,PEDALCYCLIST,NOT DIVIDED,STRAIGHT AND LEVEL,DRY,NO DEFECTS,,FAILING TO YIELD RIGHT-OF-WAY,FAILING TO YIELD RIGHT-OF-WAY,Y,NONINCAPACITATING INJURY,15,5,41.8914049906,-87.6399778041,2023,30,POINT (-87.6399778041 41.8914049906),,,,,2023-05-03,False,7,Near North Side
8644,30,NO CONTROLS,NO CONTROLS,CLEAR,DAYLIGHT,PEDALCYCLIST,DIVIDED - W/MEDIAN (NOT RAISED),STRAIGHT AND LEVEL,DRY,UNKNOWN,,UNABLE TO DETERMINE,NOT APPLICABLE,,INCAPACITATING INJURY,15,5,41.9301493799,-87.6846468858,2023,30,POINT (-87.6846468858 41.9301493799),,,,,2023-05-03,True,21,Logan Square
8645,30,UNKNOWN,UNKNOWN,UNKNOWN,UNKNOWN,PEDALCYCLIST,T-INTERSECTION,STRAIGHT AND LEVEL,UNKNOWN,UNKNOWN,,UNABLE TO DETERMINE,UNABLE TO DETERMINE,,NONINCAPACITATING INJURY,16,5,41.8964053951,-87.649946772,2023,30,POINT (-87.649946772 41.8964053951),,,,,2023-05-03,False,7,Near North Side
8646,20,STOP SIGN/FLASHER,FUNCTIONING PROPERLY,CLEAR,DAYLIGHT,PEDALCYCLIST,NOT DIVIDED,STRAIGHT AND LEVEL,DRY,NO DEFECTS,,NOT APPLICABLE,NOT APPLICABLE,,NO INDICATION OF INJURY,17,5,41.9188182833,-87.7668648651,2023,20,POINT (-87.7668648651 41.9188182833),,,,,2023-05-03,False,18,Belmont Cragin
8647,30,NO CONTROLS,NO CONTROLS,CLEAR,DAYLIGHT,PEDALCYCLIST,NOT DIVIDED,STRAIGHT AND LEVEL,DRY,NO DEFECTS,,UNABLE TO DETERMINE,NOT APPLICABLE,,NONINCAPACITATING INJURY,17,5,41.9354733481,-87.662576987,2023,30,POINT (-87.662576987 41.9354733481),,,,,2023-05-03,False,5,Lake View
8648,30,NO CONTROLS,NO CONTROLS,CLEAR,DAYLIGHT,PEDALCYCLIST,DIVIDED - W/MEDIAN (NOT RAISED),STRAIGHT AND LEVEL,DRY,NO DEFECTS,,UNABLE TO DETERMINE,UNABLE TO DETERMINE,Y,NONINCAPACITATING INJURY,17,5,41.9182792918,-87.6491988701,2023,30,POINT (-87.6491988701 41.9182792918),,,,,2023-05-03,False,6,Lincoln Park
8649,30,NO CONTROLS,NO CONTROLS,CLEAR,DAYLIGHT,PEDALCYCLIST,NOT DIVIDED,STRAIGHT AND LEVEL,DRY,NO DEFECTS,,UNABLE TO DETERMINE,NOT APPLICABLE,Y,NONINCAPACITATING INJURY,8,5,41.8826376813,-87.6472446358,2023,30,POINT (-87.6472446358 41.8826376813),,,,,2023-05-04,False,27,Near West Side
8650,30,TRAFFIC SIGNAL,FUNCTIONING PROPERLY,CLEAR,DAYLIGHT,PEDALCYCLIST,NOT DIVIDED,STRAIGHT AND LEVEL,DRY,NO DEFECTS,Y,TURNING RIGHT ON RED,FAILING TO YIELD RIGHT-OF-WAY,,NONINCAPACITATING INJURY,10,5,41.9829594103,-87.7087748776,2023,30,POINT (-87.7087748776 41.9829594103),,,,,2023-05-04,False,12,North Park
8651,30,NO CONTROLS,NO CONTROLS,CLEAR,DAYLIGHT,PEDALCYCLIST,NOT DIVIDED,STRAIGHT AND LEVEL,DRY,UNKNOWN,,DISTRACTION - FROM INSIDE VEHICLE,NOT APPLICABLE,Y,NONINCAPACITATING INJURY,15,5,41.9006108215,-87.6721648429,2023,30,POINT (-87.6721648429 41.9006108215),,,,,2023-05-04,False,23,West Town
8652,30,NO CONTROLS,NO CONTROLS,CLEAR,DAYLIGHT,PEDALCYCLIST,ONE-WAY,STRAIGHT AND LEVEL,UNKNOWN,UNKNOWN,,NOT APPLICABLE,NOT APPLICABLE,,NO INDICATION OF INJURY,15,5,41.9204163005,-87.774528317,2023,30,POINT (-87.774528317 41.9204163005),,,,,2023-05-04,False,18,Belmont Cragin
8653,30,STOP SIGN/FLASHER,FUNCTIONING PROPERLY,CLEAR,DAYLIGHT,PEDALCYCLIST,NOT DIVIDED,STRAIGHT AND LEVEL,DRY,NO DEFECTS,,UNABLE TO DETERMINE,UNABLE TO DETERMINE,,NO INDICATION OF INJURY,16,5,41.9832561003,-87.6943448296,2023,30,POINT (-87.6943448296 41.9832561003),,,,,2023-05-04,False,1,West Ridge
8654,25,NO CONTROLS,NO CONTROLS,CLEAR,DAYLIGHT,PEDALCYCLIST,FOUR WAY,STRAIGHT AND LEVEL,DRY,UNKNOWN,Y,FAILING TO REDUCE SPEED TO AVOID CRASH,NOT APPLICABLE,,"REPORTED, NOT EVIDENT",18,5,41.9383345345,-87.819128554,2023,25,POINT (-87.819128554 41.9383345345),,,,,2023-05-04,False,16,Dunning
8655,30,NO CONTROLS,NO CONTROLS,CLEAR,"DARKNESS, LIGHTED ROAD",PEDALCYCLIST,NOT DIVIDED,STRAIGHT AND LEVEL,DRY,NO DEFECTS,,FAILING TO YIELD RIGHT-OF-WAY,IMPROPER TURNING/NO SIGNAL,,NONINCAPACITATING INJURY,19,5,41.9128756647,-87.6329741852,2023,30,POINT (-87.6329741852 41.9128756647),,,,,2023-05-04,False,6,Lincoln Park
8656,10,UNKNOWN,UNKNOWN,CLEAR,DARKNESS,PEDALCYCLIST,OTHER,STRAIGHT AND LEVEL,UNKNOWN,UNKNOWN,,IMPROPER OVERTAKING/PASSING,IMPROPER LANE USAGE,,NONINCAPACITATING INJURY,21,5,41.884657301,-87.6158852894,2023,10,POINT (-87.6158852894 41.884657301),,,,,2023-05-04,False,31,Loop
8657,30,TRAFFIC SIGNAL,FUNCTIONING PROPERLY,CLEAR,"DARKNESS, LIGHTED ROAD",PEDALCYCLIST,NOT DIVIDED,STRAIGHT AND LEVEL,DRY,UNKNOWN,Y,DISREGARDING TRAFFIC SIGNALS,DISREGARDING TRAFFIC SIGNALS,,"REPORTED, NOT EVIDENT",22,5,41.9107150632,-87.6540281597,2023,30,POINT (-87.6540281597 41.9107150632),,,,,2023-05-04,False,7,Near North Side