Unnamed: 0,POSTED_SPEED_LIMIT,TRAFFIC_CONTROL_DEVICE,DEVICE_CONDITION,WEATHER_CONDITION,LIGHTING_CONDITION,FIRST_CRASH_TYPE,TRAFFICWAY_TYPE,ALIGNMENT,ROADWAY_SURFACE_COND,ROAD_DEFECT,INTERSECTION_RELATED_I,PRIM_CONTRIBUTORY_CAUSE,SEC_CONTRIBUTORY_CAUSE,DOORING_I,MOST_SEVERE_INJURY,CRASH_HOUR,CRASH_MONTH,LATITUDE,LONGITUDE,CRASH_YEAR,SPEED_LIMIT,geometry,DISPLAYROU,the_geom,DIST,LANE_TYPE,CRASH_DATE,is_severe,index_right,CArea
8658,25,STOP SIGN/FLASHER,NO CONTROLS,CLEAR,DAYLIGHT,PEDALCYCLIST,NOT DIVIDED,STRAIGHT AND LEVEL,DRY,NO DEFECTS,,UNABLE TO DETERMINE,UNABLE TO DETERMINE,,NONINCAPACITATING INJURY,6,5,41.9945150165,-87.6721228216,2023,25,POINT (-87.6721228216 41.9945150165),,,,,2023-05-05,False,76,Edgewater
8659,30,TRAFFIC SIGNAL,FUNCTIONING PROPERLY,CLEAR,DAYLIGHT,PEDALCYCLIST,NOT DIVIDED,STRAIGHT AND LEVEL,DRY,NO DEFECTS,,FAILING TO YIELD RIGHT-OF-WAY,NOT APPLICABLE,N,NONINCAPACITATING INJURY,8,5,42.0157353246,-87.6753044248,2023,30,POINT (-87.6753044248 42.0157353246),,,,,2023-05-05,False,0,Rogers Park
8660,30,STOP SIGN/FLASHER,FUNCTIONING PROPERLY,CLEAR,DAYLIGHT,PEDALCYCLIST,DIVIDED - W/MEDIAN (NOT RAISED),STRAIGHT AND LEVEL,DRY,UNKNOWN,,FAILING TO YIELD RIGHT-OF-WAY,UNABLE TO DETERMINE,,"REPORTED, NOT EVIDENT",12,5,41.9377384839,-87.6371266927,2023,30,POINT (-87.6371266927 41.9377384839),,,,,2023-05-05,False,5,Lake View
8661,30,TRAFFIC SIGNAL,NO CONTROLS,CLEAR,DAYLIGHT,PEDALCYCLIST,NOT DIVIDED,STRAIGHT AND LEVEL,DRY,NO DEFECTS,,UNABLE TO DETERMINE,UNABLE TO DETERMINE,,NO INDICATION OF INJURY,13,5,41.9243180011,-87.6682602452,2023,30,POINT (-87.6682602452 41.9243180011),,,,,2023-05-05,False,6,Lincoln Park
8662,30,UNKNOWN,UNKNOWN,UNKNOWN,UNKNOWN,PEDALCYCLIST,OTHER,STRAIGHT AND LEVEL,UNKNOWN,UNKNOWN,Y,UNABLE TO DETERMINE,UNABLE TO DETERMINE,,NONINCAPACITATING INJURY,16,5,41.9531720543,-87.6495216441,2023,30,POINT (-87.6495216441 41.9531720543),,,,,2023-05-05,False,5,Lake View
8663,30,NO CONTROLS,NO CONTROLS,CLEAR,DAYLIGHT,PEDALCYCLIST,NOT DIVIDED,STRAIGHT AND LEVEL,DRY,UNKNOWN,,UNABLE TO DETERMINE,UNABLE TO DETERMINE,,INCAPACITATING INJURY,19,5,41.8975312477,-87.7116478677,2023,30,POINT (-87.7116478677 41.8975312477),,,,,2023-05-05,True,22,Humboldt Park
8664,30,NO CONTROLS,NO CONTROLS,CLOUDY/OVERCAST,DAYLIGHT,PEDALCYCLIST,NOT DIVIDED,STRAIGHT AND LEVEL,WET,NO DEFECTS,,IMPROPER LANE USAGE,UNABLE TO DETERMINE,,NO INDICATION OF INJURY,11,5,41.9751764099,-87.6599839078,2023,30,POINT (-87.6599839078 41.9751764099),,,,,2023-05-06,False,2,Uptown
8665,30,OTHER,FUNCTIONING PROPERLY,RAIN,DAYLIGHT,PEDALCYCLIST,FOUR WAY,STRAIGHT AND LEVEL,WET,UNKNOWN,,UNABLE TO DETERMINE,UNABLE TO DETERMINE,Y,INCAPACITATING INJURY,11,5,41.8964336115,-87.6518120567,2023,30,POINT (-87.6518120567 41.8964336115),,,,,2023-05-06,True,7,Near North Side
8666,25,UNKNOWN,UNKNOWN,CLEAR,DAYLIGHT,PEDALCYCLIST,NOT DIVIDED,STRAIGHT AND LEVEL,DRY,NO DEFECTS,,FAILING TO YIELD RIGHT-OF-WAY,FAILING TO YIELD RIGHT-OF-WAY,,NO INDICATION OF INJURY,12,5,41.8643155222,-87.7187169004,2023,25,POINT (-87.7187169004 41.8643155222),,,,,2023-05-06,False,28,North Lawndale
8667,30,NO CONTROLS,NO CONTROLS,CLEAR,DAYLIGHT,PEDALCYCLIST,NOT DIVIDED,STRAIGHT AND LEVEL,DRY,NO DEFECTS,Y,NOT APPLICABLE,NOT APPLICABLE,,NO INDICATION OF INJURY,15,5,41.9614074053,-87.6745554522,2023,30,POINT (-87.6745554522 41.9614074053),,,,,2023-05-06,False,3,Lincoln Square
8668,30,TRAFFIC SIGNAL,FUNCTIONING PROPERLY,CLEAR,DAYLIGHT,PEDALCYCLIST,FOUR WAY,STRAIGHT AND LEVEL,DRY,NO DEFECTS,Y,FAILING TO YIELD RIGHT-OF-WAY,HAD BEEN DRINKING (USE WHEN ARREST IS NOT MADE),,NONINCAPACITATING INJURY,17,5,41.9392919431,-87.6983967504,2023,30,POINT (-87.6983967504 41.9392919431),,,,,2023-05-06,False,15,Irving Park
8669,30,STOP SIGN/FLASHER,FUNCTIONING PROPERLY,CLEAR,DARKNESS,PEDALCYCLIST,NOT DIVIDED,STRAIGHT AND LEVEL,DRY,NO DEFECTS,,DISREGARDING STOP SIGN,NOT APPLICABLE,,NONINCAPACITATING INJURY,20,5,41.9451155286,-87.6662410692,2023,30,POINT (-87.6662410692 41.9451155286),,,,,2023-05-06,False,5,Lake View
8670,35,NO CONTROLS,NO CONTROLS,RAIN,"DARKNESS, LIGHTED ROAD",PEDALCYCLIST,NOT DIVIDED,STRAIGHT AND LEVEL,WET,NO DEFECTS,,WEATHER,UNABLE TO DETERMINE,,NONINCAPACITATING INJURY,21,5,41.8087802473,-87.6599568571,2023,35,POINT (-87.6599568571 41.8087802473),,,,,2023-05-06,False,60,New City
8671,30,TRAFFIC SIGNAL,FUNCTIONING PROPERLY,CLEAR,DARKNESS,PEDALCYCLIST,DIVIDED - W/MEDIAN (NOT RAISED),STRAIGHT AND LEVEL,WET,NO DEFECTS,,UNABLE TO DETERMINE,NOT APPLICABLE,N,NONINCAPACITATING INJURY,1,5,41.8993269856,-87.696938725,2023,30,POINT (-87.696938725 41.8993269856),,,,,2023-05-07,False,22,Humboldt Park
8672,30,NO CONTROLS,NO CONTROLS,CLEAR,DAYLIGHT,PEDALCYCLIST,DIVIDED - W/MEDIAN (NOT RAISED),STRAIGHT AND LEVEL,DRY,UNKNOWN,,FAILING TO YIELD RIGHT-OF-WAY,NOT APPLICABLE,,NONINCAPACITATING INJURY,11,5,41.9086112258,-87.6749320525,2023,30,POINT (-87.6749320525 41.9086112258),,,,,2023-05-07,False,23,West Town
8673,30,NO CONTROLS,NO CONTROLS,CLEAR,DAYLIGHT,PEDALCYCLIST,DIVIDED - W/MEDIAN (NOT RAISED),STRAIGHT AND LEVEL,DRY,UNKNOWN,,UNABLE TO DETERMINE,UNABLE TO DETERMINE,Y,"REPORTED, NOT EVIDENT",14,5,41.9361254297,-87.7192061622,2023,30,POINT (-87.7192061622 41.9361254297),,,,,2023-05-07,False,20,Avondale
8674,30,TRAFFIC SIGNAL,FUNCTIONING PROPERLY,CLEAR,"DARKNESS, LIGHTED ROAD",PEDALCYCLIST,NOT DIVIDED,STRAIGHT AND LEVEL,DRY,NO DEFECTS,Y,NOT APPLICABLE,NOT APPLICABLE,,NONINCAPACITATING INJURY,3,5,41.8501660529,-87.6857333914,2023,30,POINT (-87.6857333914 41.8501660529),,,,,2023-05-08,False,30,Lower West Side
8675,25,TRAFFIC SIGNAL,FUNCTIONING PROPERLY,CLOUDY/OVERCAST,DAYLIGHT,PEDALCYCLIST,NOT DIVIDED,STRAIGHT AND LEVEL,DRY,UNKNOWN,Y,UNABLE TO DETERMINE,UNABLE TO DETERMINE,,"REPORTED, NOT EVIDENT",9,5,42.0079468459,-87.6701461746,2023,25,POINT (-87.6701461746 42.0079468459),,,,,2023-05-08,False,0,Rogers Park
8676,30,NO CONTROLS,FUNCTIONING PROPERLY,CLEAR,DAYLIGHT,PEDALCYCLIST,DIVIDED - W/MEDIAN (NOT RAISED),STRAIGHT AND LEVEL,DRY,NO DEFECTS,,FAILING TO YIELD RIGHT-OF-WAY,NOT APPLICABLE,,NONINCAPACITATING INJURY,6,5,41.9012419136,-87.6243596199,2023,30,POINT (-87.6243596199 41.9012419136),,,,,2023-05-09,False,7,Near North Side
8677,35,NO CONTROLS,NO CONTROLS,CLEAR,DAYLIGHT,PEDALCYCLIST,NOT DIVIDED,STRAIGHT AND LEVEL,DRY,NO DEFECTS,,UNABLE TO DETERMINE,UNABLE TO DETERMINE,,NONINCAPACITATING INJURY,7,5,41.9107854964,-87.6348462519,2023,35,POINT (-87.6348462519 41.9107854964),,,,,2023-05-09,False,6,Lincoln Park
8678,30,NO CONTROLS,NO CONTROLS,CLEAR,DAYLIGHT,PEDALCYCLIST,DRIVEWAY,STRAIGHT AND LEVEL,DRY,NO DEFECTS,,FAILING TO YIELD RIGHT-OF-WAY,FAILING TO YIELD RIGHT-OF-WAY,,"REPORTED, NOT EVIDENT",9,5,41.9533009776,-87.7277549312,2023,30,POINT (-87.7277549312 41.9533009776),,,,,2023-05-09,False,15,Irving Park
8679,30,NO CONTROLS,NO CONTROLS,CLEAR,DAYLIGHT,PEDALCYCLIST,DRIVEWAY,STRAIGHT AND LEVEL,DRY,NO DEFECTS,,"OPERATING VEHICLE IN ERRATIC, RECKLESS, CARELESS, NEGLIGENT OR AGGRESSIVE MANNER",IMPROPER LANE USAGE,,NO INDICATION OF INJURY,9,5,41.9465528262,-87.7005357656,2023,30,POINT (-87.7005357656 41.9465528262),,,,,2023-05-09,False,15,Irving Park
8680,30,NO CONTROLS,NO CONTROLS,CLEAR,DAYLIGHT,PEDALCYCLIST,ONE-WAY,STRAIGHT AND LEVEL,DRY,NO DEFECTS,,UNABLE TO DETERMINE,NOT APPLICABLE,,NONINCAPACITATING INJURY,11,5,41.7479312673,-87.6227690987,2023,30,POINT (-87.6227690987 41.7479312673),,,,,2023-05-09,False,43,Chatham
8681,30,UNKNOWN,NO CONTROLS,CLEAR,DAYLIGHT,PEDALCYCLIST,NOT DIVIDED,STRAIGHT AND LEVEL,DRY,NO DEFECTS,,IMPROPER LANE USAGE,NOT APPLICABLE,,NONINCAPACITATING INJURY,13,5,41.9531720543,-87.6495216441,2023,30,POINT (-87.6495216441 41.9531720543),,,,,2023-05-09,False,5,Lake View
8682,30,NO CONTROLS,NO CONTROLS,CLEAR,DAYLIGHT,PEDALCYCLIST,NOT DIVIDED,STRAIGHT AND LEVEL,DRY,UNKNOWN,,FAILING TO YIELD RIGHT-OF-WAY,"VISION OBSCURED (SIGNS, TREE LIMBS, BUILDINGS, ETC.)",,NONINCAPACITATING INJURY,16,5,41.9386034377,-87.6497530745,2023,30,POINT (-87.6497530745 41.9386034377),,,,,2023-05-09,False,5,Lake View
8683,10,NO CONTROLS,NO CONTROLS,CLEAR,DAWN,PEDALCYCLIST,ALLEY,STRAIGHT AND LEVEL,DRY,NO DEFECTS,,DRIVING SKILLS/KNOWLEDGE/EXPERIENCE,NOT APPLICABLE,Y,NONINCAPACITATING INJURY,20,5,41.7514286091,-87.5830369308,2023,10,POINT (-87.5830369308 41.7514286091),,,,,2023-05-09,False,44,Avalon Park
8684,30,TRAFFIC SIGNAL,FUNCTIONING PROPERLY,CLEAR,DAYLIGHT,PEDALCYCLIST,FOUR WAY,STRAIGHT AND LEVEL,DRY,NO DEFECTS,Y,FAILING TO YIELD RIGHT-OF-WAY,NOT APPLICABLE,,NO INDICATION OF INJURY,7,5,41.889980026,-87.6371313237,2023,30,POINT (-87.6371313237 41.889980026),,,,,2023-05-10,False,7,Near North Side
8685,30,STOP SIGN/FLASHER,FUNCTIONING PROPERLY,CLEAR,DAYLIGHT,PEDALCYCLIST,T-INTERSECTION,STRAIGHT AND LEVEL,DRY,NO DEFECTS,,FOLLOWING TOO CLOSELY,FOLLOWING TOO CLOSELY,,NO INDICATION OF INJURY,13,5,41.8725551777,-87.7252537934,2023,30,POINT (-87.7252537934 41.8725551777),,,,,2023-05-10,False,25,Garfield Park
8686,30,TRAFFIC SIGNAL,FUNCTIONING PROPERLY,CLEAR,DAYLIGHT,PEDALCYCLIST,NOT DIVIDED,STRAIGHT AND LEVEL,DRY,NO DEFECTS,,FAILING TO YIELD RIGHT-OF-WAY,NOT APPLICABLE,,NO INDICATION OF INJURY,14,5,41.9398074224,-87.6639693978,2023,30,POINT (-87.6639693978 41.9398074224),,,,,2023-05-10,False,5,Lake View
8687,30,TRAFFIC SIGNAL,FUNCTIONING PROPERLY,CLEAR,DAYLIGHT,PEDALCYCLIST,NOT DIVIDED,STRAIGHT AND LEVEL,DRY,NO DEFECTS,Y,FAILING TO YIELD RIGHT-OF-WAY,UNABLE TO DETERMINE,,NONINCAPACITATING INJURY,14,5,41.9398726156,-87.6639452444,2023,30,POINT (-87.6639452444 41.9398726156),,,,,2023-05-10,False,5,Lake View
8688,30,STOP SIGN/FLASHER,NO CONTROLS,CLEAR,DUSK,PEDALCYCLIST,FOUR WAY,STRAIGHT AND LEVEL,DRY,NO DEFECTS,Y,FAILING TO YIELD RIGHT-OF-WAY,NOT APPLICABLE,,NONINCAPACITATING INJURY,19,5,42.0113773265,-87.6951765325,2023,30,POINT (-87.6951765325 42.0113773265),,,,,2023-05-10,False,1,West Ridge
8689,35,NO CONTROLS,NO CONTROLS,CLEAR,DAYLIGHT,PEDALCYCLIST,NOT DIVIDED,STRAIGHT AND LEVEL,DRY,NO DEFECTS,,NOT APPLICABLE,NOT APPLICABLE,,NO INDICATION OF INJURY,8,5,41.9979313434,-87.6998037288,2023,35,POINT (-87.6998037288 41.9979313434),,,,,2023-05-11,False,1,West Ridge
8690,30,NO CONTROLS,NO CONTROLS,CLEAR,DAYLIGHT,PEDALCYCLIST,T-INTERSECTION,STRAIGHT AND LEVEL,DRY,NO DEFECTS,Y,UNABLE TO DETERMINE,NOT APPLICABLE,,NONINCAPACITATING INJURY,10,5,41.9147752832,-87.6346752945,2023,30,POINT (-87.6346752945 41.9147752832),,,,,2023-05-11,False,6,Lincoln Park
8691,30,NO CONTROLS,NO CONTROLS,CLEAR,DAYLIGHT,PEDALCYCLIST,DIVIDED - W/MEDIAN (NOT RAISED),STRAIGHT AND LEVEL,DRY,NO DEFECTS,,UNABLE TO DETERMINE,NOT APPLICABLE,,INCAPACITATING INJURY,12,5,41.9087497889,-87.7117228554,2023,30,POINT (-87.7117228554 41.9087497889),,,,,2023-05-11,True,22,Humboldt Park
8692,25,STOP SIGN/FLASHER,FUNCTIONING PROPERLY,CLEAR,DAYLIGHT,PEDALCYCLIST,T-INTERSECTION,STRAIGHT AND LEVEL,DRY,NO DEFECTS,,DRIVING SKILLS/KNOWLEDGE/EXPERIENCE,UNABLE TO DETERMINE,,NONINCAPACITATING INJURY,13,5,41.9657632802,-87.6473750248,2023,25,POINT (-87.6473750248 41.9657632802),,,,,2023-05-11,False,2,Uptown
8693,30,NO CONTROLS,NO CONTROLS,CLEAR,DAYLIGHT,PEDALCYCLIST,ONE-WAY,STRAIGHT AND LEVEL,DRY,NO DEFECTS,,DISTRACTION - FROM INSIDE VEHICLE,NOT APPLICABLE,Y,NO INDICATION OF INJURY,17,5,41.8157147494,-87.6231545397,2023,30,POINT (-87.6231545397 41.8157147494),,,,,2023-05-11,False,37,Grand Boulevard
8694,30,TRAFFIC SIGNAL,FUNCTIONING PROPERLY,CLEAR,DAYLIGHT,PEDALCYCLIST,DIVIDED - W/MEDIAN (NOT RAISED),STRAIGHT AND LEVEL,DRY,NO DEFECTS,Y,NOT APPLICABLE,NOT APPLICABLE,,NONINCAPACITATING INJURY,18,5,41.9318018933,-87.7171315161,2023,30,POINT (-87.7171315161 41.9318018933),,,,,2023-05-11,False,20,Avondale
8695,30,NO CONTROLS,NO CONTROLS,CLEAR,"DARKNESS, LIGHTED ROAD",PEDALCYCLIST,NOT DIVIDED,STRAIGHT AND LEVEL,DRY,NO DEFECTS,,UNABLE TO DETERMINE,NOT APPLICABLE,,NONINCAPACITATING INJURY,20,5,41.9070494717,-87.6597649708,2023,30,POINT (-87.6597649708 41.9070494717),,,,,2023-05-11,False,23,West Town
8696,35,TRAFFIC SIGNAL,FUNCTIONING PROPERLY,CLEAR,DAYLIGHT,PEDALCYCLIST,FOUR WAY,STRAIGHT AND LEVEL,DRY,NO DEFECTS,,FAILING TO YIELD RIGHT-OF-WAY,UNABLE TO DETERMINE,,"REPORTED, NOT EVIDENT",5,5,42.0194389987,-87.6903220221,2023,35,POINT (-87.6903220221 42.0194389987),,,,,2023-05-12,False,1,West Ridge
8697,30,NO CONTROLS,NO CONTROLS,CLEAR,DAYLIGHT,PEDALCYCLIST,NOT DIVIDED,STRAIGHT AND LEVEL,DRY,UNKNOWN,,UNABLE TO DETERMINE,NOT APPLICABLE,Y,NONINCAPACITATING INJURY,7,5,41.9367742969,-87.6644012488,2023,30,POINT (-87.6644012488 41.9367742969),,,,,2023-05-12,False,5,Lake View
8698,30,TRAFFIC SIGNAL,FUNCTIONING PROPERLY,RAIN,DAYLIGHT,PEDALCYCLIST,FOUR WAY,STRAIGHT AND LEVEL,WET,NO DEFECTS,Y,FAILING TO YIELD RIGHT-OF-WAY,UNABLE TO DETERMINE,,NO INDICATION OF INJURY,13,5,41.8853485588,-87.6671144038,2023,30,POINT (-87.6671144038 41.8853485588),,,,,2023-05-12,False,27,Near West Side
8699,30,NO CONTROLS,NO CONTROLS,CLEAR,DAYLIGHT,PEDALCYCLIST,NOT DIVIDED,STRAIGHT AND LEVEL,WET,NO DEFECTS,,UNABLE TO DETERMINE,FAILING TO YIELD RIGHT-OF-WAY,Y,NONINCAPACITATING INJURY,14,5,41.9068856121,-87.6722281237,2023,30,POINT (-87.6722281237 41.9068856121),,,,,2023-05-12,False,23,West Town
8700,30,STOP SIGN/FLASHER,NO CONTROLS,UNKNOWN,UNKNOWN,PEDALCYCLIST,DIVIDED - W/MEDIAN (NOT RAISED),STRAIGHT AND LEVEL,UNKNOWN,NO DEFECTS,,UNABLE TO DETERMINE,NOT APPLICABLE,,NO INDICATION OF INJURY,18,5,41.9397453926,-87.6578948688,2023,30,POINT (-87.6578948688 41.9397453926),,,,,2023-05-12,False,5,Lake View
8701,30,NO CONTROLS,FUNCTIONING PROPERLY,CLEAR,DAYLIGHT,PEDALCYCLIST,DIVIDED - W/MEDIAN (NOT RAISED),STRAIGHT AND LEVEL,DRY,NO DEFECTS,,IMPROPER OVERTAKING/PASSING,NOT APPLICABLE,,"REPORTED, NOT EVIDENT",11,5,41.9182926221,-87.6777867964,2023,30,POINT (-87.6777867964 41.9182926221),,,,,2023-05-13,False,6,Lincoln Park
8702,10,NO CONTROLS,NO CONTROLS,CLEAR,DAYLIGHT,PEDALCYCLIST,DRIVEWAY,STRAIGHT AND LEVEL,DRY,NO DEFECTS,,UNABLE TO DETERMINE,UNABLE TO DETERMINE,,NONINCAPACITATING INJURY,12,5,41.9037973735,-87.6449704613,2023,10,POINT (-87.6449704613 41.9037973735),,,,,2023-05-13,False,7,Near North Side
8703,30,UNKNOWN,UNKNOWN,CLEAR,DAYLIGHT,PEDALCYCLIST,ONE-WAY,STRAIGHT AND LEVEL,UNKNOWN,UNKNOWN,Y,NOT APPLICABLE,UNABLE TO DETERMINE,Y,NONINCAPACITATING INJURY,15,5,41.7509313668,-87.7391307943,2023,30,POINT (-87.7391307943 41.7509313668),,,,,2023-05-14,False,69,Ashburn
8704,30,STOP SIGN/FLASHER,NO CONTROLS,CLEAR,"DARKNESS, LIGHTED ROAD",PEDALCYCLIST,NOT DIVIDED,STRAIGHT AND LEVEL,WET,NO DEFECTS,Y,FAILING TO YIELD RIGHT-OF-WAY,UNABLE TO DETERMINE,,NONINCAPACITATING INJURY,19,5,42.0054900655,-87.6660328265,2023,30,POINT (-87.6660328265 42.0054900655),,,,,2023-05-14,False,0,Rogers Park
8705,25,NO CONTROLS,NO CONTROLS,CLEAR,DAYLIGHT,PEDALCYCLIST,DIVIDED - W/MEDIAN (NOT RAISED),STRAIGHT AND LEVEL,DRY,NO DEFECTS,,IMPROPER OVERTAKING/PASSING,UNABLE TO DETERMINE,,NONINCAPACITATING INJURY,9,5,42.0140091659,-87.67925721,2023,25,POINT (-87.67925721 42.0140091659),,,,,2023-05-15,False,0,Rogers Park
8706,30,TRAFFIC SIGNAL,FUNCTIONING PROPERLY,CLEAR,DAYLIGHT,PEDALCYCLIST,"FIVE POINT, OR MORE",STRAIGHT AND LEVEL,DRY,NO DEFECTS,Y,UNABLE TO DETERMINE,UNABLE TO DETERMINE,,"REPORTED, NOT EVIDENT",10,5,41.8384753036,-87.6218631054,2023,30,POINT (-87.6218631054 41.8384753036),,,,,2023-05-15,False,34,Douglas
8707,30,NO CONTROLS,NO CONTROLS,CLEAR,"DARKNESS, LIGHTED ROAD",PEDALCYCLIST,NOT DIVIDED,STRAIGHT AND LEVEL,DRY,NO DEFECTS,,UNABLE TO DETERMINE,NOT APPLICABLE,,NONINCAPACITATING INJURY,20,5,41.7924057162,-87.6743978978,2023,30,POINT (-87.6743978978 41.7924057162),,,,,2023-05-15,False,66,Englewood
8708,30,TRAFFIC SIGNAL,FUNCTIONING PROPERLY,CLEAR,DAYLIGHT,PEDALCYCLIST,FOUR WAY,STRAIGHT AND LEVEL,DRY,NO DEFECTS,Y,UNABLE TO DETERMINE,UNABLE TO DETERMINE,,NONINCAPACITATING INJURY,7,5,41.9855760454,-87.6601764914,2023,30,POINT (-87.6601764914 41.9855760454),,,,,2023-05-16,False,76,Edgewater
8709,30,NO CONTROLS,NO CONTROLS,CLEAR,DAYLIGHT,PEDALCYCLIST,NOT DIVIDED,STRAIGHT AND LEVEL,DRY,NO DEFECTS,,UNABLE TO DETERMINE,UNABLE TO DETERMINE,,NONINCAPACITATING INJURY,8,5,41.8520135396,-87.7051152944,2023,30,POINT (-87.7051152944 41.8520135396),,,,,2023-05-16,False,28,North Lawndale
8710,30,STOP SIGN/FLASHER,FUNCTIONING PROPERLY,CLEAR,DAYLIGHT,PEDALCYCLIST,NOT DIVIDED,STRAIGHT AND LEVEL,DRY,NO DEFECTS,Y,DISREGARDING STOP SIGN,FAILING TO YIELD RIGHT-OF-WAY,,NONINCAPACITATING INJURY,9,5,41.8920858074,-87.6491792156,2023,30,POINT (-87.6491792156 41.8920858074),,,,,2023-05-16,False,7,Near North Side
8711,35,NO CONTROLS,NO CONTROLS,CLEAR,DAYLIGHT,PEDALCYCLIST,PARKING LOT,STRAIGHT AND LEVEL,DRY,NO DEFECTS,,FAILING TO YIELD RIGHT-OF-WAY,NOT APPLICABLE,,"REPORTED, NOT EVIDENT",14,5,41.7596745819,-87.6444202389,2023,35,POINT (-87.6444202389 41.7596745819),,,,,2023-05-16,False,67,Englewood
8712,35,NO CONTROLS,NO CONTROLS,CLEAR,DAYLIGHT,PEDALCYCLIST,T-INTERSECTION,STRAIGHT AND LEVEL,DRY,NO DEFECTS,Y,UNABLE TO DETERMINE,NOT APPLICABLE,,"REPORTED, NOT EVIDENT",16,5,41.7803495859,-87.6018087829,2023,35,POINT (-87.6018087829 41.7803495859),,,,,2023-05-16,False,41,Woodlawn
8713,25,TRAFFIC SIGNAL,FUNCTIONING PROPERLY,CLEAR,DAYLIGHT,PEDALCYCLIST,FOUR WAY,STRAIGHT AND LEVEL,DRY,NO DEFECTS,N,UNABLE TO DETERMINE,NOT APPLICABLE,,NO INDICATION OF INJURY,17,5,41.9072585964,-87.6728131905,2023,25,POINT (-87.6728131905 41.9072585964),,,,,2023-05-16,False,23,West Town
8714,25,NO CONTROLS,NO CONTROLS,CLEAR,DARKNESS,PEDALCYCLIST,PARKING LOT,STRAIGHT AND LEVEL,DRY,UNKNOWN,,UNABLE TO DETERMINE,NOT APPLICABLE,,NONINCAPACITATING INJURY,22,5,41.8273395374,-87.6364750004,2023,25,POINT (-87.6364750004 41.8273395374),,,,,2023-05-16,False,33,Armour Square
8715,30,TRAFFIC SIGNAL,FUNCTIONING PROPERLY,CLEAR,DAYLIGHT,PEDALCYCLIST,FOUR WAY,STRAIGHT AND LEVEL,DRY,NO DEFECTS,Y,FAILING TO REDUCE SPEED TO AVOID CRASH,FAILING TO YIELD RIGHT-OF-WAY,,NONINCAPACITATING INJURY,8,5,41.8574637725,-87.644758793,2023,30,POINT (-87.644758793 41.8574637725),,,,,2023-05-17,False,30,Lower West Side
8716,30,NO CONTROLS,NO CONTROLS,CLEAR,DAYLIGHT,PEDALCYCLIST,DIVIDED - W/MEDIAN (NOT RAISED),STRAIGHT AND LEVEL,DRY,NO DEFECTS,,UNABLE TO DETERMINE,UNABLE TO DETERMINE,,"REPORTED, NOT EVIDENT",8,5,41.9562503996,-87.6635729203,2023,30,POINT (-87.6635729203 41.9562503996),,,,,2023-05-17,False,2,Uptown
8717,35,TRAFFIC SIGNAL,NO CONTROLS,CLEAR,DAYLIGHT,PEDALCYCLIST,NOT DIVIDED,STRAIGHT AND LEVEL,DRY,NO DEFECTS,Y,FAILING TO YIELD RIGHT-OF-WAY,FAILING TO YIELD RIGHT-OF-WAY,,NONINCAPACITATING INJURY,10,5,41.8916138669,-87.6397539462,2023,35,POINT (-87.6397539462 41.8916138669),,,,,2023-05-17,False,7,Near North Side
8718,30,STOP SIGN/FLASHER,FUNCTIONING PROPERLY,CLEAR,DAYLIGHT,PEDALCYCLIST,FOUR WAY,STRAIGHT AND LEVEL,DRY,NO DEFECTS,Y,"VISION OBSCURED (SIGNS, TREE LIMBS, BUILDINGS, ETC.)",UNABLE TO DETERMINE,,NONINCAPACITATING INJURY,14,5,41.9470755739,-87.7472623161,2023,30,POINT (-87.7472623161 41.9470755739),,,,,2023-05-17,False,14,Portage Park
8719,30,NO CONTROLS,NO CONTROLS,CLEAR,DAYLIGHT,PEDALCYCLIST,NOT DIVIDED,STRAIGHT AND LEVEL,DRY,NO DEFECTS,,IMPROPER TURNING/NO SIGNAL,UNABLE TO DETERMINE,,NO INDICATION OF INJURY,15,5,41.8231525443,-87.6805621474,2023,30,POINT (-87.6805621474 41.8231525443),,,,,2023-05-17,False,58,Mckinley Park
8720,30,TRAFFIC SIGNAL,FUNCTIONING PROPERLY,CLEAR,"DARKNESS, LIGHTED ROAD",PEDALCYCLIST,FOUR WAY,STRAIGHT AND LEVEL,DRY,NO DEFECTS,Y,FAILING TO YIELD RIGHT-OF-WAY,HAD BEEN DRINKING (USE WHEN ARREST IS NOT MADE),,NONINCAPACITATING INJURY,21,5,41.9614263368,-87.6840213973,2023,30,POINT (-87.6840213973 41.9614263368),,,,,2023-05-17,False,3,Lincoln Square
8721,30,NO CONTROLS,NO CONTROLS,CLEAR,"DARKNESS, LIGHTED ROAD",PEDALCYCLIST,NOT DIVIDED,STRAIGHT AND LEVEL,DRY,NO DEFECTS,,NOT APPLICABLE,NOT APPLICABLE,,"REPORTED, NOT EVIDENT",1,5,41.7653136517,-87.6443543102,2023,30,POINT (-87.6443543102 41.7653136517),,,,,2023-05-18,False,67,Englewood
8722,30,UNKNOWN,UNKNOWN,CLEAR,DAYLIGHT,PEDALCYCLIST,ONE-WAY,STRAIGHT AND LEVEL,DRY,UNKNOWN,,UNABLE TO DETERMINE,UNABLE TO DETERMINE,,NONINCAPACITATING INJURY,7,5,41.9606327223,-87.7007469543,2023,30,POINT (-87.7007469543 41.9606327223),,,,,2023-05-18,False,15,Irving Park