Unnamed: 0,POSTED_SPEED_LIMIT,TRAFFIC_CONTROL_DEVICE,DEVICE_CONDITION,WEATHER_CONDITION,LIGHTING_CONDITION,FIRST_CRASH_TYPE,TRAFFICWAY_TYPE,ALIGNMENT,ROADWAY_SURFACE_COND,ROAD_DEFECT,INTERSECTION_RELATED_I,PRIM_CONTRIBUTORY_CAUSE,SEC_CONTRIBUTORY_CAUSE,DOORING_I,MOST_SEVERE_INJURY,CRASH_HOUR,CRASH_MONTH,LATITUDE,LONGITUDE,CRASH_YEAR,SPEED_LIMIT,geometry,DISPLAYROU,the_geom,DIST,LANE_TYPE,CRASH_DATE,is_severe,index_right,CArea
8723,25,STOP SIGN/FLASHER,FUNCTIONING PROPERLY,CLEAR,DAYLIGHT,PEDALCYCLIST,FOUR WAY,STRAIGHT AND LEVEL,DRY,NO DEFECTS,,UNABLE TO DETERMINE,NOT APPLICABLE,,NONINCAPACITATING INJURY,13,5,41.7867939829,-87.7914332964,2023,25,POINT (-87.7914332964 41.7867939829),,,,,2023-05-18,False,55,Garfield Ridge
8724,30,STOP SIGN/FLASHER,NO CONTROLS,CLEAR,DAYLIGHT,PEDALCYCLIST,UNKNOWN INTERSECTION TYPE,STRAIGHT AND LEVEL,DRY,NO DEFECTS,,UNABLE TO DETERMINE,NOT APPLICABLE,,NO INDICATION OF INJURY,14,5,41.9160751656,-87.6752981879,2023,30,POINT (-87.6752981879 41.9160751656),,,,,2023-05-18,False,6,Lincoln Park
8725,30,STOP SIGN/FLASHER,FUNCTIONING PROPERLY,CLEAR,DAYLIGHT,PEDALCYCLIST,FOUR WAY,STRAIGHT AND LEVEL,DRY,NO DEFECTS,Y,NOT APPLICABLE,NOT APPLICABLE,,NO INDICATION OF INJURY,16,5,41.9280569017,-87.7252761676,2023,30,POINT (-87.7252761676 41.9280569017),,,,,2023-05-18,False,19,Hermosa
8726,35,NO CONTROLS,NO CONTROLS,CLEAR,DAYLIGHT,PEDALCYCLIST,DIVIDED - W/MEDIAN BARRIER,STRAIGHT AND LEVEL,DRY,NO DEFECTS,Y,FAILING TO YIELD RIGHT-OF-WAY,FAILING TO REDUCE SPEED TO AVOID CRASH,,INCAPACITATING INJURY,16,5,41.9043561109,-87.6401709766,2023,35,POINT (-87.6401709766 41.9043561109),,,,,2023-05-18,True,7,Near North Side
8727,30,NO CONTROLS,NO CONTROLS,CLEAR,DAYLIGHT,PEDALCYCLIST,NOT DIVIDED,STRAIGHT AND LEVEL,DRY,NO DEFECTS,,UNABLE TO DETERMINE,NOT APPLICABLE,,NO INDICATION OF INJURY,17,5,41.9181796131,-87.6558598375,2023,30,POINT (-87.6558598375 41.9181796131),,,,,2023-05-18,False,6,Lincoln Park
8728,30,UNKNOWN,UNKNOWN,CLEAR,DARKNESS,PEDALCYCLIST,DIVIDED - W/MEDIAN BARRIER,STRAIGHT AND LEVEL,DRY,UNKNOWN,,UNABLE TO DETERMINE,UNABLE TO DETERMINE,,INCAPACITATING INJURY,20,5,41.7214818109,-87.6335513825,2023,30,POINT (-87.6335513825 41.7214818109),,,,,2023-05-18,True,48,Roseland
8729,30,TRAFFIC SIGNAL,FUNCTIONING PROPERLY,CLEAR,"DARKNESS, LIGHTED ROAD",PEDALCYCLIST,FOUR WAY,STRAIGHT AND LEVEL,DRY,NO DEFECTS,,EQUIPMENT - VEHICLE CONDITION,FAILING TO REDUCE SPEED TO AVOID CRASH,,NONINCAPACITATING INJURY,21,5,41.9436734814,-87.6535125538,2023,30,POINT (-87.6535125538 41.9436734814),,,,,2023-05-18,False,5,Lake View
8730,35,TRAFFIC SIGNAL,FUNCTIONING PROPERLY,UNKNOWN,DAYLIGHT,PEDALCYCLIST,FOUR WAY,STRAIGHT AND LEVEL,UNKNOWN,UNKNOWN,,IMPROPER TURNING/NO SIGNAL,FAILING TO YIELD RIGHT-OF-WAY,,INCAPACITATING INJURY,9,5,42.019032314,-87.7085170022,2023,35,POINT (-87.7085170022 42.019032314),,,,,2023-05-19,True,1,West Ridge
8731,30,STOP SIGN/FLASHER,FUNCTIONING PROPERLY,CLEAR,DAYLIGHT,PEDALCYCLIST,T-INTERSECTION,STRAIGHT AND LEVEL,DRY,NO DEFECTS,,NOT APPLICABLE,NOT APPLICABLE,,NONINCAPACITATING INJURY,12,5,41.9686054743,-87.6963922915,2023,30,POINT (-87.6963922915 41.9686054743),,,,,2023-05-19,False,3,Lincoln Square
8732,30,UNKNOWN,UNKNOWN,CLEAR,DAYLIGHT,PEDALCYCLIST,NOT DIVIDED,STRAIGHT AND LEVEL,DRY,UNKNOWN,,UNABLE TO DETERMINE,NOT APPLICABLE,,INCAPACITATING INJURY,15,5,41.9433400555,-87.6446638704,2023,30,POINT (-87.6446638704 41.9433400555),,,,,2023-05-19,True,5,Lake View
8733,30,NO CONTROLS,NO CONTROLS,CLEAR,DAYLIGHT,PEDALCYCLIST,ONE-WAY,STRAIGHT AND LEVEL,DRY,NO DEFECTS,N,FAILING TO YIELD RIGHT-OF-WAY,FAILING TO YIELD RIGHT-OF-WAY,,NONINCAPACITATING INJURY,16,5,41.9416565996,-87.7317320335,2023,30,POINT (-87.7317320335 41.9416565996),,,,,2023-05-19,False,15,Irving Park
8734,30,NO CONTROLS,NO CONTROLS,CLEAR,DAYLIGHT,PEDALCYCLIST,OTHER,STRAIGHT AND LEVEL,DRY,NO DEFECTS,,UNABLE TO DETERMINE,UNABLE TO DETERMINE,Y,NONINCAPACITATING INJURY,17,5,41.9469025732,-87.8072093181,2023,30,POINT (-87.8072093181 41.9469025732),,,,,2023-05-19,False,16,Dunning
8735,30,NO CONTROLS,NO CONTROLS,CLEAR,DAYLIGHT,PEDALCYCLIST,NOT DIVIDED,STRAIGHT AND LEVEL,DRY,NO DEFECTS,,NOT APPLICABLE,NOT APPLICABLE,,NONINCAPACITATING INJURY,18,5,41.8934906417,-87.6509256458,2023,30,POINT (-87.6509256458 41.8934906417),,,,,2023-05-19,False,7,Near North Side
8736,30,TRAFFIC SIGNAL,FUNCTIONING PROPERLY,CLEAR,DAYLIGHT,PEDALCYCLIST,NOT DIVIDED,STRAIGHT AND LEVEL,DRY,NO DEFECTS,,FOLLOWING TOO CLOSELY,UNABLE TO DETERMINE,,NO INDICATION OF INJURY,18,5,41.9400923468,-87.6491477779,2023,30,POINT (-87.6491477779 41.9400923468),,,,,2023-05-19,False,5,Lake View
8737,30,STOP SIGN/FLASHER,FUNCTIONING PROPERLY,CLEAR,DAYLIGHT,PEDALCYCLIST,NOT DIVIDED,STRAIGHT AND LEVEL,DRY,NO DEFECTS,Y,UNABLE TO DETERMINE,NOT APPLICABLE,,"REPORTED, NOT EVIDENT",19,5,41.8081263306,-87.6977191871,2023,30,POINT (-87.6977191871 41.8081263306),,,,,2023-05-19,False,57,Brighton Park
8738,30,UNKNOWN,UNKNOWN,CLEAR,DAYLIGHT,PEDALCYCLIST,DIVIDED - W/MEDIAN (NOT RAISED),STRAIGHT AND LEVEL,UNKNOWN,UNKNOWN,,FAILING TO YIELD RIGHT-OF-WAY,FAILING TO YIELD RIGHT-OF-WAY,,NO INDICATION OF INJURY,11,5,41.9392978392,-87.6951563609,2023,30,POINT (-87.6951563609 41.9392978392),,,,,2023-05-20,False,4,North Center
8739,30,NO CONTROLS,NO CONTROLS,CLEAR,DAYLIGHT,PEDALCYCLIST,DIVIDED - W/MEDIAN (NOT RAISED),STRAIGHT AND LEVEL,DRY,NO DEFECTS,,UNABLE TO DETERMINE,UNABLE TO DETERMINE,,INCAPACITATING INJURY,14,5,41.9240012945,-87.69890951,2023,30,POINT (-87.69890951 41.9240012945),,,,,2023-05-20,True,21,Logan Square
8740,30,TRAFFIC SIGNAL,FUNCTIONING PROPERLY,CLEAR,"DARKNESS, LIGHTED ROAD",PEDALCYCLIST,DIVIDED - W/MEDIAN BARRIER,STRAIGHT AND LEVEL,DRY,NO DEFECTS,,FAILING TO YIELD RIGHT-OF-WAY,DISREGARDING TRAFFIC SIGNALS,,NONINCAPACITATING INJURY,20,5,41.8701072004,-87.7645714293,2023,30,POINT (-87.7645714293 41.8701072004),,,,,2023-05-20,False,24,Austin
8741,30,NO CONTROLS,NO CONTROLS,CLEAR,"DARKNESS, LIGHTED ROAD",PEDALCYCLIST,DIVIDED - W/MEDIAN (NOT RAISED),STRAIGHT AND LEVEL,DRY,UNKNOWN,,UNABLE TO DETERMINE,NOT APPLICABLE,,NONINCAPACITATING INJURY,20,5,41.9090376541,-87.6751459225,2023,30,POINT (-87.6751459225 41.9090376541),,,,,2023-05-20,False,23,West Town
8742,30,NO CONTROLS,NO CONTROLS,CLEAR,"DARKNESS, LIGHTED ROAD",PEDALCYCLIST,DIVIDED - W/MEDIAN BARRIER,STRAIGHT AND LEVEL,DRY,NO DEFECTS,,NOT APPLICABLE,NOT APPLICABLE,,NONINCAPACITATING INJURY,21,5,41.9688143696,-87.6826447841,2023,30,POINT (-87.6826447841 41.9688143696),,,,,2023-05-20,False,3,Lincoln Square
8743,30,NO CONTROLS,NO CONTROLS,CLEAR,"DARKNESS, LIGHTED ROAD",PEDALCYCLIST,NOT DIVIDED,STRAIGHT AND LEVEL,DRY,NO DEFECTS,,UNABLE TO DETERMINE,UNABLE TO DETERMINE,,NONINCAPACITATING INJURY,21,5,41.9077154154,-87.6735285681,2023,30,POINT (-87.6735285681 41.9077154154),,,,,2023-05-20,False,23,West Town
8744,30,TRAFFIC SIGNAL,FUNCTIONING PROPERLY,CLEAR,"DARKNESS, LIGHTED ROAD",PEDALCYCLIST,NOT DIVIDED,STRAIGHT AND LEVEL,DRY,UNKNOWN,Y,NOT APPLICABLE,NOT APPLICABLE,N,NONINCAPACITATING INJURY,22,5,41.6456674844,-87.5425098131,2023,30,POINT (-87.5425098131 41.6456674844),,,,,2023-05-20,False,54,Hegewisch
8745,30,STOP SIGN/FLASHER,FUNCTIONING PROPERLY,CLEAR,DAYLIGHT,PEDALCYCLIST,T-INTERSECTION,STRAIGHT AND LEVEL,DRY,NO DEFECTS,Y,FAILING TO YIELD RIGHT-OF-WAY,NOT APPLICABLE,,NONINCAPACITATING INJURY,9,5,41.6919118552,-87.5247165967,2023,30,POINT (-87.5247165967 41.6919118552),,,,,2023-05-21,False,51,East Side
8746,25,NO CONTROLS,NO CONTROLS,CLEAR,DUSK,PEDALCYCLIST,ONE-WAY,STRAIGHT AND LEVEL,UNKNOWN,UNKNOWN,,UNABLE TO DETERMINE,NOT APPLICABLE,,INCAPACITATING INJURY,18,5,41.9371293703,-87.7456914802,2023,25,POINT (-87.7456914802 41.9371293703),,,,,2023-05-21,True,18,Belmont Cragin
8747,25,TRAFFIC SIGNAL,FUNCTIONING PROPERLY,CLEAR,"DARKNESS, LIGHTED ROAD",PEDALCYCLIST,FOUR WAY,STRAIGHT AND LEVEL,DRY,UNKNOWN,Y,IMPROPER TURNING/NO SIGNAL,DISREGARDING TRAFFIC SIGNALS,,"REPORTED, NOT EVIDENT",21,5,41.9098864673,-87.7165303108,2023,25,POINT (-87.7165303108 41.9098864673),,,,,2023-05-21,False,22,Humboldt Park
8748,30,STOP SIGN/FLASHER,FUNCTIONING PROPERLY,CLEAR,DAYLIGHT,PEDALCYCLIST,NOT DIVIDED,STRAIGHT AND LEVEL,DRY,NO DEFECTS,N,NOT APPLICABLE,NOT APPLICABLE,,NONINCAPACITATING INJURY,8,5,41.9592767503,-87.7080389751,2023,30,POINT (-87.7080389751 41.9592767503),,,,,2023-05-22,False,15,Irving Park
8749,30,NO CONTROLS,NO CONTROLS,CLEAR,DAYLIGHT,PEDALCYCLIST,NOT DIVIDED,STRAIGHT AND LEVEL,DRY,NO DEFECTS,,UNABLE TO DETERMINE,UNABLE TO DETERMINE,,NONINCAPACITATING INJURY,13,5,41.9691980485,-87.6549784566,2023,30,POINT (-87.6549784566 41.9691980485),,,,,2023-05-22,False,2,Uptown
8750,30,STOP SIGN/FLASHER,FUNCTIONING PROPERLY,CLEAR,DAYLIGHT,PEDALCYCLIST,FOUR WAY,STRAIGHT AND LEVEL,DRY,NO DEFECTS,,DISREGARDING STOP SIGN,NOT APPLICABLE,Y,NONINCAPACITATING INJURY,14,5,41.7642839116,-87.5764066694,2023,30,POINT (-87.5764066694 41.7642839116),,,,,2023-05-22,False,42,South Shore
8751,20,NO CONTROLS,NO CONTROLS,CLEAR,DAYLIGHT,PEDALCYCLIST,NOT DIVIDED,STRAIGHT AND LEVEL,DRY,NO DEFECTS,,FAILING TO YIELD RIGHT-OF-WAY,UNABLE TO DETERMINE,Y,NO INDICATION OF INJURY,15,5,41.7064267396,-87.6731758875,2023,20,POINT (-87.6731758875 41.7064267396),,,,,2023-05-22,False,71,Beverly
8752,30,NO CONTROLS,NO CONTROLS,CLEAR,DAYLIGHT,PEDALCYCLIST,NOT DIVIDED,STRAIGHT AND LEVEL,DRY,NO DEFECTS,,FOLLOWING TOO CLOSELY,NOT APPLICABLE,,NONINCAPACITATING INJURY,18,5,41.9316414204,-87.7467199106,2023,30,POINT (-87.7467199106 41.9316414204),,,,,2023-05-22,False,18,Belmont Cragin
8753,25,UNKNOWN,UNKNOWN,CLEAR,"DARKNESS, LIGHTED ROAD",PEDALCYCLIST,NOT DIVIDED,STRAIGHT AND LEVEL,DRY,NO DEFECTS,,UNABLE TO DETERMINE,NOT APPLICABLE,,NONINCAPACITATING INJURY,23,5,42.0053627304,-87.6780446866,2023,25,POINT (-87.6780446866 42.0053627304),,,,,2023-05-22,False,0,Rogers Park
8754,30,NO CONTROLS,NO CONTROLS,CLEAR,DAYLIGHT,PEDALCYCLIST,DIVIDED - W/MEDIAN (NOT RAISED),STRAIGHT AND LEVEL,DRY,NO DEFECTS,Y,UNABLE TO DETERMINE,NOT APPLICABLE,,NO INDICATION OF INJURY,7,5,41.945255189,-87.6689638185,2023,30,POINT (-87.6689638185 41.945255189),,,,,2023-05-23,False,5,Lake View
8755,30,UNKNOWN,UNKNOWN,UNKNOWN,UNKNOWN,PEDALCYCLIST,UNKNOWN,STRAIGHT AND LEVEL,UNKNOWN,UNKNOWN,,UNABLE TO DETERMINE,NOT APPLICABLE,,NO INDICATION OF INJURY,8,5,41.6953181503,-87.5258630514,2023,30,POINT (-87.5258630514 41.6953181503),,,,,2023-05-23,False,51,East Side
8756,30,NO CONTROLS,NO CONTROLS,CLEAR,DAYLIGHT,PEDALCYCLIST,NOT DIVIDED,STRAIGHT AND LEVEL,DRY,NO DEFECTS,,UNABLE TO DETERMINE,UNABLE TO DETERMINE,Y,NONINCAPACITATING INJURY,9,5,41.9081693201,-87.6483480201,2023,30,POINT (-87.6483480201 41.9081693201),,,,,2023-05-23,False,7,Near North Side
8757,30,NO CONTROLS,NO CONTROLS,CLEAR,DAYLIGHT,PEDALCYCLIST,NOT DIVIDED,STRAIGHT AND LEVEL,DRY,NO DEFECTS,,FAILING TO YIELD RIGHT-OF-WAY,UNABLE TO DETERMINE,,NO INDICATION OF INJURY,11,5,41.8780644341,-87.6286959458,2023,30,POINT (-87.6286959458 41.8780644341),,,,,2023-05-23,False,31,Loop
8758,30,NO CONTROLS,NO CONTROLS,CLEAR,DAYLIGHT,PEDALCYCLIST,NOT DIVIDED,STRAIGHT AND LEVEL,DRY,NO DEFECTS,,NOT APPLICABLE,NOT APPLICABLE,,NO INDICATION OF INJURY,15,5,41.9107192433,-87.6678408072,2023,30,POINT (-87.6678408072 41.9107192433),,,,,2023-05-23,False,23,West Town
8759,30,NO CONTROLS,NO CONTROLS,CLEAR,DAYLIGHT,PEDALCYCLIST,CENTER TURN LANE,STRAIGHT AND LEVEL,DRY,NO DEFECTS,,UNABLE TO DETERMINE,UNABLE TO DETERMINE,,NONINCAPACITATING INJURY,16,5,41.9037004353,-87.6518969945,2023,30,POINT (-87.6518969945 41.9037004353),,,,,2023-05-23,False,7,Near North Side
8760,20,NO CONTROLS,NO CONTROLS,CLEAR,DAYLIGHT,PEDALCYCLIST,NOT DIVIDED,STRAIGHT AND LEVEL,DRY,NO DEFECTS,,UNABLE TO DETERMINE,UNABLE TO DETERMINE,Y,NONINCAPACITATING INJURY,17,5,41.9930609845,-87.7384427782,2023,20,POINT (-87.7384427782 41.9930609845),,,,,2023-05-23,False,11,Forest Glen
8761,30,NO CONTROLS,NO CONTROLS,CLEAR,DAYLIGHT,PEDALCYCLIST,DIVIDED - W/MEDIAN (NOT RAISED),STRAIGHT AND LEVEL,DRY,NO DEFECTS,,FAILING TO YIELD RIGHT-OF-WAY,UNABLE TO DETERMINE,,NO INDICATION OF INJURY,17,5,41.9298022097,-87.684141707,2023,30,POINT (-87.684141707 41.9298022097),,,,,2023-05-23,False,21,Logan Square
8762,30,NO CONTROLS,NO CONTROLS,CLEAR,DAYLIGHT,PEDALCYCLIST,NOT DIVIDED,STRAIGHT AND LEVEL,DRY,NO DEFECTS,,UNABLE TO DETERMINE,UNABLE TO DETERMINE,,INCAPACITATING INJURY,18,5,41.8318186027,-87.645984415,2023,30,POINT (-87.645984415 41.8318186027),,,,,2023-05-23,True,59,Bridgeport
8763,30,NO CONTROLS,NO CONTROLS,CLEAR,DUSK,PEDALCYCLIST,ONE-WAY,STRAIGHT AND LEVEL,DRY,NO DEFECTS,,FAILING TO YIELD RIGHT-OF-WAY,DRIVING SKILLS/KNOWLEDGE/EXPERIENCE,,NONINCAPACITATING INJURY,19,5,41.7930420278,-87.6997331391,2023,30,POINT (-87.6997331391 41.7930420278),,,,,2023-05-23,False,62,Gage Park
8764,30,NO CONTROLS,UNKNOWN,CLEAR,"DARKNESS, LIGHTED ROAD",PEDALCYCLIST,NOT DIVIDED,STRAIGHT AND LEVEL,UNKNOWN,UNKNOWN,,UNABLE TO DETERMINE,NOT APPLICABLE,,NONINCAPACITATING INJURY,22,5,41.9509011575,-87.6497718382,2023,30,POINT (-87.6497718382 41.9509011575),,,,,2023-05-23,False,5,Lake View
8765,30,NO CONTROLS,NO CONTROLS,CLEAR,DAYLIGHT,PEDALCYCLIST,NOT DIVIDED,STRAIGHT AND LEVEL,DRY,NO DEFECTS,,FAILING TO YIELD RIGHT-OF-WAY,DRIVING SKILLS/KNOWLEDGE/EXPERIENCE,Y,"REPORTED, NOT EVIDENT",9,5,41.8693936394,-87.6651523881,2023,30,POINT (-87.6651523881 41.8693936394),,,,,2023-05-24,False,27,Near West Side
8766,30,TRAFFIC SIGNAL,FUNCTIONING PROPERLY,CLEAR,DAYLIGHT,PEDALCYCLIST,FOUR WAY,STRAIGHT AND LEVEL,DRY,UNKNOWN,,FAILING TO YIELD RIGHT-OF-WAY,NOT APPLICABLE,,NO INDICATION OF INJURY,15,5,41.8857408067,-87.6205629422,2023,30,POINT (-87.6205629422 41.8857408067),,,,,2023-05-24,False,31,Loop
8767,30,NO CONTROLS,NO CONTROLS,CLEAR,DAYLIGHT,PEDALCYCLIST,DIVIDED - W/MEDIAN (NOT RAISED),STRAIGHT AND LEVEL,DRY,NO DEFECTS,N,FAILING TO YIELD RIGHT-OF-WAY,DRIVING ON WRONG SIDE/WRONG WAY,,NONINCAPACITATING INJURY,15,5,41.9684786702,-87.7027363327,2023,30,POINT (-87.7027363327 41.9684786702),,,,,2023-05-24,False,3,Lincoln Square
8768,30,NO CONTROLS,NO CONTROLS,CLEAR,DAYLIGHT,PEDALCYCLIST,NOT DIVIDED,STRAIGHT AND LEVEL,DRY,NO DEFECTS,,NOT APPLICABLE,NOT APPLICABLE,,NO INDICATION OF INJURY,15,5,41.7939666809,-87.8014433212,2023,30,POINT (-87.8014433212 41.7939666809),,,,,2023-05-24,False,55,Garfield Ridge
8769,35,TRAFFIC SIGNAL,UNKNOWN,CLEAR,DAYLIGHT,PEDALCYCLIST,FOUR WAY,STRAIGHT AND LEVEL,DRY,UNKNOWN,Y,DISREGARDING TRAFFIC SIGNALS,NOT APPLICABLE,,NONINCAPACITATING INJURY,17,5,41.8672886544,-87.6451393164,2023,35,POINT (-87.6451393164 41.8672886544),,,,,2023-05-24,False,27,Near West Side
8770,30,NO CONTROLS,NO CONTROLS,CLEAR,DAYLIGHT,PEDALCYCLIST,NOT DIVIDED,STRAIGHT AND LEVEL,DRY,NO DEFECTS,Y,NOT APPLICABLE,NOT APPLICABLE,,NONINCAPACITATING INJURY,18,5,41.9070229502,-87.6507939774,2023,30,POINT (-87.6507939774 41.9070229502),,,,,2023-05-24,False,7,Near North Side
8771,30,UNKNOWN,UNKNOWN,UNKNOWN,UNKNOWN,PEDALCYCLIST,NOT DIVIDED,STRAIGHT AND LEVEL,UNKNOWN,UNKNOWN,,NOT APPLICABLE,NOT APPLICABLE,,NO INDICATION OF INJURY,19,5,41.9495570608,-87.6494092962,2023,30,POINT (-87.6494092962 41.9495570608),,,,,2023-05-24,False,5,Lake View
8772,30,NO CONTROLS,OTHER,CLEAR,DAYLIGHT,PEDALCYCLIST,NOT DIVIDED,STRAIGHT AND LEVEL,DRY,NO DEFECTS,,UNABLE TO DETERMINE,UNABLE TO DETERMINE,,NONINCAPACITATING INJURY,19,5,41.9105832923,-87.677942724,2023,30,POINT (-87.677942724 41.9105832923),,,,,2023-05-24,False,23,West Town
8773,30,STOP SIGN/FLASHER,FUNCTIONING PROPERLY,CLOUDY/OVERCAST,DAYLIGHT,PEDALCYCLIST,NOT DIVIDED,STRAIGHT AND LEVEL,DRY,NO DEFECTS,Y,DRIVING SKILLS/KNOWLEDGE/EXPERIENCE,UNABLE TO DETERMINE,,NONINCAPACITATING INJURY,6,5,41.8421553628,-87.6566342432,2023,30,POINT (-87.6566342432 41.8421553628),,,,,2023-05-25,False,30,Lower West Side
8774,30,NO CONTROLS,NO CONTROLS,CLEAR,DAYLIGHT,PEDALCYCLIST,OTHER,STRAIGHT AND LEVEL,DRY,NO DEFECTS,,UNABLE TO DETERMINE,NOT APPLICABLE,,NO INDICATION OF INJURY,7,5,41.9432064733,-87.6882561075,2023,30,POINT (-87.6882561075 41.9432064733),,,,,2023-05-25,False,4,North Center
8775,30,NO CONTROLS,NO CONTROLS,CLEAR,DAYLIGHT,PEDALCYCLIST,NOT DIVIDED,STRAIGHT AND LEVEL,DRY,NO DEFECTS,,FAILING TO YIELD RIGHT-OF-WAY,NOT APPLICABLE,,"REPORTED, NOT EVIDENT",16,5,41.9034065738,-87.6705169548,2023,30,POINT (-87.6705169548 41.9034065738),,,,,2023-05-25,False,23,West Town
8776,30,NO CONTROLS,NO CONTROLS,CLEAR,DAYLIGHT,PEDALCYCLIST,NOT DIVIDED,STRAIGHT AND LEVEL,DRY,UNKNOWN,,"EVASIVE ACTION DUE TO ANIMAL, OBJECT, NONMOTORIST",NOT APPLICABLE,,NONINCAPACITATING INJURY,17,5,42.0125523055,-87.6995657026,2023,30,POINT (-87.6995657026 42.0125523055),,,,,2023-05-25,False,1,West Ridge
8777,30,TRAFFIC SIGNAL,FUNCTIONING PROPERLY,CLEAR,DAYLIGHT,PEDALCYCLIST,NOT DIVIDED,STRAIGHT AND LEVEL,DRY,NO DEFECTS,,FOLLOWING TOO CLOSELY,UNABLE TO DETERMINE,,INCAPACITATING INJURY,17,5,41.8671088962,-87.6422588014,2023,30,POINT (-87.6422588014 41.8671088962),,,,,2023-05-25,True,27,Near West Side
8778,30,NO CONTROLS,NO CONTROLS,CLEAR,DAYLIGHT,PEDALCYCLIST,NOT DIVIDED,STRAIGHT AND LEVEL,DRY,UNKNOWN,,DRIVING SKILLS/KNOWLEDGE/EXPERIENCE,NOT APPLICABLE,Y,NO INDICATION OF INJURY,18,5,41.9103963215,-87.649011267,2023,30,POINT (-87.649011267 41.9103963215),,,,,2023-05-25,False,7,Near North Side
8779,30,UNKNOWN,UNKNOWN,UNKNOWN,UNKNOWN,PEDALCYCLIST,FOUR WAY,STRAIGHT AND LEVEL,UNKNOWN,UNKNOWN,Y,NOT APPLICABLE,NOT APPLICABLE,,NO INDICATION OF INJURY,22,5,41.9401520755,-87.6445257003,2023,30,POINT (-87.6445257003 41.9401520755),,,,,2023-05-25,False,5,Lake View
8780,30,NO CONTROLS,NO CONTROLS,CLEAR,DAYLIGHT,PEDALCYCLIST,T-INTERSECTION,STRAIGHT AND LEVEL,DRY,NO DEFECTS,Y,FAILING TO YIELD RIGHT-OF-WAY,UNABLE TO DETERMINE,,INCAPACITATING INJURY,6,5,41.9034813673,-87.6651026857,2023,30,POINT (-87.6651026857 41.9034813673),,,,,2023-05-26,True,23,West Town
8781,30,NO CONTROLS,NO CONTROLS,CLEAR,DAYLIGHT,PEDALCYCLIST,ONE-WAY,STRAIGHT AND LEVEL,DRY,NO DEFECTS,,FAILING TO YIELD RIGHT-OF-WAY,FAILING TO REDUCE SPEED TO AVOID CRASH,,NONINCAPACITATING INJURY,8,5,41.7138346039,-87.6431350143,2023,30,POINT (-87.6431350143 41.7138346039),,,,,2023-05-26,False,72,Washington Heights
8782,30,NO CONTROLS,NO CONTROLS,CLEAR,DAYLIGHT,PEDALCYCLIST,NOT DIVIDED,STRAIGHT AND LEVEL,UNKNOWN,UNKNOWN,,FAILING TO YIELD RIGHT-OF-WAY,NOT APPLICABLE,Y,NONINCAPACITATING INJURY,16,5,41.9097081691,-87.6761936756,2023,30,POINT (-87.6761936756 41.9097081691),,,,,2023-05-26,False,23,West Town
8783,30,TRAFFIC SIGNAL,FUNCTIONING PROPERLY,CLEAR,DAYLIGHT,PEDALCYCLIST,DIVIDED - W/MEDIAN (NOT RAISED),STRAIGHT AND LEVEL,DRY,NO DEFECTS,Y,UNABLE TO DETERMINE,NOT APPLICABLE,,NONINCAPACITATING INJURY,17,5,41.8524380492,-87.6661522304,2023,30,POINT (-87.6661522304 41.8524380492),,,,,2023-05-26,False,30,Lower West Side
8784,30,NO CONTROLS,NO CONTROLS,CLEAR,DAYLIGHT,PEDALCYCLIST,NOT DIVIDED,STRAIGHT AND LEVEL,DRY,NO DEFECTS,,FAILING TO YIELD RIGHT-OF-WAY,NOT APPLICABLE,Y,NONINCAPACITATING INJURY,18,5,41.9312012202,-87.7170317702,2023,30,POINT (-87.7170317702 41.9312012202),,,,,2023-05-26,False,21,Logan Square
8785,30,NO CONTROLS,NO CONTROLS,CLEAR,DAYLIGHT,PEDALCYCLIST,FOUR WAY,STRAIGHT AND LEVEL,DRY,NO DEFECTS,,FAILING TO YIELD RIGHT-OF-WAY,NOT APPLICABLE,,NONINCAPACITATING INJURY,18,5,41.984988217,-87.7681529623,2023,30,POINT (-87.7681529623 41.984988217),,,,,2023-05-26,False,10,Jefferson Park
8786,30,STOP SIGN/FLASHER,FUNCTIONING PROPERLY,CLEAR,"DARKNESS, LIGHTED ROAD",PEDALCYCLIST,NOT DIVIDED,STRAIGHT AND LEVEL,DRY,NO DEFECTS,Y,UNABLE TO DETERMINE,UNABLE TO DETERMINE,,NO INDICATION OF INJURY,21,5,41.8994821199,-87.6746471944,2023,30,POINT (-87.6746471944 41.8994821199),,,,,2023-05-26,False,23,West Town
8787,10,UNKNOWN,UNKNOWN,CLEAR,DAYLIGHT,PEDALCYCLIST,ALLEY,STRAIGHT AND LEVEL,DRY,UNKNOWN,,UNABLE TO DETERMINE,UNABLE TO DETERMINE,,NO INDICATION OF INJURY,12,5,41.9471990296,-87.6627499172,2023,10,POINT (-87.6627499172 41.9471990296),,,,,2023-05-27,False,5,Lake View
8788,25,TRAFFIC SIGNAL,FUNCTIONING PROPERLY,CLEAR,DAYLIGHT,PEDALCYCLIST,"FIVE POINT, OR MORE",STRAIGHT AND LEVEL,DRY,NO DEFECTS,Y,FAILING TO YIELD RIGHT-OF-WAY,NOT APPLICABLE,,INCAPACITATING INJURY,13,5,41.8667550373,-87.6837146474,2023,25,POINT (-87.6837146474 41.8667550373),,,,,2023-05-27,True,27,Near West Side
8789,30,NO CONTROLS,NO CONTROLS,CLEAR,DAYLIGHT,PEDALCYCLIST,FOUR WAY,STRAIGHT AND LEVEL,DRY,NO DEFECTS,Y,UNABLE TO DETERMINE,UNABLE TO DETERMINE,,NONINCAPACITATING INJURY,14,5,41.9463614131,-87.7200440015,2023,30,POINT (-87.7200440015 41.9463614131),,,,,2023-05-27,False,15,Irving Park