Unnamed: 0,POSTED_SPEED_LIMIT,TRAFFIC_CONTROL_DEVICE,DEVICE_CONDITION,WEATHER_CONDITION,LIGHTING_CONDITION,FIRST_CRASH_TYPE,TRAFFICWAY_TYPE,ALIGNMENT,ROADWAY_SURFACE_COND,ROAD_DEFECT,INTERSECTION_RELATED_I,PRIM_CONTRIBUTORY_CAUSE,SEC_CONTRIBUTORY_CAUSE,DOORING_I,MOST_SEVERE_INJURY,CRASH_HOUR,CRASH_MONTH,LATITUDE,LONGITUDE,CRASH_YEAR,SPEED_LIMIT,geometry,DISPLAYROU,the_geom,DIST,LANE_TYPE,CRASH_DATE,is_severe,index_right,CArea
8854,30,NO CONTROLS,NO CONTROLS,CLEAR,DAYLIGHT,PEDALCYCLIST,DIVIDED - W/MEDIAN (NOT RAISED),STRAIGHT AND LEVEL,DRY,NO DEFECTS,,UNABLE TO DETERMINE,UNABLE TO DETERMINE,,"REPORTED, NOT EVIDENT",18,6,41.9315832222,-87.7344033708,2023,30,POINT (-87.7344033708 41.9315832222),,,,,2023-06-05,False,19,Hermosa
8855,30,BICYCLE CROSSING SIGN,FUNCTIONING PROPERLY,CLEAR,"DARKNESS, LIGHTED ROAD",PEDALCYCLIST,NOT DIVIDED,STRAIGHT AND LEVEL,UNKNOWN,UNKNOWN,Y,DISREGARDING OTHER TRAFFIC SIGNS,NOT APPLICABLE,,NO INDICATION OF INJURY,21,6,41.9611175054,-87.7229935764,2023,30,POINT (-87.7229935764 41.9611175054),,,,,2023-06-05,False,13,Albany Park
8856,30,TRAFFIC SIGNAL,FUNCTIONING PROPERLY,CLEAR,"DARKNESS, LIGHTED ROAD",PEDALCYCLIST,FOUR WAY,STRAIGHT AND LEVEL,DRY,NO DEFECTS,Y,DISREGARDING TRAFFIC SIGNALS,NOT APPLICABLE,,INCAPACITATING INJURY,23,6,41.9282219068,-87.727024943,2023,30,POINT (-87.727024943 41.9282219068),,,,,2023-06-05,True,19,Hermosa
8857,30,TRAFFIC SIGNAL,FUNCTIONING PROPERLY,CLEAR,"DARKNESS, LIGHTED ROAD",PEDALCYCLIST,FOUR WAY,STRAIGHT AND LEVEL,DRY,NO DEFECTS,Y,IMPROPER LANE USAGE,FAILING TO REDUCE SPEED TO AVOID CRASH,,NO INDICATION OF INJURY,0,6,41.921302559,-87.6776025633,2023,30,POINT (-87.6776025633 41.921302559),,,,,2023-06-06,False,6,Lincoln Park
8858,30,NO CONTROLS,NO CONTROLS,CLEAR,DAYLIGHT,PEDALCYCLIST,ALLEY,STRAIGHT AND LEVEL,DRY,NO DEFECTS,,UNABLE TO DETERMINE,UNABLE TO DETERMINE,,NONINCAPACITATING INJURY,6,6,41.9281578427,-87.7160808111,2023,30,POINT (-87.7160808111 41.9281578427),,,,,2023-06-06,False,21,Logan Square
8859,35,TRAFFIC SIGNAL,FUNCTIONING PROPERLY,CLEAR,DAYLIGHT,PEDALCYCLIST,NOT DIVIDED,STRAIGHT AND LEVEL,DRY,UNKNOWN,,UNABLE TO DETERMINE,UNABLE TO DETERMINE,,NONINCAPACITATING INJURY,7,6,41.9175817916,-87.6590228977,2023,35,POINT (-87.6590228977 41.9175817916),,,,,2023-06-06,False,6,Lincoln Park
8860,15,NO CONTROLS,NO CONTROLS,CLEAR,DAYLIGHT,PEDALCYCLIST,ALLEY,STRAIGHT AND LEVEL,DRY,NO DEFECTS,,"VISION OBSCURED (SIGNS, TREE LIMBS, BUILDINGS, ETC.)",NOT APPLICABLE,,NONINCAPACITATING INJURY,11,6,41.8338692517,-87.6789922414,2023,15,POINT (-87.6789922414 41.8338692517),,,,,2023-06-06,False,58,Mckinley Park
8861,35,TRAFFIC SIGNAL,FUNCTIONING PROPERLY,CLEAR,DAYLIGHT,PEDALCYCLIST,NOT DIVIDED,STRAIGHT AND LEVEL,DRY,NO DEFECTS,,FAILING TO YIELD RIGHT-OF-WAY,UNABLE TO DETERMINE,N,"REPORTED, NOT EVIDENT",16,6,41.6848710112,-87.6614553099,2023,35,POINT (-87.6614553099 41.6848710112),,,,,2023-06-06,False,52,West Pullman
8862,10,NO CONTROLS,NO CONTROLS,CLEAR,DAYLIGHT,PEDALCYCLIST,ALLEY,STRAIGHT AND LEVEL,UNKNOWN,UNKNOWN,,UNABLE TO DETERMINE,UNABLE TO DETERMINE,,NO INDICATION OF INJURY,16,6,41.9427613984,-87.6527756118,2023,10,POINT (-87.6527756118 41.9427613984),,,,,2023-06-06,False,5,Lake View
8863,30,NO CONTROLS,NO CONTROLS,CLEAR,DAYLIGHT,PEDALCYCLIST,DIVIDED - W/MEDIAN (NOT RAISED),STRAIGHT AND LEVEL,DRY,NO DEFECTS,,NOT APPLICABLE,NOT APPLICABLE,Y,NONINCAPACITATING INJURY,17,6,41.9211623645,-87.6425610317,2023,30,POINT (-87.6425610317 41.9211623645),,,,,2023-06-06,False,6,Lincoln Park
8864,30,UNKNOWN,UNKNOWN,UNKNOWN,UNKNOWN,PEDALCYCLIST,T-INTERSECTION,STRAIGHT AND LEVEL,UNKNOWN,UNKNOWN,Y,FAILING TO YIELD RIGHT-OF-WAY,UNABLE TO DETERMINE,,"REPORTED, NOT EVIDENT",17,6,41.8938344043,-87.6514628691,2023,30,POINT (-87.6514628691 41.8938344043),,,,,2023-06-06,False,7,Near North Side
8865,30,TRAFFIC SIGNAL,FUNCTIONING PROPERLY,CLEAR,DAYLIGHT,PEDALCYCLIST,DIVIDED - W/MEDIAN (NOT RAISED),STRAIGHT AND LEVEL,DRY,UNKNOWN,Y,UNABLE TO DETERMINE,NOT APPLICABLE,,"REPORTED, NOT EVIDENT",18,6,41.8956142622,-87.7116815084,2023,30,POINT (-87.7116815084 41.8956142622),,,,,2023-06-06,False,22,Humboldt Park
8866,30,NO CONTROLS,NO CONTROLS,CLEAR,DAYLIGHT,PEDALCYCLIST,ALLEY,STRAIGHT AND LEVEL,DRY,NO DEFECTS,Y,UNABLE TO DETERMINE,UNABLE TO DETERMINE,,NONINCAPACITATING INJURY,11,6,41.9345088845,-87.7542286576,2023,30,POINT (-87.7542286576 41.9345088845),,,,,2023-06-07,False,18,Belmont Cragin
8867,30,NO CONTROLS,NO CONTROLS,CLEAR,DAYLIGHT,PEDALCYCLIST,NOT DIVIDED,STRAIGHT AND LEVEL,DRY,NO DEFECTS,Y,UNABLE TO DETERMINE,NOT APPLICABLE,,NONINCAPACITATING INJURY,13,6,41.9956493291,-87.6755980161,2023,30,POINT (-87.6755980161 41.9956493291),,,,,2023-06-07,False,1,West Ridge
8868,30,TRAFFIC SIGNAL,FUNCTIONING PROPERLY,CLEAR,DAYLIGHT,PEDALCYCLIST,NOT DIVIDED,STRAIGHT AND LEVEL,DRY,NO DEFECTS,,IMPROPER OVERTAKING/PASSING,NOT APPLICABLE,,NO INDICATION OF INJURY,13,6,41.751227836,-87.6003967152,2023,30,POINT (-87.6003967152 41.751227836),,,,,2023-06-07,False,43,Chatham
8869,30,STOP SIGN/FLASHER,NO CONTROLS,CLEAR,DAYLIGHT,PEDALCYCLIST,NOT DIVIDED,STRAIGHT AND LEVEL,DRY,NO DEFECTS,Y,DISREGARDING STOP SIGN,FAILING TO YIELD RIGHT-OF-WAY,,NONINCAPACITATING INJURY,16,6,41.679830589,-87.6207140271,2023,30,POINT (-87.6207140271 41.679830589),,,,,2023-06-07,False,52,West Pullman
8870,30,NO CONTROLS,NO CONTROLS,CLEAR,DAYLIGHT,PEDALCYCLIST,NOT DIVIDED,STRAIGHT AND LEVEL,DRY,NO DEFECTS,,UNABLE TO DETERMINE,UNABLE TO DETERMINE,,NONINCAPACITATING INJURY,18,6,41.8012925366,-87.5863149391,2023,30,POINT (-87.5863149391 41.8012925366),,,,,2023-06-07,False,40,Hyde Park
8871,25,STOP SIGN/FLASHER,NOT FUNCTIONING,CLEAR,DAYLIGHT,PEDALCYCLIST,FOUR WAY,STRAIGHT AND LEVEL,DRY,NO DEFECTS,,UNABLE TO DETERMINE,UNABLE TO DETERMINE,,NONINCAPACITATING INJURY,18,6,42.0167014206,-87.6792084148,2023,25,POINT (-87.6792084148 42.0167014206),,,,,2023-06-07,False,0,Rogers Park
8872,30,TRAFFIC SIGNAL,FUNCTIONING PROPERLY,CLEAR,DAYLIGHT,PEDALCYCLIST,NOT DIVIDED,STRAIGHT AND LEVEL,DRY,NO DEFECTS,,UNABLE TO DETERMINE,UNABLE TO DETERMINE,,NONINCAPACITATING INJURY,9,6,41.8878631596,-87.7652701605,2023,30,POINT (-87.7652701605 41.8878631596),,,,,2023-06-08,False,24,Austin
8873,35,NO CONTROLS,NO CONTROLS,CLEAR,DAYLIGHT,PEDALCYCLIST,NOT DIVIDED,STRAIGHT AND LEVEL,DRY,NO DEFECTS,,UNABLE TO DETERMINE,UNABLE TO DETERMINE,Y,NO INDICATION OF INJURY,10,6,41.9678557164,-87.7134972229,2023,35,POINT (-87.7134972229 41.9678557164),,,,,2023-06-08,False,13,Albany Park
8874,30,STOP SIGN/FLASHER,NO CONTROLS,CLEAR,DAYLIGHT,PEDALCYCLIST,NOT DIVIDED,STRAIGHT AND LEVEL,DRY,NO DEFECTS,,NOT APPLICABLE,NOT APPLICABLE,,NONINCAPACITATING INJURY,10,6,42.0126836044,-87.6782938185,2023,30,POINT (-87.6782938185 42.0126836044),,,,,2023-06-08,False,0,Rogers Park
8875,30,NO CONTROLS,NO CONTROLS,CLEAR,DAYLIGHT,PEDALCYCLIST,NOT DIVIDED,STRAIGHT AND LEVEL,UNKNOWN,UNKNOWN,,UNABLE TO DETERMINE,NOT APPLICABLE,Y,NONINCAPACITATING INJURY,11,6,41.9689560679,-87.6723534126,2023,30,POINT (-87.6723534126 41.9689560679),,,,,2023-06-08,False,2,Uptown
8876,30,NO CONTROLS,UNKNOWN,CLEAR,DAYLIGHT,PEDALCYCLIST,DIVIDED - W/MEDIAN (NOT RAISED),STRAIGHT AND LEVEL,DRY,NO DEFECTS,,DRIVING SKILLS/KNOWLEDGE/EXPERIENCE,DRIVING SKILLS/KNOWLEDGE/EXPERIENCE,,"REPORTED, NOT EVIDENT",12,6,41.9324162241,-87.6764365851,2023,30,POINT (-87.6764365851 41.9324162241),,,,,2023-06-08,False,4,North Center
8877,30,TRAFFIC SIGNAL,FUNCTIONING PROPERLY,CLEAR,DAYLIGHT,PEDALCYCLIST,UNKNOWN INTERSECTION TYPE,STRAIGHT AND LEVEL,DRY,NO DEFECTS,Y,DISREGARDING TRAFFIC SIGNALS,UNABLE TO DETERMINE,,INCAPACITATING INJURY,13,6,41.8990606613,-87.708882578,2023,30,POINT (-87.708882578 41.8990606613),,,,,2023-06-08,True,22,Humboldt Park
8878,30,NO CONTROLS,NO CONTROLS,CLEAR,DAYLIGHT,PEDALCYCLIST,NOT DIVIDED,STRAIGHT AND LEVEL,DRY,NO DEFECTS,,UNABLE TO DETERMINE,NOT APPLICABLE,,NO INDICATION OF INJURY,13,6,41.894696339,-87.6527954206,2023,30,POINT (-87.6527954206 41.894696339),,,,,2023-06-08,False,7,Near North Side
8879,30,TRAFFIC SIGNAL,FUNCTIONING PROPERLY,CLEAR,DAYLIGHT,PEDALCYCLIST,NOT DIVIDED,STRAIGHT AND LEVEL,DRY,NO DEFECTS,Y,FAILING TO YIELD RIGHT-OF-WAY,DRIVING SKILLS/KNOWLEDGE/EXPERIENCE,,NONINCAPACITATING INJURY,14,6,41.9152588457,-87.726357165,2023,30,POINT (-87.726357165 41.9152588457),,,,,2023-06-08,False,19,Hermosa
8880,15,NO CONTROLS,NO CONTROLS,CLEAR,DAYLIGHT,PEDALCYCLIST,ALLEY,STRAIGHT AND LEVEL,DRY,UNKNOWN,,NOT APPLICABLE,NOT APPLICABLE,,NO INDICATION OF INJURY,15,6,41.8281584037,-87.6946143518,2023,15,POINT (-87.6946143518 41.8281584037),,,,,2023-06-08,False,29,South Lawndale
8881,30,TRAFFIC SIGNAL,FUNCTIONING PROPERLY,CLEAR,DAYLIGHT,PEDALCYCLIST,UNKNOWN INTERSECTION TYPE,STRAIGHT AND LEVEL,DRY,UNKNOWN,Y,FAILING TO YIELD RIGHT-OF-WAY,UNABLE TO DETERMINE,,NONINCAPACITATING INJURY,15,6,41.9444677701,-87.654082824,2023,30,POINT (-87.654082824 41.9444677701),,,,,2023-06-08,False,5,Lake View
8882,30,TRAFFIC SIGNAL,FUNCTIONING PROPERLY,CLEAR,DAYLIGHT,PEDALCYCLIST,FOUR WAY,STRAIGHT AND LEVEL,DRY,NO DEFECTS,Y,DISREGARDING YIELD SIGN,FAILING TO REDUCE SPEED TO AVOID CRASH,,NONINCAPACITATING INJURY,15,6,41.9909063173,-87.6701144927,2023,30,POINT (-87.6701144927 41.9909063173),,,,,2023-06-08,False,76,Edgewater
8883,30,UNKNOWN,UNKNOWN,CLEAR,DAYLIGHT,PEDALCYCLIST,NOT DIVIDED,STRAIGHT AND LEVEL,UNKNOWN,UNKNOWN,,UNABLE TO DETERMINE,UNABLE TO DETERMINE,,NONINCAPACITATING INJURY,17,6,41.9332386989,-87.6782942993,2023,30,POINT (-87.6782942993 41.9332386989),,,,,2023-06-08,False,4,North Center
8884,30,NO CONTROLS,FUNCTIONING PROPERLY,CLEAR,DAYLIGHT,PEDALCYCLIST,DIVIDED - W/MEDIAN (NOT RAISED),STRAIGHT AND LEVEL,DRY,NO DEFECTS,,IMPROPER OVERTAKING/PASSING,FAILING TO REDUCE SPEED TO AVOID CRASH,,NONINCAPACITATING INJURY,18,6,41.9180200876,-87.6517517471,2023,30,POINT (-87.6517517471 41.9180200876),,,,,2023-06-08,False,6,Lincoln Park
8885,30,STOP SIGN/FLASHER,NO CONTROLS,CLEAR,"DARKNESS, LIGHTED ROAD",PEDALCYCLIST,FOUR WAY,STRAIGHT AND LEVEL,DRY,NO DEFECTS,Y,FAILING TO YIELD RIGHT-OF-WAY,UNABLE TO DETERMINE,,"REPORTED, NOT EVIDENT",22,6,41.8842772159,-87.6486585296,2023,30,POINT (-87.6486585296 41.8842772159),,,,,2023-06-08,False,27,Near West Side
8886,30,TRAFFIC SIGNAL,FUNCTIONING PROPERLY,CLEAR,DAYLIGHT,PEDALCYCLIST,DRIVEWAY,STRAIGHT AND LEVEL,DRY,NO DEFECTS,Y,FAILING TO YIELD RIGHT-OF-WAY,FAILING TO YIELD RIGHT-OF-WAY,,NO INDICATION OF INJURY,8,6,41.8830982388,-87.6332431109,2023,30,POINT (-87.6332431109 41.8830982388),,,,,2023-06-09,False,31,Loop
8887,30,TRAFFIC SIGNAL,FUNCTIONING PROPERLY,CLEAR,DAYLIGHT,PEDALCYCLIST,NOT DIVIDED,STRAIGHT AND LEVEL,DRY,NO DEFECTS,Y,UNABLE TO DETERMINE,UNABLE TO DETERMINE,,NO INDICATION OF INJURY,12,6,41.9104371312,-87.6868237881,2023,30,POINT (-87.6868237881 41.9104371312),,,,,2023-06-09,False,23,West Town
8888,30,UNKNOWN,UNKNOWN,CLEAR,DAYLIGHT,PEDALCYCLIST,NOT DIVIDED,STRAIGHT AND LEVEL,UNKNOWN,UNKNOWN,,IMPROPER OVERTAKING/PASSING,UNABLE TO DETERMINE,,NO INDICATION OF INJURY,13,6,41.9527136638,-87.6546389062,2023,30,POINT (-87.6546389062 41.9527136638),,,,,2023-06-09,False,5,Lake View
8889,30,NO CONTROLS,NO CONTROLS,CLEAR,DAYLIGHT,PEDALCYCLIST,ONE-WAY,STRAIGHT AND LEVEL,DRY,NO DEFECTS,,FAILING TO YIELD RIGHT-OF-WAY,NOT APPLICABLE,,NO INDICATION OF INJURY,15,6,41.8831000298,-87.6343782452,2023,30,POINT (-87.6343782452 41.8831000298),,,,,2023-06-09,False,31,Loop
8890,30,NO CONTROLS,NO CONTROLS,CLEAR,DAYLIGHT,PEDALCYCLIST,NOT DIVIDED,STRAIGHT AND LEVEL,DRY,NO DEFECTS,,IMPROPER TURNING/NO SIGNAL,NOT APPLICABLE,,INCAPACITATING INJURY,16,6,41.8444847516,-87.715492765,2023,30,POINT (-87.715492765 41.8444847516),,,,,2023-06-09,True,29,South Lawndale
8891,30,NO CONTROLS,NO CONTROLS,CLEAR,DUSK,PEDALCYCLIST,NOT DIVIDED,STRAIGHT AND LEVEL,DRY,NO DEFECTS,,FAILING TO YIELD RIGHT-OF-WAY,IMPROPER OVERTAKING/PASSING,,NO INDICATION OF INJURY,16,6,41.9383033328,-87.7788383905,2023,30,POINT (-87.7788383905 41.9383033328),,,,,2023-06-09,False,16,Dunning
8892,30,TRAFFIC SIGNAL,UNKNOWN,UNKNOWN,DAYLIGHT,PEDALCYCLIST,DIVIDED - W/MEDIAN (NOT RAISED),STRAIGHT AND LEVEL,UNKNOWN,UNKNOWN,Y,UNABLE TO DETERMINE,NOT APPLICABLE,,NO INDICATION OF INJURY,17,6,41.896218801,-87.6556038946,2023,30,POINT (-87.6556038946 41.896218801),,,,,2023-06-09,False,7,Near North Side
8893,30,TRAFFIC SIGNAL,FUNCTIONING PROPERLY,CLEAR,DAYLIGHT,PEDALCYCLIST,NOT DIVIDED,STRAIGHT AND LEVEL,DRY,NO DEFECTS,Y,FAILING TO YIELD RIGHT-OF-WAY,FAILING TO REDUCE SPEED TO AVOID CRASH,,NONINCAPACITATING INJURY,18,6,41.8576430378,-87.6318500315,2023,30,POINT (-87.6318500315 41.8576430378),,,,,2023-06-09,False,32,Near South Side
8894,25,NO CONTROLS,NO CONTROLS,CLEAR,DUSK,PEDALCYCLIST,ALLEY,STRAIGHT AND LEVEL,UNKNOWN,NO DEFECTS,,UNABLE TO DETERMINE,UNABLE TO DETERMINE,,INCAPACITATING INJURY,18,6,41.9990823747,-87.6885529889,2023,25,POINT (-87.6885529889 41.9990823747),,,,,2023-06-09,True,1,West Ridge
8895,30,TRAFFIC SIGNAL,FUNCTIONING PROPERLY,CLEAR,"DARKNESS, LIGHTED ROAD",PEDALCYCLIST,FOUR WAY,STRAIGHT AND LEVEL,DRY,NO DEFECTS,Y,DISREGARDING TRAFFIC SIGNALS,DISREGARDING TRAFFIC SIGNALS,,INCAPACITATING INJURY,20,6,41.7943689623,-87.6209833126,2023,30,POINT (-87.6209833126 41.7943689623),,,,,2023-06-09,True,39,Washington Park
8896,30,UNKNOWN,UNKNOWN,UNKNOWN,DARKNESS,PEDALCYCLIST,DIVIDED - W/MEDIAN (NOT RAISED),STRAIGHT AND LEVEL,UNKNOWN,UNKNOWN,Y,FAILING TO YIELD RIGHT-OF-WAY,FAILING TO YIELD RIGHT-OF-WAY,,NONINCAPACITATING INJURY,21,6,41.9401923879,-87.6394079724,2023,30,POINT (-87.6394079724 41.9401923879),,,,,2023-06-09,False,5,Lake View
8897,30,TRAFFIC SIGNAL,FUNCTIONING PROPERLY,CLEAR,DAYLIGHT,PEDALCYCLIST,"FIVE POINT, OR MORE",STRAIGHT AND LEVEL,DRY,NO DEFECTS,Y,UNABLE TO DETERMINE,UNABLE TO DETERMINE,,NONINCAPACITATING INJURY,22,6,41.9433029258,-87.6713551531,2023,30,POINT (-87.6713551531 41.9433029258),,,,,2023-06-09,False,5,Lake View
8898,30,TRAFFIC SIGNAL,FUNCTIONING PROPERLY,CLEAR,DAYLIGHT,PEDALCYCLIST,FOUR WAY,STRAIGHT AND LEVEL,DRY,NO DEFECTS,,UNABLE TO DETERMINE,NOT APPLICABLE,,NO INDICATION OF INJURY,14,6,41.7866447645,-87.6838659262,2023,30,POINT (-87.6838659262 41.7866447645),,,,,2023-06-10,False,62,Gage Park
8899,30,NO CONTROLS,NO CONTROLS,CLEAR,DAYLIGHT,PEDALCYCLIST,NOT DIVIDED,STRAIGHT AND LEVEL,DRY,NO DEFECTS,,UNABLE TO DETERMINE,UNABLE TO DETERMINE,,NONINCAPACITATING INJURY,17,6,41.9943531312,-87.7857005216,2023,30,POINT (-87.7857005216 41.9943531312),,,,,2023-06-10,False,10,Jefferson Park
8900,30,STOP SIGN/FLASHER,FUNCTIONING PROPERLY,CLEAR,DAYLIGHT,PEDALCYCLIST,FOUR WAY,STRAIGHT AND LEVEL,DRY,NO DEFECTS,,FAILING TO YIELD RIGHT-OF-WAY,UNABLE TO DETERMINE,,"REPORTED, NOT EVIDENT",18,6,41.7859952562,-87.7279145963,2023,30,POINT (-87.7279145963 41.7859952562),,,,,2023-06-10,False,61,West Elsdon
8901,40,NO CONTROLS,NO CONTROLS,CLEAR,DUSK,PEDALCYCLIST,NOT DIVIDED,STRAIGHT AND LEVEL,DRY,NO DEFECTS,,IMPROPER LANE USAGE,UNABLE TO DETERMINE,,NONINCAPACITATING INJURY,18,6,41.9972874143,-87.7827154092,2023,40,POINT (-87.7827154092 41.9972874143),,,,,2023-06-10,False,10,Jefferson Park
8902,30,NO CONTROLS,NO CONTROLS,CLEAR,DUSK,PEDALCYCLIST,NOT DIVIDED,STRAIGHT AND LEVEL,DRY,NO DEFECTS,,"EVASIVE ACTION DUE TO ANIMAL, OBJECT, NONMOTORIST",IMPROPER LANE USAGE,,NONINCAPACITATING INJURY,20,6,41.9075646512,-87.6256584565,2023,30,POINT (-87.6256584565 41.9075646512),,,,,2023-06-10,False,7,Near North Side
8903,35,TRAFFIC SIGNAL,UNKNOWN,CLEAR,"DARKNESS, LIGHTED ROAD",PEDALCYCLIST,FOUR WAY,STRAIGHT AND LEVEL,DRY,UNKNOWN,Y,UNABLE TO DETERMINE,NOT APPLICABLE,,NONINCAPACITATING INJURY,21,6,41.9689141215,-87.6597349219,2023,35,POINT (-87.6597349219 41.9689141215),,,,,2023-06-10,False,2,Uptown
8904,30,TRAFFIC SIGNAL,UNKNOWN,CLEAR,"DARKNESS, LIGHTED ROAD",PEDALCYCLIST,FOUR WAY,STRAIGHT AND LEVEL,DRY,NO DEFECTS,,NOT APPLICABLE,NOT APPLICABLE,Y,NONINCAPACITATING INJURY,23,6,41.8869370814,-87.7554591248,2023,30,POINT (-87.7554591248 41.8869370814),,,,,2023-06-10,False,24,Austin
8905,30,TRAFFIC SIGNAL,FUNCTIONING PROPERLY,CLEAR,"DARKNESS, LIGHTED ROAD",PEDALCYCLIST,DIVIDED - W/MEDIAN (NOT RAISED),STRAIGHT AND LEVEL,DRY,NO DEFECTS,Y,FAILING TO YIELD RIGHT-OF-WAY,UNABLE TO DETERMINE,,NONINCAPACITATING INJURY,0,6,41.9573343072,-87.7327332358,2023,30,POINT (-87.7327332358 41.9573343072),,,,,2023-06-11,False,15,Irving Park
8906,20,NO CONTROLS,NO CONTROLS,CLOUDY/OVERCAST,DAYLIGHT,PEDALCYCLIST,NOT DIVIDED,STRAIGHT AND LEVEL,DRY,NO DEFECTS,,IMPROPER TURNING/NO SIGNAL,UNABLE TO DETERMINE,,NONINCAPACITATING INJURY,14,6,41.9479473244,-87.6884404339,2023,20,POINT (-87.6884404339 41.9479473244),,,,,2023-06-11,False,4,North Center
8907,30,TRAFFIC SIGNAL,FUNCTIONING PROPERLY,CLOUDY/OVERCAST,DAYLIGHT,PEDALCYCLIST,NOT DIVIDED,STRAIGHT AND LEVEL,WET,NO DEFECTS,,IMPROPER LANE USAGE,NOT APPLICABLE,,NONINCAPACITATING INJURY,17,6,41.9491234009,-87.6578903634,2023,30,POINT (-87.6578903634 41.9491234009),,,,,2023-06-11,False,5,Lake View
8908,30,TRAFFIC SIGNAL,FUNCTIONING PROPERLY,CLEAR,DAYLIGHT,PEDALCYCLIST,FOUR WAY,STRAIGHT AND LEVEL,DRY,NO DEFECTS,Y,FAILING TO YIELD RIGHT-OF-WAY,FAILING TO YIELD RIGHT-OF-WAY,,NONINCAPACITATING INJURY,8,6,41.935843306,-87.7076798674,2023,30,POINT (-87.7076798674 41.935843306),,,,,2023-06-12,False,20,Avondale
8909,30,TRAFFIC SIGNAL,FUNCTIONING PROPERLY,CLEAR,DAYLIGHT,PEDALCYCLIST,NOT DIVIDED,STRAIGHT ON GRADE,DRY,NO DEFECTS,,IMPROPER LANE USAGE,NOT APPLICABLE,Y,NO INDICATION OF INJURY,9,6,41.8888778903,-87.6326623964,2023,30,POINT (-87.6326623964 41.8888778903),,,,,2023-06-12,False,7,Near North Side
8910,30,TRAFFIC SIGNAL,FUNCTIONING PROPERLY,CLEAR,DAYLIGHT,PEDALCYCLIST,FOUR WAY,STRAIGHT AND LEVEL,DRY,UNKNOWN,Y,FAILING TO YIELD RIGHT-OF-WAY,DISREGARDING OTHER TRAFFIC SIGNS,,NONINCAPACITATING INJURY,13,6,41.8630070594,-87.7112474186,2023,30,POINT (-87.7112474186 41.8630070594),,,,,2023-06-12,False,28,North Lawndale
8911,35,NO CONTROLS,NO CONTROLS,CLEAR,DAYLIGHT,PEDALCYCLIST,OTHER,STRAIGHT AND LEVEL,DRY,NO DEFECTS,,UNABLE TO DETERMINE,NOT APPLICABLE,,NONINCAPACITATING INJURY,14,6,41.9523258015,-87.796109159,2023,35,POINT (-87.796109159 41.9523258015),,,,,2023-06-12,False,16,Dunning
8912,20,NO CONTROLS,NO CONTROLS,CLEAR,DAYLIGHT,PEDALCYCLIST,ALLEY,STRAIGHT AND LEVEL,DRY,UNKNOWN,,FAILING TO YIELD RIGHT-OF-WAY,UNABLE TO DETERMINE,,"REPORTED, NOT EVIDENT",16,6,41.9354539398,-87.7365386368,2023,20,POINT (-87.7365386368 41.9354539398),,,,,2023-06-12,False,19,Hermosa
8913,20,STOP SIGN/FLASHER,FUNCTIONING PROPERLY,CLEAR,DAYLIGHT,PEDALCYCLIST,T-INTERSECTION,STRAIGHT AND LEVEL,DRY,NO DEFECTS,Y,"VISION OBSCURED (SIGNS, TREE LIMBS, BUILDINGS, ETC.)",NOT APPLICABLE,,NONINCAPACITATING INJURY,17,6,41.914095655,-87.6385374726,2023,20,POINT (-87.6385374726 41.914095655),,,,,2023-06-12,False,6,Lincoln Park
8914,20,STOP SIGN/FLASHER,FUNCTIONING PROPERLY,CLEAR,DAYLIGHT,PEDALCYCLIST,T-INTERSECTION,STRAIGHT AND LEVEL,DRY,NO DEFECTS,,FAILING TO YIELD RIGHT-OF-WAY,NOT APPLICABLE,,NONINCAPACITATING INJURY,17,6,41.920404013,-87.768350022,2023,20,POINT (-87.768350022 41.920404013),,,,,2023-06-12,False,18,Belmont Cragin
8915,30,STOP SIGN/FLASHER,UNKNOWN,CLEAR,DAYLIGHT,PEDALCYCLIST,NOT DIVIDED,STRAIGHT AND LEVEL,UNKNOWN,UNKNOWN,Y,FAILING TO YIELD RIGHT-OF-WAY,NOT APPLICABLE,,"REPORTED, NOT EVIDENT",18,6,41.9263741139,-87.7437002599,2023,30,POINT (-87.7437002599 41.9263741139),,,,,2023-06-12,False,18,Belmont Cragin
8916,10,NO CONTROLS,NO CONTROLS,CLEAR,DAYLIGHT,PEDALCYCLIST,DIVIDED - W/MEDIAN (NOT RAISED),STRAIGHT AND LEVEL,DRY,NO DEFECTS,,UNABLE TO DETERMINE,NOT APPLICABLE,,NONINCAPACITATING INJURY,18,6,41.9310210058,-87.6768640181,2023,10,POINT (-87.6768640181 41.9310210058),,,,,2023-06-12,False,6,Lincoln Park
8917,30,PEDESTRIAN CROSSING SIGN,FUNCTIONING IMPROPERLY,CLOUDY/OVERCAST,DAYLIGHT,PEDALCYCLIST,NOT DIVIDED,STRAIGHT AND LEVEL,WET,NO DEFECTS,Y,UNABLE TO DETERMINE,UNABLE TO DETERMINE,,INCAPACITATING INJURY,6,6,41.8952821287,-87.7233193393,2023,30,POINT (-87.7233193393 41.8952821287),,,,,2023-06-13,True,22,Humboldt Park
8918,10,UNKNOWN,UNKNOWN,CLEAR,DAYLIGHT,PEDALCYCLIST,OTHER,STRAIGHT AND LEVEL,UNKNOWN,UNKNOWN,,IMPROPER OVERTAKING/PASSING,UNABLE TO DETERMINE,,NO INDICATION OF INJURY,7,6,41.925701287,-87.6313680508,2023,10,POINT (-87.6313680508 41.925701287),,,,,2023-06-13,False,6,Lincoln Park