Unnamed: 0,POSTED_SPEED_LIMIT,TRAFFIC_CONTROL_DEVICE,DEVICE_CONDITION,WEATHER_CONDITION,LIGHTING_CONDITION,FIRST_CRASH_TYPE,TRAFFICWAY_TYPE,ALIGNMENT,ROADWAY_SURFACE_COND,ROAD_DEFECT,INTERSECTION_RELATED_I,PRIM_CONTRIBUTORY_CAUSE,SEC_CONTRIBUTORY_CAUSE,DOORING_I,MOST_SEVERE_INJURY,CRASH_HOUR,CRASH_MONTH,LATITUDE,LONGITUDE,CRASH_YEAR,SPEED_LIMIT,geometry,DISPLAYROU,the_geom,DIST,LANE_TYPE,CRASH_DATE,is_severe,index_right,CArea
8919,30,NO CONTROLS,NO CONTROLS,CLEAR,DAYLIGHT,PEDALCYCLIST,NOT DIVIDED,STRAIGHT AND LEVEL,DRY,NO DEFECTS,,IMPROPER TURNING/NO SIGNAL,FAILING TO REDUCE SPEED TO AVOID CRASH,,NONINCAPACITATING INJURY,7,6,41.9713804734,-87.745247901,2023,30,POINT (-87.745247901 41.9713804734),,,,,2023-06-13,False,11,Forest Glen
8920,30,TRAFFIC SIGNAL,FUNCTIONING PROPERLY,RAIN,DAYLIGHT,PEDALCYCLIST,FOUR WAY,STRAIGHT AND LEVEL,WET,NO DEFECTS,Y,DISREGARDING TRAFFIC SIGNALS,NOT APPLICABLE,,NONINCAPACITATING INJURY,11,6,41.8382495291,-87.6235883654,2023,30,POINT (-87.6235883654 41.8382495291),,,,,2023-06-13,False,34,Douglas
8921,30,UNKNOWN,UNKNOWN,RAIN,DAYLIGHT,PEDALCYCLIST,NOT DIVIDED,STRAIGHT AND LEVEL,WET,UNKNOWN,,IMPROPER OVERTAKING/PASSING,UNABLE TO DETERMINE,,NO INDICATION OF INJURY,14,6,41.9385878726,-87.6493959945,2023,30,POINT (-87.6493959945 41.9385878726),,,,,2023-06-13,False,5,Lake View
8922,30,NO CONTROLS,NO CONTROLS,CLEAR,DAYLIGHT,PEDALCYCLIST,NOT DIVIDED,STRAIGHT AND LEVEL,WET,NO DEFECTS,,FAILING TO YIELD RIGHT-OF-WAY,WEATHER,,NO INDICATION OF INJURY,16,6,41.884638673,-87.6608928011,2023,30,POINT (-87.6608928011 41.884638673),,,,,2023-06-13,False,27,Near West Side
8923,30,STOP SIGN/FLASHER,FUNCTIONING PROPERLY,RAIN,DAYLIGHT,PEDALCYCLIST,NOT DIVIDED,STRAIGHT AND LEVEL,WET,UNKNOWN,,FAILING TO YIELD RIGHT-OF-WAY,NOT APPLICABLE,,NO INDICATION OF INJURY,16,6,41.8424232064,-87.7173238977,2023,30,POINT (-87.7173238977 41.8424232064),,,,,2023-06-13,False,29,South Lawndale
8924,30,TRAFFIC SIGNAL,FUNCTIONING PROPERLY,CLEAR,DAYLIGHT,PEDALCYCLIST,ONE-WAY,STRAIGHT AND LEVEL,DRY,NO DEFECTS,,FAILING TO YIELD RIGHT-OF-WAY,NOT APPLICABLE,Y,NONINCAPACITATING INJURY,8,6,41.8832420942,-87.634006821,2023,30,POINT (-87.634006821 41.8832420942),,,,,2023-06-14,False,31,Loop
8925,30,NO CONTROLS,NO CONTROLS,CLEAR,DAYLIGHT,PEDALCYCLIST,NOT DIVIDED,STRAIGHT AND LEVEL,DRY,NO DEFECTS,,IMPROPER LANE USAGE,NOT APPLICABLE,,NO INDICATION OF INJURY,9,6,41.8855942896,-87.6425260044,2023,30,POINT (-87.6425260044 41.8855942896),,,,,2023-06-14,False,27,Near West Side
8926,30,TRAFFIC SIGNAL,FUNCTIONING PROPERLY,CLEAR,DAYLIGHT,PEDALCYCLIST,NOT DIVIDED,STRAIGHT AND LEVEL,DRY,NO DEFECTS,,FAILING TO YIELD RIGHT-OF-WAY,NOT APPLICABLE,,NO INDICATION OF INJURY,12,6,41.9799420028,-87.7591580287,2023,30,POINT (-87.7591580287 41.9799420028),,,,,2023-06-14,False,10,Jefferson Park
8927,30,NO CONTROLS,NO CONTROLS,CLEAR,DAYLIGHT,PEDALCYCLIST,NOT DIVIDED,STRAIGHT AND LEVEL,DRY,WORN SURFACE,,UNABLE TO DETERMINE,UNABLE TO DETERMINE,,NONINCAPACITATING INJURY,13,6,41.7521368378,-87.6442289066,2023,30,POINT (-87.6442289066 41.7521368378),,,,,2023-06-14,False,70,Auburn Gresham
8928,30,STOP SIGN/FLASHER,FUNCTIONING PROPERLY,CLEAR,DAYLIGHT,PEDALCYCLIST,T-INTERSECTION,STRAIGHT AND LEVEL,DRY,NO DEFECTS,Y,DISREGARDING STOP SIGN,NOT APPLICABLE,,NONINCAPACITATING INJURY,14,6,41.9732104165,-87.6791709838,2023,30,POINT (-87.6791709838 41.9732104165),,,,,2023-06-14,False,3,Lincoln Square
8929,30,TRAFFIC SIGNAL,FUNCTIONING PROPERLY,CLEAR,DAYLIGHT,PEDALCYCLIST,NOT DIVIDED,STRAIGHT AND LEVEL,DRY,NO DEFECTS,Y,FAILING TO YIELD RIGHT-OF-WAY,UNABLE TO DETERMINE,,NONINCAPACITATING INJURY,16,6,41.9038349547,-87.6673611601,2023,30,POINT (-87.6673611601 41.9038349547),,,,,2023-06-14,False,23,West Town
8930,30,NO CONTROLS,NO CONTROLS,CLEAR,DAYLIGHT,PEDALCYCLIST,DIVIDED - W/MEDIAN (NOT RAISED),STRAIGHT AND LEVEL,DRY,NO DEFECTS,,UNABLE TO DETERMINE,NOT APPLICABLE,,"REPORTED, NOT EVIDENT",17,6,41.8876608913,-87.6567096833,2023,30,POINT (-87.6567096833 41.8876608913),,,,,2023-06-14,False,7,Near North Side
8931,35,TRAFFIC SIGNAL,FUNCTIONING PROPERLY,CLEAR,DAYLIGHT,PEDALCYCLIST,DIVIDED - W/MEDIAN BARRIER,STRAIGHT AND LEVEL,DRY,NO DEFECTS,Y,DISREGARDING TRAFFIC SIGNALS,UNABLE TO DETERMINE,,NO INDICATION OF INJURY,18,6,41.8529618416,-87.6320003897,2023,35,POINT (-87.6320003897 41.8529618416),,,,,2023-06-14,False,32,Near South Side
8932,30,TRAFFIC SIGNAL,FUNCTIONING PROPERLY,CLEAR,DAYLIGHT,PEDALCYCLIST,FOUR WAY,STRAIGHT AND LEVEL,DRY,NO DEFECTS,Y,UNABLE TO DETERMINE,UNABLE TO DETERMINE,,NONINCAPACITATING INJURY,19,6,41.8664016708,-87.6958447063,2023,30,POINT (-87.6958447063 41.8664016708),,,,,2023-06-14,False,28,North Lawndale
8933,30,TRAFFIC SIGNAL,FUNCTIONING PROPERLY,CLEAR,DARKNESS,PEDALCYCLIST,NOT DIVIDED,STRAIGHT AND LEVEL,DRY,NO DEFECTS,Y,FAILING TO YIELD RIGHT-OF-WAY,UNABLE TO DETERMINE,,NONINCAPACITATING INJURY,19,6,41.8933722143,-87.6243614185,2023,30,POINT (-87.6243614185 41.8933722143),,,,,2023-06-14,False,7,Near North Side
8934,30,NO CONTROLS,FUNCTIONING PROPERLY,CLEAR,"DARKNESS, LIGHTED ROAD",PEDALCYCLIST,NOT DIVIDED,STRAIGHT AND LEVEL,DRY,NO DEFECTS,,UNABLE TO DETERMINE,UNABLE TO DETERMINE,,NONINCAPACITATING INJURY,22,6,41.9097808167,-87.6763072357,2023,30,POINT (-87.6763072357 41.9097808167),,,,,2023-06-14,False,23,West Town
8935,30,NO CONTROLS,NO CONTROLS,CLEAR,DAWN,PEDALCYCLIST,DIVIDED - W/MEDIAN (NOT RAISED),STRAIGHT AND LEVEL,DRY,NO DEFECTS,,UNABLE TO DETERMINE,NOT APPLICABLE,Y,NONINCAPACITATING INJURY,5,6,41.9201590272,-87.6706121525,2023,30,POINT (-87.6706121525 41.9201590272),,,,,2023-06-15,False,6,Lincoln Park
8936,30,NO CONTROLS,NO CONTROLS,CLEAR,DAYLIGHT,PEDALCYCLIST,FOUR WAY,STRAIGHT AND LEVEL,DRY,NO DEFECTS,N,FAILING TO YIELD RIGHT-OF-WAY,NOT APPLICABLE,N,NONINCAPACITATING INJURY,11,6,41.8660215478,-87.6715245766,2023,30,POINT (-87.6715245766 41.8660215478),,,,,2023-06-15,False,27,Near West Side
8937,30,NO CONTROLS,NO CONTROLS,CLEAR,DAYLIGHT,PEDALCYCLIST,NOT DIVIDED,STRAIGHT AND LEVEL,DRY,NO DEFECTS,,UNABLE TO DETERMINE,UNABLE TO DETERMINE,Y,NONINCAPACITATING INJURY,12,6,41.9161423894,-87.6921170341,2023,30,POINT (-87.6921170341 41.9161423894),,,,,2023-06-15,False,21,Logan Square
8938,30,NO CONTROLS,NO CONTROLS,CLEAR,DAYLIGHT,PEDALCYCLIST,ALLEY,STRAIGHT AND LEVEL,DRY,NO DEFECTS,,UNABLE TO DETERMINE,NOT APPLICABLE,Y,NO INDICATION OF INJURY,13,6,41.7441875682,-87.5959620919,2023,30,POINT (-87.5959620919 41.7441875682),,,,,2023-06-15,False,43,Chatham
8939,30,NO CONTROLS,NO CONTROLS,CLEAR,DAYLIGHT,PEDALCYCLIST,NOT DIVIDED,STRAIGHT AND LEVEL,DRY,NO DEFECTS,,FAILING TO YIELD RIGHT-OF-WAY,IMPROPER OVERTAKING/PASSING,,NONINCAPACITATING INJURY,15,6,41.7749685428,-87.7225189851,2023,30,POINT (-87.7225189851 41.7749685428),,,,,2023-06-15,False,64,West Lawn
8940,30,TRAFFIC SIGNAL,FUNCTIONING PROPERLY,CLEAR,DAYLIGHT,PEDALCYCLIST,DIVIDED - W/MEDIAN (NOT RAISED),STRAIGHT AND LEVEL,DRY,NO DEFECTS,,FAILING TO YIELD RIGHT-OF-WAY,NOT APPLICABLE,,NONINCAPACITATING INJURY,15,6,41.9903471034,-87.6995471344,2023,30,POINT (-87.6995471344 41.9903471034),,,,,2023-06-15,False,1,West Ridge
8941,30,NO CONTROLS,NO CONTROLS,CLEAR,DAYLIGHT,PEDALCYCLIST,NOT DIVIDED,STRAIGHT AND LEVEL,DRY,NO DEFECTS,,FAILING TO YIELD RIGHT-OF-WAY,FAILING TO YIELD RIGHT-OF-WAY,,NONINCAPACITATING INJURY,15,6,41.8583685356,-87.6605516193,2023,30,POINT (-87.6605516193 41.8583685356),,,,,2023-06-15,False,27,Near West Side
8942,20,NO CONTROLS,NO CONTROLS,CLEAR,DAYLIGHT,PEDALCYCLIST,T-INTERSECTION,STRAIGHT AND LEVEL,DRY,NO DEFECTS,Y,FAILING TO YIELD RIGHT-OF-WAY,UNABLE TO DETERMINE,,NONINCAPACITATING INJURY,16,6,41.9433265795,-87.8180863437,2023,20,POINT (-87.8180863437 41.9433265795),,,,,2023-06-15,False,16,Dunning
8943,20,NO CONTROLS,UNKNOWN,CLEAR,DAYLIGHT,PEDALCYCLIST,ALLEY,STRAIGHT AND LEVEL,DRY,UNKNOWN,,FAILING TO YIELD RIGHT-OF-WAY,NOT APPLICABLE,N,NO INDICATION OF INJURY,17,6,41.9512415974,-87.6539682911,2023,20,POINT (-87.6539682911 41.9512415974),,,,,2023-06-15,False,5,Lake View
8944,30,YIELD,UNKNOWN,CLEAR,DAYLIGHT,PEDALCYCLIST,NOT DIVIDED,STRAIGHT AND LEVEL,DRY,NO DEFECTS,Y,FAILING TO YIELD RIGHT-OF-WAY,FAILING TO YIELD RIGHT-OF-WAY,,NO INDICATION OF INJURY,18,6,41.963371583,-87.7570276804,2023,30,POINT (-87.7570276804 41.963371583),,,,,2023-06-15,False,14,Portage Park
8945,25,NO CONTROLS,NO CONTROLS,CLEAR,DAYLIGHT,PEDALCYCLIST,ALLEY,STRAIGHT AND LEVEL,DRY,NO DEFECTS,,UNABLE TO DETERMINE,UNABLE TO DETERMINE,,"REPORTED, NOT EVIDENT",19,6,41.9896447704,-87.7829054216,2023,25,POINT (-87.7829054216 41.9896447704),,,,,2023-06-15,False,10,Jefferson Park
8946,30,TRAFFIC SIGNAL,FUNCTIONING PROPERLY,CLEAR,DAYLIGHT,PEDALCYCLIST,T-INTERSECTION,STRAIGHT AND LEVEL,DRY,NO DEFECTS,,FAILING TO YIELD RIGHT-OF-WAY,UNABLE TO DETERMINE,,NO INDICATION OF INJURY,10,6,41.765564415,-87.6247349785,2023,30,POINT (-87.6247349785 41.765564415),,,,,2023-06-16,False,68,Grand Crossing
8947,25,STOP SIGN/FLASHER,FUNCTIONING PROPERLY,CLEAR,DAYLIGHT,PEDALCYCLIST,T-INTERSECTION,STRAIGHT AND LEVEL,DRY,NO DEFECTS,Y,FAILING TO YIELD RIGHT-OF-WAY,UNABLE TO DETERMINE,,INCAPACITATING INJURY,15,6,41.9281284699,-87.6393552655,2023,25,POINT (-87.6393552655 41.9281284699),,,,,2023-06-16,True,6,Lincoln Park
8948,30,TRAFFIC SIGNAL,FUNCTIONING PROPERLY,CLEAR,DAYLIGHT,PEDALCYCLIST,NOT DIVIDED,STRAIGHT AND LEVEL,UNKNOWN,UNKNOWN,,IMPROPER OVERTAKING/PASSING,NOT APPLICABLE,,NONINCAPACITATING INJURY,16,6,41.8891576735,-87.6399420188,2023,30,POINT (-87.6399420188 41.8891576735),,,,,2023-06-16,False,7,Near North Side
8949,30,TRAFFIC SIGNAL,FUNCTIONING PROPERLY,CLEAR,DAYLIGHT,PEDALCYCLIST,DIVIDED - W/MEDIAN BARRIER,STRAIGHT AND LEVEL,DRY,NO DEFECTS,Y,IMPROPER TURNING/NO SIGNAL,UNABLE TO DETERMINE,,NONINCAPACITATING INJURY,16,6,41.9576405058,-87.7082798724,2023,30,POINT (-87.7082798724 41.9576405058),,,,,2023-06-16,False,15,Irving Park
8950,30,NO CONTROLS,NO CONTROLS,CLEAR,DAYLIGHT,PEDALCYCLIST,NOT DIVIDED,STRAIGHT AND LEVEL,DRY,NO DEFECTS,,HAD BEEN DRINKING (USE WHEN ARREST IS NOT MADE),IMPROPER LANE USAGE,,NONINCAPACITATING INJURY,16,6,41.9603806386,-87.6832929633,2023,30,POINT (-87.6832929633 41.9603806386),,,,,2023-06-16,False,4,North Center
8951,10,TRAFFIC SIGNAL,FUNCTIONING PROPERLY,CLEAR,DAYLIGHT,PEDALCYCLIST,FOUR WAY,STRAIGHT AND LEVEL,DRY,NO DEFECTS,Y,DRIVING ON WRONG SIDE/WRONG WAY,DISREGARDING TRAFFIC SIGNALS,,NONINCAPACITATING INJURY,10,6,41.9096216435,-87.626020115,2023,10,POINT (-87.626020115 41.9096216435),,,,,2023-06-17,False,7,Near North Side
8952,30,NO CONTROLS,NO CONTROLS,CLEAR,DAYLIGHT,PEDALCYCLIST,DIVIDED - W/MEDIAN (NOT RAISED),STRAIGHT AND LEVEL,DRY,NO DEFECTS,,UNABLE TO DETERMINE,NOT APPLICABLE,Y,INCAPACITATING INJURY,11,6,41.9647960036,-87.6864189282,2023,30,POINT (-87.6864189282 41.9647960036),,,,,2023-06-17,True,3,Lincoln Square
8953,30,TRAFFIC SIGNAL,FUNCTIONING PROPERLY,CLEAR,DAYLIGHT,PEDALCYCLIST,NOT DIVIDED,STRAIGHT AND LEVEL,DRY,NO DEFECTS,,IMPROPER LANE USAGE,UNABLE TO DETERMINE,,NO INDICATION OF INJURY,15,6,41.8186546004,-87.6457095912,2023,30,POINT (-87.6457095912 41.8186546004),,,,,2023-06-17,False,60,New City
8954,30,NO CONTROLS,NO CONTROLS,CLEAR,DAYLIGHT,PEDALCYCLIST,NOT DIVIDED,STRAIGHT AND LEVEL,DRY,NO DEFECTS,,FAILING TO YIELD RIGHT-OF-WAY,UNABLE TO DETERMINE,,"REPORTED, NOT EVIDENT",15,6,41.7784213603,-87.7484282786,2023,30,POINT (-87.7484282786 41.7784213603),,,,,2023-06-17,False,63,Clearing
8955,30,NO CONTROLS,NO CONTROLS,CLEAR,DAYLIGHT,PEDALCYCLIST,DIVIDED - W/MEDIAN (NOT RAISED),STRAIGHT AND LEVEL,DRY,NO DEFECTS,,"OPERATING VEHICLE IN ERRATIC, RECKLESS, CARELESS, NEGLIGENT OR AGGRESSIVE MANNER",FAILING TO YIELD RIGHT-OF-WAY,Y,NONINCAPACITATING INJURY,17,6,41.8855871247,-87.6448113092,2023,30,POINT (-87.6448113092 41.8855871247),,,,,2023-06-17,False,27,Near West Side
8956,15,NO CONTROLS,NO CONTROLS,CLEAR,DAYLIGHT,PEDALCYCLIST,OTHER,STRAIGHT AND LEVEL,DRY,UNKNOWN,,UNABLE TO DETERMINE,UNABLE TO DETERMINE,N,NONINCAPACITATING INJURY,18,6,41.8927051473,-87.6138309343,2023,15,POINT (-87.6138309343 41.8927051473),,,,,2023-06-17,False,7,Near North Side
8957,30,NO CONTROLS,NO CONTROLS,UNKNOWN,UNKNOWN,PEDALCYCLIST,DIVIDED - W/MEDIAN (NOT RAISED),STRAIGHT AND LEVEL,UNKNOWN,UNKNOWN,,UNABLE TO DETERMINE,NOT APPLICABLE,,NONINCAPACITATING INJURY,18,6,41.9053036792,-87.6414928697,2023,30,POINT (-87.6414928697 41.9053036792),,,,,2023-06-17,False,7,Near North Side
8958,25,STOP SIGN/FLASHER,FUNCTIONING PROPERLY,CLEAR,DAYLIGHT,PEDALCYCLIST,FOUR WAY,STRAIGHT AND LEVEL,DRY,NO DEFECTS,Y,FAILING TO YIELD RIGHT-OF-WAY,NOT APPLICABLE,,NONINCAPACITATING INJURY,14,6,41.8896172432,-87.6816207152,2023,25,POINT (-87.6816207152 41.8896172432),,,,,2023-06-18,False,23,West Town
8959,30,STOP SIGN/FLASHER,OTHER,CLEAR,DAYLIGHT,PEDALCYCLIST,NOT DIVIDED,STRAIGHT AND LEVEL,DRY,NO DEFECTS,,IMPROPER TURNING/NO SIGNAL,NOT APPLICABLE,,NONINCAPACITATING INJURY,15,6,41.8990683374,-87.7298245402,2023,30,POINT (-87.7298245402 41.8990683374),,,,,2023-06-18,False,22,Humboldt Park
8960,30,TRAFFIC SIGNAL,FUNCTIONING PROPERLY,CLEAR,DAYLIGHT,PEDALCYCLIST,FOUR WAY,STRAIGHT AND LEVEL,DRY,NO DEFECTS,Y,UNABLE TO DETERMINE,UNABLE TO DETERMINE,,NO INDICATION OF INJURY,11,6,41.9761508088,-87.6682667663,2023,30,POINT (-87.6682667663 41.9761508088),,,,,2023-06-19,False,2,Uptown
8961,30,TRAFFIC SIGNAL,FUNCTIONING PROPERLY,CLEAR,DAYLIGHT,PEDALCYCLIST,NOT DIVIDED,STRAIGHT AND LEVEL,DRY,NO DEFECTS,,FAILING TO YIELD RIGHT-OF-WAY,NOT APPLICABLE,,INCAPACITATING INJURY,16,6,41.8084167447,-87.6748310718,2023,30,POINT (-87.6748310718 41.8084167447),,,,,2023-06-19,True,60,New City
8962,30,STOP SIGN/FLASHER,FUNCTIONING PROPERLY,CLEAR,DAYLIGHT,PEDALCYCLIST,T-INTERSECTION,STRAIGHT AND LEVEL,DRY,NO DEFECTS,Y,IMPROPER TURNING/NO SIGNAL,FAILING TO REDUCE SPEED TO AVOID CRASH,,NONINCAPACITATING INJURY,16,6,41.8960647342,-87.6608700843,2023,30,POINT (-87.6608700843 41.8960647342),,,,,2023-06-19,False,23,West Town
8963,30,NO CONTROLS,NO CONTROLS,CLEAR,DAYLIGHT,PEDALCYCLIST,NOT DIVIDED,STRAIGHT AND LEVEL,DRY,NO DEFECTS,,UNABLE TO DETERMINE,UNABLE TO DETERMINE,Y,NONINCAPACITATING INJURY,16,6,41.9199175029,-87.7167055691,2023,30,POINT (-87.7167055691 41.9199175029),,,,,2023-06-19,False,21,Logan Square
8964,30,NO CONTROLS,NO CONTROLS,CLEAR,DAYLIGHT,PEDALCYCLIST,NOT DIVIDED,STRAIGHT AND LEVEL,DRY,UNKNOWN,,UNABLE TO DETERMINE,NOT APPLICABLE,,NONINCAPACITATING INJURY,17,6,41.9618589881,-87.6572140883,2023,30,POINT (-87.6572140883 41.9618589881),,,,,2023-06-19,False,2,Uptown
8965,30,NO CONTROLS,NO CONTROLS,CLEAR,DAYLIGHT,PEDALCYCLIST,OTHER,STRAIGHT AND LEVEL,UNKNOWN,UNKNOWN,,FOLLOWING TOO CLOSELY,NOT APPLICABLE,,NONINCAPACITATING INJURY,18,6,41.9057143795,-87.6884762513,2023,30,POINT (-87.6884762513 41.9057143795),,,,,2023-06-19,False,23,West Town
8966,30,TRAFFIC SIGNAL,FUNCTIONING PROPERLY,CLEAR,DAYLIGHT,PEDALCYCLIST,NOT DIVIDED,STRAIGHT AND LEVEL,DRY,NO DEFECTS,,TURNING RIGHT ON RED,FAILING TO YIELD RIGHT-OF-WAY,,NONINCAPACITATING INJURY,19,6,41.9878156053,-87.847021814,2023,30,POINT (-87.847021814 41.9878156053),,,,,2023-06-19,False,75,O'Hare
8967,30,TRAFFIC SIGNAL,FUNCTIONING PROPERLY,CLEAR,DUSK,PEDALCYCLIST,NOT DIVIDED,STRAIGHT AND LEVEL,DRY,NO DEFECTS,Y,DRIVING SKILLS/KNOWLEDGE/EXPERIENCE,DRIVING SKILLS/KNOWLEDGE/EXPERIENCE,,"REPORTED, NOT EVIDENT",20,6,41.6849940564,-87.6230273065,2023,30,POINT (-87.6230273065 41.6849940564),,,,,2023-06-19,False,52,West Pullman
8968,30,UNKNOWN,UNKNOWN,CLEAR,"DARKNESS, LIGHTED ROAD",PEDALCYCLIST,NOT DIVIDED,STRAIGHT AND LEVEL,UNKNOWN,UNKNOWN,,NOT APPLICABLE,NOT APPLICABLE,,NONINCAPACITATING INJURY,23,6,41.8536877072,-87.6956517488,2023,30,POINT (-87.6956517488 41.8536877072),,,,,2023-06-19,False,28,North Lawndale
8969,30,STOP SIGN/FLASHER,NO CONTROLS,CLEAR,DAYLIGHT,PEDALCYCLIST,NOT DIVIDED,STRAIGHT AND LEVEL,DRY,NO DEFECTS,Y,DISREGARDING STOP SIGN,DISREGARDING STOP SIGN,,NO INDICATION OF INJURY,7,6,41.8854542749,-87.653244353,2023,30,POINT (-87.653244353 41.8854542749),,,,,2023-06-20,False,27,Near West Side
8970,30,TRAFFIC SIGNAL,FUNCTIONING PROPERLY,CLEAR,DAYLIGHT,PEDALCYCLIST,NOT DIVIDED,STRAIGHT AND LEVEL,DRY,NO DEFECTS,,IMPROPER OVERTAKING/PASSING,NOT APPLICABLE,,NONINCAPACITATING INJURY,7,6,42.0016340738,-87.6606014318,2023,30,POINT (-87.6606014318 42.0016340738),,,,,2023-06-20,False,0,Rogers Park
8971,30,TRAFFIC SIGNAL,FUNCTIONING PROPERLY,CLEAR,DAYLIGHT,PEDALCYCLIST,FOUR WAY,STRAIGHT AND LEVEL,DRY,NO DEFECTS,,NOT APPLICABLE,NOT APPLICABLE,,NO INDICATION OF INJURY,12,6,41.9008667115,-87.6275550245,2023,30,POINT (-87.6275550245 41.9008667115),,,,,2023-06-20,False,7,Near North Side
8972,20,STOP SIGN/FLASHER,FUNCTIONING PROPERLY,CLEAR,DAYLIGHT,PEDALCYCLIST,T-INTERSECTION,STRAIGHT AND LEVEL,DRY,NO DEFECTS,Y,FAILING TO YIELD RIGHT-OF-WAY,FAILING TO REDUCE SPEED TO AVOID CRASH,,NONINCAPACITATING INJURY,12,6,41.9886661961,-87.6994889875,2023,20,POINT (-87.6994889875 41.9886661961),,,,,2023-06-20,False,1,West Ridge
8973,15,NO CONTROLS,NO CONTROLS,CLEAR,DAYLIGHT,PEDALCYCLIST,NOT DIVIDED,STRAIGHT AND LEVEL,DRY,UNKNOWN,,FAILING TO YIELD RIGHT-OF-WAY,NOT APPLICABLE,Y,NONINCAPACITATING INJURY,13,6,41.9998058131,-87.7092182854,2023,15,POINT (-87.7092182854 41.9998058131),,,,,2023-06-20,False,1,West Ridge
8974,30,NO CONTROLS,NO CONTROLS,CLEAR,DAYLIGHT,PEDALCYCLIST,FOUR WAY,STRAIGHT AND LEVEL,DRY,NO DEFECTS,Y,FAILING TO YIELD RIGHT-OF-WAY,UNABLE TO DETERMINE,,NONINCAPACITATING INJURY,17,6,41.8983414444,-87.6584427878,2023,30,POINT (-87.6584427878 41.8983414444),,,,,2023-06-20,False,7,Near North Side
8975,30,NO CONTROLS,NO CONTROLS,CLEAR,DAYLIGHT,PEDALCYCLIST,NOT DIVIDED,STRAIGHT AND LEVEL,DRY,UNKNOWN,,FAILING TO REDUCE SPEED TO AVOID CRASH,UNABLE TO DETERMINE,,"REPORTED, NOT EVIDENT",17,6,41.8641445007,-87.6466851622,2023,30,POINT (-87.6466851622 41.8641445007),,,,,2023-06-20,False,27,Near West Side
8976,30,NO CONTROLS,NO CONTROLS,CLEAR,DAYLIGHT,PEDALCYCLIST,NOT DIVIDED,STRAIGHT AND LEVEL,DRY,UNKNOWN,,UNABLE TO DETERMINE,NOT APPLICABLE,,NO INDICATION OF INJURY,17,6,41.965346264,-87.6530343966,2023,30,POINT (-87.6530343966 41.965346264),,,,,2023-06-20,False,2,Uptown
8977,30,UNKNOWN,UNKNOWN,CLEAR,DAYLIGHT,PEDALCYCLIST,NOT DIVIDED,STRAIGHT AND LEVEL,DRY,NO DEFECTS,,NOT APPLICABLE,NOT APPLICABLE,,NO INDICATION OF INJURY,19,6,41.965930358,-87.646061271,2023,30,POINT (-87.646061271 41.965930358),,,,,2023-06-20,False,2,Uptown
8978,30,TRAFFIC SIGNAL,FUNCTIONING PROPERLY,CLEAR,"DARKNESS, LIGHTED ROAD",PEDALCYCLIST,FOUR WAY,STRAIGHT AND LEVEL,DRY,UNKNOWN,Y,FAILING TO YIELD RIGHT-OF-WAY,UNABLE TO DETERMINE,,NONINCAPACITATING INJURY,21,6,41.7655436434,-87.6298359052,2023,30,POINT (-87.6298359052 41.7655436434),,,,,2023-06-20,False,67,Englewood
8979,30,NO CONTROLS,NOT FUNCTIONING,SEVERE CROSS WIND GATE,DARKNESS,PEDALCYCLIST,UNKNOWN,"CURVE, LEVEL",OTHER,NO DEFECTS,Y,UNDER THE INFLUENCE OF ALCOHOL/DRUGS (USE WHEN ARREST IS EFFECTED),NOT APPLICABLE,,NONINCAPACITATING INJURY,23,6,41.822735079,-87.6944843232,2023,30,POINT (-87.6944843232 41.822735079),,,,,2023-06-20,False,29,South Lawndale
8980,30,TRAFFIC SIGNAL,FUNCTIONING PROPERLY,CLEAR,DAYLIGHT,PEDALCYCLIST,DIVIDED - W/MEDIAN BARRIER,STRAIGHT AND LEVEL,DRY,NO DEFECTS,Y,BICYCLE ADVANCING LEGALLY ON RED LIGHT,DRIVING SKILLS/KNOWLEDGE/EXPERIENCE,,NONINCAPACITATING INJURY,8,6,41.8877088271,-87.6244100947,2023,30,POINT (-87.6244100947 41.8877088271),,,,,2023-06-21,False,7,Near North Side
8981,30,NO CONTROLS,NO CONTROLS,CLEAR,DAYLIGHT,PEDALCYCLIST,DIVIDED - W/MEDIAN (NOT RAISED),STRAIGHT AND LEVEL,DRY,NO DEFECTS,,UNABLE TO DETERMINE,NOT APPLICABLE,,NONINCAPACITATING INJURY,8,6,41.8993667002,-87.6814647022,2023,30,POINT (-87.6814647022 41.8993667002),,,,,2023-06-21,False,23,West Town
8982,30,STOP SIGN/FLASHER,FUNCTIONING PROPERLY,CLEAR,DAYLIGHT,PEDALCYCLIST,FOUR WAY,STRAIGHT AND LEVEL,DRY,UNKNOWN,Y,DISREGARDING STOP SIGN,NOT APPLICABLE,,INCAPACITATING INJURY,10,6,41.859795438,-87.6614988909,2023,30,POINT (-87.6614988909 41.859795438),,,,,2023-06-21,True,27,Near West Side
8983,30,TRAFFIC SIGNAL,FUNCTIONING PROPERLY,CLEAR,DAYLIGHT,PEDALCYCLIST,FOUR WAY,STRAIGHT AND LEVEL,DRY,NO DEFECTS,,DISREGARDING TRAFFIC SIGNALS,FAILING TO YIELD RIGHT-OF-WAY,,NONINCAPACITATING INJURY,11,6,41.8964106756,-87.6241332966,2023,30,POINT (-87.6241332966 41.8964106756),,,,,2023-06-21,False,7,Near North Side