Unnamed: 0,POSTED_SPEED_LIMIT,TRAFFIC_CONTROL_DEVICE,DEVICE_CONDITION,WEATHER_CONDITION,LIGHTING_CONDITION,FIRST_CRASH_TYPE,TRAFFICWAY_TYPE,ALIGNMENT,ROADWAY_SURFACE_COND,ROAD_DEFECT,INTERSECTION_RELATED_I,PRIM_CONTRIBUTORY_CAUSE,SEC_CONTRIBUTORY_CAUSE,DOORING_I,MOST_SEVERE_INJURY,CRASH_HOUR,CRASH_MONTH,LATITUDE,LONGITUDE,CRASH_YEAR,SPEED_LIMIT,geometry,DISPLAYROU,the_geom,DIST,LANE_TYPE,CRASH_DATE,is_severe,index_right,CArea
8984,30,NO CONTROLS,FUNCTIONING PROPERLY,CLEAR,DAYLIGHT,PEDALCYCLIST,NOT DIVIDED,STRAIGHT AND LEVEL,DRY,NO DEFECTS,,UNABLE TO DETERMINE,UNABLE TO DETERMINE,,INCAPACITATING INJURY,11,6,41.866237136,-87.6508737539,2023,30,POINT (-87.6508737539 41.866237136),,,,,2023-06-21,True,27,Near West Side
8985,30,NO CONTROLS,NO CONTROLS,CLEAR,DAYLIGHT,PEDALCYCLIST,DIVIDED - W/MEDIAN BARRIER,STRAIGHT AND LEVEL,DRY,NO DEFECTS,Y,UNABLE TO DETERMINE,UNABLE TO DETERMINE,,NONINCAPACITATING INJURY,11,6,41.9543485532,-87.6727016926,2023,30,POINT (-87.6727016926 41.9543485532),,,,,2023-06-21,False,5,Lake View
8986,30,NO CONTROLS,NO CONTROLS,CLEAR,DAYLIGHT,PEDALCYCLIST,NOT DIVIDED,STRAIGHT AND LEVEL,DRY,NO DEFECTS,,FAILING TO YIELD RIGHT-OF-WAY,UNABLE TO DETERMINE,,NONINCAPACITATING INJURY,14,6,41.9248167406,-87.7002344981,2023,30,POINT (-87.7002344981 41.9248167406),,,,,2023-06-21,False,21,Logan Square
8987,30,STOP SIGN/FLASHER,FUNCTIONING PROPERLY,CLEAR,DAYLIGHT,PEDALCYCLIST,FOUR WAY,STRAIGHT AND LEVEL,DRY,NO DEFECTS,Y,FAILING TO YIELD RIGHT-OF-WAY,FAILING TO REDUCE SPEED TO AVOID CRASH,,NONINCAPACITATING INJURY,17,6,41.9614614208,-87.6707569985,2023,30,POINT (-87.6707569985 41.9614614208),,,,,2023-06-21,False,2,Uptown
8988,30,NO CONTROLS,NO CONTROLS,CLEAR,DAYLIGHT,PEDALCYCLIST,DIVIDED - W/MEDIAN (NOT RAISED),STRAIGHT AND LEVEL,DRY,NO DEFECTS,,UNABLE TO DETERMINE,UNABLE TO DETERMINE,,NONINCAPACITATING INJURY,18,6,41.9391749756,-87.7293708216,2023,30,POINT (-87.7293708216 41.9391749756),,,,,2023-06-21,False,15,Irving Park
8989,30,TRAFFIC SIGNAL,FUNCTIONING IMPROPERLY,CLEAR,DAYLIGHT,PEDALCYCLIST,NOT DIVIDED,STRAIGHT AND LEVEL,DRY,NO DEFECTS,Y,DISREGARDING TRAFFIC SIGNALS,NOT APPLICABLE,,NONINCAPACITATING INJURY,10,6,41.8893187111,-87.6281526679,2023,30,POINT (-87.6281526679 41.8893187111),,,,,2023-06-22,False,7,Near North Side
8990,30,TRAFFIC SIGNAL,FUNCTIONING PROPERLY,CLEAR,DAYLIGHT,PEDALCYCLIST,DRIVEWAY,STRAIGHT AND LEVEL,DRY,NO DEFECTS,N,FAILING TO REDUCE SPEED TO AVOID CRASH,NOT APPLICABLE,N,NONINCAPACITATING INJURY,13,6,41.9112245556,-87.6264825724,2023,30,POINT (-87.6264825724 41.9112245556),,,,,2023-06-22,False,6,Lincoln Park
8991,30,TRAFFIC SIGNAL,FUNCTIONING PROPERLY,CLEAR,DAYLIGHT,PEDALCYCLIST,FOUR WAY,STRAIGHT AND LEVEL,DRY,NO DEFECTS,Y,FAILING TO YIELD RIGHT-OF-WAY,FAILING TO YIELD RIGHT-OF-WAY,,NONINCAPACITATING INJURY,16,6,41.8916012848,-87.6297967052,2023,30,POINT (-87.6297967052 41.8916012848),,,,,2023-06-22,False,7,Near North Side
8992,20,NO CONTROLS,NO CONTROLS,CLEAR,DAYLIGHT,PEDALCYCLIST,NOT DIVIDED,STRAIGHT AND LEVEL,DRY,NO DEFECTS,Y,FAILING TO YIELD RIGHT-OF-WAY,FAILING TO REDUCE SPEED TO AVOID CRASH,,NONINCAPACITATING INJURY,17,6,41.9702966876,-87.6678079096,2023,20,POINT (-87.6678079096 41.9702966876),,,,,2023-06-22,False,2,Uptown
8993,30,UNKNOWN,UNKNOWN,UNKNOWN,UNKNOWN,PEDALCYCLIST,NOT DIVIDED,STRAIGHT AND LEVEL,UNKNOWN,UNKNOWN,,UNABLE TO DETERMINE,UNABLE TO DETERMINE,,"REPORTED, NOT EVIDENT",18,6,41.9288490994,-87.7068172135,2023,30,POINT (-87.7068172135 41.9288490994),,,,,2023-06-22,False,21,Logan Square
8994,30,TRAFFIC SIGNAL,FUNCTIONING PROPERLY,CLEAR,DAYLIGHT,PEDALCYCLIST,FOUR WAY,STRAIGHT AND LEVEL,DRY,NO DEFECTS,,NOT APPLICABLE,NOT APPLICABLE,Y,NO INDICATION OF INJURY,18,6,41.9237178378,-87.7756516025,2023,30,POINT (-87.7756516025 41.9237178378),,,,,2023-06-22,False,18,Belmont Cragin
8995,30,TRAFFIC SIGNAL,FUNCTIONING PROPERLY,CLEAR,"DARKNESS, LIGHTED ROAD",PEDALCYCLIST,T-INTERSECTION,STRAIGHT AND LEVEL,DRY,NO DEFECTS,Y,IMPROPER OVERTAKING/PASSING,FAILING TO YIELD RIGHT-OF-WAY,,INCAPACITATING INJURY,21,6,42.0039305679,-87.679740274,2023,30,POINT (-87.679740274 42.0039305679),,,,,2023-06-22,True,0,Rogers Park
8996,25,UNKNOWN,UNKNOWN,UNKNOWN,DARKNESS,PEDALCYCLIST,ONE-WAY,STRAIGHT AND LEVEL,DRY,UNKNOWN,,UNABLE TO DETERMINE,NOT APPLICABLE,,NONINCAPACITATING INJURY,22,6,41.9103092766,-87.7310829345,2023,25,POINT (-87.7310829345 41.9103092766),,,,,2023-06-22,False,22,Humboldt Park
8997,20,NO CONTROLS,NO CONTROLS,CLEAR,DAYLIGHT,PEDALCYCLIST,NOT DIVIDED,STRAIGHT AND LEVEL,DRY,NO DEFECTS,Y,"OPERATING VEHICLE IN ERRATIC, RECKLESS, CARELESS, NEGLIGENT OR AGGRESSIVE MANNER",IMPROPER OVERTAKING/PASSING,,INCAPACITATING INJURY,10,6,41.9193511548,-87.69177239,2023,20,POINT (-87.69177239 41.9193511548),,,,,2023-06-23,True,21,Logan Square
8998,30,NO CONTROLS,NO CONTROLS,CLEAR,DAYLIGHT,PEDALCYCLIST,ONE-WAY,STRAIGHT AND LEVEL,DRY,NO DEFECTS,,DRIVING SKILLS/KNOWLEDGE/EXPERIENCE,"VISION OBSCURED (SIGNS, TREE LIMBS, BUILDINGS, ETC.)",,NONINCAPACITATING INJURY,10,6,41.884584272,-87.6244702969,2023,30,POINT (-87.6244702969 41.884584272),,,,,2023-06-23,False,31,Loop
8999,30,STOP SIGN/FLASHER,FUNCTIONING PROPERLY,CLEAR,DAYLIGHT,PEDALCYCLIST,T-INTERSECTION,STRAIGHT AND LEVEL,DRY,NO DEFECTS,Y,IMPROPER LANE USAGE,FAILING TO YIELD RIGHT-OF-WAY,,"REPORTED, NOT EVIDENT",14,6,41.9766938822,-87.6600229568,2023,30,POINT (-87.6600229568 41.9766938822),,,,,2023-06-23,False,2,Uptown
9000,30,TRAFFIC SIGNAL,FUNCTIONING PROPERLY,CLEAR,DAYLIGHT,PEDALCYCLIST,NOT DIVIDED,STRAIGHT AND LEVEL,DRY,NO DEFECTS,Y,UNABLE TO DETERMINE,UNABLE TO DETERMINE,,"REPORTED, NOT EVIDENT",15,6,41.9690888547,-87.6595253805,2023,30,POINT (-87.6595253805 41.9690888547),,,,,2023-06-23,False,2,Uptown
9001,30,NO CONTROLS,NO CONTROLS,CLEAR,DAYLIGHT,PEDALCYCLIST,NOT DIVIDED,STRAIGHT AND LEVEL,DRY,NO DEFECTS,,UNABLE TO DETERMINE,NOT APPLICABLE,,NO INDICATION OF INJURY,15,6,41.9785278593,-87.7088972218,2023,30,POINT (-87.7088972218 41.9785278593),,,,,2023-06-23,False,12,North Park
9002,30,NO CONTROLS,NO CONTROLS,CLEAR,DAYLIGHT,PEDALCYCLIST,FOUR WAY,STRAIGHT AND LEVEL,DRY,NO DEFECTS,,UNABLE TO DETERMINE,UNABLE TO DETERMINE,,"REPORTED, NOT EVIDENT",16,6,41.9311986092,-87.7821941488,2023,30,POINT (-87.7821941488 41.9311986092),,,,,2023-06-23,False,18,Belmont Cragin
9003,30,NO CONTROLS,NO CONTROLS,CLEAR,DAYLIGHT,PEDALCYCLIST,FOUR WAY,STRAIGHT AND LEVEL,DRY,WORN SURFACE,,IMPROPER TURNING/NO SIGNAL,UNABLE TO DETERMINE,N,NONINCAPACITATING INJURY,16,6,41.9800651991,-87.6598241129,2023,30,POINT (-87.6598241129 41.9800651991),,,,,2023-06-23,False,76,Edgewater
9004,25,STOP SIGN/FLASHER,FUNCTIONING PROPERLY,CLEAR,DAYLIGHT,PEDALCYCLIST,FOUR WAY,STRAIGHT AND LEVEL,DRY,NO DEFECTS,Y,DISREGARDING STOP SIGN,DISREGARDING STOP SIGN,,NO INDICATION OF INJURY,16,6,41.7833541742,-87.6546564629,2023,25,POINT (-87.6546564629 41.7833541742),,,,,2023-06-23,False,66,Englewood
9005,30,NO CONTROLS,NO CONTROLS,CLEAR,DAYLIGHT,PEDALCYCLIST,NOT DIVIDED,STRAIGHT AND LEVEL,DRY,NO DEFECTS,,UNABLE TO DETERMINE,"OPERATING VEHICLE IN ERRATIC, RECKLESS, CARELESS, NEGLIGENT OR AGGRESSIVE MANNER",,NONINCAPACITATING INJURY,17,6,41.9311986092,-87.7821941488,2023,30,POINT (-87.7821941488 41.9311986092),,,,,2023-06-23,False,18,Belmont Cragin
9006,30,TRAFFIC SIGNAL,FUNCTIONING PROPERLY,CLEAR,"DARKNESS, LIGHTED ROAD",PEDALCYCLIST,NOT DIVIDED,STRAIGHT AND LEVEL,DRY,NO DEFECTS,,UNABLE TO DETERMINE,UNABLE TO DETERMINE,,NONINCAPACITATING INJURY,1,6,41.8069227381,-87.7161906744,2023,30,POINT (-87.7161906744 41.8069227381),,,,,2023-06-24,False,56,Archer Heights
9007,30,STOP SIGN/FLASHER,FUNCTIONING PROPERLY,CLEAR,"DARKNESS, LIGHTED ROAD",PEDALCYCLIST,FOUR WAY,STRAIGHT AND LEVEL,DRY,NO DEFECTS,Y,FAILING TO YIELD RIGHT-OF-WAY,NOT APPLICABLE,,INCAPACITATING INJURY,2,6,41.8900726171,-87.6355978558,2023,30,POINT (-87.6355978558 41.8900726171),,,,,2023-06-24,True,7,Near North Side
9008,15,NO CONTROLS,NO CONTROLS,CLEAR,DAYLIGHT,PEDALCYCLIST,NOT DIVIDED,STRAIGHT AND LEVEL,DRY,UNKNOWN,,UNABLE TO DETERMINE,NOT APPLICABLE,,"REPORTED, NOT EVIDENT",8,6,41.9643895222,-87.6387565906,2023,15,POINT (-87.6387565906 41.9643895222),,,,,2023-06-24,False,2,Uptown
9009,25,STOP SIGN/FLASHER,FUNCTIONING PROPERLY,CLEAR,DAYLIGHT,PEDALCYCLIST,FOUR WAY,STRAIGHT AND LEVEL,DRY,NO DEFECTS,Y,FAILING TO YIELD RIGHT-OF-WAY,NOT APPLICABLE,,NO INDICATION OF INJURY,10,6,41.8978391724,-87.6772296885,2023,25,POINT (-87.6772296885 41.8978391724),,,,,2023-06-24,False,23,West Town
9010,30,NO CONTROLS,NO CONTROLS,CLEAR,DAYLIGHT,PEDALCYCLIST,NOT DIVIDED,STRAIGHT AND LEVEL,DRY,NO DEFECTS,,FAILING TO YIELD RIGHT-OF-WAY,UNABLE TO DETERMINE,Y,"REPORTED, NOT EVIDENT",14,6,41.8891582371,-87.642948945,2023,30,POINT (-87.642948945 41.8891582371),,,,,2023-06-24,False,7,Near North Side
9011,20,UNKNOWN,UNKNOWN,CLEAR,DAYLIGHT,PEDALCYCLIST,UNKNOWN,STRAIGHT AND LEVEL,DRY,UNKNOWN,,UNABLE TO DETERMINE,UNABLE TO DETERMINE,,NONINCAPACITATING INJURY,15,6,41.8545194535,-87.7249580095,2023,20,POINT (-87.7249580095 41.8545194535),,,,,2023-06-24,False,28,North Lawndale
9012,30,TRAFFIC SIGNAL,FUNCTIONING PROPERLY,CLEAR,DAYLIGHT,PEDALCYCLIST,NOT DIVIDED,STRAIGHT AND LEVEL,DRY,NO DEFECTS,,FAILING TO YIELD RIGHT-OF-WAY,NOT APPLICABLE,Y,"REPORTED, NOT EVIDENT",16,6,41.880587422,-87.7279947934,2023,30,POINT (-87.7279947934 41.880587422),,,,,2023-06-24,False,25,Garfield Park
9013,30,NO CONTROLS,NO CONTROLS,CLEAR,DAYLIGHT,PEDALCYCLIST,ONE-WAY,STRAIGHT AND LEVEL,DRY,UNKNOWN,,NOT APPLICABLE,FAILING TO YIELD RIGHT-OF-WAY,,NO INDICATION OF INJURY,16,6,41.8858633669,-87.7624751724,2023,30,POINT (-87.7624751724 41.8858633669),,,,,2023-06-24,False,24,Austin
9014,30,STOP SIGN/FLASHER,FUNCTIONING PROPERLY,CLEAR,DUSK,PEDALCYCLIST,NOT DIVIDED,STRAIGHT AND LEVEL,DRY,NO DEFECTS,Y,FAILING TO YIELD RIGHT-OF-WAY,NOT APPLICABLE,,FATAL,21,6,41.7887245992,-87.784264102,2023,30,POINT (-87.784264102 41.7887245992),,,,,2023-06-24,True,55,Garfield Ridge
9015,30,NO CONTROLS,NO CONTROLS,CLEAR,DUSK,PEDALCYCLIST,NOT DIVIDED,STRAIGHT AND LEVEL,DRY,UNKNOWN,,UNABLE TO DETERMINE,UNABLE TO DETERMINE,Y,NO INDICATION OF INJURY,21,6,41.9412941808,-87.6442920062,2023,30,POINT (-87.6442920062 41.9412941808),,,,,2023-06-24,False,5,Lake View
9016,30,NO CONTROLS,NO CONTROLS,CLEAR,"DARKNESS, LIGHTED ROAD",PEDALCYCLIST,NOT DIVIDED,STRAIGHT AND LEVEL,DRY,NO DEFECTS,,UNABLE TO DETERMINE,UNABLE TO DETERMINE,,INCAPACITATING INJURY,23,6,41.9236952552,-87.6984085507,2023,30,POINT (-87.6984085507 41.9236952552),,,,,2023-06-24,True,21,Logan Square
9017,30,NO CONTROLS,NO CONTROLS,CLEAR,DAYLIGHT,PEDALCYCLIST,NOT DIVIDED,STRAIGHT AND LEVEL,DRY,NO DEFECTS,,NOT APPLICABLE,NOT APPLICABLE,Y,NONINCAPACITATING INJURY,11,6,41.9176534007,-87.6483396669,2023,30,POINT (-87.6483396669 41.9176534007),,,,,2023-06-25,False,6,Lincoln Park
9018,30,STOP SIGN/FLASHER,FUNCTIONING PROPERLY,RAIN,DAYLIGHT,PEDALCYCLIST,NOT DIVIDED,STRAIGHT AND LEVEL,WET,NO DEFECTS,,UNABLE TO DETERMINE,"VISION OBSCURED (SIGNS, TREE LIMBS, BUILDINGS, ETC.)",,NONINCAPACITATING INJURY,12,6,41.8850739922,-87.6473079033,2023,30,POINT (-87.6473079033 41.8850739922),,,,,2023-06-26,False,27,Near West Side
9019,30,TRAFFIC SIGNAL,FUNCTIONING PROPERLY,CLEAR,"DARKNESS, LIGHTED ROAD",PEDALCYCLIST,FOUR WAY,STRAIGHT AND LEVEL,DRY,NO DEFECTS,,FAILING TO REDUCE SPEED TO AVOID CRASH,"OPERATING VEHICLE IN ERRATIC, RECKLESS, CARELESS, NEGLIGENT OR AGGRESSIVE MANNER",,INCAPACITATING INJURY,22,6,41.8672861653,-87.6305809677,2023,30,POINT (-87.6305809677 41.8672861653),,,,,2023-06-26,True,32,Near South Side
9020,30,UNKNOWN,UNKNOWN,CLEAR,UNKNOWN,PEDALCYCLIST,UNKNOWN INTERSECTION TYPE,STRAIGHT AND LEVEL,UNKNOWN,NO DEFECTS,,FAILING TO YIELD RIGHT-OF-WAY,NOT APPLICABLE,,NONINCAPACITATING INJURY,22,6,41.9509545014,-87.6581098729,2023,30,POINT (-87.6581098729 41.9509545014),,,,,2023-06-26,False,5,Lake View
9021,30,TRAFFIC SIGNAL,FUNCTIONING PROPERLY,CLEAR,DAYLIGHT,PEDALCYCLIST,ONE-WAY,STRAIGHT AND LEVEL,UNKNOWN,UNKNOWN,,UNABLE TO DETERMINE,UNABLE TO DETERMINE,,NO INDICATION OF INJURY,11,6,41.970477858,-87.708386116,2023,30,POINT (-87.708386116 41.970477858),,,,,2023-06-27,False,13,Albany Park
9022,30,STOP SIGN/FLASHER,FUNCTIONING PROPERLY,CLEAR,DAYLIGHT,PEDALCYCLIST,ONE-WAY,STRAIGHT AND LEVEL,DRY,NO DEFECTS,,DRIVING SKILLS/KNOWLEDGE/EXPERIENCE,NOT APPLICABLE,,NO INDICATION OF INJURY,13,6,41.9206787071,-87.7473818575,2023,30,POINT (-87.7473818575 41.9206787071),,,,,2023-06-27,False,18,Belmont Cragin
9023,10,NO CONTROLS,NO CONTROLS,CLEAR,DAYLIGHT,PEDALCYCLIST,OTHER,STRAIGHT AND LEVEL,DRY,NO DEFECTS,,DRIVING SKILLS/KNOWLEDGE/EXPERIENCE,UNABLE TO DETERMINE,,NONINCAPACITATING INJURY,13,6,41.9414254375,-87.6679873108,2023,10,POINT (-87.6679873108 41.9414254375),,,,,2023-06-27,False,5,Lake View
9024,30,TRAFFIC SIGNAL,FUNCTIONING PROPERLY,FOG/SMOKE/HAZE,DAYLIGHT,PEDALCYCLIST,ONE-WAY,STRAIGHT AND LEVEL,DRY,NO DEFECTS,,FAILING TO YIELD RIGHT-OF-WAY,NOT APPLICABLE,Y,NONINCAPACITATING INJURY,13,6,41.8931967165,-87.625913848,2023,30,POINT (-87.625913848 41.8931967165),,,,,2023-06-27,False,7,Near North Side
9025,30,NO CONTROLS,NO CONTROLS,CLEAR,DAYLIGHT,PEDALCYCLIST,T-INTERSECTION,STRAIGHT AND LEVEL,DRY,NO DEFECTS,Y,DRIVING SKILLS/KNOWLEDGE/EXPERIENCE,NOT APPLICABLE,Y,NONINCAPACITATING INJURY,15,6,41.943310283,-87.6637930984,2023,30,POINT (-87.6637930984 41.943310283),,,,,2023-06-27,False,5,Lake View
9026,30,TRAFFIC SIGNAL,FUNCTIONING PROPERLY,CLEAR,DAYLIGHT,PEDALCYCLIST,DIVIDED - W/MEDIAN (NOT RAISED),STRAIGHT AND LEVEL,DRY,NO DEFECTS,Y,UNABLE TO DETERMINE,NOT APPLICABLE,Y,NONINCAPACITATING INJURY,16,6,41.9098788572,-87.7353245241,2023,30,POINT (-87.7353245241 41.9098788572),,,,,2023-06-27,False,22,Humboldt Park
9027,30,NO CONTROLS,NO CONTROLS,CLEAR,DAYLIGHT,PEDALCYCLIST,NOT DIVIDED,STRAIGHT AND LEVEL,DRY,NO DEFECTS,,DRIVING SKILLS/KNOWLEDGE/EXPERIENCE,UNABLE TO DETERMINE,,NO INDICATION OF INJURY,17,6,41.7244393936,-87.5609126022,2023,30,POINT (-87.5609126022 41.7244393936),,,,,2023-06-27,False,45,South Chicago
9028,30,NO CONTROLS,NO CONTROLS,CLEAR,DAYLIGHT,PEDALCYCLIST,NOT DIVIDED,STRAIGHT AND LEVEL,DRY,NO DEFECTS,,FAILING TO REDUCE SPEED TO AVOID CRASH,IMPROPER LANE USAGE,,NONINCAPACITATING INJURY,17,6,41.8965584796,-87.6288592024,2023,30,POINT (-87.6288592024 41.8965584796),,,,,2023-06-27,False,7,Near North Side
9029,30,NO CONTROLS,NO CONTROLS,CLEAR,"DARKNESS, LIGHTED ROAD",PEDALCYCLIST,FOUR WAY,STRAIGHT AND LEVEL,DRY,UNKNOWN,Y,UNABLE TO DETERMINE,UNABLE TO DETERMINE,,INCAPACITATING INJURY,0,6,41.9598573866,-87.6693544424,2023,30,POINT (-87.6693544424 41.9598573866),,,,,2023-06-28,True,2,Uptown
9030,30,TRAFFIC SIGNAL,FUNCTIONING PROPERLY,UNKNOWN,DAYLIGHT,PEDALCYCLIST,FOUR WAY,STRAIGHT AND LEVEL,UNKNOWN,UNKNOWN,,DRIVING SKILLS/KNOWLEDGE/EXPERIENCE,DRIVING SKILLS/KNOWLEDGE/EXPERIENCE,,NONINCAPACITATING INJURY,13,6,41.8673626698,-87.6397161965,2023,30,POINT (-87.6397161965 41.8673626698),,,,,2023-06-28,False,27,Near West Side
9031,30,UNKNOWN,UNKNOWN,FOG/SMOKE/HAZE,DAYLIGHT,PEDALCYCLIST,UNKNOWN,STRAIGHT AND LEVEL,DRY,NO DEFECTS,,UNABLE TO DETERMINE,NOT APPLICABLE,,"REPORTED, NOT EVIDENT",16,6,41.9198090704,-87.7558765964,2023,30,POINT (-87.7558765964 41.9198090704),,,,,2023-06-28,False,18,Belmont Cragin
9032,30,TRAFFIC SIGNAL,FUNCTIONING PROPERLY,CLEAR,DAYLIGHT,PEDALCYCLIST,FOUR WAY,STRAIGHT AND LEVEL,DRY,NO DEFECTS,Y,DISREGARDING TRAFFIC SIGNALS,NOT APPLICABLE,,NONINCAPACITATING INJURY,17,6,41.9690638207,-87.6496443284,2023,30,POINT (-87.6496443284 41.9690638207),,,,,2023-06-28,False,2,Uptown
9033,30,NO CONTROLS,NO CONTROLS,CLEAR,DAYLIGHT,PEDALCYCLIST,NOT DIVIDED,STRAIGHT AND LEVEL,DRY,NO DEFECTS,Y,FAILING TO YIELD RIGHT-OF-WAY,UNABLE TO DETERMINE,,NONINCAPACITATING INJURY,17,6,41.998583196,-87.8069443819,2023,30,POINT (-87.8069443819 41.998583196),,,,,2023-06-28,False,8,Edison Park
9034,30,UNKNOWN,UNKNOWN,CLEAR,DAYLIGHT,PEDALCYCLIST,NOT DIVIDED,STRAIGHT AND LEVEL,DRY,UNKNOWN,,UNABLE TO DETERMINE,UNABLE TO DETERMINE,,NO INDICATION OF INJURY,17,6,41.9733604573,-87.6550765826,2023,30,POINT (-87.6550765826 41.9733604573),,,,,2023-06-28,False,2,Uptown
9035,30,STOP SIGN/FLASHER,FUNCTIONING PROPERLY,CLEAR,DAYLIGHT,PEDALCYCLIST,NOT DIVIDED,STRAIGHT AND LEVEL,DRY,NO DEFECTS,Y,FAILING TO YIELD RIGHT-OF-WAY,UNABLE TO DETERMINE,,NONINCAPACITATING INJURY,17,6,41.967992817,-87.7595952196,2023,30,POINT (-87.7595952196 41.967992817),,,,,2023-06-28,False,10,Jefferson Park
9036,30,TRAFFIC SIGNAL,FUNCTIONING PROPERLY,CLEAR,DAYLIGHT,PEDALCYCLIST,FOUR WAY,STRAIGHT AND LEVEL,DRY,NO DEFECTS,Y,UNABLE TO DETERMINE,UNABLE TO DETERMINE,,NONINCAPACITATING INJURY,17,6,41.9301475326,-87.685601516,2023,30,POINT (-87.685601516 41.9301475326),,,,,2023-06-28,False,21,Logan Square
9037,30,UNKNOWN,UNKNOWN,CLEAR,DAYLIGHT,PEDALCYCLIST,NOT DIVIDED,STRAIGHT AND LEVEL,UNKNOWN,UNKNOWN,,IMPROPER OVERTAKING/PASSING,UNABLE TO DETERMINE,,NONINCAPACITATING INJURY,18,6,41.9305534466,-87.6436487851,2023,30,POINT (-87.6436487851 41.9305534466),,,,,2023-06-28,False,6,Lincoln Park
9038,30,STOP SIGN/FLASHER,FUNCTIONING PROPERLY,CLEAR,DAYLIGHT,PEDALCYCLIST,ONE-WAY,STRAIGHT AND LEVEL,DRY,NO DEFECTS,Y,UNABLE TO DETERMINE,UNABLE TO DETERMINE,,NONINCAPACITATING INJURY,19,6,41.9036029517,-87.7314499665,2023,30,POINT (-87.7314499665 41.9036029517),,,,,2023-06-28,False,22,Humboldt Park
9039,30,NO CONTROLS,NO CONTROLS,RAIN,DAYLIGHT,PEDALCYCLIST,DIVIDED - W/MEDIAN (NOT RAISED),STRAIGHT AND LEVEL,WET,NO DEFECTS,,UNABLE TO DETERMINE,UNABLE TO DETERMINE,Y,NONINCAPACITATING INJURY,15,6,41.9074247296,-87.6730736739,2023,30,POINT (-87.6730736739 41.9074247296),,,,,2023-06-29,False,23,West Town
9040,30,NO CONTROLS,NO CONTROLS,CLEAR,DAWN,PEDALCYCLIST,FOUR WAY,STRAIGHT AND LEVEL,DRY,NO DEFECTS,Y,FAILING TO YIELD RIGHT-OF-WAY,DRIVING SKILLS/KNOWLEDGE/EXPERIENCE,,NO INDICATION OF INJURY,16,6,41.7905846021,-87.6583647377,2023,30,POINT (-87.6583647377 41.7905846021),,,,,2023-06-29,False,66,Englewood
9041,30,NO CONTROLS,NO CONTROLS,CLEAR,"DARKNESS, LIGHTED ROAD",PEDALCYCLIST,NOT DIVIDED,STRAIGHT AND LEVEL,DRY,NO DEFECTS,,NOT APPLICABLE,NOT APPLICABLE,,NONINCAPACITATING INJURY,3,6,41.9311507871,-87.767399297,2023,30,POINT (-87.767399297 41.9311507871),,,,,2023-06-30,False,18,Belmont Cragin
9042,30,PEDESTRIAN CROSSING SIGN,FUNCTIONING PROPERLY,CLEAR,DAYLIGHT,PEDALCYCLIST,NOT DIVIDED,STRAIGHT AND LEVEL,DRY,NO DEFECTS,,FAILING TO YIELD RIGHT-OF-WAY,NOT APPLICABLE,,NONINCAPACITATING INJURY,9,6,42.0095263993,-87.6903293946,2023,30,POINT (-87.6903293946 42.0095263993),,,,,2023-06-30,False,1,West Ridge
9043,30,TRAFFIC SIGNAL,FUNCTIONING PROPERLY,CLEAR,DAYLIGHT,PEDALCYCLIST,DIVIDED - W/MEDIAN (NOT RAISED),STRAIGHT AND LEVEL,DRY,NO DEFECTS,,UNABLE TO DETERMINE,UNABLE TO DETERMINE,,"REPORTED, NOT EVIDENT",12,6,41.866723906,-87.6859185544,2023,30,POINT (-87.6859185544 41.866723906),,,,,2023-06-30,False,27,Near West Side
9044,30,UNKNOWN,UNKNOWN,CLEAR,DAYLIGHT,PEDALCYCLIST,NOT DIVIDED,STRAIGHT AND LEVEL,DRY,NO DEFECTS,Y,UNABLE TO DETERMINE,NOT APPLICABLE,,INCAPACITATING INJURY,14,6,41.9681046544,-87.730537781,2023,30,POINT (-87.730537781 41.9681046544),,,,,2023-06-30,True,11,Forest Glen
9045,30,NO CONTROLS,NO CONTROLS,CLEAR,DAYLIGHT,PEDALCYCLIST,DIVIDED - W/MEDIAN (NOT RAISED),STRAIGHT AND LEVEL,DRY,NO DEFECTS,,UNABLE TO DETERMINE,NOT APPLICABLE,,NO INDICATION OF INJURY,15,6,41.9093086065,-87.6755691007,2023,30,POINT (-87.6755691007 41.9093086065),,,,,2023-06-30,False,23,West Town
9046,20,NO CONTROLS,NO CONTROLS,CLEAR,DAYLIGHT,PEDALCYCLIST,NOT DIVIDED,STRAIGHT AND LEVEL,DRY,NO DEFECTS,,FAILING TO YIELD RIGHT-OF-WAY,NOT APPLICABLE,,NO INDICATION OF INJURY,18,6,41.9088099975,-87.6756427175,2023,20,POINT (-87.6756427175 41.9088099975),,,,,2023-06-30,False,23,West Town
9047,30,TRAFFIC SIGNAL,FUNCTIONING PROPERLY,CLEAR,DAYLIGHT,PEDALCYCLIST,NOT DIVIDED,STRAIGHT AND LEVEL,WET,UNKNOWN,Y,FAILING TO YIELD RIGHT-OF-WAY,NOT APPLICABLE,,INCAPACITATING INJURY,19,6,41.952767097,-87.6498014362,2023,30,POINT (-87.6498014362 41.952767097),,,,,2023-06-30,True,5,Lake View
9048,30,NO CONTROLS,NO CONTROLS,CLOUDY/OVERCAST,DAYLIGHT,PEDALCYCLIST,NOT DIVIDED,STRAIGHT AND LEVEL,UNKNOWN,NO DEFECTS,,UNABLE TO DETERMINE,UNABLE TO DETERMINE,Y,"REPORTED, NOT EVIDENT",19,6,41.9297596629,-87.6428486171,2023,30,POINT (-87.6428486171 41.9297596629),,,,,2023-06-30,False,6,Lincoln Park