Unnamed: 0,POSTED_SPEED_LIMIT,TRAFFIC_CONTROL_DEVICE,DEVICE_CONDITION,WEATHER_CONDITION,LIGHTING_CONDITION,FIRST_CRASH_TYPE,TRAFFICWAY_TYPE,ALIGNMENT,ROADWAY_SURFACE_COND,ROAD_DEFECT,INTERSECTION_RELATED_I,PRIM_CONTRIBUTORY_CAUSE,SEC_CONTRIBUTORY_CAUSE,DOORING_I,MOST_SEVERE_INJURY,CRASH_HOUR,CRASH_MONTH,LATITUDE,LONGITUDE,CRASH_YEAR,SPEED_LIMIT,geometry,DISPLAYROU,the_geom,DIST,LANE_TYPE,CRASH_DATE,is_severe,index_right,CArea
9049,30,TRAFFIC SIGNAL,FUNCTIONING PROPERLY,CLEAR,DAWN,PEDALCYCLIST,NOT DIVIDED,STRAIGHT AND LEVEL,DRY,NO DEFECTS,Y,UNABLE TO DETERMINE,NOT APPLICABLE,,NO INDICATION OF INJURY,20,6,41.854453063,-87.6316760828,2023,30,POINT (-87.6316760828 41.854453063),,,,,2023-06-30,False,32,Near South Side
9050,30,STOP SIGN/FLASHER,FUNCTIONING PROPERLY,CLEAR,DUSK,PEDALCYCLIST,FOUR WAY,STRAIGHT AND LEVEL,DRY,NO DEFECTS,Y,UNABLE TO DETERMINE,NOT APPLICABLE,,NONINCAPACITATING INJURY,20,6,41.9535593939,-87.7457314499,2023,30,POINT (-87.7457314499 41.9535593939),,,,,2023-06-30,False,14,Portage Park
9051,30,NO CONTROLS,NO CONTROLS,CLEAR,"DARKNESS, LIGHTED ROAD",PEDALCYCLIST,ONE-WAY,STRAIGHT AND LEVEL,DRY,NO DEFECTS,N,FAILING TO YIELD RIGHT-OF-WAY,"EVASIVE ACTION DUE TO ANIMAL, OBJECT, NONMOTORIST",,INCAPACITATING INJURY,23,6,41.7567395741,-87.6248755069,2023,30,POINT (-87.6248755069 41.7567395741),,,,,2023-06-30,True,68,Grand Crossing
9052,25,NO CONTROLS,NO CONTROLS,CLEAR,DAYLIGHT,PEDALCYCLIST,NOT DIVIDED,STRAIGHT AND LEVEL,DRY,NO DEFECTS,,UNABLE TO DETERMINE,UNABLE TO DETERMINE,,NONINCAPACITATING INJURY,11,7,41.7284112336,-87.6626106981,2023,25,POINT (-87.6626106981 41.7284112336),,,,,2023-07-01,False,71,Beverly
9053,30,TRAFFIC SIGNAL,FUNCTIONING PROPERLY,CLOUDY/OVERCAST,DAYLIGHT,PEDALCYCLIST,NOT DIVIDED,STRAIGHT AND LEVEL,DRY,UNKNOWN,,DRIVING SKILLS/KNOWLEDGE/EXPERIENCE,DRIVING SKILLS/KNOWLEDGE/EXPERIENCE,,NO INDICATION OF INJURY,12,7,41.8601002157,-87.6255763663,2023,30,POINT (-87.6255763663 41.8601002157),,,,,2023-07-01,False,32,Near South Side
9054,30,NO CONTROLS,NO CONTROLS,CLEAR,DAYLIGHT,PEDALCYCLIST,NOT DIVIDED,STRAIGHT AND LEVEL,DRY,NO DEFECTS,,UNABLE TO DETERMINE,UNABLE TO DETERMINE,Y,NONINCAPACITATING INJURY,12,7,41.915457996,-87.6850874761,2023,30,POINT (-87.6850874761 41.915457996),,,,,2023-07-01,False,21,Logan Square
9055,30,NO CONTROLS,NO CONTROLS,CLEAR,DAYLIGHT,PEDALCYCLIST,DIVIDED - W/MEDIAN (NOT RAISED),STRAIGHT AND LEVEL,DRY,NO DEFECTS,,UNABLE TO DETERMINE,NOT APPLICABLE,,NO INDICATION OF INJURY,15,7,41.9647647243,-87.6885589331,2023,30,POINT (-87.6885589331 41.9647647243),,,,,2023-07-01,False,3,Lincoln Square
9056,30,NO CONTROLS,UNKNOWN,CLEAR,DAYLIGHT,PEDALCYCLIST,DIVIDED - W/MEDIAN (NOT RAISED),STRAIGHT AND LEVEL,DRY,UNKNOWN,,FAILING TO REDUCE SPEED TO AVOID CRASH,NOT APPLICABLE,,NONINCAPACITATING INJURY,15,7,41.9450108722,-87.6638144101,2023,30,POINT (-87.6638144101 41.9450108722),,,,,2023-07-01,False,5,Lake View
9057,20,NO CONTROLS,NO CONTROLS,RAIN,DAYLIGHT,PEDALCYCLIST,NOT DIVIDED,STRAIGHT AND LEVEL,WET,NO DEFECTS,,UNABLE TO DETERMINE,UNABLE TO DETERMINE,,NONINCAPACITATING INJURY,16,7,41.9535221595,-87.6495261602,2023,20,POINT (-87.6495261602 41.9535221595),,,,,2023-07-01,False,5,Lake View
9058,30,NO CONTROLS,NO CONTROLS,CLEAR,DAYLIGHT,PEDALCYCLIST,OTHER,STRAIGHT AND LEVEL,DRY,NO DEFECTS,,FAILING TO YIELD RIGHT-OF-WAY,FAILING TO YIELD RIGHT-OF-WAY,,NONINCAPACITATING INJURY,16,7,41.8319215216,-87.6753793408,2023,30,POINT (-87.6753793408 41.8319215216),,,,,2023-07-01,False,58,Mckinley Park
9059,30,NO CONTROLS,NO CONTROLS,RAIN,DAYLIGHT,PEDALCYCLIST,DIVIDED - W/MEDIAN (NOT RAISED),STRAIGHT AND LEVEL,WET,NO DEFECTS,,FAILING TO YIELD RIGHT-OF-WAY,UNABLE TO DETERMINE,Y,NONINCAPACITATING INJURY,16,7,41.9182026322,-87.6541770911,2023,30,POINT (-87.6541770911 41.9182026322),,,,,2023-07-01,False,6,Lincoln Park
9060,35,OTHER,OTHER,CLEAR,DAYLIGHT,PEDALCYCLIST,NOT DIVIDED,STRAIGHT AND LEVEL,DRY,NO DEFECTS,,FAILING TO YIELD RIGHT-OF-WAY,FAILING TO REDUCE SPEED TO AVOID CRASH,,NONINCAPACITATING INJURY,18,7,41.8674844605,-87.6303889077,2023,35,POINT (-87.6303889077 41.8674844605),,,,,2023-07-01,False,31,Loop
9061,30,TRAFFIC SIGNAL,FUNCTIONING PROPERLY,CLEAR,"DARKNESS, LIGHTED ROAD",PEDALCYCLIST,FOUR WAY,STRAIGHT AND LEVEL,DRY,NO DEFECTS,Y,IMPROPER OVERTAKING/PASSING,NOT APPLICABLE,,INCAPACITATING INJURY,22,7,42.0161299449,-87.6652531975,2023,30,POINT (-87.6652531975 42.0161299449),,,,,2023-07-01,True,0,Rogers Park
9062,30,TRAFFIC SIGNAL,FUNCTIONING PROPERLY,RAIN,"DARKNESS, LIGHTED ROAD",PEDALCYCLIST,FOUR WAY,STRAIGHT AND LEVEL,WET,NO DEFECTS,,FAILING TO YIELD RIGHT-OF-WAY,NOT APPLICABLE,,INCAPACITATING INJURY,0,7,41.8380868387,-87.6514311438,2023,30,POINT (-87.6514311438 41.8380868387),,,,,2023-07-02,True,30,Lower West Side
9063,30,TRAFFIC SIGNAL,FUNCTIONING PROPERLY,RAIN,DAYLIGHT,PEDALCYCLIST,ONE-WAY,STRAIGHT AND LEVEL,WET,NO DEFECTS,Y,FAILING TO YIELD RIGHT-OF-WAY,NOT APPLICABLE,,NO INDICATION OF INJURY,14,7,41.8845461488,-87.6413476146,2023,30,POINT (-87.6413476146 41.8845461488),,,,,2023-07-02,False,27,Near West Side
9064,30,TRAFFIC SIGNAL,FUNCTIONING PROPERLY,RAIN,DAYLIGHT,PEDALCYCLIST,FOUR WAY,STRAIGHT AND LEVEL,WET,NO DEFECTS,Y,DISREGARDING TRAFFIC SIGNALS,NOT APPLICABLE,,NO INDICATION OF INJURY,16,7,41.8160748638,-87.6456635292,2023,30,POINT (-87.6456635292 41.8160748638),,,,,2023-07-02,False,60,New City
9065,30,NO CONTROLS,NO CONTROLS,CLEAR,DAYLIGHT,PEDALCYCLIST,NOT DIVIDED,STRAIGHT AND LEVEL,UNKNOWN,UNKNOWN,,UNABLE TO DETERMINE,NOT APPLICABLE,Y,NO INDICATION OF INJURY,12,7,41.9444428269,-87.6637982475,2023,30,POINT (-87.6637982475 41.9444428269),,,,,2023-07-03,False,5,Lake View
9066,30,UNKNOWN,UNKNOWN,UNKNOWN,UNKNOWN,PEDALCYCLIST,NOT DIVIDED,STRAIGHT AND LEVEL,UNKNOWN,UNKNOWN,,UNABLE TO DETERMINE,UNABLE TO DETERMINE,,"REPORTED, NOT EVIDENT",13,7,41.9444428269,-87.6637982475,2023,30,POINT (-87.6637982475 41.9444428269),,,,,2023-07-03,False,5,Lake View
9067,10,STOP SIGN/FLASHER,FUNCTIONING PROPERLY,CLEAR,DAYLIGHT,PEDALCYCLIST,DRIVEWAY,STRAIGHT AND LEVEL,DRY,NO DEFECTS,,DISREGARDING STOP SIGN,NOT APPLICABLE,,NONINCAPACITATING INJURY,13,7,41.8671365187,-87.6226937401,2023,10,POINT (-87.6226937401 41.8671365187),,,,,2023-07-03,False,32,Near South Side
9068,30,NO CONTROLS,NO CONTROLS,CLEAR,DAYLIGHT,PEDALCYCLIST,ONE-WAY,STRAIGHT AND LEVEL,DRY,NO DEFECTS,,UNABLE TO DETERMINE,NOT APPLICABLE,,"REPORTED, NOT EVIDENT",14,7,41.891965857,-87.6170797471,2023,30,POINT (-87.6170797471 41.891965857),,,,,2023-07-03,False,7,Near North Side
9069,30,TRAFFIC SIGNAL,FUNCTIONING PROPERLY,CLEAR,DAYLIGHT,PEDALCYCLIST,NOT DIVIDED,STRAIGHT AND LEVEL,DRY,UNKNOWN,Y,UNABLE TO DETERMINE,UNABLE TO DETERMINE,,NONINCAPACITATING INJURY,15,7,41.8817064526,-87.7454621149,2023,30,POINT (-87.7454621149 41.8817064526),,,,,2023-07-03,False,24,Austin
9070,30,STOP SIGN/FLASHER,FUNCTIONING PROPERLY,CLEAR,DAYLIGHT,PEDALCYCLIST,FOUR WAY,STRAIGHT AND LEVEL,DRY,NO DEFECTS,Y,UNABLE TO DETERMINE,NOT APPLICABLE,,NONINCAPACITATING INJURY,16,7,41.9764681171,-87.6562719005,2023,30,POINT (-87.6562719005 41.9764681171),,,,,2023-07-03,False,2,Uptown
9071,30,TRAFFIC SIGNAL,FUNCTIONING PROPERLY,CLEAR,DAYLIGHT,PEDALCYCLIST,NOT DIVIDED,STRAIGHT AND LEVEL,DRY,NO DEFECTS,,DISTRACTION - FROM INSIDE VEHICLE,UNABLE TO DETERMINE,Y,NONINCAPACITATING INJURY,18,7,41.8910445691,-87.6203718391,2023,30,POINT (-87.6203718391 41.8910445691),,,,,2023-07-03,False,7,Near North Side
9072,30,NO CONTROLS,NO CONTROLS,CLEAR,DAYLIGHT,PEDALCYCLIST,NOT DIVIDED,STRAIGHT AND LEVEL,DRY,NO DEFECTS,,UNABLE TO DETERMINE,UNABLE TO DETERMINE,,NO INDICATION OF INJURY,19,7,41.9281374805,-87.6487099132,2023,30,POINT (-87.6487099132 41.9281374805),,,,,2023-07-03,False,6,Lincoln Park
9073,30,TRAFFIC SIGNAL,FUNCTIONING PROPERLY,CLEAR,"DARKNESS, LIGHTED ROAD",PEDALCYCLIST,DIVIDED - W/MEDIAN (NOT RAISED),STRAIGHT AND LEVEL,DRY,NO DEFECTS,Y,FAILING TO YIELD RIGHT-OF-WAY,UNABLE TO DETERMINE,,NO INDICATION OF INJURY,22,7,41.9326648873,-87.6587742595,2023,30,POINT (-87.6587742595 41.9326648873),,,,,2023-07-03,False,5,Lake View
9074,30,TRAFFIC SIGNAL,FUNCTIONING PROPERLY,CLEAR,"DARKNESS, LIGHTED ROAD",PEDALCYCLIST,DIVIDED - W/MEDIAN (NOT RAISED),STRAIGHT AND LEVEL,UNKNOWN,UNKNOWN,Y,DRIVING ON WRONG SIDE/WRONG WAY,IMPROPER TURNING/NO SIGNAL,,NONINCAPACITATING INJURY,1,7,41.9136227333,-87.6822572059,2023,30,POINT (-87.6822572059 41.9136227333),,,,,2023-07-04,False,6,Lincoln Park
9075,30,TRAFFIC SIGNAL,FUNCTIONING PROPERLY,CLEAR,DAYLIGHT,PEDALCYCLIST,NOT DIVIDED,STRAIGHT AND LEVEL,DRY,NO DEFECTS,,IMPROPER OVERTAKING/PASSING,DRIVING SKILLS/KNOWLEDGE/EXPERIENCE,Y,NONINCAPACITATING INJURY,12,7,41.9763346848,-87.6548497077,2023,30,POINT (-87.6548497077 41.9763346848),,,,,2023-07-04,False,2,Uptown
9076,30,STOP SIGN/FLASHER,NO CONTROLS,CLEAR,DAYLIGHT,PEDALCYCLIST,NOT DIVIDED,STRAIGHT AND LEVEL,DRY,NO DEFECTS,,FAILING TO YIELD RIGHT-OF-WAY,UNABLE TO DETERMINE,,NONINCAPACITATING INJURY,13,7,41.8061533599,-87.723195366,2023,30,POINT (-87.723195366 41.8061533599),,,,,2023-07-04,False,56,Archer Heights
9077,30,NO CONTROLS,NO CONTROLS,CLEAR,DAYLIGHT,PEDALCYCLIST,NOT DIVIDED,STRAIGHT AND LEVEL,DRY,NO DEFECTS,,UNABLE TO DETERMINE,NOT APPLICABLE,,NONINCAPACITATING INJURY,13,7,41.9689439109,-87.6731514416,2023,30,POINT (-87.6731514416 41.9689439109),,,,,2023-07-04,False,2,Uptown
9078,30,NO CONTROLS,NO CONTROLS,CLEAR,DAYLIGHT,PEDALCYCLIST,PARKING LOT,STRAIGHT AND LEVEL,UNKNOWN,UNKNOWN,,UNABLE TO DETERMINE,UNABLE TO DETERMINE,N,NO INDICATION OF INJURY,16,7,41.9960725558,-87.6703556321,2023,30,POINT (-87.6703556321 41.9960725558),,,,,2023-07-04,False,76,Edgewater
9079,30,TRAFFIC SIGNAL,FUNCTIONING PROPERLY,CLEAR,DAYLIGHT,PEDALCYCLIST,NOT DIVIDED,STRAIGHT AND LEVEL,DRY,NO DEFECTS,Y,UNABLE TO DETERMINE,NOT APPLICABLE,,"REPORTED, NOT EVIDENT",17,7,41.8846237846,-87.6204760444,2023,30,POINT (-87.6204760444 41.8846237846),,,,,2023-07-04,False,31,Loop
9080,30,TRAFFIC SIGNAL,FUNCTIONING PROPERLY,CLEAR,DAYLIGHT,PEDALCYCLIST,FOUR WAY,STRAIGHT AND LEVEL,DRY,UNKNOWN,Y,UNABLE TO DETERMINE,UNABLE TO DETERMINE,Y,NONINCAPACITATING INJURY,18,7,41.9174970369,-87.6882545896,2023,30,POINT (-87.6882545896 41.9174970369),,,,,2023-07-04,False,21,Logan Square
9081,30,TRAFFIC SIGNAL,FUNCTIONING PROPERLY,CLEAR,"DARKNESS, LIGHTED ROAD",PEDALCYCLIST,FOUR WAY,STRAIGHT AND LEVEL,DRY,UNKNOWN,Y,FAILING TO YIELD RIGHT-OF-WAY,NOT APPLICABLE,,NONINCAPACITATING INJURY,22,7,41.8845862672,-87.6310104459,2023,30,POINT (-87.6310104459 41.8845862672),,,,,2023-07-04,False,31,Loop
9082,30,STOP SIGN/FLASHER,UNKNOWN,CLEAR,"DARKNESS, LIGHTED ROAD",PEDALCYCLIST,DIVIDED - W/MEDIAN BARRIER,STRAIGHT AND LEVEL,UNKNOWN,UNKNOWN,Y,UNABLE TO DETERMINE,"EVASIVE ACTION DUE TO ANIMAL, OBJECT, NONMOTORIST",,"REPORTED, NOT EVIDENT",22,7,41.969261067,-87.650422729,2023,30,POINT (-87.650422729 41.969261067),,,,,2023-07-04,False,2,Uptown
9083,30,UNKNOWN,UNKNOWN,CLEAR,DAYLIGHT,PEDALCYCLIST,ONE-WAY,STRAIGHT AND LEVEL,UNKNOWN,UNKNOWN,,DISREGARDING OTHER TRAFFIC SIGNS,DISREGARDING OTHER TRAFFIC SIGNS,,NO INDICATION OF INJURY,10,7,41.9738985291,-87.6976788616,2023,30,POINT (-87.6976788616 41.9738985291),,,,,2023-07-05,False,3,Lincoln Square
9084,30,NO CONTROLS,NO CONTROLS,CLEAR,DAYLIGHT,PEDALCYCLIST,NOT DIVIDED,STRAIGHT AND LEVEL,DRY,NO DEFECTS,,UNABLE TO DETERMINE,NOT APPLICABLE,,NO INDICATION OF INJURY,16,7,41.9438311376,-87.731384614,2023,30,POINT (-87.731384614 41.9438311376),,,,,2023-07-05,False,15,Irving Park
9085,30,TRAFFIC SIGNAL,FUNCTIONING PROPERLY,CLEAR,DAYLIGHT,PEDALCYCLIST,FOUR WAY,STRAIGHT AND LEVEL,DRY,NO DEFECTS,Y,DISREGARDING TRAFFIC SIGNALS,DISREGARDING TRAFFIC SIGNALS,,NO INDICATION OF INJURY,17,7,41.8743341645,-87.6566714073,2023,30,POINT (-87.6566714073 41.8743341645),,,,,2023-07-05,False,27,Near West Side
9086,30,STOP SIGN/FLASHER,FUNCTIONING PROPERLY,RAIN,"DARKNESS, LIGHTED ROAD",PEDALCYCLIST,T-INTERSECTION,STRAIGHT AND LEVEL,WET,NO DEFECTS,Y,UNABLE TO DETERMINE,UNABLE TO DETERMINE,,NONINCAPACITATING INJURY,18,7,41.8604629684,-87.734935207,2023,30,POINT (-87.734935207 41.8604629684),,,,,2023-07-05,False,28,North Lawndale
9087,30,UNKNOWN,UNKNOWN,UNKNOWN,DARKNESS,PEDALCYCLIST,UNKNOWN,STRAIGHT AND LEVEL,UNKNOWN,UNKNOWN,,UNABLE TO DETERMINE,NOT APPLICABLE,,NO INDICATION OF INJURY,21,7,41.7599916234,-87.6233277977,2023,30,POINT (-87.6233277977 41.7599916234),,,,,2023-07-05,False,68,Grand Crossing
9088,25,NO CONTROLS,NO CONTROLS,CLEAR,DAYLIGHT,PEDALCYCLIST,DIVIDED - W/MEDIAN (NOT RAISED),STRAIGHT AND LEVEL,DRY,NO DEFECTS,,UNABLE TO DETERMINE,UNABLE TO DETERMINE,,NO INDICATION OF INJURY,8,7,41.9211033246,-87.6974518223,2023,25,POINT (-87.6974518223 41.9211033246),,,,,2023-07-06,False,21,Logan Square
9089,30,NO CONTROLS,NO CONTROLS,UNKNOWN,DAYLIGHT,PEDALCYCLIST,ONE-WAY,STRAIGHT AND LEVEL,UNKNOWN,NO DEFECTS,,UNABLE TO DETERMINE,UNABLE TO DETERMINE,Y,NONINCAPACITATING INJURY,10,7,41.8845579866,-87.6391813992,2023,30,POINT (-87.6391813992 41.8845579866),,,,,2023-07-06,False,27,Near West Side
9090,30,STOP SIGN/FLASHER,FUNCTIONING PROPERLY,CLEAR,DAYLIGHT,PEDALCYCLIST,ONE-WAY,STRAIGHT AND LEVEL,DRY,UNKNOWN,,"VISION OBSCURED (SIGNS, TREE LIMBS, BUILDINGS, ETC.)",UNABLE TO DETERMINE,,NONINCAPACITATING INJURY,12,7,41.8984614628,-87.6674184569,2023,30,POINT (-87.6674184569 41.8984614628),,,,,2023-07-06,False,23,West Town
9091,30,TRAFFIC SIGNAL,FUNCTIONING PROPERLY,CLEAR,DAYLIGHT,PEDALCYCLIST,FOUR WAY,STRAIGHT AND LEVEL,DRY,NO DEFECTS,Y,FAILING TO YIELD RIGHT-OF-WAY,UNABLE TO DETERMINE,,NONINCAPACITATING INJURY,13,7,41.6922631234,-87.6425226876,2023,30,POINT (-87.6425226876 41.6922631234),,,,,2023-07-06,False,48,Roseland
9092,30,NO CONTROLS,NO CONTROLS,CLEAR,DAYLIGHT,PEDALCYCLIST,NOT DIVIDED,STRAIGHT AND LEVEL,DRY,NO DEFECTS,,UNABLE TO DETERMINE,NOT APPLICABLE,,NO INDICATION OF INJURY,16,7,41.8442731989,-87.7310240724,2023,30,POINT (-87.7310240724 41.8442731989),,,,,2023-07-06,False,29,South Lawndale
9093,30,TRAFFIC SIGNAL,FUNCTIONING PROPERLY,CLEAR,DUSK,PEDALCYCLIST,FOUR WAY,STRAIGHT AND LEVEL,DRY,NO DEFECTS,Y,DISREGARDING TRAFFIC SIGNALS,NOT APPLICABLE,,"REPORTED, NOT EVIDENT",18,7,41.9313655524,-87.7663965288,2023,30,POINT (-87.7663965288 41.9313655524),,,,,2023-07-06,False,18,Belmont Cragin
9094,30,STOP SIGN/FLASHER,FUNCTIONING PROPERLY,CLEAR,"DARKNESS, LIGHTED ROAD",PEDALCYCLIST,FOUR WAY,STRAIGHT AND LEVEL,DRY,NO DEFECTS,Y,UNABLE TO DETERMINE,NOT APPLICABLE,,NONINCAPACITATING INJURY,21,7,41.9363460013,-87.6562712317,2023,30,POINT (-87.6562712317 41.9363460013),,,,,2023-07-06,False,5,Lake View
9095,35,NO CONTROLS,NO CONTROLS,CLEAR,DAYLIGHT,PEDALCYCLIST,NOT DIVIDED,STRAIGHT AND LEVEL,DRY,NO DEFECTS,,UNABLE TO DETERMINE,UNABLE TO DETERMINE,N,NONINCAPACITATING INJURY,8,7,41.8488745555,-87.666125923,2023,35,POINT (-87.666125923 41.8488745555),,,,,2023-07-07,False,30,Lower West Side
9096,30,NO CONTROLS,NO CONTROLS,CLEAR,DAYLIGHT,PEDALCYCLIST,NOT DIVIDED,STRAIGHT AND LEVEL,DRY,NO DEFECTS,,UNABLE TO DETERMINE,DISREGARDING ROAD MARKINGS,,NONINCAPACITATING INJURY,8,7,41.8520632622,-87.7249200045,2023,30,POINT (-87.7249200045 41.8520632622),,,,,2023-07-07,False,28,North Lawndale
9097,30,NO CONTROLS,NO CONTROLS,CLEAR,DAYLIGHT,PEDALCYCLIST,NOT DIVIDED,STRAIGHT AND LEVEL,DRY,NO DEFECTS,,FAILING TO YIELD RIGHT-OF-WAY,FOLLOWING TOO CLOSELY,,"REPORTED, NOT EVIDENT",8,7,41.9673172072,-87.6546509352,2023,30,POINT (-87.6546509352 41.9673172072),,,,,2023-07-07,False,2,Uptown
9098,30,NO CONTROLS,NO CONTROLS,CLEAR,DAYLIGHT,PEDALCYCLIST,T-INTERSECTION,STRAIGHT AND LEVEL,DRY,NO DEFECTS,Y,FAILING TO YIELD RIGHT-OF-WAY,FAILING TO REDUCE SPEED TO AVOID CRASH,,NONINCAPACITATING INJURY,10,7,41.9165502983,-87.6571654807,2023,30,POINT (-87.6571654807 41.9165502983),,,,,2023-07-07,False,6,Lincoln Park
9099,20,NO CONTROLS,NO CONTROLS,CLEAR,DAYLIGHT,PEDALCYCLIST,ALLEY,STRAIGHT AND LEVEL,DRY,NO DEFECTS,Y,NOT APPLICABLE,NOT APPLICABLE,,NONINCAPACITATING INJURY,13,7,41.8941591727,-87.7462037803,2023,20,POINT (-87.7462037803 41.8941591727),,,,,2023-07-07,False,24,Austin
9100,30,UNKNOWN,UNKNOWN,CLEAR,DAYLIGHT,PEDALCYCLIST,NOT DIVIDED,STRAIGHT AND LEVEL,DRY,UNKNOWN,,UNABLE TO DETERMINE,UNABLE TO DETERMINE,,NO INDICATION OF INJURY,14,7,41.8671354809,-87.6403063049,2023,30,POINT (-87.6403063049 41.8671354809),,,,,2023-07-07,False,27,Near West Side
9101,30,STOP SIGN/FLASHER,FUNCTIONING PROPERLY,CLEAR,DAYLIGHT,PEDALCYCLIST,NOT DIVIDED,STRAIGHT AND LEVEL,DRY,NO DEFECTS,Y,FAILING TO YIELD RIGHT-OF-WAY,NOT APPLICABLE,,NONINCAPACITATING INJURY,15,7,41.9033078036,-87.6666320884,2023,30,POINT (-87.6666320884 41.9033078036),,,,,2023-07-07,False,23,West Town
9102,30,NO CONTROLS,NO CONTROLS,CLEAR,DAYLIGHT,PEDALCYCLIST,DIVIDED - W/MEDIAN (NOT RAISED),STRAIGHT AND LEVEL,DRY,NO DEFECTS,,"OPERATING VEHICLE IN ERRATIC, RECKLESS, CARELESS, NEGLIGENT OR AGGRESSIVE MANNER",UNABLE TO DETERMINE,,NONINCAPACITATING INJURY,15,7,41.7874741018,-87.6837115186,2023,30,POINT (-87.6837115186 41.7874741018),,,,,2023-07-07,False,62,Gage Park
9103,35,NO CONTROLS,UNKNOWN,CLEAR,DAYLIGHT,PEDALCYCLIST,FOUR WAY,STRAIGHT AND LEVEL,DRY,NO DEFECTS,,IMPROPER LANE USAGE,IMPROPER LANE USAGE,,NO INDICATION OF INJURY,17,7,41.8964030136,-87.6535600919,2023,35,POINT (-87.6535600919 41.8964030136),,,,,2023-07-07,False,7,Near North Side
9104,25,NO CONTROLS,NO CONTROLS,CLEAR,DAYLIGHT,PEDALCYCLIST,NOT DIVIDED,STRAIGHT AND LEVEL,DRY,NO DEFECTS,,FAILING TO YIELD RIGHT-OF-WAY,NOT APPLICABLE,,NONINCAPACITATING INJURY,18,7,41.9110753112,-87.6315974831,2023,25,POINT (-87.6315974831 41.9110753112),,,,,2023-07-07,False,6,Lincoln Park
9105,25,NO CONTROLS,NO CONTROLS,CLEAR,DARKNESS,PEDALCYCLIST,Y-INTERSECTION,STRAIGHT AND LEVEL,UNKNOWN,UNKNOWN,Y,UNABLE TO DETERMINE,UNABLE TO DETERMINE,,INCAPACITATING INJURY,20,7,41.8867064726,-87.6317409454,2023,25,POINT (-87.6317409454 41.8867064726),,,,,2023-07-07,True,7,Near North Side
9106,30,TRAFFIC SIGNAL,FUNCTIONING PROPERLY,CLEAR,"DARKNESS, LIGHTED ROAD",PEDALCYCLIST,NOT DIVIDED,STRAIGHT AND LEVEL,DRY,NO DEFECTS,,UNABLE TO DETERMINE,NOT APPLICABLE,,NO INDICATION OF INJURY,23,7,41.8901056421,-87.6330686448,2023,30,POINT (-87.6330686448 41.8901056421),,,,,2023-07-07,False,7,Near North Side
9107,30,TRAFFIC SIGNAL,FUNCTIONING PROPERLY,UNKNOWN,"DARKNESS, LIGHTED ROAD",PEDALCYCLIST,NOT DIVIDED,STRAIGHT AND LEVEL,WET,UNKNOWN,Y,UNABLE TO DETERMINE,FAILING TO YIELD RIGHT-OF-WAY,,NO INDICATION OF INJURY,2,7,41.8672978274,-87.6444711883,2023,30,POINT (-87.6444711883 41.8672978274),,,,,2023-07-08,False,27,Near West Side
9108,30,STOP SIGN/FLASHER,FUNCTIONING PROPERLY,RAIN,DAYLIGHT,PEDALCYCLIST,FOUR WAY,STRAIGHT AND LEVEL,WET,UNKNOWN,Y,UNABLE TO DETERMINE,UNABLE TO DETERMINE,,NONINCAPACITATING INJURY,7,7,41.7808281375,-87.69480601,2023,30,POINT (-87.69480601 41.7808281375),,,,,2023-07-08,False,65,Chicago Lawn
9109,30,STOP SIGN/FLASHER,FUNCTIONING PROPERLY,RAIN,DAYLIGHT,PEDALCYCLIST,NOT DIVIDED,STRAIGHT AND LEVEL,WET,NO DEFECTS,Y,NOT APPLICABLE,NOT APPLICABLE,,NONINCAPACITATING INJURY,10,7,41.7413012677,-87.6536349215,2023,30,POINT (-87.6536349215 41.7413012677),,,,,2023-07-08,False,70,Auburn Gresham
9110,30,NO CONTROLS,NO CONTROLS,CLOUDY/OVERCAST,DAYLIGHT,PEDALCYCLIST,NOT DIVIDED,STRAIGHT AND LEVEL,WET,NO DEFECTS,Y,FAILING TO YIELD RIGHT-OF-WAY,IMPROPER TURNING/NO SIGNAL,,INCAPACITATING INJURY,12,7,41.9180857845,-87.6472484501,2023,30,POINT (-87.6472484501 41.9180857845),,,,,2023-07-08,True,6,Lincoln Park
9111,30,TRAFFIC SIGNAL,FUNCTIONING PROPERLY,CLEAR,DAYLIGHT,PEDALCYCLIST,DIVIDED - W/MEDIAN (NOT RAISED),STRAIGHT AND LEVEL,DRY,UNKNOWN,,DISREGARDING TRAFFIC SIGNALS,NOT APPLICABLE,,INCAPACITATING INJURY,19,7,41.8767969697,-87.6287638215,2023,30,POINT (-87.6287638215 41.8767969697),,,,,2023-07-08,True,31,Loop
9112,30,NO CONTROLS,NO CONTROLS,CLEAR,DARKNESS,PEDALCYCLIST,NOT DIVIDED,STRAIGHT AND LEVEL,DRY,NO DEFECTS,,UNABLE TO DETERMINE,UNABLE TO DETERMINE,,NO INDICATION OF INJURY,20,7,41.9307942488,-87.6487996682,2023,30,POINT (-87.6487996682 41.9307942488),,,,,2023-07-08,False,6,Lincoln Park
9113,30,NO CONTROLS,NO CONTROLS,CLEAR,DAYLIGHT,PEDALCYCLIST,DIVIDED - W/MEDIAN (NOT RAISED),STRAIGHT AND LEVEL,DRY,NO DEFECTS,,UNABLE TO DETERMINE,UNABLE TO DETERMINE,,NONINCAPACITATING INJURY,12,7,41.8671537725,-87.6509023995,2023,30,POINT (-87.6509023995 41.8671537725),,,,,2023-07-09,False,27,Near West Side
9114,30,TRAFFIC SIGNAL,FUNCTIONING PROPERLY,CLEAR,DAYLIGHT,PEDALCYCLIST,FOUR WAY,STRAIGHT AND LEVEL,DRY,NO DEFECTS,Y,FAILING TO YIELD RIGHT-OF-WAY,UNABLE TO DETERMINE,,"REPORTED, NOT EVIDENT",12,7,41.8674829196,-87.630492795,2023,30,POINT (-87.630492795 41.8674829196),,,,,2023-07-09,False,31,Loop