Unnamed: 0,POSTED_SPEED_LIMIT,TRAFFIC_CONTROL_DEVICE,DEVICE_CONDITION,WEATHER_CONDITION,LIGHTING_CONDITION,FIRST_CRASH_TYPE,TRAFFICWAY_TYPE,ALIGNMENT,ROADWAY_SURFACE_COND,ROAD_DEFECT,INTERSECTION_RELATED_I,PRIM_CONTRIBUTORY_CAUSE,SEC_CONTRIBUTORY_CAUSE,DOORING_I,MOST_SEVERE_INJURY,CRASH_HOUR,CRASH_MONTH,LATITUDE,LONGITUDE,CRASH_YEAR,SPEED_LIMIT,geometry,DISPLAYROU,the_geom,DIST,LANE_TYPE,CRASH_DATE,is_severe,index_right,CArea
9115,30,NO CONTROLS,NO CONTROLS,CLEAR,DAYLIGHT,PEDALCYCLIST,DIVIDED - W/MEDIAN (NOT RAISED),STRAIGHT AND LEVEL,DRY,NO DEFECTS,,DRIVING SKILLS/KNOWLEDGE/EXPERIENCE,UNABLE TO DETERMINE,Y,NONINCAPACITATING INJURY,12,7,41.9154365171,-87.7117089476,2023,30,POINT (-87.7117089476 41.9154365171),,,,,2023-07-09,False,21,Logan Square
9116,30,NO CONTROLS,NO CONTROLS,UNKNOWN,UNKNOWN,PEDALCYCLIST,NOT DIVIDED,STRAIGHT AND LEVEL,UNKNOWN,NO DEFECTS,,UNABLE TO DETERMINE,UNABLE TO DETERMINE,,NONINCAPACITATING INJURY,17,7,41.9642293972,-87.6549204201,2023,30,POINT (-87.6549204201 41.9642293972),,,,,2023-07-09,False,2,Uptown
9117,30,NO CONTROLS,NO CONTROLS,CLEAR,DAYLIGHT,PEDALCYCLIST,ONE-WAY,STRAIGHT AND LEVEL,DRY,UNKNOWN,,IMPROPER LANE USAGE,UNABLE TO DETERMINE,,NONINCAPACITATING INJURY,17,7,41.8926142363,-87.6264213592,2023,30,POINT (-87.6264213592 41.8926142363),,,,,2023-07-09,False,7,Near North Side
9118,30,TRAFFIC SIGNAL,FUNCTIONING PROPERLY,CLEAR,DAYLIGHT,PEDALCYCLIST,NOT DIVIDED,STRAIGHT AND LEVEL,DRY,NO DEFECTS,,UNABLE TO DETERMINE,UNABLE TO DETERMINE,,NO INDICATION OF INJURY,19,7,41.8394022166,-87.675557142,2023,30,POINT (-87.675557142 41.8394022166),,,,,2023-07-09,False,30,Lower West Side
9119,30,TRAFFIC SIGNAL,FUNCTIONING PROPERLY,CLEAR,DAYLIGHT,PEDALCYCLIST,DIVIDED - W/MEDIAN (NOT RAISED),STRAIGHT AND LEVEL,DRY,NO DEFECTS,Y,UNABLE TO DETERMINE,UNABLE TO DETERMINE,,"REPORTED, NOT EVIDENT",7,7,41.8967618804,-87.6300273079,2023,30,POINT (-87.6300273079 41.8967618804),,,,,2023-07-10,False,7,Near North Side
9120,30,NO CONTROLS,NO CONTROLS,CLEAR,DAYLIGHT,PEDALCYCLIST,NOT DIVIDED,STRAIGHT AND LEVEL,DRY,NO DEFECTS,,FOLLOWING TOO CLOSELY,NOT APPLICABLE,,NO INDICATION OF INJURY,10,7,41.9250425869,-87.6680854087,2023,30,POINT (-87.6680854087 41.9250425869),,,,,2023-07-10,False,6,Lincoln Park
9121,30,TRAFFIC SIGNAL,FUNCTIONING PROPERLY,CLEAR,DAYLIGHT,PEDALCYCLIST,FOUR WAY,STRAIGHT AND LEVEL,DRY,NO DEFECTS,,UNABLE TO DETERMINE,UNABLE TO DETERMINE,,NONINCAPACITATING INJURY,10,7,41.9874468008,-87.655453001,2023,30,POINT (-87.655453001 41.9874468008),,,,,2023-07-10,False,76,Edgewater
9122,30,NO CONTROLS,NO CONTROLS,CLEAR,DAYLIGHT,PEDALCYCLIST,ONE-WAY,STRAIGHT AND LEVEL,DRY,UNKNOWN,,UNABLE TO DETERMINE,NOT APPLICABLE,Y,"REPORTED, NOT EVIDENT",11,7,41.8956834784,-87.625333051,2023,30,POINT (-87.625333051 41.8956834784),,,,,2023-07-10,False,7,Near North Side
9123,30,NO CONTROLS,NO CONTROLS,CLEAR,DAYLIGHT,PEDALCYCLIST,ONE-WAY,STRAIGHT AND LEVEL,DRY,UNKNOWN,,FAILING TO YIELD RIGHT-OF-WAY,"OPERATING VEHICLE IN ERRATIC, RECKLESS, CARELESS, NEGLIGENT OR AGGRESSIVE MANNER",,NONINCAPACITATING INJURY,14,7,41.9275176171,-87.7674778291,2023,30,POINT (-87.7674778291 41.9275176171),,,,,2023-07-10,False,18,Belmont Cragin
9124,20,NO CONTROLS,NO CONTROLS,CLEAR,DAYLIGHT,PEDALCYCLIST,FOUR WAY,STRAIGHT AND LEVEL,DRY,NO DEFECTS,,UNABLE TO DETERMINE,NOT APPLICABLE,,NONINCAPACITATING INJURY,15,7,41.9308161443,-87.6564855329,2023,20,POINT (-87.6564855329 41.9308161443),,,,,2023-07-10,False,6,Lincoln Park
9125,30,NO CONTROLS,UNKNOWN,CLEAR,DAYLIGHT,PEDALCYCLIST,DIVIDED - W/MEDIAN BARRIER,STRAIGHT AND LEVEL,DRY,NO DEFECTS,,NOT APPLICABLE,NOT APPLICABLE,,NO INDICATION OF INJURY,17,7,41.7659900011,-87.5737873367,2023,30,POINT (-87.5737873367 41.7659900011),,,,,2023-07-10,False,41,Woodlawn
9126,30,UNKNOWN,UNKNOWN,CLEAR,DAYLIGHT,PEDALCYCLIST,OTHER,STRAIGHT AND LEVEL,DRY,NO DEFECTS,,UNABLE TO DETERMINE,UNABLE TO DETERMINE,,NO INDICATION OF INJURY,18,7,41.8108909506,-87.6407863339,2023,30,POINT (-87.6407863339 41.8108909506),,,,,2023-07-10,False,60,New City
9127,30,TRAFFIC SIGNAL,FUNCTIONING PROPERLY,CLEAR,DAYLIGHT,PEDALCYCLIST,NOT DIVIDED,STRAIGHT AND LEVEL,DRY,NO DEFECTS,Y,DRIVING ON WRONG SIDE/WRONG WAY,DRIVING SKILLS/KNOWLEDGE/EXPERIENCE,,NONINCAPACITATING INJURY,9,7,41.823027657,-87.6657440311,2023,30,POINT (-87.6657440311 41.823027657),,,,,2023-07-11,False,58,Mckinley Park
9128,30,PEDESTRIAN CROSSING SIGN,FUNCTIONING IMPROPERLY,CLEAR,DAYLIGHT,PEDALCYCLIST,DIVIDED - W/MEDIAN BARRIER,STRAIGHT AND LEVEL,DRY,UNKNOWN,Y,UNABLE TO DETERMINE,NOT APPLICABLE,,NONINCAPACITATING INJURY,10,7,41.8705584683,-87.6242866096,2023,30,POINT (-87.6242866096 41.8705584683),,,,,2023-07-11,False,31,Loop
9129,30,TRAFFIC SIGNAL,FUNCTIONING PROPERLY,CLEAR,DAYLIGHT,PEDALCYCLIST,PARKING LOT,STRAIGHT AND LEVEL,DRY,NO DEFECTS,,FAILING TO YIELD RIGHT-OF-WAY,NOT APPLICABLE,,NONINCAPACITATING INJURY,10,7,41.8889181736,-87.6444779729,2023,30,POINT (-87.6444779729 41.8889181736),,,,,2023-07-11,False,7,Near North Side
9130,30,NO CONTROLS,NO CONTROLS,RAIN,DAYLIGHT,PEDALCYCLIST,NOT DIVIDED,STRAIGHT AND LEVEL,WET,NO DEFECTS,,UNABLE TO DETERMINE,NOT APPLICABLE,,"REPORTED, NOT EVIDENT",11,7,41.926387233,-87.6875507885,2023,30,POINT (-87.6875507885 41.926387233),,,,,2023-07-11,False,21,Logan Square
9131,35,NO CONTROLS,NO CONTROLS,CLEAR,DAYLIGHT,PEDALCYCLIST,DIVIDED - W/MEDIAN (NOT RAISED),STRAIGHT AND LEVEL,DRY,NO DEFECTS,,UNABLE TO DETERMINE,NOT APPLICABLE,,NO INDICATION OF INJURY,11,7,41.784575915,-87.6547753762,2023,35,POINT (-87.6547753762 41.784575915),,,,,2023-07-11,False,66,Englewood
9132,30,TRAFFIC SIGNAL,FUNCTIONING PROPERLY,CLOUDY/OVERCAST,DAYLIGHT,PEDALCYCLIST,NOT DIVIDED,STRAIGHT AND LEVEL,DRY,NO DEFECTS,Y,UNABLE TO DETERMINE,UNABLE TO DETERMINE,,NONINCAPACITATING INJURY,11,7,41.9323874082,-87.6586855898,2023,30,POINT (-87.6586855898 41.9323874082),,,,,2023-07-11,False,5,Lake View
9133,30,TRAFFIC SIGNAL,FUNCTIONING PROPERLY,CLOUDY/OVERCAST,DAYLIGHT,PEDALCYCLIST,NOT DIVIDED,STRAIGHT AND LEVEL,DRY,NO DEFECTS,Y,UNABLE TO DETERMINE,UNABLE TO DETERMINE,,NONINCAPACITATING INJURY,11,7,41.9323874082,-87.6586855898,2023,30,POINT (-87.6586855898 41.9323874082),,,,,2023-07-11,False,5,Lake View
9134,30,NO CONTROLS,UNKNOWN,UNKNOWN,UNKNOWN,PEDALCYCLIST,UNKNOWN,STRAIGHT AND LEVEL,UNKNOWN,UNKNOWN,,UNABLE TO DETERMINE,UNABLE TO DETERMINE,,NO INDICATION OF INJURY,12,7,41.8858512557,-87.6310497586,2023,30,POINT (-87.6310497586 41.8858512557),,,,,2023-07-11,False,31,Loop
9135,30,NO CONTROLS,NO CONTROLS,CLEAR,DAYLIGHT,PEDALCYCLIST,NOT DIVIDED,STRAIGHT AND LEVEL,DRY,NO DEFECTS,,FAILING TO YIELD RIGHT-OF-WAY,FAILING TO YIELD RIGHT-OF-WAY,,NONINCAPACITATING INJURY,12,7,41.7582508066,-87.6177976726,2023,30,POINT (-87.6177976726 41.7582508066),,,,,2023-07-11,False,68,Grand Crossing
9136,30,TRAFFIC SIGNAL,UNKNOWN,UNKNOWN,DAYLIGHT,PEDALCYCLIST,NOT DIVIDED,STRAIGHT AND LEVEL,UNKNOWN,UNKNOWN,,UNABLE TO DETERMINE,NOT APPLICABLE,,"REPORTED, NOT EVIDENT",13,7,41.923745714,-87.7904484576,2023,30,POINT (-87.7904484576 41.923745714),,,,,2023-07-11,False,17,Montclare
9137,30,NO CONTROLS,NO CONTROLS,CLEAR,DAYLIGHT,PEDALCYCLIST,DIVIDED - W/MEDIAN (NOT RAISED),STRAIGHT AND LEVEL,DRY,NO DEFECTS,,NOT APPLICABLE,UNABLE TO DETERMINE,Y,INCAPACITATING INJURY,13,7,41.9378777202,-87.7760502517,2023,30,POINT (-87.7760502517 41.9378777202),,,,,2023-07-11,True,18,Belmont Cragin
9138,30,NO CONTROLS,NO CONTROLS,RAIN,DAYLIGHT,PEDALCYCLIST,ALLEY,STRAIGHT AND LEVEL,WET,NO DEFECTS,,UNABLE TO DETERMINE,UNABLE TO DETERMINE,,"REPORTED, NOT EVIDENT",16,7,41.9943304383,-87.6700000745,2023,30,POINT (-87.6700000745 41.9943304383),,,,,2023-07-11,False,76,Edgewater
9139,30,NO CONTROLS,NO CONTROLS,CLEAR,DAYLIGHT,PEDALCYCLIST,NOT DIVIDED,STRAIGHT AND LEVEL,DRY,NO DEFECTS,,"OPERATING VEHICLE IN ERRATIC, RECKLESS, CARELESS, NEGLIGENT OR AGGRESSIVE MANNER",UNABLE TO DETERMINE,,NONINCAPACITATING INJURY,16,7,41.9309762297,-87.7796701676,2023,30,POINT (-87.7796701676 41.9309762297),,,,,2023-07-11,False,18,Belmont Cragin
9140,30,STOP SIGN/FLASHER,FUNCTIONING PROPERLY,CLEAR,DAYLIGHT,PEDALCYCLIST,T-INTERSECTION,STRAIGHT AND LEVEL,DRY,NO DEFECTS,Y,UNABLE TO DETERMINE,UNABLE TO DETERMINE,,NONINCAPACITATING INJURY,17,7,41.895498412,-87.7013063114,2023,30,POINT (-87.7013063114 41.895498412),,,,,2023-07-11,False,22,Humboldt Park
9141,30,NO CONTROLS,NO CONTROLS,RAIN,DAYLIGHT,PEDALCYCLIST,NOT DIVIDED,STRAIGHT AND LEVEL,WET,NO DEFECTS,,UNABLE TO DETERMINE,UNABLE TO DETERMINE,,NONINCAPACITATING INJURY,6,7,41.9322610131,-87.6383879571,2023,30,POINT (-87.6383879571 41.9322610131),,,,,2023-07-12,False,6,Lincoln Park
9142,30,TRAFFIC SIGNAL,UNKNOWN,RAIN,DAYLIGHT,PEDALCYCLIST,FOUR WAY,STRAIGHT AND LEVEL,WET,UNKNOWN,,UNABLE TO DETERMINE,UNABLE TO DETERMINE,,NONINCAPACITATING INJURY,8,7,41.7935800114,-87.6938555414,2023,30,POINT (-87.6938555414 41.7935800114),,,,,2023-07-12,False,62,Gage Park
9143,30,TRAFFIC SIGNAL,FUNCTIONING PROPERLY,CLEAR,DAYLIGHT,PEDALCYCLIST,FOUR WAY,STRAIGHT AND LEVEL,WET,NO DEFECTS,Y,DISREGARDING OTHER TRAFFIC SIGNS,"OPERATING VEHICLE IN ERRATIC, RECKLESS, CARELESS, NEGLIGENT OR AGGRESSIVE MANNER",,NONINCAPACITATING INJURY,12,7,41.9541233884,-87.6884083515,2023,30,POINT (-87.6884083515 41.9541233884),,,,,2023-07-12,False,4,North Center
9144,30,NO CONTROLS,NO CONTROLS,CLOUDY/OVERCAST,DAYLIGHT,PEDALCYCLIST,NOT DIVIDED,STRAIGHT AND LEVEL,WET,NO DEFECTS,,FAILING TO YIELD RIGHT-OF-WAY,NOT APPLICABLE,,INCAPACITATING INJURY,17,7,41.9065958419,-87.6713230229,2023,30,POINT (-87.6713230229 41.9065958419),,,,,2023-07-12,True,23,West Town
9145,30,UNKNOWN,UNKNOWN,UNKNOWN,UNKNOWN,PEDALCYCLIST,UNKNOWN INTERSECTION TYPE,STRAIGHT AND LEVEL,UNKNOWN,UNKNOWN,,UNABLE TO DETERMINE,NOT APPLICABLE,,NO INDICATION OF INJURY,20,7,41.941883022,-87.644605003,2023,30,POINT (-87.644605003 41.941883022),,,,,2023-07-12,False,5,Lake View
9146,30,TRAFFIC SIGNAL,FUNCTIONING PROPERLY,CLEAR,DAWN,PEDALCYCLIST,DIVIDED - W/MEDIAN BARRIER,STRAIGHT AND LEVEL,WET,NO DEFECTS,Y,DISREGARDING TRAFFIC SIGNALS,FAILING TO YIELD RIGHT-OF-WAY,,NONINCAPACITATING INJURY,6,7,41.8844061291,-87.6245960444,2023,30,POINT (-87.6245960444 41.8844061291),,,,,2023-07-13,False,31,Loop
9147,30,TRAFFIC SIGNAL,FUNCTIONING PROPERLY,CLEAR,DAYLIGHT,PEDALCYCLIST,FOUR WAY,STRAIGHT AND LEVEL,DRY,NO DEFECTS,Y,UNABLE TO DETERMINE,UNABLE TO DETERMINE,,"REPORTED, NOT EVIDENT",8,7,41.9105884215,-87.6776438203,2023,30,POINT (-87.6776438203 41.9105884215),,,,,2023-07-13,False,23,West Town
9148,30,TRAFFIC SIGNAL,FUNCTIONING PROPERLY,CLOUDY/OVERCAST,DAYLIGHT,PEDALCYCLIST,FOUR WAY,STRAIGHT AND LEVEL,DRY,NO DEFECTS,Y,FAILING TO YIELD RIGHT-OF-WAY,NOT APPLICABLE,,NONINCAPACITATING INJURY,12,7,41.961952099,-87.6499773331,2023,30,POINT (-87.6499773331 41.961952099),,,,,2023-07-13,False,2,Uptown
9149,30,STOP SIGN/FLASHER,FUNCTIONING PROPERLY,CLEAR,DAYLIGHT,PEDALCYCLIST,FOUR WAY,STRAIGHT AND LEVEL,DRY,NO DEFECTS,,DISREGARDING STOP SIGN,UNABLE TO DETERMINE,,NONINCAPACITATING INJURY,12,7,41.8248949869,-87.6691800645,2023,30,POINT (-87.6691800645 41.8248949869),,,,,2023-07-13,False,58,Mckinley Park
9150,30,NO CONTROLS,NO CONTROLS,CLEAR,DAYLIGHT,PEDALCYCLIST,DIVIDED - W/MEDIAN BARRIER,STRAIGHT AND LEVEL,DRY,NO DEFECTS,,UNABLE TO DETERMINE,UNABLE TO DETERMINE,,NO INDICATION OF INJURY,13,7,41.9687953145,-87.683985374,2023,30,POINT (-87.683985374 41.9687953145),,,,,2023-07-13,False,3,Lincoln Square
9151,30,STOP SIGN/FLASHER,FUNCTIONING PROPERLY,CLEAR,DAYLIGHT,PEDALCYCLIST,DIVIDED - W/MEDIAN (NOT RAISED),STRAIGHT AND LEVEL,DRY,NO DEFECTS,Y,FAILING TO YIELD RIGHT-OF-WAY,UNABLE TO DETERMINE,,NONINCAPACITATING INJURY,14,7,41.9605864369,-87.7499080822,2023,30,POINT (-87.7499080822 41.9605864369),,,,,2023-07-13,False,14,Portage Park
9152,30,TRAFFIC SIGNAL,FUNCTIONING PROPERLY,CLEAR,DAYLIGHT,PEDALCYCLIST,T-INTERSECTION,STRAIGHT AND LEVEL,DRY,NO DEFECTS,Y,UNABLE TO DETERMINE,UNABLE TO DETERMINE,,NONINCAPACITATING INJURY,16,7,41.9908401093,-87.6701729533,2023,30,POINT (-87.6701729533 41.9908401093),,,,,2023-07-13,False,76,Edgewater
9153,30,TRAFFIC SIGNAL,NO CONTROLS,CLEAR,"DARKNESS, LIGHTED ROAD",PEDALCYCLIST,ONE-WAY,STRAIGHT AND LEVEL,DRY,NO DEFECTS,,UNABLE TO DETERMINE,UNABLE TO DETERMINE,,NONINCAPACITATING INJURY,16,7,41.886611404,-87.6190361146,2023,30,POINT (-87.6190361146 41.886611404),,,,,2023-07-13,False,7,Near North Side
9154,35,NO CONTROLS,NO CONTROLS,CLEAR,DAYLIGHT,PEDALCYCLIST,NOT DIVIDED,STRAIGHT AND LEVEL,DRY,NO DEFECTS,,FAILING TO YIELD RIGHT-OF-WAY,NOT APPLICABLE,,"REPORTED, NOT EVIDENT",17,7,41.8081446572,-87.7110011305,2023,35,POINT (-87.7110011305 41.8081446572),,,,,2023-07-13,False,57,Brighton Park
9155,20,STOP SIGN/FLASHER,FUNCTIONING PROPERLY,CLEAR,DAYLIGHT,PEDALCYCLIST,NOT DIVIDED,STRAIGHT AND LEVEL,DRY,NO DEFECTS,Y,DISREGARDING STOP SIGN,FAILING TO YIELD RIGHT-OF-WAY,,NONINCAPACITATING INJURY,17,7,41.9971516994,-87.7360516794,2023,20,POINT (-87.7360516794 41.9971516994),,,,,2023-07-13,False,11,Forest Glen
9156,30,NO CONTROLS,NO CONTROLS,CLEAR,DUSK,PEDALCYCLIST,NOT DIVIDED,STRAIGHT AND LEVEL,DRY,NO DEFECTS,,"OPERATING VEHICLE IN ERRATIC, RECKLESS, CARELESS, NEGLIGENT OR AGGRESSIVE MANNER",DRIVING ON WRONG SIDE/WRONG WAY,,NONINCAPACITATING INJURY,19,7,41.9398079489,-87.6536787207,2023,30,POINT (-87.6536787207 41.9398079489),,,,,2023-07-13,False,5,Lake View
9157,30,TRAFFIC SIGNAL,FUNCTIONING PROPERLY,CLEAR,DAYLIGHT,PEDALCYCLIST,FOUR WAY,STRAIGHT AND LEVEL,DRY,NO DEFECTS,Y,FOLLOWING TOO CLOSELY,UNABLE TO DETERMINE,,NO INDICATION OF INJURY,20,7,42.0194790237,-87.6732523718,2023,30,POINT (-87.6732523718 42.0194790237),,,,,2023-07-13,False,0,Rogers Park
9158,30,UNKNOWN,UNKNOWN,CLEAR,DARKNESS,PEDALCYCLIST,NOT DIVIDED,STRAIGHT AND LEVEL,UNKNOWN,UNKNOWN,,DRIVING SKILLS/KNOWLEDGE/EXPERIENCE,UNABLE TO DETERMINE,,"REPORTED, NOT EVIDENT",21,7,41.9110522074,-87.6327698704,2023,30,POINT (-87.6327698704 41.9110522074),,,,,2023-07-13,False,6,Lincoln Park
9159,30,UNKNOWN,UNKNOWN,CLOUDY/OVERCAST,DAYLIGHT,PEDALCYCLIST,UNKNOWN,STRAIGHT AND LEVEL,UNKNOWN,UNKNOWN,,UNABLE TO DETERMINE,NOT APPLICABLE,,NO INDICATION OF INJURY,8,7,41.9731595268,-87.6784729901,2023,30,POINT (-87.6784729901 41.9731595268),,,,,2023-07-14,False,3,Lincoln Square
9160,30,NO CONTROLS,NO CONTROLS,CLEAR,DAYLIGHT,PEDALCYCLIST,NOT DIVIDED,STRAIGHT AND LEVEL,UNKNOWN,UNKNOWN,,UNABLE TO DETERMINE,NOT APPLICABLE,Y,NO INDICATION OF INJURY,10,7,41.9452158345,-87.8038425862,2023,30,POINT (-87.8038425862 41.9452158345),,,,,2023-07-14,False,16,Dunning
9161,20,NO CONTROLS,NO CONTROLS,CLEAR,DAYLIGHT,PEDALCYCLIST,NOT DIVIDED,STRAIGHT AND LEVEL,DRY,UNKNOWN,Y,UNABLE TO DETERMINE,NOT APPLICABLE,,NONINCAPACITATING INJURY,10,7,41.863662618,-87.6466684459,2023,20,POINT (-87.6466684459 41.863662618),,,,,2023-07-14,False,27,Near West Side
9162,30,OTHER,OTHER,CLEAR,DAYLIGHT,PEDALCYCLIST,NOT DIVIDED,STRAIGHT AND LEVEL,DRY,NO DEFECTS,,UNABLE TO DETERMINE,NOT APPLICABLE,,NONINCAPACITATING INJURY,11,7,41.9228112056,-87.722836393,2023,30,POINT (-87.722836393 41.9228112056),,,,,2023-07-14,False,19,Hermosa
9163,30,TRAFFIC SIGNAL,FUNCTIONING PROPERLY,CLEAR,DAYLIGHT,PEDALCYCLIST,NOT DIVIDED,STRAIGHT AND LEVEL,DRY,NO DEFECTS,Y,UNABLE TO DETERMINE,UNABLE TO DETERMINE,Y,NO INDICATION OF INJURY,12,7,41.943664153,-87.6492292273,2023,30,POINT (-87.6492292273 41.943664153),,,,,2023-07-14,False,5,Lake View
9164,30,NO CONTROLS,OTHER,CLEAR,DAYLIGHT,PEDALCYCLIST,FOUR WAY,STRAIGHT AND LEVEL,DRY,NO DEFECTS,Y,DRIVING SKILLS/KNOWLEDGE/EXPERIENCE,UNABLE TO DETERMINE,,NO INDICATION OF INJURY,12,7,41.9656661632,-87.7003427286,2023,30,POINT (-87.7003427286 41.9656661632),,,,,2023-07-14,False,3,Lincoln Square
9165,30,TRAFFIC SIGNAL,FUNCTIONING PROPERLY,CLEAR,DAYLIGHT,PEDALCYCLIST,NOT DIVIDED,STRAIGHT AND LEVEL,DRY,NO DEFECTS,Y,FAILING TO YIELD RIGHT-OF-WAY,FAILING TO YIELD RIGHT-OF-WAY,,"REPORTED, NOT EVIDENT",13,7,41.8012250602,-87.6649209577,2023,30,POINT (-87.6649209577 41.8012250602),,,,,2023-07-14,False,60,New City
9166,30,NO CONTROLS,NO CONTROLS,CLEAR,DAYLIGHT,PEDALCYCLIST,ONE-WAY,STRAIGHT AND LEVEL,DRY,NO DEFECTS,,DRIVING SKILLS/KNOWLEDGE/EXPERIENCE,NOT APPLICABLE,,NO INDICATION OF INJURY,15,7,41.9100451246,-87.6821895054,2023,30,POINT (-87.6821895054 41.9100451246),,,,,2023-07-14,False,23,West Town
9167,30,NO CONTROLS,NO CONTROLS,CLEAR,DAYLIGHT,PEDALCYCLIST,NOT DIVIDED,STRAIGHT AND LEVEL,DRY,NO DEFECTS,,UNABLE TO DETERMINE,UNABLE TO DETERMINE,,NONINCAPACITATING INJURY,17,7,41.9819303207,-87.6586332837,2023,30,POINT (-87.6586332837 41.9819303207),,,,,2023-07-14,False,76,Edgewater
9168,20,STOP SIGN/FLASHER,NO CONTROLS,CLEAR,DAYLIGHT,PEDALCYCLIST,NOT DIVIDED,STRAIGHT AND LEVEL,DRY,NO DEFECTS,,UNABLE TO DETERMINE,UNABLE TO DETERMINE,,NO INDICATION OF INJURY,17,7,41.9419014186,-87.7959899996,2023,20,POINT (-87.7959899996 41.9419014186),,,,,2023-07-14,False,16,Dunning
9169,30,TRAFFIC SIGNAL,FUNCTIONING PROPERLY,CLEAR,"DARKNESS, LIGHTED ROAD",PEDALCYCLIST,DIVIDED - W/MEDIAN (NOT RAISED),STRAIGHT AND LEVEL,DRY,NO DEFECTS,,UNABLE TO DETERMINE,NOT APPLICABLE,,NONINCAPACITATING INJURY,20,7,41.7354919115,-87.691070605,2023,30,POINT (-87.691070605 41.7354919115),,,,,2023-07-14,False,69,Ashburn
9170,30,TRAFFIC SIGNAL,FUNCTIONING PROPERLY,CLEAR,DAYLIGHT,PEDALCYCLIST,NOT DIVIDED,STRAIGHT AND LEVEL,DRY,NO DEFECTS,,NOT APPLICABLE,NOT APPLICABLE,,NO INDICATION OF INJURY,14,7,41.8782097725,-87.627531145,2023,30,POINT (-87.627531145 41.8782097725),,,,,2023-07-15,False,31,Loop
9171,30,TRAFFIC SIGNAL,FUNCTIONING PROPERLY,CLEAR,DAYLIGHT,PEDALCYCLIST,DIVIDED - W/MEDIAN (NOT RAISED),STRAIGHT AND LEVEL,DRY,NO DEFECTS,Y,DISREGARDING TRAFFIC SIGNALS,NOT APPLICABLE,,INCAPACITATING INJURY,19,7,41.7783620456,-87.7385529724,2023,30,POINT (-87.7385529724 41.7783620456),,,,,2023-07-15,True,63,Clearing
9172,30,TRAFFIC SIGNAL,UNKNOWN,CLEAR,DAYLIGHT,PEDALCYCLIST,FOUR WAY,STRAIGHT AND LEVEL,DRY,NO DEFECTS,,DISREGARDING TRAFFIC SIGNALS,UNABLE TO DETERMINE,,NO INDICATION OF INJURY,7,7,41.9254066361,-87.6580621839,2023,30,POINT (-87.6580621839 41.9254066361),,,,,2023-07-16,False,6,Lincoln Park
9173,30,UNKNOWN,UNKNOWN,CLEAR,DAYLIGHT,PEDALCYCLIST,NOT DIVIDED,STRAIGHT AND LEVEL,UNKNOWN,UNKNOWN,,UNABLE TO DETERMINE,UNABLE TO DETERMINE,Y,NO INDICATION OF INJURY,11,7,41.9785390186,-87.6681800675,2023,30,POINT (-87.6681800675 41.9785390186),,,,,2023-07-16,False,76,Edgewater
9174,30,TRAFFIC SIGNAL,FUNCTIONING PROPERLY,CLEAR,DAYLIGHT,PEDALCYCLIST,NOT DIVIDED,STRAIGHT AND LEVEL,DRY,NO DEFECTS,Y,UNABLE TO DETERMINE,UNABLE TO DETERMINE,,NO INDICATION OF INJURY,16,7,41.947099726,-87.6689217467,2023,30,POINT (-87.6689217467 41.947099726),,,,,2023-07-16,False,5,Lake View
9175,30,TRAFFIC SIGNAL,FUNCTIONING PROPERLY,CLEAR,DAYLIGHT,PEDALCYCLIST,FOUR WAY,STRAIGHT AND LEVEL,DRY,NO DEFECTS,Y,UNABLE TO DETERMINE,NOT APPLICABLE,Y,INCAPACITATING INJURY,16,7,41.8529760301,-87.6237748695,2023,30,POINT (-87.6237748695 41.8529760301),,,,,2023-07-16,True,32,Near South Side
9176,30,NO CONTROLS,NO CONTROLS,CLEAR,DAYLIGHT,PEDALCYCLIST,OTHER,STRAIGHT AND LEVEL,DRY,NO DEFECTS,,"OPERATING VEHICLE IN ERRATIC, RECKLESS, CARELESS, NEGLIGENT OR AGGRESSIVE MANNER",NOT APPLICABLE,,NO INDICATION OF INJURY,17,7,41.8354611632,-87.6655405195,2023,30,POINT (-87.6655405195 41.8354611632),,,,,2023-07-16,False,30,Lower West Side
9177,30,NO CONTROLS,NO CONTROLS,CLEAR,DAYLIGHT,PEDALCYCLIST,NOT DIVIDED,STRAIGHT AND LEVEL,DRY,UNKNOWN,,UNABLE TO DETERMINE,NOT APPLICABLE,Y,NONINCAPACITATING INJURY,17,7,41.9421726204,-87.7078475503,2023,30,POINT (-87.7078475503 41.9421726204),,,,,2023-07-16,False,15,Irving Park
9178,30,TRAFFIC SIGNAL,FUNCTIONING PROPERLY,CLEAR,DUSK,PEDALCYCLIST,FOUR WAY,STRAIGHT AND LEVEL,DRY,NO DEFECTS,Y,FAILING TO YIELD RIGHT-OF-WAY,DRIVING SKILLS/KNOWLEDGE/EXPERIENCE,,NONINCAPACITATING INJURY,19,7,41.8925204807,-87.6240374098,2023,30,POINT (-87.6240374098 41.8925204807),,,,,2023-07-16,False,7,Near North Side
9179,30,TRAFFIC SIGNAL,FUNCTIONING PROPERLY,CLEAR,DAYLIGHT,PEDALCYCLIST,FOUR WAY,STRAIGHT AND LEVEL,DRY,NO DEFECTS,,NOT APPLICABLE,NOT APPLICABLE,,NONINCAPACITATING INJURY,19,7,41.8444273225,-87.719614446,2023,30,POINT (-87.719614446 41.8444273225),,,,,2023-07-16,False,29,South Lawndale