Unnamed: 0,POSTED_SPEED_LIMIT,TRAFFIC_CONTROL_DEVICE,DEVICE_CONDITION,WEATHER_CONDITION,LIGHTING_CONDITION,FIRST_CRASH_TYPE,TRAFFICWAY_TYPE,ALIGNMENT,ROADWAY_SURFACE_COND,ROAD_DEFECT,INTERSECTION_RELATED_I,PRIM_CONTRIBUTORY_CAUSE,SEC_CONTRIBUTORY_CAUSE,DOORING_I,MOST_SEVERE_INJURY,CRASH_HOUR,CRASH_MONTH,LATITUDE,LONGITUDE,CRASH_YEAR,SPEED_LIMIT,geometry,DISPLAYROU,the_geom,DIST,LANE_TYPE,CRASH_DATE,is_severe,index_right,CArea
9180,30,NO CONTROLS,NO CONTROLS,CLEAR,"DARKNESS, LIGHTED ROAD",PEDALCYCLIST,T-INTERSECTION,STRAIGHT AND LEVEL,DRY,NO DEFECTS,,FAILING TO YIELD RIGHT-OF-WAY,FAILING TO REDUCE SPEED TO AVOID CRASH,,NONINCAPACITATING INJURY,22,7,41.9546269156,-87.6559925205,2023,30,POINT (-87.6559925205 41.9546269156),,,,,2023-07-16,False,2,Uptown
9181,30,NO CONTROLS,NO CONTROLS,CLEAR,DAYLIGHT,PEDALCYCLIST,NOT DIVIDED,STRAIGHT AND LEVEL,DRY,NO DEFECTS,,UNABLE TO DETERMINE,NOT APPLICABLE,Y,INCAPACITATING INJURY,9,7,41.9480163521,-87.6573396684,2023,30,POINT (-87.6573396684 41.9480163521),,,,,2023-07-17,True,5,Lake View
9182,25,NO CONTROLS,NO CONTROLS,CLEAR,DAYLIGHT,PEDALCYCLIST,NOT DIVIDED,STRAIGHT AND LEVEL,DRY,UNKNOWN,,UNABLE TO DETERMINE,UNABLE TO DETERMINE,N,NO INDICATION OF INJURY,12,7,41.9576922115,-87.7975440334,2023,25,POINT (-87.7975440334 41.9576922115),,,,,2023-07-17,False,16,Dunning
9183,30,STOP SIGN/FLASHER,UNKNOWN,CLEAR,DAYLIGHT,PEDALCYCLIST,T-INTERSECTION,STRAIGHT AND LEVEL,DRY,UNKNOWN,Y,DISREGARDING TRAFFIC SIGNALS,FAILING TO YIELD RIGHT-OF-WAY,,NONINCAPACITATING INJURY,13,7,41.7943689623,-87.6209833126,2023,30,POINT (-87.6209833126 41.7943689623),,,,,2023-07-17,False,39,Washington Park
9184,25,NO CONTROLS,NO CONTROLS,CLEAR,DAYLIGHT,PEDALCYCLIST,NOT DIVIDED,STRAIGHT AND LEVEL,DRY,NO DEFECTS,,FAILING TO YIELD RIGHT-OF-WAY,UNABLE TO DETERMINE,,NONINCAPACITATING INJURY,14,7,41.9159988127,-87.6863674107,2023,25,POINT (-87.6863674107 41.9159988127),,,,,2023-07-17,False,21,Logan Square
9185,30,STOP SIGN/FLASHER,FUNCTIONING PROPERLY,CLEAR,DAYLIGHT,PEDALCYCLIST,DIVIDED - W/MEDIAN (NOT RAISED),STRAIGHT AND LEVEL,DRY,UNKNOWN,,FAILING TO YIELD RIGHT-OF-WAY,NOT APPLICABLE,,NONINCAPACITATING INJURY,15,7,41.885535212,-87.6618972478,2023,30,POINT (-87.6618972478 41.885535212),,,,,2023-07-17,False,27,Near West Side
9186,30,TRAFFIC SIGNAL,FUNCTIONING PROPERLY,CLEAR,DAYLIGHT,PEDALCYCLIST,FOUR WAY,STRAIGHT AND LEVEL,DRY,NO DEFECTS,Y,FAILING TO YIELD RIGHT-OF-WAY,NOT APPLICABLE,Y,INCAPACITATING INJURY,16,7,41.8704248382,-87.6275533008,2023,30,POINT (-87.6275533008 41.8704248382),,,,,2023-07-17,True,31,Loop
9187,25,TRAFFIC SIGNAL,UNKNOWN,CLEAR,DAYLIGHT,PEDALCYCLIST,FOUR WAY,STRAIGHT AND LEVEL,DRY,UNKNOWN,Y,FAILING TO YIELD RIGHT-OF-WAY,TURNING RIGHT ON RED,,NONINCAPACITATING INJURY,18,7,41.8892236336,-87.6447910253,2023,25,POINT (-87.6447910253 41.8892236336),,,,,2023-07-17,False,7,Near North Side
9188,30,NO CONTROLS,NO CONTROLS,CLEAR,DAYLIGHT,PEDALCYCLIST,NOT DIVIDED,STRAIGHT AND LEVEL,DRY,NO DEFECTS,,UNABLE TO DETERMINE,NOT APPLICABLE,Y,"REPORTED, NOT EVIDENT",18,7,42.0096979805,-87.6742743248,2023,30,POINT (-87.6742743248 42.0096979805),,,,,2023-07-17,False,0,Rogers Park
9189,15,STOP SIGN/FLASHER,FUNCTIONING PROPERLY,CLEAR,DAYLIGHT,PEDALCYCLIST,NOT DIVIDED,STRAIGHT AND LEVEL,DRY,UNKNOWN,Y,FAILING TO YIELD RIGHT-OF-WAY,NOT APPLICABLE,,NONINCAPACITATING INJURY,20,7,41.8644477013,-87.7094147,2023,15,POINT (-87.7094147 41.8644477013),,,,,2023-07-17,False,28,North Lawndale
9190,30,NO CONTROLS,NO CONTROLS,CLEAR,"DARKNESS, LIGHTED ROAD",PEDALCYCLIST,NOT DIVIDED,STRAIGHT AND LEVEL,DRY,NO DEFECTS,,IMPROPER LANE USAGE,NOT APPLICABLE,,NONINCAPACITATING INJURY,22,7,41.8736990013,-87.6943229701,2023,30,POINT (-87.6943229701 41.8736990013),,,,,2023-07-17,False,26,Garfield Park
9191,30,NO CONTROLS,NO CONTROLS,CLEAR,"DARKNESS, LIGHTED ROAD",PEDALCYCLIST,DIVIDED - W/MEDIAN (NOT RAISED),STRAIGHT AND LEVEL,DRY,NO DEFECTS,,FOLLOWING TOO CLOSELY,NOT APPLICABLE,,NONINCAPACITATING INJURY,2,7,41.8575918767,-87.6368797574,2023,30,POINT (-87.6368797574 41.8575918767),,,,,2023-07-18,False,30,Lower West Side
9192,25,STOP SIGN/FLASHER,FUNCTIONING PROPERLY,CLEAR,DAYLIGHT,PEDALCYCLIST,Y-INTERSECTION,STRAIGHT AND LEVEL,DRY,NO DEFECTS,Y,FAILING TO YIELD RIGHT-OF-WAY,"VISION OBSCURED (SIGNS, TREE LIMBS, BUILDINGS, ETC.)",,INCAPACITATING INJURY,8,7,41.9688564594,-87.6635570016,2023,25,POINT (-87.6635570016 41.9688564594),,,,,2023-07-18,True,2,Uptown
9193,30,STOP SIGN/FLASHER,FUNCTIONING PROPERLY,CLEAR,DAYLIGHT,PEDALCYCLIST,NOT DIVIDED,STRAIGHT AND LEVEL,DRY,NO DEFECTS,,NOT APPLICABLE,NOT APPLICABLE,,"REPORTED, NOT EVIDENT",8,7,41.8993410096,-87.6794485972,2023,30,POINT (-87.6794485972 41.8993410096),,,,,2023-07-18,False,23,West Town
9194,30,NO CONTROLS,NO CONTROLS,CLEAR,DAYLIGHT,PEDALCYCLIST,NOT DIVIDED,STRAIGHT AND LEVEL,DRY,UNKNOWN,,UNABLE TO DETERMINE,UNABLE TO DETERMINE,,NONINCAPACITATING INJURY,13,7,41.9971369953,-87.6606196143,2023,30,POINT (-87.6606196143 41.9971369953),,,,,2023-07-18,False,76,Edgewater
9195,30,STOP SIGN/FLASHER,FUNCTIONING PROPERLY,CLEAR,DAYLIGHT,PEDALCYCLIST,NOT DIVIDED,STRAIGHT AND LEVEL,DRY,NO DEFECTS,,FAILING TO YIELD RIGHT-OF-WAY,NOT APPLICABLE,N,"REPORTED, NOT EVIDENT",14,7,41.7863003012,-87.7069594998,2023,30,POINT (-87.7069594998 41.7863003012),,,,,2023-07-18,False,62,Gage Park
9196,30,NO CONTROLS,NO CONTROLS,CLEAR,DAYLIGHT,PEDALCYCLIST,FOUR WAY,STRAIGHT AND LEVEL,DRY,NO DEFECTS,Y,FAILING TO YIELD RIGHT-OF-WAY,FAILING TO REDUCE SPEED TO AVOID CRASH,,NONINCAPACITATING INJURY,15,7,41.8966412278,-87.6386889438,2023,30,POINT (-87.6386889438 41.8966412278),,,,,2023-07-18,False,7,Near North Side
9197,30,UNKNOWN,UNKNOWN,CLEAR,DAYLIGHT,PEDALCYCLIST,DIVIDED - W/MEDIAN BARRIER,STRAIGHT AND LEVEL,DRY,NO DEFECTS,,FAILING TO YIELD RIGHT-OF-WAY,FAILING TO YIELD RIGHT-OF-WAY,,NO INDICATION OF INJURY,15,7,41.861889802,-87.6274354772,2023,30,POINT (-87.6274354772 41.861889802),,,,,2023-07-18,False,32,Near South Side
9198,20,NO CONTROLS,NO CONTROLS,CLEAR,DAYLIGHT,PEDALCYCLIST,OTHER,STRAIGHT AND LEVEL,DRY,NO DEFECTS,,FAILING TO YIELD RIGHT-OF-WAY,UNABLE TO DETERMINE,,NONINCAPACITATING INJURY,15,7,41.7125788384,-87.6237768314,2023,20,POINT (-87.6237768314 41.7125788384),,,,,2023-07-18,False,48,Roseland
9199,30,TRAFFIC SIGNAL,FUNCTIONING PROPERLY,CLEAR,DAYLIGHT,PEDALCYCLIST,FOUR WAY,STRAIGHT AND LEVEL,DRY,NO DEFECTS,Y,FAILING TO YIELD RIGHT-OF-WAY,NOT APPLICABLE,Y,INCAPACITATING INJURY,18,7,41.8696401521,-87.6398997772,2023,30,POINT (-87.6398997772 41.8696401521),,,,,2023-07-18,True,27,Near West Side
9200,30,UNKNOWN,UNKNOWN,UNKNOWN,UNKNOWN,PEDALCYCLIST,NOT DIVIDED,STRAIGHT AND LEVEL,UNKNOWN,UNKNOWN,,UNABLE TO DETERMINE,DRIVING SKILLS/KNOWLEDGE/EXPERIENCE,,NO INDICATION OF INJURY,18,7,41.8580074512,-87.6427358179,2023,30,POINT (-87.6427358179 41.8580074512),,,,,2023-07-18,False,27,Near West Side
9201,30,TRAFFIC SIGNAL,FUNCTIONING PROPERLY,CLEAR,DAYLIGHT,PEDALCYCLIST,NOT REPORTED,STRAIGHT AND LEVEL,DRY,NO DEFECTS,,WEATHER,UNABLE TO DETERMINE,,"REPORTED, NOT EVIDENT",18,7,41.7684549099,-87.664038433,2023,30,POINT (-87.664038433 41.7684549099),,,,,2023-07-18,False,66,Englewood
9202,30,STOP SIGN/FLASHER,FUNCTIONING PROPERLY,CLEAR,DAYLIGHT,PEDALCYCLIST,NOT DIVIDED,STRAIGHT AND LEVEL,DRY,NO DEFECTS,Y,FAILING TO YIELD RIGHT-OF-WAY,UNABLE TO DETERMINE,,NONINCAPACITATING INJURY,8,7,41.994066503,-87.6848942268,2023,30,POINT (-87.6848942268 41.994066503),,,,,2023-07-19,False,1,West Ridge
9203,30,TRAFFIC SIGNAL,FUNCTIONING PROPERLY,CLEAR,DAYLIGHT,PEDALCYCLIST,DIVIDED - W/MEDIAN (NOT RAISED),STRAIGHT AND LEVEL,DRY,NO DEFECTS,,IMPROPER TURNING/NO SIGNAL,UNABLE TO DETERMINE,,"REPORTED, NOT EVIDENT",9,7,41.9183052575,-87.6472552096,2023,30,POINT (-87.6472552096 41.9183052575),,,,,2023-07-19,False,6,Lincoln Park
9204,30,STOP SIGN/FLASHER,FUNCTIONING IMPROPERLY,CLEAR,DAYLIGHT,PEDALCYCLIST,FOUR WAY,STRAIGHT AND LEVEL,DRY,NO DEFECTS,N,UNABLE TO DETERMINE,UNABLE TO DETERMINE,,NONINCAPACITATING INJURY,9,7,41.7705450826,-87.7202478769,2023,30,POINT (-87.7202478769 41.7705450826),,,,,2023-07-19,False,64,West Lawn
9205,30,NO CONTROLS,NO CONTROLS,CLEAR,DAYLIGHT,PEDALCYCLIST,NOT DIVIDED,STRAIGHT AND LEVEL,DRY,NO DEFECTS,,IMPROPER TURNING/NO SIGNAL,NOT APPLICABLE,,NONINCAPACITATING INJURY,12,7,41.9242504101,-87.6468775231,2023,30,POINT (-87.6468775231 41.9242504101),,,,,2023-07-19,False,6,Lincoln Park
9206,30,NO CONTROLS,NO CONTROLS,CLEAR,DAYLIGHT,PEDALCYCLIST,OTHER,STRAIGHT AND LEVEL,DRY,NO DEFECTS,,NOT APPLICABLE,NOT APPLICABLE,,NO INDICATION OF INJURY,14,7,41.7676877323,-87.7226308451,2023,30,POINT (-87.7226308451 41.7676877323),,,,,2023-07-19,False,64,West Lawn
9207,20,TRAFFIC SIGNAL,FUNCTIONING PROPERLY,CLEAR,DAYLIGHT,PEDALCYCLIST,FOUR WAY,STRAIGHT AND LEVEL,DRY,NO DEFECTS,,UNABLE TO DETERMINE,NOT APPLICABLE,,"REPORTED, NOT EVIDENT",14,7,41.744151639,-87.585945067,2023,20,POINT (-87.585945067 41.744151639),,,,,2023-07-19,False,44,Avalon Park
9208,30,NO CONTROLS,NO CONTROLS,CLEAR,DAYLIGHT,PEDALCYCLIST,NOT DIVIDED,STRAIGHT AND LEVEL,DRY,UNKNOWN,,UNABLE TO DETERMINE,UNABLE TO DETERMINE,,NONINCAPACITATING INJURY,15,7,41.8676073125,-87.6390555352,2023,30,POINT (-87.6390555352 41.8676073125),,,,,2023-07-19,False,27,Near West Side
9209,30,STOP SIGN/FLASHER,FUNCTIONING PROPERLY,CLEAR,DAYLIGHT,PEDALCYCLIST,ONE-WAY,STRAIGHT AND LEVEL,DRY,NO DEFECTS,N,UNABLE TO DETERMINE,NOT APPLICABLE,,"REPORTED, NOT EVIDENT",17,7,41.7408963237,-87.5540685894,2023,30,POINT (-87.5540685894 41.7408963237),,,,,2023-07-19,False,45,South Chicago
9210,30,STOP SIGN/FLASHER,FUNCTIONING PROPERLY,CLEAR,DAYLIGHT,PEDALCYCLIST,NOT DIVIDED,STRAIGHT AND LEVEL,DRY,NO DEFECTS,Y,DISREGARDING STOP SIGN,DISREGARDING STOP SIGN,,NONINCAPACITATING INJURY,19,7,41.9415290335,-87.671290843,2023,30,POINT (-87.671290843 41.9415290335),,,,,2023-07-19,False,5,Lake View
9211,30,NO CONTROLS,NO CONTROLS,CLEAR,"DARKNESS, LIGHTED ROAD",PEDALCYCLIST,NOT DIVIDED,STRAIGHT AND LEVEL,DRY,NO DEFECTS,,PHYSICAL CONDITION OF DRIVER,UNABLE TO DETERMINE,,INCAPACITATING INJURY,4,7,41.9562149501,-87.7128388489,2023,30,POINT (-87.7128388489 41.9562149501),,,,,2023-07-20,True,15,Irving Park
9212,30,TRAFFIC SIGNAL,FUNCTIONING PROPERLY,CLEAR,DAYLIGHT,PEDALCYCLIST,FOUR WAY,STRAIGHT AND LEVEL,DRY,NO DEFECTS,Y,FAILING TO YIELD RIGHT-OF-WAY,NOT APPLICABLE,,"REPORTED, NOT EVIDENT",7,7,41.8807351749,-87.6366628428,2023,30,POINT (-87.6366628428 41.8807351749),,,,,2023-07-20,False,27,Near West Side
9213,30,NO CONTROLS,NO CONTROLS,CLEAR,DAYLIGHT,PEDALCYCLIST,NOT DIVIDED,STRAIGHT AND LEVEL,DRY,NO DEFECTS,,FAILING TO YIELD RIGHT-OF-WAY,NOT APPLICABLE,,NO INDICATION OF INJURY,8,7,41.7054497791,-87.5351393374,2023,30,POINT (-87.5351393374 41.7054497791),,,,,2023-07-20,False,51,East Side
9214,30,STOP SIGN/FLASHER,FUNCTIONING PROPERLY,CLEAR,DAYLIGHT,PEDALCYCLIST,FOUR WAY,STRAIGHT AND LEVEL,DRY,NO DEFECTS,Y,FAILING TO REDUCE SPEED TO AVOID CRASH,NOT APPLICABLE,,NONINCAPACITATING INJURY,10,7,41.9423634069,-87.7594099529,2023,30,POINT (-87.7594099529 41.9423634069),,,,,2023-07-20,False,14,Portage Park
9215,30,NO CONTROLS,NO CONTROLS,CLEAR,DAYLIGHT,PEDALCYCLIST,NOT DIVIDED,STRAIGHT AND LEVEL,DRY,NO DEFECTS,Y,FAILING TO YIELD RIGHT-OF-WAY,UNABLE TO DETERMINE,,NONINCAPACITATING INJURY,11,7,41.8616894286,-87.6580693118,2023,30,POINT (-87.6580693118 41.8616894286),,,,,2023-07-20,False,27,Near West Side
9216,30,NO CONTROLS,NO CONTROLS,CLEAR,DAYLIGHT,PEDALCYCLIST,NOT DIVIDED,STRAIGHT AND LEVEL,DRY,NO DEFECTS,,UNABLE TO DETERMINE,NOT APPLICABLE,,NONINCAPACITATING INJURY,11,7,41.9692394258,-87.6793460198,2023,30,POINT (-87.6793460198 41.9692394258),,,,,2023-07-20,False,3,Lincoln Square
9217,30,STOP SIGN/FLASHER,FUNCTIONING PROPERLY,CLEAR,DAYLIGHT,PEDALCYCLIST,T-INTERSECTION,STRAIGHT AND LEVEL,DRY,NO DEFECTS,Y,UNABLE TO DETERMINE,UNABLE TO DETERMINE,,INCAPACITATING INJURY,14,7,42.0116018683,-87.8150165768,2023,30,POINT (-87.8150165768 42.0116018683),,,,,2023-07-20,True,8,Edison Park
9218,30,STOP SIGN/FLASHER,NO CONTROLS,CLEAR,DAYLIGHT,PEDALCYCLIST,NOT DIVIDED,STRAIGHT AND LEVEL,DRY,NO DEFECTS,Y,FAILING TO YIELD RIGHT-OF-WAY,NOT APPLICABLE,,NONINCAPACITATING INJURY,17,7,41.8943762584,-87.6164903486,2023,30,POINT (-87.6164903486 41.8943762584),,,,,2023-07-20,False,7,Near North Side
9219,30,STOP SIGN/FLASHER,FUNCTIONING PROPERLY,CLEAR,DAYLIGHT,PEDALCYCLIST,T-INTERSECTION,STRAIGHT AND LEVEL,DRY,NO DEFECTS,Y,FAILING TO YIELD RIGHT-OF-WAY,FAILING TO YIELD RIGHT-OF-WAY,,NO INDICATION OF INJURY,20,7,41.8553830094,-87.6464264717,2023,30,POINT (-87.6464264717 41.8553830094),,,,,2023-07-20,False,30,Lower West Side
9220,30,UNKNOWN,UNKNOWN,UNKNOWN,"DARKNESS, LIGHTED ROAD",PEDALCYCLIST,NOT DIVIDED,STRAIGHT AND LEVEL,UNKNOWN,UNKNOWN,,UNABLE TO DETERMINE,UNABLE TO DETERMINE,Y,NO INDICATION OF INJURY,22,7,41.9199635553,-87.636912671,2023,30,POINT (-87.636912671 41.9199635553),,,,,2023-07-20,False,6,Lincoln Park
9221,30,UNKNOWN,UNKNOWN,UNKNOWN,UNKNOWN,PEDALCYCLIST,DIVIDED - W/MEDIAN (NOT RAISED),STRAIGHT AND LEVEL,UNKNOWN,UNKNOWN,,UNABLE TO DETERMINE,NOT APPLICABLE,Y,NONINCAPACITATING INJURY,12,7,41.9698222901,-87.6674619446,2023,30,POINT (-87.6674619446 41.9698222901),,,,,2023-07-21,False,2,Uptown
9222,30,UNKNOWN,UNKNOWN,UNKNOWN,UNKNOWN,PEDALCYCLIST,OTHER,STRAIGHT AND LEVEL,UNKNOWN,UNKNOWN,Y,UNABLE TO DETERMINE,UNABLE TO DETERMINE,,NO INDICATION OF INJURY,12,7,41.9329686131,-87.6428892302,2023,30,POINT (-87.6428892302 41.9329686131),,,,,2023-07-21,False,5,Lake View
9223,30,STOP SIGN/FLASHER,FUNCTIONING PROPERLY,CLEAR,DAYLIGHT,PEDALCYCLIST,FOUR WAY,STRAIGHT AND LEVEL,DRY,NO DEFECTS,Y,FAILING TO YIELD RIGHT-OF-WAY,UNABLE TO DETERMINE,Y,"REPORTED, NOT EVIDENT",12,7,41.6953987238,-87.5390502401,2023,30,POINT (-87.5390502401 41.6953987238),,,,,2023-07-21,False,51,East Side
9224,30,TRAFFIC SIGNAL,FUNCTIONING PROPERLY,CLEAR,DAYLIGHT,PEDALCYCLIST,NOT DIVIDED,STRAIGHT AND LEVEL,DRY,NO DEFECTS,,FAILING TO YIELD RIGHT-OF-WAY,NOT APPLICABLE,,"REPORTED, NOT EVIDENT",13,7,41.9618096756,-87.6609051075,2023,30,POINT (-87.6609051075 41.9618096756),,,,,2023-07-21,False,2,Uptown
9225,30,TRAFFIC SIGNAL,FUNCTIONING PROPERLY,CLEAR,DAYLIGHT,PEDALCYCLIST,NOT DIVIDED,STRAIGHT AND LEVEL,DRY,UNKNOWN,Y,UNABLE TO DETERMINE,UNABLE TO DETERMINE,,NONINCAPACITATING INJURY,14,7,41.8823931864,-87.7552876988,2023,30,POINT (-87.7552876988 41.8823931864),,,,,2023-07-21,False,24,Austin
9226,30,TRAFFIC SIGNAL,FUNCTIONING PROPERLY,CLEAR,DAYLIGHT,PEDALCYCLIST,FOUR WAY,STRAIGHT AND LEVEL,DRY,NO DEFECTS,Y,UNABLE TO DETERMINE,UNABLE TO DETERMINE,,NONINCAPACITATING INJURY,14,7,41.8912363959,-87.6477651192,2023,30,POINT (-87.6477651192 41.8912363959),,,,,2023-07-21,False,7,Near North Side
9227,30,NO CONTROLS,NO CONTROLS,CLEAR,DAYLIGHT,PEDALCYCLIST,DIVIDED - W/MEDIAN (NOT RAISED),STRAIGHT AND LEVEL,DRY,NO DEFECTS,,DRIVING SKILLS/KNOWLEDGE/EXPERIENCE,NOT APPLICABLE,Y,NONINCAPACITATING INJURY,14,7,41.9119671894,-87.6776457907,2023,30,POINT (-87.6776457907 41.9119671894),,,,,2023-07-21,False,6,Lincoln Park
9228,30,NO CONTROLS,NO CONTROLS,CLEAR,DAYLIGHT,PEDALCYCLIST,NOT DIVIDED,STRAIGHT AND LEVEL,DRY,NO DEFECTS,,UNABLE TO DETERMINE,NOT APPLICABLE,,NONINCAPACITATING INJURY,15,7,41.9311354035,-87.7686121306,2023,30,POINT (-87.7686121306 41.9311354035),,,,,2023-07-21,False,18,Belmont Cragin
9229,30,TRAFFIC SIGNAL,FUNCTIONING PROPERLY,CLEAR,DAYLIGHT,PEDALCYCLIST,T-INTERSECTION,STRAIGHT AND LEVEL,DRY,NO DEFECTS,,UNABLE TO DETERMINE,NOT APPLICABLE,,NONINCAPACITATING INJURY,17,7,41.8765036612,-87.6617079229,2023,30,POINT (-87.6617079229 41.8765036612),,,,,2023-07-21,False,27,Near West Side
9230,35,OTHER,UNKNOWN,UNKNOWN,"DARKNESS, LIGHTED ROAD",PEDALCYCLIST,NOT DIVIDED,STRAIGHT AND LEVEL,UNKNOWN,UNKNOWN,,FOLLOWING TOO CLOSELY,UNABLE TO DETERMINE,,NO INDICATION OF INJURY,21,7,41.8874416979,-87.6281476395,2023,35,POINT (-87.6281476395 41.8874416979),,,,,2023-07-21,False,7,Near North Side
9231,30,TRAFFIC SIGNAL,FUNCTIONING PROPERLY,CLEAR,"DARKNESS, LIGHTED ROAD",PEDALCYCLIST,DIVIDED - W/MEDIAN (NOT RAISED),STRAIGHT AND LEVEL,DRY,NO DEFECTS,,FAILING TO YIELD RIGHT-OF-WAY,NOT APPLICABLE,,NONINCAPACITATING INJURY,21,7,41.7857279722,-87.7325121632,2023,30,POINT (-87.7325121632 41.7857279722),,,,,2023-07-21,False,64,West Lawn
9232,30,TRAFFIC SIGNAL,FUNCTIONING PROPERLY,CLEAR,"DARKNESS, LIGHTED ROAD",PEDALCYCLIST,NOT DIVIDED,STRAIGHT AND LEVEL,DRY,NO DEFECTS,,DISREGARDING TRAFFIC SIGNALS,FAILING TO YIELD RIGHT-OF-WAY,,"REPORTED, NOT EVIDENT",22,7,41.9109513818,-87.6530108595,2023,30,POINT (-87.6530108595 41.9109513818),,,,,2023-07-21,False,6,Lincoln Park
9233,30,TRAFFIC SIGNAL,FUNCTIONING PROPERLY,CLEAR,"DARKNESS, LIGHTED ROAD",PEDALCYCLIST,NOT DIVIDED,STRAIGHT AND LEVEL,DRY,UNKNOWN,Y,FAILING TO YIELD RIGHT-OF-WAY,NOT APPLICABLE,,NONINCAPACITATING INJURY,23,7,41.8083695489,-87.6840193967,2023,30,POINT (-87.6840193967 41.8083695489),,,,,2023-07-21,False,57,Brighton Park
9234,30,NO CONTROLS,NO CONTROLS,CLEAR,"DARKNESS, LIGHTED ROAD",PEDALCYCLIST,T-INTERSECTION,STRAIGHT AND LEVEL,DRY,NO DEFECTS,Y,DISREGARDING TRAFFIC SIGNALS,DISREGARDING TRAFFIC SIGNALS,,"REPORTED, NOT EVIDENT",0,7,41.8911727327,-87.6589479687,2023,30,POINT (-87.6589479687 41.8911727327),,,,,2023-07-22,False,7,Near North Side
9235,30,NO CONTROLS,NO CONTROLS,CLEAR,"DARKNESS, LIGHTED ROAD",PEDALCYCLIST,ONE-WAY,STRAIGHT AND LEVEL,DRY,NO DEFECTS,,UNABLE TO DETERMINE,UNABLE TO DETERMINE,,"REPORTED, NOT EVIDENT",1,7,41.8050641845,-87.5866448079,2023,30,POINT (-87.5866448079 41.8050641845),,,,,2023-07-22,False,38,Kenwood
9236,30,NO CONTROLS,NO CONTROLS,CLEAR,DAYLIGHT,PEDALCYCLIST,NOT DIVIDED,STRAIGHT AND LEVEL,DRY,NO DEFECTS,,UNABLE TO DETERMINE,NOT APPLICABLE,,NONINCAPACITATING INJURY,13,7,41.9176672094,-87.689471383,2023,30,POINT (-87.689471383 41.9176672094),,,,,2023-07-22,False,21,Logan Square
9237,0,NO CONTROLS,NO CONTROLS,CLEAR,DAYLIGHT,PEDALCYCLIST,OTHER,STRAIGHT AND LEVEL,DRY,NO DEFECTS,,UNABLE TO DETERMINE,NOT APPLICABLE,,NONINCAPACITATING INJURY,14,7,41.851306652,-87.6129315653,2023,0,POINT (-87.6129315653 41.851306652),,,,,2023-07-22,False,32,Near South Side
9238,20,NO CONTROLS,NO CONTROLS,UNKNOWN,UNKNOWN,PEDALCYCLIST,ONE-WAY,STRAIGHT AND LEVEL,UNKNOWN,UNKNOWN,,UNABLE TO DETERMINE,UNABLE TO DETERMINE,,NONINCAPACITATING INJURY,15,7,41.9293813784,-87.751274181,2023,20,POINT (-87.751274181 41.9293813784),,,,,2023-07-22,False,18,Belmont Cragin
9239,30,UNKNOWN,UNKNOWN,CLEAR,"DARKNESS, LIGHTED ROAD",PEDALCYCLIST,ONE-WAY,STRAIGHT AND LEVEL,DRY,OTHER,,IMPROPER LANE USAGE,NOT APPLICABLE,,NO INDICATION OF INJURY,23,7,41.8031895509,-87.6212031228,2023,30,POINT (-87.6212031228 41.8031895509),,,,,2023-07-22,False,37,Grand Boulevard
9240,30,STOP SIGN/FLASHER,FUNCTIONING PROPERLY,CLEAR,"DARKNESS, LIGHTED ROAD",PEDALCYCLIST,DIVIDED - W/MEDIAN (NOT RAISED),STRAIGHT AND LEVEL,DRY,UNKNOWN,Y,FAILING TO YIELD RIGHT-OF-WAY,NOT APPLICABLE,,NONINCAPACITATING INJURY,23,7,41.8579431849,-87.6638842896,2023,30,POINT (-87.6638842896 41.8579431849),,,,,2023-07-22,False,27,Near West Side
9241,30,STOP SIGN/FLASHER,FUNCTIONING PROPERLY,CLEAR,"DARKNESS, LIGHTED ROAD",PEDALCYCLIST,FOUR WAY,STRAIGHT AND LEVEL,WET,UNKNOWN,Y,DISREGARDING STOP SIGN,UNABLE TO DETERMINE,,NONINCAPACITATING INJURY,3,7,41.9288910926,-87.6635922226,2023,30,POINT (-87.6635922226 41.9288910926),,,,,2023-07-23,False,6,Lincoln Park
9242,30,TRAFFIC SIGNAL,FUNCTIONING PROPERLY,CLOUDY/OVERCAST,DAWN,PEDALCYCLIST,FOUR WAY,STRAIGHT AND LEVEL,WET,NO DEFECTS,Y,DISREGARDING TRAFFIC SIGNALS,NOT APPLICABLE,,NO INDICATION OF INJURY,5,7,41.8786806717,-87.6767255236,2023,30,POINT (-87.6767255236 41.8786806717),,,,,2023-07-23,False,27,Near West Side
9243,35,NO CONTROLS,NO CONTROLS,CLEAR,DAYLIGHT,PEDALCYCLIST,NOT DIVIDED,STRAIGHT AND LEVEL,DRY,NO DEFECTS,,UNABLE TO DETERMINE,UNABLE TO DETERMINE,,NONINCAPACITATING INJURY,11,7,41.9459643045,-87.7510140861,2023,35,POINT (-87.7510140861 41.9459643045),,,,,2023-07-23,False,14,Portage Park
9244,30,STOP SIGN/FLASHER,FUNCTIONING PROPERLY,CLEAR,DAYLIGHT,PEDALCYCLIST,FOUR WAY,STRAIGHT AND LEVEL,DRY,NO DEFECTS,Y,UNABLE TO DETERMINE,NOT APPLICABLE,,"REPORTED, NOT EVIDENT",15,7,41.7797128491,-87.7765116773,2023,30,POINT (-87.7765116773 41.7797128491),,,,,2023-07-23,False,63,Clearing
9245,30,NO CONTROLS,NO CONTROLS,CLEAR,DAYLIGHT,PEDALCYCLIST,DIVIDED - W/MEDIAN (NOT RAISED),STRAIGHT AND LEVEL,DRY,NO DEFECTS,,FAILING TO YIELD RIGHT-OF-WAY,FAILING TO YIELD RIGHT-OF-WAY,,NONINCAPACITATING INJURY,15,7,41.8374207505,-87.6461147915,2023,30,POINT (-87.6461147915 41.8374207505),,,,,2023-07-23,False,30,Lower West Side