Unnamed: 0,POSTED_SPEED_LIMIT,TRAFFIC_CONTROL_DEVICE,DEVICE_CONDITION,WEATHER_CONDITION,LIGHTING_CONDITION,FIRST_CRASH_TYPE,TRAFFICWAY_TYPE,ALIGNMENT,ROADWAY_SURFACE_COND,ROAD_DEFECT,INTERSECTION_RELATED_I,PRIM_CONTRIBUTORY_CAUSE,SEC_CONTRIBUTORY_CAUSE,DOORING_I,MOST_SEVERE_INJURY,CRASH_HOUR,CRASH_MONTH,LATITUDE,LONGITUDE,CRASH_YEAR,SPEED_LIMIT,geometry,DISPLAYROU,the_geom,DIST,LANE_TYPE,CRASH_DATE,is_severe,index_right,CArea
9246,30,STOP SIGN/FLASHER,UNKNOWN,CLEAR,DAYLIGHT,PEDALCYCLIST,FOUR WAY,STRAIGHT AND LEVEL,DRY,NO DEFECTS,,UNABLE TO DETERMINE,UNABLE TO DETERMINE,N,"REPORTED, NOT EVIDENT",19,7,41.9752236215,-87.6684590104,2023,30,POINT (-87.6684590104 41.9752236215),,,,,2023-07-23,False,2,Uptown
9247,30,TRAFFIC SIGNAL,FUNCTIONING PROPERLY,CLEAR,"DARKNESS, LIGHTED ROAD",PEDALCYCLIST,FOUR WAY,STRAIGHT AND LEVEL,DRY,UNKNOWN,Y,UNABLE TO DETERMINE,UNABLE TO DETERMINE,,NONINCAPACITATING INJURY,20,7,41.924014029,-87.7709179368,2023,30,POINT (-87.7709179368 41.924014029),,,,,2023-07-23,False,18,Belmont Cragin
9248,30,TRAFFIC SIGNAL,FUNCTIONING PROPERLY,CLEAR,"DARKNESS, LIGHTED ROAD",PEDALCYCLIST,DIVIDED - W/MEDIAN (NOT RAISED),STRAIGHT AND LEVEL,DRY,UNKNOWN,,UNABLE TO DETERMINE,UNABLE TO DETERMINE,N,INCAPACITATING INJURY,21,7,41.9771393414,-87.7545880091,2023,30,POINT (-87.7545880091 41.9771393414),,,,,2023-07-23,True,10,Jefferson Park
9249,30,NO CONTROLS,NO CONTROLS,CLEAR,DAYLIGHT,PEDALCYCLIST,NOT DIVIDED,STRAIGHT AND LEVEL,DRY,UNKNOWN,,UNABLE TO DETERMINE,NOT APPLICABLE,,NONINCAPACITATING INJURY,9,7,41.8966468456,-87.6226711632,2023,30,POINT (-87.6226711632 41.8966468456),,,,,2023-07-24,False,7,Near North Side
9250,35,YIELD,FUNCTIONING PROPERLY,CLEAR,DAYLIGHT,PEDALCYCLIST,FOUR WAY,STRAIGHT AND LEVEL,DRY,NO DEFECTS,,DRIVING SKILLS/KNOWLEDGE/EXPERIENCE,NOT APPLICABLE,,NO INDICATION OF INJURY,13,7,41.7732345538,-87.5861035579,2023,35,POINT (-87.5861035579 41.7732345538),,,,,2023-07-24,False,41,Woodlawn
9251,30,NO CONTROLS,NO CONTROLS,CLEAR,DAYLIGHT,PEDALCYCLIST,OTHER,STRAIGHT AND LEVEL,DRY,NO DEFECTS,,UNABLE TO DETERMINE,UNABLE TO DETERMINE,,NO INDICATION OF INJURY,14,7,41.7828162034,-87.6838859946,2023,30,POINT (-87.6838859946 41.7828162034),,,,,2023-07-24,False,65,Chicago Lawn
9252,30,NO CONTROLS,NO CONTROLS,CLEAR,DAYLIGHT,PEDALCYCLIST,DIVIDED - W/MEDIAN (NOT RAISED),STRAIGHT ON GRADE,DRY,NO DEFECTS,Y,IMPROPER TURNING/NO SIGNAL,"VISION OBSCURED (SIGNS, TREE LIMBS, BUILDINGS, ETC.)",,NONINCAPACITATING INJURY,16,7,41.8611062279,-87.6465950615,2023,30,POINT (-87.6465950615 41.8611062279),,,,,2023-07-24,False,27,Near West Side
9253,30,NO CONTROLS,NO CONTROLS,CLEAR,DAYLIGHT,PEDALCYCLIST,ONE-WAY,STRAIGHT AND LEVEL,DRY,NO DEFECTS,,DRIVING SKILLS/KNOWLEDGE/EXPERIENCE,NOT APPLICABLE,,"REPORTED, NOT EVIDENT",17,7,41.8659404549,-87.7706059519,2023,30,POINT (-87.7706059519 41.8659404549),,,,,2023-07-24,False,24,Austin
9254,30,NO CONTROLS,NO CONTROLS,CLEAR,DAYLIGHT,PEDALCYCLIST,NOT DIVIDED,STRAIGHT AND LEVEL,DRY,UNKNOWN,,UNABLE TO DETERMINE,NOT APPLICABLE,,INCAPACITATING INJURY,17,7,41.8476523787,-87.6783205468,2023,30,POINT (-87.6783205468 41.8476523787),,,,,2023-07-24,True,30,Lower West Side
9255,30,NO CONTROLS,NO CONTROLS,CLEAR,DAYLIGHT,PEDALCYCLIST,NOT DIVIDED,STRAIGHT AND LEVEL,DRY,UNKNOWN,,IMPROPER OVERTAKING/PASSING,NOT APPLICABLE,,NONINCAPACITATING INJURY,17,7,41.917882766,-87.6676550892,2023,30,POINT (-87.6676550892 41.917882766),,,,,2023-07-24,False,6,Lincoln Park
9256,30,NO CONTROLS,NO CONTROLS,CLEAR,DAYLIGHT,PEDALCYCLIST,NOT DIVIDED,STRAIGHT AND LEVEL,DRY,NO DEFECTS,,FAILING TO YIELD RIGHT-OF-WAY,NOT APPLICABLE,Y,NONINCAPACITATING INJURY,17,7,41.9081887997,-87.6520482536,2023,30,POINT (-87.6520482536 41.9081887997),,,,,2023-07-24,False,7,Near North Side
9257,5,NO CONTROLS,NO CONTROLS,CLEAR,DAYLIGHT,PEDALCYCLIST,DIVIDED - W/MEDIAN (NOT RAISED),STRAIGHT AND LEVEL,UNKNOWN,UNKNOWN,,DRIVING ON WRONG SIDE/WRONG WAY,DRIVING ON WRONG SIDE/WRONG WAY,N,NONINCAPACITATING INJURY,6,7,41.9410722093,-87.6391722675,2023,5,POINT (-87.6391722675 41.9410722093),,,,,2023-07-25,False,5,Lake View
9258,30,NO CONTROLS,NO CONTROLS,CLEAR,DAYLIGHT,PEDALCYCLIST,NOT DIVIDED,STRAIGHT AND LEVEL,DRY,NO DEFECTS,,UNABLE TO DETERMINE,NOT APPLICABLE,Y,NONINCAPACITATING INJURY,13,7,41.9227908516,-87.6533774647,2023,30,POINT (-87.6533774647 41.9227908516),,,,,2023-07-25,False,6,Lincoln Park
9259,35,NO CONTROLS,NO CONTROLS,CLEAR,DAYLIGHT,PEDALCYCLIST,FOUR WAY,STRAIGHT AND LEVEL,DRY,NO DEFECTS,,UNABLE TO DETERMINE,UNABLE TO DETERMINE,,NONINCAPACITATING INJURY,16,7,41.786844854,-87.6839865413,2023,35,POINT (-87.6839865413 41.786844854),,,,,2023-07-25,False,62,Gage Park
9260,30,NO CONTROLS,NO CONTROLS,CLEAR,DAYLIGHT,PEDALCYCLIST,DIVIDED - W/MEDIAN (NOT RAISED),STRAIGHT AND LEVEL,DRY,NO DEFECTS,,IMPROPER OVERTAKING/PASSING,UNABLE TO DETERMINE,,"REPORTED, NOT EVIDENT",18,7,41.9248974023,-87.7003665719,2023,30,POINT (-87.7003665719 41.9248974023),,,,,2023-07-25,False,21,Logan Square
9261,20,STOP SIGN/FLASHER,NO CONTROLS,CLEAR,DAYLIGHT,PEDALCYCLIST,NOT DIVIDED,STRAIGHT AND LEVEL,DRY,NO DEFECTS,,DISTRACTION - FROM INSIDE VEHICLE,UNABLE TO DETERMINE,Y,NONINCAPACITATING INJURY,19,7,41.9154909651,-87.7035612292,2023,20,POINT (-87.7035612292 41.9154909651),,,,,2023-07-25,False,21,Logan Square
9262,30,TRAFFIC SIGNAL,FUNCTIONING PROPERLY,CLEAR,DAYLIGHT,PEDALCYCLIST,FOUR WAY,STRAIGHT AND LEVEL,DRY,UNKNOWN,,UNABLE TO DETERMINE,UNABLE TO DETERMINE,,NONINCAPACITATING INJURY,19,7,41.8578993116,-87.6295070281,2023,30,POINT (-87.6295070281 41.8578993116),,,,,2023-07-25,False,32,Near South Side
9263,20,NO CONTROLS,NO CONTROLS,CLEAR,DUSK,PEDALCYCLIST,NOT DIVIDED,STRAIGHT AND LEVEL,DRY,NO DEFECTS,,UNABLE TO DETERMINE,NOT APPLICABLE,,NONINCAPACITATING INJURY,20,7,41.9390936466,-87.663649569,2023,20,POINT (-87.663649569 41.9390936466),,,,,2023-07-25,False,5,Lake View
9264,35,OTHER,NO CONTROLS,UNKNOWN,UNKNOWN,PEDALCYCLIST,NOT DIVIDED,STRAIGHT AND LEVEL,UNKNOWN,UNKNOWN,,FOLLOWING TOO CLOSELY,UNABLE TO DETERMINE,,NO INDICATION OF INJURY,23,7,41.859931601,-87.6450206965,2023,35,POINT (-87.6450206965 41.859931601),,,,,2023-07-25,False,27,Near West Side
9265,30,TRAFFIC SIGNAL,FUNCTIONING PROPERLY,CLEAR,DAYLIGHT,PEDALCYCLIST,NOT DIVIDED,STRAIGHT AND LEVEL,DRY,NO DEFECTS,Y,UNABLE TO DETERMINE,NOT APPLICABLE,,INCAPACITATING INJURY,7,7,41.7692310131,-87.615290699,2023,30,POINT (-87.615290699 41.7692310131),,,,,2023-07-26,True,41,Woodlawn
9266,30,NO CONTROLS,NO CONTROLS,CLEAR,DAYLIGHT,PEDALCYCLIST,ONE-WAY,STRAIGHT AND LEVEL,DRY,NO DEFECTS,,FAILING TO YIELD RIGHT-OF-WAY,FAILING TO REDUCE SPEED TO AVOID CRASH,,NONINCAPACITATING INJURY,8,7,41.8805826251,-87.6424725001,2023,30,POINT (-87.6424725001 41.8805826251),,,,,2023-07-26,False,27,Near West Side
9267,30,NO CONTROLS,NO CONTROLS,RAIN,DAYLIGHT,PEDALCYCLIST,T-INTERSECTION,STRAIGHT AND LEVEL,WET,NO DEFECTS,,UNABLE TO DETERMINE,NOT APPLICABLE,,"REPORTED, NOT EVIDENT",10,7,41.947709458,-87.6430828736,2023,30,POINT (-87.6430828736 41.947709458),,,,,2023-07-26,False,5,Lake View
9268,30,TRAFFIC SIGNAL,FUNCTIONING PROPERLY,CLOUDY/OVERCAST,DAYLIGHT,PEDALCYCLIST,T-INTERSECTION,STRAIGHT AND LEVEL,WET,NO DEFECTS,Y,UNABLE TO DETERMINE,UNABLE TO DETERMINE,,NONINCAPACITATING INJURY,12,7,41.9316414204,-87.7467199106,2023,30,POINT (-87.7467199106 41.9316414204),,,,,2023-07-26,False,18,Belmont Cragin
9269,30,UNKNOWN,UNKNOWN,CLEAR,DAYLIGHT,PEDALCYCLIST,NOT DIVIDED,STRAIGHT AND LEVEL,DRY,UNKNOWN,,FAILING TO YIELD RIGHT-OF-WAY,FAILING TO YIELD RIGHT-OF-WAY,,INCAPACITATING INJURY,13,7,41.8695264684,-87.656683202,2023,30,POINT (-87.656683202 41.8695264684),,,,,2023-07-26,True,27,Near West Side
9270,30,NO CONTROLS,NO CONTROLS,CLEAR,DAYLIGHT,PEDALCYCLIST,NOT DIVIDED,STRAIGHT AND LEVEL,DRY,NO DEFECTS,,UNABLE TO DETERMINE,UNABLE TO DETERMINE,,NO INDICATION OF INJURY,15,7,41.8871284192,-87.6274801953,2023,30,POINT (-87.6274801953 41.8871284192),,,,,2023-07-26,False,7,Near North Side
9271,30,TRAFFIC SIGNAL,FUNCTIONING PROPERLY,CLEAR,DAYLIGHT,PEDALCYCLIST,DIVIDED - W/MEDIAN (NOT RAISED),STRAIGHT AND LEVEL,DRY,NO DEFECTS,,FAILING TO YIELD RIGHT-OF-WAY,DRIVING SKILLS/KNOWLEDGE/EXPERIENCE,,"REPORTED, NOT EVIDENT",18,7,41.9374173185,-87.6487956065,2023,30,POINT (-87.6487956065 41.9374173185),,,,,2023-07-26,False,5,Lake View
9272,35,NO CONTROLS,NO CONTROLS,CLEAR,"DARKNESS, LIGHTED ROAD",PEDALCYCLIST,DIVIDED - W/MEDIAN (NOT RAISED),STRAIGHT AND LEVEL,DRY,NO DEFECTS,Y,NOT APPLICABLE,NOT APPLICABLE,,NO INDICATION OF INJURY,20,7,41.9587050817,-87.7670383762,2023,35,POINT (-87.7670383762 41.9587050817),,,,,2023-07-26,False,14,Portage Park
9273,30,STOP SIGN/FLASHER,FUNCTIONING PROPERLY,CLEAR,"DARKNESS, LIGHTED ROAD",PEDALCYCLIST,ONE-WAY,STRAIGHT AND LEVEL,DRY,NO DEFECTS,,UNABLE TO DETERMINE,UNABLE TO DETERMINE,,NO INDICATION OF INJURY,21,7,41.8949097698,-87.7637165363,2023,30,POINT (-87.7637165363 41.8949097698),,,,,2023-07-26,False,24,Austin
9274,30,UNKNOWN,UNKNOWN,CLEAR,DAYLIGHT,PEDALCYCLIST,DIVIDED - W/MEDIAN (NOT RAISED),STRAIGHT AND LEVEL,DRY,UNKNOWN,,UNABLE TO DETERMINE,UNABLE TO DETERMINE,,NONINCAPACITATING INJURY,8,7,41.9253046752,-87.6634785603,2023,30,POINT (-87.6634785603 41.9253046752),,,,,2023-07-27,False,6,Lincoln Park
9275,30,NO CONTROLS,NO CONTROLS,CLEAR,DAYLIGHT,PEDALCYCLIST,DIVIDED - W/MEDIAN (NOT RAISED),STRAIGHT AND LEVEL,DRY,NO DEFECTS,,FAILING TO YIELD RIGHT-OF-WAY,FAILING TO REDUCE SPEED TO AVOID CRASH,,"REPORTED, NOT EVIDENT",10,7,41.8887774053,-87.7457312323,2023,30,POINT (-87.7457312323 41.8887774053),,,,,2023-07-27,False,24,Austin
9276,30,UNKNOWN,UNKNOWN,CLEAR,DAYLIGHT,PEDALCYCLIST,ONE-WAY,STRAIGHT AND LEVEL,UNKNOWN,UNKNOWN,,UNABLE TO DETERMINE,UNABLE TO DETERMINE,,NONINCAPACITATING INJURY,12,7,41.8824814273,-87.6260768269,2023,30,POINT (-87.6260768269 41.8824814273),,,,,2023-07-27,False,31,Loop
9277,30,TRAFFIC SIGNAL,FUNCTIONING PROPERLY,CLEAR,DAYLIGHT,PEDALCYCLIST,FOUR WAY,STRAIGHT AND LEVEL,DRY,NO DEFECTS,Y,DISREGARDING TRAFFIC SIGNALS,FAILING TO REDUCE SPEED TO AVOID CRASH,,INCAPACITATING INJURY,12,7,41.8991654527,-87.7263440589,2023,30,POINT (-87.7263440589 41.8991654527),,,,,2023-07-27,True,22,Humboldt Park
9278,30,NO CONTROLS,NO CONTROLS,CLEAR,DAYLIGHT,PEDALCYCLIST,NOT DIVIDED,STRAIGHT AND LEVEL,DRY,NO DEFECTS,,FAILING TO YIELD RIGHT-OF-WAY,NOT APPLICABLE,,NO INDICATION OF INJURY,14,7,41.9179632069,-87.6917299337,2023,30,POINT (-87.6917299337 41.9179632069),,,,,2023-07-27,False,21,Logan Square
9279,30,OTHER,OTHER,CLEAR,DAYLIGHT,PEDALCYCLIST,NOT DIVIDED,STRAIGHT AND LEVEL,DRY,NO DEFECTS,,UNABLE TO DETERMINE,UNABLE TO DETERMINE,,NONINCAPACITATING INJURY,18,7,41.9697508884,-87.742597044,2023,30,POINT (-87.742597044 41.9697508884),,,,,2023-07-27,False,11,Forest Glen
9280,35,UNKNOWN,UNKNOWN,UNKNOWN,UNKNOWN,PEDALCYCLIST,NOT DIVIDED,STRAIGHT AND LEVEL,UNKNOWN,UNKNOWN,,UNABLE TO DETERMINE,UNABLE TO DETERMINE,Y,NONINCAPACITATING INJURY,18,7,41.9236499832,-87.6394549689,2023,35,POINT (-87.6394549689 41.9236499832),,,,,2023-07-27,False,6,Lincoln Park
9281,10,NO CONTROLS,NO CONTROLS,RAIN,DAWN,PEDALCYCLIST,ALLEY,STRAIGHT AND LEVEL,WET,NO DEFECTS,,UNABLE TO DETERMINE,UNABLE TO DETERMINE,,NO INDICATION OF INJURY,5,7,41.8994858989,-87.6871390056,2023,10,POINT (-87.6871390056 41.8994858989),,,,,2023-07-28,False,23,West Town
9282,30,TRAFFIC SIGNAL,FUNCTIONING PROPERLY,CLEAR,DAYLIGHT,PEDALCYCLIST,FOUR WAY,STRAIGHT AND LEVEL,DRY,NO DEFECTS,Y,UNABLE TO DETERMINE,UNABLE TO DETERMINE,,NONINCAPACITATING INJURY,10,7,41.8808972735,-87.7208812261,2023,30,POINT (-87.7208812261 41.8808972735),,,,,2023-07-28,False,25,Garfield Park
9283,30,OTHER,NO CONTROLS,CLEAR,DAYLIGHT,PEDALCYCLIST,NOT DIVIDED,STRAIGHT AND LEVEL,DRY,NO DEFECTS,,"VISION OBSCURED (SIGNS, TREE LIMBS, BUILDINGS, ETC.)",NOT APPLICABLE,,NO INDICATION OF INJURY,12,7,41.961059135,-87.7098679634,2023,30,POINT (-87.7098679634 41.961059135),,,,,2023-07-28,False,13,Albany Park
9284,30,NO CONTROLS,NO CONTROLS,CLEAR,DAYLIGHT,PEDALCYCLIST,NOT DIVIDED,STRAIGHT AND LEVEL,DRY,NO DEFECTS,,UNABLE TO DETERMINE,NOT APPLICABLE,,NONINCAPACITATING INJURY,13,7,41.9215442847,-87.6590706438,2023,30,POINT (-87.6590706438 41.9215442847),,,,,2023-07-28,False,6,Lincoln Park
9285,30,STOP SIGN/FLASHER,FUNCTIONING PROPERLY,CLEAR,DAYLIGHT,PEDALCYCLIST,DIVIDED - W/MEDIAN (NOT RAISED),STRAIGHT AND LEVEL,DRY,NO DEFECTS,,UNABLE TO DETERMINE,NOT APPLICABLE,,"REPORTED, NOT EVIDENT",14,7,41.7373519066,-87.5624614142,2023,30,POINT (-87.5624614142 41.7373519066),,,,,2023-07-28,False,45,South Chicago
9286,30,TRAFFIC SIGNAL,FUNCTIONING PROPERLY,CLEAR,DAWN,PEDALCYCLIST,ONE-WAY,STRAIGHT AND LEVEL,DRY,NO DEFECTS,Y,IMPROPER TURNING/NO SIGNAL,IMPROPER TURNING/NO SIGNAL,,NO INDICATION OF INJURY,18,7,41.7521560092,-87.5450414522,2023,30,POINT (-87.5450414522 41.7521560092),,,,,2023-07-28,False,42,South Shore
9287,30,OTHER REG. SIGN,FUNCTIONING PROPERLY,CLOUDY/OVERCAST,"DARKNESS, LIGHTED ROAD",PEDALCYCLIST,DIVIDED - W/MEDIAN (NOT RAISED),STRAIGHT AND LEVEL,WET,NO DEFECTS,,FAILING TO YIELD RIGHT-OF-WAY,FAILING TO YIELD RIGHT-OF-WAY,,NONINCAPACITATING INJURY,20,7,41.9198686972,-87.771235257,2023,30,POINT (-87.771235257 41.9198686972),,,,,2023-07-28,False,18,Belmont Cragin
9288,30,NO CONTROLS,NO CONTROLS,CLEAR,"DARKNESS, LIGHTED ROAD",PEDALCYCLIST,NOT DIVIDED,STRAIGHT AND LEVEL,DRY,NO DEFECTS,N,DISTRACTION - FROM INSIDE VEHICLE,NOT APPLICABLE,Y,NO INDICATION OF INJURY,21,7,41.997838114,-87.6899485368,2023,30,POINT (-87.6899485368 41.997838114),,,,,2023-07-28,False,1,West Ridge
9289,30,NO CONTROLS,NO CONTROLS,CLEAR,DAYLIGHT,PEDALCYCLIST,DIVIDED - W/MEDIAN (NOT RAISED),STRAIGHT AND LEVEL,DRY,NO DEFECTS,,FAILING TO YIELD RIGHT-OF-WAY,UNABLE TO DETERMINE,,NONINCAPACITATING INJURY,10,7,41.9283672681,-87.67382063,2023,30,POINT (-87.67382063 41.9283672681),,,,,2023-07-29,False,6,Lincoln Park
9290,30,NO CONTROLS,NO CONTROLS,CLEAR,DAYLIGHT,PEDALCYCLIST,NOT DIVIDED,STRAIGHT AND LEVEL,DRY,NO DEFECTS,,UNABLE TO DETERMINE,NOT APPLICABLE,,NO INDICATION OF INJURY,11,7,41.910359882,-87.6937770261,2023,30,POINT (-87.6937770261 41.910359882),,,,,2023-07-29,False,22,Humboldt Park
9291,30,TRAFFIC SIGNAL,FUNCTIONING PROPERLY,CLEAR,DAYLIGHT,PEDALCYCLIST,FOUR WAY,STRAIGHT AND LEVEL,DRY,NO DEFECTS,Y,FAILING TO YIELD RIGHT-OF-WAY,UNABLE TO DETERMINE,,NONINCAPACITATING INJURY,15,7,41.9102690337,-87.7020158725,2023,30,POINT (-87.7020158725 41.9102690337),,,,,2023-07-29,False,22,Humboldt Park
9292,30,NO CONTROLS,NO CONTROLS,CLEAR,DAYLIGHT,PEDALCYCLIST,ONE-WAY,STRAIGHT AND LEVEL,DRY,NO DEFECTS,,"EVASIVE ACTION DUE TO ANIMAL, OBJECT, NONMOTORIST",NOT APPLICABLE,,NO INDICATION OF INJURY,17,7,41.9737005572,-87.6578919355,2023,30,POINT (-87.6578919355 41.9737005572),,,,,2023-07-29,False,2,Uptown
9293,30,TRAFFIC SIGNAL,FUNCTIONING PROPERLY,CLEAR,"DARKNESS, LIGHTED ROAD",PEDALCYCLIST,CENTER TURN LANE,STRAIGHT AND LEVEL,DRY,NO DEFECTS,,DISREGARDING TRAFFIC SIGNALS,UNABLE TO DETERMINE,,NONINCAPACITATING INJURY,20,7,41.8844608314,-87.6277630752,2023,30,POINT (-87.6277630752 41.8844608314),,,,,2023-07-29,False,31,Loop
9294,30,STOP SIGN/FLASHER,FUNCTIONING PROPERLY,CLEAR,"DARKNESS, LIGHTED ROAD",PEDALCYCLIST,ONE-WAY,STRAIGHT AND LEVEL,DRY,NO DEFECTS,Y,UNABLE TO DETERMINE,FAILING TO YIELD RIGHT-OF-WAY,,NONINCAPACITATING INJURY,2,7,41.9471379534,-87.6665031701,2023,30,POINT (-87.6665031701 41.9471379534),,,,,2023-07-30,False,5,Lake View
9295,35,TRAFFIC SIGNAL,FUNCTIONING PROPERLY,CLEAR,DAYLIGHT,PEDALCYCLIST,NOT DIVIDED,STRAIGHT AND LEVEL,DRY,NO DEFECTS,Y,UNABLE TO DETERMINE,UNABLE TO DETERMINE,,NO INDICATION OF INJURY,16,7,41.917793041,-87.6777697677,2023,35,POINT (-87.6777697677 41.917793041),,,,,2023-07-30,False,6,Lincoln Park
9296,30,TRAFFIC SIGNAL,FUNCTIONING PROPERLY,CLEAR,DAYLIGHT,PEDALCYCLIST,FOUR WAY,STRAIGHT AND LEVEL,DRY,NO DEFECTS,Y,DRIVING ON WRONG SIDE/WRONG WAY,NOT APPLICABLE,Y,INCAPACITATING INJURY,19,7,41.8457525759,-87.6233321128,2023,30,POINT (-87.6233321128 41.8457525759),,,,,2023-07-30,True,32,Near South Side
9297,30,TRAFFIC SIGNAL,UNKNOWN,CLEAR,DAYLIGHT,PEDALCYCLIST,NOT DIVIDED,STRAIGHT AND LEVEL,DRY,UNKNOWN,,FAILING TO YIELD RIGHT-OF-WAY,FAILING TO YIELD RIGHT-OF-WAY,,NO INDICATION OF INJURY,9,7,41.7860297803,-87.5864452182,2023,30,POINT (-87.5864452182 41.7860297803),,,,,2023-07-31,False,40,Hyde Park
9298,30,UNKNOWN,UNKNOWN,CLEAR,DAYLIGHT,PEDALCYCLIST,DIVIDED - W/MEDIAN (NOT RAISED),STRAIGHT AND LEVEL,DRY,UNKNOWN,,UNABLE TO DETERMINE,NOT APPLICABLE,,NO INDICATION OF INJURY,9,7,41.7860247351,-87.5867384664,2023,30,POINT (-87.5867384664 41.7860247351),,,,,2023-07-31,False,40,Hyde Park
9299,40,TRAFFIC SIGNAL,FUNCTIONING PROPERLY,CLEAR,DAYLIGHT,PEDALCYCLIST,FOUR WAY,STRAIGHT AND LEVEL,DRY,NO DEFECTS,Y,DISREGARDING TRAFFIC SIGNALS,UNABLE TO DETERMINE,,INCAPACITATING INJURY,9,7,41.8808560477,-87.6176358918,2023,40,POINT (-87.6176358918 41.8808560477),,,,,2023-07-31,True,31,Loop
9300,30,STOP SIGN/FLASHER,FUNCTIONING PROPERLY,CLEAR,DAYLIGHT,PEDALCYCLIST,NOT DIVIDED,STRAIGHT AND LEVEL,DRY,NO DEFECTS,Y,IMPROPER OVERTAKING/PASSING,DRIVING ON WRONG SIDE/WRONG WAY,,NONINCAPACITATING INJURY,10,7,41.9560152338,-87.6802261413,2023,30,POINT (-87.6802261413 41.9560152338),,,,,2023-07-31,False,4,North Center
9301,30,NO CONTROLS,NO CONTROLS,CLEAR,DAYLIGHT,PEDALCYCLIST,NOT DIVIDED,STRAIGHT AND LEVEL,DRY,NO DEFECTS,Y,UNABLE TO DETERMINE,UNABLE TO DETERMINE,,NO INDICATION OF INJURY,14,7,41.9681034568,-87.7306246887,2023,30,POINT (-87.7306246887 41.9681034568),,,,,2023-07-31,False,11,Forest Glen
9302,25,NO CONTROLS,NO CONTROLS,CLEAR,DAYLIGHT,PEDALCYCLIST,NOT DIVIDED,STRAIGHT AND LEVEL,DRY,NO DEFECTS,Y,IMPROPER TURNING/NO SIGNAL,FAILING TO YIELD RIGHT-OF-WAY,,NONINCAPACITATING INJURY,15,7,41.9036747818,-87.630125824,2023,25,POINT (-87.630125824 41.9036747818),,,,,2023-07-31,False,7,Near North Side
9303,30,NO CONTROLS,NO CONTROLS,CLEAR,"DARKNESS, LIGHTED ROAD",PEDALCYCLIST,DIVIDED - W/MEDIAN (NOT RAISED),STRAIGHT AND LEVEL,DRY,NO DEFECTS,,"VISION OBSCURED (SIGNS, TREE LIMBS, BUILDINGS, ETC.)",NOT APPLICABLE,Y,NONINCAPACITATING INJURY,20,7,41.9685651696,-87.6675840429,2023,30,POINT (-87.6675840429 41.9685651696),,,,,2023-07-31,False,2,Uptown
9304,30,TRAFFIC SIGNAL,FUNCTIONING PROPERLY,CLEAR,"DARKNESS, LIGHTED ROAD",PEDALCYCLIST,DIVIDED - W/MEDIAN (NOT RAISED),STRAIGHT AND LEVEL,DRY,UNKNOWN,Y,DISREGARDING TRAFFIC SIGNALS,NOT APPLICABLE,,NONINCAPACITATING INJURY,4,8,41.8754486287,-87.6274724429,2023,30,POINT (-87.6274724429 41.8754486287),,,,,2023-08-01,False,31,Loop
9305,25,NO CONTROLS,NO CONTROLS,CLEAR,DAYLIGHT,PEDALCYCLIST,NOT DIVIDED,STRAIGHT AND LEVEL,DRY,NO DEFECTS,,FAILING TO YIELD RIGHT-OF-WAY,NOT APPLICABLE,,NO INDICATION OF INJURY,12,8,41.9382602856,-87.7663414656,2023,25,POINT (-87.7663414656 41.9382602856),,,,,2023-08-01,False,18,Belmont Cragin
9306,30,TRAFFIC SIGNAL,FUNCTIONING PROPERLY,CLEAR,DAYLIGHT,PEDALCYCLIST,FOUR WAY,STRAIGHT AND LEVEL,DRY,NO DEFECTS,Y,UNABLE TO DETERMINE,UNABLE TO DETERMINE,,"REPORTED, NOT EVIDENT",14,8,41.8088150393,-87.6456829532,2023,30,POINT (-87.6456829532 41.8088150393),,,,,2023-08-01,False,60,New City
9307,30,TRAFFIC SIGNAL,FUNCTIONING PROPERLY,CLEAR,DAYLIGHT,PEDALCYCLIST,TRAFFIC ROUTE,STRAIGHT AND LEVEL,DRY,NO DEFECTS,N,DRIVING ON WRONG SIDE/WRONG WAY,NOT APPLICABLE,,"REPORTED, NOT EVIDENT",15,8,41.912793335,-87.633658093,2023,30,POINT (-87.633658093 41.912793335),,,,,2023-08-01,False,6,Lincoln Park
9308,30,NO CONTROLS,NO CONTROLS,CLEAR,DAYLIGHT,PEDALCYCLIST,NOT DIVIDED,STRAIGHT AND LEVEL,DRY,NO DEFECTS,,UNABLE TO DETERMINE,NOT APPLICABLE,,NO INDICATION OF INJURY,16,8,41.9377588819,-87.6684452729,2023,30,POINT (-87.6684452729 41.9377588819),,,,,2023-08-01,False,5,Lake View
9309,30,NO CONTROLS,NO CONTROLS,CLEAR,DAYLIGHT,PEDALCYCLIST,DIVIDED - W/MEDIAN (NOT RAISED),STRAIGHT AND LEVEL,DRY,NO DEFECTS,N,FAILING TO YIELD RIGHT-OF-WAY,DRIVING SKILLS/KNOWLEDGE/EXPERIENCE,Y,NONINCAPACITATING INJURY,18,8,41.9464803775,-87.6496070234,2023,30,POINT (-87.6496070234 41.9464803775),,,,,2023-08-01,False,5,Lake View
9310,35,NO CONTROLS,NO CONTROLS,CLEAR,DAYLIGHT,PEDALCYCLIST,NOT DIVIDED,STRAIGHT AND LEVEL,DRY,NO DEFECTS,,FAILING TO YIELD RIGHT-OF-WAY,IMPROPER BACKING,,NO INDICATION OF INJURY,18,8,41.9802913724,-87.659830425,2023,35,POINT (-87.659830425 41.9802913724),,,,,2023-08-01,False,76,Edgewater