Unnamed: 0,POSTED_SPEED_LIMIT,TRAFFIC_CONTROL_DEVICE,DEVICE_CONDITION,WEATHER_CONDITION,LIGHTING_CONDITION,FIRST_CRASH_TYPE,TRAFFICWAY_TYPE,ALIGNMENT,ROADWAY_SURFACE_COND,ROAD_DEFECT,INTERSECTION_RELATED_I,PRIM_CONTRIBUTORY_CAUSE,SEC_CONTRIBUTORY_CAUSE,DOORING_I,MOST_SEVERE_INJURY,CRASH_HOUR,CRASH_MONTH,LATITUDE,LONGITUDE,CRASH_YEAR,SPEED_LIMIT,geometry,DISPLAYROU,the_geom,DIST,LANE_TYPE,CRASH_DATE,is_severe,index_right,CArea
9311,30,TRAFFIC SIGNAL,FUNCTIONING PROPERLY,CLEAR,DAYLIGHT,PEDALCYCLIST,FOUR WAY,STRAIGHT AND LEVEL,DRY,NO DEFECTS,Y,UNABLE TO DETERMINE,NOT APPLICABLE,Y,INCAPACITATING INJURY,19,8,41.8822106123,-87.6242216984,2023,30,POINT (-87.6242216984 41.8822106123),,,,,2023-08-01,True,31,Loop
9312,30,NO CONTROLS,NO CONTROLS,CLEAR,"DARKNESS, LIGHTED ROAD",PEDALCYCLIST,DIVIDED - W/MEDIAN (NOT RAISED),STRAIGHT AND LEVEL,DRY,NO DEFECTS,Y,FAILING TO YIELD RIGHT-OF-WAY,NOT APPLICABLE,,NO INDICATION OF INJURY,20,8,41.9678583053,-87.7525725674,2023,30,POINT (-87.7525725674 41.9678583053),,,,,2023-08-01,False,14,Portage Park
9313,30,NO CONTROLS,NO CONTROLS,CLEAR,DAYLIGHT,PEDALCYCLIST,NOT DIVIDED,STRAIGHT AND LEVEL,DRY,NO DEFECTS,Y,CELL PHONE USE OTHER THAN TEXTING,CELL PHONE USE OTHER THAN TEXTING,,NONINCAPACITATING INJURY,14,8,41.8343024107,-87.6844771304,2023,30,POINT (-87.6844771304 41.8343024107),,,,,2023-08-02,False,57,Brighton Park
9314,25,NO CONTROLS,NO CONTROLS,CLEAR,DAYLIGHT,PEDALCYCLIST,NOT DIVIDED,STRAIGHT AND LEVEL,DRY,NO DEFECTS,Y,NOT APPLICABLE,NOT APPLICABLE,,NONINCAPACITATING INJURY,15,8,41.9288910926,-87.6635922226,2023,25,POINT (-87.6635922226 41.9288910926),,,,,2023-08-02,False,6,Lincoln Park
9315,20,TRAFFIC SIGNAL,FUNCTIONING PROPERLY,CLEAR,DAYLIGHT,PEDALCYCLIST,DIVIDED - W/MEDIAN BARRIER,STRAIGHT AND LEVEL,DRY,UNKNOWN,,IMPROPER OVERTAKING/PASSING,NOT APPLICABLE,,NONINCAPACITATING INJURY,16,8,41.8671715478,-87.6527201438,2023,20,POINT (-87.6527201438 41.8671715478),,,,,2023-08-02,False,27,Near West Side
9316,30,NO CONTROLS,NO CONTROLS,CLEAR,DAYLIGHT,PEDALCYCLIST,ONE-WAY,STRAIGHT AND LEVEL,DRY,NO DEFECTS,,FAILING TO YIELD RIGHT-OF-WAY,IMPROPER LANE USAGE,,INCAPACITATING INJURY,16,8,41.8885267139,-87.6311913744,2023,30,POINT (-87.6311913744 41.8885267139),,,,,2023-08-02,True,7,Near North Side
9317,30,TRAFFIC SIGNAL,FUNCTIONING PROPERLY,UNKNOWN,DAYLIGHT,PEDALCYCLIST,NOT DIVIDED,STRAIGHT AND LEVEL,UNKNOWN,NO DEFECTS,,UNABLE TO DETERMINE,NOT APPLICABLE,,NO INDICATION OF INJURY,17,8,41.9201566922,-87.7754444019,2023,30,POINT (-87.7754444019 41.9201566922),,,,,2023-08-02,False,18,Belmont Cragin
9318,30,NO CONTROLS,NO CONTROLS,CLEAR,DAYLIGHT,PEDALCYCLIST,NOT DIVIDED,STRAIGHT AND LEVEL,DRY,NO DEFECTS,,NOT APPLICABLE,NOT APPLICABLE,,"REPORTED, NOT EVIDENT",18,8,42.0141464888,-87.6837462763,2023,30,POINT (-87.6837462763 42.0141464888),,,,,2023-08-02,False,0,Rogers Park
9319,30,TRAFFIC SIGNAL,FUNCTIONING PROPERLY,CLEAR,"DARKNESS, LIGHTED ROAD",PEDALCYCLIST,FOUR WAY,STRAIGHT AND LEVEL,DRY,NO DEFECTS,Y,FAILING TO YIELD RIGHT-OF-WAY,IMPROPER TURNING/NO SIGNAL,,NONINCAPACITATING INJURY,23,8,41.9104367986,-87.6777610207,2023,30,POINT (-87.6777610207 41.9104367986),,,,,2023-08-02,False,23,West Town
9320,30,TRAFFIC SIGNAL,FUNCTIONING PROPERLY,CLEAR,"DARKNESS, LIGHTED ROAD",PEDALCYCLIST,DIVIDED - W/MEDIAN BARRIER,STRAIGHT AND LEVEL,DRY,NO DEFECTS,Y,DISREGARDING TRAFFIC SIGNALS,UNABLE TO DETERMINE,,NONINCAPACITATING INJURY,23,8,41.8915668944,-87.6324334307,2023,30,POINT (-87.6324334307 41.8915668944),,,,,2023-08-02,False,7,Near North Side
9321,35,OTHER,NO CONTROLS,CLEAR,DAYLIGHT,PEDALCYCLIST,DIVIDED - W/MEDIAN (NOT RAISED),STRAIGHT AND LEVEL,DRY,NO DEFECTS,,UNABLE TO DETERMINE,UNABLE TO DETERMINE,,NONINCAPACITATING INJURY,6,8,41.7603882393,-87.7416271687,2023,35,POINT (-87.7416271687 41.7603882393),,,,,2023-08-03,False,64,West Lawn
9322,25,NO CONTROLS,NO CONTROLS,CLEAR,DAYLIGHT,PEDALCYCLIST,ONE-WAY,STRAIGHT AND LEVEL,DRY,NO DEFECTS,,UNABLE TO DETERMINE,UNABLE TO DETERMINE,,"REPORTED, NOT EVIDENT",7,8,41.9389080722,-87.7687973216,2023,25,POINT (-87.7687973216 41.9389080722),,,,,2023-08-03,False,14,Portage Park
9323,30,NO CONTROLS,NO CONTROLS,CLEAR,DAYLIGHT,PEDALCYCLIST,DIVIDED - W/MEDIAN (NOT RAISED),STRAIGHT AND LEVEL,DRY,NO DEFECTS,,FAILING TO YIELD RIGHT-OF-WAY,NOT APPLICABLE,Y,NONINCAPACITATING INJURY,8,8,41.8876283989,-87.6769627205,2023,30,POINT (-87.6769627205 41.8876283989),,,,,2023-08-03,False,27,Near West Side
9324,30,NO CONTROLS,NO CONTROLS,CLEAR,DAYLIGHT,PEDALCYCLIST,PARKING LOT,STRAIGHT AND LEVEL,DRY,NO DEFECTS,,UNABLE TO DETERMINE,UNABLE TO DETERMINE,,NO INDICATION OF INJURY,13,8,41.8067951688,-87.703791635,2023,30,POINT (-87.703791635 41.8067951688),,,,,2023-08-03,False,57,Brighton Park
9325,30,STOP SIGN/FLASHER,FUNCTIONING PROPERLY,CLEAR,DAYLIGHT,PEDALCYCLIST,FOUR WAY,STRAIGHT AND LEVEL,DRY,NO DEFECTS,Y,DRIVING ON WRONG SIDE/WRONG WAY,FAILING TO YIELD RIGHT-OF-WAY,,NONINCAPACITATING INJURY,15,8,41.952162156,-87.7692618777,2023,30,POINT (-87.7692618777 41.952162156),,,,,2023-08-03,False,14,Portage Park
9326,15,NO CONTROLS,NO CONTROLS,CLEAR,DAYLIGHT,PEDALCYCLIST,ONE-WAY,STRAIGHT AND LEVEL,DRY,NO DEFECTS,,UNABLE TO DETERMINE,NOT APPLICABLE,,NONINCAPACITATING INJURY,16,8,41.9451673454,-87.6765045019,2023,15,POINT (-87.6765045019 41.9451673454),,,,,2023-08-03,False,4,North Center
9327,30,NO CONTROLS,NO CONTROLS,CLEAR,DAYLIGHT,PEDALCYCLIST,NOT DIVIDED,STRAIGHT AND LEVEL,DRY,NO DEFECTS,,FAILING TO YIELD RIGHT-OF-WAY,NOT APPLICABLE,Y,NONINCAPACITATING INJURY,18,8,41.9067320541,-87.6715359764,2023,30,POINT (-87.6715359764 41.9067320541),,,,,2023-08-03,False,23,West Town
9328,30,STOP SIGN/FLASHER,FUNCTIONING PROPERLY,CLEAR,DAYLIGHT,PEDALCYCLIST,ONE-WAY,STRAIGHT AND LEVEL,DRY,NO DEFECTS,Y,UNABLE TO DETERMINE,NOT APPLICABLE,,INCAPACITATING INJURY,20,8,41.728800066,-87.6481332542,2023,30,POINT (-87.6481332542 41.728800066),,,,,2023-08-03,True,70,Auburn Gresham
9329,30,NO CONTROLS,NO CONTROLS,CLEAR,DUSK,PEDALCYCLIST,OTHER,STRAIGHT AND LEVEL,DRY,NO DEFECTS,,UNABLE TO DETERMINE,UNABLE TO DETERMINE,,NONINCAPACITATING INJURY,5,8,41.8953278285,-87.7186916405,2023,30,POINT (-87.7186916405 41.8953278285),,,,,2023-08-04,False,22,Humboldt Park
9330,30,NO CONTROLS,NO CONTROLS,CLEAR,DAYLIGHT,PEDALCYCLIST,NOT DIVIDED,STRAIGHT AND LEVEL,DRY,NO DEFECTS,,UNABLE TO DETERMINE,UNABLE TO DETERMINE,,"REPORTED, NOT EVIDENT",13,8,41.8600226202,-87.6466171491,2023,30,POINT (-87.6466171491 41.8600226202),,,,,2023-08-04,False,27,Near West Side
9331,30,TRAFFIC SIGNAL,FUNCTIONING PROPERLY,CLEAR,DAYLIGHT,PEDALCYCLIST,DIVIDED - W/MEDIAN (NOT RAISED),STRAIGHT AND LEVEL,DRY,NO DEFECTS,,IMPROPER OVERTAKING/PASSING,UNABLE TO DETERMINE,,NONINCAPACITATING INJURY,14,8,41.8969352458,-87.6487900554,2023,30,POINT (-87.6487900554 41.8969352458),,,,,2023-08-04,False,7,Near North Side
9332,30,TRAFFIC SIGNAL,FUNCTIONING PROPERLY,CLEAR,DAYLIGHT,PEDALCYCLIST,NOT DIVIDED,STRAIGHT AND LEVEL,DRY,NO DEFECTS,Y,UNABLE TO DETERMINE,NOT APPLICABLE,,NONINCAPACITATING INJURY,14,8,41.8765687699,-87.6520197171,2023,30,POINT (-87.6520197171 41.8765687699),,,,,2023-08-04,False,27,Near West Side
9333,30,NO CONTROLS,NO CONTROLS,CLEAR,"DARKNESS, LIGHTED ROAD",PEDALCYCLIST,DIVIDED - W/MEDIAN (NOT RAISED),STRAIGHT AND LEVEL,DRY,NO DEFECTS,,FOLLOWING TOO CLOSELY,UNABLE TO DETERMINE,,NONINCAPACITATING INJURY,20,8,41.9401983227,-87.6415450199,2023,30,POINT (-87.6415450199 41.9401983227),,,,,2023-08-04,False,5,Lake View
9334,30,UNKNOWN,UNKNOWN,RAIN,DARKNESS,PEDALCYCLIST,NOT DIVIDED,STRAIGHT AND LEVEL,UNKNOWN,UNKNOWN,,UNABLE TO DETERMINE,UNABLE TO DETERMINE,,NO INDICATION OF INJURY,0,8,41.9388697895,-87.6490864972,2023,30,POINT (-87.6490864972 41.9388697895),,,,,2023-08-05,False,5,Lake View
9335,30,NO CONTROLS,NO CONTROLS,CLEAR,"DARKNESS, LIGHTED ROAD",PEDALCYCLIST,ALLEY,STRAIGHT AND LEVEL,DRY,UNKNOWN,,UNABLE TO DETERMINE,UNABLE TO DETERMINE,N,NONINCAPACITATING INJURY,0,8,41.8825501856,-87.6295670459,2023,30,POINT (-87.6295670459 41.8825501856),,,,,2023-08-05,False,31,Loop
9336,30,UNKNOWN,UNKNOWN,CLEAR,UNKNOWN,PEDALCYCLIST,ONE-WAY,STRAIGHT AND LEVEL,DRY,UNKNOWN,,UNABLE TO DETERMINE,UNABLE TO DETERMINE,,NONINCAPACITATING INJURY,2,8,41.9217650377,-87.7009958823,2023,30,POINT (-87.7009958823 41.9217650377),,,,,2023-08-05,False,21,Logan Square
9337,30,UNKNOWN,UNKNOWN,CLOUDY/OVERCAST,DAYLIGHT,PEDALCYCLIST,DIVIDED - W/MEDIAN (NOT RAISED),STRAIGHT AND LEVEL,DRY,NO DEFECTS,,UNABLE TO DETERMINE,NOT APPLICABLE,N,INCAPACITATING INJURY,8,8,41.8321338029,-87.6947280593,2023,30,POINT (-87.6947280593 41.8321338029),,,,,2023-08-05,True,29,South Lawndale
9338,30,NO CONTROLS,NO CONTROLS,CLEAR,DUSK,PEDALCYCLIST,ONE-WAY,STRAIGHT AND LEVEL,DRY,NO DEFECTS,,DRIVING SKILLS/KNOWLEDGE/EXPERIENCE,NOT APPLICABLE,,NONINCAPACITATING INJURY,19,8,41.9380627309,-87.6805916502,2023,30,POINT (-87.6805916502 41.9380627309),,,,,2023-08-05,False,4,North Center
9339,30,TRAFFIC SIGNAL,FUNCTIONING PROPERLY,RAIN,DUSK,PEDALCYCLIST,DIVIDED - W/MEDIAN (NOT RAISED),STRAIGHT AND LEVEL,WET,NO DEFECTS,Y,FAILING TO YIELD RIGHT-OF-WAY,NOT APPLICABLE,,NONINCAPACITATING INJURY,19,8,41.8832545646,-87.6667236301,2023,30,POINT (-87.6667236301 41.8832545646),,,,,2023-08-05,False,27,Near West Side
9340,30,NO CONTROLS,NO CONTROLS,RAIN,"DARKNESS, LIGHTED ROAD",PEDALCYCLIST,DIVIDED - W/MEDIAN (NOT RAISED),STRAIGHT AND LEVEL,WET,NO DEFECTS,,EQUIPMENT - VEHICLE CONDITION,EQUIPMENT - VEHICLE CONDITION,,NONINCAPACITATING INJURY,22,8,41.904024731,-87.6672999334,2023,30,POINT (-87.6672999334 41.904024731),,,,,2023-08-05,False,23,West Town
9341,15,NO CONTROLS,NO CONTROLS,RAIN,"DARKNESS, LIGHTED ROAD",PEDALCYCLIST,ALLEY,STRAIGHT ON GRADE,WET,UNKNOWN,N,FAILING TO REDUCE SPEED TO AVOID CRASH,WEATHER,,NONINCAPACITATING INJURY,1,8,41.9973593956,-87.6897236703,2023,15,POINT (-87.6897236703 41.9973593956),,,,,2023-08-06,False,1,West Ridge
9342,30,NO CONTROLS,NO CONTROLS,CLEAR,DAYLIGHT,PEDALCYCLIST,NOT DIVIDED,STRAIGHT AND LEVEL,DRY,NO DEFECTS,,UNABLE TO DETERMINE,NOT APPLICABLE,,NONINCAPACITATING INJURY,14,8,41.9300328797,-87.6432543349,2023,30,POINT (-87.6432543349 41.9300328797),,,,,2023-08-06,False,6,Lincoln Park
9343,30,NO CONTROLS,NO CONTROLS,FREEZING RAIN/DRIZZLE,DAYLIGHT,PEDALCYCLIST,UNKNOWN,STRAIGHT AND LEVEL,WET,NO DEFECTS,,FAILING TO YIELD RIGHT-OF-WAY,FAILING TO YIELD RIGHT-OF-WAY,Y,NO INDICATION OF INJURY,16,8,41.8670614529,-87.6242915566,2023,30,POINT (-87.6242915566 41.8670614529),,,,,2023-08-06,False,32,Near South Side
9344,30,TRAFFIC SIGNAL,FUNCTIONING PROPERLY,RAIN,DAYLIGHT,PEDALCYCLIST,NOT DIVIDED,STRAIGHT AND LEVEL,WET,UNKNOWN,,UNABLE TO DETERMINE,NOT APPLICABLE,,NONINCAPACITATING INJURY,16,8,41.9172057707,-87.7140079488,2023,30,POINT (-87.7140079488 41.9172057707),,,,,2023-08-06,False,21,Logan Square
9345,25,TRAFFIC SIGNAL,FUNCTIONING PROPERLY,CLOUDY/OVERCAST,DAYLIGHT,PEDALCYCLIST,DIVIDED - W/MEDIAN BARRIER,STRAIGHT AND LEVEL,DRY,OTHER,,"VISION OBSCURED (SIGNS, TREE LIMBS, BUILDINGS, ETC.)",UNABLE TO DETERMINE,,NONINCAPACITATING INJURY,18,8,41.9890201931,-87.6700662495,2023,25,POINT (-87.6700662495 41.9890201931),,,,,2023-08-06,False,76,Edgewater
9346,30,TRAFFIC SIGNAL,FUNCTIONING PROPERLY,CLEAR,"DARKNESS, LIGHTED ROAD",PEDALCYCLIST,FOUR WAY,STRAIGHT AND LEVEL,DRY,UNKNOWN,Y,DISREGARDING TRAFFIC SIGNALS,FAILING TO YIELD RIGHT-OF-WAY,,INCAPACITATING INJURY,1,8,41.8899640875,-87.6323997245,2023,30,POINT (-87.6323997245 41.8899640875),,,,,2023-08-07,True,7,Near North Side
9347,30,STOP SIGN/FLASHER,FUNCTIONING PROPERLY,CLEAR,DAYLIGHT,PEDALCYCLIST,NOT DIVIDED,STRAIGHT AND LEVEL,DRY,WORN SURFACE,Y,UNABLE TO DETERMINE,NOT APPLICABLE,,NO INDICATION OF INJURY,8,8,41.8858219752,-87.6766172728,2023,30,POINT (-87.6766172728 41.8858219752),,,,,2023-08-07,False,27,Near West Side
9348,30,STOP SIGN/FLASHER,FUNCTIONING PROPERLY,CLEAR,DAYLIGHT,PEDALCYCLIST,NOT DIVIDED,STRAIGHT ON GRADE,DRY,NO DEFECTS,,UNABLE TO DETERMINE,NOT APPLICABLE,,NO INDICATION OF INJURY,8,8,41.9111122365,-87.6289486307,2023,30,POINT (-87.6289486307 41.9111122365),,,,,2023-08-07,False,6,Lincoln Park
9349,30,TRAFFIC SIGNAL,FUNCTIONING PROPERLY,UNKNOWN,DAYLIGHT,PEDALCYCLIST,FOUR WAY,STRAIGHT AND LEVEL,UNKNOWN,UNKNOWN,Y,"OPERATING VEHICLE IN ERRATIC, RECKLESS, CARELESS, NEGLIGENT OR AGGRESSIVE MANNER",UNABLE TO DETERMINE,,NO INDICATION OF INJURY,9,8,41.7970715241,-87.7528416081,2023,30,POINT (-87.7528416081 41.7970715241),,,,,2023-08-07,False,55,Garfield Ridge
9350,30,TRAFFIC SIGNAL,UNKNOWN,CLEAR,"DARKNESS, LIGHTED ROAD",PEDALCYCLIST,FOUR WAY,STRAIGHT AND LEVEL,DRY,UNKNOWN,,FOLLOWING TOO CLOSELY,NOT APPLICABLE,,NONINCAPACITATING INJURY,10,8,41.8984194228,-87.7619656201,2023,30,POINT (-87.7619656201 41.8984194228),,,,,2023-08-07,False,24,Austin
9351,30,UNKNOWN,UNKNOWN,UNKNOWN,DAYLIGHT,PEDALCYCLIST,NOT DIVIDED,STRAIGHT AND LEVEL,UNKNOWN,UNKNOWN,,UNABLE TO DETERMINE,NOT APPLICABLE,,"REPORTED, NOT EVIDENT",15,8,41.9318310256,-87.727126873,2023,30,POINT (-87.727126873 41.9318310256),,,,,2023-08-07,False,19,Hermosa
9352,30,TRAFFIC SIGNAL,UNKNOWN,CLEAR,DAYLIGHT,PEDALCYCLIST,NOT DIVIDED,STRAIGHT AND LEVEL,DRY,NO DEFECTS,,FAILING TO YIELD RIGHT-OF-WAY,NOT APPLICABLE,,NONINCAPACITATING INJURY,16,8,41.9467247372,-87.7076779769,2023,30,POINT (-87.7076779769 41.9467247372),,,,,2023-08-07,False,15,Irving Park
9353,30,OTHER,FUNCTIONING IMPROPERLY,CLEAR,DAYLIGHT,PEDALCYCLIST,FOUR WAY,STRAIGHT AND LEVEL,DRY,NO DEFECTS,Y,FAILING TO YIELD RIGHT-OF-WAY,FAILING TO YIELD RIGHT-OF-WAY,,NONINCAPACITATING INJURY,17,8,41.8956617288,-87.7067107407,2023,30,POINT (-87.7067107407 41.8956617288),,,,,2023-08-07,False,22,Humboldt Park
9354,30,BICYCLE CROSSING SIGN,FUNCTIONING PROPERLY,CLEAR,DUSK,PEDALCYCLIST,DIVIDED - W/MEDIAN (NOT RAISED),STRAIGHT AND LEVEL,UNKNOWN,UNKNOWN,,FAILING TO YIELD RIGHT-OF-WAY,UNABLE TO DETERMINE,,NONINCAPACITATING INJURY,21,8,41.8536207444,-87.6329813299,2023,30,POINT (-87.6329813299 41.8536207444),,,,,2023-08-07,False,32,Near South Side
9355,25,TRAFFIC SIGNAL,FUNCTIONING PROPERLY,CLEAR,DUSK,PEDALCYCLIST,T-INTERSECTION,STRAIGHT AND LEVEL,DRY,NO DEFECTS,Y,FAILING TO REDUCE SPEED TO AVOID CRASH,UNABLE TO DETERMINE,N,NONINCAPACITATING INJURY,22,8,41.8107718439,-87.7098777742,2023,25,POINT (-87.7098777742 41.8107718439),,,,,2023-08-07,False,57,Brighton Park
9356,30,TRAFFIC SIGNAL,UNKNOWN,CLEAR,"DARKNESS, LIGHTED ROAD",PEDALCYCLIST,T-INTERSECTION,STRAIGHT AND LEVEL,DRY,NO DEFECTS,,UNABLE TO DETERMINE,UNABLE TO DETERMINE,,INCAPACITATING INJURY,22,8,41.8116932453,-87.7091651718,2023,30,POINT (-87.7091651718 41.8116932453),,,,,2023-08-07,True,57,Brighton Park
9357,30,UNKNOWN,UNKNOWN,CLEAR,DAYLIGHT,PEDALCYCLIST,NOT DIVIDED,STRAIGHT AND LEVEL,DRY,UNKNOWN,,UNABLE TO DETERMINE,UNABLE TO DETERMINE,,NO INDICATION OF INJURY,3,8,41.8068549833,-87.7429839684,2023,30,POINT (-87.7429839684 41.8068549833),,,,,2023-08-08,False,55,Garfield Ridge
9358,30,NO CONTROLS,NO CONTROLS,CLEAR,DAYLIGHT,PEDALCYCLIST,NOT DIVIDED,STRAIGHT AND LEVEL,DRY,NO DEFECTS,,FAILING TO YIELD RIGHT-OF-WAY,FAILING TO YIELD RIGHT-OF-WAY,Y,NO INDICATION OF INJURY,13,8,41.8373944311,-87.6464077068,2023,30,POINT (-87.6464077068 41.8373944311),,,,,2023-08-08,False,30,Lower West Side
9359,30,NO CONTROLS,NO CONTROLS,CLEAR,DAYLIGHT,PEDALCYCLIST,NOT DIVIDED,STRAIGHT AND LEVEL,DRY,NO DEFECTS,Y,UNABLE TO DETERMINE,NOT APPLICABLE,,NONINCAPACITATING INJURY,13,8,41.7866699889,-87.6633097077,2023,30,POINT (-87.6633097077 41.7866699889),,,,,2023-08-08,False,66,Englewood
9360,30,TRAFFIC SIGNAL,FUNCTIONING PROPERLY,CLEAR,DAYLIGHT,PEDALCYCLIST,ONE-WAY,STRAIGHT AND LEVEL,DRY,NO DEFECTS,Y,DISREGARDING TRAFFIC SIGNALS,DISREGARDING TRAFFIC SIGNALS,,NONINCAPACITATING INJURY,17,8,41.8833200223,-87.6339332677,2023,30,POINT (-87.6339332677 41.8833200223),,,,,2023-08-08,False,31,Loop
9361,25,UNKNOWN,UNKNOWN,CLEAR,DAYLIGHT,PEDALCYCLIST,NOT DIVIDED,STRAIGHT AND LEVEL,UNKNOWN,UNKNOWN,,UNABLE TO DETERMINE,NOT APPLICABLE,,NO INDICATION OF INJURY,18,8,41.9002110051,-87.6243229766,2023,25,POINT (-87.6243229766 41.9002110051),,,,,2023-08-08,False,7,Near North Side
9362,25,NO CONTROLS,NO CONTROLS,CLEAR,"DARKNESS, LIGHTED ROAD",PEDALCYCLIST,NOT DIVIDED,STRAIGHT AND LEVEL,DRY,NO DEFECTS,,UNABLE TO DETERMINE,UNABLE TO DETERMINE,,NO INDICATION OF INJURY,21,8,41.9167153093,-87.6874736526,2023,25,POINT (-87.6874736526 41.9167153093),,,,,2023-08-08,False,21,Logan Square
9363,30,TRAFFIC SIGNAL,FUNCTIONING PROPERLY,CLEAR,"DARKNESS, LIGHTED ROAD",PEDALCYCLIST,NOT DIVIDED,STRAIGHT AND LEVEL,DRY,NO DEFECTS,Y,UNABLE TO DETERMINE,UNABLE TO DETERMINE,,"REPORTED, NOT EVIDENT",23,8,41.8893187111,-87.6281526679,2023,30,POINT (-87.6281526679 41.8893187111),,,,,2023-08-08,False,7,Near North Side
9364,20,NO CONTROLS,NO CONTROLS,CLEAR,DAYLIGHT,PEDALCYCLIST,NOT DIVIDED,STRAIGHT AND LEVEL,DRY,NO DEFECTS,,UNABLE TO DETERMINE,NOT APPLICABLE,,NONINCAPACITATING INJURY,12,8,42.0032068274,-87.6658157207,2023,20,POINT (-87.6658157207 42.0032068274),,,,,2023-08-09,False,0,Rogers Park
9365,25,STOP SIGN/FLASHER,FUNCTIONING PROPERLY,CLEAR,DAYLIGHT,PEDALCYCLIST,NOT REPORTED,STRAIGHT AND LEVEL,DRY,NO DEFECTS,,UNABLE TO DETERMINE,UNABLE TO DETERMINE,,NO INDICATION OF INJURY,18,8,41.9885488289,-87.7140743058,2023,25,POINT (-87.7140743058 41.9885488289),,,,,2023-08-09,False,12,North Park
9366,30,TRAFFIC SIGNAL,FUNCTIONING PROPERLY,CLEAR,DARKNESS,PEDALCYCLIST,FOUR WAY,STRAIGHT AND LEVEL,DRY,NO DEFECTS,,IMPROPER LANE USAGE,NOT APPLICABLE,,NONINCAPACITATING INJURY,21,8,41.9600843623,-87.7875847344,2023,30,POINT (-87.7875847344 41.9600843623),,,,,2023-08-09,False,16,Dunning
9367,30,NO CONTROLS,NO CONTROLS,CLEAR,"DARKNESS, LIGHTED ROAD",PEDALCYCLIST,NOT DIVIDED,STRAIGHT AND LEVEL,DRY,NO DEFECTS,,IMPROPER OVERTAKING/PASSING,UNABLE TO DETERMINE,,NONINCAPACITATING INJURY,23,8,41.9172044226,-87.7320599106,2023,30,POINT (-87.7320599106 41.9172044226),,,,,2023-08-09,False,19,Hermosa
9368,30,NO CONTROLS,NO CONTROLS,CLEAR,"DARKNESS, LIGHTED ROAD",PEDALCYCLIST,DIVIDED - W/MEDIAN (NOT RAISED),STRAIGHT AND LEVEL,DRY,UNKNOWN,,FAILING TO YIELD RIGHT-OF-WAY,NOT APPLICABLE,,NO INDICATION OF INJURY,2,8,41.8080730541,-87.7162964122,2023,30,POINT (-87.7162964122 41.8080730541),,,,,2023-08-10,False,56,Archer Heights
9369,25,STOP SIGN/FLASHER,FUNCTIONING PROPERLY,CLEAR,DAYLIGHT,PEDALCYCLIST,FOUR WAY,STRAIGHT AND LEVEL,DRY,NO DEFECTS,Y,DISREGARDING STOP SIGN,NOT APPLICABLE,,"REPORTED, NOT EVIDENT",7,8,42.0000332223,-87.6691629487,2023,25,POINT (-87.6691629487 42.0000332223),,,,,2023-08-10,False,0,Rogers Park
9370,30,NO CONTROLS,NO CONTROLS,CLEAR,DAYLIGHT,PEDALCYCLIST,NOT DIVIDED,STRAIGHT AND LEVEL,DRY,NO DEFECTS,,UNABLE TO DETERMINE,NOT APPLICABLE,,NO INDICATION OF INJURY,12,8,41.8581457635,-87.6506145215,2023,30,POINT (-87.6506145215 41.8581457635),,,,,2023-08-10,False,27,Near West Side
9371,35,TRAFFIC SIGNAL,UNKNOWN,CLEAR,DAYLIGHT,PEDALCYCLIST,NOT DIVIDED,STRAIGHT AND LEVEL,UNKNOWN,UNKNOWN,Y,UNABLE TO DETERMINE,NOT APPLICABLE,,NONINCAPACITATING INJURY,13,8,41.8673626926,-87.6392931946,2023,35,POINT (-87.6392931946 41.8673626926),,,,,2023-08-10,False,27,Near West Side
9372,30,OTHER,NO CONTROLS,CLEAR,DAYLIGHT,PEDALCYCLIST,PARKING LOT,STRAIGHT AND LEVEL,DRY,NO DEFECTS,,FAILING TO YIELD RIGHT-OF-WAY,NOT APPLICABLE,,NONINCAPACITATING INJURY,15,8,41.9236610623,-87.7661255171,2023,30,POINT (-87.7661255171 41.9236610623),,,,,2023-08-10,False,18,Belmont Cragin
9373,20,NO CONTROLS,NO CONTROLS,CLEAR,DAYLIGHT,PEDALCYCLIST,ONE-WAY,STRAIGHT AND LEVEL,DRY,NO DEFECTS,,NOT APPLICABLE,NOT APPLICABLE,,NO INDICATION OF INJURY,16,8,41.7610315287,-87.6720702923,2023,20,POINT (-87.6720702923 41.7610315287),,,,,2023-08-10,False,66,Englewood
9374,30,NO CONTROLS,NO CONTROLS,CLEAR,DAYLIGHT,PEDALCYCLIST,NOT DIVIDED,STRAIGHT AND LEVEL,DRY,NO DEFECTS,,UNABLE TO DETERMINE,UNABLE TO DETERMINE,N,NONINCAPACITATING INJURY,18,8,41.894238068,-87.629574615,2023,30,POINT (-87.629574615 41.894238068),,,,,2023-08-10,False,7,Near North Side
9375,30,TRAFFIC SIGNAL,FUNCTIONING PROPERLY,CLEAR,"DARKNESS, LIGHTED ROAD",PEDALCYCLIST,DIVIDED - W/MEDIAN BARRIER,STRAIGHT AND LEVEL,DRY,NO DEFECTS,,UNABLE TO DETERMINE,NOT APPLICABLE,,NONINCAPACITATING INJURY,23,8,41.8823358858,-87.6666891057,2023,30,POINT (-87.6666891057 41.8823358858),,,,,2023-08-10,False,27,Near West Side