Unnamed: 0,POSTED_SPEED_LIMIT,TRAFFIC_CONTROL_DEVICE,DEVICE_CONDITION,WEATHER_CONDITION,LIGHTING_CONDITION,FIRST_CRASH_TYPE,TRAFFICWAY_TYPE,ALIGNMENT,ROADWAY_SURFACE_COND,ROAD_DEFECT,INTERSECTION_RELATED_I,PRIM_CONTRIBUTORY_CAUSE,SEC_CONTRIBUTORY_CAUSE,DOORING_I,MOST_SEVERE_INJURY,CRASH_HOUR,CRASH_MONTH,LATITUDE,LONGITUDE,CRASH_YEAR,SPEED_LIMIT,geometry,DISPLAYROU,the_geom,DIST,LANE_TYPE,CRASH_DATE,is_severe,index_right,CArea
9376,30,NO CONTROLS,NO CONTROLS,CLOUDY/OVERCAST,DAYLIGHT,PEDALCYCLIST,DIVIDED - W/MEDIAN (NOT RAISED),STRAIGHT AND LEVEL,DRY,UNKNOWN,,FAILING TO YIELD RIGHT-OF-WAY,FOLLOWING TOO CLOSELY,,NONINCAPACITATING INJURY,6,8,41.866385137,-87.7449168289,2023,30,POINT (-87.7449168289 41.866385137),,,,,2023-08-11,False,24,Austin
9377,30,TRAFFIC SIGNAL,FUNCTIONING PROPERLY,CLOUDY/OVERCAST,DAYLIGHT,PEDALCYCLIST,T-INTERSECTION,STRAIGHT AND LEVEL,DRY,NO DEFECTS,Y,UNABLE TO DETERMINE,NOT APPLICABLE,,NONINCAPACITATING INJURY,6,8,41.8714581312,-87.7450745556,2023,30,POINT (-87.7450745556 41.8714581312),,,,,2023-08-11,False,24,Austin
9378,30,TRAFFIC SIGNAL,FUNCTIONING PROPERLY,CLEAR,DAYLIGHT,PEDALCYCLIST,NOT DIVIDED,STRAIGHT AND LEVEL,DRY,NO DEFECTS,,FAILING TO YIELD RIGHT-OF-WAY,UNABLE TO DETERMINE,,NO INDICATION OF INJURY,7,8,41.8856991972,-87.6487890894,2023,30,POINT (-87.6487890894 41.8856991972),,,,,2023-08-11,False,27,Near West Side
9379,30,OTHER,FUNCTIONING PROPERLY,RAIN,DAYLIGHT,PEDALCYCLIST,NOT DIVIDED,STRAIGHT AND LEVEL,WET,UNKNOWN,,FAILING TO YIELD RIGHT-OF-WAY,NOT APPLICABLE,,NONINCAPACITATING INJURY,8,8,41.9241752369,-87.7593823869,2023,30,POINT (-87.7593823869 41.9241752369),,,,,2023-08-11,False,18,Belmont Cragin
9380,30,STOP SIGN/FLASHER,FUNCTIONING PROPERLY,CLOUDY/OVERCAST,DAYLIGHT,PEDALCYCLIST,FOUR WAY,STRAIGHT AND LEVEL,DRY,NO DEFECTS,Y,DISREGARDING STOP SIGN,FAILING TO YIELD RIGHT-OF-WAY,,NONINCAPACITATING INJURY,11,8,41.9354092987,-87.6492528167,2023,30,POINT (-87.6492528167 41.9354092987),,,,,2023-08-11,False,5,Lake View
9381,30,TRAFFIC SIGNAL,FUNCTIONING PROPERLY,CLEAR,DAYLIGHT,PEDALCYCLIST,DIVIDED - W/MEDIAN (NOT RAISED),STRAIGHT AND LEVEL,DRY,NO DEFECTS,,FAILING TO YIELD RIGHT-OF-WAY,NOT APPLICABLE,,"REPORTED, NOT EVIDENT",12,8,41.9120188186,-87.6797756326,2023,30,POINT (-87.6797756326 41.9120188186),,,,,2023-08-11,False,6,Lincoln Park
9382,20,STOP SIGN/FLASHER,OTHER,CLEAR,DAYLIGHT,PEDALCYCLIST,NOT DIVIDED,STRAIGHT AND LEVEL,DRY,NO DEFECTS,Y,UNABLE TO DETERMINE,UNABLE TO DETERMINE,,NO INDICATION OF INJURY,14,8,41.9287042622,-87.6657759428,2023,20,POINT (-87.6657759428 41.9287042622),,,,,2023-08-11,False,6,Lincoln Park
9383,30,NO CONTROLS,NO CONTROLS,CLEAR,DAYLIGHT,PEDALCYCLIST,PARKING LOT,STRAIGHT AND LEVEL,DRY,NO DEFECTS,,FAILING TO YIELD RIGHT-OF-WAY,NOT APPLICABLE,,"REPORTED, NOT EVIDENT",17,8,41.8889363976,-87.6403511123,2023,30,POINT (-87.6403511123 41.8889363976),,,,,2023-08-11,False,7,Near North Side
9384,30,NO CONTROLS,NO CONTROLS,CLEAR,DAYLIGHT,PEDALCYCLIST,DIVIDED - W/MEDIAN (NOT RAISED),STRAIGHT AND LEVEL,DRY,NO DEFECTS,,UNABLE TO DETERMINE,UNABLE TO DETERMINE,,NO INDICATION OF INJURY,17,8,41.9116189985,-87.6345779564,2023,30,POINT (-87.6345779564 41.9116189985),,,,,2023-08-11,False,6,Lincoln Park
9385,10,NO CONTROLS,NO CONTROLS,CLEAR,DAYLIGHT,PEDALCYCLIST,NOT DIVIDED,STRAIGHT AND LEVEL,DRY,NO DEFECTS,,IMPROPER LANE USAGE,UNABLE TO DETERMINE,,NONINCAPACITATING INJURY,17,8,41.8583840982,-87.6636317598,2023,10,POINT (-87.6636317598 41.8583840982),,,,,2023-08-11,False,27,Near West Side
9386,20,NO CONTROLS,NO CONTROLS,CLEAR,DAYLIGHT,PEDALCYCLIST,ONE-WAY,STRAIGHT AND LEVEL,DRY,NO DEFECTS,,NOT APPLICABLE,"EVASIVE ACTION DUE TO ANIMAL, OBJECT, NONMOTORIST",,NONINCAPACITATING INJURY,17,8,41.7116320934,-87.6219969519,2023,20,POINT (-87.6219969519 41.7116320934),,,,,2023-08-11,False,48,Roseland
9387,30,STOP SIGN/FLASHER,FUNCTIONING PROPERLY,CLEAR,DAYLIGHT,PEDALCYCLIST,FOUR WAY,STRAIGHT AND LEVEL,DRY,NO DEFECTS,Y,FAILING TO REDUCE SPEED TO AVOID CRASH,UNABLE TO DETERMINE,,NONINCAPACITATING INJURY,19,8,41.8769837883,-87.7428237338,2023,30,POINT (-87.7428237338 41.8769837883),,,,,2023-08-11,False,24,Austin
9388,30,TRAFFIC SIGNAL,FUNCTIONING PROPERLY,CLEAR,"DARKNESS, LIGHTED ROAD",PEDALCYCLIST,Y-INTERSECTION,STRAIGHT AND LEVEL,DRY,NO DEFECTS,,DISREGARDING TRAFFIC SIGNALS,NOT APPLICABLE,,NONINCAPACITATING INJURY,22,8,41.953531094,-87.7284371039,2023,30,POINT (-87.7284371039 41.953531094),,,,,2023-08-11,False,15,Irving Park
9389,30,NO CONTROLS,NO CONTROLS,CLEAR,"DARKNESS, LIGHTED ROAD",PEDALCYCLIST,NOT DIVIDED,STRAIGHT AND LEVEL,DRY,NO DEFECTS,,UNABLE TO DETERMINE,HAD BEEN DRINKING (USE WHEN ARREST IS NOT MADE),,INCAPACITATING INJURY,0,8,41.9174658361,-87.710685628,2023,30,POINT (-87.710685628 41.9174658361),,,,,2023-08-12,True,21,Logan Square
9390,30,OTHER,FUNCTIONING PROPERLY,CLEAR,DAYLIGHT,PEDALCYCLIST,NOT DIVIDED,STRAIGHT AND LEVEL,DRY,NO DEFECTS,,UNABLE TO DETERMINE,UNABLE TO DETERMINE,,"REPORTED, NOT EVIDENT",11,8,41.9839522006,-87.6690061635,2023,30,POINT (-87.6690061635 41.9839522006),,,,,2023-08-12,False,76,Edgewater
9391,30,NO CONTROLS,NO CONTROLS,CLEAR,DAYLIGHT,PEDALCYCLIST,DIVIDED - W/MEDIAN (NOT RAISED),STRAIGHT AND LEVEL,DRY,UNKNOWN,,UNABLE TO DETERMINE,UNABLE TO DETERMINE,Y,"REPORTED, NOT EVIDENT",13,8,41.9344794479,-87.7165080447,2023,30,POINT (-87.7165080447 41.9344794479),,,,,2023-08-12,False,20,Avondale
9392,30,NO CONTROLS,NO CONTROLS,CLEAR,DAYLIGHT,PEDALCYCLIST,DIVIDED - W/MEDIAN BARRIER,STRAIGHT AND LEVEL,DRY,NO DEFECTS,Y,UNABLE TO DETERMINE,UNABLE TO DETERMINE,,NONINCAPACITATING INJURY,15,8,41.8863809899,-87.7436258349,2023,30,POINT (-87.7436258349 41.8863809899),,,,,2023-08-12,False,24,Austin
9393,15,NO CONTROLS,NO CONTROLS,CLEAR,DAYLIGHT,PEDALCYCLIST,ALLEY,STRAIGHT AND LEVEL,DRY,NO DEFECTS,,DRIVING ON WRONG SIDE/WRONG WAY,PHYSICAL CONDITION OF DRIVER,,NO INDICATION OF INJURY,16,8,41.9662431914,-87.7256769035,2023,15,POINT (-87.7256769035 41.9662431914),,,,,2023-08-12,False,13,Albany Park
9394,30,NO CONTROLS,NO CONTROLS,CLEAR,DAYLIGHT,PEDALCYCLIST,NOT DIVIDED,STRAIGHT AND LEVEL,DRY,NO DEFECTS,,IMPROPER TURNING/NO SIGNAL,NOT APPLICABLE,,NONINCAPACITATING INJURY,17,8,41.9528584391,-87.7825787488,2023,30,POINT (-87.7825787488 41.9528584391),,,,,2023-08-12,False,14,Portage Park
9395,30,NO CONTROLS,NO CONTROLS,CLEAR,DAYLIGHT,PEDALCYCLIST,ALLEY,STRAIGHT AND LEVEL,DRY,NO DEFECTS,,FAILING TO YIELD RIGHT-OF-WAY,FAILING TO REDUCE SPEED TO AVOID CRASH,,NONINCAPACITATING INJURY,17,8,41.9463420461,-87.7641652455,2023,30,POINT (-87.7641652455 41.9463420461),,,,,2023-08-12,False,14,Portage Park
9396,30,NO CONTROLS,UNKNOWN,CLEAR,DAYLIGHT,PEDALCYCLIST,DIVIDED - W/MEDIAN (NOT RAISED),STRAIGHT AND LEVEL,DRY,NO DEFECTS,,UNABLE TO DETERMINE,NOT APPLICABLE,Y,NONINCAPACITATING INJURY,18,8,41.9472755152,-87.6471362894,2023,30,POINT (-87.6471362894 41.9472755152),,,,,2023-08-12,False,5,Lake View
9397,25,NO CONTROLS,NO CONTROLS,UNKNOWN,UNKNOWN,PEDALCYCLIST,NOT DIVIDED,STRAIGHT AND LEVEL,UNKNOWN,UNKNOWN,,FAILING TO REDUCE SPEED TO AVOID CRASH,NOT APPLICABLE,,NO INDICATION OF INJURY,18,8,41.9281781278,-87.7659859683,2023,25,POINT (-87.7659859683 41.9281781278),,,,,2023-08-12,False,18,Belmont Cragin
9398,30,UNKNOWN,UNKNOWN,UNKNOWN,DAYLIGHT,PEDALCYCLIST,NOT DIVIDED,STRAIGHT AND LEVEL,UNKNOWN,UNKNOWN,,UNABLE TO DETERMINE,NOT APPLICABLE,,NO INDICATION OF INJURY,12,8,41.9613683848,-87.6970411158,2023,30,POINT (-87.6970411158 41.9613683848),,,,,2023-08-13,False,3,Lincoln Square
9399,30,NO CONTROLS,NO CONTROLS,CLEAR,DAYLIGHT,PEDALCYCLIST,NOT DIVIDED,STRAIGHT AND LEVEL,DRY,NO DEFECTS,,FAILING TO YIELD RIGHT-OF-WAY,NOT APPLICABLE,,NONINCAPACITATING INJURY,13,8,41.9685727721,-87.7077877013,2023,30,POINT (-87.7077877013 41.9685727721),,,,,2023-08-13,False,13,Albany Park
9400,30,TRAFFIC SIGNAL,NO CONTROLS,CLEAR,DAYLIGHT,PEDALCYCLIST,DIVIDED - W/MEDIAN (NOT RAISED),STRAIGHT AND LEVEL,DRY,NO DEFECTS,,UNABLE TO DETERMINE,UNABLE TO DETERMINE,,NONINCAPACITATING INJURY,15,8,41.8823931864,-87.7552876988,2023,30,POINT (-87.7552876988 41.8823931864),,,,,2023-08-13,False,24,Austin
9401,35,NO CONTROLS,NO CONTROLS,CLEAR,DAYLIGHT,PEDALCYCLIST,NOT DIVIDED,STRAIGHT AND LEVEL,UNKNOWN,UNKNOWN,,UNABLE TO DETERMINE,UNABLE TO DETERMINE,Y,NONINCAPACITATING INJURY,17,8,41.8963701283,-87.6769183624,2023,35,POINT (-87.6769183624 41.8963701283),,,,,2023-08-13,False,23,West Town
9402,30,TRAFFIC SIGNAL,NO CONTROLS,RAIN,DAYLIGHT,PEDALCYCLIST,FOUR WAY,STRAIGHT AND LEVEL,WET,NO DEFECTS,Y,UNABLE TO DETERMINE,UNABLE TO DETERMINE,,NONINCAPACITATING INJURY,12,8,41.8367072569,-87.6170132524,2023,30,POINT (-87.6170132524 41.8367072569),,,,,2023-08-14,False,34,Douglas
9403,30,TRAFFIC SIGNAL,FUNCTIONING PROPERLY,RAIN,DAYLIGHT,PEDALCYCLIST,FOUR WAY,STRAIGHT AND LEVEL,WET,NO DEFECTS,,TURNING RIGHT ON RED,TURNING RIGHT ON RED,,NONINCAPACITATING INJURY,15,8,41.7902788115,-87.6644251293,2023,30,POINT (-87.6644251293 41.7902788115),,,,,2023-08-14,False,66,Englewood
9404,30,NO CONTROLS,NO CONTROLS,RAIN,DAYLIGHT,PEDALCYCLIST,T-INTERSECTION,STRAIGHT AND LEVEL,WET,UNKNOWN,Y,FAILING TO REDUCE SPEED TO AVOID CRASH,NOT APPLICABLE,,NONINCAPACITATING INJURY,16,8,42.0139834,-87.69747262,2023,30,POINT (-87.69747262 42.0139834),,,,,2023-08-14,False,1,West Ridge
9405,30,NO CONTROLS,NO CONTROLS,RAIN,DAWN,PEDALCYCLIST,NOT DIVIDED,STRAIGHT AND LEVEL,WET,UNKNOWN,,IMPROPER OVERTAKING/PASSING,FAILING TO YIELD RIGHT-OF-WAY,,INCAPACITATING INJURY,18,8,41.8938695004,-87.6349680771,2023,30,POINT (-87.6349680771 41.8938695004),,,,,2023-08-14,True,7,Near North Side
9406,30,TRAFFIC SIGNAL,FUNCTIONING PROPERLY,RAIN,"DARKNESS, LIGHTED ROAD",PEDALCYCLIST,FOUR WAY,STRAIGHT AND LEVEL,WET,UNKNOWN,Y,FAILING TO REDUCE SPEED TO AVOID CRASH,UNABLE TO DETERMINE,,NO INDICATION OF INJURY,23,8,41.9527124023,-87.7668370952,2023,30,POINT (-87.7668370952 41.9527124023),,,,,2023-08-14,False,14,Portage Park
9407,30,NO CONTROLS,NO CONTROLS,RAIN,DAYLIGHT,PEDALCYCLIST,NOT DIVIDED,STRAIGHT AND LEVEL,WET,NO DEFECTS,Y,UNABLE TO DETERMINE,UNABLE TO DETERMINE,,NO INDICATION OF INJURY,6,8,41.7951658348,-87.5975995936,2023,30,POINT (-87.5975995936 41.7951658348),,,,,2023-08-15,False,40,Hyde Park
9408,20,NO CONTROLS,NO CONTROLS,CLEAR,DAYLIGHT,PEDALCYCLIST,NOT DIVIDED,STRAIGHT AND LEVEL,DRY,NO DEFECTS,,IMPROPER OVERTAKING/PASSING,UNABLE TO DETERMINE,Y,NO INDICATION OF INJURY,12,8,41.902803452,-87.63756021,2023,20,POINT (-87.63756021 41.902803452),,,,,2023-08-15,False,7,Near North Side
9409,30,NO CONTROLS,NO CONTROLS,CLEAR,DAYLIGHT,PEDALCYCLIST,NOT DIVIDED,STRAIGHT AND LEVEL,DRY,NO DEFECTS,,"VISION OBSCURED (SIGNS, TREE LIMBS, BUILDINGS, ETC.)",DRIVING SKILLS/KNOWLEDGE/EXPERIENCE,,NONINCAPACITATING INJURY,12,8,41.9673395728,-87.7085854583,2023,30,POINT (-87.7085854583 41.9673395728),,,,,2023-08-15,False,13,Albany Park
9410,30,STOP SIGN/FLASHER,UNKNOWN,CLEAR,DAYLIGHT,PEDALCYCLIST,NOT DIVIDED,STRAIGHT AND LEVEL,UNKNOWN,UNKNOWN,Y,IMPROPER OVERTAKING/PASSING,UNABLE TO DETERMINE,,NO INDICATION OF INJURY,16,8,41.9673349599,-87.656353749,2023,30,POINT (-87.656353749 41.9673349599),,,,,2023-08-15,False,2,Uptown
9411,30,STOP SIGN/FLASHER,NO CONTROLS,CLEAR,DAYLIGHT,PEDALCYCLIST,NOT DIVIDED,STRAIGHT ON HILLCREST,DRY,NO DEFECTS,,UNABLE TO DETERMINE,NOT APPLICABLE,,NONINCAPACITATING INJURY,16,8,41.7877737046,-87.5965181971,2023,30,POINT (-87.5965181971 41.7877737046),,,,,2023-08-15,False,40,Hyde Park
9412,25,STOP SIGN/FLASHER,FUNCTIONING PROPERLY,CLEAR,DAYLIGHT,PEDALCYCLIST,FOUR WAY,STRAIGHT AND LEVEL,DRY,NO DEFECTS,Y,FAILING TO YIELD RIGHT-OF-WAY,FAILING TO YIELD RIGHT-OF-WAY,,NONINCAPACITATING INJURY,16,8,41.9980437397,-87.6751630051,2023,25,POINT (-87.6751630051 41.9980437397),,,,,2023-08-15,False,0,Rogers Park
9413,15,NO CONTROLS,NO CONTROLS,CLEAR,DAYLIGHT,PEDALCYCLIST,ALLEY,STRAIGHT AND LEVEL,DRY,NO DEFECTS,,UNABLE TO DETERMINE,UNABLE TO DETERMINE,,NONINCAPACITATING INJURY,19,8,41.8934872466,-87.6216926935,2023,15,POINT (-87.6216926935 41.8934872466),,,,,2023-08-15,False,7,Near North Side
9414,30,NO CONTROLS,NO CONTROLS,CLEAR,"DARKNESS, LIGHTED ROAD",PEDALCYCLIST,NOT DIVIDED,STRAIGHT AND LEVEL,DRY,NO DEFECTS,,FAILING TO YIELD RIGHT-OF-WAY,NOT APPLICABLE,Y,INCAPACITATING INJURY,21,8,41.9391077043,-87.6542254526,2023,30,POINT (-87.6542254526 41.9391077043),,,,,2023-08-15,True,5,Lake View
9415,30,TRAFFIC SIGNAL,UNKNOWN,CLEAR,DARKNESS,PEDALCYCLIST,UNKNOWN,STRAIGHT AND LEVEL,UNKNOWN,UNKNOWN,,UNABLE TO DETERMINE,UNABLE TO DETERMINE,,NO INDICATION OF INJURY,21,8,41.867196447,-87.6510882209,2023,30,POINT (-87.6510882209 41.867196447),,,,,2023-08-15,False,27,Near West Side
9416,25,UNKNOWN,UNKNOWN,CLEAR,DAYLIGHT,PEDALCYCLIST,DIVIDED - W/MEDIAN (NOT RAISED),STRAIGHT AND LEVEL,DRY,NO DEFECTS,,UNABLE TO DETERMINE,UNABLE TO DETERMINE,,NONINCAPACITATING INJURY,8,8,41.9223822821,-87.6974896497,2023,25,POINT (-87.6974896497 41.9223822821),,,,,2023-08-16,False,21,Logan Square
9417,35,NO CONTROLS,NO CONTROLS,CLEAR,DAYLIGHT,PEDALCYCLIST,NOT DIVIDED,STRAIGHT AND LEVEL,DRY,NO DEFECTS,,EQUIPMENT - VEHICLE CONDITION,EQUIPMENT - VEHICLE CONDITION,,NONINCAPACITATING INJURY,12,8,41.8085342571,-87.6854492855,2023,35,POINT (-87.6854492855 41.8085342571),,,,,2023-08-16,False,57,Brighton Park
9418,30,NO CONTROLS,NO CONTROLS,CLEAR,DAYLIGHT,PEDALCYCLIST,DRIVEWAY,STRAIGHT AND LEVEL,DRY,NO DEFECTS,,FAILING TO YIELD RIGHT-OF-WAY,UNABLE TO DETERMINE,,INCAPACITATING INJURY,13,8,41.9286483895,-87.7462773863,2023,30,POINT (-87.7462773863 41.9286483895),,,,,2023-08-16,True,18,Belmont Cragin
9419,30,UNKNOWN,UNKNOWN,CLEAR,DAYLIGHT,PEDALCYCLIST,NOT DIVIDED,STRAIGHT AND LEVEL,DRY,UNKNOWN,,TURNING RIGHT ON RED,IMPROPER TURNING/NO SIGNAL,,NONINCAPACITATING INJURY,14,8,41.9390093002,-87.7415198828,2023,30,POINT (-87.7415198828 41.9390093002),,,,,2023-08-16,False,15,Irving Park
9420,25,UNKNOWN,UNKNOWN,CLEAR,DAYLIGHT,PEDALCYCLIST,NOT DIVIDED,STRAIGHT AND LEVEL,DRY,UNKNOWN,,UNABLE TO DETERMINE,UNABLE TO DETERMINE,,INCAPACITATING INJURY,15,8,41.8120170272,-87.6846769146,2023,25,POINT (-87.6846769146 41.8120170272),,,,,2023-08-16,True,57,Brighton Park
9421,30,NO CONTROLS,NO CONTROLS,CLEAR,DAYLIGHT,PEDALCYCLIST,NOT DIVIDED,STRAIGHT AND LEVEL,DRY,NO DEFECTS,,UNABLE TO DETERMINE,NOT APPLICABLE,Y,NO INDICATION OF INJURY,17,8,41.9480561651,-87.6570282381,2023,30,POINT (-87.6570282381 41.9480561651),,,,,2023-08-16,False,5,Lake View
9422,30,TRAFFIC SIGNAL,FUNCTIONING PROPERLY,CLEAR,DAYLIGHT,PEDALCYCLIST,NOT DIVIDED,STRAIGHT AND LEVEL,DRY,NO DEFECTS,Y,IMPROPER TURNING/NO SIGNAL,FAILING TO REDUCE SPEED TO AVOID CRASH,,NONINCAPACITATING INJURY,17,8,41.8818087852,-87.6520930659,2023,30,POINT (-87.6520930659 41.8818087852),,,,,2023-08-16,False,27,Near West Side
9423,30,TRAFFIC SIGNAL,FUNCTIONING PROPERLY,CLEAR,DAYLIGHT,PEDALCYCLIST,FOUR WAY,STRAIGHT AND LEVEL,DRY,NO DEFECTS,,IMPROPER TURNING/NO SIGNAL,DRIVING ON WRONG SIDE/WRONG WAY,,NONINCAPACITATING INJURY,18,8,41.9174528619,-87.6889206076,2023,30,POINT (-87.6889206076 41.9174528619),,,,,2023-08-16,False,21,Logan Square
9424,25,STOP SIGN/FLASHER,UNKNOWN,CLEAR,DAYLIGHT,PEDALCYCLIST,FOUR WAY,STRAIGHT AND LEVEL,DRY,UNKNOWN,,DISREGARDING STOP SIGN,UNABLE TO DETERMINE,,NONINCAPACITATING INJURY,19,8,41.7060746325,-87.6769235392,2023,25,POINT (-87.6769235392 41.7060746325),,,,,2023-08-16,False,71,Beverly
9425,30,TRAFFIC SIGNAL,FUNCTIONING PROPERLY,CLEAR,DARKNESS,PEDALCYCLIST,NOT DIVIDED,STRAIGHT AND LEVEL,DRY,NO DEFECTS,,"VISION OBSCURED (SIGNS, TREE LIMBS, BUILDINGS, ETC.)",UNABLE TO DETERMINE,,NONINCAPACITATING INJURY,20,8,41.8910245134,-87.6252901507,2023,30,POINT (-87.6252901507 41.8910245134),,,,,2023-08-16,False,7,Near North Side
9426,30,TRAFFIC SIGNAL,UNKNOWN,CLEAR,UNKNOWN,PEDALCYCLIST,NOT DIVIDED,STRAIGHT AND LEVEL,DRY,UNKNOWN,,NOT APPLICABLE,NOT APPLICABLE,,"REPORTED, NOT EVIDENT",20,8,41.8442396384,-87.7172901811,2023,30,POINT (-87.7172901811 41.8442396384),,,,,2023-08-16,False,29,South Lawndale
9427,30,STOP SIGN/FLASHER,FUNCTIONING PROPERLY,CLEAR,DARKNESS,PEDALCYCLIST,NOT DIVIDED,STRAIGHT AND LEVEL,DRY,NO DEFECTS,,UNABLE TO DETERMINE,UNABLE TO DETERMINE,,"REPORTED, NOT EVIDENT",21,8,41.9153847274,-87.684973718,2023,30,POINT (-87.684973718 41.9153847274),,,,,2023-08-16,False,21,Logan Square
9428,30,NO CONTROLS,FUNCTIONING PROPERLY,CLEAR,DARKNESS,PEDALCYCLIST,ONE-WAY,STRAIGHT AND LEVEL,DRY,NO DEFECTS,,PHYSICAL CONDITION OF DRIVER,UNABLE TO DETERMINE,,NONINCAPACITATING INJURY,21,8,41.796049313,-87.6026035804,2023,30,POINT (-87.6026035804 41.796049313),,,,,2023-08-16,False,40,Hyde Park
9429,30,NO CONTROLS,NO CONTROLS,CLEAR,DAYLIGHT,PEDALCYCLIST,NOT DIVIDED,STRAIGHT AND LEVEL,DRY,NO DEFECTS,Y,FAILING TO YIELD RIGHT-OF-WAY,IMPROPER TURNING/NO SIGNAL,,NONINCAPACITATING INJURY,3,8,41.8949865468,-87.6768766899,2023,30,POINT (-87.6768766899 41.8949865468),,,,,2023-08-17,False,23,West Town
9430,30,TRAFFIC SIGNAL,FUNCTIONING PROPERLY,CLEAR,DAWN,PEDALCYCLIST,FOUR WAY,STRAIGHT AND LEVEL,DRY,NO DEFECTS,Y,UNABLE TO DETERMINE,UNABLE TO DETERMINE,,NONINCAPACITATING INJURY,5,8,41.8579882639,-87.6238946604,2023,30,POINT (-87.6238946604 41.8579882639),,,,,2023-08-17,False,32,Near South Side
9431,25,STOP SIGN/FLASHER,FUNCTIONING PROPERLY,RAIN,DAYLIGHT,PEDALCYCLIST,DIVIDED - W/MEDIAN (NOT RAISED),STRAIGHT AND LEVEL,WET,NO DEFECTS,Y,FAILING TO YIELD RIGHT-OF-WAY,UNABLE TO DETERMINE,,NO INDICATION OF INJURY,7,8,41.8956849804,-87.6204626896,2023,25,POINT (-87.6204626896 41.8956849804),,,,,2023-08-17,False,7,Near North Side
9432,25,STOP SIGN/FLASHER,UNKNOWN,RAIN,DAYLIGHT,PEDALCYCLIST,FOUR WAY,STRAIGHT AND LEVEL,WET,NO DEFECTS,Y,FAILING TO REDUCE SPEED TO AVOID CRASH,WEATHER,N,NONINCAPACITATING INJURY,8,8,41.8587095739,-87.668826691,2023,25,POINT (-87.668826691 41.8587095739),,,,,2023-08-17,False,27,Near West Side
9433,30,NO CONTROLS,NO CONTROLS,CLEAR,DAYLIGHT,PEDALCYCLIST,DIVIDED - W/MEDIAN (NOT RAISED),STRAIGHT AND LEVEL,DRY,NO DEFECTS,,NOT APPLICABLE,NOT APPLICABLE,Y,NONINCAPACITATING INJURY,10,8,41.9114287305,-87.662852157,2023,30,POINT (-87.662852157 41.9114287305),,,,,2023-08-17,False,6,Lincoln Park
9434,30,TRAFFIC SIGNAL,UNKNOWN,CLEAR,DAYLIGHT,PEDALCYCLIST,NOT DIVIDED,STRAIGHT AND LEVEL,DRY,NO DEFECTS,,UNABLE TO DETERMINE,UNABLE TO DETERMINE,,NO INDICATION OF INJURY,13,8,41.7923633931,-87.7864763871,2023,30,POINT (-87.7864763871 41.7923633931),,,,,2023-08-17,False,55,Garfield Ridge
9435,30,NO CONTROLS,NO CONTROLS,CLEAR,DAYLIGHT,PEDALCYCLIST,NOT DIVIDED,STRAIGHT AND LEVEL,DRY,NO DEFECTS,,FAILING TO YIELD RIGHT-OF-WAY,FAILING TO YIELD RIGHT-OF-WAY,,NO INDICATION OF INJURY,14,8,41.9683411012,-87.7085288823,2023,30,POINT (-87.7085288823 41.9683411012),,,,,2023-08-17,False,13,Albany Park
9436,30,NO CONTROLS,NO CONTROLS,CLEAR,DAYLIGHT,PEDALCYCLIST,T-INTERSECTION,STRAIGHT AND LEVEL,UNKNOWN,UNKNOWN,Y,DISREGARDING STOP SIGN,NOT APPLICABLE,,"REPORTED, NOT EVIDENT",15,8,41.8890249685,-87.6370471336,2023,30,POINT (-87.6370471336 41.8890249685),,,,,2023-08-17,False,7,Near North Side
9437,30,NO CONTROLS,NO CONTROLS,CLEAR,DAYLIGHT,PEDALCYCLIST,OTHER,STRAIGHT AND LEVEL,DRY,NO DEFECTS,,UNABLE TO DETERMINE,UNABLE TO DETERMINE,,NONINCAPACITATING INJURY,16,8,41.9975852619,-87.6706121554,2023,30,POINT (-87.6706121554 41.9975852619),,,,,2023-08-17,False,76,Edgewater
9438,25,TRAFFIC SIGNAL,FUNCTIONING PROPERLY,CLEAR,DAYLIGHT,PEDALCYCLIST,DIVIDED - W/MEDIAN (NOT RAISED),STRAIGHT AND LEVEL,DRY,NO DEFECTS,,FAILING TO YIELD RIGHT-OF-WAY,UNABLE TO DETERMINE,,"REPORTED, NOT EVIDENT",18,8,41.9782331584,-87.6600670692,2023,25,POINT (-87.6600670692 41.9782331584),,,,,2023-08-17,False,76,Edgewater
9439,30,NO CONTROLS,NO CONTROLS,CLEAR,"DARKNESS, LIGHTED ROAD",PEDALCYCLIST,NOT DIVIDED,STRAIGHT AND LEVEL,DRY,NO DEFECTS,,FAILING TO YIELD RIGHT-OF-WAY,NOT APPLICABLE,,NONINCAPACITATING INJURY,20,8,41.8960117168,-87.6552850581,2023,30,POINT (-87.6552850581 41.8960117168),,,,,2023-08-17,False,7,Near North Side
9440,30,STOP SIGN/FLASHER,FUNCTIONING PROPERLY,CLEAR,"DARKNESS, LIGHTED ROAD",PEDALCYCLIST,T-INTERSECTION,STRAIGHT AND LEVEL,DRY,NO DEFECTS,Y,UNABLE TO DETERMINE,NOT APPLICABLE,,NONINCAPACITATING INJURY,20,8,41.7062327761,-87.6184687183,2023,30,POINT (-87.6184687183 41.7062327761),,,,,2023-08-17,False,48,Roseland
9441,30,TRAFFIC SIGNAL,FUNCTIONING PROPERLY,CLEAR,"DARKNESS, LIGHTED ROAD",PEDALCYCLIST,FOUR WAY,STRAIGHT AND LEVEL,DRY,NO DEFECTS,,DISREGARDING TRAFFIC SIGNALS,DISREGARDING TRAFFIC SIGNALS,,NONINCAPACITATING INJURY,20,8,41.9185013224,-87.6682418026,2023,30,POINT (-87.6682418026 41.9185013224),,,,,2023-08-17,False,6,Lincoln Park