Unnamed: 0,POSTED_SPEED_LIMIT,TRAFFIC_CONTROL_DEVICE,DEVICE_CONDITION,WEATHER_CONDITION,LIGHTING_CONDITION,FIRST_CRASH_TYPE,TRAFFICWAY_TYPE,ALIGNMENT,ROADWAY_SURFACE_COND,ROAD_DEFECT,INTERSECTION_RELATED_I,PRIM_CONTRIBUTORY_CAUSE,SEC_CONTRIBUTORY_CAUSE,DOORING_I,MOST_SEVERE_INJURY,CRASH_HOUR,CRASH_MONTH,LATITUDE,LONGITUDE,CRASH_YEAR,SPEED_LIMIT,geometry,DISPLAYROU,the_geom,DIST,LANE_TYPE,CRASH_DATE,is_severe,index_right,CArea
9442,30,NO CONTROLS,NO CONTROLS,CLEAR,DAYLIGHT,PEDALCYCLIST,DIVIDED - W/MEDIAN (NOT RAISED),STRAIGHT AND LEVEL,DRY,NO DEFECTS,Y,FAILING TO YIELD RIGHT-OF-WAY,FAILING TO YIELD RIGHT-OF-WAY,,NONINCAPACITATING INJURY,7,8,41.8901734041,-87.6462460993,2023,30,POINT (-87.6462460993 41.8901734041),,,,,2023-08-18,False,7,Near North Side
9443,30,NO CONTROLS,NO CONTROLS,CLEAR,DAYLIGHT,PEDALCYCLIST,NOT DIVIDED,STRAIGHT ON GRADE,DRY,NO DEFECTS,,FAILING TO REDUCE SPEED TO AVOID CRASH,NOT APPLICABLE,,NONINCAPACITATING INJURY,7,8,41.8962499037,-87.649490648,2023,30,POINT (-87.649490648 41.8962499037),,,,,2023-08-18,False,7,Near North Side
9444,30,STOP SIGN/FLASHER,FUNCTIONING PROPERLY,CLEAR,DAYLIGHT,PEDALCYCLIST,FOUR WAY,STRAIGHT AND LEVEL,DRY,NO DEFECTS,Y,FAILING TO YIELD RIGHT-OF-WAY,NOT APPLICABLE,,NO INDICATION OF INJURY,13,8,41.9592710508,-87.708332999,2023,30,POINT (-87.708332999 41.9592710508),,,,,2023-08-18,False,15,Irving Park
9445,20,NO CONTROLS,NO CONTROLS,UNKNOWN,DAYLIGHT,PEDALCYCLIST,ONE-WAY,STRAIGHT AND LEVEL,UNKNOWN,UNKNOWN,,UNABLE TO DETERMINE,NOT APPLICABLE,N,NONINCAPACITATING INJURY,15,8,41.7708012654,-87.7297296232,2023,20,POINT (-87.7297296232 41.7708012654),,,,,2023-08-18,False,64,West Lawn
9446,30,NO CONTROLS,NO CONTROLS,CLEAR,DAYLIGHT,PEDALCYCLIST,NOT DIVIDED,STRAIGHT AND LEVEL,DRY,NO DEFECTS,,UNABLE TO DETERMINE,UNABLE TO DETERMINE,Y,INCAPACITATING INJURY,17,8,41.9251276854,-87.6620406708,2023,30,POINT (-87.6620406708 41.9251276854),,,,,2023-08-18,True,6,Lincoln Park
9447,30,NO CONTROLS,NO CONTROLS,CLEAR,DAYLIGHT,PEDALCYCLIST,NOT DIVIDED,STRAIGHT AND LEVEL,DRY,NO DEFECTS,,FAILING TO REDUCE SPEED TO AVOID CRASH,UNABLE TO DETERMINE,,NONINCAPACITATING INJURY,17,8,41.942975745,-87.761883497,2023,30,POINT (-87.761883497 41.942975745),,,,,2023-08-18,False,14,Portage Park
9448,30,TRAFFIC SIGNAL,UNKNOWN,CLEAR,DUSK,PEDALCYCLIST,NOT DIVIDED,STRAIGHT AND LEVEL,UNKNOWN,UNKNOWN,,UNABLE TO DETERMINE,NOT APPLICABLE,,NO INDICATION OF INJURY,18,8,41.9133161193,-87.7461170954,2023,30,POINT (-87.7461170954 41.9133161193),,,,,2023-08-18,False,24,Austin
9449,30,UNKNOWN,UNKNOWN,UNKNOWN,UNKNOWN,PEDALCYCLIST,NOT DIVIDED,STRAIGHT AND LEVEL,OTHER,UNKNOWN,,UNABLE TO DETERMINE,UNABLE TO DETERMINE,,"REPORTED, NOT EVIDENT",21,8,41.8964293535,-87.6520435189,2023,30,POINT (-87.6520435189 41.8964293535),,,,,2023-08-18,False,7,Near North Side
9450,30,NO CONTROLS,NO CONTROLS,CLEAR,DAYLIGHT,PEDALCYCLIST,DIVIDED - W/MEDIAN (NOT RAISED),STRAIGHT AND LEVEL,DRY,NO DEFECTS,,NOT APPLICABLE,NOT APPLICABLE,Y,NONINCAPACITATING INJURY,9,8,41.9504375761,-87.7146228943,2023,30,POINT (-87.7146228943 41.9504375761),,,,,2023-08-19,False,15,Irving Park
9451,30,NO CONTROLS,NO CONTROLS,CLEAR,DAYLIGHT,PEDALCYCLIST,NOT DIVIDED,STRAIGHT AND LEVEL,DRY,NO DEFECTS,,UNABLE TO DETERMINE,NOT APPLICABLE,,NO INDICATION OF INJURY,14,8,41.9290014093,-87.6745462223,2023,30,POINT (-87.6745462223 41.9290014093),,,,,2023-08-19,False,6,Lincoln Park
9452,30,STOP SIGN/FLASHER,FUNCTIONING PROPERLY,CLEAR,DAYLIGHT,PEDALCYCLIST,UNKNOWN INTERSECTION TYPE,STRAIGHT AND LEVEL,DRY,UNKNOWN,,UNABLE TO DETERMINE,UNABLE TO DETERMINE,,NONINCAPACITATING INJURY,14,8,41.9009980107,-87.7214357072,2023,30,POINT (-87.7214357072 41.9009980107),,,,,2023-08-19,False,22,Humboldt Park
9453,30,NO CONTROLS,NO CONTROLS,CLEAR,DAYLIGHT,PEDALCYCLIST,ONE-WAY,STRAIGHT AND LEVEL,DRY,NO DEFECTS,N,UNABLE TO DETERMINE,UNABLE TO DETERMINE,,NONINCAPACITATING INJURY,16,8,41.898911312,-87.7272729921,2023,30,POINT (-87.7272729921 41.898911312),,,,,2023-08-19,False,22,Humboldt Park
9454,30,TRAFFIC SIGNAL,FUNCTIONING PROPERLY,CLEAR,DAYLIGHT,PEDALCYCLIST,DIVIDED - W/MEDIAN (NOT RAISED),STRAIGHT AND LEVEL,DRY,NO DEFECTS,,UNABLE TO DETERMINE,NOT APPLICABLE,,NONINCAPACITATING INJURY,17,8,41.8995987982,-87.660374663,2023,30,POINT (-87.660374663 41.8995987982),,,,,2023-08-19,False,23,West Town
9455,30,TRAFFIC SIGNAL,FUNCTIONING PROPERLY,CLEAR,DAYLIGHT,PEDALCYCLIST,FOUR WAY,STRAIGHT AND LEVEL,DRY,NO DEFECTS,Y,IMPROPER TURNING/NO SIGNAL,NOT APPLICABLE,,NONINCAPACITATING INJURY,17,8,41.9235366981,-87.6488405791,2023,30,POINT (-87.6488405791 41.9235366981),,,,,2023-08-19,False,6,Lincoln Park
9456,30,TRAFFIC SIGNAL,UNKNOWN,CLEAR,DAWN,PEDALCYCLIST,NOT DIVIDED,STRAIGHT AND LEVEL,DRY,UNKNOWN,,IMPROPER LANE USAGE,NOT APPLICABLE,,NO INDICATION OF INJURY,18,8,41.8916438549,-87.6378285283,2023,30,POINT (-87.6378285283 41.8916438549),,,,,2023-08-19,False,7,Near North Side
9457,30,TRAFFIC SIGNAL,FUNCTIONING PROPERLY,CLEAR,DAYLIGHT,PEDALCYCLIST,NOT DIVIDED,STRAIGHT AND LEVEL,DRY,NO DEFECTS,Y,FOLLOWING TOO CLOSELY,NOT APPLICABLE,,NONINCAPACITATING INJURY,18,8,41.8964870689,-87.6341255479,2023,30,POINT (-87.6341255479 41.8964870689),,,,,2023-08-19,False,7,Near North Side
9458,30,STOP SIGN/FLASHER,FUNCTIONING PROPERLY,CLEAR,DAYLIGHT,PEDALCYCLIST,FOUR WAY,STRAIGHT AND LEVEL,DRY,NO DEFECTS,Y,UNABLE TO DETERMINE,NOT APPLICABLE,,"REPORTED, NOT EVIDENT",18,8,41.7614864628,-87.5769644893,2023,30,POINT (-87.5769644893 41.7614864628),,,,,2023-08-19,False,42,South Shore
9459,30,TRAFFIC SIGNAL,FUNCTIONING PROPERLY,CLEAR,DARKNESS,PEDALCYCLIST,NOT DIVIDED,STRAIGHT AND LEVEL,DRY,NO DEFECTS,Y,DRIVING ON WRONG SIDE/WRONG WAY,NOT APPLICABLE,,NONINCAPACITATING INJURY,10,8,41.8826696008,-87.6650172676,2023,30,POINT (-87.6650172676 41.8826696008),,,,,2023-08-20,False,27,Near West Side
9460,30,NO CONTROLS,NO CONTROLS,CLEAR,DAYLIGHT,PEDALCYCLIST,NOT DIVIDED,STRAIGHT AND LEVEL,DRY,NO DEFECTS,,DRIVING SKILLS/KNOWLEDGE/EXPERIENCE,NOT APPLICABLE,,NONINCAPACITATING INJURY,12,8,41.9032428655,-87.6670620478,2023,30,POINT (-87.6670620478 41.9032428655),,,,,2023-08-20,False,23,West Town
9461,20,TRAFFIC SIGNAL,FUNCTIONING PROPERLY,CLEAR,DAYLIGHT,PEDALCYCLIST,FOUR WAY,STRAIGHT AND LEVEL,DRY,UNKNOWN,Y,TURNING RIGHT ON RED,NOT APPLICABLE,,NO INDICATION OF INJURY,15,8,41.9459837487,-87.7619844612,2023,20,POINT (-87.7619844612 41.9459837487),,,,,2023-08-20,False,14,Portage Park
9462,30,NO CONTROLS,NO CONTROLS,CLEAR,DAYLIGHT,PEDALCYCLIST,ONE-WAY,STRAIGHT AND LEVEL,DRY,NO DEFECTS,,FAILING TO YIELD RIGHT-OF-WAY,DRIVING SKILLS/KNOWLEDGE/EXPERIENCE,Y,NO INDICATION OF INJURY,16,8,41.9872634662,-87.6686008967,2023,30,POINT (-87.6686008967 41.9872634662),,,,,2023-08-20,False,76,Edgewater
9463,30,NO CONTROLS,NO CONTROLS,CLEAR,DAYLIGHT,PEDALCYCLIST,OTHER,STRAIGHT AND LEVEL,DRY,NO DEFECTS,,DRIVING ON WRONG SIDE/WRONG WAY,NOT APPLICABLE,,NO INDICATION OF INJURY,17,8,41.8136949509,-87.7046580154,2023,30,POINT (-87.7046580154 41.8136949509),,,,,2023-08-20,False,57,Brighton Park
9464,30,UNKNOWN,UNKNOWN,UNKNOWN,UNKNOWN,PEDALCYCLIST,NOT DIVIDED,STRAIGHT AND LEVEL,UNKNOWN,UNKNOWN,,UNABLE TO DETERMINE,UNABLE TO DETERMINE,,INCAPACITATING INJURY,5,8,41.9095340486,-87.6345119401,2023,30,POINT (-87.6345119401 41.9095340486),,,,,2023-08-21,True,7,Near North Side
9465,30,TRAFFIC SIGNAL,FUNCTIONING PROPERLY,CLEAR,DAYLIGHT,PEDALCYCLIST,NOT DIVIDED,STRAIGHT AND LEVEL,DRY,NO DEFECTS,Y,RELATED TO BUS STOP,DISREGARDING TRAFFIC SIGNALS,,NONINCAPACITATING INJURY,8,8,41.857984162,-87.6613921243,2023,30,POINT (-87.6613921243 41.857984162),,,,,2023-08-21,False,27,Near West Side
9466,30,NO CONTROLS,NO CONTROLS,CLEAR,DAYLIGHT,PEDALCYCLIST,NOT DIVIDED,STRAIGHT AND LEVEL,DRY,NO DEFECTS,Y,FAILING TO REDUCE SPEED TO AVOID CRASH,FAILING TO REDUCE SPEED TO AVOID CRASH,,NONINCAPACITATING INJURY,8,8,41.9115174667,-87.6794492397,2023,30,POINT (-87.6794492397 41.9115174667),,,,,2023-08-21,False,6,Lincoln Park
9467,30,TRAFFIC SIGNAL,FUNCTIONING PROPERLY,CLEAR,DAYLIGHT,PEDALCYCLIST,FOUR WAY,STRAIGHT AND LEVEL,DRY,NO DEFECTS,,IMPROPER TURNING/NO SIGNAL,FAILING TO YIELD RIGHT-OF-WAY,,NONINCAPACITATING INJURY,8,8,41.9467362694,-87.7084259792,2023,30,POINT (-87.7084259792 41.9467362694),,,,,2023-08-21,False,15,Irving Park
9468,30,UNKNOWN,UNKNOWN,CLEAR,DAYLIGHT,PEDALCYCLIST,NOT DIVIDED,STRAIGHT AND LEVEL,DRY,NO DEFECTS,Y,FOLLOWING TOO CLOSELY,NOT APPLICABLE,,NO INDICATION OF INJURY,9,8,41.9607339161,-87.7385689536,2023,30,POINT (-87.7385689536 41.9607339161),,,,,2023-08-21,False,15,Irving Park
9469,30,NO CONTROLS,NO CONTROLS,CLEAR,DAYLIGHT,PEDALCYCLIST,NOT DIVIDED,STRAIGHT AND LEVEL,DRY,NO DEFECTS,,FAILING TO YIELD RIGHT-OF-WAY,NOT APPLICABLE,,NO INDICATION OF INJURY,11,8,41.9253595925,-87.6489047986,2023,30,POINT (-87.6489047986 41.9253595925),,,,,2023-08-21,False,6,Lincoln Park
9470,35,TRAFFIC SIGNAL,FUNCTIONING PROPERLY,CLEAR,DAYLIGHT,PEDALCYCLIST,NOT DIVIDED,STRAIGHT AND LEVEL,DRY,NO DEFECTS,,FAILING TO YIELD RIGHT-OF-WAY,NOT APPLICABLE,,NO INDICATION OF INJURY,11,8,41.9255963959,-87.6487503119,2023,35,POINT (-87.6487503119 41.9255963959),,,,,2023-08-21,False,6,Lincoln Park
9471,30,UNKNOWN,UNKNOWN,CLEAR,DAYLIGHT,PEDALCYCLIST,NOT DIVIDED,STRAIGHT AND LEVEL,DRY,NO DEFECTS,,FAILING TO YIELD RIGHT-OF-WAY,FAILING TO YIELD RIGHT-OF-WAY,Y,NONINCAPACITATING INJURY,13,8,41.9294297011,-87.7082154437,2023,30,POINT (-87.7082154437 41.9294297011),,,,,2023-08-21,False,21,Logan Square
9472,30,NO CONTROLS,NO CONTROLS,CLEAR,DAYLIGHT,PEDALCYCLIST,NOT DIVIDED,STRAIGHT AND LEVEL,DRY,NO DEFECTS,,NOT APPLICABLE,NOT APPLICABLE,,NONINCAPACITATING INJURY,15,8,41.8059452387,-87.7236730791,2023,30,POINT (-87.7236730791 41.8059452387),,,,,2023-08-21,False,56,Archer Heights
9473,30,FLASHING CONTROL SIGNAL,FUNCTIONING PROPERLY,CLEAR,DAYLIGHT,PEDALCYCLIST,DIVIDED - W/MEDIAN BARRIER,STRAIGHT AND LEVEL,DRY,NO DEFECTS,Y,FAILING TO YIELD RIGHT-OF-WAY,NOT APPLICABLE,,INCAPACITATING INJURY,15,8,41.9971397505,-87.7386530351,2023,30,POINT (-87.7386530351 41.9971397505),,,,,2023-08-21,True,11,Forest Glen
9474,25,NO CONTROLS,NO CONTROLS,CLEAR,DAYLIGHT,PEDALCYCLIST,NOT DIVIDED,STRAIGHT AND LEVEL,UNKNOWN,UNKNOWN,,UNABLE TO DETERMINE,UNABLE TO DETERMINE,,NO INDICATION OF INJURY,15,8,41.75869138,-87.60533417,2023,25,POINT (-87.60533417 41.75869138),,,,,2023-08-21,False,68,Grand Crossing
9475,30,OTHER,UNKNOWN,CLEAR,DAYLIGHT,PEDALCYCLIST,NOT DIVIDED,STRAIGHT AND LEVEL,DRY,NO DEFECTS,,UNABLE TO DETERMINE,NOT APPLICABLE,,NONINCAPACITATING INJURY,15,8,41.9154829177,-87.6556754366,2023,30,POINT (-87.6556754366 41.9154829177),,,,,2023-08-21,False,6,Lincoln Park
9476,20,TRAFFIC SIGNAL,FUNCTIONING PROPERLY,CLEAR,DAYLIGHT,PEDALCYCLIST,FOUR WAY,STRAIGHT AND LEVEL,DRY,NO DEFECTS,Y,TURNING RIGHT ON RED,DRIVING SKILLS/KNOWLEDGE/EXPERIENCE,,INCAPACITATING INJURY,17,8,41.8673626926,-87.6392931946,2023,20,POINT (-87.6392931946 41.8673626926),,,,,2023-08-21,True,27,Near West Side
9477,35,TRAFFIC SIGNAL,FUNCTIONING PROPERLY,CLEAR,"DARKNESS, LIGHTED ROAD",PEDALCYCLIST,Y-INTERSECTION,STRAIGHT AND LEVEL,DRY,NO DEFECTS,Y,FAILING TO REDUCE SPEED TO AVOID CRASH,FAILING TO YIELD RIGHT-OF-WAY,,INCAPACITATING INJURY,21,8,41.8529915031,-87.6355438546,2023,35,POINT (-87.6355438546 41.8529915031),,,,,2023-08-21,True,30,Lower West Side
9478,30,NO CONTROLS,NO CONTROLS,CLEAR,DAYLIGHT,PEDALCYCLIST,NOT DIVIDED,STRAIGHT AND LEVEL,DRY,NO DEFECTS,,UNABLE TO DETERMINE,UNABLE TO DETERMINE,,NONINCAPACITATING INJURY,7,8,41.8776614899,-87.6862219406,2023,30,POINT (-87.6862219406 41.8776614899),,,,,2023-08-22,False,27,Near West Side
9479,30,NO CONTROLS,NO CONTROLS,CLEAR,DAYLIGHT,PEDALCYCLIST,NOT DIVIDED,STRAIGHT AND LEVEL,DRY,NO DEFECTS,,FAILING TO YIELD RIGHT-OF-WAY,NOT APPLICABLE,,INCAPACITATING INJURY,7,8,41.9031929162,-87.6834133835,2023,30,POINT (-87.6834133835 41.9031929162),,,,,2023-08-22,True,23,West Town
9480,30,NO CONTROLS,NO CONTROLS,CLEAR,DAYLIGHT,PEDALCYCLIST,NOT DIVIDED,STRAIGHT AND LEVEL,DRY,NO DEFECTS,,"OPERATING VEHICLE IN ERRATIC, RECKLESS, CARELESS, NEGLIGENT OR AGGRESSIVE MANNER",UNABLE TO DETERMINE,,"REPORTED, NOT EVIDENT",15,8,41.8052204983,-87.7184639812,2023,30,POINT (-87.7184639812 41.8052204983),,,,,2023-08-22,False,56,Archer Heights
9481,30,NO CONTROLS,NO CONTROLS,CLEAR,DAYLIGHT,PEDALCYCLIST,NOT DIVIDED,STRAIGHT AND LEVEL,DRY,NO DEFECTS,,FAILING TO YIELD RIGHT-OF-WAY,NOT APPLICABLE,,NONINCAPACITATING INJURY,17,8,41.9692606553,-87.7410837653,2023,30,POINT (-87.7410837653 41.9692606553),,,,,2023-08-22,False,11,Forest Glen
9482,30,STOP SIGN/FLASHER,FUNCTIONING PROPERLY,CLEAR,DAYLIGHT,PEDALCYCLIST,DIVIDED - W/MEDIAN (NOT RAISED),STRAIGHT AND LEVEL,DRY,NO DEFECTS,Y,FAILING TO YIELD RIGHT-OF-WAY,NOT APPLICABLE,,NONINCAPACITATING INJURY,18,8,41.7724519846,-87.6404409117,2023,30,POINT (-87.6404409117 41.7724519846),,,,,2023-08-22,False,67,Englewood
9483,30,NO CONTROLS,NO CONTROLS,CLEAR,DAYLIGHT,PEDALCYCLIST,ALLEY,STRAIGHT AND LEVEL,DRY,NO DEFECTS,,IMPROPER TURNING/NO SIGNAL,IMPROPER TURNING/NO SIGNAL,,NONINCAPACITATING INJURY,18,8,41.961715002,-87.6684076106,2023,30,POINT (-87.6684076106 41.961715002),,,,,2023-08-22,False,2,Uptown
9484,25,STOP SIGN/FLASHER,FUNCTIONING PROPERLY,CLEAR,DAYLIGHT,PEDALCYCLIST,ONE-WAY,STRAIGHT AND LEVEL,DRY,NO DEFECTS,,FAILING TO YIELD RIGHT-OF-WAY,DISREGARDING STOP SIGN,,NONINCAPACITATING INJURY,19,8,41.9923277964,-87.693522946,2023,25,POINT (-87.693522946 41.9923277964),,,,,2023-08-22,False,1,West Ridge
9485,30,UNKNOWN,UNKNOWN,CLEAR,DUSK,PEDALCYCLIST,NOT DIVIDED,STRAIGHT AND LEVEL,UNKNOWN,UNKNOWN,,UNABLE TO DETERMINE,UNABLE TO DETERMINE,,NO INDICATION OF INJURY,19,8,41.9744982801,-87.6471614452,2023,30,POINT (-87.6471614452 41.9744982801),,,,,2023-08-22,False,2,Uptown
9486,30,STOP SIGN/FLASHER,NO CONTROLS,CLEAR,DAYLIGHT,PEDALCYCLIST,FOUR WAY,STRAIGHT AND LEVEL,DRY,NO DEFECTS,Y,DISTRACTION - FROM INSIDE VEHICLE,NOT APPLICABLE,,NONINCAPACITATING INJURY,7,8,42.0080022574,-87.8137414958,2023,30,POINT (-87.8137414958 42.0080022574),,,,,2023-08-23,False,8,Edison Park
9487,30,STOP SIGN/FLASHER,FUNCTIONING PROPERLY,UNKNOWN,UNKNOWN,PEDALCYCLIST,NOT DIVIDED,STRAIGHT AND LEVEL,UNKNOWN,UNKNOWN,Y,FAILING TO YIELD RIGHT-OF-WAY,UNABLE TO DETERMINE,,NONINCAPACITATING INJURY,8,8,41.8575814264,-87.6417154034,2023,30,POINT (-87.6417154034 41.8575814264),,,,,2023-08-23,False,30,Lower West Side
9488,30,TRAFFIC SIGNAL,FUNCTIONING IMPROPERLY,CLEAR,DAYLIGHT,PEDALCYCLIST,FOUR WAY,STRAIGHT AND LEVEL,DRY,NO DEFECTS,Y,"VISION OBSCURED (SIGNS, TREE LIMBS, BUILDINGS, ETC.)",FAILING TO YIELD RIGHT-OF-WAY,,NONINCAPACITATING INJURY,8,8,41.9175988369,-87.6972537453,2023,30,POINT (-87.6972537453 41.9175988369),,,,,2023-08-23,False,21,Logan Square
9489,30,NO CONTROLS,NO CONTROLS,CLEAR,DAYLIGHT,PEDALCYCLIST,NOT DIVIDED,STRAIGHT AND LEVEL,DRY,NO DEFECTS,,UNABLE TO DETERMINE,UNABLE TO DETERMINE,,NO INDICATION OF INJURY,8,8,41.9270122612,-87.793047736,2023,30,POINT (-87.793047736 41.9270122612),,,,,2023-08-23,False,17,Montclare
9490,30,TRAFFIC SIGNAL,FUNCTIONING PROPERLY,CLEAR,DAYLIGHT,PEDALCYCLIST,DIVIDED - W/MEDIAN (NOT RAISED),STRAIGHT AND LEVEL,DRY,NO DEFECTS,,FAILING TO YIELD RIGHT-OF-WAY,NOT APPLICABLE,,NO INDICATION OF INJURY,11,8,41.8991094792,-87.7263425919,2023,30,POINT (-87.7263425919 41.8991094792),,,,,2023-08-23,False,22,Humboldt Park
9491,25,NO CONTROLS,NO CONTROLS,CLEAR,DAYLIGHT,PEDALCYCLIST,NOT DIVIDED,STRAIGHT AND LEVEL,DRY,UNKNOWN,,UNABLE TO DETERMINE,NOT APPLICABLE,,NO INDICATION OF INJURY,11,8,41.8684428449,-87.6715424848,2023,25,POINT (-87.6715424848 41.8684428449),,,,,2023-08-23,False,27,Near West Side
9492,30,NO CONTROLS,NO CONTROLS,CLEAR,DAYLIGHT,PEDALCYCLIST,NOT DIVIDED,STRAIGHT AND LEVEL,DRY,NO DEFECTS,,FAILING TO YIELD RIGHT-OF-WAY,FAILING TO YIELD RIGHT-OF-WAY,Y,NONINCAPACITATING INJURY,12,8,41.8959048519,-87.6838218009,2023,30,POINT (-87.6838218009 41.8959048519),,,,,2023-08-23,False,23,West Town
9493,30,NO CONTROLS,NO CONTROLS,CLEAR,DAYLIGHT,PEDALCYCLIST,DIVIDED - W/MEDIAN (NOT RAISED),STRAIGHT AND LEVEL,DRY,UNKNOWN,,UNABLE TO DETERMINE,NOT APPLICABLE,,NONINCAPACITATING INJURY,13,8,41.8446400036,-87.70387455,2023,30,POINT (-87.70387455 41.8446400036),,,,,2023-08-23,False,29,South Lawndale
9494,30,NO CONTROLS,NO CONTROLS,CLEAR,DAYLIGHT,PEDALCYCLIST,NOT DIVIDED,STRAIGHT AND LEVEL,DRY,NO DEFECTS,,IMPROPER OVERTAKING/PASSING,NOT APPLICABLE,,"REPORTED, NOT EVIDENT",16,8,41.903459596,-87.6530358336,2023,30,POINT (-87.6530358336 41.903459596),,,,,2023-08-23,False,7,Near North Side
9495,30,TRAFFIC SIGNAL,FUNCTIONING PROPERLY,OTHER,"DARKNESS, LIGHTED ROAD",PEDALCYCLIST,DIVIDED - W/MEDIAN BARRIER,STRAIGHT AND LEVEL,DRY,NO DEFECTS,,UNABLE TO DETERMINE,UNABLE TO DETERMINE,,"REPORTED, NOT EVIDENT",20,8,41.9100626205,-87.7023481232,2023,30,POINT (-87.7023481232 41.9100626205),,,,,2023-08-23,False,22,Humboldt Park
9496,30,TRAFFIC SIGNAL,FUNCTIONING PROPERLY,CLEAR,DAYLIGHT,PEDALCYCLIST,DIVIDED - W/MEDIAN (NOT RAISED),STRAIGHT AND LEVEL,DRY,NO DEFECTS,,UNABLE TO DETERMINE,UNABLE TO DETERMINE,,NO INDICATION OF INJURY,7,8,41.9430779772,-87.7038976111,2023,30,POINT (-87.7038976111 41.9430779772),,,,,2023-08-24,False,15,Irving Park
9497,30,NO CONTROLS,NO CONTROLS,CLEAR,DAYLIGHT,PEDALCYCLIST,NOT DIVIDED,STRAIGHT AND LEVEL,UNKNOWN,UNKNOWN,,UNABLE TO DETERMINE,UNABLE TO DETERMINE,,NO INDICATION OF INJURY,8,8,41.9945965661,-87.6661625208,2023,30,POINT (-87.6661625208 41.9945965661),,,,,2023-08-24,False,76,Edgewater
9498,30,TRAFFIC SIGNAL,FUNCTIONING PROPERLY,CLEAR,DAYLIGHT,PEDALCYCLIST,NOT DIVIDED,STRAIGHT AND LEVEL,DRY,NO DEFECTS,,IMPROPER OVERTAKING/PASSING,NOT APPLICABLE,,NO INDICATION OF INJURY,10,8,41.898979021,-87.637410212,2023,30,POINT (-87.637410212 41.898979021),,,,,2023-08-24,False,7,Near North Side
9499,30,UNKNOWN,UNKNOWN,CLEAR,DAYLIGHT,PEDALCYCLIST,OTHER,STRAIGHT AND LEVEL,UNKNOWN,UNKNOWN,Y,UNABLE TO DETERMINE,UNABLE TO DETERMINE,,NO INDICATION OF INJURY,15,8,41.9428016111,-87.6883461087,2023,30,POINT (-87.6883461087 41.9428016111),,,,,2023-08-24,False,4,North Center
9500,30,NO CONTROLS,NO CONTROLS,CLEAR,DAYLIGHT,PEDALCYCLIST,ALLEY,STRAIGHT AND LEVEL,DRY,NO DEFECTS,,UNABLE TO DETERMINE,NOT APPLICABLE,,NONINCAPACITATING INJURY,15,8,41.9829539909,-87.7095945424,2023,30,POINT (-87.7095945424 41.9829539909),,,,,2023-08-24,False,12,North Park
9501,30,UNKNOWN,UNKNOWN,CLEAR,DAYLIGHT,PEDALCYCLIST,DIVIDED - W/MEDIAN (NOT RAISED),STRAIGHT AND LEVEL,DRY,UNKNOWN,,UNABLE TO DETERMINE,UNABLE TO DETERMINE,,"REPORTED, NOT EVIDENT",16,8,41.9890565919,-87.6649680707,2023,30,POINT (-87.6649680707 41.9890565919),,,,,2023-08-24,False,76,Edgewater
9502,30,NO CONTROLS,NO CONTROLS,CLEAR,DAYLIGHT,PEDALCYCLIST,NOT DIVIDED,STRAIGHT AND LEVEL,DRY,NO DEFECTS,,"VISION OBSCURED (SIGNS, TREE LIMBS, BUILDINGS, ETC.)",FOLLOWING TOO CLOSELY,,INCAPACITATING INJURY,16,8,41.9386225665,-87.7228574671,2023,30,POINT (-87.7228574671 41.9386225665),,,,,2023-08-24,True,19,Hermosa
9503,30,NO CONTROLS,NO CONTROLS,CLEAR,DAYLIGHT,PEDALCYCLIST,NOT DIVIDED,STRAIGHT AND LEVEL,DRY,NO DEFECTS,,IMPROPER OVERTAKING/PASSING,IMPROPER OVERTAKING/PASSING,,NONINCAPACITATING INJURY,16,8,41.9386176461,-87.6781791286,2023,30,POINT (-87.6781791286 41.9386176461),,,,,2023-08-24,False,4,North Center
9504,10,NO CONTROLS,NO CONTROLS,CLEAR,DAYLIGHT,PEDALCYCLIST,PARKING LOT,STRAIGHT AND LEVEL,DRY,NO DEFECTS,,UNABLE TO DETERMINE,NOT APPLICABLE,,"REPORTED, NOT EVIDENT",17,8,41.9308784172,-87.6974396575,2023,10,POINT (-87.6974396575 41.9308784172),,,,,2023-08-24,False,21,Logan Square
9505,30,STOP SIGN/FLASHER,FUNCTIONING PROPERLY,CLEAR,DUSK,PEDALCYCLIST,FOUR WAY,STRAIGHT AND LEVEL,DRY,UNKNOWN,Y,FAILING TO YIELD RIGHT-OF-WAY,UNABLE TO DETERMINE,,"REPORTED, NOT EVIDENT",19,8,42.0079118331,-87.6812640099,2023,30,POINT (-87.6812640099 42.0079118331),,,,,2023-08-24,False,0,Rogers Park
9506,30,NO CONTROLS,NO CONTROLS,CLEAR,"DARKNESS, LIGHTED ROAD",PEDALCYCLIST,FOUR WAY,STRAIGHT AND LEVEL,DRY,NO DEFECTS,,FAILING TO YIELD RIGHT-OF-WAY,NOT APPLICABLE,,"REPORTED, NOT EVIDENT",20,8,41.8950936148,-87.748381715,2023,30,POINT (-87.748381715 41.8950936148),,,,,2023-08-24,False,24,Austin
9507,30,UNKNOWN,UNKNOWN,UNKNOWN,UNKNOWN,PEDALCYCLIST,UNKNOWN,STRAIGHT AND LEVEL,UNKNOWN,UNKNOWN,,UNABLE TO DETERMINE,NOT APPLICABLE,,NONINCAPACITATING INJURY,6,8,41.9971961475,-87.766632847,2023,30,POINT (-87.766632847 41.9971961475),,,,,2023-08-25,False,10,Jefferson Park