Unnamed: 0,POSTED_SPEED_LIMIT,TRAFFIC_CONTROL_DEVICE,DEVICE_CONDITION,WEATHER_CONDITION,LIGHTING_CONDITION,FIRST_CRASH_TYPE,TRAFFICWAY_TYPE,ALIGNMENT,ROADWAY_SURFACE_COND,ROAD_DEFECT,INTERSECTION_RELATED_I,PRIM_CONTRIBUTORY_CAUSE,SEC_CONTRIBUTORY_CAUSE,DOORING_I,MOST_SEVERE_INJURY,CRASH_HOUR,CRASH_MONTH,LATITUDE,LONGITUDE,CRASH_YEAR,SPEED_LIMIT,geometry,DISPLAYROU,the_geom,DIST,LANE_TYPE,CRASH_DATE,is_severe,index_right,CArea
9508,30,TRAFFIC SIGNAL,FUNCTIONING PROPERLY,CLEAR,DAYLIGHT,PEDALCYCLIST,DIVIDED - W/MEDIAN (NOT RAISED),STRAIGHT AND LEVEL,DRY,NO DEFECTS,,FAILING TO YIELD RIGHT-OF-WAY,NOT APPLICABLE,,"REPORTED, NOT EVIDENT",7,8,41.8950764973,-87.7358785907,2023,30,POINT (-87.7358785907 41.8950764973),,,,,2023-08-25,False,22,Humboldt Park
9509,30,TRAFFIC SIGNAL,FUNCTIONING PROPERLY,CLEAR,DAYLIGHT,PEDALCYCLIST,DIVIDED - W/MEDIAN (NOT RAISED),STRAIGHT AND LEVEL,DRY,NO DEFECTS,,FAILING TO YIELD RIGHT-OF-WAY,UNABLE TO DETERMINE,,NONINCAPACITATING INJURY,9,8,41.8673561822,-87.6402266406,2023,30,POINT (-87.6402266406 41.8673561822),,,,,2023-08-25,False,27,Near West Side
9510,25,NO CONTROLS,NO CONTROLS,CLEAR,DAYLIGHT,PEDALCYCLIST,DIVIDED - W/MEDIAN (NOT RAISED),STRAIGHT AND LEVEL,DRY,NO DEFECTS,,NOT APPLICABLE,NOT APPLICABLE,Y,NONINCAPACITATING INJURY,11,8,41.8366536365,-87.6463919526,2023,25,POINT (-87.6463919526 41.8366536365),,,,,2023-08-25,False,30,Lower West Side
9511,30,TRAFFIC SIGNAL,FUNCTIONING PROPERLY,CLEAR,DAYLIGHT,PEDALCYCLIST,NOT DIVIDED,STRAIGHT AND LEVEL,DRY,UNKNOWN,,DRIVING SKILLS/KNOWLEDGE/EXPERIENCE,DRIVING SKILLS/KNOWLEDGE/EXPERIENCE,,NO INDICATION OF INJURY,13,8,41.9174934664,-87.7083464925,2023,30,POINT (-87.7083464925 41.9174934664),,,,,2023-08-25,False,21,Logan Square
9512,30,TRAFFIC SIGNAL,FUNCTIONING PROPERLY,CLEAR,DAYLIGHT,PEDALCYCLIST,FOUR WAY,STRAIGHT AND LEVEL,DRY,UNKNOWN,Y,DISREGARDING TRAFFIC SIGNALS,DISREGARDING TRAFFIC SIGNALS,,NONINCAPACITATING INJURY,15,8,41.8007314612,-87.7036168743,2023,30,POINT (-87.7036168743 41.8007314612),,,,,2023-08-25,False,62,Gage Park
9513,30,NO CONTROLS,NO CONTROLS,CLEAR,DAYLIGHT,PEDALCYCLIST,OTHER,STRAIGHT AND LEVEL,DRY,UNKNOWN,,FAILING TO YIELD RIGHT-OF-WAY,FAILING TO YIELD RIGHT-OF-WAY,,NONINCAPACITATING INJURY,16,8,41.9764697687,-87.7284064615,2023,30,POINT (-87.7284064615 41.9764697687),,,,,2023-08-25,False,11,Forest Glen
9514,30,STOP SIGN/FLASHER,FUNCTIONING PROPERLY,CLEAR,DUSK,PEDALCYCLIST,DIVIDED - W/MEDIAN (NOT RAISED),STRAIGHT AND LEVEL,DRY,NO DEFECTS,Y,"OPERATING VEHICLE IN ERRATIC, RECKLESS, CARELESS, NEGLIGENT OR AGGRESSIVE MANNER","OPERATING VEHICLE IN ERRATIC, RECKLESS, CARELESS, NEGLIGENT OR AGGRESSIVE MANNER",,NO INDICATION OF INJURY,17,8,41.8510405445,-87.6223865939,2023,30,POINT (-87.6223865939 41.8510405445),,,,,2023-08-25,False,32,Near South Side
9515,30,TRAFFIC SIGNAL,FUNCTIONING PROPERLY,CLEAR,"DARKNESS, LIGHTED ROAD",PEDALCYCLIST,NOT DIVIDED,STRAIGHT AND LEVEL,DRY,NO DEFECTS,Y,FAILING TO YIELD RIGHT-OF-WAY,FAILING TO YIELD RIGHT-OF-WAY,,NONINCAPACITATING INJURY,18,8,41.838315686,-87.6340451596,2023,30,POINT (-87.6340451596 41.838315686),,,,,2023-08-25,False,33,Armour Square
9516,30,STOP SIGN/FLASHER,FUNCTIONING PROPERLY,CLEAR,DAYLIGHT,PEDALCYCLIST,DIVIDED - W/MEDIAN (NOT RAISED),STRAIGHT AND LEVEL,DRY,NO DEFECTS,,FAILING TO YIELD RIGHT-OF-WAY,UNABLE TO DETERMINE,,"REPORTED, NOT EVIDENT",19,8,41.905956346,-87.6774862153,2023,30,POINT (-87.6774862153 41.905956346),,,,,2023-08-25,False,23,West Town
9517,25,NO CONTROLS,NO CONTROLS,CLEAR,"DARKNESS, LIGHTED ROAD",PEDALCYCLIST,NOT DIVIDED,STRAIGHT AND LEVEL,DRY,NO DEFECTS,,FAILING TO YIELD RIGHT-OF-WAY,FAILING TO YIELD RIGHT-OF-WAY,,NONINCAPACITATING INJURY,20,8,41.9313779131,-87.7667665153,2023,25,POINT (-87.7667665153 41.9313779131),,,,,2023-08-25,False,18,Belmont Cragin
9518,20,NO CONTROLS,UNKNOWN,CLEAR,DARKNESS,PEDALCYCLIST,OTHER,STRAIGHT AND LEVEL,DRY,NO DEFECTS,,"VISION OBSCURED (SIGNS, TREE LIMBS, BUILDINGS, ETC.)",DRIVING SKILLS/KNOWLEDGE/EXPERIENCE,,NONINCAPACITATING INJURY,22,8,41.9585506445,-87.6466261408,2023,20,POINT (-87.6466261408 41.9585506445),,,,,2023-08-25,False,2,Uptown
9519,15,NO CONTROLS,NO CONTROLS,CLEAR,DAYLIGHT,PEDALCYCLIST,PARKING LOT,STRAIGHT AND LEVEL,DRY,NO DEFECTS,,IMPROPER LANE USAGE,NOT APPLICABLE,,NO INDICATION OF INJURY,11,8,41.9427471952,-87.6883543215,2023,15,POINT (-87.6883543215 41.9427471952),,,,,2023-08-26,False,4,North Center
9520,35,TRAFFIC SIGNAL,FUNCTIONING PROPERLY,CLEAR,DAYLIGHT,PEDALCYCLIST,FOUR WAY,STRAIGHT AND LEVEL,DRY,NO DEFECTS,,IMPROPER OVERTAKING/PASSING,NOT APPLICABLE,,NO INDICATION OF INJURY,11,8,41.8914450432,-87.6361373688,2023,35,POINT (-87.6361373688 41.8914450432),,,,,2023-08-26,False,7,Near North Side
9521,20,UNKNOWN,UNKNOWN,CLEAR,DAYLIGHT,PEDALCYCLIST,DIVIDED - W/MEDIAN (NOT RAISED),STRAIGHT AND LEVEL,DRY,NO DEFECTS,,FAILING TO REDUCE SPEED TO AVOID CRASH,NOT APPLICABLE,,"REPORTED, NOT EVIDENT",12,8,41.8869212168,-87.6428794085,2023,20,POINT (-87.6428794085 41.8869212168),,,,,2023-08-26,False,7,Near North Side
9522,30,NO CONTROLS,NO CONTROLS,CLEAR,DAYLIGHT,PEDALCYCLIST,DIVIDED - W/MEDIAN (NOT RAISED),STRAIGHT AND LEVEL,DRY,NO DEFECTS,,FAILING TO YIELD RIGHT-OF-WAY,UNABLE TO DETERMINE,Y,NONINCAPACITATING INJURY,14,8,41.9050751234,-87.668930563,2023,30,POINT (-87.668930563 41.9050751234),,,,,2023-08-26,False,23,West Town
9523,30,NO CONTROLS,NO CONTROLS,CLEAR,DAYLIGHT,PEDALCYCLIST,ONE-WAY,STRAIGHT AND LEVEL,DRY,NO DEFECTS,,NOT APPLICABLE,NOT APPLICABLE,Y,NONINCAPACITATING INJURY,16,8,41.9359610458,-87.6669831906,2023,30,POINT (-87.6669831906 41.9359610458),,,,,2023-08-26,False,5,Lake View
9524,30,TRAFFIC SIGNAL,UNKNOWN,UNKNOWN,UNKNOWN,PEDALCYCLIST,FOUR WAY,STRAIGHT AND LEVEL,UNKNOWN,UNKNOWN,Y,FAILING TO YIELD RIGHT-OF-WAY,FAILING TO YIELD RIGHT-OF-WAY,,INCAPACITATING INJURY,18,8,41.8007272599,-87.7039102174,2023,30,POINT (-87.7039102174 41.8007272599),,,,,2023-08-26,True,62,Gage Park
9525,30,UNKNOWN,UNKNOWN,UNKNOWN,UNKNOWN,PEDALCYCLIST,UNKNOWN,STRAIGHT AND LEVEL,UNKNOWN,UNKNOWN,,UNABLE TO DETERMINE,NOT APPLICABLE,,"REPORTED, NOT EVIDENT",22,8,41.7684549099,-87.664038433,2023,30,POINT (-87.664038433 41.7684549099),,,,,2023-08-26,False,66,Englewood
9526,30,TRAFFIC SIGNAL,FUNCTIONING PROPERLY,CLEAR,"DARKNESS, LIGHTED ROAD",PEDALCYCLIST,NOT DIVIDED,STRAIGHT AND LEVEL,DRY,NO DEFECTS,,DISREGARDING TRAFFIC SIGNALS,DISREGARDING TRAFFIC SIGNALS,,NONINCAPACITATING INJURY,23,8,41.9282291019,-87.7172336753,2023,30,POINT (-87.7172336753 41.9282291019),,,,,2023-08-26,False,21,Logan Square
9527,30,TRAFFIC SIGNAL,FUNCTIONING PROPERLY,CLEAR,DAYLIGHT,PEDALCYCLIST,DIVIDED - W/MEDIAN (NOT RAISED),STRAIGHT AND LEVEL,DRY,NO DEFECTS,,UNABLE TO DETERMINE,UNABLE TO DETERMINE,Y,NONINCAPACITATING INJURY,10,8,41.9477119228,-87.6570938729,2023,30,POINT (-87.6570938729 41.9477119228),,,,,2023-08-27,False,5,Lake View
9528,30,NO CONTROLS,NO CONTROLS,CLEAR,DAYLIGHT,PEDALCYCLIST,NOT DIVIDED,STRAIGHT AND LEVEL,DRY,NO DEFECTS,,FAILING TO YIELD RIGHT-OF-WAY,NOT APPLICABLE,Y,NONINCAPACITATING INJURY,11,8,41.9563875907,-87.6518745466,2023,30,POINT (-87.6518745466 41.9563875907),,,,,2023-08-27,False,2,Uptown
9529,35,TRAFFIC SIGNAL,UNKNOWN,CLEAR,DAYLIGHT,PEDALCYCLIST,DIVIDED - W/MEDIAN (NOT RAISED),STRAIGHT AND LEVEL,DRY,NO DEFECTS,,UNABLE TO DETERMINE,UNABLE TO DETERMINE,,INCAPACITATING INJURY,16,8,41.8348079768,-87.6463487291,2023,35,POINT (-87.6463487291 41.8348079768),,,,,2023-08-27,True,30,Lower West Side
9530,25,STOP SIGN/FLASHER,FUNCTIONING PROPERLY,CLEAR,DAYLIGHT,PEDALCYCLIST,FOUR WAY,STRAIGHT AND LEVEL,DRY,NO DEFECTS,Y,FAILING TO YIELD RIGHT-OF-WAY,FAILING TO REDUCE SPEED TO AVOID CRASH,,NONINCAPACITATING INJURY,17,8,41.9504797319,-87.7719196331,2023,25,POINT (-87.7719196331 41.9504797319),,,,,2023-08-27,False,14,Portage Park
9531,30,NO CONTROLS,NO CONTROLS,CLEAR,DAYLIGHT,PEDALCYCLIST,ALLEY,STRAIGHT AND LEVEL,DRY,NO DEFECTS,,FAILING TO YIELD RIGHT-OF-WAY,DRIVING SKILLS/KNOWLEDGE/EXPERIENCE,,NONINCAPACITATING INJURY,17,8,41.7283735383,-87.5498933109,2023,30,POINT (-87.5498933109 41.7283735383),,,,,2023-08-27,False,45,South Chicago
9532,25,NO CONTROLS,NO CONTROLS,CLEAR,DARKNESS,PEDALCYCLIST,NOT DIVIDED,STRAIGHT AND LEVEL,DRY,NO DEFECTS,,UNABLE TO DETERMINE,UNABLE TO DETERMINE,,NO INDICATION OF INJURY,20,8,41.8791271699,-87.6596142388,2023,25,POINT (-87.6596142388 41.8791271699),,,,,2023-08-27,False,27,Near West Side
9533,30,RR CROSSING SIGN,UNKNOWN,CLEAR,"DARKNESS, LIGHTED ROAD",PEDALCYCLIST,NOT REPORTED,STRAIGHT AND LEVEL,UNKNOWN,UNKNOWN,Y,FAILING TO YIELD RIGHT-OF-WAY,IMPROPER TURNING/NO SIGNAL,,NONINCAPACITATING INJURY,20,8,41.9526441201,-87.8047747158,2023,30,POINT (-87.8047747158 41.9526441201),,,,,2023-08-27,False,16,Dunning
9534,30,TRAFFIC SIGNAL,FUNCTIONING PROPERLY,CLEAR,DAYLIGHT,PEDALCYCLIST,NOT DIVIDED,STRAIGHT AND LEVEL,DRY,NO DEFECTS,Y,FOLLOWING TOO CLOSELY,NOT APPLICABLE,,NO INDICATION OF INJURY,8,8,41.8831072333,-87.6425513957,2023,30,POINT (-87.6425513957 41.8831072333),,,,,2023-08-28,False,27,Near West Side
9535,30,NO CONTROLS,NO CONTROLS,CLEAR,DAYLIGHT,PEDALCYCLIST,ONE-WAY,STRAIGHT AND LEVEL,DRY,NO DEFECTS,,FAILING TO YIELD RIGHT-OF-WAY,"VISION OBSCURED (SIGNS, TREE LIMBS, BUILDINGS, ETC.)",,"REPORTED, NOT EVIDENT",13,8,41.9537909032,-87.665684612,2023,30,POINT (-87.665684612 41.9537909032),,,,,2023-08-28,False,5,Lake View
9536,30,TRAFFIC SIGNAL,FUNCTIONING PROPERLY,CLEAR,DAYLIGHT,PEDALCYCLIST,"FIVE POINT, OR MORE",STRAIGHT AND LEVEL,DRY,NO DEFECTS,Y,FAILING TO YIELD RIGHT-OF-WAY,FAILING TO YIELD RIGHT-OF-WAY,,NONINCAPACITATING INJURY,14,8,41.9138425848,-87.6533890766,2023,30,POINT (-87.6533890766 41.9138425848),,,,,2023-08-28,False,6,Lincoln Park
9537,20,NO CONTROLS,NO CONTROLS,CLEAR,DAYLIGHT,PEDALCYCLIST,ONE-WAY,STRAIGHT AND LEVEL,DRY,NO DEFECTS,,UNABLE TO DETERMINE,UNABLE TO DETERMINE,Y,NO INDICATION OF INJURY,16,8,41.7335520631,-87.6555551962,2023,20,POINT (-87.6555551962 41.7335520631),,,,,2023-08-28,False,70,Auburn Gresham
9538,30,NO CONTROLS,NO CONTROLS,CLEAR,DAYLIGHT,PEDALCYCLIST,DIVIDED - W/MEDIAN (NOT RAISED),STRAIGHT AND LEVEL,DRY,UNKNOWN,,UNABLE TO DETERMINE,UNABLE TO DETERMINE,Y,INCAPACITATING INJURY,16,8,41.9388179898,-87.7559630639,2023,30,POINT (-87.7559630639 41.9388179898),,,,,2023-08-28,True,14,Portage Park
9539,30,STOP SIGN/FLASHER,FUNCTIONING PROPERLY,CLEAR,DAYLIGHT,PEDALCYCLIST,FOUR WAY,STRAIGHT AND LEVEL,DRY,UNKNOWN,,FAILING TO YIELD RIGHT-OF-WAY,UNABLE TO DETERMINE,,NO INDICATION OF INJURY,16,8,41.8665707559,-87.6984961182,2023,30,POINT (-87.6984961182 41.8665707559),,,,,2023-08-28,False,28,North Lawndale
9540,30,TRAFFIC SIGNAL,FUNCTIONING PROPERLY,CLEAR,DAYLIGHT,PEDALCYCLIST,NOT DIVIDED,STRAIGHT AND LEVEL,DRY,UNKNOWN,,NOT APPLICABLE,FAILING TO YIELD RIGHT-OF-WAY,,NO INDICATION OF INJURY,16,8,41.8657150393,-87.7641826135,2023,30,POINT (-87.7641826135 41.8657150393),,,,,2023-08-28,False,24,Austin
9541,30,NO CONTROLS,NO CONTROLS,CLEAR,DAYLIGHT,PEDALCYCLIST,NOT DIVIDED,STRAIGHT AND LEVEL,DRY,NO DEFECTS,,UNABLE TO DETERMINE,NOT APPLICABLE,,INCAPACITATING INJURY,18,8,41.9138582279,-87.6533641875,2023,30,POINT (-87.6533641875 41.9138582279),,,,,2023-08-28,True,6,Lincoln Park
9542,30,TRAFFIC SIGNAL,FUNCTIONING PROPERLY,CLEAR,"DARKNESS, LIGHTED ROAD",PEDALCYCLIST,NOT DIVIDED,STRAIGHT AND LEVEL,DRY,NO DEFECTS,Y,FAILING TO YIELD RIGHT-OF-WAY,NOT APPLICABLE,,INCAPACITATING INJURY,20,8,41.9431067574,-87.6783305791,2023,30,POINT (-87.6783305791 41.9431067574),,,,,2023-08-28,True,4,North Center
9543,30,STOP SIGN/FLASHER,FUNCTIONING PROPERLY,CLEAR,DARKNESS,PEDALCYCLIST,FOUR WAY,STRAIGHT AND LEVEL,DRY,NO DEFECTS,,NOT APPLICABLE,NOT APPLICABLE,,NO INDICATION OF INJURY,21,8,41.9418382812,-87.6494757138,2023,30,POINT (-87.6494757138 41.9418382812),,,,,2023-08-28,False,5,Lake View
9544,30,UNKNOWN,UNKNOWN,CLEAR,DAYLIGHT,PEDALCYCLIST,FOUR WAY,STRAIGHT AND LEVEL,DRY,UNKNOWN,,IMPROPER TURNING/NO SIGNAL,NOT APPLICABLE,,NONINCAPACITATING INJURY,7,8,41.9837091907,-87.6699707532,2023,30,POINT (-87.6699707532 41.9837091907),,,,,2023-08-29,False,76,Edgewater
9545,30,TRAFFIC SIGNAL,FUNCTIONING PROPERLY,CLEAR,DAYLIGHT,PEDALCYCLIST,FOUR WAY,STRAIGHT AND LEVEL,DRY,NO DEFECTS,Y,FAILING TO YIELD RIGHT-OF-WAY,NOT APPLICABLE,,"REPORTED, NOT EVIDENT",7,8,41.9391678338,-87.7125459912,2023,30,POINT (-87.7125459912 41.9391678338),,,,,2023-08-29,False,15,Irving Park
9546,30,TRAFFIC SIGNAL,FUNCTIONING PROPERLY,CLEAR,DAYLIGHT,PEDALCYCLIST,FOUR WAY,STRAIGHT AND LEVEL,DRY,UNKNOWN,Y,DISREGARDING OTHER TRAFFIC SIGNS,DISREGARDING OTHER TRAFFIC SIGNS,,NONINCAPACITATING INJURY,7,8,41.8082170512,-87.6943500349,2023,30,POINT (-87.6943500349 41.8082170512),,,,,2023-08-29,False,57,Brighton Park
9547,30,NO CONTROLS,NO CONTROLS,CLEAR,DAYLIGHT,PEDALCYCLIST,NOT DIVIDED,STRAIGHT AND LEVEL,DRY,NO DEFECTS,,UNABLE TO DETERMINE,UNABLE TO DETERMINE,,NONINCAPACITATING INJURY,9,8,41.8839095299,-87.6440424108,2023,30,POINT (-87.6440424108 41.8839095299),,,,,2023-08-29,False,27,Near West Side
9548,30,TRAFFIC SIGNAL,FUNCTIONING PROPERLY,CLEAR,DAYLIGHT,PEDALCYCLIST,NOT DIVIDED,STRAIGHT AND LEVEL,DRY,NO DEFECTS,,FAILING TO YIELD RIGHT-OF-WAY,IMPROPER OVERTAKING/PASSING,,NO INDICATION OF INJURY,9,8,41.8773813417,-87.7058698486,2023,30,POINT (-87.7058698486 41.8773813417),,,,,2023-08-29,False,26,Garfield Park
9549,30,STOP SIGN/FLASHER,FUNCTIONING PROPERLY,CLEAR,DAYLIGHT,PEDALCYCLIST,FOUR WAY,STRAIGHT AND LEVEL,DRY,NO DEFECTS,Y,IMPROPER LANE USAGE,NOT APPLICABLE,,NO INDICATION OF INJURY,10,8,41.9982179205,-87.6606952556,2023,30,POINT (-87.6606952556 41.9982179205),,,,,2023-08-29,False,0,Rogers Park
9550,30,NO CONTROLS,NO CONTROLS,CLEAR,DAYLIGHT,PEDALCYCLIST,NOT DIVIDED,STRAIGHT AND LEVEL,DRY,NO DEFECTS,,UNABLE TO DETERMINE,NOT APPLICABLE,Y,NONINCAPACITATING INJURY,11,8,41.9496484426,-87.6586542166,2023,30,POINT (-87.6586542166 41.9496484426),,,,,2023-08-29,False,5,Lake View
9551,25,TRAFFIC SIGNAL,FUNCTIONING PROPERLY,CLEAR,DAYLIGHT,PEDALCYCLIST,ONE-WAY,STRAIGHT AND LEVEL,DRY,NO DEFECTS,Y,DISREGARDING TRAFFIC SIGNALS,UNABLE TO DETERMINE,,NONINCAPACITATING INJURY,12,8,41.8844379799,-87.6352311858,2023,25,POINT (-87.6352311858 41.8844379799),,,,,2023-08-29,False,27,Near West Side
9552,30,UNKNOWN,UNKNOWN,UNKNOWN,UNKNOWN,PEDALCYCLIST,NOT DIVIDED,STRAIGHT AND LEVEL,UNKNOWN,UNKNOWN,,UNABLE TO DETERMINE,UNABLE TO DETERMINE,,"REPORTED, NOT EVIDENT",14,8,41.9030050392,-87.6657065445,2023,30,POINT (-87.6657065445 41.9030050392),,,,,2023-08-29,False,23,West Town
9553,30,STOP SIGN/FLASHER,OTHER,CLEAR,DAYLIGHT,PEDALCYCLIST,ONE-WAY,STRAIGHT AND LEVEL,DRY,UNKNOWN,,UNABLE TO DETERMINE,UNABLE TO DETERMINE,,NONINCAPACITATING INJURY,14,8,41.8941424582,-87.7484201223,2023,30,POINT (-87.7484201223 41.8941424582),,,,,2023-08-29,False,24,Austin
9554,30,STOP SIGN/FLASHER,FUNCTIONING PROPERLY,CLEAR,DAYLIGHT,PEDALCYCLIST,FOUR WAY,STRAIGHT AND LEVEL,DRY,NO DEFECTS,Y,FAILING TO YIELD RIGHT-OF-WAY,NOT APPLICABLE,,NONINCAPACITATING INJURY,17,8,41.8689626446,-87.6837995784,2023,30,POINT (-87.6837995784 41.8689626446),,,,,2023-08-29,False,27,Near West Side
9555,20,NO CONTROLS,NO CONTROLS,CLEAR,DUSK,PEDALCYCLIST,ALLEY,STRAIGHT AND LEVEL,DRY,UNKNOWN,,NOT APPLICABLE,NOT APPLICABLE,,NONINCAPACITATING INJURY,19,8,41.7788969379,-87.7007575753,2023,20,POINT (-87.7007575753 41.7788969379),,,,,2023-08-29,False,65,Chicago Lawn
9556,30,TRAFFIC SIGNAL,FUNCTIONING PROPERLY,CLEAR,"DARKNESS, LIGHTED ROAD",PEDALCYCLIST,CENTER TURN LANE,STRAIGHT AND LEVEL,DRY,NO DEFECTS,Y,DRIVING ON WRONG SIDE/WRONG WAY,NOT APPLICABLE,,NO INDICATION OF INJURY,20,8,41.903156154,-87.6724223195,2023,30,POINT (-87.6724223195 41.903156154),,,,,2023-08-29,False,23,West Town
9557,30,TRAFFIC SIGNAL,FUNCTIONING PROPERLY,CLEAR,DAYLIGHT,PEDALCYCLIST,FOUR WAY,STRAIGHT AND LEVEL,DRY,NO DEFECTS,Y,FAILING TO YIELD RIGHT-OF-WAY,FAILING TO YIELD RIGHT-OF-WAY,,NONINCAPACITATING INJURY,6,8,41.9473318268,-87.654480315,2023,30,POINT (-87.654480315 41.9473318268),,,,,2023-08-30,False,5,Lake View
9558,10,TRAFFIC SIGNAL,UNKNOWN,CLEAR,DUSK,PEDALCYCLIST,UNKNOWN INTERSECTION TYPE,STRAIGHT AND LEVEL,DRY,UNKNOWN,Y,DISTRACTION - FROM OUTSIDE VEHICLE,UNABLE TO DETERMINE,N,"REPORTED, NOT EVIDENT",6,8,41.9113055984,-87.6262094323,2023,10,POINT (-87.6262094323 41.9113055984),,,,,2023-08-30,False,6,Lincoln Park
9559,30,NO CONTROLS,NO CONTROLS,CLEAR,DAYLIGHT,PEDALCYCLIST,NOT DIVIDED,STRAIGHT AND LEVEL,DRY,NO DEFECTS,,FAILING TO YIELD RIGHT-OF-WAY,IMPROPER TURNING/NO SIGNAL,,NONINCAPACITATING INJURY,7,8,41.9830189894,-87.7721227907,2023,30,POINT (-87.7721227907 41.9830189894),,,,,2023-08-30,False,10,Jefferson Park
9560,30,TRAFFIC SIGNAL,FUNCTIONING PROPERLY,CLEAR,DAYLIGHT,PEDALCYCLIST,ONE-WAY,STRAIGHT AND LEVEL,DRY,NO DEFECTS,,UNABLE TO DETERMINE,UNABLE TO DETERMINE,Y,NO INDICATION OF INJURY,8,8,41.8577234636,-87.7054219729,2023,30,POINT (-87.7054219729 41.8577234636),,,,,2023-08-30,False,28,North Lawndale
9561,30,TRAFFIC SIGNAL,FUNCTIONING PROPERLY,CLEAR,DAYLIGHT,PEDALCYCLIST,CENTER TURN LANE,STRAIGHT AND LEVEL,DRY,NO DEFECTS,Y,UNABLE TO DETERMINE,NOT APPLICABLE,,NO INDICATION OF INJURY,8,8,41.9323294941,-87.6782827193,2023,30,POINT (-87.6782827193 41.9323294941),,,,,2023-08-30,False,4,North Center
9562,30,NO CONTROLS,NO CONTROLS,CLEAR,DAYLIGHT,PEDALCYCLIST,DIVIDED - W/MEDIAN (NOT RAISED),STRAIGHT AND LEVEL,DRY,NO DEFECTS,,UNABLE TO DETERMINE,NOT APPLICABLE,,"REPORTED, NOT EVIDENT",11,8,41.9432474086,-87.6531782673,2023,30,POINT (-87.6531782673 41.9432474086),,,,,2023-08-30,False,5,Lake View
9563,30,TRAFFIC SIGNAL,FUNCTIONING PROPERLY,CLEAR,DAYLIGHT,PEDALCYCLIST,FOUR WAY,STRAIGHT AND LEVEL,DRY,NO DEFECTS,Y,UNABLE TO DETERMINE,UNABLE TO DETERMINE,,NONINCAPACITATING INJURY,14,8,42.0193243807,-87.6659101587,2023,30,POINT (-87.6659101587 42.0193243807),,,,,2023-08-30,False,0,Rogers Park
9564,30,STOP SIGN/FLASHER,FUNCTIONING PROPERLY,CLEAR,DAYLIGHT,PEDALCYCLIST,NOT REPORTED,STRAIGHT AND LEVEL,DRY,NO DEFECTS,Y,DRIVING SKILLS/KNOWLEDGE/EXPERIENCE,DRIVING SKILLS/KNOWLEDGE/EXPERIENCE,,"REPORTED, NOT EVIDENT",15,8,41.9621944169,-87.6455337502,2023,30,POINT (-87.6455337502 41.9621944169),,,,,2023-08-30,False,2,Uptown
9565,30,NO CONTROLS,NO CONTROLS,CLEAR,DAYLIGHT,PEDALCYCLIST,DIVIDED - W/MEDIAN BARRIER,STRAIGHT AND LEVEL,DRY,NO DEFECTS,,UNABLE TO DETERMINE,FAILING TO REDUCE SPEED TO AVOID CRASH,,NONINCAPACITATING INJURY,17,8,41.9727025217,-87.6599157302,2023,30,POINT (-87.6599157302 41.9727025217),,,,,2023-08-30,False,2,Uptown
9566,30,TRAFFIC SIGNAL,FUNCTIONING PROPERLY,CLEAR,DAYLIGHT,PEDALCYCLIST,DIVIDED - W/MEDIAN (NOT RAISED),STRAIGHT AND LEVEL,DRY,NO DEFECTS,,UNABLE TO DETERMINE,UNABLE TO DETERMINE,,NONINCAPACITATING INJURY,17,8,41.9757444088,-87.7186604063,2023,30,POINT (-87.7186604063 41.9757444088),,,,,2023-08-30,False,12,North Park
9567,30,NO CONTROLS,NO CONTROLS,CLEAR,DAYLIGHT,PEDALCYCLIST,DIVIDED - W/MEDIAN (NOT RAISED),STRAIGHT AND LEVEL,DRY,NO DEFECTS,,FOLLOWING TOO CLOSELY,NOT APPLICABLE,,NONINCAPACITATING INJURY,17,8,41.9425728248,-87.6705129322,2023,30,POINT (-87.6705129322 41.9425728248),,,,,2023-08-30,False,5,Lake View
9568,30,NO CONTROLS,NO CONTROLS,CLEAR,"DARKNESS, LIGHTED ROAD",PEDALCYCLIST,DIVIDED - W/MEDIAN (NOT RAISED),STRAIGHT AND LEVEL,DRY,NO DEFECTS,,NOT APPLICABLE,NOT APPLICABLE,Y,NONINCAPACITATING INJURY,20,8,41.9317570701,-87.6491246882,2023,30,POINT (-87.6491246882 41.9317570701),,,,,2023-08-30,False,6,Lincoln Park
9569,30,OTHER,UNKNOWN,CLEAR,DAYLIGHT,PEDALCYCLIST,NOT DIVIDED,STRAIGHT AND LEVEL,DRY,NO DEFECTS,,UNABLE TO DETERMINE,UNABLE TO DETERMINE,,"REPORTED, NOT EVIDENT",6,8,41.8948502764,-87.6328236605,2023,30,POINT (-87.6328236605 41.8948502764),,,,,2023-08-31,False,7,Near North Side
9570,30,NO CONTROLS,NO CONTROLS,CLEAR,DAYLIGHT,PEDALCYCLIST,ONE-WAY,STRAIGHT AND LEVEL,DRY,NO DEFECTS,,DRIVING ON WRONG SIDE/WRONG WAY,FAILING TO YIELD RIGHT-OF-WAY,,NO INDICATION OF INJURY,6,8,41.9931878202,-87.7042032909,2023,30,POINT (-87.7042032909 41.9931878202),,,,,2023-08-31,False,1,West Ridge
9571,30,NO CONTROLS,NO CONTROLS,CLEAR,DAYLIGHT,PEDALCYCLIST,NOT DIVIDED,STRAIGHT AND LEVEL,DRY,NO DEFECTS,,UNABLE TO DETERMINE,NOT APPLICABLE,,NO INDICATION OF INJURY,7,8,41.9104775924,-87.6773735252,2023,30,POINT (-87.6773735252 41.9104775924),,,,,2023-08-31,False,23,West Town