Unnamed: 0,POSTED_SPEED_LIMIT,TRAFFIC_CONTROL_DEVICE,DEVICE_CONDITION,WEATHER_CONDITION,LIGHTING_CONDITION,FIRST_CRASH_TYPE,TRAFFICWAY_TYPE,ALIGNMENT,ROADWAY_SURFACE_COND,ROAD_DEFECT,INTERSECTION_RELATED_I,PRIM_CONTRIBUTORY_CAUSE,SEC_CONTRIBUTORY_CAUSE,DOORING_I,MOST_SEVERE_INJURY,CRASH_HOUR,CRASH_MONTH,LATITUDE,LONGITUDE,CRASH_YEAR,SPEED_LIMIT,geometry,DISPLAYROU,the_geom,DIST,LANE_TYPE,CRASH_DATE,is_severe,index_right,CArea
9572,30,TRAFFIC SIGNAL,FUNCTIONING PROPERLY,CLEAR,DAYLIGHT,PEDALCYCLIST,NOT DIVIDED,STRAIGHT AND LEVEL,DRY,NO DEFECTS,,IMPROPER TURNING/NO SIGNAL,UNABLE TO DETERMINE,,"REPORTED, NOT EVIDENT",7,8,41.8746442832,-87.6296485038,2023,30,POINT (-87.6296485038 41.8746442832),,,,,2023-08-31,False,31,Loop
9573,30,NO CONTROLS,NO CONTROLS,CLEAR,DAYLIGHT,PEDALCYCLIST,ONE-WAY,STRAIGHT AND LEVEL,DRY,NO DEFECTS,N,FAILING TO YIELD RIGHT-OF-WAY,NOT APPLICABLE,,NONINCAPACITATING INJURY,8,8,41.9251672198,-87.6607361387,2023,30,POINT (-87.6607361387 41.9251672198),,,,,2023-08-31,False,6,Lincoln Park
9574,30,NO CONTROLS,NO CONTROLS,CLEAR,DAYLIGHT,PEDALCYCLIST,DRIVEWAY,STRAIGHT AND LEVEL,DRY,NO DEFECTS,N,"VISION OBSCURED (SIGNS, TREE LIMBS, BUILDINGS, ETC.)",UNABLE TO DETERMINE,,NONINCAPACITATING INJURY,8,8,41.9895389519,-87.6555152392,2023,30,POINT (-87.6555152392 41.9895389519),,,,,2023-08-31,False,76,Edgewater
9575,20,STOP SIGN/FLASHER,FUNCTIONING PROPERLY,CLEAR,DAYLIGHT,PEDALCYCLIST,NOT DIVIDED,STRAIGHT AND LEVEL,DRY,NO DEFECTS,Y,UNABLE TO DETERMINE,NOT APPLICABLE,Y,INCAPACITATING INJURY,13,8,41.8602634406,-87.6141028889,2023,20,POINT (-87.6141028889 41.8602634406),,,,,2023-08-31,True,32,Near South Side
9576,30,UNKNOWN,UNKNOWN,CLEAR,DAYLIGHT,PEDALCYCLIST,DIVIDED - W/MEDIAN (NOT RAISED),STRAIGHT AND LEVEL,DRY,UNKNOWN,,UNABLE TO DETERMINE,UNABLE TO DETERMINE,,NO INDICATION OF INJURY,14,8,41.9777816676,-87.6949898529,2023,30,POINT (-87.6949898529 41.9777816676),,,,,2023-08-31,False,3,Lincoln Square
9577,30,TRAFFIC SIGNAL,FUNCTIONING PROPERLY,CLEAR,DAYLIGHT,PEDALCYCLIST,ONE-WAY,STRAIGHT AND LEVEL,DRY,NO DEFECTS,,FOLLOWING TOO CLOSELY,UNABLE TO DETERMINE,,NO INDICATION OF INJURY,15,8,41.8953758505,-87.6313627087,2023,30,POINT (-87.6313627087 41.8953758505),,,,,2023-08-31,False,7,Near North Side
9578,25,STOP SIGN/FLASHER,NO CONTROLS,CLEAR,DAYLIGHT,PEDALCYCLIST,NOT DIVIDED,STRAIGHT AND LEVEL,DRY,NO DEFECTS,,DISREGARDING STOP SIGN,NOT APPLICABLE,N,NONINCAPACITATING INJURY,15,8,41.7506940441,-87.636872551,2023,25,POINT (-87.636872551 41.7506940441),,,,,2023-08-31,False,43,Chatham
9579,30,UNKNOWN,UNKNOWN,UNKNOWN,UNKNOWN,PEDALCYCLIST,ALLEY,STRAIGHT AND LEVEL,UNKNOWN,UNKNOWN,Y,UNABLE TO DETERMINE,UNABLE TO DETERMINE,,NO INDICATION OF INJURY,16,8,41.8932571853,-87.62234986,2023,30,POINT (-87.62234986 41.8932571853),,,,,2023-08-31,False,7,Near North Side
9580,30,NO CONTROLS,NO CONTROLS,CLEAR,DAYLIGHT,PEDALCYCLIST,T-INTERSECTION,STRAIGHT AND LEVEL,DRY,UNKNOWN,Y,FAILING TO YIELD RIGHT-OF-WAY,DRIVING SKILLS/KNOWLEDGE/EXPERIENCE,,INCAPACITATING INJURY,16,8,41.9212940333,-87.6773494777,2023,30,POINT (-87.6773494777 41.9212940333),,,,,2023-08-31,True,6,Lincoln Park
9581,30,NO CONTROLS,NO CONTROLS,CLEAR,DAYLIGHT,PEDALCYCLIST,T-INTERSECTION,STRAIGHT AND LEVEL,DRY,NO DEFECTS,Y,UNABLE TO DETERMINE,UNABLE TO DETERMINE,,NONINCAPACITATING INJURY,17,8,41.9396891804,-87.6613711416,2023,30,POINT (-87.6613711416 41.9396891804),,,,,2023-08-31,False,5,Lake View
9582,30,TRAFFIC SIGNAL,FUNCTIONING PROPERLY,CLEAR,DAYLIGHT,PEDALCYCLIST,FOUR WAY,STRAIGHT AND LEVEL,DRY,NO DEFECTS,Y,FAILING TO YIELD RIGHT-OF-WAY,NOT APPLICABLE,,NONINCAPACITATING INJURY,17,8,41.8382083796,-87.6264389107,2023,30,POINT (-87.6264389107 41.8382083796),,,,,2023-08-31,False,34,Douglas
9583,30,TRAFFIC SIGNAL,FUNCTIONING PROPERLY,CLEAR,DAYLIGHT,PEDALCYCLIST,FOUR WAY,STRAIGHT AND LEVEL,DRY,NO DEFECTS,,UNABLE TO DETERMINE,NOT APPLICABLE,,NO INDICATION OF INJURY,17,8,41.8668717668,-87.6617163333,2023,30,POINT (-87.6617163333 41.8668717668),,,,,2023-08-31,False,27,Near West Side
9584,30,NO CONTROLS,NO CONTROLS,CLEAR,DAYLIGHT,PEDALCYCLIST,FOUR WAY,STRAIGHT AND LEVEL,DRY,UNKNOWN,Y,FAILING TO YIELD RIGHT-OF-WAY,FOLLOWING TOO CLOSELY,,NONINCAPACITATING INJURY,17,8,41.8932227441,-87.6509600121,2023,30,POINT (-87.6509600121 41.8932227441),,,,,2023-08-31,False,7,Near North Side
9585,20,STOP SIGN/FLASHER,UNKNOWN,CLEAR,DAYLIGHT,PEDALCYCLIST,FOUR WAY,STRAIGHT AND LEVEL,DRY,NO DEFECTS,,UNABLE TO DETERMINE,UNABLE TO DETERMINE,,NONINCAPACITATING INJURY,17,8,41.9697750593,-87.6457591896,2023,20,POINT (-87.6457591896 41.9697750593),,,,,2023-08-31,False,2,Uptown
9586,30,UNKNOWN,UNKNOWN,CLEAR,DAYLIGHT,PEDALCYCLIST,UNKNOWN,STRAIGHT AND LEVEL,DRY,UNKNOWN,,UNABLE TO DETERMINE,UNABLE TO DETERMINE,,NO INDICATION OF INJURY,18,8,41.938639615,-87.7699286778,2023,30,POINT (-87.7699286778 41.938639615),,,,,2023-08-31,False,14,Portage Park
9587,30,NO CONTROLS,NO CONTROLS,CLEAR,DAYLIGHT,PEDALCYCLIST,NOT DIVIDED,STRAIGHT AND LEVEL,DRY,NO DEFECTS,,UNABLE TO DETERMINE,NOT APPLICABLE,Y,NONINCAPACITATING INJURY,18,8,41.9730814824,-87.6791663091,2023,30,POINT (-87.6791663091 41.9730814824),,,,,2023-08-31,False,3,Lincoln Square
9588,30,NO CONTROLS,NO CONTROLS,CLEAR,DARKNESS,PEDALCYCLIST,NOT DIVIDED,STRAIGHT AND LEVEL,DRY,NO DEFECTS,,FOLLOWING TOO CLOSELY,UNABLE TO DETERMINE,,NO INDICATION OF INJURY,20,8,41.9167817382,-87.6655134057,2023,30,POINT (-87.6655134057 41.9167817382),,,,,2023-08-31,False,6,Lincoln Park
9589,20,NO CONTROLS,NO CONTROLS,CLEAR,"DARKNESS, LIGHTED ROAD",PEDALCYCLIST,DIVIDED - W/MEDIAN (NOT RAISED),STRAIGHT AND LEVEL,DRY,NO DEFECTS,,UNABLE TO DETERMINE,UNABLE TO DETERMINE,Y,NONINCAPACITATING INJURY,21,8,41.9316555703,-87.7114189697,2023,20,POINT (-87.7114189697 41.9316555703),,,,,2023-08-31,False,21,Logan Square
9590,30,NO CONTROLS,NO CONTROLS,CLEAR,DAYLIGHT,PEDALCYCLIST,NOT DIVIDED,STRAIGHT AND LEVEL,DRY,NO DEFECTS,,UNABLE TO DETERMINE,UNABLE TO DETERMINE,,INCAPACITATING INJURY,7,9,41.7758075143,-87.7225399874,2023,30,POINT (-87.7225399874 41.7758075143),,,,,2023-09-01,True,64,West Lawn
9591,30,TRAFFIC SIGNAL,FUNCTIONING PROPERLY,CLEAR,DAYLIGHT,PEDALCYCLIST,"FIVE POINT, OR MORE",STRAIGHT AND LEVEL,DRY,NO DEFECTS,Y,FOLLOWING TOO CLOSELY,FAILING TO YIELD RIGHT-OF-WAY,,"REPORTED, NOT EVIDENT",8,9,41.9330187815,-87.6394289802,2023,30,POINT (-87.6394289802 41.9330187815),,,,,2023-09-01,False,5,Lake View
9592,30,NO CONTROLS,NO CONTROLS,CLEAR,DAYLIGHT,PEDALCYCLIST,NOT DIVIDED,STRAIGHT AND LEVEL,DRY,NO DEFECTS,,IMPROPER TURNING/NO SIGNAL,IMPROPER TURNING/NO SIGNAL,,NO INDICATION OF INJURY,11,9,41.8581115336,-87.6530098077,2023,30,POINT (-87.6530098077 41.8581115336),,,,,2023-09-01,False,27,Near West Side
9593,25,STOP SIGN/FLASHER,FUNCTIONING PROPERLY,CLEAR,DAYLIGHT,PEDALCYCLIST,NOT DIVIDED,STRAIGHT AND LEVEL,DRY,UNKNOWN,,UNABLE TO DETERMINE,UNABLE TO DETERMINE,,NONINCAPACITATING INJURY,12,9,41.965886017,-87.6464087987,2023,25,POINT (-87.6464087987 41.965886017),,,,,2023-09-01,False,2,Uptown
9594,30,NO CONTROLS,NO CONTROLS,CLEAR,DAYLIGHT,PEDALCYCLIST,NOT DIVIDED,STRAIGHT AND LEVEL,DRY,NO DEFECTS,Y,"VISION OBSCURED (SIGNS, TREE LIMBS, BUILDINGS, ETC.)",NOT APPLICABLE,,NONINCAPACITATING INJURY,12,9,41.9115855931,-87.7400291976,2023,30,POINT (-87.7400291976 41.9115855931),,,,,2023-09-01,False,22,Humboldt Park
9595,30,NO CONTROLS,NO CONTROLS,CLEAR,DAYLIGHT,PEDALCYCLIST,NOT DIVIDED,STRAIGHT AND LEVEL,DRY,NO DEFECTS,,FAILING TO YIELD RIGHT-OF-WAY,NOT APPLICABLE,,NONINCAPACITATING INJURY,14,9,41.889980026,-87.6371313237,2023,30,POINT (-87.6371313237 41.889980026),,,,,2023-09-01,False,7,Near North Side
9596,30,NO CONTROLS,NO CONTROLS,CLEAR,DAYLIGHT,PEDALCYCLIST,DIVIDED - W/MEDIAN (NOT RAISED),STRAIGHT AND LEVEL,DRY,NO DEFECTS,,NOT APPLICABLE,NOT APPLICABLE,Y,NONINCAPACITATING INJURY,16,9,41.9306779066,-87.7098086349,2023,30,POINT (-87.7098086349 41.9306779066),,,,,2023-09-01,False,21,Logan Square
9597,25,UNKNOWN,UNKNOWN,CLEAR,DAYLIGHT,PEDALCYCLIST,NOT DIVIDED,STRAIGHT AND LEVEL,DRY,NO DEFECTS,,UNABLE TO DETERMINE,UNABLE TO DETERMINE,,NONINCAPACITATING INJURY,17,9,41.7977300671,-87.6720395771,2023,25,POINT (-87.6720395771 41.7977300671),,,,,2023-09-01,False,60,New City
9598,30,NO CONTROLS,NO CONTROLS,CLEAR,"DARKNESS, LIGHTED ROAD",PEDALCYCLIST,NOT DIVIDED,STRAIGHT AND LEVEL,DRY,NO DEFECTS,,UNABLE TO DETERMINE,NOT APPLICABLE,,NONINCAPACITATING INJURY,21,9,41.9260222489,-87.64978221,2023,30,POINT (-87.64978221 41.9260222489),,,,,2023-09-01,False,6,Lincoln Park
9599,35,TRAFFIC SIGNAL,FUNCTIONING PROPERLY,CLEAR,"DARKNESS, LIGHTED ROAD",PEDALCYCLIST,FOUR WAY,STRAIGHT AND LEVEL,DRY,WORN SURFACE,,IMPROPER TURNING/NO SIGNAL,UNABLE TO DETERMINE,,NO INDICATION OF INJURY,23,9,41.9396208658,-87.6782095661,2023,35,POINT (-87.6782095661 41.9396208658),,,,,2023-09-01,False,4,North Center
9600,30,TRAFFIC SIGNAL,FUNCTIONING PROPERLY,CLEAR,"DARKNESS, LIGHTED ROAD",PEDALCYCLIST,FOUR WAY,STRAIGHT AND LEVEL,DRY,NO DEFECTS,Y,DISREGARDING TRAFFIC SIGNALS,FAILING TO REDUCE SPEED TO AVOID CRASH,,INCAPACITATING INJURY,5,9,41.8843524156,-87.6472877491,2023,30,POINT (-87.6472877491 41.8843524156),,,,,2023-09-02,True,27,Near West Side
9601,50,NO CONTROLS,NO CONTROLS,CLEAR,"DARKNESS, LIGHTED ROAD",PEDALCYCLIST,DIVIDED - W/MEDIAN (NOT RAISED),STRAIGHT AND LEVEL,DRY,NO DEFECTS,,UNABLE TO DETERMINE,FAILING TO REDUCE SPEED TO AVOID CRASH,,NONINCAPACITATING INJURY,5,9,41.9537660771,-87.9141970727,2023,50,POINT (-87.9141970727 41.9537660771),,,,,2023-09-02,False,75,O'Hare
9602,30,TRAFFIC SIGNAL,UNKNOWN,CLEAR,DAYLIGHT,PEDALCYCLIST,NOT DIVIDED,STRAIGHT AND LEVEL,DRY,UNKNOWN,,UNABLE TO DETERMINE,NOT APPLICABLE,,INCAPACITATING INJURY,13,9,41.8830365754,-87.6866324686,2023,30,POINT (-87.6866324686 41.8830365754),,,,,2023-09-02,True,27,Near West Side
9603,15,NO CONTROLS,NO CONTROLS,CLEAR,DAYLIGHT,PEDALCYCLIST,ALLEY,STRAIGHT AND LEVEL,DRY,NO DEFECTS,,DRIVING ON WRONG SIDE/WRONG WAY,DRIVING ON WRONG SIDE/WRONG WAY,,INCAPACITATING INJURY,14,9,41.9920654517,-87.7010660657,2023,15,POINT (-87.7010660657 41.9920654517),,,,,2023-09-02,True,1,West Ridge
9604,30,STOP SIGN/FLASHER,FUNCTIONING PROPERLY,CLEAR,DAYLIGHT,PEDALCYCLIST,FOUR WAY,STRAIGHT AND LEVEL,DRY,NO DEFECTS,Y,DISREGARDING STOP SIGN,NOT APPLICABLE,,NO INDICATION OF INJURY,16,9,41.9691815659,-87.656153823,2023,30,POINT (-87.656153823 41.9691815659),,,,,2023-09-02,False,2,Uptown
9605,30,NO CONTROLS,NO CONTROLS,CLEAR,"DARKNESS, LIGHTED ROAD",PEDALCYCLIST,Y-INTERSECTION,STRAIGHT AND LEVEL,DRY,NO DEFECTS,N,UNABLE TO DETERMINE,UNABLE TO DETERMINE,,NONINCAPACITATING INJURY,22,9,41.9392100697,-87.7088187145,2023,30,POINT (-87.7088187145 41.9392100697),,,,,2023-09-02,False,15,Irving Park
9606,30,NO CONTROLS,NO CONTROLS,CLEAR,"DARKNESS, LIGHTED ROAD",PEDALCYCLIST,ALLEY,STRAIGHT AND LEVEL,DRY,NO DEFECTS,,UNABLE TO DETERMINE,NOT APPLICABLE,,NONINCAPACITATING INJURY,4,9,41.9309708265,-87.7590083624,2023,30,POINT (-87.7590083624 41.9309708265),,,,,2023-09-03,False,18,Belmont Cragin
9607,30,TRAFFIC SIGNAL,FUNCTIONING PROPERLY,CLEAR,DAWN,PEDALCYCLIST,NOT DIVIDED,STRAIGHT AND LEVEL,DRY,NO DEFECTS,Y,UNABLE TO DETERMINE,NOT APPLICABLE,,NONINCAPACITATING INJURY,15,9,41.8121305219,-87.6652082529,2023,30,POINT (-87.6652082529 41.8121305219),,,,,2023-09-03,False,60,New City
9608,30,NO CONTROLS,NO CONTROLS,CLEAR,DAYLIGHT,PEDALCYCLIST,NOT DIVIDED,STRAIGHT AND LEVEL,DRY,NO DEFECTS,,FAILING TO YIELD RIGHT-OF-WAY,UNABLE TO DETERMINE,,"REPORTED, NOT EVIDENT",15,9,41.910410939,-87.6888991545,2023,30,POINT (-87.6888991545 41.910410939),,,,,2023-09-03,False,23,West Town
9609,30,STOP SIGN/FLASHER,FUNCTIONING PROPERLY,CLEAR,DAYLIGHT,PEDALCYCLIST,NOT DIVIDED,STRAIGHT AND LEVEL,DRY,NO DEFECTS,Y,DISREGARDING STOP SIGN,NOT APPLICABLE,,NONINCAPACITATING INJURY,17,9,41.9038203738,-87.69704968,2023,30,POINT (-87.69704968 41.9038203738),,,,,2023-09-03,False,22,Humboldt Park
9610,30,NO CONTROLS,NO CONTROLS,CLEAR,"DARKNESS, LIGHTED ROAD",PEDALCYCLIST,NOT DIVIDED,STRAIGHT AND LEVEL,DRY,NO DEFECTS,,IMPROPER OVERTAKING/PASSING,UNABLE TO DETERMINE,,INCAPACITATING INJURY,22,9,41.9477740417,-87.6760071992,2023,30,POINT (-87.6760071992 41.9477740417),,,,,2023-09-03,True,4,North Center
9611,35,STOP SIGN/FLASHER,FUNCTIONING PROPERLY,CLEAR,DAYLIGHT,PEDALCYCLIST,FOUR WAY,STRAIGHT AND LEVEL,DRY,NO DEFECTS,,FAILING TO YIELD RIGHT-OF-WAY,NOT APPLICABLE,,NO INDICATION OF INJURY,11,9,41.7760003307,-87.7715680845,2023,35,POINT (-87.7715680845 41.7760003307),,,,,2023-09-04,False,63,Clearing
9612,30,NO CONTROLS,NO CONTROLS,CLEAR,DAYLIGHT,PEDALCYCLIST,NOT DIVIDED,STRAIGHT AND LEVEL,DRY,NO DEFECTS,,UNABLE TO DETERMINE,NOT APPLICABLE,,NONINCAPACITATING INJURY,15,9,41.9176283528,-87.6941130698,2023,30,POINT (-87.6941130698 41.9176283528),,,,,2023-09-04,False,21,Logan Square
9613,30,STOP SIGN/FLASHER,FUNCTIONING PROPERLY,CLEAR,DAYLIGHT,PEDALCYCLIST,OTHER,STRAIGHT AND LEVEL,DRY,NO DEFECTS,Y,FAILING TO YIELD RIGHT-OF-WAY,NOT APPLICABLE,,NONINCAPACITATING INJURY,17,9,41.9437859128,-87.7861418676,2023,30,POINT (-87.7861418676 41.9437859128),,,,,2023-09-04,False,14,Portage Park
9614,30,TRAFFIC SIGNAL,FUNCTIONING PROPERLY,CLEAR,DARKNESS,PEDALCYCLIST,FOUR WAY,STRAIGHT AND LEVEL,DRY,NO DEFECTS,Y,DISREGARDING TRAFFIC SIGNALS,NOT APPLICABLE,Y,NONINCAPACITATING INJURY,21,9,41.8306953352,-87.6462509158,2023,30,POINT (-87.6462509158 41.8306953352),,,,,2023-09-04,False,59,Bridgeport
9615,35,NO CONTROLS,NO CONTROLS,CLEAR,DAWN,PEDALCYCLIST,FOUR WAY,STRAIGHT AND LEVEL,DRY,NO DEFECTS,Y,UNABLE TO DETERMINE,NOT APPLICABLE,N,NONINCAPACITATING INJURY,21,9,42.0118834449,-87.6903881345,2023,35,POINT (-87.6903881345 42.0118834449),,,,,2023-09-04,False,1,West Ridge
9616,15,STOP SIGN/FLASHER,FUNCTIONING PROPERLY,CLEAR,DAYLIGHT,PEDALCYCLIST,FOUR WAY,STRAIGHT AND LEVEL,DRY,UNKNOWN,Y,FAILING TO YIELD RIGHT-OF-WAY,NOT APPLICABLE,,NONINCAPACITATING INJURY,7,9,42.007666564,-87.6999104352,2023,15,POINT (-87.6999104352 42.007666564),,,,,2023-09-05,False,1,West Ridge
9617,30,NO CONTROLS,NO CONTROLS,CLEAR,DAYLIGHT,PEDALCYCLIST,DIVIDED - W/MEDIAN (NOT RAISED),STRAIGHT AND LEVEL,DRY,NO DEFECTS,,NOT APPLICABLE,NOT APPLICABLE,N,"REPORTED, NOT EVIDENT",9,9,42.007809188,-87.7618291617,2023,30,POINT (-87.7618291617 42.007809188),,,,,2023-09-05,False,11,Forest Glen
9618,30,NO CONTROLS,NO CONTROLS,CLEAR,DAYLIGHT,PEDALCYCLIST,ONE-WAY,STRAIGHT AND LEVEL,DRY,NO DEFECTS,,UNABLE TO DETERMINE,UNABLE TO DETERMINE,,"REPORTED, NOT EVIDENT",11,9,41.8820426442,-87.635386679,2023,30,POINT (-87.635386679 41.8820426442),,,,,2023-09-05,False,27,Near West Side
9619,30,TRAFFIC SIGNAL,FUNCTIONING PROPERLY,CLEAR,DAYLIGHT,PEDALCYCLIST,NOT DIVIDED,STRAIGHT AND LEVEL,DRY,NO DEFECTS,,UNABLE TO DETERMINE,IMPROPER OVERTAKING/PASSING,,NONINCAPACITATING INJURY,13,9,41.8394325545,-87.646459373,2023,30,POINT (-87.646459373 41.8394325545),,,,,2023-09-05,False,30,Lower West Side
9620,30,STOP SIGN/FLASHER,FUNCTIONING PROPERLY,CLEAR,DAYLIGHT,PEDALCYCLIST,FOUR WAY,STRAIGHT AND LEVEL,DRY,UNKNOWN,Y,FAILING TO YIELD RIGHT-OF-WAY,DISREGARDING STOP SIGN,,NO INDICATION OF INJURY,15,9,41.8867246137,-87.6569860308,2023,30,POINT (-87.6569860308 41.8867246137),,,,,2023-09-05,False,7,Near North Side
9621,30,NO CONTROLS,NO CONTROLS,CLEAR,DAYLIGHT,PEDALCYCLIST,NOT DIVIDED,STRAIGHT AND LEVEL,DRY,NO DEFECTS,,UNABLE TO DETERMINE,NOT APPLICABLE,,"REPORTED, NOT EVIDENT",17,9,41.8956900758,-87.7040490245,2023,30,POINT (-87.7040490245 41.8956900758),,,,,2023-09-05,False,22,Humboldt Park
9622,30,NO CONTROLS,NO CONTROLS,CLEAR,DAYLIGHT,PEDALCYCLIST,NOT DIVIDED,STRAIGHT AND LEVEL,UNKNOWN,UNKNOWN,,IMPROPER LANE USAGE,NOT APPLICABLE,,NO INDICATION OF INJURY,18,9,41.9990144053,-87.6995400861,2023,30,POINT (-87.6995400861 41.9990144053),,,,,2023-09-05,False,1,West Ridge
9623,30,NO CONTROLS,NO CONTROLS,CLEAR,"DARKNESS, LIGHTED ROAD",PEDALCYCLIST,ONE-WAY,STRAIGHT AND LEVEL,DRY,UNKNOWN,,UNABLE TO DETERMINE,NOT APPLICABLE,,NO INDICATION OF INJURY,19,9,41.8940217087,-87.6899829746,2023,30,POINT (-87.6899829746 41.8940217087),,,,,2023-09-05,False,23,West Town
9624,30,NO CONTROLS,NO CONTROLS,CLEAR,DAYLIGHT,PEDALCYCLIST,ONE-WAY,STRAIGHT AND LEVEL,WET,UNKNOWN,,DRIVING SKILLS/KNOWLEDGE/EXPERIENCE,DRIVING SKILLS/KNOWLEDGE/EXPERIENCE,,NONINCAPACITATING INJURY,9,9,41.8769973129,-87.6304165432,2023,30,POINT (-87.6304165432 41.8769973129),,,,,2023-09-06,False,31,Loop
9625,30,UNKNOWN,UNKNOWN,CLEAR,DAYLIGHT,PEDALCYCLIST,RAMP,STRAIGHT AND LEVEL,UNKNOWN,UNKNOWN,N,UNABLE TO DETERMINE,NOT APPLICABLE,,NONINCAPACITATING INJURY,10,9,41.8302983107,-87.6949483742,2023,30,POINT (-87.6949483742 41.8302983107),,,,,2023-09-06,False,29,South Lawndale
9626,30,OTHER,OTHER,CLEAR,DAYLIGHT,PEDALCYCLIST,NOT DIVIDED,STRAIGHT AND LEVEL,DRY,NO DEFECTS,,NOT APPLICABLE,NOT APPLICABLE,Y,NONINCAPACITATING INJURY,11,9,41.8355537844,-87.646070715,2023,30,POINT (-87.646070715 41.8355537844),,,,,2023-09-06,False,30,Lower West Side
9627,30,UNKNOWN,UNKNOWN,CLEAR,DAYLIGHT,PEDALCYCLIST,NOT DIVIDED,STRAIGHT AND LEVEL,DRY,NO DEFECTS,,UNABLE TO DETERMINE,UNABLE TO DETERMINE,,NO INDICATION OF INJURY,11,9,41.899530672,-87.6268078711,2023,30,POINT (-87.6268078711 41.899530672),,,,,2023-09-06,False,7,Near North Side
9628,30,UNKNOWN,UNKNOWN,CLEAR,DAYLIGHT,PEDALCYCLIST,ALLEY,STRAIGHT AND LEVEL,UNKNOWN,UNKNOWN,,FAILING TO YIELD RIGHT-OF-WAY,NOT APPLICABLE,,NO INDICATION OF INJURY,12,9,41.9030413695,-87.6960695012,2023,30,POINT (-87.6960695012 41.9030413695),,,,,2023-09-06,False,22,Humboldt Park
9629,30,NO CONTROLS,NO CONTROLS,CLEAR,DAYLIGHT,PEDALCYCLIST,DIVIDED - W/MEDIAN (NOT RAISED),STRAIGHT AND LEVEL,DRY,NO DEFECTS,,UNABLE TO DETERMINE,UNABLE TO DETERMINE,,NO INDICATION OF INJURY,17,9,41.972764083,-87.6989753535,2023,30,POINT (-87.6989753535 41.972764083),,,,,2023-09-06,False,3,Lincoln Square
9630,30,NO CONTROLS,NO CONTROLS,CLEAR,DAYLIGHT,PEDALCYCLIST,DRIVEWAY,STRAIGHT AND LEVEL,DRY,UNKNOWN,,FAILING TO YIELD RIGHT-OF-WAY,UNABLE TO DETERMINE,,NONINCAPACITATING INJURY,18,9,41.8701796909,-87.6793062985,2023,30,POINT (-87.6793062985 41.8701796909),,,,,2023-09-06,False,27,Near West Side
9631,30,TRAFFIC SIGNAL,FUNCTIONING PROPERLY,CLEAR,DAYLIGHT,PEDALCYCLIST,FOUR WAY,STRAIGHT AND LEVEL,DRY,NO DEFECTS,N,UNABLE TO DETERMINE,NOT APPLICABLE,,NO INDICATION OF INJURY,7,9,41.8907352927,-87.6843971132,2023,30,POINT (-87.6843971132 41.8907352927),,,,,2023-09-07,False,23,West Town
9632,30,STOP SIGN/FLASHER,UNKNOWN,UNKNOWN,UNKNOWN,PEDALCYCLIST,UNKNOWN,STRAIGHT AND LEVEL,UNKNOWN,UNKNOWN,Y,NOT APPLICABLE,NOT APPLICABLE,,NONINCAPACITATING INJURY,8,9,41.9940230195,-87.7033072311,2023,30,POINT (-87.7033072311 41.9940230195),,,,,2023-09-07,False,1,West Ridge
9633,15,NO CONTROLS,NO CONTROLS,CLEAR,DAYLIGHT,PEDALCYCLIST,ALLEY,STRAIGHT AND LEVEL,DRY,NO DEFECTS,Y,UNABLE TO DETERMINE,NOT APPLICABLE,,NONINCAPACITATING INJURY,8,9,41.7881416663,-87.7054495914,2023,15,POINT (-87.7054495914 41.7881416663),,,,,2023-09-07,False,62,Gage Park
9634,30,TRAFFIC SIGNAL,FUNCTIONING PROPERLY,CLEAR,DAYLIGHT,PEDALCYCLIST,FOUR WAY,STRAIGHT AND LEVEL,DRY,NO DEFECTS,Y,UNABLE TO DETERMINE,NOT APPLICABLE,,NONINCAPACITATING INJURY,9,9,41.8957962445,-87.6549535956,2023,30,POINT (-87.6549535956 41.8957962445),,,,,2023-09-07,False,7,Near North Side
9635,25,NO CONTROLS,NO CONTROLS,CLEAR,DAYLIGHT,PEDALCYCLIST,NOT DIVIDED,STRAIGHT AND LEVEL,DRY,NO DEFECTS,,UNABLE TO DETERMINE,UNABLE TO DETERMINE,,NO INDICATION OF INJURY,16,9,41.8818720029,-87.6485042769,2023,25,POINT (-87.6485042769 41.8818720029),,,,,2023-09-07,False,27,Near West Side
9636,30,NO CONTROLS,NO CONTROLS,CLEAR,"DARKNESS, LIGHTED ROAD",PEDALCYCLIST,NOT DIVIDED,STRAIGHT AND LEVEL,DRY,UNKNOWN,,UNABLE TO DETERMINE,UNABLE TO DETERMINE,,NONINCAPACITATING INJURY,20,9,41.8960191113,-87.6636999699,2023,30,POINT (-87.6636999699 41.8960191113),,,,,2023-09-07,False,23,West Town
9637,35,TRAFFIC SIGNAL,FUNCTIONING PROPERLY,CLEAR,"DARKNESS, LIGHTED ROAD",PEDALCYCLIST,T-INTERSECTION,STRAIGHT AND LEVEL,DRY,NO DEFECTS,Y,IMPROPER TURNING/NO SIGNAL,FAILING TO YIELD RIGHT-OF-WAY,,NONINCAPACITATING INJURY,22,9,41.9434022184,-87.6406854366,2023,35,POINT (-87.6406854366 41.9434022184),,,,,2023-09-07,False,5,Lake View
9638,30,TRAFFIC SIGNAL,FUNCTIONING PROPERLY,CLEAR,DARKNESS,PEDALCYCLIST,FOUR WAY,STRAIGHT AND LEVEL,DRY,NO DEFECTS,,DISREGARDING OTHER TRAFFIC SIGNS,BICYCLE ADVANCING LEGALLY ON RED LIGHT,,NO INDICATION OF INJURY,23,9,41.8239227121,-87.6171458852,2023,30,POINT (-87.6171458852 41.8239227121),,,,,2023-09-07,False,34,Douglas