Unnamed: 0,POSTED_SPEED_LIMIT,TRAFFIC_CONTROL_DEVICE,DEVICE_CONDITION,WEATHER_CONDITION,LIGHTING_CONDITION,FIRST_CRASH_TYPE,TRAFFICWAY_TYPE,ALIGNMENT,ROADWAY_SURFACE_COND,ROAD_DEFECT,INTERSECTION_RELATED_I,PRIM_CONTRIBUTORY_CAUSE,SEC_CONTRIBUTORY_CAUSE,DOORING_I,MOST_SEVERE_INJURY,CRASH_HOUR,CRASH_MONTH,LATITUDE,LONGITUDE,CRASH_YEAR,SPEED_LIMIT,geometry,DISPLAYROU,the_geom,DIST,LANE_TYPE,CRASH_DATE,is_severe,index_right,CArea
9639,15,NO CONTROLS,NO CONTROLS,CLEAR,DAYLIGHT,PEDALCYCLIST,ALLEY,STRAIGHT AND LEVEL,DRY,NO DEFECTS,,FAILING TO YIELD RIGHT-OF-WAY,UNABLE TO DETERMINE,,NONINCAPACITATING INJURY,7,9,41.9669002802,-87.7773873268,2023,15,POINT (-87.7773873268 41.9669002802),,,,,2023-09-08,False,14,Portage Park
9640,30,NO CONTROLS,NO CONTROLS,CLEAR,DAYLIGHT,PEDALCYCLIST,NOT DIVIDED,STRAIGHT AND LEVEL,DRY,UNKNOWN,,FAILING TO YIELD RIGHT-OF-WAY,FAILING TO YIELD RIGHT-OF-WAY,,NONINCAPACITATING INJURY,14,9,41.8230714912,-87.6857359735,2023,30,POINT (-87.6857359735 41.8230714912),,,,,2023-09-08,False,57,Brighton Park
9641,30,NO CONTROLS,NO CONTROLS,CLEAR,"DARKNESS, LIGHTED ROAD",PEDALCYCLIST,ONE-WAY,STRAIGHT AND LEVEL,DRY,NO DEFECTS,,NOT APPLICABLE,NOT APPLICABLE,,NO INDICATION OF INJURY,22,9,41.9251339947,-87.7073774104,2023,30,POINT (-87.7073774104 41.9251339947),,,,,2023-09-08,False,21,Logan Square
9642,30,TRAFFIC SIGNAL,FUNCTIONING PROPERLY,CLEAR,DAYLIGHT,PEDALCYCLIST,FOUR WAY,STRAIGHT AND LEVEL,DRY,NO DEFECTS,Y,UNABLE TO DETERMINE,UNABLE TO DETERMINE,,NO INDICATION OF INJURY,12,9,41.8542046704,-87.6661979612,2023,30,POINT (-87.6661979612 41.8542046704),,,,,2023-09-09,False,30,Lower West Side
9643,30,TRAFFIC SIGNAL,FUNCTIONING PROPERLY,CLEAR,DAYLIGHT,PEDALCYCLIST,"FIVE POINT, OR MORE",STRAIGHT AND LEVEL,DRY,NO DEFECTS,Y,UNABLE TO DETERMINE,UNABLE TO DETERMINE,,NONINCAPACITATING INJURY,13,9,41.9518070575,-87.744932181,2023,30,POINT (-87.744932181 41.9518070575),,,,,2023-09-09,False,14,Portage Park
9644,30,NO CONTROLS,NO CONTROLS,CLEAR,DAYLIGHT,PEDALCYCLIST,DIVIDED - W/MEDIAN (NOT RAISED),STRAIGHT AND LEVEL,DRY,NO DEFECTS,,DISREGARDING ROAD MARKINGS,IMPROPER LANE USAGE,,NONINCAPACITATING INJURY,13,9,41.9401955803,-87.6688554797,2023,30,POINT (-87.6688554797 41.9401955803),,,,,2023-09-09,False,5,Lake View
9645,25,NO CONTROLS,NO CONTROLS,CLEAR,DAYLIGHT,PEDALCYCLIST,NOT DIVIDED,STRAIGHT AND LEVEL,DRY,NO DEFECTS,,UNABLE TO DETERMINE,UNABLE TO DETERMINE,,NONINCAPACITATING INJURY,18,9,41.8660297064,-87.64673571,2023,25,POINT (-87.64673571 41.8660297064),,,,,2023-09-09,False,27,Near West Side
9646,30,STOP SIGN/FLASHER,UNKNOWN,CLEAR,DUSK,PEDALCYCLIST,FOUR WAY,STRAIGHT AND LEVEL,DRY,UNKNOWN,,FAILING TO YIELD RIGHT-OF-WAY,DISREGARDING STOP SIGN,,NONINCAPACITATING INJURY,18,9,41.7026813675,-87.6730559364,2023,30,POINT (-87.6730559364 41.7026813675),,,,,2023-09-09,False,71,Beverly
9647,30,NO CONTROLS,NO CONTROLS,CLEAR,"DARKNESS, LIGHTED ROAD",PEDALCYCLIST,NOT DIVIDED,STRAIGHT AND LEVEL,DRY,NO DEFECTS,,UNABLE TO DETERMINE,UNABLE TO DETERMINE,Y,NO INDICATION OF INJURY,20,9,41.8896342529,-87.6297442999,2023,30,POINT (-87.6297442999 41.8896342529),,,,,2023-09-09,False,7,Near North Side
9648,25,NO CONTROLS,NO CONTROLS,CLEAR,DARKNESS,PEDALCYCLIST,NOT DIVIDED,STRAIGHT AND LEVEL,DRY,NO DEFECTS,,UNABLE TO DETERMINE,UNABLE TO DETERMINE,,NO INDICATION OF INJURY,21,9,41.8670455815,-87.6468275,2023,25,POINT (-87.6468275 41.8670455815),,,,,2023-09-09,False,27,Near West Side
9649,30,TRAFFIC SIGNAL,FUNCTIONING PROPERLY,UNKNOWN,DARKNESS,PEDALCYCLIST,NOT DIVIDED,STRAIGHT AND LEVEL,UNKNOWN,NO DEFECTS,Y,DISREGARDING TRAFFIC SIGNALS,NOT APPLICABLE,,NONINCAPACITATING INJURY,12,9,41.9469085004,-87.6787005544,2023,30,POINT (-87.6787005544 41.9469085004),,,,,2023-09-10,False,4,North Center
9650,30,STOP SIGN/FLASHER,FUNCTIONING PROPERLY,CLEAR,DAYLIGHT,PEDALCYCLIST,FOUR WAY,STRAIGHT AND LEVEL,DRY,NO DEFECTS,Y,UNABLE TO DETERMINE,UNABLE TO DETERMINE,,NONINCAPACITATING INJURY,14,9,41.9153227123,-87.7190991989,2023,30,POINT (-87.7190991989 41.9153227123),,,,,2023-09-10,False,21,Logan Square
9651,30,NO CONTROLS,NO CONTROLS,CLEAR,DAYLIGHT,PEDALCYCLIST,DIVIDED - W/MEDIAN (NOT RAISED),STRAIGHT AND LEVEL,DRY,NO DEFECTS,,IMPROPER TURNING/NO SIGNAL,FAILING TO YIELD RIGHT-OF-WAY,,"REPORTED, NOT EVIDENT",15,9,41.9401867226,-87.642384513,2023,30,POINT (-87.642384513 41.9401867226),,,,,2023-09-10,False,5,Lake View
9652,30,NO CONTROLS,NO CONTROLS,CLEAR,DAYLIGHT,PEDALCYCLIST,DIVIDED - W/MEDIAN (NOT RAISED),STRAIGHT AND LEVEL,DRY,NO DEFECTS,,UNABLE TO DETERMINE,UNABLE TO DETERMINE,,"REPORTED, NOT EVIDENT",16,9,41.906618575,-87.7015014578,2023,30,POINT (-87.7015014578 41.906618575),,,,,2023-09-10,False,22,Humboldt Park
9653,25,NO CONTROLS,NO CONTROLS,CLEAR,DAYLIGHT,PEDALCYCLIST,NOT DIVIDED,STRAIGHT AND LEVEL,DRY,NO DEFECTS,,FAILING TO YIELD RIGHT-OF-WAY,UNABLE TO DETERMINE,Y,NONINCAPACITATING INJURY,17,9,41.8526847127,-87.6466432337,2023,25,POINT (-87.6466432337 41.8526847127),,,,,2023-09-10,False,30,Lower West Side
9654,20,NO CONTROLS,NO CONTROLS,CLEAR,DAYLIGHT,PEDALCYCLIST,ONE-WAY,STRAIGHT AND LEVEL,DRY,WORN SURFACE,,FAILING TO YIELD RIGHT-OF-WAY,UNABLE TO DETERMINE,,"REPORTED, NOT EVIDENT",18,9,41.971994827,-87.7068728916,2023,20,POINT (-87.7068728916 41.971994827),,,,,2023-09-10,False,3,Lincoln Square
9655,30,NO CONTROLS,NO CONTROLS,CLEAR,DAYLIGHT,PEDALCYCLIST,NOT DIVIDED,STRAIGHT AND LEVEL,DRY,NO DEFECTS,,UNABLE TO DETERMINE,UNABLE TO DETERMINE,Y,NONINCAPACITATING INJURY,18,9,41.9100751455,-87.6348235849,2023,30,POINT (-87.6348235849 41.9100751455),,,,,2023-09-10,False,7,Near North Side
9656,30,TRAFFIC SIGNAL,FUNCTIONING PROPERLY,CLEAR,DARKNESS,PEDALCYCLIST,FOUR WAY,STRAIGHT AND LEVEL,DRY,NO DEFECTS,,FAILING TO YIELD RIGHT-OF-WAY,DISREGARDING TRAFFIC SIGNALS,,NO INDICATION OF INJURY,19,9,41.8951282894,-87.7115719478,2023,30,POINT (-87.7115719478 41.8951282894),,,,,2023-09-10,False,22,Humboldt Park
9657,30,TRAFFIC SIGNAL,FUNCTIONING PROPERLY,CLEAR,DARKNESS,PEDALCYCLIST,ONE-WAY,STRAIGHT AND LEVEL,DRY,NO DEFECTS,,UNABLE TO DETERMINE,UNABLE TO DETERMINE,Y,INCAPACITATING INJURY,4,9,41.8992550556,-87.627834638,2023,30,POINT (-87.627834638 41.8992550556),,,,,2023-09-11,True,7,Near North Side
9658,30,TRAFFIC SIGNAL,FUNCTIONING PROPERLY,RAIN,DAYLIGHT,PEDALCYCLIST,NOT DIVIDED,STRAIGHT AND LEVEL,WET,NO DEFECTS,,IMPROPER TURNING/NO SIGNAL,NOT APPLICABLE,,NONINCAPACITATING INJURY,6,9,41.7949574448,-87.723356565,2023,30,POINT (-87.723356565 41.7949574448),,,,,2023-09-11,False,61,West Elsdon
9659,30,NO CONTROLS,NO CONTROLS,RAIN,DAYLIGHT,PEDALCYCLIST,RAMP,STRAIGHT ON GRADE,WET,NO DEFECTS,Y,DRIVING SKILLS/KNOWLEDGE/EXPERIENCE,NOT APPLICABLE,,"REPORTED, NOT EVIDENT",8,9,41.9328312254,-87.6489491745,2023,30,POINT (-87.6489491745 41.9328312254),,,,,2023-09-11,False,5,Lake View
9660,30,STOP SIGN/FLASHER,UNKNOWN,RAIN,DAYLIGHT,PEDALCYCLIST,FOUR WAY,STRAIGHT AND LEVEL,WET,UNKNOWN,,UNABLE TO DETERMINE,UNABLE TO DETERMINE,,NONINCAPACITATING INJURY,13,9,41.6913947101,-87.6683936696,2023,30,POINT (-87.6683936696 41.6913947101),,,,,2023-09-11,False,74,Morgan Park
9661,30,NO CONTROLS,NO CONTROLS,RAIN,DARKNESS,PEDALCYCLIST,NOT DIVIDED,STRAIGHT AND LEVEL,WET,UNKNOWN,,UNABLE TO DETERMINE,UNABLE TO DETERMINE,,NONINCAPACITATING INJURY,21,9,41.9321193139,-87.7075769092,2023,30,POINT (-87.7075769092 41.9321193139),,,,,2023-09-11,False,20,Avondale
9662,30,STOP SIGN/FLASHER,FUNCTIONING PROPERLY,RAIN,"DARKNESS, LIGHTED ROAD",PEDALCYCLIST,ROUNDABOUT,STRAIGHT AND LEVEL,WET,UNKNOWN,,UNABLE TO DETERMINE,NOT APPLICABLE,,NO INDICATION OF INJURY,21,9,41.9430335296,-87.7291712406,2023,30,POINT (-87.7291712406 41.9430335296),,,,,2023-09-11,False,15,Irving Park
9663,30,NO CONTROLS,NO CONTROLS,CLEAR,DAYLIGHT,PEDALCYCLIST,OTHER,STRAIGHT AND LEVEL,DRY,NO DEFECTS,,FAILING TO YIELD RIGHT-OF-WAY,UNABLE TO DETERMINE,,NO INDICATION OF INJURY,8,9,41.8819027505,-87.6351640598,2023,30,POINT (-87.6351640598 41.8819027505),,,,,2023-09-12,False,27,Near West Side
9664,30,NO CONTROLS,NO CONTROLS,CLEAR,DAYLIGHT,PEDALCYCLIST,NOT DIVIDED,STRAIGHT AND LEVEL,DRY,NO DEFECTS,,NOT APPLICABLE,NOT APPLICABLE,,"REPORTED, NOT EVIDENT",9,9,41.9905932137,-87.6921619627,2023,30,POINT (-87.6921619627 41.9905932137),,,,,2023-09-12,False,1,West Ridge
9665,30,NO CONTROLS,NO CONTROLS,CLEAR,DAYLIGHT,PEDALCYCLIST,NOT DIVIDED,STRAIGHT AND LEVEL,DRY,NO DEFECTS,,UNABLE TO DETERMINE,UNABLE TO DETERMINE,,NONINCAPACITATING INJURY,12,9,41.9794282549,-87.6598058547,2023,30,POINT (-87.6598058547 41.9794282549),,,,,2023-09-12,False,76,Edgewater
9666,30,NO CONTROLS,NO CONTROLS,CLEAR,DAYLIGHT,PEDALCYCLIST,NOT DIVIDED,STRAIGHT AND LEVEL,DRY,UNKNOWN,,FAILING TO YIELD RIGHT-OF-WAY,UNABLE TO DETERMINE,,NO INDICATION OF INJURY,13,9,41.7942609932,-87.601221717,2023,30,POINT (-87.601221717 41.7942609932),,,,,2023-09-12,False,40,Hyde Park
9667,30,STOP SIGN/FLASHER,UNKNOWN,CLEAR,DAYLIGHT,PEDALCYCLIST,FOUR WAY,STRAIGHT AND LEVEL,DRY,UNKNOWN,Y,UNABLE TO DETERMINE,UNABLE TO DETERMINE,Y,NONINCAPACITATING INJURY,15,9,41.764483525,-87.6907273764,2023,30,POINT (-87.6907273764 41.764483525),,,,,2023-09-12,False,65,Chicago Lawn
9668,30,NO CONTROLS,NO CONTROLS,CLEAR,DAYLIGHT,PEDALCYCLIST,NOT DIVIDED,STRAIGHT AND LEVEL,DRY,NO DEFECTS,Y,FAILING TO YIELD RIGHT-OF-WAY,NOT APPLICABLE,,NO INDICATION OF INJURY,15,9,41.9934794165,-87.6699819908,2023,30,POINT (-87.6699819908 41.9934794165),,,,,2023-09-12,False,76,Edgewater
9669,30,NO CONTROLS,NO CONTROLS,CLEAR,DAYLIGHT,PEDALCYCLIST,NOT DIVIDED,STRAIGHT AND LEVEL,DRY,NO DEFECTS,,FOLLOWING TOO CLOSELY,UNABLE TO DETERMINE,,NONINCAPACITATING INJURY,17,9,41.9957040683,-87.8081396708,2023,30,POINT (-87.8081396708 41.9957040683),,,,,2023-09-12,False,8,Edison Park
9670,30,TRAFFIC SIGNAL,FUNCTIONING PROPERLY,CLEAR,DAYLIGHT,PEDALCYCLIST,NOT DIVIDED,STRAIGHT AND LEVEL,DRY,UNKNOWN,Y,FAILING TO YIELD RIGHT-OF-WAY,FAILING TO YIELD RIGHT-OF-WAY,,NO INDICATION OF INJURY,17,9,41.9039038026,-87.6382934972,2023,30,POINT (-87.6382934972 41.9039038026),,,,,2023-09-12,False,7,Near North Side
9671,30,NO CONTROLS,NO CONTROLS,CLOUDY/OVERCAST,DAYLIGHT,PEDALCYCLIST,DIVIDED - W/MEDIAN (NOT RAISED),STRAIGHT AND LEVEL,DRY,NO DEFECTS,,UNABLE TO DETERMINE,UNABLE TO DETERMINE,,NO INDICATION OF INJURY,7,9,41.8978975991,-87.6582049268,2023,30,POINT (-87.6582049268 41.8978975991),,,,,2023-09-13,False,7,Near North Side
9672,30,NO CONTROLS,NO CONTROLS,CLEAR,DAYLIGHT,PEDALCYCLIST,DIVIDED - W/MEDIAN (NOT RAISED),STRAIGHT AND LEVEL,DRY,NO DEFECTS,,FAILING TO YIELD RIGHT-OF-WAY,FAILING TO REDUCE SPEED TO AVOID CRASH,,NO INDICATION OF INJURY,8,9,41.9298489966,-87.6846437835,2023,30,POINT (-87.6846437835 41.9298489966),,,,,2023-09-13,False,21,Logan Square
9673,30,TRAFFIC SIGNAL,UNKNOWN,CLEAR,DAYLIGHT,PEDALCYCLIST,NOT DIVIDED,STRAIGHT AND LEVEL,DRY,NO DEFECTS,,UNABLE TO DETERMINE,NOT APPLICABLE,,INCAPACITATING INJURY,9,9,41.9875586826,-87.8452963207,2023,30,POINT (-87.8452963207 41.9875586826),,,,,2023-09-13,True,75,O'Hare
9674,35,NO CONTROLS,NO CONTROLS,CLEAR,DAYLIGHT,PEDALCYCLIST,NOT DIVIDED,STRAIGHT AND LEVEL,DRY,UNKNOWN,,UNABLE TO DETERMINE,NOT APPLICABLE,,NONINCAPACITATING INJURY,18,9,41.8536313356,-87.7344251835,2023,35,POINT (-87.7344251835 41.8536313356),,,,,2023-09-13,False,28,North Lawndale
9675,30,TRAFFIC SIGNAL,FUNCTIONING PROPERLY,CLEAR,"DARKNESS, LIGHTED ROAD",PEDALCYCLIST,NOT DIVIDED,STRAIGHT AND LEVEL,DRY,NO DEFECTS,Y,UNABLE TO DETERMINE,UNABLE TO DETERMINE,,NO INDICATION OF INJURY,23,9,41.9283643926,-87.7123489669,2023,30,POINT (-87.7123489669 41.9283643926),,,,,2023-09-13,False,21,Logan Square
9676,30,STOP SIGN/FLASHER,FUNCTIONING PROPERLY,CLEAR,DAYLIGHT,PEDALCYCLIST,NOT DIVIDED,STRAIGHT AND LEVEL,DRY,UNKNOWN,Y,"VISION OBSCURED (SIGNS, TREE LIMBS, BUILDINGS, ETC.)","VISION OBSCURED (SIGNS, TREE LIMBS, BUILDINGS, ETC.)",N,NONINCAPACITATING INJURY,7,9,41.969845334,-87.7576308681,2023,30,POINT (-87.7576308681 41.969845334),,,,,2023-09-14,False,10,Jefferson Park
9677,30,NO CONTROLS,NO CONTROLS,CLEAR,DAYLIGHT,PEDALCYCLIST,ROUNDABOUT,STRAIGHT AND LEVEL,DRY,NO DEFECTS,,"VISION OBSCURED (SIGNS, TREE LIMBS, BUILDINGS, ETC.)",NOT APPLICABLE,,NONINCAPACITATING INJURY,8,9,41.8679959411,-87.6286804221,2023,30,POINT (-87.6286804221 41.8679959411),,,,,2023-09-14,False,31,Loop
9678,25,STOP SIGN/FLASHER,FUNCTIONING PROPERLY,CLEAR,DAYLIGHT,PEDALCYCLIST,FOUR WAY,STRAIGHT AND LEVEL,DRY,NO DEFECTS,Y,FAILING TO YIELD RIGHT-OF-WAY,NOT APPLICABLE,,NO INDICATION OF INJURY,12,9,41.8878408029,-87.6545952653,2023,25,POINT (-87.6545952653 41.8878408029),,,,,2023-09-14,False,7,Near North Side
9679,30,TRAFFIC SIGNAL,FUNCTIONING PROPERLY,CLEAR,DAYLIGHT,PEDALCYCLIST,FOUR WAY,STRAIGHT AND LEVEL,DRY,NO DEFECTS,Y,DISREGARDING TRAFFIC SIGNALS,DRIVING ON WRONG SIDE/WRONG WAY,Y,NONINCAPACITATING INJURY,13,9,41.8408371818,-87.6659703317,2023,30,POINT (-87.6659703317 41.8408371818),,,,,2023-09-14,False,30,Lower West Side
9680,30,TRAFFIC SIGNAL,FUNCTIONING PROPERLY,CLEAR,DAYLIGHT,PEDALCYCLIST,FOUR WAY,STRAIGHT AND LEVEL,DRY,NO DEFECTS,Y,DISREGARDING OTHER TRAFFIC SIGNS,NOT APPLICABLE,,"REPORTED, NOT EVIDENT",17,9,41.758068532,-87.6265169823,2023,30,POINT (-87.6265169823 41.758068532),,,,,2023-09-14,False,68,Grand Crossing
9681,30,NO CONTROLS,NO CONTROLS,CLEAR,DAYLIGHT,PEDALCYCLIST,NOT DIVIDED,STRAIGHT AND LEVEL,DRY,UNKNOWN,Y,FAILING TO YIELD RIGHT-OF-WAY,FAILING TO YIELD RIGHT-OF-WAY,,INCAPACITATING INJURY,17,9,41.8742439166,-87.6438114528,2023,30,POINT (-87.6438114528 41.8742439166),,,,,2023-09-14,True,27,Near West Side
9682,30,NO CONTROLS,NO CONTROLS,CLEAR,DAYLIGHT,PEDALCYCLIST,NOT DIVIDED,STRAIGHT AND LEVEL,DRY,NO DEFECTS,Y,FAILING TO YIELD RIGHT-OF-WAY,FAILING TO REDUCE SPEED TO AVOID CRASH,,NONINCAPACITATING INJURY,17,9,41.969218745,-87.6533382944,2023,30,POINT (-87.6533382944 41.969218745),,,,,2023-09-14,False,2,Uptown
9683,30,TRAFFIC SIGNAL,UNKNOWN,CLEAR,"DARKNESS, LIGHTED ROAD",PEDALCYCLIST,NOT DIVIDED,STRAIGHT AND LEVEL,DRY,UNKNOWN,Y,UNABLE TO DETERMINE,NOT APPLICABLE,,NO INDICATION OF INJURY,18,9,41.8508370203,-87.638628145,2023,30,POINT (-87.638628145 41.8508370203),,,,,2023-09-14,False,30,Lower West Side
9684,30,TRAFFIC SIGNAL,FUNCTIONING PROPERLY,CLEAR,DARKNESS,PEDALCYCLIST,FOUR WAY,STRAIGHT AND LEVEL,DRY,NO DEFECTS,,FAILING TO YIELD RIGHT-OF-WAY,NOT APPLICABLE,N,NONINCAPACITATING INJURY,19,9,41.9168364877,-87.7462520454,2023,30,POINT (-87.7462520454 41.9168364877),,,,,2023-09-14,False,18,Belmont Cragin
9685,30,NO CONTROLS,NO CONTROLS,CLEAR,DAYLIGHT,PEDALCYCLIST,NOT DIVIDED,STRAIGHT AND LEVEL,DRY,NO DEFECTS,Y,UNABLE TO DETERMINE,NOT APPLICABLE,,NONINCAPACITATING INJURY,9,9,41.769091599,-87.6235392277,2023,30,POINT (-87.6235392277 41.769091599),,,,,2023-09-15,False,68,Grand Crossing
9686,30,NO CONTROLS,NO CONTROLS,CLEAR,DAYLIGHT,PEDALCYCLIST,NOT DIVIDED,STRAIGHT AND LEVEL,UNKNOWN,NO DEFECTS,,NOT APPLICABLE,NOT APPLICABLE,Y,NONINCAPACITATING INJURY,10,9,42.0120980923,-87.6744041604,2023,30,POINT (-87.6744041604 42.0120980923),,,,,2023-09-15,False,0,Rogers Park
9687,30,NO CONTROLS,NO CONTROLS,CLEAR,DAYLIGHT,PEDALCYCLIST,NOT DIVIDED,STRAIGHT AND LEVEL,DRY,NO DEFECTS,,UNABLE TO DETERMINE,NOT APPLICABLE,,NONINCAPACITATING INJURY,14,9,41.9556007558,-87.6495836699,2023,30,POINT (-87.6495836699 41.9556007558),,,,,2023-09-15,False,2,Uptown
9688,30,STOP SIGN/FLASHER,FUNCTIONING PROPERLY,CLEAR,DAYLIGHT,PEDALCYCLIST,ONE-WAY,STRAIGHT AND LEVEL,DRY,NO DEFECTS,Y,UNABLE TO DETERMINE,NOT APPLICABLE,,NO INDICATION OF INJURY,16,9,41.9172964872,-87.7230396988,2023,30,POINT (-87.7230396988 41.9172964872),,,,,2023-09-15,False,19,Hermosa
9689,35,TRAFFIC SIGNAL,FUNCTIONING PROPERLY,CLEAR,DAYLIGHT,PEDALCYCLIST,NOT DIVIDED,STRAIGHT AND LEVEL,DRY,NO DEFECTS,,FAILING TO YIELD RIGHT-OF-WAY,FAILING TO REDUCE SPEED TO AVOID CRASH,,NONINCAPACITATING INJURY,16,9,41.8576430378,-87.6318500315,2023,35,POINT (-87.6318500315 41.8576430378),,,,,2023-09-15,False,32,Near South Side
9690,30,TRAFFIC SIGNAL,FUNCTIONING PROPERLY,CLEAR,DAYLIGHT,PEDALCYCLIST,FOUR WAY,STRAIGHT AND LEVEL,DRY,NO DEFECTS,Y,DRIVING ON WRONG SIDE/WRONG WAY,DRIVING ON WRONG SIDE/WRONG WAY,,NONINCAPACITATING INJURY,16,9,41.8793534777,-87.6412580732,2023,30,POINT (-87.6412580732 41.8793534777),,,,,2023-09-15,False,27,Near West Side
9691,35,NO CONTROLS,NO CONTROLS,CLEAR,DAYLIGHT,PEDALCYCLIST,NOT DIVIDED,STRAIGHT AND LEVEL,DRY,NO DEFECTS,,UNABLE TO DETERMINE,UNABLE TO DETERMINE,,INCAPACITATING INJURY,16,9,41.9480580059,-87.7111554581,2023,35,POINT (-87.7111554581 41.9480580059),,,,,2023-09-15,True,15,Irving Park
9692,30,NO CONTROLS,NO CONTROLS,UNKNOWN,UNKNOWN,PEDALCYCLIST,DIVIDED - W/MEDIAN (NOT RAISED),STRAIGHT AND LEVEL,UNKNOWN,UNKNOWN,,IMPROPER LANE USAGE,NOT APPLICABLE,,"REPORTED, NOT EVIDENT",19,9,41.8656758724,-87.6259435313,2023,30,POINT (-87.6259435313 41.8656758724),,,,,2023-09-15,False,32,Near South Side
9693,30,STOP SIGN/FLASHER,FUNCTIONING PROPERLY,CLEAR,"DARKNESS, LIGHTED ROAD",PEDALCYCLIST,ONE-WAY,STRAIGHT AND LEVEL,DRY,NO DEFECTS,Y,FAILING TO YIELD RIGHT-OF-WAY,NOT APPLICABLE,,NONINCAPACITATING INJURY,20,9,41.875167798,-87.6740502205,2023,30,POINT (-87.6740502205 41.875167798),,,,,2023-09-15,False,27,Near West Side
9694,25,OTHER,OTHER,CLEAR,"DARKNESS, LIGHTED ROAD",PEDALCYCLIST,NOT DIVIDED,STRAIGHT AND LEVEL,DRY,NO DEFECTS,,UNABLE TO DETERMINE,UNABLE TO DETERMINE,,NONINCAPACITATING INJURY,20,9,41.9168268783,-87.7456876773,2023,25,POINT (-87.7456876773 41.9168268783),,,,,2023-09-15,False,18,Belmont Cragin
9695,30,NO CONTROLS,NO CONTROLS,CLEAR,DUSK,PEDALCYCLIST,NOT DIVIDED,STRAIGHT AND LEVEL,DRY,NO DEFECTS,,FAILING TO YIELD RIGHT-OF-WAY,NOT APPLICABLE,Y,NONINCAPACITATING INJURY,20,9,41.9585757454,-87.6820239993,2023,30,POINT (-87.6820239993 41.9585757454),,,,,2023-09-15,False,4,North Center
9696,30,NO CONTROLS,NO CONTROLS,CLEAR,"DARKNESS, LIGHTED ROAD",PEDALCYCLIST,NOT DIVIDED,STRAIGHT AND LEVEL,DRY,NO DEFECTS,,FAILING TO YIELD RIGHT-OF-WAY,NOT APPLICABLE,,NO INDICATION OF INJURY,20,9,41.7223279583,-87.5778446407,2023,30,POINT (-87.5778446407 41.7223279583),,,,,2023-09-15,False,50,South Deering
9697,30,TRAFFIC SIGNAL,FUNCTIONING PROPERLY,CLEAR,"DARKNESS, LIGHTED ROAD",PEDALCYCLIST,NOT DIVIDED,STRAIGHT AND LEVEL,DRY,NO DEFECTS,,IMPROPER LANE USAGE,FAILING TO YIELD RIGHT-OF-WAY,,NO INDICATION OF INJURY,21,9,41.8765687699,-87.6520197171,2023,30,POINT (-87.6520197171 41.8765687699),,,,,2023-09-15,False,27,Near West Side
9698,30,TRAFFIC SIGNAL,FUNCTIONING PROPERLY,CLOUDY/OVERCAST,DAYLIGHT,PEDALCYCLIST,NOT DIVIDED,STRAIGHT AND LEVEL,DRY,NO DEFECTS,Y,FAILING TO YIELD RIGHT-OF-WAY,DISREGARDING ROAD MARKINGS,,NONINCAPACITATING INJURY,8,9,41.9543038301,-87.6505360414,2023,30,POINT (-87.6505360414 41.9543038301),,,,,2023-09-16,False,5,Lake View
9699,30,TRAFFIC SIGNAL,FUNCTIONING PROPERLY,CLEAR,DAYLIGHT,PEDALCYCLIST,NOT DIVIDED,STRAIGHT AND LEVEL,DRY,NO DEFECTS,Y,DISTRACTION - FROM OUTSIDE VEHICLE,IMPROPER OVERTAKING/PASSING,,NO INDICATION OF INJURY,10,9,41.8474301501,-87.6238534363,2023,30,POINT (-87.6238534363 41.8474301501),,,,,2023-09-16,False,32,Near South Side
9700,30,STOP SIGN/FLASHER,FUNCTIONING PROPERLY,CLEAR,DAYLIGHT,PEDALCYCLIST,NOT DIVIDED,STRAIGHT AND LEVEL,DRY,NO DEFECTS,Y,FAILING TO YIELD RIGHT-OF-WAY,DISREGARDING STOP SIGN,,NO INDICATION OF INJURY,11,9,41.7266826772,-87.5508863102,2023,30,POINT (-87.5508863102 41.7266826772),,,,,2023-09-16,False,45,South Chicago
9701,30,NO CONTROLS,NO CONTROLS,CLEAR,"DARKNESS, LIGHTED ROAD",PEDALCYCLIST,NOT DIVIDED,STRAIGHT AND LEVEL,DRY,UNKNOWN,,UNABLE TO DETERMINE,NOT APPLICABLE,,NONINCAPACITATING INJURY,12,9,41.9157420147,-87.6485589274,2023,30,POINT (-87.6485589274 41.9157420147),,,,,2023-09-16,False,6,Lincoln Park
9702,30,TRAFFIC SIGNAL,FUNCTIONING PROPERLY,UNKNOWN,DAYLIGHT,PEDALCYCLIST,NOT DIVIDED,STRAIGHT AND LEVEL,UNKNOWN,UNKNOWN,Y,FAILING TO YIELD RIGHT-OF-WAY,NOT APPLICABLE,,NONINCAPACITATING INJURY,13,9,41.809752145,-87.5967472765,2023,30,POINT (-87.5967472765 41.809752145),,,,,2023-09-16,False,38,Kenwood
9703,30,TRAFFIC SIGNAL,FUNCTIONING PROPERLY,RAIN,DAYLIGHT,PEDALCYCLIST,FOUR WAY,STRAIGHT AND LEVEL,WET,UNKNOWN,Y,UNABLE TO DETERMINE,UNABLE TO DETERMINE,,NONINCAPACITATING INJURY,13,9,41.8382270062,-87.6301726407,2023,30,POINT (-87.6301726407 41.8382270062),,,,,2023-09-16,False,33,Armour Square