Unnamed: 0,POSTED_SPEED_LIMIT,TRAFFIC_CONTROL_DEVICE,DEVICE_CONDITION,WEATHER_CONDITION,LIGHTING_CONDITION,FIRST_CRASH_TYPE,TRAFFICWAY_TYPE,ALIGNMENT,ROADWAY_SURFACE_COND,ROAD_DEFECT,INTERSECTION_RELATED_I,PRIM_CONTRIBUTORY_CAUSE,SEC_CONTRIBUTORY_CAUSE,DOORING_I,MOST_SEVERE_INJURY,CRASH_HOUR,CRASH_MONTH,LATITUDE,LONGITUDE,CRASH_YEAR,SPEED_LIMIT,geometry,DISPLAYROU,the_geom,DIST,LANE_TYPE,CRASH_DATE,is_severe,index_right,CArea
9704,30,NO CONTROLS,NO CONTROLS,RAIN,DAYLIGHT,PEDALCYCLIST,DIVIDED - W/MEDIAN (NOT RAISED),STRAIGHT AND LEVEL,WET,NO DEFECTS,,UNABLE TO DETERMINE,UNABLE TO DETERMINE,,"REPORTED, NOT EVIDENT",13,9,41.9520617387,-87.7768872497,2023,30,POINT (-87.7768872497 41.9520617387),,,,,2023-09-16,False,14,Portage Park
9705,30,NO CONTROLS,NO CONTROLS,CLEAR,DAYLIGHT,PEDALCYCLIST,NOT DIVIDED,STRAIGHT AND LEVEL,DRY,NO DEFECTS,,FAILING TO YIELD RIGHT-OF-WAY,NOT APPLICABLE,,NO INDICATION OF INJURY,16,9,41.9873417712,-87.6649167621,2023,30,POINT (-87.6649167621 41.9873417712),,,,,2023-09-16,False,76,Edgewater
9706,30,TRAFFIC SIGNAL,NO CONTROLS,CLEAR,DAYLIGHT,PEDALCYCLIST,NOT DIVIDED,STRAIGHT AND LEVEL,DRY,NO DEFECTS,,UNABLE TO DETERMINE,NOT APPLICABLE,,NONINCAPACITATING INJURY,16,9,41.939968911,-87.7123763362,2023,30,POINT (-87.7123763362 41.939968911),,,,,2023-09-16,False,15,Irving Park
9707,30,NO CONTROLS,NO CONTROLS,CLEAR,DAYLIGHT,PEDALCYCLIST,TRAFFIC ROUTE,STRAIGHT AND LEVEL,DRY,NO DEFECTS,Y,FAILING TO YIELD RIGHT-OF-WAY,FAILING TO YIELD RIGHT-OF-WAY,,NONINCAPACITATING INJURY,16,9,41.9557799679,-87.7082167121,2023,30,POINT (-87.7082167121 41.9557799679),,,,,2023-09-16,False,15,Irving Park
9708,30,TRAFFIC SIGNAL,FUNCTIONING PROPERLY,CLOUDY/OVERCAST,DAYLIGHT,PEDALCYCLIST,DIVIDED - W/MEDIAN (NOT RAISED),STRAIGHT AND LEVEL,DRY,UNKNOWN,,UNABLE TO DETERMINE,UNABLE TO DETERMINE,,NONINCAPACITATING INJURY,16,9,41.9411504293,-87.7273930873,2023,30,POINT (-87.7273930873 41.9411504293),,,,,2023-09-16,False,15,Irving Park
9709,30,NO CONTROLS,NO CONTROLS,CLEAR,DAYLIGHT,PEDALCYCLIST,DIVIDED - W/MEDIAN (NOT RAISED),STRAIGHT AND LEVEL,DRY,UNKNOWN,,FAILING TO YIELD RIGHT-OF-WAY,UNABLE TO DETERMINE,Y,NO INDICATION OF INJURY,17,9,41.8986416659,-87.7616679111,2023,30,POINT (-87.7616679111 41.8986416659),,,,,2023-09-16,False,24,Austin
9710,30,NO CONTROLS,NO CONTROLS,CLEAR,DAYLIGHT,PEDALCYCLIST,NOT DIVIDED,STRAIGHT AND LEVEL,DRY,NO DEFECTS,,OBSTRUCTED CROSSWALKS,"VISION OBSCURED (SIGNS, TREE LIMBS, BUILDINGS, ETC.)",Y,"REPORTED, NOT EVIDENT",17,9,41.8311924087,-87.6192891995,2023,30,POINT (-87.6192891995 41.8311924087),,,,,2023-09-16,False,34,Douglas
9711,30,STOP SIGN/FLASHER,FUNCTIONING PROPERLY,CLEAR,DAYLIGHT,PEDALCYCLIST,FOUR WAY,STRAIGHT AND LEVEL,DRY,UNKNOWN,Y,UNABLE TO DETERMINE,UNABLE TO DETERMINE,,NONINCAPACITATING INJURY,17,9,41.9379315371,-87.8036763105,2023,30,POINT (-87.8036763105 41.9379315371),,,,,2023-09-16,False,16,Dunning
9712,30,NO CONTROLS,NO CONTROLS,CLEAR,DARKNESS,PEDALCYCLIST,NOT DIVIDED,STRAIGHT AND LEVEL,DRY,NO DEFECTS,,FAILING TO YIELD RIGHT-OF-WAY,FAILING TO YIELD RIGHT-OF-WAY,,NO INDICATION OF INJURY,19,9,41.7894595677,-87.7236382143,2023,30,POINT (-87.7236382143 41.7894595677),,,,,2023-09-16,False,61,West Elsdon
9713,30,STOP SIGN/FLASHER,NO CONTROLS,CLEAR,"DARKNESS, LIGHTED ROAD",PEDALCYCLIST,FOUR WAY,STRAIGHT AND LEVEL,DRY,NO DEFECTS,Y,IMPROPER TURNING/NO SIGNAL,DISTRACTION - FROM OUTSIDE VEHICLE,,NONINCAPACITATING INJURY,23,9,41.8975100919,-87.6576021228,2023,30,POINT (-87.6576021228 41.8975100919),,,,,2023-09-16,False,7,Near North Side
9714,30,TRAFFIC SIGNAL,FUNCTIONING PROPERLY,CLEAR,DARKNESS,PEDALCYCLIST,FOUR WAY,STRAIGHT AND LEVEL,DRY,NO DEFECTS,Y,FAILING TO YIELD RIGHT-OF-WAY,NOT APPLICABLE,,NO INDICATION OF INJURY,23,9,41.9039059863,-87.6346262373,2023,30,POINT (-87.6346262373 41.9039059863),,,,,2023-09-16,False,7,Near North Side
9715,30,UNKNOWN,UNKNOWN,CLOUDY/OVERCAST,DAYLIGHT,PEDALCYCLIST,NOT DIVIDED,STRAIGHT AND LEVEL,UNKNOWN,UNKNOWN,,DRIVING SKILLS/KNOWLEDGE/EXPERIENCE,UNABLE TO DETERMINE,Y,NO INDICATION OF INJURY,13,9,41.9543615523,-87.65567633,2023,30,POINT (-87.65567633 41.9543615523),,,,,2023-09-17,False,5,Lake View
9716,30,TRAFFIC SIGNAL,FUNCTIONING PROPERLY,CLEAR,DAYLIGHT,PEDALCYCLIST,NOT DIVIDED,STRAIGHT AND LEVEL,DRY,NO DEFECTS,Y,UNABLE TO DETERMINE,UNABLE TO DETERMINE,,NONINCAPACITATING INJURY,16,9,41.8663442415,-87.7205296318,2023,30,POINT (-87.7205296318 41.8663442415),,,,,2023-09-17,False,28,North Lawndale
9717,30,TRAFFIC SIGNAL,FUNCTIONING PROPERLY,CLEAR,DAYLIGHT,PEDALCYCLIST,FOUR WAY,STRAIGHT AND LEVEL,WET,UNKNOWN,,IMPROPER TURNING/NO SIGNAL,NOT APPLICABLE,,NO INDICATION OF INJURY,17,9,41.916147281,-87.6679473535,2023,30,POINT (-87.6679473535 41.916147281),,,,,2023-09-17,False,6,Lincoln Park
9718,30,NO CONTROLS,NO CONTROLS,UNKNOWN,DUSK,PEDALCYCLIST,NOT DIVIDED,STRAIGHT AND LEVEL,UNKNOWN,UNKNOWN,,UNABLE TO DETERMINE,NOT APPLICABLE,,NO INDICATION OF INJURY,17,9,41.8274924729,-87.6097425178,2023,30,POINT (-87.6097425178 41.8274924729),,,,,2023-09-17,False,34,Douglas
9719,30,UNKNOWN,UNKNOWN,CLEAR,DAYLIGHT,PEDALCYCLIST,DIVIDED - W/MEDIAN BARRIER,STRAIGHT AND LEVEL,DRY,NO DEFECTS,Y,UNABLE TO DETERMINE,NOT APPLICABLE,,NO INDICATION OF INJURY,17,9,41.7663979775,-87.5712666552,2023,30,POINT (-87.5712666552 41.7663979775),,,,,2023-09-17,False,41,Woodlawn
9720,30,STOP SIGN/FLASHER,NO CONTROLS,CLEAR,"DARKNESS, LIGHTED ROAD",PEDALCYCLIST,NOT DIVIDED,STRAIGHT AND LEVEL,DRY,NO DEFECTS,,UNABLE TO DETERMINE,UNABLE TO DETERMINE,,NO INDICATION OF INJURY,20,9,41.792203763,-87.7949045961,2023,30,POINT (-87.7949045961 41.792203763),,,,,2023-09-17,False,55,Garfield Ridge
9721,30,TRAFFIC SIGNAL,FUNCTIONING PROPERLY,CLEAR,"DARKNESS, LIGHTED ROAD",PEDALCYCLIST,FOUR WAY,STRAIGHT AND LEVEL,DRY,NO DEFECTS,Y,FAILING TO YIELD RIGHT-OF-WAY,FAILING TO YIELD RIGHT-OF-WAY,,NONINCAPACITATING INJURY,23,9,41.8691656583,-87.6256475142,2023,30,POINT (-87.6256475142 41.8691656583),,,,,2023-09-17,False,31,Loop
9722,30,TRAFFIC SIGNAL,FUNCTIONING PROPERLY,CLEAR,DAYLIGHT,PEDALCYCLIST,FOUR WAY,STRAIGHT AND LEVEL,DRY,NO DEFECTS,,DRIVING ON WRONG SIDE/WRONG WAY,NOT APPLICABLE,,INCAPACITATING INJURY,6,9,41.8309350952,-87.6299753048,2023,30,POINT (-87.6299753048 41.8309350952),,,,,2023-09-18,True,33,Armour Square
9723,30,TRAFFIC SIGNAL,FUNCTIONING PROPERLY,CLEAR,DAYLIGHT,PEDALCYCLIST,FOUR WAY,STRAIGHT AND LEVEL,DRY,NO DEFECTS,Y,"VISION OBSCURED (SIGNS, TREE LIMBS, BUILDINGS, ETC.)",NOT APPLICABLE,,NO INDICATION OF INJURY,7,9,41.8994225569,-87.6870847765,2023,30,POINT (-87.6870847765 41.8994225569),,,,,2023-09-18,False,23,West Town
9724,30,STOP SIGN/FLASHER,FUNCTIONING PROPERLY,CLEAR,DAYLIGHT,PEDALCYCLIST,NOT DIVIDED,STRAIGHT AND LEVEL,DRY,NO DEFECTS,Y,FAILING TO YIELD RIGHT-OF-WAY,NOT APPLICABLE,,NONINCAPACITATING INJURY,8,9,41.9256401134,-87.6440508153,2023,30,POINT (-87.6440508153 41.9256401134),,,,,2023-09-18,False,6,Lincoln Park
9725,30,NO CONTROLS,NO CONTROLS,CLEAR,DAYLIGHT,PEDALCYCLIST,DIVIDED - W/MEDIAN (NOT RAISED),STRAIGHT AND LEVEL,DRY,NO DEFECTS,,NOT APPLICABLE,NOT APPLICABLE,,NO INDICATION OF INJURY,10,9,41.9444802462,-87.6495488276,2023,30,POINT (-87.6495488276 41.9444802462),,,,,2023-09-18,False,5,Lake View
9726,30,NO CONTROLS,NO CONTROLS,CLEAR,DAYLIGHT,PEDALCYCLIST,ALLEY,STRAIGHT AND LEVEL,DRY,UNKNOWN,,NOT APPLICABLE,NOT APPLICABLE,,NONINCAPACITATING INJURY,15,9,41.9755413584,-87.7182802764,2023,30,POINT (-87.7182802764 41.9755413584),,,,,2023-09-18,False,12,North Park
9727,30,OTHER,FUNCTIONING PROPERLY,CLEAR,DAYLIGHT,PEDALCYCLIST,DIVIDED - W/MEDIAN (NOT RAISED),STRAIGHT AND LEVEL,DRY,NO DEFECTS,,UNABLE TO DETERMINE,NOT APPLICABLE,Y,NONINCAPACITATING INJURY,15,9,41.9097081691,-87.6761936756,2023,30,POINT (-87.6761936756 41.9097081691),,,,,2023-09-18,False,23,West Town
9728,30,NO CONTROLS,NO CONTROLS,CLEAR,DAYLIGHT,PEDALCYCLIST,NOT DIVIDED,STRAIGHT AND LEVEL,DRY,NO DEFECTS,,FAILING TO YIELD RIGHT-OF-WAY,NOT APPLICABLE,,NONINCAPACITATING INJURY,15,9,41.7700059544,-87.6872087692,2023,30,POINT (-87.6872087692 41.7700059544),,,,,2023-09-18,False,65,Chicago Lawn
9729,30,TRAFFIC SIGNAL,FUNCTIONING PROPERLY,CLEAR,DAYLIGHT,PEDALCYCLIST,NOT DIVIDED,STRAIGHT AND LEVEL,DRY,NO DEFECTS,N,DISREGARDING TRAFFIC SIGNALS,NOT APPLICABLE,,NONINCAPACITATING INJURY,16,9,41.8897138876,-87.7257758954,2023,30,POINT (-87.7257758954 41.8897138876),,,,,2023-09-18,False,22,Humboldt Park
9730,30,NO CONTROLS,NO CONTROLS,CLEAR,DAYLIGHT,PEDALCYCLIST,FOUR WAY,STRAIGHT AND LEVEL,DRY,NO DEFECTS,Y,UNABLE TO DETERMINE,UNABLE TO DETERMINE,,NO INDICATION OF INJURY,17,9,41.8536877072,-87.6956517488,2023,30,POINT (-87.6956517488 41.8536877072),,,,,2023-09-18,False,28,North Lawndale
9731,30,TRAFFIC SIGNAL,FUNCTIONING PROPERLY,CLEAR,DAYLIGHT,PEDALCYCLIST,T-INTERSECTION,STRAIGHT AND LEVEL,DRY,NO DEFECTS,,FAILING TO REDUCE SPEED TO AVOID CRASH,UNABLE TO DETERMINE,,NONINCAPACITATING INJURY,18,9,41.9215849114,-87.6687731076,2023,30,POINT (-87.6687731076 41.9215849114),,,,,2023-09-18,False,6,Lincoln Park
9732,30,STOP SIGN/FLASHER,FUNCTIONING PROPERLY,CLEAR,DAWN,PEDALCYCLIST,TRAFFIC ROUTE,STRAIGHT AND LEVEL,DRY,NO DEFECTS,,UNABLE TO DETERMINE,NOT APPLICABLE,,NONINCAPACITATING INJURY,18,9,41.8398073922,-87.6440456066,2023,30,POINT (-87.6440456066 41.8398073922),,,,,2023-09-18,False,30,Lower West Side
9733,30,TRAFFIC SIGNAL,FUNCTIONING PROPERLY,CLEAR,"DARKNESS, LIGHTED ROAD",PEDALCYCLIST,FOUR WAY,STRAIGHT AND LEVEL,DRY,NO DEFECTS,Y,FAILING TO REDUCE SPEED TO AVOID CRASH,UNABLE TO DETERMINE,,NONINCAPACITATING INJURY,21,9,41.7872413184,-87.6059405872,2023,30,POINT (-87.6059405872 41.7872413184),,,,,2023-09-18,False,40,Hyde Park
9734,35,TRAFFIC SIGNAL,FUNCTIONING PROPERLY,RAIN,DAYLIGHT,PEDALCYCLIST,NOT DIVIDED,STRAIGHT AND LEVEL,WET,NO DEFECTS,N,FAILING TO YIELD RIGHT-OF-WAY,NOT APPLICABLE,,NONINCAPACITATING INJURY,7,9,41.8549037841,-87.6760660362,2023,35,POINT (-87.6760660362 41.8549037841),,,,,2023-09-19,False,30,Lower West Side
9735,30,TRAFFIC SIGNAL,FUNCTIONING PROPERLY,CLOUDY/OVERCAST,DAYLIGHT,PEDALCYCLIST,FOUR WAY,STRAIGHT AND LEVEL,WET,NO DEFECTS,Y,FAILING TO YIELD RIGHT-OF-WAY,UNABLE TO DETERMINE,,NONINCAPACITATING INJURY,8,9,41.9538861879,-87.6932891989,2023,30,POINT (-87.6932891989 41.9538861879),,,,,2023-09-19,False,4,North Center
9736,20,STOP SIGN/FLASHER,NO CONTROLS,RAIN,DAYLIGHT,PEDALCYCLIST,NOT DIVIDED,STRAIGHT AND LEVEL,WET,NO DEFECTS,Y,UNABLE TO DETERMINE,UNABLE TO DETERMINE,,NONINCAPACITATING INJURY,9,9,41.8932195294,-87.6719414207,2023,20,POINT (-87.6719414207 41.8932195294),,,,,2023-09-19,False,23,West Town
9737,20,NO CONTROLS,NO CONTROLS,RAIN,DAYLIGHT,PEDALCYCLIST,NOT DIVIDED,STRAIGHT AND LEVEL,WET,NO DEFECTS,,UNABLE TO DETERMINE,UNABLE TO DETERMINE,,NONINCAPACITATING INJURY,11,9,41.9094127308,-87.6262227682,2023,20,POINT (-87.6262227682 41.9094127308),,,,,2023-09-19,False,7,Near North Side
9738,15,NO CONTROLS,NO CONTROLS,RAIN,DAYLIGHT,PEDALCYCLIST,DRIVEWAY,STRAIGHT ON GRADE,WET,NO DEFECTS,,UNABLE TO DETERMINE,NOT APPLICABLE,,NONINCAPACITATING INJURY,12,9,41.8464710461,-87.6171696495,2023,15,POINT (-87.6171696495 41.8464710461),,,,,2023-09-19,False,32,Near South Side
9739,30,UNKNOWN,UNKNOWN,RAIN,DAYLIGHT,PEDALCYCLIST,NOT DIVIDED,STRAIGHT AND LEVEL,WET,UNKNOWN,,UNABLE TO DETERMINE,NOT APPLICABLE,,NONINCAPACITATING INJURY,13,9,41.9444189287,-87.6543904687,2023,30,POINT (-87.6543904687 41.9444189287),,,,,2023-09-19,False,5,Lake View
9740,30,UNKNOWN,UNKNOWN,RAIN,DAYLIGHT,PEDALCYCLIST,NOT DIVIDED,STRAIGHT AND LEVEL,WET,NO DEFECTS,,UNABLE TO DETERMINE,UNABLE TO DETERMINE,,NONINCAPACITATING INJURY,16,9,41.9242566651,-87.7532575799,2023,30,POINT (-87.7532575799 41.9242566651),,,,,2023-09-19,False,18,Belmont Cragin
9741,30,TRAFFIC SIGNAL,FUNCTIONING PROPERLY,RAIN,DARKNESS,PEDALCYCLIST,NOT DIVIDED,STRAIGHT AND LEVEL,WET,UNKNOWN,Y,UNABLE TO DETERMINE,UNABLE TO DETERMINE,,NONINCAPACITATING INJURY,19,9,41.9424649851,-87.7127498539,2023,30,POINT (-87.7127498539 41.9424649851),,,,,2023-09-19,False,15,Irving Park
9742,30,NO CONTROLS,NO CONTROLS,CLEAR,"DARKNESS, LIGHTED ROAD",PEDALCYCLIST,NOT DIVIDED,STRAIGHT AND LEVEL,DRY,NO DEFECTS,Y,UNABLE TO DETERMINE,UNABLE TO DETERMINE,,NONINCAPACITATING INJURY,20,9,41.7805475739,-87.6039383102,2023,30,POINT (-87.6039383102 41.7805475739),,,,,2023-09-19,False,41,Woodlawn
9743,30,NO CONTROLS,NO CONTROLS,RAIN,DUSK,PEDALCYCLIST,NOT DIVIDED,STRAIGHT AND LEVEL,WET,NO DEFECTS,,NOT APPLICABLE,NOT APPLICABLE,,"REPORTED, NOT EVIDENT",20,9,41.902080223,-87.7611540797,2023,30,POINT (-87.7611540797 41.902080223),,,,,2023-09-19,False,24,Austin
9744,25,NO CONTROLS,NO CONTROLS,CLEAR,DAYLIGHT,PEDALCYCLIST,DIVIDED - W/MEDIAN BARRIER,STRAIGHT AND LEVEL,DRY,NO DEFECTS,,ROAD ENGINEERING/SURFACE/MARKING DEFECTS,UNABLE TO DETERMINE,,NONINCAPACITATING INJURY,15,9,41.9535399796,-87.6691744803,2023,25,POINT (-87.6691744803 41.9535399796),,,,,2023-09-20,False,5,Lake View
9745,30,UNKNOWN,UNKNOWN,UNKNOWN,UNKNOWN,PEDALCYCLIST,NOT DIVIDED,STRAIGHT AND LEVEL,UNKNOWN,UNKNOWN,,UNABLE TO DETERMINE,NOT APPLICABLE,,NONINCAPACITATING INJURY,17,9,41.9653641767,-87.6678795176,2023,30,POINT (-87.6678795176 41.9653641767),,,,,2023-09-20,False,2,Uptown
9746,30,TRAFFIC SIGNAL,FUNCTIONING PROPERLY,CLEAR,DAYLIGHT,PEDALCYCLIST,NOT DIVIDED,STRAIGHT AND LEVEL,DRY,NO DEFECTS,,FAILING TO YIELD RIGHT-OF-WAY,DRIVING SKILLS/KNOWLEDGE/EXPERIENCE,,"REPORTED, NOT EVIDENT",17,9,41.8901197473,-87.6320360594,2023,30,POINT (-87.6320360594 41.8901197473),,,,,2023-09-20,False,7,Near North Side
9747,30,TRAFFIC SIGNAL,FUNCTIONING PROPERLY,CLEAR,DAYLIGHT,PEDALCYCLIST,DIVIDED - W/MEDIAN BARRIER,STRAIGHT AND LEVEL,DRY,NO DEFECTS,,IMPROPER TURNING/NO SIGNAL,FAILING TO YIELD RIGHT-OF-WAY,,INCAPACITATING INJURY,18,9,41.9377556764,-87.6490500877,2023,30,POINT (-87.6490500877 41.9377556764),,,,,2023-09-20,True,5,Lake View
9748,30,NO CONTROLS,NO CONTROLS,CLEAR,DUSK,PEDALCYCLIST,NOT DIVIDED,STRAIGHT AND LEVEL,DRY,NO DEFECTS,Y,FAILING TO YIELD RIGHT-OF-WAY,NOT APPLICABLE,,NONINCAPACITATING INJURY,19,9,41.9761648183,-87.6778128249,2023,30,POINT (-87.6778128249 41.9761648183),,,,,2023-09-20,False,3,Lincoln Square
9749,30,NO CONTROLS,NO CONTROLS,CLEAR,"DARKNESS, LIGHTED ROAD",PEDALCYCLIST,NOT DIVIDED,STRAIGHT AND LEVEL,DRY,NO DEFECTS,,UNABLE TO DETERMINE,UNABLE TO DETERMINE,,NONINCAPACITATING INJURY,1,9,41.9802346825,-87.6598289455,2023,30,POINT (-87.6598289455 41.9802346825),,,,,2023-09-21,False,76,Edgewater
9750,30,NO CONTROLS,FUNCTIONING PROPERLY,CLEAR,DAYLIGHT,PEDALCYCLIST,FOUR WAY,STRAIGHT AND LEVEL,DRY,NO DEFECTS,Y,FAILING TO REDUCE SPEED TO AVOID CRASH,NOT APPLICABLE,,NO INDICATION OF INJURY,8,9,41.8648257785,-87.6858429776,2023,30,POINT (-87.6858429776 41.8648257785),,,,,2023-09-21,False,27,Near West Side
9751,30,TRAFFIC SIGNAL,UNKNOWN,CLEAR,DAYLIGHT,PEDALCYCLIST,DIVIDED - W/MEDIAN (NOT RAISED),STRAIGHT AND LEVEL,UNKNOWN,UNKNOWN,,UNABLE TO DETERMINE,UNABLE TO DETERMINE,,NONINCAPACITATING INJURY,8,9,41.8810539082,-87.6863045524,2023,30,POINT (-87.6863045524 41.8810539082),,,,,2023-09-21,False,27,Near West Side
9752,35,TRAFFIC SIGNAL,FUNCTIONING PROPERLY,CLEAR,DAYLIGHT,PEDALCYCLIST,NOT DIVIDED,STRAIGHT AND LEVEL,DRY,NO DEFECTS,Y,FAILING TO YIELD RIGHT-OF-WAY,NOT APPLICABLE,,INCAPACITATING INJURY,9,9,41.6924653634,-87.6424409011,2023,35,POINT (-87.6424409011 41.6924653634),,,,,2023-09-21,True,48,Roseland
9753,30,TRAFFIC SIGNAL,UNKNOWN,CLEAR,DAYLIGHT,PEDALCYCLIST,FOUR WAY,STRAIGHT AND LEVEL,DRY,UNKNOWN,Y,UNABLE TO DETERMINE,NOT APPLICABLE,,NONINCAPACITATING INJURY,11,9,41.8933377372,-87.6312444962,2023,30,POINT (-87.6312444962 41.8933377372),,,,,2023-09-21,False,7,Near North Side
9754,30,TRAFFIC SIGNAL,FUNCTIONING PROPERLY,CLEAR,DAYLIGHT,PEDALCYCLIST,FOUR WAY,STRAIGHT AND LEVEL,DRY,NO DEFECTS,Y,FAILING TO REDUCE SPEED TO AVOID CRASH,BICYCLE ADVANCING LEGALLY ON RED LIGHT,,NONINCAPACITATING INJURY,11,9,41.7661952023,-87.562908182,2023,30,POINT (-87.562908182 41.7661952023),,,,,2023-09-21,False,42,South Shore
9755,25,NO CONTROLS,NO CONTROLS,CLEAR,DAYLIGHT,PEDALCYCLIST,NOT DIVIDED,STRAIGHT AND LEVEL,DRY,NO DEFECTS,,FOLLOWING TOO CLOSELY,FAILING TO REDUCE SPEED TO AVOID CRASH,,NONINCAPACITATING INJURY,12,9,41.8656223659,-87.7703840852,2023,25,POINT (-87.7703840852 41.8656223659),,,,,2023-09-21,False,24,Austin
9756,30,TRAFFIC SIGNAL,FUNCTIONING PROPERLY,CLEAR,DAYLIGHT,PEDALCYCLIST,NOT DIVIDED,STRAIGHT AND LEVEL,DRY,SHOULDER DEFECT,,IMPROPER OVERTAKING/PASSING,UNABLE TO DETERMINE,,"REPORTED, NOT EVIDENT",15,9,41.838412974,-87.6265588598,2023,30,POINT (-87.6265588598 41.838412974),,,,,2023-09-21,False,34,Douglas
9757,20,UNKNOWN,UNKNOWN,RAIN,DAYLIGHT,PEDALCYCLIST,NOT DIVIDED,STRAIGHT AND LEVEL,WET,NO DEFECTS,Y,UNABLE TO DETERMINE,UNABLE TO DETERMINE,,NONINCAPACITATING INJURY,16,9,42.0110149717,-87.7043256086,2023,20,POINT (-87.7043256086 42.0110149717),,,,,2023-09-21,False,1,West Ridge
9758,30,TRAFFIC SIGNAL,FUNCTIONING PROPERLY,CLEAR,DAYLIGHT,PEDALCYCLIST,FOUR WAY,STRAIGHT AND LEVEL,DRY,NO DEFECTS,,UNABLE TO DETERMINE,NOT APPLICABLE,,NO INDICATION OF INJURY,18,9,41.8695608754,-87.6471065839,2023,30,POINT (-87.6471065839 41.8695608754),,,,,2023-09-21,False,27,Near West Side
9759,30,STOP SIGN/FLASHER,FUNCTIONING PROPERLY,CLEAR,"DARKNESS, LIGHTED ROAD",PEDALCYCLIST,NOT DIVIDED,STRAIGHT AND LEVEL,OTHER,NO DEFECTS,,UNABLE TO DETERMINE,NOT APPLICABLE,,NONINCAPACITATING INJURY,21,9,41.8453754174,-87.6346426954,2023,30,POINT (-87.6346426954 41.8453754174),,,,,2023-09-21,False,32,Near South Side
9760,30,NO CONTROLS,NO CONTROLS,CLEAR,DAYLIGHT,PEDALCYCLIST,DIVIDED - W/MEDIAN (NOT RAISED),STRAIGHT AND LEVEL,DRY,NO DEFECTS,,DRIVING SKILLS/KNOWLEDGE/EXPERIENCE,FAILING TO YIELD RIGHT-OF-WAY,Y,NO INDICATION OF INJURY,10,9,41.946442962,-87.6641459607,2023,30,POINT (-87.6641459607 41.946442962),,,,,2023-09-22,False,5,Lake View
9761,25,NO CONTROLS,NO CONTROLS,CLEAR,DAYLIGHT,PEDALCYCLIST,ONE-WAY,STRAIGHT AND LEVEL,DRY,NO DEFECTS,,UNABLE TO DETERMINE,UNABLE TO DETERMINE,,NONINCAPACITATING INJURY,11,9,41.9522641465,-87.7985374639,2023,25,POINT (-87.7985374639 41.9522641465),,,,,2023-09-22,False,16,Dunning
9762,30,NO CONTROLS,NO CONTROLS,CLEAR,DAYLIGHT,PEDALCYCLIST,NOT DIVIDED,STRAIGHT AND LEVEL,DRY,NO DEFECTS,,FAILING TO YIELD RIGHT-OF-WAY,NOT APPLICABLE,Y,NO INDICATION OF INJURY,13,9,41.9473741186,-87.6531805895,2023,30,POINT (-87.6531805895 41.9473741186),,,,,2023-09-22,False,5,Lake View
9763,30,NO CONTROLS,NO CONTROLS,CLEAR,DAYLIGHT,PEDALCYCLIST,NOT DIVIDED,STRAIGHT AND LEVEL,DRY,NO DEFECTS,,UNABLE TO DETERMINE,UNABLE TO DETERMINE,,NONINCAPACITATING INJURY,14,9,41.8429959896,-87.6953093057,2023,30,POINT (-87.6953093057 41.8429959896),,,,,2023-09-22,False,29,South Lawndale
9764,30,TRAFFIC SIGNAL,FUNCTIONING PROPERLY,CLEAR,DAYLIGHT,PEDALCYCLIST,FOUR WAY,STRAIGHT AND LEVEL,DRY,NO DEFECTS,Y,DISREGARDING TRAFFIC SIGNALS,FAILING TO YIELD RIGHT-OF-WAY,,"REPORTED, NOT EVIDENT",15,9,41.8529802645,-87.6223978253,2023,30,POINT (-87.6223978253 41.8529802645),,,,,2023-09-22,False,32,Near South Side
9765,30,UNKNOWN,UNKNOWN,UNKNOWN,UNKNOWN,PEDALCYCLIST,NOT DIVIDED,STRAIGHT AND LEVEL,UNKNOWN,UNKNOWN,,UNABLE TO DETERMINE,UNABLE TO DETERMINE,,NO INDICATION OF INJURY,17,9,41.9183949194,-87.6413087784,2023,30,POINT (-87.6413087784 41.9183949194),,,,,2023-09-22,False,6,Lincoln Park
9766,30,UNKNOWN,UNKNOWN,CLEAR,DAYLIGHT,PEDALCYCLIST,NOT DIVIDED,STRAIGHT AND LEVEL,DRY,NO DEFECTS,Y,FOLLOWING TOO CLOSELY,UNABLE TO DETERMINE,,NONINCAPACITATING INJURY,18,9,41.9977194973,-87.6839366493,2023,30,POINT (-87.6839366493 41.9977194973),,,,,2023-09-22,False,1,West Ridge
9767,30,NO CONTROLS,NO CONTROLS,CLEAR,"DARKNESS, LIGHTED ROAD",PEDALCYCLIST,ONE-WAY,STRAIGHT AND LEVEL,DRY,NO DEFECTS,,FAILING TO YIELD RIGHT-OF-WAY,NOT APPLICABLE,,NONINCAPACITATING INJURY,20,9,41.8917914631,-87.6276577412,2023,30,POINT (-87.6276577412 41.8917914631),,,,,2023-09-22,False,7,Near North Side
9768,30,TRAFFIC SIGNAL,FUNCTIONING PROPERLY,CLEAR,"DARKNESS, LIGHTED ROAD",PEDALCYCLIST,FOUR WAY,STRAIGHT AND LEVEL,DRY,NO DEFECTS,Y,DRIVING ON WRONG SIDE/WRONG WAY,NOT APPLICABLE,,NONINCAPACITATING INJURY,0,9,41.8858461659,-87.6354745296,2023,30,POINT (-87.6354745296 41.8858461659),,,,,2023-09-23,False,27,Near West Side