Unnamed: 0,POSTED_SPEED_LIMIT,TRAFFIC_CONTROL_DEVICE,DEVICE_CONDITION,WEATHER_CONDITION,LIGHTING_CONDITION,FIRST_CRASH_TYPE,TRAFFICWAY_TYPE,ALIGNMENT,ROADWAY_SURFACE_COND,ROAD_DEFECT,INTERSECTION_RELATED_I,PRIM_CONTRIBUTORY_CAUSE,SEC_CONTRIBUTORY_CAUSE,DOORING_I,MOST_SEVERE_INJURY,CRASH_HOUR,CRASH_MONTH,LATITUDE,LONGITUDE,CRASH_YEAR,SPEED_LIMIT,geometry,DISPLAYROU,the_geom,DIST,LANE_TYPE,CRASH_DATE,is_severe,index_right,CArea
9769,30,NO CONTROLS,NO CONTROLS,CLEAR,DAYLIGHT,PEDALCYCLIST,DIVIDED - W/MEDIAN (NOT RAISED),STRAIGHT AND LEVEL,DRY,UNKNOWN,,UNABLE TO DETERMINE,UNABLE TO DETERMINE,,NONINCAPACITATING INJURY,10,9,41.9294813055,-87.7463625462,2023,30,POINT (-87.7463625462 41.9294813055),,,,,2023-09-23,False,18,Belmont Cragin
9770,30,NO CONTROLS,NO CONTROLS,CLEAR,DAYLIGHT,PEDALCYCLIST,DIVIDED - W/MEDIAN (NOT RAISED),STRAIGHT AND LEVEL,DRY,NO DEFECTS,,FAILING TO YIELD RIGHT-OF-WAY,IMPROPER OVERTAKING/PASSING,,NONINCAPACITATING INJURY,14,9,41.9611899744,-87.6906561438,2023,30,POINT (-87.6906561438 41.9611899744),,,,,2023-09-23,False,4,North Center
9771,30,STOP SIGN/FLASHER,FUNCTIONING PROPERLY,CLEAR,DAYLIGHT,PEDALCYCLIST,FOUR WAY,STRAIGHT AND LEVEL,UNKNOWN,UNKNOWN,Y,FAILING TO YIELD RIGHT-OF-WAY,UNABLE TO DETERMINE,,NO INDICATION OF INJURY,15,9,42.010341686,-87.672331815,2023,30,POINT (-87.672331815 42.010341686),,,,,2023-09-23,False,0,Rogers Park
9772,30,NO CONTROLS,NO CONTROLS,CLEAR,DAYLIGHT,PEDALCYCLIST,DIVIDED - W/MEDIAN (NOT RAISED),STRAIGHT AND LEVEL,DRY,UNKNOWN,,UNABLE TO DETERMINE,UNABLE TO DETERMINE,,NONINCAPACITATING INJURY,15,9,41.8788222419,-87.7453628151,2023,30,POINT (-87.7453628151 41.8788222419),,,,,2023-09-23,False,24,Austin
9773,10,NO CONTROLS,NO CONTROLS,CLEAR,DAYLIGHT,PEDALCYCLIST,ONE-WAY,STRAIGHT AND LEVEL,DRY,UNKNOWN,,UNABLE TO DETERMINE,UNABLE TO DETERMINE,,"REPORTED, NOT EVIDENT",17,9,41.997629046,-87.6894269024,2023,10,POINT (-87.6894269024 41.997629046),,,,,2023-09-23,False,1,West Ridge
9774,30,TRAFFIC SIGNAL,FUNCTIONING PROPERLY,CLEAR,DAYLIGHT,PEDALCYCLIST,NOT DIVIDED,STRAIGHT AND LEVEL,DRY,NO DEFECTS,Y,UNABLE TO DETERMINE,NOT APPLICABLE,,NONINCAPACITATING INJURY,17,9,41.8521389011,-87.6708855633,2023,30,POINT (-87.6708855633 41.8521389011),,,,,2023-09-23,False,30,Lower West Side
9775,30,NO CONTROLS,NO CONTROLS,CLEAR,DAYLIGHT,PEDALCYCLIST,NOT DIVIDED,STRAIGHT AND LEVEL,DRY,UNKNOWN,,UNABLE TO DETERMINE,NOT APPLICABLE,,NONINCAPACITATING INJURY,17,9,41.9421226555,-87.7285814984,2023,30,POINT (-87.7285814984 41.9421226555),,,,,2023-09-23,False,15,Irving Park
9776,30,NO CONTROLS,NO CONTROLS,CLEAR,"DARKNESS, LIGHTED ROAD",PEDALCYCLIST,DIVIDED - W/MEDIAN (NOT RAISED),STRAIGHT AND LEVEL,DRY,NO DEFECTS,,EQUIPMENT - VEHICLE CONDITION,NOT APPLICABLE,,NO INDICATION OF INJURY,18,9,41.9546850135,-87.7081851573,2023,30,POINT (-87.7081851573 41.9546850135),,,,,2023-09-23,False,15,Irving Park
9777,30,NO CONTROLS,NO CONTROLS,CLEAR,"DARKNESS, LIGHTED ROAD",PEDALCYCLIST,T-INTERSECTION,STRAIGHT AND LEVEL,DRY,NO DEFECTS,Y,UNABLE TO DETERMINE,UNABLE TO DETERMINE,,NONINCAPACITATING INJURY,19,9,41.9460954769,-87.7188644379,2023,30,POINT (-87.7188644379 41.9460954769),,,,,2023-09-23,False,15,Irving Park
9778,30,TRAFFIC SIGNAL,FUNCTIONING PROPERLY,CLEAR,"DARKNESS, LIGHTED ROAD",PEDALCYCLIST,CENTER TURN LANE,STRAIGHT AND LEVEL,DRY,NO DEFECTS,Y,DRIVING ON WRONG SIDE/WRONG WAY,UNABLE TO DETERMINE,,INCAPACITATING INJURY,22,9,41.9106016138,-87.6771200387,2023,30,POINT (-87.6771200387 41.9106016138),,,,,2023-09-23,True,23,West Town
9779,30,TRAFFIC SIGNAL,UNKNOWN,CLEAR,"DARKNESS, LIGHTED ROAD",PEDALCYCLIST,NOT DIVIDED,STRAIGHT AND LEVEL,DRY,NO DEFECTS,,IMPROPER TURNING/NO SIGNAL,UNABLE TO DETERMINE,,INCAPACITATING INJURY,2,9,41.9249570214,-87.6745915219,2023,30,POINT (-87.6745915219 41.9249570214),,,,,2023-09-24,True,6,Lincoln Park
9780,25,NO CONTROLS,NO CONTROLS,CLEAR,DAYLIGHT,PEDALCYCLIST,NOT DIVIDED,STRAIGHT AND LEVEL,DRY,NO DEFECTS,,UNABLE TO DETERMINE,UNABLE TO DETERMINE,,NO INDICATION OF INJURY,17,9,41.8104515462,-87.6837744013,2023,25,POINT (-87.6837744013 41.8104515462),,,,,2023-09-24,False,60,New City
9781,30,NO CONTROLS,NO CONTROLS,CLEAR,DAYLIGHT,PEDALCYCLIST,NOT DIVIDED,STRAIGHT AND LEVEL,DRY,UNKNOWN,,FAILING TO REDUCE SPEED TO AVOID CRASH,NOT APPLICABLE,,NO INDICATION OF INJURY,18,9,41.8039324541,-87.6225250592,2023,30,POINT (-87.6225250592 41.8039324541),,,,,2023-09-24,False,37,Grand Boulevard
9782,30,TRAFFIC SIGNAL,FUNCTIONING PROPERLY,CLEAR,DUSK,PEDALCYCLIST,FOUR WAY,STRAIGHT AND LEVEL,DRY,NO DEFECTS,Y,UNABLE TO DETERMINE,UNABLE TO DETERMINE,,NONINCAPACITATING INJURY,6,9,41.9464159422,-87.727549491,2023,30,POINT (-87.727549491 41.9464159422),,,,,2023-09-25,False,15,Irving Park
9783,30,UNKNOWN,UNKNOWN,RAIN,DAYLIGHT,PEDALCYCLIST,ONE-WAY,STRAIGHT AND LEVEL,WET,UNKNOWN,,UNABLE TO DETERMINE,FAILING TO YIELD RIGHT-OF-WAY,,"REPORTED, NOT EVIDENT",7,9,41.9376768534,-87.6858018293,2023,30,POINT (-87.6858018293 41.9376768534),,,,,2023-09-25,False,4,North Center
9784,30,NO CONTROLS,NO CONTROLS,RAIN,DAYLIGHT,PEDALCYCLIST,DIVIDED - W/MEDIAN (NOT RAISED),STRAIGHT AND LEVEL,WET,NO DEFECTS,,UNABLE TO DETERMINE,UNABLE TO DETERMINE,,NONINCAPACITATING INJURY,7,9,41.927836684,-87.7051599987,2023,30,POINT (-87.7051599987 41.927836684),,,,,2023-09-25,False,21,Logan Square
9785,30,NO CONTROLS,NO CONTROLS,RAIN,DAYLIGHT,PEDALCYCLIST,NOT DIVIDED,STRAIGHT AND LEVEL,WET,NO DEFECTS,Y,IMPROPER TURNING/NO SIGNAL,NOT APPLICABLE,,NONINCAPACITATING INJURY,9,9,41.8902993564,-87.6387437511,2023,30,POINT (-87.6387437511 41.8902993564),,,,,2023-09-25,False,7,Near North Side
9786,30,NO CONTROLS,NO CONTROLS,RAIN,DAYLIGHT,PEDALCYCLIST,NOT DIVIDED,STRAIGHT AND LEVEL,WET,NO DEFECTS,,FAILING TO YIELD RIGHT-OF-WAY,FAILING TO YIELD RIGHT-OF-WAY,Y,INCAPACITATING INJURY,13,9,41.9207042914,-87.6629232597,2023,30,POINT (-87.6629232597 41.9207042914),,,,,2023-09-25,True,6,Lincoln Park
9787,25,NO CONTROLS,NO CONTROLS,CLEAR,DAYLIGHT,PEDALCYCLIST,NOT DIVIDED,STRAIGHT AND LEVEL,DRY,NO DEFECTS,,DISTRACTION - FROM INSIDE VEHICLE,NOT APPLICABLE,Y,INCAPACITATING INJURY,14,9,41.9433959693,-87.6713445699,2023,25,POINT (-87.6713445699 41.9433959693),,,,,2023-09-25,True,5,Lake View
9788,30,NO CONTROLS,NO CONTROLS,CLEAR,DAYLIGHT,PEDALCYCLIST,DIVIDED - W/MEDIAN BARRIER,STRAIGHT AND LEVEL,DRY,NO DEFECTS,Y,FAILING TO YIELD RIGHT-OF-WAY,UNABLE TO DETERMINE,,NO INDICATION OF INJURY,17,9,41.8964513667,-87.6508078559,2023,30,POINT (-87.6508078559 41.8964513667),,,,,2023-09-25,False,7,Near North Side
9789,30,STOP SIGN/FLASHER,FUNCTIONING PROPERLY,CLEAR,DUSK,PEDALCYCLIST,NOT DIVIDED,STRAIGHT AND LEVEL,DRY,UNKNOWN,,FAILING TO YIELD RIGHT-OF-WAY,NOT APPLICABLE,,NO INDICATION OF INJURY,6,9,41.9629038016,-87.678870048,2023,30,POINT (-87.678870048 41.9629038016),,,,,2023-09-26,False,3,Lincoln Square
9790,25,STOP SIGN/FLASHER,FUNCTIONING PROPERLY,RAIN,DAYLIGHT,PEDALCYCLIST,FOUR WAY,STRAIGHT AND LEVEL,WET,NO DEFECTS,Y,DISREGARDING STOP SIGN,FAILING TO REDUCE SPEED TO AVOID CRASH,,NONINCAPACITATING INJURY,7,9,41.6953146795,-87.6999155997,2023,25,POINT (-87.6999155997 41.6953146795),,,,,2023-09-26,False,73,Mount Greenwood
9791,30,TRAFFIC SIGNAL,FUNCTIONING PROPERLY,RAIN,DAYLIGHT,PEDALCYCLIST,NOT DIVIDED,STRAIGHT AND LEVEL,WET,NO DEFECTS,,UNABLE TO DETERMINE,NOT APPLICABLE,,NO INDICATION OF INJURY,8,9,41.9204634252,-87.775700337,2023,30,POINT (-87.775700337 41.9204634252),,,,,2023-09-26,False,18,Belmont Cragin
9792,25,TRAFFIC SIGNAL,FUNCTIONING PROPERLY,RAIN,DAYLIGHT,PEDALCYCLIST,NOT DIVIDED,STRAIGHT AND LEVEL,WET,NO DEFECTS,Y,UNABLE TO DETERMINE,UNABLE TO DETERMINE,,NONINCAPACITATING INJURY,8,9,41.8998938478,-87.6626287557,2023,25,POINT (-87.6626287557 41.8998938478),,,,,2023-09-26,False,23,West Town
9793,25,NO CONTROLS,NO CONTROLS,CLEAR,DAYLIGHT,PEDALCYCLIST,ONE-WAY,STRAIGHT AND LEVEL,DRY,NO DEFECTS,,FAILING TO REDUCE SPEED TO AVOID CRASH,FAILING TO YIELD RIGHT-OF-WAY,,NO INDICATION OF INJURY,12,9,41.8776792425,-87.7546350652,2023,25,POINT (-87.7546350652 41.8776792425),,,,,2023-09-26,False,24,Austin
9794,30,NO CONTROLS,NO CONTROLS,CLEAR,DAYLIGHT,PEDALCYCLIST,NOT DIVIDED,STRAIGHT AND LEVEL,DRY,NO DEFECTS,,FAILING TO YIELD RIGHT-OF-WAY,UNABLE TO DETERMINE,,INCAPACITATING INJURY,13,9,41.8912018975,-87.6478526276,2023,30,POINT (-87.6478526276 41.8912018975),,,,,2023-09-26,True,7,Near North Side
9795,30,STOP SIGN/FLASHER,FUNCTIONING PROPERLY,CLEAR,DAYLIGHT,PEDALCYCLIST,UNKNOWN INTERSECTION TYPE,STRAIGHT AND LEVEL,DRY,NO DEFECTS,Y,FAILING TO REDUCE SPEED TO AVOID CRASH,FAILING TO YIELD RIGHT-OF-WAY,,INCAPACITATING INJURY,16,9,41.9801348644,-87.6566323546,2023,30,POINT (-87.6566323546 41.9801348644),,,,,2023-09-26,True,76,Edgewater
9796,30,NO CONTROLS,NO CONTROLS,CLEAR,DAYLIGHT,PEDALCYCLIST,NOT DIVIDED,STRAIGHT AND LEVEL,DRY,NO DEFECTS,,FAILING TO YIELD RIGHT-OF-WAY,NOT APPLICABLE,,NONINCAPACITATING INJURY,17,9,41.9167558136,-87.6483027774,2023,30,POINT (-87.6483027774 41.9167558136),,,,,2023-09-26,False,6,Lincoln Park
9797,30,TRAFFIC SIGNAL,FUNCTIONING PROPERLY,CLEAR,"DARKNESS, LIGHTED ROAD",PEDALCYCLIST,FOUR WAY,STRAIGHT AND LEVEL,DRY,NO DEFECTS,Y,FAILING TO YIELD RIGHT-OF-WAY,UNABLE TO DETERMINE,,NONINCAPACITATING INJURY,22,9,41.9683434176,-87.7084070459,2023,30,POINT (-87.7084070459 41.9683434176),,,,,2023-09-26,False,13,Albany Park
9798,30,NO CONTROLS,NO CONTROLS,CLOUDY/OVERCAST,DAYLIGHT,PEDALCYCLIST,T-INTERSECTION,STRAIGHT AND LEVEL,WET,NO DEFECTS,Y,FAILING TO YIELD RIGHT-OF-WAY,"VISION OBSCURED (SIGNS, TREE LIMBS, BUILDINGS, ETC.)",,NONINCAPACITATING INJURY,7,9,41.9265703724,-87.65054678,2023,30,POINT (-87.65054678 41.9265703724),,,,,2023-09-27,False,6,Lincoln Park
9799,30,NO CONTROLS,NO CONTROLS,CLEAR,DAYLIGHT,PEDALCYCLIST,NOT DIVIDED,STRAIGHT AND LEVEL,DRY,NO DEFECTS,,FAILING TO YIELD RIGHT-OF-WAY,NOT APPLICABLE,,NO INDICATION OF INJURY,7,9,41.8579023897,-87.6291969662,2023,30,POINT (-87.6291969662 41.8579023897),,,,,2023-09-27,False,32,Near South Side
9800,20,NO CONTROLS,NO CONTROLS,CLOUDY/OVERCAST,DAYLIGHT,PEDALCYCLIST,ONE-WAY,STRAIGHT AND LEVEL,DRY,NO DEFECTS,,FAILING TO YIELD RIGHT-OF-WAY,NOT APPLICABLE,,NONINCAPACITATING INJURY,11,9,41.9614601569,-87.7166722809,2023,20,POINT (-87.7166722809 41.9614601569),,,,,2023-09-27,False,13,Albany Park
9801,30,NO CONTROLS,NO CONTROLS,CLEAR,DAYLIGHT,PEDALCYCLIST,NOT DIVIDED,STRAIGHT AND LEVEL,DRY,NO DEFECTS,,"VISION OBSCURED (SIGNS, TREE LIMBS, BUILDINGS, ETC.)",NOT APPLICABLE,,NO INDICATION OF INJURY,12,9,41.8984844877,-87.6564524001,2023,30,POINT (-87.6564524001 41.8984844877),,,,,2023-09-27,False,7,Near North Side
9802,30,STOP SIGN/FLASHER,FUNCTIONING PROPERLY,CLOUDY/OVERCAST,DAYLIGHT,PEDALCYCLIST,DIVIDED - W/MEDIAN (NOT RAISED),STRAIGHT AND LEVEL,DRY,NO DEFECTS,,UNABLE TO DETERMINE,UNABLE TO DETERMINE,,NONINCAPACITATING INJURY,12,9,41.8930939169,-87.755677589,2023,30,POINT (-87.755677589 41.8930939169),,,,,2023-09-27,False,24,Austin
9803,30,NO CONTROLS,NO CONTROLS,CLEAR,DAYLIGHT,PEDALCYCLIST,NOT DIVIDED,STRAIGHT AND LEVEL,DRY,NO DEFECTS,Y,IMPROPER TURNING/NO SIGNAL,NOT APPLICABLE,,NONINCAPACITATING INJURY,12,9,41.9496733763,-87.6494134174,2023,30,POINT (-87.6494134174 41.9496733763),,,,,2023-09-27,False,5,Lake View
9804,30,TRAFFIC SIGNAL,FUNCTIONING PROPERLY,CLEAR,DAYLIGHT,PEDALCYCLIST,NOT DIVIDED,STRAIGHT AND LEVEL,DRY,NO DEFECTS,,UNABLE TO DETERMINE,NOT APPLICABLE,N,NO INDICATION OF INJURY,15,9,41.8819301716,-87.7060028393,2023,30,POINT (-87.7060028393 41.8819301716),,,,,2023-09-27,False,26,Garfield Park
9805,30,STOP SIGN/FLASHER,FUNCTIONING PROPERLY,CLOUDY/OVERCAST,DAYLIGHT,PEDALCYCLIST,NOT DIVIDED,STRAIGHT AND LEVEL,DRY,NO DEFECTS,Y,FAILING TO YIELD RIGHT-OF-WAY,FAILING TO REDUCE SPEED TO AVOID CRASH,,NONINCAPACITATING INJURY,16,9,41.9551653675,-87.7573546701,2023,30,POINT (-87.7573546701 41.9551653675),,,,,2023-09-27,False,14,Portage Park
9806,30,TRAFFIC SIGNAL,UNKNOWN,CLEAR,DAYLIGHT,PEDALCYCLIST,NOT DIVIDED,STRAIGHT AND LEVEL,DRY,UNKNOWN,,FAILING TO YIELD RIGHT-OF-WAY,FAILING TO REDUCE SPEED TO AVOID CRASH,,NONINCAPACITATING INJURY,17,9,41.9297611022,-87.7466679308,2023,30,POINT (-87.7466679308 41.9297611022),,,,,2023-09-27,False,18,Belmont Cragin
9807,25,NO CONTROLS,NO CONTROLS,CLOUDY/OVERCAST,DAYLIGHT,PEDALCYCLIST,NOT DIVIDED,STRAIGHT AND LEVEL,DRY,NO DEFECTS,,UNABLE TO DETERMINE,UNABLE TO DETERMINE,,"REPORTED, NOT EVIDENT",7,9,41.8623389319,-87.6401654179,2023,25,POINT (-87.6401654179 41.8623389319),,,,,2023-09-28,False,27,Near West Side
9808,30,NO CONTROLS,NO CONTROLS,CLEAR,DUSK,PEDALCYCLIST,NOT DIVIDED,STRAIGHT AND LEVEL,UNKNOWN,UNKNOWN,,UNABLE TO DETERMINE,NOT APPLICABLE,,NONINCAPACITATING INJURY,19,9,41.8913762803,-87.7507239918,2023,30,POINT (-87.7507239918 41.8913762803),,,,,2023-09-28,False,24,Austin
9809,30,NO CONTROLS,NO CONTROLS,CLEAR,DAYLIGHT,PEDALCYCLIST,FOUR WAY,STRAIGHT AND LEVEL,DRY,NO DEFECTS,Y,FAILING TO YIELD RIGHT-OF-WAY,UNABLE TO DETERMINE,,NONINCAPACITATING INJURY,19,9,41.8912927853,-87.7504269169,2023,30,POINT (-87.7504269169 41.8912927853),,,,,2023-09-28,False,24,Austin
9810,20,NO CONTROLS,NO CONTROLS,CLEAR,DARKNESS,PEDALCYCLIST,T-INTERSECTION,STRAIGHT AND LEVEL,DRY,NO DEFECTS,Y,UNABLE TO DETERMINE,NOT APPLICABLE,,NONINCAPACITATING INJURY,19,9,41.8858411998,-87.6346513176,2023,20,POINT (-87.6346513176 41.8858411998),,,,,2023-09-28,False,27,Near West Side
9811,30,STOP SIGN/FLASHER,NO CONTROLS,CLEAR,DUSK,PEDALCYCLIST,FOUR WAY,STRAIGHT AND LEVEL,DRY,UNKNOWN,Y,UNABLE TO DETERMINE,UNABLE TO DETERMINE,,NONINCAPACITATING INJURY,20,9,41.9940936847,-87.6832948818,2023,30,POINT (-87.6832948818 41.9940936847),,,,,2023-09-28,False,1,West Ridge
9812,15,NO CONTROLS,NO CONTROLS,CLEAR,DAYLIGHT,PEDALCYCLIST,PARKING LOT,STRAIGHT AND LEVEL,DRY,NO DEFECTS,,FAILING TO YIELD RIGHT-OF-WAY,NOT APPLICABLE,,NO INDICATION OF INJURY,8,9,41.9166439428,-87.7525786089,2023,15,POINT (-87.7525786089 41.9166439428),,,,,2023-09-29,False,18,Belmont Cragin
9813,30,OTHER REG. SIGN,FUNCTIONING PROPERLY,CLEAR,DAYLIGHT,PEDALCYCLIST,DIVIDED - W/MEDIAN (NOT RAISED),STRAIGHT AND LEVEL,DRY,NO DEFECTS,,FAILING TO YIELD RIGHT-OF-WAY,FAILING TO YIELD RIGHT-OF-WAY,,NONINCAPACITATING INJURY,8,9,41.9166439428,-87.7525786089,2023,30,POINT (-87.7525786089 41.9166439428),,,,,2023-09-29,False,18,Belmont Cragin
9814,35,STOP SIGN/FLASHER,FUNCTIONING PROPERLY,CLEAR,DAYLIGHT,PEDALCYCLIST,T-INTERSECTION,STRAIGHT AND LEVEL,DRY,NO DEFECTS,Y,UNABLE TO DETERMINE,NOT APPLICABLE,,INCAPACITATING INJURY,8,9,41.8937135069,-87.6564053167,2023,35,POINT (-87.6564053167 41.8937135069),,,,,2023-09-29,True,7,Near North Side
9815,30,STOP SIGN/FLASHER,FUNCTIONING PROPERLY,CLEAR,DAYLIGHT,PEDALCYCLIST,DIVIDED - W/MEDIAN (NOT RAISED),STRAIGHT AND LEVEL,DRY,NO DEFECTS,,UNABLE TO DETERMINE,UNABLE TO DETERMINE,,"REPORTED, NOT EVIDENT",11,9,41.8021637995,-87.6193379153,2023,30,POINT (-87.6193379153 41.8021637995),,,,,2023-09-29,False,37,Grand Boulevard
9816,30,STOP SIGN/FLASHER,UNKNOWN,CLEAR,DAYLIGHT,PEDALCYCLIST,FOUR WAY,STRAIGHT AND LEVEL,DRY,UNKNOWN,Y,UNABLE TO DETERMINE,NOT APPLICABLE,,NONINCAPACITATING INJURY,14,9,41.9643213607,-87.7426524343,2023,30,POINT (-87.7426524343 41.9643213607),,,,,2023-09-29,False,13,Albany Park
9817,30,NO CONTROLS,NO CONTROLS,CLEAR,DAYLIGHT,PEDALCYCLIST,ALLEY,STRAIGHT AND LEVEL,DRY,NO DEFECTS,,UNABLE TO DETERMINE,UNABLE TO DETERMINE,,"REPORTED, NOT EVIDENT",14,9,41.8084157062,-87.6727710337,2023,30,POINT (-87.6727710337 41.8084157062),,,,,2023-09-29,False,60,New City
9818,30,STOP SIGN/FLASHER,FUNCTIONING PROPERLY,CLEAR,DAYLIGHT,PEDALCYCLIST,FOUR WAY,STRAIGHT AND LEVEL,DRY,UNKNOWN,Y,UNABLE TO DETERMINE,NOT APPLICABLE,,NONINCAPACITATING INJURY,14,9,41.8896172143,-87.6768405774,2023,30,POINT (-87.6768405774 41.8896172143),,,,,2023-09-29,False,23,West Town
9819,30,NO CONTROLS,NO CONTROLS,CLEAR,DAYLIGHT,PEDALCYCLIST,ALLEY,STRAIGHT AND LEVEL,DRY,NO DEFECTS,,NOT APPLICABLE,UNABLE TO DETERMINE,,NONINCAPACITATING INJURY,15,9,41.8947599754,-87.7652449265,2023,30,POINT (-87.7652449265 41.8947599754),,,,,2023-09-29,False,24,Austin
9820,30,TRAFFIC SIGNAL,FUNCTIONING PROPERLY,CLEAR,DAYLIGHT,PEDALCYCLIST,FOUR WAY,STRAIGHT AND LEVEL,DRY,NO DEFECTS,,UNABLE TO DETERMINE,NOT APPLICABLE,,NONINCAPACITATING INJURY,15,9,41.9905324423,-87.7031013442,2023,30,POINT (-87.7031013442 41.9905324423),,,,,2023-09-29,False,1,West Ridge
9821,30,NO CONTROLS,NO CONTROLS,CLEAR,DAYLIGHT,PEDALCYCLIST,NOT DIVIDED,STRAIGHT AND LEVEL,DRY,NO DEFECTS,,FAILING TO YIELD RIGHT-OF-WAY,DRIVING SKILLS/KNOWLEDGE/EXPERIENCE,,INCAPACITATING INJURY,15,9,41.7028275341,-87.5320518289,2023,30,POINT (-87.5320518289 41.7028275341),,,,,2023-09-29,True,51,East Side
9822,30,NO CONTROLS,NO CONTROLS,CLEAR,DAYLIGHT,PEDALCYCLIST,NOT DIVIDED,STRAIGHT AND LEVEL,DRY,UNKNOWN,,UNABLE TO DETERMINE,UNABLE TO DETERMINE,,NONINCAPACITATING INJURY,16,9,41.9377595302,-87.8301559762,2023,30,POINT (-87.8301559762 41.9377595302),,,,,2023-09-29,False,16,Dunning
9823,30,UNKNOWN,UNKNOWN,UNKNOWN,UNKNOWN,PEDALCYCLIST,NOT DIVIDED,STRAIGHT AND LEVEL,UNKNOWN,OTHER,,UNABLE TO DETERMINE,UNABLE TO DETERMINE,,"REPORTED, NOT EVIDENT",17,9,41.8867510321,-87.6400295779,2023,30,POINT (-87.6400295779 41.8867510321),,,,,2023-09-29,False,7,Near North Side
9824,30,NO CONTROLS,NO CONTROLS,CLEAR,DAYLIGHT,PEDALCYCLIST,NOT DIVIDED,STRAIGHT AND LEVEL,DRY,NO DEFECTS,,FAILING TO REDUCE SPEED TO AVOID CRASH,NOT APPLICABLE,,NONINCAPACITATING INJURY,17,9,42.0027039778,-87.6578342245,2023,30,POINT (-87.6578342245 42.0027039778),,,,,2023-09-29,False,0,Rogers Park
9825,30,TRAFFIC SIGNAL,FUNCTIONING PROPERLY,CLEAR,"DARKNESS, LIGHTED ROAD",PEDALCYCLIST,FOUR WAY,STRAIGHT AND LEVEL,DRY,NO DEFECTS,Y,DISREGARDING TRAFFIC SIGNALS,UNABLE TO DETERMINE,,NONINCAPACITATING INJURY,18,9,41.8673043641,-87.627378397,2023,30,POINT (-87.627378397 41.8673043641),,,,,2023-09-29,False,32,Near South Side
9826,30,NO CONTROLS,NO CONTROLS,CLEAR,"DARKNESS, LIGHTED ROAD",PEDALCYCLIST,FOUR WAY,STRAIGHT AND LEVEL,DRY,NO DEFECTS,Y,FAILING TO YIELD RIGHT-OF-WAY,NOT APPLICABLE,,INCAPACITATING INJURY,19,9,41.9423796144,-87.6685896788,2023,30,POINT (-87.6685896788 41.9423796144),,,,,2023-09-29,True,5,Lake View
9827,30,TRAFFIC SIGNAL,FUNCTIONING PROPERLY,CLEAR,DAYLIGHT,PEDALCYCLIST,NOT DIVIDED,STRAIGHT AND LEVEL,DRY,NO DEFECTS,,UNABLE TO DETERMINE,UNABLE TO DETERMINE,,NONINCAPACITATING INJURY,19,9,41.8891021387,-87.6309860647,2023,30,POINT (-87.6309860647 41.8891021387),,,,,2023-09-29,False,7,Near North Side
9828,30,NO CONTROLS,NO CONTROLS,CLEAR,"DARKNESS, LIGHTED ROAD",PEDALCYCLIST,NOT DIVIDED,STRAIGHT AND LEVEL,DRY,NO DEFECTS,,UNABLE TO DETERMINE,NOT APPLICABLE,,NO INDICATION OF INJURY,20,9,41.7691641461,-87.6315502392,2023,30,POINT (-87.6315502392 41.7691641461),,,,,2023-09-29,False,67,Englewood
9829,25,NO CONTROLS,NO CONTROLS,CLEAR,DAYLIGHT,PEDALCYCLIST,DIVIDED - W/MEDIAN (NOT RAISED),STRAIGHT AND LEVEL,DRY,NO DEFECTS,,NOT APPLICABLE,NOT APPLICABLE,Y,"REPORTED, NOT EVIDENT",10,9,41.8377364586,-87.6464167637,2023,25,POINT (-87.6464167637 41.8377364586),,,,,2023-09-30,False,30,Lower West Side
9830,30,NO CONTROLS,NO CONTROLS,CLEAR,DAYLIGHT,PEDALCYCLIST,NOT DIVIDED,STRAIGHT AND LEVEL,DRY,NO DEFECTS,,DISTRACTION - FROM INSIDE VEHICLE,UNABLE TO DETERMINE,Y,INCAPACITATING INJURY,12,9,41.9758181137,-87.712002359,2023,30,POINT (-87.712002359 41.9758181137),,,,,2023-09-30,True,12,North Park
9831,30,UNKNOWN,UNKNOWN,CLEAR,DAYLIGHT,PEDALCYCLIST,DIVIDED - W/MEDIAN (NOT RAISED),STRAIGHT AND LEVEL,DRY,NO DEFECTS,,NOT APPLICABLE,NOT APPLICABLE,,NONINCAPACITATING INJURY,13,9,41.7185420179,-87.6620677192,2023,30,POINT (-87.6620677192 41.7185420179),,,,,2023-09-30,False,71,Beverly
9832,30,STOP SIGN/FLASHER,FUNCTIONING PROPERLY,CLEAR,DAYLIGHT,PEDALCYCLIST,NOT DIVIDED,STRAIGHT AND LEVEL,DRY,NO DEFECTS,,FAILING TO YIELD RIGHT-OF-WAY,NOT APPLICABLE,,NONINCAPACITATING INJURY,13,9,41.7857772925,-87.7277876771,2023,30,POINT (-87.7277876771 41.7857772925),,,,,2023-09-30,False,64,West Lawn
9833,30,NO CONTROLS,NO CONTROLS,CLEAR,DAYLIGHT,PEDALCYCLIST,NOT DIVIDED,STRAIGHT AND LEVEL,DRY,NO DEFECTS,,NOT APPLICABLE,NOT APPLICABLE,,NO INDICATION OF INJURY,15,9,41.8447191798,-87.7002195442,2023,30,POINT (-87.7002195442 41.8447191798),,,,,2023-09-30,False,29,South Lawndale
9834,30,NO CONTROLS,NO CONTROLS,CLEAR,DAYLIGHT,PEDALCYCLIST,DIVIDED - W/MEDIAN (NOT RAISED),STRAIGHT AND LEVEL,DRY,NO DEFECTS,,UNABLE TO DETERMINE,NOT APPLICABLE,Y,NO INDICATION OF INJURY,15,9,41.8442566977,-87.7160681354,2023,30,POINT (-87.7160681354 41.8442566977),,,,,2023-09-30,False,29,South Lawndale