Unnamed: 0,POSTED_SPEED_LIMIT,TRAFFIC_CONTROL_DEVICE,DEVICE_CONDITION,WEATHER_CONDITION,LIGHTING_CONDITION,FIRST_CRASH_TYPE,TRAFFICWAY_TYPE,ALIGNMENT,ROADWAY_SURFACE_COND,ROAD_DEFECT,INTERSECTION_RELATED_I,PRIM_CONTRIBUTORY_CAUSE,SEC_CONTRIBUTORY_CAUSE,DOORING_I,MOST_SEVERE_INJURY,CRASH_HOUR,CRASH_MONTH,LATITUDE,LONGITUDE,CRASH_YEAR,SPEED_LIMIT,geometry,DISPLAYROU,the_geom,DIST,LANE_TYPE,CRASH_DATE,is_severe,index_right,CArea
9835,30,TRAFFIC SIGNAL,FUNCTIONING PROPERLY,CLEAR,DAYLIGHT,PEDALCYCLIST,FOUR WAY,STRAIGHT AND LEVEL,DRY,UNKNOWN,Y,NOT APPLICABLE,NOT APPLICABLE,,NO INDICATION OF INJURY,15,9,41.9466752452,-87.7127785774,2023,30,POINT (-87.7127785774 41.9466752452),,,,,2023-09-30,False,15,Irving Park
9836,30,NO CONTROLS,NO CONTROLS,CLEAR,DAYLIGHT,PEDALCYCLIST,NOT DIVIDED,STRAIGHT AND LEVEL,DRY,NO DEFECTS,,UNABLE TO DETERMINE,UNABLE TO DETERMINE,Y,NONINCAPACITATING INJURY,16,9,41.7813333476,-87.6546931652,2023,30,POINT (-87.6546931652 41.7813333476),,,,,2023-09-30,False,66,Englewood
9837,30,TRAFFIC SIGNAL,FUNCTIONING PROPERLY,CLEAR,DAYLIGHT,PEDALCYCLIST,NOT DIVIDED,STRAIGHT AND LEVEL,DRY,NO DEFECTS,,DISREGARDING YIELD SIGN,PHYSICAL CONDITION OF DRIVER,,NONINCAPACITATING INJURY,18,9,41.8858283144,-87.639113184,2023,30,POINT (-87.639113184 41.8858283144),,,,,2023-09-30,False,27,Near West Side
9838,30,UNKNOWN,UNKNOWN,UNKNOWN,UNKNOWN,PEDALCYCLIST,DIVIDED - W/MEDIAN (NOT RAISED),STRAIGHT AND LEVEL,UNKNOWN,UNKNOWN,,UNABLE TO DETERMINE,UNABLE TO DETERMINE,,NO INDICATION OF INJURY,20,9,41.9082031965,-87.6347665917,2023,30,POINT (-87.6347665917 41.9082031965),,,,,2023-09-30,False,7,Near North Side
9839,30,TRAFFIC SIGNAL,FUNCTIONING PROPERLY,CLEAR,DAYLIGHT,PEDALCYCLIST,"FIVE POINT, OR MORE",STRAIGHT AND LEVEL,DRY,WORN SURFACE,Y,FAILING TO YIELD RIGHT-OF-WAY,FAILING TO YIELD RIGHT-OF-WAY,,NONINCAPACITATING INJURY,12,10,41.819988466,-87.6944184432,2023,30,POINT (-87.6944184432 41.819988466),,,,,2023-10-01,False,29,South Lawndale
9840,30,NO CONTROLS,NO CONTROLS,CLEAR,DAYLIGHT,PEDALCYCLIST,NOT DIVIDED,STRAIGHT AND LEVEL,DRY,NO DEFECTS,,FAILING TO YIELD RIGHT-OF-WAY,NOT APPLICABLE,Y,NONINCAPACITATING INJURY,12,10,41.9615557913,-87.6798622733,2023,30,POINT (-87.6798622733 41.9615557913),,,,,2023-10-01,False,3,Lincoln Square
9841,30,NO CONTROLS,NO CONTROLS,CLEAR,DAYLIGHT,PEDALCYCLIST,NOT DIVIDED,STRAIGHT AND LEVEL,DRY,UNKNOWN,,UNABLE TO DETERMINE,UNABLE TO DETERMINE,,NONINCAPACITATING INJURY,13,10,41.8156078918,-87.6822776657,2023,30,POINT (-87.6822776657 41.8156078918),,,,,2023-10-01,False,60,New City
9842,15,NO CONTROLS,NO CONTROLS,CLEAR,DAYLIGHT,PEDALCYCLIST,NOT DIVIDED,STRAIGHT AND LEVEL,DRY,NO DEFECTS,,UNABLE TO DETERMINE,NOT APPLICABLE,,NONINCAPACITATING INJURY,14,10,41.7860014911,-87.6885581264,2023,15,POINT (-87.6885581264 41.7860014911),,,,,2023-10-01,False,65,Chicago Lawn
9843,30,TRAFFIC SIGNAL,FUNCTIONING PROPERLY,CLEAR,DAYLIGHT,PEDALCYCLIST,NOT DIVIDED,STRAIGHT ON GRADE,DRY,NO DEFECTS,Y,DISREGARDING TRAFFIC SIGNALS,FAILING TO REDUCE SPEED TO AVOID CRASH,,NONINCAPACITATING INJURY,15,10,41.9762051282,-87.6747765499,2023,30,POINT (-87.6747765499 41.9762051282),,,,,2023-10-01,False,3,Lincoln Square
9844,25,NO CONTROLS,NO CONTROLS,CLEAR,DAYLIGHT,PEDALCYCLIST,ONE-WAY,STRAIGHT AND LEVEL,DRY,NO DEFECTS,,FOLLOWING TOO CLOSELY,NOT APPLICABLE,,NONINCAPACITATING INJURY,17,10,41.9666623852,-87.7749093427,2023,25,POINT (-87.7749093427 41.9666623852),,,,,2023-10-01,False,14,Portage Park
9845,30,TRAFFIC SIGNAL,FUNCTIONING PROPERLY,CLEAR,DAWN,PEDALCYCLIST,DIVIDED - W/MEDIAN (NOT RAISED),STRAIGHT AND LEVEL,DRY,NO DEFECTS,Y,UNABLE TO DETERMINE,UNABLE TO DETERMINE,,"REPORTED, NOT EVIDENT",18,10,41.7858884944,-87.7231065914,2023,30,POINT (-87.7231065914 41.7858884944),,,,,2023-10-01,False,61,West Elsdon
9846,30,NO CONTROLS,NO CONTROLS,CLEAR,"DARKNESS, LIGHTED ROAD",PEDALCYCLIST,ONE-WAY,STRAIGHT AND LEVEL,DRY,NO DEFECTS,,UNABLE TO DETERMINE,NOT APPLICABLE,,NO INDICATION OF INJURY,19,10,41.7490285683,-87.6246230458,2023,30,POINT (-87.6246230458 41.7490285683),,,,,2023-10-01,False,43,Chatham
9847,30,TRAFFIC SIGNAL,FUNCTIONING PROPERLY,CLEAR,"DARKNESS, LIGHTED ROAD",PEDALCYCLIST,NOT REPORTED,STRAIGHT AND LEVEL,DRY,NO DEFECTS,Y,DISREGARDING TRAFFIC SIGNALS,FAILING TO YIELD RIGHT-OF-WAY,,NO INDICATION OF INJURY,19,10,41.9723088789,-87.6791462351,2023,30,POINT (-87.6791462351 41.9723088789),,,,,2023-10-01,False,3,Lincoln Square
9848,20,NO CONTROLS,NO CONTROLS,CLEAR,"DARKNESS, LIGHTED ROAD",PEDALCYCLIST,ONE-WAY,STRAIGHT AND LEVEL,DRY,NO DEFECTS,,UNABLE TO DETERMINE,NOT APPLICABLE,,NO INDICATION OF INJURY,20,10,41.9614409508,-87.7252461475,2023,20,POINT (-87.7252461475 41.9614409508),,,,,2023-10-01,False,13,Albany Park
9849,30,NO CONTROLS,NO CONTROLS,CLEAR,DARKNESS,PEDALCYCLIST,ONE-WAY,STRAIGHT AND LEVEL,DRY,UNKNOWN,,DRIVING ON WRONG SIDE/WRONG WAY,FAILING TO YIELD RIGHT-OF-WAY,,NO INDICATION OF INJURY,21,10,41.9884482924,-87.6580175364,2023,30,POINT (-87.6580175364 41.9884482924),,,,,2023-10-01,False,76,Edgewater
9850,30,TRAFFIC SIGNAL,FUNCTIONING PROPERLY,CLEAR,DAYLIGHT,PEDALCYCLIST,ONE-WAY,STRAIGHT AND LEVEL,DRY,UNKNOWN,Y,UNABLE TO DETERMINE,FAILING TO YIELD RIGHT-OF-WAY,,"REPORTED, NOT EVIDENT",7,10,41.875903095,-87.7009314798,2023,30,POINT (-87.7009314798 41.875903095),,,,,2023-10-02,False,26,Garfield Park
9851,30,TRAFFIC SIGNAL,FUNCTIONING PROPERLY,CLEAR,DAYLIGHT,PEDALCYCLIST,NOT DIVIDED,STRAIGHT AND LEVEL,UNKNOWN,UNKNOWN,Y,DISREGARDING TRAFFIC SIGNALS,"VISION OBSCURED (SIGNS, TREE LIMBS, BUILDINGS, ETC.)",,NONINCAPACITATING INJURY,8,10,41.8844742743,-87.6135613672,2023,30,POINT (-87.6135613672 41.8844742743),,,,,2023-10-02,False,31,Loop
9852,30,TRAFFIC SIGNAL,FUNCTIONING PROPERLY,CLEAR,DAYLIGHT,PEDALCYCLIST,DIVIDED - W/MEDIAN BARRIER,STRAIGHT AND LEVEL,DRY,NO DEFECTS,Y,FAILING TO YIELD RIGHT-OF-WAY,FAILING TO REDUCE SPEED TO AVOID CRASH,,NONINCAPACITATING INJURY,8,10,41.8854749005,-87.6628051847,2023,30,POINT (-87.6628051847 41.8854749005),,,,,2023-10-02,False,27,Near West Side
9853,30,TRAFFIC SIGNAL,FUNCTIONING PROPERLY,CLEAR,DAYLIGHT,PEDALCYCLIST,NOT DIVIDED,STRAIGHT AND LEVEL,DRY,NO DEFECTS,Y,UNABLE TO DETERMINE,UNABLE TO DETERMINE,,NONINCAPACITATING INJURY,9,10,41.8707919761,-87.7157043652,2023,30,POINT (-87.7157043652 41.8707919761),,,,,2023-10-02,False,26,Garfield Park
9854,20,STOP SIGN/FLASHER,FUNCTIONING PROPERLY,CLEAR,DAYLIGHT,PEDALCYCLIST,DIVIDED - W/MEDIAN (NOT RAISED),STRAIGHT AND LEVEL,DRY,NO DEFECTS,,UNABLE TO DETERMINE,UNABLE TO DETERMINE,,NONINCAPACITATING INJURY,15,10,41.965375616,-87.6499565262,2023,20,POINT (-87.6499565262 41.965375616),,,,,2023-10-02,False,2,Uptown
9855,30,UNKNOWN,FUNCTIONING PROPERLY,CLEAR,DAWN,PEDALCYCLIST,FOUR WAY,STRAIGHT AND LEVEL,DRY,NO DEFECTS,Y,UNABLE TO DETERMINE,NOT APPLICABLE,N,NONINCAPACITATING INJURY,17,10,41.9652701444,-87.657554292,2023,30,POINT (-87.657554292 41.9652701444),,,,,2023-10-02,False,2,Uptown
9856,30,NO CONTROLS,NO CONTROLS,CLEAR,DAYLIGHT,PEDALCYCLIST,ONE-WAY,STRAIGHT AND LEVEL,DRY,UNKNOWN,,DRIVING SKILLS/KNOWLEDGE/EXPERIENCE,DRIVING SKILLS/KNOWLEDGE/EXPERIENCE,,NO INDICATION OF INJURY,17,10,41.8846019061,-87.6276141748,2023,30,POINT (-87.6276141748 41.8846019061),,,,,2023-10-02,False,31,Loop
9857,40,NO CONTROLS,NO CONTROLS,CLEAR,"DARKNESS, LIGHTED ROAD",PEDALCYCLIST,DIVIDED - W/MEDIAN (NOT RAISED),STRAIGHT AND LEVEL,DRY,NO DEFECTS,,UNABLE TO DETERMINE,NOT APPLICABLE,,NONINCAPACITATING INJURY,19,10,41.9800892177,-87.6524061247,2023,40,POINT (-87.6524061247 41.9800892177),,,,,2023-10-02,False,76,Edgewater
9858,30,TRAFFIC SIGNAL,FUNCTIONING PROPERLY,CLEAR,DARKNESS,PEDALCYCLIST,FOUR WAY,STRAIGHT AND LEVEL,DRY,NO DEFECTS,Y,IMPROPER TURNING/NO SIGNAL,FAILING TO REDUCE SPEED TO AVOID CRASH,,NONINCAPACITATING INJURY,19,10,41.8883435281,-87.6246487615,2023,30,POINT (-87.6246487615 41.8883435281),,,,,2023-10-02,False,7,Near North Side
9859,30,NO CONTROLS,NO CONTROLS,CLEAR,"DARKNESS, LIGHTED ROAD",PEDALCYCLIST,DIVIDED - W/MEDIAN BARRIER,STRAIGHT AND LEVEL,DRY,NO DEFECTS,,UNABLE TO DETERMINE,UNABLE TO DETERMINE,,NONINCAPACITATING INJURY,21,10,41.8879144976,-87.6244134303,2023,30,POINT (-87.6244134303 41.8879144976),,,,,2023-10-02,False,7,Near North Side
9860,30,TRAFFIC SIGNAL,FUNCTIONING PROPERLY,CLEAR,"DARKNESS, LIGHTED ROAD",PEDALCYCLIST,ONE-WAY,STRAIGHT AND LEVEL,DRY,NO DEFECTS,Y,UNABLE TO DETERMINE,NOT APPLICABLE,,"REPORTED, NOT EVIDENT",22,10,41.9082555487,-87.7313611584,2023,30,POINT (-87.7313611584 41.9082555487),,,,,2023-10-02,False,22,Humboldt Park
9861,35,TRAFFIC SIGNAL,UNKNOWN,CLEAR,"DARKNESS, LIGHTED ROAD",PEDALCYCLIST,FOUR WAY,STRAIGHT AND LEVEL,DRY,NO DEFECTS,Y,UNABLE TO DETERMINE,UNABLE TO DETERMINE,,NO INDICATION OF INJURY,22,10,41.8015371521,-87.6454903606,2023,35,POINT (-87.6454903606 41.8015371521),,,,,2023-10-02,False,60,New City
9862,30,NO CONTROLS,NO CONTROLS,CLEAR,"DARKNESS, LIGHTED ROAD",PEDALCYCLIST,ONE-WAY,STRAIGHT AND LEVEL,DRY,NO DEFECTS,,IMPROPER OVERTAKING/PASSING,UNABLE TO DETERMINE,,NO INDICATION OF INJURY,0,10,41.8899304399,-87.6295259415,2023,30,POINT (-87.6295259415 41.8899304399),,,,,2023-10-03,False,7,Near North Side
9863,30,NO CONTROLS,NO CONTROLS,CLEAR,DAYLIGHT,PEDALCYCLIST,DIVIDED - W/MEDIAN BARRIER,STRAIGHT AND LEVEL,DRY,NO DEFECTS,,UNABLE TO DETERMINE,NOT APPLICABLE,,NONINCAPACITATING INJURY,7,10,41.8931710772,-87.6324898726,2023,30,POINT (-87.6324898726 41.8931710772),,,,,2023-10-03,False,7,Near North Side
9864,30,TRAFFIC SIGNAL,FUNCTIONING PROPERLY,CLEAR,DAYLIGHT,PEDALCYCLIST,FOUR WAY,STRAIGHT AND LEVEL,DRY,NO DEFECTS,Y,TURNING RIGHT ON RED,IMPROPER TURNING/NO SIGNAL,,NONINCAPACITATING INJURY,8,10,41.9259173033,-87.6781801452,2023,30,POINT (-87.6781801452 41.9259173033),,,,,2023-10-03,False,6,Lincoln Park
9865,30,STOP SIGN/FLASHER,FUNCTIONING PROPERLY,CLEAR,DAYLIGHT,PEDALCYCLIST,DIVIDED - W/MEDIAN (NOT RAISED),STRAIGHT AND LEVEL,DRY,NO DEFECTS,,DISTRACTION - FROM OUTSIDE VEHICLE,FAILING TO REDUCE SPEED TO AVOID CRASH,,"REPORTED, NOT EVIDENT",8,10,41.8076530607,-87.749213528,2023,30,POINT (-87.749213528 41.8076530607),,,,,2023-10-03,False,55,Garfield Ridge
9866,30,STOP SIGN/FLASHER,FUNCTIONING PROPERLY,CLEAR,DAYLIGHT,PEDALCYCLIST,NOT DIVIDED,STRAIGHT AND LEVEL,DRY,NO DEFECTS,,NOT APPLICABLE,NOT APPLICABLE,,"REPORTED, NOT EVIDENT",9,10,41.881808327,-87.6495523873,2023,30,POINT (-87.6495523873 41.881808327),,,,,2023-10-03,False,27,Near West Side
9867,30,NO CONTROLS,NO CONTROLS,CLEAR,DAYLIGHT,PEDALCYCLIST,NOT DIVIDED,STRAIGHT AND LEVEL,DRY,NO DEFECTS,,FAILING TO YIELD RIGHT-OF-WAY,NOT APPLICABLE,Y,NONINCAPACITATING INJURY,12,10,41.8544202133,-87.6463973992,2023,30,POINT (-87.6463973992 41.8544202133),,,,,2023-10-03,False,30,Lower West Side
9868,30,STOP SIGN/FLASHER,FUNCTIONING PROPERLY,CLEAR,DAYLIGHT,PEDALCYCLIST,FOUR WAY,STRAIGHT AND LEVEL,DRY,NO DEFECTS,Y,FAILING TO YIELD RIGHT-OF-WAY,DISREGARDING STOP SIGN,,NONINCAPACITATING INJURY,15,10,41.9697131373,-87.6459685332,2023,30,POINT (-87.6459685332 41.9697131373),,,,,2023-10-03,False,2,Uptown
9869,30,TRAFFIC SIGNAL,FUNCTIONING PROPERLY,CLEAR,DAYLIGHT,PEDALCYCLIST,FOUR WAY,STRAIGHT AND LEVEL,DRY,NO DEFECTS,Y,DISREGARDING TRAFFIC SIGNALS,NOT APPLICABLE,Y,NO INDICATION OF INJURY,16,10,41.8845243618,-87.627764549,2023,30,POINT (-87.627764549 41.8845243618),,,,,2023-10-03,False,31,Loop
9870,30,TRAFFIC SIGNAL,FUNCTIONING PROPERLY,CLEAR,DAYLIGHT,PEDALCYCLIST,FOUR WAY,STRAIGHT AND LEVEL,DRY,NO DEFECTS,,DISREGARDING OTHER TRAFFIC SIGNS,DISREGARDING OTHER TRAFFIC SIGNS,,NONINCAPACITATING INJURY,16,10,41.7748496747,-87.605869816,2023,30,POINT (-87.605869816 41.7748496747),,,,,2023-10-03,False,41,Woodlawn
9871,30,UNKNOWN,UNKNOWN,UNKNOWN,UNKNOWN,PEDALCYCLIST,DRIVEWAY,STRAIGHT AND LEVEL,UNKNOWN,UNKNOWN,,UNABLE TO DETERMINE,UNABLE TO DETERMINE,,NO INDICATION OF INJURY,17,10,41.8953472932,-87.6283118761,2023,30,POINT (-87.6283118761 41.8953472932),,,,,2023-10-03,False,7,Near North Side
9872,15,NO CONTROLS,NO CONTROLS,CLEAR,DAYLIGHT,PEDALCYCLIST,ALLEY,STRAIGHT AND LEVEL,DRY,NO DEFECTS,,UNABLE TO DETERMINE,NOT APPLICABLE,,NONINCAPACITATING INJURY,18,10,41.9179464734,-87.6894639068,2023,15,POINT (-87.6894639068 41.9179464734),,,,,2023-10-03,False,21,Logan Square
9873,30,TRAFFIC SIGNAL,FUNCTIONING PROPERLY,CLEAR,DUSK,PEDALCYCLIST,DIVIDED - W/MEDIAN BARRIER,STRAIGHT AND LEVEL,DRY,NO DEFECTS,Y,FAILING TO YIELD RIGHT-OF-WAY,FAILING TO YIELD RIGHT-OF-WAY,,"REPORTED, NOT EVIDENT",18,10,41.871374327,-87.675972838,2023,30,POINT (-87.675972838 41.871374327),,,,,2023-10-03,False,27,Near West Side
9874,30,TRAFFIC SIGNAL,FUNCTIONING PROPERLY,CLEAR,DARKNESS,PEDALCYCLIST,DIVIDED - W/MEDIAN (NOT RAISED),STRAIGHT AND LEVEL,DRY,NO DEFECTS,N,UNABLE TO DETERMINE,UNABLE TO DETERMINE,,INCAPACITATING INJURY,20,10,41.7357686533,-87.6583492732,2023,30,POINT (-87.6583492732 41.7357686533),,,,,2023-10-03,True,70,Auburn Gresham
9875,30,NO CONTROLS,NO CONTROLS,CLEAR,"DARKNESS, LIGHTED ROAD",PEDALCYCLIST,NOT DIVIDED,STRAIGHT AND LEVEL,DRY,NO DEFECTS,,FAILING TO YIELD RIGHT-OF-WAY,IMPROPER TURNING/NO SIGNAL,,NO INDICATION OF INJURY,3,10,41.8776495584,-87.6291362753,2023,30,POINT (-87.6291362753 41.8776495584),,,,,2023-10-04,False,31,Loop
9876,30,TRAFFIC SIGNAL,FUNCTIONING PROPERLY,CLEAR,DAYLIGHT,PEDALCYCLIST,FOUR WAY,STRAIGHT AND LEVEL,DRY,NO DEFECTS,Y,FAILING TO REDUCE SPEED TO AVOID CRASH,DRIVING SKILLS/KNOWLEDGE/EXPERIENCE,,NO INDICATION OF INJURY,8,10,41.9394405612,-87.7077185163,2023,30,POINT (-87.7077185163 41.9394405612),,,,,2023-10-04,False,15,Irving Park
9877,20,NO CONTROLS,NO CONTROLS,CLEAR,DAYLIGHT,PEDALCYCLIST,NOT DIVIDED,STRAIGHT AND LEVEL,DRY,NO DEFECTS,Y,FAILING TO YIELD RIGHT-OF-WAY,NOT APPLICABLE,,NO INDICATION OF INJURY,9,10,41.9278910804,-87.6559717213,2023,20,POINT (-87.6559717213 41.9278910804),,,,,2023-10-04,False,6,Lincoln Park
9878,30,NO CONTROLS,NO CONTROLS,UNKNOWN,DAYLIGHT,PEDALCYCLIST,NOT DIVIDED,STRAIGHT AND LEVEL,UNKNOWN,UNKNOWN,,NOT APPLICABLE,NOT APPLICABLE,Y,NONINCAPACITATING INJURY,9,10,41.9451524031,-87.6726503545,2023,30,POINT (-87.6726503545 41.9451524031),,,,,2023-10-04,False,5,Lake View
9879,20,NO CONTROLS,NO CONTROLS,CLEAR,DAYLIGHT,PEDALCYCLIST,NOT DIVIDED,STRAIGHT AND LEVEL,DRY,NO DEFECTS,,FAILING TO YIELD RIGHT-OF-WAY,NOT APPLICABLE,,NO INDICATION OF INJURY,10,10,41.9165831784,-87.6585721385,2023,20,POINT (-87.6585721385 41.9165831784),,,,,2023-10-04,False,6,Lincoln Park
9880,30,TRAFFIC SIGNAL,FUNCTIONING PROPERLY,CLEAR,DAYLIGHT,PEDALCYCLIST,NOT DIVIDED,STRAIGHT AND LEVEL,DRY,NO DEFECTS,,UNABLE TO DETERMINE,UNABLE TO DETERMINE,,"REPORTED, NOT EVIDENT",11,10,41.945592917,-87.6553914759,2023,30,POINT (-87.6553914759 41.945592917),,,,,2023-10-04,False,5,Lake View
9881,20,NO CONTROLS,NO CONTROLS,CLEAR,DAYLIGHT,PEDALCYCLIST,NOT DIVIDED,STRAIGHT AND LEVEL,DRY,NO DEFECTS,,UNABLE TO DETERMINE,UNABLE TO DETERMINE,,NONINCAPACITATING INJURY,12,10,41.8735822883,-87.705488126,2023,20,POINT (-87.705488126 41.8735822883),,,,,2023-10-04,False,26,Garfield Park
9882,30,NO CONTROLS,NO CONTROLS,CLEAR,DAYLIGHT,PEDALCYCLIST,NOT DIVIDED,STRAIGHT AND LEVEL,DRY,UNKNOWN,,UNABLE TO DETERMINE,UNABLE TO DETERMINE,,NO INDICATION OF INJURY,15,10,41.9098297115,-87.7386109591,2023,30,POINT (-87.7386109591 41.9098297115),,,,,2023-10-04,False,22,Humboldt Park
9883,30,NO CONTROLS,NO CONTROLS,CLEAR,DAYLIGHT,PEDALCYCLIST,DIVIDED - W/MEDIAN (NOT RAISED),STRAIGHT AND LEVEL,DRY,NO DEFECTS,,IMPROPER OVERTAKING/PASSING,UNABLE TO DETERMINE,,INCAPACITATING INJURY,15,10,41.8004307681,-87.5872569118,2023,30,POINT (-87.5872569118 41.8004307681),,,,,2023-10-04,True,40,Hyde Park
9884,30,STOP SIGN/FLASHER,FUNCTIONING PROPERLY,CLEAR,DAYLIGHT,PEDALCYCLIST,ONE-WAY,STRAIGHT AND LEVEL,DRY,NO DEFECTS,,FAILING TO YIELD RIGHT-OF-WAY,UNABLE TO DETERMINE,,"REPORTED, NOT EVIDENT",15,10,41.8993976984,-87.6895442382,2023,30,POINT (-87.6895442382 41.8993976984),,,,,2023-10-04,False,23,West Town
9885,30,NO CONTROLS,NO CONTROLS,CLEAR,DAYLIGHT,PEDALCYCLIST,NOT DIVIDED,STRAIGHT AND LEVEL,DRY,NO DEFECTS,,UNABLE TO DETERMINE,UNABLE TO DETERMINE,,INCAPACITATING INJURY,16,10,41.9455019274,-87.6641222632,2023,30,POINT (-87.6641222632 41.9455019274),,,,,2023-10-04,True,5,Lake View
9886,30,NO CONTROLS,NO CONTROLS,CLOUDY/OVERCAST,DAYLIGHT,PEDALCYCLIST,NOT DIVIDED,STRAIGHT AND LEVEL,DRY,NO DEFECTS,,NOT APPLICABLE,NOT APPLICABLE,Y,NONINCAPACITATING INJURY,17,10,41.9315824891,-87.6575567754,2023,30,POINT (-87.6575567754 41.9315824891),,,,,2023-10-04,False,6,Lincoln Park
9887,30,UNKNOWN,UNKNOWN,UNKNOWN,UNKNOWN,PEDALCYCLIST,NOT DIVIDED,STRAIGHT AND LEVEL,UNKNOWN,UNKNOWN,,UNABLE TO DETERMINE,NOT APPLICABLE,,NO INDICATION OF INJURY,18,10,41.9775382402,-87.7782892508,2023,30,POINT (-87.7782892508 41.9775382402),,,,,2023-10-04,False,10,Jefferson Park
9888,30,NO CONTROLS,NO CONTROLS,CLEAR,DARKNESS,PEDALCYCLIST,NOT DIVIDED,STRAIGHT AND LEVEL,DRY,NO DEFECTS,,FAILING TO YIELD RIGHT-OF-WAY,FAILING TO REDUCE SPEED TO AVOID CRASH,,NONINCAPACITATING INJURY,18,10,41.7759605749,-87.7225445388,2023,30,POINT (-87.7225445388 41.7759605749),,,,,2023-10-04,False,64,West Lawn
9889,25,STOP SIGN/FLASHER,NO CONTROLS,CLEAR,"DARKNESS, LIGHTED ROAD",PEDALCYCLIST,FOUR WAY,STRAIGHT AND LEVEL,DRY,NO DEFECTS,Y,UNABLE TO DETERMINE,UNABLE TO DETERMINE,,INCAPACITATING INJURY,19,10,41.9476610208,-87.761693753,2023,25,POINT (-87.761693753 41.9476610208),,,,,2023-10-04,True,14,Portage Park
9890,30,STOP SIGN/FLASHER,FUNCTIONING PROPERLY,CLEAR,"DARKNESS, LIGHTED ROAD",PEDALCYCLIST,DIVIDED - W/MEDIAN (NOT RAISED),STRAIGHT AND LEVEL,DRY,NO DEFECTS,,FAILING TO YIELD RIGHT-OF-WAY,UNABLE TO DETERMINE,,"REPORTED, NOT EVIDENT",21,10,41.8309851483,-87.6194841466,2023,30,POINT (-87.6194841466 41.8309851483),,,,,2023-10-04,False,34,Douglas
9891,30,TRAFFIC SIGNAL,FUNCTIONING PROPERLY,CLEAR,"DARKNESS, LIGHTED ROAD",PEDALCYCLIST,FOUR WAY,STRAIGHT AND LEVEL,DRY,NO DEFECTS,Y,DISREGARDING TRAFFIC SIGNALS,DISREGARDING TRAFFIC SIGNALS,,NO INDICATION OF INJURY,21,10,41.8806012751,-87.6410073768,2023,30,POINT (-87.6410073768 41.8806012751),,,,,2023-10-04,False,27,Near West Side
9892,30,TRAFFIC SIGNAL,FUNCTIONING PROPERLY,RAIN,"DARKNESS, LIGHTED ROAD",PEDALCYCLIST,FOUR WAY,STRAIGHT AND LEVEL,WET,NO DEFECTS,Y,DISREGARDING TRAFFIC SIGNALS,NOT APPLICABLE,,NONINCAPACITATING INJURY,23,10,41.8845205564,-87.6280582821,2023,30,POINT (-87.6280582821 41.8845205564),,,,,2023-10-04,False,31,Loop
9893,30,NO CONTROLS,NO CONTROLS,RAIN,DAYLIGHT,PEDALCYCLIST,NOT DIVIDED,STRAIGHT AND LEVEL,WET,NO DEFECTS,,FAILING TO YIELD RIGHT-OF-WAY,NOT APPLICABLE,,NONINCAPACITATING INJURY,7,10,41.9183521286,-87.6597338204,2023,30,POINT (-87.6597338204 41.9183521286),,,,,2023-10-05,False,6,Lincoln Park
9894,30,NO CONTROLS,NO CONTROLS,CLEAR,DAYLIGHT,PEDALCYCLIST,NOT DIVIDED,STRAIGHT AND LEVEL,WET,UNKNOWN,,UNABLE TO DETERMINE,UNABLE TO DETERMINE,Y,NONINCAPACITATING INJURY,7,10,41.9171596755,-87.7358724596,2023,30,POINT (-87.7358724596 41.9171596755),,,,,2023-10-05,False,19,Hermosa
9895,30,NO CONTROLS,NO CONTROLS,CLOUDY/OVERCAST,DAYLIGHT,PEDALCYCLIST,NOT DIVIDED,STRAIGHT AND LEVEL,WET,NO DEFECTS,,FAILING TO YIELD RIGHT-OF-WAY,"VISION OBSCURED (SIGNS, TREE LIMBS, BUILDINGS, ETC.)",,NONINCAPACITATING INJURY,9,10,41.9180619549,-87.6490715842,2023,30,POINT (-87.6490715842 41.9180619549),,,,,2023-10-05,False,6,Lincoln Park
9896,30,NO CONTROLS,NO CONTROLS,CLEAR,DAYLIGHT,PEDALCYCLIST,ONE-WAY,STRAIGHT AND LEVEL,WET,NO DEFECTS,,UNABLE TO DETERMINE,UNABLE TO DETERMINE,,NONINCAPACITATING INJURY,12,10,42.0024367922,-87.6612666121,2023,30,POINT (-87.6612666121 42.0024367922),,,,,2023-10-05,False,0,Rogers Park
9897,30,STOP SIGN/FLASHER,FUNCTIONING PROPERLY,CLEAR,DAYLIGHT,PEDALCYCLIST,DIVIDED - W/MEDIAN (NOT RAISED),STRAIGHT AND LEVEL,DRY,NO DEFECTS,,UNABLE TO DETERMINE,UNABLE TO DETERMINE,,NONINCAPACITATING INJURY,13,10,42.0140411323,-87.6639709089,2023,30,POINT (-87.6639709089 42.0140411323),,,,,2023-10-05,False,0,Rogers Park
9898,30,NO CONTROLS,NO CONTROLS,CLEAR,DAYLIGHT,PEDALCYCLIST,NOT DIVIDED,STRAIGHT AND LEVEL,UNKNOWN,UNKNOWN,,UNABLE TO DETERMINE,UNABLE TO DETERMINE,,INCAPACITATING INJURY,15,10,42.0226602681,-87.6766472381,2023,30,POINT (-87.6766472381 42.0226602681),,,,,2023-10-05,True,0,Rogers Park