Unnamed: 0,POSTED_SPEED_LIMIT,TRAFFIC_CONTROL_DEVICE,DEVICE_CONDITION,WEATHER_CONDITION,LIGHTING_CONDITION,FIRST_CRASH_TYPE,TRAFFICWAY_TYPE,ALIGNMENT,ROADWAY_SURFACE_COND,ROAD_DEFECT,INTERSECTION_RELATED_I,PRIM_CONTRIBUTORY_CAUSE,SEC_CONTRIBUTORY_CAUSE,DOORING_I,MOST_SEVERE_INJURY,CRASH_HOUR,CRASH_MONTH,LATITUDE,LONGITUDE,CRASH_YEAR,SPEED_LIMIT,geometry,DISPLAYROU,the_geom,DIST,LANE_TYPE,CRASH_DATE,is_severe,index_right,CArea
9899,30,NO CONTROLS,NO CONTROLS,CLEAR,DAYLIGHT,PEDALCYCLIST,NOT DIVIDED,STRAIGHT AND LEVEL,DRY,UNKNOWN,,"VISION OBSCURED (SIGNS, TREE LIMBS, BUILDINGS, ETC.)",UNABLE TO DETERMINE,,NO INDICATION OF INJURY,17,10,41.9978970135,-87.6865860596,2023,30,POINT (-87.6865860596 41.9978970135),,,,,2023-10-05,False,1,West Ridge
9900,30,NO CONTROLS,NO CONTROLS,CLEAR,DAYLIGHT,PEDALCYCLIST,UNKNOWN INTERSECTION TYPE,STRAIGHT AND LEVEL,DRY,NO DEFECTS,Y,FAILING TO YIELD RIGHT-OF-WAY,NOT APPLICABLE,,NONINCAPACITATING INJURY,17,10,41.9609972642,-87.7105429063,2023,30,POINT (-87.7105429063 41.9609972642),,,,,2023-10-05,False,13,Albany Park
9901,25,NO CONTROLS,NO CONTROLS,CLEAR,DAYLIGHT,PEDALCYCLIST,ONE-WAY,STRAIGHT AND LEVEL,DRY,NO DEFECTS,,UNABLE TO DETERMINE,UNABLE TO DETERMINE,,NO INDICATION OF INJURY,18,10,41.935863048,-87.6963679936,2023,25,POINT (-87.6963679936 41.935863048),,,,,2023-10-05,False,4,North Center
9902,30,STOP SIGN/FLASHER,NO CONTROLS,CLEAR,DAYLIGHT,PEDALCYCLIST,FOUR WAY,STRAIGHT AND LEVEL,DRY,NO DEFECTS,,FAILING TO YIELD RIGHT-OF-WAY,NOT APPLICABLE,,"REPORTED, NOT EVIDENT",7,10,41.8752053419,-87.6619659337,2023,30,POINT (-87.6619659337 41.8752053419),,,,,2023-10-06,False,27,Near West Side
9903,25,NO CONTROLS,NO CONTROLS,CLEAR,DAYLIGHT,PEDALCYCLIST,NOT DIVIDED,STRAIGHT AND LEVEL,DRY,NO DEFECTS,,IMPROPER OVERTAKING/PASSING,NOT APPLICABLE,,NONINCAPACITATING INJURY,7,10,41.9997015499,-87.6657084185,2023,25,POINT (-87.6657084185 41.9997015499),,,,,2023-10-06,False,0,Rogers Park
9904,30,STOP SIGN/FLASHER,FUNCTIONING PROPERLY,CLEAR,DAYLIGHT,PEDALCYCLIST,NOT DIVIDED,STRAIGHT AND LEVEL,DRY,NO DEFECTS,Y,UNABLE TO DETERMINE,UNABLE TO DETERMINE,,NONINCAPACITATING INJURY,8,10,41.9527655539,-87.7277366939,2023,30,POINT (-87.7277366939 41.9527655539),,,,,2023-10-06,False,15,Irving Park
9905,30,NO CONTROLS,NO CONTROLS,CLEAR,DAYLIGHT,PEDALCYCLIST,NOT DIVIDED,STRAIGHT AND LEVEL,DRY,UNKNOWN,Y,IMPROPER TURNING/NO SIGNAL,FAILING TO YIELD RIGHT-OF-WAY,,NONINCAPACITATING INJURY,8,10,41.9267022199,-87.6507306957,2023,30,POINT (-87.6507306957 41.9267022199),,,,,2023-10-06,False,6,Lincoln Park
9906,30,TRAFFIC SIGNAL,UNKNOWN,CLEAR,DAYLIGHT,PEDALCYCLIST,NOT DIVIDED,STRAIGHT AND LEVEL,UNKNOWN,UNKNOWN,Y,UNABLE TO DETERMINE,UNABLE TO DETERMINE,,"REPORTED, NOT EVIDENT",9,10,41.9377105704,-87.6490321065,2023,30,POINT (-87.6490321065 41.9377105704),,,,,2023-10-06,False,5,Lake View
9907,30,TRAFFIC SIGNAL,FUNCTIONING PROPERLY,CLEAR,DAYLIGHT,PEDALCYCLIST,FOUR WAY,STRAIGHT AND LEVEL,DRY,NO DEFECTS,Y,UNABLE TO DETERMINE,NOT APPLICABLE,,NO INDICATION OF INJURY,10,10,41.9532928473,-87.7670657078,2023,30,POINT (-87.7670657078 41.9532928473),,,,,2023-10-06,False,14,Portage Park
9908,30,STOP SIGN/FLASHER,FUNCTIONING PROPERLY,CLEAR,DAYLIGHT,PEDALCYCLIST,T-INTERSECTION,STRAIGHT AND LEVEL,DRY,NO DEFECTS,Y,UNABLE TO DETERMINE,NOT APPLICABLE,,"REPORTED, NOT EVIDENT",14,10,41.9522625443,-87.6982505194,2023,30,POINT (-87.6982505194 41.9522625443),,,,,2023-10-06,False,15,Irving Park
9909,30,TRAFFIC SIGNAL,FUNCTIONING PROPERLY,CLOUDY/OVERCAST,DAYLIGHT,PEDALCYCLIST,FOUR WAY,STRAIGHT AND LEVEL,UNKNOWN,UNKNOWN,Y,FAILING TO YIELD RIGHT-OF-WAY,NOT APPLICABLE,,NO INDICATION OF INJURY,15,10,41.9905527855,-87.6993426384,2023,30,POINT (-87.6993426384 41.9905527855),,,,,2023-10-06,False,1,West Ridge
9910,30,TRAFFIC SIGNAL,FUNCTIONING PROPERLY,CLEAR,DAYLIGHT,PEDALCYCLIST,OTHER,STRAIGHT AND LEVEL,DRY,NO DEFECTS,Y,FAILING TO YIELD RIGHT-OF-WAY,NOT APPLICABLE,Y,NONINCAPACITATING INJURY,17,10,41.87434258,-87.6261417704,2023,30,POINT (-87.6261417704 41.87434258),,,,,2023-10-06,False,31,Loop
9911,30,NO CONTROLS,NO CONTROLS,CLOUDY/OVERCAST,DAYLIGHT,PEDALCYCLIST,PARKING LOT,STRAIGHT AND LEVEL,WET,NO DEFECTS,,UNABLE TO DETERMINE,NOT APPLICABLE,,"REPORTED, NOT EVIDENT",17,10,41.8120385982,-87.684109505,2023,30,POINT (-87.684109505 41.8120385982),,,,,2023-10-06,False,57,Brighton Park
9912,30,STOP SIGN/FLASHER,FUNCTIONING PROPERLY,CLEAR,DAYLIGHT,PEDALCYCLIST,FOUR WAY,STRAIGHT AND LEVEL,DRY,NO DEFECTS,Y,FAILING TO YIELD RIGHT-OF-WAY,NOT APPLICABLE,,NONINCAPACITATING INJURY,17,10,41.7786863915,-87.7179999276,2023,30,POINT (-87.7179999276 41.7786863915),,,,,2023-10-06,False,64,West Lawn
9913,30,NO CONTROLS,NO CONTROLS,CLEAR,DAYLIGHT,PEDALCYCLIST,NOT DIVIDED,STRAIGHT AND LEVEL,DRY,NO DEFECTS,,UNABLE TO DETERMINE,NOT APPLICABLE,Y,NO INDICATION OF INJURY,17,10,41.9030768489,-87.692077311,2023,30,POINT (-87.692077311 41.9030768489),,,,,2023-10-06,False,22,Humboldt Park
9914,30,NO CONTROLS,NO CONTROLS,CLEAR,DARKNESS,PEDALCYCLIST,NOT DIVIDED,STRAIGHT AND LEVEL,WET,NO DEFECTS,,FAILING TO YIELD RIGHT-OF-WAY,NOT APPLICABLE,,NONINCAPACITATING INJURY,18,10,41.9538264099,-87.7081588632,2023,30,POINT (-87.7081588632 41.9538264099),,,,,2023-10-06,False,15,Irving Park
9915,30,TRAFFIC SIGNAL,FUNCTIONING PROPERLY,CLEAR,DAYLIGHT,PEDALCYCLIST,FOUR WAY,STRAIGHT AND LEVEL,DRY,NO DEFECTS,Y,FAILING TO YIELD RIGHT-OF-WAY,UNABLE TO DETERMINE,,NONINCAPACITATING INJURY,10,10,41.9544324414,-87.6624462591,2023,30,POINT (-87.6624462591 41.9544324414),,,,,2023-10-07,False,2,Uptown
9916,15,NO CONTROLS,NO CONTROLS,CLEAR,DAYLIGHT,PEDALCYCLIST,ONE-WAY,STRAIGHT AND LEVEL,DRY,NO DEFECTS,,UNABLE TO DETERMINE,UNABLE TO DETERMINE,,NO INDICATION OF INJURY,15,10,41.974823605,-87.7382316327,2023,15,POINT (-87.7382316327 41.974823605),,,,,2023-10-07,False,11,Forest Glen
9917,35,NO CONTROLS,NO CONTROLS,UNKNOWN,DUSK,PEDALCYCLIST,DIVIDED - W/MEDIAN (NOT RAISED),STRAIGHT AND LEVEL,UNKNOWN,NO DEFECTS,,UNABLE TO DETERMINE,UNABLE TO DETERMINE,,NO INDICATION OF INJURY,17,10,41.9099261116,-87.6765343566,2023,35,POINT (-87.6765343566 41.9099261116),,,,,2023-10-07,False,23,West Town
9918,35,NO CONTROLS,NO CONTROLS,CLEAR,"DARKNESS, LIGHTED ROAD",PEDALCYCLIST,DIVIDED - W/MEDIAN (NOT RAISED),STRAIGHT AND LEVEL,DRY,NO DEFECTS,,"OPERATING VEHICLE IN ERRATIC, RECKLESS, CARELESS, NEGLIGENT OR AGGRESSIVE MANNER",UNABLE TO DETERMINE,,INCAPACITATING INJURY,20,10,41.886603801,-87.7436834,2023,35,POINT (-87.7436834 41.886603801),,,,,2023-10-07,True,24,Austin
9919,30,NO CONTROLS,NO CONTROLS,CLEAR,"DARKNESS, LIGHTED ROAD",PEDALCYCLIST,NOT DIVIDED,STRAIGHT AND LEVEL,DRY,UNKNOWN,,FAILING TO YIELD RIGHT-OF-WAY,IMPROPER OVERTAKING/PASSING,,NONINCAPACITATING INJURY,23,10,41.9387793239,-87.759016869,2023,30,POINT (-87.759016869 41.9387793239),,,,,2023-10-07,False,14,Portage Park
9920,30,TRAFFIC SIGNAL,FUNCTIONING PROPERLY,CLEAR,"DARKNESS, LIGHTED ROAD",PEDALCYCLIST,FOUR WAY,STRAIGHT AND LEVEL,DRY,UNKNOWN,Y,UNABLE TO DETERMINE,UNABLE TO DETERMINE,,NONINCAPACITATING INJURY,1,10,41.9037455573,-87.6481670106,2023,30,POINT (-87.6481670106 41.9037455573),,,,,2023-10-08,False,7,Near North Side
9921,30,TRAFFIC SIGNAL,UNKNOWN,CLEAR,"DARKNESS, LIGHTED ROAD",PEDALCYCLIST,DIVIDED - W/MEDIAN (NOT RAISED),STRAIGHT AND LEVEL,DRY,NO DEFECTS,,UNABLE TO DETERMINE,UNABLE TO DETERMINE,,NONINCAPACITATING INJURY,4,10,41.917103631,-87.687248767,2023,30,POINT (-87.687248767 41.917103631),,,,,2023-10-08,False,21,Logan Square
9922,30,TRAFFIC SIGNAL,UNKNOWN,CLEAR,DAYLIGHT,PEDALCYCLIST,FOUR WAY,STRAIGHT AND LEVEL,DRY,NO DEFECTS,,UNABLE TO DETERMINE,NOT APPLICABLE,,INCAPACITATING INJURY,10,10,41.8577487693,-87.6662852177,2023,30,POINT (-87.6662852177 41.8577487693),,,,,2023-10-09,True,27,Near West Side
9923,30,TRAFFIC SIGNAL,FUNCTIONING PROPERLY,CLEAR,DAYLIGHT,PEDALCYCLIST,FOUR WAY,STRAIGHT AND LEVEL,DRY,NO DEFECTS,Y,UNABLE TO DETERMINE,NOT APPLICABLE,,"REPORTED, NOT EVIDENT",15,10,41.8806062243,-87.7454022859,2023,30,POINT (-87.7454022859 41.8806062243),,,,,2023-10-09,False,24,Austin
9924,30,TRAFFIC SIGNAL,FUNCTIONING PROPERLY,CLEAR,DAYLIGHT,PEDALCYCLIST,NOT DIVIDED,STRAIGHT AND LEVEL,DRY,NO DEFECTS,Y,UNABLE TO DETERMINE,NOT APPLICABLE,,NO INDICATION OF INJURY,15,10,41.9293986476,-87.7081559712,2023,30,POINT (-87.7081559712 41.9293986476),,,,,2023-10-09,False,21,Logan Square
9925,30,NO CONTROLS,NO CONTROLS,CLEAR,DAYLIGHT,PEDALCYCLIST,NOT DIVIDED,STRAIGHT AND LEVEL,DRY,UNKNOWN,,DRIVING SKILLS/KNOWLEDGE/EXPERIENCE,UNABLE TO DETERMINE,Y,"REPORTED, NOT EVIDENT",17,10,41.8325930689,-87.6460007167,2023,30,POINT (-87.6460007167 41.8325930689),,,,,2023-10-09,False,59,Bridgeport
9926,30,TRAFFIC SIGNAL,FUNCTIONING PROPERLY,CLEAR,DUSK,PEDALCYCLIST,FOUR WAY,STRAIGHT AND LEVEL,DRY,NO DEFECTS,Y,FAILING TO YIELD RIGHT-OF-WAY,NOT APPLICABLE,,NONINCAPACITATING INJURY,5,10,41.7210321871,-87.6819213941,2023,30,POINT (-87.6819213941 41.7210321871),,,,,2023-10-10,False,71,Beverly
9927,30,TRAFFIC SIGNAL,FUNCTIONING IMPROPERLY,CLEAR,DAYLIGHT,PEDALCYCLIST,ONE-WAY,STRAIGHT AND LEVEL,DRY,NO DEFECTS,Y,UNABLE TO DETERMINE,NOT APPLICABLE,,NONINCAPACITATING INJURY,10,10,41.881857203,-87.6439818759,2023,30,POINT (-87.6439818759 41.881857203),,,,,2023-10-10,False,27,Near West Side
9928,20,STOP SIGN/FLASHER,UNKNOWN,CLEAR,DAYLIGHT,PEDALCYCLIST,FOUR WAY,STRAIGHT AND LEVEL,DRY,NO DEFECTS,,UNABLE TO DETERMINE,UNABLE TO DETERMINE,,NO INDICATION OF INJURY,16,10,41.9071764304,-87.6347378392,2023,20,POINT (-87.6347378392 41.9071764304),,,,,2023-10-10,False,7,Near North Side
9929,30,NO CONTROLS,NO CONTROLS,CLEAR,DAYLIGHT,PEDALCYCLIST,NOT DIVIDED,STRAIGHT AND LEVEL,DRY,NO DEFECTS,,FAILING TO YIELD RIGHT-OF-WAY,FAILING TO YIELD RIGHT-OF-WAY,,NO INDICATION OF INJURY,16,10,41.9404482447,-87.7715477118,2023,30,POINT (-87.7715477118 41.9404482447),,,,,2023-10-10,False,14,Portage Park
9930,30,NO CONTROLS,NO CONTROLS,CLEAR,DAYLIGHT,PEDALCYCLIST,T-INTERSECTION,STRAIGHT AND LEVEL,DRY,NO DEFECTS,Y,FAILING TO YIELD RIGHT-OF-WAY,IMPROPER TURNING/NO SIGNAL,,NONINCAPACITATING INJURY,17,10,41.8997574073,-87.6684578158,2023,30,POINT (-87.6684578158 41.8997574073),,,,,2023-10-10,False,23,West Town
9931,20,NO CONTROLS,NO CONTROLS,CLEAR,DAYLIGHT,PEDALCYCLIST,ONE-WAY,STRAIGHT AND LEVEL,DRY,NO DEFECTS,,FAILING TO YIELD RIGHT-OF-WAY,DISTRACTION - FROM INSIDE VEHICLE,,NONINCAPACITATING INJURY,18,10,41.9753317901,-87.7173692374,2023,20,POINT (-87.7173692374 41.9753317901),,,,,2023-10-10,False,12,North Park
9932,30,NO CONTROLS,NO CONTROLS,CLEAR,"DARKNESS, LIGHTED ROAD",PEDALCYCLIST,FOUR WAY,STRAIGHT AND LEVEL,DRY,NO DEFECTS,Y,DISREGARDING TRAFFIC SIGNALS,NOT APPLICABLE,,NONINCAPACITATING INJURY,19,10,41.9260569034,-87.7022023608,2023,30,POINT (-87.7022023608 41.9260569034),,,,,2023-10-10,False,21,Logan Square
9933,30,NO CONTROLS,NO CONTROLS,UNKNOWN,UNKNOWN,PEDALCYCLIST,NOT DIVIDED,STRAIGHT AND LEVEL,UNKNOWN,UNKNOWN,,FAILING TO YIELD RIGHT-OF-WAY,UNABLE TO DETERMINE,,INCAPACITATING INJURY,19,10,41.9616671369,-87.6497605695,2023,30,POINT (-87.6497605695 41.9616671369),,,,,2023-10-10,True,2,Uptown
9934,30,NO CONTROLS,NO CONTROLS,CLEAR,DAYLIGHT,PEDALCYCLIST,NOT DIVIDED,STRAIGHT AND LEVEL,DRY,NO DEFECTS,Y,FAILING TO YIELD RIGHT-OF-WAY,UNABLE TO DETERMINE,,NONINCAPACITATING INJURY,8,10,41.8857969415,-87.6457008083,2023,30,POINT (-87.6457008083 41.8857969415),,,,,2023-10-11,False,27,Near West Side
9935,30,NO CONTROLS,NO CONTROLS,CLEAR,DAYLIGHT,PEDALCYCLIST,NOT DIVIDED,STRAIGHT AND LEVEL,DRY,NO DEFECTS,Y,FAILING TO YIELD RIGHT-OF-WAY,NOT APPLICABLE,,NONINCAPACITATING INJURY,10,10,41.9683661429,-87.7059695995,2023,30,POINT (-87.7059695995 41.9683661429),,,,,2023-10-11,False,3,Lincoln Square
9936,30,STOP SIGN/FLASHER,FUNCTIONING PROPERLY,CLEAR,DAYLIGHT,PEDALCYCLIST,ONE-WAY,STRAIGHT AND LEVEL,DRY,NO DEFECTS,Y,UNABLE TO DETERMINE,UNABLE TO DETERMINE,,NONINCAPACITATING INJURY,11,10,41.9249781684,-87.7538380336,2023,30,POINT (-87.7538380336 41.9249781684),,,,,2023-10-11,False,18,Belmont Cragin
9937,20,NO CONTROLS,NO CONTROLS,CLEAR,DAYLIGHT,PEDALCYCLIST,NOT DIVIDED,STRAIGHT AND LEVEL,DRY,NO DEFECTS,,UNABLE TO DETERMINE,NOT APPLICABLE,Y,NONINCAPACITATING INJURY,15,10,41.9400578415,-87.6542577664,2023,20,POINT (-87.6542577664 41.9400578415),,,,,2023-10-11,False,5,Lake View
9938,30,NO CONTROLS,FUNCTIONING PROPERLY,CLEAR,DAYLIGHT,PEDALCYCLIST,T-INTERSECTION,STRAIGHT AND LEVEL,DRY,NO DEFECTS,Y,FAILING TO YIELD RIGHT-OF-WAY,FAILING TO YIELD RIGHT-OF-WAY,,"REPORTED, NOT EVIDENT",15,10,41.8964282442,-87.650962838,2023,30,POINT (-87.650962838 41.8964282442),,,,,2023-10-11,False,7,Near North Side
9939,30,TRAFFIC SIGNAL,FUNCTIONING PROPERLY,CLEAR,DAYLIGHT,PEDALCYCLIST,NOT DIVIDED,STRAIGHT AND LEVEL,DRY,NO DEFECTS,Y,UNABLE TO DETERMINE,UNABLE TO DETERMINE,,NO INDICATION OF INJURY,16,10,41.8737130143,-87.7060647568,2023,30,POINT (-87.7060647568 41.8737130143),,,,,2023-10-11,False,26,Garfield Park
9940,25,NO CONTROLS,NO CONTROLS,CLEAR,DAYLIGHT,PEDALCYCLIST,ONE-WAY,STRAIGHT ON GRADE,DRY,NO DEFECTS,,UNABLE TO DETERMINE,NOT APPLICABLE,,NONINCAPACITATING INJURY,17,10,41.9995706367,-87.6818079062,2023,25,POINT (-87.6818079062 41.9995706367),,,,,2023-10-11,False,0,Rogers Park
9941,20,NO CONTROLS,NO CONTROLS,RAIN,"DARKNESS, LIGHTED ROAD",PEDALCYCLIST,ONE-WAY,STRAIGHT AND LEVEL,WET,NO DEFECTS,,FAILING TO YIELD RIGHT-OF-WAY,UNABLE TO DETERMINE,,NONINCAPACITATING INJURY,18,10,41.8080116316,-87.676956909,2023,20,POINT (-87.676956909 41.8080116316),,,,,2023-10-11,False,60,New City
9942,30,TRAFFIC SIGNAL,UNKNOWN,UNKNOWN,DAYLIGHT,PEDALCYCLIST,NOT DIVIDED,STRAIGHT AND LEVEL,UNKNOWN,UNKNOWN,,UNABLE TO DETERMINE,NOT APPLICABLE,,NO INDICATION OF INJURY,18,10,41.8956158505,-87.7114985896,2023,30,POINT (-87.7114985896 41.8956158505),,,,,2023-10-11,False,22,Humboldt Park
9943,30,NO CONTROLS,NO CONTROLS,RAIN,DAYLIGHT,PEDALCYCLIST,NOT DIVIDED,STRAIGHT AND LEVEL,WET,NO DEFECTS,,DRIVING SKILLS/KNOWLEDGE/EXPERIENCE,NOT APPLICABLE,,NO INDICATION OF INJURY,7,10,41.9275325735,-87.7270030165,2023,30,POINT (-87.7270030165 41.9275325735),,,,,2023-10-12,False,19,Hermosa
9944,30,NO CONTROLS,NO CONTROLS,RAIN,DAYLIGHT,PEDALCYCLIST,ONE-WAY,STRAIGHT AND LEVEL,WET,NO DEFECTS,,"OPERATING VEHICLE IN ERRATIC, RECKLESS, CARELESS, NEGLIGENT OR AGGRESSIVE MANNER",WEATHER,,NO INDICATION OF INJURY,13,10,41.9744960685,-87.6565110221,2023,30,POINT (-87.6565110221 41.9744960685),,,,,2023-10-12,False,2,Uptown
9945,30,UNKNOWN,UNKNOWN,UNKNOWN,UNKNOWN,PEDALCYCLIST,UNKNOWN INTERSECTION TYPE,STRAIGHT AND LEVEL,UNKNOWN,UNKNOWN,Y,UNABLE TO DETERMINE,NOT APPLICABLE,,NONINCAPACITATING INJURY,16,10,41.997315437,-87.6603356606,2023,30,POINT (-87.6603356606 41.997315437),,,,,2023-10-12,False,76,Edgewater
9946,25,NO CONTROLS,NO CONTROLS,RAIN,DAYLIGHT,PEDALCYCLIST,NOT DIVIDED,STRAIGHT AND LEVEL,WET,UNKNOWN,N,UNABLE TO DETERMINE,UNABLE TO DETERMINE,,NONINCAPACITATING INJURY,17,10,41.9290735783,-87.6562846239,2023,25,POINT (-87.6562846239 41.9290735783),,,,,2023-10-12,False,6,Lincoln Park
9947,30,UNKNOWN,UNKNOWN,CLEAR,DARKNESS,PEDALCYCLIST,DIVIDED - W/MEDIAN (NOT RAISED),STRAIGHT AND LEVEL,DRY,NO DEFECTS,,FOLLOWING TOO CLOSELY,NOT APPLICABLE,,NONINCAPACITATING INJURY,18,10,41.883447719,-87.6498922512,2023,30,POINT (-87.6498922512 41.883447719),,,,,2023-10-12,False,27,Near West Side
9948,30,STOP SIGN/FLASHER,NOT FUNCTIONING,CLEAR,DARKNESS,PEDALCYCLIST,FOUR WAY,STRAIGHT AND LEVEL,DRY,NO DEFECTS,Y,NOT APPLICABLE,NOT APPLICABLE,,"REPORTED, NOT EVIDENT",19,10,41.7967869948,-87.6475578449,2023,30,POINT (-87.6475578449 41.7967869948),,,,,2023-10-12,False,60,New City
9949,30,TRAFFIC SIGNAL,FUNCTIONING PROPERLY,RAIN,DAYLIGHT,PEDALCYCLIST,FOUR WAY,STRAIGHT AND LEVEL,WET,WORN SURFACE,Y,FAILING TO YIELD RIGHT-OF-WAY,FAILING TO REDUCE SPEED TO AVOID CRASH,,"REPORTED, NOT EVIDENT",15,10,41.8417041461,-87.6575671976,2023,30,POINT (-87.6575671976 41.8417041461),,,,,2023-10-13,False,30,Lower West Side
9950,30,NO CONTROLS,NO CONTROLS,RAIN,DAYLIGHT,PEDALCYCLIST,NOT DIVIDED,STRAIGHT AND LEVEL,WET,UNKNOWN,,UNABLE TO DETERMINE,NOT APPLICABLE,,NO INDICATION OF INJURY,15,10,41.9794300364,-87.6894376416,2023,30,POINT (-87.6894376416 41.9794300364),,,,,2023-10-13,False,3,Lincoln Square
9951,30,STOP SIGN/FLASHER,FUNCTIONING PROPERLY,RAIN,"DARKNESS, LIGHTED ROAD",PEDALCYCLIST,T-INTERSECTION,STRAIGHT AND LEVEL,WET,NO DEFECTS,Y,FAILING TO REDUCE SPEED TO AVOID CRASH,WEATHER,,INCAPACITATING INJURY,18,10,42.0146379097,-87.6779269703,2023,30,POINT (-87.6779269703 42.0146379097),,,,,2023-10-13,True,0,Rogers Park
9952,30,TRAFFIC SIGNAL,FUNCTIONING PROPERLY,RAIN,"DARKNESS, LIGHTED ROAD",PEDALCYCLIST,NOT DIVIDED,STRAIGHT AND LEVEL,WET,NO DEFECTS,Y,FAILING TO YIELD RIGHT-OF-WAY,FAILING TO YIELD RIGHT-OF-WAY,,NO INDICATION OF INJURY,23,10,41.9538492261,-87.6883148561,2023,30,POINT (-87.6883148561 41.9538492261),,,,,2023-10-13,False,4,North Center
9953,30,TRAFFIC SIGNAL,FUNCTIONING PROPERLY,RAIN,"DARKNESS, LIGHTED ROAD",PEDALCYCLIST,Y-INTERSECTION,"CURVE, LEVEL",WET,NO DEFECTS,,UNABLE TO DETERMINE,UNABLE TO DETERMINE,,NONINCAPACITATING INJURY,0,10,41.9184335574,-87.6677734599,2023,30,POINT (-87.6677734599 41.9184335574),,,,,2023-10-14,False,6,Lincoln Park
9954,30,TRAFFIC SIGNAL,FUNCTIONING PROPERLY,RAIN,DARKNESS,PEDALCYCLIST,NOT DIVIDED,STRAIGHT AND LEVEL,WET,NO DEFECTS,,UNABLE TO DETERMINE,UNABLE TO DETERMINE,,NONINCAPACITATING INJURY,6,10,41.9583109547,-87.6531049103,2023,30,POINT (-87.6531049103 41.9583109547),,,,,2023-10-14,False,2,Uptown
9955,30,NO CONTROLS,NO CONTROLS,RAIN,DAYLIGHT,PEDALCYCLIST,NOT DIVIDED,STRAIGHT AND LEVEL,WET,UNKNOWN,Y,FAILING TO YIELD RIGHT-OF-WAY,UNABLE TO DETERMINE,,NONINCAPACITATING INJURY,14,10,41.9544189078,-87.6675982819,2023,30,POINT (-87.6675982819 41.9544189078),,,,,2023-10-14,False,2,Uptown
9956,30,STOP SIGN/FLASHER,FUNCTIONING PROPERLY,RAIN,DAYLIGHT,PEDALCYCLIST,NOT DIVIDED,STRAIGHT AND LEVEL,WET,NO DEFECTS,,FAILING TO YIELD RIGHT-OF-WAY,NOT APPLICABLE,Y,NO INDICATION OF INJURY,14,10,41.8080472717,-87.7041188223,2023,30,POINT (-87.7041188223 41.8080472717),,,,,2023-10-14,False,57,Brighton Park
9957,30,STOP SIGN/FLASHER,FUNCTIONING PROPERLY,RAIN,DAWN,PEDALCYCLIST,NOT DIVIDED,STRAIGHT AND LEVEL,WET,UNKNOWN,,NOT APPLICABLE,NOT APPLICABLE,,NONINCAPACITATING INJURY,16,10,41.9118447394,-87.6822327271,2023,30,POINT (-87.6822327271 41.9118447394),,,,,2023-10-14,False,6,Lincoln Park
9958,30,TRAFFIC SIGNAL,FUNCTIONING PROPERLY,CLOUDY/OVERCAST,"DARKNESS, LIGHTED ROAD",PEDALCYCLIST,NOT REPORTED,STRAIGHT AND LEVEL,WET,NO DEFECTS,Y,DISREGARDING TRAFFIC SIGNALS,DISREGARDING TRAFFIC SIGNALS,,"REPORTED, NOT EVIDENT",22,10,41.8828062266,-87.6292814957,2023,30,POINT (-87.6292814957 41.8828062266),,,,,2023-10-14,False,31,Loop
9959,30,NO CONTROLS,NO CONTROLS,CLEAR,DAYLIGHT,PEDALCYCLIST,NOT DIVIDED,STRAIGHT AND LEVEL,DRY,NO DEFECTS,Y,FAILING TO YIELD RIGHT-OF-WAY,NOT APPLICABLE,,NONINCAPACITATING INJURY,7,10,41.9236354057,-87.6674282026,2023,30,POINT (-87.6674282026 41.9236354057),,,,,2023-10-15,False,6,Lincoln Park
9960,15,NO CONTROLS,NO CONTROLS,CLEAR,DAYLIGHT,PEDALCYCLIST,ONE-WAY,STRAIGHT AND LEVEL,DRY,NO DEFECTS,,UNABLE TO DETERMINE,UNABLE TO DETERMINE,,NONINCAPACITATING INJURY,11,10,41.9654709493,-87.7088680933,2023,15,POINT (-87.7088680933 41.9654709493),,,,,2023-10-15,False,13,Albany Park
9961,25,STOP SIGN/FLASHER,FUNCTIONING PROPERLY,CLEAR,DAYLIGHT,PEDALCYCLIST,FOUR WAY,STRAIGHT AND LEVEL,DRY,NO DEFECTS,Y,IMPROPER LANE USAGE,UNABLE TO DETERMINE,,NO INDICATION OF INJURY,11,10,41.7784982164,-87.597611267,2023,25,POINT (-87.597611267 41.7784982164),,,,,2023-10-15,False,41,Woodlawn
9962,30,NO CONTROLS,NO CONTROLS,CLEAR,DAYLIGHT,PEDALCYCLIST,DIVIDED - W/MEDIAN (NOT RAISED),STRAIGHT AND LEVEL,DRY,NO DEFECTS,,UNABLE TO DETERMINE,NOT APPLICABLE,,NO INDICATION OF INJURY,11,10,41.8524959029,-87.6631904156,2023,30,POINT (-87.6631904156 41.8524959029),,,,,2023-10-15,False,30,Lower West Side
9963,20,NO CONTROLS,NO CONTROLS,CLEAR,DAYLIGHT,PEDALCYCLIST,ALLEY,STRAIGHT AND LEVEL,DRY,NO DEFECTS,,"VISION OBSCURED (SIGNS, TREE LIMBS, BUILDINGS, ETC.)",UNABLE TO DETERMINE,,NONINCAPACITATING INJURY,13,10,41.9616520449,-87.7105548111,2023,20,POINT (-87.7105548111 41.9616520449),,,,,2023-10-15,False,13,Albany Park
9964,25,UNKNOWN,UNKNOWN,CLEAR,DAYLIGHT,PEDALCYCLIST,DIVIDED - W/MEDIAN (NOT RAISED),STRAIGHT AND LEVEL,DRY,UNKNOWN,,UNABLE TO DETERMINE,UNABLE TO DETERMINE,Y,"REPORTED, NOT EVIDENT",15,10,41.944655826,-87.6546280651,2023,25,POINT (-87.6546280651 41.944655826),,,,,2023-10-15,False,5,Lake View