Unnamed: 0,POSTED_SPEED_LIMIT,TRAFFIC_CONTROL_DEVICE,DEVICE_CONDITION,WEATHER_CONDITION,LIGHTING_CONDITION,FIRST_CRASH_TYPE,TRAFFICWAY_TYPE,ALIGNMENT,ROADWAY_SURFACE_COND,ROAD_DEFECT,INTERSECTION_RELATED_I,PRIM_CONTRIBUTORY_CAUSE,SEC_CONTRIBUTORY_CAUSE,DOORING_I,MOST_SEVERE_INJURY,CRASH_HOUR,CRASH_MONTH,LATITUDE,LONGITUDE,CRASH_YEAR,SPEED_LIMIT,geometry,DISPLAYROU,the_geom,DIST,LANE_TYPE,CRASH_DATE,is_severe,index_right,CArea
9965,20,NO CONTROLS,NO CONTROLS,CLEAR,DAYLIGHT,PEDALCYCLIST,NOT DIVIDED,STRAIGHT AND LEVEL,DRY,NO DEFECTS,,FAILING TO YIELD RIGHT-OF-WAY,FAILING TO YIELD RIGHT-OF-WAY,,NONINCAPACITATING INJURY,15,10,41.9738183557,-87.7781564883,2023,20,POINT (-87.7781564883 41.9738183557),,,,,2023-10-15,False,10,Jefferson Park
9966,30,STOP SIGN/FLASHER,FUNCTIONING PROPERLY,CLEAR,DAYLIGHT,PEDALCYCLIST,NOT DIVIDED,STRAIGHT AND LEVEL,DRY,NO DEFECTS,,NOT APPLICABLE,NOT APPLICABLE,,NONINCAPACITATING INJURY,17,10,41.749610018,-87.7204423362,2023,30,POINT (-87.7204423362 41.749610018),,,,,2023-10-15,False,69,Ashburn
9967,30,STOP SIGN/FLASHER,NO CONTROLS,CLOUDY/OVERCAST,"DARKNESS, LIGHTED ROAD",PEDALCYCLIST,NOT DIVIDED,STRAIGHT AND LEVEL,DRY,NO DEFECTS,,DISREGARDING STOP SIGN,UNABLE TO DETERMINE,,INCAPACITATING INJURY,19,10,41.790275263,-87.7904291591,2023,30,POINT (-87.7904291591 41.790275263),,,,,2023-10-15,True,55,Garfield Ridge
9968,15,NO CONTROLS,NO CONTROLS,CLEAR,DAYLIGHT,PEDALCYCLIST,ALLEY,STRAIGHT AND LEVEL,DRY,NO DEFECTS,,NOT APPLICABLE,NOT APPLICABLE,,NO INDICATION OF INJURY,9,10,41.9941934467,-87.6905089832,2023,15,POINT (-87.6905089832 41.9941934467),,,,,2023-10-16,False,1,West Ridge
9969,30,TRAFFIC SIGNAL,FUNCTIONING PROPERLY,CLEAR,DAYLIGHT,PEDALCYCLIST,NOT DIVIDED,STRAIGHT AND LEVEL,DRY,NO DEFECTS,,UNABLE TO DETERMINE,NOT APPLICABLE,,"REPORTED, NOT EVIDENT",15,10,41.708077429,-87.5598068713,2023,30,POINT (-87.5598068713 41.708077429),,,,,2023-10-16,False,50,South Deering
9970,35,NO CONTROLS,NO CONTROLS,CLEAR,DAYLIGHT,PEDALCYCLIST,NOT DIVIDED,STRAIGHT AND LEVEL,DRY,UNKNOWN,N,UNABLE TO DETERMINE,NOT APPLICABLE,,NONINCAPACITATING INJURY,15,10,41.8922737536,-87.7063105473,2023,35,POINT (-87.7063105473 41.8922737536),,,,,2023-10-16,False,22,Humboldt Park
9971,30,STOP SIGN/FLASHER,FUNCTIONING PROPERLY,CLEAR,DAYLIGHT,PEDALCYCLIST,ONE-WAY,STRAIGHT AND LEVEL,DRY,NO DEFECTS,,DISREGARDING STOP SIGN,FAILING TO YIELD RIGHT-OF-WAY,,"REPORTED, NOT EVIDENT",6,10,41.7953567789,-87.6976554046,2023,30,POINT (-87.6976554046 41.7953567789),,,,,2023-10-17,False,62,Gage Park
9972,35,NO CONTROLS,NO CONTROLS,CLEAR,DAYLIGHT,PEDALCYCLIST,DIVIDED - W/MEDIAN (NOT RAISED),STRAIGHT AND LEVEL,DRY,NO DEFECTS,,"EVASIVE ACTION DUE TO ANIMAL, OBJECT, NONMOTORIST",NOT APPLICABLE,Y,NONINCAPACITATING INJURY,8,10,41.944745276,-87.7063142985,2023,35,POINT (-87.7063142985 41.944745276),,,,,2023-10-17,False,15,Irving Park
9973,30,NO CONTROLS,NO CONTROLS,CLEAR,DAYLIGHT,PEDALCYCLIST,DIVIDED - W/MEDIAN (NOT RAISED),STRAIGHT AND LEVEL,DRY,UNKNOWN,,FOLLOWING TOO CLOSELY,NOT APPLICABLE,,"REPORTED, NOT EVIDENT",15,10,41.8589048621,-87.6388294228,2023,30,POINT (-87.6388294228 41.8589048621),,,,,2023-10-17,False,27,Near West Side
9974,30,NO CONTROLS,NO CONTROLS,CLEAR,DAYLIGHT,PEDALCYCLIST,NOT DIVIDED,STRAIGHT AND LEVEL,DRY,NO DEFECTS,Y,FAILING TO YIELD RIGHT-OF-WAY,FAILING TO YIELD RIGHT-OF-WAY,,NO INDICATION OF INJURY,16,10,41.9183784814,-87.642518748,2023,30,POINT (-87.642518748 41.9183784814),,,,,2023-10-17,False,6,Lincoln Park
9975,30,NO CONTROLS,NO CONTROLS,CLEAR,DAYLIGHT,PEDALCYCLIST,DIVIDED - W/MEDIAN (NOT RAISED),STRAIGHT AND LEVEL,DRY,NO DEFECTS,,FAILING TO YIELD RIGHT-OF-WAY,FAILING TO REDUCE SPEED TO AVOID CRASH,N,NONINCAPACITATING INJURY,16,10,41.8578847535,-87.667305634,2023,30,POINT (-87.667305634 41.8578847535),,,,,2023-10-17,False,27,Near West Side
9976,30,NO CONTROLS,NO CONTROLS,CLEAR,DAYLIGHT,PEDALCYCLIST,DIVIDED - W/MEDIAN (NOT RAISED),STRAIGHT AND LEVEL,DRY,NO DEFECTS,,FAILING TO YIELD RIGHT-OF-WAY,UNABLE TO DETERMINE,Y,NONINCAPACITATING INJURY,16,10,41.7748670018,-87.6059532761,2023,30,POINT (-87.6059532761 41.7748670018),,,,,2023-10-17,False,41,Woodlawn
9977,30,TRAFFIC SIGNAL,FUNCTIONING PROPERLY,CLEAR,DAYLIGHT,PEDALCYCLIST,T-INTERSECTION,STRAIGHT AND LEVEL,DRY,UNKNOWN,Y,FAILING TO YIELD RIGHT-OF-WAY,NOT APPLICABLE,,NONINCAPACITATING INJURY,17,10,41.8672698928,-87.6420425001,2023,30,POINT (-87.6420425001 41.8672698928),,,,,2023-10-17,False,27,Near West Side
9978,30,NO CONTROLS,NO CONTROLS,CLEAR,"DARKNESS, LIGHTED ROAD",PEDALCYCLIST,DIVIDED - W/MEDIAN (NOT RAISED),STRAIGHT AND LEVEL,DRY,NO DEFECTS,,DRIVING ON WRONG SIDE/WRONG WAY,NOT APPLICABLE,,INCAPACITATING INJURY,18,10,41.8947426903,-87.6413378758,2023,30,POINT (-87.6413378758 41.8947426903),,,,,2023-10-17,True,7,Near North Side
9979,30,TRAFFIC SIGNAL,FUNCTIONING PROPERLY,CLEAR,"DARKNESS, LIGHTED ROAD",PEDALCYCLIST,DIVIDED - W/MEDIAN (NOT RAISED),STRAIGHT AND LEVEL,DRY,UNKNOWN,,UNABLE TO DETERMINE,UNABLE TO DETERMINE,,NONINCAPACITATING INJURY,21,10,41.9647843878,-87.6886410242,2023,30,POINT (-87.6886410242 41.9647843878),,,,,2023-10-17,False,3,Lincoln Square
9980,30,TRAFFIC SIGNAL,FUNCTIONING PROPERLY,UNKNOWN,UNKNOWN,PEDALCYCLIST,NOT DIVIDED,STRAIGHT AND LEVEL,UNKNOWN,UNKNOWN,,UNABLE TO DETERMINE,UNABLE TO DETERMINE,,NO INDICATION OF INJURY,22,10,41.9644328741,-87.6889225822,2023,30,POINT (-87.6889225822 41.9644328741),,,,,2023-10-17,False,3,Lincoln Square
9981,30,NO CONTROLS,NO CONTROLS,CLEAR,DAYLIGHT,PEDALCYCLIST,NOT DIVIDED,STRAIGHT AND LEVEL,DRY,NO DEFECTS,,FAILING TO YIELD RIGHT-OF-WAY,FAILING TO YIELD RIGHT-OF-WAY,,NONINCAPACITATING INJURY,7,10,41.9114042177,-87.6624987427,2023,30,POINT (-87.6624987427 41.9114042177),,,,,2023-10-18,False,6,Lincoln Park
9982,30,NO CONTROLS,NO CONTROLS,CLEAR,DAYLIGHT,PEDALCYCLIST,PARKING LOT,STRAIGHT AND LEVEL,DRY,UNKNOWN,,UNABLE TO DETERMINE,NOT APPLICABLE,,NONINCAPACITATING INJURY,7,10,41.9061278752,-87.7265540309,2023,30,POINT (-87.7265540309 41.9061278752),,,,,2023-10-18,False,22,Humboldt Park
9983,30,UNKNOWN,UNKNOWN,CLEAR,DAYLIGHT,PEDALCYCLIST,NOT DIVIDED,STRAIGHT AND LEVEL,DRY,NO DEFECTS,,NOT APPLICABLE,NOT APPLICABLE,N,NONINCAPACITATING INJURY,9,10,41.7361206998,-87.631071744,2023,30,POINT (-87.631071744 41.7361206998),,,,,2023-10-18,False,43,Chatham
9984,30,NO CONTROLS,NO CONTROLS,CLEAR,DAYLIGHT,PEDALCYCLIST,NOT DIVIDED,STRAIGHT AND LEVEL,DRY,NO DEFECTS,,UNABLE TO DETERMINE,UNABLE TO DETERMINE,,NO INDICATION OF INJURY,11,10,41.844294863,-87.7131403564,2023,30,POINT (-87.7131403564 41.844294863),,,,,2023-10-18,False,29,South Lawndale
9985,30,NO CONTROLS,NO CONTROLS,CLEAR,DAYLIGHT,PEDALCYCLIST,OTHER,STRAIGHT AND LEVEL,DRY,SHOULDER DEFECT,Y,DRIVING SKILLS/KNOWLEDGE/EXPERIENCE,UNABLE TO DETERMINE,,"REPORTED, NOT EVIDENT",14,10,41.8671262103,-87.6554304773,2023,30,POINT (-87.6554304773 41.8671262103),,,,,2023-10-18,False,27,Near West Side
9986,30,NO CONTROLS,NO CONTROLS,CLEAR,DAYLIGHT,PEDALCYCLIST,PARKING LOT,STRAIGHT AND LEVEL,DRY,UNKNOWN,,UNABLE TO DETERMINE,UNABLE TO DETERMINE,,NONINCAPACITATING INJURY,15,10,41.8102454013,-87.674529722,2023,30,POINT (-87.674529722 41.8102454013),,,,,2023-10-18,False,60,New City
9987,30,NO CONTROLS,NO CONTROLS,CLEAR,DAYLIGHT,PEDALCYCLIST,DIVIDED - W/MEDIAN (NOT RAISED),STRAIGHT AND LEVEL,DRY,UNKNOWN,,UNABLE TO DETERMINE,UNABLE TO DETERMINE,,NONINCAPACITATING INJURY,16,10,41.9225801411,-87.7461114803,2023,30,POINT (-87.7461114803 41.9225801411),,,,,2023-10-18,False,18,Belmont Cragin
9988,30,NO CONTROLS,OTHER,CLEAR,DAYLIGHT,PEDALCYCLIST,NOT DIVIDED,STRAIGHT AND LEVEL,DRY,UNKNOWN,,NOT APPLICABLE,NOT APPLICABLE,,NONINCAPACITATING INJURY,17,10,41.9679160536,-87.7650803435,2023,30,POINT (-87.7650803435 41.9679160536),,,,,2023-10-18,False,10,Jefferson Park
9989,30,STOP SIGN/FLASHER,FUNCTIONING PROPERLY,CLEAR,DUSK,PEDALCYCLIST,NOT DIVIDED,STRAIGHT AND LEVEL,DRY,NO DEFECTS,Y,UNABLE TO DETERMINE,NOT APPLICABLE,,NO INDICATION OF INJURY,17,10,41.8990544378,-87.6269164259,2023,30,POINT (-87.6269164259 41.8990544378),,,,,2023-10-18,False,7,Near North Side
9990,30,NO CONTROLS,NO CONTROLS,RAIN,"DARKNESS, LIGHTED ROAD",PEDALCYCLIST,PARKING LOT,STRAIGHT AND LEVEL,WET,NO DEFECTS,,UNABLE TO DETERMINE,UNABLE TO DETERMINE,,INCAPACITATING INJURY,18,10,41.69166843,-87.6810440617,2023,30,POINT (-87.6810440617 41.69166843),,,,,2023-10-19,True,74,Morgan Park
9991,30,TRAFFIC SIGNAL,FUNCTIONING PROPERLY,CLEAR,"DARKNESS, LIGHTED ROAD",PEDALCYCLIST,DIVIDED - W/MEDIAN (NOT RAISED),STRAIGHT AND LEVEL,DRY,NO DEFECTS,,DRIVING ON WRONG SIDE/WRONG WAY,UNABLE TO DETERMINE,,NO INDICATION OF INJURY,21,10,41.8899564972,-87.6696132174,2023,30,POINT (-87.6696132174 41.8899564972),,,,,2023-10-19,False,23,West Town
9992,25,TRAFFIC SIGNAL,FUNCTIONING PROPERLY,RAIN,"DARKNESS, LIGHTED ROAD",PEDALCYCLIST,ONE-WAY,STRAIGHT AND LEVEL,WET,NO DEFECTS,,FAILING TO REDUCE SPEED TO AVOID CRASH,NOT APPLICABLE,,NONINCAPACITATING INJURY,23,10,41.7361651101,-87.625587569,2023,25,POINT (-87.625587569 41.7361651101),,,,,2023-10-19,False,43,Chatham
9993,30,STOP SIGN/FLASHER,FUNCTIONING PROPERLY,CLOUDY/OVERCAST,DAYLIGHT,PEDALCYCLIST,NOT DIVIDED,STRAIGHT AND LEVEL,DRY,NO DEFECTS,,FAILING TO YIELD RIGHT-OF-WAY,NOT APPLICABLE,,NONINCAPACITATING INJURY,8,10,41.9366007052,-87.7859357639,2023,30,POINT (-87.7859357639 41.9366007052),,,,,2023-10-20,False,16,Dunning
9994,30,TRAFFIC SIGNAL,FUNCTIONING PROPERLY,CLEAR,DAYLIGHT,PEDALCYCLIST,FOUR WAY,STRAIGHT AND LEVEL,DRY,NO DEFECTS,Y,FAILING TO YIELD RIGHT-OF-WAY,DISREGARDING TRAFFIC SIGNALS,,NONINCAPACITATING INJURY,12,10,41.9292278191,-87.7075092003,2023,30,POINT (-87.7075092003 41.9292278191),,,,,2023-10-20,False,21,Logan Square
9995,30,TRAFFIC SIGNAL,FUNCTIONING PROPERLY,CLEAR,DAYLIGHT,PEDALCYCLIST,ONE-WAY,STRAIGHT AND LEVEL,DRY,NO DEFECTS,Y,NOT APPLICABLE,NOT APPLICABLE,Y,NO INDICATION OF INJURY,13,10,41.8957033633,-87.6342531195,2023,30,POINT (-87.6342531195 41.8957033633),,,,,2023-10-20,False,7,Near North Side
9996,30,NO CONTROLS,NO CONTROLS,CLEAR,DAYLIGHT,PEDALCYCLIST,NOT DIVIDED,STRAIGHT AND LEVEL,DRY,NO DEFECTS,,UNABLE TO DETERMINE,NOT APPLICABLE,,NONINCAPACITATING INJURY,14,10,41.9591612919,-87.6548240727,2023,30,POINT (-87.6548240727 41.9591612919),,,,,2023-10-20,False,2,Uptown
9997,25,STOP SIGN/FLASHER,FUNCTIONING PROPERLY,CLEAR,DAYLIGHT,PEDALCYCLIST,FOUR WAY,STRAIGHT AND LEVEL,DRY,NO DEFECTS,Y,DISREGARDING STOP SIGN,IMPROPER TURNING/NO SIGNAL,,NONINCAPACITATING INJURY,15,10,41.9834343576,-87.6747551902,2023,25,POINT (-87.6747551902 41.9834343576),,,,,2023-10-20,False,3,Lincoln Square
9998,30,NO CONTROLS,NO CONTROLS,CLEAR,DAYLIGHT,PEDALCYCLIST,NOT DIVIDED,STRAIGHT AND LEVEL,DRY,WORN SURFACE,,UNABLE TO DETERMINE,NOT APPLICABLE,Y,INCAPACITATING INJURY,16,10,41.8691702426,-87.6653844664,2023,30,POINT (-87.6653844664 41.8691702426),,,,,2023-10-20,True,27,Near West Side
9999,30,NO CONTROLS,NO CONTROLS,CLEAR,"DARKNESS, LIGHTED ROAD",PEDALCYCLIST,NOT DIVIDED,STRAIGHT AND LEVEL,DRY,NO DEFECTS,,FAILING TO REDUCE SPEED TO AVOID CRASH,FAILING TO REDUCE SPEED TO AVOID CRASH,,INCAPACITATING INJURY,18,10,41.9468512295,-87.6711462638,2023,30,POINT (-87.6711462638 41.9468512295),,,,,2023-10-20,True,5,Lake View
10000,30,TRAFFIC SIGNAL,FUNCTIONING PROPERLY,CLEAR,DAYLIGHT,PEDALCYCLIST,NOT DIVIDED,STRAIGHT AND LEVEL,DRY,WORN SURFACE,Y,BICYCLE ADVANCING LEGALLY ON RED LIGHT,NOT APPLICABLE,,NO INDICATION OF INJURY,13,10,41.8293085143,-87.6796437209,2023,30,POINT (-87.6796437209 41.8293085143),,,,,2023-10-21,False,58,Mckinley Park
10001,30,NO CONTROLS,NO CONTROLS,CLEAR,DAYLIGHT,PEDALCYCLIST,ONE-WAY,STRAIGHT AND LEVEL,DRY,UNKNOWN,,UNABLE TO DETERMINE,UNABLE TO DETERMINE,,NO INDICATION OF INJURY,16,10,42.0176344452,-87.6876031683,2023,30,POINT (-87.6876031683 42.0176344452),,,,,2023-10-21,False,1,West Ridge
10002,30,STOP SIGN/FLASHER,FUNCTIONING PROPERLY,CLEAR,"DARKNESS, LIGHTED ROAD",PEDALCYCLIST,NOT DIVIDED,STRAIGHT AND LEVEL,DRY,UNKNOWN,Y,FAILING TO YIELD RIGHT-OF-WAY,NOT APPLICABLE,,NONINCAPACITATING INJURY,18,10,41.9170228745,-87.7475929667,2023,30,POINT (-87.7475929667 41.9170228745),,,,,2023-10-21,False,18,Belmont Cragin
10003,30,TRAFFIC SIGNAL,UNKNOWN,UNKNOWN,UNKNOWN,PEDALCYCLIST,FOUR WAY,STRAIGHT AND LEVEL,UNKNOWN,UNKNOWN,Y,UNABLE TO DETERMINE,IMPROPER TURNING/NO SIGNAL,,INCAPACITATING INJURY,18,10,41.8730948325,-87.7451438688,2023,30,POINT (-87.7451438688 41.8730948325),,,,,2023-10-21,True,24,Austin
10004,30,NO CONTROLS,NO CONTROLS,CLEAR,"DARKNESS, LIGHTED ROAD",PEDALCYCLIST,NOT DIVIDED,STRAIGHT AND LEVEL,DRY,WORN SURFACE,,UNABLE TO DETERMINE,NOT APPLICABLE,,NO INDICATION OF INJURY,4,10,41.8582978388,-87.6254740147,2023,30,POINT (-87.6254740147 41.8582978388),,,,,2023-10-22,False,32,Near South Side
10005,30,NO CONTROLS,NO CONTROLS,CLEAR,DAYLIGHT,PEDALCYCLIST,DIVIDED - W/MEDIAN (NOT RAISED),STRAIGHT AND LEVEL,DRY,NO DEFECTS,,DRIVING ON WRONG SIDE/WRONG WAY,IMPROPER LANE USAGE,,NO INDICATION OF INJURY,14,10,41.8703089969,-87.620382687,2023,30,POINT (-87.620382687 41.8703089969),,,,,2023-10-22,False,31,Loop
10006,35,NO CONTROLS,NO CONTROLS,UNKNOWN,UNKNOWN,PEDALCYCLIST,UNKNOWN,STRAIGHT AND LEVEL,UNKNOWN,UNKNOWN,,UNABLE TO DETERMINE,UNABLE TO DETERMINE,,NO INDICATION OF INJURY,15,10,41.7829130604,-87.6906626133,2023,35,POINT (-87.6906626133 41.7829130604),,,,,2023-10-22,False,65,Chicago Lawn
10007,30,TRAFFIC SIGNAL,FUNCTIONING PROPERLY,CLEAR,DAYLIGHT,PEDALCYCLIST,FOUR WAY,STRAIGHT AND LEVEL,DRY,NO DEFECTS,,FAILING TO YIELD RIGHT-OF-WAY,NOT APPLICABLE,,"REPORTED, NOT EVIDENT",15,10,41.9327116021,-87.6464324195,2023,30,POINT (-87.6464324195 41.9327116021),,,,,2023-10-22,False,5,Lake View
10008,30,TRAFFIC SIGNAL,FUNCTIONING PROPERLY,CLEAR,DAWN,PEDALCYCLIST,FOUR WAY,STRAIGHT AND LEVEL,DRY,UNKNOWN,Y,UNABLE TO DETERMINE,UNABLE TO DETERMINE,,NONINCAPACITATING INJURY,16,10,41.8889382585,-87.6399870217,2023,30,POINT (-87.6399870217 41.8889382585),,,,,2023-10-22,False,7,Near North Side
10009,30,UNKNOWN,UNKNOWN,CLEAR,DARKNESS,PEDALCYCLIST,NOT DIVIDED,STRAIGHT AND LEVEL,DRY,NO DEFECTS,,IMPROPER LANE USAGE,DISREGARDING ROAD MARKINGS,,NONINCAPACITATING INJURY,19,10,41.7728589081,-87.6155291502,2023,30,POINT (-87.6155291502 41.7728589081),,,,,2023-10-22,False,41,Woodlawn
10010,30,TRAFFIC SIGNAL,FUNCTIONING PROPERLY,UNKNOWN,"DARKNESS, LIGHTED ROAD",PEDALCYCLIST,NOT DIVIDED,STRAIGHT AND LEVEL,UNKNOWN,UNKNOWN,,DRIVING SKILLS/KNOWLEDGE/EXPERIENCE,DRIVING ON WRONG SIDE/WRONG WAY,N,INCAPACITATING INJURY,19,10,41.7730814018,-87.6153098746,2023,30,POINT (-87.6153098746 41.7730814018),,,,,2023-10-22,True,41,Woodlawn
10011,25,NO CONTROLS,NO CONTROLS,CLEAR,"DARKNESS, LIGHTED ROAD",PEDALCYCLIST,DIVIDED - W/MEDIAN (NOT RAISED),STRAIGHT AND LEVEL,DRY,NO DEFECTS,,UNABLE TO DETERMINE,UNABLE TO DETERMINE,Y,NONINCAPACITATING INJURY,23,10,41.9112576353,-87.678600584,2023,25,POINT (-87.678600584 41.9112576353),,,,,2023-10-22,False,6,Lincoln Park
10012,30,NO CONTROLS,NO CONTROLS,CLEAR,DAYLIGHT,PEDALCYCLIST,NOT DIVIDED,STRAIGHT AND LEVEL,DRY,NO DEFECTS,,UNABLE TO DETERMINE,NOT APPLICABLE,,NONINCAPACITATING INJURY,8,10,41.8241729859,-87.6972414236,2023,30,POINT (-87.6972414236 41.8241729859),,,,,2023-10-23,False,29,South Lawndale
10013,25,NO CONTROLS,NO CONTROLS,CLEAR,DAYLIGHT,PEDALCYCLIST,NOT DIVIDED,STRAIGHT AND LEVEL,DRY,NO DEFECTS,,UNABLE TO DETERMINE,UNABLE TO DETERMINE,,NO INDICATION OF INJURY,11,10,41.9051930912,-87.6316340947,2023,25,POINT (-87.6316340947 41.9051930912),,,,,2023-10-23,False,7,Near North Side
10014,15,NO CONTROLS,NO CONTROLS,CLEAR,DAYLIGHT,PEDALCYCLIST,ALLEY,STRAIGHT AND LEVEL,DRY,UNKNOWN,,UNABLE TO DETERMINE,NOT APPLICABLE,,NONINCAPACITATING INJURY,12,10,41.8086257716,-87.6740388792,2023,15,POINT (-87.6740388792 41.8086257716),,,,,2023-10-23,False,60,New City
10015,30,STOP SIGN/FLASHER,FUNCTIONING PROPERLY,CLEAR,DAYLIGHT,PEDALCYCLIST,CENTER TURN LANE,STRAIGHT AND LEVEL,DRY,NO DEFECTS,,DRIVING ON WRONG SIDE/WRONG WAY,IMPROPER LANE USAGE,N,"REPORTED, NOT EVIDENT",15,10,41.9297207035,-87.6784495822,2023,30,POINT (-87.6784495822 41.9297207035),,,,,2023-10-23,False,6,Lincoln Park
10016,30,NO CONTROLS,NO CONTROLS,CLEAR,DAYLIGHT,PEDALCYCLIST,NOT DIVIDED,STRAIGHT AND LEVEL,DRY,UNKNOWN,,UNABLE TO DETERMINE,UNABLE TO DETERMINE,,NO INDICATION OF INJURY,15,10,41.8992091767,-87.7173202023,2023,30,POINT (-87.7173202023 41.8992091767),,,,,2023-10-23,False,22,Humboldt Park
10017,30,UNKNOWN,UNKNOWN,CLEAR,DAYLIGHT,PEDALCYCLIST,NOT DIVIDED,STRAIGHT AND LEVEL,DRY,UNKNOWN,,FAILING TO YIELD RIGHT-OF-WAY,RELATED TO BUS STOP,,NO INDICATION OF INJURY,16,10,41.9757695493,-87.7830007574,2023,30,POINT (-87.7830007574 41.9757695493),,,,,2023-10-23,False,10,Jefferson Park
10018,30,NO CONTROLS,NO CONTROLS,CLEAR,DAYLIGHT,PEDALCYCLIST,FOUR WAY,STRAIGHT AND LEVEL,DRY,NO DEFECTS,Y,UNABLE TO DETERMINE,NOT APPLICABLE,,"REPORTED, NOT EVIDENT",16,10,41.7776737523,-87.7885344984,2023,30,POINT (-87.7885344984 41.7776737523),,,,,2023-10-23,False,63,Clearing
10019,30,STOP SIGN/FLASHER,UNKNOWN,UNKNOWN,DUSK,PEDALCYCLIST,NOT DIVIDED,STRAIGHT AND LEVEL,UNKNOWN,UNKNOWN,,UNABLE TO DETERMINE,NOT APPLICABLE,,"REPORTED, NOT EVIDENT",17,10,41.905032967,-87.7461717861,2023,30,POINT (-87.7461717861 41.905032967),,,,,2023-10-23,False,24,Austin
10020,30,NO CONTROLS,NO CONTROLS,CLEAR,DUSK,PEDALCYCLIST,NOT DIVIDED,STRAIGHT AND LEVEL,DRY,NO DEFECTS,,DISTRACTION - FROM INSIDE VEHICLE,NOT APPLICABLE,,NONINCAPACITATING INJURY,17,10,41.9034154507,-87.7458366603,2023,30,POINT (-87.7458366603 41.9034154507),,,,,2023-10-23,False,24,Austin
10021,30,NO CONTROLS,NO CONTROLS,CLEAR,"DARKNESS, LIGHTED ROAD",PEDALCYCLIST,NOT DIVIDED,STRAIGHT AND LEVEL,DRY,NO DEFECTS,,UNDER THE INFLUENCE OF ALCOHOL/DRUGS (USE WHEN ARREST IS EFFECTED),NOT APPLICABLE,,FATAL,19,10,41.9752109653,-87.6792314606,2023,30,POINT (-87.6792314606 41.9752109653),,,,,2023-10-23,True,3,Lincoln Square
10022,30,NO CONTROLS,NO CONTROLS,CLEAR,"DARKNESS, LIGHTED ROAD",PEDALCYCLIST,DIVIDED - W/MEDIAN (NOT RAISED),STRAIGHT AND LEVEL,DRY,NO DEFECTS,,"OPERATING VEHICLE IN ERRATIC, RECKLESS, CARELESS, NEGLIGENT OR AGGRESSIVE MANNER",UNABLE TO DETERMINE,,NONINCAPACITATING INJURY,20,10,41.8816818838,-87.646206131,2023,30,POINT (-87.646206131 41.8816818838),,,,,2023-10-23,False,27,Near West Side
10023,30,NO CONTROLS,NO CONTROLS,CLEAR,DAYLIGHT,PEDALCYCLIST,ONE-WAY,STRAIGHT AND LEVEL,DRY,NO DEFECTS,,UNABLE TO DETERMINE,UNABLE TO DETERMINE,,NO INDICATION OF INJURY,7,10,41.9283597855,-87.7174670275,2023,30,POINT (-87.7174670275 41.9283597855),,,,,2023-10-24,False,21,Logan Square
10024,30,STOP SIGN/FLASHER,UNKNOWN,CLEAR,DAWN,PEDALCYCLIST,NOT DIVIDED,STRAIGHT AND LEVEL,DRY,NO DEFECTS,,UNABLE TO DETERMINE,UNABLE TO DETERMINE,,NONINCAPACITATING INJURY,7,10,41.9207016918,-87.7769950855,2023,30,POINT (-87.7769950855 41.9207016918),,,,,2023-10-24,False,18,Belmont Cragin
10025,30,UNKNOWN,UNKNOWN,CLEAR,UNKNOWN,PEDALCYCLIST,FOUR WAY,STRAIGHT AND LEVEL,UNKNOWN,UNKNOWN,Y,UNABLE TO DETERMINE,NOT APPLICABLE,,NO INDICATION OF INJURY,10,10,41.9963841455,-87.6651913625,2023,30,POINT (-87.6651913625 41.9963841455),,,,,2023-10-24,False,76,Edgewater
10026,30,TRAFFIC SIGNAL,FUNCTIONING PROPERLY,CLEAR,DAYLIGHT,PEDALCYCLIST,FOUR WAY,STRAIGHT AND LEVEL,DRY,UNKNOWN,Y,FAILING TO YIELD RIGHT-OF-WAY,FAILING TO YIELD RIGHT-OF-WAY,,NO INDICATION OF INJURY,13,10,41.8782655778,-87.620822303,2023,30,POINT (-87.620822303 41.8782655778),,,,,2023-10-24,False,31,Loop
10027,30,TRAFFIC SIGNAL,FUNCTIONING PROPERLY,CLEAR,DAYLIGHT,PEDALCYCLIST,NOT DIVIDED,STRAIGHT AND LEVEL,DRY,UNKNOWN,Y,NOT APPLICABLE,IMPROPER OVERTAKING/PASSING,,NO INDICATION OF INJURY,17,10,41.8857915254,-87.7652061683,2023,30,POINT (-87.7652061683 41.8857915254),,,,,2023-10-24,False,24,Austin
10028,30,NO CONTROLS,NO CONTROLS,CLEAR,DUSK,PEDALCYCLIST,NOT DIVIDED,STRAIGHT AND LEVEL,DRY,NO DEFECTS,,UNABLE TO DETERMINE,NOT APPLICABLE,Y,NO INDICATION OF INJURY,17,10,41.9828695356,-87.7156911907,2023,30,POINT (-87.7156911907 41.9828695356),,,,,2023-10-24,False,12,North Park
10029,30,OTHER,OTHER,CLEAR,DUSK,PEDALCYCLIST,NOT DIVIDED,STRAIGHT AND LEVEL,DRY,UNKNOWN,,DISTRACTION - FROM INSIDE VEHICLE,NOT APPLICABLE,Y,NONINCAPACITATING INJURY,17,10,41.9648709914,-87.6859329953,2023,30,POINT (-87.6859329953 41.9648709914),,,,,2023-10-24,False,3,Lincoln Square