Unnamed: 0,POSTED_SPEED_LIMIT,TRAFFIC_CONTROL_DEVICE,DEVICE_CONDITION,WEATHER_CONDITION,LIGHTING_CONDITION,FIRST_CRASH_TYPE,TRAFFICWAY_TYPE,ALIGNMENT,ROADWAY_SURFACE_COND,ROAD_DEFECT,INTERSECTION_RELATED_I,PRIM_CONTRIBUTORY_CAUSE,SEC_CONTRIBUTORY_CAUSE,DOORING_I,MOST_SEVERE_INJURY,CRASH_HOUR,CRASH_MONTH,LATITUDE,LONGITUDE,CRASH_YEAR,SPEED_LIMIT,geometry,DISPLAYROU,the_geom,DIST,LANE_TYPE,CRASH_DATE,is_severe,index_right,CArea
10030,30,NO CONTROLS,NO CONTROLS,CLEAR,"DARKNESS, LIGHTED ROAD",PEDALCYCLIST,DIVIDED - W/MEDIAN (NOT RAISED),STRAIGHT AND LEVEL,UNKNOWN,UNKNOWN,,UNABLE TO DETERMINE,NOT APPLICABLE,,NONINCAPACITATING INJURY,19,10,41.972213557,-87.6596091001,2023,30,POINT (-87.6596091001 41.972213557),,,,,2023-10-24,False,2,Uptown
10031,30,NO CONTROLS,NO CONTROLS,CLEAR,"DARKNESS, LIGHTED ROAD",PEDALCYCLIST,OTHER,STRAIGHT AND LEVEL,DRY,NO DEFECTS,,NOT APPLICABLE,NOT APPLICABLE,,NONINCAPACITATING INJURY,19,10,41.9538103828,-87.7079524703,2023,30,POINT (-87.7079524703 41.9538103828),,,,,2023-10-24,False,15,Irving Park
10032,30,TRAFFIC SIGNAL,UNKNOWN,RAIN,DARKNESS,PEDALCYCLIST,CENTER TURN LANE,STRAIGHT AND LEVEL,WET,UNKNOWN,Y,FAILING TO YIELD RIGHT-OF-WAY,NOT APPLICABLE,,NONINCAPACITATING INJURY,7,10,41.7864371748,-87.6839752465,2023,30,POINT (-87.6839752465 41.7864371748),,,,,2023-10-25,False,62,Gage Park
10033,30,NO CONTROLS,NO CONTROLS,CLEAR,DAYLIGHT,PEDALCYCLIST,FOUR WAY,STRAIGHT AND LEVEL,DRY,NO DEFECTS,Y,FAILING TO YIELD RIGHT-OF-WAY,IMPROPER TURNING/NO SIGNAL,,INCAPACITATING INJURY,15,10,41.8978563615,-87.6581396399,2023,30,POINT (-87.6581396399 41.8978563615),,,,,2023-10-25,True,7,Near North Side
10034,25,UNKNOWN,UNKNOWN,CLEAR,"DARKNESS, LIGHTED ROAD",PEDALCYCLIST,OTHER,STRAIGHT AND LEVEL,DRY,NO DEFECTS,,UNABLE TO DETERMINE,UNABLE TO DETERMINE,,NO INDICATION OF INJURY,19,10,41.872506272,-87.6689153031,2023,25,POINT (-87.6689153031 41.872506272),,,,,2023-10-25,False,27,Near West Side
10035,30,TRAFFIC SIGNAL,FUNCTIONING PROPERLY,CLOUDY/OVERCAST,"DARKNESS, LIGHTED ROAD",PEDALCYCLIST,DIVIDED - W/MEDIAN (NOT RAISED),STRAIGHT AND LEVEL,WET,NO DEFECTS,,UNABLE TO DETERMINE,UNABLE TO DETERMINE,,NO INDICATION OF INJURY,21,10,41.7659062534,-87.5887012329,2023,30,POINT (-87.5887012329 41.7659062534),,,,,2023-10-25,False,41,Woodlawn
10036,30,TRAFFIC SIGNAL,FUNCTIONING PROPERLY,RAIN,DARKNESS,PEDALCYCLIST,"FIVE POINT, OR MORE",STRAIGHT AND LEVEL,WET,UNKNOWN,Y,IMPROPER TURNING/NO SIGNAL,FAILING TO YIELD RIGHT-OF-WAY,,NO INDICATION OF INJURY,22,10,41.9289885594,-87.7075003469,2023,30,POINT (-87.7075003469 41.9289885594),,,,,2023-10-25,False,21,Logan Square
10037,30,TRAFFIC SIGNAL,FUNCTIONING PROPERLY,RAIN,DAYLIGHT,PEDALCYCLIST,NOT DIVIDED,STRAIGHT AND LEVEL,WET,NO DEFECTS,,FAILING TO YIELD RIGHT-OF-WAY,NOT APPLICABLE,,NONINCAPACITATING INJURY,7,10,41.8846863716,-87.6866766609,2023,30,POINT (-87.6866766609 41.8846863716),,,,,2023-10-26,False,27,Near West Side
10038,30,TRAFFIC SIGNAL,FUNCTIONING PROPERLY,RAIN,DAYLIGHT,PEDALCYCLIST,NOT DIVIDED,STRAIGHT AND LEVEL,WET,UNKNOWN,Y,DISREGARDING TRAFFIC SIGNALS,NOT APPLICABLE,,NO INDICATION OF INJURY,14,10,41.7932108504,-87.7328203373,2023,30,POINT (-87.7328203373 41.7932108504),,,,,2023-10-26,False,61,West Elsdon
10039,30,NO CONTROLS,NO CONTROLS,RAIN,DAYLIGHT,PEDALCYCLIST,DIVIDED - W/MEDIAN (NOT RAISED),STRAIGHT AND LEVEL,WET,NO DEFECTS,,IMPROPER LANE USAGE,NOT APPLICABLE,,NONINCAPACITATING INJURY,15,10,41.8301304744,-87.6851760975,2023,30,POINT (-87.6851760975 41.8301304744),,,,,2023-10-26,False,57,Brighton Park
10040,30,TRAFFIC SIGNAL,FUNCTIONING PROPERLY,CLEAR,DAYLIGHT,PEDALCYCLIST,T-INTERSECTION,STRAIGHT AND LEVEL,DRY,UNKNOWN,Y,FAILING TO YIELD RIGHT-OF-WAY,NOT APPLICABLE,,NONINCAPACITATING INJURY,16,10,41.8433172396,-87.6852088506,2023,30,POINT (-87.6852088506 41.8433172396),,,,,2023-10-26,False,30,Lower West Side
10041,35,UNKNOWN,UNKNOWN,RAIN,"DARKNESS, LIGHTED ROAD",PEDALCYCLIST,NOT DIVIDED,STRAIGHT AND LEVEL,WET,NO DEFECTS,,UNABLE TO DETERMINE,UNABLE TO DETERMINE,,NO INDICATION OF INJURY,22,10,41.7942992629,-87.6223096698,2023,35,POINT (-87.6223096698 41.7942992629),,,,,2023-10-26,False,39,Washington Park
10042,30,TRAFFIC SIGNAL,FUNCTIONING PROPERLY,CLEAR,DAYLIGHT,PEDALCYCLIST,NOT DIVIDED,STRAIGHT AND LEVEL,DRY,NO DEFECTS,,DISREGARDING TRAFFIC SIGNALS,NOT APPLICABLE,,"REPORTED, NOT EVIDENT",9,10,41.8672266215,-87.6491634852,2023,30,POINT (-87.6491634852 41.8672266215),,,,,2023-10-27,False,27,Near West Side
10043,30,TRAFFIC SIGNAL,FUNCTIONING PROPERLY,RAIN,DAYLIGHT,PEDALCYCLIST,FOUR WAY,STRAIGHT AND LEVEL,WET,UNKNOWN,Y,UNABLE TO DETERMINE,NOT APPLICABLE,,NONINCAPACITATING INJURY,14,10,41.8867587292,-87.6426576282,2023,30,POINT (-87.6426576282 41.8867587292),,,,,2023-10-27,False,7,Near North Side
10044,30,UNKNOWN,UNKNOWN,CLOUDY/OVERCAST,DAYLIGHT,PEDALCYCLIST,FOUR WAY,STRAIGHT AND LEVEL,DRY,UNKNOWN,Y,IMPROPER LANE USAGE,NOT APPLICABLE,,NO INDICATION OF INJURY,16,10,41.7497239717,-87.7025395717,2023,30,POINT (-87.7025395717 41.7497239717),,,,,2023-10-27,False,69,Ashburn
10045,30,STOP SIGN/FLASHER,FUNCTIONING PROPERLY,CLEAR,DARKNESS,PEDALCYCLIST,ONE-WAY,STRAIGHT AND LEVEL,DRY,NO DEFECTS,,FAILING TO YIELD RIGHT-OF-WAY,UNABLE TO DETERMINE,,NONINCAPACITATING INJURY,18,10,41.8082790693,-87.701394329,2023,30,POINT (-87.701394329 41.8082790693),,,,,2023-10-27,False,57,Brighton Park
10046,30,NO CONTROLS,UNKNOWN,CLOUDY/OVERCAST,DUSK,PEDALCYCLIST,NOT DIVIDED,STRAIGHT AND LEVEL,WET,NO DEFECTS,,UNABLE TO DETERMINE,FAILING TO REDUCE SPEED TO AVOID CRASH,Y,INCAPACITATING INJURY,19,10,41.9665829464,-87.6789753506,2023,30,POINT (-87.6789753506 41.9665829464),,,,,2023-10-27,True,3,Lincoln Square
10047,30,NO CONTROLS,NO CONTROLS,RAIN,"DARKNESS, LIGHTED ROAD",PEDALCYCLIST,DIVIDED - W/MEDIAN (NOT RAISED),STRAIGHT AND LEVEL,WET,NO DEFECTS,,WEATHER,UNABLE TO DETERMINE,,"REPORTED, NOT EVIDENT",19,10,41.9108590813,-87.6873821797,2023,30,POINT (-87.6873821797 41.9108590813),,,,,2023-10-27,False,23,West Town
10048,30,TRAFFIC SIGNAL,UNKNOWN,CLEAR,"DARKNESS, LIGHTED ROAD",PEDALCYCLIST,DIVIDED - W/MEDIAN (NOT RAISED),STRAIGHT AND LEVEL,DRY,NO DEFECTS,Y,UNABLE TO DETERMINE,UNABLE TO DETERMINE,,NONINCAPACITATING INJURY,22,10,41.6631821012,-87.6415652652,2023,30,POINT (-87.6415652652 41.6631821012),,,,,2023-10-27,False,52,West Pullman
10049,35,TRAFFIC SIGNAL,FUNCTIONING PROPERLY,CLEAR,"DARKNESS, LIGHTED ROAD",PEDALCYCLIST,FOUR WAY,STRAIGHT AND LEVEL,DRY,NO DEFECTS,Y,DRIVING SKILLS/KNOWLEDGE/EXPERIENCE,NOT APPLICABLE,,NONINCAPACITATING INJURY,23,10,41.8756225408,-87.6261727387,2023,35,POINT (-87.6261727387 41.8756225408),,,,,2023-10-27,False,31,Loop
10050,30,NO CONTROLS,NO CONTROLS,RAIN,DARKNESS,PEDALCYCLIST,ALLEY,STRAIGHT AND LEVEL,WET,NO DEFECTS,,FAILING TO YIELD RIGHT-OF-WAY,NOT APPLICABLE,,INCAPACITATING INJURY,1,10,41.8800235216,-87.6409885748,2023,30,POINT (-87.6409885748 41.8800235216),,,,,2023-10-28,True,27,Near West Side
10051,30,STOP SIGN/FLASHER,FUNCTIONING PROPERLY,CLEAR,DAYLIGHT,PEDALCYCLIST,DIVIDED - W/MEDIAN (NOT RAISED),STRAIGHT AND LEVEL,DRY,NO DEFECTS,Y,FAILING TO YIELD RIGHT-OF-WAY,IMPROPER TURNING/NO SIGNAL,,NONINCAPACITATING INJURY,10,10,41.934151762,-87.6783277267,2023,30,POINT (-87.6783277267 41.934151762),,,,,2023-10-28,False,4,North Center
10052,30,TRAFFIC SIGNAL,FUNCTIONING PROPERLY,CLEAR,DAYLIGHT,PEDALCYCLIST,"FIVE POINT, OR MORE",STRAIGHT AND LEVEL,DRY,NO DEFECTS,,NOT APPLICABLE,NOT APPLICABLE,,NONINCAPACITATING INJURY,11,10,41.8511195666,-87.7243009044,2023,30,POINT (-87.7243009044 41.8511195666),,,,,2023-10-28,False,28,North Lawndale
10053,30,NO CONTROLS,NO CONTROLS,CLEAR,DAYLIGHT,PEDALCYCLIST,FOUR WAY,STRAIGHT AND LEVEL,DRY,NO DEFECTS,,UNABLE TO DETERMINE,UNABLE TO DETERMINE,N,"REPORTED, NOT EVIDENT",13,10,41.7647997332,-87.663734792,2023,30,POINT (-87.663734792 41.7647997332),,,,,2023-10-28,False,66,Englewood
10054,30,NO CONTROLS,NO CONTROLS,UNKNOWN,DAYLIGHT,PEDALCYCLIST,DIVIDED - W/MEDIAN (NOT RAISED),STRAIGHT AND LEVEL,UNKNOWN,NO DEFECTS,,DISTRACTION - FROM INSIDE VEHICLE,NOT APPLICABLE,Y,INCAPACITATING INJURY,15,10,41.9241431737,-87.6996031756,2023,30,POINT (-87.6996031756 41.9241431737),,,,,2023-10-28,True,21,Logan Square
10055,20,STOP SIGN/FLASHER,NO CONTROLS,CLEAR,"DARKNESS, LIGHTED ROAD",PEDALCYCLIST,FOUR WAY,STRAIGHT AND LEVEL,DRY,NO DEFECTS,Y,UNABLE TO DETERMINE,UNABLE TO DETERMINE,,NONINCAPACITATING INJURY,4,10,42.0000159129,-87.6705909927,2023,20,POINT (-87.6705909927 42.0000159129),,,,,2023-10-29,False,0,Rogers Park
10056,30,STOP SIGN/FLASHER,FUNCTIONING PROPERLY,FOG/SMOKE/HAZE,DAYLIGHT,PEDALCYCLIST,T-INTERSECTION,STRAIGHT AND LEVEL,WET,UNKNOWN,Y,FAILING TO YIELD RIGHT-OF-WAY,UNABLE TO DETERMINE,N,NO INDICATION OF INJURY,13,10,41.8436193216,-87.646352231,2023,30,POINT (-87.646352231 41.8436193216),,,,,2023-10-29,False,30,Lower West Side
10057,30,TRAFFIC SIGNAL,FUNCTIONING IMPROPERLY,CLEAR,DAYLIGHT,PEDALCYCLIST,NOT DIVIDED,STRAIGHT AND LEVEL,DRY,NO DEFECTS,Y,NOT APPLICABLE,NOT APPLICABLE,,NONINCAPACITATING INJURY,8,10,41.9905912645,-87.6895282896,2023,30,POINT (-87.6895282896 41.9905912645),,,,,2023-10-30,False,1,West Ridge
10058,30,STOP SIGN/FLASHER,NO CONTROLS,CLEAR,DAYLIGHT,PEDALCYCLIST,NOT DIVIDED,STRAIGHT AND LEVEL,DRY,NO DEFECTS,Y,UNABLE TO DETERMINE,UNABLE TO DETERMINE,,"REPORTED, NOT EVIDENT",11,10,41.8009182886,-87.5875832037,2023,30,POINT (-87.5875832037 41.8009182886),,,,,2023-10-30,False,40,Hyde Park
10059,30,TRAFFIC SIGNAL,FUNCTIONING PROPERLY,CLEAR,DAYLIGHT,PEDALCYCLIST,ONE-WAY,STRAIGHT AND LEVEL,DRY,NO DEFECTS,,FAILING TO YIELD RIGHT-OF-WAY,FAILING TO YIELD RIGHT-OF-WAY,,NONINCAPACITATING INJURY,16,10,41.8899882099,-87.6368377253,2023,30,POINT (-87.6368377253 41.8899882099),,,,,2023-10-30,False,7,Near North Side
10060,25,NO CONTROLS,NO CONTROLS,CLEAR,DARKNESS,PEDALCYCLIST,NOT DIVIDED,STRAIGHT AND LEVEL,DRY,NO DEFECTS,,UNABLE TO DETERMINE,UNABLE TO DETERMINE,,NO INDICATION OF INJURY,19,10,41.8856389185,-87.6473262383,2023,25,POINT (-87.6473262383 41.8856389185),,,,,2023-10-30,False,27,Near West Side
10061,30,TRAFFIC SIGNAL,FUNCTIONING PROPERLY,SNOW,DAYLIGHT,PEDALCYCLIST,NOT DIVIDED,STRAIGHT AND LEVEL,WET,NO DEFECTS,Y,DISREGARDING TRAFFIC SIGNALS,FAILING TO YIELD RIGHT-OF-WAY,,"REPORTED, NOT EVIDENT",12,10,41.8671252507,-87.6470648083,2023,30,POINT (-87.6470648083 41.8671252507),,,,,2023-10-31,False,27,Near West Side
10062,30,NO CONTROLS,NO CONTROLS,SNOW,DAYLIGHT,PEDALCYCLIST,ALLEY,STRAIGHT AND LEVEL,SNOW OR SLUSH,UNKNOWN,,UNABLE TO DETERMINE,UNABLE TO DETERMINE,,NONINCAPACITATING INJURY,13,10,41.9954942794,-87.6602863708,2023,30,POINT (-87.6602863708 41.9954942794),,,,,2023-10-31,False,76,Edgewater
10063,30,TRAFFIC SIGNAL,FUNCTIONING PROPERLY,FREEZING RAIN/DRIZZLE,DAYLIGHT,PEDALCYCLIST,FOUR WAY,STRAIGHT AND LEVEL,WET,NO DEFECTS,Y,FAILING TO YIELD RIGHT-OF-WAY,WEATHER,,INCAPACITATING INJURY,15,10,41.8963617568,-87.6561699481,2023,30,POINT (-87.6561699481 41.8963617568),,,,,2023-10-31,True,7,Near North Side
10064,30,TRAFFIC SIGNAL,FUNCTIONING PROPERLY,SNOW,DAYLIGHT,PEDALCYCLIST,ONE-WAY,STRAIGHT AND LEVEL,SNOW OR SLUSH,NO DEFECTS,,FAILING TO REDUCE SPEED TO AVOID CRASH,NOT APPLICABLE,,NO INDICATION OF INJURY,15,10,41.8791719377,-87.6417080952,2023,30,POINT (-87.6417080952 41.8791719377),,,,,2023-10-31,False,27,Near West Side
10065,15,NO CONTROLS,NO CONTROLS,CLEAR,DAYLIGHT,PEDALCYCLIST,ALLEY,STRAIGHT AND LEVEL,ICE,NO DEFECTS,,FAILING TO REDUCE SPEED TO AVOID CRASH,FAILING TO YIELD RIGHT-OF-WAY,,NONINCAPACITATING INJURY,7,11,41.8495067014,-87.6385941239,2023,15,POINT (-87.6385941239 41.8495067014),,,,,2023-11-01,False,30,Lower West Side
10066,30,NO CONTROLS,NO CONTROLS,OTHER,DAYLIGHT,PEDALCYCLIST,DRIVEWAY,STRAIGHT AND LEVEL,ICE,NO DEFECTS,,FAILING TO YIELD RIGHT-OF-WAY,NOT APPLICABLE,,NONINCAPACITATING INJURY,8,11,41.9382557091,-87.7965195034,2023,30,POINT (-87.7965195034 41.9382557091),,,,,2023-11-01,False,16,Dunning
10067,15,TRAFFIC SIGNAL,FUNCTIONING PROPERLY,CLEAR,DAYLIGHT,PEDALCYCLIST,FOUR WAY,STRAIGHT AND LEVEL,WET,NO DEFECTS,,FAILING TO YIELD RIGHT-OF-WAY,NOT APPLICABLE,Y,NONINCAPACITATING INJURY,12,11,41.9034221692,-87.6553767114,2023,15,POINT (-87.6553767114 41.9034221692),,,,,2023-11-01,False,7,Near North Side
10068,30,TRAFFIC SIGNAL,FUNCTIONING PROPERLY,CLEAR,"DARKNESS, LIGHTED ROAD",PEDALCYCLIST,Y-INTERSECTION,STRAIGHT AND LEVEL,WET,NO DEFECTS,Y,IMPROPER TURNING/NO SIGNAL,FAILING TO YIELD RIGHT-OF-WAY,,NONINCAPACITATING INJURY,18,11,41.9511797416,-87.6494426182,2023,30,POINT (-87.6494426182 41.9511797416),,,,,2023-11-01,False,5,Lake View
10069,30,TRAFFIC SIGNAL,FUNCTIONING PROPERLY,CLEAR,DAYLIGHT,PEDALCYCLIST,NOT DIVIDED,STRAIGHT AND LEVEL,DRY,NO DEFECTS,,NOT APPLICABLE,NOT APPLICABLE,,NO INDICATION OF INJURY,15,11,41.815761862,-87.6650772497,2023,30,POINT (-87.6650772497 41.815761862),,,,,2023-11-02,False,60,New City
10070,15,NO CONTROLS,NO CONTROLS,CLEAR,DAYLIGHT,PEDALCYCLIST,ALLEY,STRAIGHT AND LEVEL,DRY,NO DEFECTS,,UNABLE TO DETERMINE,UNABLE TO DETERMINE,,"REPORTED, NOT EVIDENT",16,11,41.9111754014,-87.6675582448,2023,15,POINT (-87.6675582448 41.9111754014),,,,,2023-11-02,False,6,Lincoln Park
10071,30,TRAFFIC SIGNAL,FUNCTIONING PROPERLY,CLEAR,DARKNESS,PEDALCYCLIST,NOT DIVIDED,STRAIGHT AND LEVEL,DRY,NO DEFECTS,Y,UNABLE TO DETERMINE,NOT APPLICABLE,,NONINCAPACITATING INJURY,18,11,41.8577437509,-87.6320390628,2023,30,POINT (-87.6320390628 41.8577437509),,,,,2023-11-02,False,32,Near South Side
10072,30,TRAFFIC SIGNAL,FUNCTIONING PROPERLY,CLEAR,"DARKNESS, LIGHTED ROAD",PEDALCYCLIST,FOUR WAY,STRAIGHT AND LEVEL,DRY,UNKNOWN,Y,FAILING TO YIELD RIGHT-OF-WAY,FAILING TO YIELD RIGHT-OF-WAY,,"REPORTED, NOT EVIDENT",19,11,41.9421791342,-87.7667734934,2023,30,POINT (-87.7667734934 41.9421791342),,,,,2023-11-02,False,14,Portage Park
10073,35,UNKNOWN,UNKNOWN,CLEAR,"DARKNESS, LIGHTED ROAD",PEDALCYCLIST,NOT DIVIDED,STRAIGHT AND LEVEL,DRY,UNKNOWN,,UNABLE TO DETERMINE,NOT APPLICABLE,,NONINCAPACITATING INJURY,22,11,41.8956158505,-87.7114985896,2023,35,POINT (-87.7114985896 41.8956158505),,,,,2023-11-02,False,22,Humboldt Park
10074,30,TRAFFIC SIGNAL,FUNCTIONING PROPERLY,CLEAR,"DARKNESS, LIGHTED ROAD",PEDALCYCLIST,Y-INTERSECTION,STRAIGHT AND LEVEL,DRY,NO DEFECTS,Y,FAILING TO YIELD RIGHT-OF-WAY,NOT APPLICABLE,N,NONINCAPACITATING INJURY,22,11,41.9037895847,-87.6398207738,2023,30,POINT (-87.6398207738 41.9037895847),,,,,2023-11-02,False,7,Near North Side
10075,30,TRAFFIC SIGNAL,UNKNOWN,CLEAR,DAYLIGHT,PEDALCYCLIST,DIVIDED - W/MEDIAN (NOT RAISED),STRAIGHT AND LEVEL,DRY,UNKNOWN,,IMPROPER OVERTAKING/PASSING,IMPROPER LANE USAGE,,NONINCAPACITATING INJURY,15,11,41.9559154474,-87.722174037,2023,30,POINT (-87.722174037 41.9559154474),,,,,2023-11-03,False,15,Irving Park
10076,30,NO CONTROLS,NO CONTROLS,CLEAR,DAYLIGHT,PEDALCYCLIST,DIVIDED - W/MEDIAN (NOT RAISED),STRAIGHT AND LEVEL,DRY,NO DEFECTS,,FAILING TO YIELD RIGHT-OF-WAY,FAILING TO YIELD RIGHT-OF-WAY,,"REPORTED, NOT EVIDENT",16,11,41.8860483963,-87.6476323383,2023,30,POINT (-87.6476323383 41.8860483963),,,,,2023-11-03,False,27,Near West Side
10077,30,UNKNOWN,UNKNOWN,UNKNOWN,UNKNOWN,PEDALCYCLIST,FOUR WAY,STRAIGHT AND LEVEL,UNKNOWN,UNKNOWN,Y,UNABLE TO DETERMINE,UNABLE TO DETERMINE,,NO INDICATION OF INJURY,17,11,41.8860483963,-87.6476323383,2023,30,POINT (-87.6476323383 41.8860483963),,,,,2023-11-03,False,27,Near West Side
10078,25,NO CONTROLS,NO CONTROLS,CLEAR,DAYLIGHT,PEDALCYCLIST,NOT DIVIDED,STRAIGHT AND LEVEL,DRY,NO DEFECTS,,FAILING TO YIELD RIGHT-OF-WAY,FAILING TO YIELD RIGHT-OF-WAY,Y,NONINCAPACITATING INJURY,17,11,41.7946538095,-87.601231771,2023,25,POINT (-87.601231771 41.7946538095),,,,,2023-11-03,False,40,Hyde Park
10079,30,UNKNOWN,UNKNOWN,UNKNOWN,UNKNOWN,PEDALCYCLIST,NOT DIVIDED,STRAIGHT AND LEVEL,UNKNOWN,UNKNOWN,Y,UNABLE TO DETERMINE,NOT APPLICABLE,,NONINCAPACITATING INJURY,13,11,41.9806563244,-87.6678114753,2023,30,POINT (-87.6678114753 41.9806563244),,,,,2023-11-04,False,76,Edgewater
10080,30,NO CONTROLS,NO CONTROLS,CLEAR,DAYLIGHT,PEDALCYCLIST,NOT DIVIDED,STRAIGHT AND LEVEL,UNKNOWN,UNKNOWN,,UNABLE TO DETERMINE,NOT APPLICABLE,,NONINCAPACITATING INJURY,14,11,41.7214565224,-87.6770858682,2023,30,POINT (-87.6770858682 41.7214565224),,,,,2023-11-04,False,71,Beverly
10081,30,STOP SIGN/FLASHER,NO CONTROLS,CLEAR,DAYLIGHT,PEDALCYCLIST,FOUR WAY,STRAIGHT AND LEVEL,DRY,NO DEFECTS,Y,DISREGARDING STOP SIGN,NOT APPLICABLE,,NONINCAPACITATING INJURY,15,11,41.9695099356,-87.6478286015,2023,30,POINT (-87.6478286015 41.9695099356),,,,,2023-11-04,False,2,Uptown
10082,30,NO CONTROLS,NO CONTROLS,CLEAR,DAYLIGHT,PEDALCYCLIST,NOT DIVIDED,STRAIGHT AND LEVEL,DRY,NO DEFECTS,,FAILING TO YIELD RIGHT-OF-WAY,FAILING TO YIELD RIGHT-OF-WAY,,NONINCAPACITATING INJURY,15,11,41.8662747052,-87.7256727726,2023,30,POINT (-87.7256727726 41.8662747052),,,,,2023-11-04,False,28,North Lawndale
10083,30,TRAFFIC SIGNAL,FUNCTIONING PROPERLY,CLEAR,DAYLIGHT,PEDALCYCLIST,DIVIDED - W/MEDIAN BARRIER,STRAIGHT AND LEVEL,DRY,NO DEFECTS,Y,DISTRACTION - FROM OUTSIDE VEHICLE,NOT APPLICABLE,,NONINCAPACITATING INJURY,16,11,41.7940915382,-87.6304664415,2023,30,POINT (-87.6304664415 41.7940915382),,,,,2023-11-04,False,67,Englewood
10084,25,NO CONTROLS,NO CONTROLS,UNKNOWN,UNKNOWN,PEDALCYCLIST,ALLEY,STRAIGHT AND LEVEL,UNKNOWN,UNKNOWN,,UNABLE TO DETERMINE,UNABLE TO DETERMINE,,"REPORTED, NOT EVIDENT",17,11,41.8642743821,-87.6466890712,2023,25,POINT (-87.6466890712 41.8642743821),,,,,2023-11-04,False,27,Near West Side
10085,30,NO CONTROLS,UNKNOWN,CLEAR,DARKNESS,PEDALCYCLIST,FOUR WAY,STRAIGHT AND LEVEL,UNKNOWN,UNKNOWN,Y,IMPROPER OVERTAKING/PASSING,UNABLE TO DETERMINE,,NONINCAPACITATING INJURY,21,11,41.9053256309,-87.6693219967,2023,30,POINT (-87.6693219967 41.9053256309),,,,,2023-11-04,False,23,West Town
10086,30,NO CONTROLS,NO CONTROLS,CLEAR,DAYLIGHT,PEDALCYCLIST,NOT DIVIDED,STRAIGHT AND LEVEL,DRY,NO DEFECTS,,FAILING TO YIELD RIGHT-OF-WAY,IMPROPER LANE USAGE,,NONINCAPACITATING INJURY,11,11,41.8818042316,-87.6523547213,2023,30,POINT (-87.6523547213 41.8818042316),,,,,2023-11-05,False,27,Near West Side
10087,30,NO CONTROLS,NO CONTROLS,CLEAR,DAYLIGHT,PEDALCYCLIST,NOT DIVIDED,STRAIGHT AND LEVEL,DRY,NO DEFECTS,,"VISION OBSCURED (SIGNS, TREE LIMBS, BUILDINGS, ETC.)",UNABLE TO DETERMINE,Y,"REPORTED, NOT EVIDENT",12,11,41.8380029008,-87.6410988691,2023,30,POINT (-87.6410988691 41.8380029008),,,,,2023-11-05,False,30,Lower West Side
10088,30,NO CONTROLS,NO CONTROLS,CLEAR,DAYLIGHT,PEDALCYCLIST,NOT DIVIDED,STRAIGHT AND LEVEL,DRY,NO DEFECTS,,IMPROPER OVERTAKING/PASSING,NOT APPLICABLE,,NONINCAPACITATING INJURY,12,11,41.9114428702,-87.6793344718,2023,30,POINT (-87.6793344718 41.9114428702),,,,,2023-11-05,False,6,Lincoln Park
10089,30,STOP SIGN/FLASHER,FUNCTIONING PROPERLY,CLEAR,"DARKNESS, LIGHTED ROAD",PEDALCYCLIST,FOUR WAY,STRAIGHT AND LEVEL,DRY,NO DEFECTS,Y,"OPERATING VEHICLE IN ERRATIC, RECKLESS, CARELESS, NEGLIGENT OR AGGRESSIVE MANNER","OPERATING VEHICLE IN ERRATIC, RECKLESS, CARELESS, NEGLIGENT OR AGGRESSIVE MANNER",,NONINCAPACITATING INJURY,17,11,41.8992459018,-87.6892711501,2023,30,POINT (-87.6892711501 41.8992459018),,,,,2023-11-05,False,23,West Town
10090,30,TRAFFIC SIGNAL,FUNCTIONING PROPERLY,CLEAR,"DARKNESS, LIGHTED ROAD",PEDALCYCLIST,FOUR WAY,STRAIGHT AND LEVEL,DRY,NO DEFECTS,,FAILING TO YIELD RIGHT-OF-WAY,FOLLOWING TOO CLOSELY,,NO INDICATION OF INJURY,19,11,41.8577494208,-87.6270477872,2023,30,POINT (-87.6270477872 41.8577494208),,,,,2023-11-05,False,32,Near South Side
10091,30,NO CONTROLS,NO CONTROLS,CLEAR,DAYLIGHT,PEDALCYCLIST,NOT DIVIDED,STRAIGHT AND LEVEL,DRY,UNKNOWN,,UNABLE TO DETERMINE,UNABLE TO DETERMINE,,NONINCAPACITATING INJURY,8,11,41.976290841,-87.7088407901,2023,30,POINT (-87.7088407901 41.976290841),,,,,2023-11-06,False,12,North Park
10092,30,UNKNOWN,UNKNOWN,CLEAR,DAYLIGHT,PEDALCYCLIST,NOT DIVIDED,STRAIGHT AND LEVEL,DRY,NO DEFECTS,,UNABLE TO DETERMINE,UNABLE TO DETERMINE,,NONINCAPACITATING INJURY,11,11,41.9558066979,-87.7504784159,2023,30,POINT (-87.7504784159 41.9558066979),,,,,2023-11-06,False,14,Portage Park
10093,30,STOP SIGN/FLASHER,NO CONTROLS,CLEAR,DAYLIGHT,PEDALCYCLIST,FOUR WAY,STRAIGHT AND LEVEL,DRY,NO DEFECTS,Y,FAILING TO YIELD RIGHT-OF-WAY,FAILING TO YIELD RIGHT-OF-WAY,,NONINCAPACITATING INJURY,11,11,41.88673056,-87.6244239173,2023,30,POINT (-87.6244239173 41.88673056),,,,,2023-11-06,False,7,Near North Side