Unnamed: 0,POSTED_SPEED_LIMIT,TRAFFIC_CONTROL_DEVICE,DEVICE_CONDITION,WEATHER_CONDITION,LIGHTING_CONDITION,FIRST_CRASH_TYPE,TRAFFICWAY_TYPE,ALIGNMENT,ROADWAY_SURFACE_COND,ROAD_DEFECT,INTERSECTION_RELATED_I,PRIM_CONTRIBUTORY_CAUSE,SEC_CONTRIBUTORY_CAUSE,DOORING_I,MOST_SEVERE_INJURY,CRASH_HOUR,CRASH_MONTH,LATITUDE,LONGITUDE,CRASH_YEAR,SPEED_LIMIT,geometry,DISPLAYROU,the_geom,DIST,LANE_TYPE,CRASH_DATE,is_severe,index_right,CArea
10094,20,STOP SIGN/FLASHER,FUNCTIONING PROPERLY,CLEAR,DAYLIGHT,PEDALCYCLIST,ONE-WAY,STRAIGHT AND LEVEL,DRY,NO DEFECTS,,FAILING TO YIELD RIGHT-OF-WAY,FAILING TO YIELD RIGHT-OF-WAY,,"REPORTED, NOT EVIDENT",15,11,41.9516270984,-87.8021816928,2023,20,POINT (-87.8021816928 41.9516270984),,,,,2023-11-06,False,16,Dunning
10095,35,STOP SIGN/FLASHER,FUNCTIONING PROPERLY,CLEAR,"DARKNESS, LIGHTED ROAD",PEDALCYCLIST,NOT DIVIDED,STRAIGHT AND LEVEL,DRY,NO DEFECTS,Y,FAILING TO YIELD RIGHT-OF-WAY,IMPROPER OVERTAKING/PASSING,,NONINCAPACITATING INJURY,17,11,41.7713814093,-87.7311662288,2023,35,POINT (-87.7311662288 41.7713814093),,,,,2023-11-06,False,64,West Lawn
10096,30,TRAFFIC SIGNAL,FUNCTIONING PROPERLY,CLEAR,"DARKNESS, LIGHTED ROAD",PEDALCYCLIST,T-INTERSECTION,STRAIGHT AND LEVEL,DRY,UNKNOWN,Y,NOT APPLICABLE,NOT APPLICABLE,,NO INDICATION OF INJURY,17,11,41.9660534171,-87.728114561,2023,30,POINT (-87.728114561 41.9660534171),,,,,2023-11-06,False,13,Albany Park
10097,30,STOP SIGN/FLASHER,FUNCTIONING PROPERLY,CLEAR,"DARKNESS, LIGHTED ROAD",PEDALCYCLIST,FOUR WAY,STRAIGHT AND LEVEL,DRY,NO DEFECTS,,UNABLE TO DETERMINE,UNABLE TO DETERMINE,,NONINCAPACITATING INJURY,18,11,41.8272993323,-87.6921650133,2023,30,POINT (-87.6921650133 41.8272993323),,,,,2023-11-06,False,29,South Lawndale
10098,30,NO CONTROLS,NO CONTROLS,CLEAR,"DARKNESS, LIGHTED ROAD",PEDALCYCLIST,T-INTERSECTION,STRAIGHT AND LEVEL,DRY,NO DEFECTS,,FAILING TO YIELD RIGHT-OF-WAY,NOT APPLICABLE,,INCAPACITATING INJURY,18,11,41.9457741696,-87.7275284732,2023,30,POINT (-87.7275284732 41.9457741696),,,,,2023-11-06,True,15,Irving Park
10099,20,TRAFFIC SIGNAL,FUNCTIONING PROPERLY,CLEAR,"DARKNESS, LIGHTED ROAD",PEDALCYCLIST,DIVIDED - W/MEDIAN (NOT RAISED),STRAIGHT AND LEVEL,DRY,NO DEFECTS,,UNABLE TO DETERMINE,NOT APPLICABLE,,NONINCAPACITATING INJURY,19,11,41.8590295093,-87.7201287153,2023,20,POINT (-87.7201287153 41.8590295093),,,,,2023-11-06,False,28,North Lawndale
10100,30,TRAFFIC SIGNAL,FUNCTIONING PROPERLY,CLEAR,"DARKNESS, LIGHTED ROAD",PEDALCYCLIST,NOT DIVIDED,STRAIGHT AND LEVEL,DRY,NO DEFECTS,Y,FAILING TO REDUCE SPEED TO AVOID CRASH,FAILING TO YIELD RIGHT-OF-WAY,,NONINCAPACITATING INJURY,20,11,41.8931598993,-87.628190111,2023,30,POINT (-87.628190111 41.8931598993),,,,,2023-11-06,False,7,Near North Side
10101,15,NO CONTROLS,NO CONTROLS,CLEAR,DAYLIGHT,PEDALCYCLIST,ALLEY,STRAIGHT AND LEVEL,DRY,NO DEFECTS,,DISTRACTION - FROM INSIDE VEHICLE,UNABLE TO DETERMINE,,NONINCAPACITATING INJURY,7,11,41.9678339256,-87.6993004576,2023,15,POINT (-87.6993004576 41.9678339256),,,,,2023-11-07,False,3,Lincoln Square
10102,30,STOP SIGN/FLASHER,FUNCTIONING PROPERLY,CLEAR,DAYLIGHT,PEDALCYCLIST,FOUR WAY,STRAIGHT AND LEVEL,DRY,NO DEFECTS,Y,DISREGARDING STOP SIGN,FAILING TO REDUCE SPEED TO AVOID CRASH,,"REPORTED, NOT EVIDENT",8,11,41.9215702022,-87.7721333925,2023,30,POINT (-87.7721333925 41.9215702022),,,,,2023-11-07,False,18,Belmont Cragin
10103,30,NO CONTROLS,NO CONTROLS,CLEAR,DAYLIGHT,PEDALCYCLIST,DIVIDED - W/MEDIAN (NOT RAISED),STRAIGHT AND LEVEL,DRY,NO DEFECTS,,FAILING TO YIELD RIGHT-OF-WAY,UNABLE TO DETERMINE,,"REPORTED, NOT EVIDENT",8,11,41.9448810738,-87.7128050888,2023,30,POINT (-87.7128050888 41.9448810738),,,,,2023-11-07,False,15,Irving Park
10105,30,NO CONTROLS,NO CONTROLS,CLEAR,DAYLIGHT,PEDALCYCLIST,DIVIDED - W/MEDIAN (NOT RAISED),STRAIGHT AND LEVEL,DRY,NO DEFECTS,,NOT APPLICABLE,UNABLE TO DETERMINE,Y,"REPORTED, NOT EVIDENT",17,11,41.9266350269,-87.7031992526,2023,30,POINT (-87.7031992526 41.9266350269),,,,,2023-11-07,False,21,Logan Square
10106,35,TRAFFIC SIGNAL,FUNCTIONING PROPERLY,CLEAR,DAYLIGHT,PEDALCYCLIST,FOUR WAY,STRAIGHT AND LEVEL,DRY,NO DEFECTS,Y,FAILING TO YIELD RIGHT-OF-WAY,FAILING TO YIELD RIGHT-OF-WAY,,NO INDICATION OF INJURY,17,11,41.8819900738,-87.6322128759,2023,35,POINT (-87.6322128759 41.8819900738),,,,,2023-11-07,False,31,Loop
10107,30,TRAFFIC SIGNAL,FUNCTIONING PROPERLY,CLEAR,"DARKNESS, LIGHTED ROAD",PEDALCYCLIST,NOT DIVIDED,STRAIGHT AND LEVEL,DRY,NO DEFECTS,,UNABLE TO DETERMINE,NOT APPLICABLE,N,"REPORTED, NOT EVIDENT",17,11,41.8646813334,-87.6469904083,2023,30,POINT (-87.6469904083 41.8646813334),,,,,2023-11-07,False,27,Near West Side
10108,30,TRAFFIC SIGNAL,FUNCTIONING PROPERLY,CLEAR,"DARKNESS, LIGHTED ROAD",PEDALCYCLIST,ONE-WAY,STRAIGHT AND LEVEL,DRY,NO DEFECTS,Y,FAILING TO YIELD RIGHT-OF-WAY,FOLLOWING TOO CLOSELY,,NONINCAPACITATING INJURY,18,11,41.8919135793,-87.6201915347,2023,30,POINT (-87.6201915347 41.8919135793),,,,,2023-11-07,False,7,Near North Side
10109,30,TRAFFIC SIGNAL,FUNCTIONING PROPERLY,CLEAR,"DARKNESS, LIGHTED ROAD",PEDALCYCLIST,DIVIDED - W/MEDIAN (NOT RAISED),STRAIGHT AND LEVEL,DRY,NO DEFECTS,,UNABLE TO DETERMINE,NOT APPLICABLE,,"REPORTED, NOT EVIDENT",20,11,41.9247274618,-87.700552669,2023,30,POINT (-87.700552669 41.9247274618),,,,,2023-11-07,False,21,Logan Square
10111,25,NO CONTROLS,NO CONTROLS,RAIN,DAYLIGHT,PEDALCYCLIST,ONE-WAY,STRAIGHT AND LEVEL,WET,NO DEFECTS,,IMPROPER OVERTAKING/PASSING,DRIVING SKILLS/KNOWLEDGE/EXPERIENCE,,NONINCAPACITATING INJURY,8,11,41.9752964258,-87.6742707493,2023,25,POINT (-87.6742707493 41.9752964258),,,,,2023-11-08,False,2,Uptown
10112,30,NO CONTROLS,NO CONTROLS,CLEAR,DAYLIGHT,PEDALCYCLIST,NOT DIVIDED,STRAIGHT AND LEVEL,WET,NO DEFECTS,,FAILING TO YIELD RIGHT-OF-WAY,NOT APPLICABLE,,NONINCAPACITATING INJURY,8,11,41.9226055156,-87.6659901697,2023,30,POINT (-87.6659901697 41.9226055156),,,,,2023-11-08,False,6,Lincoln Park
10113,30,STOP SIGN/FLASHER,FUNCTIONING PROPERLY,CLEAR,DAYLIGHT,PEDALCYCLIST,FOUR WAY,STRAIGHT AND LEVEL,DRY,NO DEFECTS,Y,FAILING TO YIELD RIGHT-OF-WAY,UNABLE TO DETERMINE,,NONINCAPACITATING INJURY,14,11,41.8616400311,-87.6951817458,2023,30,POINT (-87.6951817458 41.8616400311),,,,,2023-11-08,False,28,North Lawndale
10114,30,NO CONTROLS,NO CONTROLS,CLEAR,DAYLIGHT,PEDALCYCLIST,NOT DIVIDED,STRAIGHT AND LEVEL,DRY,UNKNOWN,,UNABLE TO DETERMINE,UNABLE TO DETERMINE,Y,NONINCAPACITATING INJURY,15,11,41.8443511079,-87.7254551895,2023,30,POINT (-87.7254551895 41.8443511079),,,,,2023-11-08,False,29,South Lawndale
10115,30,STOP SIGN/FLASHER,FUNCTIONING PROPERLY,RAIN,DARKNESS,PEDALCYCLIST,NOT DIVIDED,STRAIGHT AND LEVEL,WET,NO DEFECTS,Y,NOT APPLICABLE,NOT APPLICABLE,,"REPORTED, NOT EVIDENT",16,11,41.931149085,-87.7675988698,2023,30,POINT (-87.7675988698 41.931149085),,,,,2023-11-08,False,18,Belmont Cragin
10116,30,TRAFFIC SIGNAL,NO CONTROLS,CLEAR,DAYLIGHT,PEDALCYCLIST,FOUR WAY,STRAIGHT AND LEVEL,DRY,NO DEFECTS,Y,UNABLE TO DETERMINE,DRIVING SKILLS/KNOWLEDGE/EXPERIENCE,,NONINCAPACITATING INJURY,2,11,41.9905081606,-87.7067186782,2023,30,POINT (-87.7067186782 41.9905081606),,,,,2023-11-09,False,1,West Ridge
10117,30,STOP SIGN/FLASHER,FUNCTIONING PROPERLY,CLEAR,DAYLIGHT,PEDALCYCLIST,FOUR WAY,STRAIGHT AND LEVEL,DRY,NO DEFECTS,Y,UNABLE TO DETERMINE,UNABLE TO DETERMINE,,"REPORTED, NOT EVIDENT",7,11,41.7771474887,-87.7713432066,2023,30,POINT (-87.7713432066 41.7771474887),,,,,2023-11-09,False,63,Clearing
10118,30,NO CONTROLS,NO CONTROLS,CLEAR,DAYLIGHT,PEDALCYCLIST,ONE-WAY,STRAIGHT AND LEVEL,DRY,NO DEFECTS,,UNABLE TO DETERMINE,UNABLE TO DETERMINE,Y,NONINCAPACITATING INJURY,8,11,41.9359770184,-87.6657658254,2023,30,POINT (-87.6657658254 41.9359770184),,,,,2023-11-09,False,5,Lake View
10119,30,STOP SIGN/FLASHER,FUNCTIONING PROPERLY,CLEAR,DAYLIGHT,PEDALCYCLIST,FOUR WAY,STRAIGHT AND LEVEL,DRY,NO DEFECTS,Y,DISREGARDING STOP SIGN,FAILING TO REDUCE SPEED TO AVOID CRASH,,NO INDICATION OF INJURY,15,11,41.9118404909,-87.705860217,2023,30,POINT (-87.705860217 41.9118404909),,,,,2023-11-09,False,22,Humboldt Park
10120,25,NO CONTROLS,NO CONTROLS,CLEAR,"DARKNESS, LIGHTED ROAD",PEDALCYCLIST,DIVIDED - W/MEDIAN (NOT RAISED),STRAIGHT AND LEVEL,DRY,NO DEFECTS,,NOT APPLICABLE,NOT APPLICABLE,Y,"REPORTED, NOT EVIDENT",18,11,41.8833839752,-87.6475552045,2023,25,POINT (-87.6475552045 41.8833839752),,,,,2023-11-09,False,27,Near West Side
10121,30,STOP SIGN/FLASHER,FUNCTIONING PROPERLY,CLEAR,DAYLIGHT,PEDALCYCLIST,FOUR WAY,STRAIGHT AND LEVEL,DRY,NO DEFECTS,Y,NOT APPLICABLE,NOT APPLICABLE,,"REPORTED, NOT EVIDENT",6,11,42.0128595515,-87.6681395498,2023,30,POINT (-87.6681395498 42.0128595515),,,,,2023-11-10,False,0,Rogers Park
10122,35,NO CONTROLS,NO CONTROLS,CLEAR,DAYLIGHT,PEDALCYCLIST,NOT DIVIDED,STRAIGHT AND LEVEL,DRY,NO DEFECTS,,IMPROPER OVERTAKING/PASSING,DRIVING SKILLS/KNOWLEDGE/EXPERIENCE,,NONINCAPACITATING INJURY,10,11,41.8103822843,-87.7100506726,2023,35,POINT (-87.7100506726 41.8103822843),,,,,2023-11-10,False,57,Brighton Park
10123,30,NO CONTROLS,NO CONTROLS,CLEAR,DAYLIGHT,PEDALCYCLIST,NOT DIVIDED,STRAIGHT AND LEVEL,DRY,NO DEFECTS,,IMPROPER OVERTAKING/PASSING,NOT APPLICABLE,Y,NO INDICATION OF INJURY,15,11,41.8891416946,-87.6280989663,2023,30,POINT (-87.6280989663 41.8891416946),,,,,2023-11-10,False,7,Near North Side
10124,30,UNKNOWN,UNKNOWN,UNKNOWN,UNKNOWN,PEDALCYCLIST,NOT DIVIDED,STRAIGHT AND LEVEL,UNKNOWN,UNKNOWN,Y,UNABLE TO DETERMINE,UNABLE TO DETERMINE,,"REPORTED, NOT EVIDENT",16,11,41.9111074769,-87.6439801029,2023,30,POINT (-87.6439801029 41.9111074769),,,,,2023-11-10,False,6,Lincoln Park
10125,30,TRAFFIC SIGNAL,FUNCTIONING PROPERLY,CLEAR,DAYLIGHT,PEDALCYCLIST,NOT DIVIDED,STRAIGHT AND LEVEL,DRY,NO DEFECTS,Y,FAILING TO YIELD RIGHT-OF-WAY,FAILING TO REDUCE SPEED TO AVOID CRASH,,NONINCAPACITATING INJURY,16,11,41.9174966079,-87.6887196084,2023,30,POINT (-87.6887196084 41.9174966079),,,,,2023-11-10,False,21,Logan Square
10126,30,STOP SIGN/FLASHER,FUNCTIONING PROPERLY,CLEAR,"DARKNESS, LIGHTED ROAD",PEDALCYCLIST,NOT DIVIDED,STRAIGHT AND LEVEL,DRY,NO DEFECTS,Y,UNABLE TO DETERMINE,UNABLE TO DETERMINE,,NONINCAPACITATING INJURY,17,11,41.8343490612,-87.6426795013,2023,30,POINT (-87.6426795013 41.8343490612),,,,,2023-11-10,False,33,Armour Square
10127,30,TRAFFIC SIGNAL,FUNCTIONING PROPERLY,CLEAR,"DARKNESS, LIGHTED ROAD",PEDALCYCLIST,NOT DIVIDED,STRAIGHT AND LEVEL,DRY,NO DEFECTS,Y,FAILING TO YIELD RIGHT-OF-WAY,FAILING TO YIELD RIGHT-OF-WAY,,NO INDICATION OF INJURY,21,11,41.8689511035,-87.6859549393,2023,30,POINT (-87.6859549393 41.8689511035),,,,,2023-11-10,False,27,Near West Side
10128,30,TRAFFIC SIGNAL,FUNCTIONING PROPERLY,CLEAR,"DARKNESS, LIGHTED ROAD",PEDALCYCLIST,FOUR WAY,STRAIGHT AND LEVEL,DRY,NO DEFECTS,,FAILING TO YIELD RIGHT-OF-WAY,NOT APPLICABLE,,NONINCAPACITATING INJURY,2,11,41.9473149757,-87.6564354377,2023,30,POINT (-87.6564354377 41.9473149757),,,,,2023-11-11,False,5,Lake View
10129,30,NO CONTROLS,NO CONTROLS,CLEAR,DAYLIGHT,PEDALCYCLIST,NOT DIVIDED,STRAIGHT AND LEVEL,UNKNOWN,UNKNOWN,,UNABLE TO DETERMINE,NOT APPLICABLE,,NO INDICATION OF INJURY,15,11,41.9169344398,-87.7363871475,2023,30,POINT (-87.7363871475 41.9169344398),,,,,2023-11-11,False,19,Hermosa
10130,25,NO CONTROLS,UNKNOWN,CLEAR,"DARKNESS, LIGHTED ROAD",PEDALCYCLIST,NOT DIVIDED,STRAIGHT AND LEVEL,DRY,UNKNOWN,,NOT APPLICABLE,NOT APPLICABLE,,NONINCAPACITATING INJURY,18,11,41.8395902542,-87.655953191,2023,25,POINT (-87.655953191 41.8395902542),,,,,2023-11-11,False,30,Lower West Side
10131,30,NO CONTROLS,NO CONTROLS,CLEAR,"DARKNESS, LIGHTED ROAD",PEDALCYCLIST,ONE-WAY,STRAIGHT AND LEVEL,DRY,NO DEFECTS,,UNABLE TO DETERMINE,UNABLE TO DETERMINE,Y,NO INDICATION OF INJURY,19,11,41.9703179,-87.714857634,2023,30,POINT (-87.714857634 41.9703179),,,,,2023-11-11,False,13,Albany Park
10132,30,UNKNOWN,UNKNOWN,CLEAR,DARKNESS,PEDALCYCLIST,NOT DIVIDED,STRAIGHT AND LEVEL,DRY,UNKNOWN,,IMPROPER LANE USAGE,IMPROPER LANE USAGE,,NO INDICATION OF INJURY,20,11,41.9108451894,-87.6345541152,2023,30,POINT (-87.6345541152 41.9108451894),,,,,2023-11-11,False,6,Lincoln Park
10133,20,TRAFFIC SIGNAL,FUNCTIONING PROPERLY,CLEAR,"DARKNESS, LIGHTED ROAD",PEDALCYCLIST,NOT DIVIDED,STRAIGHT AND LEVEL,DRY,NO DEFECTS,Y,DISREGARDING STOP SIGN,UNABLE TO DETERMINE,,NONINCAPACITATING INJURY,22,11,41.8671430129,-87.6544262587,2023,20,POINT (-87.6544262587 41.8671430129),,,,,2023-11-11,False,27,Near West Side
10134,35,NO CONTROLS,NO CONTROLS,CLEAR,DAYLIGHT,PEDALCYCLIST,NOT DIVIDED,STRAIGHT AND LEVEL,DRY,NO DEFECTS,,FAILING TO YIELD RIGHT-OF-WAY,FAILING TO YIELD RIGHT-OF-WAY,,NONINCAPACITATING INJURY,12,11,41.8965584796,-87.6288592024,2023,35,POINT (-87.6288592024 41.8965584796),,,,,2023-11-12,False,7,Near North Side
10135,30,NO CONTROLS,NO CONTROLS,CLEAR,DAYLIGHT,PEDALCYCLIST,DIVIDED - W/MEDIAN (NOT RAISED),STRAIGHT AND LEVEL,DRY,NO DEFECTS,,NOT APPLICABLE,UNABLE TO DETERMINE,Y,"REPORTED, NOT EVIDENT",14,11,41.9106497138,-87.6727258138,2023,30,POINT (-87.6727258138 41.9106497138),,,,,2023-11-12,False,23,West Town
10136,30,STOP SIGN/FLASHER,UNKNOWN,CLEAR,DAYLIGHT,PEDALCYCLIST,NOT DIVIDED,STRAIGHT AND LEVEL,UNKNOWN,UNKNOWN,Y,FOLLOWING TOO CLOSELY,NOT APPLICABLE,,NO INDICATION OF INJURY,15,11,41.9974614091,-87.7878582447,2023,30,POINT (-87.7878582447 41.9974614091),,,,,2023-11-12,False,11,Forest Glen
10137,15,NO CONTROLS,NO CONTROLS,CLEAR,DAYLIGHT,PEDALCYCLIST,OTHER,STRAIGHT AND LEVEL,DRY,UNKNOWN,,FAILING TO YIELD RIGHT-OF-WAY,NOT APPLICABLE,,NONINCAPACITATING INJURY,6,11,41.7790966877,-87.7021514676,2023,15,POINT (-87.7021514676 41.7790966877),,,,,2023-11-13,False,65,Chicago Lawn
10138,30,NO CONTROLS,NO CONTROLS,CLEAR,DAYLIGHT,PEDALCYCLIST,NOT DIVIDED,STRAIGHT AND LEVEL,DRY,NO DEFECTS,,UNABLE TO DETERMINE,NOT APPLICABLE,,NO INDICATION OF INJURY,8,11,41.8774128376,-87.6766908959,2023,30,POINT (-87.6766908959 41.8774128376),,,,,2023-11-13,False,27,Near West Side
10139,30,NO CONTROLS,NO CONTROLS,CLEAR,DAYLIGHT,PEDALCYCLIST,NOT DIVIDED,STRAIGHT AND LEVEL,UNKNOWN,UNKNOWN,,UNABLE TO DETERMINE,UNABLE TO DETERMINE,,"REPORTED, NOT EVIDENT",10,11,41.9505487603,-87.6839903942,2023,30,POINT (-87.6839903942 41.9505487603),,,,,2023-11-13,False,4,North Center
10140,30,TRAFFIC SIGNAL,UNKNOWN,CLEAR,DAYLIGHT,PEDALCYCLIST,DIVIDED - W/MEDIAN (NOT RAISED),STRAIGHT AND LEVEL,DRY,UNKNOWN,,UNABLE TO DETERMINE,UNABLE TO DETERMINE,,INCAPACITATING INJURY,16,11,41.9390719366,-87.7369859429,2023,30,POINT (-87.7369859429 41.9390719366),,,,,2023-11-13,True,15,Irving Park
10141,30,TRAFFIC SIGNAL,FUNCTIONING PROPERLY,CLEAR,DARKNESS,PEDALCYCLIST,NOT DIVIDED,STRAIGHT AND LEVEL,DRY,NO DEFECTS,Y,UNABLE TO DETERMINE,UNABLE TO DETERMINE,,NO INDICATION OF INJURY,20,11,41.8672871622,-87.6452469415,2023,30,POINT (-87.6452469415 41.8672871622),,,,,2023-11-13,False,27,Near West Side
10142,25,NO CONTROLS,NO CONTROLS,CLEAR,"DARKNESS, LIGHTED ROAD",PEDALCYCLIST,ONE-WAY,STRAIGHT AND LEVEL,DRY,UNKNOWN,,FAILING TO YIELD RIGHT-OF-WAY,UNABLE TO DETERMINE,,NO INDICATION OF INJURY,21,11,41.9425281075,-87.7345367545,2023,25,POINT (-87.7345367545 41.9425281075),,,,,2023-11-13,False,15,Irving Park
10143,39,NO CONTROLS,NO CONTROLS,CLEAR,DAYLIGHT,PEDALCYCLIST,NOT DIVIDED,STRAIGHT AND LEVEL,DRY,NO DEFECTS,,FAILING TO YIELD RIGHT-OF-WAY,NOT APPLICABLE,Y,NONINCAPACITATING INJURY,11,11,41.9501666287,-87.6491409212,2023,39,POINT (-87.6491409212 41.9501666287),,,,,2023-11-14,False,5,Lake View
10144,30,TRAFFIC SIGNAL,FUNCTIONING PROPERLY,CLEAR,DAYLIGHT,PEDALCYCLIST,FOUR WAY,STRAIGHT AND LEVEL,DRY,NO DEFECTS,Y,DISREGARDING TRAFFIC SIGNALS,NOT APPLICABLE,,NONINCAPACITATING INJURY,11,11,41.884584272,-87.6244702969,2023,30,POINT (-87.6244702969 41.884584272),,,,,2023-11-14,False,31,Loop
10145,30,TRAFFIC SIGNAL,FUNCTIONING PROPERLY,CLEAR,DAYLIGHT,PEDALCYCLIST,NOT DIVIDED,STRAIGHT AND LEVEL,DRY,NO DEFECTS,,IMPROPER BACKING,IMPROPER BACKING,,"REPORTED, NOT EVIDENT",15,11,41.9323717358,-87.6635038547,2023,30,POINT (-87.6635038547 41.9323717358),,,,,2023-11-14,False,5,Lake View
10146,30,TRAFFIC SIGNAL,FUNCTIONING PROPERLY,UNKNOWN,"DARKNESS, LIGHTED ROAD",PEDALCYCLIST,ONE-WAY,STRAIGHT AND LEVEL,UNKNOWN,UNKNOWN,,DRIVING SKILLS/KNOWLEDGE/EXPERIENCE,DRIVING SKILLS/KNOWLEDGE/EXPERIENCE,Y,NONINCAPACITATING INJURY,16,11,41.8845530189,-87.6396825824,2023,30,POINT (-87.6396825824 41.8845530189),,,,,2023-11-14,False,27,Near West Side
10147,30,NO CONTROLS,NO CONTROLS,CLEAR,"DARKNESS, LIGHTED ROAD",PEDALCYCLIST,NOT DIVIDED,STRAIGHT AND LEVEL,DRY,NO DEFECTS,,UNABLE TO DETERMINE,UNABLE TO DETERMINE,,NONINCAPACITATING INJURY,17,11,41.7221368592,-87.533411617,2023,30,POINT (-87.533411617 41.7221368592),,,,,2023-11-14,False,51,East Side
10148,30,NO CONTROLS,NO CONTROLS,CLEAR,"DARKNESS, LIGHTED ROAD",PEDALCYCLIST,OTHER,STRAIGHT AND LEVEL,DRY,NO DEFECTS,,UNABLE TO DETERMINE,NOT APPLICABLE,Y,NONINCAPACITATING INJURY,17,11,41.8739252797,-87.6308034013,2023,30,POINT (-87.6308034013 41.8739252797),,,,,2023-11-14,False,31,Loop
10149,30,NO CONTROLS,NO CONTROLS,CLEAR,DARKNESS,PEDALCYCLIST,ONE-WAY,STRAIGHT AND LEVEL,UNKNOWN,UNKNOWN,,UNABLE TO DETERMINE,UNABLE TO DETERMINE,,NONINCAPACITATING INJURY,17,11,41.9460775986,-87.7452535828,2023,30,POINT (-87.7452535828 41.9460775986),,,,,2023-11-14,False,14,Portage Park
10150,25,TRAFFIC SIGNAL,FUNCTIONING PROPERLY,CLEAR,DUSK,PEDALCYCLIST,T-INTERSECTION,STRAIGHT AND LEVEL,DRY,NO DEFECTS,N,DISTRACTION - FROM OUTSIDE VEHICLE,DISTRACTION - FROM INSIDE VEHICLE,,NO INDICATION OF INJURY,18,11,41.8575245027,-87.6409163845,2023,25,POINT (-87.6409163845 41.8575245027),,,,,2023-11-14,False,30,Lower West Side
10151,30,NO CONTROLS,NO CONTROLS,CLEAR,"DARKNESS, LIGHTED ROAD",PEDALCYCLIST,NOT DIVIDED,STRAIGHT AND LEVEL,DRY,UNKNOWN,,UNABLE TO DETERMINE,NOT APPLICABLE,Y,NO INDICATION OF INJURY,21,11,41.9393413877,-87.7161284025,2023,30,POINT (-87.7161284025 41.9393413877),,,,,2023-11-14,False,15,Irving Park
10152,30,UNKNOWN,UNKNOWN,UNKNOWN,UNKNOWN,PEDALCYCLIST,NOT DIVIDED,STRAIGHT AND LEVEL,UNKNOWN,UNKNOWN,,UNABLE TO DETERMINE,UNABLE TO DETERMINE,,NO INDICATION OF INJURY,22,11,41.8819943382,-87.6397586849,2023,30,POINT (-87.6397586849 41.8819943382),,,,,2023-11-14,False,27,Near West Side
10153,30,TRAFFIC SIGNAL,FUNCTIONING PROPERLY,CLEAR,DAYLIGHT,PEDALCYCLIST,NOT DIVIDED,STRAIGHT AND LEVEL,DRY,NO DEFECTS,,NOT APPLICABLE,NOT APPLICABLE,Y,"REPORTED, NOT EVIDENT",12,11,41.9250143435,-87.6399550831,2023,30,POINT (-87.6399550831 41.9250143435),,,,,2023-11-15,False,6,Lincoln Park
10154,30,NO CONTROLS,NO CONTROLS,CLEAR,DAYLIGHT,PEDALCYCLIST,DIVIDED - W/MEDIAN (NOT RAISED),STRAIGHT AND LEVEL,DRY,UNKNOWN,,UNABLE TO DETERMINE,NOT APPLICABLE,,NONINCAPACITATING INJURY,12,11,41.914414198,-87.7263297242,2023,30,POINT (-87.7263297242 41.914414198),,,,,2023-11-15,False,19,Hermosa
10155,30,STOP SIGN/FLASHER,FUNCTIONING PROPERLY,CLEAR,DAYLIGHT,PEDALCYCLIST,T-INTERSECTION,STRAIGHT AND LEVEL,DRY,NO DEFECTS,,DRIVING SKILLS/KNOWLEDGE/EXPERIENCE,NOT APPLICABLE,,NONINCAPACITATING INJURY,13,11,41.7490285683,-87.6246230458,2023,30,POINT (-87.6246230458 41.7490285683),,,,,2023-11-15,False,43,Chatham
10156,30,NO CONTROLS,NO CONTROLS,CLEAR,DAYLIGHT,PEDALCYCLIST,DIVIDED - W/MEDIAN (NOT RAISED),STRAIGHT AND LEVEL,DRY,NO DEFECTS,,FAILING TO YIELD RIGHT-OF-WAY,UNABLE TO DETERMINE,Y,INCAPACITATING INJURY,15,11,41.9030725062,-87.6777551839,2023,30,POINT (-87.6777551839 41.9030725062),,,,,2023-11-15,True,23,West Town
10157,30,TRAFFIC SIGNAL,FUNCTIONING PROPERLY,CLEAR,"DARKNESS, LIGHTED ROAD",PEDALCYCLIST,FOUR WAY,STRAIGHT AND LEVEL,DRY,NO DEFECTS,Y,DISREGARDING TRAFFIC SIGNALS,BICYCLE ADVANCING LEGALLY ON RED LIGHT,,NONINCAPACITATING INJURY,6,11,41.9162353375,-87.6678377721,2023,30,POINT (-87.6678377721 41.9162353375),,,,,2023-11-16,False,6,Lincoln Park
10158,30,TRAFFIC SIGNAL,FUNCTIONING PROPERLY,CLEAR,DAYLIGHT,PEDALCYCLIST,FOUR WAY,STRAIGHT AND LEVEL,DRY,NO DEFECTS,Y,FAILING TO YIELD RIGHT-OF-WAY,NOT APPLICABLE,,NO INDICATION OF INJURY,8,11,41.8939587626,-87.6478411876,2023,30,POINT (-87.6478411876 41.8939587626),,,,,2023-11-16,False,7,Near North Side
10159,30,STOP SIGN/FLASHER,UNKNOWN,CLEAR,DAYLIGHT,PEDALCYCLIST,NOT DIVIDED,STRAIGHT AND LEVEL,UNKNOWN,UNKNOWN,Y,UNABLE TO DETERMINE,NOT APPLICABLE,N,NO INDICATION OF INJURY,13,11,41.8897492636,-87.681894201,2023,30,POINT (-87.681894201 41.8897492636),,,,,2023-11-16,False,23,West Town
10160,30,NO CONTROLS,NO CONTROLS,CLEAR,DAYLIGHT,PEDALCYCLIST,UNKNOWN INTERSECTION TYPE,STRAIGHT AND LEVEL,DRY,NO DEFECTS,,UNABLE TO DETERMINE,UNABLE TO DETERMINE,,NONINCAPACITATING INJURY,15,11,41.7951395437,-87.7233624082,2023,30,POINT (-87.7233624082 41.7951395437),,,,,2023-11-16,False,61,West Elsdon