Unnamed: 0,POSTED_SPEED_LIMIT,TRAFFIC_CONTROL_DEVICE,DEVICE_CONDITION,WEATHER_CONDITION,LIGHTING_CONDITION,FIRST_CRASH_TYPE,TRAFFICWAY_TYPE,ALIGNMENT,ROADWAY_SURFACE_COND,ROAD_DEFECT,INTERSECTION_RELATED_I,PRIM_CONTRIBUTORY_CAUSE,SEC_CONTRIBUTORY_CAUSE,DOORING_I,MOST_SEVERE_INJURY,CRASH_HOUR,CRASH_MONTH,LATITUDE,LONGITUDE,CRASH_YEAR,SPEED_LIMIT,geometry,DISPLAYROU,the_geom,DIST,LANE_TYPE,CRASH_DATE,is_severe,index_right,CArea
10161,30,TRAFFIC SIGNAL,FUNCTIONING PROPERLY,UNKNOWN,"DARKNESS, LIGHTED ROAD",PEDALCYCLIST,NOT DIVIDED,STRAIGHT AND LEVEL,UNKNOWN,NO DEFECTS,,UNABLE TO DETERMINE,UNABLE TO DETERMINE,,"REPORTED, NOT EVIDENT",5,11,41.888768579,-87.6769941391,2023,30,POINT (-87.6769941391 41.888768579),,,,,2023-11-17,False,23,West Town
10162,25,NO CONTROLS,NO CONTROLS,CLEAR,DAYLIGHT,PEDALCYCLIST,NOT DIVIDED,STRAIGHT AND LEVEL,DRY,NO DEFECTS,,FOLLOWING TOO CLOSELY,DRIVING SKILLS/KNOWLEDGE/EXPERIENCE,,NO INDICATION OF INJURY,12,11,41.9076798364,-87.6730207551,2023,25,POINT (-87.6730207551 41.9076798364),,,,,2023-11-17,False,23,West Town
10163,30,NO CONTROLS,NO CONTROLS,CLEAR,DAYLIGHT,PEDALCYCLIST,T-INTERSECTION,STRAIGHT AND LEVEL,DRY,NO DEFECTS,Y,FAILING TO YIELD RIGHT-OF-WAY,IMPROPER LANE USAGE,Y,NONINCAPACITATING INJURY,12,11,41.8441415419,-87.7259078774,2023,30,POINT (-87.7259078774 41.8441415419),,,,,2023-11-17,False,29,South Lawndale
10164,25,STOP SIGN/FLASHER,FUNCTIONING PROPERLY,CLEAR,DAYLIGHT,PEDALCYCLIST,DIVIDED - W/MEDIAN (NOT RAISED),STRAIGHT AND LEVEL,DRY,NO DEFECTS,Y,UNABLE TO DETERMINE,UNABLE TO DETERMINE,,NO INDICATION OF INJURY,15,11,41.9460668599,-87.7398487468,2023,25,POINT (-87.7398487468 41.9460668599),,,,,2023-11-17,False,15,Irving Park
10165,30,STOP SIGN/FLASHER,FUNCTIONING PROPERLY,CLEAR,DAWN,PEDALCYCLIST,T-INTERSECTION,STRAIGHT AND LEVEL,DRY,NO DEFECTS,,FAILING TO REDUCE SPEED TO AVOID CRASH,NOT APPLICABLE,N,NONINCAPACITATING INJURY,6,11,41.9388021792,-87.7407151788,2023,30,POINT (-87.7407151788 41.9388021792),,,,,2023-11-18,False,19,Hermosa
10166,30,STOP SIGN/FLASHER,NO CONTROLS,CLEAR,DAYLIGHT,PEDALCYCLIST,NOT DIVIDED,STRAIGHT AND LEVEL,DRY,NO DEFECTS,Y,UNABLE TO DETERMINE,UNABLE TO DETERMINE,,"REPORTED, NOT EVIDENT",10,11,41.8426421089,-87.7148882794,2023,30,POINT (-87.7148882794 41.8426421089),,,,,2023-11-18,False,29,South Lawndale
10167,25,STOP SIGN/FLASHER,FUNCTIONING PROPERLY,CLEAR,DARKNESS,PEDALCYCLIST,FOUR WAY,STRAIGHT AND LEVEL,DRY,NO DEFECTS,Y,UNABLE TO DETERMINE,NOT APPLICABLE,,INCAPACITATING INJURY,17,11,41.9383671085,-87.7787896089,2023,25,POINT (-87.7787896089 41.9383671085),,,,,2023-11-18,True,16,Dunning
10168,25,STOP SIGN/FLASHER,FUNCTIONING PROPERLY,CLEAR,"DARKNESS, LIGHTED ROAD",PEDALCYCLIST,NOT DIVIDED,STRAIGHT AND LEVEL,DRY,NO DEFECTS,Y,FAILING TO YIELD RIGHT-OF-WAY,NOT APPLICABLE,,NONINCAPACITATING INJURY,19,11,41.8380136803,-87.6415594381,2023,25,POINT (-87.6415594381 41.8380136803),,,,,2023-11-18,False,30,Lower West Side
10169,30,UNKNOWN,FUNCTIONING PROPERLY,UNKNOWN,DAYLIGHT,PEDALCYCLIST,FOUR WAY,STRAIGHT AND LEVEL,UNKNOWN,UNKNOWN,Y,UNABLE TO DETERMINE,UNABLE TO DETERMINE,,INCAPACITATING INJURY,10,11,41.7224726946,-87.5700955071,2023,30,POINT (-87.5700955071 41.7224726946),,,,,2023-11-19,True,50,South Deering
10170,30,NO CONTROLS,NO CONTROLS,CLEAR,DAYLIGHT,PEDALCYCLIST,NOT DIVIDED,STRAIGHT AND LEVEL,DRY,NO DEFECTS,,FAILING TO YIELD RIGHT-OF-WAY,UNABLE TO DETERMINE,,NONINCAPACITATING INJURY,12,11,41.9757259386,-87.696680113,2023,30,POINT (-87.696680113 41.9757259386),,,,,2023-11-19,False,3,Lincoln Square
10171,30,STOP SIGN/FLASHER,FUNCTIONING PROPERLY,CLEAR,DAYLIGHT,PEDALCYCLIST,NOT DIVIDED,STRAIGHT AND LEVEL,DRY,NO DEFECTS,Y,UNABLE TO DETERMINE,NOT APPLICABLE,,NO INDICATION OF INJURY,15,11,41.9064866105,-87.7164105538,2023,30,POINT (-87.7164105538 41.9064866105),,,,,2023-11-19,False,22,Humboldt Park
10172,10,NO CONTROLS,NO CONTROLS,RAIN,DARKNESS,PEDALCYCLIST,PARKING LOT,STRAIGHT AND LEVEL,WET,NO DEFECTS,,UNABLE TO DETERMINE,NOT APPLICABLE,,INCAPACITATING INJURY,18,11,41.9905912645,-87.6895282896,2023,10,POINT (-87.6895282896 41.9905912645),,,,,2023-11-20,True,1,West Ridge
10173,30,TRAFFIC SIGNAL,FUNCTIONING PROPERLY,RAIN,"DARKNESS, LIGHTED ROAD",PEDALCYCLIST,NOT DIVIDED,STRAIGHT AND LEVEL,WET,NO DEFECTS,,FAILING TO YIELD RIGHT-OF-WAY,UNABLE TO DETERMINE,,NO INDICATION OF INJURY,20,11,41.9346722187,-87.7171164431,2023,30,POINT (-87.7171164431 41.9346722187),,,,,2023-11-20,False,20,Avondale
10174,25,NO CONTROLS,NO CONTROLS,CLOUDY/OVERCAST,DAYLIGHT,PEDALCYCLIST,NOT DIVIDED,STRAIGHT AND LEVEL,WET,NO DEFECTS,,FAILING TO YIELD RIGHT-OF-WAY,NOT APPLICABLE,,NO INDICATION OF INJURY,9,11,42.001673295,-87.6583567095,2023,25,POINT (-87.6583567095 42.001673295),,,,,2023-11-21,False,0,Rogers Park
10175,30,TRAFFIC SIGNAL,FUNCTIONING PROPERLY,CLEAR,DAYLIGHT,PEDALCYCLIST,FOUR WAY,STRAIGHT AND LEVEL,WET,NO DEFECTS,Y,UNABLE TO DETERMINE,UNABLE TO DETERMINE,,"REPORTED, NOT EVIDENT",12,11,41.8994567204,-87.6721300654,2023,30,POINT (-87.6721300654 41.8994567204),,,,,2023-11-21,False,23,West Town
10176,30,NO CONTROLS,NO CONTROLS,UNKNOWN,DARKNESS,PEDALCYCLIST,NOT DIVIDED,STRAIGHT AND LEVEL,UNKNOWN,UNKNOWN,,UNABLE TO DETERMINE,UNABLE TO DETERMINE,,NO INDICATION OF INJURY,17,11,41.8911706932,-87.6590527423,2023,30,POINT (-87.6590527423 41.8911706932),,,,,2023-11-21,False,7,Near North Side
10177,25,TRAFFIC SIGNAL,FUNCTIONING PROPERLY,CLEAR,"DARKNESS, LIGHTED ROAD",PEDALCYCLIST,DIVIDED - W/MEDIAN (NOT RAISED),STRAIGHT AND LEVEL,DRY,NO DEFECTS,Y,FAILING TO YIELD RIGHT-OF-WAY,UNABLE TO DETERMINE,,NONINCAPACITATING INJURY,21,11,41.8852155901,-87.6670776859,2023,25,POINT (-87.6670776859 41.8852155901),,,,,2023-11-21,False,27,Near West Side
10178,30,NO CONTROLS,NO CONTROLS,CLEAR,DAYLIGHT,PEDALCYCLIST,DIVIDED - W/MEDIAN BARRIER,STRAIGHT AND LEVEL,UNKNOWN,UNKNOWN,,UNABLE TO DETERMINE,NOT APPLICABLE,,NO INDICATION OF INJURY,11,11,41.8742057455,-87.6548210119,2023,30,POINT (-87.6548210119 41.8742057455),,,,,2023-11-22,False,27,Near West Side
10179,30,NO CONTROLS,NO CONTROLS,CLEAR,DAYLIGHT,PEDALCYCLIST,T-INTERSECTION,STRAIGHT AND LEVEL,DRY,NO DEFECTS,Y,UNABLE TO DETERMINE,NOT APPLICABLE,,INCAPACITATING INJURY,13,11,41.922268106,-87.7659873524,2023,30,POINT (-87.7659873524 41.922268106),,,,,2023-11-22,True,18,Belmont Cragin
10180,25,NO CONTROLS,NO CONTROLS,CLEAR,DAYLIGHT,PEDALCYCLIST,NOT DIVIDED,STRAIGHT AND LEVEL,DRY,NO DEFECTS,,UNABLE TO DETERMINE,FAILING TO YIELD RIGHT-OF-WAY,,NONINCAPACITATING INJURY,15,11,41.951490092,-87.6546026203,2023,25,POINT (-87.6546026203 41.951490092),,,,,2023-11-22,False,5,Lake View
10181,30,NO CONTROLS,NO CONTROLS,CLEAR,"DARKNESS, LIGHTED ROAD",PEDALCYCLIST,NOT DIVIDED,STRAIGHT AND LEVEL,DRY,NO DEFECTS,,UNABLE TO DETERMINE,NOT APPLICABLE,,NONINCAPACITATING INJURY,18,11,41.8394423123,-87.6622526176,2023,30,POINT (-87.6622526176 41.8394423123),,,,,2023-11-22,False,30,Lower West Side
10182,15,UNKNOWN,UNKNOWN,CLEAR,DAYLIGHT,PEDALCYCLIST,FOUR WAY,STRAIGHT AND LEVEL,DRY,NO DEFECTS,N,FAILING TO YIELD RIGHT-OF-WAY,FAILING TO YIELD RIGHT-OF-WAY,,NONINCAPACITATING INJURY,8,11,41.9665783459,-87.7233991539,2023,15,POINT (-87.7233991539 41.9665783459),,,,,2023-11-23,False,13,Albany Park
10183,20,NO CONTROLS,NO CONTROLS,CLEAR,DAYLIGHT,PEDALCYCLIST,FOUR WAY,STRAIGHT AND LEVEL,DRY,NO DEFECTS,Y,NOT APPLICABLE,NOT APPLICABLE,N,NO INDICATION OF INJURY,9,11,41.7082058348,-87.6754155258,2023,20,POINT (-87.6754155258 41.7082058348),,,,,2023-11-23,False,71,Beverly
10184,30,TRAFFIC SIGNAL,FUNCTIONING PROPERLY,CLEAR,"DARKNESS, LIGHTED ROAD",PEDALCYCLIST,NOT DIVIDED,STRAIGHT AND LEVEL,DRY,NO DEFECTS,Y,UNABLE TO DETERMINE,NOT APPLICABLE,,"REPORTED, NOT EVIDENT",17,11,41.8083895872,-87.6942693207,2023,30,POINT (-87.6942693207 41.8083895872),,,,,2023-11-23,False,57,Brighton Park
10185,30,STOP SIGN/FLASHER,FUNCTIONING PROPERLY,CLEAR,DAYLIGHT,PEDALCYCLIST,ONE-WAY,STRAIGHT AND LEVEL,DRY,UNKNOWN,,UNABLE TO DETERMINE,NOT APPLICABLE,,NO INDICATION OF INJURY,11,11,41.9906107384,-87.6946851928,2023,30,POINT (-87.6946851928 41.9906107384),,,,,2023-11-24,False,1,West Ridge
10186,30,TRAFFIC SIGNAL,UNKNOWN,CLEAR,"DARKNESS, LIGHTED ROAD",PEDALCYCLIST,NOT DIVIDED,STRAIGHT AND LEVEL,DRY,NO DEFECTS,,UNABLE TO DETERMINE,UNABLE TO DETERMINE,Y,NONINCAPACITATING INJURY,18,11,41.946280811,-87.6556031281,2023,30,POINT (-87.6556031281 41.946280811),,,,,2023-11-24,False,5,Lake View
10187,30,TRAFFIC SIGNAL,FUNCTIONING PROPERLY,CLEAR,"DARKNESS, LIGHTED ROAD",PEDALCYCLIST,DIVIDED - W/MEDIAN (NOT RAISED),STRAIGHT AND LEVEL,DRY,NO DEFECTS,Y,UNABLE TO DETERMINE,UNABLE TO DETERMINE,,NONINCAPACITATING INJURY,0,11,41.7718840277,-87.6835884021,2023,30,POINT (-87.6835884021 41.7718840277),,,,,2023-11-26,False,65,Chicago Lawn
10188,30,TRAFFIC SIGNAL,FUNCTIONING PROPERLY,SNOW,DAYLIGHT,PEDALCYCLIST,NOT DIVIDED,STRAIGHT AND LEVEL,WET,UNKNOWN,,NOT APPLICABLE,FAILING TO YIELD RIGHT-OF-WAY,,NO INDICATION OF INJURY,11,11,41.8711963272,-87.7450724656,2023,30,POINT (-87.7450724656 41.8711963272),,,,,2023-11-26,False,24,Austin
10189,30,STOP SIGN/FLASHER,FUNCTIONING PROPERLY,RAIN,DAYLIGHT,PEDALCYCLIST,NOT DIVIDED,STRAIGHT ON HILLCREST,WET,NO DEFECTS,,UNABLE TO DETERMINE,NOT APPLICABLE,,NO INDICATION OF INJURY,15,11,42.0146822539,-87.6783821082,2023,30,POINT (-87.6783821082 42.0146822539),,,,,2023-11-26,False,0,Rogers Park
10190,30,NO CONTROLS,UNKNOWN,UNKNOWN,UNKNOWN,PEDALCYCLIST,ALLEY,STRAIGHT AND LEVEL,UNKNOWN,UNKNOWN,Y,UNABLE TO DETERMINE,UNABLE TO DETERMINE,,NO INDICATION OF INJURY,20,11,41.9978489727,-87.6894024741,2023,30,POINT (-87.6894024741 41.9978489727),,,,,2023-11-26,False,1,West Ridge
10191,30,NO CONTROLS,NO CONTROLS,CLEAR,DAYLIGHT,PEDALCYCLIST,DIVIDED - W/MEDIAN (NOT RAISED),STRAIGHT AND LEVEL,DRY,NO DEFECTS,,NOT APPLICABLE,NOT APPLICABLE,Y,"REPORTED, NOT EVIDENT",13,11,41.8807051043,-87.6324763051,2023,30,POINT (-87.6324763051 41.8807051043),,,,,2023-11-27,False,31,Loop
10192,30,TRAFFIC SIGNAL,FUNCTIONING PROPERLY,CLEAR,"DARKNESS, LIGHTED ROAD",PEDALCYCLIST,T-INTERSECTION,STRAIGHT AND LEVEL,DRY,NO DEFECTS,Y,DISREGARDING TRAFFIC SIGNALS,FAILING TO YIELD RIGHT-OF-WAY,,NONINCAPACITATING INJURY,16,11,41.8892253716,-87.632674115,2023,30,POINT (-87.632674115 41.8892253716),,,,,2023-11-28,False,7,Near North Side
10193,30,TRAFFIC SIGNAL,FUNCTIONING PROPERLY,CLEAR,DAYLIGHT,PEDALCYCLIST,FOUR WAY,STRAIGHT AND LEVEL,DRY,NO DEFECTS,Y,UNABLE TO DETERMINE,UNABLE TO DETERMINE,,NO INDICATION OF INJURY,6,11,41.8856896157,-87.6476217315,2023,30,POINT (-87.6476217315 41.8856896157),,,,,2023-11-29,False,27,Near West Side
10194,30,OTHER,UNKNOWN,CLEAR,DAYLIGHT,PEDALCYCLIST,UNKNOWN,STRAIGHT AND LEVEL,DRY,UNKNOWN,,NOT APPLICABLE,NOT APPLICABLE,,NONINCAPACITATING INJURY,14,11,41.86980688,-87.6436700931,2023,30,POINT (-87.6436700931 41.86980688),,,,,2023-11-29,False,27,Near West Side
10195,30,TRAFFIC SIGNAL,FUNCTIONING PROPERLY,CLEAR,DAYLIGHT,PEDALCYCLIST,NOT DIVIDED,STRAIGHT AND LEVEL,DRY,NO DEFECTS,,UNABLE TO DETERMINE,UNABLE TO DETERMINE,,NO INDICATION OF INJURY,14,11,41.9757634605,-87.6921998627,2023,30,POINT (-87.6921998627 41.9757634605),,,,,2023-11-29,False,3,Lincoln Square
10196,30,STOP SIGN/FLASHER,FUNCTIONING PROPERLY,CLEAR,"DARKNESS, LIGHTED ROAD",PEDALCYCLIST,NOT DIVIDED,STRAIGHT AND LEVEL,DRY,NO DEFECTS,,UNABLE TO DETERMINE,NOT APPLICABLE,,NONINCAPACITATING INJURY,15,11,41.6723366108,-87.6505532058,2023,30,POINT (-87.6505532058 41.6723366108),,,,,2023-11-29,False,52,West Pullman
10197,30,NO CONTROLS,NO CONTROLS,CLEAR,"DARKNESS, LIGHTED ROAD",PEDALCYCLIST,FOUR WAY,STRAIGHT AND LEVEL,UNKNOWN,UNKNOWN,,UNABLE TO DETERMINE,NOT APPLICABLE,,NO INDICATION OF INJURY,17,11,41.9681446145,-87.7267513842,2023,30,POINT (-87.7267513842 41.9681446145),,,,,2023-11-29,False,11,Forest Glen
10198,25,NO CONTROLS,NO CONTROLS,CLEAR,"DARKNESS, LIGHTED ROAD",PEDALCYCLIST,NOT DIVIDED,STRAIGHT AND LEVEL,DRY,UNKNOWN,,DISREGARDING ROAD MARKINGS,UNABLE TO DETERMINE,,NONINCAPACITATING INJURY,18,11,41.9210802269,-87.6971572491,2023,25,POINT (-87.6971572491 41.9210802269),,,,,2023-11-29,False,21,Logan Square
10199,30,NO CONTROLS,NO CONTROLS,CLEAR,"DARKNESS, LIGHTED ROAD",PEDALCYCLIST,NOT DIVIDED,STRAIGHT AND LEVEL,DRY,NO DEFECTS,,UNABLE TO DETERMINE,NOT APPLICABLE,Y,INCAPACITATING INJURY,18,11,41.9565642031,-87.6519872598,2023,30,POINT (-87.6519872598 41.9565642031),,,,,2023-11-29,True,2,Uptown
10200,30,TRAFFIC SIGNAL,FUNCTIONING PROPERLY,CLEAR,DAYLIGHT,PEDALCYCLIST,FOUR WAY,STRAIGHT AND LEVEL,DRY,NO DEFECTS,Y,DISREGARDING TRAFFIC SIGNALS,FAILING TO YIELD RIGHT-OF-WAY,,NONINCAPACITATING INJURY,8,11,41.8940358122,-87.6279861898,2023,30,POINT (-87.6279861898 41.8940358122),,,,,2023-11-30,False,7,Near North Side
10201,30,TRAFFIC SIGNAL,FUNCTIONING PROPERLY,CLEAR,DAYLIGHT,PEDALCYCLIST,DIVIDED - W/MEDIAN (NOT RAISED),STRAIGHT AND LEVEL,DRY,NO DEFECTS,,UNABLE TO DETERMINE,UNABLE TO DETERMINE,,NO INDICATION OF INJURY,10,11,41.8990050577,-87.6675198895,2023,30,POINT (-87.6675198895 41.8990050577),,,,,2023-11-30,False,23,West Town
10202,30,UNKNOWN,UNKNOWN,CLEAR,"DARKNESS, LIGHTED ROAD",PEDALCYCLIST,NOT DIVIDED,STRAIGHT AND LEVEL,DRY,UNKNOWN,,UNABLE TO DETERMINE,UNABLE TO DETERMINE,,NO INDICATION OF INJURY,16,11,41.9619098449,-87.6531273785,2023,30,POINT (-87.6531273785 41.9619098449),,,,,2023-11-30,False,2,Uptown
10203,30,TRAFFIC SIGNAL,FUNCTIONING PROPERLY,CLEAR,DAYLIGHT,PEDALCYCLIST,FOUR WAY,STRAIGHT AND LEVEL,DRY,NO DEFECTS,Y,UNABLE TO DETERMINE,NOT APPLICABLE,Y,NO INDICATION OF INJURY,17,11,41.8745452159,-87.6274640991,2023,30,POINT (-87.6274640991 41.8745452159),,,,,2023-11-30,False,31,Loop
10204,30,NO CONTROLS,NO CONTROLS,CLEAR,DARKNESS,PEDALCYCLIST,DIVIDED - W/MEDIAN BARRIER,STRAIGHT AND LEVEL,DRY,NO DEFECTS,Y,UNABLE TO DETERMINE,UNABLE TO DETERMINE,,NO INDICATION OF INJURY,18,11,41.9382500817,-87.6964439683,2023,30,POINT (-87.6964439683 41.9382500817),,,,,2023-11-30,False,4,North Center
10205,30,TRAFFIC SIGNAL,FUNCTIONING PROPERLY,RAIN,DAYLIGHT,PEDALCYCLIST,FOUR WAY,STRAIGHT AND LEVEL,WET,NO DEFECTS,Y,UNABLE TO DETERMINE,UNABLE TO DETERMINE,,"REPORTED, NOT EVIDENT",7,12,41.8831127692,-87.6472574041,2023,30,POINT (-87.6472574041 41.8831127692),,,,,2023-12-01,False,27,Near West Side
10206,25,STOP SIGN/FLASHER,FUNCTIONING PROPERLY,RAIN,UNKNOWN,PEDALCYCLIST,NOT DIVIDED,STRAIGHT AND LEVEL,WET,UNKNOWN,,UNABLE TO DETERMINE,UNABLE TO DETERMINE,,NO INDICATION OF INJURY,7,12,41.8632607034,-87.6567290467,2023,25,POINT (-87.6567290467 41.8632607034),,,,,2023-12-01,False,27,Near West Side
10207,30,STOP SIGN/FLASHER,FUNCTIONING PROPERLY,RAIN,DUSK,PEDALCYCLIST,FOUR WAY,STRAIGHT AND LEVEL,WET,UNKNOWN,,UNABLE TO DETERMINE,UNABLE TO DETERMINE,,NO INDICATION OF INJURY,15,12,41.86149697,-87.6615647878,2023,30,POINT (-87.6615647878 41.86149697),,,,,2023-12-01,False,27,Near West Side
10208,30,NO CONTROLS,NO CONTROLS,RAIN,"DARKNESS, LIGHTED ROAD",PEDALCYCLIST,NOT DIVIDED,STRAIGHT AND LEVEL,WET,NO DEFECTS,,FAILING TO YIELD RIGHT-OF-WAY,NOT APPLICABLE,,NO INDICATION OF INJURY,16,12,41.9319935668,-87.7192639547,2023,30,POINT (-87.7192639547 41.9319935668),,,,,2023-12-01,False,20,Avondale
10209,30,NO CONTROLS,NO CONTROLS,RAIN,"DARKNESS, LIGHTED ROAD",PEDALCYCLIST,NOT DIVIDED,STRAIGHT AND LEVEL,WET,NO DEFECTS,,UNABLE TO DETERMINE,UNABLE TO DETERMINE,Y,NONINCAPACITATING INJURY,17,12,41.9522076593,-87.6494892359,2023,30,POINT (-87.6494892359 41.9522076593),,,,,2023-12-01,False,5,Lake View
10210,30,TRAFFIC SIGNAL,UNKNOWN,RAIN,"DARKNESS, LIGHTED ROAD",PEDALCYCLIST,FOUR WAY,STRAIGHT AND LEVEL,WET,UNKNOWN,Y,UNABLE TO DETERMINE,NOT APPLICABLE,,NONINCAPACITATING INJURY,17,12,41.8625862249,-87.6469322167,2023,30,POINT (-87.6469322167 41.8625862249),,,,,2023-12-01,False,27,Near West Side
10211,30,NO CONTROLS,NO CONTROLS,CLEAR,DAYLIGHT,PEDALCYCLIST,NOT DIVIDED,STRAIGHT AND LEVEL,UNKNOWN,NO DEFECTS,,UNABLE TO DETERMINE,NOT APPLICABLE,,NO INDICATION OF INJURY,10,12,41.9539117716,-87.7167310814,2023,30,POINT (-87.7167310814 41.9539117716),,,,,2023-12-02,False,15,Irving Park
10212,30,UNKNOWN,UNKNOWN,UNKNOWN,UNKNOWN,PEDALCYCLIST,NOT DIVIDED,STRAIGHT AND LEVEL,UNKNOWN,UNKNOWN,,UNABLE TO DETERMINE,UNABLE TO DETERMINE,,NO INDICATION OF INJURY,14,12,41.9105889523,-87.6628410894,2023,30,POINT (-87.6628410894 41.9105889523),,,,,2023-12-02,False,23,West Town
10213,30,TRAFFIC SIGNAL,FUNCTIONING PROPERLY,CLEAR,DAYLIGHT,PEDALCYCLIST,ONE-WAY,STRAIGHT AND LEVEL,DRY,NO DEFECTS,,UNABLE TO DETERMINE,NOT APPLICABLE,,"REPORTED, NOT EVIDENT",14,12,41.8793258889,-87.6473418683,2023,30,POINT (-87.6473418683 41.8793258889),,,,,2023-12-02,False,27,Near West Side
10214,30,NO CONTROLS,NO CONTROLS,CLOUDY/OVERCAST,DUSK,PEDALCYCLIST,DIVIDED - W/MEDIAN (NOT RAISED),STRAIGHT AND LEVEL,UNKNOWN,UNKNOWN,,UNABLE TO DETERMINE,UNABLE TO DETERMINE,,NO INDICATION OF INJURY,17,12,41.9100281927,-87.7235137036,2023,30,POINT (-87.7235137036 41.9100281927),,,,,2023-12-02,False,22,Humboldt Park
10215,30,STOP SIGN/FLASHER,UNKNOWN,CLEAR,DAYLIGHT,PEDALCYCLIST,T-INTERSECTION,STRAIGHT AND LEVEL,DRY,UNKNOWN,Y,FAILING TO YIELD RIGHT-OF-WAY,FAILING TO YIELD RIGHT-OF-WAY,N,NO INDICATION OF INJURY,6,12,41.9837128996,-87.6614074132,2023,30,POINT (-87.6614074132 41.9837128996),,,,,2023-12-03,False,76,Edgewater
10216,30,OTHER,OTHER,RAIN,DAYLIGHT,PEDALCYCLIST,PARKING LOT,STRAIGHT AND LEVEL,WET,NO DEFECTS,,UNABLE TO DETERMINE,UNABLE TO DETERMINE,,INCAPACITATING INJURY,9,12,41.9532864854,-87.7673790701,2023,30,POINT (-87.7673790701 41.9532864854),,,,,2023-12-03,True,14,Portage Park
10217,30,NO CONTROLS,NO CONTROLS,CLEAR,DAYLIGHT,PEDALCYCLIST,NOT DIVIDED,STRAIGHT AND LEVEL,WET,UNKNOWN,,FAILING TO YIELD RIGHT-OF-WAY,DRIVING SKILLS/KNOWLEDGE/EXPERIENCE,,NO INDICATION OF INJURY,14,12,41.9106394664,-87.7164336224,2023,30,POINT (-87.7164336224 41.9106394664),,,,,2023-12-03,False,22,Humboldt Park
10218,30,NO CONTROLS,NO CONTROLS,CLEAR,DAYLIGHT,PEDALCYCLIST,NOT DIVIDED,STRAIGHT AND LEVEL,DRY,NO DEFECTS,N,FAILING TO YIELD RIGHT-OF-WAY,FAILING TO YIELD RIGHT-OF-WAY,,"REPORTED, NOT EVIDENT",14,12,41.9393767085,-87.7086935472,2023,30,POINT (-87.7086935472 41.9393767085),,,,,2023-12-03,False,15,Irving Park
10219,30,TRAFFIC SIGNAL,FUNCTIONING PROPERLY,CLEAR,"DARKNESS, LIGHTED ROAD",PEDALCYCLIST,FOUR WAY,STRAIGHT AND LEVEL,DRY,NO DEFECTS,Y,DISREGARDING TRAFFIC SIGNALS,NOT APPLICABLE,,NONINCAPACITATING INJURY,19,12,41.8947847791,-87.6226058409,2023,30,POINT (-87.6226058409 41.8947847791),,,,,2023-12-03,False,7,Near North Side
10220,30,TRAFFIC SIGNAL,FUNCTIONING PROPERLY,SNOW,DAYLIGHT,PEDALCYCLIST,FOUR WAY,STRAIGHT AND LEVEL,WET,NO DEFECTS,Y,DISREGARDING TRAFFIC SIGNALS,UNABLE TO DETERMINE,,INCAPACITATING INJURY,10,12,41.8899591607,-87.7065100768,2023,30,POINT (-87.7065100768 41.8899591607),,,,,2023-12-05,True,22,Humboldt Park
10221,30,TRAFFIC SIGNAL,FUNCTIONING PROPERLY,RAIN,"DARKNESS, LIGHTED ROAD",PEDALCYCLIST,DIVIDED - W/MEDIAN (NOT RAISED),STRAIGHT AND LEVEL,WET,NO DEFECTS,,FAILING TO YIELD RIGHT-OF-WAY,NOT APPLICABLE,,INCAPACITATING INJURY,17,12,41.8023659733,-87.7235767661,2023,30,POINT (-87.7235767661 41.8023659733),,,,,2023-12-05,True,56,Archer Heights
10222,30,TRAFFIC SIGNAL,FUNCTIONING PROPERLY,CLEAR,DAWN,PEDALCYCLIST,NOT DIVIDED,STRAIGHT AND LEVEL,DRY,NO DEFECTS,Y,IMPROPER TURNING/NO SIGNAL,UNABLE TO DETERMINE,,"REPORTED, NOT EVIDENT",16,12,41.9457633837,-87.7815221439,2023,30,POINT (-87.7815221439 41.9457633837),,,,,2023-12-06,False,14,Portage Park
10223,30,STOP SIGN/FLASHER,OTHER,CLEAR,"DARKNESS, LIGHTED ROAD",PEDALCYCLIST,FOUR WAY,STRAIGHT AND LEVEL,DRY,NO DEFECTS,Y,FAILING TO YIELD RIGHT-OF-WAY,UNABLE TO DETERMINE,,"REPORTED, NOT EVIDENT",16,12,41.9332688464,-87.7566361302,2023,30,POINT (-87.7566361302 41.9332688464),,,,,2023-12-06,False,18,Belmont Cragin
10224,30,NO CONTROLS,NO CONTROLS,CLEAR,"DARKNESS, LIGHTED ROAD",PEDALCYCLIST,NOT DIVIDED,STRAIGHT AND LEVEL,DRY,NO DEFECTS,,DRIVING SKILLS/KNOWLEDGE/EXPERIENCE,NOT APPLICABLE,,"REPORTED, NOT EVIDENT",18,12,41.8907628925,-87.6275490058,2023,30,POINT (-87.6275490058 41.8907628925),,,,,2023-12-06,False,7,Near North Side
10225,30,STOP SIGN/FLASHER,FUNCTIONING PROPERLY,CLEAR,DAYLIGHT,PEDALCYCLIST,T-INTERSECTION,STRAIGHT AND LEVEL,DRY,NO DEFECTS,Y,UNABLE TO DETERMINE,UNABLE TO DETERMINE,,NO INDICATION OF INJURY,8,12,41.7908047728,-87.7623834628,2023,30,POINT (-87.7623834628 41.7908047728),,,,,2023-12-07,False,55,Garfield Ridge