Unnamed: 0,POSTED_SPEED_LIMIT,TRAFFIC_CONTROL_DEVICE,DEVICE_CONDITION,WEATHER_CONDITION,LIGHTING_CONDITION,FIRST_CRASH_TYPE,TRAFFICWAY_TYPE,ALIGNMENT,ROADWAY_SURFACE_COND,ROAD_DEFECT,INTERSECTION_RELATED_I,PRIM_CONTRIBUTORY_CAUSE,SEC_CONTRIBUTORY_CAUSE,DOORING_I,MOST_SEVERE_INJURY,CRASH_HOUR,CRASH_MONTH,LATITUDE,LONGITUDE,CRASH_YEAR,SPEED_LIMIT,geometry,DISPLAYROU,the_geom,DIST,LANE_TYPE,CRASH_DATE,is_severe,index_right,CArea
10226,20,STOP SIGN/FLASHER,NO CONTROLS,CLEAR,DAYLIGHT,PEDALCYCLIST,ONE-WAY,STRAIGHT AND LEVEL,DRY,NO DEFECTS,Y,UNABLE TO DETERMINE,NOT APPLICABLE,,"REPORTED, NOT EVIDENT",16,12,41.8480148388,-87.7062990861,2023,20,POINT (-87.7062990861 41.8480148388),,,,,2023-12-07,False,28,North Lawndale
10227,30,NO CONTROLS,NO CONTROLS,CLEAR,DAYLIGHT,PEDALCYCLIST,PARKING LOT,STRAIGHT AND LEVEL,DRY,UNKNOWN,,FAILING TO YIELD RIGHT-OF-WAY,NOT APPLICABLE,,NONINCAPACITATING INJURY,13,12,41.9946189012,-87.7140204444,2023,30,POINT (-87.7140204444 41.9946189012),,,,,2023-12-08,False,12,North Park
10228,30,STOP SIGN/FLASHER,FUNCTIONING PROPERLY,CLEAR,DAYLIGHT,PEDALCYCLIST,FOUR WAY,STRAIGHT AND LEVEL,DRY,NO DEFECTS,Y,DISREGARDING STOP SIGN,NOT APPLICABLE,Y,NONINCAPACITATING INJURY,16,12,41.7627300395,-87.5663746415,2023,30,POINT (-87.5663746415 41.7627300395),,,,,2023-12-08,False,42,South Shore
10229,30,UNKNOWN,UNKNOWN,CLEAR,"DARKNESS, LIGHTED ROAD",PEDALCYCLIST,NOT DIVIDED,STRAIGHT AND LEVEL,DRY,NO DEFECTS,Y,FAILING TO YIELD RIGHT-OF-WAY,DISREGARDING STOP SIGN,,NONINCAPACITATING INJURY,17,12,41.9157184014,-87.7024646561,2023,30,POINT (-87.7024646561 41.9157184014),,,,,2023-12-08,False,21,Logan Square
10230,30,NO CONTROLS,NO CONTROLS,CLEAR,"DARKNESS, LIGHTED ROAD",PEDALCYCLIST,DIVIDED - W/MEDIAN (NOT RAISED),STRAIGHT AND LEVEL,DRY,NO DEFECTS,,FAILING TO YIELD RIGHT-OF-WAY,NOT APPLICABLE,,NONINCAPACITATING INJURY,19,12,41.909252413,-87.7459682386,2023,30,POINT (-87.7459682386 41.909252413),,,,,2023-12-08,False,24,Austin
10231,20,NO CONTROLS,NO CONTROLS,CLEAR,DAYLIGHT,PEDALCYCLIST,NOT DIVIDED,STRAIGHT AND LEVEL,DRY,NO DEFECTS,,NOT APPLICABLE,NOT APPLICABLE,,NONINCAPACITATING INJURY,12,12,41.8818263018,-87.6508078182,2023,20,POINT (-87.6508078182 41.8818263018),,,,,2023-12-09,False,27,Near West Side
10232,30,UNKNOWN,NO CONTROLS,CLEAR,DAYLIGHT,PEDALCYCLIST,DIVIDED - W/MEDIAN (NOT RAISED),STRAIGHT AND LEVEL,DRY,NO DEFECTS,,FAILING TO YIELD RIGHT-OF-WAY,UNABLE TO DETERMINE,,NONINCAPACITATING INJURY,14,12,41.94451377,-87.7079155661,2023,30,POINT (-87.7079155661 41.94451377),,,,,2023-12-09,False,15,Irving Park
10233,25,NO CONTROLS,NO CONTROLS,CLEAR,DAYLIGHT,PEDALCYCLIST,NOT DIVIDED,STRAIGHT AND LEVEL,DRY,NO DEFECTS,,IMPROPER OVERTAKING/PASSING,UNABLE TO DETERMINE,,"REPORTED, NOT EVIDENT",14,12,41.961398949,-87.6923267696,2023,25,POINT (-87.6923267696 41.961398949),,,,,2023-12-09,False,3,Lincoln Square
10234,30,NO CONTROLS,NO CONTROLS,CLEAR,DAYLIGHT,PEDALCYCLIST,NOT DIVIDED,STRAIGHT AND LEVEL,DRY,NO DEFECTS,,UNABLE TO DETERMINE,UNABLE TO DETERMINE,,NO INDICATION OF INJURY,15,12,41.9666390253,-87.6932116629,2023,30,POINT (-87.6932116629 41.9666390253),,,,,2023-12-09,False,3,Lincoln Square
10235,30,NO CONTROLS,NO CONTROLS,CLEAR,"DARKNESS, LIGHTED ROAD",PEDALCYCLIST,DIVIDED - W/MEDIAN (NOT RAISED),STRAIGHT AND LEVEL,DRY,NO DEFECTS,,NOT APPLICABLE,NOT APPLICABLE,Y,NONINCAPACITATING INJURY,16,12,41.9547002432,-87.6546975876,2023,30,POINT (-87.6546975876 41.9547002432),,,,,2023-12-09,False,2,Uptown
10236,30,NO CONTROLS,NO CONTROLS,CLEAR,DARKNESS,PEDALCYCLIST,NOT DIVIDED,STRAIGHT AND LEVEL,DRY,NO DEFECTS,,IMPROPER TURNING/NO SIGNAL,FAILING TO YIELD RIGHT-OF-WAY,,NONINCAPACITATING INJURY,17,12,41.9399918671,-87.6559745011,2023,30,POINT (-87.6559745011 41.9399918671),,,,,2023-12-09,False,5,Lake View
10237,30,STOP SIGN/FLASHER,UNKNOWN,CLEAR,DAYLIGHT,PEDALCYCLIST,UNKNOWN INTERSECTION TYPE,STRAIGHT AND LEVEL,DRY,UNKNOWN,,NOT APPLICABLE,NOT APPLICABLE,,"REPORTED, NOT EVIDENT",12,12,41.7776977974,-87.6545943507,2023,30,POINT (-87.6545943507 41.7776977974),,,,,2023-12-11,False,66,Englewood
10238,30,TRAFFIC SIGNAL,FUNCTIONING PROPERLY,CLEAR,DAYLIGHT,PEDALCYCLIST,DIVIDED - W/MEDIAN (NOT RAISED),STRAIGHT AND LEVEL,DRY,NO DEFECTS,,UNABLE TO DETERMINE,UNABLE TO DETERMINE,,"REPORTED, NOT EVIDENT",14,12,41.7211026729,-87.6666883933,2023,30,POINT (-87.6666883933 41.7211026729),,,,,2023-12-11,False,71,Beverly
10239,30,STOP SIGN/FLASHER,FUNCTIONING PROPERLY,CLEAR,"DARKNESS, LIGHTED ROAD",PEDALCYCLIST,NOT DIVIDED,STRAIGHT AND LEVEL,DRY,NO DEFECTS,,FAILING TO YIELD RIGHT-OF-WAY,NOT APPLICABLE,,NONINCAPACITATING INJURY,17,12,41.7735441443,-87.6933956507,2023,30,POINT (-87.6933956507 41.7735441443),,,,,2023-12-11,False,65,Chicago Lawn
10240,30,STOP SIGN/FLASHER,FUNCTIONING PROPERLY,CLEAR,DAYLIGHT,PEDALCYCLIST,OTHER,STRAIGHT AND LEVEL,DRY,NO DEFECTS,,UNABLE TO DETERMINE,UNABLE TO DETERMINE,,NO INDICATION OF INJURY,15,12,41.9591231105,-87.7264014053,2023,30,POINT (-87.7264014053 41.9591231105),,,,,2023-12-12,False,15,Irving Park
10241,20,TRAFFIC SIGNAL,FUNCTIONING PROPERLY,CLEAR,DARKNESS,PEDALCYCLIST,FOUR WAY,STRAIGHT AND LEVEL,DRY,NO DEFECTS,Y,UNABLE TO DETERMINE,IMPROPER TURNING/NO SIGNAL,,NO INDICATION OF INJURY,17,12,41.8577437509,-87.6320390628,2023,20,POINT (-87.6320390628 41.8577437509),,,,,2023-12-12,False,32,Near South Side
10242,30,NO CONTROLS,NO CONTROLS,CLEAR,"DARKNESS, LIGHTED ROAD",PEDALCYCLIST,NOT DIVIDED,STRAIGHT AND LEVEL,DRY,NO DEFECTS,,FOLLOWING TOO CLOSELY,FOLLOWING TOO CLOSELY,N,"REPORTED, NOT EVIDENT",18,12,41.8959048519,-87.6838218009,2023,30,POINT (-87.6838218009 41.8959048519),,,,,2023-12-12,False,23,West Town
10243,30,NO CONTROLS,NO CONTROLS,CLEAR,DAYLIGHT,PEDALCYCLIST,NOT DIVIDED,STRAIGHT AND LEVEL,DRY,NO DEFECTS,,DISREGARDING STOP SIGN,DISREGARDING STOP SIGN,,NONINCAPACITATING INJURY,10,12,41.9064291697,-87.7070487908,2023,30,POINT (-87.7070487908 41.9064291697),,,,,2023-12-13,False,22,Humboldt Park
10244,30,TRAFFIC SIGNAL,FUNCTIONING PROPERLY,CLEAR,UNKNOWN,PEDALCYCLIST,FOUR WAY,STRAIGHT AND LEVEL,DRY,NO DEFECTS,Y,UNABLE TO DETERMINE,UNABLE TO DETERMINE,,"REPORTED, NOT EVIDENT",6,12,41.9941865253,-87.6896200233,2023,30,POINT (-87.6896200233 41.9941865253),,,,,2023-12-14,False,1,West Ridge
10245,25,NO CONTROLS,NO CONTROLS,CLEAR,DAYLIGHT,PEDALCYCLIST,NOT DIVIDED,STRAIGHT AND LEVEL,DRY,NO DEFECTS,,UNABLE TO DETERMINE,UNABLE TO DETERMINE,N,NO INDICATION OF INJURY,6,12,41.9687709178,-87.6687833671,2023,25,POINT (-87.6687833671 41.9687709178),,,,,2023-12-14,False,2,Uptown
10246,25,NO CONTROLS,NO CONTROLS,CLEAR,DAYLIGHT,PEDALCYCLIST,ONE-WAY,STRAIGHT AND LEVEL,DRY,NO DEFECTS,,UNABLE TO DETERMINE,UNABLE TO DETERMINE,,NONINCAPACITATING INJURY,9,12,41.8077476121,-87.6587219552,2023,25,POINT (-87.6587219552 41.8077476121),,,,,2023-12-14,False,60,New City
10247,30,NO CONTROLS,NO CONTROLS,CLEAR,DAYLIGHT,PEDALCYCLIST,ONE-WAY,STRAIGHT AND LEVEL,UNKNOWN,UNKNOWN,,UNABLE TO DETERMINE,UNABLE TO DETERMINE,,NO INDICATION OF INJURY,9,12,41.9658495137,-87.7005261945,2023,30,POINT (-87.7005261945 41.9658495137),,,,,2023-12-14,False,3,Lincoln Square
10248,30,TRAFFIC SIGNAL,FUNCTIONING PROPERLY,CLEAR,DAYLIGHT,PEDALCYCLIST,NOT DIVIDED,STRAIGHT AND LEVEL,DRY,NO DEFECTS,,FAILING TO YIELD RIGHT-OF-WAY,NOT APPLICABLE,N,NONINCAPACITATING INJURY,15,12,41.9645859552,-87.7085732008,2023,30,POINT (-87.7085732008 41.9645859552),,,,,2023-12-14,False,13,Albany Park
10249,35,TRAFFIC SIGNAL,FUNCTIONING PROPERLY,UNKNOWN,UNKNOWN,PEDALCYCLIST,DIVIDED - W/MEDIAN (NOT RAISED),STRAIGHT AND LEVEL,UNKNOWN,UNKNOWN,,UNABLE TO DETERMINE,UNABLE TO DETERMINE,,NO INDICATION OF INJURY,16,12,41.8408371818,-87.6659703317,2023,35,POINT (-87.6659703317 41.8408371818),,,,,2023-12-14,False,30,Lower West Side
10250,30,TRAFFIC SIGNAL,FUNCTIONING PROPERLY,CLEAR,"DARKNESS, LIGHTED ROAD",PEDALCYCLIST,T-INTERSECTION,STRAIGHT AND LEVEL,DRY,NO DEFECTS,Y,UNABLE TO DETERMINE,UNABLE TO DETERMINE,,INCAPACITATING INJURY,16,12,41.8413792208,-87.6659747261,2023,30,POINT (-87.6659747261 41.8413792208),,,,,2023-12-14,True,30,Lower West Side
10251,30,NO CONTROLS,NO CONTROLS,CLEAR,"DARKNESS, LIGHTED ROAD",PEDALCYCLIST,DIVIDED - W/MEDIAN BARRIER,STRAIGHT AND LEVEL,DRY,NO DEFECTS,,UNABLE TO DETERMINE,UNABLE TO DETERMINE,,NONINCAPACITATING INJURY,19,12,41.7930401856,-87.6102600198,2023,30,POINT (-87.6102600198 41.7930401856),,,,,2023-12-14,False,39,Washington Park
10252,30,STOP SIGN/FLASHER,FUNCTIONING PROPERLY,CLEAR,DARKNESS,PEDALCYCLIST,FOUR WAY,STRAIGHT AND LEVEL,DRY,NO DEFECTS,,DISREGARDING STOP SIGN,NOT APPLICABLE,,"REPORTED, NOT EVIDENT",19,12,41.8714740738,-87.6837835958,2023,30,POINT (-87.6837835958 41.8714740738),,,,,2023-12-14,False,27,Near West Side
10253,30,TRAFFIC SIGNAL,FUNCTIONING PROPERLY,CLEAR,"DARKNESS, LIGHTED ROAD",PEDALCYCLIST,UNKNOWN INTERSECTION TYPE,STRAIGHT AND LEVEL,DRY,NO DEFECTS,Y,FAILING TO YIELD RIGHT-OF-WAY,NOT APPLICABLE,,NONINCAPACITATING INJURY,22,12,41.8978697368,-87.6303807625,2023,30,POINT (-87.6303807625 41.8978697368),,,,,2023-12-14,False,7,Near North Side
10254,30,NO CONTROLS,NO CONTROLS,CLEAR,"DARKNESS, LIGHTED ROAD",PEDALCYCLIST,NOT DIVIDED,STRAIGHT AND LEVEL,DRY,NO DEFECTS,,UNABLE TO DETERMINE,UNABLE TO DETERMINE,,NO INDICATION OF INJURY,23,12,41.7074364499,-87.6041600097,2023,30,POINT (-87.6041600097 41.7074364499),,,,,2023-12-14,False,48,Roseland
10255,30,TRAFFIC SIGNAL,UNKNOWN,CLEAR,DAYLIGHT,PEDALCYCLIST,FOUR WAY,STRAIGHT AND LEVEL,DRY,UNKNOWN,Y,IMPROPER OVERTAKING/PASSING,IMPROPER LANE USAGE,,NO INDICATION OF INJURY,13,12,41.8932075351,-87.6298422078,2023,30,POINT (-87.6298422078 41.8932075351),,,,,2023-12-15,False,7,Near North Side
10256,25,TRAFFIC SIGNAL,FUNCTIONING PROPERLY,CLEAR,DAYLIGHT,PEDALCYCLIST,ONE-WAY,STRAIGHT AND LEVEL,DRY,NO DEFECTS,,FAILING TO YIELD RIGHT-OF-WAY,FAILING TO YIELD RIGHT-OF-WAY,,"REPORTED, NOT EVIDENT",14,12,41.8933593542,-87.6298451468,2023,25,POINT (-87.6298451468 41.8933593542),,,,,2023-12-15,False,7,Near North Side
10257,25,STOP SIGN/FLASHER,FUNCTIONING PROPERLY,CLEAR,DAYLIGHT,PEDALCYCLIST,NOT DIVIDED,STRAIGHT AND LEVEL,DRY,NO DEFECTS,Y,UNABLE TO DETERMINE,NOT APPLICABLE,,NO INDICATION OF INJURY,15,12,41.880501694,-87.7407606639,2023,25,POINT (-87.7407606639 41.880501694),,,,,2023-12-15,False,24,Austin
10258,30,TRAFFIC SIGNAL,FUNCTIONING PROPERLY,CLEAR,DUSK,PEDALCYCLIST,FOUR WAY,STRAIGHT AND LEVEL,DRY,NO DEFECTS,,UNABLE TO DETERMINE,NOT APPLICABLE,,"REPORTED, NOT EVIDENT",16,12,41.9474845038,-87.6593187979,2023,30,POINT (-87.6593187979 41.9474845038),,,,,2023-12-15,False,5,Lake View
10259,30,TRAFFIC SIGNAL,FUNCTIONING PROPERLY,CLEAR,DARKNESS,PEDALCYCLIST,T-INTERSECTION,STRAIGHT AND LEVEL,DRY,NO DEFECTS,Y,FAILING TO YIELD RIGHT-OF-WAY,UNABLE TO DETERMINE,,NONINCAPACITATING INJURY,20,12,41.9075343921,-87.6727932131,2023,30,POINT (-87.6727932131 41.9075343921),,,,,2023-12-15,False,23,West Town
10260,30,TRAFFIC SIGNAL,UNKNOWN,CLEAR,DAYLIGHT,PEDALCYCLIST,FOUR WAY,STRAIGHT AND LEVEL,DRY,NO DEFECTS,Y,FAILING TO YIELD RIGHT-OF-WAY,DISREGARDING TRAFFIC SIGNALS,,NONINCAPACITATING INJURY,7,12,41.9261607198,-87.6315146648,2023,30,POINT (-87.6315146648 41.9261607198),,,,,2023-12-16,False,6,Lincoln Park
10261,20,STOP SIGN/FLASHER,FUNCTIONING PROPERLY,RAIN,DAYLIGHT,PEDALCYCLIST,FOUR WAY,STRAIGHT AND LEVEL,WET,NO DEFECTS,,DISREGARDING STOP SIGN,UNABLE TO DETERMINE,,NO INDICATION OF INJURY,8,12,41.9524408425,-87.6787658236,2023,20,POINT (-87.6787658236 41.9524408425),,,,,2023-12-16,False,4,North Center
10262,20,STOP SIGN/FLASHER,FUNCTIONING PROPERLY,RAIN,"DARKNESS, LIGHTED ROAD",PEDALCYCLIST,ONE-WAY,STRAIGHT AND LEVEL,WET,NO DEFECTS,,UNABLE TO DETERMINE,NOT APPLICABLE,,NONINCAPACITATING INJURY,19,12,41.8426250905,-87.7161068356,2023,20,POINT (-87.7161068356 41.8426250905),,,,,2023-12-16,False,29,South Lawndale
10263,30,STOP SIGN/FLASHER,FUNCTIONING PROPERLY,CLEAR,DAYLIGHT,PEDALCYCLIST,ONE-WAY,STRAIGHT AND LEVEL,WET,NO DEFECTS,Y,NOT APPLICABLE,NOT APPLICABLE,,NO INDICATION OF INJURY,10,12,41.7956512755,-87.8015411542,2023,30,POINT (-87.8015411542 41.7956512755),,,,,2023-12-17,False,55,Garfield Ridge
10264,30,TRAFFIC SIGNAL,FUNCTIONING PROPERLY,CLEAR,DAYLIGHT,PEDALCYCLIST,NOT DIVIDED,STRAIGHT AND LEVEL,DRY,NO DEFECTS,Y,UNABLE TO DETERMINE,NOT APPLICABLE,,NO INDICATION OF INJURY,14,12,41.8551086636,-87.666221271,2023,30,POINT (-87.666221271 41.8551086636),,,,,2023-12-17,False,30,Lower West Side
10265,30,STOP SIGN/FLASHER,FUNCTIONING PROPERLY,RAIN,"DARKNESS, LIGHTED ROAD",PEDALCYCLIST,FOUR WAY,STRAIGHT AND LEVEL,WET,NO DEFECTS,Y,FAILING TO YIELD RIGHT-OF-WAY,NOT APPLICABLE,,NONINCAPACITATING INJURY,17,12,41.7569151775,-87.553534773,2023,30,POINT (-87.553534773 41.7569151775),,,,,2023-12-17,False,42,South Shore
10266,30,STOP SIGN/FLASHER,FUNCTIONING PROPERLY,UNKNOWN,"DARKNESS, LIGHTED ROAD",PEDALCYCLIST,T-INTERSECTION,STRAIGHT AND LEVEL,UNKNOWN,UNKNOWN,Y,UNABLE TO DETERMINE,UNABLE TO DETERMINE,,NONINCAPACITATING INJURY,17,12,41.9311097871,-87.6369364586,2023,30,POINT (-87.6369364586 41.9311097871),,,,,2023-12-17,False,6,Lincoln Park
10267,30,TRAFFIC SIGNAL,FUNCTIONING PROPERLY,CLEAR,"DARKNESS, LIGHTED ROAD",PEDALCYCLIST,FOUR WAY,STRAIGHT AND LEVEL,DRY,NO DEFECTS,Y,DISREGARDING STOP SIGN,NOT APPLICABLE,,NO INDICATION OF INJURY,6,12,41.8858382483,-87.6365161241,2023,30,POINT (-87.6365161241 41.8858382483),,,,,2023-12-18,False,27,Near West Side
10268,30,NO CONTROLS,NO CONTROLS,CLEAR,DAYLIGHT,PEDALCYCLIST,DIVIDED - W/MEDIAN (NOT RAISED),STRAIGHT AND LEVEL,DRY,NO DEFECTS,Y,UNABLE TO DETERMINE,UNABLE TO DETERMINE,,"REPORTED, NOT EVIDENT",7,12,41.9552736131,-87.7275165578,2023,30,POINT (-87.7275165578 41.9552736131),,,,,2023-12-18,False,15,Irving Park
10269,30,STOP SIGN/FLASHER,FUNCTIONING PROPERLY,CLOUDY/OVERCAST,DAYLIGHT,PEDALCYCLIST,Y-INTERSECTION,STRAIGHT AND LEVEL,DRY,NO DEFECTS,Y,UNABLE TO DETERMINE,NOT APPLICABLE,,NONINCAPACITATING INJURY,8,12,41.8918455097,-87.6488178364,2023,30,POINT (-87.6488178364 41.8918455097),,,,,2023-12-18,False,7,Near North Side
10270,30,TRAFFIC SIGNAL,FUNCTIONING PROPERLY,CLEAR,DAYLIGHT,PEDALCYCLIST,ONE-WAY,STRAIGHT AND LEVEL,DRY,UNKNOWN,,DRIVING SKILLS/KNOWLEDGE/EXPERIENCE,UNABLE TO DETERMINE,,NO INDICATION OF INJURY,13,12,41.8817591511,-87.6439776472,2023,30,POINT (-87.6439776472 41.8817591511),,,,,2023-12-18,False,27,Near West Side
10271,25,NO CONTROLS,NO CONTROLS,UNKNOWN,DUSK,PEDALCYCLIST,ONE-WAY,STRAIGHT AND LEVEL,UNKNOWN,UNKNOWN,Y,FAILING TO YIELD RIGHT-OF-WAY,NOT APPLICABLE,,NONINCAPACITATING INJURY,16,12,41.9977560029,-87.6936929569,2023,25,POINT (-87.6936929569 41.9977560029),,,,,2023-12-18,False,1,West Ridge
10272,30,NO CONTROLS,NO CONTROLS,CLEAR,DARKNESS,PEDALCYCLIST,NOT DIVIDED,STRAIGHT AND LEVEL,DRY,NO DEFECTS,,FAILING TO YIELD RIGHT-OF-WAY,NOT APPLICABLE,,NONINCAPACITATING INJURY,16,12,41.872506272,-87.6689153031,2023,30,POINT (-87.6689153031 41.872506272),,,,,2023-12-18,False,27,Near West Side
10273,30,NO CONTROLS,NO CONTROLS,CLEAR,DUSK,PEDALCYCLIST,OTHER,STRAIGHT AND LEVEL,DRY,UNKNOWN,,UNABLE TO DETERMINE,NOT APPLICABLE,,NO INDICATION OF INJURY,17,12,41.6916213952,-87.688676988,2023,30,POINT (-87.688676988 41.6916213952),,,,,2023-12-18,False,74,Morgan Park
10274,30,TRAFFIC SIGNAL,FUNCTIONING PROPERLY,CLEAR,DAYLIGHT,PEDALCYCLIST,FOUR WAY,STRAIGHT AND LEVEL,DRY,NO DEFECTS,Y,FAILING TO REDUCE SPEED TO AVOID CRASH,UNABLE TO DETERMINE,,NONINCAPACITATING INJURY,6,12,41.8917983175,-87.6267823912,2023,30,POINT (-87.6267823912 41.8917983175),,,,,2023-12-19,False,7,Near North Side
10275,30,NO CONTROLS,NO CONTROLS,CLEAR,DAYLIGHT,PEDALCYCLIST,NOT DIVIDED,STRAIGHT AND LEVEL,DRY,NO DEFECTS,,FOLLOWING TOO CLOSELY,NOT APPLICABLE,,"REPORTED, NOT EVIDENT",11,12,41.9244846123,-87.6396352927,2023,30,POINT (-87.6396352927 41.9244846123),,,,,2023-12-20,False,6,Lincoln Park
10276,30,NO CONTROLS,NO CONTROLS,CLEAR,DAYLIGHT,PEDALCYCLIST,NOT DIVIDED,STRAIGHT AND LEVEL,DRY,NO DEFECTS,,UNABLE TO DETERMINE,UNABLE TO DETERMINE,Y,"REPORTED, NOT EVIDENT",14,12,41.9091920591,-87.6772829073,2023,30,POINT (-87.6772829073 41.9091920591),,,,,2023-12-20,False,23,West Town
10277,30,NO CONTROLS,NO CONTROLS,CLEAR,DAYLIGHT,PEDALCYCLIST,NOT DIVIDED,STRAIGHT AND LEVEL,DRY,NO DEFECTS,Y,NOT APPLICABLE,NOT APPLICABLE,Y,NO INDICATION OF INJURY,14,12,41.9616287068,-87.7555171972,2023,30,POINT (-87.7555171972 41.9616287068),,,,,2023-12-20,False,14,Portage Park
10278,30,NO CONTROLS,UNKNOWN,CLEAR,DAYLIGHT,PEDALCYCLIST,OTHER,STRAIGHT AND LEVEL,DRY,UNKNOWN,,FAILING TO REDUCE SPEED TO AVOID CRASH,UNABLE TO DETERMINE,,NONINCAPACITATING INJURY,15,12,41.9681812205,-87.7439339467,2023,30,POINT (-87.7439339467 41.9681812205),,,,,2023-12-20,False,11,Forest Glen
10279,30,NO CONTROLS,NO CONTROLS,CLEAR,"DARKNESS, LIGHTED ROAD",PEDALCYCLIST,DIVIDED - W/MEDIAN (NOT RAISED),STRAIGHT AND LEVEL,DRY,NO DEFECTS,,UNABLE TO DETERMINE,UNABLE TO DETERMINE,,NONINCAPACITATING INJURY,20,12,41.9101322404,-87.6946003939,2023,30,POINT (-87.6946003939 41.9101322404),,,,,2023-12-20,False,22,Humboldt Park
10280,30,NO CONTROLS,NO CONTROLS,CLEAR,DAYLIGHT,PEDALCYCLIST,NOT DIVIDED,STRAIGHT AND LEVEL,DRY,NO DEFECTS,,UNABLE TO DETERMINE,UNABLE TO DETERMINE,,NO INDICATION OF INJURY,9,12,41.9395664325,-87.6701397028,2023,30,POINT (-87.6701397028 41.9395664325),,,,,2023-12-21,False,5,Lake View
10281,35,UNKNOWN,UNKNOWN,CLEAR,DAYLIGHT,PEDALCYCLIST,OTHER,STRAIGHT AND LEVEL,DRY,NO DEFECTS,,FAILING TO YIELD RIGHT-OF-WAY,NOT APPLICABLE,,NONINCAPACITATING INJURY,15,12,41.8924213661,-87.6282348711,2023,35,POINT (-87.6282348711 41.8924213661),,,,,2023-12-21,False,7,Near North Side
10282,30,NO CONTROLS,NO CONTROLS,RAIN,"DARKNESS, LIGHTED ROAD",PEDALCYCLIST,ONE-WAY,STRAIGHT AND LEVEL,WET,NO DEFECTS,,FAILING TO YIELD RIGHT-OF-WAY,FAILING TO REDUCE SPEED TO AVOID CRASH,,NONINCAPACITATING INJURY,17,12,41.786801583,-87.7228419503,2023,30,POINT (-87.7228419503 41.786801583),,,,,2023-12-21,False,61,West Elsdon
10283,30,STOP SIGN/FLASHER,NO CONTROLS,CLEAR,"DARKNESS, LIGHTED ROAD",PEDALCYCLIST,NOT DIVIDED,STRAIGHT AND LEVEL,WET,UNKNOWN,,IMPROPER LANE USAGE,FOLLOWING TOO CLOSELY,,NONINCAPACITATING INJURY,19,12,41.9037816711,-87.6319905716,2023,30,POINT (-87.6319905716 41.9037816711),,,,,2023-12-21,False,7,Near North Side
10284,30,TRAFFIC SIGNAL,FUNCTIONING PROPERLY,RAIN,DAYLIGHT,PEDALCYCLIST,FOUR WAY,STRAIGHT AND LEVEL,WET,NO DEFECTS,Y,FAILING TO REDUCE SPEED TO AVOID CRASH,FAILING TO YIELD RIGHT-OF-WAY,,NO INDICATION OF INJURY,14,12,41.8698052221,-87.6437763018,2023,30,POINT (-87.6437763018 41.8698052221),,,,,2023-12-22,False,27,Near West Side
10285,30,NO CONTROLS,NO CONTROLS,CLEAR,DAYLIGHT,PEDALCYCLIST,NOT DIVIDED,STRAIGHT AND LEVEL,DRY,NO DEFECTS,,UNABLE TO DETERMINE,NOT APPLICABLE,,NO INDICATION OF INJURY,15,12,41.9685847551,-87.7060949316,2023,30,POINT (-87.7060949316 41.9685847551),,,,,2023-12-22,False,3,Lincoln Square
10286,30,NO CONTROLS,NO CONTROLS,RAIN,DAYLIGHT,PEDALCYCLIST,NOT DIVIDED,STRAIGHT AND LEVEL,WET,UNKNOWN,,NOT APPLICABLE,NOT APPLICABLE,Y,INCAPACITATING INJURY,15,12,41.955474353,-87.6798462512,2023,30,POINT (-87.6798462512 41.955474353),,,,,2023-12-22,True,4,North Center
10287,30,TRAFFIC SIGNAL,FUNCTIONING PROPERLY,RAIN,"DARKNESS, LIGHTED ROAD",PEDALCYCLIST,FOUR WAY,STRAIGHT AND LEVEL,WET,NO DEFECTS,Y,FAILING TO YIELD RIGHT-OF-WAY,WEATHER,,NONINCAPACITATING INJURY,17,12,41.8956095832,-87.6965542665,2023,30,POINT (-87.6965542665 41.8956095832),,,,,2023-12-22,False,22,Humboldt Park
10288,30,NO CONTROLS,NO CONTROLS,RAIN,"DARKNESS, LIGHTED ROAD",PEDALCYCLIST,NOT DIVIDED,STRAIGHT AND LEVEL,WET,UNKNOWN,,UNABLE TO DETERMINE,NOT APPLICABLE,,NO INDICATION OF INJURY,17,12,41.9103385959,-87.6959075193,2023,30,POINT (-87.6959075193 41.9103385959),,,,,2023-12-22,False,22,Humboldt Park
10289,30,NO CONTROLS,NO CONTROLS,RAIN,"DARKNESS, LIGHTED ROAD",PEDALCYCLIST,DIVIDED - W/MEDIAN (NOT RAISED),STRAIGHT AND LEVEL,WET,NO DEFECTS,,UNABLE TO DETERMINE,NOT APPLICABLE,,NONINCAPACITATING INJURY,18,12,41.9102673039,-87.6835007433,2023,30,POINT (-87.6835007433 41.9102673039),,,,,2023-12-22,False,23,West Town
10290,30,UNKNOWN,UNKNOWN,UNKNOWN,UNKNOWN,PEDALCYCLIST,FOUR WAY,STRAIGHT AND LEVEL,UNKNOWN,UNKNOWN,,IMPROPER TURNING/NO SIGNAL,NOT APPLICABLE,,"REPORTED, NOT EVIDENT",19,12,41.8654541292,-87.6259385369,2023,30,POINT (-87.6259385369 41.8654541292),,,,,2023-12-22,False,32,Near South Side