Unnamed: 0,POSTED_SPEED_LIMIT,TRAFFIC_CONTROL_DEVICE,DEVICE_CONDITION,WEATHER_CONDITION,LIGHTING_CONDITION,FIRST_CRASH_TYPE,TRAFFICWAY_TYPE,ALIGNMENT,ROADWAY_SURFACE_COND,ROAD_DEFECT,INTERSECTION_RELATED_I,PRIM_CONTRIBUTORY_CAUSE,SEC_CONTRIBUTORY_CAUSE,DOORING_I,MOST_SEVERE_INJURY,CRASH_HOUR,CRASH_MONTH,LATITUDE,LONGITUDE,CRASH_YEAR,SPEED_LIMIT,geometry,DISPLAYROU,the_geom,DIST,LANE_TYPE,CRASH_DATE,is_severe,index_right,CArea
10291,25,STOP SIGN/FLASHER,NO CONTROLS,CLEAR,DAYLIGHT,PEDALCYCLIST,NOT DIVIDED,STRAIGHT AND LEVEL,DRY,SHOULDER DEFECT,,UNABLE TO DETERMINE,"VISION OBSCURED (SIGNS, TREE LIMBS, BUILDINGS, ETC.)",,"REPORTED, NOT EVIDENT",9,12,41.7702109317,-87.6738128799,2023,25,POINT (-87.6738128799 41.7702109317),,,,,2023-12-23,False,66,Englewood
10292,30,NO CONTROLS,NO CONTROLS,CLEAR,DAYLIGHT,PEDALCYCLIST,DIVIDED - W/MEDIAN (NOT RAISED),STRAIGHT AND LEVEL,WET,NO DEFECTS,,DRIVING SKILLS/KNOWLEDGE/EXPERIENCE,DRIVING SKILLS/KNOWLEDGE/EXPERIENCE,Y,INCAPACITATING INJURY,11,12,41.9643875286,-87.7084924784,2023,30,POINT (-87.7084924784 41.9643875286),,,,,2023-12-23,True,13,Albany Park
10293,30,TRAFFIC SIGNAL,UNKNOWN,CLEAR,DAYLIGHT,PEDALCYCLIST,NOT DIVIDED,STRAIGHT AND LEVEL,DRY,UNKNOWN,Y,FOLLOWING TOO CLOSELY,IMPROPER OVERTAKING/PASSING,,NO INDICATION OF INJURY,14,12,41.917793041,-87.6777697677,2023,30,POINT (-87.6777697677 41.917793041),,,,,2023-12-23,False,6,Lincoln Park
10294,30,NO CONTROLS,NO CONTROLS,CLOUDY/OVERCAST,DAYLIGHT,PEDALCYCLIST,FOUR WAY,STRAIGHT AND LEVEL,WET,NO DEFECTS,,UNABLE TO DETERMINE,NOT APPLICABLE,,NO INDICATION OF INJURY,14,12,41.946788878,-87.675947031,2023,30,POINT (-87.675947031 41.946788878),,,,,2023-12-23,False,4,North Center
10295,25,TRAFFIC SIGNAL,FUNCTIONING PROPERLY,FOG/SMOKE/HAZE,"DARKNESS, LIGHTED ROAD",PEDALCYCLIST,ONE-WAY,STRAIGHT AND LEVEL,WET,NO DEFECTS,Y,DISREGARDING TRAFFIC SIGNALS,NOT APPLICABLE,,NO INDICATION OF INJURY,17,12,41.8343236181,-87.6451218429,2023,25,POINT (-87.6451218429 41.8343236181),,,,,2023-12-23,False,59,Bridgeport
10296,30,TRAFFIC SIGNAL,FUNCTIONING PROPERLY,FOG/SMOKE/HAZE,"DARKNESS, LIGHTED ROAD",PEDALCYCLIST,DIVIDED - W/MEDIAN (NOT RAISED),STRAIGHT AND LEVEL,WET,UNKNOWN,,UNABLE TO DETERMINE,UNABLE TO DETERMINE,,NONINCAPACITATING INJURY,19,12,41.6926489746,-87.6132273003,2023,30,POINT (-87.6132273003 41.6926489746),,,,,2023-12-23,False,48,Roseland
10297,30,TRAFFIC SIGNAL,FUNCTIONING PROPERLY,FOG/SMOKE/HAZE,"DARKNESS, LIGHTED ROAD",PEDALCYCLIST,FOUR WAY,STRAIGHT AND LEVEL,WET,NO DEFECTS,Y,FAILING TO REDUCE SPEED TO AVOID CRASH,FAILING TO REDUCE SPEED TO AVOID CRASH,,NO INDICATION OF INJURY,3,12,41.9683528111,-87.727969344,2023,30,POINT (-87.727969344 41.9683528111),,,,,2023-12-24,False,11,Forest Glen
10298,25,NO CONTROLS,NO CONTROLS,CLEAR,DAYLIGHT,PEDALCYCLIST,NOT DIVIDED,STRAIGHT AND LEVEL,DRY,UNKNOWN,,UNABLE TO DETERMINE,NOT APPLICABLE,,NONINCAPACITATING INJURY,13,12,41.9654906525,-87.6589857176,2023,25,POINT (-87.6589857176 41.9654906525),,,,,2023-12-25,False,2,Uptown
10299,30,TRAFFIC SIGNAL,FUNCTIONING PROPERLY,RAIN,"DARKNESS, LIGHTED ROAD",PEDALCYCLIST,NOT REPORTED,STRAIGHT AND LEVEL,WET,NO DEFECTS,Y,NOT APPLICABLE,NOT APPLICABLE,,NONINCAPACITATING INJURY,17,12,41.758293487,-87.6246828681,2023,30,POINT (-87.6246828681 41.758293487),,,,,2023-12-25,False,68,Grand Crossing
10300,30,TRAFFIC SIGNAL,FUNCTIONING PROPERLY,RAIN,"DARKNESS, LIGHTED ROAD",PEDALCYCLIST,FOUR WAY,STRAIGHT AND LEVEL,WET,NO DEFECTS,Y,TURNING RIGHT ON RED,FAILING TO REDUCE SPEED TO AVOID CRASH,,NONINCAPACITATING INJURY,23,12,41.8670011433,-87.6511897831,2023,30,POINT (-87.6511897831 41.8670011433),,,,,2023-12-25,False,27,Near West Side
10301,25,TRAFFIC SIGNAL,FUNCTIONING PROPERLY,CLEAR,DAYLIGHT,PEDALCYCLIST,NOT DIVIDED,STRAIGHT AND LEVEL,DRY,NO DEFECTS,Y,TURNING RIGHT ON RED,NOT APPLICABLE,,NO INDICATION OF INJURY,14,12,41.7209018682,-87.6771558625,2023,25,POINT (-87.6771558625 41.7209018682),,,,,2023-12-27,False,71,Beverly
10302,30,NO CONTROLS,NO CONTROLS,CLEAR,DUSK,PEDALCYCLIST,NOT DIVIDED,STRAIGHT AND LEVEL,DRY,NO DEFECTS,,NOT APPLICABLE,NOT APPLICABLE,Y,NONINCAPACITATING INJURY,17,12,41.9828695356,-87.7156911907,2023,30,POINT (-87.7156911907 41.9828695356),,,,,2023-12-27,False,12,North Park
10303,30,NO CONTROLS,NO CONTROLS,CLOUDY/OVERCAST,DAYLIGHT,PEDALCYCLIST,DIVIDED - W/MEDIAN (NOT RAISED),STRAIGHT AND LEVEL,DRY,NO DEFECTS,,IMPROPER LANE USAGE,RELATED TO BUS STOP,N,NO INDICATION OF INJURY,11,12,41.946795837,-87.6976285849,2023,30,POINT (-87.6976285849 41.946795837),,,,,2023-12-28,False,15,Irving Park
10304,25,STOP SIGN/FLASHER,NO CONTROLS,UNKNOWN,UNKNOWN,PEDALCYCLIST,DIVIDED - W/MEDIAN (NOT RAISED),STRAIGHT AND LEVEL,UNKNOWN,UNKNOWN,Y,FAILING TO YIELD RIGHT-OF-WAY,NOT APPLICABLE,,NO INDICATION OF INJURY,10,12,41.9748992286,-87.6924071632,2023,25,POINT (-87.6924071632 41.9748992286),,,,,2023-12-29,False,3,Lincoln Square
10305,30,NO CONTROLS,NO CONTROLS,CLEAR,"DARKNESS, LIGHTED ROAD",PEDALCYCLIST,NOT DIVIDED,STRAIGHT AND LEVEL,DRY,NO DEFECTS,,FAILING TO YIELD RIGHT-OF-WAY,NOT APPLICABLE,Y,NONINCAPACITATING INJURY,18,12,41.8965175596,-87.6318281632,2023,30,POINT (-87.6318281632 41.8965175596),,,,,2023-12-29,False,7,Near North Side
10306,30,TRAFFIC SIGNAL,FUNCTIONING PROPERLY,CLEAR,"DARKNESS, LIGHTED ROAD",PEDALCYCLIST,NOT DIVIDED,STRAIGHT AND LEVEL,DRY,NO DEFECTS,Y,DISREGARDING TRAFFIC SIGNALS,UNABLE TO DETERMINE,,NONINCAPACITATING INJURY,2,12,41.8730182018,-87.6258726889,2023,30,POINT (-87.6258726889 41.8730182018),,,,,2023-12-30,False,31,Loop
10307,30,NO CONTROLS,NO CONTROLS,CLEAR,"DARKNESS, LIGHTED ROAD",PEDALCYCLIST,NOT DIVIDED,STRAIGHT AND LEVEL,DRY,UNKNOWN,,FAILING TO YIELD RIGHT-OF-WAY,UNABLE TO DETERMINE,,NONINCAPACITATING INJURY,16,12,41.9104296259,-87.6739416811,2023,30,POINT (-87.6739416811 41.9104296259),,,,,2023-12-30,False,23,West Town
10308,30,TRAFFIC SIGNAL,FUNCTIONING PROPERLY,CLEAR,DAYLIGHT,PEDALCYCLIST,NOT DIVIDED,STRAIGHT AND LEVEL,DRY,UNKNOWN,Y,FAILING TO YIELD RIGHT-OF-WAY,UNABLE TO DETERMINE,Y,NO INDICATION OF INJURY,9,1,41.9101599361,-87.716808968,2024,30,POINT (-87.716808968 41.9101599361),,,,,2024-01-01,False,22,Humboldt Park
10309,25,TRAFFIC SIGNAL,FUNCTIONING PROPERLY,CLEAR,"DARKNESS, LIGHTED ROAD",PEDALCYCLIST,NOT DIVIDED,STRAIGHT AND LEVEL,DRY,UNKNOWN,,FAILING TO REDUCE SPEED TO AVOID CRASH,NOT APPLICABLE,,NONINCAPACITATING INJURY,17,1,41.9169831126,-87.7459665849,2024,25,POINT (-87.7459665849 41.9169831126),,,,,2024-01-01,False,18,Belmont Cragin
10310,30,NO CONTROLS,NO CONTROLS,CLEAR,"DARKNESS, LIGHTED ROAD",PEDALCYCLIST,FOUR WAY,STRAIGHT AND LEVEL,DRY,UNKNOWN,Y,UNABLE TO DETERMINE,NOT APPLICABLE,,NO INDICATION OF INJURY,16,1,41.8218548053,-87.6903568257,2024,30,POINT (-87.6903568257 41.8218548053),,,,,2024-01-03,False,29,South Lawndale
10311,30,TRAFFIC SIGNAL,FUNCTIONING PROPERLY,CLEAR,DARKNESS,PEDALCYCLIST,FOUR WAY,STRAIGHT AND LEVEL,DRY,NO DEFECTS,Y,FAILING TO YIELD RIGHT-OF-WAY,DISREGARDING OTHER TRAFFIC SIGNS,,"REPORTED, NOT EVIDENT",17,1,41.8907352927,-87.6843971132,2024,30,POINT (-87.6843971132 41.8907352927),,,,,2024-01-03,False,23,West Town
10312,30,STOP SIGN/FLASHER,FUNCTIONING PROPERLY,CLEAR,"DARKNESS, LIGHTED ROAD",PEDALCYCLIST,T-INTERSECTION,STRAIGHT AND LEVEL,DRY,NO DEFECTS,Y,DRIVING ON WRONG SIDE/WRONG WAY,DRIVING SKILLS/KNOWLEDGE/EXPERIENCE,N,"REPORTED, NOT EVIDENT",17,1,41.9705502181,-87.6899365076,2024,30,POINT (-87.6899365076 41.9705502181),,,,,2024-01-03,False,3,Lincoln Square
10313,30,NO CONTROLS,NO CONTROLS,CLEAR,DAYLIGHT,PEDALCYCLIST,NOT DIVIDED,STRAIGHT AND LEVEL,UNKNOWN,UNKNOWN,,UNABLE TO DETERMINE,UNABLE TO DETERMINE,,NONINCAPACITATING INJURY,14,1,41.8855652751,-87.6600495897,2024,30,POINT (-87.6600495897 41.8855652751),,,,,2024-01-04,False,27,Near West Side
10314,35,TRAFFIC SIGNAL,UNKNOWN,CLEAR,DUSK,PEDALCYCLIST,FOUR WAY,STRAIGHT AND LEVEL,DRY,NO DEFECTS,Y,DISREGARDING TRAFFIC SIGNALS,UNABLE TO DETERMINE,,"REPORTED, NOT EVIDENT",18,1,41.891682324,-87.6327307134,2024,35,POINT (-87.6327307134 41.891682324),,,,,2024-01-04,False,7,Near North Side
10315,30,NO CONTROLS,UNKNOWN,UNKNOWN,UNKNOWN,PEDALCYCLIST,FOUR WAY,STRAIGHT AND LEVEL,UNKNOWN,UNKNOWN,Y,UNABLE TO DETERMINE,NOT APPLICABLE,,NONINCAPACITATING INJURY,18,1,41.9973204238,-87.7069990839,2024,30,POINT (-87.7069990839 41.9973204238),,,,,2024-01-04,False,1,West Ridge
10316,30,NO CONTROLS,NO CONTROLS,CLEAR,DAYLIGHT,PEDALCYCLIST,T-INTERSECTION,STRAIGHT AND LEVEL,DRY,NO DEFECTS,,UNABLE TO DETERMINE,NOT APPLICABLE,,NO INDICATION OF INJURY,12,1,41.8194414263,-87.6653755449,2024,30,POINT (-87.6653755449 41.8194414263),,,,,2024-01-05,False,60,New City
10317,30,TRAFFIC SIGNAL,FUNCTIONING PROPERLY,SNOW,DAYLIGHT,PEDALCYCLIST,ONE-WAY,STRAIGHT AND LEVEL,SNOW OR SLUSH,UNKNOWN,,FAILING TO YIELD RIGHT-OF-WAY,NOT APPLICABLE,,NO INDICATION OF INJURY,9,1,41.8940853807,-87.62040431,2024,30,POINT (-87.62040431 41.8940853807),,,,,2024-01-06,False,7,Near North Side
10318,30,NO CONTROLS,FUNCTIONING PROPERLY,CLEAR,DAYLIGHT,PEDALCYCLIST,NOT DIVIDED,STRAIGHT AND LEVEL,DRY,NO DEFECTS,,IMPROPER TURNING/NO SIGNAL,IMPROPER LANE USAGE,,NONINCAPACITATING INJURY,15,1,41.8956420433,-87.6343236028,2024,30,POINT (-87.6343236028 41.8956420433),,,,,2024-01-07,False,7,Near North Side
10319,30,NO CONTROLS,NO CONTROLS,UNKNOWN,"DARKNESS, LIGHTED ROAD",PEDALCYCLIST,NOT DIVIDED,STRAIGHT AND LEVEL,UNKNOWN,NO DEFECTS,,UNABLE TO DETERMINE,UNABLE TO DETERMINE,Y,INCAPACITATING INJURY,16,1,41.9616020107,-87.6599842279,2024,30,POINT (-87.6599842279 41.9616020107),,,,,2024-01-07,True,2,Uptown
10320,30,NO CONTROLS,NO CONTROLS,CLEAR,"DARKNESS, LIGHTED ROAD",PEDALCYCLIST,DIVIDED - W/MEDIAN (NOT RAISED),STRAIGHT AND LEVEL,DRY,NO DEFECTS,,FAILING TO YIELD RIGHT-OF-WAY,UNABLE TO DETERMINE,Y,NONINCAPACITATING INJURY,19,1,41.9327055568,-87.6441630635,2024,30,POINT (-87.6441630635 41.9327055568),,,,,2024-01-07,False,5,Lake View
10321,30,NO CONTROLS,NO CONTROLS,CLOUDY/OVERCAST,DAYLIGHT,PEDALCYCLIST,DRIVEWAY,STRAIGHT AND LEVEL,UNKNOWN,UNKNOWN,,FAILING TO YIELD RIGHT-OF-WAY,DISTRACTION - FROM INSIDE VEHICLE,,"REPORTED, NOT EVIDENT",8,1,41.9457232406,-87.7471975312,2024,30,POINT (-87.7471975312 41.9457232406),,,,,2024-01-08,False,14,Portage Park
10322,30,NO CONTROLS,NO CONTROLS,CLOUDY/OVERCAST,DAYLIGHT,PEDALCYCLIST,ONE-WAY,STRAIGHT AND LEVEL,DRY,NO DEFECTS,,"VISION OBSCURED (SIGNS, TREE LIMBS, BUILDINGS, ETC.)",NOT APPLICABLE,,NO INDICATION OF INJURY,12,1,41.9532766207,-87.7154932909,2024,30,POINT (-87.7154932909 41.9532766207),,,,,2024-01-08,False,15,Irving Park
10323,30,STOP SIGN/FLASHER,FUNCTIONING PROPERLY,SNOW,"DARKNESS, LIGHTED ROAD",PEDALCYCLIST,T-INTERSECTION,STRAIGHT AND LEVEL,SNOW OR SLUSH,NO DEFECTS,Y,UNABLE TO DETERMINE,UNABLE TO DETERMINE,,NO INDICATION OF INJURY,5,1,41.7949472131,-87.6075404082,2024,30,POINT (-87.6075404082 41.7949472131),,,,,2024-01-09,False,39,Washington Park
10324,30,TRAFFIC SIGNAL,FUNCTIONING PROPERLY,RAIN,DAYLIGHT,PEDALCYCLIST,FOUR WAY,STRAIGHT AND LEVEL,WET,NO DEFECTS,Y,UNABLE TO DETERMINE,UNABLE TO DETERMINE,,NONINCAPACITATING INJURY,8,1,41.9326117977,-87.6489401766,2024,30,POINT (-87.6489401766 41.9326117977),,,,,2024-01-09,False,5,Lake View
10325,30,NO CONTROLS,NO CONTROLS,SNOW,"DARKNESS, LIGHTED ROAD",PEDALCYCLIST,DIVIDED - W/MEDIAN (NOT RAISED),STRAIGHT AND LEVEL,WET,NO DEFECTS,,UNABLE TO DETERMINE,NOT APPLICABLE,,NO INDICATION OF INJURY,15,1,41.9643875286,-87.7084924784,2024,30,POINT (-87.7084924784 41.9643875286),,,,,2024-01-09,False,13,Albany Park
10326,30,STOP SIGN/FLASHER,FUNCTIONING PROPERLY,CLEAR,DAYLIGHT,PEDALCYCLIST,FOUR WAY,STRAIGHT AND LEVEL,SNOW OR SLUSH,UNKNOWN,,DRIVING ON WRONG SIDE/WRONG WAY,NOT APPLICABLE,,"REPORTED, NOT EVIDENT",11,1,41.9452768923,-87.8217523381,2024,30,POINT (-87.8217523381 41.9452768923),,,,,2024-01-10,False,16,Dunning
10327,25,NO CONTROLS,NO CONTROLS,CLOUDY/OVERCAST,DAYLIGHT,PEDALCYCLIST,NOT DIVIDED,STRAIGHT AND LEVEL,WET,"RUT, HOLES",,UNABLE TO DETERMINE,UNABLE TO DETERMINE,,NONINCAPACITATING INJURY,14,1,41.9569246747,-87.7684103579,2024,25,POINT (-87.7684103579 41.9569246747),,,,,2024-01-10,False,14,Portage Park
10328,25,UNKNOWN,UNKNOWN,UNKNOWN,UNKNOWN,PEDALCYCLIST,FOUR WAY,STRAIGHT AND LEVEL,UNKNOWN,UNKNOWN,Y,UNABLE TO DETERMINE,UNABLE TO DETERMINE,,NO INDICATION OF INJURY,8,1,41.8918455097,-87.6488178364,2024,25,POINT (-87.6488178364 41.8918455097),,,,,2024-01-11,False,7,Near North Side
10329,30,TRAFFIC SIGNAL,FUNCTIONING PROPERLY,CLEAR,DAYLIGHT,PEDALCYCLIST,NOT DIVIDED,STRAIGHT AND LEVEL,DRY,NO DEFECTS,,IMPROPER OVERTAKING/PASSING,IMPROPER LANE USAGE,,NONINCAPACITATING INJURY,13,1,41.9124133927,-87.6874214944,2024,30,POINT (-87.6874214944 41.9124133927),,,,,2024-01-11,False,23,West Town
10330,30,NO CONTROLS,NO CONTROLS,CLEAR,"DARKNESS, LIGHTED ROAD",PEDALCYCLIST,DIVIDED - W/MEDIAN (NOT RAISED),STRAIGHT AND LEVEL,WET,NO DEFECTS,,FOLLOWING TOO CLOSELY,UNABLE TO DETERMINE,,INCAPACITATING INJURY,3,1,41.7232178597,-87.5849969229,2024,30,POINT (-87.5849969229 41.7232178597),,,,,2024-01-12,True,45,South Chicago
10331,30,TRAFFIC SIGNAL,FUNCTIONING PROPERLY,FREEZING RAIN/DRIZZLE,"DARKNESS, LIGHTED ROAD",PEDALCYCLIST,FOUR WAY,STRAIGHT AND LEVEL,SNOW OR SLUSH,NO DEFECTS,Y,IMPROPER TURNING/NO SIGNAL,IMPROPER TURNING/NO SIGNAL,,NO INDICATION OF INJURY,21,1,41.8891405887,-87.6281817397,2024,30,POINT (-87.6281817397 41.8891405887),,,,,2024-01-12,False,7,Near North Side
10332,30,NO CONTROLS,FUNCTIONING PROPERLY,SNOW,DAYLIGHT,PEDALCYCLIST,DIVIDED - W/MEDIAN (NOT RAISED),STRAIGHT AND LEVEL,WET,NO DEFECTS,,DRIVING SKILLS/KNOWLEDGE/EXPERIENCE,WEATHER,,NONINCAPACITATING INJURY,9,1,41.9971490774,-87.7287631015,2024,30,POINT (-87.7287631015 41.9971490774),,,,,2024-01-18,False,11,Forest Glen
10333,25,NO CONTROLS,NO CONTROLS,CLEAR,DUSK,PEDALCYCLIST,NOT DIVIDED,STRAIGHT AND LEVEL,DRY,NO DEFECTS,,NOT APPLICABLE,NOT APPLICABLE,,NO INDICATION OF INJURY,17,1,41.9269010044,-87.6411114794,2024,25,POINT (-87.6411114794 41.9269010044),,,,,2024-01-20,False,6,Lincoln Park
10334,30,NO CONTROLS,NO CONTROLS,UNKNOWN,UNKNOWN,PEDALCYCLIST,NOT DIVIDED,STRAIGHT AND LEVEL,UNKNOWN,UNKNOWN,,FAILING TO YIELD RIGHT-OF-WAY,NOT APPLICABLE,Y,NONINCAPACITATING INJURY,13,1,41.9685532241,-87.7091262747,2024,30,POINT (-87.7091262747 41.9685532241),,,,,2024-01-24,False,13,Albany Park
10335,30,STOP SIGN/FLASHER,NO CONTROLS,RAIN,"DARKNESS, LIGHTED ROAD",PEDALCYCLIST,FOUR WAY,STRAIGHT AND LEVEL,WET,UNKNOWN,Y,WEATHER,WEATHER,,INCAPACITATING INJURY,19,1,41.7569062849,-87.5798314525,2024,30,POINT (-87.5798314525 41.7569062849),,,,,2024-01-25,True,42,South Shore
10336,30,STOP SIGN/FLASHER,FUNCTIONING PROPERLY,RAIN,"DARKNESS, LIGHTED ROAD",PEDALCYCLIST,ONE-WAY,STRAIGHT AND LEVEL,WET,UNKNOWN,Y,FAILING TO YIELD RIGHT-OF-WAY,FAILING TO YIELD RIGHT-OF-WAY,,NO INDICATION OF INJURY,19,1,41.9906295125,-87.6883775454,2024,30,POINT (-87.6883775454 41.9906295125),,,,,2024-01-25,False,1,West Ridge
10337,30,TRAFFIC SIGNAL,FUNCTIONING PROPERLY,RAIN,"DARKNESS, LIGHTED ROAD",PEDALCYCLIST,NOT DIVIDED,STRAIGHT AND LEVEL,WET,NO DEFECTS,Y,IMPROPER TURNING/NO SIGNAL,IMPROPER TURNING/NO SIGNAL,,NONINCAPACITATING INJURY,21,1,41.7796534715,-87.6593043329,2024,30,POINT (-87.6593043329 41.7796534715),,,,,2024-01-25,False,66,Englewood
10338,30,TRAFFIC SIGNAL,FUNCTIONING PROPERLY,CLEAR,"DARKNESS, LIGHTED ROAD",PEDALCYCLIST,FOUR WAY,STRAIGHT AND LEVEL,WET,NO DEFECTS,Y,UNABLE TO DETERMINE,UNABLE TO DETERMINE,,INCAPACITATING INJURY,5,1,41.8448203764,-87.6855931141,2024,30,POINT (-87.6855931141 41.8448203764),,,,,2024-01-26,True,30,Lower West Side
10339,15,NO CONTROLS,NO CONTROLS,FOG/SMOKE/HAZE,DAYLIGHT,PEDALCYCLIST,ALLEY,STRAIGHT AND LEVEL,WET,NO DEFECTS,,WEATHER,NOT APPLICABLE,,"REPORTED, NOT EVIDENT",8,1,41.9085949758,-87.6877895892,2024,15,POINT (-87.6877895892 41.9085949758),,,,,2024-01-26,False,23,West Town
10340,30,UNKNOWN,UNKNOWN,UNKNOWN,UNKNOWN,PEDALCYCLIST,NOT DIVIDED,STRAIGHT AND LEVEL,UNKNOWN,UNKNOWN,Y,UNABLE TO DETERMINE,UNABLE TO DETERMINE,,NO INDICATION OF INJURY,15,1,41.9906773114,-87.6707217846,2024,30,POINT (-87.6707217846 41.9906773114),,,,,2024-01-26,False,76,Edgewater
10341,30,TRAFFIC SIGNAL,FUNCTIONING PROPERLY,RAIN,"DARKNESS, LIGHTED ROAD",PEDALCYCLIST,Y-INTERSECTION,STRAIGHT AND LEVEL,WET,UNKNOWN,Y,UNABLE TO DETERMINE,NOT APPLICABLE,,NONINCAPACITATING INJURY,17,1,41.8579898922,-87.6610720101,2024,30,POINT (-87.6610720101 41.8579898922),,,,,2024-01-26,False,27,Near West Side
10342,30,NO CONTROLS,NO CONTROLS,RAIN,"DARKNESS, LIGHTED ROAD",PEDALCYCLIST,NOT DIVIDED,STRAIGHT AND LEVEL,WET,NO DEFECTS,,IMPROPER LANE USAGE,NOT APPLICABLE,,NONINCAPACITATING INJURY,18,1,41.9126581471,-87.6776602876,2024,30,POINT (-87.6776602876 41.9126581471),,,,,2024-01-26,False,6,Lincoln Park
10343,30,TRAFFIC SIGNAL,FUNCTIONING PROPERLY,CLEAR,DAYLIGHT,PEDALCYCLIST,DIVIDED - W/MEDIAN (NOT RAISED),STRAIGHT AND LEVEL,WET,NO DEFECTS,,UNABLE TO DETERMINE,UNABLE TO DETERMINE,,INCAPACITATING INJURY,11,1,41.9658595462,-87.736650415,2024,30,POINT (-87.736650415 41.9658595462),,,,,2024-01-28,True,13,Albany Park
10344,30,TRAFFIC SIGNAL,FUNCTIONING PROPERLY,RAIN,"DARKNESS, LIGHTED ROAD",PEDALCYCLIST,NOT DIVIDED,STRAIGHT AND LEVEL,WET,NO DEFECTS,Y,FOLLOWING TOO CLOSELY,DRIVING SKILLS/KNOWLEDGE/EXPERIENCE,,NO INDICATION OF INJURY,12,1,41.91358779,-87.6822028354,2024,30,POINT (-87.6822028354 41.91358779),,,,,2024-01-28,False,6,Lincoln Park
10345,30,NO CONTROLS,NO CONTROLS,CLEAR,"DARKNESS, LIGHTED ROAD",PEDALCYCLIST,NOT DIVIDED,STRAIGHT AND LEVEL,DRY,NO DEFECTS,,FAILING TO YIELD RIGHT-OF-WAY,DRIVING SKILLS/KNOWLEDGE/EXPERIENCE,,NO INDICATION OF INJURY,17,1,41.9089214003,-87.6775677955,2024,30,POINT (-87.6775677955 41.9089214003),,,,,2024-01-29,False,23,West Town
10346,30,STOP SIGN/FLASHER,FUNCTIONING PROPERLY,CLEAR,DARKNESS,PEDALCYCLIST,FOUR WAY,STRAIGHT AND LEVEL,DRY,NO DEFECTS,Y,FAILING TO YIELD RIGHT-OF-WAY,FAILING TO YIELD RIGHT-OF-WAY,,"REPORTED, NOT EVIDENT",18,1,41.9235689927,-87.785379196,2024,30,POINT (-87.785379196 41.9235689927),,,,,2024-01-29,False,18,Belmont Cragin
10347,30,NO CONTROLS,NO CONTROLS,CLEAR,DAYLIGHT,PEDALCYCLIST,DIVIDED - W/MEDIAN (NOT RAISED),STRAIGHT AND LEVEL,WET,NO DEFECTS,,UNABLE TO DETERMINE,UNABLE TO DETERMINE,,NO INDICATION OF INJURY,7,1,41.9683897212,-87.7245257258,2024,30,POINT (-87.7245257258 41.9683897212),,,,,2024-01-30,False,13,Albany Park
10348,25,STOP SIGN/FLASHER,FUNCTIONING PROPERLY,CLEAR,DAYLIGHT,PEDALCYCLIST,NOT DIVIDED,STRAIGHT AND LEVEL,WET,NO DEFECTS,Y,DISREGARDING STOP SIGN,FAILING TO YIELD RIGHT-OF-WAY,,"REPORTED, NOT EVIDENT",11,1,41.9353157609,-87.6538029394,2024,25,POINT (-87.6538029394 41.9353157609),,,,,2024-01-30,False,5,Lake View
10349,30,NO CONTROLS,NO CONTROLS,CLEAR,DAYLIGHT,PEDALCYCLIST,PARKING LOT,STRAIGHT AND LEVEL,DRY,NO DEFECTS,,UNABLE TO DETERMINE,UNABLE TO DETERMINE,,NO INDICATION OF INJURY,12,1,42.0040270458,-87.6898985345,2024,30,POINT (-87.6898985345 42.0040270458),,,,,2024-01-30,False,1,West Ridge
10350,30,TRAFFIC SIGNAL,FUNCTIONING PROPERLY,CLEAR,"DARKNESS, LIGHTED ROAD",PEDALCYCLIST,FOUR WAY,STRAIGHT AND LEVEL,DRY,NO DEFECTS,Y,UNABLE TO DETERMINE,NOT APPLICABLE,Y,NO INDICATION OF INJURY,17,1,41.8845853706,-87.6207921526,2024,30,POINT (-87.6207921526 41.8845853706),,,,,2024-01-30,False,31,Loop
10351,30,TRAFFIC SIGNAL,FUNCTIONING PROPERLY,CLEAR,"DARKNESS, LIGHTED ROAD",PEDALCYCLIST,DIVIDED - W/MEDIAN (NOT RAISED),STRAIGHT AND LEVEL,DRY,NO DEFECTS,,FAILING TO YIELD RIGHT-OF-WAY,NOT APPLICABLE,,NONINCAPACITATING INJURY,18,1,41.9172624306,-87.7166244293,2024,30,POINT (-87.7166244293 41.9172624306),,,,,2024-01-30,False,21,Logan Square
10352,30,TRAFFIC SIGNAL,FUNCTIONING PROPERLY,CLEAR,DAYLIGHT,PEDALCYCLIST,NOT DIVIDED,STRAIGHT AND LEVEL,DRY,NO DEFECTS,,UNABLE TO DETERMINE,NOT APPLICABLE,,NO INDICATION OF INJURY,12,1,41.9172750694,-87.7266227464,2024,30,POINT (-87.7266227464 41.9172750694),,,,,2024-01-31,False,19,Hermosa
10353,10,NO CONTROLS,NO CONTROLS,CLEAR,DAYLIGHT,PEDALCYCLIST,ALLEY,STRAIGHT AND LEVEL,DRY,NO DEFECTS,,UNABLE TO DETERMINE,"VISION OBSCURED (SIGNS, TREE LIMBS, BUILDINGS, ETC.)",,NO INDICATION OF INJURY,15,1,41.8994040163,-87.6949454323,2024,10,POINT (-87.6949454323 41.8994040163),,,,,2024-01-31,False,22,Humboldt Park