Unnamed: 0,POSTED_SPEED_LIMIT,TRAFFIC_CONTROL_DEVICE,DEVICE_CONDITION,WEATHER_CONDITION,LIGHTING_CONDITION,FIRST_CRASH_TYPE,TRAFFICWAY_TYPE,ALIGNMENT,ROADWAY_SURFACE_COND,ROAD_DEFECT,INTERSECTION_RELATED_I,PRIM_CONTRIBUTORY_CAUSE,SEC_CONTRIBUTORY_CAUSE,DOORING_I,MOST_SEVERE_INJURY,CRASH_HOUR,CRASH_MONTH,LATITUDE,LONGITUDE,CRASH_YEAR,SPEED_LIMIT,geometry,DISPLAYROU,the_geom,DIST,LANE_TYPE,CRASH_DATE,is_severe,index_right,CArea
10354,20,STOP SIGN/FLASHER,FUNCTIONING PROPERLY,CLEAR,"DARKNESS, LIGHTED ROAD",PEDALCYCLIST,NOT DIVIDED,STRAIGHT AND LEVEL,DRY,NO DEFECTS,,UNABLE TO DETERMINE,UNABLE TO DETERMINE,,NO INDICATION OF INJURY,17,1,41.973204147,-87.6794650501,2024,20,POINT (-87.6794650501 41.973204147),,,,,2024-01-31,False,3,Lincoln Square
10355,30,TRAFFIC SIGNAL,FUNCTIONING PROPERLY,CLEAR,"DARKNESS, LIGHTED ROAD",PEDALCYCLIST,NOT DIVIDED,STRAIGHT AND LEVEL,DRY,NO DEFECTS,Y,UNABLE TO DETERMINE,UNABLE TO DETERMINE,,NO INDICATION OF INJURY,18,1,41.8767016922,-87.6473500516,2024,30,POINT (-87.6473500516 41.8767016922),,,,,2024-01-31,False,27,Near West Side
10356,30,NO CONTROLS,NO CONTROLS,CLEAR,"DARKNESS, LIGHTED ROAD",PEDALCYCLIST,NOT DIVIDED,STRAIGHT AND LEVEL,DRY,NO DEFECTS,,FAILING TO YIELD RIGHT-OF-WAY,NOT APPLICABLE,,NO INDICATION OF INJURY,18,1,41.935725468,-87.6629310039,2024,30,POINT (-87.6629310039 41.935725468),,,,,2024-01-31,False,5,Lake View
10357,30,STOP SIGN/FLASHER,FUNCTIONING PROPERLY,CLEAR,DAYLIGHT,PEDALCYCLIST,OTHER,STRAIGHT AND LEVEL,DRY,NO DEFECTS,Y,UNABLE TO DETERMINE,UNABLE TO DETERMINE,,"REPORTED, NOT EVIDENT",8,2,41.9181955063,-87.6548068343,2024,30,POINT (-87.6548068343 41.9181955063),,,,,2024-02-01,False,6,Lincoln Park
10358,30,STOP SIGN/FLASHER,FUNCTIONING PROPERLY,CLEAR,DAYLIGHT,PEDALCYCLIST,FOUR WAY,STRAIGHT AND LEVEL,DRY,NO DEFECTS,Y,"VISION OBSCURED (SIGNS, TREE LIMBS, BUILDINGS, ETC.)",FAILING TO YIELD RIGHT-OF-WAY,,NO INDICATION OF INJURY,8,2,41.8866637508,-87.6766667328,2024,30,POINT (-87.6766667328 41.8866637508),,,,,2024-02-01,False,27,Near West Side
10359,25,NO CONTROLS,NO CONTROLS,CLEAR,DAYLIGHT,PEDALCYCLIST,DRIVEWAY,STRAIGHT AND LEVEL,DRY,NO DEFECTS,,FAILING TO YIELD RIGHT-OF-WAY,UNABLE TO DETERMINE,,"REPORTED, NOT EVIDENT",13,2,41.997315437,-87.6603356606,2024,25,POINT (-87.6603356606 41.997315437),,,,,2024-02-01,False,76,Edgewater
10360,35,NO CONTROLS,NO CONTROLS,CLEAR,"DARKNESS, LIGHTED ROAD",PEDALCYCLIST,NOT DIVIDED,STRAIGHT AND LEVEL,UNKNOWN,UNKNOWN,,NOT APPLICABLE,NOT APPLICABLE,,INCAPACITATING INJURY,19,2,41.9885365428,-87.6600725608,2024,35,POINT (-87.6600725608 41.9885365428),,,,,2024-02-01,True,76,Edgewater
10361,30,UNKNOWN,UNKNOWN,UNKNOWN,UNKNOWN,PEDALCYCLIST,NOT DIVIDED,STRAIGHT AND LEVEL,UNKNOWN,UNKNOWN,,UNABLE TO DETERMINE,UNABLE TO DETERMINE,,NO INDICATION OF INJURY,20,2,41.9263521501,-87.6489397734,2024,30,POINT (-87.6489397734 41.9263521501),,,,,2024-02-02,False,6,Lincoln Park
10362,30,NO CONTROLS,NO CONTROLS,UNKNOWN,UNKNOWN,PEDALCYCLIST,NOT DIVIDED,STRAIGHT AND LEVEL,UNKNOWN,UNKNOWN,,UNABLE TO DETERMINE,UNABLE TO DETERMINE,Y,NO INDICATION OF INJURY,0,2,41.8812414568,-87.674282534,2024,30,POINT (-87.674282534 41.8812414568),,,,,2024-02-03,False,27,Near West Side
10363,30,NO CONTROLS,NO CONTROLS,CLEAR,DAYLIGHT,PEDALCYCLIST,OTHER,STRAIGHT AND LEVEL,DRY,UNKNOWN,,UNABLE TO DETERMINE,UNABLE TO DETERMINE,,"REPORTED, NOT EVIDENT",9,2,41.9236732565,-87.7996266459,2024,30,POINT (-87.7996266459 41.9236732565),,,,,2024-02-03,False,17,Montclare
10364,30,UNKNOWN,UNKNOWN,CLEAR,DAYLIGHT,PEDALCYCLIST,NOT DIVIDED,STRAIGHT AND LEVEL,DRY,UNKNOWN,,IMPROPER LANE USAGE,NOT APPLICABLE,Y,"REPORTED, NOT EVIDENT",15,2,41.9098171404,-87.6763640158,2024,30,POINT (-87.6763640158 41.9098171404),,,,,2024-02-03,False,23,West Town
10365,30,UNKNOWN,UNKNOWN,CLEAR,"DARKNESS, LIGHTED ROAD",PEDALCYCLIST,NOT DIVIDED,STRAIGHT AND LEVEL,DRY,UNKNOWN,,UNABLE TO DETERMINE,NOT APPLICABLE,,"REPORTED, NOT EVIDENT",17,2,41.9467192597,-87.7079719507,2024,30,POINT (-87.7079719507 41.9467192597),,,,,2024-02-03,False,15,Irving Park
10366,30,STOP SIGN/FLASHER,NO CONTROLS,CLEAR,DARKNESS,PEDALCYCLIST,NOT DIVIDED,STRAIGHT AND LEVEL,DRY,NO DEFECTS,,FAILING TO YIELD RIGHT-OF-WAY,NOT APPLICABLE,,NO INDICATION OF INJURY,19,2,41.8964236103,-87.6385475975,2024,30,POINT (-87.6385475975 41.8964236103),,,,,2024-02-03,False,7,Near North Side
10367,30,TRAFFIC SIGNAL,FUNCTIONING PROPERLY,CLEAR,DAYLIGHT,PEDALCYCLIST,NOT DIVIDED,STRAIGHT AND LEVEL,DRY,NO DEFECTS,Y,DRIVING ON WRONG SIDE/WRONG WAY,NOT APPLICABLE,,NONINCAPACITATING INJURY,11,2,41.8767380146,-87.6337624608,2024,30,POINT (-87.6337624608 41.8767380146),,,,,2024-02-04,False,31,Loop
10368,30,STOP SIGN/FLASHER,FUNCTIONING PROPERLY,CLEAR,DAYLIGHT,PEDALCYCLIST,Y-INTERSECTION,STRAIGHT AND LEVEL,DRY,UNKNOWN,N,FAILING TO YIELD RIGHT-OF-WAY,DISREGARDING STOP SIGN,,NONINCAPACITATING INJURY,16,2,41.9339712321,-87.6805644505,2024,30,POINT (-87.6805644505 41.9339712321),,,,,2024-02-04,False,4,North Center
10369,30,TRAFFIC SIGNAL,UNKNOWN,CLEAR,DAYLIGHT,PEDALCYCLIST,FOUR WAY,STRAIGHT AND LEVEL,DRY,UNKNOWN,,"VISION OBSCURED (SIGNS, TREE LIMBS, BUILDINGS, ETC.)",NOT APPLICABLE,N,NO INDICATION OF INJURY,14,2,41.895228577,-87.7360927298,2024,30,POINT (-87.7360927298 41.895228577),,,,,2024-02-05,False,22,Humboldt Park
10370,30,TRAFFIC SIGNAL,FUNCTIONING PROPERLY,CLEAR,"DARKNESS, LIGHTED ROAD",PEDALCYCLIST,DIVIDED - W/MEDIAN (NOT RAISED),STRAIGHT AND LEVEL,DRY,NO DEFECTS,Y,FAILING TO YIELD RIGHT-OF-WAY,UNABLE TO DETERMINE,,NO INDICATION OF INJURY,22,2,41.9036983077,-87.6482453506,2024,30,POINT (-87.6482453506 41.9036983077),,,,,2024-02-05,False,7,Near North Side
10371,30,NO CONTROLS,NO CONTROLS,CLEAR,DAYLIGHT,PEDALCYCLIST,NOT DIVIDED,STRAIGHT AND LEVEL,DRY,NO DEFECTS,,UNABLE TO DETERMINE,NOT APPLICABLE,,NO INDICATION OF INJURY,7,2,41.8975100919,-87.6576021228,2024,30,POINT (-87.6576021228 41.8975100919),,,,,2024-02-06,False,7,Near North Side
10372,30,TRAFFIC SIGNAL,FUNCTIONING PROPERLY,CLEAR,DAYLIGHT,PEDALCYCLIST,FOUR WAY,STRAIGHT AND LEVEL,DRY,NO DEFECTS,Y,UNABLE TO DETERMINE,UNABLE TO DETERMINE,,NO INDICATION OF INJURY,12,2,41.884818904,-87.6325769625,2024,30,POINT (-87.6325769625 41.884818904),,,,,2024-02-06,False,31,Loop
10373,35,UNKNOWN,UNKNOWN,CLEAR,DAYLIGHT,PEDALCYCLIST,OTHER,STRAIGHT AND LEVEL,DRY,UNKNOWN,,FAILING TO YIELD RIGHT-OF-WAY,NOT APPLICABLE,,"REPORTED, NOT EVIDENT",16,2,41.8120121572,-87.7073986953,2024,35,POINT (-87.7073986953 41.8120121572),,,,,2024-02-06,False,57,Brighton Park
10374,25,NO CONTROLS,NO CONTROLS,CLEAR,DAYLIGHT,PEDALCYCLIST,FOUR WAY,STRAIGHT AND LEVEL,DRY,NO DEFECTS,,UNABLE TO DETERMINE,NOT APPLICABLE,,NONINCAPACITATING INJURY,8,2,41.8661004618,-87.6565108733,2024,25,POINT (-87.6565108733 41.8661004618),,,,,2024-02-07,False,27,Near West Side
10375,25,NO CONTROLS,NO CONTROLS,UNKNOWN,"DARKNESS, LIGHTED ROAD",PEDALCYCLIST,DIVIDED - W/MEDIAN (NOT RAISED),STRAIGHT AND LEVEL,UNKNOWN,UNKNOWN,,UNABLE TO DETERMINE,NOT APPLICABLE,,NONINCAPACITATING INJURY,18,2,42.0108480237,-87.6741954421,2024,25,POINT (-87.6741954421 42.0108480237),,,,,2024-02-07,False,0,Rogers Park
10376,30,STOP SIGN/FLASHER,NO CONTROLS,UNKNOWN,DAYLIGHT,PEDALCYCLIST,NOT DIVIDED,STRAIGHT AND LEVEL,UNKNOWN,UNKNOWN,,UNABLE TO DETERMINE,UNABLE TO DETERMINE,Y,NONINCAPACITATING INJURY,13,2,41.8742429872,-87.6334765303,2024,30,POINT (-87.6334765303 41.8742429872),,,,,2024-02-08,False,31,Loop
10377,30,NO CONTROLS,NO CONTROLS,CLEAR,DAWN,PEDALCYCLIST,NOT DIVIDED,STRAIGHT AND LEVEL,DRY,NO DEFECTS,,UNABLE TO DETERMINE,NOT APPLICABLE,,NONINCAPACITATING INJURY,17,2,41.9203548859,-87.6704625437,2024,30,POINT (-87.6704625437 41.9203548859),,,,,2024-02-08,False,6,Lincoln Park
10378,30,STOP SIGN/FLASHER,FUNCTIONING PROPERLY,CLEAR,DAYLIGHT,PEDALCYCLIST,NOT DIVIDED,STRAIGHT AND LEVEL,DRY,NO DEFECTS,Y,NOT APPLICABLE,NOT APPLICABLE,,NO INDICATION OF INJURY,8,2,41.8998151912,-87.6721409316,2024,30,POINT (-87.6721409316 41.8998151912),,,,,2024-02-09,False,23,West Town
10379,25,TRAFFIC SIGNAL,FUNCTIONING PROPERLY,CLEAR,DAYLIGHT,PEDALCYCLIST,NOT DIVIDED,STRAIGHT AND LEVEL,DRY,UNKNOWN,,"VISION OBSCURED (SIGNS, TREE LIMBS, BUILDINGS, ETC.)",NOT APPLICABLE,,NONINCAPACITATING INJURY,13,2,41.8995123814,-87.6854486649,2024,25,POINT (-87.6854486649 41.8995123814),,,,,2024-02-09,False,23,West Town
10380,30,NO CONTROLS,NO CONTROLS,CLEAR,DAYLIGHT,PEDALCYCLIST,DIVIDED - W/MEDIAN (NOT RAISED),STRAIGHT AND LEVEL,DRY,NO DEFECTS,,IMPROPER OVERTAKING/PASSING,DRIVING SKILLS/KNOWLEDGE/EXPERIENCE,,INCAPACITATING INJURY,10,2,41.9045692873,-87.7265083748,2024,30,POINT (-87.7265083748 41.9045692873),,,,,2024-02-10,True,22,Humboldt Park
10381,30,NO CONTROLS,NO CONTROLS,CLEAR,DAYLIGHT,PEDALCYCLIST,ONE-WAY,STRAIGHT AND LEVEL,DRY,NO DEFECTS,,IMPROPER LANE USAGE,NOT APPLICABLE,,NONINCAPACITATING INJURY,11,2,41.8934245461,-87.6255695664,2024,30,POINT (-87.6255695664 41.8934245461),,,,,2024-02-10,False,7,Near North Side
10382,30,NO CONTROLS,NO CONTROLS,CLEAR,DAYLIGHT,PEDALCYCLIST,OTHER,STRAIGHT AND LEVEL,DRY,NO DEFECTS,,FAILING TO YIELD RIGHT-OF-WAY,IMPROPER OVERTAKING/PASSING,,NO INDICATION OF INJURY,16,2,41.9235496884,-87.7461338753,2024,30,POINT (-87.7461338753 41.9235496884),,,,,2024-02-11,False,18,Belmont Cragin
10383,35,STOP SIGN/FLASHER,NO CONTROLS,CLEAR,DAWN,PEDALCYCLIST,UNKNOWN INTERSECTION TYPE,STRAIGHT AND LEVEL,DRY,UNKNOWN,Y,UNABLE TO DETERMINE,NOT APPLICABLE,,NONINCAPACITATING INJURY,17,2,41.8985105389,-87.682169355,2024,35,POINT (-87.682169355 41.8985105389),,,,,2024-02-11,False,23,West Town
10384,30,NO CONTROLS,NO CONTROLS,CLEAR,DAYLIGHT,PEDALCYCLIST,OTHER,STRAIGHT AND LEVEL,DRY,NO DEFECTS,,UNABLE TO DETERMINE,UNABLE TO DETERMINE,,NO INDICATION OF INJURY,15,2,41.8832420942,-87.634006821,2024,30,POINT (-87.634006821 41.8832420942),,,,,2024-02-12,False,31,Loop
10385,30,TRAFFIC SIGNAL,FUNCTIONING PROPERLY,CLEAR,"DARKNESS, LIGHTED ROAD",PEDALCYCLIST,DIVIDED - W/MEDIAN (NOT RAISED),STRAIGHT AND LEVEL,DRY,NO DEFECTS,,IMPROPER TURNING/NO SIGNAL,NOT APPLICABLE,,NONINCAPACITATING INJURY,18,2,41.9456022843,-87.6460475675,2024,30,POINT (-87.6460475675 41.9456022843),,,,,2024-02-12,False,5,Lake View
10386,30,NO CONTROLS,NO CONTROLS,CLEAR,"DARKNESS, LIGHTED ROAD",PEDALCYCLIST,DIVIDED - W/MEDIAN (NOT RAISED),STRAIGHT AND LEVEL,DRY,NO DEFECTS,N,FAILING TO REDUCE SPEED TO AVOID CRASH,NOT APPLICABLE,,"REPORTED, NOT EVIDENT",18,2,41.895733428,-87.6544060951,2024,30,POINT (-87.6544060951 41.895733428),,,,,2024-02-12,False,7,Near North Side
10387,30,TRAFFIC SIGNAL,FUNCTIONING PROPERLY,CLEAR,DAYLIGHT,PEDALCYCLIST,NOT DIVIDED,STRAIGHT AND LEVEL,DRY,NO DEFECTS,N,BICYCLE ADVANCING LEGALLY ON RED LIGHT,NOT APPLICABLE,,NO INDICATION OF INJURY,12,2,41.800531295,-87.7232259176,2024,30,POINT (-87.7232259176 41.800531295),,,,,2024-02-13,False,56,Archer Heights
10388,30,TRAFFIC SIGNAL,FUNCTIONING IMPROPERLY,CLEAR,DAYLIGHT,PEDALCYCLIST,FOUR WAY,STRAIGHT AND LEVEL,DRY,NO DEFECTS,Y,FAILING TO YIELD RIGHT-OF-WAY,FAILING TO YIELD RIGHT-OF-WAY,,NONINCAPACITATING INJURY,8,2,41.8066890453,-87.6650650029,2024,30,POINT (-87.6650650029 41.8066890453),,,,,2024-02-14,False,60,New City
10389,30,TRAFFIC SIGNAL,FUNCTIONING PROPERLY,CLEAR,DAYLIGHT,PEDALCYCLIST,T-INTERSECTION,STRAIGHT AND LEVEL,DRY,NO DEFECTS,Y,"VISION OBSCURED (SIGNS, TREE LIMBS, BUILDINGS, ETC.)",NOT APPLICABLE,,NONINCAPACITATING INJURY,11,2,41.8797858891,-87.7619533537,2024,30,POINT (-87.7619533537 41.8797858891),,,,,2024-02-14,False,24,Austin
10390,30,UNKNOWN,UNKNOWN,UNKNOWN,UNKNOWN,PEDALCYCLIST,UNKNOWN,STRAIGHT AND LEVEL,UNKNOWN,UNKNOWN,,UNABLE TO DETERMINE,UNABLE TO DETERMINE,,NO INDICATION OF INJURY,15,2,41.8819951976,-87.6276472452,2024,30,POINT (-87.6276472452 41.8819951976),,,,,2024-02-14,False,31,Loop
10391,25,NO CONTROLS,NO CONTROLS,CLEAR,DARKNESS,PEDALCYCLIST,T-INTERSECTION,STRAIGHT AND LEVEL,DRY,NO DEFECTS,,UNABLE TO DETERMINE,UNABLE TO DETERMINE,,NO INDICATION OF INJURY,23,2,41.8425062918,-87.6952970587,2024,25,POINT (-87.6952970587 41.8425062918),,,,,2024-02-14,False,29,South Lawndale
10392,30,NO CONTROLS,NO CONTROLS,CLEAR,"DARKNESS, LIGHTED ROAD",PEDALCYCLIST,NOT DIVIDED,STRAIGHT AND LEVEL,DRY,NO DEFECTS,,UNABLE TO DETERMINE,NOT APPLICABLE,,NONINCAPACITATING INJURY,23,2,41.751164224,-87.6028998076,2024,30,POINT (-87.6028998076 41.751164224),,,,,2024-02-15,False,43,Chatham
10393,30,NO CONTROLS,UNKNOWN,CLEAR,"DARKNESS, LIGHTED ROAD",PEDALCYCLIST,NOT DIVIDED,STRAIGHT AND LEVEL,DRY,UNKNOWN,,UNABLE TO DETERMINE,UNABLE TO DETERMINE,,NONINCAPACITATING INJURY,18,2,41.9562916004,-87.6800880801,2024,30,POINT (-87.6800880801 41.9562916004),,,,,2024-02-16,False,4,North Center
10394,30,TRAFFIC SIGNAL,FUNCTIONING PROPERLY,CLEAR,"DARKNESS, LIGHTED ROAD",PEDALCYCLIST,NOT DIVIDED,STRAIGHT AND LEVEL,DRY,NO DEFECTS,Y,DISREGARDING TRAFFIC SIGNALS,DISREGARDING TRAFFIC SIGNALS,,NONINCAPACITATING INJURY,21,2,41.8069227381,-87.7161906744,2024,30,POINT (-87.7161906744 41.8069227381),,,,,2024-02-16,False,56,Archer Heights
10395,30,NO CONTROLS,NO CONTROLS,CLEAR,DAYLIGHT,PEDALCYCLIST,NOT DIVIDED,STRAIGHT AND LEVEL,DRY,UNKNOWN,,UNABLE TO DETERMINE,UNABLE TO DETERMINE,Y,NO INDICATION OF INJURY,15,2,41.9734123927,-87.6918174637,2024,30,POINT (-87.6918174637 41.9734123927),,,,,2024-02-17,False,3,Lincoln Square
10396,30,TRAFFIC SIGNAL,FUNCTIONING PROPERLY,CLEAR,DAYLIGHT,PEDALCYCLIST,DIVIDED - W/MEDIAN (NOT RAISED),STRAIGHT AND LEVEL,DRY,UNKNOWN,,FAILING TO YIELD RIGHT-OF-WAY,UNABLE TO DETERMINE,,NONINCAPACITATING INJURY,16,2,41.8542351539,-87.6317112259,2024,30,POINT (-87.6317112259 41.8542351539),,,,,2024-02-18,False,32,Near South Side
10397,30,STOP SIGN/FLASHER,FUNCTIONING PROPERLY,CLEAR,DUSK,PEDALCYCLIST,NOT DIVIDED,STRAIGHT AND LEVEL,DRY,NO DEFECTS,Y,FAILING TO YIELD RIGHT-OF-WAY,FAILING TO REDUCE SPEED TO AVOID CRASH,,"REPORTED, NOT EVIDENT",17,2,41.8138191579,-87.6956621814,2024,30,POINT (-87.6956621814 41.8138191579),,,,,2024-02-18,False,57,Brighton Park
10398,30,TRAFFIC SIGNAL,FUNCTIONING PROPERLY,CLEAR,"DARKNESS, LIGHTED ROAD",PEDALCYCLIST,FOUR WAY,STRAIGHT AND LEVEL,DRY,NO DEFECTS,Y,DISREGARDING OTHER TRAFFIC SIGNS,FOLLOWING TOO CLOSELY,,"REPORTED, NOT EVIDENT",19,2,41.8540345213,-87.6760425249,2024,30,POINT (-87.6760425249 41.8540345213),,,,,2024-02-18,False,30,Lower West Side
10399,30,TRAFFIC SIGNAL,FUNCTIONING PROPERLY,CLEAR,"DARKNESS, LIGHTED ROAD",PEDALCYCLIST,NOT DIVIDED,STRAIGHT AND LEVEL,DRY,NO DEFECTS,Y,UNABLE TO DETERMINE,UNABLE TO DETERMINE,,NONINCAPACITATING INJURY,5,2,41.9005002729,-87.6344989575,2024,30,POINT (-87.6344989575 41.9005002729),,,,,2024-02-19,False,7,Near North Side
10400,30,NO CONTROLS,NO CONTROLS,UNKNOWN,"DARKNESS, LIGHTED ROAD",PEDALCYCLIST,ONE-WAY,STRAIGHT AND LEVEL,UNKNOWN,NO DEFECTS,,FAILING TO YIELD RIGHT-OF-WAY,NOT APPLICABLE,,NONINCAPACITATING INJURY,18,2,41.9077531622,-87.7339634583,2024,30,POINT (-87.7339634583 41.9077531622),,,,,2024-02-19,False,22,Humboldt Park
10401,25,NO CONTROLS,NO CONTROLS,CLEAR,"DARKNESS, LIGHTED ROAD",PEDALCYCLIST,ONE-WAY,STRAIGHT AND LEVEL,UNKNOWN,UNKNOWN,,UNABLE TO DETERMINE,UNABLE TO DETERMINE,,NO INDICATION OF INJURY,21,2,41.9157690038,-87.7021867997,2024,25,POINT (-87.7021867997 41.9157690038),,,,,2024-02-19,False,21,Logan Square
10402,30,NO CONTROLS,NO CONTROLS,CLEAR,DAYLIGHT,PEDALCYCLIST,ONE-WAY,STRAIGHT AND LEVEL,DRY,NO DEFECTS,,FAILING TO YIELD RIGHT-OF-WAY,NOT APPLICABLE,,NONINCAPACITATING INJURY,8,2,41.8831000298,-87.6343782452,2024,30,POINT (-87.6343782452 41.8831000298),,,,,2024-02-20,False,31,Loop
10403,30,TRAFFIC SIGNAL,FUNCTIONING PROPERLY,CLEAR,DAYLIGHT,PEDALCYCLIST,FOUR WAY,STRAIGHT AND LEVEL,DRY,UNKNOWN,,FAILING TO YIELD RIGHT-OF-WAY,FAILING TO YIELD RIGHT-OF-WAY,,NO INDICATION OF INJURY,11,2,41.8172567114,-87.6944031819,2024,30,POINT (-87.6944031819 41.8172567114),,,,,2024-02-20,False,57,Brighton Park
10404,10,NO CONTROLS,NO CONTROLS,CLEAR,DAYLIGHT,PEDALCYCLIST,PARKING LOT,STRAIGHT AND LEVEL,DRY,NO DEFECTS,,UNABLE TO DETERMINE,NOT APPLICABLE,,NO INDICATION OF INJURY,12,2,41.7799048562,-87.6418581458,2024,10,POINT (-87.6418581458 41.7799048562),,,,,2024-02-20,False,67,Englewood
10405,25,TRAFFIC SIGNAL,FUNCTIONING PROPERLY,CLEAR,"DARKNESS, LIGHTED ROAD",PEDALCYCLIST,DIVIDED - W/MEDIAN (NOT RAISED),STRAIGHT AND LEVEL,DRY,NO DEFECTS,,UNDER THE INFLUENCE OF ALCOHOL/DRUGS (USE WHEN ARREST IS EFFECTED),UNDER THE INFLUENCE OF ALCOHOL/DRUGS (USE WHEN ARREST IS EFFECTED),,INCAPACITATING INJURY,21,2,41.9172209142,-87.6774548921,2024,25,POINT (-87.6774548921 41.9172209142),,,,,2024-02-20,True,6,Lincoln Park
10406,25,STOP SIGN/FLASHER,FUNCTIONING PROPERLY,CLEAR,DAYLIGHT,PEDALCYCLIST,FOUR WAY,STRAIGHT AND LEVEL,DRY,NO DEFECTS,Y,UNABLE TO DETERMINE,UNABLE TO DETERMINE,,NONINCAPACITATING INJURY,9,2,41.8842792889,-87.6485417803,2024,25,POINT (-87.6485417803 41.8842792889),,,,,2024-02-21,False,27,Near West Side
10407,30,NO CONTROLS,NO CONTROLS,CLEAR,DAYLIGHT,PEDALCYCLIST,DIVIDED - W/MEDIAN BARRIER,CURVE ON GRADE,DRY,NO DEFECTS,,FAILING TO YIELD RIGHT-OF-WAY,UNABLE TO DETERMINE,,NONINCAPACITATING INJURY,10,2,41.9321600479,-87.6779870871,2024,30,POINT (-87.6779870871 41.9321600479),,,,,2024-02-21,False,6,Lincoln Park
10408,30,TRAFFIC SIGNAL,FUNCTIONING PROPERLY,CLEAR,"DARKNESS, LIGHTED ROAD",PEDALCYCLIST,NOT DIVIDED,STRAIGHT AND LEVEL,DRY,NO DEFECTS,Y,DRIVING ON WRONG SIDE/WRONG WAY,NOT APPLICABLE,,NONINCAPACITATING INJURY,18,2,41.8694574896,-87.6394136534,2024,30,POINT (-87.6394136534 41.8694574896),,,,,2024-02-21,False,27,Near West Side
10409,30,TRAFFIC SIGNAL,FUNCTIONING PROPERLY,CLEAR,"DARKNESS, LIGHTED ROAD",PEDALCYCLIST,RAMP,STRAIGHT AND LEVEL,DRY,NO DEFECTS,,TURNING RIGHT ON RED,NOT APPLICABLE,,NONINCAPACITATING INJURY,19,2,41.9416270479,-87.7124271338,2024,30,POINT (-87.7124271338 41.9416270479),,,,,2024-02-21,False,15,Irving Park
10410,30,NO CONTROLS,NO CONTROLS,UNKNOWN,UNKNOWN,PEDALCYCLIST,DIVIDED - W/MEDIAN (NOT RAISED),STRAIGHT AND LEVEL,UNKNOWN,UNKNOWN,,UNABLE TO DETERMINE,UNABLE TO DETERMINE,,NONINCAPACITATING INJURY,16,2,41.8954321441,-87.707714015,2024,30,POINT (-87.707714015 41.8954321441),,,,,2024-02-22,False,22,Humboldt Park
10411,30,UNKNOWN,UNKNOWN,UNKNOWN,"DARKNESS, LIGHTED ROAD",PEDALCYCLIST,FOUR WAY,STRAIGHT AND LEVEL,UNKNOWN,UNKNOWN,Y,UNABLE TO DETERMINE,UNABLE TO DETERMINE,,NO INDICATION OF INJURY,17,2,41.8902024618,-87.6368469746,2024,30,POINT (-87.6368469746 41.8902024618),,,,,2024-02-22,False,7,Near North Side
10412,30,UNKNOWN,UNKNOWN,CLEAR,"DARKNESS, LIGHTED ROAD",PEDALCYCLIST,FOUR WAY,STRAIGHT AND LEVEL,DRY,WORN SURFACE,,NOT APPLICABLE,NOT APPLICABLE,,NO INDICATION OF INJURY,20,2,41.8527784759,-87.6446196405,2024,30,POINT (-87.6446196405 41.8527784759),,,,,2024-02-22,False,30,Lower West Side
10413,20,STOP SIGN/FLASHER,FUNCTIONING PROPERLY,CLEAR,DAYLIGHT,PEDALCYCLIST,ONE-WAY,STRAIGHT AND LEVEL,DRY,NO DEFECTS,,FAILING TO YIELD RIGHT-OF-WAY,FAILING TO YIELD RIGHT-OF-WAY,,NONINCAPACITATING INJURY,8,2,41.9414925572,-87.8143490431,2024,20,POINT (-87.8143490431 41.9414925572),,,,,2024-02-23,False,16,Dunning
10414,30,NO CONTROLS,NO CONTROLS,CLEAR,DAYLIGHT,PEDALCYCLIST,FOUR WAY,STRAIGHT AND LEVEL,DRY,NO DEFECTS,Y,DISREGARDING STOP SIGN,FAILING TO YIELD RIGHT-OF-WAY,,NO INDICATION OF INJURY,14,2,41.8690845189,-87.671558184,2024,30,POINT (-87.671558184 41.8690845189),,,,,2024-02-23,False,27,Near West Side
10415,25,STOP SIGN/FLASHER,FUNCTIONING PROPERLY,SNOW,"DARKNESS, LIGHTED ROAD",PEDALCYCLIST,NOT DIVIDED,STRAIGHT AND LEVEL,WET,UNKNOWN,Y,UNABLE TO DETERMINE,UNABLE TO DETERMINE,,INCAPACITATING INJURY,17,2,41.9497366237,-87.7621104819,2024,25,POINT (-87.7621104819 41.9497366237),,,,,2024-02-23,True,14,Portage Park
10416,30,TRAFFIC SIGNAL,FUNCTIONING PROPERLY,CLEAR,DAYLIGHT,PEDALCYCLIST,NOT DIVIDED,STRAIGHT AND LEVEL,DRY,NO DEFECTS,Y,DISREGARDING TRAFFIC SIGNALS,FAILING TO YIELD RIGHT-OF-WAY,,NO INDICATION OF INJURY,12,2,41.9247274618,-87.700552669,2024,30,POINT (-87.700552669 41.9247274618),,,,,2024-02-24,False,21,Logan Square
10417,30,PEDESTRIAN CROSSING SIGN,UNKNOWN,CLEAR,DAYLIGHT,PEDALCYCLIST,UNKNOWN,STRAIGHT AND LEVEL,DRY,UNKNOWN,,"VISION OBSCURED (SIGNS, TREE LIMBS, BUILDINGS, ETC.)",NOT APPLICABLE,,NONINCAPACITATING INJURY,13,2,41.9971383409,-87.7373595094,2024,30,POINT (-87.7373595094 41.9971383409),,,,,2024-02-24,False,11,Forest Glen
10418,30,STOP SIGN/FLASHER,UNKNOWN,CLEAR,DAYLIGHT,PEDALCYCLIST,ONE-WAY,STRAIGHT AND LEVEL,UNKNOWN,UNKNOWN,Y,UNABLE TO DETERMINE,UNABLE TO DETERMINE,,"REPORTED, NOT EVIDENT",14,2,41.9435648688,-87.6616194711,2024,30,POINT (-87.6616194711 41.9435648688),,,,,2024-02-24,False,5,Lake View