Unnamed: 0,POSTED_SPEED_LIMIT,TRAFFIC_CONTROL_DEVICE,DEVICE_CONDITION,WEATHER_CONDITION,LIGHTING_CONDITION,FIRST_CRASH_TYPE,TRAFFICWAY_TYPE,ALIGNMENT,ROADWAY_SURFACE_COND,ROAD_DEFECT,INTERSECTION_RELATED_I,PRIM_CONTRIBUTORY_CAUSE,SEC_CONTRIBUTORY_CAUSE,DOORING_I,MOST_SEVERE_INJURY,CRASH_HOUR,CRASH_MONTH,LATITUDE,LONGITUDE,CRASH_YEAR,SPEED_LIMIT,geometry,DISPLAYROU,the_geom,DIST,LANE_TYPE,CRASH_DATE,is_severe,index_right,CArea
10419,30,UNKNOWN,UNKNOWN,UNKNOWN,UNKNOWN,PEDALCYCLIST,UNKNOWN,STRAIGHT AND LEVEL,UNKNOWN,UNKNOWN,,UNABLE TO DETERMINE,UNABLE TO DETERMINE,Y,NONINCAPACITATING INJURY,18,2,41.9207615969,-87.6775834761,2024,30,POINT (-87.6775834761 41.9207615969),,,,,2024-02-24,False,6,Lincoln Park
10420,30,TRAFFIC SIGNAL,FUNCTIONING PROPERLY,CLEAR,DAYLIGHT,PEDALCYCLIST,NOT DIVIDED,STRAIGHT AND LEVEL,DRY,NO DEFECTS,Y,UNABLE TO DETERMINE,NOT APPLICABLE,,NO INDICATION OF INJURY,11,2,41.8260400172,-87.6849673999,2024,30,POINT (-87.6849673999 41.8260400172),,,,,2024-02-25,False,57,Brighton Park
10421,35,STOP SIGN/FLASHER,FUNCTIONING PROPERLY,CLEAR,"DARKNESS, LIGHTED ROAD",PEDALCYCLIST,FOUR WAY,STRAIGHT AND LEVEL,DRY,NO DEFECTS,Y,UNABLE TO DETERMINE,UNABLE TO DETERMINE,,NONINCAPACITATING INJURY,18,2,41.8364982196,-87.61758874,2024,35,POINT (-87.61758874 41.8364982196),,,,,2024-02-25,False,34,Douglas
10422,20,NO CONTROLS,NO CONTROLS,CLEAR,DAYLIGHT,PEDALCYCLIST,ONE-WAY,STRAIGHT AND LEVEL,DRY,NO DEFECTS,,FAILING TO REDUCE SPEED TO AVOID CRASH,UNABLE TO DETERMINE,,NONINCAPACITATING INJURY,9,2,41.8765584525,-87.6294013408,2024,20,POINT (-87.6294013408 41.8765584525),,,,,2024-02-26,False,31,Loop
10423,30,STOP SIGN/FLASHER,FUNCTIONING PROPERLY,CLEAR,DAYLIGHT,PEDALCYCLIST,NOT DIVIDED,STRAIGHT AND LEVEL,DRY,NO DEFECTS,Y,UNABLE TO DETERMINE,UNABLE TO DETERMINE,,"REPORTED, NOT EVIDENT",10,2,41.8578360901,-87.6710064727,2024,30,POINT (-87.6710064727 41.8578360901),,,,,2024-02-26,False,27,Near West Side
10424,20,TRAFFIC SIGNAL,FUNCTIONING PROPERLY,CLEAR,"DARKNESS, LIGHTED ROAD",PEDALCYCLIST,NOT DIVIDED,STRAIGHT AND LEVEL,DRY,NO DEFECTS,,UNABLE TO DETERMINE,NOT APPLICABLE,,NO INDICATION OF INJURY,11,2,41.9359604328,-87.6832579844,2024,20,POINT (-87.6832579844 41.9359604328),,,,,2024-02-26,False,4,North Center
10425,30,TRAFFIC SIGNAL,FUNCTIONING PROPERLY,CLEAR,DAYLIGHT,PEDALCYCLIST,NOT DIVIDED,STRAIGHT AND LEVEL,DRY,NO DEFECTS,,NOT APPLICABLE,NOT APPLICABLE,,NONINCAPACITATING INJURY,15,2,41.8200587622,-87.6947386527,2024,30,POINT (-87.6947386527 41.8200587622),,,,,2024-02-26,False,29,South Lawndale
10426,30,NO CONTROLS,NO CONTROLS,CLEAR,DAYLIGHT,PEDALCYCLIST,NOT DIVIDED,STRAIGHT AND LEVEL,DRY,NO DEFECTS,,UNABLE TO DETERMINE,NOT APPLICABLE,,NONINCAPACITATING INJURY,16,2,41.9687514741,-87.6710947904,2024,30,POINT (-87.6710947904 41.9687514741),,,,,2024-02-26,False,2,Uptown
10427,30,NO CONTROLS,NO CONTROLS,CLEAR,DAYLIGHT,PEDALCYCLIST,NOT DIVIDED,STRAIGHT AND LEVEL,DRY,NO DEFECTS,,UNABLE TO DETERMINE,UNABLE TO DETERMINE,,"REPORTED, NOT EVIDENT",16,2,41.9379747264,-87.8007497846,2024,30,POINT (-87.8007497846 41.9379747264),,,,,2024-02-26,False,16,Dunning
10428,30,NO CONTROLS,NO CONTROLS,CLEAR,DARKNESS,PEDALCYCLIST,NOT DIVIDED,STRAIGHT AND LEVEL,DRY,NO DEFECTS,Y,FAILING TO YIELD RIGHT-OF-WAY,FAILING TO YIELD RIGHT-OF-WAY,,INCAPACITATING INJURY,19,2,41.9223273591,-87.7559467183,2024,30,POINT (-87.7559467183 41.9223273591),,,,,2024-02-26,True,18,Belmont Cragin
10429,30,TRAFFIC SIGNAL,FUNCTIONING PROPERLY,CLEAR,DAYLIGHT,PEDALCYCLIST,DIVIDED - W/MEDIAN (NOT RAISED),STRAIGHT AND LEVEL,WET,NO DEFECTS,,FAILING TO YIELD RIGHT-OF-WAY,WEATHER,,"REPORTED, NOT EVIDENT",7,2,41.8305093308,-87.6558076891,2024,30,POINT (-87.6558076891 41.8305093308),,,,,2024-02-27,False,59,Bridgeport
10430,30,NO CONTROLS,OTHER,CLEAR,DAYLIGHT,PEDALCYCLIST,DIVIDED - W/MEDIAN (NOT RAISED),STRAIGHT AND LEVEL,DRY,NO DEFECTS,,IMPROPER LANE USAGE,NOT APPLICABLE,,INCAPACITATING INJURY,11,2,41.9218166482,-87.7366172503,2024,30,POINT (-87.7366172503 41.9218166482),,,,,2024-02-27,True,19,Hermosa
10431,30,UNKNOWN,UNKNOWN,UNKNOWN,UNKNOWN,PEDALCYCLIST,PARKING LOT,STRAIGHT AND LEVEL,UNKNOWN,UNKNOWN,,UNABLE TO DETERMINE,UNABLE TO DETERMINE,,NO INDICATION OF INJURY,14,2,41.9085601354,-87.6464526857,2024,30,POINT (-87.6464526857 41.9085601354),,,,,2024-02-27,False,7,Near North Side
10432,30,NO CONTROLS,NO CONTROLS,CLEAR,DAYLIGHT,PEDALCYCLIST,NOT DIVIDED,STRAIGHT AND LEVEL,DRY,NO DEFECTS,,FAILING TO YIELD RIGHT-OF-WAY,UNABLE TO DETERMINE,,NONINCAPACITATING INJURY,15,2,41.9388657031,-87.7232592147,2024,30,POINT (-87.7232592147 41.9388657031),,,,,2024-02-27,False,19,Hermosa
10433,30,TRAFFIC SIGNAL,FUNCTIONING PROPERLY,UNKNOWN,DAYLIGHT,PEDALCYCLIST,NOT DIVIDED,STRAIGHT AND LEVEL,UNKNOWN,UNKNOWN,,UNABLE TO DETERMINE,UNABLE TO DETERMINE,,NONINCAPACITATING INJURY,15,2,41.9386652721,-87.6493770147,2024,30,POINT (-87.6493770147 41.9386652721),,,,,2024-02-27,False,5,Lake View
10434,30,UNKNOWN,UNKNOWN,UNKNOWN,DAYLIGHT,PEDALCYCLIST,ONE-WAY,STRAIGHT AND LEVEL,UNKNOWN,UNKNOWN,,UNABLE TO DETERMINE,NOT APPLICABLE,,NO INDICATION OF INJURY,17,2,41.8577437509,-87.6320390628,2024,30,POINT (-87.6320390628 41.8577437509),,,,,2024-02-27,False,32,Near South Side
10435,30,STOP SIGN/FLASHER,FUNCTIONING PROPERLY,CLEAR,"DARKNESS, LIGHTED ROAD",PEDALCYCLIST,FOUR WAY,STRAIGHT AND LEVEL,WET,NO DEFECTS,Y,FAILING TO YIELD RIGHT-OF-WAY,NOT APPLICABLE,N,INCAPACITATING INJURY,23,2,41.7759102618,-87.6652452609,2024,30,POINT (-87.6652452609 41.7759102618),,,,,2024-02-27,True,66,Englewood
10436,30,NO CONTROLS,NO CONTROLS,CLEAR,DAYLIGHT,PEDALCYCLIST,T-INTERSECTION,STRAIGHT AND LEVEL,DRY,UNKNOWN,,FAILING TO YIELD RIGHT-OF-WAY,UNABLE TO DETERMINE,,NO INDICATION OF INJURY,7,2,41.8451388194,-87.650496738,2024,30,POINT (-87.650496738 41.8451388194),,,,,2024-02-28,False,30,Lower West Side
10437,25,OTHER,OTHER,CLEAR,DUSK,PEDALCYCLIST,RAMP,STRAIGHT AND LEVEL,DRY,NO DEFECTS,,OBSTRUCTED CROSSWALKS,UNABLE TO DETERMINE,N,NO INDICATION OF INJURY,17,2,41.8856314367,-87.6301580795,2024,25,POINT (-87.6301580795 41.8856314367),,,,,2024-02-28,False,31,Loop
10438,25,STOP SIGN/FLASHER,FUNCTIONING PROPERLY,CLEAR,DAYLIGHT,PEDALCYCLIST,ONE-WAY,STRAIGHT AND LEVEL,DRY,NO DEFECTS,,DRIVING SKILLS/KNOWLEDGE/EXPERIENCE,NOT APPLICABLE,Y,"REPORTED, NOT EVIDENT",17,2,41.8899179324,-87.6533713394,2024,25,POINT (-87.6533713394 41.8899179324),,,,,2024-02-28,False,7,Near North Side
10439,30,TRAFFIC SIGNAL,FUNCTIONING PROPERLY,CLEAR,DAYLIGHT,PEDALCYCLIST,NOT DIVIDED,STRAIGHT AND LEVEL,DRY,NO DEFECTS,N,UNABLE TO DETERMINE,UNABLE TO DETERMINE,,NONINCAPACITATING INJURY,9,2,41.8442814192,-87.7143858642,2024,30,POINT (-87.7143858642 41.8442814192),,,,,2024-02-29,False,29,South Lawndale
10440,20,TRAFFIC SIGNAL,FUNCTIONING PROPERLY,CLEAR,DAYLIGHT,PEDALCYCLIST,FOUR WAY,STRAIGHT AND LEVEL,DRY,UNKNOWN,,DISREGARDING ROAD MARKINGS,NOT APPLICABLE,,NO INDICATION OF INJURY,16,2,41.8956315573,-87.6869627211,2024,20,POINT (-87.6869627211 41.8956315573),,,,,2024-02-29,False,23,West Town
10441,30,TRAFFIC SIGNAL,FUNCTIONING PROPERLY,CLEAR,DAYLIGHT,PEDALCYCLIST,FOUR WAY,STRAIGHT AND LEVEL,DRY,NO DEFECTS,Y,IMPROPER TURNING/NO SIGNAL,FAILING TO YIELD RIGHT-OF-WAY,,"REPORTED, NOT EVIDENT",16,2,41.975907604,-87.7015003167,2024,30,POINT (-87.7015003167 41.975907604),,,,,2024-02-29,False,3,Lincoln Square
10442,25,TRAFFIC SIGNAL,FUNCTIONING PROPERLY,CLEAR,DAYLIGHT,PEDALCYCLIST,NOT DIVIDED,STRAIGHT AND LEVEL,DRY,NO DEFECTS,,IMPROPER OVERTAKING/PASSING,UNABLE TO DETERMINE,,NO INDICATION OF INJURY,16,2,41.881497628,-87.6576011742,2024,25,POINT (-87.6576011742 41.881497628),,,,,2024-02-29,False,27,Near West Side
10443,30,TRAFFIC SIGNAL,FUNCTIONING PROPERLY,CLEAR,"DARKNESS, LIGHTED ROAD",PEDALCYCLIST,NOT DIVIDED,STRAIGHT AND LEVEL,DRY,NO DEFECTS,,UNABLE TO DETERMINE,UNABLE TO DETERMINE,,NO INDICATION OF INJURY,23,2,41.9055404926,-87.6696640663,2024,30,POINT (-87.6696640663 41.9055404926),,,,,2024-02-29,False,23,West Town
10444,20,STOP SIGN/FLASHER,UNKNOWN,UNKNOWN,DAYLIGHT,PEDALCYCLIST,T-INTERSECTION,STRAIGHT AND LEVEL,UNKNOWN,UNKNOWN,Y,UNABLE TO DETERMINE,UNABLE TO DETERMINE,,NO INDICATION OF INJURY,11,3,41.977036891,-87.6697840799,2024,20,POINT (-87.6697840799 41.977036891),,,,,2024-03-01,False,2,Uptown
10445,30,UNKNOWN,UNKNOWN,CLEAR,DAYLIGHT,PEDALCYCLIST,NOT DIVIDED,STRAIGHT AND LEVEL,DRY,NO DEFECTS,,NOT APPLICABLE,NOT APPLICABLE,,"REPORTED, NOT EVIDENT",12,3,41.7756790279,-87.5717136642,2024,30,POINT (-87.5717136642 41.7756790279),,,,,2024-03-02,False,41,Woodlawn
10446,30,NO CONTROLS,NO CONTROLS,CLEAR,DAYLIGHT,PEDALCYCLIST,DIVIDED - W/MEDIAN (NOT RAISED),STRAIGHT AND LEVEL,DRY,NO DEFECTS,,UNABLE TO DETERMINE,UNABLE TO DETERMINE,,NO INDICATION OF INJURY,14,3,41.9101887003,-87.7096376399,2024,30,POINT (-87.7096376399 41.9101887003),,,,,2024-03-02,False,22,Humboldt Park
10447,30,NO CONTROLS,NO CONTROLS,CLEAR,DAYLIGHT,PEDALCYCLIST,FOUR WAY,STRAIGHT AND LEVEL,DRY,NO DEFECTS,Y,UNABLE TO DETERMINE,UNABLE TO DETERMINE,,INCAPACITATING INJURY,15,3,41.7657205926,-87.6201809103,2024,30,POINT (-87.6201809103 41.7657205926),,,,,2024-03-02,True,68,Grand Crossing
10448,30,UNKNOWN,NO CONTROLS,CLEAR,DARKNESS,PEDALCYCLIST,FOUR WAY,STRAIGHT AND LEVEL,DRY,UNKNOWN,Y,UNABLE TO DETERMINE,UNABLE TO DETERMINE,,NONINCAPACITATING INJURY,17,3,41.7428446314,-87.6876960361,2024,30,POINT (-87.6876960361 41.7428446314),,,,,2024-03-02,False,69,Ashburn
10449,30,NO CONTROLS,NO CONTROLS,UNKNOWN,UNKNOWN,PEDALCYCLIST,T-INTERSECTION,STRAIGHT AND LEVEL,UNKNOWN,UNKNOWN,Y,UNABLE TO DETERMINE,NOT APPLICABLE,,NONINCAPACITATING INJURY,18,3,41.8087162085,-87.6529627404,2024,30,POINT (-87.6529627404 41.8087162085),,,,,2024-03-02,False,60,New City
10450,30,STOP SIGN/FLASHER,FUNCTIONING PROPERLY,CLEAR,"DARKNESS, LIGHTED ROAD",PEDALCYCLIST,UNKNOWN INTERSECTION TYPE,STRAIGHT AND LEVEL,DRY,UNKNOWN,Y,UNABLE TO DETERMINE,NOT APPLICABLE,,INCAPACITATING INJURY,20,3,41.899714227,-87.671209124,2024,30,POINT (-87.671209124 41.899714227),,,,,2024-03-02,True,23,West Town
10451,30,STOP SIGN/FLASHER,FUNCTIONING PROPERLY,CLEAR,DAYLIGHT,PEDALCYCLIST,FOUR WAY,STRAIGHT AND LEVEL,DRY,NO DEFECTS,Y,UNABLE TO DETERMINE,NOT APPLICABLE,,NONINCAPACITATING INJURY,12,3,42.0128595515,-87.6681395498,2024,30,POINT (-87.6681395498 42.0128595515),,,,,2024-03-03,False,0,Rogers Park
10452,30,TRAFFIC SIGNAL,UNKNOWN,CLEAR,DARKNESS,PEDALCYCLIST,FOUR WAY,STRAIGHT AND LEVEL,DRY,NO DEFECTS,,BICYCLE ADVANCING LEGALLY ON RED LIGHT,NOT APPLICABLE,,NONINCAPACITATING INJURY,19,3,41.8924518014,-87.622566449,2024,30,POINT (-87.622566449 41.8924518014),,,,,2024-03-03,False,7,Near North Side
10453,30,TRAFFIC SIGNAL,UNKNOWN,CLEAR,DARKNESS,PEDALCYCLIST,UNKNOWN,STRAIGHT AND LEVEL,DRY,UNKNOWN,,FAILING TO YIELD RIGHT-OF-WAY,FAILING TO YIELD RIGHT-OF-WAY,N,NONINCAPACITATING INJURY,20,3,41.8025973582,-87.5877461394,2024,30,POINT (-87.5877461394 41.8025973582),,,,,2024-03-03,False,38,Kenwood
10454,30,NO CONTROLS,NO CONTROLS,CLEAR,DAYLIGHT,PEDALCYCLIST,NOT DIVIDED,STRAIGHT AND LEVEL,DRY,NO DEFECTS,Y,FAILING TO YIELD RIGHT-OF-WAY,UNABLE TO DETERMINE,,NONINCAPACITATING INJURY,9,3,41.9121880517,-87.6804907156,2024,30,POINT (-87.6804907156 41.9121880517),,,,,2024-03-04,False,6,Lincoln Park
10455,30,NO CONTROLS,NO CONTROLS,CLEAR,DAYLIGHT,PEDALCYCLIST,NOT DIVIDED,STRAIGHT AND LEVEL,UNKNOWN,UNKNOWN,,UNABLE TO DETERMINE,NOT APPLICABLE,,NO INDICATION OF INJURY,15,3,41.778517416,-87.7434476997,2024,30,POINT (-87.7434476997 41.778517416),,,,,2024-03-04,False,63,Clearing
10456,25,NO CONTROLS,NO CONTROLS,CLEAR,DAYLIGHT,PEDALCYCLIST,DIVIDED - W/MEDIAN (NOT RAISED),STRAIGHT AND LEVEL,UNKNOWN,UNKNOWN,,FAILING TO YIELD RIGHT-OF-WAY,NOT APPLICABLE,,NONINCAPACITATING INJURY,16,3,42.0193809867,-87.6920735316,2024,25,POINT (-87.6920735316 42.0193809867),,,,,2024-03-04,False,1,West Ridge
10457,30,TRAFFIC SIGNAL,FUNCTIONING PROPERLY,CLEAR,DAYLIGHT,PEDALCYCLIST,ONE-WAY,STRAIGHT AND LEVEL,DRY,NO DEFECTS,,UNABLE TO DETERMINE,UNABLE TO DETERMINE,N,"REPORTED, NOT EVIDENT",17,3,41.8932105944,-87.6295484191,2024,30,POINT (-87.6295484191 41.8932105944),,,,,2024-03-04,False,7,Near North Side
10458,30,STOP SIGN/FLASHER,FUNCTIONING PROPERLY,CLEAR,DAYLIGHT,PEDALCYCLIST,NOT DIVIDED,STRAIGHT AND LEVEL,DRY,NO DEFECTS,Y,FAILING TO YIELD RIGHT-OF-WAY,UNABLE TO DETERMINE,,NONINCAPACITATING INJURY,17,3,41.7624637242,-87.7029045137,2024,30,POINT (-87.7029045137 41.7624637242),,,,,2024-03-04,False,65,Chicago Lawn
10459,30,UNKNOWN,UNKNOWN,CLEAR,DAYLIGHT,PEDALCYCLIST,DIVIDED - W/MEDIAN BARRIER,STRAIGHT AND LEVEL,DRY,UNKNOWN,,FAILING TO YIELD RIGHT-OF-WAY,FAILING TO YIELD RIGHT-OF-WAY,,NO INDICATION OF INJURY,17,3,41.9266957847,-87.6343064499,2024,30,POINT (-87.6343064499 41.9266957847),,,,,2024-03-04,False,6,Lincoln Park
10460,30,NO CONTROLS,NO CONTROLS,CLEAR,DARKNESS,PEDALCYCLIST,NOT DIVIDED,STRAIGHT AND LEVEL,DRY,NO DEFECTS,,UNABLE TO DETERMINE,UNABLE TO DETERMINE,,NO INDICATION OF INJURY,19,3,41.9413455192,-87.8216907333,2024,30,POINT (-87.8216907333 41.9413455192),,,,,2024-03-04,False,16,Dunning
10461,30,STOP SIGN/FLASHER,FUNCTIONING PROPERLY,RAIN,DAWN,PEDALCYCLIST,ONE-WAY,STRAIGHT AND LEVEL,WET,NO DEFECTS,,DISREGARDING STOP SIGN,WEATHER,,NO INDICATION OF INJURY,5,3,41.9900976844,-87.787748427,2024,30,POINT (-87.787748427 41.9900976844),,,,,2024-03-05,False,10,Jefferson Park
10462,30,NO CONTROLS,NO CONTROLS,CLEAR,DAWN,PEDALCYCLIST,ALLEY,STRAIGHT AND LEVEL,WET,NO DEFECTS,,UNABLE TO DETERMINE,FAILING TO REDUCE SPEED TO AVOID CRASH,,NONINCAPACITATING INJURY,7,3,41.7918607034,-87.781642301,2024,30,POINT (-87.781642301 41.7918607034),,,,,2024-03-05,False,55,Garfield Ridge
10463,30,TRAFFIC SIGNAL,FUNCTIONING PROPERLY,CLEAR,DAYLIGHT,PEDALCYCLIST,DIVIDED - W/MEDIAN BARRIER,STRAIGHT AND LEVEL,DRY,UNKNOWN,,RELATED TO BUS STOP,NOT APPLICABLE,,NONINCAPACITATING INJURY,16,3,41.8763914131,-87.6665186348,2024,30,POINT (-87.6665186348 41.8763914131),,,,,2024-03-05,False,27,Near West Side
10464,30,NO CONTROLS,NO CONTROLS,CLEAR,DAYLIGHT,PEDALCYCLIST,ALLEY,STRAIGHT AND LEVEL,DRY,UNKNOWN,,FAILING TO YIELD RIGHT-OF-WAY,FAILING TO YIELD RIGHT-OF-WAY,,NONINCAPACITATING INJURY,7,3,41.9027417081,-87.728828429,2024,30,POINT (-87.728828429 41.9027417081),,,,,2024-03-06,False,22,Humboldt Park
10465,30,STOP SIGN/FLASHER,UNKNOWN,CLEAR,DAYLIGHT,PEDALCYCLIST,T-INTERSECTION,STRAIGHT AND LEVEL,DRY,UNKNOWN,Y,UNABLE TO DETERMINE,NOT APPLICABLE,,"REPORTED, NOT EVIDENT",14,3,41.8786717753,-87.6740670682,2024,30,POINT (-87.6740670682 41.8786717753),,,,,2024-03-06,False,27,Near West Side
10467,35,NO CONTROLS,NO CONTROLS,CLEAR,DUSK,PEDALCYCLIST,PARKING LOT,STRAIGHT AND LEVEL,DRY,OTHER,,UNABLE TO DETERMINE,NOT APPLICABLE,,NO INDICATION OF INJURY,17,3,41.8335352531,-87.6727490303,2024,35,POINT (-87.6727490303 41.8335352531),,,,,2024-03-06,False,58,Mckinley Park
10468,30,NO CONTROLS,UNKNOWN,CLEAR,DARKNESS,PEDALCYCLIST,NOT DIVIDED,STRAIGHT AND LEVEL,DRY,NO DEFECTS,Y,FAILING TO YIELD RIGHT-OF-WAY,NOT APPLICABLE,,NO INDICATION OF INJURY,18,3,41.9029192028,-87.702412734,2024,30,POINT (-87.702412734 41.9029192028),,,,,2024-03-06,False,22,Humboldt Park
10469,35,NO CONTROLS,NO CONTROLS,CLEAR,DAYLIGHT,PEDALCYCLIST,T-INTERSECTION,STRAIGHT AND LEVEL,DRY,UNKNOWN,,FAILING TO YIELD RIGHT-OF-WAY,FAILING TO YIELD RIGHT-OF-WAY,,NO INDICATION OF INJURY,11,3,41.7071821754,-87.6203614922,2024,35,POINT (-87.6203614922 41.7071821754),,,,,2024-03-07,False,48,Roseland
10470,30,NO CONTROLS,NO CONTROLS,CLEAR,DAYLIGHT,PEDALCYCLIST,NOT DIVIDED,STRAIGHT AND LEVEL,DRY,NO DEFECTS,,UNABLE TO DETERMINE,NOT APPLICABLE,Y,NONINCAPACITATING INJURY,12,3,41.9092359592,-87.6754555411,2024,30,POINT (-87.6754555411 41.9092359592),,,,,2024-03-07,False,23,West Town
10471,30,TRAFFIC SIGNAL,FUNCTIONING PROPERLY,CLEAR,DAYLIGHT,PEDALCYCLIST,NOT DIVIDED,STRAIGHT AND LEVEL,DRY,NO DEFECTS,,FAILING TO YIELD RIGHT-OF-WAY,NOT APPLICABLE,,NONINCAPACITATING INJURY,13,3,41.8899261089,-87.6299436377,2024,30,POINT (-87.6299436377 41.8899261089),,,,,2024-03-07,False,7,Near North Side
10472,30,NO CONTROLS,NO CONTROLS,CLEAR,DAYLIGHT,PEDALCYCLIST,NOT DIVIDED,STRAIGHT AND LEVEL,DRY,NO DEFECTS,,FAILING TO YIELD RIGHT-OF-WAY,NOT APPLICABLE,Y,NONINCAPACITATING INJURY,18,3,41.9952114602,-87.6602779929,2024,30,POINT (-87.6602779929 41.9952114602),,,,,2024-03-07,False,76,Edgewater
10473,30,TRAFFIC SIGNAL,FUNCTIONING PROPERLY,CLEAR,DUSK,PEDALCYCLIST,DRIVEWAY,STRAIGHT AND LEVEL,UNKNOWN,UNKNOWN,,UNABLE TO DETERMINE,UNABLE TO DETERMINE,,NONINCAPACITATING INJURY,18,3,41.804641245,-87.6845169054,2024,30,POINT (-87.6845169054 41.804641245),,,,,2024-03-07,False,57,Brighton Park
10474,30,TRAFFIC SIGNAL,FUNCTIONING PROPERLY,CLEAR,DARKNESS,PEDALCYCLIST,NOT DIVIDED,STRAIGHT AND LEVEL,DRY,NO DEFECTS,,UNABLE TO DETERMINE,UNABLE TO DETERMINE,N,"REPORTED, NOT EVIDENT",19,3,41.7646089122,-87.6833870533,2024,30,POINT (-87.6833870533 41.7646089122),,,,,2024-03-07,False,65,Chicago Lawn
10475,20,NO CONTROLS,NO CONTROLS,RAIN,DUSK,PEDALCYCLIST,NOT DIVIDED,STRAIGHT AND LEVEL,WET,NO DEFECTS,,UNABLE TO DETERMINE,NOT APPLICABLE,,NO INDICATION OF INJURY,17,3,41.959731127,-87.7624351177,2024,20,POINT (-87.7624351177 41.959731127),,,,,2024-03-08,False,14,Portage Park
10476,30,POLICE/FLAGMAN,NO CONTROLS,RAIN,"DARKNESS, LIGHTED ROAD",PEDALCYCLIST,NOT DIVIDED,STRAIGHT AND LEVEL,WET,NO DEFECTS,,UNABLE TO DETERMINE,NOT APPLICABLE,,NO INDICATION OF INJURY,21,3,41.9654503145,-87.6615178789,2024,30,POINT (-87.6615178789 41.9654503145),,,,,2024-03-08,False,2,Uptown
10477,25,NO CONTROLS,NO CONTROLS,CLEAR,DAYLIGHT,PEDALCYCLIST,DIVIDED - W/MEDIAN (NOT RAISED),STRAIGHT AND LEVEL,DRY,NO DEFECTS,,DRIVING SKILLS/KNOWLEDGE/EXPERIENCE,DISTRACTION - FROM OUTSIDE VEHICLE,Y,NONINCAPACITATING INJURY,13,3,42.0060922978,-87.669825665,2024,25,POINT (-87.669825665 42.0060922978),,,,,2024-03-09,False,0,Rogers Park
10478,25,STOP SIGN/FLASHER,FUNCTIONING PROPERLY,CLEAR,DAYLIGHT,PEDALCYCLIST,FOUR WAY,STRAIGHT AND LEVEL,DRY,NO DEFECTS,Y,UNABLE TO DETERMINE,NOT APPLICABLE,,"REPORTED, NOT EVIDENT",14,3,41.9124292858,-87.6971962528,2024,25,POINT (-87.6971962528 41.9124292858),,,,,2024-03-09,False,22,Humboldt Park
10480,30,TRAFFIC SIGNAL,FUNCTIONING PROPERLY,CLEAR,DAYLIGHT,PEDALCYCLIST,FOUR WAY,STRAIGHT AND LEVEL,DRY,NO DEFECTS,Y,UNABLE TO DETERMINE,NOT APPLICABLE,,NONINCAPACITATING INJURY,18,3,41.9034135016,-87.6663453165,2024,30,POINT (-87.6663453165 41.9034135016),,,,,2024-03-10,False,23,West Town
10481,30,NO CONTROLS,NO CONTROLS,CLEAR,DAYLIGHT,PEDALCYCLIST,NOT DIVIDED,STRAIGHT AND LEVEL,DRY,NO DEFECTS,,IMPROPER TURNING/NO SIGNAL,NOT APPLICABLE,,"REPORTED, NOT EVIDENT",8,3,41.9091687135,-87.7557311297,2024,30,POINT (-87.7557311297 41.9091687135),,,,,2024-03-11,False,24,Austin
10482,30,NO CONTROLS,NO CONTROLS,CLEAR,DAYLIGHT,PEDALCYCLIST,ONE-WAY,STRAIGHT AND LEVEL,DRY,NO DEFECTS,,UNABLE TO DETERMINE,UNABLE TO DETERMINE,,INCAPACITATING INJURY,16,3,41.8774469102,-87.6857866208,2024,30,POINT (-87.6857866208 41.8774469102),,,,,2024-03-11,True,27,Near West Side
10483,30,TRAFFIC SIGNAL,FUNCTIONING PROPERLY,CLEAR,DAYLIGHT,PEDALCYCLIST,FOUR WAY,STRAIGHT AND LEVEL,DRY,NO DEFECTS,Y,IMPROPER TURNING/NO SIGNAL,FOLLOWING TOO CLOSELY,,NONINCAPACITATING INJURY,17,3,41.9035398755,-87.6617147496,2024,30,POINT (-87.6617147496 41.9035398755),,,,,2024-03-11,False,23,West Town
10484,30,NO CONTROLS,NO CONTROLS,CLEAR,DARKNESS,PEDALCYCLIST,DIVIDED - W/MEDIAN (NOT RAISED),STRAIGHT AND LEVEL,DRY,NO DEFECTS,,FAILING TO YIELD RIGHT-OF-WAY,UNABLE TO DETERMINE,,NONINCAPACITATING INJURY,22,3,41.9343787188,-87.6433339072,2024,30,POINT (-87.6433339072 41.9343787188),,,,,2024-03-11,False,5,Lake View
10485,30,NO CONTROLS,NO CONTROLS,CLEAR,DAYLIGHT,PEDALCYCLIST,NOT DIVIDED,STRAIGHT AND LEVEL,DRY,NO DEFECTS,,UNABLE TO DETERMINE,FOLLOWING TOO CLOSELY,,NO INDICATION OF INJURY,9,3,41.871587772,-87.6763691609,2024,30,POINT (-87.6763691609 41.871587772),,,,,2024-03-12,False,27,Near West Side
10486,25,NO CONTROLS,NO CONTROLS,CLEAR,DAYLIGHT,PEDALCYCLIST,DIVIDED - W/MEDIAN (NOT RAISED),STRAIGHT AND LEVEL,DRY,NO DEFECTS,,IMPROPER LANE USAGE,UNABLE TO DETERMINE,,NONINCAPACITATING INJURY,14,3,41.9662196297,-87.6667870067,2024,25,POINT (-87.6667870067 41.9662196297),,,,,2024-03-12,False,2,Uptown