Unnamed: 0,POSTED_SPEED_LIMIT,TRAFFIC_CONTROL_DEVICE,DEVICE_CONDITION,WEATHER_CONDITION,LIGHTING_CONDITION,FIRST_CRASH_TYPE,TRAFFICWAY_TYPE,ALIGNMENT,ROADWAY_SURFACE_COND,ROAD_DEFECT,INTERSECTION_RELATED_I,PRIM_CONTRIBUTORY_CAUSE,SEC_CONTRIBUTORY_CAUSE,DOORING_I,MOST_SEVERE_INJURY,CRASH_HOUR,CRASH_MONTH,LATITUDE,LONGITUDE,CRASH_YEAR,SPEED_LIMIT,geometry,DISPLAYROU,the_geom,DIST,LANE_TYPE,CRASH_DATE,is_severe,index_right,CArea
10487,30,UNKNOWN,UNKNOWN,UNKNOWN,DAYLIGHT,PEDALCYCLIST,UNKNOWN,STRAIGHT AND LEVEL,UNKNOWN,UNKNOWN,,UNABLE TO DETERMINE,UNABLE TO DETERMINE,,NONINCAPACITATING INJURY,15,3,41.7822353879,-87.5866511531,2024,30,POINT (-87.5866511531 41.7822353879),,,,,2024-03-12,False,41,Woodlawn
10488,30,STOP SIGN/FLASHER,FUNCTIONING PROPERLY,CLEAR,DAYLIGHT,PEDALCYCLIST,DIVIDED - W/MEDIAN (NOT RAISED),STRAIGHT AND LEVEL,DRY,NO DEFECTS,Y,UNABLE TO DETERMINE,NOT APPLICABLE,,"REPORTED, NOT EVIDENT",18,3,41.8443513539,-87.6521186762,2024,30,POINT (-87.6521186762 41.8443513539),,,,,2024-03-12,False,30,Lower West Side
10489,30,NO CONTROLS,NO CONTROLS,CLEAR,DUSK,PEDALCYCLIST,ONE-WAY,STRAIGHT AND LEVEL,DRY,NO DEFECTS,,UNABLE TO DETERMINE,NOT APPLICABLE,Y,NONINCAPACITATING INJURY,18,3,41.9871619721,-87.6579779852,2024,30,POINT (-87.6579779852 41.9871619721),,,,,2024-03-12,False,76,Edgewater
10490,30,NO CONTROLS,NO CONTROLS,CLEAR,"DARKNESS, LIGHTED ROAD",PEDALCYCLIST,NOT DIVIDED,STRAIGHT AND LEVEL,UNKNOWN,NO DEFECTS,,UNABLE TO DETERMINE,NOT APPLICABLE,,"REPORTED, NOT EVIDENT",21,3,41.9758050243,-87.6742522583,2024,30,POINT (-87.6742522583 41.9758050243),,,,,2024-03-12,False,2,Uptown
10491,30,TRAFFIC SIGNAL,FUNCTIONING PROPERLY,CLEAR,"DARKNESS, LIGHTED ROAD",PEDALCYCLIST,FOUR WAY,STRAIGHT AND LEVEL,DRY,NO DEFECTS,Y,FAILING TO YIELD RIGHT-OF-WAY,DISTRACTION - FROM OUTSIDE VEHICLE,,NONINCAPACITATING INJURY,21,3,41.9685462289,-87.7083281083,2024,30,POINT (-87.7083281083 41.9685462289),,,,,2024-03-12,False,13,Albany Park
10492,30,STOP SIGN/FLASHER,FUNCTIONING PROPERLY,CLEAR,"DARKNESS, LIGHTED ROAD",PEDALCYCLIST,FOUR WAY,STRAIGHT AND LEVEL,DRY,UNKNOWN,Y,UNABLE TO DETERMINE,NOT APPLICABLE,,INCAPACITATING INJURY,21,3,41.9557166517,-87.6933141272,2024,30,POINT (-87.6933141272 41.9557166517),,,,,2024-03-12,True,4,North Center
10493,30,TRAFFIC SIGNAL,FUNCTIONING PROPERLY,CLEAR,DAYLIGHT,PEDALCYCLIST,DIVIDED - W/MEDIAN (NOT RAISED),STRAIGHT AND LEVEL,DRY,NO DEFECTS,Y,UNABLE TO DETERMINE,NOT APPLICABLE,,"REPORTED, NOT EVIDENT",16,3,41.8380346506,-87.6133408341,2024,30,POINT (-87.6133408341 41.8380346506),,,,,2024-03-13,False,34,Douglas
10494,30,NO CONTROLS,NO CONTROLS,UNKNOWN,UNKNOWN,PEDALCYCLIST,NOT DIVIDED,STRAIGHT AND LEVEL,UNKNOWN,UNKNOWN,,UNABLE TO DETERMINE,UNABLE TO DETERMINE,,"REPORTED, NOT EVIDENT",17,3,41.8811058718,-87.6572717875,2024,30,POINT (-87.6572717875 41.8811058718),,,,,2024-03-13,False,27,Near West Side
10495,10,NO CONTROLS,NO CONTROLS,CLEAR,DAYLIGHT,PEDALCYCLIST,PARKING LOT,STRAIGHT AND LEVEL,DRY,NO DEFECTS,,UNABLE TO DETERMINE,UNABLE TO DETERMINE,,NO INDICATION OF INJURY,17,3,41.9096650487,-87.7516091991,2024,10,POINT (-87.7516091991 41.9096650487),,,,,2024-03-13,False,24,Austin
10496,30,NO CONTROLS,NO CONTROLS,CLEAR,DUSK,PEDALCYCLIST,NOT DIVIDED,STRAIGHT AND LEVEL,DRY,NO DEFECTS,,UNABLE TO DETERMINE,UNABLE TO DETERMINE,,NO INDICATION OF INJURY,18,3,41.8800877024,-87.6569451868,2024,30,POINT (-87.6569451868 41.8800877024),,,,,2024-03-13,False,27,Near West Side
10497,30,NO CONTROLS,NO CONTROLS,CLEAR,DAYLIGHT,PEDALCYCLIST,NOT DIVIDED,STRAIGHT AND LEVEL,DRY,NO DEFECTS,,FAILING TO YIELD RIGHT-OF-WAY,NOT APPLICABLE,Y,NONINCAPACITATING INJURY,18,3,41.9175480337,-87.6483352264,2024,30,POINT (-87.6483352264 41.9175480337),,,,,2024-03-13,False,6,Lincoln Park
10498,30,STOP SIGN/FLASHER,FUNCTIONING PROPERLY,CLEAR,DAYLIGHT,PEDALCYCLIST,NOT DIVIDED,STRAIGHT AND LEVEL,WET,NO DEFECTS,,FAILING TO YIELD RIGHT-OF-WAY,FAILING TO YIELD RIGHT-OF-WAY,,INCAPACITATING INJURY,11,3,41.9033417952,-87.6746742112,2024,30,POINT (-87.6746742112 41.9033417952),,,,,2024-03-14,True,23,West Town
10499,30,PEDESTRIAN CROSSING SIGN,UNKNOWN,CLEAR,DAYLIGHT,PEDALCYCLIST,NOT DIVIDED,STRAIGHT AND LEVEL,UNKNOWN,UNKNOWN,Y,UNABLE TO DETERMINE,UNABLE TO DETERMINE,,NO INDICATION OF INJURY,17,3,41.9540992983,-87.6676489221,2024,30,POINT (-87.6676489221 41.9540992983),,,,,2024-03-14,False,5,Lake View
10500,30,TRAFFIC SIGNAL,FUNCTIONING PROPERLY,CLEAR,DARKNESS,PEDALCYCLIST,NOT DIVIDED,STRAIGHT AND LEVEL,DRY,NO DEFECTS,,FAILING TO YIELD RIGHT-OF-WAY,DISREGARDING TRAFFIC SIGNALS,,NONINCAPACITATING INJURY,19,3,41.7715657852,-87.7029028648,2024,30,POINT (-87.7029028648 41.7715657852),,,,,2024-03-14,False,65,Chicago Lawn
10501,30,TRAFFIC SIGNAL,FUNCTIONING PROPERLY,CLEAR,"DARKNESS, LIGHTED ROAD",PEDALCYCLIST,T-INTERSECTION,STRAIGHT AND LEVEL,DRY,NO DEFECTS,,UNABLE TO DETERMINE,NOT APPLICABLE,,NONINCAPACITATING INJURY,22,3,41.8232207071,-87.6751544847,2024,30,POINT (-87.6751544847 41.8232207071),,,,,2024-03-14,False,58,Mckinley Park
10502,35,NO CONTROLS,NO CONTROLS,CLEAR,DAYLIGHT,PEDALCYCLIST,DIVIDED - W/MEDIAN BARRIER,STRAIGHT AND LEVEL,DRY,UNKNOWN,,FAILING TO YIELD RIGHT-OF-WAY,FAILING TO YIELD RIGHT-OF-WAY,,NO INDICATION OF INJURY,17,3,41.8318158454,-87.6462779286,2024,35,POINT (-87.6462779286 41.8318158454),,,,,2024-03-15,False,59,Bridgeport
10503,30,NO CONTROLS,NO CONTROLS,CLEAR,"DARKNESS, LIGHTED ROAD",PEDALCYCLIST,DIVIDED - W/MEDIAN (NOT RAISED),STRAIGHT AND LEVEL,DRY,NO DEFECTS,,IMPROPER TURNING/NO SIGNAL,UNABLE TO DETERMINE,,"REPORTED, NOT EVIDENT",22,3,41.8902837845,-87.6474583858,2024,30,POINT (-87.6474583858 41.8902837845),,,,,2024-03-15,False,7,Near North Side
10504,30,TRAFFIC SIGNAL,FUNCTIONING PROPERLY,CLEAR,"DARKNESS, LIGHTED ROAD",PEDALCYCLIST,DIVIDED - W/MEDIAN (NOT RAISED),STRAIGHT AND LEVEL,DRY,NO DEFECTS,,DRIVING ON WRONG SIDE/WRONG WAY,FAILING TO REDUCE SPEED TO AVOID CRASH,,NONINCAPACITATING INJURY,1,3,41.896005356,-87.6772019335,2024,30,POINT (-87.6772019335 41.896005356),,,,,2024-03-16,False,23,West Town
10505,25,TRAFFIC SIGNAL,FUNCTIONING PROPERLY,CLEAR,DAYLIGHT,PEDALCYCLIST,T-INTERSECTION,STRAIGHT AND LEVEL,DRY,NO DEFECTS,Y,FAILING TO YIELD RIGHT-OF-WAY,NOT APPLICABLE,,NONINCAPACITATING INJURY,9,3,41.8963213282,-87.6547501874,2024,25,POINT (-87.6547501874 41.8963213282),,,,,2024-03-16,False,7,Near North Side
10506,30,NO CONTROLS,NO CONTROLS,CLEAR,DAYLIGHT,PEDALCYCLIST,DIVIDED - W/MEDIAN (NOT RAISED),STRAIGHT AND LEVEL,DRY,NO DEFECTS,,FAILING TO YIELD RIGHT-OF-WAY,UNABLE TO DETERMINE,Y,NONINCAPACITATING INJURY,10,3,41.9686506799,-87.6788572746,2024,30,POINT (-87.6788572746 41.9686506799),,,,,2024-03-16,False,3,Lincoln Square
10507,30,TRAFFIC SIGNAL,FUNCTIONING PROPERLY,CLOUDY/OVERCAST,DAYLIGHT,PEDALCYCLIST,NOT DIVIDED,STRAIGHT AND LEVEL,DRY,NO DEFECTS,Y,FAILING TO YIELD RIGHT-OF-WAY,NOT APPLICABLE,,NONINCAPACITATING INJURY,15,3,41.852207529,-87.6808074147,2024,30,POINT (-87.6808074147 41.852207529),,,,,2024-03-16,False,30,Lower West Side
10508,30,NO CONTROLS,NO CONTROLS,CLEAR,DAYLIGHT,PEDALCYCLIST,NOT DIVIDED,STRAIGHT AND LEVEL,DRY,NO DEFECTS,,IMPROPER TURNING/NO SIGNAL,UNABLE TO DETERMINE,,NONINCAPACITATING INJURY,18,3,41.8580685427,-87.6561164662,2024,30,POINT (-87.6561164662 41.8580685427),,,,,2024-03-16,False,27,Near West Side
10509,30,UNKNOWN,UNKNOWN,CLEAR,DUSK,PEDALCYCLIST,NOT DIVIDED,STRAIGHT AND LEVEL,UNKNOWN,UNKNOWN,,UNABLE TO DETERMINE,UNABLE TO DETERMINE,,NO INDICATION OF INJURY,18,3,41.9249723127,-87.640252154,2024,30,POINT (-87.640252154 41.9249723127),,,,,2024-03-16,False,6,Lincoln Park
10510,30,UNKNOWN,UNKNOWN,UNKNOWN,"DARKNESS, LIGHTED ROAD",PEDALCYCLIST,NOT DIVIDED,STRAIGHT AND LEVEL,UNKNOWN,UNKNOWN,,UNABLE TO DETERMINE,NOT APPLICABLE,,NO INDICATION OF INJURY,19,3,41.9126661833,-87.6807807836,2024,30,POINT (-87.6807807836 41.9126661833),,,,,2024-03-16,False,6,Lincoln Park
10511,25,NO CONTROLS,NO CONTROLS,CLEAR,DUSK,PEDALCYCLIST,NOT DIVIDED,STRAIGHT AND LEVEL,DRY,NO DEFECTS,,UNABLE TO DETERMINE,NOT APPLICABLE,Y,NO INDICATION OF INJURY,19,3,41.9091269881,-87.6752852022,2024,25,POINT (-87.6752852022 41.9091269881),,,,,2024-03-16,False,23,West Town
10512,30,NO CONTROLS,NO CONTROLS,CLEAR,DARKNESS,PEDALCYCLIST,ONE-WAY,STRAIGHT AND LEVEL,DRY,NO DEFECTS,N,NOT APPLICABLE,NOT APPLICABLE,,NO INDICATION OF INJURY,20,3,41.9516943471,-87.7621716918,2024,30,POINT (-87.7621716918 41.9516943471),,,,,2024-03-16,False,14,Portage Park
10513,30,NO CONTROLS,NO CONTROLS,CLEAR,"DARKNESS, LIGHTED ROAD",PEDALCYCLIST,NOT DIVIDED,STRAIGHT AND LEVEL,DRY,NO DEFECTS,,"DISTRACTION - OTHER ELECTRONIC DEVICE (NAVIGATION DEVICE, DVD PLAYER, ETC.)","DISTRACTION - OTHER ELECTRONIC DEVICE (NAVIGATION DEVICE, DVD PLAYER, ETC.)",N,"REPORTED, NOT EVIDENT",0,3,41.9321168258,-87.6636988156,2024,30,POINT (-87.6636988156 41.9321168258),,,,,2024-03-17,False,6,Lincoln Park
10514,30,NO CONTROLS,NO CONTROLS,CLEAR,DAYLIGHT,PEDALCYCLIST,NOT DIVIDED,STRAIGHT AND LEVEL,DRY,NO DEFECTS,,UNABLE TO DETERMINE,UNABLE TO DETERMINE,Y,NONINCAPACITATING INJURY,11,3,41.907970608,-87.6734763954,2024,30,POINT (-87.6734763954 41.907970608),,,,,2024-03-17,False,23,West Town
10515,30,NO CONTROLS,NO CONTROLS,UNKNOWN,"DARKNESS, LIGHTED ROAD",PEDALCYCLIST,NOT DIVIDED,STRAIGHT AND LEVEL,UNKNOWN,NO DEFECTS,,UNABLE TO DETERMINE,UNABLE TO DETERMINE,,"REPORTED, NOT EVIDENT",21,3,41.9439802544,-87.6492385995,2024,30,POINT (-87.6492385995 41.9439802544),,,,,2024-03-17,False,5,Lake View
10516,30,TRAFFIC SIGNAL,FUNCTIONING PROPERLY,CLEAR,DAYLIGHT,PEDALCYCLIST,NOT DIVIDED,STRAIGHT AND LEVEL,DRY,NO DEFECTS,Y,FAILING TO YIELD RIGHT-OF-WAY,NOT APPLICABLE,,NO INDICATION OF INJURY,16,3,41.9465425148,-87.7024758312,2024,30,POINT (-87.7024758312 41.9465425148),,,,,2024-03-18,False,15,Irving Park
10517,30,NO CONTROLS,NO CONTROLS,CLEAR,DAYLIGHT,PEDALCYCLIST,ONE-WAY,STRAIGHT AND LEVEL,DRY,NO DEFECTS,Y,FAILING TO YIELD RIGHT-OF-WAY,NOT APPLICABLE,,"REPORTED, NOT EVIDENT",7,3,41.9506400791,-87.6771161188,2024,30,POINT (-87.6771161188 41.9506400791),,,,,2024-03-19,False,4,North Center
10518,30,TRAFFIC SIGNAL,FUNCTIONING PROPERLY,CLEAR,DAYLIGHT,PEDALCYCLIST,NOT DIVIDED,STRAIGHT AND LEVEL,DRY,NO DEFECTS,,FAILING TO YIELD RIGHT-OF-WAY,NOT APPLICABLE,,"REPORTED, NOT EVIDENT",11,3,41.8947655404,-87.7259174034,2024,30,POINT (-87.7259174034 41.8947655404),,,,,2024-03-19,False,22,Humboldt Park
10519,10,NO CONTROLS,NO CONTROLS,CLEAR,DAYLIGHT,PEDALCYCLIST,ALLEY,STRAIGHT AND LEVEL,DRY,NO DEFECTS,,UNABLE TO DETERMINE,NOT APPLICABLE,,NO INDICATION OF INJURY,13,3,41.9558777413,-87.702024849,2024,10,POINT (-87.702024849 41.9558777413),,,,,2024-03-19,False,15,Irving Park
10520,30,STOP SIGN/FLASHER,FUNCTIONING PROPERLY,CLEAR,DAYLIGHT,PEDALCYCLIST,NOT DIVIDED,STRAIGHT AND LEVEL,DRY,NO DEFECTS,,IMPROPER LANE USAGE,UNABLE TO DETERMINE,,NO INDICATION OF INJURY,17,3,41.9377713337,-87.7219098455,2024,30,POINT (-87.7219098455 41.9377713337),,,,,2024-03-19,False,20,Avondale
10521,30,STOP SIGN/FLASHER,FUNCTIONING PROPERLY,CLEAR,"DARKNESS, LIGHTED ROAD",PEDALCYCLIST,FOUR WAY,STRAIGHT AND LEVEL,DRY,UNKNOWN,Y,DISREGARDING STOP SIGN,FAILING TO YIELD RIGHT-OF-WAY,N,NO INDICATION OF INJURY,19,3,41.9701821722,-87.7273986454,2024,30,POINT (-87.7273986454 41.9701821722),,,,,2024-03-19,False,11,Forest Glen
10522,30,NO CONTROLS,UNKNOWN,CLEAR,DAYLIGHT,PEDALCYCLIST,ALLEY,STRAIGHT AND LEVEL,UNKNOWN,UNKNOWN,,UNABLE TO DETERMINE,FAILING TO YIELD RIGHT-OF-WAY,,NONINCAPACITATING INJURY,10,3,41.7948202079,-87.6216162386,2024,30,POINT (-87.6216162386 41.7948202079),,,,,2024-03-20,False,39,Washington Park
10523,30,NO CONTROLS,UNKNOWN,CLEAR,DAYLIGHT,PEDALCYCLIST,ONE-WAY,STRAIGHT AND LEVEL,DRY,UNKNOWN,,FAILING TO YIELD RIGHT-OF-WAY,FAILING TO YIELD RIGHT-OF-WAY,,NONINCAPACITATING INJURY,13,3,41.7505805414,-87.6475352516,2024,30,POINT (-87.6475352516 41.7505805414),,,,,2024-03-20,False,70,Auburn Gresham
10524,25,STOP SIGN/FLASHER,FUNCTIONING PROPERLY,CLOUDY/OVERCAST,DAYLIGHT,PEDALCYCLIST,ONE-WAY,STRAIGHT AND LEVEL,DRY,NO DEFECTS,,DRIVING ON WRONG SIDE/WRONG WAY,NOT APPLICABLE,,NO INDICATION OF INJURY,7,3,41.9090822409,-87.797354071,2024,25,POINT (-87.797354071 41.9090822409),,,,,2024-03-21,False,24,Austin
10525,30,NO CONTROLS,NO CONTROLS,CLEAR,DAYLIGHT,PEDALCYCLIST,DIVIDED - W/MEDIAN (NOT RAISED),STRAIGHT AND LEVEL,DRY,UNKNOWN,,UNABLE TO DETERMINE,NOT APPLICABLE,,NONINCAPACITATING INJURY,17,3,41.890379269,-87.6767489318,2024,30,POINT (-87.6767489318 41.890379269),,,,,2024-03-21,False,23,West Town
10526,25,NO CONTROLS,NO CONTROLS,CLEAR,DAYLIGHT,PEDALCYCLIST,ONE-WAY,STRAIGHT AND LEVEL,DRY,UNKNOWN,,UNABLE TO DETERMINE,UNABLE TO DETERMINE,Y,NO INDICATION OF INJURY,17,3,41.9522171355,-87.6791812831,2024,25,POINT (-87.6791812831 41.9522171355),,,,,2024-03-21,False,4,North Center
10527,30,TRAFFIC SIGNAL,UNKNOWN,CLEAR,DAYLIGHT,PEDALCYCLIST,NOT DIVIDED,STRAIGHT AND LEVEL,UNKNOWN,UNKNOWN,,UNABLE TO DETERMINE,UNABLE TO DETERMINE,,NO INDICATION OF INJURY,18,3,41.9655519118,-87.6539298563,2024,30,POINT (-87.6539298563 41.9655519118),,,,,2024-03-21,False,2,Uptown
10528,30,NO CONTROLS,NO CONTROLS,SNOW,DAYLIGHT,PEDALCYCLIST,NOT DIVIDED,STRAIGHT AND LEVEL,DRY,NO DEFECTS,,UNABLE TO DETERMINE,UNABLE TO DETERMINE,,NO INDICATION OF INJURY,15,3,41.8377364586,-87.6464167637,2024,30,POINT (-87.6464167637 41.8377364586),,,,,2024-03-22,False,30,Lower West Side
10529,30,STOP SIGN/FLASHER,FUNCTIONING PROPERLY,SNOW,DAYLIGHT,PEDALCYCLIST,FOUR WAY,STRAIGHT AND LEVEL,SNOW OR SLUSH,NO DEFECTS,Y,FAILING TO YIELD RIGHT-OF-WAY,UNABLE TO DETERMINE,,"REPORTED, NOT EVIDENT",16,3,42.0113042406,-87.6743288099,2024,30,POINT (-87.6743288099 42.0113042406),,,,,2024-03-22,False,0,Rogers Park
10530,30,TRAFFIC SIGNAL,FUNCTIONING PROPERLY,SNOW,DUSK,PEDALCYCLIST,T-INTERSECTION,STRAIGHT AND LEVEL,WET,UNKNOWN,Y,UNABLE TO DETERMINE,NOT APPLICABLE,,NO INDICATION OF INJURY,17,3,41.9753218123,-87.7377419616,2024,30,POINT (-87.7377419616 41.9753218123),,,,,2024-03-22,False,11,Forest Glen
10531,30,TRAFFIC SIGNAL,FUNCTIONING PROPERLY,CLEAR,"DARKNESS, LIGHTED ROAD",PEDALCYCLIST,RAMP,STRAIGHT AND LEVEL,DRY,NO DEFECTS,Y,DISREGARDING TRAFFIC SIGNALS,FAILING TO YIELD RIGHT-OF-WAY,,NO INDICATION OF INJURY,0,3,41.8529769859,-87.6309693986,2024,30,POINT (-87.6309693986 41.8529769859),,,,,2024-03-23,False,32,Near South Side
10532,30,TRAFFIC SIGNAL,UNKNOWN,CLEAR,DARKNESS,PEDALCYCLIST,FOUR WAY,STRAIGHT AND LEVEL,UNKNOWN,UNKNOWN,Y,UNABLE TO DETERMINE,NOT APPLICABLE,N,NONINCAPACITATING INJURY,0,3,41.8670865559,-87.6438722331,2024,30,POINT (-87.6438722331 41.8670865559),,,,,2024-03-23,False,27,Near West Side
10533,30,NO CONTROLS,NO CONTROLS,CLEAR,DAYLIGHT,PEDALCYCLIST,NOT DIVIDED,STRAIGHT AND LEVEL,DRY,NO DEFECTS,,UNABLE TO DETERMINE,NOT APPLICABLE,,NONINCAPACITATING INJURY,18,3,41.8956517673,-87.6857298996,2024,30,POINT (-87.6857298996 41.8956517673),,,,,2024-03-23,False,23,West Town
10534,25,TRAFFIC SIGNAL,FUNCTIONING PROPERLY,CLEAR,"DARKNESS, LIGHTED ROAD",PEDALCYCLIST,DIVIDED - W/MEDIAN (NOT RAISED),STRAIGHT AND LEVEL,DRY,NO DEFECTS,,NOT APPLICABLE,NOT APPLICABLE,,NO INDICATION OF INJURY,20,3,41.9320877474,-87.7123858295,2024,25,POINT (-87.7123858295 41.9320877474),,,,,2024-03-23,False,20,Avondale
10535,30,TRAFFIC SIGNAL,FUNCTIONING PROPERLY,CLEAR,DAYLIGHT,PEDALCYCLIST,FOUR WAY,STRAIGHT AND LEVEL,UNKNOWN,UNKNOWN,Y,FAILING TO YIELD RIGHT-OF-WAY,DRIVING SKILLS/KNOWLEDGE/EXPERIENCE,,NONINCAPACITATING INJURY,7,3,41.8743821158,-87.6326949952,2024,30,POINT (-87.6326949952 41.8743821158),,,,,2024-03-25,False,31,Loop
10536,30,TRAFFIC SIGNAL,FUNCTIONING PROPERLY,CLEAR,DAYLIGHT,PEDALCYCLIST,ONE-WAY,STRAIGHT AND LEVEL,DRY,NO DEFECTS,,DRIVING ON WRONG SIDE/WRONG WAY,IMPROPER LANE USAGE,,INCAPACITATING INJURY,11,3,41.8780517092,-87.6297068059,2024,30,POINT (-87.6297068059 41.8780517092),,,,,2024-03-25,True,31,Loop
10537,30,NO CONTROLS,NO CONTROLS,UNKNOWN,DAYLIGHT,PEDALCYCLIST,NOT DIVIDED,STRAIGHT AND LEVEL,UNKNOWN,UNKNOWN,,NOT APPLICABLE,NOT APPLICABLE,Y,NO INDICATION OF INJURY,14,3,41.8967732154,-87.6291983112,2024,30,POINT (-87.6291983112 41.8967732154),,,,,2024-03-25,False,7,Near North Side
10538,30,NO CONTROLS,NO CONTROLS,CLOUDY/OVERCAST,"DARKNESS, LIGHTED ROAD",PEDALCYCLIST,NOT DIVIDED,STRAIGHT AND LEVEL,WET,NO DEFECTS,,"OPERATING VEHICLE IN ERRATIC, RECKLESS, CARELESS, NEGLIGENT OR AGGRESSIVE MANNER",UNABLE TO DETERMINE,,NONINCAPACITATING INJURY,6,3,41.8112076879,-87.6846609141,2024,30,POINT (-87.6846609141 41.8112076879),,,,,2024-03-26,False,57,Brighton Park
10539,30,NO CONTROLS,NO CONTROLS,CLEAR,DAYLIGHT,PEDALCYCLIST,NOT DIVIDED,STRAIGHT AND LEVEL,DRY,NO DEFECTS,,UNABLE TO DETERMINE,NOT APPLICABLE,N,NONINCAPACITATING INJURY,10,3,41.8424419781,-87.6462393671,2024,30,POINT (-87.6462393671 41.8424419781),,,,,2024-03-26,False,30,Lower West Side
10540,30,UNKNOWN,UNKNOWN,UNKNOWN,UNKNOWN,PEDALCYCLIST,ONE-WAY,STRAIGHT AND LEVEL,UNKNOWN,UNKNOWN,,UNABLE TO DETERMINE,UNABLE TO DETERMINE,,NO INDICATION OF INJURY,12,3,41.8831152214,-87.6251725087,2024,30,POINT (-87.6251725087 41.8831152214),,,,,2024-03-26,False,31,Loop
10541,15,NO CONTROLS,NO CONTROLS,CLEAR,DAYLIGHT,PEDALCYCLIST,ONE-WAY,STRAIGHT AND LEVEL,UNKNOWN,NO DEFECTS,,UNABLE TO DETERMINE,UNABLE TO DETERMINE,,NONINCAPACITATING INJURY,17,3,41.9250329611,-87.7217481017,2024,15,POINT (-87.7217481017 41.9250329611),,,,,2024-03-26,False,21,Logan Square
10542,30,NO CONTROLS,UNKNOWN,CLEAR,"DARKNESS, LIGHTED ROAD",PEDALCYCLIST,ONE-WAY,STRAIGHT AND LEVEL,DRY,NO DEFECTS,,NOT APPLICABLE,UNABLE TO DETERMINE,,NONINCAPACITATING INJURY,20,3,41.9081902999,-87.6824329435,2024,30,POINT (-87.6824329435 41.9081902999),,,,,2024-03-26,False,23,West Town
10543,30,TRAFFIC SIGNAL,FUNCTIONING PROPERLY,CLEAR,DAYLIGHT,PEDALCYCLIST,ONE-WAY,STRAIGHT AND LEVEL,DRY,NO DEFECTS,Y,DISREGARDING TRAFFIC SIGNALS,FAILING TO YIELD RIGHT-OF-WAY,,NONINCAPACITATING INJURY,7,3,41.8805316746,-87.6352052649,2024,30,POINT (-87.6352052649 41.8805316746),,,,,2024-03-27,False,27,Near West Side
10544,30,STOP SIGN/FLASHER,FUNCTIONING PROPERLY,CLEAR,DAYLIGHT,PEDALCYCLIST,FOUR WAY,STRAIGHT AND LEVEL,DRY,NO DEFECTS,,"VISION OBSCURED (SIGNS, TREE LIMBS, BUILDINGS, ETC.)",NOT APPLICABLE,N,NO INDICATION OF INJURY,12,3,41.9152540794,-87.6847664863,2024,30,POINT (-87.6847664863 41.9152540794),,,,,2024-03-27,False,21,Logan Square
10545,30,TRAFFIC SIGNAL,FUNCTIONING PROPERLY,CLEAR,DAYLIGHT,PEDALCYCLIST,FOUR WAY,STRAIGHT AND LEVEL,DRY,NO DEFECTS,Y,UNABLE TO DETERMINE,UNABLE TO DETERMINE,,INCAPACITATING INJURY,16,3,42.019095965,-87.7085154682,2024,30,POINT (-87.7085154682 42.019095965),,,,,2024-03-27,True,1,West Ridge
10546,35,TRAFFIC SIGNAL,FUNCTIONING PROPERLY,CLEAR,DAYLIGHT,PEDALCYCLIST,FOUR WAY,STRAIGHT AND LEVEL,DRY,NO DEFECTS,Y,UNABLE TO DETERMINE,NOT APPLICABLE,,NO INDICATION OF INJURY,7,3,41.8804479088,-87.6418389753,2024,35,POINT (-87.6418389753 41.8804479088),,,,,2024-03-28,False,27,Near West Side
10547,30,TRAFFIC SIGNAL,UNKNOWN,CLEAR,DAYLIGHT,PEDALCYCLIST,NOT DIVIDED,STRAIGHT AND LEVEL,UNKNOWN,UNKNOWN,Y,FAILING TO YIELD RIGHT-OF-WAY,UNABLE TO DETERMINE,,NONINCAPACITATING INJURY,13,3,41.9313713149,-87.7661026335,2024,30,POINT (-87.7661026335 41.9313713149),,,,,2024-03-28,False,18,Belmont Cragin
10548,30,NO CONTROLS,NO CONTROLS,CLEAR,"DARKNESS, LIGHTED ROAD",PEDALCYCLIST,NOT DIVIDED,STRAIGHT AND LEVEL,DRY,NO DEFECTS,,UNABLE TO DETERMINE,NOT APPLICABLE,,NO INDICATION OF INJURY,16,3,41.9532852077,-87.6736251474,2024,30,POINT (-87.6736251474 41.9532852077),,,,,2024-03-28,False,4,North Center
10549,30,NO CONTROLS,NO CONTROLS,CLEAR,DARKNESS,PEDALCYCLIST,NOT DIVIDED,STRAIGHT AND LEVEL,DRY,NO DEFECTS,,NOT APPLICABLE,NOT APPLICABLE,Y,"REPORTED, NOT EVIDENT",19,3,41.9291745123,-87.6463132787,2024,30,POINT (-87.6463132787 41.9291745123),,,,,2024-03-28,False,6,Lincoln Park
10550,30,TRAFFIC SIGNAL,FUNCTIONING PROPERLY,CLEAR,DAYLIGHT,PEDALCYCLIST,NOT DIVIDED,STRAIGHT AND LEVEL,DRY,NO DEFECTS,N,IMPROPER OVERTAKING/PASSING,IMPROPER OVERTAKING/PASSING,,"REPORTED, NOT EVIDENT",14,3,41.8538282529,-87.6858339647,2024,30,POINT (-87.6858339647 41.8538282529),,,,,2024-03-29,False,30,Lower West Side
10551,30,NO CONTROLS,UNKNOWN,CLEAR,DAYLIGHT,PEDALCYCLIST,NOT DIVIDED,STRAIGHT AND LEVEL,DRY,NO DEFECTS,,IMPROPER OVERTAKING/PASSING,UNABLE TO DETERMINE,,INCAPACITATING INJURY,15,3,41.7359113162,-87.6416605873,2024,30,POINT (-87.6416605873 41.7359113162),,,,,2024-03-29,True,48,Roseland