Unnamed: 0,POSTED_SPEED_LIMIT,TRAFFIC_CONTROL_DEVICE,DEVICE_CONDITION,WEATHER_CONDITION,LIGHTING_CONDITION,FIRST_CRASH_TYPE,TRAFFICWAY_TYPE,ALIGNMENT,ROADWAY_SURFACE_COND,ROAD_DEFECT,INTERSECTION_RELATED_I,PRIM_CONTRIBUTORY_CAUSE,SEC_CONTRIBUTORY_CAUSE,DOORING_I,MOST_SEVERE_INJURY,CRASH_HOUR,CRASH_MONTH,LATITUDE,LONGITUDE,CRASH_YEAR,SPEED_LIMIT,geometry,DISPLAYROU,the_geom,DIST,LANE_TYPE,CRASH_DATE,is_severe,index_right,CArea
10552,30,NO CONTROLS,NO CONTROLS,CLEAR,DAYLIGHT,PEDALCYCLIST,ALLEY,STRAIGHT AND LEVEL,DRY,WORN SURFACE,,DRIVING SKILLS/KNOWLEDGE/EXPERIENCE,NOT APPLICABLE,N,NONINCAPACITATING INJURY,11,3,41.8994846387,-87.6872153291,2024,30,POINT (-87.6872153291 41.8994846387),,,,,2024-03-30,False,23,West Town
10553,30,STOP SIGN/FLASHER,FUNCTIONING PROPERLY,CLEAR,DAYLIGHT,PEDALCYCLIST,NOT DIVIDED,STRAIGHT AND LEVEL,DRY,NO DEFECTS,Y,UNABLE TO DETERMINE,NOT APPLICABLE,,NONINCAPACITATING INJURY,15,3,41.9356038967,-87.6473294651,2024,30,POINT (-87.6473294651 41.9356038967),,,,,2024-03-30,False,5,Lake View
10554,30,NO CONTROLS,NO CONTROLS,CLEAR,DAYLIGHT,PEDALCYCLIST,DIVIDED - W/MEDIAN (NOT RAISED),STRAIGHT AND LEVEL,DRY,NO DEFECTS,,UNABLE TO DETERMINE,NOT APPLICABLE,,NONINCAPACITATING INJURY,11,4,41.9543501166,-87.6562406688,2024,30,POINT (-87.6562406688 41.9543501166),,,,,2024-04-01,False,5,Lake View
10555,30,NO CONTROLS,NO CONTROLS,RAIN,UNKNOWN,PEDALCYCLIST,FOUR WAY,STRAIGHT AND LEVEL,WET,UNKNOWN,Y,UNABLE TO DETERMINE,NOT APPLICABLE,,NONINCAPACITATING INJURY,16,4,41.9159307173,-87.687515578,2024,30,POINT (-87.687515578 41.9159307173),,,,,2024-04-01,False,21,Logan Square
10556,20,TRAFFIC SIGNAL,FUNCTIONING PROPERLY,RAIN,DAYLIGHT,PEDALCYCLIST,DIVIDED - W/MEDIAN (NOT RAISED),STRAIGHT AND LEVEL,WET,NO DEFECTS,Y,UNABLE TO DETERMINE,UNABLE TO DETERMINE,,NONINCAPACITATING INJURY,16,4,41.9464585843,-87.6942798858,2024,20,POINT (-87.6942798858 41.9464585843),,,,,2024-04-01,False,4,North Center
10557,20,STOP SIGN/FLASHER,NO CONTROLS,RAIN,DAYLIGHT,PEDALCYCLIST,FOUR WAY,STRAIGHT AND LEVEL,WET,UNKNOWN,Y,WEATHER,NOT APPLICABLE,,NONINCAPACITATING INJURY,17,4,41.9032731896,-87.6293848364,2024,20,POINT (-87.6293848364 41.9032731896),,,,,2024-04-01,False,7,Near North Side
10558,30,TRAFFIC SIGNAL,UNKNOWN,RAIN,"DARKNESS, LIGHTED ROAD",PEDALCYCLIST,FOUR WAY,STRAIGHT AND LEVEL,WET,UNKNOWN,Y,UNABLE TO DETERMINE,UNABLE TO DETERMINE,,NONINCAPACITATING INJURY,19,4,41.9175110229,-87.7070536389,2024,30,POINT (-87.7070536389 41.9175110229),,,,,2024-04-01,False,21,Logan Square
10559,35,NO CONTROLS,OTHER,RAIN,"DARKNESS, LIGHTED ROAD",PEDALCYCLIST,DIVIDED - W/MEDIAN (NOT RAISED),STRAIGHT AND LEVEL,WET,NO DEFECTS,Y,NOT APPLICABLE,NOT APPLICABLE,,NONINCAPACITATING INJURY,20,4,41.8084218772,-87.6721910211,2024,35,POINT (-87.6721910211 41.8084218772),,,,,2024-04-01,False,60,New City
10560,30,TRAFFIC SIGNAL,FUNCTIONING PROPERLY,RAIN,DAYLIGHT,PEDALCYCLIST,NOT DIVIDED,STRAIGHT AND LEVEL,WET,NO DEFECTS,,UNABLE TO DETERMINE,NOT APPLICABLE,,INCAPACITATING INJURY,13,4,41.951276866,-87.6497656218,2024,30,POINT (-87.6497656218 41.951276866),,,,,2024-04-02,True,5,Lake View
10561,30,TRAFFIC SIGNAL,FUNCTIONING PROPERLY,FREEZING RAIN/DRIZZLE,DAYLIGHT,PEDALCYCLIST,ONE-WAY,STRAIGHT AND LEVEL,WET,UNKNOWN,Y,DISREGARDING TRAFFIC SIGNALS,NOT APPLICABLE,,NO INDICATION OF INJURY,10,4,41.8843259845,-87.6414323557,2024,30,POINT (-87.6414323557 41.8843259845),,,,,2024-04-04,False,27,Near West Side
10562,30,NO CONTROLS,NO CONTROLS,CLEAR,DAYLIGHT,PEDALCYCLIST,NOT DIVIDED,STRAIGHT AND LEVEL,DRY,NO DEFECTS,,"VISION OBSCURED (SIGNS, TREE LIMBS, BUILDINGS, ETC.)",NOT APPLICABLE,,NONINCAPACITATING INJURY,15,4,41.9263312972,-87.6711862919,2024,30,POINT (-87.6711862919 41.9263312972),,,,,2024-04-04,False,6,Lincoln Park
10563,30,TRAFFIC SIGNAL,FUNCTIONING PROPERLY,UNKNOWN,UNKNOWN,PEDALCYCLIST,NOT DIVIDED,STRAIGHT AND LEVEL,UNKNOWN,UNKNOWN,Y,FOLLOWING TOO CLOSELY,FOLLOWING TOO CLOSELY,,NO INDICATION OF INJURY,17,4,41.8529837725,-87.6271151474,2024,30,POINT (-87.6271151474 41.8529837725),,,,,2024-04-04,False,32,Near South Side
10564,30,NO CONTROLS,NO CONTROLS,CLEAR,"DARKNESS, LIGHTED ROAD",PEDALCYCLIST,NOT DIVIDED,STRAIGHT AND LEVEL,DRY,UNKNOWN,,UNABLE TO DETERMINE,UNABLE TO DETERMINE,,NO INDICATION OF INJURY,19,4,41.979884283,-87.6684294847,2024,30,POINT (-87.6684294847 41.979884283),,,,,2024-04-04,False,76,Edgewater
10565,30,TRAFFIC SIGNAL,FUNCTIONING PROPERLY,CLEAR,DAYLIGHT,PEDALCYCLIST,NOT DIVIDED,STRAIGHT AND LEVEL,DRY,NO DEFECTS,Y,FAILING TO YIELD RIGHT-OF-WAY,NOT APPLICABLE,,"REPORTED, NOT EVIDENT",7,4,41.8915668944,-87.6324334307,2024,30,POINT (-87.6324334307 41.8915668944),,,,,2024-04-05,False,7,Near North Side
10566,30,NO CONTROLS,NO CONTROLS,CLEAR,DAYLIGHT,PEDALCYCLIST,NOT DIVIDED,STRAIGHT AND LEVEL,DRY,NO DEFECTS,,UNABLE TO DETERMINE,UNABLE TO DETERMINE,Y,"REPORTED, NOT EVIDENT",9,4,41.997249288,-87.6606262829,2024,30,POINT (-87.6606262829 41.997249288),,,,,2024-04-05,False,76,Edgewater
10567,30,NO CONTROLS,NO CONTROLS,CLEAR,DAYLIGHT,PEDALCYCLIST,DIVIDED - W/MEDIAN (NOT RAISED),STRAIGHT AND LEVEL,DRY,NO DEFECTS,,UNABLE TO DETERMINE,UNABLE TO DETERMINE,Y,NONINCAPACITATING INJURY,11,4,41.8379872888,-87.6420670659,2024,30,POINT (-87.6420670659 41.8379872888),,,,,2024-04-05,False,30,Lower West Side
10568,30,STOP SIGN/FLASHER,FUNCTIONING PROPERLY,CLEAR,DAYLIGHT,PEDALCYCLIST,T-INTERSECTION,STRAIGHT AND LEVEL,DRY,NO DEFECTS,Y,UNABLE TO DETERMINE,UNABLE TO DETERMINE,,INCAPACITATING INJURY,16,4,41.8056087323,-87.7040530939,2024,30,POINT (-87.7040530939 41.8056087323),,,,,2024-04-05,True,57,Brighton Park
10569,30,NO CONTROLS,UNKNOWN,CLEAR,DAYLIGHT,PEDALCYCLIST,OTHER,STRAIGHT AND LEVEL,DRY,UNKNOWN,,NOT APPLICABLE,NOT APPLICABLE,,NONINCAPACITATING INJURY,14,4,41.8096743832,-87.6039235623,2024,30,POINT (-87.6039235623 41.8096743832),,,,,2024-04-06,False,38,Kenwood
10570,30,NO CONTROLS,NO CONTROLS,CLEAR,DAYLIGHT,PEDALCYCLIST,NOT DIVIDED,STRAIGHT AND LEVEL,DRY,NO DEFECTS,,UNABLE TO DETERMINE,NOT APPLICABLE,,NO INDICATION OF INJURY,15,4,41.8957965124,-87.6773227997,2024,30,POINT (-87.6773227997 41.8957965124),,,,,2024-04-06,False,23,West Town
10571,30,NO CONTROLS,NO CONTROLS,CLEAR,"DARKNESS, LIGHTED ROAD",PEDALCYCLIST,PARKING LOT,STRAIGHT AND LEVEL,DRY,NO DEFECTS,,UNABLE TO DETERMINE,UNABLE TO DETERMINE,,NONINCAPACITATING INJURY,1,4,41.9648159651,-87.6569380015,2024,30,POINT (-87.6569380015 41.9648159651),,,,,2024-04-07,False,2,Uptown
10572,30,STOP SIGN/FLASHER,FUNCTIONING PROPERLY,RAIN,DAYLIGHT,PEDALCYCLIST,NOT DIVIDED,STRAIGHT AND LEVEL,WET,NO DEFECTS,,DISREGARDING STOP SIGN,UNABLE TO DETERMINE,,"REPORTED, NOT EVIDENT",11,4,41.7518006489,-87.5528808849,2024,30,POINT (-87.5528808849 41.7518006489),,,,,2024-04-07,False,42,South Shore
10573,30,TRAFFIC SIGNAL,FUNCTIONING PROPERLY,CLEAR,DAYLIGHT,PEDALCYCLIST,FOUR WAY,STRAIGHT AND LEVEL,DRY,NO DEFECTS,Y,DISREGARDING TRAFFIC SIGNALS,NOT APPLICABLE,,NO INDICATION OF INJURY,8,4,41.9309925577,-87.7955288567,2024,30,POINT (-87.7955288567 41.9309925577),,,,,2024-04-08,False,17,Montclare
10574,30,TRAFFIC SIGNAL,FUNCTIONING PROPERLY,CLEAR,DAYLIGHT,PEDALCYCLIST,NOT DIVIDED,STRAIGHT AND LEVEL,DRY,NO DEFECTS,,FAILING TO YIELD RIGHT-OF-WAY,IMPROPER LANE USAGE,,"REPORTED, NOT EVIDENT",9,4,41.8523106816,-87.6610354777,2024,30,POINT (-87.6610354777 41.8523106816),,,,,2024-04-08,False,30,Lower West Side
10575,30,NO CONTROLS,NO CONTROLS,CLEAR,DAYLIGHT,PEDALCYCLIST,NOT DIVIDED,STRAIGHT AND LEVEL,DRY,NO DEFECTS,,"VISION OBSCURED (SIGNS, TREE LIMBS, BUILDINGS, ETC.)",NOT APPLICABLE,,NONINCAPACITATING INJURY,12,4,41.9398288351,-87.6669668815,2024,30,POINT (-87.6669668815 41.9398288351),,,,,2024-04-08,False,5,Lake View
10576,30,STOP SIGN/FLASHER,FUNCTIONING PROPERLY,CLEAR,DAYLIGHT,PEDALCYCLIST,NOT DIVIDED,STRAIGHT AND LEVEL,DRY,NO DEFECTS,Y,DISREGARDING STOP SIGN,UNABLE TO DETERMINE,,"REPORTED, NOT EVIDENT",14,4,41.9685973852,-87.7818952107,2024,30,POINT (-87.7818952107 41.9685973852),,,,,2024-04-08,False,10,Jefferson Park
10577,30,TRAFFIC SIGNAL,FUNCTIONING PROPERLY,CLEAR,DAYLIGHT,PEDALCYCLIST,DIVIDED - W/MEDIAN (NOT RAISED),STRAIGHT AND LEVEL,DRY,NO DEFECTS,,NOT APPLICABLE,NOT APPLICABLE,,NO INDICATION OF INJURY,14,4,41.9533349966,-87.7448614581,2024,30,POINT (-87.7448614581 41.9533349966),,,,,2024-04-08,False,14,Portage Park
10578,25,TRAFFIC SIGNAL,FUNCTIONING PROPERLY,CLEAR,DAYLIGHT,PEDALCYCLIST,FOUR WAY,STRAIGHT AND LEVEL,DRY,NO DEFECTS,Y,IMPROPER TURNING/NO SIGNAL,IMPROPER TURNING/NO SIGNAL,,NONINCAPACITATING INJURY,16,4,41.979884283,-87.6684294847,2024,25,POINT (-87.6684294847 41.979884283),,,,,2024-04-08,False,76,Edgewater
10579,30,TRAFFIC SIGNAL,UNKNOWN,CLEAR,DAYLIGHT,PEDALCYCLIST,NOT DIVIDED,STRAIGHT AND LEVEL,UNKNOWN,UNKNOWN,Y,UNABLE TO DETERMINE,UNABLE TO DETERMINE,,NO INDICATION OF INJURY,17,4,41.9617655799,-87.6478841101,2024,30,POINT (-87.6478841101 41.9617655799),,,,,2024-04-08,False,2,Uptown
10580,30,NO CONTROLS,NO CONTROLS,CLEAR,"DARKNESS, LIGHTED ROAD",PEDALCYCLIST,NOT DIVIDED,STRAIGHT AND LEVEL,UNKNOWN,UNKNOWN,,FAILING TO YIELD RIGHT-OF-WAY,FAILING TO REDUCE SPEED TO AVOID CRASH,,NONINCAPACITATING INJURY,20,4,42.0141820295,-87.6900839861,2024,30,POINT (-87.6900839861 42.0141820295),,,,,2024-04-08,False,1,West Ridge
10581,30,STOP SIGN/FLASHER,FUNCTIONING PROPERLY,CLEAR,"DARKNESS, LIGHTED ROAD",PEDALCYCLIST,FOUR WAY,STRAIGHT AND LEVEL,DRY,NO DEFECTS,Y,UNABLE TO DETERMINE,UNABLE TO DETERMINE,,NONINCAPACITATING INJURY,21,4,41.8919326883,-87.7114755606,2024,30,POINT (-87.7114755606 41.8919326883),,,,,2024-04-08,False,22,Humboldt Park
10582,30,STOP SIGN/FLASHER,FUNCTIONING PROPERLY,CLEAR,DAYLIGHT,PEDALCYCLIST,FOUR WAY,STRAIGHT AND LEVEL,DRY,NO DEFECTS,,UNABLE TO DETERMINE,NOT APPLICABLE,,NO INDICATION OF INJURY,8,4,41.8288602711,-87.6437674937,2024,30,POINT (-87.6437674937 41.8288602711),,,,,2024-04-09,False,33,Armour Square
10583,30,OTHER,FUNCTIONING PROPERLY,CLEAR,DAYLIGHT,PEDALCYCLIST,ONE-WAY,STRAIGHT AND LEVEL,DRY,NO DEFECTS,,UNABLE TO DETERMINE,NOT APPLICABLE,,NONINCAPACITATING INJURY,14,4,41.8915835503,-87.6312722986,2024,30,POINT (-87.6312722986 41.8915835503),,,,,2024-04-09,False,7,Near North Side
10584,30,NO CONTROLS,NO CONTROLS,CLEAR,DAYLIGHT,PEDALCYCLIST,NOT DIVIDED,STRAIGHT AND LEVEL,DRY,NO DEFECTS,,UNABLE TO DETERMINE,UNABLE TO DETERMINE,,"REPORTED, NOT EVIDENT",17,4,41.8376116735,-87.648842673,2024,30,POINT (-87.648842673 41.8376116735),,,,,2024-04-09,False,30,Lower West Side
10585,30,NO CONTROLS,NO CONTROLS,CLEAR,DAYLIGHT,PEDALCYCLIST,DIVIDED - W/MEDIAN (NOT RAISED),STRAIGHT AND LEVEL,DRY,NO DEFECTS,,IMPROPER TURNING/NO SIGNAL,NOT APPLICABLE,N,NO INDICATION OF INJURY,18,4,41.8369132254,-87.7314112956,2024,30,POINT (-87.7314112956 41.8369132254),,,,,2024-04-09,False,29,South Lawndale
10586,30,STOP SIGN/FLASHER,FUNCTIONING PROPERLY,CLEAR,DAYLIGHT,PEDALCYCLIST,DIVIDED - W/MEDIAN (NOT RAISED),STRAIGHT AND LEVEL,DRY,NO DEFECTS,Y,DISREGARDING STOP SIGN,FAILING TO REDUCE SPEED TO AVOID CRASH,,NO INDICATION OF INJURY,18,4,41.9006344839,-87.6300377446,2024,30,POINT (-87.6300377446 41.9006344839),,,,,2024-04-09,False,7,Near North Side
10587,30,STOP SIGN/FLASHER,FUNCTIONING PROPERLY,CLEAR,DUSK,PEDALCYCLIST,NOT DIVIDED,STRAIGHT AND LEVEL,DRY,NO DEFECTS,,UNABLE TO DETERMINE,UNABLE TO DETERMINE,,NONINCAPACITATING INJURY,19,4,41.7949110011,-87.7268286106,2024,30,POINT (-87.7268286106 41.7949110011),,,,,2024-04-09,False,61,West Elsdon
10588,30,NO CONTROLS,NO CONTROLS,CLEAR,DAYLIGHT,PEDALCYCLIST,DIVIDED - W/MEDIAN (NOT RAISED),STRAIGHT AND LEVEL,UNKNOWN,UNKNOWN,,PHYSICAL CONDITION OF DRIVER,NOT APPLICABLE,,"REPORTED, NOT EVIDENT",7,4,41.8012593984,-87.660704616,2024,30,POINT (-87.660704616 41.8012593984),,,,,2024-04-10,False,60,New City
10589,30,NO CONTROLS,NO CONTROLS,CLEAR,DAYLIGHT,PEDALCYCLIST,DIVIDED - W/MEDIAN (NOT RAISED),STRAIGHT AND LEVEL,DRY,NO DEFECTS,,UNABLE TO DETERMINE,UNABLE TO DETERMINE,Y,NONINCAPACITATING INJURY,13,4,41.9629668594,-87.6846946537,2024,30,POINT (-87.6846946537 41.9629668594),,,,,2024-04-10,False,3,Lincoln Square
10590,30,NO CONTROLS,NO CONTROLS,CLEAR,DAYLIGHT,PEDALCYCLIST,DIVIDED - W/MEDIAN (NOT RAISED),STRAIGHT AND LEVEL,DRY,UNKNOWN,,FAILING TO YIELD RIGHT-OF-WAY,NOT APPLICABLE,,"REPORTED, NOT EVIDENT",15,4,41.8086235972,-87.6742912048,2024,30,POINT (-87.6742912048 41.8086235972),,,,,2024-04-10,False,60,New City
10591,30,NO CONTROLS,NO CONTROLS,CLEAR,DAYLIGHT,PEDALCYCLIST,T-INTERSECTION,STRAIGHT AND LEVEL,DRY,NO DEFECTS,Y,FAILING TO YIELD RIGHT-OF-WAY,NOT APPLICABLE,,NONINCAPACITATING INJURY,16,4,41.9541396398,-87.6873137517,2024,30,POINT (-87.6873137517 41.9541396398),,,,,2024-04-10,False,4,North Center
10592,30,NO CONTROLS,NO CONTROLS,CLEAR,"DARKNESS, LIGHTED ROAD",PEDALCYCLIST,DIVIDED - W/MEDIAN (NOT RAISED),STRAIGHT AND LEVEL,DRY,NO DEFECTS,,UNABLE TO DETERMINE,UNABLE TO DETERMINE,Y,NONINCAPACITATING INJURY,21,4,41.9488842719,-87.7273248847,2024,30,POINT (-87.7273248847 41.9488842719),,,,,2024-04-10,False,15,Irving Park
10593,30,STOP SIGN/FLASHER,FUNCTIONING PROPERLY,CLOUDY/OVERCAST,DAYLIGHT,PEDALCYCLIST,T-INTERSECTION,STRAIGHT AND LEVEL,WET,NO DEFECTS,Y,FAILING TO YIELD RIGHT-OF-WAY,FAILING TO REDUCE SPEED TO AVOID CRASH,,NONINCAPACITATING INJURY,12,4,41.8983019942,-87.6270484496,2024,30,POINT (-87.6270484496 41.8983019942),,,,,2024-04-11,False,7,Near North Side
10594,30,NO CONTROLS,NO CONTROLS,CLEAR,DAYLIGHT,PEDALCYCLIST,NOT DIVIDED,STRAIGHT AND LEVEL,DRY,NO DEFECTS,,DRIVING SKILLS/KNOWLEDGE/EXPERIENCE,NOT APPLICABLE,Y,NONINCAPACITATING INJURY,8,4,41.9182500251,-87.6511696207,2024,30,POINT (-87.6511696207 41.9182500251),,,,,2024-04-12,False,6,Lincoln Park
10595,30,NO CONTROLS,NO CONTROLS,CLEAR,DAYLIGHT,PEDALCYCLIST,NOT DIVIDED,STRAIGHT AND LEVEL,DRY,NO DEFECTS,,UNABLE TO DETERMINE,NOT APPLICABLE,,NONINCAPACITATING INJURY,10,4,42.0054884883,-87.6732996185,2024,30,POINT (-87.6732996185 42.0054884883),,,,,2024-04-12,False,0,Rogers Park
10596,30,UNKNOWN,UNKNOWN,CLEAR,DAYLIGHT,PEDALCYCLIST,DIVIDED - W/MEDIAN (NOT RAISED),STRAIGHT AND LEVEL,DRY,NO DEFECTS,,NOT APPLICABLE,NOT APPLICABLE,Y,NONINCAPACITATING INJURY,12,4,41.9007620184,-87.6297478751,2024,30,POINT (-87.6297478751 41.9007620184),,,,,2024-04-12,False,7,Near North Side
10597,30,NO CONTROLS,NO CONTROLS,CLEAR,DAYLIGHT,PEDALCYCLIST,NOT DIVIDED,STRAIGHT AND LEVEL,DRY,NO DEFECTS,,UNABLE TO DETERMINE,NOT APPLICABLE,,NONINCAPACITATING INJURY,12,4,41.8739602109,-87.6900427251,2024,30,POINT (-87.6900427251 41.8739602109),,,,,2024-04-12,False,26,Garfield Park
10598,30,NO CONTROLS,NO CONTROLS,RAIN,DAYLIGHT,PEDALCYCLIST,DIVIDED - W/MEDIAN (NOT RAISED),STRAIGHT AND LEVEL,WET,UNKNOWN,,FAILING TO YIELD RIGHT-OF-WAY,NOT APPLICABLE,,NONINCAPACITATING INJURY,16,4,41.7844788132,-87.7227750926,2024,30,POINT (-87.7227750926 41.7844788132),,,,,2024-04-12,False,64,West Lawn
10599,30,TRAFFIC SIGNAL,FUNCTIONING PROPERLY,CLEAR,DAYLIGHT,PEDALCYCLIST,DIVIDED - W/MEDIAN (NOT RAISED),STRAIGHT AND LEVEL,DRY,UNKNOWN,,UNABLE TO DETERMINE,UNABLE TO DETERMINE,,"REPORTED, NOT EVIDENT",18,4,41.8940140448,-87.6478433169,2024,30,POINT (-87.6478433169 41.8940140448),,,,,2024-04-12,False,7,Near North Side
10600,30,TRAFFIC SIGNAL,FUNCTIONING IMPROPERLY,CLEAR,"DARKNESS, LIGHTED ROAD",PEDALCYCLIST,FOUR WAY,STRAIGHT AND LEVEL,DRY,NO DEFECTS,Y,DISREGARDING TRAFFIC SIGNALS,DISREGARDING TRAFFIC SIGNALS,,NONINCAPACITATING INJURY,21,4,41.9228854503,-87.6972137434,2024,30,POINT (-87.6972137434 41.9228854503),,,,,2024-04-12,False,21,Logan Square
10601,20,TRAFFIC SIGNAL,FUNCTIONING PROPERLY,CLEAR,"DARKNESS, LIGHTED ROAD",PEDALCYCLIST,"FIVE POINT, OR MORE",STRAIGHT AND LEVEL,DRY,NO DEFECTS,,FAILING TO YIELD RIGHT-OF-WAY,UNABLE TO DETERMINE,,NO INDICATION OF INJURY,23,4,41.9104029044,-87.6772623614,2024,20,POINT (-87.6772623614 41.9104029044),,,,,2024-04-12,False,23,West Town
10602,30,NO CONTROLS,NO CONTROLS,CLEAR,DAYLIGHT,PEDALCYCLIST,NOT DIVIDED,STRAIGHT AND LEVEL,DRY,NO DEFECTS,,NOT APPLICABLE,NOT APPLICABLE,,NO INDICATION OF INJURY,15,4,41.8463078077,-87.6463181969,2024,30,POINT (-87.6463181969 41.8463078077),,,,,2024-04-13,False,30,Lower West Side
10603,10,STOP SIGN/FLASHER,FUNCTIONING PROPERLY,CLEAR,DAYLIGHT,PEDALCYCLIST,DIVIDED - W/MEDIAN BARRIER,STRAIGHT AND LEVEL,DRY,NO DEFECTS,,FAILING TO REDUCE SPEED TO AVOID CRASH,BICYCLE ADVANCING LEGALLY ON RED LIGHT,Y,NONINCAPACITATING INJURY,16,4,41.8173162376,-87.7240592905,2024,10,POINT (-87.7240592905 41.8173162376),,,,,2024-04-13,False,56,Archer Heights
10604,30,STOP SIGN/FLASHER,FUNCTIONING PROPERLY,CLEAR,DAYLIGHT,PEDALCYCLIST,NOT DIVIDED,STRAIGHT AND LEVEL,DRY,NO DEFECTS,,UNABLE TO DETERMINE,NOT APPLICABLE,,NONINCAPACITATING INJURY,18,4,41.8926317714,-87.6844532122,2024,30,POINT (-87.6844532122 41.8926317714),,,,,2024-04-13,False,23,West Town
10605,30,NO CONTROLS,NO CONTROLS,CLEAR,DAYLIGHT,PEDALCYCLIST,NOT DIVIDED,STRAIGHT AND LEVEL,DRY,NO DEFECTS,,UNABLE TO DETERMINE,NOT APPLICABLE,,NO INDICATION OF INJURY,18,4,41.801152347,-87.6734385279,2024,30,POINT (-87.6734385279 41.801152347),,,,,2024-04-13,False,60,New City
10606,35,TRAFFIC SIGNAL,FUNCTIONING PROPERLY,CLEAR,"DARKNESS, LIGHTED ROAD",PEDALCYCLIST,DIVIDED - W/MEDIAN (NOT RAISED),STRAIGHT AND LEVEL,DRY,NO DEFECTS,,UNABLE TO DETERMINE,NOT APPLICABLE,,"REPORTED, NOT EVIDENT",19,4,41.8671196607,-87.6452815,2024,35,POINT (-87.6452815 41.8671196607),,,,,2024-04-13,False,27,Near West Side
10607,30,TRAFFIC SIGNAL,FUNCTIONING PROPERLY,CLEAR,"DARKNESS, LIGHTED ROAD",PEDALCYCLIST,NOT DIVIDED,STRAIGHT AND LEVEL,DRY,UNKNOWN,,NOT APPLICABLE,NOT APPLICABLE,Y,NO INDICATION OF INJURY,3,4,41.8890667845,-87.6332174466,2024,30,POINT (-87.6332174466 41.8890667845),,,,,2024-04-14,False,7,Near North Side
10608,15,NO CONTROLS,NO CONTROLS,CLEAR,DAYLIGHT,PEDALCYCLIST,FOUR WAY,STRAIGHT AND LEVEL,DRY,NO DEFECTS,,EQUIPMENT - VEHICLE CONDITION,NOT APPLICABLE,,"REPORTED, NOT EVIDENT",8,4,41.9509032349,-87.6616353388,2024,15,POINT (-87.6616353388 41.9509032349),,,,,2024-04-14,False,5,Lake View
10609,30,NO CONTROLS,NO CONTROLS,CLEAR,DAYLIGHT,PEDALCYCLIST,OTHER,STRAIGHT AND LEVEL,DRY,NO DEFECTS,,NOT APPLICABLE,NOT APPLICABLE,,NONINCAPACITATING INJURY,12,4,41.873050422,-87.7445652087,2024,30,POINT (-87.7445652087 41.873050422),,,,,2024-04-14,False,24,Austin
10610,30,NO CONTROLS,NO CONTROLS,CLEAR,DUSK,PEDALCYCLIST,PARKING LOT,STRAIGHT AND LEVEL,DRY,NO DEFECTS,,UNABLE TO DETERMINE,NOT APPLICABLE,,INCAPACITATING INJURY,22,4,41.7888914342,-87.7032795922,2024,30,POINT (-87.7032795922 41.7888914342),,,,,2024-04-14,True,62,Gage Park
10611,30,OTHER,OTHER,CLEAR,DAYLIGHT,PEDALCYCLIST,NOT DIVIDED,STRAIGHT AND LEVEL,DRY,UNKNOWN,,UNABLE TO DETERMINE,NOT APPLICABLE,Y,NONINCAPACITATING INJURY,7,4,41.8981616719,-87.6344073368,2024,30,POINT (-87.6344073368 41.8981616719),,,,,2024-04-15,False,7,Near North Side
10612,15,STOP SIGN/FLASHER,NO CONTROLS,CLEAR,DAYLIGHT,PEDALCYCLIST,FOUR WAY,STRAIGHT AND LEVEL,DRY,NO DEFECTS,Y,UNABLE TO DETERMINE,NOT APPLICABLE,,NONINCAPACITATING INJURY,9,4,41.9336101775,-87.6564674066,2024,15,POINT (-87.6564674066 41.9336101775),,,,,2024-04-15,False,5,Lake View
10613,30,STOP SIGN/FLASHER,FUNCTIONING PROPERLY,CLEAR,DAYLIGHT,PEDALCYCLIST,T-INTERSECTION,STRAIGHT AND LEVEL,DRY,UNKNOWN,Y,FAILING TO YIELD RIGHT-OF-WAY,WEATHER,,NONINCAPACITATING INJURY,6,4,41.8920311014,-87.7021505534,2024,30,POINT (-87.7021505534 41.8920311014),,,,,2024-04-16,False,22,Humboldt Park
10614,35,STOP SIGN/FLASHER,FUNCTIONING PROPERLY,CLEAR,DAYLIGHT,PEDALCYCLIST,NOT DIVIDED,STRAIGHT AND LEVEL,DRY,NO DEFECTS,,FAILING TO YIELD RIGHT-OF-WAY,DISREGARDING STOP SIGN,,INCAPACITATING INJURY,8,4,41.7493961592,-87.6025587172,2024,35,POINT (-87.6025587172 41.7493961592),,,,,2024-04-16,True,43,Chatham
10615,30,STOP SIGN/FLASHER,FUNCTIONING PROPERLY,CLEAR,DAYLIGHT,PEDALCYCLIST,FOUR WAY,STRAIGHT AND LEVEL,DRY,NO DEFECTS,,UNABLE TO DETERMINE,UNABLE TO DETERMINE,,NO INDICATION OF INJURY,11,4,41.8561831199,-87.6224399557,2024,30,POINT (-87.6224399557 41.8561831199),,,,,2024-04-16,False,32,Near South Side
10616,35,TRAFFIC SIGNAL,FUNCTIONING PROPERLY,CLOUDY/OVERCAST,DAYLIGHT,PEDALCYCLIST,FOUR WAY,STRAIGHT AND LEVEL,DRY,NO DEFECTS,Y,DRIVING ON WRONG SIDE/WRONG WAY,"OPERATING VEHICLE IN ERRATIC, RECKLESS, CARELESS, NEGLIGENT OR AGGRESSIVE MANNER",,NO INDICATION OF INJURY,13,4,41.6776306491,-87.6624507112,2024,35,POINT (-87.6624507112 41.6776306491),,,,,2024-04-16,False,74,Morgan Park