Unnamed: 0,POSTED_SPEED_LIMIT,TRAFFIC_CONTROL_DEVICE,DEVICE_CONDITION,WEATHER_CONDITION,LIGHTING_CONDITION,FIRST_CRASH_TYPE,TRAFFICWAY_TYPE,ALIGNMENT,ROADWAY_SURFACE_COND,ROAD_DEFECT,INTERSECTION_RELATED_I,PRIM_CONTRIBUTORY_CAUSE,SEC_CONTRIBUTORY_CAUSE,DOORING_I,MOST_SEVERE_INJURY,CRASH_HOUR,CRASH_MONTH,LATITUDE,LONGITUDE,CRASH_YEAR,SPEED_LIMIT,geometry,DISPLAYROU,the_geom,DIST,LANE_TYPE,CRASH_DATE,is_severe,index_right,CArea
10617,30,NO CONTROLS,NO CONTROLS,CLEAR,DAYLIGHT,PEDALCYCLIST,ALLEY,STRAIGHT AND LEVEL,DRY,NO DEFECTS,,"VISION OBSCURED (SIGNS, TREE LIMBS, BUILDINGS, ETC.)","VISION OBSCURED (SIGNS, TREE LIMBS, BUILDINGS, ETC.)",,INCAPACITATING INJURY,14,4,41.9177127263,-87.6855650803,2024,30,POINT (-87.6855650803 41.9177127263),,,,,2024-04-16,True,21,Logan Square
10618,30,TRAFFIC SIGNAL,FUNCTIONING PROPERLY,CLEAR,DAYLIGHT,PEDALCYCLIST,DIVIDED - W/MEDIAN (NOT RAISED),STRAIGHT AND LEVEL,DRY,WORN SURFACE,Y,IMPROPER TURNING/NO SIGNAL,UNABLE TO DETERMINE,,NONINCAPACITATING INJURY,15,4,41.9035617365,-87.6606889921,2024,30,POINT (-87.6606889921 41.9035617365),,,,,2024-04-16,False,23,West Town
10619,30,TRAFFIC SIGNAL,FUNCTIONING PROPERLY,CLOUDY/OVERCAST,DAYLIGHT,PEDALCYCLIST,FOUR WAY,STRAIGHT AND LEVEL,DRY,NO DEFECTS,Y,UNABLE TO DETERMINE,NOT APPLICABLE,,NONINCAPACITATING INJURY,16,4,41.867105475,-87.6567450119,2024,30,POINT (-87.6567450119 41.867105475),,,,,2024-04-16,False,27,Near West Side
10620,30,NO CONTROLS,NO CONTROLS,RAIN,DAYLIGHT,PEDALCYCLIST,NOT DIVIDED,STRAIGHT AND LEVEL,WET,NO DEFECTS,,FAILING TO YIELD RIGHT-OF-WAY,IMPROPER TURNING/NO SIGNAL,N,NONINCAPACITATING INJURY,17,4,41.9587169011,-87.7267021843,2024,30,POINT (-87.7267021843 41.9587169011),,,,,2024-04-16,False,15,Irving Park
10621,15,NO CONTROLS,NO CONTROLS,CLEAR,DAYLIGHT,PEDALCYCLIST,ALLEY,STRAIGHT AND LEVEL,DRY,NO DEFECTS,Y,UNABLE TO DETERMINE,NOT APPLICABLE,,NONINCAPACITATING INJURY,7,4,41.9571141338,-87.747563559,2024,15,POINT (-87.747563559 41.9571141338),,,,,2024-04-17,False,14,Portage Park
10622,30,NO CONTROLS,NO CONTROLS,CLEAR,DAYLIGHT,PEDALCYCLIST,DIVIDED - W/MEDIAN (NOT RAISED),STRAIGHT AND LEVEL,DRY,UNKNOWN,,WEATHER,RELATED TO BUS STOP,Y,NONINCAPACITATING INJURY,8,4,41.9162458615,-87.6361077489,2024,30,POINT (-87.6361077489 41.9162458615),,,,,2024-04-17,False,6,Lincoln Park
10623,25,STOP SIGN/FLASHER,FUNCTIONING PROPERLY,CLOUDY/OVERCAST,DAYLIGHT,PEDALCYCLIST,T-INTERSECTION,STRAIGHT AND LEVEL,DRY,UNKNOWN,,DRIVING SKILLS/KNOWLEDGE/EXPERIENCE,NOT APPLICABLE,,NO INDICATION OF INJURY,16,4,41.8568881749,-87.6635876773,2024,25,POINT (-87.6635876773 41.8568881749),,,,,2024-04-17,False,30,Lower West Side
10624,30,TRAFFIC SIGNAL,FUNCTIONING PROPERLY,CLEAR,DUSK,PEDALCYCLIST,FOUR WAY,STRAIGHT AND LEVEL,DRY,NO DEFECTS,Y,IMPROPER LANE USAGE,NOT APPLICABLE,,NONINCAPACITATING INJURY,19,4,41.9659199471,-87.6579688369,2024,30,POINT (-87.6579688369 41.9659199471),,,,,2024-04-17,False,2,Uptown
10625,30,NO CONTROLS,NO CONTROLS,CLEAR,"DARKNESS, LIGHTED ROAD",PEDALCYCLIST,NOT DIVIDED,STRAIGHT AND LEVEL,DRY,NO DEFECTS,,UNABLE TO DETERMINE,UNABLE TO DETERMINE,Y,"REPORTED, NOT EVIDENT",19,4,41.9137153904,-87.7165137428,2024,30,POINT (-87.7165137428 41.9137153904),,,,,2024-04-17,False,21,Logan Square
10626,30,NO CONTROLS,NO CONTROLS,CLEAR,"DARKNESS, LIGHTED ROAD",PEDALCYCLIST,NOT DIVIDED,STRAIGHT AND LEVEL,DRY,UNKNOWN,,"OPERATING VEHICLE IN ERRATIC, RECKLESS, CARELESS, NEGLIGENT OR AGGRESSIVE MANNER",NOT APPLICABLE,,NO INDICATION OF INJURY,21,4,41.887053116,-87.6157378164,2024,30,POINT (-87.6157378164 41.887053116),,,,,2024-04-17,False,7,Near North Side
10627,30,TRAFFIC SIGNAL,FUNCTIONING PROPERLY,CLEAR,"DARKNESS, LIGHTED ROAD",PEDALCYCLIST,NOT DIVIDED,STRAIGHT AND LEVEL,DRY,NO DEFECTS,,UNABLE TO DETERMINE,UNABLE TO DETERMINE,,NONINCAPACITATING INJURY,3,4,41.9833998281,-87.6685891327,2024,30,POINT (-87.6685891327 41.9833998281),,,,,2024-04-18,False,76,Edgewater
10628,25,NO CONTROLS,NO CONTROLS,CLEAR,DAYLIGHT,PEDALCYCLIST,ALLEY,STRAIGHT AND LEVEL,DRY,NO DEFECTS,,NOT APPLICABLE,UNABLE TO DETERMINE,,NONINCAPACITATING INJURY,11,4,42.0193698261,-87.6841272381,2024,25,POINT (-87.6841272381 42.0193698261),,,,,2024-04-18,False,0,Rogers Park
10629,25,NO CONTROLS,NO CONTROLS,CLEAR,DAYLIGHT,PEDALCYCLIST,NOT DIVIDED,STRAIGHT ON GRADE,DRY,NO DEFECTS,,IMPROPER OVERTAKING/PASSING,IMPROPER OVERTAKING/PASSING,,NONINCAPACITATING INJURY,9,4,41.8418115244,-87.6578761082,2024,25,POINT (-87.6578761082 41.8418115244),,,,,2024-04-19,False,30,Lower West Side
10630,30,NO CONTROLS,NO CONTROLS,CLEAR,DAYLIGHT,PEDALCYCLIST,NOT DIVIDED,STRAIGHT AND LEVEL,DRY,UNKNOWN,,UNABLE TO DETERMINE,UNABLE TO DETERMINE,,NO INDICATION OF INJURY,14,4,41.9765755063,-87.6682636441,2024,30,POINT (-87.6682636441 41.9765755063),,,,,2024-04-19,False,2,Uptown
10631,20,STOP SIGN/FLASHER,NO CONTROLS,CLEAR,DAYLIGHT,PEDALCYCLIST,ONE-WAY,STRAIGHT AND LEVEL,DRY,NO DEFECTS,,FAILING TO REDUCE SPEED TO AVOID CRASH,NOT APPLICABLE,,NO INDICATION OF INJURY,16,4,41.9277023144,-87.7686122121,2024,20,POINT (-87.7686122121 41.9277023144),,,,,2024-04-19,False,18,Belmont Cragin
10632,30,NO CONTROLS,NO CONTROLS,CLEAR,DAYLIGHT,PEDALCYCLIST,T-INTERSECTION,STRAIGHT AND LEVEL,DRY,NO DEFECTS,Y,FAILING TO YIELD RIGHT-OF-WAY,NOT APPLICABLE,,NONINCAPACITATING INJURY,17,4,41.875011964,-87.7060863217,2024,30,POINT (-87.7060863217 41.875011964),,,,,2024-04-19,False,26,Garfield Park
10633,30,NO CONTROLS,NO CONTROLS,CLEAR,DAYLIGHT,PEDALCYCLIST,NOT DIVIDED,STRAIGHT AND LEVEL,DRY,NO DEFECTS,,UNABLE TO DETERMINE,NOT APPLICABLE,,NONINCAPACITATING INJURY,18,4,41.9653066027,-87.6561179694,2024,30,POINT (-87.6561179694 41.9653066027),,,,,2024-04-19,False,2,Uptown
10634,30,NO CONTROLS,NO CONTROLS,CLEAR,DAYLIGHT,PEDALCYCLIST,NOT DIVIDED,STRAIGHT AND LEVEL,DRY,NO DEFECTS,,UNABLE TO DETERMINE,UNABLE TO DETERMINE,,NO INDICATION OF INJURY,8,4,41.8583881402,-87.6465125135,2024,30,POINT (-87.6465125135 41.8583881402),,,,,2024-04-20,False,27,Near West Side
10635,30,NO CONTROLS,NO CONTROLS,CLEAR,DAYLIGHT,PEDALCYCLIST,NOT DIVIDED,STRAIGHT AND LEVEL,DRY,NO DEFECTS,,UNABLE TO DETERMINE,UNABLE TO DETERMINE,Y,NONINCAPACITATING INJURY,13,4,41.9760691724,-87.6691471166,2024,30,POINT (-87.6691471166 41.9760691724),,,,,2024-04-20,False,2,Uptown
10636,30,TRAFFIC SIGNAL,UNKNOWN,CLEAR,DUSK,PEDALCYCLIST,CENTER TURN LANE,STRAIGHT AND LEVEL,DRY,UNKNOWN,,UNABLE TO DETERMINE,UNABLE TO DETERMINE,,NO INDICATION OF INJURY,19,4,41.968647402,-87.6791085586,2024,30,POINT (-87.6791085586 41.968647402),,,,,2024-04-20,False,3,Lincoln Square
10637,30,NO CONTROLS,NO CONTROLS,CLEAR,DARKNESS,PEDALCYCLIST,OTHER,STRAIGHT AND LEVEL,DRY,UNKNOWN,,FAILING TO YIELD RIGHT-OF-WAY,NOT APPLICABLE,,NONINCAPACITATING INJURY,22,4,41.9762763893,-87.6600122932,2024,30,POINT (-87.6600122932 41.9762763893),,,,,2024-04-20,False,2,Uptown
10638,30,NO CONTROLS,NO CONTROLS,CLEAR,DAYLIGHT,PEDALCYCLIST,NOT DIVIDED,STRAIGHT ON GRADE,DRY,NO DEFECTS,,FAILING TO YIELD RIGHT-OF-WAY,NOT APPLICABLE,Y,NONINCAPACITATING INJURY,10,4,41.913283896,-87.6773802783,2024,30,POINT (-87.6773802783 41.913283896),,,,,2024-04-21,False,6,Lincoln Park
10639,30,NO CONTROLS,NO CONTROLS,CLEAR,DAYLIGHT,PEDALCYCLIST,ONE-WAY,STRAIGHT AND LEVEL,UNKNOWN,UNKNOWN,,UNABLE TO DETERMINE,UNABLE TO DETERMINE,Y,NONINCAPACITATING INJURY,16,4,41.9094727989,-87.6779394569,2024,30,POINT (-87.6779394569 41.9094727989),,,,,2024-04-21,False,23,West Town
10640,30,NO CONTROLS,NO CONTROLS,CLEAR,DAYLIGHT,PEDALCYCLIST,NOT DIVIDED,STRAIGHT AND LEVEL,DRY,NO DEFECTS,,FAILING TO REDUCE SPEED TO AVOID CRASH,UNABLE TO DETERMINE,,NO INDICATION OF INJURY,16,4,41.9392100697,-87.7088187145,2024,30,POINT (-87.7088187145 41.9392100697),,,,,2024-04-21,False,15,Irving Park
10641,30,TRAFFIC SIGNAL,UNKNOWN,UNKNOWN,UNKNOWN,PEDALCYCLIST,"FIVE POINT, OR MORE",STRAIGHT AND LEVEL,UNKNOWN,UNKNOWN,Y,IMPROPER OVERTAKING/PASSING,FOLLOWING TOO CLOSELY,,"REPORTED, NOT EVIDENT",18,4,41.9240503535,-87.6680068764,2024,30,POINT (-87.6680068764 41.9240503535),,,,,2024-04-21,False,6,Lincoln Park
10642,30,TRAFFIC SIGNAL,FUNCTIONING PROPERLY,CLEAR,DAYLIGHT,PEDALCYCLIST,FOUR WAY,STRAIGHT AND LEVEL,DRY,NO DEFECTS,Y,FAILING TO YIELD RIGHT-OF-WAY,NOT APPLICABLE,,NO INDICATION OF INJURY,6,4,41.9245930218,-87.7268192684,2024,30,POINT (-87.7268192684 41.9245930218),,,,,2024-04-22,False,19,Hermosa
10643,30,NO CONTROLS,FUNCTIONING PROPERLY,CLEAR,"DARKNESS, LIGHTED ROAD",PEDALCYCLIST,NOT DIVIDED,STRAIGHT AND LEVEL,DRY,NO DEFECTS,,FOLLOWING TOO CLOSELY,IMPROPER OVERTAKING/PASSING,Y,NO INDICATION OF INJURY,20,4,41.8230896542,-87.6893483121,2024,30,POINT (-87.6893483121 41.8230896542),,,,,2024-04-22,False,29,South Lawndale
10644,30,TRAFFIC SIGNAL,FUNCTIONING PROPERLY,CLOUDY/OVERCAST,DAYLIGHT,PEDALCYCLIST,FOUR WAY,STRAIGHT AND LEVEL,DRY,NO DEFECTS,Y,DISREGARDING TRAFFIC SIGNALS,NOT APPLICABLE,,NONINCAPACITATING INJURY,11,4,41.8757963712,-87.6261397631,2024,30,POINT (-87.6261397631 41.8757963712),,,,,2024-04-23,False,31,Loop
10645,30,NO CONTROLS,NO CONTROLS,CLEAR,DAYLIGHT,PEDALCYCLIST,NOT DIVIDED,STRAIGHT AND LEVEL,DRY,NO DEFECTS,,UNABLE TO DETERMINE,UNABLE TO DETERMINE,,"REPORTED, NOT EVIDENT",16,4,41.9613389001,-87.679692409,2024,30,POINT (-87.679692409 41.9613389001),,,,,2024-04-23,False,3,Lincoln Square
10646,20,STOP SIGN/FLASHER,FUNCTIONING PROPERLY,CLEAR,DAYLIGHT,PEDALCYCLIST,ONE-WAY,STRAIGHT AND LEVEL,DRY,NO DEFECTS,Y,UNABLE TO DETERMINE,UNABLE TO DETERMINE,,NONINCAPACITATING INJURY,17,4,41.9062929673,-87.729005242,2024,20,POINT (-87.729005242 41.9062929673),,,,,2024-04-23,False,22,Humboldt Park
10647,30,TRAFFIC SIGNAL,FUNCTIONING PROPERLY,CLEAR,DAYLIGHT,PEDALCYCLIST,ONE-WAY,STRAIGHT AND LEVEL,DRY,NO DEFECTS,,FAILING TO YIELD RIGHT-OF-WAY,NOT APPLICABLE,,NO INDICATION OF INJURY,15,4,41.8947407186,-87.6295789209,2024,30,POINT (-87.6295789209 41.8947407186),,,,,2024-04-24,False,7,Near North Side
10648,30,TRAFFIC SIGNAL,FUNCTIONING PROPERLY,CLEAR,DAYLIGHT,PEDALCYCLIST,ONE-WAY,STRAIGHT AND LEVEL,DRY,NO DEFECTS,Y,UNABLE TO DETERMINE,UNABLE TO DETERMINE,,NO INDICATION OF INJURY,17,4,41.8945249006,-87.629872691,2024,30,POINT (-87.629872691 41.8945249006),,,,,2024-04-24,False,7,Near North Side
10649,30,TRAFFIC SIGNAL,FUNCTIONING PROPERLY,CLEAR,DAYLIGHT,PEDALCYCLIST,FOUR WAY,STRAIGHT AND LEVEL,DRY,NO DEFECTS,Y,FAILING TO YIELD RIGHT-OF-WAY,NOT APPLICABLE,Y,NO INDICATION OF INJURY,17,4,41.8706442671,-87.6275442816,2024,30,POINT (-87.6275442816 41.8706442671),,,,,2024-04-24,False,31,Loop
10650,25,PEDESTRIAN CROSSING SIGN,NO CONTROLS,CLEAR,DAYLIGHT,PEDALCYCLIST,NOT DIVIDED,STRAIGHT AND LEVEL,DRY,NO DEFECTS,,NOT APPLICABLE,NOT APPLICABLE,,NONINCAPACITATING INJURY,18,4,41.9308680584,-87.6390304109,2024,25,POINT (-87.6390304109 41.9308680584),,,,,2024-04-24,False,6,Lincoln Park
10651,30,STOP SIGN/FLASHER,NO CONTROLS,CLEAR,DAYLIGHT,PEDALCYCLIST,NOT DIVIDED,STRAIGHT AND LEVEL,DRY,NO DEFECTS,,DISREGARDING STOP SIGN,"VISION OBSCURED (SIGNS, TREE LIMBS, BUILDINGS, ETC.)",,NONINCAPACITATING INJURY,18,4,41.9221136664,-87.695840376,2024,30,POINT (-87.695840376 41.9221136664),,,,,2024-04-24,False,21,Logan Square
10652,20,NO CONTROLS,NO CONTROLS,CLEAR,DAYLIGHT,PEDALCYCLIST,NOT DIVIDED,STRAIGHT AND LEVEL,DRY,NO DEFECTS,,FAILING TO YIELD RIGHT-OF-WAY,UNABLE TO DETERMINE,,"REPORTED, NOT EVIDENT",7,4,41.9430202752,-87.6853269716,2024,20,POINT (-87.6853269716 41.9430202752),,,,,2024-04-25,False,4,North Center
10653,30,NO CONTROLS,NO CONTROLS,CLEAR,DAYLIGHT,PEDALCYCLIST,OTHER,STRAIGHT AND LEVEL,DRY,NO DEFECTS,,UNABLE TO DETERMINE,NOT APPLICABLE,,NONINCAPACITATING INJURY,17,4,41.9680393614,-87.7402838945,2024,30,POINT (-87.7402838945 41.9680393614),,,,,2024-04-25,False,11,Forest Glen
10654,25,NO CONTROLS,NO CONTROLS,CLEAR,DAYLIGHT,PEDALCYCLIST,DIVIDED - W/MEDIAN (NOT RAISED),STRAIGHT AND LEVEL,DRY,NO DEFECTS,,UNABLE TO DETERMINE,NOT APPLICABLE,,NO INDICATION OF INJURY,12,4,41.9039692113,-87.6330707107,2024,25,POINT (-87.6330707107 41.9039692113),,,,,2024-04-26,False,7,Near North Side
10655,30,NO CONTROLS,NO CONTROLS,CLEAR,DAYLIGHT,PEDALCYCLIST,NOT DIVIDED,STRAIGHT AND LEVEL,DRY,NO DEFECTS,N,UNABLE TO DETERMINE,NOT APPLICABLE,,NONINCAPACITATING INJURY,13,4,41.8415166703,-87.6467686191,2024,30,POINT (-87.6467686191 41.8415166703),,,,,2024-04-27,False,30,Lower West Side
10656,30,NO CONTROLS,UNKNOWN,UNKNOWN,DAYLIGHT,PEDALCYCLIST,NOT DIVIDED,STRAIGHT AND LEVEL,UNKNOWN,UNKNOWN,,FAILING TO YIELD RIGHT-OF-WAY,NOT APPLICABLE,,NONINCAPACITATING INJURY,13,4,41.9305534466,-87.6436487851,2024,30,POINT (-87.6436487851 41.9305534466),,,,,2024-04-27,False,6,Lincoln Park
10657,30,TRAFFIC SIGNAL,FUNCTIONING PROPERLY,CLEAR,DAYLIGHT,PEDALCYCLIST,FOUR WAY,STRAIGHT AND LEVEL,DRY,NO DEFECTS,Y,UNABLE TO DETERMINE,NOT APPLICABLE,,NONINCAPACITATING INJURY,14,4,41.8912954209,-87.6475278747,2024,30,POINT (-87.6475278747 41.8912954209),,,,,2024-04-27,False,7,Near North Side
10658,30,TRAFFIC SIGNAL,FUNCTIONING PROPERLY,CLEAR,DAYLIGHT,PEDALCYCLIST,FOUR WAY,STRAIGHT AND LEVEL,UNKNOWN,UNKNOWN,Y,FOLLOWING TOO CLOSELY,NOT APPLICABLE,,NO INDICATION OF INJURY,17,4,41.903986409,-87.6330022048,2024,30,POINT (-87.6330022048 41.903986409),,,,,2024-04-27,False,7,Near North Side
10659,25,NO CONTROLS,NO CONTROLS,CLEAR,DAYLIGHT,PEDALCYCLIST,NOT DIVIDED,STRAIGHT AND LEVEL,DRY,NO DEFECTS,,UNABLE TO DETERMINE,UNABLE TO DETERMINE,Y,NONINCAPACITATING INJURY,18,4,41.9837408245,-87.6595660109,2024,25,POINT (-87.6595660109 41.9837408245),,,,,2024-04-27,False,76,Edgewater
10660,30,TRAFFIC SIGNAL,FUNCTIONING PROPERLY,CLEAR,"DARKNESS, LIGHTED ROAD",PEDALCYCLIST,FOUR WAY,STRAIGHT AND LEVEL,DRY,NO DEFECTS,Y,FAILING TO YIELD RIGHT-OF-WAY,NOT APPLICABLE,,NONINCAPACITATING INJURY,19,4,41.9895268816,-87.7330980752,2024,30,POINT (-87.7330980752 41.9895268816),,,,,2024-04-27,False,11,Forest Glen
10661,30,NO CONTROLS,UNKNOWN,CLEAR,"DARKNESS, LIGHTED ROAD",PEDALCYCLIST,NOT DIVIDED,STRAIGHT AND LEVEL,DRY,NO DEFECTS,,UNABLE TO DETERMINE,UNABLE TO DETERMINE,Y,INCAPACITATING INJURY,20,4,41.9374609271,-87.6538767058,2024,30,POINT (-87.6538767058 41.9374609271),,,,,2024-04-27,True,5,Lake View
10662,10,STOP SIGN/FLASHER,FUNCTIONING PROPERLY,CLEAR,DAYLIGHT,PEDALCYCLIST,DRIVEWAY,STRAIGHT AND LEVEL,DRY,NO DEFECTS,,UNABLE TO DETERMINE,UNABLE TO DETERMINE,,NONINCAPACITATING INJURY,14,4,41.9752598896,-87.7442136774,2024,10,POINT (-87.7442136774 41.9752598896),,,,,2024-04-28,False,11,Forest Glen
10663,25,STOP SIGN/FLASHER,FUNCTIONING PROPERLY,CLEAR,DAYLIGHT,PEDALCYCLIST,FOUR WAY,STRAIGHT AND LEVEL,DRY,NO DEFECTS,,"OPERATING VEHICLE IN ERRATIC, RECKLESS, CARELESS, NEGLIGENT OR AGGRESSIVE MANNER",NOT APPLICABLE,Y,NO INDICATION OF INJURY,15,4,41.9283515295,-87.7180971041,2024,25,POINT (-87.7180971041 41.9283515295),,,,,2024-04-28,False,21,Logan Square
10664,30,TRAFFIC SIGNAL,FUNCTIONING PROPERLY,CLEAR,DAYLIGHT,PEDALCYCLIST,FOUR WAY,STRAIGHT AND LEVEL,DRY,NO DEFECTS,Y,FAILING TO YIELD RIGHT-OF-WAY,UNABLE TO DETERMINE,,NONINCAPACITATING INJURY,15,4,41.8896403136,-87.6454186555,2024,30,POINT (-87.6454186555 41.8896403136),,,,,2024-04-28,False,7,Near North Side
10665,30,TRAFFIC SIGNAL,NO CONTROLS,CLEAR,DARKNESS,PEDALCYCLIST,NOT DIVIDED,STRAIGHT AND LEVEL,DRY,NO DEFECTS,N,NOT APPLICABLE,NOT APPLICABLE,,NONINCAPACITATING INJURY,22,4,41.7773252728,-87.6837383935,2024,30,POINT (-87.6837383935 41.7773252728),,,,,2024-04-28,False,65,Chicago Lawn
10666,20,TRAFFIC SIGNAL,FUNCTIONING PROPERLY,RAIN,"DARKNESS, LIGHTED ROAD",PEDALCYCLIST,FOUR WAY,STRAIGHT AND LEVEL,WET,NO DEFECTS,Y,UNABLE TO DETERMINE,UNABLE TO DETERMINE,,NO INDICATION OF INJURY,6,4,41.94284611,-87.7071407237,2024,20,POINT (-87.7071407237 41.94284611),,,,,2024-04-29,False,15,Irving Park
10667,30,TRAFFIC SIGNAL,FUNCTIONING PROPERLY,RAIN,DAYLIGHT,PEDALCYCLIST,FOUR WAY,STRAIGHT AND LEVEL,WET,NO DEFECTS,Y,IMPROPER TURNING/NO SIGNAL,UNABLE TO DETERMINE,,NONINCAPACITATING INJURY,7,4,41.8833286097,-87.6269769955,2024,30,POINT (-87.6269769955 41.8833286097),,,,,2024-04-29,False,31,Loop
10668,30,TRAFFIC SIGNAL,FUNCTIONING PROPERLY,CLOUDY/OVERCAST,DAYLIGHT,PEDALCYCLIST,FOUR WAY,STRAIGHT AND LEVEL,DRY,NO DEFECTS,Y,UNABLE TO DETERMINE,NOT APPLICABLE,,"REPORTED, NOT EVIDENT",14,4,41.9682677087,-87.7278812305,2024,30,POINT (-87.7278812305 41.9682677087),,,,,2024-04-29,False,11,Forest Glen
10669,30,NO CONTROLS,NO CONTROLS,CLEAR,DAYLIGHT,PEDALCYCLIST,T-INTERSECTION,STRAIGHT AND LEVEL,DRY,NO DEFECTS,Y,UNABLE TO DETERMINE,UNABLE TO DETERMINE,,NO INDICATION OF INJURY,15,4,41.85791166,-87.6515953949,2024,30,POINT (-87.6515953949 41.85791166),,,,,2024-04-29,False,27,Near West Side
10670,30,NO CONTROLS,NO CONTROLS,CLEAR,DAYLIGHT,PEDALCYCLIST,DIVIDED - W/MEDIAN (NOT RAISED),STRAIGHT AND LEVEL,UNKNOWN,UNKNOWN,,UNABLE TO DETERMINE,UNABLE TO DETERMINE,,NONINCAPACITATING INJURY,16,4,41.8579631275,-87.6533577348,2024,30,POINT (-87.6533577348 41.8579631275),,,,,2024-04-29,False,27,Near West Side
10671,15,NO CONTROLS,NO CONTROLS,CLEAR,DAYLIGHT,PEDALCYCLIST,ALLEY,STRAIGHT AND LEVEL,DRY,UNKNOWN,Y,FAILING TO YIELD RIGHT-OF-WAY,UNABLE TO DETERMINE,,NONINCAPACITATING INJURY,16,4,41.9166360356,-87.7254659588,2024,15,POINT (-87.7254659588 41.9166360356),,,,,2024-04-29,False,19,Hermosa
10672,30,UNKNOWN,UNKNOWN,UNKNOWN,UNKNOWN,PEDALCYCLIST,NOT DIVIDED,STRAIGHT AND LEVEL,UNKNOWN,UNKNOWN,,UNABLE TO DETERMINE,NOT APPLICABLE,,NO INDICATION OF INJURY,17,4,41.9425993553,-87.7460535944,2024,30,POINT (-87.7460535944 41.9425993553),,,,,2024-04-29,False,14,Portage Park
10673,25,TRAFFIC SIGNAL,FUNCTIONING PROPERLY,CLEAR,DAYLIGHT,PEDALCYCLIST,NOT DIVIDED,STRAIGHT AND LEVEL,DRY,UNKNOWN,Y,UNABLE TO DETERMINE,UNABLE TO DETERMINE,,"REPORTED, NOT EVIDENT",8,4,42.0049988292,-87.6802304501,2024,25,POINT (-87.6802304501 42.0049988292),,,,,2024-04-30,False,0,Rogers Park
10674,20,TRAFFIC SIGNAL,FUNCTIONING PROPERLY,CLEAR,DAYLIGHT,PEDALCYCLIST,"FIVE POINT, OR MORE",STRAIGHT AND LEVEL,DRY,UNKNOWN,,IMPROPER OVERTAKING/PASSING,NOT APPLICABLE,,NONINCAPACITATING INJURY,16,4,41.8647450693,-87.6858404547,2024,20,POINT (-87.6858404547 41.8647450693),,,,,2024-04-30,False,27,Near West Side
10675,30,UNKNOWN,UNKNOWN,UNKNOWN,UNKNOWN,PEDALCYCLIST,NOT DIVIDED,STRAIGHT AND LEVEL,UNKNOWN,UNKNOWN,,UNABLE TO DETERMINE,UNABLE TO DETERMINE,,NO INDICATION OF INJURY,17,4,41.8889181736,-87.6444779729,2024,30,POINT (-87.6444779729 41.8889181736),,,,,2024-04-30,False,7,Near North Side
10676,30,NO CONTROLS,NO CONTROLS,CLEAR,DAYLIGHT,PEDALCYCLIST,NOT DIVIDED,STRAIGHT AND LEVEL,DRY,UNKNOWN,,UNABLE TO DETERMINE,NOT APPLICABLE,Y,NONINCAPACITATING INJURY,17,4,41.9524303621,-87.7175246487,2024,30,POINT (-87.7175246487 41.9524303621),,,,,2024-04-30,False,15,Irving Park
10677,30,NO CONTROLS,NO CONTROLS,CLEAR,DAYLIGHT,PEDALCYCLIST,ONE-WAY,STRAIGHT AND LEVEL,DRY,NO DEFECTS,,DRIVING ON WRONG SIDE/WRONG WAY,IMPROPER OVERTAKING/PASSING,Y,INCAPACITATING INJURY,19,4,41.8909657462,-87.6285425687,2024,30,POINT (-87.6285425687 41.8909657462),,,,,2024-04-30,True,7,Near North Side
10678,30,NO CONTROLS,NO CONTROLS,CLEAR,DAYLIGHT,PEDALCYCLIST,ALLEY,STRAIGHT AND LEVEL,UNKNOWN,UNKNOWN,,UNABLE TO DETERMINE,UNABLE TO DETERMINE,,NO INDICATION OF INJURY,7,5,41.7101446089,-87.668768664,2024,30,POINT (-87.668768664 41.7101446089),,,,,2024-05-01,False,71,Beverly
10679,30,NO CONTROLS,NO CONTROLS,CLEAR,DAYLIGHT,PEDALCYCLIST,NOT DIVIDED,STRAIGHT AND LEVEL,DRY,NO DEFECTS,,"OPERATING VEHICLE IN ERRATIC, RECKLESS, CARELESS, NEGLIGENT OR AGGRESSIVE MANNER",FAILING TO REDUCE SPEED TO AVOID CRASH,,"REPORTED, NOT EVIDENT",15,5,41.794924777,-87.7682578225,2024,30,POINT (-87.7682578225 41.794924777),,,,,2024-05-01,False,55,Garfield Ridge
10680,20,STOP SIGN/FLASHER,FUNCTIONING PROPERLY,CLEAR,DAYLIGHT,PEDALCYCLIST,NOT DIVIDED,STRAIGHT AND LEVEL,DRY,NO DEFECTS,,FOLLOWING TOO CLOSELY,FOLLOWING TOO CLOSELY,N,"REPORTED, NOT EVIDENT",15,5,41.866632426,-87.6932888644,2024,20,POINT (-87.6932888644 41.866632426),,,,,2024-05-01,False,28,North Lawndale
10681,30,STOP SIGN/FLASHER,FUNCTIONING PROPERLY,CLEAR,DAYLIGHT,PEDALCYCLIST,NOT DIVIDED,STRAIGHT AND LEVEL,DRY,NO DEFECTS,,UNABLE TO DETERMINE,NOT APPLICABLE,,NONINCAPACITATING INJURY,15,5,41.8760041142,-87.7425193444,2024,30,POINT (-87.7425193444 41.8760041142),,,,,2024-05-01,False,24,Austin
10682,25,NO CONTROLS,NO CONTROLS,CLEAR,DAYLIGHT,PEDALCYCLIST,NOT DIVIDED,STRAIGHT AND LEVEL,DRY,UNKNOWN,,UNABLE TO DETERMINE,NOT APPLICABLE,Y,NONINCAPACITATING INJURY,16,5,41.9652730765,-87.6587876548,2024,25,POINT (-87.6587876548 41.9652730765),,,,,2024-05-01,False,2,Uptown