Unnamed: 0,POSTED_SPEED_LIMIT,TRAFFIC_CONTROL_DEVICE,DEVICE_CONDITION,WEATHER_CONDITION,LIGHTING_CONDITION,FIRST_CRASH_TYPE,TRAFFICWAY_TYPE,ALIGNMENT,ROADWAY_SURFACE_COND,ROAD_DEFECT,INTERSECTION_RELATED_I,PRIM_CONTRIBUTORY_CAUSE,SEC_CONTRIBUTORY_CAUSE,DOORING_I,MOST_SEVERE_INJURY,CRASH_HOUR,CRASH_MONTH,LATITUDE,LONGITUDE,CRASH_YEAR,SPEED_LIMIT,geometry,DISPLAYROU,the_geom,DIST,LANE_TYPE,CRASH_DATE,is_severe,index_right,CArea
10683,30,NO CONTROLS,NO CONTROLS,CLEAR,DAYLIGHT,PEDALCYCLIST,NOT DIVIDED,STRAIGHT AND LEVEL,DRY,UNKNOWN,Y,FAILING TO YIELD RIGHT-OF-WAY,NOT APPLICABLE,,NO INDICATION OF INJURY,16,5,41.9120282438,-87.7069497335,2024,30,POINT (-87.7069497335 41.9120282438),,,,,2024-05-01,False,22,Humboldt Park
10684,30,NO CONTROLS,NO CONTROLS,CLEAR,DAYLIGHT,PEDALCYCLIST,NOT DIVIDED,STRAIGHT AND LEVEL,DRY,NO DEFECTS,,UNABLE TO DETERMINE,NOT APPLICABLE,,NONINCAPACITATING INJURY,16,5,41.9382939864,-87.6444881625,2024,30,POINT (-87.6444881625 41.9382939864),,,,,2024-05-01,False,5,Lake View
10685,35,TRAFFIC SIGNAL,FUNCTIONING PROPERLY,CLEAR,DAYLIGHT,PEDALCYCLIST,FOUR WAY,STRAIGHT AND LEVEL,DRY,NO DEFECTS,Y,DISREGARDING TRAFFIC SIGNALS,NOT APPLICABLE,,NONINCAPACITATING INJURY,17,5,41.8935606729,-87.6176001788,2024,35,POINT (-87.6176001788 41.8935606729),,,,,2024-05-01,False,7,Near North Side
10686,30,TRAFFIC SIGNAL,FUNCTIONING PROPERLY,CLEAR,DAYLIGHT,PEDALCYCLIST,NOT DIVIDED,STRAIGHT AND LEVEL,DRY,NO DEFECTS,Y,NOT APPLICABLE,NOT APPLICABLE,N,NONINCAPACITATING INJURY,18,5,41.8737367309,-87.7109060035,2024,30,POINT (-87.7109060035 41.8737367309),,,,,2024-05-01,False,26,Garfield Park
10687,30,TRAFFIC SIGNAL,FUNCTIONING PROPERLY,CLEAR,DAYLIGHT,PEDALCYCLIST,NOT DIVIDED,STRAIGHT AND LEVEL,DRY,NO DEFECTS,Y,FAILING TO YIELD RIGHT-OF-WAY,NOT APPLICABLE,,NO INDICATION OF INJURY,18,5,41.9214221431,-87.6779001087,2024,30,POINT (-87.6779001087 41.9214221431),,,,,2024-05-01,False,6,Lincoln Park
10688,30,NO CONTROLS,NO CONTROLS,CLEAR,DARKNESS,PEDALCYCLIST,NOT DIVIDED,STRAIGHT AND LEVEL,DRY,NO DEFECTS,,IMPROPER OVERTAKING/PASSING,UNABLE TO DETERMINE,,NO INDICATION OF INJURY,21,5,41.9134180013,-87.6433630852,2024,30,POINT (-87.6433630852 41.9134180013),,,,,2024-05-01,False,6,Lincoln Park
10689,30,TRAFFIC SIGNAL,FUNCTIONING PROPERLY,CLEAR,DAYLIGHT,PEDALCYCLIST,FOUR WAY,STRAIGHT AND LEVEL,DRY,NO DEFECTS,Y,IMPROPER LANE USAGE,"VISION OBSCURED (SIGNS, TREE LIMBS, BUILDINGS, ETC.)",,NONINCAPACITATING INJURY,7,5,41.9682669785,-87.7157454718,2024,30,POINT (-87.7157454718 41.9682669785),,,,,2024-05-02,False,13,Albany Park
10690,30,NO CONTROLS,NO CONTROLS,CLEAR,DAYLIGHT,PEDALCYCLIST,NOT DIVIDED,STRAIGHT AND LEVEL,DRY,NO DEFECTS,,DRIVING SKILLS/KNOWLEDGE/EXPERIENCE,"OPERATING VEHICLE IN ERRATIC, RECKLESS, CARELESS, NEGLIGENT OR AGGRESSIVE MANNER",,NO INDICATION OF INJURY,10,5,41.781354981,-87.6678401377,2024,30,POINT (-87.6678401377 41.781354981),,,,,2024-05-02,False,66,Englewood
10691,35,NO CONTROLS,NO CONTROLS,RAIN,DAYLIGHT,PEDALCYCLIST,ONE-WAY,STRAIGHT AND LEVEL,WET,UNKNOWN,,FAILING TO YIELD RIGHT-OF-WAY,IMPROPER OVERTAKING/PASSING,,NONINCAPACITATING INJURY,16,5,41.9378569347,-87.8140154278,2024,35,POINT (-87.8140154278 41.9378569347),,,,,2024-05-02,False,16,Dunning
10692,20,NO CONTROLS,NO CONTROLS,CLEAR,DAYLIGHT,PEDALCYCLIST,DIVIDED - W/MEDIAN BARRIER,STRAIGHT AND LEVEL,DRY,UNKNOWN,,UNABLE TO DETERMINE,NOT APPLICABLE,,NO INDICATION OF INJURY,17,5,41.9584835633,-87.6532144892,2024,20,POINT (-87.6532144892 41.9584835633),,,,,2024-05-02,False,2,Uptown
10693,30,NO CONTROLS,NO CONTROLS,CLEAR,DAYLIGHT,PEDALCYCLIST,NOT DIVIDED,STRAIGHT AND LEVEL,WET,UNKNOWN,,FAILING TO YIELD RIGHT-OF-WAY,FAILING TO YIELD RIGHT-OF-WAY,,NO INDICATION OF INJURY,18,5,41.9011577184,-87.6868312804,2024,30,POINT (-87.6868312804 41.9011577184),,,,,2024-05-02,False,23,West Town
10694,35,TRAFFIC SIGNAL,FUNCTIONING PROPERLY,CLEAR,"DARKNESS, LIGHTED ROAD",PEDALCYCLIST,NOT DIVIDED,STRAIGHT AND LEVEL,DRY,NO DEFECTS,Y,FAILING TO REDUCE SPEED TO AVOID CRASH,NOT APPLICABLE,,NONINCAPACITATING INJURY,21,5,41.8892748439,-87.634083718,2024,35,POINT (-87.634083718 41.8892748439),,,,,2024-05-02,False,7,Near North Side
10695,30,NO CONTROLS,NO CONTROLS,RAIN,DAYLIGHT,PEDALCYCLIST,PARKING LOT,STRAIGHT AND LEVEL,WET,NO DEFECTS,,NOT APPLICABLE,NOT APPLICABLE,,NONINCAPACITATING INJURY,10,5,41.9276598957,-87.7854476193,2024,30,POINT (-87.7854476193 41.9276598957),,,,,2024-05-03,False,18,Belmont Cragin
10696,30,NO CONTROLS,NO CONTROLS,CLOUDY/OVERCAST,DAYLIGHT,PEDALCYCLIST,NOT DIVIDED,STRAIGHT AND LEVEL,DRY,NO DEFECTS,,IMPROPER LANE USAGE,FAILING TO REDUCE SPEED TO AVOID CRASH,,NO INDICATION OF INJURY,10,5,41.8850669836,-87.647601534,2024,30,POINT (-87.647601534 41.8850669836),,,,,2024-05-03,False,27,Near West Side
10697,25,NO CONTROLS,NO CONTROLS,CLEAR,DAYLIGHT,PEDALCYCLIST,DRIVEWAY,STRAIGHT AND LEVEL,DRY,NO DEFECTS,,UNABLE TO DETERMINE,NOT APPLICABLE,,NONINCAPACITATING INJURY,11,5,41.9857089257,-87.6568258474,2024,25,POINT (-87.6568258474 41.9857089257),,,,,2024-05-03,False,76,Edgewater
10698,30,NO CONTROLS,NO CONTROLS,CLEAR,DAYLIGHT,PEDALCYCLIST,NOT DIVIDED,STRAIGHT AND LEVEL,DRY,NO DEFECTS,,UNABLE TO DETERMINE,NOT APPLICABLE,,NONINCAPACITATING INJURY,12,5,41.8591089913,-87.6465339832,2024,30,POINT (-87.6465339832 41.8591089913),,,,,2024-05-03,False,27,Near West Side
10699,30,NO CONTROLS,NOT FUNCTIONING,CLEAR,DAYLIGHT,PEDALCYCLIST,NOT DIVIDED,STRAIGHT AND LEVEL,DRY,NO DEFECTS,,UNABLE TO DETERMINE,UNABLE TO DETERMINE,,NONINCAPACITATING INJURY,18,5,41.9240804506,-87.6466398691,2024,30,POINT (-87.6466398691 41.9240804506),,,,,2024-05-03,False,6,Lincoln Park
10700,30,NO CONTROLS,NO CONTROLS,CLEAR,DAYLIGHT,PEDALCYCLIST,NOT DIVIDED,STRAIGHT AND LEVEL,DRY,NO DEFECTS,,UNABLE TO DETERMINE,NOT APPLICABLE,,NO INDICATION OF INJURY,18,5,41.9683844202,-87.7250709511,2024,30,POINT (-87.7250709511 41.9683844202),,,,,2024-05-03,False,13,Albany Park
10701,30,NO CONTROLS,NO CONTROLS,CLEAR,"DARKNESS, LIGHTED ROAD",PEDALCYCLIST,DIVIDED - W/MEDIAN (NOT RAISED),STRAIGHT AND LEVEL,DRY,NO DEFECTS,,FAILING TO YIELD RIGHT-OF-WAY,UNABLE TO DETERMINE,,NONINCAPACITATING INJURY,21,5,41.9865369189,-87.6551381759,2024,30,POINT (-87.6551381759 41.9865369189),,,,,2024-05-03,False,76,Edgewater
10702,30,STOP SIGN/FLASHER,FUNCTIONING PROPERLY,CLEAR,DAYLIGHT,PEDALCYCLIST,T-INTERSECTION,STRAIGHT AND LEVEL,DRY,NO DEFECTS,Y,FAILING TO YIELD RIGHT-OF-WAY,FAILING TO REDUCE SPEED TO AVOID CRASH,,"REPORTED, NOT EVIDENT",7,5,41.9021400865,-87.6345606582,2024,30,POINT (-87.6345606582 41.9021400865),,,,,2024-05-04,False,7,Near North Side
10703,30,STOP SIGN/FLASHER,NO CONTROLS,CLEAR,DAYLIGHT,PEDALCYCLIST,FOUR WAY,STRAIGHT AND LEVEL,DRY,UNKNOWN,,UNABLE TO DETERMINE,UNABLE TO DETERMINE,,NONINCAPACITATING INJURY,8,5,41.7973499292,-87.6867245665,2024,30,POINT (-87.6867245665 41.7973499292),,,,,2024-05-04,False,62,Gage Park
10704,30,UNKNOWN,UNKNOWN,CLEAR,UNKNOWN,PEDALCYCLIST,UNKNOWN,STRAIGHT AND LEVEL,UNKNOWN,UNKNOWN,,UNABLE TO DETERMINE,UNABLE TO DETERMINE,,NO INDICATION OF INJURY,8,5,41.8024542044,-87.5919993964,2024,30,POINT (-87.5919993964 41.8024542044),,,,,2024-05-04,False,38,Kenwood
10705,30,NO CONTROLS,NO CONTROLS,CLEAR,DAYLIGHT,PEDALCYCLIST,NOT DIVIDED,STRAIGHT AND LEVEL,DRY,NO DEFECTS,,IMPROPER TURNING/NO SIGNAL,NOT APPLICABLE,,NONINCAPACITATING INJURY,9,5,41.8768747935,-87.6400719634,2024,30,POINT (-87.6400719634 41.8768747935),,,,,2024-05-04,False,27,Near West Side
10706,25,STOP SIGN/FLASHER,FUNCTIONING PROPERLY,CLEAR,DAYLIGHT,PEDALCYCLIST,NOT DIVIDED,STRAIGHT AND LEVEL,DRY,NO DEFECTS,Y,FAILING TO YIELD RIGHT-OF-WAY,NOT APPLICABLE,,NO INDICATION OF INJURY,10,5,41.8934753577,-87.6225746736,2024,25,POINT (-87.6225746736 41.8934753577),,,,,2024-05-04,False,7,Near North Side
10707,30,NO CONTROLS,NO CONTROLS,CLEAR,DAYLIGHT,PEDALCYCLIST,NOT DIVIDED,STRAIGHT AND LEVEL,DRY,NO DEFECTS,,DRIVING ON WRONG SIDE/WRONG WAY,FAILING TO REDUCE SPEED TO AVOID CRASH,,"REPORTED, NOT EVIDENT",13,5,41.9545693813,-87.656257743,2024,30,POINT (-87.656257743 41.9545693813),,,,,2024-05-04,False,2,Uptown
10708,30,TRAFFIC SIGNAL,FUNCTIONING PROPERLY,CLEAR,DAYLIGHT,PEDALCYCLIST,FOUR WAY,STRAIGHT AND LEVEL,DRY,NO DEFECTS,,FAILING TO YIELD RIGHT-OF-WAY,NOT APPLICABLE,,"REPORTED, NOT EVIDENT",14,5,41.8874416979,-87.6281476395,2024,30,POINT (-87.6281476395 41.8874416979),,,,,2024-05-04,False,7,Near North Side
10709,25,TRAFFIC SIGNAL,FUNCTIONING PROPERLY,CLEAR,DAYLIGHT,PEDALCYCLIST,FOUR WAY,STRAIGHT AND LEVEL,DRY,NO DEFECTS,Y,FAILING TO YIELD RIGHT-OF-WAY,FAILING TO YIELD RIGHT-OF-WAY,,NONINCAPACITATING INJURY,15,5,41.9104065679,-87.6675390779,2024,25,POINT (-87.6675390779 41.9104065679),,,,,2024-05-04,False,23,West Town
10710,30,NO CONTROLS,NO CONTROLS,CLEAR,DAYLIGHT,PEDALCYCLIST,NOT DIVIDED,STRAIGHT AND LEVEL,DRY,NO DEFECTS,,UNABLE TO DETERMINE,NOT APPLICABLE,,INCAPACITATING INJURY,17,5,41.9138127579,-87.656746878,2024,30,POINT (-87.656746878 41.9138127579),,,,,2024-05-04,True,6,Lincoln Park
10711,30,TRAFFIC SIGNAL,FUNCTIONING PROPERLY,CLEAR,DAYLIGHT,PEDALCYCLIST,FOUR WAY,STRAIGHT AND LEVEL,DRY,UNKNOWN,Y,FAILING TO YIELD RIGHT-OF-WAY,UNABLE TO DETERMINE,,INCAPACITATING INJURY,17,5,41.7574181899,-87.5664868468,2024,30,POINT (-87.5664868468 41.7574181899),,,,,2024-05-04,True,42,South Shore
10712,30,NO CONTROLS,NO CONTROLS,CLEAR,DAYLIGHT,PEDALCYCLIST,NOT DIVIDED,STRAIGHT AND LEVEL,DRY,NO DEFECTS,,FAILING TO YIELD RIGHT-OF-WAY,NOT APPLICABLE,,NO INDICATION OF INJURY,17,5,41.9483418475,-87.6542157492,2024,30,POINT (-87.6542157492 41.9483418475),,,,,2024-05-04,False,5,Lake View
10713,30,TRAFFIC SIGNAL,FUNCTIONING PROPERLY,RAIN,DUSK,PEDALCYCLIST,NOT DIVIDED,STRAIGHT AND LEVEL,WET,NO DEFECTS,,WEATHER,NOT APPLICABLE,,NONINCAPACITATING INJURY,17,5,41.9457655953,-87.7668756233,2024,30,POINT (-87.7668756233 41.9457655953),,,,,2024-05-04,False,14,Portage Park
10714,20,TRAFFIC SIGNAL,FUNCTIONING PROPERLY,CLEAR,DAYLIGHT,PEDALCYCLIST,FOUR WAY,STRAIGHT AND LEVEL,DRY,NO DEFECTS,Y,FAILING TO YIELD RIGHT-OF-WAY,NOT APPLICABLE,,NONINCAPACITATING INJURY,18,5,41.9275932801,-87.7759038604,2024,20,POINT (-87.7759038604 41.9275932801),,,,,2024-05-04,False,18,Belmont Cragin
10715,15,TRAFFIC SIGNAL,FUNCTIONING PROPERLY,RAIN,UNKNOWN,PEDALCYCLIST,DIVIDED - W/MEDIAN (NOT RAISED),STRAIGHT AND LEVEL,WET,NO DEFECTS,,UNABLE TO DETERMINE,NOT APPLICABLE,,"REPORTED, NOT EVIDENT",19,5,41.7412118247,-87.7141927462,2024,15,POINT (-87.7141927462 41.7412118247),,,,,2024-05-04,False,69,Ashburn
10716,30,NO CONTROLS,NO CONTROLS,UNKNOWN,UNKNOWN,PEDALCYCLIST,UNKNOWN INTERSECTION TYPE,STRAIGHT AND LEVEL,UNKNOWN,UNKNOWN,Y,UNABLE TO DETERMINE,UNABLE TO DETERMINE,,NONINCAPACITATING INJURY,21,5,41.8779327373,-87.7257240638,2024,30,POINT (-87.7257240638 41.8779327373),,,,,2024-05-04,False,25,Garfield Park
10717,30,UNKNOWN,UNKNOWN,CLEAR,"DARKNESS, LIGHTED ROAD",PEDALCYCLIST,ALLEY,STRAIGHT AND LEVEL,WET,NO DEFECTS,,EQUIPMENT - VEHICLE CONDITION,NOT APPLICABLE,,NO INDICATION OF INJURY,22,5,41.9962867574,-87.6695699296,2024,30,POINT (-87.6695699296 41.9962867574),,,,,2024-05-04,False,76,Edgewater
10718,25,STOP SIGN/FLASHER,FUNCTIONING IMPROPERLY,CLEAR,"DARKNESS, LIGHTED ROAD",PEDALCYCLIST,FOUR WAY,STRAIGHT AND LEVEL,DRY,NO DEFECTS,Y,"OPERATING VEHICLE IN ERRATIC, RECKLESS, CARELESS, NEGLIGENT OR AGGRESSIVE MANNER",DISREGARDING STOP SIGN,,NONINCAPACITATING INJURY,2,5,41.9488200959,-87.6615793513,2024,25,POINT (-87.6615793513 41.9488200959),,,,,2024-05-05,False,5,Lake View
10719,30,UNKNOWN,UNKNOWN,CLEAR,DAYLIGHT,PEDALCYCLIST,NOT DIVIDED,STRAIGHT AND LEVEL,DRY,UNKNOWN,,NOT APPLICABLE,NOT APPLICABLE,,NO INDICATION OF INJURY,17,5,41.8892326581,-87.6323804778,2024,30,POINT (-87.6323804778 41.8892326581),,,,,2024-05-05,False,7,Near North Side
10720,30,NO CONTROLS,NO CONTROLS,CLEAR,DAYLIGHT,PEDALCYCLIST,NOT DIVIDED,STRAIGHT AND LEVEL,DRY,NO DEFECTS,,FAILING TO YIELD RIGHT-OF-WAY,NOT APPLICABLE,Y,"REPORTED, NOT EVIDENT",17,5,41.9433246123,-87.6785978831,2024,30,POINT (-87.6785978831 41.9433246123),,,,,2024-05-05,False,4,North Center
10721,30,TRAFFIC SIGNAL,FUNCTIONING PROPERLY,CLEAR,DARKNESS,PEDALCYCLIST,NOT DIVIDED,STRAIGHT AND LEVEL,DRY,NO DEFECTS,,FAILING TO YIELD RIGHT-OF-WAY,NOT APPLICABLE,,"REPORTED, NOT EVIDENT",19,5,41.899224596,-87.696642375,2024,30,POINT (-87.696642375 41.899224596),,,,,2024-05-05,False,22,Humboldt Park
10722,30,NO CONTROLS,NO CONTROLS,CLEAR,DUSK,PEDALCYCLIST,NOT DIVIDED,STRAIGHT AND LEVEL,DRY,NO DEFECTS,Y,UNABLE TO DETERMINE,UNABLE TO DETERMINE,,NONINCAPACITATING INJURY,23,5,41.9381443545,-87.7899272433,2024,30,POINT (-87.7899272433 41.9381443545),,,,,2024-05-05,False,16,Dunning
10723,35,OTHER,FUNCTIONING PROPERLY,CLEAR,DAYLIGHT,PEDALCYCLIST,NOT DIVIDED,STRAIGHT AND LEVEL,DRY,NO DEFECTS,,FAILING TO YIELD RIGHT-OF-WAY,UNABLE TO DETERMINE,,NO INDICATION OF INJURY,13,5,41.924567606,-87.6488751819,2024,35,POINT (-87.6488751819 41.924567606),,,,,2024-05-06,False,6,Lincoln Park
10724,25,STOP SIGN/FLASHER,FUNCTIONING PROPERLY,CLEAR,DAYLIGHT,PEDALCYCLIST,NOT DIVIDED,STRAIGHT AND LEVEL,DRY,NO DEFECTS,Y,FAILING TO YIELD RIGHT-OF-WAY,NOT APPLICABLE,,NONINCAPACITATING INJURY,16,5,41.6989881902,-87.6776871268,2024,25,POINT (-87.6776871268 41.6989881902),,,,,2024-05-06,False,71,Beverly
10725,30,NO CONTROLS,NO CONTROLS,CLEAR,DAYLIGHT,PEDALCYCLIST,NOT DIVIDED,STRAIGHT AND LEVEL,UNKNOWN,UNKNOWN,,UNABLE TO DETERMINE,FAILING TO REDUCE SPEED TO AVOID CRASH,,NO INDICATION OF INJURY,18,5,41.7295314264,-87.5844552371,2024,30,POINT (-87.5844552371 41.7295314264),,,,,2024-05-06,False,45,South Chicago
10726,30,UNKNOWN,UNKNOWN,CLEAR,"DARKNESS, LIGHTED ROAD",PEDALCYCLIST,ONE-WAY,STRAIGHT AND LEVEL,DRY,NO DEFECTS,,IMPROPER LANE USAGE,FOLLOWING TOO CLOSELY,,"REPORTED, NOT EVIDENT",20,5,41.8646478199,-87.7069826381,2024,30,POINT (-87.7069826381 41.8646478199),,,,,2024-05-06,False,28,North Lawndale
10727,30,NO CONTROLS,NO CONTROLS,CLEAR,DAYLIGHT,PEDALCYCLIST,DIVIDED - W/MEDIAN (NOT RAISED),STRAIGHT AND LEVEL,DRY,NO DEFECTS,,IMPROPER OVERTAKING/PASSING,FOLLOWING TOO CLOSELY,,"REPORTED, NOT EVIDENT",7,5,41.9686401666,-87.6989011811,2024,30,POINT (-87.6989011811 41.9686401666),,,,,2024-05-07,False,3,Lincoln Square
10728,30,STOP SIGN/FLASHER,FUNCTIONING PROPERLY,CLEAR,DAYLIGHT,PEDALCYCLIST,FOUR WAY,STRAIGHT AND LEVEL,DRY,NO DEFECTS,Y,NOT APPLICABLE,NOT APPLICABLE,,"REPORTED, NOT EVIDENT",13,5,41.9752407065,-87.6681657075,2024,30,POINT (-87.6681657075 41.9752407065),,,,,2024-05-07,False,2,Uptown
10729,20,STOP SIGN/FLASHER,FUNCTIONING PROPERLY,RAIN,DAYLIGHT,PEDALCYCLIST,NOT DIVIDED,STRAIGHT AND LEVEL,WET,NO DEFECTS,,FAILING TO YIELD RIGHT-OF-WAY,DISREGARDING STOP SIGN,,NONINCAPACITATING INJURY,13,5,41.7897134178,-87.7084982525,2024,20,POINT (-87.7084982525 41.7897134178),,,,,2024-05-07,False,62,Gage Park
10730,30,NO CONTROLS,NO CONTROLS,CLEAR,DAYLIGHT,PEDALCYCLIST,DIVIDED - W/MEDIAN (NOT RAISED),STRAIGHT AND LEVEL,DRY,NO DEFECTS,,UNABLE TO DETERMINE,UNABLE TO DETERMINE,,NO INDICATION OF INJURY,16,5,41.9557799679,-87.7082167121,2024,30,POINT (-87.7082167121 41.9557799679),,,,,2024-05-07,False,15,Irving Park
10731,30,PEDESTRIAN CROSSING SIGN,FUNCTIONING PROPERLY,CLEAR,DAYLIGHT,PEDALCYCLIST,DIVIDED - W/MEDIAN BARRIER,STRAIGHT AND LEVEL,DRY,NO DEFECTS,Y,UNABLE TO DETERMINE,UNABLE TO DETERMINE,,NONINCAPACITATING INJURY,16,5,41.9099252471,-87.7315572163,2024,30,POINT (-87.7315572163 41.9099252471),,,,,2024-05-07,False,22,Humboldt Park
10732,30,TRAFFIC SIGNAL,FUNCTIONING PROPERLY,CLEAR,DAYLIGHT,PEDALCYCLIST,DIVIDED - W/MEDIAN (NOT RAISED),STRAIGHT AND LEVEL,DRY,UNKNOWN,,DRIVING SKILLS/KNOWLEDGE/EXPERIENCE,NOT APPLICABLE,Y,NONINCAPACITATING INJURY,17,5,41.9158722945,-87.687219833,2024,30,POINT (-87.687219833 41.9158722945),,,,,2024-05-07,False,21,Logan Square
10733,30,NO CONTROLS,NO CONTROLS,CLEAR,DAYLIGHT,PEDALCYCLIST,NOT DIVIDED,STRAIGHT AND LEVEL,DRY,NO DEFECTS,Y,NOT APPLICABLE,NOT APPLICABLE,,NONINCAPACITATING INJURY,17,5,41.981887333,-87.6601674062,2024,30,POINT (-87.6601674062 41.981887333),,,,,2024-05-07,False,76,Edgewater
10735,25,TRAFFIC SIGNAL,FUNCTIONING PROPERLY,CLEAR,"DARKNESS, LIGHTED ROAD",PEDALCYCLIST,DIVIDED - W/MEDIAN BARRIER,STRAIGHT AND LEVEL,WET,NO DEFECTS,,NOT APPLICABLE,NOT APPLICABLE,N,"REPORTED, NOT EVIDENT",21,5,41.7215707064,-87.6238733539,2024,25,POINT (-87.6238733539 41.7215707064),,,,,2024-05-07,False,48,Roseland
10736,30,TRAFFIC SIGNAL,FUNCTIONING PROPERLY,CLEAR,"DARKNESS, LIGHTED ROAD",PEDALCYCLIST,DIVIDED - W/MEDIAN BARRIER,STRAIGHT AND LEVEL,UNKNOWN,NO DEFECTS,,DISREGARDING TRAFFIC SIGNALS,FAILING TO REDUCE SPEED TO AVOID CRASH,,NONINCAPACITATING INJURY,23,5,41.8877502986,-87.6244108678,2024,30,POINT (-87.6244108678 41.8877502986),,,,,2024-05-07,False,7,Near North Side
10737,30,STOP SIGN/FLASHER,FUNCTIONING PROPERLY,CLEAR,DAYLIGHT,PEDALCYCLIST,NOT DIVIDED,STRAIGHT AND LEVEL,DRY,NO DEFECTS,Y,FAILING TO YIELD RIGHT-OF-WAY,"VISION OBSCURED (SIGNS, TREE LIMBS, BUILDINGS, ETC.)",,NONINCAPACITATING INJURY,7,5,41.9281122395,-87.6487091158,2024,30,POINT (-87.6487091158 41.9281122395),,,,,2024-05-08,False,6,Lincoln Park
10738,30,TRAFFIC SIGNAL,FUNCTIONING PROPERLY,CLEAR,DAYLIGHT,PEDALCYCLIST,T-INTERSECTION,STRAIGHT AND LEVEL,DRY,UNKNOWN,Y,UNABLE TO DETERMINE,NOT APPLICABLE,,NO INDICATION OF INJURY,8,5,41.8844460794,-87.629602189,2024,30,POINT (-87.629602189 41.8844460794),,,,,2024-05-08,False,31,Loop
10739,30,NO CONTROLS,NO CONTROLS,CLEAR,DAYLIGHT,PEDALCYCLIST,ONE-WAY,STRAIGHT AND LEVEL,DRY,NO DEFECTS,,FAILING TO YIELD RIGHT-OF-WAY,DISTRACTION - FROM OUTSIDE VEHICLE,,INCAPACITATING INJURY,11,5,41.8794211806,-87.6338994139,2024,30,POINT (-87.6338994139 41.8794211806),,,,,2024-05-08,True,31,Loop
10740,30,TRAFFIC SIGNAL,FUNCTIONING PROPERLY,CLEAR,DAYLIGHT,PEDALCYCLIST,DIVIDED - W/MEDIAN BARRIER,STRAIGHT AND LEVEL,DRY,NO DEFECTS,Y,IMPROPER OVERTAKING/PASSING,NOT APPLICABLE,,NONINCAPACITATING INJURY,12,5,41.8693385225,-87.6242787272,2024,30,POINT (-87.6242787272 41.8693385225),,,,,2024-05-08,False,31,Loop
10741,30,TRAFFIC SIGNAL,NO CONTROLS,CLEAR,DAYLIGHT,PEDALCYCLIST,NOT DIVIDED,STRAIGHT AND LEVEL,DRY,NO DEFECTS,,DISTRACTION - FROM INSIDE VEHICLE,NOT APPLICABLE,Y,NONINCAPACITATING INJURY,12,5,41.9469462173,-87.6468664049,2024,30,POINT (-87.6468664049 41.9469462173),,,,,2024-05-08,False,5,Lake View
10742,30,STOP SIGN/FLASHER,FUNCTIONING PROPERLY,CLEAR,DAYLIGHT,PEDALCYCLIST,DIVIDED - W/MEDIAN (NOT RAISED),STRAIGHT AND LEVEL,DRY,NO DEFECTS,Y,UNABLE TO DETERMINE,UNABLE TO DETERMINE,,NONINCAPACITATING INJURY,13,5,41.9769372005,-87.649575133,2024,30,POINT (-87.649575133 41.9769372005),,,,,2024-05-08,False,2,Uptown
10743,30,TRAFFIC SIGNAL,FUNCTIONING PROPERLY,CLEAR,DAYLIGHT,PEDALCYCLIST,Y-INTERSECTION,STRAIGHT AND LEVEL,DRY,NO DEFECTS,,UNABLE TO DETERMINE,NOT APPLICABLE,,NO INDICATION OF INJURY,14,5,41.9322934156,-87.687745294,2024,30,POINT (-87.687745294 41.9322934156),,,,,2024-05-08,False,4,North Center
10744,30,STOP SIGN/FLASHER,FUNCTIONING PROPERLY,CLEAR,DAYLIGHT,PEDALCYCLIST,NOT DIVIDED,STRAIGHT AND LEVEL,DRY,NO DEFECTS,,FAILING TO YIELD RIGHT-OF-WAY,FAILING TO YIELD RIGHT-OF-WAY,,NO INDICATION OF INJURY,15,5,41.8962261353,-87.6511551495,2024,30,POINT (-87.6511551495 41.8962261353),,,,,2024-05-08,False,7,Near North Side
10745,30,NO CONTROLS,NO CONTROLS,CLEAR,DAYLIGHT,PEDALCYCLIST,NOT DIVIDED,STRAIGHT AND LEVEL,DRY,UNKNOWN,,FAILING TO YIELD RIGHT-OF-WAY,FAILING TO YIELD RIGHT-OF-WAY,,NO INDICATION OF INJURY,17,5,41.9090376541,-87.6751459225,2024,30,POINT (-87.6751459225 41.9090376541),,,,,2024-05-08,False,23,West Town
10746,30,TRAFFIC SIGNAL,FUNCTIONING PROPERLY,CLEAR,DAYLIGHT,PEDALCYCLIST,FOUR WAY,STRAIGHT AND LEVEL,DRY,UNKNOWN,,NOT APPLICABLE,NOT APPLICABLE,,NONINCAPACITATING INJURY,17,5,41.8675245555,-87.6256838262,2024,30,POINT (-87.6256838262 41.8675245555),,,,,2024-05-08,False,31,Loop
10747,30,NO CONTROLS,NO CONTROLS,CLEAR,DUSK,PEDALCYCLIST,NOT DIVIDED,STRAIGHT AND LEVEL,DRY,NO DEFECTS,Y,FAILING TO YIELD RIGHT-OF-WAY,DRIVING SKILLS/KNOWLEDGE/EXPERIENCE,,INCAPACITATING INJURY,19,5,41.8389853919,-87.6461539463,2024,30,POINT (-87.6461539463 41.8389853919),,,,,2024-05-08,True,30,Lower West Side