Unnamed: 0,POSTED_SPEED_LIMIT,TRAFFIC_CONTROL_DEVICE,DEVICE_CONDITION,WEATHER_CONDITION,LIGHTING_CONDITION,FIRST_CRASH_TYPE,TRAFFICWAY_TYPE,ALIGNMENT,ROADWAY_SURFACE_COND,ROAD_DEFECT,INTERSECTION_RELATED_I,PRIM_CONTRIBUTORY_CAUSE,SEC_CONTRIBUTORY_CAUSE,DOORING_I,MOST_SEVERE_INJURY,CRASH_HOUR,CRASH_MONTH,LATITUDE,LONGITUDE,CRASH_YEAR,SPEED_LIMIT,geometry,DISPLAYROU,the_geom,DIST,LANE_TYPE,CRASH_DATE,is_severe,index_right,CArea
10748,30,NO CONTROLS,NO CONTROLS,CLOUDY/OVERCAST,DAYLIGHT,PEDALCYCLIST,DIVIDED - W/MEDIAN (NOT RAISED),STRAIGHT AND LEVEL,DRY,NO DEFECTS,,FAILING TO YIELD RIGHT-OF-WAY,UNABLE TO DETERMINE,,INCAPACITATING INJURY,12,5,41.9935210117,-87.6605229896,2024,30,POINT (-87.6605229896 41.9935210117),,,,,2024-05-09,True,76,Edgewater
10749,30,STOP SIGN/FLASHER,NO CONTROLS,CLEAR,DAYLIGHT,PEDALCYCLIST,DIVIDED - W/MEDIAN (NOT RAISED),STRAIGHT AND LEVEL,DRY,NO DEFECTS,Y,FAILING TO YIELD RIGHT-OF-WAY,IMPROPER OVERTAKING/PASSING,,NONINCAPACITATING INJURY,14,5,41.9190371922,-87.7267631397,2024,30,POINT (-87.7267631397 41.9190371922),,,,,2024-05-09,False,19,Hermosa
10750,30,TRAFFIC SIGNAL,FUNCTIONING PROPERLY,RAIN,DAYLIGHT,PEDALCYCLIST,T-INTERSECTION,STRAIGHT AND LEVEL,WET,UNKNOWN,Y,DISREGARDING TRAFFIC SIGNALS,DISREGARDING TRAFFIC SIGNALS,,NO INDICATION OF INJURY,16,5,41.9945481595,-87.670239404,2024,30,POINT (-87.670239404 41.9945481595),,,,,2024-05-09,False,76,Edgewater
10751,30,NO CONTROLS,NO CONTROLS,CLEAR,DAYLIGHT,PEDALCYCLIST,NOT DIVIDED,STRAIGHT AND LEVEL,WET,NO DEFECTS,,UNABLE TO DETERMINE,NOT APPLICABLE,,"REPORTED, NOT EVIDENT",17,5,41.8226757476,-87.7062090646,2024,30,POINT (-87.7062090646 41.8226757476),,,,,2024-05-09,False,29,South Lawndale
10752,30,STOP SIGN/FLASHER,FUNCTIONING PROPERLY,CLEAR,DAYLIGHT,PEDALCYCLIST,DIVIDED - W/MEDIAN (NOT RAISED),STRAIGHT AND LEVEL,DRY,NO DEFECTS,Y,FAILING TO YIELD RIGHT-OF-WAY,DRIVING SKILLS/KNOWLEDGE/EXPERIENCE,,"REPORTED, NOT EVIDENT",12,5,41.9556845577,-87.6629012635,2024,30,POINT (-87.6629012635 41.9556845577),,,,,2024-05-10,False,2,Uptown
10753,25,TRAFFIC SIGNAL,FUNCTIONING PROPERLY,CLEAR,DAYLIGHT,PEDALCYCLIST,FOUR WAY,STRAIGHT AND LEVEL,DRY,NO DEFECTS,Y,FAILING TO YIELD RIGHT-OF-WAY,DRIVING SKILLS/KNOWLEDGE/EXPERIENCE,,INCAPACITATING INJURY,16,5,41.8757910592,-87.6241150123,2024,25,POINT (-87.6241150123 41.8757910592),,,,,2024-05-10,True,31,Loop
10754,30,TRAFFIC SIGNAL,FUNCTIONING PROPERLY,CLEAR,DARKNESS,PEDALCYCLIST,FOUR WAY,STRAIGHT AND LEVEL,UNKNOWN,UNKNOWN,,FOLLOWING TOO CLOSELY,NOT APPLICABLE,,NO INDICATION OF INJURY,21,5,41.8818086816,-87.6475083354,2024,30,POINT (-87.6475083354 41.8818086816),,,,,2024-05-10,False,27,Near West Side
10755,30,NO CONTROLS,NO CONTROLS,CLEAR,"DARKNESS, LIGHTED ROAD",PEDALCYCLIST,NOT DIVIDED,STRAIGHT AND LEVEL,DRY,NO DEFECTS,,IMPROPER LANE USAGE,UNABLE TO DETERMINE,,NONINCAPACITATING INJURY,4,5,41.9102999558,-87.6998607714,2024,30,POINT (-87.6998607714 41.9102999558),,,,,2024-05-11,False,22,Humboldt Park
10756,30,NO CONTROLS,NO CONTROLS,CLEAR,DAYLIGHT,PEDALCYCLIST,DRIVEWAY,STRAIGHT AND LEVEL,UNKNOWN,UNKNOWN,,FAILING TO YIELD RIGHT-OF-WAY,DISTRACTION - FROM OUTSIDE VEHICLE,,NONINCAPACITATING INJURY,8,5,41.9390093002,-87.7415198828,2024,30,POINT (-87.7415198828 41.9390093002),,,,,2024-05-11,False,15,Irving Park
10757,15,STOP SIGN/FLASHER,FUNCTIONING PROPERLY,CLEAR,DAYLIGHT,PEDALCYCLIST,T-INTERSECTION,STRAIGHT AND LEVEL,DRY,NO DEFECTS,Y,FAILING TO YIELD RIGHT-OF-WAY,NOT APPLICABLE,,NONINCAPACITATING INJURY,8,5,41.9094821915,-87.7486983106,2024,15,POINT (-87.7486983106 41.9094821915),,,,,2024-05-11,False,24,Austin
10758,30,TRAFFIC SIGNAL,FUNCTIONING PROPERLY,CLEAR,DAYLIGHT,PEDALCYCLIST,NOT DIVIDED,STRAIGHT AND LEVEL,DRY,NO DEFECTS,,IMPROPER LANE USAGE,UNABLE TO DETERMINE,,INCAPACITATING INJURY,10,5,41.9259944481,-87.6781066785,2024,30,POINT (-87.6781066785 41.9259944481),,,,,2024-05-11,True,6,Lincoln Park
10759,30,NO CONTROLS,NO CONTROLS,CLEAR,DAYLIGHT,PEDALCYCLIST,DIVIDED - W/MEDIAN (NOT RAISED),STRAIGHT AND LEVEL,DRY,NO DEFECTS,,FAILING TO REDUCE SPEED TO AVOID CRASH,FAILING TO YIELD RIGHT-OF-WAY,,NONINCAPACITATING INJURY,11,5,41.9318492507,-87.7132764886,2024,30,POINT (-87.7132764886 41.9318492507),,,,,2024-05-11,False,20,Avondale
10760,30,NO CONTROLS,NO CONTROLS,CLEAR,DAYLIGHT,PEDALCYCLIST,NOT DIVIDED,STRAIGHT AND LEVEL,DRY,NO DEFECTS,,UNABLE TO DETERMINE,UNABLE TO DETERMINE,Y,NONINCAPACITATING INJURY,12,5,41.9610773954,-87.708186162,2024,30,POINT (-87.708186162 41.9610773954),,,,,2024-05-11,False,13,Albany Park
10761,30,STOP SIGN/FLASHER,FUNCTIONING PROPERLY,CLEAR,DAYLIGHT,PEDALCYCLIST,FOUR WAY,STRAIGHT AND LEVEL,DRY,NO DEFECTS,Y,FAILING TO YIELD RIGHT-OF-WAY,UNABLE TO DETERMINE,,NONINCAPACITATING INJURY,12,5,41.8897764947,-87.6671558872,2024,30,POINT (-87.6671558872 41.8897764947),,,,,2024-05-11,False,23,West Town
10762,30,NO CONTROLS,NO CONTROLS,CLEAR,DAYLIGHT,PEDALCYCLIST,NOT DIVIDED,STRAIGHT AND LEVEL,UNKNOWN,UNKNOWN,,FAILING TO YIELD RIGHT-OF-WAY,NOT APPLICABLE,,INCAPACITATING INJURY,14,5,41.9540928842,-87.6643581194,2024,30,POINT (-87.6643581194 41.9540928842),,,,,2024-05-11,True,5,Lake View
10763,25,STOP SIGN/FLASHER,FUNCTIONING PROPERLY,CLEAR,DAYLIGHT,PEDALCYCLIST,T-INTERSECTION,STRAIGHT AND LEVEL,DRY,WORN SURFACE,Y,FAILING TO YIELD RIGHT-OF-WAY,UNABLE TO DETERMINE,,"REPORTED, NOT EVIDENT",14,5,41.9809138573,-87.6685122215,2024,25,POINT (-87.6685122215 41.9809138573),,,,,2024-05-11,False,76,Edgewater
10764,30,NO CONTROLS,NO CONTROLS,CLEAR,DAYLIGHT,PEDALCYCLIST,DIVIDED - W/MEDIAN BARRIER,STRAIGHT AND LEVEL,DRY,UNKNOWN,,UNABLE TO DETERMINE,UNABLE TO DETERMINE,,NO INDICATION OF INJURY,20,5,41.7578056585,-87.586268258,2024,30,POINT (-87.586268258 41.7578056585),,,,,2024-05-11,False,42,South Shore
10765,30,NO CONTROLS,NO CONTROLS,CLEAR,"DARKNESS, LIGHTED ROAD",PEDALCYCLIST,NOT DIVIDED,STRAIGHT AND LEVEL,DRY,NO DEFECTS,,UNABLE TO DETERMINE,UNABLE TO DETERMINE,,NONINCAPACITATING INJURY,20,5,41.9618661027,-87.6564709909,2024,30,POINT (-87.6564709909 41.9618661027),,,,,2024-05-11,False,2,Uptown
10766,30,NO CONTROLS,NO CONTROLS,CLEAR,DAYLIGHT,PEDALCYCLIST,DIVIDED - W/MEDIAN (NOT RAISED),STRAIGHT AND LEVEL,DRY,NO DEFECTS,Y,FAILING TO YIELD RIGHT-OF-WAY,NOT APPLICABLE,,NONINCAPACITATING INJURY,10,5,41.9616707621,-87.6715060006,2024,30,POINT (-87.6715060006 41.9616707621),,,,,2024-05-12,False,2,Uptown
10767,30,NO CONTROLS,NO CONTROLS,CLEAR,DAYLIGHT,PEDALCYCLIST,NOT DIVIDED,STRAIGHT AND LEVEL,UNKNOWN,UNKNOWN,,UNABLE TO DETERMINE,NOT APPLICABLE,Y,NONINCAPACITATING INJURY,14,5,41.9254188292,-87.6573961276,2024,30,POINT (-87.6573961276 41.9254188292),,,,,2024-05-12,False,6,Lincoln Park
10768,30,UNKNOWN,UNKNOWN,CLEAR,DAYLIGHT,PEDALCYCLIST,NOT DIVIDED,STRAIGHT AND LEVEL,UNKNOWN,UNKNOWN,,DRIVING SKILLS/KNOWLEDGE/EXPERIENCE,UNABLE TO DETERMINE,Y,"REPORTED, NOT EVIDENT",14,5,41.9419112393,-87.6520881412,2024,30,POINT (-87.6520881412 41.9419112393),,,,,2024-05-12,False,5,Lake View
10769,30,STOP SIGN/FLASHER,FUNCTIONING PROPERLY,CLEAR,DUSK,PEDALCYCLIST,DIVIDED - W/MEDIAN (NOT RAISED),STRAIGHT AND LEVEL,DRY,UNKNOWN,,FAILING TO YIELD RIGHT-OF-WAY,NOT APPLICABLE,,NONINCAPACITATING INJURY,20,5,41.8915178945,-87.6178305226,2024,30,POINT (-87.6178305226 41.8915178945),,,,,2024-05-12,False,7,Near North Side
10770,30,NO CONTROLS,NO CONTROLS,CLEAR,"DARKNESS, LIGHTED ROAD",PEDALCYCLIST,T-INTERSECTION,STRAIGHT AND LEVEL,DRY,UNKNOWN,Y,FAILING TO YIELD RIGHT-OF-WAY,NOT APPLICABLE,,NONINCAPACITATING INJURY,20,5,41.968489395,-87.7154352987,2024,30,POINT (-87.7154352987 41.968489395),,,,,2024-05-12,False,13,Albany Park
10771,30,TRAFFIC SIGNAL,FUNCTIONING PROPERLY,CLEAR,"DARKNESS, LIGHTED ROAD",PEDALCYCLIST,NOT DIVIDED,STRAIGHT AND LEVEL,DRY,NO DEFECTS,,UNABLE TO DETERMINE,UNABLE TO DETERMINE,,NONINCAPACITATING INJURY,21,5,41.786241183,-87.7107777245,2024,30,POINT (-87.7107777245 41.786241183),,,,,2024-05-12,False,62,Gage Park
10772,30,TRAFFIC SIGNAL,FUNCTIONING PROPERLY,CLEAR,"DARKNESS, LIGHTED ROAD",PEDALCYCLIST,DIVIDED - W/MEDIAN (NOT RAISED),STRAIGHT AND LEVEL,DRY,NO DEFECTS,Y,FOLLOWING TOO CLOSELY,FAILING TO YIELD RIGHT-OF-WAY,Y,NO INDICATION OF INJURY,0,5,42.0079442531,-87.6615294439,2024,30,POINT (-87.6615294439 42.0079442531),,,,,2024-05-13,False,0,Rogers Park
10773,30,TRAFFIC SIGNAL,FUNCTIONING PROPERLY,CLEAR,DAWN,PEDALCYCLIST,NOT DIVIDED,STRAIGHT AND LEVEL,DRY,NO DEFECTS,Y,DISREGARDING TRAFFIC SIGNALS,DISREGARDING TRAFFIC SIGNALS,,NONINCAPACITATING INJURY,7,5,41.8580532553,-87.705555636,2024,30,POINT (-87.705555636 41.8580532553),,,,,2024-05-13,False,28,North Lawndale
10774,30,NO CONTROLS,NO CONTROLS,CLEAR,DAYLIGHT,PEDALCYCLIST,NOT DIVIDED,STRAIGHT AND LEVEL,DRY,NO DEFECTS,,FAILING TO YIELD RIGHT-OF-WAY,UNABLE TO DETERMINE,,NONINCAPACITATING INJURY,9,5,41.9493656755,-87.6784769075,2024,30,POINT (-87.6784769075 41.9493656755),,,,,2024-05-13,False,4,North Center
10775,30,TRAFFIC SIGNAL,FUNCTIONING PROPERLY,RAIN,DAYLIGHT,PEDALCYCLIST,"FIVE POINT, OR MORE",STRAIGHT AND LEVEL,WET,NO DEFECTS,Y,FAILING TO YIELD RIGHT-OF-WAY,NOT APPLICABLE,,INCAPACITATING INJURY,17,5,41.9253595925,-87.6489047986,2024,30,POINT (-87.6489047986 41.9253595925),,,,,2024-05-13,True,6,Lincoln Park
10776,30,NO CONTROLS,NO CONTROLS,CLEAR,DAYLIGHT,PEDALCYCLIST,T-INTERSECTION,STRAIGHT AND LEVEL,DRY,NO DEFECTS,Y,UNABLE TO DETERMINE,NOT APPLICABLE,,NONINCAPACITATING INJURY,14,5,41.9844745048,-87.6651289855,2024,30,POINT (-87.6651289855 41.9844745048),,,,,2024-05-14,False,76,Edgewater
10777,30,NO CONTROLS,NO CONTROLS,CLOUDY/OVERCAST,DAYLIGHT,PEDALCYCLIST,NOT DIVIDED,STRAIGHT AND LEVEL,DRY,UNKNOWN,Y,"OPERATING VEHICLE IN ERRATIC, RECKLESS, CARELESS, NEGLIGENT OR AGGRESSIVE MANNER",NOT APPLICABLE,,NONINCAPACITATING INJURY,15,5,41.9257398807,-87.7017440153,2024,30,POINT (-87.7017440153 41.9257398807),,,,,2024-05-14,False,21,Logan Square
10778,30,TRAFFIC SIGNAL,FUNCTIONING PROPERLY,CLEAR,DAYLIGHT,PEDALCYCLIST,DIVIDED - W/MEDIAN (NOT RAISED),STRAIGHT AND LEVEL,DRY,NO DEFECTS,,UNABLE TO DETERMINE,UNABLE TO DETERMINE,,NO INDICATION OF INJURY,18,5,41.8997697878,-87.686800524,2024,30,POINT (-87.686800524 41.8997697878),,,,,2024-05-14,False,23,West Town
10779,30,TRAFFIC SIGNAL,FUNCTIONING PROPERLY,CLEAR,DAYLIGHT,PEDALCYCLIST,NOT DIVIDED,STRAIGHT AND LEVEL,UNKNOWN,UNKNOWN,,IMPROPER OVERTAKING/PASSING,NOT APPLICABLE,,NONINCAPACITATING INJURY,6,5,41.9733252747,-87.6679216711,2024,30,POINT (-87.6679216711 41.9733252747),,,,,2024-05-15,False,2,Uptown
10780,30,STOP SIGN/FLASHER,FUNCTIONING PROPERLY,CLEAR,DAYLIGHT,PEDALCYCLIST,FOUR WAY,STRAIGHT AND LEVEL,UNKNOWN,UNKNOWN,N,UNABLE TO DETERMINE,NOT APPLICABLE,,NONINCAPACITATING INJURY,7,5,41.9828889408,-87.7842611001,2024,30,POINT (-87.7842611001 41.9828889408),,,,,2024-05-15,False,10,Jefferson Park
10781,30,NO CONTROLS,NO CONTROLS,CLEAR,DAYLIGHT,PEDALCYCLIST,ALLEY,STRAIGHT AND LEVEL,DRY,NO DEFECTS,,UNABLE TO DETERMINE,UNABLE TO DETERMINE,Y,NONINCAPACITATING INJURY,8,5,41.8992782475,-87.6863550665,2024,30,POINT (-87.6863550665 41.8992782475),,,,,2024-05-15,False,23,West Town
10782,30,NO CONTROLS,NO CONTROLS,CLEAR,DAYLIGHT,PEDALCYCLIST,DIVIDED - W/MEDIAN BARRIER,STRAIGHT AND LEVEL,DRY,NO DEFECTS,,DRIVING ON WRONG SIDE/WRONG WAY,NOT APPLICABLE,,NO INDICATION OF INJURY,8,5,41.8800479701,-87.6518315713,2024,30,POINT (-87.6518315713 41.8800479701),,,,,2024-05-15,False,27,Near West Side
10783,30,STOP SIGN/FLASHER,UNKNOWN,CLEAR,DAYLIGHT,PEDALCYCLIST,T-INTERSECTION,STRAIGHT AND LEVEL,DRY,UNKNOWN,Y,FAILING TO YIELD RIGHT-OF-WAY,NOT APPLICABLE,,NONINCAPACITATING INJURY,13,5,41.9084852955,-87.6971623005,2024,30,POINT (-87.6971623005 41.9084852955),,,,,2024-05-15,False,22,Humboldt Park
10784,30,TRAFFIC SIGNAL,FUNCTIONING PROPERLY,CLEAR,DAYLIGHT,PEDALCYCLIST,DIVIDED - W/MEDIAN BARRIER,STRAIGHT AND LEVEL,DRY,NO DEFECTS,,IMPROPER LANE USAGE,NOT APPLICABLE,,NO INDICATION OF INJURY,17,5,41.8575640708,-87.6390789106,2024,30,POINT (-87.6390789106 41.8575640708),,,,,2024-05-15,False,30,Lower West Side
10785,30,NO CONTROLS,NO CONTROLS,CLEAR,DAYLIGHT,PEDALCYCLIST,DIVIDED - W/MEDIAN (NOT RAISED),STRAIGHT AND LEVEL,UNKNOWN,UNKNOWN,Y,"VISION OBSCURED (SIGNS, TREE LIMBS, BUILDINGS, ETC.)",UNABLE TO DETERMINE,,"REPORTED, NOT EVIDENT",17,5,41.8588111264,-87.6379506387,2024,30,POINT (-87.6379506387 41.8588111264),,,,,2024-05-15,False,27,Near West Side
10786,30,UNKNOWN,UNKNOWN,CLEAR,DAYLIGHT,PEDALCYCLIST,DIVIDED - W/MEDIAN (NOT RAISED),STRAIGHT AND LEVEL,DRY,NO DEFECTS,,UNABLE TO DETERMINE,NOT APPLICABLE,,NONINCAPACITATING INJURY,18,5,41.902626667,-87.7186604171,2024,30,POINT (-87.7186604171 41.902626667),,,,,2024-05-15,False,22,Humboldt Park
10787,30,TRAFFIC SIGNAL,UNKNOWN,CLEAR,DAYLIGHT,PEDALCYCLIST,FOUR WAY,STRAIGHT AND LEVEL,DRY,UNKNOWN,Y,UNABLE TO DETERMINE,UNABLE TO DETERMINE,,NONINCAPACITATING INJURY,18,5,41.8844470171,-87.7059408434,2024,30,POINT (-87.7059408434 41.8844470171),,,,,2024-05-15,False,26,Garfield Park
10788,30,TRAFFIC SIGNAL,FUNCTIONING PROPERLY,CLEAR,DAYLIGHT,PEDALCYCLIST,NOT DIVIDED,STRAIGHT AND LEVEL,DRY,NO DEFECTS,Y,IMPROPER TURNING/NO SIGNAL,FAILING TO YIELD RIGHT-OF-WAY,,NONINCAPACITATING INJURY,18,5,41.9545969221,-87.6546272474,2024,30,POINT (-87.6546272474 41.9545969221),,,,,2024-05-15,False,2,Uptown
10789,30,NO CONTROLS,NO CONTROLS,CLEAR,DAYLIGHT,PEDALCYCLIST,FOUR WAY,STRAIGHT AND LEVEL,DRY,NO DEFECTS,Y,UNABLE TO DETERMINE,UNABLE TO DETERMINE,N,INCAPACITATING INJURY,7,5,41.9235104025,-87.7987576033,2024,30,POINT (-87.7987576033 41.9235104025),,,,,2024-05-16,True,17,Montclare
10790,30,TRAFFIC SIGNAL,FUNCTIONING PROPERLY,CLEAR,DAYLIGHT,PEDALCYCLIST,OTHER,STRAIGHT AND LEVEL,DRY,UNKNOWN,Y,NOT APPLICABLE,NOT APPLICABLE,,NONINCAPACITATING INJURY,9,5,41.8769641442,-87.6291169053,2024,30,POINT (-87.6291169053 41.8769641442),,,,,2024-05-16,False,31,Loop
10791,30,TRAFFIC SIGNAL,FUNCTIONING PROPERLY,CLEAR,DAYLIGHT,PEDALCYCLIST,NOT DIVIDED,STRAIGHT AND LEVEL,DRY,NO DEFECTS,Y,DISTRACTION - FROM INSIDE VEHICLE,FOLLOWING TOO CLOSELY,,NO INDICATION OF INJURY,12,5,41.8833340438,-87.6249897142,2024,30,POINT (-87.6249897142 41.8833340438),,,,,2024-05-16,False,31,Loop
10792,30,TRAFFIC SIGNAL,FUNCTIONING PROPERLY,CLEAR,DAYLIGHT,PEDALCYCLIST,NOT DIVIDED,STRAIGHT AND LEVEL,DRY,NO DEFECTS,,FAILING TO YIELD RIGHT-OF-WAY,NOT APPLICABLE,,NONINCAPACITATING INJURY,17,5,41.9362871732,-87.6489901943,2024,30,POINT (-87.6489901943 41.9362871732),,,,,2024-05-16,False,5,Lake View
10793,15,NO CONTROLS,NO CONTROLS,CLEAR,DAYLIGHT,PEDALCYCLIST,ALLEY,STRAIGHT AND LEVEL,DRY,NO DEFECTS,,FAILING TO YIELD RIGHT-OF-WAY,NOT APPLICABLE,,NONINCAPACITATING INJURY,17,5,41.8002313999,-87.7109620243,2024,15,POINT (-87.7109620243 41.8002313999),,,,,2024-05-16,False,62,Gage Park
10794,30,NO CONTROLS,NO CONTROLS,CLEAR,DAYLIGHT,PEDALCYCLIST,NOT DIVIDED,STRAIGHT AND LEVEL,DRY,NO DEFECTS,,UNABLE TO DETERMINE,UNABLE TO DETERMINE,,NO INDICATION OF INJURY,18,5,41.8558456819,-87.6467342201,2024,30,POINT (-87.6467342201 41.8558456819),,,,,2024-05-16,False,30,Lower West Side
10796,30,NO CONTROLS,NO CONTROLS,CLEAR,DUSK,PEDALCYCLIST,NOT DIVIDED,STRAIGHT AND LEVEL,DRY,NO DEFECTS,,IMPROPER OVERTAKING/PASSING,NOT APPLICABLE,,NONINCAPACITATING INJURY,20,5,41.8042964331,-87.7236292665,2024,30,POINT (-87.7236292665 41.8042964331),,,,,2024-05-16,False,56,Archer Heights
10797,30,STOP SIGN/FLASHER,FUNCTIONING PROPERLY,CLEAR,DAYLIGHT,PEDALCYCLIST,FOUR WAY,STRAIGHT AND LEVEL,DRY,NO DEFECTS,Y,UNABLE TO DETERMINE,NOT APPLICABLE,Y,INCAPACITATING INJURY,10,5,41.8581124293,-87.6529331578,2024,30,POINT (-87.6529331578 41.8581124293),,,,,2024-05-17,True,27,Near West Side
10798,25,NO CONTROLS,NO CONTROLS,CLEAR,DAYLIGHT,PEDALCYCLIST,DRIVEWAY,STRAIGHT ON GRADE,DRY,NO DEFECTS,,"VISION OBSCURED (SIGNS, TREE LIMBS, BUILDINGS, ETC.)",NOT APPLICABLE,,NONINCAPACITATING INJURY,13,5,41.9923977521,-87.6602395805,2024,25,POINT (-87.6602395805 41.9923977521),,,,,2024-05-17,False,76,Edgewater
10799,30,NO CONTROLS,NO CONTROLS,CLEAR,DAYLIGHT,PEDALCYCLIST,NOT DIVIDED,STRAIGHT AND LEVEL,DRY,NO DEFECTS,,DRIVING SKILLS/KNOWLEDGE/EXPERIENCE,NOT APPLICABLE,,"REPORTED, NOT EVIDENT",14,5,41.9708190933,-87.7135780972,2024,30,POINT (-87.7135780972 41.9708190933),,,,,2024-05-17,False,13,Albany Park
10800,30,STOP SIGN/FLASHER,FUNCTIONING PROPERLY,CLEAR,DAYLIGHT,PEDALCYCLIST,FOUR WAY,STRAIGHT AND LEVEL,DRY,NO DEFECTS,Y,NOT APPLICABLE,NOT APPLICABLE,,NONINCAPACITATING INJURY,15,5,41.9076543754,-87.7659979592,2024,30,POINT (-87.7659979592 41.9076543754),,,,,2024-05-17,False,24,Austin
10801,30,UNKNOWN,UNKNOWN,CLEAR,DAYLIGHT,PEDALCYCLIST,NOT DIVIDED,STRAIGHT AND LEVEL,DRY,UNKNOWN,,UNABLE TO DETERMINE,UNABLE TO DETERMINE,,NONINCAPACITATING INJURY,16,5,41.8660601964,-87.7253199444,2024,30,POINT (-87.7253199444 41.8660601964),,,,,2024-05-17,False,28,North Lawndale
10802,30,NO CONTROLS,NO CONTROLS,CLEAR,DAYLIGHT,PEDALCYCLIST,NOT DIVIDED,STRAIGHT AND LEVEL,DRY,NO DEFECTS,,FAILING TO REDUCE SPEED TO AVOID CRASH,NOT APPLICABLE,,NONINCAPACITATING INJURY,18,5,41.9954937702,-87.7859394981,2024,30,POINT (-87.7859394981 41.9954937702),,,,,2024-05-17,False,10,Jefferson Park
10803,30,STOP SIGN/FLASHER,FUNCTIONING PROPERLY,CLEAR,DAYLIGHT,PEDALCYCLIST,T-INTERSECTION,STRAIGHT AND LEVEL,DRY,NO DEFECTS,Y,FAILING TO YIELD RIGHT-OF-WAY,FAILING TO YIELD RIGHT-OF-WAY,,NONINCAPACITATING INJURY,18,5,41.97556278,-87.7356984502,2024,30,POINT (-87.7356984502 41.97556278),,,,,2024-05-17,False,11,Forest Glen
10804,30,STOP SIGN/FLASHER,FUNCTIONING PROPERLY,CLEAR,DAYLIGHT,PEDALCYCLIST,NOT DIVIDED,STRAIGHT AND LEVEL,DRY,NO DEFECTS,,FAILING TO YIELD RIGHT-OF-WAY,UNABLE TO DETERMINE,,NONINCAPACITATING INJURY,19,5,41.7750507277,-87.5880442671,2024,30,POINT (-87.5880442671 41.7750507277),,,,,2024-05-17,False,41,Woodlawn
10805,30,TRAFFIC SIGNAL,FUNCTIONING PROPERLY,CLEAR,DAYLIGHT,PEDALCYCLIST,NOT DIVIDED,STRAIGHT AND LEVEL,DRY,NO DEFECTS,,DRIVING ON WRONG SIDE/WRONG WAY,DRIVING ON WRONG SIDE/WRONG WAY,,NONINCAPACITATING INJURY,19,5,41.7507469125,-87.6443581423,2024,30,POINT (-87.6443581423 41.7507469125),,,,,2024-05-17,False,70,Auburn Gresham
10806,30,TRAFFIC SIGNAL,FUNCTIONING PROPERLY,UNKNOWN,"DARKNESS, LIGHTED ROAD",PEDALCYCLIST,NOT DIVIDED,STRAIGHT AND LEVEL,UNKNOWN,NO DEFECTS,,UNABLE TO DETERMINE,UNABLE TO DETERMINE,Y,"REPORTED, NOT EVIDENT",19,5,41.9232364217,-87.6454611606,2024,30,POINT (-87.6454611606 41.9232364217),,,,,2024-05-17,False,6,Lincoln Park
10807,30,NO CONTROLS,NO CONTROLS,CLEAR,"DARKNESS, LIGHTED ROAD",PEDALCYCLIST,DIVIDED - W/MEDIAN BARRIER,STRAIGHT AND LEVEL,DRY,NO DEFECTS,,IMPROPER LANE USAGE,IMPROPER LANE USAGE,,NONINCAPACITATING INJURY,22,5,41.884588372,-87.6232725611,2024,30,POINT (-87.6232725611 41.884588372),,,,,2024-05-17,False,31,Loop
10808,30,NO CONTROLS,NO CONTROLS,CLEAR,DAYLIGHT,PEDALCYCLIST,FOUR WAY,STRAIGHT AND LEVEL,DRY,NO DEFECTS,Y,FAILING TO YIELD RIGHT-OF-WAY,FAILING TO REDUCE SPEED TO AVOID CRASH,,NONINCAPACITATING INJURY,6,5,41.9609298656,-87.7071650555,2024,30,POINT (-87.7071650555 41.9609298656),,,,,2024-05-18,False,13,Albany Park
10809,30,NO CONTROLS,NO CONTROLS,CLEAR,DAYLIGHT,PEDALCYCLIST,T-INTERSECTION,STRAIGHT AND LEVEL,DRY,NO DEFECTS,Y,UNABLE TO DETERMINE,UNABLE TO DETERMINE,,NONINCAPACITATING INJURY,7,5,41.9173891969,-87.7589950384,2024,30,POINT (-87.7589950384 41.9173891969),,,,,2024-05-18,False,18,Belmont Cragin
10810,30,NO CONTROLS,NO CONTROLS,CLEAR,DAYLIGHT,PEDALCYCLIST,DIVIDED - W/MEDIAN (NOT RAISED),STRAIGHT AND LEVEL,DRY,NO DEFECTS,,RELATED TO BUS STOP,NOT APPLICABLE,,NONINCAPACITATING INJURY,11,5,41.954331536,-87.7130734165,2024,30,POINT (-87.7130734165 41.954331536),,,,,2024-05-18,False,15,Irving Park
10811,30,UNKNOWN,UNKNOWN,CLEAR,DAYLIGHT,PEDALCYCLIST,FOUR WAY,STRAIGHT AND LEVEL,UNKNOWN,UNKNOWN,,UNABLE TO DETERMINE,UNABLE TO DETERMINE,,"REPORTED, NOT EVIDENT",14,5,41.8982461817,-87.6341166615,2024,30,POINT (-87.6341166615 41.8982461817),,,,,2024-05-18,False,7,Near North Side
10812,30,NO CONTROLS,NO CONTROLS,CLEAR,DAYLIGHT,PEDALCYCLIST,DIVIDED - W/MEDIAN (NOT RAISED),STRAIGHT AND LEVEL,DRY,NO DEFECTS,,IMPROPER OVERTAKING/PASSING,NOT APPLICABLE,,INCAPACITATING INJURY,15,5,42.0193311257,-87.6797284408,2024,30,POINT (-87.6797284408 42.0193311257),,,,,2024-05-18,True,0,Rogers Park
10813,30,NO CONTROLS,NO CONTROLS,CLEAR,DAYLIGHT,PEDALCYCLIST,NOT DIVIDED,STRAIGHT AND LEVEL,DRY,UNKNOWN,,IMPROPER OVERTAKING/PASSING,NOT APPLICABLE,,NONINCAPACITATING INJURY,16,5,41.9357675187,-87.6629899914,2024,30,POINT (-87.6629899914 41.9357675187),,,,,2024-05-18,False,5,Lake View