Unnamed: 0,POSTED_SPEED_LIMIT,TRAFFIC_CONTROL_DEVICE,DEVICE_CONDITION,WEATHER_CONDITION,LIGHTING_CONDITION,FIRST_CRASH_TYPE,TRAFFICWAY_TYPE,ALIGNMENT,ROADWAY_SURFACE_COND,ROAD_DEFECT,INTERSECTION_RELATED_I,PRIM_CONTRIBUTORY_CAUSE,SEC_CONTRIBUTORY_CAUSE,DOORING_I,MOST_SEVERE_INJURY,CRASH_HOUR,CRASH_MONTH,LATITUDE,LONGITUDE,CRASH_YEAR,SPEED_LIMIT,geometry,DISPLAYROU,the_geom,DIST,LANE_TYPE,CRASH_DATE,is_severe,index_right,CArea
10814,35,TRAFFIC SIGNAL,FUNCTIONING PROPERLY,CLEAR,DAYLIGHT,PEDALCYCLIST,DIVIDED - W/MEDIAN (NOT RAISED),STRAIGHT AND LEVEL,DRY,UNKNOWN,Y,IMPROPER LANE USAGE,NOT APPLICABLE,,NONINCAPACITATING INJURY,17,5,41.8965877221,-87.6267054371,2024,35,POINT (-87.6267054371 41.8965877221),,,,,2024-05-18,False,7,Near North Side
10815,15,NO CONTROLS,NO CONTROLS,CLEAR,DAYLIGHT,PEDALCYCLIST,PARKING LOT,STRAIGHT AND LEVEL,DRY,UNKNOWN,,FAILING TO REDUCE SPEED TO AVOID CRASH,UNABLE TO DETERMINE,N,NO INDICATION OF INJURY,17,5,41.9316926931,-87.7427817017,2024,15,POINT (-87.7427817017 41.9316926931),,,,,2024-05-18,False,18,Belmont Cragin
10816,30,NO CONTROLS,NO CONTROLS,CLEAR,DAYLIGHT,PEDALCYCLIST,NOT DIVIDED,STRAIGHT AND LEVEL,DRY,NO DEFECTS,,IMPROPER OVERTAKING/PASSING,NOT APPLICABLE,,"REPORTED, NOT EVIDENT",18,5,41.947185872,-87.6635401129,2024,30,POINT (-87.6635401129 41.947185872),,,,,2024-05-18,False,5,Lake View
10817,30,TRAFFIC SIGNAL,FUNCTIONING PROPERLY,CLEAR,"DARKNESS, LIGHTED ROAD",PEDALCYCLIST,ONE-WAY,STRAIGHT AND LEVEL,DRY,NO DEFECTS,,UNABLE TO DETERMINE,UNABLE TO DETERMINE,,NONINCAPACITATING INJURY,20,5,41.8917214356,-87.6186150367,2024,30,POINT (-87.6186150367 41.8917214356),,,,,2024-05-18,False,7,Near North Side
10818,30,NO CONTROLS,NO CONTROLS,CLEAR,DAYLIGHT,PEDALCYCLIST,DIVIDED - W/MEDIAN (NOT RAISED),STRAIGHT AND LEVEL,DRY,NO DEFECTS,,UNABLE TO DETERMINE,NOT APPLICABLE,,"REPORTED, NOT EVIDENT",11,5,41.9683190281,-87.7109804249,2024,30,POINT (-87.7109804249 41.9683190281),,,,,2024-05-19,False,13,Albany Park
10819,30,TRAFFIC SIGNAL,FUNCTIONING PROPERLY,CLEAR,DAYLIGHT,PEDALCYCLIST,FOUR WAY,STRAIGHT AND LEVEL,DRY,NO DEFECTS,Y,FAILING TO YIELD RIGHT-OF-WAY,FAILING TO REDUCE SPEED TO AVOID CRASH,,NO INDICATION OF INJURY,11,5,41.9975852619,-87.6706121554,2024,30,POINT (-87.6706121554 41.9975852619),,,,,2024-05-19,False,76,Edgewater
10820,30,NO CONTROLS,NO CONTROLS,CLEAR,DAYLIGHT,PEDALCYCLIST,NOT DIVIDED,STRAIGHT AND LEVEL,DRY,NO DEFECTS,,UNABLE TO DETERMINE,UNABLE TO DETERMINE,,"REPORTED, NOT EVIDENT",12,5,41.9683303551,-87.7096307007,2024,30,POINT (-87.7096307007 41.9683303551),,,,,2024-05-19,False,13,Albany Park
10821,30,NO CONTROLS,NO CONTROLS,CLEAR,DAYLIGHT,PEDALCYCLIST,ONE-WAY,STRAIGHT AND LEVEL,DRY,NO DEFECTS,,"VISION OBSCURED (SIGNS, TREE LIMBS, BUILDINGS, ETC.)",UNABLE TO DETERMINE,,NONINCAPACITATING INJURY,12,5,41.9775833988,-87.6902590028,2024,30,POINT (-87.6902590028 41.9775833988),,,,,2024-05-19,False,3,Lincoln Square
10822,35,OTHER,FUNCTIONING PROPERLY,CLEAR,DAYLIGHT,PEDALCYCLIST,NOT DIVIDED,STRAIGHT AND LEVEL,DRY,NO DEFECTS,,IMPROPER LANE USAGE,UNABLE TO DETERMINE,Y,NONINCAPACITATING INJURY,13,5,41.9184483652,-87.6362638088,2024,35,POINT (-87.6362638088 41.9184483652),,,,,2024-05-19,False,6,Lincoln Park
10823,30,TRAFFIC SIGNAL,FUNCTIONING PROPERLY,CLEAR,DAYLIGHT,PEDALCYCLIST,DIVIDED - W/MEDIAN (NOT RAISED),STRAIGHT ON GRADE,DRY,NO DEFECTS,Y,FAILING TO YIELD RIGHT-OF-WAY,UNABLE TO DETERMINE,,"REPORTED, NOT EVIDENT",17,5,41.925340963,-87.6780654044,2024,30,POINT (-87.6780654044 41.925340963),,,,,2024-05-19,False,6,Lincoln Park
10825,15,NO CONTROLS,NO CONTROLS,CLEAR,"DARKNESS, LIGHTED ROAD",PEDALCYCLIST,ALLEY,STRAIGHT AND LEVEL,DRY,NO DEFECTS,N,FAILING TO YIELD RIGHT-OF-WAY,NOT APPLICABLE,,INCAPACITATING INJURY,21,5,41.997838114,-87.6899485368,2024,15,POINT (-87.6899485368 41.997838114),,,,,2024-05-19,True,1,West Ridge
10826,30,NO CONTROLS,NO CONTROLS,CLEAR,DAYLIGHT,PEDALCYCLIST,DIVIDED - W/MEDIAN (NOT RAISED),STRAIGHT AND LEVEL,DRY,NO DEFECTS,,"VISION OBSCURED (SIGNS, TREE LIMBS, BUILDINGS, ETC.)","VISION OBSCURED (SIGNS, TREE LIMBS, BUILDINGS, ETC.)",,NONINCAPACITATING INJURY,11,5,41.9392781482,-87.6988019986,2024,30,POINT (-87.6988019986 41.9392781482),,,,,2024-05-20,False,15,Irving Park
10827,30,NO CONTROLS,NO CONTROLS,UNKNOWN,UNKNOWN,PEDALCYCLIST,NOT DIVIDED,STRAIGHT AND LEVEL,UNKNOWN,UNKNOWN,,FAILING TO YIELD RIGHT-OF-WAY,NOT APPLICABLE,Y,NONINCAPACITATING INJURY,12,5,41.9980313634,-87.6973681192,2024,30,POINT (-87.6973681192 41.9980313634),,,,,2024-05-20,False,1,West Ridge
10828,30,TRAFFIC SIGNAL,FUNCTIONING PROPERLY,RAIN,DAYLIGHT,PEDALCYCLIST,FOUR WAY,STRAIGHT AND LEVEL,WET,NO DEFECTS,Y,WEATHER,NOT APPLICABLE,,NONINCAPACITATING INJURY,14,5,41.8883351003,-87.6224415928,2024,30,POINT (-87.6224415928 41.8883351003),,,,,2024-05-20,False,7,Near North Side
10829,35,NO CONTROLS,NO CONTROLS,CLEAR,"DARKNESS, LIGHTED ROAD",PEDALCYCLIST,ONE-WAY,STRAIGHT AND LEVEL,DRY,NO DEFECTS,Y,UNABLE TO DETERMINE,UNABLE TO DETERMINE,,"REPORTED, NOT EVIDENT",23,5,41.9684523273,-87.7171821596,2024,35,POINT (-87.7171821596 41.9684523273),,,,,2024-05-20,False,13,Albany Park
10830,30,STOP SIGN/FLASHER,NO CONTROLS,CLEAR,DAYLIGHT,PEDALCYCLIST,FOUR WAY,STRAIGHT AND LEVEL,DRY,NO DEFECTS,Y,DISREGARDING STOP SIGN,UNABLE TO DETERMINE,,"REPORTED, NOT EVIDENT",9,5,41.9379947672,-87.7218117479,2024,30,POINT (-87.7218117479 41.9379947672),,,,,2024-05-21,False,20,Avondale
10831,30,NO CONTROLS,NO CONTROLS,CLEAR,DAYLIGHT,PEDALCYCLIST,T-INTERSECTION,STRAIGHT AND LEVEL,DRY,NO DEFECTS,Y,UNABLE TO DETERMINE,UNABLE TO DETERMINE,,NONINCAPACITATING INJURY,10,5,41.9024432983,-87.7338044889,2024,30,POINT (-87.7338044889 41.9024432983),,,,,2024-05-21,False,22,Humboldt Park
10832,30,NO CONTROLS,UNKNOWN,CLEAR,DAYLIGHT,PEDALCYCLIST,NOT DIVIDED,STRAIGHT AND LEVEL,DRY,UNKNOWN,,IMPROPER LANE USAGE,NOT APPLICABLE,,INCAPACITATING INJURY,10,5,41.9467903561,-87.6563579729,2024,30,POINT (-87.6563579729 41.9467903561),,,,,2024-05-21,True,5,Lake View
10833,30,TRAFFIC SIGNAL,FUNCTIONING PROPERLY,CLEAR,DAYLIGHT,PEDALCYCLIST,FOUR WAY,STRAIGHT AND LEVEL,DRY,NO DEFECTS,Y,DISREGARDING TRAFFIC SIGNALS,NOT APPLICABLE,,NO INDICATION OF INJURY,11,5,41.6997509413,-87.64266813,2024,30,POINT (-87.64266813 41.6997509413),,,,,2024-05-21,False,48,Roseland
10834,30,TRAFFIC SIGNAL,FUNCTIONING PROPERLY,CLEAR,DAYLIGHT,PEDALCYCLIST,FOUR WAY,STRAIGHT AND LEVEL,DRY,NO DEFECTS,Y,UNABLE TO DETERMINE,UNABLE TO DETERMINE,,"REPORTED, NOT EVIDENT",16,5,41.8808556845,-87.6260255844,2024,30,POINT (-87.6260255844 41.8808556845),,,,,2024-05-21,False,31,Loop
10835,30,NO CONTROLS,NO CONTROLS,CLEAR,DAYLIGHT,PEDALCYCLIST,NOT DIVIDED,STRAIGHT AND LEVEL,DRY,NO DEFECTS,,DRIVING SKILLS/KNOWLEDGE/EXPERIENCE,NOT APPLICABLE,Y,NO INDICATION OF INJURY,17,5,41.8522451856,-87.6784178884,2024,30,POINT (-87.6784178884 41.8522451856),,,,,2024-05-21,False,30,Lower West Side
10836,35,UNKNOWN,UNKNOWN,CLEAR,DAYLIGHT,PEDALCYCLIST,NOT DIVIDED,STRAIGHT AND LEVEL,DRY,UNKNOWN,,NOT APPLICABLE,NOT APPLICABLE,Y,"REPORTED, NOT EVIDENT",18,5,41.9470608084,-87.6577114472,2024,35,POINT (-87.6577114472 41.9470608084),,,,,2024-05-21,False,5,Lake View
10837,5,STOP SIGN/FLASHER,FUNCTIONING PROPERLY,CLEAR,DAYLIGHT,PEDALCYCLIST,DRIVEWAY,STRAIGHT AND LEVEL,DRY,NO DEFECTS,,DRIVING SKILLS/KNOWLEDGE/EXPERIENCE,UNABLE TO DETERMINE,,NO INDICATION OF INJURY,19,5,41.9952757201,-87.6825892738,2024,5,POINT (-87.6825892738 41.9952757201),,,,,2024-05-21,False,1,West Ridge
10838,30,TRAFFIC SIGNAL,FUNCTIONING PROPERLY,CLEAR,"DARKNESS, LIGHTED ROAD",PEDALCYCLIST,FOUR WAY,STRAIGHT AND LEVEL,DRY,NO DEFECTS,Y,FAILING TO YIELD RIGHT-OF-WAY,DISREGARDING TRAFFIC SIGNALS,,NONINCAPACITATING INJURY,22,5,41.893255983,-87.6266124637,2024,30,POINT (-87.6266124637 41.893255983),,,,,2024-05-21,False,7,Near North Side
10839,30,TRAFFIC SIGNAL,FUNCTIONING PROPERLY,CLEAR,DAYLIGHT,PEDALCYCLIST,T-INTERSECTION,STRAIGHT AND LEVEL,DRY,UNKNOWN,,UNABLE TO DETERMINE,NOT APPLICABLE,,NO INDICATION OF INJURY,16,5,41.7504589467,-87.6489475217,2024,30,POINT (-87.6489475217 41.7504589467),,,,,2024-05-22,False,70,Auburn Gresham
10840,30,TRAFFIC SIGNAL,FUNCTIONING PROPERLY,CLEAR,DAYLIGHT,PEDALCYCLIST,FOUR WAY,STRAIGHT ON GRADE,DRY,NO DEFECTS,Y,DRIVING SKILLS/KNOWLEDGE/EXPERIENCE,NOT APPLICABLE,,NO INDICATION OF INJURY,18,5,41.7070263198,-87.6428960074,2024,30,POINT (-87.6428960074 41.7070263198),,,,,2024-05-22,False,72,Washington Heights
10841,30,STOP SIGN/FLASHER,FUNCTIONING PROPERLY,CLEAR,DAYLIGHT,PEDALCYCLIST,T-INTERSECTION,STRAIGHT AND LEVEL,DRY,NO DEFECTS,Y,DISREGARDING STOP SIGN,NOT APPLICABLE,,"REPORTED, NOT EVIDENT",18,5,41.9098779255,-87.7338049102,2024,30,POINT (-87.7338049102 41.9098779255),,,,,2024-05-22,False,22,Humboldt Park
10842,30,NO CONTROLS,NO CONTROLS,CLEAR,DAYLIGHT,PEDALCYCLIST,ALLEY,STRAIGHT AND LEVEL,UNKNOWN,UNKNOWN,,DRIVING ON WRONG SIDE/WRONG WAY,DRIVING SKILLS/KNOWLEDGE/EXPERIENCE,N,NO INDICATION OF INJURY,19,5,41.9092007513,-87.7361816644,2024,30,POINT (-87.7361816644 41.9092007513),,,,,2024-05-22,False,22,Humboldt Park
10843,30,NO CONTROLS,NO CONTROLS,CLEAR,"DARKNESS, LIGHTED ROAD",PEDALCYCLIST,ALLEY,STRAIGHT AND LEVEL,DRY,NO DEFECTS,,UNABLE TO DETERMINE,UNABLE TO DETERMINE,,NONINCAPACITATING INJURY,20,5,41.9702070163,-87.7252109467,2024,30,POINT (-87.7252109467 41.9702070163),,,,,2024-05-22,False,13,Albany Park
10844,15,TRAFFIC SIGNAL,FUNCTIONING PROPERLY,CLEAR,DAYLIGHT,PEDALCYCLIST,ROUNDABOUT,STRAIGHT AND LEVEL,DRY,NO DEFECTS,Y,DISREGARDING TRAFFIC SIGNALS,UNABLE TO DETERMINE,,NONINCAPACITATING INJURY,9,5,41.9112245556,-87.6264825724,2024,15,POINT (-87.6264825724 41.9112245556),,,,,2024-05-23,False,6,Lincoln Park
10845,30,NO CONTROLS,NO CONTROLS,CLEAR,DAYLIGHT,PEDALCYCLIST,DIVIDED - W/MEDIAN (NOT RAISED),STRAIGHT AND LEVEL,DRY,NO DEFECTS,,FAILING TO YIELD RIGHT-OF-WAY,NOT APPLICABLE,Y,NONINCAPACITATING INJURY,14,5,41.9175589604,-87.7013853861,2024,30,POINT (-87.7013853861 41.9175589604),,,,,2024-05-23,False,21,Logan Square
10846,30,STOP SIGN/FLASHER,FUNCTIONING PROPERLY,CLEAR,DAYLIGHT,PEDALCYCLIST,NOT DIVIDED,STRAIGHT AND LEVEL,DRY,NO DEFECTS,,FAILING TO YIELD RIGHT-OF-WAY,NOT APPLICABLE,,NONINCAPACITATING INJURY,15,5,41.911690903,-87.7361029843,2024,30,POINT (-87.7361029843 41.911690903),,,,,2024-05-23,False,22,Humboldt Park
10847,30,NO CONTROLS,NO CONTROLS,CLEAR,DAYLIGHT,PEDALCYCLIST,NOT DIVIDED,STRAIGHT AND LEVEL,DRY,WORN SURFACE,,FAILING TO YIELD RIGHT-OF-WAY,NOT APPLICABLE,Y,NONINCAPACITATING INJURY,16,5,41.9744364328,-87.6920168877,2024,30,POINT (-87.6920168877 41.9744364328),,,,,2024-05-23,False,3,Lincoln Square
10848,30,STOP SIGN/FLASHER,FUNCTIONING PROPERLY,CLEAR,DAYLIGHT,PEDALCYCLIST,FOUR WAY,STRAIGHT AND LEVEL,DRY,NO DEFECTS,Y,FAILING TO YIELD RIGHT-OF-WAY,NOT APPLICABLE,,NONINCAPACITATING INJURY,16,5,41.8934906417,-87.6509256458,2024,30,POINT (-87.6509256458 41.8934906417),,,,,2024-05-23,False,7,Near North Side
10849,30,NO CONTROLS,NO CONTROLS,CLEAR,DAYLIGHT,PEDALCYCLIST,DIVIDED - W/MEDIAN (NOT RAISED),STRAIGHT AND LEVEL,DRY,NO DEFECTS,,FAILING TO YIELD RIGHT-OF-WAY,UNABLE TO DETERMINE,Y,NONINCAPACITATING INJURY,16,5,41.8925139616,-87.6498503852,2024,30,POINT (-87.6498503852 41.8925139616),,,,,2024-05-23,False,7,Near North Side
10850,30,UNKNOWN,UNKNOWN,CLEAR,DAYLIGHT,PEDALCYCLIST,DIVIDED - W/MEDIAN (NOT RAISED),STRAIGHT AND LEVEL,UNKNOWN,UNKNOWN,,UNABLE TO DETERMINE,UNABLE TO DETERMINE,,"REPORTED, NOT EVIDENT",18,5,41.9616819225,-87.670683254,2024,30,POINT (-87.670683254 41.9616819225),,,,,2024-05-23,False,2,Uptown
10851,30,NO CONTROLS,NO CONTROLS,CLEAR,"DARKNESS, LIGHTED ROAD",PEDALCYCLIST,NOT DIVIDED,STRAIGHT AND LEVEL,DRY,UNKNOWN,,UNABLE TO DETERMINE,UNABLE TO DETERMINE,,NO INDICATION OF INJURY,19,5,41.9176793617,-87.6532067589,2024,30,POINT (-87.6532067589 41.9176793617),,,,,2024-05-23,False,6,Lincoln Park
10852,30,TRAFFIC SIGNAL,FUNCTIONING PROPERLY,CLEAR,"DARKNESS, LIGHTED ROAD",PEDALCYCLIST,FOUR WAY,STRAIGHT AND LEVEL,DRY,NO DEFECTS,,FAILING TO YIELD RIGHT-OF-WAY,IMPROPER TURNING/NO SIGNAL,,"REPORTED, NOT EVIDENT",19,5,41.9031616147,-87.6664030927,2024,30,POINT (-87.6664030927 41.9031616147),,,,,2024-05-23,False,23,West Town
10853,30,NO CONTROLS,NO CONTROLS,CLEAR,"DARKNESS, LIGHTED ROAD",PEDALCYCLIST,DIVIDED - W/MEDIAN (NOT RAISED),STRAIGHT AND LEVEL,DRY,NO DEFECTS,,FAILING TO YIELD RIGHT-OF-WAY,IMPROPER LANE USAGE,,"REPORTED, NOT EVIDENT",20,5,41.9244825632,-87.6996928656,2024,30,POINT (-87.6996928656 41.9244825632),,,,,2024-05-23,False,21,Logan Square
10854,30,TRAFFIC SIGNAL,FUNCTIONING PROPERLY,CLEAR,"DARKNESS, LIGHTED ROAD",PEDALCYCLIST,DIVIDED - W/MEDIAN (NOT RAISED),STRAIGHT AND LEVEL,DRY,NO DEFECTS,,UNABLE TO DETERMINE,NOT APPLICABLE,,NONINCAPACITATING INJURY,21,5,41.8159329755,-87.6652963278,2024,30,POINT (-87.6652963278 41.8159329755),,,,,2024-05-23,False,60,New City
10855,30,UNKNOWN,UNKNOWN,CLEAR,"DARKNESS, LIGHTED ROAD",PEDALCYCLIST,CENTER TURN LANE,STRAIGHT AND LEVEL,DRY,NO DEFECTS,,UNABLE TO DETERMINE,UNABLE TO DETERMINE,,INCAPACITATING INJURY,21,5,41.8673073839,-87.64378147,2024,30,POINT (-87.64378147 41.8673073839),,,,,2024-05-23,True,27,Near West Side
10856,30,NO CONTROLS,NO CONTROLS,CLEAR,"DARKNESS, LIGHTED ROAD",PEDALCYCLIST,NOT DIVIDED,STRAIGHT AND LEVEL,DRY,NO DEFECTS,,FAILING TO YIELD RIGHT-OF-WAY,NOT APPLICABLE,Y,NONINCAPACITATING INJURY,23,5,41.9266350269,-87.7031992526,2024,30,POINT (-87.7031992526 41.9266350269),,,,,2024-05-23,False,21,Logan Square
10857,30,STOP SIGN/FLASHER,FUNCTIONING PROPERLY,CLEAR,DAYLIGHT,PEDALCYCLIST,FOUR WAY,STRAIGHT AND LEVEL,DRY,NO DEFECTS,Y,UNABLE TO DETERMINE,NOT APPLICABLE,,NONINCAPACITATING INJURY,7,5,41.9461812872,-87.6590034617,2024,30,POINT (-87.6590034617 41.9461812872),,,,,2024-05-24,False,5,Lake View
10858,35,TRAFFIC SIGNAL,FUNCTIONING PROPERLY,CLEAR,DAYLIGHT,PEDALCYCLIST,NOT DIVIDED,STRAIGHT AND LEVEL,DRY,NO DEFECTS,Y,DISREGARDING TRAFFIC SIGNALS,UNABLE TO DETERMINE,,NONINCAPACITATING INJURY,8,5,41.8891932791,-87.638150695,2024,35,POINT (-87.638150695 41.8891932791),,,,,2024-05-24,False,7,Near North Side
10859,30,NO CONTROLS,NO CONTROLS,CLEAR,DAYLIGHT,PEDALCYCLIST,DIVIDED - W/MEDIAN (NOT RAISED),STRAIGHT AND LEVEL,DRY,UNKNOWN,,UNABLE TO DETERMINE,UNABLE TO DETERMINE,,NO INDICATION OF INJURY,9,5,41.9823396909,-87.660179758,2024,30,POINT (-87.660179758 41.9823396909),,,,,2024-05-24,False,76,Edgewater
10860,30,NO CONTROLS,NO CONTROLS,CLEAR,DAYLIGHT,PEDALCYCLIST,DIVIDED - W/MEDIAN (NOT RAISED),STRAIGHT AND LEVEL,DRY,UNKNOWN,,UNABLE TO DETERMINE,NOT APPLICABLE,Y,"REPORTED, NOT EVIDENT",10,5,41.9241136664,-87.7474895705,2024,30,POINT (-87.7474895705 41.9241136664),,,,,2024-05-24,False,18,Belmont Cragin
10861,30,TRAFFIC SIGNAL,FUNCTIONING PROPERLY,CLEAR,DAYLIGHT,PEDALCYCLIST,NOT DIVIDED,STRAIGHT AND LEVEL,DRY,NO DEFECTS,Y,FAILING TO YIELD RIGHT-OF-WAY,NOT APPLICABLE,,NO INDICATION OF INJURY,11,5,41.9215849114,-87.6687731076,2024,30,POINT (-87.6687731076 41.9215849114),,,,,2024-05-24,False,6,Lincoln Park
10862,30,TRAFFIC SIGNAL,FUNCTIONING PROPERLY,RAIN,DAYLIGHT,PEDALCYCLIST,FOUR WAY,STRAIGHT AND LEVEL,DRY,NO DEFECTS,Y,FAILING TO REDUCE SPEED TO AVOID CRASH,FAILING TO YIELD RIGHT-OF-WAY,,"REPORTED, NOT EVIDENT",13,5,41.8947091562,-87.6372715049,2024,30,POINT (-87.6372715049 41.8947091562),,,,,2024-05-24,False,7,Near North Side
10863,30,NO CONTROLS,NO CONTROLS,CLEAR,DAYLIGHT,PEDALCYCLIST,NOT DIVIDED,STRAIGHT AND LEVEL,DRY,UNKNOWN,,FAILING TO YIELD RIGHT-OF-WAY,FAILING TO YIELD RIGHT-OF-WAY,,NO INDICATION OF INJURY,14,5,41.9032750195,-87.6685726376,2024,30,POINT (-87.6685726376 41.9032750195),,,,,2024-05-24,False,23,West Town
10864,30,NO CONTROLS,NO CONTROLS,UNKNOWN,UNKNOWN,PEDALCYCLIST,NOT DIVIDED,STRAIGHT AND LEVEL,UNKNOWN,UNKNOWN,,FAILING TO YIELD RIGHT-OF-WAY,NOT APPLICABLE,,"REPORTED, NOT EVIDENT",19,5,41.9683584969,-87.7068542289,2024,30,POINT (-87.7068542289 41.9683584969),,,,,2024-05-24,False,3,Lincoln Square
10865,30,TRAFFIC SIGNAL,FUNCTIONING PROPERLY,CLEAR,DAYLIGHT,PEDALCYCLIST,DIVIDED - W/MEDIAN (NOT RAISED),STRAIGHT AND LEVEL,DRY,NO DEFECTS,Y,UNABLE TO DETERMINE,NOT APPLICABLE,,NONINCAPACITATING INJURY,11,5,41.8498575327,-87.7053434771,2024,30,POINT (-87.7053434771 41.8498575327),,,,,2024-05-25,False,28,North Lawndale
10866,25,STOP SIGN/FLASHER,FUNCTIONING PROPERLY,CLEAR,DAYLIGHT,PEDALCYCLIST,NOT DIVIDED,STRAIGHT AND LEVEL,DRY,NO DEFECTS,Y,FAILING TO YIELD RIGHT-OF-WAY,NOT APPLICABLE,,INCAPACITATING INJURY,13,5,41.8558547517,-87.6711930491,2024,25,POINT (-87.6711930491 41.8558547517),,,,,2024-05-25,True,30,Lower West Side
10867,25,NO CONTROLS,NO CONTROLS,CLEAR,DAYLIGHT,PEDALCYCLIST,ONE-WAY,STRAIGHT AND LEVEL,DRY,NO DEFECTS,,UNABLE TO DETERMINE,DRIVING SKILLS/KNOWLEDGE/EXPERIENCE,,NONINCAPACITATING INJURY,13,5,41.8843729535,-87.6295986195,2024,25,POINT (-87.6295986195 41.8843729535),,,,,2024-05-25,False,31,Loop
10868,30,NO CONTROLS,NO CONTROLS,CLEAR,DAYLIGHT,PEDALCYCLIST,NOT DIVIDED,STRAIGHT AND LEVEL,DRY,NO DEFECTS,,FAILING TO YIELD RIGHT-OF-WAY,NOT APPLICABLE,Y,NONINCAPACITATING INJURY,13,5,41.9655326619,-87.6546429152,2024,30,POINT (-87.6546429152 41.9655326619),,,,,2024-05-25,False,2,Uptown
10869,30,NO CONTROLS,NO CONTROLS,CLEAR,DAYLIGHT,PEDALCYCLIST,NOT DIVIDED,STRAIGHT AND LEVEL,DRY,UNKNOWN,,FAILING TO YIELD RIGHT-OF-WAY,FAILING TO YIELD RIGHT-OF-WAY,,NONINCAPACITATING INJURY,15,5,41.998083252,-87.808397703,2024,30,POINT (-87.808397703 41.998083252),,,,,2024-05-25,False,8,Edison Park
10870,25,PEDESTRIAN CROSSING SIGN,FUNCTIONING PROPERLY,CLEAR,DAYLIGHT,PEDALCYCLIST,DIVIDED - W/MEDIAN BARRIER,STRAIGHT AND LEVEL,DRY,NO DEFECTS,Y,FAILING TO YIELD RIGHT-OF-WAY,UNABLE TO DETERMINE,,NONINCAPACITATING INJURY,17,5,41.9613673464,-87.6971897757,2024,25,POINT (-87.6971897757 41.9613673464),,,,,2024-05-25,False,3,Lincoln Square
10871,30,NO CONTROLS,NO CONTROLS,CLEAR,DAYLIGHT,PEDALCYCLIST,OTHER,STRAIGHT AND LEVEL,DRY,NO DEFECTS,,UNABLE TO DETERMINE,UNABLE TO DETERMINE,,NONINCAPACITATING INJURY,17,5,41.9662273921,-87.7371836221,2024,30,POINT (-87.7371836221 41.9662273921),,,,,2024-05-25,False,13,Albany Park
10872,30,STOP SIGN/FLASHER,FUNCTIONING PROPERLY,CLEAR,DAYLIGHT,PEDALCYCLIST,FOUR WAY,STRAIGHT AND LEVEL,DRY,UNKNOWN,Y,FAILING TO YIELD RIGHT-OF-WAY,FAILING TO REDUCE SPEED TO AVOID CRASH,,NONINCAPACITATING INJURY,18,5,41.9526554062,-87.8073313241,2024,30,POINT (-87.8073313241 41.9526554062),,,,,2024-05-25,False,16,Dunning
10873,35,NO CONTROLS,NO CONTROLS,CLEAR,DAYLIGHT,PEDALCYCLIST,NOT DIVIDED,STRAIGHT AND LEVEL,DRY,NO DEFECTS,,"OPERATING VEHICLE IN ERRATIC, RECKLESS, CARELESS, NEGLIGENT OR AGGRESSIVE MANNER",UNABLE TO DETERMINE,,NO INDICATION OF INJURY,19,5,41.6710895836,-87.6525052417,2024,35,POINT (-87.6525052417 41.6710895836),,,,,2024-05-25,False,52,West Pullman
10874,30,NO CONTROLS,NO CONTROLS,CLEAR,"DARKNESS, LIGHTED ROAD",PEDALCYCLIST,DIVIDED - W/MEDIAN (NOT RAISED),STRAIGHT AND LEVEL,DRY,UNKNOWN,,UNABLE TO DETERMINE,NOT APPLICABLE,,INCAPACITATING INJURY,21,5,41.9685476794,-87.7098363259,2024,30,POINT (-87.7098363259 41.9685476794),,,,,2024-05-25,True,13,Albany Park
10875,30,TRAFFIC SIGNAL,FUNCTIONING PROPERLY,CLEAR,"DARKNESS, LIGHTED ROAD",PEDALCYCLIST,ONE-WAY,STRAIGHT AND LEVEL,DRY,NO DEFECTS,Y,DISREGARDING TRAFFIC SIGNALS,UNABLE TO DETERMINE,,NO INDICATION OF INJURY,22,5,41.9054714445,-87.631349158,2024,30,POINT (-87.631349158 41.9054714445),,,,,2024-05-25,False,7,Near North Side
10876,30,TRAFFIC SIGNAL,FUNCTIONING PROPERLY,CLEAR,"DARKNESS, LIGHTED ROAD",PEDALCYCLIST,ONE-WAY,STRAIGHT AND LEVEL,DRY,NO DEFECTS,,UNABLE TO DETERMINE,UNABLE TO DETERMINE,,NO INDICATION OF INJURY,23,5,41.8915705183,-87.6277379841,2024,30,POINT (-87.6277379841 41.8915705183),,,,,2024-05-25,False,7,Near North Side
10877,30,NO CONTROLS,NO CONTROLS,CLEAR,"DARKNESS, LIGHTED ROAD",PEDALCYCLIST,DIVIDED - W/MEDIAN (NOT RAISED),STRAIGHT AND LEVEL,DRY,NO DEFECTS,,UNABLE TO DETERMINE,NOT APPLICABLE,,INCAPACITATING INJURY,23,5,41.8077270168,-87.7432293657,2024,30,POINT (-87.7432293657 41.8077270168),,,,,2024-05-25,True,55,Garfield Ridge
10878,30,TRAFFIC SIGNAL,FUNCTIONING PROPERLY,CLEAR,"DARKNESS, LIGHTED ROAD",PEDALCYCLIST,FOUR WAY,STRAIGHT AND LEVEL,DRY,UNKNOWN,Y,DISREGARDING TRAFFIC SIGNALS,FAILING TO YIELD RIGHT-OF-WAY,,NONINCAPACITATING INJURY,1,5,41.9465491648,-87.708952626,2024,30,POINT (-87.708952626 41.9465491648),,,,,2024-05-26,False,15,Irving Park