Unnamed: 0,POSTED_SPEED_LIMIT,TRAFFIC_CONTROL_DEVICE,DEVICE_CONDITION,WEATHER_CONDITION,LIGHTING_CONDITION,FIRST_CRASH_TYPE,TRAFFICWAY_TYPE,ALIGNMENT,ROADWAY_SURFACE_COND,ROAD_DEFECT,INTERSECTION_RELATED_I,PRIM_CONTRIBUTORY_CAUSE,SEC_CONTRIBUTORY_CAUSE,DOORING_I,MOST_SEVERE_INJURY,CRASH_HOUR,CRASH_MONTH,LATITUDE,LONGITUDE,CRASH_YEAR,SPEED_LIMIT,geometry,DISPLAYROU,the_geom,DIST,LANE_TYPE,CRASH_DATE,is_severe,index_right,CArea
10879,30,TRAFFIC SIGNAL,UNKNOWN,UNKNOWN,DAYLIGHT,PEDALCYCLIST,FOUR WAY,STRAIGHT AND LEVEL,UNKNOWN,UNKNOWN,Y,UNABLE TO DETERMINE,UNABLE TO DETERMINE,,"REPORTED, NOT EVIDENT",9,5,41.8690868604,-87.6860434183,2024,30,POINT (-87.6860434183 41.8690868604),,,,,2024-05-26,False,27,Near West Side
10880,30,TRAFFIC SIGNAL,FUNCTIONING PROPERLY,CLEAR,DAYLIGHT,PEDALCYCLIST,NOT DIVIDED,STRAIGHT AND LEVEL,DRY,NO DEFECTS,,UNABLE TO DETERMINE,UNABLE TO DETERMINE,,NO INDICATION OF INJURY,17,5,41.9501652845,-87.6587317061,2024,30,POINT (-87.6587317061 41.9501652845),,,,,2024-05-26,False,5,Lake View
10881,30,NO CONTROLS,NO CONTROLS,CLEAR,DAWN,PEDALCYCLIST,ONE-WAY,STRAIGHT AND LEVEL,DRY,UNKNOWN,,IMPROPER LANE USAGE,IMPROPER LANE USAGE,Y,NO INDICATION OF INJURY,18,5,41.8981044562,-87.6674948714,2024,30,POINT (-87.6674948714 41.8981044562),,,,,2024-05-26,False,23,West Town
10882,30,STOP SIGN/FLASHER,FUNCTIONING PROPERLY,UNKNOWN,DARKNESS,PEDALCYCLIST,NOT DIVIDED,STRAIGHT AND LEVEL,UNKNOWN,NO DEFECTS,,UNABLE TO DETERMINE,NOT APPLICABLE,N,NONINCAPACITATING INJURY,21,5,41.9171793684,-87.7339493012,2024,30,POINT (-87.7339493012 41.9171793684),,,,,2024-05-26,False,19,Hermosa
10883,35,NO CONTROLS,NO CONTROLS,CLEAR,DAYLIGHT,PEDALCYCLIST,Y-INTERSECTION,STRAIGHT AND LEVEL,DRY,NO DEFECTS,Y,IMPROPER LANE USAGE,NOT APPLICABLE,,NO INDICATION OF INJURY,12,5,41.953427245,-87.6496479582,2024,35,POINT (-87.6496479582 41.953427245),,,,,2024-05-27,False,5,Lake View
10884,35,TRAFFIC SIGNAL,FUNCTIONING PROPERLY,CLEAR,DAYLIGHT,PEDALCYCLIST,DIVIDED - W/MEDIAN (NOT RAISED),STRAIGHT AND LEVEL,DRY,UNKNOWN,Y,FAILING TO YIELD RIGHT-OF-WAY,DISREGARDING OTHER TRAFFIC SIGNS,,NONINCAPACITATING INJURY,18,5,41.8086127913,-87.6837320811,2024,35,POINT (-87.6837320811 41.8086127913),,,,,2024-05-27,False,60,New City
10885,30,NO CONTROLS,NO CONTROLS,RAIN,"DARKNESS, LIGHTED ROAD",PEDALCYCLIST,NOT DIVIDED,STRAIGHT AND LEVEL,WET,NO DEFECTS,,UNABLE TO DETERMINE,UNABLE TO DETERMINE,N,INCAPACITATING INJURY,21,5,41.944655826,-87.6546280651,2024,30,POINT (-87.6546280651 41.944655826),,,,,2024-05-27,True,5,Lake View
10886,35,TRAFFIC SIGNAL,FUNCTIONING PROPERLY,CLEAR,DAYLIGHT,PEDALCYCLIST,NOT DIVIDED,STRAIGHT AND LEVEL,DRY,NO DEFECTS,Y,FAILING TO REDUCE SPEED TO AVOID CRASH,FAILING TO YIELD RIGHT-OF-WAY,,NONINCAPACITATING INJURY,8,5,41.8775166149,-87.6665660853,2024,35,POINT (-87.6665660853 41.8775166149),,,,,2024-05-28,False,27,Near West Side
10887,30,NO CONTROLS,NO CONTROLS,CLEAR,DAYLIGHT,PEDALCYCLIST,DRIVEWAY,STRAIGHT AND LEVEL,DRY,NO DEFECTS,,FAILING TO YIELD RIGHT-OF-WAY,NOT APPLICABLE,N,NONINCAPACITATING INJURY,8,5,41.8688897111,-87.6390989281,2024,30,POINT (-87.6390989281 41.8688897111),,,,,2024-05-28,False,27,Near West Side
10888,30,STOP SIGN/FLASHER,FUNCTIONING PROPERLY,CLEAR,DAYLIGHT,PEDALCYCLIST,FOUR WAY,STRAIGHT AND LEVEL,DRY,NO DEFECTS,Y,UNABLE TO DETERMINE,NOT APPLICABLE,,NONINCAPACITATING INJURY,9,5,41.8959056458,-87.7456828499,2024,30,POINT (-87.7456828499 41.8959056458),,,,,2024-05-28,False,24,Austin
10889,20,NO CONTROLS,NO CONTROLS,CLEAR,DAYLIGHT,PEDALCYCLIST,NOT DIVIDED,STRAIGHT AND LEVEL,DRY,UNKNOWN,,UNABLE TO DETERMINE,NOT APPLICABLE,,NO INDICATION OF INJURY,10,5,41.8960658208,-87.7455677998,2024,20,POINT (-87.7455677998 41.8960658208),,,,,2024-05-28,False,24,Austin
10890,15,NO CONTROLS,NO CONTROLS,CLEAR,DAYLIGHT,PEDALCYCLIST,ALLEY,STRAIGHT AND LEVEL,WET,NO DEFECTS,,NOT APPLICABLE,NOT APPLICABLE,,NONINCAPACITATING INJURY,13,5,42.015026627,-87.6765932336,2024,15,POINT (-87.6765932336 42.015026627),,,,,2024-05-28,False,0,Rogers Park
10891,30,STOP SIGN/FLASHER,FUNCTIONING PROPERLY,CLEAR,DAYLIGHT,PEDALCYCLIST,FOUR WAY,STRAIGHT AND LEVEL,DRY,NO DEFECTS,Y,DISREGARDING STOP SIGN,NOT APPLICABLE,,NONINCAPACITATING INJURY,17,5,41.9945965661,-87.6661625208,2024,30,POINT (-87.6661625208 41.9945965661),,,,,2024-05-28,False,76,Edgewater
10892,20,NO CONTROLS,NO CONTROLS,CLEAR,DAYLIGHT,PEDALCYCLIST,ONE-WAY,STRAIGHT AND LEVEL,WET,UNKNOWN,,UNABLE TO DETERMINE,UNABLE TO DETERMINE,,NONINCAPACITATING INJURY,19,5,41.8499251838,-87.7173590537,2024,20,POINT (-87.7173590537 41.8499251838),,,,,2024-05-28,False,28,North Lawndale
10893,40,TRAFFIC SIGNAL,FUNCTIONING PROPERLY,RAIN,"DARKNESS, LIGHTED ROAD",PEDALCYCLIST,NOT DIVIDED,STRAIGHT AND LEVEL,WET,NO DEFECTS,,UNABLE TO DETERMINE,UNABLE TO DETERMINE,,NO INDICATION OF INJURY,22,5,41.8869732009,-87.6208483326,2024,40,POINT (-87.6208483326 41.8869732009),,,,,2024-05-28,False,7,Near North Side
10894,30,NO CONTROLS,NO CONTROLS,CLEAR,DUSK,PEDALCYCLIST,T-INTERSECTION,STRAIGHT AND LEVEL,WET,NO DEFECTS,,UNABLE TO DETERMINE,UNABLE TO DETERMINE,,INCAPACITATING INJURY,22,5,41.8870602768,-87.6205553611,2024,30,POINT (-87.6205553611 41.8870602768),,,,,2024-05-28,True,7,Near North Side
10895,30,NO CONTROLS,NO CONTROLS,CLEAR,DAYLIGHT,PEDALCYCLIST,NOT DIVIDED,STRAIGHT AND LEVEL,DRY,NO DEFECTS,,IMPROPER LANE USAGE,NOT APPLICABLE,,NO INDICATION OF INJURY,6,5,41.9608371077,-87.7471943235,2024,30,POINT (-87.7471943235 41.9608371077),,,,,2024-05-29,False,14,Portage Park
10896,30,TRAFFIC SIGNAL,FUNCTIONING PROPERLY,CLEAR,DAYLIGHT,PEDALCYCLIST,FOUR WAY,STRAIGHT AND LEVEL,UNKNOWN,UNKNOWN,Y,FAILING TO YIELD RIGHT-OF-WAY,NOT APPLICABLE,,NONINCAPACITATING INJURY,9,5,41.8979197439,-87.6299603379,2024,30,POINT (-87.6299603379 41.8979197439),,,,,2024-05-29,False,7,Near North Side
10897,30,STOP SIGN/FLASHER,FUNCTIONING PROPERLY,CLEAR,DAYLIGHT,PEDALCYCLIST,NOT DIVIDED,STRAIGHT AND LEVEL,DRY,NO DEFECTS,Y,UNABLE TO DETERMINE,NOT APPLICABLE,,"REPORTED, NOT EVIDENT",10,5,41.8698929494,-87.7107794176,2024,30,POINT (-87.7107794176 41.8698929494),,,,,2024-05-29,False,26,Garfield Park
10898,10,NO CONTROLS,NO CONTROLS,UNKNOWN,DAYLIGHT,PEDALCYCLIST,PARKING LOT,STRAIGHT AND LEVEL,UNKNOWN,UNKNOWN,,FAILING TO YIELD RIGHT-OF-WAY,NOT APPLICABLE,,NO INDICATION OF INJURY,16,5,41.9816991208,-87.669621666,2024,10,POINT (-87.669621666 41.9816991208),,,,,2024-05-29,False,76,Edgewater
10899,30,STOP SIGN/FLASHER,FUNCTIONING PROPERLY,CLEAR,DAYLIGHT,PEDALCYCLIST,FOUR WAY,STRAIGHT AND LEVEL,DRY,NO DEFECTS,Y,FAILING TO YIELD RIGHT-OF-WAY,UNABLE TO DETERMINE,,NONINCAPACITATING INJURY,18,5,41.8950285776,-87.6722873216,2024,30,POINT (-87.6722873216 41.8950285776),,,,,2024-05-29,False,23,West Town
10900,20,NO CONTROLS,NO CONTROLS,CLEAR,DAYLIGHT,PEDALCYCLIST,DIVIDED - W/MEDIAN (NOT RAISED),STRAIGHT AND LEVEL,DRY,NO DEFECTS,,FAILING TO YIELD RIGHT-OF-WAY,NOT APPLICABLE,,NONINCAPACITATING INJURY,18,5,41.8991162645,-87.7269956251,2024,20,POINT (-87.7269956251 41.8991162645),,,,,2024-05-29,False,22,Humboldt Park
10901,30,TRAFFIC SIGNAL,NO CONTROLS,CLEAR,DAYLIGHT,PEDALCYCLIST,NOT DIVIDED,STRAIGHT AND LEVEL,DRY,NO DEFECTS,Y,FAILING TO YIELD RIGHT-OF-WAY,NOT APPLICABLE,,NO INDICATION OF INJURY,19,5,41.9363358681,-87.6492862811,2024,30,POINT (-87.6492862811 41.9363358681),,,,,2024-05-29,False,5,Lake View
10902,30,TRAFFIC SIGNAL,FUNCTIONING PROPERLY,CLEAR,"DARKNESS, LIGHTED ROAD",PEDALCYCLIST,DIVIDED - W/MEDIAN (NOT RAISED),STRAIGHT AND LEVEL,DRY,NO DEFECTS,Y,UNABLE TO DETERMINE,UNABLE TO DETERMINE,,NONINCAPACITATING INJURY,3,5,41.968792755,-87.6674259265,2024,30,POINT (-87.6674259265 41.968792755),,,,,2024-05-30,False,2,Uptown
10903,30,TRAFFIC SIGNAL,FUNCTIONING PROPERLY,CLEAR,DAYLIGHT,PEDALCYCLIST,NOT DIVIDED,STRAIGHT AND LEVEL,DRY,NO DEFECTS,,NOT APPLICABLE,NOT APPLICABLE,Y,NONINCAPACITATING INJURY,7,5,41.909825497,-87.6678163497,2024,30,POINT (-87.6678163497 41.909825497),,,,,2024-05-30,False,23,West Town
10904,30,TRAFFIC SIGNAL,FUNCTIONING PROPERLY,CLEAR,DAYLIGHT,PEDALCYCLIST,CENTER TURN LANE,STRAIGHT AND LEVEL,DRY,NO DEFECTS,,UNABLE TO DETERMINE,UNABLE TO DETERMINE,,NONINCAPACITATING INJURY,9,5,41.9906994387,-87.6698737145,2024,30,POINT (-87.6698737145 41.9906994387),,,,,2024-05-30,False,76,Edgewater
10905,30,NO CONTROLS,NO CONTROLS,CLEAR,DAYLIGHT,PEDALCYCLIST,DIVIDED - W/MEDIAN (NOT RAISED),STRAIGHT AND LEVEL,DRY,NO DEFECTS,,FAILING TO YIELD RIGHT-OF-WAY,NOT APPLICABLE,Y,NO INDICATION OF INJURY,11,5,41.9308161443,-87.6564855329,2024,30,POINT (-87.6564855329 41.9308161443),,,,,2024-05-30,False,6,Lincoln Park
10906,25,NO CONTROLS,NO CONTROLS,CLEAR,DAYLIGHT,PEDALCYCLIST,NOT DIVIDED,STRAIGHT AND LEVEL,DRY,NO DEFECTS,,NOT APPLICABLE,NOT APPLICABLE,,NO INDICATION OF INJURY,13,5,41.9665683706,-87.6873673516,2024,25,POINT (-87.6873673516 41.9665683706),,,,,2024-05-30,False,3,Lincoln Square
10907,30,STOP SIGN/FLASHER,FUNCTIONING PROPERLY,CLEAR,DAYLIGHT,PEDALCYCLIST,FOUR WAY,STRAIGHT AND LEVEL,DRY,NO DEFECTS,Y,UNABLE TO DETERMINE,UNABLE TO DETERMINE,,NONINCAPACITATING INJURY,15,5,41.9703701035,-87.7184565966,2024,30,POINT (-87.7184565966 41.9703701035),,,,,2024-05-30,False,13,Albany Park
10908,35,TRAFFIC SIGNAL,FUNCTIONING PROPERLY,CLEAR,DAYLIGHT,PEDALCYCLIST,NOT DIVIDED,STRAIGHT AND LEVEL,DRY,NO DEFECTS,Y,FAILING TO YIELD RIGHT-OF-WAY,FAILING TO YIELD RIGHT-OF-WAY,,INCAPACITATING INJURY,16,5,41.9057056281,-87.6699273301,2024,35,POINT (-87.6699273301 41.9057056281),,,,,2024-05-30,True,23,West Town
10909,30,NO CONTROLS,NO CONTROLS,CLEAR,DAYLIGHT,PEDALCYCLIST,NOT DIVIDED,STRAIGHT AND LEVEL,DRY,NO DEFECTS,,FAILING TO YIELD RIGHT-OF-WAY,FAILING TO YIELD RIGHT-OF-WAY,,NONINCAPACITATING INJURY,16,5,41.8119052708,-87.7017154969,2024,30,POINT (-87.7017154969 41.8119052708),,,,,2024-05-30,False,57,Brighton Park
10910,30,TRAFFIC SIGNAL,FUNCTIONING PROPERLY,CLEAR,DAYLIGHT,PEDALCYCLIST,ONE-WAY,STRAIGHT AND LEVEL,DRY,NO DEFECTS,Y,UNABLE TO DETERMINE,NOT APPLICABLE,,"REPORTED, NOT EVIDENT",16,5,41.879134492,-87.6394443127,2024,30,POINT (-87.6394443127 41.879134492),,,,,2024-05-30,False,27,Near West Side
10911,30,BICYCLE CROSSING SIGN,NO CONTROLS,CLEAR,DAYLIGHT,PEDALCYCLIST,DIVIDED - W/MEDIAN (NOT RAISED),STRAIGHT AND LEVEL,DRY,NO DEFECTS,,FAILING TO YIELD RIGHT-OF-WAY,NOT APPLICABLE,,"REPORTED, NOT EVIDENT",17,5,41.7465274025,-87.6707680377,2024,30,POINT (-87.6707680377 41.7465274025),,,,,2024-05-30,False,70,Auburn Gresham
10912,30,STOP SIGN/FLASHER,FUNCTIONING IMPROPERLY,CLEAR,DAYLIGHT,PEDALCYCLIST,NOT DIVIDED,STRAIGHT AND LEVEL,DRY,NO DEFECTS,Y,NOT APPLICABLE,NOT APPLICABLE,,NO INDICATION OF INJURY,17,5,41.9614614208,-87.6707569985,2024,30,POINT (-87.6707569985 41.9614614208),,,,,2024-05-30,False,2,Uptown
10913,30,TRAFFIC SIGNAL,FUNCTIONING PROPERLY,CLEAR,DUSK,PEDALCYCLIST,NOT DIVIDED,STRAIGHT AND LEVEL,DRY,NO DEFECTS,,UNABLE TO DETERMINE,NOT APPLICABLE,,NONINCAPACITATING INJURY,19,5,41.8021379499,-87.6209491795,2024,30,POINT (-87.6209491795 41.8021379499),,,,,2024-05-30,False,37,Grand Boulevard
10914,30,TRAFFIC SIGNAL,FUNCTIONING PROPERLY,CLEAR,"DARKNESS, LIGHTED ROAD",PEDALCYCLIST,T-INTERSECTION,STRAIGHT AND LEVEL,DRY,UNKNOWN,Y,FAILING TO YIELD RIGHT-OF-WAY,DRIVING ON WRONG SIDE/WRONG WAY,,NONINCAPACITATING INJURY,22,5,41.8806791396,-87.62449086,2024,30,POINT (-87.62449086 41.8806791396),,,,,2024-05-30,False,31,Loop
10915,30,TRAFFIC SIGNAL,FUNCTIONING PROPERLY,CLEAR,DAYLIGHT,PEDALCYCLIST,NOT DIVIDED,STRAIGHT AND LEVEL,DRY,NO DEFECTS,,UNABLE TO DETERMINE,NOT APPLICABLE,,NO INDICATION OF INJURY,12,5,41.9538365483,-87.678891381,2024,30,POINT (-87.678891381 41.9538365483),,,,,2024-05-31,False,4,North Center
10916,30,TRAFFIC SIGNAL,FUNCTIONING PROPERLY,CLEAR,DAYLIGHT,PEDALCYCLIST,FOUR WAY,STRAIGHT AND LEVEL,DRY,NO DEFECTS,Y,DISREGARDING TRAFFIC SIGNALS,FAILING TO YIELD RIGHT-OF-WAY,,NONINCAPACITATING INJURY,14,5,41.977286271,-87.6890576086,2024,30,POINT (-87.6890576086 41.977286271),,,,,2024-05-31,False,3,Lincoln Square
10917,30,NO CONTROLS,NO CONTROLS,CLEAR,DAYLIGHT,PEDALCYCLIST,NOT DIVIDED,STRAIGHT AND LEVEL,DRY,NO DEFECTS,,UNABLE TO DETERMINE,UNABLE TO DETERMINE,Y,NONINCAPACITATING INJURY,15,5,41.9610284559,-87.7303278209,2024,30,POINT (-87.7303278209 41.9610284559),,,,,2024-05-31,False,13,Albany Park
10918,25,NO CONTROLS,NO CONTROLS,CLEAR,DAYLIGHT,PEDALCYCLIST,FOUR WAY,STRAIGHT AND LEVEL,DRY,NO DEFECTS,Y,FAILING TO YIELD RIGHT-OF-WAY,FAILING TO REDUCE SPEED TO AVOID CRASH,,NONINCAPACITATING INJURY,16,5,41.9624697349,-87.7321502804,2024,25,POINT (-87.7321502804 41.9624697349),,,,,2024-05-31,False,13,Albany Park
10919,30,TRAFFIC SIGNAL,FUNCTIONING PROPERLY,CLEAR,DAYLIGHT,PEDALCYCLIST,DIVIDED - W/MEDIAN (NOT RAISED),STRAIGHT AND LEVEL,DRY,NO DEFECTS,,NOT APPLICABLE,NOT APPLICABLE,,NONINCAPACITATING INJURY,18,5,41.9105827644,-87.6777016771,2024,30,POINT (-87.6777016771 41.9105827644),,,,,2024-05-31,False,23,West Town
10920,30,UNKNOWN,UNKNOWN,CLEAR,DAYLIGHT,PEDALCYCLIST,NOT DIVIDED,STRAIGHT AND LEVEL,DRY,UNKNOWN,,UNABLE TO DETERMINE,NOT APPLICABLE,,NONINCAPACITATING INJURY,18,5,41.751623374,-87.5833655113,2024,30,POINT (-87.5833655113 41.751623374),,,,,2024-05-31,False,42,South Shore
10921,30,UNKNOWN,UNKNOWN,UNKNOWN,UNKNOWN,PEDALCYCLIST,NOT DIVIDED,STRAIGHT AND LEVEL,UNKNOWN,UNKNOWN,,NOT APPLICABLE,NOT APPLICABLE,,NO INDICATION OF INJURY,19,5,41.8717454646,-87.6273770319,2024,30,POINT (-87.6273770319 41.8717454646),,,,,2024-05-31,False,31,Loop
10922,30,NO CONTROLS,FUNCTIONING PROPERLY,CLEAR,DUSK,PEDALCYCLIST,DIVIDED - W/MEDIAN (NOT RAISED),STRAIGHT AND LEVEL,DRY,UNKNOWN,,IMPROPER OVERTAKING/PASSING,FOLLOWING TOO CLOSELY,,INCAPACITATING INJURY,20,5,41.8908594964,-87.6590241886,2024,30,POINT (-87.6590241886 41.8908594964),,,,,2024-05-31,True,7,Near North Side
10923,30,NO CONTROLS,NO CONTROLS,CLEAR,"DARKNESS, LIGHTED ROAD",PEDALCYCLIST,NOT DIVIDED,STRAIGHT AND LEVEL,DRY,UNKNOWN,,DRIVING SKILLS/KNOWLEDGE/EXPERIENCE,NOT APPLICABLE,Y,NONINCAPACITATING INJURY,0,6,41.9421601056,-87.6491923854,2024,30,POINT (-87.6491923854 41.9421601056),,,,,2024-06-01,False,5,Lake View
10924,30,TRAFFIC SIGNAL,FUNCTIONING PROPERLY,RAIN,DAYLIGHT,PEDALCYCLIST,NOT DIVIDED,STRAIGHT AND LEVEL,WET,UNKNOWN,Y,IMPROPER TURNING/NO SIGNAL,NOT APPLICABLE,,"REPORTED, NOT EVIDENT",15,6,41.9239529807,-87.6464616294,2024,30,POINT (-87.6464616294 41.9239529807),,,,,2024-06-01,False,6,Lincoln Park
10925,30,TRAFFIC SIGNAL,FUNCTIONING PROPERLY,CLEAR,DAYLIGHT,PEDALCYCLIST,NOT DIVIDED,STRAIGHT AND LEVEL,DRY,NO DEFECTS,,UNABLE TO DETERMINE,UNABLE TO DETERMINE,,"REPORTED, NOT EVIDENT",13,6,41.8832891514,-87.6245493964,2024,30,POINT (-87.6245493964 41.8832891514),,,,,2024-06-02,False,31,Loop
10926,30,NO CONTROLS,NO CONTROLS,CLOUDY/OVERCAST,DAYLIGHT,PEDALCYCLIST,DIVIDED - W/MEDIAN (NOT RAISED),STRAIGHT AND LEVEL,DRY,"RUT, HOLES",,FAILING TO YIELD RIGHT-OF-WAY,NOT APPLICABLE,,NONINCAPACITATING INJURY,14,6,41.9300546711,-87.6487749291,2024,30,POINT (-87.6487749291 41.9300546711),,,,,2024-06-02,False,6,Lincoln Park
10927,25,NO CONTROLS,NO CONTROLS,CLEAR,DAYLIGHT,PEDALCYCLIST,NOT DIVIDED,STRAIGHT AND LEVEL,DRY,UNKNOWN,,UNABLE TO DETERMINE,UNABLE TO DETERMINE,,INCAPACITATING INJURY,15,6,41.9026129818,-87.6770937257,2024,25,POINT (-87.6770937257 41.9026129818),,,,,2024-06-02,True,23,West Town
10928,30,STOP SIGN/FLASHER,NO CONTROLS,CLEAR,DAYLIGHT,PEDALCYCLIST,FOUR WAY,STRAIGHT AND LEVEL,DRY,NO DEFECTS,,NOT APPLICABLE,NOT APPLICABLE,,NONINCAPACITATING INJURY,16,6,41.8640266649,-87.622620427,2024,30,POINT (-87.622620427 41.8640266649),,,,,2024-06-02,False,32,Near South Side
10929,30,TRAFFIC SIGNAL,UNKNOWN,CLEAR,DAYLIGHT,PEDALCYCLIST,UNKNOWN INTERSECTION TYPE,STRAIGHT AND LEVEL,UNKNOWN,UNKNOWN,Y,UNABLE TO DETERMINE,NOT APPLICABLE,,NONINCAPACITATING INJURY,17,6,41.7366909453,-87.6096190938,2024,30,POINT (-87.6096190938 41.7366909453),,,,,2024-06-02,False,43,Chatham
10930,30,TRAFFIC SIGNAL,UNKNOWN,CLEAR,UNKNOWN,PEDALCYCLIST,NOT DIVIDED,STRAIGHT AND LEVEL,DRY,UNKNOWN,Y,FAILING TO REDUCE SPEED TO AVOID CRASH,NOT APPLICABLE,,NONINCAPACITATING INJURY,18,6,41.9021794709,-87.7705724274,2024,30,POINT (-87.7705724274 41.9021794709),,,,,2024-06-02,False,24,Austin
10931,30,TRAFFIC SIGNAL,FUNCTIONING PROPERLY,CLEAR,DAYLIGHT,PEDALCYCLIST,NOT DIVIDED,STRAIGHT AND LEVEL,DRY,NO DEFECTS,,FAILING TO YIELD RIGHT-OF-WAY,NOT APPLICABLE,,NONINCAPACITATING INJURY,21,6,41.7786364688,-87.7229063557,2024,30,POINT (-87.7229063557 41.7786364688),,,,,2024-06-02,False,64,West Lawn
10932,30,TRAFFIC SIGNAL,FUNCTIONING PROPERLY,CLEAR,"DARKNESS, LIGHTED ROAD",PEDALCYCLIST,FOUR WAY,STRAIGHT AND LEVEL,DRY,UNKNOWN,Y,UNABLE TO DETERMINE,NOT APPLICABLE,,NONINCAPACITATING INJURY,23,6,41.9924690723,-87.6556066005,2024,30,POINT (-87.6556066005 41.9924690723),,,,,2024-06-02,False,76,Edgewater
10933,30,STOP SIGN/FLASHER,NO CONTROLS,CLEAR,DAYLIGHT,PEDALCYCLIST,NOT DIVIDED,STRAIGHT AND LEVEL,DRY,UNKNOWN,,CELL PHONE USE OTHER THAN TEXTING,CELL PHONE USE OTHER THAN TEXTING,,NO INDICATION OF INJURY,8,6,41.9833998812,-87.6747566155,2024,30,POINT (-87.6747566155 41.9833998812),,,,,2024-06-03,False,3,Lincoln Square
10934,25,UNKNOWN,UNKNOWN,UNKNOWN,DAYLIGHT,PEDALCYCLIST,ONE-WAY,STRAIGHT AND LEVEL,UNKNOWN,NO DEFECTS,,FAILING TO YIELD RIGHT-OF-WAY,FAILING TO YIELD RIGHT-OF-WAY,Y,"REPORTED, NOT EVIDENT",11,6,41.9925599304,-87.6581431159,2024,25,POINT (-87.6581431159 41.9925599304),,,,,2024-06-03,False,76,Edgewater
10935,30,NO CONTROLS,NO CONTROLS,CLEAR,DAYLIGHT,PEDALCYCLIST,NOT DIVIDED,STRAIGHT AND LEVEL,DRY,NO DEFECTS,,FAILING TO YIELD RIGHT-OF-WAY,NOT APPLICABLE,,NONINCAPACITATING INJURY,15,6,41.8961641075,-87.6684570196,2024,30,POINT (-87.6684570196 41.8961641075),,,,,2024-06-03,False,23,West Town
10936,30,STOP SIGN/FLASHER,NO CONTROLS,CLEAR,DAYLIGHT,PEDALCYCLIST,NOT DIVIDED,STRAIGHT AND LEVEL,DRY,NO DEFECTS,,NOT APPLICABLE,NOT APPLICABLE,N,NONINCAPACITATING INJURY,16,6,41.9114163844,-87.7528613374,2024,30,POINT (-87.7528613374 41.9114163844),,,,,2024-06-03,False,24,Austin
10937,30,TRAFFIC SIGNAL,FUNCTIONING PROPERLY,CLEAR,DAYLIGHT,PEDALCYCLIST,ONE-WAY,STRAIGHT AND LEVEL,DRY,NO DEFECTS,,FAILING TO YIELD RIGHT-OF-WAY,NOT APPLICABLE,,"REPORTED, NOT EVIDENT",18,6,41.924652941,-87.7218232992,2024,30,POINT (-87.7218232992 41.924652941),,,,,2024-06-03,False,21,Logan Square
10938,30,NO CONTROLS,NO CONTROLS,CLEAR,DARKNESS,PEDALCYCLIST,ONE-WAY,STRAIGHT AND LEVEL,DRY,NO DEFECTS,,NOT APPLICABLE,NOT APPLICABLE,,NONINCAPACITATING INJURY,19,6,41.8892498019,-87.6312078202,2024,30,POINT (-87.6312078202 41.8892498019),,,,,2024-06-03,False,7,Near North Side
10939,35,TRAFFIC SIGNAL,FUNCTIONING PROPERLY,CLEAR,DUSK,PEDALCYCLIST,NOT DIVIDED,STRAIGHT AND LEVEL,DRY,NO DEFECTS,Y,DISREGARDING TRAFFIC SIGNALS,NOT APPLICABLE,,NONINCAPACITATING INJURY,19,6,41.8893216705,-87.630986023,2024,35,POINT (-87.630986023 41.8893216705),,,,,2024-06-03,False,7,Near North Side
10940,30,STOP SIGN/FLASHER,FUNCTIONING PROPERLY,CLEAR,DAYLIGHT,PEDALCYCLIST,FOUR WAY,STRAIGHT AND LEVEL,DRY,NO DEFECTS,,FAILING TO REDUCE SPEED TO AVOID CRASH,NOT APPLICABLE,,NO INDICATION OF INJURY,7,6,41.880406021,-87.6486363962,2024,30,POINT (-87.6486363962 41.880406021),,,,,2024-06-04,False,27,Near West Side
10941,30,TRAFFIC SIGNAL,FUNCTIONING PROPERLY,CLOUDY/OVERCAST,DAYLIGHT,PEDALCYCLIST,FOUR WAY,STRAIGHT AND LEVEL,DRY,NO DEFECTS,Y,IMPROPER TURNING/NO SIGNAL,FAILING TO YIELD RIGHT-OF-WAY,,NONINCAPACITATING INJURY,8,6,41.9241961695,-87.7461533375,2024,30,POINT (-87.7461533375 41.9241961695),,,,,2024-06-04,False,18,Belmont Cragin
10943,30,NO CONTROLS,NO CONTROLS,CLEAR,DAYLIGHT,PEDALCYCLIST,NOT DIVIDED,STRAIGHT AND LEVEL,DRY,NO DEFECTS,,UNABLE TO DETERMINE,NOT APPLICABLE,,NONINCAPACITATING INJURY,13,6,41.9165055134,-87.6872346611,2024,30,POINT (-87.6872346611 41.9165055134),,,,,2024-06-04,False,21,Logan Square
10944,30,NO CONTROLS,NO CONTROLS,CLEAR,DAYLIGHT,PEDALCYCLIST,NOT DIVIDED,STRAIGHT AND LEVEL,DRY,UNKNOWN,,FAILING TO REDUCE SPEED TO AVOID CRASH,NOT APPLICABLE,,NONINCAPACITATING INJURY,14,6,41.9109438785,-87.6263927966,2024,30,POINT (-87.6263927966 41.9109438785),,,,,2024-06-04,False,6,Lincoln Park
10945,30,NO CONTROLS,NO CONTROLS,CLOUDY/OVERCAST,DAWN,PEDALCYCLIST,ALLEY,STRAIGHT AND LEVEL,DRY,NO DEFECTS,,UNABLE TO DETERMINE,UNABLE TO DETERMINE,,"REPORTED, NOT EVIDENT",16,6,41.9630824217,-87.6522084951,2024,30,POINT (-87.6522084951 41.9630824217),,,,,2024-06-04,False,2,Uptown