Unnamed: 0,POSTED_SPEED_LIMIT,TRAFFIC_CONTROL_DEVICE,DEVICE_CONDITION,WEATHER_CONDITION,LIGHTING_CONDITION,FIRST_CRASH_TYPE,TRAFFICWAY_TYPE,ALIGNMENT,ROADWAY_SURFACE_COND,ROAD_DEFECT,INTERSECTION_RELATED_I,PRIM_CONTRIBUTORY_CAUSE,SEC_CONTRIBUTORY_CAUSE,DOORING_I,MOST_SEVERE_INJURY,CRASH_HOUR,CRASH_MONTH,LATITUDE,LONGITUDE,CRASH_YEAR,SPEED_LIMIT,geometry,DISPLAYROU,the_geom,DIST,LANE_TYPE,CRASH_DATE,is_severe,index_right,CArea
10946,30,YIELD,FUNCTIONING PROPERLY,CLEAR,DAYLIGHT,PEDALCYCLIST,NOT DIVIDED,STRAIGHT AND LEVEL,DRY,NO DEFECTS,Y,UNABLE TO DETERMINE,FAILING TO REDUCE SPEED TO AVOID CRASH,,"REPORTED, NOT EVIDENT",17,6,41.7592412011,-87.6732436399,2024,30,POINT (-87.6732436399 41.7592412011),,,,,2024-06-04,False,66,Englewood
10947,30,UNKNOWN,UNKNOWN,CLEAR,DAYLIGHT,PEDALCYCLIST,DIVIDED - W/MEDIAN (NOT RAISED),STRAIGHT AND LEVEL,DRY,UNKNOWN,Y,FAILING TO YIELD RIGHT-OF-WAY,FAILING TO YIELD RIGHT-OF-WAY,,NO INDICATION OF INJURY,17,6,41.900540899,-87.6374711807,2024,30,POINT (-87.6374711807 41.900540899),,,,,2024-06-04,False,7,Near North Side
10948,25,TRAFFIC SIGNAL,FUNCTIONING PROPERLY,RAIN,DAYLIGHT,PEDALCYCLIST,NOT DIVIDED,STRAIGHT AND LEVEL,WET,NO DEFECTS,,UNABLE TO DETERMINE,NOT APPLICABLE,,NONINCAPACITATING INJURY,17,6,41.9526196974,-87.7173660499,2024,25,POINT (-87.7173660499 41.9526196974),,,,,2024-06-04,False,15,Irving Park
10949,30,TRAFFIC SIGNAL,FUNCTIONING PROPERLY,CLEAR,DUSK,PEDALCYCLIST,DIVIDED - W/MEDIAN (NOT RAISED),STRAIGHT AND LEVEL,DRY,NO DEFECTS,,DRIVING SKILLS/KNOWLEDGE/EXPERIENCE,UNABLE TO DETERMINE,,NONINCAPACITATING INJURY,18,6,41.916302473,-87.6674663413,2024,30,POINT (-87.6674663413 41.916302473),,,,,2024-06-04,False,6,Lincoln Park
10950,30,UNKNOWN,UNKNOWN,CLEAR,"DARKNESS, LIGHTED ROAD",PEDALCYCLIST,UNKNOWN,STRAIGHT AND LEVEL,DRY,NO DEFECTS,N,UNABLE TO DETERMINE,UNABLE TO DETERMINE,,INCAPACITATING INJURY,23,6,41.9865212628,-87.669350887,2024,30,POINT (-87.669350887 41.9865212628),,,,,2024-06-04,True,76,Edgewater
10951,30,STOP SIGN/FLASHER,FUNCTIONING PROPERLY,RAIN,DAYLIGHT,PEDALCYCLIST,DIVIDED - W/MEDIAN (NOT RAISED),STRAIGHT AND LEVEL,WET,UNKNOWN,Y,UNABLE TO DETERMINE,NOT APPLICABLE,,INCAPACITATING INJURY,8,6,41.9052806216,-87.6418854315,2024,30,POINT (-87.6418854315 41.9052806216),,,,,2024-06-05,True,7,Near North Side
10952,30,TRAFFIC SIGNAL,FUNCTIONING PROPERLY,CLEAR,DAYLIGHT,PEDALCYCLIST,DIVIDED - W/MEDIAN (NOT RAISED),STRAIGHT AND LEVEL,WET,NO DEFECTS,,DRIVING ON WRONG SIDE/WRONG WAY,UNABLE TO DETERMINE,,INCAPACITATING INJURY,9,6,41.925064062,-87.6836816475,2024,30,POINT (-87.6836816475 41.925064062),,,,,2024-06-05,True,21,Logan Square
10953,30,NO CONTROLS,NO CONTROLS,CLEAR,DAYLIGHT,PEDALCYCLIST,NOT DIVIDED,STRAIGHT AND LEVEL,DRY,UNKNOWN,,UNABLE TO DETERMINE,UNABLE TO DETERMINE,,NONINCAPACITATING INJURY,10,6,42.0050800739,-87.6899247445,2024,30,POINT (-87.6899247445 42.0050800739),,,,,2024-06-05,False,1,West Ridge
10954,30,STOP SIGN/FLASHER,FUNCTIONING PROPERLY,CLEAR,DAYLIGHT,PEDALCYCLIST,NOT DIVIDED,STRAIGHT AND LEVEL,DRY,NO DEFECTS,Y,NOT APPLICABLE,NOT APPLICABLE,,NO INDICATION OF INJURY,10,6,41.8084124157,-87.6928392034,2024,30,POINT (-87.6928392034 41.8084124157),,,,,2024-06-05,False,57,Brighton Park
10955,30,NO CONTROLS,NO CONTROLS,CLEAR,DAYLIGHT,PEDALCYCLIST,NOT DIVIDED,STRAIGHT AND LEVEL,WET,NO DEFECTS,,UNABLE TO DETERMINE,UNABLE TO DETERMINE,,INCAPACITATING INJURY,11,6,41.8864048359,-87.740285418,2024,30,POINT (-87.740285418 41.8864048359),,,,,2024-06-05,True,24,Austin
10956,30,TRAFFIC SIGNAL,FUNCTIONING PROPERLY,CLEAR,DAYLIGHT,PEDALCYCLIST,FOUR WAY,STRAIGHT AND LEVEL,DRY,NO DEFECTS,Y,"VISION OBSCURED (SIGNS, TREE LIMBS, BUILDINGS, ETC.)",DRIVING SKILLS/KNOWLEDGE/EXPERIENCE,Y,NONINCAPACITATING INJURY,11,6,41.9388722657,-87.7519148872,2024,30,POINT (-87.7519148872 41.9388722657),,,,,2024-06-05,False,14,Portage Park
10957,30,NO CONTROLS,NO CONTROLS,CLEAR,DAYLIGHT,PEDALCYCLIST,NOT DIVIDED,STRAIGHT AND LEVEL,DRY,NO DEFECTS,,FAILING TO YIELD RIGHT-OF-WAY,NOT APPLICABLE,Y,NO INDICATION OF INJURY,14,6,41.9443729802,-87.654348053,2024,30,POINT (-87.654348053 41.9443729802),,,,,2024-06-05,False,5,Lake View
10958,30,STOP SIGN/FLASHER,FUNCTIONING PROPERLY,CLEAR,DAYLIGHT,PEDALCYCLIST,FOUR WAY,STRAIGHT AND LEVEL,DRY,NO DEFECTS,Y,UNABLE TO DETERMINE,UNABLE TO DETERMINE,,NONINCAPACITATING INJURY,15,6,41.8805050421,-87.7404669356,2024,30,POINT (-87.7404669356 41.8805050421),,,,,2024-06-05,False,24,Austin
10959,30,STOP SIGN/FLASHER,NO CONTROLS,CLEAR,DAYLIGHT,PEDALCYCLIST,FOUR WAY,STRAIGHT AND LEVEL,DRY,NO DEFECTS,Y,UNABLE TO DETERMINE,UNABLE TO DETERMINE,,NO INDICATION OF INJURY,16,6,41.8891411118,-87.6487902038,2024,30,POINT (-87.6487902038 41.8891411118),,,,,2024-06-05,False,7,Near North Side
10960,30,NO CONTROLS,NO CONTROLS,CLEAR,DAYLIGHT,PEDALCYCLIST,DIVIDED - W/MEDIAN (NOT RAISED),STRAIGHT AND LEVEL,DRY,NO DEFECTS,,UNABLE TO DETERMINE,UNABLE TO DETERMINE,,"REPORTED, NOT EVIDENT",17,6,41.9008733415,-87.6272124435,2024,30,POINT (-87.6272124435 41.9008733415),,,,,2024-06-05,False,7,Near North Side
10961,30,NO CONTROLS,NO CONTROLS,CLEAR,DAYLIGHT,PEDALCYCLIST,NOT DIVIDED,STRAIGHT AND LEVEL,DRY,NO DEFECTS,,DISREGARDING ROAD MARKINGS,FAILING TO YIELD RIGHT-OF-WAY,Y,NO INDICATION OF INJURY,18,6,41.9098798194,-87.6769137979,2024,30,POINT (-87.6769137979 41.9098798194),,,,,2024-06-05,False,23,West Town
10962,30,NO CONTROLS,NO CONTROLS,CLEAR,DAYLIGHT,PEDALCYCLIST,NOT DIVIDED,STRAIGHT AND LEVEL,DRY,NO DEFECTS,,UNABLE TO DETERMINE,NOT APPLICABLE,,INCAPACITATING INJURY,18,6,41.9310210058,-87.6768640181,2024,30,POINT (-87.6768640181 41.9310210058),,,,,2024-06-05,True,6,Lincoln Park
10963,30,TRAFFIC SIGNAL,FUNCTIONING PROPERLY,CLEAR,DAYLIGHT,PEDALCYCLIST,FOUR WAY,STRAIGHT AND LEVEL,DRY,NO DEFECTS,Y,FAILING TO YIELD RIGHT-OF-WAY,FAILING TO YIELD RIGHT-OF-WAY,,"REPORTED, NOT EVIDENT",18,6,41.7360065646,-87.645341819,2024,30,POINT (-87.645341819 41.7360065646),,,,,2024-06-05,False,70,Auburn Gresham
10964,30,NO CONTROLS,NO CONTROLS,CLEAR,DAYLIGHT,PEDALCYCLIST,NOT DIVIDED,STRAIGHT AND LEVEL,DRY,NO DEFECTS,,FAILING TO YIELD RIGHT-OF-WAY,NOT APPLICABLE,,"REPORTED, NOT EVIDENT",19,6,41.9098798194,-87.6769137979,2024,30,POINT (-87.6769137979 41.9098798194),,,,,2024-06-05,False,23,West Town
10965,35,NO CONTROLS,NO CONTROLS,CLEAR,DAYLIGHT,PEDALCYCLIST,NOT DIVIDED,STRAIGHT AND LEVEL,DRY,UNKNOWN,,UNABLE TO DETERMINE,NOT APPLICABLE,,NO INDICATION OF INJURY,20,6,41.8511978333,-87.6385403033,2024,35,POINT (-87.6385403033 41.8511978333),,,,,2024-06-05,False,30,Lower West Side
10966,30,NO CONTROLS,NO CONTROLS,CLEAR,"DARKNESS, LIGHTED ROAD",PEDALCYCLIST,NOT DIVIDED,STRAIGHT AND LEVEL,DRY,NO DEFECTS,,FOLLOWING TOO CLOSELY,UNABLE TO DETERMINE,,INCAPACITATING INJURY,21,6,42.0069185797,-87.7708971919,2024,30,POINT (-87.7708971919 42.0069185797),,,,,2024-06-05,True,11,Forest Glen
10967,30,UNKNOWN,UNKNOWN,UNKNOWN,UNKNOWN,PEDALCYCLIST,ONE-WAY,STRAIGHT AND LEVEL,UNKNOWN,UNKNOWN,,UNABLE TO DETERMINE,UNABLE TO DETERMINE,,NO INDICATION OF INJURY,7,6,41.8935719004,-87.6158757894,2024,30,POINT (-87.6158757894 41.8935719004),,,,,2024-06-06,False,7,Near North Side
10968,30,TRAFFIC SIGNAL,FUNCTIONING PROPERLY,CLEAR,DAYLIGHT,PEDALCYCLIST,DIVIDED - W/MEDIAN (NOT RAISED),STRAIGHT AND LEVEL,DRY,NO DEFECTS,,FAILING TO YIELD RIGHT-OF-WAY,NOT APPLICABLE,,NONINCAPACITATING INJURY,8,6,41.8952926255,-87.7360706113,2024,30,POINT (-87.7360706113 41.8952926255),,,,,2024-06-06,False,22,Humboldt Park
10969,30,STOP SIGN/FLASHER,NO CONTROLS,CLEAR,DAYLIGHT,PEDALCYCLIST,NOT DIVIDED,STRAIGHT AND LEVEL,DRY,NO DEFECTS,,UNABLE TO DETERMINE,UNABLE TO DETERMINE,,NO INDICATION OF INJURY,8,6,41.8024498092,-87.5853552861,2024,30,POINT (-87.5853552861 41.8024498092),,,,,2024-06-06,False,38,Kenwood
10970,30,NO CONTROLS,NO CONTROLS,CLEAR,DAYLIGHT,PEDALCYCLIST,OTHER,STRAIGHT AND LEVEL,DRY,NO DEFECTS,,FAILING TO YIELD RIGHT-OF-WAY,FAILING TO YIELD RIGHT-OF-WAY,,NO INDICATION OF INJURY,10,6,41.8803075666,-87.7745167664,2024,30,POINT (-87.7745167664 41.8803075666),,,,,2024-06-06,False,24,Austin
10971,30,NO CONTROLS,NO CONTROLS,CLEAR,DAYLIGHT,PEDALCYCLIST,NOT DIVIDED,STRAIGHT AND LEVEL,DRY,NO DEFECTS,,IMPROPER LANE USAGE,IMPROPER OVERTAKING/PASSING,,NO INDICATION OF INJURY,12,6,41.8837645981,-87.6322753535,2024,30,POINT (-87.6322753535 41.8837645981),,,,,2024-06-06,False,31,Loop
10972,30,NO CONTROLS,NO CONTROLS,CLEAR,DAYLIGHT,PEDALCYCLIST,NOT DIVIDED,STRAIGHT AND LEVEL,DRY,NO DEFECTS,Y,IMPROPER OVERTAKING/PASSING,NOT APPLICABLE,,"REPORTED, NOT EVIDENT",12,6,41.799644393,-87.5898891363,2024,30,POINT (-87.5898891363 41.799644393),,,,,2024-06-06,False,40,Hyde Park
10973,30,NO CONTROLS,NO CONTROLS,CLEAR,DAYLIGHT,PEDALCYCLIST,NOT DIVIDED,STRAIGHT AND LEVEL,DRY,NO DEFECTS,,UNABLE TO DETERMINE,NOT APPLICABLE,,"REPORTED, NOT EVIDENT",12,6,41.8505848356,-87.6397857158,2024,30,POINT (-87.6397857158 41.8505848356),,,,,2024-06-06,False,30,Lower West Side
10974,30,OTHER,OTHER,CLEAR,DAYLIGHT,PEDALCYCLIST,NOT DIVIDED,STRAIGHT AND LEVEL,DRY,NO DEFECTS,,FAILING TO YIELD RIGHT-OF-WAY,NOT APPLICABLE,Y,NONINCAPACITATING INJURY,12,6,41.9200821908,-87.6487247147,2024,30,POINT (-87.6487247147 41.9200821908),,,,,2024-06-06,False,6,Lincoln Park
10975,30,OTHER,OTHER,CLEAR,DAYLIGHT,PEDALCYCLIST,NOT DIVIDED,STRAIGHT AND LEVEL,DRY,UNKNOWN,,UNABLE TO DETERMINE,NOT APPLICABLE,Y,NONINCAPACITATING INJURY,14,6,41.9560695643,-87.7228356871,2024,30,POINT (-87.7228356871 41.9560695643),,,,,2024-06-06,False,15,Irving Park
10976,30,TRAFFIC SIGNAL,FUNCTIONING PROPERLY,CLEAR,DAYLIGHT,PEDALCYCLIST,DIVIDED - W/MEDIAN (NOT RAISED),STRAIGHT AND LEVEL,DRY,NO DEFECTS,,FAILING TO YIELD RIGHT-OF-WAY,NOT APPLICABLE,,NONINCAPACITATING INJURY,14,6,41.9175195384,-87.6973485388,2024,30,POINT (-87.6973485388 41.9175195384),,,,,2024-06-06,False,21,Logan Square
10977,25,NO CONTROLS,NO CONTROLS,CLEAR,DAYLIGHT,PEDALCYCLIST,NOT DIVIDED,STRAIGHT AND LEVEL,DRY,NO DEFECTS,,FAILING TO YIELD RIGHT-OF-WAY,NOT APPLICABLE,Y,NONINCAPACITATING INJURY,17,6,41.9612775024,-87.7099575143,2024,25,POINT (-87.7099575143 41.9612775024),,,,,2024-06-06,False,13,Albany Park
10978,30,TRAFFIC SIGNAL,UNKNOWN,CLEAR,DAYLIGHT,PEDALCYCLIST,FOUR WAY,STRAIGHT AND LEVEL,DRY,UNKNOWN,Y,DISREGARDING TRAFFIC SIGNALS,FAILING TO REDUCE SPEED TO AVOID CRASH,,NONINCAPACITATING INJURY,20,6,41.7070107353,-87.6426904656,2024,30,POINT (-87.6426904656 41.7070107353),,,,,2024-06-06,False,48,Roseland
10979,30,OTHER,UNKNOWN,CLEAR,"DARKNESS, LIGHTED ROAD",PEDALCYCLIST,FOUR WAY,STRAIGHT AND LEVEL,DRY,UNKNOWN,Y,UNABLE TO DETERMINE,UNABLE TO DETERMINE,,NONINCAPACITATING INJURY,21,6,41.8576870143,-87.6387896262,2024,30,POINT (-87.6387896262 41.8576870143),,,,,2024-06-06,False,27,Near West Side
10980,30,STOP SIGN/FLASHER,FUNCTIONING PROPERLY,CLEAR,DAWN,PEDALCYCLIST,FOUR WAY,STRAIGHT AND LEVEL,DRY,NO DEFECTS,Y,UNABLE TO DETERMINE,NOT APPLICABLE,,NONINCAPACITATING INJURY,5,6,41.8040998398,-87.7248445863,2024,30,POINT (-87.7248445863 41.8040998398),,,,,2024-06-07,False,56,Archer Heights
10981,30,TRAFFIC SIGNAL,FUNCTIONING PROPERLY,CLEAR,DAYLIGHT,PEDALCYCLIST,NOT DIVIDED,STRAIGHT AND LEVEL,DRY,NO DEFECTS,,DRIVING SKILLS/KNOWLEDGE/EXPERIENCE,DISREGARDING ROAD MARKINGS,Y,NONINCAPACITATING INJURY,7,6,41.9686031842,-87.7037439548,2024,30,POINT (-87.7037439548 41.9686031842),,,,,2024-06-07,False,3,Lincoln Square
10982,30,NO CONTROLS,NO CONTROLS,CLEAR,DAYLIGHT,PEDALCYCLIST,ONE-WAY,STRAIGHT AND LEVEL,DRY,UNKNOWN,,IMPROPER OVERTAKING/PASSING,FAILING TO YIELD RIGHT-OF-WAY,,INCAPACITATING INJURY,9,6,41.9952937985,-87.7033494045,2024,30,POINT (-87.7033494045 41.9952937985),,,,,2024-06-07,True,1,West Ridge
10983,30,STOP SIGN/FLASHER,FUNCTIONING PROPERLY,CLEAR,DAYLIGHT,PEDALCYCLIST,FOUR WAY,STRAIGHT AND LEVEL,DRY,NO DEFECTS,Y,DISREGARDING STOP SIGN,UNABLE TO DETERMINE,,NONINCAPACITATING INJURY,11,6,41.7752350114,-87.7154408805,2024,30,POINT (-87.7154408805 41.7752350114),,,,,2024-06-07,False,64,West Lawn
10984,30,TRAFFIC SIGNAL,FUNCTIONING PROPERLY,CLEAR,DAYLIGHT,PEDALCYCLIST,NOT DIVIDED,STRAIGHT AND LEVEL,DRY,NO DEFECTS,,UNABLE TO DETERMINE,NOT APPLICABLE,,NO INDICATION OF INJURY,15,6,41.8670011433,-87.6511897831,2024,30,POINT (-87.6511897831 41.8670011433),,,,,2024-06-07,False,27,Near West Side
10985,30,TRAFFIC SIGNAL,FUNCTIONING PROPERLY,CLEAR,DAYLIGHT,PEDALCYCLIST,ONE-WAY,STRAIGHT AND LEVEL,DRY,NO DEFECTS,,UNABLE TO DETERMINE,UNABLE TO DETERMINE,,NONINCAPACITATING INJURY,16,6,41.8917959811,-87.6266474462,2024,30,POINT (-87.6266474462 41.8917959811),,,,,2024-06-07,False,7,Near North Side
10986,30,TRAFFIC SIGNAL,FUNCTIONING PROPERLY,CLEAR,"DARKNESS, LIGHTED ROAD",PEDALCYCLIST,FOUR WAY,STRAIGHT AND LEVEL,DRY,NO DEFECTS,Y,UNABLE TO DETERMINE,UNABLE TO DETERMINE,,NONINCAPACITATING INJURY,20,6,41.9516782208,-87.8365122416,2024,30,POINT (-87.8365122416 41.9516782208),,,,,2024-06-07,False,16,Dunning
10987,25,NO CONTROLS,NO CONTROLS,CLEAR,"DARKNESS, LIGHTED ROAD",PEDALCYCLIST,DIVIDED - W/MEDIAN (NOT RAISED),STRAIGHT AND LEVEL,DRY,NO DEFECTS,Y,FAILING TO YIELD RIGHT-OF-WAY,FAILING TO REDUCE SPEED TO AVOID CRASH,,NONINCAPACITATING INJURY,23,6,41.928398449,-87.6423131377,2024,25,POINT (-87.6423131377 41.928398449),,,,,2024-06-07,False,6,Lincoln Park
10988,30,TRAFFIC SIGNAL,FUNCTIONING PROPERLY,CLEAR,"DARKNESS, LIGHTED ROAD",PEDALCYCLIST,NOT DIVIDED,STRAIGHT AND LEVEL,DRY,NO DEFECTS,Y,FAILING TO YIELD RIGHT-OF-WAY,DRIVING SKILLS/KNOWLEDGE/EXPERIENCE,,NONINCAPACITATING INJURY,23,6,41.9022410464,-87.7460979609,2024,30,POINT (-87.7460979609 41.9022410464),,,,,2024-06-07,False,24,Austin
10989,30,STOP SIGN/FLASHER,OTHER,CLEAR,DAYLIGHT,PEDALCYCLIST,FOUR WAY,STRAIGHT AND LEVEL,DRY,NO DEFECTS,,FAILING TO YIELD RIGHT-OF-WAY,NOT APPLICABLE,,NONINCAPACITATING INJURY,14,6,41.890077898,-87.6477560898,2024,30,POINT (-87.6477560898 41.890077898),,,,,2024-06-08,False,7,Near North Side
10990,30,TRAFFIC SIGNAL,UNKNOWN,UNKNOWN,DAYLIGHT,PEDALCYCLIST,NOT DIVIDED,STRAIGHT AND LEVEL,UNKNOWN,UNKNOWN,Y,FAILING TO YIELD RIGHT-OF-WAY,NOT APPLICABLE,,NO INDICATION OF INJURY,15,6,41.8857608381,-87.6476240152,2024,30,POINT (-87.6476240152 41.8857608381),,,,,2024-06-08,False,27,Near West Side
10991,25,NO CONTROLS,NO CONTROLS,RAIN,DAYLIGHT,PEDALCYCLIST,NOT DIVIDED,STRAIGHT AND LEVEL,WET,NO DEFECTS,,UNABLE TO DETERMINE,UNABLE TO DETERMINE,,NONINCAPACITATING INJURY,16,6,41.8855557276,-87.6474169974,2024,25,POINT (-87.6474169974 41.8855557276),,,,,2024-06-08,False,27,Near West Side
10992,30,NO CONTROLS,NO CONTROLS,RAIN,DAYLIGHT,PEDALCYCLIST,NOT DIVIDED,STRAIGHT AND LEVEL,WET,NO DEFECTS,,UNABLE TO DETERMINE,UNABLE TO DETERMINE,,NONINCAPACITATING INJURY,16,6,41.8945651094,-87.6269453642,2024,30,POINT (-87.6269453642 41.8945651094),,,,,2024-06-08,False,7,Near North Side
10993,30,STOP SIGN/FLASHER,FUNCTIONING PROPERLY,RAIN,DAYLIGHT,PEDALCYCLIST,T-INTERSECTION,STRAIGHT AND LEVEL,WET,NO DEFECTS,,FAILING TO YIELD RIGHT-OF-WAY,FAILING TO YIELD RIGHT-OF-WAY,,NONINCAPACITATING INJURY,17,6,41.9097784391,-87.7275950455,2024,30,POINT (-87.7275950455 41.9097784391),,,,,2024-06-08,False,22,Humboldt Park
10994,30,NO CONTROLS,NO CONTROLS,CLEAR,DAYLIGHT,PEDALCYCLIST,DIVIDED - W/MEDIAN (NOT RAISED),STRAIGHT AND LEVEL,DRY,NO DEFECTS,,DRIVING SKILLS/KNOWLEDGE/EXPERIENCE,NOT APPLICABLE,,"REPORTED, NOT EVIDENT",4,6,41.8677514672,-87.6259795303,2024,30,POINT (-87.6259795303 41.8677514672),,,,,2024-06-09,False,31,Loop
10995,30,OTHER,NO CONTROLS,CLEAR,DAYLIGHT,PEDALCYCLIST,DIVIDED - W/MEDIAN (NOT RAISED),STRAIGHT AND LEVEL,DRY,NO DEFECTS,,IMPROPER LANE USAGE,IMPROPER LANE USAGE,,"REPORTED, NOT EVIDENT",9,6,41.9400043548,-87.698994672,2024,30,POINT (-87.698994672 41.9400043548),,,,,2024-06-09,False,15,Irving Park
10996,15,NO CONTROLS,NO CONTROLS,CLEAR,DAYLIGHT,PEDALCYCLIST,NOT DIVIDED,STRAIGHT AND LEVEL,UNKNOWN,UNKNOWN,,IMPROPER OVERTAKING/PASSING,NOT APPLICABLE,,NO INDICATION OF INJURY,12,6,41.9687397421,-87.6449847102,2024,15,POINT (-87.6449847102 41.9687397421),,,,,2024-06-09,False,2,Uptown
10997,30,TRAFFIC SIGNAL,FUNCTIONING PROPERLY,CLEAR,DAYLIGHT,PEDALCYCLIST,FOUR WAY,STRAIGHT AND LEVEL,DRY,UNKNOWN,Y,FAILING TO YIELD RIGHT-OF-WAY,NOT APPLICABLE,,INCAPACITATING INJURY,12,6,41.9507829096,-87.7275626133,2024,30,POINT (-87.7275626133 41.9507829096),,,,,2024-06-09,True,15,Irving Park
10998,30,TRAFFIC SIGNAL,FUNCTIONING PROPERLY,CLEAR,DAYLIGHT,PEDALCYCLIST,ONE-WAY,STRAIGHT AND LEVEL,UNKNOWN,UNKNOWN,Y,UNABLE TO DETERMINE,UNABLE TO DETERMINE,,NONINCAPACITATING INJURY,13,6,41.8916012848,-87.6297967052,2024,30,POINT (-87.6297967052 41.8916012848),,,,,2024-06-09,False,7,Near North Side
10999,30,NO CONTROLS,NO CONTROLS,CLEAR,DAYLIGHT,PEDALCYCLIST,DIVIDED - W/MEDIAN (NOT RAISED),STRAIGHT AND LEVEL,DRY,NO DEFECTS,,FAILING TO YIELD RIGHT-OF-WAY,FAILING TO YIELD RIGHT-OF-WAY,,NONINCAPACITATING INJURY,13,6,41.9431683638,-87.671262961,2024,30,POINT (-87.671262961 41.9431683638),,,,,2024-06-09,False,5,Lake View
11000,35,TRAFFIC SIGNAL,FUNCTIONING PROPERLY,CLEAR,DAYLIGHT,PEDALCYCLIST,NOT DIVIDED,STRAIGHT AND LEVEL,DRY,NO DEFECTS,,UNABLE TO DETERMINE,UNABLE TO DETERMINE,,NONINCAPACITATING INJURY,13,6,41.9039701266,-87.6339917767,2024,35,POINT (-87.6339917767 41.9039701266),,,,,2024-06-09,False,7,Near North Side
11001,30,STOP SIGN/FLASHER,FUNCTIONING PROPERLY,CLEAR,DAYLIGHT,PEDALCYCLIST,NOT DIVIDED,STRAIGHT AND LEVEL,DRY,UNKNOWN,,IMPROPER OVERTAKING/PASSING,NOT APPLICABLE,,NONINCAPACITATING INJURY,14,6,41.9764681171,-87.6562719005,2024,30,POINT (-87.6562719005 41.9764681171),,,,,2024-06-09,False,2,Uptown
11002,3,NO CONTROLS,NO CONTROLS,CLEAR,DAYLIGHT,PEDALCYCLIST,DIVIDED - W/MEDIAN (NOT RAISED),STRAIGHT AND LEVEL,DRY,NO DEFECTS,,UNABLE TO DETERMINE,NOT APPLICABLE,Y,NONINCAPACITATING INJURY,15,6,41.8960499829,-87.6752667136,2024,3,POINT (-87.6752667136 41.8960499829),,,,,2024-06-09,False,23,West Town
11003,25,TRAFFIC SIGNAL,FUNCTIONING PROPERLY,CLEAR,DAYLIGHT,PEDALCYCLIST,NOT DIVIDED,STRAIGHT AND LEVEL,DRY,NO DEFECTS,Y,UNABLE TO DETERMINE,UNABLE TO DETERMINE,,NO INDICATION OF INJURY,16,6,41.994203449,-87.6897059799,2024,25,POINT (-87.6897059799 41.994203449),,,,,2024-06-09,False,1,West Ridge
11004,30,NO CONTROLS,NO CONTROLS,CLEAR,DAYLIGHT,PEDALCYCLIST,NOT DIVIDED,STRAIGHT AND LEVEL,DRY,NO DEFECTS,,UNABLE TO DETERMINE,UNABLE TO DETERMINE,,NONINCAPACITATING INJURY,17,6,41.9065432487,-87.6716926295,2024,30,POINT (-87.6716926295 41.9065432487),,,,,2024-06-09,False,23,West Town
11005,30,STOP SIGN/FLASHER,UNKNOWN,CLEAR,DAWN,PEDALCYCLIST,FOUR WAY,STRAIGHT AND LEVEL,DRY,UNKNOWN,Y,UNABLE TO DETERMINE,NOT APPLICABLE,,NONINCAPACITATING INJURY,19,6,41.7423299002,-87.5859156433,2024,30,POINT (-87.5859156433 41.7423299002),,,,,2024-06-09,False,44,Avalon Park
11006,30,TRAFFIC SIGNAL,FUNCTIONING PROPERLY,CLEAR,"DARKNESS, LIGHTED ROAD",PEDALCYCLIST,NOT DIVIDED,STRAIGHT AND LEVEL,DRY,UNKNOWN,,DRIVING SKILLS/KNOWLEDGE/EXPERIENCE,UNABLE TO DETERMINE,,NONINCAPACITATING INJURY,20,6,41.8844067229,-87.7060739596,2024,30,POINT (-87.7060739596 41.8844067229),,,,,2024-06-09,False,26,Garfield Park
11007,30,TRAFFIC SIGNAL,FUNCTIONING PROPERLY,CLEAR,"DARKNESS, LIGHTED ROAD",PEDALCYCLIST,NOT DIVIDED,STRAIGHT AND LEVEL,DRY,NO DEFECTS,Y,FAILING TO YIELD RIGHT-OF-WAY,FAILING TO YIELD RIGHT-OF-WAY,,NONINCAPACITATING INJURY,21,6,41.8983862666,-87.7655829193,2024,30,POINT (-87.7655829193 41.8983862666),,,,,2024-06-09,False,24,Austin
11008,0,STOP SIGN/FLASHER,NO CONTROLS,CLEAR,"DARKNESS, LIGHTED ROAD",PEDALCYCLIST,ONE-WAY,STRAIGHT AND LEVEL,DRY,UNKNOWN,,"OPERATING VEHICLE IN ERRATIC, RECKLESS, CARELESS, NEGLIGENT OR AGGRESSIVE MANNER",UNABLE TO DETERMINE,,"REPORTED, NOT EVIDENT",21,6,41.9062371003,-87.719174352,2024,0,POINT (-87.719174352 41.9062371003),,,,,2024-06-09,False,22,Humboldt Park
11009,30,NO CONTROLS,NO CONTROLS,CLEAR,DAYLIGHT,PEDALCYCLIST,NOT DIVIDED,STRAIGHT AND LEVEL,DRY,NO DEFECTS,,UNABLE TO DETERMINE,UNABLE TO DETERMINE,,NONINCAPACITATING INJURY,13,6,41.771888132,-87.696260262,2024,30,POINT (-87.696260262 41.771888132),,,,,2024-06-10,False,65,Chicago Lawn
11010,30,UNKNOWN,UNKNOWN,UNKNOWN,DAYLIGHT,PEDALCYCLIST,FOUR WAY,STRAIGHT AND LEVEL,UNKNOWN,NO DEFECTS,Y,FAILING TO YIELD RIGHT-OF-WAY,NOT APPLICABLE,,NO INDICATION OF INJURY,14,6,42.009218271,-87.6622514785,2024,30,POINT (-87.6622514785 42.009218271),,,,,2024-06-10,False,0,Rogers Park