Unnamed: 0,POSTED_SPEED_LIMIT,TRAFFIC_CONTROL_DEVICE,DEVICE_CONDITION,WEATHER_CONDITION,LIGHTING_CONDITION,FIRST_CRASH_TYPE,TRAFFICWAY_TYPE,ALIGNMENT,ROADWAY_SURFACE_COND,ROAD_DEFECT,INTERSECTION_RELATED_I,PRIM_CONTRIBUTORY_CAUSE,SEC_CONTRIBUTORY_CAUSE,DOORING_I,MOST_SEVERE_INJURY,CRASH_HOUR,CRASH_MONTH,LATITUDE,LONGITUDE,CRASH_YEAR,SPEED_LIMIT,geometry,DISPLAYROU,the_geom,DIST,LANE_TYPE,CRASH_DATE,is_severe,index_right,CArea
11011,25,NO CONTROLS,NO CONTROLS,CLEAR,DAYLIGHT,PEDALCYCLIST,NOT DIVIDED,STRAIGHT AND LEVEL,DRY,NO DEFECTS,,IMPROPER LANE USAGE,NOT APPLICABLE,N,NONINCAPACITATING INJURY,15,6,41.857701805,-87.6271520942,2024,25,POINT (-87.6271520942 41.857701805),,,,,2024-06-10,False,32,Near South Side
11012,20,NO CONTROLS,NO CONTROLS,CLEAR,DUSK,PEDALCYCLIST,ALLEY,STRAIGHT AND LEVEL,DRY,NO DEFECTS,Y,FAILING TO YIELD RIGHT-OF-WAY,FAILING TO REDUCE SPEED TO AVOID CRASH,,NONINCAPACITATING INJURY,20,6,41.6535711881,-87.5397370871,2024,20,POINT (-87.5397370871 41.6535711881),,,,,2024-06-10,False,54,Hegewisch
11013,30,TRAFFIC SIGNAL,FUNCTIONING PROPERLY,CLEAR,DAYLIGHT,PEDALCYCLIST,NOT DIVIDED,STRAIGHT AND LEVEL,DRY,NO DEFECTS,,FAILING TO REDUCE SPEED TO AVOID CRASH,FAILING TO REDUCE SPEED TO AVOID CRASH,,INCAPACITATING INJURY,5,6,41.9416041786,-87.6704903389,2024,30,POINT (-87.6704903389 41.9416041786),,,,,2024-06-11,True,5,Lake View
11014,30,NO CONTROLS,NO CONTROLS,CLEAR,DAYLIGHT,PEDALCYCLIST,NOT DIVIDED,STRAIGHT AND LEVEL,DRY,NO DEFECTS,,UNABLE TO DETERMINE,NOT APPLICABLE,,"REPORTED, NOT EVIDENT",6,6,41.9605654749,-87.7515174206,2024,30,POINT (-87.7515174206 41.9605654749),,,,,2024-06-11,False,14,Portage Park
11015,30,STOP SIGN/FLASHER,OTHER,CLEAR,DAYLIGHT,PEDALCYCLIST,FOUR WAY,STRAIGHT AND LEVEL,DRY,NO DEFECTS,Y,"VISION OBSCURED (SIGNS, TREE LIMBS, BUILDINGS, ETC.)",DISREGARDING OTHER TRAFFIC SIGNS,,NONINCAPACITATING INJURY,7,6,41.907633467,-87.7510580925,2024,30,POINT (-87.7510580925 41.907633467),,,,,2024-06-11,False,24,Austin
11016,30,TRAFFIC SIGNAL,FUNCTIONING PROPERLY,CLEAR,DAYLIGHT,PEDALCYCLIST,FOUR WAY,STRAIGHT AND LEVEL,DRY,NO DEFECTS,Y,DISTRACTION - FROM INSIDE VEHICLE,NOT APPLICABLE,,NONINCAPACITATING INJURY,10,6,41.8845826561,-87.6325080097,2024,30,POINT (-87.6325080097 41.8845826561),,,,,2024-06-11,False,31,Loop
11017,30,NO CONTROLS,NO CONTROLS,CLEAR,DAYLIGHT,PEDALCYCLIST,NOT DIVIDED,STRAIGHT AND LEVEL,DRY,NO DEFECTS,,UNABLE TO DETERMINE,NOT APPLICABLE,,"REPORTED, NOT EVIDENT",14,6,41.8775885297,-87.6288807304,2024,30,POINT (-87.6288807304 41.8775885297),,,,,2024-06-11,False,31,Loop
11018,30,TRAFFIC SIGNAL,FUNCTIONING PROPERLY,CLEAR,DAYLIGHT,PEDALCYCLIST,FOUR WAY,STRAIGHT AND LEVEL,DRY,NO DEFECTS,Y,UNABLE TO DETERMINE,UNABLE TO DETERMINE,,NONINCAPACITATING INJURY,14,6,41.8819694028,-87.6260645537,2024,30,POINT (-87.6260645537 41.8819694028),,,,,2024-06-11,False,31,Loop
11019,30,NO CONTROLS,FUNCTIONING PROPERLY,CLEAR,DAYLIGHT,PEDALCYCLIST,RAMP,STRAIGHT ON HILLCREST,DRY,NO DEFECTS,,IMPROPER LANE USAGE,NOT APPLICABLE,,NONINCAPACITATING INJURY,15,6,41.8759748401,-87.6352983478,2024,30,POINT (-87.6352983478 41.8759748401),,,,,2024-06-11,False,27,Near West Side
11020,30,OTHER,FUNCTIONING PROPERLY,CLEAR,DAYLIGHT,PEDALCYCLIST,ONE-WAY,STRAIGHT AND LEVEL,DRY,NO DEFECTS,Y,DRIVING ON WRONG SIDE/WRONG WAY,"VISION OBSCURED (SIGNS, TREE LIMBS, BUILDINGS, ETC.)",,NONINCAPACITATING INJURY,15,6,41.7831734836,-87.7178558431,2024,30,POINT (-87.7178558431 41.7831734836),,,,,2024-06-11,False,64,West Lawn
11021,30,TRAFFIC SIGNAL,FUNCTIONING PROPERLY,CLEAR,DAYLIGHT,PEDALCYCLIST,FOUR WAY,STRAIGHT AND LEVEL,DRY,NO DEFECTS,Y,UNABLE TO DETERMINE,NOT APPLICABLE,,NONINCAPACITATING INJURY,17,6,41.9399823889,-87.6566003102,2024,30,POINT (-87.6566003102 41.9399823889),,,,,2024-06-11,False,5,Lake View
11022,30,NO CONTROLS,NO CONTROLS,CLEAR,DAYLIGHT,PEDALCYCLIST,DIVIDED - W/MEDIAN (NOT RAISED),STRAIGHT AND LEVEL,DRY,NO DEFECTS,,UNABLE TO DETERMINE,UNABLE TO DETERMINE,,NO INDICATION OF INJURY,18,6,41.9389514548,-87.7457623083,2024,30,POINT (-87.7457623083 41.9389514548),,,,,2024-06-11,False,14,Portage Park
11023,30,TRAFFIC SIGNAL,FUNCTIONING PROPERLY,CLEAR,DAYLIGHT,PEDALCYCLIST,NOT DIVIDED,STRAIGHT AND LEVEL,DRY,UNKNOWN,,FAILING TO YIELD RIGHT-OF-WAY,IMPROPER TURNING/NO SIGNAL,N,NO INDICATION OF INJURY,18,6,41.8900821736,-87.6294615288,2024,30,POINT (-87.6294615288 41.8900821736),,,,,2024-06-11,False,7,Near North Side
11024,25,NO CONTROLS,NO CONTROLS,CLEAR,DAYLIGHT,PEDALCYCLIST,NOT DIVIDED,STRAIGHT AND LEVEL,DRY,NO DEFECTS,,FAILING TO YIELD RIGHT-OF-WAY,NOT APPLICABLE,,"REPORTED, NOT EVIDENT",18,6,41.9452574874,-87.7079335281,2024,25,POINT (-87.7079335281 41.9452574874),,,,,2024-06-11,False,15,Irving Park
11025,30,STOP SIGN/FLASHER,FUNCTIONING PROPERLY,RAIN,DAYLIGHT,PEDALCYCLIST,NOT DIVIDED,STRAIGHT AND LEVEL,WET,NO DEFECTS,,UNABLE TO DETERMINE,UNABLE TO DETERMINE,Y,NONINCAPACITATING INJURY,18,6,41.8864735685,-87.648520547,2024,30,POINT (-87.648520547 41.8864735685),,,,,2024-06-11,False,7,Near North Side
11026,30,TRAFFIC SIGNAL,FUNCTIONING PROPERLY,CLOUDY/OVERCAST,DAYLIGHT,PEDALCYCLIST,T-INTERSECTION,STRAIGHT AND LEVEL,DRY,NO DEFECTS,Y,IMPROPER LANE USAGE,DISREGARDING TRAFFIC SIGNALS,,"REPORTED, NOT EVIDENT",18,6,41.9868999657,-87.6896992668,2024,30,POINT (-87.6896992668 41.9868999657),,,,,2024-06-11,False,1,West Ridge
11027,30,UNKNOWN,UNKNOWN,UNKNOWN,UNKNOWN,PEDALCYCLIST,UNKNOWN,STRAIGHT AND LEVEL,UNKNOWN,UNKNOWN,,UNABLE TO DETERMINE,UNABLE TO DETERMINE,,NO INDICATION OF INJURY,19,6,42.0089665236,-87.6811479483,2024,30,POINT (-87.6811479483 42.0089665236),,,,,2024-06-11,False,0,Rogers Park
11028,30,NO CONTROLS,NO CONTROLS,CLEAR,DUSK,PEDALCYCLIST,DIVIDED - W/MEDIAN (NOT RAISED),STRAIGHT AND LEVEL,DRY,UNKNOWN,Y,IMPROPER OVERTAKING/PASSING,NOT APPLICABLE,,"REPORTED, NOT EVIDENT",20,6,41.9703041473,-87.6595582366,2024,30,POINT (-87.6595582366 41.9703041473),,,,,2024-06-11,False,2,Uptown
11029,30,TRAFFIC SIGNAL,FUNCTIONING PROPERLY,CLEAR,"DARKNESS, LIGHTED ROAD",PEDALCYCLIST,NOT DIVIDED,STRAIGHT AND LEVEL,DRY,NO DEFECTS,,DISREGARDING TRAFFIC SIGNALS,IMPROPER OVERTAKING/PASSING,,NO INDICATION OF INJURY,20,6,41.8675023817,-87.6242752602,2024,30,POINT (-87.6242752602 41.8675023817),,,,,2024-06-11,False,31,Loop
11030,30,TRAFFIC SIGNAL,FUNCTIONING PROPERLY,CLEAR,DAWN,PEDALCYCLIST,FOUR WAY,STRAIGHT AND LEVEL,DRY,NO DEFECTS,,UNABLE TO DETERMINE,NOT APPLICABLE,,NO INDICATION OF INJURY,5,6,41.9355370005,-87.692979209,2024,30,POINT (-87.692979209 41.9355370005),,,,,2024-06-12,False,4,North Center
11031,20,STOP SIGN/FLASHER,FUNCTIONING PROPERLY,CLEAR,DAYLIGHT,PEDALCYCLIST,FOUR WAY,STRAIGHT AND LEVEL,DRY,NO DEFECTS,Y,FAILING TO REDUCE SPEED TO AVOID CRASH,IMPROPER TURNING/NO SIGNAL,,INCAPACITATING INJURY,7,6,41.8615725733,-87.6563810961,2024,20,POINT (-87.6563810961 41.8615725733),,,,,2024-06-12,True,27,Near West Side
11032,25,TRAFFIC SIGNAL,FUNCTIONING PROPERLY,CLEAR,DAYLIGHT,PEDALCYCLIST,FOUR WAY,STRAIGHT AND LEVEL,DRY,NO DEFECTS,Y,FAILING TO YIELD RIGHT-OF-WAY,DISREGARDING TRAFFIC SIGNALS,,NONINCAPACITATING INJURY,8,6,41.88205499,-87.6338999012,2024,25,POINT (-87.6338999012 41.88205499),,,,,2024-06-12,False,31,Loop
11033,25,NO CONTROLS,NO CONTROLS,CLEAR,DAYLIGHT,PEDALCYCLIST,NOT DIVIDED,STRAIGHT AND LEVEL,DRY,NO DEFECTS,,UNABLE TO DETERMINE,NOT APPLICABLE,Y,NO INDICATION OF INJURY,11,6,41.9238138389,-87.6537026804,2024,25,POINT (-87.6537026804 41.9238138389),,,,,2024-06-12,False,6,Lincoln Park
11034,30,NO CONTROLS,NO CONTROLS,CLEAR,DAYLIGHT,PEDALCYCLIST,NOT DIVIDED,STRAIGHT AND LEVEL,DRY,UNKNOWN,,IMPROPER TURNING/NO SIGNAL,FAILING TO YIELD RIGHT-OF-WAY,,INCAPACITATING INJURY,11,6,41.8850894558,-87.6384055942,2024,30,POINT (-87.6384055942 41.8850894558),,,,,2024-06-12,True,27,Near West Side
11035,30,TRAFFIC SIGNAL,UNKNOWN,CLEAR,DAYLIGHT,PEDALCYCLIST,FOUR WAY,STRAIGHT AND LEVEL,DRY,UNKNOWN,,DISREGARDING TRAFFIC SIGNALS,FAILING TO YIELD RIGHT-OF-WAY,,NONINCAPACITATING INJURY,11,6,41.8831315857,-87.6544604516,2024,30,POINT (-87.6544604516 41.8831315857),,,,,2024-06-12,False,27,Near West Side
11036,35,TRAFFIC SIGNAL,FUNCTIONING PROPERLY,CLEAR,DAYLIGHT,PEDALCYCLIST,FOUR WAY,STRAIGHT AND LEVEL,DRY,NO DEFECTS,,UNABLE TO DETERMINE,NOT APPLICABLE,,"REPORTED, NOT EVIDENT",12,6,41.8893601445,-87.6241383295,2024,35,POINT (-87.6241383295 41.8893601445),,,,,2024-06-12,False,7,Near North Side
11037,30,STOP SIGN/FLASHER,NO CONTROLS,CLEAR,DAYLIGHT,PEDALCYCLIST,NOT DIVIDED,STRAIGHT AND LEVEL,DRY,NO DEFECTS,,UNABLE TO DETERMINE,UNABLE TO DETERMINE,,NONINCAPACITATING INJURY,12,6,41.9313404295,-87.7489051219,2024,30,POINT (-87.7489051219 41.9313404295),,,,,2024-06-12,False,18,Belmont Cragin
11038,30,NO CONTROLS,NO CONTROLS,CLEAR,DAYLIGHT,PEDALCYCLIST,NOT DIVIDED,STRAIGHT AND LEVEL,DRY,UNKNOWN,,FAILING TO YIELD RIGHT-OF-WAY,NOT APPLICABLE,Y,NO INDICATION OF INJURY,16,6,41.8068346533,-87.6063608291,2024,30,POINT (-87.6063608291 41.8068346533),,,,,2024-06-12,False,38,Kenwood
11039,30,NO CONTROLS,NO CONTROLS,CLEAR,DAYLIGHT,PEDALCYCLIST,DIVIDED - W/MEDIAN (NOT RAISED),STRAIGHT AND LEVEL,DRY,NO DEFECTS,,UNABLE TO DETERMINE,UNABLE TO DETERMINE,,NONINCAPACITATING INJURY,16,6,41.8239832515,-87.6168538908,2024,30,POINT (-87.6168538908 41.8239832515),,,,,2024-06-12,False,34,Douglas
11040,30,STOP SIGN/FLASHER,FUNCTIONING PROPERLY,CLEAR,DAYLIGHT,PEDALCYCLIST,NOT DIVIDED,STRAIGHT AND LEVEL,DRY,NO DEFECTS,,FAILING TO YIELD RIGHT-OF-WAY,DRIVING SKILLS/KNOWLEDGE/EXPERIENCE,,NONINCAPACITATING INJURY,17,6,41.7035167553,-87.6174686422,2024,30,POINT (-87.6174686422 41.7035167553),,,,,2024-06-12,False,48,Roseland
11041,30,TRAFFIC SIGNAL,FUNCTIONING PROPERLY,CLEAR,DAYLIGHT,PEDALCYCLIST,FOUR WAY,STRAIGHT AND LEVEL,DRY,NO DEFECTS,,UNABLE TO DETERMINE,NOT APPLICABLE,,NO INDICATION OF INJURY,17,6,41.976222293,-87.6597169478,2024,30,POINT (-87.6597169478 41.976222293),,,,,2024-06-12,False,2,Uptown
11042,30,STOP SIGN/FLASHER,FUNCTIONING PROPERLY,CLEAR,DAYLIGHT,PEDALCYCLIST,FOUR WAY,STRAIGHT AND LEVEL,DRY,NO DEFECTS,Y,UNABLE TO DETERMINE,UNABLE TO DETERMINE,,NO INDICATION OF INJURY,17,6,41.8616297134,-87.6563826697,2024,30,POINT (-87.6563826697 41.8616297134),,,,,2024-06-12,False,27,Near West Side
11043,30,NO CONTROLS,NO CONTROLS,CLEAR,DAYLIGHT,PEDALCYCLIST,NOT DIVIDED,STRAIGHT AND LEVEL,DRY,NO DEFECTS,,UNABLE TO DETERMINE,UNABLE TO DETERMINE,,NO INDICATION OF INJURY,19,6,41.8901930662,-87.6478422542,2024,30,POINT (-87.6478422542 41.8901930662),,,,,2024-06-12,False,7,Near North Side
11044,15,NO CONTROLS,NO CONTROLS,CLEAR,"DARKNESS, LIGHTED ROAD",PEDALCYCLIST,ALLEY,STRAIGHT AND LEVEL,DRY,UNKNOWN,,UNABLE TO DETERMINE,UNABLE TO DETERMINE,,NONINCAPACITATING INJURY,20,6,41.9973593956,-87.6897236703,2024,15,POINT (-87.6897236703 41.9973593956),,,,,2024-06-12,False,1,West Ridge
11045,30,STOP SIGN/FLASHER,FUNCTIONING PROPERLY,CLEAR,"DARKNESS, LIGHTED ROAD",PEDALCYCLIST,T-INTERSECTION,STRAIGHT AND LEVEL,DRY,NO DEFECTS,Y,FAILING TO YIELD RIGHT-OF-WAY,NOT APPLICABLE,,NONINCAPACITATING INJURY,21,6,41.8846463654,-87.6172484962,2024,30,POINT (-87.6172484962 41.8846463654),,,,,2024-06-12,False,31,Loop
11046,30,NO CONTROLS,NO CONTROLS,CLEAR,DAYLIGHT,PEDALCYCLIST,NOT DIVIDED,STRAIGHT AND LEVEL,DRY,NO DEFECTS,,UNABLE TO DETERMINE,UNABLE TO DETERMINE,,NO INDICATION OF INJURY,13,6,41.8012242446,-87.6634970713,2024,30,POINT (-87.6634970713 41.8012242446),,,,,2024-06-13,False,60,New City
11047,30,NO CONTROLS,NO CONTROLS,CLEAR,DAYLIGHT,PEDALCYCLIST,PARKING LOT,STRAIGHT AND LEVEL,DRY,NO DEFECTS,,FAILING TO YIELD RIGHT-OF-WAY,NOT APPLICABLE,,NONINCAPACITATING INJURY,13,6,41.9037696064,-87.6433689399,2024,30,POINT (-87.6433689399 41.9037696064),,,,,2024-06-13,False,7,Near North Side
11048,30,NO CONTROLS,NO CONTROLS,CLEAR,DAYLIGHT,PEDALCYCLIST,PARKING LOT,STRAIGHT AND LEVEL,DRY,NO DEFECTS,,UNABLE TO DETERMINE,NOT APPLICABLE,,NONINCAPACITATING INJURY,14,6,41.961366489,-87.7279866781,2024,30,POINT (-87.7279866781 41.961366489),,,,,2024-06-13,False,13,Albany Park
11049,30,STOP SIGN/FLASHER,FUNCTIONING PROPERLY,CLEAR,DAYLIGHT,PEDALCYCLIST,NOT DIVIDED,STRAIGHT AND LEVEL,DRY,NO DEFECTS,,IMPROPER LANE USAGE,IMPROPER LANE USAGE,,"REPORTED, NOT EVIDENT",15,6,41.8536546629,-87.6992961727,2024,30,POINT (-87.6992961727 41.8536546629),,,,,2024-06-13,False,28,North Lawndale
11050,30,NO CONTROLS,NO CONTROLS,CLEAR,DAYLIGHT,PEDALCYCLIST,NOT DIVIDED,STRAIGHT AND LEVEL,DRY,NO DEFECTS,,FOLLOWING TOO CLOSELY,NOT APPLICABLE,,NONINCAPACITATING INJURY,16,6,41.9388768859,-87.735186672,2024,30,POINT (-87.735186672 41.9388768859),,,,,2024-06-13,False,19,Hermosa
11051,30,NO CONTROLS,NO CONTROLS,CLEAR,DAYLIGHT,PEDALCYCLIST,NOT DIVIDED,STRAIGHT AND LEVEL,DRY,NO DEFECTS,,FAILING TO YIELD RIGHT-OF-WAY,FAILING TO YIELD RIGHT-OF-WAY,Y,"REPORTED, NOT EVIDENT",18,6,41.885904075,-87.6520028723,2024,30,POINT (-87.6520028723 41.885904075),,,,,2024-06-13,False,27,Near West Side
11052,30,TRAFFIC SIGNAL,FUNCTIONING PROPERLY,CLEAR,DAYLIGHT,PEDALCYCLIST,FOUR WAY,STRAIGHT AND LEVEL,DRY,UNKNOWN,Y,DRIVING SKILLS/KNOWLEDGE/EXPERIENCE,UNABLE TO DETERMINE,,NONINCAPACITATING INJURY,6,6,41.8442210021,-87.7344090207,2024,30,POINT (-87.7344090207 41.8442210021),,,,,2024-06-14,False,29,South Lawndale
11053,10,NO CONTROLS,NO CONTROLS,CLEAR,DAYLIGHT,PEDALCYCLIST,PARKING LOT,STRAIGHT AND LEVEL,DRY,NO DEFECTS,,NOT APPLICABLE,NOT APPLICABLE,,NONINCAPACITATING INJURY,11,6,41.993359338,-87.7119765654,2024,10,POINT (-87.7119765654 41.993359338),,,,,2024-06-14,False,12,North Park
11054,30,NO CONTROLS,NO CONTROLS,CLEAR,DAYLIGHT,PEDALCYCLIST,NOT DIVIDED,STRAIGHT AND LEVEL,DRY,UNKNOWN,,UNABLE TO DETERMINE,UNABLE TO DETERMINE,Y,NONINCAPACITATING INJURY,13,6,41.9318199351,-87.7331904133,2024,30,POINT (-87.7331904133 41.9318199351),,,,,2024-06-14,False,19,Hermosa
11055,30,STOP SIGN/FLASHER,FUNCTIONING PROPERLY,CLEAR,DAYLIGHT,PEDALCYCLIST,T-INTERSECTION,STRAIGHT AND LEVEL,DRY,NO DEFECTS,Y,UNABLE TO DETERMINE,UNABLE TO DETERMINE,,NONINCAPACITATING INJURY,15,6,41.8899768027,-87.647522592,2024,30,POINT (-87.647522592 41.8899768027),,,,,2024-06-14,False,7,Near North Side
11056,30,NO CONTROLS,NO CONTROLS,CLEAR,DAYLIGHT,PEDALCYCLIST,NOT DIVIDED,STRAIGHT AND LEVEL,DRY,NO DEFECTS,,UNABLE TO DETERMINE,UNABLE TO DETERMINE,Y,NONINCAPACITATING INJURY,16,6,41.8578491597,-87.6699955667,2024,30,POINT (-87.6699955667 41.8578491597),,,,,2024-06-14,False,27,Near West Side
11057,30,TRAFFIC SIGNAL,FUNCTIONING PROPERLY,CLEAR,DAYLIGHT,PEDALCYCLIST,NOT DIVIDED,STRAIGHT AND LEVEL,DRY,NO DEFECTS,Y,FAILING TO YIELD RIGHT-OF-WAY,NOT APPLICABLE,,NONINCAPACITATING INJURY,18,6,41.9253657287,-87.6486109481,2024,30,POINT (-87.6486109481 41.9253657287),,,,,2024-06-14,False,6,Lincoln Park
11058,30,TRAFFIC SIGNAL,FUNCTIONING PROPERLY,CLEAR,DAYLIGHT,PEDALCYCLIST,NOT DIVIDED,STRAIGHT AND LEVEL,DRY,UNKNOWN,Y,UNABLE TO DETERMINE,UNABLE TO DETERMINE,,NONINCAPACITATING INJURY,19,6,41.8767057442,-87.6470563595,2024,30,POINT (-87.6470563595 41.8767057442),,,,,2024-06-14,False,27,Near West Side
11059,30,UNKNOWN,UNKNOWN,CLEAR,"DARKNESS, LIGHTED ROAD",PEDALCYCLIST,OTHER,"CURVE, LEVEL",DRY,NO DEFECTS,,UNABLE TO DETERMINE,UNABLE TO DETERMINE,,INCAPACITATING INJURY,21,6,41.9555312079,-87.6451455703,2024,30,POINT (-87.6451455703 41.9555312079),,,,,2024-06-14,True,2,Uptown
11060,30,TRAFFIC SIGNAL,FUNCTIONING PROPERLY,CLEAR,"DARKNESS, LIGHTED ROAD",PEDALCYCLIST,FOUR WAY,STRAIGHT AND LEVEL,DRY,NO DEFECTS,Y,FAILING TO YIELD RIGHT-OF-WAY,IMPROPER TURNING/NO SIGNAL,,NONINCAPACITATING INJURY,22,6,41.8667066749,-87.6763952387,2024,30,POINT (-87.6763952387 41.8667066749),,,,,2024-06-14,False,27,Near West Side
11061,30,NO CONTROLS,NO CONTROLS,CLEAR,DAYLIGHT,PEDALCYCLIST,NOT DIVIDED,STRAIGHT AND LEVEL,DRY,NO DEFECTS,Y,"VISION OBSCURED (SIGNS, TREE LIMBS, BUILDINGS, ETC.)",FAILING TO YIELD RIGHT-OF-WAY,N,NONINCAPACITATING INJURY,10,6,41.9089214003,-87.6775677955,2024,30,POINT (-87.6775677955 41.9089214003),,,,,2024-06-15,False,23,West Town
11062,30,STOP SIGN/FLASHER,FUNCTIONING PROPERLY,CLEAR,DAYLIGHT,PEDALCYCLIST,NOT DIVIDED,STRAIGHT AND LEVEL,DRY,UNKNOWN,Y,FAILING TO YIELD RIGHT-OF-WAY,FAILING TO REDUCE SPEED TO AVOID CRASH,,NONINCAPACITATING INJURY,12,6,41.9465769553,-87.6561875411,2024,30,POINT (-87.6561875411 41.9465769553),,,,,2024-06-15,False,5,Lake View
11063,30,NO CONTROLS,NO CONTROLS,CLEAR,DAYLIGHT,PEDALCYCLIST,ONE-WAY,STRAIGHT AND LEVEL,DRY,NO DEFECTS,,NOT APPLICABLE,NOT APPLICABLE,,INCAPACITATING INJURY,13,6,41.7686574432,-87.6871714533,2024,30,POINT (-87.6871714533 41.7686574432),,,,,2024-06-15,True,65,Chicago Lawn
11064,20,OTHER,NO CONTROLS,CLEAR,DAYLIGHT,PEDALCYCLIST,DIVIDED - W/MEDIAN (NOT RAISED),STRAIGHT AND LEVEL,DRY,NO DEFECTS,,IMPROPER TURNING/NO SIGNAL,UNABLE TO DETERMINE,N,"REPORTED, NOT EVIDENT",13,6,41.9768524775,-87.6486302266,2024,20,POINT (-87.6486302266 41.9768524775),,,,,2024-06-15,False,2,Uptown
11065,30,STOP SIGN/FLASHER,NO CONTROLS,CLEAR,DAYLIGHT,PEDALCYCLIST,NOT DIVIDED,STRAIGHT AND LEVEL,DRY,NO DEFECTS,Y,UNABLE TO DETERMINE,NOT APPLICABLE,,"REPORTED, NOT EVIDENT",16,6,41.6917216872,-87.5327229996,2024,30,POINT (-87.5327229996 41.6917216872),,,,,2024-06-15,False,51,East Side
11066,30,TRAFFIC SIGNAL,FUNCTIONING PROPERLY,CLEAR,DAYLIGHT,PEDALCYCLIST,"FIVE POINT, OR MORE",STRAIGHT AND LEVEL,DRY,NO DEFECTS,,UNABLE TO DETERMINE,NOT APPLICABLE,,NONINCAPACITATING INJURY,17,6,41.9343776365,-87.6613476877,2024,30,POINT (-87.6613476877 41.9343776365),,,,,2024-06-15,False,5,Lake View
11067,30,TRAFFIC SIGNAL,FUNCTIONING PROPERLY,CLEAR,DAYLIGHT,PEDALCYCLIST,FOUR WAY,STRAIGHT AND LEVEL,DRY,UNKNOWN,,FAILING TO YIELD RIGHT-OF-WAY,FAILING TO YIELD RIGHT-OF-WAY,,NONINCAPACITATING INJURY,17,6,41.8879014283,-87.624449949,2024,30,POINT (-87.624449949 41.8879014283),,,,,2024-06-15,False,7,Near North Side
11068,30,NO CONTROLS,NO CONTROLS,CLEAR,DAYLIGHT,PEDALCYCLIST,DIVIDED - W/MEDIAN (NOT RAISED),STRAIGHT AND LEVEL,DRY,NO DEFECTS,,UNABLE TO DETERMINE,UNABLE TO DETERMINE,,"REPORTED, NOT EVIDENT",18,6,41.7661952023,-87.562908182,2024,30,POINT (-87.562908182 41.7661952023),,,,,2024-06-15,False,42,South Shore
11069,20,NO CONTROLS,NO CONTROLS,CLEAR,DAYLIGHT,PEDALCYCLIST,NOT DIVIDED,STRAIGHT AND LEVEL,DRY,NO DEFECTS,,FAILING TO YIELD RIGHT-OF-WAY,DRIVING SKILLS/KNOWLEDGE/EXPERIENCE,Y,"REPORTED, NOT EVIDENT",18,6,41.9184475693,-87.6898257489,2024,20,POINT (-87.6898257489 41.9184475693),,,,,2024-06-15,False,21,Logan Square
11070,30,STOP SIGN/FLASHER,FUNCTIONING PROPERLY,CLEAR,DAYLIGHT,PEDALCYCLIST,ONE-WAY,STRAIGHT AND LEVEL,DRY,NO DEFECTS,Y,DRIVING SKILLS/KNOWLEDGE/EXPERIENCE,UNABLE TO DETERMINE,,NO INDICATION OF INJURY,4,6,41.942483719,-87.7397476362,2024,30,POINT (-87.7397476362 41.942483719),,,,,2024-06-16,False,15,Irving Park
11071,20,NO CONTROLS,UNKNOWN,CLEAR,DAYLIGHT,PEDALCYCLIST,OTHER,STRAIGHT AND LEVEL,DRY,NO DEFECTS,,NOT APPLICABLE,UNABLE TO DETERMINE,,"REPORTED, NOT EVIDENT",6,6,41.7666030222,-87.5663237227,2024,20,POINT (-87.5663237227 41.7666030222),,,,,2024-06-16,False,42,South Shore
11072,30,TRAFFIC SIGNAL,FUNCTIONING PROPERLY,CLEAR,DAYLIGHT,PEDALCYCLIST,T-INTERSECTION,STRAIGHT AND LEVEL,DRY,NO DEFECTS,Y,DISREGARDING TRAFFIC SIGNALS,NOT APPLICABLE,,NONINCAPACITATING INJURY,10,6,41.9865361637,-87.6695530608,2024,30,POINT (-87.6695530608 41.9865361637),,,,,2024-06-16,False,76,Edgewater
11073,30,TRAFFIC SIGNAL,FUNCTIONING PROPERLY,CLEAR,DAYLIGHT,PEDALCYCLIST,NOT DIVIDED,STRAIGHT AND LEVEL,DRY,NO DEFECTS,Y,IMPROPER TURNING/NO SIGNAL,IMPROPER TURNING/NO SIGNAL,,"REPORTED, NOT EVIDENT",13,6,41.8675665406,-87.6240941748,2024,30,POINT (-87.6240941748 41.8675665406),,,,,2024-06-16,False,31,Loop
11074,30,TRAFFIC SIGNAL,UNKNOWN,CLEAR,DAYLIGHT,PEDALCYCLIST,NOT DIVIDED,STRAIGHT AND LEVEL,DRY,UNKNOWN,Y,IMPROPER TURNING/NO SIGNAL,IMPROPER LANE USAGE,,NONINCAPACITATING INJURY,14,6,41.9690325127,-87.6494453527,2024,30,POINT (-87.6494453527 41.9690325127),,,,,2024-06-16,False,2,Uptown
11075,30,NO CONTROLS,NO CONTROLS,CLEAR,DAYLIGHT,PEDALCYCLIST,NOT DIVIDED,STRAIGHT AND LEVEL,DRY,NO DEFECTS,,UNABLE TO DETERMINE,NOT APPLICABLE,Y,NONINCAPACITATING INJURY,15,6,41.9521017497,-87.677489986,2024,30,POINT (-87.677489986 41.9521017497),,,,,2024-06-16,False,4,North Center
11076,20,STOP SIGN/FLASHER,FUNCTIONING PROPERLY,CLEAR,DAYLIGHT,PEDALCYCLIST,ONE-WAY,STRAIGHT AND LEVEL,DRY,NO DEFECTS,,FAILING TO YIELD RIGHT-OF-WAY,FAILING TO YIELD RIGHT-OF-WAY,,NO INDICATION OF INJURY,18,6,41.9063407558,-87.7303964665,2024,20,POINT (-87.7303964665 41.9063407558),,,,,2024-06-16,False,22,Humboldt Park