Unnamed: 0,POSTED_SPEED_LIMIT,TRAFFIC_CONTROL_DEVICE,DEVICE_CONDITION,WEATHER_CONDITION,LIGHTING_CONDITION,FIRST_CRASH_TYPE,TRAFFICWAY_TYPE,ALIGNMENT,ROADWAY_SURFACE_COND,ROAD_DEFECT,INTERSECTION_RELATED_I,PRIM_CONTRIBUTORY_CAUSE,SEC_CONTRIBUTORY_CAUSE,DOORING_I,MOST_SEVERE_INJURY,CRASH_HOUR,CRASH_MONTH,LATITUDE,LONGITUDE,CRASH_YEAR,SPEED_LIMIT,geometry,DISPLAYROU,the_geom,DIST,LANE_TYPE,CRASH_DATE,is_severe,index_right,CArea
11077,30,UNKNOWN,UNKNOWN,CLEAR,DAYLIGHT,PEDALCYCLIST,DIVIDED - W/MEDIAN (NOT RAISED),STRAIGHT AND LEVEL,DRY,UNKNOWN,,NOT APPLICABLE,NOT APPLICABLE,,NONINCAPACITATING INJURY,19,6,41.8328467592,-87.6947776481,2024,30,POINT (-87.6947776481 41.8328467592),,,,,2024-06-16,False,29,South Lawndale
11078,25,NO CONTROLS,UNKNOWN,CLEAR,"DARKNESS, LIGHTED ROAD",PEDALCYCLIST,ALLEY,STRAIGHT AND LEVEL,DRY,NO DEFECTS,,NOT APPLICABLE,NOT APPLICABLE,,INCAPACITATING INJURY,21,6,41.8981660222,-87.6984628397,2024,25,POINT (-87.6984628397 41.8981660222),,,,,2024-06-16,True,22,Humboldt Park
11079,30,NO CONTROLS,NO CONTROLS,CLEAR,"DARKNESS, LIGHTED ROAD",PEDALCYCLIST,NOT DIVIDED,STRAIGHT AND LEVEL,DRY,NO DEFECTS,,IMPROPER LANE USAGE,UNABLE TO DETERMINE,,"REPORTED, NOT EVIDENT",22,6,41.9110351619,-87.6478582738,2024,30,POINT (-87.6478582738 41.9110351619),,,,,2024-06-16,False,6,Lincoln Park
11080,30,NO CONTROLS,NO CONTROLS,CLEAR,"DARKNESS, LIGHTED ROAD",PEDALCYCLIST,NOT DIVIDED,STRAIGHT AND LEVEL,DRY,NO DEFECTS,N,UNABLE TO DETERMINE,UNABLE TO DETERMINE,,"REPORTED, NOT EVIDENT",0,6,41.919298413,-87.677528794,2024,30,POINT (-87.677528794 41.919298413),,,,,2024-06-17,False,6,Lincoln Park
11081,30,TRAFFIC SIGNAL,FUNCTIONING PROPERLY,CLEAR,"DARKNESS, LIGHTED ROAD",PEDALCYCLIST,NOT DIVIDED,STRAIGHT AND LEVEL,DRY,NO DEFECTS,,FAILING TO REDUCE SPEED TO AVOID CRASH,UNABLE TO DETERMINE,,NO INDICATION OF INJURY,0,6,41.9432581048,-87.649219749,2024,30,POINT (-87.649219749 41.9432581048),,,,,2024-06-17,False,5,Lake View
11082,30,NO CONTROLS,NO CONTROLS,CLEAR,DAYLIGHT,PEDALCYCLIST,ONE-WAY,STRAIGHT AND LEVEL,DRY,NO DEFECTS,,UNABLE TO DETERMINE,UNABLE TO DETERMINE,,NONINCAPACITATING INJURY,15,6,41.9296126022,-87.746639235,2024,30,POINT (-87.746639235 41.9296126022),,,,,2024-06-17,False,18,Belmont Cragin
11083,30,TRAFFIC SIGNAL,FUNCTIONING PROPERLY,CLEAR,DAYLIGHT,PEDALCYCLIST,FOUR WAY,STRAIGHT AND LEVEL,DRY,NO DEFECTS,,FAILING TO YIELD RIGHT-OF-WAY,NOT APPLICABLE,,"REPORTED, NOT EVIDENT",15,6,41.9254877419,-87.6534947013,2024,30,POINT (-87.6534947013 41.9254877419),,,,,2024-06-17,False,6,Lincoln Park
11084,30,STOP SIGN/FLASHER,NO CONTROLS,CLEAR,DAYLIGHT,PEDALCYCLIST,DIVIDED - W/MEDIAN (NOT RAISED),STRAIGHT AND LEVEL,DRY,NO DEFECTS,Y,IMPROPER OVERTAKING/PASSING,NOT APPLICABLE,,NO INDICATION OF INJURY,19,6,41.9234711552,-87.7974902887,2024,30,POINT (-87.7974902887 41.9234711552),,,,,2024-06-17,False,17,Montclare
11085,30,NO CONTROLS,NO CONTROLS,CLEAR,"DARKNESS, LIGHTED ROAD",PEDALCYCLIST,NOT DIVIDED,STRAIGHT AND LEVEL,DRY,NO DEFECTS,,FAILING TO YIELD RIGHT-OF-WAY,IMPROPER TURNING/NO SIGNAL,,NONINCAPACITATING INJURY,1,6,41.9659371926,-87.7773488911,2024,30,POINT (-87.7773488911 41.9659371926),,,,,2024-06-18,False,14,Portage Park
11086,30,NO CONTROLS,NO CONTROLS,CLEAR,DAYLIGHT,PEDALCYCLIST,NOT DIVIDED,STRAIGHT AND LEVEL,DRY,UNKNOWN,,FAILING TO YIELD RIGHT-OF-WAY,NOT APPLICABLE,,NONINCAPACITATING INJURY,7,6,41.8889923059,-87.7380629038,2024,30,POINT (-87.7380629038 41.8889923059),,,,,2024-06-18,False,22,Humboldt Park
11087,30,NO CONTROLS,NO CONTROLS,CLEAR,DAYLIGHT,PEDALCYCLIST,NOT DIVIDED,STRAIGHT AND LEVEL,DRY,NO DEFECTS,,UNABLE TO DETERMINE,UNABLE TO DETERMINE,N,NONINCAPACITATING INJURY,7,6,41.920154226,-87.7740136143,2024,30,POINT (-87.7740136143 41.920154226),,,,,2024-06-18,False,18,Belmont Cragin
11088,30,NO CONTROLS,NO CONTROLS,CLEAR,DAYLIGHT,PEDALCYCLIST,NOT DIVIDED,STRAIGHT AND LEVEL,DRY,NO DEFECTS,,UNABLE TO DETERMINE,UNABLE TO DETERMINE,,NONINCAPACITATING INJURY,9,6,41.9730906947,-87.7084603492,2024,30,POINT (-87.7084603492 41.9730906947),,,,,2024-06-18,False,12,North Park
11089,30,UNKNOWN,UNKNOWN,UNKNOWN,UNKNOWN,PEDALCYCLIST,NOT DIVIDED,STRAIGHT AND LEVEL,UNKNOWN,UNKNOWN,Y,UNABLE TO DETERMINE,UNABLE TO DETERMINE,Y,INCAPACITATING INJURY,10,6,41.8967663408,-87.6296985432,2024,30,POINT (-87.6296985432 41.8967663408),,,,,2024-06-18,True,7,Near North Side
11090,25,STOP SIGN/FLASHER,FUNCTIONING PROPERLY,CLEAR,DAYLIGHT,PEDALCYCLIST,ONE-WAY,STRAIGHT AND LEVEL,DRY,NO DEFECTS,,UNABLE TO DETERMINE,UNABLE TO DETERMINE,,NONINCAPACITATING INJURY,11,6,41.7719691958,-87.6970199799,2024,25,POINT (-87.6970199799 41.7719691958),,,,,2024-06-18,False,65,Chicago Lawn
11091,30,OTHER,OTHER,CLEAR,DAYLIGHT,PEDALCYCLIST,DIVIDED - W/MEDIAN (NOT RAISED),STRAIGHT AND LEVEL,DRY,NO DEFECTS,,FOLLOWING TOO CLOSELY,IMPROPER OVERTAKING/PASSING,,NONINCAPACITATING INJURY,13,6,41.9903099905,-87.7036030666,2024,30,POINT (-87.7036030666 41.9903099905),,,,,2024-06-18,False,1,West Ridge
11092,25,NO CONTROLS,NO CONTROLS,CLEAR,DAYLIGHT,PEDALCYCLIST,OTHER,STRAIGHT AND LEVEL,DRY,NO DEFECTS,,FAILING TO YIELD RIGHT-OF-WAY,NOT APPLICABLE,,NO INDICATION OF INJURY,15,6,41.7134005389,-87.5657341377,2024,25,POINT (-87.5657341377 41.7134005389),,,,,2024-06-18,False,50,South Deering
11093,15,NO CONTROLS,NO CONTROLS,CLEAR,DAYLIGHT,PEDALCYCLIST,ALLEY,STRAIGHT AND LEVEL,DRY,NO DEFECTS,Y,UNABLE TO DETERMINE,UNABLE TO DETERMINE,,NONINCAPACITATING INJURY,16,6,41.8480463922,-87.7038531876,2024,15,POINT (-87.7038531876 41.8480463922),,,,,2024-06-18,False,28,North Lawndale
11094,30,NO CONTROLS,NO CONTROLS,CLEAR,DAYLIGHT,PEDALCYCLIST,NOT DIVIDED,STRAIGHT AND LEVEL,DRY,NO DEFECTS,,DRIVING SKILLS/KNOWLEDGE/EXPERIENCE,NOT APPLICABLE,Y,NONINCAPACITATING INJURY,17,6,41.9175323987,-87.7044687547,2024,30,POINT (-87.7044687547 41.9175323987),,,,,2024-06-18,False,21,Logan Square
11095,30,NO CONTROLS,NO CONTROLS,CLEAR,DAYLIGHT,PEDALCYCLIST,DIVIDED - W/MEDIAN (NOT RAISED),STRAIGHT AND LEVEL,DRY,NO DEFECTS,,IMPROPER OVERTAKING/PASSING,NOT APPLICABLE,,NO INDICATION OF INJURY,19,6,41.9236952552,-87.6984085507,2024,30,POINT (-87.6984085507 41.9236952552),,,,,2024-06-18,False,21,Logan Square
11096,35,UNKNOWN,UNKNOWN,CLEAR,"DARKNESS, LIGHTED ROAD",PEDALCYCLIST,NOT DIVIDED,STRAIGHT AND LEVEL,DRY,UNKNOWN,,UNABLE TO DETERMINE,NOT APPLICABLE,,"REPORTED, NOT EVIDENT",21,6,41.7995778336,-87.5954321093,2024,35,POINT (-87.5954321093 41.7995778336),,,,,2024-06-18,False,40,Hyde Park
11097,35,NO CONTROLS,NO CONTROLS,CLEAR,"DARKNESS, LIGHTED ROAD",PEDALCYCLIST,DIVIDED - W/MEDIAN (NOT RAISED),STRAIGHT AND LEVEL,DRY,NO DEFECTS,,UNABLE TO DETERMINE,NOT APPLICABLE,,NONINCAPACITATING INJURY,22,6,41.8964338748,-87.6376771638,2024,35,POINT (-87.6376771638 41.8964338748),,,,,2024-06-18,False,7,Near North Side
11098,30,TRAFFIC SIGNAL,FUNCTIONING PROPERLY,CLEAR,DAYLIGHT,PEDALCYCLIST,NOT DIVIDED,STRAIGHT AND LEVEL,DRY,NO DEFECTS,Y,UNABLE TO DETERMINE,FAILING TO REDUCE SPEED TO AVOID CRASH,,NONINCAPACITATING INJURY,10,6,41.8941642825,-87.6201447292,2024,30,POINT (-87.6201447292 41.8941642825),,,,,2024-06-19,False,7,Near North Side
11099,30,UNKNOWN,UNKNOWN,UNKNOWN,UNKNOWN,PEDALCYCLIST,NOT DIVIDED,STRAIGHT AND LEVEL,UNKNOWN,UNKNOWN,,UNABLE TO DETERMINE,UNABLE TO DETERMINE,Y,NONINCAPACITATING INJURY,11,6,41.9106267514,-87.6345471582,2024,30,POINT (-87.6345471582 41.9106267514),,,,,2024-06-19,False,7,Near North Side
11100,30,NO CONTROLS,NO CONTROLS,CLEAR,DAYLIGHT,PEDALCYCLIST,NOT DIVIDED,STRAIGHT AND LEVEL,DRY,NO DEFECTS,,NOT APPLICABLE,NOT APPLICABLE,,NONINCAPACITATING INJURY,17,6,41.9157698838,-87.6987165441,2024,30,POINT (-87.6987165441 41.9157698838),,,,,2024-06-19,False,21,Logan Square
11101,30,UNKNOWN,UNKNOWN,CLEAR,DAYLIGHT,PEDALCYCLIST,NOT DIVIDED,STRAIGHT AND LEVEL,DRY,NO DEFECTS,,UNABLE TO DETERMINE,NOT APPLICABLE,,NONINCAPACITATING INJURY,19,6,41.9463268071,-87.7354914346,2024,30,POINT (-87.7354914346 41.9463268071),,,,,2024-06-19,False,15,Irving Park
11102,30,NO CONTROLS,NO CONTROLS,CLEAR,"DARKNESS, LIGHTED ROAD",PEDALCYCLIST,DIVIDED - W/MEDIAN (NOT RAISED),STRAIGHT AND LEVEL,DRY,NO DEFECTS,,UNABLE TO DETERMINE,UNABLE TO DETERMINE,,NONINCAPACITATING INJURY,22,6,41.9425493555,-87.727141155,2024,30,POINT (-87.727141155 41.9425493555),,,,,2024-06-19,False,15,Irving Park
11103,30,BICYCLE CROSSING SIGN,NO CONTROLS,CLEAR,"DARKNESS, LIGHTED ROAD",PEDALCYCLIST,FOUR WAY,STRAIGHT AND LEVEL,DRY,NO DEFECTS,Y,UNABLE TO DETERMINE,IMPROPER OVERTAKING/PASSING,N,"REPORTED, NOT EVIDENT",23,6,41.8733465258,-87.6762915407,2024,30,POINT (-87.6762915407 41.8733465258),,,,,2024-06-19,False,27,Near West Side
11104,30,NO CONTROLS,NO CONTROLS,CLEAR,DAYLIGHT,PEDALCYCLIST,NOT DIVIDED,STRAIGHT AND LEVEL,DRY,NO DEFECTS,,IMPROPER LANE USAGE,FAILING TO YIELD RIGHT-OF-WAY,,NONINCAPACITATING INJURY,9,6,41.9072626305,-87.6772304367,2024,30,POINT (-87.6772304367 41.9072626305),,,,,2024-06-20,False,23,West Town
11105,30,NO CONTROLS,NO CONTROLS,CLEAR,DAYLIGHT,PEDALCYCLIST,FOUR WAY,STRAIGHT AND LEVEL,DRY,NO DEFECTS,Y,UNABLE TO DETERMINE,NOT APPLICABLE,,NONINCAPACITATING INJURY,15,6,41.8973124085,-87.6568461569,2024,30,POINT (-87.6568461569 41.8973124085),,,,,2024-06-20,False,7,Near North Side
11106,25,NO CONTROLS,NO CONTROLS,CLEAR,DAYLIGHT,PEDALCYCLIST,FOUR WAY,STRAIGHT AND LEVEL,DRY,NO DEFECTS,Y,DISREGARDING OTHER TRAFFIC SIGNS,UNABLE TO DETERMINE,,"REPORTED, NOT EVIDENT",18,6,41.8847581957,-87.7283601059,2024,25,POINT (-87.7283601059 41.8847581957),,,,,2024-06-20,False,25,Garfield Park
11107,30,STOP SIGN/FLASHER,FUNCTIONING PROPERLY,UNKNOWN,UNKNOWN,PEDALCYCLIST,ONE-WAY,STRAIGHT AND LEVEL,UNKNOWN,UNKNOWN,,FAILING TO YIELD RIGHT-OF-WAY,NOT APPLICABLE,,"REPORTED, NOT EVIDENT",19,6,41.9243139972,-87.7722315934,2024,30,POINT (-87.7722315934 41.9243139972),,,,,2024-06-20,False,18,Belmont Cragin
11108,30,TRAFFIC SIGNAL,FUNCTIONING PROPERLY,CLEAR,"DARKNESS, LIGHTED ROAD",PEDALCYCLIST,UNKNOWN INTERSECTION TYPE,STRAIGHT AND LEVEL,DRY,NO DEFECTS,Y,FAILING TO YIELD RIGHT-OF-WAY,FAILING TO YIELD RIGHT-OF-WAY,,"REPORTED, NOT EVIDENT",22,6,41.8948150954,-87.6298717626,2024,30,POINT (-87.6298717626 41.8948150954),,,,,2024-06-20,False,7,Near North Side
11109,25,STOP SIGN/FLASHER,FUNCTIONING PROPERLY,CLEAR,DAYLIGHT,PEDALCYCLIST,T-INTERSECTION,STRAIGHT AND LEVEL,DRY,NO DEFECTS,Y,UNABLE TO DETERMINE,NOT APPLICABLE,,NONINCAPACITATING INJURY,8,6,41.8663108207,-87.7045895913,2024,25,POINT (-87.7045895913 41.8663108207),,,,,2024-06-21,False,28,North Lawndale
11110,30,TRAFFIC SIGNAL,FUNCTIONING PROPERLY,CLEAR,DAYLIGHT,PEDALCYCLIST,NOT DIVIDED,STRAIGHT AND LEVEL,DRY,NO DEFECTS,Y,UNABLE TO DETERMINE,UNABLE TO DETERMINE,,NO INDICATION OF INJURY,10,6,41.8167216261,-87.6068535651,2024,30,POINT (-87.6068535651 41.8167216261),,,,,2024-06-21,False,37,Grand Boulevard
11111,30,STOP SIGN/FLASHER,FUNCTIONING PROPERLY,CLEAR,DAYLIGHT,PEDALCYCLIST,NOT DIVIDED,STRAIGHT AND LEVEL,DRY,NO DEFECTS,Y,DRIVING SKILLS/KNOWLEDGE/EXPERIENCE,UNABLE TO DETERMINE,,NONINCAPACITATING INJURY,10,6,41.9940485073,-87.6859345212,2024,30,POINT (-87.6859345212 41.9940485073),,,,,2024-06-21,False,1,West Ridge
11112,30,NO CONTROLS,NO CONTROLS,CLEAR,DAYLIGHT,PEDALCYCLIST,T-INTERSECTION,STRAIGHT AND LEVEL,DRY,NO DEFECTS,Y,FAILING TO YIELD RIGHT-OF-WAY,NOT APPLICABLE,,INCAPACITATING INJURY,11,6,41.979006509,-87.7580945071,2024,30,POINT (-87.7580945071 41.979006509),,,,,2024-06-21,True,10,Jefferson Park
11113,30,TRAFFIC SIGNAL,FUNCTIONING PROPERLY,CLEAR,DAYLIGHT,PEDALCYCLIST,NOT DIVIDED,STRAIGHT AND LEVEL,DRY,NO DEFECTS,,UNABLE TO DETERMINE,UNABLE TO DETERMINE,Y,NONINCAPACITATING INJURY,12,6,41.884743136,-87.6865946062,2024,30,POINT (-87.6865946062 41.884743136),,,,,2024-06-21,False,27,Near West Side
11114,30,UNKNOWN,UNKNOWN,UNKNOWN,UNKNOWN,PEDALCYCLIST,DIVIDED - W/MEDIAN (NOT RAISED),STRAIGHT AND LEVEL,UNKNOWN,UNKNOWN,,UNABLE TO DETERMINE,UNABLE TO DETERMINE,,NONINCAPACITATING INJURY,15,6,41.9269309588,-87.6804079041,2024,30,POINT (-87.6804079041 41.9269309588),,,,,2024-06-21,False,6,Lincoln Park
11115,30,NO CONTROLS,NO CONTROLS,CLEAR,DAYLIGHT,PEDALCYCLIST,NOT DIVIDED,STRAIGHT AND LEVEL,DRY,NO DEFECTS,,DRIVING SKILLS/KNOWLEDGE/EXPERIENCE,FOLLOWING TOO CLOSELY,,NO INDICATION OF INJURY,17,6,41.9833946478,-87.66787718,2024,30,POINT (-87.66787718 41.9833946478),,,,,2024-06-21,False,76,Edgewater
11116,30,TRAFFIC SIGNAL,FUNCTIONING PROPERLY,CLEAR,DAYLIGHT,PEDALCYCLIST,DIVIDED - W/MEDIAN (NOT RAISED),STRAIGHT AND LEVEL,DRY,NO DEFECTS,,IMPROPER OVERTAKING/PASSING,UNABLE TO DETERMINE,,INCAPACITATING INJURY,19,6,41.9316414204,-87.7467199106,2024,30,POINT (-87.7467199106 41.9316414204),,,,,2024-06-21,True,18,Belmont Cragin
11117,25,TRAFFIC SIGNAL,FUNCTIONING PROPERLY,UNKNOWN,UNKNOWN,PEDALCYCLIST,T-INTERSECTION,STRAIGHT AND LEVEL,UNKNOWN,UNKNOWN,,UNABLE TO DETERMINE,UNABLE TO DETERMINE,,INCAPACITATING INJURY,19,6,41.7625267347,-87.566594977,2024,25,POINT (-87.566594977 41.7625267347),,,,,2024-06-21,True,42,South Shore
11118,30,NO CONTROLS,NO CONTROLS,CLEAR,"DARKNESS, LIGHTED ROAD",PEDALCYCLIST,NOT DIVIDED,STRAIGHT AND LEVEL,DRY,NO DEFECTS,,UNABLE TO DETERMINE,UNABLE TO DETERMINE,,NONINCAPACITATING INJURY,22,6,41.9027911467,-87.657847298,2024,30,POINT (-87.657847298 41.9027911467),,,,,2024-06-21,False,7,Near North Side
11119,30,NO CONTROLS,NO CONTROLS,CLEAR,DAYLIGHT,PEDALCYCLIST,DIVIDED - W/MEDIAN (NOT RAISED),STRAIGHT AND LEVEL,DRY,NO DEFECTS,,FAILING TO YIELD RIGHT-OF-WAY,NOT APPLICABLE,Y,INCAPACITATING INJURY,12,6,41.869171545,-87.6653049442,2024,30,POINT (-87.6653049442 41.869171545),,,,,2024-06-22,True,27,Near West Side
11120,30,NO CONTROLS,NO CONTROLS,CLEAR,DAYLIGHT,PEDALCYCLIST,NOT DIVIDED,STRAIGHT AND LEVEL,DRY,NO DEFECTS,,NOT APPLICABLE,NOT APPLICABLE,Y,NO INDICATION OF INJURY,13,6,41.9689053348,-87.6790418915,2024,30,POINT (-87.6790418915 41.9689053348),,,,,2024-06-22,False,3,Lincoln Square
11121,30,NO CONTROLS,UNKNOWN,UNKNOWN,DAYLIGHT,PEDALCYCLIST,NOT DIVIDED,STRAIGHT AND LEVEL,UNKNOWN,NO DEFECTS,,UNABLE TO DETERMINE,UNABLE TO DETERMINE,,NO INDICATION OF INJURY,14,6,41.9175411268,-87.6486290103,2024,30,POINT (-87.6486290103 41.9175411268),,,,,2024-06-22,False,6,Lincoln Park
11122,30,NO CONTROLS,NO CONTROLS,UNKNOWN,DAYLIGHT,PEDALCYCLIST,NOT DIVIDED,STRAIGHT AND LEVEL,DRY,UNKNOWN,,FAILING TO YIELD RIGHT-OF-WAY,NOT APPLICABLE,,NONINCAPACITATING INJURY,14,6,41.939993219,-87.6558904086,2024,30,POINT (-87.6558904086 41.939993219),,,,,2024-06-22,False,5,Lake View
11123,30,NO CONTROLS,NO CONTROLS,CLEAR,DAYLIGHT,PEDALCYCLIST,ONE-WAY,STRAIGHT AND LEVEL,DRY,UNKNOWN,,UNABLE TO DETERMINE,UNABLE TO DETERMINE,,NONINCAPACITATING INJURY,14,6,41.8001891196,-87.7183081092,2024,30,POINT (-87.7183081092 41.8001891196),,,,,2024-06-22,False,56,Archer Heights
11124,25,TRAFFIC SIGNAL,FUNCTIONING PROPERLY,CLEAR,DAYLIGHT,PEDALCYCLIST,FOUR WAY,STRAIGHT AND LEVEL,DRY,NO DEFECTS,,FAILING TO REDUCE SPEED TO AVOID CRASH,FAILING TO YIELD RIGHT-OF-WAY,,NONINCAPACITATING INJURY,16,6,41.9832794919,-87.6685631073,2024,25,POINT (-87.6685631073 41.9832794919),,,,,2024-06-22,False,76,Edgewater
11125,30,TRAFFIC SIGNAL,FUNCTIONING PROPERLY,CLEAR,DAYLIGHT,PEDALCYCLIST,NOT DIVIDED,STRAIGHT AND LEVEL,DRY,SHOULDER DEFECT,,UNABLE TO DETERMINE,NOT APPLICABLE,,"REPORTED, NOT EVIDENT",17,6,41.9093715779,-87.7749377719,2024,30,POINT (-87.7749377719 41.9093715779),,,,,2024-06-22,False,24,Austin
11126,30,NO CONTROLS,NO CONTROLS,CLOUDY/OVERCAST,"DARKNESS, LIGHTED ROAD",PEDALCYCLIST,T-INTERSECTION,STRAIGHT AND LEVEL,DRY,NO DEFECTS,Y,FAILING TO YIELD RIGHT-OF-WAY,NOT APPLICABLE,,NONINCAPACITATING INJURY,20,6,41.8692886815,-87.6579136436,2024,30,POINT (-87.6579136436 41.8692886815),,,,,2024-06-22,False,27,Near West Side
11127,30,NO CONTROLS,NO CONTROLS,CLEAR,"DARKNESS, LIGHTED ROAD",PEDALCYCLIST,ONE-WAY,STRAIGHT AND LEVEL,DRY,NO DEFECTS,,EQUIPMENT - VEHICLE CONDITION,NOT APPLICABLE,,INCAPACITATING INJURY,21,6,41.7689825557,-87.6248033104,2024,30,POINT (-87.6248033104 41.7689825557),,,,,2024-06-22,True,68,Grand Crossing
11128,30,NO CONTROLS,NO CONTROLS,CLEAR,DARKNESS,PEDALCYCLIST,FOUR WAY,STRAIGHT AND LEVEL,DRY,UNKNOWN,Y,UNABLE TO DETERMINE,UNABLE TO DETERMINE,,NO INDICATION OF INJURY,22,6,41.807600125,-87.6212487219,2024,30,POINT (-87.6212487219 41.807600125),,,,,2024-06-22,False,37,Grand Boulevard
11129,30,UNKNOWN,UNKNOWN,CLEAR,DARKNESS,PEDALCYCLIST,NOT DIVIDED,STRAIGHT AND LEVEL,DRY,UNKNOWN,Y,UNABLE TO DETERMINE,NOT APPLICABLE,,INCAPACITATING INJURY,23,6,41.8864243326,-87.6261682817,2024,30,POINT (-87.6261682817 41.8864243326),,,,,2024-06-22,True,7,Near North Side
11130,30,TRAFFIC SIGNAL,FUNCTIONING PROPERLY,RAIN,"DARKNESS, LIGHTED ROAD",PEDALCYCLIST,DIVIDED - W/MEDIAN (NOT RAISED),STRAIGHT AND LEVEL,WET,UNKNOWN,Y,UNABLE TO DETERMINE,UNABLE TO DETERMINE,,NO INDICATION OF INJURY,23,6,41.9538089732,-87.7081534672,2024,30,POINT (-87.7081534672 41.9538089732),,,,,2024-06-22,False,15,Irving Park
11131,30,NO CONTROLS,NO CONTROLS,RAIN,UNKNOWN,PEDALCYCLIST,NOT DIVIDED,STRAIGHT AND LEVEL,WET,UNKNOWN,,UNABLE TO DETERMINE,NOT APPLICABLE,,NONINCAPACITATING INJURY,23,6,41.8867042302,-87.6254963741,2024,30,POINT (-87.6254963741 41.8867042302),,,,,2024-06-22,False,7,Near North Side
11132,30,TRAFFIC SIGNAL,UNKNOWN,CLEAR,"DARKNESS, LIGHTED ROAD",PEDALCYCLIST,FOUR WAY,STRAIGHT AND LEVEL,UNKNOWN,UNKNOWN,,DISREGARDING TRAFFIC SIGNALS,NOT APPLICABLE,,INCAPACITATING INJURY,0,6,41.902815701,-87.717648644,2024,30,POINT (-87.717648644 41.902815701),,,,,2024-06-23,True,22,Humboldt Park
11133,30,STOP SIGN/FLASHER,FUNCTIONING PROPERLY,UNKNOWN,"DARKNESS, LIGHTED ROAD",PEDALCYCLIST,FOUR WAY,STRAIGHT AND LEVEL,WET,UNKNOWN,Y,UNABLE TO DETERMINE,UNABLE TO DETERMINE,,NONINCAPACITATING INJURY,2,6,41.8982721579,-87.6372730507,2024,30,POINT (-87.6372730507 41.8982721579),,,,,2024-06-23,False,7,Near North Side
11134,30,TRAFFIC SIGNAL,FUNCTIONING PROPERLY,CLEAR,DAYLIGHT,PEDALCYCLIST,FOUR WAY,STRAIGHT AND LEVEL,DRY,NO DEFECTS,,IMPROPER OVERTAKING/PASSING,NOT APPLICABLE,,NO INDICATION OF INJURY,10,6,41.8855942896,-87.6425260044,2024,30,POINT (-87.6425260044 41.8855942896),,,,,2024-06-23,False,27,Near West Side
11135,30,TRAFFIC SIGNAL,FUNCTIONING PROPERLY,CLEAR,DAYLIGHT,PEDALCYCLIST,FOUR WAY,STRAIGHT AND LEVEL,DRY,NO DEFECTS,Y,FAILING TO YIELD RIGHT-OF-WAY,"VISION OBSCURED (SIGNS, TREE LIMBS, BUILDINGS, ETC.)",,NONINCAPACITATING INJURY,13,6,41.9610558037,-87.727891206,2024,30,POINT (-87.727891206 41.9610558037),,,,,2024-06-23,False,13,Albany Park
11136,25,UNKNOWN,UNKNOWN,CLEAR,DAYLIGHT,PEDALCYCLIST,DIVIDED - W/MEDIAN (NOT RAISED),STRAIGHT AND LEVEL,DRY,NO DEFECTS,,UNABLE TO DETERMINE,UNABLE TO DETERMINE,Y,"REPORTED, NOT EVIDENT",16,6,41.9101364659,-87.7139298997,2024,25,POINT (-87.7139298997 41.9101364659),,,,,2024-06-23,False,22,Humboldt Park
11137,30,STOP SIGN/FLASHER,FUNCTIONING PROPERLY,CLEAR,DAYLIGHT,PEDALCYCLIST,PARKING LOT,STRAIGHT AND LEVEL,DRY,NO DEFECTS,,FAILING TO YIELD RIGHT-OF-WAY,DRIVING ON WRONG SIDE/WRONG WAY,,NONINCAPACITATING INJURY,16,6,41.9257268706,-87.6784395411,2024,30,POINT (-87.6784395411 41.9257268706),,,,,2024-06-23,False,6,Lincoln Park
11138,30,STOP SIGN/FLASHER,FUNCTIONING PROPERLY,CLEAR,DAYLIGHT,PEDALCYCLIST,TRAFFIC ROUTE,STRAIGHT AND LEVEL,DRY,NO DEFECTS,Y,UNABLE TO DETERMINE,UNABLE TO DETERMINE,,"REPORTED, NOT EVIDENT",18,6,41.9281321312,-87.7342935448,2024,30,POINT (-87.7342935448 41.9281321312),,,,,2024-06-23,False,19,Hermosa
11139,30,TRAFFIC SIGNAL,FUNCTIONING PROPERLY,CLEAR,DAYLIGHT,PEDALCYCLIST,FOUR WAY,STRAIGHT AND LEVEL,DRY,NO DEFECTS,Y,NOT APPLICABLE,NOT APPLICABLE,,NO INDICATION OF INJURY,19,6,41.7789457502,-87.703283119,2024,30,POINT (-87.703283119 41.7789457502),,,,,2024-06-23,False,65,Chicago Lawn
11140,20,NO CONTROLS,NO CONTROLS,CLEAR,DAYLIGHT,PEDALCYCLIST,ONE-WAY,STRAIGHT AND LEVEL,DRY,UNKNOWN,,FAILING TO YIELD RIGHT-OF-WAY,NOT APPLICABLE,,NONINCAPACITATING INJURY,19,6,41.9456441463,-87.8181719373,2024,20,POINT (-87.8181719373 41.9456441463),,,,,2024-06-23,False,16,Dunning
11141,30,TRAFFIC SIGNAL,FUNCTIONING PROPERLY,CLEAR,"DARKNESS, LIGHTED ROAD",PEDALCYCLIST,DIVIDED - W/MEDIAN (NOT RAISED),STRAIGHT AND LEVEL,DRY,NO DEFECTS,Y,DISREGARDING TRAFFIC SIGNALS,FAILING TO YIELD RIGHT-OF-WAY,,NONINCAPACITATING INJURY,21,6,41.9188634899,-87.7657370106,2024,30,POINT (-87.7657370106 41.9188634899),,,,,2024-06-23,False,18,Belmont Cragin