Unnamed: 0,POSTED_SPEED_LIMIT,TRAFFIC_CONTROL_DEVICE,DEVICE_CONDITION,WEATHER_CONDITION,LIGHTING_CONDITION,FIRST_CRASH_TYPE,TRAFFICWAY_TYPE,ALIGNMENT,ROADWAY_SURFACE_COND,ROAD_DEFECT,INTERSECTION_RELATED_I,PRIM_CONTRIBUTORY_CAUSE,SEC_CONTRIBUTORY_CAUSE,DOORING_I,MOST_SEVERE_INJURY,CRASH_HOUR,CRASH_MONTH,LATITUDE,LONGITUDE,CRASH_YEAR,SPEED_LIMIT,geometry,DISPLAYROU,the_geom,DIST,LANE_TYPE,CRASH_DATE,is_severe,index_right,CArea
11142,15,STOP SIGN/FLASHER,FUNCTIONING PROPERLY,CLEAR,DAYLIGHT,PEDALCYCLIST,NOT DIVIDED,STRAIGHT AND LEVEL,DRY,NO DEFECTS,,UNABLE TO DETERMINE,UNABLE TO DETERMINE,,NO INDICATION OF INJURY,8,6,41.9375308522,-87.6872666743,2024,15,POINT (-87.6872666743 41.9375308522),,,,,2024-06-24,False,4,North Center
11143,30,NO CONTROLS,NO CONTROLS,CLEAR,DAYLIGHT,PEDALCYCLIST,NOT DIVIDED,STRAIGHT AND LEVEL,DRY,NO DEFECTS,,FAILING TO YIELD RIGHT-OF-WAY,NOT APPLICABLE,,NO INDICATION OF INJURY,9,6,41.9060113181,-87.6344062665,2024,30,POINT (-87.6344062665 41.9060113181),,,,,2024-06-24,False,7,Near North Side
11144,25,NO CONTROLS,NO CONTROLS,CLEAR,DAYLIGHT,PEDALCYCLIST,ONE-WAY,STRAIGHT AND LEVEL,DRY,NO DEFECTS,,FOLLOWING TOO CLOSELY,DRIVING SKILLS/KNOWLEDGE/EXPERIENCE,,NONINCAPACITATING INJURY,12,6,41.8892353362,-87.6574981965,2024,25,POINT (-87.6574981965 41.8892353362),,,,,2024-06-24,False,7,Near North Side
11145,30,NO CONTROLS,NO CONTROLS,CLEAR,DAYLIGHT,PEDALCYCLIST,NOT DIVIDED,STRAIGHT AND LEVEL,UNKNOWN,UNKNOWN,,NOT APPLICABLE,NOT APPLICABLE,,NONINCAPACITATING INJURY,12,6,41.9825707596,-87.6598919388,2024,30,POINT (-87.6598919388 41.9825707596),,,,,2024-06-24,False,76,Edgewater
11146,30,NO CONTROLS,NO CONTROLS,CLEAR,DAYLIGHT,PEDALCYCLIST,ONE-WAY,STRAIGHT AND LEVEL,DRY,NO DEFECTS,,UNABLE TO DETERMINE,NOT APPLICABLE,,NONINCAPACITATING INJURY,13,6,41.8956256547,-87.6246549802,2024,30,POINT (-87.6246549802 41.8956256547),,,,,2024-06-24,False,7,Near North Side
11147,30,TRAFFIC SIGNAL,FUNCTIONING PROPERLY,CLEAR,DAYLIGHT,PEDALCYCLIST,DIVIDED - W/MEDIAN (NOT RAISED),STRAIGHT AND LEVEL,DRY,NO DEFECTS,,UNABLE TO DETERMINE,UNABLE TO DETERMINE,,INCAPACITATING INJURY,14,6,41.7500549336,-87.6829922029,2024,30,POINT (-87.6829922029 41.7500549336),,,,,2024-06-24,True,69,Ashburn
11148,30,TRAFFIC SIGNAL,NO CONTROLS,CLEAR,DAYLIGHT,PEDALCYCLIST,NOT DIVIDED,STRAIGHT AND LEVEL,DRY,NO DEFECTS,Y,DISREGARDING TRAFFIC SIGNALS,NOT APPLICABLE,,INCAPACITATING INJURY,16,6,41.8857408067,-87.6205629422,2024,30,POINT (-87.6205629422 41.8857408067),,,,,2024-06-24,True,31,Loop
11149,30,STOP SIGN/FLASHER,FUNCTIONING PROPERLY,CLEAR,DAYLIGHT,PEDALCYCLIST,NOT DIVIDED,STRAIGHT AND LEVEL,DRY,UNKNOWN,Y,UNABLE TO DETERMINE,NOT APPLICABLE,,NONINCAPACITATING INJURY,17,6,41.9395149294,-87.6954011139,2024,30,POINT (-87.6954011139 41.9395149294),,,,,2024-06-24,False,4,North Center
11150,30,STOP SIGN/FLASHER,FUNCTIONING PROPERLY,CLEAR,DUSK,PEDALCYCLIST,FOUR WAY,STRAIGHT AND LEVEL,DRY,NO DEFECTS,Y,UNABLE TO DETERMINE,UNABLE TO DETERMINE,,NONINCAPACITATING INJURY,21,6,41.8709457026,-87.6961689675,2024,30,POINT (-87.6961689675 41.8709457026),,,,,2024-06-24,False,26,Garfield Park
11151,30,TRAFFIC SIGNAL,FUNCTIONING PROPERLY,CLEAR,DAWN,PEDALCYCLIST,FOUR WAY,STRAIGHT AND LEVEL,DRY,NO DEFECTS,Y,FAILING TO YIELD RIGHT-OF-WAY,DRIVING SKILLS/KNOWLEDGE/EXPERIENCE,,"REPORTED, NOT EVIDENT",7,6,41.9167958302,-87.6876008647,2024,30,POINT (-87.6876008647 41.9167958302),,,,,2024-06-25,False,21,Logan Square
11152,30,STOP SIGN/FLASHER,FUNCTIONING PROPERLY,CLEAR,DAYLIGHT,PEDALCYCLIST,FOUR WAY,STRAIGHT AND LEVEL,DRY,NO DEFECTS,Y,UNABLE TO DETERMINE,UNABLE TO DETERMINE,,"REPORTED, NOT EVIDENT",11,6,41.8110320839,-87.6214046233,2024,30,POINT (-87.6214046233 41.8110320839),,,,,2024-06-25,False,37,Grand Boulevard
11153,30,TRAFFIC SIGNAL,FUNCTIONING PROPERLY,CLEAR,DAYLIGHT,PEDALCYCLIST,FOUR WAY,STRAIGHT AND LEVEL,UNKNOWN,UNKNOWN,Y,UNABLE TO DETERMINE,NOT APPLICABLE,,NO INDICATION OF INJURY,15,6,41.9093139268,-87.6760292263,2024,30,POINT (-87.6760292263 41.9093139268),,,,,2024-06-25,False,23,West Town
11154,30,NO CONTROLS,NO CONTROLS,CLEAR,DAYLIGHT,PEDALCYCLIST,NOT DIVIDED,STRAIGHT AND LEVEL,DRY,UNKNOWN,,UNABLE TO DETERMINE,NOT APPLICABLE,N,NONINCAPACITATING INJURY,18,6,41.8068748012,-87.6667054985,2024,30,POINT (-87.6667054985 41.8068748012),,,,,2024-06-25,False,60,New City
11155,30,TRAFFIC SIGNAL,FUNCTIONING PROPERLY,CLEAR,DAYLIGHT,PEDALCYCLIST,FOUR WAY,STRAIGHT AND LEVEL,DRY,NO DEFECTS,Y,FAILING TO YIELD RIGHT-OF-WAY,FAILING TO YIELD RIGHT-OF-WAY,,INCAPACITATING INJURY,19,6,41.9097883039,-87.7364046674,2024,30,POINT (-87.7364046674 41.9097883039),,,,,2024-06-25,True,22,Humboldt Park
11156,30,STOP SIGN/FLASHER,FUNCTIONING PROPERLY,CLEAR,DAYLIGHT,PEDALCYCLIST,FOUR WAY,STRAIGHT AND LEVEL,DRY,NO DEFECTS,Y,"VISION OBSCURED (SIGNS, TREE LIMBS, BUILDINGS, ETC.)",UNABLE TO DETERMINE,,NONINCAPACITATING INJURY,7,6,41.8901948827,-87.6476686991,2024,30,POINT (-87.6476686991 41.8901948827),,,,,2024-06-26,False,7,Near North Side
11157,30,STOP SIGN/FLASHER,NO CONTROLS,CLEAR,DAYLIGHT,PEDALCYCLIST,T-INTERSECTION,STRAIGHT AND LEVEL,DRY,UNKNOWN,,FAILING TO YIELD RIGHT-OF-WAY,DISREGARDING STOP SIGN,,NONINCAPACITATING INJURY,7,6,41.8028643035,-87.6844252623,2024,30,POINT (-87.6844252623 41.8028643035),,,,,2024-06-26,False,60,New City
11158,30,NO CONTROLS,NO CONTROLS,CLEAR,DAYLIGHT,PEDALCYCLIST,NOT DIVIDED,STRAIGHT AND LEVEL,DRY,NO DEFECTS,,UNABLE TO DETERMINE,NOT APPLICABLE,,NO INDICATION OF INJURY,9,6,41.8526542876,-87.6530881772,2024,30,POINT (-87.6530881772 41.8526542876),,,,,2024-06-26,False,30,Lower West Side
11159,30,OTHER,NO CONTROLS,CLEAR,DAYLIGHT,PEDALCYCLIST,NOT DIVIDED,STRAIGHT AND LEVEL,DRY,NO DEFECTS,,NOT APPLICABLE,DRIVING SKILLS/KNOWLEDGE/EXPERIENCE,Y,NONINCAPACITATING INJURY,10,6,41.9071406217,-87.6721750401,2024,30,POINT (-87.6721750401 41.9071406217),,,,,2024-06-26,False,23,West Town
11160,30,TRAFFIC SIGNAL,FUNCTIONING PROPERLY,CLEAR,"DARKNESS, LIGHTED ROAD",PEDALCYCLIST,T-INTERSECTION,STRAIGHT AND LEVEL,DRY,NO DEFECTS,Y,DISREGARDING TRAFFIC SIGNALS,NOT APPLICABLE,,NO INDICATION OF INJURY,11,6,41.8862846015,-87.6205777957,2024,30,POINT (-87.6205777957 41.8862846015),,,,,2024-06-26,False,7,Near North Side
11161,30,NO CONTROLS,NO CONTROLS,CLEAR,DAYLIGHT,PEDALCYCLIST,NOT DIVIDED,STRAIGHT AND LEVEL,DRY,NO DEFECTS,,UNABLE TO DETERMINE,UNABLE TO DETERMINE,,NO INDICATION OF INJURY,12,6,41.750749996,-87.6297922443,2024,30,POINT (-87.6297922443 41.750749996),,,,,2024-06-26,False,43,Chatham
11162,30,STOP SIGN/FLASHER,FUNCTIONING PROPERLY,CLEAR,DAYLIGHT,PEDALCYCLIST,NOT DIVIDED,STRAIGHT AND LEVEL,DRY,NO DEFECTS,Y,UNABLE TO DETERMINE,NOT APPLICABLE,,NONINCAPACITATING INJURY,13,6,41.9156341286,-87.7053704872,2024,30,POINT (-87.7053704872 41.9156341286),,,,,2024-06-26,False,21,Logan Square
11163,30,TRAFFIC SIGNAL,FUNCTIONING PROPERLY,CLEAR,DAYLIGHT,PEDALCYCLIST,FOUR WAY,STRAIGHT AND LEVEL,DRY,NO DEFECTS,Y,"VISION OBSCURED (SIGNS, TREE LIMBS, BUILDINGS, ETC.)","VISION OBSCURED (SIGNS, TREE LIMBS, BUILDINGS, ETC.)",,"REPORTED, NOT EVIDENT",16,6,41.8116537083,-87.7236727607,2024,30,POINT (-87.7236727607 41.8116537083),,,,,2024-06-26,False,56,Archer Heights
11164,30,NO CONTROLS,NO CONTROLS,CLEAR,DAYLIGHT,PEDALCYCLIST,DIVIDED - W/MEDIAN (NOT RAISED),STRAIGHT AND LEVEL,DRY,UNKNOWN,,FAILING TO YIELD RIGHT-OF-WAY,NOT APPLICABLE,,NONINCAPACITATING INJURY,17,6,41.9175711208,-87.6999616834,2024,30,POINT (-87.6999616834 41.9175711208),,,,,2024-06-26,False,21,Logan Square
11165,35,TRAFFIC SIGNAL,FUNCTIONING PROPERLY,CLEAR,DAYLIGHT,PEDALCYCLIST,NOT DIVIDED,STRAIGHT AND LEVEL,DRY,NO DEFECTS,Y,FAILING TO YIELD RIGHT-OF-WAY,FAILING TO YIELD RIGHT-OF-WAY,,NONINCAPACITATING INJURY,17,6,41.9357869651,-87.7076782831,2024,35,POINT (-87.7076782831 41.9357869651),,,,,2024-06-26,False,20,Avondale
11166,30,STOP SIGN/FLASHER,FUNCTIONING PROPERLY,CLEAR,DAYLIGHT,PEDALCYCLIST,FOUR WAY,STRAIGHT AND LEVEL,DRY,NO DEFECTS,Y,UNABLE TO DETERMINE,UNABLE TO DETERMINE,,NONINCAPACITATING INJURY,20,6,41.8657146878,-87.6226579441,2024,30,POINT (-87.6226579441 41.8657146878),,,,,2024-06-26,False,32,Near South Side
11167,30,STOP SIGN/FLASHER,FUNCTIONING PROPERLY,CLEAR,DAYLIGHT,PEDALCYCLIST,FOUR WAY,STRAIGHT AND LEVEL,DRY,NO DEFECTS,Y,UNABLE TO DETERMINE,UNABLE TO DETERMINE,,"REPORTED, NOT EVIDENT",7,6,41.8008694948,-87.7295108154,2024,30,POINT (-87.7295108154 41.8008694948),,,,,2024-06-27,False,56,Archer Heights
11168,30,TRAFFIC SIGNAL,UNKNOWN,CLEAR,DAYLIGHT,PEDALCYCLIST,NOT DIVIDED,STRAIGHT AND LEVEL,DRY,UNKNOWN,,UNABLE TO DETERMINE,NOT APPLICABLE,,NO INDICATION OF INJURY,7,6,41.7724064825,-87.6833095317,2024,30,POINT (-87.6833095317 41.7724064825),,,,,2024-06-27,False,65,Chicago Lawn
11169,35,TRAFFIC SIGNAL,FUNCTIONING PROPERLY,CLEAR,DAYLIGHT,PEDALCYCLIST,Y-INTERSECTION,"CURVE, LEVEL",DRY,NO DEFECTS,,FOLLOWING TOO CLOSELY,DRIVING SKILLS/KNOWLEDGE/EXPERIENCE,,"REPORTED, NOT EVIDENT",9,6,41.9532127227,-87.6498162757,2024,35,POINT (-87.6498162757 41.9532127227),,,,,2024-06-27,False,5,Lake View
11170,30,TRAFFIC SIGNAL,FUNCTIONING PROPERLY,CLEAR,DAYLIGHT,PEDALCYCLIST,DIVIDED - W/MEDIAN (NOT RAISED),STRAIGHT AND LEVEL,UNKNOWN,UNKNOWN,Y,FAILING TO YIELD RIGHT-OF-WAY,FAILING TO YIELD RIGHT-OF-WAY,,NO INDICATION OF INJURY,9,6,41.9545969221,-87.6546272474,2024,30,POINT (-87.6546272474 41.9545969221),,,,,2024-06-27,False,2,Uptown
11171,30,STOP SIGN/FLASHER,FUNCTIONING PROPERLY,CLEAR,DAYLIGHT,PEDALCYCLIST,FOUR WAY,STRAIGHT AND LEVEL,DRY,UNKNOWN,Y,FAILING TO YIELD RIGHT-OF-WAY,FAILING TO YIELD RIGHT-OF-WAY,,NONINCAPACITATING INJURY,11,6,41.8382005193,-87.6424966408,2024,30,POINT (-87.6424966408 41.8382005193),,,,,2024-06-27,False,30,Lower West Side
11172,30,TRAFFIC SIGNAL,FUNCTIONING PROPERLY,CLEAR,DAYLIGHT,PEDALCYCLIST,FOUR WAY,STRAIGHT AND LEVEL,DRY,NO DEFECTS,N,UNABLE TO DETERMINE,UNABLE TO DETERMINE,,"REPORTED, NOT EVIDENT",12,6,41.7596745819,-87.6444202389,2024,30,POINT (-87.6444202389 41.7596745819),,,,,2024-06-27,False,67,Englewood
11173,30,TRAFFIC SIGNAL,FUNCTIONING PROPERLY,CLEAR,DAYLIGHT,PEDALCYCLIST,NOT DIVIDED,STRAIGHT AND LEVEL,DRY,NO DEFECTS,,IMPROPER TURNING/NO SIGNAL,IMPROPER LANE USAGE,,"REPORTED, NOT EVIDENT",14,6,41.8021959961,-87.7233910772,2024,30,POINT (-87.7233910772 41.8021959961),,,,,2024-06-27,False,56,Archer Heights
11174,30,NO CONTROLS,NO CONTROLS,CLEAR,DAYLIGHT,PEDALCYCLIST,T-INTERSECTION,STRAIGHT AND LEVEL,DRY,NO DEFECTS,Y,UNABLE TO DETERMINE,NOT APPLICABLE,,INCAPACITATING INJURY,14,6,41.9089269325,-87.677273998,2024,30,POINT (-87.677273998 41.9089269325),,,,,2024-06-27,True,23,West Town
11175,30,NO CONTROLS,NO CONTROLS,CLEAR,DAYLIGHT,PEDALCYCLIST,NOT DIVIDED,STRAIGHT AND LEVEL,DRY,NO DEFECTS,,FAILING TO YIELD RIGHT-OF-WAY,NOT APPLICABLE,,NONINCAPACITATING INJURY,15,6,41.9312171511,-87.7622614804,2024,30,POINT (-87.7622614804 41.9312171511),,,,,2024-06-27,False,18,Belmont Cragin
11176,30,NO CONTROLS,NO CONTROLS,CLEAR,DAYLIGHT,PEDALCYCLIST,NOT DIVIDED,STRAIGHT AND LEVEL,DRY,NO DEFECTS,,UNABLE TO DETERMINE,NOT APPLICABLE,,NONINCAPACITATING INJURY,16,6,41.9402058662,-87.6409564107,2024,30,POINT (-87.6409564107 41.9402058662),,,,,2024-06-27,False,5,Lake View
11177,30,NO CONTROLS,NO CONTROLS,CLEAR,DAYLIGHT,PEDALCYCLIST,NOT DIVIDED,STRAIGHT AND LEVEL,DRY,NO DEFECTS,,FAILING TO YIELD RIGHT-OF-WAY,NOT APPLICABLE,,INCAPACITATING INJURY,17,6,41.9709090724,-87.7449408067,2024,30,POINT (-87.7449408067 41.9709090724),,,,,2024-06-27,True,11,Forest Glen
11178,30,TRAFFIC SIGNAL,FUNCTIONING PROPERLY,CLEAR,DAYLIGHT,PEDALCYCLIST,DIVIDED - W/MEDIAN (NOT RAISED),STRAIGHT AND LEVEL,DRY,NO DEFECTS,,FAILING TO YIELD RIGHT-OF-WAY,FAILING TO REDUCE SPEED TO AVOID CRASH,,"REPORTED, NOT EVIDENT",18,6,41.980475852,-87.7604867513,2024,30,POINT (-87.7604867513 41.980475852),,,,,2024-06-27,False,10,Jefferson Park
11179,25,STOP SIGN/FLASHER,FUNCTIONING PROPERLY,CLEAR,DUSK,PEDALCYCLIST,ONE-WAY,STRAIGHT AND LEVEL,DRY,NO DEFECTS,,DISTRACTION - FROM OUTSIDE VEHICLE,NOT APPLICABLE,,INCAPACITATING INJURY,19,6,41.9514293537,-87.762163526,2024,25,POINT (-87.762163526 41.9514293537),,,,,2024-06-27,True,14,Portage Park
11180,30,NO CONTROLS,NO CONTROLS,CLEAR,"DARKNESS, LIGHTED ROAD",PEDALCYCLIST,NOT DIVIDED,STRAIGHT AND LEVEL,DRY,NO DEFECTS,,UNABLE TO DETERMINE,NOT APPLICABLE,Y,NO INDICATION OF INJURY,22,6,41.9247274618,-87.700552669,2024,30,POINT (-87.700552669 41.9247274618),,,,,2024-06-27,False,21,Logan Square
11181,30,NO CONTROLS,NO CONTROLS,RAIN,DAYLIGHT,PEDALCYCLIST,NOT DIVIDED,STRAIGHT AND LEVEL,WET,UNKNOWN,,FOLLOWING TOO CLOSELY,NOT APPLICABLE,,"REPORTED, NOT EVIDENT",7,6,41.8780218523,-87.7257267644,2024,30,POINT (-87.7257267644 41.8780218523),,,,,2024-06-28,False,25,Garfield Park
11182,30,TRAFFIC SIGNAL,FUNCTIONING PROPERLY,RAIN,DAYLIGHT,PEDALCYCLIST,DIVIDED - W/MEDIAN (NOT RAISED),STRAIGHT AND LEVEL,WET,NO DEFECTS,,FAILING TO YIELD RIGHT-OF-WAY,NOT APPLICABLE,,NO INDICATION OF INJURY,14,6,41.9251349437,-87.6779635455,2024,30,POINT (-87.6779635455 41.9251349437),,,,,2024-06-28,False,6,Lincoln Park
11183,30,TRAFFIC SIGNAL,FUNCTIONING PROPERLY,UNKNOWN,DAYLIGHT,PEDALCYCLIST,FOUR WAY,STRAIGHT AND LEVEL,UNKNOWN,NO DEFECTS,,IMPROPER LANE USAGE,UNABLE TO DETERMINE,,"REPORTED, NOT EVIDENT",14,6,41.9380422302,-87.7960924065,2024,30,POINT (-87.7960924065 41.9380422302),,,,,2024-06-28,False,16,Dunning
11184,30,STOP SIGN/FLASHER,NO CONTROLS,CLEAR,DAYLIGHT,PEDALCYCLIST,FOUR WAY,STRAIGHT AND LEVEL,WET,UNKNOWN,Y,FAILING TO YIELD RIGHT-OF-WAY,UNABLE TO DETERMINE,,NONINCAPACITATING INJURY,15,6,41.9282686726,-87.7245817744,2024,30,POINT (-87.7245817744 41.9282686726),,,,,2024-06-28,False,19,Hermosa
11185,30,NO CONTROLS,NO CONTROLS,CLEAR,DAYLIGHT,PEDALCYCLIST,DRIVEWAY,STRAIGHT AND LEVEL,DRY,NO DEFECTS,,FAILING TO YIELD RIGHT-OF-WAY,NOT APPLICABLE,,NONINCAPACITATING INJURY,16,6,41.7510031524,-87.6279552194,2024,30,POINT (-87.6279552194 41.7510031524),,,,,2024-06-28,False,43,Chatham
11186,30,NO CONTROLS,NO CONTROLS,CLEAR,DUSK,PEDALCYCLIST,NOT DIVIDED,STRAIGHT AND LEVEL,WET,UNKNOWN,,UNABLE TO DETERMINE,UNABLE TO DETERMINE,,NO INDICATION OF INJURY,19,6,41.8695505016,-87.6552049166,2024,30,POINT (-87.6552049166 41.8695505016),,,,,2024-06-28,False,27,Near West Side
11187,30,NO CONTROLS,NO CONTROLS,RAIN,"DARKNESS, LIGHTED ROAD",PEDALCYCLIST,NOT DIVIDED,STRAIGHT AND LEVEL,WET,NO DEFECTS,,WEATHER,UNABLE TO DETERMINE,,NONINCAPACITATING INJURY,5,6,41.8632357284,-87.630143493,2024,30,POINT (-87.630143493 41.8632357284),,,,,2024-06-29,False,32,Near South Side
11188,30,TRAFFIC SIGNAL,FUNCTIONING PROPERLY,CLOUDY/OVERCAST,DAYLIGHT,PEDALCYCLIST,FOUR WAY,STRAIGHT AND LEVEL,DRY,NO DEFECTS,,DISREGARDING TRAFFIC SIGNALS,DRIVING SKILLS/KNOWLEDGE/EXPERIENCE,,NO INDICATION OF INJURY,9,6,41.9175184831,-87.7057677765,2024,30,POINT (-87.7057677765 41.9175184831),,,,,2024-06-29,False,21,Logan Square
11189,30,TRAFFIC SIGNAL,FUNCTIONING PROPERLY,CLEAR,DAYLIGHT,PEDALCYCLIST,ONE-WAY,STRAIGHT AND LEVEL,DRY,NO DEFECTS,,DISREGARDING TRAFFIC SIGNALS,UNABLE TO DETERMINE,,NONINCAPACITATING INJURY,12,6,41.8846156171,-87.6366823578,2024,30,POINT (-87.6366823578 41.8846156171),,,,,2024-06-29,False,27,Near West Side
11190,30,NO CONTROLS,NO CONTROLS,CLEAR,DAYLIGHT,PEDALCYCLIST,NOT DIVIDED,STRAIGHT AND LEVEL,DRY,NO DEFECTS,,FAILING TO YIELD RIGHT-OF-WAY,FAILING TO YIELD RIGHT-OF-WAY,Y,NONINCAPACITATING INJURY,13,6,41.9619781157,-87.7554699925,2024,30,POINT (-87.7554699925 41.9619781157),,,,,2024-06-29,False,14,Portage Park
11191,30,NO CONTROLS,NO CONTROLS,CLEAR,DAYLIGHT,PEDALCYCLIST,DIVIDED - W/MEDIAN (NOT RAISED),STRAIGHT AND LEVEL,DRY,NO DEFECTS,,IMPROPER OVERTAKING/PASSING,"OPERATING VEHICLE IN ERRATIC, RECKLESS, CARELESS, NEGLIGENT OR AGGRESSIVE MANNER",,"REPORTED, NOT EVIDENT",16,6,41.958757133,-87.7279117881,2024,30,POINT (-87.7279117881 41.958757133),,,,,2024-06-29,False,15,Irving Park
11192,30,STOP SIGN/FLASHER,NO CONTROLS,CLEAR,DAYLIGHT,PEDALCYCLIST,"FIVE POINT, OR MORE",STRAIGHT AND LEVEL,DRY,NO DEFECTS,Y,IMPROPER OVERTAKING/PASSING,NOT APPLICABLE,,NO INDICATION OF INJURY,16,6,42.0195049911,-87.6682275168,2024,30,POINT (-87.6682275168 42.0195049911),,,,,2024-06-29,False,0,Rogers Park
11193,30,NO CONTROLS,NO CONTROLS,CLEAR,DAYLIGHT,PEDALCYCLIST,FOUR WAY,STRAIGHT AND LEVEL,DRY,NO DEFECTS,Y,UNABLE TO DETERMINE,NOT APPLICABLE,,"REPORTED, NOT EVIDENT",16,6,41.8846078392,-87.625245448,2024,30,POINT (-87.625245448 41.8846078392),,,,,2024-06-29,False,31,Loop
11194,30,TRAFFIC SIGNAL,FUNCTIONING PROPERLY,CLEAR,"DARKNESS, LIGHTED ROAD",PEDALCYCLIST,DIVIDED - W/MEDIAN BARRIER,STRAIGHT AND LEVEL,DRY,NO DEFECTS,,UNABLE TO DETERMINE,UNABLE TO DETERMINE,,NO INDICATION OF INJURY,17,6,41.8782173453,-87.6244558403,2024,30,POINT (-87.6244558403 41.8782173453),,,,,2024-06-29,False,31,Loop
11195,35,TRAFFIC SIGNAL,UNKNOWN,CLEAR,DAYLIGHT,PEDALCYCLIST,FOUR WAY,STRAIGHT AND LEVEL,DRY,UNKNOWN,Y,NOT APPLICABLE,NOT APPLICABLE,,NO INDICATION OF INJURY,18,6,41.8399973973,-87.6611027146,2024,35,POINT (-87.6611027146 41.8399973973),,,,,2024-06-29,False,30,Lower West Side
11196,35,NO CONTROLS,NO CONTROLS,CLEAR,DUSK,PEDALCYCLIST,NOT DIVIDED,STRAIGHT AND LEVEL,DRY,NO DEFECTS,,FAILING TO YIELD RIGHT-OF-WAY,NOT APPLICABLE,Y,NONINCAPACITATING INJURY,20,6,41.9765755063,-87.6682636441,2024,35,POINT (-87.6682636441 41.9765755063),,,,,2024-06-29,False,2,Uptown
11197,30,TRAFFIC SIGNAL,FUNCTIONING PROPERLY,CLEAR,"DARKNESS, LIGHTED ROAD",PEDALCYCLIST,FOUR WAY,STRAIGHT AND LEVEL,DRY,NO DEFECTS,Y,UNABLE TO DETERMINE,NOT APPLICABLE,,NONINCAPACITATING INJURY,23,6,41.9107192433,-87.6678408072,2024,30,POINT (-87.6678408072 41.9107192433),,,,,2024-06-29,False,23,West Town
11198,20,TRAFFIC SIGNAL,FUNCTIONING PROPERLY,CLEAR,DAYLIGHT,PEDALCYCLIST,ONE-WAY,STRAIGHT AND LEVEL,DRY,NO DEFECTS,Y,DRIVING ON WRONG SIDE/WRONG WAY,FAILING TO YIELD RIGHT-OF-WAY,,NO INDICATION OF INJURY,13,6,41.8949016164,-87.6342299275,2024,20,POINT (-87.6342299275 41.8949016164),,,,,2024-06-30,False,7,Near North Side
11199,30,TRAFFIC SIGNAL,FUNCTIONING PROPERLY,CLEAR,"DARKNESS, LIGHTED ROAD",PEDALCYCLIST,DIVIDED - W/MEDIAN BARRIER,STRAIGHT AND LEVEL,UNKNOWN,UNKNOWN,,DISREGARDING TRAFFIC SIGNALS,DRIVING SKILLS/KNOWLEDGE/EXPERIENCE,,NO INDICATION OF INJURY,20,6,41.8783101346,-87.6175759034,2024,30,POINT (-87.6175759034 41.8783101346),,,,,2024-06-30,False,31,Loop
11200,30,NO CONTROLS,NO CONTROLS,CLEAR,DARKNESS,PEDALCYCLIST,OTHER,STRAIGHT AND LEVEL,DRY,UNKNOWN,,UNABLE TO DETERMINE,NOT APPLICABLE,,NO INDICATION OF INJURY,22,6,41.9011702114,-87.6614218748,2024,30,POINT (-87.6614218748 41.9011702114),,,,,2024-06-30,False,23,West Town
11201,30,BICYCLE CROSSING SIGN,FUNCTIONING PROPERLY,CLEAR,"DARKNESS, LIGHTED ROAD",PEDALCYCLIST,ONE-WAY,STRAIGHT AND LEVEL,DRY,NO DEFECTS,,UNABLE TO DETERMINE,NOT APPLICABLE,Y,NONINCAPACITATING INJURY,22,6,41.8896342529,-87.6297442999,2024,30,POINT (-87.6297442999 41.8896342529),,,,,2024-06-30,False,7,Near North Side
11202,30,UNKNOWN,NO CONTROLS,CLEAR,DAYLIGHT,PEDALCYCLIST,NOT REPORTED,STRAIGHT AND LEVEL,DRY,NO DEFECTS,,UNABLE TO DETERMINE,NOT APPLICABLE,,NO INDICATION OF INJURY,23,6,41.93015264,-87.6433932764,2024,30,POINT (-87.6433932764 41.93015264),,,,,2024-06-30,False,6,Lincoln Park
11203,20,UNKNOWN,UNKNOWN,CLEAR,"DARKNESS, LIGHTED ROAD",PEDALCYCLIST,NOT DIVIDED,STRAIGHT AND LEVEL,UNKNOWN,UNKNOWN,,IMPROPER OVERTAKING/PASSING,DISREGARDING STOP SIGN,,NONINCAPACITATING INJURY,0,7,41.9393096775,-87.6442283706,2024,20,POINT (-87.6442283706 41.9393096775),,,,,2024-07-01,False,5,Lake View
11204,30,TRAFFIC SIGNAL,FUNCTIONING PROPERLY,CLEAR,DAYLIGHT,PEDALCYCLIST,DIVIDED - W/MEDIAN (NOT RAISED),"CURVE, LEVEL",DRY,NO DEFECTS,,"VISION OBSCURED (SIGNS, TREE LIMBS, BUILDINGS, ETC.)",NOT APPLICABLE,,NONINCAPACITATING INJURY,15,7,41.9251809303,-87.675466164,2024,30,POINT (-87.675466164 41.9251809303),,,,,2024-07-01,False,6,Lincoln Park
11205,20,STOP SIGN/FLASHER,NO CONTROLS,CLEAR,DAWN,PEDALCYCLIST,NOT DIVIDED,STRAIGHT AND LEVEL,DRY,NO DEFECTS,Y,FAILING TO YIELD RIGHT-OF-WAY,IMPROPER OVERTAKING/PASSING,,NONINCAPACITATING INJURY,17,7,41.9505523437,-87.6837384776,2024,20,POINT (-87.6837384776 41.9505523437),,,,,2024-07-01,False,4,North Center
11206,30,NO CONTROLS,NO CONTROLS,CLEAR,DAYLIGHT,PEDALCYCLIST,NOT DIVIDED,STRAIGHT AND LEVEL,DRY,UNKNOWN,,NOT APPLICABLE,NOT APPLICABLE,Y,NONINCAPACITATING INJURY,18,7,41.9239120202,-87.6992255519,2024,30,POINT (-87.6992255519 41.9239120202),,,,,2024-07-01,False,21,Logan Square