Unnamed: 0,POSTED_SPEED_LIMIT,TRAFFIC_CONTROL_DEVICE,DEVICE_CONDITION,WEATHER_CONDITION,LIGHTING_CONDITION,FIRST_CRASH_TYPE,TRAFFICWAY_TYPE,ALIGNMENT,ROADWAY_SURFACE_COND,ROAD_DEFECT,INTERSECTION_RELATED_I,PRIM_CONTRIBUTORY_CAUSE,SEC_CONTRIBUTORY_CAUSE,DOORING_I,MOST_SEVERE_INJURY,CRASH_HOUR,CRASH_MONTH,LATITUDE,LONGITUDE,CRASH_YEAR,SPEED_LIMIT,geometry,DISPLAYROU,the_geom,DIST,LANE_TYPE,CRASH_DATE,is_severe,index_right,CArea
11207,30,TRAFFIC SIGNAL,UNKNOWN,UNKNOWN,UNKNOWN,PEDALCYCLIST,FOUR WAY,STRAIGHT AND LEVEL,UNKNOWN,UNKNOWN,Y,UNABLE TO DETERMINE,UNABLE TO DETERMINE,,NONINCAPACITATING INJURY,18,7,41.9292037742,-87.6490401365,2024,30,POINT (-87.6490401365 41.9292037742),,,,,2024-07-01,False,6,Lincoln Park
11208,30,TRAFFIC SIGNAL,FUNCTIONING PROPERLY,CLEAR,DAYLIGHT,PEDALCYCLIST,FOUR WAY,STRAIGHT AND LEVEL,DRY,NO DEFECTS,Y,FAILING TO YIELD RIGHT-OF-WAY,NOT APPLICABLE,,INCAPACITATING INJURY,19,7,41.9188043154,-87.7460227291,2024,30,POINT (-87.7460227291 41.9188043154),,,,,2024-07-01,True,18,Belmont Cragin
11209,30,NO CONTROLS,NO CONTROLS,CLEAR,"DARKNESS, LIGHTED ROAD",PEDALCYCLIST,DIVIDED - W/MEDIAN (NOT RAISED),STRAIGHT AND LEVEL,DRY,NO DEFECTS,,IMPROPER OVERTAKING/PASSING,NOT APPLICABLE,,NO INDICATION OF INJURY,21,7,41.9097729667,-87.742791043,2024,30,POINT (-87.742791043 41.9097729667),,,,,2024-07-01,False,24,Austin
11210,30,STOP SIGN/FLASHER,FUNCTIONING PROPERLY,CLEAR,DAYLIGHT,PEDALCYCLIST,DIVIDED - W/MEDIAN (NOT RAISED),STRAIGHT AND LEVEL,UNKNOWN,UNKNOWN,,UNABLE TO DETERMINE,UNABLE TO DETERMINE,,NONINCAPACITATING INJURY,9,7,41.751591573,-87.5700316604,2024,30,POINT (-87.5700316604 41.751591573),,,,,2024-07-02,False,42,South Shore
11211,30,STOP SIGN/FLASHER,FUNCTIONING PROPERLY,CLOUDY/OVERCAST,DAYLIGHT,PEDALCYCLIST,FOUR WAY,STRAIGHT AND LEVEL,UNKNOWN,NO DEFECTS,Y,DISREGARDING STOP SIGN,FAILING TO YIELD RIGHT-OF-WAY,,NONINCAPACITATING INJURY,11,7,41.880406021,-87.6486363962,2024,30,POINT (-87.6486363962 41.880406021),,,,,2024-07-02,False,27,Near West Side
11212,30,TRAFFIC SIGNAL,FUNCTIONING PROPERLY,RAIN,DAYLIGHT,PEDALCYCLIST,NOT DIVIDED,STRAIGHT AND LEVEL,WET,UNKNOWN,,FOLLOWING TOO CLOSELY,IMPROPER OVERTAKING/PASSING,,NO INDICATION OF INJURY,11,7,42.0161365412,-87.6753658259,2024,30,POINT (-87.6753658259 42.0161365412),,,,,2024-07-02,False,0,Rogers Park
11213,30,NO CONTROLS,NO CONTROLS,CLEAR,DAYLIGHT,PEDALCYCLIST,ONE-WAY,STRAIGHT AND LEVEL,DRY,NO DEFECTS,,UNABLE TO DETERMINE,UNABLE TO DETERMINE,Y,NONINCAPACITATING INJURY,14,7,41.8803054368,-87.6351228719,2024,30,POINT (-87.6351228719 41.8803054368),,,,,2024-07-02,False,27,Near West Side
11214,30,TRAFFIC SIGNAL,UNKNOWN,UNKNOWN,UNKNOWN,PEDALCYCLIST,UNKNOWN INTERSECTION TYPE,STRAIGHT AND LEVEL,UNKNOWN,UNKNOWN,Y,UNABLE TO DETERMINE,UNABLE TO DETERMINE,,NO INDICATION OF INJURY,16,7,41.8948904707,-87.6298719035,2024,30,POINT (-87.6298719035 41.8948904707),,,,,2024-07-02,False,7,Near North Side
11215,0,NO CONTROLS,NO CONTROLS,CLEAR,DAYLIGHT,PEDALCYCLIST,PARKING LOT,STRAIGHT AND LEVEL,DRY,NO DEFECTS,,UNABLE TO DETERMINE,UNABLE TO DETERMINE,,INCAPACITATING INJURY,17,7,42.0163284915,-87.6753982688,2024,0,POINT (-87.6753982688 42.0163284915),,,,,2024-07-02,True,0,Rogers Park
11216,15,NO CONTROLS,NO CONTROLS,CLEAR,DAYLIGHT,PEDALCYCLIST,ALLEY,STRAIGHT AND LEVEL,DRY,UNKNOWN,,UNABLE TO DETERMINE,FAILING TO YIELD RIGHT-OF-WAY,,"REPORTED, NOT EVIDENT",18,7,41.7836148074,-87.6629588263,2024,15,POINT (-87.6629588263 41.7836148074),,,,,2024-07-02,False,66,Englewood
11217,25,STOP SIGN/FLASHER,FUNCTIONING PROPERLY,CLEAR,DAYLIGHT,PEDALCYCLIST,T-INTERSECTION,STRAIGHT AND LEVEL,DRY,NO DEFECTS,Y,"VISION OBSCURED (SIGNS, TREE LIMBS, BUILDINGS, ETC.)",FAILING TO YIELD RIGHT-OF-WAY,,NONINCAPACITATING INJURY,18,7,41.6919329318,-87.5295253039,2024,25,POINT (-87.5295253039 41.6919329318),,,,,2024-07-02,False,51,East Side
11218,30,NO CONTROLS,NO CONTROLS,CLEAR,DAYLIGHT,PEDALCYCLIST,NOT DIVIDED,STRAIGHT AND LEVEL,DRY,NO DEFECTS,,UNABLE TO DETERMINE,UNABLE TO DETERMINE,Y,NO INDICATION OF INJURY,19,7,41.8580978486,-87.6542653341,2024,30,POINT (-87.6542653341 41.8580978486),,,,,2024-07-02,False,27,Near West Side
11219,30,TRAFFIC SIGNAL,FUNCTIONING PROPERLY,CLEAR,"DARKNESS, LIGHTED ROAD",PEDALCYCLIST,FOUR WAY,STRAIGHT AND LEVEL,DRY,NO DEFECTS,Y,UNABLE TO DETERMINE,NOT APPLICABLE,,NO INDICATION OF INJURY,23,7,41.9174533052,-87.688536453,2024,30,POINT (-87.688536453 41.9174533052),,,,,2024-07-02,False,21,Logan Square
11220,30,TRAFFIC SIGNAL,FUNCTIONING PROPERLY,CLEAR,DAYLIGHT,PEDALCYCLIST,UNKNOWN INTERSECTION TYPE,STRAIGHT AND LEVEL,DRY,NO DEFECTS,Y,DISREGARDING TRAFFIC SIGNALS,DISREGARDING OTHER TRAFFIC SIGNS,,NO INDICATION OF INJURY,12,7,41.8949836069,-87.6241061965,2024,30,POINT (-87.6241061965 41.8949836069),,,,,2024-07-03,False,7,Near North Side
11221,35,STOP SIGN/FLASHER,FUNCTIONING PROPERLY,CLEAR,DAYLIGHT,PEDALCYCLIST,DIVIDED - W/MEDIAN (NOT RAISED),STRAIGHT AND LEVEL,DRY,NO DEFECTS,Y,UNABLE TO DETERMINE,UNABLE TO DETERMINE,,NO INDICATION OF INJURY,13,7,41.7464270046,-87.5516058948,2024,35,POINT (-87.5516058948 41.7464270046),,,,,2024-07-03,False,45,South Chicago
11222,30,NO CONTROLS,NO CONTROLS,CLEAR,DAYLIGHT,PEDALCYCLIST,NOT DIVIDED,STRAIGHT AND LEVEL,DRY,NO DEFECTS,,FAILING TO YIELD RIGHT-OF-WAY,UNABLE TO DETERMINE,Y,NONINCAPACITATING INJURY,15,7,42.0082408434,-87.6677275149,2024,30,POINT (-87.6677275149 42.0082408434),,,,,2024-07-03,False,0,Rogers Park
11223,30,BICYCLE CROSSING SIGN,NO CONTROLS,CLEAR,DAYLIGHT,PEDALCYCLIST,FOUR WAY,STRAIGHT AND LEVEL,DRY,NO DEFECTS,,UNABLE TO DETERMINE,NOT APPLICABLE,,"REPORTED, NOT EVIDENT",15,7,41.9474079051,-87.649342634,2024,30,POINT (-87.649342634 41.9474079051),,,,,2024-07-03,False,5,Lake View
11224,30,NO CONTROLS,NO CONTROLS,CLEAR,DAYLIGHT,PEDALCYCLIST,ALLEY,STRAIGHT AND LEVEL,DRY,UNKNOWN,,UNABLE TO DETERMINE,UNABLE TO DETERMINE,,NONINCAPACITATING INJURY,17,7,41.9540685416,-87.7013862545,2024,30,POINT (-87.7013862545 41.9540685416),,,,,2024-07-03,False,15,Irving Park
11225,35,STOP SIGN/FLASHER,FUNCTIONING PROPERLY,CLEAR,"DARKNESS, LIGHTED ROAD",PEDALCYCLIST,NOT DIVIDED,STRAIGHT AND LEVEL,DRY,UNKNOWN,Y,NOT APPLICABLE,NOT APPLICABLE,,NONINCAPACITATING INJURY,20,7,41.9106497138,-87.6727258138,2024,35,POINT (-87.6727258138 41.9106497138),,,,,2024-07-03,False,23,West Town
11226,25,STOP SIGN/FLASHER,FUNCTIONING PROPERLY,CLEAR,DAYLIGHT,PEDALCYCLIST,ONE-WAY,STRAIGHT AND LEVEL,DRY,NO DEFECTS,Y,DISREGARDING STOP SIGN,UNABLE TO DETERMINE,,NO INDICATION OF INJURY,7,7,41.8937989855,-87.7101036029,2024,25,POINT (-87.7101036029 41.8937989855),,,,,2024-07-04,False,22,Humboldt Park
11227,30,TRAFFIC SIGNAL,FUNCTIONING PROPERLY,CLOUDY/OVERCAST,DAYLIGHT,PEDALCYCLIST,NOT DIVIDED,STRAIGHT AND LEVEL,UNKNOWN,UNKNOWN,Y,FAILING TO YIELD RIGHT-OF-WAY,UNABLE TO DETERMINE,,NONINCAPACITATING INJURY,10,7,41.9172335423,-87.7118211585,2024,30,POINT (-87.7118211585 41.9172335423),,,,,2024-07-04,False,21,Logan Square
11228,30,TRAFFIC SIGNAL,FUNCTIONING PROPERLY,CLEAR,DAYLIGHT,PEDALCYCLIST,DIVIDED - W/MEDIAN (NOT RAISED),STRAIGHT AND LEVEL,DRY,NO DEFECTS,Y,FAILING TO YIELD RIGHT-OF-WAY,UNABLE TO DETERMINE,,NONINCAPACITATING INJURY,12,7,41.9512739116,-87.649471564,2024,30,POINT (-87.649471564 41.9512739116),,,,,2024-07-04,False,5,Lake View
11229,30,TRAFFIC SIGNAL,FUNCTIONING PROPERLY,CLEAR,DAYLIGHT,PEDALCYCLIST,"FIVE POINT, OR MORE",STRAIGHT AND LEVEL,DRY,SHOULDER DEFECT,,DISREGARDING TRAFFIC SIGNALS,NOT APPLICABLE,,NO INDICATION OF INJURY,14,7,41.9443729802,-87.654348053,2024,30,POINT (-87.654348053 41.9443729802),,,,,2024-07-04,False,5,Lake View
11230,15,STOP SIGN/FLASHER,FUNCTIONING PROPERLY,RAIN,DAYLIGHT,PEDALCYCLIST,ONE-WAY,STRAIGHT AND LEVEL,DRY,NO DEFECTS,Y,NOT APPLICABLE,NOT APPLICABLE,,NONINCAPACITATING INJURY,14,7,41.6760952705,-87.6239506252,2024,15,POINT (-87.6239506252 41.6760952705),,,,,2024-07-04,False,52,West Pullman
11231,30,STOP SIGN/FLASHER,UNKNOWN,CLEAR,DAYLIGHT,PEDALCYCLIST,ONE-WAY,STRAIGHT AND LEVEL,DRY,UNKNOWN,,UNABLE TO DETERMINE,UNABLE TO DETERMINE,,NONINCAPACITATING INJURY,15,7,41.7788811758,-87.701855225,2024,30,POINT (-87.701855225 41.7788811758),,,,,2024-07-04,False,65,Chicago Lawn
11232,30,STOP SIGN/FLASHER,FUNCTIONING PROPERLY,CLEAR,DAYLIGHT,PEDALCYCLIST,FOUR WAY,STRAIGHT AND LEVEL,DRY,NO DEFECTS,Y,FAILING TO YIELD RIGHT-OF-WAY,NOT APPLICABLE,,NONINCAPACITATING INJURY,18,7,41.9220834356,-87.8008396733,2024,30,POINT (-87.8008396733 41.9220834356),,,,,2024-07-04,False,17,Montclare
11233,30,TRAFFIC SIGNAL,UNKNOWN,CLEAR,DAWN,PEDALCYCLIST,ONE-WAY,STRAIGHT AND LEVEL,DRY,UNKNOWN,Y,UNABLE TO DETERMINE,UNABLE TO DETERMINE,,"REPORTED, NOT EVIDENT",22,7,41.8829218675,-87.7044477659,2024,30,POINT (-87.7044477659 41.8829218675),,,,,2024-07-04,False,26,Garfield Park
11234,30,TRAFFIC SIGNAL,FUNCTIONING PROPERLY,CLEAR,DAYLIGHT,PEDALCYCLIST,FOUR WAY,STRAIGHT AND LEVEL,UNKNOWN,UNKNOWN,Y,TURNING RIGHT ON RED,UNABLE TO DETERMINE,,NONINCAPACITATING INJURY,7,7,41.8844460794,-87.629602189,2024,30,POINT (-87.629602189 41.8844460794),,,,,2024-07-05,False,31,Loop
11235,30,STOP SIGN/FLASHER,OTHER,CLEAR,DAYLIGHT,PEDALCYCLIST,DIVIDED - W/MEDIAN (NOT RAISED),STRAIGHT AND LEVEL,DRY,UNKNOWN,,UNABLE TO DETERMINE,UNABLE TO DETERMINE,,"REPORTED, NOT EVIDENT",12,7,41.9282206012,-87.7109260666,2024,30,POINT (-87.7109260666 41.9282206012),,,,,2024-07-05,False,21,Logan Square
11236,25,TRAFFIC SIGNAL,FUNCTIONING PROPERLY,CLEAR,DAYLIGHT,PEDALCYCLIST,FOUR WAY,STRAIGHT AND LEVEL,DRY,NO DEFECTS,Y,UNABLE TO DETERMINE,NOT APPLICABLE,,NONINCAPACITATING INJURY,12,7,41.9676016388,-87.846693781,2024,25,POINT (-87.846693781 41.9676016388),,,,,2024-07-05,False,75,O'Hare
11237,25,TRAFFIC SIGNAL,FUNCTIONING PROPERLY,CLEAR,DAYLIGHT,PEDALCYCLIST,NOT DIVIDED,STRAIGHT AND LEVEL,DRY,NO DEFECTS,Y,DRIVING SKILLS/KNOWLEDGE/EXPERIENCE,FAILING TO YIELD RIGHT-OF-WAY,,NONINCAPACITATING INJURY,13,7,41.9821711731,-87.7876916991,2024,25,POINT (-87.7876916991 41.9821711731),,,,,2024-07-05,False,10,Jefferson Park
11238,30,NO CONTROLS,NO CONTROLS,CLEAR,DAYLIGHT,PEDALCYCLIST,NOT DIVIDED,STRAIGHT AND LEVEL,DRY,NO DEFECTS,Y,UNABLE TO DETERMINE,NOT APPLICABLE,,NONINCAPACITATING INJURY,15,7,41.9536610001,-87.650110007,2024,30,POINT (-87.650110007 41.9536610001),,,,,2024-07-05,False,5,Lake View
11239,30,STOP SIGN/FLASHER,FUNCTIONING PROPERLY,CLEAR,DAYLIGHT,PEDALCYCLIST,FOUR WAY,STRAIGHT AND LEVEL,DRY,NO DEFECTS,Y,DRIVING SKILLS/KNOWLEDGE/EXPERIENCE,NOT APPLICABLE,,NONINCAPACITATING INJURY,17,7,41.8817812658,-87.6510175845,2024,30,POINT (-87.6510175845 41.8817812658),,,,,2024-07-05,False,27,Near West Side
11240,30,TRAFFIC SIGNAL,FUNCTIONING IMPROPERLY,CLEAR,DUSK,PEDALCYCLIST,FOUR WAY,STRAIGHT AND LEVEL,DRY,UNKNOWN,Y,FAILING TO REDUCE SPEED TO AVOID CRASH,FAILING TO REDUCE SPEED TO AVOID CRASH,,NONINCAPACITATING INJURY,18,7,42.0101489603,-87.6702606946,2024,30,POINT (-87.6702606946 42.0101489603),,,,,2024-07-05,False,0,Rogers Park
11241,30,NO CONTROLS,NO CONTROLS,CLEAR,DAYLIGHT,PEDALCYCLIST,FOUR WAY,STRAIGHT AND LEVEL,DRY,NO DEFECTS,Y,DRIVING SKILLS/KNOWLEDGE/EXPERIENCE,DISTRACTION - FROM OUTSIDE VEHICLE,,NONINCAPACITATING INJURY,18,7,41.9535954311,-87.7414772347,2024,30,POINT (-87.7414772347 41.9535954311),,,,,2024-07-05,False,15,Irving Park
11242,30,TRAFFIC SIGNAL,FUNCTIONING PROPERLY,CLEAR,"DARKNESS, LIGHTED ROAD",PEDALCYCLIST,ONE-WAY,STRAIGHT AND LEVEL,DRY,NO DEFECTS,,IMPROPER OVERTAKING/PASSING,IMPROPER OVERTAKING/PASSING,,"REPORTED, NOT EVIDENT",22,7,41.8916012848,-87.6297967052,2024,30,POINT (-87.6297967052 41.8916012848),,,,,2024-07-05,False,7,Near North Side
11243,30,NO CONTROLS,NO CONTROLS,CLEAR,"DARKNESS, LIGHTED ROAD",PEDALCYCLIST,DIVIDED - W/MEDIAN (NOT RAISED),STRAIGHT AND LEVEL,DRY,NO DEFECTS,,DRIVING SKILLS/KNOWLEDGE/EXPERIENCE,UNABLE TO DETERMINE,,NONINCAPACITATING INJURY,23,7,41.9389859512,-87.7271219709,2024,30,POINT (-87.7271219709 41.9389859512),,,,,2024-07-05,False,15,Irving Park
11244,30,NO CONTROLS,NO CONTROLS,CLEAR,DAYLIGHT,PEDALCYCLIST,NOT DIVIDED,STRAIGHT AND LEVEL,DRY,NO DEFECTS,,UNABLE TO DETERMINE,NOT APPLICABLE,,"REPORTED, NOT EVIDENT",0,7,41.917167001,-87.6584532264,2024,30,POINT (-87.6584532264 41.917167001),,,,,2024-07-06,False,6,Lincoln Park
11245,30,PEDESTRIAN CROSSING SIGN,FUNCTIONING PROPERLY,CLEAR,DAYLIGHT,PEDALCYCLIST,NOT DIVIDED,STRAIGHT AND LEVEL,DRY,UNKNOWN,,FAILING TO YIELD RIGHT-OF-WAY,DRIVING SKILLS/KNOWLEDGE/EXPERIENCE,,NO INDICATION OF INJURY,13,7,41.6917133981,-87.5295267462,2024,30,POINT (-87.5295267462 41.6917133981),,,,,2024-07-06,False,51,East Side
11246,30,NO CONTROLS,NO CONTROLS,CLEAR,DAYLIGHT,PEDALCYCLIST,NOT DIVIDED,STRAIGHT AND LEVEL,DRY,NO DEFECTS,,FAILING TO YIELD RIGHT-OF-WAY,NOT APPLICABLE,Y,NONINCAPACITATING INJURY,13,7,41.9321181656,-87.6445643934,2024,30,POINT (-87.6445643934 41.9321181656),,,,,2024-07-06,False,6,Lincoln Park
11247,30,TRAFFIC SIGNAL,FUNCTIONING PROPERLY,CLEAR,DAYLIGHT,PEDALCYCLIST,FOUR WAY,STRAIGHT AND LEVEL,DRY,UNKNOWN,Y,UNABLE TO DETERMINE,UNABLE TO DETERMINE,,NO INDICATION OF INJURY,16,7,41.8773757213,-87.7061634995,2024,30,POINT (-87.7061634995 41.8773757213),,,,,2024-07-06,False,26,Garfield Park
11248,35,TRAFFIC SIGNAL,FUNCTIONING PROPERLY,CLEAR,DAYLIGHT,PEDALCYCLIST,FOUR WAY,STRAIGHT AND LEVEL,DRY,NO DEFECTS,Y,FAILING TO REDUCE SPEED TO AVOID CRASH,FAILING TO YIELD RIGHT-OF-WAY,,NONINCAPACITATING INJURY,16,7,41.8774362051,-87.7061343001,2024,35,POINT (-87.7061343001 41.8774362051),,,,,2024-07-06,False,26,Garfield Park
11249,30,NO CONTROLS,NO CONTROLS,UNKNOWN,DAYLIGHT,PEDALCYCLIST,NOT DIVIDED,STRAIGHT AND LEVEL,UNKNOWN,UNKNOWN,,NOT APPLICABLE,NOT APPLICABLE,Y,NONINCAPACITATING INJURY,17,7,41.9071299092,-87.6600486865,2024,30,POINT (-87.6600486865 41.9071299092),,,,,2024-07-06,False,23,West Town
11250,30,PEDESTRIAN CROSSING SIGN,NO CONTROLS,CLEAR,DAYLIGHT,PEDALCYCLIST,DIVIDED - W/MEDIAN (NOT RAISED),STRAIGHT AND LEVEL,DRY,NO DEFECTS,,DISREGARDING YIELD SIGN,UNABLE TO DETERMINE,,NO INDICATION OF INJURY,18,7,41.938698899,-87.7653319345,2024,30,POINT (-87.7653319345 41.938698899),,,,,2024-07-06,False,14,Portage Park
11251,30,TRAFFIC SIGNAL,FUNCTIONING PROPERLY,CLEAR,DAYLIGHT,PEDALCYCLIST,FOUR WAY,STRAIGHT AND LEVEL,DRY,NO DEFECTS,Y,DRIVING SKILLS/KNOWLEDGE/EXPERIENCE,FAILING TO REDUCE SPEED TO AVOID CRASH,,INCAPACITATING INJURY,19,7,41.8590298265,-87.7056009953,2024,30,POINT (-87.7056009953 41.8590298265),,,,,2024-07-06,True,28,North Lawndale
11252,30,TRAFFIC SIGNAL,FUNCTIONING PROPERLY,CLEAR,"DARKNESS, LIGHTED ROAD",PEDALCYCLIST,ONE-WAY,STRAIGHT AND LEVEL,DRY,NO DEFECTS,Y,NOT APPLICABLE,NOT APPLICABLE,,NO INDICATION OF INJURY,19,7,41.7289307234,-87.6253827563,2024,30,POINT (-87.6253827563 41.7289307234),,,,,2024-07-06,False,43,Chatham
11253,25,TRAFFIC SIGNAL,FUNCTIONING PROPERLY,CLEAR,DAYLIGHT,PEDALCYCLIST,"FIVE POINT, OR MORE",STRAIGHT AND LEVEL,DRY,NO DEFECTS,Y,UNDER THE INFLUENCE OF ALCOHOL/DRUGS (USE WHEN ARREST IS EFFECTED),FAILING TO YIELD RIGHT-OF-WAY,,INCAPACITATING INJURY,9,7,41.9343469334,-87.6614243456,2024,25,POINT (-87.6614243456 41.9343469334),,,,,2024-07-07,True,5,Lake View
11254,35,NO CONTROLS,NO CONTROLS,CLEAR,DAYLIGHT,PEDALCYCLIST,DIVIDED - W/MEDIAN BARRIER,STRAIGHT AND LEVEL,DRY,NO DEFECTS,Y,FAILING TO REDUCE SPEED TO AVOID CRASH,NOT APPLICABLE,,NONINCAPACITATING INJURY,13,7,41.97456751,-87.6599677774,2024,35,POINT (-87.6599677774 41.97456751),,,,,2024-07-07,False,2,Uptown
11255,25,NO CONTROLS,NO CONTROLS,CLOUDY/OVERCAST,DAYLIGHT,PEDALCYCLIST,NOT DIVIDED,STRAIGHT AND LEVEL,DRY,NO DEFECTS,,UNABLE TO DETERMINE,UNABLE TO DETERMINE,,NO INDICATION OF INJURY,14,7,41.9023588879,-87.7264401212,2024,25,POINT (-87.7264401212 41.9023588879),,,,,2024-07-07,False,22,Humboldt Park
11256,30,TRAFFIC SIGNAL,FUNCTIONING PROPERLY,CLEAR,DAYLIGHT,PEDALCYCLIST,FOUR WAY,STRAIGHT AND LEVEL,DRY,NO DEFECTS,Y,IMPROPER TURNING/NO SIGNAL,NOT APPLICABLE,,NONINCAPACITATING INJURY,15,7,41.7137558726,-87.6688672612,2024,30,POINT (-87.6688672612 41.7137558726),,,,,2024-07-07,False,71,Beverly
11257,30,TRAFFIC SIGNAL,FUNCTIONING PROPERLY,OTHER,DAYLIGHT,PEDALCYCLIST,FOUR WAY,STRAIGHT AND LEVEL,WET,NO DEFECTS,Y,DISREGARDING ROAD MARKINGS,NOT APPLICABLE,,NONINCAPACITATING INJURY,16,7,41.871774309,-87.6260827939,2024,30,POINT (-87.6260827939 41.871774309),,,,,2024-07-07,False,31,Loop
11258,25,NO CONTROLS,NO CONTROLS,CLEAR,DAYLIGHT,PEDALCYCLIST,ONE-WAY,STRAIGHT AND LEVEL,DRY,NO DEFECTS,N,FAILING TO YIELD RIGHT-OF-WAY,UNABLE TO DETERMINE,,NONINCAPACITATING INJURY,9,7,41.968783337,-87.7230083029,2024,25,POINT (-87.7230083029 41.968783337),,,,,2024-07-08,False,13,Albany Park
11259,30,NO CONTROLS,NO CONTROLS,CLEAR,DAYLIGHT,PEDALCYCLIST,DIVIDED - W/MEDIAN BARRIER,STRAIGHT AND LEVEL,DRY,NO DEFECTS,,UNABLE TO DETERMINE,UNABLE TO DETERMINE,,NO INDICATION OF INJURY,11,7,41.9536224519,-87.7220964412,2024,30,POINT (-87.7220964412 41.9536224519),,,,,2024-07-08,False,15,Irving Park
11260,25,NO CONTROLS,NO CONTROLS,CLEAR,DAYLIGHT,PEDALCYCLIST,ONE-WAY,STRAIGHT AND LEVEL,DRY,NO DEFECTS,,IMPROPER OVERTAKING/PASSING,FAILING TO YIELD RIGHT-OF-WAY,Y,NONINCAPACITATING INJURY,12,7,42.0046061406,-87.704456393,2024,25,POINT (-87.704456393 42.0046061406),,,,,2024-07-08,False,1,West Ridge
11261,25,TRAFFIC SIGNAL,FUNCTIONING PROPERLY,CLEAR,DAYLIGHT,PEDALCYCLIST,NOT DIVIDED,STRAIGHT AND LEVEL,DRY,NO DEFECTS,Y,DISREGARDING OTHER TRAFFIC SIGNS,FAILING TO YIELD RIGHT-OF-WAY,,NONINCAPACITATING INJURY,14,7,41.8919581856,-87.6175712955,2024,25,POINT (-87.6175712955 41.8919581856),,,,,2024-07-08,False,7,Near North Side
11262,30,TRAFFIC SIGNAL,FUNCTIONING PROPERLY,UNKNOWN,DAYLIGHT,PEDALCYCLIST,DIVIDED - W/MEDIAN (NOT RAISED),STRAIGHT AND LEVEL,UNKNOWN,UNKNOWN,,UNABLE TO DETERMINE,UNABLE TO DETERMINE,,NONINCAPACITATING INJURY,15,7,41.9972784744,-87.7094073572,2024,30,POINT (-87.7094073572 41.9972784744),,,,,2024-07-08,False,1,West Ridge
11263,35,TRAFFIC SIGNAL,FUNCTIONING PROPERLY,CLEAR,DAYLIGHT,PEDALCYCLIST,NOT DIVIDED,STRAIGHT AND LEVEL,DRY,NO DEFECTS,,FAILING TO YIELD RIGHT-OF-WAY,NOT APPLICABLE,,NO INDICATION OF INJURY,17,7,41.7544587625,-87.7414657725,2024,35,POINT (-87.7414657725 41.7544587625),,,,,2024-07-08,False,64,West Lawn
11264,30,TRAFFIC SIGNAL,FUNCTIONING PROPERLY,CLEAR,DAYLIGHT,PEDALCYCLIST,NOT DIVIDED,STRAIGHT AND LEVEL,DRY,NO DEFECTS,,UNABLE TO DETERMINE,UNABLE TO DETERMINE,,NONINCAPACITATING INJURY,8,7,41.8939587626,-87.6478411876,2024,30,POINT (-87.6478411876 41.8939587626),,,,,2024-07-09,False,7,Near North Side
11265,30,NO CONTROLS,NO CONTROLS,CLEAR,DAYLIGHT,PEDALCYCLIST,ALLEY,STRAIGHT AND LEVEL,DRY,UNKNOWN,,UNABLE TO DETERMINE,UNABLE TO DETERMINE,,NONINCAPACITATING INJURY,11,7,41.7897970864,-87.7158380659,2024,30,POINT (-87.7158380659 41.7897970864),,,,,2024-07-09,False,61,West Elsdon
11266,35,STOP SIGN/FLASHER,FUNCTIONING PROPERLY,RAIN,DAYLIGHT,PEDALCYCLIST,NOT DIVIDED,STRAIGHT AND LEVEL,WET,NO DEFECTS,,FAILING TO YIELD RIGHT-OF-WAY,UNABLE TO DETERMINE,,NONINCAPACITATING INJURY,15,7,41.6949974144,-87.7096527485,2024,35,POINT (-87.7096527485 41.6949974144),,,,,2024-07-09,False,73,Mount Greenwood
11267,20,STOP SIGN/FLASHER,FUNCTIONING PROPERLY,CLOUDY/OVERCAST,DAYLIGHT,PEDALCYCLIST,NOT DIVIDED,STRAIGHT AND LEVEL,DRY,NO DEFECTS,Y,FAILING TO YIELD RIGHT-OF-WAY,"EVASIVE ACTION DUE TO ANIMAL, OBJECT, NONMOTORIST",Y,NONINCAPACITATING INJURY,16,7,41.9741005474,-87.6680282701,2024,20,POINT (-87.6680282701 41.9741005474),,,,,2024-07-09,False,2,Uptown
11268,30,TRAFFIC SIGNAL,FUNCTIONING PROPERLY,CLEAR,DUSK,PEDALCYCLIST,FOUR WAY,STRAIGHT AND LEVEL,DRY,NO DEFECTS,Y,IMPROPER TURNING/NO SIGNAL,IMPROPER TURNING/NO SIGNAL,,NONINCAPACITATING INJURY,16,7,41.909656501,-87.7355555467,2024,30,POINT (-87.7355555467 41.909656501),,,,,2024-07-09,False,22,Humboldt Park
11269,25,TRAFFIC SIGNAL,NO CONTROLS,RAIN,DAYLIGHT,PEDALCYCLIST,FOUR WAY,STRAIGHT AND LEVEL,WET,NO DEFECTS,Y,DRIVING SKILLS/KNOWLEDGE/EXPERIENCE,DRIVING SKILLS/KNOWLEDGE/EXPERIENCE,,NO INDICATION OF INJURY,17,7,41.8948096944,-87.6415388496,2024,25,POINT (-87.6415388496 41.8948096944),,,,,2024-07-09,False,7,Near North Side
11270,30,NO CONTROLS,NO CONTROLS,RAIN,DUSK,PEDALCYCLIST,DIVIDED - W/MEDIAN (NOT RAISED),STRAIGHT AND LEVEL,WET,NO DEFECTS,,WEATHER,NOT APPLICABLE,,INCAPACITATING INJURY,19,7,41.8666965732,-87.7250518341,2024,30,POINT (-87.7250518341 41.8666965732),,,,,2024-07-09,True,28,North Lawndale