Unnamed: 0,POSTED_SPEED_LIMIT,TRAFFIC_CONTROL_DEVICE,DEVICE_CONDITION,WEATHER_CONDITION,LIGHTING_CONDITION,FIRST_CRASH_TYPE,TRAFFICWAY_TYPE,ALIGNMENT,ROADWAY_SURFACE_COND,ROAD_DEFECT,INTERSECTION_RELATED_I,PRIM_CONTRIBUTORY_CAUSE,SEC_CONTRIBUTORY_CAUSE,DOORING_I,MOST_SEVERE_INJURY,CRASH_HOUR,CRASH_MONTH,LATITUDE,LONGITUDE,CRASH_YEAR,SPEED_LIMIT,geometry,DISPLAYROU,the_geom,DIST,LANE_TYPE,CRASH_DATE,is_severe,index_right,CArea
11271,30,STOP SIGN/FLASHER,FUNCTIONING PROPERLY,CLEAR,DAYLIGHT,PEDALCYCLIST,NOT DIVIDED,STRAIGHT AND LEVEL,WET,NO DEFECTS,,NOT APPLICABLE,NOT APPLICABLE,,NO INDICATION OF INJURY,8,7,41.9528584391,-87.7825787488,2024,30,POINT (-87.7825787488 41.9528584391),,,,,2024-07-10,False,14,Portage Park
11272,30,NO CONTROLS,NO CONTROLS,RAIN,DAYLIGHT,PEDALCYCLIST,PARKING LOT,STRAIGHT AND LEVEL,WET,NO DEFECTS,,UNABLE TO DETERMINE,FAILING TO YIELD RIGHT-OF-WAY,,NONINCAPACITATING INJURY,8,7,41.8227019927,-87.7043217553,2024,30,POINT (-87.7043217553 41.8227019927),,,,,2024-07-10,False,29,South Lawndale
11273,30,UNKNOWN,UNKNOWN,CLEAR,DAYLIGHT,PEDALCYCLIST,DIVIDED - W/MEDIAN (NOT RAISED),STRAIGHT AND LEVEL,DRY,UNKNOWN,,FAILING TO YIELD RIGHT-OF-WAY,UNABLE TO DETERMINE,,NO INDICATION OF INJURY,15,7,41.9684048524,-87.7230837286,2024,30,POINT (-87.7230837286 41.9684048524),,,,,2024-07-10,False,13,Albany Park
11274,25,NO CONTROLS,NO CONTROLS,CLEAR,DAYLIGHT,PEDALCYCLIST,DIVIDED - W/MEDIAN (NOT RAISED),STRAIGHT AND LEVEL,DRY,UNKNOWN,,UNABLE TO DETERMINE,UNABLE TO DETERMINE,,NONINCAPACITATING INJURY,15,7,41.8444404228,-87.7183949235,2024,25,POINT (-87.7183949235 41.8444404228),,,,,2024-07-10,False,29,South Lawndale
11275,35,TRAFFIC SIGNAL,FUNCTIONING PROPERLY,CLEAR,DAYLIGHT,PEDALCYCLIST,FOUR WAY,STRAIGHT AND LEVEL,DRY,NO DEFECTS,Y,FAILING TO YIELD RIGHT-OF-WAY,NOT APPLICABLE,Y,NONINCAPACITATING INJURY,17,7,41.8899249572,-87.6300321139,2024,35,POINT (-87.6300321139 41.8899249572),,,,,2024-07-10,False,7,Near North Side
11276,30,NO CONTROLS,UNKNOWN,CLEAR,DAYLIGHT,PEDALCYCLIST,DIVIDED - W/MEDIAN (NOT RAISED),STRAIGHT AND LEVEL,DRY,NO DEFECTS,,UNABLE TO DETERMINE,UNABLE TO DETERMINE,,NO INDICATION OF INJURY,19,7,41.6925258376,-87.6192509519,2024,30,POINT (-87.6192509519 41.6925258376),,,,,2024-07-10,False,48,Roseland
11277,30,TRAFFIC SIGNAL,FUNCTIONING PROPERLY,CLEAR,DAYLIGHT,PEDALCYCLIST,FOUR WAY,STRAIGHT AND LEVEL,DRY,NO DEFECTS,Y,DISREGARDING TRAFFIC SIGNALS,TURNING RIGHT ON RED,,NONINCAPACITATING INJURY,10,7,41.8818795355,-87.7255580307,2024,30,POINT (-87.7255580307 41.8818795355),,,,,2024-07-11,False,25,Garfield Park
11278,30,TRAFFIC SIGNAL,FUNCTIONING PROPERLY,CLEAR,DAYLIGHT,PEDALCYCLIST,FOUR WAY,STRAIGHT AND LEVEL,DRY,UNKNOWN,Y,UNABLE TO DETERMINE,UNABLE TO DETERMINE,,NONINCAPACITATING INJURY,13,7,41.6778784848,-87.6276048255,2024,30,POINT (-87.6276048255 41.6778784848),,,,,2024-07-11,False,52,West Pullman
11279,25,NO CONTROLS,NO CONTROLS,CLEAR,DAYLIGHT,PEDALCYCLIST,ALLEY,STRAIGHT AND LEVEL,DRY,NO DEFECTS,Y,NOT APPLICABLE,NOT APPLICABLE,,NONINCAPACITATING INJURY,14,7,41.942006669,-87.7618540279,2024,25,POINT (-87.7618540279 41.942006669),,,,,2024-07-11,False,14,Portage Park
11280,30,NO CONTROLS,NO CONTROLS,CLEAR,DAYLIGHT,PEDALCYCLIST,NOT DIVIDED,STRAIGHT AND LEVEL,DRY,NO DEFECTS,Y,FAILING TO YIELD RIGHT-OF-WAY,NOT APPLICABLE,,NONINCAPACITATING INJURY,15,7,41.7981481385,-87.7626138755,2024,30,POINT (-87.7626138755 41.7981481385),,,,,2024-07-11,False,55,Garfield Ridge
11281,30,NO CONTROLS,NO CONTROLS,CLEAR,DAYLIGHT,PEDALCYCLIST,NOT DIVIDED,STRAIGHT AND LEVEL,DRY,UNKNOWN,,IMPROPER OVERTAKING/PASSING,NOT APPLICABLE,,NO INDICATION OF INJURY,15,7,41.9545116594,-87.6984026794,2024,30,POINT (-87.6984026794 41.9545116594),,,,,2024-07-11,False,15,Irving Park
11282,30,NO CONTROLS,NO CONTROLS,CLEAR,DAYLIGHT,PEDALCYCLIST,DIVIDED - W/MEDIAN (NOT RAISED),STRAIGHT AND LEVEL,DRY,UNKNOWN,,UNABLE TO DETERMINE,NOT APPLICABLE,,NONINCAPACITATING INJURY,16,7,41.8951328476,-87.6539071003,2024,30,POINT (-87.6539071003 41.8951328476),,,,,2024-07-11,False,7,Near North Side
11283,30,NO CONTROLS,NO CONTROLS,CLEAR,DAYLIGHT,PEDALCYCLIST,DIVIDED - W/MEDIAN (NOT RAISED),STRAIGHT AND LEVEL,DRY,NO DEFECTS,,IMPROPER LANE USAGE,UNABLE TO DETERMINE,,"REPORTED, NOT EVIDENT",16,7,41.9206953012,-87.6778756726,2024,30,POINT (-87.6778756726 41.9206953012),,,,,2024-07-11,False,6,Lincoln Park
11284,30,NO CONTROLS,NO CONTROLS,CLEAR,DAYLIGHT,PEDALCYCLIST,NOT DIVIDED,STRAIGHT AND LEVEL,DRY,NO DEFECTS,,IMPROPER LANE USAGE,NOT APPLICABLE,,NONINCAPACITATING INJURY,19,7,41.9181857033,-87.634546039,2024,30,POINT (-87.634546039 41.9181857033),,,,,2024-07-11,False,6,Lincoln Park
11285,30,NO CONTROLS,NO CONTROLS,CLEAR,"DARKNESS, LIGHTED ROAD",PEDALCYCLIST,DIVIDED - W/MEDIAN (NOT RAISED),STRAIGHT AND LEVEL,DRY,NO DEFECTS,,UNABLE TO DETERMINE,NOT APPLICABLE,,NONINCAPACITATING INJURY,20,7,41.9311868063,-87.7803792358,2024,30,POINT (-87.7803792358 41.9311868063),,,,,2024-07-11,False,18,Belmont Cragin
11286,30,NO CONTROLS,NO CONTROLS,CLEAR,"DARKNESS, LIGHTED ROAD",PEDALCYCLIST,DIVIDED - W/MEDIAN BARRIER,STRAIGHT AND LEVEL,DRY,NO DEFECTS,,UNABLE TO DETERMINE,UNABLE TO DETERMINE,Y,NO INDICATION OF INJURY,22,7,41.8757452922,-87.6279742471,2024,30,POINT (-87.6279742471 41.8757452922),,,,,2024-07-11,False,31,Loop
11287,30,STOP SIGN/FLASHER,FUNCTIONING PROPERLY,CLEAR,"DARKNESS, LIGHTED ROAD",PEDALCYCLIST,FOUR WAY,STRAIGHT AND LEVEL,DRY,WORN SURFACE,Y,FAILING TO YIELD RIGHT-OF-WAY,UNABLE TO DETERMINE,,NONINCAPACITATING INJURY,23,7,41.8989343791,-87.7236941122,2024,30,POINT (-87.7236941122 41.8989343791),,,,,2024-07-11,False,22,Humboldt Park
11288,5,NO CONTROLS,NO CONTROLS,CLEAR,DAYLIGHT,PEDALCYCLIST,OTHER,STRAIGHT AND LEVEL,DRY,NO DEFECTS,,FOLLOWING TOO CLOSELY,IMPROPER OVERTAKING/PASSING,,NO INDICATION OF INJURY,6,7,41.9118569525,-87.6261695233,2024,5,POINT (-87.6261695233 41.9118569525),,,,,2024-07-12,False,6,Lincoln Park
11289,30,STOP SIGN/FLASHER,FUNCTIONING PROPERLY,CLEAR,DAYLIGHT,PEDALCYCLIST,ONE-WAY,STRAIGHT AND LEVEL,DRY,NO DEFECTS,Y,FAILING TO YIELD RIGHT-OF-WAY,"VISION OBSCURED (SIGNS, TREE LIMBS, BUILDINGS, ETC.)",,NONINCAPACITATING INJURY,8,7,41.913734807,-87.634839752,2024,30,POINT (-87.634839752 41.913734807),,,,,2024-07-12,False,6,Lincoln Park
11290,30,STOP SIGN/FLASHER,FUNCTIONING PROPERLY,CLEAR,DAYLIGHT,PEDALCYCLIST,NOT DIVIDED,STRAIGHT AND LEVEL,DRY,NO DEFECTS,Y,UNABLE TO DETERMINE,UNABLE TO DETERMINE,,NO INDICATION OF INJURY,9,7,41.9944229682,-87.6675725307,2024,30,POINT (-87.6675725307 41.9944229682),,,,,2024-07-12,False,76,Edgewater
11291,30,NO CONTROLS,NO CONTROLS,CLEAR,DAYLIGHT,PEDALCYCLIST,ONE-WAY,STRAIGHT AND LEVEL,DRY,NO DEFECTS,,UNABLE TO DETERMINE,UNABLE TO DETERMINE,,NO INDICATION OF INJURY,13,7,41.9167767274,-87.7589621902,2024,30,POINT (-87.7589621902 41.9167767274),,,,,2024-07-12,False,18,Belmont Cragin
11292,30,NO CONTROLS,NO CONTROLS,CLEAR,DAYLIGHT,PEDALCYCLIST,NOT DIVIDED,STRAIGHT AND LEVEL,DRY,UNKNOWN,,DRIVING SKILLS/KNOWLEDGE/EXPERIENCE,DRIVING SKILLS/KNOWLEDGE/EXPERIENCE,,NONINCAPACITATING INJURY,13,7,41.8845866284,-87.630861541,2024,30,POINT (-87.630861541 41.8845866284),,,,,2024-07-12,False,31,Loop
11293,30,TRAFFIC SIGNAL,FUNCTIONING PROPERLY,CLEAR,DAYLIGHT,PEDALCYCLIST,Y-INTERSECTION,STRAIGHT AND LEVEL,DRY,NO DEFECTS,Y,FAILING TO YIELD RIGHT-OF-WAY,NOT APPLICABLE,,NONINCAPACITATING INJURY,16,7,41.8912018975,-87.6478526276,2024,30,POINT (-87.6478526276 41.8912018975),,,,,2024-07-12,False,7,Near North Side
11294,30,NO CONTROLS,NO CONTROLS,CLEAR,DAYLIGHT,PEDALCYCLIST,NOT DIVIDED,STRAIGHT AND LEVEL,DRY,NO DEFECTS,,UNABLE TO DETERMINE,UNABLE TO DETERMINE,,NONINCAPACITATING INJURY,18,7,41.8308206383,-87.6491314138,2024,30,POINT (-87.6491314138 41.8308206383),,,,,2024-07-12,False,59,Bridgeport
11295,30,STOP SIGN/FLASHER,FUNCTIONING PROPERLY,CLEAR,DAYLIGHT,PEDALCYCLIST,FOUR WAY,STRAIGHT AND LEVEL,DRY,NO DEFECTS,Y,DRIVING ON WRONG SIDE/WRONG WAY,FAILING TO YIELD RIGHT-OF-WAY,,NONINCAPACITATING INJURY,18,7,41.9683768486,-87.7071066896,2024,30,POINT (-87.7071066896 41.9683768486),,,,,2024-07-12,False,13,Albany Park
11296,30,TRAFFIC SIGNAL,FUNCTIONING PROPERLY,CLEAR,DAYLIGHT,PEDALCYCLIST,Y-INTERSECTION,STRAIGHT AND LEVEL,DRY,NO DEFECTS,Y,DISREGARDING TRAFFIC SIGNALS,MOTORCYCLE ADVANCING LEGALLY ON RED LIGHT,,NONINCAPACITATING INJURY,19,7,41.943079498,-87.6543503054,2024,30,POINT (-87.6543503054 41.943079498),,,,,2024-07-12,False,5,Lake View
11297,30,NO CONTROLS,NO CONTROLS,CLEAR,"DARKNESS, LIGHTED ROAD",PEDALCYCLIST,FOUR WAY,STRAIGHT AND LEVEL,DRY,NO DEFECTS,Y,UNABLE TO DETERMINE,NOT APPLICABLE,,NONINCAPACITATING INJURY,21,7,41.8463788103,-87.6978933796,2024,30,POINT (-87.6978933796 41.8463788103),,,,,2024-07-12,False,28,North Lawndale
11298,30,TRAFFIC SIGNAL,FUNCTIONING PROPERLY,CLEAR,"DARKNESS, LIGHTED ROAD",PEDALCYCLIST,"FIVE POINT, OR MORE",STRAIGHT AND LEVEL,DRY,NO DEFECTS,Y,DISREGARDING TRAFFIC SIGNALS,NOT APPLICABLE,,NO INDICATION OF INJURY,23,7,41.8889572775,-87.6457392862,2024,30,POINT (-87.6457392862 41.8889572775),,,,,2024-07-12,False,7,Near North Side
11299,30,TRAFFIC SIGNAL,UNKNOWN,UNKNOWN,UNKNOWN,PEDALCYCLIST,UNKNOWN INTERSECTION TYPE,STRAIGHT AND LEVEL,UNKNOWN,UNKNOWN,N,UNABLE TO DETERMINE,UNABLE TO DETERMINE,,NONINCAPACITATING INJURY,1,7,41.9330029196,-87.644996856,2024,30,POINT (-87.644996856 41.9330029196),,,,,2024-07-13,False,5,Lake View
11300,30,NO CONTROLS,NO CONTROLS,CLEAR,DAYLIGHT,PEDALCYCLIST,NOT DIVIDED,STRAIGHT AND LEVEL,DRY,NO DEFECTS,,DRIVING SKILLS/KNOWLEDGE/EXPERIENCE,IMPROPER LANE USAGE,,INCAPACITATING INJURY,9,7,41.9234728252,-87.6393486173,2024,30,POINT (-87.6393486173 41.9234728252),,,,,2024-07-13,True,6,Lincoln Park
11301,30,TRAFFIC SIGNAL,FUNCTIONING PROPERLY,CLEAR,DAYLIGHT,PEDALCYCLIST,FOUR WAY,STRAIGHT AND LEVEL,DRY,NO DEFECTS,Y,DISREGARDING TRAFFIC SIGNALS,NOT APPLICABLE,,NO INDICATION OF INJURY,10,7,41.7913535709,-87.5966016037,2024,30,POINT (-87.5966016037 41.7913535709),,,,,2024-07-13,False,40,Hyde Park
11302,30,TRAFFIC SIGNAL,FUNCTIONING PROPERLY,RAIN,"DARKNESS, LIGHTED ROAD",PEDALCYCLIST,NOT DIVIDED,STRAIGHT AND LEVEL,WET,NO DEFECTS,,UNABLE TO DETERMINE,UNABLE TO DETERMINE,,NO INDICATION OF INJURY,10,7,41.8383269412,-87.6176126615,2024,30,POINT (-87.6176126615 41.8383269412),,,,,2024-07-13,False,34,Douglas
11303,30,NO CONTROLS,NO CONTROLS,CLEAR,DAYLIGHT,PEDALCYCLIST,NOT DIVIDED,STRAIGHT AND LEVEL,DRY,NO DEFECTS,,FAILING TO YIELD RIGHT-OF-WAY,UNABLE TO DETERMINE,Y,INCAPACITATING INJURY,11,7,41.8929845422,-87.6822178663,2024,30,POINT (-87.6822178663 41.8929845422),,,,,2024-07-13,True,23,West Town
11304,25,OTHER WARNING SIGN,FUNCTIONING PROPERLY,CLEAR,DAYLIGHT,PEDALCYCLIST,ALLEY,STRAIGHT AND LEVEL,DRY,UNKNOWN,,FAILING TO YIELD RIGHT-OF-WAY,NOT APPLICABLE,,NONINCAPACITATING INJURY,12,7,41.9814829681,-87.6564088826,2024,25,POINT (-87.6564088826 41.9814829681),,,,,2024-07-13,False,76,Edgewater
11305,30,TRAFFIC SIGNAL,FUNCTIONING PROPERLY,CLEAR,DAYLIGHT,PEDALCYCLIST,NOT DIVIDED,STRAIGHT AND LEVEL,DRY,NO DEFECTS,,UNABLE TO DETERMINE,UNABLE TO DETERMINE,,NO INDICATION OF INJURY,13,7,41.9112004704,-87.6345650615,2024,30,POINT (-87.6345650615 41.9112004704),,,,,2024-07-13,False,6,Lincoln Park
11306,30,NO CONTROLS,NO CONTROLS,CLEAR,DAYLIGHT,PEDALCYCLIST,NOT DIVIDED,STRAIGHT AND LEVEL,DRY,NO DEFECTS,,UNABLE TO DETERMINE,UNABLE TO DETERMINE,Y,INCAPACITATING INJURY,14,7,41.9312092072,-87.7855482234,2024,30,POINT (-87.7855482234 41.9312092072),,,,,2024-07-13,True,18,Belmont Cragin
11307,30,TRAFFIC SIGNAL,FUNCTIONING PROPERLY,CLEAR,DAYLIGHT,PEDALCYCLIST,NOT DIVIDED,STRAIGHT AND LEVEL,DRY,NO DEFECTS,Y,FAILING TO YIELD RIGHT-OF-WAY,FAILING TO YIELD RIGHT-OF-WAY,,NO INDICATION OF INJURY,14,7,41.9169344398,-87.7363871475,2024,30,POINT (-87.7363871475 41.9169344398),,,,,2024-07-13,False,19,Hermosa
11308,30,NO CONTROLS,NO CONTROLS,CLEAR,DAYLIGHT,PEDALCYCLIST,NOT DIVIDED,STRAIGHT AND LEVEL,DRY,NO DEFECTS,,FAILING TO YIELD RIGHT-OF-WAY,IMPROPER TURNING/NO SIGNAL,,NONINCAPACITATING INJURY,14,7,41.9174446593,-87.6897917784,2024,30,POINT (-87.6897917784 41.9174446593),,,,,2024-07-13,False,21,Logan Square
11309,30,NO CONTROLS,NO CONTROLS,CLEAR,DAYLIGHT,PEDALCYCLIST,DIVIDED - W/MEDIAN (NOT RAISED),STRAIGHT AND LEVEL,DRY,NO DEFECTS,,IMPROPER OVERTAKING/PASSING,NOT APPLICABLE,,NONINCAPACITATING INJURY,15,7,41.8783101346,-87.6175759034,2024,30,POINT (-87.6175759034 41.8783101346),,,,,2024-07-13,False,31,Loop
11310,30,STOP SIGN/FLASHER,FUNCTIONING PROPERLY,CLEAR,DAYLIGHT,PEDALCYCLIST,DIVIDED - W/MEDIAN (NOT RAISED),STRAIGHT AND LEVEL,DRY,NO DEFECTS,,FAILING TO YIELD RIGHT-OF-WAY,UNABLE TO DETERMINE,,NONINCAPACITATING INJURY,15,7,41.9283326204,-87.7195982701,2024,30,POINT (-87.7195982701 41.9283326204),,,,,2024-07-13,False,21,Logan Square
11311,30,TRAFFIC SIGNAL,FUNCTIONING PROPERLY,CLEAR,DAYLIGHT,PEDALCYCLIST,NOT DIVIDED,STRAIGHT AND LEVEL,DRY,NO DEFECTS,,TURNING RIGHT ON RED,NOT APPLICABLE,,"REPORTED, NOT EVIDENT",15,7,41.8997102447,-87.6610079177,2024,30,POINT (-87.6610079177 41.8997102447),,,,,2024-07-13,False,23,West Town
11312,30,NO CONTROLS,NO CONTROLS,RAIN,DAYLIGHT,PEDALCYCLIST,NOT DIVIDED,STRAIGHT AND LEVEL,DRY,NO DEFECTS,,FAILING TO YIELD RIGHT-OF-WAY,NOT APPLICABLE,,NONINCAPACITATING INJURY,17,7,41.8672399733,-87.6470654964,2024,30,POINT (-87.6470654964 41.8672399733),,,,,2024-07-13,False,27,Near West Side
11313,30,TRAFFIC SIGNAL,FUNCTIONING PROPERLY,CLEAR,DAYLIGHT,PEDALCYCLIST,NOT DIVIDED,STRAIGHT AND LEVEL,DRY,NO DEFECTS,,IMPROPER TURNING/NO SIGNAL,NOT APPLICABLE,,NONINCAPACITATING INJURY,18,7,41.8965617502,-87.6328554826,2024,30,POINT (-87.6328554826 41.8965617502),,,,,2024-07-13,False,7,Near North Side
11314,30,TRAFFIC SIGNAL,FUNCTIONING PROPERLY,CLEAR,DAYLIGHT,PEDALCYCLIST,FOUR WAY,STRAIGHT AND LEVEL,DRY,UNKNOWN,Y,FAILING TO YIELD RIGHT-OF-WAY,NOT APPLICABLE,,INCAPACITATING INJURY,19,7,41.8748397676,-87.6962715652,2024,30,POINT (-87.6962715652 41.8748397676),,,,,2024-07-13,True,26,Garfield Park
11315,30,TRAFFIC SIGNAL,FUNCTIONING PROPERLY,CLEAR,DAYLIGHT,PEDALCYCLIST,DIVIDED - W/MEDIAN (NOT RAISED),STRAIGHT AND LEVEL,DRY,NO DEFECTS,,FAILING TO YIELD RIGHT-OF-WAY,UNABLE TO DETERMINE,,NO INDICATION OF INJURY,19,7,41.9100632544,-87.7018832044,2024,30,POINT (-87.7018832044 41.9100632544),,,,,2024-07-13,False,22,Humboldt Park
11316,35,TRAFFIC SIGNAL,FUNCTIONING PROPERLY,CLEAR,DAYLIGHT,PEDALCYCLIST,FOUR WAY,STRAIGHT AND LEVEL,DRY,NO DEFECTS,Y,BICYCLE ADVANCING LEGALLY ON RED LIGHT,DISREGARDING TRAFFIC SIGNALS,,NONINCAPACITATING INJURY,19,7,41.8781352411,-87.635057584,2024,35,POINT (-87.635057584 41.8781352411),,,,,2024-07-13,False,27,Near West Side
11317,10,NO CONTROLS,NO CONTROLS,CLEAR,DAYLIGHT,PEDALCYCLIST,PARKING LOT,STRAIGHT AND LEVEL,UNKNOWN,NO DEFECTS,,NOT APPLICABLE,NOT APPLICABLE,Y,NO INDICATION OF INJURY,16,7,41.7659900011,-87.5737873367,2024,10,POINT (-87.5737873367 41.7659900011),,,,,2024-07-14,False,41,Woodlawn
11318,10,NO CONTROLS,NO CONTROLS,CLEAR,DAYLIGHT,PEDALCYCLIST,DRIVEWAY,STRAIGHT AND LEVEL,DRY,NO DEFECTS,,UNABLE TO DETERMINE,UNABLE TO DETERMINE,,NONINCAPACITATING INJURY,18,7,41.9324522904,-87.6682489976,2024,10,POINT (-87.6682489976 41.9324522904),,,,,2024-07-14,False,5,Lake View
11319,30,TRAFFIC SIGNAL,FUNCTIONING PROPERLY,CLEAR,DARKNESS,PEDALCYCLIST,FOUR WAY,STRAIGHT AND LEVEL,DRY,NO DEFECTS,Y,NOT APPLICABLE,NOT APPLICABLE,,NO INDICATION OF INJURY,22,7,41.7664308925,-87.6057478606,2024,30,POINT (-87.6057478606 41.7664308925),,,,,2024-07-14,False,41,Woodlawn
11320,45,NO CONTROLS,NO CONTROLS,CLEAR,DAYLIGHT,PEDALCYCLIST,NOT DIVIDED,STRAIGHT AND LEVEL,UNKNOWN,UNKNOWN,,"OPERATING VEHICLE IN ERRATIC, RECKLESS, CARELESS, NEGLIGENT OR AGGRESSIVE MANNER",NOT APPLICABLE,,INCAPACITATING INJURY,10,7,41.7905759736,-87.5792657066,2024,45,POINT (-87.5792657066 41.7905759736),,,,,2024-07-15,True,40,Hyde Park
11321,30,TRAFFIC SIGNAL,FUNCTIONING PROPERLY,CLEAR,DAYLIGHT,PEDALCYCLIST,DIVIDED - W/MEDIAN (NOT RAISED),STRAIGHT AND LEVEL,DRY,NO DEFECTS,,IMPROPER TURNING/NO SIGNAL,IMPROPER TURNING/NO SIGNAL,,NONINCAPACITATING INJURY,11,7,41.9172914956,-87.7070516015,2024,30,POINT (-87.7070516015 41.9172914956),,,,,2024-07-15,False,21,Logan Square
11322,30,STOP SIGN/FLASHER,FUNCTIONING PROPERLY,CLEAR,DAYLIGHT,PEDALCYCLIST,FOUR WAY,STRAIGHT AND LEVEL,DRY,NO DEFECTS,Y,UNABLE TO DETERMINE,UNABLE TO DETERMINE,,NONINCAPACITATING INJURY,13,7,41.9749556937,-87.6924152602,2024,30,POINT (-87.6924152602 41.9749556937),,,,,2024-07-15,False,3,Lincoln Square
11323,25,STOP SIGN/FLASHER,NO CONTROLS,CLEAR,DAYLIGHT,PEDALCYCLIST,NOT DIVIDED,STRAIGHT AND LEVEL,DRY,NO DEFECTS,,UNABLE TO DETERMINE,UNABLE TO DETERMINE,,NO INDICATION OF INJURY,14,7,42.0157445573,-87.6995005811,2024,25,POINT (-87.6995005811 42.0157445573),,,,,2024-07-15,False,1,West Ridge
11324,30,NO CONTROLS,NO CONTROLS,CLEAR,DAYLIGHT,PEDALCYCLIST,NOT DIVIDED,STRAIGHT AND LEVEL,DRY,NO DEFECTS,,NOT APPLICABLE,UNABLE TO DETERMINE,,NO INDICATION OF INJURY,14,7,41.9172618697,-87.757073782,2024,30,POINT (-87.757073782 41.9172618697),,,,,2024-07-15,False,18,Belmont Cragin
11325,30,NO CONTROLS,NO CONTROLS,CLEAR,DAYLIGHT,PEDALCYCLIST,DIVIDED - W/MEDIAN (NOT RAISED),STRAIGHT AND LEVEL,DRY,UNKNOWN,,UNABLE TO DETERMINE,UNABLE TO DETERMINE,,NO INDICATION OF INJURY,16,7,41.9167628449,-87.7549133224,2024,30,POINT (-87.7549133224 41.9167628449),,,,,2024-07-15,False,18,Belmont Cragin
11326,15,NO CONTROLS,NO CONTROLS,CLEAR,DAYLIGHT,PEDALCYCLIST,DIVIDED - W/MEDIAN (NOT RAISED),STRAIGHT AND LEVEL,DRY,NO DEFECTS,N,DRIVING SKILLS/KNOWLEDGE/EXPERIENCE,UNABLE TO DETERMINE,,NONINCAPACITATING INJURY,17,7,41.8114515422,-87.7235746544,2024,15,POINT (-87.7235746544 41.8114515422),,,,,2024-07-15,False,56,Archer Heights
11327,30,TRAFFIC SIGNAL,FUNCTIONING PROPERLY,CLEAR,DAYLIGHT,PEDALCYCLIST,ONE-WAY,STRAIGHT AND LEVEL,DRY,NO DEFECTS,Y,FAILING TO YIELD RIGHT-OF-WAY,IMPROPER TURNING/NO SIGNAL,,NONINCAPACITATING INJURY,18,7,41.8980911511,-87.6299655097,2024,30,POINT (-87.6299655097 41.8980911511),,,,,2024-07-15,False,7,Near North Side
11328,30,STOP SIGN/FLASHER,FUNCTIONING PROPERLY,CLEAR,DAYLIGHT,PEDALCYCLIST,FOUR WAY,STRAIGHT AND LEVEL,DRY,NO DEFECTS,Y,FAILING TO YIELD RIGHT-OF-WAY,FAILING TO YIELD RIGHT-OF-WAY,,NONINCAPACITATING INJURY,18,7,41.7563777343,-87.6216451095,2024,30,POINT (-87.6216451095 41.7563777343),,,,,2024-07-15,False,68,Grand Crossing
11329,30,TRAFFIC SIGNAL,FUNCTIONING PROPERLY,CLEAR,DAYLIGHT,PEDALCYCLIST,DIVIDED - W/MEDIAN BARRIER,STRAIGHT AND LEVEL,DRY,NO DEFECTS,Y,DISREGARDING TRAFFIC SIGNALS,NOT APPLICABLE,,NONINCAPACITATING INJURY,19,7,41.8328321147,-87.6950705374,2024,30,POINT (-87.6950705374 41.8328321147),,,,,2024-07-15,False,29,South Lawndale
11330,30,TRAFFIC SIGNAL,FUNCTIONING PROPERLY,CLEAR,DAYLIGHT,PEDALCYCLIST,FOUR WAY,STRAIGHT AND LEVEL,DRY,NO DEFECTS,Y,FAILING TO YIELD RIGHT-OF-WAY,DRIVING SKILLS/KNOWLEDGE/EXPERIENCE,,NONINCAPACITATING INJURY,8,7,41.9163625315,-87.666311232,2024,30,POINT (-87.666311232 41.9163625315),,,,,2024-07-16,False,6,Lincoln Park
11331,30,NO CONTROLS,NO CONTROLS,CLEAR,DAYLIGHT,PEDALCYCLIST,NOT DIVIDED,STRAIGHT AND LEVEL,DRY,NO DEFECTS,,FAILING TO YIELD RIGHT-OF-WAY,NOT APPLICABLE,,NONINCAPACITATING INJURY,8,7,41.9329963178,-87.6405647785,2024,30,POINT (-87.6405647785 41.9329963178),,,,,2024-07-16,False,5,Lake View
11332,30,NO CONTROLS,NO CONTROLS,CLEAR,DAYLIGHT,PEDALCYCLIST,DIVIDED - W/MEDIAN (NOT RAISED),STRAIGHT AND LEVEL,DRY,UNKNOWN,,UNABLE TO DETERMINE,UNABLE TO DETERMINE,,NO INDICATION OF INJURY,12,7,41.9298181077,-87.7088655439,2024,30,POINT (-87.7088655439 41.9298181077),,,,,2024-07-16,False,21,Logan Square
11333,25,STOP SIGN/FLASHER,FUNCTIONING PROPERLY,CLEAR,DAYLIGHT,PEDALCYCLIST,FOUR WAY,STRAIGHT AND LEVEL,DRY,NO DEFECTS,,NOT APPLICABLE,NOT APPLICABLE,,NO INDICATION OF INJURY,12,7,41.9082120835,-87.7217552269,2024,25,POINT (-87.7217552269 41.9082120835),,,,,2024-07-16,False,22,Humboldt Park
11334,30,PEDESTRIAN CROSSING SIGN,FUNCTIONING PROPERLY,CLEAR,DAYLIGHT,PEDALCYCLIST,DIVIDED - W/MEDIAN BARRIER,STRAIGHT AND LEVEL,DRY,NO DEFECTS,,FAILING TO YIELD RIGHT-OF-WAY,FAILING TO REDUCE SPEED TO AVOID CRASH,,"REPORTED, NOT EVIDENT",14,7,41.9956393863,-87.6703391799,2024,30,POINT (-87.6703391799 41.9956393863),,,,,2024-07-16,False,76,Edgewater