Unnamed: 0,POSTED_SPEED_LIMIT,TRAFFIC_CONTROL_DEVICE,DEVICE_CONDITION,WEATHER_CONDITION,LIGHTING_CONDITION,FIRST_CRASH_TYPE,TRAFFICWAY_TYPE,ALIGNMENT,ROADWAY_SURFACE_COND,ROAD_DEFECT,INTERSECTION_RELATED_I,PRIM_CONTRIBUTORY_CAUSE,SEC_CONTRIBUTORY_CAUSE,DOORING_I,MOST_SEVERE_INJURY,CRASH_HOUR,CRASH_MONTH,LATITUDE,LONGITUDE,CRASH_YEAR,SPEED_LIMIT,geometry,DISPLAYROU,the_geom,DIST,LANE_TYPE,CRASH_DATE,is_severe,index_right,CArea
11335,30,UNKNOWN,UNKNOWN,UNKNOWN,UNKNOWN,PEDALCYCLIST,T-INTERSECTION,STRAIGHT AND LEVEL,UNKNOWN,UNKNOWN,Y,NOT APPLICABLE,NOT APPLICABLE,,"REPORTED, NOT EVIDENT",15,7,41.7545011809,-87.6247890046,2024,30,POINT (-87.6247890046 41.7545011809),,,,,2024-07-16,False,68,Grand Crossing
11336,20,TRAFFIC SIGNAL,NO CONTROLS,CLEAR,DAYLIGHT,PEDALCYCLIST,Y-INTERSECTION,STRAIGHT AND LEVEL,DRY,NO DEFECTS,Y,DISREGARDING TRAFFIC SIGNALS,NOT APPLICABLE,,NO INDICATION OF INJURY,15,7,41.9513224332,-87.6495772634,2024,20,POINT (-87.6495772634 41.9513224332),,,,,2024-07-16,False,5,Lake View
11337,25,NO CONTROLS,NO CONTROLS,CLEAR,DAYLIGHT,PEDALCYCLIST,NOT DIVIDED,STRAIGHT AND LEVEL,DRY,NO DEFECTS,,FAILING TO REDUCE SPEED TO AVOID CRASH,DRIVING ON WRONG SIDE/WRONG WAY,,NONINCAPACITATING INJURY,15,7,41.8962807695,-87.7668080038,2024,25,POINT (-87.7668080038 41.8962807695),,,,,2024-07-16,False,24,Austin
11338,30,TRAFFIC SIGNAL,FUNCTIONING PROPERLY,CLEAR,DAYLIGHT,PEDALCYCLIST,FOUR WAY,STRAIGHT AND LEVEL,DRY,NO DEFECTS,,FAILING TO YIELD RIGHT-OF-WAY,FAILING TO REDUCE SPEED TO AVOID CRASH,,NO INDICATION OF INJURY,17,7,41.8577437509,-87.6320390628,2024,30,POINT (-87.6320390628 41.8577437509),,,,,2024-07-16,False,32,Near South Side
11339,30,NO CONTROLS,NO CONTROLS,CLEAR,DAYLIGHT,PEDALCYCLIST,DIVIDED - W/MEDIAN (NOT RAISED),STRAIGHT AND LEVEL,DRY,UNKNOWN,,"VISION OBSCURED (SIGNS, TREE LIMBS, BUILDINGS, ETC.)",DISTRACTION - FROM INSIDE VEHICLE,,INCAPACITATING INJURY,17,7,41.9113270833,-87.6787078733,2024,30,POINT (-87.6787078733 41.9113270833),,,,,2024-07-16,True,6,Lincoln Park
11340,30,STOP SIGN/FLASHER,FUNCTIONING PROPERLY,CLEAR,DAYLIGHT,PEDALCYCLIST,NOT DIVIDED,STRAIGHT AND LEVEL,UNKNOWN,UNKNOWN,,FAILING TO YIELD RIGHT-OF-WAY,DRIVING SKILLS/KNOWLEDGE/EXPERIENCE,,NONINCAPACITATING INJURY,18,7,41.6535814114,-87.542450289,2024,30,POINT (-87.542450289 41.6535814114),,,,,2024-07-16,False,54,Hegewisch
11341,30,NO CONTROLS,NO CONTROLS,CLEAR,"DARKNESS, LIGHTED ROAD",PEDALCYCLIST,ONE-WAY,STRAIGHT AND LEVEL,DRY,UNKNOWN,,FAILING TO YIELD RIGHT-OF-WAY,FAILING TO REDUCE SPEED TO AVOID CRASH,,NO INDICATION OF INJURY,20,7,41.8915219663,-87.6306963469,2024,30,POINT (-87.6306963469 41.8915219663),,,,,2024-07-16,False,7,Near North Side
11342,20,NO CONTROLS,NO CONTROLS,CLEAR,DAYLIGHT,PEDALCYCLIST,ONE-WAY,STRAIGHT AND LEVEL,DRY,NO DEFECTS,,UNABLE TO DETERMINE,NOT APPLICABLE,,NONINCAPACITATING INJURY,8,7,41.8779119623,-87.6564445172,2024,20,POINT (-87.6564445172 41.8779119623),,,,,2024-07-17,False,27,Near West Side
11343,30,NO CONTROLS,NO CONTROLS,CLEAR,DAYLIGHT,PEDALCYCLIST,ONE-WAY,STRAIGHT AND LEVEL,DRY,NO DEFECTS,,UNABLE TO DETERMINE,UNABLE TO DETERMINE,,NO INDICATION OF INJURY,8,7,41.8843754774,-87.6554629722,2024,30,POINT (-87.6554629722 41.8843754774),,,,,2024-07-17,False,27,Near West Side
11344,30,UNKNOWN,UNKNOWN,CLEAR,DAYLIGHT,PEDALCYCLIST,ONE-WAY,STRAIGHT AND LEVEL,DRY,UNKNOWN,,NOT APPLICABLE,NOT APPLICABLE,,NONINCAPACITATING INJURY,12,7,41.7792928613,-87.6047701097,2024,30,POINT (-87.6047701097 41.7792928613),,,,,2024-07-17,False,41,Woodlawn
11345,30,NO CONTROLS,NO CONTROLS,CLEAR,DAYLIGHT,PEDALCYCLIST,ONE-WAY,STRAIGHT AND LEVEL,DRY,NO DEFECTS,,NOT APPLICABLE,NOT APPLICABLE,,NO INDICATION OF INJURY,14,7,41.8769023569,-87.638017061,2024,30,POINT (-87.638017061 41.8769023569),,,,,2024-07-17,False,27,Near West Side
11346,30,STOP SIGN/FLASHER,NO CONTROLS,CLEAR,DAYLIGHT,PEDALCYCLIST,DIVIDED - W/MEDIAN BARRIER,STRAIGHT AND LEVEL,DRY,NO DEFECTS,Y,UNABLE TO DETERMINE,UNABLE TO DETERMINE,,INCAPACITATING INJURY,15,7,41.997432672,-87.7621040244,2024,30,POINT (-87.7621040244 41.997432672),,,,,2024-07-17,True,11,Forest Glen
11347,30,TRAFFIC SIGNAL,FUNCTIONING PROPERLY,CLEAR,DAYLIGHT,PEDALCYCLIST,NOT DIVIDED,STRAIGHT AND LEVEL,DRY,NO DEFECTS,,IMPROPER OVERTAKING/PASSING,NOT APPLICABLE,,NO INDICATION OF INJURY,16,7,41.884939604,-87.6765906366,2024,30,POINT (-87.6765906366 41.884939604),,,,,2024-07-17,False,27,Near West Side
11348,30,YIELD,FUNCTIONING PROPERLY,CLEAR,DAYLIGHT,PEDALCYCLIST,DIVIDED - W/MEDIAN (NOT RAISED),STRAIGHT AND LEVEL,DRY,NO DEFECTS,,FAILING TO REDUCE SPEED TO AVOID CRASH,NOT APPLICABLE,,NONINCAPACITATING INJURY,17,7,41.9357873975,-87.6978726556,2024,30,POINT (-87.6978726556 41.9357873975),,,,,2024-07-17,False,20,Avondale
11349,30,OTHER,OTHER,CLEAR,DAYLIGHT,PEDALCYCLIST,NOT DIVIDED,STRAIGHT AND LEVEL,DRY,NO DEFECTS,,UNABLE TO DETERMINE,NOT APPLICABLE,,INCAPACITATING INJURY,17,7,41.946839991,-87.6883201925,2024,30,POINT (-87.6883201925 41.946839991),,,,,2024-07-17,True,4,North Center
11350,30,TRAFFIC SIGNAL,FUNCTIONING PROPERLY,CLEAR,DAYLIGHT,PEDALCYCLIST,RAMP,STRAIGHT AND LEVEL,DRY,UNKNOWN,,FOLLOWING TOO CLOSELY,"OPERATING VEHICLE IN ERRATIC, RECKLESS, CARELESS, NEGLIGENT OR AGGRESSIVE MANNER",,NONINCAPACITATING INJURY,17,7,41.8842620056,-87.6163677044,2024,30,POINT (-87.6163677044 41.8842620056),,,,,2024-07-17,False,31,Loop
11351,35,OTHER,FUNCTIONING PROPERLY,CLEAR,DAYLIGHT,PEDALCYCLIST,NOT DIVIDED,STRAIGHT AND LEVEL,DRY,NO DEFECTS,,IMPROPER OVERTAKING/PASSING,UNABLE TO DETERMINE,,NO INDICATION OF INJURY,17,7,41.9107622705,-87.6512023099,2024,35,POINT (-87.6512023099 41.9107622705),,,,,2024-07-17,False,7,Near North Side
11352,30,STOP SIGN/FLASHER,NO CONTROLS,CLEAR,DAWN,PEDALCYCLIST,NOT DIVIDED,STRAIGHT AND LEVEL,DRY,UNKNOWN,Y,IMPROPER LANE USAGE,NOT APPLICABLE,,NONINCAPACITATING INJURY,18,7,41.9175031598,-87.6850534827,2024,30,POINT (-87.6850534827 41.9175031598),,,,,2024-07-17,False,21,Logan Square
11353,30,NO CONTROLS,NO CONTROLS,CLEAR,DAYLIGHT,PEDALCYCLIST,DIVIDED - W/MEDIAN (NOT RAISED),STRAIGHT AND LEVEL,DRY,NO DEFECTS,,FAILING TO YIELD RIGHT-OF-WAY,IMPROPER LANE USAGE,,NONINCAPACITATING INJURY,19,7,41.9684475741,-87.7191630028,2024,30,POINT (-87.7191630028 41.9684475741),,,,,2024-07-17,False,13,Albany Park
11354,30,STOP SIGN/FLASHER,FUNCTIONING PROPERLY,CLEAR,DUSK,PEDALCYCLIST,ONE-WAY,STRAIGHT AND LEVEL,DRY,UNKNOWN,,UNABLE TO DETERMINE,UNABLE TO DETERMINE,,NO INDICATION OF INJURY,19,7,41.94902541,-87.6485827742,2024,30,POINT (-87.6485827742 41.94902541),,,,,2024-07-17,False,5,Lake View
11355,35,TRAFFIC SIGNAL,FUNCTIONING PROPERLY,CLEAR,"DARKNESS, LIGHTED ROAD",PEDALCYCLIST,NOT DIVIDED,STRAIGHT AND LEVEL,DRY,NO DEFECTS,Y,FAILING TO YIELD RIGHT-OF-WAY,UNABLE TO DETERMINE,,NO INDICATION OF INJURY,20,7,41.9112720681,-87.6331171744,2024,35,POINT (-87.6331171744 41.9112720681),,,,,2024-07-17,False,6,Lincoln Park
11356,30,TRAFFIC SIGNAL,FUNCTIONING PROPERLY,CLEAR,DAYLIGHT,PEDALCYCLIST,FOUR WAY,STRAIGHT AND LEVEL,DRY,NO DEFECTS,,DRIVING SKILLS/KNOWLEDGE/EXPERIENCE,NOT APPLICABLE,,NONINCAPACITATING INJURY,10,7,41.9058803929,-87.6316581283,2024,30,POINT (-87.6316581283 41.9058803929),,,,,2024-07-18,False,7,Near North Side
11357,30,NO CONTROLS,NO CONTROLS,CLEAR,DAYLIGHT,PEDALCYCLIST,NOT DIVIDED,STRAIGHT AND LEVEL,DRY,NO DEFECTS,Y,UNABLE TO DETERMINE,UNABLE TO DETERMINE,,NONINCAPACITATING INJURY,11,7,41.9177412785,-87.672697028,2024,30,POINT (-87.672697028 41.9177412785),,,,,2024-07-18,False,6,Lincoln Park
11358,30,NO CONTROLS,NO CONTROLS,CLEAR,DAYLIGHT,PEDALCYCLIST,Y-INTERSECTION,STRAIGHT AND LEVEL,DRY,NO DEFECTS,Y,FAILING TO REDUCE SPEED TO AVOID CRASH,IMPROPER TURNING/NO SIGNAL,N,INCAPACITATING INJURY,13,7,41.8962997064,-87.6598270479,2024,30,POINT (-87.6598270479 41.8962997064),,,,,2024-07-18,True,23,West Town
11359,30,TRAFFIC SIGNAL,FUNCTIONING PROPERLY,UNKNOWN,DAYLIGHT,PEDALCYCLIST,NOT DIVIDED,STRAIGHT AND LEVEL,UNKNOWN,UNKNOWN,,NOT APPLICABLE,NOT APPLICABLE,,NONINCAPACITATING INJURY,15,7,41.8675536341,-87.6242715489,2024,30,POINT (-87.6242715489 41.8675536341),,,,,2024-07-18,False,31,Loop
11360,30,OTHER REG. SIGN,FUNCTIONING PROPERLY,CLEAR,DAYLIGHT,PEDALCYCLIST,NOT DIVIDED,STRAIGHT AND LEVEL,DRY,NO DEFECTS,,DISREGARDING OTHER TRAFFIC SIGNS,FAILING TO REDUCE SPEED TO AVOID CRASH,,"REPORTED, NOT EVIDENT",16,7,41.9889026315,-87.655202871,2024,30,POINT (-87.655202871 41.9889026315),,,,,2024-07-18,False,76,Edgewater
11361,30,OTHER REG. SIGN,FUNCTIONING PROPERLY,CLEAR,DAYLIGHT,PEDALCYCLIST,DIVIDED - W/MEDIAN (NOT RAISED),STRAIGHT AND LEVEL,DRY,NO DEFECTS,,FAILING TO YIELD RIGHT-OF-WAY,FAILING TO YIELD RIGHT-OF-WAY,,NONINCAPACITATING INJURY,16,7,41.9282078544,-87.728158558,2024,30,POINT (-87.728158558 41.9282078544),,,,,2024-07-18,False,19,Hermosa
11362,20,NO CONTROLS,NO CONTROLS,CLEAR,DAYLIGHT,PEDALCYCLIST,NOT DIVIDED,STRAIGHT AND LEVEL,DRY,NO DEFECTS,,NOT APPLICABLE,NOT APPLICABLE,Y,NONINCAPACITATING INJURY,17,7,41.8388890307,-87.6503462982,2024,20,POINT (-87.6503462982 41.8388890307),,,,,2024-07-18,False,30,Lower West Side
11363,25,STOP SIGN/FLASHER,FUNCTIONING PROPERLY,CLEAR,DAYLIGHT,PEDALCYCLIST,NOT DIVIDED,STRAIGHT AND LEVEL,DRY,NO DEFECTS,Y,DRIVING SKILLS/KNOWLEDGE/EXPERIENCE,DRIVING SKILLS/KNOWLEDGE/EXPERIENCE,,NONINCAPACITATING INJURY,18,7,41.9055590159,-87.6422749931,2024,25,POINT (-87.6422749931 41.9055590159),,,,,2024-07-18,False,7,Near North Side
11364,30,TRAFFIC SIGNAL,FUNCTIONING PROPERLY,CLEAR,"DARKNESS, LIGHTED ROAD",PEDALCYCLIST,NOT DIVIDED,STRAIGHT AND LEVEL,DRY,NO DEFECTS,,DISREGARDING TRAFFIC SIGNALS,IMPROPER TURNING/NO SIGNAL,,NONINCAPACITATING INJURY,21,7,41.8947546243,-87.6340046122,2024,30,POINT (-87.6340046122 41.8947546243),,,,,2024-07-18,False,7,Near North Side
11365,30,TRAFFIC SIGNAL,FUNCTIONING PROPERLY,CLEAR,"DARKNESS, LIGHTED ROAD",PEDALCYCLIST,FOUR WAY,STRAIGHT AND LEVEL,DRY,NO DEFECTS,Y,UNABLE TO DETERMINE,NOT APPLICABLE,,"REPORTED, NOT EVIDENT",23,7,41.7217597127,-87.6249577155,2024,30,POINT (-87.6249577155 41.7217597127),,,,,2024-07-18,False,48,Roseland
11366,35,UNKNOWN,UNKNOWN,CLEAR,DAYLIGHT,PEDALCYCLIST,OTHER,STRAIGHT AND LEVEL,DRY,NO DEFECTS,,UNABLE TO DETERMINE,UNABLE TO DETERMINE,,NO INDICATION OF INJURY,11,7,41.8845039272,-87.6337491623,2024,35,POINT (-87.6337491623 41.8845039272),,,,,2024-07-19,False,31,Loop
11367,35,STOP SIGN/FLASHER,FUNCTIONING PROPERLY,CLEAR,DAYLIGHT,PEDALCYCLIST,NOT DIVIDED,STRAIGHT AND LEVEL,DRY,NO DEFECTS,Y,FAILING TO YIELD RIGHT-OF-WAY,UNABLE TO DETERMINE,,NO INDICATION OF INJURY,12,7,41.9255174842,-87.6380320405,2024,35,POINT (-87.6380320405 41.9255174842),,,,,2024-07-19,False,6,Lincoln Park
11368,35,TRAFFIC SIGNAL,FUNCTIONING PROPERLY,CLEAR,DAYLIGHT,PEDALCYCLIST,NOT DIVIDED,STRAIGHT AND LEVEL,DRY,OTHER,Y,ROAD ENGINEERING/SURFACE/MARKING DEFECTS,NOT APPLICABLE,,NO INDICATION OF INJURY,13,7,41.8844126972,-87.6243023993,2024,35,POINT (-87.6243023993 41.8844126972),,,,,2024-07-19,False,31,Loop
11369,30,NO CONTROLS,NO CONTROLS,CLEAR,DAYLIGHT,PEDALCYCLIST,NOT DIVIDED,STRAIGHT AND LEVEL,DRY,NO DEFECTS,,UNABLE TO DETERMINE,UNABLE TO DETERMINE,Y,"REPORTED, NOT EVIDENT",17,7,41.9683478705,-87.7081728156,2024,30,POINT (-87.7081728156 41.9683478705),,,,,2024-07-19,False,13,Albany Park
11370,30,NO CONTROLS,NO CONTROLS,CLEAR,DAYLIGHT,PEDALCYCLIST,T-INTERSECTION,STRAIGHT AND LEVEL,DRY,NO DEFECTS,,FAILING TO YIELD RIGHT-OF-WAY,IMPROPER OVERTAKING/PASSING,,"REPORTED, NOT EVIDENT",17,7,41.9020986236,-87.6722050416,2024,30,POINT (-87.6722050416 41.9020986236),,,,,2024-07-19,False,23,West Town
11371,25,STOP SIGN/FLASHER,FUNCTIONING PROPERLY,CLEAR,DAYLIGHT,PEDALCYCLIST,ONE-WAY,STRAIGHT AND LEVEL,DRY,NO DEFECTS,,FAILING TO YIELD RIGHT-OF-WAY,DISREGARDING STOP SIGN,,NONINCAPACITATING INJURY,18,7,41.9683202132,-87.7108577488,2024,25,POINT (-87.7108577488 41.9683202132),,,,,2024-07-19,False,13,Albany Park
11372,30,STOP SIGN/FLASHER,NO CONTROLS,CLEAR,DAYLIGHT,PEDALCYCLIST,NOT DIVIDED,STRAIGHT AND LEVEL,DRY,NO DEFECTS,Y,FAILING TO REDUCE SPEED TO AVOID CRASH,DISREGARDING STOP SIGN,,NONINCAPACITATING INJURY,18,7,42.0149442349,-87.8186495186,2024,30,POINT (-87.8186495186 42.0149442349),,,,,2024-07-19,False,8,Edison Park
11373,30,NO CONTROLS,NO CONTROLS,CLEAR,DAWN,PEDALCYCLIST,NOT DIVIDED,STRAIGHT AND LEVEL,DRY,NO DEFECTS,,RELATED TO BUS STOP,RELATED TO BUS STOP,,"REPORTED, NOT EVIDENT",19,7,41.9314483424,-87.7271160461,2024,30,POINT (-87.7271160461 41.9314483424),,,,,2024-07-19,False,19,Hermosa
11374,30,TRAFFIC SIGNAL,FUNCTIONING PROPERLY,CLEAR,"DARKNESS, LIGHTED ROAD",PEDALCYCLIST,"FIVE POINT, OR MORE",STRAIGHT AND LEVEL,DRY,NO DEFECTS,,UNABLE TO DETERMINE,UNABLE TO DETERMINE,,NONINCAPACITATING INJURY,21,7,42.0154306476,-87.6752531477,2024,30,POINT (-87.6752531477 42.0154306476),,,,,2024-07-19,False,0,Rogers Park
11375,30,TRAFFIC SIGNAL,FUNCTIONING PROPERLY,CLEAR,"DARKNESS, LIGHTED ROAD",PEDALCYCLIST,NOT DIVIDED,STRAIGHT AND LEVEL,DRY,NO DEFECTS,,UNABLE TO DETERMINE,UNABLE TO DETERMINE,,INCAPACITATING INJURY,21,7,41.8448007855,-87.6952525937,2024,30,POINT (-87.6952525937 41.8448007855),,,,,2024-07-19,True,29,South Lawndale
11376,30,NO CONTROLS,UNKNOWN,CLEAR,DAYLIGHT,PEDALCYCLIST,NOT DIVIDED,STRAIGHT AND LEVEL,DRY,UNKNOWN,,UNABLE TO DETERMINE,UNABLE TO DETERMINE,N,NO INDICATION OF INJURY,9,7,41.957824791,-87.6701121735,2024,30,POINT (-87.6701121735 41.957824791),,,,,2024-07-20,False,2,Uptown
11377,30,TRAFFIC SIGNAL,FUNCTIONING PROPERLY,CLEAR,DAYLIGHT,PEDALCYCLIST,NOT DIVIDED,STRAIGHT AND LEVEL,DRY,NO DEFECTS,,DRIVING SKILLS/KNOWLEDGE/EXPERIENCE,UNABLE TO DETERMINE,,NONINCAPACITATING INJURY,10,7,41.9291804819,-87.6427689779,2024,30,POINT (-87.6427689779 41.9291804819),,,,,2024-07-20,False,6,Lincoln Park
11378,15,STOP SIGN/FLASHER,FUNCTIONING PROPERLY,CLEAR,DAYLIGHT,PEDALCYCLIST,NOT DIVIDED,STRAIGHT AND LEVEL,DRY,NO DEFECTS,,FAILING TO YIELD RIGHT-OF-WAY,DRIVING SKILLS/KNOWLEDGE/EXPERIENCE,,NONINCAPACITATING INJURY,12,7,41.8920941369,-87.6115698839,2024,15,POINT (-87.6115698839 41.8920941369),,,,,2024-07-20,False,7,Near North Side
11379,15,NO CONTROLS,NO CONTROLS,CLEAR,DAYLIGHT,PEDALCYCLIST,ALLEY,STRAIGHT AND LEVEL,DRY,NO DEFECTS,,FAILING TO YIELD RIGHT-OF-WAY,NOT APPLICABLE,,NO INDICATION OF INJURY,12,7,41.9941085156,-87.6960144076,2024,15,POINT (-87.6960144076 41.9941085156),,,,,2024-07-20,False,1,West Ridge
11380,30,NO CONTROLS,NO CONTROLS,CLEAR,DAYLIGHT,PEDALCYCLIST,NOT DIVIDED,STRAIGHT AND LEVEL,DRY,NO DEFECTS,,UNABLE TO DETERMINE,NOT APPLICABLE,,NONINCAPACITATING INJURY,12,7,41.9618661027,-87.6564709909,2024,30,POINT (-87.6564709909 41.9618661027),,,,,2024-07-20,False,2,Uptown
11381,30,TRAFFIC SIGNAL,FUNCTIONING PROPERLY,CLEAR,DAYLIGHT,PEDALCYCLIST,DIVIDED - W/MEDIAN (NOT RAISED),STRAIGHT AND LEVEL,DRY,NO DEFECTS,,FAILING TO YIELD RIGHT-OF-WAY,FAILING TO YIELD RIGHT-OF-WAY,,NONINCAPACITATING INJURY,14,7,41.8807448941,-87.7159535869,2024,30,POINT (-87.7159535869 41.8807448941),,,,,2024-07-20,False,26,Garfield Park
11382,30,TRAFFIC SIGNAL,FUNCTIONING PROPERLY,CLEAR,DAYLIGHT,PEDALCYCLIST,FOUR WAY,STRAIGHT AND LEVEL,DRY,UNKNOWN,,FAILING TO YIELD RIGHT-OF-WAY,NOT APPLICABLE,,NONINCAPACITATING INJURY,15,7,41.8965092929,-87.6477558272,2024,30,POINT (-87.6477558272 41.8965092929),,,,,2024-07-20,False,7,Near North Side
11383,30,NO CONTROLS,NO CONTROLS,CLEAR,"DARKNESS, LIGHTED ROAD",PEDALCYCLIST,OTHER,STRAIGHT AND LEVEL,DRY,UNKNOWN,,UNABLE TO DETERMINE,UNABLE TO DETERMINE,,"REPORTED, NOT EVIDENT",22,7,41.9108451894,-87.6345541152,2024,30,POINT (-87.6345541152 41.9108451894),,,,,2024-07-20,False,6,Lincoln Park
11384,30,TRAFFIC SIGNAL,FUNCTIONING PROPERLY,CLEAR,"DARKNESS, LIGHTED ROAD",PEDALCYCLIST,NOT DIVIDED,STRAIGHT AND LEVEL,DRY,NO DEFECTS,Y,FOLLOWING TOO CLOSELY,NOT APPLICABLE,,NO INDICATION OF INJURY,22,7,41.8967464354,-87.6311745036,2024,30,POINT (-87.6311745036 41.8967464354),,,,,2024-07-20,False,7,Near North Side
11385,30,TRAFFIC SIGNAL,FUNCTIONING PROPERLY,CLEAR,DAYLIGHT,PEDALCYCLIST,DIVIDED - W/MEDIAN (NOT RAISED),STRAIGHT AND LEVEL,DRY,NO DEFECTS,,UNABLE TO DETERMINE,UNABLE TO DETERMINE,,NONINCAPACITATING INJURY,10,7,42.0078937934,-87.6732172123,2024,30,POINT (-87.6732172123 42.0078937934),,,,,2024-07-21,False,0,Rogers Park
11386,30,NO CONTROLS,NO CONTROLS,CLEAR,DAYLIGHT,PEDALCYCLIST,NOT DIVIDED,STRAIGHT AND LEVEL,DRY,NO DEFECTS,,UNABLE TO DETERMINE,NOT APPLICABLE,,NONINCAPACITATING INJURY,11,7,41.9981181534,-87.6570327853,2024,30,POINT (-87.6570327853 41.9981181534),,,,,2024-07-21,False,0,Rogers Park
11387,30,NO CONTROLS,NO CONTROLS,CLEAR,DAYLIGHT,PEDALCYCLIST,NOT DIVIDED,STRAIGHT AND LEVEL,DRY,NO DEFECTS,,NOT APPLICABLE,UNABLE TO DETERMINE,Y,NONINCAPACITATING INJURY,12,7,41.9273489107,-87.6516346006,2024,30,POINT (-87.6516346006 41.9273489107),,,,,2024-07-21,False,6,Lincoln Park
11388,25,NO CONTROLS,NO CONTROLS,CLEAR,DAYLIGHT,PEDALCYCLIST,T-INTERSECTION,STRAIGHT AND LEVEL,DRY,NO DEFECTS,Y,"VISION OBSCURED (SIGNS, TREE LIMBS, BUILDINGS, ETC.)",UNABLE TO DETERMINE,,NO INDICATION OF INJURY,13,7,41.9617156689,-87.6511207948,2024,25,POINT (-87.6511207948 41.9617156689),,,,,2024-07-21,False,2,Uptown
11389,30,NO CONTROLS,NO CONTROLS,CLEAR,DAYLIGHT,PEDALCYCLIST,NOT DIVIDED,STRAIGHT AND LEVEL,DRY,NO DEFECTS,N,NOT APPLICABLE,NOT APPLICABLE,Y,NONINCAPACITATING INJURY,16,7,41.9974773133,-87.6705795675,2024,30,POINT (-87.6705795675 41.9974773133),,,,,2024-07-21,False,76,Edgewater
11390,20,UNKNOWN,UNKNOWN,CLEAR,DAYLIGHT,PEDALCYCLIST,NOT DIVIDED,STRAIGHT AND LEVEL,DRY,NO DEFECTS,,UNABLE TO DETERMINE,UNABLE TO DETERMINE,,NO INDICATION OF INJURY,17,7,41.9045377201,-87.6316127242,2024,20,POINT (-87.6316127242 41.9045377201),,,,,2024-07-21,False,7,Near North Side
11391,30,TRAFFIC SIGNAL,FUNCTIONING PROPERLY,CLEAR,DAYLIGHT,PEDALCYCLIST,NOT DIVIDED,STRAIGHT AND LEVEL,DRY,NO DEFECTS,,UNABLE TO DETERMINE,UNABLE TO DETERMINE,,NONINCAPACITATING INJURY,17,7,41.9112718593,-87.6334922322,2024,30,POINT (-87.6334922322 41.9112718593),,,,,2024-07-21,False,6,Lincoln Park
11392,30,NO CONTROLS,NO CONTROLS,UNKNOWN,UNKNOWN,PEDALCYCLIST,FOUR WAY,STRAIGHT AND LEVEL,UNKNOWN,NO DEFECTS,Y,UNABLE TO DETERMINE,UNABLE TO DETERMINE,,"REPORTED, NOT EVIDENT",18,7,41.9443119539,-87.7052548222,2024,30,POINT (-87.7052548222 41.9443119539),,,,,2024-07-21,False,15,Irving Park
11393,15,STOP SIGN/FLASHER,FUNCTIONING PROPERLY,CLEAR,DUSK,PEDALCYCLIST,DIVIDED - W/MEDIAN (NOT RAISED),STRAIGHT AND LEVEL,DRY,NO DEFECTS,Y,UNABLE TO DETERMINE,NOT APPLICABLE,,"REPORTED, NOT EVIDENT",20,7,41.9316115206,-87.7489355696,2024,15,POINT (-87.7489355696 41.9316115206),,,,,2024-07-21,False,18,Belmont Cragin
11394,30,NO CONTROLS,NO CONTROLS,CLEAR,DAYLIGHT,PEDALCYCLIST,DIVIDED - W/MEDIAN (NOT RAISED),STRAIGHT AND LEVEL,DRY,NO DEFECTS,,FAILING TO YIELD RIGHT-OF-WAY,NOT APPLICABLE,Y,NONINCAPACITATING INJURY,20,7,41.9345531755,-87.7174071457,2024,30,POINT (-87.7174071457 41.9345531755),,,,,2024-07-21,False,20,Avondale
11395,30,STOP SIGN/FLASHER,FUNCTIONING PROPERLY,CLEAR,DAYLIGHT,PEDALCYCLIST,NOT DIVIDED,STRAIGHT AND LEVEL,DRY,NO DEFECTS,,UNABLE TO DETERMINE,UNABLE TO DETERMINE,N,NONINCAPACITATING INJURY,11,7,41.8891772864,-87.6461228335,2024,30,POINT (-87.6461228335 41.8891772864),,,,,2024-07-22,False,7,Near North Side
11396,30,NO CONTROLS,NO CONTROLS,CLEAR,DAYLIGHT,PEDALCYCLIST,FOUR WAY,STRAIGHT AND LEVEL,DRY,UNKNOWN,,UNABLE TO DETERMINE,NOT APPLICABLE,,NONINCAPACITATING INJURY,15,7,41.9375920069,-87.6877376245,2024,30,POINT (-87.6877376245 41.9375920069),,,,,2024-07-22,False,4,North Center
11397,30,STOP SIGN/FLASHER,FUNCTIONING PROPERLY,CLEAR,DAYLIGHT,PEDALCYCLIST,DIVIDED - W/MEDIAN (NOT RAISED),STRAIGHT AND LEVEL,DRY,NO DEFECTS,,"OPERATING VEHICLE IN ERRATIC, RECKLESS, CARELESS, NEGLIGENT OR AGGRESSIVE MANNER",DRIVING ON WRONG SIDE/WRONG WAY,,NONINCAPACITATING INJURY,17,7,41.9653530762,-87.7085252264,2024,30,POINT (-87.7085252264 41.9653530762),,,,,2024-07-22,False,13,Albany Park
11398,30,STOP SIGN/FLASHER,NO CONTROLS,CLEAR,"DARKNESS, LIGHTED ROAD",PEDALCYCLIST,NOT DIVIDED,STRAIGHT AND LEVEL,DRY,NO DEFECTS,,FAILING TO YIELD RIGHT-OF-WAY,UNABLE TO DETERMINE,,NONINCAPACITATING INJURY,19,7,41.7410692506,-87.6925455131,2024,30,POINT (-87.6925455131 41.7410692506),,,,,2024-07-22,False,69,Ashburn
11399,30,NO CONTROLS,NO CONTROLS,CLEAR,DUSK,PEDALCYCLIST,FOUR WAY,STRAIGHT AND LEVEL,DRY,NO DEFECTS,Y,ANIMAL,NOT APPLICABLE,,NONINCAPACITATING INJURY,20,7,41.6852654312,-87.6360487553,2024,30,POINT (-87.6360487553 41.6852654312),,,,,2024-07-22,False,48,Roseland