Unnamed: 0,POSTED_SPEED_LIMIT,TRAFFIC_CONTROL_DEVICE,DEVICE_CONDITION,WEATHER_CONDITION,LIGHTING_CONDITION,FIRST_CRASH_TYPE,TRAFFICWAY_TYPE,ALIGNMENT,ROADWAY_SURFACE_COND,ROAD_DEFECT,INTERSECTION_RELATED_I,PRIM_CONTRIBUTORY_CAUSE,SEC_CONTRIBUTORY_CAUSE,DOORING_I,MOST_SEVERE_INJURY,CRASH_HOUR,CRASH_MONTH,LATITUDE,LONGITUDE,CRASH_YEAR,SPEED_LIMIT,geometry,DISPLAYROU,the_geom,DIST,LANE_TYPE,CRASH_DATE,is_severe,index_right,CArea
11400,30,NO CONTROLS,NO CONTROLS,UNKNOWN,DARKNESS,PEDALCYCLIST,ONE-WAY,STRAIGHT AND LEVEL,WET,NO DEFECTS,,UNABLE TO DETERMINE,UNABLE TO DETERMINE,,NONINCAPACITATING INJURY,22,7,41.8909436152,-87.6175405926,2024,30,POINT (-87.6175405926 41.8909436152),,,,,2024-07-22,False,7,Near North Side
11401,20,NO CONTROLS,NO CONTROLS,CLEAR,"DARKNESS, LIGHTED ROAD",PEDALCYCLIST,ONE-WAY,STRAIGHT AND LEVEL,DRY,NO DEFECTS,,UNABLE TO DETERMINE,UNABLE TO DETERMINE,,NO INDICATION OF INJURY,23,7,41.8990780032,-87.6920032495,2024,20,POINT (-87.6920032495 41.8990780032),,,,,2024-07-22,False,22,Humboldt Park
11402,30,TRAFFIC SIGNAL,FUNCTIONING PROPERLY,CLEAR,DAYLIGHT,PEDALCYCLIST,FOUR WAY,STRAIGHT AND LEVEL,DRY,NO DEFECTS,Y,DRIVING SKILLS/KNOWLEDGE/EXPERIENCE,UNABLE TO DETERMINE,,NONINCAPACITATING INJURY,10,7,41.9457676071,-87.766692545,2024,30,POINT (-87.766692545 41.9457676071),,,,,2024-07-23,False,14,Portage Park
11403,30,NO CONTROLS,NO CONTROLS,CLEAR,DAYLIGHT,PEDALCYCLIST,NOT DIVIDED,STRAIGHT AND LEVEL,DRY,NO DEFECTS,,FAILING TO YIELD RIGHT-OF-WAY,NOT APPLICABLE,,INCAPACITATING INJURY,13,7,41.8443688739,-87.7240368333,2024,30,POINT (-87.7240368333 41.8443688739),,,,,2024-07-23,True,29,South Lawndale
11404,30,NO CONTROLS,NO CONTROLS,CLEAR,DAYLIGHT,PEDALCYCLIST,NOT DIVIDED,STRAIGHT AND LEVEL,DRY,NO DEFECTS,,UNABLE TO DETERMINE,NOT APPLICABLE,,NONINCAPACITATING INJURY,16,7,41.9473318268,-87.654480315,2024,30,POINT (-87.654480315 41.9473318268),,,,,2024-07-23,False,5,Lake View
11405,30,TRAFFIC SIGNAL,FUNCTIONING PROPERLY,CLEAR,DAYLIGHT,PEDALCYCLIST,FOUR WAY,STRAIGHT AND LEVEL,DRY,NO DEFECTS,,IMPROPER OVERTAKING/PASSING,NOT APPLICABLE,,"REPORTED, NOT EVIDENT",16,7,41.8912046926,-87.6153024813,2024,30,POINT (-87.6153024813 41.8912046926),,,,,2024-07-23,False,7,Near North Side
11406,30,NO CONTROLS,NO CONTROLS,CLEAR,DAYLIGHT,PEDALCYCLIST,NOT DIVIDED,STRAIGHT AND LEVEL,DRY,NO DEFECTS,,IMPROPER OVERTAKING/PASSING,IMPROPER OVERTAKING/PASSING,,NO INDICATION OF INJURY,18,7,42.0114865452,-87.6743011748,2024,30,POINT (-87.6743011748 42.0114865452),,,,,2024-07-23,False,0,Rogers Park
11407,30,NO CONTROLS,NO CONTROLS,CLEAR,DAYLIGHT,PEDALCYCLIST,DIVIDED - W/MEDIAN (NOT RAISED),STRAIGHT AND LEVEL,DRY,NO DEFECTS,,IMPROPER OVERTAKING/PASSING,UNABLE TO DETERMINE,,NO INDICATION OF INJURY,6,7,41.8744938077,-87.6510862194,2024,30,POINT (-87.6510862194 41.8744938077),,,,,2024-07-24,False,27,Near West Side
11408,30,NO CONTROLS,NO CONTROLS,CLEAR,DAYLIGHT,PEDALCYCLIST,DIVIDED - W/MEDIAN BARRIER,STRAIGHT AND LEVEL,DRY,NO DEFECTS,,"OPERATING VEHICLE IN ERRATIC, RECKLESS, CARELESS, NEGLIGENT OR AGGRESSIVE MANNER",UNABLE TO DETERMINE,,NONINCAPACITATING INJURY,6,7,41.8745335544,-87.6486962089,2024,30,POINT (-87.6486962089 41.8745335544),,,,,2024-07-24,False,27,Near West Side
11409,30,TRAFFIC SIGNAL,FUNCTIONING PROPERLY,CLEAR,DAYLIGHT,PEDALCYCLIST,DIVIDED - W/MEDIAN (NOT RAISED),STRAIGHT AND LEVEL,DRY,NO DEFECTS,,UNABLE TO DETERMINE,NOT APPLICABLE,Y,NONINCAPACITATING INJURY,8,7,41.9652048574,-87.6791664232,2024,30,POINT (-87.6791664232 41.9652048574),,,,,2024-07-24,False,3,Lincoln Square
11410,0,NO CONTROLS,NO CONTROLS,CLEAR,DAYLIGHT,PEDALCYCLIST,PARKING LOT,STRAIGHT AND LEVEL,DRY,NO DEFECTS,,FAILING TO YIELD RIGHT-OF-WAY,NOT APPLICABLE,,NO INDICATION OF INJURY,10,7,41.749362768,-87.605332981,2024,0,POINT (-87.605332981 41.749362768),,,,,2024-07-24,False,43,Chatham
11411,30,NO CONTROLS,NO CONTROLS,CLEAR,DAYLIGHT,PEDALCYCLIST,T-INTERSECTION,STRAIGHT AND LEVEL,DRY,NO DEFECTS,,FAILING TO YIELD RIGHT-OF-WAY,"VISION OBSCURED (SIGNS, TREE LIMBS, BUILDINGS, ETC.)",,NONINCAPACITATING INJURY,10,7,41.9114428702,-87.6793344718,2024,30,POINT (-87.6793344718 41.9114428702),,,,,2024-07-24,False,6,Lincoln Park
11412,30,NO CONTROLS,NO CONTROLS,CLEAR,DAYLIGHT,PEDALCYCLIST,NOT DIVIDED,STRAIGHT AND LEVEL,DRY,UNKNOWN,,UNABLE TO DETERMINE,UNABLE TO DETERMINE,,NONINCAPACITATING INJURY,13,7,41.9628818769,-87.7277331584,2024,30,POINT (-87.7277331584 41.9628818769),,,,,2024-07-24,False,13,Albany Park
11413,30,STOP SIGN/FLASHER,NO CONTROLS,CLEAR,DAYLIGHT,PEDALCYCLIST,NOT DIVIDED,STRAIGHT AND LEVEL,DRY,NO DEFECTS,,UNABLE TO DETERMINE,UNABLE TO DETERMINE,,NONINCAPACITATING INJURY,16,7,41.942792237,-87.6512473375,2024,30,POINT (-87.6512473375 41.942792237),,,,,2024-07-24,False,5,Lake View
11414,35,NO CONTROLS,NO CONTROLS,CLEAR,DAYLIGHT,PEDALCYCLIST,NOT DIVIDED,STRAIGHT AND LEVEL,DRY,NO DEFECTS,,FAILING TO YIELD RIGHT-OF-WAY,IMPROPER TURNING/NO SIGNAL,,NONINCAPACITATING INJURY,17,7,41.8591089913,-87.6465339832,2024,35,POINT (-87.6465339832 41.8591089913),,,,,2024-07-24,False,27,Near West Side
11415,25,STOP SIGN/FLASHER,UNKNOWN,CLEAR,DAWN,PEDALCYCLIST,T-INTERSECTION,STRAIGHT AND LEVEL,DRY,UNKNOWN,Y,FAILING TO YIELD RIGHT-OF-WAY,NOT APPLICABLE,,NONINCAPACITATING INJURY,17,7,41.859463024,-87.6465443652,2024,25,POINT (-87.6465443652 41.859463024),,,,,2024-07-24,False,27,Near West Side
11416,35,TRAFFIC SIGNAL,FUNCTIONING PROPERLY,CLEAR,DAYLIGHT,PEDALCYCLIST,NOT DIVIDED,STRAIGHT AND LEVEL,DRY,NO DEFECTS,,DISREGARDING TRAFFIC SIGNALS,UNABLE TO DETERMINE,,NONINCAPACITATING INJURY,17,7,41.8081726144,-87.70848389,2024,35,POINT (-87.70848389 41.8081726144),,,,,2024-07-24,False,57,Brighton Park
11417,30,TRAFFIC SIGNAL,FUNCTIONING PROPERLY,CLEAR,DAYLIGHT,PEDALCYCLIST,FOUR WAY,STRAIGHT AND LEVEL,DRY,NO DEFECTS,Y,FAILING TO REDUCE SPEED TO AVOID CRASH,NOT APPLICABLE,,NO INDICATION OF INJURY,18,7,41.9528466114,-87.7964235045,2024,30,POINT (-87.7964235045 41.9528466114),,,,,2024-07-24,False,16,Dunning
11418,30,STOP SIGN/FLASHER,FUNCTIONING PROPERLY,CLEAR,DAYLIGHT,PEDALCYCLIST,T-INTERSECTION,STRAIGHT AND LEVEL,DRY,NO DEFECTS,,UNABLE TO DETERMINE,UNABLE TO DETERMINE,,NO INDICATION OF INJURY,18,7,42.0143444776,-87.6792266391,2024,30,POINT (-87.6792266391 42.0143444776),,,,,2024-07-24,False,0,Rogers Park
11419,30,NO CONTROLS,NO CONTROLS,CLEAR,"DARKNESS, LIGHTED ROAD",PEDALCYCLIST,NOT DIVIDED,STRAIGHT AND LEVEL,DRY,UNKNOWN,,NOT APPLICABLE,NOT APPLICABLE,Y,NONINCAPACITATING INJURY,19,7,41.9160792746,-87.6759726732,2024,30,POINT (-87.6759726732 41.9160792746),,,,,2024-07-24,False,6,Lincoln Park
11420,30,NO CONTROLS,NO CONTROLS,CLEAR,"DARKNESS, LIGHTED ROAD",PEDALCYCLIST,DIVIDED - W/MEDIAN (NOT RAISED),STRAIGHT AND LEVEL,DRY,NO DEFECTS,Y,FAILING TO YIELD RIGHT-OF-WAY,FAILING TO YIELD RIGHT-OF-WAY,,NO INDICATION OF INJURY,21,7,41.8851933914,-87.6280745191,2024,30,POINT (-87.6280745191 41.8851933914),,,,,2024-07-24,False,31,Loop
11421,30,UNKNOWN,UNKNOWN,UNKNOWN,UNKNOWN,PEDALCYCLIST,OTHER,STRAIGHT AND LEVEL,UNKNOWN,UNKNOWN,,UNABLE TO DETERMINE,UNABLE TO DETERMINE,,"REPORTED, NOT EVIDENT",21,7,41.8916006499,-87.6254331099,2024,30,POINT (-87.6254331099 41.8916006499),,,,,2024-07-24,False,7,Near North Side
11422,30,TRAFFIC SIGNAL,FUNCTIONING PROPERLY,CLEAR,"DARKNESS, LIGHTED ROAD",PEDALCYCLIST,FOUR WAY,STRAIGHT AND LEVEL,DRY,NO DEFECTS,Y,UNABLE TO DETERMINE,UNABLE TO DETERMINE,,NONINCAPACITATING INJURY,21,7,41.7996736498,-87.5873270523,2024,30,POINT (-87.5873270523 41.7996736498),,,,,2024-07-24,False,40,Hyde Park
11423,30,TRAFFIC SIGNAL,FUNCTIONING PROPERLY,CLEAR,DAYLIGHT,PEDALCYCLIST,FOUR WAY,STRAIGHT AND LEVEL,DRY,NO DEFECTS,Y,DRIVING SKILLS/KNOWLEDGE/EXPERIENCE,NOT APPLICABLE,,NO INDICATION OF INJURY,9,7,41.9763462838,-87.7686195713,2024,30,POINT (-87.7686195713 41.9763462838),,,,,2024-07-25,False,10,Jefferson Park
11424,30,NO CONTROLS,NO CONTROLS,CLEAR,DAYLIGHT,PEDALCYCLIST,DIVIDED - W/MEDIAN (NOT RAISED),STRAIGHT AND LEVEL,DRY,NO DEFECTS,,FAILING TO YIELD RIGHT-OF-WAY,DRIVING SKILLS/KNOWLEDGE/EXPERIENCE,,NONINCAPACITATING INJURY,12,7,41.9291728439,-87.6424444407,2024,30,POINT (-87.6424444407 41.9291728439),,,,,2024-07-25,False,6,Lincoln Park
11425,20,NO CONTROLS,NO CONTROLS,CLEAR,DAYLIGHT,PEDALCYCLIST,DRIVEWAY,STRAIGHT AND LEVEL,DRY,NO DEFECTS,,FAILING TO REDUCE SPEED TO AVOID CRASH,NOT APPLICABLE,,NO INDICATION OF INJURY,15,7,41.764650161,-87.6781725179,2024,20,POINT (-87.6781725179 41.764650161),,,,,2024-07-25,False,65,Chicago Lawn
11426,30,UNKNOWN,UNKNOWN,CLEAR,DAYLIGHT,PEDALCYCLIST,NOT DIVIDED,STRAIGHT AND LEVEL,UNKNOWN,UNKNOWN,,FAILING TO YIELD RIGHT-OF-WAY,DRIVING SKILLS/KNOWLEDGE/EXPERIENCE,Y,"REPORTED, NOT EVIDENT",15,7,41.8899066498,-87.6314160847,2024,30,POINT (-87.6314160847 41.8899066498),,,,,2024-07-25,False,7,Near North Side
11427,30,UNKNOWN,UNKNOWN,CLEAR,DAYLIGHT,PEDALCYCLIST,PARKING LOT,STRAIGHT AND LEVEL,DRY,NO DEFECTS,,FAILING TO YIELD RIGHT-OF-WAY,UNABLE TO DETERMINE,,"REPORTED, NOT EVIDENT",16,7,41.8729834779,-87.6689891501,2024,30,POINT (-87.6689891501 41.8729834779),,,,,2024-07-25,False,27,Near West Side
11428,30,TRAFFIC SIGNAL,FUNCTIONING PROPERLY,CLEAR,DAYLIGHT,PEDALCYCLIST,NOT DIVIDED,STRAIGHT AND LEVEL,DRY,NO DEFECTS,Y,FAILING TO YIELD RIGHT-OF-WAY,DRIVING SKILLS/KNOWLEDGE/EXPERIENCE,,NONINCAPACITATING INJURY,6,7,41.8967045494,-87.6342801275,2024,30,POINT (-87.6342801275 41.8967045494),,,,,2024-07-26,False,7,Near North Side
11429,30,NO CONTROLS,NO CONTROLS,CLEAR,DAYLIGHT,PEDALCYCLIST,ALLEY,STRAIGHT AND LEVEL,UNKNOWN,UNKNOWN,,UNABLE TO DETERMINE,UNABLE TO DETERMINE,,"REPORTED, NOT EVIDENT",10,7,41.8084719858,-87.6891926879,2024,30,POINT (-87.6891926879 41.8084719858),,,,,2024-07-26,False,57,Brighton Park
11430,30,UNKNOWN,UNKNOWN,CLEAR,DAYLIGHT,PEDALCYCLIST,NOT DIVIDED,STRAIGHT AND LEVEL,DRY,UNKNOWN,,IMPROPER LANE USAGE,NOT APPLICABLE,,NONINCAPACITATING INJURY,11,7,41.9171800533,-87.7161058889,2024,30,POINT (-87.7161058889 41.9171800533),,,,,2024-07-26,False,21,Logan Square
11431,30,STOP SIGN/FLASHER,NO CONTROLS,CLEAR,DAYLIGHT,PEDALCYCLIST,CENTER TURN LANE,STRAIGHT AND LEVEL,DRY,NO DEFECTS,N,UNABLE TO DETERMINE,UNABLE TO DETERMINE,,NO INDICATION OF INJURY,12,7,41.8932262687,-87.6508687961,2024,30,POINT (-87.6508687961 41.8932262687),,,,,2024-07-26,False,7,Near North Side
11432,25,TRAFFIC SIGNAL,FUNCTIONING PROPERLY,CLEAR,DAYLIGHT,PEDALCYCLIST,NOT DIVIDED,STRAIGHT AND LEVEL,DRY,NO DEFECTS,,IMPROPER OVERTAKING/PASSING,UNABLE TO DETERMINE,,NO INDICATION OF INJURY,12,7,41.8486890581,-87.6952101214,2024,25,POINT (-87.6952101214 41.8486890581),,,,,2024-07-26,False,28,North Lawndale
11433,30,NO CONTROLS,NO CONTROLS,CLEAR,DAYLIGHT,PEDALCYCLIST,NOT DIVIDED,STRAIGHT AND LEVEL,DRY,NO DEFECTS,,FAILING TO YIELD RIGHT-OF-WAY,NOT APPLICABLE,,NO INDICATION OF INJURY,14,7,41.911527964,-87.6501630953,2024,30,POINT (-87.6501630953 41.911527964),,,,,2024-07-26,False,6,Lincoln Park
11434,30,TRAFFIC SIGNAL,FUNCTIONING PROPERLY,CLEAR,DAYLIGHT,PEDALCYCLIST,NOT DIVIDED,STRAIGHT AND LEVEL,DRY,NO DEFECTS,Y,UNABLE TO DETERMINE,UNABLE TO DETERMINE,,NONINCAPACITATING INJURY,14,7,41.9026234921,-87.7177906262,2024,30,POINT (-87.7177906262 41.9026234921),,,,,2024-07-26,False,22,Humboldt Park
11435,30,NO CONTROLS,NO CONTROLS,CLEAR,DAYLIGHT,PEDALCYCLIST,ALLEY,STRAIGHT AND LEVEL,UNKNOWN,UNKNOWN,,FAILING TO YIELD RIGHT-OF-WAY,FAILING TO REDUCE SPEED TO AVOID CRASH,,NO INDICATION OF INJURY,15,7,42.0193874053,-87.6854642869,2024,30,POINT (-87.6854642869 42.0193874053),,,,,2024-07-26,False,1,West Ridge
11436,30,NO CONTROLS,NO CONTROLS,UNKNOWN,UNKNOWN,PEDALCYCLIST,ALLEY,STRAIGHT AND LEVEL,UNKNOWN,UNKNOWN,,FAILING TO YIELD RIGHT-OF-WAY,NOT APPLICABLE,,NONINCAPACITATING INJURY,16,7,41.9107994581,-87.6822107273,2024,30,POINT (-87.6822107273 41.9107994581),,,,,2024-07-26,False,6,Lincoln Park
11437,30,NO CONTROLS,NO CONTROLS,CLEAR,DAYLIGHT,PEDALCYCLIST,NOT DIVIDED,STRAIGHT AND LEVEL,DRY,NO DEFECTS,Y,FAILING TO YIELD RIGHT-OF-WAY,UNABLE TO DETERMINE,N,NO INDICATION OF INJURY,20,7,41.9941888039,-87.6909347863,2024,30,POINT (-87.6909347863 41.9941888039),,,,,2024-07-26,False,1,West Ridge
11438,30,TRAFFIC SIGNAL,FUNCTIONING PROPERLY,CLEAR,"DARKNESS, LIGHTED ROAD",PEDALCYCLIST,T-INTERSECTION,STRAIGHT AND LEVEL,DRY,NO DEFECTS,,UNABLE TO DETERMINE,UNABLE TO DETERMINE,,NONINCAPACITATING INJURY,22,7,41.7219704652,-87.6033480401,2024,30,POINT (-87.6033480401 41.7219704652),,,,,2024-07-26,False,48,Roseland
11439,30,NO CONTROLS,NO CONTROLS,CLEAR,"DARKNESS, LIGHTED ROAD",PEDALCYCLIST,NOT DIVIDED,STRAIGHT AND LEVEL,DRY,NO DEFECTS,,UNABLE TO DETERMINE,NOT APPLICABLE,,NO INDICATION OF INJURY,0,7,41.9380676467,-87.8152359124,2024,30,POINT (-87.8152359124 41.9380676467),,,,,2024-07-27,False,16,Dunning
11440,30,NO CONTROLS,NO CONTROLS,CLEAR,DAYLIGHT,PEDALCYCLIST,NOT DIVIDED,STRAIGHT AND LEVEL,DRY,NO DEFECTS,,"VISION OBSCURED (SIGNS, TREE LIMBS, BUILDINGS, ETC.)",FAILING TO YIELD RIGHT-OF-WAY,,NONINCAPACITATING INJURY,8,7,41.9377484515,-87.6611429681,2024,30,POINT (-87.6611429681 41.9377484515),,,,,2024-07-27,False,5,Lake View
11441,30,NO CONTROLS,NO CONTROLS,CLEAR,DAYLIGHT,PEDALCYCLIST,DRIVEWAY,STRAIGHT AND LEVEL,DRY,NO DEFECTS,,FAILING TO REDUCE SPEED TO AVOID CRASH,DRIVING SKILLS/KNOWLEDGE/EXPERIENCE,,NONINCAPACITATING INJURY,10,7,41.8640379652,-87.6557148553,2024,30,POINT (-87.6557148553 41.8640379652),,,,,2024-07-27,False,27,Near West Side
11442,30,TRAFFIC SIGNAL,FUNCTIONING PROPERLY,CLEAR,DAYLIGHT,PEDALCYCLIST,"FIVE POINT, OR MORE",STRAIGHT AND LEVEL,DRY,NO DEFECTS,Y,DRIVING ON WRONG SIDE/WRONG WAY,DRIVING SKILLS/KNOWLEDGE/EXPERIENCE,,NONINCAPACITATING INJURY,10,7,41.7228051559,-87.5366030086,2024,30,POINT (-87.5366030086 41.7228051559),,,,,2024-07-27,False,51,East Side
11443,30,NO CONTROLS,NO CONTROLS,CLEAR,DAYLIGHT,PEDALCYCLIST,NOT DIVIDED,STRAIGHT AND LEVEL,DRY,UNKNOWN,,UNABLE TO DETERMINE,NOT APPLICABLE,,NONINCAPACITATING INJURY,11,7,41.9190508517,-87.6348439539,2024,30,POINT (-87.6348439539 41.9190508517),,,,,2024-07-27,False,6,Lincoln Park
11444,30,STOP SIGN/FLASHER,FUNCTIONING PROPERLY,CLEAR,DAYLIGHT,PEDALCYCLIST,NOT DIVIDED,STRAIGHT AND LEVEL,DRY,NO DEFECTS,Y,FAILING TO REDUCE SPEED TO AVOID CRASH,FAILING TO REDUCE SPEED TO AVOID CRASH,,INCAPACITATING INJURY,14,7,41.9653546414,-87.6525154708,2024,30,POINT (-87.6525154708 41.9653546414),,,,,2024-07-27,True,2,Uptown
11445,30,NO CONTROLS,NO CONTROLS,CLEAR,DAYLIGHT,PEDALCYCLIST,NOT DIVIDED,STRAIGHT AND LEVEL,DRY,NO DEFECTS,,FAILING TO YIELD RIGHT-OF-WAY,NOT APPLICABLE,Y,NONINCAPACITATING INJURY,15,7,41.9652733694,-87.6861924504,2024,30,POINT (-87.6861924504 41.9652733694),,,,,2024-07-27,False,3,Lincoln Square
11446,30,NO CONTROLS,NO CONTROLS,CLEAR,DAYLIGHT,PEDALCYCLIST,ONE-WAY,STRAIGHT AND LEVEL,DRY,NO DEFECTS,,UNABLE TO DETERMINE,UNABLE TO DETERMINE,,NO INDICATION OF INJURY,16,7,41.8900169247,-87.7698205133,2024,30,POINT (-87.7698205133 41.8900169247),,,,,2024-07-27,False,24,Austin
11447,30,TRAFFIC SIGNAL,FUNCTIONING PROPERLY,CLEAR,DAYLIGHT,PEDALCYCLIST,FOUR WAY,STRAIGHT AND LEVEL,DRY,NO DEFECTS,,FAILING TO YIELD RIGHT-OF-WAY,UNABLE TO DETERMINE,,NO INDICATION OF INJURY,19,7,41.9198366945,-87.6362457842,2024,30,POINT (-87.6362457842 41.9198366945),,,,,2024-07-27,False,6,Lincoln Park
11448,25,NO CONTROLS,NO CONTROLS,CLEAR,"DARKNESS, LIGHTED ROAD",PEDALCYCLIST,NOT DIVIDED,STRAIGHT AND LEVEL,DRY,NO DEFECTS,Y,FAILING TO YIELD RIGHT-OF-WAY,FAILING TO REDUCE SPEED TO AVOID CRASH,,NONINCAPACITATING INJURY,2,7,41.6908409086,-87.6208818652,2024,25,POINT (-87.6208818652 41.6908409086),,,,,2024-07-28,False,48,Roseland
11449,25,STOP SIGN/FLASHER,FUNCTIONING PROPERLY,RAIN,DAYLIGHT,PEDALCYCLIST,ONE-WAY,STRAIGHT AND LEVEL,WET,NO DEFECTS,Y,UNABLE TO DETERMINE,UNABLE TO DETERMINE,,NONINCAPACITATING INJURY,7,7,41.8983781693,-87.6220030971,2024,25,POINT (-87.6220030971 41.8983781693),,,,,2024-07-28,False,7,Near North Side
11450,35,TRAFFIC SIGNAL,FUNCTIONING PROPERLY,CLEAR,DAYLIGHT,PEDALCYCLIST,FOUR WAY,STRAIGHT AND LEVEL,DRY,NO DEFECTS,Y,UNABLE TO DETERMINE,NOT APPLICABLE,,NO INDICATION OF INJURY,14,7,41.9544650858,-87.6641846644,2024,35,POINT (-87.6641846644 41.9544650858),,,,,2024-07-28,False,2,Uptown
11451,30,NO CONTROLS,UNKNOWN,CLEAR,DAYLIGHT,PEDALCYCLIST,ALLEY,STRAIGHT AND LEVEL,UNKNOWN,UNKNOWN,,FAILING TO YIELD RIGHT-OF-WAY,NOT APPLICABLE,,INCAPACITATING INJURY,14,7,41.8520755745,-87.6188508039,2024,30,POINT (-87.6188508039 41.8520755745),,,,,2024-07-28,True,32,Near South Side
11452,30,NO CONTROLS,NO CONTROLS,CLEAR,DAYLIGHT,PEDALCYCLIST,NOT DIVIDED,STRAIGHT AND LEVEL,DRY,NO DEFECTS,,DRIVING SKILLS/KNOWLEDGE/EXPERIENCE,NOT APPLICABLE,,NO INDICATION OF INJURY,16,7,41.9110307698,-87.6481735886,2024,30,POINT (-87.6481735886 41.9110307698),,,,,2024-07-28,False,6,Lincoln Park
11453,30,TRAFFIC SIGNAL,FUNCTIONING PROPERLY,CLEAR,DAYLIGHT,PEDALCYCLIST,FOUR WAY,STRAIGHT AND LEVEL,DRY,NO DEFECTS,Y,DISREGARDING TRAFFIC SIGNALS,DRIVING ON WRONG SIDE/WRONG WAY,,"REPORTED, NOT EVIDENT",17,7,42.0034919514,-87.660961379,2024,30,POINT (-87.660961379 42.0034919514),,,,,2024-07-28,False,0,Rogers Park
11454,30,UNKNOWN,UNKNOWN,UNKNOWN,UNKNOWN,PEDALCYCLIST,NOT DIVIDED,STRAIGHT AND LEVEL,UNKNOWN,UNKNOWN,,UNABLE TO DETERMINE,UNABLE TO DETERMINE,,"REPORTED, NOT EVIDENT",17,7,41.94683078,-87.672417095,2024,30,POINT (-87.672417095 41.94683078),,,,,2024-07-28,False,5,Lake View
11455,15,NO CONTROLS,NO CONTROLS,CLEAR,DAYLIGHT,PEDALCYCLIST,ALLEY,STRAIGHT AND LEVEL,DRY,NO DEFECTS,,UNABLE TO DETERMINE,NOT APPLICABLE,,NONINCAPACITATING INJURY,18,7,41.7414613925,-87.7315128695,2024,15,POINT (-87.7315128695 41.7414613925),,,,,2024-07-28,False,69,Ashburn
11456,35,TRAFFIC SIGNAL,FUNCTIONING PROPERLY,CLEAR,DAYLIGHT,PEDALCYCLIST,FOUR WAY,STRAIGHT AND LEVEL,DRY,NO DEFECTS,,UNABLE TO DETERMINE,UNABLE TO DETERMINE,,NONINCAPACITATING INJURY,19,7,41.9175988369,-87.6972537453,2024,35,POINT (-87.6972537453 41.9175988369),,,,,2024-07-28,False,21,Logan Square
11457,30,NO CONTROLS,NO CONTROLS,CLEAR,DAYLIGHT,PEDALCYCLIST,NOT DIVIDED,STRAIGHT AND LEVEL,DRY,NO DEFECTS,,UNABLE TO DETERMINE,UNABLE TO DETERMINE,,"REPORTED, NOT EVIDENT",11,7,41.9943056726,-87.6715459078,2024,30,POINT (-87.6715459078 41.9943056726),,,,,2024-07-29,False,76,Edgewater
11458,25,NO CONTROLS,NO CONTROLS,CLOUDY/OVERCAST,DAYLIGHT,PEDALCYCLIST,NOT DIVIDED,STRAIGHT AND LEVEL,WET,NO DEFECTS,,UNABLE TO DETERMINE,UNABLE TO DETERMINE,,NONINCAPACITATING INJURY,12,7,41.9586665479,-87.6533317798,2024,25,POINT (-87.6533317798 41.9586665479),,,,,2024-07-29,False,2,Uptown
11459,35,NO CONTROLS,NO CONTROLS,CLEAR,DAYLIGHT,PEDALCYCLIST,OTHER,STRAIGHT AND LEVEL,DRY,UNKNOWN,Y,NOT APPLICABLE,NOT APPLICABLE,,NONINCAPACITATING INJURY,14,7,41.7553755046,-87.5564380845,2024,35,POINT (-87.5564380845 41.7553755046),,,,,2024-07-29,False,42,South Shore
11460,20,TRAFFIC SIGNAL,FUNCTIONING PROPERLY,CLEAR,DAYLIGHT,PEDALCYCLIST,FOUR WAY,STRAIGHT AND LEVEL,DRY,NO DEFECTS,Y,UNABLE TO DETERMINE,NOT APPLICABLE,,NO INDICATION OF INJURY,16,7,41.8671751247,-87.6393758126,2024,20,POINT (-87.6393758126 41.8671751247),,,,,2024-07-29,False,27,Near West Side
11461,30,UNKNOWN,UNKNOWN,CLEAR,DAWN,PEDALCYCLIST,FOUR WAY,STRAIGHT AND LEVEL,UNKNOWN,UNKNOWN,,UNABLE TO DETERMINE,NOT APPLICABLE,,INCAPACITATING INJURY,6,7,41.8936281113,-87.6313237741,2024,30,POINT (-87.6313237741 41.8936281113),,,,,2024-07-30,True,7,Near North Side
11462,30,NO CONTROLS,NO CONTROLS,CLEAR,DAYLIGHT,PEDALCYCLIST,ONE-WAY,STRAIGHT AND LEVEL,DRY,NO DEFECTS,,UNABLE TO DETERMINE,UNABLE TO DETERMINE,,NONINCAPACITATING INJURY,8,7,41.736414361,-87.6498545998,2024,30,POINT (-87.6498545998 41.736414361),,,,,2024-07-30,False,70,Auburn Gresham
11463,35,STOP SIGN/FLASHER,FUNCTIONING PROPERLY,CLEAR,DAYLIGHT,PEDALCYCLIST,NOT DIVIDED,STRAIGHT AND LEVEL,DRY,NO DEFECTS,,UNABLE TO DETERMINE,UNABLE TO DETERMINE,Y,NO INDICATION OF INJURY,10,7,41.7866331584,-87.6646084749,2024,35,POINT (-87.6646084749 41.7866331584),,,,,2024-07-30,False,66,Englewood
11464,30,TRAFFIC SIGNAL,FUNCTIONING PROPERLY,CLEAR,DAYLIGHT,PEDALCYCLIST,NOT DIVIDED,STRAIGHT AND LEVEL,DRY,NO DEFECTS,,NOT APPLICABLE,NOT APPLICABLE,,NO INDICATION OF INJURY,10,7,41.8938503231,-87.6176010491,2024,30,POINT (-87.6176010491 41.8938503231),,,,,2024-07-30,False,7,Near North Side