Unnamed: 0,POSTED_SPEED_LIMIT,TRAFFIC_CONTROL_DEVICE,DEVICE_CONDITION,WEATHER_CONDITION,LIGHTING_CONDITION,FIRST_CRASH_TYPE,TRAFFICWAY_TYPE,ALIGNMENT,ROADWAY_SURFACE_COND,ROAD_DEFECT,INTERSECTION_RELATED_I,PRIM_CONTRIBUTORY_CAUSE,SEC_CONTRIBUTORY_CAUSE,DOORING_I,MOST_SEVERE_INJURY,CRASH_HOUR,CRASH_MONTH,LATITUDE,LONGITUDE,CRASH_YEAR,SPEED_LIMIT,geometry,DISPLAYROU,the_geom,DIST,LANE_TYPE,CRASH_DATE,is_severe,index_right,CArea
11465,30,TRAFFIC SIGNAL,FUNCTIONING PROPERLY,CLEAR,DAYLIGHT,PEDALCYCLIST,DIVIDED - W/MEDIAN BARRIER,STRAIGHT AND LEVEL,DRY,NO DEFECTS,Y,FAILING TO YIELD RIGHT-OF-WAY,IMPROPER TURNING/NO SIGNAL,N,NONINCAPACITATING INJURY,11,7,41.8382102849,-87.6269217357,2024,30,POINT (-87.6269217357 41.8382102849),,,,,2024-07-30,False,34,Douglas
11466,30,NO CONTROLS,NO CONTROLS,CLEAR,DAYLIGHT,PEDALCYCLIST,DIVIDED - W/MEDIAN BARRIER,STRAIGHT AND LEVEL,DRY,NO DEFECTS,,FAILING TO YIELD RIGHT-OF-WAY,NOT APPLICABLE,,NONINCAPACITATING INJURY,11,7,41.9684039646,-87.7011642574,2024,30,POINT (-87.7011642574 41.9684039646),,,,,2024-07-30,False,3,Lincoln Square
11467,30,TRAFFIC SIGNAL,FUNCTIONING PROPERLY,CLEAR,DAYLIGHT,PEDALCYCLIST,NOT DIVIDED,STRAIGHT AND LEVEL,DRY,NO DEFECTS,Y,UNABLE TO DETERMINE,UNABLE TO DETERMINE,,NONINCAPACITATING INJURY,11,7,41.8257592912,-87.616960136,2024,30,POINT (-87.616960136 41.8257592912),,,,,2024-07-30,False,34,Douglas
11468,30,STOP SIGN/FLASHER,FUNCTIONING PROPERLY,CLEAR,DAYLIGHT,PEDALCYCLIST,FOUR WAY,STRAIGHT AND LEVEL,DRY,NO DEFECTS,Y,UNABLE TO DETERMINE,NOT APPLICABLE,,NONINCAPACITATING INJURY,11,7,41.9311994102,-87.7638480625,2024,30,POINT (-87.7638480625 41.9311994102),,,,,2024-07-30,False,18,Belmont Cragin
11469,30,NO CONTROLS,NO CONTROLS,CLEAR,DAYLIGHT,PEDALCYCLIST,NOT DIVIDED,STRAIGHT AND LEVEL,DRY,NO DEFECTS,,UNABLE TO DETERMINE,NOT APPLICABLE,,NO INDICATION OF INJURY,12,7,41.8695782965,-87.7447194955,2024,30,POINT (-87.7447194955 41.8695782965),,,,,2024-07-30,False,24,Austin
11470,30,UNKNOWN,UNKNOWN,UNKNOWN,DAYLIGHT,PEDALCYCLIST,DIVIDED - W/MEDIAN (NOT RAISED),STRAIGHT AND LEVEL,UNKNOWN,UNKNOWN,,NOT APPLICABLE,NOT APPLICABLE,Y,NONINCAPACITATING INJURY,12,7,41.9782052631,-87.6684906902,2024,30,POINT (-87.6684906902 41.9782052631),,,,,2024-07-30,False,76,Edgewater
11471,30,UNKNOWN,UNKNOWN,UNKNOWN,UNKNOWN,PEDALCYCLIST,ONE-WAY,STRAIGHT AND LEVEL,UNKNOWN,UNKNOWN,,IMPROPER TURNING/NO SIGNAL,UNABLE TO DETERMINE,,NO INDICATION OF INJURY,13,7,42.0016165704,-87.6705548099,2024,30,POINT (-87.6705548099 42.0016165704),,,,,2024-07-30,False,0,Rogers Park
11472,30,STOP SIGN/FLASHER,FUNCTIONING PROPERLY,CLEAR,DAYLIGHT,PEDALCYCLIST,FOUR WAY,STRAIGHT AND LEVEL,DRY,NO DEFECTS,Y,UNABLE TO DETERMINE,NOT APPLICABLE,,NONINCAPACITATING INJURY,13,7,41.6986264401,-87.7109942844,2024,30,POINT (-87.7109942844 41.6986264401),,,,,2024-07-30,False,73,Mount Greenwood
11473,30,TRAFFIC SIGNAL,FUNCTIONING PROPERLY,CLEAR,DAYLIGHT,PEDALCYCLIST,DIVIDED - W/MEDIAN (NOT RAISED),STRAIGHT AND LEVEL,DRY,NO DEFECTS,Y,UNABLE TO DETERMINE,NOT APPLICABLE,,"REPORTED, NOT EVIDENT",13,7,41.8743886435,-87.6569588888,2024,30,POINT (-87.6569588888 41.8743886435),,,,,2024-07-30,False,27,Near West Side
11474,30,NO CONTROLS,NO CONTROLS,CLEAR,DAYLIGHT,PEDALCYCLIST,DIVIDED - W/MEDIAN BARRIER,STRAIGHT AND LEVEL,DRY,NO DEFECTS,,"VISION OBSCURED (SIGNS, TREE LIMBS, BUILDINGS, ETC.)","VISION OBSCURED (SIGNS, TREE LIMBS, BUILDINGS, ETC.)",,NONINCAPACITATING INJURY,16,7,41.9098191407,-87.7225353236,2024,30,POINT (-87.7225353236 41.9098191407),,,,,2024-07-30,False,22,Humboldt Park
11475,10,NO CONTROLS,NO CONTROLS,CLEAR,DAYLIGHT,PEDALCYCLIST,ALLEY,STRAIGHT AND LEVEL,DRY,NO DEFECTS,,NOT APPLICABLE,NOT APPLICABLE,,NO INDICATION OF INJURY,16,7,41.7712594553,-87.7394920463,2024,10,POINT (-87.7394920463 41.7712594553),,,,,2024-07-30,False,63,Clearing
11476,30,TRAFFIC SIGNAL,FUNCTIONING PROPERLY,CLEAR,DAYLIGHT,PEDALCYCLIST,ONE-WAY,STRAIGHT AND LEVEL,DRY,NO DEFECTS,Y,DISREGARDING OTHER TRAFFIC SIGNS,NOT APPLICABLE,,NO INDICATION OF INJURY,17,7,41.8379801313,-87.6439893838,2024,30,POINT (-87.6439893838 41.8379801313),,,,,2024-07-30,False,30,Lower West Side
11477,20,STOP SIGN/FLASHER,FUNCTIONING PROPERLY,CLEAR,DAYLIGHT,PEDALCYCLIST,FOUR WAY,STRAIGHT AND LEVEL,DRY,NO DEFECTS,Y,UNABLE TO DETERMINE,UNABLE TO DETERMINE,,NONINCAPACITATING INJURY,17,7,41.9780038866,-87.6765359977,2024,20,POINT (-87.6765359977 41.9780038866),,,,,2024-07-30,False,3,Lincoln Square
11478,30,STOP SIGN/FLASHER,NO CONTROLS,CLEAR,DAWN,PEDALCYCLIST,DIVIDED - W/MEDIAN (NOT RAISED),STRAIGHT AND LEVEL,DRY,NO DEFECTS,,FOLLOWING TOO CLOSELY,NOT APPLICABLE,,NO INDICATION OF INJURY,19,7,41.9238407697,-87.6779902909,2024,30,POINT (-87.6779902909 41.9238407697),,,,,2024-07-30,False,6,Lincoln Park
11479,30,TRAFFIC SIGNAL,FUNCTIONING PROPERLY,CLEAR,"DARKNESS, LIGHTED ROAD",PEDALCYCLIST,NOT DIVIDED,STRAIGHT AND LEVEL,DRY,NO DEFECTS,Y,IMPROPER LANE USAGE,UNABLE TO DETERMINE,,NONINCAPACITATING INJURY,21,7,41.8673626926,-87.6392931946,2024,30,POINT (-87.6392931946 41.8673626926),,,,,2024-07-30,False,27,Near West Side
11480,30,NO CONTROLS,NO CONTROLS,CLEAR,DAYLIGHT,PEDALCYCLIST,ONE-WAY,STRAIGHT AND LEVEL,DRY,NO DEFECTS,,DRIVING SKILLS/KNOWLEDGE/EXPERIENCE,NOT APPLICABLE,Y,NONINCAPACITATING INJURY,8,7,41.8853144913,-87.626413395,2024,30,POINT (-87.626413395 41.8853144913),,,,,2024-07-31,False,31,Loop
11481,20,NO CONTROLS,NO CONTROLS,CLEAR,DAYLIGHT,PEDALCYCLIST,NOT DIVIDED,STRAIGHT AND LEVEL,DRY,NO DEFECTS,,UNABLE TO DETERMINE,NOT APPLICABLE,,NO INDICATION OF INJURY,11,7,41.909404663,-87.7547638736,2024,20,POINT (-87.7547638736 41.909404663),,,,,2024-07-31,False,24,Austin
11482,30,TRAFFIC SIGNAL,FUNCTIONING PROPERLY,CLEAR,DAYLIGHT,PEDALCYCLIST,DIVIDED - W/MEDIAN (NOT RAISED),STRAIGHT AND LEVEL,DRY,NO DEFECTS,,IMPROPER TURNING/NO SIGNAL,NOT APPLICABLE,,NONINCAPACITATING INJURY,16,7,41.8629791047,-87.6225950315,2024,30,POINT (-87.6225950315 41.8629791047),,,,,2024-07-31,False,32,Near South Side
11483,35,TRAFFIC SIGNAL,FUNCTIONING PROPERLY,CLEAR,DAYLIGHT,PEDALCYCLIST,FOUR WAY,STRAIGHT AND LEVEL,DRY,NO DEFECTS,Y,FAILING TO YIELD RIGHT-OF-WAY,NOT APPLICABLE,,NONINCAPACITATING INJURY,16,7,41.7712226966,-87.7419103875,2024,35,POINT (-87.7419103875 41.7712226966),,,,,2024-07-31,False,63,Clearing
11484,30,UNKNOWN,UNKNOWN,CLEAR,DAYLIGHT,PEDALCYCLIST,OTHER,STRAIGHT AND LEVEL,DRY,UNKNOWN,,FOLLOWING TOO CLOSELY,UNABLE TO DETERMINE,,NO INDICATION OF INJURY,18,7,41.9686506799,-87.6788572746,2024,30,POINT (-87.6788572746 41.9686506799),,,,,2024-07-31,False,3,Lincoln Square
11485,30,STOP SIGN/FLASHER,FUNCTIONING PROPERLY,CLEAR,DAYLIGHT,PEDALCYCLIST,FOUR WAY,STRAIGHT AND LEVEL,DRY,UNKNOWN,Y,UNABLE TO DETERMINE,UNABLE TO DETERMINE,,NO INDICATION OF INJURY,18,7,41.8079986318,-87.7224215703,2024,30,POINT (-87.7224215703 41.8079986318),,,,,2024-07-31,False,56,Archer Heights
11486,30,NO CONTROLS,NO CONTROLS,CLEAR,"DARKNESS, LIGHTED ROAD",PEDALCYCLIST,NOT DIVIDED,STRAIGHT AND LEVEL,DRY,NO DEFECTS,,UNABLE TO DETERMINE,NOT APPLICABLE,Y,NONINCAPACITATING INJURY,20,7,41.9592124979,-87.6533564271,2024,30,POINT (-87.6533564271 41.9592124979),,,,,2024-07-31,False,2,Uptown
11487,30,TRAFFIC SIGNAL,FUNCTIONING PROPERLY,CLEAR,"DARKNESS, LIGHTED ROAD",PEDALCYCLIST,T-INTERSECTION,STRAIGHT AND LEVEL,DRY,NO DEFECTS,Y,UNABLE TO DETERMINE,FAILING TO REDUCE SPEED TO AVOID CRASH,,NO INDICATION OF INJURY,21,7,41.9144378057,-87.633794521,2024,30,POINT (-87.633794521 41.9144378057),,,,,2024-07-31,False,6,Lincoln Park
11488,25,NO CONTROLS,NO CONTROLS,CLEAR,"DARKNESS, LIGHTED ROAD",PEDALCYCLIST,DIVIDED - W/MEDIAN (NOT RAISED),STRAIGHT AND LEVEL,DRY,NO DEFECTS,Y,FAILING TO YIELD RIGHT-OF-WAY,UNABLE TO DETERMINE,,NONINCAPACITATING INJURY,21,7,41.9678750683,-87.7511437631,2024,25,POINT (-87.7511437631 41.9678750683),,,,,2024-07-31,False,14,Portage Park
11489,30,TRAFFIC SIGNAL,FUNCTIONING PROPERLY,CLOUDY/OVERCAST,DAYLIGHT,PEDALCYCLIST,FOUR WAY,STRAIGHT AND LEVEL,DRY,NO DEFECTS,Y,UNABLE TO DETERMINE,UNABLE TO DETERMINE,,NO INDICATION OF INJURY,10,8,41.8095673513,-87.6305227363,2024,30,POINT (-87.6305227363 41.8095673513),,,,,2024-08-01,False,36,Fuller Park
11490,30,STOP SIGN/FLASHER,FUNCTIONING PROPERLY,CLEAR,DAYLIGHT,PEDALCYCLIST,FOUR WAY,STRAIGHT AND LEVEL,DRY,NO DEFECTS,,UNABLE TO DETERMINE,UNABLE TO DETERMINE,,NO INDICATION OF INJURY,13,8,41.9035196521,-87.6746886265,2024,30,POINT (-87.6746886265 41.9035196521),,,,,2024-08-01,False,23,West Town
11491,30,TRAFFIC SIGNAL,FUNCTIONING PROPERLY,CLEAR,DAYLIGHT,PEDALCYCLIST,DIVIDED - W/MEDIAN (NOT RAISED),STRAIGHT AND LEVEL,DRY,NO DEFECTS,,FAILING TO YIELD RIGHT-OF-WAY,IMPROPER OVERTAKING/PASSING,,NO INDICATION OF INJURY,14,8,41.9089214003,-87.6775677955,2024,30,POINT (-87.6775677955 41.9089214003),,,,,2024-08-01,False,23,West Town
11492,30,NO CONTROLS,NO CONTROLS,CLEAR,DAYLIGHT,PEDALCYCLIST,PARKING LOT,STRAIGHT AND LEVEL,DRY,NO DEFECTS,,UNABLE TO DETERMINE,UNABLE TO DETERMINE,,NONINCAPACITATING INJURY,16,8,41.7509358958,-87.6827244173,2024,30,POINT (-87.6827244173 41.7509358958),,,,,2024-08-01,False,69,Ashburn
11493,30,TRAFFIC SIGNAL,FUNCTIONING PROPERLY,CLEAR,DAYLIGHT,PEDALCYCLIST,NOT DIVIDED,STRAIGHT AND LEVEL,DRY,NO DEFECTS,Y,FAILING TO YIELD RIGHT-OF-WAY,NOT APPLICABLE,,NONINCAPACITATING INJURY,17,8,41.9168319006,-87.6876578471,2024,30,POINT (-87.6876578471 41.9168319006),,,,,2024-08-01,False,21,Logan Square
11494,30,NO CONTROLS,NO CONTROLS,CLEAR,DAYLIGHT,PEDALCYCLIST,NOT DIVIDED,STRAIGHT AND LEVEL,DRY,NO DEFECTS,,UNABLE TO DETERMINE,NOT APPLICABLE,,NONINCAPACITATING INJURY,17,8,41.9105827644,-87.6777016771,2024,30,POINT (-87.6777016771 41.9105827644),,,,,2024-08-01,False,23,West Town
11495,20,STOP SIGN/FLASHER,FUNCTIONING PROPERLY,CLEAR,DAYLIGHT,PEDALCYCLIST,NOT DIVIDED,STRAIGHT AND LEVEL,DRY,NO DEFECTS,Y,FAILING TO YIELD RIGHT-OF-WAY,UNABLE TO DETERMINE,,NONINCAPACITATING INJURY,17,8,41.8744308354,-87.6288422453,2024,20,POINT (-87.6288422453 41.8744308354),,,,,2024-08-01,False,31,Loop
11496,30,NO CONTROLS,NO CONTROLS,CLEAR,DAYLIGHT,PEDALCYCLIST,DIVIDED - W/MEDIAN (NOT RAISED),STRAIGHT AND LEVEL,DRY,NO DEFECTS,,ROAD ENGINEERING/SURFACE/MARKING DEFECTS,FAILING TO YIELD RIGHT-OF-WAY,,NONINCAPACITATING INJURY,18,8,41.9247324468,-87.7154043723,2024,30,POINT (-87.7154043723 41.9247324468),,,,,2024-08-01,False,21,Logan Square
11497,30,NO CONTROLS,NO CONTROLS,CLEAR,DAYLIGHT,PEDALCYCLIST,NOT DIVIDED,STRAIGHT AND LEVEL,DRY,NO DEFECTS,,FAILING TO YIELD RIGHT-OF-WAY,FAILING TO YIELD RIGHT-OF-WAY,,"REPORTED, NOT EVIDENT",19,8,41.926733649,-87.6976138417,2024,30,POINT (-87.6976138417 41.926733649),,,,,2024-08-01,False,21,Logan Square
11498,30,TRAFFIC SIGNAL,UNKNOWN,UNKNOWN,UNKNOWN,PEDALCYCLIST,NOT REPORTED,STRAIGHT AND LEVEL,UNKNOWN,UNKNOWN,Y,UNABLE TO DETERMINE,UNABLE TO DETERMINE,,"REPORTED, NOT EVIDENT",19,8,41.9327116021,-87.6464324195,2024,30,POINT (-87.6464324195 41.9327116021),,,,,2024-08-01,False,5,Lake View
11499,30,NO CONTROLS,NO CONTROLS,RAIN,"DARKNESS, LIGHTED ROAD",PEDALCYCLIST,NOT DIVIDED,STRAIGHT AND LEVEL,WET,NO DEFECTS,,UNABLE TO DETERMINE,UNABLE TO DETERMINE,,"REPORTED, NOT EVIDENT",21,8,41.9113865065,-87.7164434448,2024,30,POINT (-87.7164434448 41.9113865065),,,,,2024-08-01,False,22,Humboldt Park
11500,20,NO CONTROLS,NO CONTROLS,CLEAR,DAYLIGHT,PEDALCYCLIST,NOT DIVIDED,STRAIGHT AND LEVEL,DRY,NO DEFECTS,Y,UNABLE TO DETERMINE,UNABLE TO DETERMINE,,NO INDICATION OF INJURY,9,8,41.9453448721,-87.7982592692,2024,20,POINT (-87.7982592692 41.9453448721),,,,,2024-08-02,False,16,Dunning
11501,10,NO CONTROLS,NO CONTROLS,CLOUDY/OVERCAST,DAYLIGHT,PEDALCYCLIST,PARKING LOT,STRAIGHT AND LEVEL,DRY,NO DEFECTS,,"VISION OBSCURED (SIGNS, TREE LIMBS, BUILDINGS, ETC.)",NOT APPLICABLE,,NONINCAPACITATING INJURY,11,8,41.910937099,-87.6538588874,2024,10,POINT (-87.6538588874 41.910937099),,,,,2024-08-02,False,6,Lincoln Park
11502,30,STOP SIGN/FLASHER,FUNCTIONING PROPERLY,CLEAR,DAYLIGHT,PEDALCYCLIST,FOUR WAY,STRAIGHT AND LEVEL,DRY,NO DEFECTS,Y,UNABLE TO DETERMINE,UNABLE TO DETERMINE,,NO INDICATION OF INJURY,12,8,41.8739212436,-87.6749484645,2024,30,POINT (-87.6749484645 41.8739212436),,,,,2024-08-02,False,27,Near West Side
11503,35,TRAFFIC SIGNAL,NO CONTROLS,CLEAR,DAYLIGHT,PEDALCYCLIST,DIVIDED - W/MEDIAN BARRIER,STRAIGHT AND LEVEL,DRY,NO DEFECTS,Y,UNABLE TO DETERMINE,NOT APPLICABLE,,NO INDICATION OF INJURY,14,8,41.88225264,-87.6242228302,2024,35,POINT (-87.6242228302 41.88225264),,,,,2024-08-02,False,31,Loop
11504,30,NO CONTROLS,NO CONTROLS,CLEAR,DAYLIGHT,PEDALCYCLIST,NOT DIVIDED,STRAIGHT AND LEVEL,DRY,NO DEFECTS,,FAILING TO YIELD RIGHT-OF-WAY,NOT APPLICABLE,,"REPORTED, NOT EVIDENT",14,8,41.8597556787,-87.7248338998,2024,30,POINT (-87.7248338998 41.8597556787),,,,,2024-08-02,False,28,North Lawndale
11505,25,NO CONTROLS,NO CONTROLS,CLEAR,DAYLIGHT,PEDALCYCLIST,NOT DIVIDED,STRAIGHT AND LEVEL,DRY,NO DEFECTS,,UNABLE TO DETERMINE,DRIVING SKILLS/KNOWLEDGE/EXPERIENCE,Y,NONINCAPACITATING INJURY,17,8,41.9520173482,-87.7222047045,2024,25,POINT (-87.7222047045 41.9520173482),,,,,2024-08-02,False,15,Irving Park
11506,35,OTHER,NO CONTROLS,CLEAR,DAYLIGHT,PEDALCYCLIST,NOT DIVIDED,STRAIGHT AND LEVEL,DRY,NO DEFECTS,,NOT APPLICABLE,NOT APPLICABLE,,NONINCAPACITATING INJURY,19,8,41.8513123034,-87.6609839602,2024,35,POINT (-87.6609839602 41.8513123034),,,,,2024-08-02,False,30,Lower West Side
11507,30,NO CONTROLS,NO CONTROLS,CLEAR,DARKNESS,PEDALCYCLIST,NOT DIVIDED,STRAIGHT AND LEVEL,DRY,NO DEFECTS,,IMPROPER TURNING/NO SIGNAL,NOT APPLICABLE,,NONINCAPACITATING INJURY,20,8,41.7936683244,-87.7011823518,2024,30,POINT (-87.7011823518 41.7936683244),,,,,2024-08-02,False,62,Gage Park
11508,30,STOP SIGN/FLASHER,FUNCTIONING PROPERLY,CLEAR,"DARKNESS, LIGHTED ROAD",PEDALCYCLIST,NOT DIVIDED,STRAIGHT AND LEVEL,DRY,NO DEFECTS,Y,"VISION OBSCURED (SIGNS, TREE LIMBS, BUILDINGS, ETC.)",FAILING TO REDUCE SPEED TO AVOID CRASH,,NONINCAPACITATING INJURY,22,8,41.8933317262,-87.6478209821,2024,30,POINT (-87.6478209821 41.8933317262),,,,,2024-08-02,False,7,Near North Side
11509,30,NO CONTROLS,FUNCTIONING PROPERLY,CLEAR,"DARKNESS, LIGHTED ROAD",PEDALCYCLIST,NOT DIVIDED,STRAIGHT AND LEVEL,DRY,NO DEFECTS,,FOLLOWING TOO CLOSELY,FOLLOWING TOO CLOSELY,,NO INDICATION OF INJURY,23,8,41.8590725882,-87.6295362931,2024,30,POINT (-87.6295362931 41.8590725882),,,,,2024-08-02,False,32,Near South Side
11510,30,TRAFFIC SIGNAL,UNKNOWN,CLEAR,"DARKNESS, LIGHTED ROAD",PEDALCYCLIST,NOT DIVIDED,STRAIGHT AND LEVEL,DRY,NO DEFECTS,,FAILING TO REDUCE SPEED TO AVOID CRASH,UNABLE TO DETERMINE,,NONINCAPACITATING INJURY,1,8,41.9203304152,-87.6418238432,2024,30,POINT (-87.6418238432 41.9203304152),,,,,2024-08-03,False,6,Lincoln Park
11511,30,TRAFFIC SIGNAL,FUNCTIONING PROPERLY,CLEAR,DAYLIGHT,PEDALCYCLIST,NOT DIVIDED,STRAIGHT AND LEVEL,DRY,NO DEFECTS,,IMPROPER OVERTAKING/PASSING,IMPROPER TURNING/NO SIGNAL,,NONINCAPACITATING INJURY,8,8,41.9396201739,-87.6833996511,2024,30,POINT (-87.6833996511 41.9396201739),,,,,2024-08-03,False,4,North Center
11512,30,NO CONTROLS,NO CONTROLS,CLEAR,DAYLIGHT,PEDALCYCLIST,NOT DIVIDED,STRAIGHT AND LEVEL,DRY,NO DEFECTS,,DRIVING SKILLS/KNOWLEDGE/EXPERIENCE,NOT APPLICABLE,Y,NONINCAPACITATING INJURY,10,8,41.9684259509,-87.698173431,2024,30,POINT (-87.698173431 41.9684259509),,,,,2024-08-03,False,3,Lincoln Square
11513,30,TRAFFIC SIGNAL,FUNCTIONING PROPERLY,CLEAR,DAYLIGHT,PEDALCYCLIST,NOT DIVIDED,STRAIGHT AND LEVEL,DRY,NO DEFECTS,,UNABLE TO DETERMINE,UNABLE TO DETERMINE,,NONINCAPACITATING INJURY,12,8,41.8661830832,-87.7151452795,2024,30,POINT (-87.7151452795 41.8661830832),,,,,2024-08-03,False,28,North Lawndale
11514,30,NO CONTROLS,NO CONTROLS,CLEAR,DAYLIGHT,PEDALCYCLIST,DIVIDED - W/MEDIAN BARRIER,STRAIGHT AND LEVEL,DRY,NO DEFECTS,Y,DRIVING ON WRONG SIDE/WRONG WAY,NOT APPLICABLE,,NONINCAPACITATING INJURY,12,8,41.8114038508,-87.6651907919,2024,30,POINT (-87.6651907919 41.8114038508),,,,,2024-08-03,False,60,New City
11515,30,TRAFFIC SIGNAL,FUNCTIONING IMPROPERLY,CLEAR,DAYLIGHT,PEDALCYCLIST,NOT DIVIDED,STRAIGHT AND LEVEL,DRY,UNKNOWN,Y,FAILING TO YIELD RIGHT-OF-WAY,FAILING TO YIELD RIGHT-OF-WAY,,NONINCAPACITATING INJURY,13,8,41.8675219371,-87.627522975,2024,30,POINT (-87.627522975 41.8675219371),,,,,2024-08-03,False,31,Loop
11516,30,TRAFFIC SIGNAL,FUNCTIONING PROPERLY,CLEAR,DAYLIGHT,PEDALCYCLIST,DIVIDED - W/MEDIAN (NOT RAISED),STRAIGHT AND LEVEL,DRY,NO DEFECTS,Y,UNABLE TO DETERMINE,UNABLE TO DETERMINE,,NO INDICATION OF INJURY,16,8,41.7365323981,-87.6098180213,2024,30,POINT (-87.6098180213 41.7365323981),,,,,2024-08-03,False,43,Chatham
11517,15,NO CONTROLS,NO CONTROLS,CLEAR,DAYLIGHT,PEDALCYCLIST,ALLEY,STRAIGHT AND LEVEL,DRY,NO DEFECTS,,UNABLE TO DETERMINE,UNABLE TO DETERMINE,,"REPORTED, NOT EVIDENT",19,8,41.9963201742,-87.691209158,2024,15,POINT (-87.691209158 41.9963201742),,,,,2024-08-03,False,1,West Ridge
11518,30,TRAFFIC SIGNAL,FUNCTIONING PROPERLY,CLEAR,DUSK,PEDALCYCLIST,DIVIDED - W/MEDIAN BARRIER,STRAIGHT AND LEVEL,DRY,UNKNOWN,Y,FAILING TO YIELD RIGHT-OF-WAY,NOT APPLICABLE,,NO INDICATION OF INJURY,19,8,41.9032981952,-87.6676408142,2024,30,POINT (-87.6676408142 41.9032981952),,,,,2024-08-03,False,23,West Town
11519,30,NO CONTROLS,NO CONTROLS,CLEAR,DAYLIGHT,PEDALCYCLIST,DIVIDED - W/MEDIAN (NOT RAISED),STRAIGHT AND LEVEL,DRY,NO DEFECTS,,UNABLE TO DETERMINE,UNABLE TO DETERMINE,,NONINCAPACITATING INJURY,19,8,41.9259379218,-87.649664585,2024,30,POINT (-87.649664585 41.9259379218),,,,,2024-08-03,False,6,Lincoln Park
11520,30,TRAFFIC SIGNAL,FUNCTIONING PROPERLY,CLEAR,DAYLIGHT,PEDALCYCLIST,DIVIDED - W/MEDIAN (NOT RAISED),STRAIGHT AND LEVEL,DRY,NO DEFECTS,,UNABLE TO DETERMINE,UNABLE TO DETERMINE,,NONINCAPACITATING INJURY,8,8,41.8812768263,-87.6719686962,2024,30,POINT (-87.6719686962 41.8812768263),,,,,2024-08-04,False,27,Near West Side
11521,30,TRAFFIC SIGNAL,FUNCTIONING PROPERLY,CLEAR,DAYLIGHT,PEDALCYCLIST,NOT DIVIDED,STRAIGHT AND LEVEL,DRY,WORN SURFACE,Y,"DISTRACTION - OTHER ELECTRONIC DEVICE (NAVIGATION DEVICE, DVD PLAYER, ETC.)",CELL PHONE USE OTHER THAN TEXTING,,NONINCAPACITATING INJURY,11,8,41.8579021371,-87.6300824047,2024,30,POINT (-87.6300824047 41.8579021371),,,,,2024-08-04,False,32,Near South Side
11522,40,TRAFFIC SIGNAL,FUNCTIONING PROPERLY,CLEAR,DAYLIGHT,PEDALCYCLIST,FOUR WAY,STRAIGHT AND LEVEL,DRY,NO DEFECTS,Y,UNABLE TO DETERMINE,UNABLE TO DETERMINE,,NONINCAPACITATING INJURY,13,8,41.882064476,-87.6169144678,2024,40,POINT (-87.6169144678 41.882064476),,,,,2024-08-04,False,31,Loop
11523,30,STOP SIGN/FLASHER,FUNCTIONING PROPERLY,CLEAR,DAYLIGHT,PEDALCYCLIST,T-INTERSECTION,STRAIGHT AND LEVEL,DRY,NO DEFECTS,Y,EQUIPMENT - VEHICLE CONDITION,NOT APPLICABLE,,NO INDICATION OF INJURY,18,8,42.0049036642,-87.6912189923,2024,30,POINT (-87.6912189923 42.0049036642),,,,,2024-08-04,False,1,West Ridge
11524,30,NO CONTROLS,NO CONTROLS,CLEAR,DAYLIGHT,PEDALCYCLIST,NOT DIVIDED,STRAIGHT AND LEVEL,DRY,NO DEFECTS,,FAILING TO YIELD RIGHT-OF-WAY,NOT APPLICABLE,,NONINCAPACITATING INJURY,18,8,41.885592272,-87.6420002935,2024,30,POINT (-87.6420002935 41.885592272),,,,,2024-08-04,False,27,Near West Side
11525,20,NO CONTROLS,NO CONTROLS,CLEAR,DAWN,PEDALCYCLIST,FOUR WAY,STRAIGHT AND LEVEL,DRY,NO DEFECTS,Y,FAILING TO YIELD RIGHT-OF-WAY,UNABLE TO DETERMINE,,NONINCAPACITATING INJURY,19,8,41.9479327826,-87.6457119066,2024,20,POINT (-87.6457119066 41.9479327826),,,,,2024-08-04,False,5,Lake View
11526,30,NO CONTROLS,NO CONTROLS,CLEAR,"DARKNESS, LIGHTED ROAD",PEDALCYCLIST,NOT DIVIDED,STRAIGHT AND LEVEL,DRY,NO DEFECTS,,UNABLE TO DETERMINE,UNABLE TO DETERMINE,Y,NONINCAPACITATING INJURY,21,8,41.8646140721,-87.6469887088,2024,30,POINT (-87.6469887088 41.8646140721),,,,,2024-08-04,False,27,Near West Side
11527,30,NO CONTROLS,NO CONTROLS,CLEAR,"DARKNESS, LIGHTED ROAD",PEDALCYCLIST,NOT DIVIDED,STRAIGHT AND LEVEL,DRY,NO DEFECTS,,UNABLE TO DETERMINE,UNABLE TO DETERMINE,,NO INDICATION OF INJURY,23,8,41.9496532435,-87.6485062896,2024,30,POINT (-87.6485062896 41.9496532435),,,,,2024-08-04,False,5,Lake View
11528,30,TRAFFIC SIGNAL,FUNCTIONING PROPERLY,CLEAR,DAYLIGHT,PEDALCYCLIST,FOUR WAY,STRAIGHT AND LEVEL,DRY,NO DEFECTS,Y,IMPROPER LANE USAGE,NOT APPLICABLE,,NONINCAPACITATING INJURY,15,8,41.9108072081,-87.6630435964,2024,30,POINT (-87.6630435964 41.9108072081),,,,,2024-08-05,False,6,Lincoln Park
11529,30,STOP SIGN/FLASHER,FUNCTIONING PROPERLY,CLEAR,DAYLIGHT,PEDALCYCLIST,FOUR WAY,STRAIGHT AND LEVEL,DRY,NO DEFECTS,Y,FAILING TO YIELD RIGHT-OF-WAY,UNABLE TO DETERMINE,,NONINCAPACITATING INJURY,16,8,41.9169186985,-87.7378508038,2024,30,POINT (-87.7378508038 41.9169186985),,,,,2024-08-05,False,19,Hermosa