Unnamed: 0,POSTED_SPEED_LIMIT,TRAFFIC_CONTROL_DEVICE,DEVICE_CONDITION,WEATHER_CONDITION,LIGHTING_CONDITION,FIRST_CRASH_TYPE,TRAFFICWAY_TYPE,ALIGNMENT,ROADWAY_SURFACE_COND,ROAD_DEFECT,INTERSECTION_RELATED_I,PRIM_CONTRIBUTORY_CAUSE,SEC_CONTRIBUTORY_CAUSE,DOORING_I,MOST_SEVERE_INJURY,CRASH_HOUR,CRASH_MONTH,LATITUDE,LONGITUDE,CRASH_YEAR,SPEED_LIMIT,geometry,DISPLAYROU,the_geom,DIST,LANE_TYPE,CRASH_DATE,is_severe,index_right,CArea
11662,30,STOP SIGN/FLASHER,FUNCTIONING PROPERLY,CLEAR,DAYLIGHT,PEDALCYCLIST,FOUR WAY,STRAIGHT AND LEVEL,DRY,NO DEFECTS,Y,FAILING TO YIELD RIGHT-OF-WAY,DISREGARDING STOP SIGN,,NO INDICATION OF INJURY,11,8,41.8425030565,-87.7257781449,2024,30,POINT (-87.7257781449 41.8425030565),,,,,2024-08-18,False,29,South Lawndale
11663,35,NO CONTROLS,OTHER,CLEAR,DAYLIGHT,PEDALCYCLIST,NOT DIVIDED,STRAIGHT ON GRADE,UNKNOWN,UNKNOWN,,UNABLE TO DETERMINE,UNABLE TO DETERMINE,Y,NONINCAPACITATING INJURY,12,8,41.7210731422,-87.6648983734,2024,35,POINT (-87.6648983734 41.7210731422),,,,,2024-08-18,False,71,Beverly
11664,30,NO CONTROLS,NO CONTROLS,CLEAR,DAYLIGHT,PEDALCYCLIST,ONE-WAY,STRAIGHT AND LEVEL,DRY,NO DEFECTS,,UNABLE TO DETERMINE,NOT APPLICABLE,Y,NONINCAPACITATING INJURY,16,8,41.928228478,-87.7209025491,2024,30,POINT (-87.7209025491 41.928228478),,,,,2024-08-18,False,21,Logan Square
11665,30,YIELD,FUNCTIONING PROPERLY,CLEAR,DAYLIGHT,PEDALCYCLIST,DIVIDED - W/MEDIAN BARRIER,STRAIGHT AND LEVEL,DRY,NO DEFECTS,,FAILING TO YIELD RIGHT-OF-WAY,DRIVING SKILLS/KNOWLEDGE/EXPERIENCE,,NONINCAPACITATING INJURY,16,8,41.9139252472,-87.702127645,2024,30,POINT (-87.702127645 41.9139252472),,,,,2024-08-18,False,21,Logan Square
11666,30,TRAFFIC SIGNAL,FUNCTIONING PROPERLY,CLEAR,DAYLIGHT,PEDALCYCLIST,NOT DIVIDED,STRAIGHT ON GRADE,DRY,NO DEFECTS,,FAILING TO YIELD RIGHT-OF-WAY,NOT APPLICABLE,,NONINCAPACITATING INJURY,19,8,41.9296005837,-87.6430512122,2024,30,POINT (-87.6430512122 41.9296005837),,,,,2024-08-18,False,6,Lincoln Park
11667,30,NO CONTROLS,NO CONTROLS,CLEAR,"DARKNESS, LIGHTED ROAD",PEDALCYCLIST,NOT DIVIDED,STRAIGHT AND LEVEL,DRY,NO DEFECTS,,IMPROPER TURNING/NO SIGNAL,NOT APPLICABLE,,NONINCAPACITATING INJURY,20,8,41.9105699128,-87.6788306544,2024,30,POINT (-87.6788306544 41.9105699128),,,,,2024-08-18,False,23,West Town
11668,30,TRAFFIC SIGNAL,FUNCTIONING PROPERLY,CLEAR,DARKNESS,PEDALCYCLIST,FOUR WAY,STRAIGHT AND LEVEL,DRY,NO DEFECTS,,FAILING TO REDUCE SPEED TO AVOID CRASH,NOT APPLICABLE,,INCAPACITATING INJURY,22,8,41.8714476425,-87.6257814491,2024,30,POINT (-87.6257814491 41.8714476425),,,,,2024-08-18,True,31,Loop
11669,30,STOP SIGN/FLASHER,FUNCTIONING PROPERLY,CLEAR,DAYLIGHT,PEDALCYCLIST,T-INTERSECTION,STRAIGHT AND LEVEL,DRY,NO DEFECTS,Y,FAILING TO YIELD RIGHT-OF-WAY,NOT APPLICABLE,,NONINCAPACITATING INJURY,8,8,41.7965957903,-87.6161731137,2024,30,POINT (-87.6161731137 41.7965957903),,,,,2024-08-19,False,39,Washington Park
11670,20,NO CONTROLS,NO CONTROLS,CLEAR,DAYLIGHT,PEDALCYCLIST,OTHER,STRAIGHT AND LEVEL,DRY,NO DEFECTS,,UNABLE TO DETERMINE,UNABLE TO DETERMINE,,NO INDICATION OF INJURY,10,8,41.9110025193,-87.6499648472,2024,20,POINT (-87.6499648472 41.9110025193),,,,,2024-08-19,False,6,Lincoln Park
11671,30,NO CONTROLS,NO CONTROLS,CLEAR,DAYLIGHT,PEDALCYCLIST,DIVIDED - W/MEDIAN (NOT RAISED),STRAIGHT AND LEVEL,DRY,NO DEFECTS,,IMPROPER BACKING,UNABLE TO DETERMINE,,NONINCAPACITATING INJURY,12,8,41.905358031,-87.6771742774,2024,30,POINT (-87.6771742774 41.905358031),,,,,2024-08-19,False,23,West Town
11672,25,NO CONTROLS,NO CONTROLS,CLEAR,DAYLIGHT,PEDALCYCLIST,NOT DIVIDED,STRAIGHT AND LEVEL,DRY,NO DEFECTS,,UNABLE TO DETERMINE,UNABLE TO DETERMINE,,NO INDICATION OF INJURY,16,8,41.9362396113,-87.6501302747,2024,25,POINT (-87.6501302747 41.9362396113),,,,,2024-08-19,False,5,Lake View
11673,30,UNKNOWN,UNKNOWN,UNKNOWN,UNKNOWN,PEDALCYCLIST,NOT DIVIDED,STRAIGHT AND LEVEL,OTHER,UNKNOWN,,UNABLE TO DETERMINE,UNABLE TO DETERMINE,,NO INDICATION OF INJURY,16,8,41.8834103387,-87.7550287354,2024,30,POINT (-87.7550287354 41.8834103387),,,,,2024-08-19,False,24,Austin
11674,30,STOP SIGN/FLASHER,FUNCTIONING PROPERLY,CLEAR,DAYLIGHT,PEDALCYCLIST,NOT DIVIDED,STRAIGHT AND LEVEL,DRY,NO DEFECTS,Y,FAILING TO YIELD RIGHT-OF-WAY,"VISION OBSCURED (SIGNS, TREE LIMBS, BUILDINGS, ETC.)",,NO INDICATION OF INJURY,17,8,41.9679995298,-87.7591264057,2024,30,POINT (-87.7591264057 41.9679995298),,,,,2024-08-19,False,10,Jefferson Park
11675,20,SCHOOL ZONE,NO CONTROLS,CLEAR,DUSK,PEDALCYCLIST,NOT DIVIDED,STRAIGHT AND LEVEL,DRY,NO DEFECTS,,FAILING TO YIELD RIGHT-OF-WAY,FAILING TO REDUCE SPEED TO AVOID CRASH,,"REPORTED, NOT EVIDENT",6,8,41.8794895424,-87.764985619,2024,20,POINT (-87.764985619 41.8794895424),,,,,2024-08-20,False,24,Austin
11676,35,NO CONTROLS,NO CONTROLS,CLEAR,DAYLIGHT,PEDALCYCLIST,NOT DIVIDED,STRAIGHT AND LEVEL,DRY,NO DEFECTS,,FAILING TO REDUCE SPEED TO AVOID CRASH,DRIVING SKILLS/KNOWLEDGE/EXPERIENCE,,NONINCAPACITATING INJURY,11,8,41.786961489,-87.7032196163,2024,35,POINT (-87.7032196163 41.786961489),,,,,2024-08-20,False,62,Gage Park
11677,15,NO CONTROLS,NO CONTROLS,CLEAR,DAYLIGHT,PEDALCYCLIST,ALLEY,STRAIGHT AND LEVEL,DRY,NO DEFECTS,,PHYSICAL CONDITION OF DRIVER,UNABLE TO DETERMINE,,"REPORTED, NOT EVIDENT",12,8,41.984707865,-87.7143403676,2024,15,POINT (-87.7143403676 41.984707865),,,,,2024-08-20,False,12,North Park
11678,30,UNKNOWN,UNKNOWN,CLEAR,DAYLIGHT,PEDALCYCLIST,NOT DIVIDED,STRAIGHT AND LEVEL,DRY,NO DEFECTS,,CELL PHONE USE OTHER THAN TEXTING,NOT APPLICABLE,,NONINCAPACITATING INJURY,13,8,41.9059230227,-87.6431377529,2024,30,POINT (-87.6431377529 41.9059230227),,,,,2024-08-20,False,7,Near North Side
11679,30,TRAFFIC SIGNAL,FUNCTIONING PROPERLY,CLEAR,DAYLIGHT,PEDALCYCLIST,FOUR WAY,STRAIGHT AND LEVEL,DRY,NO DEFECTS,,DISREGARDING TRAFFIC SIGNALS,NOT APPLICABLE,,"REPORTED, NOT EVIDENT",17,8,42.0035849743,-87.6723519319,2024,30,POINT (-87.6723519319 42.0035849743),,,,,2024-08-20,False,0,Rogers Park
11680,30,TRAFFIC SIGNAL,FUNCTIONING PROPERLY,CLEAR,DAWN,PEDALCYCLIST,FOUR WAY,STRAIGHT AND LEVEL,DRY,NO DEFECTS,Y,IMPROPER TURNING/NO SIGNAL,IMPROPER TURNING/NO SIGNAL,,"REPORTED, NOT EVIDENT",20,8,41.8922999643,-87.6325307791,2024,30,POINT (-87.6325307791 41.8922999643),,,,,2024-08-20,False,7,Near North Side
11681,30,STOP SIGN/FLASHER,FUNCTIONING PROPERLY,CLEAR,"DARKNESS, LIGHTED ROAD",PEDALCYCLIST,T-INTERSECTION,STRAIGHT AND LEVEL,DRY,NO DEFECTS,Y,IMPROPER TURNING/NO SIGNAL,FAILING TO YIELD RIGHT-OF-WAY,,NONINCAPACITATING INJURY,20,8,41.8852095612,-87.6474114335,2024,30,POINT (-87.6474114335 41.8852095612),,,,,2024-08-20,False,27,Near West Side
11682,30,TRAFFIC SIGNAL,FUNCTIONING PROPERLY,CLEAR,"DARKNESS, LIGHTED ROAD",PEDALCYCLIST,DIVIDED - W/MEDIAN (NOT RAISED),STRAIGHT AND LEVEL,DRY,UNKNOWN,Y,UNABLE TO DETERMINE,NOT APPLICABLE,,NONINCAPACITATING INJURY,20,8,41.8539235621,-87.6855417972,2024,30,POINT (-87.6855417972 41.8539235621),,,,,2024-08-20,False,30,Lower West Side
11683,30,TRAFFIC SIGNAL,FUNCTIONING PROPERLY,CLEAR,DAYLIGHT,PEDALCYCLIST,NOT DIVIDED,STRAIGHT AND LEVEL,DRY,NO DEFECTS,,FAILING TO YIELD RIGHT-OF-WAY,NOT APPLICABLE,,"REPORTED, NOT EVIDENT",8,8,41.9170054716,-87.6592250865,2024,30,POINT (-87.6592250865 41.9170054716),,,,,2024-08-21,False,6,Lincoln Park
11684,25,TRAFFIC SIGNAL,FUNCTIONING PROPERLY,CLEAR,DAYLIGHT,PEDALCYCLIST,"FIVE POINT, OR MORE",STRAIGHT AND LEVEL,DRY,NO DEFECTS,Y,FAILING TO YIELD RIGHT-OF-WAY,NOT APPLICABLE,,INCAPACITATING INJURY,13,8,41.9033078036,-87.6666320884,2024,25,POINT (-87.6666320884 41.9033078036),,,,,2024-08-21,True,23,West Town
11685,30,NO CONTROLS,NO CONTROLS,CLEAR,DAYLIGHT,PEDALCYCLIST,NOT DIVIDED,STRAIGHT AND LEVEL,DRY,UNKNOWN,,FAILING TO YIELD RIGHT-OF-WAY,FAILING TO YIELD RIGHT-OF-WAY,,"REPORTED, NOT EVIDENT",17,8,41.8734093799,-87.6472339975,2024,30,POINT (-87.6472339975 41.8734093799),,,,,2024-08-21,False,27,Near West Side
11686,30,NO CONTROLS,NO CONTROLS,CLEAR,DAYLIGHT,PEDALCYCLIST,NOT DIVIDED,STRAIGHT AND LEVEL,UNKNOWN,UNKNOWN,,UNABLE TO DETERMINE,NOT APPLICABLE,,NONINCAPACITATING INJURY,17,8,41.9112889134,-87.6481333209,2024,30,POINT (-87.6481333209 41.9112889134),,,,,2024-08-21,False,6,Lincoln Park
11687,30,NO CONTROLS,NO CONTROLS,CLEAR,DAYLIGHT,PEDALCYCLIST,NOT DIVIDED,STRAIGHT AND LEVEL,DRY,NO DEFECTS,,UNABLE TO DETERMINE,UNABLE TO DETERMINE,Y,INCAPACITATING INJURY,17,8,41.9387785253,-87.6445031176,2024,30,POINT (-87.6445031176 41.9387785253),,,,,2024-08-21,True,5,Lake View
11688,35,TRAFFIC SIGNAL,UNKNOWN,CLEAR,DAYLIGHT,PEDALCYCLIST,DIVIDED - W/MEDIAN (NOT RAISED),STRAIGHT AND LEVEL,DRY,NO DEFECTS,Y,UNABLE TO DETERMINE,NOT APPLICABLE,,INCAPACITATING INJURY,18,8,41.8310865742,-87.6174605419,2024,35,POINT (-87.6174605419 41.8310865742),,,,,2024-08-21,True,34,Douglas
11689,30,NO CONTROLS,NO CONTROLS,CLEAR,DAYLIGHT,PEDALCYCLIST,NOT DIVIDED,STRAIGHT AND LEVEL,DRY,NO DEFECTS,,UNABLE TO DETERMINE,UNABLE TO DETERMINE,,NONINCAPACITATING INJURY,19,8,41.9544939556,-87.6472443312,2024,30,POINT (-87.6472443312 41.9544939556),,,,,2024-08-21,False,2,Uptown
11690,30,TRAFFIC SIGNAL,FUNCTIONING PROPERLY,CLEAR,DAYLIGHT,PEDALCYCLIST,FOUR WAY,STRAIGHT AND LEVEL,DRY,NO DEFECTS,,DISREGARDING TRAFFIC SIGNALS,NOT APPLICABLE,,"REPORTED, NOT EVIDENT",8,8,41.7516362692,-87.5663781214,2024,30,POINT (-87.5663781214 41.7516362692),,,,,2024-08-22,False,42,South Shore
11691,30,TRAFFIC SIGNAL,FUNCTIONING PROPERLY,CLEAR,DAYLIGHT,PEDALCYCLIST,NOT DIVIDED,STRAIGHT AND LEVEL,DRY,NO DEFECTS,Y,FOLLOWING TOO CLOSELY,DISTRACTION - FROM OUTSIDE VEHICLE,,NO INDICATION OF INJURY,15,8,41.8908856733,-87.6445070918,2024,30,POINT (-87.6445070918 41.8908856733),,,,,2024-08-22,False,7,Near North Side
11692,30,NO CONTROLS,NO CONTROLS,CLEAR,DAYLIGHT,PEDALCYCLIST,ONE-WAY,STRAIGHT AND LEVEL,DRY,NO DEFECTS,Y,IMPROPER LANE USAGE,IMPROPER LANE USAGE,,NONINCAPACITATING INJURY,16,8,41.8527791585,-87.6272344009,2024,30,POINT (-87.6272344009 41.8527791585),,,,,2024-08-22,False,32,Near South Side
11693,30,NO CONTROLS,NO CONTROLS,CLEAR,DAYLIGHT,PEDALCYCLIST,NOT DIVIDED,STRAIGHT AND LEVEL,DRY,UNKNOWN,,NOT APPLICABLE,NOT APPLICABLE,,NONINCAPACITATING INJURY,17,8,41.9093086065,-87.6755691007,2024,30,POINT (-87.6755691007 41.9093086065),,,,,2024-08-22,False,23,West Town
11694,20,TRAFFIC SIGNAL,FUNCTIONING PROPERLY,CLEAR,DAYLIGHT,PEDALCYCLIST,NOT DIVIDED,STRAIGHT AND LEVEL,DRY,NO DEFECTS,,UNABLE TO DETERMINE,NOT APPLICABLE,,NO INDICATION OF INJURY,17,8,41.9616124333,-87.665796397,2024,20,POINT (-87.665796397 41.9616124333),,,,,2024-08-22,False,2,Uptown
11695,30,TRAFFIC SIGNAL,FUNCTIONING PROPERLY,CLEAR,"DARKNESS, LIGHTED ROAD",PEDALCYCLIST,FOUR WAY,STRAIGHT AND LEVEL,DRY,NO DEFECTS,Y,NOT APPLICABLE,NOT APPLICABLE,,NO INDICATION OF INJURY,22,8,41.8780663565,-87.6277315034,2024,30,POINT (-87.6277315034 41.8780663565),,,,,2024-08-22,False,31,Loop
11696,30,STOP SIGN/FLASHER,UNKNOWN,CLEAR,"DARKNESS, LIGHTED ROAD",PEDALCYCLIST,NOT DIVIDED,STRAIGHT AND LEVEL,DRY,UNKNOWN,Y,UNABLE TO DETERMINE,UNABLE TO DETERMINE,,NONINCAPACITATING INJURY,22,8,41.9319886307,-87.7197838857,2024,30,POINT (-87.7197838857 41.9319886307),,,,,2024-08-22,False,20,Avondale
11697,30,STOP SIGN/FLASHER,FUNCTIONING PROPERLY,CLEAR,DUSK,PEDALCYCLIST,T-INTERSECTION,STRAIGHT AND LEVEL,DRY,NO DEFECTS,,UNABLE TO DETERMINE,NOT APPLICABLE,,"REPORTED, NOT EVIDENT",22,8,41.9837868507,-87.6959914201,2024,30,POINT (-87.6959914201 41.9837868507),,,,,2024-08-22,False,1,West Ridge
11698,20,NO CONTROLS,NO CONTROLS,CLEAR,DARKNESS,PEDALCYCLIST,NOT DIVIDED,STRAIGHT AND LEVEL,UNKNOWN,UNKNOWN,,UNABLE TO DETERMINE,NOT APPLICABLE,,NO INDICATION OF INJURY,4,8,41.8483520422,-87.6856819345,2024,20,POINT (-87.6856819345 41.8483520422),,,,,2024-08-23,False,30,Lower West Side
11699,30,STOP SIGN/FLASHER,FUNCTIONING PROPERLY,CLEAR,DAWN,PEDALCYCLIST,NOT DIVIDED,STRAIGHT AND LEVEL,DRY,NO DEFECTS,Y,FAILING TO YIELD RIGHT-OF-WAY,NOT APPLICABLE,,NO INDICATION OF INJURY,5,8,41.8790033266,-87.6642056155,2024,30,POINT (-87.6642056155 41.8790033266),,,,,2024-08-23,False,27,Near West Side
11700,30,STOP SIGN/FLASHER,FUNCTIONING PROPERLY,CLEAR,DAYLIGHT,PEDALCYCLIST,NOT DIVIDED,STRAIGHT AND LEVEL,DRY,UNKNOWN,Y,UNABLE TO DETERMINE,UNABLE TO DETERMINE,,NONINCAPACITATING INJURY,12,8,41.7849564221,-87.7813907594,2024,30,POINT (-87.7813907594 41.7849564221),,,,,2024-08-23,False,55,Garfield Ridge
11701,30,TRAFFIC SIGNAL,FUNCTIONING PROPERLY,CLEAR,DAYLIGHT,PEDALCYCLIST,NOT DIVIDED,STRAIGHT AND LEVEL,DRY,NO DEFECTS,,UNABLE TO DETERMINE,NOT APPLICABLE,,"REPORTED, NOT EVIDENT",12,8,41.9609565344,-87.6548728986,2024,30,POINT (-87.6548728986 41.9609565344),,,,,2024-08-23,False,2,Uptown
11702,25,NO CONTROLS,NO CONTROLS,CLEAR,DAYLIGHT,PEDALCYCLIST,OTHER,STRAIGHT AND LEVEL,DRY,NO DEFECTS,,FAILING TO YIELD RIGHT-OF-WAY,NOT APPLICABLE,,NONINCAPACITATING INJURY,12,8,42.00770045,-87.671713498,2024,25,POINT (-87.671713498 42.00770045),,,,,2024-08-23,False,0,Rogers Park
11703,30,TRAFFIC SIGNAL,FUNCTIONING PROPERLY,CLEAR,DAYLIGHT,PEDALCYCLIST,NOT DIVIDED,STRAIGHT AND LEVEL,DRY,NO DEFECTS,Y,DISTRACTION - FROM INSIDE VEHICLE,UNABLE TO DETERMINE,,NONINCAPACITATING INJURY,15,8,41.9945481595,-87.670239404,2024,30,POINT (-87.670239404 41.9945481595),,,,,2024-08-23,False,76,Edgewater
11704,20,NO CONTROLS,NO CONTROLS,CLEAR,DAYLIGHT,PEDALCYCLIST,NOT DIVIDED,STRAIGHT AND LEVEL,DRY,NO DEFECTS,,FAILING TO YIELD RIGHT-OF-WAY,NOT APPLICABLE,,INCAPACITATING INJURY,16,8,41.9471694213,-87.6644998468,2024,20,POINT (-87.6644998468 41.9471694213),,,,,2024-08-23,True,5,Lake View
11705,25,NO CONTROLS,NO CONTROLS,CLEAR,DAYLIGHT,PEDALCYCLIST,DIVIDED - W/MEDIAN BARRIER,STRAIGHT AND LEVEL,DRY,NO DEFECTS,,UNABLE TO DETERMINE,UNABLE TO DETERMINE,,NO INDICATION OF INJURY,16,8,41.8810693742,-87.6853075527,2024,25,POINT (-87.6853075527 41.8810693742),,,,,2024-08-23,False,27,Near West Side
11706,20,STOP SIGN/FLASHER,FUNCTIONING PROPERLY,CLEAR,DAYLIGHT,PEDALCYCLIST,FOUR WAY,STRAIGHT ON GRADE,DRY,NO DEFECTS,Y,UNABLE TO DETERMINE,UNABLE TO DETERMINE,,NO INDICATION OF INJURY,17,8,41.7044579971,-87.6884043432,2024,20,POINT (-87.6884043432 41.7044579971),,,,,2024-08-23,False,71,Beverly
11707,25,STOP SIGN/FLASHER,FUNCTIONING PROPERLY,CLEAR,DAYLIGHT,PEDALCYCLIST,FOUR WAY,STRAIGHT AND LEVEL,DRY,NO DEFECTS,Y,UNABLE TO DETERMINE,NOT APPLICABLE,,NONINCAPACITATING INJURY,17,8,41.9376103315,-87.7787366787,2024,25,POINT (-87.7787366787 41.9376103315),,,,,2024-08-23,False,16,Dunning
11708,30,NO CONTROLS,NO CONTROLS,CLEAR,"DARKNESS, LIGHTED ROAD",PEDALCYCLIST,OTHER,STRAIGHT AND LEVEL,DRY,NO DEFECTS,,DRIVING SKILLS/KNOWLEDGE/EXPERIENCE,NOT APPLICABLE,,NO INDICATION OF INJURY,20,8,41.7992178035,-87.683466367,2024,30,POINT (-87.683466367 41.7992178035),,,,,2024-08-23,False,60,New City
11709,20,NO CONTROLS,NO CONTROLS,CLEAR,DAYLIGHT,PEDALCYCLIST,ONE-WAY,STRAIGHT AND LEVEL,DRY,NO DEFECTS,,UNABLE TO DETERMINE,UNABLE TO DETERMINE,,NONINCAPACITATING INJURY,9,8,41.9606158529,-87.7154246686,2024,20,POINT (-87.7154246686 41.9606158529),,,,,2024-08-24,False,15,Irving Park
11710,30,STOP SIGN/FLASHER,FUNCTIONING PROPERLY,CLEAR,DAYLIGHT,PEDALCYCLIST,FOUR WAY,STRAIGHT AND LEVEL,DRY,UNKNOWN,Y,FAILING TO YIELD RIGHT-OF-WAY,FAILING TO YIELD RIGHT-OF-WAY,,NONINCAPACITATING INJURY,11,8,41.8930680064,-87.7606465162,2024,30,POINT (-87.7606465162 41.8930680064),,,,,2024-08-24,False,24,Austin
11711,30,NO CONTROLS,NO CONTROLS,CLEAR,DAYLIGHT,PEDALCYCLIST,NOT DIVIDED,STRAIGHT AND LEVEL,DRY,NO DEFECTS,,UNABLE TO DETERMINE,NOT APPLICABLE,Y,NONINCAPACITATING INJURY,12,8,41.9405026191,-87.6693986863,2024,30,POINT (-87.6693986863 41.9405026191),,,,,2024-08-24,False,5,Lake View
11712,30,NO CONTROLS,NO CONTROLS,CLEAR,DAYLIGHT,PEDALCYCLIST,NOT DIVIDED,STRAIGHT AND LEVEL,DRY,NO DEFECTS,,UNABLE TO DETERMINE,NOT APPLICABLE,Y,"REPORTED, NOT EVIDENT",16,8,41.9249347186,-87.647832875,2024,30,POINT (-87.647832875 41.9249347186),,,,,2024-08-24,False,6,Lincoln Park
11713,30,NO CONTROLS,NO CONTROLS,CLEAR,DAYLIGHT,PEDALCYCLIST,DIVIDED - W/MEDIAN (NOT RAISED),STRAIGHT AND LEVEL,DRY,NO DEFECTS,,IMPROPER OVERTAKING/PASSING,UNABLE TO DETERMINE,,NO INDICATION OF INJURY,16,8,41.7761598558,-87.693169395,2024,30,POINT (-87.693169395 41.7761598558),,,,,2024-08-24,False,65,Chicago Lawn
11714,30,STOP SIGN/FLASHER,FUNCTIONING PROPERLY,CLEAR,DAYLIGHT,PEDALCYCLIST,NOT DIVIDED,STRAIGHT AND LEVEL,DRY,NO DEFECTS,,FOLLOWING TOO CLOSELY,FAILING TO REDUCE SPEED TO AVOID CRASH,,NO INDICATION OF INJURY,18,8,41.8454620959,-87.6463043509,2024,30,POINT (-87.6463043509 41.8454620959),,,,,2024-08-24,False,30,Lower West Side
11715,30,UNKNOWN,UNKNOWN,UNKNOWN,"DARKNESS, LIGHTED ROAD",PEDALCYCLIST,UNKNOWN,STRAIGHT AND LEVEL,UNKNOWN,UNKNOWN,,UNABLE TO DETERMINE,NOT APPLICABLE,,INCAPACITATING INJURY,20,8,41.8814093047,-87.7157822382,2024,30,POINT (-87.7157822382 41.8814093047),,,,,2024-08-24,True,26,Garfield Park
11716,30,STOP SIGN/FLASHER,FUNCTIONING PROPERLY,CLEAR,DARKNESS,PEDALCYCLIST,FOUR WAY,STRAIGHT AND LEVEL,DRY,NO DEFECTS,Y,DISREGARDING STOP SIGN,UNABLE TO DETERMINE,,NONINCAPACITATING INJURY,20,8,41.9199460936,-87.8026064911,2024,30,POINT (-87.8026064911 41.9199460936),,,,,2024-08-24,False,17,Montclare
11717,25,TRAFFIC SIGNAL,FUNCTIONING PROPERLY,CLEAR,DAYLIGHT,PEDALCYCLIST,NOT DIVIDED,STRAIGHT AND LEVEL,DRY,NO DEFECTS,Y,IMPROPER LANE USAGE,NOT APPLICABLE,,NONINCAPACITATING INJURY,8,8,41.8932563325,-87.6372296878,2024,25,POINT (-87.6372296878 41.8932563325),,,,,2024-08-25,False,7,Near North Side
11718,25,NO CONTROLS,NO CONTROLS,CLEAR,DAYLIGHT,PEDALCYCLIST,NOT DIVIDED,STRAIGHT AND LEVEL,DRY,NO DEFECTS,,FAILING TO YIELD RIGHT-OF-WAY,UNABLE TO DETERMINE,,NO INDICATION OF INJURY,13,8,41.9639753862,-87.6666103328,2024,25,POINT (-87.6666103328 41.9639753862),,,,,2024-08-25,False,2,Uptown
11719,30,NO CONTROLS,NO CONTROLS,CLEAR,DAYLIGHT,PEDALCYCLIST,NOT DIVIDED,STRAIGHT AND LEVEL,DRY,NO DEFECTS,,UNABLE TO DETERMINE,NOT APPLICABLE,,NO INDICATION OF INJURY,13,8,41.9715164409,-87.6598856362,2024,30,POINT (-87.6598856362 41.9715164409),,,,,2024-08-25,False,2,Uptown
11720,30,TRAFFIC SIGNAL,FUNCTIONING PROPERLY,CLEAR,DAYLIGHT,PEDALCYCLIST,NOT DIVIDED,STRAIGHT AND LEVEL,DRY,NO DEFECTS,Y,UNABLE TO DETERMINE,NOT APPLICABLE,,"REPORTED, NOT EVIDENT",14,8,41.8801968597,-87.7647163899,2024,30,POINT (-87.7647163899 41.8801968597),,,,,2024-08-25,False,24,Austin
11721,30,TRAFFIC SIGNAL,FUNCTIONING PROPERLY,CLEAR,DAYLIGHT,PEDALCYCLIST,FOUR WAY,STRAIGHT AND LEVEL,DRY,NO DEFECTS,,IMPROPER TURNING/NO SIGNAL,IMPROPER TURNING/NO SIGNAL,,INCAPACITATING INJURY,14,8,41.873325721,-87.6204319704,2024,30,POINT (-87.6204319704 41.873325721),,,,,2024-08-25,True,31,Loop
11722,30,STOP SIGN/FLASHER,FUNCTIONING PROPERLY,CLEAR,DAYLIGHT,PEDALCYCLIST,ONE-WAY,STRAIGHT AND LEVEL,DRY,NO DEFECTS,Y,DRIVING SKILLS/KNOWLEDGE/EXPERIENCE,DRIVING SKILLS/KNOWLEDGE/EXPERIENCE,,NONINCAPACITATING INJURY,17,8,41.8008043633,-87.5935789838,2024,30,POINT (-87.5935789838 41.8008043633),,,,,2024-08-25,False,40,Hyde Park
11723,25,NO CONTROLS,NO CONTROLS,CLEAR,DAYLIGHT,PEDALCYCLIST,ONE-WAY,STRAIGHT AND LEVEL,DRY,NO DEFECTS,,NOT APPLICABLE,NOT APPLICABLE,,NO INDICATION OF INJURY,18,8,41.8916012848,-87.6297967052,2024,25,POINT (-87.6297967052 41.8916012848),,,,,2024-08-25,False,7,Near North Side
11724,30,NO CONTROLS,NO CONTROLS,CLEAR,DAYLIGHT,PEDALCYCLIST,NOT DIVIDED,STRAIGHT AND LEVEL,DRY,NO DEFECTS,,IMPROPER TURNING/NO SIGNAL,DRIVING SKILLS/KNOWLEDGE/EXPERIENCE,,NONINCAPACITATING INJURY,19,8,41.9686007915,-87.6435554508,2024,30,POINT (-87.6435554508 41.9686007915),,,,,2024-08-25,False,2,Uptown
11725,35,YIELD,NO CONTROLS,CLEAR,"DARKNESS, LIGHTED ROAD",PEDALCYCLIST,DIVIDED - W/MEDIAN (NOT RAISED),STRAIGHT AND LEVEL,DRY,UNKNOWN,,FAILING TO YIELD RIGHT-OF-WAY,UNABLE TO DETERMINE,N,NONINCAPACITATING INJURY,20,8,41.7940287299,-87.6740417665,2024,35,POINT (-87.6740417665 41.7940287299),,,,,2024-08-25,False,60,New City
11726,15,STOP SIGN/FLASHER,UNKNOWN,CLEAR,DAWN,PEDALCYCLIST,FOUR WAY,STRAIGHT AND LEVEL,DRY,NO DEFECTS,,UNABLE TO DETERMINE,NOT APPLICABLE,,INCAPACITATING INJURY,20,8,41.9668812268,-87.6433034516,2024,15,POINT (-87.6433034516 41.9668812268),,,,,2024-08-25,True,2,Uptown
11727,30,UNKNOWN,UNKNOWN,CLEAR,"DARKNESS, LIGHTED ROAD",PEDALCYCLIST,NOT DIVIDED,STRAIGHT AND LEVEL,DRY,UNKNOWN,,UNABLE TO DETERMINE,NOT APPLICABLE,,NONINCAPACITATING INJURY,22,8,41.7802875251,-87.6191018026,2024,30,POINT (-87.6191018026 41.7802875251),,,,,2024-08-25,False,39,Washington Park