Unnamed: 0,POSTED_SPEED_LIMIT,TRAFFIC_CONTROL_DEVICE,DEVICE_CONDITION,WEATHER_CONDITION,LIGHTING_CONDITION,FIRST_CRASH_TYPE,TRAFFICWAY_TYPE,ALIGNMENT,ROADWAY_SURFACE_COND,ROAD_DEFECT,INTERSECTION_RELATED_I,PRIM_CONTRIBUTORY_CAUSE,SEC_CONTRIBUTORY_CAUSE,DOORING_I,MOST_SEVERE_INJURY,CRASH_HOUR,CRASH_MONTH,LATITUDE,LONGITUDE,CRASH_YEAR,SPEED_LIMIT,geometry,DISPLAYROU,the_geom,DIST,LANE_TYPE,CRASH_DATE,is_severe,index_right,CArea
11728,30,TRAFFIC SIGNAL,FUNCTIONING PROPERLY,CLEAR,"DARKNESS, LIGHTED ROAD",PEDALCYCLIST,NOT DIVIDED,STRAIGHT AND LEVEL,DRY,NO DEFECTS,,FOLLOWING TOO CLOSELY,NOT APPLICABLE,,"REPORTED, NOT EVIDENT",23,8,41.9612958317,-87.7083954291,2024,30,POINT (-87.7083954291 41.9612958317),,,,,2024-08-25,False,13,Albany Park
11729,25,NO CONTROLS,NO CONTROLS,CLEAR,"DARKNESS, LIGHTED ROAD",PEDALCYCLIST,OTHER,STRAIGHT AND LEVEL,DRY,NO DEFECTS,,NOT APPLICABLE,NOT APPLICABLE,,NONINCAPACITATING INJURY,0,8,41.8406760551,-87.7243905748,2024,25,POINT (-87.7243905748 41.8406760551),,,,,2024-08-26,False,29,South Lawndale
11730,30,TRAFFIC SIGNAL,FUNCTIONING PROPERLY,CLEAR,DAYLIGHT,PEDALCYCLIST,NOT DIVIDED,STRAIGHT AND LEVEL,DRY,NO DEFECTS,,IMPROPER LANE USAGE,IMPROPER LANE USAGE,,NO INDICATION OF INJURY,8,8,41.867377773,-87.6242830157,2024,30,POINT (-87.6242830157 41.867377773),,,,,2024-08-26,False,31,Loop
11731,30,STOP SIGN/FLASHER,FUNCTIONING PROPERLY,CLEAR,DAYLIGHT,PEDALCYCLIST,NOT DIVIDED,STRAIGHT AND LEVEL,DRY,NO DEFECTS,Y,UNABLE TO DETERMINE,UNABLE TO DETERMINE,,"REPORTED, NOT EVIDENT",11,8,41.7922933994,-87.7901127089,2024,30,POINT (-87.7901127089 41.7922933994),,,,,2024-08-26,False,55,Garfield Ridge
11732,20,TRAFFIC SIGNAL,FUNCTIONING PROPERLY,CLEAR,DAYLIGHT,PEDALCYCLIST,T-INTERSECTION,STRAIGHT AND LEVEL,DRY,NO DEFECTS,,DISREGARDING TRAFFIC SIGNALS,NOT APPLICABLE,,NO INDICATION OF INJURY,12,8,41.9007699581,-87.6626758785,2024,20,POINT (-87.6626758785 41.9007699581),,,,,2024-08-26,False,23,West Town
11733,30,TRAFFIC SIGNAL,FUNCTIONING PROPERLY,CLEAR,DAYLIGHT,PEDALCYCLIST,DIVIDED - W/MEDIAN (NOT RAISED),STRAIGHT AND LEVEL,DRY,UNKNOWN,,IMPROPER TURNING/NO SIGNAL,IMPROPER OVERTAKING/PASSING,,NO INDICATION OF INJURY,17,8,41.9037000704,-87.628529691,2024,30,POINT (-87.628529691 41.9037000704),,,,,2024-08-26,False,7,Near North Side
11734,30,TRAFFIC SIGNAL,FUNCTIONING PROPERLY,CLEAR,DAYLIGHT,PEDALCYCLIST,DIVIDED - W/MEDIAN (NOT RAISED),STRAIGHT AND LEVEL,DRY,NO DEFECTS,Y,UNABLE TO DETERMINE,NOT APPLICABLE,,NONINCAPACITATING INJURY,18,8,41.9672711314,-87.7278529481,2024,30,POINT (-87.7278529481 41.9672711314),,,,,2024-08-26,False,13,Albany Park
11735,25,NO CONTROLS,NO CONTROLS,CLEAR,DAYLIGHT,PEDALCYCLIST,PARKING LOT,STRAIGHT AND LEVEL,DRY,NO DEFECTS,,UNABLE TO DETERMINE,UNABLE TO DETERMINE,,NONINCAPACITATING INJURY,18,8,41.844202241,-87.7048869944,2024,25,POINT (-87.7048869944 41.844202241),,,,,2024-08-26,False,29,South Lawndale
11736,30,UNKNOWN,UNKNOWN,UNKNOWN,UNKNOWN,PEDALCYCLIST,PARKING LOT,STRAIGHT AND LEVEL,UNKNOWN,UNKNOWN,,UNABLE TO DETERMINE,UNABLE TO DETERMINE,,NO INDICATION OF INJURY,19,8,41.9055754655,-87.6677011485,2024,30,POINT (-87.6677011485 41.9055754655),,,,,2024-08-26,False,23,West Town
11737,30,TRAFFIC SIGNAL,FUNCTIONING PROPERLY,CLEAR,"DARKNESS, LIGHTED ROAD",PEDALCYCLIST,NOT DIVIDED,STRAIGHT AND LEVEL,DRY,NO DEFECTS,Y,UNABLE TO DETERMINE,UNABLE TO DETERMINE,,INCAPACITATING INJURY,20,8,41.9432638366,-87.6783074143,2024,30,POINT (-87.6783074143 41.9432638366),,,,,2024-08-26,True,4,North Center
11738,30,NO CONTROLS,NO CONTROLS,CLEAR,DAYLIGHT,PEDALCYCLIST,ONE-WAY,STRAIGHT AND LEVEL,DRY,NO DEFECTS,,UNABLE TO DETERMINE,NOT APPLICABLE,,NONINCAPACITATING INJURY,7,8,41.7922207509,-87.7805553015,2024,30,POINT (-87.7805553015 41.7922207509),,,,,2024-08-27,False,55,Garfield Ridge
11739,30,NO CONTROLS,NO CONTROLS,CLEAR,DAYLIGHT,PEDALCYCLIST,ONE-WAY,STRAIGHT AND LEVEL,DRY,NO DEFECTS,,UNABLE TO DETERMINE,UNABLE TO DETERMINE,Y,NONINCAPACITATING INJURY,7,8,41.9630734857,-87.6855062282,2024,30,POINT (-87.6855062282 41.9630734857),,,,,2024-08-27,False,3,Lincoln Square
11740,30,TRAFFIC SIGNAL,FUNCTIONING PROPERLY,CLEAR,DAYLIGHT,PEDALCYCLIST,Y-INTERSECTION,STRAIGHT AND LEVEL,DRY,NO DEFECTS,,FAILING TO YIELD RIGHT-OF-WAY,FOLLOWING TOO CLOSELY,,NO INDICATION OF INJURY,8,8,41.953309742,-87.747158693,2024,30,POINT (-87.747158693 41.953309742),,,,,2024-08-27,False,14,Portage Park
11741,30,NO CONTROLS,NO CONTROLS,CLEAR,DAYLIGHT,PEDALCYCLIST,DIVIDED - W/MEDIAN (NOT RAISED),STRAIGHT AND LEVEL,DRY,UNKNOWN,,UNABLE TO DETERMINE,NOT APPLICABLE,,"REPORTED, NOT EVIDENT",8,8,41.8851972479,-87.7227500536,2024,30,POINT (-87.7227500536 41.8851972479),,,,,2024-08-27,False,25,Garfield Park
11742,30,UNKNOWN,UNKNOWN,CLEAR,DAYLIGHT,PEDALCYCLIST,NOT DIVIDED,STRAIGHT AND LEVEL,DRY,UNKNOWN,,UNABLE TO DETERMINE,UNABLE TO DETERMINE,,NO INDICATION OF INJURY,11,8,41.7506032001,-87.6393875805,2024,30,POINT (-87.6393875805 41.7506032001),,,,,2024-08-27,False,43,Chatham
11743,30,TRAFFIC SIGNAL,FUNCTIONING PROPERLY,CLEAR,DAYLIGHT,PEDALCYCLIST,CENTER TURN LANE,STRAIGHT AND LEVEL,DRY,NO DEFECTS,Y,FAILING TO YIELD RIGHT-OF-WAY,IMPROPER TURNING/NO SIGNAL,,NONINCAPACITATING INJURY,14,8,41.9908401093,-87.6701729533,2024,30,POINT (-87.6701729533 41.9908401093),,,,,2024-08-27,False,76,Edgewater
11744,35,TRAFFIC SIGNAL,FUNCTIONING PROPERLY,CLEAR,DAYLIGHT,PEDALCYCLIST,NOT DIVIDED,STRAIGHT AND LEVEL,DRY,NO DEFECTS,Y,"VISION OBSCURED (SIGNS, TREE LIMBS, BUILDINGS, ETC.)",NOT APPLICABLE,,"REPORTED, NOT EVIDENT",15,8,41.8672630984,-87.646972686,2024,35,POINT (-87.646972686 41.8672630984),,,,,2024-08-27,False,27,Near West Side
11745,30,NO CONTROLS,NO CONTROLS,CLEAR,DAYLIGHT,PEDALCYCLIST,NOT DIVIDED,STRAIGHT AND LEVEL,DRY,UNKNOWN,,UNABLE TO DETERMINE,UNABLE TO DETERMINE,,NO INDICATION OF INJURY,16,8,41.8862179578,-87.6485123744,2024,30,POINT (-87.6485123744 41.8862179578),,,,,2024-08-27,False,27,Near West Side
11746,30,NO CONTROLS,FUNCTIONING PROPERLY,CLEAR,DAYLIGHT,PEDALCYCLIST,DIVIDED - W/MEDIAN (NOT RAISED),STRAIGHT AND LEVEL,DRY,NO DEFECTS,,FAILING TO YIELD RIGHT-OF-WAY,DRIVING SKILLS/KNOWLEDGE/EXPERIENCE,,NONINCAPACITATING INJURY,17,8,41.8997574073,-87.6684578158,2024,30,POINT (-87.6684578158 41.8997574073),,,,,2024-08-27,False,23,West Town
11747,35,NO CONTROLS,NO CONTROLS,CLEAR,DAYLIGHT,PEDALCYCLIST,NOT DIVIDED,STRAIGHT AND LEVEL,DRY,NO DEFECTS,,FAILING TO YIELD RIGHT-OF-WAY,NOT APPLICABLE,Y,NO INDICATION OF INJURY,17,8,41.9074010249,-87.6344514199,2024,35,POINT (-87.6344514199 41.9074010249),,,,,2024-08-27,False,7,Near North Side
11748,35,STOP SIGN/FLASHER,FUNCTIONING PROPERLY,RAIN,DUSK,PEDALCYCLIST,Y-INTERSECTION,STRAIGHT AND LEVEL,WET,NO DEFECTS,Y,FAILING TO REDUCE SPEED TO AVOID CRASH,NOT APPLICABLE,,NONINCAPACITATING INJURY,19,8,41.9051202121,-87.6434081996,2024,35,POINT (-87.6434081996 41.9051202121),,,,,2024-08-27,False,7,Near North Side
11749,30,UNKNOWN,UNKNOWN,UNKNOWN,UNKNOWN,PEDALCYCLIST,NOT DIVIDED,STRAIGHT AND LEVEL,UNKNOWN,UNKNOWN,,UNABLE TO DETERMINE,NOT APPLICABLE,,INCAPACITATING INJURY,22,8,41.7837305569,-87.6190897249,2024,30,POINT (-87.6190897249 41.7837305569),,,,,2024-08-27,True,39,Washington Park
11750,30,TRAFFIC SIGNAL,FUNCTIONING PROPERLY,CLEAR,DAYLIGHT,PEDALCYCLIST,NOT DIVIDED,STRAIGHT AND LEVEL,DRY,UNKNOWN,Y,NOT APPLICABLE,FAILING TO YIELD RIGHT-OF-WAY,,NO INDICATION OF INJURY,7,8,41.8899060549,-87.711392865,2024,30,POINT (-87.711392865 41.8899060549),,,,,2024-08-28,False,22,Humboldt Park
11751,15,STOP SIGN/FLASHER,FUNCTIONING PROPERLY,CLEAR,DAYLIGHT,PEDALCYCLIST,DIVIDED - W/MEDIAN (NOT RAISED),STRAIGHT AND LEVEL,DRY,NO DEFECTS,,UNABLE TO DETERMINE,NOT APPLICABLE,,"REPORTED, NOT EVIDENT",8,8,41.918390459,-87.6823886643,2024,15,POINT (-87.6823886643 41.918390459),,,,,2024-08-28,False,6,Lincoln Park
11752,30,TRAFFIC SIGNAL,FUNCTIONING PROPERLY,CLEAR,DAYLIGHT,PEDALCYCLIST,FOUR WAY,STRAIGHT AND LEVEL,DRY,NO DEFECTS,Y,UNABLE TO DETERMINE,UNABLE TO DETERMINE,,NONINCAPACITATING INJURY,8,8,41.8715609905,-87.6780449598,2024,30,POINT (-87.6780449598 41.8715609905),,,,,2024-08-28,False,27,Near West Side
11753,30,NO CONTROLS,NO CONTROLS,CLEAR,DAYLIGHT,PEDALCYCLIST,NOT DIVIDED,STRAIGHT AND LEVEL,UNKNOWN,UNKNOWN,,IMPROPER OVERTAKING/PASSING,FAILING TO YIELD RIGHT-OF-WAY,,NONINCAPACITATING INJURY,10,8,41.9036896856,-87.6524765932,2024,30,POINT (-87.6524765932 41.9036896856),,,,,2024-08-28,False,7,Near North Side
11754,30,NO CONTROLS,NO CONTROLS,CLEAR,DAYLIGHT,PEDALCYCLIST,NOT DIVIDED,STRAIGHT AND LEVEL,DRY,UNKNOWN,,FAILING TO YIELD RIGHT-OF-WAY,NOT APPLICABLE,Y,NONINCAPACITATING INJURY,17,8,41.9245164381,-87.6485794343,2024,30,POINT (-87.6485794343 41.9245164381),,,,,2024-08-28,False,6,Lincoln Park
11755,35,TRAFFIC SIGNAL,FUNCTIONING PROPERLY,CLEAR,DAYLIGHT,PEDALCYCLIST,ONE-WAY,STRAIGHT AND LEVEL,DRY,NO DEFECTS,Y,IMPROPER TURNING/NO SIGNAL,UNABLE TO DETERMINE,,NO INDICATION OF INJURY,18,8,41.8948904707,-87.6298719035,2024,35,POINT (-87.6298719035 41.8948904707),,,,,2024-08-28,False,7,Near North Side
11756,30,STOP SIGN/FLASHER,FUNCTIONING PROPERLY,CLEAR,"DARKNESS, LIGHTED ROAD",PEDALCYCLIST,T-INTERSECTION,STRAIGHT AND LEVEL,DRY,UNKNOWN,Y,DISREGARDING STOP SIGN,NOT APPLICABLE,,NONINCAPACITATING INJURY,20,8,41.8387936505,-87.7147861562,2024,30,POINT (-87.7147861562 41.8387936505),,,,,2024-08-28,False,29,South Lawndale
11757,30,UNKNOWN,UNKNOWN,UNKNOWN,"DARKNESS, LIGHTED ROAD",PEDALCYCLIST,DIVIDED - W/MEDIAN (NOT RAISED),STRAIGHT AND LEVEL,UNKNOWN,UNKNOWN,,NOT APPLICABLE,NOT APPLICABLE,,"REPORTED, NOT EVIDENT",22,8,41.9610164192,-87.7314003986,2024,30,POINT (-87.7314003986 41.9610164192),,,,,2024-08-28,False,13,Albany Park
11758,30,UNKNOWN,UNKNOWN,CLEAR,"DARKNESS, LIGHTED ROAD",PEDALCYCLIST,NOT DIVIDED,STRAIGHT AND LEVEL,DRY,NO DEFECTS,,UNABLE TO DETERMINE,NOT APPLICABLE,,INCAPACITATING INJURY,22,8,41.7509713024,-87.6170433982,2024,30,POINT (-87.6170433982 41.7509713024),,,,,2024-08-28,True,43,Chatham
11759,40,TRAFFIC SIGNAL,FUNCTIONING PROPERLY,CLEAR,DAYLIGHT,PEDALCYCLIST,DIVIDED - W/MEDIAN (NOT RAISED),STRAIGHT ON GRADE,DRY,NO DEFECTS,Y,FAILING TO YIELD RIGHT-OF-WAY,NOT APPLICABLE,,NONINCAPACITATING INJURY,6,8,41.8808560477,-87.6176358918,2024,40,POINT (-87.6176358918 41.8808560477),,,,,2024-08-29,False,31,Loop
11760,25,NO CONTROLS,NO CONTROLS,CLEAR,DAYLIGHT,PEDALCYCLIST,OTHER,STRAIGHT AND LEVEL,DRY,NO DEFECTS,,"OPERATING VEHICLE IN ERRATIC, RECKLESS, CARELESS, NEGLIGENT OR AGGRESSIVE MANNER",DRIVING SKILLS/KNOWLEDGE/EXPERIENCE,,NONINCAPACITATING INJURY,6,8,41.9622997268,-87.6446841767,2024,25,POINT (-87.6446841767 41.9622997268),,,,,2024-08-29,False,2,Uptown
11761,30,NO CONTROLS,NO CONTROLS,CLEAR,DAYLIGHT,PEDALCYCLIST,Y-INTERSECTION,STRAIGHT AND LEVEL,DRY,NO DEFECTS,Y,"VISION OBSCURED (SIGNS, TREE LIMBS, BUILDINGS, ETC.)","VISION OBSCURED (SIGNS, TREE LIMBS, BUILDINGS, ETC.)",Y,NONINCAPACITATING INJURY,8,8,41.9510805283,-87.7151227227,2024,30,POINT (-87.7151227227 41.9510805283),,,,,2024-08-29,False,15,Irving Park
11762,30,NO CONTROLS,NO CONTROLS,CLEAR,DAYLIGHT,PEDALCYCLIST,NOT DIVIDED,STRAIGHT AND LEVEL,DRY,NO DEFECTS,,UNABLE TO DETERMINE,UNABLE TO DETERMINE,,NONINCAPACITATING INJURY,8,8,41.8796760401,-87.6295022827,2024,30,POINT (-87.6295022827 41.8796760401),,,,,2024-08-29,False,31,Loop
11763,30,NO CONTROLS,NO CONTROLS,CLEAR,DAYLIGHT,PEDALCYCLIST,NOT DIVIDED,STRAIGHT AND LEVEL,DRY,NO DEFECTS,,UNABLE TO DETERMINE,NOT APPLICABLE,,NO INDICATION OF INJURY,11,8,41.9326242411,-87.7858903484,2024,30,POINT (-87.7858903484 41.9326242411),,,,,2024-08-29,False,18,Belmont Cragin
11764,30,TRAFFIC SIGNAL,FUNCTIONING PROPERLY,CLEAR,DAYLIGHT,PEDALCYCLIST,"FIVE POINT, OR MORE",STRAIGHT AND LEVEL,DRY,NO DEFECTS,Y,UNABLE TO DETERMINE,UNABLE TO DETERMINE,,NONINCAPACITATING INJURY,14,8,41.9327568392,-87.6447360146,2024,30,POINT (-87.6447360146 41.9327568392),,,,,2024-08-29,False,5,Lake View
11765,20,NO CONTROLS,NO CONTROLS,CLEAR,DAYLIGHT,PEDALCYCLIST,NOT DIVIDED,STRAIGHT AND LEVEL,DRY,NO DEFECTS,,UNABLE TO DETERMINE,NOT APPLICABLE,,NONINCAPACITATING INJURY,15,8,41.9944330202,-87.6614589856,2024,20,POINT (-87.6614589856 41.9944330202),,,,,2024-08-29,False,76,Edgewater
11766,30,NO CONTROLS,NO CONTROLS,CLEAR,DAYLIGHT,PEDALCYCLIST,FOUR WAY,STRAIGHT AND LEVEL,DRY,NO DEFECTS,Y,UNABLE TO DETERMINE,NOT APPLICABLE,,"REPORTED, NOT EVIDENT",16,8,41.750497028,-87.6464037942,2024,30,POINT (-87.6464037942 41.750497028),,,,,2024-08-29,False,70,Auburn Gresham
11767,30,NO CONTROLS,NO CONTROLS,CLEAR,DAYLIGHT,PEDALCYCLIST,NOT DIVIDED,STRAIGHT AND LEVEL,DRY,NO DEFECTS,,DRIVING SKILLS/KNOWLEDGE/EXPERIENCE,DRIVING SKILLS/KNOWLEDGE/EXPERIENCE,,NO INDICATION OF INJURY,17,8,41.9544100363,-87.6682866837,2024,30,POINT (-87.6682866837 41.9544100363),,,,,2024-08-29,False,2,Uptown
11768,30,NO CONTROLS,UNKNOWN,CLEAR,"DARKNESS, LIGHTED ROAD",PEDALCYCLIST,NOT DIVIDED,STRAIGHT AND LEVEL,DRY,UNKNOWN,,IMPROPER TURNING/NO SIGNAL,NOT APPLICABLE,,INCAPACITATING INJURY,21,8,41.9341250212,-87.6904037905,2024,30,POINT (-87.6904037905 41.9341250212),,,,,2024-08-29,True,4,North Center
11769,30,UNKNOWN,UNKNOWN,UNKNOWN,UNKNOWN,PEDALCYCLIST,NOT DIVIDED,STRAIGHT AND LEVEL,UNKNOWN,UNKNOWN,,UNABLE TO DETERMINE,NOT APPLICABLE,,NONINCAPACITATING INJURY,7,8,41.9346503328,-87.6492273314,2024,30,POINT (-87.6492273314 41.9346503328),,,,,2024-08-30,False,5,Lake View
11770,30,NO CONTROLS,NO CONTROLS,CLEAR,DAYLIGHT,PEDALCYCLIST,NOT DIVIDED,STRAIGHT AND LEVEL,DRY,UNKNOWN,,UNABLE TO DETERMINE,UNABLE TO DETERMINE,,"REPORTED, NOT EVIDENT",7,8,41.8770607074,-87.7366135859,2024,30,POINT (-87.7366135859 41.8770607074),,,,,2024-08-30,False,25,Garfield Park
11771,30,STOP SIGN/FLASHER,FUNCTIONING PROPERLY,CLEAR,DAYLIGHT,PEDALCYCLIST,FOUR WAY,STRAIGHT AND LEVEL,DRY,NO DEFECTS,Y,UNABLE TO DETERMINE,NOT APPLICABLE,,NONINCAPACITATING INJURY,7,8,42.0065488338,-87.6996760109,2024,30,POINT (-87.6996760109 42.0065488338),,,,,2024-08-30,False,1,West Ridge
11772,30,STOP SIGN/FLASHER,FUNCTIONING PROPERLY,CLOUDY/OVERCAST,DAYLIGHT,PEDALCYCLIST,FOUR WAY,STRAIGHT AND LEVEL,WET,NO DEFECTS,Y,UNABLE TO DETERMINE,UNABLE TO DETERMINE,,NO INDICATION OF INJURY,7,8,41.8820782788,-87.6989201792,2024,30,POINT (-87.6989201792 41.8820782788),,,,,2024-08-30,False,26,Garfield Park
11773,30,TRAFFIC SIGNAL,FUNCTIONING PROPERLY,CLOUDY/OVERCAST,DAYLIGHT,PEDALCYCLIST,FOUR WAY,STRAIGHT ON GRADE,DRY,NO DEFECTS,Y,UNABLE TO DETERMINE,NOT APPLICABLE,,NONINCAPACITATING INJURY,8,8,41.8083784079,-87.6845707169,2024,30,POINT (-87.6845707169 41.8083784079),,,,,2024-08-30,False,57,Brighton Park
11774,30,STOP SIGN/FLASHER,NO CONTROLS,CLEAR,DAYLIGHT,PEDALCYCLIST,FOUR WAY,STRAIGHT AND LEVEL,DRY,NO DEFECTS,,DRIVING SKILLS/KNOWLEDGE/EXPERIENCE,UNABLE TO DETERMINE,,INCAPACITATING INJURY,14,8,41.9040771756,-87.6771358758,2024,30,POINT (-87.6771358758 41.9040771756),,,,,2024-08-30,True,23,West Town
11775,30,UNKNOWN,UNKNOWN,UNKNOWN,UNKNOWN,PEDALCYCLIST,NOT DIVIDED,STRAIGHT AND LEVEL,UNKNOWN,UNKNOWN,,UNABLE TO DETERMINE,UNABLE TO DETERMINE,,NO INDICATION OF INJURY,14,8,41.900512527,-87.6770358624,2024,30,POINT (-87.6770358624 41.900512527),,,,,2024-08-30,False,23,West Town
11776,25,NO CONTROLS,NO CONTROLS,CLEAR,DAYLIGHT,PEDALCYCLIST,NOT DIVIDED,STRAIGHT AND LEVEL,DRY,NO DEFECTS,,UNABLE TO DETERMINE,UNABLE TO DETERMINE,,INCAPACITATING INJURY,15,8,41.9034183081,-87.7216008025,2024,25,POINT (-87.7216008025 41.9034183081),,,,,2024-08-30,True,22,Humboldt Park
11777,30,NO CONTROLS,NO CONTROLS,CLEAR,DAYLIGHT,PEDALCYCLIST,DIVIDED - W/MEDIAN (NOT RAISED),STRAIGHT AND LEVEL,DRY,UNKNOWN,,IMPROPER TURNING/NO SIGNAL,UNABLE TO DETERMINE,,NO INDICATION OF INJURY,15,8,41.8397719466,-87.6464675111,2024,30,POINT (-87.6464675111 41.8397719466),,,,,2024-08-30,False,30,Lower West Side
11778,30,NO CONTROLS,NO CONTROLS,CLEAR,DAYLIGHT,PEDALCYCLIST,OTHER,STRAIGHT AND LEVEL,DRY,NO DEFECTS,,DRIVING SKILLS/KNOWLEDGE/EXPERIENCE,NOT APPLICABLE,,NO INDICATION OF INJURY,16,8,41.7944467383,-87.7625078745,2024,30,POINT (-87.7625078745 41.7944467383),,,,,2024-08-30,False,55,Garfield Ridge
11779,25,NO CONTROLS,NO CONTROLS,CLEAR,DAYLIGHT,PEDALCYCLIST,NOT DIVIDED,STRAIGHT AND LEVEL,DRY,NO DEFECTS,,FOLLOWING TOO CLOSELY,UNABLE TO DETERMINE,,"REPORTED, NOT EVIDENT",16,8,41.9641959836,-87.7324461591,2024,25,POINT (-87.7324461591 41.9641959836),,,,,2024-08-30,False,13,Albany Park
11780,30,NO CONTROLS,NO CONTROLS,CLEAR,DAYLIGHT,PEDALCYCLIST,DIVIDED - W/MEDIAN (NOT RAISED),STRAIGHT AND LEVEL,DRY,NO DEFECTS,,UNABLE TO DETERMINE,UNABLE TO DETERMINE,Y,NONINCAPACITATING INJURY,16,8,41.9688143696,-87.6826447841,2024,30,POINT (-87.6826447841 41.9688143696),,,,,2024-08-30,False,3,Lincoln Square
11781,30,NO CONTROLS,NO CONTROLS,CLEAR,DAYLIGHT,PEDALCYCLIST,NOT DIVIDED,STRAIGHT AND LEVEL,DRY,NO DEFECTS,,IMPROPER OVERTAKING/PASSING,NOT APPLICABLE,,NO INDICATION OF INJURY,17,8,41.9329659429,-87.6420795488,2024,30,POINT (-87.6420795488 41.9329659429),,,,,2024-08-30,False,5,Lake View
11782,30,NO CONTROLS,NO CONTROLS,CLEAR,DAYLIGHT,PEDALCYCLIST,DIVIDED - W/MEDIAN (NOT RAISED),STRAIGHT AND LEVEL,DRY,UNKNOWN,,UNABLE TO DETERMINE,NOT APPLICABLE,,NONINCAPACITATING INJURY,17,8,41.708077429,-87.5598068713,2024,30,POINT (-87.5598068713 41.708077429),,,,,2024-08-30,False,50,South Deering
11783,30,NO CONTROLS,NO CONTROLS,CLEAR,DAYLIGHT,PEDALCYCLIST,ONE-WAY,STRAIGHT AND LEVEL,DRY,NO DEFECTS,,DRIVING ON WRONG SIDE/WRONG WAY,NOT APPLICABLE,,NONINCAPACITATING INJURY,17,8,41.9671550928,-87.670144332,2024,30,POINT (-87.670144332 41.9671550928),,,,,2024-08-30,False,2,Uptown
11784,30,NO CONTROLS,NO CONTROLS,CLEAR,DAYLIGHT,PEDALCYCLIST,NOT DIVIDED,STRAIGHT AND LEVEL,DRY,NO DEFECTS,,FAILING TO YIELD RIGHT-OF-WAY,NOT APPLICABLE,Y,NO INDICATION OF INJURY,6,8,41.8805650455,-87.6493614182,2024,30,POINT (-87.6493614182 41.8805650455),,,,,2024-08-31,False,27,Near West Side
11785,25,STOP SIGN/FLASHER,FUNCTIONING PROPERLY,CLEAR,DAYLIGHT,PEDALCYCLIST,DIVIDED - W/MEDIAN (NOT RAISED),STRAIGHT AND LEVEL,DRY,NO DEFECTS,,UNABLE TO DETERMINE,UNABLE TO DETERMINE,,NO INDICATION OF INJURY,7,8,41.9796274644,-87.6793661123,2024,25,POINT (-87.6793661123 41.9796274644),,,,,2024-08-31,False,3,Lincoln Square
11786,30,TRAFFIC SIGNAL,FUNCTIONING PROPERLY,CLEAR,DAYLIGHT,PEDALCYCLIST,T-INTERSECTION,STRAIGHT AND LEVEL,DRY,NO DEFECTS,Y,FAILING TO YIELD RIGHT-OF-WAY,CELL PHONE USE OTHER THAN TEXTING,,NONINCAPACITATING INJURY,14,8,41.8696430275,-87.6455202921,2024,30,POINT (-87.6455202921 41.8696430275),,,,,2024-08-31,False,27,Near West Side
11787,30,NO CONTROLS,NO CONTROLS,CLEAR,DAYLIGHT,PEDALCYCLIST,NOT DIVIDED,STRAIGHT AND LEVEL,DRY,NO DEFECTS,,UNABLE TO DETERMINE,UNABLE TO DETERMINE,,NO INDICATION OF INJURY,16,8,41.9341638974,-87.6461611983,2024,30,POINT (-87.6461611983 41.9341638974),,,,,2024-08-31,False,5,Lake View
11788,30,TRAFFIC SIGNAL,FUNCTIONING PROPERLY,CLEAR,DAYLIGHT,PEDALCYCLIST,FOUR WAY,STRAIGHT AND LEVEL,DRY,NO DEFECTS,Y,IMPROPER LANE USAGE,DRIVING SKILLS/KNOWLEDGE/EXPERIENCE,,NO INDICATION OF INJURY,18,8,41.8984991783,-87.6238377069,2024,30,POINT (-87.6238377069 41.8984991783),,,,,2024-08-31,False,7,Near North Side
11789,30,TRAFFIC SIGNAL,FUNCTIONING PROPERLY,CLEAR,DAWN,PEDALCYCLIST,FOUR WAY,STRAIGHT AND LEVEL,DRY,NO DEFECTS,Y,DRIVING SKILLS/KNOWLEDGE/EXPERIENCE,NOT APPLICABLE,,NONINCAPACITATING INJURY,18,8,41.8935582259,-87.6240740878,2024,30,POINT (-87.6240740878 41.8935582259),,,,,2024-08-31,False,7,Near North Side
11790,30,STOP SIGN/FLASHER,FUNCTIONING PROPERLY,CLEAR,DAYLIGHT,PEDALCYCLIST,DIVIDED - W/MEDIAN (NOT RAISED),STRAIGHT AND LEVEL,DRY,NO DEFECTS,Y,FAILING TO YIELD RIGHT-OF-WAY,UNABLE TO DETERMINE,,NONINCAPACITATING INJURY,18,8,41.9489253699,-87.6590616126,2024,30,POINT (-87.6590616126 41.9489253699),,,,,2024-08-31,False,5,Lake View
11791,30,NO CONTROLS,NO CONTROLS,CLEAR,DAWN,PEDALCYCLIST,NOT DIVIDED,STRAIGHT AND LEVEL,DRY,NO DEFECTS,,UNABLE TO DETERMINE,NOT APPLICABLE,,NO INDICATION OF INJURY,18,8,41.9510640531,-87.659795128,2024,30,POINT (-87.659795128 41.9510640531),,,,,2024-08-31,False,5,Lake View
11792,30,TRAFFIC SIGNAL,FUNCTIONING PROPERLY,CLEAR,"DARKNESS, LIGHTED ROAD",PEDALCYCLIST,FOUR WAY,STRAIGHT AND LEVEL,DRY,NO DEFECTS,Y,FAILING TO YIELD RIGHT-OF-WAY,NOT APPLICABLE,,NONINCAPACITATING INJURY,19,8,41.8015611784,-87.6551217865,2024,30,POINT (-87.6551217865 41.8015611784),,,,,2024-08-31,False,60,New City