Unnamed: 0,POSTED_SPEED_LIMIT,TRAFFIC_CONTROL_DEVICE,DEVICE_CONDITION,WEATHER_CONDITION,LIGHTING_CONDITION,FIRST_CRASH_TYPE,TRAFFICWAY_TYPE,ALIGNMENT,ROADWAY_SURFACE_COND,ROAD_DEFECT,INTERSECTION_RELATED_I,PRIM_CONTRIBUTORY_CAUSE,SEC_CONTRIBUTORY_CAUSE,DOORING_I,MOST_SEVERE_INJURY,CRASH_HOUR,CRASH_MONTH,LATITUDE,LONGITUDE,CRASH_YEAR,SPEED_LIMIT,geometry,DISPLAYROU,the_geom,DIST,LANE_TYPE,CRASH_DATE,is_severe,index_right,CArea
11793,30,UNKNOWN,UNKNOWN,CLEAR,"DARKNESS, LIGHTED ROAD",PEDALCYCLIST,FOUR WAY,STRAIGHT AND LEVEL,DRY,NO DEFECTS,,UNABLE TO DETERMINE,NOT APPLICABLE,,NONINCAPACITATING INJURY,0,9,41.8899869124,-87.6477586401,2024,30,POINT (-87.6477586401 41.8899869124),,,,,2024-09-01,False,7,Near North Side
11794,30,TRAFFIC SIGNAL,FUNCTIONING PROPERLY,CLEAR,DAYLIGHT,PEDALCYCLIST,FOUR WAY,STRAIGHT AND LEVEL,DRY,NO DEFECTS,Y,FAILING TO YIELD RIGHT-OF-WAY,NOT APPLICABLE,,NONINCAPACITATING INJURY,10,9,41.9608072552,-87.7325671679,2024,30,POINT (-87.7325671679 41.9608072552),,,,,2024-09-01,False,15,Irving Park
11795,30,TRAFFIC SIGNAL,FUNCTIONING PROPERLY,CLEAR,DAYLIGHT,PEDALCYCLIST,NOT DIVIDED,STRAIGHT AND LEVEL,DRY,NO DEFECTS,Y,FAILING TO YIELD RIGHT-OF-WAY,NOT APPLICABLE,,NONINCAPACITATING INJURY,14,9,41.8301872553,-87.6851779251,2024,30,POINT (-87.6851779251 41.8301872553),,,,,2024-09-01,False,57,Brighton Park
11796,30,TRAFFIC SIGNAL,FUNCTIONING PROPERLY,CLEAR,DAYLIGHT,PEDALCYCLIST,NOT DIVIDED,STRAIGHT AND LEVEL,DRY,NO DEFECTS,Y,UNABLE TO DETERMINE,UNABLE TO DETERMINE,,INCAPACITATING INJURY,14,9,41.9253828358,-87.6463754782,2024,30,POINT (-87.6463754782 41.9253828358),,,,,2024-09-01,True,6,Lincoln Park
11797,30,STOP SIGN/FLASHER,FUNCTIONING PROPERLY,CLEAR,DAYLIGHT,PEDALCYCLIST,ONE-WAY,STRAIGHT AND LEVEL,DRY,NO DEFECTS,,UNABLE TO DETERMINE,NOT APPLICABLE,,NONINCAPACITATING INJURY,16,9,41.9721901876,-87.7075084153,2024,30,POINT (-87.7075084153 41.9721901876),,,,,2024-09-01,False,12,North Park
11798,25,STOP SIGN/FLASHER,NO CONTROLS,CLEAR,DAYLIGHT,PEDALCYCLIST,NOT DIVIDED,STRAIGHT AND LEVEL,DRY,UNKNOWN,,IMPROPER OVERTAKING/PASSING,FAILING TO REDUCE SPEED TO AVOID CRASH,,NONINCAPACITATING INJURY,19,9,41.9312206342,-87.7780238068,2024,25,POINT (-87.7780238068 41.9312206342),,,,,2024-09-01,False,18,Belmont Cragin
11799,30,TRAFFIC SIGNAL,FUNCTIONING PROPERLY,CLEAR,DAYLIGHT,PEDALCYCLIST,NOT DIVIDED,STRAIGHT AND LEVEL,DRY,NO DEFECTS,,UNABLE TO DETERMINE,UNABLE TO DETERMINE,,INCAPACITATING INJURY,16,9,41.932682899,-87.6452720798,2024,30,POINT (-87.6452720798 41.932682899),,,,,2024-09-02,True,5,Lake View
11800,30,STOP SIGN/FLASHER,FUNCTIONING PROPERLY,CLEAR,DAYLIGHT,PEDALCYCLIST,DIVIDED - W/MEDIAN (NOT RAISED),STRAIGHT AND LEVEL,DRY,NO DEFECTS,,UNABLE TO DETERMINE,FAILING TO YIELD RIGHT-OF-WAY,,NONINCAPACITATING INJURY,16,9,41.9653546414,-87.6525154708,2024,30,POINT (-87.6525154708 41.9653546414),,,,,2024-09-02,False,2,Uptown
11801,30,TRAFFIC SIGNAL,FUNCTIONING PROPERLY,CLEAR,DAYLIGHT,PEDALCYCLIST,DIVIDED - W/MEDIAN (NOT RAISED),STRAIGHT AND LEVEL,DRY,WORN SURFACE,Y,FAILING TO YIELD RIGHT-OF-WAY,DISREGARDING TRAFFIC SIGNALS,,INCAPACITATING INJURY,17,9,41.8237769784,-87.6168485758,2024,30,POINT (-87.6168485758 41.8237769784),,,,,2024-09-02,True,34,Douglas
11802,30,NO CONTROLS,NO CONTROLS,CLEAR,DAYLIGHT,PEDALCYCLIST,DIVIDED - W/MEDIAN (NOT RAISED),STRAIGHT AND LEVEL,DRY,NO DEFECTS,,FAILING TO YIELD RIGHT-OF-WAY,DRIVING SKILLS/KNOWLEDGE/EXPERIENCE,,NONINCAPACITATING INJURY,17,9,41.9045377201,-87.6316127242,2024,30,POINT (-87.6316127242 41.9045377201),,,,,2024-09-02,False,7,Near North Side
11803,30,TRAFFIC SIGNAL,FUNCTIONING PROPERLY,CLEAR,DAYLIGHT,PEDALCYCLIST,RAMP,STRAIGHT AND LEVEL,DRY,NO DEFECTS,Y,FAILING TO REDUCE SPEED TO AVOID CRASH,NOT APPLICABLE,,NO INDICATION OF INJURY,6,9,41.9261607198,-87.6315146648,2024,30,POINT (-87.6315146648 41.9261607198),,,,,2024-09-03,False,6,Lincoln Park
11804,30,TRAFFIC SIGNAL,FUNCTIONING PROPERLY,CLEAR,DAYLIGHT,PEDALCYCLIST,FOUR WAY,STRAIGHT AND LEVEL,DRY,NO DEFECTS,Y,"OPERATING VEHICLE IN ERRATIC, RECKLESS, CARELESS, NEGLIGENT OR AGGRESSIVE MANNER",UNABLE TO DETERMINE,,NONINCAPACITATING INJURY,6,9,41.8085422443,-87.6845482018,2024,30,POINT (-87.6845482018 41.8085422443),,,,,2024-09-03,False,57,Brighton Park
11805,30,TRAFFIC SIGNAL,FUNCTIONING PROPERLY,CLEAR,DAYLIGHT,PEDALCYCLIST,FOUR WAY,STRAIGHT AND LEVEL,DRY,NO DEFECTS,N,"OPERATING VEHICLE IN ERRATIC, RECKLESS, CARELESS, NEGLIGENT OR AGGRESSIVE MANNER",UNABLE TO DETERMINE,,NONINCAPACITATING INJURY,7,9,41.8805588021,-87.6471767092,2024,30,POINT (-87.6471767092 41.8805588021),,,,,2024-09-03,False,27,Near West Side
11806,30,TRAFFIC SIGNAL,FUNCTIONING PROPERLY,CLEAR,DAYLIGHT,PEDALCYCLIST,TRAFFIC ROUTE,STRAIGHT AND LEVEL,DRY,NO DEFECTS,,FAILING TO YIELD RIGHT-OF-WAY,NOT APPLICABLE,,NONINCAPACITATING INJURY,7,9,41.9257655547,-87.6366512733,2024,30,POINT (-87.6366512733 41.9257655547),,,,,2024-09-03,False,6,Lincoln Park
11807,30,STOP SIGN/FLASHER,FUNCTIONING PROPERLY,CLEAR,DAYLIGHT,PEDALCYCLIST,TRAFFIC ROUTE,STRAIGHT AND LEVEL,DRY,NO DEFECTS,Y,FAILING TO YIELD RIGHT-OF-WAY,NOT APPLICABLE,,"REPORTED, NOT EVIDENT",7,9,41.942467487,-87.7395411686,2024,30,POINT (-87.7395411686 41.942467487),,,,,2024-09-03,False,15,Irving Park
11808,30,NO CONTROLS,NO CONTROLS,CLEAR,DAYLIGHT,PEDALCYCLIST,FOUR WAY,STRAIGHT AND LEVEL,DRY,NO DEFECTS,Y,BICYCLE ADVANCING LEGALLY ON RED LIGHT,BICYCLE ADVANCING LEGALLY ON RED LIGHT,,NO INDICATION OF INJURY,12,9,41.8792031111,-87.6395518214,2024,30,POINT (-87.6395518214 41.8792031111),,,,,2024-09-03,False,27,Near West Side
11809,25,UNKNOWN,UNKNOWN,CLEAR,DAYLIGHT,PEDALCYCLIST,T-INTERSECTION,STRAIGHT AND LEVEL,UNKNOWN,UNKNOWN,Y,IMPROPER LANE USAGE,NOT APPLICABLE,,NO INDICATION OF INJURY,12,9,41.8433997976,-87.6463494343,2024,25,POINT (-87.6463494343 41.8433997976),,,,,2024-09-03,False,30,Lower West Side
11810,35,NO CONTROLS,NO CONTROLS,CLEAR,DAYLIGHT,PEDALCYCLIST,NOT DIVIDED,STRAIGHT AND LEVEL,DRY,NO DEFECTS,,FAILING TO YIELD RIGHT-OF-WAY,UNABLE TO DETERMINE,,NO INDICATION OF INJURY,13,9,41.779709785,-87.6835066138,2024,35,POINT (-87.6835066138 41.779709785),,,,,2024-09-03,False,65,Chicago Lawn
11811,30,NO CONTROLS,NO CONTROLS,CLEAR,DAYLIGHT,PEDALCYCLIST,FOUR WAY,STRAIGHT AND LEVEL,DRY,UNKNOWN,Y,UNABLE TO DETERMINE,NOT APPLICABLE,,NO INDICATION OF INJURY,15,9,41.9920276122,-87.7289292845,2024,30,POINT (-87.7289292845 41.9920276122),,,,,2024-09-03,False,11,Forest Glen
11812,30,TRAFFIC SIGNAL,FUNCTIONING PROPERLY,UNKNOWN,DAYLIGHT,PEDALCYCLIST,DIVIDED - W/MEDIAN (NOT RAISED),STRAIGHT AND LEVEL,UNKNOWN,UNKNOWN,Y,FAILING TO YIELD RIGHT-OF-WAY,FAILING TO YIELD RIGHT-OF-WAY,,NO INDICATION OF INJURY,15,9,41.9394410199,-87.7076723447,2024,30,POINT (-87.7076723447 41.9394410199),,,,,2024-09-03,False,15,Irving Park
11813,30,UNKNOWN,UNKNOWN,UNKNOWN,DAYLIGHT,PEDALCYCLIST,Y-INTERSECTION,STRAIGHT AND LEVEL,UNKNOWN,UNKNOWN,Y,FAILING TO YIELD RIGHT-OF-WAY,UNABLE TO DETERMINE,,NONINCAPACITATING INJURY,16,9,41.8919185024,-87.6484922236,2024,30,POINT (-87.6484922236 41.8919185024),,,,,2024-09-03,False,7,Near North Side
11814,30,UNKNOWN,UNKNOWN,UNKNOWN,UNKNOWN,PEDALCYCLIST,FOUR WAY,STRAIGHT AND LEVEL,UNKNOWN,UNKNOWN,Y,DISREGARDING STOP SIGN,FAILING TO YIELD RIGHT-OF-WAY,,NONINCAPACITATING INJURY,18,9,41.9436013198,-87.6591967877,2024,30,POINT (-87.6591967877 41.9436013198),,,,,2024-09-03,False,5,Lake View
11815,20,STOP SIGN/FLASHER,FUNCTIONING PROPERLY,CLEAR,DAYLIGHT,PEDALCYCLIST,T-INTERSECTION,STRAIGHT AND LEVEL,DRY,NO DEFECTS,Y,UNABLE TO DETERMINE,UNABLE TO DETERMINE,,NONINCAPACITATING INJURY,18,9,41.7971189246,-87.7001345679,2024,20,POINT (-87.7001345679 41.7971189246),,,,,2024-09-03,False,62,Gage Park
11816,30,NO CONTROLS,NO CONTROLS,CLEAR,DAYLIGHT,PEDALCYCLIST,NOT DIVIDED,STRAIGHT AND LEVEL,DRY,NO DEFECTS,Y,FAILING TO YIELD RIGHT-OF-WAY,UNABLE TO DETERMINE,,NONINCAPACITATING INJURY,18,9,41.8444069537,-87.7063994309,2024,30,POINT (-87.7063994309 41.8444069537),,,,,2024-09-03,False,29,South Lawndale
11817,30,NO CONTROLS,NO CONTROLS,CLEAR,DAYLIGHT,PEDALCYCLIST,DIVIDED - W/MEDIAN (NOT RAISED),STRAIGHT AND LEVEL,DRY,NO DEFECTS,,NOT APPLICABLE,NOT APPLICABLE,,NONINCAPACITATING INJURY,19,9,41.9107887997,-87.6641714518,2024,30,POINT (-87.6641714518 41.9107887997),,,,,2024-09-03,False,6,Lincoln Park
11818,30,TRAFFIC SIGNAL,FUNCTIONING PROPERLY,CLEAR,DAYLIGHT,PEDALCYCLIST,NOT DIVIDED,STRAIGHT AND LEVEL,DRY,NO DEFECTS,Y,FAILING TO YIELD RIGHT-OF-WAY,OBSTRUCTED CROSSWALKS,,"REPORTED, NOT EVIDENT",6,9,41.7787231634,-87.7155478208,2024,30,POINT (-87.7155478208 41.7787231634),,,,,2024-09-04,False,64,West Lawn
11819,30,TRAFFIC SIGNAL,FUNCTIONING PROPERLY,CLEAR,DAYLIGHT,PEDALCYCLIST,NOT DIVIDED,STRAIGHT AND LEVEL,DRY,NO DEFECTS,Y,IMPROPER OVERTAKING/PASSING,NOT APPLICABLE,,NO INDICATION OF INJURY,7,9,41.8675238585,-87.6273838639,2024,30,POINT (-87.6273838639 41.8675238585),,,,,2024-09-04,False,31,Loop
11820,30,NO CONTROLS,NO CONTROLS,CLEAR,DAYLIGHT,PEDALCYCLIST,FOUR WAY,STRAIGHT AND LEVEL,DRY,OTHER,Y,UNABLE TO DETERMINE,UNABLE TO DETERMINE,,INCAPACITATING INJURY,7,9,41.9761182158,-87.6765558616,2024,30,POINT (-87.6765558616 41.9761182158),,,,,2024-09-04,True,3,Lincoln Square
11821,35,TRAFFIC SIGNAL,FUNCTIONING PROPERLY,CLEAR,DAYLIGHT,PEDALCYCLIST,DIVIDED - W/MEDIAN (NOT RAISED),STRAIGHT AND LEVEL,UNKNOWN,UNKNOWN,Y,FAILING TO YIELD RIGHT-OF-WAY,FAILING TO REDUCE SPEED TO AVOID CRASH,,NONINCAPACITATING INJURY,10,9,41.9205367298,-87.7754563107,2024,35,POINT (-87.7754563107 41.9205367298),,,,,2024-09-04,False,18,Belmont Cragin
11822,30,STOP SIGN/FLASHER,FUNCTIONING PROPERLY,CLEAR,DAYLIGHT,PEDALCYCLIST,FOUR WAY,STRAIGHT AND LEVEL,DRY,NO DEFECTS,Y,FAILING TO YIELD RIGHT-OF-WAY,NOT APPLICABLE,,NONINCAPACITATING INJURY,12,9,41.8868797576,-87.6769167721,2024,30,POINT (-87.6769167721 41.8868797576),,,,,2024-09-04,False,27,Near West Side
11823,30,TRAFFIC SIGNAL,NO CONTROLS,CLEAR,DAYLIGHT,PEDALCYCLIST,NOT DIVIDED,STRAIGHT AND LEVEL,DRY,NO DEFECTS,Y,BICYCLE ADVANCING LEGALLY ON RED LIGHT,NOT APPLICABLE,,NO INDICATION OF INJURY,12,9,41.7687443409,-87.6446513782,2024,30,POINT (-87.6446513782 41.7687443409),,,,,2024-09-04,False,67,Englewood
11824,30,TRAFFIC SIGNAL,FUNCTIONING PROPERLY,CLEAR,DAYLIGHT,PEDALCYCLIST,FOUR WAY,STRAIGHT AND LEVEL,DRY,NO DEFECTS,Y,"VISION OBSCURED (SIGNS, TREE LIMBS, BUILDINGS, ETC.)",NOT APPLICABLE,,NO INDICATION OF INJURY,17,9,41.9850210679,-87.6700050747,2024,30,POINT (-87.6700050747 41.9850210679),,,,,2024-09-04,False,76,Edgewater
11825,30,NO CONTROLS,NO CONTROLS,CLEAR,DAYLIGHT,PEDALCYCLIST,NOT DIVIDED,STRAIGHT AND LEVEL,DRY,UNKNOWN,,IMPROPER LANE USAGE,NOT APPLICABLE,,NONINCAPACITATING INJURY,17,9,41.9037127756,-87.6510698931,2024,30,POINT (-87.6510698931 41.9037127756),,,,,2024-09-04,False,7,Near North Side
11826,30,UNKNOWN,UNKNOWN,UNKNOWN,UNKNOWN,PEDALCYCLIST,ONE-WAY,STRAIGHT AND LEVEL,UNKNOWN,UNKNOWN,,IMPROPER LANE USAGE,NOT APPLICABLE,,NO INDICATION OF INJURY,17,9,41.8845748965,-87.6354506948,2024,30,POINT (-87.6354506948 41.8845748965),,,,,2024-09-04,False,27,Near West Side
11827,30,NO CONTROLS,NO CONTROLS,UNKNOWN,UNKNOWN,PEDALCYCLIST,NOT DIVIDED,STRAIGHT AND LEVEL,UNKNOWN,UNKNOWN,,UNABLE TO DETERMINE,UNABLE TO DETERMINE,,NO INDICATION OF INJURY,18,9,41.9682669785,-87.7157454718,2024,30,POINT (-87.7157454718 41.9682669785),,,,,2024-09-04,False,13,Albany Park
11828,30,TRAFFIC SIGNAL,FUNCTIONING PROPERLY,CLEAR,DAYLIGHT,PEDALCYCLIST,NOT DIVIDED,STRAIGHT AND LEVEL,DRY,UNKNOWN,,UNABLE TO DETERMINE,UNABLE TO DETERMINE,,"REPORTED, NOT EVIDENT",18,9,41.9761508088,-87.6682667663,2024,30,POINT (-87.6682667663 41.9761508088),,,,,2024-09-04,False,2,Uptown
11829,30,STOP SIGN/FLASHER,FUNCTIONING PROPERLY,CLEAR,DAYLIGHT,PEDALCYCLIST,NOT DIVIDED,STRAIGHT AND LEVEL,DRY,NO DEFECTS,,FAILING TO YIELD RIGHT-OF-WAY,NOT APPLICABLE,,NONINCAPACITATING INJURY,18,9,41.7028082252,-87.5284491098,2024,30,POINT (-87.5284491098 41.7028082252),,,,,2024-09-04,False,51,East Side
11830,30,TRAFFIC SIGNAL,FUNCTIONING PROPERLY,CLEAR,DAYLIGHT,PEDALCYCLIST,DIVIDED - W/MEDIAN (NOT RAISED),STRAIGHT AND LEVEL,DRY,UNKNOWN,,UNABLE TO DETERMINE,UNABLE TO DETERMINE,,NONINCAPACITATING INJURY,18,9,41.9390168998,-87.7239624351,2024,30,POINT (-87.7239624351 41.9390168998),,,,,2024-09-04,False,15,Irving Park
11831,30,NO CONTROLS,NO CONTROLS,CLEAR,DAYLIGHT,PEDALCYCLIST,NOT DIVIDED,STRAIGHT AND LEVEL,DRY,UNKNOWN,,UNABLE TO DETERMINE,NOT APPLICABLE,Y,NONINCAPACITATING INJURY,19,9,41.941883022,-87.644605003,2024,30,POINT (-87.644605003 41.941883022),,,,,2024-09-04,False,5,Lake View
11832,30,TRAFFIC SIGNAL,FUNCTIONING PROPERLY,CLEAR,DAYLIGHT,PEDALCYCLIST,DIVIDED - W/MEDIAN (NOT RAISED),STRAIGHT AND LEVEL,DRY,NO DEFECTS,,UNABLE TO DETERMINE,UNABLE TO DETERMINE,,"REPORTED, NOT EVIDENT",19,9,41.7370429734,-87.5656969534,2024,30,POINT (-87.5656969534 41.7370429734),,,,,2024-09-04,False,45,South Chicago
11833,30,NO CONTROLS,NO CONTROLS,CLEAR,"DARKNESS, LIGHTED ROAD",PEDALCYCLIST,NOT DIVIDED,STRAIGHT AND LEVEL,DRY,NO DEFECTS,,IMPROPER OVERTAKING/PASSING,FAILING TO REDUCE SPEED TO AVOID CRASH,,NONINCAPACITATING INJURY,19,9,41.9364425782,-87.6476648749,2024,30,POINT (-87.6476648749 41.9364425782),,,,,2024-09-04,False,5,Lake View
11834,30,NO CONTROLS,NO CONTROLS,CLEAR,DAYLIGHT,PEDALCYCLIST,DRIVEWAY,STRAIGHT AND LEVEL,DRY,NO DEFECTS,,FAILING TO YIELD RIGHT-OF-WAY,FAILING TO REDUCE SPEED TO AVOID CRASH,,NONINCAPACITATING INJURY,19,9,41.9984972182,-87.6897587862,2024,30,POINT (-87.6897587862 41.9984972182),,,,,2024-09-04,False,1,West Ridge
11835,30,NO CONTROLS,NO CONTROLS,CLEAR,"DARKNESS, LIGHTED ROAD",PEDALCYCLIST,DIVIDED - W/MEDIAN (NOT RAISED),STRAIGHT AND LEVEL,DRY,NO DEFECTS,Y,"VISION OBSCURED (SIGNS, TREE LIMBS, BUILDINGS, ETC.)",DRIVING SKILLS/KNOWLEDGE/EXPERIENCE,,NONINCAPACITATING INJURY,20,9,41.9195216143,-87.6915871618,2024,30,POINT (-87.6915871618 41.9195216143),,,,,2024-09-04,False,21,Logan Square
11836,30,TRAFFIC SIGNAL,UNKNOWN,CLEAR,"DARKNESS, LIGHTED ROAD",PEDALCYCLIST,NOT DIVIDED,STRAIGHT AND LEVEL,DRY,UNKNOWN,,IMPROPER TURNING/NO SIGNAL,FAILING TO YIELD RIGHT-OF-WAY,,"REPORTED, NOT EVIDENT",21,9,41.9487160474,-87.6575629788,2024,30,POINT (-87.6575629788 41.9487160474),,,,,2024-09-04,False,5,Lake View
11837,30,NO CONTROLS,NO CONTROLS,CLEAR,DARKNESS,PEDALCYCLIST,NOT DIVIDED,STRAIGHT AND LEVEL,DRY,NO DEFECTS,,IMPROPER TURNING/NO SIGNAL,IMPROPER TURNING/NO SIGNAL,,NONINCAPACITATING INJURY,22,9,41.9411836025,-87.6695405431,2024,30,POINT (-87.6695405431 41.9411836025),,,,,2024-09-04,False,5,Lake View
11838,30,NO CONTROLS,NO CONTROLS,CLEAR,DAYLIGHT,PEDALCYCLIST,NOT DIVIDED,STRAIGHT AND LEVEL,DRY,NO DEFECTS,,UNABLE TO DETERMINE,UNABLE TO DETERMINE,,NONINCAPACITATING INJURY,8,9,41.7874104177,-87.6448325631,2024,30,POINT (-87.6448325631 41.7874104177),,,,,2024-09-05,False,67,Englewood
11839,35,OTHER,FUNCTIONING PROPERLY,CLEAR,DAYLIGHT,PEDALCYCLIST,NOT DIVIDED,STRAIGHT AND LEVEL,DRY,NO DEFECTS,,"OPERATING VEHICLE IN ERRATIC, RECKLESS, CARELESS, NEGLIGENT OR AGGRESSIVE MANNER",UNABLE TO DETERMINE,Y,NONINCAPACITATING INJURY,9,9,41.9179380112,-87.6573018962,2024,35,POINT (-87.6573018962 41.9179380112),,,,,2024-09-05,False,6,Lincoln Park
11840,30,STOP SIGN/FLASHER,FUNCTIONING PROPERLY,CLEAR,DAYLIGHT,PEDALCYCLIST,T-INTERSECTION,STRAIGHT AND LEVEL,DRY,NO DEFECTS,Y,UNABLE TO DETERMINE,UNABLE TO DETERMINE,,NO INDICATION OF INJURY,9,9,41.8953814159,-87.7311708968,2024,30,POINT (-87.7311708968 41.8953814159),,,,,2024-09-05,False,22,Humboldt Park
11841,30,BICYCLE CROSSING SIGN,FUNCTIONING PROPERLY,CLEAR,DAYLIGHT,PEDALCYCLIST,DIVIDED - W/MEDIAN (NOT RAISED),STRAIGHT AND LEVEL,DRY,NO DEFECTS,Y,FAILING TO YIELD RIGHT-OF-WAY,DISREGARDING ROAD MARKINGS,,NO INDICATION OF INJURY,15,9,41.8900733006,-87.6474623508,2024,30,POINT (-87.6474623508 41.8900733006),,,,,2024-09-05,False,7,Near North Side
11842,20,TRAFFIC SIGNAL,FUNCTIONING PROPERLY,CLEAR,DAYLIGHT,PEDALCYCLIST,DIVIDED - W/MEDIAN (NOT RAISED),STRAIGHT AND LEVEL,DRY,NO DEFECTS,N,DISREGARDING TRAFFIC SIGNALS,NOT APPLICABLE,,NONINCAPACITATING INJURY,16,9,41.9006525832,-87.6344285506,2024,20,POINT (-87.6344285506 41.9006525832),,,,,2024-09-05,False,7,Near North Side
11843,30,NO CONTROLS,NO CONTROLS,CLEAR,DAYLIGHT,PEDALCYCLIST,NOT DIVIDED,STRAIGHT AND LEVEL,DRY,NO DEFECTS,,FAILING TO YIELD RIGHT-OF-WAY,NOT APPLICABLE,Y,NONINCAPACITATING INJURY,16,9,41.9109488768,-87.6300519017,2024,30,POINT (-87.6300519017 41.9109488768),,,,,2024-09-05,False,6,Lincoln Park
11844,35,NO CONTROLS,NO CONTROLS,CLEAR,DAWN,PEDALCYCLIST,NOT DIVIDED,STRAIGHT AND LEVEL,DRY,NO DEFECTS,,UNABLE TO DETERMINE,UNABLE TO DETERMINE,,NONINCAPACITATING INJURY,16,9,41.8381911425,-87.6252838404,2024,35,POINT (-87.6252838404 41.8381911425),,,,,2024-09-05,False,34,Douglas
11845,30,NO CONTROLS,NO CONTROLS,CLEAR,DAYLIGHT,PEDALCYCLIST,DIVIDED - W/MEDIAN (NOT RAISED),STRAIGHT AND LEVEL,DRY,NO DEFECTS,,FAILING TO YIELD RIGHT-OF-WAY,NOT APPLICABLE,,NONINCAPACITATING INJURY,17,9,41.9558086096,-87.6786580515,2024,30,POINT (-87.6786580515 41.9558086096),,,,,2024-09-05,False,4,North Center
11846,30,NO CONTROLS,NO CONTROLS,CLEAR,DAYLIGHT,PEDALCYCLIST,ONE-WAY,STRAIGHT AND LEVEL,DRY,NO DEFECTS,,FAILING TO YIELD RIGHT-OF-WAY,NOT APPLICABLE,,INCAPACITATING INJURY,17,9,41.9260538485,-87.7462219565,2024,30,POINT (-87.7462219565 41.9260538485),,,,,2024-09-05,True,18,Belmont Cragin
11847,30,TRAFFIC SIGNAL,FUNCTIONING PROPERLY,CLEAR,DAYLIGHT,PEDALCYCLIST,FOUR WAY,STRAIGHT AND LEVEL,DRY,NO DEFECTS,,FAILING TO YIELD RIGHT-OF-WAY,NOT APPLICABLE,,"REPORTED, NOT EVIDENT",17,9,41.9455559266,-87.7861075229,2024,30,POINT (-87.7861075229 41.9455559266),,,,,2024-09-05,False,14,Portage Park
11848,30,TRAFFIC SIGNAL,UNKNOWN,CLEAR,DAYLIGHT,PEDALCYCLIST,NOT DIVIDED,STRAIGHT AND LEVEL,DRY,UNKNOWN,Y,UNABLE TO DETERMINE,NOT APPLICABLE,,NO INDICATION OF INJURY,8,9,41.8768417103,-87.6425734101,2024,30,POINT (-87.6425734101 41.8768417103),,,,,2024-09-06,False,27,Near West Side
11849,30,NO CONTROLS,NO CONTROLS,CLEAR,DAYLIGHT,PEDALCYCLIST,NOT DIVIDED,STRAIGHT AND LEVEL,DRY,NO DEFECTS,,UNABLE TO DETERMINE,NOT APPLICABLE,,NO INDICATION OF INJURY,13,9,41.8616960884,-87.6579152169,2024,30,POINT (-87.6579152169 41.8616960884),,,,,2024-09-06,False,27,Near West Side
11850,30,TRAFFIC SIGNAL,FUNCTIONING PROPERLY,CLEAR,DAYLIGHT,PEDALCYCLIST,NOT DIVIDED,STRAIGHT AND LEVEL,DRY,NO DEFECTS,Y,UNABLE TO DETERMINE,FAILING TO YIELD RIGHT-OF-WAY,,NO INDICATION OF INJURY,14,9,41.8663988918,-87.7154836783,2024,30,POINT (-87.7154836783 41.8663988918),,,,,2024-09-06,False,28,North Lawndale
11851,30,NO CONTROLS,NO CONTROLS,CLEAR,DAYLIGHT,PEDALCYCLIST,DIVIDED - W/MEDIAN BARRIER,STRAIGHT AND LEVEL,DRY,NO DEFECTS,,NOT APPLICABLE,FAILING TO YIELD RIGHT-OF-WAY,Y,NONINCAPACITATING INJURY,16,9,41.9075772431,-87.6674578303,2024,30,POINT (-87.6674578303 41.9075772431),,,,,2024-09-06,False,23,West Town
11852,30,TRAFFIC SIGNAL,FUNCTIONING PROPERLY,CLEAR,DAYLIGHT,PEDALCYCLIST,NOT DIVIDED,STRAIGHT AND LEVEL,DRY,NO DEFECTS,,FAILING TO YIELD RIGHT-OF-WAY,"OPERATING VEHICLE IN ERRATIC, RECKLESS, CARELESS, NEGLIGENT OR AGGRESSIVE MANNER",,"REPORTED, NOT EVIDENT",16,9,41.8576920115,-87.6303712389,2024,30,POINT (-87.6303712389 41.8576920115),,,,,2024-09-06,False,32,Near South Side
11853,25,NO CONTROLS,NO CONTROLS,CLEAR,DAYLIGHT,PEDALCYCLIST,NOT DIVIDED,STRAIGHT AND LEVEL,DRY,UNKNOWN,,FAILING TO YIELD RIGHT-OF-WAY,NOT APPLICABLE,,NONINCAPACITATING INJURY,17,9,41.9169344398,-87.7363871475,2024,25,POINT (-87.7363871475 41.9169344398),,,,,2024-09-06,False,19,Hermosa
11854,30,NO CONTROLS,NO CONTROLS,CLEAR,"DARKNESS, LIGHTED ROAD",PEDALCYCLIST,NOT DIVIDED,STRAIGHT AND LEVEL,DRY,NO DEFECTS,,UNABLE TO DETERMINE,NOT APPLICABLE,,NO INDICATION OF INJURY,19,9,42.0023443901,-87.8152412608,2024,30,POINT (-87.8152412608 42.0023443901),,,,,2024-09-06,False,8,Edison Park
11855,30,STOP SIGN/FLASHER,FUNCTIONING PROPERLY,CLEAR,DARKNESS,PEDALCYCLIST,FOUR WAY,STRAIGHT AND LEVEL,DRY,UNKNOWN,Y,UNABLE TO DETERMINE,UNABLE TO DETERMINE,,NONINCAPACITATING INJURY,20,9,41.9028961054,-87.7118064427,2024,30,POINT (-87.7118064427 41.9028961054),,,,,2024-09-06,False,22,Humboldt Park