Unnamed: 0,POSTED_SPEED_LIMIT,TRAFFIC_CONTROL_DEVICE,DEVICE_CONDITION,WEATHER_CONDITION,LIGHTING_CONDITION,FIRST_CRASH_TYPE,TRAFFICWAY_TYPE,ALIGNMENT,ROADWAY_SURFACE_COND,ROAD_DEFECT,INTERSECTION_RELATED_I,PRIM_CONTRIBUTORY_CAUSE,SEC_CONTRIBUTORY_CAUSE,DOORING_I,MOST_SEVERE_INJURY,CRASH_HOUR,CRASH_MONTH,LATITUDE,LONGITUDE,CRASH_YEAR,SPEED_LIMIT,geometry,DISPLAYROU,the_geom,DIST,LANE_TYPE,CRASH_DATE,is_severe,index_right,CArea
11856,30,TRAFFIC SIGNAL,NOT FUNCTIONING,CLEAR,"DARKNESS, LIGHTED ROAD",PEDALCYCLIST,DIVIDED - W/MEDIAN (NOT RAISED),STRAIGHT AND LEVEL,DRY,NO DEFECTS,,UNABLE TO DETERMINE,UNABLE TO DETERMINE,,NO INDICATION OF INJURY,20,9,41.8080472717,-87.7041188223,2024,30,POINT (-87.7041188223 41.8080472717),,,,,2024-09-06,False,57,Brighton Park
11857,30,TRAFFIC SIGNAL,FUNCTIONING PROPERLY,CLEAR,"DARKNESS, LIGHTED ROAD",PEDALCYCLIST,FOUR WAY,STRAIGHT AND LEVEL,DRY,WORN SURFACE,,FAILING TO YIELD RIGHT-OF-WAY,UNABLE TO DETERMINE,,NONINCAPACITATING INJURY,21,9,41.7617414114,-87.6298334822,2024,30,POINT (-87.6298334822 41.7617414114),,,,,2024-09-06,False,67,Englewood
11858,30,NO CONTROLS,NO CONTROLS,CLEAR,DAYLIGHT,PEDALCYCLIST,NOT DIVIDED,STRAIGHT AND LEVEL,DRY,NO DEFECTS,,UNABLE TO DETERMINE,UNABLE TO DETERMINE,Y,"REPORTED, NOT EVIDENT",15,9,41.9182472258,-87.6513388745,2024,30,POINT (-87.6513388745 41.9182472258),,,,,2024-09-07,False,6,Lincoln Park
11859,30,TRAFFIC SIGNAL,FUNCTIONING PROPERLY,CLEAR,"DARKNESS, LIGHTED ROAD",PEDALCYCLIST,FOUR WAY,STRAIGHT AND LEVEL,DRY,NO DEFECTS,Y,DISREGARDING TRAFFIC SIGNALS,FAILING TO YIELD RIGHT-OF-WAY,,NO INDICATION OF INJURY,20,9,41.8091430179,-87.6262291323,2024,30,POINT (-87.6262291323 41.8091430179),,,,,2024-09-07,False,37,Grand Boulevard
11860,30,NO CONTROLS,NO CONTROLS,CLEAR,DAYLIGHT,PEDALCYCLIST,FOUR WAY,STRAIGHT AND LEVEL,DRY,NO DEFECTS,,UNABLE TO DETERMINE,UNABLE TO DETERMINE,,NO INDICATION OF INJURY,11,9,41.8916012848,-87.6297967052,2024,30,POINT (-87.6297967052 41.8916012848),,,,,2024-09-08,False,7,Near North Side
11861,35,NO CONTROLS,NO CONTROLS,CLEAR,DAYLIGHT,PEDALCYCLIST,NOT DIVIDED,STRAIGHT AND LEVEL,DRY,NO DEFECTS,,UNABLE TO DETERMINE,UNABLE TO DETERMINE,,NONINCAPACITATING INJURY,12,9,41.9456421421,-87.7076488103,2024,35,POINT (-87.7076488103 41.9456421421),,,,,2024-09-08,False,15,Irving Park
11862,20,NO CONTROLS,NO CONTROLS,CLEAR,DAYLIGHT,PEDALCYCLIST,NOT DIVIDED,STRAIGHT AND LEVEL,DRY,NO DEFECTS,,NOT APPLICABLE,NOT APPLICABLE,,NO INDICATION OF INJURY,17,9,41.9546966487,-87.6789172657,2024,20,POINT (-87.6789172657 41.9546966487),,,,,2024-09-08,False,4,North Center
11863,30,STOP SIGN/FLASHER,FUNCTIONING PROPERLY,CLEAR,DAYLIGHT,PEDALCYCLIST,FOUR WAY,STRAIGHT AND LEVEL,DRY,NO DEFECTS,Y,UNABLE TO DETERMINE,NOT APPLICABLE,,NONINCAPACITATING INJURY,18,9,41.9540132188,-87.6810350885,2024,30,POINT (-87.6810350885 41.9540132188),,,,,2024-09-08,False,4,North Center
11864,15,NO CONTROLS,NO CONTROLS,CLEAR,DARKNESS,PEDALCYCLIST,ONE-WAY,STRAIGHT AND LEVEL,UNKNOWN,UNKNOWN,,UNABLE TO DETERMINE,NOT APPLICABLE,,NONINCAPACITATING INJURY,20,9,41.9435079482,-87.6492702552,2024,15,POINT (-87.6492702552 41.9435079482),,,,,2024-09-08,False,5,Lake View
11865,30,TRAFFIC SIGNAL,FUNCTIONING PROPERLY,CLEAR,"DARKNESS, LIGHTED ROAD",PEDALCYCLIST,NOT DIVIDED,STRAIGHT AND LEVEL,DRY,NO DEFECTS,Y,FAILING TO YIELD RIGHT-OF-WAY,NOT APPLICABLE,,NONINCAPACITATING INJURY,20,9,41.9545457769,-87.6506927692,2024,30,POINT (-87.6506927692 41.9545457769),,,,,2024-09-08,False,2,Uptown
11866,30,TRAFFIC SIGNAL,FUNCTIONING PROPERLY,CLEAR,DAWN,PEDALCYCLIST,FOUR WAY,STRAIGHT AND LEVEL,DRY,NO DEFECTS,Y,DISREGARDING TRAFFIC SIGNALS,UNABLE TO DETERMINE,,"REPORTED, NOT EVIDENT",6,9,41.9608313564,-87.7475991993,2024,30,POINT (-87.7475991993 41.9608313564),,,,,2024-09-09,False,14,Portage Park
11867,30,NO CONTROLS,NO CONTROLS,CLEAR,DAYLIGHT,PEDALCYCLIST,NOT DIVIDED,STRAIGHT AND LEVEL,DRY,NO DEFECTS,,NOT APPLICABLE,NOT APPLICABLE,,NONINCAPACITATING INJURY,9,9,41.9495778754,-87.7133666256,2024,30,POINT (-87.7133666256 41.9495778754),,,,,2024-09-09,False,15,Irving Park
11868,30,TRAFFIC SIGNAL,UNKNOWN,CLEAR,DAYLIGHT,PEDALCYCLIST,FOUR WAY,STRAIGHT AND LEVEL,DRY,UNKNOWN,Y,FAILING TO YIELD RIGHT-OF-WAY,FOLLOWING TOO CLOSELY,,INCAPACITATING INJURY,13,9,41.8693710845,-87.66652853,2024,30,POINT (-87.66652853 41.8693710845),,,,,2024-09-09,True,27,Near West Side
11869,30,NO CONTROLS,NO CONTROLS,CLEAR,DAYLIGHT,PEDALCYCLIST,DIVIDED - W/MEDIAN (NOT RAISED),STRAIGHT AND LEVEL,DRY,NO DEFECTS,,FAILING TO YIELD RIGHT-OF-WAY,NOT APPLICABLE,,NO INDICATION OF INJURY,15,9,41.9677724998,-87.776534251,2024,30,POINT (-87.776534251 41.9677724998),,,,,2024-09-09,False,10,Jefferson Park
11870,30,UNKNOWN,UNKNOWN,UNKNOWN,UNKNOWN,PEDALCYCLIST,FOUR WAY,STRAIGHT AND LEVEL,UNKNOWN,UNKNOWN,,UNABLE TO DETERMINE,UNABLE TO DETERMINE,,INCAPACITATING INJURY,15,9,41.9140601958,-87.7460277339,2024,30,POINT (-87.7460277339 41.9140601958),,,,,2024-09-09,True,18,Belmont Cragin
11871,30,NO CONTROLS,NO CONTROLS,CLEAR,DAYLIGHT,PEDALCYCLIST,NOT DIVIDED,STRAIGHT AND LEVEL,DRY,NO DEFECTS,,UNABLE TO DETERMINE,NOT APPLICABLE,,NO INDICATION OF INJURY,17,9,41.9447898905,-87.6942318501,2024,30,POINT (-87.6942318501 41.9447898905),,,,,2024-09-09,False,4,North Center
11872,5,NO CONTROLS,NO CONTROLS,CLEAR,DAYLIGHT,PEDALCYCLIST,DIVIDED - W/MEDIAN (NOT RAISED),STRAIGHT AND LEVEL,DRY,NO DEFECTS,,NOT APPLICABLE,NOT APPLICABLE,,"REPORTED, NOT EVIDENT",18,9,41.8080810985,-87.7157634002,2024,5,POINT (-87.7157634002 41.8080810985),,,,,2024-09-09,False,56,Archer Heights
11873,15,NO CONTROLS,NO CONTROLS,CLEAR,DUSK,PEDALCYCLIST,ONE-WAY,STRAIGHT AND LEVEL,DRY,NO DEFECTS,,FAILING TO YIELD RIGHT-OF-WAY,NOT APPLICABLE,Y,NONINCAPACITATING INJURY,19,9,41.8869007617,-87.6483541263,2024,15,POINT (-87.6483541263 41.8869007617),,,,,2024-09-09,False,7,Near North Side
11874,30,TRAFFIC SIGNAL,FUNCTIONING PROPERLY,CLEAR,"DARKNESS, LIGHTED ROAD",PEDALCYCLIST,DIVIDED - W/MEDIAN (NOT RAISED),STRAIGHT AND LEVEL,DRY,NO DEFECTS,Y,UNABLE TO DETERMINE,UNABLE TO DETERMINE,,INCAPACITATING INJURY,21,9,41.9510761803,-87.6594633071,2024,30,POINT (-87.6594633071 41.9510761803),,,,,2024-09-09,True,5,Lake View
11875,30,NO CONTROLS,NO CONTROLS,CLEAR,DAYLIGHT,PEDALCYCLIST,NOT DIVIDED,STRAIGHT AND LEVEL,DRY,NO DEFECTS,Y,FAILING TO YIELD RIGHT-OF-WAY,UNABLE TO DETERMINE,,NONINCAPACITATING INJURY,6,9,42.0139302127,-87.6998357932,2024,30,POINT (-87.6998357932 42.0139302127),,,,,2024-09-10,False,1,West Ridge
11876,30,TRAFFIC SIGNAL,FUNCTIONING PROPERLY,CLEAR,DAYLIGHT,PEDALCYCLIST,NOT DIVIDED,STRAIGHT AND LEVEL,DRY,NO DEFECTS,Y,IMPROPER TURNING/NO SIGNAL,NOT APPLICABLE,,NONINCAPACITATING INJURY,7,9,41.8996056082,-87.6675365713,2024,30,POINT (-87.6675365713 41.8996056082),,,,,2024-09-10,False,23,West Town
11877,25,TRAFFIC SIGNAL,FUNCTIONING PROPERLY,CLEAR,DAYLIGHT,PEDALCYCLIST,FOUR WAY,STRAIGHT AND LEVEL,DRY,NO DEFECTS,Y,TURNING RIGHT ON RED,NOT APPLICABLE,,"REPORTED, NOT EVIDENT",9,9,41.8899620151,-87.7062647911,2024,25,POINT (-87.7062647911 41.8899620151),,,,,2024-09-10,False,22,Humboldt Park
11878,30,NO CONTROLS,NO CONTROLS,CLEAR,DAYLIGHT,PEDALCYCLIST,DIVIDED - W/MEDIAN (NOT RAISED),STRAIGHT AND LEVEL,DRY,NO DEFECTS,,FAILING TO REDUCE SPEED TO AVOID CRASH,UNABLE TO DETERMINE,,"REPORTED, NOT EVIDENT",10,9,41.9242292287,-87.6780056652,2024,30,POINT (-87.6780056652 41.9242292287),,,,,2024-09-10,False,6,Lincoln Park
11879,30,NO CONTROLS,NO CONTROLS,CLEAR,DAYLIGHT,PEDALCYCLIST,NOT DIVIDED,STRAIGHT AND LEVEL,DRY,NO DEFECTS,,UNABLE TO DETERMINE,NOT APPLICABLE,,NONINCAPACITATING INJURY,11,9,41.8954744615,-87.6768927747,2024,30,POINT (-87.6768927747 41.8954744615),,,,,2024-09-10,False,23,West Town
11880,30,TRAFFIC SIGNAL,FUNCTIONING PROPERLY,CLEAR,DAYLIGHT,PEDALCYCLIST,UNKNOWN INTERSECTION TYPE,STRAIGHT AND LEVEL,DRY,UNKNOWN,Y,IMPROPER TURNING/NO SIGNAL,NOT APPLICABLE,,NO INDICATION OF INJURY,12,9,41.8893491668,-87.6290971617,2024,30,POINT (-87.6290971617 41.8893491668),,,,,2024-09-10,False,7,Near North Side
11881,30,NO CONTROLS,FUNCTIONING PROPERLY,CLEAR,DAYLIGHT,PEDALCYCLIST,NOT DIVIDED,STRAIGHT AND LEVEL,DRY,NO DEFECTS,,FOLLOWING TOO CLOSELY,FAILING TO REDUCE SPEED TO AVOID CRASH,,NONINCAPACITATING INJURY,15,9,41.8812298517,-87.6241952544,2024,30,POINT (-87.6241952544 41.8812298517),,,,,2024-09-10,False,31,Loop
11882,20,YIELD,NO CONTROLS,CLEAR,DAYLIGHT,PEDALCYCLIST,NOT DIVIDED,STRAIGHT AND LEVEL,DRY,NO DEFECTS,Y,UNABLE TO DETERMINE,NOT APPLICABLE,,NONINCAPACITATING INJURY,16,9,41.9325516882,-87.6524934069,2024,20,POINT (-87.6524934069 41.9325516882),,,,,2024-09-10,False,5,Lake View
11883,30,NO CONTROLS,NO CONTROLS,CLEAR,DAYLIGHT,PEDALCYCLIST,NOT DIVIDED,STRAIGHT AND LEVEL,DRY,NO DEFECTS,,"VISION OBSCURED (SIGNS, TREE LIMBS, BUILDINGS, ETC.)",NOT APPLICABLE,,NO INDICATION OF INJURY,16,9,41.7866084095,-87.7231300289,2024,30,POINT (-87.7231300289 41.7866084095),,,,,2024-09-10,False,61,West Elsdon
11884,30,NO CONTROLS,NO CONTROLS,CLEAR,DAYLIGHT,PEDALCYCLIST,NOT DIVIDED,STRAIGHT AND LEVEL,DRY,NO DEFECTS,Y,UNABLE TO DETERMINE,NOT APPLICABLE,,NO INDICATION OF INJURY,16,9,41.8083707833,-87.6953707771,2024,30,POINT (-87.6953707771 41.8083707833),,,,,2024-09-10,False,57,Brighton Park
11885,30,UNKNOWN,UNKNOWN,CLEAR,DAYLIGHT,PEDALCYCLIST,FOUR WAY,STRAIGHT AND LEVEL,DRY,NO DEFECTS,,IMPROPER OVERTAKING/PASSING,IMPROPER OVERTAKING/PASSING,,NONINCAPACITATING INJURY,16,9,41.8169320566,-87.6062122722,2024,30,POINT (-87.6062122722 41.8169320566),,,,,2024-09-10,False,35,Oakland
11886,30,TRAFFIC SIGNAL,FUNCTIONING PROPERLY,CLEAR,DAYLIGHT,PEDALCYCLIST,DIVIDED - W/MEDIAN (NOT RAISED),STRAIGHT AND LEVEL,DRY,NO DEFECTS,,NOT APPLICABLE,NOT APPLICABLE,Y,NONINCAPACITATING INJURY,16,9,41.9136597077,-87.6482103492,2024,30,POINT (-87.6482103492 41.9136597077),,,,,2024-09-10,False,6,Lincoln Park
11887,30,TRAFFIC SIGNAL,FUNCTIONING PROPERLY,CLEAR,DAYLIGHT,PEDALCYCLIST,NOT DIVIDED,STRAIGHT AND LEVEL,DRY,UNKNOWN,,UNABLE TO DETERMINE,DRIVING SKILLS/KNOWLEDGE/EXPERIENCE,,NO INDICATION OF INJURY,18,9,41.9646229232,-87.6857707178,2024,30,POINT (-87.6857707178 41.9646229232),,,,,2024-09-10,False,3,Lincoln Square
11888,30,NO CONTROLS,NO CONTROLS,CLEAR,DAYLIGHT,PEDALCYCLIST,NOT DIVIDED,STRAIGHT AND LEVEL,DRY,NO DEFECTS,,UNABLE TO DETERMINE,UNABLE TO DETERMINE,,NO INDICATION OF INJURY,18,9,41.9006664194,-87.6265305927,2024,30,POINT (-87.6265305927 41.9006664194),,,,,2024-09-10,False,7,Near North Side
11889,20,BICYCLE CROSSING SIGN,NO CONTROLS,CLEAR,"DARKNESS, LIGHTED ROAD",PEDALCYCLIST,T-INTERSECTION,STRAIGHT AND LEVEL,DRY,NO DEFECTS,Y,FAILING TO YIELD RIGHT-OF-WAY,UNABLE TO DETERMINE,,"REPORTED, NOT EVIDENT",19,9,41.9127304181,-87.6813270332,2024,20,POINT (-87.6813270332 41.9127304181),,,,,2024-09-10,False,6,Lincoln Park
11890,30,NO CONTROLS,NO CONTROLS,CLEAR,DAYLIGHT,PEDALCYCLIST,NOT DIVIDED,STRAIGHT AND LEVEL,DRY,NO DEFECTS,,UNABLE TO DETERMINE,NOT APPLICABLE,,NO INDICATION OF INJURY,7,9,42.0184481488,-87.6728974984,2024,30,POINT (-87.6728974984 42.0184481488),,,,,2024-09-11,False,0,Rogers Park
11891,30,NO CONTROLS,NO CONTROLS,CLEAR,DAYLIGHT,PEDALCYCLIST,NOT DIVIDED,STRAIGHT AND LEVEL,DRY,NO DEFECTS,,UNABLE TO DETERMINE,UNABLE TO DETERMINE,,NO INDICATION OF INJURY,9,9,41.9325536104,-87.7956670924,2024,30,POINT (-87.7956670924 41.9325536104),,,,,2024-09-11,False,17,Montclare
11892,30,NO CONTROLS,NO CONTROLS,CLEAR,DAYLIGHT,PEDALCYCLIST,ONE-WAY,STRAIGHT AND LEVEL,DRY,NO DEFECTS,Y,UNABLE TO DETERMINE,NOT APPLICABLE,,NO INDICATION OF INJURY,12,9,41.9283017189,-87.703787791,2024,30,POINT (-87.703787791 41.9283017189),,,,,2024-09-11,False,21,Logan Square
11893,30,NO CONTROLS,NO CONTROLS,CLEAR,DAYLIGHT,PEDALCYCLIST,NOT DIVIDED,STRAIGHT AND LEVEL,DRY,NO DEFECTS,,FOLLOWING TOO CLOSELY,DRIVING SKILLS/KNOWLEDGE/EXPERIENCE,,NO INDICATION OF INJURY,13,9,41.932604222,-87.727148226,2024,30,POINT (-87.727148226 41.932604222),,,,,2024-09-11,False,19,Hermosa
11894,20,UNKNOWN,NO CONTROLS,CLEAR,DAYLIGHT,PEDALCYCLIST,NOT DIVIDED,STRAIGHT AND LEVEL,DRY,UNKNOWN,,NOT APPLICABLE,NOT APPLICABLE,,NO INDICATION OF INJURY,14,9,41.9480045508,-87.6641862307,2024,20,POINT (-87.6641862307 41.9480045508),,,,,2024-09-11,False,5,Lake View
11895,20,TRAFFIC SIGNAL,UNKNOWN,CLEAR,DAYLIGHT,PEDALCYCLIST,T-INTERSECTION,STRAIGHT AND LEVEL,DRY,NO DEFECTS,Y,UNABLE TO DETERMINE,UNABLE TO DETERMINE,Y,"REPORTED, NOT EVIDENT",15,9,41.7726197879,-87.629806469,2024,20,POINT (-87.629806469 41.7726197879),,,,,2024-09-11,False,67,Englewood
11896,30,NO CONTROLS,NO CONTROLS,CLEAR,DAYLIGHT,PEDALCYCLIST,NOT DIVIDED,STRAIGHT AND LEVEL,DRY,UNKNOWN,,IMPROPER OVERTAKING/PASSING,NOT APPLICABLE,,NO INDICATION OF INJURY,17,9,41.9977726077,-87.6808997802,2024,30,POINT (-87.6808997802 41.9977726077),,,,,2024-09-11,False,1,West Ridge
11898,30,STOP SIGN/FLASHER,NO CONTROLS,CLEAR,DAYLIGHT,PEDALCYCLIST,ONE-WAY,STRAIGHT AND LEVEL,DRY,NO DEFECTS,,UNABLE TO DETERMINE,UNABLE TO DETERMINE,Y,NO INDICATION OF INJURY,7,9,41.7220012472,-87.6130811659,2024,30,POINT (-87.6130811659 41.7220012472),,,,,2024-09-12,False,48,Roseland
11899,30,NO CONTROLS,NO CONTROLS,CLEAR,DAYLIGHT,PEDALCYCLIST,DIVIDED - W/MEDIAN (NOT RAISED),STRAIGHT AND LEVEL,DRY,NO DEFECTS,,"VISION OBSCURED (SIGNS, TREE LIMBS, BUILDINGS, ETC.)",NOT APPLICABLE,,NONINCAPACITATING INJURY,8,9,41.9245243043,-87.7145086554,2024,30,POINT (-87.7145086554 41.9245243043),,,,,2024-09-12,False,21,Logan Square
11900,30,NO CONTROLS,NO CONTROLS,CLEAR,DAYLIGHT,PEDALCYCLIST,ALLEY,STRAIGHT AND LEVEL,DRY,NO DEFECTS,,UNABLE TO DETERMINE,UNABLE TO DETERMINE,,INCAPACITATING INJURY,11,9,41.7791266684,-87.6582808114,2024,30,POINT (-87.6582808114 41.7791266684),,,,,2024-09-12,True,66,Englewood
11901,30,NO CONTROLS,NO CONTROLS,CLEAR,DAYLIGHT,PEDALCYCLIST,NOT DIVIDED,STRAIGHT AND LEVEL,DRY,NO DEFECTS,,FAILING TO YIELD RIGHT-OF-WAY,NOT APPLICABLE,,NONINCAPACITATING INJURY,13,9,41.9306715812,-87.6784526143,2024,30,POINT (-87.6784526143 41.9306715812),,,,,2024-09-12,False,6,Lincoln Park
11902,30,TRAFFIC SIGNAL,FUNCTIONING PROPERLY,CLEAR,DAYLIGHT,PEDALCYCLIST,NOT DIVIDED,STRAIGHT AND LEVEL,DRY,NO DEFECTS,,DISREGARDING TRAFFIC SIGNALS,NOT APPLICABLE,,NO INDICATION OF INJURY,14,9,41.9228854503,-87.6972137434,2024,30,POINT (-87.6972137434 41.9228854503),,,,,2024-09-12,False,21,Logan Square
11903,30,TRAFFIC SIGNAL,FUNCTIONING PROPERLY,CLEAR,DAYLIGHT,PEDALCYCLIST,NOT DIVIDED,STRAIGHT AND LEVEL,DRY,NO DEFECTS,Y,IMPROPER OVERTAKING/PASSING,IMPROPER OVERTAKING/PASSING,,NO INDICATION OF INJURY,15,9,41.9070145104,-87.6600551018,2024,30,POINT (-87.6600551018 41.9070145104),,,,,2024-09-12,False,23,West Town
11904,30,NO CONTROLS,FUNCTIONING PROPERLY,CLEAR,DAYLIGHT,PEDALCYCLIST,NOT DIVIDED,STRAIGHT AND LEVEL,DRY,NO DEFECTS,,FAILING TO YIELD RIGHT-OF-WAY,NOT APPLICABLE,,"REPORTED, NOT EVIDENT",17,9,41.9205821005,-87.6421776857,2024,30,POINT (-87.6421776857 41.9205821005),,,,,2024-09-12,False,6,Lincoln Park
11905,30,TRAFFIC SIGNAL,NO CONTROLS,CLEAR,DAYLIGHT,PEDALCYCLIST,FOUR WAY,STRAIGHT AND LEVEL,DRY,NO DEFECTS,,UNABLE TO DETERMINE,NOT APPLICABLE,,NONINCAPACITATING INJURY,17,9,41.7497239717,-87.7025395717,2024,30,POINT (-87.7025395717 41.7497239717),,,,,2024-09-12,False,69,Ashburn
11906,30,NO CONTROLS,NO CONTROLS,CLEAR,DAYLIGHT,PEDALCYCLIST,NOT DIVIDED,STRAIGHT AND LEVEL,DRY,NO DEFECTS,,IMPROPER TURNING/NO SIGNAL,NOT APPLICABLE,,NONINCAPACITATING INJURY,17,9,41.8985700787,-87.6359030076,2024,30,POINT (-87.6359030076 41.8985700787),,,,,2024-09-12,False,7,Near North Side
11907,30,NO CONTROLS,NO CONTROLS,CLEAR,DAYLIGHT,PEDALCYCLIST,DIVIDED - W/MEDIAN (NOT RAISED),STRAIGHT AND LEVEL,DRY,NO DEFECTS,,UNABLE TO DETERMINE,UNABLE TO DETERMINE,,"REPORTED, NOT EVIDENT",18,9,41.9829783698,-87.7058161076,2024,30,POINT (-87.7058161076 41.9829783698),,,,,2024-09-12,False,3,Lincoln Square
11908,30,NO CONTROLS,NO CONTROLS,CLEAR,DAYLIGHT,PEDALCYCLIST,NOT DIVIDED,STRAIGHT AND LEVEL,DRY,NO DEFECTS,,UNABLE TO DETERMINE,NOT APPLICABLE,Y,"REPORTED, NOT EVIDENT",18,9,41.8227234534,-87.6922756847,2024,30,POINT (-87.6922756847 41.8227234534),,,,,2024-09-12,False,29,South Lawndale
11909,30,TRAFFIC SIGNAL,FUNCTIONING PROPERLY,CLEAR,"DARKNESS, LIGHTED ROAD",PEDALCYCLIST,NOT DIVIDED,STRAIGHT AND LEVEL,DRY,NO DEFECTS,,UNABLE TO DETERMINE,UNABLE TO DETERMINE,Y,NONINCAPACITATING INJURY,18,9,41.8855892338,-87.6439916557,2024,30,POINT (-87.6439916557 41.8855892338),,,,,2024-09-12,False,27,Near West Side
11910,30,NO CONTROLS,NO CONTROLS,CLEAR,DAYLIGHT,PEDALCYCLIST,NOT DIVIDED,STRAIGHT AND LEVEL,DRY,NO DEFECTS,,UNABLE TO DETERMINE,NOT APPLICABLE,,"REPORTED, NOT EVIDENT",18,9,41.917270399,-87.726989009,2024,30,POINT (-87.726989009 41.917270399),,,,,2024-09-12,False,19,Hermosa
11911,30,NO CONTROLS,NO CONTROLS,CLEAR,"DARKNESS, LIGHTED ROAD",PEDALCYCLIST,ALLEY,STRAIGHT AND LEVEL,DRY,NO DEFECTS,Y,UNABLE TO DETERMINE,UNABLE TO DETERMINE,,INCAPACITATING INJURY,19,9,41.9934794165,-87.6699819908,2024,30,POINT (-87.6699819908 41.9934794165),,,,,2024-09-12,True,76,Edgewater
11912,30,NO CONTROLS,NO CONTROLS,CLEAR,DARKNESS,PEDALCYCLIST,NOT DIVIDED,STRAIGHT AND LEVEL,DRY,UNKNOWN,,UNABLE TO DETERMINE,NOT APPLICABLE,,"REPORTED, NOT EVIDENT",19,9,41.8675814155,-87.6617498224,2024,30,POINT (-87.6617498224 41.8675814155),,,,,2024-09-12,False,27,Near West Side
11913,30,NO CONTROLS,NO CONTROLS,CLEAR,"DARKNESS, LIGHTED ROAD",PEDALCYCLIST,ALLEY,STRAIGHT AND LEVEL,DRY,NO DEFECTS,,UNABLE TO DETERMINE,UNABLE TO DETERMINE,,NO INDICATION OF INJURY,20,9,41.8577059089,-87.67614266,2024,30,POINT (-87.67614266 41.8577059089),,,,,2024-09-12,False,27,Near West Side
11914,30,TRAFFIC SIGNAL,FUNCTIONING PROPERLY,CLEAR,DAYLIGHT,PEDALCYCLIST,NOT DIVIDED,STRAIGHT AND LEVEL,DRY,UNKNOWN,Y,DISREGARDING TRAFFIC SIGNALS,NOT APPLICABLE,,INCAPACITATING INJURY,11,9,41.869121126,-87.6959259459,2024,30,POINT (-87.6959259459 41.869121126),,,,,2024-09-13,True,28,North Lawndale
11915,30,NO CONTROLS,NO CONTROLS,CLEAR,DAYLIGHT,PEDALCYCLIST,NOT DIVIDED,STRAIGHT AND LEVEL,DRY,NO DEFECTS,,UNABLE TO DETERMINE,UNABLE TO DETERMINE,,"REPORTED, NOT EVIDENT",13,9,41.8381141517,-87.7049944648,2024,30,POINT (-87.7049944648 41.8381141517),,,,,2024-09-13,False,29,South Lawndale
11916,30,STOP SIGN/FLASHER,FUNCTIONING PROPERLY,CLEAR,DAYLIGHT,PEDALCYCLIST,FOUR WAY,STRAIGHT AND LEVEL,DRY,NO DEFECTS,,UNABLE TO DETERMINE,UNABLE TO DETERMINE,,INCAPACITATING INJURY,15,9,41.7338066093,-87.6146031047,2024,30,POINT (-87.6146031047 41.7338066093),,,,,2024-09-13,True,43,Chatham
11917,30,NO CONTROLS,NO CONTROLS,CLEAR,DAYLIGHT,PEDALCYCLIST,NOT DIVIDED,STRAIGHT AND LEVEL,DRY,NO DEFECTS,,IMPROPER OVERTAKING/PASSING,UNABLE TO DETERMINE,,"REPORTED, NOT EVIDENT",15,9,41.9691969489,-87.688775681,2024,30,POINT (-87.688775681 41.9691969489),,,,,2024-09-13,False,3,Lincoln Square
11918,30,NO CONTROLS,NO CONTROLS,CLEAR,DAYLIGHT,PEDALCYCLIST,OTHER,STRAIGHT AND LEVEL,DRY,NO DEFECTS,,NOT APPLICABLE,NOT APPLICABLE,,NONINCAPACITATING INJURY,16,9,41.9976885195,-87.6973576631,2024,30,POINT (-87.6973576631 41.9976885195),,,,,2024-09-13,False,1,West Ridge
11919,30,NO CONTROLS,NO CONTROLS,CLEAR,DAYLIGHT,PEDALCYCLIST,DIVIDED - W/MEDIAN (NOT RAISED),STRAIGHT AND LEVEL,DRY,NO DEFECTS,,FAILING TO YIELD RIGHT-OF-WAY,UNABLE TO DETERMINE,Y,NONINCAPACITATING INJURY,17,9,41.928021011,-87.6420902599,2024,30,POINT (-87.6420902599 41.928021011),,,,,2024-09-13,False,6,Lincoln Park
11920,25,NO CONTROLS,NO CONTROLS,CLEAR,DAYLIGHT,PEDALCYCLIST,NOT DIVIDED,STRAIGHT AND LEVEL,DRY,NO DEFECTS,,FAILING TO YIELD RIGHT-OF-WAY,FAILING TO YIELD RIGHT-OF-WAY,Y,NONINCAPACITATING INJURY,17,9,41.9039745519,-87.6337435603,2024,25,POINT (-87.6337435603 41.9039745519),,,,,2024-09-13,False,7,Near North Side
11921,20,STOP SIGN/FLASHER,FUNCTIONING PROPERLY,CLEAR,DAYLIGHT,PEDALCYCLIST,NOT DIVIDED,STRAIGHT AND LEVEL,DRY,NO DEFECTS,Y,FAILING TO YIELD RIGHT-OF-WAY,NOT APPLICABLE,,"REPORTED, NOT EVIDENT",17,9,41.9697750593,-87.6457591896,2024,20,POINT (-87.6457591896 41.9697750593),,,,,2024-09-13,False,2,Uptown
11922,30,TRAFFIC SIGNAL,FUNCTIONING PROPERLY,CLEAR,"DARKNESS, LIGHTED ROAD",PEDALCYCLIST,NOT DIVIDED,STRAIGHT AND LEVEL,DRY,NO DEFECTS,Y,UNABLE TO DETERMINE,NOT APPLICABLE,,NONINCAPACITATING INJURY,20,9,41.8237543017,-87.6314028557,2024,30,POINT (-87.6314028557 41.8237543017),,,,,2024-09-13,False,33,Armour Square
11923,30,TRAFFIC SIGNAL,UNKNOWN,CLEAR,DARKNESS,PEDALCYCLIST,FOUR WAY,STRAIGHT AND LEVEL,DRY,UNKNOWN,,TURNING RIGHT ON RED,NOT APPLICABLE,N,NO INDICATION OF INJURY,22,9,41.8954767516,-87.7261443599,2024,30,POINT (-87.7261443599 41.8954767516),,,,,2024-09-13,False,22,Humboldt Park