Unnamed: 0,POSTED_SPEED_LIMIT,TRAFFIC_CONTROL_DEVICE,DEVICE_CONDITION,WEATHER_CONDITION,LIGHTING_CONDITION,FIRST_CRASH_TYPE,TRAFFICWAY_TYPE,ALIGNMENT,ROADWAY_SURFACE_COND,ROAD_DEFECT,INTERSECTION_RELATED_I,PRIM_CONTRIBUTORY_CAUSE,SEC_CONTRIBUTORY_CAUSE,DOORING_I,MOST_SEVERE_INJURY,CRASH_HOUR,CRASH_MONTH,LATITUDE,LONGITUDE,CRASH_YEAR,SPEED_LIMIT,geometry,DISPLAYROU,the_geom,DIST,LANE_TYPE,CRASH_DATE,is_severe,index_right,CArea
11924,30,TRAFFIC SIGNAL,FUNCTIONING PROPERLY,CLEAR,"DARKNESS, LIGHTED ROAD",PEDALCYCLIST,FOUR WAY,STRAIGHT AND LEVEL,DRY,NO DEFECTS,,UNABLE TO DETERMINE,UNABLE TO DETERMINE,,NONINCAPACITATING INJURY,22,9,41.8916103043,-87.6295031435,2024,30,POINT (-87.6295031435 41.8916103043),,,,,2024-09-13,False,7,Near North Side
11925,30,OTHER,FUNCTIONING PROPERLY,CLEAR,"DARKNESS, LIGHTED ROAD",PEDALCYCLIST,DIVIDED - W/MEDIAN (NOT RAISED),STRAIGHT AND LEVEL,DRY,NO DEFECTS,,UNABLE TO DETERMINE,UNABLE TO DETERMINE,,NONINCAPACITATING INJURY,23,9,41.9031248989,-87.6870709642,2024,30,POINT (-87.6870709642 41.9031248989),,,,,2024-09-13,False,23,West Town
11926,30,TRAFFIC SIGNAL,FUNCTIONING PROPERLY,CLEAR,DARKNESS,PEDALCYCLIST,FOUR WAY,STRAIGHT AND LEVEL,DRY,NO DEFECTS,Y,DISREGARDING TRAFFIC SIGNALS,DISREGARDING TRAFFIC SIGNALS,,NONINCAPACITATING INJURY,5,9,41.9278859614,-87.7564079054,2024,30,POINT (-87.7564079054 41.9278859614),,,,,2024-09-14,False,18,Belmont Cragin
11927,25,TRAFFIC SIGNAL,FUNCTIONING PROPERLY,CLEAR,DAYLIGHT,PEDALCYCLIST,NOT DIVIDED,STRAIGHT AND LEVEL,DRY,NO DEFECTS,,UNABLE TO DETERMINE,UNABLE TO DETERMINE,,NO INDICATION OF INJURY,11,9,41.9242928998,-87.6469369368,2024,25,POINT (-87.6469369368 41.9242928998),,,,,2024-09-14,False,6,Lincoln Park
11928,25,NO CONTROLS,NO CONTROLS,CLEAR,DAYLIGHT,PEDALCYCLIST,NOT DIVIDED,STRAIGHT AND LEVEL,DRY,NO DEFECTS,,UNABLE TO DETERMINE,NOT APPLICABLE,Y,NO INDICATION OF INJURY,13,9,41.9616138064,-87.6752863859,2024,25,POINT (-87.6752863859 41.9616138064),,,,,2024-09-14,False,3,Lincoln Square
11929,30,STOP SIGN/FLASHER,FUNCTIONING PROPERLY,CLEAR,DAYLIGHT,PEDALCYCLIST,FOUR WAY,STRAIGHT AND LEVEL,DRY,NO DEFECTS,Y,UNABLE TO DETERMINE,UNABLE TO DETERMINE,,NONINCAPACITATING INJURY,16,9,41.7931891851,-87.7208566153,2024,30,POINT (-87.7208566153 41.7931891851),,,,,2024-09-14,False,61,West Elsdon
11930,30,TRAFFIC SIGNAL,FUNCTIONING PROPERLY,CLEAR,DAYLIGHT,PEDALCYCLIST,FOUR WAY,STRAIGHT AND LEVEL,DRY,NO DEFECTS,Y,UNABLE TO DETERMINE,UNABLE TO DETERMINE,,NONINCAPACITATING INJURY,18,9,41.7931632864,-87.7403795818,2024,30,POINT (-87.7403795818 41.7931632864),,,,,2024-09-14,False,55,Garfield Ridge
11931,30,TRAFFIC SIGNAL,FUNCTIONING PROPERLY,CLEAR,"DARKNESS, LIGHTED ROAD",PEDALCYCLIST,NOT DIVIDED,STRAIGHT AND LEVEL,DRY,NO DEFECTS,,UNABLE TO DETERMINE,UNABLE TO DETERMINE,,"REPORTED, NOT EVIDENT",20,9,42.0121695803,-87.6903759859,2024,30,POINT (-87.6903759859 42.0121695803),,,,,2024-09-14,False,1,West Ridge
11932,25,NO CONTROLS,NO CONTROLS,CLEAR,DAYLIGHT,PEDALCYCLIST,FOUR WAY,STRAIGHT AND LEVEL,DRY,UNKNOWN,Y,UNABLE TO DETERMINE,NOT APPLICABLE,,NO INDICATION OF INJURY,21,9,41.7623780092,-87.5803637118,2024,25,POINT (-87.5803637118 41.7623780092),,,,,2024-09-14,False,42,South Shore
11933,30,STOP SIGN/FLASHER,NO CONTROLS,CLEAR,"DARKNESS, LIGHTED ROAD",PEDALCYCLIST,NOT DIVIDED,STRAIGHT AND LEVEL,DRY,NO DEFECTS,Y,FAILING TO YIELD RIGHT-OF-WAY,FAILING TO YIELD RIGHT-OF-WAY,,NONINCAPACITATING INJURY,21,9,41.9645217512,-87.7351337874,2024,30,POINT (-87.7351337874 41.9645217512),,,,,2024-09-14,False,13,Albany Park
11934,30,TRAFFIC SIGNAL,FUNCTIONING PROPERLY,CLEAR,"DARKNESS, LIGHTED ROAD",PEDALCYCLIST,DIVIDED - W/MEDIAN BARRIER,STRAIGHT AND LEVEL,DRY,NO DEFECTS,,UNABLE TO DETERMINE,NOT APPLICABLE,,INCAPACITATING INJURY,2,9,41.9503083327,-87.8367759428,2024,30,POINT (-87.8367759428 41.9503083327),,,,,2024-09-15,True,75,O'Hare
11935,30,TRAFFIC SIGNAL,FUNCTIONING PROPERLY,CLEAR,DAYLIGHT,PEDALCYCLIST,NOT DIVIDED,STRAIGHT AND LEVEL,DRY,UNKNOWN,,UNABLE TO DETERMINE,NOT APPLICABLE,,NONINCAPACITATING INJURY,7,9,41.9906090098,-87.6897354809,2024,30,POINT (-87.6897354809 41.9906090098),,,,,2024-09-15,False,1,West Ridge
11936,25,STOP SIGN/FLASHER,NO CONTROLS,CLEAR,DAYLIGHT,PEDALCYCLIST,NOT DIVIDED,STRAIGHT AND LEVEL,DRY,NO DEFECTS,Y,FAILING TO YIELD RIGHT-OF-WAY,UNABLE TO DETERMINE,,NO INDICATION OF INJURY,15,9,41.9964732528,-87.6654883565,2024,25,POINT (-87.6654883565 41.9964732528),,,,,2024-09-15,False,76,Edgewater
11937,30,TRAFFIC SIGNAL,FUNCTIONING PROPERLY,CLEAR,DAYLIGHT,PEDALCYCLIST,NOT DIVIDED,STRAIGHT ON GRADE,DRY,NO DEFECTS,Y,UNABLE TO DETERMINE,UNABLE TO DETERMINE,,NO INDICATION OF INJURY,16,9,41.7060693658,-87.701262828,2024,30,POINT (-87.701262828 41.7060693658),,,,,2024-09-15,False,73,Mount Greenwood
11938,30,TRAFFIC SIGNAL,FUNCTIONING PROPERLY,CLEAR,DAYLIGHT,PEDALCYCLIST,DIVIDED - W/MEDIAN (NOT RAISED),STRAIGHT AND LEVEL,DRY,NO DEFECTS,Y,FOLLOWING TOO CLOSELY,NOT APPLICABLE,,NONINCAPACITATING INJURY,7,9,41.9282040802,-87.6822548266,2024,30,POINT (-87.6822548266 41.9282040802),,,,,2024-09-16,False,6,Lincoln Park
11939,30,NO CONTROLS,NO CONTROLS,CLEAR,DAYLIGHT,PEDALCYCLIST,NOT DIVIDED,STRAIGHT AND LEVEL,DRY,"RUT, HOLES",,ROAD CONSTRUCTION/MAINTENANCE,NOT APPLICABLE,,"REPORTED, NOT EVIDENT",8,9,41.9557763143,-87.6789511404,2024,30,POINT (-87.6789511404 41.9557763143),,,,,2024-09-16,False,4,North Center
11940,45,TRAFFIC SIGNAL,FUNCTIONING PROPERLY,CLEAR,DAYLIGHT,PEDALCYCLIST,DIVIDED - W/MEDIAN BARRIER,STRAIGHT AND LEVEL,DRY,NO DEFECTS,Y,UNABLE TO DETERMINE,NOT APPLICABLE,,"REPORTED, NOT EVIDENT",11,9,41.8806284153,-87.6171040416,2024,45,POINT (-87.6171040416 41.8806284153),,,,,2024-09-16,False,31,Loop
11941,30,STOP SIGN/FLASHER,FUNCTIONING PROPERLY,CLEAR,DAYLIGHT,PEDALCYCLIST,FOUR WAY,STRAIGHT AND LEVEL,DRY,NO DEFECTS,Y,UNABLE TO DETERMINE,UNABLE TO DETERMINE,,NONINCAPACITATING INJURY,12,9,41.9362390076,-87.6589875371,2024,30,POINT (-87.6589875371 41.9362390076),,,,,2024-09-16,False,5,Lake View
11942,25,STOP SIGN/FLASHER,FUNCTIONING PROPERLY,CLEAR,DAYLIGHT,PEDALCYCLIST,T-INTERSECTION,STRAIGHT AND LEVEL,DRY,NO DEFECTS,Y,"VISION OBSCURED (SIGNS, TREE LIMBS, BUILDINGS, ETC.)",NOT APPLICABLE,,NO INDICATION OF INJURY,17,9,41.8539227861,-87.6466759794,2024,25,POINT (-87.6466759794 41.8539227861),,,,,2024-09-16,False,30,Lower West Side
11943,30,NO CONTROLS,NO CONTROLS,CLEAR,DAYLIGHT,PEDALCYCLIST,NOT DIVIDED,STRAIGHT AND LEVEL,DRY,NO DEFECTS,,UNABLE TO DETERMINE,UNABLE TO DETERMINE,,NO INDICATION OF INJURY,18,9,41.9493261511,-87.6494018006,2024,30,POINT (-87.6494018006 41.9493261511),,,,,2024-09-16,False,5,Lake View
11944,35,TRAFFIC SIGNAL,FUNCTIONING PROPERLY,CLEAR,DARKNESS,PEDALCYCLIST,DIVIDED - W/MEDIAN (NOT RAISED),STRAIGHT AND LEVEL,DRY,UNKNOWN,,FAILING TO YIELD RIGHT-OF-WAY,NOT APPLICABLE,,NONINCAPACITATING INJURY,21,9,41.9165044407,-87.6364662029,2024,35,POINT (-87.6364662029 41.9165044407),,,,,2024-09-16,False,6,Lincoln Park
11945,30,NO CONTROLS,NO CONTROLS,CLEAR,"DARKNESS, LIGHTED ROAD",PEDALCYCLIST,DIVIDED - W/MEDIAN (NOT RAISED),STRAIGHT AND LEVEL,DRY,NO DEFECTS,,UNABLE TO DETERMINE,UNABLE TO DETERMINE,Y,NONINCAPACITATING INJURY,21,9,41.9683991906,-87.723551158,2024,30,POINT (-87.723551158 41.9683991906),,,,,2024-09-16,False,13,Albany Park
11946,30,TRAFFIC SIGNAL,FUNCTIONING PROPERLY,CLEAR,"DARKNESS, LIGHTED ROAD",PEDALCYCLIST,FOUR WAY,STRAIGHT AND LEVEL,DRY,NO DEFECTS,Y,NOT APPLICABLE,UNABLE TO DETERMINE,,NONINCAPACITATING INJURY,22,9,41.9326915863,-87.648863848,2024,30,POINT (-87.648863848 41.9326915863),,,,,2024-09-16,False,5,Lake View
11947,30,NO CONTROLS,NO CONTROLS,CLEAR,"DARKNESS, LIGHTED ROAD",PEDALCYCLIST,NOT DIVIDED,STRAIGHT AND LEVEL,DRY,NO DEFECTS,Y,FAILING TO REDUCE SPEED TO AVOID CRASH,IMPROPER OVERTAKING/PASSING,,NO INDICATION OF INJURY,23,9,41.997668184,-87.6871472506,2024,30,POINT (-87.6871472506 41.997668184),,,,,2024-09-16,False,1,West Ridge
11948,30,TRAFFIC SIGNAL,UNKNOWN,UNKNOWN,UNKNOWN,PEDALCYCLIST,DIVIDED - W/MEDIAN (NOT RAISED),STRAIGHT AND LEVEL,UNKNOWN,UNKNOWN,Y,UNABLE TO DETERMINE,UNABLE TO DETERMINE,,NONINCAPACITATING INJURY,7,9,41.9239353352,-87.7757795619,2024,30,POINT (-87.7757795619 41.9239353352),,,,,2024-09-17,False,18,Belmont Cragin
11949,35,STOP SIGN/FLASHER,NO CONTROLS,CLEAR,DAYLIGHT,PEDALCYCLIST,T-INTERSECTION,STRAIGHT AND LEVEL,DRY,UNKNOWN,,UNABLE TO DETERMINE,UNABLE TO DETERMINE,,NONINCAPACITATING INJURY,7,9,41.9829055123,-87.7297978257,2024,35,POINT (-87.7297978257 41.9829055123),,,,,2024-09-17,False,11,Forest Glen
11950,30,NO CONTROLS,NO CONTROLS,CLEAR,DAYLIGHT,PEDALCYCLIST,T-INTERSECTION,STRAIGHT AND LEVEL,DRY,NO DEFECTS,,FAILING TO YIELD RIGHT-OF-WAY,FAILING TO YIELD RIGHT-OF-WAY,Y,NONINCAPACITATING INJURY,8,9,41.9535305633,-87.7472243588,2024,30,POINT (-87.7472243588 41.9535305633),,,,,2024-09-17,False,14,Portage Park
11951,30,NO CONTROLS,NO CONTROLS,CLEAR,DAYLIGHT,PEDALCYCLIST,DIVIDED - W/MEDIAN (NOT RAISED),STRAIGHT AND LEVEL,DRY,NO DEFECTS,,IMPROPER LANE USAGE,IMPROPER OVERTAKING/PASSING,,NONINCAPACITATING INJURY,10,9,41.8693711759,-87.6527808218,2024,30,POINT (-87.6527808218 41.8693711759),,,,,2024-09-17,False,27,Near West Side
11952,30,NO CONTROLS,NO CONTROLS,CLEAR,DAYLIGHT,PEDALCYCLIST,PARKING LOT,STRAIGHT AND LEVEL,DRY,WORN SURFACE,,FAILING TO YIELD RIGHT-OF-WAY,FAILING TO REDUCE SPEED TO AVOID CRASH,,"REPORTED, NOT EVIDENT",14,9,41.8010528356,-87.6843676488,2024,30,POINT (-87.6843676488 41.8010528356),,,,,2024-09-17,False,60,New City
11953,30,NO CONTROLS,UNKNOWN,CLEAR,DAYLIGHT,PEDALCYCLIST,NOT DIVIDED,STRAIGHT AND LEVEL,DRY,NO DEFECTS,,UNABLE TO DETERMINE,NOT APPLICABLE,,NONINCAPACITATING INJURY,15,9,41.9191508917,-87.6914384857,2024,30,POINT (-87.6914384857 41.9191508917),,,,,2024-09-17,False,21,Logan Square
11954,30,STOP SIGN/FLASHER,FUNCTIONING PROPERLY,CLEAR,DAYLIGHT,PEDALCYCLIST,ONE-WAY,STRAIGHT AND LEVEL,DRY,NO DEFECTS,Y,IMPROPER TURNING/NO SIGNAL,DRIVING SKILLS/KNOWLEDGE/EXPERIENCE,,NONINCAPACITATING INJURY,17,9,41.7443975901,-87.5625350026,2024,30,POINT (-87.5625350026 41.7443975901),,,,,2024-09-17,False,45,South Chicago
11955,20,NO CONTROLS,NO CONTROLS,CLEAR,"DARKNESS, LIGHTED ROAD",PEDALCYCLIST,DIVIDED - W/MEDIAN (NOT RAISED),STRAIGHT AND LEVEL,DRY,NO DEFECTS,,FAILING TO YIELD RIGHT-OF-WAY,UNABLE TO DETERMINE,Y,NONINCAPACITATING INJURY,17,9,41.9654639527,-87.6604055937,2024,20,POINT (-87.6604055937 41.9654639527),,,,,2024-09-17,False,2,Uptown
11956,30,NO CONTROLS,NO CONTROLS,CLEAR,DAYLIGHT,PEDALCYCLIST,NOT DIVIDED,STRAIGHT AND LEVEL,DRY,NO DEFECTS,,FAILING TO YIELD RIGHT-OF-WAY,NOT APPLICABLE,,NO INDICATION OF INJURY,17,9,41.8963357343,-87.6343406345,2024,30,POINT (-87.6343406345 41.8963357343),,,,,2024-09-17,False,7,Near North Side
11957,30,NO CONTROLS,NO CONTROLS,CLEAR,"DARKNESS, LIGHTED ROAD",PEDALCYCLIST,FOUR WAY,STRAIGHT AND LEVEL,DRY,UNKNOWN,Y,FAILING TO YIELD RIGHT-OF-WAY,UNABLE TO DETERMINE,,NONINCAPACITATING INJURY,18,9,42.007816519,-87.6649677627,2024,30,POINT (-87.6649677627 42.007816519),,,,,2024-09-17,False,0,Rogers Park
11958,25,NO CONTROLS,NO CONTROLS,CLEAR,DAYLIGHT,PEDALCYCLIST,TRAFFIC ROUTE,STRAIGHT AND LEVEL,DRY,NO DEFECTS,Y,FAILING TO YIELD RIGHT-OF-WAY,NOT APPLICABLE,,"REPORTED, NOT EVIDENT",20,9,41.8675245555,-87.6256838262,2024,25,POINT (-87.6256838262 41.8675245555),,,,,2024-09-17,False,31,Loop
11959,30,STOP SIGN/FLASHER,FUNCTIONING PROPERLY,CLEAR,DAYLIGHT,PEDALCYCLIST,FOUR WAY,STRAIGHT AND LEVEL,DRY,NO DEFECTS,Y,UNABLE TO DETERMINE,UNABLE TO DETERMINE,,NONINCAPACITATING INJURY,6,9,41.8521728746,-87.6831298392,2024,30,POINT (-87.6831298392 41.8521728746),,,,,2024-09-18,False,30,Lower West Side
11960,30,NO CONTROLS,NO CONTROLS,CLEAR,DAYLIGHT,PEDALCYCLIST,NOT DIVIDED,STRAIGHT AND LEVEL,DRY,UNKNOWN,,NOT APPLICABLE,NOT APPLICABLE,,NONINCAPACITATING INJURY,7,9,41.6845901524,-87.6853222248,2024,30,POINT (-87.6853222248 41.6845901524),,,,,2024-09-18,False,74,Morgan Park
11961,30,NO CONTROLS,NO CONTROLS,CLEAR,DAYLIGHT,PEDALCYCLIST,ALLEY,STRAIGHT AND LEVEL,DRY,UNKNOWN,,FAILING TO YIELD RIGHT-OF-WAY,NOT APPLICABLE,,NONINCAPACITATING INJURY,8,9,41.9182306763,-87.7607313523,2024,30,POINT (-87.7607313523 41.9182306763),,,,,2024-09-18,False,18,Belmont Cragin
11962,30,NO CONTROLS,NO CONTROLS,CLEAR,DAYLIGHT,PEDALCYCLIST,PARKING LOT,STRAIGHT AND LEVEL,DRY,NO DEFECTS,Y,UNABLE TO DETERMINE,UNABLE TO DETERMINE,,"REPORTED, NOT EVIDENT",9,9,41.9467004409,-87.7108635816,2024,30,POINT (-87.7108635816 41.9467004409),,,,,2024-09-18,False,15,Irving Park
11963,15,NO CONTROLS,NO CONTROLS,CLEAR,DAYLIGHT,PEDALCYCLIST,ALLEY,STRAIGHT AND LEVEL,DRY,NO DEFECTS,,UNABLE TO DETERMINE,NOT APPLICABLE,,NONINCAPACITATING INJURY,12,9,41.9811893136,-87.698523015,2024,15,POINT (-87.698523015 41.9811893136),,,,,2024-09-18,False,3,Lincoln Square
11964,30,STOP SIGN/FLASHER,FUNCTIONING PROPERLY,CLEAR,DAYLIGHT,PEDALCYCLIST,DIVIDED - W/MEDIAN (NOT RAISED),STRAIGHT AND LEVEL,DRY,NO DEFECTS,,DRIVING ON WRONG SIDE/WRONG WAY,IMPROPER LANE USAGE,,NO INDICATION OF INJURY,13,9,41.9535544384,-87.7450553112,2024,30,POINT (-87.7450553112 41.9535544384),,,,,2024-09-18,False,14,Portage Park
11965,35,TRAFFIC SIGNAL,FUNCTIONING PROPERLY,CLEAR,DAYLIGHT,PEDALCYCLIST,DIVIDED - W/MEDIAN (NOT RAISED),STRAIGHT AND LEVEL,DRY,UNKNOWN,,DRIVING SKILLS/KNOWLEDGE/EXPERIENCE,NOT APPLICABLE,,NONINCAPACITATING INJURY,15,9,41.9297986118,-87.7083701379,2024,35,POINT (-87.7083701379 41.9297986118),,,,,2024-09-18,False,21,Logan Square
11966,30,NO CONTROLS,NO CONTROLS,CLEAR,DAYLIGHT,PEDALCYCLIST,NOT DIVIDED,STRAIGHT AND LEVEL,DRY,NO DEFECTS,,IMPROPER LANE USAGE,DRIVING SKILLS/KNOWLEDGE/EXPERIENCE,,NONINCAPACITATING INJURY,16,9,41.8621324052,-87.6469197493,2024,30,POINT (-87.6469197493 41.8621324052),,,,,2024-09-18,False,27,Near West Side
11967,30,NO CONTROLS,NO CONTROLS,CLEAR,DAYLIGHT,PEDALCYCLIST,ALLEY,STRAIGHT AND LEVEL,DRY,NO DEFECTS,,FAILING TO YIELD RIGHT-OF-WAY,NOT APPLICABLE,,NO INDICATION OF INJURY,17,9,41.9902769826,-87.7777435815,2024,30,POINT (-87.7777435815 41.9902769826),,,,,2024-09-18,False,10,Jefferson Park
11968,30,TRAFFIC SIGNAL,FUNCTIONING PROPERLY,CLEAR,"DARKNESS, LIGHTED ROAD",PEDALCYCLIST,NOT DIVIDED,STRAIGHT AND LEVEL,DRY,NO DEFECTS,,UNABLE TO DETERMINE,NOT APPLICABLE,,NONINCAPACITATING INJURY,18,9,41.9097776626,-87.7262764569,2024,30,POINT (-87.7262764569 41.9097776626),,,,,2024-09-18,False,22,Humboldt Park
11969,30,NO CONTROLS,NO CONTROLS,CLEAR,"DARKNESS, LIGHTED ROAD",PEDALCYCLIST,DIVIDED - W/MEDIAN (NOT RAISED),STRAIGHT AND LEVEL,DRY,NO DEFECTS,,FAILING TO YIELD RIGHT-OF-WAY,NOT APPLICABLE,,NONINCAPACITATING INJURY,19,9,41.9327733331,-87.6779932044,2024,30,POINT (-87.6779932044 41.9327733331),,,,,2024-09-18,False,4,North Center
11970,30,NO CONTROLS,NO CONTROLS,CLEAR,"DARKNESS, LIGHTED ROAD",PEDALCYCLIST,NOT DIVIDED,STRAIGHT AND LEVEL,DRY,NO DEFECTS,,UNABLE TO DETERMINE,UNABLE TO DETERMINE,,NONINCAPACITATING INJURY,19,9,41.7799048562,-87.6418581458,2024,30,POINT (-87.6418581458 41.7799048562),,,,,2024-09-18,False,67,Englewood
11971,30,NO CONTROLS,NO CONTROLS,CLEAR,DAYLIGHT,PEDALCYCLIST,ALLEY,STRAIGHT AND LEVEL,DRY,NO DEFECTS,,UNABLE TO DETERMINE,FAILING TO YIELD RIGHT-OF-WAY,,NONINCAPACITATING INJURY,7,9,41.6856247608,-87.6112758848,2024,30,POINT (-87.6112758848 41.6856247608),,,,,2024-09-19,False,48,Roseland
11972,30,TRAFFIC SIGNAL,FUNCTIONING PROPERLY,CLEAR,DAYLIGHT,PEDALCYCLIST,FOUR WAY,STRAIGHT AND LEVEL,DRY,NO DEFECTS,Y,ROAD CONSTRUCTION/MAINTENANCE,IMPROPER LANE USAGE,,"REPORTED, NOT EVIDENT",7,9,41.8090958212,-87.632731197,2024,30,POINT (-87.632731197 41.8090958212),,,,,2024-09-19,False,36,Fuller Park
11973,30,NO CONTROLS,NO CONTROLS,CLEAR,DAYLIGHT,PEDALCYCLIST,DIVIDED - W/MEDIAN (NOT RAISED),STRAIGHT AND LEVEL,DRY,NO DEFECTS,,NOT APPLICABLE,NOT APPLICABLE,,"REPORTED, NOT EVIDENT",8,9,41.8443919675,-87.7061925894,2024,30,POINT (-87.7061925894 41.8443919675),,,,,2024-09-19,False,29,South Lawndale
11974,30,TRAFFIC SIGNAL,FUNCTIONING PROPERLY,CLEAR,DAYLIGHT,PEDALCYCLIST,DIVIDED - W/MEDIAN (NOT RAISED),STRAIGHT AND LEVEL,DRY,UNKNOWN,Y,UNABLE TO DETERMINE,UNABLE TO DETERMINE,,NONINCAPACITATING INJURY,9,9,41.8659911411,-87.7301223283,2024,30,POINT (-87.7301223283 41.8659911411),,,,,2024-09-19,False,28,North Lawndale
11975,30,TRAFFIC SIGNAL,FUNCTIONING PROPERLY,CLEAR,DAYLIGHT,PEDALCYCLIST,NOT DIVIDED,STRAIGHT AND LEVEL,DRY,NO DEFECTS,Y,UNABLE TO DETERMINE,NOT APPLICABLE,,NONINCAPACITATING INJURY,11,9,41.898429331,-87.7609111955,2024,30,POINT (-87.7609111955 41.898429331),,,,,2024-09-19,False,24,Austin
11976,30,UNKNOWN,UNKNOWN,CLEAR,DAYLIGHT,PEDALCYCLIST,OTHER,STRAIGHT AND LEVEL,DRY,NO DEFECTS,,UNABLE TO DETERMINE,UNABLE TO DETERMINE,N,NONINCAPACITATING INJURY,12,9,41.8686607692,-87.7444289583,2024,30,POINT (-87.7444289583 41.8686607692),,,,,2024-09-19,False,24,Austin
11977,30,TRAFFIC SIGNAL,FUNCTIONING PROPERLY,CLEAR,DAYLIGHT,PEDALCYCLIST,NOT DIVIDED,STRAIGHT AND LEVEL,DRY,NO DEFECTS,Y,FAILING TO YIELD RIGHT-OF-WAY,FAILING TO YIELD RIGHT-OF-WAY,,NONINCAPACITATING INJURY,14,9,41.9300634795,-87.6857042874,2024,30,POINT (-87.6857042874 41.9300634795),,,,,2024-09-19,False,21,Logan Square
11978,30,NO CONTROLS,NO CONTROLS,CLEAR,DAYLIGHT,PEDALCYCLIST,NOT DIVIDED,STRAIGHT AND LEVEL,DRY,NO DEFECTS,,UNABLE TO DETERMINE,NOT APPLICABLE,,INCAPACITATING INJURY,16,9,41.9076341646,-87.6775345727,2024,30,POINT (-87.6775345727 41.9076341646),,,,,2024-09-19,True,23,West Town
11979,25,TRAFFIC SIGNAL,FUNCTIONING PROPERLY,CLEAR,DAYLIGHT,PEDALCYCLIST,FOUR WAY,STRAIGHT AND LEVEL,DRY,NO DEFECTS,Y,FAILING TO REDUCE SPEED TO AVOID CRASH,UNABLE TO DETERMINE,,NONINCAPACITATING INJURY,17,9,41.9846184304,-87.768159268,2024,25,POINT (-87.768159268 41.9846184304),,,,,2024-09-19,False,10,Jefferson Park
11980,30,TRAFFIC SIGNAL,FUNCTIONING PROPERLY,CLEAR,DAYLIGHT,PEDALCYCLIST,FOUR WAY,STRAIGHT AND LEVEL,DRY,NO DEFECTS,,FAILING TO YIELD RIGHT-OF-WAY,NOT APPLICABLE,,NONINCAPACITATING INJURY,17,9,41.9141700895,-87.7463203311,2024,30,POINT (-87.7463203311 41.9141700895),,,,,2024-09-19,False,18,Belmont Cragin
11981,30,TRAFFIC SIGNAL,UNKNOWN,CLEAR,DAYLIGHT,PEDALCYCLIST,FOUR WAY,STRAIGHT AND LEVEL,DRY,UNKNOWN,Y,UNABLE TO DETERMINE,UNABLE TO DETERMINE,,"REPORTED, NOT EVIDENT",17,9,41.7653936078,-87.625050475,2024,30,POINT (-87.625050475 41.7653936078),,,,,2024-09-19,False,68,Grand Crossing
11982,30,RR CROSSING SIGN,UNKNOWN,CLEAR,DAYLIGHT,PEDALCYCLIST,UNKNOWN,STRAIGHT AND LEVEL,DRY,UNKNOWN,,FOLLOWING TOO CLOSELY,NOT APPLICABLE,,NONINCAPACITATING INJURY,17,9,41.9262186856,-87.6313719557,2024,30,POINT (-87.6313719557 41.9262186856),,,,,2024-09-19,False,6,Lincoln Park
11983,30,TRAFFIC SIGNAL,FUNCTIONING PROPERLY,CLEAR,DAYLIGHT,PEDALCYCLIST,FOUR WAY,STRAIGHT AND LEVEL,DRY,UNKNOWN,Y,DISREGARDING TRAFFIC SIGNALS,NOT APPLICABLE,,NONINCAPACITATING INJURY,17,9,41.8088458924,-87.6551224796,2024,30,POINT (-87.6551224796 41.8088458924),,,,,2024-09-19,False,60,New City
11984,25,NO CONTROLS,NO CONTROLS,CLEAR,DAWN,PEDALCYCLIST,NOT DIVIDED,STRAIGHT AND LEVEL,DRY,UNKNOWN,,IMPROPER LANE USAGE,DISTRACTION - FROM INSIDE VEHICLE,,NONINCAPACITATING INJURY,18,9,41.857965774,-87.6475689641,2024,25,POINT (-87.6475689641 41.857965774),,,,,2024-09-19,False,27,Near West Side
11985,30,NO CONTROLS,NO CONTROLS,CLEAR,"DARKNESS, LIGHTED ROAD",PEDALCYCLIST,DIVIDED - W/MEDIAN (NOT RAISED),STRAIGHT AND LEVEL,DRY,UNKNOWN,,NOT APPLICABLE,NOT APPLICABLE,Y,NONINCAPACITATING INJURY,19,9,41.8940665114,-87.6176075137,2024,30,POINT (-87.6176075137 41.8940665114),,,,,2024-09-19,False,7,Near North Side
11986,3,TRAFFIC SIGNAL,UNKNOWN,CLEAR,"DARKNESS, LIGHTED ROAD",PEDALCYCLIST,FOUR WAY,STRAIGHT AND LEVEL,DRY,UNKNOWN,Y,UNABLE TO DETERMINE,NOT APPLICABLE,,NONINCAPACITATING INJURY,20,9,41.8844349649,-87.6521655467,2024,3,POINT (-87.6521655467 41.8844349649),,,,,2024-09-19,False,27,Near West Side
11987,30,TRAFFIC SIGNAL,FUNCTIONING PROPERLY,CLEAR,"DARKNESS, LIGHTED ROAD",PEDALCYCLIST,FOUR WAY,STRAIGHT AND LEVEL,DRY,UNKNOWN,Y,TURNING RIGHT ON RED,UNABLE TO DETERMINE,,NONINCAPACITATING INJURY,22,9,41.975912899,-87.6924941747,2024,30,POINT (-87.6924941747 41.975912899),,,,,2024-09-19,False,3,Lincoln Square
11988,30,TRAFFIC SIGNAL,FUNCTIONING PROPERLY,CLEAR,"DARKNESS, LIGHTED ROAD",PEDALCYCLIST,NOT DIVIDED,STRAIGHT AND LEVEL,DRY,NO DEFECTS,Y,DISREGARDING TRAFFIC SIGNALS,FAILING TO YIELD RIGHT-OF-WAY,,NONINCAPACITATING INJURY,0,9,41.8730676166,-87.7255528944,2024,30,POINT (-87.7255528944 41.8730676166),,,,,2024-09-20,False,25,Garfield Park