Unnamed: 0,POSTED_SPEED_LIMIT,TRAFFIC_CONTROL_DEVICE,DEVICE_CONDITION,WEATHER_CONDITION,LIGHTING_CONDITION,FIRST_CRASH_TYPE,TRAFFICWAY_TYPE,ALIGNMENT,ROADWAY_SURFACE_COND,ROAD_DEFECT,INTERSECTION_RELATED_I,PRIM_CONTRIBUTORY_CAUSE,SEC_CONTRIBUTORY_CAUSE,DOORING_I,MOST_SEVERE_INJURY,CRASH_HOUR,CRASH_MONTH,LATITUDE,LONGITUDE,CRASH_YEAR,SPEED_LIMIT,geometry,DISPLAYROU,the_geom,DIST,LANE_TYPE,CRASH_DATE,is_severe,index_right,CArea
11989,30,STOP SIGN/FLASHER,FUNCTIONING PROPERLY,CLEAR,DAYLIGHT,PEDALCYCLIST,FOUR WAY,STRAIGHT AND LEVEL,DRY,NO DEFECTS,Y,UNABLE TO DETERMINE,UNABLE TO DETERMINE,,NONINCAPACITATING INJURY,7,9,41.9325930343,-87.7955835147,2024,30,POINT (-87.7955835147 41.9325930343),,,,,2024-09-20,False,17,Montclare
11990,30,NO CONTROLS,NO CONTROLS,CLEAR,DAYLIGHT,PEDALCYCLIST,NOT DIVIDED,STRAIGHT AND LEVEL,DRY,NO DEFECTS,,NOT APPLICABLE,UNABLE TO DETERMINE,,NO INDICATION OF INJURY,8,9,41.9427471952,-87.6883543215,2024,30,POINT (-87.6883543215 41.9427471952),,,,,2024-09-20,False,4,North Center
11991,30,NO CONTROLS,NO CONTROLS,CLEAR,DAYLIGHT,PEDALCYCLIST,NOT DIVIDED,STRAIGHT AND LEVEL,DRY,UNKNOWN,Y,NOT APPLICABLE,NOT APPLICABLE,,NONINCAPACITATING INJURY,8,9,41.9842587536,-87.6608697191,2024,30,POINT (-87.6608697191 41.9842587536),,,,,2024-09-20,False,76,Edgewater
11992,30,NO CONTROLS,NO CONTROLS,CLEAR,DAYLIGHT,PEDALCYCLIST,NOT DIVIDED,STRAIGHT AND LEVEL,DRY,NO DEFECTS,,UNABLE TO DETERMINE,NOT APPLICABLE,Y,NONINCAPACITATING INJURY,8,9,41.9389697692,-87.6674738655,2024,30,POINT (-87.6674738655 41.9389697692),,,,,2024-09-20,False,5,Lake View
11993,30,NO CONTROLS,NO CONTROLS,CLEAR,DAYLIGHT,PEDALCYCLIST,PARKING LOT,STRAIGHT AND LEVEL,DRY,NO DEFECTS,,DISTRACTION - FROM OUTSIDE VEHICLE,FAILING TO REDUCE SPEED TO AVOID CRASH,,NONINCAPACITATING INJURY,9,9,41.8084989618,-87.6875378972,2024,30,POINT (-87.6875378972 41.8084989618),,,,,2024-09-20,False,57,Brighton Park
11994,30,NO CONTROLS,NO CONTROLS,CLEAR,DAYLIGHT,PEDALCYCLIST,NOT DIVIDED,STRAIGHT AND LEVEL,DRY,NO DEFECTS,,IMPROPER OVERTAKING/PASSING,IMPROPER LANE USAGE,Y,NO INDICATION OF INJURY,10,9,41.8909757456,-87.623983201,2024,30,POINT (-87.623983201 41.8909757456),,,,,2024-09-20,False,7,Near North Side
11995,20,NO CONTROLS,NO CONTROLS,CLEAR,DAYLIGHT,PEDALCYCLIST,ALLEY,STRAIGHT AND LEVEL,DRY,NO DEFECTS,,FAILING TO YIELD RIGHT-OF-WAY,UNABLE TO DETERMINE,,"REPORTED, NOT EVIDENT",10,9,41.8160569299,-87.6434515612,2024,20,POINT (-87.6434515612 41.8160569299),,,,,2024-09-20,False,60,New City
11996,30,PEDESTRIAN CROSSING SIGN,NO CONTROLS,CLEAR,DAYLIGHT,PEDALCYCLIST,T-INTERSECTION,STRAIGHT AND LEVEL,DRY,NO DEFECTS,,IMPROPER TURNING/NO SIGNAL,FAILING TO YIELD RIGHT-OF-WAY,,NONINCAPACITATING INJURY,16,9,41.9580352196,-87.6646651756,2024,30,POINT (-87.6646651756 41.9580352196),,,,,2024-09-20,False,2,Uptown
11997,30,STOP SIGN/FLASHER,FUNCTIONING PROPERLY,CLEAR,DAYLIGHT,PEDALCYCLIST,FOUR WAY,STRAIGHT AND LEVEL,DRY,NO DEFECTS,,FAILING TO YIELD RIGHT-OF-WAY,NOT APPLICABLE,,NONINCAPACITATING INJURY,16,9,41.9175031598,-87.6850534827,2024,30,POINT (-87.6850534827 41.9175031598),,,,,2024-09-20,False,21,Logan Square
11998,30,STOP SIGN/FLASHER,FUNCTIONING PROPERLY,CLEAR,DAYLIGHT,PEDALCYCLIST,NOT DIVIDED,STRAIGHT AND LEVEL,DRY,NO DEFECTS,,FAILING TO YIELD RIGHT-OF-WAY,UNABLE TO DETERMINE,,NONINCAPACITATING INJURY,17,9,41.9450817513,-87.6822910613,2024,30,POINT (-87.6822910613 41.9450817513),,,,,2024-09-20,False,4,North Center
11999,35,UNKNOWN,UNKNOWN,CLEAR,DAYLIGHT,PEDALCYCLIST,NOT DIVIDED,STRAIGHT AND LEVEL,DRY,UNKNOWN,,UNABLE TO DETERMINE,UNABLE TO DETERMINE,N,NO INDICATION OF INJURY,17,9,41.9467400322,-87.7078754891,2024,35,POINT (-87.7078754891 41.9467400322),,,,,2024-09-20,False,15,Irving Park
12000,30,TRAFFIC SIGNAL,FUNCTIONING PROPERLY,CLEAR,DARKNESS,PEDALCYCLIST,DIVIDED - W/MEDIAN (NOT RAISED),STRAIGHT AND LEVEL,DRY,NO DEFECTS,Y,UNABLE TO DETERMINE,UNABLE TO DETERMINE,,NONINCAPACITATING INJURY,19,9,41.9609198435,-87.7227797408,2024,30,POINT (-87.7227797408 41.9609198435),,,,,2024-09-20,False,15,Irving Park
12001,30,TRAFFIC SIGNAL,FUNCTIONING PROPERLY,CLEAR,"DARKNESS, LIGHTED ROAD",PEDALCYCLIST,NOT DIVIDED,STRAIGHT AND LEVEL,DRY,UNKNOWN,Y,FAILING TO YIELD RIGHT-OF-WAY,IMPROPER OVERTAKING/PASSING,,NONINCAPACITATING INJURY,19,9,41.9180647456,-87.6386617669,2024,30,POINT (-87.6386617669 41.9180647456),,,,,2024-09-20,False,6,Lincoln Park
12002,30,TRAFFIC SIGNAL,FUNCTIONING PROPERLY,CLEAR,"DARKNESS, LIGHTED ROAD",PEDALCYCLIST,NOT DIVIDED,STRAIGHT AND LEVEL,DRY,NO DEFECTS,,UNABLE TO DETERMINE,NOT APPLICABLE,,NO INDICATION OF INJURY,20,9,41.9485245742,-87.6493761226,2024,30,POINT (-87.6493761226 41.9485245742),,,,,2024-09-20,False,5,Lake View
12003,30,TRAFFIC SIGNAL,FUNCTIONING PROPERLY,CLEAR,"DARKNESS, LIGHTED ROAD",PEDALCYCLIST,FOUR WAY,STRAIGHT AND LEVEL,DRY,NO DEFECTS,Y,FAILING TO YIELD RIGHT-OF-WAY,DISREGARDING TRAFFIC SIGNALS,,NONINCAPACITATING INJURY,20,9,41.8856389185,-87.6473262383,2024,30,POINT (-87.6473262383 41.8856389185),,,,,2024-09-20,False,27,Near West Side
12004,20,NO CONTROLS,NO CONTROLS,CLEAR,"DARKNESS, LIGHTED ROAD",PEDALCYCLIST,ONE-WAY,STRAIGHT AND LEVEL,DRY,NO DEFECTS,,UNABLE TO DETERMINE,UNABLE TO DETERMINE,Y,NO INDICATION OF INJURY,22,9,41.8305637935,-87.6681019889,2024,20,POINT (-87.6681019889 41.8305637935),,,,,2024-09-20,False,58,Mckinley Park
12005,30,NO CONTROLS,NO CONTROLS,CLEAR,"DARKNESS, LIGHTED ROAD",PEDALCYCLIST,UNKNOWN,STRAIGHT AND LEVEL,DRY,NO DEFECTS,Y,HAD BEEN DRINKING (USE WHEN ARREST IS NOT MADE),UNABLE TO DETERMINE,,INCAPACITATING INJURY,0,9,41.9355174927,-87.6516556098,2024,30,POINT (-87.6516556098 41.9355174927),,,,,2024-09-21,True,5,Lake View
12006,30,TRAFFIC SIGNAL,FUNCTIONING PROPERLY,CLEAR,"DARKNESS, LIGHTED ROAD",PEDALCYCLIST,NOT DIVIDED,STRAIGHT AND LEVEL,DRY,NO DEFECTS,Y,UNABLE TO DETERMINE,UNABLE TO DETERMINE,,FATAL,3,9,41.8219448331,-87.7436765962,2024,30,POINT (-87.7436765962 41.8219448331),,,,,2024-09-21,True,55,Garfield Ridge
12007,10,NO CONTROLS,NO CONTROLS,CLEAR,DAYLIGHT,PEDALCYCLIST,DRIVEWAY,STRAIGHT AND LEVEL,DRY,NO DEFECTS,,UNABLE TO DETERMINE,UNABLE TO DETERMINE,,"REPORTED, NOT EVIDENT",7,9,41.9578817144,-87.7278865975,2024,10,POINT (-87.7278865975 41.9578817144),,,,,2024-09-21,False,15,Irving Park
12008,30,NO CONTROLS,NO CONTROLS,CLEAR,DAYLIGHT,PEDALCYCLIST,NOT DIVIDED,STRAIGHT AND LEVEL,DRY,NO DEFECTS,Y,IMPROPER TURNING/NO SIGNAL,FAILING TO YIELD RIGHT-OF-WAY,,INCAPACITATING INJURY,9,9,41.9873888268,-87.77265476,2024,30,POINT (-87.77265476 41.9873888268),,,,,2024-09-21,True,10,Jefferson Park
12009,30,TRAFFIC SIGNAL,FUNCTIONING PROPERLY,CLEAR,DAYLIGHT,PEDALCYCLIST,DIVIDED - W/MEDIAN (NOT RAISED),STRAIGHT AND LEVEL,DRY,NO DEFECTS,Y,UNABLE TO DETERMINE,NOT APPLICABLE,N,"REPORTED, NOT EVIDENT",11,9,41.7857434633,-87.7328917418,2024,30,POINT (-87.7328917418 41.7857434633),,,,,2024-09-21,False,64,West Lawn
12010,30,UNKNOWN,FUNCTIONING PROPERLY,CLEAR,DAYLIGHT,PEDALCYCLIST,NOT DIVIDED,STRAIGHT AND LEVEL,DRY,NO DEFECTS,,FOLLOWING TOO CLOSELY,"OPERATING VEHICLE IN ERRATIC, RECKLESS, CARELESS, NEGLIGENT OR AGGRESSIVE MANNER",,NO INDICATION OF INJURY,13,9,41.9091920591,-87.6772829073,2024,30,POINT (-87.6772829073 41.9091920591),,,,,2024-09-21,False,23,West Town
12011,30,NO CONTROLS,NO CONTROLS,CLEAR,DAYLIGHT,PEDALCYCLIST,DIVIDED - W/MEDIAN (NOT RAISED),STRAIGHT AND LEVEL,DRY,NO DEFECTS,,UNABLE TO DETERMINE,NOT APPLICABLE,Y,NO INDICATION OF INJURY,13,9,41.9083783509,-87.6745692078,2024,30,POINT (-87.6745692078 41.9083783509),,,,,2024-09-21,False,23,West Town
12012,30,NO CONTROLS,NO CONTROLS,CLEAR,DAYLIGHT,PEDALCYCLIST,T-INTERSECTION,CURVE ON GRADE,DRY,NO DEFECTS,Y,UNABLE TO DETERMINE,UNABLE TO DETERMINE,,NONINCAPACITATING INJURY,14,9,41.9692500061,-87.648118559,2024,30,POINT (-87.648118559 41.9692500061),,,,,2024-09-21,False,2,Uptown
12013,30,TRAFFIC SIGNAL,UNKNOWN,CLEAR,DAYLIGHT,PEDALCYCLIST,DIVIDED - W/MEDIAN (NOT RAISED),STRAIGHT AND LEVEL,DRY,UNKNOWN,,FAILING TO YIELD RIGHT-OF-WAY,FAILING TO REDUCE SPEED TO AVOID CRASH,,NONINCAPACITATING INJURY,14,9,41.9904287615,-87.711183885,2024,30,POINT (-87.711183885 41.9904287615),,,,,2024-09-21,False,12,North Park
12014,30,NO CONTROLS,NO CONTROLS,CLEAR,DAYLIGHT,PEDALCYCLIST,NOT DIVIDED,STRAIGHT AND LEVEL,DRY,NO DEFECTS,,FAILING TO YIELD RIGHT-OF-WAY,FAILING TO REDUCE SPEED TO AVOID CRASH,,NONINCAPACITATING INJURY,15,9,41.9734680443,-87.6516663515,2024,30,POINT (-87.6516663515 41.9734680443),,,,,2024-09-21,False,2,Uptown
12015,30,UNKNOWN,UNKNOWN,CLEAR,DAYLIGHT,PEDALCYCLIST,ALLEY,STRAIGHT AND LEVEL,DRY,NO DEFECTS,Y,UNABLE TO DETERMINE,NOT APPLICABLE,,"REPORTED, NOT EVIDENT",16,9,41.7568558348,-87.5928141734,2024,30,POINT (-87.5928141734 41.7568558348),,,,,2024-09-21,False,42,South Shore
12016,30,STOP SIGN/FLASHER,FUNCTIONING PROPERLY,CLEAR,DAYLIGHT,PEDALCYCLIST,NOT DIVIDED,STRAIGHT AND LEVEL,DRY,NO DEFECTS,Y,IMPROPER OVERTAKING/PASSING,FAILING TO REDUCE SPEED TO AVOID CRASH,,NONINCAPACITATING INJURY,16,9,41.948724543,-87.6687580396,2024,30,POINT (-87.6687580396 41.948724543),,,,,2024-09-21,False,5,Lake View
12017,30,TRAFFIC SIGNAL,FUNCTIONING PROPERLY,CLEAR,DAYLIGHT,PEDALCYCLIST,NOT DIVIDED,STRAIGHT AND LEVEL,DRY,UNKNOWN,,FAILING TO YIELD RIGHT-OF-WAY,NOT APPLICABLE,,NO INDICATION OF INJURY,16,9,41.9285984788,-87.69496242,2024,30,POINT (-87.69496242 41.9285984788),,,,,2024-09-21,False,21,Logan Square
12018,30,NO CONTROLS,NO CONTROLS,CLEAR,DAYLIGHT,PEDALCYCLIST,FOUR WAY,STRAIGHT AND LEVEL,DRY,NO DEFECTS,Y,FAILING TO YIELD RIGHT-OF-WAY,NOT APPLICABLE,,NONINCAPACITATING INJURY,17,9,41.9614025776,-87.6749149828,2024,30,POINT (-87.6749149828 41.9614025776),,,,,2024-09-21,False,3,Lincoln Square
12019,30,TRAFFIC SIGNAL,FUNCTIONING PROPERLY,CLEAR,DUSK,PEDALCYCLIST,NOT DIVIDED,STRAIGHT AND LEVEL,DRY,NO DEFECTS,,FAILING TO YIELD RIGHT-OF-WAY,FAILING TO YIELD RIGHT-OF-WAY,,"REPORTED, NOT EVIDENT",17,9,41.9466552269,-87.712863252,2024,30,POINT (-87.712863252 41.9466552269),,,,,2024-09-21,False,15,Irving Park
12020,30,NO CONTROLS,NO CONTROLS,CLEAR,DAYLIGHT,PEDALCYCLIST,DIVIDED - W/MEDIAN (NOT RAISED),STRAIGHT AND LEVEL,DRY,NO DEFECTS,,UNABLE TO DETERMINE,UNABLE TO DETERMINE,,NONINCAPACITATING INJURY,18,9,41.9829000301,-87.7136006489,2024,30,POINT (-87.7136006489 41.9829000301),,,,,2024-09-21,False,12,North Park
12021,30,TRAFFIC SIGNAL,FUNCTIONING PROPERLY,RAIN,DAYLIGHT,PEDALCYCLIST,UNKNOWN INTERSECTION TYPE,STRAIGHT AND LEVEL,WET,NO DEFECTS,Y,DISREGARDING TRAFFIC SIGNALS,DISREGARDING TRAFFIC SIGNALS,,NONINCAPACITATING INJURY,9,9,41.8933784949,-87.624067721,2024,30,POINT (-87.624067721 41.8933784949),,,,,2024-09-22,False,7,Near North Side
12022,30,NO CONTROLS,NO CONTROLS,RAIN,DAYLIGHT,PEDALCYCLIST,FOUR WAY,STRAIGHT AND LEVEL,WET,NO DEFECTS,,UNABLE TO DETERMINE,NOT APPLICABLE,,"REPORTED, NOT EVIDENT",10,9,41.7398700469,-87.625386951,2024,30,POINT (-87.625386951 41.7398700469),,,,,2024-09-22,False,43,Chatham
12023,30,TRAFFIC SIGNAL,FUNCTIONING PROPERLY,UNKNOWN,UNKNOWN,PEDALCYCLIST,FOUR WAY,STRAIGHT AND LEVEL,UNKNOWN,UNKNOWN,Y,UNABLE TO DETERMINE,NOT APPLICABLE,,NONINCAPACITATING INJURY,13,9,41.8743420452,-87.725589998,2024,30,POINT (-87.725589998 41.8743420452),,,,,2024-09-22,False,25,Garfield Park
12024,10,NO CONTROLS,NO CONTROLS,CLEAR,DAYLIGHT,PEDALCYCLIST,OTHER,STRAIGHT AND LEVEL,UNKNOWN,UNKNOWN,,UNABLE TO DETERMINE,NOT APPLICABLE,,NO INDICATION OF INJURY,17,9,41.9701800166,-87.7625958933,2024,10,POINT (-87.7625958933 41.9701800166),,,,,2024-09-22,False,10,Jefferson Park
12025,30,UNKNOWN,UNKNOWN,RAIN,"DARKNESS, LIGHTED ROAD",PEDALCYCLIST,NOT DIVIDED,STRAIGHT AND LEVEL,UNKNOWN,NO DEFECTS,,UNABLE TO DETERMINE,UNABLE TO DETERMINE,,NONINCAPACITATING INJURY,22,9,41.8850236823,-87.6768874573,2024,30,POINT (-87.6768874573 41.8850236823),,,,,2024-09-22,False,27,Near West Side
12026,35,STOP SIGN/FLASHER,UNKNOWN,CLEAR,DAYLIGHT,PEDALCYCLIST,FOUR WAY,STRAIGHT AND LEVEL,DRY,UNKNOWN,Y,FAILING TO REDUCE SPEED TO AVOID CRASH,DRIVING ON WRONG SIDE/WRONG WAY,,NONINCAPACITATING INJURY,8,9,41.8552608487,-87.6613611783,2024,35,POINT (-87.6613611783 41.8552608487),,,,,2024-09-23,False,30,Lower West Side
12027,30,TRAFFIC SIGNAL,FUNCTIONING PROPERLY,CLEAR,DAYLIGHT,PEDALCYCLIST,FOUR WAY,STRAIGHT AND LEVEL,DRY,NO DEFECTS,Y,UNABLE TO DETERMINE,UNABLE TO DETERMINE,,"REPORTED, NOT EVIDENT",10,9,41.8383269412,-87.6176126615,2024,30,POINT (-87.6176126615 41.8383269412),,,,,2024-09-23,False,34,Douglas
12028,30,TRAFFIC SIGNAL,FUNCTIONING PROPERLY,CLEAR,DAYLIGHT,PEDALCYCLIST,ONE-WAY,STRAIGHT AND LEVEL,DRY,NO DEFECTS,Y,FAILING TO YIELD RIGHT-OF-WAY,NOT APPLICABLE,,NONINCAPACITATING INJURY,16,9,41.8916506877,-87.6265698496,2024,30,POINT (-87.6265698496 41.8916506877),,,,,2024-09-23,False,7,Near North Side
12029,30,NO CONTROLS,NO CONTROLS,UNKNOWN,UNKNOWN,PEDALCYCLIST,ONE-WAY,STRAIGHT AND LEVEL,UNKNOWN,UNKNOWN,,FOLLOWING TOO CLOSELY,NOT APPLICABLE,,NO INDICATION OF INJURY,19,9,41.8830027514,-87.7717377612,2024,30,POINT (-87.7717377612 41.8830027514),,,,,2024-09-23,False,24,Austin
12030,30,UNKNOWN,UNKNOWN,UNKNOWN,UNKNOWN,PEDALCYCLIST,NOT DIVIDED,STRAIGHT AND LEVEL,UNKNOWN,UNKNOWN,,NOT APPLICABLE,NOT APPLICABLE,,"REPORTED, NOT EVIDENT",20,9,41.9538733964,-87.6499230599,2024,30,POINT (-87.6499230599 41.9538733964),,,,,2024-09-23,False,5,Lake View
12031,30,UNKNOWN,UNKNOWN,UNKNOWN,UNKNOWN,PEDALCYCLIST,UNKNOWN,STRAIGHT AND LEVEL,UNKNOWN,UNKNOWN,,UNABLE TO DETERMINE,UNABLE TO DETERMINE,,NONINCAPACITATING INJURY,21,9,41.9259193391,-87.7020358433,2024,30,POINT (-87.7020358433 41.9259193391),,,,,2024-09-23,False,21,Logan Square
12032,30,STOP SIGN/FLASHER,NO CONTROLS,OTHER,DAYLIGHT,PEDALCYCLIST,NOT DIVIDED,STRAIGHT AND LEVEL,WET,NO DEFECTS,,UNABLE TO DETERMINE,NOT APPLICABLE,,NO INDICATION OF INJURY,8,9,41.9125622088,-87.6813594428,2024,30,POINT (-87.6813594428 41.9125622088),,,,,2024-09-24,False,6,Lincoln Park
12033,20,NO CONTROLS,NO CONTROLS,RAIN,DAYLIGHT,PEDALCYCLIST,DIVIDED - W/MEDIAN (NOT RAISED),STRAIGHT AND LEVEL,WET,NO DEFECTS,,IMPROPER TURNING/NO SIGNAL,IMPROPER TURNING/NO SIGNAL,,NO INDICATION OF INJURY,15,9,41.7499305859,-87.5527151955,2024,20,POINT (-87.5527151955 41.7499305859),,,,,2024-09-24,False,45,South Chicago
12034,30,NO CONTROLS,UNKNOWN,CLEAR,DAYLIGHT,PEDALCYCLIST,T-INTERSECTION,STRAIGHT AND LEVEL,DRY,NO DEFECTS,,FAILING TO YIELD RIGHT-OF-WAY,FAILING TO YIELD RIGHT-OF-WAY,,NONINCAPACITATING INJURY,7,9,41.9389573771,-87.7292133235,2024,30,POINT (-87.7292133235 41.9389573771),,,,,2024-09-25,False,15,Irving Park
12035,30,TRAFFIC SIGNAL,FUNCTIONING PROPERLY,CLEAR,DAYLIGHT,PEDALCYCLIST,FOUR WAY,STRAIGHT AND LEVEL,DRY,NO DEFECTS,Y,UNABLE TO DETERMINE,UNABLE TO DETERMINE,,"REPORTED, NOT EVIDENT",8,9,41.859393931,-87.6465422291,2024,30,POINT (-87.6465422291 41.859393931),,,,,2024-09-25,False,27,Near West Side
12036,30,TRAFFIC SIGNAL,FUNCTIONING PROPERLY,CLEAR,DAYLIGHT,PEDALCYCLIST,NOT DIVIDED,STRAIGHT AND LEVEL,DRY,NO DEFECTS,,FAILING TO YIELD RIGHT-OF-WAY,NOT APPLICABLE,N,NO INDICATION OF INJURY,8,9,41.7145806371,-87.6141233952,2024,30,POINT (-87.6141233952 41.7145806371),,,,,2024-09-25,False,48,Roseland
12037,30,TRAFFIC SIGNAL,FUNCTIONING PROPERLY,CLEAR,DAYLIGHT,PEDALCYCLIST,NOT DIVIDED,STRAIGHT AND LEVEL,DRY,NO DEFECTS,Y,NOT APPLICABLE,NOT APPLICABLE,,"REPORTED, NOT EVIDENT",13,9,41.8156101042,-87.6839225329,2024,30,POINT (-87.6839225329 41.8156101042),,,,,2024-09-25,False,57,Brighton Park
12038,30,UNKNOWN,UNKNOWN,CLEAR,DAYLIGHT,PEDALCYCLIST,NOT DIVIDED,STRAIGHT AND LEVEL,UNKNOWN,UNKNOWN,,UNABLE TO DETERMINE,NOT APPLICABLE,,NO INDICATION OF INJURY,14,9,41.7856720981,-87.6233668027,2024,30,POINT (-87.6233668027 41.7856720981),,,,,2024-09-25,False,39,Washington Park
12039,39,NO CONTROLS,NO CONTROLS,CLEAR,DAYLIGHT,PEDALCYCLIST,NOT DIVIDED,STRAIGHT AND LEVEL,DRY,UNKNOWN,,UNABLE TO DETERMINE,UNABLE TO DETERMINE,,"REPORTED, NOT EVIDENT",15,9,41.7692695183,-87.6142881948,2024,39,POINT (-87.6142881948 41.7692695183),,,,,2024-09-25,False,41,Woodlawn
12040,30,TRAFFIC SIGNAL,FUNCTIONING PROPERLY,CLEAR,DAYLIGHT,PEDALCYCLIST,NOT DIVIDED,STRAIGHT AND LEVEL,DRY,NO DEFECTS,Y,UNABLE TO DETERMINE,NOT APPLICABLE,,NONINCAPACITATING INJURY,15,9,41.7951059372,-87.5877094121,2024,30,POINT (-87.5877094121 41.7951059372),,,,,2024-09-25,False,40,Hyde Park
12041,30,NO CONTROLS,NO CONTROLS,CLEAR,DAYLIGHT,PEDALCYCLIST,FOUR WAY,STRAIGHT AND LEVEL,DRY,NO DEFECTS,Y,FAILING TO YIELD RIGHT-OF-WAY,NOT APPLICABLE,,INCAPACITATING INJURY,18,9,41.9166342224,-87.6572837756,2024,30,POINT (-87.6572837756 41.9166342224),,,,,2024-09-25,True,6,Lincoln Park
12042,30,NO CONTROLS,NO CONTROLS,CLEAR,DAYLIGHT,PEDALCYCLIST,NOT DIVIDED,STRAIGHT AND LEVEL,DRY,UNKNOWN,,FAILING TO YIELD RIGHT-OF-WAY,NOT APPLICABLE,,NONINCAPACITATING INJURY,18,9,41.9103879316,-87.6909642817,2024,30,POINT (-87.6909642817 41.9103879316),,,,,2024-09-25,False,23,West Town
12043,30,NO CONTROLS,NO CONTROLS,UNKNOWN,DARKNESS,PEDALCYCLIST,DIVIDED - W/MEDIAN BARRIER,STRAIGHT AND LEVEL,UNKNOWN,UNKNOWN,,IMPROPER LANE USAGE,IMPROPER LANE USAGE,Y,NONINCAPACITATING INJURY,19,9,41.8669792052,-87.6509440406,2024,30,POINT (-87.6509440406 41.8669792052),,,,,2024-09-25,False,27,Near West Side
12044,35,TRAFFIC SIGNAL,FUNCTIONING PROPERLY,CLEAR,DAYLIGHT,PEDALCYCLIST,DIVIDED - W/MEDIAN BARRIER,STRAIGHT AND LEVEL,DRY,NO DEFECTS,Y,FAILING TO YIELD RIGHT-OF-WAY,FAILING TO YIELD RIGHT-OF-WAY,,NONINCAPACITATING INJURY,7,9,41.8781457012,-87.6365217697,2024,35,POINT (-87.6365217697 41.8781457012),,,,,2024-09-26,False,27,Near West Side
12045,15,NO CONTROLS,NO CONTROLS,CLEAR,DAYLIGHT,PEDALCYCLIST,OTHER,STRAIGHT AND LEVEL,DRY,NO DEFECTS,,UNABLE TO DETERMINE,NOT APPLICABLE,,"REPORTED, NOT EVIDENT",7,9,41.7398634082,-87.7190199872,2024,15,POINT (-87.7190199872 41.7398634082),,,,,2024-09-26,False,69,Ashburn
12046,30,NO CONTROLS,NO CONTROLS,CLEAR,DAYLIGHT,PEDALCYCLIST,T-INTERSECTION,STRAIGHT AND LEVEL,DRY,NO DEFECTS,,UNABLE TO DETERMINE,"OPERATING VEHICLE IN ERRATIC, RECKLESS, CARELESS, NEGLIGENT OR AGGRESSIVE MANNER",N,NO INDICATION OF INJURY,13,9,41.9466078412,-87.7165375953,2024,30,POINT (-87.7165375953 41.9466078412),,,,,2024-09-26,False,15,Irving Park
12047,30,NO CONTROLS,NO CONTROLS,CLEAR,DAYLIGHT,PEDALCYCLIST,NOT DIVIDED,STRAIGHT AND LEVEL,DRY,NO DEFECTS,,UNABLE TO DETERMINE,UNABLE TO DETERMINE,,NONINCAPACITATING INJURY,14,9,41.9303592349,-87.6438553278,2024,30,POINT (-87.6438553278 41.9303592349),,,,,2024-09-26,False,6,Lincoln Park
12048,30,TRAFFIC SIGNAL,FUNCTIONING PROPERLY,CLEAR,DAYLIGHT,PEDALCYCLIST,FOUR WAY,STRAIGHT AND LEVEL,DRY,NO DEFECTS,,UNABLE TO DETERMINE,UNABLE TO DETERMINE,,"REPORTED, NOT EVIDENT",14,9,41.882670497,-87.6242415386,2024,30,POINT (-87.6242415386 41.882670497),,,,,2024-09-26,False,31,Loop
12049,30,NO CONTROLS,NO CONTROLS,CLEAR,DAYLIGHT,PEDALCYCLIST,DIVIDED - W/MEDIAN (NOT RAISED),STRAIGHT AND LEVEL,DRY,UNKNOWN,,IMPROPER TURNING/NO SIGNAL,FAILING TO YIELD RIGHT-OF-WAY,,NONINCAPACITATING INJURY,15,9,41.9106813916,-87.6345489248,2024,30,POINT (-87.6345489248 41.9106813916),,,,,2024-09-26,False,7,Near North Side
12050,30,NO CONTROLS,NO CONTROLS,CLEAR,DAYLIGHT,PEDALCYCLIST,ALLEY,STRAIGHT AND LEVEL,DRY,NO DEFECTS,,UNABLE TO DETERMINE,NOT APPLICABLE,,NO INDICATION OF INJURY,15,9,41.945142728,-87.6634676734,2024,30,POINT (-87.6634676734 41.945142728),,,,,2024-09-26,False,5,Lake View
12051,20,NO CONTROLS,UNKNOWN,CLEAR,DAYLIGHT,PEDALCYCLIST,ONE-WAY,STRAIGHT AND LEVEL,DRY,UNKNOWN,N,FAILING TO REDUCE SPEED TO AVOID CRASH,NOT APPLICABLE,,NONINCAPACITATING INJURY,16,9,41.8960803305,-87.6638823464,2024,20,POINT (-87.6638823464 41.8960803305),,,,,2024-09-26,False,23,West Town
12052,35,NO CONTROLS,NO CONTROLS,CLEAR,DAYLIGHT,PEDALCYCLIST,UNKNOWN INTERSECTION TYPE,STRAIGHT AND LEVEL,DRY,NO DEFECTS,,UNABLE TO DETERMINE,UNABLE TO DETERMINE,,NO INDICATION OF INJURY,17,9,41.7603411459,-87.6031267629,2024,35,POINT (-87.6031267629 41.7603411459),,,,,2024-09-26,False,68,Grand Crossing
12053,30,UNKNOWN,UNKNOWN,UNKNOWN,UNKNOWN,PEDALCYCLIST,DIVIDED - W/MEDIAN (NOT RAISED),STRAIGHT AND LEVEL,UNKNOWN,UNKNOWN,,DRIVING SKILLS/KNOWLEDGE/EXPERIENCE,UNABLE TO DETERMINE,Y,NONINCAPACITATING INJURY,17,9,42.0079949199,-87.6671741467,2024,30,POINT (-87.6671741467 42.0079949199),,,,,2024-09-26,False,0,Rogers Park