Unnamed: 0,POSTED_SPEED_LIMIT,TRAFFIC_CONTROL_DEVICE,DEVICE_CONDITION,WEATHER_CONDITION,LIGHTING_CONDITION,FIRST_CRASH_TYPE,TRAFFICWAY_TYPE,ALIGNMENT,ROADWAY_SURFACE_COND,ROAD_DEFECT,INTERSECTION_RELATED_I,PRIM_CONTRIBUTORY_CAUSE,SEC_CONTRIBUTORY_CAUSE,DOORING_I,MOST_SEVERE_INJURY,CRASH_HOUR,CRASH_MONTH,LATITUDE,LONGITUDE,CRASH_YEAR,SPEED_LIMIT,geometry,DISPLAYROU,the_geom,DIST,LANE_TYPE,CRASH_DATE,is_severe,index_right,CArea
12054,25,UNKNOWN,UNKNOWN,CLEAR,DAYLIGHT,PEDALCYCLIST,DIVIDED - W/MEDIAN (NOT RAISED),STRAIGHT AND LEVEL,UNKNOWN,UNKNOWN,,UNABLE TO DETERMINE,UNABLE TO DETERMINE,,NONINCAPACITATING INJURY,17,9,41.9283421121,-87.7188906341,2024,25,POINT (-87.7188906341 41.9283421121),,,,,2024-09-26,False,21,Logan Square
12055,30,NO CONTROLS,NO CONTROLS,CLEAR,DAYLIGHT,PEDALCYCLIST,FOUR WAY,STRAIGHT AND LEVEL,DRY,UNKNOWN,,UNABLE TO DETERMINE,NOT APPLICABLE,,NONINCAPACITATING INJURY,17,9,41.8977224657,-87.6574116399,2024,30,POINT (-87.6574116399 41.8977224657),,,,,2024-09-26,False,7,Near North Side
12056,35,TRAFFIC SIGNAL,FUNCTIONING PROPERLY,CLEAR,"DARKNESS, LIGHTED ROAD",PEDALCYCLIST,NOT DIVIDED,STRAIGHT AND LEVEL,DRY,NO DEFECTS,Y,FAILING TO YIELD RIGHT-OF-WAY,NOT APPLICABLE,,NONINCAPACITATING INJURY,22,9,41.8066508999,-87.7166010836,2024,35,POINT (-87.7166010836 41.8066508999),,,,,2024-09-26,False,56,Archer Heights
12057,30,NO CONTROLS,NO CONTROLS,CLEAR,DAWN,PEDALCYCLIST,NOT DIVIDED,STRAIGHT AND LEVEL,DRY,NO DEFECTS,,FAILING TO YIELD RIGHT-OF-WAY,NOT APPLICABLE,,INCAPACITATING INJURY,6,9,41.9023537692,-87.6300857696,2024,30,POINT (-87.6300857696 41.9023537692),,,,,2024-09-27,True,7,Near North Side
12058,30,NO CONTROLS,NO CONTROLS,CLEAR,DAYLIGHT,PEDALCYCLIST,NOT DIVIDED,STRAIGHT AND LEVEL,DRY,NO DEFECTS,,FOLLOWING TOO CLOSELY,UNABLE TO DETERMINE,,NONINCAPACITATING INJURY,12,9,41.9092806552,-87.6968877022,2024,30,POINT (-87.6968877022 41.9092806552),,,,,2024-09-27,False,22,Humboldt Park
12059,30,NO CONTROLS,NO CONTROLS,CLEAR,DAYLIGHT,PEDALCYCLIST,DIVIDED - W/MEDIAN (NOT RAISED),STRAIGHT AND LEVEL,DRY,NO DEFECTS,,FOLLOWING TOO CLOSELY,UNABLE TO DETERMINE,,NO INDICATION OF INJURY,12,9,41.9167242566,-87.6970297658,2024,30,POINT (-87.6970297658 41.9167242566),,,,,2024-09-27,False,21,Logan Square
12060,30,NO CONTROLS,NO CONTROLS,CLEAR,DAYLIGHT,PEDALCYCLIST,ONE-WAY,STRAIGHT AND LEVEL,DRY,NO DEFECTS,,FAILING TO YIELD RIGHT-OF-WAY,NOT APPLICABLE,Y,NONINCAPACITATING INJURY,12,9,41.8894266537,-87.6341681144,2024,30,POINT (-87.6341681144 41.8894266537),,,,,2024-09-27,False,7,Near North Side
12061,30,NO CONTROLS,NO CONTROLS,CLEAR,DAYLIGHT,PEDALCYCLIST,DIVIDED - W/MEDIAN (NOT RAISED),STRAIGHT AND LEVEL,DRY,NO DEFECTS,,UNABLE TO DETERMINE,UNABLE TO DETERMINE,Y,NONINCAPACITATING INJURY,13,9,41.9262421042,-87.7030233976,2024,30,POINT (-87.7030233976 41.9262421042),,,,,2024-09-27,False,21,Logan Square
12062,30,TRAFFIC SIGNAL,FUNCTIONING PROPERLY,CLEAR,DAYLIGHT,PEDALCYCLIST,FOUR WAY,STRAIGHT AND LEVEL,DRY,UNKNOWN,,UNABLE TO DETERMINE,UNABLE TO DETERMINE,,NONINCAPACITATING INJURY,14,9,41.8736241188,-87.7204065573,2024,30,POINT (-87.7204065573 41.8736241188),,,,,2024-09-27,False,25,Garfield Park
12063,30,TRAFFIC SIGNAL,FUNCTIONING PROPERLY,CLOUDY/OVERCAST,DAYLIGHT,PEDALCYCLIST,FOUR WAY,STRAIGHT AND LEVEL,DRY,NO DEFECTS,Y,DISREGARDING TRAFFIC SIGNALS,FAILING TO YIELD RIGHT-OF-WAY,,NONINCAPACITATING INJURY,14,9,41.8727994672,-87.6765666455,2024,30,POINT (-87.6765666455 41.8727994672),,,,,2024-09-27,False,27,Near West Side
12064,30,NO CONTROLS,NO CONTROLS,CLEAR,DAYLIGHT,PEDALCYCLIST,NOT DIVIDED,STRAIGHT AND LEVEL,DRY,UNKNOWN,,FAILING TO YIELD RIGHT-OF-WAY,FAILING TO YIELD RIGHT-OF-WAY,,NONINCAPACITATING INJURY,17,9,41.9662347048,-87.6422288326,2024,30,POINT (-87.6422288326 41.9662347048),,,,,2024-09-27,False,2,Uptown
12065,30,NO CONTROLS,NO CONTROLS,CLEAR,DUSK,PEDALCYCLIST,NOT DIVIDED,STRAIGHT AND LEVEL,DRY,NO DEFECTS,,FAILING TO YIELD RIGHT-OF-WAY,FAILING TO REDUCE SPEED TO AVOID CRASH,,NO INDICATION OF INJURY,17,9,41.9499611711,-87.6756711293,2024,30,POINT (-87.6756711293 41.9499611711),,,,,2024-09-27,False,4,North Center
12066,30,NO CONTROLS,NO CONTROLS,CLEAR,DAWN,PEDALCYCLIST,NOT DIVIDED,STRAIGHT AND LEVEL,DRY,NO DEFECTS,,NOT APPLICABLE,NOT APPLICABLE,Y,NONINCAPACITATING INJURY,17,9,41.9678410537,-87.7714116011,2024,30,POINT (-87.7714116011 41.9678410537),,,,,2024-09-27,False,10,Jefferson Park
12067,35,NO CONTROLS,NO CONTROLS,CLEAR,"DARKNESS, LIGHTED ROAD",PEDALCYCLIST,NOT DIVIDED,STRAIGHT AND LEVEL,DRY,NO DEFECTS,,IMPROPER LANE USAGE,IMPROPER LANE USAGE,,NO INDICATION OF INJURY,19,9,41.8732169991,-87.6756751765,2024,35,POINT (-87.6756751765 41.8732169991),,,,,2024-09-27,False,27,Near West Side
12068,35,TRAFFIC SIGNAL,FUNCTIONING PROPERLY,CLEAR,"DARKNESS, LIGHTED ROAD",PEDALCYCLIST,T-INTERSECTION,STRAIGHT AND LEVEL,DRY,NO DEFECTS,Y,DISREGARDING TRAFFIC SIGNALS,NOT APPLICABLE,,INCAPACITATING INJURY,22,9,41.8808927846,-87.6241895271,2024,35,POINT (-87.6241895271 41.8808927846),,,,,2024-09-27,True,31,Loop
12069,30,TRAFFIC SIGNAL,FUNCTIONING PROPERLY,CLEAR,"DARKNESS, LIGHTED ROAD",PEDALCYCLIST,FOUR WAY,STRAIGHT AND LEVEL,UNKNOWN,UNKNOWN,Y,DISREGARDING TRAFFIC SIGNALS,NOT APPLICABLE,,NO INDICATION OF INJURY,0,9,41.8524380492,-87.6661522304,2024,30,POINT (-87.6661522304 41.8524380492),,,,,2024-09-28,False,30,Lower West Side
12070,30,NO CONTROLS,NO CONTROLS,CLOUDY/OVERCAST,DAYLIGHT,PEDALCYCLIST,PARKING LOT,STRAIGHT AND LEVEL,DRY,NO DEFECTS,,FAILING TO YIELD RIGHT-OF-WAY,NOT APPLICABLE,,NONINCAPACITATING INJURY,12,9,41.81845057,-87.7042322507,2024,30,POINT (-87.7042322507 41.81845057),,,,,2024-09-28,False,57,Brighton Park
12071,30,NO CONTROLS,NO CONTROLS,CLEAR,DAYLIGHT,PEDALCYCLIST,NOT DIVIDED,STRAIGHT AND LEVEL,DRY,NO DEFECTS,,UNABLE TO DETERMINE,NOT APPLICABLE,Y,INCAPACITATING INJURY,13,9,41.9458927487,-87.6541392425,2024,30,POINT (-87.6541392425 41.9458927487),,,,,2024-09-28,True,5,Lake View
12072,30,PEDESTRIAN CROSSING SIGN,NO CONTROLS,CLOUDY/OVERCAST,DAYLIGHT,PEDALCYCLIST,DIVIDED - W/MEDIAN (NOT RAISED),STRAIGHT AND LEVEL,DRY,NO DEFECTS,Y,UNABLE TO DETERMINE,UNABLE TO DETERMINE,,INCAPACITATING INJURY,15,9,41.9471591136,-87.6651720201,2024,30,POINT (-87.6651720201 41.9471591136),,,,,2024-09-28,True,5,Lake View
12073,30,TRAFFIC SIGNAL,UNKNOWN,CLEAR,"DARKNESS, LIGHTED ROAD",PEDALCYCLIST,DIVIDED - W/MEDIAN (NOT RAISED),STRAIGHT AND LEVEL,DRY,UNKNOWN,,UNABLE TO DETERMINE,NOT APPLICABLE,,INCAPACITATING INJURY,22,9,41.8669927444,-87.7640623678,2024,30,POINT (-87.7640623678 41.8669927444),,,,,2024-09-28,True,24,Austin
12074,35,TRAFFIC SIGNAL,FUNCTIONING PROPERLY,CLEAR,"DARKNESS, LIGHTED ROAD",PEDALCYCLIST,ONE-WAY,STRAIGHT AND LEVEL,DRY,NO DEFECTS,Y,BICYCLE ADVANCING LEGALLY ON RED LIGHT,BICYCLE ADVANCING LEGALLY ON RED LIGHT,,INCAPACITATING INJURY,3,9,41.8915155159,-87.6311970679,2024,35,POINT (-87.6311970679 41.8915155159),,,,,2024-09-29,True,7,Near North Side
12075,30,UNKNOWN,UNKNOWN,UNKNOWN,UNKNOWN,PEDALCYCLIST,NOT DIVIDED,STRAIGHT AND LEVEL,UNKNOWN,UNKNOWN,N,UNABLE TO DETERMINE,DRIVING SKILLS/KNOWLEDGE/EXPERIENCE,N,NO INDICATION OF INJURY,6,9,41.8664395745,-87.6214988799,2024,30,POINT (-87.6214988799 41.8664395745),,,,,2024-09-29,False,32,Near South Side
12076,30,TRAFFIC SIGNAL,FUNCTIONING PROPERLY,CLOUDY/OVERCAST,DAYLIGHT,PEDALCYCLIST,DIVIDED - W/MEDIAN (NOT RAISED),STRAIGHT AND LEVEL,DRY,NO DEFECTS,Y,NOT APPLICABLE,NOT APPLICABLE,,NO INDICATION OF INJURY,15,9,41.8823392818,-87.7650780103,2024,30,POINT (-87.7650780103 41.8823392818),,,,,2024-09-29,False,24,Austin
12077,30,NO CONTROLS,NO CONTROLS,CLEAR,DAYLIGHT,PEDALCYCLIST,NOT DIVIDED,STRAIGHT AND LEVEL,DRY,NO DEFECTS,,UNABLE TO DETERMINE,UNABLE TO DETERMINE,,NONINCAPACITATING INJURY,15,9,41.9502903792,-87.6497315231,2024,30,POINT (-87.6497315231 41.9502903792),,,,,2024-09-29,False,5,Lake View
12078,30,NO CONTROLS,NO CONTROLS,CLEAR,DAYLIGHT,PEDALCYCLIST,DIVIDED - W/MEDIAN BARRIER,STRAIGHT AND LEVEL,DRY,NO DEFECTS,,UNABLE TO DETERMINE,NOT APPLICABLE,,NO INDICATION OF INJURY,15,9,41.883171112,-87.6245440168,2024,30,POINT (-87.6245440168 41.883171112),,,,,2024-09-29,False,31,Loop
12079,30,TRAFFIC SIGNAL,FUNCTIONING PROPERLY,CLEAR,DAYLIGHT,PEDALCYCLIST,FOUR WAY,STRAIGHT AND LEVEL,DRY,NO DEFECTS,Y,DISREGARDING TRAFFIC SIGNALS,"OPERATING VEHICLE IN ERRATIC, RECKLESS, CARELESS, NEGLIGENT OR AGGRESSIVE MANNER",,NO INDICATION OF INJURY,8,9,42.0053134964,-87.6802524202,2024,30,POINT (-87.6802524202 42.0053134964),,,,,2024-09-30,False,0,Rogers Park
12080,30,UNKNOWN,UNKNOWN,UNKNOWN,DAYLIGHT,PEDALCYCLIST,NOT DIVIDED,STRAIGHT AND LEVEL,UNKNOWN,UNKNOWN,,UNABLE TO DETERMINE,NOT APPLICABLE,,NONINCAPACITATING INJURY,11,9,41.927317158,-87.6413556406,2024,30,POINT (-87.6413556406 41.927317158),,,,,2024-09-30,False,6,Lincoln Park
12081,20,NO CONTROLS,NO CONTROLS,CLEAR,DAYLIGHT,PEDALCYCLIST,T-INTERSECTION,STRAIGHT AND LEVEL,DRY,NO DEFECTS,Y,IMPROPER TURNING/NO SIGNAL,NOT APPLICABLE,,"REPORTED, NOT EVIDENT",11,9,41.9434489431,-87.6549484902,2024,20,POINT (-87.6549484902 41.9434489431),,,,,2024-09-30,False,5,Lake View
12082,30,TRAFFIC SIGNAL,FUNCTIONING PROPERLY,CLEAR,DAYLIGHT,PEDALCYCLIST,NOT DIVIDED,STRAIGHT AND LEVEL,DRY,NO DEFECTS,,FOLLOWING TOO CLOSELY,FOLLOWING TOO CLOSELY,,"REPORTED, NOT EVIDENT",12,9,41.8085265716,-87.6837782353,2024,30,POINT (-87.6837782353 41.8085265716),,,,,2024-09-30,False,60,New City
12083,30,NO CONTROLS,NO CONTROLS,CLEAR,DAYLIGHT,PEDALCYCLIST,NOT DIVIDED,STRAIGHT AND LEVEL,DRY,NO DEFECTS,,IMPROPER TURNING/NO SIGNAL,NOT APPLICABLE,,NONINCAPACITATING INJURY,16,9,41.867143137,-87.6397161745,2024,30,POINT (-87.6397161745 41.867143137),,,,,2024-09-30,False,27,Near West Side
12084,30,YIELD,FUNCTIONING PROPERLY,CLEAR,DAYLIGHT,PEDALCYCLIST,DIVIDED - W/MEDIAN (NOT RAISED),STRAIGHT AND LEVEL,DRY,NO DEFECTS,,FAILING TO REDUCE SPEED TO AVOID CRASH,FOLLOWING TOO CLOSELY,,"REPORTED, NOT EVIDENT",16,9,41.9283797799,-87.6948798425,2024,30,POINT (-87.6948798425 41.9283797799),,,,,2024-09-30,False,21,Logan Square
12085,30,TRAFFIC SIGNAL,FUNCTIONING PROPERLY,CLEAR,DAYLIGHT,PEDALCYCLIST,DIVIDED - W/MEDIAN (NOT RAISED),STRAIGHT AND LEVEL,DRY,NO DEFECTS,,NOT APPLICABLE,NOT APPLICABLE,,NONINCAPACITATING INJURY,18,9,41.9100047229,-87.7117354041,2024,30,POINT (-87.7117354041 41.9100047229),,,,,2024-09-30,False,22,Humboldt Park
12086,30,NO CONTROLS,NO CONTROLS,CLEAR,"DARKNESS, LIGHTED ROAD",PEDALCYCLIST,OTHER,STRAIGHT AND LEVEL,DRY,UNKNOWN,,UNABLE TO DETERMINE,UNABLE TO DETERMINE,,NO INDICATION OF INJURY,18,9,41.927521601,-87.7657387016,2024,30,POINT (-87.7657387016 41.927521601),,,,,2024-09-30,False,18,Belmont Cragin
12087,30,TRAFFIC SIGNAL,FUNCTIONING PROPERLY,CLEAR,DARKNESS,PEDALCYCLIST,FOUR WAY,STRAIGHT AND LEVEL,DRY,NO DEFECTS,,FAILING TO YIELD RIGHT-OF-WAY,FAILING TO YIELD RIGHT-OF-WAY,N,NO INDICATION OF INJURY,20,9,41.8228977313,-87.6834169214,2024,30,POINT (-87.6834169214 41.8228977313),,,,,2024-09-30,False,60,New City
12088,30,TRAFFIC SIGNAL,FUNCTIONING PROPERLY,CLEAR,"DARKNESS, LIGHTED ROAD",PEDALCYCLIST,NOT DIVIDED,STRAIGHT AND LEVEL,DRY,NO DEFECTS,,UNABLE TO DETERMINE,NOT APPLICABLE,,"REPORTED, NOT EVIDENT",20,9,41.9250048673,-87.6877928032,2024,30,POINT (-87.6877928032 41.9250048673),,,,,2024-09-30,False,21,Logan Square
12089,30,STOP SIGN/FLASHER,FUNCTIONING PROPERLY,CLEAR,DAYLIGHT,PEDALCYCLIST,FOUR WAY,STRAIGHT AND LEVEL,DRY,NO DEFECTS,Y,FAILING TO YIELD RIGHT-OF-WAY,"VISION OBSCURED (SIGNS, TREE LIMBS, BUILDINGS, ETC.)",,NONINCAPACITATING INJURY,7,10,41.9811841067,-87.7878362525,2024,30,POINT (-87.7878362525 41.9811841067),,,,,2024-10-01,False,10,Jefferson Park
12090,30,TRAFFIC SIGNAL,FUNCTIONING PROPERLY,CLEAR,DAYLIGHT,PEDALCYCLIST,NOT DIVIDED,STRAIGHT AND LEVEL,DRY,NO DEFECTS,,UNABLE TO DETERMINE,UNABLE TO DETERMINE,N,NO INDICATION OF INJURY,8,10,41.917276738,-87.7265004555,2024,30,POINT (-87.7265004555 41.917276738),,,,,2024-10-01,False,19,Hermosa
12091,15,NO CONTROLS,NO CONTROLS,CLEAR,DAYLIGHT,PEDALCYCLIST,ALLEY,STRAIGHT AND LEVEL,DRY,NO DEFECTS,,UNABLE TO DETERMINE,NOT APPLICABLE,,NONINCAPACITATING INJURY,11,10,41.9802835821,-87.6695789437,2024,15,POINT (-87.6695789437 41.9802835821),,,,,2024-10-01,False,76,Edgewater
12092,10,UNKNOWN,UNKNOWN,CLEAR,DAYLIGHT,PEDALCYCLIST,DRIVEWAY,STRAIGHT AND LEVEL,DRY,UNKNOWN,,UNABLE TO DETERMINE,UNABLE TO DETERMINE,Y,NONINCAPACITATING INJURY,13,10,41.7222537495,-87.5837662401,2024,10,POINT (-87.5837662401 41.7222537495),,,,,2024-10-01,False,50,South Deering
12093,30,NO CONTROLS,NO CONTROLS,CLEAR,DAYLIGHT,PEDALCYCLIST,NOT DIVIDED,STRAIGHT AND LEVEL,UNKNOWN,UNKNOWN,,DRIVING SKILLS/KNOWLEDGE/EXPERIENCE,NOT APPLICABLE,,NONINCAPACITATING INJURY,13,10,41.9095342985,-87.7617309484,2024,30,POINT (-87.7617309484 41.9095342985),,,,,2024-10-01,False,24,Austin
12094,30,NO CONTROLS,UNKNOWN,CLEAR,DAYLIGHT,PEDALCYCLIST,NOT DIVIDED,STRAIGHT AND LEVEL,UNKNOWN,UNKNOWN,,UNABLE TO DETERMINE,UNABLE TO DETERMINE,,NONINCAPACITATING INJURY,15,10,41.8951916599,-87.729716556,2024,30,POINT (-87.729716556 41.8951916599),,,,,2024-10-01,False,22,Humboldt Park
12095,30,OTHER,FUNCTIONING PROPERLY,CLEAR,DAYLIGHT,PEDALCYCLIST,DIVIDED - W/MEDIAN (NOT RAISED),STRAIGHT AND LEVEL,DRY,NO DEFECTS,,FAILING TO YIELD RIGHT-OF-WAY,NOT APPLICABLE,Y,NONINCAPACITATING INJURY,15,10,41.9680749718,-87.6790196046,2024,30,POINT (-87.6790196046 41.9680749718),,,,,2024-10-01,False,3,Lincoln Square
12096,30,TRAFFIC SIGNAL,FUNCTIONING PROPERLY,CLEAR,DAYLIGHT,PEDALCYCLIST,FOUR WAY,STRAIGHT AND LEVEL,DRY,NO DEFECTS,Y,FAILING TO YIELD RIGHT-OF-WAY,FAILING TO REDUCE SPEED TO AVOID CRASH,,NONINCAPACITATING INJURY,17,10,41.9615472957,-87.6791081648,2024,30,POINT (-87.6791081648 41.9615472957),,,,,2024-10-01,False,3,Lincoln Square
12097,25,NO CONTROLS,NO CONTROLS,CLEAR,DARKNESS,PEDALCYCLIST,NOT DIVIDED,STRAIGHT AND LEVEL,DRY,NO DEFECTS,,UNABLE TO DETERMINE,NOT APPLICABLE,,NONINCAPACITATING INJURY,19,10,41.8820423229,-87.6863087667,2024,25,POINT (-87.6863087667 41.8820423229),,,,,2024-10-01,False,27,Near West Side
12098,30,NO CONTROLS,NO CONTROLS,CLEAR,DARKNESS,PEDALCYCLIST,NOT DIVIDED,STRAIGHT AND LEVEL,DRY,NO DEFECTS,,UNABLE TO DETERMINE,UNABLE TO DETERMINE,,NONINCAPACITATING INJURY,22,10,41.9105810762,-87.6782684067,2024,30,POINT (-87.6782684067 41.9105810762),,,,,2024-10-01,False,23,West Town
12099,30,TRAFFIC SIGNAL,FUNCTIONING PROPERLY,CLEAR,DAWN,PEDALCYCLIST,FOUR WAY,STRAIGHT AND LEVEL,DRY,NO DEFECTS,Y,FAILING TO REDUCE SPEED TO AVOID CRASH,UNABLE TO DETERMINE,,NONINCAPACITATING INJURY,5,10,41.8924773219,-87.6356711601,2024,30,POINT (-87.6356711601 41.8924773219),,,,,2024-10-02,False,7,Near North Side
12100,30,NO CONTROLS,NO CONTROLS,CLEAR,DAYLIGHT,PEDALCYCLIST,DIVIDED - W/MEDIAN (NOT RAISED),STRAIGHT AND LEVEL,DRY,NO DEFECTS,,DRIVING SKILLS/KNOWLEDGE/EXPERIENCE,IMPROPER LANE USAGE,,NO INDICATION OF INJURY,9,10,41.9330125906,-87.6591342169,2024,30,POINT (-87.6591342169 41.9330125906),,,,,2024-10-02,False,5,Lake View
12101,25,NO CONTROLS,NO CONTROLS,CLEAR,DAYLIGHT,PEDALCYCLIST,NOT DIVIDED,STRAIGHT AND LEVEL,DRY,NO DEFECTS,,UNABLE TO DETERMINE,UNABLE TO DETERMINE,,NONINCAPACITATING INJURY,10,10,41.9184921378,-87.6486690942,2024,25,POINT (-87.6486690942 41.9184921378),,,,,2024-10-02,False,6,Lincoln Park
12102,30,TRAFFIC SIGNAL,FUNCTIONING PROPERLY,CLEAR,DAYLIGHT,PEDALCYCLIST,FOUR WAY,STRAIGHT AND LEVEL,DRY,NO DEFECTS,Y,UNABLE TO DETERMINE,UNABLE TO DETERMINE,,"REPORTED, NOT EVIDENT",11,10,41.8733422777,-87.6765852135,2024,30,POINT (-87.6765852135 41.8733422777),,,,,2024-10-02,False,27,Near West Side
12103,30,NO CONTROLS,NO CONTROLS,CLEAR,DAYLIGHT,PEDALCYCLIST,DIVIDED - W/MEDIAN BARRIER,STRAIGHT AND LEVEL,DRY,NO DEFECTS,,FAILING TO REDUCE SPEED TO AVOID CRASH,UNABLE TO DETERMINE,,"REPORTED, NOT EVIDENT",12,10,41.9617979332,-87.6691193679,2024,30,POINT (-87.6691193679 41.9617979332),,,,,2024-10-02,False,2,Uptown
12104,30,UNKNOWN,UNKNOWN,UNKNOWN,UNKNOWN,PEDALCYCLIST,DIVIDED - W/MEDIAN (NOT RAISED),STRAIGHT AND LEVEL,UNKNOWN,UNKNOWN,,UNABLE TO DETERMINE,NOT APPLICABLE,,NONINCAPACITATING INJURY,14,10,41.9239929227,-87.7722109016,2024,30,POINT (-87.7722109016 41.9239929227),,,,,2024-10-02,False,18,Belmont Cragin
12105,35,TRAFFIC SIGNAL,FUNCTIONING IMPROPERLY,CLEAR,DAYLIGHT,PEDALCYCLIST,NOT DIVIDED,STRAIGHT AND LEVEL,DRY,NO DEFECTS,,NOT APPLICABLE,NOT APPLICABLE,,NO INDICATION OF INJURY,14,10,41.8890094526,-87.6445004202,2024,35,POINT (-87.6445004202 41.8890094526),,,,,2024-10-02,False,7,Near North Side
12106,30,TRAFFIC SIGNAL,UNKNOWN,CLEAR,DARKNESS,PEDALCYCLIST,T-INTERSECTION,STRAIGHT AND LEVEL,DRY,NO DEFECTS,,UNABLE TO DETERMINE,UNABLE TO DETERMINE,N,NONINCAPACITATING INJURY,18,10,41.7568458985,-87.605494637,2024,30,POINT (-87.605494637 41.7568458985),,,,,2024-10-02,False,68,Grand Crossing
12107,35,NO CONTROLS,UNKNOWN,UNKNOWN,UNKNOWN,PEDALCYCLIST,NOT DIVIDED,STRAIGHT AND LEVEL,UNKNOWN,UNKNOWN,,UNABLE TO DETERMINE,NOT APPLICABLE,,NONINCAPACITATING INJURY,18,10,41.9207615969,-87.6775834761,2024,35,POINT (-87.6775834761 41.9207615969),,,,,2024-10-02,False,6,Lincoln Park
12108,30,NO CONTROLS,NO CONTROLS,CLEAR,DAYLIGHT,PEDALCYCLIST,DIVIDED - W/MEDIAN (NOT RAISED),STRAIGHT AND LEVEL,DRY,NO DEFECTS,,FAILING TO YIELD RIGHT-OF-WAY,UNABLE TO DETERMINE,Y,INCAPACITATING INJURY,6,10,41.9035889405,-87.6771224157,2024,30,POINT (-87.6771224157 41.9035889405),,,,,2024-10-03,True,23,West Town
12109,30,TRAFFIC SIGNAL,UNKNOWN,CLEAR,DAYLIGHT,PEDALCYCLIST,DIVIDED - W/MEDIAN (NOT RAISED),STRAIGHT AND LEVEL,UNKNOWN,UNKNOWN,,UNABLE TO DETERMINE,NOT APPLICABLE,,NONINCAPACITATING INJURY,7,10,41.9739530902,-87.7087773978,2024,30,POINT (-87.7087773978 41.9739530902),,,,,2024-10-03,False,12,North Park
12110,30,NO CONTROLS,NO CONTROLS,CLEAR,DAYLIGHT,PEDALCYCLIST,Y-INTERSECTION,STRAIGHT AND LEVEL,DRY,NO DEFECTS,Y,UNABLE TO DETERMINE,UNABLE TO DETERMINE,,NONINCAPACITATING INJURY,7,10,41.9463595605,-87.7201809304,2024,30,POINT (-87.7201809304 41.9463595605),,,,,2024-10-03,False,15,Irving Park
12111,30,UNKNOWN,UNKNOWN,UNKNOWN,UNKNOWN,PEDALCYCLIST,NOT DIVIDED,STRAIGHT AND LEVEL,UNKNOWN,UNKNOWN,,UNABLE TO DETERMINE,UNABLE TO DETERMINE,,NONINCAPACITATING INJURY,11,10,41.9973009173,-87.6705310057,2024,30,POINT (-87.6705310057 41.9973009173),,,,,2024-10-03,False,76,Edgewater
12112,30,STOP SIGN/FLASHER,UNKNOWN,CLEAR,DAYLIGHT,PEDALCYCLIST,FOUR WAY,STRAIGHT AND LEVEL,DRY,UNKNOWN,Y,DISREGARDING OTHER TRAFFIC SIGNS,NOT APPLICABLE,,NONINCAPACITATING INJURY,12,10,41.8769386609,-87.7425526675,2024,30,POINT (-87.7425526675 41.8769386609),,,,,2024-10-03,False,24,Austin
12113,30,NO CONTROLS,NO CONTROLS,CLEAR,DAYLIGHT,PEDALCYCLIST,DIVIDED - W/MEDIAN (NOT RAISED),STRAIGHT AND LEVEL,DRY,NO DEFECTS,,FAILING TO YIELD RIGHT-OF-WAY,NOT APPLICABLE,,NO INDICATION OF INJURY,12,10,41.8841930626,-87.6534119166,2024,30,POINT (-87.6534119166 41.8841930626),,,,,2024-10-03,False,27,Near West Side
12114,30,NO CONTROLS,NO CONTROLS,CLEAR,DAYLIGHT,PEDALCYCLIST,ALLEY,STRAIGHT AND LEVEL,DRY,UNKNOWN,,UNABLE TO DETERMINE,UNABLE TO DETERMINE,,"REPORTED, NOT EVIDENT",14,10,41.8756770994,-87.752490737,2024,30,POINT (-87.752490737 41.8756770994),,,,,2024-10-03,False,24,Austin
12115,30,TRAFFIC SIGNAL,FUNCTIONING PROPERLY,CLEAR,DAYLIGHT,PEDALCYCLIST,DIVIDED - W/MEDIAN (NOT RAISED),STRAIGHT AND LEVEL,DRY,UNKNOWN,Y,UNABLE TO DETERMINE,UNABLE TO DETERMINE,,NONINCAPACITATING INJURY,14,10,41.7757453824,-87.6639709543,2024,30,POINT (-87.6639709543 41.7757453824),,,,,2024-10-03,False,66,Englewood
12116,30,TRAFFIC SIGNAL,FUNCTIONING PROPERLY,CLEAR,DAYLIGHT,PEDALCYCLIST,NOT DIVIDED,STRAIGHT AND LEVEL,DRY,NO DEFECTS,Y,"VISION OBSCURED (SIGNS, TREE LIMBS, BUILDINGS, ETC.)","VISION OBSCURED (SIGNS, TREE LIMBS, BUILDINGS, ETC.)",,NONINCAPACITATING INJURY,15,10,41.847242704,-87.6463443178,2024,30,POINT (-87.6463443178 41.847242704),,,,,2024-10-03,False,30,Lower West Side
12117,30,TRAFFIC SIGNAL,FUNCTIONING PROPERLY,CLEAR,DAYLIGHT,PEDALCYCLIST,FOUR WAY,STRAIGHT AND LEVEL,DRY,NO DEFECTS,Y,UNABLE TO DETERMINE,UNABLE TO DETERMINE,,"REPORTED, NOT EVIDENT",16,10,41.7623619184,-87.5863772347,2024,30,POINT (-87.5863772347 41.7623619184),,,,,2024-10-03,False,42,South Shore
12118,30,TRAFFIC SIGNAL,UNKNOWN,CLEAR,DAYLIGHT,PEDALCYCLIST,FOUR WAY,STRAIGHT AND LEVEL,DRY,UNKNOWN,,DISREGARDING OTHER TRAFFIC SIGNS,DISREGARDING OTHER TRAFFIC SIGNS,N,NONINCAPACITATING INJURY,17,10,41.7800082774,-87.6255225119,2024,30,POINT (-87.6255225119 41.7800082774),,,,,2024-10-03,False,68,Grand Crossing