Unnamed: 0,POSTED_SPEED_LIMIT,TRAFFIC_CONTROL_DEVICE,DEVICE_CONDITION,WEATHER_CONDITION,LIGHTING_CONDITION,FIRST_CRASH_TYPE,TRAFFICWAY_TYPE,ALIGNMENT,ROADWAY_SURFACE_COND,ROAD_DEFECT,INTERSECTION_RELATED_I,PRIM_CONTRIBUTORY_CAUSE,SEC_CONTRIBUTORY_CAUSE,DOORING_I,MOST_SEVERE_INJURY,CRASH_HOUR,CRASH_MONTH,LATITUDE,LONGITUDE,CRASH_YEAR,SPEED_LIMIT,geometry,DISPLAYROU,the_geom,DIST,LANE_TYPE,CRASH_DATE,is_severe,index_right,CArea
12183,30,NO CONTROLS,NO CONTROLS,UNKNOWN,"DARKNESS, LIGHTED ROAD",PEDALCYCLIST,DIVIDED - W/MEDIAN (NOT RAISED),STRAIGHT AND LEVEL,UNKNOWN,UNKNOWN,,UNABLE TO DETERMINE,NOT APPLICABLE,Y,NONINCAPACITATING INJURY,21,10,41.9103517539,-87.6946042609,2024,30,POINT (-87.6946042609 41.9103517539),,,,,2024-10-09,False,22,Humboldt Park
12184,30,TRAFFIC SIGNAL,FUNCTIONING PROPERLY,CLEAR,DAWN,PEDALCYCLIST,DIVIDED - W/MEDIAN (NOT RAISED),STRAIGHT AND LEVEL,DRY,NO DEFECTS,Y,FAILING TO REDUCE SPEED TO AVOID CRASH,IMPROPER OVERTAKING/PASSING,,NONINCAPACITATING INJURY,6,10,41.7515751796,-87.5855452131,2024,30,POINT (-87.5855452131 41.7515751796),,,,,2024-10-10,False,42,South Shore
12185,30,NO CONTROLS,NO CONTROLS,CLEAR,DAYLIGHT,PEDALCYCLIST,DIVIDED - W/MEDIAN (NOT RAISED),STRAIGHT AND LEVEL,DRY,NO DEFECTS,,FAILING TO YIELD RIGHT-OF-WAY,NOT APPLICABLE,,NO INDICATION OF INJURY,8,10,41.9089602474,-87.6754763711,2024,30,POINT (-87.6754763711 41.9089602474),,,,,2024-10-10,False,23,West Town
12186,30,TRAFFIC SIGNAL,FUNCTIONING PROPERLY,CLEAR,DAYLIGHT,PEDALCYCLIST,NOT DIVIDED,STRAIGHT AND LEVEL,DRY,NO DEFECTS,,IMPROPER LANE USAGE,NOT APPLICABLE,,NONINCAPACITATING INJURY,8,10,41.8964000539,-87.6537495116,2024,30,POINT (-87.6537495116 41.8964000539),,,,,2024-10-10,False,7,Near North Side
12187,30,STOP SIGN/FLASHER,NO CONTROLS,CLEAR,DAYLIGHT,PEDALCYCLIST,ONE-WAY,STRAIGHT AND LEVEL,DRY,NO DEFECTS,,IMPROPER OVERTAKING/PASSING,NOT APPLICABLE,,NO INDICATION OF INJURY,13,10,41.9662358012,-87.7232303044,2024,30,POINT (-87.7232303044 41.9662358012),,,,,2024-10-10,False,13,Albany Park
12188,35,TRAFFIC SIGNAL,UNKNOWN,CLEAR,DAYLIGHT,PEDALCYCLIST,ONE-WAY,STRAIGHT AND LEVEL,DRY,NO DEFECTS,,FAILING TO YIELD RIGHT-OF-WAY,NOT APPLICABLE,Y,NONINCAPACITATING INJURY,13,10,41.8834004451,-87.6337157261,2024,35,POINT (-87.6337157261 41.8834004451),,,,,2024-10-10,False,31,Loop
12189,30,NO CONTROLS,NO CONTROLS,CLEAR,DAYLIGHT,PEDALCYCLIST,NOT DIVIDED,STRAIGHT AND LEVEL,DRY,NO DEFECTS,,IMPROPER LANE USAGE,NOT APPLICABLE,,NO INDICATION OF INJURY,15,10,41.7032741627,-87.6283207257,2024,30,POINT (-87.6283207257 41.7032741627),,,,,2024-10-10,False,48,Roseland
12190,25,NO CONTROLS,NO CONTROLS,CLEAR,DAWN,PEDALCYCLIST,OTHER,STRAIGHT AND LEVEL,DRY,SHOULDER DEFECT,,FAILING TO YIELD RIGHT-OF-WAY,NOT APPLICABLE,,NONINCAPACITATING INJURY,16,10,41.782468608,-87.7052125093,2024,25,POINT (-87.7052125093 41.782468608),,,,,2024-10-10,False,65,Chicago Lawn
12191,30,NO CONTROLS,NO CONTROLS,CLEAR,DAYLIGHT,PEDALCYCLIST,NOT DIVIDED,STRAIGHT AND LEVEL,DRY,NO DEFECTS,,UNABLE TO DETERMINE,NOT APPLICABLE,,NONINCAPACITATING INJURY,17,10,41.9288373849,-87.67397132,2024,30,POINT (-87.67397132 41.9288373849),,,,,2024-10-10,False,6,Lincoln Park
12192,30,TRAFFIC SIGNAL,FUNCTIONING PROPERLY,CLEAR,DAYLIGHT,PEDALCYCLIST,NOT DIVIDED,STRAIGHT AND LEVEL,DRY,UNKNOWN,,FAILING TO YIELD RIGHT-OF-WAY,NOT APPLICABLE,,NONINCAPACITATING INJURY,17,10,41.9242504101,-87.6468775231,2024,30,POINT (-87.6468775231 41.9242504101),,,,,2024-10-10,False,6,Lincoln Park
12193,30,NO CONTROLS,NO CONTROLS,CLEAR,UNKNOWN,PEDALCYCLIST,NOT DIVIDED,STRAIGHT AND LEVEL,UNKNOWN,UNKNOWN,,IMPROPER TURNING/NO SIGNAL,NOT APPLICABLE,,NONINCAPACITATING INJURY,18,10,41.8937420775,-87.6948848527,2024,30,POINT (-87.6948848527 41.8937420775),,,,,2024-10-10,False,22,Humboldt Park
12194,25,TRAFFIC SIGNAL,FUNCTIONING PROPERLY,CLEAR,DARKNESS,PEDALCYCLIST,NOT DIVIDED,STRAIGHT AND LEVEL,DRY,NO DEFECTS,,IMPROPER TURNING/NO SIGNAL,NOT APPLICABLE,,NO INDICATION OF INJURY,19,10,41.9652551158,-87.6572185264,2024,25,POINT (-87.6572185264 41.9652551158),,,,,2024-10-10,False,2,Uptown
12195,30,TRAFFIC SIGNAL,FUNCTIONING PROPERLY,CLEAR,DARKNESS,PEDALCYCLIST,ONE-WAY,STRAIGHT AND LEVEL,DRY,NO DEFECTS,Y,FAILING TO REDUCE SPEED TO AVOID CRASH,FAILING TO REDUCE SPEED TO AVOID CRASH,,NONINCAPACITATING INJURY,19,10,41.8915359102,-87.6297237855,2024,30,POINT (-87.6297237855 41.8915359102),,,,,2024-10-10,False,7,Near North Side
12196,30,UNKNOWN,UNKNOWN,CLEAR,"DARKNESS, LIGHTED ROAD",PEDALCYCLIST,DIVIDED - W/MEDIAN (NOT RAISED),STRAIGHT AND LEVEL,DRY,UNKNOWN,,FAILING TO YIELD RIGHT-OF-WAY,FAILING TO YIELD RIGHT-OF-WAY,N,NONINCAPACITATING INJURY,19,10,41.8932306263,-87.6339646154,2024,30,POINT (-87.6339646154 41.8932306263),,,,,2024-10-10,False,7,Near North Side
12197,30,TRAFFIC SIGNAL,FUNCTIONING PROPERLY,CLEAR,DUSK,PEDALCYCLIST,FOUR WAY,STRAIGHT AND LEVEL,DRY,NO DEFECTS,Y,UNABLE TO DETERMINE,FAILING TO YIELD RIGHT-OF-WAY,,NONINCAPACITATING INJURY,19,10,41.9352888862,-87.7468664073,2024,30,POINT (-87.7468664073 41.9352888862),,,,,2024-10-10,False,18,Belmont Cragin
12198,30,UNKNOWN,UNKNOWN,CLEAR,DUSK,PEDALCYCLIST,NOT DIVIDED,STRAIGHT AND LEVEL,DRY,UNKNOWN,N,NOT APPLICABLE,UNABLE TO DETERMINE,,"REPORTED, NOT EVIDENT",20,10,41.8696086259,-87.6517162617,2024,30,POINT (-87.6517162617 41.8696086259),,,,,2024-10-10,False,27,Near West Side
12199,30,STOP SIGN/FLASHER,FUNCTIONING PROPERLY,CLEAR,DAYLIGHT,PEDALCYCLIST,ONE-WAY,STRAIGHT AND LEVEL,DRY,NO DEFECTS,,FAILING TO YIELD RIGHT-OF-WAY,NOT APPLICABLE,,NONINCAPACITATING INJURY,11,10,41.8480050898,-87.7086481221,2024,30,POINT (-87.7086481221 41.8480050898),,,,,2024-10-11,False,28,North Lawndale
12200,30,NO CONTROLS,NO CONTROLS,CLEAR,DAYLIGHT,PEDALCYCLIST,NOT DIVIDED,STRAIGHT AND LEVEL,DRY,NO DEFECTS,,UNABLE TO DETERMINE,UNABLE TO DETERMINE,,NONINCAPACITATING INJURY,14,10,41.927317158,-87.6413556406,2024,30,POINT (-87.6413556406 41.927317158),,,,,2024-10-11,False,6,Lincoln Park
12201,35,STOP SIGN/FLASHER,FUNCTIONING PROPERLY,CLEAR,DAYLIGHT,PEDALCYCLIST,FOUR WAY,STRAIGHT AND LEVEL,DRY,NO DEFECTS,Y,UNABLE TO DETERMINE,UNABLE TO DETERMINE,,NONINCAPACITATING INJURY,14,10,41.9127846776,-87.6346140195,2024,35,POINT (-87.6346140195 41.9127846776),,,,,2024-10-11,False,6,Lincoln Park
12202,30,TRAFFIC SIGNAL,FUNCTIONING PROPERLY,CLEAR,DAYLIGHT,PEDALCYCLIST,FOUR WAY,STRAIGHT AND LEVEL,DRY,NO DEFECTS,,UNABLE TO DETERMINE,NOT APPLICABLE,,NONINCAPACITATING INJURY,15,10,41.9611784957,-87.7181026024,2024,30,POINT (-87.7181026024 41.9611784957),,,,,2024-10-11,False,13,Albany Park
12203,30,TRAFFIC SIGNAL,FUNCTIONING PROPERLY,CLEAR,DAYLIGHT,PEDALCYCLIST,DIVIDED - W/MEDIAN (NOT RAISED),STRAIGHT AND LEVEL,DRY,NO DEFECTS,,FAILING TO REDUCE SPEED TO AVOID CRASH,UNABLE TO DETERMINE,,NONINCAPACITATING INJURY,15,10,41.9282219068,-87.727024943,2024,30,POINT (-87.727024943 41.9282219068),,,,,2024-10-11,False,19,Hermosa
12204,30,TRAFFIC SIGNAL,FUNCTIONING IMPROPERLY,CLEAR,DAYLIGHT,PEDALCYCLIST,FOUR WAY,STRAIGHT AND LEVEL,DRY,NO DEFECTS,Y,FAILING TO YIELD RIGHT-OF-WAY,FAILING TO REDUCE SPEED TO AVOID CRASH,,NONINCAPACITATING INJURY,15,10,41.9453733581,-87.8070703256,2024,30,POINT (-87.8070703256 41.9453733581),,,,,2024-10-11,False,16,Dunning
12205,30,TRAFFIC SIGNAL,FUNCTIONING PROPERLY,CLEAR,DAYLIGHT,PEDALCYCLIST,NOT DIVIDED,STRAIGHT AND LEVEL,DRY,NO DEFECTS,,NOT APPLICABLE,NOT APPLICABLE,Y,NO INDICATION OF INJURY,16,10,42.01146046,-87.6745934517,2024,30,POINT (-87.6745934517 42.01146046),,,,,2024-10-11,False,0,Rogers Park
12206,30,UNKNOWN,UNKNOWN,CLEAR,UNKNOWN,PEDALCYCLIST,NOT DIVIDED,STRAIGHT AND LEVEL,UNKNOWN,UNKNOWN,Y,DISREGARDING TRAFFIC SIGNALS,DRIVING SKILLS/KNOWLEDGE/EXPERIENCE,,NO INDICATION OF INJURY,17,10,41.8694038086,-87.624837105,2024,30,POINT (-87.624837105 41.8694038086),,,,,2024-10-11,False,31,Loop
12207,30,TRAFFIC SIGNAL,FUNCTIONING PROPERLY,CLEAR,DAYLIGHT,PEDALCYCLIST,T-INTERSECTION,STRAIGHT AND LEVEL,DRY,NO DEFECTS,Y,OBSTRUCTED CROSSWALKS,DISREGARDING TRAFFIC SIGNALS,,INCAPACITATING INJURY,17,10,41.909548356,-87.7605681406,2024,30,POINT (-87.7605681406 41.909548356),,,,,2024-10-11,True,24,Austin
12208,35,STOP SIGN/FLASHER,OTHER,CLEAR,DAWN,PEDALCYCLIST,NOT DIVIDED,STRAIGHT AND LEVEL,DRY,NO DEFECTS,,UNABLE TO DETERMINE,UNABLE TO DETERMINE,,NO INDICATION OF INJURY,18,10,41.8817906485,-87.6535141252,2024,35,POINT (-87.6535141252 41.8817906485),,,,,2024-10-11,False,27,Near West Side
12209,30,NO CONTROLS,NO CONTROLS,CLEAR,DUSK,PEDALCYCLIST,NOT DIVIDED,STRAIGHT AND LEVEL,DRY,NO DEFECTS,,UNABLE TO DETERMINE,UNABLE TO DETERMINE,,NONINCAPACITATING INJURY,18,10,41.7546049825,-87.5510457573,2024,30,POINT (-87.5510457573 41.7546049825),,,,,2024-10-11,False,42,South Shore
12210,30,NO CONTROLS,NO CONTROLS,CLEAR,"DARKNESS, LIGHTED ROAD",PEDALCYCLIST,NOT DIVIDED,STRAIGHT AND LEVEL,DRY,NO DEFECTS,,IMPROPER TURNING/NO SIGNAL,NOT APPLICABLE,,"REPORTED, NOT EVIDENT",19,10,41.9523238799,-87.6494927241,2024,30,POINT (-87.6494927241 41.9523238799),,,,,2024-10-11,False,5,Lake View
12211,30,TRAFFIC SIGNAL,FUNCTIONING PROPERLY,CLEAR,"DARKNESS, LIGHTED ROAD",PEDALCYCLIST,DIVIDED - W/MEDIAN BARRIER,STRAIGHT AND LEVEL,DRY,NO DEFECTS,Y,UNABLE TO DETERMINE,UNABLE TO DETERMINE,,NO INDICATION OF INJURY,0,10,41.8932995441,-87.6240646968,2024,30,POINT (-87.6240646968 41.8932995441),,,,,2024-10-12,False,7,Near North Side
12212,35,NO CONTROLS,NO CONTROLS,CLEAR,DAYLIGHT,PEDALCYCLIST,NOT DIVIDED,STRAIGHT AND LEVEL,DRY,NO DEFECTS,,UNABLE TO DETERMINE,UNABLE TO DETERMINE,,NONINCAPACITATING INJURY,7,10,41.823740223,-87.6159125529,2024,35,POINT (-87.6159125529 41.823740223),,,,,2024-10-12,False,34,Douglas
12213,30,NO CONTROLS,NO CONTROLS,CLEAR,DAYLIGHT,PEDALCYCLIST,NOT DIVIDED,STRAIGHT AND LEVEL,DRY,NO DEFECTS,,DISTRACTION - FROM INSIDE VEHICLE,NOT APPLICABLE,Y,NONINCAPACITATING INJURY,11,10,41.8719653531,-87.6253001222,2024,30,POINT (-87.6253001222 41.8719653531),,,,,2024-10-12,False,31,Loop
12214,30,NO CONTROLS,NO CONTROLS,CLEAR,DAYLIGHT,PEDALCYCLIST,NOT DIVIDED,STRAIGHT AND LEVEL,DRY,NO DEFECTS,,FAILING TO YIELD RIGHT-OF-WAY,NOT APPLICABLE,,"REPORTED, NOT EVIDENT",11,10,41.9510801605,-87.6497047056,2024,30,POINT (-87.6497047056 41.9510801605),,,,,2024-10-12,False,5,Lake View
12215,30,TRAFFIC SIGNAL,FUNCTIONING PROPERLY,CLEAR,DAYLIGHT,PEDALCYCLIST,DIVIDED - W/MEDIAN (NOT RAISED),STRAIGHT AND LEVEL,DRY,NO DEFECTS,,FAILING TO YIELD RIGHT-OF-WAY,FAILING TO REDUCE SPEED TO AVOID CRASH,,NONINCAPACITATING INJURY,11,10,41.9093627913,-87.7756436607,2024,30,POINT (-87.7756436607 41.9093627913),,,,,2024-10-12,False,24,Austin
12216,30,NO CONTROLS,NO CONTROLS,CLEAR,DAYLIGHT,PEDALCYCLIST,ONE-WAY,STRAIGHT AND LEVEL,DRY,NO DEFECTS,,FAILING TO YIELD RIGHT-OF-WAY,NOT APPLICABLE,Y,NONINCAPACITATING INJURY,11,10,41.8866238701,-87.6414788088,2024,30,POINT (-87.6414788088 41.8866238701),,,,,2024-10-12,False,7,Near North Side
12217,30,NO CONTROLS,NO CONTROLS,UNKNOWN,DAYLIGHT,PEDALCYCLIST,DIVIDED - W/MEDIAN (NOT RAISED),STRAIGHT AND LEVEL,UNKNOWN,NO DEFECTS,,UNABLE TO DETERMINE,NOT APPLICABLE,,"REPORTED, NOT EVIDENT",12,10,41.9685184976,-87.7126316575,2024,30,POINT (-87.7126316575 41.9685184976),,,,,2024-10-12,False,13,Albany Park
12218,30,STOP SIGN/FLASHER,FUNCTIONING PROPERLY,CLEAR,DAYLIGHT,PEDALCYCLIST,NOT DIVIDED,STRAIGHT AND LEVEL,DRY,NO DEFECTS,Y,UNABLE TO DETERMINE,UNABLE TO DETERMINE,,NONINCAPACITATING INJURY,12,10,41.9663954601,-87.6501885212,2024,30,POINT (-87.6501885212 41.9663954601),,,,,2024-10-12,False,2,Uptown
12219,30,NO CONTROLS,NO CONTROLS,CLEAR,DAYLIGHT,PEDALCYCLIST,DIVIDED - W/MEDIAN BARRIER,STRAIGHT AND LEVEL,DRY,NO DEFECTS,,FOLLOWING TOO CLOSELY,UNABLE TO DETERMINE,,INCAPACITATING INJURY,15,10,41.9110475412,-87.6353819801,2024,30,POINT (-87.6353819801 41.9110475412),,,,,2024-10-12,True,6,Lincoln Park
12220,30,BICYCLE CROSSING SIGN,FUNCTIONING PROPERLY,CLEAR,DUSK,PEDALCYCLIST,OTHER,STRAIGHT AND LEVEL,DRY,UNKNOWN,,FAILING TO YIELD RIGHT-OF-WAY,IMPROPER LANE USAGE,,NONINCAPACITATING INJURY,17,10,41.9886417739,-87.6700189331,2024,30,POINT (-87.6700189331 41.9886417739),,,,,2024-10-12,False,76,Edgewater
12221,30,NO CONTROLS,NO CONTROLS,CLEAR,"DARKNESS, LIGHTED ROAD",PEDALCYCLIST,NOT DIVIDED,STRAIGHT AND LEVEL,DRY,NO DEFECTS,,UNABLE TO DETERMINE,UNABLE TO DETERMINE,Y,NONINCAPACITATING INJURY,18,10,41.8855871247,-87.6448113092,2024,30,POINT (-87.6448113092 41.8855871247),,,,,2024-10-12,False,27,Near West Side
12222,30,UNKNOWN,UNKNOWN,CLEAR,"DARKNESS, LIGHTED ROAD",PEDALCYCLIST,FOUR WAY,STRAIGHT AND LEVEL,UNKNOWN,UNKNOWN,Y,UNABLE TO DETERMINE,NOT APPLICABLE,,"REPORTED, NOT EVIDENT",20,10,41.848242799,-87.6954908639,2024,30,POINT (-87.6954908639 41.848242799),,,,,2024-10-12,False,28,North Lawndale
12223,25,STOP SIGN/FLASHER,FUNCTIONING PROPERLY,CLEAR,"DARKNESS, LIGHTED ROAD",PEDALCYCLIST,T-INTERSECTION,STRAIGHT AND LEVEL,DRY,NO DEFECTS,Y,FAILING TO REDUCE SPEED TO AVOID CRASH,FAILING TO YIELD RIGHT-OF-WAY,N,NO INDICATION OF INJURY,22,10,41.9390447905,-87.7223515775,2024,25,POINT (-87.7223515775 41.9390447905),,,,,2024-10-12,False,15,Irving Park
12224,30,TRAFFIC SIGNAL,FUNCTIONING PROPERLY,CLEAR,"DARKNESS, LIGHTED ROAD",PEDALCYCLIST,FOUR WAY,STRAIGHT AND LEVEL,DRY,UNKNOWN,Y,FAILING TO YIELD RIGHT-OF-WAY,NOT APPLICABLE,,NONINCAPACITATING INJURY,0,10,41.9399678062,-87.6563926066,2024,30,POINT (-87.6563926066 41.9399678062),,,,,2024-10-13,False,5,Lake View
12225,20,UNKNOWN,FUNCTIONING PROPERLY,CLEAR,"DARKNESS, LIGHTED ROAD",PEDALCYCLIST,NOT DIVIDED,STRAIGHT AND LEVEL,DRY,NO DEFECTS,,"OPERATING VEHICLE IN ERRATIC, RECKLESS, CARELESS, NEGLIGENT OR AGGRESSIVE MANNER",NOT APPLICABLE,,INCAPACITATING INJURY,1,10,41.8549554284,-87.6662172533,2024,20,POINT (-87.6662172533 41.8549554284),,,,,2024-10-13,True,30,Lower West Side
12226,30,UNKNOWN,UNKNOWN,CLEAR,DAYLIGHT,PEDALCYCLIST,UNKNOWN,STRAIGHT AND LEVEL,UNKNOWN,UNKNOWN,,UNABLE TO DETERMINE,UNABLE TO DETERMINE,,"REPORTED, NOT EVIDENT",9,10,41.9279317269,-87.726723166,2024,30,POINT (-87.726723166 41.9279317269),,,,,2024-10-13,False,19,Hermosa
12227,30,TRAFFIC SIGNAL,FUNCTIONING PROPERLY,CLEAR,DAYLIGHT,PEDALCYCLIST,FOUR WAY,STRAIGHT AND LEVEL,UNKNOWN,UNKNOWN,Y,IMPROPER OVERTAKING/PASSING,IMPROPER OVERTAKING/PASSING,,NO INDICATION OF INJURY,10,10,41.8782111915,-87.6354986651,2024,30,POINT (-87.6354986651 41.8782111915),,,,,2024-10-13,False,27,Near West Side
12228,30,NO CONTROLS,NO CONTROLS,CLEAR,DAYLIGHT,PEDALCYCLIST,NOT DIVIDED,STRAIGHT AND LEVEL,DRY,NO DEFECTS,,UNABLE TO DETERMINE,NOT APPLICABLE,Y,NONINCAPACITATING INJURY,11,10,41.8444404228,-87.7183949235,2024,30,POINT (-87.7183949235 41.8444404228),,,,,2024-10-13,False,29,South Lawndale
12229,35,NO CONTROLS,NO CONTROLS,CLEAR,DAYLIGHT,PEDALCYCLIST,UNKNOWN,STRAIGHT AND LEVEL,DRY,UNKNOWN,,IMPROPER OVERTAKING/PASSING,UNABLE TO DETERMINE,,NO INDICATION OF INJURY,12,10,41.8631401396,-87.6223051175,2024,35,POINT (-87.6223051175 41.8631401396),,,,,2024-10-13,False,32,Near South Side
12230,35,TRAFFIC SIGNAL,UNKNOWN,CLEAR,DAYLIGHT,PEDALCYCLIST,DIVIDED - W/MEDIAN (NOT RAISED),STRAIGHT AND LEVEL,DRY,UNKNOWN,Y,DISREGARDING TRAFFIC SIGNALS,NOT APPLICABLE,N,INCAPACITATING INJURY,14,10,41.8312431125,-87.6169405356,2024,35,POINT (-87.6169405356 41.8312431125),,,,,2024-10-13,True,34,Douglas
12231,15,NO CONTROLS,NO CONTROLS,CLEAR,DAWN,PEDALCYCLIST,ALLEY,STRAIGHT AND LEVEL,DRY,NO DEFECTS,,UNABLE TO DETERMINE,UNABLE TO DETERMINE,,NONINCAPACITATING INJURY,17,10,41.8958970763,-87.6842776449,2024,15,POINT (-87.6842776449 41.8958970763),,,,,2024-10-13,False,23,West Town
12232,30,TRAFFIC SIGNAL,FUNCTIONING PROPERLY,CLEAR,DAYLIGHT,PEDALCYCLIST,FOUR WAY,STRAIGHT AND LEVEL,DRY,NO DEFECTS,Y,DISREGARDING TRAFFIC SIGNALS,DISREGARDING TRAFFIC SIGNALS,,"REPORTED, NOT EVIDENT",9,10,41.8987207697,-87.6242613303,2024,30,POINT (-87.6242613303 41.8987207697),,,,,2024-10-14,False,7,Near North Side
12233,30,STOP SIGN/FLASHER,FUNCTIONING PROPERLY,CLEAR,DAYLIGHT,PEDALCYCLIST,T-INTERSECTION,STRAIGHT AND LEVEL,DRY,NO DEFECTS,Y,FAILING TO YIELD RIGHT-OF-WAY,IMPROPER LANE USAGE,,"REPORTED, NOT EVIDENT",9,10,41.8777207176,-87.6593032105,2024,30,POINT (-87.6593032105 41.8777207176),,,,,2024-10-14,False,27,Near West Side
12234,30,TRAFFIC SIGNAL,FUNCTIONING PROPERLY,CLEAR,DARKNESS,PEDALCYCLIST,FOUR WAY,STRAIGHT AND LEVEL,DRY,UNKNOWN,Y,DISREGARDING TRAFFIC SIGNALS,DISREGARDING TRAFFIC SIGNALS,,NO INDICATION OF INJURY,12,10,41.8726538062,-87.6763468881,2024,30,POINT (-87.6763468881 41.8726538062),,,,,2024-10-14,False,27,Near West Side
12235,30,STOP SIGN/FLASHER,FUNCTIONING PROPERLY,CLEAR,DAYLIGHT,PEDALCYCLIST,FOUR WAY,STRAIGHT AND LEVEL,DRY,NO DEFECTS,,"OPERATING VEHICLE IN ERRATIC, RECKLESS, CARELESS, NEGLIGENT OR AGGRESSIVE MANNER",NOT APPLICABLE,,NONINCAPACITATING INJURY,13,10,41.9972052292,-87.7138323975,2024,30,POINT (-87.7138323975 41.9972052292),,,,,2024-10-14,False,12,North Park
12236,30,NO CONTROLS,NO CONTROLS,CLEAR,DAYLIGHT,PEDALCYCLIST,NOT DIVIDED,STRAIGHT AND LEVEL,DRY,UNKNOWN,,FOLLOWING TOO CLOSELY,NOT APPLICABLE,,NONINCAPACITATING INJURY,14,10,41.934916039,-87.6832313146,2024,30,POINT (-87.6832313146 41.934916039),,,,,2024-10-14,False,4,North Center
12237,30,TRAFFIC SIGNAL,FUNCTIONING PROPERLY,CLEAR,DAYLIGHT,PEDALCYCLIST,UNKNOWN INTERSECTION TYPE,STRAIGHT AND LEVEL,DRY,NO DEFECTS,Y,DISREGARDING TRAFFIC SIGNALS,DISREGARDING TRAFFIC SIGNALS,,NO INDICATION OF INJURY,16,10,41.8957456145,-87.6311527827,2024,30,POINT (-87.6311527827 41.8957456145),,,,,2024-10-14,False,7,Near North Side
12238,30,TRAFFIC SIGNAL,FUNCTIONING PROPERLY,CLEAR,"DARKNESS, LIGHTED ROAD",PEDALCYCLIST,FOUR WAY,STRAIGHT AND LEVEL,DRY,NO DEFECTS,Y,DISREGARDING TRAFFIC SIGNALS,FAILING TO YIELD RIGHT-OF-WAY,,NONINCAPACITATING INJURY,20,10,41.9282291019,-87.7172336753,2024,30,POINT (-87.7172336753 41.9282291019),,,,,2024-10-14,False,21,Logan Square
12239,30,STOP SIGN/FLASHER,UNKNOWN,UNKNOWN,UNKNOWN,PEDALCYCLIST,T-INTERSECTION,STRAIGHT AND LEVEL,UNKNOWN,UNKNOWN,Y,UNABLE TO DETERMINE,UNABLE TO DETERMINE,,NO INDICATION OF INJURY,7,10,41.9245687129,-87.6440204571,2024,30,POINT (-87.6440204571 41.9245687129),,,,,2024-10-15,False,6,Lincoln Park
12240,30,STOP SIGN/FLASHER,FUNCTIONING PROPERLY,UNKNOWN,DAYLIGHT,PEDALCYCLIST,NOT DIVIDED,STRAIGHT AND LEVEL,UNKNOWN,UNKNOWN,Y,FAILING TO YIELD RIGHT-OF-WAY,NOT APPLICABLE,,"REPORTED, NOT EVIDENT",14,10,41.9714698496,-87.7626263324,2024,30,POINT (-87.7626263324 41.9714698496),,,,,2024-10-15,False,10,Jefferson Park
12241,30,NO CONTROLS,NO CONTROLS,CLOUDY/OVERCAST,DAYLIGHT,PEDALCYCLIST,NOT DIVIDED,STRAIGHT AND LEVEL,WET,NO DEFECTS,,UNABLE TO DETERMINE,UNABLE TO DETERMINE,,NO INDICATION OF INJURY,15,10,41.8782171145,-87.6568848458,2024,30,POINT (-87.6568848458 41.8782171145),,,,,2024-10-15,False,27,Near West Side
12242,30,TRAFFIC SIGNAL,FUNCTIONING PROPERLY,FREEZING RAIN/DRIZZLE,DAYLIGHT,PEDALCYCLIST,FOUR WAY,STRAIGHT AND LEVEL,WET,UNKNOWN,Y,UNABLE TO DETERMINE,UNABLE TO DETERMINE,,NONINCAPACITATING INJURY,16,10,41.7723007591,-87.6640858699,2024,30,POINT (-87.6640858699 41.7723007591),,,,,2024-10-15,False,66,Englewood
12243,30,TRAFFIC SIGNAL,FUNCTIONING PROPERLY,CLEAR,DAWN,PEDALCYCLIST,DIVIDED - W/MEDIAN (NOT RAISED),STRAIGHT AND LEVEL,DRY,NO DEFECTS,Y,FAILING TO YIELD RIGHT-OF-WAY,FAILING TO YIELD RIGHT-OF-WAY,,NONINCAPACITATING INJURY,6,10,41.9828829463,-87.787588155,2024,30,POINT (-87.787588155 41.9828829463),,,,,2024-10-16,False,10,Jefferson Park
12244,30,NO CONTROLS,NO CONTROLS,CLEAR,DAYLIGHT,PEDALCYCLIST,NOT DIVIDED,STRAIGHT AND LEVEL,DRY,UNKNOWN,,FAILING TO YIELD RIGHT-OF-WAY,FAILING TO YIELD RIGHT-OF-WAY,,"REPORTED, NOT EVIDENT",13,10,41.8878081583,-87.6485452214,2024,30,POINT (-87.6485452214 41.8878081583),,,,,2024-10-16,False,7,Near North Side
12245,30,TRAFFIC SIGNAL,FUNCTIONING PROPERLY,CLEAR,DAYLIGHT,PEDALCYCLIST,FOUR WAY,STRAIGHT AND LEVEL,DRY,UNKNOWN,Y,UNABLE TO DETERMINE,NOT APPLICABLE,,NONINCAPACITATING INJURY,15,10,41.9892965304,-87.6698090487,2024,30,POINT (-87.6698090487 41.9892965304),,,,,2024-10-16,False,76,Edgewater
12246,30,NO CONTROLS,NO CONTROLS,CLEAR,DAYLIGHT,PEDALCYCLIST,NOT DIVIDED,STRAIGHT AND LEVEL,DRY,NO DEFECTS,,NOT APPLICABLE,NOT APPLICABLE,Y,NO INDICATION OF INJURY,16,10,41.9792887682,-87.6681497333,2024,30,POINT (-87.6681497333 41.9792887682),,,,,2024-10-16,False,76,Edgewater