Unnamed: 0,POSTED_SPEED_LIMIT,TRAFFIC_CONTROL_DEVICE,DEVICE_CONDITION,WEATHER_CONDITION,LIGHTING_CONDITION,FIRST_CRASH_TYPE,TRAFFICWAY_TYPE,ALIGNMENT,ROADWAY_SURFACE_COND,ROAD_DEFECT,INTERSECTION_RELATED_I,PRIM_CONTRIBUTORY_CAUSE,SEC_CONTRIBUTORY_CAUSE,DOORING_I,MOST_SEVERE_INJURY,CRASH_HOUR,CRASH_MONTH,LATITUDE,LONGITUDE,CRASH_YEAR,SPEED_LIMIT,geometry,DISPLAYROU,the_geom,DIST,LANE_TYPE,CRASH_DATE,is_severe,index_right,CArea
12247,35,UNKNOWN,UNKNOWN,CLEAR,DAYLIGHT,PEDALCYCLIST,NOT DIVIDED,STRAIGHT AND LEVEL,DRY,UNKNOWN,,FAILING TO YIELD RIGHT-OF-WAY,UNABLE TO DETERMINE,,NONINCAPACITATING INJURY,18,10,41.9646172576,-87.7182881888,2024,35,POINT (-87.7182881888 41.9646172576),,,,,2024-10-16,False,13,Albany Park
12248,30,TRAFFIC SIGNAL,FUNCTIONING PROPERLY,CLEAR,DAWN,PEDALCYCLIST,NOT DIVIDED,STRAIGHT AND LEVEL,UNKNOWN,UNKNOWN,,UNABLE TO DETERMINE,NOT APPLICABLE,,NO INDICATION OF INJURY,18,10,41.8785390058,-87.6862167013,2024,30,POINT (-87.6862167013 41.8785390058),,,,,2024-10-16,False,27,Near West Side
12249,30,TRAFFIC SIGNAL,FUNCTIONING PROPERLY,CLEAR,"DARKNESS, LIGHTED ROAD",PEDALCYCLIST,FOUR WAY,STRAIGHT AND LEVEL,DRY,NO DEFECTS,Y,FAILING TO YIELD RIGHT-OF-WAY,NOT APPLICABLE,,NONINCAPACITATING INJURY,19,10,41.8957033633,-87.6342531195,2024,30,POINT (-87.6342531195 41.8957033633),,,,,2024-10-16,False,7,Near North Side
12250,30,NO CONTROLS,NO CONTROLS,UNKNOWN,"DARKNESS, LIGHTED ROAD",PEDALCYCLIST,DIVIDED - W/MEDIAN (NOT RAISED),STRAIGHT AND LEVEL,UNKNOWN,NO DEFECTS,,NOT APPLICABLE,NOT APPLICABLE,Y,NO INDICATION OF INJURY,19,10,41.9267571509,-87.6717818882,2024,30,POINT (-87.6717818882 41.9267571509),,,,,2024-10-16,False,6,Lincoln Park
12251,30,NO CONTROLS,NO CONTROLS,UNKNOWN,UNKNOWN,PEDALCYCLIST,FOUR WAY,STRAIGHT AND LEVEL,UNKNOWN,UNKNOWN,Y,FAILING TO YIELD RIGHT-OF-WAY,NOT APPLICABLE,,NO INDICATION OF INJURY,14,10,41.9026628129,-87.7338083697,2024,30,POINT (-87.7338083697 41.9026628129),,,,,2024-10-17,False,22,Humboldt Park
12252,30,NO CONTROLS,NO CONTROLS,CLEAR,DAYLIGHT,PEDALCYCLIST,NOT DIVIDED,STRAIGHT AND LEVEL,DRY,NO DEFECTS,,UNABLE TO DETERMINE,NOT APPLICABLE,,"REPORTED, NOT EVIDENT",15,10,41.8085742387,-87.6955837973,2024,30,POINT (-87.6955837973 41.8085742387),,,,,2024-10-17,False,57,Brighton Park
12253,30,UNKNOWN,UNKNOWN,UNKNOWN,UNKNOWN,PEDALCYCLIST,NOT DIVIDED,STRAIGHT AND LEVEL,UNKNOWN,UNKNOWN,,IMPROPER LANE USAGE,DRIVING SKILLS/KNOWLEDGE/EXPERIENCE,N,NO INDICATION OF INJURY,15,10,41.8831034056,-87.6765422513,2024,30,POINT (-87.6765422513 41.8831034056),,,,,2024-10-17,False,27,Near West Side
12254,30,TRAFFIC SIGNAL,FUNCTIONING PROPERLY,CLEAR,DUSK,PEDALCYCLIST,FOUR WAY,STRAIGHT AND LEVEL,DRY,NO DEFECTS,Y,UNABLE TO DETERMINE,NOT APPLICABLE,,NONINCAPACITATING INJURY,17,10,41.8781950764,-87.6366005783,2024,30,POINT (-87.6366005783 41.8781950764),,,,,2024-10-17,False,27,Near West Side
12255,30,TRAFFIC SIGNAL,FUNCTIONING PROPERLY,CLEAR,DARKNESS,PEDALCYCLIST,"FIVE POINT, OR MORE",STRAIGHT AND LEVEL,DRY,NO DEFECTS,Y,DISREGARDING TRAFFIC SIGNALS,DISREGARDING TRAFFIC SIGNALS,,"REPORTED, NOT EVIDENT",21,10,41.8524434324,-87.665908048,2024,30,POINT (-87.665908048 41.8524434324),,,,,2024-10-17,False,30,Lower West Side
12256,30,NO CONTROLS,NO CONTROLS,CLEAR,DAYLIGHT,PEDALCYCLIST,NOT DIVIDED,STRAIGHT AND LEVEL,DRY,NO DEFECTS,,FAILING TO REDUCE SPEED TO AVOID CRASH,FOLLOWING TOO CLOSELY,,NONINCAPACITATING INJURY,7,10,41.8229727657,-87.6770222074,2024,30,POINT (-87.6770222074 41.8229727657),,,,,2024-10-18,False,58,Mckinley Park
12257,35,NO CONTROLS,UNKNOWN,CLEAR,DAYLIGHT,PEDALCYCLIST,ONE-WAY,STRAIGHT AND LEVEL,DRY,UNKNOWN,,IMPROPER TURNING/NO SIGNAL,IMPROPER OVERTAKING/PASSING,Y,NO INDICATION OF INJURY,7,10,41.9057186807,-87.7753384254,2024,35,POINT (-87.7753384254 41.9057186807),,,,,2024-10-18,False,24,Austin
12258,30,TRAFFIC SIGNAL,FUNCTIONING PROPERLY,CLEAR,DAYLIGHT,PEDALCYCLIST,NOT DIVIDED,STRAIGHT AND LEVEL,DRY,NO DEFECTS,,FAILING TO YIELD RIGHT-OF-WAY,NOT APPLICABLE,Y,"REPORTED, NOT EVIDENT",8,10,41.8890667845,-87.6332174466,2024,30,POINT (-87.6332174466 41.8890667845),,,,,2024-10-18,False,7,Near North Side
12259,30,STOP SIGN/FLASHER,FUNCTIONING PROPERLY,CLEAR,DAYLIGHT,PEDALCYCLIST,Y-INTERSECTION,STRAIGHT AND LEVEL,DRY,NO DEFECTS,,DRIVING SKILLS/KNOWLEDGE/EXPERIENCE,DRIVING SKILLS/KNOWLEDGE/EXPERIENCE,,NO INDICATION OF INJURY,8,10,42.019222415,-87.6682736943,2024,30,POINT (-87.6682736943 42.019222415),,,,,2024-10-18,False,0,Rogers Park
12260,30,TRAFFIC SIGNAL,FUNCTIONING PROPERLY,CLEAR,DAYLIGHT,PEDALCYCLIST,ONE-WAY,STRAIGHT AND LEVEL,DRY,NO DEFECTS,N,UNABLE TO DETERMINE,UNABLE TO DETERMINE,,NONINCAPACITATING INJURY,9,10,41.7942954882,-87.6226029911,2024,30,POINT (-87.6226029911 41.7942954882),,,,,2024-10-18,False,39,Washington Park
12261,30,NO CONTROLS,NO CONTROLS,CLEAR,DAYLIGHT,PEDALCYCLIST,DIVIDED - W/MEDIAN (NOT RAISED),STRAIGHT AND LEVEL,DRY,NO DEFECTS,,UNABLE TO DETERMINE,NOT APPLICABLE,,NONINCAPACITATING INJURY,13,10,41.7060601874,-87.7020611245,2024,30,POINT (-87.7020611245 41.7060601874),,,,,2024-10-18,False,73,Mount Greenwood
12262,30,STOP SIGN/FLASHER,NO CONTROLS,CLEAR,DAYLIGHT,PEDALCYCLIST,ONE-WAY,STRAIGHT AND LEVEL,DRY,NO DEFECTS,Y,UNABLE TO DETERMINE,UNABLE TO DETERMINE,,NO INDICATION OF INJURY,15,10,41.8110070469,-87.6230291092,2024,30,POINT (-87.6230291092 41.8110070469),,,,,2024-10-18,False,37,Grand Boulevard
12263,30,TRAFFIC SIGNAL,FUNCTIONING PROPERLY,CLEAR,DAYLIGHT,PEDALCYCLIST,DIVIDED - W/MEDIAN (NOT RAISED),STRAIGHT AND LEVEL,DRY,NO DEFECTS,Y,DISREGARDING TRAFFIC SIGNALS,FAILING TO REDUCE SPEED TO AVOID CRASH,,NONINCAPACITATING INJURY,16,10,41.977598688,-87.6891781011,2024,30,POINT (-87.6891781011 41.977598688),,,,,2024-10-18,False,3,Lincoln Square
12264,30,UNKNOWN,UNKNOWN,UNKNOWN,UNKNOWN,PEDALCYCLIST,NOT DIVIDED,STRAIGHT AND LEVEL,UNKNOWN,UNKNOWN,,UNABLE TO DETERMINE,UNABLE TO DETERMINE,Y,NO INDICATION OF INJURY,17,10,41.9237519359,-87.646605529,2024,30,POINT (-87.646605529 41.9237519359),,,,,2024-10-18,False,6,Lincoln Park
12265,30,UNKNOWN,UNKNOWN,UNKNOWN,UNKNOWN,PEDALCYCLIST,NOT DIVIDED,STRAIGHT AND LEVEL,UNKNOWN,UNKNOWN,,UNABLE TO DETERMINE,UNABLE TO DETERMINE,,NO INDICATION OF INJURY,18,10,41.932636261,-87.6606042221,2024,30,POINT (-87.6606042221 41.932636261),,,,,2024-10-18,False,5,Lake View
12266,30,NO CONTROLS,NO CONTROLS,CLEAR,DARKNESS,PEDALCYCLIST,NOT DIVIDED,STRAIGHT AND LEVEL,DRY,NO DEFECTS,,DRIVING SKILLS/KNOWLEDGE/EXPERIENCE,DRIVING SKILLS/KNOWLEDGE/EXPERIENCE,,NONINCAPACITATING INJURY,19,10,41.6519313583,-87.5300744981,2024,30,POINT (-87.5300744981 41.6519313583),,,,,2024-10-18,False,54,Hegewisch
12267,30,TRAFFIC SIGNAL,FUNCTIONING PROPERLY,CLEAR,DAYLIGHT,PEDALCYCLIST,NOT DIVIDED,STRAIGHT AND LEVEL,DRY,NO DEFECTS,Y,FAILING TO YIELD RIGHT-OF-WAY,IMPROPER TURNING/NO SIGNAL,,NONINCAPACITATING INJURY,12,10,41.9122921639,-87.6801038618,2024,30,POINT (-87.6801038618 41.9122921639),,,,,2024-10-19,False,6,Lincoln Park
12268,30,UNKNOWN,UNKNOWN,CLEAR,DAYLIGHT,PEDALCYCLIST,NOT DIVIDED,STRAIGHT AND LEVEL,UNKNOWN,UNKNOWN,Y,UNABLE TO DETERMINE,UNABLE TO DETERMINE,,NO INDICATION OF INJURY,13,10,41.9110025193,-87.6499648472,2024,30,POINT (-87.6499648472 41.9110025193),,,,,2024-10-19,False,6,Lincoln Park
12269,30,TRAFFIC SIGNAL,FUNCTIONING PROPERLY,CLEAR,DAYLIGHT,PEDALCYCLIST,FOUR WAY,STRAIGHT AND LEVEL,DRY,NO DEFECTS,Y,IMPROPER TURNING/NO SIGNAL,UNABLE TO DETERMINE,,"REPORTED, NOT EVIDENT",15,10,41.8820492907,-87.7013564212,2024,30,POINT (-87.7013564212 41.8820492907),,,,,2024-10-19,False,26,Garfield Park
12270,30,TRAFFIC SIGNAL,FUNCTIONING PROPERLY,CLEAR,DAYLIGHT,PEDALCYCLIST,DIVIDED - W/MEDIAN (NOT RAISED),STRAIGHT AND LEVEL,DRY,NO DEFECTS,Y,BICYCLE ADVANCING LEGALLY ON RED LIGHT,NOT APPLICABLE,,"REPORTED, NOT EVIDENT",15,10,41.8515857651,-87.7297679638,2024,30,POINT (-87.7297679638 41.8515857651),,,,,2024-10-19,False,28,North Lawndale
12271,30,STOP SIGN/FLASHER,FUNCTIONING PROPERLY,CLEAR,"DARKNESS, LIGHTED ROAD",PEDALCYCLIST,FOUR WAY,STRAIGHT AND LEVEL,DRY,NO DEFECTS,Y,FAILING TO YIELD RIGHT-OF-WAY,UNABLE TO DETERMINE,,NONINCAPACITATING INJURY,20,10,41.8857377123,-87.649752657,2024,30,POINT (-87.649752657 41.8857377123),,,,,2024-10-19,False,27,Near West Side
12272,35,UNKNOWN,UNKNOWN,CLEAR,"DARKNESS, LIGHTED ROAD",PEDALCYCLIST,UNKNOWN,STRAIGHT AND LEVEL,DRY,NO DEFECTS,,UNABLE TO DETERMINE,UNABLE TO DETERMINE,,NO INDICATION OF INJURY,22,10,41.8780843766,-87.6450380908,2024,35,POINT (-87.6450380908 41.8780843766),,,,,2024-10-19,False,27,Near West Side
12273,30,NO CONTROLS,NO CONTROLS,CLEAR,"DARKNESS, LIGHTED ROAD",PEDALCYCLIST,NOT DIVIDED,STRAIGHT AND LEVEL,DRY,UNKNOWN,,UNABLE TO DETERMINE,UNABLE TO DETERMINE,,NONINCAPACITATING INJURY,3,10,41.8938887533,-87.6335266368,2024,30,POINT (-87.6335266368 41.8938887533),,,,,2024-10-20,False,7,Near North Side
12274,30,TRAFFIC SIGNAL,FUNCTIONING PROPERLY,CLEAR,DAYLIGHT,PEDALCYCLIST,FOUR WAY,STRAIGHT AND LEVEL,DRY,NO DEFECTS,Y,UNABLE TO DETERMINE,UNABLE TO DETERMINE,,NONINCAPACITATING INJURY,11,10,41.8023675708,-87.6043547544,2024,30,POINT (-87.6043547544 41.8023675708),,,,,2024-10-20,False,38,Kenwood
12275,15,NO CONTROLS,NO CONTROLS,CLEAR,DAYLIGHT,PEDALCYCLIST,OTHER,STRAIGHT AND LEVEL,DRY,NO DEFECTS,,NOT APPLICABLE,NOT APPLICABLE,,NONINCAPACITATING INJURY,11,10,41.7062305057,-87.669312273,2024,15,POINT (-87.669312273 41.7062305057),,,,,2024-10-20,False,71,Beverly
12276,35,NO CONTROLS,NO CONTROLS,CLEAR,DAYLIGHT,PEDALCYCLIST,FOUR WAY,STRAIGHT AND LEVEL,DRY,NO DEFECTS,Y,FAILING TO YIELD RIGHT-OF-WAY,NOT APPLICABLE,,NONINCAPACITATING INJURY,17,10,41.7214327942,-87.6504623658,2024,35,POINT (-87.6504623658 41.7214327942),,,,,2024-10-20,False,72,Washington Heights
12277,30,TRAFFIC SIGNAL,FUNCTIONING PROPERLY,CLEAR,"DARKNESS, LIGHTED ROAD",PEDALCYCLIST,FOUR WAY,STRAIGHT AND LEVEL,DRY,UNKNOWN,Y,FAILING TO YIELD RIGHT-OF-WAY,DRIVING SKILLS/KNOWLEDGE/EXPERIENCE,N,NONINCAPACITATING INJURY,21,10,41.9685238442,-87.6887575155,2024,30,POINT (-87.6887575155 41.9685238442),,,,,2024-10-20,False,3,Lincoln Square
12278,35,NO CONTROLS,OTHER,CLEAR,"DARKNESS, LIGHTED ROAD",PEDALCYCLIST,NOT DIVIDED,STRAIGHT AND LEVEL,DRY,UNKNOWN,,IMPROPER OVERTAKING/PASSING,NOT APPLICABLE,,INCAPACITATING INJURY,21,10,41.8493508297,-87.6269680731,2024,35,POINT (-87.6269680731 41.8493508297),,,,,2024-10-20,True,32,Near South Side
12279,30,TRAFFIC SIGNAL,FUNCTIONING PROPERLY,CLEAR,DAYLIGHT,PEDALCYCLIST,NOT DIVIDED,STRAIGHT AND LEVEL,DRY,WORN SURFACE,Y,FAILING TO YIELD RIGHT-OF-WAY,FAILING TO YIELD RIGHT-OF-WAY,,NONINCAPACITATING INJURY,8,10,41.9072578294,-87.6601910264,2024,30,POINT (-87.6601910264 41.9072578294),,,,,2024-10-21,False,23,West Town
12280,30,NO CONTROLS,NO CONTROLS,CLEAR,DAYLIGHT,PEDALCYCLIST,ALLEY,STRAIGHT AND LEVEL,DRY,NO DEFECTS,,"VISION OBSCURED (SIGNS, TREE LIMBS, BUILDINGS, ETC.)","VISION OBSCURED (SIGNS, TREE LIMBS, BUILDINGS, ETC.)",,NONINCAPACITATING INJURY,11,10,41.9385614151,-87.6877533805,2024,30,POINT (-87.6877533805 41.9385614151),,,,,2024-10-21,False,4,North Center
12281,35,NO CONTROLS,NO CONTROLS,CLEAR,DAYLIGHT,PEDALCYCLIST,DIVIDED - W/MEDIAN BARRIER,STRAIGHT AND LEVEL,DRY,NO DEFECTS,,DRIVING SKILLS/KNOWLEDGE/EXPERIENCE,NOT APPLICABLE,,"REPORTED, NOT EVIDENT",14,10,41.8898747913,-87.6242597614,2024,35,POINT (-87.6242597614 41.8898747913),,,,,2024-10-21,False,7,Near North Side
12282,30,TRAFFIC SIGNAL,FUNCTIONING PROPERLY,CLEAR,DUSK,PEDALCYCLIST,FOUR WAY,STRAIGHT AND LEVEL,DRY,UNKNOWN,Y,UNABLE TO DETERMINE,UNABLE TO DETERMINE,,NONINCAPACITATING INJURY,17,10,41.8832549278,-87.6768151659,2024,30,POINT (-87.6768151659 41.8832549278),,,,,2024-10-21,False,27,Near West Side
12283,25,STOP SIGN/FLASHER,NO CONTROLS,CLEAR,DAYLIGHT,PEDALCYCLIST,DIVIDED - W/MEDIAN (NOT RAISED),STRAIGHT AND LEVEL,DRY,NO DEFECTS,Y,UNABLE TO DETERMINE,UNABLE TO DETERMINE,,NO INDICATION OF INJURY,8,10,41.9504671383,-87.7092951172,2024,25,POINT (-87.7092951172 41.9504671383),,,,,2024-10-22,False,15,Irving Park
12284,30,NO CONTROLS,NO CONTROLS,CLEAR,DAYLIGHT,PEDALCYCLIST,ONE-WAY,STRAIGHT AND LEVEL,DRY,NO DEFECTS,,FAILING TO REDUCE SPEED TO AVOID CRASH,NOT APPLICABLE,,NONINCAPACITATING INJURY,9,10,41.8885824368,-87.6294170136,2024,30,POINT (-87.6294170136 41.8885824368),,,,,2024-10-22,False,7,Near North Side
12285,30,TRAFFIC SIGNAL,UNKNOWN,UNKNOWN,UNKNOWN,PEDALCYCLIST,FOUR WAY,STRAIGHT AND LEVEL,UNKNOWN,UNKNOWN,Y,UNABLE TO DETERMINE,UNABLE TO DETERMINE,,NONINCAPACITATING INJURY,13,10,41.9400327811,-87.6494152111,2024,30,POINT (-87.6494152111 41.9400327811),,,,,2024-10-22,False,5,Lake View
12286,30,STOP SIGN/FLASHER,FUNCTIONING PROPERLY,CLEAR,DAYLIGHT,PEDALCYCLIST,FOUR WAY,STRAIGHT AND LEVEL,DRY,NO DEFECTS,,FAILING TO YIELD RIGHT-OF-WAY,FAILING TO YIELD RIGHT-OF-WAY,,NONINCAPACITATING INJURY,15,10,41.9791677988,-87.7865312332,2024,30,POINT (-87.7865312332 41.9791677988),,,,,2024-10-22,False,10,Jefferson Park
12287,30,TRAFFIC SIGNAL,FUNCTIONING PROPERLY,CLOUDY/OVERCAST,DAYLIGHT,PEDALCYCLIST,T-INTERSECTION,STRAIGHT AND LEVEL,DRY,NO DEFECTS,Y,DISREGARDING TRAFFIC SIGNALS,NOT APPLICABLE,,NO INDICATION OF INJURY,16,10,41.9647224182,-87.6858366785,2024,30,POINT (-87.6858366785 41.9647224182),,,,,2024-10-22,False,3,Lincoln Square
12288,30,TRAFFIC SIGNAL,FUNCTIONING PROPERLY,CLEAR,"DARKNESS, LIGHTED ROAD",PEDALCYCLIST,DIVIDED - W/MEDIAN BARRIER,STRAIGHT AND LEVEL,UNKNOWN,UNKNOWN,Y,DRIVING ON WRONG SIDE/WRONG WAY,IMPROPER LANE USAGE,,NO INDICATION OF INJURY,21,10,41.8697054313,-87.6470769198,2024,30,POINT (-87.6470769198 41.8697054313),,,,,2024-10-22,False,27,Near West Side
12289,30,TRAFFIC SIGNAL,FUNCTIONING PROPERLY,CLEAR,"DARKNESS, LIGHTED ROAD",PEDALCYCLIST,DIVIDED - W/MEDIAN BARRIER,STRAIGHT AND LEVEL,DRY,NO DEFECTS,Y,FAILING TO REDUCE SPEED TO AVOID CRASH,NOT APPLICABLE,,NO INDICATION OF INJURY,5,10,41.8757910592,-87.6241150123,2024,30,POINT (-87.6241150123 41.8757910592),,,,,2024-10-23,False,31,Loop
12290,30,NO CONTROLS,NO CONTROLS,CLEAR,DAYLIGHT,PEDALCYCLIST,DIVIDED - W/MEDIAN (NOT RAISED),STRAIGHT AND LEVEL,DRY,UNKNOWN,,FAILING TO YIELD RIGHT-OF-WAY,NOT APPLICABLE,,NO INDICATION OF INJURY,7,10,41.9522356314,-87.6779713589,2024,30,POINT (-87.6779713589 41.9522356314),,,,,2024-10-23,False,4,North Center
12291,30,TRAFFIC SIGNAL,UNKNOWN,CLEAR,DAYLIGHT,PEDALCYCLIST,DIVIDED - W/MEDIAN (NOT RAISED),STRAIGHT AND LEVEL,DRY,UNKNOWN,Y,FAILING TO YIELD RIGHT-OF-WAY,NOT APPLICABLE,,NO INDICATION OF INJURY,8,10,41.91108516,-87.6312595794,2024,30,POINT (-87.6312595794 41.91108516),,,,,2024-10-23,False,6,Lincoln Park
12292,30,UNKNOWN,UNKNOWN,CLEAR,DAYLIGHT,PEDALCYCLIST,NOT DIVIDED,STRAIGHT AND LEVEL,UNKNOWN,UNKNOWN,,UNABLE TO DETERMINE,UNABLE TO DETERMINE,,NO INDICATION OF INJURY,9,10,41.9054287827,-87.6594630227,2024,30,POINT (-87.6594630227 41.9054287827),,,,,2024-10-23,False,23,West Town
12293,20,NO CONTROLS,NO CONTROLS,CLEAR,DAYLIGHT,PEDALCYCLIST,PARKING LOT,STRAIGHT AND LEVEL,DRY,NO DEFECTS,,UNABLE TO DETERMINE,UNABLE TO DETERMINE,,"REPORTED, NOT EVIDENT",10,10,41.8083387628,-87.7430194569,2024,20,POINT (-87.7430194569 41.8083387628),,,,,2024-10-23,False,55,Garfield Ridge
12294,30,UNKNOWN,UNKNOWN,UNKNOWN,UNKNOWN,PEDALCYCLIST,NOT DIVIDED,STRAIGHT AND LEVEL,UNKNOWN,UNKNOWN,,NOT APPLICABLE,NOT APPLICABLE,,"REPORTED, NOT EVIDENT",13,10,41.9101844284,-87.6348269826,2024,30,POINT (-87.6348269826 41.9101844284),,,,,2024-10-23,False,7,Near North Side
12295,30,TRAFFIC SIGNAL,FUNCTIONING PROPERLY,CLEAR,DAYLIGHT,PEDALCYCLIST,FOUR WAY,STRAIGHT AND LEVEL,DRY,UNKNOWN,Y,UNABLE TO DETERMINE,UNABLE TO DETERMINE,,NO INDICATION OF INJURY,13,10,41.8237830123,-87.723921643,2024,30,POINT (-87.723921643 41.8237830123),,,,,2024-10-23,False,29,South Lawndale
12296,30,NO CONTROLS,NO CONTROLS,CLEAR,DAYLIGHT,PEDALCYCLIST,DRIVEWAY,STRAIGHT AND LEVEL,DRY,NO DEFECTS,,"VISION OBSCURED (SIGNS, TREE LIMBS, BUILDINGS, ETC.)",UNABLE TO DETERMINE,,NO INDICATION OF INJURY,13,10,41.9370913795,-87.6481880018,2024,30,POINT (-87.6481880018 41.9370913795),,,,,2024-10-23,False,5,Lake View
12297,30,UNKNOWN,UNKNOWN,UNKNOWN,DAYLIGHT,PEDALCYCLIST,NOT DIVIDED,STRAIGHT AND LEVEL,UNKNOWN,UNKNOWN,,UNABLE TO DETERMINE,UNABLE TO DETERMINE,,NO INDICATION OF INJURY,14,10,41.8934605036,-87.6412755231,2024,30,POINT (-87.6412755231 41.8934605036),,,,,2024-10-23,False,7,Near North Side
12298,30,NO CONTROLS,NO CONTROLS,CLEAR,DAYLIGHT,PEDALCYCLIST,NOT DIVIDED,STRAIGHT AND LEVEL,DRY,NO DEFECTS,,DRIVING SKILLS/KNOWLEDGE/EXPERIENCE,FAILING TO YIELD RIGHT-OF-WAY,N,NONINCAPACITATING INJURY,16,10,41.896458978,-87.6555258183,2024,30,POINT (-87.6555258183 41.896458978),,,,,2024-10-23,False,7,Near North Side
12299,30,NO CONTROLS,NO CONTROLS,CLEAR,DAYLIGHT,PEDALCYCLIST,NOT DIVIDED,STRAIGHT AND LEVEL,DRY,NO DEFECTS,,UNABLE TO DETERMINE,NOT APPLICABLE,,NONINCAPACITATING INJURY,17,10,41.9684234078,-87.7196256805,2024,30,POINT (-87.7196256805 41.9684234078),,,,,2024-10-23,False,13,Albany Park
12300,30,NO CONTROLS,NO CONTROLS,CLEAR,"DARKNESS, LIGHTED ROAD",PEDALCYCLIST,DIVIDED - W/MEDIAN (NOT RAISED),STRAIGHT AND LEVEL,DRY,NO DEFECTS,,IMPROPER OVERTAKING/PASSING,NOT APPLICABLE,,NO INDICATION OF INJURY,18,10,41.9235118102,-87.7923605086,2024,30,POINT (-87.7923605086 41.9235118102),,,,,2024-10-23,False,17,Montclare
12301,35,TRAFFIC SIGNAL,FUNCTIONING PROPERLY,CLEAR,"DARKNESS, LIGHTED ROAD",PEDALCYCLIST,DIVIDED - W/MEDIAN (NOT RAISED),STRAIGHT AND LEVEL,DRY,NO DEFECTS,Y,DISREGARDING TRAFFIC SIGNALS,NOT APPLICABLE,,"REPORTED, NOT EVIDENT",19,10,42.014923178,-87.6647917921,2024,35,POINT (-87.6647917921 42.014923178),,,,,2024-10-23,False,0,Rogers Park
12302,30,UNKNOWN,UNKNOWN,UNKNOWN,"DARKNESS, LIGHTED ROAD",PEDALCYCLIST,NOT DIVIDED,STRAIGHT AND LEVEL,UNKNOWN,UNKNOWN,,UNABLE TO DETERMINE,UNABLE TO DETERMINE,,NONINCAPACITATING INJURY,19,10,41.9251349437,-87.6779635455,2024,30,POINT (-87.6779635455 41.9251349437),,,,,2024-10-23,False,6,Lincoln Park
12303,30,TRAFFIC SIGNAL,FUNCTIONING PROPERLY,CLEAR,DARKNESS,PEDALCYCLIST,FOUR WAY,STRAIGHT AND LEVEL,DRY,UNKNOWN,Y,FAILING TO REDUCE SPEED TO AVOID CRASH,UNABLE TO DETERMINE,,NONINCAPACITATING INJURY,19,10,41.8857732835,-87.6475356917,2024,30,POINT (-87.6475356917 41.8857732835),,,,,2024-10-23,False,27,Near West Side
12304,25,TRAFFIC SIGNAL,UNKNOWN,CLEAR,DARKNESS,PEDALCYCLIST,DIVIDED - W/MEDIAN (NOT RAISED),STRAIGHT AND LEVEL,DRY,UNKNOWN,,FAILING TO YIELD RIGHT-OF-WAY,DISREGARDING TRAFFIC SIGNALS,,NONINCAPACITATING INJURY,21,10,41.903983207,-87.721244898,2024,25,POINT (-87.721244898 41.903983207),,,,,2024-10-23,False,22,Humboldt Park
12305,30,NO CONTROLS,NO CONTROLS,CLEAR,"DARKNESS, LIGHTED ROAD",PEDALCYCLIST,NOT DIVIDED,STRAIGHT AND LEVEL,DRY,NO DEFECTS,,UNABLE TO DETERMINE,UNABLE TO DETERMINE,,NONINCAPACITATING INJURY,0,10,41.9284474586,-87.7102458922,2024,30,POINT (-87.7102458922 41.9284474586),,,,,2024-10-24,False,21,Logan Square
12306,25,NO CONTROLS,NO CONTROLS,CLEAR,DAYLIGHT,PEDALCYCLIST,ONE-WAY,STRAIGHT AND LEVEL,DRY,NO DEFECTS,,NOT APPLICABLE,NOT APPLICABLE,Y,NONINCAPACITATING INJURY,8,10,42.0072780081,-87.6896497037,2024,25,POINT (-87.6896497037 42.0072780081),,,,,2024-10-24,False,1,West Ridge
12307,30,UNKNOWN,UNKNOWN,CLEAR,DAYLIGHT,PEDALCYCLIST,NOT DIVIDED,STRAIGHT AND LEVEL,DRY,UNKNOWN,,NOT APPLICABLE,NOT APPLICABLE,,"REPORTED, NOT EVIDENT",8,10,41.8443562652,-87.7087469931,2024,30,POINT (-87.7087469931 41.8443562652),,,,,2024-10-24,False,29,South Lawndale
12308,30,NO CONTROLS,NO CONTROLS,CLEAR,DAYLIGHT,PEDALCYCLIST,NOT DIVIDED,STRAIGHT AND LEVEL,DRY,NO DEFECTS,,UNABLE TO DETERMINE,NOT APPLICABLE,,NONINCAPACITATING INJURY,9,10,41.8810523792,-87.6172002214,2024,30,POINT (-87.6172002214 41.8810523792),,,,,2024-10-24,False,31,Loop
12309,25,TRAFFIC SIGNAL,FUNCTIONING PROPERLY,CLEAR,DAYLIGHT,PEDALCYCLIST,DIVIDED - W/MEDIAN (NOT RAISED),STRAIGHT AND LEVEL,DRY,NO DEFECTS,,FAILING TO YIELD RIGHT-OF-WAY,UNABLE TO DETERMINE,,"REPORTED, NOT EVIDENT",9,10,41.9472022255,-87.6566877556,2024,25,POINT (-87.6566877556 41.9472022255),,,,,2024-10-24,False,5,Lake View
12310,30,NO CONTROLS,NO CONTROLS,CLEAR,DAYLIGHT,PEDALCYCLIST,DIVIDED - W/MEDIAN (NOT RAISED),STRAIGHT AND LEVEL,DRY,NO DEFECTS,,UNABLE TO DETERMINE,UNABLE TO DETERMINE,Y,NONINCAPACITATING INJURY,10,10,41.9309866563,-87.6439049073,2024,30,POINT (-87.6439049073 41.9309866563),,,,,2024-10-24,False,6,Lincoln Park