Unnamed: 0,POSTED_SPEED_LIMIT,TRAFFIC_CONTROL_DEVICE,DEVICE_CONDITION,WEATHER_CONDITION,LIGHTING_CONDITION,FIRST_CRASH_TYPE,TRAFFICWAY_TYPE,ALIGNMENT,ROADWAY_SURFACE_COND,ROAD_DEFECT,INTERSECTION_RELATED_I,PRIM_CONTRIBUTORY_CAUSE,SEC_CONTRIBUTORY_CAUSE,DOORING_I,MOST_SEVERE_INJURY,CRASH_HOUR,CRASH_MONTH,LATITUDE,LONGITUDE,CRASH_YEAR,SPEED_LIMIT,geometry,DISPLAYROU,the_geom,DIST,LANE_TYPE,CRASH_DATE,is_severe,index_right,CArea
12311,30,STOP SIGN/FLASHER,FUNCTIONING PROPERLY,CLEAR,DAYLIGHT,PEDALCYCLIST,ONE-WAY,STRAIGHT AND LEVEL,DRY,UNKNOWN,Y,NOT APPLICABLE,FAILING TO YIELD RIGHT-OF-WAY,,NONINCAPACITATING INJURY,13,10,41.8947251763,-87.766573047,2024,30,POINT (-87.766573047 41.8947251763),,,,,2024-10-24,False,24,Austin
12312,30,TRAFFIC SIGNAL,FUNCTIONING PROPERLY,CLEAR,DAYLIGHT,PEDALCYCLIST,DIVIDED - W/MEDIAN (NOT RAISED),STRAIGHT AND LEVEL,DRY,NO DEFECTS,,TURNING RIGHT ON RED,FAILING TO YIELD RIGHT-OF-WAY,,NONINCAPACITATING INJURY,14,10,41.8575640708,-87.6390789106,2024,30,POINT (-87.6390789106 41.8575640708),,,,,2024-10-24,False,30,Lower West Side
12313,35,NO CONTROLS,NO CONTROLS,CLEAR,DAYLIGHT,PEDALCYCLIST,DIVIDED - W/MEDIAN (NOT RAISED),STRAIGHT AND LEVEL,DRY,NO DEFECTS,,NOT APPLICABLE,NOT APPLICABLE,Y,INCAPACITATING INJURY,15,10,41.7960055135,-87.6937142212,2024,35,POINT (-87.6937142212 41.7960055135),,,,,2024-10-24,True,62,Gage Park
12314,30,STOP SIGN/FLASHER,UNKNOWN,CLEAR,DAYLIGHT,PEDALCYCLIST,FOUR WAY,STRAIGHT AND LEVEL,UNKNOWN,UNKNOWN,Y,UNABLE TO DETERMINE,NOT APPLICABLE,,NO INDICATION OF INJURY,16,10,41.9273276751,-87.7955038959,2024,30,POINT (-87.7955038959 41.9273276751),,,,,2024-10-24,False,17,Montclare
12315,30,NO CONTROLS,NO CONTROLS,CLEAR,DAYLIGHT,PEDALCYCLIST,NOT DIVIDED,STRAIGHT AND LEVEL,DRY,NO DEFECTS,,FAILING TO YIELD RIGHT-OF-WAY,UNABLE TO DETERMINE,,NONINCAPACITATING INJURY,16,10,41.9708190933,-87.7135780972,2024,30,POINT (-87.7135780972 41.9708190933),,,,,2024-10-24,False,13,Albany Park
12316,30,TRAFFIC SIGNAL,UNKNOWN,CLEAR,DAYLIGHT,PEDALCYCLIST,FOUR WAY,STRAIGHT AND LEVEL,DRY,UNKNOWN,Y,UNABLE TO DETERMINE,NOT APPLICABLE,,"REPORTED, NOT EVIDENT",16,10,41.9295660044,-87.6863225241,2024,30,POINT (-87.6863225241 41.9295660044),,,,,2024-10-24,False,21,Logan Square
12317,30,TRAFFIC SIGNAL,FUNCTIONING PROPERLY,CLEAR,DAYLIGHT,PEDALCYCLIST,FOUR WAY,STRAIGHT AND LEVEL,DRY,NO DEFECTS,,FAILING TO YIELD RIGHT-OF-WAY,NOT APPLICABLE,,NO INDICATION OF INJURY,16,10,41.8697054313,-87.6470769198,2024,30,POINT (-87.6470769198 41.8697054313),,,,,2024-10-24,False,27,Near West Side
12318,30,NO CONTROLS,NO CONTROLS,CLEAR,"DARKNESS, LIGHTED ROAD",PEDALCYCLIST,DIVIDED - W/MEDIAN (NOT RAISED),STRAIGHT AND LEVEL,DRY,NO DEFECTS,,UNABLE TO DETERMINE,UNABLE TO DETERMINE,,NONINCAPACITATING INJURY,18,10,41.8722997062,-87.6240313672,2024,30,POINT (-87.6240313672 41.8722997062),,,,,2024-10-24,False,31,Loop
12319,30,TRAFFIC SIGNAL,FUNCTIONING PROPERLY,CLEAR,"DARKNESS, LIGHTED ROAD",PEDALCYCLIST,DIVIDED - W/MEDIAN (NOT RAISED),STRAIGHT AND LEVEL,DRY,UNKNOWN,,UNABLE TO DETERMINE,NOT APPLICABLE,,"REPORTED, NOT EVIDENT",19,10,41.931607951,-87.697755776,2024,30,POINT (-87.697755776 41.931607951),,,,,2024-10-24,False,21,Logan Square
12320,30,UNKNOWN,FUNCTIONING PROPERLY,CLEAR,"DARKNESS, LIGHTED ROAD",PEDALCYCLIST,DIVIDED - W/MEDIAN (NOT RAISED),STRAIGHT AND LEVEL,UNKNOWN,OTHER,,FAILING TO YIELD RIGHT-OF-WAY,UNABLE TO DETERMINE,N,NONINCAPACITATING INJURY,21,10,41.9091996355,-87.6753987614,2024,30,POINT (-87.6753987614 41.9091996355),,,,,2024-10-24,False,23,West Town
12321,30,NO CONTROLS,NO CONTROLS,CLEAR,"DARKNESS, LIGHTED ROAD",PEDALCYCLIST,NOT DIVIDED,STRAIGHT AND LEVEL,DRY,NO DEFECTS,,NOT APPLICABLE,NOT APPLICABLE,,NONINCAPACITATING INJURY,23,10,41.8151557491,-87.6722806168,2024,30,POINT (-87.6722806168 41.8151557491),,,,,2024-10-24,False,60,New City
12322,30,TRAFFIC SIGNAL,FUNCTIONING PROPERLY,RAIN,"DARKNESS, LIGHTED ROAD",PEDALCYCLIST,NOT DIVIDED,STRAIGHT AND LEVEL,WET,NO DEFECTS,Y,FAILING TO YIELD RIGHT-OF-WAY,NOT APPLICABLE,,NO INDICATION OF INJURY,0,10,41.8856393294,-87.6522890873,2024,30,POINT (-87.6522890873 41.8856393294),,,,,2024-10-25,False,27,Near West Side
12323,30,STOP SIGN/FLASHER,OTHER,CLEAR,DAYLIGHT,PEDALCYCLIST,DIVIDED - W/MEDIAN BARRIER,STRAIGHT AND LEVEL,UNKNOWN,UNKNOWN,,UNABLE TO DETERMINE,NOT APPLICABLE,,NO INDICATION OF INJURY,8,10,41.9935137418,-87.7126882417,2024,30,POINT (-87.7126882417 41.9935137418),,,,,2024-10-25,False,12,North Park
12324,25,STOP SIGN/FLASHER,FUNCTIONING PROPERLY,CLEAR,DAYLIGHT,PEDALCYCLIST,FOUR WAY,STRAIGHT AND LEVEL,DRY,NO DEFECTS,Y,FAILING TO YIELD RIGHT-OF-WAY,DRIVING SKILLS/KNOWLEDGE/EXPERIENCE,,NONINCAPACITATING INJURY,12,10,41.9664935034,-87.6429174778,2024,25,POINT (-87.6429174778 41.9664935034),,,,,2024-10-25,False,2,Uptown
12325,25,TRAFFIC SIGNAL,FUNCTIONING PROPERLY,CLEAR,DAYLIGHT,PEDALCYCLIST,FOUR WAY,STRAIGHT AND LEVEL,DRY,UNKNOWN,,FAILING TO YIELD RIGHT-OF-WAY,NOT APPLICABLE,,NONINCAPACITATING INJURY,13,10,41.8596824524,-87.6597734343,2024,25,POINT (-87.6597734343 41.8596824524),,,,,2024-10-25,False,27,Near West Side
12326,30,NO CONTROLS,NO CONTROLS,CLEAR,DAYLIGHT,PEDALCYCLIST,ALLEY,STRAIGHT AND LEVEL,DRY,NO DEFECTS,,NOT APPLICABLE,NOT APPLICABLE,,NONINCAPACITATING INJURY,15,10,41.7496902358,-87.7212362664,2024,30,POINT (-87.7212362664 41.7496902358),,,,,2024-10-25,False,69,Ashburn
12327,25,STOP SIGN/FLASHER,UNKNOWN,RAIN,DAYLIGHT,PEDALCYCLIST,DIVIDED - W/MEDIAN (NOT RAISED),STRAIGHT AND LEVEL,DRY,UNKNOWN,Y,FAILING TO YIELD RIGHT-OF-WAY,IMPROPER OVERTAKING/PASSING,,NONINCAPACITATING INJURY,15,10,41.8567745183,-87.646466244,2024,25,POINT (-87.646466244 41.8567745183),,,,,2024-10-25,False,30,Lower West Side
12328,30,TRAFFIC SIGNAL,NO CONTROLS,CLEAR,"DARKNESS, LIGHTED ROAD",PEDALCYCLIST,NOT DIVIDED,STRAIGHT AND LEVEL,DRY,NO DEFECTS,Y,UNABLE TO DETERMINE,NOT APPLICABLE,,NONINCAPACITATING INJURY,18,10,41.9687879038,-87.667587824,2024,30,POINT (-87.667587824 41.9687879038),,,,,2024-10-25,False,2,Uptown
12329,30,STOP SIGN/FLASHER,FUNCTIONING PROPERLY,UNKNOWN,DARKNESS,PEDALCYCLIST,DIVIDED - W/MEDIAN BARRIER,STRAIGHT AND LEVEL,OTHER,UNKNOWN,,IMPROPER TURNING/NO SIGNAL,DRIVING SKILLS/KNOWLEDGE/EXPERIENCE,,NO INDICATION OF INJURY,19,10,41.8867789914,-87.6281185517,2024,30,POINT (-87.6281185517 41.8867789914),,,,,2024-10-25,False,7,Near North Side
12330,30,NO CONTROLS,NO CONTROLS,CLEAR,"DARKNESS, LIGHTED ROAD",PEDALCYCLIST,DIVIDED - W/MEDIAN BARRIER,STRAIGHT AND LEVEL,DRY,NO DEFECTS,,FAILING TO YIELD RIGHT-OF-WAY,IMPROPER TURNING/NO SIGNAL,,NONINCAPACITATING INJURY,19,10,41.8934906417,-87.6509256458,2024,30,POINT (-87.6509256458 41.8934906417),,,,,2024-10-25,False,7,Near North Side
12331,30,TRAFFIC SIGNAL,UNKNOWN,UNKNOWN,DAWN,PEDALCYCLIST,DIVIDED - W/MEDIAN (NOT RAISED),STRAIGHT AND LEVEL,UNKNOWN,UNKNOWN,,UNABLE TO DETERMINE,NOT APPLICABLE,,NONINCAPACITATING INJURY,6,10,41.9974588582,-87.7657541858,2024,30,POINT (-87.7657541858 41.9974588582),,,,,2024-10-26,False,11,Forest Glen
12332,35,NO CONTROLS,NO CONTROLS,CLEAR,DAYLIGHT,PEDALCYCLIST,NOT DIVIDED,STRAIGHT AND LEVEL,DRY,NO DEFECTS,,UNABLE TO DETERMINE,UNABLE TO DETERMINE,,NONINCAPACITATING INJURY,13,10,41.8967464354,-87.6311745036,2024,35,POINT (-87.6311745036 41.8967464354),,,,,2024-10-26,False,7,Near North Side
12333,25,NO CONTROLS,NO CONTROLS,CLEAR,DAYLIGHT,PEDALCYCLIST,ONE-WAY,STRAIGHT AND LEVEL,DRY,NO DEFECTS,,UNABLE TO DETERMINE,NOT APPLICABLE,,NONINCAPACITATING INJURY,14,10,41.9797965877,-87.6642508186,2024,25,POINT (-87.6642508186 41.9797965877),,,,,2024-10-26,False,76,Edgewater
12334,30,NO CONTROLS,NO CONTROLS,CLEAR,DAYLIGHT,PEDALCYCLIST,NOT DIVIDED,STRAIGHT AND LEVEL,DRY,NO DEFECTS,Y,UNABLE TO DETERMINE,NOT APPLICABLE,,NO INDICATION OF INJURY,14,10,41.8466115003,-87.646322101,2024,30,POINT (-87.646322101 41.8466115003),,,,,2024-10-26,False,30,Lower West Side
12335,30,UNKNOWN,UNKNOWN,CLEAR,DAYLIGHT,PEDALCYCLIST,ONE-WAY,STRAIGHT AND LEVEL,UNKNOWN,UNKNOWN,Y,UNABLE TO DETERMINE,NOT APPLICABLE,,NONINCAPACITATING INJURY,15,10,41.8923738725,-87.7462889808,2024,30,POINT (-87.7462889808 41.8923738725),,,,,2024-10-26,False,24,Austin
12336,30,STOP SIGN/FLASHER,FUNCTIONING PROPERLY,CLEAR,DAYLIGHT,PEDALCYCLIST,NOT DIVIDED,STRAIGHT AND LEVEL,DRY,NO DEFECTS,Y,FAILING TO YIELD RIGHT-OF-WAY,NOT APPLICABLE,,NONINCAPACITATING INJURY,17,10,41.9609754265,-87.716661139,2024,30,POINT (-87.716661139 41.9609754265),,,,,2024-10-26,False,13,Albany Park
12337,30,UNKNOWN,UNKNOWN,CLEAR,"DARKNESS, LIGHTED ROAD",PEDALCYCLIST,DIVIDED - W/MEDIAN BARRIER,STRAIGHT AND LEVEL,UNKNOWN,UNKNOWN,,UNABLE TO DETERMINE,UNABLE TO DETERMINE,Y,NONINCAPACITATING INJURY,19,10,41.891120593,-87.6239887043,2024,30,POINT (-87.6239887043 41.891120593),,,,,2024-10-26,False,7,Near North Side
12338,30,NO CONTROLS,NO CONTROLS,CLEAR,"DARKNESS, LIGHTED ROAD",PEDALCYCLIST,NOT DIVIDED,STRAIGHT AND LEVEL,DRY,NO DEFECTS,,UNABLE TO DETERMINE,NOT APPLICABLE,,"REPORTED, NOT EVIDENT",19,10,41.844266447,-87.7315409673,2024,30,POINT (-87.7315409673 41.844266447),,,,,2024-10-26,False,29,South Lawndale
12339,30,NO CONTROLS,NO CONTROLS,CLEAR,"DARKNESS, LIGHTED ROAD",PEDALCYCLIST,FOUR WAY,STRAIGHT AND LEVEL,DRY,NO DEFECTS,Y,DRIVING SKILLS/KNOWLEDGE/EXPERIENCE,NOT APPLICABLE,,NONINCAPACITATING INJURY,19,10,41.9387081384,-87.7592866286,2024,30,POINT (-87.7592866286 41.9387081384),,,,,2024-10-26,False,14,Portage Park
12340,30,TRAFFIC SIGNAL,FUNCTIONING PROPERLY,CLEAR,DARKNESS,PEDALCYCLIST,DIVIDED - W/MEDIAN (NOT RAISED),STRAIGHT AND LEVEL,DRY,NO DEFECTS,Y,FAILING TO YIELD RIGHT-OF-WAY,UNABLE TO DETERMINE,,"REPORTED, NOT EVIDENT",21,10,41.9542455897,-87.6641794847,2024,30,POINT (-87.6641794847 41.9542455897),,,,,2024-10-26,False,5,Lake View
12341,30,UNKNOWN,NO CONTROLS,CLEAR,"DARKNESS, LIGHTED ROAD",PEDALCYCLIST,DIVIDED - W/MEDIAN (NOT RAISED),STRAIGHT AND LEVEL,DRY,NO DEFECTS,,NOT APPLICABLE,NOT APPLICABLE,Y,NONINCAPACITATING INJURY,21,10,41.8665660833,-87.6470507369,2024,30,POINT (-87.6470507369 41.8665660833),,,,,2024-10-26,False,27,Near West Side
12342,30,NO CONTROLS,NO CONTROLS,CLEAR,"DARKNESS, LIGHTED ROAD",PEDALCYCLIST,ONE-WAY,STRAIGHT AND LEVEL,DRY,NO DEFECTS,,FAILING TO REDUCE SPEED TO AVOID CRASH,UNABLE TO DETERMINE,,FATAL,4,10,41.8566564752,-87.6449066581,2024,30,POINT (-87.6449066581 41.8566564752),,,,,2024-10-27,True,30,Lower West Side
12343,5,NO CONTROLS,NO CONTROLS,CLEAR,DAYLIGHT,PEDALCYCLIST,DRIVEWAY,STRAIGHT AND LEVEL,DRY,NO DEFECTS,,UNABLE TO DETERMINE,UNABLE TO DETERMINE,,"REPORTED, NOT EVIDENT",12,10,41.9859279924,-87.7286634185,2024,5,POINT (-87.7286634185 41.9859279924),,,,,2024-10-27,False,11,Forest Glen
12344,30,NO CONTROLS,NO CONTROLS,CLEAR,DAYLIGHT,PEDALCYCLIST,NOT DIVIDED,STRAIGHT AND LEVEL,DRY,NO DEFECTS,,FAILING TO REDUCE SPEED TO AVOID CRASH,IMPROPER OVERTAKING/PASSING,,INCAPACITATING INJURY,12,10,41.7993278402,-87.6014502401,2024,30,POINT (-87.6014502401 41.7993278402),,,,,2024-10-27,True,40,Hyde Park
12345,35,TRAFFIC SIGNAL,FUNCTIONING PROPERLY,CLEAR,DAYLIGHT,PEDALCYCLIST,DIVIDED - W/MEDIAN (NOT RAISED),STRAIGHT AND LEVEL,DRY,NO DEFECTS,N,FAILING TO YIELD RIGHT-OF-WAY,NOT APPLICABLE,,NO INDICATION OF INJURY,13,10,41.9071889672,-87.6480380359,2024,35,POINT (-87.6480380359 41.9071889672),,,,,2024-10-27,False,7,Near North Side
12346,30,NO CONTROLS,NO CONTROLS,CLEAR,DARKNESS,PEDALCYCLIST,T-INTERSECTION,STRAIGHT AND LEVEL,DRY,NO DEFECTS,Y,FAILING TO REDUCE SPEED TO AVOID CRASH,NOT APPLICABLE,,NONINCAPACITATING INJURY,22,10,41.9701779969,-87.6598490073,2024,30,POINT (-87.6598490073 41.9701779969),,,,,2024-10-27,False,2,Uptown
12347,30,TRAFFIC SIGNAL,FUNCTIONING PROPERLY,CLEAR,"DARKNESS, LIGHTED ROAD",PEDALCYCLIST,FOUR WAY,STRAIGHT AND LEVEL,DRY,NO DEFECTS,Y,UNABLE TO DETERMINE,NOT APPLICABLE,,"REPORTED, NOT EVIDENT",23,10,41.8311694823,-87.6217052088,2024,30,POINT (-87.6217052088 41.8311694823),,,,,2024-10-27,False,34,Douglas
12348,30,NO CONTROLS,NO CONTROLS,CLEAR,DAYLIGHT,PEDALCYCLIST,NOT DIVIDED,STRAIGHT AND LEVEL,DRY,NO DEFECTS,,FAILING TO YIELD RIGHT-OF-WAY,NOT APPLICABLE,Y,"REPORTED, NOT EVIDENT",12,10,41.9326847006,-87.6576464654,2024,30,POINT (-87.6576464654 41.9326847006),,,,,2024-10-28,False,5,Lake View
12349,20,NO CONTROLS,NO CONTROLS,CLEAR,DAYLIGHT,PEDALCYCLIST,NOT DIVIDED,STRAIGHT AND LEVEL,DRY,NO DEFECTS,,FAILING TO YIELD RIGHT-OF-WAY,UNABLE TO DETERMINE,Y,NONINCAPACITATING INJURY,13,10,41.9527763523,-87.6546408532,2024,20,POINT (-87.6546408532 41.9527763523),,,,,2024-10-28,False,5,Lake View
12350,30,NO CONTROLS,NO CONTROLS,CLOUDY/OVERCAST,DAYLIGHT,PEDALCYCLIST,NOT DIVIDED,STRAIGHT AND LEVEL,DRY,NO DEFECTS,N,PHYSICAL CONDITION OF DRIVER,DRIVING ON WRONG SIDE/WRONG WAY,N,"REPORTED, NOT EVIDENT",13,10,41.8898232904,-87.6377835969,2024,30,POINT (-87.6377835969 41.8898232904),,,,,2024-10-28,False,7,Near North Side
12351,30,TRAFFIC SIGNAL,FUNCTIONING PROPERLY,CLEAR,DAYLIGHT,PEDALCYCLIST,FOUR WAY,STRAIGHT AND LEVEL,DRY,NO DEFECTS,Y,FAILING TO YIELD RIGHT-OF-WAY,IMPROPER LANE USAGE,,NO INDICATION OF INJURY,14,10,41.9036178177,-87.6574736354,2024,30,POINT (-87.6574736354 41.9036178177),,,,,2024-10-28,False,7,Near North Side
12352,30,TRAFFIC SIGNAL,FUNCTIONING PROPERLY,CLEAR,DAYLIGHT,PEDALCYCLIST,OTHER,STRAIGHT AND LEVEL,DRY,UNKNOWN,Y,UNABLE TO DETERMINE,UNABLE TO DETERMINE,,INCAPACITATING INJURY,15,10,41.7876664163,-87.6062261594,2024,30,POINT (-87.6062261594 41.7876664163),,,,,2024-10-28,True,39,Washington Park
12353,30,NO CONTROLS,NO CONTROLS,CLEAR,DAYLIGHT,PEDALCYCLIST,ALLEY,STRAIGHT AND LEVEL,DRY,UNKNOWN,,FAILING TO YIELD RIGHT-OF-WAY,NOT APPLICABLE,,"REPORTED, NOT EVIDENT",15,10,41.7845268815,-87.7039956599,2024,30,POINT (-87.7039956599 41.7845268815),,,,,2024-10-28,False,65,Chicago Lawn
12354,30,NO CONTROLS,NO CONTROLS,CLEAR,DAYLIGHT,PEDALCYCLIST,DIVIDED - W/MEDIAN BARRIER,STRAIGHT AND LEVEL,DRY,NO DEFECTS,,FAILING TO YIELD RIGHT-OF-WAY,NOT APPLICABLE,,NONINCAPACITATING INJURY,18,10,41.9533201525,-87.7646661975,2024,30,POINT (-87.7646661975 41.9533201525),,,,,2024-10-28,False,14,Portage Park
12355,30,NO CONTROLS,NO CONTROLS,CLEAR,"DARKNESS, LIGHTED ROAD",PEDALCYCLIST,FOUR WAY,STRAIGHT AND LEVEL,DRY,NO DEFECTS,Y,UNABLE TO DETERMINE,UNABLE TO DETERMINE,,NO INDICATION OF INJURY,22,10,41.8577470654,-87.6317454414,2024,30,POINT (-87.6317454414 41.8577470654),,,,,2024-10-28,False,32,Near South Side
12356,30,TRAFFIC SIGNAL,FUNCTIONING PROPERLY,CLEAR,"DARKNESS, LIGHTED ROAD",PEDALCYCLIST,FOUR WAY,STRAIGHT AND LEVEL,DRY,NO DEFECTS,Y,FAILING TO YIELD RIGHT-OF-WAY,NOT APPLICABLE,,"REPORTED, NOT EVIDENT",5,10,41.8846738601,-87.6839147594,2024,30,POINT (-87.6839147594 41.8846738601),,,,,2024-10-29,False,27,Near West Side
12357,30,NO CONTROLS,NO CONTROLS,CLEAR,DAYLIGHT,PEDALCYCLIST,DIVIDED - W/MEDIAN (NOT RAISED),STRAIGHT AND LEVEL,DRY,NO DEFECTS,,FAILING TO REDUCE SPEED TO AVOID CRASH,"VISION OBSCURED (SIGNS, TREE LIMBS, BUILDINGS, ETC.)",,"REPORTED, NOT EVIDENT",8,10,41.911369887,-87.6792222136,2024,30,POINT (-87.6792222136 41.911369887),,,,,2024-10-29,False,6,Lincoln Park
12358,30,NO CONTROLS,NO CONTROLS,CLEAR,DAYLIGHT,PEDALCYCLIST,DIVIDED - W/MEDIAN (NOT RAISED),STRAIGHT AND LEVEL,DRY,NO DEFECTS,,FAILING TO YIELD RIGHT-OF-WAY,UNABLE TO DETERMINE,,NO INDICATION OF INJURY,9,10,41.9174351911,-87.6909096704,2024,30,POINT (-87.6909096704 41.9174351911),,,,,2024-10-29,False,21,Logan Square
12359,30,NO CONTROLS,NO CONTROLS,CLEAR,DAYLIGHT,PEDALCYCLIST,DIVIDED - W/MEDIAN (NOT RAISED),STRAIGHT AND LEVEL,DRY,NO DEFECTS,,UNABLE TO DETERMINE,UNABLE TO DETERMINE,Y,NONINCAPACITATING INJURY,13,10,41.9682034545,-87.7214319891,2024,30,POINT (-87.7214319891 41.9682034545),,,,,2024-10-29,False,13,Albany Park
12360,15,STOP SIGN/FLASHER,FUNCTIONING PROPERLY,CLEAR,DAYLIGHT,PEDALCYCLIST,NOT DIVIDED,STRAIGHT AND LEVEL,DRY,NO DEFECTS,,DISREGARDING STOP SIGN,FAILING TO YIELD RIGHT-OF-WAY,Y,NONINCAPACITATING INJURY,15,10,41.9488655712,-87.6430342452,2024,15,POINT (-87.6430342452 41.9488655712),,,,,2024-10-29,False,5,Lake View
12361,25,TRAFFIC SIGNAL,FUNCTIONING PROPERLY,CLEAR,DAYLIGHT,PEDALCYCLIST,ONE-WAY,STRAIGHT AND LEVEL,DRY,NO DEFECTS,Y,DISREGARDING TRAFFIC SIGNALS,NOT APPLICABLE,,NONINCAPACITATING INJURY,15,10,41.7919695883,-87.7966002352,2024,25,POINT (-87.7966002352 41.7919695883),,,,,2024-10-29,False,55,Garfield Ridge
12362,30,NO CONTROLS,NO CONTROLS,CLEAR,DAYLIGHT,PEDALCYCLIST,FOUR WAY,STRAIGHT AND LEVEL,DRY,NO DEFECTS,,UNABLE TO DETERMINE,NOT APPLICABLE,,"REPORTED, NOT EVIDENT",17,10,41.9385612399,-87.7026415754,2024,30,POINT (-87.7026415754 41.9385612399),,,,,2024-10-29,False,20,Avondale
12363,20,STOP SIGN/FLASHER,FUNCTIONING PROPERLY,CLEAR,DAYLIGHT,PEDALCYCLIST,NOT DIVIDED,STRAIGHT AND LEVEL,DRY,NO DEFECTS,,UNABLE TO DETERMINE,UNABLE TO DETERMINE,,NO INDICATION OF INJURY,7,10,41.8101972607,-87.6943013909,2024,20,POINT (-87.6943013909 41.8101972607),,,,,2024-10-30,False,57,Brighton Park
12364,30,STOP SIGN/FLASHER,UNKNOWN,CLEAR,DAYLIGHT,PEDALCYCLIST,ONE-WAY,STRAIGHT AND LEVEL,DRY,UNKNOWN,,FAILING TO YIELD RIGHT-OF-WAY,NOT APPLICABLE,,NONINCAPACITATING INJURY,7,10,41.8909043282,-87.6196582806,2024,30,POINT (-87.6196582806 41.8909043282),,,,,2024-10-30,False,7,Near North Side
12365,30,STOP SIGN/FLASHER,FUNCTIONING PROPERLY,CLEAR,DAYLIGHT,PEDALCYCLIST,T-INTERSECTION,STRAIGHT AND LEVEL,DRY,NO DEFECTS,,IMPROPER LANE USAGE,DRIVING ON WRONG SIDE/WRONG WAY,,NONINCAPACITATING INJURY,8,10,41.7373064661,-87.5498911831,2024,30,POINT (-87.5498911831 41.7373064661),,,,,2024-10-30,False,45,South Chicago
12366,30,TRAFFIC SIGNAL,UNKNOWN,CLEAR,DAYLIGHT,PEDALCYCLIST,DIVIDED - W/MEDIAN BARRIER,STRAIGHT AND LEVEL,DRY,NO DEFECTS,Y,IMPROPER TURNING/NO SIGNAL,NOT APPLICABLE,,NONINCAPACITATING INJURY,8,10,41.8781755415,-87.6378904219,2024,30,POINT (-87.6378904219 41.8781755415),,,,,2024-10-30,False,27,Near West Side
12367,30,TRAFFIC SIGNAL,FUNCTIONING PROPERLY,CLEAR,DAYLIGHT,PEDALCYCLIST,ONE-WAY,STRAIGHT AND LEVEL,DRY,NO DEFECTS,Y,IMPROPER OVERTAKING/PASSING,NOT APPLICABLE,,NONINCAPACITATING INJURY,12,10,41.8794226209,-87.6395560267,2024,30,POINT (-87.6395560267 41.8794226209),,,,,2024-10-30,False,27,Near West Side
12368,30,NO CONTROLS,NO CONTROLS,CLEAR,DAYLIGHT,PEDALCYCLIST,NOT DIVIDED,STRAIGHT AND LEVEL,DRY,NO DEFECTS,,UNABLE TO DETERMINE,NOT APPLICABLE,,"REPORTED, NOT EVIDENT",14,10,41.9165933261,-87.6774443897,2024,30,POINT (-87.6774443897 41.9165933261),,,,,2024-10-30,False,6,Lincoln Park
12369,25,NO CONTROLS,NO CONTROLS,CLEAR,DAYLIGHT,PEDALCYCLIST,NOT DIVIDED,STRAIGHT AND LEVEL,DRY,NO DEFECTS,,DRIVING SKILLS/KNOWLEDGE/EXPERIENCE,IMPROPER LANE USAGE,Y,NONINCAPACITATING INJURY,16,10,41.9974998417,-87.6968038415,2024,25,POINT (-87.6968038415 41.9974998417),,,,,2024-10-30,False,1,West Ridge
12370,30,STOP SIGN/FLASHER,FUNCTIONING PROPERLY,CLEAR,DAYLIGHT,PEDALCYCLIST,DIVIDED - W/MEDIAN (NOT RAISED),STRAIGHT AND LEVEL,DRY,NO DEFECTS,,DRIVING ON WRONG SIDE/WRONG WAY,UNABLE TO DETERMINE,,NONINCAPACITATING INJURY,17,10,41.7514737203,-87.5978730676,2024,30,POINT (-87.5978730676 41.7514737203),,,,,2024-10-30,False,44,Avalon Park
12371,30,TRAFFIC SIGNAL,FUNCTIONING PROPERLY,CLEAR,DUSK,PEDALCYCLIST,FOUR WAY,STRAIGHT AND LEVEL,DRY,NO DEFECTS,,BICYCLE ADVANCING LEGALLY ON RED LIGHT,DRIVING SKILLS/KNOWLEDGE/EXPERIENCE,,NONINCAPACITATING INJURY,18,10,41.7793586603,-87.6641484616,2024,30,POINT (-87.6641484616 41.7793586603),,,,,2024-10-30,False,66,Englewood
12372,30,STOP SIGN/FLASHER,NO CONTROLS,CLEAR,DARKNESS,PEDALCYCLIST,NOT DIVIDED,STRAIGHT AND LEVEL,DRY,NO DEFECTS,,IMPROPER TURNING/NO SIGNAL,NOT APPLICABLE,,NONINCAPACITATING INJURY,21,10,41.7756725126,-87.687150242,2024,30,POINT (-87.687150242 41.7756725126),,,,,2024-10-30,False,65,Chicago Lawn
12373,30,UNKNOWN,UNKNOWN,CLEAR,DARKNESS,PEDALCYCLIST,NOT DIVIDED,STRAIGHT AND LEVEL,DRY,NO DEFECTS,,IMPROPER TURNING/NO SIGNAL,IMPROPER TURNING/NO SIGNAL,,NO INDICATION OF INJURY,21,10,41.9507018271,-87.6591104454,2024,30,POINT (-87.6591104454 41.9507018271),,,,,2024-10-30,False,5,Lake View
12374,30,NO CONTROLS,NO CONTROLS,CLEAR,"DARKNESS, LIGHTED ROAD",PEDALCYCLIST,NOT DIVIDED,STRAIGHT AND LEVEL,DRY,NO DEFECTS,N,FAILING TO YIELD RIGHT-OF-WAY,NOT APPLICABLE,,NO INDICATION OF INJURY,22,10,41.9298489966,-87.6846437835,2024,30,POINT (-87.6846437835 41.9298489966),,,,,2024-10-30,False,21,Logan Square