Unnamed: 0,POSTED_SPEED_LIMIT,TRAFFIC_CONTROL_DEVICE,DEVICE_CONDITION,WEATHER_CONDITION,LIGHTING_CONDITION,FIRST_CRASH_TYPE,TRAFFICWAY_TYPE,ALIGNMENT,ROADWAY_SURFACE_COND,ROAD_DEFECT,INTERSECTION_RELATED_I,PRIM_CONTRIBUTORY_CAUSE,SEC_CONTRIBUTORY_CAUSE,DOORING_I,MOST_SEVERE_INJURY,CRASH_HOUR,CRASH_MONTH,LATITUDE,LONGITUDE,CRASH_YEAR,SPEED_LIMIT,geometry,DISPLAYROU,the_geom,DIST,LANE_TYPE,CRASH_DATE,is_severe,index_right,CArea
12375,30,NO CONTROLS,NO CONTROLS,CLEAR,DAYLIGHT,PEDALCYCLIST,Y-INTERSECTION,STRAIGHT AND LEVEL,DRY,NO DEFECTS,,"OPERATING VEHICLE IN ERRATIC, RECKLESS, CARELESS, NEGLIGENT OR AGGRESSIVE MANNER",NOT APPLICABLE,Y,NONINCAPACITATING INJURY,8,10,41.7933495066,-87.6112415711,2024,30,POINT (-87.6112415711 41.7933495066),,,,,2024-10-31,False,39,Washington Park
12376,30,NO CONTROLS,NO CONTROLS,CLOUDY/OVERCAST,DAYLIGHT,PEDALCYCLIST,NOT DIVIDED,STRAIGHT AND LEVEL,DRY,NO DEFECTS,,UNABLE TO DETERMINE,NOT APPLICABLE,,NO INDICATION OF INJURY,10,10,41.8348111046,-87.6234191872,2024,30,POINT (-87.6234191872 41.8348111046),,,,,2024-10-31,False,34,Douglas
12377,30,NO CONTROLS,NO CONTROLS,UNKNOWN,DAYLIGHT,PEDALCYCLIST,DIVIDED - W/MEDIAN (NOT RAISED),STRAIGHT AND LEVEL,WET,UNKNOWN,,UNABLE TO DETERMINE,NOT APPLICABLE,,NO INDICATION OF INJURY,12,10,41.9316503605,-87.7460470973,2024,30,POINT (-87.7460470973 41.9316503605),,,,,2024-10-31,False,18,Belmont Cragin
12378,20,NO CONTROLS,NO CONTROLS,CLEAR,"DARKNESS, LIGHTED ROAD",PEDALCYCLIST,DIVIDED - W/MEDIAN (NOT RAISED),STRAIGHT AND LEVEL,DRY,NO DEFECTS,,DRIVING ON WRONG SIDE/WRONG WAY,NOT APPLICABLE,,NONINCAPACITATING INJURY,18,10,41.80140618,-87.723251253,2024,20,POINT (-87.723251253 41.80140618),,,,,2024-10-31,False,56,Archer Heights
12379,30,TRAFFIC SIGNAL,FUNCTIONING PROPERLY,CLEAR,DARKNESS,PEDALCYCLIST,NOT DIVIDED,STRAIGHT AND LEVEL,DRY,NO DEFECTS,Y,FAILING TO YIELD RIGHT-OF-WAY,UNABLE TO DETERMINE,,NONINCAPACITATING INJURY,20,10,41.9982982277,-87.6606116606,2024,30,POINT (-87.6606116606 41.9982982277),,,,,2024-10-31,False,0,Rogers Park
12380,30,NO CONTROLS,NO CONTROLS,CLEAR,DAYLIGHT,PEDALCYCLIST,T-INTERSECTION,STRAIGHT AND LEVEL,DRY,NO DEFECTS,Y,FAILING TO YIELD RIGHT-OF-WAY,UNABLE TO DETERMINE,,NONINCAPACITATING INJURY,7,11,41.9392100697,-87.7088187145,2024,30,POINT (-87.7088187145 41.9392100697),,,,,2024-11-01,False,15,Irving Park
12381,30,TRAFFIC SIGNAL,FUNCTIONING PROPERLY,CLEAR,DAYLIGHT,PEDALCYCLIST,FOUR WAY,STRAIGHT AND LEVEL,DRY,NO DEFECTS,Y,"VISION OBSCURED (SIGNS, TREE LIMBS, BUILDINGS, ETC.)",FAILING TO YIELD RIGHT-OF-WAY,,INCAPACITATING INJURY,8,11,41.9105634608,-87.6657384116,2024,30,POINT (-87.6657384116 41.9105634608),,,,,2024-11-01,True,23,West Town
12382,25,NO CONTROLS,NO CONTROLS,CLEAR,DAYLIGHT,PEDALCYCLIST,NOT DIVIDED,STRAIGHT AND LEVEL,DRY,NO DEFECTS,,FAILING TO YIELD RIGHT-OF-WAY,UNABLE TO DETERMINE,,NO INDICATION OF INJURY,8,11,41.9546916078,-87.6626084264,2024,25,POINT (-87.6626084264 41.9546916078),,,,,2024-11-01,False,2,Uptown
12383,30,NO CONTROLS,NO CONTROLS,CLEAR,DAYLIGHT,PEDALCYCLIST,DIVIDED - W/MEDIAN (NOT RAISED),STRAIGHT AND LEVEL,DRY,NO DEFECTS,,FAILING TO YIELD RIGHT-OF-WAY,NOT APPLICABLE,,INCAPACITATING INJURY,14,11,41.9168886135,-87.6847904164,2024,30,POINT (-87.6847904164 41.9168886135),,,,,2024-11-01,True,21,Logan Square
12384,25,STOP SIGN/FLASHER,FUNCTIONING PROPERLY,CLEAR,DAYLIGHT,PEDALCYCLIST,T-INTERSECTION,STRAIGHT AND LEVEL,DRY,NO DEFECTS,,UNABLE TO DETERMINE,NOT APPLICABLE,,NONINCAPACITATING INJURY,14,11,41.8679512294,-87.6423616323,2024,25,POINT (-87.6423616323 41.8679512294),,,,,2024-11-01,False,27,Near West Side
12385,30,NO CONTROLS,FUNCTIONING PROPERLY,CLEAR,DAYLIGHT,PEDALCYCLIST,NOT DIVIDED,STRAIGHT AND LEVEL,DRY,NO DEFECTS,,FAILING TO YIELD RIGHT-OF-WAY,NOT APPLICABLE,,"REPORTED, NOT EVIDENT",17,11,41.7226845294,-87.5667891452,2024,30,POINT (-87.5667891452 41.7226845294),,,,,2024-11-01,False,47,Calumet Heights
12386,30,STOP SIGN/FLASHER,FUNCTIONING PROPERLY,CLEAR,DAYLIGHT,PEDALCYCLIST,DIVIDED - W/MEDIAN (NOT RAISED),STRAIGHT AND LEVEL,DRY,NO DEFECTS,,UNABLE TO DETERMINE,UNABLE TO DETERMINE,,INCAPACITATING INJURY,13,11,41.9309478926,-87.7831083871,2024,30,POINT (-87.7831083871 41.9309478926),,,,,2024-11-02,True,18,Belmont Cragin
12387,30,UNKNOWN,UNKNOWN,UNKNOWN,DAYLIGHT,PEDALCYCLIST,NOT DIVIDED,STRAIGHT AND LEVEL,UNKNOWN,UNKNOWN,,UNABLE TO DETERMINE,UNABLE TO DETERMINE,Y,NONINCAPACITATING INJURY,14,11,41.9092359592,-87.6754555411,2024,30,POINT (-87.6754555411 41.9092359592),,,,,2024-11-02,False,23,West Town
12388,30,STOP SIGN/FLASHER,FUNCTIONING PROPERLY,CLEAR,DAYLIGHT,PEDALCYCLIST,NOT DIVIDED,STRAIGHT AND LEVEL,DRY,NO DEFECTS,Y,UNABLE TO DETERMINE,UNABLE TO DETERMINE,,NONINCAPACITATING INJURY,15,11,41.6868384133,-87.639930551,2024,30,POINT (-87.639930551 41.6868384133),,,,,2024-11-02,False,48,Roseland
12389,25,NO CONTROLS,NO CONTROLS,CLEAR,"DARKNESS, LIGHTED ROAD",PEDALCYCLIST,NOT DIVIDED,STRAIGHT AND LEVEL,DRY,UNKNOWN,,RELATED TO BUS STOP,UNABLE TO DETERMINE,,NO INDICATION OF INJURY,19,11,41.8844660622,-87.6472912739,2024,25,POINT (-87.6472912739 41.8844660622),,,,,2024-11-02,False,27,Near West Side
12390,30,STOP SIGN/FLASHER,FUNCTIONING PROPERLY,CLEAR,DAYLIGHT,PEDALCYCLIST,DIVIDED - W/MEDIAN (NOT RAISED),STRAIGHT AND LEVEL,DRY,NO DEFECTS,Y,UNABLE TO DETERMINE,NOT APPLICABLE,,"REPORTED, NOT EVIDENT",8,11,41.8449836582,-87.6462954572,2024,30,POINT (-87.6462954572 41.8449836582),,,,,2024-11-03,False,30,Lower West Side
12391,30,TRAFFIC SIGNAL,FUNCTIONING PROPERLY,CLEAR,DAYLIGHT,PEDALCYCLIST,NOT DIVIDED,STRAIGHT AND LEVEL,DRY,NO DEFECTS,Y,UNABLE TO DETERMINE,NOT APPLICABLE,,NONINCAPACITATING INJURY,11,11,41.8841586356,-87.6325771983,2024,30,POINT (-87.6325771983 41.8841586356),,,,,2024-11-03,False,31,Loop
12392,30,NO CONTROLS,NO CONTROLS,CLEAR,"DARKNESS, LIGHTED ROAD",PEDALCYCLIST,NOT DIVIDED,STRAIGHT AND LEVEL,DRY,NO DEFECTS,,IMPROPER OVERTAKING/PASSING,NOT APPLICABLE,,"REPORTED, NOT EVIDENT",17,11,41.7718214837,-87.7004529563,2024,30,POINT (-87.7004529563 41.7718214837),,,,,2024-11-03,False,65,Chicago Lawn
12393,30,TRAFFIC SIGNAL,FUNCTIONING PROPERLY,CLEAR,DAYLIGHT,PEDALCYCLIST,ONE-WAY,STRAIGHT AND LEVEL,WET,NO DEFECTS,,DISREGARDING ROAD MARKINGS,IMPROPER OVERTAKING/PASSING,,NONINCAPACITATING INJURY,14,11,41.891621161,-87.624253929,2024,30,POINT (-87.624253929 41.891621161),,,,,2024-11-04,False,7,Near North Side
12394,30,STOP SIGN/FLASHER,FUNCTIONING PROPERLY,CLOUDY/OVERCAST,DUSK,PEDALCYCLIST,FOUR WAY,STRAIGHT AND LEVEL,DRY,NO DEFECTS,Y,UNABLE TO DETERMINE,NOT APPLICABLE,,"REPORTED, NOT EVIDENT",16,11,41.8611260715,-87.6860298654,2024,30,POINT (-87.6860298654 41.8611260715),,,,,2024-11-04,False,27,Near West Side
12395,30,NO CONTROLS,NO CONTROLS,CLEAR,"DARKNESS, LIGHTED ROAD",PEDALCYCLIST,NOT DIVIDED,STRAIGHT AND LEVEL,DRY,NO DEFECTS,,UNABLE TO DETERMINE,NOT APPLICABLE,,NONINCAPACITATING INJURY,17,11,41.9171333251,-87.7215179392,2024,30,POINT (-87.7215179392 41.9171333251),,,,,2024-11-04,False,21,Logan Square
12396,30,TRAFFIC SIGNAL,FUNCTIONING PROPERLY,RAIN,"DARKNESS, LIGHTED ROAD",PEDALCYCLIST,FOUR WAY,STRAIGHT AND LEVEL,WET,NO DEFECTS,Y,UNABLE TO DETERMINE,UNABLE TO DETERMINE,,NO INDICATION OF INJURY,21,11,41.9248653896,-87.6874935694,2024,30,POINT (-87.6874935694 41.9248653896),,,,,2024-11-04,False,21,Logan Square
12397,30,UNKNOWN,UNKNOWN,UNKNOWN,"DARKNESS, LIGHTED ROAD",PEDALCYCLIST,NOT DIVIDED,STRAIGHT AND LEVEL,UNKNOWN,UNKNOWN,,UNABLE TO DETERMINE,NOT APPLICABLE,,NONINCAPACITATING INJURY,21,11,41.9265299746,-87.6408936267,2024,30,POINT (-87.6408936267 41.9265299746),,,,,2024-11-04,False,6,Lincoln Park
12398,30,TRAFFIC SIGNAL,FUNCTIONING PROPERLY,RAIN,"DARKNESS, LIGHTED ROAD",PEDALCYCLIST,FOUR WAY,STRAIGHT AND LEVEL,WET,NO DEFECTS,Y,DISREGARDING TRAFFIC SIGNALS,WEATHER,,NONINCAPACITATING INJURY,22,11,41.8754805864,-87.633629911,2024,30,POINT (-87.633629911 41.8754805864),,,,,2024-11-04,False,31,Loop
12399,25,STOP SIGN/FLASHER,FUNCTIONING PROPERLY,RAIN,"DARKNESS, LIGHTED ROAD",PEDALCYCLIST,FOUR WAY,STRAIGHT AND LEVEL,WET,NO DEFECTS,Y,FAILING TO YIELD RIGHT-OF-WAY,FAILING TO YIELD RIGHT-OF-WAY,,INCAPACITATING INJURY,5,11,41.9944617554,-87.6750162333,2024,25,POINT (-87.6750162333 41.9944617554),,,,,2024-11-05,True,1,West Ridge
12400,30,TRAFFIC SIGNAL,FUNCTIONING PROPERLY,RAIN,"DARKNESS, LIGHTED ROAD",PEDALCYCLIST,DIVIDED - W/MEDIAN (NOT RAISED),STRAIGHT AND LEVEL,WET,UNKNOWN,Y,DISREGARDING TRAFFIC SIGNALS,NOT APPLICABLE,,FATAL,5,11,41.8870408811,-87.6340425111,2024,30,POINT (-87.6340425111 41.8870408811),,,,,2024-11-05,True,7,Near North Side
12401,30,TRAFFIC SIGNAL,FUNCTIONING PROPERLY,RAIN,DAYLIGHT,PEDALCYCLIST,DIVIDED - W/MEDIAN (NOT RAISED),STRAIGHT AND LEVEL,WET,NO DEFECTS,Y,IMPROPER OVERTAKING/PASSING,IMPROPER LANE USAGE,,"REPORTED, NOT EVIDENT",7,11,41.8877053794,-87.6205881439,2024,30,POINT (-87.6205881439 41.8877053794),,,,,2024-11-05,False,7,Near North Side
12402,30,NO CONTROLS,NO CONTROLS,CLEAR,DAYLIGHT,PEDALCYCLIST,NOT DIVIDED,STRAIGHT AND LEVEL,DRY,NO DEFECTS,,IMPROPER TURNING/NO SIGNAL,DISREGARDING ROAD MARKINGS,,NO INDICATION OF INJURY,11,11,41.9241438365,-87.7171278771,2024,30,POINT (-87.7171278771 41.9241438365),,,,,2024-11-05,False,21,Logan Square
12403,30,TRAFFIC SIGNAL,UNKNOWN,UNKNOWN,UNKNOWN,PEDALCYCLIST,FOUR WAY,STRAIGHT AND LEVEL,UNKNOWN,UNKNOWN,Y,DRIVING SKILLS/KNOWLEDGE/EXPERIENCE,UNABLE TO DETERMINE,,NO INDICATION OF INJURY,11,11,41.8383651923,-87.6304283611,2024,30,POINT (-87.6304283611 41.8383651923),,,,,2024-11-05,False,33,Armour Square
12404,30,NO CONTROLS,NO CONTROLS,CLEAR,DAYLIGHT,PEDALCYCLIST,ONE-WAY,STRAIGHT AND LEVEL,DRY,NO DEFECTS,,UNABLE TO DETERMINE,NOT APPLICABLE,,NO INDICATION OF INJURY,14,11,41.7479271258,-87.555102502,2024,30,POINT (-87.555102502 41.7479271258),,,,,2024-11-05,False,45,South Chicago
12405,30,STOP SIGN/FLASHER,FUNCTIONING PROPERLY,CLEAR,DAYLIGHT,PEDALCYCLIST,ONE-WAY,STRAIGHT AND LEVEL,DRY,NO DEFECTS,Y,UNABLE TO DETERMINE,UNABLE TO DETERMINE,,NO INDICATION OF INJURY,15,11,41.7584669121,-87.6067741941,2024,30,POINT (-87.6067741941 41.7584669121),,,,,2024-11-05,False,68,Grand Crossing
12406,30,STOP SIGN/FLASHER,FUNCTIONING PROPERLY,RAIN,"DARKNESS, LIGHTED ROAD",PEDALCYCLIST,FOUR WAY,STRAIGHT AND LEVEL,WET,NO DEFECTS,Y,UNABLE TO DETERMINE,NOT APPLICABLE,,NO INDICATION OF INJURY,16,11,41.799525728,-87.6551539747,2024,30,POINT (-87.6551539747 41.799525728),,,,,2024-11-05,False,60,New City
12407,30,TRAFFIC SIGNAL,FUNCTIONING PROPERLY,RAIN,"DARKNESS, LIGHTED ROAD",PEDALCYCLIST,FOUR WAY,STRAIGHT AND LEVEL,WET,NO DEFECTS,Y,FAILING TO YIELD RIGHT-OF-WAY,FAILING TO YIELD RIGHT-OF-WAY,,INCAPACITATING INJURY,21,11,41.9394510412,-87.7025805849,2024,30,POINT (-87.7025805849 41.9394510412),,,,,2024-11-05,True,15,Irving Park
12408,30,NO CONTROLS,NO CONTROLS,CLEAR,DAYLIGHT,PEDALCYCLIST,NOT DIVIDED,STRAIGHT AND LEVEL,DRY,NO DEFECTS,,FAILING TO YIELD RIGHT-OF-WAY,NOT APPLICABLE,,NONINCAPACITATING INJURY,10,11,41.8807824215,-87.7300851202,2024,30,POINT (-87.7300851202 41.8807824215),,,,,2024-11-06,False,25,Garfield Park
12409,25,NO CONTROLS,FUNCTIONING PROPERLY,CLEAR,DUSK,PEDALCYCLIST,NOT DIVIDED,STRAIGHT AND LEVEL,DRY,NO DEFECTS,,UNABLE TO DETERMINE,UNABLE TO DETERMINE,,NONINCAPACITATING INJURY,17,11,41.8449294555,-87.685304331,2024,25,POINT (-87.685304331 41.8449294555),,,,,2024-11-06,False,30,Lower West Side
12410,30,UNKNOWN,UNKNOWN,UNKNOWN,DARKNESS,PEDALCYCLIST,UNKNOWN,STRAIGHT AND LEVEL,UNKNOWN,UNKNOWN,,NOT APPLICABLE,NOT APPLICABLE,,INCAPACITATING INJURY,18,11,41.9210679158,-87.7777513866,2024,30,POINT (-87.7777513866 41.9210679158),,,,,2024-11-06,True,18,Belmont Cragin
12411,30,TRAFFIC SIGNAL,FUNCTIONING PROPERLY,CLEAR,DUSK,PEDALCYCLIST,FOUR WAY,STRAIGHT AND LEVEL,DRY,WORN SURFACE,,UNABLE TO DETERMINE,UNABLE TO DETERMINE,,"REPORTED, NOT EVIDENT",19,11,41.8122095224,-87.6846818865,2024,30,POINT (-87.6846818865 41.8122095224),,,,,2024-11-06,False,57,Brighton Park
12412,25,NO CONTROLS,NO CONTROLS,RAIN,DAYLIGHT,PEDALCYCLIST,ALLEY,STRAIGHT AND LEVEL,WET,NO DEFECTS,,FAILING TO YIELD RIGHT-OF-WAY,FAILING TO REDUCE SPEED TO AVOID CRASH,N,NO INDICATION OF INJURY,7,11,41.7064257873,-87.6916412022,2024,25,POINT (-87.6916412022 41.7064257873),,,,,2024-11-07,False,71,Beverly
12413,30,TRAFFIC SIGNAL,FUNCTIONING PROPERLY,CLEAR,DAYLIGHT,PEDALCYCLIST,NOT DIVIDED,STRAIGHT AND LEVEL,DRY,UNKNOWN,Y,UNABLE TO DETERMINE,UNABLE TO DETERMINE,,NONINCAPACITATING INJURY,7,11,41.8998150482,-87.6675403214,2024,30,POINT (-87.6675403214 41.8998150482),,,,,2024-11-07,False,23,West Town
12414,35,TRAFFIC SIGNAL,FUNCTIONING PROPERLY,CLEAR,DAYLIGHT,PEDALCYCLIST,ONE-WAY,STRAIGHT AND LEVEL,DRY,NO DEFECTS,,UNABLE TO DETERMINE,UNABLE TO DETERMINE,,NONINCAPACITATING INJURY,8,11,41.8888900583,-87.630905303,2024,35,POINT (-87.630905303 41.8888900583),,,,,2024-11-07,False,7,Near North Side
12415,30,NO CONTROLS,NO CONTROLS,CLEAR,DAYLIGHT,PEDALCYCLIST,NOT DIVIDED,STRAIGHT AND LEVEL,DRY,NO DEFECTS,Y,UNABLE TO DETERMINE,UNABLE TO DETERMINE,,NO INDICATION OF INJURY,14,11,41.9032352042,-87.6774060883,2024,30,POINT (-87.6774060883 41.9032352042),,,,,2024-11-07,False,23,West Town
12416,30,NO CONTROLS,NO CONTROLS,CLEAR,DAYLIGHT,PEDALCYCLIST,PARKING LOT,STRAIGHT AND LEVEL,DRY,NO DEFECTS,,FAILING TO YIELD RIGHT-OF-WAY,NOT APPLICABLE,,NO INDICATION OF INJURY,15,11,41.8084072791,-87.6772629762,2024,30,POINT (-87.6772629762 41.8084072791),,,,,2024-11-07,False,60,New City
12417,30,TRAFFIC SIGNAL,FUNCTIONING PROPERLY,CLEAR,DAYLIGHT,PEDALCYCLIST,FOUR WAY,STRAIGHT AND LEVEL,DRY,NO DEFECTS,Y,FAILING TO YIELD RIGHT-OF-WAY,DRIVING ON WRONG SIDE/WRONG WAY,,NO INDICATION OF INJURY,15,11,41.8991094792,-87.7263425919,2024,30,POINT (-87.7263425919 41.8991094792),,,,,2024-11-07,False,22,Humboldt Park
12418,30,NO CONTROLS,NO CONTROLS,CLEAR,DAYLIGHT,PEDALCYCLIST,ALLEY,STRAIGHT AND LEVEL,DRY,UNKNOWN,,FAILING TO YIELD RIGHT-OF-WAY,UNABLE TO DETERMINE,,NO INDICATION OF INJURY,10,11,41.9534870914,-87.7790905407,2024,30,POINT (-87.7790905407 41.9534870914),,,,,2024-11-08,False,14,Portage Park
12419,30,NO CONTROLS,NO CONTROLS,CLEAR,DAYLIGHT,PEDALCYCLIST,NOT DIVIDED,STRAIGHT AND LEVEL,DRY,NO DEFECTS,,FAILING TO YIELD RIGHT-OF-WAY,NOT APPLICABLE,Y,NONINCAPACITATING INJURY,12,11,41.9317635118,-87.7373444352,2024,30,POINT (-87.7373444352 41.9317635118),,,,,2024-11-08,False,19,Hermosa
12420,25,TRAFFIC SIGNAL,UNKNOWN,CLEAR,DAYLIGHT,PEDALCYCLIST,NOT DIVIDED,STRAIGHT AND LEVEL,DRY,UNKNOWN,,NOT APPLICABLE,NOT APPLICABLE,,NONINCAPACITATING INJURY,15,11,41.8910111865,-87.6721474585,2024,25,POINT (-87.6721474585 41.8910111865),,,,,2024-11-08,False,23,West Town
12421,30,UNKNOWN,UNKNOWN,UNKNOWN,UNKNOWN,PEDALCYCLIST,NOT DIVIDED,STRAIGHT AND LEVEL,UNKNOWN,UNKNOWN,,UNABLE TO DETERMINE,DRIVING SKILLS/KNOWLEDGE/EXPERIENCE,,NO INDICATION OF INJURY,16,11,41.8163184445,-87.6275220826,2024,30,POINT (-87.6275220826 41.8163184445),,,,,2024-11-08,False,37,Grand Boulevard
12422,30,NO CONTROLS,NO CONTROLS,CLEAR,"DARKNESS, LIGHTED ROAD",PEDALCYCLIST,NOT DIVIDED,STRAIGHT AND LEVEL,DRY,NO DEFECTS,,UNABLE TO DETERMINE,NOT APPLICABLE,,NO INDICATION OF INJURY,18,11,41.9545457769,-87.6506927692,2024,30,POINT (-87.6506927692 41.9545457769),,,,,2024-11-08,False,2,Uptown
12423,30,NO CONTROLS,NO CONTROLS,CLEAR,UNKNOWN,PEDALCYCLIST,DIVIDED - W/MEDIAN (NOT RAISED),STRAIGHT AND LEVEL,UNKNOWN,UNKNOWN,,UNABLE TO DETERMINE,UNABLE TO DETERMINE,,NONINCAPACITATING INJURY,19,11,41.9417858304,-87.7274136366,2024,30,POINT (-87.7274136366 41.9417858304),,,,,2024-11-08,False,15,Irving Park
12424,30,TRAFFIC SIGNAL,FUNCTIONING PROPERLY,CLEAR,"DARKNESS, LIGHTED ROAD",PEDALCYCLIST,OTHER,STRAIGHT AND LEVEL,DRY,NO DEFECTS,Y,UNABLE TO DETERMINE,UNABLE TO DETERMINE,,NO INDICATION OF INJURY,19,11,41.9177481101,-87.6799505108,2024,30,POINT (-87.6799505108 41.9177481101),,,,,2024-11-08,False,6,Lincoln Park
12425,30,UNKNOWN,UNKNOWN,CLEAR,"DARKNESS, LIGHTED ROAD",PEDALCYCLIST,DIVIDED - W/MEDIAN (NOT RAISED),STRAIGHT AND LEVEL,UNKNOWN,UNKNOWN,,UNABLE TO DETERMINE,UNABLE TO DETERMINE,,NONINCAPACITATING INJURY,19,11,41.9692990831,-87.7282063977,2024,30,POINT (-87.7282063977 41.9692990831),,,,,2024-11-08,False,11,Forest Glen
12426,30,NO CONTROLS,NO CONTROLS,CLEAR,"DARKNESS, LIGHTED ROAD",PEDALCYCLIST,NOT DIVIDED,STRAIGHT AND LEVEL,DRY,NO DEFECTS,,UNABLE TO DETERMINE,UNABLE TO DETERMINE,,"REPORTED, NOT EVIDENT",20,11,41.9173770683,-87.6975036688,2024,30,POINT (-87.6975036688 41.9173770683),,,,,2024-11-08,False,21,Logan Square
12427,30,STOP SIGN/FLASHER,FUNCTIONING PROPERLY,CLEAR,DAYLIGHT,PEDALCYCLIST,FOUR WAY,STRAIGHT AND LEVEL,DRY,NO DEFECTS,Y,UNABLE TO DETERMINE,UNABLE TO DETERMINE,,"REPORTED, NOT EVIDENT",10,11,41.7931564961,-87.5965784197,2024,30,POINT (-87.5965784197 41.7931564961),,,,,2024-11-09,False,40,Hyde Park
12428,30,NO CONTROLS,NO CONTROLS,CLEAR,DAYLIGHT,PEDALCYCLIST,NOT DIVIDED,STRAIGHT AND LEVEL,DRY,NO DEFECTS,,"OPERATING VEHICLE IN ERRATIC, RECKLESS, CARELESS, NEGLIGENT OR AGGRESSIVE MANNER",FAILING TO YIELD RIGHT-OF-WAY,,NONINCAPACITATING INJURY,13,11,41.9678098307,-87.7278676229,2024,30,POINT (-87.7278676229 41.9678098307),,,,,2024-11-09,False,13,Albany Park
12429,30,TRAFFIC SIGNAL,FUNCTIONING PROPERLY,RAIN,DAYLIGHT,PEDALCYCLIST,FOUR WAY,STRAIGHT AND LEVEL,WET,UNKNOWN,Y,FAILING TO REDUCE SPEED TO AVOID CRASH,FAILING TO REDUCE SPEED TO AVOID CRASH,,NONINCAPACITATING INJURY,15,11,42.0053665728,-87.6732620057,2024,30,POINT (-87.6732620057 42.0053665728),,,,,2024-11-09,False,0,Rogers Park
12430,30,NO CONTROLS,NO CONTROLS,RAIN,UNKNOWN,PEDALCYCLIST,NOT DIVIDED,STRAIGHT AND LEVEL,WET,UNKNOWN,,IMPROPER LANE USAGE,UNABLE TO DETERMINE,,NONINCAPACITATING INJURY,16,11,41.9065327738,-87.7459019983,2024,30,POINT (-87.7459019983 41.9065327738),,,,,2024-11-09,False,24,Austin
12431,30,TRAFFIC SIGNAL,FUNCTIONING PROPERLY,RAIN,DUSK,PEDALCYCLIST,NOT DIVIDED,STRAIGHT AND LEVEL,WET,NO DEFECTS,,NOT APPLICABLE,UNABLE TO DETERMINE,Y,NONINCAPACITATING INJURY,18,11,41.8967618804,-87.6300273079,2024,30,POINT (-87.6300273079 41.8967618804),,,,,2024-11-09,False,7,Near North Side
12432,30,TRAFFIC SIGNAL,FUNCTIONING PROPERLY,RAIN,"DARKNESS, LIGHTED ROAD",PEDALCYCLIST,FOUR WAY,STRAIGHT AND LEVEL,WET,NO DEFECTS,,DISREGARDING TRAFFIC SIGNALS,NOT APPLICABLE,,"REPORTED, NOT EVIDENT",20,11,41.8016914783,-87.6454931575,2024,30,POINT (-87.6454931575 41.8016914783),,,,,2024-11-09,False,60,New City
12433,30,TRAFFIC SIGNAL,FUNCTIONING PROPERLY,RAIN,"DARKNESS, LIGHTED ROAD",PEDALCYCLIST,NOT DIVIDED,STRAIGHT AND LEVEL,WET,NO DEFECTS,,FAILING TO REDUCE SPEED TO AVOID CRASH,NOT APPLICABLE,,NONINCAPACITATING INJURY,22,11,41.6777057046,-87.6418457727,2024,30,POINT (-87.6418457727 41.6777057046),,,,,2024-11-09,False,52,West Pullman
12434,30,NO CONTROLS,NO CONTROLS,RAIN,DUSK,PEDALCYCLIST,NOT DIVIDED,STRAIGHT AND LEVEL,UNKNOWN,UNKNOWN,,UNABLE TO DETERMINE,UNABLE TO DETERMINE,Y,NO INDICATION OF INJURY,17,11,41.9946686269,-87.6597791526,2024,30,POINT (-87.6597791526 41.9946686269),,,,,2024-11-10,False,76,Edgewater
12435,30,UNKNOWN,UNKNOWN,CLEAR,"DARKNESS, LIGHTED ROAD",PEDALCYCLIST,NOT DIVIDED,STRAIGHT AND LEVEL,DRY,NO DEFECTS,,UNABLE TO DETERMINE,UNABLE TO DETERMINE,,NO INDICATION OF INJURY,17,11,41.9465491648,-87.708952626,2024,30,POINT (-87.708952626 41.9465491648),,,,,2024-11-10,False,15,Irving Park
12436,30,TRAFFIC SIGNAL,FUNCTIONING PROPERLY,CLEAR,DAYLIGHT,PEDALCYCLIST,FOUR WAY,STRAIGHT AND LEVEL,DRY,NO DEFECTS,Y,UNABLE TO DETERMINE,UNABLE TO DETERMINE,Y,NO INDICATION OF INJURY,11,11,41.6995474147,-87.6427519151,2024,30,POINT (-87.6427519151 41.6995474147),,,,,2024-11-11,False,48,Roseland
12437,30,TRAFFIC SIGNAL,UNKNOWN,CLEAR,DAYLIGHT,PEDALCYCLIST,FOUR WAY,STRAIGHT AND LEVEL,DRY,UNKNOWN,Y,UNABLE TO DETERMINE,UNABLE TO DETERMINE,,NO INDICATION OF INJURY,15,11,41.8828498883,-87.7111073238,2024,30,POINT (-87.7111073238 41.8828498883),,,,,2024-11-11,False,26,Garfield Park
12438,30,NO CONTROLS,NO CONTROLS,CLEAR,DAYLIGHT,PEDALCYCLIST,DIVIDED - W/MEDIAN (NOT RAISED),STRAIGHT AND LEVEL,DRY,UNKNOWN,,UNABLE TO DETERMINE,NOT APPLICABLE,,NONINCAPACITATING INJURY,15,11,41.9332848948,-87.7758904455,2024,30,POINT (-87.7758904455 41.9332848948),,,,,2024-11-11,False,18,Belmont Cragin
12439,30,OTHER,OTHER,CLEAR,DAYLIGHT,PEDALCYCLIST,DIVIDED - W/MEDIAN (NOT RAISED),STRAIGHT AND LEVEL,DRY,NO DEFECTS,,FAILING TO YIELD RIGHT-OF-WAY,UNABLE TO DETERMINE,,NONINCAPACITATING INJURY,16,11,41.9082871628,-87.6775511216,2024,30,POINT (-87.6775511216 41.9082871628),,,,,2024-11-11,False,23,West Town