Unnamed: 0,POSTED_SPEED_LIMIT,TRAFFIC_CONTROL_DEVICE,DEVICE_CONDITION,WEATHER_CONDITION,LIGHTING_CONDITION,FIRST_CRASH_TYPE,TRAFFICWAY_TYPE,ALIGNMENT,ROADWAY_SURFACE_COND,ROAD_DEFECT,INTERSECTION_RELATED_I,PRIM_CONTRIBUTORY_CAUSE,SEC_CONTRIBUTORY_CAUSE,DOORING_I,MOST_SEVERE_INJURY,CRASH_HOUR,CRASH_MONTH,LATITUDE,LONGITUDE,CRASH_YEAR,SPEED_LIMIT,geometry,DISPLAYROU,the_geom,DIST,LANE_TYPE,CRASH_DATE,is_severe,index_right,CArea
12440,25,UNKNOWN,UNKNOWN,UNKNOWN,UNKNOWN,PEDALCYCLIST,UNKNOWN,STRAIGHT AND LEVEL,UNKNOWN,UNKNOWN,,UNABLE TO DETERMINE,UNABLE TO DETERMINE,Y,"REPORTED, NOT EVIDENT",18,11,41.8795036502,-87.6329697416,2024,25,POINT (-87.6329697416 41.8795036502),,,,,2024-11-11,False,31,Loop
12441,30,TRAFFIC SIGNAL,FUNCTIONING PROPERLY,CLEAR,DAYLIGHT,PEDALCYCLIST,ONE-WAY,STRAIGHT AND LEVEL,DRY,NO DEFECTS,,IMPROPER TURNING/NO SIGNAL,IMPROPER TURNING/NO SIGNAL,,NONINCAPACITATING INJURY,12,11,41.8844460794,-87.629602189,2024,30,POINT (-87.629602189 41.8844460794),,,,,2024-11-12,False,31,Loop
12442,30,TRAFFIC SIGNAL,FUNCTIONING PROPERLY,CLEAR,DAYLIGHT,PEDALCYCLIST,DIVIDED - W/MEDIAN BARRIER,STRAIGHT AND LEVEL,DRY,NO DEFECTS,,FAILING TO YIELD RIGHT-OF-WAY,NOT APPLICABLE,,INCAPACITATING INJURY,15,11,41.8640760775,-87.6763219403,2024,30,POINT (-87.6763219403 41.8640760775),,,,,2024-11-12,True,27,Near West Side
12443,30,NO CONTROLS,NO CONTROLS,CLEAR,"DARKNESS, LIGHTED ROAD",PEDALCYCLIST,NOT DIVIDED,STRAIGHT AND LEVEL,DRY,NO DEFECTS,,FAILING TO YIELD RIGHT-OF-WAY,NOT APPLICABLE,,NO INDICATION OF INJURY,17,11,41.9438456011,-87.6637819346,2024,30,POINT (-87.6637819346 41.9438456011),,,,,2024-11-12,False,5,Lake View
12444,30,NO CONTROLS,NO CONTROLS,CLEAR,"DARKNESS, LIGHTED ROAD",PEDALCYCLIST,PARKING LOT,STRAIGHT AND LEVEL,DRY,NO DEFECTS,,UNABLE TO DETERMINE,UNABLE TO DETERMINE,,"REPORTED, NOT EVIDENT",18,11,41.8929311028,-87.7261568279,2024,30,POINT (-87.7261568279 41.8929311028),,,,,2024-11-12,False,22,Humboldt Park
12445,20,YIELD,FUNCTIONING PROPERLY,CLEAR,DAYLIGHT,PEDALCYCLIST,ONE-WAY,STRAIGHT AND LEVEL,DRY,NO DEFECTS,,FAILING TO YIELD RIGHT-OF-WAY,NOT APPLICABLE,,NO INDICATION OF INJURY,16,11,41.8846028549,-87.6271869402,2024,20,POINT (-87.6271869402 41.8846028549),,,,,2024-11-13,False,31,Loop
12446,30,TRAFFIC SIGNAL,FUNCTIONING PROPERLY,RAIN,"DARKNESS, LIGHTED ROAD",PEDALCYCLIST,DIVIDED - W/MEDIAN (NOT RAISED),STRAIGHT AND LEVEL,WET,NO DEFECTS,Y,FAILING TO YIELD RIGHT-OF-WAY,NOT APPLICABLE,,"REPORTED, NOT EVIDENT",16,11,41.9463047506,-87.7076654691,2024,30,POINT (-87.7076654691 41.9463047506),,,,,2024-11-13,False,15,Irving Park
12447,30,NO CONTROLS,NO CONTROLS,RAIN,"DARKNESS, LIGHTED ROAD",PEDALCYCLIST,NOT DIVIDED,STRAIGHT AND LEVEL,WET,NO DEFECTS,,UNABLE TO DETERMINE,NOT APPLICABLE,,NONINCAPACITATING INJURY,19,11,41.9245480334,-87.6472938512,2024,30,POINT (-87.6472938512 41.9245480334),,,,,2024-11-13,False,6,Lincoln Park
12448,30,NO CONTROLS,NO CONTROLS,RAIN,"DARKNESS, LIGHTED ROAD",PEDALCYCLIST,NOT DIVIDED,STRAIGHT ON HILLCREST,WET,OTHER,,UNABLE TO DETERMINE,NOT APPLICABLE,,INCAPACITATING INJURY,21,11,41.9323402147,-87.6827360096,2024,30,POINT (-87.6827360096 41.9323402147),,,,,2024-11-13,True,4,North Center
12449,35,NO CONTROLS,NO CONTROLS,RAIN,DAYLIGHT,PEDALCYCLIST,ONE-WAY,STRAIGHT AND LEVEL,WET,NO DEFECTS,Y,FAILING TO YIELD RIGHT-OF-WAY,WEATHER,,NONINCAPACITATING INJURY,7,11,41.7809417378,-87.6860741948,2024,35,POINT (-87.6860741948 41.7809417378),,,,,2024-11-14,False,65,Chicago Lawn
12450,30,STOP SIGN/FLASHER,NO CONTROLS,CLEAR,DAYLIGHT,PEDALCYCLIST,NOT DIVIDED,STRAIGHT AND LEVEL,DRY,NO DEFECTS,,UNABLE TO DETERMINE,NOT APPLICABLE,,"REPORTED, NOT EVIDENT",8,11,41.9069188121,-87.721418058,2024,30,POINT (-87.721418058 41.9069188121),,,,,2024-11-14,False,22,Humboldt Park
12451,30,STOP SIGN/FLASHER,FUNCTIONING PROPERLY,CLEAR,DAYLIGHT,PEDALCYCLIST,DIVIDED - W/MEDIAN (NOT RAISED),STRAIGHT AND LEVEL,DRY,NO DEFECTS,,IMPROPER LANE USAGE,NOT APPLICABLE,,NONINCAPACITATING INJURY,12,11,41.9532638312,-87.7510919962,2024,30,POINT (-87.7510919962 41.9532638312),,,,,2024-11-14,False,14,Portage Park
12452,30,NO CONTROLS,NO CONTROLS,CLEAR,DAYLIGHT,PEDALCYCLIST,ALLEY,STRAIGHT AND LEVEL,DRY,NO DEFECTS,,FAILING TO YIELD RIGHT-OF-WAY,NOT APPLICABLE,,NO INDICATION OF INJURY,13,11,41.8445459874,-87.7295736841,2024,30,POINT (-87.7295736841 41.8445459874),,,,,2024-11-14,False,29,South Lawndale
12453,30,TRAFFIC SIGNAL,FUNCTIONING PROPERLY,CLEAR,DAYLIGHT,PEDALCYCLIST,DIVIDED - W/MEDIAN (NOT RAISED),STRAIGHT AND LEVEL,DRY,NO DEFECTS,,UNABLE TO DETERMINE,NOT APPLICABLE,,NO INDICATION OF INJURY,14,11,41.9238706888,-87.7660492214,2024,30,POINT (-87.7660492214 41.9238706888),,,,,2024-11-14,False,18,Belmont Cragin
12454,30,NO CONTROLS,NO CONTROLS,RAIN,DAYLIGHT,PEDALCYCLIST,PARKING LOT,STRAIGHT AND LEVEL,WET,UNKNOWN,,DRIVING SKILLS/KNOWLEDGE/EXPERIENCE,UNABLE TO DETERMINE,,"REPORTED, NOT EVIDENT",14,11,41.9110131487,-87.6380177117,2024,30,POINT (-87.6380177117 41.9110131487),,,,,2024-11-14,False,6,Lincoln Park
12455,30,TRAFFIC SIGNAL,FUNCTIONING PROPERLY,CLEAR,DUSK,PEDALCYCLIST,FOUR WAY,STRAIGHT AND LEVEL,DRY,UNKNOWN,Y,FAILING TO YIELD RIGHT-OF-WAY,NOT APPLICABLE,,NONINCAPACITATING INJURY,16,11,41.7899550138,-87.6938409939,2024,30,POINT (-87.6938409939 41.7899550138),,,,,2024-11-14,False,62,Gage Park
12456,30,NO CONTROLS,NO CONTROLS,UNKNOWN,DUSK,PEDALCYCLIST,DIVIDED - W/MEDIAN (NOT RAISED),STRAIGHT AND LEVEL,UNKNOWN,NO DEFECTS,,"EVASIVE ACTION DUE TO ANIMAL, OBJECT, NONMOTORIST",NOT APPLICABLE,,NO INDICATION OF INJURY,17,11,41.9226891099,-87.6446933356,2024,30,POINT (-87.6446933356 41.9226891099),,,,,2024-11-14,False,6,Lincoln Park
12457,25,TRAFFIC SIGNAL,FUNCTIONING PROPERLY,RAIN,"DARKNESS, LIGHTED ROAD",PEDALCYCLIST,NOT DIVIDED,STRAIGHT AND LEVEL,WET,NO DEFECTS,Y,UNABLE TO DETERMINE,NOT APPLICABLE,,NONINCAPACITATING INJURY,20,11,41.9859279924,-87.7286634185,2024,25,POINT (-87.7286634185 41.9859279924),,,,,2024-11-14,False,11,Forest Glen
12458,35,NO CONTROLS,NO CONTROLS,CLEAR,DAYLIGHT,PEDALCYCLIST,NOT DIVIDED,STRAIGHT AND LEVEL,DRY,NO DEFECTS,,UNABLE TO DETERMINE,DRIVING ON WRONG SIDE/WRONG WAY,,"REPORTED, NOT EVIDENT",8,11,41.7920117219,-87.7036611053,2024,35,POINT (-87.7036611053 41.7920117219),,,,,2024-11-15,False,62,Gage Park
12459,20,STOP SIGN/FLASHER,OTHER,CLEAR,DAYLIGHT,PEDALCYCLIST,FOUR WAY,STRAIGHT AND LEVEL,UNKNOWN,UNKNOWN,Y,UNABLE TO DETERMINE,NOT APPLICABLE,,NO INDICATION OF INJURY,12,11,41.953739751,-87.6512696722,2024,20,POINT (-87.6512696722 41.953739751),,,,,2024-11-15,False,5,Lake View
12460,25,NO CONTROLS,NO CONTROLS,RAIN,UNKNOWN,PEDALCYCLIST,ONE-WAY,STRAIGHT AND LEVEL,DRY,UNKNOWN,,UNABLE TO DETERMINE,UNABLE TO DETERMINE,,NONINCAPACITATING INJURY,16,11,41.9233821263,-87.7731202253,2024,25,POINT (-87.7731202253 41.9233821263),,,,,2024-11-15,False,18,Belmont Cragin
12461,30,NO CONTROLS,NO CONTROLS,CLEAR,"DARKNESS, LIGHTED ROAD",PEDALCYCLIST,NOT DIVIDED,STRAIGHT AND LEVEL,DRY,NO DEFECTS,,FAILING TO YIELD RIGHT-OF-WAY,DRIVING SKILLS/KNOWLEDGE/EXPERIENCE,,NONINCAPACITATING INJURY,17,11,41.9100899822,-87.717777647,2024,30,POINT (-87.717777647 41.9100899822),,,,,2024-11-15,False,22,Humboldt Park
12462,35,NO CONTROLS,NO CONTROLS,CLEAR,DAYLIGHT,PEDALCYCLIST,OTHER,STRAIGHT AND LEVEL,DRY,NO DEFECTS,,FAILING TO YIELD RIGHT-OF-WAY,FAILING TO YIELD RIGHT-OF-WAY,,NO INDICATION OF INJURY,14,11,41.707192227,-87.6145004651,2024,35,POINT (-87.6145004651 41.707192227),,,,,2024-11-16,False,48,Roseland
12463,23,NO CONTROLS,NO CONTROLS,CLEAR,"DARKNESS, LIGHTED ROAD",PEDALCYCLIST,DIVIDED - W/MEDIAN (NOT RAISED),STRAIGHT AND LEVEL,DRY,NO DEFECTS,,UNABLE TO DETERMINE,NOT APPLICABLE,Y,NONINCAPACITATING INJURY,20,11,41.924878729,-87.7021745552,2024,23,POINT (-87.7021745552 41.924878729),,,,,2024-11-16,False,21,Logan Square
12464,30,TRAFFIC SIGNAL,FUNCTIONING PROPERLY,CLOUDY/OVERCAST,DAYLIGHT,PEDALCYCLIST,FOUR WAY,STRAIGHT AND LEVEL,DRY,NO DEFECTS,,UNABLE TO DETERMINE,NOT APPLICABLE,,NO INDICATION OF INJURY,8,11,41.9980665531,-87.6770053377,2024,30,POINT (-87.6770053377 41.9980665531),,,,,2024-11-17,False,0,Rogers Park
12465,30,NO CONTROLS,NO CONTROLS,CLEAR,"DARKNESS, LIGHTED ROAD",PEDALCYCLIST,NOT DIVIDED,STRAIGHT AND LEVEL,DRY,NO DEFECTS,,FAILING TO REDUCE SPEED TO AVOID CRASH,FOLLOWING TOO CLOSELY,,NO INDICATION OF INJURY,18,11,41.8371097248,-87.6464003305,2024,30,POINT (-87.6464003305 41.8371097248),,,,,2024-11-17,False,30,Lower West Side
12466,30,NO CONTROLS,FUNCTIONING PROPERLY,RAIN,DAYLIGHT,PEDALCYCLIST,NOT DIVIDED,STRAIGHT AND LEVEL,WET,NO DEFECTS,,IMPROPER OVERTAKING/PASSING,NOT APPLICABLE,,NONINCAPACITATING INJURY,11,11,41.8964631165,-87.6498475853,2024,30,POINT (-87.6498475853 41.8964631165),,,,,2024-11-18,False,7,Near North Side
12467,30,STOP SIGN/FLASHER,FUNCTIONING PROPERLY,RAIN,"DARKNESS, LIGHTED ROAD",PEDALCYCLIST,T-INTERSECTION,STRAIGHT AND LEVEL,WET,UNKNOWN,N,DRIVING SKILLS/KNOWLEDGE/EXPERIENCE,NOT APPLICABLE,,"REPORTED, NOT EVIDENT",16,11,41.9152540794,-87.6847664863,2024,30,POINT (-87.6847664863 41.9152540794),,,,,2024-11-18,False,21,Logan Square
12468,30,TRAFFIC SIGNAL,FUNCTIONING PROPERLY,RAIN,"DARKNESS, LIGHTED ROAD",PEDALCYCLIST,FOUR WAY,STRAIGHT AND LEVEL,WET,UNKNOWN,Y,UNABLE TO DETERMINE,UNABLE TO DETERMINE,,NONINCAPACITATING INJURY,5,11,41.7490650565,-87.741203904,2024,30,POINT (-87.741203904 41.7490650565),,,,,2024-11-19,False,69,Ashburn
12469,30,TRAFFIC SIGNAL,FUNCTIONING PROPERLY,CLEAR,DAWN,PEDALCYCLIST,DIVIDED - W/MEDIAN (NOT RAISED),STRAIGHT AND LEVEL,DRY,UNKNOWN,,UNABLE TO DETERMINE,UNABLE TO DETERMINE,,NONINCAPACITATING INJURY,6,11,41.8853896601,-87.666825816,2024,30,POINT (-87.666825816 41.8853896601),,,,,2024-11-19,False,27,Near West Side
12470,25,STOP SIGN/FLASHER,FUNCTIONING PROPERLY,CLOUDY/OVERCAST,DAYLIGHT,PEDALCYCLIST,T-INTERSECTION,STRAIGHT AND LEVEL,DRY,NO DEFECTS,,UNABLE TO DETERMINE,UNABLE TO DETERMINE,,NO INDICATION OF INJURY,7,11,41.9731220788,-87.7171039142,2024,25,POINT (-87.7171039142 41.9731220788),,,,,2024-11-19,False,12,North Park
12471,30,NO CONTROLS,NO CONTROLS,CLEAR,"DARKNESS, LIGHTED ROAD",PEDALCYCLIST,DIVIDED - W/MEDIAN (NOT RAISED),STRAIGHT AND LEVEL,DRY,NO DEFECTS,,FOLLOWING TOO CLOSELY,NOT APPLICABLE,,NONINCAPACITATING INJURY,22,11,41.9168669028,-87.7422214645,2024,30,POINT (-87.7422214645 41.9168669028),,,,,2024-11-19,False,18,Belmont Cragin
12472,30,TRAFFIC SIGNAL,FUNCTIONING PROPERLY,RAIN,DAYLIGHT,PEDALCYCLIST,NOT DIVIDED,STRAIGHT AND LEVEL,WET,UNKNOWN,,UNABLE TO DETERMINE,NOT APPLICABLE,,NO INDICATION OF INJURY,7,11,41.9973656533,-87.7676204298,2024,30,POINT (-87.7676204298 41.9973656533),,,,,2024-11-20,False,10,Jefferson Park
12473,30,TRAFFIC SIGNAL,FUNCTIONING PROPERLY,CLEAR,DAYLIGHT,PEDALCYCLIST,DIVIDED - W/MEDIAN (NOT RAISED),STRAIGHT AND LEVEL,DRY,NO DEFECTS,,IMPROPER LANE USAGE,UNABLE TO DETERMINE,,NO INDICATION OF INJURY,8,11,41.8867096667,-87.629303031,2024,30,POINT (-87.629303031 41.8867096667),,,,,2024-11-20,False,7,Near North Side
12474,30,STOP SIGN/FLASHER,FUNCTIONING PROPERLY,CLEAR,DAYLIGHT,PEDALCYCLIST,FOUR WAY,STRAIGHT AND LEVEL,DRY,NO DEFECTS,Y,UNABLE TO DETERMINE,UNABLE TO DETERMINE,,NO INDICATION OF INJURY,9,11,41.9171793684,-87.7339493012,2024,30,POINT (-87.7339493012 41.9171793684),,,,,2024-11-20,False,19,Hermosa
12475,30,NO CONTROLS,NO CONTROLS,RAIN,DAWN,PEDALCYCLIST,DIVIDED - W/MEDIAN BARRIER,STRAIGHT AND LEVEL,WET,UNKNOWN,,UNABLE TO DETERMINE,NOT APPLICABLE,,"REPORTED, NOT EVIDENT",13,11,41.7789866291,-87.6947531059,2024,30,POINT (-87.6947531059 41.7789866291),,,,,2024-11-20,False,65,Chicago Lawn
12476,30,TRAFFIC SIGNAL,FUNCTIONING PROPERLY,CLEAR,DAYLIGHT,PEDALCYCLIST,NOT DIVIDED,STRAIGHT AND LEVEL,DRY,NO DEFECTS,,UNABLE TO DETERMINE,NOT APPLICABLE,Y,NONINCAPACITATING INJURY,13,11,41.9609168841,-87.7385752933,2024,30,POINT (-87.7385752933 41.9609168841),,,,,2024-11-20,False,15,Irving Park
12477,30,STOP SIGN/FLASHER,FUNCTIONING PROPERLY,RAIN,"DARKNESS, LIGHTED ROAD",PEDALCYCLIST,NOT DIVIDED,STRAIGHT AND LEVEL,WET,NO DEFECTS,,DISREGARDING STOP SIGN,NOT APPLICABLE,,NONINCAPACITATING INJURY,17,11,41.9471561878,-87.6653769234,2024,30,POINT (-87.6653769234 41.9471561878),,,,,2024-11-20,False,5,Lake View
12478,30,TRAFFIC SIGNAL,FUNCTIONING PROPERLY,SNOW,"DARKNESS, LIGHTED ROAD",PEDALCYCLIST,FOUR WAY,STRAIGHT AND LEVEL,WET,NO DEFECTS,Y,FAILING TO YIELD RIGHT-OF-WAY,FAILING TO REDUCE SPEED TO AVOID CRASH,,NO INDICATION OF INJURY,18,11,41.9220037339,-87.6390847949,2024,30,POINT (-87.6390847949 41.9220037339),,,,,2024-11-20,False,6,Lincoln Park
12479,30,NO CONTROLS,NO CONTROLS,SNOW,"DARKNESS, LIGHTED ROAD",PEDALCYCLIST,DIVIDED - W/MEDIAN (NOT RAISED),STRAIGHT AND LEVEL,WET,NO DEFECTS,,UNABLE TO DETERMINE,NOT APPLICABLE,,NONINCAPACITATING INJURY,16,11,41.9760406628,-87.671108262,2024,30,POINT (-87.671108262 41.9760406628),,,,,2024-11-21,False,2,Uptown
12480,25,UNKNOWN,UNKNOWN,RAIN,DUSK,PEDALCYCLIST,FOUR WAY,STRAIGHT AND LEVEL,SNOW OR SLUSH,UNKNOWN,Y,DISREGARDING TRAFFIC SIGNALS,FAILING TO YIELD RIGHT-OF-WAY,,INCAPACITATING INJURY,17,11,41.8768609104,-87.6411031421,2024,25,POINT (-87.6411031421 41.8768609104),,,,,2024-11-21,True,27,Near West Side
12481,30,NO CONTROLS,NO CONTROLS,RAIN,"DARKNESS, LIGHTED ROAD",PEDALCYCLIST,NOT DIVIDED,STRAIGHT AND LEVEL,WET,NO DEFECTS,,DRIVING SKILLS/KNOWLEDGE/EXPERIENCE,NOT APPLICABLE,Y,NONINCAPACITATING INJURY,20,11,41.90282089,-87.665870353,2024,30,POINT (-87.665870353 41.90282089),,,,,2024-11-21,False,23,West Town
12482,30,NO CONTROLS,NO CONTROLS,CLEAR,"DARKNESS, LIGHTED ROAD",PEDALCYCLIST,NOT DIVIDED,STRAIGHT AND LEVEL,DRY,NO DEFECTS,,UNABLE TO DETERMINE,UNABLE TO DETERMINE,Y,NONINCAPACITATING INJURY,18,11,41.941673148,-87.6785575224,2024,30,POINT (-87.6785575224 41.941673148),,,,,2024-11-22,False,4,North Center
12483,30,TRAFFIC SIGNAL,FUNCTIONING PROPERLY,CLEAR,"DARKNESS, LIGHTED ROAD",PEDALCYCLIST,NOT DIVIDED,STRAIGHT AND LEVEL,DRY,NO DEFECTS,,IMPROPER TURNING/NO SIGNAL,IMPROPER OVERTAKING/PASSING,,NONINCAPACITATING INJURY,20,11,41.8550754997,-87.6300108465,2024,30,POINT (-87.6300108465 41.8550754997),,,,,2024-11-22,False,32,Near South Side
12484,30,NO CONTROLS,NO CONTROLS,CLEAR,"DARKNESS, LIGHTED ROAD",PEDALCYCLIST,NOT DIVIDED,STRAIGHT AND LEVEL,DRY,NO DEFECTS,,UNABLE TO DETERMINE,DRIVING SKILLS/KNOWLEDGE/EXPERIENCE,,NONINCAPACITATING INJURY,23,11,41.7884938243,-87.6670165016,2024,30,POINT (-87.6670165016 41.7884938243),,,,,2024-11-22,False,66,Englewood
12485,30,TRAFFIC SIGNAL,FUNCTIONING PROPERLY,CLOUDY/OVERCAST,"DARKNESS, LIGHTED ROAD",PEDALCYCLIST,FOUR WAY,STRAIGHT AND LEVEL,UNKNOWN,UNKNOWN,Y,FAILING TO YIELD RIGHT-OF-WAY,UNABLE TO DETERMINE,,"REPORTED, NOT EVIDENT",0,11,41.9248167406,-87.7002344981,2024,30,POINT (-87.7002344981 41.9248167406),,,,,2024-11-23,False,21,Logan Square
12486,25,NO CONTROLS,UNKNOWN,CLEAR,DUSK,PEDALCYCLIST,OTHER,STRAIGHT AND LEVEL,DRY,UNKNOWN,,UNABLE TO DETERMINE,UNABLE TO DETERMINE,N,NONINCAPACITATING INJURY,16,11,41.9392314667,-87.7086911136,2024,25,POINT (-87.7086911136 41.9392314667),,,,,2024-11-23,False,15,Irving Park
12487,30,NO CONTROLS,NO CONTROLS,CLEAR,DAYLIGHT,PEDALCYCLIST,FOUR WAY,STRAIGHT AND LEVEL,DRY,NO DEFECTS,Y,FAILING TO YIELD RIGHT-OF-WAY,NOT APPLICABLE,,NONINCAPACITATING INJURY,10,11,42.0007268268,-87.8072339753,2024,30,POINT (-87.8072339753 42.0007268268),,,,,2024-11-24,False,8,Edison Park
12488,30,TRAFFIC SIGNAL,FUNCTIONING PROPERLY,CLEAR,DARKNESS,PEDALCYCLIST,FOUR WAY,STRAIGHT AND LEVEL,DRY,NO DEFECTS,Y,FAILING TO YIELD RIGHT-OF-WAY,NOT APPLICABLE,,NONINCAPACITATING INJURY,17,11,41.9800800634,-87.6600345477,2024,30,POINT (-87.6600345477 41.9800800634),,,,,2024-11-24,False,76,Edgewater
12489,30,NO CONTROLS,NO CONTROLS,CLEAR,"DARKNESS, LIGHTED ROAD",PEDALCYCLIST,PARKING LOT,STRAIGHT AND LEVEL,DRY,NO DEFECTS,,UNABLE TO DETERMINE,NOT APPLICABLE,,NO INDICATION OF INJURY,16,11,41.7733602196,-87.5763454887,2024,30,POINT (-87.5763454887 41.7733602196),,,,,2024-11-25,False,41,Woodlawn
12490,30,STOP SIGN/FLASHER,FUNCTIONING PROPERLY,CLEAR,"DARKNESS, LIGHTED ROAD",PEDALCYCLIST,TRAFFIC ROUTE,STRAIGHT AND LEVEL,DRY,NO DEFECTS,Y,FAILING TO YIELD RIGHT-OF-WAY,UNABLE TO DETERMINE,,NONINCAPACITATING INJURY,17,11,41.9098323703,-87.738435922,2024,30,POINT (-87.738435922 41.9098323703),,,,,2024-11-25,False,22,Humboldt Park
12491,35,STOP SIGN/FLASHER,FUNCTIONING PROPERLY,CLEAR,"DARKNESS, LIGHTED ROAD",PEDALCYCLIST,FOUR WAY,STRAIGHT AND LEVEL,DRY,NO DEFECTS,Y,FAILING TO REDUCE SPEED TO AVOID CRASH,UNABLE TO DETERMINE,,INCAPACITATING INJURY,17,11,41.8950478902,-87.6671812731,2024,35,POINT (-87.6671812731 41.8950478902),,,,,2024-11-25,True,23,West Town
12492,30,STOP SIGN/FLASHER,FUNCTIONING PROPERLY,CLEAR,"DARKNESS, LIGHTED ROAD",PEDALCYCLIST,NOT DIVIDED,STRAIGHT AND LEVEL,UNKNOWN,UNKNOWN,Y,UNABLE TO DETERMINE,UNABLE TO DETERMINE,,NONINCAPACITATING INJURY,18,11,41.9309946347,-87.7784517165,2024,30,POINT (-87.7784517165 41.9309946347),,,,,2024-11-25,False,18,Belmont Cragin
12493,30,TRAFFIC SIGNAL,FUNCTIONING PROPERLY,CLEAR,DAYLIGHT,PEDALCYCLIST,NOT DIVIDED,STRAIGHT AND LEVEL,DRY,NO DEFECTS,Y,IMPROPER TURNING/NO SIGNAL,IMPROPER TURNING/NO SIGNAL,,NONINCAPACITATING INJURY,10,11,41.8084167447,-87.6748310718,2024,30,POINT (-87.6748310718 41.8084167447),,,,,2024-11-26,False,60,New City
12494,30,NO CONTROLS,NO CONTROLS,CLEAR,"DARKNESS, LIGHTED ROAD",PEDALCYCLIST,NOT DIVIDED,STRAIGHT AND LEVEL,DRY,NO DEFECTS,,UNABLE TO DETERMINE,UNABLE TO DETERMINE,,"REPORTED, NOT EVIDENT",20,11,41.9145540998,-87.6852554517,2024,30,POINT (-87.6852554517 41.9145540998),,,,,2024-11-26,False,21,Logan Square
12495,30,NO CONTROLS,NO CONTROLS,CLEAR,DAYLIGHT,PEDALCYCLIST,NOT DIVIDED,STRAIGHT AND LEVEL,DRY,NO DEFECTS,,UNABLE TO DETERMINE,NOT APPLICABLE,Y,NONINCAPACITATING INJURY,9,11,41.9175604532,-87.701242034,2024,30,POINT (-87.701242034 41.9175604532),,,,,2024-11-27,False,21,Logan Square
12496,30,TRAFFIC SIGNAL,FUNCTIONING IMPROPERLY,CLEAR,DAYLIGHT,PEDALCYCLIST,NOT DIVIDED,STRAIGHT AND LEVEL,DRY,NO DEFECTS,,FAILING TO YIELD RIGHT-OF-WAY,UNABLE TO DETERMINE,,"REPORTED, NOT EVIDENT",10,11,41.811598734,-87.7080697216,2024,30,POINT (-87.7080697216 41.811598734),,,,,2024-11-27,False,57,Brighton Park
12497,30,TRAFFIC SIGNAL,FUNCTIONING PROPERLY,CLEAR,DAYLIGHT,PEDALCYCLIST,FOUR WAY,STRAIGHT AND LEVEL,DRY,NO DEFECTS,Y,IMPROPER TURNING/NO SIGNAL,NOT APPLICABLE,,"REPORTED, NOT EVIDENT",11,11,41.8845243618,-87.627764549,2024,30,POINT (-87.627764549 41.8845243618),,,,,2024-11-27,False,31,Loop
12498,30,NO CONTROLS,NO CONTROLS,CLOUDY/OVERCAST,DAYLIGHT,PEDALCYCLIST,NOT DIVIDED,STRAIGHT AND LEVEL,DRY,NO DEFECTS,,NOT APPLICABLE,NOT APPLICABLE,Y,NO INDICATION OF INJURY,15,11,41.9476584348,-87.7101368391,2024,30,POINT (-87.7101368391 41.9476584348),,,,,2024-11-27,False,15,Irving Park
12499,25,NO CONTROLS,NO CONTROLS,CLEAR,DAWN,PEDALCYCLIST,ONE-WAY,STRAIGHT AND LEVEL,DRY,NO DEFECTS,,IMPROPER TURNING/NO SIGNAL,NOT APPLICABLE,,NO INDICATION OF INJURY,16,11,41.9816256432,-87.6640319618,2024,25,POINT (-87.6640319618 41.9816256432),,,,,2024-11-27,False,76,Edgewater
12500,30,NO CONTROLS,NO CONTROLS,UNKNOWN,UNKNOWN,PEDALCYCLIST,NOT DIVIDED,STRAIGHT AND LEVEL,DRY,NO DEFECTS,,FAILING TO YIELD RIGHT-OF-WAY,NOT APPLICABLE,,INCAPACITATING INJURY,18,11,41.9896769356,-87.6702068165,2024,30,POINT (-87.6702068165 41.9896769356),,,,,2024-11-27,True,76,Edgewater
12501,30,NO CONTROLS,NO CONTROLS,CLOUDY/OVERCAST,"DARKNESS, LIGHTED ROAD",PEDALCYCLIST,ONE-WAY,STRAIGHT AND LEVEL,DRY,UNKNOWN,,UNABLE TO DETERMINE,NOT APPLICABLE,,INCAPACITATING INJURY,18,11,41.9411858961,-87.7857504493,2024,30,POINT (-87.7857504493 41.9411858961),,,,,2024-11-27,True,14,Portage Park
12502,35,UNKNOWN,UNKNOWN,CLEAR,"DARKNESS, LIGHTED ROAD",PEDALCYCLIST,DIVIDED - W/MEDIAN BARRIER,STRAIGHT AND LEVEL,DRY,NO DEFECTS,,IMPROPER TURNING/NO SIGNAL,IMPROPER LANE USAGE,,NONINCAPACITATING INJURY,23,11,41.8819998934,-87.6244116348,2024,35,POINT (-87.6244116348 41.8819998934),,,,,2024-11-27,False,31,Loop
12503,30,UNKNOWN,UNKNOWN,CLEAR,"DARKNESS, LIGHTED ROAD",PEDALCYCLIST,NOT DIVIDED,STRAIGHT AND LEVEL,DRY,NO DEFECTS,,UNABLE TO DETERMINE,NOT APPLICABLE,,NONINCAPACITATING INJURY,3,11,41.9174041108,-87.7156725024,2024,30,POINT (-87.7156725024 41.9174041108),,,,,2024-11-28,False,21,Logan Square