Unnamed: 0,POSTED_SPEED_LIMIT,TRAFFIC_CONTROL_DEVICE,DEVICE_CONDITION,WEATHER_CONDITION,LIGHTING_CONDITION,FIRST_CRASH_TYPE,TRAFFICWAY_TYPE,ALIGNMENT,ROADWAY_SURFACE_COND,ROAD_DEFECT,INTERSECTION_RELATED_I,PRIM_CONTRIBUTORY_CAUSE,SEC_CONTRIBUTORY_CAUSE,DOORING_I,MOST_SEVERE_INJURY,CRASH_HOUR,CRASH_MONTH,LATITUDE,LONGITUDE,CRASH_YEAR,SPEED_LIMIT,geometry,DISPLAYROU,the_geom,DIST,LANE_TYPE,CRASH_DATE,is_severe,index_right,CArea
12504,25,NO CONTROLS,NO CONTROLS,CLEAR,DAYLIGHT,PEDALCYCLIST,NOT DIVIDED,STRAIGHT AND LEVEL,DRY,NO DEFECTS,,UNABLE TO DETERMINE,NOT APPLICABLE,,NO INDICATION OF INJURY,12,11,42.012906109,-87.665433043,2024,25,POINT (-87.665433043 42.012906109),,,,,2024-11-28,False,0,Rogers Park
12505,30,STOP SIGN/FLASHER,FUNCTIONING PROPERLY,CLEAR,"DARKNESS, LIGHTED ROAD",PEDALCYCLIST,ONE-WAY,STRAIGHT AND LEVEL,DRY,NO DEFECTS,Y,UNABLE TO DETERMINE,NOT APPLICABLE,,"REPORTED, NOT EVIDENT",19,11,41.8798702767,-87.7257615985,2024,30,POINT (-87.7257615985 41.8798702767),,,,,2024-11-28,False,25,Garfield Park
12506,30,UNKNOWN,UNKNOWN,CLEAR,UNKNOWN,PEDALCYCLIST,UNKNOWN INTERSECTION TYPE,STRAIGHT AND LEVEL,DRY,UNKNOWN,,DISREGARDING ROAD MARKINGS,NOT APPLICABLE,,NONINCAPACITATING INJURY,13,11,41.8996687205,-87.6766740488,2024,30,POINT (-87.6766740488 41.8996687205),,,,,2024-11-29,False,23,West Town
12507,35,TRAFFIC SIGNAL,FUNCTIONING PROPERLY,CLEAR,DAYLIGHT,PEDALCYCLIST,DIVIDED - W/MEDIAN (NOT RAISED),STRAIGHT AND LEVEL,DRY,NO DEFECTS,Y,UNABLE TO DETERMINE,UNABLE TO DETERMINE,,"REPORTED, NOT EVIDENT",14,11,41.7523634055,-87.6442348064,2024,35,POINT (-87.6442348064 41.7523634055),,,,,2024-11-29,False,70,Auburn Gresham
12508,35,NO CONTROLS,NO CONTROLS,CLEAR,DAYLIGHT,PEDALCYCLIST,T-INTERSECTION,STRAIGHT AND LEVEL,DRY,NO DEFECTS,,FAILING TO YIELD RIGHT-OF-WAY,NOT APPLICABLE,,NONINCAPACITATING INJURY,14,12,41.9706661679,-87.846689669,2024,35,POINT (-87.846689669 41.9706661679),,,,,2024-12-01,False,75,O'Hare
12509,35,NO CONTROLS,NO CONTROLS,CLEAR,DAYLIGHT,PEDALCYCLIST,NOT DIVIDED,STRAIGHT AND LEVEL,DRY,NO DEFECTS,Y,UNABLE TO DETERMINE,UNABLE TO DETERMINE,,NONINCAPACITATING INJURY,15,12,41.8865619418,-87.6444173129,2024,35,POINT (-87.6444173129 41.8865619418),,,,,2024-12-02,False,7,Near North Side
12510,30,NO CONTROLS,NO CONTROLS,CLEAR,"DARKNESS, LIGHTED ROAD",PEDALCYCLIST,NOT DIVIDED,STRAIGHT AND LEVEL,DRY,UNKNOWN,,UNABLE TO DETERMINE,UNABLE TO DETERMINE,Y,NONINCAPACITATING INJURY,18,12,41.9240397604,-87.6537095239,2024,30,POINT (-87.6537095239 41.9240397604),,,,,2024-12-02,False,6,Lincoln Park
12511,30,STOP SIGN/FLASHER,FUNCTIONING PROPERLY,CLEAR,"DARKNESS, LIGHTED ROAD",PEDALCYCLIST,PARKING LOT,STRAIGHT AND LEVEL,DRY,NO DEFECTS,N,UNABLE TO DETERMINE,UNABLE TO DETERMINE,,"REPORTED, NOT EVIDENT",18,12,41.8395544999,-87.6620207658,2024,30,POINT (-87.6620207658 41.8395544999),,,,,2024-12-02,False,30,Lower West Side
12512,30,NO CONTROLS,NO CONTROLS,CLEAR,DAYLIGHT,PEDALCYCLIST,DIVIDED - W/MEDIAN (NOT RAISED),STRAIGHT AND LEVEL,DRY,NO DEFECTS,,FAILING TO YIELD RIGHT-OF-WAY,NOT APPLICABLE,,NONINCAPACITATING INJURY,11,12,41.9238472567,-87.6776964599,2024,30,POINT (-87.6776964599 41.9238472567),,,,,2024-12-03,False,6,Lincoln Park
12513,30,TRAFFIC SIGNAL,FUNCTIONING PROPERLY,CLEAR,DAYLIGHT,PEDALCYCLIST,"FIVE POINT, OR MORE",STRAIGHT AND LEVEL,DRY,NO DEFECTS,Y,FAILING TO YIELD RIGHT-OF-WAY,NOT APPLICABLE,,NONINCAPACITATING INJURY,16,12,41.759318146,-87.5962417158,2024,30,POINT (-87.5962417158 41.759318146),,,,,2024-12-03,False,68,Grand Crossing
12514,35,OTHER,FUNCTIONING PROPERLY,CLEAR,"DARKNESS, LIGHTED ROAD",PEDALCYCLIST,DIVIDED - W/MEDIAN (NOT RAISED),STRAIGHT AND LEVEL,DRY,NO DEFECTS,,DISREGARDING ROAD MARKINGS,NOT APPLICABLE,,"REPORTED, NOT EVIDENT",17,12,41.9319209821,-87.7076576609,2024,35,POINT (-87.7076576609 41.9319209821),,,,,2024-12-03,False,20,Avondale
12515,30,TRAFFIC SIGNAL,UNKNOWN,CLEAR,"DARKNESS, LIGHTED ROAD",PEDALCYCLIST,NOT DIVIDED,STRAIGHT AND LEVEL,DRY,UNKNOWN,,UNABLE TO DETERMINE,UNABLE TO DETERMINE,,NO INDICATION OF INJURY,21,12,41.9650211007,-87.6860140292,2024,30,POINT (-87.6860140292 41.9650211007),,,,,2024-12-03,False,3,Lincoln Square
12516,30,NO CONTROLS,NO CONTROLS,CLEAR,DAYLIGHT,PEDALCYCLIST,NOT DIVIDED,STRAIGHT AND LEVEL,DRY,NO DEFECTS,Y,FAILING TO YIELD RIGHT-OF-WAY,DRIVING ON WRONG SIDE/WRONG WAY,Y,NONINCAPACITATING INJURY,8,12,41.8507832866,-87.6465847471,2024,30,POINT (-87.6465847471 41.8507832866),,,,,2024-12-04,False,30,Lower West Side
12517,20,NO CONTROLS,NO CONTROLS,CLEAR,DAYLIGHT,PEDALCYCLIST,NOT DIVIDED,STRAIGHT AND LEVEL,DRY,NO DEFECTS,,UNABLE TO DETERMINE,UNABLE TO DETERMINE,,NONINCAPACITATING INJURY,8,12,41.9068419164,-87.683134088,2024,20,POINT (-87.683134088 41.9068419164),,,,,2024-12-04,False,23,West Town
12518,10,NO CONTROLS,NO CONTROLS,CLOUDY/OVERCAST,DAYLIGHT,PEDALCYCLIST,ALLEY,STRAIGHT AND LEVEL,DRY,UNKNOWN,Y,FAILING TO YIELD RIGHT-OF-WAY,UNABLE TO DETERMINE,,"REPORTED, NOT EVIDENT",14,12,41.8218503693,-87.6906111517,2024,10,POINT (-87.6906111517 41.8218503693),,,,,2024-12-04,False,29,South Lawndale
12519,30,STOP SIGN/FLASHER,FUNCTIONING PROPERLY,CLEAR,"DARKNESS, LIGHTED ROAD",PEDALCYCLIST,FOUR WAY,STRAIGHT AND LEVEL,DRY,NO DEFECTS,,FAILING TO YIELD RIGHT-OF-WAY,NOT APPLICABLE,,NO INDICATION OF INJURY,4,12,41.9594527181,-87.7083393206,2024,30,POINT (-87.7083393206 41.9594527181),,,,,2024-12-05,False,15,Irving Park
12520,30,TRAFFIC SIGNAL,FUNCTIONING PROPERLY,CLEAR,DAYLIGHT,PEDALCYCLIST,FOUR WAY,STRAIGHT AND LEVEL,DRY,NO DEFECTS,Y,FAILING TO YIELD RIGHT-OF-WAY,UNABLE TO DETERMINE,,NO INDICATION OF INJURY,10,12,41.9688451817,-87.6793347247,2024,30,POINT (-87.6793347247 41.9688451817),,,,,2024-12-05,False,3,Lincoln Square
12521,30,NO CONTROLS,NO CONTROLS,CLEAR,DAYLIGHT,PEDALCYCLIST,NOT DIVIDED,STRAIGHT AND LEVEL,DRY,NO DEFECTS,Y,UNABLE TO DETERMINE,NOT APPLICABLE,,NO INDICATION OF INJURY,15,12,41.916996073,-87.6645967198,2024,30,POINT (-87.6645967198 41.916996073),,,,,2024-12-05,False,6,Lincoln Park
12522,30,NO CONTROLS,NO CONTROLS,CLEAR,DAYLIGHT,PEDALCYCLIST,DIVIDED - W/MEDIAN (NOT RAISED),STRAIGHT AND LEVEL,DRY,NO DEFECTS,,UNABLE TO DETERMINE,UNABLE TO DETERMINE,Y,NO INDICATION OF INJURY,16,12,41.863938049,-87.6466785274,2024,30,POINT (-87.6466785274 41.863938049),,,,,2024-12-05,False,27,Near West Side
12523,30,TRAFFIC SIGNAL,FUNCTIONING PROPERLY,CLEAR,"DARKNESS, LIGHTED ROAD",PEDALCYCLIST,T-INTERSECTION,STRAIGHT AND LEVEL,DRY,NO DEFECTS,Y,DISREGARDING TRAFFIC SIGNALS,NOT APPLICABLE,,NONINCAPACITATING INJURY,18,12,41.869057497,-87.6306228843,2024,30,POINT (-87.6306228843 41.869057497),,,,,2024-12-05,False,31,Loop
12524,35,NO CONTROLS,NO CONTROLS,CLEAR,DAYLIGHT,PEDALCYCLIST,NOT DIVIDED,STRAIGHT AND LEVEL,DRY,NO DEFECTS,,FAILING TO YIELD RIGHT-OF-WAY,NOT APPLICABLE,,NONINCAPACITATING INJURY,8,12,41.7894779844,-87.8012782876,2024,35,POINT (-87.8012782876 41.7894779844),,,,,2024-12-06,False,55,Garfield Ridge
12525,20,NO CONTROLS,NO CONTROLS,CLEAR,DAYLIGHT,PEDALCYCLIST,DIVIDED - W/MEDIAN BARRIER,STRAIGHT AND LEVEL,DRY,NO DEFECTS,,IMPROPER TURNING/NO SIGNAL,IMPROPER TURNING/NO SIGNAL,,"REPORTED, NOT EVIDENT",8,12,41.8716989836,-87.6510300968,2024,20,POINT (-87.6510300968 41.8716989836),,,,,2024-12-06,False,27,Near West Side
12526,30,TRAFFIC SIGNAL,FUNCTIONING PROPERLY,CLEAR,DAYLIGHT,PEDALCYCLIST,DIVIDED - W/MEDIAN (NOT RAISED),STRAIGHT AND LEVEL,DRY,UNKNOWN,,UNABLE TO DETERMINE,UNABLE TO DETERMINE,,NONINCAPACITATING INJURY,8,12,41.9316369691,-87.7118493206,2024,30,POINT (-87.7118493206 41.9316369691),,,,,2024-12-06,False,21,Logan Square
12527,30,NO CONTROLS,NO CONTROLS,CLEAR,DUSK,PEDALCYCLIST,NOT DIVIDED,STRAIGHT AND LEVEL,DRY,NO DEFECTS,,IMPROPER TURNING/NO SIGNAL,IMPROPER TURNING/NO SIGNAL,,NO INDICATION OF INJURY,16,12,41.939993219,-87.6558904086,2024,30,POINT (-87.6558904086 41.939993219),,,,,2024-12-06,False,5,Lake View
12528,30,NO CONTROLS,NO CONTROLS,CLEAR,"DARKNESS, LIGHTED ROAD",PEDALCYCLIST,NOT DIVIDED,STRAIGHT AND LEVEL,DRY,NO DEFECTS,,IMPROPER LANE USAGE,NOT APPLICABLE,,"REPORTED, NOT EVIDENT",17,12,41.8672751219,-87.6295868269,2024,30,POINT (-87.6295868269 41.8672751219),,,,,2024-12-06,False,32,Near South Side
12529,30,TRAFFIC SIGNAL,FUNCTIONING PROPERLY,CLEAR,DAYLIGHT,PEDALCYCLIST,FOUR WAY,STRAIGHT AND LEVEL,DRY,NO DEFECTS,Y,UNABLE TO DETERMINE,UNABLE TO DETERMINE,,INCAPACITATING INJURY,12,12,42.0118222868,-87.8067008579,2024,30,POINT (-87.8067008579 42.0118222868),,,,,2024-12-07,True,8,Edison Park
12530,30,TRAFFIC SIGNAL,FUNCTIONING PROPERLY,UNKNOWN,DAYLIGHT,PEDALCYCLIST,FOUR WAY,STRAIGHT AND LEVEL,UNKNOWN,UNKNOWN,,UNABLE TO DETERMINE,NOT APPLICABLE,,NO INDICATION OF INJURY,15,12,41.9937340373,-87.6605292879,2024,30,POINT (-87.6605292879 41.9937340373),,,,,2024-12-07,False,76,Edgewater
12531,30,TRAFFIC SIGNAL,FUNCTIONING PROPERLY,CLEAR,"DARKNESS, LIGHTED ROAD",PEDALCYCLIST,FOUR WAY,STRAIGHT AND LEVEL,DRY,UNKNOWN,Y,FAILING TO YIELD RIGHT-OF-WAY,NOT APPLICABLE,,NONINCAPACITATING INJURY,22,12,41.9085809036,-87.6873230028,2024,30,POINT (-87.6873230028 41.9085809036),,,,,2024-12-07,False,23,West Town
12532,30,NO CONTROLS,NO CONTROLS,CLEAR,"DARKNESS, LIGHTED ROAD",PEDALCYCLIST,DIVIDED - W/MEDIAN (NOT RAISED),STRAIGHT AND LEVEL,DRY,NO DEFECTS,,UNABLE TO DETERMINE,NOT APPLICABLE,N,NO INDICATION OF INJURY,2,12,41.9401491376,-87.6446627167,2024,30,POINT (-87.6446627167 41.9401491376),,,,,2024-12-08,False,5,Lake View
12533,30,NO CONTROLS,NO CONTROLS,CLEAR,DAYLIGHT,PEDALCYCLIST,NOT DIVIDED,STRAIGHT AND LEVEL,DRY,UNKNOWN,,IMPROPER OVERTAKING/PASSING,NOT APPLICABLE,,NONINCAPACITATING INJURY,12,12,41.9461531299,-87.655500028,2024,30,POINT (-87.655500028 41.9461531299),,,,,2024-12-08,False,5,Lake View
12534,30,NO CONTROLS,NO CONTROLS,CLEAR,DAYLIGHT,PEDALCYCLIST,NOT DIVIDED,STRAIGHT AND LEVEL,DRY,NO DEFECTS,,DRIVING SKILLS/KNOWLEDGE/EXPERIENCE,NOT APPLICABLE,Y,"REPORTED, NOT EVIDENT",13,12,41.9471901712,-87.6632892155,2024,30,POINT (-87.6632892155 41.9471901712),,,,,2024-12-08,False,5,Lake View
12535,20,NO CONTROLS,NO CONTROLS,CLEAR,DAYLIGHT,PEDALCYCLIST,ONE-WAY,STRAIGHT AND LEVEL,DRY,NO DEFECTS,Y,UNABLE TO DETERMINE,NOT APPLICABLE,,NONINCAPACITATING INJURY,14,12,41.9994452914,-87.6892776299,2024,20,POINT (-87.6892776299 41.9994452914),,,,,2024-12-08,False,1,West Ridge
12536,30,NO CONTROLS,NO CONTROLS,CLEAR,DAYLIGHT,PEDALCYCLIST,ONE-WAY,STRAIGHT AND LEVEL,DRY,NO DEFECTS,,UNABLE TO DETERMINE,NOT APPLICABLE,,NONINCAPACITATING INJURY,15,12,41.7499342852,-87.667218026,2024,30,POINT (-87.667218026 41.7499342852),,,,,2024-12-08,False,70,Auburn Gresham
12537,30,NO CONTROLS,NO CONTROLS,CLEAR,DUSK,PEDALCYCLIST,OTHER,STRAIGHT AND LEVEL,DRY,NO DEFECTS,,FAILING TO REDUCE SPEED TO AVOID CRASH,NOT APPLICABLE,,"REPORTED, NOT EVIDENT",19,12,41.9849161175,-87.6599618329,2024,30,POINT (-87.6599618329 41.9849161175),,,,,2024-12-08,False,76,Edgewater
12538,30,NO CONTROLS,NO CONTROLS,CLEAR,DAWN,PEDALCYCLIST,NOT DIVIDED,STRAIGHT AND LEVEL,DRY,NO DEFECTS,,UNABLE TO DETERMINE,UNABLE TO DETERMINE,,NO INDICATION OF INJURY,9,12,41.8453721656,-87.631968869,2024,30,POINT (-87.631968869 41.8453721656),,,,,2024-12-09,False,32,Near South Side
12539,30,TRAFFIC SIGNAL,FUNCTIONING PROPERLY,CLEAR,DAYLIGHT,PEDALCYCLIST,NOT DIVIDED,STRAIGHT AND LEVEL,DRY,NO DEFECTS,,FAILING TO YIELD RIGHT-OF-WAY,FAILING TO YIELD RIGHT-OF-WAY,,NONINCAPACITATING INJURY,9,12,41.9039059863,-87.6346262373,2024,30,POINT (-87.6346262373 41.9039059863),,,,,2024-12-09,False,7,Near North Side
12540,30,NO CONTROLS,NO CONTROLS,CLEAR,DAYLIGHT,PEDALCYCLIST,NOT DIVIDED,STRAIGHT AND LEVEL,DRY,NO DEFECTS,,NOT APPLICABLE,NOT APPLICABLE,,NONINCAPACITATING INJURY,13,12,41.7650721073,-87.6833989392,2024,30,POINT (-87.6833989392 41.7650721073),,,,,2024-12-09,False,65,Chicago Lawn
12541,30,NO CONTROLS,NO CONTROLS,CLEAR,DARKNESS,PEDALCYCLIST,NOT DIVIDED,STRAIGHT AND LEVEL,DRY,NO DEFECTS,,IMPROPER TURNING/NO SIGNAL,IMPROPER OVERTAKING/PASSING,,NONINCAPACITATING INJURY,16,12,41.9053410047,-87.6594474582,2024,30,POINT (-87.6594474582 41.9053410047),,,,,2024-12-09,False,23,West Town
12542,30,NO CONTROLS,NO CONTROLS,CLEAR,DAYLIGHT,PEDALCYCLIST,RAMP,STRAIGHT AND LEVEL,DRY,UNKNOWN,Y,FAILING TO YIELD RIGHT-OF-WAY,NOT APPLICABLE,,NONINCAPACITATING INJURY,16,12,41.9764370125,-87.6507034791,2024,30,POINT (-87.6507034791 41.9764370125),,,,,2024-12-09,False,2,Uptown
12543,25,UNKNOWN,FUNCTIONING PROPERLY,CLEAR,DAYLIGHT,PEDALCYCLIST,FOUR WAY,STRAIGHT AND LEVEL,DRY,NO DEFECTS,Y,UNABLE TO DETERMINE,NOT APPLICABLE,,NONINCAPACITATING INJURY,8,12,41.9161489683,-87.6865970949,2024,25,POINT (-87.6865970949 41.9161489683),,,,,2024-12-10,False,21,Logan Square
12544,30,TRAFFIC SIGNAL,FUNCTIONING PROPERLY,CLEAR,DAYLIGHT,PEDALCYCLIST,FOUR WAY,STRAIGHT AND LEVEL,DRY,NO DEFECTS,Y,FAILING TO REDUCE SPEED TO AVOID CRASH,UNABLE TO DETERMINE,,NO INDICATION OF INJURY,16,12,41.9760749349,-87.6795524562,2024,30,POINT (-87.6795524562 41.9760749349),,,,,2024-12-10,False,3,Lincoln Square
12545,30,NO CONTROLS,NO CONTROLS,CLEAR,"DARKNESS, LIGHTED ROAD",PEDALCYCLIST,NOT DIVIDED,STRAIGHT AND LEVEL,DRY,NO DEFECTS,,UNABLE TO DETERMINE,UNABLE TO DETERMINE,Y,NONINCAPACITATING INJURY,16,12,41.9683354107,-87.7294802248,2024,30,POINT (-87.7294802248 41.9683354107),,,,,2024-12-10,False,11,Forest Glen
12546,30,UNKNOWN,UNKNOWN,UNKNOWN,UNKNOWN,PEDALCYCLIST,NOT DIVIDED,STRAIGHT AND LEVEL,UNKNOWN,UNKNOWN,,UNABLE TO DETERMINE,UNABLE TO DETERMINE,,NO INDICATION OF INJURY,16,12,41.9575915122,-87.6523171201,2024,30,POINT (-87.6523171201 41.9575915122),,,,,2024-12-10,False,2,Uptown
12547,30,TRAFFIC SIGNAL,FUNCTIONING PROPERLY,CLEAR,DARKNESS,PEDALCYCLIST,FOUR WAY,STRAIGHT AND LEVEL,DRY,UNKNOWN,,UNABLE TO DETERMINE,NOT APPLICABLE,,"REPORTED, NOT EVIDENT",17,12,41.9173867543,-87.7117575293,2024,30,POINT (-87.7117575293 41.9173867543),,,,,2024-12-10,False,21,Logan Square
12548,30,TRAFFIC SIGNAL,FUNCTIONING PROPERLY,CLEAR,DAWN,PEDALCYCLIST,DIVIDED - W/MEDIAN (NOT RAISED),STRAIGHT AND LEVEL,DRY,NO DEFECTS,,UNABLE TO DETERMINE,UNABLE TO DETERMINE,,NO INDICATION OF INJURY,6,12,41.9759760899,-87.6924942225,2024,30,POINT (-87.6924942225 41.9759760899),,,,,2024-12-11,False,3,Lincoln Square
12549,30,NO CONTROLS,NO CONTROLS,CLEAR,DAYLIGHT,PEDALCYCLIST,OTHER,STRAIGHT AND LEVEL,DRY,NO DEFECTS,Y,FAILING TO YIELD RIGHT-OF-WAY,NOT APPLICABLE,,INCAPACITATING INJURY,9,12,41.990729218,-87.6829794536,2024,30,POINT (-87.6829794536 41.990729218),,,,,2024-12-11,True,1,West Ridge
12550,30,NO CONTROLS,NO CONTROLS,CLEAR,DAYLIGHT,PEDALCYCLIST,NOT DIVIDED,STRAIGHT AND LEVEL,DRY,NO DEFECTS,,UNABLE TO DETERMINE,NOT APPLICABLE,,NONINCAPACITATING INJURY,12,12,41.9242780507,-87.7348048246,2024,30,POINT (-87.7348048246 41.9242780507),,,,,2024-12-11,False,19,Hermosa
12551,30,TRAFFIC SIGNAL,FUNCTIONING PROPERLY,CLEAR,DAYLIGHT,PEDALCYCLIST,FOUR WAY,STRAIGHT AND LEVEL,DRY,NO DEFECTS,Y,UNABLE TO DETERMINE,UNABLE TO DETERMINE,,NO INDICATION OF INJURY,13,12,41.7796695116,-87.6428359736,2024,30,POINT (-87.6428359736 41.7796695116),,,,,2024-12-11,False,67,Englewood
12552,25,NO CONTROLS,NO CONTROLS,CLEAR,DAYLIGHT,PEDALCYCLIST,ALLEY,STRAIGHT AND LEVEL,DRY,NO DEFECTS,Y,UNABLE TO DETERMINE,UNABLE TO DETERMINE,,NONINCAPACITATING INJURY,14,12,42.0073475849,-87.6679904553,2024,25,POINT (-87.6679904553 42.0073475849),,,,,2024-12-11,False,0,Rogers Park
12553,35,NO CONTROLS,NO CONTROLS,CLEAR,"DARKNESS, LIGHTED ROAD",PEDALCYCLIST,NOT DIVIDED,STRAIGHT AND LEVEL,DRY,NO DEFECTS,,UNABLE TO DETERMINE,FOLLOWING TOO CLOSELY,,NO INDICATION OF INJURY,19,12,41.9102726887,-87.6261295056,2024,35,POINT (-87.6261295056 41.9102726887),,,,,2024-12-11,False,7,Near North Side
12554,30,TRAFFIC SIGNAL,FUNCTIONING PROPERLY,CLEAR,DARKNESS,PEDALCYCLIST,FOUR WAY,STRAIGHT AND LEVEL,DRY,NO DEFECTS,Y,UNABLE TO DETERMINE,UNABLE TO DETERMINE,,"REPORTED, NOT EVIDENT",20,12,41.7804993873,-87.6060786487,2024,30,POINT (-87.6060786487 41.7804993873),,,,,2024-12-11,False,39,Washington Park
12555,25,NO CONTROLS,NO CONTROLS,CLEAR,DAYLIGHT,PEDALCYCLIST,NOT DIVIDED,STRAIGHT AND LEVEL,DRY,NO DEFECTS,,UNABLE TO DETERMINE,UNABLE TO DETERMINE,,NONINCAPACITATING INJURY,9,12,41.838420388,-87.6461405274,2024,25,POINT (-87.6461405274 41.838420388),,,,,2024-12-12,False,30,Lower West Side
12556,30,NO CONTROLS,NO CONTROLS,CLEAR,DUSK,PEDALCYCLIST,NOT DIVIDED,STRAIGHT AND LEVEL,DRY,NO DEFECTS,,NOT APPLICABLE,NOT APPLICABLE,,NONINCAPACITATING INJURY,17,12,41.8307220614,-87.6413797224,2024,30,POINT (-87.6413797224 41.8307220614),,,,,2024-12-12,False,33,Armour Square
12557,30,NO CONTROLS,NO CONTROLS,UNKNOWN,DARKNESS,PEDALCYCLIST,NOT DIVIDED,STRAIGHT AND LEVEL,UNKNOWN,UNKNOWN,,UNABLE TO DETERMINE,NOT APPLICABLE,N,NO INDICATION OF INJURY,19,12,41.8309356324,-87.6404175996,2024,30,POINT (-87.6404175996 41.8309356324),,,,,2024-12-12,False,33,Armour Square
12558,30,NO CONTROLS,NO CONTROLS,CLEAR,"DARKNESS, LIGHTED ROAD",PEDALCYCLIST,NOT DIVIDED,STRAIGHT AND LEVEL,DRY,NO DEFECTS,,NOT APPLICABLE,NOT APPLICABLE,Y,NO INDICATION OF INJURY,20,12,41.9182738614,-87.6483658157,2024,30,POINT (-87.6483658157 41.9182738614),,,,,2024-12-12,False,6,Lincoln Park
12559,35,TRAFFIC SIGNAL,FUNCTIONING PROPERLY,CLEAR,DAYLIGHT,PEDALCYCLIST,DIVIDED - W/MEDIAN (NOT RAISED),STRAIGHT AND LEVEL,DRY,NO DEFECTS,Y,"VISION OBSCURED (SIGNS, TREE LIMBS, BUILDINGS, ETC.)","VISION OBSCURED (SIGNS, TREE LIMBS, BUILDINGS, ETC.)",,NONINCAPACITATING INJURY,12,12,41.8161130299,-87.645871563,2024,35,POINT (-87.645871563 41.8161130299),,,,,2024-12-13,False,60,New City
12560,30,NO CONTROLS,NO CONTROLS,CLEAR,"DARKNESS, LIGHTED ROAD",PEDALCYCLIST,NOT DIVIDED,STRAIGHT AND LEVEL,DRY,NO DEFECTS,,UNABLE TO DETERMINE,UNABLE TO DETERMINE,Y,NO INDICATION OF INJURY,19,12,41.8855418494,-87.6482289578,2024,30,POINT (-87.6482289578 41.8855418494),,,,,2024-12-13,False,27,Near West Side
12561,30,TRAFFIC SIGNAL,FUNCTIONING PROPERLY,FREEZING RAIN/DRIZZLE,"DARKNESS, LIGHTED ROAD",PEDALCYCLIST,NOT DIVIDED,STRAIGHT AND LEVEL,WET,NO DEFECTS,,DISREGARDING TRAFFIC SIGNALS,WEATHER,,NO INDICATION OF INJURY,1,12,41.9321193139,-87.7075769092,2024,30,POINT (-87.7075769092 41.9321193139),,,,,2024-12-15,False,20,Avondale
12562,30,NO CONTROLS,NO CONTROLS,RAIN,DAYLIGHT,PEDALCYCLIST,ONE-WAY,STRAIGHT AND LEVEL,WET,UNKNOWN,,UNABLE TO DETERMINE,NOT APPLICABLE,Y,NONINCAPACITATING INJURY,15,12,41.9354403662,-87.6425438367,2024,30,POINT (-87.6425438367 41.9354403662),,,,,2024-12-15,False,5,Lake View
12563,25,STOP SIGN/FLASHER,FUNCTIONING PROPERLY,RAIN,DAYLIGHT,PEDALCYCLIST,FOUR WAY,STRAIGHT AND LEVEL,WET,UNKNOWN,,WEATHER,WEATHER,Y,NO INDICATION OF INJURY,7,12,41.8989090399,-87.7262498517,2024,25,POINT (-87.7262498517 41.8989090399),,,,,2024-12-16,False,22,Humboldt Park
12564,30,TRAFFIC SIGNAL,FUNCTIONING PROPERLY,RAIN,DUSK,PEDALCYCLIST,DIVIDED - W/MEDIAN (NOT RAISED),STRAIGHT AND LEVEL,WET,UNKNOWN,Y,NOT APPLICABLE,NOT APPLICABLE,,"REPORTED, NOT EVIDENT",8,12,41.8957962445,-87.6549535956,2024,30,POINT (-87.6549535956 41.8957962445),,,,,2024-12-16,False,7,Near North Side
12565,25,STOP SIGN/FLASHER,FUNCTIONING PROPERLY,RAIN,DAYLIGHT,PEDALCYCLIST,NOT DIVIDED,STRAIGHT AND LEVEL,WET,NO DEFECTS,Y,FAILING TO YIELD RIGHT-OF-WAY,DISREGARDING STOP SIGN,,NONINCAPACITATING INJURY,11,12,41.994266579,-87.6860214496,2024,25,POINT (-87.6860214496 41.994266579),,,,,2024-12-16,False,1,West Ridge
12566,25,TRAFFIC SIGNAL,FUNCTIONING PROPERLY,CLEAR,DAYLIGHT,PEDALCYCLIST,DIVIDED - W/MEDIAN BARRIER,STRAIGHT AND LEVEL,DRY,NO DEFECTS,Y,FAILING TO YIELD RIGHT-OF-WAY,DRIVING SKILLS/KNOWLEDGE/EXPERIENCE,,NO INDICATION OF INJURY,17,12,41.8949795111,-87.6243999705,2024,25,POINT (-87.6243999705 41.8949795111),,,,,2024-12-16,False,7,Near North Side
12567,30,TRAFFIC SIGNAL,UNKNOWN,UNKNOWN,UNKNOWN,PEDALCYCLIST,DIVIDED - W/MEDIAN BARRIER,STRAIGHT AND LEVEL,UNKNOWN,UNKNOWN,,IMPROPER OVERTAKING/PASSING,NOT APPLICABLE,,NO INDICATION OF INJURY,17,12,41.8813710615,-87.6244917519,2024,30,POINT (-87.6244917519 41.8813710615),,,,,2024-12-16,False,31,Loop
12568,30,STOP SIGN/FLASHER,FUNCTIONING PROPERLY,CLEAR,DARKNESS,PEDALCYCLIST,NOT DIVIDED,STRAIGHT AND LEVEL,DRY,NO DEFECTS,,UNABLE TO DETERMINE,UNABLE TO DETERMINE,N,NONINCAPACITATING INJURY,21,12,41.9129184855,-87.6349124118,2024,30,POINT (-87.6349124118 41.9129184855),,,,,2024-12-16,False,6,Lincoln Park
12569,30,STOP SIGN/FLASHER,FUNCTIONING PROPERLY,UNKNOWN,UNKNOWN,PEDALCYCLIST,FOUR WAY,STRAIGHT AND LEVEL,UNKNOWN,UNKNOWN,Y,UNABLE TO DETERMINE,NOT APPLICABLE,,NO INDICATION OF INJURY,7,12,41.8867483735,-87.6842710968,2024,30,POINT (-87.6842710968 41.8867483735),,,,,2024-12-17,False,27,Near West Side