Unnamed: 0,POSTED_SPEED_LIMIT,TRAFFIC_CONTROL_DEVICE,DEVICE_CONDITION,WEATHER_CONDITION,LIGHTING_CONDITION,FIRST_CRASH_TYPE,TRAFFICWAY_TYPE,ALIGNMENT,ROADWAY_SURFACE_COND,ROAD_DEFECT,INTERSECTION_RELATED_I,PRIM_CONTRIBUTORY_CAUSE,SEC_CONTRIBUTORY_CAUSE,DOORING_I,MOST_SEVERE_INJURY,CRASH_HOUR,CRASH_MONTH,LATITUDE,LONGITUDE,CRASH_YEAR,SPEED_LIMIT,geometry,DISPLAYROU,the_geom,DIST,LANE_TYPE,CRASH_DATE,is_severe,index_right,CArea
12570,30,TRAFFIC SIGNAL,FUNCTIONING PROPERLY,CLEAR,DAYLIGHT,PEDALCYCLIST,T-INTERSECTION,STRAIGHT AND LEVEL,DRY,NO DEFECTS,,IMPROPER TURNING/NO SIGNAL,NOT APPLICABLE,,NONINCAPACITATING INJURY,9,12,41.9007699581,-87.6626758785,2024,30,POINT (-87.6626758785 41.9007699581),,,,,2024-12-17,False,23,West Town
12571,30,NO CONTROLS,NO CONTROLS,CLEAR,DAYLIGHT,PEDALCYCLIST,DIVIDED - W/MEDIAN (NOT RAISED),STRAIGHT AND LEVEL,DRY,NO DEFECTS,,"VISION OBSCURED (SIGNS, TREE LIMBS, BUILDINGS, ETC.)",FAILING TO YIELD RIGHT-OF-WAY,,NO INDICATION OF INJURY,12,12,41.769511072,-87.7223800576,2024,30,POINT (-87.7223800576 41.769511072),,,,,2024-12-17,False,64,West Lawn
12572,30,NO CONTROLS,NO CONTROLS,CLEAR,DAYLIGHT,PEDALCYCLIST,NOT DIVIDED,STRAIGHT AND LEVEL,DRY,UNKNOWN,,NOT APPLICABLE,NOT APPLICABLE,Y,"REPORTED, NOT EVIDENT",14,12,41.8502690105,-87.7050629181,2024,30,POINT (-87.7050629181 41.8502690105),,,,,2024-12-17,False,28,North Lawndale
12573,30,STOP SIGN/FLASHER,FUNCTIONING PROPERLY,CLEAR,DAYLIGHT,PEDALCYCLIST,NOT DIVIDED,STRAIGHT AND LEVEL,DRY,NO DEFECTS,Y,FAILING TO YIELD RIGHT-OF-WAY,"OPERATING VEHICLE IN ERRATIC, RECKLESS, CARELESS, NEGLIGENT OR AGGRESSIVE MANNER",,NONINCAPACITATING INJURY,16,12,41.9438706806,-87.7864396198,2024,30,POINT (-87.7864396198 41.9438706806),,,,,2024-12-17,False,14,Portage Park
12574,30,UNKNOWN,UNKNOWN,CLEAR,DUSK,PEDALCYCLIST,NOT DIVIDED,STRAIGHT AND LEVEL,DRY,NO DEFECTS,,FAILING TO YIELD RIGHT-OF-WAY,FAILING TO YIELD RIGHT-OF-WAY,Y,NONINCAPACITATING INJURY,19,12,41.9679739892,-87.74277567,2024,30,POINT (-87.74277567 41.9679739892),,,,,2024-12-18,False,11,Forest Glen
12575,30,NO CONTROLS,NO CONTROLS,CLEAR,"DARKNESS, LIGHTED ROAD",PEDALCYCLIST,ALLEY,STRAIGHT AND LEVEL,DRY,UNKNOWN,Y,FAILING TO YIELD RIGHT-OF-WAY,NOT APPLICABLE,,NONINCAPACITATING INJURY,19,12,41.8806774095,-87.6865668913,2024,30,POINT (-87.6865668913 41.8806774095),,,,,2024-12-18,False,27,Near West Side
12576,15,NO CONTROLS,NO CONTROLS,CLEAR,"DARKNESS, LIGHTED ROAD",PEDALCYCLIST,ALLEY,STRAIGHT AND LEVEL,DRY,NO DEFECTS,,UNABLE TO DETERMINE,NOT APPLICABLE,,NO INDICATION OF INJURY,20,12,41.9811986052,-87.7844760145,2024,15,POINT (-87.7844760145 41.9811986052),,,,,2024-12-18,False,10,Jefferson Park
12577,30,TRAFFIC SIGNAL,FUNCTIONING PROPERLY,CLEAR,DARKNESS,PEDALCYCLIST,FOUR WAY,STRAIGHT AND LEVEL,DRY,NO DEFECTS,,FAILING TO YIELD RIGHT-OF-WAY,NOT APPLICABLE,,NO INDICATION OF INJURY,21,12,41.8869147803,-87.6441153789,2024,30,POINT (-87.6441153789 41.8869147803),,,,,2024-12-18,False,7,Near North Side
12578,30,TRAFFIC SIGNAL,FUNCTIONING PROPERLY,CLEAR,DAYLIGHT,PEDALCYCLIST,FOUR WAY,STRAIGHT AND LEVEL,DRY,NO DEFECTS,Y,UNABLE TO DETERMINE,NOT APPLICABLE,,NO INDICATION OF INJURY,11,12,41.713919062,-87.6532306342,2024,30,POINT (-87.6532306342 41.713919062),,,,,2024-12-19,False,72,Washington Heights
12579,30,NO CONTROLS,NO CONTROLS,UNKNOWN,"DARKNESS, LIGHTED ROAD",PEDALCYCLIST,DIVIDED - W/MEDIAN (NOT RAISED),STRAIGHT AND LEVEL,DRY,NO DEFECTS,,UNABLE TO DETERMINE,NOT APPLICABLE,,"REPORTED, NOT EVIDENT",18,12,41.9288490994,-87.7068172135,2024,30,POINT (-87.7068172135 41.9288490994),,,,,2024-12-19,False,21,Logan Square
12580,30,TRAFFIC SIGNAL,FUNCTIONING PROPERLY,SNOW,"DARKNESS, LIGHTED ROAD",PEDALCYCLIST,ONE-WAY,STRAIGHT AND LEVEL,WET,NO DEFECTS,,FOLLOWING TOO CLOSELY,FAILING TO REDUCE SPEED TO AVOID CRASH,,INCAPACITATING INJURY,19,12,41.8866792167,-87.6352827752,2024,30,POINT (-87.6352827752 41.8866792167),,,,,2024-12-19,True,7,Near North Side
12581,35,STOP SIGN/FLASHER,FUNCTIONING PROPERLY,SNOW,"DARKNESS, LIGHTED ROAD",PEDALCYCLIST,NOT DIVIDED,STRAIGHT AND LEVEL,SNOW OR SLUSH,NO DEFECTS,,FAILING TO YIELD RIGHT-OF-WAY,NOT APPLICABLE,Y,NONINCAPACITATING INJURY,20,12,41.9057733753,-87.6346912953,2024,35,POINT (-87.6346912953 41.9057733753),,,,,2024-12-19,False,7,Near North Side
12582,30,STOP SIGN/FLASHER,FUNCTIONING PROPERLY,SNOW,DAYLIGHT,PEDALCYCLIST,PARKING LOT,STRAIGHT AND LEVEL,WET,NO DEFECTS,,IMPROPER LANE USAGE,NOT APPLICABLE,,NONINCAPACITATING INJURY,11,12,41.925793442,-87.7856645287,2024,30,POINT (-87.7856645287 41.925793442),,,,,2024-12-20,False,18,Belmont Cragin
12583,30,BICYCLE CROSSING SIGN,FUNCTIONING PROPERLY,CLEAR,DARKNESS,PEDALCYCLIST,DIVIDED - W/MEDIAN BARRIER,STRAIGHT AND LEVEL,DRY,NO DEFECTS,,FAILING TO YIELD RIGHT-OF-WAY,FAILING TO YIELD RIGHT-OF-WAY,,NO INDICATION OF INJURY,18,12,41.8306573126,-87.6168105257,2024,30,POINT (-87.6168105257 41.8306573126),,,,,2024-12-20,False,34,Douglas
12584,30,NO CONTROLS,NO CONTROLS,CLEAR,DAYLIGHT,PEDALCYCLIST,DIVIDED - W/MEDIAN BARRIER,STRAIGHT AND LEVEL,DRY,NO DEFECTS,,UNABLE TO DETERMINE,NOT APPLICABLE,Y,NONINCAPACITATING INJURY,13,12,41.8726165395,-87.6631487976,2024,30,POINT (-87.6631487976 41.8726165395),,,,,2024-12-21,False,27,Near West Side
12585,30,NO CONTROLS,NO CONTROLS,CLEAR,DAYLIGHT,PEDALCYCLIST,ONE-WAY,STRAIGHT AND LEVEL,DRY,NO DEFECTS,,UNABLE TO DETERMINE,NOT APPLICABLE,,NO INDICATION OF INJURY,14,12,41.8626813334,-87.7208761181,2024,30,POINT (-87.7208761181 41.8626813334),,,,,2024-12-21,False,28,North Lawndale
12586,30,NO CONTROLS,NO CONTROLS,CLEAR,DAYLIGHT,PEDALCYCLIST,DRIVEWAY,STRAIGHT AND LEVEL,DRY,NO DEFECTS,,FAILING TO YIELD RIGHT-OF-WAY,NOT APPLICABLE,,NONINCAPACITATING INJURY,15,12,41.7429548137,-87.6318780733,2024,30,POINT (-87.6318780733 41.7429548137),,,,,2024-12-21,False,43,Chatham
12587,20,STOP SIGN/FLASHER,FUNCTIONING PROPERLY,CLEAR,"DARKNESS, LIGHTED ROAD",PEDALCYCLIST,T-INTERSECTION,STRAIGHT AND LEVEL,UNKNOWN,UNKNOWN,Y,CELL PHONE USE OTHER THAN TEXTING,NOT APPLICABLE,,NONINCAPACITATING INJURY,18,12,41.8767974408,-87.6332559102,2024,20,POINT (-87.6332559102 41.8767974408),,,,,2024-12-21,False,31,Loop
12588,30,TRAFFIC SIGNAL,FUNCTIONING PROPERLY,CLOUDY/OVERCAST,DAYLIGHT,PEDALCYCLIST,NOT DIVIDED,STRAIGHT AND LEVEL,DRY,UNKNOWN,Y,IMPROPER TURNING/NO SIGNAL,NOT APPLICABLE,,NONINCAPACITATING INJURY,9,12,41.8833221991,-87.6297750966,2024,30,POINT (-87.6297750966 41.8833221991),,,,,2024-12-23,False,31,Loop
12589,30,UNKNOWN,UNKNOWN,UNKNOWN,UNKNOWN,PEDALCYCLIST,FOUR WAY,STRAIGHT AND LEVEL,UNKNOWN,UNKNOWN,,UNABLE TO DETERMINE,NOT APPLICABLE,,NO INDICATION OF INJURY,16,12,41.7659281922,-87.5864700779,2024,30,POINT (-87.5864700779 41.7659281922),,,,,2024-12-24,False,41,Woodlawn
12590,30,TRAFFIC SIGNAL,FUNCTIONING PROPERLY,CLEAR,"DARKNESS, LIGHTED ROAD",PEDALCYCLIST,DIVIDED - W/MEDIAN BARRIER,STRAIGHT AND LEVEL,WET,NO DEFECTS,,FAILING TO YIELD RIGHT-OF-WAY,NOT APPLICABLE,,NONINCAPACITATING INJURY,10,12,41.9907771916,-87.6803347576,2024,30,POINT (-87.6803347576 41.9907771916),,,,,2024-12-26,False,1,West Ridge
12591,30,NO CONTROLS,NO CONTROLS,RAIN,"DARKNESS, LIGHTED ROAD",PEDALCYCLIST,ONE-WAY,STRAIGHT AND LEVEL,WET,NO DEFECTS,,FAILING TO YIELD RIGHT-OF-WAY,NOT APPLICABLE,,NONINCAPACITATING INJURY,19,12,41.9278958935,-87.755703942,2024,30,POINT (-87.755703942 41.9278958935),,,,,2024-12-26,False,18,Belmont Cragin
12592,30,TRAFFIC SIGNAL,FUNCTIONING PROPERLY,RAIN,"DARKNESS, LIGHTED ROAD",PEDALCYCLIST,NOT DIVIDED,STRAIGHT AND LEVEL,WET,NO DEFECTS,Y,DISREGARDING TRAFFIC SIGNALS,NOT APPLICABLE,,NO INDICATION OF INJURY,21,12,41.9464817787,-87.727494881,2024,30,POINT (-87.727494881 41.9464817787),,,,,2024-12-26,False,15,Irving Park
12593,30,STOP SIGN/FLASHER,FUNCTIONING PROPERLY,RAIN,DUSK,PEDALCYCLIST,FOUR WAY,STRAIGHT AND LEVEL,WET,NO DEFECTS,,UNABLE TO DETERMINE,NOT APPLICABLE,,NO INDICATION OF INJURY,12,12,41.9404499106,-87.7664187168,2024,30,POINT (-87.7664187168 41.9404499106),,,,,2024-12-27,False,14,Portage Park
12594,30,NO CONTROLS,NO CONTROLS,RAIN,DAYLIGHT,PEDALCYCLIST,NOT DIVIDED,STRAIGHT AND LEVEL,WET,NO DEFECTS,Y,IMPROPER LANE USAGE,UNABLE TO DETERMINE,N,NONINCAPACITATING INJURY,15,12,41.8964000539,-87.6537495116,2024,30,POINT (-87.6537495116 41.8964000539),,,,,2024-12-27,False,7,Near North Side
12595,30,NO CONTROLS,NO CONTROLS,RAIN,"DARKNESS, LIGHTED ROAD",PEDALCYCLIST,DIVIDED - W/MEDIAN (NOT RAISED),STRAIGHT AND LEVEL,WET,NO DEFECTS,,UNABLE TO DETERMINE,UNABLE TO DETERMINE,,NO INDICATION OF INJURY,16,12,41.9536066434,-87.6785394453,2024,30,POINT (-87.6785394453 41.9536066434),,,,,2024-12-27,False,4,North Center
12596,30,STOP SIGN/FLASHER,FUNCTIONING PROPERLY,RAIN,"DARKNESS, LIGHTED ROAD",PEDALCYCLIST,NOT DIVIDED,STRAIGHT ON GRADE,WET,NO DEFECTS,Y,FAILING TO YIELD RIGHT-OF-WAY,WEATHER,,NONINCAPACITATING INJURY,19,12,41.9265706376,-87.7123058019,2024,30,POINT (-87.7123058019 41.9265706376),,,,,2024-12-27,False,21,Logan Square
12597,20,NO CONTROLS,NO CONTROLS,CLEAR,DAYLIGHT,PEDALCYCLIST,DRIVEWAY,STRAIGHT AND LEVEL,DRY,NO DEFECTS,,FAILING TO YIELD RIGHT-OF-WAY,UNABLE TO DETERMINE,,NONINCAPACITATING INJURY,14,12,41.7791524505,-87.6983306152,2024,20,POINT (-87.6983306152 41.7791524505),,,,,2024-12-28,False,65,Chicago Lawn
12598,30,NO CONTROLS,NO CONTROLS,CLEAR,DAYLIGHT,PEDALCYCLIST,NOT DIVIDED,STRAIGHT AND LEVEL,DRY,NO DEFECTS,,DISTRACTION - FROM INSIDE VEHICLE,NOT APPLICABLE,,INCAPACITATING INJURY,17,12,41.9324030478,-87.6775124294,2024,30,POINT (-87.6775124294 41.9324030478),,,,,2024-12-28,True,4,North Center
12599,30,NO CONTROLS,NO CONTROLS,CLEAR,"DARKNESS, LIGHTED ROAD",PEDALCYCLIST,DIVIDED - W/MEDIAN (NOT RAISED),STRAIGHT AND LEVEL,DRY,NO DEFECTS,Y,FAILING TO YIELD RIGHT-OF-WAY,FAILING TO YIELD RIGHT-OF-WAY,,NO INDICATION OF INJURY,19,12,41.8953298149,-87.7185084011,2024,30,POINT (-87.7185084011 41.8953298149),,,,,2024-12-28,False,22,Humboldt Park
12600,35,TRAFFIC SIGNAL,FUNCTIONING PROPERLY,CLEAR,DAYLIGHT,PEDALCYCLIST,ONE-WAY,STRAIGHT AND LEVEL,WET,NO DEFECTS,,UNABLE TO DETERMINE,UNABLE TO DETERMINE,,NO INDICATION OF INJURY,12,12,41.8917570566,-87.6295751068,2024,35,POINT (-87.6295751068 41.8917570566),,,,,2024-12-30,False,7,Near North Side
12601,30,STOP SIGN/FLASHER,FUNCTIONING PROPERLY,CLEAR,DAYLIGHT,PEDALCYCLIST,FOUR WAY,STRAIGHT AND LEVEL,DRY,NO DEFECTS,Y,DISREGARDING TRAFFIC SIGNALS,FAILING TO YIELD RIGHT-OF-WAY,,NONINCAPACITATING INJURY,16,12,41.8579451669,-87.6637121014,2024,30,POINT (-87.6637121014 41.8579451669),,,,,2024-12-30,False,27,Near West Side
12602,20,STOP SIGN/FLASHER,FUNCTIONING PROPERLY,CLEAR,"DARKNESS, LIGHTED ROAD",PEDALCYCLIST,ONE-WAY,STRAIGHT AND LEVEL,DRY,UNKNOWN,Y,DRIVING SKILLS/KNOWLEDGE/EXPERIENCE,UNABLE TO DETERMINE,,NONINCAPACITATING INJURY,18,12,41.9504233262,-87.7765578995,2024,20,POINT (-87.7765578995 41.9504233262),,,,,2024-12-30,False,14,Portage Park
12603,30,STOP SIGN/FLASHER,FUNCTIONING PROPERLY,RAIN,"DARKNESS, LIGHTED ROAD",PEDALCYCLIST,FOUR WAY,STRAIGHT AND LEVEL,WET,UNKNOWN,Y,FAILING TO YIELD RIGHT-OF-WAY,UNABLE TO DETERMINE,,NONINCAPACITATING INJURY,6,12,41.9764630629,-87.656566023,2024,30,POINT (-87.656566023 41.9764630629),,,,,2024-12-31,False,2,Uptown
12604,30,NO CONTROLS,NO CONTROLS,RAIN,DAYLIGHT,PEDALCYCLIST,UNKNOWN,STRAIGHT AND LEVEL,WET,UNKNOWN,,UNABLE TO DETERMINE,NOT APPLICABLE,,NO INDICATION OF INJURY,8,12,41.8943909105,-87.7197940394,2024,30,POINT (-87.7197940394 41.8943909105),,,,,2024-12-31,False,22,Humboldt Park
12605,30,NO CONTROLS,NO CONTROLS,CLEAR,"DARKNESS, LIGHTED ROAD",PEDALCYCLIST,ONE-WAY,STRAIGHT AND LEVEL,DRY,NO DEFECTS,,NOT APPLICABLE,NOT APPLICABLE,,NONINCAPACITATING INJURY,16,12,41.7919494872,-87.7743342874,2024,30,POINT (-87.7743342874 41.7919494872),,,,,2024-12-31,False,55,Garfield Ridge
12606,30,NO CONTROLS,UNKNOWN,CLEAR,"DARKNESS, LIGHTED ROAD",PEDALCYCLIST,NOT DIVIDED,STRAIGHT AND LEVEL,DRY,UNKNOWN,,IMPROPER LANE USAGE,NOT APPLICABLE,,NONINCAPACITATING INJURY,1,1,41.9585967247,-87.7083095759,2025,30,POINT (-87.7083095759 41.9585967247),,,,,2025-01-01,False,15,Irving Park
12607,30,NO CONTROLS,NO CONTROLS,CLEAR,DAYLIGHT,PEDALCYCLIST,DIVIDED - W/MEDIAN (NOT RAISED),STRAIGHT AND LEVEL,DRY,NO DEFECTS,,IMPROPER LANE USAGE,NOT APPLICABLE,,NO INDICATION OF INJURY,1,1,41.9686067768,-87.7032467131,2025,30,POINT (-87.7032467131 41.9686067768),,,,,2025-01-03,False,3,Lincoln Square
12608,25,TRAFFIC SIGNAL,NO CONTROLS,CLEAR,DARKNESS,PEDALCYCLIST,FOUR WAY,STRAIGHT AND LEVEL,DRY,NO DEFECTS,Y,FAILING TO YIELD RIGHT-OF-WAY,IMPROPER TURNING/NO SIGNAL,,NONINCAPACITATING INJURY,17,1,41.9023993096,-87.7458322849,2025,25,POINT (-87.7458322849 41.9023993096),,,,,2025-01-03,False,24,Austin
12609,30,TRAFFIC SIGNAL,FUNCTIONING PROPERLY,CLEAR,DAYLIGHT,PEDALCYCLIST,"FIVE POINT, OR MORE",STRAIGHT AND LEVEL,DRY,UNKNOWN,Y,DRIVING ON WRONG SIDE/WRONG WAY,FAILING TO REDUCE SPEED TO AVOID CRASH,,NO INDICATION OF INJURY,12,1,41.9329116489,-87.6448266042,2025,30,POINT (-87.6448266042 41.9329116489),,,,,2025-01-04,False,5,Lake View
12610,30,NO CONTROLS,NO CONTROLS,CLEAR,DAYLIGHT,PEDALCYCLIST,DIVIDED - W/MEDIAN (NOT RAISED),STRAIGHT AND LEVEL,DRY,UNKNOWN,,FAILING TO YIELD RIGHT-OF-WAY,UNABLE TO DETERMINE,,NONINCAPACITATING INJURY,13,1,41.9687456834,-87.6877327583,2025,30,POINT (-87.6877327583 41.9687456834),,,,,2025-01-04,False,3,Lincoln Square
12611,30,NO CONTROLS,NO CONTROLS,CLEAR,DAYLIGHT,PEDALCYCLIST,NOT DIVIDED,STRAIGHT AND LEVEL,DRY,NO DEFECTS,,FAILING TO YIELD RIGHT-OF-WAY,NOT APPLICABLE,,NONINCAPACITATING INJURY,13,1,41.9214888756,-87.694814926,2025,30,POINT (-87.694814926 41.9214888756),,,,,2025-01-04,False,21,Logan Square
12612,30,TRAFFIC SIGNAL,FUNCTIONING PROPERLY,SNOW,DAWN,PEDALCYCLIST,NOT DIVIDED,STRAIGHT AND LEVEL,SNOW OR SLUSH,NO DEFECTS,Y,DISREGARDING OTHER TRAFFIC SIGNS,PHYSICAL CONDITION OF DRIVER,,"REPORTED, NOT EVIDENT",17,1,41.7583146489,-87.6152650426,2025,30,POINT (-87.6152650426 41.7583146489),,,,,2025-01-06,False,68,Grand Crossing
12613,10,NO CONTROLS,NO CONTROLS,SLEET/HAIL,DAYLIGHT,PEDALCYCLIST,ONE-WAY,STRAIGHT AND LEVEL,ICE,"RUT, HOLES",,FAILING TO REDUCE SPEED TO AVOID CRASH,FAILING TO YIELD RIGHT-OF-WAY,,NONINCAPACITATING INJURY,15,1,41.9183424008,-87.7573543744,2025,10,POINT (-87.7573543744 41.9183424008),,,,,2025-01-07,False,18,Belmont Cragin
12614,35,STOP SIGN/FLASHER,FUNCTIONING PROPERLY,CLEAR,"DARKNESS, LIGHTED ROAD",PEDALCYCLIST,NOT DIVIDED,STRAIGHT AND LEVEL,DRY,NO DEFECTS,Y,FAILING TO YIELD RIGHT-OF-WAY,UNABLE TO DETERMINE,,"REPORTED, NOT EVIDENT",19,1,41.7729017195,-87.6131022008,2025,35,POINT (-87.6131022008 41.7729017195),,,,,2025-01-07,False,41,Woodlawn
12615,30,TRAFFIC SIGNAL,FUNCTIONING PROPERLY,CLEAR,DAYLIGHT,PEDALCYCLIST,NOT DIVIDED,STRAIGHT AND LEVEL,DRY,NO DEFECTS,Y,IMPROPER OVERTAKING/PASSING,NOT APPLICABLE,,NO INDICATION OF INJURY,9,1,41.8547577881,-87.6467011755,2025,30,POINT (-87.6467011755 41.8547577881),,,,,2025-01-08,False,30,Lower West Side
12616,30,NO CONTROLS,NO CONTROLS,CLEAR,"DARKNESS, LIGHTED ROAD",PEDALCYCLIST,NOT DIVIDED,STRAIGHT AND LEVEL,DRY,UNKNOWN,,UNABLE TO DETERMINE,NOT APPLICABLE,,NONINCAPACITATING INJURY,17,1,41.9670252667,-87.679378247,2025,30,POINT (-87.679378247 41.9670252667),,,,,2025-01-08,False,3,Lincoln Square
12617,30,NO CONTROLS,NO CONTROLS,CLEAR,"DARKNESS, LIGHTED ROAD",PEDALCYCLIST,T-INTERSECTION,"CURVE, LEVEL",DRY,NO DEFECTS,Y,IMPROPER LANE USAGE,UNABLE TO DETERMINE,,NONINCAPACITATING INJURY,19,1,41.8562262049,-87.7002492762,2025,30,POINT (-87.7002492762 41.8562262049),,,,,2025-01-08,False,28,North Lawndale
12618,30,STOP SIGN/FLASHER,FUNCTIONING PROPERLY,CLEAR,DAYLIGHT,PEDALCYCLIST,FOUR WAY,STRAIGHT AND LEVEL,DRY,NO DEFECTS,Y,UNABLE TO DETERMINE,UNABLE TO DETERMINE,,NONINCAPACITATING INJURY,10,1,41.9122246518,-87.7020767181,2025,30,POINT (-87.7020767181 41.9122246518),,,,,2025-01-09,False,22,Humboldt Park
12619,30,NO CONTROLS,NO CONTROLS,CLEAR,"DARKNESS, LIGHTED ROAD",PEDALCYCLIST,NOT DIVIDED,STRAIGHT AND LEVEL,DRY,NO DEFECTS,,UNABLE TO DETERMINE,UNABLE TO DETERMINE,,NONINCAPACITATING INJURY,17,1,41.9325791837,-87.678327456,2025,30,POINT (-87.678327456 41.9325791837),,,,,2025-01-09,False,4,North Center
12620,30,TRAFFIC SIGNAL,FUNCTIONING PROPERLY,CLEAR,"DARKNESS, LIGHTED ROAD",PEDALCYCLIST,DRIVEWAY,STRAIGHT AND LEVEL,DRY,UNKNOWN,Y,FAILING TO YIELD RIGHT-OF-WAY,NOT APPLICABLE,,INCAPACITATING INJURY,18,1,41.9035260921,-87.648159783,2025,30,POINT (-87.648159783 41.9035260921),,,,,2025-01-09,True,7,Near North Side
12621,30,TRAFFIC SIGNAL,FUNCTIONING PROPERLY,CLEAR,DARKNESS,PEDALCYCLIST,NOT REPORTED,STRAIGHT AND LEVEL,DRY,NO DEFECTS,,FAILING TO YIELD RIGHT-OF-WAY,UNABLE TO DETERMINE,,NONINCAPACITATING INJURY,19,1,41.8907475879,-87.6339012972,2025,30,POINT (-87.6339012972 41.8907475879),,,,,2025-01-09,False,7,Near North Side
12622,30,TRAFFIC SIGNAL,FUNCTIONING PROPERLY,CLEAR,"DARKNESS, LIGHTED ROAD",PEDALCYCLIST,DIVIDED - W/MEDIAN (NOT RAISED),STRAIGHT AND LEVEL,DRY,NO DEFECTS,Y,FAILING TO YIELD RIGHT-OF-WAY,IMPROPER TURNING/NO SIGNAL,,INCAPACITATING INJURY,23,1,41.9463326508,-87.7275468789,2025,30,POINT (-87.7275468789 41.9463326508),,,,,2025-01-09,True,15,Irving Park
12623,30,NO CONTROLS,NO CONTROLS,CLEAR,"DARKNESS, LIGHTED ROAD",PEDALCYCLIST,NOT DIVIDED,STRAIGHT AND LEVEL,DRY,NO DEFECTS,,FAILING TO YIELD RIGHT-OF-WAY,IMPROPER TURNING/NO SIGNAL,,NO INDICATION OF INJURY,0,1,41.900432036,-87.6616851941,2025,30,POINT (-87.6616851941 41.900432036),,,,,2025-01-10,False,23,West Town
12624,25,NO CONTROLS,NO CONTROLS,SNOW,DAYLIGHT,PEDALCYCLIST,NOT DIVIDED,STRAIGHT AND LEVEL,DRY,NO DEFECTS,,UNABLE TO DETERMINE,FAILING TO YIELD RIGHT-OF-WAY,Y,NONINCAPACITATING INJURY,11,1,41.9249707016,-87.648306568,2025,25,POINT (-87.648306568 41.9249707016),,,,,2025-01-11,False,6,Lincoln Park
12625,25,TRAFFIC SIGNAL,FUNCTIONING PROPERLY,SNOW,DAYLIGHT,PEDALCYCLIST,T-INTERSECTION,STRAIGHT AND LEVEL,SNOW OR SLUSH,NO DEFECTS,Y,IMPROPER TURNING/NO SIGNAL,IMPROPER LANE USAGE,,"REPORTED, NOT EVIDENT",10,1,41.8979820239,-87.6283821732,2025,25,POINT (-87.6283821732 41.8979820239),,,,,2025-01-12,False,7,Near North Side
12626,30,UNKNOWN,UNKNOWN,UNKNOWN,UNKNOWN,PEDALCYCLIST,NOT DIVIDED,STRAIGHT AND LEVEL,UNKNOWN,UNKNOWN,,UNABLE TO DETERMINE,NOT APPLICABLE,Y,NONINCAPACITATING INJURY,21,1,41.961655309,-87.6556499449,2025,30,POINT (-87.6556499449 41.961655309),,,,,2025-01-12,False,2,Uptown
12627,30,NO CONTROLS,NO CONTROLS,CLEAR,"DARKNESS, LIGHTED ROAD",PEDALCYCLIST,OTHER,STRAIGHT AND LEVEL,DRY,NO DEFECTS,Y,UNABLE TO DETERMINE,NOT APPLICABLE,,NO INDICATION OF INJURY,5,1,41.8965441305,-87.6867158356,2025,30,POINT (-87.6867158356 41.8965441305),,,,,2025-01-13,False,23,West Town
12628,30,NO CONTROLS,NO CONTROLS,CLEAR,DAYLIGHT,PEDALCYCLIST,NOT DIVIDED,STRAIGHT AND LEVEL,DRY,NO DEFECTS,,IMPROPER BACKING,IMPROPER LANE USAGE,,NONINCAPACITATING INJURY,8,1,41.9655817519,-87.7362452761,2025,30,POINT (-87.7362452761 41.9655817519),,,,,2025-01-13,False,13,Albany Park
12629,30,NO CONTROLS,NO CONTROLS,CLEAR,DAYLIGHT,PEDALCYCLIST,NOT DIVIDED,STRAIGHT AND LEVEL,DRY,NO DEFECTS,,FAILING TO REDUCE SPEED TO AVOID CRASH,IMPROPER OVERTAKING/PASSING,,NO INDICATION OF INJURY,16,1,42.0168721766,-87.6752086825,2025,30,POINT (-87.6752086825 42.0168721766),,,,,2025-01-13,False,0,Rogers Park
12630,30,NO CONTROLS,NO CONTROLS,CLEAR,"DARKNESS, LIGHTED ROAD",PEDALCYCLIST,DIVIDED - W/MEDIAN BARRIER,STRAIGHT AND LEVEL,DRY,NO DEFECTS,,FAILING TO YIELD RIGHT-OF-WAY,NOT APPLICABLE,,NONINCAPACITATING INJURY,23,1,41.8889472585,-87.6407568312,2025,30,POINT (-87.6407568312 41.8889472585),,,,,2025-01-14,False,7,Near North Side
12631,30,NO CONTROLS,NO CONTROLS,CLEAR,DAYLIGHT,PEDALCYCLIST,NOT DIVIDED,STRAIGHT AND LEVEL,DRY,NO DEFECTS,,UNABLE TO DETERMINE,NOT APPLICABLE,,NO INDICATION OF INJURY,10,1,41.9373685949,-87.7074270536,2025,30,POINT (-87.7074270536 41.9373685949),,,,,2025-01-16,False,20,Avondale
12632,30,TRAFFIC SIGNAL,FUNCTIONING PROPERLY,CLEAR,DAYLIGHT,PEDALCYCLIST,DIVIDED - W/MEDIAN BARRIER,STRAIGHT AND LEVEL,DRY,NO DEFECTS,Y,FAILING TO YIELD RIGHT-OF-WAY,NOT APPLICABLE,,"REPORTED, NOT EVIDENT",13,1,41.8693232612,-87.666316296,2025,30,POINT (-87.666316296 41.8693232612),,,,,2025-01-16,False,27,Near West Side