Unnamed: 0,POSTED_SPEED_LIMIT,TRAFFIC_CONTROL_DEVICE,DEVICE_CONDITION,WEATHER_CONDITION,LIGHTING_CONDITION,FIRST_CRASH_TYPE,TRAFFICWAY_TYPE,ALIGNMENT,ROADWAY_SURFACE_COND,ROAD_DEFECT,INTERSECTION_RELATED_I,PRIM_CONTRIBUTORY_CAUSE,SEC_CONTRIBUTORY_CAUSE,DOORING_I,MOST_SEVERE_INJURY,CRASH_HOUR,CRASH_MONTH,LATITUDE,LONGITUDE,CRASH_YEAR,SPEED_LIMIT,geometry,DISPLAYROU,the_geom,DIST,LANE_TYPE,CRASH_DATE,is_severe,index_right,CArea
12633,30,NO CONTROLS,NO CONTROLS,CLEAR,DAYLIGHT,PEDALCYCLIST,DIVIDED - W/MEDIAN BARRIER,STRAIGHT AND LEVEL,DRY,NO DEFECTS,Y,UNABLE TO DETERMINE,UNABLE TO DETERMINE,,NO INDICATION OF INJURY,8,1,41.8518877543,-87.7219612732,2025,30,POINT (-87.7219612732 41.8518877543),,,,,2025-01-17,False,28,North Lawndale
12634,15,NO CONTROLS,NO CONTROLS,CLEAR,DAYLIGHT,PEDALCYCLIST,DRIVEWAY,STRAIGHT AND LEVEL,DRY,NO DEFECTS,,UNABLE TO DETERMINE,UNABLE TO DETERMINE,,NONINCAPACITATING INJURY,12,1,41.9093136289,-87.6470770822,2025,15,POINT (-87.6470770822 41.9093136289),,,,,2025-01-17,False,7,Near North Side
12635,30,TRAFFIC SIGNAL,FUNCTIONING PROPERLY,CLEAR,DAYLIGHT,PEDALCYCLIST,NOT DIVIDED,STRAIGHT AND LEVEL,DRY,NO DEFECTS,Y,UNABLE TO DETERMINE,UNABLE TO DETERMINE,,NONINCAPACITATING INJURY,13,1,41.9202301293,-87.693217337,2025,30,POINT (-87.693217337 41.9202301293),,,,,2025-01-17,False,21,Logan Square
12636,30,NO CONTROLS,NO CONTROLS,CLEAR,DAYLIGHT,PEDALCYCLIST,NOT DIVIDED,STRAIGHT AND LEVEL,DRY,NO DEFECTS,,IMPROPER TURNING/NO SIGNAL,FAILING TO YIELD RIGHT-OF-WAY,,NO INDICATION OF INJURY,14,1,41.8380764502,-87.6362856288,2025,30,POINT (-87.6362856288 41.8380764502),,,,,2025-01-17,False,30,Lower West Side
12637,30,TRAFFIC SIGNAL,FUNCTIONING PROPERLY,CLEAR,DAYLIGHT,PEDALCYCLIST,NOT DIVIDED,STRAIGHT AND LEVEL,DRY,NO DEFECTS,Y,UNABLE TO DETERMINE,UNABLE TO DETERMINE,,NONINCAPACITATING INJURY,10,1,41.8344434659,-87.6317447358,2025,30,POINT (-87.6317447358 41.8344434659),,,,,2025-01-18,False,33,Armour Square
12638,35,NO CONTROLS,NO CONTROLS,CLEAR,DAYLIGHT,PEDALCYCLIST,NOT DIVIDED,STRAIGHT AND LEVEL,DRY,UNKNOWN,,UNABLE TO DETERMINE,UNABLE TO DETERMINE,,NO INDICATION OF INJURY,13,1,41.9395904637,-87.6683768162,2025,35,POINT (-87.6683768162 41.9395904637),,,,,2025-01-19,False,5,Lake View
12639,30,STOP SIGN/FLASHER,FUNCTIONING PROPERLY,CLEAR,DAYLIGHT,PEDALCYCLIST,T-INTERSECTION,STRAIGHT AND LEVEL,DRY,NO DEFECTS,Y,DISREGARDING STOP SIGN,NOT APPLICABLE,,NO INDICATION OF INJURY,8,1,41.9146074484,-87.6872557178,2025,30,POINT (-87.6872557178 41.9146074484),,,,,2025-01-20,False,21,Logan Square
12640,35,STOP SIGN/FLASHER,FUNCTIONING PROPERLY,CLEAR,DAYLIGHT,PEDALCYCLIST,FOUR WAY,STRAIGHT AND LEVEL,DRY,NO DEFECTS,Y,DISREGARDING STOP SIGN,UNABLE TO DETERMINE,,"REPORTED, NOT EVIDENT",16,1,41.9939681143,-87.6883989075,2025,35,POINT (-87.6883989075 41.9939681143),,,,,2025-01-21,False,1,West Ridge
12641,30,TRAFFIC SIGNAL,UNKNOWN,CLEAR,DARKNESS,PEDALCYCLIST,ONE-WAY,STRAIGHT AND LEVEL,DRY,NO DEFECTS,,IMPROPER LANE USAGE,FAILING TO YIELD RIGHT-OF-WAY,,"REPORTED, NOT EVIDENT",18,1,41.8906843024,-87.6393952834,2025,30,POINT (-87.6393952834 41.8906843024),,,,,2025-01-21,False,7,Near North Side
12642,30,STOP SIGN/FLASHER,FUNCTIONING PROPERLY,CLEAR,"DARKNESS, LIGHTED ROAD",PEDALCYCLIST,FOUR WAY,STRAIGHT AND LEVEL,DRY,NO DEFECTS,Y,UNABLE TO DETERMINE,UNABLE TO DETERMINE,,NONINCAPACITATING INJURY,21,1,41.8770475303,-87.7376769007,2025,30,POINT (-87.7376769007 41.8770475303),,,,,2025-01-21,False,25,Garfield Park
12643,30,TRAFFIC SIGNAL,FUNCTIONING PROPERLY,SNOW,DAYLIGHT,PEDALCYCLIST,FOUR WAY,STRAIGHT AND LEVEL,SNOW OR SLUSH,NO DEFECTS,Y,FAILING TO YIELD RIGHT-OF-WAY,FAILING TO YIELD RIGHT-OF-WAY,,NO INDICATION OF INJURY,13,1,41.8846016582,-87.6276860285,2025,30,POINT (-87.6276860285 41.8846016582),,,,,2025-01-22,False,31,Loop
12644,25,NO CONTROLS,NO CONTROLS,CLEAR,DAYLIGHT,PEDALCYCLIST,NOT DIVIDED,STRAIGHT AND LEVEL,SNOW OR SLUSH,NO DEFECTS,,FAILING TO YIELD RIGHT-OF-WAY,FAILING TO YIELD RIGHT-OF-WAY,,"REPORTED, NOT EVIDENT",15,1,41.9615524829,-87.7182049643,2025,25,POINT (-87.7182049643 41.9615524829),,,,,2025-01-22,False,13,Albany Park
12645,30,TRAFFIC SIGNAL,FUNCTIONING PROPERLY,SNOW,DAYLIGHT,PEDALCYCLIST,FOUR WAY,STRAIGHT AND LEVEL,SNOW OR SLUSH,NO DEFECTS,Y,UNABLE TO DETERMINE,UNABLE TO DETERMINE,,NO INDICATION OF INJURY,6,1,41.8082170512,-87.6943500349,2025,30,POINT (-87.6943500349 41.8082170512),,,,,2025-01-23,False,57,Brighton Park
12646,30,STOP SIGN/FLASHER,FUNCTIONING PROPERLY,CLEAR,DAYLIGHT,PEDALCYCLIST,NOT DIVIDED,STRAIGHT AND LEVEL,DRY,NO DEFECTS,,NOT APPLICABLE,NOT APPLICABLE,,NONINCAPACITATING INJURY,16,1,41.7386295537,-87.7214421086,2025,30,POINT (-87.7214421086 41.7386295537),,,,,2025-01-23,False,69,Ashburn
12647,30,TRAFFIC SIGNAL,FUNCTIONING PROPERLY,CLEAR,"DARKNESS, LIGHTED ROAD",PEDALCYCLIST,FOUR WAY,STRAIGHT AND LEVEL,SNOW OR SLUSH,UNKNOWN,Y,UNABLE TO DETERMINE,DRIVING SKILLS/KNOWLEDGE/EXPERIENCE,N,NONINCAPACITATING INJURY,18,1,41.8419765135,-87.617720029,2025,30,POINT (-87.617720029 41.8419765135),,,,,2025-01-23,False,34,Douglas
12648,30,TRAFFIC SIGNAL,FUNCTIONING PROPERLY,CLEAR,"DARKNESS, LIGHTED ROAD",PEDALCYCLIST,NOT DIVIDED,STRAIGHT AND LEVEL,DRY,NO DEFECTS,,FAILING TO YIELD RIGHT-OF-WAY,IMPROPER OVERTAKING/PASSING,,"REPORTED, NOT EVIDENT",17,1,41.896653138,-87.6222396624,2025,30,POINT (-87.6222396624 41.896653138),,,,,2025-01-24,False,7,Near North Side
12649,30,NO CONTROLS,NO CONTROLS,CLEAR,"DARKNESS, LIGHTED ROAD",PEDALCYCLIST,OTHER,STRAIGHT AND LEVEL,DRY,NO DEFECTS,Y,FAILING TO REDUCE SPEED TO AVOID CRASH,NOT APPLICABLE,,NONINCAPACITATING INJURY,23,1,41.8798854403,-87.6292115948,2025,30,POINT (-87.6292115948 41.8798854403),,,,,2025-01-24,False,31,Loop
12650,10,NO CONTROLS,NO CONTROLS,CLEAR,DAYLIGHT,PEDALCYCLIST,PARKING LOT,STRAIGHT AND LEVEL,WET,NO DEFECTS,,FAILING TO REDUCE SPEED TO AVOID CRASH,UNABLE TO DETERMINE,,NONINCAPACITATING INJURY,12,1,41.7830976016,-87.7227381302,2025,10,POINT (-87.7227381302 41.7830976016),,,,,2025-01-25,False,64,West Lawn
12651,30,NO CONTROLS,NO CONTROLS,CLEAR,"DARKNESS, LIGHTED ROAD",PEDALCYCLIST,DIVIDED - W/MEDIAN (NOT RAISED),STRAIGHT AND LEVEL,DRY,UNKNOWN,,DISREGARDING ROAD MARKINGS,UNABLE TO DETERMINE,,NO INDICATION OF INJURY,19,1,41.8660735868,-87.6242676732,2025,30,POINT (-87.6242676732 41.8660735868),,,,,2025-01-25,False,32,Near South Side
12652,30,TRAFFIC SIGNAL,FUNCTIONING PROPERLY,CLEAR,"DARKNESS, LIGHTED ROAD",PEDALCYCLIST,DIVIDED - W/MEDIAN (NOT RAISED),STRAIGHT AND LEVEL,DRY,UNKNOWN,,FOLLOWING TOO CLOSELY,FAILING TO YIELD RIGHT-OF-WAY,,"REPORTED, NOT EVIDENT",20,1,41.9386544434,-87.7688716914,2025,30,POINT (-87.7688716914 41.9386544434),,,,,2025-01-26,False,14,Portage Park
12653,30,UNKNOWN,UNKNOWN,CLEAR,DAYLIGHT,PEDALCYCLIST,NOT DIVIDED,STRAIGHT AND LEVEL,DRY,NO DEFECTS,,FAILING TO YIELD RIGHT-OF-WAY,FAILING TO YIELD RIGHT-OF-WAY,,NO INDICATION OF INJURY,9,1,41.8538474126,-87.6833901547,2025,30,POINT (-87.6833901547 41.8538474126),,,,,2025-01-27,False,30,Lower West Side
12654,30,TRAFFIC SIGNAL,FUNCTIONING PROPERLY,CLEAR,DAYLIGHT,PEDALCYCLIST,NOT DIVIDED,STRAIGHT AND LEVEL,DRY,NO DEFECTS,,FAILING TO YIELD RIGHT-OF-WAY,NOT APPLICABLE,,NONINCAPACITATING INJURY,16,1,41.8733422777,-87.6765852135,2025,30,POINT (-87.6765852135 41.8733422777),,,,,2025-01-27,False,27,Near West Side
12655,30,TRAFFIC SIGNAL,FUNCTIONING PROPERLY,CLEAR,DAYLIGHT,PEDALCYCLIST,DIVIDED - W/MEDIAN BARRIER,STRAIGHT AND LEVEL,DRY,UNKNOWN,Y,FOLLOWING TOO CLOSELY,UNABLE TO DETERMINE,,"REPORTED, NOT EVIDENT",16,1,41.8727994672,-87.6765666455,2025,30,POINT (-87.6765666455 41.8727994672),,,,,2025-01-27,False,27,Near West Side
12656,30,NO CONTROLS,NO CONTROLS,CLEAR,DUSK,PEDALCYCLIST,NOT DIVIDED,STRAIGHT AND LEVEL,DRY,NO DEFECTS,Y,FAILING TO YIELD RIGHT-OF-WAY,UNABLE TO DETERMINE,,NONINCAPACITATING INJURY,16,1,41.815238491,-87.6455552402,2025,30,POINT (-87.6455552402 41.815238491),,,,,2025-01-27,False,60,New City
12657,25,TRAFFIC SIGNAL,FUNCTIONING PROPERLY,CLEAR,DAYLIGHT,PEDALCYCLIST,FOUR WAY,STRAIGHT AND LEVEL,DRY,NO DEFECTS,,UNABLE TO DETERMINE,NOT APPLICABLE,,NO INDICATION OF INJURY,18,1,41.8508370203,-87.638628145,2025,25,POINT (-87.638628145 41.8508370203),,,,,2025-01-27,False,30,Lower West Side
12658,30,TRAFFIC SIGNAL,UNKNOWN,CLEAR,"DARKNESS, LIGHTED ROAD",PEDALCYCLIST,FOUR WAY,STRAIGHT AND LEVEL,DRY,UNKNOWN,Y,FAILING TO YIELD RIGHT-OF-WAY,FAILING TO YIELD RIGHT-OF-WAY,,NONINCAPACITATING INJURY,18,1,41.8527551845,-87.6465798588,2025,30,POINT (-87.6465798588 41.8527551845),,,,,2025-01-27,False,30,Lower West Side
12659,20,STOP SIGN/FLASHER,UNKNOWN,CLEAR,DAYLIGHT,PEDALCYCLIST,ONE-WAY,STRAIGHT AND LEVEL,UNKNOWN,UNKNOWN,,FAILING TO YIELD RIGHT-OF-WAY,NOT APPLICABLE,,NONINCAPACITATING INJURY,14,1,41.9392490541,-87.722149146,2025,20,POINT (-87.722149146 41.9392490541),,,,,2025-01-28,False,15,Irving Park
12660,30,TRAFFIC SIGNAL,FUNCTIONING PROPERLY,CLEAR,DUSK,PEDALCYCLIST,FOUR WAY,STRAIGHT AND LEVEL,DRY,NO DEFECTS,,FAILING TO YIELD RIGHT-OF-WAY,FAILING TO YIELD RIGHT-OF-WAY,,NONINCAPACITATING INJURY,20,1,41.8867080859,-87.6296015631,2025,30,POINT (-87.6296015631 41.8867080859),,,,,2025-01-28,False,7,Near North Side
12661,10,NO CONTROLS,NO CONTROLS,CLEAR,DAYLIGHT,PEDALCYCLIST,PARKING LOT,STRAIGHT AND LEVEL,DRY,NO DEFECTS,,UNABLE TO DETERMINE,UNABLE TO DETERMINE,,INCAPACITATING INJURY,10,1,41.8327428733,-87.6268042876,2025,10,POINT (-87.6268042876 41.8327428733),,,,,2025-01-29,True,34,Douglas
12662,30,DELINEATORS,FUNCTIONING PROPERLY,CLEAR,DAYLIGHT,PEDALCYCLIST,DIVIDED - W/MEDIAN (NOT RAISED),STRAIGHT AND LEVEL,DRY,NO DEFECTS,Y,FAILING TO YIELD RIGHT-OF-WAY,IMPROPER TURNING/NO SIGNAL,,NONINCAPACITATING INJURY,14,1,41.8886812398,-87.6474228478,2025,30,POINT (-87.6474228478 41.8886812398),,,,,2025-01-29,False,7,Near North Side
12663,30,TRAFFIC SIGNAL,FUNCTIONING PROPERLY,CLEAR,DUSK,PEDALCYCLIST,FOUR WAY,STRAIGHT AND LEVEL,DRY,UNKNOWN,Y,DISREGARDING TRAFFIC SIGNALS,NOT APPLICABLE,,NONINCAPACITATING INJURY,17,1,41.9170934525,-87.7361825254,2025,30,POINT (-87.7361825254 41.9170934525),,,,,2025-01-29,False,19,Hermosa
12664,30,NO CONTROLS,NO CONTROLS,CLEAR,"DARKNESS, LIGHTED ROAD",PEDALCYCLIST,NOT DIVIDED,STRAIGHT AND LEVEL,DRY,NO DEFECTS,,UNABLE TO DETERMINE,NOT APPLICABLE,,NO INDICATION OF INJURY,17,1,41.900614384,-87.6373527948,2025,30,POINT (-87.6373527948 41.900614384),,,,,2025-01-29,False,7,Near North Side
12665,30,TRAFFIC SIGNAL,FUNCTIONING PROPERLY,CLEAR,DUSK,PEDALCYCLIST,T-INTERSECTION,STRAIGHT AND LEVEL,DRY,NO DEFECTS,Y,DISREGARDING TRAFFIC SIGNALS,NOT APPLICABLE,,NONINCAPACITATING INJURY,19,1,41.8821641673,-87.6245142736,2025,30,POINT (-87.6245142736 41.8821641673),,,,,2025-01-29,False,31,Loop
12666,30,NO CONTROLS,NO CONTROLS,CLEAR,DAYLIGHT,PEDALCYCLIST,NOT DIVIDED,STRAIGHT AND LEVEL,DRY,NO DEFECTS,,UNABLE TO DETERMINE,UNABLE TO DETERMINE,,INCAPACITATING INJURY,8,1,41.9207042914,-87.6629232597,2025,30,POINT (-87.6629232597 41.9207042914),,,,,2025-01-30,True,6,Lincoln Park
12667,35,TRAFFIC SIGNAL,FUNCTIONING PROPERLY,CLEAR,DAYLIGHT,PEDALCYCLIST,ONE-WAY,STRAIGHT AND LEVEL,DRY,NO DEFECTS,,UNABLE TO DETERMINE,UNABLE TO DETERMINE,,NO INDICATION OF INJURY,10,1,41.8940869442,-87.6351422334,2025,35,POINT (-87.6351422334 41.8940869442),,,,,2025-01-30,False,7,Near North Side
12668,25,UNKNOWN,UNKNOWN,RAIN,DUSK,PEDALCYCLIST,NOT DIVIDED,STRAIGHT AND LEVEL,WET,UNKNOWN,Y,UNABLE TO DETERMINE,NOT APPLICABLE,,"REPORTED, NOT EVIDENT",17,1,41.9318157158,-87.7158243157,2025,25,POINT (-87.7158243157 41.9318157158),,,,,2025-01-30,False,20,Avondale
12669,30,NO CONTROLS,NO CONTROLS,CLEAR,DAYLIGHT,PEDALCYCLIST,ONE-WAY,STRAIGHT AND LEVEL,DRY,UNKNOWN,,UNABLE TO DETERMINE,UNABLE TO DETERMINE,N,NO INDICATION OF INJURY,16,1,41.9029661114,-87.6896347787,2025,30,POINT (-87.6896347787 41.9029661114),,,,,2025-01-31,False,23,West Town
12670,30,NO CONTROLS,NO CONTROLS,CLEAR,"DARKNESS, LIGHTED ROAD",PEDALCYCLIST,NOT DIVIDED,STRAIGHT AND LEVEL,DRY,NO DEFECTS,,NOT APPLICABLE,NOT APPLICABLE,,NONINCAPACITATING INJURY,19,1,42.0193174425,-87.6773423153,2025,30,POINT (-87.6773423153 42.0193174425),,,,,2025-01-31,False,0,Rogers Park
12671,30,NO CONTROLS,NO CONTROLS,CLEAR,"DARKNESS, LIGHTED ROAD",PEDALCYCLIST,NOT DIVIDED,STRAIGHT AND LEVEL,DRY,UNKNOWN,,FAILING TO YIELD RIGHT-OF-WAY,NOT APPLICABLE,,NO INDICATION OF INJURY,18,2,41.9565427071,-87.7805075192,2025,30,POINT (-87.7805075192 41.9565427071),,,,,2025-02-01,False,14,Portage Park
12672,30,NO CONTROLS,NO CONTROLS,CLEAR,DAYLIGHT,PEDALCYCLIST,NOT DIVIDED,STRAIGHT AND LEVEL,DRY,NO DEFECTS,,FOLLOWING TOO CLOSELY,FAILING TO YIELD RIGHT-OF-WAY,,NO INDICATION OF INJURY,12,2,41.8945953482,-87.6490303821,2025,30,POINT (-87.6490303821 41.8945953482),,,,,2025-02-02,False,7,Near North Side
12673,30,NO CONTROLS,NO CONTROLS,CLEAR,"DARKNESS, LIGHTED ROAD",PEDALCYCLIST,DIVIDED - W/MEDIAN (NOT RAISED),STRAIGHT AND LEVEL,DRY,UNKNOWN,,UNABLE TO DETERMINE,UNABLE TO DETERMINE,,NONINCAPACITATING INJURY,18,2,41.9096355214,-87.6760801158,2025,30,POINT (-87.6760801158 41.9096355214),,,,,2025-02-02,False,23,West Town
12674,30,NO CONTROLS,NO CONTROLS,CLEAR,"DARKNESS, LIGHTED ROAD",PEDALCYCLIST,PARKING LOT,STRAIGHT ON GRADE,DRY,NO DEFECTS,,FAILING TO YIELD RIGHT-OF-WAY,"VISION OBSCURED (SIGNS, TREE LIMBS, BUILDINGS, ETC.)",,"REPORTED, NOT EVIDENT",20,2,41.921431148,-87.6693686753,2025,30,POINT (-87.6693686753 41.921431148),,,,,2025-02-02,False,6,Lincoln Park
12675,30,TRAFFIC SIGNAL,FUNCTIONING PROPERLY,CLEAR,DAYLIGHT,PEDALCYCLIST,FOUR WAY,STRAIGHT AND LEVEL,DRY,NO DEFECTS,Y,DISREGARDING TRAFFIC SIGNALS,NOT APPLICABLE,,NONINCAPACITATING INJURY,9,2,41.7684549099,-87.664038433,2025,30,POINT (-87.664038433 41.7684549099),,,,,2025-02-03,False,66,Englewood
12676,25,NO CONTROLS,NO CONTROLS,FOG/SMOKE/HAZE,DAYLIGHT,PEDALCYCLIST,DIVIDED - W/MEDIAN (NOT RAISED),STRAIGHT AND LEVEL,WET,UNKNOWN,,UNABLE TO DETERMINE,UNABLE TO DETERMINE,,NO INDICATION OF INJURY,15,2,41.835338296,-87.6487897356,2025,25,POINT (-87.6487897356 41.835338296),,,,,2025-02-03,False,30,Lower West Side
12677,30,TRAFFIC SIGNAL,FUNCTIONING PROPERLY,RAIN,DAYLIGHT,PEDALCYCLIST,FOUR WAY,STRAIGHT AND LEVEL,WET,NO DEFECTS,,UNABLE TO DETERMINE,NOT APPLICABLE,,NO INDICATION OF INJURY,15,2,41.877888529,-87.6426091753,2025,30,POINT (-87.6426091753 41.877888529),,,,,2025-02-03,False,27,Near West Side
12678,30,UNKNOWN,UNKNOWN,CLEAR,DAYLIGHT,PEDALCYCLIST,NOT DIVIDED,STRAIGHT AND LEVEL,DRY,NO DEFECTS,,UNABLE TO DETERMINE,UNABLE TO DETERMINE,,"REPORTED, NOT EVIDENT",16,2,41.7872432262,-87.7032279582,2025,30,POINT (-87.7032279582 41.7872432262),,,,,2025-02-03,False,62,Gage Park
12679,30,NO CONTROLS,NO CONTROLS,CLEAR,"DARKNESS, LIGHTED ROAD",PEDALCYCLIST,NOT DIVIDED,STRAIGHT AND LEVEL,DRY,NO DEFECTS,,FOLLOWING TOO CLOSELY,NOT APPLICABLE,,NONINCAPACITATING INJURY,18,2,41.9974160432,-87.7729942531,2025,30,POINT (-87.7729942531 41.9974160432),,,,,2025-02-04,False,11,Forest Glen
12680,30,NO CONTROLS,NO CONTROLS,CLEAR,"DARKNESS, LIGHTED ROAD",PEDALCYCLIST,DIVIDED - W/MEDIAN BARRIER,STRAIGHT AND LEVEL,DRY,NO DEFECTS,,FAILING TO REDUCE SPEED TO AVOID CRASH,NOT APPLICABLE,,NO INDICATION OF INJURY,20,2,41.884514197,-87.6670420942,2025,30,POINT (-87.6670420942 41.884514197),,,,,2025-02-04,False,27,Near West Side
12681,35,STOP SIGN/FLASHER,FUNCTIONING IMPROPERLY,UNKNOWN,DAWN,PEDALCYCLIST,NOT DIVIDED,STRAIGHT AND LEVEL,UNKNOWN,UNKNOWN,,FAILING TO REDUCE SPEED TO AVOID CRASH,FAILING TO REDUCE SPEED TO AVOID CRASH,,NO INDICATION OF INJURY,6,2,41.7382970277,-87.7409184933,2025,35,POINT (-87.7409184933 41.7382970277),,,,,2025-02-06,False,69,Ashburn
12682,30,UNKNOWN,UNKNOWN,UNKNOWN,UNKNOWN,PEDALCYCLIST,FOUR WAY,STRAIGHT AND LEVEL,UNKNOWN,UNKNOWN,Y,UNABLE TO DETERMINE,UNABLE TO DETERMINE,,NO INDICATION OF INJURY,6,2,41.7382970277,-87.7409184933,2025,30,POINT (-87.7409184933 41.7382970277),,,,,2025-02-06,False,69,Ashburn
12683,30,TRAFFIC SIGNAL,FUNCTIONING PROPERLY,CLEAR,DAYLIGHT,PEDALCYCLIST,NOT DIVIDED,STRAIGHT AND LEVEL,WET,NO DEFECTS,,UNABLE TO DETERMINE,NOT APPLICABLE,,NO INDICATION OF INJURY,12,2,41.9212249582,-87.6379976555,2025,30,POINT (-87.6379976555 41.9212249582),,,,,2025-02-06,False,6,Lincoln Park
12684,30,STOP SIGN/FLASHER,FUNCTIONING PROPERLY,CLEAR,"DARKNESS, LIGHTED ROAD",PEDALCYCLIST,T-INTERSECTION,STRAIGHT AND LEVEL,DRY,UNKNOWN,Y,FAILING TO YIELD RIGHT-OF-WAY,NOT APPLICABLE,,NONINCAPACITATING INJURY,21,2,41.8997651161,-87.6311823431,2025,30,POINT (-87.6311823431 41.8997651161),,,,,2025-02-06,False,7,Near North Side
12685,30,NO CONTROLS,NO CONTROLS,CLEAR,DAYLIGHT,PEDALCYCLIST,ONE-WAY,STRAIGHT AND LEVEL,DRY,NO DEFECTS,,UNABLE TO DETERMINE,UNABLE TO DETERMINE,,NONINCAPACITATING INJURY,13,2,41.8880873531,-87.6308880745,2025,30,POINT (-87.6308880745 41.8880873531),,,,,2025-02-07,False,7,Near North Side
12686,30,NO CONTROLS,NO CONTROLS,CLEAR,DAYLIGHT,PEDALCYCLIST,DIVIDED - W/MEDIAN (NOT RAISED),STRAIGHT AND LEVEL,DRY,NO DEFECTS,,FAILING TO YIELD RIGHT-OF-WAY,FAILING TO YIELD RIGHT-OF-WAY,Y,NONINCAPACITATING INJURY,16,2,41.9194571952,-87.6369287666,2025,30,POINT (-87.6369287666 41.9194571952),,,,,2025-02-09,False,6,Lincoln Park
12687,20,NO CONTROLS,NO CONTROLS,CLEAR,UNKNOWN,PEDALCYCLIST,PARKING LOT,STRAIGHT AND LEVEL,DRY,UNKNOWN,,UNABLE TO DETERMINE,NOT APPLICABLE,,NO INDICATION OF INJURY,17,2,41.9260064269,-87.756362982,2025,20,POINT (-87.756362982 41.9260064269),,,,,2025-02-09,False,18,Belmont Cragin
12688,30,NO CONTROLS,NO CONTROLS,CLEAR,DAYLIGHT,PEDALCYCLIST,ALLEY,STRAIGHT AND LEVEL,DRY,NO DEFECTS,Y,FAILING TO REDUCE SPEED TO AVOID CRASH,UNABLE TO DETERMINE,,NO INDICATION OF INJURY,8,2,41.929134981,-87.773612542,2025,30,POINT (-87.773612542 41.929134981),,,,,2025-02-10,False,18,Belmont Cragin
12689,30,NO CONTROLS,NO CONTROLS,CLEAR,DAYLIGHT,PEDALCYCLIST,NOT DIVIDED,STRAIGHT AND LEVEL,DRY,NO DEFECTS,,UNABLE TO DETERMINE,UNABLE TO DETERMINE,,NONINCAPACITATING INJURY,11,2,41.9819131816,-87.6595969063,2025,30,POINT (-87.6595969063 41.9819131816),,,,,2025-02-10,False,76,Edgewater
12690,30,TRAFFIC SIGNAL,FUNCTIONING PROPERLY,CLEAR,"DARKNESS, LIGHTED ROAD",PEDALCYCLIST,FOUR WAY,STRAIGHT AND LEVEL,DRY,WORN SURFACE,,FAILING TO YIELD RIGHT-OF-WAY,NOT APPLICABLE,,"REPORTED, NOT EVIDENT",17,2,41.8804307546,-87.6471731522,2025,30,POINT (-87.6471731522 41.8804307546),,,,,2025-02-10,False,27,Near West Side
12691,5,NO CONTROLS,NO CONTROLS,CLOUDY/OVERCAST,DAYLIGHT,PEDALCYCLIST,DRIVEWAY,STRAIGHT ON GRADE,ICE,NO DEFECTS,,UNABLE TO DETERMINE,UNABLE TO DETERMINE,,NONINCAPACITATING INJURY,10,2,41.9037242237,-87.6358224606,2025,5,POINT (-87.6358224606 41.9037242237),,,,,2025-02-11,False,7,Near North Side
12692,20,TRAFFIC SIGNAL,FUNCTIONING PROPERLY,SNOW,DAYLIGHT,PEDALCYCLIST,FOUR WAY,STRAIGHT AND LEVEL,WET,UNKNOWN,Y,FAILING TO YIELD RIGHT-OF-WAY,NOT APPLICABLE,,NONINCAPACITATING INJURY,10,2,41.9005854066,-87.6342086789,2025,20,POINT (-87.6342086789 41.9005854066),,,,,2025-02-11,False,7,Near North Side
12693,30,TRAFFIC SIGNAL,UNKNOWN,CLOUDY/OVERCAST,"DARKNESS, LIGHTED ROAD",PEDALCYCLIST,FOUR WAY,STRAIGHT AND LEVEL,DRY,UNKNOWN,,FAILING TO YIELD RIGHT-OF-WAY,UNABLE TO DETERMINE,,"REPORTED, NOT EVIDENT",0,2,41.8159366271,-87.6650029035,2025,30,POINT (-87.6650029035 41.8159366271),,,,,2025-02-14,False,60,New City
12694,30,TRAFFIC SIGNAL,FUNCTIONING PROPERLY,CLEAR,DAYLIGHT,PEDALCYCLIST,NOT DIVIDED,STRAIGHT AND LEVEL,DRY,NO DEFECTS,Y,IMPROPER OVERTAKING/PASSING,DRIVING SKILLS/KNOWLEDGE/EXPERIENCE,,NO INDICATION OF INJURY,11,2,41.9319214237,-87.7118800138,2025,30,POINT (-87.7118800138 41.9319214237),,,,,2025-02-14,False,20,Avondale
12695,30,TRAFFIC SIGNAL,FUNCTIONING PROPERLY,CLEAR,DAYLIGHT,PEDALCYCLIST,NOT DIVIDED,STRAIGHT AND LEVEL,"SAND, MUD, DIRT",NO DEFECTS,,FOLLOWING TOO CLOSELY,NOT APPLICABLE,,NO INDICATION OF INJURY,14,2,41.8969929631,-87.6283545054,2025,30,POINT (-87.6283545054 41.8969929631),,,,,2025-02-14,False,7,Near North Side
12696,30,TRAFFIC SIGNAL,FUNCTIONING PROPERLY,CLEAR,DAYLIGHT,PEDALCYCLIST,UNKNOWN INTERSECTION TYPE,STRAIGHT AND LEVEL,UNKNOWN,UNKNOWN,Y,UNABLE TO DETERMINE,UNABLE TO DETERMINE,,"REPORTED, NOT EVIDENT",15,2,41.8813553325,-87.6656659829,2025,30,POINT (-87.6656659829 41.8813553325),,,,,2025-02-14,False,27,Near West Side
12697,35,NO CONTROLS,NO CONTROLS,UNKNOWN,UNKNOWN,PEDALCYCLIST,DIVIDED - W/MEDIAN BARRIER,STRAIGHT AND LEVEL,UNKNOWN,UNKNOWN,,UNABLE TO DETERMINE,UNABLE TO DETERMINE,N,"REPORTED, NOT EVIDENT",0,2,41.909061558,-87.8003236785,2025,35,POINT (-87.8003236785 41.909061558),,,,,2025-02-17,False,24,Austin