Unnamed: 0,POSTED_SPEED_LIMIT,TRAFFIC_CONTROL_DEVICE,DEVICE_CONDITION,WEATHER_CONDITION,LIGHTING_CONDITION,FIRST_CRASH_TYPE,TRAFFICWAY_TYPE,ALIGNMENT,ROADWAY_SURFACE_COND,ROAD_DEFECT,INTERSECTION_RELATED_I,PRIM_CONTRIBUTORY_CAUSE,SEC_CONTRIBUTORY_CAUSE,DOORING_I,MOST_SEVERE_INJURY,CRASH_HOUR,CRASH_MONTH,LATITUDE,LONGITUDE,CRASH_YEAR,SPEED_LIMIT,geometry,DISPLAYROU,the_geom,DIST,LANE_TYPE,CRASH_DATE,is_severe,index_right,CArea
12698,30,NO CONTROLS,NO CONTROLS,CLEAR,DAYLIGHT,PEDALCYCLIST,DIVIDED - W/MEDIAN (NOT RAISED),STRAIGHT AND LEVEL,UNKNOWN,UNKNOWN,,UNABLE TO DETERMINE,UNABLE TO DETERMINE,,NO INDICATION OF INJURY,15,2,41.9169546988,-87.753230652,2025,30,POINT (-87.753230652 41.9169546988),,,,,2025-02-18,False,18,Belmont Cragin
12699,30,UNKNOWN,UNKNOWN,CLEAR,"DARKNESS, LIGHTED ROAD",PEDALCYCLIST,FOUR WAY,STRAIGHT AND LEVEL,UNKNOWN,UNKNOWN,Y,UNABLE TO DETERMINE,UNABLE TO DETERMINE,,NONINCAPACITATING INJURY,18,2,41.9036684177,-87.6536993637,2025,30,POINT (-87.6536993637 41.9036684177),,,,,2025-02-18,False,7,Near North Side
12700,30,NO CONTROLS,NO CONTROLS,CLEAR,DAYLIGHT,PEDALCYCLIST,DIVIDED - W/MEDIAN (NOT RAISED),STRAIGHT AND LEVEL,DRY,UNKNOWN,,UNABLE TO DETERMINE,NOT APPLICABLE,,NONINCAPACITATING INJURY,10,2,41.9237573011,-87.7732216256,2025,30,POINT (-87.7732216256 41.9237573011),,,,,2025-02-19,False,18,Belmont Cragin
12701,30,NO CONTROLS,NO CONTROLS,CLEAR,"DARKNESS, LIGHTED ROAD",PEDALCYCLIST,DIVIDED - W/MEDIAN (NOT RAISED),STRAIGHT AND LEVEL,DRY,UNKNOWN,,FAILING TO YIELD RIGHT-OF-WAY,NOT APPLICABLE,,"REPORTED, NOT EVIDENT",17,2,41.9075493948,-87.6732687093,2025,30,POINT (-87.6732687093 41.9075493948),,,,,2025-02-20,False,23,West Town
12702,30,STOP SIGN/FLASHER,FUNCTIONING PROPERLY,CLEAR,DAYLIGHT,PEDALCYCLIST,NOT DIVIDED,STRAIGHT AND LEVEL,DRY,UNKNOWN,,UNABLE TO DETERMINE,UNABLE TO DETERMINE,,NO INDICATION OF INJURY,13,2,41.928539398,-87.7016557785,2025,30,POINT (-87.7016557785 41.928539398),,,,,2025-02-22,False,21,Logan Square
12703,30,TRAFFIC SIGNAL,FUNCTIONING PROPERLY,CLEAR,DAYLIGHT,PEDALCYCLIST,FOUR WAY,STRAIGHT AND LEVEL,DRY,NO DEFECTS,,OBSTRUCTED CROSSWALKS,UNABLE TO DETERMINE,,NONINCAPACITATING INJURY,14,2,41.8877217279,-87.7649722816,2025,30,POINT (-87.7649722816 41.8877217279),,,,,2025-02-22,False,24,Austin
12704,30,UNKNOWN,UNKNOWN,UNKNOWN,UNKNOWN,PEDALCYCLIST,UNKNOWN,STRAIGHT AND LEVEL,UNKNOWN,UNKNOWN,,UNABLE TO DETERMINE,UNABLE TO DETERMINE,Y,NO INDICATION OF INJURY,18,2,41.8917281777,-87.6317258192,2025,30,POINT (-87.6317258192 41.8917281777),,,,,2025-02-22,False,7,Near North Side
12705,30,TRAFFIC SIGNAL,FUNCTIONING PROPERLY,CLEAR,"DARKNESS, LIGHTED ROAD",PEDALCYCLIST,FOUR WAY,STRAIGHT AND LEVEL,DRY,NO DEFECTS,Y,FAILING TO YIELD RIGHT-OF-WAY,DISREGARDING TRAFFIC SIGNALS,,NO INDICATION OF INJURY,19,2,41.8809412665,-87.6206484349,2025,30,POINT (-87.6206484349 41.8809412665),,,,,2025-02-22,False,31,Loop
12706,30,NO CONTROLS,NO CONTROLS,CLEAR,"DARKNESS, LIGHTED ROAD",PEDALCYCLIST,DIVIDED - W/MEDIAN (NOT RAISED),STRAIGHT AND LEVEL,DRY,NO DEFECTS,,UNABLE TO DETERMINE,NOT APPLICABLE,,INCAPACITATING INJURY,21,2,41.9380474797,-87.7957546622,2025,30,POINT (-87.7957546622 41.9380474797),,,,,2025-02-22,True,16,Dunning
12707,30,STOP SIGN/FLASHER,FUNCTIONING PROPERLY,CLEAR,DUSK,PEDALCYCLIST,NOT DIVIDED,STRAIGHT AND LEVEL,DRY,NO DEFECTS,Y,UNABLE TO DETERMINE,NOT APPLICABLE,,NONINCAPACITATING INJURY,17,2,41.7202751077,-87.594878226,2025,30,POINT (-87.594878226 41.7202751077),,,,,2025-02-23,False,49,Pullman
12708,30,NO CONTROLS,NO CONTROLS,CLEAR,DAYLIGHT,PEDALCYCLIST,NOT DIVIDED,STRAIGHT AND LEVEL,DRY,NO DEFECTS,Y,UNABLE TO DETERMINE,UNABLE TO DETERMINE,,NO INDICATION OF INJURY,12,2,41.7796575004,-87.6449309928,2025,30,POINT (-87.6449309928 41.7796575004),,,,,2025-02-24,False,67,Englewood
12709,35,NO CONTROLS,NO CONTROLS,CLEAR,DAYLIGHT,PEDALCYCLIST,NOT DIVIDED,STRAIGHT AND LEVEL,DRY,NO DEFECTS,,UNABLE TO DETERMINE,NOT APPLICABLE,,NO INDICATION OF INJURY,12,2,41.8380980637,-87.6505880572,2025,35,POINT (-87.6505880572 41.8380980637),,,,,2025-02-24,False,30,Lower West Side
12710,35,NO CONTROLS,NO CONTROLS,CLEAR,DAYLIGHT,PEDALCYCLIST,DIVIDED - W/MEDIAN (NOT RAISED),STRAIGHT AND LEVEL,DRY,NO DEFECTS,,FOLLOWING TOO CLOSELY,FOLLOWING TOO CLOSELY,,NO INDICATION OF INJURY,16,2,41.9175694658,-87.7001250289,2025,35,POINT (-87.7001250289 41.9175694658),,,,,2025-02-24,False,21,Logan Square
12711,30,UNKNOWN,UNKNOWN,UNKNOWN,"DARKNESS, LIGHTED ROAD",PEDALCYCLIST,NOT DIVIDED,STRAIGHT AND LEVEL,UNKNOWN,UNKNOWN,,UNABLE TO DETERMINE,UNABLE TO DETERMINE,,"REPORTED, NOT EVIDENT",19,2,41.898818641,-87.6383719431,2025,30,POINT (-87.6383719431 41.898818641),,,,,2025-02-24,False,7,Near North Side
12712,30,TRAFFIC SIGNAL,UNKNOWN,UNKNOWN,UNKNOWN,PEDALCYCLIST,UNKNOWN INTERSECTION TYPE,STRAIGHT AND LEVEL,UNKNOWN,UNKNOWN,Y,UNABLE TO DETERMINE,UNABLE TO DETERMINE,,NO INDICATION OF INJURY,8,2,41.961994087,-87.6471614958,2025,30,POINT (-87.6471614958 41.961994087),,,,,2025-02-25,False,2,Uptown
12713,30,NO CONTROLS,NO CONTROLS,CLEAR,DAYLIGHT,PEDALCYCLIST,ONE-WAY,STRAIGHT AND LEVEL,DRY,WORN SURFACE,,IMPROPER TURNING/NO SIGNAL,FAILING TO YIELD RIGHT-OF-WAY,,"REPORTED, NOT EVIDENT",16,2,41.9726285685,-87.7014124513,2025,30,POINT (-87.7014124513 41.9726285685),,,,,2025-02-25,False,3,Lincoln Square
12714,30,UNKNOWN,UNKNOWN,CLEAR,"DARKNESS, LIGHTED ROAD",PEDALCYCLIST,NOT DIVIDED,STRAIGHT AND LEVEL,UNKNOWN,UNKNOWN,,FAILING TO REDUCE SPEED TO AVOID CRASH,UNABLE TO DETERMINE,N,NO INDICATION OF INJURY,18,2,41.9540246279,-87.7087073858,2025,30,POINT (-87.7087073858 41.9540246279),,,,,2025-02-25,False,15,Irving Park
12715,30,TRAFFIC SIGNAL,FUNCTIONING PROPERLY,CLEAR,DAYLIGHT,PEDALCYCLIST,DIVIDED - W/MEDIAN (NOT RAISED),STRAIGHT AND LEVEL,DRY,NO DEFECTS,Y,UNABLE TO DETERMINE,UNABLE TO DETERMINE,,NO INDICATION OF INJURY,17,2,42.0121731777,-87.6998439783,2025,30,POINT (-87.6998439783 42.0121731777),,,,,2025-02-26,False,1,West Ridge
12716,30,TRAFFIC SIGNAL,FUNCTIONING PROPERLY,CLEAR,"DARKNESS, LIGHTED ROAD",PEDALCYCLIST,FOUR WAY,STRAIGHT AND LEVEL,DRY,UNKNOWN,,FAILING TO YIELD RIGHT-OF-WAY,NOT APPLICABLE,,NO INDICATION OF INJURY,20,2,41.8746442832,-87.6296485038,2025,30,POINT (-87.6296485038 41.8746442832),,,,,2025-02-26,False,31,Loop
12717,30,TRAFFIC SIGNAL,FUNCTIONING PROPERLY,CLEAR,DAYLIGHT,PEDALCYCLIST,NOT DIVIDED,STRAIGHT AND LEVEL,DRY,NO DEFECTS,,UNABLE TO DETERMINE,NOT APPLICABLE,,"REPORTED, NOT EVIDENT",8,2,41.8998135025,-87.66762407,2025,30,POINT (-87.66762407 41.8998135025),,,,,2025-02-27,False,23,West Town
12718,30,NO CONTROLS,NO CONTROLS,CLEAR,DAYLIGHT,PEDALCYCLIST,DIVIDED - W/MEDIAN BARRIER,STRAIGHT AND LEVEL,DRY,NO DEFECTS,,UNABLE TO DETERMINE,NOT APPLICABLE,,NONINCAPACITATING INJURY,14,2,41.8733422777,-87.6765852135,2025,30,POINT (-87.6765852135 41.8733422777),,,,,2025-02-27,False,27,Near West Side
12719,30,NO CONTROLS,NO CONTROLS,CLEAR,DAYLIGHT,PEDALCYCLIST,ONE-WAY,STRAIGHT AND LEVEL,DRY,NO DEFECTS,,UNABLE TO DETERMINE,NOT APPLICABLE,,NO INDICATION OF INJURY,15,2,41.6935403591,-87.6285682707,2025,30,POINT (-87.6285682707 41.6935403591),,,,,2025-02-27,False,48,Roseland
12720,30,NO CONTROLS,NO CONTROLS,CLEAR,DUSK,PEDALCYCLIST,NOT DIVIDED,STRAIGHT AND LEVEL,DRY,NO DEFECTS,,FAILING TO YIELD RIGHT-OF-WAY,UNABLE TO DETERMINE,,NONINCAPACITATING INJURY,17,2,41.9681612546,-87.725377042,2025,30,POINT (-87.725377042 41.9681612546),,,,,2025-02-27,False,13,Albany Park
12721,30,NO CONTROLS,NO CONTROLS,CLEAR,DAYLIGHT,PEDALCYCLIST,NOT DIVIDED,STRAIGHT AND LEVEL,DRY,NO DEFECTS,,UNABLE TO DETERMINE,UNABLE TO DETERMINE,,NONINCAPACITATING INJURY,8,2,41.9091269881,-87.6752852022,2025,30,POINT (-87.6752852022 41.9091269881),,,,,2025-02-28,False,23,West Town
12722,25,TRAFFIC SIGNAL,FUNCTIONING PROPERLY,CLEAR,DAYLIGHT,PEDALCYCLIST,FOUR WAY,STRAIGHT AND LEVEL,DRY,NO DEFECTS,,NOT APPLICABLE,NOT APPLICABLE,,NONINCAPACITATING INJURY,9,2,41.9907383505,-87.6796821933,2025,25,POINT (-87.6796821933 41.9907383505),,,,,2025-02-28,False,1,West Ridge
12723,15,NO CONTROLS,NO CONTROLS,CLEAR,DAYLIGHT,PEDALCYCLIST,NOT REPORTED,STRAIGHT AND LEVEL,DRY,NO DEFECTS,,FAILING TO REDUCE SPEED TO AVOID CRASH,FAILING TO YIELD RIGHT-OF-WAY,Y,NONINCAPACITATING INJURY,10,2,41.9310328494,-87.763633002,2025,15,POINT (-87.763633002 41.9310328494),,,,,2025-02-28,False,18,Belmont Cragin
12724,30,NO CONTROLS,NO CONTROLS,CLEAR,DAYLIGHT,PEDALCYCLIST,ONE-WAY,STRAIGHT AND LEVEL,DRY,NO DEFECTS,,FAILING TO YIELD RIGHT-OF-WAY,NOT APPLICABLE,Y,NO INDICATION OF INJURY,15,2,41.8830983634,-87.6332975674,2025,30,POINT (-87.6332975674 41.8830983634),,,,,2025-02-28,False,31,Loop
12725,30,NO CONTROLS,NO CONTROLS,CLEAR,DAYLIGHT,PEDALCYCLIST,CENTER TURN LANE,STRAIGHT AND LEVEL,DRY,NO DEFECTS,,DRIVING SKILLS/KNOWLEDGE/EXPERIENCE,IMPROPER LANE USAGE,,NONINCAPACITATING INJURY,8,3,41.7956880528,-87.8014596705,2025,30,POINT (-87.8014596705 41.7956880528),,,,,2025-03-01,False,55,Garfield Ridge
12726,25,STOP SIGN/FLASHER,FUNCTIONING PROPERLY,CLEAR,DAYLIGHT,PEDALCYCLIST,NOT DIVIDED,STRAIGHT AND LEVEL,DRY,NO DEFECTS,Y,UNABLE TO DETERMINE,UNABLE TO DETERMINE,,INCAPACITATING INJURY,14,3,41.7904401976,-87.7927923291,2025,25,POINT (-87.7927923291 41.7904401976),,,,,2025-03-01,True,55,Garfield Ridge
12727,30,TRAFFIC SIGNAL,FUNCTIONING PROPERLY,CLEAR,DAYLIGHT,PEDALCYCLIST,FOUR WAY,STRAIGHT AND LEVEL,DRY,UNKNOWN,Y,FAILING TO YIELD RIGHT-OF-WAY,UNABLE TO DETERMINE,,NONINCAPACITATING INJURY,15,3,41.9313511839,-87.7565655509,2025,30,POINT (-87.7565655509 41.9313511839),,,,,2025-03-01,False,18,Belmont Cragin
12728,30,TRAFFIC SIGNAL,FUNCTIONING PROPERLY,CLEAR,"DARKNESS, LIGHTED ROAD",PEDALCYCLIST,FOUR WAY,STRAIGHT AND LEVEL,DRY,NO DEFECTS,Y,UNABLE TO DETERMINE,NOT APPLICABLE,,"REPORTED, NOT EVIDENT",19,3,41.8807189579,-87.735600609,2025,30,POINT (-87.735600609 41.8807189579),,,,,2025-03-01,False,25,Garfield Park
12729,30,NO CONTROLS,NO CONTROLS,CLEAR,"DARKNESS, LIGHTED ROAD",PEDALCYCLIST,DIVIDED - W/MEDIAN (NOT RAISED),STRAIGHT AND LEVEL,DRY,NO DEFECTS,,UNABLE TO DETERMINE,NOT APPLICABLE,,NONINCAPACITATING INJURY,21,3,41.7561608151,-87.6334154457,2025,30,POINT (-87.6334154457 41.7561608151),,,,,2025-03-02,False,67,Englewood
12730,30,TRAFFIC SIGNAL,FUNCTIONING PROPERLY,CLEAR,DAYLIGHT,PEDALCYCLIST,CENTER TURN LANE,STRAIGHT AND LEVEL,DRY,NO DEFECTS,,FAILING TO YIELD RIGHT-OF-WAY,UNABLE TO DETERMINE,,NONINCAPACITATING INJURY,8,3,41.9751329326,-87.7085179238,2025,30,POINT (-87.7085179238 41.9751329326),,,,,2025-03-03,False,12,North Park
12731,30,TRAFFIC SIGNAL,FUNCTIONING PROPERLY,CLEAR,DAYLIGHT,PEDALCYCLIST,DIVIDED - W/MEDIAN (NOT RAISED),STRAIGHT AND LEVEL,DRY,UNKNOWN,,FAILING TO YIELD RIGHT-OF-WAY,FAILING TO YIELD RIGHT-OF-WAY,Y,NO INDICATION OF INJURY,16,3,41.845494944,-87.6319704313,2025,30,POINT (-87.6319704313 41.845494944),,,,,2025-03-03,False,32,Near South Side
12732,30,TRAFFIC SIGNAL,FUNCTIONING PROPERLY,CLEAR,DAYLIGHT,PEDALCYCLIST,NOT DIVIDED,STRAIGHT AND LEVEL,DRY,NO DEFECTS,Y,DISREGARDING TRAFFIC SIGNALS,DRIVING SKILLS/KNOWLEDGE/EXPERIENCE,,NONINCAPACITATING INJURY,16,3,41.8577448535,-87.6273413783,2025,30,POINT (-87.6273413783 41.8577448535),,,,,2025-03-03,False,32,Near South Side
12733,15,NO CONTROLS,NO CONTROLS,CLEAR,DARKNESS,PEDALCYCLIST,NOT DIVIDED,STRAIGHT AND LEVEL,DRY,NO DEFECTS,,IMPROPER LANE USAGE,IMPROPER TURNING/NO SIGNAL,,NONINCAPACITATING INJURY,18,3,41.8720210288,-87.6959040347,2025,15,POINT (-87.6959040347 41.8720210288),,,,,2025-03-03,False,26,Garfield Park
12734,30,STOP SIGN/FLASHER,FUNCTIONING PROPERLY,CLEAR,"DARKNESS, LIGHTED ROAD",PEDALCYCLIST,FOUR WAY,STRAIGHT AND LEVEL,DRY,UNKNOWN,Y,DISREGARDING STOP SIGN,NOT APPLICABLE,,NONINCAPACITATING INJURY,18,3,41.7568083853,-87.5892225981,2025,30,POINT (-87.5892225981 41.7568083853),,,,,2025-03-03,False,42,South Shore
12735,30,TRAFFIC SIGNAL,FUNCTIONING PROPERLY,RAIN,DAYLIGHT,PEDALCYCLIST,FOUR WAY,STRAIGHT AND LEVEL,WET,UNKNOWN,N,DISREGARDING TRAFFIC SIGNALS,FOLLOWING TOO CLOSELY,N,NO INDICATION OF INJURY,14,3,41.8524987566,-87.6463446658,2025,30,POINT (-87.6463446658 41.8524987566),,,,,2025-03-04,False,30,Lower West Side
12736,30,NO CONTROLS,NO CONTROLS,CLEAR,DAYLIGHT,PEDALCYCLIST,NOT DIVIDED,STRAIGHT AND LEVEL,DRY,NO DEFECTS,Y,IMPROPER LANE USAGE,IMPROPER LANE USAGE,,NO INDICATION OF INJURY,12,3,41.8999269232,-87.6608879964,2025,30,POINT (-87.6608879964 41.8999269232),,,,,2025-03-05,False,23,West Town
12737,30,TRAFFIC SIGNAL,FUNCTIONING PROPERLY,RAIN,DAYLIGHT,PEDALCYCLIST,NOT DIVIDED,STRAIGHT AND LEVEL,WET,NO DEFECTS,,TURNING RIGHT ON RED,TURNING RIGHT ON RED,,NONINCAPACITATING INJURY,13,3,41.9537055097,-87.7325509812,2025,30,POINT (-87.7325509812 41.9537055097),,,,,2025-03-05,False,15,Irving Park
12738,30,STOP SIGN/FLASHER,FUNCTIONING PROPERLY,CLEAR,DAYLIGHT,PEDALCYCLIST,FOUR WAY,STRAIGHT AND LEVEL,DRY,NO DEFECTS,Y,FAILING TO YIELD RIGHT-OF-WAY,FAILING TO YIELD RIGHT-OF-WAY,,NO INDICATION OF INJURY,7,3,41.979163097,-87.7877428579,2025,30,POINT (-87.7877428579 41.979163097),,,,,2025-03-06,False,10,Jefferson Park
12739,30,NO CONTROLS,NO CONTROLS,CLEAR,DAYLIGHT,PEDALCYCLIST,NOT DIVIDED,STRAIGHT AND LEVEL,DRY,NO DEFECTS,,DRIVING ON WRONG SIDE/WRONG WAY,NOT APPLICABLE,,NONINCAPACITATING INJURY,10,3,41.9214888756,-87.694814926,2025,30,POINT (-87.694814926 41.9214888756),,,,,2025-03-06,False,21,Logan Square
12740,30,TRAFFIC SIGNAL,FUNCTIONING PROPERLY,FREEZING RAIN/DRIZZLE,DAYLIGHT,PEDALCYCLIST,FOUR WAY,STRAIGHT AND LEVEL,SNOW OR SLUSH,NO DEFECTS,Y,NOT APPLICABLE,NOT APPLICABLE,,NO INDICATION OF INJURY,11,3,41.8792779139,-87.6474292961,2025,30,POINT (-87.6474292961 41.8792779139),,,,,2025-03-07,False,27,Near West Side
12741,30,NO CONTROLS,NO CONTROLS,CLEAR,DAYLIGHT,PEDALCYCLIST,NOT DIVIDED,STRAIGHT AND LEVEL,DRY,NO DEFECTS,,UNABLE TO DETERMINE,UNABLE TO DETERMINE,,NO INDICATION OF INJURY,13,3,41.9005848002,-87.63298607,2025,30,POINT (-87.63298607 41.9005848002),,,,,2025-03-08,False,7,Near North Side
12742,30,STOP SIGN/FLASHER,FUNCTIONING PROPERLY,CLEAR,DAYLIGHT,PEDALCYCLIST,FOUR WAY,STRAIGHT AND LEVEL,DRY,NO DEFECTS,,FAILING TO YIELD RIGHT-OF-WAY,NOT APPLICABLE,,NONINCAPACITATING INJURY,14,3,41.8993940046,-87.6981876529,2025,30,POINT (-87.6981876529 41.8993940046),,,,,2025-03-08,False,22,Humboldt Park
12743,30,NO CONTROLS,NO CONTROLS,CLEAR,DAYLIGHT,PEDALCYCLIST,NOT DIVIDED,STRAIGHT AND LEVEL,DRY,UNKNOWN,,FAILING TO YIELD RIGHT-OF-WAY,NOT APPLICABLE,N,NONINCAPACITATING INJURY,15,3,41.9684300625,-87.7208445951,2025,30,POINT (-87.7208445951 41.9684300625),,,,,2025-03-08,False,13,Albany Park
12744,30,UNKNOWN,UNKNOWN,CLEAR,DAYLIGHT,PEDALCYCLIST,NOT DIVIDED,STRAIGHT AND LEVEL,DRY,UNKNOWN,Y,IMPROPER TURNING/NO SIGNAL,NOT APPLICABLE,Y,NONINCAPACITATING INJURY,15,3,41.8859090493,-87.7355329814,2025,30,POINT (-87.7355329814 41.8859090493),,,,,2025-03-08,False,25,Garfield Park
12745,25,NO CONTROLS,NO CONTROLS,CLEAR,DARKNESS,PEDALCYCLIST,NOT DIVIDED,STRAIGHT AND LEVEL,DRY,NO DEFECTS,,UNABLE TO DETERMINE,UNABLE TO DETERMINE,Y,NO INDICATION OF INJURY,20,3,41.9049424811,-87.6301622818,2025,25,POINT (-87.6301622818 41.9049424811),,,,,2025-03-08,False,7,Near North Side
12746,30,NO CONTROLS,NO CONTROLS,CLEAR,DAYLIGHT,PEDALCYCLIST,NOT DIVIDED,STRAIGHT AND LEVEL,DRY,NO DEFECTS,,FAILING TO YIELD RIGHT-OF-WAY,UNABLE TO DETERMINE,,NONINCAPACITATING INJURY,9,3,41.9064291205,-87.6715142146,2025,30,POINT (-87.6715142146 41.9064291205),,,,,2025-03-09,False,23,West Town
12747,30,NO CONTROLS,NO CONTROLS,CLEAR,DAYLIGHT,PEDALCYCLIST,DIVIDED - W/MEDIAN (NOT RAISED),STRAIGHT AND LEVEL,DRY,NO DEFECTS,,FOLLOWING TOO CLOSELY,NOT APPLICABLE,,NONINCAPACITATING INJURY,13,3,41.9040527154,-87.6677930887,2025,30,POINT (-87.6677930887 41.9040527154),,,,,2025-03-09,False,23,West Town
12748,25,TRAFFIC SIGNAL,FUNCTIONING PROPERLY,CLEAR,DAYLIGHT,PEDALCYCLIST,NOT DIVIDED,STRAIGHT AND LEVEL,DRY,NO DEFECTS,Y,FAILING TO YIELD RIGHT-OF-WAY,IMPROPER TURNING/NO SIGNAL,,"REPORTED, NOT EVIDENT",14,3,41.8529204122,-87.6319261949,2025,25,POINT (-87.6319261949 41.8529204122),,,,,2025-03-09,False,32,Near South Side
12749,35,NO CONTROLS,NO CONTROLS,CLEAR,DAYLIGHT,PEDALCYCLIST,NOT DIVIDED,STRAIGHT AND LEVEL,DRY,NO DEFECTS,,UNABLE TO DETERMINE,UNABLE TO DETERMINE,,NONINCAPACITATING INJURY,15,3,41.7289783676,-87.5421225923,2025,35,POINT (-87.5421225923 41.7289783676),,,,,2025-03-09,False,45,South Chicago
12750,30,TRAFFIC SIGNAL,FUNCTIONING PROPERLY,CLEAR,DAYLIGHT,PEDALCYCLIST,NOT DIVIDED,STRAIGHT AND LEVEL,DRY,UNKNOWN,Y,DISREGARDING TRAFFIC SIGNALS,FAILING TO YIELD RIGHT-OF-WAY,,INCAPACITATING INJURY,16,3,41.8808056553,-87.6209349918,2025,30,POINT (-87.6209349918 41.8808056553),,,,,2025-03-09,True,31,Loop
12751,25,UNKNOWN,UNKNOWN,CLEAR,DARKNESS,PEDALCYCLIST,PARKING LOT,STRAIGHT AND LEVEL,DRY,UNKNOWN,,UNABLE TO DETERMINE,UNABLE TO DETERMINE,,NO INDICATION OF INJURY,18,3,41.7071915965,-87.618787866,2025,25,POINT (-87.618787866 41.7071915965),,,,,2025-03-09,False,48,Roseland
12752,15,NO CONTROLS,NO CONTROLS,CLEAR,"DARKNESS, LIGHTED ROAD",PEDALCYCLIST,NOT DIVIDED,STRAIGHT AND LEVEL,DRY,NO DEFECTS,,IMPROPER OVERTAKING/PASSING,NOT APPLICABLE,,NO INDICATION OF INJURY,19,3,41.7413051991,-87.7327224325,2025,15,POINT (-87.7327224325 41.7413051991),,,,,2025-03-09,False,69,Ashburn
12753,30,TRAFFIC SIGNAL,FUNCTIONING PROPERLY,CLEAR,DAYLIGHT,PEDALCYCLIST,DIVIDED - W/MEDIAN BARRIER,STRAIGHT AND LEVEL,DRY,NO DEFECTS,Y,FAILING TO REDUCE SPEED TO AVOID CRASH,FAILING TO REDUCE SPEED TO AVOID CRASH,,NONINCAPACITATING INJURY,16,3,41.8346627712,-87.6175352738,2025,30,POINT (-87.6175352738 41.8346627712),,,,,2025-03-10,False,34,Douglas
12754,30,TRAFFIC SIGNAL,FUNCTIONING PROPERLY,CLEAR,DAYLIGHT,PEDALCYCLIST,NOT DIVIDED,STRAIGHT AND LEVEL,DRY,NO DEFECTS,,FAILING TO YIELD RIGHT-OF-WAY,FAILING TO REDUCE SPEED TO AVOID CRASH,,NONINCAPACITATING INJURY,18,3,41.8240312311,-87.609771122,2025,30,POINT (-87.609771122 41.8240312311),,,,,2025-03-10,False,34,Douglas
12755,30,OTHER,OTHER,CLEAR,"DARKNESS, LIGHTED ROAD",PEDALCYCLIST,OTHER,STRAIGHT AND LEVEL,DRY,NO DEFECTS,,NOT APPLICABLE,NOT APPLICABLE,,NONINCAPACITATING INJURY,21,3,41.9839522006,-87.6690061635,2025,30,POINT (-87.6690061635 41.9839522006),,,,,2025-03-10,False,76,Edgewater
12756,30,NO CONTROLS,NO CONTROLS,CLEAR,DAYLIGHT,PEDALCYCLIST,ONE-WAY,STRAIGHT AND LEVEL,DRY,NO DEFECTS,,DISTRACTION - FROM INSIDE VEHICLE,FAILING TO YIELD RIGHT-OF-WAY,Y,"REPORTED, NOT EVIDENT",12,3,41.9004686949,-87.6829524202,2025,30,POINT (-87.6829524202 41.9004686949),,,,,2025-03-11,False,23,West Town
12757,30,NO CONTROLS,NO CONTROLS,CLEAR,DAYLIGHT,PEDALCYCLIST,ONE-WAY,STRAIGHT AND LEVEL,DRY,NO DEFECTS,,DISTRACTION - FROM INSIDE VEHICLE,CELL PHONE USE OTHER THAN TEXTING,Y,NONINCAPACITATING INJURY,8,3,41.9908173507,-87.6583853151,2025,30,POINT (-87.6583853151 41.9908173507),,,,,2025-03-12,False,76,Edgewater
12758,30,NO CONTROLS,NO CONTROLS,CLEAR,DAYLIGHT,PEDALCYCLIST,DIVIDED - W/MEDIAN BARRIER,STRAIGHT AND LEVEL,DRY,NO DEFECTS,,IMPROPER TURNING/NO SIGNAL,FAILING TO YIELD RIGHT-OF-WAY,N,NONINCAPACITATING INJURY,10,3,41.7663481277,-87.5740057375,2025,30,POINT (-87.5740057375 41.7663481277),,,,,2025-03-12,False,41,Woodlawn
12759,30,NO CONTROLS,NO CONTROLS,CLEAR,DAYLIGHT,PEDALCYCLIST,NOT DIVIDED,STRAIGHT AND LEVEL,DRY,NO DEFECTS,,NOT APPLICABLE,NOT APPLICABLE,,NONINCAPACITATING INJURY,17,3,41.8428610764,-87.7007933125,2025,30,POINT (-87.7007933125 41.8428610764),,,,,2025-03-12,False,29,South Lawndale
12760,30,NO CONTROLS,NO CONTROLS,CLEAR,"DARKNESS, LIGHTED ROAD",PEDALCYCLIST,NOT DIVIDED,STRAIGHT AND LEVEL,DRY,NO DEFECTS,,FOLLOWING TOO CLOSELY,NOT APPLICABLE,,"REPORTED, NOT EVIDENT",21,3,41.9592124979,-87.6533564271,2025,30,POINT (-87.6533564271 41.9592124979),,,,,2025-03-12,False,2,Uptown
12761,30,TRAFFIC SIGNAL,FUNCTIONING PROPERLY,CLEAR,DAYLIGHT,PEDALCYCLIST,DIVIDED - W/MEDIAN (NOT RAISED),STRAIGHT AND LEVEL,DRY,UNKNOWN,Y,UNABLE TO DETERMINE,UNABLE TO DETERMINE,,NONINCAPACITATING INJURY,9,3,41.8161130299,-87.645871563,2025,30,POINT (-87.645871563 41.8161130299),,,,,2025-03-13,False,60,New City
12762,30,NO CONTROLS,NO CONTROLS,CLEAR,DAYLIGHT,PEDALCYCLIST,ALLEY,STRAIGHT AND LEVEL,UNKNOWN,UNKNOWN,,UNABLE TO DETERMINE,NOT APPLICABLE,,"REPORTED, NOT EVIDENT",17,3,41.9382557424,-87.7784913363,2025,30,POINT (-87.7784913363 41.9382557424),,,,,2025-03-13,False,16,Dunning