Unnamed: 0,POSTED_SPEED_LIMIT,TRAFFIC_CONTROL_DEVICE,DEVICE_CONDITION,WEATHER_CONDITION,LIGHTING_CONDITION,FIRST_CRASH_TYPE,TRAFFICWAY_TYPE,ALIGNMENT,ROADWAY_SURFACE_COND,ROAD_DEFECT,INTERSECTION_RELATED_I,PRIM_CONTRIBUTORY_CAUSE,SEC_CONTRIBUTORY_CAUSE,DOORING_I,MOST_SEVERE_INJURY,CRASH_HOUR,CRASH_MONTH,LATITUDE,LONGITUDE,CRASH_YEAR,SPEED_LIMIT,geometry,DISPLAYROU,the_geom,DIST,LANE_TYPE,CRASH_DATE,is_severe,index_right,CArea
12763,35,NO CONTROLS,NO CONTROLS,CLEAR,DAYLIGHT,PEDALCYCLIST,NOT DIVIDED,STRAIGHT AND LEVEL,DRY,NO DEFECTS,,UNABLE TO DETERMINE,NOT APPLICABLE,,NO INDICATION OF INJURY,18,3,41.9184797433,-87.6777932597,2025,35,POINT (-87.6777932597 41.9184797433),,,,,2025-03-13,False,6,Lincoln Park
12764,30,TRAFFIC SIGNAL,FUNCTIONING PROPERLY,CLEAR,"DARKNESS, LIGHTED ROAD",PEDALCYCLIST,DIVIDED - W/MEDIAN (NOT RAISED),STRAIGHT AND LEVEL,DRY,NO DEFECTS,Y,UNABLE TO DETERMINE,NOT APPLICABLE,,NONINCAPACITATING INJURY,0,3,41.8791873939,-87.6471325373,2025,30,POINT (-87.6471325373 41.8791873939),,,,,2025-03-14,False,27,Near West Side
12765,30,NO CONTROLS,NO CONTROLS,CLEAR,DAYLIGHT,PEDALCYCLIST,ONE-WAY,STRAIGHT AND LEVEL,DRY,NO DEFECTS,,UNABLE TO DETERMINE,NOT APPLICABLE,,NO INDICATION OF INJURY,8,3,41.9229480644,-87.7118087538,2025,30,POINT (-87.7118087538 41.9229480644),,,,,2025-03-14,False,21,Logan Square
12766,30,STOP SIGN/FLASHER,FUNCTIONING PROPERLY,CLEAR,DAYLIGHT,PEDALCYCLIST,NOT DIVIDED,STRAIGHT AND LEVEL,DRY,NO DEFECTS,Y,UNABLE TO DETERMINE,UNABLE TO DETERMINE,,"REPORTED, NOT EVIDENT",12,3,41.8656724106,-87.7668220762,2025,30,POINT (-87.7668220762 41.8656724106),,,,,2025-03-14,False,24,Austin
12767,30,NO CONTROLS,NO CONTROLS,CLEAR,DAYLIGHT,PEDALCYCLIST,NOT DIVIDED,STRAIGHT AND LEVEL,DRY,UNKNOWN,,UNABLE TO DETERMINE,UNABLE TO DETERMINE,,NONINCAPACITATING INJURY,13,3,41.9391730926,-87.7295234275,2025,30,POINT (-87.7295234275 41.9391730926),,,,,2025-03-14,False,15,Irving Park
12768,30,TRAFFIC SIGNAL,FUNCTIONING PROPERLY,CLEAR,DAYLIGHT,PEDALCYCLIST,TRAFFIC ROUTE,STRAIGHT AND LEVEL,DRY,NO DEFECTS,Y,DISREGARDING TRAFFIC SIGNALS,UNABLE TO DETERMINE,,NONINCAPACITATING INJURY,17,3,41.8744261282,-87.6295400736,2025,30,POINT (-87.6295400736 41.8744261282),,,,,2025-03-14,False,31,Loop
12769,30,NO CONTROLS,NO CONTROLS,CLEAR,DARKNESS,PEDALCYCLIST,DIVIDED - W/MEDIAN (NOT RAISED),STRAIGHT AND LEVEL,DRY,NO DEFECTS,Y,FAILING TO YIELD RIGHT-OF-WAY,UNABLE TO DETERMINE,,NONINCAPACITATING INJURY,19,3,41.8912795719,-87.6487336238,2025,30,POINT (-87.6487336238 41.8912795719),,,,,2025-03-14,False,7,Near North Side
12770,30,TRAFFIC SIGNAL,FUNCTIONING PROPERLY,CLEAR,"DARKNESS, LIGHTED ROAD",PEDALCYCLIST,ONE-WAY,STRAIGHT AND LEVEL,DRY,NO DEFECTS,,UNABLE TO DETERMINE,NOT APPLICABLE,,"REPORTED, NOT EVIDENT",20,3,41.8819900738,-87.6322128759,2025,30,POINT (-87.6322128759 41.8819900738),,,,,2025-03-14,False,31,Loop
12771,30,TRAFFIC SIGNAL,FUNCTIONING PROPERLY,CLEAR,DAYLIGHT,PEDALCYCLIST,NOT DIVIDED,STRAIGHT AND LEVEL,DRY,NO DEFECTS,Y,DRIVING SKILLS/KNOWLEDGE/EXPERIENCE,NOT APPLICABLE,,NONINCAPACITATING INJURY,11,3,41.9176981462,-87.6823719914,2025,30,POINT (-87.6823719914 41.9176981462),,,,,2025-03-15,False,6,Lincoln Park
12772,30,TRAFFIC SIGNAL,FUNCTIONING PROPERLY,UNKNOWN,UNKNOWN,PEDALCYCLIST,FOUR WAY,STRAIGHT AND LEVEL,UNKNOWN,UNKNOWN,,DISREGARDING TRAFFIC SIGNALS,NOT APPLICABLE,,NO INDICATION OF INJURY,14,3,41.8717783327,-87.6257891244,2025,30,POINT (-87.6257891244 41.8717783327),,,,,2025-03-15,False,31,Loop
12773,30,UNKNOWN,UNKNOWN,CLEAR,DAYLIGHT,PEDALCYCLIST,UNKNOWN,STRAIGHT AND LEVEL,UNKNOWN,UNKNOWN,,UNABLE TO DETERMINE,UNABLE TO DETERMINE,N,NO INDICATION OF INJURY,14,3,41.8805650455,-87.6493614182,2025,30,POINT (-87.6493614182 41.8805650455),,,,,2025-03-15,False,27,Near West Side
12774,30,NO CONTROLS,NO CONTROLS,CLOUDY/OVERCAST,DAYLIGHT,PEDALCYCLIST,OTHER,STRAIGHT AND LEVEL,DRY,UNKNOWN,Y,UNABLE TO DETERMINE,UNABLE TO DETERMINE,,NONINCAPACITATING INJURY,15,3,41.8091076159,-87.7122821014,2025,30,POINT (-87.7122821014 41.8091076159),,,,,2025-03-15,False,57,Brighton Park
12775,30,NO CONTROLS,NO CONTROLS,CLOUDY/OVERCAST,DAYLIGHT,PEDALCYCLIST,DIVIDED - W/MEDIAN (NOT RAISED),STRAIGHT AND LEVEL,DRY,NO DEFECTS,,DRIVING SKILLS/KNOWLEDGE/EXPERIENCE,UNABLE TO DETERMINE,,NO INDICATION OF INJURY,15,3,41.9471165371,-87.6554598733,2025,30,POINT (-87.6554598733 41.9471165371),,,,,2025-03-15,False,5,Lake View
12776,30,NO CONTROLS,NO CONTROLS,CLEAR,"DARKNESS, LIGHTED ROAD",PEDALCYCLIST,NOT DIVIDED,STRAIGHT AND LEVEL,DRY,UNKNOWN,,UNABLE TO DETERMINE,UNABLE TO DETERMINE,,NONINCAPACITATING INJURY,19,3,41.9148912549,-87.6485280409,2025,30,POINT (-87.6485280409 41.9148912549),,,,,2025-03-15,False,6,Lincoln Park
12777,30,NO CONTROLS,NO CONTROLS,RAIN,"DARKNESS, LIGHTED ROAD",PEDALCYCLIST,NOT DIVIDED,STRAIGHT AND LEVEL,WET,NO DEFECTS,,UNABLE TO DETERMINE,UNABLE TO DETERMINE,,NONINCAPACITATING INJURY,1,3,41.7885138448,-87.7275015076,2025,30,POINT (-87.7275015076 41.7885138448),,,,,2025-03-16,False,61,West Elsdon
12778,20,STOP SIGN/FLASHER,FUNCTIONING PROPERLY,SNOW,DAYLIGHT,PEDALCYCLIST,FOUR WAY,STRAIGHT AND LEVEL,WET,WORN SURFACE,Y,"VISION OBSCURED (SIGNS, TREE LIMBS, BUILDINGS, ETC.)",FAILING TO REDUCE SPEED TO AVOID CRASH,,NONINCAPACITATING INJURY,13,3,42.0067710316,-87.6679711383,2025,20,POINT (-87.6679711383 42.0067710316),,,,,2025-03-16,False,0,Rogers Park
12779,25,NO CONTROLS,NO CONTROLS,CLEAR,DAYLIGHT,PEDALCYCLIST,NOT DIVIDED,STRAIGHT AND LEVEL,DRY,NO DEFECTS,,UNABLE TO DETERMINE,NOT APPLICABLE,Y,NONINCAPACITATING INJURY,13,3,41.8580923685,-87.6547046414,2025,25,POINT (-87.6547046414 41.8580923685),,,,,2025-03-17,False,27,Near West Side
12780,30,TRAFFIC SIGNAL,NO CONTROLS,CLEAR,DAYLIGHT,PEDALCYCLIST,NOT DIVIDED,STRAIGHT AND LEVEL,DRY,NO DEFECTS,,UNABLE TO DETERMINE,NOT APPLICABLE,,"REPORTED, NOT EVIDENT",8,3,41.8724817469,-87.6276925702,2025,30,POINT (-87.6276925702 41.8724817469),,,,,2025-03-18,False,31,Loop
12781,30,OTHER,FUNCTIONING PROPERLY,CLEAR,DAYLIGHT,PEDALCYCLIST,NOT DIVIDED,STRAIGHT AND LEVEL,DRY,NO DEFECTS,,FAILING TO REDUCE SPEED TO AVOID CRASH,DISTRACTION - FROM INSIDE VEHICLE,,NONINCAPACITATING INJURY,10,3,41.92545974,-87.6551161992,2025,30,POINT (-87.6551161992 41.92545974),,,,,2025-03-18,False,6,Lincoln Park
12782,30,NO CONTROLS,NO CONTROLS,UNKNOWN,UNKNOWN,PEDALCYCLIST,NOT DIVIDED,STRAIGHT AND LEVEL,UNKNOWN,UNKNOWN,,UNABLE TO DETERMINE,NOT APPLICABLE,Y,NONINCAPACITATING INJURY,14,3,41.9318464665,-87.644732737,2025,30,POINT (-87.644732737 41.9318464665),,,,,2025-03-18,False,6,Lincoln Park
12783,30,UNKNOWN,FUNCTIONING PROPERLY,CLEAR,DAYLIGHT,PEDALCYCLIST,DIVIDED - W/MEDIAN (NOT RAISED),STRAIGHT AND LEVEL,DRY,NO DEFECTS,,DISREGARDING ROAD MARKINGS,UNABLE TO DETERMINE,,NONINCAPACITATING INJURY,16,3,41.9094200307,-87.6761950826,2025,30,POINT (-87.6761950826 41.9094200307),,,,,2025-03-18,False,23,West Town
12784,30,TRAFFIC SIGNAL,FUNCTIONING PROPERLY,CLEAR,DAYLIGHT,PEDALCYCLIST,ONE-WAY,STRAIGHT AND LEVEL,DRY,NO DEFECTS,Y,"OPERATING VEHICLE IN ERRATIC, RECKLESS, CARELESS, NEGLIGENT OR AGGRESSIVE MANNER","VISION OBSCURED (SIGNS, TREE LIMBS, BUILDINGS, ETC.)",,NONINCAPACITATING INJURY,17,3,41.8831782218,-87.6337132908,2025,30,POINT (-87.6337132908 41.8831782218),,,,,2025-03-18,False,31,Loop
12785,25,TRAFFIC SIGNAL,UNKNOWN,CLEAR,DAYLIGHT,PEDALCYCLIST,T-INTERSECTION,STRAIGHT AND LEVEL,UNKNOWN,UNKNOWN,,UNABLE TO DETERMINE,UNABLE TO DETERMINE,,NONINCAPACITATING INJURY,17,3,41.9686430444,-87.6984917224,2025,25,POINT (-87.6984917224 41.9686430444),,,,,2025-03-18,False,3,Lincoln Square
12786,25,NO CONTROLS,NO CONTROLS,CLEAR,DAYLIGHT,PEDALCYCLIST,NOT DIVIDED,STRAIGHT AND LEVEL,DRY,NO DEFECTS,N,IMPROPER TURNING/NO SIGNAL,IMPROPER TURNING/NO SIGNAL,,NONINCAPACITATING INJURY,17,3,41.9082871628,-87.6775511216,2025,25,POINT (-87.6775511216 41.9082871628),,,,,2025-03-18,False,23,West Town
12787,30,NO CONTROLS,NO CONTROLS,CLEAR,DAYLIGHT,PEDALCYCLIST,NOT DIVIDED,STRAIGHT AND LEVEL,DRY,NO DEFECTS,,NOT APPLICABLE,NOT APPLICABLE,,NO INDICATION OF INJURY,18,3,41.7897481162,-87.7049900609,2025,30,POINT (-87.7049900609 41.7897481162),,,,,2025-03-18,False,62,Gage Park
12788,30,NO CONTROLS,NO CONTROLS,CLEAR,"DARKNESS, LIGHTED ROAD",PEDALCYCLIST,NOT DIVIDED,STRAIGHT AND LEVEL,DRY,UNKNOWN,,FAILING TO YIELD RIGHT-OF-WAY,UNABLE TO DETERMINE,,NONINCAPACITATING INJURY,20,3,41.9025941894,-87.6650614392,2025,30,POINT (-87.6650614392 41.9025941894),,,,,2025-03-18,False,23,West Town
12789,30,UNKNOWN,UNKNOWN,UNKNOWN,"DARKNESS, LIGHTED ROAD",PEDALCYCLIST,DIVIDED - W/MEDIAN (NOT RAISED),STRAIGHT AND LEVEL,DRY,NO DEFECTS,,UNABLE TO DETERMINE,NOT APPLICABLE,Y,NONINCAPACITATING INJURY,23,3,41.8966533808,-87.6376816581,2025,30,POINT (-87.6376816581 41.8966533808),,,,,2025-03-18,False,7,Near North Side
12790,30,TRAFFIC SIGNAL,FUNCTIONING PROPERLY,CLEAR,DAYLIGHT,PEDALCYCLIST,NOT DIVIDED,STRAIGHT AND LEVEL,WET,NO DEFECTS,,FAILING TO YIELD RIGHT-OF-WAY,NOT APPLICABLE,,NO INDICATION OF INJURY,14,3,41.9393325629,-87.6901461342,2025,30,POINT (-87.6901461342 41.9393325629),,,,,2025-03-19,False,4,North Center
12791,30,NO CONTROLS,NO CONTROLS,RAIN,DAYLIGHT,PEDALCYCLIST,DIVIDED - W/MEDIAN (NOT RAISED),STRAIGHT AND LEVEL,WET,UNKNOWN,,IMPROPER TURNING/NO SIGNAL,NOT APPLICABLE,,NONINCAPACITATING INJURY,14,3,41.8525825917,-87.6224086801,2025,30,POINT (-87.6224086801 41.8525825917),,,,,2025-03-19,False,32,Near South Side
12792,25,UNKNOWN,UNKNOWN,UNKNOWN,UNKNOWN,PEDALCYCLIST,NOT DIVIDED,STRAIGHT AND LEVEL,UNKNOWN,UNKNOWN,,FAILING TO YIELD RIGHT-OF-WAY,FAILING TO REDUCE SPEED TO AVOID CRASH,,NONINCAPACITATING INJURY,16,3,41.8591271373,-87.6958357457,2025,25,POINT (-87.6958357457 41.8591271373),,,,,2025-03-19,False,28,North Lawndale
12793,30,NO CONTROLS,NO CONTROLS,RAIN,DAYLIGHT,PEDALCYCLIST,DIVIDED - W/MEDIAN (NOT RAISED),STRAIGHT AND LEVEL,WET,UNKNOWN,,FAILING TO YIELD RIGHT-OF-WAY,UNABLE TO DETERMINE,,NO INDICATION OF INJURY,17,3,41.9272446147,-87.7022393603,2025,30,POINT (-87.7022393603 41.9272446147),,,,,2025-03-19,False,21,Logan Square
12794,30,TRAFFIC SIGNAL,FUNCTIONING PROPERLY,RAIN,DUSK,PEDALCYCLIST,NOT DIVIDED,STRAIGHT AND LEVEL,WET,NO DEFECTS,Y,FAILING TO YIELD RIGHT-OF-WAY,UNABLE TO DETERMINE,,NONINCAPACITATING INJURY,19,3,41.9655342462,-87.6501671687,2025,30,POINT (-87.6501671687 41.9655342462),,,,,2025-03-19,False,2,Uptown
12795,30,NO CONTROLS,NO CONTROLS,CLEAR,DAYLIGHT,PEDALCYCLIST,NOT DIVIDED,STRAIGHT AND LEVEL,DRY,NO DEFECTS,,FAILING TO YIELD RIGHT-OF-WAY,FAILING TO YIELD RIGHT-OF-WAY,,"REPORTED, NOT EVIDENT",18,3,41.8992782475,-87.6863550665,2025,30,POINT (-87.6863550665 41.8992782475),,,,,2025-03-20,False,23,West Town
12796,30,TRAFFIC SIGNAL,FUNCTIONING PROPERLY,CLEAR,DAYLIGHT,PEDALCYCLIST,FOUR WAY,STRAIGHT AND LEVEL,DRY,NO DEFECTS,Y,FAILING TO YIELD RIGHT-OF-WAY,UNABLE TO DETERMINE,,INCAPACITATING INJURY,18,3,41.876971054,-87.7256891378,2025,30,POINT (-87.7256891378 41.876971054),,,,,2025-03-20,True,25,Garfield Park
12797,30,TRAFFIC SIGNAL,FUNCTIONING PROPERLY,CLEAR,DAYLIGHT,PEDALCYCLIST,FOUR WAY,STRAIGHT AND LEVEL,DRY,NO DEFECTS,Y,UNABLE TO DETERMINE,UNABLE TO DETERMINE,,"REPORTED, NOT EVIDENT",7,3,41.8950501453,-87.6204706143,2025,30,POINT (-87.6204706143 41.8950501453),,,,,2025-03-21,False,7,Near North Side
12798,30,NO CONTROLS,NO CONTROLS,CLEAR,DAYLIGHT,PEDALCYCLIST,NOT DIVIDED,STRAIGHT AND LEVEL,DRY,NO DEFECTS,,FAILING TO YIELD RIGHT-OF-WAY,NOT APPLICABLE,,INCAPACITATING INJURY,10,3,41.9098201468,-87.7393404564,2025,30,POINT (-87.7393404564 41.9098201468),,,,,2025-03-21,True,22,Humboldt Park
12799,25,NO CONTROLS,NO CONTROLS,CLEAR,DAYLIGHT,PEDALCYCLIST,NOT DIVIDED,STRAIGHT AND LEVEL,DRY,NO DEFECTS,,NOT APPLICABLE,NOT APPLICABLE,,"REPORTED, NOT EVIDENT",13,3,41.9308998968,-87.648803203,2025,25,POINT (-87.648803203 41.9308998968),,,,,2025-03-21,False,6,Lincoln Park
12800,30,NO CONTROLS,NO CONTROLS,CLEAR,DAYLIGHT,PEDALCYCLIST,DIVIDED - W/MEDIAN (NOT RAISED),STRAIGHT AND LEVEL,DRY,UNKNOWN,,UNABLE TO DETERMINE,NOT APPLICABLE,,NO INDICATION OF INJURY,15,3,41.8577499735,-87.6623137865,2025,30,POINT (-87.6623137865 41.8577499735),,,,,2025-03-21,False,27,Near West Side
12801,30,NO CONTROLS,NO CONTROLS,CLOUDY/OVERCAST,DAYLIGHT,PEDALCYCLIST,NOT DIVIDED,STRAIGHT AND LEVEL,DRY,UNKNOWN,,DISREGARDING ROAD MARKINGS,NOT APPLICABLE,,"REPORTED, NOT EVIDENT",19,3,41.9107360318,-87.6345506915,2025,30,POINT (-87.6345506915 41.9107360318),,,,,2025-03-21,False,7,Near North Side
12802,30,TRAFFIC SIGNAL,FUNCTIONING PROPERLY,CLEAR,DAYLIGHT,PEDALCYCLIST,FOUR WAY,STRAIGHT AND LEVEL,DRY,NO DEFECTS,Y,DISREGARDING TRAFFIC SIGNALS,NOT APPLICABLE,,NO INDICATION OF INJURY,10,3,41.8832891514,-87.6245493964,2025,30,POINT (-87.6245493964 41.8832891514),,,,,2025-03-22,False,31,Loop
12803,30,NO CONTROLS,NO CONTROLS,CLEAR,DAYLIGHT,PEDALCYCLIST,NOT DIVIDED,STRAIGHT AND LEVEL,DRY,NO DEFECTS,,NOT APPLICABLE,NOT APPLICABLE,,"REPORTED, NOT EVIDENT",10,3,41.9749264856,-87.6681279548,2025,30,POINT (-87.6681279548 41.9749264856),,,,,2025-03-22,False,2,Uptown
12804,30,TRAFFIC SIGNAL,FUNCTIONING PROPERLY,CLEAR,DAYLIGHT,PEDALCYCLIST,TRAFFIC ROUTE,STRAIGHT AND LEVEL,DRY,NO DEFECTS,Y,UNABLE TO DETERMINE,NOT APPLICABLE,,NO INDICATION OF INJURY,12,3,41.9171146749,-87.7216012653,2025,30,POINT (-87.7216012653 41.9171146749),,,,,2025-03-22,False,21,Logan Square
12805,30,UNKNOWN,UNKNOWN,CLEAR,DAYLIGHT,PEDALCYCLIST,DIVIDED - W/MEDIAN BARRIER,STRAIGHT AND LEVEL,DRY,NO DEFECTS,,IMPROPER TURNING/NO SIGNAL,IMPROPER TURNING/NO SIGNAL,,NO INDICATION OF INJURY,17,3,41.9394173818,-87.7099251165,2025,30,POINT (-87.7099251165 41.9394173818),,,,,2025-03-22,False,15,Irving Park
12806,30,TRAFFIC SIGNAL,FUNCTIONING PROPERLY,CLEAR,DAYLIGHT,PEDALCYCLIST,FOUR WAY,STRAIGHT AND LEVEL,DRY,UNKNOWN,Y,FAILING TO YIELD RIGHT-OF-WAY,FOLLOWING TOO CLOSELY,,NONINCAPACITATING INJURY,18,3,41.9691335605,-87.6597433643,2025,30,POINT (-87.6597433643 41.9691335605),,,,,2025-03-22,False,2,Uptown
12807,30,NO CONTROLS,NO CONTROLS,CLEAR,DARKNESS,PEDALCYCLIST,NOT DIVIDED,STRAIGHT AND LEVEL,DRY,NO DEFECTS,,UNABLE TO DETERMINE,NOT APPLICABLE,,NO INDICATION OF INJURY,0,3,41.9140261797,-87.6935750522,2025,30,POINT (-87.6935750522 41.9140261797),,,,,2025-03-23,False,21,Logan Square
12808,30,TRAFFIC SIGNAL,FUNCTIONING PROPERLY,CLEAR,DAYLIGHT,PEDALCYCLIST,NOT DIVIDED,STRAIGHT AND LEVEL,DRY,UNKNOWN,Y,IMPROPER TURNING/NO SIGNAL,NOT APPLICABLE,,NONINCAPACITATING INJURY,11,3,41.8998946394,-87.6284354125,2025,30,POINT (-87.6284354125 41.8998946394),,,,,2025-03-23,False,7,Near North Side
12809,30,STOP SIGN/FLASHER,FUNCTIONING PROPERLY,RAIN,DAYLIGHT,PEDALCYCLIST,NOT DIVIDED,STRAIGHT AND LEVEL,WET,NO DEFECTS,Y,DRIVING ON WRONG SIDE/WRONG WAY,FAILING TO YIELD RIGHT-OF-WAY,,"REPORTED, NOT EVIDENT",16,3,41.801100997,-87.5905443008,2025,30,POINT (-87.5905443008 41.801100997),,,,,2025-03-23,False,40,Hyde Park
12810,30,NO CONTROLS,NO CONTROLS,RAIN,DUSK,PEDALCYCLIST,ONE-WAY,STRAIGHT AND LEVEL,UNKNOWN,UNKNOWN,,IMPROPER LANE USAGE,NOT APPLICABLE,Y,NO INDICATION OF INJURY,18,3,41.8925872896,-87.6275959312,2025,30,POINT (-87.6275959312 41.8925872896),,,,,2025-03-23,False,7,Near North Side
12811,30,TRAFFIC SIGNAL,OTHER,CLEAR,DAYLIGHT,PEDALCYCLIST,FOUR WAY,STRAIGHT AND LEVEL,DRY,NO DEFECTS,Y,FAILING TO YIELD RIGHT-OF-WAY,DISREGARDING OTHER TRAFFIC SIGNS,,NO INDICATION OF INJURY,7,3,41.8781381812,-87.6370649952,2025,30,POINT (-87.6370649952 41.8781381812),,,,,2025-03-24,False,27,Near West Side
12812,30,TRAFFIC SIGNAL,FUNCTIONING PROPERLY,CLEAR,DAYLIGHT,PEDALCYCLIST,FOUR WAY,STRAIGHT AND LEVEL,DRY,NO DEFECTS,,UNABLE TO DETERMINE,UNABLE TO DETERMINE,,NONINCAPACITATING INJURY,12,3,41.9171539491,-87.73639149,2025,30,POINT (-87.73639149 41.9171539491),,,,,2025-03-24,False,19,Hermosa
12813,30,NO CONTROLS,NO CONTROLS,RAIN,DAYLIGHT,PEDALCYCLIST,NOT DIVIDED,STRAIGHT AND LEVEL,DRY,NO DEFECTS,,FOLLOWING TOO CLOSELY,UNABLE TO DETERMINE,,NO INDICATION OF INJURY,13,3,41.9177194889,-87.6970592591,2025,30,POINT (-87.6970592591 41.9177194889),,,,,2025-03-24,False,21,Logan Square
12814,30,NO CONTROLS,NO CONTROLS,CLEAR,DAYLIGHT,PEDALCYCLIST,NOT DIVIDED,STRAIGHT AND LEVEL,DRY,NO DEFECTS,,NOT APPLICABLE,FAILING TO YIELD RIGHT-OF-WAY,,NO INDICATION OF INJURY,15,3,41.763656644,-87.718849633,2025,30,POINT (-87.718849633 41.763656644),,,,,2025-03-24,False,64,West Lawn
12815,35,TRAFFIC SIGNAL,FUNCTIONING PROPERLY,CLEAR,DAYLIGHT,PEDALCYCLIST,FOUR WAY,STRAIGHT AND LEVEL,DRY,NO DEFECTS,Y,UNABLE TO DETERMINE,UNABLE TO DETERMINE,,NO INDICATION OF INJURY,17,3,41.7569668999,-87.5762476242,2025,35,POINT (-87.5762476242 41.7569668999),,,,,2025-03-24,False,42,South Shore
12816,10,NO CONTROLS,NO CONTROLS,CLEAR,DAYLIGHT,PEDALCYCLIST,T-INTERSECTION,STRAIGHT AND LEVEL,DRY,NO DEFECTS,,FAILING TO YIELD RIGHT-OF-WAY,FAILING TO YIELD RIGHT-OF-WAY,,NONINCAPACITATING INJURY,18,3,41.884529736,-87.625386961,2025,10,POINT (-87.625386961 41.884529736),,,,,2025-03-24,False,31,Loop
12817,40,TRAFFIC SIGNAL,FUNCTIONING PROPERLY,CLEAR,"DARKNESS, LIGHTED ROAD",PEDALCYCLIST,DIVIDED - W/MEDIAN BARRIER,STRAIGHT AND LEVEL,DRY,NO DEFECTS,,NOT APPLICABLE,NOT APPLICABLE,,"REPORTED, NOT EVIDENT",23,3,41.8808560477,-87.6176358918,2025,40,POINT (-87.6176358918 41.8808560477),,,,,2025-03-24,False,31,Loop
12818,30,TRAFFIC SIGNAL,FUNCTIONING PROPERLY,CLEAR,DAYLIGHT,PEDALCYCLIST,FOUR WAY,STRAIGHT AND LEVEL,DRY,NO DEFECTS,Y,FAILING TO YIELD RIGHT-OF-WAY,DRIVING SKILLS/KNOWLEDGE/EXPERIENCE,,"REPORTED, NOT EVIDENT",8,3,41.9615254801,-87.6659002997,2025,30,POINT (-87.6659002997 41.9615254801),,,,,2025-03-25,False,2,Uptown
12819,30,TRAFFIC SIGNAL,FUNCTIONING PROPERLY,CLEAR,DAYLIGHT,PEDALCYCLIST,FOUR WAY,STRAIGHT AND LEVEL,DRY,UNKNOWN,,UNABLE TO DETERMINE,UNABLE TO DETERMINE,,NONINCAPACITATING INJURY,15,3,41.8808000879,-87.7286123901,2025,30,POINT (-87.7286123901 41.8808000879),,,,,2025-03-25,False,25,Garfield Park
12820,30,TRAFFIC SIGNAL,FUNCTIONING PROPERLY,CLEAR,DAYLIGHT,PEDALCYCLIST,FOUR WAY,STRAIGHT AND LEVEL,DRY,NO DEFECTS,Y,FAILING TO YIELD RIGHT-OF-WAY,NOT APPLICABLE,,"REPORTED, NOT EVIDENT",16,3,41.8770392438,-87.7256913586,2025,30,POINT (-87.7256913586 41.8770392438),,,,,2025-03-25,False,25,Garfield Park
12821,30,UNKNOWN,UNKNOWN,UNKNOWN,UNKNOWN,PEDALCYCLIST,FOUR WAY,STRAIGHT AND LEVEL,UNKNOWN,UNKNOWN,Y,IMPROPER TURNING/NO SIGNAL,DRIVING SKILLS/KNOWLEDGE/EXPERIENCE,,NO INDICATION OF INJURY,6,3,41.8891180784,-87.6299233028,2025,30,POINT (-87.6299233028 41.8891180784),,,,,2025-03-26,False,7,Near North Side
12822,30,TRAFFIC SIGNAL,FUNCTIONING PROPERLY,CLEAR,DAYLIGHT,PEDALCYCLIST,FOUR WAY,STRAIGHT AND LEVEL,DRY,NO DEFECTS,Y,FAILING TO YIELD RIGHT-OF-WAY,DISREGARDING TRAFFIC SIGNALS,,INCAPACITATING INJURY,13,3,41.6758965588,-87.6419907812,2025,30,POINT (-87.6419907812 41.6758965588),,,,,2025-03-26,True,52,West Pullman
12823,30,NO CONTROLS,NO CONTROLS,CLEAR,DAYLIGHT,PEDALCYCLIST,DIVIDED - W/MEDIAN (NOT RAISED),STRAIGHT AND LEVEL,DRY,UNKNOWN,,NOT APPLICABLE,NOT APPLICABLE,Y,NONINCAPACITATING INJURY,13,3,41.9091269881,-87.6752852022,2025,30,POINT (-87.6752852022 41.9091269881),,,,,2025-03-26,False,23,West Town
12824,30,NO CONTROLS,NO CONTROLS,CLEAR,"DARKNESS, LIGHTED ROAD",PEDALCYCLIST,ONE-WAY,STRAIGHT AND LEVEL,DRY,NO DEFECTS,,DRIVING SKILLS/KNOWLEDGE/EXPERIENCE,NOT APPLICABLE,,NONINCAPACITATING INJURY,21,3,41.779752943,-87.6521361643,2025,30,POINT (-87.6521361643 41.779752943),,,,,2025-03-26,False,67,Englewood
12825,25,STOP SIGN/FLASHER,NO CONTROLS,CLEAR,DUSK,PEDALCYCLIST,NOT DIVIDED,STRAIGHT AND LEVEL,DRY,NO DEFECTS,,FAILING TO REDUCE SPEED TO AVOID CRASH,UNABLE TO DETERMINE,,NONINCAPACITATING INJURY,21,3,41.989973546,-87.6567396111,2025,25,POINT (-87.6567396111 41.989973546),,,,,2025-03-26,False,76,Edgewater
12826,30,STOP SIGN/FLASHER,FUNCTIONING PROPERLY,CLEAR,"DARKNESS, LIGHTED ROAD",PEDALCYCLIST,FOUR WAY,STRAIGHT AND LEVEL,DRY,NO DEFECTS,,DISTRACTION - FROM INSIDE VEHICLE,UNABLE TO DETERMINE,Y,NO INDICATION OF INJURY,21,3,41.9416854066,-87.6494167529,2025,30,POINT (-87.6494167529 41.9416854066),,,,,2025-03-27,False,5,Lake View
12827,30,NO CONTROLS,NO CONTROLS,CLEAR,DAYLIGHT,PEDALCYCLIST,NOT DIVIDED,STRAIGHT AND LEVEL,DRY,UNKNOWN,Y,UNABLE TO DETERMINE,UNABLE TO DETERMINE,,NONINCAPACITATING INJURY,14,3,41.8499396802,-87.6401736261,2025,30,POINT (-87.6401736261 41.8499396802),,,,,2025-03-28,False,30,Lower West Side