Unnamed: 0,POSTED_SPEED_LIMIT,TRAFFIC_CONTROL_DEVICE,DEVICE_CONDITION,WEATHER_CONDITION,LIGHTING_CONDITION,FIRST_CRASH_TYPE,TRAFFICWAY_TYPE,ALIGNMENT,ROADWAY_SURFACE_COND,ROAD_DEFECT,INTERSECTION_RELATED_I,PRIM_CONTRIBUTORY_CAUSE,SEC_CONTRIBUTORY_CAUSE,DOORING_I,MOST_SEVERE_INJURY,CRASH_HOUR,CRASH_MONTH,LATITUDE,LONGITUDE,CRASH_YEAR,SPEED_LIMIT,geometry,DISPLAYROU,the_geom,DIST,LANE_TYPE,CRASH_DATE,is_severe,index_right,CArea
12828,30,NO CONTROLS,NO CONTROLS,CLEAR,DAYLIGHT,PEDALCYCLIST,NOT DIVIDED,STRAIGHT AND LEVEL,DRY,NO DEFECTS,Y,FAILING TO YIELD RIGHT-OF-WAY,FAILING TO YIELD RIGHT-OF-WAY,,"REPORTED, NOT EVIDENT",16,3,41.8692679714,-87.6592391473,2025,30,POINT (-87.6592391473 41.8692679714),,,,,2025-03-28,False,27,Near West Side
12829,25,UNKNOWN,UNKNOWN,CLEAR,DAYLIGHT,PEDALCYCLIST,NOT DIVIDED,STRAIGHT AND LEVEL,DRY,NO DEFECTS,,UNABLE TO DETERMINE,UNABLE TO DETERMINE,,NONINCAPACITATING INJURY,16,3,41.8806764652,-87.6412295826,2025,25,POINT (-87.6412295826 41.8806764652),,,,,2025-03-28,False,27,Near West Side
12830,25,STOP SIGN/FLASHER,FUNCTIONING PROPERLY,CLEAR,DAYLIGHT,PEDALCYCLIST,ONE-WAY,STRAIGHT AND LEVEL,DRY,NO DEFECTS,,"VISION OBSCURED (SIGNS, TREE LIMBS, BUILDINGS, ETC.)",UNABLE TO DETERMINE,,NO INDICATION OF INJURY,17,3,41.9536316354,-87.7369496748,2025,25,POINT (-87.7369496748 41.9536316354),,,,,2025-03-28,False,15,Irving Park
12831,30,NO CONTROLS,NO CONTROLS,CLEAR,DAYLIGHT,PEDALCYCLIST,NOT DIVIDED,STRAIGHT AND LEVEL,DRY,NO DEFECTS,,UNABLE TO DETERMINE,UNABLE TO DETERMINE,,NO INDICATION OF INJURY,17,3,41.9168252668,-87.6653247479,2025,30,POINT (-87.6653247479 41.9168252668),,,,,2025-03-28,False,6,Lincoln Park
12832,30,TRAFFIC SIGNAL,FUNCTIONING PROPERLY,CLEAR,DAYLIGHT,PEDALCYCLIST,DIVIDED - W/MEDIAN (NOT RAISED),STRAIGHT AND LEVEL,DRY,UNKNOWN,,FAILING TO YIELD RIGHT-OF-WAY,FAILING TO YIELD RIGHT-OF-WAY,,NO INDICATION OF INJURY,17,3,41.8890667845,-87.6332174466,2025,30,POINT (-87.6332174466 41.8890667845),,,,,2025-03-28,False,7,Near North Side
12833,30,TRAFFIC SIGNAL,FUNCTIONING PROPERLY,CLEAR,DAYLIGHT,PEDALCYCLIST,ONE-WAY,STRAIGHT AND LEVEL,DRY,NO DEFECTS,,FAILING TO YIELD RIGHT-OF-WAY,NOT APPLICABLE,,NO INDICATION OF INJURY,18,3,41.8916012848,-87.6297967052,2025,30,POINT (-87.6297967052 41.8916012848),,,,,2025-03-28,False,7,Near North Side
12834,30,NO CONTROLS,NO CONTROLS,CLEAR,DAYLIGHT,PEDALCYCLIST,NOT DIVIDED,STRAIGHT AND LEVEL,DRY,NO DEFECTS,,UNABLE TO DETERMINE,NOT APPLICABLE,Y,"REPORTED, NOT EVIDENT",18,3,41.9186673242,-87.6483814248,2025,30,POINT (-87.6483814248 41.9186673242),,,,,2025-03-28,False,6,Lincoln Park
12835,30,NO CONTROLS,NO CONTROLS,CLEAR,"DARKNESS, LIGHTED ROAD",PEDALCYCLIST,OTHER,STRAIGHT AND LEVEL,DRY,NO DEFECTS,,NOT APPLICABLE,NOT APPLICABLE,,NO INDICATION OF INJURY,20,3,41.9532740863,-87.7687587968,2025,30,POINT (-87.7687587968 41.9532740863),,,,,2025-03-28,False,14,Portage Park
12836,30,STOP SIGN/FLASHER,FUNCTIONING PROPERLY,CLEAR,DAYLIGHT,PEDALCYCLIST,NOT DIVIDED,STRAIGHT AND LEVEL,DRY,NO DEFECTS,Y,FAILING TO YIELD RIGHT-OF-WAY,UNABLE TO DETERMINE,,NONINCAPACITATING INJURY,12,3,41.9114601927,-87.6775361811,2025,30,POINT (-87.6775361811 41.9114601927),,,,,2025-03-29,False,6,Lincoln Park
12837,15,NO CONTROLS,NO CONTROLS,CLEAR,DAYLIGHT,PEDALCYCLIST,UNKNOWN INTERSECTION TYPE,STRAIGHT AND LEVEL,DRY,NO DEFECTS,,IMPROPER LANE USAGE,IMPROPER BACKING,,NO INDICATION OF INJURY,16,3,41.9488655712,-87.6430342452,2025,15,POINT (-87.6430342452 41.9488655712),,,,,2025-03-29,False,5,Lake View
12838,30,UNKNOWN,UNKNOWN,CLEAR,DARKNESS,PEDALCYCLIST,NOT DIVIDED,STRAIGHT AND LEVEL,DRY,NO DEFECTS,,IMPROPER LANE USAGE,UNABLE TO DETERMINE,,"REPORTED, NOT EVIDENT",21,3,41.9347136169,-87.649229304,2025,30,POINT (-87.649229304 41.9347136169),,,,,2025-03-29,False,5,Lake View
12839,30,NO CONTROLS,NO CONTROLS,CLEAR,DAYLIGHT,PEDALCYCLIST,DIVIDED - W/MEDIAN BARRIER,STRAIGHT AND LEVEL,DRY,NO DEFECTS,,UNABLE TO DETERMINE,NOT APPLICABLE,,INCAPACITATING INJURY,12,3,41.9102731383,-87.703321987,2025,30,POINT (-87.703321987 41.9102731383),,,,,2025-03-30,True,22,Humboldt Park
12840,25,UNKNOWN,UNKNOWN,RAIN,DAYLIGHT,PEDALCYCLIST,NOT DIVIDED,STRAIGHT AND LEVEL,WET,UNKNOWN,,FOLLOWING TOO CLOSELY,UNABLE TO DETERMINE,N,"REPORTED, NOT EVIDENT",14,3,41.9242980265,-87.63984507,2025,25,POINT (-87.63984507 41.9242980265),,,,,2025-03-30,False,6,Lincoln Park
12841,30,NO CONTROLS,NO CONTROLS,CLOUDY/OVERCAST,DAYLIGHT,PEDALCYCLIST,NOT DIVIDED,STRAIGHT AND LEVEL,DRY,NO DEFECTS,,FAILING TO YIELD RIGHT-OF-WAY,NOT APPLICABLE,Y,INCAPACITATING INJURY,8,3,41.8858050075,-87.6443782111,2025,30,POINT (-87.6443782111 41.8858050075),,,,,2025-03-31,True,27,Near West Side
12842,30,UNKNOWN,UNKNOWN,CLEAR,DAYLIGHT,PEDALCYCLIST,NOT DIVIDED,STRAIGHT AND LEVEL,UNKNOWN,UNKNOWN,,UNABLE TO DETERMINE,UNABLE TO DETERMINE,,NO INDICATION OF INJURY,10,3,41.9687002966,-87.6751090975,2025,30,POINT (-87.6751090975 41.9687002966),,,,,2025-03-31,False,3,Lincoln Square
12843,30,TRAFFIC SIGNAL,FUNCTIONING PROPERLY,CLEAR,DAYLIGHT,PEDALCYCLIST,NOT DIVIDED,STRAIGHT AND LEVEL,DRY,NO DEFECTS,Y,FAILING TO YIELD RIGHT-OF-WAY,NOT APPLICABLE,,NO INDICATION OF INJURY,11,3,41.8779147522,-87.6473882814,2025,30,POINT (-87.6473882814 41.8779147522),,,,,2025-03-31,False,27,Near West Side
12844,30,TRAFFIC SIGNAL,FUNCTIONING PROPERLY,CLOUDY/OVERCAST,DAYLIGHT,PEDALCYCLIST,DIVIDED - W/MEDIAN (NOT RAISED),STRAIGHT AND LEVEL,DRY,NO DEFECTS,Y,DISREGARDING TRAFFIC SIGNALS,DRIVING SKILLS/KNOWLEDGE/EXPERIENCE,,INCAPACITATING INJURY,12,3,41.8698052221,-87.6437763018,2025,30,POINT (-87.6437763018 41.8698052221),,,,,2025-03-31,True,27,Near West Side
12845,30,TRAFFIC SIGNAL,FUNCTIONING PROPERLY,CLEAR,DAYLIGHT,PEDALCYCLIST,FOUR WAY,STRAIGHT AND LEVEL,DRY,NO DEFECTS,Y,FAILING TO YIELD RIGHT-OF-WAY,UNABLE TO DETERMINE,,NONINCAPACITATING INJURY,16,3,41.9314241778,-87.7465287738,2025,30,POINT (-87.7465287738 41.9314241778),,,,,2025-03-31,False,18,Belmont Cragin
12846,30,STOP SIGN/FLASHER,FUNCTIONING PROPERLY,CLEAR,DAYLIGHT,PEDALCYCLIST,ONE-WAY,STRAIGHT AND LEVEL,DRY,UNKNOWN,Y,DISREGARDING STOP SIGN,DISREGARDING STOP SIGN,,NONINCAPACITATING INJURY,18,3,41.9242913804,-87.7351900993,2025,30,POINT (-87.7351900993 41.9242913804),,,,,2025-03-31,False,19,Hermosa
12847,30,NO CONTROLS,NO CONTROLS,CLEAR,"DARKNESS, LIGHTED ROAD",PEDALCYCLIST,DIVIDED - W/MEDIAN (NOT RAISED),STRAIGHT AND LEVEL,DRY,NO DEFECTS,,UNABLE TO DETERMINE,UNABLE TO DETERMINE,N,INCAPACITATING INJURY,21,3,41.9315058267,-87.6539672305,2025,30,POINT (-87.6539672305 41.9315058267),,,,,2025-03-31,True,6,Lincoln Park
12848,30,TRAFFIC SIGNAL,UNKNOWN,UNKNOWN,"DARKNESS, LIGHTED ROAD",PEDALCYCLIST,ONE-WAY,STRAIGHT AND LEVEL,UNKNOWN,UNKNOWN,Y,UNABLE TO DETERMINE,NOT APPLICABLE,,NONINCAPACITATING INJURY,0,4,41.7943629903,-87.6163590289,2025,30,POINT (-87.6163590289 41.7943629903),,,,,2025-04-01,False,39,Washington Park
12849,30,STOP SIGN/FLASHER,NO CONTROLS,CLEAR,"DARKNESS, LIGHTED ROAD",PEDALCYCLIST,NOT DIVIDED,STRAIGHT AND LEVEL,DRY,NO DEFECTS,,UNABLE TO DETERMINE,NOT APPLICABLE,,"REPORTED, NOT EVIDENT",5,4,41.7857616077,-87.7316657263,2025,30,POINT (-87.7316657263 41.7857616077),,,,,2025-04-01,False,64,West Lawn
12850,30,NO CONTROLS,NO CONTROLS,CLEAR,DAYLIGHT,PEDALCYCLIST,DIVIDED - W/MEDIAN BARRIER,STRAIGHT AND LEVEL,DRY,NO DEFECTS,,IMPROPER LANE USAGE,IMPROPER TURNING/NO SIGNAL,,"REPORTED, NOT EVIDENT",11,4,41.9654338608,-87.6886595834,2025,30,POINT (-87.6886595834 41.9654338608),,,,,2025-04-01,False,3,Lincoln Square
12851,30,NO CONTROLS,NO CONTROLS,CLEAR,DAYLIGHT,PEDALCYCLIST,DIVIDED - W/MEDIAN (NOT RAISED),STRAIGHT AND LEVEL,DRY,NO DEFECTS,N,FAILING TO REDUCE SPEED TO AVOID CRASH,NOT APPLICABLE,,NO INDICATION OF INJURY,18,4,41.9301146821,-87.684596358,2025,30,POINT (-87.684596358 41.9301146821),,,,,2025-04-01,False,21,Logan Square
12852,30,STOP SIGN/FLASHER,FUNCTIONING PROPERLY,CLEAR,"DARKNESS, LIGHTED ROAD",PEDALCYCLIST,NOT DIVIDED,STRAIGHT AND LEVEL,UNKNOWN,NO DEFECTS,Y,UNABLE TO DETERMINE,NOT APPLICABLE,,NONINCAPACITATING INJURY,21,4,41.786253555,-87.6973978421,2025,30,POINT (-87.6973978421 41.786253555),,,,,2025-04-02,False,62,Gage Park
12853,30,NO CONTROLS,NO CONTROLS,CLEAR,DAYLIGHT,PEDALCYCLIST,ONE-WAY,STRAIGHT AND LEVEL,DRY,NO DEFECTS,,FAILING TO YIELD RIGHT-OF-WAY,FAILING TO YIELD RIGHT-OF-WAY,,"REPORTED, NOT EVIDENT",7,4,41.8831000298,-87.6343782452,2025,30,POINT (-87.6343782452 41.8831000298),,,,,2025-04-03,False,31,Loop
12854,30,NO CONTROLS,NO CONTROLS,CLEAR,"DARKNESS, LIGHTED ROAD",PEDALCYCLIST,NOT DIVIDED,STRAIGHT AND LEVEL,DRY,NO DEFECTS,,FAILING TO YIELD RIGHT-OF-WAY,NOT APPLICABLE,,NONINCAPACITATING INJURY,10,4,41.9393413877,-87.7161284025,2025,30,POINT (-87.7161284025 41.9393413877),,,,,2025-04-03,False,15,Irving Park
12855,30,TRAFFIC SIGNAL,FUNCTIONING PROPERLY,CLEAR,DAYLIGHT,PEDALCYCLIST,DIVIDED - W/MEDIAN (NOT RAISED),STRAIGHT AND LEVEL,DRY,NO DEFECTS,Y,FAILING TO YIELD RIGHT-OF-WAY,UNABLE TO DETERMINE,,NONINCAPACITATING INJURY,10,4,41.952767097,-87.6498014362,2025,30,POINT (-87.6498014362 41.952767097),,,,,2025-04-03,False,5,Lake View
12856,30,STOP SIGN/FLASHER,FUNCTIONING PROPERLY,CLEAR,DARKNESS,PEDALCYCLIST,FOUR WAY,STRAIGHT AND LEVEL,DRY,UNKNOWN,Y,UNABLE TO DETERMINE,NOT APPLICABLE,,NONINCAPACITATING INJURY,22,4,41.9084852955,-87.6971623005,2025,30,POINT (-87.6971623005 41.9084852955),,,,,2025-04-03,False,22,Humboldt Park
12857,30,TRAFFIC SIGNAL,FUNCTIONING PROPERLY,UNKNOWN,DAYLIGHT,PEDALCYCLIST,FOUR WAY,STRAIGHT AND LEVEL,UNKNOWN,UNKNOWN,Y,FAILING TO YIELD RIGHT-OF-WAY,FAILING TO REDUCE SPEED TO AVOID CRASH,,"REPORTED, NOT EVIDENT",7,4,41.8908529763,-87.637123251,2025,30,POINT (-87.637123251 41.8908529763),,,,,2025-04-04,False,7,Near North Side
12858,30,UNKNOWN,UNKNOWN,CLEAR,DAYLIGHT,PEDALCYCLIST,DIVIDED - W/MEDIAN (NOT RAISED),STRAIGHT AND LEVEL,DRY,UNKNOWN,,FAILING TO YIELD RIGHT-OF-WAY,FAILING TO YIELD RIGHT-OF-WAY,,NONINCAPACITATING INJURY,8,4,41.9234672086,-87.6980326181,2025,30,POINT (-87.6980326181 41.9234672086),,,,,2025-04-04,False,21,Logan Square
12859,30,NO CONTROLS,NO CONTROLS,CLEAR,DAYLIGHT,PEDALCYCLIST,NOT DIVIDED,STRAIGHT AND LEVEL,DRY,UNKNOWN,,FAILING TO YIELD RIGHT-OF-WAY,IMPROPER TURNING/NO SIGNAL,,NONINCAPACITATING INJURY,13,4,41.9199014775,-87.7757294406,2025,30,POINT (-87.7757294406 41.9199014775),,,,,2025-04-04,False,18,Belmont Cragin
12860,30,UNKNOWN,UNKNOWN,CLEAR,DAYLIGHT,PEDALCYCLIST,DIVIDED - W/MEDIAN (NOT RAISED),STRAIGHT AND LEVEL,DRY,UNKNOWN,,UNABLE TO DETERMINE,UNABLE TO DETERMINE,,"REPORTED, NOT EVIDENT",13,4,41.7642839254,-87.7024951051,2025,30,POINT (-87.7024951051 41.7642839254),,,,,2025-04-04,False,65,Chicago Lawn
12861,30,NO CONTROLS,NO CONTROLS,CLEAR,DAYLIGHT,PEDALCYCLIST,NOT DIVIDED,STRAIGHT AND LEVEL,DRY,NO DEFECTS,,FAILING TO YIELD RIGHT-OF-WAY,FAILING TO YIELD RIGHT-OF-WAY,,NONINCAPACITATING INJURY,16,4,41.8535596886,-87.7054525939,2025,30,POINT (-87.7054525939 41.8535596886),,,,,2025-04-04,False,28,North Lawndale
12862,30,TRAFFIC SIGNAL,FUNCTIONING PROPERLY,FREEZING RAIN/DRIZZLE,DAYLIGHT,PEDALCYCLIST,NOT DIVIDED,STRAIGHT AND LEVEL,WET,NO DEFECTS,,IMPROPER TURNING/NO SIGNAL,NOT APPLICABLE,,NONINCAPACITATING INJURY,16,4,41.7783353905,-87.7424364942,2025,30,POINT (-87.7424364942 41.7783353905),,,,,2025-04-04,False,63,Clearing
12863,30,NO CONTROLS,NO CONTROLS,RAIN,DAYLIGHT,PEDALCYCLIST,PARKING LOT,STRAIGHT AND LEVEL,WET,NO DEFECTS,,UNABLE TO DETERMINE,NOT APPLICABLE,,"REPORTED, NOT EVIDENT",16,4,41.7719327312,-87.6932696417,2025,30,POINT (-87.6932696417 41.7719327312),,,,,2025-04-04,False,65,Chicago Lawn
12864,25,UNKNOWN,UNKNOWN,CLEAR,DUSK,PEDALCYCLIST,NOT DIVIDED,STRAIGHT AND LEVEL,DRY,UNKNOWN,,FAILING TO YIELD RIGHT-OF-WAY,UNABLE TO DETERMINE,Y,NONINCAPACITATING INJURY,18,4,41.967883858,-87.67901387,2025,25,POINT (-87.67901387 41.967883858),,,,,2025-04-04,False,3,Lincoln Square
12865,30,UNKNOWN,UNKNOWN,UNKNOWN,UNKNOWN,PEDALCYCLIST,FOUR WAY,STRAIGHT AND LEVEL,UNKNOWN,UNKNOWN,Y,UNABLE TO DETERMINE,NOT APPLICABLE,,NO INDICATION OF INJURY,21,4,41.9744673671,-87.6683741704,2025,30,POINT (-87.6683741704 41.9744673671),,,,,2025-04-04,False,2,Uptown
12866,25,STOP SIGN/FLASHER,FUNCTIONING PROPERLY,FREEZING RAIN/DRIZZLE,"DARKNESS, LIGHTED ROAD",PEDALCYCLIST,FOUR WAY,STRAIGHT AND LEVEL,WET,NO DEFECTS,Y,FAILING TO YIELD RIGHT-OF-WAY,UNABLE TO DETERMINE,,NONINCAPACITATING INJURY,21,4,41.9741766284,-87.6683332086,2025,25,POINT (-87.6683332086 41.9741766284),,,,,2025-04-04,False,2,Uptown
12867,30,NO CONTROLS,NO CONTROLS,RAIN,"DARKNESS, LIGHTED ROAD",PEDALCYCLIST,NOT DIVIDED,STRAIGHT AND LEVEL,WET,NO DEFECTS,,FAILING TO YIELD RIGHT-OF-WAY,NOT APPLICABLE,,NONINCAPACITATING INJURY,23,4,41.9022003332,-87.6354832832,2025,30,POINT (-87.6354832832 41.9022003332),,,,,2025-04-04,False,7,Near North Side
12868,30,TRAFFIC SIGNAL,FUNCTIONING PROPERLY,CLEAR,DAYLIGHT,PEDALCYCLIST,T-INTERSECTION,STRAIGHT AND LEVEL,DRY,NO DEFECTS,Y,FAILING TO REDUCE SPEED TO AVOID CRASH,NOT APPLICABLE,,NONINCAPACITATING INJURY,15,4,41.9168094862,-87.6777418552,2025,30,POINT (-87.6777418552 41.9168094862),,,,,2025-04-05,False,6,Lincoln Park
12869,30,NO CONTROLS,NO CONTROLS,CLEAR,DAYLIGHT,PEDALCYCLIST,NOT DIVIDED,STRAIGHT ON HILLCREST,DRY,NO DEFECTS,,IMPROPER OVERTAKING/PASSING,NOT APPLICABLE,,NONINCAPACITATING INJURY,9,4,41.890847508,-87.6268364832,2025,30,POINT (-87.6268364832 41.890847508),,,,,2025-04-06,False,7,Near North Side
12870,30,STOP SIGN/FLASHER,FUNCTIONING PROPERLY,CLEAR,DAYLIGHT,PEDALCYCLIST,FOUR WAY,STRAIGHT AND LEVEL,DRY,NO DEFECTS,Y,UNABLE TO DETERMINE,NOT APPLICABLE,,NONINCAPACITATING INJURY,10,4,41.8007794351,-87.6030009382,2025,30,POINT (-87.6030009382 41.8007794351),,,,,2025-04-06,False,40,Hyde Park
12871,30,STOP SIGN/FLASHER,NO CONTROLS,CLEAR,DAYLIGHT,PEDALCYCLIST,FOUR WAY,STRAIGHT AND LEVEL,DRY,UNKNOWN,Y,UNABLE TO DETERMINE,UNABLE TO DETERMINE,,INCAPACITATING INJURY,12,4,41.7512440757,-87.6004814962,2025,30,POINT (-87.6004814962 41.7512440757),,,,,2025-04-06,True,43,Chatham
12872,30,NO CONTROLS,NO CONTROLS,CLEAR,DAYLIGHT,PEDALCYCLIST,NOT DIVIDED,STRAIGHT AND LEVEL,DRY,NO DEFECTS,,UNABLE TO DETERMINE,UNABLE TO DETERMINE,,NONINCAPACITATING INJURY,13,4,41.910545507,-87.6801813174,2025,30,POINT (-87.6801813174 41.910545507),,,,,2025-04-06,False,23,West Town
12873,30,TRAFFIC SIGNAL,FUNCTIONING PROPERLY,CLEAR,DAYLIGHT,PEDALCYCLIST,FOUR WAY,STRAIGHT ON GRADE,DRY,NO DEFECTS,Y,FAILING TO REDUCE SPEED TO AVOID CRASH,DISREGARDING TRAFFIC SIGNALS,,NONINCAPACITATING INJURY,17,4,41.8453931819,-87.6381879825,2025,30,POINT (-87.6381879825 41.8453931819),,,,,2025-04-06,False,30,Lower West Side
12874,30,STOP SIGN/FLASHER,FUNCTIONING PROPERLY,CLEAR,DAYLIGHT,PEDALCYCLIST,DIVIDED - W/MEDIAN (NOT RAISED),STRAIGHT AND LEVEL,DRY,NO DEFECTS,,FAILING TO YIELD RIGHT-OF-WAY,NOT APPLICABLE,,NONINCAPACITATING INJURY,8,4,41.9442261377,-87.7054593808,2025,30,POINT (-87.7054593808 41.9442261377),,,,,2025-04-07,False,15,Irving Park
12875,30,UNKNOWN,UNKNOWN,CLOUDY/OVERCAST,DUSK,PEDALCYCLIST,ONE-WAY,STRAIGHT AND LEVEL,DRY,UNKNOWN,,DISTRACTION - FROM INSIDE VEHICLE,DISTRACTION - FROM INSIDE VEHICLE,Y,INCAPACITATING INJURY,8,4,41.9423497095,-87.7482027102,2025,30,POINT (-87.7482027102 41.9423497095),,,,,2025-04-07,True,14,Portage Park
12876,30,NO CONTROLS,NO CONTROLS,CLEAR,DAYLIGHT,PEDALCYCLIST,DIVIDED - W/MEDIAN (NOT RAISED),STRAIGHT AND LEVEL,DRY,NO DEFECTS,,FAILING TO YIELD RIGHT-OF-WAY,UNABLE TO DETERMINE,,NONINCAPACITATING INJURY,15,4,41.925712008,-87.6777771069,2025,30,POINT (-87.6777771069 41.925712008),,,,,2025-04-07,False,6,Lincoln Park
12877,30,TRAFFIC SIGNAL,FUNCTIONING PROPERLY,CLEAR,DARKNESS,PEDALCYCLIST,NOT DIVIDED,STRAIGHT AND LEVEL,DRY,NO DEFECTS,Y,IMPROPER TURNING/NO SIGNAL,IMPROPER TURNING/NO SIGNAL,,NONINCAPACITATING INJURY,21,4,41.9979250158,-87.6848689823,2025,30,POINT (-87.6848689823 41.9979250158),,,,,2025-04-07,False,1,West Ridge
12878,30,TRAFFIC SIGNAL,FUNCTIONING PROPERLY,CLEAR,DAYLIGHT,PEDALCYCLIST,FOUR WAY,STRAIGHT AND LEVEL,DRY,NO DEFECTS,Y,DISREGARDING TRAFFIC SIGNALS,NOT APPLICABLE,,"REPORTED, NOT EVIDENT",7,4,41.8924247847,-87.6342371356,2025,30,POINT (-87.6342371356 41.8924247847),,,,,2025-04-08,False,7,Near North Side
12879,15,YIELD,FUNCTIONING PROPERLY,CLEAR,DAYLIGHT,PEDALCYCLIST,ALLEY,STRAIGHT AND LEVEL,DRY,NO DEFECTS,,FAILING TO YIELD RIGHT-OF-WAY,DRIVING SKILLS/KNOWLEDGE/EXPERIENCE,,NO INDICATION OF INJURY,7,4,41.9847538516,-87.7108222637,2025,15,POINT (-87.7108222637 41.9847538516),,,,,2025-04-08,False,12,North Park
12880,30,OTHER,NO CONTROLS,CLEAR,DAYLIGHT,PEDALCYCLIST,ONE-WAY,STRAIGHT AND LEVEL,DRY,NO DEFECTS,,FAILING TO REDUCE SPEED TO AVOID CRASH,IMPROPER LANE USAGE,,"REPORTED, NOT EVIDENT",17,4,41.9591360551,-87.7268776356,2025,30,POINT (-87.7268776356 41.9591360551),,,,,2025-04-08,False,15,Irving Park
12881,30,STOP SIGN/FLASHER,FUNCTIONING PROPERLY,CLEAR,DAYLIGHT,PEDALCYCLIST,DIVIDED - W/MEDIAN (NOT RAISED),STRAIGHT AND LEVEL,DRY,UNKNOWN,Y,"VISION OBSCURED (SIGNS, TREE LIMBS, BUILDINGS, ETC.)",NOT APPLICABLE,,NONINCAPACITATING INJURY,17,4,41.889875465,-87.6744832724,2025,30,POINT (-87.6744832724 41.889875465),,,,,2025-04-08,False,23,West Town
12882,20,NO CONTROLS,NO CONTROLS,CLEAR,DAYLIGHT,PEDALCYCLIST,DIVIDED - W/MEDIAN (NOT RAISED),STRAIGHT AND LEVEL,DRY,NO DEFECTS,,UNABLE TO DETERMINE,NOT APPLICABLE,,NO INDICATION OF INJURY,7,4,41.8414208358,-87.6571796668,2025,20,POINT (-87.6571796668 41.8414208358),,,,,2025-04-09,False,30,Lower West Side
12883,30,TRAFFIC SIGNAL,FUNCTIONING PROPERLY,CLEAR,DAYLIGHT,PEDALCYCLIST,TRAFFIC ROUTE,STRAIGHT AND LEVEL,DRY,NO DEFECTS,Y,UNABLE TO DETERMINE,UNABLE TO DETERMINE,,INCAPACITATING INJURY,7,4,41.9275038303,-87.7759890491,2025,30,POINT (-87.7759890491 41.9275038303),,,,,2025-04-09,True,18,Belmont Cragin
12884,30,NO CONTROLS,NO CONTROLS,CLEAR,DAYLIGHT,PEDALCYCLIST,OTHER,STRAIGHT AND LEVEL,DRY,NO DEFECTS,,"OPERATING VEHICLE IN ERRATIC, RECKLESS, CARELESS, NEGLIGENT OR AGGRESSIVE MANNER",UNABLE TO DETERMINE,,NO INDICATION OF INJURY,9,4,41.7069889552,-87.6470461647,2025,30,POINT (-87.6470461647 41.7069889552),,,,,2025-04-09,False,72,Washington Heights
12885,30,NO CONTROLS,NO CONTROLS,CLEAR,DAYLIGHT,PEDALCYCLIST,ONE-WAY,STRAIGHT AND LEVEL,DRY,NO DEFECTS,,UNABLE TO DETERMINE,UNABLE TO DETERMINE,,NONINCAPACITATING INJURY,10,4,41.8926698337,-87.6241192403,2025,30,POINT (-87.6241192403 41.8926698337),,,,,2025-04-09,False,7,Near North Side
12886,30,NO CONTROLS,NO CONTROLS,CLEAR,DAYLIGHT,PEDALCYCLIST,FOUR WAY,STRAIGHT AND LEVEL,DRY,UNKNOWN,,FAILING TO YIELD RIGHT-OF-WAY,FAILING TO YIELD RIGHT-OF-WAY,,"REPORTED, NOT EVIDENT",14,4,41.8830406044,-87.6863387456,2025,30,POINT (-87.6863387456 41.8830406044),,,,,2025-04-09,False,27,Near West Side
12887,30,OTHER REG. SIGN,FUNCTIONING PROPERLY,RAIN,DAYLIGHT,PEDALCYCLIST,T-INTERSECTION,STRAIGHT AND LEVEL,WET,NO DEFECTS,Y,FAILING TO YIELD RIGHT-OF-WAY,NOT APPLICABLE,,"REPORTED, NOT EVIDENT",17,4,41.8889398261,-87.6427988876,2025,30,POINT (-87.6427988876 41.8889398261),,,,,2025-04-09,False,7,Near North Side
12888,30,TRAFFIC SIGNAL,FUNCTIONING PROPERLY,RAIN,DAYLIGHT,PEDALCYCLIST,Y-INTERSECTION,STRAIGHT AND LEVEL,WET,NO DEFECTS,,FAILING TO YIELD RIGHT-OF-WAY,NOT APPLICABLE,N,NONINCAPACITATING INJURY,18,4,41.8813604147,-87.6660052678,2025,30,POINT (-87.6660052678 41.8813604147),,,,,2025-04-09,False,27,Near West Side
12889,30,STOP SIGN/FLASHER,FUNCTIONING PROPERLY,RAIN,DUSK,PEDALCYCLIST,T-INTERSECTION,STRAIGHT ON GRADE,WET,NO DEFECTS,Y,FAILING TO REDUCE SPEED TO AVOID CRASH,NOT APPLICABLE,,NO INDICATION OF INJURY,18,4,41.8514286307,-87.6318347309,2025,30,POINT (-87.6318347309 41.8514286307),,,,,2025-04-09,False,32,Near South Side
12890,30,TRAFFIC SIGNAL,UNKNOWN,UNKNOWN,UNKNOWN,PEDALCYCLIST,T-INTERSECTION,STRAIGHT AND LEVEL,UNKNOWN,UNKNOWN,Y,UNABLE TO DETERMINE,NOT APPLICABLE,,NONINCAPACITATING INJURY,5,4,42.0054946502,-87.6699829341,2025,30,POINT (-87.6699829341 42.0054946502),,,,,2025-04-10,False,0,Rogers Park
12891,30,TRAFFIC SIGNAL,FUNCTIONING PROPERLY,CLOUDY/OVERCAST,DAYLIGHT,PEDALCYCLIST,Y-INTERSECTION,STRAIGHT AND LEVEL,DRY,NO DEFECTS,Y,FAILING TO YIELD RIGHT-OF-WAY,IMPROPER LANE USAGE,,NONINCAPACITATING INJURY,15,4,41.987358707,-87.6699124131,2025,30,POINT (-87.6699124131 41.987358707),,,,,2025-04-10,False,76,Edgewater
12892,30,TRAFFIC SIGNAL,FUNCTIONING PROPERLY,CLEAR,DAYLIGHT,PEDALCYCLIST,DIVIDED - W/MEDIAN (NOT RAISED),STRAIGHT AND LEVEL,DRY,NO DEFECTS,Y,UNABLE TO DETERMINE,NOT APPLICABLE,,NO INDICATION OF INJURY,15,4,41.9680393614,-87.7402838945,2025,30,POINT (-87.7402838945 41.9680393614),,,,,2025-04-10,False,11,Forest Glen