Unnamed: 0,POSTED_SPEED_LIMIT,TRAFFIC_CONTROL_DEVICE,DEVICE_CONDITION,WEATHER_CONDITION,LIGHTING_CONDITION,FIRST_CRASH_TYPE,TRAFFICWAY_TYPE,ALIGNMENT,ROADWAY_SURFACE_COND,ROAD_DEFECT,INTERSECTION_RELATED_I,PRIM_CONTRIBUTORY_CAUSE,SEC_CONTRIBUTORY_CAUSE,DOORING_I,MOST_SEVERE_INJURY,CRASH_HOUR,CRASH_MONTH,LATITUDE,LONGITUDE,CRASH_YEAR,SPEED_LIMIT,geometry,DISPLAYROU,the_geom,DIST,LANE_TYPE,CRASH_DATE,is_severe,index_right,CArea
12893,30,TRAFFIC SIGNAL,FUNCTIONING PROPERLY,CLEAR,DAYLIGHT,PEDALCYCLIST,FOUR WAY,STRAIGHT AND LEVEL,DRY,NO DEFECTS,Y,NOT APPLICABLE,NOT APPLICABLE,,NONINCAPACITATING INJURY,17,4,42.0127665505,-87.6703478346,2025,30,POINT (-87.6703478346 42.0127665505),,,,,2025-04-10,False,0,Rogers Park
12894,35,STOP SIGN/FLASHER,FUNCTIONING PROPERLY,CLEAR,DAYLIGHT,PEDALCYCLIST,NOT DIVIDED,STRAIGHT AND LEVEL,DRY,NO DEFECTS,Y,"VISION OBSCURED (SIGNS, TREE LIMBS, BUILDINGS, ETC.)",UNABLE TO DETERMINE,,"REPORTED, NOT EVIDENT",9,4,41.7887180414,-87.722891426,2025,35,POINT (-87.722891426 41.7887180414),,,,,2025-04-11,False,61,West Elsdon
12895,30,STOP SIGN/FLASHER,FUNCTIONING PROPERLY,CLEAR,DAYLIGHT,PEDALCYCLIST,NOT DIVIDED,STRAIGHT AND LEVEL,DRY,NO DEFECTS,Y,FAILING TO REDUCE SPEED TO AVOID CRASH,NOT APPLICABLE,,INCAPACITATING INJURY,16,4,41.7954245498,-87.7635230727,2025,30,POINT (-87.7635230727 41.7954245498),,,,,2025-04-11,True,55,Garfield Ridge
12896,30,UNKNOWN,UNKNOWN,CLEAR,DAYLIGHT,PEDALCYCLIST,DIVIDED - W/MEDIAN (NOT RAISED),STRAIGHT AND LEVEL,DRY,UNKNOWN,,UNABLE TO DETERMINE,NOT APPLICABLE,,NONINCAPACITATING INJURY,19,4,41.8012080357,-87.6875689409,2025,30,POINT (-87.6875689409 41.8012080357),,,,,2025-04-11,False,62,Gage Park
12897,30,TRAFFIC SIGNAL,FUNCTIONING PROPERLY,CLEAR,DAYLIGHT,PEDALCYCLIST,DIVIDED - W/MEDIAN (NOT RAISED),STRAIGHT AND LEVEL,"SAND, MUD, DIRT",WORN SURFACE,Y,FAILING TO YIELD RIGHT-OF-WAY,IMPROPER LANE USAGE,,NONINCAPACITATING INJURY,10,4,41.9470832477,-87.6687132792,2025,30,POINT (-87.6687132792 41.9470832477),,,,,2025-04-12,False,5,Lake View
12898,30,STOP SIGN/FLASHER,FUNCTIONING PROPERLY,CLEAR,DAYLIGHT,PEDALCYCLIST,NOT DIVIDED,STRAIGHT AND LEVEL,DRY,NO DEFECTS,Y,FAILING TO YIELD RIGHT-OF-WAY,FAILING TO REDUCE SPEED TO AVOID CRASH,,INCAPACITATING INJURY,11,4,41.8119452242,-87.6895723005,2025,30,POINT (-87.6895723005 41.8119452242),,,,,2025-04-12,True,57,Brighton Park
12899,30,NO CONTROLS,NO CONTROLS,CLEAR,DAYLIGHT,PEDALCYCLIST,ONE-WAY,STRAIGHT AND LEVEL,DRY,NO DEFECTS,,FAILING TO YIELD RIGHT-OF-WAY,NOT APPLICABLE,,NONINCAPACITATING INJURY,18,4,41.9048693269,-87.6960397,2025,30,POINT (-87.6960397 41.9048693269),,,,,2025-04-12,False,22,Humboldt Park
12900,30,NO CONTROLS,NO CONTROLS,CLEAR,"DARKNESS, LIGHTED ROAD",PEDALCYCLIST,NOT DIVIDED,STRAIGHT AND LEVEL,DRY,NO DEFECTS,,NOT APPLICABLE,NOT APPLICABLE,Y,NO INDICATION OF INJURY,19,4,41.8776372082,-87.6883028347,2025,30,POINT (-87.6883028347 41.8776372082),,,,,2025-04-12,False,27,Near West Side
12901,30,TRAFFIC SIGNAL,FUNCTIONING PROPERLY,CLEAR,"DARKNESS, LIGHTED ROAD",PEDALCYCLIST,FOUR WAY,STRAIGHT AND LEVEL,DRY,NO DEFECTS,Y,UNABLE TO DETERMINE,NOT APPLICABLE,,NO INDICATION OF INJURY,19,4,41.8965665571,-87.6282754347,2025,30,POINT (-87.6282754347 41.8965665571),,,,,2025-04-12,False,7,Near North Side
12902,30,NO CONTROLS,NO CONTROLS,UNKNOWN,"DARKNESS, LIGHTED ROAD",PEDALCYCLIST,NOT DIVIDED,STRAIGHT AND LEVEL,UNKNOWN,UNKNOWN,,DISTRACTION - FROM INSIDE VEHICLE,NOT APPLICABLE,Y,NO INDICATION OF INJURY,23,4,41.9424763396,-87.6492028259,2025,30,POINT (-87.6492028259 41.9424763396),,,,,2025-04-12,False,5,Lake View
12903,30,TRAFFIC SIGNAL,FUNCTIONING PROPERLY,CLEAR,DAYLIGHT,PEDALCYCLIST,DIVIDED - W/MEDIAN BARRIER,STRAIGHT AND LEVEL,DRY,NO DEFECTS,Y,BICYCLE ADVANCING LEGALLY ON RED LIGHT,DISREGARDING TRAFFIC SIGNALS,,INCAPACITATING INJURY,12,4,41.875658543,-87.6244049409,2025,30,POINT (-87.6244049409 41.875658543),,,,,2025-04-13,True,31,Loop
12904,30,TRAFFIC SIGNAL,FUNCTIONING PROPERLY,CLOUDY/OVERCAST,DAYLIGHT,PEDALCYCLIST,T-INTERSECTION,STRAIGHT AND LEVEL,DRY,NO DEFECTS,Y,DISREGARDING TRAFFIC SIGNALS,DISREGARDING TRAFFIC SIGNALS,,NONINCAPACITATING INJURY,7,4,41.87570198,-87.6321187234,2025,30,POINT (-87.6321187234 41.87570198),,,,,2025-04-14,False,31,Loop
12905,35,NO CONTROLS,NO CONTROLS,CLEAR,DAYLIGHT,PEDALCYCLIST,NOT DIVIDED,STRAIGHT AND LEVEL,DRY,NO DEFECTS,,FAILING TO REDUCE SPEED TO AVOID CRASH,NOT APPLICABLE,N,NO INDICATION OF INJURY,7,4,41.911369887,-87.6792222136,2025,35,POINT (-87.6792222136 41.911369887),,,,,2025-04-14,False,6,Lincoln Park
12906,30,STOP SIGN/FLASHER,FUNCTIONING PROPERLY,CLEAR,DAYLIGHT,PEDALCYCLIST,FOUR WAY,STRAIGHT AND LEVEL,DRY,NO DEFECTS,Y,UNABLE TO DETERMINE,DRIVING SKILLS/KNOWLEDGE/EXPERIENCE,,NONINCAPACITATING INJURY,11,4,41.9119586911,-87.7118917871,2025,30,POINT (-87.7118917871 41.9119586911),,,,,2025-04-14,False,22,Humboldt Park
12907,30,TRAFFIC SIGNAL,FUNCTIONING PROPERLY,CLEAR,DAYLIGHT,PEDALCYCLIST,DIVIDED - W/MEDIAN BARRIER,STRAIGHT AND LEVEL,DRY,NO DEFECTS,,UNABLE TO DETERMINE,UNABLE TO DETERMINE,,NONINCAPACITATING INJURY,17,4,41.8720040188,-87.6471732294,2025,30,POINT (-87.6471732294 41.8720040188),,,,,2025-04-14,False,27,Near West Side
12908,30,TRAFFIC SIGNAL,FUNCTIONING PROPERLY,CLEAR,DAYLIGHT,PEDALCYCLIST,NOT DIVIDED,STRAIGHT AND LEVEL,DRY,NO DEFECTS,,FOLLOWING TOO CLOSELY,FOLLOWING TOO CLOSELY,Y,NO INDICATION OF INJURY,19,4,41.8802065582,-87.6666133135,2025,30,POINT (-87.6666133135 41.8802065582),,,,,2025-04-14,False,27,Near West Side
12909,30,STOP SIGN/FLASHER,FUNCTIONING PROPERLY,CLEAR,"DARKNESS, LIGHTED ROAD",PEDALCYCLIST,FOUR WAY,STRAIGHT AND LEVEL,DRY,NO DEFECTS,Y,FAILING TO YIELD RIGHT-OF-WAY,"VISION OBSCURED (SIGNS, TREE LIMBS, BUILDINGS, ETC.)",Y,NONINCAPACITATING INJURY,21,4,41.8901430073,-87.6477542648,2025,30,POINT (-87.6477542648 41.8901430073),,,,,2025-04-14,False,7,Near North Side
12910,35,TRAFFIC SIGNAL,FUNCTIONING PROPERLY,CLEAR,DAYLIGHT,PEDALCYCLIST,DIVIDED - W/MEDIAN (NOT RAISED),STRAIGHT AND LEVEL,DRY,NO DEFECTS,,IMPROPER LANE USAGE,NOT APPLICABLE,,NONINCAPACITATING INJURY,18,4,41.926001472,-87.7022006414,2025,35,POINT (-87.7022006414 41.926001472),,,,,2025-04-15,False,21,Logan Square
12911,20,NO CONTROLS,NO CONTROLS,CLEAR,DAYLIGHT,PEDALCYCLIST,T-INTERSECTION,STRAIGHT AND LEVEL,DRY,OTHER,,UNABLE TO DETERMINE,UNABLE TO DETERMINE,,NO INDICATION OF INJURY,19,4,41.9274690545,-87.782988444,2025,20,POINT (-87.782988444 41.9274690545),,,,,2025-04-15,False,18,Belmont Cragin
12912,20,STOP SIGN/FLASHER,FUNCTIONING PROPERLY,CLEAR,DAYLIGHT,PEDALCYCLIST,T-INTERSECTION,STRAIGHT AND LEVEL,DRY,NO DEFECTS,Y,NOT APPLICABLE,NOT APPLICABLE,,NONINCAPACITATING INJURY,19,4,41.9275051841,-87.7805609769,2025,20,POINT (-87.7805609769 41.9275051841),,,,,2025-04-15,False,18,Belmont Cragin
12913,30,NO CONTROLS,NO CONTROLS,UNKNOWN,"DARKNESS, LIGHTED ROAD",PEDALCYCLIST,ONE-WAY,STRAIGHT AND LEVEL,UNKNOWN,UNKNOWN,,UNABLE TO DETERMINE,UNABLE TO DETERMINE,Y,"REPORTED, NOT EVIDENT",23,4,41.8858621051,-87.6268586452,2025,30,POINT (-87.6268586452 41.8858621051),,,,,2025-04-15,False,31,Loop
12914,20,NO CONTROLS,NO CONTROLS,CLEAR,DAYLIGHT,PEDALCYCLIST,NOT DIVIDED,STRAIGHT AND LEVEL,DRY,UNKNOWN,,FOLLOWING TOO CLOSELY,NOT APPLICABLE,,NONINCAPACITATING INJURY,15,4,41.8705554501,-87.7346155908,2025,20,POINT (-87.7346155908 41.8705554501),,,,,2025-04-16,False,25,Garfield Park
12915,25,NO CONTROLS,NO CONTROLS,CLEAR,DAYLIGHT,PEDALCYCLIST,OTHER,STRAIGHT AND LEVEL,DRY,NO DEFECTS,,FAILING TO YIELD RIGHT-OF-WAY,NOT APPLICABLE,,"REPORTED, NOT EVIDENT",17,4,41.8846028549,-87.6271869402,2025,25,POINT (-87.6271869402 41.8846028549),,,,,2025-04-16,False,31,Loop
12916,30,NO CONTROLS,NO CONTROLS,CLEAR,DAYLIGHT,PEDALCYCLIST,T-INTERSECTION,STRAIGHT AND LEVEL,DRY,NO DEFECTS,Y,FAILING TO YIELD RIGHT-OF-WAY,NOT APPLICABLE,,NONINCAPACITATING INJURY,17,4,41.8027132779,-87.6941935996,2025,30,POINT (-87.6941935996 41.8027132779),,,,,2025-04-16,False,62,Gage Park
12917,25,NO CONTROLS,NO CONTROLS,CLEAR,"DARKNESS, LIGHTED ROAD",PEDALCYCLIST,NOT DIVIDED,STRAIGHT AND LEVEL,DRY,NO DEFECTS,,IMPROPER OVERTAKING/PASSING,NOT APPLICABLE,,NONINCAPACITATING INJURY,19,4,41.9066573772,-87.6718711243,2025,25,POINT (-87.6718711243 41.9066573772),,,,,2025-04-16,False,23,West Town
12918,30,TRAFFIC SIGNAL,UNKNOWN,CLEAR,"DARKNESS, LIGHTED ROAD",PEDALCYCLIST,FOUR WAY,STRAIGHT AND LEVEL,DRY,UNKNOWN,,UNABLE TO DETERMINE,NOT APPLICABLE,,INCAPACITATING INJURY,20,4,41.9246769457,-87.6997356432,2025,30,POINT (-87.6997356432 41.9246769457),,,,,2025-04-16,True,21,Logan Square
12919,30,TRAFFIC SIGNAL,FUNCTIONING PROPERLY,RAIN,DUSK,PEDALCYCLIST,ONE-WAY,STRAIGHT AND LEVEL,WET,NO DEFECTS,,IMPROPER TURNING/NO SIGNAL,NOT APPLICABLE,,NO INDICATION OF INJURY,16,4,41.8832421627,-87.6410879286,2025,30,POINT (-87.6410879286 41.8832421627),,,,,2025-04-17,False,27,Near West Side
12920,30,NO CONTROLS,NO CONTROLS,CLEAR,DAYLIGHT,PEDALCYCLIST,NOT DIVIDED,STRAIGHT AND LEVEL,DRY,NO DEFECTS,,UNABLE TO DETERMINE,UNABLE TO DETERMINE,,NONINCAPACITATING INJURY,13,4,41.8003414792,-87.6064981445,2025,30,POINT (-87.6064981445 41.8003414792),,,,,2025-04-18,False,39,Washington Park
12921,30,NO CONTROLS,NO CONTROLS,CLEAR,DAYLIGHT,PEDALCYCLIST,NOT DIVIDED,CURVE ON HILLCREST,DRY,UNKNOWN,,IMPROPER LANE USAGE,NOT APPLICABLE,,NONINCAPACITATING INJURY,18,4,41.900270398,-87.6480754592,2025,30,POINT (-87.6480754592 41.900270398),,,,,2025-04-18,False,7,Near North Side
12922,30,TRAFFIC SIGNAL,FUNCTIONING PROPERLY,CLEAR,DAYLIGHT,PEDALCYCLIST,FOUR WAY,STRAIGHT AND LEVEL,DRY,NO DEFECTS,Y,FAILING TO YIELD RIGHT-OF-WAY,NOT APPLICABLE,,NO INDICATION OF INJURY,18,4,41.9536872656,-87.7192978815,2025,30,POINT (-87.7192978815 41.9536872656),,,,,2025-04-18,False,15,Irving Park
12923,35,TRAFFIC SIGNAL,FUNCTIONING PROPERLY,CLEAR,DAYLIGHT,PEDALCYCLIST,NOT DIVIDED,STRAIGHT AND LEVEL,DRY,NO DEFECTS,,UNABLE TO DETERMINE,UNABLE TO DETERMINE,Y,NO INDICATION OF INJURY,19,4,41.9055404926,-87.6696640663,2025,35,POINT (-87.6696640663 41.9055404926),,,,,2025-04-18,False,23,West Town
12924,30,NO CONTROLS,NO CONTROLS,CLEAR,DAYLIGHT,PEDALCYCLIST,PARKING LOT,STRAIGHT AND LEVEL,DRY,NO DEFECTS,,UNABLE TO DETERMINE,NOT APPLICABLE,Y,NONINCAPACITATING INJURY,13,4,41.7848797578,-87.6061757937,2025,30,POINT (-87.6061757937 41.7848797578),,,,,2025-04-19,False,39,Washington Park
12925,30,STOP SIGN/FLASHER,FUNCTIONING PROPERLY,UNKNOWN,DAYLIGHT,PEDALCYCLIST,NOT DIVIDED,STRAIGHT AND LEVEL,UNKNOWN,UNKNOWN,,UNABLE TO DETERMINE,NOT APPLICABLE,,NONINCAPACITATING INJURY,13,4,41.8311994118,-87.6185198105,2025,30,POINT (-87.6185198105 41.8311994118),,,,,2025-04-19,False,34,Douglas
12926,30,NO CONTROLS,NO CONTROLS,CLEAR,DAYLIGHT,PEDALCYCLIST,NOT DIVIDED,STRAIGHT AND LEVEL,DRY,NO DEFECTS,,UNABLE TO DETERMINE,UNABLE TO DETERMINE,Y,NO INDICATION OF INJURY,17,4,41.9086539086,-87.6745493658,2025,30,POINT (-87.6745493658 41.9086539086),,,,,2025-04-19,False,23,West Town
12927,25,TRAFFIC SIGNAL,FUNCTIONING PROPERLY,CLEAR,DAYLIGHT,PEDALCYCLIST,NOT DIVIDED,STRAIGHT AND LEVEL,DRY,NO DEFECTS,,DISREGARDING TRAFFIC SIGNALS,DISREGARDING TRAFFIC SIGNALS,,"REPORTED, NOT EVIDENT",18,4,41.7936245045,-87.7034959504,2025,25,POINT (-87.7034959504 41.7936245045),,,,,2025-04-19,False,62,Gage Park
12928,30,NO CONTROLS,NO CONTROLS,RAIN,DAYLIGHT,PEDALCYCLIST,OTHER,STRAIGHT AND LEVEL,WET,NO DEFECTS,Y,UNABLE TO DETERMINE,NOT APPLICABLE,,NO INDICATION OF INJURY,13,4,41.8382914338,-87.6357349483,2025,30,POINT (-87.6357349483 41.8382914338),,,,,2025-04-20,False,30,Lower West Side
12929,30,TRAFFIC SIGNAL,FUNCTIONING PROPERLY,CLEAR,"DARKNESS, LIGHTED ROAD",PEDALCYCLIST,NOT REPORTED,STRAIGHT AND LEVEL,DRY,NO DEFECTS,Y,FAILING TO YIELD RIGHT-OF-WAY,NOT APPLICABLE,,NO INDICATION OF INJURY,21,4,41.8846066284,-87.6259859919,2025,30,POINT (-87.6259859919 41.8846066284),,,,,2025-04-20,False,31,Loop
12930,30,NO CONTROLS,NO CONTROLS,CLEAR,DAYLIGHT,PEDALCYCLIST,NOT DIVIDED,STRAIGHT AND LEVEL,UNKNOWN,UNKNOWN,,UNABLE TO DETERMINE,UNABLE TO DETERMINE,,NO INDICATION OF INJURY,9,4,41.8908654784,-87.6676744734,2025,30,POINT (-87.6676744734 41.8908654784),,,,,2025-04-21,False,23,West Town
12931,30,TRAFFIC SIGNAL,FUNCTIONING PROPERLY,CLEAR,DAYLIGHT,PEDALCYCLIST,FOUR WAY,STRAIGHT AND LEVEL,DRY,NO DEFECTS,Y,FAILING TO YIELD RIGHT-OF-WAY,FAILING TO YIELD RIGHT-OF-WAY,,NO INDICATION OF INJURY,14,4,41.997501164,-87.709206143,2025,30,POINT (-87.709206143 41.997501164),,,,,2025-04-21,False,1,West Ridge
12932,30,TRAFFIC SIGNAL,FUNCTIONING PROPERLY,CLEAR,DAYLIGHT,PEDALCYCLIST,NOT DIVIDED,STRAIGHT AND LEVEL,DRY,NO DEFECTS,,UNABLE TO DETERMINE,UNABLE TO DETERMINE,,NO INDICATION OF INJURY,14,4,41.9327595632,-87.6413868736,2025,30,POINT (-87.6413868736 41.9327595632),,,,,2025-04-21,False,5,Lake View
12933,30,TRAFFIC SIGNAL,FUNCTIONING PROPERLY,CLEAR,DAYLIGHT,PEDALCYCLIST,NOT DIVIDED,STRAIGHT AND LEVEL,DRY,NO DEFECTS,,FAILING TO YIELD RIGHT-OF-WAY,FAILING TO YIELD RIGHT-OF-WAY,,INCAPACITATING INJURY,15,4,41.9314149981,-87.7473265503,2025,30,POINT (-87.7473265503 41.9314149981),,,,,2025-04-21,True,18,Belmont Cragin
12934,25,NO CONTROLS,NO CONTROLS,CLEAR,DAYLIGHT,PEDALCYCLIST,NOT DIVIDED,STRAIGHT AND LEVEL,DRY,NO DEFECTS,,FAILING TO YIELD RIGHT-OF-WAY,NOT APPLICABLE,,"REPORTED, NOT EVIDENT",18,4,41.9207615969,-87.6775834761,2025,25,POINT (-87.6775834761 41.9207615969),,,,,2025-04-21,False,6,Lincoln Park
12935,30,NO CONTROLS,NO CONTROLS,CLEAR,DAYLIGHT,PEDALCYCLIST,T-INTERSECTION,STRAIGHT AND LEVEL,DRY,NO DEFECTS,Y,UNABLE TO DETERMINE,UNABLE TO DETERMINE,,NONINCAPACITATING INJURY,8,4,41.9405026191,-87.6693986863,2025,30,POINT (-87.6693986863 41.9405026191),,,,,2025-04-22,False,5,Lake View
12936,30,NO CONTROLS,NO CONTROLS,CLEAR,DAYLIGHT,PEDALCYCLIST,OTHER,STRAIGHT AND LEVEL,DRY,NO DEFECTS,Y,UNABLE TO DETERMINE,UNABLE TO DETERMINE,,NONINCAPACITATING INJURY,8,4,41.9761770571,-87.7088365937,2025,30,POINT (-87.7088365937 41.9761770571),,,,,2025-04-22,False,12,North Park
12937,30,TRAFFIC SIGNAL,FUNCTIONING PROPERLY,CLEAR,DAYLIGHT,PEDALCYCLIST,NOT DIVIDED,STRAIGHT AND LEVEL,DRY,NO DEFECTS,,DRIVING SKILLS/KNOWLEDGE/EXPERIENCE,NOT APPLICABLE,,NONINCAPACITATING INJURY,14,4,41.9655414719,-87.6546705323,2025,30,POINT (-87.6546705323 41.9655414719),,,,,2025-04-22,False,2,Uptown
12938,20,NO CONTROLS,NO CONTROLS,CLEAR,DAWN,PEDALCYCLIST,NOT DIVIDED,STRAIGHT AND LEVEL,DRY,NO DEFECTS,Y,FOLLOWING TOO CLOSELY,NOT APPLICABLE,,NO INDICATION OF INJURY,17,4,41.9547530049,-87.678624304,2025,20,POINT (-87.678624304 41.9547530049),,,,,2025-04-22,False,4,North Center
12939,30,OTHER,OTHER,CLEAR,DAYLIGHT,PEDALCYCLIST,NOT DIVIDED,STRAIGHT AND LEVEL,DRY,NO DEFECTS,,UNABLE TO DETERMINE,NOT APPLICABLE,,NO INDICATION OF INJURY,18,4,41.949219502,-87.6501166674,2025,30,POINT (-87.6501166674 41.949219502),,,,,2025-04-22,False,5,Lake View
12940,30,STOP SIGN/FLASHER,FUNCTIONING PROPERLY,RAIN,DAYLIGHT,PEDALCYCLIST,NOT DIVIDED,STRAIGHT AND LEVEL,WET,NO DEFECTS,Y,FAILING TO YIELD RIGHT-OF-WAY,FAILING TO YIELD RIGHT-OF-WAY,,NO INDICATION OF INJURY,8,4,41.8435685368,-87.6384367742,2025,30,POINT (-87.6384367742 41.8435685368),,,,,2025-04-23,False,30,Lower West Side
12941,30,TRAFFIC SIGNAL,FUNCTIONING PROPERLY,CLEAR,DAYLIGHT,PEDALCYCLIST,FOUR WAY,STRAIGHT AND LEVEL,DRY,NO DEFECTS,Y,"VISION OBSCURED (SIGNS, TREE LIMBS, BUILDINGS, ETC.)",UNABLE TO DETERMINE,,INCAPACITATING INJURY,11,4,41.9105056464,-87.6778760844,2025,30,POINT (-87.6778760844 41.9105056464),,,,,2025-04-23,True,23,West Town
12942,30,NO CONTROLS,NO CONTROLS,CLEAR,DAYLIGHT,PEDALCYCLIST,NOT DIVIDED,STRAIGHT AND LEVEL,DRY,NO DEFECTS,,UNABLE TO DETERMINE,NOT APPLICABLE,,"REPORTED, NOT EVIDENT",15,4,41.9110249509,-87.6485912338,2025,30,POINT (-87.6485912338 41.9110249509),,,,,2025-04-23,False,6,Lincoln Park
12943,30,NO CONTROLS,NO CONTROLS,CLEAR,DAYLIGHT,PEDALCYCLIST,NOT DIVIDED,STRAIGHT AND LEVEL,DRY,NO DEFECTS,,UNABLE TO DETERMINE,NOT APPLICABLE,,NO INDICATION OF INJURY,16,4,41.9685485347,-87.7097574475,2025,30,POINT (-87.7097574475 41.9685485347),,,,,2025-04-23,False,13,Albany Park
12944,30,NO CONTROLS,NO CONTROLS,CLEAR,"DARKNESS, LIGHTED ROAD",PEDALCYCLIST,NOT DIVIDED,STRAIGHT AND LEVEL,DRY,NO DEFECTS,,DISTRACTION - FROM INSIDE VEHICLE,UNABLE TO DETERMINE,Y,NONINCAPACITATING INJURY,18,4,41.9613873233,-87.6941592773,2025,30,POINT (-87.6941592773 41.9613873233),,,,,2025-04-23,False,3,Lincoln Square
12945,30,STOP SIGN/FLASHER,FUNCTIONING PROPERLY,CLEAR,"DARKNESS, LIGHTED ROAD",PEDALCYCLIST,FOUR WAY,STRAIGHT AND LEVEL,UNKNOWN,UNKNOWN,Y,UNABLE TO DETERMINE,UNABLE TO DETERMINE,,NONINCAPACITATING INJURY,20,4,42.0171166418,-87.7044928763,2025,30,POINT (-87.7044928763 42.0171166418),,,,,2025-04-23,False,1,West Ridge
12946,30,NO CONTROLS,NO CONTROLS,CLEAR,"DARKNESS, LIGHTED ROAD",PEDALCYCLIST,NOT DIVIDED,STRAIGHT AND LEVEL,DRY,UNKNOWN,,UNABLE TO DETERMINE,UNABLE TO DETERMINE,,INCAPACITATING INJURY,20,4,41.8577304488,-87.6419166501,2025,30,POINT (-87.6419166501 41.8577304488),,,,,2025-04-23,True,27,Near West Side
12947,30,TRAFFIC SIGNAL,FUNCTIONING PROPERLY,CLEAR,"DARKNESS, LIGHTED ROAD",PEDALCYCLIST,FOUR WAY,STRAIGHT AND LEVEL,DRY,NO DEFECTS,Y,DISREGARDING TRAFFIC SIGNALS,NOT APPLICABLE,,NONINCAPACITATING INJURY,22,4,41.8939733475,-87.6243815186,2025,30,POINT (-87.6243815186 41.8939733475),,,,,2025-04-23,False,7,Near North Side
12948,30,NO CONTROLS,NO CONTROLS,CLEAR,DAYLIGHT,PEDALCYCLIST,NOT DIVIDED,STRAIGHT AND LEVEL,DRY,NO DEFECTS,,DRIVING SKILLS/KNOWLEDGE/EXPERIENCE,NOT APPLICABLE,Y,NONINCAPACITATING INJURY,10,4,41.9030637541,-87.6936061389,2025,30,POINT (-87.6936061389 41.9030637541),,,,,2025-04-24,False,22,Humboldt Park
12949,30,TRAFFIC SIGNAL,FUNCTIONING PROPERLY,CLEAR,DAYLIGHT,PEDALCYCLIST,NOT DIVIDED,STRAIGHT AND LEVEL,DRY,NO DEFECTS,Y,IMPROPER TURNING/NO SIGNAL,UNABLE TO DETERMINE,,NONINCAPACITATING INJURY,14,4,41.8912906866,-87.6868577847,2025,30,POINT (-87.6868577847 41.8912906866),,,,,2025-04-24,False,23,West Town
12950,25,STOP SIGN/FLASHER,FUNCTIONING PROPERLY,UNKNOWN,UNKNOWN,PEDALCYCLIST,T-INTERSECTION,STRAIGHT AND LEVEL,UNKNOWN,UNKNOWN,Y,DISREGARDING STOP SIGN,FAILING TO REDUCE SPEED TO AVOID CRASH,,NONINCAPACITATING INJURY,6,4,41.9365490361,-87.7733481341,2025,25,POINT (-87.7733481341 41.9365490361),,,,,2025-04-25,False,18,Belmont Cragin
12951,15,NO CONTROLS,NO CONTROLS,CLEAR,DAYLIGHT,PEDALCYCLIST,ALLEY,STRAIGHT AND LEVEL,DRY,UNKNOWN,,FAILING TO YIELD RIGHT-OF-WAY,UNABLE TO DETERMINE,,NO INDICATION OF INJURY,7,4,41.7997540108,-87.6752980033,2025,15,POINT (-87.6752980033 41.7997540108),,,,,2025-04-25,False,60,New City
12952,20,STOP SIGN/FLASHER,FUNCTIONING PROPERLY,RAIN,DAYLIGHT,PEDALCYCLIST,FOUR WAY,STRAIGHT AND LEVEL,WET,NO DEFECTS,,DISREGARDING OTHER TRAFFIC SIGNS,NOT APPLICABLE,,NONINCAPACITATING INJURY,13,4,41.8778166782,-87.6620124079,2025,20,POINT (-87.6620124079 41.8778166782),,,,,2025-04-25,False,27,Near West Side
12953,30,TRAFFIC SIGNAL,FUNCTIONING PROPERLY,RAIN,DAYLIGHT,PEDALCYCLIST,FOUR WAY,STRAIGHT AND LEVEL,WET,NO DEFECTS,Y,FAILING TO YIELD RIGHT-OF-WAY,DISTRACTION - FROM INSIDE VEHICLE,,NONINCAPACITATING INJURY,14,4,41.8675654787,-87.6243073551,2025,30,POINT (-87.6243073551 41.8675654787),,,,,2025-04-25,False,31,Loop
12954,30,NO CONTROLS,NO CONTROLS,CLEAR,DAYLIGHT,PEDALCYCLIST,DIVIDED - W/MEDIAN BARRIER,STRAIGHT AND LEVEL,DRY,NO DEFECTS,,FOLLOWING TOO CLOSELY,UNABLE TO DETERMINE,,NONINCAPACITATING INJURY,15,4,41.9540637519,-87.7024385714,2025,30,POINT (-87.7024385714 41.9540637519),,,,,2025-04-25,False,15,Irving Park
12955,30,NO CONTROLS,NO CONTROLS,CLEAR,DAYLIGHT,PEDALCYCLIST,NOT DIVIDED,STRAIGHT AND LEVEL,WET,NO DEFECTS,,IMPROPER LANE USAGE,DRIVING ON WRONG SIDE/WRONG WAY,,NONINCAPACITATING INJURY,16,4,41.8771117102,-87.7149707789,2025,30,POINT (-87.7149707789 41.8771117102),,,,,2025-04-25,False,26,Garfield Park
12956,30,NO CONTROLS,NO CONTROLS,CLEAR,DAYLIGHT,PEDALCYCLIST,ONE-WAY,STRAIGHT AND LEVEL,DRY,NO DEFECTS,,FOLLOWING TOO CLOSELY,UNABLE TO DETERMINE,,NO INDICATION OF INJURY,17,4,41.8822023723,-87.6255992937,2025,30,POINT (-87.6255992937 41.8822023723),,,,,2025-04-25,False,31,Loop
12957,30,NO CONTROLS,NO CONTROLS,CLEAR,DAYLIGHT,PEDALCYCLIST,NOT DIVIDED,STRAIGHT AND LEVEL,DRY,UNKNOWN,,DRIVING SKILLS/KNOWLEDGE/EXPERIENCE,UNABLE TO DETERMINE,Y,NONINCAPACITATING INJURY,17,4,41.9182716405,-87.6496677856,2025,30,POINT (-87.6496677856 41.9182716405),,,,,2025-04-25,False,6,Lincoln Park