Unnamed: 0,POSTED_SPEED_LIMIT,TRAFFIC_CONTROL_DEVICE,DEVICE_CONDITION,WEATHER_CONDITION,LIGHTING_CONDITION,FIRST_CRASH_TYPE,TRAFFICWAY_TYPE,ALIGNMENT,ROADWAY_SURFACE_COND,ROAD_DEFECT,INTERSECTION_RELATED_I,PRIM_CONTRIBUTORY_CAUSE,SEC_CONTRIBUTORY_CAUSE,DOORING_I,MOST_SEVERE_INJURY,CRASH_HOUR,CRASH_MONTH,LATITUDE,LONGITUDE,CRASH_YEAR,SPEED_LIMIT,geometry,DISPLAYROU,the_geom,DIST,LANE_TYPE,CRASH_DATE,is_severe,index_right,CArea
12958,35,NO CONTROLS,UNKNOWN,RAIN,DAYLIGHT,PEDALCYCLIST,NOT DIVIDED,STRAIGHT AND LEVEL,WET,UNKNOWN,,DISTRACTION - FROM INSIDE VEHICLE,UNABLE TO DETERMINE,,NO INDICATION OF INJURY,17,4,41.9271074087,-87.7172042261,2025,35,POINT (-87.7172042261 41.9271074087),,,,,2025-04-25,False,21,Logan Square
12959,30,TRAFFIC SIGNAL,FUNCTIONING PROPERLY,UNKNOWN,DAYLIGHT,PEDALCYCLIST,FOUR WAY,STRAIGHT AND LEVEL,UNKNOWN,UNKNOWN,Y,FAILING TO REDUCE SPEED TO AVOID CRASH,UNABLE TO DETERMINE,,NONINCAPACITATING INJURY,18,4,41.8858384574,-87.6339725515,2025,30,POINT (-87.6339725515 41.8858384574),,,,,2025-04-25,False,31,Loop
12960,30,NO CONTROLS,NO CONTROLS,RAIN,"DARKNESS, LIGHTED ROAD",PEDALCYCLIST,NOT DIVIDED,STRAIGHT AND LEVEL,OTHER,NO DEFECTS,,FAILING TO YIELD RIGHT-OF-WAY,NOT APPLICABLE,Y,"REPORTED, NOT EVIDENT",19,4,41.9782052631,-87.6684906902,2025,30,POINT (-87.6684906902 41.9782052631),,,,,2025-04-25,False,76,Edgewater
12961,20,STOP SIGN/FLASHER,NO CONTROLS,CLEAR,DAYLIGHT,PEDALCYCLIST,ONE-WAY,STRAIGHT AND LEVEL,DRY,NO DEFECTS,Y,"VISION OBSCURED (SIGNS, TREE LIMBS, BUILDINGS, ETC.)","VISION OBSCURED (SIGNS, TREE LIMBS, BUILDINGS, ETC.)",,NONINCAPACITATING INJURY,10,4,41.8407231179,-87.7087355899,2025,20,POINT (-87.7087355899 41.8407231179),,,,,2025-04-26,False,29,South Lawndale
12962,30,NO CONTROLS,NO CONTROLS,CLEAR,DAYLIGHT,PEDALCYCLIST,NOT DIVIDED,STRAIGHT AND LEVEL,DRY,UNKNOWN,,FAILING TO YIELD RIGHT-OF-WAY,NOT APPLICABLE,,NONINCAPACITATING INJURY,15,4,41.8432237698,-87.7002476088,2025,30,POINT (-87.7002476088 41.8432237698),,,,,2025-04-26,False,29,South Lawndale
12963,30,NO CONTROLS,NO CONTROLS,CLEAR,"DARKNESS, LIGHTED ROAD",PEDALCYCLIST,ROUNDABOUT,STRAIGHT AND LEVEL,DRY,NO DEFECTS,Y,IMPROPER LANE USAGE,IMPROPER LANE USAGE,,NO INDICATION OF INJURY,20,4,41.9974998978,-87.7092879967,2025,30,POINT (-87.7092879967 41.9974998978),,,,,2025-04-26,False,1,West Ridge
12964,30,TRAFFIC SIGNAL,FUNCTIONING PROPERLY,CLEAR,DAYLIGHT,PEDALCYCLIST,FOUR WAY,STRAIGHT AND LEVEL,DRY,NO DEFECTS,Y,DISREGARDING TRAFFIC SIGNALS,DISTRACTION - FROM OUTSIDE VEHICLE,,NONINCAPACITATING INJURY,11,4,41.8757194148,-87.6307628076,2025,30,POINT (-87.6307628076 41.8757194148),,,,,2025-04-27,False,31,Loop
12965,30,NO CONTROLS,NO CONTROLS,CLEAR,DAYLIGHT,PEDALCYCLIST,NOT DIVIDED,STRAIGHT AND LEVEL,DRY,NO DEFECTS,,FAILING TO YIELD RIGHT-OF-WAY,NOT APPLICABLE,,NONINCAPACITATING INJURY,12,4,41.9373354635,-87.6483857332,2025,30,POINT (-87.6483857332 41.9373354635),,,,,2025-04-27,False,5,Lake View
12966,30,NO CONTROLS,NO CONTROLS,CLEAR,DAYLIGHT,PEDALCYCLIST,DIVIDED - W/MEDIAN (NOT RAISED),STRAIGHT AND LEVEL,DRY,NO DEFECTS,,IMPROPER LANE USAGE,IMPROPER LANE USAGE,,"REPORTED, NOT EVIDENT",13,4,41.8695680622,-87.6541759239,2025,30,POINT (-87.6541759239 41.8695680622),,,,,2025-04-27,False,27,Near West Side
12967,25,NO CONTROLS,NO CONTROLS,CLEAR,DAYLIGHT,PEDALCYCLIST,NOT DIVIDED,STRAIGHT AND LEVEL,DRY,NO DEFECTS,Y,UNABLE TO DETERMINE,UNABLE TO DETERMINE,,NONINCAPACITATING INJURY,17,4,41.893280807,-87.677100015,2025,25,POINT (-87.677100015 41.893280807),,,,,2025-04-27,False,23,West Town
12968,35,PEDESTRIAN CROSSING SIGN,UNKNOWN,CLEAR,DAYLIGHT,PEDALCYCLIST,NOT DIVIDED,STRAIGHT AND LEVEL,DRY,UNKNOWN,Y,UNABLE TO DETERMINE,UNABLE TO DETERMINE,,NONINCAPACITATING INJURY,18,4,41.9837919908,-87.6566817863,2025,35,POINT (-87.6566817863 41.9837919908),,,,,2025-04-27,False,76,Edgewater
12969,35,NO CONTROLS,NO CONTROLS,CLEAR,DAYLIGHT,PEDALCYCLIST,NOT DIVIDED,STRAIGHT AND LEVEL,DRY,NO DEFECTS,,FAILING TO YIELD RIGHT-OF-WAY,NOT APPLICABLE,,NONINCAPACITATING INJURY,12,4,41.9301493799,-87.6846468858,2025,35,POINT (-87.6846468858 41.9301493799),,,,,2025-04-28,False,21,Logan Square
12970,30,NO CONTROLS,NO CONTROLS,CLEAR,DAYLIGHT,PEDALCYCLIST,DIVIDED - W/MEDIAN (NOT RAISED),STRAIGHT AND LEVEL,DRY,UNKNOWN,,UNABLE TO DETERMINE,NOT APPLICABLE,,NONINCAPACITATING INJURY,15,4,41.9175184831,-87.7057677765,2025,30,POINT (-87.7057677765 41.9175184831),,,,,2025-04-28,False,21,Logan Square
12971,30,STOP SIGN/FLASHER,FUNCTIONING PROPERLY,CLEAR,DAYLIGHT,PEDALCYCLIST,FOUR WAY,STRAIGHT AND LEVEL,DRY,NO DEFECTS,Y,FAILING TO YIELD RIGHT-OF-WAY,NOT APPLICABLE,,NONINCAPACITATING INJURY,15,4,41.9313366508,-87.7698333105,2025,30,POINT (-87.7698333105 41.9313366508),,,,,2025-04-28,False,18,Belmont Cragin
12972,15,NO CONTROLS,NO CONTROLS,CLEAR,DAYLIGHT,PEDALCYCLIST,ALLEY,STRAIGHT AND LEVEL,DRY,NO DEFECTS,Y,DRIVING SKILLS/KNOWLEDGE/EXPERIENCE,NOT APPLICABLE,,"REPORTED, NOT EVIDENT",17,4,41.9006944059,-87.6966790173,2025,15,POINT (-87.6966790173 41.9006944059),,,,,2025-04-28,False,22,Humboldt Park
12974,30,NO CONTROLS,NO CONTROLS,CLEAR,DAYLIGHT,PEDALCYCLIST,NOT DIVIDED,STRAIGHT AND LEVEL,DRY,NO DEFECTS,,UNABLE TO DETERMINE,UNABLE TO DETERMINE,,"REPORTED, NOT EVIDENT",18,4,41.9057127906,-87.7265426529,2025,30,POINT (-87.7265426529 41.9057127906),,,,,2025-04-28,False,22,Humboldt Park
12975,35,YIELD,UNKNOWN,CLEAR,"DARKNESS, LIGHTED ROAD",PEDALCYCLIST,FOUR WAY,STRAIGHT AND LEVEL,DRY,NO DEFECTS,,FAILING TO YIELD RIGHT-OF-WAY,NOT APPLICABLE,,NONINCAPACITATING INJURY,20,4,41.7734457223,-87.5864247537,2025,35,POINT (-87.5864247537 41.7734457223),,,,,2025-04-28,False,41,Woodlawn
12976,25,TRAFFIC SIGNAL,FUNCTIONING PROPERLY,CLEAR,DAYLIGHT,PEDALCYCLIST,FOUR WAY,STRAIGHT AND LEVEL,DRY,NO DEFECTS,Y,FAILING TO YIELD RIGHT-OF-WAY,DRIVING SKILLS/KNOWLEDGE/EXPERIENCE,,NONINCAPACITATING INJURY,9,4,41.9100627224,-87.702273421,2025,25,POINT (-87.702273421 41.9100627224),,,,,2025-04-29,False,22,Humboldt Park
12977,30,NO CONTROLS,NO CONTROLS,CLEAR,DAYLIGHT,PEDALCYCLIST,NOT DIVIDED,STRAIGHT AND LEVEL,DRY,NO DEFECTS,,DISREGARDING ROAD MARKINGS,FAILING TO YIELD RIGHT-OF-WAY,,NONINCAPACITATING INJURY,11,4,41.8961620372,-87.6685788325,2025,30,POINT (-87.6685788325 41.8961620372),,,,,2025-04-29,False,23,West Town
12978,30,NO CONTROLS,NO CONTROLS,CLEAR,DAYLIGHT,PEDALCYCLIST,NOT DIVIDED,STRAIGHT AND LEVEL,DRY,NO DEFECTS,,UNABLE TO DETERMINE,UNABLE TO DETERMINE,,"REPORTED, NOT EVIDENT",12,4,41.8657809498,-87.7152598453,2025,30,POINT (-87.7152598453 41.8657809498),,,,,2025-04-29,False,28,North Lawndale
12979,30,TRAFFIC SIGNAL,FUNCTIONING PROPERLY,CLEAR,DAYLIGHT,PEDALCYCLIST,NOT DIVIDED,STRAIGHT AND LEVEL,DRY,UNKNOWN,,UNABLE TO DETERMINE,NOT APPLICABLE,,NONINCAPACITATING INJURY,13,4,41.9386837748,-87.7665624938,2025,30,POINT (-87.7665624938 41.9386837748),,,,,2025-04-29,False,14,Portage Park
12980,30,NO CONTROLS,NO CONTROLS,CLEAR,DAYLIGHT,PEDALCYCLIST,DIVIDED - W/MEDIAN (NOT RAISED),STRAIGHT AND LEVEL,DRY,NO DEFECTS,,FAILING TO YIELD RIGHT-OF-WAY,NOT APPLICABLE,,NONINCAPACITATING INJURY,13,4,41.8297597879,-87.6462313849,2025,30,POINT (-87.6462313849 41.8297597879),,,,,2025-04-29,False,59,Bridgeport
12981,30,NO CONTROLS,NO CONTROLS,CLEAR,DAYLIGHT,PEDALCYCLIST,NOT DIVIDED,STRAIGHT AND LEVEL,DRY,NO DEFECTS,,UNABLE TO DETERMINE,NOT APPLICABLE,,NONINCAPACITATING INJURY,15,4,41.874007766,-87.6863826068,2025,30,POINT (-87.6863826068 41.874007766),,,,,2025-04-29,False,27,Near West Side
12982,30,NO CONTROLS,NO CONTROLS,CLEAR,DAYLIGHT,PEDALCYCLIST,FOUR WAY,STRAIGHT AND LEVEL,DRY,NO DEFECTS,Y,UNABLE TO DETERMINE,UNABLE TO DETERMINE,,NONINCAPACITATING INJURY,15,4,41.698991024,-87.6825179805,2025,30,POINT (-87.6825179805 41.698991024),,,,,2025-04-29,False,71,Beverly
12983,30,NO CONTROLS,NO CONTROLS,CLEAR,DAYLIGHT,PEDALCYCLIST,NOT DIVIDED,STRAIGHT AND LEVEL,DRY,NO DEFECTS,,FAILING TO YIELD RIGHT-OF-WAY,NOT APPLICABLE,Y,NONINCAPACITATING INJURY,16,4,41.9076341646,-87.6775345727,2025,30,POINT (-87.6775345727 41.9076341646),,,,,2025-04-29,False,23,West Town
12984,20,TRAFFIC SIGNAL,FUNCTIONING PROPERLY,CLEAR,DAYLIGHT,PEDALCYCLIST,FOUR WAY,STRAIGHT AND LEVEL,DRY,NO DEFECTS,Y,FAILING TO YIELD RIGHT-OF-WAY,UNABLE TO DETERMINE,,NONINCAPACITATING INJURY,16,4,41.9724427,-87.6791500886,2025,20,POINT (-87.6791500886 41.9724427),,,,,2025-04-29,False,3,Lincoln Square
12985,30,TRAFFIC SIGNAL,FUNCTIONING PROPERLY,CLEAR,DAYLIGHT,PEDALCYCLIST,NOT DIVIDED,STRAIGHT AND LEVEL,DRY,OTHER,Y,DRIVING SKILLS/KNOWLEDGE/EXPERIENCE,NOT APPLICABLE,,NO INDICATION OF INJURY,17,4,41.8093335417,-87.6137066225,2025,30,POINT (-87.6137066225 41.8093335417),,,,,2025-04-29,False,37,Grand Boulevard
12986,30,STOP SIGN/FLASHER,FUNCTIONING PROPERLY,CLEAR,DAYLIGHT,PEDALCYCLIST,DIVIDED - W/MEDIAN (NOT RAISED),STRAIGHT AND LEVEL,DRY,NO DEFECTS,,UNABLE TO DETERMINE,NOT APPLICABLE,,"REPORTED, NOT EVIDENT",17,4,41.9673485324,-87.6566750405,2025,30,POINT (-87.6566750405 41.9673485324),,,,,2025-04-29,False,2,Uptown
12987,30,NO CONTROLS,NO CONTROLS,CLEAR,DAYLIGHT,PEDALCYCLIST,T-INTERSECTION,STRAIGHT AND LEVEL,DRY,NO DEFECTS,,UNABLE TO DETERMINE,UNABLE TO DETERMINE,,NONINCAPACITATING INJURY,18,4,41.9199296653,-87.6778233754,2025,30,POINT (-87.6778233754 41.9199296653),,,,,2025-04-29,False,6,Lincoln Park
12988,30,NO CONTROLS,UNKNOWN,CLEAR,DAYLIGHT,PEDALCYCLIST,DIVIDED - W/MEDIAN (NOT RAISED),STRAIGHT AND LEVEL,DRY,UNKNOWN,,UNABLE TO DETERMINE,NOT APPLICABLE,,NO INDICATION OF INJURY,18,4,41.9753432848,-87.7356931416,2025,30,POINT (-87.7356931416 41.9753432848),,,,,2025-04-29,False,11,Forest Glen
12989,30,NO CONTROLS,NO CONTROLS,CLEAR,DUSK,PEDALCYCLIST,NOT DIVIDED,STRAIGHT AND LEVEL,DRY,NO DEFECTS,,UNABLE TO DETERMINE,UNABLE TO DETERMINE,,NONINCAPACITATING INJURY,18,4,41.946280811,-87.6556031281,2025,30,POINT (-87.6556031281 41.946280811),,,,,2025-04-29,False,5,Lake View
12990,30,NO CONTROLS,NO CONTROLS,CLEAR,DAYLIGHT,PEDALCYCLIST,DIVIDED - W/MEDIAN (NOT RAISED),STRAIGHT AND LEVEL,DRY,NO DEFECTS,,PHYSICAL CONDITION OF DRIVER,NOT APPLICABLE,,NO INDICATION OF INJURY,19,4,41.7819767986,-87.7033680881,2025,30,POINT (-87.7033680881 41.7819767986),,,,,2025-04-29,False,65,Chicago Lawn
12991,30,TRAFFIC SIGNAL,FUNCTIONING PROPERLY,CLEAR,DAYLIGHT,PEDALCYCLIST,DIVIDED - W/MEDIAN (NOT RAISED),STRAIGHT AND LEVEL,DRY,NO DEFECTS,Y,FAILING TO YIELD RIGHT-OF-WAY,UNABLE TO DETERMINE,,"REPORTED, NOT EVIDENT",8,4,41.8898512946,-87.6598819932,2025,30,POINT (-87.6598819932 41.8898512946),,,,,2025-04-30,False,23,West Town
12992,30,TRAFFIC SIGNAL,FUNCTIONING PROPERLY,CLOUDY/OVERCAST,DAYLIGHT,PEDALCYCLIST,ONE-WAY,STRAIGHT AND LEVEL,DRY,NO DEFECTS,Y,IMPROPER TURNING/NO SIGNAL,DISREGARDING TRAFFIC SIGNALS,,NONINCAPACITATING INJURY,11,4,41.8932075351,-87.6298422078,2025,30,POINT (-87.6298422078 41.8932075351),,,,,2025-04-30,False,7,Near North Side
12993,30,TRAFFIC SIGNAL,FUNCTIONING PROPERLY,CLEAR,DAYLIGHT,PEDALCYCLIST,FOUR WAY,STRAIGHT AND LEVEL,DRY,NO DEFECTS,Y,UNABLE TO DETERMINE,UNABLE TO DETERMINE,,NO INDICATION OF INJURY,13,4,41.736112454,-87.6286450717,2025,30,POINT (-87.6286450717 41.736112454),,,,,2025-04-30,False,43,Chatham
12994,30,NO CONTROLS,NO CONTROLS,RAIN,DAYLIGHT,PEDALCYCLIST,NOT DIVIDED,STRAIGHT AND LEVEL,WET,UNKNOWN,,FAILING TO YIELD RIGHT-OF-WAY,FAILING TO YIELD RIGHT-OF-WAY,Y,"REPORTED, NOT EVIDENT",15,4,41.8643305831,-87.6511102653,2025,30,POINT (-87.6511102653 41.8643305831),,,,,2025-04-30,False,27,Near West Side
12995,30,TRAFFIC SIGNAL,UNKNOWN,RAIN,DAYLIGHT,PEDALCYCLIST,FOUR WAY,STRAIGHT AND LEVEL,WET,UNKNOWN,,UNABLE TO DETERMINE,UNABLE TO DETERMINE,,NONINCAPACITATING INJURY,15,4,41.7626443313,-87.6008634766,2025,30,POINT (-87.6008634766 41.7626443313),,,,,2025-04-30,False,68,Grand Crossing
12996,30,NO CONTROLS,NO CONTROLS,CLEAR,DAYLIGHT,PEDALCYCLIST,FOUR WAY,STRAIGHT AND LEVEL,DRY,NO DEFECTS,Y,"VISION OBSCURED (SIGNS, TREE LIMBS, BUILDINGS, ETC.)",NOT APPLICABLE,,NONINCAPACITATING INJURY,18,4,41.9293000732,-87.6870519824,2025,30,POINT (-87.6870519824 41.9293000732),,,,,2025-04-30,False,21,Logan Square
12997,30,TRAFFIC SIGNAL,FUNCTIONING PROPERLY,CLEAR,DUSK,PEDALCYCLIST,DIVIDED - W/MEDIAN (NOT RAISED),STRAIGHT AND LEVEL,DRY,NO DEFECTS,,DRIVING SKILLS/KNOWLEDGE/EXPERIENCE,UNABLE TO DETERMINE,Y,NONINCAPACITATING INJURY,19,4,41.9105174709,-87.6345436249,2025,30,POINT (-87.6345436249 41.9105174709),,,,,2025-04-30,False,7,Near North Side
12998,20,NO CONTROLS,NO CONTROLS,CLEAR,DAYLIGHT,PEDALCYCLIST,NOT DIVIDED,STRAIGHT AND LEVEL,DRY,NO DEFECTS,,NOT APPLICABLE,NOT APPLICABLE,,NONINCAPACITATING INJURY,19,4,41.9307957598,-87.7093928081,2025,20,POINT (-87.7093928081 41.9307957598),,,,,2025-04-30,False,21,Logan Square
12999,30,NO CONTROLS,NO CONTROLS,CLEAR,DARKNESS,PEDALCYCLIST,NOT DIVIDED,STRAIGHT AND LEVEL,DRY,NO DEFECTS,,FAILING TO YIELD RIGHT-OF-WAY,IMPROPER LANE USAGE,,NO INDICATION OF INJURY,22,4,41.9769203919,-87.6600294048,2025,30,POINT (-87.6600294048 41.9769203919),,,,,2025-04-30,False,2,Uptown
13000,30,NO CONTROLS,NO CONTROLS,CLEAR,DAYLIGHT,PEDALCYCLIST,NOT DIVIDED,STRAIGHT AND LEVEL,DRY,NO DEFECTS,,UNABLE TO DETERMINE,UNABLE TO DETERMINE,,NO INDICATION OF INJURY,12,5,41.8899145999,-87.6308284102,2025,30,POINT (-87.6308284102 41.8899145999),,,,,2025-05-01,False,7,Near North Side
13001,30,NO CONTROLS,NO CONTROLS,CLOUDY/OVERCAST,DAYLIGHT,PEDALCYCLIST,PARKING LOT,STRAIGHT AND LEVEL,UNKNOWN,NO DEFECTS,,UNABLE TO DETERMINE,UNABLE TO DETERMINE,,NONINCAPACITATING INJURY,7,5,41.879942323,-87.6474527438,2025,30,POINT (-87.6474527438 41.879942323),,,,,2025-05-02,False,27,Near West Side
13002,20,PEDESTRIAN CROSSING SIGN,NO CONTROLS,RAIN,DAYLIGHT,PEDALCYCLIST,NOT DIVIDED,STRAIGHT AND LEVEL,WET,NO DEFECTS,,DISREGARDING YIELD SIGN,FAILING TO YIELD RIGHT-OF-WAY,N,"REPORTED, NOT EVIDENT",8,5,41.9722668627,-87.7013708399,2025,20,POINT (-87.7013708399 41.9722668627),,,,,2025-05-02,False,3,Lincoln Square
13003,30,STOP SIGN/FLASHER,FUNCTIONING PROPERLY,CLEAR,DAYLIGHT,PEDALCYCLIST,FOUR WAY,STRAIGHT AND LEVEL,DRY,NO DEFECTS,Y,FAILING TO YIELD RIGHT-OF-WAY,NOT APPLICABLE,,NONINCAPACITATING INJURY,14,5,41.8648952241,-87.6760490523,2025,30,POINT (-87.6760490523 41.8648952241),,,,,2025-05-02,False,27,Near West Side
13004,20,NO CONTROLS,NO CONTROLS,CLEAR,DAYLIGHT,PEDALCYCLIST,NOT DIVIDED,STRAIGHT AND LEVEL,DRY,NO DEFECTS,,FAILING TO YIELD RIGHT-OF-WAY,UNABLE TO DETERMINE,,NONINCAPACITATING INJURY,15,5,41.915461204,-87.7078457928,2025,20,POINT (-87.7078457928 41.915461204),,,,,2025-05-02,False,21,Logan Square
13005,30,NO CONTROLS,NO CONTROLS,CLEAR,DAYLIGHT,PEDALCYCLIST,DIVIDED - W/MEDIAN BARRIER,STRAIGHT AND LEVEL,DRY,NO DEFECTS,,UNABLE TO DETERMINE,UNABLE TO DETERMINE,,"REPORTED, NOT EVIDENT",15,5,41.8842384965,-87.6508779091,2025,30,POINT (-87.6508779091 41.8842384965),,,,,2025-05-02,False,27,Near West Side
13006,30,NO CONTROLS,NO CONTROLS,CLEAR,"DARKNESS, LIGHTED ROAD",PEDALCYCLIST,ONE-WAY,STRAIGHT AND LEVEL,DRY,NO DEFECTS,,UNABLE TO DETERMINE,NOT APPLICABLE,Y,NO INDICATION OF INJURY,16,5,41.8844561031,-87.6510008441,2025,30,POINT (-87.6510008441 41.8844561031),,,,,2025-05-02,False,27,Near West Side
13007,30,TRAFFIC SIGNAL,FUNCTIONING PROPERLY,CLEAR,DAYLIGHT,PEDALCYCLIST,FOUR WAY,STRAIGHT AND LEVEL,DRY,UNKNOWN,Y,DISREGARDING TRAFFIC SIGNALS,NOT APPLICABLE,,NO INDICATION OF INJURY,19,5,41.8768807268,-87.6396363852,2025,30,POINT (-87.6396363852 41.8768807268),,,,,2025-05-02,False,27,Near West Side
13008,20,NO CONTROLS,NO CONTROLS,CLEAR,DAYLIGHT,PEDALCYCLIST,ALLEY,STRAIGHT AND LEVEL,DRY,NO DEFECTS,,UNABLE TO DETERMINE,NOT APPLICABLE,,NO INDICATION OF INJURY,19,5,41.946984412,-87.6777569981,2025,20,POINT (-87.6777569981 41.946984412),,,,,2025-05-02,False,4,North Center
13009,30,NO CONTROLS,NO CONTROLS,CLEAR,DAYLIGHT,PEDALCYCLIST,DIVIDED - W/MEDIAN (NOT RAISED),STRAIGHT AND LEVEL,DRY,NO DEFECTS,,UNABLE TO DETERMINE,NOT APPLICABLE,,NO INDICATION OF INJURY,11,5,42.0154812762,-87.6752620255,2025,30,POINT (-87.6752620255 42.0154812762),,,,,2025-05-03,False,0,Rogers Park
13010,30,TRAFFIC SIGNAL,FUNCTIONING PROPERLY,CLEAR,DAYLIGHT,PEDALCYCLIST,CENTER TURN LANE,STRAIGHT AND LEVEL,DRY,UNKNOWN,,UNABLE TO DETERMINE,NOT APPLICABLE,,"REPORTED, NOT EVIDENT",13,5,41.8804450632,-87.7454225261,2025,30,POINT (-87.7454225261 41.8804450632),,,,,2025-05-03,False,24,Austin
13011,30,STOP SIGN/FLASHER,FUNCTIONING PROPERLY,CLEAR,DAYLIGHT,PEDALCYCLIST,FOUR WAY,STRAIGHT AND LEVEL,DRY,NO DEFECTS,Y,DISREGARDING YIELD SIGN,UNABLE TO DETERMINE,,NO INDICATION OF INJURY,16,5,41.7759816472,-87.6472659093,2025,30,POINT (-87.6472659093 41.7759816472),,,,,2025-05-03,False,67,Englewood
13012,30,TRAFFIC SIGNAL,FUNCTIONING PROPERLY,CLOUDY/OVERCAST,DAYLIGHT,PEDALCYCLIST,FOUR WAY,STRAIGHT AND LEVEL,DRY,NO DEFECTS,,FAILING TO YIELD RIGHT-OF-WAY,UNABLE TO DETERMINE,,NO INDICATION OF INJURY,11,5,41.721104307,-87.6770757497,2025,30,POINT (-87.6770757497 41.721104307),,,,,2025-05-04,False,71,Beverly
13013,30,TRAFFIC SIGNAL,FUNCTIONING PROPERLY,CLEAR,DAYLIGHT,PEDALCYCLIST,T-INTERSECTION,STRAIGHT AND LEVEL,DRY,NO DEFECTS,,UNABLE TO DETERMINE,NOT APPLICABLE,,NO INDICATION OF INJURY,7,5,41.9095840293,-87.7527954775,2025,30,POINT (-87.7527954775 41.9095840293),,,,,2025-05-05,False,24,Austin
13014,30,OTHER,OTHER,CLEAR,DAYLIGHT,PEDALCYCLIST,NOT DIVIDED,STRAIGHT AND LEVEL,DRY,NO DEFECTS,,FAILING TO YIELD RIGHT-OF-WAY,FAILING TO REDUCE SPEED TO AVOID CRASH,,NONINCAPACITATING INJURY,9,5,41.8388723304,-87.6461509665,2025,30,POINT (-87.6461509665 41.8388723304),,,,,2025-05-05,False,30,Lower West Side
13015,30,NO CONTROLS,NO CONTROLS,CLEAR,DAYLIGHT,PEDALCYCLIST,NOT DIVIDED,STRAIGHT AND LEVEL,DRY,NO DEFECTS,,UNABLE TO DETERMINE,UNABLE TO DETERMINE,Y,NONINCAPACITATING INJURY,10,5,41.9341688171,-87.6611754225,2025,30,POINT (-87.6611754225 41.9341688171),,,,,2025-05-05,False,5,Lake View
13016,30,STOP SIGN/FLASHER,OTHER,CLEAR,DAYLIGHT,PEDALCYCLIST,FOUR WAY,STRAIGHT AND LEVEL,DRY,NO DEFECTS,Y,UNABLE TO DETERMINE,NOT APPLICABLE,,NONINCAPACITATING INJURY,15,5,41.9831908927,-87.7068112962,2025,30,POINT (-87.7068112962 41.9831908927),,,,,2025-05-05,False,1,West Ridge
13017,30,TRAFFIC SIGNAL,FUNCTIONING PROPERLY,CLEAR,DAYLIGHT,PEDALCYCLIST,DIVIDED - W/MEDIAN (NOT RAISED),STRAIGHT AND LEVEL,DRY,UNKNOWN,Y,FAILING TO YIELD RIGHT-OF-WAY,FAILING TO YIELD RIGHT-OF-WAY,,NONINCAPACITATING INJURY,16,5,41.8908920257,-87.6243048291,2025,30,POINT (-87.6243048291 41.8908920257),,,,,2025-05-05,False,7,Near North Side
13018,30,NO CONTROLS,NO CONTROLS,CLEAR,DAYLIGHT,PEDALCYCLIST,NOT DIVIDED,STRAIGHT AND LEVEL,DRY,NO DEFECTS,,UNABLE TO DETERMINE,NOT APPLICABLE,,NO INDICATION OF INJURY,17,5,41.91973003,-87.6409859497,2025,30,POINT (-87.6409859497 41.91973003),,,,,2025-05-05,False,6,Lincoln Park
13019,30,NO CONTROLS,NO CONTROLS,CLEAR,DAYLIGHT,PEDALCYCLIST,NOT DIVIDED,STRAIGHT AND LEVEL,DRY,NO DEFECTS,,FAILING TO REDUCE SPEED TO AVOID CRASH,UNABLE TO DETERMINE,,"REPORTED, NOT EVIDENT",18,5,41.9647978238,-87.7201360455,2025,30,POINT (-87.7201360455 41.9647978238),,,,,2025-05-05,False,13,Albany Park
13020,20,NO CONTROLS,NO CONTROLS,CLEAR,DAYLIGHT,PEDALCYCLIST,RAMP,STRAIGHT AND LEVEL,DRY,UNKNOWN,,NOT APPLICABLE,NOT APPLICABLE,,"REPORTED, NOT EVIDENT",18,5,41.8820882269,-87.633685025,2025,20,POINT (-87.633685025 41.8820882269),,,,,2025-05-05,False,31,Loop
13021,30,NO CONTROLS,NO CONTROLS,CLEAR,DAYLIGHT,PEDALCYCLIST,DIVIDED - W/MEDIAN (NOT RAISED),STRAIGHT AND LEVEL,DRY,UNKNOWN,,NOT APPLICABLE,NOT APPLICABLE,Y,NONINCAPACITATING INJURY,20,5,41.9175095673,-87.6777596901,2025,30,POINT (-87.6777596901 41.9175095673),,,,,2025-05-05,False,6,Lincoln Park
13022,25,NO CONTROLS,NO CONTROLS,CLEAR,"DARKNESS, LIGHTED ROAD",PEDALCYCLIST,DIVIDED - W/MEDIAN (NOT RAISED),STRAIGHT AND LEVEL,DRY,WORN SURFACE,N,"OPERATING VEHICLE IN ERRATIC, RECKLESS, CARELESS, NEGLIGENT OR AGGRESSIVE MANNER","OPERATING VEHICLE IN ERRATIC, RECKLESS, CARELESS, NEGLIGENT OR AGGRESSIVE MANNER",,NONINCAPACITATING INJURY,23,5,41.8491154482,-87.6320781167,2025,25,POINT (-87.6320781167 41.8491154482),,,,,2025-05-05,False,32,Near South Side
13023,30,STOP SIGN/FLASHER,FUNCTIONING PROPERLY,CLEAR,DAYLIGHT,PEDALCYCLIST,T-INTERSECTION,STRAIGHT AND LEVEL,DRY,NO DEFECTS,,UNABLE TO DETERMINE,NOT APPLICABLE,,NONINCAPACITATING INJURY,9,5,41.7916513889,-87.5884322422,2025,30,POINT (-87.5884322422 41.7916513889),,,,,2025-05-06,False,40,Hyde Park