Unnamed: 0,POSTED_SPEED_LIMIT,TRAFFIC_CONTROL_DEVICE,DEVICE_CONDITION,WEATHER_CONDITION,LIGHTING_CONDITION,FIRST_CRASH_TYPE,TRAFFICWAY_TYPE,ALIGNMENT,ROADWAY_SURFACE_COND,ROAD_DEFECT,INTERSECTION_RELATED_I,PRIM_CONTRIBUTORY_CAUSE,SEC_CONTRIBUTORY_CAUSE,DOORING_I,MOST_SEVERE_INJURY,CRASH_HOUR,CRASH_MONTH,LATITUDE,LONGITUDE,CRASH_YEAR,SPEED_LIMIT,geometry,DISPLAYROU,the_geom,DIST,LANE_TYPE,CRASH_DATE,is_severe,index_right,CArea
13024,30,NO CONTROLS,NO CONTROLS,CLEAR,DAYLIGHT,PEDALCYCLIST,NOT DIVIDED,STRAIGHT AND LEVEL,DRY,NO DEFECTS,,FAILING TO YIELD RIGHT-OF-WAY,UNABLE TO DETERMINE,Y,"REPORTED, NOT EVIDENT",9,5,41.8907194681,-87.6819498523,2025,30,POINT (-87.6819498523 41.8907194681),,,,,2025-05-06,False,23,West Town
13025,30,TRAFFIC SIGNAL,FUNCTIONING PROPERLY,CLEAR,DAYLIGHT,PEDALCYCLIST,NOT DIVIDED,STRAIGHT AND LEVEL,DRY,NO DEFECTS,Y,FAILING TO YIELD RIGHT-OF-WAY,UNABLE TO DETERMINE,,NONINCAPACITATING INJURY,13,5,41.9943950129,-87.6700015859,2025,30,POINT (-87.6700015859 41.9943950129),,,,,2025-05-06,False,76,Edgewater
13026,30,TRAFFIC SIGNAL,OTHER,CLEAR,DAYLIGHT,PEDALCYCLIST,FOUR WAY,STRAIGHT AND LEVEL,DRY,UNKNOWN,Y,FAILING TO YIELD RIGHT-OF-WAY,FAILING TO YIELD RIGHT-OF-WAY,,INCAPACITATING INJURY,14,5,41.8715209894,-87.666407374,2025,30,POINT (-87.666407374 41.8715209894),,,,,2025-05-06,True,27,Near West Side
13027,15,NO CONTROLS,NO CONTROLS,CLEAR,DAYLIGHT,PEDALCYCLIST,ALLEY,STRAIGHT AND LEVEL,DRY,NO DEFECTS,,UNABLE TO DETERMINE,UNABLE TO DETERMINE,,INCAPACITATING INJURY,15,5,41.8416165264,-87.6432915399,2025,15,POINT (-87.6432915399 41.8416165264),,,,,2025-05-06,True,30,Lower West Side
13028,30,STOP SIGN/FLASHER,FUNCTIONING PROPERLY,CLEAR,DAYLIGHT,PEDALCYCLIST,FOUR WAY,STRAIGHT AND LEVEL,WET,NO DEFECTS,Y,FAILING TO YIELD RIGHT-OF-WAY,NOT APPLICABLE,,NO INDICATION OF INJURY,17,5,42.0160434401,-87.6704615002,2025,30,POINT (-87.6704615002 42.0160434401),,,,,2025-05-06,False,0,Rogers Park
13029,30,YIELD,FUNCTIONING PROPERLY,CLEAR,DAYLIGHT,PEDALCYCLIST,NOT DIVIDED,STRAIGHT ON GRADE,DRY,UNKNOWN,Y,FAILING TO YIELD RIGHT-OF-WAY,FAILING TO YIELD RIGHT-OF-WAY,,NONINCAPACITATING INJURY,17,5,41.8880703776,-87.6296922567,2025,30,POINT (-87.6296922567 41.8880703776),,,,,2025-05-06,False,7,Near North Side
13030,30,STOP SIGN/FLASHER,NO CONTROLS,CLEAR,DAYLIGHT,PEDALCYCLIST,NOT DIVIDED,STRAIGHT AND LEVEL,UNKNOWN,UNKNOWN,,DISREGARDING ROAD MARKINGS,NOT APPLICABLE,,NO INDICATION OF INJURY,18,5,41.905638074,-87.6343914684,2025,30,POINT (-87.6343914684 41.905638074),,,,,2025-05-06,False,7,Near North Side
13031,25,NO CONTROLS,NO CONTROLS,CLEAR,DAYLIGHT,PEDALCYCLIST,NOT DIVIDED,STRAIGHT AND LEVEL,DRY,NO DEFECTS,,UNABLE TO DETERMINE,UNABLE TO DETERMINE,,NONINCAPACITATING INJURY,7,5,41.9646426931,-87.6525308334,2025,25,POINT (-87.6525308334 41.9646426931),,,,,2025-05-07,False,2,Uptown
13033,30,UNKNOWN,UNKNOWN,CLEAR,DAYLIGHT,PEDALCYCLIST,T-INTERSECTION,STRAIGHT AND LEVEL,UNKNOWN,UNKNOWN,,FAILING TO YIELD RIGHT-OF-WAY,NOT APPLICABLE,,NONINCAPACITATING INJURY,18,5,41.9421239063,-87.6442702205,2025,30,POINT (-87.6442702205 41.9421239063),,,,,2025-05-07,False,5,Lake View
13034,40,NO CONTROLS,NO CONTROLS,CLEAR,DAYLIGHT,PEDALCYCLIST,NOT DIVIDED,STRAIGHT AND LEVEL,DRY,NO DEFECTS,,UNABLE TO DETERMINE,NOT APPLICABLE,,INCAPACITATING INJURY,18,5,41.7656138745,-87.6145300292,2025,40,POINT (-87.6145300292 41.7656138745),,,,,2025-05-07,True,68,Grand Crossing
13035,20,NO CONTROLS,NO CONTROLS,CLEAR,DAWN,PEDALCYCLIST,ONE-WAY,STRAIGHT AND LEVEL,DRY,NO DEFECTS,,FOLLOWING TOO CLOSELY,NOT APPLICABLE,,NO INDICATION OF INJURY,19,5,41.9434538683,-87.6687052,2025,20,POINT (-87.6687052 41.9434538683),,,,,2025-05-07,False,5,Lake View
13036,20,TRAFFIC SIGNAL,FUNCTIONING PROPERLY,CLOUDY/OVERCAST,DAYLIGHT,PEDALCYCLIST,FOUR WAY,STRAIGHT AND LEVEL,DRY,NO DEFECTS,Y,FAILING TO YIELD RIGHT-OF-WAY,UNABLE TO DETERMINE,N,INCAPACITATING INJURY,7,5,41.8480317516,-87.7050827519,2025,20,POINT (-87.7050827519 41.8480317516),,,,,2025-05-08,True,28,North Lawndale
13037,30,NO CONTROLS,NO CONTROLS,CLEAR,DAYLIGHT,PEDALCYCLIST,DIVIDED - W/MEDIAN (NOT RAISED),STRAIGHT AND LEVEL,DRY,NO DEFECTS,,NOT APPLICABLE,NOT APPLICABLE,Y,NO INDICATION OF INJURY,8,5,41.9170058379,-87.7304374388,2025,30,POINT (-87.7304374388 41.9170058379),,,,,2025-05-08,False,19,Hermosa
13038,30,NO CONTROLS,UNKNOWN,CLEAR,DAYLIGHT,PEDALCYCLIST,NOT DIVIDED,STRAIGHT AND LEVEL,DRY,NO DEFECTS,,UNABLE TO DETERMINE,UNABLE TO DETERMINE,Y,NONINCAPACITATING INJURY,12,5,41.7517911517,-87.5535710746,2025,30,POINT (-87.5535710746 41.7517911517),,,,,2025-05-08,False,42,South Shore
13039,30,TRAFFIC SIGNAL,UNKNOWN,UNKNOWN,UNKNOWN,PEDALCYCLIST,FOUR WAY,STRAIGHT AND LEVEL,UNKNOWN,UNKNOWN,Y,UNABLE TO DETERMINE,UNABLE TO DETERMINE,,"REPORTED, NOT EVIDENT",8,5,41.9614562863,-87.6545948698,2025,30,POINT (-87.6545948698 41.9614562863),,,,,2025-05-09,False,2,Uptown
13040,35,TRAFFIC SIGNAL,FUNCTIONING PROPERLY,CLEAR,DAYLIGHT,PEDALCYCLIST,NOT DIVIDED,STRAIGHT AND LEVEL,DRY,NO DEFECTS,,NOT APPLICABLE,NOT APPLICABLE,Y,"REPORTED, NOT EVIDENT",10,5,41.9101325324,-87.697188391,2025,35,POINT (-87.697188391 41.9101325324),,,,,2025-05-09,False,22,Humboldt Park
13041,30,NO CONTROLS,NO CONTROLS,CLEAR,DAYLIGHT,PEDALCYCLIST,T-INTERSECTION,STRAIGHT AND LEVEL,DRY,NO DEFECTS,Y,FAILING TO YIELD RIGHT-OF-WAY,UNABLE TO DETERMINE,,NONINCAPACITATING INJURY,14,5,41.8107718439,-87.7098777742,2025,30,POINT (-87.7098777742 41.8107718439),,,,,2025-05-09,False,57,Brighton Park
13042,30,NO CONTROLS,NO CONTROLS,CLEAR,DAYLIGHT,PEDALCYCLIST,DIVIDED - W/MEDIAN (NOT RAISED),STRAIGHT AND LEVEL,DRY,NO DEFECTS,,UNABLE TO DETERMINE,NOT APPLICABLE,,NONINCAPACITATING INJURY,18,5,41.9130035491,-87.7262836637,2025,30,POINT (-87.7262836637 41.9130035491),,,,,2025-05-09,False,22,Humboldt Park
13043,30,NO CONTROLS,NO CONTROLS,CLEAR,DAYLIGHT,PEDALCYCLIST,DIVIDED - W/MEDIAN (NOT RAISED),STRAIGHT AND LEVEL,DRY,NO DEFECTS,,IMPROPER LANE USAGE,IMPROPER LANE USAGE,,NONINCAPACITATING INJURY,19,5,41.9382201304,-87.7850954424,2025,30,POINT (-87.7850954424 41.9382201304),,,,,2025-05-09,False,16,Dunning
13044,30,NO CONTROLS,NO CONTROLS,CLEAR,DAYLIGHT,PEDALCYCLIST,NOT DIVIDED,STRAIGHT AND LEVEL,DRY,UNKNOWN,,FAILING TO YIELD RIGHT-OF-WAY,NOT APPLICABLE,,"REPORTED, NOT EVIDENT",14,5,41.9655175288,-87.6569178438,2025,30,POINT (-87.6569178438 41.9655175288),,,,,2025-05-10,False,2,Uptown
13045,30,TRAFFIC SIGNAL,FUNCTIONING PROPERLY,CLEAR,DAYLIGHT,PEDALCYCLIST,DIVIDED - W/MEDIAN (NOT RAISED),STRAIGHT AND LEVEL,DRY,NO DEFECTS,,FOLLOWING TOO CLOSELY,UNABLE TO DETERMINE,,NO INDICATION OF INJURY,14,5,41.9099285213,-87.7165675241,2025,30,POINT (-87.7165675241 41.9099285213),,,,,2025-05-10,False,22,Humboldt Park
13046,10,NO CONTROLS,NO CONTROLS,CLEAR,DAYLIGHT,PEDALCYCLIST,OTHER,STRAIGHT AND LEVEL,DRY,NO DEFECTS,,UNABLE TO DETERMINE,UNABLE TO DETERMINE,,NO INDICATION OF INJURY,14,5,41.8673683271,-87.6386402433,2025,10,POINT (-87.6386402433 41.8673683271),,,,,2025-05-11,False,27,Near West Side
13047,30,TRAFFIC SIGNAL,FUNCTIONING PROPERLY,CLEAR,DAYLIGHT,PEDALCYCLIST,DIVIDED - W/MEDIAN BARRIER,STRAIGHT AND LEVEL,DRY,NO DEFECTS,Y,FAILING TO YIELD RIGHT-OF-WAY,UNABLE TO DETERMINE,Y,NONINCAPACITATING INJURY,15,5,41.9633211952,-87.6694475751,2025,30,POINT (-87.6694475751 41.9633211952),,,,,2025-05-11,False,2,Uptown
13048,30,NO CONTROLS,NO CONTROLS,CLEAR,DAYLIGHT,PEDALCYCLIST,NOT DIVIDED,STRAIGHT AND LEVEL,DRY,NO DEFECTS,,DRIVING SKILLS/KNOWLEDGE/EXPERIENCE,UNABLE TO DETERMINE,,NONINCAPACITATING INJURY,16,5,41.8863750956,-87.6476401728,2025,30,POINT (-87.6476401728 41.8863750956),,,,,2025-05-11,False,7,Near North Side
13049,20,NO CONTROLS,NO CONTROLS,CLEAR,DAYLIGHT,PEDALCYCLIST,OTHER,STRAIGHT AND LEVEL,DRY,NO DEFECTS,,FAILING TO YIELD RIGHT-OF-WAY,UNABLE TO DETERMINE,,NONINCAPACITATING INJURY,17,5,41.8678670902,-87.6256868412,2025,20,POINT (-87.6256868412 41.8678670902),,,,,2025-05-11,False,31,Loop
13050,30,NO CONTROLS,NO CONTROLS,CLEAR,DAYLIGHT,PEDALCYCLIST,NOT DIVIDED,STRAIGHT AND LEVEL,DRY,NO DEFECTS,,DRIVING SKILLS/KNOWLEDGE/EXPERIENCE,NOT APPLICABLE,,INCAPACITATING INJURY,19,5,41.8862252842,-87.6444075235,2025,30,POINT (-87.6444075235 41.8862252842),,,,,2025-05-11,True,27,Near West Side
13051,30,NO CONTROLS,NO CONTROLS,CLEAR,"DARKNESS, LIGHTED ROAD",PEDALCYCLIST,NOT DIVIDED,STRAIGHT AND LEVEL,DRY,UNKNOWN,,UNABLE TO DETERMINE,UNABLE TO DETERMINE,,NONINCAPACITATING INJURY,21,5,41.8712425303,-87.7450728344,2025,30,POINT (-87.7450728344 41.8712425303),,,,,2025-05-11,False,24,Austin
13052,30,TRAFFIC SIGNAL,FUNCTIONING PROPERLY,CLEAR,"DARKNESS, LIGHTED ROAD",PEDALCYCLIST,NOT DIVIDED,STRAIGHT AND LEVEL,DRY,NO DEFECTS,Y,DISREGARDING TRAFFIC SIGNALS,UNABLE TO DETERMINE,,"REPORTED, NOT EVIDENT",21,5,41.9175471279,-87.7025110136,2025,30,POINT (-87.7025110136 41.9175471279),,,,,2025-05-11,False,21,Logan Square
13053,30,TRAFFIC SIGNAL,FUNCTIONING PROPERLY,CLEAR,"DARKNESS, LIGHTED ROAD",PEDALCYCLIST,FOUR WAY,STRAIGHT AND LEVEL,DRY,UNKNOWN,,FAILING TO YIELD RIGHT-OF-WAY,NOT APPLICABLE,N,NONINCAPACITATING INJURY,22,5,41.8850994322,-87.7210108007,2025,30,POINT (-87.7210108007 41.8850994322),,,,,2025-05-11,False,25,Garfield Park
13054,20,NO CONTROLS,NO CONTROLS,CLEAR,DAYLIGHT,PEDALCYCLIST,T-INTERSECTION,STRAIGHT AND LEVEL,DRY,NO DEFECTS,Y,IMPROPER TURNING/NO SIGNAL,NOT APPLICABLE,,NO INDICATION OF INJURY,11,5,41.8962261353,-87.6511551495,2025,20,POINT (-87.6511551495 41.8962261353),,,,,2025-05-12,False,7,Near North Side
13055,30,NO CONTROLS,NO CONTROLS,CLEAR,DAYLIGHT,PEDALCYCLIST,NOT DIVIDED,STRAIGHT AND LEVEL,DRY,NO DEFECTS,,FAILING TO YIELD RIGHT-OF-WAY,DRIVING SKILLS/KNOWLEDGE/EXPERIENCE,,NO INDICATION OF INJURY,12,5,41.9168895249,-87.6669047824,2025,30,POINT (-87.6669047824 41.9168895249),,,,,2025-05-12,False,6,Lincoln Park
13056,25,NO CONTROLS,NO CONTROLS,CLEAR,DAYLIGHT,PEDALCYCLIST,NOT DIVIDED,STRAIGHT AND LEVEL,DRY,NO DEFECTS,,FAILING TO YIELD RIGHT-OF-WAY,FAILING TO REDUCE SPEED TO AVOID CRASH,,NONINCAPACITATING INJURY,14,5,41.9085444309,-87.6775569415,2025,25,POINT (-87.6775569415 41.9085444309),,,,,2025-05-12,False,23,West Town
13057,30,STOP SIGN/FLASHER,FUNCTIONING PROPERLY,CLEAR,DAYLIGHT,PEDALCYCLIST,NOT DIVIDED,STRAIGHT AND LEVEL,DRY,NO DEFECTS,Y,UNABLE TO DETERMINE,NOT APPLICABLE,,NO INDICATION OF INJURY,15,5,41.7971887762,-87.6940429178,2025,30,POINT (-87.6940429178 41.7971887762),,,,,2025-05-12,False,62,Gage Park
13058,30,TRAFFIC SIGNAL,FUNCTIONING PROPERLY,CLEAR,DAYLIGHT,PEDALCYCLIST,FOUR WAY,STRAIGHT AND LEVEL,DRY,UNKNOWN,Y,FAILING TO REDUCE SPEED TO AVOID CRASH,NOT APPLICABLE,,NO INDICATION OF INJURY,16,5,41.7568971726,-87.5862342851,2025,30,POINT (-87.5862342851 41.7568971726),,,,,2025-05-12,False,42,South Shore
13059,30,NO CONTROLS,NO CONTROLS,CLEAR,DAYLIGHT,PEDALCYCLIST,Y-INTERSECTION,STRAIGHT ON GRADE,DRY,NO DEFECTS,Y,FAILING TO YIELD RIGHT-OF-WAY,NOT APPLICABLE,,NO INDICATION OF INJURY,17,5,41.9192664688,-87.6911860836,2025,30,POINT (-87.6911860836 41.9192664688),,,,,2025-05-12,False,21,Logan Square
13060,20,TRAFFIC SIGNAL,FUNCTIONING PROPERLY,CLEAR,"DARKNESS, LIGHTED ROAD",PEDALCYCLIST,NOT DIVIDED,STRAIGHT AND LEVEL,DRY,NO DEFECTS,Y,DISREGARDING TRAFFIC SIGNALS,FAILING TO REDUCE SPEED TO AVOID CRASH,,NONINCAPACITATING INJURY,20,5,41.9676962409,-87.7180858773,2025,20,POINT (-87.7180858773 41.9676962409),,,,,2025-05-12,False,13,Albany Park
13061,30,TRAFFIC SIGNAL,FUNCTIONING PROPERLY,CLEAR,DAYLIGHT,PEDALCYCLIST,DIVIDED - W/MEDIAN (NOT RAISED),STRAIGHT AND LEVEL,DRY,UNKNOWN,,FAILING TO YIELD RIGHT-OF-WAY,NOT APPLICABLE,,NONINCAPACITATING INJURY,7,5,41.8992453202,-87.7065292385,2025,30,POINT (-87.7065292385 41.8992453202),,,,,2025-05-13,False,22,Humboldt Park
13062,30,TRAFFIC SIGNAL,FUNCTIONING PROPERLY,CLEAR,DAYLIGHT,PEDALCYCLIST,"FIVE POINT, OR MORE",STRAIGHT AND LEVEL,DRY,NO DEFECTS,Y,FAILING TO YIELD RIGHT-OF-WAY,DRIVING SKILLS/KNOWLEDGE/EXPERIENCE,,NONINCAPACITATING INJURY,7,5,41.9316061124,-87.711795361,2025,30,POINT (-87.711795361 41.9316061124),,,,,2025-05-13,False,21,Logan Square
13063,30,NO CONTROLS,NO CONTROLS,CLEAR,DAYLIGHT,PEDALCYCLIST,"FIVE POINT, OR MORE",STRAIGHT AND LEVEL,DRY,NO DEFECTS,Y,FAILING TO REDUCE SPEED TO AVOID CRASH,NOT APPLICABLE,,NO INDICATION OF INJURY,7,5,41.9316061124,-87.711795361,2025,30,POINT (-87.711795361 41.9316061124),,,,,2025-05-13,False,21,Logan Square
13064,15,NO CONTROLS,NO CONTROLS,CLEAR,DAYLIGHT,PEDALCYCLIST,ALLEY,STRAIGHT AND LEVEL,DRY,UNKNOWN,,UNABLE TO DETERMINE,UNABLE TO DETERMINE,,"REPORTED, NOT EVIDENT",8,5,41.7844903502,-87.6923796314,2025,15,POINT (-87.6923796314 41.7844903502),,,,,2025-05-13,False,65,Chicago Lawn
13065,30,STOP SIGN/FLASHER,FUNCTIONING PROPERLY,CLEAR,DAYLIGHT,PEDALCYCLIST,NOT DIVIDED,STRAIGHT AND LEVEL,DRY,NO DEFECTS,,FAILING TO YIELD RIGHT-OF-WAY,EQUIPMENT - VEHICLE CONDITION,,NONINCAPACITATING INJURY,14,5,41.841842147,-87.6427944542,2025,30,POINT (-87.6427944542 41.841842147),,,,,2025-05-13,False,30,Lower West Side
13066,15,NO CONTROLS,NO CONTROLS,CLEAR,DAYLIGHT,PEDALCYCLIST,NOT DIVIDED,STRAIGHT AND LEVEL,DRY,NO DEFECTS,,DRIVING ON WRONG SIDE/WRONG WAY,FAILING TO YIELD RIGHT-OF-WAY,,NO INDICATION OF INJURY,14,5,41.9316689288,-87.7446649232,2025,15,POINT (-87.7446649232 41.9316689288),,,,,2025-05-13,False,18,Belmont Cragin
13067,30,TRAFFIC SIGNAL,FUNCTIONING PROPERLY,CLEAR,DAYLIGHT,PEDALCYCLIST,NOT DIVIDED,STRAIGHT AND LEVEL,DRY,NO DEFECTS,Y,IMPROPER LANE USAGE,NOT APPLICABLE,,NO INDICATION OF INJURY,14,5,41.7777700845,-87.7811218356,2025,30,POINT (-87.7811218356 41.7777700845),,,,,2025-05-13,False,63,Clearing
13068,30,NO CONTROLS,NO CONTROLS,CLEAR,DAYLIGHT,PEDALCYCLIST,DIVIDED - W/MEDIAN (NOT RAISED),STRAIGHT AND LEVEL,DRY,NO DEFECTS,,UNABLE TO DETERMINE,UNABLE TO DETERMINE,,NO INDICATION OF INJURY,15,5,41.890153575,-87.6516856656,2025,30,POINT (-87.6516856656 41.890153575),,,,,2025-05-13,False,7,Near North Side
13069,30,NO CONTROLS,NO CONTROLS,CLEAR,DAYLIGHT,PEDALCYCLIST,NOT DIVIDED,STRAIGHT AND LEVEL,DRY,UNKNOWN,,FAILING TO YIELD RIGHT-OF-WAY,NOT APPLICABLE,Y,NONINCAPACITATING INJURY,16,5,41.9127630537,-87.682404803,2025,30,POINT (-87.682404803 41.9127630537),,,,,2025-05-13,False,6,Lincoln Park
13070,30,UNKNOWN,UNKNOWN,CLEAR,DAYLIGHT,PEDALCYCLIST,NOT DIVIDED,STRAIGHT AND LEVEL,DRY,UNKNOWN,,UNABLE TO DETERMINE,UNABLE TO DETERMINE,,NONINCAPACITATING INJURY,16,5,41.8368315856,-87.7220531597,2025,30,POINT (-87.7220531597 41.8368315856),,,,,2025-05-13,False,29,South Lawndale
13071,30,NO CONTROLS,NO CONTROLS,CLEAR,DAYLIGHT,PEDALCYCLIST,NOT DIVIDED,STRAIGHT AND LEVEL,DRY,NO DEFECTS,,FAILING TO YIELD RIGHT-OF-WAY,NOT APPLICABLE,,"REPORTED, NOT EVIDENT",17,5,41.9157420147,-87.6485589274,2025,30,POINT (-87.6485589274 41.9157420147),,,,,2025-05-13,False,6,Lincoln Park
13072,30,UNKNOWN,NO CONTROLS,CLEAR,DAYLIGHT,PEDALCYCLIST,FOUR WAY,STRAIGHT AND LEVEL,DRY,UNKNOWN,Y,UNABLE TO DETERMINE,UNABLE TO DETERMINE,,NONINCAPACITATING INJURY,18,5,41.9317102322,-87.744299165,2025,30,POINT (-87.744299165 41.9317102322),,,,,2025-05-13,False,18,Belmont Cragin
13073,35,TRAFFIC SIGNAL,FUNCTIONING PROPERLY,CLEAR,"DARKNESS, LIGHTED ROAD",PEDALCYCLIST,DIVIDED - W/MEDIAN (NOT RAISED),STRAIGHT AND LEVEL,DRY,NO DEFECTS,Y,DISREGARDING TRAFFIC SIGNALS,NOT APPLICABLE,,NONINCAPACITATING INJURY,19,5,41.9526563164,-87.8066707568,2025,35,POINT (-87.8066707568 41.9526563164),,,,,2025-05-13,False,16,Dunning
13074,30,TRAFFIC SIGNAL,FUNCTIONING PROPERLY,CLEAR,DAYLIGHT,PEDALCYCLIST,FOUR WAY,STRAIGHT AND LEVEL,DRY,NO DEFECTS,Y,DISREGARDING TRAFFIC SIGNALS,FAILING TO YIELD RIGHT-OF-WAY,,NONINCAPACITATING INJURY,7,5,41.8589135037,-87.7103873265,2025,30,POINT (-87.7103873265 41.8589135037),,,,,2025-05-14,False,28,North Lawndale
13075,30,NO CONTROLS,NO CONTROLS,CLEAR,DAYLIGHT,PEDALCYCLIST,PARKING LOT,STRAIGHT AND LEVEL,DRY,NO DEFECTS,,FOLLOWING TOO CLOSELY,NOT APPLICABLE,,NO INDICATION OF INJURY,14,5,41.9097416713,-87.7456374811,2025,30,POINT (-87.7456374811 41.9097416713),,,,,2025-05-14,False,24,Austin
13076,30,STOP SIGN/FLASHER,FUNCTIONING PROPERLY,CLEAR,DAYLIGHT,PEDALCYCLIST,FOUR WAY,STRAIGHT AND LEVEL,DRY,NO DEFECTS,Y,FOLLOWING TOO CLOSELY,FAILING TO YIELD RIGHT-OF-WAY,,NONINCAPACITATING INJURY,15,5,41.8856136231,-87.6567454885,2025,30,POINT (-87.6567454885 41.8856136231),,,,,2025-05-14,False,27,Near West Side
13077,30,NO CONTROLS,NO CONTROLS,CLEAR,DAYLIGHT,PEDALCYCLIST,NOT DIVIDED,STRAIGHT AND LEVEL,DRY,NO DEFECTS,Y,UNABLE TO DETERMINE,NOT APPLICABLE,,NO INDICATION OF INJURY,15,5,41.9373685949,-87.7074270536,2025,30,POINT (-87.7074270536 41.9373685949),,,,,2025-05-14,False,20,Avondale
13078,30,NO CONTROLS,NO CONTROLS,CLEAR,DAYLIGHT,PEDALCYCLIST,OTHER,STRAIGHT AND LEVEL,DRY,NO DEFECTS,,IMPROPER BACKING,CELL PHONE USE OTHER THAN TEXTING,,NONINCAPACITATING INJURY,16,5,41.8567370495,-87.6318831301,2025,30,POINT (-87.6318831301 41.8567370495),,,,,2025-05-14,False,32,Near South Side
13079,30,STOP SIGN/FLASHER,FUNCTIONING PROPERLY,CLEAR,DAYLIGHT,PEDALCYCLIST,CENTER TURN LANE,STRAIGHT AND LEVEL,DRY,NO DEFECTS,Y,UNABLE TO DETERMINE,UNABLE TO DETERMINE,,NONINCAPACITATING INJURY,16,5,41.8939702823,-87.6869366333,2025,30,POINT (-87.6869366333 41.8939702823),,,,,2025-05-14,False,23,West Town
13080,30,NO CONTROLS,NO CONTROLS,CLEAR,DAYLIGHT,PEDALCYCLIST,NOT DIVIDED,STRAIGHT AND LEVEL,DRY,NO DEFECTS,,IMPROPER OVERTAKING/PASSING,IMPROPER OVERTAKING/PASSING,,NONINCAPACITATING INJURY,17,5,41.931607951,-87.697755776,2025,30,POINT (-87.697755776 41.931607951),,,,,2025-05-14,False,21,Logan Square
13081,30,TRAFFIC SIGNAL,FUNCTIONING PROPERLY,CLEAR,DAYLIGHT,PEDALCYCLIST,NOT DIVIDED,STRAIGHT AND LEVEL,DRY,NO DEFECTS,Y,FAILING TO YIELD RIGHT-OF-WAY,NOT APPLICABLE,,"REPORTED, NOT EVIDENT",18,5,41.946788878,-87.675947031,2025,30,POINT (-87.675947031 41.946788878),,,,,2025-05-14,False,4,North Center
13082,20,NO CONTROLS,NO CONTROLS,CLEAR,DAYLIGHT,PEDALCYCLIST,NOT DIVIDED,STRAIGHT AND LEVEL,DRY,NO DEFECTS,,NOT APPLICABLE,NOT APPLICABLE,,NO INDICATION OF INJURY,18,5,41.9488500381,-87.6596915708,2025,20,POINT (-87.6596915708 41.9488500381),,,,,2025-05-14,False,5,Lake View
13083,30,NO CONTROLS,FUNCTIONING PROPERLY,CLEAR,DAYLIGHT,PEDALCYCLIST,NOT DIVIDED,STRAIGHT AND LEVEL,DRY,NO DEFECTS,,UNABLE TO DETERMINE,NOT APPLICABLE,,NO INDICATION OF INJURY,18,5,41.8579970677,-87.6232596105,2025,30,POINT (-87.6232596105 41.8579970677),,,,,2025-05-14,False,32,Near South Side
13084,30,NO CONTROLS,NO CONTROLS,CLEAR,DAYLIGHT,PEDALCYCLIST,DIVIDED - W/MEDIAN (NOT RAISED),STRAIGHT AND LEVEL,DRY,NO DEFECTS,,UNABLE TO DETERMINE,UNABLE TO DETERMINE,,NO INDICATION OF INJURY,9,5,41.9216965746,-87.6951526762,2025,30,POINT (-87.6951526762 41.9216965746),,,,,2025-05-15,False,21,Logan Square
13085,30,NO CONTROLS,UNKNOWN,CLEAR,DAYLIGHT,PEDALCYCLIST,DRIVEWAY,STRAIGHT AND LEVEL,DRY,NO DEFECTS,,UNABLE TO DETERMINE,UNABLE TO DETERMINE,,"REPORTED, NOT EVIDENT",10,5,41.9871724952,-87.6694938233,2025,30,POINT (-87.6694938233 41.9871724952),,,,,2025-05-15,False,76,Edgewater
13086,30,TRAFFIC SIGNAL,FUNCTIONING PROPERLY,CLEAR,DAYLIGHT,PEDALCYCLIST,DIVIDED - W/MEDIAN (NOT RAISED),STRAIGHT AND LEVEL,DRY,UNKNOWN,,FAILING TO REDUCE SPEED TO AVOID CRASH,FAILING TO REDUCE SPEED TO AVOID CRASH,,NONINCAPACITATING INJURY,11,5,41.9284540814,-87.7466156311,2025,30,POINT (-87.7466156311 41.9284540814),,,,,2025-05-15,False,18,Belmont Cragin
13087,30,NO CONTROLS,NO CONTROLS,CLEAR,DAYLIGHT,PEDALCYCLIST,NOT DIVIDED,STRAIGHT AND LEVEL,DRY,NO DEFECTS,Y,FAILING TO YIELD RIGHT-OF-WAY,FAILING TO YIELD RIGHT-OF-WAY,,"REPORTED, NOT EVIDENT",14,5,41.8883858328,-87.6474125638,2025,30,POINT (-87.6474125638 41.8883858328),,,,,2025-05-15,False,7,Near North Side
13088,30,NO CONTROLS,NO CONTROLS,CLEAR,DAYLIGHT,PEDALCYCLIST,NOT DIVIDED,STRAIGHT AND LEVEL,DRY,NO DEFECTS,,UNABLE TO DETERMINE,NOT APPLICABLE,,NO INDICATION OF INJURY,15,5,41.8984001119,-87.6587054764,2025,30,POINT (-87.6587054764 41.8984001119),,,,,2025-05-15,False,7,Near North Side
13089,30,TRAFFIC SIGNAL,FUNCTIONING PROPERLY,CLEAR,DAYLIGHT,PEDALCYCLIST,FOUR WAY,STRAIGHT AND LEVEL,DRY,UNKNOWN,Y,FAILING TO YIELD RIGHT-OF-WAY,NOT APPLICABLE,,NONINCAPACITATING INJURY,15,5,41.7994238344,-87.5874370086,2025,30,POINT (-87.5874370086 41.7994238344),,,,,2025-05-15,False,40,Hyde Park