Unnamed: 0,POSTED_SPEED_LIMIT,TRAFFIC_CONTROL_DEVICE,DEVICE_CONDITION,WEATHER_CONDITION,LIGHTING_CONDITION,FIRST_CRASH_TYPE,TRAFFICWAY_TYPE,ALIGNMENT,ROADWAY_SURFACE_COND,ROAD_DEFECT,INTERSECTION_RELATED_I,PRIM_CONTRIBUTORY_CAUSE,SEC_CONTRIBUTORY_CAUSE,DOORING_I,MOST_SEVERE_INJURY,CRASH_HOUR,CRASH_MONTH,LATITUDE,LONGITUDE,CRASH_YEAR,SPEED_LIMIT,geometry,DISPLAYROU,the_geom,DIST,LANE_TYPE,CRASH_DATE,is_severe,index_right,CArea
13090,30,NO CONTROLS,NO CONTROLS,CLEAR,DAYLIGHT,PEDALCYCLIST,ALLEY,STRAIGHT AND LEVEL,DRY,NO DEFECTS,,UNABLE TO DETERMINE,NOT APPLICABLE,,NONINCAPACITATING INJURY,16,5,41.9941043387,-87.7411536435,2025,30,POINT (-87.7411536435 41.9941043387),,,,,2025-05-15,False,11,Forest Glen
13091,30,STOP SIGN/FLASHER,FUNCTIONING PROPERLY,CLEAR,DAYLIGHT,PEDALCYCLIST,NOT DIVIDED,STRAIGHT AND LEVEL,DRY,NO DEFECTS,,FAILING TO YIELD RIGHT-OF-WAY,FAILING TO REDUCE SPEED TO AVOID CRASH,,NONINCAPACITATING INJURY,17,5,41.7773119332,-87.7593885163,2025,30,POINT (-87.7593885163 41.7773119332),,,,,2025-05-15,False,63,Clearing
13092,30,TRAFFIC SIGNAL,FUNCTIONING PROPERLY,CLEAR,DAYLIGHT,PEDALCYCLIST,FOUR WAY,STRAIGHT AND LEVEL,DRY,NO DEFECTS,Y,FAILING TO YIELD RIGHT-OF-WAY,NOT APPLICABLE,,"REPORTED, NOT EVIDENT",17,5,41.8782245681,-87.6205117175,2025,30,POINT (-87.6205117175 41.8782245681),,,,,2025-05-15,False,31,Loop
13093,30,STOP SIGN/FLASHER,NO CONTROLS,CLEAR,DAYLIGHT,PEDALCYCLIST,FOUR WAY,STRAIGHT AND LEVEL,DRY,NO DEFECTS,,UNABLE TO DETERMINE,NOT APPLICABLE,,NONINCAPACITATING INJURY,18,5,41.9697131373,-87.6459685332,2025,30,POINT (-87.6459685332 41.9697131373),,,,,2025-05-15,False,2,Uptown
13094,30,NO CONTROLS,NO CONTROLS,CLOUDY/OVERCAST,DAYLIGHT,PEDALCYCLIST,NOT DIVIDED,STRAIGHT AND LEVEL,DRY,NO DEFECTS,,FAILING TO YIELD RIGHT-OF-WAY,NOT APPLICABLE,Y,INCAPACITATING INJURY,18,5,41.9446547356,-87.6719688419,2025,30,POINT (-87.6719688419 41.9446547356),,,,,2025-05-15,True,5,Lake View
13095,30,TRAFFIC SIGNAL,FUNCTIONING PROPERLY,CLEAR,DAWN,PEDALCYCLIST,FOUR WAY,STRAIGHT AND LEVEL,UNKNOWN,NO DEFECTS,Y,FAILING TO YIELD RIGHT-OF-WAY,UNABLE TO DETERMINE,,NONINCAPACITATING INJURY,20,5,41.9328283084,-87.6490767533,2025,30,POINT (-87.6490767533 41.9328283084),,,,,2025-05-15,False,5,Lake View
13096,30,UNKNOWN,UNKNOWN,UNKNOWN,UNKNOWN,PEDALCYCLIST,NOT DIVIDED,STRAIGHT AND LEVEL,UNKNOWN,UNKNOWN,,UNABLE TO DETERMINE,UNABLE TO DETERMINE,,INCAPACITATING INJURY,20,5,41.8773129705,-87.6973526761,2025,30,POINT (-87.6973526761 41.8773129705),,,,,2025-05-15,True,26,Garfield Park
13097,30,TRAFFIC SIGNAL,FUNCTIONING PROPERLY,CLEAR,"DARKNESS, LIGHTED ROAD",PEDALCYCLIST,T-INTERSECTION,STRAIGHT AND LEVEL,DRY,NO DEFECTS,Y,TURNING RIGHT ON RED,IMPROPER OVERTAKING/PASSING,,NO INDICATION OF INJURY,1,5,41.8808771513,-87.6168122146,2025,30,POINT (-87.6168122146 41.8808771513),,,,,2025-05-16,False,31,Loop
13098,30,NO CONTROLS,NO CONTROLS,CLEAR,DAYLIGHT,PEDALCYCLIST,NOT DIVIDED,STRAIGHT AND LEVEL,DRY,NO DEFECTS,Y,UNABLE TO DETERMINE,UNABLE TO DETERMINE,,NO INDICATION OF INJURY,7,5,41.9812674395,-87.6894250205,2025,30,POINT (-87.6894250205 41.9812674395),,,,,2025-05-16,False,3,Lincoln Square
13099,30,STOP SIGN/FLASHER,OTHER,CLEAR,DAYLIGHT,PEDALCYCLIST,NOT DIVIDED,STRAIGHT AND LEVEL,DRY,NO DEFECTS,Y,UNABLE TO DETERMINE,NOT APPLICABLE,,"REPORTED, NOT EVIDENT",7,5,41.8774997852,-87.6840148477,2025,30,POINT (-87.6840148477 41.8774997852),,,,,2025-05-16,False,27,Near West Side
13100,30,NO CONTROLS,NO CONTROLS,CLEAR,DAYLIGHT,PEDALCYCLIST,FOUR WAY,STRAIGHT AND LEVEL,DRY,NO DEFECTS,,IMPROPER OVERTAKING/PASSING,NOT APPLICABLE,,"REPORTED, NOT EVIDENT",8,5,41.9542237424,-87.6504839211,2025,30,POINT (-87.6504839211 41.9542237424),,,,,2025-05-16,False,5,Lake View
13101,35,NO CONTROLS,NO CONTROLS,CLEAR,DAYLIGHT,PEDALCYCLIST,DIVIDED - W/MEDIAN (NOT RAISED),STRAIGHT AND LEVEL,DRY,UNKNOWN,,UNABLE TO DETERMINE,NOT APPLICABLE,,NO INDICATION OF INJURY,12,5,42.0046644362,-87.7036331468,2025,35,POINT (-87.7036331468 42.0046644362),,,,,2025-05-16,False,1,West Ridge
13102,30,TRAFFIC SIGNAL,FUNCTIONING PROPERLY,CLEAR,DAYLIGHT,PEDALCYCLIST,NOT DIVIDED,STRAIGHT AND LEVEL,DRY,NO DEFECTS,,"VISION OBSCURED (SIGNS, TREE LIMBS, BUILDINGS, ETC.)",NOT APPLICABLE,,INCAPACITATING INJURY,13,5,41.9110307698,-87.6481735886,2025,30,POINT (-87.6481735886 41.9110307698),,,,,2025-05-16,True,6,Lincoln Park
13103,30,NO CONTROLS,NO CONTROLS,CLEAR,DAYLIGHT,PEDALCYCLIST,DIVIDED - W/MEDIAN (NOT RAISED),STRAIGHT AND LEVEL,DRY,NO DEFECTS,,UNABLE TO DETERMINE,UNABLE TO DETERMINE,,NONINCAPACITATING INJURY,14,5,41.9956700096,-87.7126645981,2025,30,POINT (-87.7126645981 41.9956700096),,,,,2025-05-16,False,12,North Park
13104,30,NO CONTROLS,NO CONTROLS,CLEAR,DAYLIGHT,PEDALCYCLIST,NOT DIVIDED,STRAIGHT AND LEVEL,DRY,UNKNOWN,,UNABLE TO DETERMINE,UNABLE TO DETERMINE,,NONINCAPACITATING INJURY,15,5,41.8820815344,-87.7682700318,2025,30,POINT (-87.7682700318 41.8820815344),,,,,2025-05-16,False,24,Austin
13105,30,STOP SIGN/FLASHER,NO CONTROLS,CLEAR,DAYLIGHT,PEDALCYCLIST,FOUR WAY,STRAIGHT AND LEVEL,DRY,UNKNOWN,,UNABLE TO DETERMINE,UNABLE TO DETERMINE,,NO INDICATION OF INJURY,15,5,41.8895293686,-87.626835587,2025,30,POINT (-87.626835587 41.8895293686),,,,,2025-05-16,False,7,Near North Side
13106,30,NO CONTROLS,NO CONTROLS,CLEAR,DAYLIGHT,PEDALCYCLIST,NOT DIVIDED,STRAIGHT AND LEVEL,DRY,NO DEFECTS,,FAILING TO YIELD RIGHT-OF-WAY,IMPROPER TURNING/NO SIGNAL,,NONINCAPACITATING INJURY,16,5,41.983065266,-87.7174910497,2025,30,POINT (-87.7174910497 41.983065266),,,,,2025-05-16,False,12,North Park
13107,30,TRAFFIC SIGNAL,FUNCTIONING PROPERLY,CLEAR,DAYLIGHT,PEDALCYCLIST,DIVIDED - W/MEDIAN (NOT RAISED),STRAIGHT AND LEVEL,DRY,NO DEFECTS,Y,FAILING TO YIELD RIGHT-OF-WAY,UNABLE TO DETERMINE,,"REPORTED, NOT EVIDENT",17,5,41.9465980258,-87.7076737408,2025,30,POINT (-87.7076737408 41.9465980258),,,,,2025-05-16,False,15,Irving Park
13108,30,STOP SIGN/FLASHER,NO CONTROLS,CLEAR,DAYLIGHT,PEDALCYCLIST,FOUR WAY,STRAIGHT AND LEVEL,DRY,UNKNOWN,Y,FAILING TO REDUCE SPEED TO AVOID CRASH,NOT APPLICABLE,,"REPORTED, NOT EVIDENT",18,5,41.7827614619,-87.6875512382,2025,30,POINT (-87.6875512382 41.7827614619),,,,,2025-05-16,False,65,Chicago Lawn
13109,30,TRAFFIC SIGNAL,FUNCTIONING PROPERLY,CLEAR,DAYLIGHT,PEDALCYCLIST,DIVIDED - W/MEDIAN (NOT RAISED),STRAIGHT AND LEVEL,DRY,NO DEFECTS,,UNABLE TO DETERMINE,NOT APPLICABLE,,NONINCAPACITATING INJURY,18,5,41.8241128537,-87.6881350359,2025,30,POINT (-87.6881350359 41.8241128537),,,,,2025-05-16,False,29,South Lawndale
13110,30,UNKNOWN,UNKNOWN,CLEAR,DAWN,PEDALCYCLIST,FOUR WAY,STRAIGHT AND LEVEL,DRY,UNKNOWN,,FAILING TO YIELD RIGHT-OF-WAY,FAILING TO REDUCE SPEED TO AVOID CRASH,,NONINCAPACITATING INJURY,18,5,41.8916012848,-87.6297967052,2025,30,POINT (-87.6297967052 41.8916012848),,,,,2025-05-16,False,7,Near North Side
13111,30,STOP SIGN/FLASHER,FUNCTIONING PROPERLY,CLEAR,DUSK,PEDALCYCLIST,DIVIDED - W/MEDIAN (NOT RAISED),STRAIGHT AND LEVEL,DRY,NO DEFECTS,,FAILING TO YIELD RIGHT-OF-WAY,NOT APPLICABLE,,NONINCAPACITATING INJURY,18,5,41.9094758399,-87.7666920584,2025,30,POINT (-87.7666920584 41.9094758399),,,,,2025-05-16,False,24,Austin
13112,30,NO CONTROLS,NO CONTROLS,CLEAR,DAYLIGHT,PEDALCYCLIST,FOUR WAY,STRAIGHT AND LEVEL,DRY,NO DEFECTS,Y,UNABLE TO DETERMINE,UNABLE TO DETERMINE,,NONINCAPACITATING INJURY,19,5,41.9356181848,-87.6492603709,2025,30,POINT (-87.6492603709 41.9356181848),,,,,2025-05-16,False,5,Lake View
13113,35,TRAFFIC SIGNAL,FUNCTIONING PROPERLY,CLEAR,"DARKNESS, LIGHTED ROAD",PEDALCYCLIST,FOUR WAY,STRAIGHT AND LEVEL,DRY,NO DEFECTS,Y,UNABLE TO DETERMINE,UNABLE TO DETERMINE,,INCAPACITATING INJURY,21,5,41.8949144989,-87.6283011281,2025,35,POINT (-87.6283011281 41.8949144989),,,,,2025-05-16,True,7,Near North Side
13114,30,NO CONTROLS,NO CONTROLS,CLEAR,DAYLIGHT,PEDALCYCLIST,NOT DIVIDED,STRAIGHT AND LEVEL,DRY,NO DEFECTS,,FAILING TO YIELD RIGHT-OF-WAY,NOT APPLICABLE,Y,"REPORTED, NOT EVIDENT",11,5,41.931945729,-87.6580639941,2025,30,POINT (-87.6580639941 41.931945729),,,,,2025-05-17,False,6,Lincoln Park
13115,30,STOP SIGN/FLASHER,FUNCTIONING PROPERLY,CLEAR,DAYLIGHT,PEDALCYCLIST,DIVIDED - W/MEDIAN (NOT RAISED),STRAIGHT AND LEVEL,DRY,NO DEFECTS,,FOLLOWING TOO CLOSELY,NOT APPLICABLE,,NO INDICATION OF INJURY,14,5,41.8932056108,-87.6357624383,2025,30,POINT (-87.6357624383 41.8932056108),,,,,2025-05-17,False,7,Near North Side
13116,30,NO CONTROLS,NO CONTROLS,CLEAR,DAYLIGHT,PEDALCYCLIST,ONE-WAY,STRAIGHT AND LEVEL,DRY,NO DEFECTS,,FAILING TO YIELD RIGHT-OF-WAY,UNABLE TO DETERMINE,,INCAPACITATING INJURY,14,5,42.0092847314,-87.6626260122,2025,30,POINT (-87.6626260122 42.0092847314),,,,,2025-05-17,True,0,Rogers Park
13117,30,UNKNOWN,UNKNOWN,CLEAR,DAYLIGHT,PEDALCYCLIST,NOT DIVIDED,STRAIGHT AND LEVEL,DRY,NO DEFECTS,,UNABLE TO DETERMINE,UNABLE TO DETERMINE,,"REPORTED, NOT EVIDENT",15,5,41.896633749,-87.6343513372,2025,30,POINT (-87.6343513372 41.896633749),,,,,2025-05-17,False,7,Near North Side
13118,25,TRAFFIC SIGNAL,FUNCTIONING PROPERLY,CLEAR,DAYLIGHT,PEDALCYCLIST,FOUR WAY,STRAIGHT AND LEVEL,DRY,NO DEFECTS,,DISREGARDING TRAFFIC SIGNALS,DISREGARDING TRAFFIC SIGNALS,Y,NO INDICATION OF INJURY,15,5,41.8964796913,-87.6340513282,2025,25,POINT (-87.6340513282 41.8964796913),,,,,2025-05-17,False,7,Near North Side
13119,30,TRAFFIC SIGNAL,FUNCTIONING PROPERLY,CLEAR,DAYLIGHT,PEDALCYCLIST,FOUR WAY,STRAIGHT AND LEVEL,DRY,NO DEFECTS,,FOLLOWING TOO CLOSELY,NOT APPLICABLE,,INCAPACITATING INJURY,16,5,41.9135707579,-87.7461255649,2025,30,POINT (-87.7461255649 41.9135707579),,,,,2025-05-17,True,24,Austin
13120,30,NO CONTROLS,NO CONTROLS,CLEAR,DARKNESS,PEDALCYCLIST,NOT DIVIDED,STRAIGHT AND LEVEL,UNKNOWN,UNKNOWN,,UNABLE TO DETERMINE,NOT APPLICABLE,,NO INDICATION OF INJURY,20,5,41.9624752494,-87.6847028368,2025,30,POINT (-87.6847028368 41.9624752494),,,,,2025-05-17,False,3,Lincoln Square
13121,30,TRAFFIC SIGNAL,FUNCTIONING PROPERLY,CLEAR,"DARKNESS, LIGHTED ROAD",PEDALCYCLIST,NOT DIVIDED,STRAIGHT AND LEVEL,DRY,NO DEFECTS,Y,FAILING TO YIELD RIGHT-OF-WAY,DISREGARDING TRAFFIC SIGNALS,,NO INDICATION OF INJURY,21,5,41.8817064526,-87.7454621149,2025,30,POINT (-87.7454621149 41.8817064526),,,,,2025-05-17,False,24,Austin
13122,25,TRAFFIC SIGNAL,FUNCTIONING PROPERLY,CLOUDY/OVERCAST,DAYLIGHT,PEDALCYCLIST,NOT DIVIDED,STRAIGHT AND LEVEL,DRY,NO DEFECTS,,UNABLE TO DETERMINE,UNABLE TO DETERMINE,Y,NONINCAPACITATING INJURY,9,5,42.0088564722,-87.674080374,2025,25,POINT (-87.674080374 42.0088564722),,,,,2025-05-18,False,0,Rogers Park
13123,20,NO CONTROLS,NO CONTROLS,CLEAR,DAYLIGHT,PEDALCYCLIST,NOT DIVIDED,STRAIGHT AND LEVEL,DRY,NO DEFECTS,,UNABLE TO DETERMINE,UNABLE TO DETERMINE,Y,"REPORTED, NOT EVIDENT",11,5,41.7891437772,-87.6950391068,2025,20,POINT (-87.6950391068 41.7891437772),,,,,2025-05-18,False,62,Gage Park
13124,30,STOP SIGN/FLASHER,FUNCTIONING PROPERLY,CLEAR,DAYLIGHT,PEDALCYCLIST,NOT DIVIDED,STRAIGHT AND LEVEL,DRY,NO DEFECTS,Y,FAILING TO YIELD RIGHT-OF-WAY,FAILING TO REDUCE SPEED TO AVOID CRASH,,NONINCAPACITATING INJURY,13,5,41.9313885576,-87.7491755268,2025,30,POINT (-87.7491755268 41.9313885576),,,,,2025-05-18,False,18,Belmont Cragin
13125,30,UNKNOWN,UNKNOWN,CLEAR,DAYLIGHT,PEDALCYCLIST,NOT DIVIDED,STRAIGHT AND LEVEL,DRY,UNKNOWN,,NOT APPLICABLE,NOT APPLICABLE,N,NONINCAPACITATING INJURY,14,5,41.923362679,-87.7070275023,2025,30,POINT (-87.7070275023 41.923362679),,,,,2025-05-18,False,21,Logan Square
13126,30,STOP SIGN/FLASHER,FUNCTIONING PROPERLY,CLEAR,DAYLIGHT,PEDALCYCLIST,NOT DIVIDED,STRAIGHT AND LEVEL,DRY,NO DEFECTS,N,UNABLE TO DETERMINE,NOT APPLICABLE,,NO INDICATION OF INJURY,14,5,41.9240807269,-87.7073471584,2025,30,POINT (-87.7073471584 41.9240807269),,,,,2025-05-18,False,21,Logan Square
13127,25,NO CONTROLS,NO CONTROLS,CLEAR,DAYLIGHT,PEDALCYCLIST,DIVIDED - W/MEDIAN (NOT RAISED),STRAIGHT AND LEVEL,DRY,NO DEFECTS,,FAILING TO YIELD RIGHT-OF-WAY,FAILING TO YIELD RIGHT-OF-WAY,,NONINCAPACITATING INJURY,7,5,41.8877870243,-87.6488376499,2025,25,POINT (-87.6488376499 41.8877870243),,,,,2025-05-19,False,7,Near North Side
13128,20,TRAFFIC SIGNAL,FUNCTIONING PROPERLY,CLEAR,DAYLIGHT,PEDALCYCLIST,T-INTERSECTION,STRAIGHT AND LEVEL,DRY,NO DEFECTS,Y,DRIVING SKILLS/KNOWLEDGE/EXPERIENCE,NOT APPLICABLE,,"REPORTED, NOT EVIDENT",8,5,41.9724379833,-87.6794442034,2025,20,POINT (-87.6794442034 41.9724379833),,,,,2025-05-19,False,3,Lincoln Square
13129,30,NO CONTROLS,NO CONTROLS,CLEAR,DAYLIGHT,PEDALCYCLIST,DIVIDED - W/MEDIAN (NOT RAISED),STRAIGHT AND LEVEL,DRY,NO DEFECTS,Y,IMPROPER OVERTAKING/PASSING,IMPROPER LANE USAGE,,NO INDICATION OF INJURY,8,5,41.8962261353,-87.6511551495,2025,30,POINT (-87.6511551495 41.8962261353),,,,,2025-05-19,False,7,Near North Side
13130,30,NO CONTROLS,NO CONTROLS,CLOUDY/OVERCAST,DAYLIGHT,PEDALCYCLIST,DIVIDED - W/MEDIAN (NOT RAISED),STRAIGHT AND LEVEL,UNKNOWN,UNKNOWN,,FAILING TO REDUCE SPEED TO AVOID CRASH,NOT APPLICABLE,,NO INDICATION OF INJURY,13,5,41.8926179139,-87.6282530105,2025,30,POINT (-87.6282530105 41.8926179139),,,,,2025-05-19,False,7,Near North Side
13131,25,NO CONTROLS,NO CONTROLS,CLEAR,DAYLIGHT,PEDALCYCLIST,ALLEY,STRAIGHT AND LEVEL,DRY,NO DEFECTS,,IMPROPER LANE USAGE,DRIVING SKILLS/KNOWLEDGE/EXPERIENCE,,NO INDICATION OF INJURY,13,5,41.9652406103,-87.6606985975,2025,25,POINT (-87.6606985975 41.9652406103),,,,,2025-05-19,False,2,Uptown
13132,30,TRAFFIC SIGNAL,FUNCTIONING PROPERLY,CLEAR,DAYLIGHT,PEDALCYCLIST,DIVIDED - W/MEDIAN BARRIER,STRAIGHT AND LEVEL,DRY,NO DEFECTS,Y,"OPERATING VEHICLE IN ERRATIC, RECKLESS, CARELESS, NEGLIGENT OR AGGRESSIVE MANNER",FAILING TO YIELD RIGHT-OF-WAY,N,INCAPACITATING INJURY,15,5,41.8757362591,-87.6292129469,2025,30,POINT (-87.6292129469 41.8757362591),,,,,2025-05-19,True,31,Loop
13133,30,NO CONTROLS,NO CONTROLS,CLEAR,DAYLIGHT,PEDALCYCLIST,NOT DIVIDED,STRAIGHT AND LEVEL,DRY,NO DEFECTS,,UNABLE TO DETERMINE,UNABLE TO DETERMINE,,NONINCAPACITATING INJURY,17,5,41.9440353962,-87.6637871173,2025,30,POINT (-87.6637871173 41.9440353962),,,,,2025-05-19,False,5,Lake View
13134,30,NO CONTROLS,NO CONTROLS,RAIN,DAWN,PEDALCYCLIST,DIVIDED - W/MEDIAN (NOT RAISED),STRAIGHT AND LEVEL,WET,NO DEFECTS,,UNABLE TO DETERMINE,WEATHER,Y,"REPORTED, NOT EVIDENT",6,5,41.9174535509,-87.6883229712,2025,30,POINT (-87.6883229712 41.9174535509),,,,,2025-05-20,False,21,Logan Square
13135,35,TRAFFIC SIGNAL,FUNCTIONING PROPERLY,CLEAR,DAYLIGHT,PEDALCYCLIST,FOUR WAY,STRAIGHT AND LEVEL,DRY,NO DEFECTS,Y,FAILING TO REDUCE SPEED TO AVOID CRASH,DRIVING ON WRONG SIDE/WRONG WAY,,NONINCAPACITATING INJURY,10,5,41.7213650608,-87.6433580423,2025,35,POINT (-87.6433580423 41.7213650608),,,,,2025-05-20,False,72,Washington Heights
13136,30,STOP SIGN/FLASHER,FUNCTIONING PROPERLY,RAIN,DAYLIGHT,PEDALCYCLIST,T-INTERSECTION,STRAIGHT AND LEVEL,WET,UNKNOWN,Y,FAILING TO YIELD RIGHT-OF-WAY,FAILING TO YIELD RIGHT-OF-WAY,,"REPORTED, NOT EVIDENT",11,5,41.8237401222,-87.6324849061,2025,30,POINT (-87.6324849061 41.8237401222),,,,,2025-05-20,False,33,Armour Square
13137,20,NO CONTROLS,NO CONTROLS,RAIN,DAYLIGHT,PEDALCYCLIST,NOT DIVIDED,STRAIGHT AND LEVEL,WET,NO DEFECTS,,FAILING TO YIELD RIGHT-OF-WAY,FAILING TO YIELD RIGHT-OF-WAY,,"REPORTED, NOT EVIDENT",17,5,41.93098196,-87.7792347143,2025,20,POINT (-87.7792347143 41.93098196),,,,,2025-05-20,False,18,Belmont Cragin
13138,30,TRAFFIC SIGNAL,FUNCTIONING PROPERLY,CLEAR,DAYLIGHT,PEDALCYCLIST,NOT DIVIDED,STRAIGHT AND LEVEL,DRY,NO DEFECTS,Y,UNABLE TO DETERMINE,NOT APPLICABLE,,NO INDICATION OF INJURY,18,5,41.9321207191,-87.6977653004,2025,30,POINT (-87.6977653004 41.9321207191),,,,,2025-05-20,False,20,Avondale
13139,30,NO CONTROLS,NO CONTROLS,RAIN,"DARKNESS, LIGHTED ROAD",PEDALCYCLIST,DRIVEWAY,STRAIGHT AND LEVEL,WET,NO DEFECTS,,FAILING TO YIELD RIGHT-OF-WAY,NOT APPLICABLE,,NO INDICATION OF INJURY,20,5,41.9369515972,-87.8068573206,2025,30,POINT (-87.8068573206 41.9369515972),,,,,2025-05-20,False,16,Dunning
13140,30,NO CONTROLS,NO CONTROLS,RAIN,DARKNESS,PEDALCYCLIST,DRIVEWAY,STRAIGHT AND LEVEL,WET,NO DEFECTS,,UNABLE TO DETERMINE,NOT APPLICABLE,,"REPORTED, NOT EVIDENT",20,5,41.8083844237,-87.6775696387,2025,30,POINT (-87.6775696387 41.8083844237),,,,,2025-05-20,False,60,New City
13141,30,OTHER,OTHER,RAIN,DAYLIGHT,PEDALCYCLIST,TRAFFIC ROUTE,STRAIGHT AND LEVEL,WET,NO DEFECTS,Y,FAILING TO YIELD RIGHT-OF-WAY,IMPROPER OVERTAKING/PASSING,,NONINCAPACITATING INJURY,7,5,41.9340818989,-87.6903293239,2025,30,POINT (-87.6903293239 41.9340818989),,,,,2025-05-21,False,4,North Center
13142,30,NO CONTROLS,NO CONTROLS,RAIN,DAYLIGHT,PEDALCYCLIST,NOT DIVIDED,STRAIGHT AND LEVEL,WET,NO DEFECTS,,FAILING TO YIELD RIGHT-OF-WAY,UNABLE TO DETERMINE,Y,INCAPACITATING INJURY,11,5,42.0126464817,-87.6833510573,2025,30,POINT (-87.6833510573 42.0126464817),,,,,2025-05-21,True,0,Rogers Park
13143,30,NO CONTROLS,NO CONTROLS,CLEAR,DAYLIGHT,PEDALCYCLIST,ONE-WAY,STRAIGHT AND LEVEL,DRY,UNKNOWN,,UNABLE TO DETERMINE,UNABLE TO DETERMINE,,"REPORTED, NOT EVIDENT",14,5,41.8916012848,-87.6297967052,2025,30,POINT (-87.6297967052 41.8916012848),,,,,2025-05-21,False,7,Near North Side
13144,20,NO CONTROLS,NO CONTROLS,RAIN,DAYLIGHT,PEDALCYCLIST,NOT DIVIDED,STRAIGHT AND LEVEL,WET,NO DEFECTS,,UNABLE TO DETERMINE,DRIVING SKILLS/KNOWLEDGE/EXPERIENCE,Y,"REPORTED, NOT EVIDENT",17,5,41.9172865476,-87.6483228209,2025,20,POINT (-87.6483228209 41.9172865476),,,,,2025-05-21,False,6,Lincoln Park
13145,30,TRAFFIC SIGNAL,UNKNOWN,UNKNOWN,UNKNOWN,PEDALCYCLIST,DIVIDED - W/MEDIAN BARRIER,STRAIGHT AND LEVEL,UNKNOWN,UNKNOWN,,UNABLE TO DETERMINE,NOT APPLICABLE,,NO INDICATION OF INJURY,18,5,41.8803340992,-87.6365802377,2025,30,POINT (-87.6365802377 41.8803340992),,,,,2025-05-21,False,27,Near West Side
13146,30,TRAFFIC SIGNAL,FUNCTIONING PROPERLY,CLEAR,"DARKNESS, LIGHTED ROAD",PEDALCYCLIST,NOT DIVIDED,STRAIGHT AND LEVEL,UNKNOWN,UNKNOWN,Y,DRIVING SKILLS/KNOWLEDGE/EXPERIENCE,NOT APPLICABLE,,NO INDICATION OF INJURY,22,5,41.7785441877,-87.7418953542,2025,30,POINT (-87.7418953542 41.7785441877),,,,,2025-05-21,False,63,Clearing
13147,20,NO CONTROLS,NO CONTROLS,CLEAR,DAYLIGHT,PEDALCYCLIST,NOT DIVIDED,STRAIGHT AND LEVEL,WET,NO DEFECTS,,FAILING TO YIELD RIGHT-OF-WAY,NOT APPLICABLE,,NONINCAPACITATING INJURY,7,5,41.9683868319,-87.7032893565,2025,20,POINT (-87.7032893565 41.9683868319),,,,,2025-05-22,False,3,Lincoln Square
13148,30,STOP SIGN/FLASHER,NO CONTROLS,CLEAR,DAYLIGHT,PEDALCYCLIST,NOT DIVIDED,STRAIGHT AND LEVEL,DRY,NO DEFECTS,,IMPROPER TURNING/NO SIGNAL,NOT APPLICABLE,,NONINCAPACITATING INJURY,8,5,41.8892460245,-87.6366771826,2025,30,POINT (-87.6366771826 41.8892460245),,,,,2025-05-22,False,7,Near North Side
13149,30,STOP SIGN/FLASHER,FUNCTIONING PROPERLY,CLOUDY/OVERCAST,DAYLIGHT,PEDALCYCLIST,NOT DIVIDED,STRAIGHT AND LEVEL,WET,NO DEFECTS,,FAILING TO YIELD RIGHT-OF-WAY,NOT APPLICABLE,,NO INDICATION OF INJURY,8,5,41.8890249685,-87.6370471336,2025,30,POINT (-87.6370471336 41.8890249685),,,,,2025-05-22,False,7,Near North Side
13150,30,NO CONTROLS,NO CONTROLS,CLEAR,DAYLIGHT,PEDALCYCLIST,NOT DIVIDED,STRAIGHT AND LEVEL,DRY,NO DEFECTS,,UNABLE TO DETERMINE,NOT APPLICABLE,,NONINCAPACITATING INJURY,12,5,41.9606044546,-87.7771754157,2025,30,POINT (-87.7771754157 41.9606044546),,,,,2025-05-22,False,14,Portage Park
13151,25,BICYCLE CROSSING SIGN,FUNCTIONING PROPERLY,CLEAR,DAYLIGHT,PEDALCYCLIST,DIVIDED - W/MEDIAN (NOT RAISED),STRAIGHT AND LEVEL,DRY,NO DEFECTS,,UNABLE TO DETERMINE,UNABLE TO DETERMINE,Y,"REPORTED, NOT EVIDENT",13,5,41.9240177576,-87.6975423745,2025,25,POINT (-87.6975423745 41.9240177576),,,,,2025-05-22,False,21,Logan Square
13152,30,NO CONTROLS,NO CONTROLS,CLEAR,DAYLIGHT,PEDALCYCLIST,DIVIDED - W/MEDIAN (NOT RAISED),STRAIGHT AND LEVEL,DRY,NO DEFECTS,,UNABLE TO DETERMINE,UNABLE TO DETERMINE,,"REPORTED, NOT EVIDENT",14,5,41.8444263897,-87.7034069095,2025,30,POINT (-87.7034069095 41.8444263897),,,,,2025-05-22,False,29,South Lawndale
13153,30,TRAFFIC SIGNAL,UNKNOWN,CLOUDY/OVERCAST,DAYLIGHT,PEDALCYCLIST,FOUR WAY,STRAIGHT AND LEVEL,UNKNOWN,UNKNOWN,Y,DISREGARDING TRAFFIC SIGNALS,FAILING TO REDUCE SPEED TO AVOID CRASH,,"REPORTED, NOT EVIDENT",16,5,41.9061656854,-87.6434382357,2025,30,POINT (-87.6434382357 41.9061656854),,,,,2025-05-22,False,7,Near North Side
13154,30,UNKNOWN,UNKNOWN,CLEAR,DAYLIGHT,PEDALCYCLIST,FOUR WAY,STRAIGHT AND LEVEL,DRY,UNKNOWN,,UNABLE TO DETERMINE,NOT APPLICABLE,,INCAPACITATING INJURY,16,5,41.7963010907,-87.7034891212,2025,30,POINT (-87.7034891212 41.7963010907),,,,,2025-05-22,True,62,Gage Park