Unnamed: 0,POSTED_SPEED_LIMIT,TRAFFIC_CONTROL_DEVICE,DEVICE_CONDITION,WEATHER_CONDITION,LIGHTING_CONDITION,FIRST_CRASH_TYPE,TRAFFICWAY_TYPE,ALIGNMENT,ROADWAY_SURFACE_COND,ROAD_DEFECT,INTERSECTION_RELATED_I,PRIM_CONTRIBUTORY_CAUSE,SEC_CONTRIBUTORY_CAUSE,DOORING_I,MOST_SEVERE_INJURY,CRASH_HOUR,CRASH_MONTH,LATITUDE,LONGITUDE,CRASH_YEAR,SPEED_LIMIT,geometry,DISPLAYROU,the_geom,DIST,LANE_TYPE,CRASH_DATE,is_severe,index_right,CArea
13155,30,NO CONTROLS,NO CONTROLS,CLEAR,DAYLIGHT,PEDALCYCLIST,NOT DIVIDED,STRAIGHT AND LEVEL,DRY,NO DEFECTS,,FAILING TO REDUCE SPEED TO AVOID CRASH,NOT APPLICABLE,,NONINCAPACITATING INJURY,16,5,41.9239643852,-87.6469025951,2025,30,POINT (-87.6469025951 41.9239643852),,,,,2025-05-22,False,6,Lincoln Park
13156,30,PEDESTRIAN CROSSING SIGN,NO CONTROLS,CLEAR,DAYLIGHT,PEDALCYCLIST,FOUR WAY,STRAIGHT AND LEVEL,DRY,NO DEFECTS,Y,"OPERATING VEHICLE IN ERRATIC, RECKLESS, CARELESS, NEGLIGENT OR AGGRESSIVE MANNER",DISREGARDING OTHER TRAFFIC SIGNS,,INCAPACITATING INJURY,19,5,41.7948446722,-87.6190812635,2025,30,POINT (-87.6190812635 41.7948446722),,,,,2025-05-22,True,39,Washington Park
13157,30,NO CONTROLS,NO CONTROLS,CLEAR,DARKNESS,PEDALCYCLIST,ONE-WAY,STRAIGHT AND LEVEL,DRY,UNKNOWN,,UNABLE TO DETERMINE,UNABLE TO DETERMINE,,NONINCAPACITATING INJURY,20,5,41.9412019596,-87.717608203,2025,30,POINT (-87.717608203 41.9412019596),,,,,2025-05-22,False,15,Irving Park
13158,30,NO CONTROLS,NO CONTROLS,CLEAR,DAYLIGHT,PEDALCYCLIST,NOT DIVIDED,STRAIGHT AND LEVEL,DRY,NO DEFECTS,Y,UNABLE TO DETERMINE,UNABLE TO DETERMINE,,NONINCAPACITATING INJURY,9,5,41.9027929682,-87.6994121813,2025,30,POINT (-87.6994121813 41.9027929682),,,,,2025-05-23,False,22,Humboldt Park
13159,25,STOP SIGN/FLASHER,FUNCTIONING PROPERLY,CLEAR,DAYLIGHT,PEDALCYCLIST,NOT DIVIDED,STRAIGHT AND LEVEL,DRY,NO DEFECTS,Y,FAILING TO YIELD RIGHT-OF-WAY,UNABLE TO DETERMINE,,NONINCAPACITATING INJURY,9,5,41.9941556409,-87.6797743415,2025,25,POINT (-87.6797743415 41.9941556409),,,,,2025-05-23,False,1,West Ridge
13160,30,TRAFFIC SIGNAL,FUNCTIONING PROPERLY,CLEAR,DAYLIGHT,PEDALCYCLIST,"FIVE POINT, OR MORE",STRAIGHT AND LEVEL,DRY,NO DEFECTS,Y,FAILING TO YIELD RIGHT-OF-WAY,UNABLE TO DETERMINE,,NONINCAPACITATING INJURY,9,5,41.9094690663,-87.7351005032,2025,30,POINT (-87.7351005032 41.9094690663),,,,,2025-05-23,False,22,Humboldt Park
13161,30,NO CONTROLS,NO CONTROLS,CLEAR,DAYLIGHT,PEDALCYCLIST,NOT DIVIDED,STRAIGHT AND LEVEL,DRY,NO DEFECTS,,FAILING TO YIELD RIGHT-OF-WAY,UNABLE TO DETERMINE,,NONINCAPACITATING INJURY,11,5,41.9051155209,-87.6694441333,2025,30,POINT (-87.6694441333 41.9051155209),,,,,2025-05-23,False,23,West Town
13162,30,TRAFFIC SIGNAL,FUNCTIONING PROPERLY,CLEAR,DAYLIGHT,PEDALCYCLIST,FOUR WAY,STRAIGHT AND LEVEL,DRY,NO DEFECTS,Y,FAILING TO YIELD RIGHT-OF-WAY,IMPROPER TURNING/NO SIGNAL,,"REPORTED, NOT EVIDENT",15,5,41.899659372,-87.6772807667,2025,30,POINT (-87.6772807667 41.899659372),,,,,2025-05-23,False,23,West Town
13163,25,TRAFFIC SIGNAL,FUNCTIONING PROPERLY,CLEAR,DAYLIGHT,PEDALCYCLIST,FOUR WAY,STRAIGHT AND LEVEL,DRY,NO DEFECTS,Y,IMPROPER TURNING/NO SIGNAL,IMPROPER TURNING/NO SIGNAL,,NONINCAPACITATING INJURY,16,5,41.8864048359,-87.740285418,2025,25,POINT (-87.740285418 41.8864048359),,,,,2025-05-23,False,24,Austin
13164,30,NO CONTROLS,NO CONTROLS,CLEAR,DAYLIGHT,PEDALCYCLIST,NOT DIVIDED,STRAIGHT AND LEVEL,DRY,NO DEFECTS,,DRIVING SKILLS/KNOWLEDGE/EXPERIENCE,NOT APPLICABLE,Y,NONINCAPACITATING INJURY,16,5,41.823747833,-87.6152919205,2025,30,POINT (-87.6152919205 41.823747833),,,,,2025-05-23,False,34,Douglas
13165,30,STOP SIGN/FLASHER,NO CONTROLS,CLEAR,DAYLIGHT,PEDALCYCLIST,NOT DIVIDED,STRAIGHT AND LEVEL,DRY,UNKNOWN,,DRIVING SKILLS/KNOWLEDGE/EXPERIENCE,IMPROPER OVERTAKING/PASSING,,NO INDICATION OF INJURY,17,5,41.9108145285,-87.7849086779,2025,30,POINT (-87.7849086779 41.9108145285),,,,,2025-05-23,False,24,Austin
13166,30,TRAFFIC SIGNAL,FUNCTIONING PROPERLY,CLEAR,DAYLIGHT,PEDALCYCLIST,ONE-WAY,STRAIGHT AND LEVEL,DRY,NO DEFECTS,N,UNABLE TO DETERMINE,UNABLE TO DETERMINE,,NONINCAPACITATING INJURY,18,5,41.923940041,-87.7780050229,2025,30,POINT (-87.7780050229 41.923940041),,,,,2025-05-23,False,18,Belmont Cragin
13167,30,NO CONTROLS,NO CONTROLS,CLEAR,"DARKNESS, LIGHTED ROAD",PEDALCYCLIST,NOT DIVIDED,STRAIGHT AND LEVEL,DRY,NO DEFECTS,,UNABLE TO DETERMINE,UNABLE TO DETERMINE,,INCAPACITATING INJURY,3,5,41.9035315621,-87.7264723973,2025,30,POINT (-87.7264723973 41.9035315621),,,,,2025-05-24,True,22,Humboldt Park
13168,30,NO CONTROLS,NO CONTROLS,CLEAR,DAYLIGHT,PEDALCYCLIST,NOT DIVIDED,STRAIGHT AND LEVEL,DRY,UNKNOWN,,FAILING TO REDUCE SPEED TO AVOID CRASH,DRIVING SKILLS/KNOWLEDGE/EXPERIENCE,,NONINCAPACITATING INJURY,13,5,41.9364233316,-87.7564603026,2025,30,POINT (-87.7564603026 41.9364233316),,,,,2025-05-24,False,18,Belmont Cragin
13169,30,TRAFFIC SIGNAL,FUNCTIONING PROPERLY,CLEAR,DAYLIGHT,PEDALCYCLIST,ONE-WAY,STRAIGHT AND LEVEL,DRY,UNKNOWN,,FAILING TO YIELD RIGHT-OF-WAY,NOT APPLICABLE,,NONINCAPACITATING INJURY,16,5,41.8908035553,-87.6254141663,2025,30,POINT (-87.6254141663 41.8908035553),,,,,2025-05-24,False,7,Near North Side
13170,30,NO CONTROLS,NO CONTROLS,CLEAR,DAYLIGHT,PEDALCYCLIST,NOT DIVIDED,STRAIGHT AND LEVEL,DRY,NO DEFECTS,,"OPERATING VEHICLE IN ERRATIC, RECKLESS, CARELESS, NEGLIGENT OR AGGRESSIVE MANNER",IMPROPER TURNING/NO SIGNAL,Y,NO INDICATION OF INJURY,17,5,41.8693400659,-87.6685699377,2025,30,POINT (-87.6685699377 41.8693400659),,,,,2025-05-24,False,27,Near West Side
13171,25,STOP SIGN/FLASHER,FUNCTIONING PROPERLY,CLEAR,DAYLIGHT,PEDALCYCLIST,NOT DIVIDED,STRAIGHT AND LEVEL,DRY,NO DEFECTS,,DISREGARDING YIELD SIGN,UNABLE TO DETERMINE,,"REPORTED, NOT EVIDENT",11,5,41.899862666,-87.6297155533,2025,25,POINT (-87.6297155533 41.899862666),,,,,2025-05-25,False,7,Near North Side
13172,30,TRAFFIC SIGNAL,FUNCTIONING PROPERLY,CLEAR,DAYLIGHT,PEDALCYCLIST,FOUR WAY,STRAIGHT AND LEVEL,DRY,NO DEFECTS,Y,DISREGARDING TRAFFIC SIGNALS,FAILING TO YIELD RIGHT-OF-WAY,,NO INDICATION OF INJURY,13,5,41.7209851323,-87.6725062506,2025,30,POINT (-87.6725062506 41.7209851323),,,,,2025-05-25,False,71,Beverly
13173,25,TRAFFIC SIGNAL,FUNCTIONING PROPERLY,CLEAR,DAYLIGHT,PEDALCYCLIST,FOUR WAY,STRAIGHT AND LEVEL,DRY,NO DEFECTS,Y,FAILING TO YIELD RIGHT-OF-WAY,UNABLE TO DETERMINE,,"REPORTED, NOT EVIDENT",16,5,41.8993923415,-87.6968548033,2025,25,POINT (-87.6968548033 41.8993923415),,,,,2025-05-25,False,22,Humboldt Park
13174,30,NO CONTROLS,NO CONTROLS,CLEAR,DAYLIGHT,PEDALCYCLIST,NOT DIVIDED,STRAIGHT AND LEVEL,DRY,NO DEFECTS,,DRIVING SKILLS/KNOWLEDGE/EXPERIENCE,NOT APPLICABLE,Y,NONINCAPACITATING INJURY,17,5,41.9741005474,-87.6680282701,2025,30,POINT (-87.6680282701 41.9741005474),,,,,2025-05-25,False,2,Uptown
13175,30,TRAFFIC SIGNAL,FUNCTIONING PROPERLY,CLEAR,"DARKNESS, LIGHTED ROAD",PEDALCYCLIST,FOUR WAY,STRAIGHT AND LEVEL,DRY,NO DEFECTS,Y,DISREGARDING TRAFFIC SIGNALS,DISREGARDING TRAFFIC SIGNALS,,NONINCAPACITATING INJURY,22,5,41.9112233799,-87.6386560318,2025,30,POINT (-87.6386560318 41.9112233799),,,,,2025-05-25,False,6,Lincoln Park
13176,30,TRAFFIC SIGNAL,FUNCTIONING PROPERLY,CLEAR,DAYLIGHT,PEDALCYCLIST,DIVIDED - W/MEDIAN BARRIER,STRAIGHT AND LEVEL,DRY,UNKNOWN,Y,DISREGARDING OTHER TRAFFIC SIGNS,FAILING TO YIELD RIGHT-OF-WAY,,INCAPACITATING INJURY,4,5,41.8845309638,-87.6246020446,2025,30,POINT (-87.6246020446 41.8845309638),,,,,2025-05-26,True,31,Loop
13177,30,NO CONTROLS,NO CONTROLS,CLEAR,DAYLIGHT,PEDALCYCLIST,NOT DIVIDED,STRAIGHT AND LEVEL,DRY,NO DEFECTS,,IMPROPER LANE USAGE,NOT APPLICABLE,,NONINCAPACITATING INJURY,8,5,41.8964740178,-87.6478949927,2025,30,POINT (-87.6478949927 41.8964740178),,,,,2025-05-26,False,7,Near North Side
13178,30,TRAFFIC SIGNAL,FUNCTIONING PROPERLY,CLOUDY/OVERCAST,DAYLIGHT,PEDALCYCLIST,FOUR WAY,STRAIGHT AND LEVEL,DRY,NO DEFECTS,Y,DISREGARDING TRAFFIC SIGNALS,DISREGARDING TRAFFIC SIGNALS,,NO INDICATION OF INJURY,13,5,41.8578128452,-87.6240786149,2025,30,POINT (-87.6240786149 41.8578128452),,,,,2025-05-26,False,32,Near South Side
13179,25,STOP SIGN/FLASHER,FUNCTIONING PROPERLY,CLEAR,DAYLIGHT,PEDALCYCLIST,FOUR WAY,STRAIGHT AND LEVEL,DRY,NO DEFECTS,Y,FAILING TO REDUCE SPEED TO AVOID CRASH,FOLLOWING TOO CLOSELY,,NONINCAPACITATING INJURY,16,5,41.9527763523,-87.6546408532,2025,25,POINT (-87.6546408532 41.9527763523),,,,,2025-05-26,False,5,Lake View
13180,30,NO CONTROLS,NO CONTROLS,CLEAR,"DARKNESS, LIGHTED ROAD",PEDALCYCLIST,DIVIDED - W/MEDIAN (NOT RAISED),STRAIGHT AND LEVEL,DRY,NO DEFECTS,,DRIVING ON WRONG SIDE/WRONG WAY,FAILING TO YIELD RIGHT-OF-WAY,,NONINCAPACITATING INJURY,21,5,41.8526890187,-87.6463496579,2025,30,POINT (-87.6463496579 41.8526890187),,,,,2025-05-26,False,30,Lower West Side
13181,30,OTHER REG. SIGN,FUNCTIONING PROPERLY,CLEAR,DAYLIGHT,PEDALCYCLIST,OTHER,STRAIGHT AND LEVEL,DRY,NO DEFECTS,,DRIVING SKILLS/KNOWLEDGE/EXPERIENCE,UNABLE TO DETERMINE,,NO INDICATION OF INJURY,7,5,41.8830986854,-87.6324786777,2025,30,POINT (-87.6324786777 41.8830986854),,,,,2025-05-27,False,31,Loop
13182,30,TRAFFIC SIGNAL,FUNCTIONING PROPERLY,CLEAR,DAYLIGHT,PEDALCYCLIST,NOT DIVIDED,STRAIGHT AND LEVEL,DRY,NO DEFECTS,,FAILING TO YIELD RIGHT-OF-WAY,"VISION OBSCURED (SIGNS, TREE LIMBS, BUILDINGS, ETC.)",N,NO INDICATION OF INJURY,8,5,41.8953504973,-87.7163730165,2025,30,POINT (-87.7163730165 41.8953504973),,,,,2025-05-27,False,22,Humboldt Park
13183,30,STOP SIGN/FLASHER,FUNCTIONING PROPERLY,CLEAR,DAYLIGHT,PEDALCYCLIST,FOUR WAY,STRAIGHT AND LEVEL,DRY,NO DEFECTS,Y,FAILING TO YIELD RIGHT-OF-WAY,NOT APPLICABLE,,NONINCAPACITATING INJURY,8,5,42.0086657014,-87.6950911875,2025,30,POINT (-87.6950911875 42.0086657014),,,,,2025-05-27,False,1,West Ridge
13184,30,STOP SIGN/FLASHER,FUNCTIONING PROPERLY,CLEAR,DAYLIGHT,PEDALCYCLIST,NOT DIVIDED,STRAIGHT AND LEVEL,DRY,NO DEFECTS,,NOT APPLICABLE,NOT APPLICABLE,,NO INDICATION OF INJURY,13,5,41.7872728356,-87.7656996593,2025,30,POINT (-87.7656996593 41.7872728356),,,,,2025-05-27,False,55,Garfield Ridge
13185,30,NO CONTROLS,NO CONTROLS,CLEAR,DAYLIGHT,PEDALCYCLIST,DIVIDED - W/MEDIAN (NOT RAISED),STRAIGHT AND LEVEL,DRY,NO DEFECTS,,UNABLE TO DETERMINE,UNABLE TO DETERMINE,Y,"REPORTED, NOT EVIDENT",14,5,41.979006509,-87.7580945071,2025,30,POINT (-87.7580945071 41.979006509),,,,,2025-05-27,False,10,Jefferson Park
13186,30,STOP SIGN/FLASHER,FUNCTIONING PROPERLY,CLOUDY/OVERCAST,DAYLIGHT,PEDALCYCLIST,ONE-WAY,STRAIGHT AND LEVEL,DRY,NO DEFECTS,,FAILING TO REDUCE SPEED TO AVOID CRASH,NOT APPLICABLE,Y,NO INDICATION OF INJURY,15,5,41.9451302335,-87.6741119038,2025,30,POINT (-87.6741119038 41.9451302335),,,,,2025-05-27,False,4,North Center
13187,30,NO CONTROLS,NO CONTROLS,CLEAR,DAYLIGHT,PEDALCYCLIST,NOT DIVIDED,STRAIGHT AND LEVEL,DRY,NO DEFECTS,,FAILING TO YIELD RIGHT-OF-WAY,FAILING TO YIELD RIGHT-OF-WAY,,"REPORTED, NOT EVIDENT",16,5,41.8786459627,-87.6571868688,2025,30,POINT (-87.6571868688 41.8786459627),,,,,2025-05-27,False,27,Near West Side
13188,30,STOP SIGN/FLASHER,FUNCTIONING PROPERLY,RAIN,DAYLIGHT,PEDALCYCLIST,FOUR WAY,STRAIGHT AND LEVEL,WET,NO DEFECTS,Y,UNABLE TO DETERMINE,UNABLE TO DETERMINE,,NONINCAPACITATING INJURY,7,5,41.8460832732,-87.7173440867,2025,30,POINT (-87.7173440867 41.8460832732),,,,,2025-05-28,False,28,North Lawndale
13189,20,TRAFFIC SIGNAL,FUNCTIONING PROPERLY,RAIN,DUSK,PEDALCYCLIST,FOUR WAY,STRAIGHT AND LEVEL,WET,UNKNOWN,Y,FOLLOWING TOO CLOSELY,FOLLOWING TOO CLOSELY,,NO INDICATION OF INJURY,9,5,41.8967916744,-87.6278743413,2025,20,POINT (-87.6278743413 41.8967916744),,,,,2025-05-28,False,7,Near North Side
13190,30,TRAFFIC SIGNAL,FUNCTIONING PROPERLY,CLEAR,DAYLIGHT,PEDALCYCLIST,NOT DIVIDED,STRAIGHT AND LEVEL,DRY,NO DEFECTS,,UNABLE TO DETERMINE,NOT APPLICABLE,,NO INDICATION OF INJURY,16,5,41.8805608804,-87.7454268433,2025,30,POINT (-87.7454268433 41.8805608804),,,,,2025-05-28,False,24,Austin
13191,30,NO CONTROLS,NO CONTROLS,CLEAR,DAYLIGHT,PEDALCYCLIST,ONE-WAY,STRAIGHT AND LEVEL,DRY,NO DEFECTS,,DRIVING ON WRONG SIDE/WRONG WAY,NOT APPLICABLE,,NONINCAPACITATING INJURY,17,5,41.9701349486,-87.7310072902,2025,30,POINT (-87.7310072902 41.9701349486),,,,,2025-05-28,False,11,Forest Glen
13192,30,TRAFFIC SIGNAL,UNKNOWN,CLOUDY/OVERCAST,DAYLIGHT,PEDALCYCLIST,NOT DIVIDED,STRAIGHT AND LEVEL,UNKNOWN,UNKNOWN,Y,DISREGARDING TRAFFIC SIGNALS,FAILING TO REDUCE SPEED TO AVOID CRASH,,NONINCAPACITATING INJURY,17,5,41.8794212875,-87.6396806405,2025,30,POINT (-87.6396806405 41.8794212875),,,,,2025-05-28,False,27,Near West Side
13193,25,TRAFFIC SIGNAL,FUNCTIONING PROPERLY,CLEAR,"DARKNESS, LIGHTED ROAD",PEDALCYCLIST,FOUR WAY,STRAIGHT AND LEVEL,DRY,UNKNOWN,Y,TURNING RIGHT ON RED,FAILING TO YIELD RIGHT-OF-WAY,,NONINCAPACITATING INJURY,21,5,41.8086204581,-87.6746280126,2025,25,POINT (-87.6746280126 41.8086204581),,,,,2025-05-28,False,60,New City
13194,30,TRAFFIC SIGNAL,FUNCTIONING PROPERLY,CLEAR,DAYLIGHT,PEDALCYCLIST,FOUR WAY,STRAIGHT AND LEVEL,DRY,NO DEFECTS,Y,UNABLE TO DETERMINE,NOT APPLICABLE,,NONINCAPACITATING INJURY,7,5,41.8143998534,-87.7043679315,2025,30,POINT (-87.7043679315 41.8143998534),,,,,2025-05-29,False,57,Brighton Park
13195,25,NO CONTROLS,NO CONTROLS,CLEAR,DAYLIGHT,PEDALCYCLIST,NOT DIVIDED,STRAIGHT AND LEVEL,DRY,NO DEFECTS,,UNABLE TO DETERMINE,NOT APPLICABLE,,NONINCAPACITATING INJURY,8,5,41.88544768,-87.7232830897,2025,25,POINT (-87.7232830897 41.88544768),,,,,2025-05-29,False,25,Garfield Park
13196,30,TRAFFIC SIGNAL,FUNCTIONING PROPERLY,CLEAR,DAYLIGHT,PEDALCYCLIST,FOUR WAY,STRAIGHT AND LEVEL,DRY,NO DEFECTS,Y,UNABLE TO DETERMINE,NOT APPLICABLE,,"REPORTED, NOT EVIDENT",16,5,41.8819900738,-87.6322128759,2025,30,POINT (-87.6322128759 41.8819900738),,,,,2025-05-29,False,31,Loop
13197,30,TRAFFIC SIGNAL,UNKNOWN,CLEAR,DAYLIGHT,PEDALCYCLIST,DIVIDED - W/MEDIAN (NOT RAISED),STRAIGHT AND LEVEL,DRY,UNKNOWN,,FAILING TO YIELD RIGHT-OF-WAY,FAILING TO YIELD RIGHT-OF-WAY,,NO INDICATION OF INJURY,16,5,41.9468385975,-87.7089407052,2025,30,POINT (-87.7089407052 41.9468385975),,,,,2025-05-29,False,15,Irving Park
13198,30,TRAFFIC SIGNAL,FUNCTIONING PROPERLY,CLEAR,DAYLIGHT,PEDALCYCLIST,NOT DIVIDED,STRAIGHT AND LEVEL,DRY,WORN SURFACE,,DRIVING SKILLS/KNOWLEDGE/EXPERIENCE,NOT APPLICABLE,Y,NONINCAPACITATING INJURY,16,5,41.9213323893,-87.6484717346,2025,30,POINT (-87.6484717346 41.9213323893),,,,,2025-05-29,False,6,Lincoln Park
13199,30,TRAFFIC SIGNAL,FUNCTIONING PROPERLY,CLEAR,DAYLIGHT,PEDALCYCLIST,T-INTERSECTION,STRAIGHT AND LEVEL,DRY,NO DEFECTS,Y,IMPROPER TURNING/NO SIGNAL,UNABLE TO DETERMINE,,NO INDICATION OF INJURY,17,5,41.8564944437,-87.6273172202,2025,30,POINT (-87.6273172202 41.8564944437),,,,,2025-05-29,False,32,Near South Side
13200,35,NO CONTROLS,NO CONTROLS,CLEAR,DAYLIGHT,PEDALCYCLIST,NOT DIVIDED,STRAIGHT AND LEVEL,DRY,NO DEFECTS,,FAILING TO YIELD RIGHT-OF-WAY,NOT APPLICABLE,,NONINCAPACITATING INJURY,18,5,41.9345479739,-87.6914817514,2025,35,POINT (-87.6914817514 41.9345479739),,,,,2025-05-29,False,4,North Center
13201,30,NO CONTROLS,NO CONTROLS,CLEAR,DAYLIGHT,PEDALCYCLIST,DRIVEWAY,STRAIGHT AND LEVEL,DRY,NO DEFECTS,,UNABLE TO DETERMINE,UNABLE TO DETERMINE,,NONINCAPACITATING INJURY,19,5,41.8917697782,-87.6586046142,2025,30,POINT (-87.6586046142 41.8917697782),,,,,2025-05-29,False,7,Near North Side
13202,30,TRAFFIC SIGNAL,FUNCTIONING PROPERLY,CLEAR,"DARKNESS, LIGHTED ROAD",PEDALCYCLIST,FOUR WAY,STRAIGHT AND LEVEL,DRY,UNKNOWN,Y,FAILING TO YIELD RIGHT-OF-WAY,DISREGARDING TRAFFIC SIGNALS,,NO INDICATION OF INJURY,21,5,41.8831006023,-87.6303768799,2025,30,POINT (-87.6303768799 41.8831006023),,,,,2025-05-29,False,31,Loop
13203,25,STOP SIGN/FLASHER,FUNCTIONING PROPERLY,CLEAR,DAYLIGHT,PEDALCYCLIST,FOUR WAY,STRAIGHT AND LEVEL,DRY,NO DEFECTS,Y,DISREGARDING STOP SIGN,FAILING TO REDUCE SPEED TO AVOID CRASH,,INCAPACITATING INJURY,7,5,41.8037268016,-87.6228384284,2025,25,POINT (-87.6228384284 41.8037268016),,,,,2025-05-30,True,37,Grand Boulevard
13204,25,TRAFFIC SIGNAL,FUNCTIONING PROPERLY,CLEAR,DAYLIGHT,PEDALCYCLIST,FOUR WAY,STRAIGHT AND LEVEL,DRY,NO DEFECTS,Y,FAILING TO YIELD RIGHT-OF-WAY,NOT APPLICABLE,,"REPORTED, NOT EVIDENT",8,5,41.9032979603,-87.6626846118,2025,25,POINT (-87.6626846118 41.9032979603),,,,,2025-05-30,False,23,West Town
13205,30,NO CONTROLS,NO CONTROLS,CLEAR,DAYLIGHT,PEDALCYCLIST,NOT DIVIDED,STRAIGHT AND LEVEL,DRY,UNKNOWN,,IMPROPER BACKING,DRIVING SKILLS/KNOWLEDGE/EXPERIENCE,,NONINCAPACITATING INJURY,12,5,41.8706715221,-87.6256159734,2025,30,POINT (-87.6256159734 41.8706715221),,,,,2025-05-30,False,31,Loop
13206,30,NO CONTROLS,NO CONTROLS,CLOUDY/OVERCAST,DAYLIGHT,PEDALCYCLIST,DIVIDED - W/MEDIAN (NOT RAISED),STRAIGHT AND LEVEL,UNKNOWN,UNKNOWN,,FAILING TO REDUCE SPEED TO AVOID CRASH,UNABLE TO DETERMINE,,NO INDICATION OF INJURY,14,5,41.9252823144,-87.6666170775,2025,30,POINT (-87.6666170775 41.9252823144),,,,,2025-05-30,False,6,Lincoln Park
13207,30,NO CONTROLS,NO CONTROLS,CLEAR,DAYLIGHT,PEDALCYCLIST,DIVIDED - W/MEDIAN (NOT RAISED),STRAIGHT AND LEVEL,DRY,NO DEFECTS,,FAILING TO YIELD RIGHT-OF-WAY,FAILING TO YIELD RIGHT-OF-WAY,,INCAPACITATING INJURY,18,5,41.8433906781,-87.6265497098,2025,30,POINT (-87.6265497098 41.8433906781),,,,,2025-05-30,True,34,Douglas
13208,25,TRAFFIC SIGNAL,FUNCTIONING PROPERLY,CLEAR,DAYLIGHT,PEDALCYCLIST,DIVIDED - W/MEDIAN (NOT RAISED),STRAIGHT AND LEVEL,DRY,NO DEFECTS,,IMPROPER OVERTAKING/PASSING,DRIVING SKILLS/KNOWLEDGE/EXPERIENCE,,NONINCAPACITATING INJURY,19,5,41.9536246423,-87.7193108495,2025,25,POINT (-87.7193108495 41.9536246423),,,,,2025-05-30,False,15,Irving Park
13209,20,NO CONTROLS,NO CONTROLS,CLEAR,DUSK,PEDALCYCLIST,ONE-WAY,STRAIGHT AND LEVEL,DRY,UNKNOWN,,UNABLE TO DETERMINE,NOT APPLICABLE,,NO INDICATION OF INJURY,21,5,41.9352837592,-87.7515079544,2025,20,POINT (-87.7515079544 41.9352837592),,,,,2025-05-30,False,18,Belmont Cragin
13210,30,STOP SIGN/FLASHER,NO CONTROLS,CLEAR,DARKNESS,PEDALCYCLIST,NOT DIVIDED,STRAIGHT AND LEVEL,DRY,UNKNOWN,,UNABLE TO DETERMINE,UNABLE TO DETERMINE,,NONINCAPACITATING INJURY,2,5,41.7590443497,-87.5711867919,2025,30,POINT (-87.5711867919 41.7590443497),,,,,2025-05-31,False,42,South Shore
13211,30,TRAFFIC SIGNAL,FUNCTIONING PROPERLY,CLEAR,DARKNESS,PEDALCYCLIST,NOT DIVIDED,STRAIGHT AND LEVEL,DRY,NO DEFECTS,N,NOT APPLICABLE,UNABLE TO DETERMINE,,NONINCAPACITATING INJURY,3,5,41.888220327,-87.7649912439,2025,30,POINT (-87.7649912439 41.888220327),,,,,2025-05-31,False,24,Austin
13212,30,NO CONTROLS,NO CONTROLS,CLEAR,DAYLIGHT,PEDALCYCLIST,DIVIDED - W/MEDIAN (NOT RAISED),STRAIGHT AND LEVEL,DRY,NO DEFECTS,,IMPROPER LANE USAGE,IMPROPER LANE USAGE,,NONINCAPACITATING INJURY,7,5,41.9370779991,-87.6781283505,2025,30,POINT (-87.6781283505 41.9370779991),,,,,2025-05-31,False,4,North Center
13213,30,NO CONTROLS,NO CONTROLS,CLEAR,DAYLIGHT,PEDALCYCLIST,ONE-WAY,STRAIGHT AND LEVEL,DRY,UNKNOWN,,NOT APPLICABLE,NOT APPLICABLE,,NONINCAPACITATING INJURY,9,5,41.9043492382,-87.682030838,2025,30,POINT (-87.682030838 41.9043492382),,,,,2025-05-31,False,23,West Town
13214,30,STOP SIGN/FLASHER,FUNCTIONING PROPERLY,CLEAR,DAYLIGHT,PEDALCYCLIST,NOT DIVIDED,STRAIGHT AND LEVEL,DRY,NO DEFECTS,Y,IMPROPER LANE USAGE,FOLLOWING TOO CLOSELY,,NONINCAPACITATING INJURY,11,5,41.9076151934,-87.6347513339,2025,30,POINT (-87.6347513339 41.9076151934),,,,,2025-05-31,False,7,Near North Side
13215,30,TRAFFIC SIGNAL,FUNCTIONING PROPERLY,CLEAR,DAYLIGHT,PEDALCYCLIST,NOT DIVIDED,STRAIGHT AND LEVEL,DRY,NO DEFECTS,,DRIVING SKILLS/KNOWLEDGE/EXPERIENCE,UNABLE TO DETERMINE,,NONINCAPACITATING INJURY,15,5,41.9033111306,-87.6346058023,2025,30,POINT (-87.6346058023 41.9033111306),,,,,2025-05-31,False,7,Near North Side
13216,30,TRAFFIC SIGNAL,FUNCTIONING PROPERLY,CLEAR,DAYLIGHT,PEDALCYCLIST,DIVIDED - W/MEDIAN (NOT RAISED),STRAIGHT AND LEVEL,DRY,NO DEFECTS,Y,FAILING TO YIELD RIGHT-OF-WAY,UNABLE TO DETERMINE,,NO INDICATION OF INJURY,19,5,41.9610357561,-87.7297638941,2025,30,POINT (-87.7297638941 41.9610357561),,,,,2025-05-31,False,13,Albany Park
13217,30,TRAFFIC SIGNAL,FUNCTIONING PROPERLY,CLEAR,DAYLIGHT,PEDALCYCLIST,FOUR WAY,STRAIGHT AND LEVEL,DRY,NO DEFECTS,Y,FAILING TO YIELD RIGHT-OF-WAY,NOT APPLICABLE,,NONINCAPACITATING INJURY,6,6,41.7796807607,-87.575066734,2025,30,POINT (-87.575066734 41.7796807607),,,,,2025-06-01,False,41,Woodlawn
13218,30,NO CONTROLS,NO CONTROLS,CLEAR,DAYLIGHT,PEDALCYCLIST,T-INTERSECTION,STRAIGHT AND LEVEL,DRY,NO DEFECTS,Y,FAILING TO YIELD RIGHT-OF-WAY,NOT APPLICABLE,,NONINCAPACITATING INJURY,11,6,42.0009235353,-87.7092208179,2025,30,POINT (-87.7092208179 42.0009235353),,,,,2025-06-01,False,1,West Ridge