Unnamed: 0,POSTED_SPEED_LIMIT,TRAFFIC_CONTROL_DEVICE,DEVICE_CONDITION,WEATHER_CONDITION,LIGHTING_CONDITION,FIRST_CRASH_TYPE,TRAFFICWAY_TYPE,ALIGNMENT,ROADWAY_SURFACE_COND,ROAD_DEFECT,INTERSECTION_RELATED_I,PRIM_CONTRIBUTORY_CAUSE,SEC_CONTRIBUTORY_CAUSE,DOORING_I,MOST_SEVERE_INJURY,CRASH_HOUR,CRASH_MONTH,LATITUDE,LONGITUDE,CRASH_YEAR,SPEED_LIMIT,geometry,DISPLAYROU,the_geom,DIST,LANE_TYPE,CRASH_DATE,is_severe,index_right,CArea
13219,30,NO CONTROLS,NO CONTROLS,CLEAR,DAYLIGHT,PEDALCYCLIST,PARKING LOT,STRAIGHT AND LEVEL,DRY,NO DEFECTS,,IMPROPER BACKING,NOT APPLICABLE,,NO INDICATION OF INJURY,11,6,41.8818442249,-87.6865950404,2025,30,POINT (-87.6865950404 41.8818442249),,,,,2025-06-01,False,27,Near West Side
13220,45,TRAFFIC SIGNAL,FUNCTIONING PROPERLY,CLEAR,DUSK,PEDALCYCLIST,UNKNOWN INTERSECTION TYPE,STRAIGHT AND LEVEL,DRY,NO DEFECTS,Y,UNABLE TO DETERMINE,UNABLE TO DETERMINE,,NONINCAPACITATING INJURY,17,6,41.7757032252,-87.5718407008,2025,45,POINT (-87.5718407008 41.7757032252),,,,,2025-06-01,False,41,Woodlawn
13221,30,TRAFFIC SIGNAL,FUNCTIONING PROPERLY,CLEAR,DAYLIGHT,PEDALCYCLIST,NOT DIVIDED,STRAIGHT AND LEVEL,DRY,NO DEFECTS,,FAILING TO YIELD RIGHT-OF-WAY,FAILING TO YIELD RIGHT-OF-WAY,,NONINCAPACITATING INJURY,17,6,41.9547651519,-87.6445597261,2025,30,POINT (-87.6445597261 41.9547651519),,,,,2025-06-01,False,2,Uptown
13222,30,NO CONTROLS,NO CONTROLS,CLEAR,DAYLIGHT,PEDALCYCLIST,NOT DIVIDED,STRAIGHT AND LEVEL,DRY,NO DEFECTS,,FAILING TO YIELD RIGHT-OF-WAY,NOT APPLICABLE,,NONINCAPACITATING INJURY,18,6,41.9639748211,-87.728559754,2025,30,POINT (-87.728559754 41.9639748211),,,,,2025-06-01,False,13,Albany Park
13223,35,PEDESTRIAN CROSSING SIGN,FUNCTIONING PROPERLY,CLEAR,DAYLIGHT,PEDALCYCLIST,ONE-WAY,STRAIGHT AND LEVEL,DRY,NO DEFECTS,Y,FAILING TO REDUCE SPEED TO AVOID CRASH,FAILING TO YIELD RIGHT-OF-WAY,,NONINCAPACITATING INJURY,18,6,41.7862770167,-87.6013446209,2025,35,POINT (-87.6013446209 41.7862770167),,,,,2025-06-01,False,40,Hyde Park
13224,30,STOP SIGN/FLASHER,FUNCTIONING PROPERLY,CLEAR,"DARKNESS, LIGHTED ROAD",PEDALCYCLIST,FOUR WAY,STRAIGHT ON GRADE,DRY,NO DEFECTS,Y,DISREGARDING ROAD MARKINGS,DISREGARDING STOP SIGN,,NONINCAPACITATING INJURY,21,6,41.9032728306,-87.6749710794,2025,30,POINT (-87.6749710794 41.9032728306),,,,,2025-06-01,False,23,West Town
13225,30,TRAFFIC SIGNAL,FUNCTIONING PROPERLY,CLEAR,DAYLIGHT,PEDALCYCLIST,FOUR WAY,STRAIGHT AND LEVEL,DRY,NO DEFECTS,Y,IMPROPER TURNING/NO SIGNAL,FOLLOWING TOO CLOSELY,,"REPORTED, NOT EVIDENT",6,6,41.8301872553,-87.6851779251,2025,30,POINT (-87.6851779251 41.8301872553),,,,,2025-06-02,False,57,Brighton Park
13226,30,TRAFFIC SIGNAL,FUNCTIONING PROPERLY,CLEAR,DAYLIGHT,PEDALCYCLIST,NOT DIVIDED,STRAIGHT AND LEVEL,DRY,NO DEFECTS,Y,DISREGARDING OTHER TRAFFIC SIGNS,NOT APPLICABLE,,NO INDICATION OF INJURY,14,6,41.9210450517,-87.7121415249,2025,30,POINT (-87.7121415249 41.9210450517),,,,,2025-06-02,False,21,Logan Square
13227,30,NO CONTROLS,NO CONTROLS,CLEAR,DAYLIGHT,PEDALCYCLIST,NOT DIVIDED,STRAIGHT AND LEVEL,DRY,NO DEFECTS,Y,FAILING TO YIELD RIGHT-OF-WAY,UNABLE TO DETERMINE,,NONINCAPACITATING INJURY,14,6,41.793246431,-87.7136291648,2025,30,POINT (-87.7136291648 41.793246431),,,,,2025-06-02,False,61,West Elsdon
13228,15,NO CONTROLS,NO CONTROLS,CLEAR,DAYLIGHT,PEDALCYCLIST,DIVIDED - W/MEDIAN (NOT RAISED),STRAIGHT AND LEVEL,DRY,NO DEFECTS,,UNABLE TO DETERMINE,UNABLE TO DETERMINE,,NO INDICATION OF INJURY,17,6,41.935911833,-87.6706825048,2025,15,POINT (-87.6706825048 41.935911833),,,,,2025-06-02,False,5,Lake View
13229,30,NO CONTROLS,NO CONTROLS,CLEAR,DAYLIGHT,PEDALCYCLIST,NOT DIVIDED,STRAIGHT AND LEVEL,UNKNOWN,UNKNOWN,,UNABLE TO DETERMINE,UNABLE TO DETERMINE,N,NO INDICATION OF INJURY,17,6,41.9255420817,-87.6368045572,2025,30,POINT (-87.6368045572 41.9255420817),,,,,2025-06-02,False,6,Lincoln Park
13230,30,STOP SIGN/FLASHER,FUNCTIONING PROPERLY,CLEAR,DAYLIGHT,PEDALCYCLIST,PARKING LOT,STRAIGHT AND LEVEL,DRY,NO DEFECTS,,DISREGARDING STOP SIGN,FAILING TO REDUCE SPEED TO AVOID CRASH,,NONINCAPACITATING INJURY,19,6,41.9131372731,-87.8057628322,2025,30,POINT (-87.8057628322 41.9131372731),,,,,2025-06-02,False,24,Austin
13231,30,TRAFFIC SIGNAL,FUNCTIONING PROPERLY,CLEAR,DAYLIGHT,PEDALCYCLIST,FOUR WAY,STRAIGHT AND LEVEL,DRY,NO DEFECTS,Y,UNABLE TO DETERMINE,UNABLE TO DETERMINE,,NONINCAPACITATING INJURY,21,6,41.7752754187,-87.5750992048,2025,30,POINT (-87.5750992048 41.7752754187),,,,,2025-06-02,False,41,Woodlawn
13232,30,STOP SIGN/FLASHER,FUNCTIONING PROPERLY,CLEAR,"DARKNESS, LIGHTED ROAD",PEDALCYCLIST,ONE-WAY,STRAIGHT AND LEVEL,DRY,NO DEFECTS,,UNABLE TO DETERMINE,UNABLE TO DETERMINE,,NONINCAPACITATING INJURY,1,6,41.9592937653,-87.7055941475,2025,30,POINT (-87.7055941475 41.9592937653),,,,,2025-06-03,False,15,Irving Park
13233,30,STOP SIGN/FLASHER,FUNCTIONING PROPERLY,CLEAR,DAYLIGHT,PEDALCYCLIST,FOUR WAY,STRAIGHT AND LEVEL,DRY,NO DEFECTS,Y,FAILING TO YIELD RIGHT-OF-WAY,UNABLE TO DETERMINE,,NO INDICATION OF INJURY,7,6,41.7024105584,-87.7062573256,2025,30,POINT (-87.7062573256 41.7024105584),,,,,2025-06-03,False,73,Mount Greenwood
13234,30,PEDESTRIAN CROSSING SIGN,FUNCTIONING PROPERLY,CLEAR,DAYLIGHT,PEDALCYCLIST,DIVIDED - W/MEDIAN (NOT RAISED),STRAIGHT AND LEVEL,DRY,NO DEFECTS,,FAILING TO YIELD RIGHT-OF-WAY,NOT APPLICABLE,,NONINCAPACITATING INJURY,7,6,41.9442741099,-87.7056336537,2025,30,POINT (-87.7056336537 41.9442741099),,,,,2025-06-03,False,15,Irving Park
13235,30,NO CONTROLS,NO CONTROLS,CLEAR,DAYLIGHT,PEDALCYCLIST,NOT DIVIDED,STRAIGHT AND LEVEL,DRY,NO DEFECTS,,FAILING TO YIELD RIGHT-OF-WAY,UNABLE TO DETERMINE,,NO INDICATION OF INJURY,8,6,41.9080529966,-87.6740586043,2025,30,POINT (-87.6740586043 41.9080529966),,,,,2025-06-03,False,23,West Town
13236,30,TRAFFIC SIGNAL,FUNCTIONING PROPERLY,CLEAR,DAYLIGHT,PEDALCYCLIST,NOT DIVIDED,STRAIGHT AND LEVEL,DRY,NO DEFECTS,Y,FAILING TO YIELD RIGHT-OF-WAY,FAILING TO YIELD RIGHT-OF-WAY,,NONINCAPACITATING INJURY,10,6,41.8831315857,-87.6544604516,2025,30,POINT (-87.6544604516 41.8831315857),,,,,2025-06-03,False,27,Near West Side
13237,30,NO CONTROLS,NO CONTROLS,CLEAR,DAYLIGHT,PEDALCYCLIST,NOT DIVIDED,STRAIGHT AND LEVEL,DRY,NO DEFECTS,,UNABLE TO DETERMINE,NOT APPLICABLE,,NO INDICATION OF INJURY,12,6,42.0025031532,-87.8172796935,2025,30,POINT (-87.8172796935 42.0025031532),,,,,2025-06-03,False,8,Edison Park
13238,30,NO CONTROLS,NO CONTROLS,CLEAR,DAYLIGHT,PEDALCYCLIST,PARKING LOT,STRAIGHT AND LEVEL,DRY,NO DEFECTS,,UNABLE TO DETERMINE,UNABLE TO DETERMINE,,NO INDICATION OF INJURY,14,6,42.0017420183,-87.6784191236,2025,30,POINT (-87.6784191236 42.0017420183),,,,,2025-06-03,False,0,Rogers Park
13239,30,NO CONTROLS,NO CONTROLS,RAIN,DAYLIGHT,PEDALCYCLIST,DIVIDED - W/MEDIAN (NOT RAISED),STRAIGHT AND LEVEL,WET,NO DEFECTS,,UNABLE TO DETERMINE,UNABLE TO DETERMINE,,"REPORTED, NOT EVIDENT",15,6,41.9684478473,-87.6955525626,2025,30,POINT (-87.6955525626 41.9684478473),,,,,2025-06-03,False,3,Lincoln Square
13240,30,NO CONTROLS,NO CONTROLS,CLEAR,DAYLIGHT,PEDALCYCLIST,NOT DIVIDED,STRAIGHT AND LEVEL,DRY,NO DEFECTS,,IMPROPER OVERTAKING/PASSING,NOT APPLICABLE,,INCAPACITATING INJURY,15,6,41.9711126726,-87.7282581078,2025,30,POINT (-87.7282581078 41.9711126726),,,,,2025-06-03,True,11,Forest Glen
13241,30,NO CONTROLS,NO CONTROLS,CLEAR,DAYLIGHT,PEDALCYCLIST,DIVIDED - W/MEDIAN BARRIER,STRAIGHT AND LEVEL,DRY,UNKNOWN,,FAILING TO YIELD RIGHT-OF-WAY,NOT APPLICABLE,,"REPORTED, NOT EVIDENT",16,6,41.9536505672,-87.7183968035,2025,30,POINT (-87.7183968035 41.9536505672),,,,,2025-06-03,False,15,Irving Park
13242,30,NO CONTROLS,NO CONTROLS,CLEAR,DAYLIGHT,PEDALCYCLIST,DIVIDED - W/MEDIAN (NOT RAISED),STRAIGHT AND LEVEL,DRY,NO DEFECTS,,UNABLE TO DETERMINE,UNABLE TO DETERMINE,,"REPORTED, NOT EVIDENT",17,6,41.8478847571,-87.6448378332,2025,30,POINT (-87.6448378332 41.8478847571),,,,,2025-06-03,False,30,Lower West Side
13243,30,STOP SIGN/FLASHER,FUNCTIONING PROPERLY,CLEAR,DAYLIGHT,PEDALCYCLIST,ONE-WAY,STRAIGHT AND LEVEL,DRY,NO DEFECTS,,DISREGARDING STOP SIGN,NOT APPLICABLE,,NONINCAPACITATING INJURY,18,6,41.796671735,-87.7218840383,2025,30,POINT (-87.7218840383 41.796671735),,,,,2025-06-03,False,56,Archer Heights
13244,30,NO CONTROLS,NO CONTROLS,CLEAR,DAYLIGHT,PEDALCYCLIST,NOT DIVIDED,STRAIGHT AND LEVEL,DRY,NO DEFECTS,,UNABLE TO DETERMINE,UNABLE TO DETERMINE,,INCAPACITATING INJURY,19,6,41.9910444023,-87.7877322774,2025,30,POINT (-87.7877322774 41.9910444023),,,,,2025-06-03,True,10,Jefferson Park
13245,35,TRAFFIC SIGNAL,FUNCTIONING PROPERLY,CLEAR,"DARKNESS, LIGHTED ROAD",PEDALCYCLIST,DIVIDED - W/MEDIAN (NOT RAISED),STRAIGHT AND LEVEL,DRY,NO DEFECTS,,FAILING TO YIELD RIGHT-OF-WAY,NOT APPLICABLE,,NONINCAPACITATING INJURY,20,6,41.7362094694,-87.6243055191,2025,35,POINT (-87.6243055191 41.7362094694),,,,,2025-06-03,False,43,Chatham
13246,30,NO CONTROLS,NO CONTROLS,CLEAR,"DARKNESS, LIGHTED ROAD",PEDALCYCLIST,T-INTERSECTION,STRAIGHT AND LEVEL,DRY,NO DEFECTS,,FAILING TO YIELD RIGHT-OF-WAY,NOT APPLICABLE,,"REPORTED, NOT EVIDENT",20,6,41.8239227121,-87.6171458852,2025,30,POINT (-87.6171458852 41.8239227121),,,,,2025-06-03,False,34,Douglas
13247,30,NO CONTROLS,NO CONTROLS,CLEAR,"DARKNESS, LIGHTED ROAD",PEDALCYCLIST,UNKNOWN INTERSECTION TYPE,STRAIGHT AND LEVEL,DRY,NO DEFECTS,,FAILING TO YIELD RIGHT-OF-WAY,NOT APPLICABLE,,"REPORTED, NOT EVIDENT",22,6,41.9409091633,-87.63936916,2025,30,POINT (-87.63936916 41.9409091633),,,,,2025-06-03,False,5,Lake View
13248,30,STOP SIGN/FLASHER,FUNCTIONING PROPERLY,CLEAR,"DARKNESS, LIGHTED ROAD",PEDALCYCLIST,NOT DIVIDED,STRAIGHT AND LEVEL,DRY,NO DEFECTS,N,FAILING TO YIELD RIGHT-OF-WAY,UNABLE TO DETERMINE,,NONINCAPACITATING INJURY,22,6,41.9484691148,-87.6419860503,2025,30,POINT (-87.6419860503 41.9484691148),,,,,2025-06-03,False,5,Lake View
13249,30,NO CONTROLS,NO CONTROLS,RAIN,DAYLIGHT,PEDALCYCLIST,UNKNOWN,STRAIGHT AND LEVEL,WET,UNKNOWN,,IMPROPER LANE USAGE,DRIVING SKILLS/KNOWLEDGE/EXPERIENCE,,NONINCAPACITATING INJURY,14,6,41.8855909792,-87.6438152342,2025,30,POINT (-87.6438152342 41.8855909792),,,,,2025-06-04,False,27,Near West Side
13250,30,NO CONTROLS,NO CONTROLS,CLEAR,DAYLIGHT,PEDALCYCLIST,NOT DIVIDED,STRAIGHT AND LEVEL,DRY,NO DEFECTS,,UNABLE TO DETERMINE,UNABLE TO DETERMINE,,NO INDICATION OF INJURY,19,6,41.9174446593,-87.6897917784,2025,30,POINT (-87.6897917784 41.9174446593),,,,,2025-06-04,False,21,Logan Square
13251,30,TRAFFIC SIGNAL,FUNCTIONING PROPERLY,RAIN,DARKNESS,PEDALCYCLIST,DIVIDED - W/MEDIAN (NOT RAISED),STRAIGHT AND LEVEL,WET,NO DEFECTS,Y,UNABLE TO DETERMINE,"VISION OBSCURED (SIGNS, TREE LIMBS, BUILDINGS, ETC.)",,NO INDICATION OF INJURY,21,6,41.9396161047,-87.6785035287,2025,30,POINT (-87.6785035287 41.9396161047),,,,,2025-06-04,False,4,North Center
13252,30,NO CONTROLS,NO CONTROLS,CLEAR,DAYLIGHT,PEDALCYCLIST,DIVIDED - W/MEDIAN (NOT RAISED),STRAIGHT AND LEVEL,DRY,UNKNOWN,,FAILING TO YIELD RIGHT-OF-WAY,NOT APPLICABLE,,"REPORTED, NOT EVIDENT",9,6,41.9114428702,-87.6793344718,2025,30,POINT (-87.6793344718 41.9114428702),,,,,2025-06-05,False,6,Lincoln Park
13253,30,UNKNOWN,UNKNOWN,CLEAR,DAYLIGHT,PEDALCYCLIST,ONE-WAY,STRAIGHT AND LEVEL,UNKNOWN,NO DEFECTS,,IMPROPER BACKING,NOT APPLICABLE,,NONINCAPACITATING INJURY,11,6,41.8916012848,-87.6297967052,2025,30,POINT (-87.6297967052 41.8916012848),,,,,2025-06-05,False,7,Near North Side
13254,30,NO CONTROLS,NO CONTROLS,CLEAR,DAYLIGHT,PEDALCYCLIST,NOT DIVIDED,STRAIGHT AND LEVEL,DRY,NO DEFECTS,,DRIVING SKILLS/KNOWLEDGE/EXPERIENCE,NOT APPLICABLE,Y,NONINCAPACITATING INJURY,11,6,41.9104028898,-87.6348339022,2025,30,POINT (-87.6348339022 41.9104028898),,,,,2025-06-05,False,7,Near North Side
13255,30,NO CONTROLS,NO CONTROLS,CLEAR,DAYLIGHT,PEDALCYCLIST,DIVIDED - W/MEDIAN (NOT RAISED),STRAIGHT AND LEVEL,DRY,UNKNOWN,,DISREGARDING STOP SIGN,FAILING TO YIELD RIGHT-OF-WAY,,"REPORTED, NOT EVIDENT",14,6,41.9219176644,-87.6955163791,2025,30,POINT (-87.6955163791 41.9219176644),,,,,2025-06-05,False,21,Logan Square
13256,30,UNKNOWN,UNKNOWN,CLEAR,DAYLIGHT,PEDALCYCLIST,DIVIDED - W/MEDIAN (NOT RAISED),STRAIGHT AND LEVEL,UNKNOWN,UNKNOWN,,UNABLE TO DETERMINE,NOT APPLICABLE,,NO INDICATION OF INJURY,15,6,41.9091532799,-87.7935213446,2025,30,POINT (-87.7935213446 41.9091532799),,,,,2025-06-05,False,24,Austin
13257,20,NO CONTROLS,NO CONTROLS,CLEAR,DAYLIGHT,PEDALCYCLIST,ALLEY,STRAIGHT AND LEVEL,DRY,NO DEFECTS,,UNABLE TO DETERMINE,NOT APPLICABLE,,NO INDICATION OF INJURY,15,6,41.9357610555,-87.6805244149,2025,20,POINT (-87.6805244149 41.9357610555),,,,,2025-06-05,False,4,North Center
13258,30,NO CONTROLS,NO CONTROLS,CLEAR,DAYLIGHT,PEDALCYCLIST,FOUR WAY,STRAIGHT AND LEVEL,DRY,NO DEFECTS,Y,FAILING TO REDUCE SPEED TO AVOID CRASH,NOT APPLICABLE,Y,NO INDICATION OF INJURY,15,6,41.890077898,-87.6477560898,2025,30,POINT (-87.6477560898 41.890077898),,,,,2025-06-05,False,7,Near North Side
13259,30,NO CONTROLS,NO CONTROLS,CLEAR,DAYLIGHT,PEDALCYCLIST,FOUR WAY,STRAIGHT AND LEVEL,DRY,NO DEFECTS,,UNABLE TO DETERMINE,NOT APPLICABLE,,"REPORTED, NOT EVIDENT",16,6,41.9601000919,-87.6655230388,2025,30,POINT (-87.6655230388 41.9601000919),,,,,2025-06-05,False,2,Uptown
13260,30,TRAFFIC SIGNAL,FUNCTIONING PROPERLY,CLEAR,DAYLIGHT,PEDALCYCLIST,OTHER,STRAIGHT AND LEVEL,DRY,NO DEFECTS,Y,FAILING TO REDUCE SPEED TO AVOID CRASH,FAILING TO YIELD RIGHT-OF-WAY,,NONINCAPACITATING INJURY,16,6,41.9023581147,-87.7558395341,2025,30,POINT (-87.7558395341 41.9023581147),,,,,2025-06-05,False,24,Austin
13261,30,NO CONTROLS,NO CONTROLS,CLEAR,DAYLIGHT,PEDALCYCLIST,NOT DIVIDED,STRAIGHT AND LEVEL,DRY,NO DEFECTS,,UNABLE TO DETERMINE,NOT APPLICABLE,,"REPORTED, NOT EVIDENT",17,6,41.7953854863,-87.6950047431,2025,30,POINT (-87.6950047431 41.7953854863),,,,,2025-06-05,False,62,Gage Park
13262,30,NO CONTROLS,NO CONTROLS,CLEAR,DAYLIGHT,PEDALCYCLIST,NOT DIVIDED,STRAIGHT AND LEVEL,DRY,NO DEFECTS,,FAILING TO YIELD RIGHT-OF-WAY,NOT APPLICABLE,Y,NONINCAPACITATING INJURY,18,6,41.9739866148,-87.6680140746,2025,30,POINT (-87.6680140746 41.9739866148),,,,,2025-06-05,False,2,Uptown
13263,30,TRAFFIC SIGNAL,FUNCTIONING PROPERLY,CLEAR,DAYLIGHT,PEDALCYCLIST,ONE-WAY,STRAIGHT AND LEVEL,DRY,NO DEFECTS,,IMPROPER LANE USAGE,IMPROPER LANE USAGE,,NO INDICATION OF INJURY,18,6,41.8821877517,-87.6262622211,2025,30,POINT (-87.6262622211 41.8821877517),,,,,2025-06-05,False,31,Loop
13264,20,STOP SIGN/FLASHER,FUNCTIONING PROPERLY,CLEAR,DAYLIGHT,PEDALCYCLIST,FOUR WAY,STRAIGHT AND LEVEL,DRY,NO DEFECTS,,UNABLE TO DETERMINE,UNABLE TO DETERMINE,,NO INDICATION OF INJURY,19,6,41.8723413136,-87.6566700246,2025,20,POINT (-87.6566700246 41.8723413136),,,,,2025-06-05,False,27,Near West Side
13265,30,NO CONTROLS,NO CONTROLS,CLEAR,"DARKNESS, LIGHTED ROAD",PEDALCYCLIST,NOT DIVIDED,STRAIGHT AND LEVEL,DRY,UNKNOWN,,"VISION OBSCURED (SIGNS, TREE LIMBS, BUILDINGS, ETC.)",NOT APPLICABLE,,NONINCAPACITATING INJURY,22,6,41.8985552559,-87.6428695125,2025,30,POINT (-87.6428695125 41.8985552559),,,,,2025-06-05,False,7,Near North Side
13266,30,TRAFFIC SIGNAL,FUNCTIONING PROPERLY,OTHER,"DARKNESS, LIGHTED ROAD",PEDALCYCLIST,Y-INTERSECTION,STRAIGHT AND LEVEL,UNKNOWN,UNKNOWN,,"OPERATING VEHICLE IN ERRATIC, RECKLESS, CARELESS, NEGLIGENT OR AGGRESSIVE MANNER",NOT APPLICABLE,,NONINCAPACITATING INJURY,3,6,41.9513901509,-87.6494694679,2025,30,POINT (-87.6494694679 41.9513901509),,,,,2025-06-06,False,5,Lake View
13267,30,STOP SIGN/FLASHER,FUNCTIONING PROPERLY,CLEAR,DAYLIGHT,PEDALCYCLIST,FOUR WAY,STRAIGHT AND LEVEL,DRY,NO DEFECTS,Y,UNABLE TO DETERMINE,UNABLE TO DETERMINE,,NONINCAPACITATING INJURY,6,6,41.9615538444,-87.7550993957,2025,30,POINT (-87.7550993957 41.9615538444),,,,,2025-06-06,False,14,Portage Park
13268,30,STOP SIGN/FLASHER,FUNCTIONING PROPERLY,CLEAR,DAYLIGHT,PEDALCYCLIST,NOT DIVIDED,STRAIGHT AND LEVEL,DRY,NO DEFECTS,,UNABLE TO DETERMINE,UNABLE TO DETERMINE,,NO INDICATION OF INJURY,8,6,41.7715577567,-87.7177986964,2025,30,POINT (-87.7177986964 41.7715577567),,,,,2025-06-06,False,64,West Lawn
13269,30,TRAFFIC SIGNAL,UNKNOWN,UNKNOWN,DAYLIGHT,PEDALCYCLIST,FOUR WAY,STRAIGHT AND LEVEL,UNKNOWN,UNKNOWN,Y,FAILING TO YIELD RIGHT-OF-WAY,FAILING TO REDUCE SPEED TO AVOID CRASH,,NONINCAPACITATING INJURY,8,6,41.9033078036,-87.6666320884,2025,30,POINT (-87.6666320884 41.9033078036),,,,,2025-06-06,False,23,West Town
13270,20,STOP SIGN/FLASHER,FUNCTIONING PROPERLY,CLEAR,DAYLIGHT,PEDALCYCLIST,NOT DIVIDED,STRAIGHT AND LEVEL,DRY,NO DEFECTS,Y,FOLLOWING TOO CLOSELY,NOT APPLICABLE,,INCAPACITATING INJURY,9,6,41.7731409156,-87.5945755143,2025,20,POINT (-87.5945755143 41.7731409156),,,,,2025-06-06,True,41,Woodlawn
13271,30,STOP SIGN/FLASHER,FUNCTIONING PROPERLY,CLEAR,DAYLIGHT,PEDALCYCLIST,FOUR WAY,STRAIGHT AND LEVEL,DRY,UNKNOWN,,FAILING TO YIELD RIGHT-OF-WAY,NOT APPLICABLE,,INCAPACITATING INJURY,11,6,41.9217443043,-87.6894013401,2025,30,POINT (-87.6894013401 41.9217443043),,,,,2025-06-06,True,21,Logan Square
13272,30,OTHER,FUNCTIONING IMPROPERLY,CLEAR,DAYLIGHT,PEDALCYCLIST,DIVIDED - W/MEDIAN (NOT RAISED),STRAIGHT AND LEVEL,DRY,NO DEFECTS,,IMPROPER LANE USAGE,IMPROPER OVERTAKING/PASSING,,NONINCAPACITATING INJURY,11,6,41.9327742172,-87.7132482864,2025,30,POINT (-87.7132482864 41.9327742172),,,,,2025-06-06,False,20,Avondale
13273,30,NO CONTROLS,NO CONTROLS,CLEAR,DAYLIGHT,PEDALCYCLIST,DIVIDED - W/MEDIAN (NOT RAISED),STRAIGHT AND LEVEL,DRY,NO DEFECTS,,FAILING TO YIELD RIGHT-OF-WAY,NOT APPLICABLE,,NONINCAPACITATING INJURY,11,6,41.9976573906,-87.7003813526,2025,30,POINT (-87.7003813526 41.9976573906),,,,,2025-06-06,False,1,West Ridge
13274,15,NO CONTROLS,NO CONTROLS,CLEAR,DAYLIGHT,PEDALCYCLIST,ALLEY,STRAIGHT AND LEVEL,DRY,NO DEFECTS,,"VISION OBSCURED (SIGNS, TREE LIMBS, BUILDINGS, ETC.)",NOT APPLICABLE,,NONINCAPACITATING INJURY,12,6,41.7979794486,-87.5882348589,2025,15,POINT (-87.5882348589 41.7979794486),,,,,2025-06-06,False,40,Hyde Park
13275,30,TRAFFIC SIGNAL,FUNCTIONING PROPERLY,CLEAR,DAYLIGHT,PEDALCYCLIST,NOT DIVIDED,STRAIGHT AND LEVEL,DRY,NO DEFECTS,Y,FAILING TO YIELD RIGHT-OF-WAY,FAILING TO YIELD RIGHT-OF-WAY,,NO INDICATION OF INJURY,12,6,41.8669514662,-87.6568267984,2025,30,POINT (-87.6568267984 41.8669514662),,,,,2025-06-06,False,27,Near West Side
13276,30,NO CONTROLS,NO CONTROLS,CLEAR,DAYLIGHT,PEDALCYCLIST,NOT DIVIDED,STRAIGHT AND LEVEL,DRY,NO DEFECTS,,DRIVING SKILLS/KNOWLEDGE/EXPERIENCE,NOT APPLICABLE,Y,"REPORTED, NOT EVIDENT",12,6,41.9633674194,-87.6643686373,2025,30,POINT (-87.6643686373 41.9633674194),,,,,2025-06-06,False,2,Uptown
13277,30,NO CONTROLS,NO CONTROLS,CLEAR,DAYLIGHT,PEDALCYCLIST,OTHER,STRAIGHT AND LEVEL,DRY,NO DEFECTS,,UNABLE TO DETERMINE,UNABLE TO DETERMINE,,NONINCAPACITATING INJURY,13,6,41.7506796735,-87.6488303908,2025,30,POINT (-87.6488303908 41.7506796735),,,,,2025-06-06,False,70,Auburn Gresham
13278,30,STOP SIGN/FLASHER,FUNCTIONING PROPERLY,CLOUDY/OVERCAST,DAYLIGHT,PEDALCYCLIST,ONE-WAY,"CURVE, LEVEL",DRY,UNKNOWN,Y,FAILING TO YIELD RIGHT-OF-WAY,FAILING TO REDUCE SPEED TO AVOID CRASH,,NONINCAPACITATING INJURY,15,6,41.8927482092,-87.614686796,2025,30,POINT (-87.614686796 41.8927482092),,,,,2025-06-06,False,7,Near North Side
13279,30,TRAFFIC SIGNAL,FUNCTIONING PROPERLY,CLEAR,DAYLIGHT,PEDALCYCLIST,NOT REPORTED,STRAIGHT AND LEVEL,DRY,NO DEFECTS,Y,FAILING TO YIELD RIGHT-OF-WAY,NOT APPLICABLE,,NONINCAPACITATING INJURY,16,6,41.9498257571,-87.7470580406,2025,30,POINT (-87.7470580406 41.9498257571),,,,,2025-06-06,False,14,Portage Park
13280,30,NO CONTROLS,NO CONTROLS,CLEAR,DAYLIGHT,PEDALCYCLIST,NOT DIVIDED,STRAIGHT AND LEVEL,DRY,NO DEFECTS,,NOT APPLICABLE,NOT APPLICABLE,Y,NONINCAPACITATING INJURY,17,6,41.8706908994,-87.6566491729,2025,30,POINT (-87.6566491729 41.8706908994),,,,,2025-06-06,False,27,Near West Side
13281,35,OTHER,FUNCTIONING PROPERLY,CLEAR,DAYLIGHT,PEDALCYCLIST,NOT DIVIDED,STRAIGHT AND LEVEL,DRY,NO DEFECTS,Y,FAILING TO YIELD RIGHT-OF-WAY,UNABLE TO DETERMINE,,NO INDICATION OF INJURY,19,6,41.8967045494,-87.6342801275,2025,35,POINT (-87.6342801275 41.8967045494),,,,,2025-06-06,False,7,Near North Side
13282,25,NO CONTROLS,NO CONTROLS,CLEAR,DUSK,PEDALCYCLIST,OTHER,STRAIGHT AND LEVEL,DRY,NO DEFECTS,,IMPROPER LANE USAGE,IMPROPER LANE USAGE,,NONINCAPACITATING INJURY,19,6,41.8844414305,-87.6487520792,2025,25,POINT (-87.6487520792 41.8844414305),,,,,2025-06-06,False,27,Near West Side