Unnamed: 0,POSTED_SPEED_LIMIT,TRAFFIC_CONTROL_DEVICE,DEVICE_CONDITION,WEATHER_CONDITION,LIGHTING_CONDITION,FIRST_CRASH_TYPE,TRAFFICWAY_TYPE,ALIGNMENT,ROADWAY_SURFACE_COND,ROAD_DEFECT,INTERSECTION_RELATED_I,PRIM_CONTRIBUTORY_CAUSE,SEC_CONTRIBUTORY_CAUSE,DOORING_I,MOST_SEVERE_INJURY,CRASH_HOUR,CRASH_MONTH,LATITUDE,LONGITUDE,CRASH_YEAR,SPEED_LIMIT,geometry,DISPLAYROU,the_geom,DIST,LANE_TYPE,CRASH_DATE,is_severe,index_right,CArea
13283,30,STOP SIGN/FLASHER,FUNCTIONING PROPERLY,CLEAR,"DARKNESS, LIGHTED ROAD",PEDALCYCLIST,FOUR WAY,STRAIGHT AND LEVEL,DRY,NO DEFECTS,Y,FAILING TO YIELD RIGHT-OF-WAY,NOT APPLICABLE,,NONINCAPACITATING INJURY,0,6,41.9453658198,-87.7478890627,2025,30,POINT (-87.7478890627 41.9453658198),,,,,2025-06-07,False,14,Portage Park
13284,30,NO CONTROLS,NO CONTROLS,CLEAR,DAYLIGHT,PEDALCYCLIST,NOT DIVIDED,STRAIGHT AND LEVEL,DRY,NO DEFECTS,Y,IMPROPER TURNING/NO SIGNAL,UNABLE TO DETERMINE,N,NONINCAPACITATING INJURY,9,6,41.9392966973,-87.7197694353,2025,30,POINT (-87.7197694353 41.9392966973),,,,,2025-06-07,False,15,Irving Park
13285,30,NO CONTROLS,NO CONTROLS,CLEAR,DAYLIGHT,PEDALCYCLIST,NOT DIVIDED,STRAIGHT AND LEVEL,DRY,NO DEFECTS,,NOT APPLICABLE,UNABLE TO DETERMINE,Y,NONINCAPACITATING INJURY,11,6,41.9233559936,-87.69722872,2025,30,POINT (-87.69722872 41.9233559936),,,,,2025-06-07,False,21,Logan Square
13286,30,STOP SIGN/FLASHER,FUNCTIONING PROPERLY,CLEAR,"DARKNESS, LIGHTED ROAD",PEDALCYCLIST,NOT DIVIDED,STRAIGHT AND LEVEL,DRY,NO DEFECTS,Y,FAILING TO YIELD RIGHT-OF-WAY,FAILING TO YIELD RIGHT-OF-WAY,,NO INDICATION OF INJURY,20,6,41.8816067762,-87.6508101545,2025,30,POINT (-87.6508101545 41.8816067762),,,,,2025-06-07,False,27,Near West Side
13287,30,TRAFFIC SIGNAL,FUNCTIONING PROPERLY,CLEAR,DUSK,PEDALCYCLIST,FOUR WAY,STRAIGHT AND LEVEL,DRY,NO DEFECTS,,IMPROPER TURNING/NO SIGNAL,NOT APPLICABLE,,"REPORTED, NOT EVIDENT",4,6,41.8932075351,-87.6298422078,2025,30,POINT (-87.6298422078 41.8932075351),,,,,2025-06-08,False,7,Near North Side
13288,30,NO CONTROLS,NO CONTROLS,RAIN,DAYLIGHT,PEDALCYCLIST,NOT DIVIDED,STRAIGHT AND LEVEL,WET,NO DEFECTS,,WEATHER,DRIVING SKILLS/KNOWLEDGE/EXPERIENCE,,INCAPACITATING INJURY,13,6,41.8994466956,-87.7362077647,2025,30,POINT (-87.7362077647 41.8994466956),,,,,2025-06-08,True,22,Humboldt Park
13289,30,NO CONTROLS,NO CONTROLS,CLEAR,DAYLIGHT,PEDALCYCLIST,DIVIDED - W/MEDIAN (NOT RAISED),STRAIGHT AND LEVEL,DRY,NO DEFECTS,,UNABLE TO DETERMINE,NOT APPLICABLE,,NO INDICATION OF INJURY,14,6,41.8646813334,-87.6469904083,2025,30,POINT (-87.6469904083 41.8646813334),,,,,2025-06-08,False,27,Near West Side
13290,30,STOP SIGN/FLASHER,FUNCTIONING PROPERLY,CLEAR,DAYLIGHT,PEDALCYCLIST,FOUR WAY,STRAIGHT AND LEVEL,DRY,NO DEFECTS,,UNABLE TO DETERMINE,UNABLE TO DETERMINE,,NO INDICATION OF INJURY,18,6,41.9633639325,-87.6385358463,2025,30,POINT (-87.6385358463 41.9633639325),,,,,2025-06-08,False,2,Uptown
13291,30,STOP SIGN/FLASHER,FUNCTIONING PROPERLY,CLEAR,DAYLIGHT,PEDALCYCLIST,ONE-WAY,STRAIGHT AND LEVEL,DRY,NO DEFECTS,N,DISREGARDING STOP SIGN,FAILING TO YIELD RIGHT-OF-WAY,,NO INDICATION OF INJURY,19,6,41.9532581695,-87.7695120274,2025,30,POINT (-87.7695120274 41.9532581695),,,,,2025-06-08,False,14,Portage Park
13292,30,NO CONTROLS,NO CONTROLS,CLEAR,DAYLIGHT,PEDALCYCLIST,DIVIDED - W/MEDIAN (NOT RAISED),STRAIGHT AND LEVEL,WET,UNKNOWN,,DRIVING SKILLS/KNOWLEDGE/EXPERIENCE,NOT APPLICABLE,Y,INCAPACITATING INJURY,20,6,41.9175885777,-87.6983627585,2025,30,POINT (-87.6983627585 41.9175885777),,,,,2025-06-08,True,21,Logan Square
13293,30,TRAFFIC SIGNAL,FUNCTIONING PROPERLY,CLEAR,"DARKNESS, LIGHTED ROAD",PEDALCYCLIST,FOUR WAY,STRAIGHT AND LEVEL,WET,UNKNOWN,Y,UNABLE TO DETERMINE,NOT APPLICABLE,,NONINCAPACITATING INJURY,20,6,41.9537196964,-87.7293641493,2025,30,POINT (-87.7293641493 41.9537196964),,,,,2025-06-08,False,15,Irving Park
13294,30,NO CONTROLS,NO CONTROLS,UNKNOWN,UNKNOWN,PEDALCYCLIST,FOUR WAY,STRAIGHT AND LEVEL,UNKNOWN,UNKNOWN,Y,UNABLE TO DETERMINE,UNABLE TO DETERMINE,,NONINCAPACITATING INJURY,8,6,41.892714933,-87.6501654307,2025,30,POINT (-87.6501654307 41.892714933),,,,,2025-06-09,False,7,Near North Side
13295,30,NO CONTROLS,NO CONTROLS,CLEAR,DAYLIGHT,PEDALCYCLIST,ALLEY,STRAIGHT AND LEVEL,DRY,NO DEFECTS,,FAILING TO YIELD RIGHT-OF-WAY,DRIVING SKILLS/KNOWLEDGE/EXPERIENCE,,NONINCAPACITATING INJURY,11,6,41.8210254202,-87.6927068854,2025,30,POINT (-87.6927068854 41.8210254202),,,,,2025-06-09,False,29,South Lawndale
13296,30,NO CONTROLS,NO CONTROLS,CLEAR,DAYLIGHT,PEDALCYCLIST,DIVIDED - W/MEDIAN (NOT RAISED),STRAIGHT AND LEVEL,DRY,NO DEFECTS,,FAILING TO REDUCE SPEED TO AVOID CRASH,NOT APPLICABLE,,NONINCAPACITATING INJURY,11,6,41.9679690681,-87.7433161651,2025,30,POINT (-87.7433161651 41.9679690681),,,,,2025-06-09,False,11,Forest Glen
13297,15,NO CONTROLS,NO CONTROLS,CLEAR,DAYLIGHT,PEDALCYCLIST,ALLEY,STRAIGHT AND LEVEL,DRY,NO DEFECTS,,"OPERATING VEHICLE IN ERRATIC, RECKLESS, CARELESS, NEGLIGENT OR AGGRESSIVE MANNER",NOT APPLICABLE,,NONINCAPACITATING INJURY,13,6,41.9087440006,-87.7120166444,2025,15,POINT (-87.7120166444 41.9087440006),,,,,2025-06-09,False,22,Humboldt Park
13298,30,NO CONTROLS,NO CONTROLS,CLEAR,DAYLIGHT,PEDALCYCLIST,NOT DIVIDED,STRAIGHT AND LEVEL,DRY,UNKNOWN,,FOLLOWING TOO CLOSELY,DRIVING SKILLS/KNOWLEDGE/EXPERIENCE,,NONINCAPACITATING INJURY,14,6,41.9208774022,-87.6876643504,2025,30,POINT (-87.6876643504 41.9208774022),,,,,2025-06-09,False,21,Logan Square
13299,30,NO CONTROLS,NO CONTROLS,CLEAR,DAYLIGHT,PEDALCYCLIST,NOT DIVIDED,STRAIGHT AND LEVEL,DRY,UNKNOWN,,IMPROPER OVERTAKING/PASSING,NOT APPLICABLE,,NONINCAPACITATING INJURY,15,6,41.9521884537,-87.7671147072,2025,30,POINT (-87.7671147072 41.9521884537),,,,,2025-06-09,False,14,Portage Park
13300,30,NO CONTROLS,NO CONTROLS,CLEAR,DAYLIGHT,PEDALCYCLIST,NOT DIVIDED,STRAIGHT AND LEVEL,UNKNOWN,UNKNOWN,,UNABLE TO DETERMINE,NOT APPLICABLE,,NO INDICATION OF INJURY,15,6,41.9497111119,-87.6485413818,2025,30,POINT (-87.6485413818 41.9497111119),,,,,2025-06-09,False,5,Lake View
13301,30,TRAFFIC SIGNAL,FUNCTIONING PROPERLY,CLEAR,DAYLIGHT,PEDALCYCLIST,NOT DIVIDED,STRAIGHT AND LEVEL,DRY,UNKNOWN,,UNABLE TO DETERMINE,UNABLE TO DETERMINE,,INCAPACITATING INJURY,15,6,41.8985891026,-87.7606215643,2025,30,POINT (-87.7606215643 41.8985891026),,,,,2025-06-09,True,24,Austin
13303,30,NO CONTROLS,NO CONTROLS,CLEAR,DAYLIGHT,PEDALCYCLIST,ALLEY,STRAIGHT AND LEVEL,DRY,UNKNOWN,,UNABLE TO DETERMINE,UNABLE TO DETERMINE,,INCAPACITATING INJURY,15,6,41.8952661295,-87.7210384422,2025,30,POINT (-87.7210384422 41.8952661295),,,,,2025-06-09,True,22,Humboldt Park
13304,30,NO CONTROLS,NO CONTROLS,CLEAR,DAYLIGHT,PEDALCYCLIST,DRIVEWAY,STRAIGHT AND LEVEL,DRY,NO DEFECTS,,IMPROPER LANE USAGE,NOT APPLICABLE,,NONINCAPACITATING INJURY,15,6,41.9901794919,-87.7339081116,2025,30,POINT (-87.7339081116 41.9901794919),,,,,2025-06-09,False,11,Forest Glen
13305,30,NO CONTROLS,NO CONTROLS,CLEAR,DAYLIGHT,PEDALCYCLIST,NOT DIVIDED,STRAIGHT AND LEVEL,DRY,NO DEFECTS,,IMPROPER LANE USAGE,NOT APPLICABLE,,NONINCAPACITATING INJURY,15,6,41.8084448449,-87.6909475152,2025,30,POINT (-87.6909475152 41.8084448449),,,,,2025-06-09,False,57,Brighton Park
13306,30,TRAFFIC SIGNAL,UNKNOWN,UNKNOWN,DARKNESS,PEDALCYCLIST,FOUR WAY,STRAIGHT AND LEVEL,UNKNOWN,UNKNOWN,,DRIVING SKILLS/KNOWLEDGE/EXPERIENCE,DISREGARDING TRAFFIC SIGNALS,,NO INDICATION OF INJURY,20,6,41.9349441717,-87.7564309574,2025,30,POINT (-87.7564309574 41.9349441717),,,,,2025-06-09,False,18,Belmont Cragin
13307,30,STOP SIGN/FLASHER,NO CONTROLS,CLEAR,DARKNESS,PEDALCYCLIST,DIVIDED - W/MEDIAN BARRIER,STRAIGHT AND LEVEL,DRY,NO DEFECTS,,IMPROPER TURNING/NO SIGNAL,NOT APPLICABLE,,"REPORTED, NOT EVIDENT",22,6,41.8891784369,-87.6365902934,2025,30,POINT (-87.6365902934 41.8891784369),,,,,2025-06-09,False,7,Near North Side
13308,30,TRAFFIC SIGNAL,FUNCTIONING PROPERLY,CLEAR,DAYLIGHT,PEDALCYCLIST,T-INTERSECTION,STRAIGHT AND LEVEL,DRY,UNKNOWN,Y,DISREGARDING TRAFFIC SIGNALS,FAILING TO YIELD RIGHT-OF-WAY,,NONINCAPACITATING INJURY,10,6,41.9251997525,-87.668000503,2025,30,POINT (-87.668000503 41.9251997525),,,,,2025-06-10,False,6,Lincoln Park
13309,30,NO CONTROLS,NO CONTROLS,CLEAR,DAYLIGHT,PEDALCYCLIST,NOT DIVIDED,STRAIGHT AND LEVEL,DRY,UNKNOWN,Y,UNABLE TO DETERMINE,NOT APPLICABLE,,NONINCAPACITATING INJURY,13,6,41.8998157321,-87.7362179271,2025,30,POINT (-87.7362179271 41.8998157321),,,,,2025-06-10,False,22,Humboldt Park
13310,30,UNKNOWN,UNKNOWN,UNKNOWN,UNKNOWN,PEDALCYCLIST,FOUR WAY,STRAIGHT AND LEVEL,UNKNOWN,UNKNOWN,,UNABLE TO DETERMINE,NOT APPLICABLE,,NO INDICATION OF INJURY,15,6,41.938775127,-87.75439133,2025,30,POINT (-87.75439133 41.938775127),,,,,2025-06-10,False,14,Portage Park
13311,30,TRAFFIC SIGNAL,FUNCTIONING PROPERLY,UNKNOWN,DAYLIGHT,PEDALCYCLIST,NOT DIVIDED,STRAIGHT AND LEVEL,UNKNOWN,UNKNOWN,,UNABLE TO DETERMINE,UNABLE TO DETERMINE,,NONINCAPACITATING INJURY,16,6,41.9274328808,-87.7854397509,2025,30,POINT (-87.7854397509 41.9274328808),,,,,2025-06-10,False,18,Belmont Cragin
13312,30,BICYCLE CROSSING SIGN,NO CONTROLS,CLEAR,DARKNESS,PEDALCYCLIST,ONE-WAY,STRAIGHT AND LEVEL,DRY,UNKNOWN,,UNABLE TO DETERMINE,NOT APPLICABLE,,NO INDICATION OF INJURY,22,6,41.8941454806,-87.6310425029,2025,30,POINT (-87.6310425029 41.8941454806),,,,,2025-06-10,False,7,Near North Side
13313,30,UNKNOWN,UNKNOWN,CLEAR,DAYLIGHT,PEDALCYCLIST,ONE-WAY,STRAIGHT AND LEVEL,DRY,NO DEFECTS,,NOT APPLICABLE,NOT APPLICABLE,,NONINCAPACITATING INJURY,8,6,41.838914311,-87.7195836204,2025,30,POINT (-87.7195836204 41.838914311),,,,,2025-06-11,False,29,South Lawndale
13314,20,STOP SIGN/FLASHER,FUNCTIONING PROPERLY,CLEAR,DAYLIGHT,PEDALCYCLIST,FOUR WAY,STRAIGHT AND LEVEL,DRY,NO DEFECTS,Y,UNABLE TO DETERMINE,NOT APPLICABLE,,"REPORTED, NOT EVIDENT",12,6,41.7136358916,-87.6771450765,2025,20,POINT (-87.6771450765 41.7136358916),,,,,2025-06-11,False,71,Beverly
13315,30,STOP SIGN/FLASHER,FUNCTIONING PROPERLY,CLEAR,DAYLIGHT,PEDALCYCLIST,FOUR WAY,STRAIGHT AND LEVEL,DRY,NO DEFECTS,Y,FAILING TO YIELD RIGHT-OF-WAY,FAILING TO YIELD RIGHT-OF-WAY,,INCAPACITATING INJURY,13,6,41.6963366641,-87.6233308068,2025,30,POINT (-87.6233308068 41.6963366641),,,,,2025-06-11,True,48,Roseland
13316,30,NO CONTROLS,NO CONTROLS,CLEAR,DAYLIGHT,PEDALCYCLIST,ALLEY,STRAIGHT AND LEVEL,DRY,NO DEFECTS,,UNABLE TO DETERMINE,NOT APPLICABLE,,NONINCAPACITATING INJURY,13,6,41.6924726697,-87.6415633619,2025,30,POINT (-87.6415633619 41.6924726697),,,,,2025-06-11,False,48,Roseland
13317,20,STOP SIGN/FLASHER,FUNCTIONING PROPERLY,CLEAR,DAYLIGHT,PEDALCYCLIST,NOT DIVIDED,STRAIGHT AND LEVEL,DRY,NO DEFECTS,Y,FOLLOWING TOO CLOSELY,UNABLE TO DETERMINE,,NO INDICATION OF INJURY,14,6,41.9708307221,-87.689793049,2025,20,POINT (-87.689793049 41.9708307221),,,,,2025-06-11,False,3,Lincoln Square
13318,30,TRAFFIC SIGNAL,FUNCTIONING PROPERLY,CLEAR,DAYLIGHT,PEDALCYCLIST,FOUR WAY,STRAIGHT AND LEVEL,DRY,NO DEFECTS,Y,FAILING TO YIELD RIGHT-OF-WAY,FAILING TO YIELD RIGHT-OF-WAY,,NONINCAPACITATING INJURY,14,6,41.8673464175,-87.6259747641,2025,30,POINT (-87.6259747641 41.8673464175),,,,,2025-06-11,False,31,Loop
13319,30,TRAFFIC SIGNAL,FUNCTIONING PROPERLY,CLEAR,DAYLIGHT,PEDALCYCLIST,NOT DIVIDED,STRAIGHT AND LEVEL,DRY,NO DEFECTS,Y,FAILING TO YIELD RIGHT-OF-WAY,FAILING TO YIELD RIGHT-OF-WAY,,NONINCAPACITATING INJURY,15,6,41.8521276608,-87.6759854491,2025,30,POINT (-87.6759854491 41.8521276608),,,,,2025-06-11,False,30,Lower West Side
13320,30,TRAFFIC SIGNAL,FUNCTIONING PROPERLY,CLEAR,DAYLIGHT,PEDALCYCLIST,FOUR WAY,STRAIGHT AND LEVEL,DRY,NO DEFECTS,Y,UNABLE TO DETERMINE,UNABLE TO DETERMINE,,NONINCAPACITATING INJURY,16,6,41.9672965451,-87.6489619049,2025,30,POINT (-87.6489619049 41.9672965451),,,,,2025-06-11,False,2,Uptown
13321,30,NO CONTROLS,NO CONTROLS,CLEAR,DAYLIGHT,PEDALCYCLIST,NOT DIVIDED,STRAIGHT AND LEVEL,DRY,NO DEFECTS,,FAILING TO YIELD RIGHT-OF-WAY,NOT APPLICABLE,,NONINCAPACITATING INJURY,17,6,41.8951781718,-87.6478600545,2025,30,POINT (-87.6478600545 41.8951781718),,,,,2025-06-11,False,7,Near North Side
13322,30,NO CONTROLS,NO CONTROLS,CLEAR,DAYLIGHT,PEDALCYCLIST,NOT DIVIDED,STRAIGHT AND LEVEL,DRY,UNKNOWN,,IMPROPER TURNING/NO SIGNAL,NOT APPLICABLE,,NONINCAPACITATING INJURY,17,6,41.9143491952,-87.6482216732,2025,30,POINT (-87.6482216732 41.9143491952),,,,,2025-06-11,False,6,Lincoln Park
13323,30,NO CONTROLS,NO CONTROLS,CLEAR,DAYLIGHT,PEDALCYCLIST,NOT DIVIDED,STRAIGHT AND LEVEL,DRY,NO DEFECTS,,IMPROPER OVERTAKING/PASSING,UNABLE TO DETERMINE,,NONINCAPACITATING INJURY,18,6,41.9089214003,-87.6775677955,2025,30,POINT (-87.6775677955 41.9089214003),,,,,2025-06-11,False,23,West Town
13324,30,NO CONTROLS,NO CONTROLS,CLEAR,DAYLIGHT,PEDALCYCLIST,PARKING LOT,STRAIGHT AND LEVEL,DRY,NO DEFECTS,,FAILING TO REDUCE SPEED TO AVOID CRASH,NOT APPLICABLE,,NONINCAPACITATING INJURY,18,6,41.8585167241,-87.6254792499,2025,30,POINT (-87.6254792499 41.8585167241),,,,,2025-06-11,False,32,Near South Side
13325,20,TRAFFIC SIGNAL,FUNCTIONING PROPERLY,CLEAR,DAYLIGHT,PEDALCYCLIST,FOUR WAY,STRAIGHT AND LEVEL,DRY,NO DEFECTS,Y,UNABLE TO DETERMINE,UNABLE TO DETERMINE,,NO INDICATION OF INJURY,18,6,41.8806968674,-87.7375791407,2025,20,POINT (-87.7375791407 41.8806968674),,,,,2025-06-11,False,25,Garfield Park
13326,30,NO CONTROLS,NO CONTROLS,CLEAR,"DARKNESS, LIGHTED ROAD",PEDALCYCLIST,FOUR WAY,STRAIGHT AND LEVEL,DRY,NO DEFECTS,Y,UNABLE TO DETERMINE,NOT APPLICABLE,,NO INDICATION OF INJURY,20,6,41.9456022843,-87.6460475675,2025,30,POINT (-87.6460475675 41.9456022843),,,,,2025-06-11,False,5,Lake View
13327,30,TRAFFIC SIGNAL,FUNCTIONING PROPERLY,CLEAR,DAYLIGHT,PEDALCYCLIST,T-INTERSECTION,STRAIGHT AND LEVEL,DRY,NO DEFECTS,Y,UNABLE TO DETERMINE,UNABLE TO DETERMINE,N,NONINCAPACITATING INJURY,8,6,41.954105717,-87.693290369,2025,30,POINT (-87.693290369 41.954105717),,,,,2025-06-12,False,4,North Center
13328,20,NO CONTROLS,NO CONTROLS,CLEAR,DAYLIGHT,PEDALCYCLIST,NOT DIVIDED,STRAIGHT AND LEVEL,DRY,NO DEFECTS,,UNABLE TO DETERMINE,UNABLE TO DETERMINE,,NO INDICATION OF INJURY,8,6,42.0208093753,-87.6732279524,2025,20,POINT (-87.6732279524 42.0208093753),,,,,2025-06-12,False,0,Rogers Park
13329,30,NO CONTROLS,NO CONTROLS,CLEAR,DAYLIGHT,PEDALCYCLIST,NOT DIVIDED,STRAIGHT AND LEVEL,DRY,NO DEFECTS,,FOLLOWING TOO CLOSELY,FOLLOWING TOO CLOSELY,,NONINCAPACITATING INJURY,8,6,42.0208640665,-87.6729332452,2025,30,POINT (-87.6729332452 42.0208640665),,,,,2025-06-12,False,0,Rogers Park
13330,30,TRAFFIC SIGNAL,FUNCTIONING PROPERLY,CLEAR,DAYLIGHT,PEDALCYCLIST,FOUR WAY,STRAIGHT AND LEVEL,DRY,NO DEFECTS,,IMPROPER TURNING/NO SIGNAL,NOT APPLICABLE,,NONINCAPACITATING INJURY,9,6,41.8831315857,-87.6544604516,2025,30,POINT (-87.6544604516 41.8831315857),,,,,2025-06-12,False,27,Near West Side
13331,30,NO CONTROLS,NO CONTROLS,CLEAR,DAYLIGHT,PEDALCYCLIST,NOT DIVIDED,STRAIGHT AND LEVEL,DRY,NO DEFECTS,,FAILING TO YIELD RIGHT-OF-WAY,NOT APPLICABLE,Y,"REPORTED, NOT EVIDENT",11,6,41.9466990279,-87.6827564678,2025,30,POINT (-87.6827564678 41.9466990279),,,,,2025-06-12,False,4,North Center
13332,30,NO CONTROLS,NO CONTROLS,CLEAR,DAYLIGHT,PEDALCYCLIST,NOT DIVIDED,STRAIGHT AND LEVEL,DRY,NO DEFECTS,,UNABLE TO DETERMINE,UNABLE TO DETERMINE,,NONINCAPACITATING INJURY,12,6,41.9044814736,-87.7069893662,2025,30,POINT (-87.7069893662 41.9044814736),,,,,2025-06-12,False,22,Humboldt Park
13333,20,NO CONTROLS,NO CONTROLS,CLEAR,DAYLIGHT,PEDALCYCLIST,NOT DIVIDED,STRAIGHT AND LEVEL,DRY,NO DEFECTS,,UNABLE TO DETERMINE,NOT APPLICABLE,,NO INDICATION OF INJURY,14,6,41.9618982758,-87.6540286127,2025,20,POINT (-87.6540286127 41.9618982758),,,,,2025-06-12,False,2,Uptown
13334,30,TRAFFIC SIGNAL,FUNCTIONING PROPERLY,CLEAR,DAYLIGHT,PEDALCYCLIST,NOT DIVIDED,STRAIGHT AND LEVEL,DRY,NO DEFECTS,Y,DISREGARDING TRAFFIC SIGNALS,IMPROPER OVERTAKING/PASSING,,"REPORTED, NOT EVIDENT",14,6,41.8956153135,-87.7067053251,2025,30,POINT (-87.7067053251 41.8956153135),,,,,2025-06-12,False,22,Humboldt Park
13335,30,TRAFFIC SIGNAL,FUNCTIONING PROPERLY,CLEAR,DAYLIGHT,PEDALCYCLIST,NOT DIVIDED,STRAIGHT AND LEVEL,DRY,UNKNOWN,Y,FAILING TO YIELD RIGHT-OF-WAY,NOT APPLICABLE,,NONINCAPACITATING INJURY,15,6,41.8809643831,-87.7159595459,2025,30,POINT (-87.7159595459 41.8809643831),,,,,2025-06-12,False,26,Garfield Park
13336,35,STOP SIGN/FLASHER,OTHER,CLEAR,DAYLIGHT,PEDALCYCLIST,DIVIDED - W/MEDIAN BARRIER,STRAIGHT AND LEVEL,DRY,NO DEFECTS,Y,NOT APPLICABLE,NOT APPLICABLE,,NONINCAPACITATING INJURY,15,6,41.8287861419,-87.665579167,2025,35,POINT (-87.665579167 41.8287861419),,,,,2025-06-12,False,58,Mckinley Park
13337,30,NO CONTROLS,NO CONTROLS,CLEAR,DAYLIGHT,PEDALCYCLIST,NOT DIVIDED,STRAIGHT AND LEVEL,DRY,UNKNOWN,,FAILING TO YIELD RIGHT-OF-WAY,UNABLE TO DETERMINE,,NO INDICATION OF INJURY,15,6,41.9687559959,-87.6865373744,2025,30,POINT (-87.6865373744 41.9687559959),,,,,2025-06-12,False,3,Lincoln Square
13338,30,NO CONTROLS,NO CONTROLS,CLEAR,DAYLIGHT,PEDALCYCLIST,NOT DIVIDED,STRAIGHT AND LEVEL,DRY,NO DEFECTS,,UNABLE TO DETERMINE,NOT APPLICABLE,,NONINCAPACITATING INJURY,15,6,41.9028677129,-87.624486533,2025,30,POINT (-87.624486533 41.9028677129),,,,,2025-06-12,False,7,Near North Side
13339,30,TRAFFIC SIGNAL,FUNCTIONING PROPERLY,CLEAR,DAYLIGHT,PEDALCYCLIST,DIVIDED - W/MEDIAN (NOT RAISED),STRAIGHT AND LEVEL,DRY,NO DEFECTS,Y,DISREGARDING TRAFFIC SIGNALS,DISREGARDING TRAFFIC SIGNALS,,NONINCAPACITATING INJURY,16,6,41.8868292805,-87.6473598303,2025,30,POINT (-87.6473598303 41.8868292805),,,,,2025-06-12,False,7,Near North Side
13340,25,NO CONTROLS,NO CONTROLS,CLEAR,DAYLIGHT,PEDALCYCLIST,NOT DIVIDED,STRAIGHT AND LEVEL,UNKNOWN,UNKNOWN,,NOT APPLICABLE,NOT APPLICABLE,,NO INDICATION OF INJURY,18,6,41.9173154555,-87.7230830665,2025,25,POINT (-87.7230830665 41.9173154555),,,,,2025-06-12,False,19,Hermosa
13341,30,TRAFFIC SIGNAL,FUNCTIONING PROPERLY,CLEAR,DAYLIGHT,PEDALCYCLIST,ONE-WAY,STRAIGHT AND LEVEL,DRY,NO DEFECTS,,DISREGARDING TRAFFIC SIGNALS,DRIVING ON WRONG SIDE/WRONG WAY,,NONINCAPACITATING INJURY,18,6,41.8923036656,-87.6322686074,2025,30,POINT (-87.6322686074 41.8923036656),,,,,2025-06-12,False,7,Near North Side
13342,30,NO CONTROLS,NO CONTROLS,CLEAR,DAYLIGHT,PEDALCYCLIST,NOT DIVIDED,STRAIGHT AND LEVEL,DRY,NO DEFECTS,,FAILING TO YIELD RIGHT-OF-WAY,UNABLE TO DETERMINE,,"REPORTED, NOT EVIDENT",18,6,41.9616671369,-87.6497605695,2025,30,POINT (-87.6497605695 41.9616671369),,,,,2025-06-12,False,2,Uptown
13343,30,NO CONTROLS,NO CONTROLS,CLEAR,DAYLIGHT,PEDALCYCLIST,ALLEY,STRAIGHT AND LEVEL,DRY,UNKNOWN,,UNABLE TO DETERMINE,UNABLE TO DETERMINE,,NONINCAPACITATING INJURY,19,6,41.7439168566,-87.6009657487,2025,30,POINT (-87.6009657487 41.7439168566),,,,,2025-06-12,False,43,Chatham
13344,30,TRAFFIC SIGNAL,FUNCTIONING PROPERLY,CLEAR,"DARKNESS, LIGHTED ROAD",PEDALCYCLIST,NOT DIVIDED,STRAIGHT AND LEVEL,DRY,NO DEFECTS,Y,DISREGARDING TRAFFIC SIGNALS,NOT APPLICABLE,,NONINCAPACITATING INJURY,22,6,41.8756225408,-87.6261727387,2025,30,POINT (-87.6261727387 41.8756225408),,,,,2025-06-12,False,31,Loop
13345,30,STOP SIGN/FLASHER,FUNCTIONING PROPERLY,CLEAR,DAYLIGHT,PEDALCYCLIST,NOT DIVIDED,STRAIGHT ON GRADE,DRY,NO DEFECTS,,DISREGARDING STOP SIGN,NOT APPLICABLE,,NONINCAPACITATING INJURY,7,6,41.9423054194,-87.6401053568,2025,30,POINT (-87.6401053568 41.9423054194),,,,,2025-06-13,False,5,Lake View
13346,30,NO CONTROLS,NO CONTROLS,CLOUDY/OVERCAST,DAWN,PEDALCYCLIST,PARKING LOT,STRAIGHT AND LEVEL,DRY,NO DEFECTS,,FAILING TO YIELD RIGHT-OF-WAY,"DISTRACTION - OTHER ELECTRONIC DEVICE (NAVIGATION DEVICE, DVD PLAYER, ETC.)",,NONINCAPACITATING INJURY,7,6,41.8377950869,-87.6657915322,2025,30,POINT (-87.6657915322 41.8377950869),,,,,2025-06-13,False,30,Lower West Side
13347,30,NO CONTROLS,NO CONTROLS,RAIN,DAYLIGHT,PEDALCYCLIST,NOT DIVIDED,STRAIGHT AND LEVEL,WET,NO DEFECTS,,DISTRACTION - FROM INSIDE VEHICLE,NOT APPLICABLE,,NO INDICATION OF INJURY,13,6,41.8810794657,-87.6471910511,2025,30,POINT (-87.6471910511 41.8810794657),,,,,2025-06-13,False,27,Near West Side
13348,30,NO CONTROLS,NO CONTROLS,CLEAR,DAYLIGHT,PEDALCYCLIST,NOT DIVIDED,STRAIGHT AND LEVEL,DRY,NO DEFECTS,,NOT APPLICABLE,NOT APPLICABLE,,NONINCAPACITATING INJURY,14,6,41.7678463035,-87.7223647352,2025,30,POINT (-87.7223647352 41.7678463035),,,,,2025-06-13,False,64,West Lawn
13349,30,NO CONTROLS,NO CONTROLS,RAIN,DAYLIGHT,PEDALCYCLIST,NOT DIVIDED,STRAIGHT AND LEVEL,WET,UNKNOWN,,FAILING TO YIELD RIGHT-OF-WAY,NOT APPLICABLE,Y,NO INDICATION OF INJURY,14,6,41.941475949,-87.6640103641,2025,30,POINT (-87.6640103641 41.941475949),,,,,2025-06-13,False,5,Lake View