Unnamed: 0,POSTED_SPEED_LIMIT,TRAFFIC_CONTROL_DEVICE,DEVICE_CONDITION,WEATHER_CONDITION,LIGHTING_CONDITION,FIRST_CRASH_TYPE,TRAFFICWAY_TYPE,ALIGNMENT,ROADWAY_SURFACE_COND,ROAD_DEFECT,INTERSECTION_RELATED_I,PRIM_CONTRIBUTORY_CAUSE,SEC_CONTRIBUTORY_CAUSE,DOORING_I,MOST_SEVERE_INJURY,CRASH_HOUR,CRASH_MONTH,LATITUDE,LONGITUDE,CRASH_YEAR,SPEED_LIMIT,geometry,DISPLAYROU,the_geom,DIST,LANE_TYPE,CRASH_DATE,is_severe,index_right,CArea
13350,30,NO CONTROLS,NO CONTROLS,CLEAR,DAYLIGHT,PEDALCYCLIST,DRIVEWAY,STRAIGHT AND LEVEL,DRY,NO DEFECTS,,FAILING TO YIELD RIGHT-OF-WAY,DRIVING SKILLS/KNOWLEDGE/EXPERIENCE,,NONINCAPACITATING INJURY,16,6,41.8131888382,-87.6838543779,2025,30,POINT (-87.6838543779 41.8131888382),,,,,2025-06-13,False,60,New City
13351,30,NO CONTROLS,NO CONTROLS,CLEAR,DAYLIGHT,PEDALCYCLIST,DIVIDED - W/MEDIAN (NOT RAISED),STRAIGHT AND LEVEL,DRY,NO DEFECTS,,"OPERATING VEHICLE IN ERRATIC, RECKLESS, CARELESS, NEGLIGENT OR AGGRESSIVE MANNER",NOT APPLICABLE,,NONINCAPACITATING INJURY,17,6,41.9611010758,-87.6834732346,2025,30,POINT (-87.6834732346 41.9611010758),,,,,2025-06-13,False,4,North Center
13352,30,NO CONTROLS,NO CONTROLS,CLEAR,DAYLIGHT,PEDALCYCLIST,DIVIDED - W/MEDIAN (NOT RAISED),STRAIGHT AND LEVEL,DRY,NO DEFECTS,,IMPROPER TURNING/NO SIGNAL,FAILING TO REDUCE SPEED TO AVOID CRASH,,"REPORTED, NOT EVIDENT",19,6,41.9678866535,-87.667440195,2025,30,POINT (-87.667440195 41.9678866535),,,,,2025-06-13,False,2,Uptown
13353,30,NO CONTROLS,NO CONTROLS,CLEAR,DAYLIGHT,PEDALCYCLIST,NOT DIVIDED,STRAIGHT AND LEVEL,DRY,NO DEFECTS,,UNABLE TO DETERMINE,NOT APPLICABLE,,NO INDICATION OF INJURY,19,6,41.903066945,-87.693224029,2025,30,POINT (-87.693224029 41.903066945),,,,,2025-06-13,False,22,Humboldt Park
13354,35,TRAFFIC SIGNAL,FUNCTIONING PROPERLY,CLEAR,DAYLIGHT,PEDALCYCLIST,FOUR WAY,STRAIGHT AND LEVEL,DRY,NO DEFECTS,Y,IMPROPER OVERTAKING/PASSING,IMPROPER TURNING/NO SIGNAL,,NONINCAPACITATING INJURY,19,6,41.884600962,-87.627828521,2025,35,POINT (-87.627828521 41.884600962),,,,,2025-06-13,False,31,Loop
13355,30,NO CONTROLS,NO CONTROLS,CLEAR,DAYLIGHT,PEDALCYCLIST,FOUR WAY,STRAIGHT AND LEVEL,DRY,NO DEFECTS,,UNABLE TO DETERMINE,NOT APPLICABLE,,NO INDICATION OF INJURY,9,6,41.9253787768,-87.6466294043,2025,30,POINT (-87.6466294043 41.9253787768),,,,,2025-06-14,False,6,Lincoln Park
13356,30,TRAFFIC SIGNAL,UNKNOWN,CLEAR,DAYLIGHT,PEDALCYCLIST,NOT DIVIDED,STRAIGHT AND LEVEL,DRY,NO DEFECTS,Y,FAILING TO YIELD RIGHT-OF-WAY,UNABLE TO DETERMINE,,NONINCAPACITATING INJURY,12,6,41.9395324641,-87.6539459122,2025,30,POINT (-87.6539459122 41.9395324641),,,,,2025-06-14,False,5,Lake View
13357,30,TRAFFIC SIGNAL,FUNCTIONING PROPERLY,CLEAR,DAYLIGHT,PEDALCYCLIST,"FIVE POINT, OR MORE",STRAIGHT AND LEVEL,DRY,UNKNOWN,Y,FAILING TO YIELD RIGHT-OF-WAY,UNABLE TO DETERMINE,,NONINCAPACITATING INJURY,12,6,41.9218969991,-87.6440133459,2025,30,POINT (-87.6440133459 41.9218969991),,,,,2025-06-14,False,6,Lincoln Park
13359,30,UNKNOWN,UNKNOWN,CLEAR,DAYLIGHT,PEDALCYCLIST,NOT DIVIDED,STRAIGHT AND LEVEL,UNKNOWN,UNKNOWN,,UNABLE TO DETERMINE,UNABLE TO DETERMINE,,NO INDICATION OF INJURY,16,6,41.911272006,-87.6332289873,2025,30,POINT (-87.6332289873 41.911272006),,,,,2025-06-14,False,6,Lincoln Park
13360,30,TRAFFIC SIGNAL,FUNCTIONING PROPERLY,CLEAR,DAYLIGHT,PEDALCYCLIST,FOUR WAY,STRAIGHT AND LEVEL,DRY,UNKNOWN,Y,UNABLE TO DETERMINE,NOT APPLICABLE,,NONINCAPACITATING INJURY,18,6,41.9095429239,-87.7435169347,2025,30,POINT (-87.7435169347 41.9095429239),,,,,2025-06-14,False,24,Austin
13361,30,TRAFFIC SIGNAL,FUNCTIONING PROPERLY,CLEAR,DUSK,PEDALCYCLIST,FOUR WAY,STRAIGHT AND LEVEL,DRY,UNKNOWN,Y,FAILING TO REDUCE SPEED TO AVOID CRASH,UNABLE TO DETERMINE,,NO INDICATION OF INJURY,18,6,41.915717526,-87.701891348,2025,30,POINT (-87.701891348 41.915717526),,,,,2025-06-14,False,21,Logan Square
13362,30,STOP SIGN/FLASHER,FUNCTIONING PROPERLY,CLEAR,"DARKNESS, LIGHTED ROAD",PEDALCYCLIST,T-INTERSECTION,STRAIGHT AND LEVEL,DRY,NO DEFECTS,Y,DRIVING ON WRONG SIDE/WRONG WAY,NOT APPLICABLE,,NONINCAPACITATING INJURY,21,6,41.8180912187,-87.6979450325,2025,30,POINT (-87.6979450325 41.8180912187),,,,,2025-06-14,False,57,Brighton Park
13363,25,TRAFFIC SIGNAL,FUNCTIONING PROPERLY,CLEAR,DAYLIGHT,PEDALCYCLIST,NOT DIVIDED,STRAIGHT AND LEVEL,DRY,NO DEFECTS,Y,UNABLE TO DETERMINE,NOT APPLICABLE,,"REPORTED, NOT EVIDENT",10,6,41.9219617539,-87.6487835194,2025,25,POINT (-87.6487835194 41.9219617539),,,,,2025-06-15,False,6,Lincoln Park
13364,25,OTHER,FUNCTIONING PROPERLY,CLEAR,DAYLIGHT,PEDALCYCLIST,NOT DIVIDED,STRAIGHT AND LEVEL,DRY,NO DEFECTS,,IMPROPER OVERTAKING/PASSING,UNABLE TO DETERMINE,,NONINCAPACITATING INJURY,13,6,41.9064950964,-87.6383020294,2025,25,POINT (-87.6383020294 41.9064950964),,,,,2025-06-15,False,7,Near North Side
13365,15,STOP SIGN/FLASHER,OTHER,CLEAR,DAYLIGHT,PEDALCYCLIST,ONE-WAY,STRAIGHT AND LEVEL,DRY,UNKNOWN,,FAILING TO YIELD RIGHT-OF-WAY,DRIVING ON WRONG SIDE/WRONG WAY,,NONINCAPACITATING INJURY,14,6,41.9352938823,-87.7453261531,2025,15,POINT (-87.7453261531 41.9352938823),,,,,2025-06-15,False,18,Belmont Cragin
13366,15,UNKNOWN,UNKNOWN,CLEAR,DAYLIGHT,PEDALCYCLIST,NOT DIVIDED,STRAIGHT AND LEVEL,DRY,UNKNOWN,,FAILING TO YIELD RIGHT-OF-WAY,FAILING TO YIELD RIGHT-OF-WAY,,NO INDICATION OF INJURY,15,6,41.8945890248,-87.6355063665,2025,15,POINT (-87.6355063665 41.8945890248),,,,,2025-06-15,False,7,Near North Side
13367,30,TRAFFIC SIGNAL,FUNCTIONING PROPERLY,UNKNOWN,DAYLIGHT,PEDALCYCLIST,NOT DIVIDED,STRAIGHT AND LEVEL,UNKNOWN,UNKNOWN,Y,UNABLE TO DETERMINE,ANIMAL,,NO INDICATION OF INJURY,16,6,41.9470176804,-87.6604440015,2025,30,POINT (-87.6604440015 41.9470176804),,,,,2025-06-15,False,5,Lake View
13368,30,TRAFFIC SIGNAL,FUNCTIONING PROPERLY,CLEAR,DAWN,PEDALCYCLIST,NOT DIVIDED,STRAIGHT AND LEVEL,DRY,NO DEFECTS,Y,IMPROPER TURNING/NO SIGNAL,IMPROPER TURNING/NO SIGNAL,,NONINCAPACITATING INJURY,20,6,41.9619578842,-87.6495039519,2025,30,POINT (-87.6495039519 41.9619578842),,,,,2025-06-15,False,2,Uptown
13369,30,STOP SIGN/FLASHER,FUNCTIONING PROPERLY,CLEAR,DAYLIGHT,PEDALCYCLIST,FOUR WAY,STRAIGHT AND LEVEL,DRY,NO DEFECTS,Y,DISREGARDING STOP SIGN,DISREGARDING STOP SIGN,,NONINCAPACITATING INJURY,8,6,41.8993976984,-87.6895442382,2025,30,POINT (-87.6895442382 41.8993976984),,,,,2025-06-16,False,23,West Town
13370,30,NO CONTROLS,NO CONTROLS,CLEAR,DAYLIGHT,PEDALCYCLIST,DRIVEWAY,STRAIGHT AND LEVEL,DRY,UNKNOWN,,UNABLE TO DETERMINE,UNABLE TO DETERMINE,,NO INDICATION OF INJURY,12,6,41.7922185905,-87.7825949597,2025,30,POINT (-87.7825949597 41.7922185905),,,,,2025-06-16,False,55,Garfield Ridge
13371,30,NO CONTROLS,NO CONTROLS,CLEAR,DAYLIGHT,PEDALCYCLIST,NOT DIVIDED,STRAIGHT AND LEVEL,DRY,NO DEFECTS,,UNABLE TO DETERMINE,NOT APPLICABLE,,NO INDICATION OF INJURY,12,6,41.7922147543,-87.7827775293,2025,30,POINT (-87.7827775293 41.7922147543),,,,,2025-06-16,False,55,Garfield Ridge
13372,30,NO CONTROLS,NO CONTROLS,CLEAR,DAYLIGHT,PEDALCYCLIST,NOT DIVIDED,STRAIGHT AND LEVEL,DRY,NO DEFECTS,Y,NOT APPLICABLE,NOT APPLICABLE,,NONINCAPACITATING INJURY,15,6,41.9825634124,-87.7634297744,2025,30,POINT (-87.7634297744 41.9825634124),,,,,2025-06-16,False,10,Jefferson Park
13373,30,NO CONTROLS,NO CONTROLS,CLEAR,DAYLIGHT,PEDALCYCLIST,CENTER TURN LANE,STRAIGHT AND LEVEL,DRY,NO DEFECTS,,UNABLE TO DETERMINE,UNABLE TO DETERMINE,,NONINCAPACITATING INJURY,16,6,41.8078715338,-87.694047255,2025,30,POINT (-87.694047255 41.8078715338),,,,,2025-06-16,False,57,Brighton Park
13374,30,TRAFFIC SIGNAL,FUNCTIONING PROPERLY,CLEAR,DAYLIGHT,PEDALCYCLIST,NOT DIVIDED,STRAIGHT AND LEVEL,DRY,NO DEFECTS,Y,FAILING TO YIELD RIGHT-OF-WAY,UNABLE TO DETERMINE,,NONINCAPACITATING INJURY,17,6,41.8379641537,-87.6464227122,2025,30,POINT (-87.6464227122 41.8379641537),,,,,2025-06-16,False,30,Lower West Side
13375,30,NO CONTROLS,NO CONTROLS,CLEAR,DAYLIGHT,PEDALCYCLIST,PARKING LOT,STRAIGHT AND LEVEL,DRY,NO DEFECTS,,UNABLE TO DETERMINE,UNABLE TO DETERMINE,,NONINCAPACITATING INJURY,17,6,41.7582479506,-87.6179671826,2025,30,POINT (-87.6179671826 41.7582479506),,,,,2025-06-16,False,68,Grand Crossing
13376,30,STOP SIGN/FLASHER,FUNCTIONING PROPERLY,CLEAR,"DARKNESS, LIGHTED ROAD",PEDALCYCLIST,DIVIDED - W/MEDIAN (NOT RAISED),STRAIGHT AND LEVEL,DRY,NO DEFECTS,Y,DISREGARDING OTHER TRAFFIC SIGNS,DISREGARDING OTHER TRAFFIC SIGNS,,NO INDICATION OF INJURY,20,6,41.9388520231,-87.6442112807,2025,30,POINT (-87.6442112807 41.9388520231),,,,,2025-06-16,False,5,Lake View
13377,30,NO CONTROLS,NO CONTROLS,CLEAR,"DARKNESS, LIGHTED ROAD",PEDALCYCLIST,DIVIDED - W/MEDIAN (NOT RAISED),STRAIGHT AND LEVEL,DRY,NO DEFECTS,,UNABLE TO DETERMINE,NOT APPLICABLE,,INCAPACITATING INJURY,21,6,41.7813825175,-87.6644108953,2025,30,POINT (-87.6644108953 41.7813825175),,,,,2025-06-16,True,66,Englewood
13378,30,NO CONTROLS,NO CONTROLS,CLEAR,DAYLIGHT,PEDALCYCLIST,NOT DIVIDED,STRAIGHT AND LEVEL,DRY,NO DEFECTS,,FAILING TO YIELD RIGHT-OF-WAY,NOT APPLICABLE,,NO INDICATION OF INJURY,8,6,41.8503662102,-87.6783926233,2025,30,POINT (-87.6783926233 41.8503662102),,,,,2025-06-17,False,30,Lower West Side
13379,20,NO CONTROLS,NO CONTROLS,CLEAR,DAYLIGHT,PEDALCYCLIST,ALLEY,STRAIGHT AND LEVEL,DRY,UNKNOWN,,DRIVING SKILLS/KNOWLEDGE/EXPERIENCE,UNABLE TO DETERMINE,,NONINCAPACITATING INJURY,8,6,41.9171042603,-87.7136776318,2025,20,POINT (-87.7136776318 41.9171042603),,,,,2025-06-17,False,21,Logan Square
13380,30,UNKNOWN,UNKNOWN,UNKNOWN,UNKNOWN,PEDALCYCLIST,NOT DIVIDED,STRAIGHT AND LEVEL,UNKNOWN,UNKNOWN,,DRIVING SKILLS/KNOWLEDGE/EXPERIENCE,UNABLE TO DETERMINE,,NO INDICATION OF INJURY,8,6,41.8857820945,-87.6470215163,2025,30,POINT (-87.6470215163 41.8857820945),,,,,2025-06-17,False,27,Near West Side
13381,30,TRAFFIC SIGNAL,NO CONTROLS,CLEAR,DAYLIGHT,PEDALCYCLIST,NOT DIVIDED,STRAIGHT AND LEVEL,DRY,NO DEFECTS,,FAILING TO YIELD RIGHT-OF-WAY,FAILING TO YIELD RIGHT-OF-WAY,N,NONINCAPACITATING INJURY,9,6,41.9252634627,-87.6537529213,2025,30,POINT (-87.6537529213 41.9252634627),,,,,2025-06-17,False,6,Lincoln Park
13382,30,NO CONTROLS,NO CONTROLS,CLEAR,DAYLIGHT,PEDALCYCLIST,DIVIDED - W/MEDIAN BARRIER,STRAIGHT AND LEVEL,DRY,UNKNOWN,,DRIVING SKILLS/KNOWLEDGE/EXPERIENCE,EQUIPMENT - VEHICLE CONDITION,,NONINCAPACITATING INJURY,9,6,41.8673634931,-87.6391370885,2025,30,POINT (-87.6391370885 41.8673634931),,,,,2025-06-17,False,27,Near West Side
13383,30,TRAFFIC SIGNAL,FUNCTIONING PROPERLY,CLEAR,DAYLIGHT,PEDALCYCLIST,FOUR WAY,STRAIGHT AND LEVEL,DRY,NO DEFECTS,Y,FAILING TO YIELD RIGHT-OF-WAY,IMPROPER TURNING/NO SIGNAL,,NO INDICATION OF INJURY,11,6,41.8720871263,-87.6309691079,2025,30,POINT (-87.6309691079 41.8720871263),,,,,2025-06-17,False,31,Loop
13384,30,NO CONTROLS,NO CONTROLS,CLEAR,DAYLIGHT,PEDALCYCLIST,NOT DIVIDED,STRAIGHT AND LEVEL,DRY,NO DEFECTS,,UNABLE TO DETERMINE,NOT APPLICABLE,Y,NONINCAPACITATING INJURY,14,6,41.9328937134,-87.6450229314,2025,30,POINT (-87.6450229314 41.9328937134),,,,,2025-06-17,False,5,Lake View
13385,30,UNKNOWN,UNKNOWN,CLEAR,DAYLIGHT,PEDALCYCLIST,NOT DIVIDED,STRAIGHT AND LEVEL,DRY,NO DEFECTS,,FOLLOWING TOO CLOSELY,UNABLE TO DETERMINE,,NO INDICATION OF INJURY,15,6,41.9051213635,-87.736089662,2025,30,POINT (-87.736089662 41.9051213635),,,,,2025-06-17,False,22,Humboldt Park
13386,30,NO CONTROLS,NO CONTROLS,CLEAR,DAYLIGHT,PEDALCYCLIST,ALLEY,STRAIGHT AND LEVEL,DRY,UNKNOWN,,FAILING TO REDUCE SPEED TO AVOID CRASH,UNABLE TO DETERMINE,,NONINCAPACITATING INJURY,15,6,41.81311107,-87.6024372716,2025,30,POINT (-87.6024372716 41.81311107),,,,,2025-06-17,False,38,Kenwood
13387,30,NO CONTROLS,NO CONTROLS,CLEAR,DAYLIGHT,PEDALCYCLIST,PARKING LOT,STRAIGHT AND LEVEL,DRY,NO DEFECTS,,FAILING TO YIELD RIGHT-OF-WAY,UNABLE TO DETERMINE,,NONINCAPACITATING INJURY,16,6,41.909350413,-87.7766327522,2025,30,POINT (-87.7766327522 41.909350413),,,,,2025-06-17,False,24,Austin
13388,30,TRAFFIC SIGNAL,FUNCTIONING PROPERLY,CLEAR,DAYLIGHT,PEDALCYCLIST,NOT DIVIDED,STRAIGHT AND LEVEL,DRY,NO DEFECTS,N,IMPROPER TURNING/NO SIGNAL,DISREGARDING TRAFFIC SIGNALS,,NONINCAPACITATING INJURY,17,6,41.8529923618,-87.6354662826,2025,30,POINT (-87.6354662826 41.8529923618),,,,,2025-06-17,False,30,Lower West Side
13389,30,TRAFFIC SIGNAL,FUNCTIONING PROPERLY,CLEAR,DAYLIGHT,PEDALCYCLIST,DIVIDED - W/MEDIAN (NOT RAISED),STRAIGHT AND LEVEL,DRY,NO DEFECTS,Y,DISREGARDING TRAFFIC SIGNALS,DISREGARDING TRAFFIC SIGNALS,,NONINCAPACITATING INJURY,17,6,41.954745513,-87.6453293959,2025,30,POINT (-87.6453293959 41.954745513),,,,,2025-06-17,False,2,Uptown
13390,30,TRAFFIC SIGNAL,FUNCTIONING PROPERLY,CLEAR,DAYLIGHT,PEDALCYCLIST,FOUR WAY,STRAIGHT AND LEVEL,DRY,UNKNOWN,Y,FAILING TO YIELD RIGHT-OF-WAY,FAILING TO YIELD RIGHT-OF-WAY,,"REPORTED, NOT EVIDENT",18,6,41.6926269709,-87.6134941516,2025,30,POINT (-87.6134941516 41.6926269709),,,,,2025-06-17,False,48,Roseland
13391,30,NO CONTROLS,NO CONTROLS,CLEAR,"DARKNESS, LIGHTED ROAD",PEDALCYCLIST,ONE-WAY,STRAIGHT AND LEVEL,DRY,NO DEFECTS,,UNABLE TO DETERMINE,UNABLE TO DETERMINE,,"REPORTED, NOT EVIDENT",20,6,41.9850889107,-87.6916368843,2025,30,POINT (-87.6916368843 41.9850889107),,,,,2025-06-17,False,1,West Ridge
13392,20,STOP SIGN/FLASHER,FUNCTIONING PROPERLY,CLEAR,DARKNESS,PEDALCYCLIST,FOUR WAY,STRAIGHT AND LEVEL,DRY,NO DEFECTS,Y,FAILING TO REDUCE SPEED TO AVOID CRASH,NOT APPLICABLE,,NONINCAPACITATING INJURY,20,6,41.9901658906,-87.6583208643,2025,20,POINT (-87.6583208643 41.9901658906),,,,,2025-06-17,False,76,Edgewater
13393,30,OTHER,UNKNOWN,CLEAR,"DARKNESS, LIGHTED ROAD",PEDALCYCLIST,DIVIDED - W/MEDIAN BARRIER,STRAIGHT AND LEVEL,DRY,NO DEFECTS,,DISREGARDING TRAFFIC SIGNALS,UNABLE TO DETERMINE,,NO INDICATION OF INJURY,21,6,41.9161435209,-87.667653473,2025,30,POINT (-87.667653473 41.9161435209),,,,,2025-06-17,False,6,Lincoln Park
13394,30,TRAFFIC SIGNAL,FUNCTIONING PROPERLY,CLEAR,"DARKNESS, LIGHTED ROAD",PEDALCYCLIST,FOUR WAY,STRAIGHT AND LEVEL,DRY,"RUT, HOLES",Y,UNABLE TO DETERMINE,NOT APPLICABLE,,INCAPACITATING INJURY,21,6,41.9981857787,-87.6705561553,2025,30,POINT (-87.6705561553 41.9981857787),,,,,2025-06-17,True,0,Rogers Park
13395,30,UNKNOWN,UNKNOWN,CLEAR,DARKNESS,PEDALCYCLIST,NOT DIVIDED,STRAIGHT AND LEVEL,DRY,NO DEFECTS,,FOLLOWING TOO CLOSELY,NOT APPLICABLE,,"REPORTED, NOT EVIDENT",22,6,41.9179418311,-87.6570686905,2025,30,POINT (-87.6570686905 41.9179418311),,,,,2025-06-17,False,6,Lincoln Park
13396,30,TRAFFIC SIGNAL,UNKNOWN,RAIN,DAYLIGHT,PEDALCYCLIST,FOUR WAY,STRAIGHT AND LEVEL,WET,UNKNOWN,Y,IMPROPER TURNING/NO SIGNAL,IMPROPER TURNING/NO SIGNAL,,NONINCAPACITATING INJURY,6,6,41.8853466172,-87.7061015029,2025,30,POINT (-87.7061015029 41.8853466172),,,,,2025-06-18,False,26,Garfield Park
13397,30,NO CONTROLS,NO CONTROLS,CLEAR,DAYLIGHT,PEDALCYCLIST,NOT DIVIDED,STRAIGHT AND LEVEL,DRY,NO DEFECTS,,UNABLE TO DETERMINE,NOT APPLICABLE,,NO INDICATION OF INJURY,9,6,41.9156224122,-87.7070639352,2025,30,POINT (-87.7070639352 41.9156224122),,,,,2025-06-18,False,21,Logan Square
13398,30,NO CONTROLS,NO CONTROLS,UNKNOWN,DAYLIGHT,PEDALCYCLIST,NOT DIVIDED,STRAIGHT AND LEVEL,UNKNOWN,NO DEFECTS,,UNABLE TO DETERMINE,NOT APPLICABLE,,NO INDICATION OF INJURY,9,6,41.8889354298,-87.6404226356,2025,30,POINT (-87.6404226356 41.8889354298),,,,,2025-06-18,False,7,Near North Side
13399,30,NO CONTROLS,NO CONTROLS,RAIN,DAYLIGHT,PEDALCYCLIST,ALLEY,STRAIGHT AND LEVEL,WET,UNKNOWN,,FAILING TO YIELD RIGHT-OF-WAY,FAILING TO YIELD RIGHT-OF-WAY,,NONINCAPACITATING INJURY,16,6,41.9330125906,-87.6591342169,2025,30,POINT (-87.6591342169 41.9330125906),,,,,2025-06-18,False,5,Lake View
13400,30,NO CONTROLS,NO CONTROLS,CLEAR,DAYLIGHT,PEDALCYCLIST,NOT DIVIDED,STRAIGHT AND LEVEL,DRY,NO DEFECTS,,FAILING TO YIELD RIGHT-OF-WAY,NOT APPLICABLE,,NONINCAPACITATING INJURY,13,6,41.9165502983,-87.6571654807,2025,30,POINT (-87.6571654807 41.9165502983),,,,,2025-06-19,False,6,Lincoln Park
13401,25,STOP SIGN/FLASHER,NOT FUNCTIONING,CLEAR,DAYLIGHT,PEDALCYCLIST,ROUNDABOUT,STRAIGHT AND LEVEL,DRY,NO DEFECTS,,NOT APPLICABLE,NOT APPLICABLE,,NONINCAPACITATING INJURY,14,6,41.8786060856,-87.6816157743,2025,25,POINT (-87.6816157743 41.8786060856),,,,,2025-06-19,False,27,Near West Side
13402,30,NO CONTROLS,NO CONTROLS,CLEAR,DAYLIGHT,PEDALCYCLIST,NOT DIVIDED,STRAIGHT AND LEVEL,DRY,NO DEFECTS,,FAILING TO REDUCE SPEED TO AVOID CRASH,NOT APPLICABLE,,NONINCAPACITATING INJURY,15,6,41.9952534627,-87.6899492511,2025,30,POINT (-87.6899492511 41.9952534627),,,,,2025-06-19,False,1,West Ridge
13403,30,NO CONTROLS,NO CONTROLS,CLEAR,DAYLIGHT,PEDALCYCLIST,DIVIDED - W/MEDIAN (NOT RAISED),STRAIGHT AND LEVEL,DRY,NO DEFECTS,,FAILING TO YIELD RIGHT-OF-WAY,NOT APPLICABLE,Y,NONINCAPACITATING INJURY,16,6,41.9330368623,-87.6449048095,2025,30,POINT (-87.6449048095 41.9330368623),,,,,2025-06-19,False,5,Lake View
13404,35,TRAFFIC SIGNAL,FUNCTIONING PROPERLY,CLEAR,DAYLIGHT,PEDALCYCLIST,FOUR WAY,STRAIGHT AND LEVEL,DRY,NO DEFECTS,Y,FAILING TO YIELD RIGHT-OF-WAY,FAILING TO REDUCE SPEED TO AVOID CRASH,,NONINCAPACITATING INJURY,17,6,41.9532928473,-87.7670657078,2025,35,POINT (-87.7670657078 41.9532928473),,,,,2025-06-19,False,14,Portage Park
13405,30,NO CONTROLS,NO CONTROLS,CLEAR,DAYLIGHT,PEDALCYCLIST,NOT DIVIDED,STRAIGHT AND LEVEL,DRY,NO DEFECTS,,UNABLE TO DETERMINE,NOT APPLICABLE,,NO INDICATION OF INJURY,17,6,41.9324824735,-87.6708901345,2025,30,POINT (-87.6708901345 41.9324824735),,,,,2025-06-19,False,5,Lake View
13406,30,TRAFFIC SIGNAL,UNKNOWN,CLEAR,DAYLIGHT,PEDALCYCLIST,NOT DIVIDED,STRAIGHT AND LEVEL,DRY,UNKNOWN,,FAILING TO YIELD RIGHT-OF-WAY,FAILING TO YIELD RIGHT-OF-WAY,,INCAPACITATING INJURY,18,6,41.9425965841,-87.7462192186,2025,30,POINT (-87.7462192186 41.9425965841),,,,,2025-06-19,True,14,Portage Park
13407,30,NO CONTROLS,NO CONTROLS,CLEAR,DAYLIGHT,PEDALCYCLIST,DIVIDED - W/MEDIAN (NOT RAISED),STRAIGHT AND LEVEL,DRY,UNKNOWN,,FAILING TO YIELD RIGHT-OF-WAY,NOT APPLICABLE,Y,NONINCAPACITATING INJURY,18,6,41.8901230051,-87.6316845966,2025,30,POINT (-87.6316845966 41.8901230051),,,,,2025-06-19,False,7,Near North Side
13408,30,NO CONTROLS,NO CONTROLS,CLEAR,DAYLIGHT,PEDALCYCLIST,DIVIDED - W/MEDIAN (NOT RAISED),STRAIGHT AND LEVEL,DRY,NO DEFECTS,,UNABLE TO DETERMINE,NOT APPLICABLE,,NO INDICATION OF INJURY,18,6,41.7673686969,-87.6737451419,2025,30,POINT (-87.6737451419 41.7673686969),,,,,2025-06-19,False,66,Englewood
13409,30,TRAFFIC SIGNAL,FUNCTIONING PROPERLY,CLEAR,"DARKNESS, LIGHTED ROAD",PEDALCYCLIST,FOUR WAY,STRAIGHT AND LEVEL,DRY,NO DEFECTS,Y,UNABLE TO DETERMINE,UNABLE TO DETERMINE,,NONINCAPACITATING INJURY,20,6,41.9413575224,-87.7271065662,2025,30,POINT (-87.7271065662 41.9413575224),,,,,2025-06-19,False,15,Irving Park
13410,30,TRAFFIC SIGNAL,FUNCTIONING PROPERLY,CLEAR,"DARKNESS, LIGHTED ROAD",PEDALCYCLIST,FOUR WAY,STRAIGHT AND LEVEL,DRY,NO DEFECTS,Y,FAILING TO REDUCE SPEED TO AVOID CRASH,FAILING TO REDUCE SPEED TO AVOID CRASH,,NONINCAPACITATING INJURY,20,6,41.8857915254,-87.7652061683,2025,30,POINT (-87.7652061683 41.8857915254),,,,,2025-06-19,False,24,Austin
13411,30,NO CONTROLS,NO CONTROLS,CLEAR,DAYLIGHT,PEDALCYCLIST,NOT DIVIDED,STRAIGHT AND LEVEL,DRY,NO DEFECTS,,UNABLE TO DETERMINE,UNABLE TO DETERMINE,,NO INDICATION OF INJURY,23,6,41.8845309638,-87.6246020446,2025,30,POINT (-87.6246020446 41.8845309638),,,,,2025-06-19,False,31,Loop
13412,30,NO CONTROLS,NO CONTROLS,CLEAR,"DARKNESS, LIGHTED ROAD",PEDALCYCLIST,NOT DIVIDED,STRAIGHT AND LEVEL,DRY,NO DEFECTS,,FAILING TO YIELD RIGHT-OF-WAY,IMPROPER TURNING/NO SIGNAL,,NONINCAPACITATING INJURY,2,6,41.9102323609,-87.705979684,2025,30,POINT (-87.705979684 41.9102323609),,,,,2025-06-20,False,22,Humboldt Park
13413,30,NO CONTROLS,NO CONTROLS,CLEAR,DAYLIGHT,PEDALCYCLIST,NOT DIVIDED,STRAIGHT AND LEVEL,DRY,NO DEFECTS,,FAILING TO YIELD RIGHT-OF-WAY,NOT APPLICABLE,,"REPORTED, NOT EVIDENT",11,6,41.9920401256,-87.669919582,2025,30,POINT (-87.669919582 41.9920401256),,,,,2025-06-20,False,76,Edgewater
13414,30,STOP SIGN/FLASHER,FUNCTIONING PROPERLY,CLEAR,DAYLIGHT,PEDALCYCLIST,DIVIDED - W/MEDIAN (NOT RAISED),STRAIGHT AND LEVEL,DRY,NO DEFECTS,Y,FAILING TO YIELD RIGHT-OF-WAY,FAILING TO YIELD RIGHT-OF-WAY,,"REPORTED, NOT EVIDENT",11,6,41.8699898507,-87.7153888835,2025,30,POINT (-87.7153888835 41.8699898507),,,,,2025-06-20,False,26,Garfield Park
13415,30,NO CONTROLS,NO CONTROLS,CLEAR,DAYLIGHT,PEDALCYCLIST,NOT DIVIDED,STRAIGHT AND LEVEL,DRY,NO DEFECTS,,UNABLE TO DETERMINE,NOT APPLICABLE,,NO INDICATION OF INJURY,13,6,41.9357891583,-87.6489724271,2025,30,POINT (-87.6489724271 41.9357891583),,,,,2025-06-20,False,5,Lake View