Unnamed: 0,POSTED_SPEED_LIMIT,TRAFFIC_CONTROL_DEVICE,DEVICE_CONDITION,WEATHER_CONDITION,LIGHTING_CONDITION,FIRST_CRASH_TYPE,TRAFFICWAY_TYPE,ALIGNMENT,ROADWAY_SURFACE_COND,ROAD_DEFECT,INTERSECTION_RELATED_I,PRIM_CONTRIBUTORY_CAUSE,SEC_CONTRIBUTORY_CAUSE,DOORING_I,MOST_SEVERE_INJURY,CRASH_HOUR,CRASH_MONTH,LATITUDE,LONGITUDE,CRASH_YEAR,SPEED_LIMIT,geometry,DISPLAYROU,the_geom,DIST,LANE_TYPE,CRASH_DATE,is_severe,index_right,CArea
13416,30,TRAFFIC SIGNAL,FUNCTIONING PROPERLY,CLEAR,DAYLIGHT,PEDALCYCLIST,DIVIDED - W/MEDIAN (NOT RAISED),STRAIGHT AND LEVEL,DRY,UNKNOWN,,FAILING TO YIELD RIGHT-OF-WAY,NOT APPLICABLE,,NO INDICATION OF INJURY,15,6,41.9171333251,-87.7215179392,2025,30,POINT (-87.7215179392 41.9171333251),,,,,2025-06-20,False,21,Logan Square
13417,20,NO CONTROLS,NO CONTROLS,CLEAR,DAYLIGHT,PEDALCYCLIST,ONE-WAY,STRAIGHT AND LEVEL,DRY,NO DEFECTS,,IMPROPER OVERTAKING/PASSING,NOT APPLICABLE,,NO INDICATION OF INJURY,15,6,41.9434538683,-87.6687052,2025,20,POINT (-87.6687052 41.9434538683),,,,,2025-06-20,False,5,Lake View
13418,30,NO CONTROLS,NO CONTROLS,CLEAR,DAYLIGHT,PEDALCYCLIST,RAMP,STRAIGHT AND LEVEL,DRY,NO DEFECTS,,UNABLE TO DETERMINE,UNABLE TO DETERMINE,,"REPORTED, NOT EVIDENT",16,6,41.9129389715,-87.7641336049,2025,30,POINT (-87.7641336049 41.9129389715),,,,,2025-06-20,False,24,Austin
13419,30,TRAFFIC SIGNAL,FUNCTIONING PROPERLY,CLEAR,DAYLIGHT,PEDALCYCLIST,FOUR WAY,STRAIGHT AND LEVEL,DRY,NO DEFECTS,Y,DISREGARDING OTHER TRAFFIC SIGNS,FAILING TO YIELD RIGHT-OF-WAY,,NONINCAPACITATING INJURY,16,6,41.9797760366,-87.6698606127,2025,30,POINT (-87.6698606127 41.9797760366),,,,,2025-06-20,False,76,Edgewater
13420,30,STOP SIGN/FLASHER,NO CONTROLS,CLEAR,DAYLIGHT,PEDALCYCLIST,ONE-WAY,STRAIGHT AND LEVEL,DRY,NO DEFECTS,,FAILING TO YIELD RIGHT-OF-WAY,NOT APPLICABLE,Y,NONINCAPACITATING INJURY,17,6,41.8907188832,-87.6305865759,2025,30,POINT (-87.6305865759 41.8907188832),,,,,2025-06-20,False,7,Near North Side
13421,30,NO CONTROLS,NO CONTROLS,CLEAR,DAYLIGHT,PEDALCYCLIST,ALLEY,STRAIGHT AND LEVEL,UNKNOWN,UNKNOWN,,CELL PHONE USE OTHER THAN TEXTING,CELL PHONE USE OTHER THAN TEXTING,,NONINCAPACITATING INJURY,18,6,41.7752651618,-87.7007488278,2025,30,POINT (-87.7007488278 41.7752651618),,,,,2025-06-20,False,65,Chicago Lawn
13422,30,STOP SIGN/FLASHER,FUNCTIONING PROPERLY,CLEAR,DAYLIGHT,PEDALCYCLIST,NOT DIVIDED,STRAIGHT AND LEVEL,DRY,NO DEFECTS,Y,FAILING TO YIELD RIGHT-OF-WAY,NOT APPLICABLE,,NO INDICATION OF INJURY,20,6,41.7857772925,-87.7277876771,2025,30,POINT (-87.7277876771 41.7857772925),,,,,2025-06-20,False,64,West Lawn
13423,25,STOP SIGN/FLASHER,FUNCTIONING PROPERLY,CLEAR,DAYLIGHT,PEDALCYCLIST,DIVIDED - W/MEDIAN (NOT RAISED),STRAIGHT AND LEVEL,DRY,NO DEFECTS,Y,DISREGARDING STOP SIGN,DISTRACTION - FROM INSIDE VEHICLE,,NO INDICATION OF INJURY,9,6,41.950320325,-87.6446380938,2025,25,POINT (-87.6446380938 41.950320325),,,,,2025-06-21,False,5,Lake View
13424,30,NO CONTROLS,NO CONTROLS,CLEAR,DAYLIGHT,PEDALCYCLIST,NOT DIVIDED,STRAIGHT AND LEVEL,DRY,NO DEFECTS,,IMPROPER TURNING/NO SIGNAL,NOT APPLICABLE,,NONINCAPACITATING INJURY,10,6,41.9071271874,-87.6344422045,2025,30,POINT (-87.6344422045 41.9071271874),,,,,2025-06-21,False,7,Near North Side
13425,30,NO CONTROLS,NO CONTROLS,CLEAR,DAYLIGHT,PEDALCYCLIST,NOT DIVIDED,STRAIGHT AND LEVEL,DRY,NO DEFECTS,,NOT APPLICABLE,NOT APPLICABLE,,NO INDICATION OF INJURY,11,6,41.9535137775,-87.7481296589,2025,30,POINT (-87.7481296589 41.9535137775),,,,,2025-06-21,False,14,Portage Park
13426,30,NO CONTROLS,NO CONTROLS,CLEAR,DAYLIGHT,PEDALCYCLIST,NOT DIVIDED,STRAIGHT AND LEVEL,DRY,NO DEFECTS,,UNABLE TO DETERMINE,UNABLE TO DETERMINE,,NONINCAPACITATING INJURY,11,6,41.6931522578,-87.7104944518,2025,30,POINT (-87.7104944518 41.6931522578),,,,,2025-06-21,False,73,Mount Greenwood
13427,30,NO CONTROLS,NO CONTROLS,CLEAR,DAYLIGHT,PEDALCYCLIST,PARKING LOT,STRAIGHT AND LEVEL,DRY,UNKNOWN,N,DRIVING ON WRONG SIDE/WRONG WAY,FAILING TO YIELD RIGHT-OF-WAY,,NONINCAPACITATING INJURY,12,6,41.8947734174,-87.7614704149,2025,30,POINT (-87.7614704149 41.8947734174),,,,,2025-06-21,False,24,Austin
13428,30,NO CONTROLS,NO CONTROLS,CLEAR,DAYLIGHT,PEDALCYCLIST,NOT DIVIDED,STRAIGHT AND LEVEL,DRY,NO DEFECTS,,UNABLE TO DETERMINE,NOT APPLICABLE,Y,NO INDICATION OF INJURY,13,6,41.9467533185,-87.6541669678,2025,30,POINT (-87.6541669678 41.9467533185),,,,,2025-06-21,False,5,Lake View
13429,30,NO CONTROLS,NO CONTROLS,CLEAR,DAYLIGHT,PEDALCYCLIST,NOT DIVIDED,STRAIGHT AND LEVEL,DRY,NO DEFECTS,,UNABLE TO DETERMINE,UNABLE TO DETERMINE,,NONINCAPACITATING INJURY,14,6,41.7073652556,-87.6175738393,2025,30,POINT (-87.6175738393 41.7073652556),,,,,2025-06-21,False,48,Roseland
13430,30,TRAFFIC SIGNAL,UNKNOWN,UNKNOWN,UNKNOWN,PEDALCYCLIST,NOT DIVIDED,STRAIGHT AND LEVEL,UNKNOWN,UNKNOWN,N,UNABLE TO DETERMINE,UNABLE TO DETERMINE,,NO INDICATION OF INJURY,15,6,41.955688916,-87.645669582,2025,30,POINT (-87.645669582 41.955688916),,,,,2025-06-21,False,2,Uptown
13431,30,STOP SIGN/FLASHER,FUNCTIONING PROPERLY,CLEAR,DAYLIGHT,PEDALCYCLIST,FOUR WAY,STRAIGHT AND LEVEL,DRY,NO DEFECTS,Y,DISREGARDING STOP SIGN,NOT APPLICABLE,,NO INDICATION OF INJURY,15,6,41.8509725795,-87.6271887168,2025,30,POINT (-87.6271887168 41.8509725795),,,,,2025-06-21,False,32,Near South Side
13432,35,TRAFFIC SIGNAL,FUNCTIONING PROPERLY,CLEAR,DAYLIGHT,PEDALCYCLIST,NOT DIVIDED,STRAIGHT AND LEVEL,DRY,NO DEFECTS,Y,IMPROPER OVERTAKING/PASSING,UNABLE TO DETERMINE,,NONINCAPACITATING INJURY,17,6,41.8918840512,-87.6178414893,2025,35,POINT (-87.6178414893 41.8918840512),,,,,2025-06-21,False,7,Near North Side
13433,20,YIELD,NO CONTROLS,CLEAR,DAYLIGHT,PEDALCYCLIST,NOT DIVIDED,STRAIGHT AND LEVEL,DRY,NO DEFECTS,,FAILING TO YIELD RIGHT-OF-WAY,FAILING TO REDUCE SPEED TO AVOID CRASH,,NONINCAPACITATING INJURY,18,6,41.9216617388,-87.6974666311,2025,20,POINT (-87.6974666311 41.9216617388),,,,,2025-06-21,False,21,Logan Square
13434,30,STOP SIGN/FLASHER,FUNCTIONING PROPERLY,CLEAR,DUSK,PEDALCYCLIST,OTHER,STRAIGHT AND LEVEL,DRY,NO DEFECTS,,NOT APPLICABLE,NOT APPLICABLE,,NONINCAPACITATING INJURY,20,6,41.895615987,-87.7100567746,2025,30,POINT (-87.7100567746 41.895615987),,,,,2025-06-21,False,22,Humboldt Park
13435,30,TRAFFIC SIGNAL,FUNCTIONING PROPERLY,CLEAR,DUSK,PEDALCYCLIST,NOT DIVIDED,STRAIGHT AND LEVEL,DRY,UNKNOWN,Y,DRIVING SKILLS/KNOWLEDGE/EXPERIENCE,"VISION OBSCURED (SIGNS, TREE LIMBS, BUILDINGS, ETC.)",,NO INDICATION OF INJURY,20,6,41.9974614091,-87.7878582447,2025,30,POINT (-87.7878582447 41.9974614091),,,,,2025-06-21,False,11,Forest Glen
13436,25,STOP SIGN/FLASHER,FUNCTIONING PROPERLY,CLEAR,"DARKNESS, LIGHTED ROAD",PEDALCYCLIST,NOT DIVIDED,STRAIGHT AND LEVEL,DRY,NO DEFECTS,,FAILING TO YIELD RIGHT-OF-WAY,DISREGARDING STOP SIGN,,"REPORTED, NOT EVIDENT",21,6,41.9488655712,-87.6430342452,2025,25,POINT (-87.6430342452 41.9488655712),,,,,2025-06-21,False,5,Lake View
13437,30,NO CONTROLS,NO CONTROLS,CLEAR,"DARKNESS, LIGHTED ROAD",PEDALCYCLIST,NOT DIVIDED,STRAIGHT AND LEVEL,DRY,UNKNOWN,,UNABLE TO DETERMINE,UNABLE TO DETERMINE,,NO INDICATION OF INJURY,22,6,41.8913164689,-87.6459267112,2025,30,POINT (-87.6459267112 41.8913164689),,,,,2025-06-21,False,7,Near North Side
13438,30,NO CONTROLS,NO CONTROLS,CLEAR,DAYLIGHT,PEDALCYCLIST,NOT DIVIDED,STRAIGHT AND LEVEL,DRY,NO DEFECTS,,FAILING TO YIELD RIGHT-OF-WAY,NOT APPLICABLE,,"REPORTED, NOT EVIDENT",12,6,41.8611621807,-87.6258311354,2025,30,POINT (-87.6258311354 41.8611621807),,,,,2025-06-22,False,32,Near South Side
13439,30,NO CONTROLS,NO CONTROLS,CLEAR,DAYLIGHT,PEDALCYCLIST,NOT DIVIDED,STRAIGHT AND LEVEL,DRY,NO DEFECTS,,NOT APPLICABLE,NOT APPLICABLE,,NO INDICATION OF INJURY,15,6,41.7587154667,-87.5862809648,2025,30,POINT (-87.5862809648 41.7587154667),,,,,2025-06-22,False,42,South Shore
13440,30,NO CONTROLS,NO CONTROLS,CLEAR,DAYLIGHT,PEDALCYCLIST,OTHER,STRAIGHT AND LEVEL,DRY,NO DEFECTS,,UNABLE TO DETERMINE,UNABLE TO DETERMINE,N,NONINCAPACITATING INJURY,17,6,41.7288132131,-87.6322162145,2025,30,POINT (-87.6322162145 41.7288132131),,,,,2025-06-22,False,43,Chatham
13441,30,TRAFFIC SIGNAL,FUNCTIONING PROPERLY,CLEAR,DAYLIGHT,PEDALCYCLIST,FOUR WAY,STRAIGHT AND LEVEL,DRY,NO DEFECTS,Y,FAILING TO YIELD RIGHT-OF-WAY,NOT APPLICABLE,,"REPORTED, NOT EVIDENT",17,6,41.8949649963,-87.6296486731,2025,30,POINT (-87.6296486731 41.8949649963),,,,,2025-06-22,False,7,Near North Side
13442,30,TRAFFIC SIGNAL,UNKNOWN,CLEAR,DARKNESS,PEDALCYCLIST,FOUR WAY,STRAIGHT AND LEVEL,DRY,NO DEFECTS,Y,NOT APPLICABLE,NOT APPLICABLE,N,NONINCAPACITATING INJURY,19,6,41.7841689053,-87.6059320231,2025,30,POINT (-87.6059320231 41.7841689053),,,,,2025-06-22,False,41,Woodlawn
13443,30,YIELD,NO CONTROLS,CLEAR,DAYLIGHT,PEDALCYCLIST,ALLEY,STRAIGHT AND LEVEL,DRY,UNKNOWN,,UNABLE TO DETERMINE,UNABLE TO DETERMINE,,NO INDICATION OF INJURY,7,6,41.7576034986,-87.6103830664,2025,30,POINT (-87.6103830664 41.7576034986),,,,,2025-06-23,False,68,Grand Crossing
13444,30,STOP SIGN/FLASHER,FUNCTIONING PROPERLY,CLEAR,DAYLIGHT,PEDALCYCLIST,FOUR WAY,STRAIGHT AND LEVEL,DRY,NO DEFECTS,,FAILING TO YIELD RIGHT-OF-WAY,NOT APPLICABLE,,NONINCAPACITATING INJURY,7,6,41.9381867916,-87.7873245202,2025,30,POINT (-87.7873245202 41.9381867916),,,,,2025-06-23,False,16,Dunning
13446,30,TRAFFIC SIGNAL,NO CONTROLS,CLEAR,DAYLIGHT,PEDALCYCLIST,NOT DIVIDED,STRAIGHT AND LEVEL,DRY,NO DEFECTS,Y,IMPROPER TURNING/NO SIGNAL,NOT APPLICABLE,,INCAPACITATING INJURY,10,6,41.9037138345,-87.6364857679,2025,30,POINT (-87.6364857679 41.9037138345),,,,,2025-06-23,True,7,Near North Side
13447,25,NO CONTROLS,NO CONTROLS,CLEAR,DAYLIGHT,PEDALCYCLIST,DIVIDED - W/MEDIAN (NOT RAISED),STRAIGHT AND LEVEL,DRY,NO DEFECTS,,FAILING TO YIELD RIGHT-OF-WAY,NOT APPLICABLE,,NONINCAPACITATING INJURY,14,6,41.9030959984,-87.6902352748,2025,25,POINT (-87.6902352748 41.9030959984),,,,,2025-06-23,False,23,West Town
13448,30,UNKNOWN,UNKNOWN,CLEAR,DAYLIGHT,PEDALCYCLIST,NOT DIVIDED,STRAIGHT AND LEVEL,UNKNOWN,UNKNOWN,,UNABLE TO DETERMINE,UNABLE TO DETERMINE,,NO INDICATION OF INJURY,14,6,41.889549347,-87.6267973373,2025,30,POINT (-87.6267973373 41.889549347),,,,,2025-06-23,False,7,Near North Side
13449,25,STOP SIGN/FLASHER,NO CONTROLS,CLEAR,DAYLIGHT,PEDALCYCLIST,ONE-WAY,STRAIGHT AND LEVEL,DRY,NO DEFECTS,Y,FAILING TO YIELD RIGHT-OF-WAY,NOT APPLICABLE,,NONINCAPACITATING INJURY,15,6,41.8759381838,-87.6409413416,2025,25,POINT (-87.6409413416 41.8759381838),,,,,2025-06-23,False,27,Near West Side
13450,30,STOP SIGN/FLASHER,NOT FUNCTIONING,CLEAR,DAYLIGHT,PEDALCYCLIST,NOT DIVIDED,STRAIGHT AND LEVEL,DRY,NO DEFECTS,,DISREGARDING STOP SIGN,NOT APPLICABLE,,NO INDICATION OF INJURY,16,6,41.9652279997,-87.6762571171,2025,30,POINT (-87.6762571171 41.9652279997),,,,,2025-06-23,False,3,Lincoln Square
13451,35,UNKNOWN,NO CONTROLS,CLEAR,DAYLIGHT,PEDALCYCLIST,NOT DIVIDED,STRAIGHT AND LEVEL,DRY,NO DEFECTS,,UNABLE TO DETERMINE,NOT APPLICABLE,,NO INDICATION OF INJURY,17,6,41.9317253037,-87.7403185729,2025,35,POINT (-87.7403185729 41.9317253037),,,,,2025-06-23,False,19,Hermosa
13452,30,TRAFFIC SIGNAL,FUNCTIONING PROPERLY,CLEAR,DAYLIGHT,PEDALCYCLIST,NOT DIVIDED,STRAIGHT AND LEVEL,DRY,NO DEFECTS,,IMPROPER TURNING/NO SIGNAL,DRIVING SKILLS/KNOWLEDGE/EXPERIENCE,,NONINCAPACITATING INJURY,18,6,41.8829402008,-87.6310432574,2025,30,POINT (-87.6310432574 41.8829402008),,,,,2025-06-23,False,31,Loop
13453,30,TRAFFIC SIGNAL,FUNCTIONING PROPERLY,CLEAR,DAYLIGHT,PEDALCYCLIST,ONE-WAY,STRAIGHT AND LEVEL,DRY,NO DEFECTS,,"DISTRACTION - OTHER ELECTRONIC DEVICE (NAVIGATION DEVICE, DVD PLAYER, ETC.)",NOT APPLICABLE,,NO INDICATION OF INJURY,18,6,41.8778326184,-87.6475602675,2025,30,POINT (-87.6475602675 41.8778326184),,,,,2025-06-23,False,27,Near West Side
13454,30,TRAFFIC SIGNAL,FUNCTIONING PROPERLY,CLEAR,DUSK,PEDALCYCLIST,FOUR WAY,STRAIGHT AND LEVEL,DRY,NO DEFECTS,,DISREGARDING TRAFFIC SIGNALS,DRIVING ON WRONG SIDE/WRONG WAY,,NONINCAPACITATING INJURY,20,6,41.9102690337,-87.7020158725,2025,30,POINT (-87.7020158725 41.9102690337),,,,,2025-06-23,False,22,Humboldt Park
13455,10,NO CONTROLS,NO CONTROLS,CLEAR,DAYLIGHT,PEDALCYCLIST,DRIVEWAY,STRAIGHT AND LEVEL,DRY,NO DEFECTS,,DRIVING ON WRONG SIDE/WRONG WAY,NOT APPLICABLE,N,NONINCAPACITATING INJURY,12,6,41.9311186453,-87.7758183585,2025,10,POINT (-87.7758183585 41.9311186453),,,,,2025-06-24,False,18,Belmont Cragin
13456,5,NO CONTROLS,NO CONTROLS,CLEAR,DAYLIGHT,PEDALCYCLIST,ALLEY,STRAIGHT AND LEVEL,DRY,NO DEFECTS,,UNABLE TO DETERMINE,UNABLE TO DETERMINE,,INCAPACITATING INJURY,13,6,41.9829684812,-87.7090133078,2025,5,POINT (-87.7090133078 41.9829684812),,,,,2025-06-24,True,12,North Park
13457,25,TRAFFIC SIGNAL,FUNCTIONING PROPERLY,CLEAR,DAYLIGHT,PEDALCYCLIST,FOUR WAY,STRAIGHT AND LEVEL,DRY,NO DEFECTS,,UNABLE TO DETERMINE,UNABLE TO DETERMINE,,NO INDICATION OF INJURY,13,6,41.7995678143,-87.5965623918,2025,25,POINT (-87.5965623918 41.7995678143),,,,,2025-06-24,False,40,Hyde Park
13458,30,NO CONTROLS,UNKNOWN,CLEAR,DAYLIGHT,PEDALCYCLIST,NOT DIVIDED,STRAIGHT AND LEVEL,DRY,UNKNOWN,,FAILING TO YIELD RIGHT-OF-WAY,FAILING TO YIELD RIGHT-OF-WAY,,NO INDICATION OF INJURY,13,6,41.8779156,-87.6562164611,2025,30,POINT (-87.6562164611 41.8779156),,,,,2025-06-24,False,27,Near West Side
13459,30,NO CONTROLS,NO CONTROLS,CLEAR,DAYLIGHT,PEDALCYCLIST,NOT DIVIDED,STRAIGHT AND LEVEL,DRY,NO DEFECTS,,UNABLE TO DETERMINE,NOT APPLICABLE,Y,NONINCAPACITATING INJURY,14,6,41.8813745156,-87.664579762,2025,30,POINT (-87.664579762 41.8813745156),,,,,2025-06-24,False,27,Near West Side
13460,30,NO CONTROLS,FUNCTIONING PROPERLY,CLEAR,DAYLIGHT,PEDALCYCLIST,ONE-WAY,STRAIGHT AND LEVEL,DRY,NO DEFECTS,Y,DRIVING SKILLS/KNOWLEDGE/EXPERIENCE,IMPROPER LANE USAGE,,NONINCAPACITATING INJURY,14,6,41.9379734087,-87.6687182082,2025,30,POINT (-87.6687182082 41.9379734087),,,,,2025-06-24,False,5,Lake View
13461,30,NO CONTROLS,NO CONTROLS,RAIN,DAYLIGHT,PEDALCYCLIST,DIVIDED - W/MEDIAN BARRIER,STRAIGHT AND LEVEL,WET,NO DEFECTS,,UNABLE TO DETERMINE,NOT APPLICABLE,,NONINCAPACITATING INJURY,14,6,41.9893533754,-87.6701089195,2025,30,POINT (-87.6701089195 41.9893533754),,,,,2025-06-24,False,76,Edgewater
13462,30,UNKNOWN,UNKNOWN,CLEAR,DAYLIGHT,PEDALCYCLIST,DIVIDED - W/MEDIAN (NOT RAISED),STRAIGHT AND LEVEL,DRY,NO DEFECTS,,FOLLOWING TOO CLOSELY,IMPROPER LANE USAGE,,NO INDICATION OF INJURY,16,6,41.8935582259,-87.6240740878,2025,30,POINT (-87.6240740878 41.8935582259),,,,,2025-06-24,False,7,Near North Side
13463,30,UNKNOWN,UNKNOWN,CLEAR,DAYLIGHT,PEDALCYCLIST,DIVIDED - W/MEDIAN (NOT RAISED),STRAIGHT AND LEVEL,DRY,NO DEFECTS,,IMPROPER OVERTAKING/PASSING,IMPROPER LANE USAGE,,NO INDICATION OF INJURY,16,6,41.8935582259,-87.6240740878,2025,30,POINT (-87.6240740878 41.8935582259),,,,,2025-06-24,False,7,Near North Side
13464,30,STOP SIGN/FLASHER,FUNCTIONING PROPERLY,CLEAR,DAYLIGHT,PEDALCYCLIST,FOUR WAY,STRAIGHT AND LEVEL,DRY,NO DEFECTS,Y,FAILING TO YIELD RIGHT-OF-WAY,NOT APPLICABLE,,NO INDICATION OF INJURY,19,6,41.6950496823,-87.7060418677,2025,30,POINT (-87.7060418677 41.6950496823),,,,,2025-06-24,False,73,Mount Greenwood
13465,30,TRAFFIC SIGNAL,FUNCTIONING PROPERLY,RAIN,"DARKNESS, LIGHTED ROAD",PEDALCYCLIST,DIVIDED - W/MEDIAN BARRIER,STRAIGHT AND LEVEL,WET,NO DEFECTS,,UNABLE TO DETERMINE,DRIVING SKILLS/KNOWLEDGE/EXPERIENCE,,NO INDICATION OF INJURY,21,6,41.8918350824,-87.6240155683,2025,30,POINT (-87.6240155683 41.8918350824),,,,,2025-06-24,False,7,Near North Side
13466,35,UNKNOWN,UNKNOWN,CLEAR,DAYLIGHT,PEDALCYCLIST,FOUR WAY,STRAIGHT AND LEVEL,DRY,UNKNOWN,Y,FAILING TO YIELD RIGHT-OF-WAY,FAILING TO YIELD RIGHT-OF-WAY,,NONINCAPACITATING INJURY,12,6,41.8750680665,-87.6665942003,2025,35,POINT (-87.6665942003 41.8750680665),,,,,2025-06-25,False,27,Near West Side
13467,30,NO CONTROLS,NO CONTROLS,CLEAR,DAYLIGHT,PEDALCYCLIST,NOT DIVIDED,STRAIGHT AND LEVEL,DRY,UNKNOWN,Y,DRIVING SKILLS/KNOWLEDGE/EXPERIENCE,DRIVING SKILLS/KNOWLEDGE/EXPERIENCE,,NONINCAPACITATING INJURY,14,6,42.0123355241,-87.6848951638,2025,30,POINT (-87.6848951638 42.0123355241),,,,,2025-06-25,False,1,West Ridge
13468,30,NO CONTROLS,NO CONTROLS,CLEAR,DAYLIGHT,PEDALCYCLIST,T-INTERSECTION,STRAIGHT AND LEVEL,DRY,NO DEFECTS,Y,UNABLE TO DETERMINE,NOT APPLICABLE,,NONINCAPACITATING INJURY,15,6,41.8021846077,-87.6180405833,2025,30,POINT (-87.6180405833 41.8021846077),,,,,2025-06-25,False,37,Grand Boulevard
13469,30,TRAFFIC SIGNAL,FUNCTIONING PROPERLY,CLEAR,DAYLIGHT,PEDALCYCLIST,FOUR WAY,STRAIGHT AND LEVEL,DRY,NO DEFECTS,Y,DISREGARDING TRAFFIC SIGNALS,IMPROPER TURNING/NO SIGNAL,,"REPORTED, NOT EVIDENT",15,6,41.8537945382,-87.6661892539,2025,30,POINT (-87.6661892539 41.8537945382),,,,,2025-06-25,False,30,Lower West Side
13470,30,TRAFFIC SIGNAL,FUNCTIONING PROPERLY,CLEAR,DAYLIGHT,PEDALCYCLIST,DIVIDED - W/MEDIAN (NOT RAISED),STRAIGHT AND LEVEL,DRY,NO DEFECTS,,UNABLE TO DETERMINE,NOT APPLICABLE,,NO INDICATION OF INJURY,16,6,41.9282091052,-87.7119600939,2025,30,POINT (-87.7119600939 41.9282091052),,,,,2025-06-25,False,21,Logan Square
13471,30,NO CONTROLS,NO CONTROLS,CLEAR,DAYLIGHT,PEDALCYCLIST,ONE-WAY,STRAIGHT AND LEVEL,DRY,NO DEFECTS,,DRIVING ON WRONG SIDE/WRONG WAY,FAILING TO YIELD RIGHT-OF-WAY,,NO INDICATION OF INJURY,17,6,41.8836094308,-87.6337216081,2025,30,POINT (-87.6337216081 41.8836094308),,,,,2025-06-25,False,31,Loop
13472,30,STOP SIGN/FLASHER,FUNCTIONING PROPERLY,CLEAR,DAYLIGHT,PEDALCYCLIST,FOUR WAY,STRAIGHT AND LEVEL,DRY,NO DEFECTS,Y,FAILING TO YIELD RIGHT-OF-WAY,NOT APPLICABLE,,NONINCAPACITATING INJURY,17,6,41.9828174114,-87.7778929556,2025,30,POINT (-87.7778929556 41.9828174114),,,,,2025-06-25,False,10,Jefferson Park
13473,30,TRAFFIC SIGNAL,FUNCTIONING PROPERLY,CLEAR,DAYLIGHT,PEDALCYCLIST,FOUR WAY,STRAIGHT AND LEVEL,DRY,NO DEFECTS,Y,UNABLE TO DETERMINE,NOT APPLICABLE,,INCAPACITATING INJURY,17,6,41.8520684072,-87.6757143298,2025,30,POINT (-87.6757143298 41.8520684072),,,,,2025-06-25,True,30,Lower West Side
13474,30,NO CONTROLS,NO CONTROLS,CLEAR,DAYLIGHT,PEDALCYCLIST,NOT DIVIDED,STRAIGHT AND LEVEL,DRY,NO DEFECTS,,"OPERATING VEHICLE IN ERRATIC, RECKLESS, CARELESS, NEGLIGENT OR AGGRESSIVE MANNER",IMPROPER LANE USAGE,,NONINCAPACITATING INJURY,17,6,41.9461922236,-87.8071846805,2025,30,POINT (-87.8071846805 41.9461922236),,,,,2025-06-25,False,16,Dunning
13475,30,STOP SIGN/FLASHER,FUNCTIONING PROPERLY,CLEAR,DAYLIGHT,PEDALCYCLIST,NOT DIVIDED,STRAIGHT AND LEVEL,DRY,NO DEFECTS,Y,FAILING TO YIELD RIGHT-OF-WAY,FAILING TO YIELD RIGHT-OF-WAY,,NONINCAPACITATING INJURY,18,6,41.9489785324,-87.6427820906,2025,30,POINT (-87.6427820906 41.9489785324),,,,,2025-06-25,False,5,Lake View
13476,30,TRAFFIC SIGNAL,FUNCTIONING PROPERLY,CLEAR,DAYLIGHT,PEDALCYCLIST,FOUR WAY,STRAIGHT AND LEVEL,DRY,NO DEFECTS,Y,UNABLE TO DETERMINE,NOT APPLICABLE,,NONINCAPACITATING INJURY,8,6,41.8780635428,-87.6467166778,2025,30,POINT (-87.6467166778 41.8780635428),,,,,2025-06-26,False,27,Near West Side
13477,30,NO CONTROLS,NO CONTROLS,CLEAR,DAYLIGHT,PEDALCYCLIST,PARKING LOT,STRAIGHT AND LEVEL,DRY,NO DEFECTS,,DRIVING ON WRONG SIDE/WRONG WAY,DRIVING ON WRONG SIDE/WRONG WAY,,NONINCAPACITATING INJURY,14,6,41.7983453499,-87.7443169411,2025,30,POINT (-87.7443169411 41.7983453499),,,,,2025-06-26,False,55,Garfield Ridge
13478,30,TRAFFIC SIGNAL,FUNCTIONING PROPERLY,CLEAR,DAYLIGHT,PEDALCYCLIST,DIVIDED - W/MEDIAN (NOT RAISED),STRAIGHT AND LEVEL,DRY,NO DEFECTS,Y,FAILING TO YIELD RIGHT-OF-WAY,NOT APPLICABLE,,NO INDICATION OF INJURY,14,6,41.9393517303,-87.7078465936,2025,30,POINT (-87.7078465936 41.9393517303),,,,,2025-06-26,False,15,Irving Park
13479,30,STOP SIGN/FLASHER,FUNCTIONING PROPERLY,CLEAR,DAYLIGHT,PEDALCYCLIST,FOUR WAY,STRAIGHT AND LEVEL,DRY,NO DEFECTS,Y,FAILING TO YIELD RIGHT-OF-WAY,UNABLE TO DETERMINE,,NONINCAPACITATING INJURY,15,6,42.0160585687,-87.6726186988,2025,30,POINT (-87.6726186988 42.0160585687),,,,,2025-06-26,False,0,Rogers Park
13480,30,TRAFFIC SIGNAL,FUNCTIONING PROPERLY,CLEAR,DAYLIGHT,PEDALCYCLIST,NOT DIVIDED,STRAIGHT AND LEVEL,DRY,NO DEFECTS,,DISREGARDING TRAFFIC SIGNALS,UNABLE TO DETERMINE,,NONINCAPACITATING INJURY,16,6,41.9237178378,-87.7756516025,2025,30,POINT (-87.7756516025 41.9237178378),,,,,2025-06-26,False,18,Belmont Cragin
13481,30,TRAFFIC SIGNAL,FUNCTIONING PROPERLY,CLEAR,DAYLIGHT,PEDALCYCLIST,T-INTERSECTION,STRAIGHT AND LEVEL,DRY,NO DEFECTS,Y,DISREGARDING OTHER TRAFFIC SIGNS,NOT APPLICABLE,,NO INDICATION OF INJURY,17,6,41.841623787,-87.6440846671,2025,30,POINT (-87.6440846671 41.841623787),,,,,2025-06-26,False,30,Lower West Side