Unnamed: 0,POSTED_SPEED_LIMIT,TRAFFIC_CONTROL_DEVICE,DEVICE_CONDITION,WEATHER_CONDITION,LIGHTING_CONDITION,FIRST_CRASH_TYPE,TRAFFICWAY_TYPE,ALIGNMENT,ROADWAY_SURFACE_COND,ROAD_DEFECT,INTERSECTION_RELATED_I,PRIM_CONTRIBUTORY_CAUSE,SEC_CONTRIBUTORY_CAUSE,DOORING_I,MOST_SEVERE_INJURY,CRASH_HOUR,CRASH_MONTH,LATITUDE,LONGITUDE,CRASH_YEAR,SPEED_LIMIT,geometry,DISPLAYROU,the_geom,DIST,LANE_TYPE,CRASH_DATE,is_severe,index_right,CArea
13482,15,NO CONTROLS,NO CONTROLS,CLEAR,DAYLIGHT,PEDALCYCLIST,ALLEY,STRAIGHT AND LEVEL,DRY,NO DEFECTS,N,FAILING TO YIELD RIGHT-OF-WAY,NOT APPLICABLE,,NO INDICATION OF INJURY,17,6,42.0111713253,-87.6817375795,2025,15,POINT (-87.6817375795 42.0111713253),,,,,2025-06-26,False,0,Rogers Park
13483,35,TRAFFIC SIGNAL,FUNCTIONING PROPERLY,CLEAR,DAYLIGHT,PEDALCYCLIST,FOUR WAY,STRAIGHT AND LEVEL,DRY,NO DEFECTS,Y,FAILING TO YIELD RIGHT-OF-WAY,FAILING TO YIELD RIGHT-OF-WAY,,NONINCAPACITATING INJURY,18,6,41.9029849203,-87.7023802549,2025,35,POINT (-87.7023802549 41.9029849203),,,,,2025-06-26,False,22,Humboldt Park
13484,30,NO CONTROLS,NO CONTROLS,CLEAR,DAYLIGHT,PEDALCYCLIST,NOT DIVIDED,STRAIGHT AND LEVEL,DRY,UNKNOWN,Y,UNABLE TO DETERMINE,NOT APPLICABLE,,NONINCAPACITATING INJURY,18,6,41.7803373381,-87.6029574068,2025,30,POINT (-87.6029574068 41.7803373381),,,,,2025-06-26,False,41,Woodlawn
13485,25,NO CONTROLS,NO CONTROLS,CLEAR,DAYLIGHT,PEDALCYCLIST,DIVIDED - W/MEDIAN (NOT RAISED),STRAIGHT AND LEVEL,UNKNOWN,UNKNOWN,,FOLLOWING TOO CLOSELY,FAILING TO REDUCE SPEED TO AVOID CRASH,,NONINCAPACITATING INJURY,19,6,42.0043599493,-87.6999661248,2025,25,POINT (-87.6999661248 42.0043599493),,,,,2025-06-26,False,1,West Ridge
13486,35,STOP SIGN/FLASHER,NO CONTROLS,CLEAR,DUSK,PEDALCYCLIST,FOUR WAY,STRAIGHT AND LEVEL,DRY,NO DEFECTS,Y,DRIVING ON WRONG SIDE/WRONG WAY,DRIVING ON WRONG SIDE/WRONG WAY,,NONINCAPACITATING INJURY,20,6,41.9247163571,-87.6955720859,2025,35,POINT (-87.6955720859 41.9247163571),,,,,2025-06-26,False,21,Logan Square
13487,25,NO CONTROLS,NO CONTROLS,CLEAR,"DARKNESS, LIGHTED ROAD",PEDALCYCLIST,DIVIDED - W/MEDIAN (NOT RAISED),STRAIGHT AND LEVEL,DRY,NO DEFECTS,,IMPROPER LANE USAGE,NOT APPLICABLE,,INCAPACITATING INJURY,22,6,41.6635303623,-87.6198122701,2025,25,POINT (-87.6198122701 41.6635303623),,,,,2025-06-26,True,52,West Pullman
13488,30,NO CONTROLS,NO CONTROLS,UNKNOWN,UNKNOWN,PEDALCYCLIST,ONE-WAY,STRAIGHT AND LEVEL,UNKNOWN,UNKNOWN,,IMPROPER OVERTAKING/PASSING,NOT APPLICABLE,,NO INDICATION OF INJURY,22,6,41.9170831121,-87.7426774776,2025,30,POINT (-87.7426774776 41.9170831121),,,,,2025-06-26,False,18,Belmont Cragin
13489,30,NO CONTROLS,NO CONTROLS,CLEAR,"DARKNESS, LIGHTED ROAD",PEDALCYCLIST,NOT DIVIDED,STRAIGHT AND LEVEL,DRY,NO DEFECTS,,FAILING TO YIELD RIGHT-OF-WAY,FOLLOWING TOO CLOSELY,,NO INDICATION OF INJURY,3,6,41.9978843218,-87.6749363912,2025,30,POINT (-87.6749363912 41.9978843218),,,,,2025-06-27,False,1,West Ridge
13490,25,NO CONTROLS,NO CONTROLS,CLEAR,DUSK,PEDALCYCLIST,ONE-WAY,STRAIGHT AND LEVEL,DRY,NO DEFECTS,,UNABLE TO DETERMINE,UNABLE TO DETERMINE,,NO INDICATION OF INJURY,5,6,41.9569908583,-87.7079634677,2025,25,POINT (-87.7079634677 41.9569908583),,,,,2025-06-27,False,15,Irving Park
13491,30,NO CONTROLS,NO CONTROLS,CLEAR,DAYLIGHT,PEDALCYCLIST,NOT DIVIDED,STRAIGHT AND LEVEL,DRY,NO DEFECTS,,FAILING TO REDUCE SPEED TO AVOID CRASH,NOT APPLICABLE,,NONINCAPACITATING INJURY,7,6,41.9031781475,-87.6710431892,2025,30,POINT (-87.6710431892 41.9031781475),,,,,2025-06-27,False,23,West Town
13492,20,NO CONTROLS,NO CONTROLS,CLEAR,DAYLIGHT,PEDALCYCLIST,ALLEY,STRAIGHT AND LEVEL,DRY,UNKNOWN,,DRIVING SKILLS/KNOWLEDGE/EXPERIENCE,UNABLE TO DETERMINE,,"REPORTED, NOT EVIDENT",9,6,41.9543916272,-87.6696660911,2025,20,POINT (-87.6696660911 41.9543916272),,,,,2025-06-27,False,2,Uptown
13493,30,NO CONTROLS,NO CONTROLS,CLEAR,DAYLIGHT,PEDALCYCLIST,NOT DIVIDED,STRAIGHT AND LEVEL,DRY,NO DEFECTS,,UNABLE TO DETERMINE,UNABLE TO DETERMINE,Y,NONINCAPACITATING INJURY,10,6,41.9323666915,-87.6449664412,2025,30,POINT (-87.6449664412 41.9323666915),,,,,2025-06-27,False,5,Lake View
13494,5,NO CONTROLS,NO CONTROLS,CLEAR,DAYLIGHT,PEDALCYCLIST,PARKING LOT,STRAIGHT AND LEVEL,DRY,NO DEFECTS,,NOT APPLICABLE,NOT APPLICABLE,,"REPORTED, NOT EVIDENT",11,6,41.7866084095,-87.7231300289,2025,5,POINT (-87.7231300289 41.7866084095),,,,,2025-06-27,False,61,West Elsdon
13495,30,TRAFFIC SIGNAL,FUNCTIONING PROPERLY,CLEAR,DAYLIGHT,PEDALCYCLIST,CENTER TURN LANE,STRAIGHT AND LEVEL,DRY,NO DEFECTS,Y,DRIVING ON WRONG SIDE/WRONG WAY,NOT APPLICABLE,,NONINCAPACITATING INJURY,17,6,41.897280982,-87.6476509401,2025,30,POINT (-87.6476509401 41.897280982),,,,,2025-06-27,False,7,Near North Side
13496,30,NO CONTROLS,NO CONTROLS,CLEAR,DAYLIGHT,PEDALCYCLIST,DIVIDED - W/MEDIAN (NOT RAISED),STRAIGHT AND LEVEL,UNKNOWN,UNKNOWN,,NOT APPLICABLE,NOT APPLICABLE,Y,NONINCAPACITATING INJURY,17,6,41.9175668243,-87.7005236852,2025,30,POINT (-87.7005236852 41.9175668243),,,,,2025-06-27,False,21,Logan Square
13497,35,NO CONTROLS,NO CONTROLS,CLEAR,DAYLIGHT,PEDALCYCLIST,NOT DIVIDED,STRAIGHT AND LEVEL,DRY,NO DEFECTS,,FAILING TO YIELD RIGHT-OF-WAY,FAILING TO YIELD RIGHT-OF-WAY,,NONINCAPACITATING INJURY,19,6,41.8948391066,-87.754672443,2025,35,POINT (-87.754672443 41.8948391066),,,,,2025-06-27,False,24,Austin
13498,35,NO CONTROLS,NO CONTROLS,CLEAR,"DARKNESS, LIGHTED ROAD",PEDALCYCLIST,DIVIDED - W/MEDIAN (NOT RAISED),STRAIGHT AND LEVEL,DRY,UNKNOWN,,UNABLE TO DETERMINE,NOT APPLICABLE,,"REPORTED, NOT EVIDENT",20,6,41.9322061322,-87.6966931992,2025,35,POINT (-87.6966931992 41.9322061322),,,,,2025-06-27,False,20,Avondale
13499,30,TRAFFIC SIGNAL,FUNCTIONING PROPERLY,CLEAR,"DARKNESS, LIGHTED ROAD",PEDALCYCLIST,FOUR WAY,STRAIGHT AND LEVEL,DRY,NO DEFECTS,Y,FAILING TO YIELD RIGHT-OF-WAY,IMPROPER TURNING/NO SIGNAL,,"REPORTED, NOT EVIDENT",23,6,41.9321193139,-87.7075769092,2025,30,POINT (-87.7075769092 41.9321193139),,,,,2025-06-27,False,20,Avondale
13500,30,NO CONTROLS,NO CONTROLS,CLEAR,"DARKNESS, LIGHTED ROAD",PEDALCYCLIST,ONE-WAY,STRAIGHT AND LEVEL,DRY,UNKNOWN,,UNABLE TO DETERMINE,NOT APPLICABLE,,INCAPACITATING INJURY,2,6,41.8657191118,-87.644186481,2025,30,POINT (-87.644186481 41.8657191118),,,,,2025-06-28,True,27,Near West Side
13501,30,TRAFFIC SIGNAL,FUNCTIONING PROPERLY,CLEAR,DUSK,PEDALCYCLIST,DIVIDED - W/MEDIAN (NOT RAISED),STRAIGHT AND LEVEL,UNKNOWN,UNKNOWN,,UNABLE TO DETERMINE,NOT APPLICABLE,,INCAPACITATING INJURY,3,6,41.997011374,-87.6765517879,2025,30,POINT (-87.6765517879 41.997011374),,,,,2025-06-28,True,1,West Ridge
13502,30,TRAFFIC SIGNAL,FUNCTIONING PROPERLY,CLEAR,DAYLIGHT,PEDALCYCLIST,NOT DIVIDED,"CURVE, LEVEL",DRY,NO DEFECTS,Y,UNABLE TO DETERMINE,UNABLE TO DETERMINE,,"REPORTED, NOT EVIDENT",10,6,41.9004955569,-87.6565191161,2025,30,POINT (-87.6565191161 41.9004955569),,,,,2025-06-28,False,7,Near North Side
13503,30,STOP SIGN/FLASHER,OTHER,CLEAR,"DARKNESS, LIGHTED ROAD",PEDALCYCLIST,NOT DIVIDED,STRAIGHT AND LEVEL,DRY,UNKNOWN,Y,FAILING TO YIELD RIGHT-OF-WAY,IMPROPER TURNING/NO SIGNAL,,NONINCAPACITATING INJURY,11,6,41.9219887192,-87.6960999975,2025,30,POINT (-87.6960999975 41.9219887192),,,,,2025-06-28,False,21,Logan Square
13504,30,NO CONTROLS,NO CONTROLS,RAIN,DAYLIGHT,PEDALCYCLIST,NOT DIVIDED,STRAIGHT AND LEVEL,WET,SHOULDER DEFECT,,UNABLE TO DETERMINE,UNABLE TO DETERMINE,,NONINCAPACITATING INJURY,13,6,41.8577926492,-87.6596342606,2025,30,POINT (-87.6596342606 41.8577926492),,,,,2025-06-28,False,27,Near West Side
13505,25,STOP SIGN/FLASHER,NO CONTROLS,CLEAR,DAYLIGHT,PEDALCYCLIST,OTHER,STRAIGHT AND LEVEL,DRY,NO DEFECTS,,FAILING TO YIELD RIGHT-OF-WAY,NOT APPLICABLE,,NO INDICATION OF INJURY,15,6,41.7738574867,-87.6882358718,2025,25,POINT (-87.6882358718 41.7738574867),,,,,2025-06-28,False,65,Chicago Lawn
13506,30,NO CONTROLS,NO CONTROLS,CLEAR,DAYLIGHT,PEDALCYCLIST,FOUR WAY,STRAIGHT AND LEVEL,DRY,UNKNOWN,Y,UNABLE TO DETERMINE,UNABLE TO DETERMINE,,NONINCAPACITATING INJURY,15,6,41.9025797246,-87.7241069778,2025,30,POINT (-87.7241069778 41.9025797246),,,,,2025-06-28,False,22,Humboldt Park
13507,30,TRAFFIC SIGNAL,FUNCTIONING PROPERLY,CLEAR,DAYLIGHT,PEDALCYCLIST,NOT DIVIDED,STRAIGHT AND LEVEL,DRY,UNKNOWN,Y,DISREGARDING TRAFFIC SIGNALS,WEATHER,,NONINCAPACITATING INJURY,17,6,41.9613281052,-87.7034196762,2025,30,POINT (-87.7034196762 41.9613281052),,,,,2025-06-28,False,3,Lincoln Square
13508,30,NO CONTROLS,NO CONTROLS,CLEAR,DUSK,PEDALCYCLIST,NOT DIVIDED,STRAIGHT AND LEVEL,DRY,NO DEFECTS,,FAILING TO REDUCE SPEED TO AVOID CRASH,UNABLE TO DETERMINE,,NONINCAPACITATING INJURY,20,6,41.9417962509,-87.7280444852,2025,30,POINT (-87.7280444852 41.9417962509),,,,,2025-06-28,False,15,Irving Park
13509,30,TRAFFIC SIGNAL,FUNCTIONING PROPERLY,CLEAR,"DARKNESS, LIGHTED ROAD",PEDALCYCLIST,NOT DIVIDED,STRAIGHT AND LEVEL,DRY,NO DEFECTS,Y,FAILING TO YIELD RIGHT-OF-WAY,UNABLE TO DETERMINE,,NO INDICATION OF INJURY,22,6,41.8893187111,-87.6281526679,2025,30,POINT (-87.6281526679 41.8893187111),,,,,2025-06-28,False,7,Near North Side
13510,25,NO CONTROLS,NO CONTROLS,CLEAR,DUSK,PEDALCYCLIST,Y-INTERSECTION,STRAIGHT AND LEVEL,DRY,NO DEFECTS,,FAILING TO YIELD RIGHT-OF-WAY,FAILING TO YIELD RIGHT-OF-WAY,,INCAPACITATING INJURY,22,6,41.8950427427,-87.7520809138,2025,25,POINT (-87.7520809138 41.8950427427),,,,,2025-06-28,True,24,Austin
13511,30,BICYCLE CROSSING SIGN,FUNCTIONING PROPERLY,CLEAR,DAYLIGHT,PEDALCYCLIST,OTHER,STRAIGHT AND LEVEL,DRY,NO DEFECTS,,FAILING TO REDUCE SPEED TO AVOID CRASH,DRIVING ON WRONG SIDE/WRONG WAY,,INCAPACITATING INJURY,8,6,41.9392210489,-87.7077146023,2025,30,POINT (-87.7077146023 41.9392210489),,,,,2025-06-29,True,15,Irving Park
13512,30,OTHER,OTHER,CLEAR,DAYLIGHT,PEDALCYCLIST,OTHER,STRAIGHT AND LEVEL,DRY,NO DEFECTS,Y,DISREGARDING OTHER TRAFFIC SIGNS,DISREGARDING OTHER TRAFFIC SIGNS,,NO INDICATION OF INJURY,11,6,41.7663530236,-87.5763651364,2025,30,POINT (-87.5763651364 41.7663530236),,,,,2025-06-29,False,41,Woodlawn
13513,30,TRAFFIC SIGNAL,UNKNOWN,CLEAR,DAYLIGHT,PEDALCYCLIST,NOT DIVIDED,STRAIGHT AND LEVEL,DRY,NO DEFECTS,Y,DISREGARDING TRAFFIC SIGNALS,UNABLE TO DETERMINE,,NONINCAPACITATING INJURY,11,6,41.8995038959,-87.6773011949,2025,30,POINT (-87.6773011949 41.8995038959),,,,,2025-06-29,False,23,West Town
13514,30,STOP SIGN/FLASHER,FUNCTIONING PROPERLY,CLEAR,DAYLIGHT,PEDALCYCLIST,FOUR WAY,STRAIGHT AND LEVEL,DRY,NO DEFECTS,Y,FAILING TO YIELD RIGHT-OF-WAY,FAILING TO REDUCE SPEED TO AVOID CRASH,,NONINCAPACITATING INJURY,12,6,41.6929767914,-87.6628980469,2025,30,POINT (-87.6628980469 41.6929767914),,,,,2025-06-29,False,74,Morgan Park
13515,30,NO CONTROLS,NO CONTROLS,RAIN,DAYLIGHT,PEDALCYCLIST,ONE-WAY,STRAIGHT AND LEVEL,WET,NO DEFECTS,,UNABLE TO DETERMINE,UNABLE TO DETERMINE,Y,NONINCAPACITATING INJURY,12,6,41.9368533634,-87.7089194111,2025,30,POINT (-87.7089194111 41.9368533634),,,,,2025-06-29,False,20,Avondale
13516,30,TRAFFIC SIGNAL,FUNCTIONING PROPERLY,CLEAR,DAYLIGHT,PEDALCYCLIST,DIVIDED - W/MEDIAN BARRIER,STRAIGHT AND LEVEL,DRY,NO DEFECTS,Y,IMPROPER OVERTAKING/PASSING,IMPROPER LANE USAGE,,NONINCAPACITATING INJURY,13,6,41.9096941747,-87.7492956528,2025,30,POINT (-87.7492956528 41.9096941747),,,,,2025-06-29,False,24,Austin
13517,35,NO CONTROLS,NO CONTROLS,CLEAR,DAYLIGHT,PEDALCYCLIST,DIVIDED - W/MEDIAN (NOT RAISED),STRAIGHT AND LEVEL,DRY,NO DEFECTS,,FAILING TO YIELD RIGHT-OF-WAY,UNABLE TO DETERMINE,Y,NO INDICATION OF INJURY,14,6,42.0150311912,-87.6748887081,2025,35,POINT (-87.6748887081 42.0150311912),,,,,2025-06-29,False,0,Rogers Park
13518,30,YIELD,FUNCTIONING PROPERLY,CLEAR,DAYLIGHT,PEDALCYCLIST,DIVIDED - W/MEDIAN (NOT RAISED),STRAIGHT AND LEVEL,DRY,NO DEFECTS,Y,FAILING TO YIELD RIGHT-OF-WAY,NOT APPLICABLE,,NONINCAPACITATING INJURY,15,6,41.9394444523,-87.7038051494,2025,30,POINT (-87.7038051494 41.9394444523),,,,,2025-06-29,False,15,Irving Park
13519,30,NO CONTROLS,NO CONTROLS,CLEAR,DAYLIGHT,PEDALCYCLIST,NOT DIVIDED,STRAIGHT AND LEVEL,DRY,NO DEFECTS,,UNABLE TO DETERMINE,NOT APPLICABLE,,NO INDICATION OF INJURY,15,6,41.9313713149,-87.7661026335,2025,30,POINT (-87.7661026335 41.9313713149),,,,,2025-06-29,False,18,Belmont Cragin
13520,15,NO CONTROLS,NO CONTROLS,CLEAR,DAYLIGHT,PEDALCYCLIST,DIVIDED - W/MEDIAN (NOT RAISED),STRAIGHT AND LEVEL,DRY,NO DEFECTS,,DISREGARDING STOP SIGN,FAILING TO REDUCE SPEED TO AVOID CRASH,,NONINCAPACITATING INJURY,17,6,41.9657614765,-87.6456441764,2025,15,POINT (-87.6456441764 41.9657614765),,,,,2025-06-29,False,2,Uptown
13521,25,NO CONTROLS,NO CONTROLS,CLEAR,DAYLIGHT,PEDALCYCLIST,ONE-WAY,STRAIGHT AND LEVEL,DRY,NO DEFECTS,,NOT APPLICABLE,NOT APPLICABLE,,INCAPACITATING INJURY,18,6,41.9894658274,-87.6919193956,2025,25,POINT (-87.6919193956 41.9894658274),,,,,2025-06-29,True,1,West Ridge
13522,30,STOP SIGN/FLASHER,UNKNOWN,CLEAR,DUSK,PEDALCYCLIST,FOUR WAY,STRAIGHT AND LEVEL,DRY,UNKNOWN,,CELL PHONE USE OTHER THAN TEXTING,UNABLE TO DETERMINE,,NO INDICATION OF INJURY,19,6,41.799434259,-87.5890462553,2025,30,POINT (-87.5890462553 41.799434259),,,,,2025-06-29,False,40,Hyde Park
13523,30,NO CONTROLS,NO CONTROLS,CLEAR,"DARKNESS, LIGHTED ROAD",PEDALCYCLIST,NOT DIVIDED,STRAIGHT AND LEVEL,DRY,UNKNOWN,,FAILING TO YIELD RIGHT-OF-WAY,NOT APPLICABLE,Y,NONINCAPACITATING INJURY,20,6,41.9397568726,-87.6570155172,2025,30,POINT (-87.6570155172 41.9397568726),,,,,2025-06-29,False,5,Lake View
13524,30,NO CONTROLS,NO CONTROLS,CLEAR,"DARKNESS, LIGHTED ROAD",PEDALCYCLIST,FOUR WAY,STRAIGHT AND LEVEL,DRY,NO DEFECTS,Y,DISREGARDING OTHER TRAFFIC SIGNS,FAILING TO YIELD RIGHT-OF-WAY,,NONINCAPACITATING INJURY,22,6,41.9943120354,-87.6825391242,2025,30,POINT (-87.6825391242 41.9943120354),,,,,2025-06-29,False,1,West Ridge
13525,30,TRAFFIC SIGNAL,FUNCTIONING PROPERLY,CLEAR,DAYLIGHT,PEDALCYCLIST,NOT DIVIDED,STRAIGHT AND LEVEL,DRY,NO DEFECTS,Y,UNABLE TO DETERMINE,UNABLE TO DETERMINE,,NONINCAPACITATING INJURY,12,6,41.9177988676,-87.6774759397,2025,30,POINT (-87.6774759397 41.9177988676),,,,,2025-06-30,False,6,Lincoln Park
13526,30,TRAFFIC SIGNAL,UNKNOWN,CLEAR,DAYLIGHT,PEDALCYCLIST,FOUR WAY,STRAIGHT AND LEVEL,DRY,UNKNOWN,Y,UNABLE TO DETERMINE,UNABLE TO DETERMINE,,"REPORTED, NOT EVIDENT",14,6,41.8508561301,-87.7248865143,2025,30,POINT (-87.7248865143 41.8508561301),,,,,2025-06-30,False,28,North Lawndale
13527,30,TRAFFIC SIGNAL,FUNCTIONING PROPERLY,CLEAR,DAYLIGHT,PEDALCYCLIST,FOUR WAY,STRAIGHT AND LEVEL,DRY,NO DEFECTS,,IMPROPER TURNING/NO SIGNAL,IMPROPER TURNING/NO SIGNAL,,NONINCAPACITATING INJURY,14,6,41.9688192976,-87.6673383225,2025,30,POINT (-87.6673383225 41.9688192976),,,,,2025-06-30,False,2,Uptown
13528,30,UNKNOWN,UNKNOWN,CLEAR,DAYLIGHT,PEDALCYCLIST,FOUR WAY,STRAIGHT AND LEVEL,DRY,NO DEFECTS,,UNABLE TO DETERMINE,NOT APPLICABLE,,NONINCAPACITATING INJURY,14,6,41.7435618073,-87.6244758005,2025,30,POINT (-87.6244758005 41.7435618073),,,,,2025-06-30,False,43,Chatham
13529,20,TRAFFIC SIGNAL,FUNCTIONING PROPERLY,CLEAR,DAYLIGHT,PEDALCYCLIST,DIVIDED - W/MEDIAN (NOT RAISED),"CURVE, LEVEL",DRY,NO DEFECTS,N,FAILING TO YIELD RIGHT-OF-WAY,UNABLE TO DETERMINE,,NONINCAPACITATING INJURY,16,6,41.9985990104,-87.6706311728,2025,20,POINT (-87.6706311728 41.9985990104),,,,,2025-06-30,False,0,Rogers Park
13530,30,NO CONTROLS,NO CONTROLS,CLEAR,DAYLIGHT,PEDALCYCLIST,PARKING LOT,STRAIGHT AND LEVEL,DRY,UNKNOWN,,IMPROPER OVERTAKING/PASSING,NOT APPLICABLE,,NO INDICATION OF INJURY,17,6,41.9286950012,-87.6741950831,2025,30,POINT (-87.6741950831 41.9286950012),,,,,2025-06-30,False,6,Lincoln Park
13531,30,STOP SIGN/FLASHER,FUNCTIONING PROPERLY,CLEAR,DAYLIGHT,PEDALCYCLIST,FOUR WAY,STRAIGHT AND LEVEL,DRY,NO DEFECTS,Y,FAILING TO YIELD RIGHT-OF-WAY,NOT APPLICABLE,,NONINCAPACITATING INJURY,17,6,41.7988996515,-87.7038579977,2025,30,POINT (-87.7038579977 41.7988996515),,,,,2025-06-30,False,62,Gage Park
13532,10,NO CONTROLS,NO CONTROLS,CLEAR,DAYLIGHT,PEDALCYCLIST,ALLEY,STRAIGHT AND LEVEL,DRY,"RUT, HOLES",,UNABLE TO DETERMINE,UNABLE TO DETERMINE,,NONINCAPACITATING INJURY,18,6,41.8439805687,-87.7088227787,2025,10,POINT (-87.7088227787 41.8439805687),,,,,2025-06-30,False,29,South Lawndale
13533,20,NO CONTROLS,NO CONTROLS,CLEAR,DAYLIGHT,PEDALCYCLIST,DIVIDED - W/MEDIAN (NOT RAISED),STRAIGHT AND LEVEL,DRY,UNKNOWN,,IMPROPER TURNING/NO SIGNAL,FAILING TO YIELD RIGHT-OF-WAY,,NONINCAPACITATING INJURY,20,6,41.9944904325,-87.6700038195,2025,20,POINT (-87.6700038195 41.9944904325),,,,,2025-06-30,False,76,Edgewater
13534,30,NO CONTROLS,NO CONTROLS,CLEAR,DAYLIGHT,PEDALCYCLIST,DIVIDED - W/MEDIAN (NOT RAISED),STRAIGHT AND LEVEL,DRY,NO DEFECTS,,UNABLE TO DETERMINE,UNABLE TO DETERMINE,,NONINCAPACITATING INJURY,8,7,41.7934202368,-87.7036975085,2025,30,POINT (-87.7036975085 41.7934202368),,,,,2025-07-01,False,62,Gage Park
13535,30,STOP SIGN/FLASHER,FUNCTIONING PROPERLY,CLEAR,DAYLIGHT,PEDALCYCLIST,T-INTERSECTION,STRAIGHT AND LEVEL,DRY,NO DEFECTS,Y,IMPROPER TURNING/NO SIGNAL,UNABLE TO DETERMINE,,INCAPACITATING INJURY,9,7,41.8005308938,-87.7183176102,2025,30,POINT (-87.7183176102 41.8005308938),,,,,2025-07-01,True,56,Archer Heights
13536,30,STOP SIGN/FLASHER,FUNCTIONING PROPERLY,CLEAR,DAYLIGHT,PEDALCYCLIST,NOT DIVIDED,STRAIGHT AND LEVEL,DRY,NO DEFECTS,,FAILING TO YIELD RIGHT-OF-WAY,NOT APPLICABLE,,"REPORTED, NOT EVIDENT",10,7,41.9169598552,-87.7339453364,2025,30,POINT (-87.7339453364 41.9169598552),,,,,2025-07-01,False,19,Hermosa
13537,30,UNKNOWN,UNKNOWN,CLEAR,DAYLIGHT,PEDALCYCLIST,NOT DIVIDED,STRAIGHT AND LEVEL,DRY,UNKNOWN,,UNABLE TO DETERMINE,UNABLE TO DETERMINE,,NO INDICATION OF INJURY,11,7,41.7436620123,-87.6310542179,2025,30,POINT (-87.6310542179 41.7436620123),,,,,2025-07-01,False,43,Chatham
13538,35,NO CONTROLS,NO CONTROLS,CLEAR,DAYLIGHT,PEDALCYCLIST,NOT DIVIDED,STRAIGHT AND LEVEL,DRY,NO DEFECTS,N,IMPROPER LANE USAGE,UNABLE TO DETERMINE,,NONINCAPACITATING INJURY,11,7,41.9759857417,-87.6747659318,2025,35,POINT (-87.6747659318 41.9759857417),,,,,2025-07-01,False,3,Lincoln Square
13539,30,STOP SIGN/FLASHER,FUNCTIONING PROPERLY,CLEAR,DAYLIGHT,PEDALCYCLIST,FOUR WAY,STRAIGHT AND LEVEL,DRY,NO DEFECTS,Y,FAILING TO YIELD RIGHT-OF-WAY,NOT APPLICABLE,,NONINCAPACITATING INJURY,12,7,41.8856991972,-87.6487890894,2025,30,POINT (-87.6487890894 41.8856991972),,,,,2025-07-01,False,27,Near West Side
13540,30,NO CONTROLS,NO CONTROLS,CLEAR,DAYLIGHT,PEDALCYCLIST,ONE-WAY,STRAIGHT AND LEVEL,DRY,NO DEFECTS,,NOT APPLICABLE,NOT APPLICABLE,,NO INDICATION OF INJURY,13,7,41.8917914631,-87.6276577412,2025,30,POINT (-87.6276577412 41.8917914631),,,,,2025-07-01,False,7,Near North Side
13541,30,NO CONTROLS,NO CONTROLS,CLEAR,DAYLIGHT,PEDALCYCLIST,PARKING LOT,STRAIGHT AND LEVEL,DRY,UNKNOWN,,UNABLE TO DETERMINE,NOT APPLICABLE,,NONINCAPACITATING INJURY,13,7,41.8205830407,-87.693426166,2025,30,POINT (-87.693426166 41.8205830407),,,,,2025-07-01,False,29,South Lawndale
13542,30,NO CONTROLS,NO CONTROLS,CLEAR,DAYLIGHT,PEDALCYCLIST,DIVIDED - W/MEDIAN (NOT RAISED),STRAIGHT AND LEVEL,DRY,UNKNOWN,,NOT APPLICABLE,NOT APPLICABLE,Y,NO INDICATION OF INJURY,13,7,41.9239650134,-87.6972467229,2025,30,POINT (-87.6972467229 41.9239650134),,,,,2025-07-01,False,21,Logan Square
13543,30,NO CONTROLS,NO CONTROLS,CLEAR,DAYLIGHT,PEDALCYCLIST,NOT DIVIDED,STRAIGHT AND LEVEL,DRY,NO DEFECTS,,UNABLE TO DETERMINE,IMPROPER TURNING/NO SIGNAL,,NO INDICATION OF INJURY,13,7,41.8797472185,-87.6483217842,2025,30,POINT (-87.6483217842 41.8797472185),,,,,2025-07-01,False,27,Near West Side
13544,35,UNKNOWN,UNKNOWN,CLEAR,DAYLIGHT,PEDALCYCLIST,NOT DIVIDED,STRAIGHT AND LEVEL,DRY,UNKNOWN,,UNABLE TO DETERMINE,UNABLE TO DETERMINE,,"REPORTED, NOT EVIDENT",14,7,41.8512299901,-87.6854951754,2025,35,POINT (-87.6854951754 41.8512299901),,,,,2025-07-01,False,30,Lower West Side
13545,30,NO CONTROLS,NO CONTROLS,CLEAR,DAYLIGHT,PEDALCYCLIST,FOUR WAY,STRAIGHT AND LEVEL,DRY,UNKNOWN,,UNABLE TO DETERMINE,UNABLE TO DETERMINE,N,NONINCAPACITATING INJURY,15,7,41.6997343411,-87.6270352228,2025,30,POINT (-87.6270352228 41.6997343411),,,,,2025-07-01,False,48,Roseland
13546,30,STOP SIGN/FLASHER,FUNCTIONING PROPERLY,CLEAR,DAYLIGHT,PEDALCYCLIST,ONE-WAY,STRAIGHT AND LEVEL,DRY,UNKNOWN,,FAILING TO YIELD RIGHT-OF-WAY,DISREGARDING STOP SIGN,,NONINCAPACITATING INJURY,17,7,41.7863617959,-87.6896897317,2025,30,POINT (-87.6896897317 41.7863617959),,,,,2025-07-01,False,62,Gage Park
13547,30,TRAFFIC SIGNAL,FUNCTIONING PROPERLY,CLEAR,DAYLIGHT,PEDALCYCLIST,ONE-WAY,STRAIGHT AND LEVEL,DRY,NO DEFECTS,,NOT APPLICABLE,NOT APPLICABLE,,NONINCAPACITATING INJURY,17,7,41.8901305008,-87.6312324009,2025,30,POINT (-87.6312324009 41.8901305008),,,,,2025-07-01,False,7,Near North Side