Unnamed: 0,POSTED_SPEED_LIMIT,TRAFFIC_CONTROL_DEVICE,DEVICE_CONDITION,WEATHER_CONDITION,LIGHTING_CONDITION,FIRST_CRASH_TYPE,TRAFFICWAY_TYPE,ALIGNMENT,ROADWAY_SURFACE_COND,ROAD_DEFECT,INTERSECTION_RELATED_I,PRIM_CONTRIBUTORY_CAUSE,SEC_CONTRIBUTORY_CAUSE,DOORING_I,MOST_SEVERE_INJURY,CRASH_HOUR,CRASH_MONTH,LATITUDE,LONGITUDE,CRASH_YEAR,SPEED_LIMIT,geometry,DISPLAYROU,the_geom,DIST,LANE_TYPE,CRASH_DATE,is_severe,index_right,CArea
13548,30,OTHER,FUNCTIONING PROPERLY,CLEAR,DAWN,PEDALCYCLIST,NOT DIVIDED,STRAIGHT AND LEVEL,DRY,UNKNOWN,,FAILING TO YIELD RIGHT-OF-WAY,FAILING TO YIELD RIGHT-OF-WAY,,NONINCAPACITATING INJURY,18,7,41.9167558136,-87.6483027774,2025,30,POINT (-87.6483027774 41.9167558136),,,,,2025-07-01,False,6,Lincoln Park
13549,30,NO CONTROLS,NO CONTROLS,CLEAR,DAYLIGHT,PEDALCYCLIST,NOT DIVIDED,STRAIGHT AND LEVEL,DRY,NO DEFECTS,,UNABLE TO DETERMINE,UNABLE TO DETERMINE,,NONINCAPACITATING INJURY,18,7,41.9614263368,-87.6840213973,2025,30,POINT (-87.6840213973 41.9614263368),,,,,2025-07-01,False,3,Lincoln Square
13550,30,TRAFFIC SIGNAL,FUNCTIONING PROPERLY,CLEAR,DAYLIGHT,PEDALCYCLIST,NOT DIVIDED,STRAIGHT AND LEVEL,DRY,NO DEFECTS,N,FAILING TO REDUCE SPEED TO AVOID CRASH,NOT APPLICABLE,,NO INDICATION OF INJURY,18,7,41.9289812194,-87.6833814248,2025,30,POINT (-87.6833814248 41.9289812194),,,,,2025-07-01,False,21,Logan Square
13551,30,UNKNOWN,UNKNOWN,CLEAR,"DARKNESS, LIGHTED ROAD",PEDALCYCLIST,FOUR WAY,STRAIGHT AND LEVEL,DRY,UNKNOWN,,UNABLE TO DETERMINE,NOT APPLICABLE,,NO INDICATION OF INJURY,21,7,41.9683459868,-87.7285180202,2025,30,POINT (-87.7285180202 41.9683459868),,,,,2025-07-01,False,11,Forest Glen
13552,30,NO CONTROLS,NO CONTROLS,CLEAR,DAYLIGHT,PEDALCYCLIST,NOT DIVIDED,STRAIGHT AND LEVEL,DRY,NO DEFECTS,,UNABLE TO DETERMINE,UNABLE TO DETERMINE,,NONINCAPACITATING INJURY,6,7,41.8965307107,-87.6309042054,2025,30,POINT (-87.6309042054 41.8965307107),,,,,2025-07-02,False,7,Near North Side
13553,15,NO CONTROLS,NO CONTROLS,CLEAR,DAYLIGHT,PEDALCYCLIST,ALLEY,STRAIGHT AND LEVEL,DRY,NO DEFECTS,,FAILING TO YIELD RIGHT-OF-WAY,UNABLE TO DETERMINE,,NONINCAPACITATING INJURY,7,7,42.0107647747,-87.6903617825,2025,15,POINT (-87.6903617825 42.0107647747),,,,,2025-07-02,False,1,West Ridge
13554,30,TRAFFIC SIGNAL,FUNCTIONING PROPERLY,CLEAR,DAYLIGHT,PEDALCYCLIST,FOUR WAY,STRAIGHT AND LEVEL,DRY,NO DEFECTS,Y,DISREGARDING TRAFFIC SIGNALS,NOT APPLICABLE,,NO INDICATION OF INJURY,10,7,41.8916820178,-87.6298011486,2025,30,POINT (-87.6298011486 41.8916820178),,,,,2025-07-02,False,7,Near North Side
13555,30,NO CONTROLS,NO CONTROLS,CLEAR,DAYLIGHT,PEDALCYCLIST,NOT DIVIDED,STRAIGHT AND LEVEL,DRY,NO DEFECTS,,UNABLE TO DETERMINE,NOT APPLICABLE,Y,NONINCAPACITATING INJURY,13,7,42.0121101628,-87.7028220976,2025,30,POINT (-87.7028220976 42.0121101628),,,,,2025-07-02,False,1,West Ridge
13556,30,OTHER,FUNCTIONING PROPERLY,CLEAR,DAYLIGHT,PEDALCYCLIST,DIVIDED - W/MEDIAN (NOT RAISED),STRAIGHT AND LEVEL,DRY,UNKNOWN,,IMPROPER LANE USAGE,NOT APPLICABLE,Y,NONINCAPACITATING INJURY,14,7,41.8740601078,-87.6683847406,2025,30,POINT (-87.6683847406 41.8740601078),,,,,2025-07-02,False,27,Near West Side
13557,30,NO CONTROLS,NO CONTROLS,CLEAR,DAYLIGHT,PEDALCYCLIST,T-INTERSECTION,STRAIGHT AND LEVEL,DRY,NO DEFECTS,,DISREGARDING STOP SIGN,NOT APPLICABLE,,NONINCAPACITATING INJURY,15,7,41.8848798693,-87.7134272516,2025,30,POINT (-87.7134272516 41.8848798693),,,,,2025-07-02,False,26,Garfield Park
13558,30,NO CONTROLS,NO CONTROLS,CLEAR,DAYLIGHT,PEDALCYCLIST,DIVIDED - W/MEDIAN (NOT RAISED),STRAIGHT AND LEVEL,DRY,NO DEFECTS,,FAILING TO YIELD RIGHT-OF-WAY,NOT APPLICABLE,,NONINCAPACITATING INJURY,15,7,41.8742961615,-87.6676128105,2025,30,POINT (-87.6676128105 41.8742961615),,,,,2025-07-02,False,27,Near West Side
13559,25,STOP SIGN/FLASHER,FUNCTIONING PROPERLY,CLEAR,DAYLIGHT,PEDALCYCLIST,FOUR WAY,STRAIGHT AND LEVEL,UNKNOWN,UNKNOWN,Y,FAILING TO REDUCE SPEED TO AVOID CRASH,"OPERATING VEHICLE IN ERRATIC, RECKLESS, CARELESS, NEGLIGENT OR AGGRESSIVE MANNER",,NONINCAPACITATING INJURY,16,7,41.9946167604,-87.6585047859,2025,25,POINT (-87.6585047859 41.9946167604),,,,,2025-07-02,False,76,Edgewater
13560,25,TRAFFIC SIGNAL,FUNCTIONING PROPERLY,CLEAR,DAYLIGHT,PEDALCYCLIST,FOUR WAY,STRAIGHT AND LEVEL,DRY,NO DEFECTS,Y,BICYCLE ADVANCING LEGALLY ON RED LIGHT,BICYCLE ADVANCING LEGALLY ON RED LIGHT,,NONINCAPACITATING INJURY,16,7,41.9239346193,-87.778298896,2025,25,POINT (-87.778298896 41.9239346193),,,,,2025-07-02,False,18,Belmont Cragin
13561,30,NO CONTROLS,NO CONTROLS,CLEAR,DUSK,PEDALCYCLIST,NOT DIVIDED,STRAIGHT AND LEVEL,DRY,UNKNOWN,,FAILING TO YIELD RIGHT-OF-WAY,UNABLE TO DETERMINE,,NONINCAPACITATING INJURY,17,7,41.9231103722,-87.6979123842,2025,30,POINT (-87.6979123842 41.9231103722),,,,,2025-07-02,False,21,Logan Square
13562,30,TRAFFIC SIGNAL,FUNCTIONING PROPERLY,CLEAR,"DARKNESS, LIGHTED ROAD",PEDALCYCLIST,DIVIDED - W/MEDIAN (NOT RAISED),STRAIGHT AND LEVEL,DRY,WORN SURFACE,,UNABLE TO DETERMINE,NOT APPLICABLE,,INCAPACITATING INJURY,21,7,41.8822799897,-87.6765175566,2025,30,POINT (-87.6765175566 41.8822799897),,,,,2025-07-02,True,27,Near West Side
13563,30,TRAFFIC SIGNAL,FUNCTIONING PROPERLY,CLEAR,DARKNESS,PEDALCYCLIST,NOT DIVIDED,STRAIGHT AND LEVEL,DRY,NO DEFECTS,Y,NOT APPLICABLE,NOT APPLICABLE,,NONINCAPACITATING INJURY,23,7,41.8865544985,-87.7652343029,2025,30,POINT (-87.7652343029 41.8865544985),,,,,2025-07-02,False,24,Austin
13564,30,NO CONTROLS,NO CONTROLS,CLEAR,"DARKNESS, LIGHTED ROAD",PEDALCYCLIST,NOT DIVIDED,STRAIGHT AND LEVEL,DRY,NO DEFECTS,,DRIVING SKILLS/KNOWLEDGE/EXPERIENCE,NOT APPLICABLE,,NO INDICATION OF INJURY,1,7,41.9036824518,-87.6967526465,2025,30,POINT (-87.6967526465 41.9036824518),,,,,2025-07-03,False,22,Humboldt Park
13565,20,NO CONTROLS,NO CONTROLS,CLEAR,DAYLIGHT,PEDALCYCLIST,T-INTERSECTION,STRAIGHT AND LEVEL,DRY,NO DEFECTS,Y,FAILING TO YIELD RIGHT-OF-WAY,UNABLE TO DETERMINE,,NO INDICATION OF INJURY,7,7,41.9875672486,-87.6652171433,2025,20,POINT (-87.6652171433 41.9875672486),,,,,2025-07-03,False,76,Edgewater
13566,30,NO CONTROLS,NO CONTROLS,CLEAR,DAYLIGHT,PEDALCYCLIST,NOT DIVIDED,STRAIGHT AND LEVEL,DRY,NO DEFECTS,,UNABLE TO DETERMINE,UNABLE TO DETERMINE,,NONINCAPACITATING INJURY,12,7,41.9394173818,-87.7099251165,2025,30,POINT (-87.7099251165 41.9394173818),,,,,2025-07-03,False,15,Irving Park
13567,30,STOP SIGN/FLASHER,FUNCTIONING PROPERLY,CLEAR,DAYLIGHT,PEDALCYCLIST,FOUR WAY,STRAIGHT AND LEVEL,DRY,WORN SURFACE,Y,FAILING TO YIELD RIGHT-OF-WAY,NOT APPLICABLE,,NONINCAPACITATING INJURY,14,7,41.8048560016,-87.6747392628,2025,30,POINT (-87.6747392628 41.8048560016),,,,,2025-07-03,False,60,New City
13568,30,STOP SIGN/FLASHER,FUNCTIONING PROPERLY,CLEAR,DAYLIGHT,PEDALCYCLIST,ONE-WAY,STRAIGHT AND LEVEL,DRY,NO DEFECTS,Y,DISREGARDING STOP SIGN,FAILING TO YIELD RIGHT-OF-WAY,,NONINCAPACITATING INJURY,14,7,41.939337565,-87.6951430792,2025,30,POINT (-87.6951430792 41.939337565),,,,,2025-07-03,False,4,North Center
13569,30,NO CONTROLS,NO CONTROLS,CLEAR,DAYLIGHT,PEDALCYCLIST,NOT DIVIDED,STRAIGHT AND LEVEL,DRY,NO DEFECTS,,FAILING TO YIELD RIGHT-OF-WAY,FOLLOWING TOO CLOSELY,,NONINCAPACITATING INJURY,14,7,41.6865639353,-87.6628691604,2025,30,POINT (-87.6628691604 41.6865639353),,,,,2025-07-03,False,74,Morgan Park
13570,30,OTHER WARNING SIGN,NO CONTROLS,CLEAR,DAYLIGHT,PEDALCYCLIST,DIVIDED - W/MEDIAN (NOT RAISED),STRAIGHT AND LEVEL,DRY,OTHER,,DRIVING SKILLS/KNOWLEDGE/EXPERIENCE,NOT APPLICABLE,,NONINCAPACITATING INJURY,15,7,41.9216981713,-87.7167578866,2025,30,POINT (-87.7167578866 41.9216981713),,,,,2025-07-03,False,21,Logan Square
13571,30,NO CONTROLS,NO CONTROLS,CLEAR,DAYLIGHT,PEDALCYCLIST,T-INTERSECTION,STRAIGHT AND LEVEL,DRY,NO DEFECTS,Y,UNABLE TO DETERMINE,NOT APPLICABLE,,NONINCAPACITATING INJURY,15,7,41.8989397542,-87.6344367837,2025,30,POINT (-87.6344367837 41.8989397542),,,,,2025-07-03,False,7,Near North Side
13572,30,STOP SIGN/FLASHER,UNKNOWN,CLEAR,DAYLIGHT,PEDALCYCLIST,FOUR WAY,STRAIGHT AND LEVEL,UNKNOWN,UNKNOWN,Y,IMPROPER OVERTAKING/PASSING,IMPROPER LANE USAGE,,NONINCAPACITATING INJURY,15,7,41.9491500019,-87.6542401854,2025,30,POINT (-87.6542401854 41.9491500019),,,,,2025-07-03,False,5,Lake View
13573,30,TRAFFIC SIGNAL,FUNCTIONING PROPERLY,CLEAR,DAYLIGHT,PEDALCYCLIST,DIVIDED - W/MEDIAN (NOT RAISED),STRAIGHT AND LEVEL,DRY,NO DEFECTS,Y,DISREGARDING TRAFFIC SIGNALS,DRIVING ON WRONG SIDE/WRONG WAY,,NONINCAPACITATING INJURY,17,7,41.8661463823,-87.720268041,2025,30,POINT (-87.720268041 41.8661463823),,,,,2025-07-03,False,28,North Lawndale
13574,35,NO CONTROLS,NO CONTROLS,CLEAR,DAYLIGHT,PEDALCYCLIST,NOT DIVIDED,STRAIGHT AND LEVEL,DRY,NO DEFECTS,,FAILING TO YIELD RIGHT-OF-WAY,FAILING TO YIELD RIGHT-OF-WAY,,NO INDICATION OF INJURY,17,7,41.9091643204,-87.6610988379,2025,35,POINT (-87.6610988379 41.9091643204),,,,,2025-07-03,False,23,West Town
13575,30,YIELD,UNKNOWN,CLEAR,DAYLIGHT,PEDALCYCLIST,DIVIDED - W/MEDIAN BARRIER,STRAIGHT AND LEVEL,DRY,UNKNOWN,,IMPROPER LANE USAGE,DRIVING ON WRONG SIDE/WRONG WAY,,NONINCAPACITATING INJURY,18,7,41.8697490335,-87.6462563782,2025,30,POINT (-87.6462563782 41.8697490335),,,,,2025-07-03,False,27,Near West Side
13576,30,TRAFFIC SIGNAL,FUNCTIONING PROPERLY,CLEAR,DAYLIGHT,PEDALCYCLIST,NOT DIVIDED,STRAIGHT AND LEVEL,DRY,NO DEFECTS,Y,UNABLE TO DETERMINE,UNABLE TO DETERMINE,,NO INDICATION OF INJURY,18,7,41.9529444554,-87.7768295418,2025,30,POINT (-87.7768295418 41.9529444554),,,,,2025-07-03,False,14,Portage Park
13577,25,NO CONTROLS,NO CONTROLS,CLEAR,DAYLIGHT,PEDALCYCLIST,NOT DIVIDED,STRAIGHT AND LEVEL,UNKNOWN,UNKNOWN,,UNABLE TO DETERMINE,UNABLE TO DETERMINE,,NO INDICATION OF INJURY,18,7,41.8949562299,-87.6302442538,2025,25,POINT (-87.6302442538 41.8949562299),,,,,2025-07-03,False,7,Near North Side
13578,25,NO CONTROLS,NO CONTROLS,CLEAR,DAYLIGHT,PEDALCYCLIST,ONE-WAY,STRAIGHT AND LEVEL,DRY,NO DEFECTS,,FAILING TO REDUCE SPEED TO AVOID CRASH,NOT APPLICABLE,,NO INDICATION OF INJURY,19,7,41.751731463,-87.6645360934,2025,25,POINT (-87.6645360934 41.751731463),,,,,2025-07-03,False,70,Auburn Gresham
13579,30,NO CONTROLS,NO CONTROLS,CLEAR,DAYLIGHT,PEDALCYCLIST,NOT DIVIDED,STRAIGHT AND LEVEL,DRY,NO DEFECTS,,IMPROPER TURNING/NO SIGNAL,NOT APPLICABLE,,NONINCAPACITATING INJURY,12,7,41.7853401913,-87.7031743238,2025,30,POINT (-87.7031743238 41.7853401913),,,,,2025-07-04,False,65,Chicago Lawn
13580,30,NO CONTROLS,NO CONTROLS,CLEAR,DAYLIGHT,PEDALCYCLIST,NOT DIVIDED,STRAIGHT AND LEVEL,DRY,NO DEFECTS,,NOT APPLICABLE,NOT APPLICABLE,,NO INDICATION OF INJURY,13,7,41.9477982837,-87.6493548871,2025,30,POINT (-87.6493548871 41.9477982837),,,,,2025-07-04,False,5,Lake View
13581,25,NO CONTROLS,NO CONTROLS,CLEAR,DAYLIGHT,PEDALCYCLIST,ALLEY,STRAIGHT AND LEVEL,DRY,NO DEFECTS,,DRIVING SKILLS/KNOWLEDGE/EXPERIENCE,FAILING TO YIELD RIGHT-OF-WAY,,NONINCAPACITATING INJURY,13,7,41.9941104976,-87.6976497881,2025,25,POINT (-87.6976497881 41.9941104976),,,,,2025-07-04,False,1,West Ridge
13582,30,NO CONTROLS,NO CONTROLS,CLEAR,DAYLIGHT,PEDALCYCLIST,NOT DIVIDED,STRAIGHT AND LEVEL,DRY,NO DEFECTS,,IMPROPER OVERTAKING/PASSING,NOT APPLICABLE,N,NO INDICATION OF INJURY,13,7,41.9371091125,-87.7208234903,2025,30,POINT (-87.7208234903 41.9371091125),,,,,2025-07-04,False,20,Avondale
13583,30,NO CONTROLS,NO CONTROLS,CLEAR,DAYLIGHT,PEDALCYCLIST,ALLEY,STRAIGHT AND LEVEL,DRY,NO DEFECTS,,DRIVING SKILLS/KNOWLEDGE/EXPERIENCE,UNABLE TO DETERMINE,,NO INDICATION OF INJURY,13,7,41.9979552406,-87.6830610063,2025,30,POINT (-87.6830610063 41.9979552406),,,,,2025-07-04,False,1,West Ridge
13584,30,NO CONTROLS,NO CONTROLS,CLEAR,DAYLIGHT,PEDALCYCLIST,DIVIDED - W/MEDIAN (NOT RAISED),STRAIGHT AND LEVEL,DRY,NO DEFECTS,,UNABLE TO DETERMINE,NOT APPLICABLE,,NO INDICATION OF INJURY,15,7,41.774694366,-87.741017179,2025,30,POINT (-87.741017179 41.774694366),,,,,2025-07-04,False,63,Clearing
13585,30,TRAFFIC SIGNAL,FUNCTIONING PROPERLY,CLEAR,DAYLIGHT,PEDALCYCLIST,NOT DIVIDED,STRAIGHT AND LEVEL,DRY,NO DEFECTS,Y,FAILING TO YIELD RIGHT-OF-WAY,DRIVING SKILLS/KNOWLEDGE/EXPERIENCE,,NONINCAPACITATING INJURY,18,7,41.8820363761,-87.7356411956,2025,30,POINT (-87.7356411956 41.8820363761),,,,,2025-07-04,False,25,Garfield Park
13586,30,OTHER,OTHER,CLEAR,"DARKNESS, LIGHTED ROAD",PEDALCYCLIST,NOT DIVIDED,STRAIGHT AND LEVEL,DRY,NO DEFECTS,,UNABLE TO DETERMINE,UNABLE TO DETERMINE,,NO INDICATION OF INJURY,21,7,41.9396756449,-87.6625348143,2025,30,POINT (-87.6625348143 41.9396756449),,,,,2025-07-04,False,5,Lake View
13587,30,STOP SIGN/FLASHER,FUNCTIONING PROPERLY,CLEAR,DARKNESS,PEDALCYCLIST,T-INTERSECTION,STRAIGHT AND LEVEL,UNKNOWN,UNKNOWN,,IMPROPER OVERTAKING/PASSING,FOLLOWING TOO CLOSELY,,INCAPACITATING INJURY,21,7,41.9585506445,-87.6466261408,2025,30,POINT (-87.6466261408 41.9585506445),,,,,2025-07-04,True,2,Uptown
13588,30,UNKNOWN,UNKNOWN,CLEAR,"DARKNESS, LIGHTED ROAD",PEDALCYCLIST,NOT DIVIDED,STRAIGHT AND LEVEL,DRY,NO DEFECTS,,FAILING TO YIELD RIGHT-OF-WAY,FAILING TO REDUCE SPEED TO AVOID CRASH,,NONINCAPACITATING INJURY,0,7,41.9536885974,-87.7338976585,2025,30,POINT (-87.7338976585 41.9536885974),,,,,2025-07-05,False,15,Irving Park
13589,30,NO CONTROLS,NO CONTROLS,CLEAR,DAYLIGHT,PEDALCYCLIST,NOT DIVIDED,STRAIGHT AND LEVEL,DRY,NO DEFECTS,,UNABLE TO DETERMINE,NOT APPLICABLE,,NONINCAPACITATING INJURY,6,7,41.8738309438,-87.6984097962,2025,30,POINT (-87.6984097962 41.8738309438),,,,,2025-07-05,False,26,Garfield Park
13590,35,TRAFFIC SIGNAL,FUNCTIONING PROPERLY,CLEAR,DAYLIGHT,PEDALCYCLIST,FOUR WAY,STRAIGHT AND LEVEL,DRY,NO DEFECTS,Y,DISREGARDING TRAFFIC SIGNALS,NOT APPLICABLE,,"REPORTED, NOT EVIDENT",10,7,41.7059851652,-87.7208595145,2025,35,POINT (-87.7208595145 41.7059851652),,,,,2025-07-05,False,73,Mount Greenwood
13591,30,TRAFFIC SIGNAL,NO CONTROLS,CLEAR,DAYLIGHT,PEDALCYCLIST,DIVIDED - W/MEDIAN (NOT RAISED),STRAIGHT AND LEVEL,DRY,NO DEFECTS,Y,IMPROPER OVERTAKING/PASSING,NOT APPLICABLE,,NO INDICATION OF INJURY,11,7,41.9387620653,-87.7436896922,2025,30,POINT (-87.7436896922 41.9387620653),,,,,2025-07-05,False,14,Portage Park
13592,30,TRAFFIC SIGNAL,FUNCTIONING PROPERLY,CLEAR,DAYLIGHT,PEDALCYCLIST,NOT DIVIDED,STRAIGHT AND LEVEL,DRY,NO DEFECTS,,DISREGARDING TRAFFIC SIGNALS,FAILING TO YIELD RIGHT-OF-WAY,,NO INDICATION OF INJURY,11,7,41.9107680066,-87.6508615743,2025,30,POINT (-87.6508615743 41.9107680066),,,,,2025-07-05,False,7,Near North Side
13593,30,TRAFFIC SIGNAL,FUNCTIONING PROPERLY,CLEAR,DAYLIGHT,PEDALCYCLIST,FOUR WAY,STRAIGHT AND LEVEL,DRY,NO DEFECTS,Y,FAILING TO YIELD RIGHT-OF-WAY,FAILING TO YIELD RIGHT-OF-WAY,,INCAPACITATING INJURY,14,7,41.7796575004,-87.6449309928,2025,30,POINT (-87.6449309928 41.7796575004),,,,,2025-07-05,True,67,Englewood
13594,30,NO CONTROLS,NO CONTROLS,CLEAR,DAYLIGHT,PEDALCYCLIST,NOT DIVIDED,STRAIGHT AND LEVEL,DRY,NO DEFECTS,,UNABLE TO DETERMINE,NOT APPLICABLE,Y,NONINCAPACITATING INJURY,14,7,41.965267395,-87.6592379773,2025,30,POINT (-87.6592379773 41.965267395),,,,,2025-07-05,False,2,Uptown
13595,30,TRAFFIC SIGNAL,FUNCTIONING PROPERLY,CLEAR,DAYLIGHT,PEDALCYCLIST,NOT DIVIDED,STRAIGHT AND LEVEL,DRY,NO DEFECTS,,FAILING TO YIELD RIGHT-OF-WAY,UNABLE TO DETERMINE,,NO INDICATION OF INJURY,15,7,41.888079727,-87.6244260468,2025,30,POINT (-87.6244260468 41.888079727),,,,,2025-07-05,False,7,Near North Side
13596,30,STOP SIGN/FLASHER,NO CONTROLS,CLEAR,DUSK,PEDALCYCLIST,FOUR WAY,STRAIGHT AND LEVEL,DRY,NO DEFECTS,Y,DISREGARDING STOP SIGN,FAILING TO YIELD RIGHT-OF-WAY,,NO INDICATION OF INJURY,19,7,41.9612081048,-87.7156502729,2025,30,POINT (-87.7156502729 41.9612081048),,,,,2025-07-05,False,13,Albany Park
13597,30,TRAFFIC SIGNAL,FUNCTIONING PROPERLY,CLEAR,"DARKNESS, LIGHTED ROAD",PEDALCYCLIST,DIVIDED - W/MEDIAN (NOT RAISED),STRAIGHT AND LEVEL,DRY,NO DEFECTS,Y,FAILING TO YIELD RIGHT-OF-WAY,FAILING TO REDUCE SPEED TO AVOID CRASH,,"REPORTED, NOT EVIDENT",20,7,41.9389779582,-87.7439264445,2025,30,POINT (-87.7439264445 41.9389779582),,,,,2025-07-05,False,14,Portage Park
13598,30,TRAFFIC SIGNAL,FUNCTIONING PROPERLY,CLEAR,"DARKNESS, LIGHTED ROAD",PEDALCYCLIST,FOUR WAY,STRAIGHT AND LEVEL,DRY,NO DEFECTS,,DISREGARDING TRAFFIC SIGNALS,NOT APPLICABLE,,NONINCAPACITATING INJURY,0,7,41.8591619845,-87.7079559694,2025,30,POINT (-87.7079559694 41.8591619845),,,,,2025-07-06,False,28,North Lawndale
13599,30,NO CONTROLS,NO CONTROLS,CLOUDY/OVERCAST,DAYLIGHT,PEDALCYCLIST,NOT DIVIDED,STRAIGHT AND LEVEL,DRY,NO DEFECTS,,UNABLE TO DETERMINE,UNABLE TO DETERMINE,Y,NONINCAPACITATING INJURY,10,7,41.9208294114,-87.6775853272,2025,30,POINT (-87.6775853272 41.9208294114),,,,,2025-07-06,False,6,Lincoln Park
13600,30,NO CONTROLS,NO CONTROLS,CLEAR,DAYLIGHT,PEDALCYCLIST,NOT DIVIDED,STRAIGHT AND LEVEL,DRY,NO DEFECTS,,NOT APPLICABLE,NOT APPLICABLE,Y,NONINCAPACITATING INJURY,15,7,41.9173285093,-87.6486198359,2025,30,POINT (-87.6486198359 41.9173285093),,,,,2025-07-06,False,6,Lincoln Park
13601,30,NO CONTROLS,NO CONTROLS,CLEAR,"DARKNESS, LIGHTED ROAD",PEDALCYCLIST,ONE-WAY,STRAIGHT AND LEVEL,DRY,NO DEFECTS,,UNABLE TO DETERMINE,UNABLE TO DETERMINE,,NONINCAPACITATING INJURY,1,7,41.8968583207,-87.6258292015,2025,30,POINT (-87.6258292015 41.8968583207),,,,,2025-07-07,False,7,Near North Side
13602,30,NO CONTROLS,NO CONTROLS,CLEAR,DAYLIGHT,PEDALCYCLIST,T-INTERSECTION,STRAIGHT AND LEVEL,DRY,NO DEFECTS,Y,UNABLE TO DETERMINE,UNABLE TO DETERMINE,,NONINCAPACITATING INJURY,7,7,41.8082133495,-87.7053260933,2025,30,POINT (-87.7053260933 41.8082133495),,,,,2025-07-07,False,57,Brighton Park
13603,35,NO CONTROLS,NO CONTROLS,CLEAR,DAYLIGHT,PEDALCYCLIST,PARKING LOT,STRAIGHT ON GRADE,DRY,NO DEFECTS,,"VISION OBSCURED (SIGNS, TREE LIMBS, BUILDINGS, ETC.)",DRIVING SKILLS/KNOWLEDGE/EXPERIENCE,,INCAPACITATING INJURY,10,7,42.0118770441,-87.7034395968,2025,35,POINT (-87.7034395968 42.0118770441),,,,,2025-07-07,True,1,West Ridge
13604,30,NO CONTROLS,NO CONTROLS,UNKNOWN,DAYLIGHT,PEDALCYCLIST,DIVIDED - W/MEDIAN (NOT RAISED),STRAIGHT AND LEVEL,UNKNOWN,UNKNOWN,,IMPROPER LANE USAGE,FAILING TO REDUCE SPEED TO AVOID CRASH,,NO INDICATION OF INJURY,13,7,41.8900907823,-87.6385755952,2025,30,POINT (-87.6385755952 41.8900907823),,,,,2025-07-07,False,7,Near North Side
13605,30,NO CONTROLS,NO CONTROLS,CLEAR,DAYLIGHT,PEDALCYCLIST,ALLEY,STRAIGHT AND LEVEL,DRY,NO DEFECTS,,NOT APPLICABLE,NOT APPLICABLE,,NO INDICATION OF INJURY,18,7,41.8575053111,-87.6422729196,2025,30,POINT (-87.6422729196 41.8575053111),,,,,2025-07-07,False,30,Lower West Side
13606,30,UNKNOWN,UNKNOWN,UNKNOWN,UNKNOWN,PEDALCYCLIST,NOT REPORTED,STRAIGHT AND LEVEL,UNKNOWN,UNKNOWN,Y,NOT APPLICABLE,NOT APPLICABLE,,NO INDICATION OF INJURY,20,7,41.8857746413,-87.6280874811,2025,30,POINT (-87.6280874811 41.8857746413),,,,,2025-07-07,False,31,Loop
13607,30,NO CONTROLS,NO CONTROLS,CLEAR,DAWN,PEDALCYCLIST,DIVIDED - W/MEDIAN (NOT RAISED),STRAIGHT AND LEVEL,DRY,NO DEFECTS,,UNABLE TO DETERMINE,UNABLE TO DETERMINE,,NONINCAPACITATING INJURY,5,7,41.9014985429,-87.7149919977,2025,30,POINT (-87.7149919977 41.9014985429),,,,,2025-07-08,False,22,Humboldt Park
13608,30,TRAFFIC SIGNAL,FUNCTIONING PROPERLY,CLEAR,DAYLIGHT,PEDALCYCLIST,DIVIDED - W/MEDIAN (NOT RAISED),STRAIGHT AND LEVEL,DRY,NO DEFECTS,Y,FAILING TO REDUCE SPEED TO AVOID CRASH,UNABLE TO DETERMINE,,"REPORTED, NOT EVIDENT",7,7,41.9205680891,-87.7559832976,2025,30,POINT (-87.7559832976 41.9205680891),,,,,2025-07-08,False,18,Belmont Cragin
13609,30,NO CONTROLS,NO CONTROLS,CLEAR,DAYLIGHT,PEDALCYCLIST,NOT DIVIDED,STRAIGHT AND LEVEL,DRY,NO DEFECTS,,FAILING TO YIELD RIGHT-OF-WAY,FOLLOWING TOO CLOSELY,,NO INDICATION OF INJURY,8,7,41.9613905076,-87.693629923,2025,30,POINT (-87.693629923 41.9613905076),,,,,2025-07-08,False,3,Lincoln Square
13610,30,NO CONTROLS,NO CONTROLS,CLEAR,DAYLIGHT,PEDALCYCLIST,NOT DIVIDED,STRAIGHT AND LEVEL,DRY,NO DEFECTS,,"VISION OBSCURED (SIGNS, TREE LIMBS, BUILDINGS, ETC.)",NOT APPLICABLE,,NO INDICATION OF INJURY,10,7,41.9680064622,-87.6793118467,2025,30,POINT (-87.6793118467 41.9680064622),,,,,2025-07-08,False,3,Lincoln Square
13611,20,TRAFFIC SIGNAL,FUNCTIONING PROPERLY,CLEAR,DAYLIGHT,PEDALCYCLIST,NOT DIVIDED,STRAIGHT AND LEVEL,DRY,UNKNOWN,,UNABLE TO DETERMINE,NOT APPLICABLE,Y,NONINCAPACITATING INJURY,12,7,41.8950013682,-87.6771711017,2025,20,POINT (-87.6771711017 41.8950013682),,,,,2025-07-08,False,23,West Town
13612,35,OTHER,FUNCTIONING PROPERLY,CLEAR,DAYLIGHT,PEDALCYCLIST,DIVIDED - W/MEDIAN BARRIER,STRAIGHT AND LEVEL,DRY,NO DEFECTS,,FAILING TO YIELD RIGHT-OF-WAY,UNABLE TO DETERMINE,,"REPORTED, NOT EVIDENT",13,7,41.8893542519,-87.6241024562,2025,35,POINT (-87.6241024562 41.8893542519),,,,,2025-07-08,False,7,Near North Side