Unnamed: 0,POSTED_SPEED_LIMIT,TRAFFIC_CONTROL_DEVICE,DEVICE_CONDITION,WEATHER_CONDITION,LIGHTING_CONDITION,FIRST_CRASH_TYPE,TRAFFICWAY_TYPE,ALIGNMENT,ROADWAY_SURFACE_COND,ROAD_DEFECT,INTERSECTION_RELATED_I,PRIM_CONTRIBUTORY_CAUSE,SEC_CONTRIBUTORY_CAUSE,DOORING_I,MOST_SEVERE_INJURY,CRASH_HOUR,CRASH_MONTH,LATITUDE,LONGITUDE,CRASH_YEAR,SPEED_LIMIT,geometry,DISPLAYROU,the_geom,DIST,LANE_TYPE,CRASH_DATE,is_severe,index_right,CArea
13613,30,NO CONTROLS,UNKNOWN,UNKNOWN,UNKNOWN,PEDALCYCLIST,NOT DIVIDED,STRAIGHT AND LEVEL,UNKNOWN,UNKNOWN,,IMPROPER TURNING/NO SIGNAL,IMPROPER OVERTAKING/PASSING,,"REPORTED, NOT EVIDENT",14,7,41.966988776,-87.658325149,2025,30,POINT (-87.658325149 41.966988776),,,,,2025-07-08,False,2,Uptown
13614,30,TRAFFIC SIGNAL,FUNCTIONING PROPERLY,CLEAR,DAYLIGHT,PEDALCYCLIST,DIVIDED - W/MEDIAN (NOT RAISED),STRAIGHT AND LEVEL,DRY,NO DEFECTS,Y,FAILING TO REDUCE SPEED TO AVOID CRASH,FAILING TO YIELD RIGHT-OF-WAY,,NONINCAPACITATING INJURY,15,7,41.9288768898,-87.683230136,2025,30,POINT (-87.683230136 41.9288768898),,,,,2025-07-08,False,21,Logan Square
13615,30,NO CONTROLS,NO CONTROLS,CLEAR,DAYLIGHT,PEDALCYCLIST,NOT DIVIDED,STRAIGHT AND LEVEL,DRY,NO DEFECTS,,FOLLOWING TOO CLOSELY,NOT APPLICABLE,,NONINCAPACITATING INJURY,15,7,41.7910229199,-87.6160333245,2025,30,POINT (-87.6160333245 41.7910229199),,,,,2025-07-08,False,39,Washington Park
13616,30,STOP SIGN/FLASHER,UNKNOWN,UNKNOWN,DAYLIGHT,PEDALCYCLIST,FOUR WAY,STRAIGHT AND LEVEL,UNKNOWN,UNKNOWN,Y,UNABLE TO DETERMINE,NOT APPLICABLE,,NONINCAPACITATING INJURY,15,7,41.9391952294,-87.7101093078,2025,30,POINT (-87.7101093078 41.9391952294),,,,,2025-07-08,False,15,Irving Park
13617,10,NO CONTROLS,NO CONTROLS,CLEAR,UNKNOWN,PEDALCYCLIST,T-INTERSECTION,STRAIGHT AND LEVEL,DRY,UNKNOWN,Y,UNABLE TO DETERMINE,UNABLE TO DETERMINE,,NO INDICATION OF INJURY,20,7,41.9169095033,-87.6774494267,2025,10,POINT (-87.6774494267 41.9169095033),,,,,2025-07-08,False,6,Lincoln Park
13618,30,NO CONTROLS,NO CONTROLS,RAIN,DUSK,PEDALCYCLIST,NOT DIVIDED,STRAIGHT AND LEVEL,WET,NO DEFECTS,,IMPROPER TURNING/NO SIGNAL,UNABLE TO DETERMINE,,NONINCAPACITATING INJURY,20,7,41.7363296119,-87.6923448241,2025,30,POINT (-87.6923448241 41.7363296119),,,,,2025-07-08,False,69,Ashburn
13619,25,STOP SIGN/FLASHER,FUNCTIONING PROPERLY,RAIN,"DARKNESS, LIGHTED ROAD",PEDALCYCLIST,FOUR WAY,STRAIGHT AND LEVEL,WET,UNKNOWN,,FAILING TO YIELD RIGHT-OF-WAY,NOT APPLICABLE,,NO INDICATION OF INJURY,20,7,41.8270571803,-87.6410778298,2025,25,POINT (-87.6410778298 41.8270571803),,,,,2025-07-08,False,33,Armour Square
13620,20,NO CONTROLS,NO CONTROLS,CLEAR,DAYLIGHT,PEDALCYCLIST,ALLEY,STRAIGHT AND LEVEL,DRY,NO DEFECTS,,UNABLE TO DETERMINE,FAILING TO YIELD RIGHT-OF-WAY,,NONINCAPACITATING INJURY,6,7,41.9317104855,-87.7587278655,2025,20,POINT (-87.7587278655 41.9317104855),,,,,2025-07-09,False,18,Belmont Cragin
13621,15,STOP SIGN/FLASHER,NO CONTROLS,CLEAR,DAYLIGHT,PEDALCYCLIST,ALLEY,STRAIGHT AND LEVEL,DRY,NO DEFECTS,,UNABLE TO DETERMINE,NOT APPLICABLE,,NO INDICATION OF INJURY,8,7,41.9678314563,-87.7290914721,2025,15,POINT (-87.7290914721 41.9678314563),,,,,2025-07-09,False,13,Albany Park
13622,30,NO CONTROLS,NO CONTROLS,CLEAR,DAYLIGHT,PEDALCYCLIST,DIVIDED - W/MEDIAN (NOT RAISED),STRAIGHT AND LEVEL,DRY,NO DEFECTS,,FAILING TO REDUCE SPEED TO AVOID CRASH,"VISION OBSCURED (SIGNS, TREE LIMBS, BUILDINGS, ETC.)",,NONINCAPACITATING INJURY,13,7,41.9048451668,-87.7265166605,2025,30,POINT (-87.7265166605 41.9048451668),,,,,2025-07-09,False,22,Humboldt Park
13623,30,NO CONTROLS,NO CONTROLS,CLEAR,DAYLIGHT,PEDALCYCLIST,DIVIDED - W/MEDIAN (NOT RAISED),STRAIGHT AND LEVEL,DRY,NO DEFECTS,,UNABLE TO DETERMINE,UNABLE TO DETERMINE,Y,NONINCAPACITATING INJURY,15,7,41.9312159653,-87.7624190847,2025,30,POINT (-87.7624190847 41.9312159653),,,,,2025-07-09,False,18,Belmont Cragin
13624,30,NO CONTROLS,NO CONTROLS,CLEAR,DAYLIGHT,PEDALCYCLIST,NOT DIVIDED,STRAIGHT AND LEVEL,DRY,NO DEFECTS,,NOT APPLICABLE,NOT APPLICABLE,,NO INDICATION OF INJURY,15,7,41.9466568559,-87.6858895062,2025,30,POINT (-87.6858895062 41.9466568559),,,,,2025-07-09,False,4,North Center
13625,30,NO CONTROLS,NO CONTROLS,CLEAR,DAYLIGHT,PEDALCYCLIST,NOT DIVIDED,STRAIGHT AND LEVEL,DRY,NO DEFECTS,,FAILING TO YIELD RIGHT-OF-WAY,UNABLE TO DETERMINE,,"REPORTED, NOT EVIDENT",16,7,41.9311665019,-87.7663037491,2025,30,POINT (-87.7663037491 41.9311665019),,,,,2025-07-09,False,18,Belmont Cragin
13626,25,NO CONTROLS,NO CONTROLS,CLEAR,DAYLIGHT,PEDALCYCLIST,NOT DIVIDED,STRAIGHT AND LEVEL,DRY,NO DEFECTS,,"VISION OBSCURED (SIGNS, TREE LIMBS, BUILDINGS, ETC.)",NOT APPLICABLE,N,"REPORTED, NOT EVIDENT",17,7,41.9049982782,-87.6625149061,2025,25,POINT (-87.6625149061 41.9049982782),,,,,2025-07-09,False,23,West Town
13627,30,NO CONTROLS,NO CONTROLS,CLEAR,DAYLIGHT,PEDALCYCLIST,NOT DIVIDED,STRAIGHT AND LEVEL,DRY,NO DEFECTS,,IMPROPER OVERTAKING/PASSING,FAILING TO YIELD RIGHT-OF-WAY,Y,NONINCAPACITATING INJURY,17,7,41.9104628307,-87.6345418583,2025,30,POINT (-87.6345418583 41.9104628307),,,,,2025-07-09,False,7,Near North Side
13628,30,NO CONTROLS,NO CONTROLS,CLEAR,DAYLIGHT,PEDALCYCLIST,DIVIDED - W/MEDIAN (NOT RAISED),STRAIGHT AND LEVEL,DRY,NO DEFECTS,,FAILING TO YIELD RIGHT-OF-WAY,FAILING TO YIELD RIGHT-OF-WAY,,NO INDICATION OF INJURY,19,7,41.9397813941,-87.655379725,2025,30,POINT (-87.655379725 41.9397813941),,,,,2025-07-09,False,5,Lake View
13629,30,NO CONTROLS,NO CONTROLS,CLEAR,DAYLIGHT,PEDALCYCLIST,NOT DIVIDED,STRAIGHT AND LEVEL,DRY,UNKNOWN,,FAILING TO YIELD RIGHT-OF-WAY,NOT APPLICABLE,,"REPORTED, NOT EVIDENT",7,7,41.9111394622,-87.6272461793,2025,30,POINT (-87.6272461793 41.9111394622),,,,,2025-07-10,False,6,Lincoln Park
13630,30,NO CONTROLS,NO CONTROLS,CLEAR,"DARKNESS, LIGHTED ROAD",PEDALCYCLIST,NOT DIVIDED,STRAIGHT AND LEVEL,DRY,NO DEFECTS,,DRIVING SKILLS/KNOWLEDGE/EXPERIENCE,NOT APPLICABLE,Y,NONINCAPACITATING INJURY,11,7,41.9319974085,-87.6955459535,2025,30,POINT (-87.6955459535 41.9319974085),,,,,2025-07-10,False,20,Avondale
13631,30,TRAFFIC SIGNAL,FUNCTIONING PROPERLY,CLEAR,DAYLIGHT,PEDALCYCLIST,FOUR WAY,STRAIGHT AND LEVEL,DRY,NO DEFECTS,Y,FAILING TO YIELD RIGHT-OF-WAY,FAILING TO YIELD RIGHT-OF-WAY,,INCAPACITATING INJURY,14,7,41.7925187764,-87.5840328632,2025,30,POINT (-87.5840328632 41.7925187764),,,,,2025-07-10,True,40,Hyde Park
13632,30,NO CONTROLS,NO CONTROLS,CLEAR,DAYLIGHT,PEDALCYCLIST,NOT DIVIDED,STRAIGHT AND LEVEL,DRY,NO DEFECTS,,UNABLE TO DETERMINE,UNABLE TO DETERMINE,,NO INDICATION OF INJURY,16,7,41.9682824474,-87.6675241032,2025,30,POINT (-87.6675241032 41.9682824474),,,,,2025-07-10,False,2,Uptown
13633,35,NO CONTROLS,NO CONTROLS,CLEAR,DAYLIGHT,PEDALCYCLIST,DIVIDED - W/MEDIAN BARRIER,STRAIGHT AND LEVEL,DRY,NO DEFECTS,,FAILING TO REDUCE SPEED TO AVOID CRASH,FAILING TO YIELD RIGHT-OF-WAY,,"REPORTED, NOT EVIDENT",18,7,41.8892840135,-87.6265485479,2025,35,POINT (-87.6265485479 41.8892840135),,,,,2025-07-10,False,7,Near North Side
13634,30,TRAFFIC SIGNAL,FUNCTIONING PROPERLY,RAIN,"DARKNESS, LIGHTED ROAD",PEDALCYCLIST,NOT DIVIDED,STRAIGHT AND LEVEL,WET,NO DEFECTS,N,UNABLE TO DETERMINE,UNABLE TO DETERMINE,,NO INDICATION OF INJURY,19,7,41.9054973981,-87.6695954567,2025,30,POINT (-87.6695954567 41.9054973981),,,,,2025-07-10,False,23,West Town
13635,30,NO CONTROLS,NO CONTROLS,CLEAR,DAYLIGHT,PEDALCYCLIST,DIVIDED - W/MEDIAN (NOT RAISED),STRAIGHT AND LEVEL,DRY,UNKNOWN,,UNABLE TO DETERMINE,UNABLE TO DETERMINE,,NONINCAPACITATING INJURY,9,7,41.907466285,-87.6731386858,2025,30,POINT (-87.6731386858 41.907466285),,,,,2025-07-11,False,23,West Town
13636,30,NO CONTROLS,NO CONTROLS,CLEAR,DAYLIGHT,PEDALCYCLIST,NOT DIVIDED,STRAIGHT AND LEVEL,DRY,NO DEFECTS,,UNABLE TO DETERMINE,NOT APPLICABLE,Y,NONINCAPACITATING INJURY,10,7,41.9399854068,-87.6563946938,2025,30,POINT (-87.6563946938 41.9399854068),,,,,2025-07-11,False,5,Lake View
13637,30,NO CONTROLS,NO CONTROLS,CLEAR,DAYLIGHT,PEDALCYCLIST,ALLEY,STRAIGHT AND LEVEL,DRY,NO DEFECTS,,FAILING TO YIELD RIGHT-OF-WAY,FAILING TO YIELD RIGHT-OF-WAY,,NO INDICATION OF INJURY,10,7,41.9958896005,-87.6602980789,2025,30,POINT (-87.6602980789 41.9958896005),,,,,2025-07-11,False,76,Edgewater
13638,30,UNKNOWN,UNKNOWN,UNKNOWN,UNKNOWN,PEDALCYCLIST,NOT DIVIDED,STRAIGHT AND LEVEL,UNKNOWN,UNKNOWN,,UNABLE TO DETERMINE,UNABLE TO DETERMINE,,NONINCAPACITATING INJURY,10,7,41.9399707724,-87.6574416091,2025,30,POINT (-87.6574416091 41.9399707724),,,,,2025-07-11,False,5,Lake View
13639,30,TRAFFIC SIGNAL,FUNCTIONING PROPERLY,CLEAR,DAYLIGHT,PEDALCYCLIST,T-INTERSECTION,STRAIGHT AND LEVEL,DRY,NO DEFECTS,Y,FAILING TO YIELD RIGHT-OF-WAY,FAILING TO REDUCE SPEED TO AVOID CRASH,,NONINCAPACITATING INJURY,11,7,41.8452853968,-87.6465950786,2025,30,POINT (-87.6465950786 41.8452853968),,,,,2025-07-11,False,30,Lower West Side
13640,20,NO CONTROLS,NO CONTROLS,CLEAR,DAYLIGHT,PEDALCYCLIST,ONE-WAY,STRAIGHT AND LEVEL,DRY,NO DEFECTS,,UNABLE TO DETERMINE,NOT APPLICABLE,,NO INDICATION OF INJURY,13,7,41.8844481206,-87.6514380986,2025,20,POINT (-87.6514380986 41.8844481206),,,,,2025-07-11,False,27,Near West Side
13641,30,TRAFFIC SIGNAL,FUNCTIONING PROPERLY,CLEAR,DAYLIGHT,PEDALCYCLIST,NOT DIVIDED,STRAIGHT AND LEVEL,DRY,NO DEFECTS,Y,DISREGARDING TRAFFIC SIGNALS,UNABLE TO DETERMINE,,NO INDICATION OF INJURY,14,7,41.9312914658,-87.7562944977,2025,30,POINT (-87.7562944977 41.9312914658),,,,,2025-07-11,False,18,Belmont Cragin
13642,30,STOP SIGN/FLASHER,FUNCTIONING PROPERLY,CLEAR,DAYLIGHT,PEDALCYCLIST,NOT DIVIDED,STRAIGHT AND LEVEL,DRY,NO DEFECTS,Y,DISREGARDING STOP SIGN,DISREGARDING TRAFFIC SIGNALS,,NO INDICATION OF INJURY,14,7,41.8463746845,-87.6927175915,2025,30,POINT (-87.6927175915 41.8463746845),,,,,2025-07-11,False,28,North Lawndale
13643,30,TRAFFIC SIGNAL,UNKNOWN,CLEAR,DAYLIGHT,PEDALCYCLIST,FOUR WAY,STRAIGHT AND LEVEL,DRY,UNKNOWN,,UNABLE TO DETERMINE,NOT APPLICABLE,,NO INDICATION OF INJURY,16,7,41.8343236181,-87.6451218429,2025,30,POINT (-87.6451218429 41.8343236181),,,,,2025-07-11,False,59,Bridgeport
13644,30,TRAFFIC SIGNAL,FUNCTIONING PROPERLY,CLEAR,DAYLIGHT,PEDALCYCLIST,FOUR WAY,STRAIGHT AND LEVEL,DRY,NO DEFECTS,Y,UNABLE TO DETERMINE,UNABLE TO DETERMINE,,NONINCAPACITATING INJURY,16,7,41.9028283108,-87.6654268147,2025,30,POINT (-87.6654268147 41.9028283108),,,,,2025-07-11,False,23,West Town
13645,30,YIELD,FUNCTIONING PROPERLY,CLEAR,DAYLIGHT,PEDALCYCLIST,Y-INTERSECTION,STRAIGHT AND LEVEL,DRY,NO DEFECTS,Y,DISREGARDING ROAD MARKINGS,FAILING TO YIELD RIGHT-OF-WAY,,NONINCAPACITATING INJURY,17,7,41.9531720543,-87.6495216441,2025,30,POINT (-87.6495216441 41.9531720543),,,,,2025-07-11,False,5,Lake View
13646,30,NO CONTROLS,NO CONTROLS,CLEAR,DAYLIGHT,PEDALCYCLIST,NOT DIVIDED,STRAIGHT AND LEVEL,DRY,NO DEFECTS,,DRIVING ON WRONG SIDE/WRONG WAY,NOT APPLICABLE,,NO INDICATION OF INJURY,17,7,41.9107619487,-87.6661209959,2025,30,POINT (-87.6661209959 41.9107619487),,,,,2025-07-11,False,23,West Town
13647,30,NO CONTROLS,NO CONTROLS,CLEAR,DUSK,PEDALCYCLIST,DIVIDED - W/MEDIAN (NOT RAISED),STRAIGHT ON GRADE,DRY,NO DEFECTS,Y,FAILING TO REDUCE SPEED TO AVOID CRASH,FAILING TO YIELD RIGHT-OF-WAY,,NONINCAPACITATING INJURY,18,7,41.9131393668,-87.6819574418,2025,30,POINT (-87.6819574418 41.9131393668),,,,,2025-07-11,False,6,Lincoln Park
13648,30,NO CONTROLS,NO CONTROLS,CLEAR,DAYLIGHT,PEDALCYCLIST,NOT DIVIDED,STRAIGHT AND LEVEL,UNKNOWN,UNKNOWN,,NOT APPLICABLE,NOT APPLICABLE,Y,NONINCAPACITATING INJURY,19,7,41.8620243948,-87.6389304138,2025,30,POINT (-87.6389304138 41.8620243948),,,,,2025-07-11,False,27,Near West Side
13649,30,NO CONTROLS,NO CONTROLS,CLEAR,DUSK,PEDALCYCLIST,ONE-WAY,STRAIGHT AND LEVEL,DRY,NO DEFECTS,,FAILING TO YIELD RIGHT-OF-WAY,FAILING TO YIELD RIGHT-OF-WAY,,NONINCAPACITATING INJURY,20,7,41.9271217679,-87.75857075,2025,30,POINT (-87.75857075 41.9271217679),,,,,2025-07-11,False,18,Belmont Cragin
13650,30,NO CONTROLS,NO CONTROLS,CLEAR,DUSK,PEDALCYCLIST,DIVIDED - W/MEDIAN (NOT RAISED),STRAIGHT AND LEVEL,DRY,UNKNOWN,Y,FAILING TO YIELD RIGHT-OF-WAY,NOT APPLICABLE,,NONINCAPACITATING INJURY,20,7,41.7786949862,-87.7288053715,2025,30,POINT (-87.7288053715 41.7786949862),,,,,2025-07-11,False,64,West Lawn
13651,30,NO CONTROLS,NO CONTROLS,RAIN,"DARKNESS, LIGHTED ROAD",PEDALCYCLIST,NOT DIVIDED,STRAIGHT AND LEVEL,WET,NO DEFECTS,,UNABLE TO DETERMINE,NOT APPLICABLE,,NONINCAPACITATING INJURY,22,7,41.8955758706,-87.7750112266,2025,30,POINT (-87.7750112266 41.8955758706),,,,,2025-07-11,False,24,Austin
13652,30,NO CONTROLS,NO CONTROLS,CLEAR,DAWN,PEDALCYCLIST,NOT DIVIDED,STRAIGHT AND LEVEL,DRY,NO DEFECTS,,IMPROPER OVERTAKING/PASSING,IMPROPER LANE USAGE,,NONINCAPACITATING INJURY,4,7,41.8774303726,-87.6872419235,2025,30,POINT (-87.6872419235 41.8774303726),,,,,2025-07-12,False,27,Near West Side
13653,30,NO CONTROLS,NO CONTROLS,CLEAR,DAYLIGHT,PEDALCYCLIST,NOT DIVIDED,STRAIGHT AND LEVEL,DRY,NO DEFECTS,Y,IMPROPER LANE USAGE,NOT APPLICABLE,,NO INDICATION OF INJURY,10,7,41.9399114345,-87.6608327039,2025,30,POINT (-87.6608327039 41.9399114345),,,,,2025-07-12,False,5,Lake View
13654,30,NO CONTROLS,NO CONTROLS,CLEAR,DAYLIGHT,PEDALCYCLIST,NOT DIVIDED,STRAIGHT AND LEVEL,DRY,NO DEFECTS,,UNABLE TO DETERMINE,UNABLE TO DETERMINE,,NONINCAPACITATING INJURY,11,7,41.9169666346,-87.6483064098,2025,30,POINT (-87.6483064098 41.9169666346),,,,,2025-07-12,False,6,Lincoln Park
13655,30,STOP SIGN/FLASHER,FUNCTIONING PROPERLY,CLEAR,DAYLIGHT,PEDALCYCLIST,NOT DIVIDED,STRAIGHT AND LEVEL,DRY,NO DEFECTS,Y,UNABLE TO DETERMINE,NOT APPLICABLE,,NONINCAPACITATING INJURY,13,7,41.9294946588,-87.79527684,2025,30,POINT (-87.79527684 41.9294946588),,,,,2025-07-12,False,17,Montclare
13656,30,TRAFFIC SIGNAL,UNKNOWN,UNKNOWN,UNKNOWN,PEDALCYCLIST,FOUR WAY,STRAIGHT AND LEVEL,UNKNOWN,UNKNOWN,Y,IMPROPER LANE USAGE,NOT APPLICABLE,,NONINCAPACITATING INJURY,15,7,41.9406874587,-87.6380921286,2025,30,POINT (-87.6380921286 41.9406874587),,,,,2025-07-12,False,5,Lake View
13657,30,NO CONTROLS,NO CONTROLS,CLEAR,DAYLIGHT,PEDALCYCLIST,NOT DIVIDED,STRAIGHT AND LEVEL,DRY,NO DEFECTS,,DISREGARDING ROAD MARKINGS,NOT APPLICABLE,Y,NONINCAPACITATING INJURY,15,7,41.8917914631,-87.6276577412,2025,30,POINT (-87.6276577412 41.8917914631),,,,,2025-07-12,False,7,Near North Side
13658,30,TRAFFIC SIGNAL,FUNCTIONING PROPERLY,CLEAR,DUSK,PEDALCYCLIST,FOUR WAY,STRAIGHT AND LEVEL,DRY,NO DEFECTS,Y,DISREGARDING TRAFFIC SIGNALS,NOT APPLICABLE,Y,NONINCAPACITATING INJURY,19,7,41.8094247291,-87.6064525731,2025,30,POINT (-87.6064525731 41.8094247291),,,,,2025-07-12,False,37,Grand Boulevard
13659,30,NO CONTROLS,NO CONTROLS,CLEAR,"DARKNESS, LIGHTED ROAD",PEDALCYCLIST,NOT DIVIDED,STRAIGHT AND LEVEL,DRY,NO DEFECTS,,UNABLE TO DETERMINE,NOT APPLICABLE,,NONINCAPACITATING INJURY,1,7,41.9116189985,-87.6345779564,2025,30,POINT (-87.6345779564 41.9116189985),,,,,2025-07-13,False,6,Lincoln Park
13660,30,NO CONTROLS,NO CONTROLS,CLEAR,DAYLIGHT,PEDALCYCLIST,NOT DIVIDED,STRAIGHT AND LEVEL,DRY,NO DEFECTS,,"OPERATING VEHICLE IN ERRATIC, RECKLESS, CARELESS, NEGLIGENT OR AGGRESSIVE MANNER",NOT APPLICABLE,,NONINCAPACITATING INJURY,9,7,41.9434585839,-87.7040175353,2025,30,POINT (-87.7040175353 41.9434585839),,,,,2025-07-13,False,15,Irving Park
13661,30,NO CONTROLS,NO CONTROLS,CLEAR,DAYLIGHT,PEDALCYCLIST,NOT DIVIDED,STRAIGHT AND LEVEL,DRY,NO DEFECTS,,IMPROPER TURNING/NO SIGNAL,FAILING TO YIELD RIGHT-OF-WAY,,INCAPACITATING INJURY,9,7,41.9099541919,-87.710904879,2025,30,POINT (-87.710904879 41.9099541919),,,,,2025-07-13,True,22,Humboldt Park
13662,25,UNKNOWN,UNKNOWN,CLEAR,DAYLIGHT,PEDALCYCLIST,NOT DIVIDED,STRAIGHT AND LEVEL,DRY,NO DEFECTS,,UNABLE TO DETERMINE,NOT APPLICABLE,,NONINCAPACITATING INJURY,17,7,41.9099328578,-87.7127504911,2025,25,POINT (-87.7127504911 41.9099328578),,,,,2025-07-13,False,22,Humboldt Park
13663,30,NO CONTROLS,NO CONTROLS,CLEAR,DUSK,PEDALCYCLIST,DIVIDED - W/MEDIAN (NOT RAISED),STRAIGHT AND LEVEL,DRY,NO DEFECTS,,UNABLE TO DETERMINE,NOT APPLICABLE,,NO INDICATION OF INJURY,20,7,41.968923564,-87.6748223594,2025,30,POINT (-87.6748223594 41.968923564),,,,,2025-07-13,False,3,Lincoln Square
13664,30,NO CONTROLS,NO CONTROLS,CLEAR,DAYLIGHT,PEDALCYCLIST,NOT DIVIDED,STRAIGHT AND LEVEL,DRY,NO DEFECTS,,IMPROPER BACKING,IMPROPER BACKING,,"REPORTED, NOT EVIDENT",6,7,41.8839821963,-87.7006266039,2025,30,POINT (-87.7006266039 41.8839821963),,,,,2025-07-14,False,26,Garfield Park
13665,20,TRAFFIC SIGNAL,FUNCTIONING PROPERLY,CLEAR,DAYLIGHT,PEDALCYCLIST,FOUR WAY,STRAIGHT AND LEVEL,DRY,NO DEFECTS,Y,FAILING TO YIELD RIGHT-OF-WAY,IMPROPER LANE USAGE,,NONINCAPACITATING INJURY,8,7,41.9472022255,-87.6566877556,2025,20,POINT (-87.6566877556 41.9472022255),,,,,2025-07-14,False,5,Lake View
13666,30,TRAFFIC SIGNAL,FUNCTIONING PROPERLY,CLEAR,DAYLIGHT,PEDALCYCLIST,FOUR WAY,STRAIGHT AND LEVEL,DRY,NO DEFECTS,Y,FAILING TO YIELD RIGHT-OF-WAY,NOT APPLICABLE,,INCAPACITATING INJURY,9,7,41.8669336234,-87.671290974,2025,30,POINT (-87.671290974 41.8669336234),,,,,2025-07-14,True,27,Near West Side
13667,30,NO CONTROLS,NO CONTROLS,CLEAR,DAYLIGHT,PEDALCYCLIST,NOT DIVIDED,STRAIGHT AND LEVEL,DRY,UNKNOWN,,UNABLE TO DETERMINE,UNABLE TO DETERMINE,,NONINCAPACITATING INJURY,9,7,41.8037029087,-87.6244623032,2025,30,POINT (-87.6244623032 41.8037029087),,,,,2025-07-14,False,37,Grand Boulevard
13668,30,NO CONTROLS,NO CONTROLS,CLEAR,DAYLIGHT,PEDALCYCLIST,DIVIDED - W/MEDIAN (NOT RAISED),STRAIGHT AND LEVEL,DRY,NO DEFECTS,,"VISION OBSCURED (SIGNS, TREE LIMBS, BUILDINGS, ETC.)",NOT APPLICABLE,,NONINCAPACITATING INJURY,12,7,41.879060162,-87.6471292014,2025,30,POINT (-87.6471292014 41.879060162),,,,,2025-07-14,False,27,Near West Side
13669,30,NO CONTROLS,NO CONTROLS,CLEAR,DAYLIGHT,PEDALCYCLIST,NOT DIVIDED,STRAIGHT AND LEVEL,DRY,UNKNOWN,,FAILING TO YIELD RIGHT-OF-WAY,NOT APPLICABLE,Y,NONINCAPACITATING INJURY,12,7,41.9612573538,-87.6848947381,2025,30,POINT (-87.6848947381 41.9612573538),,,,,2025-07-14,False,4,North Center
13670,25,STOP SIGN/FLASHER,FUNCTIONING PROPERLY,CLEAR,DAYLIGHT,PEDALCYCLIST,NOT DIVIDED,STRAIGHT AND LEVEL,DRY,NO DEFECTS,Y,NOT APPLICABLE,NOT APPLICABLE,,NONINCAPACITATING INJURY,14,7,42.0041229304,-87.7630401608,2025,25,POINT (-87.7630401608 42.0041229304),,,,,2025-07-14,False,11,Forest Glen
13671,30,TRAFFIC SIGNAL,FUNCTIONING PROPERLY,CLEAR,DAYLIGHT,PEDALCYCLIST,NOT DIVIDED,STRAIGHT AND LEVEL,DRY,NO DEFECTS,Y,FAILING TO YIELD RIGHT-OF-WAY,FAILING TO YIELD RIGHT-OF-WAY,,NONINCAPACITATING INJURY,15,7,41.8810748951,-87.7010629286,2025,30,POINT (-87.7010629286 41.8810748951),,,,,2025-07-14,False,26,Garfield Park
13672,30,NO CONTROLS,NO CONTROLS,CLEAR,DAYLIGHT,PEDALCYCLIST,NOT DIVIDED,STRAIGHT AND LEVEL,DRY,NO DEFECTS,,DRIVING SKILLS/KNOWLEDGE/EXPERIENCE,DRIVING SKILLS/KNOWLEDGE/EXPERIENCE,,"REPORTED, NOT EVIDENT",20,7,41.903259684,-87.6795051309,2025,30,POINT (-87.6795051309 41.903259684),,,,,2025-07-14,False,23,West Town
13673,30,PEDESTRIAN CROSSING SIGN,NO CONTROLS,CLEAR,"DARKNESS, LIGHTED ROAD",PEDALCYCLIST,DIVIDED - W/MEDIAN (NOT RAISED),STRAIGHT AND LEVEL,DRY,NO DEFECTS,,DISTRACTION - FROM OUTSIDE VEHICLE,DRIVING SKILLS/KNOWLEDGE/EXPERIENCE,,NO INDICATION OF INJURY,20,7,41.9756794761,-87.7025330531,2025,30,POINT (-87.7025330531 41.9756794761),,,,,2025-07-14,False,3,Lincoln Square
13674,30,TRAFFIC SIGNAL,FUNCTIONING PROPERLY,CLEAR,DARKNESS,PEDALCYCLIST,FOUR WAY,STRAIGHT AND LEVEL,DRY,NO DEFECTS,N,DISREGARDING TRAFFIC SIGNALS,FAILING TO YIELD RIGHT-OF-WAY,,NONINCAPACITATING INJURY,1,7,41.7783353905,-87.7424364942,2025,30,POINT (-87.7424364942 41.7783353905),,,,,2025-07-15,False,63,Clearing
13675,30,TRAFFIC SIGNAL,FUNCTIONING PROPERLY,CLEAR,DAYLIGHT,PEDALCYCLIST,FOUR WAY,STRAIGHT AND LEVEL,DRY,NO DEFECTS,Y,FAILING TO YIELD RIGHT-OF-WAY,DRIVING SKILLS/KNOWLEDGE/EXPERIENCE,,NONINCAPACITATING INJURY,8,7,41.8303903161,-87.6850999234,2025,30,POINT (-87.6850999234 41.8303903161),,,,,2025-07-15,False,57,Brighton Park
13676,30,NO CONTROLS,NO CONTROLS,CLEAR,DAYLIGHT,PEDALCYCLIST,DIVIDED - W/MEDIAN (NOT RAISED),STRAIGHT AND LEVEL,DRY,OTHER,,ROAD CONSTRUCTION/MAINTENANCE,NOT APPLICABLE,,"REPORTED, NOT EVIDENT",13,7,41.8673626926,-87.6392931946,2025,30,POINT (-87.6392931946 41.8673626926),,,,,2025-07-15,False,27,Near West Side
13677,30,NO CONTROLS,NO CONTROLS,CLEAR,DAYLIGHT,PEDALCYCLIST,NOT DIVIDED,STRAIGHT AND LEVEL,DRY,NO DEFECTS,,UNABLE TO DETERMINE,NOT APPLICABLE,,NONINCAPACITATING INJURY,14,7,41.9237770788,-87.7855930627,2025,30,POINT (-87.7855930627 41.9237770788),,,,,2025-07-15,False,18,Belmont Cragin