Unnamed: 0,POSTED_SPEED_LIMIT,TRAFFIC_CONTROL_DEVICE,DEVICE_CONDITION,WEATHER_CONDITION,LIGHTING_CONDITION,FIRST_CRASH_TYPE,TRAFFICWAY_TYPE,ALIGNMENT,ROADWAY_SURFACE_COND,ROAD_DEFECT,INTERSECTION_RELATED_I,PRIM_CONTRIBUTORY_CAUSE,SEC_CONTRIBUTORY_CAUSE,DOORING_I,MOST_SEVERE_INJURY,CRASH_HOUR,CRASH_MONTH,LATITUDE,LONGITUDE,CRASH_YEAR,SPEED_LIMIT,geometry,DISPLAYROU,the_geom,DIST,LANE_TYPE,CRASH_DATE,is_severe,index_right,CArea
13678,15,NO CONTROLS,NO CONTROLS,CLEAR,DAYLIGHT,PEDALCYCLIST,ALLEY,STRAIGHT AND LEVEL,DRY,UNKNOWN,,UNABLE TO DETERMINE,NOT APPLICABLE,,NONINCAPACITATING INJURY,15,7,41.8462801898,-87.7007124844,2025,15,POINT (-87.7007124844 41.8462801898),,,,,2025-07-15,False,28,North Lawndale
13679,30,UNKNOWN,UNKNOWN,CLEAR,DAYLIGHT,PEDALCYCLIST,UNKNOWN,STRAIGHT AND LEVEL,DRY,UNKNOWN,,UNABLE TO DETERMINE,UNABLE TO DETERMINE,,NO INDICATION OF INJURY,16,7,41.8671220173,-87.6414076004,2025,30,POINT (-87.6414076004 41.8671220173),,,,,2025-07-15,False,27,Near West Side
13680,30,TRAFFIC SIGNAL,FUNCTIONING PROPERLY,CLEAR,DAYLIGHT,PEDALCYCLIST,DIVIDED - W/MEDIAN (NOT RAISED),STRAIGHT AND LEVEL,DRY,NO DEFECTS,Y,FAILING TO YIELD RIGHT-OF-WAY,UNABLE TO DETERMINE,,NONINCAPACITATING INJURY,16,7,41.8922797337,-87.6340120037,2025,30,POINT (-87.6340120037 41.8922797337),,,,,2025-07-15,False,7,Near North Side
13681,30,UNKNOWN,UNKNOWN,CLEAR,DAYLIGHT,PEDALCYCLIST,NOT DIVIDED,STRAIGHT AND LEVEL,DRY,NO DEFECTS,,FOLLOWING TOO CLOSELY,UNABLE TO DETERMINE,,NO INDICATION OF INJURY,17,7,41.7230351237,-87.536792035,2025,30,POINT (-87.536792035 41.7230351237),,,,,2025-07-15,False,45,South Chicago
13682,30,TRAFFIC SIGNAL,FUNCTIONING PROPERLY,CLEAR,DAYLIGHT,PEDALCYCLIST,FOUR WAY,STRAIGHT AND LEVEL,DRY,NO DEFECTS,,FAILING TO REDUCE SPEED TO AVOID CRASH,FAILING TO REDUCE SPEED TO AVOID CRASH,,"REPORTED, NOT EVIDENT",18,7,41.7217992199,-87.614287076,2025,30,POINT (-87.614287076 41.7217992199),,,,,2025-07-15,False,48,Roseland
13683,30,TRAFFIC SIGNAL,FUNCTIONING PROPERLY,CLEAR,DAYLIGHT,PEDALCYCLIST,NOT DIVIDED,STRAIGHT AND LEVEL,DRY,NO DEFECTS,Y,FAILING TO YIELD RIGHT-OF-WAY,TURNING RIGHT ON RED,,NONINCAPACITATING INJURY,7,7,41.8514348832,-87.724876709,2025,30,POINT (-87.724876709 41.8514348832),,,,,2025-07-16,False,28,North Lawndale
13684,35,NO CONTROLS,NO CONTROLS,CLEAR,DAYLIGHT,PEDALCYCLIST,T-INTERSECTION,STRAIGHT AND LEVEL,DRY,NO DEFECTS,Y,UNABLE TO DETERMINE,UNABLE TO DETERMINE,,NO INDICATION OF INJURY,10,7,41.7210134487,-87.6691689008,2025,35,POINT (-87.6691689008 41.7210134487),,,,,2025-07-16,False,71,Beverly
13685,30,STOP SIGN/FLASHER,FUNCTIONING PROPERLY,CLEAR,DAYLIGHT,PEDALCYCLIST,ONE-WAY,STRAIGHT AND LEVEL,DRY,NO DEFECTS,,FAILING TO YIELD RIGHT-OF-WAY,NOT APPLICABLE,,NO INDICATION OF INJURY,12,7,41.9740505318,-87.7720030672,2025,30,POINT (-87.7720030672 41.9740505318),,,,,2025-07-16,False,10,Jefferson Park
13686,30,UNKNOWN,UNKNOWN,CLEAR,DUSK,PEDALCYCLIST,NOT DIVIDED,STRAIGHT AND LEVEL,DRY,NO DEFECTS,,FAILING TO YIELD RIGHT-OF-WAY,DRIVING SKILLS/KNOWLEDGE/EXPERIENCE,,"REPORTED, NOT EVIDENT",14,7,41.9029986307,-87.6820151367,2025,30,POINT (-87.6820151367 41.9029986307),,,,,2025-07-16,False,23,West Town
13687,25,NO CONTROLS,NO CONTROLS,RAIN,DAYLIGHT,PEDALCYCLIST,NOT DIVIDED,STRAIGHT AND LEVEL,WET,UNKNOWN,,DRIVING SKILLS/KNOWLEDGE/EXPERIENCE,PHYSICAL CONDITION OF DRIVER,,INCAPACITATING INJURY,14,7,41.9302954586,-87.6858187416,2025,25,POINT (-87.6858187416 41.9302954586),,,,,2025-07-16,True,21,Logan Square
13688,20,NO CONTROLS,NO CONTROLS,CLEAR,DAYLIGHT,PEDALCYCLIST,NOT DIVIDED,STRAIGHT AND LEVEL,DRY,NO DEFECTS,,FAILING TO YIELD RIGHT-OF-WAY,DISREGARDING TRAFFIC SIGNALS,,NO INDICATION OF INJURY,15,7,41.9092359592,-87.6754555411,2025,20,POINT (-87.6754555411 41.9092359592),,,,,2025-07-16,False,23,West Town
13689,30,TRAFFIC SIGNAL,FUNCTIONING PROPERLY,RAIN,DAYLIGHT,PEDALCYCLIST,FOUR WAY,STRAIGHT AND LEVEL,WET,NO DEFECTS,Y,FAILING TO YIELD RIGHT-OF-WAY,WEATHER,,NONINCAPACITATING INJURY,15,7,41.9653449109,-87.6692738048,2025,30,POINT (-87.6692738048 41.9653449109),,,,,2025-07-16,False,2,Uptown
13690,30,NO CONTROLS,NO CONTROLS,CLEAR,DAYLIGHT,PEDALCYCLIST,NOT DIVIDED,STRAIGHT AND LEVEL,DRY,NO DEFECTS,,IMPROPER OVERTAKING/PASSING,NOT APPLICABLE,,NO INDICATION OF INJURY,16,7,41.8339034582,-87.685047143,2025,30,POINT (-87.685047143 41.8339034582),,,,,2025-07-16,False,57,Brighton Park
13691,25,STOP SIGN/FLASHER,FUNCTIONING PROPERLY,CLEAR,DAYLIGHT,PEDALCYCLIST,NOT DIVIDED,STRAIGHT AND LEVEL,WET,NO DEFECTS,Y,FAILING TO YIELD RIGHT-OF-WAY,NOT APPLICABLE,,NO INDICATION OF INJURY,17,7,41.9263071425,-87.7440883835,2025,25,POINT (-87.7440883835 41.9263071425),,,,,2025-07-16,False,18,Belmont Cragin
13692,30,UNKNOWN,UNKNOWN,CLEAR,DAWN,PEDALCYCLIST,FOUR WAY,STRAIGHT AND LEVEL,DRY,UNKNOWN,,NOT APPLICABLE,NOT APPLICABLE,,INCAPACITATING INJURY,17,7,41.911010881,-87.6329985732,2025,30,POINT (-87.6329985732 41.911010881),,,,,2025-07-16,True,6,Lincoln Park
13693,30,NO CONTROLS,NO CONTROLS,CLOUDY/OVERCAST,DAYLIGHT,PEDALCYCLIST,DIVIDED - W/MEDIAN (NOT RAISED),STRAIGHT AND LEVEL,WET,NO DEFECTS,,"VISION OBSCURED (SIGNS, TREE LIMBS, BUILDINGS, ETC.)","VISION OBSCURED (SIGNS, TREE LIMBS, BUILDINGS, ETC.)",,FATAL,17,7,41.7585822383,-87.6637700082,2025,30,POINT (-87.6637700082 41.7585822383),,,,,2025-07-16,True,66,Englewood
13694,30,STOP SIGN/FLASHER,FUNCTIONING PROPERLY,CLEAR,DAYLIGHT,PEDALCYCLIST,DIVIDED - W/MEDIAN (NOT RAISED),STRAIGHT AND LEVEL,DRY,NO DEFECTS,,FAILING TO YIELD RIGHT-OF-WAY,NOT APPLICABLE,,"REPORTED, NOT EVIDENT",18,7,41.8898339228,-87.6769997238,2025,30,POINT (-87.6769997238 41.8898339228),,,,,2025-07-16,False,23,West Town
13695,30,NO CONTROLS,NO CONTROLS,CLEAR,DAYLIGHT,PEDALCYCLIST,ONE-WAY,STRAIGHT AND LEVEL,DRY,NO DEFECTS,,FOLLOWING TOO CLOSELY,NOT APPLICABLE,,"REPORTED, NOT EVIDENT",7,7,41.8908653375,-87.6309595541,2025,30,POINT (-87.6309595541 41.8908653375),,,,,2025-07-17,False,7,Near North Side
13696,30,TRAFFIC SIGNAL,UNKNOWN,CLEAR,DAYLIGHT,PEDALCYCLIST,FOUR WAY,STRAIGHT AND LEVEL,DRY,UNKNOWN,,IMPROPER TURNING/NO SIGNAL,FAILING TO YIELD RIGHT-OF-WAY,,INCAPACITATING INJURY,8,7,41.8913131489,-87.6480086671,2025,30,POINT (-87.6480086671 41.8913131489),,,,,2025-07-17,True,7,Near North Side
13697,30,NO CONTROLS,NO CONTROLS,CLOUDY/OVERCAST,DAYLIGHT,PEDALCYCLIST,DIVIDED - W/MEDIAN (NOT RAISED),STRAIGHT AND LEVEL,DRY,UNKNOWN,,UNABLE TO DETERMINE,NOT APPLICABLE,,NO INDICATION OF INJURY,13,7,41.9101416307,-87.6532493199,2025,30,POINT (-87.6532493199 41.9101416307),,,,,2025-07-17,False,7,Near North Side
13698,30,NO CONTROLS,NO CONTROLS,RAIN,DAYLIGHT,PEDALCYCLIST,DIVIDED - W/MEDIAN (NOT RAISED),STRAIGHT AND LEVEL,WET,UNKNOWN,,UNABLE TO DETERMINE,NOT APPLICABLE,,"REPORTED, NOT EVIDENT",14,7,41.8655346778,-87.6408133123,2025,30,POINT (-87.6408133123 41.8655346778),,,,,2025-07-17,False,27,Near West Side
13699,30,TRAFFIC SIGNAL,FUNCTIONING PROPERLY,CLOUDY/OVERCAST,DAYLIGHT,PEDALCYCLIST,FOUR WAY,STRAIGHT AND LEVEL,DRY,NO DEFECTS,Y,DISREGARDING TRAFFIC SIGNALS,NOT APPLICABLE,Y,NONINCAPACITATING INJURY,15,7,41.8026184867,-87.585460234,2025,30,POINT (-87.585460234 41.8026184867),,,,,2025-07-17,False,38,Kenwood
13700,30,NO CONTROLS,NO CONTROLS,CLEAR,DAYLIGHT,PEDALCYCLIST,FOUR WAY,STRAIGHT ON GRADE,DRY,NO DEFECTS,,FAILING TO YIELD RIGHT-OF-WAY,UNABLE TO DETERMINE,,INCAPACITATING INJURY,17,7,41.8461556347,-87.6463157054,2025,30,POINT (-87.6463157054 41.8461556347),,,,,2025-07-17,True,30,Lower West Side
13701,30,NO CONTROLS,NO CONTROLS,CLEAR,DAYLIGHT,PEDALCYCLIST,NOT DIVIDED,STRAIGHT AND LEVEL,DRY,UNKNOWN,,UNABLE TO DETERMINE,UNABLE TO DETERMINE,,INCAPACITATING INJURY,18,7,41.7640327385,-87.6940913631,2025,30,POINT (-87.6940913631 41.7640327385),,,,,2025-07-17,True,65,Chicago Lawn
13702,30,NO CONTROLS,NO CONTROLS,CLEAR,"DARKNESS, LIGHTED ROAD",PEDALCYCLIST,ALLEY,STRAIGHT AND LEVEL,DRY,UNKNOWN,Y,UNABLE TO DETERMINE,NOT APPLICABLE,,NONINCAPACITATING INJURY,19,7,41.9379900387,-87.7763482882,2025,30,POINT (-87.7763482882 41.9379900387),,,,,2025-07-17,False,16,Dunning
13703,30,TRAFFIC SIGNAL,FUNCTIONING PROPERLY,CLEAR,DARKNESS,PEDALCYCLIST,NOT DIVIDED,STRAIGHT AND LEVEL,DRY,NO DEFECTS,,FAILING TO REDUCE SPEED TO AVOID CRASH,FAILING TO REDUCE SPEED TO AVOID CRASH,,"REPORTED, NOT EVIDENT",19,7,41.9358443961,-87.6489739914,2025,30,POINT (-87.6489739914 41.9358443961),,,,,2025-07-17,False,5,Lake View
13704,30,TRAFFIC SIGNAL,FUNCTIONING PROPERLY,CLEAR,DUSK,PEDALCYCLIST,FOUR WAY,STRAIGHT AND LEVEL,DRY,NO DEFECTS,Y,FAILING TO REDUCE SPEED TO AVOID CRASH,IMPROPER OVERTAKING/PASSING,,NONINCAPACITATING INJURY,20,7,42.0051151046,-87.6802842662,2025,30,POINT (-87.6802842662 42.0051151046),,,,,2025-07-17,False,0,Rogers Park
13705,30,UNKNOWN,UNKNOWN,CLEAR,"DARKNESS, LIGHTED ROAD",PEDALCYCLIST,ONE-WAY,STRAIGHT AND LEVEL,DRY,UNKNOWN,,UNABLE TO DETERMINE,UNABLE TO DETERMINE,,NO INDICATION OF INJURY,21,7,41.8918642666,-87.6230434937,2025,30,POINT (-87.6230434937 41.8918642666),,,,,2025-07-17,False,7,Near North Side
13706,30,STOP SIGN/FLASHER,FUNCTIONING PROPERLY,CLEAR,DAYLIGHT,PEDALCYCLIST,FOUR WAY,STRAIGHT AND LEVEL,DRY,NO DEFECTS,Y,FAILING TO YIELD RIGHT-OF-WAY,NOT APPLICABLE,,"REPORTED, NOT EVIDENT",7,7,41.8856113636,-87.6569063887,2025,30,POINT (-87.6569063887 41.8856113636),,,,,2025-07-18,False,27,Near West Side
13707,30,TRAFFIC SIGNAL,FUNCTIONING PROPERLY,CLEAR,DAYLIGHT,PEDALCYCLIST,NOT DIVIDED,STRAIGHT AND LEVEL,DRY,NO DEFECTS,,FAILING TO YIELD RIGHT-OF-WAY,UNABLE TO DETERMINE,,NONINCAPACITATING INJURY,9,7,41.9247138751,-87.7169351566,2025,30,POINT (-87.7169351566 41.9247138751),,,,,2025-07-18,False,21,Logan Square
13708,30,NO CONTROLS,NO CONTROLS,CLEAR,DAYLIGHT,PEDALCYCLIST,ONE-WAY,STRAIGHT AND LEVEL,DRY,NO DEFECTS,,FAILING TO YIELD RIGHT-OF-WAY,FAILING TO YIELD RIGHT-OF-WAY,,NONINCAPACITATING INJURY,10,7,41.7662989456,-87.5815264142,2025,30,POINT (-87.5815264142 41.7662989456),,,,,2025-07-18,False,41,Woodlawn
13709,30,NO CONTROLS,NO CONTROLS,CLEAR,DAYLIGHT,PEDALCYCLIST,T-INTERSECTION,STRAIGHT AND LEVEL,DRY,UNKNOWN,N,IMPROPER LANE USAGE,DRIVING SKILLS/KNOWLEDGE/EXPERIENCE,,NONINCAPACITATING INJURY,14,7,41.938140804,-87.7666306897,2025,30,POINT (-87.7666306897 41.938140804),,,,,2025-07-18,False,18,Belmont Cragin
13710,30,NO CONTROLS,NO CONTROLS,CLEAR,DAYLIGHT,PEDALCYCLIST,NOT DIVIDED,STRAIGHT AND LEVEL,DRY,NO DEFECTS,,UNABLE TO DETERMINE,UNABLE TO DETERMINE,,NO INDICATION OF INJURY,15,7,41.9386071889,-87.7554253189,2025,30,POINT (-87.7554253189 41.9386071889),,,,,2025-07-18,False,14,Portage Park
13711,30,NO CONTROLS,NO CONTROLS,CLEAR,DAYLIGHT,PEDALCYCLIST,NOT DIVIDED,STRAIGHT AND LEVEL,DRY,NO DEFECTS,,UNABLE TO DETERMINE,NOT APPLICABLE,,NONINCAPACITATING INJURY,15,7,41.9530757587,-87.7827531078,2025,30,POINT (-87.7827531078 41.9530757587),,,,,2025-07-18,False,14,Portage Park
13712,30,NO CONTROLS,NO CONTROLS,CLEAR,DAYLIGHT,PEDALCYCLIST,NOT DIVIDED,STRAIGHT AND LEVEL,DRY,NO DEFECTS,,"DISTRACTION - OTHER ELECTRONIC DEVICE (NAVIGATION DEVICE, DVD PLAYER, ETC.)",UNABLE TO DETERMINE,,NONINCAPACITATING INJURY,15,7,41.8962926548,-87.6373131671,2025,30,POINT (-87.6373131671 41.8962926548),,,,,2025-07-18,False,7,Near North Side
13713,30,UNKNOWN,UNKNOWN,CLEAR,DAYLIGHT,PEDALCYCLIST,TRAFFIC ROUTE,STRAIGHT AND LEVEL,DRY,UNKNOWN,Y,FAILING TO YIELD RIGHT-OF-WAY,UNABLE TO DETERMINE,,NONINCAPACITATING INJURY,16,7,41.9392210489,-87.7077146023,2025,30,POINT (-87.7077146023 41.9392210489),,,,,2025-07-18,False,15,Irving Park
13714,30,TRAFFIC SIGNAL,FUNCTIONING PROPERLY,UNKNOWN,UNKNOWN,PEDALCYCLIST,T-INTERSECTION,STRAIGHT AND LEVEL,UNKNOWN,NO DEFECTS,Y,DISREGARDING TRAFFIC SIGNALS,NOT APPLICABLE,,NO INDICATION OF INJURY,17,7,41.8959102665,-87.6202192329,2025,30,POINT (-87.6202192329 41.8959102665),,,,,2025-07-18,False,7,Near North Side
13715,30,TRAFFIC SIGNAL,FUNCTIONING PROPERLY,CLEAR,DAYLIGHT,PEDALCYCLIST,NOT DIVIDED,STRAIGHT AND LEVEL,DRY,NO DEFECTS,Y,FAILING TO YIELD RIGHT-OF-WAY,DRIVING SKILLS/KNOWLEDGE/EXPERIENCE,,NO INDICATION OF INJURY,17,7,42.0192762315,-87.6661973884,2025,30,POINT (-87.6661973884 42.0192762315),,,,,2025-07-18,False,0,Rogers Park
13716,30,TRAFFIC SIGNAL,FUNCTIONING PROPERLY,CLEAR,DAYLIGHT,PEDALCYCLIST,DIVIDED - W/MEDIAN (NOT RAISED),STRAIGHT AND LEVEL,DRY,NO DEFECTS,,IMPROPER TURNING/NO SIGNAL,NOT APPLICABLE,,NONINCAPACITATING INJURY,17,7,41.9246468005,-87.7004205955,2025,30,POINT (-87.7004205955 41.9246468005),,,,,2025-07-18,False,21,Logan Square
13717,25,NO CONTROLS,NO CONTROLS,CLEAR,DAYLIGHT,PEDALCYCLIST,NOT DIVIDED,STRAIGHT AND LEVEL,DRY,NO DEFECTS,,FAILING TO YIELD RIGHT-OF-WAY,FAILING TO YIELD RIGHT-OF-WAY,Y,NONINCAPACITATING INJURY,18,7,41.9808780383,-87.6682146053,2025,25,POINT (-87.6682146053 41.9808780383),,,,,2025-07-18,False,76,Edgewater
13718,30,STOP SIGN/FLASHER,FUNCTIONING PROPERLY,CLEAR,"DARKNESS, LIGHTED ROAD",PEDALCYCLIST,FOUR WAY,STRAIGHT AND LEVEL,DRY,UNKNOWN,N,UNDER THE INFLUENCE OF ALCOHOL/DRUGS (USE WHEN ARREST IS EFFECTED),UNDER THE INFLUENCE OF ALCOHOL/DRUGS (USE WHEN ARREST IS EFFECTED),,NO INDICATION OF INJURY,21,7,41.9048990277,-87.6409316945,2025,30,POINT (-87.6409316945 41.9048990277),,,,,2025-07-18,False,7,Near North Side
13719,20,NO CONTROLS,NO CONTROLS,CLEAR,DAYLIGHT,PEDALCYCLIST,NOT DIVIDED,STRAIGHT AND LEVEL,DRY,UNKNOWN,,UNABLE TO DETERMINE,UNABLE TO DETERMINE,,NO INDICATION OF INJURY,11,7,41.9351321308,-87.7293855773,2025,20,POINT (-87.7293855773 41.9351321308),,,,,2025-07-19,False,19,Hermosa
13720,20,TRAFFIC SIGNAL,FUNCTIONING PROPERLY,CLEAR,DAYLIGHT,PEDALCYCLIST,FOUR WAY,STRAIGHT AND LEVEL,DRY,NO DEFECTS,,UNABLE TO DETERMINE,NOT APPLICABLE,,"REPORTED, NOT EVIDENT",11,7,41.7865958434,-87.6887818954,2025,20,POINT (-87.6887818954 41.7865958434),,,,,2025-07-19,False,62,Gage Park
13721,30,NO CONTROLS,NO CONTROLS,RAIN,DAYLIGHT,PEDALCYCLIST,NOT DIVIDED,STRAIGHT AND LEVEL,WET,NO DEFECTS,,NOT APPLICABLE,NOT APPLICABLE,Y,NONINCAPACITATING INJURY,12,7,41.9204784408,-87.6487383996,2025,30,POINT (-87.6487383996 41.9204784408),,,,,2025-07-19,False,6,Lincoln Park
13722,30,NO CONTROLS,NO CONTROLS,CLEAR,DAYLIGHT,PEDALCYCLIST,NOT DIVIDED,STRAIGHT AND LEVEL,WET,NO DEFECTS,,BICYCLE ADVANCING LEGALLY ON RED LIGHT,UNABLE TO DETERMINE,Y,NONINCAPACITATING INJURY,12,7,41.884516857,-87.647390682,2025,30,POINT (-87.647390682 41.884516857),,,,,2025-07-19,False,27,Near West Side
13723,25,STOP SIGN/FLASHER,FUNCTIONING PROPERLY,RAIN,DAYLIGHT,PEDALCYCLIST,FOUR WAY,STRAIGHT AND LEVEL,WET,NO DEFECTS,,UNABLE TO DETERMINE,NOT APPLICABLE,,NONINCAPACITATING INJURY,12,7,41.8842792889,-87.6485417803,2025,25,POINT (-87.6485417803 41.8842792889),,,,,2025-07-19,False,27,Near West Side
13724,30,TRAFFIC SIGNAL,FUNCTIONING PROPERLY,RAIN,DAYLIGHT,PEDALCYCLIST,FOUR WAY,STRAIGHT AND LEVEL,WET,UNKNOWN,Y,IMPROPER TURNING/NO SIGNAL,FAILING TO YIELD RIGHT-OF-WAY,,NONINCAPACITATING INJURY,13,7,41.8919899699,-87.7063017494,2025,30,POINT (-87.7063017494 41.8919899699),,,,,2025-07-19,False,22,Humboldt Park
13725,35,NO CONTROLS,NO CONTROLS,UNKNOWN,DAYLIGHT,PEDALCYCLIST,NOT DIVIDED,STRAIGHT AND LEVEL,UNKNOWN,UNKNOWN,Y,UNABLE TO DETERMINE,UNABLE TO DETERMINE,,NONINCAPACITATING INJURY,15,7,41.8275686093,-87.6180102755,2025,35,POINT (-87.6180102755 41.8275686093),,,,,2025-07-19,False,34,Douglas
13726,30,STOP SIGN/FLASHER,OTHER,CLEAR,DAYLIGHT,PEDALCYCLIST,FOUR WAY,STRAIGHT AND LEVEL,DRY,NO DEFECTS,Y,FAILING TO YIELD RIGHT-OF-WAY,FAILING TO YIELD RIGHT-OF-WAY,,NONINCAPACITATING INJURY,15,7,41.7631357486,-87.6635869462,2025,30,POINT (-87.6635869462 41.7631357486),,,,,2025-07-19,False,66,Englewood
13727,20,STOP SIGN/FLASHER,NO CONTROLS,CLEAR,DAYLIGHT,PEDALCYCLIST,DIVIDED - W/MEDIAN (NOT RAISED),STRAIGHT AND LEVEL,DRY,NO DEFECTS,,FAILING TO YIELD RIGHT-OF-WAY,NOT APPLICABLE,,NONINCAPACITATING INJURY,16,7,41.9545084019,-87.7471878802,2025,20,POINT (-87.7471878802 41.9545084019),,,,,2025-07-19,False,14,Portage Park
13728,30,NO CONTROLS,NO CONTROLS,CLEAR,DAYLIGHT,PEDALCYCLIST,NOT DIVIDED,STRAIGHT AND LEVEL,DRY,NO DEFECTS,,FAILING TO YIELD RIGHT-OF-WAY,NOT APPLICABLE,Y,NONINCAPACITATING INJURY,17,7,41.8612679718,-87.6258345891,2025,30,POINT (-87.6258345891 41.8612679718),,,,,2025-07-19,False,32,Near South Side
13729,30,NO CONTROLS,NO CONTROLS,CLEAR,DAYLIGHT,PEDALCYCLIST,NOT DIVIDED,STRAIGHT AND LEVEL,DRY,UNKNOWN,,FOLLOWING TOO CLOSELY,NOT APPLICABLE,,"REPORTED, NOT EVIDENT",19,7,41.9198440226,-87.6487163524,2025,30,POINT (-87.6487163524 41.9198440226),,,,,2025-07-19,False,6,Lincoln Park
13730,30,TRAFFIC SIGNAL,FUNCTIONING PROPERLY,CLEAR,"DARKNESS, LIGHTED ROAD",PEDALCYCLIST,CENTER TURN LANE,STRAIGHT AND LEVEL,DRY,NO DEFECTS,Y,DISREGARDING TRAFFIC SIGNALS,NOT APPLICABLE,,NONINCAPACITATING INJURY,20,7,41.9104288163,-87.6873688084,2025,30,POINT (-87.6873688084 41.9104288163),,,,,2025-07-19,False,23,West Town
13731,30,TRAFFIC SIGNAL,FUNCTIONING PROPERLY,CLEAR,"DARKNESS, LIGHTED ROAD",PEDALCYCLIST,ONE-WAY,STRAIGHT AND LEVEL,DRY,UNKNOWN,,UNABLE TO DETERMINE,UNABLE TO DETERMINE,,"REPORTED, NOT EVIDENT",23,7,41.9008667115,-87.6275550245,2025,30,POINT (-87.6275550245 41.9008667115),,,,,2025-07-19,False,7,Near North Side
13732,30,STOP SIGN/FLASHER,FUNCTIONING PROPERLY,CLEAR,"DARKNESS, LIGHTED ROAD",PEDALCYCLIST,NOT DIVIDED,STRAIGHT AND LEVEL,DRY,NO DEFECTS,Y,DISREGARDING STOP SIGN,DISREGARDING STOP SIGN,,NO INDICATION OF INJURY,23,7,41.8923377707,-87.679520978,2025,30,POINT (-87.679520978 41.8923377707),,,,,2025-07-19,False,23,West Town
13733,30,NO CONTROLS,NO CONTROLS,CLEAR,DAYLIGHT,PEDALCYCLIST,DRIVEWAY,STRAIGHT AND LEVEL,DRY,NO DEFECTS,,FAILING TO YIELD RIGHT-OF-WAY,UNABLE TO DETERMINE,,NONINCAPACITATING INJURY,10,7,41.9133424682,-87.6818224808,2025,30,POINT (-87.6818224808 41.9133424682),,,,,2025-07-20,False,6,Lincoln Park
13734,30,NO CONTROLS,NO CONTROLS,CLEAR,DAYLIGHT,PEDALCYCLIST,NOT DIVIDED,STRAIGHT AND LEVEL,DRY,NO DEFECTS,,UNABLE TO DETERMINE,UNABLE TO DETERMINE,,NONINCAPACITATING INJURY,18,7,41.9430187681,-87.6870858925,2025,30,POINT (-87.6870858925 41.9430187681),,,,,2025-07-20,False,4,North Center
13735,30,UNKNOWN,UNKNOWN,UNKNOWN,UNKNOWN,PEDALCYCLIST,FOUR WAY,STRAIGHT AND LEVEL,UNKNOWN,UNKNOWN,Y,NOT APPLICABLE,NOT APPLICABLE,,"REPORTED, NOT EVIDENT",21,7,41.9237185431,-87.6488467473,2025,30,POINT (-87.6488467473 41.9237185431),,,,,2025-07-20,False,6,Lincoln Park
13736,10,NO CONTROLS,NO CONTROLS,CLEAR,DAYLIGHT,PEDALCYCLIST,NOT DIVIDED,STRAIGHT AND LEVEL,DRY,NO DEFECTS,,UNABLE TO DETERMINE,NOT APPLICABLE,,NO INDICATION OF INJURY,8,7,41.8831000298,-87.6343782452,2025,10,POINT (-87.6343782452 41.8831000298),,,,,2025-07-21,False,31,Loop
13737,30,NO CONTROLS,NO CONTROLS,CLEAR,DAYLIGHT,PEDALCYCLIST,ONE-WAY,STRAIGHT AND LEVEL,DRY,NO DEFECTS,,UNABLE TO DETERMINE,NOT APPLICABLE,,NONINCAPACITATING INJURY,11,7,41.8770007997,-87.6408917638,2025,30,POINT (-87.6408917638 41.8770007997),,,,,2025-07-21,False,27,Near West Side
13738,30,NO CONTROLS,NO CONTROLS,CLEAR,DAYLIGHT,PEDALCYCLIST,ALLEY,STRAIGHT AND LEVEL,DRY,NO DEFECTS,,"OPERATING VEHICLE IN ERRATIC, RECKLESS, CARELESS, NEGLIGENT OR AGGRESSIVE MANNER",NOT APPLICABLE,,NO INDICATION OF INJURY,11,7,41.9171239835,-87.7560909427,2025,30,POINT (-87.7560909427 41.9171239835),,,,,2025-07-21,False,18,Belmont Cragin
13739,30,STOP SIGN/FLASHER,FUNCTIONING PROPERLY,CLEAR,DAYLIGHT,PEDALCYCLIST,NOT DIVIDED,STRAIGHT AND LEVEL,UNKNOWN,UNKNOWN,,UNABLE TO DETERMINE,NOT APPLICABLE,,"REPORTED, NOT EVIDENT",17,7,41.9522283028,-87.6783872976,2025,30,POINT (-87.6783872976 41.9522283028),,,,,2025-07-21,False,4,North Center
13740,30,TRAFFIC SIGNAL,FUNCTIONING IMPROPERLY,CLEAR,DAYLIGHT,PEDALCYCLIST,OTHER,STRAIGHT AND LEVEL,DRY,NO DEFECTS,,FAILING TO YIELD RIGHT-OF-WAY,UNABLE TO DETERMINE,,"REPORTED, NOT EVIDENT",18,7,41.9250561095,-87.6843763142,2025,30,POINT (-87.6843763142 41.9250561095),,,,,2025-07-21,False,21,Logan Square
13741,30,TRAFFIC SIGNAL,FUNCTIONING PROPERLY,CLEAR,DAYLIGHT,PEDALCYCLIST,NOT DIVIDED,STRAIGHT AND LEVEL,DRY,UNKNOWN,,UNABLE TO DETERMINE,NOT APPLICABLE,,NO INDICATION OF INJURY,7,7,41.8916756338,-87.6356513888,2025,30,POINT (-87.6356513888 41.8916756338),,,,,2025-07-22,False,7,Near North Side
13742,30,TRAFFIC SIGNAL,FUNCTIONING PROPERLY,CLEAR,DAYLIGHT,PEDALCYCLIST,DIVIDED - W/MEDIAN (NOT RAISED),STRAIGHT ON GRADE,DRY,NO DEFECTS,Y,UNABLE TO DETERMINE,FAILING TO YIELD RIGHT-OF-WAY,,INCAPACITATING INJURY,8,7,41.8698052221,-87.6437763018,2025,30,POINT (-87.6437763018 41.8698052221),,,,,2025-07-22,True,27,Near West Side