Unnamed: 0,POSTED_SPEED_LIMIT,TRAFFIC_CONTROL_DEVICE,DEVICE_CONDITION,WEATHER_CONDITION,LIGHTING_CONDITION,FIRST_CRASH_TYPE,TRAFFICWAY_TYPE,ALIGNMENT,ROADWAY_SURFACE_COND,ROAD_DEFECT,INTERSECTION_RELATED_I,PRIM_CONTRIBUTORY_CAUSE,SEC_CONTRIBUTORY_CAUSE,DOORING_I,MOST_SEVERE_INJURY,CRASH_HOUR,CRASH_MONTH,LATITUDE,LONGITUDE,CRASH_YEAR,SPEED_LIMIT,geometry,DISPLAYROU,the_geom,DIST,LANE_TYPE,CRASH_DATE,is_severe,index_right,CArea
13743,30,NO CONTROLS,NO CONTROLS,CLEAR,DAYLIGHT,PEDALCYCLIST,ALLEY,STRAIGHT AND LEVEL,DRY,NO DEFECTS,,FAILING TO YIELD RIGHT-OF-WAY,FAILING TO YIELD RIGHT-OF-WAY,,NONINCAPACITATING INJURY,11,7,41.7613417765,-87.6673017068,2025,30,POINT (-87.6673017068 41.7613417765),,,,,2025-07-22,False,66,Englewood
13744,30,STOP SIGN/FLASHER,FUNCTIONING PROPERLY,CLEAR,DAYLIGHT,PEDALCYCLIST,NOT DIVIDED,STRAIGHT AND LEVEL,DRY,NO DEFECTS,Y,UNABLE TO DETERMINE,NOT APPLICABLE,,NONINCAPACITATING INJURY,12,7,41.981218735,-87.7612331813,2025,30,POINT (-87.7612331813 41.981218735),,,,,2025-07-22,False,10,Jefferson Park
13745,30,UNKNOWN,UNKNOWN,UNKNOWN,DAYLIGHT,PEDALCYCLIST,NOT DIVIDED,STRAIGHT AND LEVEL,UNKNOWN,UNKNOWN,,UNABLE TO DETERMINE,NOT APPLICABLE,,NO INDICATION OF INJURY,15,7,41.9393986982,-87.6539413192,2025,30,POINT (-87.6539413192 41.9393986982),,,,,2025-07-22,False,5,Lake View
13746,10,NO CONTROLS,NO CONTROLS,CLEAR,DAYLIGHT,PEDALCYCLIST,DIVIDED - W/MEDIAN BARRIER,STRAIGHT AND LEVEL,DRY,DEBRIS ON ROADWAY,,UNABLE TO DETERMINE,NOT APPLICABLE,,NONINCAPACITATING INJURY,16,7,41.7772869881,-87.5864933515,2025,10,POINT (-87.5864933515 41.7772869881),,,,,2025-07-22,False,41,Woodlawn
13747,30,NO CONTROLS,NO CONTROLS,CLEAR,DAYLIGHT,PEDALCYCLIST,DRIVEWAY,STRAIGHT AND LEVEL,DRY,NO DEFECTS,,FAILING TO YIELD RIGHT-OF-WAY,NOT APPLICABLE,,NONINCAPACITATING INJURY,16,7,41.9949766305,-87.6896458323,2025,30,POINT (-87.6896458323 41.9949766305),,,,,2025-07-22,False,1,West Ridge
13748,30,TRAFFIC SIGNAL,FUNCTIONING PROPERLY,CLEAR,DAYLIGHT,PEDALCYCLIST,FOUR WAY,STRAIGHT AND LEVEL,UNKNOWN,NO DEFECTS,Y,FAILING TO YIELD RIGHT-OF-WAY,TURNING RIGHT ON RED,,NONINCAPACITATING INJURY,17,7,41.7284294672,-87.5425580924,2025,30,POINT (-87.5425580924 41.7284294672),,,,,2025-07-22,False,45,South Chicago
13749,20,TRAFFIC SIGNAL,FUNCTIONING PROPERLY,CLEAR,DAYLIGHT,PEDALCYCLIST,FOUR WAY,STRAIGHT AND LEVEL,DRY,NO DEFECTS,Y,UNABLE TO DETERMINE,NOT APPLICABLE,,NONINCAPACITATING INJURY,17,7,41.8743886435,-87.6569588888,2025,20,POINT (-87.6569588888 41.8743886435),,,,,2025-07-22,False,27,Near West Side
13750,30,STOP SIGN/FLASHER,FUNCTIONING PROPERLY,CLEAR,DAYLIGHT,PEDALCYCLIST,NOT DIVIDED,STRAIGHT AND LEVEL,DRY,NO DEFECTS,Y,UNABLE TO DETERMINE,NOT APPLICABLE,,NONINCAPACITATING INJURY,17,7,41.9271217672,-87.7930510498,2025,30,POINT (-87.7930510498 41.9271217672),,,,,2025-07-22,False,17,Montclare
13751,30,NO CONTROLS,NO CONTROLS,CLEAR,DAYLIGHT,PEDALCYCLIST,NOT DIVIDED,STRAIGHT AND LEVEL,DRY,UNKNOWN,,IMPROPER TURNING/NO SIGNAL,NOT APPLICABLE,,NO INDICATION OF INJURY,17,7,41.7659193795,-87.6095209337,2025,30,POINT (-87.6095209337 41.7659193795),,,,,2025-07-22,False,41,Woodlawn
13752,30,TRAFFIC SIGNAL,FUNCTIONING PROPERLY,CLEAR,DAYLIGHT,PEDALCYCLIST,NOT DIVIDED,STRAIGHT AND LEVEL,DRY,NO DEFECTS,Y,FAILING TO YIELD RIGHT-OF-WAY,UNABLE TO DETERMINE,,NONINCAPACITATING INJURY,17,7,41.905399955,-87.6597543522,2025,30,POINT (-87.6597543522 41.905399955),,,,,2025-07-22,False,23,West Town
13753,30,TRAFFIC SIGNAL,FUNCTIONING PROPERLY,CLEAR,"DARKNESS, LIGHTED ROAD",PEDALCYCLIST,FOUR WAY,STRAIGHT AND LEVEL,DRY,NO DEFECTS,Y,FAILING TO YIELD RIGHT-OF-WAY,NOT APPLICABLE,,NONINCAPACITATING INJURY,21,7,41.9853682481,-87.6602702077,2025,30,POINT (-87.6602702077 41.9853682481),,,,,2025-07-22,False,76,Edgewater
13754,30,NO CONTROLS,NO CONTROLS,CLEAR,"DARKNESS, LIGHTED ROAD",PEDALCYCLIST,NOT DIVIDED,STRAIGHT AND LEVEL,DRY,NO DEFECTS,,IMPROPER OVERTAKING/PASSING,UNABLE TO DETERMINE,,NONINCAPACITATING INJURY,21,7,41.9448810738,-87.7128050888,2025,30,POINT (-87.7128050888 41.9448810738),,,,,2025-07-22,False,15,Irving Park
13755,30,TRAFFIC SIGNAL,FUNCTIONING PROPERLY,CLEAR,DAYLIGHT,PEDALCYCLIST,T-INTERSECTION,STRAIGHT AND LEVEL,DRY,NO DEFECTS,Y,UNABLE TO DETERMINE,UNABLE TO DETERMINE,,NONINCAPACITATING INJURY,8,7,41.8232207071,-87.6751544847,2025,30,POINT (-87.6751544847 41.8232207071),,,,,2025-07-23,False,58,Mckinley Park
13756,30,TRAFFIC SIGNAL,NO CONTROLS,CLEAR,DAYLIGHT,PEDALCYCLIST,CENTER TURN LANE,STRAIGHT AND LEVEL,DRY,NO DEFECTS,,UNABLE TO DETERMINE,UNABLE TO DETERMINE,N,NONINCAPACITATING INJURY,10,7,41.8363881976,-87.6485200379,2025,30,POINT (-87.6485200379 41.8363881976),,,,,2025-07-23,False,30,Lower West Side
13757,30,TRAFFIC SIGNAL,FUNCTIONING PROPERLY,CLEAR,DAYLIGHT,PEDALCYCLIST,NOT DIVIDED,STRAIGHT AND LEVEL,DRY,UNKNOWN,,UNABLE TO DETERMINE,UNABLE TO DETERMINE,,NONINCAPACITATING INJURY,11,7,41.8822228828,-87.7742246691,2025,30,POINT (-87.7742246691 41.8822228828),,,,,2025-07-23,False,24,Austin
13758,30,TRAFFIC SIGNAL,FUNCTIONING PROPERLY,CLEAR,DAYLIGHT,PEDALCYCLIST,FOUR WAY,STRAIGHT AND LEVEL,DRY,NO DEFECTS,Y,FAILING TO YIELD RIGHT-OF-WAY,FAILING TO YIELD RIGHT-OF-WAY,,NONINCAPACITATING INJURY,11,7,41.9979215809,-87.6850747999,2025,30,POINT (-87.6850747999 41.9979215809),,,,,2025-07-23,False,1,West Ridge
13759,30,NO CONTROLS,NO CONTROLS,UNKNOWN,UNKNOWN,PEDALCYCLIST,DIVIDED - W/MEDIAN (NOT RAISED),STRAIGHT AND LEVEL,UNKNOWN,UNKNOWN,,UNABLE TO DETERMINE,UNABLE TO DETERMINE,Y,NONINCAPACITATING INJURY,14,7,41.9529164089,-87.7130186153,2025,30,POINT (-87.7130186153 41.9529164089),,,,,2025-07-23,False,15,Irving Park
13760,30,PEDESTRIAN CROSSING SIGN,NO CONTROLS,CLEAR,DAYLIGHT,PEDALCYCLIST,DIVIDED - W/MEDIAN BARRIER,STRAIGHT AND LEVEL,DRY,NO DEFECTS,Y,UNABLE TO DETERMINE,NOT APPLICABLE,,NONINCAPACITATING INJURY,16,7,41.795036783,-87.5934673531,2025,30,POINT (-87.5934673531 41.795036783),,,,,2025-07-23,False,40,Hyde Park
13761,20,NO CONTROLS,NO CONTROLS,CLEAR,DAYLIGHT,PEDALCYCLIST,NOT DIVIDED,STRAIGHT AND LEVEL,DRY,NO DEFECTS,,FAILING TO YIELD RIGHT-OF-WAY,NOT APPLICABLE,,"REPORTED, NOT EVIDENT",17,7,41.930062211,-87.6781662275,2025,20,POINT (-87.6781662275 41.930062211),,,,,2025-07-23,False,6,Lincoln Park
13762,30,UNKNOWN,UNKNOWN,CLEAR,DAYLIGHT,PEDALCYCLIST,NOT DIVIDED,STRAIGHT AND LEVEL,UNKNOWN,UNKNOWN,Y,FOLLOWING TOO CLOSELY,NOT APPLICABLE,N,"REPORTED, NOT EVIDENT",17,7,41.8767057442,-87.6470563595,2025,30,POINT (-87.6470563595 41.8767057442),,,,,2025-07-23,False,27,Near West Side
13763,30,UNKNOWN,UNKNOWN,UNKNOWN,UNKNOWN,PEDALCYCLIST,NOT DIVIDED,STRAIGHT AND LEVEL,UNKNOWN,UNKNOWN,,UNABLE TO DETERMINE,NOT APPLICABLE,,NO INDICATION OF INJURY,17,7,41.9426830578,-87.6977742963,2025,30,POINT (-87.6977742963 41.9426830578),,,,,2025-07-23,False,15,Irving Park
13764,30,NO CONTROLS,NO CONTROLS,CLEAR,DAYLIGHT,PEDALCYCLIST,NOT DIVIDED,STRAIGHT AND LEVEL,DRY,UNKNOWN,,FAILING TO YIELD RIGHT-OF-WAY,DRIVING SKILLS/KNOWLEDGE/EXPERIENCE,,"REPORTED, NOT EVIDENT",17,7,41.755721483,-87.5522467228,2025,30,POINT (-87.5522467228 41.755721483),,,,,2025-07-23,False,42,South Shore
13765,30,NO CONTROLS,NO CONTROLS,CLEAR,DAYLIGHT,PEDALCYCLIST,NOT DIVIDED,STRAIGHT AND LEVEL,DRY,NO DEFECTS,,IMPROPER LANE USAGE,IMPROPER LANE USAGE,,NONINCAPACITATING INJURY,18,7,41.9163869756,-87.6482961609,2025,30,POINT (-87.6482961609 41.9163869756),,,,,2025-07-23,False,6,Lincoln Park
13766,30,STOP SIGN/FLASHER,FUNCTIONING PROPERLY,CLEAR,DAYLIGHT,PEDALCYCLIST,NOT DIVIDED,STRAIGHT AND LEVEL,DRY,UNKNOWN,Y,UNABLE TO DETERMINE,UNABLE TO DETERMINE,,NO INDICATION OF INJURY,18,7,41.8943325031,-87.6526802116,2025,30,POINT (-87.6526802116 41.8943325031),,,,,2025-07-23,False,7,Near North Side
13767,30,NO CONTROLS,NO CONTROLS,CLEAR,DAYLIGHT,PEDALCYCLIST,DIVIDED - W/MEDIAN (NOT RAISED),STRAIGHT AND LEVEL,DRY,NO DEFECTS,,UNABLE TO DETERMINE,UNABLE TO DETERMINE,,NONINCAPACITATING INJURY,20,7,41.9633442828,-87.6563210715,2025,30,POINT (-87.6563210715 41.9633442828),,,,,2025-07-23,False,2,Uptown
13768,30,TRAFFIC SIGNAL,UNKNOWN,UNKNOWN,UNKNOWN,PEDALCYCLIST,FOUR WAY,STRAIGHT AND LEVEL,UNKNOWN,UNKNOWN,Y,UNABLE TO DETERMINE,NOT APPLICABLE,,NO INDICATION OF INJURY,20,7,41.7792245324,-87.693456441,2025,30,POINT (-87.693456441 41.7792245324),,,,,2025-07-23,False,65,Chicago Lawn
13769,30,TRAFFIC SIGNAL,FUNCTIONING PROPERLY,CLEAR,"DARKNESS, LIGHTED ROAD",PEDALCYCLIST,DIVIDED - W/MEDIAN (NOT RAISED),STRAIGHT AND LEVEL,DRY,NO DEFECTS,Y,IMPROPER OVERTAKING/PASSING,NOT APPLICABLE,,NO INDICATION OF INJURY,22,7,41.9094811812,-87.7487773589,2025,30,POINT (-87.7487773589 41.9094811812),,,,,2025-07-23,False,24,Austin
13770,30,UNKNOWN,UNKNOWN,CLEAR,"DARKNESS, LIGHTED ROAD",PEDALCYCLIST,NOT DIVIDED,STRAIGHT AND LEVEL,DRY,NO DEFECTS,,UNABLE TO DETERMINE,UNABLE TO DETERMINE,,NONINCAPACITATING INJURY,22,7,41.9307787217,-87.6437819717,2025,30,POINT (-87.6437819717 41.9307787217),,,,,2025-07-23,False,6,Lincoln Park
13771,30,TRAFFIC SIGNAL,FUNCTIONING PROPERLY,CLEAR,DAYLIGHT,PEDALCYCLIST,ONE-WAY,STRAIGHT AND LEVEL,DRY,UNKNOWN,Y,DRIVING SKILLS/KNOWLEDGE/EXPERIENCE,DRIVING SKILLS/KNOWLEDGE/EXPERIENCE,,NONINCAPACITATING INJURY,8,7,41.8941397779,-87.6312642984,2025,30,POINT (-87.6312642984 41.8941397779),,,,,2025-07-24,False,7,Near North Side
13772,35,TRAFFIC SIGNAL,FUNCTIONING PROPERLY,CLEAR,DAYLIGHT,PEDALCYCLIST,DIVIDED - W/MEDIAN BARRIER,STRAIGHT AND LEVEL,DRY,UNKNOWN,,FAILING TO YIELD RIGHT-OF-WAY,NOT APPLICABLE,,NONINCAPACITATING INJURY,10,7,41.7659281922,-87.5864700779,2025,35,POINT (-87.5864700779 41.7659281922),,,,,2025-07-24,False,41,Woodlawn
13773,30,NO CONTROLS,NO CONTROLS,CLEAR,DAYLIGHT,PEDALCYCLIST,ALLEY,STRAIGHT AND LEVEL,DRY,UNKNOWN,,FAILING TO REDUCE SPEED TO AVOID CRASH,UNABLE TO DETERMINE,,INCAPACITATING INJURY,12,7,41.8762867389,-87.7256401951,2025,30,POINT (-87.7256401951 41.8762867389),,,,,2025-07-24,True,25,Garfield Park
13774,30,STOP SIGN/FLASHER,FUNCTIONING PROPERLY,CLEAR,DAYLIGHT,PEDALCYCLIST,FOUR WAY,STRAIGHT AND LEVEL,DRY,NO DEFECTS,,FAILING TO YIELD RIGHT-OF-WAY,DRIVING SKILLS/KNOWLEDGE/EXPERIENCE,,NONINCAPACITATING INJURY,14,7,41.8818923085,-87.7478984167,2025,30,POINT (-87.7478984167 41.8818923085),,,,,2025-07-24,False,24,Austin
13775,25,STOP SIGN/FLASHER,UNKNOWN,RAIN,UNKNOWN,PEDALCYCLIST,UNKNOWN INTERSECTION TYPE,STRAIGHT AND LEVEL,WET,UNKNOWN,,UNABLE TO DETERMINE,UNABLE TO DETERMINE,,"REPORTED, NOT EVIDENT",15,7,41.9113924754,-87.7262328388,2025,25,POINT (-87.7262328388 41.9113924754),,,,,2025-07-24,False,22,Humboldt Park
13776,30,TRAFFIC SIGNAL,FUNCTIONING PROPERLY,CLEAR,DAYLIGHT,PEDALCYCLIST,FOUR WAY,STRAIGHT AND LEVEL,DRY,UNKNOWN,Y,FAILING TO REDUCE SPEED TO AVOID CRASH,NOT APPLICABLE,,NONINCAPACITATING INJURY,15,7,41.7660277795,-87.5764431228,2025,30,POINT (-87.5764431228 41.7660277795),,,,,2025-07-24,False,41,Woodlawn
13777,30,NO CONTROLS,NO CONTROLS,CLEAR,DUSK,PEDALCYCLIST,DIVIDED - W/MEDIAN (NOT RAISED),STRAIGHT AND LEVEL,WET,NO DEFECTS,,NOT APPLICABLE,NOT APPLICABLE,Y,NONINCAPACITATING INJURY,19,7,41.9013566155,-87.6635983001,2025,30,POINT (-87.6635983001 41.9013566155),,,,,2025-07-24,False,23,West Town
13778,25,STOP SIGN/FLASHER,NO CONTROLS,CLEAR,DARKNESS,PEDALCYCLIST,ONE-WAY,STRAIGHT AND LEVEL,DRY,NO DEFECTS,,FAILING TO YIELD RIGHT-OF-WAY,UNABLE TO DETERMINE,,NONINCAPACITATING INJURY,20,7,42.0178609529,-87.680609116,2025,25,POINT (-87.680609116 42.0178609529),,,,,2025-07-24,False,0,Rogers Park
13779,20,NO CONTROLS,NO CONTROLS,CLEAR,DAYLIGHT,PEDALCYCLIST,NOT DIVIDED,STRAIGHT AND LEVEL,DRY,NO DEFECTS,,UNABLE TO DETERMINE,NOT APPLICABLE,Y,INCAPACITATING INJURY,7,7,41.9765338507,-87.6685598763,2025,20,POINT (-87.6685598763 41.9765338507),,,,,2025-07-25,True,2,Uptown
13780,30,NO CONTROLS,NO CONTROLS,CLEAR,DAYLIGHT,PEDALCYCLIST,NOT DIVIDED,STRAIGHT AND LEVEL,UNKNOWN,UNKNOWN,,UNABLE TO DETERMINE,UNABLE TO DETERMINE,Y,NONINCAPACITATING INJURY,8,7,41.9313021892,-87.7555311827,2025,30,POINT (-87.7555311827 41.9313021892),,,,,2025-07-25,False,18,Belmont Cragin
13781,30,TRAFFIC SIGNAL,FUNCTIONING PROPERLY,CLOUDY/OVERCAST,DAYLIGHT,PEDALCYCLIST,FOUR WAY,STRAIGHT AND LEVEL,DRY,NO DEFECTS,Y,DRIVING ON WRONG SIDE/WRONG WAY,NOT APPLICABLE,,NONINCAPACITATING INJURY,9,7,41.9976695229,-87.6997064232,2025,30,POINT (-87.6997064232 41.9976695229),,,,,2025-07-25,False,1,West Ridge
13782,25,NO CONTROLS,NO CONTROLS,RAIN,DAYLIGHT,PEDALCYCLIST,NOT DIVIDED,STRAIGHT AND LEVEL,WET,NO DEFECTS,,UNABLE TO DETERMINE,FAILING TO YIELD RIGHT-OF-WAY,Y,NONINCAPACITATING INJURY,13,7,41.9525943754,-87.6546352011,2025,25,POINT (-87.6546352011 41.9525943754),,,,,2025-07-25,False,5,Lake View
13783,30,NO CONTROLS,NO CONTROLS,CLEAR,DAYLIGHT,PEDALCYCLIST,NOT DIVIDED,STRAIGHT AND LEVEL,DRY,NO DEFECTS,,UNABLE TO DETERMINE,UNABLE TO DETERMINE,,NO INDICATION OF INJURY,13,7,41.8612284044,-87.6762550882,2025,30,POINT (-87.6762550882 41.8612284044),,,,,2025-07-25,False,27,Near West Side
13784,30,STOP SIGN/FLASHER,FUNCTIONING PROPERLY,RAIN,DAYLIGHT,PEDALCYCLIST,FOUR WAY,STRAIGHT AND LEVEL,WET,UNKNOWN,Y,WEATHER,NOT APPLICABLE,,NO INDICATION OF INJURY,13,7,41.7895382698,-87.6014083658,2025,30,POINT (-87.6014083658 41.7895382698),,,,,2025-07-25,False,40,Hyde Park
13785,25,STOP SIGN/FLASHER,FUNCTIONING PROPERLY,CLOUDY/OVERCAST,DAYLIGHT,PEDALCYCLIST,NOT DIVIDED,STRAIGHT AND LEVEL,DRY,NO DEFECTS,,UNABLE TO DETERMINE,UNABLE TO DETERMINE,,NO INDICATION OF INJURY,13,7,42.0013197764,-87.6654634735,2025,25,POINT (-87.6654634735 42.0013197764),,,,,2025-07-25,False,0,Rogers Park
13786,30,NO CONTROLS,NO CONTROLS,UNKNOWN,DAYLIGHT,PEDALCYCLIST,DIVIDED - W/MEDIAN BARRIER,STRAIGHT AND LEVEL,UNKNOWN,UNKNOWN,,UNABLE TO DETERMINE,NOT APPLICABLE,,"REPORTED, NOT EVIDENT",15,7,41.8974901602,-87.6674778084,2025,30,POINT (-87.6674778084 41.8974901602),,,,,2025-07-25,False,23,West Town
13787,35,NO CONTROLS,NO CONTROLS,CLEAR,DAYLIGHT,PEDALCYCLIST,DIVIDED - W/MEDIAN (NOT RAISED),STRAIGHT AND LEVEL,DRY,NO DEFECTS,,FAILING TO YIELD RIGHT-OF-WAY,NOT APPLICABLE,,NONINCAPACITATING INJURY,15,7,41.9399098265,-87.724955149,2025,35,POINT (-87.724955149 41.9399098265),,,,,2025-07-25,False,15,Irving Park
13788,30,NO CONTROLS,NO CONTROLS,CLOUDY/OVERCAST,DAYLIGHT,PEDALCYCLIST,DIVIDED - W/MEDIAN (NOT RAISED),STRAIGHT AND LEVEL,WET,NO DEFECTS,,FAILING TO YIELD RIGHT-OF-WAY,NOT APPLICABLE,,INCAPACITATING INJURY,15,7,41.7651833106,-87.5619073372,2025,30,POINT (-87.5619073372 41.7651833106),,,,,2025-07-25,True,42,South Shore
13789,20,NO CONTROLS,NO CONTROLS,CLEAR,DAYLIGHT,PEDALCYCLIST,FOUR WAY,STRAIGHT AND LEVEL,DRY,UNKNOWN,Y,FAILING TO YIELD RIGHT-OF-WAY,DRIVING ON WRONG SIDE/WRONG WAY,,NONINCAPACITATING INJURY,16,7,41.9475636929,-87.7693776234,2025,20,POINT (-87.7693776234 41.9475636929),,,,,2025-07-25,False,14,Portage Park
13790,30,UNKNOWN,UNKNOWN,CLEAR,DAYLIGHT,PEDALCYCLIST,UNKNOWN,STRAIGHT AND LEVEL,WET,NO DEFECTS,,"VISION OBSCURED (SIGNS, TREE LIMBS, BUILDINGS, ETC.)",NOT APPLICABLE,,"REPORTED, NOT EVIDENT",16,7,41.7072732885,-87.6203473785,2025,30,POINT (-87.6203473785 41.7072732885),,,,,2025-07-25,False,48,Roseland
13791,30,NO CONTROLS,NO CONTROLS,CLEAR,DAYLIGHT,PEDALCYCLIST,DIVIDED - W/MEDIAN (NOT RAISED),STRAIGHT AND LEVEL,DRY,NO DEFECTS,,FAILING TO YIELD RIGHT-OF-WAY,UNABLE TO DETERMINE,,"REPORTED, NOT EVIDENT",17,7,41.9516945782,-87.7160182646,2025,30,POINT (-87.7160182646 41.9516945782),,,,,2025-07-25,False,15,Irving Park
13792,30,STOP SIGN/FLASHER,FUNCTIONING PROPERLY,CLEAR,DAYLIGHT,PEDALCYCLIST,NOT DIVIDED,STRAIGHT AND LEVEL,DRY,UNKNOWN,Y,UNABLE TO DETERMINE,UNABLE TO DETERMINE,,"REPORTED, NOT EVIDENT",17,7,41.8383026648,-87.635007923,2025,30,POINT (-87.635007923 41.8383026648),,,,,2025-07-25,False,33,Armour Square
13793,25,TRAFFIC SIGNAL,FUNCTIONING PROPERLY,CLOUDY/OVERCAST,DAYLIGHT,PEDALCYCLIST,NOT DIVIDED,STRAIGHT AND LEVEL,DRY,UNKNOWN,,UNABLE TO DETERMINE,UNABLE TO DETERMINE,,NONINCAPACITATING INJURY,18,7,41.9028316171,-87.71182296,2025,25,POINT (-87.71182296 41.9028316171),,,,,2025-07-25,False,22,Humboldt Park
13794,30,NO CONTROLS,NO CONTROLS,CLEAR,DAYLIGHT,PEDALCYCLIST,ONE-WAY,STRAIGHT AND LEVEL,DRY,NO DEFECTS,,IMPROPER TURNING/NO SIGNAL,UNABLE TO DETERMINE,,NONINCAPACITATING INJURY,18,7,41.9281860716,-87.7387096179,2025,30,POINT (-87.7387096179 41.9281860716),,,,,2025-07-25,False,19,Hermosa
13795,30,TRAFFIC SIGNAL,FUNCTIONING PROPERLY,CLEAR,DAYLIGHT,PEDALCYCLIST,DIVIDED - W/MEDIAN BARRIER,STRAIGHT AND LEVEL,DRY,NO DEFECTS,Y,IMPROPER TURNING/NO SIGNAL,FAILING TO YIELD RIGHT-OF-WAY,,NONINCAPACITATING INJURY,19,7,41.8867844069,-87.6326270591,2025,30,POINT (-87.6326270591 41.8867844069),,,,,2025-07-25,False,7,Near North Side
13796,30,TRAFFIC SIGNAL,FUNCTIONING PROPERLY,CLEAR,DAYLIGHT,PEDALCYCLIST,TRAFFIC ROUTE,STRAIGHT AND LEVEL,WET,NO DEFECTS,Y,FAILING TO YIELD RIGHT-OF-WAY,UNABLE TO DETERMINE,,NONINCAPACITATING INJURY,9,7,41.9533704789,-87.7471582056,2025,30,POINT (-87.7471582056 41.9533704789),,,,,2025-07-26,False,14,Portage Park
13797,30,TRAFFIC SIGNAL,FUNCTIONING PROPERLY,CLEAR,DAYLIGHT,PEDALCYCLIST,DIVIDED - W/MEDIAN (NOT RAISED),STRAIGHT AND LEVEL,DRY,NO DEFECTS,Y,UNABLE TO DETERMINE,NOT APPLICABLE,,"REPORTED, NOT EVIDENT",9,7,41.9023626196,-87.7165388614,2025,30,POINT (-87.7165388614 41.9023626196),,,,,2025-07-26,False,22,Humboldt Park
13798,35,TRAFFIC SIGNAL,FUNCTIONING PROPERLY,RAIN,DAYLIGHT,PEDALCYCLIST,T-INTERSECTION,STRAIGHT AND LEVEL,WET,NO DEFECTS,Y,UNABLE TO DETERMINE,UNABLE TO DETERMINE,,INCAPACITATING INJURY,10,7,41.6888526658,-87.6621866328,2025,35,POINT (-87.6621866328 41.6888526658),,,,,2025-07-26,True,74,Morgan Park
13799,30,TRAFFIC SIGNAL,FUNCTIONING PROPERLY,UNKNOWN,UNKNOWN,PEDALCYCLIST,ONE-WAY,STRAIGHT AND LEVEL,UNKNOWN,UNKNOWN,,UNABLE TO DETERMINE,NOT APPLICABLE,,"REPORTED, NOT EVIDENT",11,7,41.8818069601,-87.6295431154,2025,30,POINT (-87.6295431154 41.8818069601),,,,,2025-07-26,False,31,Loop
13800,30,NO CONTROLS,NO CONTROLS,CLEAR,DAYLIGHT,PEDALCYCLIST,FOUR WAY,STRAIGHT AND LEVEL,DRY,NO DEFECTS,,FAILING TO YIELD RIGHT-OF-WAY,FAILING TO YIELD RIGHT-OF-WAY,Y,NONINCAPACITATING INJURY,12,7,41.9323838865,-87.6488527618,2025,30,POINT (-87.6488527618 41.9323838865),,,,,2025-07-26,False,5,Lake View
13801,30,STOP SIGN/FLASHER,FUNCTIONING PROPERLY,RAIN,DAYLIGHT,PEDALCYCLIST,FOUR WAY,STRAIGHT AND LEVEL,WET,NO DEFECTS,Y,UNABLE TO DETERMINE,NOT APPLICABLE,,"REPORTED, NOT EVIDENT",14,7,41.890988633,-87.6557298678,2025,30,POINT (-87.6557298678 41.890988633),,,,,2025-07-26,False,7,Near North Side
13802,30,NO CONTROLS,NO CONTROLS,CLEAR,DAYLIGHT,PEDALCYCLIST,NOT DIVIDED,STRAIGHT AND LEVEL,DRY,NO DEFECTS,,UNABLE TO DETERMINE,UNABLE TO DETERMINE,,"REPORTED, NOT EVIDENT",14,7,41.8915178945,-87.6178305226,2025,30,POINT (-87.6178305226 41.8915178945),,,,,2025-07-26,False,7,Near North Side
13803,15,NO CONTROLS,NO CONTROLS,CLEAR,DAYLIGHT,PEDALCYCLIST,DRIVEWAY,STRAIGHT AND LEVEL,UNKNOWN,UNKNOWN,,UNABLE TO DETERMINE,UNABLE TO DETERMINE,,NONINCAPACITATING INJURY,16,7,41.7086439852,-87.6430243478,2025,15,POINT (-87.6430243478 41.7086439852),,,,,2025-07-26,False,72,Washington Heights
13804,30,UNKNOWN,UNKNOWN,UNKNOWN,UNKNOWN,PEDALCYCLIST,FOUR WAY,STRAIGHT AND LEVEL,UNKNOWN,UNKNOWN,Y,UNABLE TO DETERMINE,UNABLE TO DETERMINE,,NO INDICATION OF INJURY,16,7,41.9665127864,-87.643281307,2025,30,POINT (-87.643281307 41.9665127864),,,,,2025-07-26,False,2,Uptown
13805,30,NO CONTROLS,NO CONTROLS,CLEAR,DAYLIGHT,PEDALCYCLIST,ALLEY,STRAIGHT AND LEVEL,DRY,UNKNOWN,,FAILING TO REDUCE SPEED TO AVOID CRASH,NOT APPLICABLE,,NONINCAPACITATING INJURY,17,7,41.9645772026,-87.710112657,2025,30,POINT (-87.710112657 41.9645772026),,,,,2025-07-26,False,13,Albany Park
13806,30,TRAFFIC SIGNAL,FUNCTIONING PROPERLY,CLEAR,DAYLIGHT,PEDALCYCLIST,Y-INTERSECTION,STRAIGHT ON GRADE,DRY,NO DEFECTS,Y,FAILING TO YIELD RIGHT-OF-WAY,NOT APPLICABLE,,NONINCAPACITATING INJURY,17,7,41.8529383415,-87.6344467673,2025,30,POINT (-87.6344467673 41.8529383415),,,,,2025-07-26,False,32,Near South Side
13807,30,TRAFFIC SIGNAL,FUNCTIONING PROPERLY,CLEAR,DAWN,PEDALCYCLIST,"FIVE POINT, OR MORE",STRAIGHT AND LEVEL,DRY,NO DEFECTS,,UNABLE TO DETERMINE,UNABLE TO DETERMINE,,NO INDICATION OF INJURY,18,7,41.9101485948,-87.6772955183,2025,30,POINT (-87.6772955183 41.9101485948),,,,,2025-07-26,False,23,West Town