Unnamed: 0,POSTED_SPEED_LIMIT,TRAFFIC_CONTROL_DEVICE,DEVICE_CONDITION,WEATHER_CONDITION,LIGHTING_CONDITION,FIRST_CRASH_TYPE,TRAFFICWAY_TYPE,ALIGNMENT,ROADWAY_SURFACE_COND,ROAD_DEFECT,INTERSECTION_RELATED_I,PRIM_CONTRIBUTORY_CAUSE,SEC_CONTRIBUTORY_CAUSE,DOORING_I,MOST_SEVERE_INJURY,CRASH_HOUR,CRASH_MONTH,LATITUDE,LONGITUDE,CRASH_YEAR,SPEED_LIMIT,geometry,DISPLAYROU,the_geom,DIST,LANE_TYPE,CRASH_DATE,is_severe,index_right,CArea
13808,30,STOP SIGN/FLASHER,FUNCTIONING PROPERLY,CLEAR,DAYLIGHT,PEDALCYCLIST,NOT DIVIDED,STRAIGHT AND LEVEL,DRY,UNKNOWN,,FAILING TO YIELD RIGHT-OF-WAY,NOT APPLICABLE,Y,NO INDICATION OF INJURY,19,7,41.7385447781,-87.7404069914,2025,30,POINT (-87.7404069914 41.7385447781),,,,,2025-07-26,False,69,Ashburn
13809,30,TRAFFIC SIGNAL,UNKNOWN,CLEAR,DUSK,PEDALCYCLIST,NOT DIVIDED,STRAIGHT AND LEVEL,DRY,OTHER,Y,FAILING TO YIELD RIGHT-OF-WAY,IMPROPER TURNING/NO SIGNAL,,NONINCAPACITATING INJURY,19,7,41.9761389267,-87.6685605345,2025,30,POINT (-87.6685605345 41.9761389267),,,,,2025-07-26,False,2,Uptown
13810,30,NO CONTROLS,NO CONTROLS,CLEAR,"DARKNESS, LIGHTED ROAD",PEDALCYCLIST,NOT DIVIDED,STRAIGHT AND LEVEL,DRY,NO DEFECTS,,UNABLE TO DETERMINE,NOT APPLICABLE,,NONINCAPACITATING INJURY,23,7,41.94030451,-87.7260659464,2025,30,POINT (-87.7260659464 41.94030451),,,,,2025-07-26,False,15,Irving Park
13811,20,TRAFFIC SIGNAL,FUNCTIONING PROPERLY,CLEAR,"DARKNESS, LIGHTED ROAD",PEDALCYCLIST,DIVIDED - W/MEDIAN (NOT RAISED),STRAIGHT AND LEVEL,DRY,NO DEFECTS,,FAILING TO YIELD RIGHT-OF-WAY,UNABLE TO DETERMINE,,NO INDICATION OF INJURY,2,7,41.9690524754,-87.6497886761,2025,20,POINT (-87.6497886761 41.9690524754),,,,,2025-07-27,False,2,Uptown
13812,30,NO CONTROLS,NO CONTROLS,CLEAR,DAYLIGHT,PEDALCYCLIST,ONE-WAY,STRAIGHT AND LEVEL,DRY,NO DEFECTS,,CELL PHONE USE OTHER THAN TEXTING,CELL PHONE USE OTHER THAN TEXTING,,NO INDICATION OF INJURY,10,7,41.896177552,-87.7161897088,2025,30,POINT (-87.7161897088 41.896177552),,,,,2025-07-27,False,22,Humboldt Park
13813,30,STOP SIGN/FLASHER,FUNCTIONING PROPERLY,CLEAR,DAYLIGHT,PEDALCYCLIST,FOUR WAY,STRAIGHT AND LEVEL,DRY,NO DEFECTS,Y,DISREGARDING STOP SIGN,FAILING TO YIELD RIGHT-OF-WAY,,INCAPACITATING INJURY,10,7,41.8070228335,-87.6551392917,2025,30,POINT (-87.6551392917 41.8070228335),,,,,2025-07-27,True,60,New City
13814,30,NO CONTROLS,NO CONTROLS,CLEAR,DAYLIGHT,PEDALCYCLIST,NOT DIVIDED,STRAIGHT AND LEVEL,DRY,NO DEFECTS,,PHYSICAL CONDITION OF DRIVER,IMPROPER LANE USAGE,,NONINCAPACITATING INJURY,11,7,41.9025390203,-87.7413936737,2025,30,POINT (-87.7413936737 41.9025390203),,,,,2025-07-27,False,22,Humboldt Park
13815,30,NO CONTROLS,NO CONTROLS,CLEAR,DAYLIGHT,PEDALCYCLIST,ONE-WAY,STRAIGHT AND LEVEL,DRY,NO DEFECTS,,IMPROPER LANE USAGE,NOT APPLICABLE,,INCAPACITATING INJURY,12,7,41.9178071368,-87.7279499816,2025,30,POINT (-87.7279499816 41.9178071368),,,,,2025-07-27,True,19,Hermosa
13816,15,STOP SIGN/FLASHER,FUNCTIONING PROPERLY,CLEAR,DAYLIGHT,PEDALCYCLIST,NOT DIVIDED,STRAIGHT AND LEVEL,DRY,NO DEFECTS,Y,DISREGARDING STOP SIGN,NOT APPLICABLE,,NONINCAPACITATING INJURY,12,7,41.9485764971,-87.6426284068,2025,15,POINT (-87.6426284068 41.9485764971),,,,,2025-07-27,False,5,Lake View
13817,30,NO CONTROLS,NO CONTROLS,CLEAR,DAYLIGHT,PEDALCYCLIST,NOT DIVIDED,STRAIGHT AND LEVEL,DRY,NO DEFECTS,,FAILING TO YIELD RIGHT-OF-WAY,FAILING TO YIELD RIGHT-OF-WAY,,NONINCAPACITATING INJURY,13,7,41.9650806616,-87.7355135837,2025,30,POINT (-87.7355135837 41.9650806616),,,,,2025-07-27,False,13,Albany Park
13818,25,TRAFFIC SIGNAL,FUNCTIONING PROPERLY,CLEAR,DAYLIGHT,PEDALCYCLIST,FOUR WAY,STRAIGHT AND LEVEL,DRY,UNKNOWN,Y,DISREGARDING TRAFFIC SIGNALS,NOT APPLICABLE,,"REPORTED, NOT EVIDENT",13,7,41.9005368879,-87.6300346333,2025,25,POINT (-87.6300346333 41.9005368879),,,,,2025-07-27,False,7,Near North Side
13819,30,UNKNOWN,UNKNOWN,CLEAR,DAYLIGHT,PEDALCYCLIST,ONE-WAY,STRAIGHT AND LEVEL,DRY,WORN SURFACE,,"VISION OBSCURED (SIGNS, TREE LIMBS, BUILDINGS, ETC.)",NOT APPLICABLE,,NO INDICATION OF INJURY,14,7,41.8901430073,-87.6477542648,2025,30,POINT (-87.6477542648 41.8901430073),,,,,2025-07-27,False,7,Near North Side
13820,30,NO CONTROLS,NO CONTROLS,CLEAR,DAYLIGHT,PEDALCYCLIST,DIVIDED - W/MEDIAN BARRIER,STRAIGHT AND LEVEL,DRY,NO DEFECTS,,IMPROPER TURNING/NO SIGNAL,NOT APPLICABLE,,NONINCAPACITATING INJURY,15,7,41.8313932142,-87.6654393281,2025,30,POINT (-87.6654393281 41.8313932142),,,,,2025-07-27,False,58,Mckinley Park
13821,30,TRAFFIC SIGNAL,FUNCTIONING PROPERLY,CLEAR,DAYLIGHT,PEDALCYCLIST,NOT DIVIDED,STRAIGHT AND LEVEL,DRY,NO DEFECTS,,UNABLE TO DETERMINE,NOT APPLICABLE,,NO INDICATION OF INJURY,17,7,41.7733653669,-87.7052988262,2025,30,POINT (-87.7052988262 41.7733653669),,,,,2025-07-27,False,65,Chicago Lawn
13822,30,NO CONTROLS,NO CONTROLS,CLEAR,DAYLIGHT,PEDALCYCLIST,NOT DIVIDED,STRAIGHT AND LEVEL,UNKNOWN,UNKNOWN,,UNABLE TO DETERMINE,NOT APPLICABLE,,NONINCAPACITATING INJURY,19,7,41.8992647945,-87.7214659072,2025,30,POINT (-87.7214659072 41.8992647945),,,,,2025-07-27,False,22,Humboldt Park
13823,30,NO CONTROLS,NO CONTROLS,CLEAR,"DARKNESS, LIGHTED ROAD",PEDALCYCLIST,FOUR WAY,STRAIGHT AND LEVEL,DRY,NO DEFECTS,Y,FAILING TO YIELD RIGHT-OF-WAY,FAILING TO YIELD RIGHT-OF-WAY,,NONINCAPACITATING INJURY,22,7,41.8227755441,-87.6896017769,2025,30,POINT (-87.6896017769 41.8227755441),,,,,2025-07-27,False,29,South Lawndale
13824,20,STOP SIGN/FLASHER,FUNCTIONING PROPERLY,CLEAR,DAYLIGHT,PEDALCYCLIST,ONE-WAY,STRAIGHT AND LEVEL,DRY,UNKNOWN,Y,UNABLE TO DETERMINE,NOT APPLICABLE,,NO INDICATION OF INJURY,14,7,41.9053736345,-87.7338841848,2025,20,POINT (-87.7338841848 41.9053736345),,,,,2025-07-28,False,22,Humboldt Park
13825,30,NO CONTROLS,NO CONTROLS,CLEAR,DAYLIGHT,PEDALCYCLIST,NOT DIVIDED,STRAIGHT AND LEVEL,DRY,NO DEFECTS,,UNABLE TO DETERMINE,NOT APPLICABLE,Y,INCAPACITATING INJURY,14,7,41.939609467,-87.6843765126,2025,30,POINT (-87.6843765126 41.939609467),,,,,2025-07-28,True,4,North Center
13826,30,STOP SIGN/FLASHER,FUNCTIONING PROPERLY,CLEAR,DAYLIGHT,PEDALCYCLIST,T-INTERSECTION,STRAIGHT AND LEVEL,DRY,NO DEFECTS,Y,FAILING TO REDUCE SPEED TO AVOID CRASH,UNABLE TO DETERMINE,,NONINCAPACITATING INJURY,14,7,41.9539663235,-87.8368385252,2025,30,POINT (-87.8368385252 41.9539663235),,,,,2025-07-28,False,75,O'Hare
13827,30,TRAFFIC SIGNAL,FUNCTIONING PROPERLY,CLEAR,DAYLIGHT,PEDALCYCLIST,DIVIDED - W/MEDIAN (NOT RAISED),STRAIGHT AND LEVEL,DRY,UNKNOWN,,UNABLE TO DETERMINE,UNABLE TO DETERMINE,,NONINCAPACITATING INJURY,15,7,41.9345560006,-87.7662112472,2025,30,POINT (-87.7662112472 41.9345560006),,,,,2025-07-28,False,18,Belmont Cragin
13828,30,TRAFFIC SIGNAL,FUNCTIONING PROPERLY,CLEAR,DAYLIGHT,PEDALCYCLIST,DIVIDED - W/MEDIAN BARRIER,STRAIGHT AND LEVEL,DRY,NO DEFECTS,Y,UNABLE TO DETERMINE,UNABLE TO DETERMINE,,"REPORTED, NOT EVIDENT",16,7,41.888432092,-87.6244246869,2025,30,POINT (-87.6244246869 41.888432092),,,,,2025-07-28,False,7,Near North Side
13829,30,NO CONTROLS,NO CONTROLS,CLEAR,DAYLIGHT,PEDALCYCLIST,DIVIDED - W/MEDIAN (NOT RAISED),STRAIGHT AND LEVEL,DRY,UNKNOWN,,NOT APPLICABLE,NOT APPLICABLE,Y,NONINCAPACITATING INJURY,17,7,41.9800834568,-87.7089345858,2025,30,POINT (-87.7089345858 41.9800834568),,,,,2025-07-28,False,12,North Park
13830,25,NO CONTROLS,NO CONTROLS,CLEAR,DAYLIGHT,PEDALCYCLIST,NOT DIVIDED,STRAIGHT AND LEVEL,DRY,NO DEFECTS,,RELATED TO BUS STOP,NOT APPLICABLE,,NONINCAPACITATING INJURY,19,7,41.8965654034,-87.6283588301,2025,25,POINT (-87.6283588301 41.8965654034),,,,,2025-07-28,False,7,Near North Side
13831,30,TRAFFIC SIGNAL,FUNCTIONING PROPERLY,CLEAR,DAYLIGHT,PEDALCYCLIST,FOUR WAY,STRAIGHT AND LEVEL,DRY,NO DEFECTS,Y,DISREGARDING TRAFFIC SIGNALS,DISREGARDING TRAFFIC SIGNALS,,NONINCAPACITATING INJURY,19,7,41.9104298624,-87.6872842205,2025,30,POINT (-87.6872842205 41.9104298624),,,,,2025-07-28,False,23,West Town
13832,30,STOP SIGN/FLASHER,FUNCTIONING PROPERLY,CLEAR,"DARKNESS, LIGHTED ROAD",PEDALCYCLIST,DIVIDED - W/MEDIAN (NOT RAISED),STRAIGHT AND LEVEL,DRY,NO DEFECTS,Y,UNABLE TO DETERMINE,UNABLE TO DETERMINE,,"REPORTED, NOT EVIDENT",21,7,41.878519468,-87.7548509822,2025,30,POINT (-87.7548509822 41.878519468),,,,,2025-07-28,False,24,Austin
13833,30,TRAFFIC SIGNAL,FUNCTIONING PROPERLY,CLEAR,DAYLIGHT,PEDALCYCLIST,FOUR WAY,STRAIGHT AND LEVEL,DRY,NO DEFECTS,Y,IMPROPER TURNING/NO SIGNAL,IMPROPER LANE USAGE,,NONINCAPACITATING INJURY,6,7,41.8957962445,-87.6549535956,2025,30,POINT (-87.6549535956 41.8957962445),,,,,2025-07-29,False,7,Near North Side
13834,30,TRAFFIC SIGNAL,FUNCTIONING PROPERLY,CLEAR,DAYLIGHT,PEDALCYCLIST,FOUR WAY,STRAIGHT AND LEVEL,UNKNOWN,UNKNOWN,Y,FAILING TO YIELD RIGHT-OF-WAY,UNABLE TO DETERMINE,,NONINCAPACITATING INJURY,10,7,41.9972314882,-87.7668182559,2025,30,POINT (-87.7668182559 41.9972314882),,,,,2025-07-29,False,10,Jefferson Park
13835,30,NO CONTROLS,NO CONTROLS,CLEAR,DAYLIGHT,PEDALCYCLIST,NOT DIVIDED,STRAIGHT AND LEVEL,DRY,NO DEFECTS,Y,FAILING TO REDUCE SPEED TO AVOID CRASH,NOT APPLICABLE,,"REPORTED, NOT EVIDENT",12,7,41.8953715288,-87.7140786685,2025,30,POINT (-87.7140786685 41.8953715288),,,,,2025-07-29,False,22,Humboldt Park
13836,30,TRAFFIC SIGNAL,FUNCTIONING PROPERLY,CLEAR,DAYLIGHT,PEDALCYCLIST,DIVIDED - W/MEDIAN (NOT RAISED),STRAIGHT AND LEVEL,DRY,NO DEFECTS,,DISREGARDING TRAFFIC SIGNALS,UNABLE TO DETERMINE,,NO INDICATION OF INJURY,16,7,41.9070344812,-87.6677379022,2025,30,POINT (-87.6677379022 41.9070344812),,,,,2025-07-29,False,23,West Town
13837,30,NO CONTROLS,NO CONTROLS,CLEAR,DAYLIGHT,PEDALCYCLIST,DRIVEWAY,STRAIGHT AND LEVEL,DRY,UNKNOWN,,UNABLE TO DETERMINE,UNABLE TO DETERMINE,,"REPORTED, NOT EVIDENT",16,7,41.909350413,-87.7766327522,2025,30,POINT (-87.7766327522 41.909350413),,,,,2025-07-29,False,24,Austin
13838,30,NO CONTROLS,NO CONTROLS,CLEAR,DAYLIGHT,PEDALCYCLIST,DIVIDED - W/MEDIAN (NOT RAISED),STRAIGHT AND LEVEL,DRY,NO DEFECTS,,UNABLE TO DETERMINE,NOT APPLICABLE,,NONINCAPACITATING INJURY,16,7,41.8008982333,-87.70615204,2025,30,POINT (-87.70615204 41.8008982333),,,,,2025-07-29,False,62,Gage Park
13839,30,NO CONTROLS,NO CONTROLS,CLEAR,DAYLIGHT,PEDALCYCLIST,FOUR WAY,STRAIGHT AND LEVEL,DRY,UNKNOWN,Y,UNABLE TO DETERMINE,UNABLE TO DETERMINE,,NO INDICATION OF INJURY,17,7,41.9168252668,-87.6653247479,2025,30,POINT (-87.6653247479 41.9168252668),,,,,2025-07-29,False,6,Lincoln Park
13840,30,NO CONTROLS,NO CONTROLS,CLEAR,DAYLIGHT,PEDALCYCLIST,NOT DIVIDED,STRAIGHT AND LEVEL,DRY,NO DEFECTS,,UNABLE TO DETERMINE,NOT APPLICABLE,,NO INDICATION OF INJURY,18,7,41.9172164996,-87.6658732366,2025,30,POINT (-87.6658732366 41.9172164996),,,,,2025-07-29,False,6,Lincoln Park
13841,35,STOP SIGN/FLASHER,FUNCTIONING PROPERLY,CLEAR,DAYLIGHT,PEDALCYCLIST,FOUR WAY,STRAIGHT AND LEVEL,DRY,UNKNOWN,,FAILING TO YIELD RIGHT-OF-WAY,NOT APPLICABLE,,NO INDICATION OF INJURY,19,7,41.899659372,-87.6772807667,2025,35,POINT (-87.6772807667 41.899659372),,,,,2025-07-29,False,23,West Town
13842,30,TRAFFIC SIGNAL,FUNCTIONING PROPERLY,CLEAR,DAYLIGHT,PEDALCYCLIST,NOT DIVIDED,STRAIGHT AND LEVEL,DRY,NO DEFECTS,,NOT APPLICABLE,NOT APPLICABLE,Y,NONINCAPACITATING INJURY,9,7,41.9103640218,-87.6780627229,2025,30,POINT (-87.6780627229 41.9103640218),,,,,2025-07-30,False,23,West Town
13843,30,NO CONTROLS,NO CONTROLS,CLEAR,DAYLIGHT,PEDALCYCLIST,ONE-WAY,STRAIGHT AND LEVEL,DRY,NO DEFECTS,Y,UNABLE TO DETERMINE,UNABLE TO DETERMINE,Y,NONINCAPACITATING INJURY,9,7,41.9278785415,-87.7069251891,2025,30,POINT (-87.7069251891 41.9278785415),,,,,2025-07-30,False,21,Logan Square
13844,0,NO CONTROLS,NO CONTROLS,CLEAR,DAYLIGHT,PEDALCYCLIST,UNKNOWN INTERSECTION TYPE,STRAIGHT AND LEVEL,DRY,NO DEFECTS,,UNABLE TO DETERMINE,NOT APPLICABLE,,NO INDICATION OF INJURY,18,7,41.9251564407,-87.676293521,2025,0,POINT (-87.676293521 41.9251564407),,,,,2025-07-30,False,6,Lincoln Park
13845,30,TRAFFIC SIGNAL,FUNCTIONING PROPERLY,CLEAR,DAYLIGHT,PEDALCYCLIST,NOT DIVIDED,STRAIGHT AND LEVEL,DRY,UNKNOWN,,UNABLE TO DETERMINE,UNABLE TO DETERMINE,,NO INDICATION OF INJURY,19,7,41.9812056652,-87.8367285543,2025,30,POINT (-87.8367285543 41.9812056652),,,,,2025-07-30,False,75,O'Hare
13846,30,TRAFFIC SIGNAL,FUNCTIONING PROPERLY,UNKNOWN,"DARKNESS, LIGHTED ROAD",PEDALCYCLIST,FOUR WAY,STRAIGHT AND LEVEL,UNKNOWN,UNKNOWN,Y,FAILING TO YIELD RIGHT-OF-WAY,NOT APPLICABLE,,NO INDICATION OF INJURY,21,7,41.9217061818,-87.6486897318,2025,30,POINT (-87.6486897318 41.9217061818),,,,,2025-07-30,False,6,Lincoln Park
13847,30,NO CONTROLS,NO CONTROLS,RAIN,"DARKNESS, LIGHTED ROAD",PEDALCYCLIST,DIVIDED - W/MEDIAN (NOT RAISED),STRAIGHT AND LEVEL,WET,NO DEFECTS,,UNABLE TO DETERMINE,UNABLE TO DETERMINE,Y,NONINCAPACITATING INJURY,21,7,41.9102388212,-87.6853442193,2025,30,POINT (-87.6853442193 41.9102388212),,,,,2025-07-30,False,23,West Town
13848,30,NO CONTROLS,NO CONTROLS,CLEAR,DAYLIGHT,PEDALCYCLIST,ALLEY,STRAIGHT AND LEVEL,DRY,NO DEFECTS,,UNABLE TO DETERMINE,NOT APPLICABLE,,"REPORTED, NOT EVIDENT",8,7,41.8913064111,-87.6467262766,2025,30,POINT (-87.6467262766 41.8913064111),,,,,2025-07-31,False,7,Near North Side
13849,30,TRAFFIC SIGNAL,FUNCTIONING PROPERLY,CLEAR,DAYLIGHT,PEDALCYCLIST,ONE-WAY,STRAIGHT AND LEVEL,DRY,NO DEFECTS,,UNABLE TO DETERMINE,UNABLE TO DETERMINE,,NO INDICATION OF INJURY,8,7,41.7766668076,-87.6059089789,2025,30,POINT (-87.6059089789 41.7766668076),,,,,2025-07-31,False,41,Woodlawn
13850,30,UNKNOWN,UNKNOWN,CLEAR,DAYLIGHT,PEDALCYCLIST,NOT DIVIDED,STRAIGHT AND LEVEL,DRY,UNKNOWN,,UNABLE TO DETERMINE,UNABLE TO DETERMINE,,NONINCAPACITATING INJURY,8,7,41.8847505385,-87.6156039565,2025,30,POINT (-87.6156039565 41.8847505385),,,,,2025-07-31,False,31,Loop
13851,30,NO CONTROLS,UNKNOWN,CLEAR,DAYLIGHT,PEDALCYCLIST,ALLEY,STRAIGHT AND LEVEL,DRY,NO DEFECTS,,FAILING TO YIELD RIGHT-OF-WAY,NOT APPLICABLE,,NONINCAPACITATING INJURY,14,7,41.8774343899,-87.6868686067,2025,30,POINT (-87.6868686067 41.8774343899),,,,,2025-07-31,False,27,Near West Side
13852,25,NO CONTROLS,NO CONTROLS,CLEAR,DAYLIGHT,PEDALCYCLIST,ONE-WAY,STRAIGHT AND LEVEL,DRY,NO DEFECTS,,UNABLE TO DETERMINE,NOT APPLICABLE,,"REPORTED, NOT EVIDENT",15,7,41.8776116582,-87.6742278678,2025,25,POINT (-87.6742278678 41.8776116582),,,,,2025-07-31,False,27,Near West Side
13853,30,UNKNOWN,UNKNOWN,CLEAR,DAYLIGHT,PEDALCYCLIST,UNKNOWN,STRAIGHT AND LEVEL,DRY,UNKNOWN,,UNABLE TO DETERMINE,NOT APPLICABLE,,NO INDICATION OF INJURY,15,7,41.8776116582,-87.6742278678,2025,30,POINT (-87.6742278678 41.8776116582),,,,,2025-07-31,False,27,Near West Side
13854,25,STOP SIGN/FLASHER,UNKNOWN,CLEAR,DAYLIGHT,PEDALCYCLIST,NOT DIVIDED,STRAIGHT AND LEVEL,DRY,UNKNOWN,,FAILING TO YIELD RIGHT-OF-WAY,UNABLE TO DETERMINE,,NO INDICATION OF INJURY,17,7,41.9296717548,-87.6876653674,2025,25,POINT (-87.6876653674 41.9296717548),,,,,2025-07-31,False,21,Logan Square
13855,30,NO CONTROLS,NO CONTROLS,CLEAR,DUSK,PEDALCYCLIST,DIVIDED - W/MEDIAN (NOT RAISED),STRAIGHT AND LEVEL,DRY,UNKNOWN,,UNABLE TO DETERMINE,UNABLE TO DETERMINE,,"REPORTED, NOT EVIDENT",20,7,41.9445055612,-87.645371498,2025,30,POINT (-87.645371498 41.9445055612),,,,,2025-07-31,False,5,Lake View
13856,30,TRAFFIC SIGNAL,FUNCTIONING PROPERLY,CLEAR,DARKNESS,PEDALCYCLIST,NOT DIVIDED,STRAIGHT AND LEVEL,DRY,NO DEFECTS,,UNABLE TO DETERMINE,NOT APPLICABLE,,NO INDICATION OF INJURY,22,7,41.8803437792,-87.6521349754,2025,30,POINT (-87.6521349754 41.8803437792),,,,,2025-07-31,False,27,Near West Side
13857,30,TRAFFIC SIGNAL,FUNCTIONING PROPERLY,CLEAR,"DARKNESS, LIGHTED ROAD",PEDALCYCLIST,NOT DIVIDED,STRAIGHT AND LEVEL,DRY,UNKNOWN,,DRIVING SKILLS/KNOWLEDGE/EXPERIENCE,DRIVING SKILLS/KNOWLEDGE/EXPERIENCE,,NO INDICATION OF INJURY,22,7,41.8979197439,-87.6299603379,2025,30,POINT (-87.6299603379 41.8979197439),,,,,2025-07-31,False,7,Near North Side
13858,35,TRAFFIC SIGNAL,OTHER,CLEAR,"DARKNESS, LIGHTED ROAD",PEDALCYCLIST,FOUR WAY,STRAIGHT AND LEVEL,DRY,NO DEFECTS,Y,UNABLE TO DETERMINE,NOT APPLICABLE,Y,NO INDICATION OF INJURY,23,7,41.8900214091,-87.6281540191,2025,35,POINT (-87.6281540191 41.8900214091),,,,,2025-07-31,False,7,Near North Side
13859,30,NO CONTROLS,NO CONTROLS,CLEAR,DAYLIGHT,PEDALCYCLIST,NOT DIVIDED,STRAIGHT AND LEVEL,DRY,NO DEFECTS,,FAILING TO YIELD RIGHT-OF-WAY,UNABLE TO DETERMINE,,INCAPACITATING INJURY,6,8,41.9651783511,-87.6653457158,2025,30,POINT (-87.6653457158 41.9651783511),,,,,2025-08-01,True,2,Uptown
13860,30,UNKNOWN,UNKNOWN,CLEAR,DAYLIGHT,PEDALCYCLIST,NOT DIVIDED,STRAIGHT AND LEVEL,DRY,UNKNOWN,,FAILING TO YIELD RIGHT-OF-WAY,UNABLE TO DETERMINE,,NONINCAPACITATING INJURY,8,8,41.8996760028,-87.6762503504,2025,30,POINT (-87.6762503504 41.8996760028),,,,,2025-08-01,False,23,West Town
13861,30,NO CONTROLS,NO CONTROLS,CLEAR,DAYLIGHT,PEDALCYCLIST,ROUNDABOUT,STRAIGHT AND LEVEL,DRY,NO DEFECTS,,DRIVING ON WRONG SIDE/WRONG WAY,NOT APPLICABLE,,NONINCAPACITATING INJURY,11,8,41.8740819887,-87.6672227593,2025,30,POINT (-87.6672227593 41.8740819887),,,,,2025-08-01,False,27,Near West Side
13862,30,NO CONTROLS,NO CONTROLS,CLEAR,DAYLIGHT,PEDALCYCLIST,NOT DIVIDED,STRAIGHT AND LEVEL,DRY,NO DEFECTS,,UNABLE TO DETERMINE,NOT APPLICABLE,,NONINCAPACITATING INJURY,14,8,41.7769205421,-87.7423840062,2025,30,POINT (-87.7423840062 41.7769205421),,,,,2025-08-01,False,63,Clearing
13863,25,NO CONTROLS,NO CONTROLS,CLEAR,DAYLIGHT,PEDALCYCLIST,NOT DIVIDED,STRAIGHT AND LEVEL,DRY,NO DEFECTS,,UNABLE TO DETERMINE,UNABLE TO DETERMINE,Y,NONINCAPACITATING INJURY,14,8,41.9614340102,-87.6878690426,2025,25,POINT (-87.6878690426 41.9614340102),,,,,2025-08-01,False,3,Lincoln Square
13864,30,NO CONTROLS,NO CONTROLS,CLEAR,DAYLIGHT,PEDALCYCLIST,ONE-WAY,STRAIGHT AND LEVEL,DRY,NO DEFECTS,,"VISION OBSCURED (SIGNS, TREE LIMBS, BUILDINGS, ETC.)",NOT APPLICABLE,Y,NONINCAPACITATING INJURY,15,8,41.986846226,-87.6565661953,2025,30,POINT (-87.6565661953 41.986846226),,,,,2025-08-01,False,76,Edgewater
13865,30,NO CONTROLS,NO CONTROLS,CLEAR,DAYLIGHT,PEDALCYCLIST,NOT DIVIDED,STRAIGHT AND LEVEL,DRY,NO DEFECTS,,IMPROPER LANE USAGE,UNABLE TO DETERMINE,,NO INDICATION OF INJURY,15,8,41.7922841428,-87.7906721081,2025,30,POINT (-87.7906721081 41.7922841428),,,,,2025-08-01,False,55,Garfield Ridge
13866,30,STOP SIGN/FLASHER,FUNCTIONING PROPERLY,CLEAR,DAYLIGHT,PEDALCYCLIST,NOT DIVIDED,STRAIGHT AND LEVEL,DRY,NO DEFECTS,Y,FAILING TO YIELD RIGHT-OF-WAY,OBSTRUCTED CROSSWALKS,,NONINCAPACITATING INJURY,16,8,41.8567736621,-87.666146564,2025,30,POINT (-87.666146564 41.8567736621),,,,,2025-08-01,False,30,Lower West Side
13867,35,TRAFFIC SIGNAL,FUNCTIONING PROPERLY,CLEAR,DUSK,PEDALCYCLIST,T-INTERSECTION,STRAIGHT AND LEVEL,DRY,NO DEFECTS,Y,IMPROPER OVERTAKING/PASSING,UNABLE TO DETERMINE,,NONINCAPACITATING INJURY,16,8,41.9037895847,-87.6398207738,2025,35,POINT (-87.6398207738 41.9037895847),,,,,2025-08-01,False,7,Near North Side
13868,30,NO CONTROLS,NO CONTROLS,CLEAR,DAYLIGHT,PEDALCYCLIST,DIVIDED - W/MEDIAN BARRIER,STRAIGHT AND LEVEL,DRY,UNKNOWN,,IMPROPER OVERTAKING/PASSING,FAILING TO YIELD RIGHT-OF-WAY,,NONINCAPACITATING INJURY,16,8,41.9925636737,-87.6699353525,2025,30,POINT (-87.6699353525 41.9925636737),,,,,2025-08-01,False,76,Edgewater
13869,20,NO CONTROLS,NO CONTROLS,CLEAR,DAYLIGHT,PEDALCYCLIST,ONE-WAY,STRAIGHT AND LEVEL,DRY,UNKNOWN,,UNABLE TO DETERMINE,UNABLE TO DETERMINE,,NONINCAPACITATING INJURY,17,8,41.9703247608,-87.7141677458,2025,20,POINT (-87.7141677458 41.9703247608),,,,,2025-08-01,False,13,Albany Park
13870,30,STOP SIGN/FLASHER,FUNCTIONING PROPERLY,CLEAR,DAYLIGHT,PEDALCYCLIST,FOUR WAY,STRAIGHT AND LEVEL,DRY,NO DEFECTS,Y,DISREGARDING STOP SIGN,FAILING TO YIELD RIGHT-OF-WAY,,NONINCAPACITATING INJURY,17,8,41.847997387,-87.7089415541,2025,30,POINT (-87.7089415541 41.847997387),,,,,2025-08-01,False,28,North Lawndale
13871,25,UNKNOWN,UNKNOWN,CLEAR,DAYLIGHT,PEDALCYCLIST,OTHER,STRAIGHT AND LEVEL,DRY,NO DEFECTS,,FAILING TO YIELD RIGHT-OF-WAY,UNABLE TO DETERMINE,,NONINCAPACITATING INJURY,19,8,41.7217276685,-87.6235839863,2025,25,POINT (-87.6235839863 41.7217276685),,,,,2025-08-01,False,48,Roseland
13872,30,UNKNOWN,UNKNOWN,UNKNOWN,UNKNOWN,PEDALCYCLIST,NOT DIVIDED,STRAIGHT AND LEVEL,UNKNOWN,UNKNOWN,,UNABLE TO DETERMINE,NOT APPLICABLE,,INCAPACITATING INJURY,2,8,41.8861429058,-87.7652186945,2025,30,POINT (-87.7652186945 41.8861429058),,,,,2025-08-02,True,24,Austin
13873,30,TRAFFIC SIGNAL,FUNCTIONING PROPERLY,CLEAR,DAYLIGHT,PEDALCYCLIST,DIVIDED - W/MEDIAN (NOT RAISED),STRAIGHT ON HILLCREST,DRY,NO DEFECTS,Y,UNABLE TO DETERMINE,UNABLE TO DETERMINE,,NONINCAPACITATING INJURY,8,8,41.867294421,-87.6280995193,2025,30,POINT (-87.6280995193 41.867294421),,,,,2025-08-02,False,32,Near South Side