Unnamed: 0,POSTED_SPEED_LIMIT,TRAFFIC_CONTROL_DEVICE,DEVICE_CONDITION,WEATHER_CONDITION,LIGHTING_CONDITION,FIRST_CRASH_TYPE,TRAFFICWAY_TYPE,ALIGNMENT,ROADWAY_SURFACE_COND,ROAD_DEFECT,INTERSECTION_RELATED_I,PRIM_CONTRIBUTORY_CAUSE,SEC_CONTRIBUTORY_CAUSE,DOORING_I,MOST_SEVERE_INJURY,CRASH_HOUR,CRASH_MONTH,LATITUDE,LONGITUDE,CRASH_YEAR,SPEED_LIMIT,geometry,DISPLAYROU,the_geom,DIST,LANE_TYPE,CRASH_DATE,is_severe,index_right,CArea
13874,30,NO CONTROLS,NO CONTROLS,CLEAR,DAYLIGHT,PEDALCYCLIST,NOT DIVIDED,STRAIGHT AND LEVEL,DRY,NO DEFECTS,,UNABLE TO DETERMINE,UNABLE TO DETERMINE,Y,NONINCAPACITATING INJURY,11,8,41.9060866657,-87.6698578756,2025,30,POINT (-87.6698578756 41.9060866657),,,,,2025-08-02,False,23,West Town
13875,15,NO CONTROLS,NO CONTROLS,CLEAR,DAYLIGHT,PEDALCYCLIST,ALLEY,STRAIGHT AND LEVEL,DRY,UNKNOWN,,FAILING TO REDUCE SPEED TO AVOID CRASH,UNABLE TO DETERMINE,,"REPORTED, NOT EVIDENT",11,8,41.9698384572,-87.7383667294,2025,15,POINT (-87.7383667294 41.9698384572),,,,,2025-08-02,False,11,Forest Glen
13876,30,NO CONTROLS,NO CONTROLS,CLEAR,DAYLIGHT,PEDALCYCLIST,NOT DIVIDED,STRAIGHT AND LEVEL,DRY,NO DEFECTS,,UNABLE TO DETERMINE,NOT APPLICABLE,,NO INDICATION OF INJURY,12,8,41.947401735,-87.6496365844,2025,30,POINT (-87.6496365844 41.947401735),,,,,2025-08-02,False,5,Lake View
13877,30,STOP SIGN/FLASHER,UNKNOWN,CLEAR,DAYLIGHT,PEDALCYCLIST,OTHER,STRAIGHT AND LEVEL,DRY,NO DEFECTS,,UNABLE TO DETERMINE,NOT APPLICABLE,,NO INDICATION OF INJURY,13,8,41.7734534888,-87.5946499216,2025,30,POINT (-87.5946499216 41.7734534888),,,,,2025-08-02,False,41,Woodlawn
13878,30,TRAFFIC SIGNAL,FUNCTIONING PROPERLY,CLEAR,DAYLIGHT,PEDALCYCLIST,NOT DIVIDED,STRAIGHT AND LEVEL,DRY,NO DEFECTS,Y,FAILING TO YIELD RIGHT-OF-WAY,TURNING RIGHT ON RED,,"REPORTED, NOT EVIDENT",14,8,41.8452880844,-87.6463015022,2025,30,POINT (-87.6463015022 41.8452880844),,,,,2025-08-02,False,30,Lower West Side
13879,30,TRAFFIC SIGNAL,FUNCTIONING PROPERLY,CLEAR,DAYLIGHT,PEDALCYCLIST,NOT DIVIDED,STRAIGHT AND LEVEL,DRY,NO DEFECTS,Y,NOT APPLICABLE,NOT APPLICABLE,,NONINCAPACITATING INJURY,16,8,41.8382159984,-87.6414801026,2025,30,POINT (-87.6414801026 41.8382159984),,,,,2025-08-02,False,30,Lower West Side
13880,30,NO CONTROLS,NO CONTROLS,CLEAR,DAYLIGHT,PEDALCYCLIST,ONE-WAY,STRAIGHT AND LEVEL,DRY,NO DEFECTS,,FAILING TO REDUCE SPEED TO AVOID CRASH,UNABLE TO DETERMINE,,NO INDICATION OF INJURY,16,8,41.919413469,-87.8007569047,2025,30,POINT (-87.8007569047 41.919413469),,,,,2025-08-02,False,17,Montclare
13881,30,TRAFFIC SIGNAL,FUNCTIONING PROPERLY,CLEAR,DAYLIGHT,PEDALCYCLIST,FOUR WAY,STRAIGHT AND LEVEL,DRY,NO DEFECTS,Y,UNABLE TO DETERMINE,NOT APPLICABLE,,NO INDICATION OF INJURY,18,8,41.879427045,-87.6278564858,2025,30,POINT (-87.6278564858 41.879427045),,,,,2025-08-02,False,31,Loop
13882,30,TRAFFIC SIGNAL,FUNCTIONING PROPERLY,CLEAR,DAYLIGHT,PEDALCYCLIST,FOUR WAY,STRAIGHT AND LEVEL,DRY,NO DEFECTS,Y,DISREGARDING STOP SIGN,NOT APPLICABLE,,NONINCAPACITATING INJURY,19,8,41.9892390479,-87.6698040107,2025,30,POINT (-87.6698040107 41.9892390479),,,,,2025-08-02,False,76,Edgewater
13883,30,TRAFFIC SIGNAL,FUNCTIONING PROPERLY,CLEAR,DAYLIGHT,PEDALCYCLIST,DIVIDED - W/MEDIAN (NOT RAISED),STRAIGHT AND LEVEL,DRY,NO DEFECTS,,DISREGARDING OTHER TRAFFIC SIGNS,UNABLE TO DETERMINE,,NONINCAPACITATING INJURY,6,8,41.7714827844,-87.7226398352,2025,30,POINT (-87.7226398352 41.7714827844),,,,,2025-08-03,False,64,West Lawn
13884,30,TRAFFIC SIGNAL,FUNCTIONING PROPERLY,CLEAR,DAYLIGHT,PEDALCYCLIST,ONE-WAY,STRAIGHT AND LEVEL,DRY,NO DEFECTS,Y,FAILING TO YIELD RIGHT-OF-WAY,UNABLE TO DETERMINE,,"REPORTED, NOT EVIDENT",11,8,41.893255983,-87.6266124637,2025,30,POINT (-87.6266124637 41.893255983),,,,,2025-08-03,False,7,Near North Side
13885,30,STOP SIGN/FLASHER,FUNCTIONING PROPERLY,CLEAR,DAYLIGHT,PEDALCYCLIST,NOT DIVIDED,STRAIGHT AND LEVEL,DRY,NO DEFECTS,,NOT APPLICABLE,NOT APPLICABLE,,NONINCAPACITATING INJURY,13,8,41.7934699228,-87.7009697777,2025,30,POINT (-87.7009697777 41.7934699228),,,,,2025-08-03,False,62,Gage Park
13886,30,NO CONTROLS,NO CONTROLS,CLEAR,DAYLIGHT,PEDALCYCLIST,NOT DIVIDED,STRAIGHT AND LEVEL,DRY,NO DEFECTS,,UNABLE TO DETERMINE,NOT APPLICABLE,Y,"REPORTED, NOT EVIDENT",14,8,41.8541165001,-87.6661959393,2025,30,POINT (-87.6661959393 41.8541165001),,,,,2025-08-03,False,30,Lower West Side
13887,30,TRAFFIC SIGNAL,UNKNOWN,CLEAR,DAYLIGHT,PEDALCYCLIST,DIVIDED - W/MEDIAN (NOT RAISED),STRAIGHT AND LEVEL,DRY,UNKNOWN,,FAILING TO YIELD RIGHT-OF-WAY,NOT APPLICABLE,,NO INDICATION OF INJURY,14,8,41.8966859183,-87.6357766906,2025,30,POINT (-87.6357766906 41.8966859183),,,,,2025-08-03,False,7,Near North Side
13888,35,NO CONTROLS,UNKNOWN,CLEAR,DAYLIGHT,PEDALCYCLIST,NOT DIVIDED,STRAIGHT AND LEVEL,DRY,NO DEFECTS,,DISREGARDING TRAFFIC SIGNALS,NOT APPLICABLE,,NO INDICATION OF INJURY,16,8,41.9900568134,-87.655531287,2025,35,POINT (-87.655531287 41.9900568134),,,,,2025-08-03,False,76,Edgewater
13889,30,NO CONTROLS,NO CONTROLS,CLEAR,DAYLIGHT,PEDALCYCLIST,NOT DIVIDED,STRAIGHT AND LEVEL,DRY,NO DEFECTS,,DRIVING ON WRONG SIDE/WRONG WAY,NOT APPLICABLE,,NO INDICATION OF INJURY,17,8,41.791272484,-87.7244031411,2025,30,POINT (-87.7244031411 41.791272484),,,,,2025-08-03,False,61,West Elsdon
13890,30,NO CONTROLS,NO CONTROLS,CLEAR,DAYLIGHT,PEDALCYCLIST,ALLEY,STRAIGHT AND LEVEL,DRY,UNKNOWN,,UNABLE TO DETERMINE,NOT APPLICABLE,,INCAPACITATING INJURY,17,8,41.8103024957,-87.6657193071,2025,30,POINT (-87.6657193071 41.8103024957),,,,,2025-08-03,True,60,New City
13891,30,NO CONTROLS,NO CONTROLS,CLEAR,DAWN,PEDALCYCLIST,PARKING LOT,STRAIGHT AND LEVEL,DRY,UNKNOWN,,UNABLE TO DETERMINE,UNABLE TO DETERMINE,,NO INDICATION OF INJURY,19,8,41.8952609502,-87.7257442925,2025,30,POINT (-87.7257442925 41.8952609502),,,,,2025-08-03,False,22,Humboldt Park
13892,30,NO CONTROLS,NO CONTROLS,CLEAR,DAYLIGHT,PEDALCYCLIST,NOT DIVIDED,STRAIGHT AND LEVEL,DRY,WORN SURFACE,,UNABLE TO DETERMINE,UNABLE TO DETERMINE,,NONINCAPACITATING INJURY,20,8,41.8341545099,-87.6742072705,2025,30,POINT (-87.6742072705 41.8341545099),,,,,2025-08-03,False,58,Mckinley Park
13893,20,NO CONTROLS,NO CONTROLS,CLEAR,DARKNESS,PEDALCYCLIST,NOT DIVIDED,STRAIGHT AND LEVEL,DRY,NO DEFECTS,,UNABLE TO DETERMINE,FAILING TO YIELD RIGHT-OF-WAY,,"REPORTED, NOT EVIDENT",21,8,41.7660130088,-87.7238067518,2025,20,POINT (-87.7238067518 41.7660130088),,,,,2025-08-03,False,64,West Lawn
13894,30,NO CONTROLS,NO CONTROLS,CLEAR,"DARKNESS, LIGHTED ROAD",PEDALCYCLIST,ONE-WAY,STRAIGHT AND LEVEL,DRY,NO DEFECTS,,UNABLE TO DETERMINE,NOT APPLICABLE,,NONINCAPACITATING INJURY,21,8,41.7660130088,-87.7238067518,2025,30,POINT (-87.7238067518 41.7660130088),,,,,2025-08-03,False,64,West Lawn
13895,30,NO CONTROLS,NO CONTROLS,UNKNOWN,UNKNOWN,PEDALCYCLIST,NOT DIVIDED,STRAIGHT AND LEVEL,UNKNOWN,UNKNOWN,,UNABLE TO DETERMINE,NOT APPLICABLE,,"REPORTED, NOT EVIDENT",22,8,41.8954290243,-87.7080924342,2025,30,POINT (-87.7080924342 41.8954290243),,,,,2025-08-03,False,22,Humboldt Park
13896,30,NO CONTROLS,NO CONTROLS,CLEAR,"DARKNESS, LIGHTED ROAD",PEDALCYCLIST,NOT DIVIDED,STRAIGHT AND LEVEL,DRY,NO DEFECTS,,FAILING TO REDUCE SPEED TO AVOID CRASH,DRIVING SKILLS/KNOWLEDGE/EXPERIENCE,,"REPORTED, NOT EVIDENT",22,8,41.8695830899,-87.6257373175,2025,30,POINT (-87.6257373175 41.8695830899),,,,,2025-08-03,False,31,Loop
13897,30,STOP SIGN/FLASHER,FUNCTIONING PROPERLY,CLEAR,"DARKNESS, LIGHTED ROAD",PEDALCYCLIST,NOT DIVIDED,STRAIGHT AND LEVEL,DRY,UNKNOWN,,UNABLE TO DETERMINE,FAILING TO REDUCE SPEED TO AVOID CRASH,,INCAPACITATING INJURY,23,8,41.8900956503,-87.6576022531,2025,30,POINT (-87.6576022531 41.8900956503),,,,,2025-08-03,True,7,Near North Side
13898,30,NO CONTROLS,NO CONTROLS,CLEAR,DAYLIGHT,PEDALCYCLIST,NOT DIVIDED,STRAIGHT AND LEVEL,DRY,NO DEFECTS,,"VISION OBSCURED (SIGNS, TREE LIMBS, BUILDINGS, ETC.)",NOT APPLICABLE,,NONINCAPACITATING INJURY,13,8,41.9301493799,-87.6846468858,2025,30,POINT (-87.6846468858 41.9301493799),,,,,2025-08-04,False,21,Logan Square
13899,10,NO CONTROLS,NO CONTROLS,CLEAR,DAYLIGHT,PEDALCYCLIST,ALLEY,STRAIGHT AND LEVEL,DRY,NO DEFECTS,,NOT APPLICABLE,NOT APPLICABLE,Y,NO INDICATION OF INJURY,15,8,41.916574691,-87.6856906019,2025,10,POINT (-87.6856906019 41.916574691),,,,,2025-08-04,False,21,Logan Square
13900,30,TRAFFIC SIGNAL,FUNCTIONING PROPERLY,CLEAR,DAYLIGHT,PEDALCYCLIST,DIVIDED - W/MEDIAN (NOT RAISED),STRAIGHT AND LEVEL,DRY,NO DEFECTS,Y,IMPROPER OVERTAKING/PASSING,UNABLE TO DETERMINE,,NONINCAPACITATING INJURY,15,8,41.9757388464,-87.7280923439,2025,30,POINT (-87.7280923439 41.9757388464),,,,,2025-08-04,False,11,Forest Glen
13901,35,TRAFFIC SIGNAL,FUNCTIONING PROPERLY,CLEAR,DAYLIGHT,PEDALCYCLIST,FOUR WAY,STRAIGHT AND LEVEL,DRY,NO DEFECTS,Y,FAILING TO YIELD RIGHT-OF-WAY,FAILING TO REDUCE SPEED TO AVOID CRASH,,"REPORTED, NOT EVIDENT",15,8,41.9937115057,-87.7876798352,2025,35,POINT (-87.7876798352 41.9937115057),,,,,2025-08-04,False,10,Jefferson Park
13902,20,TRAFFIC SIGNAL,FUNCTIONING PROPERLY,CLEAR,DAYLIGHT,PEDALCYCLIST,FOUR WAY,STRAIGHT AND LEVEL,DRY,NO DEFECTS,Y,DISREGARDING TRAFFIC SIGNALS,FAILING TO YIELD RIGHT-OF-WAY,,NONINCAPACITATING INJURY,16,8,41.8856437201,-87.6426248574,2025,20,POINT (-87.6426248574 41.8856437201),,,,,2025-08-04,False,27,Near West Side
13903,15,NO CONTROLS,NO CONTROLS,CLEAR,DAYLIGHT,PEDALCYCLIST,ALLEY,STRAIGHT AND LEVEL,DRY,NO DEFECTS,,FAILING TO REDUCE SPEED TO AVOID CRASH,DRIVING SKILLS/KNOWLEDGE/EXPERIENCE,,"REPORTED, NOT EVIDENT",17,8,41.9922284494,-87.6568081757,2025,15,POINT (-87.6568081757 41.9922284494),,,,,2025-08-04,False,76,Edgewater
13904,30,STOP SIGN/FLASHER,FUNCTIONING PROPERLY,CLEAR,DAYLIGHT,PEDALCYCLIST,ONE-WAY,STRAIGHT AND LEVEL,DRY,NO DEFECTS,,FAILING TO YIELD RIGHT-OF-WAY,FOLLOWING TOO CLOSELY,,NONINCAPACITATING INJURY,18,8,41.915481472,-87.7018833279,2025,30,POINT (-87.7018833279 41.915481472),,,,,2025-08-04,False,21,Logan Square
13905,30,NO CONTROLS,NO CONTROLS,CLEAR,"DARKNESS, LIGHTED ROAD",PEDALCYCLIST,DIVIDED - W/MEDIAN BARRIER,STRAIGHT AND LEVEL,DRY,NO DEFECTS,,FAILING TO REDUCE SPEED TO AVOID CRASH,NOT APPLICABLE,,NO INDICATION OF INJURY,20,8,41.7888914342,-87.7032795922,2025,30,POINT (-87.7032795922 41.7888914342),,,,,2025-08-04,False,62,Gage Park
13906,30,TRAFFIC SIGNAL,FUNCTIONING PROPERLY,CLEAR,"DARKNESS, LIGHTED ROAD",PEDALCYCLIST,DIVIDED - W/MEDIAN (NOT RAISED),STRAIGHT AND LEVEL,DRY,NO DEFECTS,Y,UNABLE TO DETERMINE,UNABLE TO DETERMINE,,INCAPACITATING INJURY,21,8,41.9325125598,-87.668457304,2025,30,POINT (-87.668457304 41.9325125598),,,,,2025-08-04,True,5,Lake View
13907,30,TRAFFIC SIGNAL,FUNCTIONING PROPERLY,CLEAR,DAYLIGHT,PEDALCYCLIST,DIVIDED - W/MEDIAN (NOT RAISED),STRAIGHT AND LEVEL,DRY,UNKNOWN,,CELL PHONE USE OTHER THAN TEXTING,NOT APPLICABLE,,NONINCAPACITATING INJURY,7,8,41.9691380142,-87.6598213024,2025,30,POINT (-87.6598213024 41.9691380142),,,,,2025-08-05,False,2,Uptown
13908,30,NO CONTROLS,NO CONTROLS,CLEAR,DAYLIGHT,PEDALCYCLIST,DIVIDED - W/MEDIAN (NOT RAISED),STRAIGHT AND LEVEL,DRY,NO DEFECTS,,DRIVING SKILLS/KNOWLEDGE/EXPERIENCE,DRIVING SKILLS/KNOWLEDGE/EXPERIENCE,,NONINCAPACITATING INJURY,12,8,41.9400537875,-87.6518877318,2025,30,POINT (-87.6518877318 41.9400537875),,,,,2025-08-05,False,5,Lake View
13909,20,NO CONTROLS,NO CONTROLS,CLEAR,DAYLIGHT,PEDALCYCLIST,L-INTERSECTION,STRAIGHT AND LEVEL,DRY,NO DEFECTS,Y,UNABLE TO DETERMINE,UNABLE TO DETERMINE,,NONINCAPACITATING INJURY,14,8,41.790217406,-87.6901835578,2025,20,POINT (-87.6901835578 41.790217406),,,,,2025-08-05,False,62,Gage Park
13910,30,NO CONTROLS,NO CONTROLS,CLEAR,DAYLIGHT,PEDALCYCLIST,NOT DIVIDED,STRAIGHT AND LEVEL,DRY,NO DEFECTS,,UNABLE TO DETERMINE,NOT APPLICABLE,Y,"REPORTED, NOT EVIDENT",16,8,41.8648845442,-87.6467036088,2025,30,POINT (-87.6467036088 41.8648845442),,,,,2025-08-05,False,27,Near West Side
13911,25,TRAFFIC SIGNAL,FUNCTIONING PROPERLY,CLEAR,DAYLIGHT,PEDALCYCLIST,NOT DIVIDED,STRAIGHT AND LEVEL,DRY,NO DEFECTS,,DISTRACTION - FROM OUTSIDE VEHICLE,UNABLE TO DETERMINE,,NONINCAPACITATING INJURY,18,8,41.8959794601,-87.6793807365,2025,25,POINT (-87.6793807365 41.8959794601),,,,,2025-08-05,False,23,West Town
13912,30,TRAFFIC SIGNAL,UNKNOWN,UNKNOWN,UNKNOWN,PEDALCYCLIST,ONE-WAY,STRAIGHT AND LEVEL,UNKNOWN,UNKNOWN,,UNABLE TO DETERMINE,NOT APPLICABLE,Y,NONINCAPACITATING INJURY,18,8,41.9610516399,-87.7230775689,2025,30,POINT (-87.7230775689 41.9610516399),,,,,2025-08-05,False,13,Albany Park
13913,35,NO CONTROLS,NO CONTROLS,CLEAR,DAYLIGHT,PEDALCYCLIST,DIVIDED - W/MEDIAN (NOT RAISED),STRAIGHT AND LEVEL,DRY,NO DEFECTS,,FAILING TO REDUCE SPEED TO AVOID CRASH,NOT APPLICABLE,,INCAPACITATING INJURY,18,8,41.9972446923,-87.7875848099,2025,35,POINT (-87.7875848099 41.9972446923),,,,,2025-08-05,True,10,Jefferson Park
13914,30,NO CONTROLS,NO CONTROLS,CLEAR,DAYLIGHT,PEDALCYCLIST,NOT DIVIDED,STRAIGHT AND LEVEL,DRY,NO DEFECTS,,IMPROPER LANE USAGE,NOT APPLICABLE,Y,"REPORTED, NOT EVIDENT",19,8,41.9473223667,-87.6590202458,2025,30,POINT (-87.6590202458 41.9473223667),,,,,2025-08-05,False,5,Lake View
13915,30,TRAFFIC SIGNAL,FUNCTIONING PROPERLY,CLEAR,"DARKNESS, LIGHTED ROAD",PEDALCYCLIST,FOUR WAY,STRAIGHT AND LEVEL,DRY,UNKNOWN,Y,PHYSICAL CONDITION OF DRIVER,FAILING TO REDUCE SPEED TO AVOID CRASH,,NONINCAPACITATING INJURY,22,8,41.8971305783,-87.6243300313,2025,30,POINT (-87.6243300313 41.8971305783),,,,,2025-08-05,False,7,Near North Side
13916,30,NO CONTROLS,NO CONTROLS,CLEAR,DAYLIGHT,PEDALCYCLIST,ONE-WAY,STRAIGHT AND LEVEL,DRY,UNKNOWN,,IMPROPER TURNING/NO SIGNAL,NOT APPLICABLE,,NO INDICATION OF INJURY,8,8,41.8951081058,-87.6218079229,2025,30,POINT (-87.6218079229 41.8951081058),,,,,2025-08-06,False,7,Near North Side
13917,30,TRAFFIC SIGNAL,FUNCTIONING PROPERLY,CLEAR,DAYLIGHT,PEDALCYCLIST,NOT DIVIDED,STRAIGHT AND LEVEL,DRY,NO DEFECTS,Y,DISREGARDING TRAFFIC SIGNALS,FAILING TO YIELD RIGHT-OF-WAY,,NO INDICATION OF INJURY,8,8,41.8980794604,-87.6313543871,2025,30,POINT (-87.6313543871 41.8980794604),,,,,2025-08-06,False,7,Near North Side
13918,20,STOP SIGN/FLASHER,UNKNOWN,CLEAR,DAYLIGHT,PEDALCYCLIST,FOUR WAY,STRAIGHT AND LEVEL,DRY,NO DEFECTS,Y,FAILING TO YIELD RIGHT-OF-WAY,NOT APPLICABLE,,NONINCAPACITATING INJURY,9,8,41.9652001122,-87.6637697974,2025,20,POINT (-87.6637697974 41.9652001122),,,,,2025-08-06,False,2,Uptown
13919,30,TRAFFIC SIGNAL,FUNCTIONING PROPERLY,CLEAR,DAYLIGHT,PEDALCYCLIST,NOT DIVIDED,STRAIGHT AND LEVEL,DRY,NO DEFECTS,,FAILING TO YIELD RIGHT-OF-WAY,NOT APPLICABLE,Y,NONINCAPACITATING INJURY,9,8,41.9218518585,-87.6532623925,2025,30,POINT (-87.6532623925 41.9218518585),,,,,2025-08-06,False,6,Lincoln Park
13920,20,NO CONTROLS,NO CONTROLS,CLEAR,DAYLIGHT,PEDALCYCLIST,DIVIDED - W/MEDIAN (NOT RAISED),STRAIGHT AND LEVEL,DRY,NO DEFECTS,,FAILING TO YIELD RIGHT-OF-WAY,UNABLE TO DETERMINE,,NONINCAPACITATING INJURY,12,8,41.9684865232,-87.6908463582,2025,20,POINT (-87.6908463582 41.9684865232),,,,,2025-08-06,False,3,Lincoln Square
13921,35,TRAFFIC SIGNAL,FUNCTIONING PROPERLY,CLEAR,DAYLIGHT,PEDALCYCLIST,UNKNOWN,STRAIGHT AND LEVEL,DRY,UNKNOWN,N,UNABLE TO DETERMINE,UNABLE TO DETERMINE,,NONINCAPACITATING INJURY,13,8,41.8966287499,-87.6396388756,2025,35,POINT (-87.6396388756 41.8966287499),,,,,2025-08-06,False,7,Near North Side
13922,35,TRAFFIC SIGNAL,FUNCTIONING PROPERLY,CLEAR,DAYLIGHT,PEDALCYCLIST,NOT DIVIDED,STRAIGHT AND LEVEL,DRY,NO DEFECTS,,IMPROPER OVERTAKING/PASSING,UNABLE TO DETERMINE,N,NO INDICATION OF INJURY,13,8,41.9618096756,-87.6609051075,2025,35,POINT (-87.6609051075 41.9618096756),,,,,2025-08-06,False,2,Uptown
13923,30,NO CONTROLS,NO CONTROLS,CLEAR,DAYLIGHT,PEDALCYCLIST,DIVIDED - W/MEDIAN (NOT RAISED),STRAIGHT AND LEVEL,DRY,NO DEFECTS,,UNABLE TO DETERMINE,NOT APPLICABLE,,NONINCAPACITATING INJURY,13,8,41.9239048016,-87.7777769555,2025,30,POINT (-87.7777769555 41.9239048016),,,,,2025-08-06,False,18,Belmont Cragin
13924,30,STOP SIGN/FLASHER,NO CONTROLS,CLEAR,DAYLIGHT,PEDALCYCLIST,NOT DIVIDED,STRAIGHT AND LEVEL,DRY,NO DEFECTS,Y,FAILING TO YIELD RIGHT-OF-WAY,FAILING TO YIELD RIGHT-OF-WAY,,NONINCAPACITATING INJURY,14,8,41.864251194,-87.7252627897,2025,30,POINT (-87.7252627897 41.864251194),,,,,2025-08-06,False,28,North Lawndale
13925,30,TRAFFIC SIGNAL,FUNCTIONING PROPERLY,CLEAR,DAYLIGHT,PEDALCYCLIST,FOUR WAY,STRAIGHT AND LEVEL,DRY,NO DEFECTS,Y,FAILING TO YIELD RIGHT-OF-WAY,NOT APPLICABLE,,NONINCAPACITATING INJURY,15,8,41.8845516127,-87.6398742409,2025,30,POINT (-87.6398742409 41.8845516127),,,,,2025-08-06,False,27,Near West Side
13926,30,STOP SIGN/FLASHER,NO CONTROLS,CLEAR,DAYLIGHT,PEDALCYCLIST,NOT DIVIDED,STRAIGHT AND LEVEL,DRY,NO DEFECTS,,FAILING TO YIELD RIGHT-OF-WAY,NOT APPLICABLE,,NONINCAPACITATING INJURY,15,8,41.8890249685,-87.6370471336,2025,30,POINT (-87.6370471336 41.8890249685),,,,,2025-08-06,False,7,Near North Side
13927,30,TRAFFIC SIGNAL,FUNCTIONING PROPERLY,CLEAR,DAYLIGHT,PEDALCYCLIST,FOUR WAY,STRAIGHT AND LEVEL,DRY,NO DEFECTS,Y,DISREGARDING TRAFFIC SIGNALS,NOT APPLICABLE,,NO INDICATION OF INJURY,15,8,41.8956153135,-87.7067053251,2025,30,POINT (-87.7067053251 41.8956153135),,,,,2025-08-06,False,22,Humboldt Park
13928,20,STOP SIGN/FLASHER,FUNCTIONING PROPERLY,CLEAR,DAYLIGHT,PEDALCYCLIST,FOUR WAY,STRAIGHT AND LEVEL,DRY,NO DEFECTS,Y,FAILING TO YIELD RIGHT-OF-WAY,NOT APPLICABLE,,NONINCAPACITATING INJURY,17,8,41.9366619829,-87.7881734313,2025,20,POINT (-87.7881734313 41.9366619829),,,,,2025-08-06,False,16,Dunning
13929,30,NO CONTROLS,NO CONTROLS,CLEAR,DAYLIGHT,PEDALCYCLIST,ONE-WAY,STRAIGHT AND LEVEL,DRY,NO DEFECTS,,UNABLE TO DETERMINE,UNABLE TO DETERMINE,,NO INDICATION OF INJURY,19,8,41.8846028549,-87.6271869402,2025,30,POINT (-87.6271869402 41.8846028549),,,,,2025-08-06,False,31,Loop
13930,30,TRAFFIC SIGNAL,FUNCTIONING PROPERLY,CLEAR,"DARKNESS, LIGHTED ROAD",PEDALCYCLIST,FOUR WAY,STRAIGHT AND LEVEL,DRY,NO DEFECTS,,FAILING TO YIELD RIGHT-OF-WAY,NOT APPLICABLE,N,"REPORTED, NOT EVIDENT",21,8,41.8591089913,-87.6465339832,2025,30,POINT (-87.6465339832 41.8591089913),,,,,2025-08-06,False,27,Near West Side
13931,30,TRAFFIC SIGNAL,FUNCTIONING PROPERLY,CLEAR,"DARKNESS, LIGHTED ROAD",PEDALCYCLIST,TRAFFIC ROUTE,STRAIGHT AND LEVEL,DRY,NO DEFECTS,Y,FAILING TO YIELD RIGHT-OF-WAY,FAILING TO REDUCE SPEED TO AVOID CRASH,,NONINCAPACITATING INJURY,22,8,41.9154407553,-87.7263701278,2025,30,POINT (-87.7263701278 41.9154407553),,,,,2025-08-06,False,19,Hermosa
13933,30,NO CONTROLS,NO CONTROLS,CLEAR,DAYLIGHT,PEDALCYCLIST,NOT DIVIDED,STRAIGHT AND LEVEL,DRY,NO DEFECTS,,FAILING TO YIELD RIGHT-OF-WAY,DRIVING SKILLS/KNOWLEDGE/EXPERIENCE,Y,NONINCAPACITATING INJURY,7,8,41.906236605,-87.6712133484,2025,30,POINT (-87.6712133484 41.906236605),,,,,2025-08-07,False,23,West Town
13934,30,TRAFFIC SIGNAL,UNKNOWN,CLEAR,DAYLIGHT,PEDALCYCLIST,NOT DIVIDED,STRAIGHT AND LEVEL,DRY,UNKNOWN,Y,UNABLE TO DETERMINE,NOT APPLICABLE,,NONINCAPACITATING INJURY,8,8,41.9201828384,-87.6931390405,2025,30,POINT (-87.6931390405 41.9201828384),,,,,2025-08-07,False,21,Logan Square
13935,30,TRAFFIC SIGNAL,FUNCTIONING PROPERLY,CLEAR,DAYLIGHT,PEDALCYCLIST,DIVIDED - W/MEDIAN (NOT RAISED),STRAIGHT AND LEVEL,DRY,NO DEFECTS,Y,DISREGARDING TRAFFIC SIGNALS,FAILING TO YIELD RIGHT-OF-WAY,,NONINCAPACITATING INJURY,13,8,41.8491604027,-87.6271478543,2025,30,POINT (-87.6271478543 41.8491604027),,,,,2025-08-07,False,32,Near South Side
13936,30,NO CONTROLS,NO CONTROLS,CLEAR,DAYLIGHT,PEDALCYCLIST,NOT DIVIDED,STRAIGHT AND LEVEL,DRY,NO DEFECTS,,FAILING TO REDUCE SPEED TO AVOID CRASH,UNABLE TO DETERMINE,,NONINCAPACITATING INJURY,13,8,41.8941115899,-87.7554231431,2025,30,POINT (-87.7554231431 41.8941115899),,,,,2025-08-07,False,24,Austin
13937,30,NO CONTROLS,NO CONTROLS,CLEAR,DAYLIGHT,PEDALCYCLIST,NOT DIVIDED,STRAIGHT AND LEVEL,DRY,NO DEFECTS,Y,IMPROPER OVERTAKING/PASSING,NOT APPLICABLE,,NONINCAPACITATING INJURY,15,8,41.7506862056,-87.633459774,2025,30,POINT (-87.633459774 41.7506862056),,,,,2025-08-07,False,43,Chatham
13938,35,NO CONTROLS,NO CONTROLS,CLEAR,DAYLIGHT,PEDALCYCLIST,ONE-WAY,STRAIGHT AND LEVEL,DRY,NO DEFECTS,,FAILING TO YIELD RIGHT-OF-WAY,FAILING TO YIELD RIGHT-OF-WAY,,"REPORTED, NOT EVIDENT",16,8,41.9996129197,-87.6923149608,2025,35,POINT (-87.6923149608 41.9996129197),,,,,2025-08-07,False,1,West Ridge
13939,30,NO CONTROLS,NO CONTROLS,CLEAR,DAYLIGHT,PEDALCYCLIST,ONE-WAY,STRAIGHT AND LEVEL,DRY,NO DEFECTS,,DISREGARDING ROAD MARKINGS,UNABLE TO DETERMINE,,NO INDICATION OF INJURY,16,8,41.9238989321,-87.7513695328,2025,30,POINT (-87.7513695328 41.9238989321),,,,,2025-08-07,False,18,Belmont Cragin