Unnamed: 0,POSTED_SPEED_LIMIT,TRAFFIC_CONTROL_DEVICE,DEVICE_CONDITION,WEATHER_CONDITION,LIGHTING_CONDITION,FIRST_CRASH_TYPE,TRAFFICWAY_TYPE,ALIGNMENT,ROADWAY_SURFACE_COND,ROAD_DEFECT,INTERSECTION_RELATED_I,PRIM_CONTRIBUTORY_CAUSE,SEC_CONTRIBUTORY_CAUSE,DOORING_I,MOST_SEVERE_INJURY,CRASH_HOUR,CRASH_MONTH,LATITUDE,LONGITUDE,CRASH_YEAR,SPEED_LIMIT,geometry,DISPLAYROU,the_geom,DIST,LANE_TYPE,CRASH_DATE,is_severe,index_right,CArea
13940,30,STOP SIGN/FLASHER,NO CONTROLS,CLEAR,DAYLIGHT,PEDALCYCLIST,FOUR WAY,STRAIGHT AND LEVEL,DRY,NO DEFECTS,Y,UNABLE TO DETERMINE,UNABLE TO DETERMINE,,NONINCAPACITATING INJURY,17,8,41.7656797434,-87.6117804087,2025,30,POINT (-87.6117804087 41.7656797434),,,,,2025-08-07,False,68,Grand Crossing
13941,25,NO CONTROLS,NO CONTROLS,CLEAR,DAYLIGHT,PEDALCYCLIST,ONE-WAY,STRAIGHT AND LEVEL,DRY,NO DEFECTS,,FAILING TO YIELD RIGHT-OF-WAY,NOT APPLICABLE,,NO INDICATION OF INJURY,18,8,41.9899464074,-87.6583148831,2025,25,POINT (-87.6583148831 41.9899464074),,,,,2025-08-07,False,76,Edgewater
13942,30,TRAFFIC SIGNAL,NO CONTROLS,CLEAR,DUSK,PEDALCYCLIST,DIVIDED - W/MEDIAN (NOT RAISED),STRAIGHT AND LEVEL,DRY,NO DEFECTS,,IMPROPER OVERTAKING/PASSING,NOT APPLICABLE,,NO INDICATION OF INJURY,18,8,41.7505319204,-87.702568133,2025,30,POINT (-87.702568133 41.7505319204),,,,,2025-08-07,False,69,Ashburn
13943,30,OTHER,FUNCTIONING PROPERLY,CLEAR,DUSK,PEDALCYCLIST,DIVIDED - W/MEDIAN (NOT RAISED),STRAIGHT AND LEVEL,DRY,NO DEFECTS,,DISREGARDING ROAD MARKINGS,NOT APPLICABLE,,NONINCAPACITATING INJURY,20,8,41.891658154,-87.6368791854,2025,30,POINT (-87.6368791854 41.891658154),,,,,2025-08-07,False,7,Near North Side
13944,30,TRAFFIC SIGNAL,FUNCTIONING PROPERLY,CLEAR,"DARKNESS, LIGHTED ROAD",PEDALCYCLIST,NOT DIVIDED,STRAIGHT AND LEVEL,DRY,NO DEFECTS,,FAILING TO YIELD RIGHT-OF-WAY,NOT APPLICABLE,,NO INDICATION OF INJURY,22,8,41.9472645104,-87.6496314156,2025,30,POINT (-87.6496314156 41.9472645104),,,,,2025-08-07,False,5,Lake View
13945,30,NO CONTROLS,NO CONTROLS,CLEAR,"DARKNESS, LIGHTED ROAD",PEDALCYCLIST,DIVIDED - W/MEDIAN (NOT RAISED),STRAIGHT AND LEVEL,DRY,UNKNOWN,,UNABLE TO DETERMINE,NOT APPLICABLE,Y,NONINCAPACITATING INJURY,23,8,41.8640755308,-87.6466830866,2025,30,POINT (-87.6466830866 41.8640755308),,,,,2025-08-07,False,27,Near West Side
13946,30,TRAFFIC SIGNAL,UNKNOWN,UNKNOWN,UNKNOWN,PEDALCYCLIST,FOUR WAY,STRAIGHT AND LEVEL,UNKNOWN,UNKNOWN,Y,IMPROPER LANE USAGE,UNABLE TO DETERMINE,,"REPORTED, NOT EVIDENT",23,8,41.7791234838,-87.6837830986,2025,30,POINT (-87.6837830986 41.7791234838),,,,,2025-08-07,False,65,Chicago Lawn
13947,30,TRAFFIC SIGNAL,FUNCTIONING PROPERLY,CLEAR,"DARKNESS, LIGHTED ROAD",PEDALCYCLIST,NOT DIVIDED,STRAIGHT AND LEVEL,DRY,NO DEFECTS,Y,UNABLE TO DETERMINE,UNABLE TO DETERMINE,,NONINCAPACITATING INJURY,23,8,41.7361915177,-87.624078067,2025,30,POINT (-87.624078067 41.7361915177),,,,,2025-08-07,False,43,Chatham
13948,30,NO CONTROLS,NO CONTROLS,CLEAR,DAYLIGHT,PEDALCYCLIST,DIVIDED - W/MEDIAN (NOT RAISED),STRAIGHT AND LEVEL,DRY,UNKNOWN,,UNABLE TO DETERMINE,UNABLE TO DETERMINE,,NO INDICATION OF INJURY,7,8,41.9393413877,-87.7161284025,2025,30,POINT (-87.7161284025 41.9393413877),,,,,2025-08-08,False,15,Irving Park
13949,30,NO CONTROLS,NO CONTROLS,CLEAR,DAYLIGHT,PEDALCYCLIST,NOT DIVIDED,STRAIGHT AND LEVEL,DRY,NO DEFECTS,,FAILING TO YIELD RIGHT-OF-WAY,NOT APPLICABLE,,NONINCAPACITATING INJURY,9,8,41.9306231082,-87.6440113349,2025,30,POINT (-87.6440113349 41.9306231082),,,,,2025-08-08,False,6,Lincoln Park
13950,30,NO CONTROLS,NO CONTROLS,CLEAR,DAYLIGHT,PEDALCYCLIST,NOT DIVIDED,STRAIGHT AND LEVEL,DRY,NO DEFECTS,Y,IMPROPER OVERTAKING/PASSING,IMPROPER OVERTAKING/PASSING,,"REPORTED, NOT EVIDENT",10,8,41.8442371305,-87.646280197,2025,30,POINT (-87.646280197 41.8442371305),,,,,2025-08-08,False,30,Lower West Side
13951,35,NO CONTROLS,NO CONTROLS,CLEAR,DAYLIGHT,PEDALCYCLIST,NOT DIVIDED,STRAIGHT AND LEVEL,DRY,NO DEFECTS,,UNABLE TO DETERMINE,NOT APPLICABLE,,NO INDICATION OF INJURY,11,8,41.7062679406,-87.6826566233,2025,35,POINT (-87.6826566233 41.7062679406),,,,,2025-08-08,False,71,Beverly
13952,30,NO CONTROLS,FUNCTIONING PROPERLY,CLEAR,DAYLIGHT,PEDALCYCLIST,NOT DIVIDED,STRAIGHT AND LEVEL,DRY,NO DEFECTS,,UNABLE TO DETERMINE,NOT APPLICABLE,,"REPORTED, NOT EVIDENT",11,8,41.8384795,-87.6215313672,2025,30,POINT (-87.6215313672 41.8384795),,,,,2025-08-08,False,34,Douglas
13953,30,NO CONTROLS,NO CONTROLS,CLEAR,DAYLIGHT,PEDALCYCLIST,FOUR WAY,STRAIGHT AND LEVEL,DRY,NO DEFECTS,Y,FAILING TO YIELD RIGHT-OF-WAY,NOT APPLICABLE,,NONINCAPACITATING INJURY,12,8,41.8853142132,-87.6280775039,2025,30,POINT (-87.6280775039 41.8853142132),,,,,2025-08-08,False,31,Loop
13954,30,NO CONTROLS,NO CONTROLS,CLEAR,DAYLIGHT,PEDALCYCLIST,DIVIDED - W/MEDIAN (NOT RAISED),STRAIGHT AND LEVEL,DRY,NO DEFECTS,,FAILING TO YIELD RIGHT-OF-WAY,IMPROPER TURNING/NO SIGNAL,,NONINCAPACITATING INJURY,12,8,41.9680071842,-87.7475633138,2025,30,POINT (-87.7475633138 41.9680071842),,,,,2025-08-08,False,11,Forest Glen
13955,30,STOP SIGN/FLASHER,FUNCTIONING PROPERLY,CLEAR,DAYLIGHT,PEDALCYCLIST,ONE-WAY,STRAIGHT AND LEVEL,DRY,NO DEFECTS,,NOT APPLICABLE,NOT APPLICABLE,,NO INDICATION OF INJURY,12,8,41.7990263502,-87.696535858,2025,30,POINT (-87.696535858 41.7990263502),,,,,2025-08-08,False,62,Gage Park
13956,30,NO CONTROLS,NO CONTROLS,CLEAR,DAYLIGHT,PEDALCYCLIST,NOT DIVIDED,STRAIGHT AND LEVEL,DRY,NO DEFECTS,,UNABLE TO DETERMINE,NOT APPLICABLE,,NONINCAPACITATING INJURY,13,8,41.818607066,-87.613001159,2025,30,POINT (-87.613001159 41.818607066),,,,,2025-08-08,False,37,Grand Boulevard
13957,30,NO CONTROLS,NO CONTROLS,CLEAR,DAYLIGHT,PEDALCYCLIST,NOT DIVIDED,STRAIGHT AND LEVEL,DRY,NO DEFECTS,,UNABLE TO DETERMINE,NOT APPLICABLE,,NO INDICATION OF INJURY,14,8,41.8955940725,-87.690680698,2025,30,POINT (-87.690680698 41.8955940725),,,,,2025-08-08,False,23,West Town
13958,25,PEDESTRIAN CROSSING SIGN,FUNCTIONING PROPERLY,CLEAR,DAYLIGHT,PEDALCYCLIST,DIVIDED - W/MEDIAN (NOT RAISED),"CURVE, LEVEL",DRY,NO DEFECTS,,UNABLE TO DETERMINE,UNABLE TO DETERMINE,,NO INDICATION OF INJURY,17,8,41.919047395,-87.6912677744,2025,25,POINT (-87.6912677744 41.919047395),,,,,2025-08-08,False,21,Logan Square
13959,30,TRAFFIC SIGNAL,FUNCTIONING PROPERLY,CLEAR,"DARKNESS, LIGHTED ROAD",PEDALCYCLIST,FOUR WAY,STRAIGHT AND LEVEL,DRY,UNKNOWN,Y,FAILING TO REDUCE SPEED TO AVOID CRASH,NOT APPLICABLE,,NO INDICATION OF INJURY,22,8,41.9473318268,-87.654480315,2025,30,POINT (-87.654480315 41.9473318268),,,,,2025-08-08,False,5,Lake View
13960,35,TRAFFIC SIGNAL,FUNCTIONING PROPERLY,CLEAR,"DARKNESS, LIGHTED ROAD",PEDALCYCLIST,FOUR WAY,STRAIGHT AND LEVEL,DRY,NO DEFECTS,Y,DISREGARDING TRAFFIC SIGNALS,NOT APPLICABLE,,NO INDICATION OF INJURY,23,8,41.9762051282,-87.6747765499,2025,35,POINT (-87.6747765499 41.9762051282),,,,,2025-08-08,False,3,Lincoln Square
13961,30,TRAFFIC SIGNAL,UNKNOWN,CLEAR,"DARKNESS, LIGHTED ROAD",PEDALCYCLIST,NOT DIVIDED,STRAIGHT AND LEVEL,DRY,UNKNOWN,Y,FAILING TO REDUCE SPEED TO AVOID CRASH,UNABLE TO DETERMINE,,NONINCAPACITATING INJURY,23,8,41.9103151463,-87.697174719,2025,30,POINT (-87.697174719 41.9103151463),,,,,2025-08-08,False,22,Humboldt Park
13962,30,NO CONTROLS,NO CONTROLS,CLEAR,"DARKNESS, LIGHTED ROAD",PEDALCYCLIST,DIVIDED - W/MEDIAN (NOT RAISED),STRAIGHT AND LEVEL,DRY,NO DEFECTS,,NOT APPLICABLE,NOT APPLICABLE,,NONINCAPACITATING INJURY,1,8,41.8944482783,-87.7262030479,2025,30,POINT (-87.7262030479 41.8944482783),,,,,2025-08-09,False,22,Humboldt Park
13963,30,NO CONTROLS,NO CONTROLS,CLEAR,DAYLIGHT,PEDALCYCLIST,NOT DIVIDED,STRAIGHT AND LEVEL,DRY,UNKNOWN,,UNABLE TO DETERMINE,NOT APPLICABLE,,NO INDICATION OF INJURY,10,8,41.9026234511,-87.721281877,2025,30,POINT (-87.721281877 41.9026234511),,,,,2025-08-09,False,22,Humboldt Park
13964,30,NO CONTROLS,NO CONTROLS,CLEAR,DAYLIGHT,PEDALCYCLIST,DIVIDED - W/MEDIAN BARRIER,STRAIGHT AND LEVEL,DRY,NO DEFECTS,,UNABLE TO DETERMINE,UNABLE TO DETERMINE,,NONINCAPACITATING INJURY,13,8,41.9686901267,-87.6996992856,2025,30,POINT (-87.6996992856 41.9686901267),,,,,2025-08-09,False,3,Lincoln Square
13965,30,UNKNOWN,UNKNOWN,CLEAR,DAYLIGHT,PEDALCYCLIST,NOT DIVIDED,STRAIGHT AND LEVEL,DRY,UNKNOWN,,UNABLE TO DETERMINE,UNABLE TO DETERMINE,Y,NONINCAPACITATING INJURY,13,8,41.9378656874,-87.6541849078,2025,30,POINT (-87.6541849078 41.9378656874),,,,,2025-08-09,False,5,Lake View
13966,25,UNKNOWN,UNKNOWN,UNKNOWN,UNKNOWN,PEDALCYCLIST,NOT DIVIDED,STRAIGHT AND LEVEL,UNKNOWN,UNKNOWN,,NOT APPLICABLE,NOT APPLICABLE,,NO INDICATION OF INJURY,16,8,41.8961983286,-87.6526797277,2025,25,POINT (-87.6526797277 41.8961983286),,,,,2025-08-09,False,7,Near North Side
13967,30,TRAFFIC SIGNAL,FUNCTIONING PROPERLY,CLEAR,DUSK,PEDALCYCLIST,DIVIDED - W/MEDIAN (NOT RAISED),STRAIGHT AND LEVEL,DRY,NO DEFECTS,Y,FAILING TO REDUCE SPEED TO AVOID CRASH,NOT APPLICABLE,,NONINCAPACITATING INJURY,19,8,41.920673812,-87.7463594055,2025,30,POINT (-87.7463594055 41.920673812),,,,,2025-08-09,False,18,Belmont Cragin
13968,30,TRAFFIC SIGNAL,FUNCTIONING PROPERLY,CLEAR,"DARKNESS, LIGHTED ROAD",PEDALCYCLIST,"FIVE POINT, OR MORE",STRAIGHT AND LEVEL,DRY,UNKNOWN,Y,UNABLE TO DETERMINE,UNABLE TO DETERMINE,,NONINCAPACITATING INJURY,0,8,41.932287183,-87.6879500934,2025,30,POINT (-87.6879500934 41.932287183),,,,,2025-08-10,False,4,North Center
13969,30,STOP SIGN/FLASHER,FUNCTIONING PROPERLY,CLEAR,DAYLIGHT,PEDALCYCLIST,NOT DIVIDED,STRAIGHT AND LEVEL,DRY,NO DEFECTS,,DISREGARDING TRAFFIC SIGNALS,NOT APPLICABLE,,NONINCAPACITATING INJURY,6,8,41.9130945918,-87.6329682232,2025,30,POINT (-87.6329682232 41.9130945918),,,,,2025-08-10,False,6,Lincoln Park
13970,30,NO CONTROLS,NO CONTROLS,CLEAR,DAYLIGHT,PEDALCYCLIST,NOT DIVIDED,STRAIGHT AND LEVEL,DRY,NO DEFECTS,,FAILING TO YIELD RIGHT-OF-WAY,NOT APPLICABLE,N,NONINCAPACITATING INJURY,10,8,42.005425228,-87.6612833496,2025,30,POINT (-87.6612833496 42.005425228),,,,,2025-08-10,False,0,Rogers Park
13971,30,STOP SIGN/FLASHER,FUNCTIONING PROPERLY,CLEAR,DAYLIGHT,PEDALCYCLIST,T-INTERSECTION,STRAIGHT AND LEVEL,DRY,NO DEFECTS,Y,UNABLE TO DETERMINE,UNABLE TO DETERMINE,Y,NONINCAPACITATING INJURY,11,8,41.9170938455,-87.7251856069,2025,30,POINT (-87.7251856069 41.9170938455),,,,,2025-08-10,False,19,Hermosa
13972,30,NO CONTROLS,NO CONTROLS,CLEAR,DAYLIGHT,PEDALCYCLIST,NOT DIVIDED,STRAIGHT AND LEVEL,DRY,NO DEFECTS,,FAILING TO YIELD RIGHT-OF-WAY,NOT APPLICABLE,,NO INDICATION OF INJURY,12,8,41.9500998632,-87.6497241736,2025,30,POINT (-87.6497241736 41.9500998632),,,,,2025-08-10,False,5,Lake View
13973,25,NO CONTROLS,NO CONTROLS,CLEAR,DAYLIGHT,PEDALCYCLIST,ONE-WAY,STRAIGHT AND LEVEL,DRY,NO DEFECTS,,"VISION OBSCURED (SIGNS, TREE LIMBS, BUILDINGS, ETC.)",UNABLE TO DETERMINE,,NONINCAPACITATING INJURY,14,8,42.0200458099,-87.6646468763,2025,25,POINT (-87.6646468763 42.0200458099),,,,,2025-08-10,False,0,Rogers Park
13974,30,TRAFFIC SIGNAL,FUNCTIONING PROPERLY,CLEAR,DAYLIGHT,PEDALCYCLIST,NOT DIVIDED,STRAIGHT AND LEVEL,DRY,NO DEFECTS,,NOT APPLICABLE,NOT APPLICABLE,Y,NO INDICATION OF INJURY,14,8,41.8381356687,-87.6310748115,2025,30,POINT (-87.6310748115 41.8381356687),,,,,2025-08-10,False,33,Armour Square
13975,30,NO CONTROLS,NO CONTROLS,CLEAR,DAYLIGHT,PEDALCYCLIST,ALLEY,STRAIGHT AND LEVEL,DRY,NO DEFECTS,,UNABLE TO DETERMINE,NOT APPLICABLE,,"REPORTED, NOT EVIDENT",17,8,41.8818430511,-87.7517133716,2025,30,POINT (-87.7517133716 41.8818430511),,,,,2025-08-10,False,24,Austin
13976,30,NO CONTROLS,NO CONTROLS,CLEAR,DAYLIGHT,PEDALCYCLIST,DIVIDED - W/MEDIAN (NOT RAISED),STRAIGHT AND LEVEL,DRY,NO DEFECTS,,FAILING TO YIELD RIGHT-OF-WAY,UNABLE TO DETERMINE,,NO INDICATION OF INJURY,17,8,41.9681238782,-87.7287699391,2025,30,POINT (-87.7287699391 41.9681238782),,,,,2025-08-10,False,11,Forest Glen
13977,20,TRAFFIC SIGNAL,FUNCTIONING PROPERLY,CLEAR,DAYLIGHT,PEDALCYCLIST,OTHER,STRAIGHT AND LEVEL,DRY,UNKNOWN,Y,IMPROPER TURNING/NO SIGNAL,UNABLE TO DETERMINE,N,"REPORTED, NOT EVIDENT",19,8,41.9416212555,-87.6521959019,2025,20,POINT (-87.6521959019 41.9416212555),,,,,2025-08-10,False,5,Lake View
13978,30,STOP SIGN/FLASHER,FUNCTIONING PROPERLY,CLEAR,DAWN,PEDALCYCLIST,T-INTERSECTION,STRAIGHT AND LEVEL,DRY,UNKNOWN,Y,FAILING TO YIELD RIGHT-OF-WAY,FAILING TO YIELD RIGHT-OF-WAY,,NONINCAPACITATING INJURY,20,8,41.7837350801,-87.6207073732,2025,30,POINT (-87.6207073732 41.7837350801),,,,,2025-08-10,False,39,Washington Park
13979,30,TRAFFIC SIGNAL,FUNCTIONING PROPERLY,CLEAR,DAYLIGHT,PEDALCYCLIST,DIVIDED - W/MEDIAN (NOT RAISED),STRAIGHT AND LEVEL,DRY,UNKNOWN,,FAILING TO YIELD RIGHT-OF-WAY,FAILING TO YIELD RIGHT-OF-WAY,,NONINCAPACITATING INJURY,11,8,41.9316414204,-87.7467199106,2025,30,POINT (-87.7467199106 41.9316414204),,,,,2025-08-11,False,18,Belmont Cragin
13980,30,TRAFFIC SIGNAL,FUNCTIONING PROPERLY,CLEAR,DAYLIGHT,PEDALCYCLIST,FOUR WAY,"CURVE, LEVEL",DRY,NO DEFECTS,Y,FAILING TO YIELD RIGHT-OF-WAY,DRIVING SKILLS/KNOWLEDGE/EXPERIENCE,,NONINCAPACITATING INJURY,11,8,41.8260400172,-87.6849673999,2025,30,POINT (-87.6849673999 41.8260400172),,,,,2025-08-11,False,57,Brighton Park
13981,30,TRAFFIC SIGNAL,FUNCTIONING PROPERLY,CLEAR,DAYLIGHT,PEDALCYCLIST,FOUR WAY,STRAIGHT AND LEVEL,DRY,UNKNOWN,Y,FAILING TO YIELD RIGHT-OF-WAY,UNABLE TO DETERMINE,,NO INDICATION OF INJURY,11,8,41.8755842342,-87.6277655039,2025,30,POINT (-87.6277655039 41.8755842342),,,,,2025-08-11,False,31,Loop
13982,30,TRAFFIC SIGNAL,FUNCTIONING PROPERLY,CLEAR,DAYLIGHT,PEDALCYCLIST,DIVIDED - W/MEDIAN (NOT RAISED),STRAIGHT AND LEVEL,DRY,NO DEFECTS,,FAILING TO YIELD RIGHT-OF-WAY,UNABLE TO DETERMINE,,NONINCAPACITATING INJURY,13,8,41.9492850479,-87.7126432009,2025,30,POINT (-87.7126432009 41.9492850479),,,,,2025-08-11,False,15,Irving Park
13983,35,UNKNOWN,UNKNOWN,CLEAR,DAYLIGHT,PEDALCYCLIST,FOUR WAY,STRAIGHT AND LEVEL,UNKNOWN,UNKNOWN,Y,NOT APPLICABLE,UNABLE TO DETERMINE,,NONINCAPACITATING INJURY,16,8,41.7492587734,-87.7413046217,2025,35,POINT (-87.7413046217 41.7492587734),,,,,2025-08-11,False,69,Ashburn
13984,30,NO CONTROLS,NO CONTROLS,CLEAR,DAYLIGHT,PEDALCYCLIST,NOT DIVIDED,STRAIGHT AND LEVEL,DRY,NO DEFECTS,,FAILING TO YIELD RIGHT-OF-WAY,FAILING TO YIELD RIGHT-OF-WAY,,NO INDICATION OF INJURY,17,8,41.9622429852,-87.7673605194,2025,30,POINT (-87.7673605194 41.9622429852),,,,,2025-08-11,False,14,Portage Park
13985,30,STOP SIGN/FLASHER,FUNCTIONING PROPERLY,CLEAR,DAYLIGHT,PEDALCYCLIST,OTHER,STRAIGHT AND LEVEL,DRY,UNKNOWN,,UNABLE TO DETERMINE,UNABLE TO DETERMINE,,"REPORTED, NOT EVIDENT",17,8,41.8446757392,-87.6599738604,2025,30,POINT (-87.6599738604 41.8446757392),,,,,2025-08-11,False,30,Lower West Side
13986,30,NO CONTROLS,UNKNOWN,CLOUDY/OVERCAST,DAWN,PEDALCYCLIST,ALLEY,STRAIGHT AND LEVEL,DRY,NO DEFECTS,,DRIVING SKILLS/KNOWLEDGE/EXPERIENCE,DRIVING SKILLS/KNOWLEDGE/EXPERIENCE,,NONINCAPACITATING INJURY,20,8,41.9608888354,-87.7252310227,2025,30,POINT (-87.7252310227 41.9608888354),,,,,2025-08-11,False,15,Irving Park
13987,30,NO CONTROLS,NO CONTROLS,RAIN,"DARKNESS, LIGHTED ROAD",PEDALCYCLIST,NOT DIVIDED,STRAIGHT AND LEVEL,WET,NO DEFECTS,,WEATHER,WEATHER,,NONINCAPACITATING INJURY,20,8,41.8915094804,-87.6397194094,2025,30,POINT (-87.6397194094 41.8915094804),,,,,2025-08-11,False,7,Near North Side
13988,30,STOP SIGN/FLASHER,FUNCTIONING PROPERLY,RAIN,"DARKNESS, LIGHTED ROAD",PEDALCYCLIST,ONE-WAY,STRAIGHT AND LEVEL,WET,NO DEFECTS,Y,FAILING TO REDUCE SPEED TO AVOID CRASH,FAILING TO YIELD RIGHT-OF-WAY,,INCAPACITATING INJURY,21,8,41.9850027557,-87.7042200968,2025,30,POINT (-87.7042200968 41.9850027557),,,,,2025-08-11,True,1,West Ridge
13989,30,TRAFFIC SIGNAL,FUNCTIONING PROPERLY,RAIN,"DARKNESS, LIGHTED ROAD",PEDALCYCLIST,NOT DIVIDED,STRAIGHT AND LEVEL,WET,UNKNOWN,Y,UNABLE TO DETERMINE,UNABLE TO DETERMINE,,NONINCAPACITATING INJURY,21,8,41.8912363959,-87.6477651192,2025,30,POINT (-87.6477651192 41.8912363959),,,,,2025-08-11,False,7,Near North Side
13990,30,STOP SIGN/FLASHER,FUNCTIONING PROPERLY,RAIN,"DARKNESS, LIGHTED ROAD",PEDALCYCLIST,DIVIDED - W/MEDIAN (NOT RAISED),STRAIGHT AND LEVEL,WET,NO DEFECTS,Y,UNABLE TO DETERMINE,UNABLE TO DETERMINE,,NO INDICATION OF INJURY,21,8,41.9471379534,-87.6665031701,2025,30,POINT (-87.6665031701 41.9471379534),,,,,2025-08-11,False,5,Lake View
13991,35,NO CONTROLS,NO CONTROLS,RAIN,DAYLIGHT,PEDALCYCLIST,NOT DIVIDED,STRAIGHT AND LEVEL,WET,NO DEFECTS,,FAILING TO YIELD RIGHT-OF-WAY,UNABLE TO DETERMINE,,NONINCAPACITATING INJURY,6,8,41.9119324962,-87.6511508425,2025,35,POINT (-87.6511508425 41.9119324962),,,,,2025-08-12,False,6,Lincoln Park
13992,30,TRAFFIC SIGNAL,FUNCTIONING PROPERLY,CLOUDY/OVERCAST,DAYLIGHT,PEDALCYCLIST,NOT DIVIDED,STRAIGHT AND LEVEL,WET,UNKNOWN,Y,UNABLE TO DETERMINE,NOT APPLICABLE,Y,NONINCAPACITATING INJURY,8,8,41.9703380273,-87.7680274646,2025,30,POINT (-87.7680274646 41.9703380273),,,,,2025-08-12,False,10,Jefferson Park
13993,30,STOP SIGN/FLASHER,FUNCTIONING PROPERLY,CLEAR,DAYLIGHT,PEDALCYCLIST,ONE-WAY,STRAIGHT AND LEVEL,DRY,NO DEFECTS,Y,DISREGARDING STOP SIGN,UNABLE TO DETERMINE,,NONINCAPACITATING INJURY,9,8,41.7900732896,-87.6986419356,2025,30,POINT (-87.6986419356 41.7900732896),,,,,2025-08-12,False,62,Gage Park
13994,25,TRAFFIC SIGNAL,UNKNOWN,UNKNOWN,UNKNOWN,PEDALCYCLIST,FOUR WAY,STRAIGHT AND LEVEL,UNKNOWN,NO DEFECTS,Y,IMPROPER TURNING/NO SIGNAL,DRIVING SKILLS/KNOWLEDGE/EXPERIENCE,,"REPORTED, NOT EVIDENT",13,8,41.8756225408,-87.6261727387,2025,25,POINT (-87.6261727387 41.8756225408),,,,,2025-08-12,False,31,Loop
13995,25,NO CONTROLS,NO CONTROLS,RAIN,DAYLIGHT,PEDALCYCLIST,NOT DIVIDED,STRAIGHT AND LEVEL,WET,NO DEFECTS,,UNABLE TO DETERMINE,NOT APPLICABLE,Y,INCAPACITATING INJURY,14,8,41.9265544028,-87.6412290761,2025,25,POINT (-87.6412290761 41.9265544028),,,,,2025-08-12,True,6,Lincoln Park
13996,30,TRAFFIC SIGNAL,FUNCTIONING PROPERLY,RAIN,DAYLIGHT,PEDALCYCLIST,NOT DIVIDED,STRAIGHT AND LEVEL,WET,UNKNOWN,Y,FAILING TO YIELD RIGHT-OF-WAY,UNABLE TO DETERMINE,,NONINCAPACITATING INJURY,16,8,41.9176110212,-87.6884420906,2025,30,POINT (-87.6884420906 41.9176110212),,,,,2025-08-12,False,21,Logan Square
13997,30,UNKNOWN,UNKNOWN,RAIN,DAYLIGHT,PEDALCYCLIST,DIVIDED - W/MEDIAN (NOT RAISED),STRAIGHT AND LEVEL,WET,UNKNOWN,,UNABLE TO DETERMINE,NOT APPLICABLE,,NONINCAPACITATING INJURY,18,8,41.8165996637,-87.6127019258,2025,30,POINT (-87.6127019258 41.8165996637),,,,,2025-08-12,False,37,Grand Boulevard
13998,30,TRAFFIC SIGNAL,FUNCTIONING PROPERLY,CLEAR,"DARKNESS, LIGHTED ROAD",PEDALCYCLIST,FOUR WAY,STRAIGHT AND LEVEL,DRY,UNKNOWN,Y,UNABLE TO DETERMINE,NOT APPLICABLE,,NONINCAPACITATING INJURY,22,8,41.9974814463,-87.7091980696,2025,30,POINT (-87.7091980696 41.9974814463),,,,,2025-08-12,False,1,West Ridge
13999,30,TRAFFIC SIGNAL,FUNCTIONING PROPERLY,CLEAR,DAYLIGHT,PEDALCYCLIST,NOT DIVIDED,STRAIGHT AND LEVEL,UNKNOWN,UNKNOWN,Y,DISREGARDING TRAFFIC SIGNALS,FAILING TO YIELD RIGHT-OF-WAY,,NONINCAPACITATING INJURY,8,8,41.838528605,-87.6175093603,2025,30,POINT (-87.6175093603 41.838528605),,,,,2025-08-13,False,34,Douglas
14000,30,STOP SIGN/FLASHER,FUNCTIONING PROPERLY,CLEAR,DAYLIGHT,PEDALCYCLIST,ONE-WAY,STRAIGHT AND LEVEL,DRY,NO DEFECTS,Y,DISREGARDING STOP SIGN,DISREGARDING STOP SIGN,,NONINCAPACITATING INJURY,9,8,41.9066283591,-87.6385162042,2025,30,POINT (-87.6385162042 41.9066283591),,,,,2025-08-13,False,7,Near North Side
14001,30,NO CONTROLS,NO CONTROLS,CLEAR,DAYLIGHT,PEDALCYCLIST,FOUR WAY,STRAIGHT AND LEVEL,DRY,NO DEFECTS,Y,FAILING TO REDUCE SPEED TO AVOID CRASH,FAILING TO YIELD RIGHT-OF-WAY,,NONINCAPACITATING INJURY,10,8,41.8174933568,-87.6459091954,2025,30,POINT (-87.6459091954 41.8174933568),,,,,2025-08-13,False,60,New City
14002,30,NO CONTROLS,UNKNOWN,CLEAR,DAYLIGHT,PEDALCYCLIST,NOT DIVIDED,STRAIGHT AND LEVEL,DRY,UNKNOWN,,FOLLOWING TOO CLOSELY,UNABLE TO DETERMINE,,NONINCAPACITATING INJURY,10,8,41.8916481833,-87.6375105886,2025,30,POINT (-87.6375105886 41.8916481833),,,,,2025-08-13,False,7,Near North Side
14003,15,STOP SIGN/FLASHER,FUNCTIONING PROPERLY,CLEAR,DAYLIGHT,PEDALCYCLIST,OTHER,STRAIGHT AND LEVEL,DRY,NO DEFECTS,,DRIVING ON WRONG SIDE/WRONG WAY,FAILING TO REDUCE SPEED TO AVOID CRASH,,NO INDICATION OF INJURY,11,8,41.7064645575,-87.6817700042,2025,15,POINT (-87.6817700042 41.7064645575),,,,,2025-08-13,False,71,Beverly
14004,30,STOP SIGN/FLASHER,FUNCTIONING PROPERLY,CLEAR,DAYLIGHT,PEDALCYCLIST,FOUR WAY,STRAIGHT AND LEVEL,DRY,NO DEFECTS,Y,DRIVING ON WRONG SIDE/WRONG WAY,UNABLE TO DETERMINE,,"REPORTED, NOT EVIDENT",12,8,41.909061558,-87.8003236785,2025,30,POINT (-87.8003236785 41.909061558),,,,,2025-08-13,False,24,Austin