Unnamed: 0,POSTED_SPEED_LIMIT,TRAFFIC_CONTROL_DEVICE,DEVICE_CONDITION,WEATHER_CONDITION,LIGHTING_CONDITION,FIRST_CRASH_TYPE,TRAFFICWAY_TYPE,ALIGNMENT,ROADWAY_SURFACE_COND,ROAD_DEFECT,INTERSECTION_RELATED_I,PRIM_CONTRIBUTORY_CAUSE,SEC_CONTRIBUTORY_CAUSE,DOORING_I,MOST_SEVERE_INJURY,CRASH_HOUR,CRASH_MONTH,LATITUDE,LONGITUDE,CRASH_YEAR,SPEED_LIMIT,geometry,DISPLAYROU,the_geom,DIST,LANE_TYPE,CRASH_DATE,is_severe,index_right,CArea
14005,35,TRAFFIC SIGNAL,FUNCTIONING PROPERLY,CLEAR,DAYLIGHT,PEDALCYCLIST,DIVIDED - W/MEDIAN (NOT RAISED),STRAIGHT AND LEVEL,DRY,NO DEFECTS,,NOT APPLICABLE,NOT APPLICABLE,Y,NONINCAPACITATING INJURY,13,8,41.8845711313,-87.6370096615,2025,35,POINT (-87.6370096615 41.8845711313),,,,,2025-08-13,False,27,Near West Side
14006,30,NO CONTROLS,NO CONTROLS,CLEAR,DAWN,PEDALCYCLIST,NOT DIVIDED,STRAIGHT AND LEVEL,DRY,NO DEFECTS,,DISREGARDING ROAD MARKINGS,FAILING TO REDUCE SPEED TO AVOID CRASH,,"REPORTED, NOT EVIDENT",14,8,41.9046354791,-87.6482694655,2025,30,POINT (-87.6482694655 41.9046354791),,,,,2025-08-13,False,7,Near North Side
14007,30,NO CONTROLS,NO CONTROLS,CLEAR,DAYLIGHT,PEDALCYCLIST,DIVIDED - W/MEDIAN (NOT RAISED),STRAIGHT AND LEVEL,DRY,UNKNOWN,,DRIVING ON WRONG SIDE/WRONG WAY,DRIVING ON WRONG SIDE/WRONG WAY,,NONINCAPACITATING INJURY,15,8,41.909332947,-87.7779832636,2025,30,POINT (-87.7779832636 41.909332947),,,,,2025-08-13,False,24,Austin
14008,30,TRAFFIC SIGNAL,FUNCTIONING PROPERLY,CLEAR,DAYLIGHT,PEDALCYCLIST,ONE-WAY,STRAIGHT AND LEVEL,DRY,NO DEFECTS,,UNABLE TO DETERMINE,NOT APPLICABLE,,NONINCAPACITATING INJURY,15,8,41.8793927981,-87.6416261769,2025,30,POINT (-87.6416261769 41.8793927981),,,,,2025-08-13,False,27,Near West Side
14009,35,NO CONTROLS,NO CONTROLS,CLEAR,DAYLIGHT,PEDALCYCLIST,NOT DIVIDED,STRAIGHT AND LEVEL,DRY,NO DEFECTS,,FAILING TO YIELD RIGHT-OF-WAY,NOT APPLICABLE,Y,NONINCAPACITATING INJURY,15,8,41.9339814143,-87.6442622021,2025,35,POINT (-87.6442622021 41.9339814143),,,,,2025-08-13,False,5,Lake View
14010,30,NO CONTROLS,NO CONTROLS,CLEAR,DAYLIGHT,PEDALCYCLIST,ONE-WAY,STRAIGHT AND LEVEL,DRY,NO DEFECTS,,IMPROPER OVERTAKING/PASSING,FAILING TO YIELD RIGHT-OF-WAY,,NONINCAPACITATING INJURY,15,8,41.8791705594,-87.6417961401,2025,30,POINT (-87.6417961401 41.8791705594),,,,,2025-08-13,False,27,Near West Side
14011,25,UNKNOWN,UNKNOWN,UNKNOWN,UNKNOWN,PEDALCYCLIST,ONE-WAY,STRAIGHT AND LEVEL,UNKNOWN,UNKNOWN,,NOT APPLICABLE,NOT APPLICABLE,,NO INDICATION OF INJURY,16,8,41.8916012848,-87.6297967052,2025,25,POINT (-87.6297967052 41.8916012848),,,,,2025-08-13,False,7,Near North Side
14012,30,NO CONTROLS,NO CONTROLS,CLEAR,DAYLIGHT,PEDALCYCLIST,NOT DIVIDED,STRAIGHT AND LEVEL,DRY,UNKNOWN,,FAILING TO YIELD RIGHT-OF-WAY,UNABLE TO DETERMINE,,NONINCAPACITATING INJURY,17,8,41.9700094777,-87.6595504346,2025,30,POINT (-87.6595504346 41.9700094777),,,,,2025-08-13,False,2,Uptown
14013,30,STOP SIGN/FLASHER,FUNCTIONING PROPERLY,CLEAR,DAYLIGHT,PEDALCYCLIST,NOT DIVIDED,STRAIGHT AND LEVEL,DRY,NO DEFECTS,Y,DISREGARDING STOP SIGN,NOT APPLICABLE,,NONINCAPACITATING INJURY,17,8,41.8136641371,-87.69329058,2025,30,POINT (-87.69329058 41.8136641371),,,,,2025-08-13,False,57,Brighton Park
14014,20,TRAFFIC SIGNAL,FUNCTIONING PROPERLY,CLEAR,DAYLIGHT,PEDALCYCLIST,NOT DIVIDED,STRAIGHT AND LEVEL,DRY,NO DEFECTS,,FAILING TO REDUCE SPEED TO AVOID CRASH,UNABLE TO DETERMINE,,NONINCAPACITATING INJURY,17,8,41.9202729784,-87.6933981891,2025,20,POINT (-87.6933981891 41.9202729784),,,,,2025-08-13,False,21,Logan Square
14015,30,NO CONTROLS,NO CONTROLS,CLEAR,"DARKNESS, LIGHTED ROAD",PEDALCYCLIST,NOT DIVIDED,STRAIGHT AND LEVEL,UNKNOWN,UNKNOWN,,FAILING TO YIELD RIGHT-OF-WAY,UNABLE TO DETERMINE,Y,NONINCAPACITATING INJURY,19,8,41.975305716,-87.7675930235,2025,30,POINT (-87.7675930235 41.975305716),,,,,2025-08-13,False,10,Jefferson Park
14016,30,TRAFFIC SIGNAL,FUNCTIONING PROPERLY,CLEAR,DUSK,PEDALCYCLIST,DIVIDED - W/MEDIAN (NOT RAISED),STRAIGHT AND LEVEL,DRY,NO DEFECTS,Y,DISTRACTION - FROM INSIDE VEHICLE,FAILING TO YIELD RIGHT-OF-WAY,,"REPORTED, NOT EVIDENT",19,8,41.9635319941,-87.6561154614,2025,30,POINT (-87.6561154614 41.9635319941),,,,,2025-08-13,False,2,Uptown
14017,35,TRAFFIC SIGNAL,FUNCTIONING PROPERLY,CLEAR,"DARKNESS, LIGHTED ROAD",PEDALCYCLIST,Y-INTERSECTION,STRAIGHT AND LEVEL,DRY,NO DEFECTS,Y,FAILING TO YIELD RIGHT-OF-WAY,FAILING TO YIELD RIGHT-OF-WAY,,NONINCAPACITATING INJURY,19,8,41.9052000853,-87.6695787541,2025,35,POINT (-87.6695787541 41.9052000853),,,,,2025-08-13,False,23,West Town
14018,30,STOP SIGN/FLASHER,FUNCTIONING PROPERLY,CLEAR,"DARKNESS, LIGHTED ROAD",PEDALCYCLIST,FOUR WAY,STRAIGHT AND LEVEL,DRY,NO DEFECTS,Y,DISREGARDING STOP SIGN,NOT APPLICABLE,,NO INDICATION OF INJURY,22,8,41.9922457397,-87.703247909,2025,30,POINT (-87.703247909 41.9922457397),,,,,2025-08-13,False,1,West Ridge
14019,30,TRAFFIC SIGNAL,FUNCTIONING PROPERLY,CLEAR,DAYLIGHT,PEDALCYCLIST,ONE-WAY,STRAIGHT AND LEVEL,DRY,NO DEFECTS,Y,UNABLE TO DETERMINE,NOT APPLICABLE,,NO INDICATION OF INJURY,7,8,41.8957431899,-87.6312996333,2025,30,POINT (-87.6312996333 41.8957431899),,,,,2025-08-14,False,7,Near North Side
14020,30,TRAFFIC SIGNAL,FUNCTIONING PROPERLY,CLEAR,DAYLIGHT,PEDALCYCLIST,DIVIDED - W/MEDIAN BARRIER,STRAIGHT AND LEVEL,DRY,OTHER,Y,FAILING TO YIELD RIGHT-OF-WAY,NOT APPLICABLE,,"REPORTED, NOT EVIDENT",9,8,41.8527542982,-87.6238937045,2025,30,POINT (-87.6238937045 41.8527542982),,,,,2025-08-14,False,32,Near South Side
14021,30,TRAFFIC SIGNAL,FUNCTIONING PROPERLY,CLEAR,DAYLIGHT,PEDALCYCLIST,DIVIDED - W/MEDIAN (NOT RAISED),STRAIGHT AND LEVEL,DRY,NO DEFECTS,,FAILING TO YIELD RIGHT-OF-WAY,FAILING TO YIELD RIGHT-OF-WAY,,NONINCAPACITATING INJURY,12,8,41.952870506,-87.7817045087,2025,30,POINT (-87.7817045087 41.952870506),,,,,2025-08-14,False,14,Portage Park
14022,30,NO CONTROLS,NO CONTROLS,CLEAR,DAYLIGHT,PEDALCYCLIST,NOT DIVIDED,STRAIGHT AND LEVEL,UNKNOWN,UNKNOWN,,UNABLE TO DETERMINE,NOT APPLICABLE,N,"REPORTED, NOT EVIDENT",17,8,41.9941888039,-87.6909347863,2025,30,POINT (-87.6909347863 41.9941888039),,,,,2025-08-14,False,1,West Ridge
14023,30,STOP SIGN/FLASHER,FUNCTIONING PROPERLY,CLEAR,DARKNESS,PEDALCYCLIST,FOUR WAY,STRAIGHT AND LEVEL,DRY,NO DEFECTS,Y,FAILING TO YIELD RIGHT-OF-WAY,UNABLE TO DETERMINE,,NO INDICATION OF INJURY,23,8,41.87677136,-87.7547713647,2025,30,POINT (-87.7547713647 41.87677136),,,,,2025-08-14,False,24,Austin
14024,30,TRAFFIC SIGNAL,FUNCTIONING PROPERLY,CLEAR,"DARKNESS, LIGHTED ROAD",PEDALCYCLIST,FOUR WAY,STRAIGHT AND LEVEL,DRY,NO DEFECTS,Y,FAILING TO YIELD RIGHT-OF-WAY,FAILING TO REDUCE SPEED TO AVOID CRASH,,NONINCAPACITATING INJURY,23,8,41.8831180716,-87.6522197924,2025,30,POINT (-87.6522197924 41.8831180716),,,,,2025-08-14,False,27,Near West Side
14025,30,NO CONTROLS,NO CONTROLS,CLEAR,DAYLIGHT,PEDALCYCLIST,NOT DIVIDED,STRAIGHT AND LEVEL,DRY,NO DEFECTS,,FAILING TO YIELD RIGHT-OF-WAY,NOT APPLICABLE,Y,NONINCAPACITATING INJURY,8,8,41.9524988094,-87.6451766667,2025,30,POINT (-87.6451766667 41.9524988094),,,,,2025-08-15,False,5,Lake View
14026,30,NO CONTROLS,NO CONTROLS,CLEAR,DAYLIGHT,PEDALCYCLIST,DIVIDED - W/MEDIAN (NOT RAISED),STRAIGHT AND LEVEL,DRY,NO DEFECTS,,UNABLE TO DETERMINE,NOT APPLICABLE,,NONINCAPACITATING INJURY,8,8,41.8982908784,-87.686760477,2025,30,POINT (-87.686760477 41.8982908784),,,,,2025-08-15,False,23,West Town
14027,25,TRAFFIC SIGNAL,FUNCTIONING PROPERLY,CLEAR,DAYLIGHT,PEDALCYCLIST,DIVIDED - W/MEDIAN BARRIER,STRAIGHT AND LEVEL,DRY,NO DEFECTS,Y,DISREGARDING TRAFFIC SIGNALS,FAILING TO REDUCE SPEED TO AVOID CRASH,,INCAPACITATING INJURY,9,8,41.8805428541,-87.7502982261,2025,25,POINT (-87.7502982261 41.8805428541),,,,,2025-08-15,True,24,Austin
14028,25,NO CONTROLS,NO CONTROLS,CLEAR,DAYLIGHT,PEDALCYCLIST,NOT DIVIDED,STRAIGHT AND LEVEL,DRY,NO DEFECTS,,FAILING TO YIELD RIGHT-OF-WAY,FAILING TO YIELD RIGHT-OF-WAY,Y,NO INDICATION OF INJURY,9,8,41.9764712068,-87.657276812,2025,25,POINT (-87.657276812 41.9764712068),,,,,2025-08-15,False,2,Uptown
14029,30,NO CONTROLS,NO CONTROLS,CLEAR,DAYLIGHT,PEDALCYCLIST,FOUR WAY,STRAIGHT AND LEVEL,DRY,NO DEFECTS,Y,FAILING TO YIELD RIGHT-OF-WAY,NOT APPLICABLE,,NO INDICATION OF INJURY,10,8,41.9191027583,-87.7266781466,2025,30,POINT (-87.7266781466 41.9191027583),,,,,2025-08-15,False,19,Hermosa
14030,30,UNKNOWN,UNKNOWN,CLEAR,DAYLIGHT,PEDALCYCLIST,DIVIDED - W/MEDIAN (NOT RAISED),STRAIGHT AND LEVEL,DRY,UNKNOWN,,UNABLE TO DETERMINE,UNABLE TO DETERMINE,,NO INDICATION OF INJURY,11,8,41.9328286998,-87.645080351,2025,30,POINT (-87.645080351 41.9328286998),,,,,2025-08-15,False,5,Lake View
14031,30,NO CONTROLS,NO CONTROLS,CLEAR,DAYLIGHT,PEDALCYCLIST,ONE-WAY,STRAIGHT AND LEVEL,DRY,UNKNOWN,,UNABLE TO DETERMINE,NOT APPLICABLE,,NONINCAPACITATING INJURY,12,8,41.7655520866,-87.6186225349,2025,30,POINT (-87.6186225349 41.7655520866),,,,,2025-08-15,False,68,Grand Crossing
14032,30,NO CONTROLS,NO CONTROLS,CLEAR,DAYLIGHT,PEDALCYCLIST,OTHER,STRAIGHT AND LEVEL,DRY,NO DEFECTS,,DISREGARDING STOP SIGN,NOT APPLICABLE,,NONINCAPACITATING INJURY,12,8,41.8275838968,-87.6824544425,2025,30,POINT (-87.6824544425 41.8275838968),,,,,2025-08-15,False,58,Mckinley Park
14033,30,STOP SIGN/FLASHER,FUNCTIONING PROPERLY,CLEAR,DAYLIGHT,PEDALCYCLIST,T-INTERSECTION,STRAIGHT AND LEVEL,DRY,NO DEFECTS,,FAILING TO REDUCE SPEED TO AVOID CRASH,DRIVING SKILLS/KNOWLEDGE/EXPERIENCE,,NONINCAPACITATING INJURY,13,8,42.0028045838,-87.6703734253,2025,30,POINT (-87.6703734253 42.0028045838),,,,,2025-08-15,False,0,Rogers Park
14034,30,NO CONTROLS,NO CONTROLS,CLEAR,DAYLIGHT,PEDALCYCLIST,NOT DIVIDED,STRAIGHT AND LEVEL,DRY,NO DEFECTS,,FAILING TO YIELD RIGHT-OF-WAY,NOT APPLICABLE,,NO INDICATION OF INJURY,15,8,41.8689367431,-87.6712578294,2025,30,POINT (-87.6712578294 41.8689367431),,,,,2025-08-15,False,27,Near West Side
14035,25,NO CONTROLS,NO CONTROLS,CLEAR,DAYLIGHT,PEDALCYCLIST,NOT DIVIDED,STRAIGHT AND LEVEL,DRY,NO DEFECTS,,UNABLE TO DETERMINE,UNABLE TO DETERMINE,,INCAPACITATING INJURY,16,8,41.978664059,-87.7575399154,2025,25,POINT (-87.7575399154 41.978664059),,,,,2025-08-15,True,10,Jefferson Park
14036,30,NO CONTROLS,NO CONTROLS,CLEAR,DAYLIGHT,PEDALCYCLIST,DIVIDED - W/MEDIAN BARRIER,STRAIGHT AND LEVEL,DRY,NO DEFECTS,,UNABLE TO DETERMINE,UNABLE TO DETERMINE,Y,NONINCAPACITATING INJURY,16,8,41.8846247731,-87.619254324,2025,30,POINT (-87.619254324 41.8846247731),,,,,2025-08-15,False,31,Loop
14037,30,UNKNOWN,NO CONTROLS,CLEAR,DAYLIGHT,PEDALCYCLIST,RAMP,STRAIGHT AND LEVEL,DRY,NO DEFECTS,,UNABLE TO DETERMINE,UNABLE TO DETERMINE,,NONINCAPACITATING INJURY,17,8,41.8675710154,-87.6305864739,2025,30,POINT (-87.6305864739 41.8675710154),,,,,2025-08-15,False,31,Loop
14038,30,STOP SIGN/FLASHER,FUNCTIONING PROPERLY,CLEAR,DAYLIGHT,PEDALCYCLIST,NOT DIVIDED,STRAIGHT AND LEVEL,DRY,NO DEFECTS,N,DRIVING ON WRONG SIDE/WRONG WAY,DRIVING SKILLS/KNOWLEDGE/EXPERIENCE,,INCAPACITATING INJURY,17,8,41.9117720889,-87.7265395602,2025,30,POINT (-87.7265395602 41.9117720889),,,,,2025-08-15,True,22,Humboldt Park
14039,20,STOP SIGN/FLASHER,NO CONTROLS,CLEAR,DAYLIGHT,PEDALCYCLIST,ONE-WAY,STRAIGHT AND LEVEL,DRY,UNKNOWN,,UNABLE TO DETERMINE,UNABLE TO DETERMINE,,NO INDICATION OF INJURY,17,8,41.7934016596,-87.7049241653,2025,20,POINT (-87.7049241653 41.7934016596),,,,,2025-08-15,False,62,Gage Park
14040,25,TRAFFIC SIGNAL,FUNCTIONING PROPERLY,CLEAR,DAYLIGHT,PEDALCYCLIST,DIVIDED - W/MEDIAN (NOT RAISED),STRAIGHT AND LEVEL,DRY,NO DEFECTS,Y,UNABLE TO DETERMINE,FOLLOWING TOO CLOSELY,,"REPORTED, NOT EVIDENT",18,8,41.8858070197,-87.6441718947,2025,25,POINT (-87.6441718947 41.8858070197),,,,,2025-08-15,False,27,Near West Side
14041,30,NO CONTROLS,NO CONTROLS,CLEAR,"DARKNESS, LIGHTED ROAD",PEDALCYCLIST,DIVIDED - W/MEDIAN (NOT RAISED),STRAIGHT AND LEVEL,DRY,NO DEFECTS,,NOT APPLICABLE,NOT APPLICABLE,,NO INDICATION OF INJURY,20,8,41.9071406217,-87.6721750401,2025,30,POINT (-87.6721750401 41.9071406217),,,,,2025-08-15,False,23,West Town
14042,30,STOP SIGN/FLASHER,FUNCTIONING PROPERLY,CLEAR,"DARKNESS, LIGHTED ROAD",PEDALCYCLIST,T-INTERSECTION,STRAIGHT AND LEVEL,DRY,NO DEFECTS,,UNABLE TO DETERMINE,NOT APPLICABLE,,NONINCAPACITATING INJURY,21,8,41.965149518,-87.6498619848,2025,30,POINT (-87.6498619848 41.965149518),,,,,2025-08-15,False,2,Uptown
14043,30,TRAFFIC SIGNAL,FUNCTIONING PROPERLY,CLEAR,UNKNOWN,PEDALCYCLIST,NOT DIVIDED,STRAIGHT AND LEVEL,DRY,UNKNOWN,,UNABLE TO DETERMINE,UNABLE TO DETERMINE,,NONINCAPACITATING INJURY,22,8,41.9312801748,-87.7572255933,2025,30,POINT (-87.7572255933 41.9312801748),,,,,2025-08-15,False,18,Belmont Cragin
14044,30,TRAFFIC SIGNAL,FUNCTIONING PROPERLY,CLEAR,DAYLIGHT,PEDALCYCLIST,DIVIDED - W/MEDIAN (NOT RAISED),STRAIGHT AND LEVEL,DRY,NO DEFECTS,Y,IMPROPER TURNING/NO SIGNAL,FAILING TO YIELD RIGHT-OF-WAY,,"REPORTED, NOT EVIDENT",9,8,41.9107150632,-87.6540281597,2025,30,POINT (-87.6540281597 41.9107150632),,,,,2025-08-16,False,7,Near North Side
14045,15,NO CONTROLS,NO CONTROLS,CLEAR,DAYLIGHT,PEDALCYCLIST,ALLEY,STRAIGHT AND LEVEL,WET,NO DEFECTS,,IMPROPER BACKING,UNABLE TO DETERMINE,,NONINCAPACITATING INJURY,10,8,41.9886865366,-87.6992781611,2025,15,POINT (-87.6992781611 41.9886865366),,,,,2025-08-16,False,1,West Ridge
14046,25,NO CONTROLS,NO CONTROLS,CLEAR,DAYLIGHT,PEDALCYCLIST,NOT DIVIDED,STRAIGHT AND LEVEL,DRY,NO DEFECTS,,UNABLE TO DETERMINE,UNABLE TO DETERMINE,Y,NO INDICATION OF INJURY,10,8,41.9440003114,-87.6453883057,2025,25,POINT (-87.6453883057 41.9440003114),,,,,2025-08-16,False,5,Lake View
14047,30,TRAFFIC SIGNAL,FUNCTIONING PROPERLY,CLEAR,DAYLIGHT,PEDALCYCLIST,NOT DIVIDED,STRAIGHT AND LEVEL,DRY,NO DEFECTS,Y,FAILING TO YIELD RIGHT-OF-WAY,NOT APPLICABLE,,NONINCAPACITATING INJURY,11,8,41.8987009842,-87.7263317144,2025,30,POINT (-87.7263317144 41.8987009842),,,,,2025-08-16,False,22,Humboldt Park
14048,30,NO CONTROLS,NO CONTROLS,CLEAR,DAYLIGHT,PEDALCYCLIST,NOT DIVIDED,STRAIGHT AND LEVEL,DRY,NO DEFECTS,,FAILING TO YIELD RIGHT-OF-WAY,UNABLE TO DETERMINE,,NONINCAPACITATING INJURY,12,8,41.9075909496,-87.673333722,2025,30,POINT (-87.673333722 41.9075909496),,,,,2025-08-16,False,23,West Town
14049,30,UNKNOWN,UNKNOWN,UNKNOWN,UNKNOWN,PEDALCYCLIST,PARKING LOT,STRAIGHT AND LEVEL,UNKNOWN,UNKNOWN,,FAILING TO YIELD RIGHT-OF-WAY,FOLLOWING TOO CLOSELY,,NONINCAPACITATING INJURY,13,8,41.910875544,-87.6582782399,2025,30,POINT (-87.6582782399 41.910875544),,,,,2025-08-16,False,6,Lincoln Park
14050,30,STOP SIGN/FLASHER,FUNCTIONING PROPERLY,CLEAR,DAYLIGHT,PEDALCYCLIST,DIVIDED - W/MEDIAN (NOT RAISED),STRAIGHT AND LEVEL,DRY,NO DEFECTS,Y,FAILING TO YIELD RIGHT-OF-WAY,NOT APPLICABLE,,NONINCAPACITATING INJURY,13,8,41.8770455936,-87.7378851869,2025,30,POINT (-87.7378851869 41.8770455936),,,,,2025-08-16,False,25,Garfield Park
14051,30,STOP SIGN/FLASHER,FUNCTIONING PROPERLY,CLEAR,DAYLIGHT,PEDALCYCLIST,DIVIDED - W/MEDIAN (NOT RAISED),STRAIGHT AND LEVEL,DRY,NO DEFECTS,,DRIVING SKILLS/KNOWLEDGE/EXPERIENCE,UNABLE TO DETERMINE,,NO INDICATION OF INJURY,14,8,41.9401233712,-87.6469598167,2025,30,POINT (-87.6469598167 41.9401233712),,,,,2025-08-16,False,5,Lake View
14052,30,UNKNOWN,UNKNOWN,CLEAR,DAYLIGHT,PEDALCYCLIST,NOT DIVIDED,STRAIGHT AND LEVEL,DRY,UNKNOWN,,UNABLE TO DETERMINE,UNABLE TO DETERMINE,,NO INDICATION OF INJURY,14,8,41.925020477,-87.6402812184,2025,30,POINT (-87.6402812184 41.925020477),,,,,2025-08-16,False,6,Lincoln Park
14053,30,NO CONTROLS,NO CONTROLS,CLEAR,DAYLIGHT,PEDALCYCLIST,DIVIDED - W/MEDIAN (NOT RAISED),STRAIGHT AND LEVEL,DRY,NO DEFECTS,,UNABLE TO DETERMINE,UNABLE TO DETERMINE,,NONINCAPACITATING INJURY,14,8,41.9611887581,-87.6908621899,2025,30,POINT (-87.6908621899 41.9611887581),,,,,2025-08-16,False,4,North Center
14054,30,NO CONTROLS,NO CONTROLS,CLOUDY/OVERCAST,DAYLIGHT,PEDALCYCLIST,DIVIDED - W/MEDIAN (NOT RAISED),STRAIGHT AND LEVEL,DRY,NO DEFECTS,,UNABLE TO DETERMINE,UNABLE TO DETERMINE,,NONINCAPACITATING INJURY,16,8,41.8423212316,-87.705119439,2025,30,POINT (-87.705119439 41.8423212316),,,,,2025-08-16,False,29,South Lawndale
14055,30,STOP SIGN/FLASHER,FUNCTIONING PROPERLY,RAIN,DUSK,PEDALCYCLIST,FOUR WAY,STRAIGHT AND LEVEL,WET,NO DEFECTS,Y,NOT APPLICABLE,NOT APPLICABLE,,"REPORTED, NOT EVIDENT",17,8,41.8894882678,-87.6177670275,2025,30,POINT (-87.6177670275 41.8894882678),,,,,2025-08-16,False,7,Near North Side
14056,20,NO CONTROLS,NO CONTROLS,RAIN,"DARKNESS, LIGHTED ROAD",PEDALCYCLIST,NOT DIVIDED,STRAIGHT AND LEVEL,WET,NO DEFECTS,,IMPROPER LANE USAGE,NOT APPLICABLE,Y,NONINCAPACITATING INJURY,0,8,41.9067660925,-87.6715892117,2025,20,POINT (-87.6715892117 41.9067660925),,,,,2025-08-17,False,23,West Town
14057,30,STOP SIGN/FLASHER,FUNCTIONING PROPERLY,CLEAR,DAYLIGHT,PEDALCYCLIST,FOUR WAY,STRAIGHT AND LEVEL,DRY,NO DEFECTS,Y,FAILING TO YIELD RIGHT-OF-WAY,UNABLE TO DETERMINE,,NONINCAPACITATING INJURY,9,8,42.012782706,-87.672484088,2025,30,POINT (-87.672484088 42.012782706),,,,,2025-08-17,False,0,Rogers Park
14058,30,TRAFFIC SIGNAL,UNKNOWN,CLEAR,DAYLIGHT,PEDALCYCLIST,FOUR WAY,STRAIGHT AND LEVEL,UNKNOWN,UNKNOWN,Y,FAILING TO YIELD RIGHT-OF-WAY,NOT APPLICABLE,,"REPORTED, NOT EVIDENT",10,8,41.8918001554,-87.6263318662,2025,30,POINT (-87.6263318662 41.8918001554),,,,,2025-08-17,False,7,Near North Side
14059,30,NO CONTROLS,NO CONTROLS,CLEAR,DAYLIGHT,PEDALCYCLIST,PARKING LOT,STRAIGHT AND LEVEL,DRY,NO DEFECTS,,FAILING TO YIELD RIGHT-OF-WAY,FAILING TO YIELD RIGHT-OF-WAY,,NONINCAPACITATING INJURY,11,8,41.9104288163,-87.6873688084,2025,30,POINT (-87.6873688084 41.9104288163),,,,,2025-08-17,False,23,West Town
14060,30,NO CONTROLS,NO CONTROLS,CLEAR,DAYLIGHT,PEDALCYCLIST,NOT DIVIDED,STRAIGHT AND LEVEL,DRY,NO DEFECTS,Y,UNABLE TO DETERMINE,NOT APPLICABLE,,NONINCAPACITATING INJURY,12,8,41.8106412993,-87.6697382464,2025,30,POINT (-87.6697382464 41.8106412993),,,,,2025-08-17,False,60,New City
14061,40,TRAFFIC SIGNAL,FUNCTIONING PROPERLY,CLEAR,DAYLIGHT,PEDALCYCLIST,DIVIDED - W/MEDIAN BARRIER,STRAIGHT AND LEVEL,DRY,NO DEFECTS,Y,UNABLE TO DETERMINE,UNABLE TO DETERMINE,,NONINCAPACITATING INJURY,13,8,41.8757615077,-87.6169920862,2025,40,POINT (-87.6169920862 41.8757615077),,,,,2025-08-17,False,31,Loop
14062,25,NO CONTROLS,UNKNOWN,CLOUDY/OVERCAST,DAYLIGHT,PEDALCYCLIST,NOT DIVIDED,STRAIGHT AND LEVEL,DRY,UNKNOWN,,FAILING TO YIELD RIGHT-OF-WAY,UNABLE TO DETERMINE,,"REPORTED, NOT EVIDENT",14,8,41.9332836747,-87.6896435803,2025,25,POINT (-87.6896435803 41.9332836747),,,,,2025-08-17,False,4,North Center
14063,25,STOP SIGN/FLASHER,NO CONTROLS,CLEAR,DAYLIGHT,PEDALCYCLIST,NOT DIVIDED,STRAIGHT AND LEVEL,DRY,UNKNOWN,,UNABLE TO DETERMINE,UNABLE TO DETERMINE,,"REPORTED, NOT EVIDENT",15,8,41.7514720539,-87.7218086993,2025,25,POINT (-87.7218086993 41.7514720539),,,,,2025-08-17,False,69,Ashburn
14064,30,NO CONTROLS,NO CONTROLS,CLEAR,DAYLIGHT,PEDALCYCLIST,NOT DIVIDED,STRAIGHT AND LEVEL,DRY,NO DEFECTS,,UNABLE TO DETERMINE,UNABLE TO DETERMINE,N,NO INDICATION OF INJURY,17,8,41.6903376732,-87.5998461299,2025,30,POINT (-87.5998461299 41.6903376732),,,,,2025-08-17,False,49,Pullman
14065,30,NO CONTROLS,NO CONTROLS,CLEAR,UNKNOWN,PEDALCYCLIST,NOT DIVIDED,STRAIGHT AND LEVEL,UNKNOWN,UNKNOWN,,UNABLE TO DETERMINE,NOT APPLICABLE,,"REPORTED, NOT EVIDENT",19,8,41.8343466838,-87.7048890748,2025,30,POINT (-87.7048890748 41.8343466838),,,,,2025-08-17,False,29,South Lawndale
14066,20,UNKNOWN,UNKNOWN,CLEAR,DAWN,PEDALCYCLIST,OTHER,STRAIGHT AND LEVEL,DRY,UNKNOWN,,UNABLE TO DETERMINE,UNABLE TO DETERMINE,,NONINCAPACITATING INJURY,19,8,41.968531574,-87.6868436539,2025,20,POINT (-87.6868436539 41.968531574),,,,,2025-08-17,False,3,Lincoln Square
14067,30,NO CONTROLS,NO CONTROLS,CLEAR,DAYLIGHT,PEDALCYCLIST,NOT DIVIDED,STRAIGHT AND LEVEL,DRY,UNKNOWN,,FAILING TO YIELD RIGHT-OF-WAY,FAILING TO YIELD RIGHT-OF-WAY,,NO INDICATION OF INJURY,7,8,41.9103481009,-87.7164712097,2025,30,POINT (-87.7164712097 41.9103481009),,,,,2025-08-18,False,22,Humboldt Park
14068,30,TRAFFIC SIGNAL,FUNCTIONING PROPERLY,CLOUDY/OVERCAST,DAYLIGHT,PEDALCYCLIST,DIVIDED - W/MEDIAN (NOT RAISED),STRAIGHT AND LEVEL,DRY,NO DEFECTS,Y,UNABLE TO DETERMINE,NOT APPLICABLE,,NO INDICATION OF INJURY,10,8,41.8309416792,-87.6263364393,2025,30,POINT (-87.6263364393 41.8309416792),,,,,2025-08-18,False,34,Douglas
14069,30,TRAFFIC SIGNAL,FUNCTIONING PROPERLY,RAIN,DAYLIGHT,PEDALCYCLIST,FOUR WAY,STRAIGHT AND LEVEL,WET,NO DEFECTS,Y,FAILING TO YIELD RIGHT-OF-WAY,NOT APPLICABLE,Y,NO INDICATION OF INJURY,10,8,41.8307821806,-87.6267901762,2025,30,POINT (-87.6267901762 41.8307821806),,,,,2025-08-18,False,34,Douglas