Unnamed: 0,POSTED_SPEED_LIMIT,TRAFFIC_CONTROL_DEVICE,DEVICE_CONDITION,WEATHER_CONDITION,LIGHTING_CONDITION,FIRST_CRASH_TYPE,TRAFFICWAY_TYPE,ALIGNMENT,ROADWAY_SURFACE_COND,ROAD_DEFECT,INTERSECTION_RELATED_I,PRIM_CONTRIBUTORY_CAUSE,SEC_CONTRIBUTORY_CAUSE,DOORING_I,MOST_SEVERE_INJURY,CRASH_HOUR,CRASH_MONTH,LATITUDE,LONGITUDE,CRASH_YEAR,SPEED_LIMIT,geometry,DISPLAYROU,the_geom,DIST,LANE_TYPE,CRASH_DATE,is_severe,index_right,CArea
14070,30,NO CONTROLS,NO CONTROLS,CLEAR,DAYLIGHT,PEDALCYCLIST,ONE-WAY,STRAIGHT AND LEVEL,DRY,NO DEFECTS,,UNABLE TO DETERMINE,UNABLE TO DETERMINE,Y,"REPORTED, NOT EVIDENT",14,8,41.8034612672,-87.7309515476,2025,30,POINT (-87.7309515476 41.8034612672),,,,,2025-08-18,False,56,Archer Heights
14071,25,UNKNOWN,UNKNOWN,UNKNOWN,UNKNOWN,PEDALCYCLIST,NOT DIVIDED,STRAIGHT AND LEVEL,UNKNOWN,UNKNOWN,,NOT APPLICABLE,NOT APPLICABLE,,NO INDICATION OF INJURY,15,8,41.9620271555,-87.6466396613,2025,25,POINT (-87.6466396613 41.9620271555),,,,,2025-08-18,False,2,Uptown
14072,30,TRAFFIC SIGNAL,FUNCTIONING PROPERLY,CLEAR,DAYLIGHT,PEDALCYCLIST,FOUR WAY,STRAIGHT AND LEVEL,WET,NO DEFECTS,Y,FAILING TO REDUCE SPEED TO AVOID CRASH,NOT APPLICABLE,,"REPORTED, NOT EVIDENT",15,8,41.8673524748,-87.6405639839,2025,30,POINT (-87.6405639839 41.8673524748),,,,,2025-08-18,False,27,Near West Side
14073,30,TRAFFIC SIGNAL,FUNCTIONING PROPERLY,CLEAR,DAYLIGHT,PEDALCYCLIST,FOUR WAY,STRAIGHT AND LEVEL,DRY,NO DEFECTS,Y,FAILING TO REDUCE SPEED TO AVOID CRASH,NOT APPLICABLE,,"REPORTED, NOT EVIDENT",15,8,41.9603053184,-87.7820540418,2025,30,POINT (-87.7820540418 41.9603053184),,,,,2025-08-18,False,14,Portage Park
14074,30,STOP SIGN/FLASHER,FUNCTIONING PROPERLY,CLEAR,DAYLIGHT,PEDALCYCLIST,FOUR WAY,STRAIGHT AND LEVEL,DRY,UNKNOWN,Y,UNABLE TO DETERMINE,NOT APPLICABLE,,NONINCAPACITATING INJURY,15,8,41.9655424558,-87.7082373651,2025,30,POINT (-87.7082373651 41.9655424558),,,,,2025-08-18,False,13,Albany Park
14075,25,NO CONTROLS,NO CONTROLS,CLEAR,DAYLIGHT,PEDALCYCLIST,NOT DIVIDED,STRAIGHT AND LEVEL,DRY,UNKNOWN,,IMPROPER OVERTAKING/PASSING,UNABLE TO DETERMINE,,NONINCAPACITATING INJURY,16,8,42.0125611934,-87.6747743704,2025,25,POINT (-87.6747743704 42.0125611934),,,,,2025-08-18,False,0,Rogers Park
14076,30,TRAFFIC SIGNAL,FUNCTIONING PROPERLY,CLEAR,DAYLIGHT,PEDALCYCLIST,NOT DIVIDED,STRAIGHT AND LEVEL,DRY,NO DEFECTS,,UNABLE TO DETERMINE,UNABLE TO DETERMINE,,NONINCAPACITATING INJURY,16,8,41.9102052885,-87.6774077101,2025,30,POINT (-87.6774077101 41.9102052885),,,,,2025-08-18,False,23,West Town
14077,25,NO CONTROLS,NO CONTROLS,CLEAR,DAYLIGHT,PEDALCYCLIST,DIVIDED - W/MEDIAN (NOT RAISED),STRAIGHT AND LEVEL,DRY,UNKNOWN,,NOT APPLICABLE,NOT APPLICABLE,,NONINCAPACITATING INJURY,16,8,41.932078435,-87.6445470089,2025,25,POINT (-87.6445470089 41.932078435),,,,,2025-08-18,False,6,Lincoln Park
14078,25,NO CONTROLS,NO CONTROLS,RAIN,DAYLIGHT,PEDALCYCLIST,NOT DIVIDED,STRAIGHT AND LEVEL,WET,NO DEFECTS,,UNABLE TO DETERMINE,DRIVING SKILLS/KNOWLEDGE/EXPERIENCE,Y,NONINCAPACITATING INJURY,17,8,42.0026602208,-87.6609355965,2025,25,POINT (-87.6609355965 42.0026602208),,,,,2025-08-18,False,0,Rogers Park
14079,30,NO CONTROLS,NO CONTROLS,RAIN,DAYLIGHT,PEDALCYCLIST,NOT DIVIDED,STRAIGHT AND LEVEL,WET,NO DEFECTS,,UNABLE TO DETERMINE,UNABLE TO DETERMINE,,"REPORTED, NOT EVIDENT",18,8,41.9329737629,-87.6416421399,2025,30,POINT (-87.6416421399 41.9329737629),,,,,2025-08-18,False,5,Lake View
14080,25,STOP SIGN/FLASHER,FUNCTIONING PROPERLY,RAIN,"DARKNESS, LIGHTED ROAD",PEDALCYCLIST,FOUR WAY,STRAIGHT AND LEVEL,WET,NO DEFECTS,Y,FAILING TO YIELD RIGHT-OF-WAY,FAILING TO YIELD RIGHT-OF-WAY,,NONINCAPACITATING INJURY,18,8,41.8188807747,-87.6408142501,2025,25,POINT (-87.6408142501 41.8188807747),,,,,2025-08-18,False,60,New City
14081,30,TRAFFIC SIGNAL,FUNCTIONING PROPERLY,RAIN,DARKNESS,PEDALCYCLIST,"FIVE POINT, OR MORE",STRAIGHT AND LEVEL,WET,NO DEFECTS,Y,DISREGARDING TRAFFIC SIGNALS,FAILING TO REDUCE SPEED TO AVOID CRASH,Y,NONINCAPACITATING INJURY,19,8,41.9108656861,-87.649664933,2025,30,POINT (-87.649664933 41.9108656861),,,,,2025-08-18,False,6,Lincoln Park
14082,30,NO CONTROLS,NO CONTROLS,RAIN,"DARKNESS, LIGHTED ROAD",PEDALCYCLIST,NOT DIVIDED,STRAIGHT AND LEVEL,WET,NO DEFECTS,,FAILING TO YIELD RIGHT-OF-WAY,NOT APPLICABLE,Y,INCAPACITATING INJURY,20,8,41.9231521016,-87.6453432405,2025,30,POINT (-87.6453432405 41.9231521016),,,,,2025-08-18,True,6,Lincoln Park
14083,30,NO CONTROLS,NO CONTROLS,RAIN,"DARKNESS, LIGHTED ROAD",PEDALCYCLIST,NOT DIVIDED,STRAIGHT AND LEVEL,WET,NO DEFECTS,,FAILING TO REDUCE SPEED TO AVOID CRASH,FAILING TO REDUCE SPEED TO AVOID CRASH,N,NONINCAPACITATING INJURY,20,8,41.9762157788,-87.6742159931,2025,30,POINT (-87.6742159931 41.9762157788),,,,,2025-08-18,False,2,Uptown
14084,25,TRAFFIC SIGNAL,FUNCTIONING PROPERLY,CLEAR,DAYLIGHT,PEDALCYCLIST,FOUR WAY,STRAIGHT AND LEVEL,WET,UNKNOWN,,DISREGARDING TRAFFIC SIGNALS,DISREGARDING TRAFFIC SIGNALS,,NONINCAPACITATING INJURY,7,8,41.8810297169,-87.6172815664,2025,25,POINT (-87.6172815664 41.8810297169),,,,,2025-08-19,False,31,Loop
14085,30,NO CONTROLS,NO CONTROLS,CLOUDY/OVERCAST,DAYLIGHT,PEDALCYCLIST,NOT DIVIDED,STRAIGHT AND LEVEL,DRY,NO DEFECTS,,FAILING TO REDUCE SPEED TO AVOID CRASH,UNABLE TO DETERMINE,,NONINCAPACITATING INJURY,7,8,41.8807408041,-87.7552260306,2025,30,POINT (-87.7552260306 41.8807408041),,,,,2025-08-19,False,24,Austin
14086,30,TRAFFIC SIGNAL,FUNCTIONING PROPERLY,RAIN,DAYLIGHT,PEDALCYCLIST,NOT DIVIDED,STRAIGHT AND LEVEL,WET,NO DEFECTS,Y,DISREGARDING TRAFFIC SIGNALS,DISREGARDING ROAD MARKINGS,,"REPORTED, NOT EVIDENT",9,8,41.88106017,-87.6862821058,2025,30,POINT (-87.6862821058 41.88106017),,,,,2025-08-19,False,27,Near West Side
14087,25,NO CONTROLS,NO CONTROLS,CLOUDY/OVERCAST,DAYLIGHT,PEDALCYCLIST,NOT DIVIDED,STRAIGHT AND LEVEL,DRY,NO DEFECTS,,FAILING TO YIELD RIGHT-OF-WAY,NOT APPLICABLE,,NONINCAPACITATING INJURY,9,8,41.9470101756,-87.7370771959,2025,25,POINT (-87.7370771959 41.9470101756),,,,,2025-08-19,False,15,Irving Park
14088,25,TRAFFIC SIGNAL,FUNCTIONING PROPERLY,UNKNOWN,DAYLIGHT,PEDALCYCLIST,T-INTERSECTION,STRAIGHT AND LEVEL,UNKNOWN,UNKNOWN,Y,UNABLE TO DETERMINE,UNABLE TO DETERMINE,,NO INDICATION OF INJURY,9,8,41.7804695325,-87.5916724262,2025,25,POINT (-87.5916724262 41.7804695325),,,,,2025-08-19,False,41,Woodlawn
14089,30,NO CONTROLS,NO CONTROLS,CLEAR,DAYLIGHT,PEDALCYCLIST,DIVIDED - W/MEDIAN (NOT RAISED),STRAIGHT AND LEVEL,DRY,NO DEFECTS,,FAILING TO YIELD RIGHT-OF-WAY,IMPROPER OVERTAKING/PASSING,,INCAPACITATING INJURY,15,8,41.9297237283,-87.6362723854,2025,30,POINT (-87.6362723854 41.9297237283),,,,,2025-08-19,True,6,Lincoln Park
14090,30,TRAFFIC SIGNAL,UNKNOWN,CLEAR,DAYLIGHT,PEDALCYCLIST,DIVIDED - W/MEDIAN (NOT RAISED),STRAIGHT AND LEVEL,DRY,UNKNOWN,,UNABLE TO DETERMINE,UNABLE TO DETERMINE,,NONINCAPACITATING INJURY,15,8,41.8516006791,-87.7246132299,2025,30,POINT (-87.7246132299 41.8516006791),,,,,2025-08-19,False,28,North Lawndale
14091,30,TRAFFIC SIGNAL,FUNCTIONING PROPERLY,CLEAR,DAYLIGHT,PEDALCYCLIST,"FIVE POINT, OR MORE",STRAIGHT AND LEVEL,DRY,NO DEFECTS,,UNABLE TO DETERMINE,NOT APPLICABLE,,"REPORTED, NOT EVIDENT",16,8,41.9034135016,-87.6663453165,2025,30,POINT (-87.6663453165 41.9034135016),,,,,2025-08-19,False,23,West Town
14092,25,TRAFFIC SIGNAL,FUNCTIONING PROPERLY,CLEAR,DAYLIGHT,PEDALCYCLIST,FOUR WAY,STRAIGHT AND LEVEL,DRY,OTHER,Y,UNABLE TO DETERMINE,UNABLE TO DETERMINE,,NONINCAPACITATING INJURY,17,8,41.9028152913,-87.6969387034,2025,25,POINT (-87.6969387034 41.9028152913),,,,,2025-08-19,False,22,Humboldt Park
14093,30,TRAFFIC SIGNAL,FUNCTIONING PROPERLY,CLEAR,DAYLIGHT,PEDALCYCLIST,FOUR WAY,STRAIGHT AND LEVEL,DRY,NO DEFECTS,,IMPROPER LANE USAGE,IMPROPER LANE USAGE,,NO INDICATION OF INJURY,17,8,41.8891721923,-87.6371099271,2025,30,POINT (-87.6371099271 41.8891721923),,,,,2025-08-19,False,7,Near North Side
14094,30,TRAFFIC SIGNAL,FUNCTIONING PROPERLY,CLEAR,DAYLIGHT,PEDALCYCLIST,FOUR WAY,STRAIGHT AND LEVEL,DRY,UNKNOWN,Y,FOLLOWING TOO CLOSELY,NOT APPLICABLE,N,NO INDICATION OF INJURY,17,8,41.9031447532,-87.6859965221,2025,30,POINT (-87.6859965221 41.9031447532),,,,,2025-08-19,False,23,West Town
14095,35,UNKNOWN,UNKNOWN,UNKNOWN,UNKNOWN,PEDALCYCLIST,UNKNOWN,STRAIGHT AND LEVEL,UNKNOWN,UNKNOWN,,UNABLE TO DETERMINE,UNABLE TO DETERMINE,,INCAPACITATING INJURY,22,8,41.7716227233,-87.5684386495,2025,35,POINT (-87.5684386495 41.7716227233),,,,,2025-08-19,True,41,Woodlawn
14096,30,TRAFFIC SIGNAL,FUNCTIONING PROPERLY,CLEAR,DAWN,PEDALCYCLIST,FOUR WAY,STRAIGHT AND LEVEL,DRY,NO DEFECTS,Y,DISREGARDING OTHER TRAFFIC SIGNS,FAILING TO YIELD RIGHT-OF-WAY,,NONINCAPACITATING INJURY,5,8,41.89596285,-87.6673492997,2025,30,POINT (-87.6673492997 41.89596285),,,,,2025-08-20,False,23,West Town
14097,25,NO CONTROLS,NO CONTROLS,CLEAR,DAYLIGHT,PEDALCYCLIST,NOT DIVIDED,STRAIGHT AND LEVEL,DRY,NO DEFECTS,,IMPROPER LANE USAGE,NOT APPLICABLE,,"REPORTED, NOT EVIDENT",8,8,41.8963672984,-87.6428672501,2025,25,POINT (-87.6428672501 41.8963672984),,,,,2025-08-20,False,7,Near North Side
14098,30,NO CONTROLS,NO CONTROLS,CLEAR,DAYLIGHT,PEDALCYCLIST,NOT DIVIDED,STRAIGHT AND LEVEL,DRY,NO DEFECTS,,FAILING TO YIELD RIGHT-OF-WAY,UNABLE TO DETERMINE,,NONINCAPACITATING INJURY,10,8,41.9763476399,-87.7088428092,2025,30,POINT (-87.7088428092 41.9763476399),,,,,2025-08-20,False,12,North Park
14099,30,TRAFFIC SIGNAL,FUNCTIONING PROPERLY,CLEAR,DAYLIGHT,PEDALCYCLIST,NOT DIVIDED,STRAIGHT AND LEVEL,DRY,NO DEFECTS,,UNABLE TO DETERMINE,UNABLE TO DETERMINE,Y,NONINCAPACITATING INJURY,10,8,41.7074051178,-87.6066722152,2025,30,POINT (-87.6066722152 41.7074051178),,,,,2025-08-20,False,48,Roseland
14100,30,STOP SIGN/FLASHER,FUNCTIONING PROPERLY,CLEAR,DAYLIGHT,PEDALCYCLIST,ONE-WAY,STRAIGHT AND LEVEL,DRY,NO DEFECTS,Y,NOT APPLICABLE,NOT APPLICABLE,,NONINCAPACITATING INJURY,12,8,41.9462449001,-87.7289099669,2025,30,POINT (-87.7289099669 41.9462449001),,,,,2025-08-20,False,15,Irving Park
14101,30,STOP SIGN/FLASHER,FUNCTIONING PROPERLY,CLEAR,DAYLIGHT,PEDALCYCLIST,FOUR WAY,STRAIGHT AND LEVEL,DRY,NO DEFECTS,Y,UNABLE TO DETERMINE,UNABLE TO DETERMINE,,NONINCAPACITATING INJURY,12,8,41.6605683856,-87.6413917581,2025,30,POINT (-87.6413917581 41.6605683856),,,,,2025-08-20,False,52,West Pullman
14102,30,TRAFFIC SIGNAL,FUNCTIONING PROPERLY,CLEAR,DAYLIGHT,PEDALCYCLIST,T-INTERSECTION,STRAIGHT AND LEVEL,DRY,NO DEFECTS,Y,FAILING TO YIELD RIGHT-OF-WAY,DRIVING SKILLS/KNOWLEDGE/EXPERIENCE,,NONINCAPACITATING INJURY,13,8,41.9286218263,-87.6876263765,2025,30,POINT (-87.6876263765 41.9286218263),,,,,2025-08-20,False,21,Logan Square
14103,30,NO CONTROLS,NO CONTROLS,CLEAR,DAYLIGHT,PEDALCYCLIST,NOT DIVIDED,STRAIGHT AND LEVEL,DRY,UNKNOWN,Y,UNABLE TO DETERMINE,UNABLE TO DETERMINE,,INCAPACITATING INJURY,13,8,42.0194056236,-87.6875944636,2025,30,POINT (-87.6875944636 42.0194056236),,,,,2025-08-20,True,1,West Ridge
14104,30,TRAFFIC SIGNAL,FUNCTIONING PROPERLY,CLEAR,DAYLIGHT,PEDALCYCLIST,FOUR WAY,STRAIGHT AND LEVEL,DRY,UNKNOWN,Y,UNABLE TO DETERMINE,NOT APPLICABLE,,INCAPACITATING INJURY,14,8,41.9682170769,-87.7402305806,2025,30,POINT (-87.7402305806 41.9682170769),,,,,2025-08-20,True,11,Forest Glen
14105,30,UNKNOWN,UNKNOWN,CLEAR,DAYLIGHT,PEDALCYCLIST,NOT DIVIDED,STRAIGHT AND LEVEL,DRY,UNKNOWN,,FAILING TO YIELD RIGHT-OF-WAY,UNABLE TO DETERMINE,,NO INDICATION OF INJURY,15,8,41.9683190281,-87.7109804249,2025,30,POINT (-87.7109804249 41.9683190281),,,,,2025-08-20,False,13,Albany Park
14106,25,NO CONTROLS,NO CONTROLS,CLEAR,DAYLIGHT,PEDALCYCLIST,FOUR WAY,STRAIGHT AND LEVEL,DRY,NO DEFECTS,Y,FAILING TO YIELD RIGHT-OF-WAY,NOT APPLICABLE,,NONINCAPACITATING INJURY,16,8,41.9982847047,-87.6617714015,2025,25,POINT (-87.6617714015 41.9982847047),,,,,2025-08-20,False,0,Rogers Park
14107,30,NO CONTROLS,NO CONTROLS,CLEAR,DAYLIGHT,PEDALCYCLIST,NOT DIVIDED,STRAIGHT AND LEVEL,DRY,NO DEFECTS,,FAILING TO YIELD RIGHT-OF-WAY,DRIVING SKILLS/KNOWLEDGE/EXPERIENCE,Y,NONINCAPACITATING INJURY,17,8,41.9433804583,-87.6740479281,2025,30,POINT (-87.6740479281 41.9433804583),,,,,2025-08-20,False,4,North Center
14108,30,NO CONTROLS,NO CONTROLS,CLEAR,DAYLIGHT,PEDALCYCLIST,NOT DIVIDED,STRAIGHT AND LEVEL,DRY,NO DEFECTS,,UNABLE TO DETERMINE,UNABLE TO DETERMINE,,NONINCAPACITATING INJURY,17,8,41.7564901494,-87.6152267936,2025,30,POINT (-87.6152267936 41.7564901494),,,,,2025-08-20,False,68,Grand Crossing
14109,30,NO CONTROLS,NO CONTROLS,CLEAR,DAYLIGHT,PEDALCYCLIST,NOT DIVIDED,STRAIGHT AND LEVEL,DRY,NO DEFECTS,,UNABLE TO DETERMINE,UNABLE TO DETERMINE,Y,NONINCAPACITATING INJURY,19,8,41.9094200307,-87.6761950826,2025,30,POINT (-87.6761950826 41.9094200307),,,,,2025-08-20,False,23,West Town
14110,30,TRAFFIC SIGNAL,FUNCTIONING PROPERLY,CLEAR,"DARKNESS, LIGHTED ROAD",PEDALCYCLIST,NOT DIVIDED,STRAIGHT AND LEVEL,DRY,NO DEFECTS,,"OPERATING VEHICLE IN ERRATIC, RECKLESS, CARELESS, NEGLIGENT OR AGGRESSIVE MANNER",NOT APPLICABLE,Y,"REPORTED, NOT EVIDENT",20,8,41.7132775297,-87.5508997882,2025,30,POINT (-87.5508997882 41.7132775297),,,,,2025-08-20,False,50,South Deering
14111,30,TRAFFIC SIGNAL,FUNCTIONING PROPERLY,CLEAR,DAYLIGHT,PEDALCYCLIST,FOUR WAY,STRAIGHT AND LEVEL,DRY,NO DEFECTS,Y,UNABLE TO DETERMINE,UNABLE TO DETERMINE,,NONINCAPACITATING INJURY,6,8,41.8808056553,-87.6209349918,2025,30,POINT (-87.6209349918 41.8808056553),,,,,2025-08-21,False,31,Loop
14112,30,TRAFFIC SIGNAL,UNKNOWN,CLEAR,DAYLIGHT,PEDALCYCLIST,"FIVE POINT, OR MORE",STRAIGHT AND LEVEL,DRY,UNKNOWN,Y,IMPROPER LANE USAGE,UNABLE TO DETERMINE,,NONINCAPACITATING INJURY,7,8,41.9449236897,-87.6545078737,2025,30,POINT (-87.6545078737 41.9449236897),,,,,2025-08-21,False,5,Lake View
14113,20,STOP SIGN/FLASHER,FUNCTIONING PROPERLY,CLEAR,DAYLIGHT,PEDALCYCLIST,NOT DIVIDED,STRAIGHT AND LEVEL,DRY,NO DEFECTS,,UNABLE TO DETERMINE,UNABLE TO DETERMINE,,NO INDICATION OF INJURY,7,8,41.778567203,-87.7399094751,2025,20,POINT (-87.7399094751 41.778567203),,,,,2025-08-21,False,63,Clearing
14114,30,NO CONTROLS,NO CONTROLS,CLEAR,DAYLIGHT,PEDALCYCLIST,NOT DIVIDED,STRAIGHT AND LEVEL,DRY,NO DEFECTS,,FAILING TO YIELD RIGHT-OF-WAY,NOT APPLICABLE,Y,"REPORTED, NOT EVIDENT",9,8,41.8579184773,-87.6655067118,2025,30,POINT (-87.6655067118 41.8579184773),,,,,2025-08-21,False,27,Near West Side
14115,30,UNKNOWN,UNKNOWN,CLEAR,DAYLIGHT,PEDALCYCLIST,FOUR WAY,STRAIGHT AND LEVEL,UNKNOWN,UNKNOWN,Y,UNABLE TO DETERMINE,NOT APPLICABLE,,NONINCAPACITATING INJURY,12,8,41.9543982767,-87.6691918656,2025,30,POINT (-87.6691918656 41.9543982767),,,,,2025-08-21,False,2,Uptown
14116,30,STOP SIGN/FLASHER,FUNCTIONING PROPERLY,CLEAR,DAYLIGHT,PEDALCYCLIST,NOT DIVIDED,STRAIGHT AND LEVEL,DRY,NO DEFECTS,Y,DISREGARDING STOP SIGN,DISREGARDING STOP SIGN,,NO INDICATION OF INJURY,14,8,41.8869246196,-87.6408431282,2025,30,POINT (-87.6408431282 41.8869246196),,,,,2025-08-21,False,7,Near North Side
14117,30,NO CONTROLS,NO CONTROLS,CLEAR,DAYLIGHT,PEDALCYCLIST,NOT DIVIDED,STRAIGHT AND LEVEL,DRY,NO DEFECTS,,UNABLE TO DETERMINE,UNABLE TO DETERMINE,,"REPORTED, NOT EVIDENT",15,8,41.9170441582,-87.7275336339,2025,30,POINT (-87.7275336339 41.9170441582),,,,,2025-08-21,False,19,Hermosa
14118,30,STOP SIGN/FLASHER,FUNCTIONING PROPERLY,CLEAR,DAYLIGHT,PEDALCYCLIST,FOUR WAY,STRAIGHT AND LEVEL,DRY,NO DEFECTS,Y,FAILING TO YIELD RIGHT-OF-WAY,DISREGARDING STOP SIGN,,NONINCAPACITATING INJURY,16,8,41.9004905138,-87.7595521083,2025,30,POINT (-87.7595521083 41.9004905138),,,,,2025-08-21,False,24,Austin
14119,30,NO CONTROLS,NO CONTROLS,CLEAR,DAYLIGHT,PEDALCYCLIST,NOT DIVIDED,STRAIGHT AND LEVEL,DRY,NO DEFECTS,,FAILING TO YIELD RIGHT-OF-WAY,FAILING TO YIELD RIGHT-OF-WAY,Y,NONINCAPACITATING INJURY,16,8,41.9388179898,-87.7559630639,2025,30,POINT (-87.7559630639 41.9388179898),,,,,2025-08-21,False,14,Portage Park
14120,25,STOP SIGN/FLASHER,FUNCTIONING PROPERLY,CLEAR,DAYLIGHT,PEDALCYCLIST,FOUR WAY,STRAIGHT AND LEVEL,DRY,NO DEFECTS,Y,UNABLE TO DETERMINE,UNABLE TO DETERMINE,,"REPORTED, NOT EVIDENT",17,8,41.7932878899,-87.5881110506,2025,25,POINT (-87.5881110506 41.7932878899),,,,,2025-08-21,False,40,Hyde Park
14121,30,NO CONTROLS,NO CONTROLS,CLEAR,DAYLIGHT,PEDALCYCLIST,NOT DIVIDED,STRAIGHT AND LEVEL,DRY,NO DEFECTS,,NOT APPLICABLE,NOT APPLICABLE,Y,NONINCAPACITATING INJURY,17,8,41.7968720819,-87.5841348234,2025,30,POINT (-87.5841348234 41.7968720819),,,,,2025-08-21,False,40,Hyde Park
14122,30,NO CONTROLS,NO CONTROLS,CLEAR,DAYLIGHT,PEDALCYCLIST,NOT DIVIDED,STRAIGHT ON GRADE,DRY,UNKNOWN,,UNABLE TO DETERMINE,IMPROPER OVERTAKING/PASSING,,NONINCAPACITATING INJURY,18,8,41.8081446572,-87.7110011305,2025,30,POINT (-87.7110011305 41.8081446572),,,,,2025-08-21,False,57,Brighton Park
14123,30,NO CONTROLS,NO CONTROLS,CLEAR,DAYLIGHT,PEDALCYCLIST,DIVIDED - W/MEDIAN (NOT RAISED),STRAIGHT AND LEVEL,DRY,NO DEFECTS,,UNABLE TO DETERMINE,UNABLE TO DETERMINE,,NONINCAPACITATING INJURY,18,8,41.9303329023,-87.6558119563,2025,30,POINT (-87.6558119563 41.9303329023),,,,,2025-08-21,False,6,Lincoln Park
14124,30,TRAFFIC SIGNAL,FUNCTIONING PROPERLY,CLEAR,DAYLIGHT,PEDALCYCLIST,NOT DIVIDED,STRAIGHT AND LEVEL,DRY,NO DEFECTS,,FAILING TO YIELD RIGHT-OF-WAY,NOT APPLICABLE,,NONINCAPACITATING INJURY,18,8,41.9653418602,-87.6694301319,2025,30,POINT (-87.6694301319 41.9653418602),,,,,2025-08-21,False,2,Uptown
14125,30,NO CONTROLS,NO CONTROLS,UNKNOWN,UNKNOWN,PEDALCYCLIST,NOT DIVIDED,STRAIGHT AND LEVEL,UNKNOWN,UNKNOWN,,UNABLE TO DETERMINE,UNABLE TO DETERMINE,N,INCAPACITATING INJURY,19,8,41.902652648,-87.6967258409,2025,30,POINT (-87.6967258409 41.902652648),,,,,2025-08-21,True,22,Humboldt Park
14126,30,UNKNOWN,UNKNOWN,CLEAR,DARKNESS,PEDALCYCLIST,NOT DIVIDED,STRAIGHT AND LEVEL,DRY,NO DEFECTS,,FAILING TO YIELD RIGHT-OF-WAY,IMPROPER OVERTAKING/PASSING,,NONINCAPACITATING INJURY,20,8,41.901951761,-87.6967079657,2025,30,POINT (-87.6967079657 41.901951761),,,,,2025-08-21,False,22,Humboldt Park
14127,20,STOP SIGN/FLASHER,FUNCTIONING PROPERLY,CLEAR,DARKNESS,PEDALCYCLIST,NOT DIVIDED,STRAIGHT AND LEVEL,DRY,UNKNOWN,,FAILING TO YIELD RIGHT-OF-WAY,UNABLE TO DETERMINE,,"REPORTED, NOT EVIDENT",21,8,41.7847756756,-87.6693435243,2025,20,POINT (-87.6693435243 41.7847756756),,,,,2025-08-21,False,66,Englewood
14128,30,NO CONTROLS,NO CONTROLS,CLEAR,DAYLIGHT,PEDALCYCLIST,FOUR WAY,STRAIGHT AND LEVEL,DRY,NO DEFECTS,,FAILING TO YIELD RIGHT-OF-WAY,UNABLE TO DETERMINE,Y,NO INDICATION OF INJURY,7,8,41.890374775,-87.677042676,2025,30,POINT (-87.677042676 41.890374775),,,,,2025-08-22,False,23,West Town
14129,30,NO CONTROLS,NO CONTROLS,CLEAR,DAYLIGHT,PEDALCYCLIST,NOT DIVIDED,STRAIGHT AND LEVEL,DRY,NO DEFECTS,,NOT APPLICABLE,NOT APPLICABLE,,"REPORTED, NOT EVIDENT",9,8,41.9133487012,-87.6346325506,2025,30,POINT (-87.6346325506 41.9133487012),,,,,2025-08-22,False,6,Lincoln Park
14130,15,NO CONTROLS,NO CONTROLS,CLEAR,DAYLIGHT,PEDALCYCLIST,NOT DIVIDED,STRAIGHT AND LEVEL,DRY,NO DEFECTS,,FOLLOWING TOO CLOSELY,FOLLOWING TOO CLOSELY,,NONINCAPACITATING INJURY,11,8,41.7222631981,-87.5829176346,2025,15,POINT (-87.5829176346 41.7222631981),,,,,2025-08-22,False,50,South Deering
14131,30,TRAFFIC SIGNAL,UNKNOWN,CLEAR,DAYLIGHT,PEDALCYCLIST,FOUR WAY,STRAIGHT AND LEVEL,DRY,NO DEFECTS,Y,UNABLE TO DETERMINE,NOT APPLICABLE,,NO INDICATION OF INJURY,13,8,41.7507503867,-87.6343843454,2025,30,POINT (-87.6343843454 41.7507503867),,,,,2025-08-22,False,43,Chatham
14133,30,NO CONTROLS,NO CONTROLS,CLEAR,DAYLIGHT,PEDALCYCLIST,NOT DIVIDED,STRAIGHT AND LEVEL,DRY,NO DEFECTS,,FAILING TO YIELD RIGHT-OF-WAY,DRIVING SKILLS/KNOWLEDGE/EXPERIENCE,,"REPORTED, NOT EVIDENT",16,8,41.9689773805,-87.6550569448,2025,30,POINT (-87.6550569448 41.9689773805),,,,,2025-08-22,False,2,Uptown
14134,30,TRAFFIC SIGNAL,FUNCTIONING PROPERLY,CLEAR,DAYLIGHT,PEDALCYCLIST,NOT DIVIDED,STRAIGHT AND LEVEL,DRY,NO DEFECTS,Y,IMPROPER TURNING/NO SIGNAL,DRIVING SKILLS/KNOWLEDGE/EXPERIENCE,,INCAPACITATING INJURY,17,8,41.8957962445,-87.6549535956,2025,30,POINT (-87.6549535956 41.8957962445),,,,,2025-08-22,True,7,Near North Side
14135,10,NO CONTROLS,NO CONTROLS,CLEAR,DAYLIGHT,PEDALCYCLIST,NOT DIVIDED,STRAIGHT AND LEVEL,DRY,NO DEFECTS,,FAILING TO REDUCE SPEED TO AVOID CRASH,NOT APPLICABLE,,NO INDICATION OF INJURY,17,8,41.7943548532,-87.7705271521,2025,10,POINT (-87.7705271521 41.7943548532),,,,,2025-08-22,False,55,Garfield Ridge