Unnamed: 0,POSTED_SPEED_LIMIT,TRAFFIC_CONTROL_DEVICE,DEVICE_CONDITION,WEATHER_CONDITION,LIGHTING_CONDITION,FIRST_CRASH_TYPE,TRAFFICWAY_TYPE,ALIGNMENT,ROADWAY_SURFACE_COND,ROAD_DEFECT,INTERSECTION_RELATED_I,PRIM_CONTRIBUTORY_CAUSE,SEC_CONTRIBUTORY_CAUSE,DOORING_I,MOST_SEVERE_INJURY,CRASH_HOUR,CRASH_MONTH,LATITUDE,LONGITUDE,CRASH_YEAR,SPEED_LIMIT,geometry,DISPLAYROU,the_geom,DIST,LANE_TYPE,CRASH_DATE,is_severe,index_right,CArea
14136,30,TRAFFIC SIGNAL,FUNCTIONING PROPERLY,CLEAR,DAYLIGHT,PEDALCYCLIST,NOT DIVIDED,STRAIGHT AND LEVEL,DRY,UNKNOWN,,IMPROPER LANE USAGE,NOT APPLICABLE,,"REPORTED, NOT EVIDENT",18,8,41.9284997896,-87.756455422,2025,30,POINT (-87.756455422 41.9284997896),,,,,2025-08-22,False,18,Belmont Cragin
14137,20,NO CONTROLS,NO CONTROLS,CLEAR,DUSK,PEDALCYCLIST,ALLEY,STRAIGHT AND LEVEL,DRY,NO DEFECTS,,DRIVING SKILLS/KNOWLEDGE/EXPERIENCE,NOT APPLICABLE,,"REPORTED, NOT EVIDENT",18,8,41.9257398674,-87.7774486187,2025,20,POINT (-87.7774486187 41.9257398674),,,,,2025-08-22,False,18,Belmont Cragin
14138,30,NO CONTROLS,NO CONTROLS,CLEAR,DAYLIGHT,PEDALCYCLIST,NOT DIVIDED,STRAIGHT AND LEVEL,DRY,NO DEFECTS,,NOT APPLICABLE,NOT APPLICABLE,,NONINCAPACITATING INJURY,18,8,41.7804237945,-87.7229566243,2025,30,POINT (-87.7229566243 41.7804237945),,,,,2025-08-22,False,64,West Lawn
14139,30,NO CONTROLS,NO CONTROLS,CLEAR,DUSK,PEDALCYCLIST,NOT DIVIDED,STRAIGHT AND LEVEL,DRY,NO DEFECTS,,FAILING TO YIELD RIGHT-OF-WAY,UNABLE TO DETERMINE,,NO INDICATION OF INJURY,18,8,41.9301493799,-87.6846468858,2025,30,POINT (-87.6846468858 41.9301493799),,,,,2025-08-22,False,21,Logan Square
14140,30,NO CONTROLS,NO CONTROLS,CLEAR,"DARKNESS, LIGHTED ROAD",PEDALCYCLIST,DIVIDED - W/MEDIAN (NOT RAISED),STRAIGHT AND LEVEL,DRY,NO DEFECTS,,UNABLE TO DETERMINE,UNABLE TO DETERMINE,Y,NONINCAPACITATING INJURY,20,8,41.9315773128,-87.6442559662,2025,30,POINT (-87.6442559662 41.9315773128),,,,,2025-08-22,False,6,Lincoln Park
14141,30,NO CONTROLS,NO CONTROLS,CLEAR,"DARKNESS, LIGHTED ROAD",PEDALCYCLIST,FOUR WAY,STRAIGHT AND LEVEL,DRY,NO DEFECTS,Y,FAILING TO YIELD RIGHT-OF-WAY,NOT APPLICABLE,,INCAPACITATING INJURY,20,8,41.7988996515,-87.7038579977,2025,30,POINT (-87.7038579977 41.7988996515),,,,,2025-08-22,True,62,Gage Park
14142,30,NO CONTROLS,NO CONTROLS,CLEAR,"DARKNESS, LIGHTED ROAD",PEDALCYCLIST,DIVIDED - W/MEDIAN (NOT RAISED),STRAIGHT AND LEVEL,DRY,NO DEFECTS,,UNABLE TO DETERMINE,UNABLE TO DETERMINE,,NONINCAPACITATING INJURY,20,8,41.9542365777,-87.6648647402,2025,30,POINT (-87.6648647402 41.9542365777),,,,,2025-08-22,False,5,Lake View
14143,30,NO CONTROLS,NO CONTROLS,CLEAR,"DARKNESS, LIGHTED ROAD",PEDALCYCLIST,DIVIDED - W/MEDIAN (NOT RAISED),STRAIGHT AND LEVEL,DRY,NO DEFECTS,,UNABLE TO DETERMINE,NOT APPLICABLE,Y,NONINCAPACITATING INJURY,21,8,41.9028573369,-87.6920732696,2025,30,POINT (-87.6920732696 41.9028573369),,,,,2025-08-22,False,22,Humboldt Park
14144,30,NO CONTROLS,NO CONTROLS,CLEAR,"DARKNESS, LIGHTED ROAD",PEDALCYCLIST,NOT DIVIDED,STRAIGHT AND LEVEL,DRY,NO DEFECTS,,FAILING TO YIELD RIGHT-OF-WAY,NOT APPLICABLE,,NO INDICATION OF INJURY,22,8,41.7789852709,-87.6948374409,2025,30,POINT (-87.6948374409 41.7789852709),,,,,2025-08-22,False,65,Chicago Lawn
14145,20,NO CONTROLS,NO CONTROLS,CLEAR,DAYLIGHT,PEDALCYCLIST,NOT DIVIDED,STRAIGHT AND LEVEL,DRY,NO DEFECTS,,FAILING TO YIELD RIGHT-OF-WAY,FAILING TO YIELD RIGHT-OF-WAY,,NONINCAPACITATING INJURY,8,8,41.9780571057,-87.6585268349,2025,20,POINT (-87.6585268349 41.9780571057),,,,,2025-08-23,False,76,Edgewater
14146,30,NO CONTROLS,NO CONTROLS,CLEAR,DAYLIGHT,PEDALCYCLIST,NOT DIVIDED,STRAIGHT AND LEVEL,DRY,NO DEFECTS,,FAILING TO YIELD RIGHT-OF-WAY,UNABLE TO DETERMINE,,"REPORTED, NOT EVIDENT",10,8,41.9603334976,-87.7864090976,2025,30,POINT (-87.7864090976 41.9603334976),,,,,2025-08-23,False,14,Portage Park
14147,30,STOP SIGN/FLASHER,FUNCTIONING PROPERLY,CLEAR,DAYLIGHT,PEDALCYCLIST,FOUR WAY,STRAIGHT AND LEVEL,DRY,NO DEFECTS,Y,FAILING TO YIELD RIGHT-OF-WAY,IMPROPER LANE USAGE,,NONINCAPACITATING INJURY,12,8,41.8443192713,-87.7124938154,2025,30,POINT (-87.7124938154 41.8443192713),,,,,2025-08-23,False,29,South Lawndale
14148,30,NO CONTROLS,NO CONTROLS,CLEAR,DAYLIGHT,PEDALCYCLIST,NOT DIVIDED,STRAIGHT AND LEVEL,DRY,NO DEFECTS,,FAILING TO YIELD RIGHT-OF-WAY,NOT APPLICABLE,,"REPORTED, NOT EVIDENT",13,8,41.9219004012,-87.6954875737,2025,30,POINT (-87.6954875737 41.9219004012),,,,,2025-08-23,False,21,Logan Square
14149,30,TRAFFIC SIGNAL,FUNCTIONING PROPERLY,CLEAR,DAYLIGHT,PEDALCYCLIST,CENTER TURN LANE,STRAIGHT AND LEVEL,DRY,NO DEFECTS,,IMPROPER OVERTAKING/PASSING,IMPROPER OVERTAKING/PASSING,,NONINCAPACITATING INJURY,13,8,41.8519493646,-87.6952998547,2025,30,POINT (-87.6952998547 41.8519493646),,,,,2025-08-23,False,28,North Lawndale
14150,30,TRAFFIC SIGNAL,FUNCTIONING PROPERLY,CLEAR,DAYLIGHT,PEDALCYCLIST,DIVIDED - W/MEDIAN BARRIER,STRAIGHT AND LEVEL,DRY,NO DEFECTS,Y,OBSTRUCTED CROSSWALKS,NOT APPLICABLE,,NONINCAPACITATING INJURY,16,8,41.8770667831,-87.6244392103,2025,30,POINT (-87.6244392103 41.8770667831),,,,,2025-08-23,False,31,Loop
14151,30,NO CONTROLS,NO CONTROLS,CLEAR,DAYLIGHT,PEDALCYCLIST,NOT DIVIDED,STRAIGHT AND LEVEL,DRY,NO DEFECTS,,NOT APPLICABLE,NOT APPLICABLE,N,NONINCAPACITATING INJURY,18,8,41.9773769944,-87.6597480799,2025,30,POINT (-87.6597480799 41.9773769944),,,,,2025-08-23,False,2,Uptown
14152,30,TRAFFIC SIGNAL,FUNCTIONING PROPERLY,CLEAR,DAYLIGHT,PEDALCYCLIST,NOT DIVIDED,STRAIGHT ON GRADE,DRY,NO DEFECTS,,UNABLE TO DETERMINE,NOT APPLICABLE,Y,INCAPACITATING INJURY,18,8,41.9057744767,-87.6700371799,2025,30,POINT (-87.6700371799 41.9057744767),,,,,2025-08-23,True,23,West Town
14153,30,UNKNOWN,UNKNOWN,UNKNOWN,UNKNOWN,PEDALCYCLIST,DIVIDED - W/MEDIAN (NOT RAISED),STRAIGHT AND LEVEL,UNKNOWN,UNKNOWN,,DRIVING SKILLS/KNOWLEDGE/EXPERIENCE,UNABLE TO DETERMINE,Y,NONINCAPACITATING INJURY,19,8,41.9978944739,-87.686731711,2025,30,POINT (-87.686731711 41.9978944739),,,,,2025-08-23,False,1,West Ridge
14154,30,PEDESTRIAN CROSSING SIGN,FUNCTIONING PROPERLY,CLEAR,DAYLIGHT,PEDALCYCLIST,DIVIDED - W/MEDIAN (NOT RAISED),STRAIGHT AND LEVEL,DRY,NO DEFECTS,Y,FAILING TO YIELD RIGHT-OF-WAY,FAILING TO YIELD RIGHT-OF-WAY,,NONINCAPACITATING INJURY,12,8,41.9562503996,-87.6635729203,2025,30,POINT (-87.6635729203 41.9562503996),,,,,2025-08-24,False,2,Uptown
14155,25,NO CONTROLS,NO CONTROLS,CLEAR,DAYLIGHT,PEDALCYCLIST,NOT DIVIDED,STRAIGHT AND LEVEL,DRY,NO DEFECTS,,"OPERATING VEHICLE IN ERRATIC, RECKLESS, CARELESS, NEGLIGENT OR AGGRESSIVE MANNER",NOT APPLICABLE,,NONINCAPACITATING INJURY,16,8,42.0199138945,-87.6720580708,2025,25,POINT (-87.6720580708 42.0199138945),,,,,2025-08-24,False,0,Rogers Park
14156,30,NO CONTROLS,NO CONTROLS,CLEAR,DAYLIGHT,PEDALCYCLIST,NOT DIVIDED,STRAIGHT AND LEVEL,DRY,NO DEFECTS,,"VISION OBSCURED (SIGNS, TREE LIMBS, BUILDINGS, ETC.)",UNABLE TO DETERMINE,Y,NONINCAPACITATING INJURY,17,8,41.9493174292,-87.6642260551,2025,30,POINT (-87.6642260551 41.9493174292),,,,,2025-08-24,False,5,Lake View
14157,30,TRAFFIC SIGNAL,FUNCTIONING PROPERLY,CLEAR,DAYLIGHT,PEDALCYCLIST,NOT DIVIDED,STRAIGHT AND LEVEL,DRY,NO DEFECTS,,UNABLE TO DETERMINE,NOT APPLICABLE,,NO INDICATION OF INJURY,19,8,41.9175342114,-87.6774665322,2025,30,POINT (-87.6774665322 41.9175342114),,,,,2025-08-24,False,6,Lincoln Park
14158,20,STOP SIGN/FLASHER,FUNCTIONING PROPERLY,CLEAR,DAWN,PEDALCYCLIST,ONE-WAY,STRAIGHT AND LEVEL,DRY,NO DEFECTS,,FAILING TO YIELD RIGHT-OF-WAY,DISTRACTION - FROM OUTSIDE VEHICLE,,NONINCAPACITATING INJURY,19,8,41.9205244079,-87.7592390905,2025,20,POINT (-87.7592390905 41.9205244079),,,,,2025-08-24,False,18,Belmont Cragin
14159,30,NO CONTROLS,NO CONTROLS,CLEAR,DAYLIGHT,PEDALCYCLIST,ONE-WAY,STRAIGHT AND LEVEL,DRY,NO DEFECTS,,FAILING TO YIELD RIGHT-OF-WAY,DRIVING SKILLS/KNOWLEDGE/EXPERIENCE,,NO INDICATION OF INJURY,8,8,41.885627453,-87.6357869839,2025,30,POINT (-87.6357869839 41.885627453),,,,,2025-08-25,False,27,Near West Side
14160,30,NO CONTROLS,NO CONTROLS,CLEAR,DAYLIGHT,PEDALCYCLIST,PARKING LOT,STRAIGHT AND LEVEL,DRY,NO DEFECTS,,FAILING TO YIELD RIGHT-OF-WAY,NOT APPLICABLE,,NONINCAPACITATING INJURY,12,8,41.9637889643,-87.6566064924,2025,30,POINT (-87.6566064924 41.9637889643),,,,,2025-08-25,False,2,Uptown
14161,20,NO CONTROLS,NO CONTROLS,CLEAR,DAYLIGHT,PEDALCYCLIST,ONE-WAY,STRAIGHT ON GRADE,DRY,NO DEFECTS,,DRIVING SKILLS/KNOWLEDGE/EXPERIENCE,DRIVING SKILLS/KNOWLEDGE/EXPERIENCE,Y,NONINCAPACITATING INJURY,13,8,41.9697377116,-87.6839285892,2025,20,POINT (-87.6839285892 41.9697377116),,,,,2025-08-25,False,3,Lincoln Square
14162,25,STOP SIGN/FLASHER,UNKNOWN,UNKNOWN,DAYLIGHT,PEDALCYCLIST,FOUR WAY,STRAIGHT AND LEVEL,UNKNOWN,UNKNOWN,,FAILING TO YIELD RIGHT-OF-WAY,NOT APPLICABLE,,NONINCAPACITATING INJURY,15,8,41.9347808521,-87.7835262612,2025,25,POINT (-87.7835262612 41.9347808521),,,,,2025-08-25,False,16,Dunning
14163,25,NO CONTROLS,NO CONTROLS,UNKNOWN,DAYLIGHT,PEDALCYCLIST,FOUR WAY,STRAIGHT AND LEVEL,UNKNOWN,UNKNOWN,Y,FAILING TO YIELD RIGHT-OF-WAY,NOT APPLICABLE,,NONINCAPACITATING INJURY,15,8,41.9257636356,-87.7758417649,2025,25,POINT (-87.7758417649 41.9257636356),,,,,2025-08-25,False,18,Belmont Cragin
14164,30,STOP SIGN/FLASHER,NO CONTROLS,CLEAR,DAYLIGHT,PEDALCYCLIST,FOUR WAY,STRAIGHT AND LEVEL,DRY,NO DEFECTS,Y,FAILING TO YIELD RIGHT-OF-WAY,NOT APPLICABLE,,NO INDICATION OF INJURY,15,8,41.9258058934,-87.7756362392,2025,30,POINT (-87.7756362392 41.9258058934),,,,,2025-08-25,False,18,Belmont Cragin
14165,30,TRAFFIC SIGNAL,FUNCTIONING PROPERLY,CLEAR,DAYLIGHT,PEDALCYCLIST,FOUR WAY,STRAIGHT AND LEVEL,DRY,NO DEFECTS,Y,FAILING TO YIELD RIGHT-OF-WAY,NOT APPLICABLE,,NONINCAPACITATING INJURY,15,8,41.9393196632,-87.7126412851,2025,30,POINT (-87.7126412851 41.9393196632),,,,,2025-08-25,False,15,Irving Park
14166,30,STOP SIGN/FLASHER,FUNCTIONING PROPERLY,CLEAR,DAYLIGHT,PEDALCYCLIST,NOT DIVIDED,STRAIGHT AND LEVEL,DRY,NO DEFECTS,Y,FAILING TO YIELD RIGHT-OF-WAY,FAILING TO REDUCE SPEED TO AVOID CRASH,,NONINCAPACITATING INJURY,16,8,41.93779066,-87.8299470352,2025,30,POINT (-87.8299470352 41.93779066),,,,,2025-08-25,False,16,Dunning
14167,25,STOP SIGN/FLASHER,FUNCTIONING PROPERLY,CLEAR,DAYLIGHT,PEDALCYCLIST,FOUR WAY,STRAIGHT AND LEVEL,DRY,NO DEFECTS,Y,DISREGARDING STOP SIGN,UNABLE TO DETERMINE,,NONINCAPACITATING INJURY,16,8,41.7647867355,-87.6663902095,2025,25,POINT (-87.6663902095 41.7647867355),,,,,2025-08-25,False,66,Englewood
14168,30,NO CONTROLS,NO CONTROLS,CLEAR,DARKNESS,PEDALCYCLIST,ALLEY,STRAIGHT AND LEVEL,DRY,NO DEFECTS,,FAILING TO YIELD RIGHT-OF-WAY,NOT APPLICABLE,,NONINCAPACITATING INJURY,19,8,41.8005017908,-87.7305752943,2025,30,POINT (-87.7305752943 41.8005017908),,,,,2025-08-25,False,56,Archer Heights
14169,30,NO CONTROLS,NO CONTROLS,CLEAR,"DARKNESS, LIGHTED ROAD",PEDALCYCLIST,PARKING LOT,STRAIGHT AND LEVEL,DRY,NO DEFECTS,,IMPROPER BACKING,IMPROPER BACKING,,"REPORTED, NOT EVIDENT",20,8,41.7952973181,-87.5878225555,2025,30,POINT (-87.5878225555 41.7952973181),,,,,2025-08-25,False,40,Hyde Park
14170,30,STOP SIGN/FLASHER,FUNCTIONING PROPERLY,CLEAR,DUSK,PEDALCYCLIST,DIVIDED - W/MEDIAN (NOT RAISED),STRAIGHT AND LEVEL,DRY,WORN SURFACE,N,TURNING RIGHT ON RED,DRIVING SKILLS/KNOWLEDGE/EXPERIENCE,,NO INDICATION OF INJURY,20,8,42.0194208806,-87.6896908395,2025,30,POINT (-87.6896908395 42.0194208806),,,,,2025-08-25,False,1,West Ridge
14171,30,TRAFFIC SIGNAL,FUNCTIONING PROPERLY,CLEAR,DAYLIGHT,PEDALCYCLIST,T-INTERSECTION,STRAIGHT AND LEVEL,DRY,NO DEFECTS,Y,UNABLE TO DETERMINE,UNABLE TO DETERMINE,,NO INDICATION OF INJURY,8,8,41.9200931474,-87.6700854704,2025,30,POINT (-87.6700854704 41.9200931474),,,,,2025-08-26,False,6,Lincoln Park
14172,30,NO CONTROLS,NO CONTROLS,CLEAR,DAYLIGHT,PEDALCYCLIST,ONE-WAY,STRAIGHT AND LEVEL,DRY,NO DEFECTS,,UNABLE TO DETERMINE,NOT APPLICABLE,,NO INDICATION OF INJURY,8,8,41.88053925,-87.6345924635,2025,30,POINT (-87.6345924635 41.88053925),,,,,2025-08-26,False,27,Near West Side
14173,35,TRAFFIC SIGNAL,FUNCTIONING PROPERLY,CLEAR,DAYLIGHT,PEDALCYCLIST,FOUR WAY,STRAIGHT AND LEVEL,DRY,NO DEFECTS,,FAILING TO YIELD RIGHT-OF-WAY,NOT APPLICABLE,,NONINCAPACITATING INJURY,9,8,41.8672405401,-87.6467717986,2025,35,POINT (-87.6467717986 41.8672405401),,,,,2025-08-26,False,27,Near West Side
14174,30,NO CONTROLS,NO CONTROLS,CLEAR,DAYLIGHT,PEDALCYCLIST,NOT DIVIDED,STRAIGHT AND LEVEL,DRY,NO DEFECTS,,IMPROPER TURNING/NO SIGNAL,FAILING TO YIELD RIGHT-OF-WAY,,"REPORTED, NOT EVIDENT",10,8,41.8845280951,-87.6864004203,2025,30,POINT (-87.6864004203 41.8845280951),,,,,2025-08-26,False,27,Near West Side
14175,30,NO CONTROLS,NO CONTROLS,CLEAR,DAYLIGHT,PEDALCYCLIST,NOT DIVIDED,STRAIGHT AND LEVEL,DRY,NO DEFECTS,,UNABLE TO DETERMINE,NOT APPLICABLE,Y,NONINCAPACITATING INJURY,10,8,41.9072425133,-87.6723350029,2025,30,POINT (-87.6723350029 41.9072425133),,,,,2025-08-26,False,23,West Town
14176,30,STOP SIGN/FLASHER,FUNCTIONING PROPERLY,CLEAR,DAYLIGHT,PEDALCYCLIST,DIVIDED - W/MEDIAN (NOT RAISED),STRAIGHT AND LEVEL,DRY,NO DEFECTS,,UNABLE TO DETERMINE,UNABLE TO DETERMINE,Y,NONINCAPACITATING INJURY,10,8,41.9745908291,-87.6683821851,2025,30,POINT (-87.6683821851 41.9745908291),,,,,2025-08-26,False,2,Uptown
14177,25,NO CONTROLS,NO CONTROLS,CLEAR,DAYLIGHT,PEDALCYCLIST,T-INTERSECTION,STRAIGHT AND LEVEL,DRY,NO DEFECTS,Y,FAILING TO YIELD RIGHT-OF-WAY,FAILING TO YIELD RIGHT-OF-WAY,,"REPORTED, NOT EVIDENT",11,8,41.9687630204,-87.7196359393,2025,25,POINT (-87.7196359393 41.9687630204),,,,,2025-08-26,False,13,Albany Park
14178,30,TRAFFIC SIGNAL,FUNCTIONING PROPERLY,CLEAR,DAYLIGHT,PEDALCYCLIST,NOT DIVIDED,STRAIGHT AND LEVEL,DRY,NO DEFECTS,Y,UNABLE TO DETERMINE,UNABLE TO DETERMINE,,NO INDICATION OF INJURY,13,8,41.9944422255,-87.6604688395,2025,30,POINT (-87.6604688395 41.9944422255),,,,,2025-08-26,False,76,Edgewater
14179,30,TRAFFIC SIGNAL,FUNCTIONING PROPERLY,CLEAR,DAYLIGHT,PEDALCYCLIST,DIVIDED - W/MEDIAN (NOT RAISED),STRAIGHT AND LEVEL,DRY,NO DEFECTS,Y,UNABLE TO DETERMINE,NOT APPLICABLE,,"REPORTED, NOT EVIDENT",13,8,41.8698257468,-87.6423489575,2025,30,POINT (-87.6423489575 41.8698257468),,,,,2025-08-26,False,27,Near West Side
14180,30,NO CONTROLS,NO CONTROLS,CLEAR,DAYLIGHT,PEDALCYCLIST,DIVIDED - W/MEDIAN (NOT RAISED),STRAIGHT AND LEVEL,DRY,NO DEFECTS,,IMPROPER TURNING/NO SIGNAL,IMPROPER OVERTAKING/PASSING,,NO INDICATION OF INJURY,14,8,41.9322521415,-87.7109315002,2025,30,POINT (-87.7109315002 41.9322521415),,,,,2025-08-26,False,20,Avondale
14181,30,NO CONTROLS,NO CONTROLS,CLEAR,DAYLIGHT,PEDALCYCLIST,NOT DIVIDED,STRAIGHT AND LEVEL,DRY,NO DEFECTS,,"EVASIVE ACTION DUE TO ANIMAL, OBJECT, NONMOTORIST","EVASIVE ACTION DUE TO ANIMAL, OBJECT, NONMOTORIST",,INCAPACITATING INJURY,16,8,41.889827039,-87.6773788727,2025,30,POINT (-87.6773788727 41.889827039),,,,,2025-08-26,True,23,West Town
14182,30,TRAFFIC SIGNAL,FUNCTIONING PROPERLY,CLEAR,DAYLIGHT,PEDALCYCLIST,FOUR WAY,STRAIGHT AND LEVEL,DRY,UNKNOWN,Y,UNABLE TO DETERMINE,NOT APPLICABLE,,"REPORTED, NOT EVIDENT",17,8,41.9459327504,-87.771753031,2025,30,POINT (-87.771753031 41.9459327504),,,,,2025-08-26,False,14,Portage Park
14183,30,NO CONTROLS,NO CONTROLS,CLEAR,DUSK,PEDALCYCLIST,T-INTERSECTION,STRAIGHT AND LEVEL,DRY,NO DEFECTS,Y,FOLLOWING TOO CLOSELY,UNABLE TO DETERMINE,,NO INDICATION OF INJURY,18,8,42.0078175683,-87.6815318647,2025,30,POINT (-87.6815318647 42.0078175683),,,,,2025-08-26,False,0,Rogers Park
14184,30,NO CONTROLS,NO CONTROLS,CLEAR,DAYLIGHT,PEDALCYCLIST,FOUR WAY,STRAIGHT AND LEVEL,DRY,NO DEFECTS,Y,NOT APPLICABLE,NOT APPLICABLE,,"REPORTED, NOT EVIDENT",19,8,41.9849495495,-87.7126525207,2025,30,POINT (-87.7126525207 41.9849495495),,,,,2025-08-26,False,12,North Park
14185,30,TRAFFIC SIGNAL,FUNCTIONING PROPERLY,CLEAR,"DARKNESS, LIGHTED ROAD",PEDALCYCLIST,FOUR WAY,STRAIGHT AND LEVEL,DRY,NO DEFECTS,Y,DISREGARDING TRAFFIC SIGNALS,DISREGARDING TRAFFIC SIGNALS,,NO INDICATION OF INJURY,1,8,41.8908233178,-87.6341972388,2025,30,POINT (-87.6341972388 41.8908233178),,,,,2025-08-27,False,7,Near North Side
14186,30,STOP SIGN/FLASHER,FUNCTIONING PROPERLY,CLEAR,DAYLIGHT,PEDALCYCLIST,T-INTERSECTION,STRAIGHT AND LEVEL,DRY,NO DEFECTS,Y,FAILING TO YIELD RIGHT-OF-WAY,NOT APPLICABLE,,INCAPACITATING INJURY,5,8,41.9015163038,-87.6638466638,2025,30,POINT (-87.6638466638 41.9015163038),,,,,2025-08-27,True,23,West Town
14187,30,NO CONTROLS,NO CONTROLS,UNKNOWN,UNKNOWN,PEDALCYCLIST,NOT DIVIDED,STRAIGHT AND LEVEL,WET,NO DEFECTS,,IMPROPER OVERTAKING/PASSING,IMPROPER LANE USAGE,,"REPORTED, NOT EVIDENT",7,8,41.7721289185,-87.6783570989,2025,30,POINT (-87.6783570989 41.7721289185),,,,,2025-08-27,False,65,Chicago Lawn
14188,30,STOP SIGN/FLASHER,FUNCTIONING PROPERLY,CLEAR,DAYLIGHT,PEDALCYCLIST,DIVIDED - W/MEDIAN (NOT RAISED),STRAIGHT AND LEVEL,DRY,NO DEFECTS,Y,FAILING TO YIELD RIGHT-OF-WAY,UNABLE TO DETERMINE,,"REPORTED, NOT EVIDENT",9,8,41.9466417106,-87.6869779326,2025,30,POINT (-87.6869779326 41.9466417106),,,,,2025-08-27,False,4,North Center
14189,25,STOP SIGN/FLASHER,FUNCTIONING PROPERLY,CLEAR,DAYLIGHT,PEDALCYCLIST,NOT DIVIDED,STRAIGHT AND LEVEL,DRY,NO DEFECTS,,IMPROPER LANE USAGE,IMPROPER LANE USAGE,,NONINCAPACITATING INJURY,9,8,42.015646913,-87.6970743309,2025,25,POINT (-87.6970743309 42.015646913),,,,,2025-08-27,False,1,West Ridge
14190,25,STOP SIGN/FLASHER,FUNCTIONING PROPERLY,CLEAR,DAYLIGHT,PEDALCYCLIST,FOUR WAY,STRAIGHT AND LEVEL,DRY,NO DEFECTS,Y,FAILING TO YIELD RIGHT-OF-WAY,DRIVING SKILLS/KNOWLEDGE/EXPERIENCE,,NONINCAPACITATING INJURY,10,8,41.9468561505,-87.6859813366,2025,25,POINT (-87.6859813366 41.9468561505),,,,,2025-08-27,False,4,North Center
14191,30,NO CONTROLS,NO CONTROLS,CLEAR,DAYLIGHT,PEDALCYCLIST,ONE-WAY,STRAIGHT AND LEVEL,DRY,NO DEFECTS,,FAILING TO YIELD RIGHT-OF-WAY,NOT APPLICABLE,,NONINCAPACITATING INJURY,17,8,41.7785723699,-87.727790351,2025,30,POINT (-87.727790351 41.7785723699),,,,,2025-08-27,False,64,West Lawn
14192,35,TRAFFIC SIGNAL,FUNCTIONING PROPERLY,RAIN,"DARKNESS, LIGHTED ROAD",PEDALCYCLIST,ONE-WAY,STRAIGHT AND LEVEL,WET,OTHER,,WEATHER,NOT APPLICABLE,,NONINCAPACITATING INJURY,5,8,41.8768417103,-87.6425734101,2025,35,POINT (-87.6425734101 41.8768417103),,,,,2025-08-28,False,27,Near West Side
14193,30,TRAFFIC SIGNAL,FUNCTIONING PROPERLY,RAIN,"DARKNESS, LIGHTED ROAD",PEDALCYCLIST,FOUR WAY,STRAIGHT AND LEVEL,WET,UNKNOWN,,FAILING TO YIELD RIGHT-OF-WAY,NOT APPLICABLE,,"REPORTED, NOT EVIDENT",7,8,41.8897953077,-87.6243192166,2025,30,POINT (-87.6243192166 41.8897953077),,,,,2025-08-28,False,7,Near North Side
14194,30,TRAFFIC SIGNAL,FUNCTIONING IMPROPERLY,CLEAR,DAYLIGHT,PEDALCYCLIST,DIVIDED - W/MEDIAN (NOT RAISED),STRAIGHT AND LEVEL,DRY,UNKNOWN,,FAILING TO YIELD RIGHT-OF-WAY,NOT APPLICABLE,,NO INDICATION OF INJURY,11,8,41.8911423801,-87.6865592813,2025,30,POINT (-87.6865592813 41.8911423801),,,,,2025-08-28,False,23,West Town
14195,30,TRAFFIC SIGNAL,FUNCTIONING PROPERLY,CLEAR,DAYLIGHT,PEDALCYCLIST,DIVIDED - W/MEDIAN (NOT RAISED),STRAIGHT AND LEVEL,DRY,NO DEFECTS,N,FOLLOWING TOO CLOSELY,DRIVING SKILLS/KNOWLEDGE/EXPERIENCE,,NO INDICATION OF INJURY,13,8,41.9547403371,-87.6456420433,2025,30,POINT (-87.6456420433 41.9547403371),,,,,2025-08-28,False,2,Uptown
14196,30,STOP SIGN/FLASHER,FUNCTIONING PROPERLY,CLEAR,DAYLIGHT,PEDALCYCLIST,FOUR WAY,STRAIGHT AND LEVEL,UNKNOWN,UNKNOWN,Y,DISREGARDING STOP SIGN,FAILING TO YIELD RIGHT-OF-WAY,,NONINCAPACITATING INJURY,14,8,41.7586419168,-87.5897293659,2025,30,POINT (-87.5897293659 41.7586419168),,,,,2025-08-28,False,42,South Shore
14197,30,TRAFFIC SIGNAL,FUNCTIONING PROPERLY,CLEAR,DAYLIGHT,PEDALCYCLIST,NOT DIVIDED,STRAIGHT AND LEVEL,DRY,NO DEFECTS,,DISREGARDING TRAFFIC SIGNALS,DISREGARDING TRAFFIC SIGNALS,,NONINCAPACITATING INJURY,15,8,41.8932767034,-87.6356894424,2025,30,POINT (-87.6356894424 41.8932767034),,,,,2025-08-28,False,7,Near North Side
14198,30,NO CONTROLS,NO CONTROLS,CLEAR,DAYLIGHT,PEDALCYCLIST,ALLEY,STRAIGHT AND LEVEL,UNKNOWN,UNKNOWN,,UNABLE TO DETERMINE,NOT APPLICABLE,,NO INDICATION OF INJURY,15,8,41.9937656178,-87.706348018,2025,30,POINT (-87.706348018 41.9937656178),,,,,2025-08-28,False,1,West Ridge
14199,15,STOP SIGN/FLASHER,NO CONTROLS,CLEAR,DAYLIGHT,PEDALCYCLIST,TRAFFIC ROUTE,STRAIGHT AND LEVEL,DRY,UNKNOWN,,FAILING TO YIELD RIGHT-OF-WAY,UNABLE TO DETERMINE,,NONINCAPACITATING INJURY,15,8,41.7767410918,-87.6008342829,2025,15,POINT (-87.6008342829 41.7767410918),,,,,2025-08-28,False,41,Woodlawn
14200,25,NO CONTROLS,NO CONTROLS,CLEAR,DAYLIGHT,PEDALCYCLIST,DIVIDED - W/MEDIAN (NOT RAISED),STRAIGHT AND LEVEL,DRY,NO DEFECTS,,FAILING TO YIELD RIGHT-OF-WAY,UNABLE TO DETERMINE,Y,NONINCAPACITATING INJURY,16,8,41.8368719792,-87.6461020845,2025,25,POINT (-87.6461020845 41.8368719792),,,,,2025-08-28,False,30,Lower West Side