Unnamed: 0,POSTED_SPEED_LIMIT,TRAFFIC_CONTROL_DEVICE,DEVICE_CONDITION,WEATHER_CONDITION,LIGHTING_CONDITION,FIRST_CRASH_TYPE,TRAFFICWAY_TYPE,ALIGNMENT,ROADWAY_SURFACE_COND,ROAD_DEFECT,INTERSECTION_RELATED_I,PRIM_CONTRIBUTORY_CAUSE,SEC_CONTRIBUTORY_CAUSE,DOORING_I,MOST_SEVERE_INJURY,CRASH_HOUR,CRASH_MONTH,LATITUDE,LONGITUDE,CRASH_YEAR,SPEED_LIMIT,geometry,DISPLAYROU,the_geom,DIST,LANE_TYPE,CRASH_DATE,is_severe,index_right,CArea
14201,30,TRAFFIC SIGNAL,FUNCTIONING PROPERLY,CLEAR,DAYLIGHT,PEDALCYCLIST,DIVIDED - W/MEDIAN (NOT RAISED),STRAIGHT AND LEVEL,DRY,NO DEFECTS,,FAILING TO YIELD RIGHT-OF-WAY,NOT APPLICABLE,,NONINCAPACITATING INJURY,17,8,41.8367467845,-87.7281389408,2025,30,POINT (-87.7281389408 41.8367467845),,,,,2025-08-28,False,29,South Lawndale
14202,30,NO CONTROLS,NO CONTROLS,CLEAR,DAYLIGHT,PEDALCYCLIST,DIVIDED - W/MEDIAN (NOT RAISED),STRAIGHT AND LEVEL,DRY,NO DEFECTS,,FAILING TO REDUCE SPEED TO AVOID CRASH,NOT APPLICABLE,,NO INDICATION OF INJURY,17,8,41.9226725607,-87.6536675459,2025,30,POINT (-87.6536675459 41.9226725607),,,,,2025-08-28,False,6,Lincoln Park
14203,35,TRAFFIC SIGNAL,FUNCTIONING PROPERLY,CLEAR,DAYLIGHT,PEDALCYCLIST,DIVIDED - W/MEDIAN (NOT RAISED),STRAIGHT AND LEVEL,DRY,NO DEFECTS,,FAILING TO YIELD RIGHT-OF-WAY,NOT APPLICABLE,,NONINCAPACITATING INJURY,18,8,41.9228813727,-87.6975481993,2025,35,POINT (-87.6975481993 41.9228813727),,,,,2025-08-28,False,21,Logan Square
14204,30,NO CONTROLS,NO CONTROLS,CLEAR,DAYLIGHT,PEDALCYCLIST,DIVIDED - W/MEDIAN BARRIER,STRAIGHT AND LEVEL,DRY,NO DEFECTS,,UNABLE TO DETERMINE,UNABLE TO DETERMINE,,NONINCAPACITATING INJURY,18,8,41.94119223,-87.7127074228,2025,30,POINT (-87.7127074228 41.94119223),,,,,2025-08-28,False,15,Irving Park
14205,30,TRAFFIC SIGNAL,FUNCTIONING PROPERLY,CLEAR,"DARKNESS, LIGHTED ROAD",PEDALCYCLIST,NOT DIVIDED,STRAIGHT AND LEVEL,DRY,NO DEFECTS,,FAILING TO YIELD RIGHT-OF-WAY,UNABLE TO DETERMINE,,"REPORTED, NOT EVIDENT",21,8,41.9510089878,-87.6594102333,2025,30,POINT (-87.6594102333 41.9510089878),,,,,2025-08-28,False,5,Lake View
14206,20,NO CONTROLS,NO CONTROLS,CLEAR,DAYLIGHT,PEDALCYCLIST,NOT DIVIDED,STRAIGHT AND LEVEL,DRY,UNKNOWN,,FAILING TO YIELD RIGHT-OF-WAY,NOT APPLICABLE,,NO INDICATION OF INJURY,8,8,41.9015515657,-87.6345374449,2025,20,POINT (-87.6345374449 41.9015515657),,,,,2025-08-29,False,7,Near North Side
14207,20,STOP SIGN/FLASHER,FUNCTIONING PROPERLY,CLEAR,DAYLIGHT,PEDALCYCLIST,NOT DIVIDED,STRAIGHT AND LEVEL,DRY,NO DEFECTS,,UNABLE TO DETERMINE,NOT APPLICABLE,,NONINCAPACITATING INJURY,9,8,41.9153078896,-87.720234259,2025,20,POINT (-87.720234259 41.9153078896),,,,,2025-08-29,False,21,Logan Square
14208,30,NO CONTROLS,NO CONTROLS,CLEAR,DAYLIGHT,PEDALCYCLIST,NOT DIVIDED,STRAIGHT AND LEVEL,DRY,NO DEFECTS,,IMPROPER OVERTAKING/PASSING,NOT APPLICABLE,,NONINCAPACITATING INJURY,9,8,41.8121337186,-87.684111808,2025,30,POINT (-87.684111808 41.8121337186),,,,,2025-08-29,False,57,Brighton Park
14209,30,TRAFFIC SIGNAL,FUNCTIONING PROPERLY,CLEAR,DAYLIGHT,PEDALCYCLIST,NOT DIVIDED,STRAIGHT AND LEVEL,DRY,NO DEFECTS,Y,FAILING TO REDUCE SPEED TO AVOID CRASH,UNABLE TO DETERMINE,N,INCAPACITATING INJURY,10,8,41.8828727959,-87.6567461959,2025,30,POINT (-87.6567461959 41.8828727959),,,,,2025-08-29,True,27,Near West Side
14210,30,TRAFFIC SIGNAL,FUNCTIONING PROPERLY,CLEAR,DAYLIGHT,PEDALCYCLIST,FOUR WAY,STRAIGHT AND LEVEL,DRY,NO DEFECTS,,IMPROPER OVERTAKING/PASSING,NOT APPLICABLE,,NONINCAPACITATING INJURY,11,8,41.9394016677,-87.6833192874,2025,30,POINT (-87.6833192874 41.9394016677),,,,,2025-08-29,False,4,North Center
14211,30,NO CONTROLS,NO CONTROLS,CLEAR,DAYLIGHT,PEDALCYCLIST,DIVIDED - W/MEDIAN BARRIER,STRAIGHT AND LEVEL,DRY,NO DEFECTS,,FAILING TO YIELD RIGHT-OF-WAY,UNABLE TO DETERMINE,,NONINCAPACITATING INJURY,14,8,41.9897057166,-87.6701311816,2025,30,POINT (-87.6701311816 41.9897057166),,,,,2025-08-29,False,76,Edgewater
14212,30,NO CONTROLS,NO CONTROLS,CLEAR,DAYLIGHT,PEDALCYCLIST,T-INTERSECTION,STRAIGHT AND LEVEL,DRY,UNKNOWN,,IMPROPER TURNING/NO SIGNAL,NOT APPLICABLE,,NONINCAPACITATING INJURY,14,8,41.8802214002,-87.7731276727,2025,30,POINT (-87.7731276727 41.8802214002),,,,,2025-08-29,False,24,Austin
14213,30,STOP SIGN/FLASHER,FUNCTIONING PROPERLY,CLEAR,DAYLIGHT,PEDALCYCLIST,FOUR WAY,STRAIGHT AND LEVEL,DRY,NO DEFECTS,Y,FAILING TO YIELD RIGHT-OF-WAY,FAILING TO REDUCE SPEED TO AVOID CRASH,,NONINCAPACITATING INJURY,15,8,42.0137736926,-87.6803007317,2025,30,POINT (-87.6803007317 42.0137736926),,,,,2025-08-29,False,0,Rogers Park
14214,25,NO CONTROLS,NO CONTROLS,CLEAR,DAYLIGHT,PEDALCYCLIST,NOT DIVIDED,STRAIGHT AND LEVEL,DRY,NO DEFECTS,,NOT APPLICABLE,NOT APPLICABLE,,"REPORTED, NOT EVIDENT",15,8,41.9398726156,-87.6639452444,2025,25,POINT (-87.6639452444 41.9398726156),,,,,2025-08-29,False,5,Lake View
14215,30,NO CONTROLS,NO CONTROLS,CLEAR,DAYLIGHT,PEDALCYCLIST,DIVIDED - W/MEDIAN (NOT RAISED),STRAIGHT AND LEVEL,DRY,NO DEFECTS,,NOT APPLICABLE,NOT APPLICABLE,,NO INDICATION OF INJURY,16,8,41.9081114011,-87.6736976403,2025,30,POINT (-87.6736976403 41.9081114011),,,,,2025-08-29,False,23,West Town
14216,30,NO CONTROLS,NO CONTROLS,CLEAR,DAYLIGHT,PEDALCYCLIST,NOT DIVIDED,STRAIGHT ON GRADE,DRY,NO DEFECTS,,FAILING TO YIELD RIGHT-OF-WAY,FOLLOWING TOO CLOSELY,,NO INDICATION OF INJURY,17,8,41.8080542676,-87.7038255411,2025,30,POINT (-87.7038255411 41.8080542676),,,,,2025-08-29,False,57,Brighton Park
14217,30,NO CONTROLS,NO CONTROLS,CLEAR,DAYLIGHT,PEDALCYCLIST,DIVIDED - W/MEDIAN (NOT RAISED),STRAIGHT AND LEVEL,DRY,NO DEFECTS,,UNABLE TO DETERMINE,NOT APPLICABLE,,"REPORTED, NOT EVIDENT",17,8,41.8866876458,-87.6474566636,2025,30,POINT (-87.6474566636 41.8866876458),,,,,2025-08-29,False,7,Near North Side
14218,30,NO CONTROLS,NO CONTROLS,UNKNOWN,UNKNOWN,PEDALCYCLIST,NOT DIVIDED,STRAIGHT AND LEVEL,UNKNOWN,UNKNOWN,,DISREGARDING ROAD MARKINGS,NOT APPLICABLE,Y,NO INDICATION OF INJURY,17,8,41.9189431987,-87.6486849702,2025,30,POINT (-87.6486849702 41.9189431987),,,,,2025-08-29,False,6,Lincoln Park
14219,30,TRAFFIC SIGNAL,FUNCTIONING PROPERLY,CLEAR,DAYLIGHT,PEDALCYCLIST,NOT DIVIDED,STRAIGHT AND LEVEL,DRY,NO DEFECTS,,FAILING TO YIELD RIGHT-OF-WAY,NOT APPLICABLE,,NONINCAPACITATING INJURY,18,8,41.9242690761,-87.7367115483,2025,30,POINT (-87.7367115483 41.9242690761),,,,,2025-08-29,False,19,Hermosa
14220,25,STOP SIGN/FLASHER,FUNCTIONING PROPERLY,CLEAR,DAYLIGHT,PEDALCYCLIST,FOUR WAY,"CURVE, LEVEL",DRY,NO DEFECTS,Y,FAILING TO YIELD RIGHT-OF-WAY,UNABLE TO DETERMINE,,NONINCAPACITATING INJURY,10,8,41.9696340204,-87.6451099841,2025,25,POINT (-87.6451099841 41.9696340204),,,,,2025-08-30,False,2,Uptown
14221,15,STOP SIGN/FLASHER,FUNCTIONING PROPERLY,CLEAR,DAYLIGHT,PEDALCYCLIST,NOT DIVIDED,STRAIGHT AND LEVEL,DRY,NO DEFECTS,,FAILING TO YIELD RIGHT-OF-WAY,NOT APPLICABLE,,NONINCAPACITATING INJURY,12,8,41.9657632802,-87.6473750248,2025,15,POINT (-87.6473750248 41.9657632802),,,,,2025-08-30,False,2,Uptown
14222,30,TRAFFIC SIGNAL,FUNCTIONING PROPERLY,CLEAR,DAYLIGHT,PEDALCYCLIST,FOUR WAY,STRAIGHT AND LEVEL,DRY,NO DEFECTS,Y,UNABLE TO DETERMINE,NOT APPLICABLE,,NO INDICATION OF INJURY,13,8,41.8813756531,-87.6694487226,2025,30,POINT (-87.6694487226 41.8813756531),,,,,2025-08-30,False,27,Near West Side
14223,25,NO CONTROLS,NO CONTROLS,CLEAR,DAYLIGHT,PEDALCYCLIST,NOT DIVIDED,STRAIGHT AND LEVEL,DRY,NO DEFECTS,Y,NOT APPLICABLE,NOT APPLICABLE,,NONINCAPACITATING INJURY,13,8,41.961994087,-87.6471614958,2025,25,POINT (-87.6471614958 41.961994087),,,,,2025-08-30,False,2,Uptown
14224,30,TRAFFIC SIGNAL,FUNCTIONING PROPERLY,CLEAR,DAYLIGHT,PEDALCYCLIST,NOT DIVIDED,STRAIGHT AND LEVEL,DRY,NO DEFECTS,,FAILING TO YIELD RIGHT-OF-WAY,UNABLE TO DETERMINE,,NONINCAPACITATING INJURY,14,8,41.9537740641,-87.6480606762,2025,30,POINT (-87.6480606762 41.9537740641),,,,,2025-08-30,False,5,Lake View
14225,30,TRAFFIC SIGNAL,FUNCTIONING PROPERLY,CLEAR,DAYLIGHT,PEDALCYCLIST,FOUR WAY,STRAIGHT AND LEVEL,DRY,NO DEFECTS,Y,DRIVING ON WRONG SIDE/WRONG WAY,UNABLE TO DETERMINE,,NONINCAPACITATING INJURY,15,8,41.881808154,-87.636636782,2025,30,POINT (-87.636636782 41.881808154),,,,,2025-08-30,False,27,Near West Side
14226,30,NO CONTROLS,NO CONTROLS,CLEAR,DAYLIGHT,PEDALCYCLIST,PARKING LOT,STRAIGHT AND LEVEL,DRY,NO DEFECTS,N,FAILING TO YIELD RIGHT-OF-WAY,NOT APPLICABLE,,NONINCAPACITATING INJURY,17,8,41.7496103015,-87.6011874606,2025,30,POINT (-87.6011874606 41.7496103015),,,,,2025-08-30,False,43,Chatham
14227,30,TRAFFIC SIGNAL,FUNCTIONING PROPERLY,CLEAR,"DARKNESS, LIGHTED ROAD",PEDALCYCLIST,NOT DIVIDED,STRAIGHT AND LEVEL,DRY,UNKNOWN,Y,FAILING TO YIELD RIGHT-OF-WAY,NOT APPLICABLE,Y,NONINCAPACITATING INJURY,18,8,41.8932354808,-87.6282650534,2025,30,POINT (-87.6282650534 41.8932354808),,,,,2025-08-30,False,7,Near North Side
14228,30,STOP SIGN/FLASHER,FUNCTIONING PROPERLY,CLEAR,DAYLIGHT,PEDALCYCLIST,FOUR WAY,STRAIGHT AND LEVEL,DRY,UNKNOWN,Y,FAILING TO REDUCE SPEED TO AVOID CRASH,NOT APPLICABLE,,NONINCAPACITATING INJURY,18,8,41.7825210233,-87.7156290956,2025,30,POINT (-87.7156290956 41.7825210233),,,,,2025-08-30,False,64,West Lawn
14229,30,STOP SIGN/FLASHER,FUNCTIONING PROPERLY,CLEAR,DUSK,PEDALCYCLIST,FOUR WAY,STRAIGHT AND LEVEL,DRY,NO DEFECTS,,DISREGARDING STOP SIGN,NOT APPLICABLE,,NONINCAPACITATING INJURY,19,8,41.7767312778,-87.7237860983,2025,30,POINT (-87.7237860983 41.7767312778),,,,,2025-08-30,False,64,West Lawn
14230,35,TRAFFIC SIGNAL,FUNCTIONING PROPERLY,CLEAR,"DARKNESS, LIGHTED ROAD",PEDALCYCLIST,FOUR WAY,STRAIGHT AND LEVEL,DRY,NO DEFECTS,Y,DISREGARDING TRAFFIC SIGNALS,DRIVING ON WRONG SIDE/WRONG WAY,,INCAPACITATING INJURY,20,8,41.8672630984,-87.646972686,2025,35,POINT (-87.646972686 41.8672630984),,,,,2025-08-30,True,27,Near West Side
14231,30,STOP SIGN/FLASHER,FUNCTIONING PROPERLY,CLEAR,"DARKNESS, LIGHTED ROAD",PEDALCYCLIST,T-INTERSECTION,STRAIGHT AND LEVEL,DRY,NO DEFECTS,Y,IMPROPER TURNING/NO SIGNAL,FAILING TO YIELD RIGHT-OF-WAY,,NONINCAPACITATING INJURY,2,8,41.9426505933,-87.7075667477,2025,30,POINT (-87.7075667477 41.9426505933),,,,,2025-08-31,False,15,Irving Park
14232,25,NO CONTROLS,NO CONTROLS,CLEAR,DAYLIGHT,PEDALCYCLIST,NOT DIVIDED,STRAIGHT AND LEVEL,DRY,NO DEFECTS,,FAILING TO YIELD RIGHT-OF-WAY,NOT APPLICABLE,,INCAPACITATING INJURY,8,8,41.899491212,-87.6868171976,2025,25,POINT (-87.6868171976 41.899491212),,,,,2025-08-31,True,23,West Town
14233,30,NO CONTROLS,NO CONTROLS,CLEAR,DAYLIGHT,PEDALCYCLIST,NOT DIVIDED,STRAIGHT AND LEVEL,DRY,NO DEFECTS,,NOT APPLICABLE,NOT APPLICABLE,,NO INDICATION OF INJURY,17,8,41.7792074739,-87.6946750793,2025,30,POINT (-87.6946750793 41.7792074739),,,,,2025-08-31,False,65,Chicago Lawn
14234,30,TRAFFIC SIGNAL,FUNCTIONING PROPERLY,CLEAR,DAYLIGHT,PEDALCYCLIST,FOUR WAY,STRAIGHT AND LEVEL,DRY,NO DEFECTS,,IMPROPER TURNING/NO SIGNAL,FAILING TO YIELD RIGHT-OF-WAY,,NONINCAPACITATING INJURY,17,8,42.0163143173,-87.6750983457,2025,30,POINT (-87.6750983457 42.0163143173),,,,,2025-08-31,False,0,Rogers Park
14235,30,STOP SIGN/FLASHER,FUNCTIONING PROPERLY,CLEAR,DUSK,PEDALCYCLIST,T-INTERSECTION,STRAIGHT AND LEVEL,DRY,UNKNOWN,Y,FAILING TO YIELD RIGHT-OF-WAY,NOT APPLICABLE,,NONINCAPACITATING INJURY,18,8,41.7457463872,-87.6149008416,2025,30,POINT (-87.6149008416 41.7457463872),,,,,2025-08-31,False,43,Chatham
14236,30,NO CONTROLS,NO CONTROLS,CLEAR,DAYLIGHT,PEDALCYCLIST,NOT DIVIDED,STRAIGHT AND LEVEL,DRY,NO DEFECTS,,FAILING TO REDUCE SPEED TO AVOID CRASH,NOT APPLICABLE,,NONINCAPACITATING INJURY,18,8,41.9029874705,-87.7264590956,2025,30,POINT (-87.7264590956 41.9029874705),,,,,2025-08-31,False,22,Humboldt Park
14237,30,NO CONTROLS,NO CONTROLS,CLEAR,DARKNESS,PEDALCYCLIST,OTHER,STRAIGHT AND LEVEL,DRY,NO DEFECTS,,FAILING TO YIELD RIGHT-OF-WAY,NOT APPLICABLE,,NONINCAPACITATING INJURY,21,8,41.985638421,-87.6550943233,2025,30,POINT (-87.6550943233 41.985638421),,,,,2025-08-31,False,76,Edgewater
14238,30,STOP SIGN/FLASHER,FUNCTIONING PROPERLY,CLEAR,"DARKNESS, LIGHTED ROAD",PEDALCYCLIST,T-INTERSECTION,STRAIGHT AND LEVEL,DRY,NO DEFECTS,Y,FAILING TO YIELD RIGHT-OF-WAY,DRIVING ON WRONG SIDE/WRONG WAY,,NONINCAPACITATING INJURY,21,8,41.767253087,-87.6250587571,2025,30,POINT (-87.6250587571 41.767253087),,,,,2025-08-31,False,68,Grand Crossing
14239,30,TRAFFIC SIGNAL,FUNCTIONING PROPERLY,CLEAR,"DARKNESS, LIGHTED ROAD",PEDALCYCLIST,NOT DIVIDED,STRAIGHT AND LEVEL,DRY,NO DEFECTS,,UNABLE TO DETERMINE,DRIVING SKILLS/KNOWLEDGE/EXPERIENCE,,"REPORTED, NOT EVIDENT",2,9,41.8734599821,-87.725266208,2025,30,POINT (-87.725266208 41.8734599821),,,,,2025-09-01,False,25,Garfield Park
14240,30,TRAFFIC SIGNAL,FUNCTIONING PROPERLY,CLEAR,DAYLIGHT,PEDALCYCLIST,NOT DIVIDED,STRAIGHT AND LEVEL,DRY,NO DEFECTS,Y,IMPROPER TURNING/NO SIGNAL,UNABLE TO DETERMINE,,NONINCAPACITATING INJURY,12,9,41.8891577891,-87.6399859877,2025,30,POINT (-87.6399859877 41.8891577891),,,,,2025-09-01,False,7,Near North Side
14241,30,NO CONTROLS,NO CONTROLS,CLEAR,DAYLIGHT,PEDALCYCLIST,NOT DIVIDED,STRAIGHT AND LEVEL,DRY,NO DEFECTS,,IMPROPER OVERTAKING/PASSING,UNABLE TO DETERMINE,,NONINCAPACITATING INJURY,17,9,41.9130039942,-87.7762665907,2025,30,POINT (-87.7762665907 41.9130039942),,,,,2025-09-01,False,24,Austin
14242,30,TRAFFIC SIGNAL,FUNCTIONING PROPERLY,CLEAR,DAYLIGHT,PEDALCYCLIST,FOUR WAY,STRAIGHT AND LEVEL,DRY,NO DEFECTS,Y,FAILING TO YIELD RIGHT-OF-WAY,FAILING TO YIELD RIGHT-OF-WAY,,NONINCAPACITATING INJURY,17,9,42.0122346551,-87.6900996755,2025,30,POINT (-87.6900996755 42.0122346551),,,,,2025-09-01,False,1,West Ridge
14243,35,PEDESTRIAN CROSSING SIGN,FUNCTIONING PROPERLY,CLEAR,"DARKNESS, LIGHTED ROAD",PEDALCYCLIST,DIVIDED - W/MEDIAN BARRIER,STRAIGHT AND LEVEL,DRY,NO DEFECTS,,FAILING TO YIELD RIGHT-OF-WAY,NOT APPLICABLE,,NONINCAPACITATING INJURY,19,9,41.9137514278,-87.7021222265,2025,35,POINT (-87.7021222265 41.9137514278),,,,,2025-09-01,False,21,Logan Square
14244,30,TRAFFIC SIGNAL,FUNCTIONING PROPERLY,CLEAR,"DARKNESS, LIGHTED ROAD",PEDALCYCLIST,FOUR WAY,STRAIGHT AND LEVEL,DRY,NO DEFECTS,Y,DISREGARDING TRAFFIC SIGNALS,FAILING TO YIELD RIGHT-OF-WAY,,"REPORTED, NOT EVIDENT",21,9,41.9103757536,-87.6920520002,2025,30,POINT (-87.6920520002 41.9103757536),,,,,2025-09-01,False,22,Humboldt Park
14245,30,STOP SIGN/FLASHER,FUNCTIONING PROPERLY,CLEAR,DAYLIGHT,PEDALCYCLIST,FOUR WAY,STRAIGHT AND LEVEL,DRY,NO DEFECTS,Y,FAILING TO YIELD RIGHT-OF-WAY,DRIVING SKILLS/KNOWLEDGE/EXPERIENCE,,NONINCAPACITATING INJURY,7,9,41.8858055776,-87.6451705763,2025,30,POINT (-87.6451705763 41.8858055776),,,,,2025-09-02,False,27,Near West Side
14246,30,NO CONTROLS,NO CONTROLS,CLEAR,DAYLIGHT,PEDALCYCLIST,FOUR WAY,STRAIGHT AND LEVEL,UNKNOWN,NO DEFECTS,Y,FAILING TO YIELD RIGHT-OF-WAY,DRIVING SKILLS/KNOWLEDGE/EXPERIENCE,,NONINCAPACITATING INJURY,7,9,41.9580823235,-87.7473024641,2025,30,POINT (-87.7473024641 41.9580823235),,,,,2025-09-02,False,14,Portage Park
14247,30,NO CONTROLS,NO CONTROLS,CLEAR,DAYLIGHT,PEDALCYCLIST,NOT DIVIDED,STRAIGHT AND LEVEL,DRY,NO DEFECTS,,UNABLE TO DETERMINE,UNABLE TO DETERMINE,,"REPORTED, NOT EVIDENT",7,9,41.9098388333,-87.7264772595,2025,30,POINT (-87.7264772595 41.9098388333),,,,,2025-09-02,False,22,Humboldt Park
14248,30,NO CONTROLS,NO CONTROLS,CLEAR,DAYLIGHT,PEDALCYCLIST,NOT DIVIDED,STRAIGHT AND LEVEL,DRY,NO DEFECTS,,FAILING TO YIELD RIGHT-OF-WAY,UNABLE TO DETERMINE,,NO INDICATION OF INJURY,8,9,41.9905924249,-87.6922532282,2025,30,POINT (-87.6922532282 41.9905924249),,,,,2025-09-02,False,1,West Ridge
14249,30,TRAFFIC SIGNAL,FUNCTIONING PROPERLY,CLEAR,DAYLIGHT,PEDALCYCLIST,DIVIDED - W/MEDIAN BARRIER,STRAIGHT AND LEVEL,DRY,NO DEFECTS,,UNABLE TO DETERMINE,UNABLE TO DETERMINE,,NO INDICATION OF INJURY,8,9,41.939364286,-87.7075530434,2025,30,POINT (-87.7075530434 41.939364286),,,,,2025-09-02,False,15,Irving Park
14250,30,TRAFFIC SIGNAL,FUNCTIONING PROPERLY,CLEAR,DAYLIGHT,PEDALCYCLIST,FOUR WAY,STRAIGHT AND LEVEL,DRY,NO DEFECTS,Y,FAILING TO YIELD RIGHT-OF-WAY,DISREGARDING TRAFFIC SIGNALS,,NONINCAPACITATING INJURY,9,9,41.8233563484,-87.6460685025,2025,30,POINT (-87.6460685025 41.8233563484),,,,,2025-09-02,False,59,Bridgeport
14251,30,STOP SIGN/FLASHER,FUNCTIONING PROPERLY,CLEAR,DAYLIGHT,PEDALCYCLIST,FOUR WAY,STRAIGHT AND LEVEL,DRY,NO DEFECTS,Y,UNABLE TO DETERMINE,UNABLE TO DETERMINE,,NONINCAPACITATING INJURY,9,9,41.8095028776,-87.5993848075,2025,30,POINT (-87.5993848075 41.8095028776),,,,,2025-09-02,False,38,Kenwood
14252,35,NO CONTROLS,NO CONTROLS,CLEAR,DAYLIGHT,PEDALCYCLIST,OTHER,STRAIGHT AND LEVEL,DRY,NO DEFECTS,N,UNABLE TO DETERMINE,NOT APPLICABLE,,NO INDICATION OF INJURY,11,9,41.9324551665,-87.6582092642,2025,35,POINT (-87.6582092642 41.9324551665),,,,,2025-09-02,False,5,Lake View
14253,30,STOP SIGN/FLASHER,UNKNOWN,CLEAR,DAYLIGHT,PEDALCYCLIST,NOT DIVIDED,STRAIGHT AND LEVEL,UNKNOWN,UNKNOWN,,UNABLE TO DETERMINE,UNABLE TO DETERMINE,,NO INDICATION OF INJURY,13,9,41.9441625653,-87.7665733407,2025,30,POINT (-87.7665733407 41.9441625653),,,,,2025-09-02,False,14,Portage Park
14254,30,TRAFFIC SIGNAL,FUNCTIONING PROPERLY,CLEAR,DAYLIGHT,PEDALCYCLIST,FOUR WAY,STRAIGHT AND LEVEL,DRY,UNKNOWN,Y,UNABLE TO DETERMINE,UNABLE TO DETERMINE,,NONINCAPACITATING INJURY,15,9,41.8696157979,-87.6511621833,2025,30,POINT (-87.6511621833 41.8696157979),,,,,2025-09-02,False,27,Near West Side
14255,25,NO CONTROLS,NO CONTROLS,CLEAR,DAYLIGHT,PEDALCYCLIST,NOT DIVIDED,STRAIGHT AND LEVEL,DRY,NO DEFECTS,,UNABLE TO DETERMINE,UNABLE TO DETERMINE,,INCAPACITATING INJURY,16,9,41.9830838566,-87.7681946303,2025,25,POINT (-87.7681946303 41.9830838566),,,,,2025-09-02,True,10,Jefferson Park
14256,30,STOP SIGN/FLASHER,FUNCTIONING PROPERLY,CLEAR,DAYLIGHT,PEDALCYCLIST,ONE-WAY,STRAIGHT AND LEVEL,DRY,NO DEFECTS,Y,DRIVING SKILLS/KNOWLEDGE/EXPERIENCE,UNABLE TO DETERMINE,,NO INDICATION OF INJURY,16,9,42.006687481,-87.6923376725,2025,30,POINT (-87.6923376725 42.006687481),,,,,2025-09-02,False,1,West Ridge
14257,30,TRAFFIC SIGNAL,FUNCTIONING PROPERLY,CLEAR,DAYLIGHT,PEDALCYCLIST,FOUR WAY,STRAIGHT AND LEVEL,DRY,UNKNOWN,Y,UNABLE TO DETERMINE,UNABLE TO DETERMINE,,NO INDICATION OF INJURY,16,9,41.8918455097,-87.6488178364,2025,30,POINT (-87.6488178364 41.8918455097),,,,,2025-09-02,False,7,Near North Side
14258,30,NO CONTROLS,NO CONTROLS,CLEAR,DAYLIGHT,PEDALCYCLIST,DIVIDED - W/MEDIAN BARRIER,STRAIGHT AND LEVEL,DRY,NO DEFECTS,,UNABLE TO DETERMINE,UNABLE TO DETERMINE,,NONINCAPACITATING INJURY,17,9,41.886482774,-87.7452491729,2025,30,POINT (-87.7452491729 41.886482774),,,,,2025-09-02,False,24,Austin
14259,30,NO CONTROLS,NO CONTROLS,UNKNOWN,UNKNOWN,PEDALCYCLIST,NOT DIVIDED,STRAIGHT AND LEVEL,DRY,UNKNOWN,,FAILING TO REDUCE SPEED TO AVOID CRASH,IMPROPER TURNING/NO SIGNAL,,NONINCAPACITATING INJURY,17,9,41.924270719,-87.653422522,2025,30,POINT (-87.653422522 41.924270719),,,,,2025-09-02,False,6,Lincoln Park
14260,30,NO CONTROLS,NO CONTROLS,CLEAR,DUSK,PEDALCYCLIST,DIVIDED - W/MEDIAN (NOT RAISED),STRAIGHT AND LEVEL,DRY,NO DEFECTS,,IMPROPER TURNING/NO SIGNAL,UNABLE TO DETERMINE,,NONINCAPACITATING INJURY,19,9,41.9417962509,-87.7280444852,2025,30,POINT (-87.7280444852 41.9417962509),,,,,2025-09-02,False,15,Irving Park
14261,35,STOP SIGN/FLASHER,FUNCTIONING PROPERLY,CLEAR,"DARKNESS, LIGHTED ROAD",PEDALCYCLIST,T-INTERSECTION,STRAIGHT AND LEVEL,DRY,NO DEFECTS,Y,FAILING TO YIELD RIGHT-OF-WAY,FAILING TO REDUCE SPEED TO AVOID CRASH,,NONINCAPACITATING INJURY,21,9,41.9714194267,-87.7453115443,2025,35,POINT (-87.7453115443 41.9714194267),,,,,2025-09-02,False,11,Forest Glen
14262,30,NO CONTROLS,NO CONTROLS,CLEAR,DAYLIGHT,PEDALCYCLIST,NOT DIVIDED,STRAIGHT AND LEVEL,DRY,NO DEFECTS,,UNABLE TO DETERMINE,NOT APPLICABLE,,NO INDICATION OF INJURY,7,9,41.8959321398,-87.6691961012,2025,30,POINT (-87.6691961012 41.8959321398),,,,,2025-09-03,False,23,West Town
14263,30,NO CONTROLS,NO CONTROLS,CLEAR,DAYLIGHT,PEDALCYCLIST,NOT DIVIDED,STRAIGHT AND LEVEL,DRY,UNKNOWN,,FAILING TO YIELD RIGHT-OF-WAY,UNABLE TO DETERMINE,,NO INDICATION OF INJURY,8,9,41.9060113181,-87.6344062665,2025,30,POINT (-87.6344062665 41.9060113181),,,,,2025-09-03,False,7,Near North Side
14264,30,TRAFFIC SIGNAL,FUNCTIONING PROPERLY,CLEAR,DAYLIGHT,PEDALCYCLIST,FOUR WAY,STRAIGHT AND LEVEL,DRY,NO DEFECTS,,FAILING TO YIELD RIGHT-OF-WAY,UNABLE TO DETERMINE,,NO INDICATION OF INJURY,9,9,41.899659372,-87.6772807667,2025,30,POINT (-87.6772807667 41.899659372),,,,,2025-09-03,False,23,West Town