Unnamed: 0,POSTED_SPEED_LIMIT,TRAFFIC_CONTROL_DEVICE,DEVICE_CONDITION,WEATHER_CONDITION,LIGHTING_CONDITION,FIRST_CRASH_TYPE,TRAFFICWAY_TYPE,ALIGNMENT,ROADWAY_SURFACE_COND,ROAD_DEFECT,INTERSECTION_RELATED_I,PRIM_CONTRIBUTORY_CAUSE,SEC_CONTRIBUTORY_CAUSE,DOORING_I,MOST_SEVERE_INJURY,CRASH_HOUR,CRASH_MONTH,LATITUDE,LONGITUDE,CRASH_YEAR,SPEED_LIMIT,geometry,DISPLAYROU,the_geom,DIST,LANE_TYPE,CRASH_DATE,is_severe,index_right,CArea
14265,15,UNKNOWN,NO CONTROLS,CLEAR,DAYLIGHT,PEDALCYCLIST,NOT DIVIDED,STRAIGHT AND LEVEL,DRY,UNKNOWN,,UNABLE TO DETERMINE,UNABLE TO DETERMINE,,NO INDICATION OF INJURY,15,9,41.7729148856,-87.6131845721,2025,15,POINT (-87.6131845721 41.7729148856),,,,,2025-09-03,False,41,Woodlawn
14266,35,UNKNOWN,FUNCTIONING PROPERLY,CLEAR,DAYLIGHT,PEDALCYCLIST,DIVIDED - W/MEDIAN (NOT RAISED),STRAIGHT AND LEVEL,DRY,NO DEFECTS,Y,UNABLE TO DETERMINE,NOT APPLICABLE,,NO INDICATION OF INJURY,16,9,41.9036842951,-87.6382891629,2025,35,POINT (-87.6382891629 41.9036842951),,,,,2025-09-03,False,7,Near North Side
14267,30,TRAFFIC SIGNAL,FUNCTIONING PROPERLY,OTHER,DAYLIGHT,PEDALCYCLIST,ONE-WAY,STRAIGHT AND LEVEL,OTHER,NO DEFECTS,Y,DISREGARDING TRAFFIC SIGNALS,DRIVING ON WRONG SIDE/WRONG WAY,,NONINCAPACITATING INJURY,16,9,41.8833119091,-87.6365597941,2025,30,POINT (-87.6365597941 41.8833119091),,,,,2025-09-03,False,27,Near West Side
14268,30,UNKNOWN,UNKNOWN,UNKNOWN,UNKNOWN,PEDALCYCLIST,UNKNOWN,STRAIGHT AND LEVEL,UNKNOWN,UNKNOWN,,NOT APPLICABLE,NOT APPLICABLE,,NONINCAPACITATING INJURY,17,9,41.9906113927,-87.6769784323,2025,30,POINT (-87.6769784323 41.9906113927),,,,,2025-09-03,False,1,West Ridge
14269,30,NO CONTROLS,UNKNOWN,RAIN,DAYLIGHT,PEDALCYCLIST,DIVIDED - W/MEDIAN (NOT RAISED),STRAIGHT AND LEVEL,WET,NO DEFECTS,,IMPROPER OVERTAKING/PASSING,IMPROPER OVERTAKING/PASSING,,NONINCAPACITATING INJURY,17,9,41.8738559982,-87.701137345,2025,30,POINT (-87.701137345 41.8738559982),,,,,2025-09-03,False,26,Garfield Park
14270,20,TRAFFIC SIGNAL,FUNCTIONING PROPERLY,CLEAR,DAYLIGHT,PEDALCYCLIST,DIVIDED - W/MEDIAN (NOT RAISED),STRAIGHT AND LEVEL,DRY,NO DEFECTS,Y,"VISION OBSCURED (SIGNS, TREE LIMBS, BUILDINGS, ETC.)",IMPROPER BACKING,,NONINCAPACITATING INJURY,6,9,41.9848023033,-87.7285504237,2025,20,POINT (-87.7285504237 41.9848023033),,,,,2025-09-04,False,11,Forest Glen
14271,30,STOP SIGN/FLASHER,FUNCTIONING PROPERLY,CLEAR,DAYLIGHT,PEDALCYCLIST,FOUR WAY,STRAIGHT AND LEVEL,DRY,NO DEFECTS,Y,FAILING TO YIELD RIGHT-OF-WAY,UNABLE TO DETERMINE,,INCAPACITATING INJURY,7,9,42.0160000894,-87.6726293272,2025,30,POINT (-87.6726293272 42.0160000894),,,,,2025-09-04,True,0,Rogers Park
14272,30,TRAFFIC SIGNAL,FUNCTIONING PROPERLY,CLEAR,DAYLIGHT,PEDALCYCLIST,FOUR WAY,STRAIGHT AND LEVEL,DRY,UNKNOWN,Y,UNABLE TO DETERMINE,NOT APPLICABLE,,NO INDICATION OF INJURY,7,9,41.8819546175,-87.7206751142,2025,30,POINT (-87.7206751142 41.8819546175),,,,,2025-09-04,False,25,Garfield Park
14273,30,UNKNOWN,UNKNOWN,CLEAR,DAYLIGHT,PEDALCYCLIST,DIVIDED - W/MEDIAN (NOT RAISED),STRAIGHT AND LEVEL,DRY,NO DEFECTS,,DISTRACTION - FROM INSIDE VEHICLE,NOT APPLICABLE,Y,INCAPACITATING INJURY,8,9,41.9361938251,-87.7193181912,2025,30,POINT (-87.7193181912 41.9361938251),,,,,2025-09-04,True,20,Avondale
14274,30,UNKNOWN,UNKNOWN,CLEAR,DAYLIGHT,PEDALCYCLIST,DIVIDED - W/MEDIAN (NOT RAISED),STRAIGHT AND LEVEL,DRY,UNKNOWN,,UNABLE TO DETERMINE,UNABLE TO DETERMINE,,NONINCAPACITATING INJURY,8,9,41.9393517303,-87.7078465936,2025,30,POINT (-87.7078465936 41.9393517303),,,,,2025-09-04,False,15,Irving Park
14275,20,STOP SIGN/FLASHER,FUNCTIONING PROPERLY,CLEAR,DAYLIGHT,PEDALCYCLIST,FOUR WAY,STRAIGHT AND LEVEL,DRY,NO DEFECTS,Y,FAILING TO YIELD RIGHT-OF-WAY,UNABLE TO DETERMINE,,NONINCAPACITATING INJURY,8,9,41.8385495813,-87.7315423726,2025,20,POINT (-87.7315423726 41.8385495813),,,,,2025-09-04,False,29,South Lawndale
14276,30,TRAFFIC SIGNAL,UNKNOWN,UNKNOWN,UNKNOWN,PEDALCYCLIST,FOUR WAY,STRAIGHT AND LEVEL,UNKNOWN,UNKNOWN,Y,UNABLE TO DETERMINE,NOT APPLICABLE,,NO INDICATION OF INJURY,9,9,41.8692136672,-87.696125712,2025,30,POINT (-87.696125712 41.8692136672),,,,,2025-09-04,False,26,Garfield Park
14277,30,TRAFFIC SIGNAL,FUNCTIONING PROPERLY,CLEAR,DAYLIGHT,PEDALCYCLIST,T-INTERSECTION,STRAIGHT AND LEVEL,DRY,UNKNOWN,Y,IMPROPER OVERTAKING/PASSING,FAILING TO YIELD RIGHT-OF-WAY,,NO INDICATION OF INJURY,14,9,41.88679298,-87.6308536742,2025,30,POINT (-87.6308536742 41.88679298),,,,,2025-09-04,False,7,Near North Side
14278,30,NO CONTROLS,NO CONTROLS,CLEAR,DAYLIGHT,PEDALCYCLIST,NOT DIVIDED,STRAIGHT AND LEVEL,DRY,NO DEFECTS,,DISREGARDING TRAFFIC SIGNALS,FAILING TO REDUCE SPEED TO AVOID CRASH,,"REPORTED, NOT EVIDENT",14,9,41.9281759601,-87.7147028618,2025,30,POINT (-87.7147028618 41.9281759601),,,,,2025-09-04,False,21,Logan Square
14279,25,TRAFFIC SIGNAL,FUNCTIONING PROPERLY,CLEAR,DAYLIGHT,PEDALCYCLIST,FOUR WAY,STRAIGHT AND LEVEL,DRY,NO DEFECTS,Y,UNABLE TO DETERMINE,NOT APPLICABLE,,"REPORTED, NOT EVIDENT",15,9,41.8518925969,-87.6928456104,2025,25,POINT (-87.6928456104 41.8518925969),,,,,2025-09-04,False,28,North Lawndale
14280,30,NO CONTROLS,NO CONTROLS,CLEAR,DAYLIGHT,PEDALCYCLIST,NOT DIVIDED,STRAIGHT AND LEVEL,DRY,NO DEFECTS,,FAILING TO YIELD RIGHT-OF-WAY,NOT APPLICABLE,,NONINCAPACITATING INJURY,15,9,41.9297258851,-87.6781556778,2025,30,POINT (-87.6781556778 41.9297258851),,,,,2025-09-04,False,6,Lincoln Park
14281,30,STOP SIGN/FLASHER,FUNCTIONING PROPERLY,CLEAR,DAYLIGHT,PEDALCYCLIST,DIVIDED - W/MEDIAN (NOT RAISED),STRAIGHT AND LEVEL,DRY,NO DEFECTS,,UNABLE TO DETERMINE,UNABLE TO DETERMINE,,NO INDICATION OF INJURY,15,9,41.9187398509,-87.7561407368,2025,30,POINT (-87.7561407368 41.9187398509),,,,,2025-09-04,False,18,Belmont Cragin
14282,30,NO CONTROLS,NO CONTROLS,CLEAR,DAYLIGHT,PEDALCYCLIST,NOT DIVIDED,STRAIGHT AND LEVEL,DRY,NO DEFECTS,,UNABLE TO DETERMINE,FAILING TO REDUCE SPEED TO AVOID CRASH,Y,INCAPACITATING INJURY,15,9,41.8381549824,-87.6463128307,2025,30,POINT (-87.6463128307 41.8381549824),,,,,2025-09-04,True,30,Lower West Side
14283,30,NO CONTROLS,NO CONTROLS,CLEAR,DAYLIGHT,PEDALCYCLIST,NOT DIVIDED,STRAIGHT AND LEVEL,DRY,NO DEFECTS,,FAILING TO YIELD RIGHT-OF-WAY,NOT APPLICABLE,,NONINCAPACITATING INJURY,15,9,42.0068512376,-87.6902606045,2025,30,POINT (-87.6902606045 42.0068512376),,,,,2025-09-04,False,1,West Ridge
14284,30,NO CONTROLS,NO CONTROLS,CLEAR,DAYLIGHT,PEDALCYCLIST,ALLEY,STRAIGHT AND LEVEL,UNKNOWN,UNKNOWN,,UNABLE TO DETERMINE,NOT APPLICABLE,,NO INDICATION OF INJURY,16,9,41.9652432703,-87.6766859516,2025,30,POINT (-87.6766859516 41.9652432703),,,,,2025-09-04,False,3,Lincoln Square
14285,30,NO CONTROLS,NO CONTROLS,CLEAR,UNKNOWN,PEDALCYCLIST,NOT DIVIDED,STRAIGHT AND LEVEL,DRY,UNKNOWN,Y,DISREGARDING ROAD MARKINGS,NOT APPLICABLE,Y,"REPORTED, NOT EVIDENT",17,9,41.9128318038,-87.6349095635,2025,30,POINT (-87.6349095635 41.9128318038),,,,,2025-09-04,False,6,Lincoln Park
14286,30,NO CONTROLS,NO CONTROLS,CLEAR,DAYLIGHT,PEDALCYCLIST,NOT DIVIDED,STRAIGHT AND LEVEL,DRY,UNKNOWN,,IMPROPER OVERTAKING/PASSING,NOT APPLICABLE,,NONINCAPACITATING INJURY,18,9,41.8787883757,-87.6520857233,2025,30,POINT (-87.6520857233 41.8787883757),,,,,2025-09-04,False,27,Near West Side
14287,25,STOP SIGN/FLASHER,NO CONTROLS,CLEAR,DAYLIGHT,PEDALCYCLIST,NOT DIVIDED,STRAIGHT AND LEVEL,DRY,NO DEFECTS,Y,IMPROPER OVERTAKING/PASSING,FAILING TO YIELD RIGHT-OF-WAY,,INCAPACITATING INJURY,18,9,41.9176385499,-87.692578256,2025,25,POINT (-87.692578256 41.9176385499),,,,,2025-09-04,True,21,Logan Square
14288,30,NO CONTROLS,NO CONTROLS,CLEAR,DAYLIGHT,PEDALCYCLIST,FOUR WAY,STRAIGHT AND LEVEL,DRY,NO DEFECTS,Y,UNABLE TO DETERMINE,UNABLE TO DETERMINE,,NONINCAPACITATING INJURY,7,9,41.775379409,-87.7614750092,2025,30,POINT (-87.7614750092 41.775379409),,,,,2025-09-05,False,63,Clearing
14289,30,TRAFFIC SIGNAL,NO CONTROLS,CLEAR,DAYLIGHT,PEDALCYCLIST,DIVIDED - W/MEDIAN (NOT RAISED),STRAIGHT AND LEVEL,DRY,NO DEFECTS,,FAILING TO YIELD RIGHT-OF-WAY,UNABLE TO DETERMINE,,NO INDICATION OF INJURY,13,9,41.9579192788,-87.6786360195,2025,30,POINT (-87.6786360195 41.9579192788),,,,,2025-09-05,False,4,North Center
14290,25,NO CONTROLS,NO CONTROLS,CLEAR,DAYLIGHT,PEDALCYCLIST,ALLEY,STRAIGHT AND LEVEL,DRY,NO DEFECTS,,FAILING TO YIELD RIGHT-OF-WAY,UNABLE TO DETERMINE,,NO INDICATION OF INJURY,14,9,41.9489784636,-87.6654255157,2025,25,POINT (-87.6654255157 41.9489784636),,,,,2025-09-05,False,5,Lake View
14291,35,STOP SIGN/FLASHER,FUNCTIONING PROPERLY,CLEAR,DAYLIGHT,PEDALCYCLIST,NOT DIVIDED,STRAIGHT AND LEVEL,DRY,UNKNOWN,,UNABLE TO DETERMINE,UNABLE TO DETERMINE,,NO INDICATION OF INJURY,14,9,41.9890921052,-87.6616698078,2025,35,POINT (-87.6616698078 41.9890921052),,,,,2025-09-05,False,76,Edgewater
14292,30,TRAFFIC SIGNAL,FUNCTIONING PROPERLY,CLEAR,DAYLIGHT,PEDALCYCLIST,NOT DIVIDED,STRAIGHT AND LEVEL,DRY,NO DEFECTS,,UNABLE TO DETERMINE,NOT APPLICABLE,,NO INDICATION OF INJURY,16,9,41.8896692146,-87.6867211235,2025,30,POINT (-87.6867211235 41.8896692146),,,,,2025-09-05,False,23,West Town
14293,30,TRAFFIC SIGNAL,FUNCTIONING PROPERLY,CLEAR,DAYLIGHT,PEDALCYCLIST,FOUR WAY,STRAIGHT AND LEVEL,DRY,UNKNOWN,Y,UNABLE TO DETERMINE,UNABLE TO DETERMINE,N,NONINCAPACITATING INJURY,17,9,41.9172914956,-87.7070516015,2025,30,POINT (-87.7070516015 41.9172914956),,,,,2025-09-05,False,21,Logan Square
14294,20,NO CONTROLS,NO CONTROLS,CLEAR,DAYLIGHT,PEDALCYCLIST,NOT DIVIDED,STRAIGHT AND LEVEL,DRY,NO DEFECTS,,UNABLE TO DETERMINE,UNABLE TO DETERMINE,,NONINCAPACITATING INJURY,17,9,41.916202922,-87.6690463706,2025,20,POINT (-87.6690463706 41.916202922),,,,,2025-09-05,False,6,Lincoln Park
14295,30,NO CONTROLS,NO CONTROLS,CLEAR,DAYLIGHT,PEDALCYCLIST,NOT DIVIDED,STRAIGHT AND LEVEL,DRY,UNKNOWN,,NOT APPLICABLE,NOT APPLICABLE,,NONINCAPACITATING INJURY,18,9,41.9473596012,-87.6538483519,2025,30,POINT (-87.6538483519 41.9473596012),,,,,2025-09-05,False,5,Lake View
14296,30,TRAFFIC SIGNAL,FUNCTIONING PROPERLY,CLEAR,DAYLIGHT,PEDALCYCLIST,DIVIDED - W/MEDIAN (NOT RAISED),STRAIGHT AND LEVEL,DRY,UNKNOWN,,FAILING TO YIELD RIGHT-OF-WAY,NOT APPLICABLE,,"REPORTED, NOT EVIDENT",18,9,41.9098941334,-87.7158943468,2025,30,POINT (-87.7158943468 41.9098941334),,,,,2025-09-05,False,22,Humboldt Park
14297,25,UNKNOWN,UNKNOWN,CLEAR,UNKNOWN,PEDALCYCLIST,NOT DIVIDED,STRAIGHT AND LEVEL,UNKNOWN,UNKNOWN,,UNABLE TO DETERMINE,UNABLE TO DETERMINE,Y,NONINCAPACITATING INJURY,18,9,41.9670502504,-87.6622555294,2025,25,POINT (-87.6622555294 41.9670502504),,,,,2025-09-05,False,2,Uptown
14298,30,NO CONTROLS,NO CONTROLS,CLEAR,"DARKNESS, LIGHTED ROAD",PEDALCYCLIST,NOT DIVIDED,STRAIGHT AND LEVEL,DRY,NO DEFECTS,,UNABLE TO DETERMINE,NOT APPLICABLE,,INCAPACITATING INJURY,19,9,41.9509370651,-87.6785190701,2025,30,POINT (-87.6785190701 41.9509370651),,,,,2025-09-05,True,4,North Center
14299,30,TRAFFIC SIGNAL,FUNCTIONING PROPERLY,CLEAR,DARKNESS,PEDALCYCLIST,T-INTERSECTION,STRAIGHT AND LEVEL,DRY,NO DEFECTS,Y,IMPROPER TURNING/NO SIGNAL,NOT APPLICABLE,,"REPORTED, NOT EVIDENT",21,9,41.8085115972,-87.6651172917,2025,30,POINT (-87.6651172917 41.8085115972),,,,,2025-09-05,False,60,New City
14300,30,TRAFFIC SIGNAL,FUNCTIONING PROPERLY,CLEAR,DAYLIGHT,PEDALCYCLIST,NOT DIVIDED,STRAIGHT AND LEVEL,DRY,NO DEFECTS,,UNABLE TO DETERMINE,DISTRACTION - FROM INSIDE VEHICLE,Y,NO INDICATION OF INJURY,8,9,41.9040745453,-87.7214651605,2025,30,POINT (-87.7214651605 41.9040745453),,,,,2025-09-06,False,22,Humboldt Park
14301,30,TRAFFIC SIGNAL,FUNCTIONING PROPERLY,CLEAR,DAYLIGHT,PEDALCYCLIST,FOUR WAY,STRAIGHT AND LEVEL,DRY,NO DEFECTS,Y,IMPROPER TURNING/NO SIGNAL,IMPROPER TURNING/NO SIGNAL,,NO INDICATION OF INJURY,10,9,41.9391056932,-87.7174565546,2025,30,POINT (-87.7174565546 41.9391056932),,,,,2025-09-06,False,15,Irving Park
14302,30,NO CONTROLS,NO CONTROLS,CLEAR,DAYLIGHT,PEDALCYCLIST,T-INTERSECTION,STRAIGHT AND LEVEL,DRY,NO DEFECTS,Y,FAILING TO YIELD RIGHT-OF-WAY,FAILING TO YIELD RIGHT-OF-WAY,,INCAPACITATING INJURY,11,9,41.830984517,-87.6352929078,2025,30,POINT (-87.6352929078 41.830984517),,,,,2025-09-06,True,33,Armour Square
14303,25,TRAFFIC SIGNAL,FUNCTIONING PROPERLY,CLEAR,DAYLIGHT,PEDALCYCLIST,FOUR WAY,STRAIGHT AND LEVEL,DRY,NO DEFECTS,Y,FAILING TO YIELD RIGHT-OF-WAY,NOT APPLICABLE,,NONINCAPACITATING INJURY,15,9,41.950860276,-87.8059335506,2025,25,POINT (-87.8059335506 41.950860276),,,,,2025-09-06,False,16,Dunning
14304,30,NO CONTROLS,NO CONTROLS,CLEAR,DAYLIGHT,PEDALCYCLIST,NOT DIVIDED,STRAIGHT AND LEVEL,DRY,NO DEFECTS,,FAILING TO YIELD RIGHT-OF-WAY,NOT APPLICABLE,,NONINCAPACITATING INJURY,16,9,41.9614960218,-87.7182028481,2025,30,POINT (-87.7182028481 41.9614960218),,,,,2025-09-06,False,13,Albany Park
14305,30,NO CONTROLS,NO CONTROLS,CLEAR,DAYLIGHT,PEDALCYCLIST,NOT DIVIDED,STRAIGHT AND LEVEL,DRY,NO DEFECTS,,UNABLE TO DETERMINE,UNABLE TO DETERMINE,,NO INDICATION OF INJURY,17,9,41.7712319211,-87.7199727746,2025,30,POINT (-87.7199727746 41.7712319211),,,,,2025-09-06,False,64,West Lawn
14306,30,NO CONTROLS,NO CONTROLS,CLEAR,DAYLIGHT,PEDALCYCLIST,DIVIDED - W/MEDIAN (NOT RAISED),STRAIGHT AND LEVEL,DRY,NO DEFECTS,,FAILING TO YIELD RIGHT-OF-WAY,NOT APPLICABLE,,INCAPACITATING INJURY,18,9,41.9174212038,-87.7579395749,2025,30,POINT (-87.7579395749 41.9174212038),,,,,2025-09-06,True,18,Belmont Cragin
14307,30,TRAFFIC SIGNAL,FUNCTIONING PROPERLY,CLEAR,"DARKNESS, LIGHTED ROAD",PEDALCYCLIST,ONE-WAY,STRAIGHT AND LEVEL,DRY,NO DEFECTS,Y,FAILING TO YIELD RIGHT-OF-WAY,NOT APPLICABLE,,NONINCAPACITATING INJURY,21,9,41.8783577234,-87.6259983542,2025,30,POINT (-87.6259983542 41.8783577234),,,,,2025-09-06,False,31,Loop
14308,20,UNKNOWN,UNKNOWN,CLEAR,DAYLIGHT,PEDALCYCLIST,NOT DIVIDED,STRAIGHT AND LEVEL,DRY,UNKNOWN,,UNABLE TO DETERMINE,UNABLE TO DETERMINE,,NONINCAPACITATING INJURY,7,9,41.9621401543,-87.6459365922,2025,20,POINT (-87.6459365922 41.9621401543),,,,,2025-09-07,False,2,Uptown
14309,30,TRAFFIC SIGNAL,FUNCTIONING PROPERLY,CLEAR,DAYLIGHT,PEDALCYCLIST,NOT DIVIDED,STRAIGHT AND LEVEL,DRY,NO DEFECTS,Y,DISREGARDING TRAFFIC SIGNALS,NOT APPLICABLE,,NONINCAPACITATING INJURY,8,9,41.8991505862,-87.721462286,2025,30,POINT (-87.721462286 41.8991505862),,,,,2025-09-07,False,22,Humboldt Park
14310,30,UNKNOWN,UNKNOWN,UNKNOWN,UNKNOWN,PEDALCYCLIST,UNKNOWN,STRAIGHT AND LEVEL,UNKNOWN,UNKNOWN,,UNABLE TO DETERMINE,UNABLE TO DETERMINE,,NO INDICATION OF INJURY,11,9,41.7934202368,-87.7036975085,2025,30,POINT (-87.7036975085 41.7934202368),,,,,2025-09-07,False,62,Gage Park
14311,30,NO CONTROLS,NO CONTROLS,CLEAR,DAYLIGHT,PEDALCYCLIST,NOT DIVIDED,STRAIGHT AND LEVEL,DRY,NO DEFECTS,,UNABLE TO DETERMINE,UNABLE TO DETERMINE,Y,NONINCAPACITATING INJURY,13,9,41.9759628559,-87.6795477144,2025,30,POINT (-87.6795477144 41.9759628559),,,,,2025-09-07,False,3,Lincoln Square
14312,30,NO CONTROLS,NO CONTROLS,CLEAR,DAYLIGHT,PEDALCYCLIST,NOT DIVIDED,STRAIGHT AND LEVEL,UNKNOWN,UNKNOWN,,UNABLE TO DETERMINE,NOT APPLICABLE,,NO INDICATION OF INJURY,14,9,41.9315300329,-87.7384767496,2025,30,POINT (-87.7384767496 41.9315300329),,,,,2025-09-07,False,19,Hermosa
14313,30,NO CONTROLS,NO CONTROLS,CLEAR,DAYLIGHT,PEDALCYCLIST,NOT DIVIDED,STRAIGHT AND LEVEL,DRY,NO DEFECTS,,IMPROPER TURNING/NO SIGNAL,IMPROPER TURNING/NO SIGNAL,,"REPORTED, NOT EVIDENT",16,9,41.8540249732,-87.6326862965,2025,30,POINT (-87.6326862965 41.8540249732),,,,,2025-09-07,False,32,Near South Side
14314,30,TRAFFIC SIGNAL,FUNCTIONING PROPERLY,CLEAR,DAYLIGHT,PEDALCYCLIST,FOUR WAY,STRAIGHT AND LEVEL,DRY,UNKNOWN,Y,DISREGARDING TRAFFIC SIGNALS,FAILING TO YIELD RIGHT-OF-WAY,,NONINCAPACITATING INJURY,16,9,41.9762797539,-87.659718128,2025,30,POINT (-87.659718128 41.9762797539),,,,,2025-09-07,False,2,Uptown
14315,30,STOP SIGN/FLASHER,FUNCTIONING PROPERLY,CLEAR,DAYLIGHT,PEDALCYCLIST,ONE-WAY,STRAIGHT AND LEVEL,DRY,NO DEFECTS,,UNABLE TO DETERMINE,NOT APPLICABLE,,"REPORTED, NOT EVIDENT",17,9,41.8986360924,-87.6303988304,2025,30,POINT (-87.6303988304 41.8986360924),,,,,2025-09-07,False,7,Near North Side
14316,30,NO CONTROLS,NO CONTROLS,CLEAR,DAYLIGHT,PEDALCYCLIST,NOT DIVIDED,STRAIGHT AND LEVEL,DRY,NO DEFECTS,,NOT APPLICABLE,UNABLE TO DETERMINE,,NO INDICATION OF INJURY,17,9,41.9605733737,-87.7509224921,2025,30,POINT (-87.7509224921 41.9605733737),,,,,2025-09-07,False,14,Portage Park
14317,30,NO CONTROLS,NO CONTROLS,CLEAR,DUSK,PEDALCYCLIST,NOT DIVIDED,STRAIGHT AND LEVEL,DRY,UNKNOWN,N,UNABLE TO DETERMINE,NOT APPLICABLE,,NONINCAPACITATING INJURY,17,9,41.923910668,-87.777386127,2025,30,POINT (-87.777386127 41.923910668),,,,,2025-09-07,False,18,Belmont Cragin
14318,30,TRAFFIC SIGNAL,FUNCTIONING PROPERLY,CLEAR,DAYLIGHT,PEDALCYCLIST,NOT DIVIDED,STRAIGHT AND LEVEL,DRY,NO DEFECTS,Y,UNABLE TO DETERMINE,UNABLE TO DETERMINE,,NO INDICATION OF INJURY,18,9,41.8820439803,-87.6245110366,2025,30,POINT (-87.6245110366 41.8820439803),,,,,2025-09-07,False,31,Loop
14319,30,NO CONTROLS,NO CONTROLS,CLEAR,DAYLIGHT,PEDALCYCLIST,NOT DIVIDED,STRAIGHT AND LEVEL,DRY,NO DEFECTS,,UNABLE TO DETERMINE,NOT APPLICABLE,,NONINCAPACITATING INJURY,19,9,41.9449969514,-87.649269503,2025,30,POINT (-87.649269503 41.9449969514),,,,,2025-09-07,False,5,Lake View
14320,35,UNKNOWN,UNKNOWN,CLEAR,"DARKNESS, LIGHTED ROAD",PEDALCYCLIST,TRAFFIC ROUTE,STRAIGHT AND LEVEL,DRY,UNKNOWN,N,FAILING TO YIELD RIGHT-OF-WAY,NOT APPLICABLE,,NONINCAPACITATING INJURY,22,9,41.8769484116,-87.7447298087,2025,35,POINT (-87.7447298087 41.8769484116),,,,,2025-09-07,False,24,Austin
14321,30,NO CONTROLS,NO CONTROLS,CLEAR,DAYLIGHT,PEDALCYCLIST,NOT DIVIDED,STRAIGHT AND LEVEL,DRY,NO DEFECTS,,HAD BEEN DRINKING (USE WHEN ARREST IS NOT MADE),UNABLE TO DETERMINE,,NONINCAPACITATING INJURY,8,9,41.8364877535,-87.6170084027,2025,30,POINT (-87.6170084027 41.8364877535),,,,,2025-09-08,False,34,Douglas
14322,30,NO CONTROLS,NO CONTROLS,CLEAR,DAYLIGHT,PEDALCYCLIST,NOT DIVIDED,STRAIGHT AND LEVEL,DRY,NO DEFECTS,,UNABLE TO DETERMINE,UNABLE TO DETERMINE,,"REPORTED, NOT EVIDENT",8,9,41.9636625617,-87.7334487131,2025,30,POINT (-87.7334487131 41.9636625617),,,,,2025-09-08,False,13,Albany Park
14323,30,NO CONTROLS,NO CONTROLS,CLEAR,DAYLIGHT,PEDALCYCLIST,DIVIDED - W/MEDIAN (NOT RAISED),STRAIGHT AND LEVEL,DRY,NO DEFECTS,,UNABLE TO DETERMINE,NOT APPLICABLE,Y,NONINCAPACITATING INJURY,9,9,41.9646541453,-87.6667565192,2025,30,POINT (-87.6667565192 41.9646541453),,,,,2025-09-08,False,2,Uptown
14324,30,NO CONTROLS,NO CONTROLS,CLEAR,DAYLIGHT,PEDALCYCLIST,NOT DIVIDED,STRAIGHT AND LEVEL,DRY,NO DEFECTS,,FAILING TO YIELD RIGHT-OF-WAY,IMPROPER TURNING/NO SIGNAL,,NO INDICATION OF INJURY,14,9,41.9572085309,-87.7245117553,2025,30,POINT (-87.7245117553 41.9572085309),,,,,2025-09-08,False,15,Irving Park
14325,30,NO CONTROLS,NO CONTROLS,CLEAR,DAYLIGHT,PEDALCYCLIST,NOT DIVIDED,STRAIGHT AND LEVEL,DRY,NO DEFECTS,,UNABLE TO DETERMINE,NOT APPLICABLE,,"REPORTED, NOT EVIDENT",14,9,41.8671537725,-87.6509023995,2025,30,POINT (-87.6509023995 41.8671537725),,,,,2025-09-08,False,27,Near West Side
14326,30,NO CONTROLS,NO CONTROLS,CLEAR,DAYLIGHT,PEDALCYCLIST,PARKING LOT,"CURVE, LEVEL",DRY,NO DEFECTS,,FAILING TO REDUCE SPEED TO AVOID CRASH,NOT APPLICABLE,,NONINCAPACITATING INJURY,14,9,41.8690185011,-87.7203573759,2025,30,POINT (-87.7203573759 41.8690185011),,,,,2025-09-08,False,25,Garfield Park
14327,30,NO CONTROLS,NO CONTROLS,CLEAR,DAYLIGHT,PEDALCYCLIST,NOT DIVIDED,STRAIGHT AND LEVEL,DRY,NO DEFECTS,,UNABLE TO DETERMINE,NOT APPLICABLE,,"REPORTED, NOT EVIDENT",15,9,41.8876202798,-87.7162498475,2025,30,POINT (-87.7162498475 41.8876202798),,,,,2025-09-08,False,26,Garfield Park
14328,30,NO CONTROLS,NO CONTROLS,CLEAR,DAYLIGHT,PEDALCYCLIST,NOT DIVIDED,STRAIGHT AND LEVEL,DRY,NO DEFECTS,,UNABLE TO DETERMINE,UNABLE TO DETERMINE,,NO INDICATION OF INJURY,15,9,41.7067456104,-87.6497524571,2025,30,POINT (-87.6497524571 41.7067456104),,,,,2025-09-08,False,72,Washington Heights
14329,30,TRAFFIC SIGNAL,FUNCTIONING PROPERLY,CLEAR,DAYLIGHT,PEDALCYCLIST,DIVIDED - W/MEDIAN (NOT RAISED),STRAIGHT AND LEVEL,DRY,NO DEFECTS,,FOLLOWING TOO CLOSELY,NOT APPLICABLE,,NO INDICATION OF INJURY,16,9,41.9073832481,-87.6775277844,2025,30,POINT (-87.6775277844 41.9073832481),,,,,2025-09-08,False,23,West Town
14330,30,NO CONTROLS,NO CONTROLS,UNKNOWN,DAYLIGHT,PEDALCYCLIST,DIVIDED - W/MEDIAN (NOT RAISED),STRAIGHT AND LEVEL,UNKNOWN,UNKNOWN,,IMPROPER TURNING/NO SIGNAL,FAILING TO REDUCE SPEED TO AVOID CRASH,,NONINCAPACITATING INJURY,16,9,41.911304859,-87.6330065928,2025,30,POINT (-87.6330065928 41.911304859),,,,,2025-09-08,False,6,Lincoln Park