Unnamed: 0,POSTED_SPEED_LIMIT,TRAFFIC_CONTROL_DEVICE,DEVICE_CONDITION,WEATHER_CONDITION,LIGHTING_CONDITION,FIRST_CRASH_TYPE,TRAFFICWAY_TYPE,ALIGNMENT,ROADWAY_SURFACE_COND,ROAD_DEFECT,INTERSECTION_RELATED_I,PRIM_CONTRIBUTORY_CAUSE,SEC_CONTRIBUTORY_CAUSE,DOORING_I,MOST_SEVERE_INJURY,CRASH_HOUR,CRASH_MONTH,LATITUDE,LONGITUDE,CRASH_YEAR,SPEED_LIMIT,geometry,DISPLAYROU,the_geom,DIST,LANE_TYPE,CRASH_DATE,is_severe,index_right,CArea
14331,30,NO CONTROLS,NO CONTROLS,CLEAR,DAYLIGHT,PEDALCYCLIST,NOT DIVIDED,STRAIGHT AND LEVEL,DRY,NO DEFECTS,Y,FAILING TO YIELD RIGHT-OF-WAY,UNABLE TO DETERMINE,,NONINCAPACITATING INJURY,16,9,41.8379327986,-87.6466027451,2025,30,POINT (-87.6466027451 41.8379327986),,,,,2025-09-08,False,30,Lower West Side
14332,30,STOP SIGN/FLASHER,FUNCTIONING PROPERLY,CLEAR,DAYLIGHT,PEDALCYCLIST,FOUR WAY,STRAIGHT AND LEVEL,DRY,NO DEFECTS,Y,FAILING TO YIELD RIGHT-OF-WAY,DRIVING ON WRONG SIDE/WRONG WAY,,NO INDICATION OF INJURY,17,9,41.8991919486,-87.6943852892,2025,30,POINT (-87.6943852892 41.8991919486),,,,,2025-09-08,False,22,Humboldt Park
14333,30,TRAFFIC SIGNAL,UNKNOWN,CLEAR,"DARKNESS, LIGHTED ROAD",PEDALCYCLIST,FOUR WAY,STRAIGHT AND LEVEL,DRY,UNKNOWN,Y,FAILING TO YIELD RIGHT-OF-WAY,NOT APPLICABLE,,NO INDICATION OF INJURY,19,9,41.8817170556,-87.6472105392,2025,30,POINT (-87.6472105392 41.8817170556),,,,,2025-09-08,False,27,Near West Side
14334,30,NO CONTROLS,NO CONTROLS,CLEAR,"DARKNESS, LIGHTED ROAD",PEDALCYCLIST,NOT DIVIDED,STRAIGHT AND LEVEL,DRY,NO DEFECTS,,FOLLOWING TOO CLOSELY,UNABLE TO DETERMINE,,NO INDICATION OF INJURY,21,9,41.9547196692,-87.6468815404,2025,30,POINT (-87.6468815404 41.9547196692),,,,,2025-09-08,False,2,Uptown
14335,30,UNKNOWN,UNKNOWN,CLEAR,"DARKNESS, LIGHTED ROAD",PEDALCYCLIST,FOUR WAY,STRAIGHT AND LEVEL,DRY,NO DEFECTS,,UNABLE TO DETERMINE,UNABLE TO DETERMINE,,NONINCAPACITATING INJURY,22,9,41.8440590608,-87.7305666369,2025,30,POINT (-87.7305666369 41.8440590608),,,,,2025-09-08,False,29,South Lawndale
14336,30,TRAFFIC SIGNAL,FUNCTIONING PROPERLY,CLEAR,"DARKNESS, LIGHTED ROAD",PEDALCYCLIST,NOT DIVIDED,STRAIGHT AND LEVEL,DRY,NO DEFECTS,,UNABLE TO DETERMINE,UNABLE TO DETERMINE,,NONINCAPACITATING INJURY,5,9,41.9100043751,-87.7360565149,2025,30,POINT (-87.7360565149 41.9100043751),,,,,2025-09-09,False,22,Humboldt Park
14337,30,TRAFFIC SIGNAL,FUNCTIONING PROPERLY,CLEAR,DAYLIGHT,PEDALCYCLIST,T-INTERSECTION,STRAIGHT AND LEVEL,DRY,NO DEFECTS,Y,TURNING RIGHT ON RED,FAILING TO REDUCE SPEED TO AVOID CRASH,,NONINCAPACITATING INJURY,7,9,41.7062986546,-87.6884600586,2025,30,POINT (-87.6884600586 41.7062986546),,,,,2025-09-09,False,71,Beverly
14338,30,TRAFFIC SIGNAL,FUNCTIONING PROPERLY,CLEAR,DAYLIGHT,PEDALCYCLIST,NOT DIVIDED,STRAIGHT AND LEVEL,DRY,NO DEFECTS,,IMPROPER OVERTAKING/PASSING,NOT APPLICABLE,,NO INDICATION OF INJURY,8,9,41.8575515069,-87.6761147054,2025,30,POINT (-87.6761147054 41.8575515069),,,,,2025-09-09,False,30,Lower West Side
14339,30,NO CONTROLS,NO CONTROLS,CLEAR,DAYLIGHT,PEDALCYCLIST,ONE-WAY,STRAIGHT AND LEVEL,DRY,NO DEFECTS,,FOLLOWING TOO CLOSELY,UNABLE TO DETERMINE,,NONINCAPACITATING INJURY,10,9,41.7636626898,-87.6333410972,2025,30,POINT (-87.6333410972 41.7636626898),,,,,2025-09-09,False,67,Englewood
14340,30,TRAFFIC SIGNAL,FUNCTIONING PROPERLY,CLEAR,DAYLIGHT,PEDALCYCLIST,NOT DIVIDED,STRAIGHT AND LEVEL,DRY,NO DEFECTS,,FAILING TO YIELD RIGHT-OF-WAY,UNABLE TO DETERMINE,,NONINCAPACITATING INJURY,13,9,41.8585785727,-87.7055907242,2025,30,POINT (-87.7055907242 41.8585785727),,,,,2025-09-09,False,28,North Lawndale
14341,30,NO CONTROLS,NO CONTROLS,CLEAR,DAYLIGHT,PEDALCYCLIST,DIVIDED - W/MEDIAN (NOT RAISED),STRAIGHT AND LEVEL,DRY,NO DEFECTS,,UNABLE TO DETERMINE,NOT APPLICABLE,,NO INDICATION OF INJURY,13,9,41.8580286329,-87.7052839436,2025,30,POINT (-87.7052839436 41.8580286329),,,,,2025-09-09,False,28,North Lawndale
14342,35,NO CONTROLS,NO CONTROLS,CLEAR,DAYLIGHT,PEDALCYCLIST,T-INTERSECTION,STRAIGHT AND LEVEL,DRY,NO DEFECTS,,FAILING TO YIELD RIGHT-OF-WAY,FAILING TO YIELD RIGHT-OF-WAY,,NONINCAPACITATING INJURY,15,9,41.6849841654,-87.641331591,2025,35,POINT (-87.641331591 41.6849841654),,,,,2025-09-09,False,52,West Pullman
14343,30,TRAFFIC SIGNAL,FUNCTIONING PROPERLY,CLEAR,DAYLIGHT,PEDALCYCLIST,NOT DIVIDED,STRAIGHT AND LEVEL,DRY,NO DEFECTS,,FAILING TO YIELD RIGHT-OF-WAY,FAILING TO YIELD RIGHT-OF-WAY,,NO INDICATION OF INJURY,16,9,41.8845824617,-87.7256329709,2025,30,POINT (-87.7256329709 41.8845824617),,,,,2025-09-09,False,25,Garfield Park
14344,20,NO CONTROLS,NO CONTROLS,RAIN,DAYLIGHT,PEDALCYCLIST,ONE-WAY,STRAIGHT AND LEVEL,DRY,UNKNOWN,,UNABLE TO DETERMINE,NOT APPLICABLE,,NONINCAPACITATING INJURY,17,9,41.9392724848,-87.7163256598,2025,20,POINT (-87.7163256598 41.9392724848),,,,,2025-09-09,False,15,Irving Park
14345,30,NO CONTROLS,NO CONTROLS,CLEAR,DAYLIGHT,PEDALCYCLIST,NOT DIVIDED,STRAIGHT AND LEVEL,DRY,NO DEFECTS,,IMPROPER TURNING/NO SIGNAL,UNABLE TO DETERMINE,,NONINCAPACITATING INJURY,17,9,41.9393703345,-87.7135660217,2025,30,POINT (-87.7135660217 41.9393703345),,,,,2025-09-09,False,15,Irving Park
14346,30,NO CONTROLS,NO CONTROLS,CLEAR,DAYLIGHT,PEDALCYCLIST,NOT DIVIDED,STRAIGHT AND LEVEL,DRY,NO DEFECTS,,UNABLE TO DETERMINE,UNABLE TO DETERMINE,,NO INDICATION OF INJURY,17,9,42.0183663893,-87.676042709,2025,30,POINT (-87.676042709 42.0183663893),,,,,2025-09-09,False,0,Rogers Park
14347,30,TRAFFIC SIGNAL,FUNCTIONING PROPERLY,CLEAR,DAYLIGHT,PEDALCYCLIST,PARKING LOT,STRAIGHT AND LEVEL,DRY,NO DEFECTS,Y,FAILING TO REDUCE SPEED TO AVOID CRASH,FAILING TO YIELD RIGHT-OF-WAY,,NONINCAPACITATING INJURY,18,9,41.9719901651,-87.7284516225,2025,30,POINT (-87.7284516225 41.9719901651),,,,,2025-09-09,False,11,Forest Glen
14349,30,NO CONTROLS,NO CONTROLS,CLEAR,DAYLIGHT,PEDALCYCLIST,NOT DIVIDED,STRAIGHT AND LEVEL,DRY,NO DEFECTS,,FAILING TO YIELD RIGHT-OF-WAY,UNABLE TO DETERMINE,,NONINCAPACITATING INJURY,7,9,41.9329508201,-87.6428640306,2025,30,POINT (-87.6428640306 41.9329508201),,,,,2025-09-10,False,5,Lake View
14350,25,NO CONTROLS,NO CONTROLS,CLEAR,DAYLIGHT,PEDALCYCLIST,DIVIDED - W/MEDIAN (NOT RAISED),STRAIGHT AND LEVEL,DRY,NO DEFECTS,,FAILING TO YIELD RIGHT-OF-WAY,NOT APPLICABLE,,NONINCAPACITATING INJURY,8,9,41.9635319941,-87.6561154614,2025,25,POINT (-87.6561154614 41.9635319941),,,,,2025-09-10,False,2,Uptown
14351,30,NO CONTROLS,NO CONTROLS,CLEAR,DAYLIGHT,PEDALCYCLIST,NOT DIVIDED,STRAIGHT AND LEVEL,DRY,NO DEFECTS,,UNABLE TO DETERMINE,NOT APPLICABLE,,NO INDICATION OF INJURY,8,9,41.8860283981,-87.6340849831,2025,30,POINT (-87.6340849831 41.8860283981),,,,,2025-09-10,False,31,Loop
14352,30,TRAFFIC SIGNAL,FUNCTIONING PROPERLY,CLEAR,DAYLIGHT,PEDALCYCLIST,NOT DIVIDED,STRAIGHT AND LEVEL,DRY,NO DEFECTS,Y,FAILING TO YIELD RIGHT-OF-WAY,FAILING TO YIELD RIGHT-OF-WAY,,NONINCAPACITATING INJURY,8,9,41.946455791,-87.7127707691,2025,30,POINT (-87.7127707691 41.946455791),,,,,2025-09-10,False,15,Irving Park
14353,30,NO CONTROLS,NO CONTROLS,CLEAR,DAYLIGHT,PEDALCYCLIST,NOT DIVIDED,STRAIGHT AND LEVEL,DRY,NO DEFECTS,,NOT APPLICABLE,NOT APPLICABLE,,NONINCAPACITATING INJURY,15,9,41.9172682509,-87.7271723345,2025,30,POINT (-87.7271723345 41.9172682509),,,,,2025-09-10,False,19,Hermosa
14354,30,NO CONTROLS,NO CONTROLS,CLEAR,DAYLIGHT,PEDALCYCLIST,NOT DIVIDED,STRAIGHT AND LEVEL,DRY,NO DEFECTS,,UNABLE TO DETERMINE,UNABLE TO DETERMINE,,"REPORTED, NOT EVIDENT",16,9,41.8837242645,-87.6472696106,2025,30,POINT (-87.6472696106 41.8837242645),,,,,2025-09-10,False,27,Near West Side
14355,30,NO CONTROLS,NO CONTROLS,CLEAR,DAYLIGHT,PEDALCYCLIST,FOUR WAY,STRAIGHT AND LEVEL,DRY,NO DEFECTS,,UNABLE TO DETERMINE,NOT APPLICABLE,,NONINCAPACITATING INJURY,17,9,41.9059731052,-87.6708016287,2025,30,POINT (-87.6708016287 41.9059731052),,,,,2025-09-10,False,23,West Town
14356,30,TRAFFIC SIGNAL,FUNCTIONING PROPERLY,CLEAR,DAYLIGHT,PEDALCYCLIST,NOT DIVIDED,STRAIGHT AND LEVEL,DRY,NO DEFECTS,Y,FAILING TO YIELD RIGHT-OF-WAY,NOT APPLICABLE,,NONINCAPACITATING INJURY,17,9,41.8979197439,-87.6299603379,2025,30,POINT (-87.6299603379 41.8979197439),,,,,2025-09-10,False,7,Near North Side
14357,30,NO CONTROLS,NO CONTROLS,CLEAR,DAYLIGHT,PEDALCYCLIST,DIVIDED - W/MEDIAN (NOT RAISED),STRAIGHT AND LEVEL,DRY,NO DEFECTS,,DRIVING SKILLS/KNOWLEDGE/EXPERIENCE,DRIVING SKILLS/KNOWLEDGE/EXPERIENCE,,NONINCAPACITATING INJURY,18,9,41.9221503034,-87.6443685482,2025,30,POINT (-87.6443685482 41.9221503034),,,,,2025-09-10,False,6,Lincoln Park
14358,30,NO CONTROLS,NO CONTROLS,CLEAR,"DARKNESS, LIGHTED ROAD",PEDALCYCLIST,T-INTERSECTION,STRAIGHT AND LEVEL,DRY,UNKNOWN,Y,FAILING TO YIELD RIGHT-OF-WAY,NOT APPLICABLE,,NONINCAPACITATING INJURY,19,9,41.924420706,-87.740978787,2025,30,POINT (-87.740978787 41.924420706),,,,,2025-09-10,False,19,Hermosa
14359,35,TRAFFIC SIGNAL,FUNCTIONING PROPERLY,CLEAR,DARKNESS,PEDALCYCLIST,NOT DIVIDED,STRAIGHT AND LEVEL,DRY,UNKNOWN,,NOT APPLICABLE,NOT APPLICABLE,,"REPORTED, NOT EVIDENT",20,9,41.981687197,-87.660079521,2025,35,POINT (-87.660079521 41.981687197),,,,,2025-09-10,False,76,Edgewater
14360,30,STOP SIGN/FLASHER,UNKNOWN,CLEAR,"DARKNESS, LIGHTED ROAD",PEDALCYCLIST,FOUR WAY,STRAIGHT AND LEVEL,UNKNOWN,UNKNOWN,Y,UNABLE TO DETERMINE,UNABLE TO DETERMINE,N,NONINCAPACITATING INJURY,21,9,41.7935140762,-87.58494662,2025,30,POINT (-87.58494662 41.7935140762),,,,,2025-09-10,False,40,Hyde Park
14361,30,TRAFFIC SIGNAL,FUNCTIONING PROPERLY,CLEAR,"DARKNESS, LIGHTED ROAD",PEDALCYCLIST,NOT DIVIDED,STRAIGHT AND LEVEL,DRY,NO DEFECTS,,UNABLE TO DETERMINE,NOT APPLICABLE,,NONINCAPACITATING INJURY,23,9,41.7785478711,-87.7228193118,2025,30,POINT (-87.7228193118 41.7785478711),,,,,2025-09-10,False,64,West Lawn
14362,20,STOP SIGN/FLASHER,FUNCTIONING PROPERLY,CLEAR,DAYLIGHT,PEDALCYCLIST,DIVIDED - W/MEDIAN (NOT RAISED),STRAIGHT AND LEVEL,DRY,NO DEFECTS,Y,DISREGARDING STOP SIGN,UNABLE TO DETERMINE,,"REPORTED, NOT EVIDENT",7,9,41.9819934252,-87.7900365182,2025,20,POINT (-87.7900365182 41.9819934252),,,,,2025-09-11,False,11,Forest Glen
14363,30,NO CONTROLS,NO CONTROLS,CLEAR,DAYLIGHT,PEDALCYCLIST,NOT DIVIDED,STRAIGHT AND LEVEL,DRY,UNKNOWN,,UNABLE TO DETERMINE,UNABLE TO DETERMINE,,NONINCAPACITATING INJURY,8,9,41.8528324742,-87.6383862817,2025,30,POINT (-87.6383862817 41.8528324742),,,,,2025-09-11,False,30,Lower West Side
14364,30,TRAFFIC SIGNAL,FUNCTIONING PROPERLY,CLEAR,DAYLIGHT,PEDALCYCLIST,T-INTERSECTION,STRAIGHT AND LEVEL,DRY,NO DEFECTS,Y,UNABLE TO DETERMINE,UNABLE TO DETERMINE,,NONINCAPACITATING INJURY,9,9,41.9165711581,-87.6664027179,2025,30,POINT (-87.6664027179 41.9165711581),,,,,2025-09-11,False,6,Lincoln Park
14365,30,NO CONTROLS,UNKNOWN,CLEAR,DAYLIGHT,PEDALCYCLIST,NOT DIVIDED,STRAIGHT AND LEVEL,DRY,OTHER,Y,FAILING TO YIELD RIGHT-OF-WAY,FOLLOWING TOO CLOSELY,,NONINCAPACITATING INJURY,13,9,41.8962863695,-87.6476687253,2025,30,POINT (-87.6476687253 41.8962863695),,,,,2025-09-11,False,7,Near North Side
14366,25,STOP SIGN/FLASHER,FUNCTIONING PROPERLY,CLEAR,DAYLIGHT,PEDALCYCLIST,FOUR WAY,STRAIGHT AND LEVEL,DRY,UNKNOWN,,UNABLE TO DETERMINE,NOT APPLICABLE,,"REPORTED, NOT EVIDENT",15,9,41.9550749952,-87.7523614479,2025,25,POINT (-87.7523614479 41.9550749952),,,,,2025-09-11,False,14,Portage Park
14367,30,NO CONTROLS,NO CONTROLS,CLEAR,DAYLIGHT,PEDALCYCLIST,NOT DIVIDED,STRAIGHT AND LEVEL,DRY,NO DEFECTS,,FAILING TO YIELD RIGHT-OF-WAY,FAILING TO REDUCE SPEED TO AVOID CRASH,,NONINCAPACITATING INJURY,15,9,41.8251989043,-87.7046237007,2025,30,POINT (-87.7046237007 41.8251989043),,,,,2025-09-11,False,29,South Lawndale
14368,30,NO CONTROLS,NO CONTROLS,CLEAR,DAYLIGHT,PEDALCYCLIST,DRIVEWAY,STRAIGHT AND LEVEL,DRY,NO DEFECTS,,UNABLE TO DETERMINE,UNABLE TO DETERMINE,,NONINCAPACITATING INJURY,16,9,41.9679833054,-87.741776114,2025,30,POINT (-87.741776114 41.9679833054),,,,,2025-09-11,False,11,Forest Glen
14369,30,NO CONTROLS,NO CONTROLS,CLEAR,DAYLIGHT,PEDALCYCLIST,NOT DIVIDED,STRAIGHT AND LEVEL,DRY,NO DEFECTS,Y,UNABLE TO DETERMINE,NOT APPLICABLE,,NO INDICATION OF INJURY,16,9,41.933910631,-87.7173893745,2025,30,POINT (-87.7173893745 41.933910631),,,,,2025-09-11,False,20,Avondale
14370,30,UNKNOWN,UNKNOWN,CLEAR,DAYLIGHT,PEDALCYCLIST,FOUR WAY,STRAIGHT AND LEVEL,DRY,NO DEFECTS,Y,FAILING TO YIELD RIGHT-OF-WAY,UNABLE TO DETERMINE,,NONINCAPACITATING INJURY,17,9,41.866913348,-87.6592702362,2025,30,POINT (-87.6592702362 41.866913348),,,,,2025-09-11,False,27,Near West Side
14371,30,NO CONTROLS,NO CONTROLS,CLEAR,DUSK,PEDALCYCLIST,DIVIDED - W/MEDIAN (NOT RAISED),STRAIGHT AND LEVEL,DRY,NO DEFECTS,,FOLLOWING TOO CLOSELY,NOT APPLICABLE,,"REPORTED, NOT EVIDENT",18,9,41.9238055653,-87.7842862241,2025,30,POINT (-87.7842862241 41.9238055653),,,,,2025-09-11,False,18,Belmont Cragin
14372,25,NO CONTROLS,NO CONTROLS,CLEAR,DUSK,PEDALCYCLIST,NOT DIVIDED,STRAIGHT AND LEVEL,DRY,UNKNOWN,,UNABLE TO DETERMINE,UNABLE TO DETERMINE,,NO INDICATION OF INJURY,18,9,41.8015618664,-87.6770894661,2025,25,POINT (-87.6770894661 41.8015618664),,,,,2025-09-11,False,60,New City
14373,35,TRAFFIC SIGNAL,FUNCTIONING PROPERLY,CLEAR,DUSK,PEDALCYCLIST,FOUR WAY,STRAIGHT AND LEVEL,DRY,NO DEFECTS,,DISREGARDING TRAFFIC SIGNALS,DISREGARDING TRAFFIC SIGNALS,,NO INDICATION OF INJURY,19,9,41.8383651923,-87.6304283611,2025,35,POINT (-87.6304283611 41.8383651923),,,,,2025-09-11,False,33,Armour Square
14374,30,NO CONTROLS,NO CONTROLS,CLEAR,"DARKNESS, LIGHTED ROAD",PEDALCYCLIST,NOT DIVIDED,STRAIGHT AND LEVEL,DRY,NO DEFECTS,,UNABLE TO DETERMINE,UNABLE TO DETERMINE,Y,INCAPACITATING INJURY,20,9,41.9244717516,-87.7368677076,2025,30,POINT (-87.7368677076 41.9244717516),,,,,2025-09-11,True,19,Hermosa
14375,30,NO CONTROLS,NO CONTROLS,CLEAR,"DARKNESS, LIGHTED ROAD",PEDALCYCLIST,NOT DIVIDED,STRAIGHT AND LEVEL,DRY,NO DEFECTS,,IMPROPER TURNING/NO SIGNAL,NOT APPLICABLE,,NO INDICATION OF INJURY,20,9,41.924663814,-87.6474556129,2025,30,POINT (-87.6474556129 41.924663814),,,,,2025-09-11,False,6,Lincoln Park
14376,30,TRAFFIC SIGNAL,FUNCTIONING IMPROPERLY,CLEAR,"DARKNESS, LIGHTED ROAD",PEDALCYCLIST,FOUR WAY,STRAIGHT AND LEVEL,DRY,NO DEFECTS,Y,FAILING TO YIELD RIGHT-OF-WAY,NOT APPLICABLE,,NO INDICATION OF INJURY,21,9,41.9170376473,-87.6875411739,2025,30,POINT (-87.6875411739 41.9170376473),,,,,2025-09-11,False,21,Logan Square
14377,30,NO CONTROLS,NO CONTROLS,CLEAR,DAYLIGHT,PEDALCYCLIST,NOT DIVIDED,STRAIGHT AND LEVEL,DRY,NO DEFECTS,Y,UNABLE TO DETERMINE,UNABLE TO DETERMINE,,NO INDICATION OF INJURY,6,9,41.8878918623,-87.7668181974,2025,30,POINT (-87.7668181974 41.8878918623),,,,,2025-09-12,False,24,Austin
14378,30,NO CONTROLS,NO CONTROLS,CLEAR,DAYLIGHT,PEDALCYCLIST,NOT DIVIDED,STRAIGHT AND LEVEL,DRY,NO DEFECTS,,UNABLE TO DETERMINE,NOT APPLICABLE,,"REPORTED, NOT EVIDENT",7,9,41.8826906116,-87.6519122455,2025,30,POINT (-87.6519122455 41.8826906116),,,,,2025-09-12,False,27,Near West Side
14379,30,NO CONTROLS,NO CONTROLS,CLEAR,DAYLIGHT,PEDALCYCLIST,NOT DIVIDED,STRAIGHT AND LEVEL,DRY,NO DEFECTS,,FAILING TO REDUCE SPEED TO AVOID CRASH,FAILING TO YIELD RIGHT-OF-WAY,,NONINCAPACITATING INJURY,8,9,41.9183550486,-87.6777888823,2025,30,POINT (-87.6777888823 41.9183550486),,,,,2025-09-12,False,6,Lincoln Park
14380,30,STOP SIGN/FLASHER,FUNCTIONING PROPERLY,CLEAR,DAYLIGHT,PEDALCYCLIST,FOUR WAY,STRAIGHT AND LEVEL,DRY,NO DEFECTS,Y,DRIVING ON WRONG SIDE/WRONG WAY,NOT APPLICABLE,,NONINCAPACITATING INJURY,8,9,41.9746071403,-87.7830414493,2025,30,POINT (-87.7830414493 41.9746071403),,,,,2025-09-12,False,10,Jefferson Park
14381,30,TRAFFIC SIGNAL,FUNCTIONING PROPERLY,CLEAR,DAYLIGHT,PEDALCYCLIST,DIVIDED - W/MEDIAN (NOT RAISED),STRAIGHT AND LEVEL,DRY,NO DEFECTS,Y,DISREGARDING TRAFFIC SIGNALS,FAILING TO REDUCE SPEED TO AVOID CRASH,,NONINCAPACITATING INJURY,8,9,41.9032979603,-87.6626846118,2025,30,POINT (-87.6626846118 41.9032979603),,,,,2025-09-12,False,23,West Town
14382,30,NO CONTROLS,NO CONTROLS,CLEAR,DAYLIGHT,PEDALCYCLIST,NOT DIVIDED,STRAIGHT AND LEVEL,DRY,UNKNOWN,,IMPROPER TURNING/NO SIGNAL,NOT APPLICABLE,,NO INDICATION OF INJURY,11,9,41.8892035637,-87.6380580495,2025,30,POINT (-87.6380580495 41.8892035637),,,,,2025-09-12,False,7,Near North Side
14383,30,NO CONTROLS,NO CONTROLS,CLEAR,DAYLIGHT,PEDALCYCLIST,ONE-WAY,STRAIGHT AND LEVEL,DRY,NO DEFECTS,,FAILING TO YIELD RIGHT-OF-WAY,UNABLE TO DETERMINE,,"REPORTED, NOT EVIDENT",12,9,41.8841849769,-87.6538489958,2025,30,POINT (-87.6538489958 41.8841849769),,,,,2025-09-12,False,27,Near West Side
14384,30,TRAFFIC SIGNAL,FUNCTIONING PROPERLY,CLEAR,DAYLIGHT,PEDALCYCLIST,ALLEY,STRAIGHT AND LEVEL,DRY,NO DEFECTS,Y,UNABLE TO DETERMINE,FAILING TO YIELD RIGHT-OF-WAY,,NONINCAPACITATING INJURY,15,9,41.8774343899,-87.6868686067,2025,30,POINT (-87.6868686067 41.8774343899),,,,,2025-09-12,False,27,Near West Side
14385,30,TRAFFIC SIGNAL,FUNCTIONING PROPERLY,CLEAR,DAYLIGHT,PEDALCYCLIST,UNKNOWN INTERSECTION TYPE,STRAIGHT AND LEVEL,DRY,UNKNOWN,,UNABLE TO DETERMINE,DRIVING SKILLS/KNOWLEDGE/EXPERIENCE,,NONINCAPACITATING INJURY,18,9,41.8740036384,-87.6766023411,2025,30,POINT (-87.6766023411 41.8740036384),,,,,2025-09-12,False,27,Near West Side
14386,30,NO CONTROLS,NO CONTROLS,CLEAR,DAYLIGHT,PEDALCYCLIST,NOT DIVIDED,STRAIGHT AND LEVEL,DRY,NO DEFECTS,,UNABLE TO DETERMINE,NOT APPLICABLE,Y,"REPORTED, NOT EVIDENT",18,9,41.9689665004,-87.6714345128,2025,30,POINT (-87.6714345128 41.9689665004),,,,,2025-09-12,False,2,Uptown
14387,30,STOP SIGN/FLASHER,FUNCTIONING PROPERLY,CLEAR,DUSK,PEDALCYCLIST,NOT DIVIDED,STRAIGHT AND LEVEL,DRY,NO DEFECTS,,IMPROPER TURNING/NO SIGNAL,DRIVING ON WRONG SIDE/WRONG WAY,,INCAPACITATING INJURY,20,9,41.8390061392,-87.6626734318,2025,30,POINT (-87.6626734318 41.8390061392),,,,,2025-09-12,True,30,Lower West Side
14388,30,TRAFFIC SIGNAL,FUNCTIONING PROPERLY,CLEAR,"DARKNESS, LIGHTED ROAD",PEDALCYCLIST,FOUR WAY,STRAIGHT AND LEVEL,DRY,NO DEFECTS,Y,UNDER THE INFLUENCE OF ALCOHOL/DRUGS (USE WHEN ARREST IS EFFECTED),FAILING TO YIELD RIGHT-OF-WAY,,NO INDICATION OF INJURY,0,9,41.9400327811,-87.6494152111,2025,30,POINT (-87.6494152111 41.9400327811),,,,,2025-09-13,False,5,Lake View
14389,30,STOP SIGN/FLASHER,FUNCTIONING PROPERLY,CLEAR,"DARKNESS, LIGHTED ROAD",PEDALCYCLIST,NOT DIVIDED,STRAIGHT AND LEVEL,DRY,NO DEFECTS,,"VISION OBSCURED (SIGNS, TREE LIMBS, BUILDINGS, ETC.)",NOT APPLICABLE,,NONINCAPACITATING INJURY,1,9,41.880501694,-87.7407606639,2025,30,POINT (-87.7407606639 41.880501694),,,,,2025-09-13,False,24,Austin
14390,30,TRAFFIC SIGNAL,UNKNOWN,UNKNOWN,UNKNOWN,PEDALCYCLIST,FOUR WAY,STRAIGHT AND LEVEL,UNKNOWN,UNKNOWN,Y,DISREGARDING TRAFFIC SIGNALS,NOT APPLICABLE,,NONINCAPACITATING INJURY,4,9,41.7563294688,-87.6246387859,2025,30,POINT (-87.6246387859 41.7563294688),,,,,2025-09-13,False,68,Grand Crossing
14391,30,TRAFFIC SIGNAL,FUNCTIONING PROPERLY,CLEAR,DAYLIGHT,PEDALCYCLIST,NOT DIVIDED,STRAIGHT AND LEVEL,DRY,NO DEFECTS,,IMPROPER OVERTAKING/PASSING,IMPROPER OVERTAKING/PASSING,,NO INDICATION OF INJURY,9,9,41.8833221991,-87.6297750966,2025,30,POINT (-87.6297750966 41.8833221991),,,,,2025-09-13,False,31,Loop
14392,30,NO CONTROLS,NO CONTROLS,CLEAR,DAYLIGHT,PEDALCYCLIST,NOT DIVIDED,STRAIGHT ON GRADE,WET,OTHER,,IMPROPER LANE USAGE,NOT APPLICABLE,,INCAPACITATING INJURY,13,9,41.945357777,-87.6492789112,2025,30,POINT (-87.6492789112 41.945357777),,,,,2025-09-13,True,5,Lake View
14393,20,NO CONTROLS,NO CONTROLS,CLEAR,DAYLIGHT,PEDALCYCLIST,NOT DIVIDED,STRAIGHT AND LEVEL,DRY,NO DEFECTS,,UNABLE TO DETERMINE,NOT APPLICABLE,,NONINCAPACITATING INJURY,15,9,41.9731415924,-87.6593573235,2025,20,POINT (-87.6593573235 41.9731415924),,,,,2025-09-13,False,2,Uptown
14394,30,NO CONTROLS,NO CONTROLS,CLEAR,DAYLIGHT,PEDALCYCLIST,NOT DIVIDED,STRAIGHT AND LEVEL,DRY,NO DEFECTS,,UNABLE TO DETERMINE,UNABLE TO DETERMINE,Y,NO INDICATION OF INJURY,15,9,41.9536786858,-87.7347438566,2025,30,POINT (-87.7347438566 41.9536786858),,,,,2025-09-13,False,15,Irving Park
14395,30,TRAFFIC SIGNAL,UNKNOWN,CLEAR,DAYLIGHT,PEDALCYCLIST,FOUR WAY,STRAIGHT AND LEVEL,DRY,NO DEFECTS,Y,FAILING TO YIELD RIGHT-OF-WAY,FAILING TO YIELD RIGHT-OF-WAY,,NONINCAPACITATING INJURY,16,9,41.8907765221,-87.6880590906,2025,30,POINT (-87.6880590906 41.8907765221),,,,,2025-09-13,False,23,West Town
14396,30,NO CONTROLS,NO CONTROLS,CLEAR,DAYLIGHT,PEDALCYCLIST,NOT DIVIDED,STRAIGHT AND LEVEL,DRY,NO DEFECTS,,FAILING TO YIELD RIGHT-OF-WAY,UNABLE TO DETERMINE,Y,NONINCAPACITATING INJURY,16,9,41.8579242025,-87.6651381611,2025,30,POINT (-87.6651381611 41.8579242025),,,,,2025-09-13,False,27,Near West Side