Unnamed: 0,POSTED_SPEED_LIMIT,TRAFFIC_CONTROL_DEVICE,DEVICE_CONDITION,WEATHER_CONDITION,LIGHTING_CONDITION,FIRST_CRASH_TYPE,TRAFFICWAY_TYPE,ALIGNMENT,ROADWAY_SURFACE_COND,ROAD_DEFECT,INTERSECTION_RELATED_I,PRIM_CONTRIBUTORY_CAUSE,SEC_CONTRIBUTORY_CAUSE,DOORING_I,MOST_SEVERE_INJURY,CRASH_HOUR,CRASH_MONTH,LATITUDE,LONGITUDE,CRASH_YEAR,SPEED_LIMIT,geometry,DISPLAYROU,the_geom,DIST,LANE_TYPE,CRASH_DATE,is_severe,index_right,CArea
14397,30,STOP SIGN/FLASHER,FUNCTIONING PROPERLY,CLEAR,DAYLIGHT,PEDALCYCLIST,DIVIDED - W/MEDIAN (NOT RAISED),STRAIGHT AND LEVEL,DRY,NO DEFECTS,,IMPROPER OVERTAKING/PASSING,UNABLE TO DETERMINE,,NONINCAPACITATING INJURY,18,9,41.9450980774,-87.6810788538,2025,30,POINT (-87.6810788538 41.9450980774),,,,,2025-09-13,False,4,North Center
14398,30,NO CONTROLS,NO CONTROLS,CLEAR,DAWN,PEDALCYCLIST,NOT DIVIDED,STRAIGHT AND LEVEL,DRY,NO DEFECTS,,IMPROPER LANE USAGE,FAILING TO YIELD RIGHT-OF-WAY,,NONINCAPACITATING INJURY,18,9,41.8895006743,-87.6444847931,2025,30,POINT (-87.6444847931 41.8895006743),,,,,2025-09-13,False,7,Near North Side
14399,30,NO CONTROLS,NO CONTROLS,CLEAR,"DARKNESS, LIGHTED ROAD",PEDALCYCLIST,FOUR WAY,STRAIGHT AND LEVEL,DRY,NO DEFECTS,,UNABLE TO DETERMINE,"VISION OBSCURED (SIGNS, TREE LIMBS, BUILDINGS, ETC.)",,"REPORTED, NOT EVIDENT",20,9,41.8096144147,-87.7235017088,2025,30,POINT (-87.7235017088 41.8096144147),,,,,2025-09-13,False,56,Archer Heights
14400,25,TRAFFIC SIGNAL,FUNCTIONING PROPERLY,CLEAR,"DARKNESS, LIGHTED ROAD",PEDALCYCLIST,NOT DIVIDED,STRAIGHT AND LEVEL,DRY,NO DEFECTS,,DISREGARDING OTHER TRAFFIC SIGNS,NOT APPLICABLE,,"REPORTED, NOT EVIDENT",20,9,41.9979011072,-87.6851603217,2025,25,POINT (-87.6851603217 41.9979011072),,,,,2025-09-13,False,1,West Ridge
14401,30,TRAFFIC SIGNAL,FUNCTIONING PROPERLY,CLEAR,"DARKNESS, LIGHTED ROAD",PEDALCYCLIST,DIVIDED - W/MEDIAN (NOT RAISED),"CURVE, LEVEL",DRY,NO DEFECTS,,UNABLE TO DETERMINE,NOT APPLICABLE,,"REPORTED, NOT EVIDENT",20,9,41.8868315123,-87.6265560849,2025,30,POINT (-87.6265560849 41.8868315123),,,,,2025-09-13,False,7,Near North Side
14402,30,TRAFFIC SIGNAL,FUNCTIONING PROPERLY,CLEAR,DAYLIGHT,PEDALCYCLIST,NOT DIVIDED,STRAIGHT AND LEVEL,DRY,NO DEFECTS,Y,FAILING TO REDUCE SPEED TO AVOID CRASH,FAILING TO YIELD RIGHT-OF-WAY,,INCAPACITATING INJURY,3,9,41.9164283572,-87.6662242381,2025,30,POINT (-87.6662242381 41.9164283572),,,,,2025-09-14,True,6,Lincoln Park
14403,30,STOP SIGN/FLASHER,NOT FUNCTIONING,CLEAR,DAYLIGHT,PEDALCYCLIST,NOT DIVIDED,STRAIGHT AND LEVEL,DRY,NO DEFECTS,,NOT APPLICABLE,NOT APPLICABLE,Y,NONINCAPACITATING INJURY,10,9,41.9443698344,-87.6456116845,2025,30,POINT (-87.6456116845 41.9443698344),,,,,2025-09-14,False,5,Lake View
14404,25,NO CONTROLS,NO CONTROLS,CLEAR,DAYLIGHT,PEDALCYCLIST,NOT DIVIDED,STRAIGHT AND LEVEL,DRY,NO DEFECTS,,UNABLE TO DETERMINE,NOT APPLICABLE,Y,"REPORTED, NOT EVIDENT",13,9,41.9170016032,-87.7308318356,2025,25,POINT (-87.7308318356 41.9170016032),,,,,2025-09-14,False,19,Hermosa
14405,30,TRAFFIC SIGNAL,FUNCTIONING PROPERLY,CLEAR,DAYLIGHT,PEDALCYCLIST,FOUR WAY,STRAIGHT AND LEVEL,DRY,UNKNOWN,Y,FAILING TO YIELD RIGHT-OF-WAY,NOT APPLICABLE,,INCAPACITATING INJURY,14,9,41.9904056444,-87.7141342302,2025,30,POINT (-87.7141342302 41.9904056444),,,,,2025-09-14,True,12,North Park
14406,30,NO CONTROLS,NO CONTROLS,CLEAR,DAYLIGHT,PEDALCYCLIST,DIVIDED - W/MEDIAN (NOT RAISED),STRAIGHT AND LEVEL,DRY,NO DEFECTS,,UNABLE TO DETERMINE,UNABLE TO DETERMINE,,NONINCAPACITATING INJURY,15,9,41.9237201991,-87.698916578,2025,30,POINT (-87.698916578 41.9237201991),,,,,2025-09-14,False,21,Logan Square
14407,25,TRAFFIC SIGNAL,UNKNOWN,CLEAR,DAYLIGHT,PEDALCYCLIST,DIVIDED - W/MEDIAN (NOT RAISED),STRAIGHT AND LEVEL,DRY,NO DEFECTS,Y,UNABLE TO DETERMINE,UNABLE TO DETERMINE,N,NO INDICATION OF INJURY,15,9,41.9853506335,-87.6609773952,2025,25,POINT (-87.6609773952 41.9853506335),,,,,2025-09-14,False,76,Edgewater
14408,20,NO CONTROLS,NO CONTROLS,CLEAR,"DARKNESS, LIGHTED ROAD",PEDALCYCLIST,DIVIDED - W/MEDIAN (NOT RAISED),STRAIGHT AND LEVEL,DRY,NO DEFECTS,,UNABLE TO DETERMINE,UNABLE TO DETERMINE,,NO INDICATION OF INJURY,23,9,41.9241523619,-87.7612115802,2025,20,POINT (-87.7612115802 41.9241523619),,,,,2025-09-14,False,18,Belmont Cragin
14409,10,NO CONTROLS,NO CONTROLS,CLEAR,DAYLIGHT,PEDALCYCLIST,ALLEY,STRAIGHT AND LEVEL,DRY,NO DEFECTS,Y,NOT APPLICABLE,NOT APPLICABLE,,NONINCAPACITATING INJURY,7,9,41.744151132,-87.5995357534,2025,10,POINT (-87.5995357534 41.744151132),,,,,2025-09-15,False,43,Chatham
14410,30,NO CONTROLS,NO CONTROLS,CLEAR,DAYLIGHT,PEDALCYCLIST,DIVIDED - W/MEDIAN BARRIER,STRAIGHT AND LEVEL,DRY,NO DEFECTS,,FAILING TO YIELD RIGHT-OF-WAY,NOT APPLICABLE,,NO INDICATION OF INJURY,7,9,41.9696248035,-87.7624441515,2025,30,POINT (-87.7624441515 41.9696248035),,,,,2025-09-15,False,10,Jefferson Park
14411,15,NO CONTROLS,NO CONTROLS,CLEAR,DAYLIGHT,PEDALCYCLIST,ALLEY,STRAIGHT AND LEVEL,DRY,NO DEFECTS,,UNABLE TO DETERMINE,NOT APPLICABLE,,NONINCAPACITATING INJURY,10,9,42.0011369538,-87.6703274109,2025,15,POINT (-87.6703274109 42.0011369538),,,,,2025-09-15,False,0,Rogers Park
14412,30,TRAFFIC SIGNAL,FUNCTIONING PROPERLY,CLEAR,DAYLIGHT,PEDALCYCLIST,NOT DIVIDED,STRAIGHT AND LEVEL,DRY,NO DEFECTS,Y,DISREGARDING TRAFFIC SIGNALS,NOT APPLICABLE,,NO INDICATION OF INJURY,14,9,41.9813839746,-87.6929494035,2025,30,POINT (-87.6929494035 41.9813839746),,,,,2025-09-15,False,3,Lincoln Square
14413,30,TRAFFIC SIGNAL,FUNCTIONING PROPERLY,CLEAR,DAYLIGHT,PEDALCYCLIST,NOT DIVIDED,STRAIGHT AND LEVEL,DRY,NO DEFECTS,Y,FAILING TO YIELD RIGHT-OF-WAY,NOT APPLICABLE,,INCAPACITATING INJURY,14,9,41.8232207071,-87.6751544847,2025,30,POINT (-87.6751544847 41.8232207071),,,,,2025-09-15,True,58,Mckinley Park
14414,30,NO CONTROLS,NO CONTROLS,CLEAR,DAYLIGHT,PEDALCYCLIST,DIVIDED - W/MEDIAN (NOT RAISED),STRAIGHT AND LEVEL,DRY,NO DEFECTS,,FAILING TO YIELD RIGHT-OF-WAY,IMPROPER OVERTAKING/PASSING,,"REPORTED, NOT EVIDENT",14,9,41.8580626576,-87.6467952716,2025,30,POINT (-87.6467952716 41.8580626576),,,,,2025-09-15,False,27,Near West Side
14415,30,NO CONTROLS,NO CONTROLS,CLEAR,DAYLIGHT,PEDALCYCLIST,NOT DIVIDED,STRAIGHT AND LEVEL,DRY,NO DEFECTS,,IMPROPER OVERTAKING/PASSING,NOT APPLICABLE,,NONINCAPACITATING INJURY,15,9,42.0002050015,-87.6605551298,2025,30,POINT (-87.6605551298 42.0002050015),,,,,2025-09-15,False,0,Rogers Park
14416,30,UNKNOWN,UNKNOWN,CLEAR,DAYLIGHT,PEDALCYCLIST,FOUR WAY,STRAIGHT AND LEVEL,DRY,NO DEFECTS,Y,FAILING TO YIELD RIGHT-OF-WAY,FAILING TO YIELD RIGHT-OF-WAY,,NO INDICATION OF INJURY,16,9,41.9318157158,-87.7158243157,2025,30,POINT (-87.7158243157 41.9318157158),,,,,2025-09-15,False,20,Avondale
14417,30,NO CONTROLS,NO CONTROLS,CLEAR,DAYLIGHT,PEDALCYCLIST,DIVIDED - W/MEDIAN (NOT RAISED),STRAIGHT AND LEVEL,DRY,NO DEFECTS,,FAILING TO YIELD RIGHT-OF-WAY,UNABLE TO DETERMINE,,INCAPACITATING INJURY,17,9,41.9027613296,-87.7275940991,2025,30,POINT (-87.7275940991 41.9027613296),,,,,2025-09-15,True,22,Humboldt Park
14418,30,TRAFFIC SIGNAL,FUNCTIONING PROPERLY,CLEAR,DAYLIGHT,PEDALCYCLIST,FOUR WAY,STRAIGHT AND LEVEL,DRY,NO DEFECTS,Y,FAILING TO YIELD RIGHT-OF-WAY,UNABLE TO DETERMINE,,NONINCAPACITATING INJURY,17,9,41.9209341225,-87.7267298187,2025,30,POINT (-87.7267298187 41.9209341225),,,,,2025-09-15,False,19,Hermosa
14419,25,STOP SIGN/FLASHER,FUNCTIONING PROPERLY,CLEAR,DAYLIGHT,PEDALCYCLIST,NOT DIVIDED,STRAIGHT AND LEVEL,DRY,UNKNOWN,,FAILING TO YIELD RIGHT-OF-WAY,NOT APPLICABLE,,NO INDICATION OF INJURY,17,9,41.876926589,-87.745039137,2025,25,POINT (-87.745039137 41.876926589),,,,,2025-09-15,False,24,Austin
14420,20,STOP SIGN/FLASHER,FUNCTIONING PROPERLY,CLEAR,DAYLIGHT,PEDALCYCLIST,FOUR WAY,STRAIGHT AND LEVEL,DRY,NO DEFECTS,Y,DISREGARDING STOP SIGN,EQUIPMENT - VEHICLE CONDITION,,NONINCAPACITATING INJURY,18,9,41.9805072529,-87.6965156414,2025,20,POINT (-87.6965156414 41.9805072529),,,,,2025-09-15,False,3,Lincoln Square
14421,30,UNKNOWN,UNKNOWN,CLEAR,DAYLIGHT,PEDALCYCLIST,NOT DIVIDED,STRAIGHT AND LEVEL,DRY,NO DEFECTS,,FAILING TO YIELD RIGHT-OF-WAY,UNABLE TO DETERMINE,,NO INDICATION OF INJURY,18,9,41.994203449,-87.6897059799,2025,30,POINT (-87.6897059799 41.994203449),,,,,2025-09-15,False,1,West Ridge
14422,30,YIELD,NO CONTROLS,CLEAR,DUSK,PEDALCYCLIST,ONE-WAY,STRAIGHT AND LEVEL,DRY,NO DEFECTS,,FAILING TO YIELD RIGHT-OF-WAY,FAILING TO YIELD RIGHT-OF-WAY,,"REPORTED, NOT EVIDENT",18,9,41.9263180973,-87.7536169951,2025,30,POINT (-87.7536169951 41.9263180973),,,,,2025-09-15,False,18,Belmont Cragin
14423,30,TRAFFIC SIGNAL,FUNCTIONING PROPERLY,CLEAR,"DARKNESS, LIGHTED ROAD",PEDALCYCLIST,NOT DIVIDED,STRAIGHT AND LEVEL,DRY,NO DEFECTS,,FAILING TO YIELD RIGHT-OF-WAY,UNABLE TO DETERMINE,,NONINCAPACITATING INJURY,20,9,41.9689141215,-87.6597349219,2025,30,POINT (-87.6597349219 41.9689141215),,,,,2025-09-15,False,2,Uptown
14424,30,TRAFFIC SIGNAL,FUNCTIONING PROPERLY,CLEAR,"DARKNESS, LIGHTED ROAD",PEDALCYCLIST,Y-INTERSECTION,STRAIGHT AND LEVEL,DRY,NO DEFECTS,Y,FAILING TO YIELD RIGHT-OF-WAY,IMPROPER TURNING/NO SIGNAL,,INCAPACITATING INJURY,20,9,41.8667550373,-87.6837146474,2025,30,POINT (-87.6837146474 41.8667550373),,,,,2025-09-15,True,27,Near West Side
14425,30,NO CONTROLS,NO CONTROLS,CLEAR,DAYLIGHT,PEDALCYCLIST,FOUR WAY,STRAIGHT AND LEVEL,DRY,UNKNOWN,Y,UNABLE TO DETERMINE,UNABLE TO DETERMINE,,NO INDICATION OF INJURY,8,9,41.990395802,-87.6910273948,2025,30,POINT (-87.6910273948 41.990395802),,,,,2025-09-16,False,1,West Ridge
14426,30,NO CONTROLS,NO CONTROLS,CLEAR,DAYLIGHT,PEDALCYCLIST,NOT DIVIDED,STRAIGHT AND LEVEL,DRY,NO DEFECTS,,IMPROPER LANE USAGE,DRIVING SKILLS/KNOWLEDGE/EXPERIENCE,,NONINCAPACITATING INJURY,10,9,41.893910436,-87.6515835276,2025,30,POINT (-87.6515835276 41.893910436),,,,,2025-09-16,False,7,Near North Side
14427,30,UNKNOWN,UNKNOWN,UNKNOWN,UNKNOWN,PEDALCYCLIST,ONE-WAY,STRAIGHT AND LEVEL,UNKNOWN,UNKNOWN,,UNABLE TO DETERMINE,DRIVING SKILLS/KNOWLEDGE/EXPERIENCE,,NONINCAPACITATING INJURY,10,9,41.8885764092,-87.6297106988,2025,30,POINT (-87.6297106988 41.8885764092),,,,,2025-09-16,False,7,Near North Side
14428,30,TRAFFIC SIGNAL,FUNCTIONING PROPERLY,CLEAR,DAYLIGHT,PEDALCYCLIST,NOT DIVIDED,STRAIGHT AND LEVEL,DRY,NO DEFECTS,Y,FAILING TO YIELD RIGHT-OF-WAY,FAILING TO YIELD RIGHT-OF-WAY,,"REPORTED, NOT EVIDENT",15,9,41.9394405612,-87.7077185163,2025,30,POINT (-87.7077185163 41.9394405612),,,,,2025-09-16,False,15,Irving Park
14429,30,NO CONTROLS,NO CONTROLS,CLEAR,DAYLIGHT,PEDALCYCLIST,NOT DIVIDED,STRAIGHT AND LEVEL,DRY,NO DEFECTS,,FAILING TO YIELD RIGHT-OF-WAY,UNABLE TO DETERMINE,,INCAPACITATING INJURY,15,9,41.9430120002,-87.7300436062,2025,30,POINT (-87.7300436062 41.9430120002),,,,,2025-09-16,True,15,Irving Park
14430,30,NO CONTROLS,NO CONTROLS,CLEAR,DAYLIGHT,PEDALCYCLIST,DIVIDED - W/MEDIAN (NOT RAISED),STRAIGHT AND LEVEL,DRY,NO DEFECTS,,FAILING TO REDUCE SPEED TO AVOID CRASH,IMPROPER LANE USAGE,,NONINCAPACITATING INJURY,16,9,41.9831880103,-87.707737372,2025,30,POINT (-87.707737372 41.9831880103),,,,,2025-09-16,False,1,West Ridge
14431,30,NO CONTROLS,NO CONTROLS,CLEAR,DAYLIGHT,PEDALCYCLIST,DIVIDED - W/MEDIAN (NOT RAISED),STRAIGHT AND LEVEL,DRY,NO DEFECTS,,UNABLE TO DETERMINE,NOT APPLICABLE,Y,NONINCAPACITATING INJURY,16,9,41.9525549064,-87.6778046726,2025,30,POINT (-87.6778046726 41.9525549064),,,,,2025-09-16,False,4,North Center
14432,30,NO CONTROLS,NO CONTROLS,CLEAR,DAYLIGHT,PEDALCYCLIST,NOT DIVIDED,STRAIGHT AND LEVEL,DRY,NO DEFECTS,,IMPROPER LANE USAGE,DISTRACTION - FROM INSIDE VEHICLE,,NO INDICATION OF INJURY,17,9,41.9241493042,-87.6677205456,2025,30,POINT (-87.6677205456 41.9241493042),,,,,2025-09-16,False,6,Lincoln Park
14433,30,NO CONTROLS,NO CONTROLS,CLEAR,"DARKNESS, LIGHTED ROAD",PEDALCYCLIST,FOUR WAY,STRAIGHT AND LEVEL,DRY,UNKNOWN,Y,UNABLE TO DETERMINE,NOT APPLICABLE,,NONINCAPACITATING INJURY,18,9,41.9542663162,-87.7143006838,2025,30,POINT (-87.7143006838 41.9542663162),,,,,2025-09-16,False,15,Irving Park
14434,30,NO CONTROLS,NO CONTROLS,CLEAR,DAYLIGHT,PEDALCYCLIST,NOT DIVIDED,STRAIGHT AND LEVEL,DRY,NO DEFECTS,,IMPROPER TURNING/NO SIGNAL,IMPROPER TURNING/NO SIGNAL,,NONINCAPACITATING INJURY,18,9,41.9630780199,-87.635307981,2025,30,POINT (-87.635307981 41.9630780199),,,,,2025-09-16,False,2,Uptown
14435,30,STOP SIGN/FLASHER,OTHER,CLEAR,DUSK,PEDALCYCLIST,FOUR WAY,STRAIGHT AND LEVEL,DRY,NO DEFECTS,Y,UNABLE TO DETERMINE,UNABLE TO DETERMINE,,NO INDICATION OF INJURY,19,9,41.8844461168,-87.6484583685,2025,30,POINT (-87.6484583685 41.8844461168),,,,,2025-09-16,False,27,Near West Side
14436,30,NO CONTROLS,NO CONTROLS,CLEAR,DARKNESS,PEDALCYCLIST,NOT DIVIDED,STRAIGHT AND LEVEL,DRY,NO DEFECTS,,NOT APPLICABLE,NOT APPLICABLE,N,NO INDICATION OF INJURY,21,9,41.8957242519,-87.7010097382,2025,30,POINT (-87.7010097382 41.8957242519),,,,,2025-09-16,False,22,Humboldt Park
14437,30,TRAFFIC SIGNAL,FUNCTIONING PROPERLY,CLEAR,"DARKNESS, LIGHTED ROAD",PEDALCYCLIST,ONE-WAY,STRAIGHT AND LEVEL,DRY,NO DEFECTS,Y,IMPROPER TURNING/NO SIGNAL,TURNING RIGHT ON RED,,NO INDICATION OF INJURY,9,9,41.8843713427,-87.6293076479,2025,30,POINT (-87.6293076479 41.8843713427),,,,,2025-09-17,False,31,Loop
14438,30,OTHER,FUNCTIONING PROPERLY,CLEAR,DAYLIGHT,PEDALCYCLIST,NOT DIVIDED,STRAIGHT AND LEVEL,DRY,NO DEFECTS,,UNABLE TO DETERMINE,NOT APPLICABLE,Y,NONINCAPACITATING INJURY,10,9,41.9033283837,-87.6967442354,2025,30,POINT (-87.6967442354 41.9033283837),,,,,2025-09-17,False,22,Humboldt Park
14439,30,TRAFFIC SIGNAL,UNKNOWN,CLEAR,DAYLIGHT,PEDALCYCLIST,"FIVE POINT, OR MORE",STRAIGHT AND LEVEL,DRY,UNKNOWN,Y,FAILING TO REDUCE SPEED TO AVOID CRASH,NOT APPLICABLE,,NONINCAPACITATING INJURY,13,9,41.9377556764,-87.6490500877,2025,30,POINT (-87.6490500877 41.9377556764),,,,,2025-09-17,False,5,Lake View
14440,30,NO CONTROLS,NO CONTROLS,CLEAR,DAYLIGHT,PEDALCYCLIST,ONE-WAY,STRAIGHT AND LEVEL,DRY,NO DEFECTS,,DRIVING ON WRONG SIDE/WRONG WAY,DRIVING ON WRONG SIDE/WRONG WAY,,NO INDICATION OF INJURY,15,9,41.9592197712,-87.6564159474,2025,30,POINT (-87.6564159474 41.9592197712),,,,,2025-09-17,False,2,Uptown
14441,30,NO CONTROLS,NO CONTROLS,UNKNOWN,UNKNOWN,PEDALCYCLIST,NOT DIVIDED,STRAIGHT AND LEVEL,UNKNOWN,UNKNOWN,,FAILING TO REDUCE SPEED TO AVOID CRASH,NOT APPLICABLE,,NO INDICATION OF INJURY,16,9,41.9100718739,-87.643256738,2025,30,POINT (-87.643256738 41.9100718739),,,,,2025-09-17,False,7,Near North Side
14442,30,NO CONTROLS,NO CONTROLS,CLEAR,DAYLIGHT,PEDALCYCLIST,NOT DIVIDED,STRAIGHT AND LEVEL,DRY,NO DEFECTS,,UNABLE TO DETERMINE,UNABLE TO DETERMINE,N,NONINCAPACITATING INJURY,17,9,41.7053242849,-87.6283735426,2025,30,POINT (-87.6283735426 41.7053242849),,,,,2025-09-17,False,48,Roseland
14443,30,NO CONTROLS,NO CONTROLS,CLEAR,DAYLIGHT,PEDALCYCLIST,DIVIDED - W/MEDIAN (NOT RAISED),STRAIGHT AND LEVEL,DRY,UNKNOWN,,FAILING TO YIELD RIGHT-OF-WAY,FOLLOWING TOO CLOSELY,,"REPORTED, NOT EVIDENT",17,9,41.9121764084,-87.6330104765,2025,30,POINT (-87.6330104765 41.9121764084),,,,,2025-09-17,False,6,Lincoln Park
14444,30,TRAFFIC SIGNAL,FUNCTIONING PROPERLY,CLEAR,DAYLIGHT,PEDALCYCLIST,NOT DIVIDED,STRAIGHT AND LEVEL,DRY,NO DEFECTS,,FAILING TO YIELD RIGHT-OF-WAY,NOT APPLICABLE,Y,"REPORTED, NOT EVIDENT",17,9,41.8553283403,-87.6278217423,2025,30,POINT (-87.6278217423 41.8553283403),,,,,2025-09-17,False,32,Near South Side
14445,30,TRAFFIC SIGNAL,FUNCTIONING PROPERLY,CLEAR,DAYLIGHT,PEDALCYCLIST,"FIVE POINT, OR MORE",STRAIGHT AND LEVEL,DRY,NO DEFECTS,Y,FAILING TO YIELD RIGHT-OF-WAY,"VISION OBSCURED (SIGNS, TREE LIMBS, BUILDINGS, ETC.)",,NONINCAPACITATING INJURY,18,9,41.9388673023,-87.6882996885,2025,30,POINT (-87.6882996885 41.9388673023),,,,,2025-09-17,False,4,North Center
14446,30,NO CONTROLS,NO CONTROLS,CLEAR,DUSK,PEDALCYCLIST,NOT DIVIDED,STRAIGHT AND LEVEL,DRY,UNKNOWN,,UNABLE TO DETERMINE,UNABLE TO DETERMINE,,"REPORTED, NOT EVIDENT",19,9,41.9172171185,-87.6370439858,2025,30,POINT (-87.6370439858 41.9172171185),,,,,2025-09-17,False,6,Lincoln Park
14447,25,UNKNOWN,UNKNOWN,UNKNOWN,UNKNOWN,PEDALCYCLIST,NOT DIVIDED,STRAIGHT AND LEVEL,UNKNOWN,UNKNOWN,,NOT APPLICABLE,NOT APPLICABLE,,NO INDICATION OF INJURY,21,9,41.8985899043,-87.6344236929,2025,25,POINT (-87.6344236929 41.8985899043),,,,,2025-09-17,False,7,Near North Side
14448,30,UNKNOWN,UNKNOWN,CLEAR,DAYLIGHT,PEDALCYCLIST,NOT DIVIDED,STRAIGHT AND LEVEL,DRY,UNKNOWN,,UNABLE TO DETERMINE,UNABLE TO DETERMINE,,NO INDICATION OF INJURY,7,9,41.808312172,-87.6829686351,2025,30,POINT (-87.6829686351 41.808312172),,,,,2025-09-18,False,60,New City
14449,30,NO CONTROLS,NO CONTROLS,CLEAR,DAYLIGHT,PEDALCYCLIST,NOT DIVIDED,STRAIGHT AND LEVEL,DRY,NO DEFECTS,,UNABLE TO DETERMINE,UNABLE TO DETERMINE,,NO INDICATION OF INJURY,8,9,41.9925642148,-87.6983974814,2025,30,POINT (-87.6983974814 41.9925642148),,,,,2025-09-18,False,1,West Ridge
14450,30,TRAFFIC SIGNAL,FUNCTIONING PROPERLY,CLEAR,DAYLIGHT,PEDALCYCLIST,NOT DIVIDED,STRAIGHT AND LEVEL,DRY,NO DEFECTS,,UNABLE TO DETERMINE,UNABLE TO DETERMINE,,NO INDICATION OF INJURY,8,9,41.9609602305,-87.7179761918,2025,30,POINT (-87.7179761918 41.9609602305),,,,,2025-09-18,False,13,Albany Park
14451,30,TRAFFIC SIGNAL,FUNCTIONING PROPERLY,CLEAR,DAYLIGHT,PEDALCYCLIST,FOUR WAY,STRAIGHT AND LEVEL,DRY,UNKNOWN,Y,UNABLE TO DETERMINE,UNABLE TO DETERMINE,N,NONINCAPACITATING INJURY,11,9,41.742009744,-87.741108545,2025,30,POINT (-87.741108545 41.742009744),,,,,2025-09-18,False,69,Ashburn
14452,30,TRAFFIC SIGNAL,FUNCTIONING PROPERLY,CLEAR,DAYLIGHT,PEDALCYCLIST,DIVIDED - W/MEDIAN (NOT RAISED),STRAIGHT AND LEVEL,DRY,NO DEFECTS,Y,TURNING RIGHT ON RED,FAILING TO YIELD RIGHT-OF-WAY,,NONINCAPACITATING INJURY,14,9,41.8471475082,-87.6463393815,2025,30,POINT (-87.6463393815 41.8471475082),,,,,2025-09-18,False,30,Lower West Side
14453,25,NO CONTROLS,NO CONTROLS,CLEAR,DAYLIGHT,PEDALCYCLIST,FOUR WAY,STRAIGHT AND LEVEL,DRY,NO DEFECTS,Y,FAILING TO YIELD RIGHT-OF-WAY,UNABLE TO DETERMINE,,"REPORTED, NOT EVIDENT",15,9,41.7933480594,-87.7207674325,2025,25,POINT (-87.7207674325 41.7933480594),,,,,2025-09-18,False,61,West Elsdon
14454,30,STOP SIGN/FLASHER,FUNCTIONING PROPERLY,CLEAR,DAYLIGHT,PEDALCYCLIST,FOUR WAY,STRAIGHT AND LEVEL,DRY,NO DEFECTS,Y,FAILING TO REDUCE SPEED TO AVOID CRASH,FAILING TO YIELD RIGHT-OF-WAY,,NONINCAPACITATING INJURY,17,9,41.9124382938,-87.6761468189,2025,30,POINT (-87.6761468189 41.9124382938),,,,,2025-09-18,False,6,Lincoln Park
14455,30,TRAFFIC SIGNAL,FUNCTIONING PROPERLY,CLEAR,DAYLIGHT,PEDALCYCLIST,DIVIDED - W/MEDIAN (NOT RAISED),STRAIGHT AND LEVEL,DRY,NO DEFECTS,Y,NOT APPLICABLE,NOT APPLICABLE,,NONINCAPACITATING INJURY,17,9,41.9561262015,-87.7224828263,2025,30,POINT (-87.7224828263 41.9561262015),,,,,2025-09-18,False,15,Irving Park
14456,25,TRAFFIC SIGNAL,FUNCTIONING PROPERLY,CLEAR,DAYLIGHT,PEDALCYCLIST,"FIVE POINT, OR MORE",STRAIGHT AND LEVEL,DRY,UNKNOWN,Y,UNABLE TO DETERMINE,EQUIPMENT - VEHICLE CONDITION,,"REPORTED, NOT EVIDENT",18,9,41.8078782575,-87.7142871977,2025,25,POINT (-87.7142871977 41.8078782575),,,,,2025-09-18,False,56,Archer Heights
14457,30,NO CONTROLS,NO CONTROLS,CLEAR,DAYLIGHT,PEDALCYCLIST,T-INTERSECTION,STRAIGHT AND LEVEL,DRY,NO DEFECTS,,FAILING TO YIELD RIGHT-OF-WAY,NOT APPLICABLE,,"REPORTED, NOT EVIDENT",19,9,41.939099915,-87.7217225826,2025,30,POINT (-87.7217225826 41.939099915),,,,,2025-09-18,False,15,Irving Park
14458,30,STOP SIGN/FLASHER,FUNCTIONING PROPERLY,CLEAR,"DARKNESS, LIGHTED ROAD",PEDALCYCLIST,NOT DIVIDED,STRAIGHT AND LEVEL,DRY,NO DEFECTS,,FAILING TO YIELD RIGHT-OF-WAY,NOT APPLICABLE,,"REPORTED, NOT EVIDENT",19,9,41.7755394676,-87.6796155599,2025,30,POINT (-87.6796155599 41.7755394676),,,,,2025-09-18,False,65,Chicago Lawn
14459,15,NO CONTROLS,NO CONTROLS,CLEAR,DAYLIGHT,PEDALCYCLIST,ALLEY,STRAIGHT AND LEVEL,DRY,NO DEFECTS,,UNABLE TO DETERMINE,UNABLE TO DETERMINE,,NO INDICATION OF INJURY,6,9,41.8147445587,-87.6857315949,2025,15,POINT (-87.6857315949 41.8147445587),,,,,2025-09-19,False,57,Brighton Park
14460,30,NO CONTROLS,NO CONTROLS,CLEAR,DAYLIGHT,PEDALCYCLIST,ONE-WAY,STRAIGHT AND LEVEL,DRY,NO DEFECTS,,UNABLE TO DETERMINE,NOT APPLICABLE,,NONINCAPACITATING INJURY,8,9,41.9263864144,-87.7536195857,2025,30,POINT (-87.7536195857 41.9263864144),,,,,2025-09-19,False,18,Belmont Cragin
14461,30,UNKNOWN,UNKNOWN,CLEAR,DAYLIGHT,PEDALCYCLIST,NOT DIVIDED,STRAIGHT AND LEVEL,DRY,NO DEFECTS,,UNABLE TO DETERMINE,UNABLE TO DETERMINE,Y,"REPORTED, NOT EVIDENT",8,9,41.9043800284,-87.6774377054,2025,30,POINT (-87.6774377054 41.9043800284),,,,,2025-09-19,False,23,West Town