Unnamed: 0,POSTED_SPEED_LIMIT,TRAFFIC_CONTROL_DEVICE,DEVICE_CONDITION,WEATHER_CONDITION,LIGHTING_CONDITION,FIRST_CRASH_TYPE,TRAFFICWAY_TYPE,ALIGNMENT,ROADWAY_SURFACE_COND,ROAD_DEFECT,INTERSECTION_RELATED_I,PRIM_CONTRIBUTORY_CAUSE,SEC_CONTRIBUTORY_CAUSE,DOORING_I,MOST_SEVERE_INJURY,CRASH_HOUR,CRASH_MONTH,LATITUDE,LONGITUDE,CRASH_YEAR,SPEED_LIMIT,geometry,DISPLAYROU,the_geom,DIST,LANE_TYPE,CRASH_DATE,is_severe,index_right,CArea
14462,30,TRAFFIC SIGNAL,FUNCTIONING PROPERLY,CLEAR,DAYLIGHT,PEDALCYCLIST,FOUR WAY,STRAIGHT AND LEVEL,DRY,NO DEFECTS,Y,FAILING TO YIELD RIGHT-OF-WAY,NOT APPLICABLE,,NONINCAPACITATING INJURY,10,9,41.9829033459,-87.7285813391,2025,30,POINT (-87.7285813391 41.9829033459),,,,,2025-09-19,False,11,Forest Glen
14463,30,NO CONTROLS,NO CONTROLS,CLEAR,DAYLIGHT,PEDALCYCLIST,NOT DIVIDED,STRAIGHT AND LEVEL,DRY,NO DEFECTS,,FAILING TO YIELD RIGHT-OF-WAY,IMPROPER TURNING/NO SIGNAL,,NO INDICATION OF INJURY,11,9,41.8006767048,-87.7062687011,2025,30,POINT (-87.7062687011 41.8006767048),,,,,2025-09-19,False,62,Gage Park
14464,30,TRAFFIC SIGNAL,FUNCTIONING PROPERLY,CLEAR,DAYLIGHT,PEDALCYCLIST,NOT DIVIDED,STRAIGHT AND LEVEL,DRY,NO DEFECTS,Y,UNABLE TO DETERMINE,UNABLE TO DETERMINE,,NONINCAPACITATING INJURY,11,9,41.9468126469,-87.6741150178,2025,30,POINT (-87.6741150178 41.9468126469),,,,,2025-09-19,False,4,North Center
14465,30,OTHER,OTHER,CLEAR,DAYLIGHT,PEDALCYCLIST,NOT DIVIDED,STRAIGHT AND LEVEL,DRY,NO DEFECTS,,UNABLE TO DETERMINE,NOT APPLICABLE,,INCAPACITATING INJURY,13,9,41.9535434773,-87.6443005968,2025,30,POINT (-87.6443005968 41.9535434773),,,,,2025-09-19,True,5,Lake View
14466,20,STOP SIGN/FLASHER,FUNCTIONING PROPERLY,CLEAR,DAYLIGHT,PEDALCYCLIST,T-INTERSECTION,STRAIGHT AND LEVEL,DRY,NO DEFECTS,Y,UNABLE TO DETERMINE,UNABLE TO DETERMINE,,NO INDICATION OF INJURY,15,9,41.8479698973,-87.7113805243,2025,20,POINT (-87.7113805243 41.8479698973),,,,,2025-09-19,False,28,North Lawndale
14467,30,NO CONTROLS,NO CONTROLS,CLEAR,DAYLIGHT,PEDALCYCLIST,NOT DIVIDED,STRAIGHT AND LEVEL,DRY,NO DEFECTS,,DRIVING SKILLS/KNOWLEDGE/EXPERIENCE,NOT APPLICABLE,,NO INDICATION OF INJURY,15,9,41.8483520422,-87.6856819345,2025,30,POINT (-87.6856819345 41.8483520422),,,,,2025-09-19,False,30,Lower West Side
14468,30,NO CONTROLS,NO CONTROLS,CLEAR,DAYLIGHT,PEDALCYCLIST,NOT DIVIDED,STRAIGHT AND LEVEL,DRY,NO DEFECTS,,IMPROPER OVERTAKING/PASSING,FAILING TO YIELD RIGHT-OF-WAY,,NONINCAPACITATING INJURY,16,9,41.8519640291,-87.6988296639,2025,30,POINT (-87.6988296639 41.8519640291),,,,,2025-09-19,False,28,North Lawndale
14469,30,TRAFFIC SIGNAL,FUNCTIONING PROPERLY,CLEAR,DAYLIGHT,PEDALCYCLIST,NOT DIVIDED,STRAIGHT AND LEVEL,DRY,OTHER,Y,FAILING TO YIELD RIGHT-OF-WAY,NOT APPLICABLE,,"REPORTED, NOT EVIDENT",16,9,41.9759780821,-87.6920592931,2025,30,POINT (-87.6920592931 41.9759780821),,,,,2025-09-19,False,3,Lincoln Square
14470,30,UNKNOWN,UNKNOWN,CLEAR,DAYLIGHT,PEDALCYCLIST,NOT DIVIDED,STRAIGHT AND LEVEL,UNKNOWN,UNKNOWN,,UNABLE TO DETERMINE,UNABLE TO DETERMINE,,NONINCAPACITATING INJURY,17,9,42.01146046,-87.6745934517,2025,30,POINT (-87.6745934517 42.01146046),,,,,2025-09-19,False,0,Rogers Park
14471,15,STOP SIGN/FLASHER,FUNCTIONING PROPERLY,CLEAR,DAYLIGHT,PEDALCYCLIST,NOT DIVIDED,STRAIGHT AND LEVEL,DRY,UNKNOWN,Y,FAILING TO YIELD RIGHT-OF-WAY,NOT APPLICABLE,N,"REPORTED, NOT EVIDENT",18,9,41.9127257832,-87.7811195738,2025,15,POINT (-87.7811195738 41.9127257832),,,,,2025-09-19,False,24,Austin
14472,30,TRAFFIC SIGNAL,FUNCTIONING PROPERLY,CLEAR,DAYLIGHT,PEDALCYCLIST,NOT DIVIDED,STRAIGHT AND LEVEL,DRY,NO DEFECTS,N,IMPROPER OVERTAKING/PASSING,IMPROPER OVERTAKING/PASSING,N,NONINCAPACITATING INJURY,18,9,41.9170572416,-87.7264950869,2025,30,POINT (-87.7264950869 41.9170572416),,,,,2025-09-19,False,19,Hermosa
14473,30,NO CONTROLS,NO CONTROLS,CLEAR,DAYLIGHT,PEDALCYCLIST,DIVIDED - W/MEDIAN (NOT RAISED),STRAIGHT AND LEVEL,DRY,NO DEFECTS,,NOT APPLICABLE,NOT APPLICABLE,,"REPORTED, NOT EVIDENT",18,9,41.9057762555,-87.697096188,2025,30,POINT (-87.697096188 41.9057762555),,,,,2025-09-19,False,22,Humboldt Park
14474,30,UNKNOWN,UNKNOWN,CLEAR,"DARKNESS, LIGHTED ROAD",PEDALCYCLIST,NOT DIVIDED,STRAIGHT AND LEVEL,UNKNOWN,UNKNOWN,,UNABLE TO DETERMINE,NOT APPLICABLE,,NONINCAPACITATING INJURY,19,9,41.9389735115,-87.7280682776,2025,30,POINT (-87.7280682776 41.9389735115),,,,,2025-09-19,False,15,Irving Park
14475,30,TRAFFIC SIGNAL,FUNCTIONING PROPERLY,CLEAR,"DARKNESS, LIGHTED ROAD",PEDALCYCLIST,FOUR WAY,STRAIGHT AND LEVEL,DRY,NO DEFECTS,Y,FAILING TO YIELD RIGHT-OF-WAY,UNABLE TO DETERMINE,,NONINCAPACITATING INJURY,23,9,41.8103461274,-87.6651655862,2025,30,POINT (-87.6651655862 41.8103461274),,,,,2025-09-19,False,60,New City
14476,30,NO CONTROLS,NO CONTROLS,CLEAR,"DARKNESS, LIGHTED ROAD",PEDALCYCLIST,DIVIDED - W/MEDIAN (NOT RAISED),STRAIGHT AND LEVEL,DRY,NO DEFECTS,,DRIVING ON WRONG SIDE/WRONG WAY,DRIVING ON WRONG SIDE/WRONG WAY,,NO INDICATION OF INJURY,0,9,41.9401016413,-87.6484688648,2025,30,POINT (-87.6484688648 41.9401016413),,,,,2025-09-20,False,5,Lake View
14477,30,UNKNOWN,UNKNOWN,UNKNOWN,DAYLIGHT,PEDALCYCLIST,NOT DIVIDED,STRAIGHT AND LEVEL,UNKNOWN,UNKNOWN,,UNABLE TO DETERMINE,UNABLE TO DETERMINE,Y,NONINCAPACITATING INJURY,12,9,41.9687291962,-87.672756985,2025,30,POINT (-87.672756985 41.9687291962),,,,,2025-09-20,False,2,Uptown
14478,30,UNKNOWN,UNKNOWN,UNKNOWN,DAYLIGHT,PEDALCYCLIST,UNKNOWN,STRAIGHT AND LEVEL,UNKNOWN,UNKNOWN,,UNABLE TO DETERMINE,UNABLE TO DETERMINE,,NONINCAPACITATING INJURY,14,9,41.9744179638,-87.7817215497,2025,30,POINT (-87.7817215497 41.9744179638),,,,,2025-09-20,False,10,Jefferson Park
14479,30,TRAFFIC SIGNAL,FUNCTIONING PROPERLY,CLEAR,DAYLIGHT,PEDALCYCLIST,NOT DIVIDED,STRAIGHT AND LEVEL,DRY,UNKNOWN,,UNABLE TO DETERMINE,NOT APPLICABLE,,NONINCAPACITATING INJURY,15,9,41.9250380064,-87.678047191,2025,30,POINT (-87.678047191 41.9250380064),,,,,2025-09-20,False,6,Lincoln Park
14480,30,NO CONTROLS,NO CONTROLS,CLEAR,DAYLIGHT,PEDALCYCLIST,NOT DIVIDED,STRAIGHT AND LEVEL,DRY,NO DEFECTS,,UNABLE TO DETERMINE,NOT APPLICABLE,,NO INDICATION OF INJURY,15,9,41.8961983286,-87.6526797277,2025,30,POINT (-87.6526797277 41.8961983286),,,,,2025-09-20,False,7,Near North Side
14481,30,NO CONTROLS,NO CONTROLS,CLEAR,DAYLIGHT,PEDALCYCLIST,NOT DIVIDED,STRAIGHT AND LEVEL,DRY,NO DEFECTS,,UNABLE TO DETERMINE,UNABLE TO DETERMINE,Y,"REPORTED, NOT EVIDENT",15,9,41.9681046544,-87.730537781,2025,30,POINT (-87.730537781 41.9681046544),,,,,2025-09-20,False,11,Forest Glen
14482,30,NO CONTROLS,NO CONTROLS,CLEAR,DAYLIGHT,PEDALCYCLIST,NOT DIVIDED,STRAIGHT AND LEVEL,DRY,NO DEFECTS,,FAILING TO REDUCE SPEED TO AVOID CRASH,UNABLE TO DETERMINE,,INCAPACITATING INJURY,16,9,41.853080276,-87.6845234805,2025,30,POINT (-87.6845234805 41.853080276),,,,,2025-09-20,True,30,Lower West Side
14483,30,TRAFFIC SIGNAL,FUNCTIONING PROPERLY,CLEAR,"DARKNESS, LIGHTED ROAD",PEDALCYCLIST,NOT DIVIDED,STRAIGHT AND LEVEL,WET,NO DEFECTS,Y,FAILING TO REDUCE SPEED TO AVOID CRASH,NOT APPLICABLE,,NONINCAPACITATING INJURY,22,9,41.8669015974,-87.6405682481,2025,30,POINT (-87.6405682481 41.8669015974),,,,,2025-09-20,False,27,Near West Side
14484,30,STOP SIGN/FLASHER,NO CONTROLS,CLEAR,DARKNESS,PEDALCYCLIST,NOT DIVIDED,STRAIGHT AND LEVEL,DRY,NO DEFECTS,,UNABLE TO DETERMINE,NOT APPLICABLE,,"REPORTED, NOT EVIDENT",22,9,41.8522487098,-87.678172723,2025,30,POINT (-87.678172723 41.8522487098),,,,,2025-09-20,False,30,Lower West Side
14485,30,NO CONTROLS,NO CONTROLS,CLEAR,"DARKNESS, LIGHTED ROAD",PEDALCYCLIST,NOT DIVIDED,STRAIGHT AND LEVEL,DRY,NO DEFECTS,,UNABLE TO DETERMINE,NOT APPLICABLE,,NONINCAPACITATING INJURY,22,9,41.9176779054,-87.6873125753,2025,30,POINT (-87.6873125753 41.9176779054),,,,,2025-09-20,False,21,Logan Square
14486,20,STOP SIGN/FLASHER,NO CONTROLS,CLEAR,DAYLIGHT,PEDALCYCLIST,ONE-WAY,STRAIGHT AND LEVEL,WET,NO DEFECTS,,FAILING TO YIELD RIGHT-OF-WAY,FAILING TO YIELD RIGHT-OF-WAY,Y,INCAPACITATING INJURY,11,9,41.7512923702,-87.5941242144,2025,20,POINT (-87.5941242144 41.7512923702),,,,,2025-09-21,True,44,Avalon Park
14487,30,NO CONTROLS,NO CONTROLS,CLEAR,DAYLIGHT,PEDALCYCLIST,DIVIDED - W/MEDIAN (NOT RAISED),STRAIGHT AND LEVEL,DRY,NO DEFECTS,,FAILING TO YIELD RIGHT-OF-WAY,NOT APPLICABLE,,NO INDICATION OF INJURY,13,9,41.9471722395,-87.7079836175,2025,30,POINT (-87.7079836175 41.9471722395),,,,,2025-09-21,False,15,Irving Park
14488,30,TRAFFIC SIGNAL,FUNCTIONING PROPERLY,CLEAR,DAYLIGHT,PEDALCYCLIST,NOT DIVIDED,STRAIGHT AND LEVEL,DRY,NO DEFECTS,,IMPROPER LANE USAGE,IMPROPER LANE USAGE,,NO INDICATION OF INJURY,8,9,41.9253369923,-87.658602068,2025,30,POINT (-87.658602068 41.9253369923),,,,,2025-09-22,False,6,Lincoln Park
14489,30,NO CONTROLS,NO CONTROLS,CLEAR,DAYLIGHT,PEDALCYCLIST,OTHER,STRAIGHT AND LEVEL,DRY,NO DEFECTS,,UNABLE TO DETERMINE,UNABLE TO DETERMINE,,NO INDICATION OF INJURY,10,9,41.7951850161,-87.5805977717,2025,30,POINT (-87.5805977717 41.7951850161),,,,,2025-09-22,False,40,Hyde Park
14490,30,NO CONTROLS,NO CONTROLS,CLEAR,DAYLIGHT,PEDALCYCLIST,DRIVEWAY,STRAIGHT AND LEVEL,DRY,NO DEFECTS,,FAILING TO YIELD RIGHT-OF-WAY,UNABLE TO DETERMINE,,NO INDICATION OF INJURY,11,9,41.8589516755,-87.6603964152,2025,30,POINT (-87.6603964152 41.8589516755),,,,,2025-09-22,False,27,Near West Side
14491,30,TRAFFIC SIGNAL,FUNCTIONING PROPERLY,CLEAR,DAYLIGHT,PEDALCYCLIST,FOUR WAY,STRAIGHT AND LEVEL,DRY,NO DEFECTS,Y,FAILING TO YIELD RIGHT-OF-WAY,IMPROPER LANE USAGE,,NONINCAPACITATING INJURY,12,9,41.8672630984,-87.646972686,2025,30,POINT (-87.646972686 41.8672630984),,,,,2025-09-22,False,27,Near West Side
14492,25,TRAFFIC SIGNAL,FUNCTIONING PROPERLY,CLEAR,DAYLIGHT,PEDALCYCLIST,DIVIDED - W/MEDIAN (NOT RAISED),STRAIGHT AND LEVEL,DRY,NO DEFECTS,,UNABLE TO DETERMINE,NOT APPLICABLE,,"REPORTED, NOT EVIDENT",12,9,41.8893146534,-87.6315760686,2025,25,POINT (-87.6315760686 41.8893146534),,,,,2025-09-22,False,7,Near North Side
14493,10,NO CONTROLS,NO CONTROLS,CLEAR,DAYLIGHT,PEDALCYCLIST,PARKING LOT,STRAIGHT AND LEVEL,DRY,NO DEFECTS,,UNABLE TO DETERMINE,NOT APPLICABLE,,"REPORTED, NOT EVIDENT",15,9,41.9981102252,-87.6746174481,2025,10,POINT (-87.6746174481 41.9981102252),,,,,2025-09-22,False,0,Rogers Park
14494,30,NO CONTROLS,NO CONTROLS,CLEAR,DAYLIGHT,PEDALCYCLIST,ALLEY,STRAIGHT AND LEVEL,DRY,NO DEFECTS,,DRIVING SKILLS/KNOWLEDGE/EXPERIENCE,DRIVING SKILLS/KNOWLEDGE/EXPERIENCE,,"REPORTED, NOT EVIDENT",16,9,41.8003414792,-87.6064981445,2025,30,POINT (-87.6064981445 41.8003414792),,,,,2025-09-22,False,39,Washington Park
14495,30,TRAFFIC SIGNAL,FUNCTIONING PROPERLY,CLEAR,DAYLIGHT,PEDALCYCLIST,NOT DIVIDED,STRAIGHT AND LEVEL,DRY,NO DEFECTS,,FAILING TO YIELD RIGHT-OF-WAY,IMPROPER TURNING/NO SIGNAL,,"REPORTED, NOT EVIDENT",17,9,41.8234414328,-87.6386742639,2025,30,POINT (-87.6386742639 41.8234414328),,,,,2025-09-22,False,59,Bridgeport
14496,30,NO CONTROLS,NO CONTROLS,CLEAR,DAYLIGHT,PEDALCYCLIST,FOUR WAY,STRAIGHT AND LEVEL,DRY,UNKNOWN,Y,IMPROPER TURNING/NO SIGNAL,NOT APPLICABLE,,NO INDICATION OF INJURY,17,9,41.9170691133,-87.7438185051,2025,30,POINT (-87.7438185051 41.9170691133),,,,,2025-09-22,False,18,Belmont Cragin
14497,20,NO CONTROLS,NO CONTROLS,CLEAR,DAYLIGHT,PEDALCYCLIST,NOT DIVIDED,STRAIGHT AND LEVEL,DRY,NO DEFECTS,,FOLLOWING TOO CLOSELY,UNABLE TO DETERMINE,,NO INDICATION OF INJURY,17,9,41.9628474328,-87.6788684554,2025,20,POINT (-87.6788684554 41.9628474328),,,,,2025-09-22,False,3,Lincoln Square
14498,30,NO CONTROLS,NO CONTROLS,UNKNOWN,DUSK,PEDALCYCLIST,DIVIDED - W/MEDIAN (NOT RAISED),STRAIGHT AND LEVEL,UNKNOWN,UNKNOWN,,"OPERATING VEHICLE IN ERRATIC, RECKLESS, CARELESS, NEGLIGENT OR AGGRESSIVE MANNER",FAILING TO REDUCE SPEED TO AVOID CRASH,,NO INDICATION OF INJURY,18,9,41.9251419596,-87.6774247157,2025,30,POINT (-87.6774247157 41.9251419596),,,,,2025-09-22,False,6,Lincoln Park
14499,20,NO CONTROLS,NO CONTROLS,CLEAR,DUSK,PEDALCYCLIST,NOT DIVIDED,STRAIGHT AND LEVEL,DRY,NO DEFECTS,,UNABLE TO DETERMINE,NOT APPLICABLE,,INCAPACITATING INJURY,19,9,41.9599873171,-87.6374687226,2025,20,POINT (-87.6374687226 41.9599873171),,,,,2025-09-22,True,2,Uptown
14500,30,NO CONTROLS,NO CONTROLS,CLEAR,"DARKNESS, LIGHTED ROAD",PEDALCYCLIST,NOT DIVIDED,STRAIGHT AND LEVEL,DRY,NO DEFECTS,,UNABLE TO DETERMINE,UNABLE TO DETERMINE,,NO INDICATION OF INJURY,19,9,41.9012475077,-87.6634265896,2025,30,POINT (-87.6634265896 41.9012475077),,,,,2025-09-22,False,23,West Town
14501,30,NO CONTROLS,NO CONTROLS,CLEAR,DAYLIGHT,PEDALCYCLIST,DIVIDED - W/MEDIAN (NOT RAISED),STRAIGHT AND LEVEL,DRY,NO DEFECTS,,NOT APPLICABLE,NOT APPLICABLE,N,NONINCAPACITATING INJURY,8,9,41.9654811695,-87.7082352995,2025,30,POINT (-87.7082352995 41.9654811695),,,,,2025-09-23,False,13,Albany Park
14502,30,TRAFFIC SIGNAL,FUNCTIONING PROPERLY,CLEAR,DAYLIGHT,PEDALCYCLIST,FOUR WAY,STRAIGHT AND LEVEL,DRY,NO DEFECTS,,FAILING TO YIELD RIGHT-OF-WAY,UNABLE TO DETERMINE,,NONINCAPACITATING INJURY,12,9,41.9981023292,-87.6652547957,2025,30,POINT (-87.6652547957 41.9981023292),,,,,2025-09-23,False,0,Rogers Park
14503,30,TRAFFIC SIGNAL,FUNCTIONING PROPERLY,CLEAR,DAYLIGHT,PEDALCYCLIST,NOT DIVIDED,STRAIGHT AND LEVEL,DRY,NO DEFECTS,,DISREGARDING TRAFFIC SIGNALS,NOT APPLICABLE,,NO INDICATION OF INJURY,12,9,41.867377773,-87.6242830157,2025,30,POINT (-87.6242830157 41.867377773),,,,,2025-09-23,False,31,Loop
14504,20,TRAFFIC SIGNAL,FUNCTIONING PROPERLY,CLEAR,DAYLIGHT,PEDALCYCLIST,NOT DIVIDED,STRAIGHT AND LEVEL,DRY,NO DEFECTS,Y,FAILING TO YIELD RIGHT-OF-WAY,FAILING TO YIELD RIGHT-OF-WAY,,NONINCAPACITATING INJURY,12,9,41.9238522215,-87.7755693877,2025,20,POINT (-87.7755693877 41.9238522215),,,,,2025-09-23,False,18,Belmont Cragin
14505,30,NO CONTROLS,NO CONTROLS,CLEAR,DAYLIGHT,PEDALCYCLIST,NOT DIVIDED,STRAIGHT AND LEVEL,DRY,UNKNOWN,Y,FAILING TO YIELD RIGHT-OF-WAY,FAILING TO YIELD RIGHT-OF-WAY,,NONINCAPACITATING INJURY,14,9,41.9687458116,-87.6876276554,2025,30,POINT (-87.6876276554 41.9687458116),,,,,2025-09-23,False,3,Lincoln Square
14506,30,NO CONTROLS,NO CONTROLS,CLEAR,DAYLIGHT,PEDALCYCLIST,NOT DIVIDED,STRAIGHT AND LEVEL,DRY,NO DEFECTS,,FAILING TO YIELD RIGHT-OF-WAY,UNABLE TO DETERMINE,,"REPORTED, NOT EVIDENT",15,9,41.9687784793,-87.6851136475,2025,30,POINT (-87.6851136475 41.9687784793),,,,,2025-09-23,False,3,Lincoln Square
14507,30,UNKNOWN,UNKNOWN,CLEAR,"DARKNESS, LIGHTED ROAD",PEDALCYCLIST,NOT DIVIDED,STRAIGHT AND LEVEL,UNKNOWN,UNKNOWN,,UNABLE TO DETERMINE,UNABLE TO DETERMINE,,NO INDICATION OF INJURY,22,9,41.9106553277,-87.6590174223,2025,30,POINT (-87.6590174223 41.9106553277),,,,,2025-09-23,False,7,Near North Side
14508,30,NO CONTROLS,NO CONTROLS,CLEAR,DAYLIGHT,PEDALCYCLIST,DIVIDED - W/MEDIAN (NOT RAISED),STRAIGHT AND LEVEL,DRY,NO DEFECTS,,FAILING TO YIELD RIGHT-OF-WAY,UNABLE TO DETERMINE,,NONINCAPACITATING INJURY,8,9,41.9389056831,-87.7330419278,2025,30,POINT (-87.7330419278 41.9389056831),,,,,2025-09-24,False,15,Irving Park
14509,35,TRAFFIC SIGNAL,UNKNOWN,CLOUDY/OVERCAST,DAYLIGHT,PEDALCYCLIST,NOT DIVIDED,STRAIGHT AND LEVEL,UNKNOWN,UNKNOWN,,IMPROPER BACKING,NOT APPLICABLE,,NONINCAPACITATING INJURY,14,9,41.8843661098,-87.6559791859,2025,35,POINT (-87.6559791859 41.8843661098),,,,,2025-09-24,False,27,Near West Side
14510,25,STOP SIGN/FLASHER,FUNCTIONING PROPERLY,CLEAR,DAYLIGHT,PEDALCYCLIST,NOT DIVIDED,STRAIGHT AND LEVEL,DRY,NO DEFECTS,,FAILING TO REDUCE SPEED TO AVOID CRASH,NOT APPLICABLE,,NO INDICATION OF INJURY,15,9,41.7907697352,-87.774374809,2025,25,POINT (-87.774374809 41.7907697352),,,,,2025-09-24,False,55,Garfield Ridge
14511,30,NO CONTROLS,NO CONTROLS,CLEAR,DAYLIGHT,PEDALCYCLIST,NOT DIVIDED,STRAIGHT AND LEVEL,DRY,NO DEFECTS,,FAILING TO YIELD RIGHT-OF-WAY,UNABLE TO DETERMINE,,NONINCAPACITATING INJURY,16,9,41.9565685474,-87.712848785,2025,30,POINT (-87.712848785 41.9565685474),,,,,2025-09-24,False,15,Irving Park
14512,30,STOP SIGN/FLASHER,NO CONTROLS,CLEAR,DAYLIGHT,PEDALCYCLIST,ONE-WAY,STRAIGHT AND LEVEL,DRY,NO DEFECTS,Y,FAILING TO REDUCE SPEED TO AVOID CRASH,NOT APPLICABLE,,INCAPACITATING INJURY,16,9,41.9703717278,-87.7074554099,2025,30,POINT (-87.7074554099 41.9703717278),,,,,2025-09-24,True,13,Albany Park
14513,30,UNKNOWN,UNKNOWN,CLEAR,DAYLIGHT,PEDALCYCLIST,DIVIDED - W/MEDIAN (NOT RAISED),STRAIGHT AND LEVEL,UNKNOWN,UNKNOWN,,FAILING TO YIELD RIGHT-OF-WAY,NOT APPLICABLE,,NONINCAPACITATING INJURY,17,9,41.86888416,-87.6393925403,2025,30,POINT (-87.6393925403 41.86888416),,,,,2025-09-24,False,27,Near West Side
14514,15,NO CONTROLS,NO CONTROLS,CLEAR,DAYLIGHT,PEDALCYCLIST,ALLEY,STRAIGHT AND LEVEL,DRY,NO DEFECTS,,FAILING TO REDUCE SPEED TO AVOID CRASH,NOT APPLICABLE,,NO INDICATION OF INJURY,18,9,41.8933241067,-87.7702327611,2025,15,POINT (-87.7702327611 41.8933241067),,,,,2025-09-24,False,24,Austin
14515,30,STOP SIGN/FLASHER,OTHER,CLEAR,"DARKNESS, LIGHTED ROAD",PEDALCYCLIST,OTHER,STRAIGHT AND LEVEL,DRY,UNKNOWN,,DRIVING ON WRONG SIDE/WRONG WAY,NOT APPLICABLE,,"REPORTED, NOT EVIDENT",20,9,41.9094212744,-87.7534470114,2025,30,POINT (-87.7534470114 41.9094212744),,,,,2025-09-24,False,24,Austin
14516,20,NO CONTROLS,NO CONTROLS,CLEAR,DAYLIGHT,PEDALCYCLIST,PARKING LOT,STRAIGHT AND LEVEL,DRY,NO DEFECTS,,UNABLE TO DETERMINE,NOT APPLICABLE,,NONINCAPACITATING INJURY,7,9,41.93872475,-87.7462414814,2025,20,POINT (-87.7462414814 41.93872475),,,,,2025-09-25,False,14,Portage Park
14517,30,UNKNOWN,FUNCTIONING PROPERLY,CLEAR,DAYLIGHT,PEDALCYCLIST,NOT DIVIDED,STRAIGHT AND LEVEL,DRY,NO DEFECTS,Y,FAILING TO YIELD RIGHT-OF-WAY,FAILING TO YIELD RIGHT-OF-WAY,,NONINCAPACITATING INJURY,7,9,41.721063603,-87.6655204183,2025,30,POINT (-87.6655204183 41.721063603),,,,,2025-09-25,False,71,Beverly
14518,30,TRAFFIC SIGNAL,FUNCTIONING PROPERLY,CLEAR,DAYLIGHT,PEDALCYCLIST,FOUR WAY,STRAIGHT AND LEVEL,DRY,NO DEFECTS,Y,UNABLE TO DETERMINE,UNABLE TO DETERMINE,,NO INDICATION OF INJURY,8,9,41.7934783622,-87.6744262209,2025,30,POINT (-87.6744262209 41.7934783622),,,,,2025-09-25,False,66,Englewood
14519,30,NO CONTROLS,NO CONTROLS,CLEAR,DAYLIGHT,PEDALCYCLIST,NOT DIVIDED,STRAIGHT AND LEVEL,DRY,NO DEFECTS,,RELATED TO BUS STOP,NOT APPLICABLE,,"REPORTED, NOT EVIDENT",9,9,41.8781725716,-87.6470997356,2025,30,POINT (-87.6470997356 41.8781725716),,,,,2025-09-25,False,27,Near West Side
14520,25,TRAFFIC SIGNAL,FUNCTIONING PROPERLY,CLEAR,DAYLIGHT,PEDALCYCLIST,FOUR WAY,STRAIGHT AND LEVEL,DRY,NO DEFECTS,Y,FAILING TO YIELD RIGHT-OF-WAY,NOT APPLICABLE,,"REPORTED, NOT EVIDENT",11,9,41.8907818776,-87.6371577369,2025,25,POINT (-87.6371577369 41.8907818776),,,,,2025-09-25,False,7,Near North Side
14521,30,OTHER,FUNCTIONING PROPERLY,CLEAR,DAYLIGHT,PEDALCYCLIST,DIVIDED - W/MEDIAN (NOT RAISED),STRAIGHT AND LEVEL,DRY,NO DEFECTS,Y,UNABLE TO DETERMINE,NOT APPLICABLE,,NONINCAPACITATING INJURY,14,9,41.9172774319,-87.6668577827,2025,30,POINT (-87.6668577827 41.9172774319),,,,,2025-09-25,False,6,Lincoln Park
14522,30,NO CONTROLS,NO CONTROLS,CLEAR,DAYLIGHT,PEDALCYCLIST,NOT DIVIDED,STRAIGHT AND LEVEL,DRY,NO DEFECTS,,FAILING TO REDUCE SPEED TO AVOID CRASH,UNABLE TO DETERMINE,Y,NO INDICATION OF INJURY,15,9,41.9399262189,-87.644809327,2025,30,POINT (-87.644809327 41.9399262189),,,,,2025-09-25,False,5,Lake View
14523,25,STOP SIGN/FLASHER,FUNCTIONING PROPERLY,CLEAR,DAYLIGHT,PEDALCYCLIST,ONE-WAY,STRAIGHT AND LEVEL,DRY,UNKNOWN,Y,UNABLE TO DETERMINE,UNABLE TO DETERMINE,,NO INDICATION OF INJURY,16,9,41.9118803295,-87.7191993794,2025,25,POINT (-87.7191993794 41.9118803295),,,,,2025-09-25,False,22,Humboldt Park
14524,30,TRAFFIC SIGNAL,FUNCTIONING PROPERLY,CLEAR,DAYLIGHT,PEDALCYCLIST,NOT DIVIDED,STRAIGHT AND LEVEL,DRY,NO DEFECTS,,FAILING TO YIELD RIGHT-OF-WAY,FAILING TO YIELD RIGHT-OF-WAY,,"REPORTED, NOT EVIDENT",17,9,41.8671431598,-87.6392931741,2025,30,POINT (-87.6392931741 41.8671431598),,,,,2025-09-25,False,27,Near West Side
14525,25,TRAFFIC SIGNAL,FUNCTIONING PROPERLY,CLEAR,"DARKNESS, LIGHTED ROAD",PEDALCYCLIST,NOT DIVIDED,STRAIGHT AND LEVEL,DRY,NO DEFECTS,,IMPROPER LANE USAGE,FAILING TO YIELD RIGHT-OF-WAY,,NONINCAPACITATING INJURY,19,9,41.8696157979,-87.6511621833,2025,25,POINT (-87.6511621833 41.8696157979),,,,,2025-09-25,False,27,Near West Side
14526,30,NO CONTROLS,NO CONTROLS,CLEAR,DAYLIGHT,PEDALCYCLIST,DIVIDED - W/MEDIAN BARRIER,STRAIGHT AND LEVEL,DRY,NO DEFECTS,,IMPROPER BACKING,IMPROPER BACKING,,NONINCAPACITATING INJURY,7,9,41.7643097391,-87.5651941594,2025,30,POINT (-87.5651941594 41.7643097391),,,,,2025-09-26,False,42,South Shore
14527,30,NO CONTROLS,NO CONTROLS,CLEAR,DAYLIGHT,PEDALCYCLIST,NOT DIVIDED,STRAIGHT AND LEVEL,DRY,NO DEFECTS,,UNABLE TO DETERMINE,NOT APPLICABLE,Y,"REPORTED, NOT EVIDENT",12,9,41.9282544532,-87.7079670737,2025,30,POINT (-87.7079670737 41.9282544532),,,,,2025-09-26,False,21,Logan Square