Unnamed: 0,POSTED_SPEED_LIMIT,TRAFFIC_CONTROL_DEVICE,DEVICE_CONDITION,WEATHER_CONDITION,LIGHTING_CONDITION,FIRST_CRASH_TYPE,TRAFFICWAY_TYPE,ALIGNMENT,ROADWAY_SURFACE_COND,ROAD_DEFECT,INTERSECTION_RELATED_I,PRIM_CONTRIBUTORY_CAUSE,SEC_CONTRIBUTORY_CAUSE,DOORING_I,MOST_SEVERE_INJURY,CRASH_HOUR,CRASH_MONTH,LATITUDE,LONGITUDE,CRASH_YEAR,SPEED_LIMIT,geometry,DISPLAYROU,the_geom,DIST,LANE_TYPE,CRASH_DATE,is_severe,index_right,CArea
14528,30,STOP SIGN/FLASHER,FUNCTIONING PROPERLY,CLEAR,DAYLIGHT,PEDALCYCLIST,FOUR WAY,STRAIGHT AND LEVEL,DRY,NO DEFECTS,Y,FAILING TO YIELD RIGHT-OF-WAY,NOT APPLICABLE,,INCAPACITATING INJURY,13,9,41.8844727367,-87.6534222288,2025,30,POINT (-87.6534222288 41.8844727367),,,,,2025-09-26,True,27,Near West Side
14529,25,STOP SIGN/FLASHER,FUNCTIONING PROPERLY,CLEAR,DAYLIGHT,PEDALCYCLIST,FOUR WAY,STRAIGHT AND LEVEL,DRY,NO DEFECTS,Y,DISREGARDING STOP SIGN,FAILING TO YIELD RIGHT-OF-WAY,,NONINCAPACITATING INJURY,14,9,41.6934248303,-87.7058982378,2025,25,POINT (-87.7058982378 41.6934248303),,,,,2025-09-26,False,73,Mount Greenwood
14530,25,NO CONTROLS,NO CONTROLS,CLEAR,DAYLIGHT,PEDALCYCLIST,ONE-WAY,STRAIGHT AND LEVEL,DRY,UNKNOWN,,UNABLE TO DETERMINE,NOT APPLICABLE,,NONINCAPACITATING INJURY,14,9,41.7918633935,-87.6874997705,2025,25,POINT (-87.6874997705 41.7918633935),,,,,2025-09-26,False,62,Gage Park
14531,30,TRAFFIC SIGNAL,FUNCTIONING PROPERLY,CLEAR,DAYLIGHT,PEDALCYCLIST,FOUR WAY,STRAIGHT AND LEVEL,DRY,NO DEFECTS,Y,IMPROPER TURNING/NO SIGNAL,FAILING TO YIELD RIGHT-OF-WAY,,NONINCAPACITATING INJURY,14,9,41.9610201586,-87.7130727483,2025,30,POINT (-87.7130727483 41.9610201586),,,,,2025-09-26,False,13,Albany Park
14532,30,STOP SIGN/FLASHER,FUNCTIONING PROPERLY,CLEAR,DAYLIGHT,PEDALCYCLIST,FOUR WAY,STRAIGHT AND LEVEL,DRY,NO DEFECTS,Y,DISREGARDING STOP SIGN,UNABLE TO DETERMINE,,NO INDICATION OF INJURY,17,9,41.9579794914,-87.6743576961,2025,30,POINT (-87.6743576961 41.9579794914),,,,,2025-09-26,False,2,Uptown
14533,30,NO CONTROLS,NO CONTROLS,CLEAR,DAYLIGHT,PEDALCYCLIST,DIVIDED - W/MEDIAN (NOT RAISED),STRAIGHT AND LEVEL,DRY,NO DEFECTS,,UNABLE TO DETERMINE,UNABLE TO DETERMINE,,NONINCAPACITATING INJURY,17,9,41.9977750469,-87.6936921425,2025,30,POINT (-87.6936921425 41.9977750469),,,,,2025-09-26,False,1,West Ridge
14534,30,NO CONTROLS,NO CONTROLS,CLEAR,DAWN,PEDALCYCLIST,NOT DIVIDED,STRAIGHT AND LEVEL,DRY,UNKNOWN,,NOT APPLICABLE,NOT APPLICABLE,Y,NO INDICATION OF INJURY,18,9,41.8941786574,-87.6866505353,2025,30,POINT (-87.6866505353 41.8941786574),,,,,2025-09-26,False,23,West Town
14535,30,TRAFFIC SIGNAL,FUNCTIONING PROPERLY,CLEAR,"DARKNESS, LIGHTED ROAD",PEDALCYCLIST,NOT DIVIDED,STRAIGHT AND LEVEL,DRY,UNKNOWN,,FAILING TO YIELD RIGHT-OF-WAY,NOT APPLICABLE,,NO INDICATION OF INJURY,19,9,41.9176773285,-87.6874698772,2025,30,POINT (-87.6874698772 41.9176773285),,,,,2025-09-26,False,21,Logan Square
14536,35,TRAFFIC SIGNAL,FUNCTIONING PROPERLY,CLEAR,"DARKNESS, LIGHTED ROAD",PEDALCYCLIST,DIVIDED - W/MEDIAN (NOT RAISED),STRAIGHT AND LEVEL,DRY,NO DEFECTS,Y,FAILING TO YIELD RIGHT-OF-WAY,NOT APPLICABLE,,NONINCAPACITATING INJURY,19,9,41.9246769457,-87.6997356432,2025,35,POINT (-87.6997356432 41.9246769457),,,,,2025-09-26,False,21,Logan Square
14537,30,UNKNOWN,UNKNOWN,CLEAR,UNKNOWN,PEDALCYCLIST,NOT DIVIDED,STRAIGHT AND LEVEL,UNKNOWN,UNKNOWN,,UNABLE TO DETERMINE,UNABLE TO DETERMINE,,NONINCAPACITATING INJURY,19,9,41.9325825826,-87.6505306166,2025,30,POINT (-87.6505306166 41.9325825826),,,,,2025-09-26,False,5,Lake View
14538,30,NO CONTROLS,NO CONTROLS,CLEAR,"DARKNESS, LIGHTED ROAD",PEDALCYCLIST,NOT DIVIDED,STRAIGHT AND LEVEL,DRY,NO DEFECTS,,IMPROPER LANE USAGE,TURNING RIGHT ON RED,,NONINCAPACITATING INJURY,19,9,41.8463568161,-87.681117595,2025,30,POINT (-87.681117595 41.8463568161),,,,,2025-09-26,False,30,Lower West Side
14539,30,NO CONTROLS,NO CONTROLS,CLEAR,"DARKNESS, LIGHTED ROAD",PEDALCYCLIST,NOT DIVIDED,STRAIGHT AND LEVEL,DRY,NO DEFECTS,,FAILING TO YIELD RIGHT-OF-WAY,UNABLE TO DETERMINE,,INCAPACITATING INJURY,20,9,41.8085766024,-87.6587653553,2025,30,POINT (-87.6587653553 41.8085766024),,,,,2025-09-26,True,60,New City
14540,30,NO CONTROLS,NO CONTROLS,CLEAR,"DARKNESS, LIGHTED ROAD",PEDALCYCLIST,PARKING LOT,STRAIGHT AND LEVEL,DRY,UNKNOWN,,UNABLE TO DETERMINE,NOT APPLICABLE,,NONINCAPACITATING INJURY,20,9,41.8552817038,-87.6319926423,2025,30,POINT (-87.6319926423 41.8552817038),,,,,2025-09-26,False,32,Near South Side
14541,30,NO CONTROLS,NO CONTROLS,CLEAR,"DARKNESS, LIGHTED ROAD",PEDALCYCLIST,T-INTERSECTION,STRAIGHT AND LEVEL,DRY,NO DEFECTS,Y,UNABLE TO DETERMINE,UNABLE TO DETERMINE,,NONINCAPACITATING INJURY,20,9,41.8654391147,-87.6589341421,2025,30,POINT (-87.6589341421 41.8654391147),,,,,2025-09-26,False,27,Near West Side
14542,30,NO CONTROLS,NO CONTROLS,CLEAR,"DARKNESS, LIGHTED ROAD",PEDALCYCLIST,ONE-WAY,STRAIGHT AND LEVEL,DRY,NO DEFECTS,,FAILING TO YIELD RIGHT-OF-WAY,DRIVING SKILLS/KNOWLEDGE/EXPERIENCE,Y,NO INDICATION OF INJURY,22,9,41.9645903897,-87.6522357079,2025,30,POINT (-87.6522357079 41.9645903897),,,,,2025-09-26,False,2,Uptown
14543,30,TRAFFIC SIGNAL,FUNCTIONING PROPERLY,CLEAR,DAYLIGHT,PEDALCYCLIST,T-INTERSECTION,STRAIGHT AND LEVEL,DRY,NO DEFECTS,Y,DRIVING SKILLS/KNOWLEDGE/EXPERIENCE,DRIVING SKILLS/KNOWLEDGE/EXPERIENCE,,NONINCAPACITATING INJURY,11,9,41.8808569263,-87.6171033844,2025,30,POINT (-87.6171033844 41.8808569263),,,,,2025-09-27,False,31,Loop
14544,20,UNKNOWN,UNKNOWN,CLEAR,DAYLIGHT,PEDALCYCLIST,NOT DIVIDED,STRAIGHT AND LEVEL,DRY,UNKNOWN,,FOLLOWING TOO CLOSELY,FAILING TO YIELD RIGHT-OF-WAY,,NO INDICATION OF INJURY,12,9,41.9127913818,-87.6330154886,2025,20,POINT (-87.6330154886 41.9127913818),,,,,2025-09-27,False,6,Lincoln Park
14545,30,NO CONTROLS,NO CONTROLS,CLEAR,DAYLIGHT,PEDALCYCLIST,NOT DIVIDED,STRAIGHT AND LEVEL,DRY,NO DEFECTS,,IMPROPER LANE USAGE,NOT APPLICABLE,Y,NONINCAPACITATING INJURY,14,9,41.8517942515,-87.6952231143,2025,30,POINT (-87.6952231143 41.8517942515),,,,,2025-09-27,False,28,North Lawndale
14546,30,TRAFFIC SIGNAL,FUNCTIONING PROPERLY,CLEAR,DAYLIGHT,PEDALCYCLIST,NOT DIVIDED,STRAIGHT AND LEVEL,DRY,UNKNOWN,N,FAILING TO YIELD RIGHT-OF-WAY,FAILING TO YIELD RIGHT-OF-WAY,,NO INDICATION OF INJURY,15,9,41.8577716412,-87.6609968317,2025,30,POINT (-87.6609968317 41.8577716412),,,,,2025-09-27,False,27,Near West Side
14547,35,TRAFFIC SIGNAL,FUNCTIONING PROPERLY,CLEAR,DAYLIGHT,PEDALCYCLIST,DIVIDED - W/MEDIAN (NOT RAISED),STRAIGHT AND LEVEL,DRY,NO DEFECTS,Y,DISREGARDING TRAFFIC SIGNALS,UNABLE TO DETERMINE,,INCAPACITATING INJURY,15,9,41.8757088217,-87.6204430411,2025,35,POINT (-87.6204430411 41.8757088217),,,,,2025-09-27,True,31,Loop
14548,15,NO CONTROLS,NO CONTROLS,CLEAR,DARKNESS,PEDALCYCLIST,ONE-WAY,STRAIGHT AND LEVEL,DRY,NO DEFECTS,,FAILING TO YIELD RIGHT-OF-WAY,NOT APPLICABLE,Y,NONINCAPACITATING INJURY,22,9,41.9464194982,-87.6563909938,2025,15,POINT (-87.6563909938 41.9464194982),,,,,2025-09-27,False,5,Lake View
14549,30,TRAFFIC SIGNAL,FUNCTIONING PROPERLY,CLEAR,DAYLIGHT,PEDALCYCLIST,DIVIDED - W/MEDIAN (NOT RAISED),STRAIGHT AND LEVEL,DRY,NO DEFECTS,,FAILING TO YIELD RIGHT-OF-WAY,DRIVING SKILLS/KNOWLEDGE/EXPERIENCE,,NONINCAPACITATING INJURY,12,9,41.9833588172,-87.660208374,2025,30,POINT (-87.660208374 41.9833588172),,,,,2025-09-28,False,76,Edgewater
14550,30,NO CONTROLS,NO CONTROLS,CLEAR,DAYLIGHT,PEDALCYCLIST,NOT DIVIDED,STRAIGHT AND LEVEL,DRY,NO DEFECTS,,UNABLE TO DETERMINE,NOT APPLICABLE,,NO INDICATION OF INJURY,14,9,41.7102100075,-87.6695721379,2025,30,POINT (-87.6695721379 41.7102100075),,,,,2025-09-28,False,71,Beverly
14551,30,NO CONTROLS,NO CONTROLS,CLEAR,DAYLIGHT,PEDALCYCLIST,NOT DIVIDED,STRAIGHT AND LEVEL,DRY,NO DEFECTS,,UNABLE TO DETERMINE,NOT APPLICABLE,Y,NONINCAPACITATING INJURY,14,9,41.9517568576,-87.6603423707,2025,30,POINT (-87.6603423707 41.9517568576),,,,,2025-09-28,False,5,Lake View
14552,30,TRAFFIC SIGNAL,FUNCTIONING PROPERLY,CLEAR,DAYLIGHT,PEDALCYCLIST,NOT DIVIDED,STRAIGHT AND LEVEL,DRY,UNKNOWN,Y,UNABLE TO DETERMINE,NOT APPLICABLE,Y,NONINCAPACITATING INJURY,14,9,41.962263878,-87.6546080078,2025,30,POINT (-87.6546080078 41.962263878),,,,,2025-09-28,False,2,Uptown
14553,30,NO CONTROLS,NO CONTROLS,CLEAR,DAYLIGHT,PEDALCYCLIST,ALLEY,STRAIGHT AND LEVEL,DRY,NO DEFECTS,,FAILING TO REDUCE SPEED TO AVOID CRASH,DRIVING SKILLS/KNOWLEDGE/EXPERIENCE,,NONINCAPACITATING INJURY,15,9,41.9666179748,-87.7200339481,2025,30,POINT (-87.7200339481 41.9666179748),,,,,2025-09-28,False,13,Albany Park
14554,30,TRAFFIC SIGNAL,FUNCTIONING PROPERLY,CLEAR,DAWN,PEDALCYCLIST,DIVIDED - W/MEDIAN (NOT RAISED),STRAIGHT AND LEVEL,DRY,NO DEFECTS,,DISREGARDING TRAFFIC SIGNALS,NOT APPLICABLE,,INCAPACITATING INJURY,18,9,41.9180195829,-87.7755785454,2025,30,POINT (-87.7755785454 41.9180195829),,,,,2025-09-28,True,18,Belmont Cragin
14555,30,NO CONTROLS,NO CONTROLS,CLEAR,DARKNESS,PEDALCYCLIST,OTHER,STRAIGHT AND LEVEL,DRY,UNKNOWN,,UNABLE TO DETERMINE,UNABLE TO DETERMINE,,"REPORTED, NOT EVIDENT",18,9,41.9090743309,-87.7994767101,2025,30,POINT (-87.7994767101 41.9090743309),,,,,2025-09-28,False,24,Austin
14556,30,NO CONTROLS,NO CONTROLS,CLEAR,"DARKNESS, LIGHTED ROAD",PEDALCYCLIST,DIVIDED - W/MEDIAN BARRIER,STRAIGHT AND LEVEL,DRY,NO DEFECTS,,FOLLOWING TOO CLOSELY,UNABLE TO DETERMINE,,NONINCAPACITATING INJURY,19,9,41.8672266215,-87.6491634852,2025,30,POINT (-87.6491634852 41.8672266215),,,,,2025-09-28,False,27,Near West Side
14557,30,UNKNOWN,UNKNOWN,CLEAR,DAYLIGHT,PEDALCYCLIST,DIVIDED - W/MEDIAN (NOT RAISED),STRAIGHT AND LEVEL,DRY,NO DEFECTS,,FOLLOWING TOO CLOSELY,UNABLE TO DETERMINE,,NONINCAPACITATING INJURY,7,9,41.9104162593,-87.6883838625,2025,30,POINT (-87.6883838625 41.9104162593),,,,,2025-09-29,False,23,West Town
14558,30,STOP SIGN/FLASHER,FUNCTIONING PROPERLY,CLEAR,DAYLIGHT,PEDALCYCLIST,ONE-WAY,STRAIGHT AND LEVEL,DRY,NO DEFECTS,Y,FAILING TO YIELD RIGHT-OF-WAY,UNABLE TO DETERMINE,,NONINCAPACITATING INJURY,12,9,41.878519468,-87.7548509822,2025,30,POINT (-87.7548509822 41.878519468),,,,,2025-09-29,False,24,Austin
14559,30,TRAFFIC SIGNAL,FUNCTIONING PROPERLY,CLEAR,DAYLIGHT,PEDALCYCLIST,FOUR WAY,STRAIGHT AND LEVEL,DRY,NO DEFECTS,,IMPROPER LANE USAGE,UNABLE TO DETERMINE,,"REPORTED, NOT EVIDENT",13,9,41.9030052226,-87.76553803,2025,30,POINT (-87.76553803 41.9030052226),,,,,2025-09-29,False,24,Austin
14560,30,NO CONTROLS,NO CONTROLS,CLEAR,DAYLIGHT,PEDALCYCLIST,NOT DIVIDED,STRAIGHT AND LEVEL,DRY,NO DEFECTS,,NOT APPLICABLE,NOT APPLICABLE,,NONINCAPACITATING INJURY,14,9,41.778584029,-87.7204274783,2025,30,POINT (-87.7204274783 41.778584029),,,,,2025-09-29,False,64,West Lawn
14561,30,STOP SIGN/FLASHER,FUNCTIONING PROPERLY,CLEAR,DAYLIGHT,PEDALCYCLIST,FOUR WAY,STRAIGHT AND LEVEL,DRY,UNKNOWN,Y,UNABLE TO DETERMINE,UNABLE TO DETERMINE,,NONINCAPACITATING INJURY,16,9,41.9970145861,-87.8104134816,2025,30,POINT (-87.8104134816 41.9970145861),,,,,2025-09-29,False,8,Edison Park
14562,30,NO CONTROLS,NO CONTROLS,CLEAR,DAYLIGHT,PEDALCYCLIST,DIVIDED - W/MEDIAN BARRIER,STRAIGHT AND LEVEL,DRY,NO DEFECTS,,UNABLE TO DETERMINE,UNABLE TO DETERMINE,Y,NONINCAPACITATING INJURY,17,9,41.9688315144,-87.6815763402,2025,30,POINT (-87.6815763402 41.9688315144),,,,,2025-09-29,False,3,Lincoln Square
14563,30,TRAFFIC SIGNAL,FUNCTIONING PROPERLY,CLEAR,DAYLIGHT,PEDALCYCLIST,NOT DIVIDED,STRAIGHT AND LEVEL,DRY,NO DEFECTS,,FOLLOWING TOO CLOSELY,NOT APPLICABLE,,NO INDICATION OF INJURY,17,9,41.9473522632,-87.6544433751,2025,30,POINT (-87.6544433751 41.9473522632),,,,,2025-09-29,False,5,Lake View
14564,30,UNKNOWN,UNKNOWN,UNKNOWN,DAYLIGHT,PEDALCYCLIST,ONE-WAY,STRAIGHT AND LEVEL,UNKNOWN,UNKNOWN,,UNABLE TO DETERMINE,UNABLE TO DETERMINE,,NONINCAPACITATING INJURY,18,9,41.8939301728,-87.6305817681,2025,30,POINT (-87.6305817681 41.8939301728),,,,,2025-09-29,False,7,Near North Side
14565,30,TRAFFIC SIGNAL,FUNCTIONING PROPERLY,CLEAR,"DARKNESS, LIGHTED ROAD",PEDALCYCLIST,FOUR WAY,STRAIGHT AND LEVEL,DRY,NO DEFECTS,Y,UNABLE TO DETERMINE,UNABLE TO DETERMINE,,NONINCAPACITATING INJURY,18,9,41.8865332539,-87.7015079318,2025,30,POINT (-87.7015079318 41.8865332539),,,,,2025-09-29,False,26,Garfield Park
14566,30,NO CONTROLS,NO CONTROLS,CLEAR,DAYLIGHT,PEDALCYCLIST,DIVIDED - W/MEDIAN BARRIER,STRAIGHT AND LEVEL,DRY,UNKNOWN,,FAILING TO YIELD RIGHT-OF-WAY,NOT APPLICABLE,Y,INCAPACITATING INJURY,19,9,41.9011425591,-87.6327002427,2025,30,POINT (-87.6327002427 41.9011425591),,,,,2025-09-29,True,7,Near North Side
14567,30,TRAFFIC SIGNAL,FUNCTIONING PROPERLY,CLEAR,"DARKNESS, LIGHTED ROAD",PEDALCYCLIST,FOUR WAY,STRAIGHT AND LEVEL,DRY,NO DEFECTS,,DISREGARDING ROAD MARKINGS,DISREGARDING ROAD MARKINGS,,NO INDICATION OF INJURY,19,9,41.8869543962,-87.6326320608,2025,30,POINT (-87.6326320608 41.8869543962),,,,,2025-09-29,False,7,Near North Side
14568,30,NO CONTROLS,NO CONTROLS,CLEAR,"DARKNESS, LIGHTED ROAD",PEDALCYCLIST,NOT DIVIDED,STRAIGHT AND LEVEL,DRY,UNKNOWN,,UNABLE TO DETERMINE,UNABLE TO DETERMINE,,INCAPACITATING INJURY,21,9,41.9316735782,-87.7442844403,2025,30,POINT (-87.7442844403 41.9316735782),,,,,2025-09-29,True,18,Belmont Cragin
14569,30,TRAFFIC SIGNAL,FUNCTIONING PROPERLY,CLEAR,"DARKNESS, LIGHTED ROAD",PEDALCYCLIST,NOT DIVIDED,STRAIGHT AND LEVEL,DRY,NO DEFECTS,,FAILING TO YIELD RIGHT-OF-WAY,UNABLE TO DETERMINE,,"REPORTED, NOT EVIDENT",22,9,41.9465722928,-87.6980909302,2025,30,POINT (-87.6980909302 41.9465722928),,,,,2025-09-29,False,15,Irving Park
14570,30,TRAFFIC SIGNAL,FUNCTIONING PROPERLY,CLEAR,DAYLIGHT,PEDALCYCLIST,DIVIDED - W/MEDIAN BARRIER,STRAIGHT AND LEVEL,DRY,NO DEFECTS,Y,DISREGARDING TRAFFIC SIGNALS,FAILING TO REDUCE SPEED TO AVOID CRASH,,NONINCAPACITATING INJURY,7,9,41.9033774676,-87.6676431423,2025,30,POINT (-87.6676431423 41.9033774676),,,,,2025-09-30,False,23,West Town
14571,30,NO CONTROLS,NO CONTROLS,CLEAR,DAYLIGHT,PEDALCYCLIST,NOT DIVIDED,STRAIGHT AND LEVEL,UNKNOWN,UNKNOWN,,FAILING TO YIELD RIGHT-OF-WAY,NOT APPLICABLE,Y,NONINCAPACITATING INJURY,8,9,41.9023954274,-87.6345701233,2025,30,POINT (-87.6345701233 41.9023954274),,,,,2025-09-30,False,7,Near North Side
14572,30,TRAFFIC SIGNAL,FUNCTIONING PROPERLY,CLEAR,DAYLIGHT,PEDALCYCLIST,FOUR WAY,STRAIGHT AND LEVEL,DRY,NO DEFECTS,Y,DISREGARDING TRAFFIC SIGNALS,NOT APPLICABLE,,NO INDICATION OF INJURY,8,9,41.8613682097,-87.6959545763,2025,30,POINT (-87.6959545763 41.8613682097),,,,,2025-09-30,False,28,North Lawndale
14573,30,TRAFFIC SIGNAL,FUNCTIONING PROPERLY,CLEAR,DAYLIGHT,PEDALCYCLIST,FOUR WAY,STRAIGHT AND LEVEL,DRY,NO DEFECTS,Y,"VISION OBSCURED (SIGNS, TREE LIMBS, BUILDINGS, ETC.)",NOT APPLICABLE,,"REPORTED, NOT EVIDENT",8,9,41.8877206694,-87.7061738668,2025,30,POINT (-87.7061738668 41.8877206694),,,,,2025-09-30,False,26,Garfield Park
14574,20,TRAFFIC SIGNAL,UNKNOWN,CLEAR,DAYLIGHT,PEDALCYCLIST,DIVIDED - W/MEDIAN (NOT RAISED),STRAIGHT AND LEVEL,DRY,UNKNOWN,,FAILING TO YIELD RIGHT-OF-WAY,IMPROPER OVERTAKING/PASSING,,NO INDICATION OF INJURY,10,9,41.8963806855,-87.6417314742,2025,20,POINT (-87.6417314742 41.8963806855),,,,,2025-09-30,False,7,Near North Side
14575,30,TRAFFIC SIGNAL,FUNCTIONING PROPERLY,CLEAR,DAYLIGHT,PEDALCYCLIST,FOUR WAY,STRAIGHT AND LEVEL,DRY,NO DEFECTS,Y,IMPROPER TURNING/NO SIGNAL,DRIVING SKILLS/KNOWLEDGE/EXPERIENCE,,"REPORTED, NOT EVIDENT",12,9,41.8867069323,-87.6300661901,2025,30,POINT (-87.6300661901 41.8867069323),,,,,2025-09-30,False,7,Near North Side
14576,25,NO CONTROLS,NO CONTROLS,CLEAR,DAYLIGHT,PEDALCYCLIST,NOT DIVIDED,STRAIGHT AND LEVEL,DRY,NO DEFECTS,,NOT APPLICABLE,NOT APPLICABLE,,"REPORTED, NOT EVIDENT",13,9,41.9511822655,-87.6576580191,2025,25,POINT (-87.6576580191 41.9511822655),,,,,2025-09-30,False,5,Lake View
14577,15,NO CONTROLS,NO CONTROLS,CLEAR,DAYLIGHT,PEDALCYCLIST,ALLEY,STRAIGHT AND LEVEL,DRY,NO DEFECTS,,FAILING TO YIELD RIGHT-OF-WAY,FAILING TO YIELD RIGHT-OF-WAY,,INCAPACITATING INJURY,13,9,41.9916106011,-87.699585518,2025,15,POINT (-87.699585518 41.9916106011),,,,,2025-09-30,True,1,West Ridge
14578,30,NO CONTROLS,NO CONTROLS,CLEAR,DAYLIGHT,PEDALCYCLIST,DIVIDED - W/MEDIAN BARRIER,STRAIGHT AND LEVEL,DRY,NO DEFECTS,,FOLLOWING TOO CLOSELY,IMPROPER OVERTAKING/PASSING,,NONINCAPACITATING INJURY,16,9,41.8878302657,-87.6615042431,2025,30,POINT (-87.6615042431 41.8878302657),,,,,2025-09-30,False,27,Near West Side
14579,30,NO CONTROLS,NO CONTROLS,CLEAR,DAYLIGHT,PEDALCYCLIST,DIVIDED - W/MEDIAN (NOT RAISED),STRAIGHT AND LEVEL,DRY,NO DEFECTS,,UNABLE TO DETERMINE,UNABLE TO DETERMINE,,NO INDICATION OF INJURY,16,9,41.9392813603,-87.7208279415,2025,30,POINT (-87.7208279415 41.9392813603),,,,,2025-09-30,False,15,Irving Park
14580,30,PEDESTRIAN CROSSING SIGN,FUNCTIONING PROPERLY,CLEAR,DAYLIGHT,PEDALCYCLIST,T-INTERSECTION,STRAIGHT AND LEVEL,DRY,UNKNOWN,Y,FAILING TO YIELD RIGHT-OF-WAY,NOT APPLICABLE,,NONINCAPACITATING INJURY,16,9,41.9179812932,-87.6543408517,2025,30,POINT (-87.6543408517 41.9179812932),,,,,2025-09-30,False,6,Lincoln Park
14581,30,NO CONTROLS,NO CONTROLS,CLEAR,DAYLIGHT,PEDALCYCLIST,UNKNOWN INTERSECTION TYPE,STRAIGHT AND LEVEL,UNKNOWN,UNKNOWN,,NOT APPLICABLE,NOT APPLICABLE,,"REPORTED, NOT EVIDENT",16,9,41.8932950491,-87.7063408772,2025,30,POINT (-87.7063408772 41.8932950491),,,,,2025-09-30,False,22,Humboldt Park
14582,30,STOP SIGN/FLASHER,FUNCTIONING PROPERLY,CLEAR,DAYLIGHT,PEDALCYCLIST,DIVIDED - W/MEDIAN (NOT RAISED),STRAIGHT AND LEVEL,DRY,NO DEFECTS,Y,DISREGARDING STOP SIGN,FAILING TO YIELD RIGHT-OF-WAY,,INCAPACITATING INJURY,16,9,41.8901731846,-87.6499144933,2025,30,POINT (-87.6499144933 41.8901731846),,,,,2025-09-30,True,7,Near North Side
14583,20,STOP SIGN/FLASHER,FUNCTIONING PROPERLY,CLEAR,DAYLIGHT,PEDALCYCLIST,ONE-WAY,STRAIGHT AND LEVEL,DRY,UNKNOWN,,UNABLE TO DETERMINE,UNABLE TO DETERMINE,,NO INDICATION OF INJURY,17,9,41.950050342,-87.7168294858,2025,20,POINT (-87.7168294858 41.950050342),,,,,2025-09-30,False,15,Irving Park
14584,30,UNKNOWN,UNKNOWN,CLEAR,DAYLIGHT,PEDALCYCLIST,DIVIDED - W/MEDIAN (NOT RAISED),STRAIGHT AND LEVEL,DRY,UNKNOWN,,UNABLE TO DETERMINE,UNABLE TO DETERMINE,Y,NONINCAPACITATING INJURY,17,9,41.9426254144,-87.6543376634,2025,30,POINT (-87.6543376634 41.9426254144),,,,,2025-09-30,False,5,Lake View
14585,30,NO CONTROLS,NO CONTROLS,UNKNOWN,"DARKNESS, LIGHTED ROAD",PEDALCYCLIST,NOT DIVIDED,STRAIGHT AND LEVEL,UNKNOWN,UNKNOWN,,UNABLE TO DETERMINE,NOT APPLICABLE,,NONINCAPACITATING INJURY,19,9,41.9255023926,-87.6526649712,2025,30,POINT (-87.6526649712 41.9255023926),,,,,2025-09-30,False,6,Lincoln Park
14586,25,STOP SIGN/FLASHER,FUNCTIONING PROPERLY,CLEAR,DAYLIGHT,PEDALCYCLIST,FOUR WAY,STRAIGHT AND LEVEL,DRY,NO DEFECTS,Y,DISREGARDING STOP SIGN,FAILING TO YIELD RIGHT-OF-WAY,,NO INDICATION OF INJURY,7,10,41.9669832092,-87.6662955304,2025,25,POINT (-87.6662955304 41.9669832092),,,,,2025-10-01,False,2,Uptown
14587,25,TRAFFIC SIGNAL,FUNCTIONING PROPERLY,CLEAR,DAYLIGHT,PEDALCYCLIST,NOT DIVIDED,STRAIGHT AND LEVEL,DRY,NO DEFECTS,Y,NOT APPLICABLE,NOT APPLICABLE,,NONINCAPACITATING INJURY,7,10,41.9111954195,-87.6348588835,2025,25,POINT (-87.6348588835 41.9111954195),,,,,2025-10-01,False,6,Lincoln Park
14588,30,NO CONTROLS,NO CONTROLS,CLEAR,DAYLIGHT,PEDALCYCLIST,NOT DIVIDED,STRAIGHT AND LEVEL,DRY,NO DEFECTS,,UNABLE TO DETERMINE,UNABLE TO DETERMINE,,"REPORTED, NOT EVIDENT",8,10,41.8785519089,-87.6471146232,2025,30,POINT (-87.6471146232 41.8785519089),,,,,2025-10-01,False,27,Near West Side
14589,25,TRAFFIC SIGNAL,FUNCTIONING PROPERLY,CLEAR,DAYLIGHT,PEDALCYCLIST,DIVIDED - W/MEDIAN (NOT RAISED),STRAIGHT AND LEVEL,DRY,NO DEFECTS,,TURNING RIGHT ON RED,UNABLE TO DETERMINE,,NONINCAPACITATING INJURY,12,10,41.9857852724,-87.7283921752,2025,25,POINT (-87.7283921752 41.9857852724),,,,,2025-10-01,False,11,Forest Glen
14590,30,NO CONTROLS,NO CONTROLS,CLEAR,DAYLIGHT,PEDALCYCLIST,NOT DIVIDED,STRAIGHT AND LEVEL,DRY,NO DEFECTS,,UNABLE TO DETERMINE,UNABLE TO DETERMINE,,"REPORTED, NOT EVIDENT",13,10,41.7934658523,-87.713638709,2025,30,POINT (-87.713638709 41.7934658523),,,,,2025-10-01,False,61,West Elsdon
14591,25,TRAFFIC SIGNAL,FUNCTIONING PROPERLY,CLEAR,DAYLIGHT,PEDALCYCLIST,NOT DIVIDED,STRAIGHT AND LEVEL,DRY,UNKNOWN,,"OPERATING VEHICLE IN ERRATIC, RECKLESS, CARELESS, NEGLIGENT OR AGGRESSIVE MANNER",TURNING RIGHT ON RED,Y,INCAPACITATING INJURY,14,10,41.8675659268,-87.6242174248,2025,25,POINT (-87.6242174248 41.8675659268),,,,,2025-10-01,True,31,Loop