Unnamed: 0,POSTED_SPEED_LIMIT,TRAFFIC_CONTROL_DEVICE,DEVICE_CONDITION,WEATHER_CONDITION,LIGHTING_CONDITION,FIRST_CRASH_TYPE,TRAFFICWAY_TYPE,ALIGNMENT,ROADWAY_SURFACE_COND,ROAD_DEFECT,INTERSECTION_RELATED_I,PRIM_CONTRIBUTORY_CAUSE,SEC_CONTRIBUTORY_CAUSE,DOORING_I,MOST_SEVERE_INJURY,CRASH_HOUR,CRASH_MONTH,LATITUDE,LONGITUDE,CRASH_YEAR,SPEED_LIMIT,geometry,DISPLAYROU,the_geom,DIST,LANE_TYPE,CRASH_DATE,is_severe,index_right,CArea
14592,30,STOP SIGN/FLASHER,FUNCTIONING PROPERLY,CLEAR,DAYLIGHT,PEDALCYCLIST,T-INTERSECTION,STRAIGHT AND LEVEL,DRY,NO DEFECTS,Y,UNABLE TO DETERMINE,NOT APPLICABLE,,NO INDICATION OF INJURY,16,10,41.8857587396,-87.6349154645,2025,30,POINT (-87.6349154645 41.8857587396),,,,,2025-10-01,False,27,Near West Side
14593,30,NO CONTROLS,FUNCTIONING PROPERLY,CLEAR,DAYLIGHT,PEDALCYCLIST,DIVIDED - W/MEDIAN (NOT RAISED),STRAIGHT AND LEVEL,DRY,WORN SURFACE,,FAILING TO REDUCE SPEED TO AVOID CRASH,NOT APPLICABLE,,NO INDICATION OF INJURY,18,10,41.8717516645,-87.6566845907,2025,30,POINT (-87.6566845907 41.8717516645),,,,,2025-10-01,False,27,Near West Side
14594,30,TRAFFIC SIGNAL,FUNCTIONING PROPERLY,CLEAR,DAYLIGHT,PEDALCYCLIST,ONE-WAY,STRAIGHT AND LEVEL,DRY,NO DEFECTS,Y,UNABLE TO DETERMINE,UNABLE TO DETERMINE,,"REPORTED, NOT EVIDENT",18,10,41.8908390871,-87.6219912936,2025,30,POINT (-87.6219912936 41.8908390871),,,,,2025-10-01,False,7,Near North Side
14595,30,TRAFFIC SIGNAL,FUNCTIONING PROPERLY,CLEAR,DUSK,PEDALCYCLIST,FOUR WAY,STRAIGHT AND LEVEL,DRY,NO DEFECTS,Y,FAILING TO YIELD RIGHT-OF-WAY,IMPROPER TURNING/NO SIGNAL,,NONINCAPACITATING INJURY,18,10,41.9543238379,-87.6743208369,2025,30,POINT (-87.6743208369 41.9543238379),,,,,2025-10-01,False,4,North Center
14596,30,STOP SIGN/FLASHER,NO CONTROLS,CLEAR,"DARKNESS, LIGHTED ROAD",PEDALCYCLIST,FOUR WAY,STRAIGHT AND LEVEL,DRY,NO DEFECTS,Y,UNABLE TO DETERMINE,UNABLE TO DETERMINE,,NO INDICATION OF INJURY,20,10,41.8912065708,-87.6558721883,2025,30,POINT (-87.6558721883 41.8912065708),,,,,2025-10-01,False,7,Near North Side
14597,35,TRAFFIC SIGNAL,FUNCTIONING PROPERLY,CLEAR,DAYLIGHT,PEDALCYCLIST,DIVIDED - W/MEDIAN BARRIER,STRAIGHT AND LEVEL,DRY,NO DEFECTS,Y,FAILING TO YIELD RIGHT-OF-WAY,NOT APPLICABLE,,NONINCAPACITATING INJURY,7,10,41.7357642612,-87.6727981991,2025,35,POINT (-87.6727981991 41.7357642612),,,,,2025-10-02,False,69,Ashburn
14598,20,NO CONTROLS,NO CONTROLS,CLEAR,DAYLIGHT,PEDALCYCLIST,ONE-WAY,STRAIGHT AND LEVEL,DRY,NO DEFECTS,,UNABLE TO DETERMINE,NOT APPLICABLE,,NONINCAPACITATING INJURY,7,10,41.8831000298,-87.6343782452,2025,20,POINT (-87.6343782452 41.8831000298),,,,,2025-10-02,False,31,Loop
14599,20,STOP SIGN/FLASHER,FUNCTIONING PROPERLY,CLEAR,DAYLIGHT,PEDALCYCLIST,NOT DIVIDED,STRAIGHT AND LEVEL,DRY,NO DEFECTS,,DISREGARDING STOP SIGN,DISREGARDING STOP SIGN,,INCAPACITATING INJURY,7,10,41.7278141987,-87.5780710492,2025,20,POINT (-87.5780710492 41.7278141987),,,,,2025-10-02,True,45,South Chicago
14600,30,TRAFFIC SIGNAL,FUNCTIONING PROPERLY,CLEAR,DAYLIGHT,PEDALCYCLIST,ONE-WAY,STRAIGHT AND LEVEL,DRY,NO DEFECTS,Y,IMPROPER TURNING/NO SIGNAL,NOT APPLICABLE,,NO INDICATION OF INJURY,7,10,41.8932075351,-87.6298422078,2025,30,POINT (-87.6298422078 41.8932075351),,,,,2025-10-02,False,7,Near North Side
14601,30,UNKNOWN,UNKNOWN,UNKNOWN,UNKNOWN,PEDALCYCLIST,UNKNOWN,STRAIGHT AND LEVEL,UNKNOWN,UNKNOWN,,UNABLE TO DETERMINE,UNABLE TO DETERMINE,,NO INDICATION OF INJURY,8,10,41.7857434633,-87.7328917418,2025,30,POINT (-87.7328917418 41.7857434633),,,,,2025-10-02,False,64,West Lawn
14602,30,NO CONTROLS,NO CONTROLS,CLEAR,DAYLIGHT,PEDALCYCLIST,DIVIDED - W/MEDIAN (NOT RAISED),STRAIGHT AND LEVEL,DRY,NO DEFECTS,Y,IMPROPER TURNING/NO SIGNAL,TEXTING,,NO INDICATION OF INJURY,12,10,41.7420493347,-87.6051231508,2025,30,POINT (-87.6051231508 41.7420493347),,,,,2025-10-02,False,43,Chatham
14603,30,NO CONTROLS,NO CONTROLS,CLEAR,DAYLIGHT,PEDALCYCLIST,NOT DIVIDED,STRAIGHT AND LEVEL,UNKNOWN,UNKNOWN,,NOT APPLICABLE,NOT APPLICABLE,,NO INDICATION OF INJURY,15,10,41.8812398998,-87.688680994,2025,30,POINT (-87.688680994 41.8812398998),,,,,2025-10-02,False,26,Garfield Park
14604,30,NO CONTROLS,NO CONTROLS,CLEAR,DAYLIGHT,PEDALCYCLIST,NOT DIVIDED,STRAIGHT AND LEVEL,DRY,NO DEFECTS,,UNABLE TO DETERMINE,UNABLE TO DETERMINE,,NONINCAPACITATING INJURY,15,10,41.8656602853,-87.6470196016,2025,30,POINT (-87.6470196016 41.8656602853),,,,,2025-10-02,False,27,Near West Side
14605,35,TRAFFIC SIGNAL,FUNCTIONING PROPERLY,CLEAR,DAYLIGHT,PEDALCYCLIST,DIVIDED - W/MEDIAN (NOT RAISED),STRAIGHT AND LEVEL,DRY,NO DEFECTS,,DISREGARDING ROAD MARKINGS,NOT APPLICABLE,,NONINCAPACITATING INJURY,16,10,41.9094726068,-87.7120401945,2025,35,POINT (-87.7120401945 41.9094726068),,,,,2025-10-02,False,22,Humboldt Park
14606,25,NO CONTROLS,NO CONTROLS,CLEAR,DAYLIGHT,PEDALCYCLIST,T-INTERSECTION,STRAIGHT AND LEVEL,DRY,NO DEFECTS,Y,FAILING TO YIELD RIGHT-OF-WAY,UNABLE TO DETERMINE,,"REPORTED, NOT EVIDENT",17,10,42.0030780064,-87.6900822724,2025,25,POINT (-87.6900822724 42.0030780064),,,,,2025-10-02,False,1,West Ridge
14607,25,NO CONTROLS,NO CONTROLS,CLEAR,DAYLIGHT,PEDALCYCLIST,ONE-WAY,STRAIGHT AND LEVEL,DRY,UNKNOWN,,UNABLE TO DETERMINE,NOT APPLICABLE,,INCAPACITATING INJURY,17,10,41.9264163239,-87.7085887115,2025,25,POINT (-87.7085887115 41.9264163239),,,,,2025-10-02,True,21,Logan Square
14608,30,NO CONTROLS,NO CONTROLS,CLEAR,DAYLIGHT,PEDALCYCLIST,ALLEY,STRAIGHT AND LEVEL,DRY,NO DEFECTS,,UNABLE TO DETERMINE,NOT APPLICABLE,,NO INDICATION OF INJURY,18,10,41.8053634082,-87.658657271,2025,30,POINT (-87.658657271 41.8053634082),,,,,2025-10-02,False,60,New City
14609,30,TRAFFIC SIGNAL,FUNCTIONING PROPERLY,CLEAR,UNKNOWN,PEDALCYCLIST,FOUR WAY,STRAIGHT AND LEVEL,UNKNOWN,UNKNOWN,Y,IMPROPER LANE USAGE,IMPROPER OVERTAKING/PASSING,,INCAPACITATING INJURY,18,10,41.8930571855,-87.6356861465,2025,30,POINT (-87.6356861465 41.8930571855),,,,,2025-10-02,True,7,Near North Side
14610,30,TRAFFIC SIGNAL,FUNCTIONING PROPERLY,CLEAR,"DARKNESS, LIGHTED ROAD",PEDALCYCLIST,NOT DIVIDED,STRAIGHT AND LEVEL,DRY,NO DEFECTS,,IMPROPER OVERTAKING/PASSING,NOT APPLICABLE,,INCAPACITATING INJURY,23,10,41.7684427355,-87.6832805538,2025,30,POINT (-87.6832805538 41.7684427355),,,,,2025-10-02,True,65,Chicago Lawn
14611,30,TRAFFIC SIGNAL,FUNCTIONING PROPERLY,CLEAR,DAYLIGHT,PEDALCYCLIST,DIVIDED - W/MEDIAN (NOT RAISED),STRAIGHT AND LEVEL,DRY,NO DEFECTS,,DRIVING SKILLS/KNOWLEDGE/EXPERIENCE,UNABLE TO DETERMINE,,NONINCAPACITATING INJURY,7,10,41.9687631749,-87.6701851412,2025,30,POINT (-87.6701851412 41.9687631749),,,,,2025-10-03,False,2,Uptown
14612,25,NO CONTROLS,NO CONTROLS,CLEAR,DAYLIGHT,PEDALCYCLIST,NOT DIVIDED,STRAIGHT AND LEVEL,DRY,NO DEFECTS,,DRIVING SKILLS/KNOWLEDGE/EXPERIENCE,DRIVING SKILLS/KNOWLEDGE/EXPERIENCE,,"REPORTED, NOT EVIDENT",8,10,41.950517379,-87.670029788,2025,25,POINT (-87.670029788 41.950517379),,,,,2025-10-03,False,5,Lake View
14613,30,TRAFFIC SIGNAL,FUNCTIONING PROPERLY,CLEAR,DAYLIGHT,PEDALCYCLIST,ONE-WAY,STRAIGHT AND LEVEL,DRY,NO DEFECTS,N,FAILING TO YIELD RIGHT-OF-WAY,NOT APPLICABLE,,NO INDICATION OF INJURY,8,10,41.8765584525,-87.6294013408,2025,30,POINT (-87.6294013408 41.8765584525),,,,,2025-10-03,False,31,Loop
14614,15,STOP SIGN/FLASHER,FUNCTIONING PROPERLY,CLEAR,DAYLIGHT,PEDALCYCLIST,NOT DIVIDED,STRAIGHT AND LEVEL,DRY,NO DEFECTS,Y,FAILING TO YIELD RIGHT-OF-WAY,UNABLE TO DETERMINE,,NONINCAPACITATING INJURY,9,10,41.8366769356,-87.6195046435,2025,15,POINT (-87.6195046435 41.8366769356),,,,,2025-10-03,False,34,Douglas
14615,30,UNKNOWN,UNKNOWN,CLEAR,DAYLIGHT,PEDALCYCLIST,UNKNOWN,STRAIGHT AND LEVEL,DRY,UNKNOWN,,UNABLE TO DETERMINE,UNABLE TO DETERMINE,,NO INDICATION OF INJURY,12,10,41.8012416838,-87.6637026542,2025,30,POINT (-87.6637026542 41.8012416838),,,,,2025-10-03,False,60,New City
14616,30,NO CONTROLS,NO CONTROLS,CLEAR,DAYLIGHT,PEDALCYCLIST,NOT DIVIDED,STRAIGHT AND LEVEL,DRY,NO DEFECTS,Y,FAILING TO YIELD RIGHT-OF-WAY,FAILING TO YIELD RIGHT-OF-WAY,,NO INDICATION OF INJURY,15,10,41.8976050687,-87.6574079485,2025,30,POINT (-87.6574079485 41.8976050687),,,,,2025-10-03,False,7,Near North Side
14617,20,NO CONTROLS,NO CONTROLS,CLEAR,DAYLIGHT,PEDALCYCLIST,NOT DIVIDED,STRAIGHT AND LEVEL,DRY,NO DEFECTS,,FAILING TO YIELD RIGHT-OF-WAY,NOT APPLICABLE,,NONINCAPACITATING INJURY,15,10,41.9613949833,-87.6929262371,2025,20,POINT (-87.6929262371 41.9613949833),,,,,2025-10-03,False,3,Lincoln Square
14618,30,TRAFFIC SIGNAL,FUNCTIONING PROPERLY,CLEAR,DAYLIGHT,PEDALCYCLIST,FOUR WAY,STRAIGHT AND LEVEL,DRY,UNKNOWN,Y,FAILING TO YIELD RIGHT-OF-WAY,UNABLE TO DETERMINE,,NONINCAPACITATING INJURY,17,10,41.8955222528,-87.7212546491,2025,30,POINT (-87.7212546491 41.8955222528),,,,,2025-10-03,False,22,Humboldt Park
14619,30,NO CONTROLS,NO CONTROLS,CLEAR,"DARKNESS, LIGHTED ROAD",PEDALCYCLIST,NOT DIVIDED,STRAIGHT AND LEVEL,DRY,NO DEFECTS,,IMPROPER TURNING/NO SIGNAL,DISREGARDING ROAD MARKINGS,,NONINCAPACITATING INJURY,19,10,41.9174252757,-87.7140126163,2025,30,POINT (-87.7140126163 41.9174252757),,,,,2025-10-03,False,21,Logan Square
14620,30,NO CONTROLS,NO CONTROLS,CLEAR,"DARKNESS, LIGHTED ROAD",PEDALCYCLIST,PARKING LOT,STRAIGHT AND LEVEL,DRY,NO DEFECTS,N,UNABLE TO DETERMINE,NOT APPLICABLE,N,NO INDICATION OF INJURY,21,10,41.8956153135,-87.7067053251,2025,30,POINT (-87.7067053251 41.8956153135),,,,,2025-10-03,False,22,Humboldt Park
14621,30,STOP SIGN/FLASHER,FUNCTIONING PROPERLY,CLEAR,DAYLIGHT,PEDALCYCLIST,FOUR WAY,STRAIGHT AND LEVEL,DRY,NO DEFECTS,Y,FAILING TO YIELD RIGHT-OF-WAY,NOT APPLICABLE,,NONINCAPACITATING INJURY,9,10,42.0078032142,-87.6659660329,2025,30,POINT (-87.6659660329 42.0078032142),,,,,2025-10-04,False,0,Rogers Park
14622,30,NO CONTROLS,UNKNOWN,CLEAR,DAYLIGHT,PEDALCYCLIST,PARKING LOT,STRAIGHT AND LEVEL,DRY,UNKNOWN,,UNABLE TO DETERMINE,UNABLE TO DETERMINE,,NONINCAPACITATING INJURY,10,10,41.7728515607,-87.5864419163,2025,30,POINT (-87.5864419163 41.7728515607),,,,,2025-10-04,False,41,Woodlawn
14623,30,UNKNOWN,UNKNOWN,UNKNOWN,DAYLIGHT,PEDALCYCLIST,DIVIDED - W/MEDIAN (NOT RAISED),STRAIGHT AND LEVEL,UNKNOWN,UNKNOWN,,UNABLE TO DETERMINE,UNABLE TO DETERMINE,,NONINCAPACITATING INJURY,10,10,41.9392743933,-87.7199973074,2025,30,POINT (-87.7199973074 41.9392743933),,,,,2025-10-04,False,15,Irving Park
14624,20,NO CONTROLS,NO CONTROLS,CLEAR,DAYLIGHT,PEDALCYCLIST,ONE-WAY,STRAIGHT AND LEVEL,DRY,NO DEFECTS,,UNABLE TO DETERMINE,UNABLE TO DETERMINE,,"REPORTED, NOT EVIDENT",10,10,41.8154135698,-87.6970271467,2025,20,POINT (-87.6970271467 41.8154135698),,,,,2025-10-04,False,57,Brighton Park
14625,25,NO CONTROLS,NO CONTROLS,CLEAR,DAYLIGHT,PEDALCYCLIST,ONE-WAY,STRAIGHT AND LEVEL,DRY,NO DEFECTS,,DISTRACTION - FROM OUTSIDE VEHICLE,FAILING TO REDUCE SPEED TO AVOID CRASH,,NO INDICATION OF INJURY,11,10,41.7770544278,-87.7020125899,2025,25,POINT (-87.7020125899 41.7770544278),,,,,2025-10-04,False,65,Chicago Lawn
14626,25,TRAFFIC SIGNAL,FUNCTIONING PROPERLY,CLEAR,DAYLIGHT,PEDALCYCLIST,FOUR WAY,STRAIGHT AND LEVEL,DRY,NO DEFECTS,,UNABLE TO DETERMINE,NOT APPLICABLE,,NO INDICATION OF INJURY,11,10,41.9111500202,-87.6315312169,2025,25,POINT (-87.6315312169 41.9111500202),,,,,2025-10-04,False,6,Lincoln Park
14627,30,TRAFFIC SIGNAL,FUNCTIONING PROPERLY,CLEAR,DAYLIGHT,PEDALCYCLIST,FOUR WAY,STRAIGHT AND LEVEL,DRY,NO DEFECTS,Y,IMPROPER TURNING/NO SIGNAL,FAILING TO YIELD RIGHT-OF-WAY,,"REPORTED, NOT EVIDENT",11,10,41.9243735287,-87.7268136781,2025,30,POINT (-87.7268136781 41.9243735287),,,,,2025-10-04,False,19,Hermosa
14628,30,UNKNOWN,UNKNOWN,CLEAR,DAYLIGHT,PEDALCYCLIST,NOT DIVIDED,STRAIGHT AND LEVEL,UNKNOWN,UNKNOWN,,UNABLE TO DETERMINE,UNABLE TO DETERMINE,,NO INDICATION OF INJURY,11,10,41.8999082903,-87.6305533977,2025,30,POINT (-87.6305533977 41.8999082903),,,,,2025-10-04,False,7,Near North Side
14629,30,TRAFFIC SIGNAL,FUNCTIONING PROPERLY,CLEAR,DAYLIGHT,PEDALCYCLIST,FOUR WAY,STRAIGHT AND LEVEL,UNKNOWN,UNKNOWN,Y,DISREGARDING TRAFFIC SIGNALS,DISREGARDING TRAFFIC SIGNALS,,NONINCAPACITATING INJURY,14,10,41.860333658,-87.6240471213,2025,30,POINT (-87.6240471213 41.860333658),,,,,2025-10-04,False,32,Near South Side
14630,30,NO CONTROLS,NO CONTROLS,CLEAR,DAYLIGHT,PEDALCYCLIST,DIVIDED - W/MEDIAN (NOT RAISED),STRAIGHT AND LEVEL,DRY,NO DEFECTS,,FAILING TO REDUCE SPEED TO AVOID CRASH,UNABLE TO DETERMINE,,NONINCAPACITATING INJURY,16,10,41.8668314544,-87.625669609,2025,30,POINT (-87.625669609 41.8668314544),,,,,2025-10-04,False,32,Near South Side
14631,35,TRAFFIC SIGNAL,UNKNOWN,UNKNOWN,"DARKNESS, LIGHTED ROAD",PEDALCYCLIST,DIVIDED - W/MEDIAN (NOT RAISED),STRAIGHT AND LEVEL,UNKNOWN,UNKNOWN,,UNABLE TO DETERMINE,UNABLE TO DETERMINE,,NONINCAPACITATING INJURY,18,10,41.838428603,-87.6136448533,2025,35,POINT (-87.6136448533 41.838428603),,,,,2025-10-04,False,34,Douglas
14632,30,NO CONTROLS,NO CONTROLS,CLEAR,"DARKNESS, LIGHTED ROAD",PEDALCYCLIST,ALLEY,STRAIGHT AND LEVEL,DRY,UNKNOWN,,FAILING TO YIELD RIGHT-OF-WAY,FAILING TO YIELD RIGHT-OF-WAY,,NO INDICATION OF INJURY,18,10,41.8463287713,-87.714525417,2025,30,POINT (-87.714525417 41.8463287713),,,,,2025-10-04,False,28,North Lawndale
14633,30,TRAFFIC SIGNAL,FUNCTIONING PROPERLY,CLEAR,"DARKNESS, LIGHTED ROAD",PEDALCYCLIST,NOT DIVIDED,STRAIGHT AND LEVEL,DRY,NO DEFECTS,Y,UNABLE TO DETERMINE,UNABLE TO DETERMINE,N,NONINCAPACITATING INJURY,19,10,41.8958116925,-87.6551956587,2025,30,POINT (-87.6551956587 41.8958116925),,,,,2025-10-04,False,7,Near North Side
14634,25,STOP SIGN/FLASHER,FUNCTIONING PROPERLY,CLEAR,"DARKNESS, LIGHTED ROAD",PEDALCYCLIST,NOT DIVIDED,STRAIGHT AND LEVEL,DRY,NO DEFECTS,,UNABLE TO DETERMINE,NOT APPLICABLE,,NONINCAPACITATING INJURY,22,10,41.9830130307,-87.7733372575,2025,25,POINT (-87.7733372575 41.9830130307),,,,,2025-10-04,False,10,Jefferson Park
14635,25,STOP SIGN/FLASHER,NO CONTROLS,CLEAR,DAYLIGHT,PEDALCYCLIST,NOT DIVIDED,STRAIGHT AND LEVEL,DRY,NO DEFECTS,Y,FAILING TO YIELD RIGHT-OF-WAY,NOT APPLICABLE,,"REPORTED, NOT EVIDENT",7,10,41.9322865853,-87.64225841,2025,25,POINT (-87.64225841 41.9322865853),,,,,2025-10-05,False,6,Lincoln Park
14636,30,TRAFFIC SIGNAL,FUNCTIONING PROPERLY,CLEAR,DAYLIGHT,PEDALCYCLIST,FOUR WAY,STRAIGHT AND LEVEL,DRY,NO DEFECTS,Y,UNABLE TO DETERMINE,UNABLE TO DETERMINE,,NONINCAPACITATING INJURY,12,10,41.7839643653,-87.6061537907,2025,30,POINT (-87.6061537907 41.7839643653),,,,,2025-10-05,False,39,Washington Park
14637,30,NO CONTROLS,NO CONTROLS,CLEAR,DAYLIGHT,PEDALCYCLIST,NOT DIVIDED,STRAIGHT AND LEVEL,DRY,NO DEFECTS,,UNABLE TO DETERMINE,UNABLE TO DETERMINE,,NONINCAPACITATING INJURY,13,10,41.9148162676,-87.6337038476,2025,30,POINT (-87.6337038476 41.9148162676),,,,,2025-10-05,False,6,Lincoln Park
14638,30,NO CONTROLS,UNKNOWN,CLEAR,DAYLIGHT,PEDALCYCLIST,NOT DIVIDED,STRAIGHT AND LEVEL,DRY,UNKNOWN,,IMPROPER OVERTAKING/PASSING,NOT APPLICABLE,Y,"REPORTED, NOT EVIDENT",13,10,41.9155293956,-87.6351065395,2025,30,POINT (-87.6351065395 41.9155293956),,,,,2025-10-05,False,6,Lincoln Park
14639,20,NO CONTROLS,NO CONTROLS,CLEAR,DAYLIGHT,PEDALCYCLIST,ONE-WAY,STRAIGHT AND LEVEL,DRY,UNKNOWN,,UNABLE TO DETERMINE,NOT APPLICABLE,,NO INDICATION OF INJURY,14,10,41.9064093268,-87.6728377006,2025,20,POINT (-87.6728377006 41.9064093268),,,,,2025-10-05,False,23,West Town
14640,30,NO CONTROLS,NO CONTROLS,CLEAR,DARKNESS,PEDALCYCLIST,NOT DIVIDED,STRAIGHT AND LEVEL,DRY,UNKNOWN,,IMPROPER OVERTAKING/PASSING,IMPROPER OVERTAKING/PASSING,,NONINCAPACITATING INJURY,20,10,42.0056145366,-87.7091715264,2025,30,POINT (-87.7091715264 42.0056145366),,,,,2025-10-05,False,1,West Ridge
14641,30,TRAFFIC SIGNAL,UNKNOWN,CLEAR,"DARKNESS, LIGHTED ROAD",PEDALCYCLIST,DIVIDED - W/MEDIAN (NOT RAISED),STRAIGHT AND LEVEL,DRY,UNKNOWN,,UNABLE TO DETERMINE,UNABLE TO DETERMINE,Y,NONINCAPACITATING INJURY,22,10,41.917269325,-87.7270806718,2025,30,POINT (-87.7270806718 41.917269325),,,,,2025-10-05,False,19,Hermosa
14642,30,NO CONTROLS,NO CONTROLS,CLEAR,DAYLIGHT,PEDALCYCLIST,NOT DIVIDED,STRAIGHT AND LEVEL,DRY,NO DEFECTS,,IMPROPER OVERTAKING/PASSING,IMPROPER OVERTAKING/PASSING,,NO INDICATION OF INJURY,8,10,41.896918237,-87.6566862418,2025,30,POINT (-87.6566862418 41.896918237),,,,,2025-10-06,False,7,Near North Side
14643,30,TRAFFIC SIGNAL,FUNCTIONING PROPERLY,CLEAR,DAYLIGHT,PEDALCYCLIST,DIVIDED - W/MEDIAN (NOT RAISED),STRAIGHT AND LEVEL,DRY,NO DEFECTS,,DRIVING SKILLS/KNOWLEDGE/EXPERIENCE,IMPROPER LANE USAGE,,"REPORTED, NOT EVIDENT",10,10,41.8815361224,-87.6279032894,2025,30,POINT (-87.6279032894 41.8815361224),,,,,2025-10-06,False,31,Loop
14644,30,TRAFFIC SIGNAL,FUNCTIONING PROPERLY,CLEAR,DAYLIGHT,PEDALCYCLIST,NOT DIVIDED,STRAIGHT AND LEVEL,DRY,NO DEFECTS,,UNABLE TO DETERMINE,UNABLE TO DETERMINE,N,NO INDICATION OF INJURY,13,10,41.8691766697,-87.626019153,2025,30,POINT (-87.626019153 41.8691766697),,,,,2025-10-06,False,31,Loop
14645,30,TRAFFIC SIGNAL,FUNCTIONING PROPERLY,CLEAR,DAYLIGHT,PEDALCYCLIST,"FIVE POINT, OR MORE",STRAIGHT AND LEVEL,DRY,NO DEFECTS,Y,TURNING RIGHT ON RED,FAILING TO YIELD RIGHT-OF-WAY,,NONINCAPACITATING INJURY,18,10,41.7127022472,-87.5353444048,2025,30,POINT (-87.5353444048 41.7127022472),,,,,2025-10-06,False,51,East Side
14646,30,UNKNOWN,UNKNOWN,RAIN,DAWN,PEDALCYCLIST,NOT DIVIDED,STRAIGHT AND LEVEL,WET,UNKNOWN,,FAILING TO YIELD RIGHT-OF-WAY,FAILING TO YIELD RIGHT-OF-WAY,Y,NONINCAPACITATING INJURY,8,10,41.9436609963,-87.645183607,2025,30,POINT (-87.645183607 41.9436609963),,,,,2025-10-07,False,5,Lake View
14647,30,STOP SIGN/FLASHER,FUNCTIONING PROPERLY,RAIN,DAYLIGHT,PEDALCYCLIST,ONE-WAY,STRAIGHT AND LEVEL,WET,NO DEFECTS,Y,FAILING TO YIELD RIGHT-OF-WAY,NOT APPLICABLE,,INCAPACITATING INJURY,8,10,41.8776515241,-87.6717745928,2025,30,POINT (-87.6717745928 41.8776515241),,,,,2025-10-07,True,27,Near West Side
14648,25,NO CONTROLS,FUNCTIONING PROPERLY,RAIN,DAYLIGHT,PEDALCYCLIST,ONE-WAY,STRAIGHT AND LEVEL,WET,NO DEFECTS,,IMPROPER LANE USAGE,UNABLE TO DETERMINE,,NONINCAPACITATING INJURY,8,10,41.8802047889,-87.640995167,2025,25,POINT (-87.640995167 41.8802047889),,,,,2025-10-07,False,27,Near West Side
14649,30,UNKNOWN,UNKNOWN,UNKNOWN,UNKNOWN,PEDALCYCLIST,UNKNOWN,STRAIGHT AND LEVEL,UNKNOWN,UNKNOWN,,UNABLE TO DETERMINE,UNABLE TO DETERMINE,,"REPORTED, NOT EVIDENT",8,10,41.8804631471,-87.6408038843,2025,30,POINT (-87.6408038843 41.8804631471),,,,,2025-10-07,False,27,Near West Side
14650,30,NO CONTROLS,NO CONTROLS,RAIN,"DARKNESS, LIGHTED ROAD",PEDALCYCLIST,NOT DIVIDED,STRAIGHT AND LEVEL,WET,UNKNOWN,,WEATHER,UNABLE TO DETERMINE,,NONINCAPACITATING INJURY,8,10,41.9122306341,-87.6805573631,2025,30,POINT (-87.6805573631 41.9122306341),,,,,2025-10-07,False,6,Lincoln Park
14651,30,NO CONTROLS,NO CONTROLS,RAIN,DAYLIGHT,PEDALCYCLIST,NOT DIVIDED,STRAIGHT AND LEVEL,WET,NO DEFECTS,Y,WEATHER,WEATHER,,NONINCAPACITATING INJURY,9,10,41.7704608023,-87.6641174331,2025,30,POINT (-87.6641174331 41.7704608023),,,,,2025-10-07,False,66,Englewood
14652,35,TRAFFIC SIGNAL,FUNCTIONING PROPERLY,CLEAR,"DARKNESS, LIGHTED ROAD",PEDALCYCLIST,FOUR WAY,STRAIGHT AND LEVEL,DRY,NO DEFECTS,,FAILING TO REDUCE SPEED TO AVOID CRASH,UNABLE TO DETERMINE,,NO INDICATION OF INJURY,15,10,41.9362871732,-87.6489901943,2025,35,POINT (-87.6489901943 41.9362871732),,,,,2025-10-07,False,5,Lake View
14653,30,STOP SIGN/FLASHER,FUNCTIONING PROPERLY,CLEAR,DARKNESS,PEDALCYCLIST,DIVIDED - W/MEDIAN (NOT RAISED),STRAIGHT AND LEVEL,DRY,NO DEFECTS,Y,UNABLE TO DETERMINE,NOT APPLICABLE,,NO INDICATION OF INJURY,18,10,41.7730152978,-87.7300832568,2025,30,POINT (-87.7300832568 41.7730152978),,,,,2025-10-07,False,64,West Lawn
14654,30,NO CONTROLS,NO CONTROLS,CLEAR,"DARKNESS, LIGHTED ROAD",PEDALCYCLIST,NOT DIVIDED,STRAIGHT AND LEVEL,DRY,NO DEFECTS,Y,FAILING TO YIELD RIGHT-OF-WAY,NOT APPLICABLE,,NO INDICATION OF INJURY,21,10,41.911369887,-87.6792222136,2025,30,POINT (-87.6792222136 41.911369887),,,,,2025-10-07,False,6,Lincoln Park
14655,30,TRAFFIC SIGNAL,FUNCTIONING PROPERLY,CLEAR,DAYLIGHT,PEDALCYCLIST,FOUR WAY,STRAIGHT AND LEVEL,DRY,NO DEFECTS,Y,FAILING TO YIELD RIGHT-OF-WAY,DISREGARDING ROAD MARKINGS,,NONINCAPACITATING INJURY,7,10,41.8525371433,-87.6464645041,2025,30,POINT (-87.6464645041 41.8525371433),,,,,2025-10-08,False,30,Lower West Side
14656,30,NO CONTROLS,NO CONTROLS,CLEAR,DAYLIGHT,PEDALCYCLIST,NOT DIVIDED,STRAIGHT AND LEVEL,DRY,NO DEFECTS,,FAILING TO YIELD RIGHT-OF-WAY,NOT APPLICABLE,,NONINCAPACITATING INJURY,8,10,41.9390447905,-87.7223515775,2025,30,POINT (-87.7223515775 41.9390447905),,,,,2025-10-08,False,15,Irving Park
14657,30,TRAFFIC SIGNAL,FUNCTIONING PROPERLY,CLEAR,DAYLIGHT,PEDALCYCLIST,NOT DIVIDED,STRAIGHT AND LEVEL,DRY,NO DEFECTS,,UNABLE TO DETERMINE,IMPROPER OVERTAKING/PASSING,,"REPORTED, NOT EVIDENT",8,10,41.9034221692,-87.6553767114,2025,30,POINT (-87.6553767114 41.9034221692),,,,,2025-10-08,False,7,Near North Side