Unnamed: 0,POSTED_SPEED_LIMIT,TRAFFIC_CONTROL_DEVICE,DEVICE_CONDITION,WEATHER_CONDITION,LIGHTING_CONDITION,FIRST_CRASH_TYPE,TRAFFICWAY_TYPE,ALIGNMENT,ROADWAY_SURFACE_COND,ROAD_DEFECT,INTERSECTION_RELATED_I,PRIM_CONTRIBUTORY_CAUSE,SEC_CONTRIBUTORY_CAUSE,DOORING_I,MOST_SEVERE_INJURY,CRASH_HOUR,CRASH_MONTH,LATITUDE,LONGITUDE,CRASH_YEAR,SPEED_LIMIT,geometry,DISPLAYROU,the_geom,DIST,LANE_TYPE,CRASH_DATE,is_severe,index_right,CArea
14658,30,TRAFFIC SIGNAL,FUNCTIONING PROPERLY,CLEAR,DAYLIGHT,PEDALCYCLIST,FOUR WAY,STRAIGHT AND LEVEL,DRY,NO DEFECTS,Y,FAILING TO YIELD RIGHT-OF-WAY,NOT APPLICABLE,,NONINCAPACITATING INJURY,12,10,41.8066890453,-87.6650650029,2025,30,POINT (-87.6650650029 41.8066890453),,,,,2025-10-08,False,60,New City
14659,30,TRAFFIC SIGNAL,FUNCTIONING PROPERLY,CLEAR,DAYLIGHT,PEDALCYCLIST,FOUR WAY,STRAIGHT AND LEVEL,DRY,NO DEFECTS,,UNABLE TO DETERMINE,NOT APPLICABLE,,INCAPACITATING INJURY,14,10,41.877258466,-87.7207561375,2025,30,POINT (-87.7207561375 41.877258466),,,,,2025-10-08,True,25,Garfield Park
14660,30,NO CONTROLS,NO CONTROLS,CLEAR,DAYLIGHT,PEDALCYCLIST,NOT DIVIDED,STRAIGHT AND LEVEL,DRY,NO DEFECTS,,UNABLE TO DETERMINE,NOT APPLICABLE,Y,NO INDICATION OF INJURY,15,10,41.9510640531,-87.659795128,2025,30,POINT (-87.659795128 41.9510640531),,,,,2025-10-08,False,5,Lake View
14661,30,NO CONTROLS,NO CONTROLS,CLEAR,DAYLIGHT,PEDALCYCLIST,DIVIDED - W/MEDIAN BARRIER,STRAIGHT AND LEVEL,DRY,NO DEFECTS,Y,FAILING TO YIELD RIGHT-OF-WAY,NOT APPLICABLE,,NONINCAPACITATING INJURY,15,10,41.996829488,-87.6704231658,2025,30,POINT (-87.6704231658 41.996829488),,,,,2025-10-08,False,76,Edgewater
14662,30,NO CONTROLS,NO CONTROLS,CLEAR,DAYLIGHT,PEDALCYCLIST,NOT DIVIDED,STRAIGHT AND LEVEL,DRY,NO DEFECTS,,UNABLE TO DETERMINE,NOT APPLICABLE,,"REPORTED, NOT EVIDENT",16,10,41.9517568576,-87.6603423707,2025,30,POINT (-87.6603423707 41.9517568576),,,,,2025-10-08,False,5,Lake View
14663,30,NO CONTROLS,NO CONTROLS,CLEAR,DAYLIGHT,PEDALCYCLIST,DIVIDED - W/MEDIAN (NOT RAISED),STRAIGHT AND LEVEL,DRY,NO DEFECTS,,DRIVING SKILLS/KNOWLEDGE/EXPERIENCE,NOT APPLICABLE,Y,NONINCAPACITATING INJURY,16,10,41.8673229935,-87.642654233,2025,30,POINT (-87.642654233 41.8673229935),,,,,2025-10-08,False,27,Near West Side
14664,35,NO CONTROLS,NO CONTROLS,CLEAR,DAYLIGHT,PEDALCYCLIST,FOUR WAY,STRAIGHT AND LEVEL,DRY,NO DEFECTS,,FAILING TO YIELD RIGHT-OF-WAY,FAILING TO REDUCE SPEED TO AVOID CRASH,,NO INDICATION OF INJURY,16,10,41.9538974478,-87.7164439122,2025,35,POINT (-87.7164439122 41.9538974478),,,,,2025-10-08,False,15,Irving Park
14665,30,NO CONTROLS,NO CONTROLS,CLEAR,DAYLIGHT,PEDALCYCLIST,NOT DIVIDED,STRAIGHT AND LEVEL,DRY,NO DEFECTS,,UNABLE TO DETERMINE,UNABLE TO DETERMINE,Y,INCAPACITATING INJURY,17,10,41.9416474262,-87.654306821,2025,30,POINT (-87.654306821 41.9416474262),,,,,2025-10-08,True,5,Lake View
14666,30,TRAFFIC SIGNAL,FUNCTIONING PROPERLY,CLEAR,DAYLIGHT,PEDALCYCLIST,DIVIDED - W/MEDIAN (NOT RAISED),STRAIGHT AND LEVEL,DRY,NO DEFECTS,Y,FAILING TO YIELD RIGHT-OF-WAY,"VISION OBSCURED (SIGNS, TREE LIMBS, BUILDINGS, ETC.)",,"REPORTED, NOT EVIDENT",19,10,41.9397720299,-87.6712142215,2025,30,POINT (-87.6712142215 41.9397720299),,,,,2025-10-08,False,5,Lake View
14667,30,TRAFFIC SIGNAL,FUNCTIONING PROPERLY,UNKNOWN,UNKNOWN,PEDALCYCLIST,FOUR WAY,STRAIGHT AND LEVEL,UNKNOWN,UNKNOWN,Y,IMPROPER OVERTAKING/PASSING,FAILING TO YIELD RIGHT-OF-WAY,,NONINCAPACITATING INJURY,20,10,41.918189192,-87.6388399759,2025,30,POINT (-87.6388399759 41.918189192),,,,,2025-10-08,False,6,Lincoln Park
14668,30,NO CONTROLS,NO CONTROLS,CLEAR,"DARKNESS, LIGHTED ROAD",PEDALCYCLIST,FOUR WAY,STRAIGHT AND LEVEL,DRY,NO DEFECTS,,DISREGARDING STOP SIGN,NOT APPLICABLE,,"REPORTED, NOT EVIDENT",2,10,41.9441567263,-87.7619236686,2025,30,POINT (-87.7619236686 41.9441567263),,,,,2025-10-09,False,14,Portage Park
14669,30,TRAFFIC SIGNAL,FUNCTIONING PROPERLY,CLEAR,DAYLIGHT,PEDALCYCLIST,NOT DIVIDED,STRAIGHT AND LEVEL,DRY,NO DEFECTS,Y,UNABLE TO DETERMINE,NOT APPLICABLE,,NONINCAPACITATING INJURY,7,10,41.8382513911,-87.6232948105,2025,30,POINT (-87.6232948105 41.8382513911),,,,,2025-10-09,False,34,Douglas
14670,30,TRAFFIC SIGNAL,FUNCTIONING PROPERLY,CLEAR,DAYLIGHT,PEDALCYCLIST,FOUR WAY,STRAIGHT AND LEVEL,DRY,NO DEFECTS,Y,FAILING TO YIELD RIGHT-OF-WAY,UNABLE TO DETERMINE,,"REPORTED, NOT EVIDENT",8,10,41.8669317531,-87.6714711072,2025,30,POINT (-87.6714711072 41.8669317531),,,,,2025-10-09,False,27,Near West Side
14671,30,STOP SIGN/FLASHER,FUNCTIONING PROPERLY,CLEAR,DAYLIGHT,PEDALCYCLIST,NOT DIVIDED,STRAIGHT AND LEVEL,DRY,NO DEFECTS,,UNABLE TO DETERMINE,UNABLE TO DETERMINE,,NONINCAPACITATING INJURY,8,10,41.9388178999,-87.7395558679,2025,30,POINT (-87.7395558679 41.9388178999),,,,,2025-10-09,False,19,Hermosa
14672,30,NO CONTROLS,NO CONTROLS,CLEAR,DAYLIGHT,PEDALCYCLIST,FOUR WAY,STRAIGHT AND LEVEL,DRY,NO DEFECTS,Y,UNABLE TO DETERMINE,NOT APPLICABLE,,NONINCAPACITATING INJURY,8,10,41.9689533057,-87.6725221166,2025,30,POINT (-87.6725221166 41.9689533057),,,,,2025-10-09,False,2,Uptown
14673,30,UNKNOWN,UNKNOWN,CLEAR,DAYLIGHT,PEDALCYCLIST,NOT DIVIDED,STRAIGHT AND LEVEL,DRY,NO DEFECTS,,IMPROPER TURNING/NO SIGNAL,NOT APPLICABLE,,INCAPACITATING INJURY,9,10,41.8979820239,-87.6283821732,2025,30,POINT (-87.6283821732 41.8979820239),,,,,2025-10-09,True,7,Near North Side
14674,30,NO CONTROLS,NO CONTROLS,CLEAR,DAYLIGHT,PEDALCYCLIST,OTHER,STRAIGHT AND LEVEL,DRY,UNKNOWN,,UNABLE TO DETERMINE,UNABLE TO DETERMINE,,NONINCAPACITATING INJURY,12,10,41.8064073914,-87.665058151,2025,30,POINT (-87.665058151 41.8064073914),,,,,2025-10-09,False,60,New City
14675,30,NO CONTROLS,NO CONTROLS,CLEAR,DAYLIGHT,PEDALCYCLIST,OTHER,STRAIGHT AND LEVEL,DRY,WORN SURFACE,,NOT APPLICABLE,NOT APPLICABLE,,"REPORTED, NOT EVIDENT",14,10,41.8083092273,-87.6991568076,2025,30,POINT (-87.6991568076 41.8083092273),,,,,2025-10-09,False,57,Brighton Park
14676,30,STOP SIGN/FLASHER,FUNCTIONING PROPERLY,CLEAR,DAYLIGHT,PEDALCYCLIST,NOT DIVIDED,STRAIGHT AND LEVEL,DRY,NO DEFECTS,Y,FAILING TO YIELD RIGHT-OF-WAY,NOT APPLICABLE,,NO INDICATION OF INJURY,14,10,41.908290289,-87.7167979617,2025,30,POINT (-87.7167979617 41.908290289),,,,,2025-10-09,False,22,Humboldt Park
14677,40,TRAFFIC SIGNAL,FUNCTIONING PROPERLY,CLEAR,DAYLIGHT,PEDALCYCLIST,FOUR WAY,STRAIGHT AND LEVEL,DRY,NO DEFECTS,Y,DISREGARDING TRAFFIC SIGNALS,NOT APPLICABLE,,NO INDICATION OF INJURY,17,10,41.8810297169,-87.6172815664,2025,40,POINT (-87.6172815664 41.8810297169),,,,,2025-10-09,False,31,Loop
14678,30,NO CONTROLS,NO CONTROLS,CLEAR,"DARKNESS, LIGHTED ROAD",PEDALCYCLIST,NOT DIVIDED,STRAIGHT AND LEVEL,DRY,UNKNOWN,,FAILING TO YIELD RIGHT-OF-WAY,DRIVING SKILLS/KNOWLEDGE/EXPERIENCE,,NONINCAPACITATING INJURY,18,10,41.9172942446,-87.7065452895,2025,30,POINT (-87.7065452895 41.9172942446),,,,,2025-10-09,False,21,Logan Square
14679,30,STOP SIGN/FLASHER,NO CONTROLS,UNKNOWN,"DARKNESS, LIGHTED ROAD",PEDALCYCLIST,FOUR WAY,STRAIGHT AND LEVEL,UNKNOWN,UNKNOWN,Y,FAILING TO YIELD RIGHT-OF-WAY,UNABLE TO DETERMINE,,NONINCAPACITATING INJURY,20,10,41.918139381,-87.6439645014,2025,30,POINT (-87.6439645014 41.918139381),,,,,2025-10-09,False,6,Lincoln Park
14680,30,TRAFFIC SIGNAL,FUNCTIONING PROPERLY,CLEAR,DUSK,PEDALCYCLIST,NOT DIVIDED,STRAIGHT AND LEVEL,DRY,NO DEFECTS,Y,UNABLE TO DETERMINE,UNABLE TO DETERMINE,,NO INDICATION OF INJURY,21,10,41.96872478,-87.6888910972,2025,30,POINT (-87.6888910972 41.96872478),,,,,2025-10-09,False,3,Lincoln Square
14681,30,NO CONTROLS,FUNCTIONING PROPERLY,CLEAR,DAYLIGHT,PEDALCYCLIST,NOT DIVIDED,STRAIGHT AND LEVEL,DRY,NO DEFECTS,,FAILING TO YIELD RIGHT-OF-WAY,NOT APPLICABLE,,NO INDICATION OF INJURY,7,10,41.9928405313,-87.7476469724,2025,30,POINT (-87.7476469724 41.9928405313),,,,,2025-10-10,False,11,Forest Glen
14682,30,NO CONTROLS,NO CONTROLS,CLEAR,DAYLIGHT,PEDALCYCLIST,DIVIDED - W/MEDIAN (NOT RAISED),STRAIGHT AND LEVEL,DRY,NO DEFECTS,Y,FAILING TO YIELD RIGHT-OF-WAY,NOT APPLICABLE,,INCAPACITATING INJURY,8,10,41.8940688738,-87.6771466987,2025,30,POINT (-87.6771466987 41.8940688738),,,,,2025-10-10,True,23,West Town
14683,30,STOP SIGN/FLASHER,FUNCTIONING PROPERLY,CLEAR,DAYLIGHT,PEDALCYCLIST,FOUR WAY,STRAIGHT AND LEVEL,DRY,NO DEFECTS,Y,FAILING TO YIELD RIGHT-OF-WAY,FAILING TO YIELD RIGHT-OF-WAY,,NO INDICATION OF INJURY,8,10,41.7339840824,-87.6073067302,2025,30,POINT (-87.6073067302 41.7339840824),,,,,2025-10-10,False,43,Chatham
14684,25,NO CONTROLS,NO CONTROLS,CLEAR,DAYLIGHT,PEDALCYCLIST,ALLEY,STRAIGHT AND LEVEL,DRY,NO DEFECTS,Y,FAILING TO REDUCE SPEED TO AVOID CRASH,DRIVING SKILLS/KNOWLEDGE/EXPERIENCE,,NONINCAPACITATING INJURY,9,10,41.8913064111,-87.6467262766,2025,25,POINT (-87.6467262766 41.8913064111),,,,,2025-10-10,False,7,Near North Side
14685,20,STOP SIGN/FLASHER,NO CONTROLS,CLEAR,DAYLIGHT,PEDALCYCLIST,FOUR WAY,STRAIGHT AND LEVEL,DRY,NO DEFECTS,Y,FAILING TO YIELD RIGHT-OF-WAY,NOT APPLICABLE,,NONINCAPACITATING INJURY,9,10,41.7422398836,-87.5893380779,2025,20,POINT (-87.5893380779 41.7422398836),,,,,2025-10-10,False,44,Avalon Park
14686,30,STOP SIGN/FLASHER,OTHER,CLEAR,DAYLIGHT,PEDALCYCLIST,FOUR WAY,STRAIGHT AND LEVEL,DRY,UNKNOWN,Y,DRIVING ON WRONG SIDE/WRONG WAY,NOT APPLICABLE,,NONINCAPACITATING INJURY,9,10,41.8806340554,-87.7429547312,2025,30,POINT (-87.7429547312 41.8806340554),,,,,2025-10-10,False,24,Austin
14687,30,NO CONTROLS,NO CONTROLS,CLEAR,DAYLIGHT,PEDALCYCLIST,FOUR WAY,STRAIGHT AND LEVEL,DRY,UNKNOWN,Y,UNABLE TO DETERMINE,UNABLE TO DETERMINE,Y,NONINCAPACITATING INJURY,11,10,41.7750587312,-87.7225209305,2025,30,POINT (-87.7225209305 41.7750587312),,,,,2025-10-10,False,64,West Lawn
14688,30,NO CONTROLS,NO CONTROLS,CLEAR,DAYLIGHT,PEDALCYCLIST,FOUR WAY,STRAIGHT AND LEVEL,DRY,NO DEFECTS,,IMPROPER TURNING/NO SIGNAL,NOT APPLICABLE,,NONINCAPACITATING INJURY,14,10,41.9030252441,-87.6980710751,2025,30,POINT (-87.6980710751 41.9030252441),,,,,2025-10-10,False,22,Humboldt Park
14689,30,NO CONTROLS,NO CONTROLS,CLEAR,DAYLIGHT,PEDALCYCLIST,PARKING LOT,STRAIGHT AND LEVEL,DRY,NO DEFECTS,,IMPROPER LANE USAGE,FAILING TO YIELD RIGHT-OF-WAY,,"REPORTED, NOT EVIDENT",16,10,41.9393196632,-87.7126412851,2025,30,POINT (-87.7126412851 41.9393196632),,,,,2025-10-10,False,15,Irving Park
14690,25,NO CONTROLS,NO CONTROLS,CLEAR,DAYLIGHT,PEDALCYCLIST,DIVIDED - W/MEDIAN (NOT RAISED),STRAIGHT AND LEVEL,DRY,NO DEFECTS,,FAILING TO YIELD RIGHT-OF-WAY,DRIVING SKILLS/KNOWLEDGE/EXPERIENCE,,NO INDICATION OF INJURY,16,10,41.9304965319,-87.7095113245,2025,25,POINT (-87.7095113245 41.9304965319),,,,,2025-10-10,False,21,Logan Square
14691,30,TRAFFIC SIGNAL,FUNCTIONING PROPERLY,CLEAR,DAYLIGHT,PEDALCYCLIST,FOUR WAY,STRAIGHT AND LEVEL,DRY,NO DEFECTS,Y,IMPROPER TURNING/NO SIGNAL,NOT APPLICABLE,,NONINCAPACITATING INJURY,17,10,41.9028980933,-87.7116243977,2025,30,POINT (-87.7116243977 41.9028980933),,,,,2025-10-10,False,22,Humboldt Park
14692,30,NO CONTROLS,NO CONTROLS,CLEAR,"DARKNESS, LIGHTED ROAD",PEDALCYCLIST,DIVIDED - W/MEDIAN (NOT RAISED),STRAIGHT AND LEVEL,DRY,NO DEFECTS,,UNABLE TO DETERMINE,UNABLE TO DETERMINE,,NONINCAPACITATING INJURY,18,10,41.9754144338,-87.7085277127,2025,30,POINT (-87.7085277127 41.9754144338),,,,,2025-10-10,False,12,North Park
14693,30,TRAFFIC SIGNAL,FUNCTIONING PROPERLY,CLEAR,"DARKNESS, LIGHTED ROAD",PEDALCYCLIST,"FIVE POINT, OR MORE",STRAIGHT AND LEVEL,DRY,NO DEFECTS,Y,UNABLE TO DETERMINE,UNABLE TO DETERMINE,,NONINCAPACITATING INJURY,20,10,41.9524462471,-87.809535869,2025,30,POINT (-87.809535869 41.9524462471),,,,,2025-10-10,False,16,Dunning
14694,25,TRAFFIC SIGNAL,UNKNOWN,CLEAR,"DARKNESS, LIGHTED ROAD",PEDALCYCLIST,DIVIDED - W/MEDIAN (NOT RAISED),STRAIGHT AND LEVEL,DRY,UNKNOWN,Y,UNABLE TO DETERMINE,NOT APPLICABLE,,"REPORTED, NOT EVIDENT",23,10,41.8813532144,-87.6659159393,2025,25,POINT (-87.6659159393 41.8813532144),,,,,2025-10-10,False,27,Near West Side
14695,30,TRAFFIC SIGNAL,FUNCTIONING PROPERLY,CLEAR,DAYLIGHT,PEDALCYCLIST,NOT DIVIDED,STRAIGHT AND LEVEL,DRY,NO DEFECTS,,IMPROPER LANE USAGE,UNABLE TO DETERMINE,,INCAPACITATING INJURY,8,10,41.7757698807,-87.5763473518,2025,30,POINT (-87.5763473518 41.7757698807),,,,,2025-10-11,True,41,Woodlawn
14696,30,TRAFFIC SIGNAL,UNKNOWN,CLEAR,DAYLIGHT,PEDALCYCLIST,FOUR WAY,STRAIGHT AND LEVEL,DRY,UNKNOWN,Y,FAILING TO REDUCE SPEED TO AVOID CRASH,"OPERATING VEHICLE IN ERRATIC, RECKLESS, CARELESS, NEGLIGENT OR AGGRESSIVE MANNER",,NO INDICATION OF INJURY,11,10,41.9239338459,-87.7758707827,2025,30,POINT (-87.7758707827 41.9239338459),,,,,2025-10-11,False,18,Belmont Cragin
14697,30,NO CONTROLS,NO CONTROLS,CLEAR,DAYLIGHT,PEDALCYCLIST,NOT DIVIDED,STRAIGHT AND LEVEL,DRY,UNKNOWN,,IMPROPER TURNING/NO SIGNAL,IMPROPER TURNING/NO SIGNAL,,NONINCAPACITATING INJURY,14,10,41.997666735,-87.6872254933,2025,30,POINT (-87.6872254933 41.997666735),,,,,2025-10-11,False,1,West Ridge
14698,15,NO CONTROLS,NO CONTROLS,CLEAR,DAWN,PEDALCYCLIST,NOT DIVIDED,STRAIGHT AND LEVEL,DRY,NO DEFECTS,,IMPROPER LANE USAGE,NOT APPLICABLE,,NO INDICATION OF INJURY,19,10,41.926967676,-87.6604725685,2025,15,POINT (-87.6604725685 41.926967676),,,,,2025-10-11,False,6,Lincoln Park
14699,30,TRAFFIC SIGNAL,FUNCTIONING PROPERLY,CLEAR,DARKNESS,PEDALCYCLIST,ONE-WAY,STRAIGHT AND LEVEL,DRY,UNKNOWN,,UNABLE TO DETERMINE,UNABLE TO DETERMINE,Y,"REPORTED, NOT EVIDENT",20,10,41.83462545,-87.6219844352,2025,30,POINT (-87.6219844352 41.83462545),,,,,2025-10-11,False,34,Douglas
14700,30,NO CONTROLS,NO CONTROLS,CLEAR,"DARKNESS, LIGHTED ROAD",PEDALCYCLIST,DIVIDED - W/MEDIAN (NOT RAISED),STRAIGHT AND LEVEL,DRY,UNKNOWN,,UNABLE TO DETERMINE,NOT APPLICABLE,,NO INDICATION OF INJURY,20,10,41.9006108215,-87.6721648429,2025,30,POINT (-87.6721648429 41.9006108215),,,,,2025-10-11,False,23,West Town
14701,30,NO CONTROLS,NO CONTROLS,CLEAR,"DARKNESS, LIGHTED ROAD",PEDALCYCLIST,NOT DIVIDED,STRAIGHT AND LEVEL,DRY,NO DEFECTS,,UNABLE TO DETERMINE,NOT APPLICABLE,Y,NONINCAPACITATING INJURY,23,10,42.0080255979,-87.6813163468,2025,30,POINT (-87.6813163468 42.0080255979),,,,,2025-10-11,False,0,Rogers Park
14702,30,NO CONTROLS,NO CONTROLS,CLEAR,DAYLIGHT,PEDALCYCLIST,NOT DIVIDED,STRAIGHT AND LEVEL,DRY,NO DEFECTS,,IMPROPER BACKING,NOT APPLICABLE,,NO INDICATION OF INJURY,2,10,41.8646862051,-87.6286007752,2025,30,POINT (-87.6286007752 41.8646862051),,,,,2025-10-12,False,32,Near South Side
14703,30,TRAFFIC SIGNAL,UNKNOWN,CLEAR,DAYLIGHT,PEDALCYCLIST,NOT DIVIDED,STRAIGHT AND LEVEL,DRY,UNKNOWN,Y,FAILING TO YIELD RIGHT-OF-WAY,UNABLE TO DETERMINE,Y,"REPORTED, NOT EVIDENT",9,10,41.8966624152,-87.6371013805,2025,30,POINT (-87.6371013805 41.8966624152),,,,,2025-10-12,False,7,Near North Side
14704,30,TRAFFIC SIGNAL,UNKNOWN,CLEAR,DAYLIGHT,PEDALCYCLIST,FOUR WAY,STRAIGHT AND LEVEL,UNKNOWN,UNKNOWN,,IMPROPER OVERTAKING/PASSING,NOT APPLICABLE,,"REPORTED, NOT EVIDENT",10,10,41.9585247268,-87.6499646033,2025,30,POINT (-87.6499646033 41.9585247268),,,,,2025-10-12,False,2,Uptown
14705,30,TRAFFIC SIGNAL,FUNCTIONING PROPERLY,CLEAR,DAYLIGHT,PEDALCYCLIST,DIVIDED - W/MEDIAN BARRIER,STRAIGHT AND LEVEL,DRY,NO DEFECTS,Y,FAILING TO YIELD RIGHT-OF-WAY,NOT APPLICABLE,,"REPORTED, NOT EVIDENT",10,10,41.875195467,-87.6664800843,2025,30,POINT (-87.6664800843 41.875195467),,,,,2025-10-12,False,27,Near West Side
14706,30,NO CONTROLS,NO CONTROLS,CLEAR,DAYLIGHT,PEDALCYCLIST,ONE-WAY,STRAIGHT AND LEVEL,DRY,UNKNOWN,,UNABLE TO DETERMINE,UNABLE TO DETERMINE,,NO INDICATION OF INJURY,14,10,41.9515139073,-87.6488195385,2025,30,POINT (-87.6488195385 41.9515139073),,,,,2025-10-12,False,5,Lake View
14707,30,TRAFFIC SIGNAL,UNKNOWN,CLEAR,DAYLIGHT,PEDALCYCLIST,NOT DIVIDED,STRAIGHT AND LEVEL,DRY,NO DEFECTS,,FAILING TO YIELD RIGHT-OF-WAY,NOT APPLICABLE,Y,NONINCAPACITATING INJURY,17,10,41.9370867102,-87.6441543183,2025,30,POINT (-87.6441543183 41.9370867102),,,,,2025-10-12,False,5,Lake View
14708,30,NO CONTROLS,NO CONTROLS,CLEAR,DAYLIGHT,PEDALCYCLIST,CENTER TURN LANE,STRAIGHT AND LEVEL,DRY,NO DEFECTS,,IMPROPER OVERTAKING/PASSING,NOT APPLICABLE,Y,"REPORTED, NOT EVIDENT",17,10,41.8768268838,-87.643801632,2025,30,POINT (-87.643801632 41.8768268838),,,,,2025-10-12,False,27,Near West Side
14709,30,STOP SIGN/FLASHER,FUNCTIONING PROPERLY,CLEAR,DUSK,PEDALCYCLIST,FOUR WAY,STRAIGHT AND LEVEL,DRY,NO DEFECTS,Y,DISREGARDING STOP SIGN,NOT APPLICABLE,,NO INDICATION OF INJURY,18,10,41.8928874616,-87.7581218187,2025,30,POINT (-87.7581218187 41.8928874616),,,,,2025-10-12,False,24,Austin
14710,30,TRAFFIC SIGNAL,FUNCTIONING PROPERLY,CLEAR,DARKNESS,PEDALCYCLIST,NOT DIVIDED,STRAIGHT AND LEVEL,DRY,UNKNOWN,Y,UNABLE TO DETERMINE,UNABLE TO DETERMINE,,NONINCAPACITATING INJURY,21,10,42.0005953623,-87.6608657723,2025,30,POINT (-87.6608657723 42.0005953623),,,,,2025-10-12,False,0,Rogers Park
14711,30,UNKNOWN,UNKNOWN,CLOUDY/OVERCAST,DAYLIGHT,PEDALCYCLIST,NOT DIVIDED,STRAIGHT AND LEVEL,UNKNOWN,UNKNOWN,,UNABLE TO DETERMINE,UNABLE TO DETERMINE,,NO INDICATION OF INJURY,14,10,41.917606359,-87.6380134916,2025,30,POINT (-87.6380134916 41.917606359),,,,,2025-10-13,False,6,Lincoln Park
14712,30,NO CONTROLS,NO CONTROLS,CLEAR,DAYLIGHT,PEDALCYCLIST,NOT DIVIDED,STRAIGHT AND LEVEL,UNKNOWN,UNKNOWN,Y,FAILING TO YIELD RIGHT-OF-WAY,FAILING TO YIELD RIGHT-OF-WAY,Y,NONINCAPACITATING INJURY,17,10,41.9180984613,-87.6465049226,2025,30,POINT (-87.6465049226 41.9180984613),,,,,2025-10-13,False,6,Lincoln Park
14713,30,NO CONTROLS,NO CONTROLS,CLEAR,"DARKNESS, LIGHTED ROAD",PEDALCYCLIST,NOT DIVIDED,STRAIGHT AND LEVEL,DRY,NO DEFECTS,,UNABLE TO DETERMINE,UNABLE TO DETERMINE,Y,NO INDICATION OF INJURY,18,10,41.9687860901,-87.6846095963,2025,30,POINT (-87.6846095963 41.9687860901),,,,,2025-10-13,False,3,Lincoln Square
14714,30,TRAFFIC SIGNAL,FUNCTIONING PROPERLY,CLEAR,DAYLIGHT,PEDALCYCLIST,FOUR WAY,STRAIGHT AND LEVEL,DRY,NO DEFECTS,Y,FAILING TO YIELD RIGHT-OF-WAY,UNABLE TO DETERMINE,,NO INDICATION OF INJURY,8,10,41.9484591172,-87.6881583245,2025,30,POINT (-87.6881583245 41.9484591172),,,,,2025-10-14,False,4,North Center
14715,30,TRAFFIC SIGNAL,FUNCTIONING PROPERLY,UNKNOWN,UNKNOWN,PEDALCYCLIST,UNKNOWN INTERSECTION TYPE,STRAIGHT AND LEVEL,UNKNOWN,UNKNOWN,,UNABLE TO DETERMINE,NOT APPLICABLE,,NO INDICATION OF INJURY,10,10,41.885617411,-87.6259924137,2025,30,POINT (-87.6259924137 41.885617411),,,,,2025-10-14,False,31,Loop
14716,25,NO CONTROLS,NO CONTROLS,CLEAR,DAYLIGHT,PEDALCYCLIST,ONE-WAY,STRAIGHT AND LEVEL,DRY,NO DEFECTS,,UNABLE TO DETERMINE,NOT APPLICABLE,,NONINCAPACITATING INJURY,11,10,41.8917321351,-87.6180012358,2025,25,POINT (-87.6180012358 41.8917321351),,,,,2025-10-14,False,7,Near North Side
14717,30,TRAFFIC SIGNAL,FUNCTIONING PROPERLY,CLEAR,DAYLIGHT,PEDALCYCLIST,CENTER TURN LANE,STRAIGHT AND LEVEL,DRY,UNKNOWN,Y,IMPROPER TURNING/NO SIGNAL,IMPROPER OVERTAKING/PASSING,,NONINCAPACITATING INJURY,14,10,41.866948935,-87.6529010669,2025,30,POINT (-87.6529010669 41.866948935),,,,,2025-10-14,False,27,Near West Side
14718,30,UNKNOWN,UNKNOWN,UNKNOWN,UNKNOWN,PEDALCYCLIST,NOT DIVIDED,STRAIGHT AND LEVEL,UNKNOWN,UNKNOWN,,FAILING TO YIELD RIGHT-OF-WAY,NOT APPLICABLE,,NONINCAPACITATING INJURY,14,10,41.8991772261,-87.6284135858,2025,30,POINT (-87.6284135858 41.8991772261),,,,,2025-10-14,False,7,Near North Side
14719,30,TRAFFIC SIGNAL,FUNCTIONING PROPERLY,CLEAR,DAYLIGHT,PEDALCYCLIST,ONE-WAY,STRAIGHT AND LEVEL,DRY,NO DEFECTS,,NOT APPLICABLE,NOT APPLICABLE,Y,NONINCAPACITATING INJURY,15,10,41.8916006499,-87.6254331099,2025,30,POINT (-87.6254331099 41.8916006499),,,,,2025-10-14,False,7,Near North Side
14720,30,NO CONTROLS,NO CONTROLS,CLEAR,DAYLIGHT,PEDALCYCLIST,NOT DIVIDED,STRAIGHT AND LEVEL,DRY,NO DEFECTS,,IMPROPER TURNING/NO SIGNAL,NOT APPLICABLE,,NONINCAPACITATING INJURY,15,10,41.881650067,-87.7497177662,2025,30,POINT (-87.7497177662 41.881650067),,,,,2025-10-14,False,24,Austin
14721,20,NO CONTROLS,NO CONTROLS,CLEAR,DAYLIGHT,PEDALCYCLIST,FOUR WAY,STRAIGHT AND LEVEL,DRY,NO DEFECTS,,FAILING TO REDUCE SPEED TO AVOID CRASH,UNABLE TO DETERMINE,,NONINCAPACITATING INJURY,15,10,41.6807902391,-87.6834077293,2025,20,POINT (-87.6834077293 41.6807902391),,,,,2025-10-14,False,74,Morgan Park
14722,30,NO CONTROLS,NO CONTROLS,CLEAR,DAYLIGHT,PEDALCYCLIST,PARKING LOT,STRAIGHT AND LEVEL,DRY,UNKNOWN,,DRIVING SKILLS/KNOWLEDGE/EXPERIENCE,NOT APPLICABLE,,NONINCAPACITATING INJURY,15,10,41.9169344398,-87.7363871475,2025,30,POINT (-87.7363871475 41.9169344398),,,,,2025-10-14,False,19,Hermosa