Unnamed: 0,POSTED_SPEED_LIMIT,TRAFFIC_CONTROL_DEVICE,DEVICE_CONDITION,WEATHER_CONDITION,LIGHTING_CONDITION,FIRST_CRASH_TYPE,TRAFFICWAY_TYPE,ALIGNMENT,ROADWAY_SURFACE_COND,ROAD_DEFECT,INTERSECTION_RELATED_I,PRIM_CONTRIBUTORY_CAUSE,SEC_CONTRIBUTORY_CAUSE,DOORING_I,MOST_SEVERE_INJURY,CRASH_HOUR,CRASH_MONTH,LATITUDE,LONGITUDE,CRASH_YEAR,SPEED_LIMIT,geometry,DISPLAYROU,the_geom,DIST,LANE_TYPE,CRASH_DATE,is_severe,index_right,CArea
14723,30,TRAFFIC SIGNAL,FUNCTIONING PROPERLY,CLEAR,DAYLIGHT,PEDALCYCLIST,ONE-WAY,STRAIGHT AND LEVEL,DRY,NO DEFECTS,Y,FAILING TO REDUCE SPEED TO AVOID CRASH,NOT APPLICABLE,,NO INDICATION OF INJURY,17,10,41.8814799988,-87.6263407546,2025,30,POINT (-87.6263407546 41.8814799988),,,,,2025-10-14,False,31,Loop
14724,25,NO CONTROLS,FUNCTIONING PROPERLY,CLEAR,DAYLIGHT,PEDALCYCLIST,NOT DIVIDED,STRAIGHT AND LEVEL,DRY,NO DEFECTS,,UNABLE TO DETERMINE,UNABLE TO DETERMINE,,"REPORTED, NOT EVIDENT",17,10,41.8800452075,-87.6675661644,2025,25,POINT (-87.6675661644 41.8800452075),,,,,2025-10-14,False,27,Near West Side
14725,30,TRAFFIC SIGNAL,FUNCTIONING PROPERLY,RAIN,DAYLIGHT,PEDALCYCLIST,NOT DIVIDED,STRAIGHT AND LEVEL,WET,NO DEFECTS,Y,FAILING TO YIELD RIGHT-OF-WAY,NOT APPLICABLE,,"REPORTED, NOT EVIDENT",9,10,41.8920487489,-87.6129693996,2025,30,POINT (-87.6129693996 41.8920487489),,,,,2025-10-15,False,7,Near North Side
14726,25,NO CONTROLS,NO CONTROLS,RAIN,DAYLIGHT,PEDALCYCLIST,NOT DIVIDED,STRAIGHT AND LEVEL,WET,NO DEFECTS,,FAILING TO YIELD RIGHT-OF-WAY,WEATHER,Y,"REPORTED, NOT EVIDENT",11,10,41.9386289078,-87.6719861317,2025,25,POINT (-87.6719861317 41.9386289078),,,,,2025-10-15,False,5,Lake View
14727,10,NO CONTROLS,NO CONTROLS,CLEAR,DAYLIGHT,PEDALCYCLIST,ALLEY,STRAIGHT AND LEVEL,DRY,NO DEFECTS,,UNABLE TO DETERMINE,FAILING TO YIELD RIGHT-OF-WAY,Y,"REPORTED, NOT EVIDENT",12,10,41.8728060975,-87.7252564198,2025,10,POINT (-87.7252564198 41.8728060975),,,,,2025-10-15,False,25,Garfield Park
14728,25,STOP SIGN/FLASHER,FUNCTIONING PROPERLY,CLOUDY/OVERCAST,DAYLIGHT,PEDALCYCLIST,NOT DIVIDED,STRAIGHT AND LEVEL,DRY,NO DEFECTS,,UNABLE TO DETERMINE,UNABLE TO DETERMINE,,"REPORTED, NOT EVIDENT",13,10,41.8532992025,-87.6466595773,2025,25,POINT (-87.6466595773 41.8532992025),,,,,2025-10-15,False,30,Lower West Side
14729,30,NO CONTROLS,NO CONTROLS,CLEAR,DAYLIGHT,PEDALCYCLIST,NOT DIVIDED,STRAIGHT AND LEVEL,DRY,UNKNOWN,,FAILING TO YIELD RIGHT-OF-WAY,FAILING TO YIELD RIGHT-OF-WAY,,NO INDICATION OF INJURY,16,10,41.9596515484,-87.7276269641,2025,30,POINT (-87.7276269641 41.9596515484),,,,,2025-10-15,False,15,Irving Park
14730,35,NO CONTROLS,NO CONTROLS,CLEAR,"DARKNESS, LIGHTED ROAD",PEDALCYCLIST,NOT DIVIDED,STRAIGHT AND LEVEL,DRY,NO DEFECTS,,FAILING TO REDUCE SPEED TO AVOID CRASH,UNABLE TO DETERMINE,,"REPORTED, NOT EVIDENT",19,10,41.889265416,-87.6278676579,2025,35,POINT (-87.6278676579 41.889265416),,,,,2025-10-15,False,7,Near North Side
14731,30,STOP SIGN/FLASHER,FUNCTIONING PROPERLY,CLEAR,"DARKNESS, LIGHTED ROAD",PEDALCYCLIST,FOUR WAY,STRAIGHT AND LEVEL,DRY,NO DEFECTS,,DISREGARDING TRAFFIC SIGNALS,NOT APPLICABLE,,NONINCAPACITATING INJURY,21,10,41.9721789684,-87.7087294642,2025,30,POINT (-87.7087294642 41.9721789684),,,,,2025-10-15,False,12,North Park
14732,30,NO CONTROLS,NO CONTROLS,CLEAR,DAYLIGHT,PEDALCYCLIST,NOT DIVIDED,STRAIGHT AND LEVEL,DRY,NO DEFECTS,,FOLLOWING TOO CLOSELY,FAILING TO REDUCE SPEED TO AVOID CRASH,,NONINCAPACITATING INJURY,6,10,41.9175184831,-87.7057677765,2025,30,POINT (-87.7057677765 41.9175184831),,,,,2025-10-16,False,21,Logan Square
14733,30,NO CONTROLS,FUNCTIONING PROPERLY,CLEAR,DAYLIGHT,PEDALCYCLIST,DIVIDED - W/MEDIAN BARRIER,STRAIGHT AND LEVEL,DRY,NO DEFECTS,Y,FAILING TO YIELD RIGHT-OF-WAY,FAILING TO YIELD RIGHT-OF-WAY,,NONINCAPACITATING INJURY,8,10,41.9111881223,-87.6410797591,2025,30,POINT (-87.6410797591 41.9111881223),,,,,2025-10-16,False,6,Lincoln Park
14734,35,NO CONTROLS,NO CONTROLS,CLEAR,DAYLIGHT,PEDALCYCLIST,NOT DIVIDED,STRAIGHT AND LEVEL,DRY,NO DEFECTS,,UNABLE TO DETERMINE,UNABLE TO DETERMINE,,"REPORTED, NOT EVIDENT",8,10,41.7725954825,-87.6301875364,2025,35,POINT (-87.6301875364 41.7725954825),,,,,2025-10-16,False,67,Englewood
14735,30,YIELD,NOT FUNCTIONING,CLEAR,DAYLIGHT,PEDALCYCLIST,NOT DIVIDED,STRAIGHT AND LEVEL,DRY,NO DEFECTS,,UNABLE TO DETERMINE,UNABLE TO DETERMINE,,NO INDICATION OF INJURY,14,10,41.8949819167,-87.6532391027,2025,30,POINT (-87.6532391027 41.8949819167),,,,,2025-10-16,False,7,Near North Side
14736,30,NO CONTROLS,NO CONTROLS,CLEAR,DAYLIGHT,PEDALCYCLIST,NOT DIVIDED,STRAIGHT AND LEVEL,DRY,NO DEFECTS,,FAILING TO YIELD RIGHT-OF-WAY,FAILING TO REDUCE SPEED TO AVOID CRASH,,"REPORTED, NOT EVIDENT",16,10,41.8779156,-87.6562164611,2025,30,POINT (-87.6562164611 41.8779156),,,,,2025-10-16,False,27,Near West Side
14737,30,NO CONTROLS,NO CONTROLS,CLEAR,DAYLIGHT,PEDALCYCLIST,NOT DIVIDED,STRAIGHT AND LEVEL,UNKNOWN,UNKNOWN,,UNABLE TO DETERMINE,UNABLE TO DETERMINE,N,NO INDICATION OF INJURY,16,10,41.9431323773,-87.7078778556,2025,30,POINT (-87.7078778556 41.9431323773),,,,,2025-10-16,False,15,Irving Park
14738,30,STOP SIGN/FLASHER,FUNCTIONING PROPERLY,CLEAR,DAYLIGHT,PEDALCYCLIST,DIVIDED - W/MEDIAN (NOT RAISED),STRAIGHT AND LEVEL,DRY,UNKNOWN,Y,UNABLE TO DETERMINE,UNABLE TO DETERMINE,,NONINCAPACITATING INJURY,16,10,41.7139159828,-87.6579640959,2025,30,POINT (-87.6579640959 41.7139159828),,,,,2025-10-16,False,71,Beverly
14739,30,NO CONTROLS,NO CONTROLS,CLEAR,DAYLIGHT,PEDALCYCLIST,NOT DIVIDED,STRAIGHT AND LEVEL,DRY,NO DEFECTS,,FAILING TO REDUCE SPEED TO AVOID CRASH,FAILING TO REDUCE SPEED TO AVOID CRASH,,"REPORTED, NOT EVIDENT",16,10,41.8883012274,-87.6294066924,2025,30,POINT (-87.6294066924 41.8883012274),,,,,2025-10-16,False,7,Near North Side
14740,20,NO CONTROLS,NO CONTROLS,CLEAR,DAYLIGHT,PEDALCYCLIST,OTHER,STRAIGHT AND LEVEL,DRY,NO DEFECTS,,FAILING TO YIELD RIGHT-OF-WAY,FAILING TO YIELD RIGHT-OF-WAY,,NONINCAPACITATING INJURY,17,10,41.8857963123,-87.6296461541,2025,20,POINT (-87.6296461541 41.8857963123),,,,,2025-10-16,False,31,Loop
14741,30,TRAFFIC SIGNAL,UNKNOWN,CLEAR,DAYLIGHT,PEDALCYCLIST,NOT DIVIDED,STRAIGHT AND LEVEL,DRY,UNKNOWN,,IMPROPER TURNING/NO SIGNAL,IMPROPER TURNING/NO SIGNAL,,NONINCAPACITATING INJURY,17,10,41.9648074963,-87.7084196444,2025,30,POINT (-87.7084196444 41.9648074963),,,,,2025-10-16,False,13,Albany Park
14742,30,NO CONTROLS,NO CONTROLS,CLEAR,DUSK,PEDALCYCLIST,DIVIDED - W/MEDIAN (NOT RAISED),STRAIGHT AND LEVEL,DRY,NO DEFECTS,,UNABLE TO DETERMINE,FAILING TO YIELD RIGHT-OF-WAY,,NO INDICATION OF INJURY,17,10,41.9033174306,-87.6343120597,2025,30,POINT (-87.6343120597 41.9033174306),,,,,2025-10-16,False,7,Near North Side
14743,25,NO CONTROLS,NO CONTROLS,CLEAR,DAYLIGHT,PEDALCYCLIST,DIVIDED - W/MEDIAN (NOT RAISED),STRAIGHT AND LEVEL,DRY,NO DEFECTS,,UNABLE TO DETERMINE,UNABLE TO DETERMINE,Y,NONINCAPACITATING INJURY,8,10,42.0192831762,-87.6738651898,2025,25,POINT (-87.6738651898 42.0192831762),,,,,2025-10-17,False,0,Rogers Park
14744,30,NO CONTROLS,NO CONTROLS,CLEAR,DAYLIGHT,PEDALCYCLIST,DIVIDED - W/MEDIAN (NOT RAISED),STRAIGHT AND LEVEL,DRY,NO DEFECTS,,FAILING TO REDUCE SPEED TO AVOID CRASH,"OPERATING VEHICLE IN ERRATIC, RECKLESS, CARELESS, NEGLIGENT OR AGGRESSIVE MANNER",,NONINCAPACITATING INJURY,9,10,41.8705139253,-87.7254802275,2025,30,POINT (-87.7254802275 41.8705139253),,,,,2025-10-17,False,25,Garfield Park
14745,30,TRAFFIC SIGNAL,FUNCTIONING PROPERLY,CLEAR,DAYLIGHT,PEDALCYCLIST,DIVIDED - W/MEDIAN (NOT RAISED),STRAIGHT AND LEVEL,DRY,NO DEFECTS,,IMPROPER LANE USAGE,UNABLE TO DETERMINE,,NO INDICATION OF INJURY,11,10,41.8745944769,-87.6333625283,2025,30,POINT (-87.6333625283 41.8745944769),,,,,2025-10-17,False,31,Loop
14746,30,NO CONTROLS,NO CONTROLS,CLEAR,DAYLIGHT,PEDALCYCLIST,NOT DIVIDED,STRAIGHT AND LEVEL,DRY,NO DEFECTS,,UNABLE TO DETERMINE,NOT APPLICABLE,,NO INDICATION OF INJURY,12,10,41.7687887417,-87.6408112906,2025,30,POINT (-87.6408112906 41.7687887417),,,,,2025-10-17,False,67,Englewood
14747,30,NO CONTROLS,NO CONTROLS,CLEAR,DAYLIGHT,PEDALCYCLIST,NOT DIVIDED,STRAIGHT AND LEVEL,DRY,NO DEFECTS,,UNABLE TO DETERMINE,UNABLE TO DETERMINE,,NONINCAPACITATING INJURY,12,10,41.8757577378,-87.6861084698,2025,30,POINT (-87.6861084698 41.8757577378),,,,,2025-10-17,False,27,Near West Side
14748,30,UNKNOWN,UNKNOWN,UNKNOWN,DAYLIGHT,PEDALCYCLIST,NOT DIVIDED,STRAIGHT AND LEVEL,UNKNOWN,UNKNOWN,,UNABLE TO DETERMINE,NOT APPLICABLE,,NO INDICATION OF INJURY,16,10,41.9035383318,-87.6617871662,2025,30,POINT (-87.6617871662 41.9035383318),,,,,2025-10-17,False,23,West Town
14749,30,TRAFFIC SIGNAL,FUNCTIONING PROPERLY,CLEAR,DAYLIGHT,PEDALCYCLIST,FOUR WAY,STRAIGHT AND LEVEL,DRY,NO DEFECTS,Y,FAILING TO YIELD RIGHT-OF-WAY,FAILING TO REDUCE SPEED TO AVOID CRASH,,"REPORTED, NOT EVIDENT",16,10,41.8910245134,-87.6252901507,2025,30,POINT (-87.6252901507 41.8910245134),,,,,2025-10-17,False,7,Near North Side
14750,30,NO CONTROLS,NO CONTROLS,CLEAR,DAYLIGHT,PEDALCYCLIST,NOT DIVIDED,STRAIGHT AND LEVEL,DRY,NO DEFECTS,Y,IMPROPER TURNING/NO SIGNAL,UNABLE TO DETERMINE,,NONINCAPACITATING INJURY,16,10,41.8642007477,-87.6469806143,2025,30,POINT (-87.6469806143 41.8642007477),,,,,2025-10-17,False,27,Near West Side
14751,30,TRAFFIC SIGNAL,FUNCTIONING PROPERLY,CLEAR,DAYLIGHT,PEDALCYCLIST,FOUR WAY,STRAIGHT AND LEVEL,DRY,UNKNOWN,Y,FAILING TO REDUCE SPEED TO AVOID CRASH,NOT APPLICABLE,,NONINCAPACITATING INJURY,17,10,41.8893216859,-87.6311329853,2025,30,POINT (-87.6311329853 41.8893216859),,,,,2025-10-17,False,7,Near North Side
14752,30,NO CONTROLS,NO CONTROLS,CLEAR,DAYLIGHT,PEDALCYCLIST,NOT DIVIDED,STRAIGHT AND LEVEL,DRY,NO DEFECTS,,FAILING TO YIELD RIGHT-OF-WAY,FAILING TO YIELD RIGHT-OF-WAY,,"REPORTED, NOT EVIDENT",17,10,41.9207457344,-87.6935969459,2025,30,POINT (-87.6935969459 41.9207457344),,,,,2025-10-17,False,21,Logan Square
14753,30,TRAFFIC SIGNAL,FUNCTIONING PROPERLY,CLEAR,DAYLIGHT,PEDALCYCLIST,FOUR WAY,STRAIGHT AND LEVEL,DRY,NO DEFECTS,Y,FAILING TO YIELD RIGHT-OF-WAY,DRIVING SKILLS/KNOWLEDGE/EXPERIENCE,,NO INDICATION OF INJURY,17,10,41.9205315931,-87.7757501773,2025,30,POINT (-87.7757501773 41.9205315931),,,,,2025-10-17,False,18,Belmont Cragin
14754,30,TRAFFIC SIGNAL,FUNCTIONING PROPERLY,CLEAR,"DARKNESS, LIGHTED ROAD",PEDALCYCLIST,FOUR WAY,STRAIGHT AND LEVEL,UNKNOWN,UNKNOWN,Y,FAILING TO YIELD RIGHT-OF-WAY,FAILING TO YIELD RIGHT-OF-WAY,,NONINCAPACITATING INJURY,18,10,41.9537461868,-87.7129631256,2025,30,POINT (-87.7129631256 41.9537461868),,,,,2025-10-17,False,15,Irving Park
14755,30,NO CONTROLS,NO CONTROLS,CLEAR,DARKNESS,PEDALCYCLIST,NOT DIVIDED,STRAIGHT AND LEVEL,DRY,UNKNOWN,,FAILING TO YIELD RIGHT-OF-WAY,DRIVING SKILLS/KNOWLEDGE/EXPERIENCE,,NO INDICATION OF INJURY,20,10,41.8795052732,-87.7254817236,2025,30,POINT (-87.7254817236 41.8795052732),,,,,2025-10-17,False,25,Garfield Park
14756,25,NO CONTROLS,NO CONTROLS,CLEAR,"DARKNESS, LIGHTED ROAD",PEDALCYCLIST,NOT DIVIDED,STRAIGHT AND LEVEL,UNKNOWN,UNKNOWN,Y,DRIVING SKILLS/KNOWLEDGE/EXPERIENCE,DRIVING SKILLS/KNOWLEDGE/EXPERIENCE,,NONINCAPACITATING INJURY,20,10,41.9767566414,-87.8417763839,2025,25,POINT (-87.8417763839 41.9767566414),,,,,2025-10-17,False,75,O'Hare
14757,30,TRAFFIC SIGNAL,FUNCTIONING PROPERLY,CLEAR,"DARKNESS, LIGHTED ROAD",PEDALCYCLIST,FOUR WAY,STRAIGHT AND LEVEL,DRY,UNKNOWN,Y,FAILING TO YIELD RIGHT-OF-WAY,FAILING TO YIELD RIGHT-OF-WAY,,NO INDICATION OF INJURY,22,10,41.8915229935,-87.6357204249,2025,30,POINT (-87.6357204249 41.8915229935),,,,,2025-10-17,False,7,Near North Side
14758,30,UNKNOWN,UNKNOWN,UNKNOWN,UNKNOWN,PEDALCYCLIST,NOT DIVIDED,STRAIGHT AND LEVEL,UNKNOWN,UNKNOWN,Y,IMPROPER TURNING/NO SIGNAL,DRIVING SKILLS/KNOWLEDGE/EXPERIENCE,,NO INDICATION OF INJURY,23,10,41.9684634884,-87.6936605941,2025,30,POINT (-87.6936605941 41.9684634884),,,,,2025-10-17,False,3,Lincoln Square
14759,40,NO CONTROLS,NO CONTROLS,CLEAR,"DARKNESS, LIGHTED ROAD",PEDALCYCLIST,ONE-WAY,STRAIGHT AND LEVEL,DRY,NO DEFECTS,,FAILING TO REDUCE SPEED TO AVOID CRASH,NOT APPLICABLE,,NONINCAPACITATING INJURY,0,10,41.8850524624,-87.6142157393,2025,40,POINT (-87.6142157393 41.8850524624),,,,,2025-10-18,False,31,Loop
14760,30,UNKNOWN,UNKNOWN,CLOUDY/OVERCAST,DAYLIGHT,PEDALCYCLIST,NOT DIVIDED,STRAIGHT AND LEVEL,UNKNOWN,UNKNOWN,,UNABLE TO DETERMINE,UNABLE TO DETERMINE,,NO INDICATION OF INJURY,12,10,41.9622771364,-87.65563977,2025,30,POINT (-87.65563977 41.9622771364),,,,,2025-10-18,False,2,Uptown
14761,15,NO CONTROLS,NO CONTROLS,CLEAR,DAYLIGHT,PEDALCYCLIST,ALLEY,STRAIGHT AND LEVEL,OTHER,NO DEFECTS,,"VISION OBSCURED (SIGNS, TREE LIMBS, BUILDINGS, ETC.)",NOT APPLICABLE,,NONINCAPACITATING INJURY,12,10,41.6983635323,-87.7061574347,2025,15,POINT (-87.7061574347 41.6983635323),,,,,2025-10-18,False,73,Mount Greenwood
14762,30,STOP SIGN/FLASHER,FUNCTIONING PROPERLY,CLEAR,DAYLIGHT,PEDALCYCLIST,NOT DIVIDED,STRAIGHT AND LEVEL,DRY,NO DEFECTS,Y,IMPROPER OVERTAKING/PASSING,NOT APPLICABLE,,NO INDICATION OF INJURY,14,10,41.9170244708,-87.7290588508,2025,30,POINT (-87.7290588508 41.9170244708),,,,,2025-10-18,False,19,Hermosa
14763,30,STOP SIGN/FLASHER,UNKNOWN,UNKNOWN,UNKNOWN,PEDALCYCLIST,T-INTERSECTION,STRAIGHT AND LEVEL,UNKNOWN,UNKNOWN,,FAILING TO YIELD RIGHT-OF-WAY,UNABLE TO DETERMINE,,NONINCAPACITATING INJURY,14,10,41.9723752042,-87.6680414556,2025,30,POINT (-87.6680414556 41.9723752042),,,,,2025-10-18,False,2,Uptown
14764,30,NO CONTROLS,NO CONTROLS,CLOUDY/OVERCAST,DAYLIGHT,PEDALCYCLIST,NOT DIVIDED,STRAIGHT AND LEVEL,DRY,NO DEFECTS,,DISREGARDING ROAD MARKINGS,DRIVING SKILLS/KNOWLEDGE/EXPERIENCE,Y,NONINCAPACITATING INJURY,15,10,41.9298682288,-87.7084837795,2025,30,POINT (-87.7084837795 41.9298682288),,,,,2025-10-18,False,21,Logan Square
14765,30,NO CONTROLS,NO CONTROLS,CLEAR,DAYLIGHT,PEDALCYCLIST,NOT DIVIDED,STRAIGHT AND LEVEL,DRY,NO DEFECTS,,FAILING TO YIELD RIGHT-OF-WAY,UNABLE TO DETERMINE,N,NONINCAPACITATING INJURY,16,10,41.9075707533,-87.6728500985,2025,30,POINT (-87.6728500985 41.9075707533),,,,,2025-10-18,False,23,West Town
14766,30,NO CONTROLS,NO CONTROLS,CLEAR,DAWN,PEDALCYCLIST,NOT DIVIDED,STRAIGHT AND LEVEL,DRY,NO DEFECTS,,HAD BEEN DRINKING (USE WHEN ARREST IS NOT MADE),HAD BEEN DRINKING (USE WHEN ARREST IS NOT MADE),,NONINCAPACITATING INJURY,18,10,41.8665620266,-87.7011268337,2025,30,POINT (-87.7011268337 41.8665620266),,,,,2025-10-18,False,28,North Lawndale
14767,30,YIELD,FUNCTIONING PROPERLY,CLEAR,"DARKNESS, LIGHTED ROAD",PEDALCYCLIST,DIVIDED - W/MEDIAN BARRIER,STRAIGHT AND LEVEL,DRY,NO DEFECTS,Y,FAILING TO YIELD RIGHT-OF-WAY,NOT APPLICABLE,,"REPORTED, NOT EVIDENT",18,10,41.9558900695,-87.6886687943,2025,30,POINT (-87.6886687943 41.9558900695),,,,,2025-10-18,False,4,North Center
14768,30,NO CONTROLS,UNKNOWN,RAIN,"DARKNESS, LIGHTED ROAD",PEDALCYCLIST,NOT DIVIDED,STRAIGHT AND LEVEL,WET,NO DEFECTS,,FAILING TO YIELD RIGHT-OF-WAY,NOT APPLICABLE,,"REPORTED, NOT EVIDENT",20,10,41.8930881399,-87.6334165522,2025,30,POINT (-87.6334165522 41.8930881399),,,,,2025-10-18,False,7,Near North Side
14769,30,TRAFFIC SIGNAL,FUNCTIONING PROPERLY,RAIN,DUSK,PEDALCYCLIST,DIVIDED - W/MEDIAN BARRIER,STRAIGHT AND LEVEL,WET,NO DEFECTS,Y,IMPROPER TURNING/NO SIGNAL,WEATHER,,NONINCAPACITATING INJURY,21,10,41.8873312362,-87.6269115481,2025,30,POINT (-87.6269115481 41.8873312362),,,,,2025-10-18,False,7,Near North Side
14770,30,TRAFFIC SIGNAL,FUNCTIONING PROPERLY,RAIN,"DARKNESS, LIGHTED ROAD",PEDALCYCLIST,FOUR WAY,STRAIGHT AND LEVEL,WET,NO DEFECTS,Y,DRIVING ON WRONG SIDE/WRONG WAY,NOT APPLICABLE,,NONINCAPACITATING INJURY,21,10,41.9242835898,-87.7464501903,2025,30,POINT (-87.7464501903 41.9242835898),,,,,2025-10-18,False,18,Belmont Cragin
14771,30,STOP SIGN/FLASHER,FUNCTIONING PROPERLY,CLOUDY/OVERCAST,DUSK,PEDALCYCLIST,NOT REPORTED,STRAIGHT AND LEVEL,WET,UNKNOWN,Y,UNABLE TO DETERMINE,UNABLE TO DETERMINE,,"REPORTED, NOT EVIDENT",18,10,41.7106126691,-87.6309234831,2025,30,POINT (-87.6309234831 41.7106126691),,,,,2025-10-19,False,48,Roseland
14772,30,STOP SIGN/FLASHER,FUNCTIONING PROPERLY,CLEAR,DAYLIGHT,PEDALCYCLIST,FOUR WAY,STRAIGHT AND LEVEL,DRY,NO DEFECTS,Y,UNABLE TO DETERMINE,UNABLE TO DETERMINE,,"REPORTED, NOT EVIDENT",19,10,41.7106753049,-87.6309493639,2025,30,POINT (-87.6309493639 41.7106753049),,,,,2025-10-19,False,48,Roseland
14773,30,NO CONTROLS,NO CONTROLS,CLEAR,DAYLIGHT,PEDALCYCLIST,NOT DIVIDED,STRAIGHT AND LEVEL,DRY,UNKNOWN,,UNABLE TO DETERMINE,NOT APPLICABLE,,NONINCAPACITATING INJURY,8,10,41.9168481098,-87.6365244655,2025,30,POINT (-87.6365244655 41.9168481098),,,,,2025-10-20,False,6,Lincoln Park
14774,35,TRAFFIC SIGNAL,FUNCTIONING PROPERLY,CLEAR,DAYLIGHT,PEDALCYCLIST,ONE-WAY,STRAIGHT AND LEVEL,DRY,NO DEFECTS,,IMPROPER TURNING/NO SIGNAL,IMPROPER TURNING/NO SIGNAL,,NONINCAPACITATING INJURY,9,10,41.8955922945,-87.6313687441,2025,35,POINT (-87.6313687441 41.8955922945),,,,,2025-10-20,False,7,Near North Side
14775,30,NO CONTROLS,NO CONTROLS,CLEAR,DAYLIGHT,PEDALCYCLIST,DIVIDED - W/MEDIAN (NOT RAISED),STRAIGHT AND LEVEL,DRY,NO DEFECTS,,IMPROPER LANE USAGE,IMPROPER LANE USAGE,Y,NONINCAPACITATING INJURY,10,10,41.6496700743,-87.5397456636,2025,30,POINT (-87.5397456636 41.6496700743),,,,,2025-10-20,False,54,Hegewisch
14776,30,NO CONTROLS,NO CONTROLS,CLEAR,DAYLIGHT,PEDALCYCLIST,ALLEY,STRAIGHT AND LEVEL,DRY,NO DEFECTS,,FAILING TO YIELD RIGHT-OF-WAY,NOT APPLICABLE,,NONINCAPACITATING INJURY,11,10,41.793246431,-87.7136291648,2025,30,POINT (-87.7136291648 41.793246431),,,,,2025-10-20,False,61,West Elsdon
14777,30,TRAFFIC SIGNAL,FUNCTIONING PROPERLY,CLEAR,DAYLIGHT,PEDALCYCLIST,ONE-WAY,STRAIGHT AND LEVEL,DRY,NO DEFECTS,,IMPROPER OVERTAKING/PASSING,IMPROPER LANE USAGE,,NO INDICATION OF INJURY,16,10,41.8831004792,-87.6301472293,2025,30,POINT (-87.6301472293 41.8831004792),,,,,2025-10-20,False,31,Loop
14778,30,UNKNOWN,UNKNOWN,CLEAR,DAYLIGHT,PEDALCYCLIST,ONE-WAY,STRAIGHT AND LEVEL,DRY,UNKNOWN,,UNABLE TO DETERMINE,UNABLE TO DETERMINE,,NONINCAPACITATING INJURY,16,10,41.9350682387,-87.7469365132,2025,30,POINT (-87.7469365132 41.9350682387),,,,,2025-10-20,False,18,Belmont Cragin
14779,30,NO CONTROLS,NO CONTROLS,RAIN,"DARKNESS, LIGHTED ROAD",PEDALCYCLIST,NOT DIVIDED,STRAIGHT AND LEVEL,WET,NO DEFECTS,,UNABLE TO DETERMINE,UNABLE TO DETERMINE,,NONINCAPACITATING INJURY,0,10,41.7884661612,-87.6059496757,2025,30,POINT (-87.6059496757 41.7884661612),,,,,2025-10-21,False,40,Hyde Park
14780,30,STOP SIGN/FLASHER,FUNCTIONING PROPERLY,RAIN,DAWN,PEDALCYCLIST,ONE-WAY,STRAIGHT AND LEVEL,WET,NO DEFECTS,,FAILING TO YIELD RIGHT-OF-WAY,WEATHER,,NONINCAPACITATING INJURY,7,10,41.9663972731,-87.7398576735,2025,30,POINT (-87.7398576735 41.9663972731),,,,,2025-10-21,False,13,Albany Park
14781,30,TRAFFIC SIGNAL,FUNCTIONING PROPERLY,CLEAR,DAYLIGHT,PEDALCYCLIST,NOT DIVIDED,STRAIGHT AND LEVEL,DRY,NO DEFECTS,Y,IMPROPER OVERTAKING/PASSING,FOLLOWING TOO CLOSELY,,NO INDICATION OF INJURY,8,10,41.8845262421,-87.6863787318,2025,30,POINT (-87.6863787318 41.8845262421),,,,,2025-10-21,False,27,Near West Side
14782,30,NO CONTROLS,UNKNOWN,UNKNOWN,DAYLIGHT,PEDALCYCLIST,FOUR WAY,STRAIGHT AND LEVEL,UNKNOWN,UNKNOWN,Y,IMPROPER TURNING/NO SIGNAL,DRIVING SKILLS/KNOWLEDGE/EXPERIENCE,,"REPORTED, NOT EVIDENT",11,10,41.8963865044,-87.6412796001,2025,30,POINT (-87.6412796001 41.8963865044),,,,,2025-10-21,False,7,Near North Side
14783,30,NO CONTROLS,NO CONTROLS,RAIN,DAYLIGHT,PEDALCYCLIST,ONE-WAY,STRAIGHT AND LEVEL,WET,NO DEFECTS,,UNABLE TO DETERMINE,NOT APPLICABLE,,"REPORTED, NOT EVIDENT",16,10,41.8829826416,-87.6504024676,2025,30,POINT (-87.6504024676 41.8829826416),,,,,2025-10-21,False,27,Near West Side
14784,30,NO CONTROLS,NO CONTROLS,RAIN,DARKNESS,PEDALCYCLIST,NOT DIVIDED,STRAIGHT AND LEVEL,WET,NO DEFECTS,,NOT APPLICABLE,UNABLE TO DETERMINE,Y,NONINCAPACITATING INJURY,18,10,41.9383086243,-87.6665502915,2025,30,POINT (-87.6665502915 41.9383086243),,,,,2025-10-21,False,5,Lake View
14785,30,NO CONTROLS,NO CONTROLS,CLEAR,DAYLIGHT,PEDALCYCLIST,NOT DIVIDED,STRAIGHT AND LEVEL,DRY,NO DEFECTS,,FAILING TO YIELD RIGHT-OF-WAY,UNABLE TO DETERMINE,Y,NONINCAPACITATING INJURY,9,10,41.997529148,-87.6951374947,2025,30,POINT (-87.6951374947 41.997529148),,,,,2025-10-22,False,1,West Ridge
14786,30,STOP SIGN/FLASHER,OTHER,CLEAR,DAYLIGHT,PEDALCYCLIST,NOT DIVIDED,STRAIGHT AND LEVEL,DRY,NO DEFECTS,Y,FAILING TO YIELD RIGHT-OF-WAY,FOLLOWING TOO CLOSELY,,NONINCAPACITATING INJURY,13,10,41.8879254153,-87.7551948576,2025,30,POINT (-87.7551948576 41.8879254153),,,,,2025-10-22,False,24,Austin