Unnamed: 0,POSTED_SPEED_LIMIT,TRAFFIC_CONTROL_DEVICE,DEVICE_CONDITION,WEATHER_CONDITION,LIGHTING_CONDITION,FIRST_CRASH_TYPE,TRAFFICWAY_TYPE,ALIGNMENT,ROADWAY_SURFACE_COND,ROAD_DEFECT,INTERSECTION_RELATED_I,PRIM_CONTRIBUTORY_CAUSE,SEC_CONTRIBUTORY_CAUSE,DOORING_I,MOST_SEVERE_INJURY,CRASH_HOUR,CRASH_MONTH,LATITUDE,LONGITUDE,CRASH_YEAR,SPEED_LIMIT,geometry,DISPLAYROU,the_geom,DIST,LANE_TYPE,CRASH_DATE,is_severe,index_right,CArea
14788,30,TRAFFIC SIGNAL,FUNCTIONING PROPERLY,CLEAR,DAYLIGHT,PEDALCYCLIST,NOT DIVIDED,STRAIGHT AND LEVEL,DRY,NO DEFECTS,Y,FAILING TO REDUCE SPEED TO AVOID CRASH,NOT APPLICABLE,N,NONINCAPACITATING INJURY,16,10,41.8848475919,-87.6817716669,2025,30,POINT (-87.6817716669 41.8848475919),,,,,2025-10-22,False,27,Near West Side
14789,30,PEDESTRIAN CROSSING SIGN,NO CONTROLS,CLEAR,DUSK,PEDALCYCLIST,DIVIDED - W/MEDIAN (NOT RAISED),STRAIGHT AND LEVEL,DRY,NO DEFECTS,Y,IMPROPER TURNING/NO SIGNAL,FAILING TO REDUCE SPEED TO AVOID CRASH,,NONINCAPACITATING INJURY,18,10,41.9379997931,-87.6441847319,2025,30,POINT (-87.6441847319 41.9379997931),,,,,2025-10-22,False,5,Lake View
14790,20,NO CONTROLS,NO CONTROLS,CLEAR,"DARKNESS, LIGHTED ROAD",PEDALCYCLIST,FOUR WAY,STRAIGHT AND LEVEL,DRY,NO DEFECTS,,FAILING TO YIELD RIGHT-OF-WAY,FAILING TO YIELD RIGHT-OF-WAY,,NO INDICATION OF INJURY,18,10,41.9934615478,-87.6650574743,2025,20,POINT (-87.6650574743 41.9934615478),,,,,2025-10-22,False,76,Edgewater
14791,30,NO CONTROLS,NO CONTROLS,CLEAR,"DARKNESS, LIGHTED ROAD",PEDALCYCLIST,DIVIDED - W/MEDIAN (NOT RAISED),STRAIGHT AND LEVEL,DRY,NO DEFECTS,,UNABLE TO DETERMINE,UNABLE TO DETERMINE,Y,NONINCAPACITATING INJURY,19,10,41.9933146115,-87.6602220129,2025,30,POINT (-87.6602220129 41.9933146115),,,,,2025-10-22,False,76,Edgewater
14792,30,STOP SIGN/FLASHER,FUNCTIONING PROPERLY,CLEAR,DAYLIGHT,PEDALCYCLIST,"FIVE POINT, OR MORE",STRAIGHT AND LEVEL,DRY,NO DEFECTS,Y,"VISION OBSCURED (SIGNS, TREE LIMBS, BUILDINGS, ETC.)",FAILING TO YIELD RIGHT-OF-WAY,,NONINCAPACITATING INJURY,8,10,41.9340780788,-87.6904381112,2025,30,POINT (-87.6904381112 41.9340780788),,,,,2025-10-23,False,4,North Center
14793,35,STOP SIGN/FLASHER,FUNCTIONING PROPERLY,CLEAR,DAYLIGHT,PEDALCYCLIST,T-INTERSECTION,STRAIGHT AND LEVEL,DRY,NO DEFECTS,Y,UNABLE TO DETERMINE,UNABLE TO DETERMINE,,INCAPACITATING INJURY,11,10,41.7175374349,-87.64325162,2025,35,POINT (-87.64325162 41.7175374349),,,,,2025-10-23,True,72,Washington Heights
14794,30,NO CONTROLS,NO CONTROLS,CLEAR,DAYLIGHT,PEDALCYCLIST,DIVIDED - W/MEDIAN (NOT RAISED),STRAIGHT AND LEVEL,DRY,NO DEFECTS,,UNABLE TO DETERMINE,NOT APPLICABLE,,NO INDICATION OF INJURY,14,10,41.8157387685,-87.7013264686,2025,30,POINT (-87.7013264686 41.8157387685),,,,,2025-10-23,False,57,Brighton Park
14795,25,NO CONTROLS,NO CONTROLS,CLEAR,DAYLIGHT,PEDALCYCLIST,NOT DIVIDED,STRAIGHT AND LEVEL,DRY,NO DEFECTS,,UNABLE TO DETERMINE,UNABLE TO DETERMINE,,NO INDICATION OF INJURY,16,10,41.8976088605,-87.6577523792,2025,25,POINT (-87.6577523792 41.8976088605),,,,,2025-10-23,False,7,Near North Side
14796,30,TRAFFIC SIGNAL,FUNCTIONING PROPERLY,CLEAR,DAYLIGHT,PEDALCYCLIST,NOT DIVIDED,STRAIGHT AND LEVEL,DRY,UNKNOWN,,UNABLE TO DETERMINE,UNABLE TO DETERMINE,,NONINCAPACITATING INJURY,16,10,41.9688751222,-87.6784830132,2025,30,POINT (-87.6784830132 41.9688751222),,,,,2025-10-23,False,3,Lincoln Square
14797,30,STOP SIGN/FLASHER,FUNCTIONING PROPERLY,CLEAR,DAYLIGHT,PEDALCYCLIST,FOUR WAY,STRAIGHT AND LEVEL,DRY,NO DEFECTS,Y,DISREGARDING STOP SIGN,FAILING TO YIELD RIGHT-OF-WAY,,NONINCAPACITATING INJURY,16,10,41.8977173098,-87.6577053977,2025,30,POINT (-87.6577053977 41.8977173098),,,,,2025-10-23,False,7,Near North Side
14798,30,NO CONTROLS,NO CONTROLS,CLEAR,DUSK,PEDALCYCLIST,NOT DIVIDED,STRAIGHT AND LEVEL,DRY,NO DEFECTS,Y,IMPROPER TURNING/NO SIGNAL,FAILING TO YIELD RIGHT-OF-WAY,,NONINCAPACITATING INJURY,17,10,41.9280526919,-87.6538479557,2025,30,POINT (-87.6538479557 41.9280526919),,,,,2025-10-23,False,6,Lincoln Park
14799,30,NO CONTROLS,NO CONTROLS,CLOUDY/OVERCAST,"DARKNESS, LIGHTED ROAD",PEDALCYCLIST,PARKING LOT,STRAIGHT AND LEVEL,DRY,NO DEFECTS,,UNABLE TO DETERMINE,DRIVING SKILLS/KNOWLEDGE/EXPERIENCE,,NONINCAPACITATING INJURY,18,10,41.9532864854,-87.7673790701,2025,30,POINT (-87.7673790701 41.9532864854),,,,,2025-10-23,False,14,Portage Park
14800,25,NO CONTROLS,NO CONTROLS,CLEAR,"DARKNESS, LIGHTED ROAD",PEDALCYCLIST,ONE-WAY,STRAIGHT AND LEVEL,DRY,NO DEFECTS,,UNABLE TO DETERMINE,NOT APPLICABLE,Y,NONINCAPACITATING INJURY,19,10,41.9363539095,-87.6464290605,2025,25,POINT (-87.6464290605 41.9363539095),,,,,2025-10-23,False,5,Lake View
14801,30,STOP SIGN/FLASHER,FUNCTIONING PROPERLY,CLEAR,DAYLIGHT,PEDALCYCLIST,T-INTERSECTION,STRAIGHT AND LEVEL,DRY,NO DEFECTS,Y,FAILING TO YIELD RIGHT-OF-WAY,NOT APPLICABLE,,NONINCAPACITATING INJURY,8,10,41.7574075374,-87.558095087,2025,30,POINT (-87.558095087 41.7574075374),,,,,2025-10-24,False,42,South Shore
14802,25,NO CONTROLS,NO CONTROLS,CLEAR,DAYLIGHT,PEDALCYCLIST,NOT DIVIDED,STRAIGHT AND LEVEL,DRY,NO DEFECTS,,FAILING TO YIELD RIGHT-OF-WAY,FAILING TO YIELD RIGHT-OF-WAY,,"REPORTED, NOT EVIDENT",8,10,41.8656056267,-87.7716138792,2025,25,POINT (-87.7716138792 41.8656056267),,,,,2025-10-24,False,24,Austin
14803,35,STOP SIGN/FLASHER,FUNCTIONING PROPERLY,CLEAR,DAYLIGHT,PEDALCYCLIST,NOT DIVIDED,STRAIGHT AND LEVEL,DRY,NO DEFECTS,Y,UNABLE TO DETERMINE,NOT APPLICABLE,,NO INDICATION OF INJURY,9,10,41.983089267,-87.6965830098,2025,35,POINT (-87.6965830098 41.983089267),,,,,2025-10-24,False,1,West Ridge
14804,30,UNKNOWN,UNKNOWN,CLEAR,DAYLIGHT,PEDALCYCLIST,DIVIDED - W/MEDIAN BARRIER,STRAIGHT AND LEVEL,DRY,UNKNOWN,,UNABLE TO DETERMINE,UNABLE TO DETERMINE,N,NONINCAPACITATING INJURY,11,10,41.9102189523,-87.6675345375,2025,30,POINT (-87.6675345375 41.9102189523),,,,,2025-10-24,False,23,West Town
14805,35,NO CONTROLS,NO CONTROLS,CLOUDY/OVERCAST,DAYLIGHT,PEDALCYCLIST,NOT DIVIDED,STRAIGHT AND LEVEL,DRY,NO DEFECTS,,FAILING TO YIELD RIGHT-OF-WAY,NOT APPLICABLE,Y,NONINCAPACITATING INJURY,12,10,41.9370987534,-87.6493143794,2025,35,POINT (-87.6493143794 41.9370987534),,,,,2025-10-24,False,5,Lake View
14806,30,NO CONTROLS,NO CONTROLS,CLEAR,DAYLIGHT,PEDALCYCLIST,NOT DIVIDED,STRAIGHT AND LEVEL,DRY,NO DEFECTS,,DISTRACTION - FROM OUTSIDE VEHICLE,NOT APPLICABLE,,NONINCAPACITATING INJURY,12,10,41.8748203803,-87.7534939043,2025,30,POINT (-87.7534939043 41.8748203803),,,,,2025-10-24,False,24,Austin
14807,25,STOP SIGN/FLASHER,FUNCTIONING PROPERLY,CLEAR,DAYLIGHT,PEDALCYCLIST,NOT DIVIDED,STRAIGHT AND LEVEL,DRY,NO DEFECTS,Y,FAILING TO YIELD RIGHT-OF-WAY,NOT APPLICABLE,,"REPORTED, NOT EVIDENT",14,10,41.8426025264,-87.7051278107,2025,25,POINT (-87.7051278107 41.8426025264),,,,,2025-10-24,False,29,South Lawndale
14808,30,NO CONTROLS,NO CONTROLS,CLEAR,DAYLIGHT,PEDALCYCLIST,NOT DIVIDED,STRAIGHT ON GRADE,DRY,NO DEFECTS,,FAILING TO YIELD RIGHT-OF-WAY,NOT APPLICABLE,,NONINCAPACITATING INJURY,14,10,41.9039848177,-87.6330846419,2025,30,POINT (-87.6330846419 41.9039848177),,,,,2025-10-24,False,7,Near North Side
14809,30,NO CONTROLS,NO CONTROLS,CLEAR,DAYLIGHT,PEDALCYCLIST,NOT DIVIDED,STRAIGHT AND LEVEL,DRY,NO DEFECTS,,UNABLE TO DETERMINE,UNABLE TO DETERMINE,,NO INDICATION OF INJURY,14,10,41.931534706,-87.7380828698,2025,30,POINT (-87.7380828698 41.931534706),,,,,2025-10-24,False,19,Hermosa
14810,25,NO CONTROLS,NO CONTROLS,CLEAR,DAYLIGHT,PEDALCYCLIST,NOT DIVIDED,STRAIGHT AND LEVEL,UNKNOWN,UNKNOWN,,UNABLE TO DETERMINE,UNABLE TO DETERMINE,N,NO INDICATION OF INJURY,15,10,41.7656049838,-87.6151139088,2025,25,POINT (-87.6151139088 41.7656049838),,,,,2025-10-24,False,68,Grand Crossing
14811,35,STOP SIGN/FLASHER,FUNCTIONING PROPERLY,CLEAR,DAYLIGHT,PEDALCYCLIST,T-INTERSECTION,STRAIGHT AND LEVEL,DRY,NO DEFECTS,,DISREGARDING STOP SIGN,FAILING TO YIELD RIGHT-OF-WAY,,INCAPACITATING INJURY,15,10,41.8956407139,-87.7023523277,2025,35,POINT (-87.7023523277 41.8956407139),,,,,2025-10-24,True,22,Humboldt Park
14812,30,NO CONTROLS,NO CONTROLS,CLEAR,DAYLIGHT,PEDALCYCLIST,NOT DIVIDED,STRAIGHT AND LEVEL,DRY,NO DEFECTS,,IMPROPER LANE USAGE,NOT APPLICABLE,Y,"REPORTED, NOT EVIDENT",15,10,41.891120593,-87.6239887043,2025,30,POINT (-87.6239887043 41.891120593),,,,,2025-10-24,False,7,Near North Side
14813,30,NO CONTROLS,NO CONTROLS,CLEAR,DAYLIGHT,PEDALCYCLIST,T-INTERSECTION,STRAIGHT AND LEVEL,DRY,NO DEFECTS,Y,UNABLE TO DETERMINE,UNABLE TO DETERMINE,,"REPORTED, NOT EVIDENT",16,10,41.8590753163,-87.6955404035,2025,30,POINT (-87.6955404035 41.8590753163),,,,,2025-10-24,False,28,North Lawndale
14814,30,NO CONTROLS,NO CONTROLS,CLEAR,DAYLIGHT,PEDALCYCLIST,NOT DIVIDED,STRAIGHT AND LEVEL,UNKNOWN,UNKNOWN,,DISREGARDING ROAD MARKINGS,NOT APPLICABLE,,NONINCAPACITATING INJURY,16,10,41.9682760816,-87.7148035673,2025,30,POINT (-87.7148035673 41.9682760816),,,,,2025-10-24,False,13,Albany Park
14815,30,STOP SIGN/FLASHER,FUNCTIONING PROPERLY,CLEAR,"DARKNESS, LIGHTED ROAD",PEDALCYCLIST,NOT DIVIDED,STRAIGHT AND LEVEL,DRY,NO DEFECTS,Y,UNABLE TO DETERMINE,NOT APPLICABLE,,NO INDICATION OF INJURY,20,10,41.957759997,-87.674352383,2025,30,POINT (-87.674352383 41.957759997),,,,,2025-10-24,False,2,Uptown
14816,30,TRAFFIC SIGNAL,FUNCTIONING PROPERLY,CLEAR,DAYLIGHT,PEDALCYCLIST,NOT DIVIDED,STRAIGHT AND LEVEL,DRY,NO DEFECTS,,NOT APPLICABLE,NOT APPLICABLE,,NONINCAPACITATING INJURY,8,10,41.6632755029,-87.6379599768,2025,30,POINT (-87.6379599768 41.6632755029),,,,,2025-10-25,False,52,West Pullman
14817,30,UNKNOWN,UNKNOWN,UNKNOWN,DAYLIGHT,PEDALCYCLIST,DIVIDED - W/MEDIAN (NOT RAISED),STRAIGHT AND LEVEL,DRY,UNKNOWN,,UNABLE TO DETERMINE,UNABLE TO DETERMINE,,NO INDICATION OF INJURY,12,10,41.9909571416,-87.672222954,2025,30,POINT (-87.672222954 41.9909571416),,,,,2025-10-25,False,76,Edgewater
14818,30,TRAFFIC SIGNAL,FUNCTIONING PROPERLY,CLEAR,DAYLIGHT,PEDALCYCLIST,UNKNOWN INTERSECTION TYPE,STRAIGHT AND LEVEL,DRY,NO DEFECTS,,DISREGARDING TRAFFIC SIGNALS,NOT APPLICABLE,,NONINCAPACITATING INJURY,12,10,41.9394405612,-87.7077185163,2025,30,POINT (-87.7077185163 41.9394405612),,,,,2025-10-25,False,15,Irving Park
14819,30,NO CONTROLS,NO CONTROLS,CLEAR,DAYLIGHT,PEDALCYCLIST,NOT DIVIDED,STRAIGHT AND LEVEL,DRY,NO DEFECTS,Y,UNABLE TO DETERMINE,UNABLE TO DETERMINE,,"REPORTED, NOT EVIDENT",14,10,41.707500278,-87.6088226613,2025,30,POINT (-87.6088226613 41.707500278),,,,,2025-10-25,False,48,Roseland
14820,10,NO CONTROLS,NO CONTROLS,CLEAR,DAYLIGHT,PEDALCYCLIST,ALLEY,STRAIGHT AND LEVEL,DRY,UNKNOWN,,UNABLE TO DETERMINE,UNABLE TO DETERMINE,,NO INDICATION OF INJURY,10,10,41.7926177641,-87.7963273779,2025,10,POINT (-87.7963273779 41.7926177641),,,,,2025-10-26,False,55,Garfield Ridge
14821,30,NO CONTROLS,NO CONTROLS,CLEAR,DAYLIGHT,PEDALCYCLIST,NOT DIVIDED,STRAIGHT AND LEVEL,DRY,NO DEFECTS,,UNABLE TO DETERMINE,UNABLE TO DETERMINE,,INCAPACITATING INJURY,10,10,41.9394827678,-87.644234509,2025,30,POINT (-87.644234509 41.9394827678),,,,,2025-10-26,True,5,Lake View
14822,30,NO CONTROLS,NO CONTROLS,CLEAR,DAWN,PEDALCYCLIST,NOT DIVIDED,STRAIGHT AND LEVEL,DRY,NO DEFECTS,,DISTRACTION - FROM INSIDE VEHICLE,"OPERATING VEHICLE IN ERRATIC, RECKLESS, CARELESS, NEGLIGENT OR AGGRESSIVE MANNER",,NONINCAPACITATING INJURY,17,10,41.9167558136,-87.6483027774,2025,30,POINT (-87.6483027774 41.9167558136),,,,,2025-10-26,False,6,Lincoln Park
14823,30,NO CONTROLS,NO CONTROLS,CLEAR,"DARKNESS, LIGHTED ROAD",PEDALCYCLIST,NOT DIVIDED,STRAIGHT AND LEVEL,DRY,NO DEFECTS,,UNABLE TO DETERMINE,UNABLE TO DETERMINE,,NONINCAPACITATING INJURY,4,10,41.7732297816,-87.6069640316,2025,30,POINT (-87.6069640316 41.7732297816),,,,,2025-10-27,False,41,Woodlawn
14824,30,TRAFFIC SIGNAL,FUNCTIONING PROPERLY,CLEAR,"DARKNESS, LIGHTED ROAD",PEDALCYCLIST,DIVIDED - W/MEDIAN (NOT RAISED),STRAIGHT AND LEVEL,DRY,NO DEFECTS,,FOLLOWING TOO CLOSELY,UNABLE TO DETERMINE,,NONINCAPACITATING INJURY,4,10,41.900634799,-87.6620052122,2025,30,POINT (-87.6620052122 41.900634799),,,,,2025-10-27,False,23,West Town
14825,30,TRAFFIC SIGNAL,FUNCTIONING PROPERLY,CLEAR,DAYLIGHT,PEDALCYCLIST,FOUR WAY,STRAIGHT AND LEVEL,DRY,NO DEFECTS,Y,FAILING TO YIELD RIGHT-OF-WAY,FAILING TO REDUCE SPEED TO AVOID CRASH,,"REPORTED, NOT EVIDENT",8,10,41.896218801,-87.6556038946,2025,30,POINT (-87.6556038946 41.896218801),,,,,2025-10-27,False,7,Near North Side
14826,30,TRAFFIC SIGNAL,FUNCTIONING PROPERLY,CLEAR,DAYLIGHT,PEDALCYCLIST,NOT DIVIDED,STRAIGHT AND LEVEL,DRY,NO DEFECTS,Y,IMPROPER OVERTAKING/PASSING,NOT APPLICABLE,,NO INDICATION OF INJURY,11,10,41.8529204122,-87.6319261949,2025,30,POINT (-87.6319261949 41.8529204122),,,,,2025-10-27,False,32,Near South Side
14827,30,STOP SIGN/FLASHER,NO CONTROLS,CLEAR,DAYLIGHT,PEDALCYCLIST,NOT DIVIDED,STRAIGHT AND LEVEL,DRY,NO DEFECTS,,IMPROPER OVERTAKING/PASSING,NOT APPLICABLE,,NONINCAPACITATING INJURY,12,10,41.8010139623,-87.7284304608,2025,30,POINT (-87.7284304608 41.8010139623),,,,,2025-10-27,False,56,Archer Heights
14828,30,NO CONTROLS,NO CONTROLS,CLEAR,DAYLIGHT,PEDALCYCLIST,FOUR WAY,STRAIGHT AND LEVEL,DRY,NO DEFECTS,Y,NOT APPLICABLE,NOT APPLICABLE,,INCAPACITATING INJURY,14,10,41.9325547707,-87.7467556049,2025,30,POINT (-87.7467556049 41.9325547707),,,,,2025-10-27,True,18,Belmont Cragin
14829,30,TRAFFIC SIGNAL,FUNCTIONING PROPERLY,CLEAR,"DARKNESS, LIGHTED ROAD",PEDALCYCLIST,NOT DIVIDED,STRAIGHT AND LEVEL,DRY,UNKNOWN,,UNABLE TO DETERMINE,UNABLE TO DETERMINE,,NO INDICATION OF INJURY,17,10,41.9033878764,-87.6583090516,2025,30,POINT (-87.6583090516 41.9033878764),,,,,2025-10-27,False,7,Near North Side
14830,30,NO CONTROLS,NO CONTROLS,CLEAR,DAYLIGHT,PEDALCYCLIST,DIVIDED - W/MEDIAN (NOT RAISED),STRAIGHT AND LEVEL,DRY,NO DEFECTS,,UNABLE TO DETERMINE,NOT APPLICABLE,,NONINCAPACITATING INJURY,8,10,41.9762831439,-87.655187807,2025,30,POINT (-87.655187807 41.9762831439),,,,,2025-10-28,False,2,Uptown
14831,30,TRAFFIC SIGNAL,FUNCTIONING PROPERLY,CLEAR,DAYLIGHT,PEDALCYCLIST,NOT DIVIDED,STRAIGHT AND LEVEL,DRY,NO DEFECTS,,UNABLE TO DETERMINE,NOT APPLICABLE,,NONINCAPACITATING INJURY,12,10,41.9833397188,-87.6685761618,2025,30,POINT (-87.6685761618 41.9833397188),,,,,2025-10-28,False,76,Edgewater
14832,30,TRAFFIC SIGNAL,FUNCTIONING PROPERLY,CLEAR,DAYLIGHT,PEDALCYCLIST,FOUR WAY,STRAIGHT AND LEVEL,DRY,NO DEFECTS,Y,DISREGARDING TRAFFIC SIGNALS,FAILING TO YIELD RIGHT-OF-WAY,,INCAPACITATING INJURY,16,10,41.8761861666,-87.6766739725,2025,30,POINT (-87.6766739725 41.8761861666),,,,,2025-10-28,True,27,Near West Side
14833,30,NO CONTROLS,NO CONTROLS,CLEAR,"DARKNESS, LIGHTED ROAD",PEDALCYCLIST,NOT DIVIDED,STRAIGHT AND LEVEL,DRY,NO DEFECTS,,UNABLE TO DETERMINE,UNABLE TO DETERMINE,Y,NO INDICATION OF INJURY,5,10,41.9318485169,-87.7133515575,2025,30,POINT (-87.7133515575 41.9318485169),,,,,2025-10-29,False,20,Avondale
14834,30,NO CONTROLS,NO CONTROLS,CLEAR,DARKNESS,PEDALCYCLIST,NOT DIVIDED,STRAIGHT AND LEVEL,DRY,NO DEFECTS,,UNABLE TO DETERMINE,NOT APPLICABLE,,NONINCAPACITATING INJURY,7,10,41.9458891755,-87.757041123,2025,30,POINT (-87.757041123 41.9458891755),,,,,2025-10-29,False,14,Portage Park
14835,30,TRAFFIC SIGNAL,NO CONTROLS,CLEAR,DAYLIGHT,PEDALCYCLIST,FOUR WAY,STRAIGHT AND LEVEL,DRY,NO DEFECTS,Y,UNABLE TO DETERMINE,UNABLE TO DETERMINE,,NO INDICATION OF INJURY,7,10,41.9466552269,-87.712863252,2025,30,POINT (-87.712863252 41.9466552269),,,,,2025-10-29,False,15,Irving Park
14836,30,NO CONTROLS,NO CONTROLS,CLEAR,DAYLIGHT,PEDALCYCLIST,NOT DIVIDED,STRAIGHT AND LEVEL,DRY,NO DEFECTS,,FAILING TO YIELD RIGHT-OF-WAY,NOT APPLICABLE,,NONINCAPACITATING INJURY,12,10,41.9291728439,-87.6424444407,2025,30,POINT (-87.6424444407 41.9291728439),,,,,2025-10-29,False,6,Lincoln Park
14837,25,NO CONTROLS,NO CONTROLS,CLEAR,DAYLIGHT,PEDALCYCLIST,OTHER,STRAIGHT AND LEVEL,DRY,NO DEFECTS,Y,FAILING TO YIELD RIGHT-OF-WAY,NOT APPLICABLE,,NONINCAPACITATING INJURY,16,10,41.839738814,-87.6621802505,2025,25,POINT (-87.6621802505 41.839738814),,,,,2025-10-29,False,30,Lower West Side
14838,25,NO CONTROLS,NO CONTROLS,CLEAR,DAYLIGHT,PEDALCYCLIST,NOT DIVIDED,STRAIGHT AND LEVEL,DRY,NO DEFECTS,,UNABLE TO DETERMINE,NOT APPLICABLE,,NONINCAPACITATING INJURY,16,10,41.9272677613,-87.6413266589,2025,25,POINT (-87.6413266589 41.9272677613),,,,,2025-10-29,False,6,Lincoln Park
14839,25,STOP SIGN/FLASHER,NO CONTROLS,CLEAR,DAYLIGHT,PEDALCYCLIST,ONE-WAY,STRAIGHT AND LEVEL,DRY,UNKNOWN,,UNABLE TO DETERMINE,UNABLE TO DETERMINE,,NO INDICATION OF INJURY,16,10,41.7605419656,-87.6246590645,2025,25,POINT (-87.6246590645 41.7605419656),,,,,2025-10-29,False,68,Grand Crossing
14840,30,TRAFFIC SIGNAL,FUNCTIONING PROPERLY,CLEAR,DAYLIGHT,PEDALCYCLIST,NOT DIVIDED,STRAIGHT AND LEVEL,DRY,NO DEFECTS,Y,OBSTRUCTED CROSSWALKS,NOT APPLICABLE,,"REPORTED, NOT EVIDENT",18,10,41.996810668,-87.818890134,2025,30,POINT (-87.818890134 41.996810668),,,,,2025-10-29,False,8,Edison Park
14841,30,UNKNOWN,UNKNOWN,UNKNOWN,UNKNOWN,PEDALCYCLIST,UNKNOWN INTERSECTION TYPE,STRAIGHT AND LEVEL,UNKNOWN,UNKNOWN,Y,UNABLE TO DETERMINE,UNABLE TO DETERMINE,,NO INDICATION OF INJURY,7,10,41.967153004,-87.6703112717,2025,30,POINT (-87.6703112717 41.967153004),,,,,2025-10-30,False,2,Uptown
14842,20,NO CONTROLS,NO CONTROLS,CLEAR,DAYLIGHT,PEDALCYCLIST,NOT DIVIDED,STRAIGHT AND LEVEL,DRY,NO DEFECTS,,IMPROPER OVERTAKING/PASSING,UNABLE TO DETERMINE,,NO INDICATION OF INJURY,9,10,41.7928920642,-87.5966379613,2025,20,POINT (-87.5966379613 41.7928920642),,,,,2025-10-30,False,40,Hyde Park
14843,30,STOP SIGN/FLASHER,FUNCTIONING PROPERLY,CLEAR,DAYLIGHT,PEDALCYCLIST,FOUR WAY,STRAIGHT AND LEVEL,DRY,NO DEFECTS,Y,FAILING TO YIELD RIGHT-OF-WAY,NOT APPLICABLE,,NONINCAPACITATING INJURY,16,10,41.9219522103,-87.7721401172,2025,30,POINT (-87.7721401172 41.9219522103),,,,,2025-10-30,False,18,Belmont Cragin
14844,30,UNKNOWN,UNKNOWN,CLEAR,DAYLIGHT,PEDALCYCLIST,ONE-WAY,STRAIGHT AND LEVEL,UNKNOWN,UNKNOWN,,UNABLE TO DETERMINE,NOT APPLICABLE,,INCAPACITATING INJURY,19,10,41.8761436439,-87.6291014646,2025,30,POINT (-87.6291014646 41.8761436439),,,,,2025-10-30,True,31,Loop
14845,30,NO CONTROLS,NO CONTROLS,CLEAR,DARKNESS,PEDALCYCLIST,NOT DIVIDED,STRAIGHT AND LEVEL,DRY,NO DEFECTS,,FAILING TO YIELD RIGHT-OF-WAY,NOT APPLICABLE,N,NONINCAPACITATING INJURY,20,10,41.8936584776,-87.6342703814,2025,30,POINT (-87.6342703814 41.8936584776),,,,,2025-10-30,False,7,Near North Side
14846,20,NO CONTROLS,UNKNOWN,CLEAR,DARKNESS,PEDALCYCLIST,NOT DIVIDED,STRAIGHT AND LEVEL,DRY,UNKNOWN,,UNABLE TO DETERMINE,NOT APPLICABLE,Y,NO INDICATION OF INJURY,1,10,41.9232467649,-87.6459001836,2025,20,POINT (-87.6459001836 41.9232467649),,,,,2025-10-31,False,6,Lincoln Park
14847,30,NO CONTROLS,NO CONTROLS,CLEAR,DAYLIGHT,PEDALCYCLIST,NOT DIVIDED,STRAIGHT AND LEVEL,DRY,UNKNOWN,,NOT APPLICABLE,NOT APPLICABLE,Y,INCAPACITATING INJURY,9,10,41.9048061034,-87.6288556928,2025,30,POINT (-87.6288556928 41.9048061034),,,,,2025-10-31,True,7,Near North Side
14848,30,STOP SIGN/FLASHER,FUNCTIONING PROPERLY,CLOUDY/OVERCAST,DAYLIGHT,PEDALCYCLIST,FOUR WAY,STRAIGHT AND LEVEL,UNKNOWN,UNKNOWN,,UNABLE TO DETERMINE,NOT APPLICABLE,,INCAPACITATING INJURY,13,10,41.9652849397,-87.6737527537,2025,30,POINT (-87.6737527537 41.9652849397),,,,,2025-10-31,True,2,Uptown
14849,30,STOP SIGN/FLASHER,FUNCTIONING PROPERLY,CLEAR,DAYLIGHT,PEDALCYCLIST,T-INTERSECTION,STRAIGHT AND LEVEL,DRY,NO DEFECTS,Y,FAILING TO YIELD RIGHT-OF-WAY,NOT APPLICABLE,,NONINCAPACITATING INJURY,15,10,41.9104719037,-87.7555415542,2025,30,POINT (-87.7555415542 41.9104719037),,,,,2025-10-31,False,24,Austin
14850,35,NO CONTROLS,NO CONTROLS,CLEAR,DAYLIGHT,PEDALCYCLIST,PARKING LOT,STRAIGHT AND LEVEL,DRY,NO DEFECTS,,FAILING TO YIELD RIGHT-OF-WAY,FAILING TO YIELD RIGHT-OF-WAY,,NONINCAPACITATING INJURY,15,10,41.9174446593,-87.6897917784,2025,35,POINT (-87.6897917784 41.9174446593),,,,,2025-10-31,False,21,Logan Square
14851,30,STOP SIGN/FLASHER,FUNCTIONING PROPERLY,CLEAR,DAWN,PEDALCYCLIST,ONE-WAY,STRAIGHT AND LEVEL,DRY,NO DEFECTS,Y,DISREGARDING STOP SIGN,DISREGARDING STOP SIGN,,NONINCAPACITATING INJURY,17,10,41.9940371471,-87.7020935844,2025,30,POINT (-87.7020935844 41.9940371471),,,,,2025-10-31,False,1,West Ridge
14852,30,UNKNOWN,UNKNOWN,UNKNOWN,"DARKNESS, LIGHTED ROAD",PEDALCYCLIST,NOT DIVIDED,STRAIGHT AND LEVEL,UNKNOWN,OTHER,,UNABLE TO DETERMINE,NOT APPLICABLE,,NO INDICATION OF INJURY,18,10,42.0065477016,-87.6610725945,2025,30,POINT (-87.6610725945 42.0065477016),,,,,2025-10-31,False,0,Rogers Park