Unnamed: 0,POSTED_SPEED_LIMIT,TRAFFIC_CONTROL_DEVICE,DEVICE_CONDITION,WEATHER_CONDITION,LIGHTING_CONDITION,FIRST_CRASH_TYPE,TRAFFICWAY_TYPE,ALIGNMENT,ROADWAY_SURFACE_COND,ROAD_DEFECT,INTERSECTION_RELATED_I,PRIM_CONTRIBUTORY_CAUSE,SEC_CONTRIBUTORY_CAUSE,DOORING_I,MOST_SEVERE_INJURY,CRASH_HOUR,CRASH_MONTH,LATITUDE,LONGITUDE,CRASH_YEAR,SPEED_LIMIT,geometry,DISPLAYROU,the_geom,DIST,LANE_TYPE,CRASH_DATE,is_severe,index_right,CArea
14853,30,STOP SIGN/FLASHER,FUNCTIONING PROPERLY,CLEAR,"DARKNESS, LIGHTED ROAD",PEDALCYCLIST,FOUR WAY,STRAIGHT AND LEVEL,DRY,NO DEFECTS,Y,FAILING TO YIELD RIGHT-OF-WAY,NOT APPLICABLE,,INCAPACITATING INJURY,20,10,42.0161438574,-87.6815130201,2025,30,POINT (-87.6815130201 42.0161438574),,,,,2025-10-31,True,0,Rogers Park
14854,30,NO CONTROLS,NO CONTROLS,CLEAR,"DARKNESS, LIGHTED ROAD",PEDALCYCLIST,NOT DIVIDED,STRAIGHT AND LEVEL,DRY,NO DEFECTS,,FAILING TO YIELD RIGHT-OF-WAY,NOT APPLICABLE,Y,NONINCAPACITATING INJURY,19,11,41.9427173874,-87.6446349182,2025,30,POINT (-87.6446349182 41.9427173874),,,,,2025-11-01,False,5,Lake View
14855,25,UNKNOWN,UNKNOWN,UNKNOWN,UNKNOWN,PEDALCYCLIST,ONE-WAY,STRAIGHT AND LEVEL,UNKNOWN,UNKNOWN,,NOT APPLICABLE,NOT APPLICABLE,,NO INDICATION OF INJURY,20,11,41.8931277545,-87.6305625183,2025,25,POINT (-87.6305625183 41.8931277545),,,,,2025-11-01,False,7,Near North Side
14856,30,TRAFFIC SIGNAL,FUNCTIONING PROPERLY,CLEAR,"DARKNESS, LIGHTED ROAD",PEDALCYCLIST,FOUR WAY,STRAIGHT AND LEVEL,DRY,NO DEFECTS,Y,FAILING TO YIELD RIGHT-OF-WAY,UNABLE TO DETERMINE,,"REPORTED, NOT EVIDENT",1,11,41.8911353798,-87.7556073367,2025,30,POINT (-87.7556073367 41.8911353798),,,,,2025-11-02,False,24,Austin
14857,30,TRAFFIC SIGNAL,FUNCTIONING PROPERLY,CLEAR,DAYLIGHT,PEDALCYCLIST,"FIVE POINT, OR MORE",STRAIGHT AND LEVEL,WET,NO DEFECTS,Y,FAILING TO YIELD RIGHT-OF-WAY,UNABLE TO DETERMINE,,NONINCAPACITATING INJURY,10,11,41.9390168998,-87.7239624351,2025,30,POINT (-87.7239624351 41.9390168998),,,,,2025-11-02,False,15,Irving Park
14858,30,TRAFFIC SIGNAL,FUNCTIONING PROPERLY,CLEAR,DAYLIGHT,PEDALCYCLIST,NOT DIVIDED,STRAIGHT AND LEVEL,DRY,NO DEFECTS,Y,FOLLOWING TOO CLOSELY,FAILING TO REDUCE SPEED TO AVOID CRASH,,NONINCAPACITATING INJURY,13,11,41.8401445582,-87.661339461,2025,30,POINT (-87.661339461 41.8401445582),,,,,2025-11-02,False,30,Lower West Side
14859,30,TRAFFIC SIGNAL,FUNCTIONING PROPERLY,CLEAR,DAYLIGHT,PEDALCYCLIST,NOT DIVIDED,STRAIGHT AND LEVEL,DRY,NO DEFECTS,,ROAD CONSTRUCTION/MAINTENANCE,UNABLE TO DETERMINE,,NO INDICATION OF INJURY,14,11,41.9299726654,-87.7086543015,2025,30,POINT (-87.7086543015 41.9299726654),,,,,2025-11-02,False,21,Logan Square
14860,30,NO CONTROLS,NO CONTROLS,CLEAR,DAYLIGHT,PEDALCYCLIST,PARKING LOT,STRAIGHT ON HILLCREST,DRY,NO DEFECTS,,IMPROPER LANE USAGE,IMPROPER LANE USAGE,,NO INDICATION OF INJURY,15,11,41.9812212221,-87.6929592113,2025,30,POINT (-87.6929592113 41.9812212221),,,,,2025-11-02,False,3,Lincoln Square
14861,30,OTHER,FUNCTIONING PROPERLY,CLEAR,DAYLIGHT,PEDALCYCLIST,NOT DIVIDED,STRAIGHT AND LEVEL,DRY,NO DEFECTS,Y,FAILING TO YIELD RIGHT-OF-WAY,FAILING TO YIELD RIGHT-OF-WAY,N,NONINCAPACITATING INJURY,15,11,41.9036983077,-87.6482453506,2025,30,POINT (-87.6482453506 41.9036983077),,,,,2025-11-02,False,7,Near North Side
14862,20,NO CONTROLS,NO CONTROLS,CLEAR,DARKNESS,PEDALCYCLIST,NOT DIVIDED,STRAIGHT AND LEVEL,DRY,NO DEFECTS,,FAILING TO YIELD RIGHT-OF-WAY,DRIVING ON WRONG SIDE/WRONG WAY,,"REPORTED, NOT EVIDENT",17,11,41.9172145372,-87.7205877418,2025,20,POINT (-87.7205877418 41.9172145372),,,,,2025-11-02,False,21,Logan Square
14863,30,NO CONTROLS,NO CONTROLS,CLEAR,"DARKNESS, LIGHTED ROAD",PEDALCYCLIST,NOT DIVIDED,STRAIGHT AND LEVEL,DRY,UNKNOWN,,UNABLE TO DETERMINE,UNABLE TO DETERMINE,Y,"REPORTED, NOT EVIDENT",20,11,41.961460328,-87.7081099064,2025,30,POINT (-87.7081099064 41.961460328),,,,,2025-11-02,False,13,Albany Park
14864,30,NO CONTROLS,NO CONTROLS,CLEAR,DAYLIGHT,PEDALCYCLIST,DRIVEWAY,STRAIGHT AND LEVEL,DRY,NO DEFECTS,,DISTRACTION - FROM INSIDE VEHICLE,UNABLE TO DETERMINE,,NO INDICATION OF INJURY,8,11,41.7922841428,-87.7906721081,2025,30,POINT (-87.7906721081 41.7922841428),,,,,2025-11-03,False,55,Garfield Ridge
14865,30,NO CONTROLS,NO CONTROLS,CLEAR,DAYLIGHT,PEDALCYCLIST,FOUR WAY,STRAIGHT AND LEVEL,DRY,NO DEFECTS,,NOT APPLICABLE,NOT APPLICABLE,,"REPORTED, NOT EVIDENT",11,11,41.9523419106,-87.7671202868,2025,30,POINT (-87.7671202868 41.9523419106),,,,,2025-11-03,False,14,Portage Park
14866,30,TRAFFIC SIGNAL,UNKNOWN,CLEAR,DAYLIGHT,PEDALCYCLIST,ONE-WAY,STRAIGHT AND LEVEL,DRY,UNKNOWN,,DISREGARDING TRAFFIC SIGNALS,FAILING TO YIELD RIGHT-OF-WAY,,"REPORTED, NOT EVIDENT",12,11,41.8831009816,-87.6309818789,2025,30,POINT (-87.6309818789 41.8831009816),,,,,2025-11-03,False,31,Loop
14867,30,TRAFFIC SIGNAL,FUNCTIONING PROPERLY,CLEAR,DAYLIGHT,PEDALCYCLIST,FOUR WAY,STRAIGHT AND LEVEL,DRY,UNKNOWN,Y,FAILING TO YIELD RIGHT-OF-WAY,UNABLE TO DETERMINE,,"REPORTED, NOT EVIDENT",12,11,41.8761486157,-87.6411524885,2025,30,POINT (-87.6411524885 41.8761486157),,,,,2025-11-03,False,27,Near West Side
14868,35,TRAFFIC SIGNAL,UNKNOWN,CLEAR,DAYLIGHT,PEDALCYCLIST,FOUR WAY,STRAIGHT AND LEVEL,UNKNOWN,UNKNOWN,Y,FAILING TO YIELD RIGHT-OF-WAY,UNABLE TO DETERMINE,,NONINCAPACITATING INJURY,13,11,41.8273701902,-87.6233126619,2025,35,POINT (-87.6233126619 41.8273701902),,,,,2025-11-03,False,34,Douglas
14869,30,NO CONTROLS,NO CONTROLS,CLEAR,DAWN,PEDALCYCLIST,NOT DIVIDED,STRAIGHT AND LEVEL,DRY,NO DEFECTS,,UNABLE TO DETERMINE,UNABLE TO DETERMINE,Y,NONINCAPACITATING INJURY,16,11,41.9469035583,-87.6674204895,2025,30,POINT (-87.6674204895 41.9469035583),,,,,2025-11-03,False,5,Lake View
14870,30,TRAFFIC SIGNAL,FUNCTIONING PROPERLY,CLEAR,DAYLIGHT,PEDALCYCLIST,NOT DIVIDED,STRAIGHT AND LEVEL,DRY,NO DEFECTS,,FAILING TO YIELD RIGHT-OF-WAY,UNABLE TO DETERMINE,,NONINCAPACITATING INJURY,16,11,41.7215707064,-87.6238733539,2025,30,POINT (-87.6238733539 41.7215707064),,,,,2025-11-03,False,48,Roseland
14871,30,NO CONTROLS,UNKNOWN,CLEAR,DAYLIGHT,PEDALCYCLIST,NOT DIVIDED,STRAIGHT AND LEVEL,DRY,NO DEFECTS,,UNABLE TO DETERMINE,NOT APPLICABLE,,NONINCAPACITATING INJURY,16,11,41.7720982328,-87.6641646176,2025,30,POINT (-87.6641646176 41.7720982328),,,,,2025-11-03,False,66,Englewood
14872,30,TRAFFIC SIGNAL,FUNCTIONING PROPERLY,CLEAR,"DARKNESS, LIGHTED ROAD",PEDALCYCLIST,ONE-WAY,STRAIGHT AND LEVEL,DRY,NO DEFECTS,Y,UNABLE TO DETERMINE,UNABLE TO DETERMINE,,NONINCAPACITATING INJURY,17,11,41.8819943382,-87.6397586849,2025,30,POINT (-87.6397586849 41.8819943382),,,,,2025-11-03,False,27,Near West Side
14873,30,STOP SIGN/FLASHER,FUNCTIONING PROPERLY,CLEAR,DUSK,PEDALCYCLIST,FOUR WAY,STRAIGHT AND LEVEL,DRY,NO DEFECTS,Y,FAILING TO YIELD RIGHT-OF-WAY,UNABLE TO DETERMINE,,"REPORTED, NOT EVIDENT",18,11,41.9294953006,-87.7663302984,2025,30,POINT (-87.7663302984 41.9294953006),,,,,2025-11-03,False,18,Belmont Cragin
14874,25,UNKNOWN,UNKNOWN,CLEAR,DUSK,PEDALCYCLIST,DIVIDED - W/MEDIAN (NOT RAISED),STRAIGHT AND LEVEL,DRY,NO DEFECTS,,UNABLE TO DETERMINE,UNABLE TO DETERMINE,,NONINCAPACITATING INJURY,19,11,41.8818033004,-87.6245042739,2025,25,POINT (-87.6245042739 41.8818033004),,,,,2025-11-03,False,31,Loop
14875,15,UNKNOWN,UNKNOWN,CLEAR,DAYLIGHT,PEDALCYCLIST,ALLEY,STRAIGHT AND LEVEL,DRY,UNKNOWN,,FOLLOWING TOO CLOSELY,FAILING TO YIELD RIGHT-OF-WAY,,NO INDICATION OF INJURY,7,11,41.9200414465,-87.6383155595,2025,15,POINT (-87.6383155595 41.9200414465),,,,,2025-11-04,False,6,Lincoln Park
14876,25,TRAFFIC SIGNAL,FUNCTIONING PROPERLY,CLEAR,DAYLIGHT,PEDALCYCLIST,NOT DIVIDED,STRAIGHT AND LEVEL,DRY,NO DEFECTS,Y,FAILING TO YIELD RIGHT-OF-WAY,UNABLE TO DETERMINE,,NO INDICATION OF INJURY,8,11,41.9907506365,-87.6701698852,2025,25,POINT (-87.6701698852 41.9907506365),,,,,2025-11-04,False,76,Edgewater
14877,30,STOP SIGN/FLASHER,FUNCTIONING PROPERLY,CLEAR,DAYLIGHT,PEDALCYCLIST,NOT DIVIDED,STRAIGHT AND LEVEL,UNKNOWN,UNKNOWN,,FAILING TO YIELD RIGHT-OF-WAY,FOLLOWING TOO CLOSELY,,"REPORTED, NOT EVIDENT",11,11,41.9065286944,-87.6383030795,2025,30,POINT (-87.6383030795 41.9065286944),,,,,2025-11-04,False,7,Near North Side
14878,30,NO CONTROLS,NO CONTROLS,CLEAR,DAYLIGHT,PEDALCYCLIST,ONE-WAY,STRAIGHT AND LEVEL,DRY,NO DEFECTS,,IMPROPER OVERTAKING/PASSING,DRIVING SKILLS/KNOWLEDGE/EXPERIENCE,,NONINCAPACITATING INJURY,13,11,41.8843185129,-87.6441313385,2025,30,POINT (-87.6441313385 41.8843185129),,,,,2025-11-04,False,27,Near West Side
14879,30,NO CONTROLS,NO CONTROLS,CLEAR,DAYLIGHT,PEDALCYCLIST,NOT DIVIDED,STRAIGHT AND LEVEL,DRY,UNKNOWN,,IMPROPER TURNING/NO SIGNAL,NOT APPLICABLE,,NONINCAPACITATING INJURY,13,11,41.8801620078,-87.7629718563,2025,30,POINT (-87.7629718563 41.8801620078),,,,,2025-11-04,False,24,Austin
14880,30,UNKNOWN,UNKNOWN,UNKNOWN,UNKNOWN,PEDALCYCLIST,NOT DIVIDED,STRAIGHT AND LEVEL,UNKNOWN,UNKNOWN,,UNABLE TO DETERMINE,NOT APPLICABLE,,NO INDICATION OF INJURY,16,11,41.9080029546,-87.6480506174,2025,30,POINT (-87.6480506174 41.9080029546),,,,,2025-11-04,False,7,Near North Side
14881,30,UNKNOWN,UNKNOWN,CLEAR,"DARKNESS, LIGHTED ROAD",PEDALCYCLIST,NOT DIVIDED,STRAIGHT AND LEVEL,UNKNOWN,UNKNOWN,,UNABLE TO DETERMINE,UNABLE TO DETERMINE,,NO INDICATION OF INJURY,17,11,41.9087055764,-87.648068015,2025,30,POINT (-87.648068015 41.9087055764),,,,,2025-11-04,False,7,Near North Side
14882,30,NO CONTROLS,NO CONTROLS,CLEAR,DUSK,PEDALCYCLIST,NOT DIVIDED,STRAIGHT AND LEVEL,DRY,NO DEFECTS,,FAILING TO YIELD RIGHT-OF-WAY,FAILING TO YIELD RIGHT-OF-WAY,Y,INCAPACITATING INJURY,17,11,41.9774482848,-87.6685200731,2025,30,POINT (-87.6685200731 41.9774482848),,,,,2025-11-04,True,2,Uptown
14883,30,NO CONTROLS,NO CONTROLS,CLEAR,"DARKNESS, LIGHTED ROAD",PEDALCYCLIST,DIVIDED - W/MEDIAN (NOT RAISED),STRAIGHT AND LEVEL,DRY,NO DEFECTS,Y,FAILING TO YIELD RIGHT-OF-WAY,FAILING TO YIELD RIGHT-OF-WAY,,"REPORTED, NOT EVIDENT",17,11,41.9101838196,-87.6897270238,2025,30,POINT (-87.6897270238 41.9101838196),,,,,2025-11-04,False,23,West Town
14884,30,TRAFFIC SIGNAL,FUNCTIONING PROPERLY,CLEAR,"DARKNESS, LIGHTED ROAD",PEDALCYCLIST,DIVIDED - W/MEDIAN (NOT RAISED),STRAIGHT AND LEVEL,DRY,UNKNOWN,Y,UNABLE TO DETERMINE,UNABLE TO DETERMINE,,"REPORTED, NOT EVIDENT",19,11,41.9217396375,-87.6643614169,2025,30,POINT (-87.6643614169 41.9217396375),,,,,2025-11-04,False,6,Lincoln Park
14885,30,NO CONTROLS,FUNCTIONING PROPERLY,CLEAR,"DARKNESS, LIGHTED ROAD",PEDALCYCLIST,NOT DIVIDED,STRAIGHT AND LEVEL,DRY,NO DEFECTS,,FOLLOWING TOO CLOSELY,FOLLOWING TOO CLOSELY,,NO INDICATION OF INJURY,20,11,41.9031186352,-87.6749647789,2025,30,POINT (-87.6749647789 41.9031186352),,,,,2025-11-04,False,23,West Town
14886,5,NO CONTROLS,NO CONTROLS,CLEAR,DAYLIGHT,PEDALCYCLIST,OTHER,STRAIGHT AND LEVEL,DRY,NO DEFECTS,,UNABLE TO DETERMINE,UNABLE TO DETERMINE,,NO INDICATION OF INJURY,7,11,42.0119784286,-87.7086023551,2025,5,POINT (-87.7086023551 42.0119784286),,,,,2025-11-05,False,1,West Ridge
14887,30,TRAFFIC SIGNAL,FUNCTIONING PROPERLY,CLOUDY/OVERCAST,DAYLIGHT,PEDALCYCLIST,T-INTERSECTION,STRAIGHT AND LEVEL,DRY,NO DEFECTS,Y,DISREGARDING TRAFFIC SIGNALS,NOT APPLICABLE,,NO INDICATION OF INJURY,7,11,41.8889358932,-87.6343769162,2025,30,POINT (-87.6343769162 41.8889358932),,,,,2025-11-05,False,7,Near North Side
14888,30,STOP SIGN/FLASHER,FUNCTIONING PROPERLY,CLEAR,DAYLIGHT,PEDALCYCLIST,DIVIDED - W/MEDIAN (NOT RAISED),STRAIGHT AND LEVEL,DRY,NO DEFECTS,Y,FAILING TO YIELD RIGHT-OF-WAY,NOT APPLICABLE,,NONINCAPACITATING INJURY,7,11,41.7262875909,-87.5705188101,2025,30,POINT (-87.5705188101 41.7262875909),,,,,2025-11-05,False,45,South Chicago
14889,30,UNKNOWN,UNKNOWN,UNKNOWN,UNKNOWN,PEDALCYCLIST,ONE-WAY,STRAIGHT AND LEVEL,UNKNOWN,UNKNOWN,,UNABLE TO DETERMINE,UNABLE TO DETERMINE,,"REPORTED, NOT EVIDENT",8,11,41.8909436152,-87.6175405926,2025,30,POINT (-87.6175405926 41.8909436152),,,,,2025-11-05,False,7,Near North Side
14890,30,NO CONTROLS,NO CONTROLS,CLEAR,DAYLIGHT,PEDALCYCLIST,NOT DIVIDED,STRAIGHT AND LEVEL,DRY,UNKNOWN,Y,"VISION OBSCURED (SIGNS, TREE LIMBS, BUILDINGS, ETC.)",NOT APPLICABLE,,"REPORTED, NOT EVIDENT",8,11,41.9322487629,-87.6915076011,2025,30,POINT (-87.6915076011 41.9322487629),,,,,2025-11-05,False,4,North Center
14891,30,NO CONTROLS,NO CONTROLS,CLEAR,DAYLIGHT,PEDALCYCLIST,FOUR WAY,STRAIGHT AND LEVEL,DRY,NO DEFECTS,,IMPROPER TURNING/NO SIGNAL,UNABLE TO DETERMINE,,NONINCAPACITATING INJURY,12,11,41.8900599386,-87.6486172925,2025,30,POINT (-87.6486172925 41.8900599386),,,,,2025-11-05,False,7,Near North Side
14892,30,STOP SIGN/FLASHER,FUNCTIONING PROPERLY,CLEAR,DAYLIGHT,PEDALCYCLIST,PARKING LOT,STRAIGHT AND LEVEL,DRY,NO DEFECTS,,UNABLE TO DETERMINE,UNABLE TO DETERMINE,,NONINCAPACITATING INJURY,14,11,41.7368226302,-87.5857834203,2025,30,POINT (-87.5857834203 41.7368226302),,,,,2025-11-05,False,44,Avalon Park
14893,30,STOP SIGN/FLASHER,FUNCTIONING PROPERLY,CLEAR,DAYLIGHT,PEDALCYCLIST,FOUR WAY,STRAIGHT AND LEVEL,UNKNOWN,UNKNOWN,Y,UNABLE TO DETERMINE,NOT APPLICABLE,,FATAL,15,11,41.9021664421,-87.7531823487,2025,30,POINT (-87.7531823487 41.9021664421),,,,,2025-11-05,True,24,Austin
14894,30,TRAFFIC SIGNAL,FUNCTIONING PROPERLY,CLEAR,DAYLIGHT,PEDALCYCLIST,FOUR WAY,STRAIGHT AND LEVEL,DRY,NO DEFECTS,Y,UNABLE TO DETERMINE,UNABLE TO DETERMINE,,NONINCAPACITATING INJURY,15,11,41.7469046074,-87.6440771516,2025,30,POINT (-87.6440771516 41.7469046074),,,,,2025-11-05,False,70,Auburn Gresham
14895,30,TRAFFIC SIGNAL,FUNCTIONING PROPERLY,CLEAR,DAYLIGHT,PEDALCYCLIST,ONE-WAY,STRAIGHT AND LEVEL,DRY,NO DEFECTS,,FAILING TO YIELD RIGHT-OF-WAY,FAILING TO YIELD RIGHT-OF-WAY,,"REPORTED, NOT EVIDENT",16,11,41.8909697801,-87.6243076418,2025,30,POINT (-87.6243076418 41.8909697801),,,,,2025-11-05,False,7,Near North Side
14896,30,NO CONTROLS,NO CONTROLS,CLEAR,"DARKNESS, LIGHTED ROAD",PEDALCYCLIST,DIVIDED - W/MEDIAN (NOT RAISED),STRAIGHT AND LEVEL,DRY,NO DEFECTS,,FAILING TO YIELD RIGHT-OF-WAY,NOT APPLICABLE,,NONINCAPACITATING INJURY,17,11,41.9538357383,-87.6886086554,2025,30,POINT (-87.6886086554 41.9538357383),,,,,2025-11-05,False,4,North Center
14897,30,NO CONTROLS,NO CONTROLS,CLEAR,"DARKNESS, LIGHTED ROAD",PEDALCYCLIST,NOT DIVIDED,STRAIGHT ON GRADE,DRY,NO DEFECTS,,FAILING TO YIELD RIGHT-OF-WAY,NOT APPLICABLE,,NONINCAPACITATING INJURY,18,11,41.9346055699,-87.658931083,2025,30,POINT (-87.658931083 41.9346055699),,,,,2025-11-05,False,5,Lake View
14898,30,TRAFFIC SIGNAL,FUNCTIONING PROPERLY,CLEAR,DUSK,PEDALCYCLIST,FOUR WAY,STRAIGHT AND LEVEL,DRY,NO DEFECTS,Y,DISREGARDING TRAFFIC SIGNALS,NOT APPLICABLE,,INCAPACITATING INJURY,0,11,41.7795856652,-87.6494938964,2025,30,POINT (-87.6494938964 41.7795856652),,,,,2025-11-06,True,67,Englewood
14899,30,TRAFFIC SIGNAL,UNKNOWN,UNKNOWN,UNKNOWN,PEDALCYCLIST,FOUR WAY,STRAIGHT AND LEVEL,UNKNOWN,UNKNOWN,Y,FAILING TO REDUCE SPEED TO AVOID CRASH,NOT APPLICABLE,,NO INDICATION OF INJURY,6,11,41.9106535514,-87.7167269168,2025,30,POINT (-87.7167269168 41.9106535514),,,,,2025-11-06,False,22,Humboldt Park
14900,20,NO CONTROLS,NO CONTROLS,CLEAR,DAYLIGHT,PEDALCYCLIST,FOUR WAY,STRAIGHT AND LEVEL,DRY,NO DEFECTS,Y,FAILING TO YIELD RIGHT-OF-WAY,IMPROPER LANE USAGE,,NO INDICATION OF INJURY,7,11,41.946643529,-87.686894106,2025,20,POINT (-87.686894106 41.946643529),,,,,2025-11-06,False,4,North Center
14901,30,NO CONTROLS,NO CONTROLS,CLEAR,DAYLIGHT,PEDALCYCLIST,RAMP,STRAIGHT AND LEVEL,DRY,UNKNOWN,,FAILING TO YIELD RIGHT-OF-WAY,NOT APPLICABLE,,NONINCAPACITATING INJURY,15,11,41.9006397103,-87.6297439767,2025,30,POINT (-87.6297439767 41.9006397103),,,,,2025-11-06,False,7,Near North Side
14902,30,NO CONTROLS,NO CONTROLS,CLEAR,DAYLIGHT,PEDALCYCLIST,NOT DIVIDED,STRAIGHT AND LEVEL,DRY,NO DEFECTS,,UNABLE TO DETERMINE,NOT APPLICABLE,,NO INDICATION OF INJURY,15,11,41.8576750507,-87.671242242,2025,30,POINT (-87.671242242 41.8576750507),,,,,2025-11-06,False,27,Near West Side
14903,30,TRAFFIC SIGNAL,FUNCTIONING PROPERLY,CLEAR,DAYLIGHT,PEDALCYCLIST,ONE-WAY,STRAIGHT AND LEVEL,DRY,UNKNOWN,,NOT APPLICABLE,NOT APPLICABLE,Y,INCAPACITATING INJURY,16,11,41.8949686732,-87.6293991787,2025,30,POINT (-87.6293991787 41.8949686732),,,,,2025-11-06,True,7,Near North Side
14904,30,TRAFFIC SIGNAL,FUNCTIONING PROPERLY,CLEAR,"DARKNESS, LIGHTED ROAD",PEDALCYCLIST,FOUR WAY,STRAIGHT AND LEVEL,DRY,NO DEFECTS,,FAILING TO YIELD RIGHT-OF-WAY,UNABLE TO DETERMINE,Y,NONINCAPACITATING INJURY,17,11,41.8845309638,-87.6246020446,2025,30,POINT (-87.6246020446 41.8845309638),,,,,2025-11-06,False,31,Loop
14905,30,TRAFFIC SIGNAL,FUNCTIONING PROPERLY,CLEAR,"DARKNESS, LIGHTED ROAD",PEDALCYCLIST,NOT DIVIDED,STRAIGHT AND LEVEL,DRY,NO DEFECTS,,FAILING TO REDUCE SPEED TO AVOID CRASH,UNABLE TO DETERMINE,N,NONINCAPACITATING INJURY,17,11,41.9296900339,-87.6861676871,2025,30,POINT (-87.6861676871 41.9296900339),,,,,2025-11-06,False,21,Logan Square
14906,30,STOP SIGN/FLASHER,FUNCTIONING PROPERLY,RAIN,DAWN,PEDALCYCLIST,UNKNOWN INTERSECTION TYPE,STRAIGHT ON GRADE,OTHER,OTHER,Y,UNABLE TO DETERMINE,NOT APPLICABLE,,INCAPACITATING INJURY,6,11,41.7923234892,-87.6501161523,2025,30,POINT (-87.6501161523 41.7923234892),,,,,2025-11-07,True,67,Englewood
14907,30,STOP SIGN/FLASHER,FUNCTIONING PROPERLY,CLEAR,DAYLIGHT,PEDALCYCLIST,FOUR WAY,STRAIGHT AND LEVEL,DRY,NO DEFECTS,Y,FAILING TO YIELD RIGHT-OF-WAY,UNABLE TO DETERMINE,,NONINCAPACITATING INJURY,8,11,41.8866602646,-87.6769111651,2025,30,POINT (-87.6769111651 41.8866602646),,,,,2025-11-07,False,27,Near West Side
14908,30,TRAFFIC SIGNAL,FUNCTIONING PROPERLY,CLOUDY/OVERCAST,DAYLIGHT,PEDALCYCLIST,FOUR WAY,STRAIGHT AND LEVEL,DRY,NO DEFECTS,,FAILING TO YIELD RIGHT-OF-WAY,IMPROPER LANE USAGE,,NONINCAPACITATING INJURY,11,11,41.8755842342,-87.6277655039,2025,30,POINT (-87.6277655039 41.8755842342),,,,,2025-11-07,False,31,Loop
14909,30,TRAFFIC SIGNAL,UNKNOWN,UNKNOWN,UNKNOWN,PEDALCYCLIST,NOT DIVIDED,STRAIGHT AND LEVEL,UNKNOWN,UNKNOWN,,UNABLE TO DETERMINE,NOT APPLICABLE,,INCAPACITATING INJURY,14,11,41.8957406161,-87.699879515,2025,30,POINT (-87.699879515 41.8957406161),,,,,2025-11-07,True,22,Humboldt Park
14910,30,TRAFFIC SIGNAL,UNKNOWN,CLEAR,DUSK,PEDALCYCLIST,NOT REPORTED,STRAIGHT AND LEVEL,DRY,UNKNOWN,,IMPROPER OVERTAKING/PASSING,NOT APPLICABLE,,"REPORTED, NOT EVIDENT",16,11,41.8931876284,-87.6313147202,2025,30,POINT (-87.6313147202 41.8931876284),,,,,2025-11-07,False,7,Near North Side
14912,30,NO CONTROLS,NO CONTROLS,CLEAR,DARKNESS,PEDALCYCLIST,NOT DIVIDED,STRAIGHT AND LEVEL,DRY,NO DEFECTS,,FAILING TO YIELD RIGHT-OF-WAY,NOT APPLICABLE,,NO INDICATION OF INJURY,17,11,41.8381141517,-87.7049944648,2025,30,POINT (-87.7049944648 41.8381141517),,,,,2025-11-07,False,29,South Lawndale
14913,30,NO CONTROLS,NO CONTROLS,RAIN,DARKNESS,PEDALCYCLIST,NOT DIVIDED,STRAIGHT AND LEVEL,WET,UNKNOWN,,NOT APPLICABLE,NOT APPLICABLE,Y,NONINCAPACITATING INJURY,20,11,41.9202160911,-87.6415362192,2025,30,POINT (-87.6415362192 41.9202160911),,,,,2025-11-07,False,6,Lincoln Park
14914,30,NO CONTROLS,NO CONTROLS,CLEAR,"DARKNESS, LIGHTED ROAD",PEDALCYCLIST,NOT DIVIDED,STRAIGHT AND LEVEL,WET,NO DEFECTS,,IMPROPER OVERTAKING/PASSING,IMPROPER OVERTAKING/PASSING,,NO INDICATION OF INJURY,23,11,41.9398219924,-87.6526752947,2025,30,POINT (-87.6526752947 41.9398219924),,,,,2025-11-07,False,5,Lake View
14915,30,STOP SIGN/FLASHER,FUNCTIONING PROPERLY,CLEAR,"DARKNESS, LIGHTED ROAD",PEDALCYCLIST,FOUR WAY,STRAIGHT AND LEVEL,DRY,NO DEFECTS,,UNABLE TO DETERMINE,UNABLE TO DETERMINE,,NONINCAPACITATING INJURY,0,11,41.7767781789,-87.7228587184,2025,30,POINT (-87.7228587184 41.7767781789),,,,,2025-11-08,False,64,West Lawn
14916,30,UNKNOWN,UNKNOWN,UNKNOWN,UNKNOWN,PEDALCYCLIST,DIVIDED - W/MEDIAN BARRIER,STRAIGHT AND LEVEL,UNKNOWN,UNKNOWN,,UNABLE TO DETERMINE,UNABLE TO DETERMINE,,NONINCAPACITATING INJURY,14,11,41.954243671,-87.6803042464,2025,30,POINT (-87.6803042464 41.954243671),,,,,2025-11-08,False,4,North Center
14917,30,TRAFFIC SIGNAL,FUNCTIONING PROPERLY,CLOUDY/OVERCAST,DAYLIGHT,PEDALCYCLIST,DIVIDED - W/MEDIAN (NOT RAISED),STRAIGHT AND LEVEL,DRY,NO DEFECTS,,FAILING TO YIELD RIGHT-OF-WAY,FAILING TO YIELD RIGHT-OF-WAY,,NO INDICATION OF INJURY,14,11,41.9228425767,-87.6974874818,2025,30,POINT (-87.6974874818 41.9228425767),,,,,2025-11-08,False,21,Logan Square
14918,25,NO CONTROLS,NO CONTROLS,RAIN,DUSK,PEDALCYCLIST,NOT DIVIDED,STRAIGHT AND LEVEL,WET,NO DEFECTS,,FAILING TO YIELD RIGHT-OF-WAY,NOT APPLICABLE,,NO INDICATION OF INJURY,15,11,41.9216119718,-87.654555524,2025,25,POINT (-87.654555524 41.9216119718),,,,,2025-11-08,False,6,Lincoln Park