Unnamed: 0,POSTED_SPEED_LIMIT,TRAFFIC_CONTROL_DEVICE,DEVICE_CONDITION,WEATHER_CONDITION,LIGHTING_CONDITION,FIRST_CRASH_TYPE,TRAFFICWAY_TYPE,ALIGNMENT,ROADWAY_SURFACE_COND,ROAD_DEFECT,INTERSECTION_RELATED_I,PRIM_CONTRIBUTORY_CAUSE,SEC_CONTRIBUTORY_CAUSE,DOORING_I,MOST_SEVERE_INJURY,CRASH_HOUR,CRASH_MONTH,LATITUDE,LONGITUDE,CRASH_YEAR,SPEED_LIMIT,geometry,DISPLAYROU,the_geom,DIST,LANE_TYPE,CRASH_DATE,is_severe,index_right,CArea
14919,30,NO CONTROLS,NO CONTROLS,CLEAR,"DARKNESS, LIGHTED ROAD",PEDALCYCLIST,NOT DIVIDED,STRAIGHT AND LEVEL,WET,NO DEFECTS,,UNABLE TO DETERMINE,NOT APPLICABLE,,NO INDICATION OF INJURY,17,11,41.9169095033,-87.6774494267,2025,30,POINT (-87.6774494267 41.9169095033),,,,,2025-11-08,False,6,Lincoln Park
14920,30,TRAFFIC SIGNAL,FUNCTIONING PROPERLY,RAIN,"DARKNESS, LIGHTED ROAD",PEDALCYCLIST,DIVIDED - W/MEDIAN (NOT RAISED),STRAIGHT AND LEVEL,WET,NO DEFECTS,Y,FAILING TO YIELD RIGHT-OF-WAY,FAILING TO YIELD RIGHT-OF-WAY,,NO INDICATION OF INJURY,18,11,41.9849437647,-87.7878814615,2025,30,POINT (-87.7878814615 41.9849437647),,,,,2025-11-08,False,10,Jefferson Park
14921,30,NO CONTROLS,NO CONTROLS,CLEAR,DARKNESS,PEDALCYCLIST,NOT DIVIDED,STRAIGHT AND LEVEL,WET,NO DEFECTS,,UNABLE TO DETERMINE,UNABLE TO DETERMINE,,NO INDICATION OF INJURY,21,11,41.8833695266,-87.6510563638,2025,30,POINT (-87.6510563638 41.8833695266),,,,,2025-11-08,False,27,Near West Side
14922,30,STOP SIGN/FLASHER,FUNCTIONING PROPERLY,CLOUDY/OVERCAST,"DARKNESS, LIGHTED ROAD",PEDALCYCLIST,ONE-WAY,STRAIGHT AND LEVEL,WET,NO DEFECTS,,UNABLE TO DETERMINE,UNABLE TO DETERMINE,,"REPORTED, NOT EVIDENT",17,11,41.8777202072,-87.6546900011,2025,30,POINT (-87.6546900011 41.8777202072),,,,,2025-11-09,False,27,Near West Side
14923,20,STOP SIGN/FLASHER,UNKNOWN,CLEAR,DARKNESS,PEDALCYCLIST,FOUR WAY,STRAIGHT AND LEVEL,UNKNOWN,UNKNOWN,Y,UNABLE TO DETERMINE,UNABLE TO DETERMINE,,NO INDICATION OF INJURY,17,11,41.9830817227,-87.7162412804,2025,20,POINT (-87.7162412804 41.9830817227),,,,,2025-11-09,False,12,North Park
14924,30,TRAFFIC SIGNAL,FUNCTIONING PROPERLY,SNOW,DAYLIGHT,PEDALCYCLIST,FOUR WAY,STRAIGHT AND LEVEL,WET,NO DEFECTS,Y,IMPROPER OVERTAKING/PASSING,NOT APPLICABLE,,NO INDICATION OF INJURY,12,11,41.8850236823,-87.6768874573,2025,30,POINT (-87.6768874573 41.8850236823),,,,,2025-11-11,False,27,Near West Side
14925,20,NO CONTROLS,NO CONTROLS,CLEAR,DAYLIGHT,PEDALCYCLIST,DIVIDED - W/MEDIAN (NOT RAISED),STRAIGHT AND LEVEL,DRY,NO DEFECTS,,FAILING TO YIELD RIGHT-OF-WAY,IMPROPER LANE USAGE,,NO INDICATION OF INJURY,15,11,41.8890638753,-87.6403878265,2025,20,POINT (-87.6403878265 41.8890638753),,,,,2025-11-11,False,7,Near North Side
14926,30,UNKNOWN,NO CONTROLS,CLOUDY/OVERCAST,DAYLIGHT,PEDALCYCLIST,DIVIDED - W/MEDIAN BARRIER,STRAIGHT AND LEVEL,SNOW OR SLUSH,NO DEFECTS,,UNABLE TO DETERMINE,UNABLE TO DETERMINE,,NO INDICATION OF INJURY,15,11,41.7939616398,-87.6801589541,2025,30,POINT (-87.6801589541 41.7939616398),,,,,2025-11-11,False,60,New City
14927,30,NO CONTROLS,NO CONTROLS,CLEAR,DAYLIGHT,PEDALCYCLIST,T-INTERSECTION,STRAIGHT AND LEVEL,WET,NO DEFECTS,Y,FAILING TO YIELD RIGHT-OF-WAY,FAILING TO YIELD RIGHT-OF-WAY,,NONINCAPACITATING INJURY,7,11,41.9863029265,-87.6651815217,2025,30,POINT (-87.6651815217 41.9863029265),,,,,2025-11-12,False,76,Edgewater
14928,30,NO CONTROLS,NO CONTROLS,CLEAR,DAYLIGHT,PEDALCYCLIST,DIVIDED - W/MEDIAN (NOT RAISED),STRAIGHT AND LEVEL,DRY,NO DEFECTS,,UNABLE TO DETERMINE,UNABLE TO DETERMINE,,"REPORTED, NOT EVIDENT",8,11,41.9208853376,-87.7126414228,2025,30,POINT (-87.7126414228 41.9208853376),,,,,2025-11-12,False,21,Logan Square
14929,30,NO CONTROLS,NO CONTROLS,CLEAR,DAYLIGHT,PEDALCYCLIST,DIVIDED - W/MEDIAN (NOT RAISED),STRAIGHT AND LEVEL,DRY,NO DEFECTS,,UNABLE TO DETERMINE,UNABLE TO DETERMINE,Y,NONINCAPACITATING INJURY,8,11,41.8695934107,-87.6525904264,2025,30,POINT (-87.6525904264 41.8695934107),,,,,2025-11-12,False,27,Near West Side
14930,30,UNKNOWN,OTHER,CLEAR,DAYLIGHT,PEDALCYCLIST,UNKNOWN,STRAIGHT AND LEVEL,UNKNOWN,UNKNOWN,,UNABLE TO DETERMINE,UNABLE TO DETERMINE,,NONINCAPACITATING INJURY,9,11,41.961624118,-87.7575658704,2025,30,POINT (-87.7575658704 41.961624118),,,,,2025-11-12,False,14,Portage Park
14931,30,TRAFFIC SIGNAL,FUNCTIONING PROPERLY,CLEAR,DAYLIGHT,PEDALCYCLIST,FOUR WAY,STRAIGHT AND LEVEL,WET,NO DEFECTS,Y,DISREGARDING TRAFFIC SIGNALS,NOT APPLICABLE,,NONINCAPACITATING INJURY,10,11,41.8696378979,-87.6471095064,2025,30,POINT (-87.6471095064 41.8696378979),,,,,2025-11-12,False,27,Near West Side
14932,30,STOP SIGN/FLASHER,FUNCTIONING PROPERLY,CLEAR,DAYLIGHT,PEDALCYCLIST,DIVIDED - W/MEDIAN BARRIER,STRAIGHT AND LEVEL,DRY,NO DEFECTS,Y,UNABLE TO DETERMINE,NOT APPLICABLE,,"REPORTED, NOT EVIDENT",11,11,41.8670646703,-87.6592497364,2025,30,POINT (-87.6592497364 41.8670646703),,,,,2025-11-12,False,27,Near West Side
14933,30,TRAFFIC SIGNAL,FUNCTIONING PROPERLY,CLEAR,DAYLIGHT,PEDALCYCLIST,FOUR WAY,STRAIGHT AND LEVEL,DRY,UNKNOWN,Y,FAILING TO YIELD RIGHT-OF-WAY,NOT APPLICABLE,,NONINCAPACITATING INJURY,14,11,41.9608313564,-87.7475991993,2025,30,POINT (-87.7475991993 41.9608313564),,,,,2025-11-12,False,14,Portage Park
14934,30,NO CONTROLS,NO CONTROLS,CLEAR,DAYLIGHT,PEDALCYCLIST,ONE-WAY,STRAIGHT AND LEVEL,DRY,NO DEFECTS,,UNABLE TO DETERMINE,NOT APPLICABLE,,NO INDICATION OF INJURY,14,11,41.961017283,-87.7133655147,2025,30,POINT (-87.7133655147 41.961017283),,,,,2025-11-12,False,13,Albany Park
14935,30,TRAFFIC SIGNAL,FUNCTIONING PROPERLY,CLEAR,DAYLIGHT,PEDALCYCLIST,DRIVEWAY,STRAIGHT AND LEVEL,DRY,NO DEFECTS,,FAILING TO YIELD RIGHT-OF-WAY,NOT APPLICABLE,,NO INDICATION OF INJURY,17,11,41.8673561822,-87.6402266406,2025,30,POINT (-87.6402266406 41.8673561822),,,,,2025-11-12,False,27,Near West Side
14936,30,TRAFFIC SIGNAL,FUNCTIONING PROPERLY,CLEAR,DAYLIGHT,PEDALCYCLIST,FOUR WAY,STRAIGHT AND LEVEL,DRY,NO DEFECTS,Y,UNABLE TO DETERMINE,UNABLE TO DETERMINE,,NO INDICATION OF INJURY,8,11,41.9458796756,-87.7766274209,2025,30,POINT (-87.7766274209 41.9458796756),,,,,2025-11-13,False,14,Portage Park
14937,30,NO CONTROLS,NO CONTROLS,CLEAR,DAYLIGHT,PEDALCYCLIST,NOT DIVIDED,STRAIGHT AND LEVEL,DRY,NO DEFECTS,,FAILING TO YIELD RIGHT-OF-WAY,NOT APPLICABLE,,NONINCAPACITATING INJURY,8,11,41.9613949833,-87.6929262371,2025,30,POINT (-87.6929262371 41.9613949833),,,,,2025-11-13,False,3,Lincoln Square
14938,30,TRAFFIC SIGNAL,FUNCTIONING PROPERLY,CLEAR,DAYLIGHT,PEDALCYCLIST,FOUR WAY,STRAIGHT AND LEVEL,UNKNOWN,UNKNOWN,Y,FAILING TO YIELD RIGHT-OF-WAY,FAILING TO YIELD RIGHT-OF-WAY,,INCAPACITATING INJURY,14,11,41.8516293713,-87.7148505021,2025,30,POINT (-87.7148505021 41.8516293713),,,,,2025-11-13,True,28,North Lawndale
14939,30,STOP SIGN/FLASHER,FUNCTIONING PROPERLY,CLEAR,DAYLIGHT,PEDALCYCLIST,NOT DIVIDED,STRAIGHT AND LEVEL,DRY,UNKNOWN,Y,DRIVING SKILLS/KNOWLEDGE/EXPERIENCE,NOT APPLICABLE,,NO INDICATION OF INJURY,15,11,41.8183865164,-87.6169899073,2025,30,POINT (-87.6169899073 41.8183865164),,,,,2025-11-13,False,37,Grand Boulevard
14940,30,STOP SIGN/FLASHER,NO CONTROLS,CLEAR,DUSK,PEDALCYCLIST,NOT DIVIDED,STRAIGHT AND LEVEL,DRY,UNKNOWN,Y,DRIVING ON WRONG SIDE/WRONG WAY,DRIVING ON WRONG SIDE/WRONG WAY,,NONINCAPACITATING INJURY,17,11,41.8883332721,-87.6222359916,2025,30,POINT (-87.6222359916 41.8883332721),,,,,2025-11-13,False,7,Near North Side
14941,25,NO CONTROLS,NO CONTROLS,CLEAR,"DARKNESS, LIGHTED ROAD",PEDALCYCLIST,RAMP,STRAIGHT AND LEVEL,DRY,NO DEFECTS,,FOLLOWING TOO CLOSELY,FOLLOWING TOO CLOSELY,,NO INDICATION OF INJURY,19,11,41.8831002259,-87.6343226818,2025,25,POINT (-87.6343226818 41.8831002259),,,,,2025-11-13,False,31,Loop
14942,30,TRAFFIC SIGNAL,FUNCTIONING PROPERLY,CLEAR,"DARKNESS, LIGHTED ROAD",PEDALCYCLIST,NOT DIVIDED,STRAIGHT AND LEVEL,DRY,NO DEFECTS,,UNABLE TO DETERMINE,NOT APPLICABLE,,NONINCAPACITATING INJURY,1,11,41.8093249466,-87.6262343617,2025,30,POINT (-87.6262343617 41.8093249466),,,,,2025-11-14,False,37,Grand Boulevard
14943,30,NO CONTROLS,NO CONTROLS,CLEAR,DAYLIGHT,PEDALCYCLIST,NOT DIVIDED,STRAIGHT AND LEVEL,DRY,NO DEFECTS,,UNABLE TO DETERMINE,NOT APPLICABLE,,NONINCAPACITATING INJURY,6,11,41.9085696195,-87.6665605942,2025,30,POINT (-87.6665605942 41.9085696195),,,,,2025-11-14,False,23,West Town
14944,30,OTHER,FUNCTIONING PROPERLY,CLEAR,DAYLIGHT,PEDALCYCLIST,DIVIDED - W/MEDIAN (NOT RAISED),STRAIGHT AND LEVEL,DRY,NO DEFECTS,,"VISION OBSCURED (SIGNS, TREE LIMBS, BUILDINGS, ETC.)",UNABLE TO DETERMINE,Y,NONINCAPACITATING INJURY,8,11,41.931811681,-87.7337807461,2025,30,POINT (-87.7337807461 41.931811681),,,,,2025-11-14,False,19,Hermosa
14945,30,NO CONTROLS,NO CONTROLS,CLEAR,DAYLIGHT,PEDALCYCLIST,NOT DIVIDED,STRAIGHT AND LEVEL,DRY,NO DEFECTS,,UNABLE TO DETERMINE,UNABLE TO DETERMINE,,NONINCAPACITATING INJURY,10,11,41.915887784,-87.6576697904,2025,30,POINT (-87.6576697904 41.915887784),,,,,2025-11-14,False,6,Lincoln Park
14946,30,NO CONTROLS,NO CONTROLS,CLEAR,DAYLIGHT,PEDALCYCLIST,NOT DIVIDED,STRAIGHT AND LEVEL,DRY,NO DEFECTS,,FAILING TO YIELD RIGHT-OF-WAY,DISTRACTION - FROM INSIDE VEHICLE,Y,"REPORTED, NOT EVIDENT",10,11,41.9172382528,-87.6581306832,2025,30,POINT (-87.6581306832 41.9172382528),,,,,2025-11-14,False,6,Lincoln Park
14947,20,STOP SIGN/FLASHER,FUNCTIONING PROPERLY,CLEAR,DAYLIGHT,PEDALCYCLIST,NOT DIVIDED,STRAIGHT AND LEVEL,DRY,NO DEFECTS,,UNABLE TO DETERMINE,NOT APPLICABLE,,NO INDICATION OF INJURY,11,11,41.783788815,-87.5866844975,2025,20,POINT (-87.5866844975 41.783788815),,,,,2025-11-14,False,41,Woodlawn
14948,10,NO CONTROLS,NO CONTROLS,CLEAR,DAYLIGHT,PEDALCYCLIST,PARKING LOT,STRAIGHT AND LEVEL,DRY,UNKNOWN,,FAILING TO REDUCE SPEED TO AVOID CRASH,NOT APPLICABLE,,"REPORTED, NOT EVIDENT",15,11,41.8995692115,-87.6432057856,2025,10,POINT (-87.6432057856 41.8995692115),,,,,2025-11-14,False,7,Near North Side
14949,30,NO CONTROLS,NO CONTROLS,CLEAR,DAYLIGHT,PEDALCYCLIST,NOT DIVIDED,STRAIGHT AND LEVEL,DRY,NO DEFECTS,,FAILING TO YIELD RIGHT-OF-WAY,UNABLE TO DETERMINE,,NONINCAPACITATING INJURY,15,11,41.905559286,-87.6320084511,2025,30,POINT (-87.6320084511 41.905559286),,,,,2025-11-14,False,7,Near North Side
14950,30,NO CONTROLS,NO CONTROLS,CLEAR,"DARKNESS, LIGHTED ROAD",PEDALCYCLIST,NOT DIVIDED,STRAIGHT AND LEVEL,DRY,NO DEFECTS,,UNABLE TO DETERMINE,UNABLE TO DETERMINE,,"REPORTED, NOT EVIDENT",19,11,41.8981603692,-87.6283871119,2025,30,POINT (-87.6283871119 41.8981603692),,,,,2025-11-14,False,7,Near North Side
14951,30,TRAFFIC SIGNAL,FUNCTIONING PROPERLY,CLEAR,DUSK,PEDALCYCLIST,NOT DIVIDED,STRAIGHT AND LEVEL,DRY,NO DEFECTS,,UNABLE TO DETERMINE,UNABLE TO DETERMINE,,NO INDICATION OF INJURY,20,11,41.9104775924,-87.6773735252,2025,30,POINT (-87.6773735252 41.9104775924),,,,,2025-11-14,False,23,West Town
14952,30,NO CONTROLS,NO CONTROLS,RAIN,"DARKNESS, LIGHTED ROAD",PEDALCYCLIST,DIVIDED - W/MEDIAN (NOT RAISED),STRAIGHT AND LEVEL,WET,UNKNOWN,,IMPROPER LANE USAGE,DRIVING SKILLS/KNOWLEDGE/EXPERIENCE,,NONINCAPACITATING INJURY,21,11,41.9072993396,-87.6314069786,2025,30,POINT (-87.6314069786 41.9072993396),,,,,2025-11-14,False,7,Near North Side
14953,25,STOP SIGN/FLASHER,FUNCTIONING PROPERLY,CLEAR,"DARKNESS, LIGHTED ROAD",PEDALCYCLIST,NOT DIVIDED,STRAIGHT AND LEVEL,DRY,UNKNOWN,Y,NOT APPLICABLE,NOT APPLICABLE,,NONINCAPACITATING INJURY,23,11,41.7802996388,-87.7302801717,2025,25,POINT (-87.7302801717 41.7802996388),,,,,2025-11-14,False,64,West Lawn
14954,15,NO CONTROLS,NO CONTROLS,CLEAR,DAYLIGHT,PEDALCYCLIST,OTHER,STRAIGHT AND LEVEL,DRY,NO DEFECTS,,UNABLE TO DETERMINE,UNABLE TO DETERMINE,,NONINCAPACITATING INJURY,11,11,41.9312255486,-87.7776346863,2025,15,POINT (-87.7776346863 41.9312255486),,,,,2025-11-15,False,18,Belmont Cragin
14955,30,NO CONTROLS,NO CONTROLS,CLEAR,DAYLIGHT,PEDALCYCLIST,NOT DIVIDED,STRAIGHT AND LEVEL,DRY,NO DEFECTS,,"VISION OBSCURED (SIGNS, TREE LIMBS, BUILDINGS, ETC.)",NOT APPLICABLE,,INCAPACITATING INJURY,12,11,41.9280690346,-87.6393530432,2025,30,POINT (-87.6393530432 41.9280690346),,,,,2025-11-15,True,6,Lincoln Park
14956,30,NO CONTROLS,NO CONTROLS,CLEAR,DAYLIGHT,PEDALCYCLIST,DIVIDED - W/MEDIAN (NOT RAISED),STRAIGHT AND LEVEL,DRY,NO DEFECTS,,UNABLE TO DETERMINE,NOT APPLICABLE,,"REPORTED, NOT EVIDENT",12,11,41.8808414769,-87.7209021846,2025,30,POINT (-87.7209021846 41.8808414769),,,,,2025-11-15,False,25,Garfield Park
14957,30,TRAFFIC SIGNAL,FUNCTIONING PROPERLY,CLEAR,DAYLIGHT,PEDALCYCLIST,FOUR WAY,STRAIGHT AND LEVEL,DRY,"RUT, HOLES",Y,UNABLE TO DETERMINE,NOT APPLICABLE,,NONINCAPACITATING INJURY,14,11,41.8984494811,-87.7751038068,2025,30,POINT (-87.7751038068 41.8984494811),,,,,2025-11-15,False,24,Austin
14958,30,UNKNOWN,UNKNOWN,CLEAR,DAYLIGHT,PEDALCYCLIST,ONE-WAY,STRAIGHT AND LEVEL,UNKNOWN,UNKNOWN,,UNABLE TO DETERMINE,UNABLE TO DETERMINE,,NO INDICATION OF INJURY,15,11,41.8819366747,-87.6292534799,2025,30,POINT (-87.6292534799 41.8819366747),,,,,2025-11-15,False,31,Loop
14959,30,NO CONTROLS,NO CONTROLS,CLEAR,DAYLIGHT,PEDALCYCLIST,ONE-WAY,STRAIGHT AND LEVEL,DRY,NO DEFECTS,,"VISION OBSCURED (SIGNS, TREE LIMBS, BUILDINGS, ETC.)","VISION OBSCURED (SIGNS, TREE LIMBS, BUILDINGS, ETC.)",,NONINCAPACITATING INJURY,15,11,41.8925591585,-87.6160588808,2025,30,POINT (-87.6160588808 41.8925591585),,,,,2025-11-15,False,7,Near North Side
14960,25,STOP SIGN/FLASHER,FUNCTIONING PROPERLY,CLEAR,DUSK,PEDALCYCLIST,FOUR WAY,STRAIGHT AND LEVEL,DRY,NO DEFECTS,,FAILING TO YIELD RIGHT-OF-WAY,NOT APPLICABLE,,NO INDICATION OF INJURY,16,11,41.9673068476,-87.6597277954,2025,25,POINT (-87.6597277954 41.9673068476),,,,,2025-11-15,False,2,Uptown
14961,30,NO CONTROLS,NO CONTROLS,CLEAR,"DARKNESS, LIGHTED ROAD",PEDALCYCLIST,DIVIDED - W/MEDIAN (NOT RAISED),STRAIGHT AND LEVEL,DRY,NO DEFECTS,Y,UNABLE TO DETERMINE,NOT APPLICABLE,,INCAPACITATING INJURY,17,11,41.8981616719,-87.6344073368,2025,30,POINT (-87.6344073368 41.8981616719),,,,,2025-11-15,True,7,Near North Side
14962,30,STOP SIGN/FLASHER,FUNCTIONING PROPERLY,CLEAR,"DARKNESS, LIGHTED ROAD",PEDALCYCLIST,OTHER,STRAIGHT AND LEVEL,UNKNOWN,UNKNOWN,,UNABLE TO DETERMINE,NOT APPLICABLE,,NONINCAPACITATING INJURY,19,11,41.9623761182,-87.642263264,2025,30,POINT (-87.642263264 41.9623761182),,,,,2025-11-15,False,2,Uptown
14963,30,TRAFFIC SIGNAL,FUNCTIONING PROPERLY,CLEAR,"DARKNESS, LIGHTED ROAD",PEDALCYCLIST,FOUR WAY,STRAIGHT AND LEVEL,DRY,NO DEFECTS,Y,UNABLE TO DETERMINE,UNABLE TO DETERMINE,,NONINCAPACITATING INJURY,4,11,41.9982982277,-87.6606116606,2025,30,POINT (-87.6606116606 41.9982982277),,,,,2025-11-16,False,0,Rogers Park
14964,35,TRAFFIC SIGNAL,FUNCTIONING PROPERLY,CLEAR,DAYLIGHT,PEDALCYCLIST,DIVIDED - W/MEDIAN BARRIER,STRAIGHT AND LEVEL,DRY,NO DEFECTS,Y,DISREGARDING TRAFFIC SIGNALS,UNABLE TO DETERMINE,,NONINCAPACITATING INJURY,11,11,41.8673879139,-87.6204910341,2025,35,POINT (-87.6204910341 41.8673879139),,,,,2025-11-16,False,31,Loop
14965,30,NO CONTROLS,NO CONTROLS,CLEAR,DAYLIGHT,PEDALCYCLIST,NOT DIVIDED,STRAIGHT AND LEVEL,DRY,NO DEFECTS,Y,DRIVING ON WRONG SIDE/WRONG WAY,UNABLE TO DETERMINE,,NO INDICATION OF INJURY,12,11,41.8015412706,-87.6427505558,2025,30,POINT (-87.6427505558 41.8015412706),,,,,2025-11-16,False,60,New City
14966,30,TRAFFIC SIGNAL,FUNCTIONING PROPERLY,CLEAR,DAYLIGHT,PEDALCYCLIST,T-INTERSECTION,STRAIGHT AND LEVEL,DRY,NO DEFECTS,,FAILING TO YIELD RIGHT-OF-WAY,UNABLE TO DETERMINE,,NO INDICATION OF INJURY,12,11,41.9597092736,-87.6654556785,2025,30,POINT (-87.6654556785 41.9597092736),,,,,2025-11-16,False,2,Uptown
14967,30,TRAFFIC SIGNAL,FUNCTIONING PROPERLY,CLEAR,DAYLIGHT,PEDALCYCLIST,NOT DIVIDED,STRAIGHT AND LEVEL,DRY,NO DEFECTS,Y,DISREGARDING TRAFFIC SIGNALS,FAILING TO YIELD RIGHT-OF-WAY,,NONINCAPACITATING INJURY,13,11,41.8090143366,-87.6431816048,2025,30,POINT (-87.6431816048 41.8090143366),,,,,2025-11-16,False,60,New City
14968,30,NO CONTROLS,NO CONTROLS,CLEAR,DAYLIGHT,PEDALCYCLIST,NOT DIVIDED,STRAIGHT AND LEVEL,DRY,NO DEFECTS,,FAILING TO YIELD RIGHT-OF-WAY,NOT APPLICABLE,,NONINCAPACITATING INJURY,13,11,41.789112548,-87.7035797266,2025,30,POINT (-87.7035797266 41.789112548),,,,,2025-11-16,False,62,Gage Park
14969,30,TRAFFIC SIGNAL,FUNCTIONING PROPERLY,CLEAR,DAYLIGHT,PEDALCYCLIST,FOUR WAY,STRAIGHT AND LEVEL,DRY,UNKNOWN,Y,FAILING TO REDUCE SPEED TO AVOID CRASH,FAILING TO YIELD RIGHT-OF-WAY,,NONINCAPACITATING INJURY,15,11,42.0066654792,-87.6735705153,2025,30,POINT (-87.6735705153 42.0066654792),,,,,2025-11-16,False,0,Rogers Park
14970,20,NO CONTROLS,NO CONTROLS,CLEAR,DARKNESS,PEDALCYCLIST,DIVIDED - W/MEDIAN (NOT RAISED),STRAIGHT AND LEVEL,DRY,NO DEFECTS,,FAILING TO YIELD RIGHT-OF-WAY,UNABLE TO DETERMINE,Y,"REPORTED, NOT EVIDENT",17,11,41.973493259,-87.6645314632,2025,20,POINT (-87.6645314632 41.973493259),,,,,2025-11-16,False,2,Uptown
14971,30,NO CONTROLS,NO CONTROLS,CLEAR,"DARKNESS, LIGHTED ROAD",PEDALCYCLIST,NOT DIVIDED,STRAIGHT AND LEVEL,DRY,NO DEFECTS,,FAILING TO YIELD RIGHT-OF-WAY,FAILING TO YIELD RIGHT-OF-WAY,,NONINCAPACITATING INJURY,18,11,41.9946209588,-87.6996868624,2025,30,POINT (-87.6996868624 41.9946209588),,,,,2025-11-16,False,1,West Ridge
14972,25,STOP SIGN/FLASHER,FUNCTIONING PROPERLY,CLEAR,"DARKNESS, LIGHTED ROAD",PEDALCYCLIST,DIVIDED - W/MEDIAN (NOT RAISED),STRAIGHT AND LEVEL,DRY,NO DEFECTS,,UNABLE TO DETERMINE,UNABLE TO DETERMINE,Y,NO INDICATION OF INJURY,19,11,41.9823378225,-87.6683789431,2025,25,POINT (-87.6683789431 41.9823378225),,,,,2025-11-16,False,76,Edgewater
14973,15,NO CONTROLS,NO CONTROLS,CLEAR,"DARKNESS, LIGHTED ROAD",PEDALCYCLIST,ALLEY,STRAIGHT AND LEVEL,DRY,NO DEFECTS,,UNABLE TO DETERMINE,UNABLE TO DETERMINE,,NONINCAPACITATING INJURY,19,11,41.7691812086,-87.6179980089,2025,15,POINT (-87.6179980089 41.7691812086),,,,,2025-11-16,False,68,Grand Crossing
14974,30,TRAFFIC SIGNAL,FUNCTIONING PROPERLY,CLEAR,DAYLIGHT,PEDALCYCLIST,T-INTERSECTION,STRAIGHT AND LEVEL,DRY,NO DEFECTS,Y,IMPROPER OVERTAKING/PASSING,UNABLE TO DETERMINE,,NO INDICATION OF INJURY,8,11,41.8889181736,-87.6444779729,2025,30,POINT (-87.6444779729 41.8889181736),,,,,2025-11-17,False,7,Near North Side
14975,30,NO CONTROLS,NO CONTROLS,CLEAR,DAYLIGHT,PEDALCYCLIST,NOT DIVIDED,STRAIGHT AND LEVEL,DRY,NO DEFECTS,,FAILING TO YIELD RIGHT-OF-WAY,NOT APPLICABLE,Y,NONINCAPACITATING INJURY,11,11,41.9328953327,-87.6456609318,2025,30,POINT (-87.6456609318 41.9328953327),,,,,2025-11-17,False,5,Lake View
14976,30,STOP SIGN/FLASHER,FUNCTIONING PROPERLY,CLEAR,DAYLIGHT,PEDALCYCLIST,FOUR WAY,STRAIGHT AND LEVEL,DRY,NO DEFECTS,Y,UNABLE TO DETERMINE,UNABLE TO DETERMINE,,NO INDICATION OF INJURY,15,11,41.9571379787,-87.7291711893,2025,30,POINT (-87.7291711893 41.9571379787),,,,,2025-11-17,False,15,Irving Park
14977,30,TRAFFIC SIGNAL,FUNCTIONING PROPERLY,RAIN,DAYLIGHT,PEDALCYCLIST,NOT DIVIDED,STRAIGHT AND LEVEL,WET,NO DEFECTS,,FAILING TO YIELD RIGHT-OF-WAY,FAILING TO YIELD RIGHT-OF-WAY,,NO INDICATION OF INJURY,9,11,41.9467192597,-87.7079719507,2025,30,POINT (-87.7079719507 41.9467192597),,,,,2025-11-18,False,15,Irving Park
14978,30,TRAFFIC SIGNAL,FUNCTIONING PROPERLY,CLOUDY/OVERCAST,DAYLIGHT,PEDALCYCLIST,DIVIDED - W/MEDIAN (NOT RAISED),STRAIGHT AND LEVEL,WET,NO DEFECTS,Y,TURNING RIGHT ON RED,UNABLE TO DETERMINE,Y,NONINCAPACITATING INJURY,15,11,41.8674608761,-87.6305840126,2025,30,POINT (-87.6305840126 41.8674608761),,,,,2025-11-18,False,31,Loop
14979,30,TRAFFIC SIGNAL,FUNCTIONING PROPERLY,RAIN,"DARKNESS, LIGHTED ROAD",PEDALCYCLIST,FOUR WAY,STRAIGHT AND LEVEL,WET,NO DEFECTS,Y,DISREGARDING ROAD MARKINGS,NOT APPLICABLE,N,NO INDICATION OF INJURY,16,11,41.8873187847,-87.7554605134,2025,30,POINT (-87.7554605134 41.8873187847),,,,,2025-11-18,False,24,Austin
14980,30,NO CONTROLS,NO CONTROLS,CLEAR,"DARKNESS, LIGHTED ROAD",PEDALCYCLIST,FOUR WAY,STRAIGHT AND LEVEL,WET,WORN SURFACE,Y,NOT APPLICABLE,NOT APPLICABLE,,NO INDICATION OF INJURY,17,11,41.8085606352,-87.6614638443,2025,30,POINT (-87.6614638443 41.8085606352),,,,,2025-11-18,False,60,New City
14981,30,STOP SIGN/FLASHER,FUNCTIONING PROPERLY,CLEAR,DARKNESS,PEDALCYCLIST,DIVIDED - W/MEDIAN (NOT RAISED),STRAIGHT AND LEVEL,DRY,NO DEFECTS,Y,UNABLE TO DETERMINE,NOT APPLICABLE,,"REPORTED, NOT EVIDENT",19,11,41.8134840353,-87.7043331067,2025,30,POINT (-87.7043331067 41.8134840353),,,,,2025-11-18,False,57,Brighton Park
14982,30,STOP SIGN/FLASHER,FUNCTIONING PROPERLY,CLEAR,"DARKNESS, LIGHTED ROAD",PEDALCYCLIST,FOUR WAY,STRAIGHT AND LEVEL,DRY,NO DEFECTS,Y,UNABLE TO DETERMINE,UNABLE TO DETERMINE,,"REPORTED, NOT EVIDENT",19,11,41.8520996753,-87.6735103605,2025,30,POINT (-87.6735103605 41.8520996753),,,,,2025-11-18,False,30,Lower West Side