Unnamed: 0,POSTED_SPEED_LIMIT,TRAFFIC_CONTROL_DEVICE,DEVICE_CONDITION,WEATHER_CONDITION,LIGHTING_CONDITION,FIRST_CRASH_TYPE,TRAFFICWAY_TYPE,ALIGNMENT,ROADWAY_SURFACE_COND,ROAD_DEFECT,INTERSECTION_RELATED_I,PRIM_CONTRIBUTORY_CAUSE,SEC_CONTRIBUTORY_CAUSE,DOORING_I,MOST_SEVERE_INJURY,CRASH_HOUR,CRASH_MONTH,LATITUDE,LONGITUDE,CRASH_YEAR,SPEED_LIMIT,geometry,DISPLAYROU,the_geom,DIST,LANE_TYPE,CRASH_DATE,is_severe,index_right,CArea
14983,30,NO CONTROLS,NO CONTROLS,RAIN,"DARKNESS, LIGHTED ROAD",PEDALCYCLIST,NOT DIVIDED,STRAIGHT AND LEVEL,DRY,NO DEFECTS,,FAILING TO REDUCE SPEED TO AVOID CRASH,NOT APPLICABLE,,"REPORTED, NOT EVIDENT",19,11,41.9975444833,-87.6943621253,2025,30,POINT (-87.6943621253 41.9975444833),,,,,2025-11-18,False,1,West Ridge
14984,25,STOP SIGN/FLASHER,UNKNOWN,CLEAR,DAYLIGHT,PEDALCYCLIST,FOUR WAY,STRAIGHT AND LEVEL,DRY,UNKNOWN,Y,FAILING TO YIELD RIGHT-OF-WAY,FAILING TO YIELD RIGHT-OF-WAY,Y,NO INDICATION OF INJURY,7,11,41.8988316103,-87.6626238955,2025,25,POINT (-87.6626238955 41.8988316103),,,,,2025-11-19,False,23,West Town
14985,35,NO CONTROLS,NO CONTROLS,CLOUDY/OVERCAST,DAYLIGHT,PEDALCYCLIST,NOT DIVIDED,STRAIGHT AND LEVEL,DRY,NO DEFECTS,,"VISION OBSCURED (SIGNS, TREE LIMBS, BUILDINGS, ETC.)",UNABLE TO DETERMINE,,NONINCAPACITATING INJURY,9,11,41.953145592,-87.7609563298,2025,35,POINT (-87.7609563298 41.953145592),,,,,2025-11-19,False,14,Portage Park
14986,30,STOP SIGN/FLASHER,FUNCTIONING PROPERLY,CLEAR,DAYLIGHT,PEDALCYCLIST,FOUR WAY,STRAIGHT AND LEVEL,DRY,UNKNOWN,Y,FAILING TO YIELD RIGHT-OF-WAY,NOT APPLICABLE,,NONINCAPACITATING INJURY,11,11,41.9605602601,-87.7697538659,2025,30,POINT (-87.7697538659 41.9605602601),,,,,2025-11-19,False,14,Portage Park
14987,30,TRAFFIC SIGNAL,FUNCTIONING PROPERLY,OTHER,DAYLIGHT,PEDALCYCLIST,NOT DIVIDED,STRAIGHT AND LEVEL,UNKNOWN,UNKNOWN,Y,UNABLE TO DETERMINE,UNABLE TO DETERMINE,,"REPORTED, NOT EVIDENT",12,11,41.9459327504,-87.771753031,2025,30,POINT (-87.771753031 41.9459327504),,,,,2025-11-19,False,14,Portage Park
14988,30,UNKNOWN,UNKNOWN,UNKNOWN,UNKNOWN,PEDALCYCLIST,NOT DIVIDED,STRAIGHT AND LEVEL,UNKNOWN,UNKNOWN,,UNABLE TO DETERMINE,NOT APPLICABLE,,NONINCAPACITATING INJURY,13,11,41.9649598978,-87.6895600427,2025,30,POINT (-87.6895600427 41.9649598978),,,,,2025-11-19,False,3,Lincoln Square
14989,30,STOP SIGN/FLASHER,FUNCTIONING PROPERLY,CLEAR,DUSK,PEDALCYCLIST,FOUR WAY,STRAIGHT AND LEVEL,DRY,NO DEFECTS,Y,"OPERATING VEHICLE IN ERRATIC, RECKLESS, CARELESS, NEGLIGENT OR AGGRESSIVE MANNER",FAILING TO REDUCE SPEED TO AVOID CRASH,,INCAPACITATING INJURY,16,11,41.8791136668,-87.6497633119,2025,30,POINT (-87.6497633119 41.8791136668),,,,,2025-11-19,True,27,Near West Side
14990,30,TRAFFIC SIGNAL,FUNCTIONING PROPERLY,CLEAR,DAYLIGHT,PEDALCYCLIST,"FIVE POINT, OR MORE",STRAIGHT AND LEVEL,DRY,NO DEFECTS,,UNABLE TO DETERMINE,UNABLE TO DETERMINE,,NO INDICATION OF INJURY,7,11,41.9105744942,-87.6779911483,2025,30,POINT (-87.6779911483 41.9105744942),,,,,2025-11-20,False,23,West Town
14991,30,UNKNOWN,UNKNOWN,UNKNOWN,UNKNOWN,PEDALCYCLIST,UNKNOWN,STRAIGHT AND LEVEL,UNKNOWN,UNKNOWN,,UNABLE TO DETERMINE,UNABLE TO DETERMINE,,NO INDICATION OF INJURY,8,11,41.963765828,-87.6774085968,2025,30,POINT (-87.6774085968 41.963765828),,,,,2025-11-20,False,3,Lincoln Square
14992,30,NO CONTROLS,NO CONTROLS,CLEAR,DAYLIGHT,PEDALCYCLIST,NOT DIVIDED,STRAIGHT AND LEVEL,DRY,NO DEFECTS,,UNABLE TO DETERMINE,UNABLE TO DETERMINE,,NO INDICATION OF INJURY,10,11,41.6881547908,-87.6279231374,2025,30,POINT (-87.6279231374 41.6881547908),,,,,2025-11-20,False,48,Roseland
14993,30,YIELD,FUNCTIONING PROPERLY,CLEAR,"DARKNESS, LIGHTED ROAD",PEDALCYCLIST,DIVIDED - W/MEDIAN (NOT RAISED),STRAIGHT AND LEVEL,DRY,NO DEFECTS,,FAILING TO YIELD RIGHT-OF-WAY,NOT APPLICABLE,Y,NONINCAPACITATING INJURY,17,11,41.9552357138,-87.6793454489,2025,30,POINT (-87.6793454489 41.9552357138),,,,,2025-11-20,False,4,North Center
14994,30,OTHER,OTHER,CLEAR,"DARKNESS, LIGHTED ROAD",PEDALCYCLIST,NOT DIVIDED,STRAIGHT AND LEVEL,DRY,NO DEFECTS,,UNABLE TO DETERMINE,NOT APPLICABLE,,INCAPACITATING INJURY,18,11,41.9397869111,-87.6700693203,2025,30,POINT (-87.6700693203 41.9397869111),,,,,2025-11-20,True,5,Lake View
14995,30,NO CONTROLS,NO CONTROLS,CLEAR,DAWN,PEDALCYCLIST,DIVIDED - W/MEDIAN (NOT RAISED),STRAIGHT AND LEVEL,DRY,NO DEFECTS,,NOT APPLICABLE,UNABLE TO DETERMINE,Y,NONINCAPACITATING INJURY,19,11,41.9096355214,-87.6760801158,2025,30,POINT (-87.6760801158 41.9096355214),,,,,2025-11-20,False,23,West Town
14996,30,STOP SIGN/FLASHER,FUNCTIONING PROPERLY,CLEAR,"DARKNESS, LIGHTED ROAD",PEDALCYCLIST,DIVIDED - W/MEDIAN (NOT RAISED),STRAIGHT AND LEVEL,DRY,NO DEFECTS,Y,FAILING TO YIELD RIGHT-OF-WAY,FAILING TO REDUCE SPEED TO AVOID CRASH,,NONINCAPACITATING INJURY,20,11,42.0139485473,-87.6703490883,2025,30,POINT (-87.6703490883 42.0139485473),,,,,2025-11-20,False,0,Rogers Park
14997,25,TRAFFIC SIGNAL,FUNCTIONING PROPERLY,CLEAR,DAYLIGHT,PEDALCYCLIST,FOUR WAY,STRAIGHT AND LEVEL,UNKNOWN,UNKNOWN,,UNABLE TO DETERMINE,NOT APPLICABLE,,NONINCAPACITATING INJURY,11,11,41.9026337556,-87.7179312389,2025,25,POINT (-87.7179312389 41.9026337556),,,,,2025-11-21,False,22,Humboldt Park
14998,15,NO CONTROLS,NO CONTROLS,CLEAR,DAYLIGHT,PEDALCYCLIST,ALLEY,STRAIGHT AND LEVEL,DRY,UNKNOWN,,DRIVING SKILLS/KNOWLEDGE/EXPERIENCE,UNABLE TO DETERMINE,,"REPORTED, NOT EVIDENT",14,11,41.9826845378,-87.6895740287,2025,15,POINT (-87.6895740287 41.9826845378),,,,,2025-11-21,False,3,Lincoln Square
14999,30,TRAFFIC SIGNAL,FUNCTIONING PROPERLY,CLEAR,DUSK,PEDALCYCLIST,NOT DIVIDED,STRAIGHT AND LEVEL,DRY,NO DEFECTS,Y,FAILING TO YIELD RIGHT-OF-WAY,DRIVING SKILLS/KNOWLEDGE/EXPERIENCE,,NO INDICATION OF INJURY,16,11,41.9174970369,-87.6882545896,2025,30,POINT (-87.6882545896 41.9174970369),,,,,2025-11-21,False,21,Logan Square
15000,30,NO CONTROLS,NO CONTROLS,CLEAR,"DARKNESS, LIGHTED ROAD",PEDALCYCLIST,NOT DIVIDED,STRAIGHT AND LEVEL,DRY,NO DEFECTS,,IMPROPER OVERTAKING/PASSING,UNABLE TO DETERMINE,,NO INDICATION OF INJURY,18,11,41.8927803669,-87.7651677935,2025,30,POINT (-87.7651677935 41.8927803669),,,,,2025-11-21,False,24,Austin
15001,35,STOP SIGN/FLASHER,FUNCTIONING PROPERLY,CLEAR,DAYLIGHT,PEDALCYCLIST,DIVIDED - W/MEDIAN BARRIER,STRAIGHT AND LEVEL,DRY,NO DEFECTS,Y,FAILING TO YIELD RIGHT-OF-WAY,UNABLE TO DETERMINE,,NONINCAPACITATING INJURY,7,11,41.7943136791,-87.6191321536,2025,35,POINT (-87.6191321536 41.7943136791),,,,,2025-11-22,False,39,Washington Park
15002,30,NO CONTROLS,NO CONTROLS,CLEAR,DAYLIGHT,PEDALCYCLIST,NOT DIVIDED,STRAIGHT AND LEVEL,DRY,NO DEFECTS,,FAILING TO YIELD RIGHT-OF-WAY,NOT APPLICABLE,,NONINCAPACITATING INJURY,14,11,41.932078435,-87.6445470089,2025,30,POINT (-87.6445470089 41.932078435),,,,,2025-11-22,False,6,Lincoln Park
15003,30,TRAFFIC SIGNAL,FUNCTIONING PROPERLY,CLEAR,"DARKNESS, LIGHTED ROAD",PEDALCYCLIST,FOUR WAY,STRAIGHT AND LEVEL,DRY,NO DEFECTS,Y,FAILING TO YIELD RIGHT-OF-WAY,NOT APPLICABLE,,NONINCAPACITATING INJURY,19,11,41.8791830927,-87.6474262345,2025,30,POINT (-87.6474262345 41.8791830927),,,,,2025-11-22,False,27,Near West Side
15004,35,OTHER,OTHER,CLEAR,"DARKNESS, LIGHTED ROAD",PEDALCYCLIST,OTHER,STRAIGHT AND LEVEL,DRY,NO DEFECTS,,UNABLE TO DETERMINE,UNABLE TO DETERMINE,Y,INCAPACITATING INJURY,22,11,41.8908414572,-87.6327062777,2025,35,POINT (-87.6327062777 41.8908414572),,,,,2025-11-22,True,7,Near North Side
15005,30,TRAFFIC SIGNAL,FUNCTIONING PROPERLY,CLEAR,"DARKNESS, LIGHTED ROAD",PEDALCYCLIST,FOUR WAY,STRAIGHT AND LEVEL,DRY,NO DEFECTS,Y,UNABLE TO DETERMINE,NOT APPLICABLE,,NO INDICATION OF INJURY,17,11,41.7060829595,-87.7014667184,2025,30,POINT (-87.7014667184 41.7060829595),,,,,2025-11-23,False,73,Mount Greenwood
15006,30,TRAFFIC SIGNAL,FUNCTIONING PROPERLY,CLOUDY/OVERCAST,DAYLIGHT,PEDALCYCLIST,FOUR WAY,STRAIGHT AND LEVEL,DRY,NO DEFECTS,Y,UNABLE TO DETERMINE,UNABLE TO DETERMINE,,INCAPACITATING INJURY,11,11,41.7785779277,-87.738488707,2025,30,POINT (-87.738488707 41.7785779277),,,,,2025-11-24,True,63,Clearing
15007,30,NO CONTROLS,UNKNOWN,UNKNOWN,UNKNOWN,PEDALCYCLIST,NOT DIVIDED,STRAIGHT AND LEVEL,UNKNOWN,NO DEFECTS,,NOT APPLICABLE,NOT APPLICABLE,,"REPORTED, NOT EVIDENT",16,11,41.6777603931,-87.6536621376,2025,30,POINT (-87.6536621376 41.6777603931),,,,,2025-11-24,False,52,West Pullman
15008,30,NO CONTROLS,NO CONTROLS,CLEAR,DUSK,PEDALCYCLIST,NOT DIVIDED,STRAIGHT AND LEVEL,DRY,NO DEFECTS,,UNABLE TO DETERMINE,UNABLE TO DETERMINE,,NONINCAPACITATING INJURY,17,11,41.7642839116,-87.5764066694,2025,30,POINT (-87.5764066694 41.7642839116),,,,,2025-11-24,False,42,South Shore
15009,30,NO CONTROLS,NO CONTROLS,CLEAR,"DARKNESS, LIGHTED ROAD",PEDALCYCLIST,DIVIDED - W/MEDIAN (NOT RAISED),STRAIGHT AND LEVEL,DRY,NO DEFECTS,,FAILING TO YIELD RIGHT-OF-WAY,NOT APPLICABLE,,"REPORTED, NOT EVIDENT",17,11,41.9390447905,-87.7223515775,2025,30,POINT (-87.7223515775 41.9390447905),,,,,2025-11-24,False,15,Irving Park
15010,30,STOP SIGN/FLASHER,FUNCTIONING PROPERLY,CLEAR,"DARKNESS, LIGHTED ROAD",PEDALCYCLIST,FOUR WAY,STRAIGHT AND LEVEL,DRY,UNKNOWN,Y,UNABLE TO DETERMINE,UNABLE TO DETERMINE,,NONINCAPACITATING INJURY,17,11,41.9956522739,-87.6760165989,2025,30,POINT (-87.6760165989 41.9956522739),,,,,2025-11-24,False,1,West Ridge
15011,30,STOP SIGN/FLASHER,FUNCTIONING PROPERLY,CLOUDY/OVERCAST,DAYLIGHT,PEDALCYCLIST,T-INTERSECTION,STRAIGHT AND LEVEL,WET,NO DEFECTS,,FAILING TO YIELD RIGHT-OF-WAY,FAILING TO YIELD RIGHT-OF-WAY,,NONINCAPACITATING INJURY,10,11,41.9037108311,-87.7069640055,2025,30,POINT (-87.7069640055 41.9037108311),,,,,2025-11-25,False,22,Humboldt Park
15012,30,NO CONTROLS,NO CONTROLS,CLEAR,DAYLIGHT,PEDALCYCLIST,DIVIDED - W/MEDIAN (NOT RAISED),STRAIGHT AND LEVEL,DRY,NO DEFECTS,,UNABLE TO DETERMINE,UNABLE TO DETERMINE,,NONINCAPACITATING INJURY,15,11,41.9861465637,-87.8367280305,2025,30,POINT (-87.8367280305 41.9861465637),,,,,2025-11-25,False,75,O'Hare
15013,30,TRAFFIC SIGNAL,FUNCTIONING PROPERLY,CLEAR,DAYLIGHT,PEDALCYCLIST,NOT DIVIDED,STRAIGHT AND LEVEL,DRY,NO DEFECTS,,FAILING TO YIELD RIGHT-OF-WAY,IMPROPER TURNING/NO SIGNAL,,NONINCAPACITATING INJURY,16,11,41.8733472923,-87.6261176417,2025,30,POINT (-87.6261176417 41.8733472923),,,,,2025-11-25,False,31,Loop
15014,30,NO CONTROLS,NO CONTROLS,CLEAR,"DARKNESS, LIGHTED ROAD",PEDALCYCLIST,NOT DIVIDED,STRAIGHT AND LEVEL,DRY,NO DEFECTS,,FAILING TO YIELD RIGHT-OF-WAY,NOT APPLICABLE,,NO INDICATION OF INJURY,22,11,41.9028221015,-87.7214931508,2025,30,POINT (-87.7214931508 41.9028221015),,,,,2025-11-25,False,22,Humboldt Park
15015,30,UNKNOWN,UNKNOWN,UNKNOWN,UNKNOWN,PEDALCYCLIST,NOT DIVIDED,STRAIGHT AND LEVEL,UNKNOWN,UNKNOWN,,UNABLE TO DETERMINE,UNABLE TO DETERMINE,,NO INDICATION OF INJURY,12,11,41.9666338492,-87.6671728132,2025,30,POINT (-87.6671728132 41.9666338492),,,,,2025-11-26,False,2,Uptown
15016,30,NO CONTROLS,NO CONTROLS,CLEAR,DAYLIGHT,PEDALCYCLIST,NOT DIVIDED,STRAIGHT AND LEVEL,DRY,NO DEFECTS,,UNABLE TO DETERMINE,UNABLE TO DETERMINE,,"REPORTED, NOT EVIDENT",12,11,41.9656242727,-87.6669574876,2025,30,POINT (-87.6669574876 41.9656242727),,,,,2025-11-26,False,2,Uptown
15017,25,NO CONTROLS,NO CONTROLS,CLEAR,DAWN,PEDALCYCLIST,T-INTERSECTION,STRAIGHT AND LEVEL,DRY,NO DEFECTS,,UNABLE TO DETERMINE,UNABLE TO DETERMINE,,NO INDICATION OF INJURY,16,11,41.9465625569,-87.6998986464,2025,25,POINT (-87.6998986464 41.9465625569),,,,,2025-11-26,False,15,Irving Park
15018,30,YIELD,UNKNOWN,SNOW,"DARKNESS, LIGHTED ROAD",PEDALCYCLIST,NOT DIVIDED,STRAIGHT AND LEVEL,SNOW OR SLUSH,NO DEFECTS,,WEATHER,NOT APPLICABLE,,"REPORTED, NOT EVIDENT",16,11,41.9696333459,-87.7676849348,2025,30,POINT (-87.7676849348 41.9696333459),,,,,2025-11-29,False,10,Jefferson Park
15019,30,NO CONTROLS,NO CONTROLS,SLEET/HAIL,"DARKNESS, LIGHTED ROAD",PEDALCYCLIST,ALLEY,STRAIGHT ON GRADE,SNOW OR SLUSH,UNKNOWN,,FAILING TO YIELD RIGHT-OF-WAY,DRIVING SKILLS/KNOWLEDGE/EXPERIENCE,,NONINCAPACITATING INJURY,16,12,41.9268610504,-87.6424937467,2025,30,POINT (-87.6424937467 41.9268610504),,,,,2025-12-04,False,6,Lincoln Park
15020,30,TRAFFIC SIGNAL,FUNCTIONING PROPERLY,CLEAR,DAYLIGHT,PEDALCYCLIST,FOUR WAY,STRAIGHT AND LEVEL,UNKNOWN,UNKNOWN,Y,TURNING RIGHT ON RED,UNABLE TO DETERMINE,,"REPORTED, NOT EVIDENT",7,12,41.8808528318,-87.6278091662,2025,30,POINT (-87.6278091662 41.8808528318),,,,,2025-12-05,False,31,Loop
15021,30,TRAFFIC SIGNAL,FUNCTIONING PROPERLY,CLEAR,DAYLIGHT,PEDALCYCLIST,FOUR WAY,STRAIGHT AND LEVEL,SNOW OR SLUSH,UNKNOWN,Y,DRIVING SKILLS/KNOWLEDGE/EXPERIENCE,DRIVING SKILLS/KNOWLEDGE/EXPERIENCE,,NO INDICATION OF INJURY,14,12,41.8485753031,-87.6232298703,2025,30,POINT (-87.6232298703 41.8485753031),,,,,2025-12-05,False,32,Near South Side
15022,30,NO CONTROLS,NO CONTROLS,CLEAR,DAYLIGHT,PEDALCYCLIST,NOT DIVIDED,STRAIGHT AND LEVEL,ICE,NO DEFECTS,,FAILING TO REDUCE SPEED TO AVOID CRASH,NOT APPLICABLE,,NONINCAPACITATING INJURY,12,12,41.8693572797,-87.6536689471,2025,30,POINT (-87.6536689471 41.8693572797),,,,,2025-12-06,False,27,Near West Side
15023,35,NO CONTROLS,NO CONTROLS,CLEAR,"DARKNESS, LIGHTED ROAD",PEDALCYCLIST,DIVIDED - W/MEDIAN (NOT RAISED),STRAIGHT AND LEVEL,WET,UNKNOWN,,UNABLE TO DETERMINE,NOT APPLICABLE,,NO INDICATION OF INJURY,16,12,41.9243594879,-87.6975493241,2025,35,POINT (-87.6975493241 41.9243594879),,,,,2025-12-08,False,21,Logan Square
15024,30,TRAFFIC SIGNAL,FUNCTIONING PROPERLY,CLEAR,"DARKNESS, LIGHTED ROAD",PEDALCYCLIST,NOT DIVIDED,STRAIGHT AND LEVEL,DRY,NO DEFECTS,,FAILING TO REDUCE SPEED TO AVOID CRASH,FAILING TO YIELD RIGHT-OF-WAY,,"REPORTED, NOT EVIDENT",19,12,41.875195467,-87.6664800843,2025,30,POINT (-87.6664800843 41.875195467),,,,,2025-12-08,False,27,Near West Side
15025,30,NO CONTROLS,NO CONTROLS,CLEAR,DAYLIGHT,PEDALCYCLIST,NOT DIVIDED,STRAIGHT AND LEVEL,WET,NO DEFECTS,,FAILING TO YIELD RIGHT-OF-WAY,FAILING TO YIELD RIGHT-OF-WAY,,NONINCAPACITATING INJURY,7,12,41.8099070689,-87.7112894925,2025,30,POINT (-87.7112894925 41.8099070689),,,,,2025-12-09,False,57,Brighton Park
15026,30,STOP SIGN/FLASHER,FUNCTIONING PROPERLY,RAIN,"DARKNESS, LIGHTED ROAD",PEDALCYCLIST,NOT DIVIDED,STRAIGHT AND LEVEL,SNOW OR SLUSH,UNKNOWN,Y,FAILING TO REDUCE SPEED TO AVOID CRASH,NOT APPLICABLE,,NONINCAPACITATING INJURY,18,12,41.8588598213,-87.7165703579,2025,30,POINT (-87.7165703579 41.8588598213),,,,,2025-12-09,False,28,North Lawndale
15027,30,STOP SIGN/FLASHER,FUNCTIONING PROPERLY,RAIN,DAWN,PEDALCYCLIST,FOUR WAY,STRAIGHT AND LEVEL,WET,NO DEFECTS,,FAILING TO YIELD RIGHT-OF-WAY,NOT APPLICABLE,,INCAPACITATING INJURY,19,12,41.6926078583,-87.6304353527,2025,30,POINT (-87.6304353527 41.6926078583),,,,,2025-12-09,True,48,Roseland
15028,30,TRAFFIC SIGNAL,FUNCTIONING PROPERLY,CLEAR,"DARKNESS, LIGHTED ROAD",PEDALCYCLIST,FOUR WAY,STRAIGHT AND LEVEL,DRY,NO DEFECTS,Y,DISREGARDING TRAFFIC SIGNALS,FAILING TO YIELD RIGHT-OF-WAY,,"REPORTED, NOT EVIDENT",16,12,41.8732231872,-87.6243487329,2025,30,POINT (-87.6243487329 41.8732231872),,,,,2025-12-10,False,31,Loop
15029,30,TRAFFIC SIGNAL,FUNCTIONING PROPERLY,CLOUDY/OVERCAST,DAYLIGHT,PEDALCYCLIST,FOUR WAY,STRAIGHT AND LEVEL,SNOW OR SLUSH,NO DEFECTS,,FAILING TO YIELD RIGHT-OF-WAY,NOT APPLICABLE,,INCAPACITATING INJURY,7,12,41.9582634168,-87.6496604442,2025,30,POINT (-87.6496604442 41.9582634168),,,,,2025-12-11,True,2,Uptown
15030,25,OTHER,NO CONTROLS,CLEAR,DAYLIGHT,PEDALCYCLIST,ONE-WAY,STRAIGHT AND LEVEL,DRY,NO DEFECTS,,FAILING TO YIELD RIGHT-OF-WAY,NOT APPLICABLE,,NO INDICATION OF INJURY,13,12,41.8761523275,-87.6293949737,2025,25,POINT (-87.6293949737 41.8761523275),,,,,2025-12-11,False,31,Loop
15031,30,NO CONTROLS,NO CONTROLS,CLEAR,DAYLIGHT,PEDALCYCLIST,NOT DIVIDED,STRAIGHT AND LEVEL,DRY,NO DEFECTS,,FAILING TO REDUCE SPEED TO AVOID CRASH,IMPROPER LANE USAGE,,NO INDICATION OF INJURY,16,12,41.9364501676,-87.650552452,2025,30,POINT (-87.650552452 41.9364501676),,,,,2025-12-11,False,5,Lake View
15032,30,NO CONTROLS,NO CONTROLS,CLEAR,"DARKNESS, LIGHTED ROAD",PEDALCYCLIST,NOT DIVIDED,STRAIGHT AND LEVEL,DRY,NO DEFECTS,,UNABLE TO DETERMINE,NOT APPLICABLE,,"REPORTED, NOT EVIDENT",17,12,41.9207571224,-87.6778773602,2025,30,POINT (-87.6778773602 41.9207571224),,,,,2025-12-11,False,6,Lincoln Park
15033,30,TRAFFIC SIGNAL,FUNCTIONING PROPERLY,CLEAR,DAYLIGHT,PEDALCYCLIST,NOT DIVIDED,STRAIGHT AND LEVEL,UNKNOWN,UNKNOWN,Y,UNABLE TO DETERMINE,NOT APPLICABLE,,NONINCAPACITATING INJURY,9,12,41.8671592255,-87.6405734404,2025,30,POINT (-87.6405734404 41.8671592255),,,,,2025-12-15,False,27,Near West Side
15034,30,STOP SIGN/FLASHER,FUNCTIONING PROPERLY,CLEAR,DAYLIGHT,PEDALCYCLIST,T-INTERSECTION,STRAIGHT AND LEVEL,SNOW OR SLUSH,NO DEFECTS,Y,UNABLE TO DETERMINE,UNABLE TO DETERMINE,,NONINCAPACITATING INJURY,12,12,41.995530761,-87.7876449421,2025,30,POINT (-87.7876449421 41.995530761),,,,,2025-12-15,False,10,Jefferson Park
15035,30,NO CONTROLS,NO CONTROLS,CLEAR,DARKNESS,PEDALCYCLIST,NOT DIVIDED,STRAIGHT AND LEVEL,UNKNOWN,UNKNOWN,Y,UNABLE TO DETERMINE,NOT APPLICABLE,,NONINCAPACITATING INJURY,20,12,41.9307431225,-87.797851811,2025,30,POINT (-87.797851811 41.9307431225),,,,,2025-12-15,False,17,Montclare
15036,25,NO CONTROLS,NO CONTROLS,CLEAR,DAYLIGHT,PEDALCYCLIST,NOT DIVIDED,STRAIGHT AND LEVEL,DRY,NO DEFECTS,,FAILING TO YIELD RIGHT-OF-WAY,NOT APPLICABLE,,NONINCAPACITATING INJURY,13,12,41.8694588354,-87.6260274455,2025,25,POINT (-87.6260274455 41.8694588354),,,,,2025-12-16,False,31,Loop
15037,30,TRAFFIC SIGNAL,FUNCTIONING PROPERLY,CLEAR,DAYLIGHT,PEDALCYCLIST,NOT DIVIDED,STRAIGHT AND LEVEL,DRY,NO DEFECTS,Y,FAILING TO YIELD RIGHT-OF-WAY,FAILING TO YIELD RIGHT-OF-WAY,,NO INDICATION OF INJURY,8,12,41.9831272133,-87.7087355973,2025,30,POINT (-87.7087355973 41.9831272133),,,,,2025-12-17,False,1,West Ridge
15038,30,NO CONTROLS,NO CONTROLS,CLEAR,DAYLIGHT,PEDALCYCLIST,NOT DIVIDED,STRAIGHT AND LEVEL,DRY,NO DEFECTS,,DRIVING ON WRONG SIDE/WRONG WAY,UNABLE TO DETERMINE,,"REPORTED, NOT EVIDENT",15,12,41.8819772666,-87.7234097802,2025,30,POINT (-87.7234097802 41.8819772666),,,,,2025-12-17,False,25,Garfield Park
15039,35,TRAFFIC SIGNAL,FUNCTIONING PROPERLY,CLEAR,"DARKNESS, LIGHTED ROAD",PEDALCYCLIST,FOUR WAY,STRAIGHT AND LEVEL,WET,NO DEFECTS,Y,UNABLE TO DETERMINE,NOT APPLICABLE,,NO INDICATION OF INJURY,17,12,41.9028764672,-87.7069373521,2025,35,POINT (-87.7069373521 41.9028764672),,,,,2025-12-17,False,22,Humboldt Park
15040,30,UNKNOWN,UNKNOWN,CLEAR,DARKNESS,PEDALCYCLIST,NOT DIVIDED,STRAIGHT AND LEVEL,DRY,UNKNOWN,,FAILING TO YIELD RIGHT-OF-WAY,IMPROPER OVERTAKING/PASSING,,NO INDICATION OF INJURY,18,12,41.9724676528,-87.7084444882,2025,30,POINT (-87.7084444882 41.9724676528),,,,,2025-12-17,False,12,North Park
15041,30,TRAFFIC SIGNAL,FUNCTIONING PROPERLY,CLEAR,DAYLIGHT,PEDALCYCLIST,NOT DIVIDED,STRAIGHT AND LEVEL,WET,NO DEFECTS,,DRIVING SKILLS/KNOWLEDGE/EXPERIENCE,UNABLE TO DETERMINE,,NONINCAPACITATING INJURY,9,12,41.9085601354,-87.6464526857,2025,30,POINT (-87.6464526857 41.9085601354),,,,,2025-12-18,False,7,Near North Side
15042,30,STOP SIGN/FLASHER,FUNCTIONING PROPERLY,CLEAR,DAYLIGHT,PEDALCYCLIST,FOUR WAY,STRAIGHT AND LEVEL,DRY,NO DEFECTS,Y,FAILING TO REDUCE SPEED TO AVOID CRASH,FAILING TO YIELD RIGHT-OF-WAY,,NONINCAPACITATING INJURY,10,12,41.8531708711,-87.6781983402,2025,30,POINT (-87.6781983402 41.8531708711),,,,,2025-12-18,False,30,Lower West Side
15043,30,TRAFFIC SIGNAL,UNKNOWN,UNKNOWN,UNKNOWN,PEDALCYCLIST,FOUR WAY,STRAIGHT AND LEVEL,UNKNOWN,UNKNOWN,Y,UNABLE TO DETERMINE,NOT APPLICABLE,,"REPORTED, NOT EVIDENT",15,12,41.7514606032,-87.585971993,2025,30,POINT (-87.585971993 41.7514606032),,,,,2025-12-19,False,44,Avalon Park
15044,30,TRAFFIC SIGNAL,FUNCTIONING PROPERLY,CLEAR,DAYLIGHT,PEDALCYCLIST,NOT DIVIDED,STRAIGHT AND LEVEL,DRY,NO DEFECTS,,IMPROPER TURNING/NO SIGNAL,NOT APPLICABLE,,NO INDICATION OF INJURY,16,12,41.9491473374,-87.6496898387,2025,30,POINT (-87.6496898387 41.9491473374),,,,,2025-12-19,False,5,Lake View
15045,30,TRAFFIC SIGNAL,FUNCTIONING PROPERLY,CLEAR,"DARKNESS, LIGHTED ROAD",PEDALCYCLIST,NOT DIVIDED,STRAIGHT AND LEVEL,DRY,NO DEFECTS,Y,DISREGARDING TRAFFIC SIGNALS,IMPROPER OVERTAKING/PASSING,,NO INDICATION OF INJURY,7,12,41.9021883135,-87.765801497,2025,30,POINT (-87.765801497 41.9021883135),,,,,2025-12-20,False,24,Austin
15046,30,NO CONTROLS,NO CONTROLS,CLEAR,DAYLIGHT,PEDALCYCLIST,NOT DIVIDED,STRAIGHT AND LEVEL,DRY,UNKNOWN,,DISTRACTION - FROM INSIDE VEHICLE,NOT APPLICABLE,,NO INDICATION OF INJURY,11,12,41.8955683487,-87.6282518615,2025,30,POINT (-87.6282518615 41.8955683487),,,,,2025-12-20,False,7,Near North Side