Unnamed: 0,POSTED_SPEED_LIMIT,TRAFFIC_CONTROL_DEVICE,DEVICE_CONDITION,WEATHER_CONDITION,LIGHTING_CONDITION,FIRST_CRASH_TYPE,TRAFFICWAY_TYPE,ALIGNMENT,ROADWAY_SURFACE_COND,ROAD_DEFECT,INTERSECTION_RELATED_I,PRIM_CONTRIBUTORY_CAUSE,SEC_CONTRIBUTORY_CAUSE,DOORING_I,MOST_SEVERE_INJURY,CRASH_HOUR,CRASH_MONTH,LATITUDE,LONGITUDE,CRASH_YEAR,SPEED_LIMIT,geometry,DISPLAYROU,the_geom,DIST,LANE_TYPE,CRASH_DATE,is_severe,index_right,CArea
15047,30,NO CONTROLS,NO CONTROLS,CLEAR,DAYLIGHT,PEDALCYCLIST,NOT DIVIDED,STRAIGHT AND LEVEL,DRY,UNKNOWN,,FAILING TO YIELD RIGHT-OF-WAY,NOT APPLICABLE,,NONINCAPACITATING INJURY,10,12,41.8995678419,-87.7260640278,2025,30,POINT (-87.7260640278 41.8995678419),,,,,2025-12-21,False,22,Humboldt Park
15048,35,NO CONTROLS,NO CONTROLS,CLEAR,DAYLIGHT,PEDALCYCLIST,NOT DIVIDED,STRAIGHT AND LEVEL,DRY,NO DEFECTS,,DRIVING SKILLS/KNOWLEDGE/EXPERIENCE,UNABLE TO DETERMINE,,"REPORTED, NOT EVIDENT",12,12,41.7768622075,-87.6971398667,2025,35,POINT (-87.6971398667 41.7768622075),,,,,2025-12-21,False,65,Chicago Lawn
15049,30,TRAFFIC SIGNAL,FUNCTIONING PROPERLY,CLEAR,DUSK,PEDALCYCLIST,NOT DIVIDED,STRAIGHT AND LEVEL,DRY,NO DEFECTS,,"EVASIVE ACTION DUE TO ANIMAL, OBJECT, NONMOTORIST",UNABLE TO DETERMINE,Y,NO INDICATION OF INJURY,18,12,41.9018673568,-87.6284921453,2025,30,POINT (-87.6284921453 41.9018673568),,,,,2025-12-21,False,7,Near North Side
15050,30,TRAFFIC SIGNAL,FUNCTIONING PROPERLY,CLEAR,DAYLIGHT,PEDALCYCLIST,FOUR WAY,STRAIGHT AND LEVEL,DRY,NO DEFECTS,Y,UNABLE TO DETERMINE,UNABLE TO DETERMINE,,NONINCAPACITATING INJURY,7,12,41.802365387,-87.7231141187,2025,30,POINT (-87.7231141187 41.802365387),,,,,2025-12-22,False,56,Archer Heights
15051,30,TRAFFIC SIGNAL,UNKNOWN,CLOUDY/OVERCAST,DAYLIGHT,PEDALCYCLIST,NOT DIVIDED,STRAIGHT AND LEVEL,DRY,UNKNOWN,,UNABLE TO DETERMINE,UNABLE TO DETERMINE,,NO INDICATION OF INJURY,15,12,41.9250380064,-87.678047191,2025,30,POINT (-87.678047191 41.9250380064),,,,,2025-12-22,False,6,Lincoln Park
15052,30,NO CONTROLS,NO CONTROLS,CLEAR,DAYLIGHT,PEDALCYCLIST,NOT DIVIDED,STRAIGHT AND LEVEL,DRY,NO DEFECTS,,FAILING TO YIELD RIGHT-OF-WAY,NOT APPLICABLE,,INCAPACITATING INJURY,12,12,41.9157092723,-87.6564113272,2025,30,POINT (-87.6564113272 41.9157092723),,,,,2025-12-23,True,6,Lincoln Park
15053,30,TRAFFIC SIGNAL,UNKNOWN,CLEAR,DAYLIGHT,PEDALCYCLIST,UNKNOWN INTERSECTION TYPE,STRAIGHT AND LEVEL,UNKNOWN,UNKNOWN,Y,UNABLE TO DETERMINE,NOT APPLICABLE,,"REPORTED, NOT EVIDENT",13,12,41.7751408577,-87.5864419717,2025,30,POINT (-87.5864419717 41.7751408577),,,,,2025-12-23,False,41,Woodlawn
15054,30,NO CONTROLS,NO CONTROLS,SNOW,DARKNESS,PEDALCYCLIST,ALLEY,STRAIGHT AND LEVEL,WET,UNKNOWN,,UNABLE TO DETERMINE,UNABLE TO DETERMINE,N,"REPORTED, NOT EVIDENT",15,12,41.9874675766,-87.6552561471,2025,30,POINT (-87.6552561471 41.9874675766),,,,,2025-12-23,False,76,Edgewater
15055,30,TRAFFIC SIGNAL,FUNCTIONING IMPROPERLY,CLOUDY/OVERCAST,DAYLIGHT,PEDALCYCLIST,FOUR WAY,STRAIGHT AND LEVEL,DRY,NO DEFECTS,Y,FAILING TO YIELD RIGHT-OF-WAY,FAILING TO YIELD RIGHT-OF-WAY,,INCAPACITATING INJURY,7,12,42.0050761227,-87.6902190302,2025,30,POINT (-87.6902190302 42.0050761227),,,,,2025-12-24,True,1,West Ridge
15056,30,TRAFFIC SIGNAL,FUNCTIONING PROPERLY,CLEAR,DAYLIGHT,PEDALCYCLIST,ONE-WAY,STRAIGHT AND LEVEL,UNKNOWN,UNKNOWN,,FAILING TO REDUCE SPEED TO AVOID CRASH,NOT APPLICABLE,,NO INDICATION OF INJURY,11,12,41.893388867,-87.6277024007,2025,30,POINT (-87.6277024007 41.893388867),,,,,2025-12-26,False,7,Near North Side
15057,35,TRAFFIC SIGNAL,FUNCTIONING PROPERLY,CLEAR,"DARKNESS, LIGHTED ROAD",PEDALCYCLIST,FOUR WAY,STRAIGHT AND LEVEL,DRY,NO DEFECTS,,FAILING TO YIELD RIGHT-OF-WAY,UNABLE TO DETERMINE,,NO INDICATION OF INJURY,18,12,41.7490650565,-87.741203904,2025,35,POINT (-87.741203904 41.7490650565),,,,,2025-12-26,False,69,Ashburn
15058,20,TRAFFIC SIGNAL,FUNCTIONING PROPERLY,CLEAR,DAYLIGHT,PEDALCYCLIST,"FIVE POINT, OR MORE",STRAIGHT AND LEVEL,DRY,NO DEFECTS,Y,FAILING TO YIELD RIGHT-OF-WAY,IMPROPER LANE USAGE,,INCAPACITATING INJURY,8,12,41.9393508822,-87.6881090471,2025,20,POINT (-87.6881090471 41.9393508822),,,,,2025-12-27,True,4,North Center
15059,35,NO CONTROLS,NO CONTROLS,CLEAR,DAYLIGHT,PEDALCYCLIST,NOT DIVIDED,STRAIGHT AND LEVEL,DRY,NO DEFECTS,,FAILING TO REDUCE SPEED TO AVOID CRASH,UNABLE TO DETERMINE,,NONINCAPACITATING INJURY,11,12,41.7793157791,-87.6872491988,2025,35,POINT (-87.6872491988 41.7793157791),,,,,2025-12-27,False,65,Chicago Lawn
15060,30,TRAFFIC SIGNAL,FUNCTIONING PROPERLY,CLEAR,DAYLIGHT,PEDALCYCLIST,NOT DIVIDED,STRAIGHT AND LEVEL,DRY,NO DEFECTS,,UNABLE TO DETERMINE,UNABLE TO DETERMINE,,NONINCAPACITATING INJURY,14,12,41.9066713295,-87.6968245582,2025,30,POINT (-87.6968245582 41.9066713295),,,,,2025-12-27,False,22,Humboldt Park
15061,30,OTHER,OTHER,CLEAR,"DARKNESS, LIGHTED ROAD",PEDALCYCLIST,NOT DIVIDED,"CURVE, LEVEL",DRY,NO DEFECTS,,UNABLE TO DETERMINE,NOT APPLICABLE,,INCAPACITATING INJURY,16,12,41.9510796092,-87.6497436577,2025,30,POINT (-87.6497436577 41.9510796092),,,,,2025-12-27,True,5,Lake View
15062,30,TRAFFIC SIGNAL,FUNCTIONING PROPERLY,CLEAR,"DARKNESS, LIGHTED ROAD",PEDALCYCLIST,ONE-WAY,STRAIGHT AND LEVEL,DRY,UNKNOWN,,IMPROPER LANE USAGE,IMPROPER LANE USAGE,Y,NO INDICATION OF INJURY,16,12,41.8915673668,-87.6274866712,2025,30,POINT (-87.6274866712 41.8915673668),,,,,2025-12-27,False,7,Near North Side
15063,30,NO CONTROLS,NO CONTROLS,OTHER,"DARKNESS, LIGHTED ROAD",PEDALCYCLIST,NOT DIVIDED,STRAIGHT AND LEVEL,WET,NO DEFECTS,,UNABLE TO DETERMINE,UNABLE TO DETERMINE,,NONINCAPACITATING INJURY,19,12,41.9091875721,-87.6775767379,2025,30,POINT (-87.6775767379 41.9091875721),,,,,2025-12-27,False,23,West Town
15064,30,TRAFFIC SIGNAL,FUNCTIONING PROPERLY,RAIN,DAYLIGHT,PEDALCYCLIST,FOUR WAY,STRAIGHT AND LEVEL,WET,NO DEFECTS,Y,DISREGARDING TRAFFIC SIGNALS,UNABLE TO DETERMINE,,NO INDICATION OF INJURY,12,12,41.8455981037,-87.6316931983,2025,30,POINT (-87.6316931983 41.8455981037),,,,,2025-12-28,False,32,Near South Side
15065,25,NO CONTROLS,NO CONTROLS,CLEAR,DAYLIGHT,PEDALCYCLIST,ONE-WAY,STRAIGHT AND LEVEL,DRY,NO DEFECTS,,UNABLE TO DETERMINE,UNABLE TO DETERMINE,,"REPORTED, NOT EVIDENT",15,12,41.7344238785,-87.6439959329,2025,25,POINT (-87.6439959329 41.7344238785),,,,,2025-12-28,False,70,Auburn Gresham
15066,30,STOP SIGN/FLASHER,FUNCTIONING PROPERLY,OTHER,DAYLIGHT,PEDALCYCLIST,NOT DIVIDED,STRAIGHT AND LEVEL,OTHER,UNKNOWN,,"VISION OBSCURED (SIGNS, TREE LIMBS, BUILDINGS, ETC.)",UNABLE TO DETERMINE,,NONINCAPACITATING INJURY,21,12,41.9817233659,-87.6682876552,2025,30,POINT (-87.6682876552 41.9817233659),,,,,2025-12-28,False,76,Edgewater
15067,30,TRAFFIC SIGNAL,FUNCTIONING PROPERLY,CLOUDY/OVERCAST,DAYLIGHT,PEDALCYCLIST,FOUR WAY,STRAIGHT AND LEVEL,WET,NO DEFECTS,,DISREGARDING TRAFFIC SIGNALS,UNABLE TO DETERMINE,,NO INDICATION OF INJURY,9,12,41.8661793812,-87.7154793243,2025,30,POINT (-87.7154793243 41.8661793812),,,,,2025-12-31,False,28,North Lawndale
15068,30,TRAFFIC SIGNAL,FUNCTIONING PROPERLY,SNOW,"DARKNESS, LIGHTED ROAD",PEDALCYCLIST,FOUR WAY,STRAIGHT AND LEVEL,WET,NO DEFECTS,Y,FAILING TO YIELD RIGHT-OF-WAY,IMPROPER TURNING/NO SIGNAL,,"REPORTED, NOT EVIDENT",23,12,41.7663328927,-87.576157996,2025,30,POINT (-87.576157996 41.7663328927),,,,,2025-12-31,False,41,Woodlawn
15069,30,NO CONTROLS,NO CONTROLS,CLEAR,DAYLIGHT,PEDALCYCLIST,NOT DIVIDED,STRAIGHT AND LEVEL,DRY,NO DEFECTS,,UNABLE TO DETERMINE,UNABLE TO DETERMINE,Y,NONINCAPACITATING INJURY,10,1,41.8818156316,-87.647214717,2026,30,POINT (-87.647214717 41.8818156316),,,,,2026-01-02,False,27,Near West Side
15070,25,NO CONTROLS,NO CONTROLS,CLEAR,DARKNESS,PEDALCYCLIST,NOT DIVIDED,STRAIGHT AND LEVEL,DRY,NO DEFECTS,,UNABLE TO DETERMINE,UNABLE TO DETERMINE,,NONINCAPACITATING INJURY,18,1,41.8861952111,-87.6499722946,2026,25,POINT (-87.6499722946 41.8861952111),,,,,2026-01-02,False,27,Near West Side
15071,30,NO CONTROLS,NO CONTROLS,CLEAR,"DARKNESS, LIGHTED ROAD",PEDALCYCLIST,NOT DIVIDED,STRAIGHT AND LEVEL,DRY,NO DEFECTS,,FAILING TO YIELD RIGHT-OF-WAY,UNABLE TO DETERMINE,Y,NONINCAPACITATING INJURY,20,1,41.9652365334,-87.708226851,2026,30,POINT (-87.708226851 41.9652365334),,,,,2026-01-02,False,13,Albany Park
15072,30,UNKNOWN,UNKNOWN,UNKNOWN,UNKNOWN,PEDALCYCLIST,UNKNOWN,STRAIGHT AND LEVEL,UNKNOWN,UNKNOWN,,UNABLE TO DETERMINE,NOT APPLICABLE,,NO INDICATION OF INJURY,21,1,41.9678559661,-87.7702814552,2026,30,POINT (-87.7702814552 41.9678559661),,,,,2026-01-02,False,10,Jefferson Park
15073,30,NO CONTROLS,NO CONTROLS,CLEAR,DUSK,PEDALCYCLIST,NOT DIVIDED,STRAIGHT AND LEVEL,DRY,NO DEFECTS,,DRIVING SKILLS/KNOWLEDGE/EXPERIENCE,NOT APPLICABLE,N,"REPORTED, NOT EVIDENT",18,1,41.9423034445,-87.6527490145,2026,30,POINT (-87.6527490145 41.9423034445),,,,,2026-01-03,False,5,Lake View
15074,30,STOP SIGN/FLASHER,FUNCTIONING PROPERLY,CLEAR,DAYLIGHT,PEDALCYCLIST,NOT DIVIDED,STRAIGHT AND LEVEL,DRY,UNKNOWN,N,DISTRACTION - FROM INSIDE VEHICLE,FAILING TO YIELD RIGHT-OF-WAY,,"REPORTED, NOT EVIDENT",12,1,41.9056165572,-87.6970926719,2026,30,POINT (-87.6970926719 41.9056165572),,,,,2026-01-05,False,22,Humboldt Park
15075,30,NO CONTROLS,UNKNOWN,CLEAR,"DARKNESS, LIGHTED ROAD",PEDALCYCLIST,DIVIDED - W/MEDIAN (NOT RAISED),STRAIGHT AND LEVEL,DRY,NO DEFECTS,,FOLLOWING TOO CLOSELY,UNABLE TO DETERMINE,,NONINCAPACITATING INJURY,18,1,41.9869696132,-87.660023887,2026,30,POINT (-87.660023887 41.9869696132),,,,,2026-01-05,False,76,Edgewater
15076,30,TRAFFIC SIGNAL,FUNCTIONING PROPERLY,CLEAR,"DARKNESS, LIGHTED ROAD",PEDALCYCLIST,DIVIDED - W/MEDIAN (NOT RAISED),STRAIGHT AND LEVEL,DRY,NO DEFECTS,,UNABLE TO DETERMINE,UNABLE TO DETERMINE,,"REPORTED, NOT EVIDENT",19,1,41.8891577891,-87.6399859877,2026,30,POINT (-87.6399859877 41.8891577891),,,,,2026-01-05,False,7,Near North Side
15077,35,NO CONTROLS,NO CONTROLS,CLEAR,DARKNESS,PEDALCYCLIST,NOT DIVIDED,STRAIGHT AND LEVEL,DRY,NO DEFECTS,,UNABLE TO DETERMINE,UNABLE TO DETERMINE,Y,NONINCAPACITATING INJURY,20,1,41.8961365352,-87.6701092029,2026,35,POINT (-87.6701092029 41.8961365352),,,,,2026-01-05,False,23,West Town
15078,30,TRAFFIC SIGNAL,FUNCTIONING PROPERLY,CLEAR,"DARKNESS, LIGHTED ROAD",PEDALCYCLIST,FOUR WAY,STRAIGHT AND LEVEL,DRY,NO DEFECTS,Y,DISREGARDING TRAFFIC SIGNALS,NOT APPLICABLE,,NO INDICATION OF INJURY,1,1,41.9070875396,-87.6772248393,2026,30,POINT (-87.6772248393 41.9070875396),,,,,2026-01-06,False,23,West Town
15079,30,NO CONTROLS,NO CONTROLS,CLEAR,DAYLIGHT,PEDALCYCLIST,T-INTERSECTION,STRAIGHT AND LEVEL,DRY,NO DEFECTS,Y,IMPROPER TURNING/NO SIGNAL,NOT APPLICABLE,,NONINCAPACITATING INJURY,7,1,41.9684716326,-87.6925092373,2026,30,POINT (-87.6925092373 41.9684716326),,,,,2026-01-06,False,3,Lincoln Square
15080,25,TRAFFIC SIGNAL,FUNCTIONING PROPERLY,CLEAR,DAYLIGHT,PEDALCYCLIST,T-INTERSECTION,STRAIGHT AND LEVEL,DRY,NO DEFECTS,Y,UNABLE TO DETERMINE,UNABLE TO DETERMINE,,NO INDICATION OF INJURY,11,1,41.8892549252,-87.6309141011,2026,25,POINT (-87.6309141011 41.8892549252),,,,,2026-01-06,False,7,Near North Side
15081,30,TRAFFIC SIGNAL,FUNCTIONING PROPERLY,CLEAR,DAYLIGHT,PEDALCYCLIST,FOUR WAY,STRAIGHT AND LEVEL,DRY,NO DEFECTS,Y,IMPROPER OVERTAKING/PASSING,NOT APPLICABLE,,"REPORTED, NOT EVIDENT",16,1,41.9226628505,-87.6779448625,2026,30,POINT (-87.6779448625 41.9226628505),,,,,2026-01-06,False,6,Lincoln Park
15082,30,NO CONTROLS,NO CONTROLS,CLEAR,"DARKNESS, LIGHTED ROAD",PEDALCYCLIST,NOT DIVIDED,STRAIGHT AND LEVEL,DRY,NO DEFECTS,,UNABLE TO DETERMINE,NOT APPLICABLE,,NO INDICATION OF INJURY,17,1,41.8952419374,-87.6540824836,2026,30,POINT (-87.6540824836 41.8952419374),,,,,2026-01-06,False,7,Near North Side
15083,35,NO CONTROLS,NO CONTROLS,CLEAR,DAWN,PEDALCYCLIST,NOT DIVIDED,STRAIGHT AND LEVEL,DRY,NO DEFECTS,Y,UNABLE TO DETERMINE,NOT APPLICABLE,,NONINCAPACITATING INJURY,6,1,41.8476700479,-87.6452981298,2026,35,POINT (-87.6452981298 41.8476700479),,,,,2026-01-07,False,30,Lower West Side
15084,25,NO CONTROLS,NO CONTROLS,CLEAR,DAYLIGHT,PEDALCYCLIST,DIVIDED - W/MEDIAN BARRIER,STRAIGHT AND LEVEL,DRY,NO DEFECTS,,UNABLE TO DETERMINE,UNABLE TO DETERMINE,,NO INDICATION OF INJURY,13,1,41.8916885174,-87.6243071781,2026,25,POINT (-87.6243071781 41.8916885174),,,,,2026-01-07,False,7,Near North Side
15085,35,NO CONTROLS,NO CONTROLS,CLEAR,DAYLIGHT,PEDALCYCLIST,NOT DIVIDED,STRAIGHT AND LEVEL,DRY,NO DEFECTS,,UNABLE TO DETERMINE,UNABLE TO DETERMINE,,INCAPACITATING INJURY,13,1,41.800661794,-87.7073865952,2026,35,POINT (-87.7073865952 41.800661794),,,,,2026-01-07,True,62,Gage Park
15086,30,NO CONTROLS,NO CONTROLS,CLEAR,DARKNESS,PEDALCYCLIST,NOT DIVIDED,STRAIGHT AND LEVEL,DRY,NO DEFECTS,,IMPROPER LANE USAGE,NOT APPLICABLE,N,"REPORTED, NOT EVIDENT",18,1,41.8890951778,-87.6315694241,2026,30,POINT (-87.6315694241 41.8890951778),,,,,2026-01-07,False,7,Near North Side
15087,30,TRAFFIC SIGNAL,UNKNOWN,CLEAR,DAWN,PEDALCYCLIST,NOT DIVIDED,STRAIGHT AND LEVEL,WET,UNKNOWN,,UNABLE TO DETERMINE,UNABLE TO DETERMINE,,"REPORTED, NOT EVIDENT",19,1,41.8745160058,-87.6395014956,2026,30,POINT (-87.6395014956 41.8745160058),,,,,2026-01-07,False,27,Near West Side
15088,30,NO CONTROLS,FUNCTIONING PROPERLY,CLEAR,"DARKNESS, LIGHTED ROAD",PEDALCYCLIST,ONE-WAY,STRAIGHT AND LEVEL,DRY,NO DEFECTS,,IMPROPER BACKING,UNABLE TO DETERMINE,,NONINCAPACITATING INJURY,1,1,41.7587200134,-87.6246245437,2026,30,POINT (-87.6246245437 41.7587200134),,,,,2026-01-08,False,68,Grand Crossing
15089,30,UNKNOWN,UNKNOWN,CLOUDY/OVERCAST,DAYLIGHT,PEDALCYCLIST,OTHER,STRAIGHT AND LEVEL,UNKNOWN,UNKNOWN,,UNABLE TO DETERMINE,UNABLE TO DETERMINE,,NONINCAPACITATING INJURY,11,1,41.9684802314,-87.7164226323,2026,30,POINT (-87.7164226323 41.9684802314),,,,,2026-01-08,False,13,Albany Park
15090,30,TRAFFIC SIGNAL,FUNCTIONING PROPERLY,CLEAR,DAYLIGHT,PEDALCYCLIST,NOT DIVIDED,STRAIGHT AND LEVEL,DRY,NO DEFECTS,,FAILING TO YIELD RIGHT-OF-WAY,UNABLE TO DETERMINE,,"REPORTED, NOT EVIDENT",12,1,41.8911397228,-87.6621142291,2026,30,POINT (-87.6621142291 41.8911397228),,,,,2026-01-08,False,23,West Town
15091,30,TRAFFIC SIGNAL,FUNCTIONING PROPERLY,RAIN,DAYLIGHT,PEDALCYCLIST,FOUR WAY,STRAIGHT AND LEVEL,WET,UNKNOWN,Y,FAILING TO YIELD RIGHT-OF-WAY,FAILING TO REDUCE SPEED TO AVOID CRASH,,NONINCAPACITATING INJURY,15,1,41.8939894826,-87.6313328842,2026,30,POINT (-87.6313328842 41.8939894826),,,,,2026-01-08,False,7,Near North Side
15092,30,NO CONTROLS,NO CONTROLS,RAIN,"DARKNESS, LIGHTED ROAD",PEDALCYCLIST,NOT DIVIDED,STRAIGHT AND LEVEL,DRY,NO DEFECTS,,UNABLE TO DETERMINE,NOT APPLICABLE,,"REPORTED, NOT EVIDENT",16,1,41.8102069793,-87.684636304,2026,30,POINT (-87.684636304 41.8102069793),,,,,2026-01-08,False,57,Brighton Park
15093,20,NO CONTROLS,NO CONTROLS,RAIN,"DARKNESS, LIGHTED ROAD",PEDALCYCLIST,NOT DIVIDED,STRAIGHT AND LEVEL,WET,NO DEFECTS,,WEATHER,NOT APPLICABLE,,NONINCAPACITATING INJURY,17,1,41.8704178944,-87.6271472563,2026,20,POINT (-87.6271472563 41.8704178944),,,,,2026-01-08,False,31,Loop
15094,30,NO CONTROLS,NO CONTROLS,RAIN,"DARKNESS, LIGHTED ROAD",PEDALCYCLIST,DRIVEWAY,CURVE ON GRADE,WET,NO DEFECTS,,WEATHER,UNABLE TO DETERMINE,,NONINCAPACITATING INJURY,19,1,41.9701800166,-87.7625958933,2026,30,POINT (-87.7625958933 41.9701800166),,,,,2026-01-08,False,10,Jefferson Park
15095,30,TRAFFIC SIGNAL,FUNCTIONING PROPERLY,CLEAR,DAYLIGHT,PEDALCYCLIST,NOT DIVIDED,STRAIGHT AND LEVEL,DRY,UNKNOWN,Y,UNABLE TO DETERMINE,NOT APPLICABLE,,NONINCAPACITATING INJURY,14,1,41.942651561,-87.7032605754,2026,30,POINT (-87.7032605754 41.942651561),,,,,2026-01-09,False,15,Irving Park
15096,30,TRAFFIC SIGNAL,FUNCTIONING PROPERLY,CLEAR,DAYLIGHT,PEDALCYCLIST,DIVIDED - W/MEDIAN (NOT RAISED),STRAIGHT AND LEVEL,DRY,NO DEFECTS,Y,UNABLE TO DETERMINE,UNABLE TO DETERMINE,,NO INDICATION OF INJURY,15,1,41.9345119232,-87.7171119017,2026,30,POINT (-87.7171119017 41.9345119232),,,,,2026-01-09,False,20,Avondale
15097,30,TRAFFIC SIGNAL,FUNCTIONING PROPERLY,CLEAR,"DARKNESS, LIGHTED ROAD",PEDALCYCLIST,NOT DIVIDED,STRAIGHT AND LEVEL,DRY,UNKNOWN,,"VISION OBSCURED (SIGNS, TREE LIMBS, BUILDINGS, ETC.)",NOT APPLICABLE,,NONINCAPACITATING INJURY,16,1,41.9281052623,-87.6522702398,2026,30,POINT (-87.6522702398 41.9281052623),,,,,2026-01-09,False,6,Lincoln Park
15098,20,NO CONTROLS,NO CONTROLS,CLEAR,DARKNESS,PEDALCYCLIST,ALLEY,STRAIGHT AND LEVEL,WET,UNKNOWN,,UNABLE TO DETERMINE,UNABLE TO DETERMINE,,NO INDICATION OF INJURY,19,1,41.9601140486,-87.7864009802,2026,20,POINT (-87.7864009802 41.9601140486),,,,,2026-01-09,False,14,Portage Park
15099,30,UNKNOWN,UNKNOWN,CLEAR,"DARKNESS, LIGHTED ROAD",PEDALCYCLIST,NOT DIVIDED,STRAIGHT AND LEVEL,DRY,NO DEFECTS,,DRIVING SKILLS/KNOWLEDGE/EXPERIENCE,NOT APPLICABLE,Y,"REPORTED, NOT EVIDENT",19,1,41.9173809023,-87.6991594847,2026,30,POINT (-87.6991594847 41.9173809023),,,,,2026-01-09,False,21,Logan Square
15100,30,TRAFFIC SIGNAL,FUNCTIONING PROPERLY,RAIN,"DARKNESS, LIGHTED ROAD",PEDALCYCLIST,DIVIDED - W/MEDIAN (NOT RAISED),STRAIGHT AND LEVEL,WET,NO DEFECTS,Y,DRIVING ON WRONG SIDE/WRONG WAY,DISREGARDING ROAD MARKINGS,,NONINCAPACITATING INJURY,5,1,41.9055006307,-87.726536333,2026,30,POINT (-87.726536333 41.9055006307),,,,,2026-01-10,False,22,Humboldt Park
15101,25,TRAFFIC SIGNAL,UNKNOWN,CLEAR,DAYLIGHT,PEDALCYCLIST,DIVIDED - W/MEDIAN (NOT RAISED),STRAIGHT AND LEVEL,DRY,NO DEFECTS,,UNABLE TO DETERMINE,UNDER THE INFLUENCE OF ALCOHOL/DRUGS (USE WHEN ARREST IS EFFECTED),,NONINCAPACITATING INJURY,14,1,41.9170035259,-87.7315819915,2026,25,POINT (-87.7315819915 41.9170035259),,,,,2026-01-10,False,19,Hermosa
15102,30,NO CONTROLS,NO CONTROLS,CLEAR,DAYLIGHT,PEDALCYCLIST,NOT DIVIDED,STRAIGHT AND LEVEL,DRY,NO DEFECTS,,UNABLE TO DETERMINE,NOT APPLICABLE,,NO INDICATION OF INJURY,15,1,41.9312625519,-87.7749692738,2026,30,POINT (-87.7749692738 41.9312625519),,,,,2026-01-10,False,18,Belmont Cragin
15103,30,NO CONTROLS,NO CONTROLS,CLEAR,"DARKNESS, LIGHTED ROAD",PEDALCYCLIST,NOT DIVIDED,STRAIGHT AND LEVEL,DRY,NO DEFECTS,,UNABLE TO DETERMINE,UNABLE TO DETERMINE,,NONINCAPACITATING INJURY,19,1,41.8834379647,-87.64872378,2026,30,POINT (-87.64872378 41.8834379647),,,,,2026-01-10,False,27,Near West Side
15104,30,NO CONTROLS,NO CONTROLS,CLEAR,"DARKNESS, LIGHTED ROAD",PEDALCYCLIST,ONE-WAY,STRAIGHT AND LEVEL,DRY,WORN SURFACE,,UNABLE TO DETERMINE,NOT APPLICABLE,,NONINCAPACITATING INJURY,17,1,41.8791064032,-87.647335799,2026,30,POINT (-87.647335799 41.8791064032),,,,,2026-01-11,False,27,Near West Side
15105,30,STOP SIGN/FLASHER,FUNCTIONING PROPERLY,CLEAR,DARKNESS,PEDALCYCLIST,FOUR WAY,STRAIGHT AND LEVEL,DRY,NO DEFECTS,Y,FAILING TO YIELD RIGHT-OF-WAY,NOT APPLICABLE,,NONINCAPACITATING INJURY,18,1,41.9288472233,-87.7857810192,2026,30,POINT (-87.7857810192 41.9288472233),,,,,2026-01-11,False,18,Belmont Cragin
15106,15,NO CONTROLS,NO CONTROLS,CLEAR,DAYLIGHT,PEDALCYCLIST,ONE-WAY,STRAIGHT AND LEVEL,DRY,NO DEFECTS,,UNABLE TO DETERMINE,NOT APPLICABLE,,NO INDICATION OF INJURY,11,1,41.9907961012,-87.7004795791,2026,15,POINT (-87.7004795791 41.9907961012),,,,,2026-01-12,False,1,West Ridge
15107,30,TRAFFIC SIGNAL,FUNCTIONING PROPERLY,CLEAR,DUSK,PEDALCYCLIST,FOUR WAY,STRAIGHT AND LEVEL,DRY,NO DEFECTS,Y,DISREGARDING TRAFFIC SIGNALS,FAILING TO YIELD RIGHT-OF-WAY,,"REPORTED, NOT EVIDENT",15,1,41.8601470666,-87.6258085581,2026,30,POINT (-87.6258085581 41.8601470666),,,,,2026-01-12,False,32,Near South Side
15108,30,UNKNOWN,UNKNOWN,UNKNOWN,UNKNOWN,PEDALCYCLIST,UNKNOWN,STRAIGHT AND LEVEL,UNKNOWN,UNKNOWN,,UNABLE TO DETERMINE,UNABLE TO DETERMINE,,NO INDICATION OF INJURY,15,1,41.7962852047,-87.7594215629,2026,30,POINT (-87.7594215629 41.7962852047),,,,,2026-01-12,False,55,Garfield Ridge
15109,20,NO CONTROLS,NO CONTROLS,CLEAR,"DARKNESS, LIGHTED ROAD",PEDALCYCLIST,ONE-WAY,STRAIGHT AND LEVEL,DRY,NO DEFECTS,,DISREGARDING OTHER TRAFFIC SIGNS,DISREGARDING ROAD MARKINGS,,NO INDICATION OF INJURY,17,1,41.9375478172,-87.64419481,2026,20,POINT (-87.64419481 41.9375478172),,,,,2026-01-12,False,5,Lake View
15110,30,NO CONTROLS,NO CONTROLS,CLEAR,"DARKNESS, LIGHTED ROAD",PEDALCYCLIST,NOT DIVIDED,STRAIGHT AND LEVEL,DRY,NO DEFECTS,,UNABLE TO DETERMINE,NOT APPLICABLE,,NO INDICATION OF INJURY,19,1,41.8368973781,-87.6667932124,2026,30,POINT (-87.6667932124 41.8368973781),,,,,2026-01-12,False,30,Lower West Side
15111,30,NO CONTROLS,NO CONTROLS,CLEAR,DAYLIGHT,PEDALCYCLIST,NOT DIVIDED,STRAIGHT AND LEVEL,DRY,UNKNOWN,,DRIVING SKILLS/KNOWLEDGE/EXPERIENCE,UNABLE TO DETERMINE,,NO INDICATION OF INJURY,9,1,41.9090543844,-87.6968823199,2026,30,POINT (-87.6968823199 41.9090543844),,,,,2026-01-13,False,22,Humboldt Park