Unnamed: 0,POSTED_SPEED_LIMIT,TRAFFIC_CONTROL_DEVICE,DEVICE_CONDITION,WEATHER_CONDITION,LIGHTING_CONDITION,FIRST_CRASH_TYPE,TRAFFICWAY_TYPE,ALIGNMENT,ROADWAY_SURFACE_COND,ROAD_DEFECT,INTERSECTION_RELATED_I,PRIM_CONTRIBUTORY_CAUSE,SEC_CONTRIBUTORY_CAUSE,DOORING_I,MOST_SEVERE_INJURY,CRASH_HOUR,CRASH_MONTH,LATITUDE,LONGITUDE,CRASH_YEAR,SPEED_LIMIT,geometry,DISPLAYROU,the_geom,DIST,LANE_TYPE,CRASH_DATE,is_severe,index_right,CArea
15112,30,TRAFFIC SIGNAL,FUNCTIONING PROPERLY,CLEAR,DUSK,PEDALCYCLIST,DIVIDED - W/MEDIAN (NOT RAISED),STRAIGHT AND LEVEL,DRY,NO DEFECTS,Y,UNABLE TO DETERMINE,UNABLE TO DETERMINE,,NONINCAPACITATING INJURY,16,1,41.9327568392,-87.6447360146,2026,30,POINT (-87.6447360146 41.9327568392),,,,,2026-01-13,False,5,Lake View
15113,30,NO CONTROLS,NO CONTROLS,CLEAR,"DARKNESS, LIGHTED ROAD",PEDALCYCLIST,NOT DIVIDED,STRAIGHT AND LEVEL,DRY,NO DEFECTS,,UNABLE TO DETERMINE,NOT APPLICABLE,Y,NONINCAPACITATING INJURY,17,1,41.9264359141,-87.6486484213,2026,30,POINT (-87.6486484213 41.9264359141),,,,,2026-01-13,False,6,Lincoln Park
15114,20,STOP SIGN/FLASHER,FUNCTIONING PROPERLY,SNOW,DAYLIGHT,PEDALCYCLIST,DIVIDED - W/MEDIAN (NOT RAISED),STRAIGHT AND LEVEL,WET,UNKNOWN,,UNABLE TO DETERMINE,UNABLE TO DETERMINE,,NO INDICATION OF INJURY,15,1,41.9906333188,-87.6881220944,2026,20,POINT (-87.6881220944 41.9906333188),,,,,2026-01-14,False,1,West Ridge
15115,30,NO CONTROLS,NO CONTROLS,CLEAR,"DARKNESS, LIGHTED ROAD",PEDALCYCLIST,DIVIDED - W/MEDIAN (NOT RAISED),STRAIGHT AND LEVEL,ICE,NO DEFECTS,,DRIVING ON WRONG SIDE/WRONG WAY,UNABLE TO DETERMINE,,INCAPACITATING INJURY,18,1,41.7750459626,-87.6301786123,2026,30,POINT (-87.6301786123 41.7750459626),,,,,2026-01-14,True,67,Englewood
15116,30,NO CONTROLS,NO CONTROLS,CLEAR,DAYLIGHT,PEDALCYCLIST,ONE-WAY,STRAIGHT AND LEVEL,DRY,UNKNOWN,,NOT APPLICABLE,UNABLE TO DETERMINE,,NO INDICATION OF INJURY,10,1,41.8793560544,-87.7482024846,2026,30,POINT (-87.7482024846 41.8793560544),,,,,2026-01-15,False,24,Austin
15117,30,NO CONTROLS,NO CONTROLS,CLEAR,DAYLIGHT,PEDALCYCLIST,DIVIDED - W/MEDIAN (NOT RAISED),STRAIGHT AND LEVEL,UNKNOWN,UNKNOWN,,IMPROPER LANE USAGE,FAILING TO REDUCE SPEED TO AVOID CRASH,,NO INDICATION OF INJURY,13,1,41.9093137738,-87.6475016789,2026,30,POINT (-87.6475016789 41.9093137738),,,,,2026-01-17,False,7,Near North Side
15118,30,TRAFFIC SIGNAL,UNKNOWN,CLEAR,DUSK,PEDALCYCLIST,FOUR WAY,STRAIGHT AND LEVEL,UNKNOWN,UNKNOWN,Y,UNABLE TO DETERMINE,UNABLE TO DETERMINE,,NONINCAPACITATING INJURY,16,1,41.7790815049,-87.7032603654,2026,30,POINT (-87.7032603654 41.7790815049),,,,,2026-01-20,False,65,Chicago Lawn
15119,30,TRAFFIC SIGNAL,UNKNOWN,CLEAR,"DARKNESS, LIGHTED ROAD",PEDALCYCLIST,FOUR WAY,STRAIGHT AND LEVEL,DRY,UNKNOWN,,FAILING TO YIELD RIGHT-OF-WAY,UNABLE TO DETERMINE,,NONINCAPACITATING INJURY,4,1,41.8084643213,-87.6699719936,2026,30,POINT (-87.6699719936 41.8084643213),,,,,2026-01-21,False,60,New City
15120,30,NO CONTROLS,NO CONTROLS,CLEAR,DAYLIGHT,PEDALCYCLIST,NOT DIVIDED,STRAIGHT AND LEVEL,DRY,NO DEFECTS,,FAILING TO YIELD RIGHT-OF-WAY,IMPROPER BACKING,,NONINCAPACITATING INJURY,12,1,41.8848926024,-87.6221327275,2026,30,POINT (-87.6221327275 41.8848926024),,,,,2026-01-21,False,31,Loop
15121,30,UNKNOWN,UNKNOWN,UNKNOWN,UNKNOWN,PEDALCYCLIST,UNKNOWN,STRAIGHT AND LEVEL,UNKNOWN,UNKNOWN,,UNABLE TO DETERMINE,UNABLE TO DETERMINE,,NO INDICATION OF INJURY,13,1,41.8004039467,-87.7281215402,2026,30,POINT (-87.7281215402 41.8004039467),,,,,2026-01-21,False,56,Archer Heights
15122,30,NO CONTROLS,NO CONTROLS,CLEAR,"DARKNESS, LIGHTED ROAD",PEDALCYCLIST,DIVIDED - W/MEDIAN (NOT RAISED),STRAIGHT AND LEVEL,WET,NO DEFECTS,,IMPROPER TURNING/NO SIGNAL,UNABLE TO DETERMINE,,NONINCAPACITATING INJURY,17,1,41.9829255138,-87.7126617577,2026,30,POINT (-87.7126617577 41.9829255138),,,,,2026-01-21,False,12,North Park
15123,30,TRAFFIC SIGNAL,FUNCTIONING PROPERLY,SNOW,DARKNESS,PEDALCYCLIST,FOUR WAY,STRAIGHT AND LEVEL,WET,UNKNOWN,Y,FAILING TO REDUCE SPEED TO AVOID CRASH,NOT APPLICABLE,,NONINCAPACITATING INJURY,21,1,41.9254844446,-87.6536765004,2026,30,POINT (-87.6536765004 41.9254844446),,,,,2026-01-21,False,6,Lincoln Park
15124,30,TRAFFIC SIGNAL,FUNCTIONING PROPERLY,SNOW,"DARKNESS, LIGHTED ROAD",PEDALCYCLIST,NOT DIVIDED,STRAIGHT AND LEVEL,SNOW OR SLUSH,NO DEFECTS,Y,FAILING TO YIELD RIGHT-OF-WAY,FOLLOWING TOO CLOSELY,,NONINCAPACITATING INJURY,18,1,41.9033878764,-87.6583090516,2026,30,POINT (-87.6583090516 41.9033878764),,,,,2026-01-25,False,7,Near North Side
15125,25,STOP SIGN/FLASHER,FUNCTIONING PROPERLY,SNOW,"DARKNESS, LIGHTED ROAD",PEDALCYCLIST,T-INTERSECTION,STRAIGHT AND LEVEL,SNOW OR SLUSH,UNKNOWN,Y,UNABLE TO DETERMINE,NOT APPLICABLE,,NO INDICATION OF INJURY,18,1,41.8930642158,-87.7594205502,2026,25,POINT (-87.7594205502 41.8930642158),,,,,2026-01-26,False,24,Austin
15126,25,UNKNOWN,UNKNOWN,SNOW,DARKNESS,PEDALCYCLIST,ONE-WAY,STRAIGHT AND LEVEL,SNOW OR SLUSH,UNKNOWN,,UNABLE TO DETERMINE,NOT APPLICABLE,Y,NONINCAPACITATING INJURY,19,1,41.9667173042,-87.7329226128,2026,25,POINT (-87.7329226128 41.9667173042),,,,,2026-01-26,False,13,Albany Park
15127,30,TRAFFIC SIGNAL,FUNCTIONING PROPERLY,CLEAR,DAYLIGHT,PEDALCYCLIST,FOUR WAY,STRAIGHT AND LEVEL,SNOW OR SLUSH,UNKNOWN,Y,UNABLE TO DETERMINE,UNABLE TO DETERMINE,,NO INDICATION OF INJURY,15,1,41.8899054767,-87.6315040165,2026,30,POINT (-87.6315040165 41.8899054767),,,,,2026-01-27,False,7,Near North Side
15128,30,TRAFFIC SIGNAL,FUNCTIONING PROPERLY,CLEAR,DAYLIGHT,PEDALCYCLIST,FOUR WAY,STRAIGHT AND LEVEL,SNOW OR SLUSH,UNKNOWN,Y,FAILING TO YIELD RIGHT-OF-WAY,FAILING TO YIELD RIGHT-OF-WAY,,INCAPACITATING INJURY,15,1,41.8803248056,-87.7549183963,2026,30,POINT (-87.7549183963 41.8803248056),,,,,2026-01-28,True,24,Austin
15129,30,NO CONTROLS,NO CONTROLS,CLEAR,DARKNESS,PEDALCYCLIST,DIVIDED - W/MEDIAN (NOT RAISED),STRAIGHT AND LEVEL,DRY,NO DEFECTS,,FAILING TO REDUCE SPEED TO AVOID CRASH,NOT APPLICABLE,,FATAL,20,1,41.9524491107,-87.8416069406,2026,30,POINT (-87.8416069406 41.9524491107),,,,,2026-01-29,True,75,O'Hare
15130,10,NO CONTROLS,NO CONTROLS,CLEAR,"DARKNESS, LIGHTED ROAD",PEDALCYCLIST,PARKING LOT,STRAIGHT AND LEVEL,DRY,NO DEFECTS,,DRIVING ON WRONG SIDE/WRONG WAY,DRIVING ON WRONG SIDE/WRONG WAY,,"REPORTED, NOT EVIDENT",21,1,41.9258928802,-87.7662048258,2026,10,POINT (-87.7662048258 41.9258928802),,,,,2026-01-30,False,18,Belmont Cragin
15131,30,NO CONTROLS,NO CONTROLS,CLEAR,"DARKNESS, LIGHTED ROAD",PEDALCYCLIST,NOT DIVIDED,STRAIGHT AND LEVEL,DRY,NO DEFECTS,,IMPROPER OVERTAKING/PASSING,FAILING TO YIELD RIGHT-OF-WAY,,"REPORTED, NOT EVIDENT",19,2,41.8968039479,-87.6269202837,2026,30,POINT (-87.6269202837 41.8968039479),,,,,2026-02-03,False,7,Near North Side
15132,30,NO CONTROLS,NO CONTROLS,CLEAR,DAYLIGHT,PEDALCYCLIST,NOT DIVIDED,STRAIGHT AND LEVEL,WET,NO DEFECTS,Y,IMPROPER OVERTAKING/PASSING,NOT APPLICABLE,,NO INDICATION OF INJURY,8,2,41.8940274009,-87.6399191465,2026,30,POINT (-87.6399191465 41.8940274009),,,,,2026-02-04,False,7,Near North Side
15133,30,NO CONTROLS,NO CONTROLS,CLEAR,DAYLIGHT,PEDALCYCLIST,NOT DIVIDED,STRAIGHT AND LEVEL,DRY,NO DEFECTS,,IMPROPER LANE USAGE,NOT APPLICABLE,,"REPORTED, NOT EVIDENT",9,2,41.8985899043,-87.6344236929,2026,30,POINT (-87.6344236929 41.8985899043),,,,,2026-02-04,False,7,Near North Side
15134,20,NO CONTROLS,NO CONTROLS,CLEAR,DAYLIGHT,PEDALCYCLIST,NOT DIVIDED,STRAIGHT AND LEVEL,SNOW OR SLUSH,UNKNOWN,,NOT APPLICABLE,NOT APPLICABLE,,NONINCAPACITATING INJURY,12,2,41.7371921515,-87.5501835256,2026,20,POINT (-87.5501835256 41.7371921515),,,,,2026-02-04,False,45,South Chicago
15135,30,UNKNOWN,UNKNOWN,UNKNOWN,UNKNOWN,PEDALCYCLIST,UNKNOWN,STRAIGHT AND LEVEL,UNKNOWN,UNKNOWN,,NOT APPLICABLE,NOT APPLICABLE,,NO INDICATION OF INJURY,5,2,41.8904860552,-87.6371487391,2026,30,POINT (-87.6371487391 41.8904860552),,,,,2026-02-05,False,7,Near North Side
15136,30,UNKNOWN,UNKNOWN,CLEAR,DAYLIGHT,PEDALCYCLIST,DIVIDED - W/MEDIAN (NOT RAISED),STRAIGHT AND LEVEL,DRY,UNKNOWN,,UNABLE TO DETERMINE,NOT APPLICABLE,,"REPORTED, NOT EVIDENT",12,2,41.9526223858,-87.66431813,2026,30,POINT (-87.66431813 41.9526223858),,,,,2026-02-05,False,5,Lake View
15137,30,NO CONTROLS,NO CONTROLS,CLOUDY/OVERCAST,DAYLIGHT,PEDALCYCLIST,DIVIDED - W/MEDIAN (NOT RAISED),STRAIGHT AND LEVEL,WET,NO DEFECTS,,UNABLE TO DETERMINE,UNABLE TO DETERMINE,Y,NONINCAPACITATING INJURY,14,2,41.9774846764,-87.7088710331,2026,30,POINT (-87.7088710331 41.9774846764),,,,,2026-02-05,False,12,North Park
15138,30,NO CONTROLS,NO CONTROLS,CLEAR,"DARKNESS, LIGHTED ROAD",PEDALCYCLIST,NOT DIVIDED,STRAIGHT AND LEVEL,DRY,NO DEFECTS,,FAILING TO YIELD RIGHT-OF-WAY,UNABLE TO DETERMINE,,"REPORTED, NOT EVIDENT",22,2,41.9052402274,-87.6346754984,2026,30,POINT (-87.6346754984 41.9052402274),,,,,2026-02-05,False,7,Near North Side
15139,30,NO CONTROLS,NO CONTROLS,CLEAR,DAYLIGHT,PEDALCYCLIST,T-INTERSECTION,STRAIGHT AND LEVEL,DRY,UNKNOWN,Y,UNABLE TO DETERMINE,NOT APPLICABLE,,INCAPACITATING INJURY,16,2,41.9173707245,-87.6981793405,2026,30,POINT (-87.6981793405 41.9173707245),,,,,2026-02-06,True,21,Logan Square
15140,30,STOP SIGN/FLASHER,FUNCTIONING PROPERLY,CLEAR,"DARKNESS, LIGHTED ROAD",PEDALCYCLIST,NOT DIVIDED,STRAIGHT AND LEVEL,DRY,NO DEFECTS,Y,UNABLE TO DETERMINE,NOT APPLICABLE,,NO INDICATION OF INJURY,23,2,41.885342706,-87.6602787255,2026,30,POINT (-87.6602787255 41.885342706),,,,,2026-02-06,False,27,Near West Side
15141,25,NO CONTROLS,NO CONTROLS,CLEAR,DAYLIGHT,PEDALCYCLIST,NOT DIVIDED,STRAIGHT AND LEVEL,DRY,UNKNOWN,N,UNABLE TO DETERMINE,UNABLE TO DETERMINE,,NONINCAPACITATING INJURY,15,2,41.8421941613,-87.7343726519,2026,25,POINT (-87.7343726519 41.8421941613),,,,,2026-02-07,False,29,South Lawndale
15142,30,TRAFFIC SIGNAL,FUNCTIONING PROPERLY,CLEAR,DAYLIGHT,PEDALCYCLIST,"FIVE POINT, OR MORE",STRAIGHT AND LEVEL,DRY,NO DEFECTS,Y,UNABLE TO DETERMINE,UNABLE TO DETERMINE,,"REPORTED, NOT EVIDENT",16,2,41.9322970111,-87.6783610875,2026,30,POINT (-87.6783610875 41.9322970111),,,,,2026-02-07,False,4,North Center
15143,30,NO CONTROLS,NO CONTROLS,CLEAR,DUSK,PEDALCYCLIST,FOUR WAY,STRAIGHT AND LEVEL,DRY,UNKNOWN,Y,FAILING TO YIELD RIGHT-OF-WAY,NOT APPLICABLE,,NONINCAPACITATING INJURY,17,2,41.924030928,-87.7685714525,2026,30,POINT (-87.7685714525 41.924030928),,,,,2026-02-08,False,18,Belmont Cragin
15144,30,UNKNOWN,UNKNOWN,UNKNOWN,UNKNOWN,PEDALCYCLIST,NOT REPORTED,STRAIGHT AND LEVEL,UNKNOWN,UNKNOWN,,UNABLE TO DETERMINE,UNABLE TO DETERMINE,Y,NONINCAPACITATING INJURY,15,2,41.7079332906,-87.5683491228,2026,30,POINT (-87.5683491228 41.7079332906),,,,,2026-02-09,False,50,South Deering
15145,30,TRAFFIC SIGNAL,FUNCTIONING PROPERLY,CLEAR,DAYLIGHT,PEDALCYCLIST,FOUR WAY,STRAIGHT AND LEVEL,DRY,NO DEFECTS,Y,BICYCLE ADVANCING LEGALLY ON RED LIGHT,NOT APPLICABLE,,NO INDICATION OF INJURY,16,2,41.9903325587,-87.6994621162,2026,30,POINT (-87.6994621162 41.9903325587),,,,,2026-02-09,False,1,West Ridge
15146,30,TRAFFIC SIGNAL,UNKNOWN,CLEAR,"DARKNESS, LIGHTED ROAD",PEDALCYCLIST,NOT DIVIDED,STRAIGHT AND LEVEL,DRY,UNKNOWN,,IMPROPER OVERTAKING/PASSING,NOT APPLICABLE,,"REPORTED, NOT EVIDENT",19,2,41.9038916804,-87.6395606204,2026,30,POINT (-87.6395606204 41.9038916804),,,,,2026-02-10,False,7,Near North Side
15147,25,TRAFFIC SIGNAL,FUNCTIONING PROPERLY,CLEAR,"DARKNESS, LIGHTED ROAD",PEDALCYCLIST,FOUR WAY,STRAIGHT AND LEVEL,DRY,NO DEFECTS,Y,DISREGARDING TRAFFIC SIGNALS,DRIVING SKILLS/KNOWLEDGE/EXPERIENCE,,NONINCAPACITATING INJURY,18,2,41.9686407275,-87.6890542408,2026,25,POINT (-87.6890542408 41.9686407275),,,,,2026-02-11,False,3,Lincoln Square
15148,30,TRAFFIC SIGNAL,FUNCTIONING PROPERLY,CLEAR,"DARKNESS, LIGHTED ROAD",PEDALCYCLIST,FOUR WAY,STRAIGHT AND LEVEL,DRY,UNKNOWN,,FAILING TO YIELD RIGHT-OF-WAY,FAILING TO YIELD RIGHT-OF-WAY,,INCAPACITATING INJURY,19,2,41.9534023111,-87.7574286911,2026,30,POINT (-87.7574286911 41.9534023111),,,,,2026-02-11,True,14,Portage Park
15149,25,NO CONTROLS,NO CONTROLS,CLEAR,"DARKNESS, LIGHTED ROAD",PEDALCYCLIST,NOT DIVIDED,STRAIGHT AND LEVEL,WET,NO DEFECTS,,IMPROPER TURNING/NO SIGNAL,UNABLE TO DETERMINE,,NONINCAPACITATING INJURY,17,2,41.947051974,-87.6582194932,2026,25,POINT (-87.6582194932 41.947051974),,,,,2026-02-12,False,5,Lake View
15150,30,NO CONTROLS,NO CONTROLS,UNKNOWN,UNKNOWN,PEDALCYCLIST,NOT DIVIDED,STRAIGHT AND LEVEL,UNKNOWN,NO DEFECTS,,DRIVING SKILLS/KNOWLEDGE/EXPERIENCE,UNABLE TO DETERMINE,,NONINCAPACITATING INJURY,8,2,42.0116402062,-87.697206532,2026,30,POINT (-87.697206532 42.0116402062),,,,,2026-02-13,False,1,West Ridge
15151,35,TRAFFIC SIGNAL,FUNCTIONING PROPERLY,CLEAR,DAYLIGHT,PEDALCYCLIST,ONE-WAY,STRAIGHT AND LEVEL,DRY,NO DEFECTS,,FAILING TO YIELD RIGHT-OF-WAY,NOT APPLICABLE,Y,NONINCAPACITATING INJURY,12,2,41.8857028627,-87.6352631326,2026,35,POINT (-87.6352631326 41.8857028627),,,,,2026-02-13,False,27,Near West Side
15152,25,TRAFFIC SIGNAL,FUNCTIONING PROPERLY,CLEAR,DAYLIGHT,PEDALCYCLIST,FOUR WAY,STRAIGHT AND LEVEL,DRY,NO DEFECTS,Y,UNABLE TO DETERMINE,NOT APPLICABLE,,"REPORTED, NOT EVIDENT",13,2,42.0100837039,-87.675222508,2026,25,POINT (-87.675222508 42.0100837039),,,,,2026-02-13,False,0,Rogers Park
15153,30,TRAFFIC SIGNAL,FUNCTIONING PROPERLY,CLEAR,DAYLIGHT,PEDALCYCLIST,FOUR WAY,STRAIGHT AND LEVEL,DRY,UNKNOWN,Y,UNABLE TO DETERMINE,NOT APPLICABLE,,"REPORTED, NOT EVIDENT",16,2,41.9170882015,-87.7364763715,2026,30,POINT (-87.7364763715 41.9170882015),,,,,2026-02-13,False,19,Hermosa
15154,30,NO CONTROLS,NO CONTROLS,CLEAR,"DARKNESS, LIGHTED ROAD",PEDALCYCLIST,DRIVEWAY,STRAIGHT AND LEVEL,DRY,NO DEFECTS,,UNABLE TO DETERMINE,UNABLE TO DETERMINE,Y,NONINCAPACITATING INJURY,0,2,41.8646629022,-87.6473585285,2026,30,POINT (-87.6473585285 41.8646629022),,,,,2026-02-14,False,27,Near West Side
15155,30,UNKNOWN,UNKNOWN,CLEAR,"DARKNESS, LIGHTED ROAD",PEDALCYCLIST,NOT DIVIDED,STRAIGHT AND LEVEL,DRY,UNKNOWN,,IMPROPER OVERTAKING/PASSING,IMPROPER OVERTAKING/PASSING,,NO INDICATION OF INJURY,18,2,41.8743819374,-87.6274603401,2026,30,POINT (-87.6274603401 41.8743819374),,,,,2026-02-14,False,31,Loop
15156,35,STOP SIGN/FLASHER,NO CONTROLS,CLEAR,"DARKNESS, LIGHTED ROAD",PEDALCYCLIST,NOT DIVIDED,STRAIGHT AND LEVEL,DRY,NO DEFECTS,Y,IMPROPER TURNING/NO SIGNAL,FAILING TO YIELD RIGHT-OF-WAY,,"REPORTED, NOT EVIDENT",19,2,41.8059452387,-87.7236730791,2026,35,POINT (-87.7236730791 41.8059452387),,,,,2026-02-14,False,56,Archer Heights
15157,30,NO CONTROLS,NO CONTROLS,CLEAR,DAYLIGHT,PEDALCYCLIST,NOT DIVIDED,STRAIGHT AND LEVEL,DRY,NO DEFECTS,Y,FOLLOWING TOO CLOSELY,NOT APPLICABLE,,NO INDICATION OF INJURY,14,2,41.9028647615,-87.6822810815,2026,30,POINT (-87.6822810815 41.9028647615),,,,,2026-02-15,False,23,West Town
15158,30,NO CONTROLS,NO CONTROLS,CLEAR,DAYLIGHT,PEDALCYCLIST,NOT DIVIDED,STRAIGHT AND LEVEL,WET,UNKNOWN,,FAILING TO YIELD RIGHT-OF-WAY,NOT APPLICABLE,,NO INDICATION OF INJURY,8,2,41.9093335542,-87.6314563176,2026,30,POINT (-87.6314563176 41.9093335542),,,,,2026-02-16,False,7,Near North Side
15159,10,NO CONTROLS,NO CONTROLS,CLEAR,DAYLIGHT,PEDALCYCLIST,NOT DIVIDED,STRAIGHT AND LEVEL,UNKNOWN,UNKNOWN,,UNABLE TO DETERMINE,UNABLE TO DETERMINE,,"REPORTED, NOT EVIDENT",9,2,41.7931550607,-87.7233037646,2026,10,POINT (-87.7233037646 41.7931550607),,,,,2026-02-16,False,61,West Elsdon
15160,30,TRAFFIC SIGNAL,FUNCTIONING PROPERLY,CLEAR,DAYLIGHT,PEDALCYCLIST,NOT DIVIDED,STRAIGHT AND LEVEL,DRY,NO DEFECTS,,UNABLE TO DETERMINE,UNABLE TO DETERMINE,,NO INDICATION OF INJURY,10,2,41.9174533052,-87.688536453,2026,30,POINT (-87.688536453 41.9174533052),,,,,2026-02-16,False,21,Logan Square
15161,35,OTHER,FUNCTIONING PROPERLY,CLEAR,DAYLIGHT,PEDALCYCLIST,DIVIDED - W/MEDIAN (NOT RAISED),STRAIGHT AND LEVEL,DRY,NO DEFECTS,,DISTRACTION - FROM OUTSIDE VEHICLE,NOT APPLICABLE,,"REPORTED, NOT EVIDENT",16,2,41.93745908,-87.695727353,2026,35,POINT (-87.695727353 41.93745908),,,,,2026-02-16,False,4,North Center
15162,30,NO CONTROLS,NO CONTROLS,CLEAR,DAYLIGHT,PEDALCYCLIST,NOT DIVIDED,STRAIGHT AND LEVEL,DRY,UNKNOWN,,UNABLE TO DETERMINE,NOT APPLICABLE,,NONINCAPACITATING INJURY,16,2,41.9099859267,-87.6770796519,2026,30,POINT (-87.6770796519 41.9099859267),,,,,2026-02-16,False,23,West Town
15163,30,NO CONTROLS,NO CONTROLS,CLEAR,"DARKNESS, LIGHTED ROAD",PEDALCYCLIST,DIVIDED - W/MEDIAN (NOT RAISED),STRAIGHT AND LEVEL,DRY,NO DEFECTS,,UNABLE TO DETERMINE,UNABLE TO DETERMINE,,NONINCAPACITATING INJURY,18,2,41.8787027313,-87.6244669157,2026,30,POINT (-87.6244669157 41.8787027313),,,,,2026-02-16,False,31,Loop
15164,30,NO CONTROLS,NO CONTROLS,CLEAR,DAYLIGHT,PEDALCYCLIST,NOT DIVIDED,STRAIGHT AND LEVEL,UNKNOWN,UNKNOWN,,UNABLE TO DETERMINE,NOT APPLICABLE,Y,NONINCAPACITATING INJURY,9,2,41.9183682282,-87.6432736086,2026,30,POINT (-87.6432736086 41.9183682282),,,,,2026-02-17,False,6,Lincoln Park
15165,30,NO CONTROLS,NO CONTROLS,CLEAR,DAYLIGHT,PEDALCYCLIST,DRIVEWAY,STRAIGHT AND LEVEL,DRY,NO DEFECTS,,UNABLE TO DETERMINE,UNABLE TO DETERMINE,,NONINCAPACITATING INJURY,11,2,41.7924257786,-87.7831760903,2026,30,POINT (-87.7831760903 41.7924257786),,,,,2026-02-17,False,55,Garfield Ridge
15166,30,TRAFFIC SIGNAL,UNKNOWN,CLEAR,DARKNESS,PEDALCYCLIST,DIVIDED - W/MEDIAN BARRIER,STRAIGHT AND LEVEL,UNKNOWN,UNKNOWN,,FAILING TO YIELD RIGHT-OF-WAY,IMPROPER OVERTAKING/PASSING,,NONINCAPACITATING INJURY,17,2,41.8899965719,-87.6297525086,2026,30,POINT (-87.6297525086 41.8899965719),,,,,2026-02-17,False,7,Near North Side
15167,30,TRAFFIC SIGNAL,FUNCTIONING PROPERLY,RAIN,"DARKNESS, LIGHTED ROAD",PEDALCYCLIST,FOUR WAY,STRAIGHT AND LEVEL,WET,NO DEFECTS,Y,FAILING TO YIELD RIGHT-OF-WAY,NOT APPLICABLE,,"REPORTED, NOT EVIDENT",20,2,41.885360973,-87.7259341077,2026,30,POINT (-87.7259341077 41.885360973),,,,,2026-02-17,False,25,Garfield Park
15168,35,TRAFFIC SIGNAL,FUNCTIONING PROPERLY,RAIN,DAWN,PEDALCYCLIST,DIVIDED - W/MEDIAN BARRIER,STRAIGHT AND LEVEL,WET,NO DEFECTS,,UNABLE TO DETERMINE,NOT APPLICABLE,,NO INDICATION OF INJURY,6,2,41.8932447739,-87.6327867038,2026,35,POINT (-87.6327867038 41.8932447739),,,,,2026-02-18,False,7,Near North Side
15169,25,STOP SIGN/FLASHER,FUNCTIONING PROPERLY,CLEAR,DAYLIGHT,PEDALCYCLIST,FOUR WAY,STRAIGHT AND LEVEL,WET,NO DEFECTS,Y,FAILING TO YIELD RIGHT-OF-WAY,UNABLE TO DETERMINE,,NONINCAPACITATING INJURY,7,2,41.9579794914,-87.6743576961,2026,25,POINT (-87.6743576961 41.9579794914),,,,,2026-02-18,False,2,Uptown
15170,30,STOP SIGN/FLASHER,FUNCTIONING PROPERLY,CLEAR,DAYLIGHT,PEDALCYCLIST,NOT DIVIDED,STRAIGHT AND LEVEL,DRY,NO DEFECTS,N,NOT APPLICABLE,NOT APPLICABLE,,NONINCAPACITATING INJURY,8,2,41.9181432003,-87.6436802142,2026,30,POINT (-87.6436802142 41.9181432003),,,,,2026-02-18,False,6,Lincoln Park
15171,30,STOP SIGN/FLASHER,FUNCTIONING PROPERLY,CLEAR,DAYLIGHT,PEDALCYCLIST,DIVIDED - W/MEDIAN (NOT RAISED),STRAIGHT AND LEVEL,DRY,NO DEFECTS,,FAILING TO YIELD RIGHT-OF-WAY,NOT APPLICABLE,,"REPORTED, NOT EVIDENT",14,2,41.9748074737,-87.6923940058,2026,30,POINT (-87.6923940058 41.9748074737),,,,,2026-02-18,False,3,Lincoln Square
15172,30,NO CONTROLS,NO CONTROLS,CLEAR,DAYLIGHT,PEDALCYCLIST,NOT DIVIDED,STRAIGHT AND LEVEL,DRY,UNKNOWN,,UNABLE TO DETERMINE,NOT APPLICABLE,,NO INDICATION OF INJURY,15,2,41.9756554799,-87.7268473809,2026,30,POINT (-87.7268473809 41.9756554799),,,,,2026-02-18,False,11,Forest Glen
15173,30,UNKNOWN,UNKNOWN,UNKNOWN,DAYLIGHT,PEDALCYCLIST,DIVIDED - W/MEDIAN (NOT RAISED),STRAIGHT AND LEVEL,DRY,UNKNOWN,,UNABLE TO DETERMINE,UNABLE TO DETERMINE,,NONINCAPACITATING INJURY,11,2,41.9074881596,-87.7462048864,2026,30,POINT (-87.7462048864 41.9074881596),,,,,2026-02-19,False,24,Austin
15174,15,UNKNOWN,UNKNOWN,CLEAR,DAYLIGHT,PEDALCYCLIST,FOUR WAY,STRAIGHT AND LEVEL,DRY,UNKNOWN,Y,DISREGARDING STOP SIGN,NOT APPLICABLE,,NONINCAPACITATING INJURY,14,2,41.8422840957,-87.7270749155,2026,15,POINT (-87.7270749155 41.8422840957),,,,,2026-02-19,False,29,South Lawndale
15175,30,NO CONTROLS,NO CONTROLS,CLEAR,DARKNESS,PEDALCYCLIST,ONE-WAY,STRAIGHT AND LEVEL,DRY,NO DEFECTS,,HAD BEEN DRINKING (USE WHEN ARREST IS NOT MADE),HAD BEEN DRINKING (USE WHEN ARREST IS NOT MADE),,NONINCAPACITATING INJURY,20,2,41.9007901228,-87.7363729681,2026,30,POINT (-87.7363729681 41.9007901228),,,,,2026-02-19,False,22,Humboldt Park
15176,25,NO CONTROLS,NO CONTROLS,CLEAR,DAYLIGHT,PEDALCYCLIST,NOT DIVIDED,STRAIGHT AND LEVEL,DRY,NO DEFECTS,,NOT APPLICABLE,NOT APPLICABLE,,INCAPACITATING INJURY,13,2,41.7301616084,-87.5531542157,2026,25,POINT (-87.5531542157 41.7301616084),,,,,2026-02-20,True,45,South Chicago