Unnamed: 0,POSTED_SPEED_LIMIT,TRAFFIC_CONTROL_DEVICE,DEVICE_CONDITION,WEATHER_CONDITION,LIGHTING_CONDITION,FIRST_CRASH_TYPE,TRAFFICWAY_TYPE,ALIGNMENT,ROADWAY_SURFACE_COND,ROAD_DEFECT,INTERSECTION_RELATED_I,PRIM_CONTRIBUTORY_CAUSE,SEC_CONTRIBUTORY_CAUSE,DOORING_I,MOST_SEVERE_INJURY,CRASH_HOUR,CRASH_MONTH,LATITUDE,LONGITUDE,CRASH_YEAR,SPEED_LIMIT,geometry,DISPLAYROU,the_geom,DIST,LANE_TYPE,CRASH_DATE,is_severe,index_right,CArea
15177,30,TRAFFIC SIGNAL,FUNCTIONING PROPERLY,CLEAR,"DARKNESS, LIGHTED ROAD",PEDALCYCLIST,NOT DIVIDED,STRAIGHT AND LEVEL,DRY,NO DEFECTS,Y,FAILING TO YIELD RIGHT-OF-WAY,UNABLE TO DETERMINE,,"REPORTED, NOT EVIDENT",18,2,41.8865896099,-87.7456441585,2026,30,POINT (-87.7456441585 41.8865896099),,,,,2026-02-20,False,24,Austin
15178,30,NO CONTROLS,NO CONTROLS,CLEAR,DAYLIGHT,PEDALCYCLIST,ONE-WAY,STRAIGHT AND LEVEL,DRY,NO DEFECTS,,IMPROPER TURNING/NO SIGNAL,UNABLE TO DETERMINE,,NO INDICATION OF INJURY,17,2,41.8891449353,-87.6294365779,2026,30,POINT (-87.6294365779 41.8891449353),,,,,2026-02-21,False,7,Near North Side
15179,30,NO CONTROLS,NO CONTROLS,SNOW,"DARKNESS, LIGHTED ROAD",PEDALCYCLIST,DIVIDED - W/MEDIAN (NOT RAISED),STRAIGHT AND LEVEL,WET,UNKNOWN,,DRIVING SKILLS/KNOWLEDGE/EXPERIENCE,UNABLE TO DETERMINE,,NO INDICATION OF INJURY,21,2,41.9034232437,-87.6694734157,2026,30,POINT (-87.6694734157 41.9034232437),,,,,2026-02-21,False,23,West Town
15180,35,TRAFFIC SIGNAL,FUNCTIONING PROPERLY,CLEAR,DAYLIGHT,PEDALCYCLIST,NOT DIVIDED,STRAIGHT AND LEVEL,DRY,NO DEFECTS,,UNABLE TO DETERMINE,NOT APPLICABLE,Y,NO INDICATION OF INJURY,15,2,41.9629668594,-87.6846946537,2026,35,POINT (-87.6846946537 41.9629668594),,,,,2026-02-22,False,3,Lincoln Square
15181,30,NO CONTROLS,NO CONTROLS,CLEAR,"DARKNESS, LIGHTED ROAD",PEDALCYCLIST,DIVIDED - W/MEDIAN (NOT RAISED),STRAIGHT AND LEVEL,DRY,NO DEFECTS,Y,FAILING TO YIELD RIGHT-OF-WAY,FAILING TO YIELD RIGHT-OF-WAY,,NO INDICATION OF INJURY,21,2,41.9271275195,-87.6513251074,2026,30,POINT (-87.6513251074 41.9271275195),,,,,2026-02-22,False,6,Lincoln Park
15182,30,TRAFFIC SIGNAL,UNKNOWN,CLOUDY/OVERCAST,DAYLIGHT,PEDALCYCLIST,T-INTERSECTION,STRAIGHT AND LEVEL,UNKNOWN,UNKNOWN,,UNABLE TO DETERMINE,NOT APPLICABLE,,NO INDICATION OF INJURY,8,2,41.9460505864,-87.744442272,2026,30,POINT (-87.744442272 41.9460505864),,,,,2026-02-23,False,14,Portage Park
15183,35,NO CONTROLS,NO CONTROLS,CLEAR,DAYLIGHT,PEDALCYCLIST,NOT DIVIDED,STRAIGHT AND LEVEL,DRY,NO DEFECTS,,FAILING TO REDUCE SPEED TO AVOID CRASH,FAILING TO REDUCE SPEED TO AVOID CRASH,,NONINCAPACITATING INJURY,16,2,41.8338306045,-87.6850236797,2026,35,POINT (-87.6850236797 41.8338306045),,,,,2026-02-23,False,57,Brighton Park
15184,30,UNKNOWN,UNKNOWN,UNKNOWN,UNKNOWN,PEDALCYCLIST,NOT DIVIDED,STRAIGHT AND LEVEL,UNKNOWN,UNKNOWN,,DRIVING SKILLS/KNOWLEDGE/EXPERIENCE,UNABLE TO DETERMINE,,NO INDICATION OF INJURY,18,2,41.9050306999,-87.6819954731,2026,30,POINT (-87.6819954731 41.9050306999),,,,,2026-02-23,False,23,West Town
15185,35,TRAFFIC SIGNAL,FUNCTIONING PROPERLY,CLEAR,DAYLIGHT,PEDALCYCLIST,FOUR WAY,STRAIGHT AND LEVEL,DRY,NO DEFECTS,,DISREGARDING TRAFFIC SIGNALS,NOT APPLICABLE,,NONINCAPACITATING INJURY,8,2,41.8808560477,-87.6176358918,2026,35,POINT (-87.6176358918 41.8808560477),,,,,2026-02-24,False,31,Loop
15186,30,NO CONTROLS,NO CONTROLS,CLOUDY/OVERCAST,DAYLIGHT,PEDALCYCLIST,NOT DIVIDED,STRAIGHT AND LEVEL,DRY,NO DEFECTS,,"VISION OBSCURED (SIGNS, TREE LIMBS, BUILDINGS, ETC.)","VISION OBSCURED (SIGNS, TREE LIMBS, BUILDINGS, ETC.)",,NONINCAPACITATING INJURY,10,2,41.9211910956,-87.8050960286,2026,30,POINT (-87.8050960286 41.9211910956),,,,,2026-02-24,False,17,Montclare
15187,30,NO CONTROLS,NO CONTROLS,CLEAR,DAYLIGHT,PEDALCYCLIST,NOT DIVIDED,STRAIGHT AND LEVEL,DRY,NO DEFECTS,,IMPROPER LANE USAGE,UNABLE TO DETERMINE,,"REPORTED, NOT EVIDENT",15,2,41.9038074379,-87.6304935917,2026,30,POINT (-87.6304935917 41.9038074379),,,,,2026-02-25,False,7,Near North Side
15188,30,TRAFFIC SIGNAL,FUNCTIONING PROPERLY,CLEAR,"DARKNESS, LIGHTED ROAD",PEDALCYCLIST,DIVIDED - W/MEDIAN (NOT RAISED),STRAIGHT AND LEVEL,DRY,NO DEFECTS,Y,IMPROPER LANE USAGE,IMPROPER OVERTAKING/PASSING,,"REPORTED, NOT EVIDENT",19,2,41.8931799216,-87.6282677231,2026,30,POINT (-87.6282677231 41.8931799216),,,,,2026-02-25,False,7,Near North Side
15189,30,TRAFFIC SIGNAL,FUNCTIONING PROPERLY,CLEAR,"DARKNESS, LIGHTED ROAD",PEDALCYCLIST,FOUR WAY,STRAIGHT AND LEVEL,DRY,NO DEFECTS,N,DISREGARDING OTHER TRAFFIC SIGNS,NOT APPLICABLE,N,INCAPACITATING INJURY,18,2,41.7587154667,-87.5862809648,2026,30,POINT (-87.5862809648 41.7587154667),,,,,2026-02-26,True,42,South Shore
15190,30,NO CONTROLS,NO CONTROLS,CLEAR,DUSK,PEDALCYCLIST,NOT DIVIDED,STRAIGHT AND LEVEL,DRY,NO DEFECTS,,FAILING TO YIELD RIGHT-OF-WAY,UNABLE TO DETERMINE,,NONINCAPACITATING INJURY,19,2,41.8754795162,-87.7061157709,2026,30,POINT (-87.7061157709 41.8754795162),,,,,2026-02-26,False,26,Garfield Park
15191,30,UNKNOWN,UNKNOWN,UNKNOWN,UNKNOWN,PEDALCYCLIST,DIVIDED - W/MEDIAN (NOT RAISED),STRAIGHT AND LEVEL,UNKNOWN,UNKNOWN,,UNABLE TO DETERMINE,NOT APPLICABLE,,NONINCAPACITATING INJURY,19,2,41.890123938,-87.6315966593,2026,30,POINT (-87.6315966593 41.890123938),,,,,2026-02-26,False,7,Near North Side
15192,35,STOP SIGN/FLASHER,FUNCTIONING PROPERLY,CLEAR,DAYLIGHT,PEDALCYCLIST,FOUR WAY,STRAIGHT AND LEVEL,DRY,OTHER,,NOT APPLICABLE,NOT APPLICABLE,,NONINCAPACITATING INJURY,7,2,41.7337062041,-87.545892687,2026,35,POINT (-87.545892687 41.7337062041),,,,,2026-02-27,False,45,South Chicago
15193,30,NO CONTROLS,NO CONTROLS,CLEAR,DAYLIGHT,PEDALCYCLIST,NOT DIVIDED,STRAIGHT AND LEVEL,DRY,NO DEFECTS,,FAILING TO YIELD RIGHT-OF-WAY,NOT APPLICABLE,,NO INDICATION OF INJURY,10,2,41.8859836639,-87.6511310253,2026,30,POINT (-87.6511310253 41.8859836639),,,,,2026-02-27,False,27,Near West Side
15194,30,NO CONTROLS,NO CONTROLS,CLEAR,DAYLIGHT,PEDALCYCLIST,NOT DIVIDED,STRAIGHT AND LEVEL,DRY,NO DEFECTS,Y,FAILING TO YIELD RIGHT-OF-WAY,DISREGARDING STOP SIGN,,NONINCAPACITATING INJURY,13,2,41.8307542468,-87.6389484043,2026,30,POINT (-87.6389484043 41.8307542468),,,,,2026-02-27,False,33,Armour Square
15195,30,NO CONTROLS,NO CONTROLS,UNKNOWN,UNKNOWN,PEDALCYCLIST,OTHER,STRAIGHT AND LEVEL,UNKNOWN,UNKNOWN,,UNABLE TO DETERMINE,UNABLE TO DETERMINE,,NO INDICATION OF INJURY,14,2,42.0193947424,-87.6860204976,2026,30,POINT (-87.6860204976 42.0193947424),,,,,2026-02-27,False,1,West Ridge
15196,30,NO CONTROLS,NO CONTROLS,CLEAR,DAYLIGHT,PEDALCYCLIST,NOT DIVIDED,STRAIGHT AND LEVEL,DRY,NO DEFECTS,,UNABLE TO DETERMINE,NOT APPLICABLE,Y,NO INDICATION OF INJURY,15,2,41.9098798194,-87.6769137979,2026,30,POINT (-87.6769137979 41.9098798194),,,,,2026-02-27,False,23,West Town
15197,25,STOP SIGN/FLASHER,FUNCTIONING PROPERLY,CLEAR,DAYLIGHT,PEDALCYCLIST,UNKNOWN INTERSECTION TYPE,STRAIGHT AND LEVEL,DRY,NO DEFECTS,Y,DRIVING ON WRONG SIDE/WRONG WAY,NOT APPLICABLE,,NONINCAPACITATING INJURY,16,2,41.7320084895,-87.6582355477,2026,25,POINT (-87.6582355477 41.7320084895),,,,,2026-02-27,False,70,Auburn Gresham
15198,30,TRAFFIC SIGNAL,FUNCTIONING PROPERLY,CLEAR,DAYLIGHT,PEDALCYCLIST,FOUR WAY,STRAIGHT AND LEVEL,DRY,NO DEFECTS,Y,FAILING TO YIELD RIGHT-OF-WAY,FAILING TO REDUCE SPEED TO AVOID CRASH,,NONINCAPACITATING INJURY,16,2,41.8526879403,-87.6381150252,2026,30,POINT (-87.6381150252 41.8526879403),,,,,2026-02-27,False,30,Lower West Side
15199,30,NO CONTROLS,NO CONTROLS,CLEAR,DAYLIGHT,PEDALCYCLIST,NOT DIVIDED,STRAIGHT AND LEVEL,DRY,NO DEFECTS,,UNABLE TO DETERMINE,NOT APPLICABLE,Y,NO INDICATION OF INJURY,18,2,41.913934603,-87.6485107219,2026,30,POINT (-87.6485107219 41.913934603),,,,,2026-02-27,False,6,Lincoln Park
15200,30,UNKNOWN,UNKNOWN,CLEAR,DAYLIGHT,PEDALCYCLIST,DRIVEWAY,STRAIGHT AND LEVEL,DRY,UNKNOWN,Y,FAILING TO REDUCE SPEED TO AVOID CRASH,DRIVING SKILLS/KNOWLEDGE/EXPERIENCE,,NO INDICATION OF INJURY,16,2,41.8579085011,-87.6286169705,2026,30,POINT (-87.6286169705 41.8579085011),,,,,2026-02-28,False,32,Near South Side
15201,30,NO CONTROLS,NO CONTROLS,CLEAR,"DARKNESS, LIGHTED ROAD",PEDALCYCLIST,NOT DIVIDED,STRAIGHT AND LEVEL,DRY,NO DEFECTS,,DISREGARDING ROAD MARKINGS,DRIVING SKILLS/KNOWLEDGE/EXPERIENCE,,NONINCAPACITATING INJURY,18,2,41.9216289636,-87.6971716274,2026,30,POINT (-87.6971716274 41.9216289636),,,,,2026-02-28,False,21,Logan Square
15202,30,TRAFFIC SIGNAL,FUNCTIONING PROPERLY,CLEAR,"DARKNESS, LIGHTED ROAD",PEDALCYCLIST,FOUR WAY,STRAIGHT AND LEVEL,DRY,NO DEFECTS,Y,FAILING TO YIELD RIGHT-OF-WAY,UNABLE TO DETERMINE,,INCAPACITATING INJURY,19,2,41.9396161047,-87.6785035287,2026,30,POINT (-87.6785035287 41.9396161047),,,,,2026-02-28,True,4,North Center
15203,25,UNKNOWN,UNKNOWN,UNKNOWN,UNKNOWN,PEDALCYCLIST,UNKNOWN,STRAIGHT AND LEVEL,UNKNOWN,UNKNOWN,Y,UNABLE TO DETERMINE,UNABLE TO DETERMINE,,NONINCAPACITATING INJURY,4,3,41.8907289081,-87.6293856562,2026,25,POINT (-87.6293856562 41.8907289081),,,,,2026-03-01,False,7,Near North Side
15204,30,TRAFFIC SIGNAL,UNKNOWN,CLEAR,DAYLIGHT,PEDALCYCLIST,UNKNOWN,STRAIGHT AND LEVEL,DRY,UNKNOWN,,DRIVING SKILLS/KNOWLEDGE/EXPERIENCE,NOT APPLICABLE,,"REPORTED, NOT EVIDENT",15,3,41.8089773182,-87.6335134645,2026,30,POINT (-87.6335134645 41.8089773182),,,,,2026-03-01,False,36,Fuller Park
15205,30,TRAFFIC SIGNAL,FUNCTIONING PROPERLY,CLEAR,DAYLIGHT,PEDALCYCLIST,ONE-WAY,STRAIGHT AND LEVEL,DRY,NO DEFECTS,Y,BICYCLE ADVANCING LEGALLY ON RED LIGHT,NOT APPLICABLE,,NO INDICATION OF INJURY,8,3,41.888155613,-87.6341287608,2026,30,POINT (-87.6341287608 41.888155613),,,,,2026-03-02,False,7,Near North Side
15206,30,TRAFFIC SIGNAL,FUNCTIONING PROPERLY,CLEAR,DAYLIGHT,PEDALCYCLIST,NOT DIVIDED,STRAIGHT AND LEVEL,DRY,NO DEFECTS,,FAILING TO YIELD RIGHT-OF-WAY,NOT APPLICABLE,,NO INDICATION OF INJURY,9,3,41.9430337589,-87.6708422825,2026,30,POINT (-87.6708422825 41.9430337589),,,,,2026-03-02,False,5,Lake View
15207,30,TRAFFIC SIGNAL,FUNCTIONING PROPERLY,CLEAR,DAYLIGHT,PEDALCYCLIST,FOUR WAY,STRAIGHT AND LEVEL,DRY,NO DEFECTS,Y,FAILING TO YIELD RIGHT-OF-WAY,IMPROPER LANE USAGE,,"REPORTED, NOT EVIDENT",11,3,41.8746469029,-87.6294412541,2026,30,POINT (-87.6294412541 41.8746469029),,,,,2026-03-02,False,31,Loop
15208,30,UNKNOWN,UNKNOWN,CLEAR,"DARKNESS, LIGHTED ROAD",PEDALCYCLIST,DIVIDED - W/MEDIAN (NOT RAISED),STRAIGHT AND LEVEL,DRY,UNKNOWN,,UNABLE TO DETERMINE,NOT APPLICABLE,,NO INDICATION OF INJURY,17,3,41.9633458631,-87.72804171,2026,30,POINT (-87.72804171 41.9633458631),,,,,2026-03-02,False,13,Albany Park
15209,35,NO CONTROLS,NO CONTROLS,CLEAR,"DARKNESS, LIGHTED ROAD",PEDALCYCLIST,NOT DIVIDED,STRAIGHT AND LEVEL,DRY,NO DEFECTS,,UNABLE TO DETERMINE,UNABLE TO DETERMINE,Y,NONINCAPACITATING INJURY,22,3,41.9171647731,-87.7353969811,2026,35,POINT (-87.7353969811 41.9171647731),,,,,2026-03-02,False,19,Hermosa
15210,30,NO CONTROLS,NO CONTROLS,CLOUDY/OVERCAST,DAYLIGHT,PEDALCYCLIST,NOT DIVIDED,STRAIGHT AND LEVEL,DRY,NO DEFECTS,,FAILING TO YIELD RIGHT-OF-WAY,NOT APPLICABLE,,INCAPACITATING INJURY,6,3,41.8743251279,-87.6651417459,2026,30,POINT (-87.6651417459 41.8743251279),,,,,2026-03-03,True,27,Near West Side
15211,30,TRAFFIC SIGNAL,FUNCTIONING PROPERLY,CLEAR,DAYLIGHT,PEDALCYCLIST,TRAFFIC ROUTE,STRAIGHT AND LEVEL,DRY,NO DEFECTS,Y,UNABLE TO DETERMINE,UNABLE TO DETERMINE,,"REPORTED, NOT EVIDENT",17,3,41.8957962445,-87.6549535956,2026,30,POINT (-87.6549535956 41.8957962445),,,,,2026-03-03,False,7,Near North Side
15212,30,TRAFFIC SIGNAL,FUNCTIONING PROPERLY,CLEAR,DAWN,PEDALCYCLIST,NOT DIVIDED,STRAIGHT AND LEVEL,WET,NO DEFECTS,,FAILING TO YIELD RIGHT-OF-WAY,UNABLE TO DETERMINE,,"REPORTED, NOT EVIDENT",6,3,41.8893065969,-87.6320164382,2026,30,POINT (-87.6320164382 41.8893065969),,,,,2026-03-04,False,7,Near North Side
15213,30,STOP SIGN/FLASHER,FUNCTIONING PROPERLY,RAIN,DAYLIGHT,PEDALCYCLIST,NOT DIVIDED,STRAIGHT AND LEVEL,WET,NO DEFECTS,,FAILING TO YIELD RIGHT-OF-WAY,DRIVING SKILLS/KNOWLEDGE/EXPERIENCE,,"REPORTED, NOT EVIDENT",14,3,41.8561492217,-87.6626469702,2026,30,POINT (-87.6626469702 41.8561492217),,,,,2026-03-04,False,30,Lower West Side
15214,30,TRAFFIC SIGNAL,UNKNOWN,RAIN,DAYLIGHT,PEDALCYCLIST,ONE-WAY,STRAIGHT AND LEVEL,WET,NO DEFECTS,,FAILING TO REDUCE SPEED TO AVOID CRASH,FAILING TO REDUCE SPEED TO AVOID CRASH,,"REPORTED, NOT EVIDENT",15,3,41.9264132059,-87.7074142717,2026,30,POINT (-87.7074142717 41.9264132059),,,,,2026-03-04,False,21,Logan Square
15215,30,NO CONTROLS,NO CONTROLS,RAIN,DAYLIGHT,PEDALCYCLIST,TRAFFIC ROUTE,STRAIGHT ON GRADE,DRY,UNKNOWN,Y,FAILING TO YIELD RIGHT-OF-WAY,NOT APPLICABLE,,"REPORTED, NOT EVIDENT",16,3,41.9657184879,-87.6474766551,2026,30,POINT (-87.6474766551 41.9657184879),,,,,2026-03-04,False,2,Uptown
15216,30,NO CONTROLS,WORN REFLECTIVE MATERIAL,UNKNOWN,UNKNOWN,PEDALCYCLIST,CENTER TURN LANE,STRAIGHT AND LEVEL,UNKNOWN,UNKNOWN,,FAILING TO YIELD RIGHT-OF-WAY,NOT APPLICABLE,,"REPORTED, NOT EVIDENT",17,3,41.9658274665,-87.6667035563,2026,30,POINT (-87.6667035563 41.9658274665),,,,,2026-03-04,False,2,Uptown
15217,30,NO CONTROLS,NO CONTROLS,CLEAR,DAYLIGHT,PEDALCYCLIST,NOT DIVIDED,STRAIGHT AND LEVEL,DRY,NO DEFECTS,,UNABLE TO DETERMINE,NOT APPLICABLE,,"REPORTED, NOT EVIDENT",15,3,41.8350647903,-87.646058492,2026,30,POINT (-87.646058492 41.8350647903),,,,,2026-03-05,False,30,Lower West Side
15218,30,NO CONTROLS,NO CONTROLS,CLEAR,DUSK,PEDALCYCLIST,NOT DIVIDED,STRAIGHT AND LEVEL,DRY,NO DEFECTS,,UNABLE TO DETERMINE,NOT APPLICABLE,,"REPORTED, NOT EVIDENT",18,3,41.9654079778,-87.7359917219,2026,30,POINT (-87.7359917219 41.9654079778),,,,,2026-03-05,False,13,Albany Park
15219,30,TRAFFIC SIGNAL,FUNCTIONING PROPERLY,CLEAR,"DARKNESS, LIGHTED ROAD",PEDALCYCLIST,NOT DIVIDED,STRAIGHT AND LEVEL,WET,NO DEFECTS,,UNABLE TO DETERMINE,UNABLE TO DETERMINE,,NONINCAPACITATING INJURY,19,3,41.8949033024,-87.6207437262,2026,30,POINT (-87.6207437262 41.8949033024),,,,,2026-03-05,False,7,Near North Side
15220,30,NO CONTROLS,NO CONTROLS,RAIN,DAYLIGHT,PEDALCYCLIST,ALLEY,STRAIGHT AND LEVEL,WET,NO DEFECTS,,UNABLE TO DETERMINE,UNABLE TO DETERMINE,N,INCAPACITATING INJURY,16,3,41.9039491153,-87.6354894473,2026,30,POINT (-87.6354894473 41.9039491153),,,,,2026-03-06,True,7,Near North Side
15221,30,NO CONTROLS,NO CONTROLS,CLEAR,DAYLIGHT,PEDALCYCLIST,ONE-WAY,STRAIGHT AND LEVEL,DRY,NO DEFECTS,,UNABLE TO DETERMINE,NOT APPLICABLE,,"REPORTED, NOT EVIDENT",16,3,41.8831764959,-87.6554253831,2026,30,POINT (-87.6554253831 41.8831764959),,,,,2026-03-06,False,27,Near West Side
15222,30,TRAFFIC SIGNAL,FUNCTIONING PROPERLY,CLEAR,"DARKNESS, LIGHTED ROAD",PEDALCYCLIST,Y-INTERSECTION,STRAIGHT AND LEVEL,DRY,NO DEFECTS,Y,NOT APPLICABLE,NOT APPLICABLE,,"REPORTED, NOT EVIDENT",17,3,41.896918237,-87.6566862418,2026,30,POINT (-87.6566862418 41.896918237),,,,,2026-03-06,False,7,Near North Side
15223,30,STOP SIGN/FLASHER,FUNCTIONING PROPERLY,CLEAR,DAYLIGHT,PEDALCYCLIST,NOT DIVIDED,STRAIGHT AND LEVEL,DRY,NO DEFECTS,,FAILING TO YIELD RIGHT-OF-WAY,UNABLE TO DETERMINE,,NONINCAPACITATING INJURY,14,3,41.9497366237,-87.7621104819,2026,30,POINT (-87.7621104819 41.9497366237),,,,,2026-03-07,False,14,Portage Park
15224,30,TRAFFIC SIGNAL,FUNCTIONING PROPERLY,CLOUDY/OVERCAST,DAYLIGHT,PEDALCYCLIST,FOUR WAY,STRAIGHT AND LEVEL,DRY,WORN SURFACE,Y,FAILING TO YIELD RIGHT-OF-WAY,NOT APPLICABLE,,NONINCAPACITATING INJURY,15,3,41.8229636279,-87.6843847854,2026,30,POINT (-87.6843847854 41.8229636279),,,,,2026-03-07,False,57,Brighton Park
15225,30,NO CONTROLS,NO CONTROLS,CLEAR,DAYLIGHT,PEDALCYCLIST,FOUR WAY,STRAIGHT AND LEVEL,UNKNOWN,UNKNOWN,,UNABLE TO DETERMINE,NOT APPLICABLE,,NONINCAPACITATING INJURY,12,3,41.8889398261,-87.6427988876,2026,30,POINT (-87.6427988876 41.8889398261),,,,,2026-03-08,False,7,Near North Side
15226,25,STOP SIGN/FLASHER,FUNCTIONING PROPERLY,CLEAR,DAYLIGHT,PEDALCYCLIST,UNKNOWN INTERSECTION TYPE,STRAIGHT AND LEVEL,DRY,NO DEFECTS,Y,UNABLE TO DETERMINE,NOT APPLICABLE,,NONINCAPACITATING INJURY,14,3,41.9782668338,-87.6580143511,2026,25,POINT (-87.6580143511 41.9782668338),,,,,2026-03-08,False,76,Edgewater
15227,30,TRAFFIC SIGNAL,UNKNOWN,UNKNOWN,"DARKNESS, LIGHTED ROAD",PEDALCYCLIST,FOUR WAY,STRAIGHT AND LEVEL,UNKNOWN,UNKNOWN,Y,FOLLOWING TOO CLOSELY,FAILING TO REDUCE SPEED TO AVOID CRASH,,"REPORTED, NOT EVIDENT",20,3,41.9039624962,-87.6345551206,2026,30,POINT (-87.6345551206 41.9039624962),,,,,2026-03-08,False,7,Near North Side
15228,30,TRAFFIC SIGNAL,FUNCTIONING PROPERLY,CLEAR,DAYLIGHT,PEDALCYCLIST,FOUR WAY,STRAIGHT AND LEVEL,DRY,UNKNOWN,,UNABLE TO DETERMINE,UNABLE TO DETERMINE,,"REPORTED, NOT EVIDENT",8,3,41.8227482278,-87.6947772933,2026,30,POINT (-87.6947772933 41.8227482278),,,,,2026-03-09,False,29,South Lawndale
15229,10,NO CONTROLS,NO CONTROLS,CLEAR,DAYLIGHT,PEDALCYCLIST,ALLEY,STRAIGHT AND LEVEL,DRY,NO DEFECTS,,UNABLE TO DETERMINE,NOT APPLICABLE,N,"REPORTED, NOT EVIDENT",17,3,41.7135569806,-87.6825270757,2026,10,POINT (-87.6825270757 41.7135569806),,,,,2026-03-09,False,71,Beverly
15230,30,NO CONTROLS,NO CONTROLS,CLEAR,DAYLIGHT,PEDALCYCLIST,NOT DIVIDED,STRAIGHT AND LEVEL,DRY,NO DEFECTS,,UNABLE TO DETERMINE,UNABLE TO DETERMINE,Y,NONINCAPACITATING INJURY,17,3,41.9514504264,-87.7156619194,2026,30,POINT (-87.7156619194 41.9514504264),,,,,2026-03-09,False,15,Irving Park
15231,30,NO CONTROLS,NO CONTROLS,CLEAR,DAYLIGHT,PEDALCYCLIST,NOT DIVIDED,STRAIGHT AND LEVEL,DRY,NO DEFECTS,,FAILING TO YIELD RIGHT-OF-WAY,NOT APPLICABLE,Y,NONINCAPACITATING INJURY,17,3,41.94586018,-87.6731445333,2026,30,POINT (-87.6731445333 41.94586018),,,,,2026-03-09,False,5,Lake View
15232,30,NO CONTROLS,NO CONTROLS,CLEAR,"DARKNESS, LIGHTED ROAD",PEDALCYCLIST,NOT DIVIDED,STRAIGHT AND LEVEL,DRY,NO DEFECTS,,IMPROPER OVERTAKING/PASSING,IMPROPER OVERTAKING/PASSING,,NONINCAPACITATING INJURY,18,3,41.7857718649,-87.7034830411,2026,30,POINT (-87.7034830411 41.7857718649),,,,,2026-03-09,False,65,Chicago Lawn
15233,30,NO CONTROLS,NO CONTROLS,UNKNOWN,"DARKNESS, LIGHTED ROAD",PEDALCYCLIST,DIVIDED - W/MEDIAN (NOT RAISED),STRAIGHT AND LEVEL,UNKNOWN,UNKNOWN,,"OPERATING VEHICLE IN ERRATIC, RECKLESS, CARELESS, NEGLIGENT OR AGGRESSIVE MANNER",FAILING TO REDUCE SPEED TO AVOID CRASH,,NO INDICATION OF INJURY,19,3,41.8900015711,-87.6456380591,2026,30,POINT (-87.6456380591 41.8900015711),,,,,2026-03-09,False,7,Near North Side
15234,30,TRAFFIC SIGNAL,FUNCTIONING PROPERLY,CLEAR,"DARKNESS, LIGHTED ROAD",PEDALCYCLIST,UNKNOWN INTERSECTION TYPE,STRAIGHT AND LEVEL,DRY,NO DEFECTS,Y,DISREGARDING TRAFFIC SIGNALS,NOT APPLICABLE,,INCAPACITATING INJURY,21,3,41.8820426442,-87.635386679,2026,30,POINT (-87.635386679 41.8820426442),,,,,2026-03-09,True,27,Near West Side
15235,30,STOP SIGN/FLASHER,UNKNOWN,UNKNOWN,"DARKNESS, LIGHTED ROAD",PEDALCYCLIST,FOUR WAY,STRAIGHT AND LEVEL,UNKNOWN,UNKNOWN,,UNABLE TO DETERMINE,UNABLE TO DETERMINE,,NONINCAPACITATING INJURY,2,3,41.7776977974,-87.6545943507,2026,30,POINT (-87.6545943507 41.7776977974),,,,,2026-03-10,False,66,Englewood
15236,30,STOP SIGN/FLASHER,UNKNOWN,CLEAR,DAYLIGHT,PEDALCYCLIST,NOT DIVIDED,STRAIGHT AND LEVEL,DRY,UNKNOWN,,DRIVING SKILLS/KNOWLEDGE/EXPERIENCE,DRIVING SKILLS/KNOWLEDGE/EXPERIENCE,,NONINCAPACITATING INJURY,8,3,41.8643363741,-87.7202053329,2026,30,POINT (-87.7202053329 41.8643363741),,,,,2026-03-10,False,28,North Lawndale
15237,30,STOP SIGN/FLASHER,FUNCTIONING PROPERLY,CLEAR,DAYLIGHT,PEDALCYCLIST,NOT DIVIDED,STRAIGHT AND LEVEL,DRY,NO DEFECTS,Y,UNABLE TO DETERMINE,UNABLE TO DETERMINE,,NONINCAPACITATING INJURY,14,3,41.9105469808,-87.6801080616,2026,30,POINT (-87.6801080616 41.9105469808),,,,,2026-03-10,False,23,West Town
15238,20,NO CONTROLS,NO CONTROLS,RAIN,"DARKNESS, LIGHTED ROAD",PEDALCYCLIST,NOT DIVIDED,STRAIGHT AND LEVEL,WET,NO DEFECTS,,WEATHER,NOT APPLICABLE,Y,NO INDICATION OF INJURY,19,3,41.9813696436,-87.6940926507,2026,20,POINT (-87.6940926507 41.9813696436),,,,,2026-03-10,False,3,Lincoln Square
15239,30,TRAFFIC SIGNAL,FUNCTIONING PROPERLY,RAIN,"DARKNESS, LIGHTED ROAD",PEDALCYCLIST,DIVIDED - W/MEDIAN (NOT RAISED),STRAIGHT AND LEVEL,WET,NO DEFECTS,Y,FAILING TO YIELD RIGHT-OF-WAY,NOT APPLICABLE,,"REPORTED, NOT EVIDENT",19,3,41.9005854066,-87.6342086789,2026,30,POINT (-87.6342086789 41.9005854066),,,,,2026-03-10,False,7,Near North Side
15240,30,TRAFFIC SIGNAL,FUNCTIONING PROPERLY,RAIN,"DARKNESS, LIGHTED ROAD",PEDALCYCLIST,NOT DIVIDED,STRAIGHT AND LEVEL,WET,NO DEFECTS,Y,FAILING TO YIELD RIGHT-OF-WAY,UNABLE TO DETERMINE,,"REPORTED, NOT EVIDENT",22,3,41.8311679451,-87.6218405284,2026,30,POINT (-87.6218405284 41.8311679451),,,,,2026-03-10,False,34,Douglas