Unnamed: 0,POSTED_SPEED_LIMIT,TRAFFIC_CONTROL_DEVICE,DEVICE_CONDITION,WEATHER_CONDITION,LIGHTING_CONDITION,FIRST_CRASH_TYPE,TRAFFICWAY_TYPE,ALIGNMENT,ROADWAY_SURFACE_COND,ROAD_DEFECT,INTERSECTION_RELATED_I,PRIM_CONTRIBUTORY_CAUSE,SEC_CONTRIBUTORY_CAUSE,DOORING_I,MOST_SEVERE_INJURY,CRASH_HOUR,CRASH_MONTH,LATITUDE,LONGITUDE,CRASH_YEAR,SPEED_LIMIT,geometry,DISPLAYROU,the_geom,DIST,LANE_TYPE,CRASH_DATE,is_severe,index_right,CArea
15241,30,TRAFFIC SIGNAL,FUNCTIONING PROPERLY,RAIN,"DARKNESS, LIGHTED ROAD",PEDALCYCLIST,FOUR WAY,STRAIGHT AND LEVEL,WET,NO DEFECTS,N,UNABLE TO DETERMINE,NOT APPLICABLE,,NONINCAPACITATING INJURY,4,3,41.8399709539,-87.6725916633,2026,30,POINT (-87.6725916633 41.8399709539),,,,,2026-03-11,False,30,Lower West Side
15242,30,TRAFFIC SIGNAL,FUNCTIONING PROPERLY,CLEAR,DAYLIGHT,PEDALCYCLIST,UNKNOWN,STRAIGHT AND LEVEL,DRY,UNKNOWN,,"VISION OBSCURED (SIGNS, TREE LIMBS, BUILDINGS, ETC.)",NOT APPLICABLE,N,NONINCAPACITATING INJURY,12,3,41.88985232,-87.6297488882,2026,30,POINT (-87.6297488882 41.88985232),,,,,2026-03-12,False,7,Near North Side
15243,30,UNKNOWN,UNKNOWN,UNKNOWN,DAYLIGHT,PEDALCYCLIST,FOUR WAY,STRAIGHT AND LEVEL,UNKNOWN,UNKNOWN,Y,UNABLE TO DETERMINE,UNABLE TO DETERMINE,,NO INDICATION OF INJURY,14,3,41.8965617502,-87.6328554826,2026,30,POINT (-87.6328554826 41.8965617502),,,,,2026-03-12,False,7,Near North Side
15244,15,STOP SIGN/FLASHER,FUNCTIONING PROPERLY,CLEAR,DAYLIGHT,PEDALCYCLIST,ONE-WAY,STRAIGHT AND LEVEL,DRY,UNKNOWN,Y,FAILING TO YIELD RIGHT-OF-WAY,DISREGARDING STOP SIGN,,"REPORTED, NOT EVIDENT",14,3,41.8217373716,-87.696968275,2026,15,POINT (-87.696968275 41.8217373716),,,,,2026-03-12,False,29,South Lawndale
15245,30,NO CONTROLS,NO CONTROLS,CLEAR,DAYLIGHT,PEDALCYCLIST,NOT DIVIDED,STRAIGHT AND LEVEL,DRY,NO DEFECTS,,FAILING TO YIELD RIGHT-OF-WAY,NOT APPLICABLE,,INCAPACITATING INJURY,16,3,41.8888366035,-87.6672147443,2026,30,POINT (-87.6672147443 41.8888366035),,,,,2026-03-12,True,23,West Town
15246,30,STOP SIGN/FLASHER,FUNCTIONING PROPERLY,CLEAR,DAYLIGHT,PEDALCYCLIST,FOUR WAY,STRAIGHT AND LEVEL,DRY,NO DEFECTS,Y,FAILING TO YIELD RIGHT-OF-WAY,UNABLE TO DETERMINE,,NONINCAPACITATING INJURY,18,3,41.8913113743,-87.6893228197,2026,30,POINT (-87.6893228197 41.8913113743),,,,,2026-03-12,False,23,West Town
15247,30,TRAFFIC SIGNAL,FUNCTIONING PROPERLY,CLEAR,"DARKNESS, LIGHTED ROAD",PEDALCYCLIST,NOT DIVIDED,STRAIGHT AND LEVEL,DRY,NO DEFECTS,,FAILING TO YIELD RIGHT-OF-WAY,UNABLE TO DETERMINE,Y,NONINCAPACITATING INJURY,19,3,41.9286446243,-87.6534529271,2026,30,POINT (-87.6534529271 41.9286446243),,,,,2026-03-12,False,6,Lincoln Park
15248,30,TRAFFIC SIGNAL,FUNCTIONING PROPERLY,CLOUDY/OVERCAST,"DARKNESS, LIGHTED ROAD",PEDALCYCLIST,FOUR WAY,STRAIGHT AND LEVEL,OTHER,NO DEFECTS,,DRIVING SKILLS/KNOWLEDGE/EXPERIENCE,UNABLE TO DETERMINE,,NO INDICATION OF INJURY,19,3,41.8880820673,-87.6205011708,2026,30,POINT (-87.6205011708 41.8880820673),,,,,2026-03-12,False,7,Near North Side
15249,15,NO CONTROLS,NO CONTROLS,CLEAR,DAYLIGHT,PEDALCYCLIST,ALLEY,STRAIGHT AND LEVEL,DRY,NO DEFECTS,,FAILING TO YIELD RIGHT-OF-WAY,NOT APPLICABLE,,NO INDICATION OF INJURY,6,3,41.8932353763,-87.6671257813,2026,15,POINT (-87.6671257813 41.8932353763),,,,,2026-03-13,False,23,West Town
15250,30,TRAFFIC SIGNAL,FUNCTIONING PROPERLY,OTHER,DAYLIGHT,PEDALCYCLIST,NOT DIVIDED,STRAIGHT AND LEVEL,DRY,NO DEFECTS,,FAILING TO YIELD RIGHT-OF-WAY,UNABLE TO DETERMINE,,NONINCAPACITATING INJURY,7,3,41.8763769432,-87.6722086711,2026,30,POINT (-87.6722086711 41.8763769432),,,,,2026-03-13,False,27,Near West Side
15251,30,TRAFFIC SIGNAL,FUNCTIONING PROPERLY,CLEAR,DAYLIGHT,PEDALCYCLIST,FOUR WAY,STRAIGHT AND LEVEL,DRY,NO DEFECTS,Y,UNABLE TO DETERMINE,NOT APPLICABLE,,NONINCAPACITATING INJURY,7,3,41.9242562782,-87.736506315,2026,30,POINT (-87.736506315 41.9242562782),,,,,2026-03-13,False,19,Hermosa
15252,30,STOP SIGN/FLASHER,FUNCTIONING PROPERLY,CLEAR,DAYLIGHT,PEDALCYCLIST,ONE-WAY,STRAIGHT AND LEVEL,DRY,NO DEFECTS,Y,FAILING TO REDUCE SPEED TO AVOID CRASH,UNABLE TO DETERMINE,,NONINCAPACITATING INJURY,12,3,41.815449323,-87.6933448037,2026,30,POINT (-87.6933448037 41.815449323),,,,,2026-03-13,False,57,Brighton Park
15253,30,NO CONTROLS,NO CONTROLS,CLEAR,"DARKNESS, LIGHTED ROAD",PEDALCYCLIST,ONE-WAY,STRAIGHT AND LEVEL,DRY,OTHER,,UNABLE TO DETERMINE,UNABLE TO DETERMINE,,"REPORTED, NOT EVIDENT",23,3,41.8886326423,-87.6297127649,2026,30,POINT (-87.6297127649 41.8886326423),,,,,2026-03-13,False,7,Near North Side
15254,30,NO CONTROLS,NO CONTROLS,CLEAR,DAYLIGHT,PEDALCYCLIST,NOT DIVIDED,STRAIGHT AND LEVEL,DRY,NO DEFECTS,,FAILING TO YIELD RIGHT-OF-WAY,NOT APPLICABLE,Y,NONINCAPACITATING INJURY,9,3,41.8889358932,-87.6343769162,2026,30,POINT (-87.6343769162 41.8889358932),,,,,2026-03-14,False,7,Near North Side
15255,35,TRAFFIC SIGNAL,FUNCTIONING PROPERLY,CLEAR,DAYLIGHT,PEDALCYCLIST,FOUR WAY,STRAIGHT AND LEVEL,DRY,NO DEFECTS,Y,UNABLE TO DETERMINE,NOT APPLICABLE,,NONINCAPACITATING INJURY,11,3,41.8307935761,-87.6510916639,2026,35,POINT (-87.6510916639 41.8307935761),,,,,2026-03-14,False,59,Bridgeport
15256,25,UNKNOWN,UNKNOWN,UNKNOWN,UNKNOWN,PEDALCYCLIST,FOUR WAY,STRAIGHT AND LEVEL,UNKNOWN,UNKNOWN,,NOT APPLICABLE,NOT APPLICABLE,,NONINCAPACITATING INJURY,13,3,41.8877386323,-87.6265915657,2026,25,POINT (-87.6265915657 41.8877386323),,,,,2026-03-14,False,7,Near North Side
15257,25,NO CONTROLS,NO CONTROLS,RAIN,"DARKNESS, LIGHTED ROAD",PEDALCYCLIST,ONE-WAY,STRAIGHT AND LEVEL,WET,NO DEFECTS,,WEATHER,NOT APPLICABLE,,"REPORTED, NOT EVIDENT",19,3,41.8145911515,-87.7031973929,2026,25,POINT (-87.7031973929 41.8145911515),,,,,2026-03-15,False,57,Brighton Park
15258,30,TRAFFIC SIGNAL,FUNCTIONING PROPERLY,CLEAR,DAYLIGHT,PEDALCYCLIST,NOT DIVIDED,STRAIGHT AND LEVEL,DRY,UNKNOWN,,UNABLE TO DETERMINE,NOT APPLICABLE,,NO INDICATION OF INJURY,14,3,41.7780126,-87.7713546397,2026,30,POINT (-87.7713546397 41.7780126),,,,,2026-03-16,False,63,Clearing
15259,30,UNKNOWN,UNKNOWN,CLEAR,DAYLIGHT,PEDALCYCLIST,NOT DIVIDED,STRAIGHT AND LEVEL,DRY,NO DEFECTS,,NOT APPLICABLE,NOT APPLICABLE,,"REPORTED, NOT EVIDENT",10,3,41.8717979675,-87.7154432597,2026,30,POINT (-87.7154432597 41.8717979675),,,,,2026-03-17,False,26,Garfield Park
15260,25,NO CONTROLS,NO CONTROLS,CLEAR,DAYLIGHT,PEDALCYCLIST,FOUR WAY,STRAIGHT AND LEVEL,DRY,NO DEFECTS,Y,"VISION OBSCURED (SIGNS, TREE LIMBS, BUILDINGS, ETC.)",NOT APPLICABLE,,NONINCAPACITATING INJURY,18,3,41.9604624235,-87.7597259783,2026,25,POINT (-87.7597259783 41.9604624235),,,,,2026-03-18,False,14,Portage Park
15261,30,NO CONTROLS,NOT FUNCTIONING,CLEAR,DARKNESS,PEDALCYCLIST,ONE-WAY,STRAIGHT AND LEVEL,WET,NO DEFECTS,,UNABLE TO DETERMINE,NOT APPLICABLE,,NO INDICATION OF INJURY,18,3,41.8855166698,-87.64986417,2026,30,POINT (-87.64986417 41.8855166698),,,,,2026-03-18,False,27,Near West Side
15262,30,TRAFFIC SIGNAL,FUNCTIONING PROPERLY,CLEAR,"DARKNESS, LIGHTED ROAD",PEDALCYCLIST,NOT DIVIDED,STRAIGHT AND LEVEL,DRY,NO DEFECTS,Y,DISREGARDING TRAFFIC SIGNALS,NOT APPLICABLE,,"REPORTED, NOT EVIDENT",19,3,41.895933348,-87.6771999165,2026,30,POINT (-87.6771999165 41.895933348),,,,,2026-03-18,False,23,West Town
15263,30,STOP SIGN/FLASHER,FUNCTIONING PROPERLY,CLEAR,DAYLIGHT,PEDALCYCLIST,UNKNOWN,STRAIGHT AND LEVEL,DRY,NO DEFECTS,,UNABLE TO DETERMINE,UNABLE TO DETERMINE,,"REPORTED, NOT EVIDENT",7,3,41.988496881,-87.6970507818,2026,30,POINT (-87.6970507818 41.988496881),,,,,2026-03-19,False,1,West Ridge
15264,30,NO CONTROLS,NO CONTROLS,CLEAR,DAYLIGHT,PEDALCYCLIST,NOT DIVIDED,STRAIGHT AND LEVEL,DRY,UNKNOWN,,UNABLE TO DETERMINE,UNABLE TO DETERMINE,Y,NONINCAPACITATING INJURY,8,3,41.793303389,-87.724451993,2026,30,POINT (-87.724451993 41.793303389),,,,,2026-03-19,False,61,West Elsdon
15265,30,STOP SIGN/FLASHER,FUNCTIONING PROPERLY,CLEAR,DAYLIGHT,PEDALCYCLIST,DIVIDED - W/MEDIAN (NOT RAISED),STRAIGHT AND LEVEL,DRY,NO DEFECTS,Y,FAILING TO YIELD RIGHT-OF-WAY,FAILING TO YIELD RIGHT-OF-WAY,,NO INDICATION OF INJURY,9,3,41.8503702838,-87.6710269979,2026,30,POINT (-87.6710269979 41.8503702838),,,,,2026-03-19,False,30,Lower West Side
15266,30,TRAFFIC SIGNAL,FUNCTIONING PROPERLY,CLEAR,DAYLIGHT,PEDALCYCLIST,FOUR WAY,STRAIGHT AND LEVEL,DRY,NO DEFECTS,Y,"VISION OBSCURED (SIGNS, TREE LIMBS, BUILDINGS, ETC.)",NOT APPLICABLE,,NO INDICATION OF INJURY,6,3,41.8476146472,-87.645919865,2026,30,POINT (-87.645919865 41.8476146472),,,,,2026-03-20,False,30,Lower West Side
15267,30,TRAFFIC SIGNAL,FUNCTIONING PROPERLY,CLEAR,DAYLIGHT,PEDALCYCLIST,NOT DIVIDED,STRAIGHT AND LEVEL,DRY,NO DEFECTS,Y,UNABLE TO DETERMINE,NOT APPLICABLE,,NO INDICATION OF INJURY,7,3,41.852207529,-87.6808074147,2026,30,POINT (-87.6808074147 41.852207529),,,,,2026-03-20,False,30,Lower West Side
15268,30,NO CONTROLS,NO CONTROLS,CLEAR,DAYLIGHT,PEDALCYCLIST,NOT DIVIDED,STRAIGHT AND LEVEL,DRY,UNKNOWN,Y,"VISION OBSCURED (SIGNS, TREE LIMBS, BUILDINGS, ETC.)",FAILING TO YIELD RIGHT-OF-WAY,,"REPORTED, NOT EVIDENT",16,3,41.9405026191,-87.6693986863,2026,30,POINT (-87.6693986863 41.9405026191),,,,,2026-03-20,False,5,Lake View
15269,30,NO CONTROLS,NO CONTROLS,UNKNOWN,DAYLIGHT,PEDALCYCLIST,ONE-WAY,STRAIGHT AND LEVEL,UNKNOWN,UNKNOWN,,"OPERATING VEHICLE IN ERRATIC, RECKLESS, CARELESS, NEGLIGENT OR AGGRESSIVE MANNER",FAILING TO REDUCE SPEED TO AVOID CRASH,,NO INDICATION OF INJURY,16,3,41.8991569724,-87.642000285,2026,30,POINT (-87.642000285 41.8991569724),,,,,2026-03-20,False,7,Near North Side
15270,30,TRAFFIC SIGNAL,FUNCTIONING PROPERLY,CLEAR,"DARKNESS, LIGHTED ROAD",PEDALCYCLIST,DIVIDED - W/MEDIAN (NOT RAISED),STRAIGHT AND LEVEL,DRY,NO DEFECTS,,UNABLE TO DETERMINE,NOT APPLICABLE,,NO INDICATION OF INJURY,18,3,41.7902556911,-87.7916513304,2026,30,POINT (-87.7916513304 41.7902556911),,,,,2026-03-20,False,55,Garfield Ridge
15271,30,TRAFFIC SIGNAL,FUNCTIONING PROPERLY,CLEAR,"DARKNESS, LIGHTED ROAD",PEDALCYCLIST,DIVIDED - W/MEDIAN (NOT RAISED),STRAIGHT AND LEVEL,DRY,NO DEFECTS,N,IMPROPER TURNING/NO SIGNAL,DRIVING SKILLS/KNOWLEDGE/EXPERIENCE,,NO INDICATION OF INJURY,20,3,41.9039973787,-87.6313011062,2026,30,POINT (-87.6313011062 41.9039973787),,,,,2026-03-20,False,7,Near North Side
15272,20,TRAFFIC SIGNAL,UNKNOWN,UNKNOWN,"DARKNESS, LIGHTED ROAD",PEDALCYCLIST,NOT DIVIDED,STRAIGHT AND LEVEL,DRY,NO DEFECTS,,UNABLE TO DETERMINE,UNABLE TO DETERMINE,Y,NONINCAPACITATING INJURY,23,3,41.9490054223,-87.6496629489,2026,20,POINT (-87.6496629489 41.9490054223),,,,,2026-03-20,False,5,Lake View
15273,20,NO CONTROLS,NO CONTROLS,CLEAR,DAYLIGHT,PEDALCYCLIST,NOT DIVIDED,STRAIGHT AND LEVEL,DRY,NO DEFECTS,,UNABLE TO DETERMINE,NOT APPLICABLE,,INCAPACITATING INJURY,15,3,41.9438538522,-87.6492348023,2026,20,POINT (-87.6492348023 41.9438538522),,,,,2026-03-21,True,5,Lake View
15274,30,NO CONTROLS,NO CONTROLS,CLEAR,DAYLIGHT,PEDALCYCLIST,NOT DIVIDED,STRAIGHT AND LEVEL,DRY,NO DEFECTS,,FAILING TO YIELD RIGHT-OF-WAY,NOT APPLICABLE,,NONINCAPACITATING INJURY,16,3,41.9611940986,-87.6899669704,2026,30,POINT (-87.6899669704 41.9611940986),,,,,2026-03-21,False,4,North Center
15275,30,TRAFFIC SIGNAL,FUNCTIONING PROPERLY,CLEAR,DAYLIGHT,PEDALCYCLIST,NOT DIVIDED,STRAIGHT AND LEVEL,DRY,NO DEFECTS,,UNABLE TO DETERMINE,UNABLE TO DETERMINE,,NO INDICATION OF INJURY,16,3,41.9320877474,-87.7123858295,2026,30,POINT (-87.7123858295 41.9320877474),,,,,2026-03-21,False,20,Avondale
15276,30,TRAFFIC SIGNAL,FUNCTIONING PROPERLY,CLEAR,DAYLIGHT,PEDALCYCLIST,NOT DIVIDED,STRAIGHT AND LEVEL,DRY,NO DEFECTS,,FAILING TO YIELD RIGHT-OF-WAY,NOT APPLICABLE,,"REPORTED, NOT EVIDENT",17,3,41.91103585,-87.6261512941,2026,30,POINT (-87.6261512941 41.91103585),,,,,2026-03-21,False,6,Lincoln Park
15277,30,TRAFFIC SIGNAL,FUNCTIONING PROPERLY,CLEAR,DAYLIGHT,PEDALCYCLIST,NOT DIVIDED,STRAIGHT AND LEVEL,DRY,NO DEFECTS,Y,UNABLE TO DETERMINE,UNABLE TO DETERMINE,,"REPORTED, NOT EVIDENT",18,3,41.9169344398,-87.7363871475,2026,30,POINT (-87.7363871475 41.9169344398),,,,,2026-03-21,False,19,Hermosa
15278,25,NO CONTROLS,NO CONTROLS,CLEAR,"DARKNESS, LIGHTED ROAD",PEDALCYCLIST,NOT DIVIDED,STRAIGHT AND LEVEL,DRY,NO DEFECTS,,UNABLE TO DETERMINE,UNABLE TO DETERMINE,,NO INDICATION OF INJURY,19,3,41.8799475858,-87.6767569934,2026,25,POINT (-87.6767569934 41.8799475858),,,,,2026-03-21,False,27,Near West Side
15279,30,NO CONTROLS,NO CONTROLS,CLEAR,"DARKNESS, LIGHTED ROAD",PEDALCYCLIST,DIVIDED - W/MEDIAN (NOT RAISED),STRAIGHT AND LEVEL,DRY,UNKNOWN,,UNABLE TO DETERMINE,NOT APPLICABLE,,"REPORTED, NOT EVIDENT",2,3,41.88999298,-87.646382781,2026,30,POINT (-87.646382781 41.88999298),,,,,2026-03-22,False,7,Near North Side
15280,10,UNKNOWN,UNKNOWN,CLOUDY/OVERCAST,DAYLIGHT,PEDALCYCLIST,OTHER,STRAIGHT AND LEVEL,UNKNOWN,UNKNOWN,,UNABLE TO DETERMINE,UNABLE TO DETERMINE,,NONINCAPACITATING INJURY,12,3,41.9333532494,-87.6685791275,2026,10,POINT (-87.6685791275 41.9333532494),,,,,2026-03-22,False,5,Lake View
15281,30,NO CONTROLS,NO CONTROLS,CLEAR,DAYLIGHT,PEDALCYCLIST,NOT DIVIDED,STRAIGHT AND LEVEL,DRY,NO DEFECTS,,UNABLE TO DETERMINE,UNABLE TO DETERMINE,,NO INDICATION OF INJURY,9,3,41.839150276,-87.6464520385,2026,30,POINT (-87.6464520385 41.839150276),,,,,2026-03-23,False,30,Lower West Side
15282,30,NO CONTROLS,NO CONTROLS,CLEAR,DAYLIGHT,PEDALCYCLIST,NOT DIVIDED,STRAIGHT AND LEVEL,DRY,UNKNOWN,,UNABLE TO DETERMINE,NOT APPLICABLE,,"REPORTED, NOT EVIDENT",11,3,41.9171539491,-87.73639149,2026,30,POINT (-87.73639149 41.9171539491),,,,,2026-03-23,False,19,Hermosa
15283,25,TRAFFIC SIGNAL,FUNCTIONING PROPERLY,CLEAR,"DARKNESS, LIGHTED ROAD",PEDALCYCLIST,NOT DIVIDED,STRAIGHT AND LEVEL,DRY,NO DEFECTS,,FAILING TO YIELD RIGHT-OF-WAY,NOT APPLICABLE,,NONINCAPACITATING INJURY,20,3,41.9616124333,-87.665796397,2026,25,POINT (-87.665796397 41.9616124333),,,,,2026-03-23,False,2,Uptown
15284,30,STOP SIGN/FLASHER,FUNCTIONING PROPERLY,CLEAR,DAYLIGHT,PEDALCYCLIST,ONE-WAY,STRAIGHT AND LEVEL,DRY,NO DEFECTS,Y,FAILING TO YIELD RIGHT-OF-WAY,NOT APPLICABLE,,INCAPACITATING INJURY,7,3,41.8832914819,-87.6743635845,2026,30,POINT (-87.6743635845 41.8832914819),,,,,2026-03-24,True,27,Near West Side
15285,15,NO CONTROLS,NO CONTROLS,CLEAR,DAYLIGHT,PEDALCYCLIST,ALLEY,STRAIGHT AND LEVEL,DRY,UNKNOWN,,UNABLE TO DETERMINE,UNABLE TO DETERMINE,,NONINCAPACITATING INJURY,12,3,41.76411506,-87.587289596,2026,15,POINT (-87.587289596 41.76411506),,,,,2026-03-24,False,42,South Shore
15286,30,NO CONTROLS,NO CONTROLS,CLEAR,DAYLIGHT,PEDALCYCLIST,ONE-WAY,STRAIGHT AND LEVEL,DRY,NO DEFECTS,,UNABLE TO DETERMINE,NOT APPLICABLE,,NO INDICATION OF INJURY,14,3,41.9170150555,-87.6961092953,2026,30,POINT (-87.6961092953 41.9170150555),,,,,2026-03-24,False,21,Logan Square
15287,30,STOP SIGN/FLASHER,FUNCTIONING PROPERLY,CLEAR,DAYLIGHT,PEDALCYCLIST,FOUR WAY,STRAIGHT AND LEVEL,DRY,NO DEFECTS,Y,"VISION OBSCURED (SIGNS, TREE LIMBS, BUILDINGS, ETC.)",UNABLE TO DETERMINE,,NONINCAPACITATING INJURY,17,3,41.9653053028,-87.6722668341,2026,30,POINT (-87.6722668341 41.9653053028),,,,,2026-03-24,False,2,Uptown
15288,30,TRAFFIC SIGNAL,FUNCTIONING PROPERLY,CLEAR,"DARKNESS, LIGHTED ROAD",PEDALCYCLIST,FOUR WAY,STRAIGHT AND LEVEL,DRY,UNKNOWN,Y,UNABLE TO DETERMINE,NOT APPLICABLE,,"REPORTED, NOT EVIDENT",1,3,41.9980700483,-87.6767754344,2026,30,POINT (-87.6767754344 41.9980700483),,,,,2026-03-25,False,0,Rogers Park
15289,25,TRAFFIC SIGNAL,FUNCTIONING PROPERLY,CLEAR,DAYLIGHT,PEDALCYCLIST,DIVIDED - W/MEDIAN BARRIER,STRAIGHT AND LEVEL,DRY,NO DEFECTS,Y,UNABLE TO DETERMINE,UNABLE TO DETERMINE,,NONINCAPACITATING INJURY,8,3,41.9908401093,-87.6701729533,2026,25,POINT (-87.6701729533 41.9908401093),,,,,2026-03-25,False,76,Edgewater
15290,30,NO CONTROLS,NO CONTROLS,CLEAR,DAYLIGHT,PEDALCYCLIST,ONE-WAY,STRAIGHT AND LEVEL,DRY,NO DEFECTS,,UNABLE TO DETERMINE,NOT APPLICABLE,Y,NO INDICATION OF INJURY,12,3,41.9587500159,-87.7504293492,2026,30,POINT (-87.7504293492 41.9587500159),,,,,2026-03-25,False,14,Portage Park
15291,30,TRAFFIC SIGNAL,FUNCTIONING PROPERLY,CLEAR,DAYLIGHT,PEDALCYCLIST,OTHER,STRAIGHT AND LEVEL,DRY,WORN SURFACE,,FAILING TO YIELD RIGHT-OF-WAY,NOT APPLICABLE,,"REPORTED, NOT EVIDENT",15,3,41.8341365965,-87.6657982672,2026,30,POINT (-87.6657982672 41.8341365965),,,,,2026-03-25,False,58,Mckinley Park
15292,30,STOP SIGN/FLASHER,FUNCTIONING PROPERLY,CLEAR,DAYLIGHT,PEDALCYCLIST,NOT DIVIDED,STRAIGHT AND LEVEL,DRY,NO DEFECTS,Y,FAILING TO YIELD RIGHT-OF-WAY,NOT APPLICABLE,,NONINCAPACITATING INJURY,16,3,41.9697806495,-87.7651204187,2026,30,POINT (-87.7651204187 41.9697806495),,,,,2026-03-25,False,10,Jefferson Park
15293,30,UNKNOWN,UNKNOWN,UNKNOWN,UNKNOWN,PEDALCYCLIST,NOT DIVIDED,STRAIGHT AND LEVEL,UNKNOWN,UNKNOWN,,UNABLE TO DETERMINE,UNABLE TO DETERMINE,Y,NO INDICATION OF INJURY,18,3,41.979386846,-87.6549193065,2026,30,POINT (-87.6549193065 41.979386846),,,,,2026-03-25,False,76,Edgewater
15294,30,NO CONTROLS,NO CONTROLS,CLEAR,DAWN,PEDALCYCLIST,NOT DIVIDED,STRAIGHT AND LEVEL,UNKNOWN,UNKNOWN,Y,IMPROPER OVERTAKING/PASSING,FAILING TO YIELD RIGHT-OF-WAY,,NONINCAPACITATING INJURY,18,3,41.9250765591,-87.6655409367,2026,30,POINT (-87.6655409367 41.9250765591),,,,,2026-03-25,False,6,Lincoln Park
15295,30,STOP SIGN/FLASHER,FUNCTIONING PROPERLY,CLEAR,DARKNESS,PEDALCYCLIST,NOT DIVIDED,STRAIGHT AND LEVEL,DRY,NO DEFECTS,Y,FAILING TO YIELD RIGHT-OF-WAY,UNABLE TO DETERMINE,,NONINCAPACITATING INJURY,20,3,41.9383845007,-87.7726313398,2026,30,POINT (-87.7726313398 41.9383845007),,,,,2026-03-25,False,18,Belmont Cragin
15296,30,TRAFFIC SIGNAL,UNKNOWN,CLEAR,"DARKNESS, LIGHTED ROAD",PEDALCYCLIST,DIVIDED - W/MEDIAN BARRIER,STRAIGHT AND LEVEL,DRY,NO DEFECTS,Y,IMPROPER TURNING/NO SIGNAL,UNABLE TO DETERMINE,,NONINCAPACITATING INJURY,22,3,41.8529738261,-87.6238956827,2026,30,POINT (-87.6238956827 41.8529738261),,,,,2026-03-25,False,32,Near South Side
15297,30,STOP SIGN/FLASHER,OTHER,CLEAR,DAYLIGHT,PEDALCYCLIST,ONE-WAY,STRAIGHT AND LEVEL,DRY,NO DEFECTS,,FAILING TO YIELD RIGHT-OF-WAY,UNABLE TO DETERMINE,,NONINCAPACITATING INJURY,12,3,41.8363375792,-87.6471928767,2026,30,POINT (-87.6471928767 41.8363375792),,,,,2026-03-26,False,30,Lower West Side
15298,30,TRAFFIC SIGNAL,NO CONTROLS,CLEAR,DAYLIGHT,PEDALCYCLIST,NOT DIVIDED,STRAIGHT AND LEVEL,DRY,NO DEFECTS,,IMPROPER TURNING/NO SIGNAL,NOT APPLICABLE,,NO INDICATION OF INJURY,13,3,41.8767912801,-87.6291128086,2026,30,POINT (-87.6291128086 41.8767912801),,,,,2026-03-26,False,31,Loop
15299,30,TRAFFIC SIGNAL,FUNCTIONING PROPERLY,CLEAR,"DARKNESS, LIGHTED ROAD",PEDALCYCLIST,ONE-WAY,STRAIGHT AND LEVEL,DRY,NO DEFECTS,Y,FAILING TO YIELD RIGHT-OF-WAY,FAILING TO REDUCE SPEED TO AVOID CRASH,,NONINCAPACITATING INJURY,19,3,41.8830528866,-87.6446886044,2026,30,POINT (-87.6446886044 41.8830528866),,,,,2026-03-26,False,27,Near West Side
15300,15,NO CONTROLS,NO CONTROLS,CLEAR,DAYLIGHT,PEDALCYCLIST,ALLEY,STRAIGHT AND LEVEL,UNKNOWN,UNKNOWN,,FAILING TO YIELD RIGHT-OF-WAY,IMPROPER LANE USAGE,,NONINCAPACITATING INJURY,14,3,41.9981045776,-87.6897480194,2026,15,POINT (-87.6897480194 41.9981045776),,,,,2026-03-27,False,1,West Ridge
15301,10,NO CONTROLS,NO CONTROLS,CLEAR,DAYLIGHT,PEDALCYCLIST,PARKING LOT,STRAIGHT AND LEVEL,DRY,NO DEFECTS,,FAILING TO REDUCE SPEED TO AVOID CRASH,NOT APPLICABLE,,NO INDICATION OF INJURY,15,3,41.9279952887,-87.7857523647,2026,10,POINT (-87.7857523647 41.9279952887),,,,,2026-03-27,False,18,Belmont Cragin
15302,30,STOP SIGN/FLASHER,FUNCTIONING PROPERLY,CLEAR,DAYLIGHT,PEDALCYCLIST,NOT DIVIDED,STRAIGHT AND LEVEL,DRY,NO DEFECTS,Y,UNABLE TO DETERMINE,UNABLE TO DETERMINE,,NONINCAPACITATING INJURY,15,3,41.9353392683,-87.6471149633,2026,30,POINT (-87.6471149633 41.9353392683),,,,,2026-03-28,False,5,Lake View
15303,30,UNKNOWN,UNKNOWN,CLEAR,"DARKNESS, LIGHTED ROAD",PEDALCYCLIST,NOT DIVIDED,STRAIGHT AND LEVEL,UNKNOWN,UNKNOWN,,UNABLE TO DETERMINE,UNABLE TO DETERMINE,,"REPORTED, NOT EVIDENT",19,3,41.8877239182,-87.6488322022,2026,30,POINT (-87.6488322022 41.8877239182),,,,,2026-03-28,False,7,Near North Side
15304,30,NO CONTROLS,NO CONTROLS,CLEAR,DAYLIGHT,PEDALCYCLIST,NOT DIVIDED,STRAIGHT AND LEVEL,DRY,UNKNOWN,,UNABLE TO DETERMINE,NOT APPLICABLE,Y,NONINCAPACITATING INJURY,13,3,41.9062807225,-87.6712823189,2026,30,POINT (-87.6712823189 41.9062807225),,,,,2026-03-29,False,23,West Town
15305,30,NO CONTROLS,NO CONTROLS,CLEAR,DAYLIGHT,PEDALCYCLIST,DIVIDED - W/MEDIAN (NOT RAISED),STRAIGHT AND LEVEL,DRY,UNKNOWN,,IMPROPER LANE USAGE,NOT APPLICABLE,,INCAPACITATING INJURY,13,3,41.9537906739,-87.7099281366,2026,30,POINT (-87.7099281366 41.9537906739),,,,,2026-03-29,True,15,Irving Park