Unnamed: 0,POSTED_SPEED_LIMIT,TRAFFIC_CONTROL_DEVICE,DEVICE_CONDITION,WEATHER_CONDITION,LIGHTING_CONDITION,FIRST_CRASH_TYPE,TRAFFICWAY_TYPE,ALIGNMENT,ROADWAY_SURFACE_COND,ROAD_DEFECT,INTERSECTION_RELATED_I,PRIM_CONTRIBUTORY_CAUSE,SEC_CONTRIBUTORY_CAUSE,DOORING_I,MOST_SEVERE_INJURY,CRASH_HOUR,CRASH_MONTH,LATITUDE,LONGITUDE,CRASH_YEAR,SPEED_LIMIT,geometry,DISPLAYROU,the_geom,DIST,LANE_TYPE,CRASH_DATE,is_severe,index_right,CArea
15306,30,NO CONTROLS,NO CONTROLS,CLEAR,"DARKNESS, LIGHTED ROAD",PEDALCYCLIST,DIVIDED - W/MEDIAN (NOT RAISED),STRAIGHT AND LEVEL,DRY,NO DEFECTS,,DRIVING SKILLS/KNOWLEDGE/EXPERIENCE,UNABLE TO DETERMINE,,NONINCAPACITATING INJURY,21,3,41.8999269232,-87.6608879964,2026,30,POINT (-87.6608879964 41.8999269232),,,,,2026-03-29,False,23,West Town
15307,25,NO CONTROLS,NO CONTROLS,CLEAR,DAYLIGHT,PEDALCYCLIST,FOUR WAY,STRAIGHT AND LEVEL,DRY,NO DEFECTS,Y,FAILING TO YIELD RIGHT-OF-WAY,FAILING TO YIELD RIGHT-OF-WAY,,INCAPACITATING INJURY,12,3,41.7702832692,-87.6638192379,2026,25,POINT (-87.6638192379 41.7702832692),,,,,2026-03-30,True,66,Englewood
15308,30,TRAFFIC SIGNAL,FUNCTIONING PROPERLY,CLEAR,DAYLIGHT,PEDALCYCLIST,FOUR WAY,STRAIGHT AND LEVEL,DRY,NO DEFECTS,Y,DISREGARDING TRAFFIC SIGNALS,NOT APPLICABLE,,NO INDICATION OF INJURY,15,3,42.0052589127,-87.6732262273,2026,30,POINT (-87.6732262273 42.0052589127),,,,,2026-03-30,False,0,Rogers Park
15309,30,TRAFFIC SIGNAL,FUNCTIONING PROPERLY,CLEAR,DAYLIGHT,PEDALCYCLIST,NOT DIVIDED,STRAIGHT AND LEVEL,DRY,NO DEFECTS,,IMPROPER LANE USAGE,FOLLOWING TOO CLOSELY,,"REPORTED, NOT EVIDENT",15,3,41.7612249326,-87.6638335374,2026,30,POINT (-87.6638335374 41.7612249326),,,,,2026-03-30,False,66,Englewood
15310,30,TRAFFIC SIGNAL,FUNCTIONING PROPERLY,CLEAR,DAYLIGHT,PEDALCYCLIST,FOUR WAY,STRAIGHT AND LEVEL,DRY,NO DEFECTS,Y,FAILING TO YIELD RIGHT-OF-WAY,NOT APPLICABLE,Y,NONINCAPACITATING INJURY,16,3,41.7727944791,-87.6204434378,2026,30,POINT (-87.6204434378 41.7727944791),,,,,2026-03-30,False,68,Grand Crossing
15311,30,NO CONTROLS,NO CONTROLS,CLEAR,"DARKNESS, LIGHTED ROAD",PEDALCYCLIST,NOT DIVIDED,STRAIGHT AND LEVEL,DRY,NO DEFECTS,,UNABLE TO DETERMINE,UNABLE TO DETERMINE,,NONINCAPACITATING INJURY,19,3,41.9330368623,-87.6449048095,2026,30,POINT (-87.6449048095 41.9330368623),,,,,2026-03-30,False,5,Lake View
15312,30,OTHER,NO CONTROLS,CLEAR,"DARKNESS, LIGHTED ROAD",PEDALCYCLIST,Y-INTERSECTION,STRAIGHT AND LEVEL,DRY,NO DEFECTS,,UNABLE TO DETERMINE,NOT APPLICABLE,,NONINCAPACITATING INJURY,20,3,41.9532569888,-87.649546042,2026,30,POINT (-87.649546042 41.9532569888),,,,,2026-03-30,False,5,Lake View
15313,30,NO CONTROLS,NO CONTROLS,CLEAR,"DARKNESS, LIGHTED ROAD",PEDALCYCLIST,NOT DIVIDED,STRAIGHT AND LEVEL,UNKNOWN,UNKNOWN,,FAILING TO YIELD RIGHT-OF-WAY,NOT APPLICABLE,,NO INDICATION OF INJURY,20,3,41.947058133,-87.6578639022,2026,30,POINT (-87.6578639022 41.947058133),,,,,2026-03-30,False,5,Lake View
15314,30,TRAFFIC SIGNAL,FUNCTIONING PROPERLY,CLOUDY/OVERCAST,"DARKNESS, LIGHTED ROAD",PEDALCYCLIST,NOT DIVIDED,STRAIGHT AND LEVEL,UNKNOWN,NO DEFECTS,,FAILING TO REDUCE SPEED TO AVOID CRASH,FAILING TO YIELD RIGHT-OF-WAY,,NONINCAPACITATING INJURY,21,3,41.8999716685,-87.6240119406,2026,30,POINT (-87.6240119406 41.8999716685),,,,,2026-03-30,False,7,Near North Side
15315,30,TRAFFIC SIGNAL,FUNCTIONING PROPERLY,CLEAR,"DARKNESS, LIGHTED ROAD",PEDALCYCLIST,ONE-WAY,STRAIGHT AND LEVEL,DRY,NO DEFECTS,,UNABLE TO DETERMINE,UNABLE TO DETERMINE,,NO INDICATION OF INJURY,21,3,41.8862114893,-87.6264522596,2026,30,POINT (-87.6264522596 41.8862114893),,,,,2026-03-30,False,31,Loop
15316,30,TRAFFIC SIGNAL,UNKNOWN,RAIN,"DARKNESS, LIGHTED ROAD",PEDALCYCLIST,NOT DIVIDED,STRAIGHT AND LEVEL,WET,NO DEFECTS,,FAILING TO REDUCE SPEED TO AVOID CRASH,DRIVING SKILLS/KNOWLEDGE/EXPERIENCE,,NONINCAPACITATING INJURY,23,3,41.9616336978,-87.6574729899,2026,30,POINT (-87.6574729899 41.9616336978),,,,,2026-03-30,False,2,Uptown
15317,25,TRAFFIC SIGNAL,FUNCTIONING PROPERLY,CLEAR,DAYLIGHT,PEDALCYCLIST,NOT DIVIDED,STRAIGHT AND LEVEL,DRY,NO DEFECTS,,UNABLE TO DETERMINE,UNABLE TO DETERMINE,,NONINCAPACITATING INJURY,7,3,41.809752145,-87.5967472765,2026,25,POINT (-87.5967472765 41.809752145),,,,,2026-03-31,False,38,Kenwood
15318,30,UNKNOWN,UNKNOWN,CLOUDY/OVERCAST,DAYLIGHT,PEDALCYCLIST,OTHER,STRAIGHT AND LEVEL,UNKNOWN,UNKNOWN,,UNABLE TO DETERMINE,UNABLE TO DETERMINE,,INCAPACITATING INJURY,9,3,41.9687542988,-87.7205619294,2026,30,POINT (-87.7205619294 41.9687542988),,,,,2026-03-31,True,13,Albany Park
15319,30,TRAFFIC SIGNAL,FUNCTIONING PROPERLY,RAIN,DAYLIGHT,PEDALCYCLIST,DIVIDED - W/MEDIAN (NOT RAISED),STRAIGHT AND LEVEL,WET,NO DEFECTS,,"OPERATING VEHICLE IN ERRATIC, RECKLESS, CARELESS, NEGLIGENT OR AGGRESSIVE MANNER",DRIVING SKILLS/KNOWLEDGE/EXPERIENCE,Y,NONINCAPACITATING INJURY,11,3,41.722488216,-87.5824347395,2026,30,POINT (-87.5824347395 41.722488216),,,,,2026-03-31,False,50,South Deering
15320,30,NO CONTROLS,NO CONTROLS,RAIN,DAYLIGHT,PEDALCYCLIST,DIVIDED - W/MEDIAN (NOT RAISED),STRAIGHT AND LEVEL,WET,NO DEFECTS,,DISREGARDING ROAD MARKINGS,NOT APPLICABLE,,NONINCAPACITATING INJURY,11,3,41.8889864151,-87.6380148753,2026,30,POINT (-87.6380148753 41.8889864151),,,,,2026-03-31,False,7,Near North Side
15321,30,TRAFFIC SIGNAL,UNKNOWN,CLOUDY/OVERCAST,DAYLIGHT,PEDALCYCLIST,FOUR WAY,STRAIGHT AND LEVEL,DRY,UNKNOWN,,UNABLE TO DETERMINE,NOT APPLICABLE,,NO INDICATION OF INJURY,13,4,41.9467192597,-87.7079719507,2026,30,POINT (-87.7079719507 41.9467192597),,,,,2026-04-01,False,15,Irving Park
15322,30,TRAFFIC SIGNAL,FUNCTIONING PROPERLY,CLOUDY/OVERCAST,DAYLIGHT,PEDALCYCLIST,FOUR WAY,STRAIGHT AND LEVEL,DRY,NO DEFECTS,Y,UNABLE TO DETERMINE,UNABLE TO DETERMINE,,NONINCAPACITATING INJURY,15,4,41.8774171114,-87.6763972052,2026,30,POINT (-87.6763972052 41.8774171114),,,,,2026-04-01,False,27,Near West Side
15323,30,NO CONTROLS,NO CONTROLS,CLEAR,DAYLIGHT,PEDALCYCLIST,NOT DIVIDED,STRAIGHT AND LEVEL,DRY,NO DEFECTS,,NOT APPLICABLE,NOT APPLICABLE,,NONINCAPACITATING INJURY,16,4,41.8096073832,-87.6090495697,2026,30,POINT (-87.6090495697 41.8096073832),,,,,2026-04-01,False,37,Grand Boulevard
15324,30,NO CONTROLS,NO CONTROLS,CLEAR,DAYLIGHT,PEDALCYCLIST,ONE-WAY,STRAIGHT AND LEVEL,DRY,NO DEFECTS,,DRIVING SKILLS/KNOWLEDGE/EXPERIENCE,NOT APPLICABLE,Y,"REPORTED, NOT EVIDENT",17,4,41.8795090079,-87.6324216782,2026,30,POINT (-87.6324216782 41.8795090079),,,,,2026-04-01,False,31,Loop
15325,30,TRAFFIC SIGNAL,FUNCTIONING IMPROPERLY,CLEAR,"DARKNESS, LIGHTED ROAD",PEDALCYCLIST,FOUR WAY,STRAIGHT AND LEVEL,DRY,UNKNOWN,Y,FAILING TO REDUCE SPEED TO AVOID CRASH,NOT APPLICABLE,,NONINCAPACITATING INJURY,19,4,41.8924452824,-87.6327553744,2026,30,POINT (-87.6327553744 41.8924452824),,,,,2026-04-01,False,7,Near North Side
15326,30,NO CONTROLS,NO CONTROLS,CLEAR,DAYLIGHT,PEDALCYCLIST,Y-INTERSECTION,STRAIGHT AND LEVEL,DRY,NO DEFECTS,,FAILING TO YIELD RIGHT-OF-WAY,FAILING TO YIELD RIGHT-OF-WAY,,NONINCAPACITATING INJURY,7,4,41.9534839971,-87.6496819304,2026,30,POINT (-87.6496819304 41.9534839971),,,,,2026-04-02,False,5,Lake View
15327,30,UNKNOWN,UNKNOWN,UNKNOWN,UNKNOWN,PEDALCYCLIST,T-INTERSECTION,STRAIGHT AND LEVEL,UNKNOWN,UNKNOWN,Y,UNABLE TO DETERMINE,NOT APPLICABLE,,NONINCAPACITATING INJURY,9,4,41.972592907,-87.6677739969,2026,30,POINT (-87.6677739969 41.972592907),,,,,2026-04-02,False,2,Uptown
15328,30,STOP SIGN/FLASHER,FUNCTIONING PROPERLY,CLEAR,DAYLIGHT,PEDALCYCLIST,NOT DIVIDED,STRAIGHT AND LEVEL,DRY,NO DEFECTS,,FAILING TO REDUCE SPEED TO AVOID CRASH,NOT APPLICABLE,,NONINCAPACITATING INJURY,13,4,41.9265995467,-87.7857054935,2026,30,POINT (-87.7857054935 41.9265995467),,,,,2026-04-02,False,18,Belmont Cragin
15329,30,TRAFFIC SIGNAL,FUNCTIONING PROPERLY,RAIN,DAYLIGHT,PEDALCYCLIST,DIVIDED - W/MEDIAN (NOT RAISED),STRAIGHT AND LEVEL,WET,NO DEFECTS,,UNABLE TO DETERMINE,NOT APPLICABLE,,NO INDICATION OF INJURY,14,4,41.8767805532,-87.6472637353,2026,30,POINT (-87.6472637353 41.8767805532),,,,,2026-04-02,False,27,Near West Side
15330,30,NO CONTROLS,NO CONTROLS,CLEAR,DAYLIGHT,PEDALCYCLIST,NOT DIVIDED,STRAIGHT AND LEVEL,WET,NO DEFECTS,,FAILING TO YIELD RIGHT-OF-WAY,NOT APPLICABLE,,INCAPACITATING INJURY,16,4,41.9944537258,-87.6593699491,2026,30,POINT (-87.6593699491 41.9944537258),,,,,2026-04-02,True,76,Edgewater
15331,15,NO CONTROLS,NO CONTROLS,CLEAR,DAYLIGHT,PEDALCYCLIST,ONE-WAY,STRAIGHT AND LEVEL,DRY,NO DEFECTS,,FAILING TO REDUCE SPEED TO AVOID CRASH,NOT APPLICABLE,,NO INDICATION OF INJURY,16,4,41.9614326041,-87.7845443954,2026,15,POINT (-87.7845443954 41.9614326041),,,,,2026-04-02,False,14,Portage Park
15332,30,TRAFFIC SIGNAL,FUNCTIONING PROPERLY,CLEAR,DARKNESS,PEDALCYCLIST,FOUR WAY,STRAIGHT AND LEVEL,DRY,NO DEFECTS,Y,FAILING TO YIELD RIGHT-OF-WAY,DISREGARDING TRAFFIC SIGNALS,,"REPORTED, NOT EVIDENT",5,4,42.0045335502,-87.6800215274,2026,30,POINT (-87.6800215274 42.0045335502),,,,,2026-04-03,False,0,Rogers Park
15333,30,TRAFFIC SIGNAL,FUNCTIONING PROPERLY,CLEAR,DAYLIGHT,PEDALCYCLIST,FOUR WAY,STRAIGHT AND LEVEL,DRY,NO DEFECTS,Y,FAILING TO YIELD RIGHT-OF-WAY,FAILING TO REDUCE SPEED TO AVOID CRASH,,NONINCAPACITATING INJURY,11,4,41.8810297169,-87.6172815664,2026,30,POINT (-87.6172815664 41.8810297169),,,,,2026-04-03,False,31,Loop
15334,30,NO CONTROLS,NO CONTROLS,CLOUDY/OVERCAST,"DARKNESS, LIGHTED ROAD",PEDALCYCLIST,NOT DIVIDED,STRAIGHT AND LEVEL,WET,NO DEFECTS,,FAILING TO YIELD RIGHT-OF-WAY,NOT APPLICABLE,,NONINCAPACITATING INJURY,20,4,41.9248765846,-87.6582918336,2026,30,POINT (-87.6582918336 41.9248765846),,,,,2026-04-03,False,6,Lincoln Park
15335,30,STOP SIGN/FLASHER,FUNCTIONING PROPERLY,RAIN,"DARKNESS, LIGHTED ROAD",PEDALCYCLIST,FOUR WAY,STRAIGHT AND LEVEL,WET,UNKNOWN,Y,WEATHER,DRIVING SKILLS/KNOWLEDGE/EXPERIENCE,,INCAPACITATING INJURY,21,4,41.9291745123,-87.6463132787,2026,30,POINT (-87.6463132787 41.9291745123),,,,,2026-04-03,True,6,Lincoln Park
15336,30,NO CONTROLS,NO CONTROLS,RAIN,"DARKNESS, LIGHTED ROAD",PEDALCYCLIST,NOT DIVIDED,STRAIGHT AND LEVEL,WET,NO DEFECTS,,UNABLE TO DETERMINE,WEATHER,,"REPORTED, NOT EVIDENT",23,4,41.6779470753,-87.6206134675,2026,30,POINT (-87.6206134675 41.6779470753),,,,,2026-04-03,False,52,West Pullman
15337,15,NO CONTROLS,NO CONTROLS,RAIN,DAYLIGHT,PEDALCYCLIST,OTHER,STRAIGHT AND LEVEL,WET,NO DEFECTS,,UNABLE TO DETERMINE,UNABLE TO DETERMINE,,NONINCAPACITATING INJURY,9,4,41.9242835038,-87.7513519637,2026,15,POINT (-87.7513519637 41.9242835038),,,,,2026-04-04,False,18,Belmont Cragin
15338,30,STOP SIGN/FLASHER,FUNCTIONING PROPERLY,RAIN,DAYLIGHT,PEDALCYCLIST,DIVIDED - W/MEDIAN BARRIER,STRAIGHT AND LEVEL,WET,NO DEFECTS,Y,FAILING TO YIELD RIGHT-OF-WAY,WEATHER,,INCAPACITATING INJURY,11,4,41.7571563598,-87.558408913,2026,30,POINT (-87.558408913 41.7571563598),,,,,2026-04-04,True,42,South Shore
15339,30,TRAFFIC SIGNAL,FUNCTIONING PROPERLY,RAIN,DAYLIGHT,PEDALCYCLIST,DIVIDED - W/MEDIAN (NOT RAISED),STRAIGHT AND LEVEL,WET,UNKNOWN,,UNABLE TO DETERMINE,UNABLE TO DETERMINE,,"REPORTED, NOT EVIDENT",11,4,41.8084697367,-87.6845733986,2026,30,POINT (-87.6845733986 41.8084697367),,,,,2026-04-04,False,57,Brighton Park
15340,30,NO CONTROLS,NO CONTROLS,CLOUDY/OVERCAST,DAYLIGHT,PEDALCYCLIST,T-INTERSECTION,STRAIGHT AND LEVEL,DRY,NO DEFECTS,Y,FOLLOWING TOO CLOSELY,NOT APPLICABLE,,NONINCAPACITATING INJURY,13,4,41.8583881402,-87.6465125135,2026,30,POINT (-87.6465125135 41.8583881402),,,,,2026-04-04,False,27,Near West Side
15341,20,TRAFFIC SIGNAL,FUNCTIONING PROPERLY,CLOUDY/OVERCAST,DAYLIGHT,PEDALCYCLIST,NOT DIVIDED,STRAIGHT AND LEVEL,DRY,UNKNOWN,,FAILING TO YIELD RIGHT-OF-WAY,FAILING TO REDUCE SPEED TO AVOID CRASH,,"REPORTED, NOT EVIDENT",16,4,41.9070494717,-87.6597649708,2026,20,POINT (-87.6597649708 41.9070494717),,,,,2026-04-04,False,23,West Town
15342,30,NO CONTROLS,NO CONTROLS,CLEAR,DAYLIGHT,PEDALCYCLIST,NOT DIVIDED,STRAIGHT AND LEVEL,DRY,UNKNOWN,,FAILING TO YIELD RIGHT-OF-WAY,NOT APPLICABLE,,NONINCAPACITATING INJURY,17,4,41.8566912447,-87.6467569448,2026,30,POINT (-87.6467569448 41.8566912447),,,,,2026-04-04,False,30,Lower West Side
15343,30,STOP SIGN/FLASHER,FUNCTIONING PROPERLY,CLEAR,"DARKNESS, LIGHTED ROAD",PEDALCYCLIST,T-INTERSECTION,STRAIGHT AND LEVEL,DRY,NO DEFECTS,Y,UNABLE TO DETERMINE,UNABLE TO DETERMINE,,NONINCAPACITATING INJURY,22,4,41.8454843599,-87.6344334941,2026,30,POINT (-87.6344334941 41.8454843599),,,,,2026-04-04,False,32,Near South Side
15344,30,NO CONTROLS,NO CONTROLS,CLEAR,DAYLIGHT,PEDALCYCLIST,DIVIDED - W/MEDIAN BARRIER,STRAIGHT AND LEVEL,DRY,UNKNOWN,,FAILING TO YIELD RIGHT-OF-WAY,IMPROPER TURNING/NO SIGNAL,,NO INDICATION OF INJURY,17,4,41.9029659626,-87.7044437089,2026,30,POINT (-87.7044437089 41.9029659626),,,,,2026-04-05,False,22,Humboldt Park
15345,35,NO CONTROLS,NO CONTROLS,CLEAR,DAYLIGHT,PEDALCYCLIST,NOT DIVIDED,STRAIGHT AND LEVEL,DRY,NO DEFECTS,,FAILING TO YIELD RIGHT-OF-WAY,NOT APPLICABLE,Y,NONINCAPACITATING INJURY,17,4,41.9271167172,-87.6976252533,2026,35,POINT (-87.6976252533 41.9271167172),,,,,2026-04-05,False,21,Logan Square
15346,30,UNKNOWN,UNKNOWN,UNKNOWN,DAYLIGHT,PEDALCYCLIST,ROUNDABOUT,STRAIGHT AND LEVEL,UNKNOWN,UNKNOWN,Y,DRIVING SKILLS/KNOWLEDGE/EXPERIENCE,NOT APPLICABLE,,NONINCAPACITATING INJURY,18,4,41.729049274,-87.6222574252,2026,30,POINT (-87.6222574252 41.729049274),,,,,2026-04-05,False,43,Chatham
15347,30,NO CONTROLS,NO CONTROLS,CLEAR,DAYLIGHT,PEDALCYCLIST,OTHER,STRAIGHT AND LEVEL,DRY,UNKNOWN,,UNABLE TO DETERMINE,NOT APPLICABLE,,NONINCAPACITATING INJURY,18,4,41.7253223638,-87.6209372491,2026,30,POINT (-87.6209372491 41.7253223638),,,,,2026-04-05,False,43,Chatham
15348,30,NO CONTROLS,NO CONTROLS,CLEAR,DAYLIGHT,PEDALCYCLIST,NOT DIVIDED,STRAIGHT AND LEVEL,DRY,NO DEFECTS,,DRIVING SKILLS/KNOWLEDGE/EXPERIENCE,DRIVING SKILLS/KNOWLEDGE/EXPERIENCE,Y,INCAPACITATING INJURY,12,4,41.9648069783,-87.7082116399,2026,30,POINT (-87.7082116399 41.9648069783),,,,,2026-04-06,True,13,Albany Park
15349,30,NO CONTROLS,NO CONTROLS,CLEAR,DAYLIGHT,PEDALCYCLIST,DIVIDED - W/MEDIAN (NOT RAISED),STRAIGHT AND LEVEL,DRY,NO DEFECTS,Y,FAILING TO YIELD RIGHT-OF-WAY,FAILING TO REDUCE SPEED TO AVOID CRASH,,NONINCAPACITATING INJURY,15,4,41.9392877533,-87.7859477991,2026,30,POINT (-87.7859477991 41.9392877533),,,,,2026-04-06,False,14,Portage Park
15350,30,TRAFFIC SIGNAL,FUNCTIONING PROPERLY,CLEAR,DAYLIGHT,PEDALCYCLIST,FOUR WAY,STRAIGHT AND LEVEL,DRY,NO DEFECTS,Y,DISREGARDING TRAFFIC SIGNALS,NOT APPLICABLE,,NONINCAPACITATING INJURY,15,4,41.8384086257,-87.6269136428,2026,30,POINT (-87.6269136428 41.8384086257),,,,,2026-04-06,False,34,Douglas
15351,25,STOP SIGN/FLASHER,FUNCTIONING PROPERLY,CLEAR,DAYLIGHT,PEDALCYCLIST,FOUR WAY,STRAIGHT AND LEVEL,DRY,NO DEFECTS,Y,UNABLE TO DETERMINE,UNABLE TO DETERMINE,,INCAPACITATING INJURY,7,4,41.9430151782,-87.6857869429,2026,25,POINT (-87.6857869429 41.9430151782),,,,,2026-04-07,True,4,North Center
15352,30,TRAFFIC SIGNAL,FUNCTIONING PROPERLY,CLEAR,DAYLIGHT,PEDALCYCLIST,UNKNOWN,STRAIGHT AND LEVEL,DRY,UNKNOWN,,FOLLOWING TOO CLOSELY,UNABLE TO DETERMINE,,NO INDICATION OF INJURY,16,4,41.8908479905,-87.6395267707,2026,30,POINT (-87.6395267707 41.8908479905),,,,,2026-04-07,False,7,Near North Side
15353,25,TRAFFIC SIGNAL,FUNCTIONING PROPERLY,CLEAR,DAYLIGHT,PEDALCYCLIST,CENTER TURN LANE,STRAIGHT AND LEVEL,DRY,NO DEFECTS,Y,DISREGARDING TRAFFIC SIGNALS,DISREGARDING TRAFFIC SIGNALS,,"REPORTED, NOT EVIDENT",18,4,41.896788074,-87.6281346298,2026,25,POINT (-87.6281346298 41.896788074),,,,,2026-04-07,False,7,Near North Side
15354,25,STOP SIGN/FLASHER,FUNCTIONING PROPERLY,CLEAR,"DARKNESS, LIGHTED ROAD",PEDALCYCLIST,FOUR WAY,STRAIGHT AND LEVEL,DRY,NO DEFECTS,,UNABLE TO DETERMINE,UNABLE TO DETERMINE,,NONINCAPACITATING INJURY,22,4,42.0108791067,-87.6702842987,2026,25,POINT (-87.6702842987 42.0108791067),,,,,2026-04-07,False,0,Rogers Park
15355,20,STOP SIGN/FLASHER,NO CONTROLS,CLEAR,DAYLIGHT,PEDALCYCLIST,FOUR WAY,STRAIGHT AND LEVEL,DRY,NO DEFECTS,,DRIVING SKILLS/KNOWLEDGE/EXPERIENCE,NOT APPLICABLE,,NO INDICATION OF INJURY,9,4,41.9317295842,-87.72323643,2026,20,POINT (-87.72323643 41.9317295842),,,,,2026-04-08,False,19,Hermosa
15356,30,TRAFFIC SIGNAL,FUNCTIONING PROPERLY,UNKNOWN,UNKNOWN,PEDALCYCLIST,FOUR WAY,STRAIGHT AND LEVEL,UNKNOWN,UNKNOWN,,UNABLE TO DETERMINE,UNABLE TO DETERMINE,,NONINCAPACITATING INJURY,16,4,41.8892695282,-87.629735331,2026,30,POINT (-87.629735331 41.8892695282),,,,,2026-04-08,False,7,Near North Side
15357,25,NO CONTROLS,NO CONTROLS,CLEAR,DAYLIGHT,PEDALCYCLIST,NOT DIVIDED,STRAIGHT AND LEVEL,DRY,NO DEFECTS,,FAILING TO YIELD RIGHT-OF-WAY,NOT APPLICABLE,,NONINCAPACITATING INJURY,16,4,41.8298846579,-87.6462344851,2026,25,POINT (-87.6462344851 41.8298846579),,,,,2026-04-08,False,59,Bridgeport
15358,30,TRAFFIC SIGNAL,UNKNOWN,UNKNOWN,DAYLIGHT,PEDALCYCLIST,FOUR WAY,STRAIGHT AND LEVEL,UNKNOWN,UNKNOWN,Y,IMPROPER TURNING/NO SIGNAL,FAILING TO REDUCE SPEED TO AVOID CRASH,,"REPORTED, NOT EVIDENT",17,4,41.8917579836,-87.6294919628,2026,30,POINT (-87.6294919628 41.8917579836),,,,,2026-04-08,False,7,Near North Side
15359,35,STOP SIGN/FLASHER,FUNCTIONING PROPERLY,CLEAR,DAYLIGHT,PEDALCYCLIST,T-INTERSECTION,STRAIGHT AND LEVEL,DRY,UNKNOWN,Y,FAILING TO YIELD RIGHT-OF-WAY,FAILING TO REDUCE SPEED TO AVOID CRASH,,NONINCAPACITATING INJURY,8,4,41.8858410517,-87.6348452048,2026,35,POINT (-87.6348452048 41.8858410517),,,,,2026-04-09,False,27,Near West Side
15360,15,NO CONTROLS,NO CONTROLS,CLEAR,DAYLIGHT,PEDALCYCLIST,PARKING LOT,STRAIGHT AND LEVEL,DRY,NO DEFECTS,,UNABLE TO DETERMINE,UNABLE TO DETERMINE,,NONINCAPACITATING INJURY,9,4,41.9709414269,-87.646252032,2026,15,POINT (-87.646252032 41.9709414269),,,,,2026-04-09,False,2,Uptown
15361,30,NO CONTROLS,OTHER,CLEAR,DAYLIGHT,PEDALCYCLIST,NOT DIVIDED,STRAIGHT AND LEVEL,DRY,NO DEFECTS,,FAILING TO YIELD RIGHT-OF-WAY,DISREGARDING ROAD MARKINGS,,NO INDICATION OF INJURY,11,4,41.9396990071,-87.7250743392,2026,30,POINT (-87.7250743392 41.9396990071),,,,,2026-04-09,False,15,Irving Park
15362,25,STOP SIGN/FLASHER,NO CONTROLS,CLEAR,DAYLIGHT,PEDALCYCLIST,FOUR WAY,STRAIGHT AND LEVEL,DRY,NO DEFECTS,,UNABLE TO DETERMINE,UNABLE TO DETERMINE,,NO INDICATION OF INJURY,13,4,41.834485746,-87.6329407511,2026,25,POINT (-87.6329407511 41.834485746),,,,,2026-04-09,False,33,Armour Square
15363,30,TRAFFIC SIGNAL,FUNCTIONING PROPERLY,CLEAR,DAYLIGHT,PEDALCYCLIST,FOUR WAY,STRAIGHT AND LEVEL,DRY,NO DEFECTS,,FAILING TO YIELD RIGHT-OF-WAY,FAILING TO YIELD RIGHT-OF-WAY,,NONINCAPACITATING INJURY,16,4,41.8891980218,-87.6341572967,2026,30,POINT (-87.6341572967 41.8891980218),,,,,2026-04-09,False,7,Near North Side
15364,30,STOP SIGN/FLASHER,FUNCTIONING PROPERLY,CLEAR,DAYLIGHT,PEDALCYCLIST,FOUR WAY,STRAIGHT AND LEVEL,DRY,NO DEFECTS,Y,FAILING TO REDUCE SPEED TO AVOID CRASH,NOT APPLICABLE,,INCAPACITATING INJURY,16,4,41.7623653374,-87.6588184462,2026,30,POINT (-87.6588184462 41.7623653374),,,,,2026-04-09,True,66,Englewood
15365,30,NO CONTROLS,NO CONTROLS,CLEAR,"DARKNESS, LIGHTED ROAD",PEDALCYCLIST,NOT DIVIDED,STRAIGHT AND LEVEL,DRY,NO DEFECTS,,UNABLE TO DETERMINE,NOT APPLICABLE,,NONINCAPACITATING INJURY,20,4,41.9611800831,-87.6922253726,2026,30,POINT (-87.6922253726 41.9611800831),,,,,2026-04-09,False,4,North Center
15366,30,TRAFFIC SIGNAL,UNKNOWN,RAIN,DAYLIGHT,PEDALCYCLIST,NOT DIVIDED,STRAIGHT AND LEVEL,WET,UNKNOWN,Y,UNABLE TO DETERMINE,NOT APPLICABLE,,NO INDICATION OF INJURY,8,4,41.9541798068,-87.6691077443,2026,30,POINT (-87.6691077443 41.9541798068),,,,,2026-04-10,False,5,Lake View
15367,30,NO CONTROLS,NO CONTROLS,CLEAR,DAYLIGHT,PEDALCYCLIST,ALLEY,STRAIGHT AND LEVEL,DRY,NO DEFECTS,,IMPROPER LANE USAGE,NOT APPLICABLE,,NONINCAPACITATING INJURY,14,4,41.9242827657,-87.7514281658,2026,30,POINT (-87.7514281658 41.9242827657),,,,,2026-04-10,False,18,Belmont Cragin
15368,30,NO CONTROLS,NO CONTROLS,CLEAR,DAYLIGHT,PEDALCYCLIST,ONE-WAY,STRAIGHT AND LEVEL,DRY,NO DEFECTS,,NOT APPLICABLE,NOT APPLICABLE,,"REPORTED, NOT EVIDENT",15,4,41.8837024424,-87.6307713652,2026,30,POINT (-87.6307713652 41.8837024424),,,,,2026-04-10,False,31,Loop
15369,30,NO CONTROLS,NO CONTROLS,CLEAR,DAYLIGHT,PEDALCYCLIST,NOT DIVIDED,STRAIGHT AND LEVEL,DRY,NO DEFECTS,,IMPROPER OVERTAKING/PASSING,NOT APPLICABLE,,"REPORTED, NOT EVIDENT",16,4,41.8768865505,-87.6716960357,2026,30,POINT (-87.6716960357 41.8768865505),,,,,2026-04-10,False,27,Near West Side
15370,35,STOP SIGN/FLASHER,FUNCTIONING PROPERLY,CLEAR,DAYLIGHT,PEDALCYCLIST,FOUR WAY,STRAIGHT AND LEVEL,DRY,NO DEFECTS,Y,FAILING TO YIELD RIGHT-OF-WAY,NOT APPLICABLE,,NONINCAPACITATING INJURY,18,4,41.9375559409,-87.7122861939,2026,35,POINT (-87.7122861939 41.9375559409),,,,,2026-04-10,False,20,Avondale