Unnamed: 0,POSTED_SPEED_LIMIT,TRAFFIC_CONTROL_DEVICE,DEVICE_CONDITION,WEATHER_CONDITION,LIGHTING_CONDITION,FIRST_CRASH_TYPE,TRAFFICWAY_TYPE,ALIGNMENT,ROADWAY_SURFACE_COND,ROAD_DEFECT,INTERSECTION_RELATED_I,PRIM_CONTRIBUTORY_CAUSE,SEC_CONTRIBUTORY_CAUSE,DOORING_I,MOST_SEVERE_INJURY,CRASH_HOUR,CRASH_MONTH,LATITUDE,LONGITUDE,CRASH_YEAR,SPEED_LIMIT,geometry,DISPLAYROU,the_geom,DIST,LANE_TYPE,CRASH_DATE,is_severe,index_right,CArea
15371,30,NO CONTROLS,NO CONTROLS,CLEAR,"DARKNESS, LIGHTED ROAD",PEDALCYCLIST,NOT DIVIDED,STRAIGHT AND LEVEL,DRY,UNKNOWN,,FAILING TO REDUCE SPEED TO AVOID CRASH,NOT APPLICABLE,,NONINCAPACITATING INJURY,19,4,41.9386820635,-87.7667183829,2026,30,POINT (-87.7667183829 41.9386820635),,,,,2026-04-10,False,14,Portage Park
15372,30,TRAFFIC SIGNAL,WORN REFLECTIVE MATERIAL,CLEAR,"DARKNESS, LIGHTED ROAD",PEDALCYCLIST,NOT DIVIDED,STRAIGHT AND LEVEL,DRY,NO DEFECTS,Y,FAILING TO YIELD RIGHT-OF-WAY,FAILING TO YIELD RIGHT-OF-WAY,,NONINCAPACITATING INJURY,19,4,41.7752744575,-87.7031973331,2026,30,POINT (-87.7031973331 41.7752744575),,,,,2026-04-10,False,65,Chicago Lawn
15373,30,TRAFFIC SIGNAL,FUNCTIONING PROPERLY,CLEAR,"DARKNESS, LIGHTED ROAD",PEDALCYCLIST,NOT DIVIDED,STRAIGHT AND LEVEL,DRY,NO DEFECTS,Y,UNABLE TO DETERMINE,NOT APPLICABLE,,"REPORTED, NOT EVIDENT",23,4,41.8549603863,-87.630224911,2026,30,POINT (-87.630224911 41.8549603863),,,,,2026-04-10,False,32,Near South Side
15374,30,TRAFFIC SIGNAL,FUNCTIONING PROPERLY,CLEAR,"DARKNESS, LIGHTED ROAD",PEDALCYCLIST,NOT DIVIDED,STRAIGHT AND LEVEL,DRY,NO DEFECTS,,FAILING TO YIELD RIGHT-OF-WAY,UNABLE TO DETERMINE,,NONINCAPACITATING INJURY,23,4,41.9176534007,-87.6483396669,2026,30,POINT (-87.6483396669 41.9176534007),,,,,2026-04-10,False,6,Lincoln Park
15375,30,TRAFFIC SIGNAL,FUNCTIONING PROPERLY,CLEAR,"DARKNESS, LIGHTED ROAD",PEDALCYCLIST,FOUR WAY,STRAIGHT AND LEVEL,DRY,NO DEFECTS,Y,IMPROPER TURNING/NO SIGNAL,FAILING TO YIELD RIGHT-OF-WAY,,NO INDICATION OF INJURY,1,4,41.9217763175,-87.6439055527,2026,30,POINT (-87.6439055527 41.9217763175),,,,,2026-04-11,False,6,Lincoln Park
15376,30,NO CONTROLS,NO CONTROLS,CLEAR,"DARKNESS, LIGHTED ROAD",PEDALCYCLIST,NOT DIVIDED,STRAIGHT AND LEVEL,DRY,NO DEFECTS,,UNABLE TO DETERMINE,NOT APPLICABLE,,NO INDICATION OF INJURY,4,4,41.8992739558,-87.6344497451,2026,30,POINT (-87.6344497451 41.8992739558),,,,,2026-04-11,False,7,Near North Side
15377,30,NO CONTROLS,NO CONTROLS,CLEAR,DAYLIGHT,PEDALCYCLIST,DIVIDED - W/MEDIAN (NOT RAISED),STRAIGHT AND LEVEL,DRY,NO DEFECTS,,"EVASIVE ACTION DUE TO ANIMAL, OBJECT, NONMOTORIST",UNABLE TO DETERMINE,,NONINCAPACITATING INJURY,6,4,41.9471165371,-87.6554598733,2026,30,POINT (-87.6554598733 41.9471165371),,,,,2026-04-11,False,5,Lake View
15378,20,NO CONTROLS,NO CONTROLS,CLEAR,DAYLIGHT,PEDALCYCLIST,DIVIDED - W/MEDIAN (NOT RAISED),STRAIGHT AND LEVEL,DRY,NO DEFECTS,,DRIVING ON WRONG SIDE/WRONG WAY,FAILING TO YIELD RIGHT-OF-WAY,,NONINCAPACITATING INJURY,12,4,41.9631180049,-87.649801524,2026,20,POINT (-87.649801524 41.9631180049),,,,,2026-04-11,False,2,Uptown
15379,30,NO CONTROLS,NO CONTROLS,CLEAR,DAYLIGHT,PEDALCYCLIST,NOT DIVIDED,STRAIGHT AND LEVEL,DRY,NO DEFECTS,,FAILING TO YIELD RIGHT-OF-WAY,UNABLE TO DETERMINE,,NO INDICATION OF INJURY,13,4,41.9249156109,-87.6975545043,2026,30,POINT (-87.6975545043 41.9249156109),,,,,2026-04-11,False,21,Logan Square
15380,30,NO CONTROLS,NO CONTROLS,CLEAR,DAYLIGHT,PEDALCYCLIST,DIVIDED - W/MEDIAN (NOT RAISED),STRAIGHT AND LEVEL,DRY,UNKNOWN,Y,UNABLE TO DETERMINE,NOT APPLICABLE,,NONINCAPACITATING INJURY,14,4,41.9238341701,-87.6991001553,2026,30,POINT (-87.6991001553 41.9238341701),,,,,2026-04-11,False,21,Logan Square
15381,30,NO CONTROLS,NO CONTROLS,CLEAR,DAYLIGHT,PEDALCYCLIST,NOT DIVIDED,STRAIGHT AND LEVEL,DRY,NO DEFECTS,,IMPROPER TURNING/NO SIGNAL,NOT APPLICABLE,,NONINCAPACITATING INJURY,14,4,41.9621041322,-87.6552038296,2026,30,POINT (-87.6552038296 41.9621041322),,,,,2026-04-11,False,2,Uptown
15382,10,NO CONTROLS,NO CONTROLS,CLEAR,DAYLIGHT,PEDALCYCLIST,PARKING LOT,STRAIGHT AND LEVEL,DRY,NO DEFECTS,,NOT APPLICABLE,NOT APPLICABLE,,"REPORTED, NOT EVIDENT",11,4,41.8775899681,-87.6923169124,2026,10,POINT (-87.6923169124 41.8775899681),,,,,2026-04-12,False,26,Garfield Park
15383,25,NO CONTROLS,NO CONTROLS,CLEAR,DAYLIGHT,PEDALCYCLIST,TRAFFIC ROUTE,STRAIGHT AND LEVEL,DRY,NO DEFECTS,,FAILING TO YIELD RIGHT-OF-WAY,FAILING TO YIELD RIGHT-OF-WAY,,INCAPACITATING INJURY,12,4,41.6537882427,-87.5466606527,2026,25,POINT (-87.5466606527 41.6537882427),,,,,2026-04-12,True,54,Hegewisch
15384,30,STOP SIGN/FLASHER,FUNCTIONING PROPERLY,CLEAR,DAYLIGHT,PEDALCYCLIST,FOUR WAY,STRAIGHT AND LEVEL,DRY,NO DEFECTS,Y,UNABLE TO DETERMINE,UNABLE TO DETERMINE,,NONINCAPACITATING INJURY,14,4,41.7879702014,-87.7035444651,2026,30,POINT (-87.7035444651 41.7879702014),,,,,2026-04-12,False,62,Gage Park
15385,30,UNKNOWN,UNKNOWN,UNKNOWN,UNKNOWN,PEDALCYCLIST,NOT DIVIDED,STRAIGHT AND LEVEL,UNKNOWN,UNKNOWN,,UNABLE TO DETERMINE,UNABLE TO DETERMINE,,NO INDICATION OF INJURY,16,4,42.0050954293,-87.6923619676,2026,30,POINT (-87.6923619676 42.0050954293),,,,,2026-04-12,False,1,West Ridge
15386,30,NO CONTROLS,NO CONTROLS,CLEAR,DAYLIGHT,PEDALCYCLIST,ALLEY,STRAIGHT AND LEVEL,WET,NO DEFECTS,,UNABLE TO DETERMINE,NOT APPLICABLE,,NO INDICATION OF INJURY,7,4,41.9270868558,-87.7659525041,2026,30,POINT (-87.7659525041 41.9270868558),,,,,2026-04-13,False,18,Belmont Cragin
15387,30,YIELD,FUNCTIONING PROPERLY,CLEAR,DAYLIGHT,PEDALCYCLIST,T-INTERSECTION,STRAIGHT AND LEVEL,DRY,NO DEFECTS,,FAILING TO YIELD RIGHT-OF-WAY,FAILING TO YIELD RIGHT-OF-WAY,,NONINCAPACITATING INJURY,9,4,41.9392065585,-87.7091716016,2026,30,POINT (-87.7091716016 41.9392065585),,,,,2026-04-13,False,15,Irving Park
15388,30,NO CONTROLS,NO CONTROLS,CLEAR,DAYLIGHT,PEDALCYCLIST,NOT DIVIDED,STRAIGHT AND LEVEL,DRY,NO DEFECTS,,IMPROPER TURNING/NO SIGNAL,NOT APPLICABLE,,INCAPACITATING INJURY,14,4,41.866572099,-87.6256643372,2026,30,POINT (-87.6256643372 41.866572099),,,,,2026-04-13,True,32,Near South Side
15389,30,STOP SIGN/FLASHER,FUNCTIONING PROPERLY,CLEAR,DAYLIGHT,PEDALCYCLIST,NOT DIVIDED,STRAIGHT AND LEVEL,DRY,NO DEFECTS,Y,DISREGARDING STOP SIGN,DRIVING SKILLS/KNOWLEDGE/EXPERIENCE,,NONINCAPACITATING INJURY,15,4,42.0127281041,-87.6725159581,2026,30,POINT (-87.6725159581 42.0127281041),,,,,2026-04-13,False,0,Rogers Park
15390,30,NO CONTROLS,NO CONTROLS,CLEAR,DAYLIGHT,PEDALCYCLIST,NOT DIVIDED,STRAIGHT AND LEVEL,DRY,NO DEFECTS,,"VISION OBSCURED (SIGNS, TREE LIMBS, BUILDINGS, ETC.)",NOT APPLICABLE,,NO INDICATION OF INJURY,17,4,41.9308856028,-87.7611710343,2026,30,POINT (-87.7611710343 41.9308856028),,,,,2026-04-13,False,18,Belmont Cragin
15391,30,NO CONTROLS,NO CONTROLS,CLOUDY/OVERCAST,DAYLIGHT,PEDALCYCLIST,NOT DIVIDED,STRAIGHT AND LEVEL,DRY,"RUT, HOLES",,NOT APPLICABLE,NOT APPLICABLE,,NO INDICATION OF INJURY,18,4,41.7895306331,-87.723207174,2026,30,POINT (-87.723207174 41.7895306331),,,,,2026-04-13,False,61,West Elsdon
15392,25,NO CONTROLS,NO CONTROLS,CLEAR,"DARKNESS, LIGHTED ROAD",PEDALCYCLIST,NOT DIVIDED,STRAIGHT AND LEVEL,DRY,NO DEFECTS,,FAILING TO YIELD RIGHT-OF-WAY,NOT APPLICABLE,Y,NONINCAPACITATING INJURY,20,4,41.9787441756,-87.6681690992,2026,25,POINT (-87.6681690992 41.9787441756),,,,,2026-04-13,False,76,Edgewater
15393,30,TRAFFIC SIGNAL,FUNCTIONING PROPERLY,CLEAR,"DARKNESS, LIGHTED ROAD",PEDALCYCLIST,DIVIDED - W/MEDIAN (NOT RAISED),STRAIGHT AND LEVEL,DRY,NO DEFECTS,,UNABLE TO DETERMINE,UNABLE TO DETERMINE,,NONINCAPACITATING INJURY,0,4,41.6926448093,-87.6272087119,2026,30,POINT (-87.6272087119 41.6926448093),,,,,2026-04-14,False,48,Roseland
15394,20,TRAFFIC SIGNAL,FUNCTIONING PROPERLY,CLEAR,DAYLIGHT,PEDALCYCLIST,PARKING LOT,STRAIGHT AND LEVEL,DRY,NO DEFECTS,,UNABLE TO DETERMINE,UNABLE TO DETERMINE,,NO INDICATION OF INJURY,13,4,41.7060558732,-87.7161584963,2026,20,POINT (-87.7161584963 41.7060558732),,,,,2026-04-14,False,73,Mount Greenwood
15395,30,NO CONTROLS,NO CONTROLS,CLEAR,DAYLIGHT,PEDALCYCLIST,PARKING LOT,STRAIGHT AND LEVEL,DRY,UNKNOWN,,UNABLE TO DETERMINE,UNABLE TO DETERMINE,,NO INDICATION OF INJURY,14,4,41.7359744629,-87.6046584099,2026,30,POINT (-87.6046584099 41.7359744629),,,,,2026-04-14,False,43,Chatham
15396,30,UNKNOWN,UNKNOWN,UNKNOWN,UNKNOWN,PEDALCYCLIST,DIVIDED - W/MEDIAN (NOT RAISED),STRAIGHT AND LEVEL,UNKNOWN,UNKNOWN,,IMPROPER OVERTAKING/PASSING,NOT APPLICABLE,,NONINCAPACITATING INJURY,16,4,41.7839437026,-87.6071169202,2026,30,POINT (-87.6071169202 41.7839437026),,,,,2026-04-14,False,39,Washington Park
15397,30,NO CONTROLS,NO CONTROLS,CLEAR,DAYLIGHT,PEDALCYCLIST,NOT DIVIDED,STRAIGHT AND LEVEL,DRY,NO DEFECTS,,IMPROPER TURNING/NO SIGNAL,IMPROPER OVERTAKING/PASSING,,NO INDICATION OF INJURY,17,4,41.9367850174,-87.7466593688,2026,30,POINT (-87.7466593688 41.9367850174),,,,,2026-04-14,False,18,Belmont Cragin
15398,30,NO CONTROLS,NO CONTROLS,CLEAR,DAYLIGHT,PEDALCYCLIST,NOT DIVIDED,STRAIGHT AND LEVEL,DRY,UNKNOWN,,FAILING TO YIELD RIGHT-OF-WAY,NOT APPLICABLE,Y,NONINCAPACITATING INJURY,18,4,41.884546961,-87.64758764,2026,30,POINT (-87.64758764 41.884546961),,,,,2026-04-14,False,27,Near West Side
15399,30,NO CONTROLS,NO CONTROLS,CLEAR,DARKNESS,PEDALCYCLIST,NOT DIVIDED,STRAIGHT AND LEVEL,DRY,NO DEFECTS,,IMPROPER OVERTAKING/PASSING,IMPROPER OVERTAKING/PASSING,,NO INDICATION OF INJURY,21,4,41.9945965661,-87.6661625208,2026,30,POINT (-87.6661625208 41.9945965661),,,,,2026-04-14,False,76,Edgewater
15400,30,TRAFFIC SIGNAL,FUNCTIONING PROPERLY,RAIN,"DARKNESS, LIGHTED ROAD",PEDALCYCLIST,FOUR WAY,STRAIGHT AND LEVEL,WET,NO DEFECTS,Y,DISREGARDING TRAFFIC SIGNALS,FAILING TO REDUCE SPEED TO AVOID CRASH,,NONINCAPACITATING INJURY,22,4,41.8511978333,-87.6385403033,2026,30,POINT (-87.6385403033 41.8511978333),,,,,2026-04-14,False,30,Lower West Side
15401,30,NO CONTROLS,NO CONTROLS,CLEAR,DAYLIGHT,PEDALCYCLIST,DIVIDED - W/MEDIAN BARRIER,STRAIGHT AND LEVEL,WET,NO DEFECTS,,FAILING TO YIELD RIGHT-OF-WAY,UNABLE TO DETERMINE,,"REPORTED, NOT EVIDENT",8,4,41.8802428695,-87.7718524833,2026,30,POINT (-87.7718524833 41.8802428695),,,,,2026-04-15,False,24,Austin
15402,15,NO CONTROLS,NO CONTROLS,CLEAR,DAYLIGHT,PEDALCYCLIST,ALLEY,STRAIGHT AND LEVEL,WET,NO DEFECTS,,UNABLE TO DETERMINE,NOT APPLICABLE,,NONINCAPACITATING INJURY,8,4,41.8773208513,-87.6534250614,2026,15,POINT (-87.6534250614 41.8773208513),,,,,2026-04-15,False,27,Near West Side
15403,30,NO CONTROLS,NO CONTROLS,CLEAR,DAYLIGHT,PEDALCYCLIST,NOT DIVIDED,STRAIGHT AND LEVEL,DRY,NO DEFECTS,,NOT APPLICABLE,NOT APPLICABLE,Y,NONINCAPACITATING INJURY,10,4,41.9176212738,-87.7169285202,2026,30,POINT (-87.7169285202 41.9176212738),,,,,2026-04-15,False,21,Logan Square
15404,25,NO CONTROLS,NO CONTROLS,RAIN,DAYLIGHT,PEDALCYCLIST,NOT DIVIDED,STRAIGHT AND LEVEL,WET,NO DEFECTS,,UNABLE TO DETERMINE,NOT APPLICABLE,,NO INDICATION OF INJURY,11,4,41.8858070197,-87.6441718947,2026,25,POINT (-87.6441718947 41.8858070197),,,,,2026-04-15,False,27,Near West Side
15405,30,NO CONTROLS,NO CONTROLS,RAIN,DAYLIGHT,PEDALCYCLIST,ONE-WAY,STRAIGHT AND LEVEL,WET,UNKNOWN,,UNABLE TO DETERMINE,UNABLE TO DETERMINE,,"REPORTED, NOT EVIDENT",11,4,41.8101432461,-87.684696043,2026,30,POINT (-87.684696043 41.8101432461),,,,,2026-04-15,False,57,Brighton Park
15406,30,NO CONTROLS,NO CONTROLS,CLEAR,DAYLIGHT,PEDALCYCLIST,ONE-WAY,STRAIGHT AND LEVEL,DRY,NO DEFECTS,,IMPROPER OVERTAKING/PASSING,FAILING TO REDUCE SPEED TO AVOID CRASH,Y,INCAPACITATING INJURY,13,4,41.9064883203,-87.6729613586,2026,30,POINT (-87.6729613586 41.9064883203),,,,,2026-04-15,True,23,West Town
15407,30,STOP SIGN/FLASHER,FUNCTIONING PROPERLY,CLEAR,DAYLIGHT,PEDALCYCLIST,FOUR WAY,STRAIGHT AND LEVEL,DRY,UNKNOWN,Y,UNABLE TO DETERMINE,NOT APPLICABLE,,NO INDICATION OF INJURY,15,4,41.7625385993,-87.5640992424,2026,30,POINT (-87.5640992424 41.7625385993),,,,,2026-04-15,False,42,South Shore
15408,25,STOP SIGN/FLASHER,FUNCTIONING PROPERLY,CLEAR,DAYLIGHT,PEDALCYCLIST,FOUR WAY,STRAIGHT AND LEVEL,DRY,NO DEFECTS,Y,NOT APPLICABLE,NOT APPLICABLE,,INCAPACITATING INJURY,18,4,41.9734137831,-87.7603437146,2026,25,POINT (-87.7603437146 41.9734137831),,,,,2026-04-15,True,10,Jefferson Park
15409,30,NO CONTROLS,NO CONTROLS,CLEAR,"DARKNESS, LIGHTED ROAD",PEDALCYCLIST,NOT DIVIDED,STRAIGHT AND LEVEL,DRY,NO DEFECTS,,UNABLE TO DETERMINE,UNABLE TO DETERMINE,Y,NONINCAPACITATING INJURY,20,4,41.8985899043,-87.6344236929,2026,30,POINT (-87.6344236929 41.8985899043),,,,,2026-04-15,False,7,Near North Side
15410,30,NO CONTROLS,NO CONTROLS,CLEAR,DAYLIGHT,PEDALCYCLIST,FOUR WAY,STRAIGHT AND LEVEL,DRY,NO DEFECTS,,UNABLE TO DETERMINE,NOT APPLICABLE,,NONINCAPACITATING INJURY,17,4,41.9103377456,-87.6959894906,2026,30,POINT (-87.6959894906 41.9103377456),,,,,2026-04-16,False,22,Humboldt Park
15411,30,NO CONTROLS,NO CONTROLS,CLEAR,DAYLIGHT,PEDALCYCLIST,DIVIDED - W/MEDIAN (NOT RAISED),STRAIGHT AND LEVEL,DRY,NO DEFECTS,,UNABLE TO DETERMINE,NOT APPLICABLE,Y,NONINCAPACITATING INJURY,17,4,41.9449083305,-87.6724793376,2026,30,POINT (-87.6724793376 41.9449083305),,,,,2026-04-16,False,5,Lake View
15412,35,FLASHING CONTROL SIGNAL,FUNCTIONING PROPERLY,CLEAR,"DARKNESS, LIGHTED ROAD",PEDALCYCLIST,NOT DIVIDED,STRAIGHT AND LEVEL,DRY,NO DEFECTS,,DISREGARDING OTHER TRAFFIC SIGNS,FOLLOWING TOO CLOSELY,N,INCAPACITATING INJURY,23,4,41.7875876381,-87.6837148349,2026,35,POINT (-87.6837148349 41.7875876381),,,,,2026-04-16,True,62,Gage Park
15413,30,NO CONTROLS,NO CONTROLS,CLEAR,DAYLIGHT,PEDALCYCLIST,NOT DIVIDED,STRAIGHT AND LEVEL,DRY,NO DEFECTS,N,FAILING TO YIELD RIGHT-OF-WAY,NOT APPLICABLE,,NONINCAPACITATING INJURY,7,4,41.9265703724,-87.65054678,2026,30,POINT (-87.65054678 41.9265703724),,,,,2026-04-17,False,6,Lincoln Park
15414,35,NO CONTROLS,NO CONTROLS,CLEAR,DAYLIGHT,PEDALCYCLIST,NOT DIVIDED,STRAIGHT AND LEVEL,DRY,NO DEFECTS,,UNABLE TO DETERMINE,UNABLE TO DETERMINE,,NO INDICATION OF INJURY,14,4,41.9385878726,-87.6493959945,2026,35,POINT (-87.6493959945 41.9385878726),,,,,2026-04-17,False,5,Lake View
15415,30,NO CONTROLS,NO CONTROLS,CLEAR,DAYLIGHT,PEDALCYCLIST,NOT DIVIDED,STRAIGHT AND LEVEL,DRY,NO DEFECTS,,UNABLE TO DETERMINE,NOT APPLICABLE,Y,NONINCAPACITATING INJURY,15,4,41.9010014082,-87.6300494416,2026,30,POINT (-87.6300494416 41.9010014082),,,,,2026-04-17,False,7,Near North Side
15416,30,TRAFFIC SIGNAL,FUNCTIONING PROPERLY,CLOUDY/OVERCAST,DAYLIGHT,PEDALCYCLIST,NOT DIVIDED,STRAIGHT AND LEVEL,DRY,NO DEFECTS,,DISREGARDING TRAFFIC SIGNALS,NOT APPLICABLE,,NO INDICATION OF INJURY,17,4,41.7865334538,-87.67424315,2026,30,POINT (-87.67424315 41.7865334538),,,,,2026-04-17,False,66,Englewood
15417,30,NO CONTROLS,NO CONTROLS,CLEAR,DAYLIGHT,PEDALCYCLIST,NOT DIVIDED,STRAIGHT AND LEVEL,DRY,NO DEFECTS,,UNABLE TO DETERMINE,UNABLE TO DETERMINE,Y,NO INDICATION OF INJURY,17,4,41.6941974055,-87.6209436022,2026,30,POINT (-87.6209436022 41.6941974055),,,,,2026-04-17,False,48,Roseland
15418,30,NO CONTROLS,NO CONTROLS,CLEAR,DAYLIGHT,PEDALCYCLIST,NOT DIVIDED,STRAIGHT AND LEVEL,DRY,UNKNOWN,,UNABLE TO DETERMINE,UNABLE TO DETERMINE,,"REPORTED, NOT EVIDENT",17,4,41.9653027479,-87.6564457378,2026,30,POINT (-87.6564457378 41.9653027479),,,,,2026-04-17,False,2,Uptown
15419,25,NO CONTROLS,NO CONTROLS,CLEAR,DAYLIGHT,PEDALCYCLIST,NOT DIVIDED,STRAIGHT AND LEVEL,DRY,NO DEFECTS,,FAILING TO YIELD RIGHT-OF-WAY,NOT APPLICABLE,,"REPORTED, NOT EVIDENT",18,4,41.9034495041,-87.7559483338,2026,25,POINT (-87.7559483338 41.9034495041),,,,,2026-04-17,False,24,Austin
15420,30,TRAFFIC SIGNAL,FUNCTIONING PROPERLY,RAIN,"DARKNESS, LIGHTED ROAD",PEDALCYCLIST,FOUR WAY,STRAIGHT AND LEVEL,WET,UNKNOWN,Y,"VISION OBSCURED (SIGNS, TREE LIMBS, BUILDINGS, ETC.)",WEATHER,,NONINCAPACITATING INJURY,23,4,41.9982807788,-87.6656570675,2026,30,POINT (-87.6656570675 41.9982807788),,,,,2026-04-17,False,0,Rogers Park
15421,30,NO CONTROLS,NO CONTROLS,CLEAR,DAYLIGHT,PEDALCYCLIST,NOT DIVIDED,STRAIGHT AND LEVEL,WET,NO DEFECTS,,UNABLE TO DETERMINE,UNABLE TO DETERMINE,,NONINCAPACITATING INJURY,8,4,41.9374779736,-87.665812622,2026,30,POINT (-87.665812622 41.9374779736),,,,,2026-04-18,False,5,Lake View
15422,30,NO CONTROLS,NO CONTROLS,CLEAR,DAYLIGHT,PEDALCYCLIST,FOUR WAY,STRAIGHT AND LEVEL,UNKNOWN,OTHER,,DISTRACTION - FROM OUTSIDE VEHICLE,NOT APPLICABLE,,NO INDICATION OF INJURY,15,4,41.9258178064,-87.7462128171,2026,30,POINT (-87.7462128171 41.9258178064),,,,,2026-04-18,False,18,Belmont Cragin
15423,30,TRAFFIC SIGNAL,FUNCTIONING PROPERLY,CLEAR,DAYLIGHT,PEDALCYCLIST,NOT DIVIDED,STRAIGHT AND LEVEL,DRY,NO DEFECTS,,UNABLE TO DETERMINE,UNABLE TO DETERMINE,Y,NO INDICATION OF INJURY,18,4,41.8640015435,-87.6242257291,2026,30,POINT (-87.6242257291 41.8640015435),,,,,2026-04-18,False,32,Near South Side
15424,30,UNKNOWN,UNKNOWN,CLEAR,DAYLIGHT,PEDALCYCLIST,NOT DIVIDED,STRAIGHT AND LEVEL,UNKNOWN,UNKNOWN,,UNABLE TO DETERMINE,UNABLE TO DETERMINE,,"REPORTED, NOT EVIDENT",14,4,41.8890871454,-87.6320084937,2026,30,POINT (-87.6320084937 41.8890871454),,,,,2026-04-19,False,7,Near North Side
15425,30,NO CONTROLS,NO CONTROLS,CLEAR,DAYLIGHT,PEDALCYCLIST,DIVIDED - W/MEDIAN BARRIER,STRAIGHT AND LEVEL,DRY,UNKNOWN,,FAILING TO YIELD RIGHT-OF-WAY,NOT APPLICABLE,,NONINCAPACITATING INJURY,17,4,41.9537584266,-87.7275589211,2026,30,POINT (-87.7275589211 41.9537584266),,,,,2026-04-19,False,15,Irving Park
15426,30,TRAFFIC SIGNAL,FUNCTIONING PROPERLY,CLEAR,"DARKNESS, LIGHTED ROAD",PEDALCYCLIST,UNKNOWN INTERSECTION TYPE,STRAIGHT AND LEVEL,UNKNOWN,UNKNOWN,Y,DISREGARDING TRAFFIC SIGNALS,NOT APPLICABLE,,NO INDICATION OF INJURY,20,4,41.8907167131,-87.6767825099,2026,30,POINT (-87.6767825099 41.8907167131),,,,,2026-04-19,False,23,West Town
15427,30,NO CONTROLS,NO CONTROLS,CLEAR,DAYLIGHT,PEDALCYCLIST,DIVIDED - W/MEDIAN (NOT RAISED),STRAIGHT AND LEVEL,DRY,UNKNOWN,,UNABLE TO DETERMINE,UNABLE TO DETERMINE,,NONINCAPACITATING INJURY,15,4,41.9979474472,-87.6834840855,2026,30,POINT (-87.6834840855 41.9979474472),,,,,2026-04-20,False,1,West Ridge
15428,30,NO CONTROLS,NO CONTROLS,CLEAR,DAYLIGHT,PEDALCYCLIST,DIVIDED - W/MEDIAN BARRIER,STRAIGHT AND LEVEL,DRY,NO DEFECTS,,UNABLE TO DETERMINE,UNABLE TO DETERMINE,,NO INDICATION OF INJURY,15,4,41.888399508,-87.6236551833,2026,30,POINT (-87.6236551833 41.888399508),,,,,2026-04-20,False,7,Near North Side
15429,20,UNKNOWN,NO CONTROLS,CLEAR,DAYLIGHT,PEDALCYCLIST,DIVIDED - W/MEDIAN (NOT RAISED),STRAIGHT AND LEVEL,DRY,NO DEFECTS,,NOT APPLICABLE,NOT APPLICABLE,N,NO INDICATION OF INJURY,16,4,41.9184540814,-87.6681759199,2026,20,POINT (-87.6681759199 41.9184540814),,,,,2026-04-20,False,6,Lincoln Park
15430,15,TRAFFIC SIGNAL,UNKNOWN,CLEAR,DAYLIGHT,PEDALCYCLIST,T-INTERSECTION,STRAIGHT AND LEVEL,DRY,UNKNOWN,N,FAILING TO REDUCE SPEED TO AVOID CRASH,NOT APPLICABLE,,"REPORTED, NOT EVIDENT",18,4,41.9389974458,-87.7424173672,2026,15,POINT (-87.7424173672 41.9389974458),,,,,2026-04-20,False,14,Portage Park
15431,30,OTHER,OTHER,CLEAR,DAYLIGHT,PEDALCYCLIST,NOT DIVIDED,STRAIGHT AND LEVEL,DRY,NO DEFECTS,,UNABLE TO DETERMINE,NOT APPLICABLE,,NO INDICATION OF INJURY,18,4,41.9259493907,-87.6405508073,2026,30,POINT (-87.6405508073 41.9259493907),,,,,2026-04-20,False,6,Lincoln Park
15432,30,NO CONTROLS,NO CONTROLS,CLEAR,DAYLIGHT,PEDALCYCLIST,DIVIDED - W/MEDIAN (NOT RAISED),STRAIGHT AND LEVEL,DRY,NO DEFECTS,,FAILING TO REDUCE SPEED TO AVOID CRASH,DRIVING SKILLS/KNOWLEDGE/EXPERIENCE,,NONINCAPACITATING INJURY,7,4,41.8348580564,-87.6655244108,2026,30,POINT (-87.6655244108 41.8348580564),,,,,2026-04-21,False,30,Lower West Side
15433,30,NO CONTROLS,NO CONTROLS,CLEAR,DAYLIGHT,PEDALCYCLIST,FOUR WAY,STRAIGHT AND LEVEL,DRY,UNKNOWN,,UNABLE TO DETERMINE,NOT APPLICABLE,,NO INDICATION OF INJURY,12,4,41.8899252089,-87.6353867187,2026,30,POINT (-87.6353867187 41.8899252089),,,,,2026-04-21,False,7,Near North Side
15434,30,NO CONTROLS,NO CONTROLS,CLEAR,DAYLIGHT,PEDALCYCLIST,ONE-WAY,STRAIGHT AND LEVEL,DRY,UNKNOWN,,FAILING TO YIELD RIGHT-OF-WAY,NOT APPLICABLE,,"REPORTED, NOT EVIDENT",15,4,41.8967834984,-87.6296297031,2026,30,POINT (-87.6296297031 41.8967834984),,,,,2026-04-21,False,7,Near North Side
15435,30,SCHOOL ZONE,FUNCTIONING PROPERLY,CLEAR,DAYLIGHT,PEDALCYCLIST,DIVIDED - W/MEDIAN BARRIER,STRAIGHT AND LEVEL,DRY,NO DEFECTS,,FAILING TO YIELD RIGHT-OF-WAY,UNABLE TO DETERMINE,,NONINCAPACITATING INJURY,16,4,41.939015607,-87.7411475362,2026,30,POINT (-87.7411475362 41.939015607),,,,,2026-04-21,False,15,Irving Park