Unnamed: 0,POSTED_SPEED_LIMIT,TRAFFIC_CONTROL_DEVICE,DEVICE_CONDITION,WEATHER_CONDITION,LIGHTING_CONDITION,FIRST_CRASH_TYPE,TRAFFICWAY_TYPE,ALIGNMENT,ROADWAY_SURFACE_COND,ROAD_DEFECT,INTERSECTION_RELATED_I,PRIM_CONTRIBUTORY_CAUSE,SEC_CONTRIBUTORY_CAUSE,DOORING_I,MOST_SEVERE_INJURY,CRASH_HOUR,CRASH_MONTH,LATITUDE,LONGITUDE,CRASH_YEAR,SPEED_LIMIT,geometry,DISPLAYROU,the_geom,DIST,LANE_TYPE,CRASH_DATE,is_severe,index_right,CArea
15436,30,NO CONTROLS,NO CONTROLS,CLEAR,DAYLIGHT,PEDALCYCLIST,DIVIDED - W/MEDIAN (NOT RAISED),STRAIGHT AND LEVEL,DRY,NO DEFECTS,,FAILING TO YIELD RIGHT-OF-WAY,NOT APPLICABLE,,NO INDICATION OF INJURY,16,4,41.8275838968,-87.6824544425,2026,30,POINT (-87.6824544425 41.8275838968),,,,,2026-04-21,False,58,Mckinley Park
15437,25,TRAFFIC SIGNAL,FUNCTIONING PROPERLY,CLEAR,DAYLIGHT,PEDALCYCLIST,DIVIDED - W/MEDIAN (NOT RAISED),STRAIGHT AND LEVEL,DRY,NO DEFECTS,,IMPROPER TURNING/NO SIGNAL,IMPROPER OVERTAKING/PASSING,N,NO INDICATION OF INJURY,17,4,41.8864243326,-87.6261682817,2026,25,POINT (-87.6261682817 41.8864243326),,,,,2026-04-21,False,7,Near North Side
15438,30,UNKNOWN,UNKNOWN,UNKNOWN,DAYLIGHT,PEDALCYCLIST,NOT DIVIDED,STRAIGHT AND LEVEL,UNKNOWN,UNKNOWN,,UNABLE TO DETERMINE,UNABLE TO DETERMINE,,"REPORTED, NOT EVIDENT",17,4,41.9395354943,-87.7248065407,2026,30,POINT (-87.7248065407 41.9395354943),,,,,2026-04-21,False,15,Irving Park
15439,30,TRAFFIC SIGNAL,FUNCTIONING PROPERLY,CLEAR,DAYLIGHT,PEDALCYCLIST,OTHER,STRAIGHT AND LEVEL,DRY,NO DEFECTS,,FAILING TO YIELD RIGHT-OF-WAY,NOT APPLICABLE,,"REPORTED, NOT EVIDENT",17,4,41.8780633538,-87.6409256179,2026,30,POINT (-87.6409256179 41.8780633538),,,,,2026-04-21,False,27,Near West Side
15440,30,NO CONTROLS,NO CONTROLS,CLEAR,DAYLIGHT,PEDALCYCLIST,T-INTERSECTION,STRAIGHT AND LEVEL,DRY,NO DEFECTS,,IMPROPER LANE USAGE,IMPROPER LANE USAGE,,NO INDICATION OF INJURY,18,4,41.8230997978,-87.6047024451,2026,30,POINT (-87.6047024451 41.8230997978),,,,,2026-04-21,False,35,Oakland
15441,20,TRAFFIC SIGNAL,FUNCTIONING PROPERLY,CLEAR,DAYLIGHT,PEDALCYCLIST,FOUR WAY,STRAIGHT AND LEVEL,DRY,UNKNOWN,,NOT APPLICABLE,NOT APPLICABLE,,NO INDICATION OF INJURY,19,4,41.8819639609,-87.6354591712,2026,20,POINT (-87.6354591712 41.8819639609),,,,,2026-04-21,False,27,Near West Side
15442,30,NO CONTROLS,NO CONTROLS,CLOUDY/OVERCAST,"DARKNESS, LIGHTED ROAD",PEDALCYCLIST,DIVIDED - W/MEDIAN (NOT RAISED),STRAIGHT AND LEVEL,WET,NO DEFECTS,,UNABLE TO DETERMINE,NOT APPLICABLE,,NO INDICATION OF INJURY,19,4,41.8967365635,-87.6269971256,2026,30,POINT (-87.6269971256 41.8967365635),,,,,2026-04-21,False,7,Near North Side
15443,30,TRAFFIC SIGNAL,FUNCTIONING PROPERLY,CLEAR,"DARKNESS, LIGHTED ROAD",PEDALCYCLIST,DIVIDED - W/MEDIAN (NOT RAISED),STRAIGHT AND LEVEL,DRY,NO DEFECTS,Y,UNABLE TO DETERMINE,UNABLE TO DETERMINE,,NONINCAPACITATING INJURY,21,4,41.7558007246,-87.6733539734,2026,30,POINT (-87.6733539734 41.7558007246),,,,,2026-04-21,False,69,Ashburn
15444,30,NO CONTROLS,NO CONTROLS,CLEAR,DAYLIGHT,PEDALCYCLIST,NOT DIVIDED,STRAIGHT AND LEVEL,DRY,NO DEFECTS,,UNABLE TO DETERMINE,UNABLE TO DETERMINE,,NONINCAPACITATING INJURY,8,4,42.0174677258,-87.6994693589,2026,30,POINT (-87.6994693589 42.0174677258),,,,,2026-04-22,False,1,West Ridge
15445,30,TRAFFIC SIGNAL,FUNCTIONING PROPERLY,CLOUDY/OVERCAST,DAYLIGHT,PEDALCYCLIST,DIVIDED - W/MEDIAN (NOT RAISED),STRAIGHT AND LEVEL,UNKNOWN,UNKNOWN,,IMPROPER LANE USAGE,UNABLE TO DETERMINE,,NO INDICATION OF INJURY,8,4,41.885384998,-87.6768997981,2026,30,POINT (-87.6768997981 41.885384998),,,,,2026-04-22,False,27,Near West Side
15446,20,TRAFFIC SIGNAL,FUNCTIONING PROPERLY,CLEAR,DAYLIGHT,PEDALCYCLIST,NOT DIVIDED,STRAIGHT AND LEVEL,DRY,NO DEFECTS,Y,FAILING TO YIELD RIGHT-OF-WAY,NOT APPLICABLE,,NO INDICATION OF INJURY,10,4,41.8784817045,-87.6177284618,2026,20,POINT (-87.6177284618 41.8784817045),,,,,2026-04-22,False,31,Loop
15447,30,TRAFFIC SIGNAL,FUNCTIONING PROPERLY,CLEAR,DAYLIGHT,PEDALCYCLIST,NOT DIVIDED,STRAIGHT AND LEVEL,DRY,NO DEFECTS,,FAILING TO YIELD RIGHT-OF-WAY,UNABLE TO DETERMINE,,"REPORTED, NOT EVIDENT",15,4,41.9457089675,-87.7077133861,2026,30,POINT (-87.7077133861 41.9457089675),,,,,2026-04-22,False,15,Irving Park
15448,30,TRAFFIC SIGNAL,FUNCTIONING PROPERLY,CLEAR,DAYLIGHT,PEDALCYCLIST,FOUR WAY,STRAIGHT AND LEVEL,DRY,WORN SURFACE,Y,"VISION OBSCURED (SIGNS, TREE LIMBS, BUILDINGS, ETC.)",FAILING TO YIELD RIGHT-OF-WAY,,NONINCAPACITATING INJURY,18,4,41.8528716877,-87.6405636549,2026,30,POINT (-87.6405636549 41.8528716877),,,,,2026-04-22,False,30,Lower West Side
15449,30,NO CONTROLS,NO CONTROLS,CLEAR,DAYLIGHT,PEDALCYCLIST,NOT DIVIDED,STRAIGHT AND LEVEL,DRY,NO DEFECTS,,UNABLE TO DETERMINE,NOT APPLICABLE,Y,NO INDICATION OF INJURY,7,4,41.8998831536,-87.6633382777,2026,30,POINT (-87.6633382777 41.8998831536),,,,,2026-04-23,False,23,West Town
15450,35,NO CONTROLS,NO CONTROLS,CLEAR,DAYLIGHT,PEDALCYCLIST,NOT DIVIDED,STRAIGHT AND LEVEL,DRY,NO DEFECTS,,UNABLE TO DETERMINE,UNABLE TO DETERMINE,,NONINCAPACITATING INJURY,11,4,41.9182926221,-87.6777867964,2026,35,POINT (-87.6777867964 41.9182926221),,,,,2026-04-23,False,6,Lincoln Park
15451,30,NO CONTROLS,NO CONTROLS,CLEAR,DAYLIGHT,PEDALCYCLIST,NOT DIVIDED,STRAIGHT AND LEVEL,DRY,NO DEFECTS,,FAILING TO YIELD RIGHT-OF-WAY,FAILING TO YIELD RIGHT-OF-WAY,,"REPORTED, NOT EVIDENT",12,4,41.9662422798,-87.7376371833,2026,30,POINT (-87.7376371833 41.9662422798),,,,,2026-04-23,False,13,Albany Park
15452,30,TRAFFIC SIGNAL,FUNCTIONING PROPERLY,CLEAR,DAYLIGHT,PEDALCYCLIST,NOT DIVIDED,STRAIGHT AND LEVEL,DRY,NO DEFECTS,,UNABLE TO DETERMINE,NOT APPLICABLE,,NO INDICATION OF INJURY,13,4,41.8892748439,-87.634083718,2026,30,POINT (-87.634083718 41.8892748439),,,,,2026-04-23,False,7,Near North Side
15453,15,NO CONTROLS,NO CONTROLS,CLEAR,DAYLIGHT,PEDALCYCLIST,ALLEY,STRAIGHT AND LEVEL,DRY,NO DEFECTS,,"VISION OBSCURED (SIGNS, TREE LIMBS, BUILDINGS, ETC.)",UNABLE TO DETERMINE,,NONINCAPACITATING INJURY,14,4,41.9625091801,-87.6557877158,2026,15,POINT (-87.6557877158 41.9625091801),,,,,2026-04-23,False,2,Uptown
15454,30,NO CONTROLS,NO CONTROLS,CLEAR,DAYLIGHT,PEDALCYCLIST,NOT DIVIDED,STRAIGHT AND LEVEL,DRY,NO DEFECTS,,DRIVING SKILLS/KNOWLEDGE/EXPERIENCE,DRIVING SKILLS/KNOWLEDGE/EXPERIENCE,,NONINCAPACITATING INJURY,15,4,41.8613245128,-87.6255422594,2026,30,POINT (-87.6255422594 41.8613245128),,,,,2026-04-23,False,32,Near South Side
15455,30,OTHER,OTHER,CLEAR,DAYLIGHT,PEDALCYCLIST,NOT DIVIDED,STRAIGHT AND LEVEL,DRY,NO DEFECTS,,IMPROPER TURNING/NO SIGNAL,NOT APPLICABLE,,INCAPACITATING INJURY,16,4,41.9321746442,-87.6781700222,2026,30,POINT (-87.6781700222 41.9321746442),,,,,2026-04-23,True,6,Lincoln Park
15456,30,TRAFFIC SIGNAL,FUNCTIONING PROPERLY,CLEAR,DAYLIGHT,PEDALCYCLIST,DIVIDED - W/MEDIAN (NOT RAISED),STRAIGHT AND LEVEL,DRY,NO DEFECTS,,UNABLE TO DETERMINE,UNABLE TO DETERMINE,,NONINCAPACITATING INJURY,16,4,41.7369621819,-87.5902317829,2026,30,POINT (-87.5902317829 41.7369621819),,,,,2026-04-23,False,44,Avalon Park
15457,30,TRAFFIC SIGNAL,FUNCTIONING PROPERLY,CLEAR,DAYLIGHT,PEDALCYCLIST,NOT DIVIDED,STRAIGHT AND LEVEL,DRY,NO DEFECTS,,UNABLE TO DETERMINE,NOT APPLICABLE,,NONINCAPACITATING INJURY,17,4,41.7830176115,-87.6644540123,2026,30,POINT (-87.6644540123 41.7830176115),,,,,2026-04-23,False,66,Englewood
15458,30,TRAFFIC SIGNAL,FUNCTIONING PROPERLY,CLEAR,DAYLIGHT,PEDALCYCLIST,DIVIDED - W/MEDIAN (NOT RAISED),STRAIGHT AND LEVEL,DRY,NO DEFECTS,,IMPROPER TURNING/NO SIGNAL,IMPROPER TURNING/NO SIGNAL,,NONINCAPACITATING INJURY,17,4,41.9321146395,-87.7097292171,2026,30,POINT (-87.7097292171 41.9321146395),,,,,2026-04-23,False,20,Avondale
15459,30,NO CONTROLS,NO CONTROLS,CLEAR,DAYLIGHT,PEDALCYCLIST,PARKING LOT,STRAIGHT AND LEVEL,DRY,NO DEFECTS,,UNABLE TO DETERMINE,UNABLE TO DETERMINE,,NO INDICATION OF INJURY,18,4,41.8018212807,-87.6452030522,2026,30,POINT (-87.6452030522 41.8018212807),,,,,2026-04-23,False,60,New City
15460,30,STOP SIGN/FLASHER,FUNCTIONING PROPERLY,CLEAR,DAYLIGHT,PEDALCYCLIST,FOUR WAY,STRAIGHT AND LEVEL,DRY,NO DEFECTS,,FAILING TO YIELD RIGHT-OF-WAY,DRIVING SKILLS/KNOWLEDGE/EXPERIENCE,,NO INDICATION OF INJURY,7,4,41.8715305393,-87.6688882131,2026,30,POINT (-87.6688882131 41.8715305393),,,,,2026-04-24,False,27,Near West Side
15461,30,STOP SIGN/FLASHER,UNKNOWN,CLEAR,DAYLIGHT,PEDALCYCLIST,NOT DIVIDED,STRAIGHT AND LEVEL,DRY,NO DEFECTS,,NOT APPLICABLE,NOT APPLICABLE,,INCAPACITATING INJURY,8,4,41.7868989906,-87.6461203993,2026,30,POINT (-87.6461203993 41.7868989906),,,,,2026-04-24,True,67,Englewood
15462,30,TRAFFIC SIGNAL,UNKNOWN,CLEAR,DAYLIGHT,PEDALCYCLIST,NOT DIVIDED,STRAIGHT AND LEVEL,UNKNOWN,UNKNOWN,Y,UNABLE TO DETERMINE,UNABLE TO DETERMINE,,NO INDICATION OF INJURY,14,4,41.7729591024,-87.6107682923,2026,30,POINT (-87.6107682923 41.7729591024),,,,,2026-04-24,False,41,Woodlawn
15463,25,STOP SIGN/FLASHER,FUNCTIONING PROPERLY,CLEAR,DAYLIGHT,PEDALCYCLIST,FOUR WAY,STRAIGHT AND LEVEL,DRY,UNKNOWN,Y,UNABLE TO DETERMINE,NOT APPLICABLE,,NO INDICATION OF INJURY,16,4,41.9366007052,-87.7859357639,2026,25,POINT (-87.7859357639 41.9366007052),,,,,2026-04-24,False,16,Dunning
15464,15,NO CONTROLS,NO CONTROLS,CLEAR,DAYLIGHT,PEDALCYCLIST,ALLEY,STRAIGHT AND LEVEL,DRY,UNKNOWN,Y,IMPROPER LANE USAGE,FAILING TO REDUCE SPEED TO AVOID CRASH,,NONINCAPACITATING INJURY,16,4,41.9909145942,-87.6983449193,2026,15,POINT (-87.6983449193 41.9909145942),,,,,2026-04-24,False,1,West Ridge
15465,30,UNKNOWN,UNKNOWN,UNKNOWN,UNKNOWN,PEDALCYCLIST,NOT DIVIDED,STRAIGHT AND LEVEL,UNKNOWN,UNKNOWN,,UNABLE TO DETERMINE,NOT APPLICABLE,Y,"REPORTED, NOT EVIDENT",18,4,41.9438456011,-87.6637819346,2026,30,POINT (-87.6637819346 41.9438456011),,,,,2026-04-24,False,5,Lake View
15466,30,TRAFFIC SIGNAL,FUNCTIONING PROPERLY,CLEAR,DAYLIGHT,PEDALCYCLIST,TRAFFIC ROUTE,STRAIGHT AND LEVEL,DRY,NO DEFECTS,Y,FAILING TO YIELD RIGHT-OF-WAY,UNABLE TO DETERMINE,,NONINCAPACITATING INJURY,19,4,41.8793258446,-87.6294875723,2026,30,POINT (-87.6294875723 41.8793258446),,,,,2026-04-24,False,31,Loop
15467,30,NO CONTROLS,NO CONTROLS,CLEAR,"DARKNESS, LIGHTED ROAD",PEDALCYCLIST,NOT DIVIDED,STRAIGHT AND LEVEL,DRY,NO DEFECTS,,UNABLE TO DETERMINE,NOT APPLICABLE,,"REPORTED, NOT EVIDENT",20,4,41.7897946297,-87.7033054669,2026,30,POINT (-87.7033054669 41.7897946297),,,,,2026-04-24,False,62,Gage Park
15468,30,NO CONTROLS,NO CONTROLS,CLEAR,DAYLIGHT,PEDALCYCLIST,ONE-WAY,STRAIGHT AND LEVEL,DRY,NO DEFECTS,,DRIVING SKILLS/KNOWLEDGE/EXPERIENCE,NOT APPLICABLE,,NO INDICATION OF INJURY,10,4,41.8819840918,-87.6255098225,2026,30,POINT (-87.6255098225 41.8819840918),,,,,2026-04-25,False,31,Loop
15469,25,UNKNOWN,UNKNOWN,CLEAR,DAYLIGHT,PEDALCYCLIST,ONE-WAY,STRAIGHT AND LEVEL,UNKNOWN,UNKNOWN,,UNABLE TO DETERMINE,NOT APPLICABLE,,INCAPACITATING INJURY,13,4,41.8920373514,-87.6368979999,2026,25,POINT (-87.6368979999 41.8920373514),,,,,2026-04-25,True,7,Near North Side
15470,30,NO CONTROLS,NO CONTROLS,CLEAR,DAYLIGHT,PEDALCYCLIST,NOT DIVIDED,STRAIGHT AND LEVEL,DRY,NO DEFECTS,,UNABLE TO DETERMINE,NOT APPLICABLE,,NONINCAPACITATING INJURY,14,4,41.9328475608,-87.6481703563,2026,30,POINT (-87.6481703563 41.9328475608),,,,,2026-04-25,False,5,Lake View
15471,30,NO CONTROLS,NO CONTROLS,CLEAR,DAYLIGHT,PEDALCYCLIST,ALLEY,STRAIGHT AND LEVEL,DRY,NO DEFECTS,,FAILING TO YIELD RIGHT-OF-WAY,FAILING TO REDUCE SPEED TO AVOID CRASH,,NONINCAPACITATING INJURY,18,4,41.7721430133,-87.7028312075,2026,30,POINT (-87.7028312075 41.7721430133),,,,,2026-04-25,False,65,Chicago Lawn
15472,30,TRAFFIC SIGNAL,FUNCTIONING PROPERLY,CLEAR,DARKNESS,PEDALCYCLIST,DIVIDED - W/MEDIAN (NOT RAISED),STRAIGHT AND LEVEL,DRY,UNKNOWN,,DRIVING SKILLS/KNOWLEDGE/EXPERIENCE,NOT APPLICABLE,Y,NONINCAPACITATING INJURY,19,4,41.8906683928,-87.6346307542,2026,30,POINT (-87.6346307542 41.8906683928),,,,,2026-04-25,False,7,Near North Side
15473,30,NO CONTROLS,NO CONTROLS,CLEAR,"DARKNESS, LIGHTED ROAD",PEDALCYCLIST,NOT DIVIDED,STRAIGHT AND LEVEL,DRY,UNKNOWN,,UNABLE TO DETERMINE,UNABLE TO DETERMINE,,"REPORTED, NOT EVIDENT",21,4,41.904396736,-87.6301468334,2026,30,POINT (-87.6301468334 41.904396736),,,,,2026-04-25,False,7,Near North Side
15474,30,NO CONTROLS,NO CONTROLS,CLEAR,"DARKNESS, LIGHTED ROAD",PEDALCYCLIST,NOT DIVIDED,STRAIGHT AND LEVEL,DRY,NO DEFECTS,,UNABLE TO DETERMINE,NOT APPLICABLE,,NONINCAPACITATING INJURY,0,4,41.9435057076,-87.6495188387,2026,30,POINT (-87.6495188387 41.9435057076),,,,,2026-04-26,False,5,Lake View
15475,20,STOP SIGN/FLASHER,FUNCTIONING PROPERLY,CLEAR,"DARKNESS, LIGHTED ROAD",PEDALCYCLIST,FOUR WAY,STRAIGHT AND LEVEL,DRY,NO DEFECTS,Y,DISREGARDING STOP SIGN,FAILING TO REDUCE SPEED TO AVOID CRASH,,NONINCAPACITATING INJURY,1,4,41.9594928505,-87.6997814777,2026,20,POINT (-87.6997814777 41.9594928505),,,,,2026-04-26,False,15,Irving Park
15476,25,UNKNOWN,UNKNOWN,CLEAR,"DARKNESS, LIGHTED ROAD",PEDALCYCLIST,NOT DIVIDED,STRAIGHT AND LEVEL,UNKNOWN,UNKNOWN,,FAILING TO YIELD RIGHT-OF-WAY,UNABLE TO DETERMINE,,NONINCAPACITATING INJURY,2,4,41.9671937037,-87.6587843439,2026,25,POINT (-87.6587843439 41.9671937037),,,,,2026-04-26,False,2,Uptown
15477,25,NO CONTROLS,NO CONTROLS,CLEAR,DAYLIGHT,PEDALCYCLIST,NOT DIVIDED,STRAIGHT AND LEVEL,DRY,NO DEFECTS,,UNABLE TO DETERMINE,UNABLE TO DETERMINE,,NO INDICATION OF INJURY,12,4,42.0048656319,-87.6753560253,2026,25,POINT (-87.6753560253 42.0048656319),,,,,2026-04-26,False,0,Rogers Park
15478,30,STOP SIGN/FLASHER,FUNCTIONING PROPERLY,CLEAR,DAYLIGHT,PEDALCYCLIST,T-INTERSECTION,STRAIGHT AND LEVEL,DRY,NO DEFECTS,,IMPROPER OVERTAKING/PASSING,DRIVING ON WRONG SIDE/WRONG WAY,,"REPORTED, NOT EVIDENT",13,4,41.7074364499,-87.6041600097,2026,30,POINT (-87.6041600097 41.7074364499),,,,,2026-04-26,False,48,Roseland
15479,30,UNKNOWN,UNKNOWN,CLEAR,DAYLIGHT,PEDALCYCLIST,FOUR WAY,STRAIGHT AND LEVEL,DRY,UNKNOWN,,IMPROPER LANE USAGE,NOT APPLICABLE,,NO INDICATION OF INJURY,15,4,41.8642632747,-87.6256076591,2026,30,POINT (-87.6256076591 41.8642632747),,,,,2026-04-26,False,32,Near South Side
15480,30,NO CONTROLS,NO CONTROLS,CLEAR,DAYLIGHT,PEDALCYCLIST,ALLEY,STRAIGHT AND LEVEL,DRY,NO DEFECTS,,"VISION OBSCURED (SIGNS, TREE LIMBS, BUILDINGS, ETC.)",UNABLE TO DETERMINE,,NONINCAPACITATING INJURY,17,4,41.927485234,-87.783074309,2026,30,POINT (-87.783074309 41.927485234),,,,,2026-04-26,False,18,Belmont Cragin
15481,30,NO CONTROLS,NO CONTROLS,CLEAR,DAYLIGHT,PEDALCYCLIST,NOT REPORTED,STRAIGHT AND LEVEL,DRY,NO DEFECTS,Y,FAILING TO YIELD RIGHT-OF-WAY,FAILING TO YIELD RIGHT-OF-WAY,,NO INDICATION OF INJURY,17,4,41.9064217737,-87.7204838547,2026,30,POINT (-87.7204838547 41.9064217737),,,,,2026-04-26,False,22,Humboldt Park
15482,30,NO CONTROLS,NO CONTROLS,CLEAR,DAYLIGHT,PEDALCYCLIST,NOT DIVIDED,STRAIGHT AND LEVEL,DRY,NO DEFECTS,Y,UNABLE TO DETERMINE,UNABLE TO DETERMINE,,"REPORTED, NOT EVIDENT",18,4,41.8984671464,-87.7568537623,2026,30,POINT (-87.7568537623 41.8984671464),,,,,2026-04-26,False,24,Austin
15483,30,TRAFFIC SIGNAL,UNKNOWN,UNKNOWN,UNKNOWN,PEDALCYCLIST,DIVIDED - W/MEDIAN (NOT RAISED),STRAIGHT AND LEVEL,UNKNOWN,UNKNOWN,Y,UNABLE TO DETERMINE,NOT APPLICABLE,,NONINCAPACITATING INJURY,21,4,42.0119771559,-87.7086716342,2026,30,POINT (-87.7086716342 42.0119771559),,,,,2026-04-26,False,1,West Ridge
15484,25,NO CONTROLS,NO CONTROLS,RAIN,DAYLIGHT,PEDALCYCLIST,NOT DIVIDED,STRAIGHT AND LEVEL,WET,NO DEFECTS,N,UNABLE TO DETERMINE,NOT APPLICABLE,,INCAPACITATING INJURY,7,4,41.895264177,-87.6673905495,2026,25,POINT (-87.6673905495 41.895264177),,,,,2026-04-27,True,23,West Town
15485,30,UNKNOWN,UNKNOWN,UNKNOWN,UNKNOWN,PEDALCYCLIST,ROUNDABOUT,STRAIGHT AND LEVEL,UNKNOWN,UNKNOWN,,UNABLE TO DETERMINE,NOT APPLICABLE,,NONINCAPACITATING INJURY,15,4,41.9130589265,-87.7717313586,2026,30,POINT (-87.7717313586 41.9130589265),,,,,2026-04-27,False,24,Austin
15486,30,NO CONTROLS,NO CONTROLS,CLEAR,DAYLIGHT,PEDALCYCLIST,DIVIDED - W/MEDIAN (NOT RAISED),STRAIGHT AND LEVEL,UNKNOWN,UNKNOWN,,UNABLE TO DETERMINE,NOT APPLICABLE,,NO INDICATION OF INJURY,16,4,41.9172967249,-87.7572636221,2026,30,POINT (-87.7572636221 41.9172967249),,,,,2026-04-27,False,18,Belmont Cragin
15487,30,NO CONTROLS,NO CONTROLS,CLEAR,DAYLIGHT,PEDALCYCLIST,NOT DIVIDED,STRAIGHT AND LEVEL,DRY,UNKNOWN,,UNABLE TO DETERMINE,UNABLE TO DETERMINE,,NO INDICATION OF INJURY,9,4,41.9009128005,-87.6432581249,2026,30,POINT (-87.6432581249 41.9009128005),,,,,2026-04-28,False,7,Near North Side
15488,30,NO CONTROLS,NO CONTROLS,CLEAR,DAYLIGHT,PEDALCYCLIST,NOT DIVIDED,STRAIGHT AND LEVEL,DRY,NO DEFECTS,,FAILING TO YIELD RIGHT-OF-WAY,UNABLE TO DETERMINE,,"REPORTED, NOT EVIDENT",11,4,41.9413540906,-87.6442940901,2026,30,POINT (-87.6442940901 41.9413540906),,,,,2026-04-28,False,5,Lake View
15489,30,NO CONTROLS,NO CONTROLS,CLEAR,DAYLIGHT,PEDALCYCLIST,NOT DIVIDED,STRAIGHT AND LEVEL,DRY,NO DEFECTS,,NOT APPLICABLE,NOT APPLICABLE,,NO INDICATION OF INJURY,12,4,41.9236853126,-87.7777710189,2026,30,POINT (-87.7777710189 41.9236853126),,,,,2026-04-28,False,18,Belmont Cragin
15490,30,STOP SIGN/FLASHER,NO CONTROLS,CLEAR,DAYLIGHT,PEDALCYCLIST,NOT DIVIDED,STRAIGHT AND LEVEL,DRY,NO DEFECTS,,FAILING TO YIELD RIGHT-OF-WAY,NOT APPLICABLE,,NO INDICATION OF INJURY,15,4,41.8625813386,-87.6562241328,2026,30,POINT (-87.6562241328 41.8625813386),,,,,2026-04-28,False,27,Near West Side
15491,30,NO CONTROLS,NO CONTROLS,CLEAR,DAYLIGHT,PEDALCYCLIST,NOT DIVIDED,STRAIGHT AND LEVEL,DRY,NO DEFECTS,,IMPROPER OVERTAKING/PASSING,UNABLE TO DETERMINE,,NONINCAPACITATING INJURY,17,4,41.9091269881,-87.6752852022,2026,30,POINT (-87.6752852022 41.9091269881),,,,,2026-04-28,False,23,West Town
15492,25,NO CONTROLS,NO CONTROLS,CLEAR,DUSK,PEDALCYCLIST,DIVIDED - W/MEDIAN (NOT RAISED),STRAIGHT AND LEVEL,DRY,NO DEFECTS,Y,IMPROPER TURNING/NO SIGNAL,FAILING TO YIELD RIGHT-OF-WAY,,NONINCAPACITATING INJURY,19,4,41.9440003114,-87.6453883057,2026,25,POINT (-87.6453883057 41.9440003114),,,,,2026-04-28,False,5,Lake View
15493,30,STOP SIGN/FLASHER,FUNCTIONING PROPERLY,CLEAR,DARKNESS,PEDALCYCLIST,FOUR WAY,STRAIGHT AND LEVEL,DRY,UNKNOWN,,DISREGARDING STOP SIGN,"VISION OBSCURED (SIGNS, TREE LIMBS, BUILDINGS, ETC.)",,NONINCAPACITATING INJURY,20,4,41.9486784145,-87.642330718,2026,30,POINT (-87.642330718 41.9486784145),,,,,2026-04-28,False,5,Lake View
15494,30,NO CONTROLS,NO CONTROLS,CLOUDY/OVERCAST,DAYLIGHT,PEDALCYCLIST,DRIVEWAY,STRAIGHT ON GRADE,DRY,UNKNOWN,Y,UNABLE TO DETERMINE,UNABLE TO DETERMINE,,NONINCAPACITATING INJURY,6,4,41.9092296625,-87.7686248443,2026,30,POINT (-87.7686248443 41.9092296625),,,,,2026-04-29,False,24,Austin
15495,30,STOP SIGN/FLASHER,NO CONTROLS,CLEAR,DAYLIGHT,PEDALCYCLIST,NOT DIVIDED,STRAIGHT AND LEVEL,DRY,NO DEFECTS,,UNABLE TO DETERMINE,NOT APPLICABLE,,NO INDICATION OF INJURY,8,4,41.9303430876,-87.7491593918,2026,30,POINT (-87.7491593918 41.9303430876),,,,,2026-04-29,False,18,Belmont Cragin
15496,30,NO CONTROLS,NO CONTROLS,CLEAR,DAYLIGHT,PEDALCYCLIST,NOT DIVIDED,STRAIGHT AND LEVEL,DRY,NO DEFECTS,,UNABLE TO DETERMINE,UNABLE TO DETERMINE,,NONINCAPACITATING INJURY,9,4,41.9633979523,-87.7280431269,2026,30,POINT (-87.7280431269 41.9633979523),,,,,2026-04-29,False,13,Albany Park
15497,30,UNKNOWN,UNKNOWN,CLEAR,DAYLIGHT,PEDALCYCLIST,NOT DIVIDED,STRAIGHT AND LEVEL,DRY,NO DEFECTS,,UNABLE TO DETERMINE,NOT APPLICABLE,,NONINCAPACITATING INJURY,13,4,41.9610669915,-87.654582261,2026,30,POINT (-87.654582261 41.9610669915),,,,,2026-04-29,False,2,Uptown
15498,30,UNKNOWN,UNKNOWN,CLEAR,DUSK,PEDALCYCLIST,NOT DIVIDED,STRAIGHT AND LEVEL,DRY,NO DEFECTS,,UNABLE TO DETERMINE,NOT APPLICABLE,,NONINCAPACITATING INJURY,18,4,41.9490108833,-87.6581428748,2026,30,POINT (-87.6581428748 41.9490108833),,,,,2026-04-29,False,5,Lake View
15499,35,TRAFFIC SIGNAL,FUNCTIONING PROPERLY,CLEAR,"DARKNESS, LIGHTED ROAD",PEDALCYCLIST,FOUR WAY,STRAIGHT AND LEVEL,DRY,NO DEFECTS,Y,IMPROPER TURNING/NO SIGNAL,FAILING TO REDUCE SPEED TO AVOID CRASH,,NONINCAPACITATING INJURY,23,4,41.8379359388,-87.6264368925,2026,35,POINT (-87.6264368925 41.8379359388),,,,,2026-04-29,False,34,Douglas
15500,30,UNKNOWN,UNKNOWN,UNKNOWN,UNKNOWN,PEDALCYCLIST,T-INTERSECTION,STRAIGHT AND LEVEL,UNKNOWN,UNKNOWN,Y,UNABLE TO DETERMINE,NOT APPLICABLE,,NONINCAPACITATING INJURY,21,4,41.9964083631,-87.6703720112,2026,30,POINT (-87.6703720112 41.9964083631),,,,,2026-04-30,False,76,Edgewater
15501,30,NO CONTROLS,NO CONTROLS,CLEAR,DAYLIGHT,PEDALCYCLIST,ONE-WAY,STRAIGHT AND LEVEL,DRY,NO DEFECTS,N,DRIVING SKILLS/KNOWLEDGE/EXPERIENCE,UNABLE TO DETERMINE,,NO INDICATION OF INJURY,8,5,41.8780576524,-87.6292689446,2026,30,POINT (-87.6292689446 41.8780576524),,,,,2026-05-01,False,31,Loop