Unnamed: 0,POSTED_SPEED_LIMIT,TRAFFIC_CONTROL_DEVICE,DEVICE_CONDITION,WEATHER_CONDITION,LIGHTING_CONDITION,FIRST_CRASH_TYPE,TRAFFICWAY_TYPE,ALIGNMENT,ROADWAY_SURFACE_COND,ROAD_DEFECT,INTERSECTION_RELATED_I,PRIM_CONTRIBUTORY_CAUSE,SEC_CONTRIBUTORY_CAUSE,DOORING_I,MOST_SEVERE_INJURY,CRASH_HOUR,CRASH_MONTH,LATITUDE,LONGITUDE,CRASH_YEAR,SPEED_LIMIT,geometry,DISPLAYROU,the_geom,DIST,LANE_TYPE,CRASH_DATE,is_severe,index_right,CArea
15502,30,NO CONTROLS,NO CONTROLS,CLEAR,DAYLIGHT,PEDALCYCLIST,ONE-WAY,STRAIGHT AND LEVEL,DRY,NO DEFECTS,,IMPROPER TURNING/NO SIGNAL,NOT APPLICABLE,,NO INDICATION OF INJURY,13,5,41.9452966181,-87.653771405,2026,30,POINT (-87.653771405 41.9452966181),,,,,2026-05-01,False,5,Lake View
15503,25,TRAFFIC SIGNAL,FUNCTIONING PROPERLY,CLEAR,DAYLIGHT,PEDALCYCLIST,NOT DIVIDED,STRAIGHT AND LEVEL,DRY,NO DEFECTS,,IMPROPER LANE USAGE,UNABLE TO DETERMINE,,"REPORTED, NOT EVIDENT",15,5,41.8941107478,-87.6333556051,2026,25,POINT (-87.6333556051 41.8941107478),,,,,2026-05-01,False,7,Near North Side
15504,30,STOP SIGN/FLASHER,FUNCTIONING PROPERLY,CLEAR,DAYLIGHT,PEDALCYCLIST,OTHER,STRAIGHT AND LEVEL,DRY,NO DEFECTS,,UNABLE TO DETERMINE,UNABLE TO DETERMINE,,NONINCAPACITATING INJURY,16,5,41.8830228067,-87.6886774398,2026,30,POINT (-87.6886774398 41.8830228067),,,,,2026-05-01,False,26,Garfield Park
15505,30,STOP SIGN/FLASHER,NO CONTROLS,RAIN,DARKNESS,PEDALCYCLIST,DIVIDED - W/MEDIAN (NOT RAISED),STRAIGHT AND LEVEL,WET,NO DEFECTS,Y,FAILING TO YIELD RIGHT-OF-WAY,NOT APPLICABLE,,NO INDICATION OF INJURY,21,5,41.9738950977,-87.8416188257,2026,30,POINT (-87.8416188257 41.9738950977),,,,,2026-05-01,False,75,O'Hare
15506,30,STOP SIGN/FLASHER,FUNCTIONING PROPERLY,CLEAR,"DARKNESS, LIGHTED ROAD",PEDALCYCLIST,FOUR WAY,STRAIGHT AND LEVEL,UNKNOWN,UNKNOWN,Y,DISREGARDING STOP SIGN,DISREGARDING STOP SIGN,,NONINCAPACITATING INJURY,1,5,41.9030456502,-87.629893203,2026,30,POINT (-87.629893203 41.9030456502),,,,,2026-05-02,False,7,Near North Side
15507,25,TRAFFIC SIGNAL,FUNCTIONING PROPERLY,CLEAR,DAYLIGHT,PEDALCYCLIST,DIVIDED - W/MEDIAN (NOT RAISED),STRAIGHT AND LEVEL,DRY,NO DEFECTS,Y,DISREGARDING TRAFFIC SIGNALS,FAILING TO YIELD RIGHT-OF-WAY,N,NONINCAPACITATING INJURY,7,5,41.9567961257,-87.7767562949,2026,25,POINT (-87.7767562949 41.9567961257),,,,,2026-05-02,False,14,Portage Park
15508,30,NO CONTROLS,NO CONTROLS,CLEAR,DAYLIGHT,PEDALCYCLIST,DIVIDED - W/MEDIAN (NOT RAISED),STRAIGHT AND LEVEL,DRY,NO DEFECTS,,FAILING TO YIELD RIGHT-OF-WAY,UNABLE TO DETERMINE,,NONINCAPACITATING INJURY,12,5,41.7965921083,-87.582423951,2026,30,POINT (-87.582423951 41.7965921083),,,,,2026-05-02,False,40,Hyde Park
15509,30,NO CONTROLS,NO CONTROLS,CLEAR,DAYLIGHT,PEDALCYCLIST,NOT DIVIDED,STRAIGHT AND LEVEL,DRY,UNKNOWN,,IMPROPER LANE USAGE,FAILING TO REDUCE SPEED TO AVOID CRASH,,NONINCAPACITATING INJURY,14,5,41.8965844644,-87.6269141463,2026,30,POINT (-87.6269141463 41.8965844644),,,,,2026-05-02,False,7,Near North Side
15510,30,NO CONTROLS,NO CONTROLS,CLEAR,DAYLIGHT,PEDALCYCLIST,NOT DIVIDED,STRAIGHT AND LEVEL,DRY,NO DEFECTS,,IMPROPER OVERTAKING/PASSING,IMPROPER OVERTAKING/PASSING,,NO INDICATION OF INJURY,16,5,41.9442328807,-87.6543843131,2026,30,POINT (-87.6543843131 41.9442328807),,,,,2026-05-02,False,5,Lake View
15511,30,NO CONTROLS,NO CONTROLS,CLEAR,DAYLIGHT,PEDALCYCLIST,DIVIDED - W/MEDIAN (NOT RAISED),STRAIGHT AND LEVEL,UNKNOWN,UNKNOWN,,FAILING TO REDUCE SPEED TO AVOID CRASH,NOT APPLICABLE,,NO INDICATION OF INJURY,16,5,41.9025787936,-87.6315563784,2026,30,POINT (-87.6315563784 41.9025787936),,,,,2026-05-02,False,7,Near North Side
15512,30,TRAFFIC SIGNAL,FUNCTIONING PROPERLY,CLEAR,DAYLIGHT,PEDALCYCLIST,NOT DIVIDED,STRAIGHT AND LEVEL,DRY,NO DEFECTS,,FAILING TO YIELD RIGHT-OF-WAY,NOT APPLICABLE,,NONINCAPACITATING INJURY,16,5,41.9030050392,-87.6657065445,2026,30,POINT (-87.6657065445 41.9030050392),,,,,2026-05-02,False,23,West Town
15513,30,NO CONTROLS,NO CONTROLS,CLEAR,DAYLIGHT,PEDALCYCLIST,NOT DIVIDED,STRAIGHT AND LEVEL,DRY,NO DEFECTS,,UNABLE TO DETERMINE,UNABLE TO DETERMINE,,"REPORTED, NOT EVIDENT",17,5,41.9284630268,-87.7088985749,2026,30,POINT (-87.7088985749 41.9284630268),,,,,2026-05-02,False,21,Logan Square
15514,30,NO CONTROLS,NO CONTROLS,CLEAR,"DARKNESS, LIGHTED ROAD",PEDALCYCLIST,DIVIDED - W/MEDIAN (NOT RAISED),STRAIGHT AND LEVEL,UNKNOWN,UNKNOWN,,DRIVING SKILLS/KNOWLEDGE/EXPERIENCE,UNABLE TO DETERMINE,,NO INDICATION OF INJURY,17,5,41.9152499868,-87.6342932681,2026,30,POINT (-87.6342932681 41.9152499868),,,,,2026-05-02,False,6,Lincoln Park
15515,30,TRAFFIC SIGNAL,FUNCTIONING PROPERLY,CLEAR,DAYLIGHT,PEDALCYCLIST,NOT DIVIDED,STRAIGHT AND LEVEL,DRY,NO DEFECTS,,BICYCLE ADVANCING LEGALLY ON RED LIGHT,DISREGARDING TRAFFIC SIGNALS,,NONINCAPACITATING INJURY,18,5,41.9318210699,-87.717046777,2026,30,POINT (-87.717046777 41.9318210699),,,,,2026-05-02,False,20,Avondale
15516,20,NO CONTROLS,NO CONTROLS,CLEAR,DUSK,PEDALCYCLIST,DIVIDED - W/MEDIAN (NOT RAISED),STRAIGHT AND LEVEL,DRY,NO DEFECTS,,FAILING TO YIELD RIGHT-OF-WAY,UNABLE TO DETERMINE,,"REPORTED, NOT EVIDENT",19,5,41.9606525412,-87.6834845306,2026,20,POINT (-87.6834845306 41.9606525412),,,,,2026-05-02,False,4,North Center
15517,20,NO CONTROLS,NO CONTROLS,CLEAR,DAYLIGHT,PEDALCYCLIST,NOT DIVIDED,STRAIGHT AND LEVEL,DRY,NO DEFECTS,,IMPROPER LANE USAGE,NOT APPLICABLE,Y,INCAPACITATING INJURY,19,5,41.9061969369,-87.6706986598,2026,20,POINT (-87.6706986598 41.9061969369),,,,,2026-05-02,True,23,West Town
15518,30,TRAFFIC SIGNAL,FUNCTIONING PROPERLY,CLEAR,"DARKNESS, LIGHTED ROAD",PEDALCYCLIST,NOT DIVIDED,STRAIGHT AND LEVEL,DRY,NO DEFECTS,,UNABLE TO DETERMINE,UNABLE TO DETERMINE,,NONINCAPACITATING INJURY,21,5,41.8723396616,-87.6276883735,2026,30,POINT (-87.6276883735 41.8723396616),,,,,2026-05-02,False,31,Loop
15519,30,TRAFFIC SIGNAL,FUNCTIONING PROPERLY,CLOUDY/OVERCAST,DAYLIGHT,PEDALCYCLIST,FOUR WAY,STRAIGHT AND LEVEL,DRY,UNKNOWN,,DISREGARDING TRAFFIC SIGNALS,NOT APPLICABLE,,NO INDICATION OF INJURY,9,5,41.8954838737,-87.6342473729,2026,30,POINT (-87.6342473729 41.8954838737),,,,,2026-05-03,False,7,Near North Side
15520,30,NO CONTROLS,NO CONTROLS,CLOUDY/OVERCAST,DAYLIGHT,PEDALCYCLIST,NOT DIVIDED,STRAIGHT AND LEVEL,DRY,NO DEFECTS,,UNABLE TO DETERMINE,UNABLE TO DETERMINE,Y,NO INDICATION OF INJURY,12,5,41.9101440596,-87.6768750252,2026,30,POINT (-87.6768750252 41.9101440596),,,,,2026-05-03,False,23,West Town
15521,20,STOP SIGN/FLASHER,NO CONTROLS,CLEAR,DAYLIGHT,PEDALCYCLIST,NOT DIVIDED,STRAIGHT AND LEVEL,DRY,NO DEFECTS,,UNABLE TO DETERMINE,UNABLE TO DETERMINE,Y,"REPORTED, NOT EVIDENT",15,5,41.9488694033,-87.6584649654,2026,20,POINT (-87.6584649654 41.9488694033),,,,,2026-05-03,False,5,Lake View
15522,30,NO CONTROLS,NO CONTROLS,CLEAR,DAYLIGHT,PEDALCYCLIST,DIVIDED - W/MEDIAN (NOT RAISED),STRAIGHT AND LEVEL,DRY,NO DEFECTS,,FAILING TO REDUCE SPEED TO AVOID CRASH,NOT APPLICABLE,,NO INDICATION OF INJURY,16,5,41.9858696074,-87.6635035845,2026,30,POINT (-87.6635035845 41.9858696074),,,,,2026-05-03,False,76,Edgewater
15523,30,NO CONTROLS,NO CONTROLS,CLEAR,DAYLIGHT,PEDALCYCLIST,DIVIDED - W/MEDIAN (NOT RAISED),STRAIGHT AND LEVEL,UNKNOWN,UNKNOWN,Y,UNABLE TO DETERMINE,NOT APPLICABLE,,INCAPACITATING INJURY,16,5,41.9354835365,-87.717142045,2026,30,POINT (-87.717142045 41.9354835365),,,,,2026-05-03,True,20,Avondale
15524,30,STOP SIGN/FLASHER,FUNCTIONING PROPERLY,CLEAR,DAYLIGHT,PEDALCYCLIST,FOUR WAY,STRAIGHT AND LEVEL,DRY,NO DEFECTS,Y,UNABLE TO DETERMINE,UNABLE TO DETERMINE,,NONINCAPACITATING INJURY,16,5,41.9159435072,-87.6725640313,2026,30,POINT (-87.6725640313 41.9159435072),,,,,2026-05-03,False,6,Lincoln Park
15525,30,STOP SIGN/FLASHER,FUNCTIONING PROPERLY,CLEAR,DAYLIGHT,PEDALCYCLIST,NOT DIVIDED,STRAIGHT AND LEVEL,DRY,NO DEFECTS,,DISREGARDING STOP SIGN,NOT APPLICABLE,,NO INDICATION OF INJURY,17,5,41.8044946628,-87.5843211322,2026,30,POINT (-87.5843211322 41.8044946628),,,,,2026-05-03,False,38,Kenwood
15526,30,NO CONTROLS,NO CONTROLS,CLEAR,DAYLIGHT,PEDALCYCLIST,NOT DIVIDED,STRAIGHT AND LEVEL,UNKNOWN,UNKNOWN,,UNABLE TO DETERMINE,NOT APPLICABLE,,NONINCAPACITATING INJURY,18,5,41.8918749607,-87.6767899993,2026,30,POINT (-87.6767899993 41.8918749607),,,,,2026-05-03,False,23,West Town
15527,30,TRAFFIC SIGNAL,FUNCTIONING PROPERLY,CLEAR,DAYLIGHT,PEDALCYCLIST,NOT DIVIDED,STRAIGHT AND LEVEL,DRY,NO DEFECTS,,FAILING TO YIELD RIGHT-OF-WAY,UNABLE TO DETERMINE,,"REPORTED, NOT EVIDENT",18,5,41.8909056931,-87.6331719979,2026,30,POINT (-87.6331719979 41.8909056931),,,,,2026-05-03,False,7,Near North Side
15528,30,NO CONTROLS,NO CONTROLS,CLEAR,DAYLIGHT,PEDALCYCLIST,NOT DIVIDED,STRAIGHT AND LEVEL,DRY,NO DEFECTS,,FAILING TO YIELD RIGHT-OF-WAY,DRIVING SKILLS/KNOWLEDGE/EXPERIENCE,,"REPORTED, NOT EVIDENT",18,5,41.8559932829,-87.6257174258,2026,30,POINT (-87.6257174258 41.8559932829),,,,,2026-05-03,False,32,Near South Side
15529,30,TRAFFIC SIGNAL,FUNCTIONING PROPERLY,CLEAR,DAYLIGHT,PEDALCYCLIST,FOUR WAY,STRAIGHT AND LEVEL,DRY,NO DEFECTS,Y,DRIVING ON WRONG SIDE/WRONG WAY,DRIVING SKILLS/KNOWLEDGE/EXPERIENCE,,INCAPACITATING INJURY,10,5,41.877134872,-87.7132034731,2026,30,POINT (-87.7132034731 41.877134872),,,,,2026-05-04,True,26,Garfield Park
15530,30,TRAFFIC SIGNAL,FUNCTIONING PROPERLY,CLEAR,DAYLIGHT,PEDALCYCLIST,NOT DIVIDED,STRAIGHT AND LEVEL,DRY,NO DEFECTS,,UNABLE TO DETERMINE,NOT APPLICABLE,,NO INDICATION OF INJURY,11,5,41.9653815201,-87.6666706321,2026,30,POINT (-87.6666706321 41.9653815201),,,,,2026-05-04,False,2,Uptown
15531,20,NO CONTROLS,NO CONTROLS,CLEAR,DAYLIGHT,PEDALCYCLIST,ONE-WAY,STRAIGHT AND LEVEL,DRY,NO DEFECTS,,UNABLE TO DETERMINE,NOT APPLICABLE,,NONINCAPACITATING INJURY,11,5,41.9270964299,-87.7650169223,2026,20,POINT (-87.7650169223 41.9270964299),,,,,2026-05-04,False,18,Belmont Cragin
15532,30,UNKNOWN,UNKNOWN,UNKNOWN,UNKNOWN,PEDALCYCLIST,NOT DIVIDED,STRAIGHT AND LEVEL,UNKNOWN,UNKNOWN,,UNABLE TO DETERMINE,NOT APPLICABLE,,NO INDICATION OF INJURY,11,5,41.9219612147,-87.7863712792,2026,30,POINT (-87.7863712792 41.9219612147),,,,,2026-05-04,False,18,Belmont Cragin
15533,25,UNKNOWN,UNKNOWN,CLEAR,DAYLIGHT,PEDALCYCLIST,NOT DIVIDED,STRAIGHT AND LEVEL,UNKNOWN,UNKNOWN,Y,UNABLE TO DETERMINE,UNABLE TO DETERMINE,,NO INDICATION OF INJURY,12,5,41.8899203405,-87.6303860127,2026,25,POINT (-87.6303860127 41.8899203405),,,,,2026-05-04,False,7,Near North Side
15534,30,NO CONTROLS,NO CONTROLS,CLEAR,DAYLIGHT,PEDALCYCLIST,DIVIDED - W/MEDIAN (NOT RAISED),STRAIGHT AND LEVEL,DRY,NO DEFECTS,,FAILING TO YIELD RIGHT-OF-WAY,FAILING TO YIELD RIGHT-OF-WAY,,NONINCAPACITATING INJURY,13,5,41.9361333926,-87.6705372894,2026,30,POINT (-87.6705372894 41.9361333926),,,,,2026-05-04,False,5,Lake View
15535,30,UNKNOWN,UNKNOWN,UNKNOWN,UNKNOWN,PEDALCYCLIST,UNKNOWN INTERSECTION TYPE,STRAIGHT AND LEVEL,UNKNOWN,UNKNOWN,,IMPROPER LANE USAGE,NOT APPLICABLE,Y,NONINCAPACITATING INJURY,16,5,41.8807239816,-87.6263163512,2026,30,POINT (-87.6263163512 41.8807239816),,,,,2026-05-04,False,31,Loop
15536,30,TRAFFIC SIGNAL,UNKNOWN,RAIN,UNKNOWN,PEDALCYCLIST,NOT DIVIDED,STRAIGHT AND LEVEL,WET,UNKNOWN,,UNABLE TO DETERMINE,NOT APPLICABLE,,NONINCAPACITATING INJURY,17,5,41.7791234838,-87.6837830986,2026,30,POINT (-87.6837830986 41.7791234838),,,,,2026-05-04,False,65,Chicago Lawn
15537,35,TRAFFIC SIGNAL,FUNCTIONING PROPERLY,CLEAR,DAYLIGHT,PEDALCYCLIST,DIVIDED - W/MEDIAN (NOT RAISED),STRAIGHT AND LEVEL,DRY,NO DEFECTS,,UNABLE TO DETERMINE,NOT APPLICABLE,,NO INDICATION OF INJURY,17,5,41.9259936431,-87.7026195223,2026,35,POINT (-87.7026195223 41.9259936431),,,,,2026-05-04,False,21,Logan Square
15538,25,STOP SIGN/FLASHER,FUNCTIONING PROPERLY,RAIN,DAYLIGHT,PEDALCYCLIST,ONE-WAY,STRAIGHT AND LEVEL,WET,NO DEFECTS,,DRIVING ON WRONG SIDE/WRONG WAY,DRIVING ON WRONG SIDE/WRONG WAY,,NONINCAPACITATING INJURY,18,5,41.9730114549,-87.6761668456,2026,25,POINT (-87.6761668456 41.9730114549),,,,,2026-05-04,False,3,Lincoln Square
15539,30,NO CONTROLS,NO CONTROLS,CLEAR,"DARKNESS, LIGHTED ROAD",PEDALCYCLIST,NOT DIVIDED,STRAIGHT AND LEVEL,DRY,NO DEFECTS,,FAILING TO YIELD RIGHT-OF-WAY,UNABLE TO DETERMINE,Y,NONINCAPACITATING INJURY,20,5,41.91737388,-87.6978415085,2026,30,POINT (-87.6978415085 41.91737388),,,,,2026-05-04,False,21,Logan Square
15540,30,NO CONTROLS,NO CONTROLS,CLEAR,"DARKNESS, LIGHTED ROAD",PEDALCYCLIST,NOT DIVIDED,STRAIGHT AND LEVEL,DRY,WORN SURFACE,,UNABLE TO DETERMINE,NOT APPLICABLE,,"REPORTED, NOT EVIDENT",21,5,41.8896272685,-87.644945324,2026,30,POINT (-87.644945324 41.8896272685),,,,,2026-05-04,False,7,Near North Side
15541,30,OTHER,FUNCTIONING PROPERLY,CLOUDY/OVERCAST,"DARKNESS, LIGHTED ROAD",PEDALCYCLIST,OTHER,STRAIGHT AND LEVEL,WET,NO DEFECTS,,IMPROPER OVERTAKING/PASSING,IMPROPER OVERTAKING/PASSING,,NO INDICATION OF INJURY,22,5,41.925443779,-87.6563143902,2026,30,POINT (-87.6563143902 41.925443779),,,,,2026-05-04,False,6,Lincoln Park
15542,30,STOP SIGN/FLASHER,FUNCTIONING PROPERLY,RAIN,DAYLIGHT,PEDALCYCLIST,NOT DIVIDED,STRAIGHT AND LEVEL,WET,NO DEFECTS,Y,DISREGARDING STOP SIGN,WEATHER,N,NONINCAPACITATING INJURY,8,5,41.7776280952,-87.659454359,2026,30,POINT (-87.659454359 41.7776280952),,,,,2026-05-05,False,66,Englewood
15543,30,STOP SIGN/FLASHER,NO CONTROLS,CLEAR,DAYLIGHT,PEDALCYCLIST,NOT DIVIDED,STRAIGHT AND LEVEL,DRY,NO DEFECTS,,"OPERATING VEHICLE IN ERRATIC, RECKLESS, CARELESS, NEGLIGENT OR AGGRESSIVE MANNER",NOT APPLICABLE,,NO INDICATION OF INJURY,13,5,41.8588131875,-87.6565980305,2026,30,POINT (-87.6565980305 41.8588131875),,,,,2026-05-05,False,27,Near West Side
15544,30,NO CONTROLS,NO CONTROLS,CLEAR,DAYLIGHT,PEDALCYCLIST,ONE-WAY,STRAIGHT AND LEVEL,UNKNOWN,UNKNOWN,,DRIVING SKILLS/KNOWLEDGE/EXPERIENCE,NOT APPLICABLE,,"REPORTED, NOT EVIDENT",15,5,41.8091129081,-87.7200992166,2026,30,POINT (-87.7200992166 41.8091129081),,,,,2026-05-05,False,56,Archer Heights
15545,20,STOP SIGN/FLASHER,FUNCTIONING PROPERLY,CLEAR,DAYLIGHT,PEDALCYCLIST,ONE-WAY,STRAIGHT AND LEVEL,DRY,NO DEFECTS,,DRIVING ON WRONG SIDE/WRONG WAY,DRIVING ON WRONG SIDE/WRONG WAY,,NONINCAPACITATING INJURY,15,5,41.9346680652,-87.7773626023,2026,20,POINT (-87.7773626023 41.9346680652),,,,,2026-05-05,False,16,Dunning
15546,30,TRAFFIC SIGNAL,FUNCTIONING PROPERLY,CLEAR,DAYLIGHT,PEDALCYCLIST,DIVIDED - W/MEDIAN BARRIER,STRAIGHT AND LEVEL,DRY,NO DEFECTS,,FAILING TO YIELD RIGHT-OF-WAY,UNABLE TO DETERMINE,,INCAPACITATING INJURY,16,5,41.8869300867,-87.6278378584,2026,30,POINT (-87.6278378584 41.8869300867),,,,,2026-05-05,True,7,Near North Side
15547,30,TRAFFIC SIGNAL,FUNCTIONING PROPERLY,CLEAR,DARKNESS,PEDALCYCLIST,NOT DIVIDED,STRAIGHT AND LEVEL,DRY,NO DEFECTS,Y,FOLLOWING TOO CLOSELY,NOT APPLICABLE,,"REPORTED, NOT EVIDENT",20,5,41.8306396912,-87.6461842047,2026,30,POINT (-87.6461842047 41.8306396912),,,,,2026-05-05,False,59,Bridgeport
15548,30,UNKNOWN,UNKNOWN,CLEAR,"DARKNESS, LIGHTED ROAD",PEDALCYCLIST,DIVIDED - W/MEDIAN BARRIER,STRAIGHT AND LEVEL,DRY,UNKNOWN,,UNABLE TO DETERMINE,UNABLE TO DETERMINE,,"REPORTED, NOT EVIDENT",1,5,41.9276141455,-87.6683789402,2026,30,POINT (-87.6683789402 41.9276141455),,,,,2026-05-06,False,6,Lincoln Park
15549,30,NO CONTROLS,NO CONTROLS,CLEAR,DAYLIGHT,PEDALCYCLIST,FOUR WAY,STRAIGHT AND LEVEL,DRY,NO DEFECTS,Y,"VISION OBSCURED (SIGNS, TREE LIMBS, BUILDINGS, ETC.)",UNABLE TO DETERMINE,,NONINCAPACITATING INJURY,7,5,41.8010207173,-87.6868250261,2026,30,POINT (-87.6868250261 41.8010207173),,,,,2026-05-06,False,62,Gage Park
15550,30,TRAFFIC SIGNAL,FUNCTIONING PROPERLY,CLEAR,DAYLIGHT,PEDALCYCLIST,FOUR WAY,STRAIGHT AND LEVEL,DRY,NO DEFECTS,Y,DRIVING SKILLS/KNOWLEDGE/EXPERIENCE,HAD BEEN DRINKING (USE WHEN ARREST IS NOT MADE),,NONINCAPACITATING INJURY,8,5,41.880813976,-87.6206414428,2026,30,POINT (-87.6206414428 41.880813976),,,,,2026-05-06,False,31,Loop
15551,35,NO CONTROLS,NO CONTROLS,CLEAR,DAYLIGHT,PEDALCYCLIST,NOT DIVIDED,STRAIGHT AND LEVEL,DRY,NO DEFECTS,Y,DRIVING SKILLS/KNOWLEDGE/EXPERIENCE,NOT APPLICABLE,,"REPORTED, NOT EVIDENT",12,5,41.9351735578,-87.674318412,2026,35,POINT (-87.674318412 41.9351735578),,,,,2026-05-06,False,4,North Center
15552,30,OTHER,OTHER,CLEAR,DAYLIGHT,PEDALCYCLIST,ONE-WAY,"CURVE, LEVEL",DRY,NO DEFECTS,,UNABLE TO DETERMINE,UNABLE TO DETERMINE,,INCAPACITATING INJURY,15,5,41.9505838149,-87.665262791,2026,30,POINT (-87.665262791 41.9505838149),,,,,2026-05-06,True,5,Lake View
15553,30,NO CONTROLS,NO CONTROLS,CLEAR,DAYLIGHT,PEDALCYCLIST,ONE-WAY,STRAIGHT AND LEVEL,DRY,NO DEFECTS,,DISTRACTION - FROM INSIDE VEHICLE,NOT APPLICABLE,,"REPORTED, NOT EVIDENT",16,5,41.8934836773,-87.6218827684,2026,30,POINT (-87.6218827684 41.8934836773),,,,,2026-05-06,False,7,Near North Side
15554,30,TRAFFIC SIGNAL,FUNCTIONING PROPERLY,CLEAR,DAYLIGHT,PEDALCYCLIST,DIVIDED - W/MEDIAN (NOT RAISED),STRAIGHT AND LEVEL,DRY,NO DEFECTS,Y,DRIVING SKILLS/KNOWLEDGE/EXPERIENCE,NOT APPLICABLE,,NONINCAPACITATING INJURY,17,5,41.8299736864,-87.6949357923,2026,30,POINT (-87.6949357923 41.8299736864),,,,,2026-05-06,False,29,South Lawndale
15555,30,TRAFFIC SIGNAL,UNKNOWN,UNKNOWN,DAYLIGHT,PEDALCYCLIST,DIVIDED - W/MEDIAN (NOT RAISED),STRAIGHT AND LEVEL,UNKNOWN,UNKNOWN,,FAILING TO YIELD RIGHT-OF-WAY,NOT APPLICABLE,,NONINCAPACITATING INJURY,18,5,41.9261719211,-87.6781294865,2026,30,POINT (-87.6781294865 41.9261719211),,,,,2026-05-06,False,6,Lincoln Park
15556,30,TRAFFIC SIGNAL,FUNCTIONING PROPERLY,CLEAR,DAWN,PEDALCYCLIST,TRAFFIC ROUTE,STRAIGHT AND LEVEL,DRY,NO DEFECTS,,TURNING RIGHT ON RED,DISREGARDING TRAFFIC SIGNALS,,"REPORTED, NOT EVIDENT",19,5,41.8845243618,-87.627764549,2026,30,POINT (-87.627764549 41.8845243618),,,,,2026-05-06,False,31,Loop
15557,30,TRAFFIC SIGNAL,FUNCTIONING PROPERLY,CLEAR,DARKNESS,PEDALCYCLIST,FOUR WAY,STRAIGHT AND LEVEL,DRY,NO DEFECTS,,FAILING TO YIELD RIGHT-OF-WAY,NOT APPLICABLE,,"REPORTED, NOT EVIDENT",20,5,41.8967011402,-87.6313931605,2026,30,POINT (-87.6313931605 41.8967011402),,,,,2026-05-06,False,7,Near North Side
15558,30,STOP SIGN/FLASHER,FUNCTIONING PROPERLY,CLEAR,DAYLIGHT,PEDALCYCLIST,DIVIDED - W/MEDIAN (NOT RAISED),STRAIGHT AND LEVEL,DRY,NO DEFECTS,Y,FAILING TO YIELD RIGHT-OF-WAY,NOT APPLICABLE,,NONINCAPACITATING INJURY,12,5,41.9035630824,-87.6459121762,2026,30,POINT (-87.6459121762 41.9035630824),,,,,2026-05-07,False,7,Near North Side
15559,30,NO CONTROLS,NO CONTROLS,CLEAR,DAYLIGHT,PEDALCYCLIST,DIVIDED - W/MEDIAN (NOT RAISED),STRAIGHT AND LEVEL,DRY,NO DEFECTS,,IMPROPER OVERTAKING/PASSING,NOT APPLICABLE,,NONINCAPACITATING INJURY,15,5,41.8447690473,-87.6976041468,2026,30,POINT (-87.6976041468 41.8447690473),,,,,2026-05-07,False,29,South Lawndale
15560,30,NO CONTROLS,NO CONTROLS,CLEAR,DAYLIGHT,PEDALCYCLIST,NOT DIVIDED,STRAIGHT AND LEVEL,WET,UNKNOWN,Y,UNABLE TO DETERMINE,UNABLE TO DETERMINE,,NONINCAPACITATING INJURY,18,5,41.9829114287,-87.7125798503,2026,30,POINT (-87.7125798503 41.9829114287),,,,,2026-05-07,False,12,North Park
15561,30,NO CONTROLS,NO CONTROLS,CLEAR,DAYLIGHT,PEDALCYCLIST,NOT DIVIDED,STRAIGHT AND LEVEL,DRY,NO DEFECTS,Y,"VISION OBSCURED (SIGNS, TREE LIMBS, BUILDINGS, ETC.)",NOT APPLICABLE,,NO INDICATION OF INJURY,18,5,41.9685232668,-87.7122953523,2026,30,POINT (-87.7122953523 41.9685232668),,,,,2026-05-07,False,13,Albany Park
15562,30,NO CONTROLS,NO CONTROLS,CLEAR,"DARKNESS, LIGHTED ROAD",PEDALCYCLIST,NOT DIVIDED,STRAIGHT AND LEVEL,DRY,NO DEFECTS,,FAILING TO YIELD RIGHT-OF-WAY,NOT APPLICABLE,,NONINCAPACITATING INJURY,20,5,41.9423821294,-87.7274306073,2026,30,POINT (-87.7274306073 41.9423821294),,,,,2026-05-07,False,15,Irving Park
15563,30,UNKNOWN,UNKNOWN,CLEAR,DAYLIGHT,PEDALCYCLIST,NOT DIVIDED,STRAIGHT AND LEVEL,DRY,NO DEFECTS,,UNABLE TO DETERMINE,NOT APPLICABLE,Y,NONINCAPACITATING INJURY,15,5,41.932748996,-87.653801489,2026,30,POINT (-87.653801489 41.932748996),,,,,2026-05-08,False,5,Lake View
15564,30,TRAFFIC SIGNAL,FUNCTIONING PROPERLY,CLEAR,DUSK,PEDALCYCLIST,NOT DIVIDED,STRAIGHT AND LEVEL,DRY,NO DEFECTS,Y,UNABLE TO DETERMINE,UNABLE TO DETERMINE,,"REPORTED, NOT EVIDENT",17,5,41.9006834681,-87.6298129462,2026,30,POINT (-87.6298129462 41.9006834681),,,,,2026-05-08,False,7,Near North Side
15565,30,STOP SIGN/FLASHER,FUNCTIONING PROPERLY,CLEAR,"DARKNESS, LIGHTED ROAD",PEDALCYCLIST,T-INTERSECTION,STRAIGHT AND LEVEL,DRY,NO DEFECTS,,FAILING TO YIELD RIGHT-OF-WAY,FAILING TO YIELD RIGHT-OF-WAY,,NO INDICATION OF INJURY,17,5,41.767253087,-87.6250587571,2026,30,POINT (-87.6250587571 41.767253087),,,,,2026-05-08,False,68,Grand Crossing