Unnamed: 0,POSTED_SPEED_LIMIT,TRAFFIC_CONTROL_DEVICE,DEVICE_CONDITION,WEATHER_CONDITION,LIGHTING_CONDITION,FIRST_CRASH_TYPE,TRAFFICWAY_TYPE,ALIGNMENT,ROADWAY_SURFACE_COND,ROAD_DEFECT,INTERSECTION_RELATED_I,PRIM_CONTRIBUTORY_CAUSE,SEC_CONTRIBUTORY_CAUSE,DOORING_I,MOST_SEVERE_INJURY,CRASH_HOUR,CRASH_MONTH,LATITUDE,LONGITUDE,CRASH_YEAR,SPEED_LIMIT,geometry,DISPLAYROU,the_geom,DIST,LANE_TYPE,CRASH_DATE,is_severe,index_right,CArea
15566,30,STOP SIGN/FLASHER,FUNCTIONING PROPERLY,CLEAR,DAYLIGHT,PEDALCYCLIST,NOT DIVIDED,STRAIGHT AND LEVEL,DRY,NO DEFECTS,,NOT APPLICABLE,UNABLE TO DETERMINE,,NONINCAPACITATING INJURY,18,5,41.9678715515,-87.7513783315,2026,30,POINT (-87.7513783315 41.9678715515),,,,,2026-05-08,False,14,Portage Park
15567,10,NO CONTROLS,NO CONTROLS,CLEAR,DAYLIGHT,PEDALCYCLIST,PARKING LOT,STRAIGHT AND LEVEL,DRY,NO DEFECTS,,FOLLOWING TOO CLOSELY,NOT APPLICABLE,,NONINCAPACITATING INJURY,18,5,41.7229412182,-87.6628628713,2026,10,POINT (-87.6628628713 41.7229412182),,,,,2026-05-08,False,71,Beverly
15568,30,STOP SIGN/FLASHER,FUNCTIONING PROPERLY,CLEAR,DAYLIGHT,PEDALCYCLIST,FOUR WAY,STRAIGHT AND LEVEL,DRY,NO DEFECTS,Y,DISREGARDING STOP SIGN,DISREGARDING STOP SIGN,,NO INDICATION OF INJURY,18,5,41.8839083692,-87.6499051783,2026,30,POINT (-87.6499051783 41.8839083692),,,,,2026-05-08,False,27,Near West Side
15569,30,UNKNOWN,UNKNOWN,CLEAR,DAWN,PEDALCYCLIST,NOT DIVIDED,STRAIGHT AND LEVEL,UNKNOWN,UNKNOWN,,FAILING TO YIELD RIGHT-OF-WAY,NOT APPLICABLE,,"REPORTED, NOT EVIDENT",19,5,41.8525261868,-87.6357836985,2026,30,POINT (-87.6357836985 41.8525261868),,,,,2026-05-08,False,30,Lower West Side
15570,30,NO CONTROLS,FUNCTIONING PROPERLY,CLEAR,DARKNESS,PEDALCYCLIST,NOT DIVIDED,STRAIGHT AND LEVEL,DRY,NO DEFECTS,,UNABLE TO DETERMINE,NOT APPLICABLE,Y,NONINCAPACITATING INJURY,21,5,41.946742008,-87.6496147461,2026,30,POINT (-87.6496147461 41.946742008),,,,,2026-05-08,False,5,Lake View
15571,30,STOP SIGN/FLASHER,FUNCTIONING PROPERLY,CLEAR,"DARKNESS, LIGHTED ROAD",PEDALCYCLIST,NOT DIVIDED,STRAIGHT AND LEVEL,DRY,NO DEFECTS,,FAILING TO YIELD RIGHT-OF-WAY,NOT APPLICABLE,,NONINCAPACITATING INJURY,23,5,41.8460976757,-87.7174247343,2026,30,POINT (-87.7174247343 41.8460976757),,,,,2026-05-08,False,28,North Lawndale
15572,30,NO CONTROLS,NO CONTROLS,CLEAR,DAYLIGHT,PEDALCYCLIST,NOT DIVIDED,STRAIGHT AND LEVEL,DRY,NO DEFECTS,,FAILING TO YIELD RIGHT-OF-WAY,NOT APPLICABLE,Y,NO INDICATION OF INJURY,7,5,41.9402738526,-87.6511111235,2026,30,POINT (-87.6511111235 41.9402738526),,,,,2026-05-09,False,5,Lake View
15573,30,TRAFFIC SIGNAL,FUNCTIONING PROPERLY,CLEAR,DAYLIGHT,PEDALCYCLIST,DIVIDED - W/MEDIAN (NOT RAISED),STRAIGHT AND LEVEL,DRY,NO DEFECTS,Y,FAILING TO YIELD RIGHT-OF-WAY,FAILING TO YIELD RIGHT-OF-WAY,,"REPORTED, NOT EVIDENT",9,5,41.9317547843,-87.7369598236,2026,30,POINT (-87.7369598236 41.9317547843),,,,,2026-05-09,False,19,Hermosa
15574,30,TRAFFIC SIGNAL,FUNCTIONING PROPERLY,CLEAR,DAYLIGHT,PEDALCYCLIST,DIVIDED - W/MEDIAN (NOT RAISED),STRAIGHT AND LEVEL,DRY,UNKNOWN,,DRIVING SKILLS/KNOWLEDGE/EXPERIENCE,IMPROPER TURNING/NO SIGNAL,,NONINCAPACITATING INJURY,11,5,41.9540526383,-87.6783293505,2026,30,POINT (-87.6783293505 41.9540526383),,,,,2026-05-09,False,4,North Center
15575,30,TRAFFIC SIGNAL,FUNCTIONING PROPERLY,CLEAR,DAYLIGHT,PEDALCYCLIST,NOT DIVIDED,STRAIGHT AND LEVEL,DRY,UNKNOWN,,FAILING TO YIELD RIGHT-OF-WAY,NOT APPLICABLE,,"REPORTED, NOT EVIDENT",11,5,41.8843509107,-87.6365352913,2026,30,POINT (-87.6365352913 41.8843509107),,,,,2026-05-09,False,27,Near West Side
15576,20,STOP SIGN/FLASHER,FUNCTIONING PROPERLY,CLEAR,DAYLIGHT,PEDALCYCLIST,NOT DIVIDED,STRAIGHT AND LEVEL,DRY,NO DEFECTS,,UNABLE TO DETERMINE,NOT APPLICABLE,,NO INDICATION OF INJURY,12,5,41.950676839,-87.643784743,2026,20,POINT (-87.643784743 41.950676839),,,,,2026-05-09,False,5,Lake View
15577,20,NO CONTROLS,NO CONTROLS,CLEAR,DAYLIGHT,PEDALCYCLIST,ONE-WAY,STRAIGHT AND LEVEL,DRY,NO DEFECTS,,UNABLE TO DETERMINE,NOT APPLICABLE,,NO INDICATION OF INJURY,12,5,41.9258173529,-87.7318574581,2026,20,POINT (-87.7318574581 41.9258173529),,,,,2026-05-09,False,19,Hermosa
15578,30,NO CONTROLS,NO CONTROLS,CLEAR,DAYLIGHT,PEDALCYCLIST,NOT DIVIDED,STRAIGHT AND LEVEL,DRY,NO DEFECTS,,NOT APPLICABLE,NOT APPLICABLE,,"REPORTED, NOT EVIDENT",13,5,41.8807364061,-87.7304294261,2026,30,POINT (-87.7304294261 41.8807364061),,,,,2026-05-09,False,25,Garfield Park
15579,30,NO CONTROLS,NO CONTROLS,CLEAR,DAYLIGHT,PEDALCYCLIST,DIVIDED - W/MEDIAN (NOT RAISED),STRAIGHT AND LEVEL,DRY,UNKNOWN,N,UNABLE TO DETERMINE,NOT APPLICABLE,,NO INDICATION OF INJURY,13,5,41.9221673363,-87.6963930072,2026,30,POINT (-87.6963930072 41.9221673363),,,,,2026-05-09,False,21,Logan Square
15580,30,UNKNOWN,UNKNOWN,CLEAR,DAYLIGHT,PEDALCYCLIST,PARKING LOT,STRAIGHT AND LEVEL,UNKNOWN,UNKNOWN,,UNABLE TO DETERMINE,UNABLE TO DETERMINE,,NO INDICATION OF INJURY,14,5,41.9394968184,-87.6989812106,2026,30,POINT (-87.6989812106 41.9394968184),,,,,2026-05-09,False,15,Irving Park
15581,30,NO CONTROLS,NO CONTROLS,CLEAR,DAYLIGHT,PEDALCYCLIST,NOT DIVIDED,STRAIGHT AND LEVEL,DRY,UNKNOWN,,UNABLE TO DETERMINE,NOT APPLICABLE,,"REPORTED, NOT EVIDENT",14,5,41.6914091181,-87.7179667253,2026,30,POINT (-87.7179667253 41.6914091181),,,,,2026-05-09,False,73,Mount Greenwood
15582,25,UNKNOWN,UNKNOWN,CLEAR,DAYLIGHT,PEDALCYCLIST,NOT DIVIDED,STRAIGHT AND LEVEL,DRY,UNKNOWN,,UNABLE TO DETERMINE,UNABLE TO DETERMINE,,NONINCAPACITATING INJURY,17,5,41.7081244168,-87.5354339154,2026,25,POINT (-87.5354339154 41.7081244168),,,,,2026-05-09,False,51,East Side
15583,30,NO CONTROLS,NO CONTROLS,CLEAR,"DARKNESS, LIGHTED ROAD",PEDALCYCLIST,DIVIDED - W/MEDIAN (NOT RAISED),STRAIGHT AND LEVEL,DRY,NO DEFECTS,,IMPROPER LANE USAGE,FAILING TO YIELD RIGHT-OF-WAY,,NONINCAPACITATING INJURY,19,5,41.910414812,-87.6885059749,2026,30,POINT (-87.6885059749 41.910414812),,,,,2026-05-09,False,23,West Town
15584,35,NO CONTROLS,NO CONTROLS,CLEAR,DARKNESS,PEDALCYCLIST,DIVIDED - W/MEDIAN BARRIER,STRAIGHT AND LEVEL,DRY,UNKNOWN,,DRIVING ON WRONG SIDE/WRONG WAY,NOT APPLICABLE,,INCAPACITATING INJURY,20,5,41.7579012492,-87.7220477315,2026,35,POINT (-87.7220477315 41.7579012492),,,,,2026-05-09,True,64,West Lawn
15585,30,NO CONTROLS,NO CONTROLS,CLEAR,"DARKNESS, LIGHTED ROAD",PEDALCYCLIST,NOT DIVIDED,STRAIGHT AND LEVEL,DRY,UNKNOWN,,FAILING TO YIELD RIGHT-OF-WAY,NOT APPLICABLE,,NONINCAPACITATING INJURY,21,5,41.9264772155,-87.6408624438,2026,30,POINT (-87.6408624438 41.9264772155),,,,,2026-05-09,False,6,Lincoln Park
15586,20,STOP SIGN/FLASHER,UNKNOWN,CLEAR,DAYLIGHT,PEDALCYCLIST,DIVIDED - W/MEDIAN (NOT RAISED),STRAIGHT AND LEVEL,DRY,UNKNOWN,Y,UNABLE TO DETERMINE,NOT APPLICABLE,,NO INDICATION OF INJURY,6,5,41.8899309076,-87.6711677279,2026,20,POINT (-87.6711677279 41.8899309076),,,,,2026-05-10,False,23,West Town
15587,30,TRAFFIC SIGNAL,FUNCTIONING PROPERLY,CLEAR,DAYLIGHT,PEDALCYCLIST,NOT DIVIDED,STRAIGHT AND LEVEL,DRY,NO DEFECTS,Y,UNABLE TO DETERMINE,UNABLE TO DETERMINE,,NONINCAPACITATING INJURY,9,5,41.9116424455,-87.6791937851,2026,30,POINT (-87.6791937851 41.9116424455),,,,,2026-05-10,False,6,Lincoln Park
15588,30,NO CONTROLS,UNKNOWN,CLEAR,DAYLIGHT,PEDALCYCLIST,DIVIDED - W/MEDIAN (NOT RAISED),STRAIGHT AND LEVEL,DRY,UNKNOWN,,UNABLE TO DETERMINE,UNABLE TO DETERMINE,,NONINCAPACITATING INJURY,16,5,41.8838618102,-87.755046253,2026,30,POINT (-87.755046253 41.8838618102),,,,,2026-05-10,False,24,Austin
15589,30,NO CONTROLS,NO CONTROLS,CLEAR,DAYLIGHT,PEDALCYCLIST,NOT DIVIDED,STRAIGHT AND LEVEL,DRY,NO DEFECTS,,UNABLE TO DETERMINE,UNABLE TO DETERMINE,,NONINCAPACITATING INJURY,18,5,41.9621597201,-87.6662185739,2026,30,POINT (-87.6662185739 41.9621597201),,,,,2026-05-10,False,2,Uptown
15590,30,TRAFFIC SIGNAL,FUNCTIONING PROPERLY,CLEAR,DAYLIGHT,PEDALCYCLIST,DIVIDED - W/MEDIAN BARRIER,STRAIGHT AND LEVEL,DRY,UNKNOWN,,UNABLE TO DETERMINE,NOT APPLICABLE,,NO INDICATION OF INJURY,18,5,41.8733422777,-87.6765852135,2026,30,POINT (-87.6765852135 41.8733422777),,,,,2026-05-10,False,27,Near West Side
15591,30,NO CONTROLS,NO CONTROLS,CLEAR,DAYLIGHT,PEDALCYCLIST,ONE-WAY,STRAIGHT AND LEVEL,DRY,NO DEFECTS,,UNABLE TO DETERMINE,UNABLE TO DETERMINE,,NO INDICATION OF INJURY,19,5,41.8930687907,-87.6347750178,2026,30,POINT (-87.6347750178 41.8930687907),,,,,2026-05-10,False,7,Near North Side
15592,30,NO CONTROLS,NO CONTROLS,CLEAR,"DARKNESS, LIGHTED ROAD",PEDALCYCLIST,NOT DIVIDED,STRAIGHT AND LEVEL,DRY,NO DEFECTS,,UNABLE TO DETERMINE,UNABLE TO DETERMINE,,NONINCAPACITATING INJURY,21,5,41.7693125301,-87.6734976381,2026,30,POINT (-87.6734976381 41.7693125301),,,,,2026-05-10,False,66,Englewood
15593,30,NO CONTROLS,NO CONTROLS,CLEAR,DARKNESS,PEDALCYCLIST,NOT DIVIDED,STRAIGHT AND LEVEL,DRY,NO DEFECTS,,FAILING TO YIELD RIGHT-OF-WAY,NOT APPLICABLE,,NONINCAPACITATING INJURY,22,5,41.917443833,-87.7561017527,2026,30,POINT (-87.7561017527 41.917443833),,,,,2026-05-10,False,18,Belmont Cragin
15594,35,TRAFFIC SIGNAL,FUNCTIONING PROPERLY,CLEAR,DAYLIGHT,PEDALCYCLIST,FOUR WAY,STRAIGHT AND LEVEL,DRY,NO DEFECTS,Y,FAILING TO YIELD RIGHT-OF-WAY,UNABLE TO DETERMINE,,NONINCAPACITATING INJURY,8,5,41.7865004972,-87.693451065,2026,35,POINT (-87.693451065 41.7865004972),,,,,2026-05-11,False,62,Gage Park
15595,30,TRAFFIC SIGNAL,FUNCTIONING PROPERLY,CLEAR,DAYLIGHT,PEDALCYCLIST,FOUR WAY,STRAIGHT AND LEVEL,DRY,NO DEFECTS,Y,UNABLE TO DETERMINE,UNABLE TO DETERMINE,,NONINCAPACITATING INJURY,14,5,41.8847699212,-87.6519679782,2026,30,POINT (-87.6519679782 41.8847699212),,,,,2026-05-11,False,27,Near West Side
15596,30,OTHER,OTHER,CLEAR,DAYLIGHT,PEDALCYCLIST,ONE-WAY,STRAIGHT AND LEVEL,DRY,NO DEFECTS,,UNABLE TO DETERMINE,UNABLE TO DETERMINE,,INCAPACITATING INJURY,16,5,41.9668728105,-87.6747334287,2026,30,POINT (-87.6747334287 41.9668728105),,,,,2026-05-11,True,3,Lincoln Square
15597,30,TRAFFIC SIGNAL,FUNCTIONING PROPERLY,CLEAR,DAYLIGHT,PEDALCYCLIST,NOT DIVIDED,STRAIGHT AND LEVEL,DRY,NO DEFECTS,,FAILING TO REDUCE SPEED TO AVOID CRASH,NOT APPLICABLE,,NO INDICATION OF INJURY,16,5,41.9014146472,-87.656896068,2026,30,POINT (-87.656896068 41.9014146472),,,,,2026-05-11,False,7,Near North Side
15598,30,NO CONTROLS,NO CONTROLS,CLEAR,DAYLIGHT,PEDALCYCLIST,DIVIDED - W/MEDIAN (NOT RAISED),STRAIGHT AND LEVEL,DRY,NO DEFECTS,,NOT APPLICABLE,NOT APPLICABLE,Y,"REPORTED, NOT EVIDENT",17,5,41.8961945997,-87.6665502634,2026,30,POINT (-87.6665502634 41.8961945997),,,,,2026-05-11,False,23,West Town
15599,30,NO CONTROLS,NO CONTROLS,CLEAR,DAYLIGHT,PEDALCYCLIST,NOT DIVIDED,STRAIGHT AND LEVEL,DRY,NO DEFECTS,Y,FAILING TO YIELD RIGHT-OF-WAY,NOT APPLICABLE,,"REPORTED, NOT EVIDENT",17,5,41.9177379913,-87.7596588309,2026,30,POINT (-87.7596588309 41.9177379913),,,,,2026-05-11,False,18,Belmont Cragin
15600,30,TRAFFIC SIGNAL,FUNCTIONING PROPERLY,RAIN,DAYLIGHT,PEDALCYCLIST,FOUR WAY,STRAIGHT AND LEVEL,WET,NO DEFECTS,,UNABLE TO DETERMINE,NOT APPLICABLE,,"REPORTED, NOT EVIDENT",15,5,41.6991920595,-87.6814403781,2026,30,POINT (-87.6814403781 41.6991920595),,,,,2026-05-12,False,71,Beverly
15601,30,NO CONTROLS,NO CONTROLS,RAIN,DAYLIGHT,PEDALCYCLIST,NOT DIVIDED,STRAIGHT AND LEVEL,WET,NO DEFECTS,,UNABLE TO DETERMINE,UNABLE TO DETERMINE,Y,NONINCAPACITATING INJURY,15,5,41.9093086065,-87.6755691007,2026,30,POINT (-87.6755691007 41.9093086065),,,,,2026-05-12,False,23,West Town
15602,30,STOP SIGN/FLASHER,FUNCTIONING PROPERLY,CLEAR,"DARKNESS, LIGHTED ROAD",PEDALCYCLIST,FOUR WAY,STRAIGHT AND LEVEL,DRY,NO DEFECTS,Y,FAILING TO YIELD RIGHT-OF-WAY,DISREGARDING STOP SIGN,,NONINCAPACITATING INJURY,22,5,41.8900299202,-87.6521180887,2026,30,POINT (-87.6521180887 41.8900299202),,,,,2026-05-12,False,7,Near North Side
15603,30,STOP SIGN/FLASHER,FUNCTIONING PROPERLY,CLEAR,DAYLIGHT,PEDALCYCLIST,NOT DIVIDED,STRAIGHT AND LEVEL,DRY,NO DEFECTS,Y,UNABLE TO DETERMINE,NOT APPLICABLE,,"REPORTED, NOT EVIDENT",5,5,41.9534348387,-87.736641787,2026,30,POINT (-87.736641787 41.9534348387),,,,,2026-05-13,False,15,Irving Park
15604,30,TRAFFIC SIGNAL,FUNCTIONING PROPERLY,CLEAR,DAYLIGHT,PEDALCYCLIST,DIVIDED - W/MEDIAN BARRIER,STRAIGHT AND LEVEL,DRY,UNKNOWN,Y,FAILING TO YIELD RIGHT-OF-WAY,DRIVING SKILLS/KNOWLEDGE/EXPERIENCE,,NO INDICATION OF INJURY,8,5,41.8596824524,-87.6597734343,2026,30,POINT (-87.6597734343 41.8596824524),,,,,2026-05-13,False,27,Near West Side
15605,25,NO CONTROLS,NO CONTROLS,CLEAR,DAYLIGHT,PEDALCYCLIST,ONE-WAY,STRAIGHT AND LEVEL,DRY,NO DEFECTS,,IMPROPER TURNING/NO SIGNAL,NOT APPLICABLE,,NONINCAPACITATING INJURY,8,5,42.0144736569,-87.6806373513,2026,25,POINT (-87.6806373513 42.0144736569),,,,,2026-05-13,False,0,Rogers Park
15606,25,NO CONTROLS,NO CONTROLS,CLEAR,DAYLIGHT,PEDALCYCLIST,PARKING LOT,STRAIGHT AND LEVEL,DRY,NO DEFECTS,,FAILING TO YIELD RIGHT-OF-WAY,NOT APPLICABLE,,"REPORTED, NOT EVIDENT",14,5,41.867143137,-87.6397161745,2026,25,POINT (-87.6397161745 41.867143137),,,,,2026-05-13,False,27,Near West Side
15607,30,NO CONTROLS,NO CONTROLS,CLEAR,DAYLIGHT,PEDALCYCLIST,NOT DIVIDED,STRAIGHT AND LEVEL,DRY,NO DEFECTS,,UNABLE TO DETERMINE,UNABLE TO DETERMINE,Y,NO INDICATION OF INJURY,17,5,41.8967779734,-87.6288646443,2026,30,POINT (-87.6288646443 41.8967779734),,,,,2026-05-13,False,7,Near North Side
15608,25,UNKNOWN,UNKNOWN,UNKNOWN,UNKNOWN,PEDALCYCLIST,FOUR WAY,STRAIGHT AND LEVEL,UNKNOWN,UNKNOWN,,UNABLE TO DETERMINE,UNABLE TO DETERMINE,,NO INDICATION OF INJURY,17,5,41.8968221231,-87.6255607058,2026,25,POINT (-87.6255607058 41.8968221231),,,,,2026-05-13,False,7,Near North Side
15609,30,TRAFFIC SIGNAL,FUNCTIONING PROPERLY,CLEAR,DAYLIGHT,PEDALCYCLIST,T-INTERSECTION,STRAIGHT AND LEVEL,DRY,NO DEFECTS,,IMPROPER LANE USAGE,FOLLOWING TOO CLOSELY,,"REPORTED, NOT EVIDENT",18,5,41.8309420512,-87.62968192,2026,30,POINT (-87.62968192 41.8309420512),,,,,2026-05-13,False,33,Armour Square
15610,30,TRAFFIC SIGNAL,FUNCTIONING PROPERLY,CLEAR,DAYLIGHT,PEDALCYCLIST,DIVIDED - W/MEDIAN (NOT RAISED),STRAIGHT AND LEVEL,DRY,NO DEFECTS,Y,UNABLE TO DETERMINE,NOT APPLICABLE,,NONINCAPACITATING INJURY,7,5,41.9392533447,-87.702785233,2026,30,POINT (-87.702785233 41.9392533447),,,,,2026-05-14,False,15,Irving Park
15611,30,NO CONTROLS,NO CONTROLS,CLEAR,DAYLIGHT,PEDALCYCLIST,NOT DIVIDED,STRAIGHT AND LEVEL,DRY,NO DEFECTS,,FAILING TO YIELD RIGHT-OF-WAY,FAILING TO YIELD RIGHT-OF-WAY,,"REPORTED, NOT EVIDENT",9,5,41.9536885974,-87.7338976585,2026,30,POINT (-87.7338976585 41.9536885974),,,,,2026-05-14,False,15,Irving Park
15612,30,NO CONTROLS,NO CONTROLS,CLEAR,DAYLIGHT,PEDALCYCLIST,ONE-WAY,STRAIGHT AND LEVEL,DRY,NO DEFECTS,N,FAILING TO REDUCE SPEED TO AVOID CRASH,FAILING TO YIELD RIGHT-OF-WAY,,INCAPACITATING INJURY,12,5,41.9983057328,-87.6812232947,2026,30,POINT (-87.6812232947 41.9983057328),,,,,2026-05-14,True,0,Rogers Park
15613,30,STOP SIGN/FLASHER,UNKNOWN,CLEAR,DAYLIGHT,PEDALCYCLIST,NOT DIVIDED,STRAIGHT AND LEVEL,DRY,NO DEFECTS,,FAILING TO YIELD RIGHT-OF-WAY,FAILING TO YIELD RIGHT-OF-WAY,,"REPORTED, NOT EVIDENT",14,5,41.8426025264,-87.7051278107,2026,30,POINT (-87.7051278107 41.8426025264),,,,,2026-05-14,False,29,South Lawndale
15614,25,STOP SIGN/FLASHER,FUNCTIONING PROPERLY,CLEAR,DAYLIGHT,PEDALCYCLIST,NOT DIVIDED,STRAIGHT AND LEVEL,DRY,NO DEFECTS,Y,FAILING TO YIELD RIGHT-OF-WAY,NOT APPLICABLE,,NONINCAPACITATING INJURY,15,5,41.7952389726,-87.7662043697,2026,25,POINT (-87.7662043697 41.7952389726),,,,,2026-05-14,False,55,Garfield Ridge
15615,30,NO CONTROLS,NO CONTROLS,CLEAR,DAYLIGHT,PEDALCYCLIST,ALLEY,STRAIGHT AND LEVEL,DRY,NO DEFECTS,,"VISION OBSCURED (SIGNS, TREE LIMBS, BUILDINGS, ETC.)",UNABLE TO DETERMINE,,NO INDICATION OF INJURY,15,5,41.9028980138,-87.6878381509,2026,30,POINT (-87.6878381509 41.9028980138),,,,,2026-05-14,False,23,West Town
15616,25,STOP SIGN/FLASHER,FUNCTIONING PROPERLY,CLEAR,DAYLIGHT,PEDALCYCLIST,NOT DIVIDED,STRAIGHT AND LEVEL,DRY,NO DEFECTS,,FOLLOWING TOO CLOSELY,NOT APPLICABLE,,NO INDICATION OF INJURY,15,5,41.9673521758,-87.656354813,2026,25,POINT (-87.656354813 41.9673521758),,,,,2026-05-14,False,2,Uptown
15617,30,TRAFFIC SIGNAL,FUNCTIONING PROPERLY,CLEAR,DAYLIGHT,PEDALCYCLIST,ONE-WAY,STRAIGHT AND LEVEL,DRY,NO DEFECTS,Y,NOT APPLICABLE,NOT APPLICABLE,,NONINCAPACITATING INJURY,16,5,41.8931296635,-87.6354666596,2026,30,POINT (-87.6354666596 41.8931296635),,,,,2026-05-14,False,7,Near North Side
15618,30,NO CONTROLS,NO CONTROLS,CLEAR,DAYLIGHT,PEDALCYCLIST,DIVIDED - W/MEDIAN (NOT RAISED),STRAIGHT AND LEVEL,DRY,NO DEFECTS,,UNABLE TO DETERMINE,UNABLE TO DETERMINE,,NONINCAPACITATING INJURY,16,5,41.9033182592,-87.6761820786,2026,30,POINT (-87.6761820786 41.9033182592),,,,,2026-05-14,False,23,West Town
15619,30,NO CONTROLS,NO CONTROLS,CLEAR,"DARKNESS, LIGHTED ROAD",PEDALCYCLIST,ONE-WAY,STRAIGHT AND LEVEL,DRY,NO DEFECTS,,FAILING TO YIELD RIGHT-OF-WAY,UNABLE TO DETERMINE,,NONINCAPACITATING INJURY,21,5,41.8880703776,-87.6296922567,2026,30,POINT (-87.6296922567 41.8880703776),,,,,2026-05-14,False,7,Near North Side
15620,30,NO CONTROLS,NO CONTROLS,CLEAR,DAYLIGHT,PEDALCYCLIST,NOT DIVIDED,STRAIGHT AND LEVEL,DRY,NO DEFECTS,,IMPROPER LANE USAGE,IMPROPER TURNING/NO SIGNAL,,INCAPACITATING INJURY,6,5,41.776411336,-87.7032258898,2026,30,POINT (-87.7032258898 41.776411336),,,,,2026-05-15,True,65,Chicago Lawn
15621,30,NO CONTROLS,NO CONTROLS,CLEAR,DAYLIGHT,PEDALCYCLIST,NOT DIVIDED,STRAIGHT AND LEVEL,DRY,NO DEFECTS,,FAILING TO YIELD RIGHT-OF-WAY,FAILING TO YIELD RIGHT-OF-WAY,,NONINCAPACITATING INJURY,7,5,41.9681132524,-87.7297104882,2026,30,POINT (-87.7297104882 41.9681132524),,,,,2026-05-15,False,11,Forest Glen
15622,30,NO CONTROLS,NO CONTROLS,CLEAR,DAYLIGHT,PEDALCYCLIST,ONE-WAY,STRAIGHT AND LEVEL,DRY,NO DEFECTS,,FAILING TO YIELD RIGHT-OF-WAY,FAILING TO YIELD RIGHT-OF-WAY,,NONINCAPACITATING INJURY,7,5,41.7933673443,-87.6808655296,2026,30,POINT (-87.6808655296 41.7933673443),,,,,2026-05-15,False,62,Gage Park
15623,30,NO CONTROLS,NO CONTROLS,CLEAR,DAYLIGHT,PEDALCYCLIST,NOT DIVIDED,STRAIGHT AND LEVEL,DRY,NO DEFECTS,,IMPROPER LANE USAGE,FAILING TO YIELD RIGHT-OF-WAY,,"REPORTED, NOT EVIDENT",8,5,41.9068637062,-87.6347278554,2026,30,POINT (-87.6347278554 41.9068637062),,,,,2026-05-15,False,7,Near North Side
15624,30,NO CONTROLS,NO CONTROLS,CLEAR,DAYLIGHT,PEDALCYCLIST,NOT DIVIDED,STRAIGHT AND LEVEL,DRY,NO DEFECTS,Y,FAILING TO YIELD RIGHT-OF-WAY,UNABLE TO DETERMINE,,NO INDICATION OF INJURY,12,5,41.9027157336,-87.7074404763,2026,30,POINT (-87.7074404763 41.9027157336),,,,,2026-05-15,False,22,Humboldt Park
15625,30,NO CONTROLS,NO CONTROLS,CLEAR,DAYLIGHT,PEDALCYCLIST,NOT DIVIDED,STRAIGHT AND LEVEL,DRY,NO DEFECTS,Y,FOLLOWING TOO CLOSELY,NOT APPLICABLE,,NO INDICATION OF INJURY,15,5,41.9252553119,-87.6686086054,2026,30,POINT (-87.6686086054 41.9252553119),,,,,2026-05-15,False,6,Lincoln Park
15626,30,NO CONTROLS,NO CONTROLS,CLEAR,DAYLIGHT,PEDALCYCLIST,NOT DIVIDED,STRAIGHT AND LEVEL,DRY,NO DEFECTS,,UNABLE TO DETERMINE,NOT APPLICABLE,,NO INDICATION OF INJURY,16,5,41.9605291176,-87.7536743425,2026,30,POINT (-87.7536743425 41.9605291176),,,,,2026-05-15,False,14,Portage Park
15627,30,NO CONTROLS,NO CONTROLS,CLEAR,DAYLIGHT,PEDALCYCLIST,NOT DIVIDED,STRAIGHT AND LEVEL,DRY,NO DEFECTS,,FAILING TO YIELD RIGHT-OF-WAY,NOT APPLICABLE,Y,"REPORTED, NOT EVIDENT",18,5,41.8905350983,-87.6477572577,2026,30,POINT (-87.6477572577 41.8905350983),,,,,2026-05-15,False,7,Near North Side
15628,30,NO CONTROLS,NO CONTROLS,CLEAR,"DARKNESS, LIGHTED ROAD",PEDALCYCLIST,NOT DIVIDED,STRAIGHT AND LEVEL,DRY,NO DEFECTS,,IMPROPER LANE USAGE,IMPROPER LANE USAGE,,NONINCAPACITATING INJURY,1,5,41.9110471067,-87.6470702854,2026,30,POINT (-87.6470702854 41.9110471067),,,,,2026-05-16,False,6,Lincoln Park
15629,35,TRAFFIC SIGNAL,FUNCTIONING PROPERLY,CLEAR,DAYLIGHT,PEDALCYCLIST,FOUR WAY,STRAIGHT AND LEVEL,DRY,NO DEFECTS,Y,FAILING TO YIELD RIGHT-OF-WAY,NOT APPLICABLE,,"REPORTED, NOT EVIDENT",11,5,41.8830986854,-87.6324786777,2026,35,POINT (-87.6324786777 41.8830986854),,,,,2026-05-16,False,31,Loop
15630,30,TRAFFIC SIGNAL,FUNCTIONING PROPERLY,CLEAR,DAYLIGHT,PEDALCYCLIST,NOT DIVIDED,STRAIGHT AND LEVEL,DRY,NO DEFECTS,Y,UNABLE TO DETERMINE,UNABLE TO DETERMINE,,"REPORTED, NOT EVIDENT",14,5,41.9391381535,-87.7273337101,2026,30,POINT (-87.7273337101 41.9391381535),,,,,2026-05-16,False,15,Irving Park
15631,25,NO CONTROLS,NO CONTROLS,CLEAR,DAYLIGHT,PEDALCYCLIST,NOT DIVIDED,STRAIGHT AND LEVEL,DRY,UNKNOWN,,UNABLE TO DETERMINE,UNABLE TO DETERMINE,,NONINCAPACITATING INJURY,14,5,41.9982926977,-87.6610954256,2026,25,POINT (-87.6610954256 41.9982926977),,,,,2026-05-16,False,0,Rogers Park