Unnamed: 0,POSTED_SPEED_LIMIT,TRAFFIC_CONTROL_DEVICE,DEVICE_CONDITION,WEATHER_CONDITION,LIGHTING_CONDITION,FIRST_CRASH_TYPE,TRAFFICWAY_TYPE,ALIGNMENT,ROADWAY_SURFACE_COND,ROAD_DEFECT,INTERSECTION_RELATED_I,PRIM_CONTRIBUTORY_CAUSE,SEC_CONTRIBUTORY_CAUSE,DOORING_I,MOST_SEVERE_INJURY,CRASH_HOUR,CRASH_MONTH,LATITUDE,LONGITUDE,CRASH_YEAR,SPEED_LIMIT,geometry,DISPLAYROU,the_geom,DIST,LANE_TYPE,CRASH_DATE,is_severe,index_right,CArea
15632,30,NO CONTROLS,NO CONTROLS,CLEAR,DAYLIGHT,PEDALCYCLIST,DIVIDED - W/MEDIAN (NOT RAISED),STRAIGHT AND LEVEL,DRY,NO DEFECTS,,UNABLE TO DETERMINE,NOT APPLICABLE,,NONINCAPACITATING INJURY,15,5,41.7689605201,-87.5666705373,2026,30,POINT (-87.5666705373 41.7689605201),,,,,2026-05-16,False,41,Woodlawn
15633,30,NO CONTROLS,NO CONTROLS,CLEAR,DAYLIGHT,PEDALCYCLIST,NOT DIVIDED,STRAIGHT AND LEVEL,DRY,NO DEFECTS,,FOLLOWING TOO CLOSELY,FOLLOWING TOO CLOSELY,,"REPORTED, NOT EVIDENT",17,5,41.8310810689,-87.629329615,2026,30,POINT (-87.629329615 41.8310810689),,,,,2026-05-16,False,33,Armour Square
15634,30,STOP SIGN/FLASHER,NO CONTROLS,CLEAR,DAYLIGHT,PEDALCYCLIST,NOT DIVIDED,STRAIGHT AND LEVEL,DRY,NO DEFECTS,,UNABLE TO DETERMINE,UNABLE TO DETERMINE,,NO INDICATION OF INJURY,19,5,41.857796047,-87.6375725892,2026,30,POINT (-87.6375725892 41.857796047),,,,,2026-05-16,False,27,Near West Side
15635,25,STOP SIGN/FLASHER,NO CONTROLS,CLEAR,"DARKNESS, LIGHTED ROAD",PEDALCYCLIST,ONE-WAY,STRAIGHT AND LEVEL,DRY,NO DEFECTS,,FAILING TO YIELD RIGHT-OF-WAY,DISREGARDING STOP SIGN,,NONINCAPACITATING INJURY,0,5,41.9393476515,-87.7688380745,2026,25,POINT (-87.7688380745 41.9393476515),,,,,2026-05-17,False,14,Portage Park
15636,30,STOP SIGN/FLASHER,FUNCTIONING PROPERLY,CLEAR,"DARKNESS, LIGHTED ROAD",PEDALCYCLIST,NOT DIVIDED,STRAIGHT AND LEVEL,DRY,NO DEFECTS,Y,FAILING TO YIELD RIGHT-OF-WAY,UNABLE TO DETERMINE,,NONINCAPACITATING INJURY,2,5,41.7724519846,-87.6404409117,2026,30,POINT (-87.6404409117 41.7724519846),,,,,2026-05-17,False,67,Englewood
15637,35,NO CONTROLS,NO CONTROLS,CLEAR,DAYLIGHT,PEDALCYCLIST,NOT DIVIDED,STRAIGHT AND LEVEL,DRY,NO DEFECTS,,UNABLE TO DETERMINE,UNABLE TO DETERMINE,,NO INDICATION OF INJURY,11,5,41.8913299181,-87.6449390192,2026,35,POINT (-87.6449390192 41.8913299181),,,,,2026-05-17,False,7,Near North Side
15638,25,STOP SIGN/FLASHER,FUNCTIONING PROPERLY,CLEAR,DAYLIGHT,PEDALCYCLIST,TRAFFIC ROUTE,STRAIGHT AND LEVEL,DRY,NO DEFECTS,,UNABLE TO DETERMINE,UNABLE TO DETERMINE,,NONINCAPACITATING INJURY,11,5,41.722454974,-87.5706738059,2026,25,POINT (-87.5706738059 41.722454974),,,,,2026-05-17,False,50,South Deering
15639,30,STOP SIGN/FLASHER,FUNCTIONING PROPERLY,CLEAR,DAYLIGHT,PEDALCYCLIST,FOUR WAY,STRAIGHT AND LEVEL,DRY,NO DEFECTS,,DISREGARDING STOP SIGN,NOT APPLICABLE,N,NO INDICATION OF INJURY,12,5,41.8217720608,-87.6314770076,2026,30,POINT (-87.6314770076 41.8217720608),,,,,2026-05-17,False,36,Fuller Park
15640,30,STOP SIGN/FLASHER,FUNCTIONING PROPERLY,CLEAR,DAYLIGHT,PEDALCYCLIST,FOUR WAY,STRAIGHT AND LEVEL,UNKNOWN,UNKNOWN,Y,UNABLE TO DETERMINE,UNABLE TO DETERMINE,,NONINCAPACITATING INJURY,13,5,41.8957145551,-87.64017951,2026,30,POINT (-87.64017951 41.8957145551),,,,,2026-05-17,False,7,Near North Side
15641,25,TRAFFIC SIGNAL,FUNCTIONING PROPERLY,CLEAR,DAYLIGHT,PEDALCYCLIST,NOT DIVIDED,STRAIGHT AND LEVEL,DRY,NO DEFECTS,Y,IMPROPER TURNING/NO SIGNAL,UNABLE TO DETERMINE,,NO INDICATION OF INJURY,13,5,41.8935072005,-87.6206881578,2026,25,POINT (-87.6206881578 41.8935072005),,,,,2026-05-17,False,7,Near North Side
15642,25,NO CONTROLS,NO CONTROLS,CLEAR,DAYLIGHT,PEDALCYCLIST,ONE-WAY,STRAIGHT AND LEVEL,UNKNOWN,UNKNOWN,,UNABLE TO DETERMINE,UNABLE TO DETERMINE,,NONINCAPACITATING INJURY,13,5,41.9205333682,-87.7417742488,2026,25,POINT (-87.7417742488 41.9205333682),,,,,2026-05-17,False,18,Belmont Cragin
15643,30,NO CONTROLS,NO CONTROLS,CLEAR,DAYLIGHT,PEDALCYCLIST,NOT DIVIDED,STRAIGHT AND LEVEL,DRY,UNKNOWN,,FAILING TO REDUCE SPEED TO AVOID CRASH,NOT APPLICABLE,,INCAPACITATING INJURY,14,5,41.9709414269,-87.646252032,2026,30,POINT (-87.646252032 41.9709414269),,,,,2026-05-17,True,2,Uptown
15644,30,STOP SIGN/FLASHER,FUNCTIONING PROPERLY,CLEAR,DAYLIGHT,PEDALCYCLIST,FOUR WAY,STRAIGHT AND LEVEL,DRY,NO DEFECTS,Y,UNABLE TO DETERMINE,NOT APPLICABLE,,"REPORTED, NOT EVIDENT",15,5,41.8562129252,-87.657451673,2026,30,POINT (-87.657451673 41.8562129252),,,,,2026-05-17,False,30,Lower West Side
15645,15,NO CONTROLS,NO CONTROLS,CLEAR,DAYLIGHT,PEDALCYCLIST,OTHER,STRAIGHT AND LEVEL,DRY,NO DEFECTS,,DRIVING ON WRONG SIDE/WRONG WAY,DISREGARDING ROAD MARKINGS,,NONINCAPACITATING INJURY,18,5,41.7856859639,-87.5772266124,2026,15,POINT (-87.5772266124 41.7856859639),,,,,2026-05-17,False,41,Woodlawn
15646,35,TRAFFIC SIGNAL,FUNCTIONING PROPERLY,CLEAR,DAYLIGHT,PEDALCYCLIST,NOT DIVIDED,STRAIGHT AND LEVEL,DRY,NO DEFECTS,,UNABLE TO DETERMINE,UNABLE TO DETERMINE,,NO INDICATION OF INJURY,6,5,41.791696571,-87.5868573013,2026,35,POINT (-87.5868573013 41.791696571),,,,,2026-05-18,False,40,Hyde Park
15647,30,TRAFFIC SIGNAL,FUNCTIONING PROPERLY,CLEAR,DAYLIGHT,PEDALCYCLIST,FOUR WAY,STRAIGHT AND LEVEL,DRY,NO DEFECTS,Y,FAILING TO YIELD RIGHT-OF-WAY,NOT APPLICABLE,,NONINCAPACITATING INJURY,6,5,41.9830937366,-87.7138943448,2026,30,POINT (-87.7138943448 41.9830937366),,,,,2026-05-18,False,12,North Park
15648,35,NO CONTROLS,NO CONTROLS,CLEAR,DAYLIGHT,PEDALCYCLIST,OTHER,STRAIGHT AND LEVEL,DRY,NO DEFECTS,,FAILING TO YIELD RIGHT-OF-WAY,IMPROPER TURNING/NO SIGNAL,N,NO INDICATION OF INJURY,9,5,41.8758617111,-87.6308666124,2026,35,POINT (-87.6308666124 41.8758617111),,,,,2026-05-18,False,31,Loop
15649,15,NO CONTROLS,NO CONTROLS,CLEAR,DAYLIGHT,PEDALCYCLIST,ALLEY,STRAIGHT AND LEVEL,DRY,NO DEFECTS,,IMPROPER BACKING,NOT APPLICABLE,,"REPORTED, NOT EVIDENT",10,5,41.883150987,-87.6692307105,2026,15,POINT (-87.6692307105 41.883150987),,,,,2026-05-18,False,27,Near West Side
15650,30,NO CONTROLS,NO CONTROLS,CLEAR,DAYLIGHT,PEDALCYCLIST,DIVIDED - W/MEDIAN (NOT RAISED),STRAIGHT AND LEVEL,DRY,NO DEFECTS,,FAILING TO YIELD RIGHT-OF-WAY,FAILING TO YIELD RIGHT-OF-WAY,,NONINCAPACITATING INJURY,17,5,41.9611940986,-87.6899669704,2026,30,POINT (-87.6899669704 41.9611940986),,,,,2026-05-18,False,4,North Center
15651,25,NO CONTROLS,NO CONTROLS,CLEAR,DAYLIGHT,PEDALCYCLIST,DIVIDED - W/MEDIAN BARRIER,STRAIGHT AND LEVEL,DRY,NO DEFECTS,,IMPROPER OVERTAKING/PASSING,IMPROPER LANE USAGE,,NO INDICATION OF INJURY,17,5,41.9792067423,-87.6698445324,2026,25,POINT (-87.6698445324 41.9792067423),,,,,2026-05-18,False,76,Edgewater
15652,25,TRAFFIC SIGNAL,FUNCTIONING PROPERLY,CLEAR,DARKNESS,PEDALCYCLIST,FOUR WAY,STRAIGHT AND LEVEL,DRY,NO DEFECTS,Y,FAILING TO YIELD RIGHT-OF-WAY,FAILING TO YIELD RIGHT-OF-WAY,,NONINCAPACITATING INJURY,20,5,41.9976362099,-87.6900270995,2026,25,POINT (-87.6900270995 41.9976362099),,,,,2026-05-18,False,1,West Ridge
15653,30,STOP SIGN/FLASHER,FUNCTIONING PROPERLY,CLEAR,DAWN,PEDALCYCLIST,NOT DIVIDED,STRAIGHT AND LEVEL,DRY,NO DEFECTS,Y,FAILING TO REDUCE SPEED TO AVOID CRASH,NOT APPLICABLE,,INCAPACITATING INJURY,20,5,41.7919730785,-87.6768266853,2026,30,POINT (-87.6768266853 41.7919730785),,,,,2026-05-18,True,66,Englewood
15654,30,NO CONTROLS,NO CONTROLS,CLEAR,DAYLIGHT,PEDALCYCLIST,ONE-WAY,STRAIGHT AND LEVEL,DRY,UNKNOWN,Y,DRIVING ON WRONG SIDE/WRONG WAY,FAILING TO YIELD RIGHT-OF-WAY,,NONINCAPACITATING INJURY,7,5,41.9097927206,-87.7288239006,2026,30,POINT (-87.7288239006 41.9097927206),,,,,2026-05-19,False,22,Humboldt Park
15655,30,NO CONTROLS,NO CONTROLS,CLEAR,DAYLIGHT,PEDALCYCLIST,NOT DIVIDED,STRAIGHT AND LEVEL,DRY,NO DEFECTS,,IMPROPER TURNING/NO SIGNAL,NOT APPLICABLE,,NO INDICATION OF INJURY,7,5,41.8453975436,-87.6356472774,2026,30,POINT (-87.6356472774 41.8453975436),,,,,2026-05-19,False,30,Lower West Side
15656,30,TRAFFIC SIGNAL,FUNCTIONING PROPERLY,CLEAR,DAYLIGHT,PEDALCYCLIST,NOT DIVIDED,STRAIGHT AND LEVEL,DRY,NO DEFECTS,Y,IMPROPER OVERTAKING/PASSING,IMPROPER TURNING/NO SIGNAL,,NONINCAPACITATING INJURY,7,5,41.8386506565,-87.6099135108,2026,30,POINT (-87.6099135108 41.8386506565),,,,,2026-05-19,False,34,Douglas
15657,25,NO CONTROLS,NO CONTROLS,CLEAR,DAYLIGHT,PEDALCYCLIST,NOT DIVIDED,STRAIGHT AND LEVEL,DRY,NO DEFECTS,,UNABLE TO DETERMINE,NOT APPLICABLE,,NONINCAPACITATING INJURY,11,5,41.9859594456,-87.6745338664,2026,25,POINT (-87.6745338664 41.9859594456),,,,,2026-05-19,False,3,Lincoln Square
15658,30,TRAFFIC SIGNAL,FUNCTIONING PROPERLY,CLEAR,DAYLIGHT,PEDALCYCLIST,NOT DIVIDED,STRAIGHT AND LEVEL,DRY,NO DEFECTS,,IMPROPER LANE USAGE,NOT APPLICABLE,,NONINCAPACITATING INJURY,11,5,41.8736639437,-87.6860859226,2026,30,POINT (-87.6860859226 41.8736639437),,,,,2026-05-19,False,27,Near West Side
15659,30,UNKNOWN,UNKNOWN,CLEAR,DAYLIGHT,PEDALCYCLIST,NOT DIVIDED,STRAIGHT AND LEVEL,UNKNOWN,UNKNOWN,,UNABLE TO DETERMINE,UNABLE TO DETERMINE,,NONINCAPACITATING INJURY,13,5,41.9054287827,-87.6594630227,2026,30,POINT (-87.6594630227 41.9054287827),,,,,2026-05-19,False,23,West Town
15660,30,TRAFFIC SIGNAL,FUNCTIONING PROPERLY,CLEAR,DAYLIGHT,PEDALCYCLIST,NOT DIVIDED,STRAIGHT AND LEVEL,DRY,NO DEFECTS,,DISREGARDING TRAFFIC SIGNALS,DISREGARDING TRAFFIC SIGNALS,,NO INDICATION OF INJURY,15,5,41.8957962445,-87.6549535956,2026,30,POINT (-87.6549535956 41.8957962445),,,,,2026-05-19,False,7,Near North Side
15661,30,STOP SIGN/FLASHER,NO CONTROLS,CLEAR,DAYLIGHT,PEDALCYCLIST,NOT DIVIDED,STRAIGHT AND LEVEL,DRY,NO DEFECTS,,UNABLE TO DETERMINE,NOT APPLICABLE,,NONINCAPACITATING INJURY,15,5,41.8711724433,-87.695904886,2026,30,POINT (-87.695904886 41.8711724433),,,,,2026-05-19,False,26,Garfield Park
15662,30,NO CONTROLS,NO CONTROLS,CLEAR,DAYLIGHT,PEDALCYCLIST,T-INTERSECTION,STRAIGHT AND LEVEL,DRY,NO DEFECTS,Y,UNABLE TO DETERMINE,NOT APPLICABLE,,NONINCAPACITATING INJURY,16,5,41.9607899166,-87.7511500243,2026,30,POINT (-87.7511500243 41.9607899166),,,,,2026-05-19,False,14,Portage Park
15663,35,NO CONTROLS,NO CONTROLS,CLEAR,DAYLIGHT,PEDALCYCLIST,NOT DIVIDED,STRAIGHT AND LEVEL,DRY,NO DEFECTS,,UNABLE TO DETERMINE,NOT APPLICABLE,,NONINCAPACITATING INJURY,16,5,41.9237416824,-87.6683194106,2026,35,POINT (-87.6683194106 41.9237416824),,,,,2026-05-19,False,6,Lincoln Park
15664,20,NO CONTROLS,NO CONTROLS,CLEAR,DAYLIGHT,PEDALCYCLIST,NOT DIVIDED,STRAIGHT AND LEVEL,DRY,NO DEFECTS,Y,FAILING TO YIELD RIGHT-OF-WAY,NOT APPLICABLE,,NONINCAPACITATING INJURY,17,5,41.8888980584,-87.6672188914,2026,20,POINT (-87.6672188914 41.8888980584),,,,,2026-05-19,False,23,West Town
15665,30,NO CONTROLS,NO CONTROLS,CLEAR,"DARKNESS, LIGHTED ROAD",PEDALCYCLIST,NOT DIVIDED,STRAIGHT AND LEVEL,DRY,NO DEFECTS,,UNABLE TO DETERMINE,UNABLE TO DETERMINE,,NO INDICATION OF INJURY,21,5,41.9501652845,-87.6587317061,2026,30,POINT (-87.6587317061 41.9501652845),,,,,2026-05-19,False,5,Lake View
15666,30,STOP SIGN/FLASHER,FUNCTIONING PROPERLY,CLEAR,DAYLIGHT,PEDALCYCLIST,FOUR WAY,STRAIGHT AND LEVEL,DRY,NO DEFECTS,Y,FAILING TO YIELD RIGHT-OF-WAY,UNABLE TO DETERMINE,,"REPORTED, NOT EVIDENT",8,5,41.769945869,-87.6908646875,2026,30,POINT (-87.6908646875 41.769945869),,,,,2026-05-20,False,65,Chicago Lawn
15667,30,NO CONTROLS,NO CONTROLS,CLEAR,DAYLIGHT,PEDALCYCLIST,NOT DIVIDED,STRAIGHT AND LEVEL,DRY,NO DEFECTS,,UNABLE TO DETERMINE,UNABLE TO DETERMINE,,NONINCAPACITATING INJURY,10,5,41.9172923724,-87.7068822377,2026,30,POINT (-87.7068822377 41.9172923724),,,,,2026-05-20,False,21,Logan Square
15668,30,STOP SIGN/FLASHER,FUNCTIONING PROPERLY,CLEAR,DAYLIGHT,PEDALCYCLIST,NOT DIVIDED,STRAIGHT AND LEVEL,DRY,NO DEFECTS,,FAILING TO YIELD RIGHT-OF-WAY,NOT APPLICABLE,,NONINCAPACITATING INJURY,11,5,41.8492765839,-87.6906123459,2026,30,POINT (-87.6906123459 41.8492765839),,,,,2026-05-20,False,28,North Lawndale
15669,30,TRAFFIC SIGNAL,FUNCTIONING PROPERLY,CLEAR,DAYLIGHT,PEDALCYCLIST,DIVIDED - W/MEDIAN (NOT RAISED),STRAIGHT AND LEVEL,DRY,NO DEFECTS,Y,UNABLE TO DETERMINE,UNABLE TO DETERMINE,,"REPORTED, NOT EVIDENT",12,5,41.9617001312,-87.6693400813,2026,30,POINT (-87.6693400813 41.9617001312),,,,,2026-05-20,False,2,Uptown
15670,30,NO CONTROLS,NO CONTROLS,CLEAR,DAYLIGHT,PEDALCYCLIST,NOT DIVIDED,STRAIGHT AND LEVEL,DRY,NO DEFECTS,,DISTRACTION - FROM OUTSIDE VEHICLE,NOT APPLICABLE,Y,"REPORTED, NOT EVIDENT",13,5,41.9547537533,-87.7509228982,2026,30,POINT (-87.7509228982 41.9547537533),,,,,2026-05-20,False,14,Portage Park
15671,30,STOP SIGN/FLASHER,UNKNOWN,UNKNOWN,DAYLIGHT,PEDALCYCLIST,ONE-WAY,STRAIGHT AND LEVEL,UNKNOWN,UNKNOWN,,DRIVING SKILLS/KNOWLEDGE/EXPERIENCE,FAILING TO REDUCE SPEED TO AVOID CRASH,,NO INDICATION OF INJURY,15,5,41.9766270852,-87.7892172323,2026,30,POINT (-87.7892172323 41.9766270852),,,,,2026-05-20,False,11,Forest Glen
15672,30,TRAFFIC SIGNAL,FUNCTIONING PROPERLY,CLEAR,DAYLIGHT,PEDALCYCLIST,FOUR WAY,STRAIGHT AND LEVEL,DRY,UNKNOWN,,UNABLE TO DETERMINE,UNABLE TO DETERMINE,,NONINCAPACITATING INJURY,15,5,41.9828829463,-87.787588155,2026,30,POINT (-87.787588155 41.9828829463),,,,,2026-05-20,False,10,Jefferson Park
15673,30,TRAFFIC SIGNAL,FUNCTIONING PROPERLY,CLEAR,DAYLIGHT,PEDALCYCLIST,NOT DIVIDED,STRAIGHT AND LEVEL,DRY,NO DEFECTS,,DRIVING ON WRONG SIDE/WRONG WAY,IMPROPER OVERTAKING/PASSING,,NONINCAPACITATING INJURY,16,5,41.8958031149,-87.676987476,2026,30,POINT (-87.676987476 41.8958031149),,,,,2026-05-20,False,23,West Town
15674,30,STOP SIGN/FLASHER,FUNCTIONING PROPERLY,CLEAR,DAYLIGHT,PEDALCYCLIST,FOUR WAY,STRAIGHT AND LEVEL,DRY,NO DEFECTS,Y,EQUIPMENT - VEHICLE CONDITION,NOT APPLICABLE,,NONINCAPACITATING INJURY,16,5,41.6949783644,-87.7108610738,2026,30,POINT (-87.7108610738 41.6949783644),,,,,2026-05-20,False,73,Mount Greenwood
15675,30,NO CONTROLS,NO CONTROLS,CLEAR,DAYLIGHT,PEDALCYCLIST,NOT DIVIDED,STRAIGHT AND LEVEL,DRY,NO DEFECTS,,NOT APPLICABLE,NOT APPLICABLE,Y,"REPORTED, NOT EVIDENT",17,5,41.8899909027,-87.66758014,2026,30,POINT (-87.66758014 41.8899909027),,,,,2026-05-20,False,23,West Town
15676,30,STOP SIGN/FLASHER,FUNCTIONING PROPERLY,CLEAR,DAYLIGHT,PEDALCYCLIST,NOT DIVIDED,STRAIGHT AND LEVEL,DRY,UNKNOWN,,UNABLE TO DETERMINE,NOT APPLICABLE,,NO INDICATION OF INJURY,18,5,41.7060363657,-87.7063923669,2026,30,POINT (-87.7063923669 41.7060363657),,,,,2026-05-20,False,73,Mount Greenwood
15677,30,NO CONTROLS,NO CONTROLS,CLEAR,DARKNESS,PEDALCYCLIST,CENTER TURN LANE,STRAIGHT AND LEVEL,DRY,UNKNOWN,,UNABLE TO DETERMINE,NOT APPLICABLE,Y,NONINCAPACITATING INJURY,23,5,41.9395759643,-87.6871600959,2026,30,POINT (-87.6871600959 41.9395759643),,,,,2026-05-20,False,4,North Center
15678,30,NO CONTROLS,NO CONTROLS,CLEAR,DAYLIGHT,PEDALCYCLIST,NOT DIVIDED,STRAIGHT AND LEVEL,DRY,NO DEFECTS,,IMPROPER LANE USAGE,NOT APPLICABLE,,"REPORTED, NOT EVIDENT",14,5,41.8140834934,-87.7043569016,2026,30,POINT (-87.7043569016 41.8140834934),,,,,2026-05-21,False,57,Brighton Park
15679,10,NO CONTROLS,NO CONTROLS,CLEAR,DAYLIGHT,PEDALCYCLIST,ALLEY,STRAIGHT AND LEVEL,DRY,NO DEFECTS,Y,UNABLE TO DETERMINE,UNABLE TO DETERMINE,,NONINCAPACITATING INJURY,16,5,41.8381036947,-87.6334493998,2026,10,POINT (-87.6334493998 41.8381036947),,,,,2026-05-21,False,33,Armour Square
15680,30,UNKNOWN,UNKNOWN,CLEAR,"DARKNESS, LIGHTED ROAD",PEDALCYCLIST,NOT DIVIDED,STRAIGHT AND LEVEL,DRY,UNKNOWN,,FAILING TO YIELD RIGHT-OF-WAY,FAILING TO YIELD RIGHT-OF-WAY,,NONINCAPACITATING INJURY,19,5,41.8678670902,-87.6256868412,2026,30,POINT (-87.6256868412 41.8678670902),,,,,2026-05-21,False,31,Loop
15681,30,NO CONTROLS,NO CONTROLS,CLEAR,"DARKNESS, LIGHTED ROAD",PEDALCYCLIST,NOT DIVIDED,STRAIGHT AND LEVEL,DRY,NO DEFECTS,,IMPROPER LANE USAGE,NOT APPLICABLE,,NONINCAPACITATING INJURY,0,5,41.8865130706,-87.7421832698,2026,30,POINT (-87.7421832698 41.8865130706),,,,,2026-05-22,False,24,Austin
15682,30,TRAFFIC SIGNAL,FUNCTIONING PROPERLY,CLEAR,DAYLIGHT,PEDALCYCLIST,DIVIDED - W/MEDIAN BARRIER,STRAIGHT AND LEVEL,DRY,NO DEFECTS,,UNABLE TO DETERMINE,UNABLE TO DETERMINE,,NONINCAPACITATING INJURY,5,5,41.8672254066,-87.6492377885,2026,30,POINT (-87.6492377885 41.8672254066),,,,,2026-05-22,False,27,Near West Side
15683,15,NO CONTROLS,NO CONTROLS,CLEAR,DAYLIGHT,PEDALCYCLIST,ONE-WAY,STRAIGHT AND LEVEL,DRY,UNKNOWN,,DRIVING ON WRONG SIDE/WRONG WAY,DRIVING ON WRONG SIDE/WRONG WAY,,NO INDICATION OF INJURY,7,5,41.9240720028,-87.796625952,2026,15,POINT (-87.796625952 41.9240720028),,,,,2026-05-22,False,17,Montclare
15684,30,NO CONTROLS,NO CONTROLS,CLEAR,DAYLIGHT,PEDALCYCLIST,DIVIDED - W/MEDIAN (NOT RAISED),STRAIGHT AND LEVEL,DRY,NO DEFECTS,,FAILING TO YIELD RIGHT-OF-WAY,UNABLE TO DETERMINE,,NONINCAPACITATING INJURY,7,5,41.962288244,-87.6960112967,2026,30,POINT (-87.6960112967 41.962288244),,,,,2026-05-22,False,3,Lincoln Square
15685,25,STOP SIGN/FLASHER,FUNCTIONING PROPERLY,CLEAR,DAYLIGHT,PEDALCYCLIST,FOUR WAY,STRAIGHT AND LEVEL,DRY,NO DEFECTS,Y,FAILING TO YIELD RIGHT-OF-WAY,NOT APPLICABLE,,INCAPACITATING INJURY,9,5,41.8898339228,-87.6769997238,2026,25,POINT (-87.6769997238 41.8898339228),,,,,2026-05-22,True,23,West Town
15686,25,NO CONTROLS,NO CONTROLS,CLEAR,DAYLIGHT,PEDALCYCLIST,NOT DIVIDED,STRAIGHT AND LEVEL,DRY,OTHER,,IMPROPER LANE USAGE,UNABLE TO DETERMINE,Y,NO INDICATION OF INJURY,9,5,41.7638528271,-87.5761044165,2026,25,POINT (-87.5761044165 41.7638528271),,,,,2026-05-22,False,42,South Shore
15687,30,NO CONTROLS,NO CONTROLS,CLEAR,DAYLIGHT,PEDALCYCLIST,NOT DIVIDED,STRAIGHT AND LEVEL,DRY,NO DEFECTS,,FOLLOWING TOO CLOSELY,UNABLE TO DETERMINE,,NONINCAPACITATING INJURY,11,5,41.8381549837,-87.6647409927,2026,30,POINT (-87.6647409927 41.8381549837),,,,,2026-05-22,False,30,Lower West Side
15688,30,NO CONTROLS,NO CONTROLS,CLEAR,DAYLIGHT,PEDALCYCLIST,DIVIDED - W/MEDIAN BARRIER,STRAIGHT AND LEVEL,DRY,NO DEFECTS,,IMPROPER TURNING/NO SIGNAL,NOT APPLICABLE,,INCAPACITATING INJURY,13,5,41.8892720518,-87.6268805252,2026,30,POINT (-87.6268805252 41.8892720518),,,,,2026-05-22,True,7,Near North Side
15689,30,TRAFFIC SIGNAL,FUNCTIONING PROPERLY,CLEAR,DAYLIGHT,PEDALCYCLIST,T-INTERSECTION,STRAIGHT AND LEVEL,DRY,NO DEFECTS,,NOT APPLICABLE,NOT APPLICABLE,,INCAPACITATING INJURY,13,5,41.986641676,-87.6699474637,2026,30,POINT (-87.6699474637 41.986641676),,,,,2026-05-22,True,76,Edgewater
15690,30,NO CONTROLS,NO CONTROLS,CLEAR,DAYLIGHT,PEDALCYCLIST,NOT DIVIDED,STRAIGHT AND LEVEL,DRY,NO DEFECTS,,UNABLE TO DETERMINE,NOT APPLICABLE,,NONINCAPACITATING INJURY,14,5,41.9040073835,-87.6771341239,2026,30,POINT (-87.6771341239 41.9040073835),,,,,2026-05-22,False,23,West Town
15691,30,TRAFFIC SIGNAL,FUNCTIONING PROPERLY,CLEAR,DAYLIGHT,PEDALCYCLIST,DIVIDED - W/MEDIAN (NOT RAISED),STRAIGHT AND LEVEL,DRY,NO DEFECTS,Y,UNABLE TO DETERMINE,UNABLE TO DETERMINE,,NONINCAPACITATING INJURY,14,5,41.961343433,-87.6983583809,2026,30,POINT (-87.6983583809 41.961343433),,,,,2026-05-22,False,3,Lincoln Square
15692,30,TRAFFIC SIGNAL,FUNCTIONING PROPERLY,CLEAR,DAYLIGHT,PEDALCYCLIST,NOT DIVIDED,STRAIGHT AND LEVEL,DRY,NO DEFECTS,,FAILING TO YIELD RIGHT-OF-WAY,NOT APPLICABLE,,"REPORTED, NOT EVIDENT",17,5,41.896633749,-87.6343513372,2026,30,POINT (-87.6343513372 41.896633749),,,,,2026-05-22,False,7,Near North Side
15693,30,STOP SIGN/FLASHER,FUNCTIONING PROPERLY,CLEAR,DAYLIGHT,PEDALCYCLIST,FOUR WAY,STRAIGHT AND LEVEL,DRY,NO DEFECTS,,NOT APPLICABLE,NOT APPLICABLE,,NO INDICATION OF INJURY,17,5,41.8077642909,-87.7246581159,2026,30,POINT (-87.7246581159 41.8077642909),,,,,2026-05-22,False,56,Archer Heights
15694,25,TRAFFIC SIGNAL,FUNCTIONING PROPERLY,CLEAR,"DARKNESS, LIGHTED ROAD",PEDALCYCLIST,NOT DIVIDED,STRAIGHT AND LEVEL,DRY,NO DEFECTS,Y,FAILING TO YIELD RIGHT-OF-WAY,FAILING TO YIELD RIGHT-OF-WAY,,NO INDICATION OF INJURY,17,5,41.8794915729,-87.6341641848,2026,25,POINT (-87.6341641848 41.8794915729),,,,,2026-05-22,False,31,Loop
15695,30,TRAFFIC SIGNAL,FUNCTIONING PROPERLY,CLEAR,DAYLIGHT,PEDALCYCLIST,TRAFFIC ROUTE,STRAIGHT AND LEVEL,DRY,UNKNOWN,Y,UNABLE TO DETERMINE,UNABLE TO DETERMINE,,NONINCAPACITATING INJURY,18,5,41.8932993468,-87.6340394579,2026,30,POINT (-87.6340394579 41.8932993468),,,,,2026-05-22,False,7,Near North Side
15696,30,NO CONTROLS,NO CONTROLS,CLEAR,DAYLIGHT,PEDALCYCLIST,DIVIDED - W/MEDIAN (NOT RAISED),STRAIGHT AND LEVEL,DRY,NO DEFECTS,,FAILING TO REDUCE SPEED TO AVOID CRASH,NOT APPLICABLE,,NONINCAPACITATING INJURY,5,5,41.9534932787,-87.7457286099,2026,30,POINT (-87.7457286099 41.9534932787),,,,,2026-05-23,False,14,Portage Park
15697,30,STOP SIGN/FLASHER,FUNCTIONING PROPERLY,CLEAR,DAYLIGHT,PEDALCYCLIST,FOUR WAY,STRAIGHT AND LEVEL,DRY,UNKNOWN,N,UNABLE TO DETERMINE,UNABLE TO DETERMINE,,NONINCAPACITATING INJURY,15,5,41.760358615,-87.6142501182,2026,30,POINT (-87.6142501182 41.760358615),,,,,2026-05-23,False,68,Grand Crossing