Unnamed: 0,POSTED_SPEED_LIMIT,TRAFFIC_CONTROL_DEVICE,DEVICE_CONDITION,WEATHER_CONDITION,LIGHTING_CONDITION,FIRST_CRASH_TYPE,TRAFFICWAY_TYPE,ALIGNMENT,ROADWAY_SURFACE_COND,ROAD_DEFECT,INTERSECTION_RELATED_I,PRIM_CONTRIBUTORY_CAUSE,SEC_CONTRIBUTORY_CAUSE,DOORING_I,MOST_SEVERE_INJURY,CRASH_HOUR,CRASH_MONTH,LATITUDE,LONGITUDE,CRASH_YEAR,SPEED_LIMIT,geometry,DISPLAYROU,the_geom,DIST,LANE_TYPE,CRASH_DATE,is_severe,index_right,CArea
15698,30,STOP SIGN/FLASHER,FUNCTIONING PROPERLY,CLEAR,DAYLIGHT,PEDALCYCLIST,FOUR WAY,STRAIGHT AND LEVEL,DRY,NO DEFECTS,N,FAILING TO YIELD RIGHT-OF-WAY,FAILING TO REDUCE SPEED TO AVOID CRASH,,NONINCAPACITATING INJURY,16,5,41.9169782,-87.7326054445,2026,30,POINT (-87.7326054445 41.9169782),,,,,2026-05-23,False,19,Hermosa
15699,30,NO CONTROLS,NO CONTROLS,CLEAR,DAYLIGHT,PEDALCYCLIST,NOT DIVIDED,STRAIGHT AND LEVEL,DRY,NO DEFECTS,,UNABLE TO DETERMINE,UNABLE TO DETERMINE,Y,NO INDICATION OF INJURY,17,5,41.8600706762,-87.6272142235,2026,30,POINT (-87.6272142235 41.8600706762),,,,,2026-05-23,False,32,Near South Side
15700,30,STOP SIGN/FLASHER,FUNCTIONING PROPERLY,CLEAR,DAYLIGHT,PEDALCYCLIST,FOUR WAY,STRAIGHT AND LEVEL,DRY,NO DEFECTS,Y,UNABLE TO DETERMINE,NOT APPLICABLE,,NONINCAPACITATING INJURY,18,5,41.6894292446,-87.7106457408,2026,30,POINT (-87.7106457408 41.6894292446),,,,,2026-05-23,False,73,Mount Greenwood
15701,35,TRAFFIC SIGNAL,FUNCTIONING PROPERLY,CLEAR,"DARKNESS, LIGHTED ROAD",PEDALCYCLIST,FOUR WAY,STRAIGHT AND LEVEL,DRY,NO DEFECTS,Y,UNABLE TO DETERMINE,NOT APPLICABLE,,NO INDICATION OF INJURY,22,5,41.9037455573,-87.6481670106,2026,35,POINT (-87.6481670106 41.9037455573),,,,,2026-05-23,False,7,Near North Side
15702,30,STOP SIGN/FLASHER,FUNCTIONING PROPERLY,CLEAR,"DARKNESS, LIGHTED ROAD",PEDALCYCLIST,T-INTERSECTION,STRAIGHT AND LEVEL,DRY,NO DEFECTS,,FAILING TO YIELD RIGHT-OF-WAY,NOT APPLICABLE,,NONINCAPACITATING INJURY,22,5,41.9979213444,-87.683943863,2026,30,POINT (-87.683943863 41.9979213444),,,,,2026-05-23,False,1,West Ridge
15703,30,NO CONTROLS,NO CONTROLS,CLEAR,"DARKNESS, LIGHTED ROAD",PEDALCYCLIST,DIVIDED - W/MEDIAN (NOT RAISED),STRAIGHT AND LEVEL,DRY,NO DEFECTS,,IMPROPER LANE USAGE,NOT APPLICABLE,N,NONINCAPACITATING INJURY,4,5,41.9040195469,-87.6298419209,2026,30,POINT (-87.6298419209 41.9040195469),,,,,2026-05-24,False,7,Near North Side
15704,30,NO CONTROLS,NO CONTROLS,CLEAR,DAYLIGHT,PEDALCYCLIST,NOT DIVIDED,STRAIGHT AND LEVEL,DRY,NO DEFECTS,,FAILING TO YIELD RIGHT-OF-WAY,NOT APPLICABLE,Y,NONINCAPACITATING INJURY,14,5,41.9338453021,-87.6455578749,2026,30,POINT (-87.6455578749 41.9338453021),,,,,2026-05-24,False,5,Lake View
15705,30,STOP SIGN/FLASHER,FUNCTIONING PROPERLY,CLEAR,DAYLIGHT,PEDALCYCLIST,FOUR WAY,STRAIGHT AND LEVEL,DRY,NO DEFECTS,Y,UNABLE TO DETERMINE,UNABLE TO DETERMINE,,NONINCAPACITATING INJURY,15,5,41.8022403819,-87.6015122712,2026,30,POINT (-87.6015122712 41.8022403819),,,,,2026-05-24,False,40,Hyde Park
15706,30,TRAFFIC SIGNAL,FUNCTIONING PROPERLY,CLEAR,DAYLIGHT,PEDALCYCLIST,TRAFFIC ROUTE,STRAIGHT AND LEVEL,DRY,NO DEFECTS,Y,DRIVING ON WRONG SIDE/WRONG WAY,FAILING TO YIELD RIGHT-OF-WAY,,NONINCAPACITATING INJURY,18,5,41.7289307234,-87.6253827563,2026,30,POINT (-87.6253827563 41.7289307234),,,,,2026-05-24,False,43,Chatham
15707,15,NO CONTROLS,NO CONTROLS,CLEAR,DAYLIGHT,PEDALCYCLIST,ALLEY,STRAIGHT AND LEVEL,DRY,NO DEFECTS,,FAILING TO YIELD RIGHT-OF-WAY,FAILING TO REDUCE SPEED TO AVOID CRASH,,NO INDICATION OF INJURY,18,5,41.9109172463,-87.6736682434,2026,15,POINT (-87.6736682434 41.9109172463),,,,,2026-05-24,False,6,Lincoln Park
15708,30,TRAFFIC SIGNAL,FUNCTIONING PROPERLY,RAIN,DAYLIGHT,PEDALCYCLIST,FOUR WAY,STRAIGHT AND LEVEL,DRY,NO DEFECTS,Y,FAILING TO YIELD RIGHT-OF-WAY,NOT APPLICABLE,,NO INDICATION OF INJURY,19,5,41.7897908215,-87.7035987697,2026,30,POINT (-87.7035987697 41.7897908215),,,,,2026-05-24,False,62,Gage Park
15709,30,TRAFFIC SIGNAL,FUNCTIONING PROPERLY,CLEAR,"DARKNESS, LIGHTED ROAD",PEDALCYCLIST,FOUR WAY,STRAIGHT AND LEVEL,DRY,NO DEFECTS,,FAILING TO YIELD RIGHT-OF-WAY,FAILING TO YIELD RIGHT-OF-WAY,,NONINCAPACITATING INJURY,20,5,41.809657473,-87.6037522889,2026,30,POINT (-87.6037522889 41.809657473),,,,,2026-05-24,False,38,Kenwood
15710,30,NO CONTROLS,NO CONTROLS,CLEAR,DARKNESS,PEDALCYCLIST,ONE-WAY,STRAIGHT AND LEVEL,DRY,NO DEFECTS,,UNABLE TO DETERMINE,NOT APPLICABLE,,NONINCAPACITATING INJURY,22,5,41.6964221538,-87.6194318011,2026,30,POINT (-87.6194318011 41.6964221538),,,,,2026-05-24,False,48,Roseland
15711,30,TRAFFIC SIGNAL,FUNCTIONING PROPERLY,CLEAR,"DARKNESS, LIGHTED ROAD",PEDALCYCLIST,FOUR WAY,STRAIGHT AND LEVEL,DRY,NO DEFECTS,,HAD BEEN DRINKING (USE WHEN ARREST IS NOT MADE),NOT APPLICABLE,,NONINCAPACITATING INJURY,22,5,41.9687318091,-87.6740254987,2026,30,POINT (-87.6740254987 41.9687318091),,,,,2026-05-24,False,2,Uptown
15712,30,NO CONTROLS,NO CONTROLS,CLEAR,"DARKNESS, LIGHTED ROAD",PEDALCYCLIST,NOT DIVIDED,STRAIGHT AND LEVEL,DRY,NO DEFECTS,,UNABLE TO DETERMINE,NOT APPLICABLE,Y,NONINCAPACITATING INJURY,22,5,41.8580870696,-87.6550087875,2026,30,POINT (-87.6550087875 41.8580870696),,,,,2026-05-24,False,27,Near West Side
15713,35,TRAFFIC SIGNAL,FUNCTIONING PROPERLY,CLEAR,"DARKNESS, LIGHTED ROAD",PEDALCYCLIST,DIVIDED - W/MEDIAN (NOT RAISED),STRAIGHT AND LEVEL,DRY,NO DEFECTS,Y,FAILING TO YIELD RIGHT-OF-WAY,UNABLE TO DETERMINE,,NONINCAPACITATING INJURY,23,5,41.7502622404,-87.6635801171,2026,35,POINT (-87.6635801171 41.7502622404),,,,,2026-05-24,False,70,Auburn Gresham
15714,30,NO CONTROLS,UNKNOWN,CLEAR,DAYLIGHT,PEDALCYCLIST,NOT DIVIDED,STRAIGHT AND LEVEL,DRY,NO DEFECTS,,DISTRACTION - FROM INSIDE VEHICLE,UNABLE TO DETERMINE,,NO INDICATION OF INJURY,15,5,41.9803526839,-87.6684655037,2026,30,POINT (-87.6684655037 41.9803526839),,,,,2026-05-25,False,76,Edgewater
15715,30,NO CONTROLS,NO CONTROLS,CLEAR,DAYLIGHT,PEDALCYCLIST,NOT DIVIDED,STRAIGHT AND LEVEL,DRY,WORN SURFACE,,FAILING TO YIELD RIGHT-OF-WAY,NOT APPLICABLE,,NONINCAPACITATING INJURY,17,5,41.8242500893,-87.6874207672,2026,30,POINT (-87.6874207672 41.8242500893),,,,,2026-05-25,False,29,South Lawndale
15716,30,TRAFFIC SIGNAL,FUNCTIONING PROPERLY,CLEAR,DAYLIGHT,PEDALCYCLIST,CENTER TURN LANE,STRAIGHT AND LEVEL,DRY,NO DEFECTS,Y,FAILING TO YIELD RIGHT-OF-WAY,FAILING TO YIELD RIGHT-OF-WAY,,NONINCAPACITATING INJURY,17,5,41.8878846471,-87.6205117403,2026,30,POINT (-87.6205117403 41.8878846471),,,,,2026-05-25,False,7,Near North Side
15717,25,UNKNOWN,NO CONTROLS,CLEAR,DAYLIGHT,PEDALCYCLIST,NOT DIVIDED,STRAIGHT AND LEVEL,DRY,NO DEFECTS,Y,UNABLE TO DETERMINE,NOT APPLICABLE,,INCAPACITATING INJURY,12,5,41.9672374822,-87.6642056403,2026,25,POINT (-87.6642056403 41.9672374822),,,,,2026-05-26,True,2,Uptown
15718,30,NO CONTROLS,NO CONTROLS,CLEAR,DAYLIGHT,PEDALCYCLIST,NOT DIVIDED,STRAIGHT AND LEVEL,DRY,NO DEFECTS,,IMPROPER BACKING,NOT APPLICABLE,,NO INDICATION OF INJURY,12,5,41.8863516045,-87.6326139455,2026,30,POINT (-87.6326139455 41.8863516045),,,,,2026-05-26,False,7,Near North Side
15719,30,UNKNOWN,UNKNOWN,CLEAR,DAYLIGHT,PEDALCYCLIST,DIVIDED - W/MEDIAN (NOT RAISED),STRAIGHT AND LEVEL,DRY,UNKNOWN,,UNABLE TO DETERMINE,UNABLE TO DETERMINE,,NONINCAPACITATING INJURY,12,5,41.7504418275,-87.6651338648,2026,30,POINT (-87.6651338648 41.7504418275),,,,,2026-05-26,False,70,Auburn Gresham
15720,30,NO CONTROLS,NO CONTROLS,CLEAR,DAYLIGHT,PEDALCYCLIST,NOT DIVIDED,STRAIGHT AND LEVEL,DRY,NO DEFECTS,,UNABLE TO DETERMINE,UNABLE TO DETERMINE,Y,NONINCAPACITATING INJURY,15,5,41.9572798667,-87.6496327711,2026,30,POINT (-87.6496327711 41.9572798667),,,,,2026-05-26,False,2,Uptown
15721,25,TRAFFIC SIGNAL,FUNCTIONING PROPERLY,CLEAR,DAYLIGHT,PEDALCYCLIST,NOT DIVIDED,STRAIGHT AND LEVEL,DRY,NO DEFECTS,Y,DISREGARDING TRAFFIC SIGNALS,DISREGARDING TRAFFIC SIGNALS,,"REPORTED, NOT EVIDENT",16,5,41.8916244634,-87.6342167502,2026,25,POINT (-87.6342167502 41.8916244634),,,,,2026-05-26,False,7,Near North Side
15722,30,TRAFFIC SIGNAL,FUNCTIONING PROPERLY,CLEAR,DAYLIGHT,PEDALCYCLIST,NOT DIVIDED,STRAIGHT AND LEVEL,DRY,NO DEFECTS,,DISREGARDING TRAFFIC SIGNALS,DISREGARDING TRAFFIC SIGNALS,,"REPORTED, NOT EVIDENT",19,5,41.9290197721,-87.7070993019,2026,30,POINT (-87.7070993019 41.9290197721),,,,,2026-05-26,False,21,Logan Square
15723,25,STOP SIGN/FLASHER,FUNCTIONING PROPERLY,CLEAR,DAYLIGHT,PEDALCYCLIST,FOUR WAY,STRAIGHT AND LEVEL,DRY,NO DEFECTS,,IMPROPER TURNING/NO SIGNAL,NOT APPLICABLE,,NO INDICATION OF INJURY,19,5,41.8918993754,-87.716274366,2026,25,POINT (-87.716274366 41.8918993754),,,,,2026-05-26,False,22,Humboldt Park
15724,30,NO CONTROLS,NO CONTROLS,CLEAR,DARKNESS,PEDALCYCLIST,NOT DIVIDED,STRAIGHT AND LEVEL,DRY,NO DEFECTS,,FAILING TO YIELD RIGHT-OF-WAY,UNABLE TO DETERMINE,,NO INDICATION OF INJURY,0,5,41.9975842073,-87.6920890006,2026,30,POINT (-87.6920890006 41.9975842073),,,,,2026-05-27,False,1,West Ridge
15725,30,NO CONTROLS,NO CONTROLS,CLEAR,DAYLIGHT,PEDALCYCLIST,NOT DIVIDED,STRAIGHT AND LEVEL,DRY,UNKNOWN,,IMPROPER OVERTAKING/PASSING,IMPROPER LANE USAGE,N,NONINCAPACITATING INJURY,7,5,41.7745091286,-87.6363587539,2026,30,POINT (-87.6363587539 41.7745091286),,,,,2026-05-27,False,67,Englewood
15726,30,TRAFFIC SIGNAL,FUNCTIONING PROPERLY,CLEAR,DAYLIGHT,PEDALCYCLIST,DIVIDED - W/MEDIAN (NOT RAISED),STRAIGHT AND LEVEL,DRY,NO DEFECTS,,FAILING TO YIELD RIGHT-OF-WAY,FAILING TO YIELD RIGHT-OF-WAY,,NONINCAPACITATING INJURY,8,5,41.7361451282,-87.626917844,2026,30,POINT (-87.626917844 41.7361451282),,,,,2026-05-27,False,43,Chatham
15727,30,TRAFFIC SIGNAL,FUNCTIONING PROPERLY,CLEAR,DAYLIGHT,PEDALCYCLIST,FOUR WAY,STRAIGHT AND LEVEL,DRY,NO DEFECTS,Y,FAILING TO YIELD RIGHT-OF-WAY,NOT APPLICABLE,,NONINCAPACITATING INJURY,8,5,41.8804880379,-87.7545930305,2026,30,POINT (-87.7545930305 41.8804880379),,,,,2026-05-27,False,24,Austin
15728,30,NO CONTROLS,NO CONTROLS,CLEAR,DAYLIGHT,PEDALCYCLIST,NOT DIVIDED,STRAIGHT AND LEVEL,DRY,NO DEFECTS,,UNABLE TO DETERMINE,UNABLE TO DETERMINE,,"REPORTED, NOT EVIDENT",12,5,41.9105005577,-87.6825784074,2026,30,POINT (-87.6825784074 41.9105005577),,,,,2026-05-27,False,23,West Town
15729,35,NO CONTROLS,NO CONTROLS,CLEAR,DAYLIGHT,PEDALCYCLIST,NOT DIVIDED,STRAIGHT AND LEVEL,DRY,UNKNOWN,,UNABLE TO DETERMINE,NOT APPLICABLE,,NO INDICATION OF INJURY,12,5,42.0163226059,-87.6701767498,2026,35,POINT (-87.6701767498 42.0163226059),,,,,2026-05-27,False,0,Rogers Park
15730,25,TRAFFIC SIGNAL,FUNCTIONING PROPERLY,CLEAR,DAYLIGHT,PEDALCYCLIST,T-INTERSECTION,STRAIGHT AND LEVEL,DRY,NO DEFECTS,,UNABLE TO DETERMINE,UNABLE TO DETERMINE,,"REPORTED, NOT EVIDENT",14,5,41.839134768,-87.6628943759,2026,25,POINT (-87.6628943759 41.839134768),,,,,2026-05-27,False,30,Lower West Side
15731,30,NO CONTROLS,NO CONTROLS,CLEAR,DAYLIGHT,PEDALCYCLIST,DIVIDED - W/MEDIAN (NOT RAISED),STRAIGHT AND LEVEL,DRY,NO DEFECTS,Y,UNABLE TO DETERMINE,NOT APPLICABLE,,INCAPACITATING INJURY,15,5,41.82520512,-87.7043303099,2026,30,POINT (-87.7043303099 41.82520512),,,,,2026-05-27,True,29,South Lawndale
15732,30,NO CONTROLS,NO CONTROLS,CLEAR,DAYLIGHT,PEDALCYCLIST,NOT DIVIDED,STRAIGHT AND LEVEL,DRY,NO DEFECTS,,FAILING TO YIELD RIGHT-OF-WAY,NOT APPLICABLE,,"REPORTED, NOT EVIDENT",17,5,41.8802735193,-87.6536490254,2026,30,POINT (-87.6536490254 41.8802735193),,,,,2026-05-27,False,27,Near West Side
15733,30,NO CONTROLS,NO CONTROLS,CLEAR,DAYLIGHT,PEDALCYCLIST,NOT DIVIDED,STRAIGHT AND LEVEL,DRY,UNKNOWN,,"OPERATING VEHICLE IN ERRATIC, RECKLESS, CARELESS, NEGLIGENT OR AGGRESSIVE MANNER",NOT APPLICABLE,,NONINCAPACITATING INJURY,18,5,41.9541748304,-87.6789019611,2026,30,POINT (-87.6789019611 41.9541748304),,,,,2026-05-27,False,4,North Center
15734,30,NO CONTROLS,NO CONTROLS,CLEAR,DAYLIGHT,PEDALCYCLIST,NOT DIVIDED,STRAIGHT AND LEVEL,DRY,NO DEFECTS,,UNABLE TO DETERMINE,UNABLE TO DETERMINE,,NONINCAPACITATING INJURY,19,5,41.7869753438,-87.6561323753,2026,30,POINT (-87.6561323753 41.7869753438),,,,,2026-05-27,False,66,Englewood
15735,30,TRAFFIC SIGNAL,FUNCTIONING PROPERLY,CLEAR,DAYLIGHT,PEDALCYCLIST,FOUR WAY,STRAIGHT AND LEVEL,DRY,NO DEFECTS,,FAILING TO YIELD RIGHT-OF-WAY,FOLLOWING TOO CLOSELY,,"REPORTED, NOT EVIDENT",19,5,41.8470365203,-87.6465433287,2026,30,POINT (-87.6465433287 41.8470365203),,,,,2026-05-27,False,30,Lower West Side
15736,30,NO CONTROLS,NO CONTROLS,CLEAR,DARKNESS,PEDALCYCLIST,NOT DIVIDED,STRAIGHT AND LEVEL,DRY,UNKNOWN,,UNABLE TO DETERMINE,UNABLE TO DETERMINE,Y,NONINCAPACITATING INJURY,20,5,42.0020195345,-87.6654842976,2026,30,POINT (-87.6654842976 42.0020195345),,,,,2026-05-27,False,0,Rogers Park
15737,30,NO CONTROLS,NO CONTROLS,CLEAR,"DARKNESS, LIGHTED ROAD",PEDALCYCLIST,NOT DIVIDED,STRAIGHT AND LEVEL,DRY,NO DEFECTS,,IMPROPER OVERTAKING/PASSING,NOT APPLICABLE,,NO INDICATION OF INJURY,3,5,41.7983234463,-87.7639218405,2026,30,POINT (-87.7639218405 41.7983234463),,,,,2026-05-28,False,55,Garfield Ridge
15738,30,NO CONTROLS,NO CONTROLS,CLEAR,DAYLIGHT,PEDALCYCLIST,DIVIDED - W/MEDIAN (NOT RAISED),STRAIGHT AND LEVEL,DRY,UNKNOWN,,UNABLE TO DETERMINE,NOT APPLICABLE,,NONINCAPACITATING INJURY,8,5,41.9172618697,-87.757073782,2026,30,POINT (-87.757073782 41.9172618697),,,,,2026-05-28,False,18,Belmont Cragin
15739,30,STOP SIGN/FLASHER,FUNCTIONING PROPERLY,CLEAR,DAYLIGHT,PEDALCYCLIST,NOT DIVIDED,STRAIGHT AND LEVEL,DRY,NO DEFECTS,Y,UNABLE TO DETERMINE,UNABLE TO DETERMINE,,"REPORTED, NOT EVIDENT",8,5,41.9418382812,-87.6494757138,2026,30,POINT (-87.6494757138 41.9418382812),,,,,2026-05-28,False,5,Lake View
15740,25,NO CONTROLS,NO CONTROLS,CLEAR,DAYLIGHT,PEDALCYCLIST,NOT DIVIDED,STRAIGHT AND LEVEL,DRY,NO DEFECTS,,FAILING TO YIELD RIGHT-OF-WAY,FAILING TO YIELD RIGHT-OF-WAY,,"REPORTED, NOT EVIDENT",12,5,41.9616671369,-87.6497605695,2026,25,POINT (-87.6497605695 41.9616671369),,,,,2026-05-28,False,2,Uptown
15741,30,NO CONTROLS,NO CONTROLS,CLEAR,DAYLIGHT,PEDALCYCLIST,DIVIDED - W/MEDIAN (NOT RAISED),STRAIGHT AND LEVEL,DRY,NO DEFECTS,,FAILING TO YIELD RIGHT-OF-WAY,NOT APPLICABLE,,NONINCAPACITATING INJURY,13,5,41.92088101,-87.6635894117,2026,30,POINT (-87.6635894117 41.92088101),,,,,2026-05-28,False,6,Lincoln Park
15742,30,NO CONTROLS,NO CONTROLS,CLEAR,DAYLIGHT,PEDALCYCLIST,FOUR WAY,STRAIGHT AND LEVEL,DRY,NO DEFECTS,Y,FAILING TO YIELD RIGHT-OF-WAY,FAILING TO YIELD RIGHT-OF-WAY,,NO INDICATION OF INJURY,14,5,41.988131169,-87.6696427751,2026,30,POINT (-87.6696427751 41.988131169),,,,,2026-05-28,False,76,Edgewater
15743,30,NO CONTROLS,NO CONTROLS,CLEAR,DAYLIGHT,PEDALCYCLIST,ONE-WAY,STRAIGHT AND LEVEL,DRY,NO DEFECTS,,NOT APPLICABLE,NOT APPLICABLE,,NO INDICATION OF INJURY,15,5,41.7785107151,-87.7335977496,2026,30,POINT (-87.7335977496 41.7785107151),,,,,2026-05-28,False,64,West Lawn
15744,30,UNKNOWN,UNKNOWN,CLEAR,DAYLIGHT,PEDALCYCLIST,PARKING LOT,STRAIGHT AND LEVEL,UNKNOWN,UNKNOWN,,UNABLE TO DETERMINE,NOT APPLICABLE,,NO INDICATION OF INJURY,15,5,41.8529802641,-87.6256484724,2026,30,POINT (-87.6256484724 41.8529802641),,,,,2026-05-28,False,32,Near South Side
15745,25,STOP SIGN/FLASHER,FUNCTIONING PROPERLY,CLEAR,DAYLIGHT,PEDALCYCLIST,FOUR WAY,STRAIGHT AND LEVEL,DRY,NO DEFECTS,Y,FAILING TO YIELD RIGHT-OF-WAY,NOT APPLICABLE,,NO INDICATION OF INJURY,17,5,41.8137166787,-87.6893253765,2026,25,POINT (-87.6893253765 41.8137166787),,,,,2026-05-28,False,57,Brighton Park
15746,30,NO CONTROLS,NO CONTROLS,CLEAR,DAYLIGHT,PEDALCYCLIST,NOT DIVIDED,STRAIGHT AND LEVEL,DRY,NO DEFECTS,Y,FAILING TO YIELD RIGHT-OF-WAY,NOT APPLICABLE,,NONINCAPACITATING INJURY,17,5,41.9241751853,-87.7428748898,2026,30,POINT (-87.7428748898 41.9241751853),,,,,2026-05-28,False,18,Belmont Cragin
15747,25,TRAFFIC SIGNAL,FUNCTIONING PROPERLY,CLEAR,DAYLIGHT,PEDALCYCLIST,ONE-WAY,STRAIGHT AND LEVEL,DRY,NO DEFECTS,Y,FAILING TO YIELD RIGHT-OF-WAY,NOT APPLICABLE,,"REPORTED, NOT EVIDENT",18,5,41.8843128311,-87.6411232666,2026,25,POINT (-87.6411232666 41.8843128311),,,,,2026-05-28,False,27,Near West Side
15748,30,NO CONTROLS,NO CONTROLS,CLEAR,DAYLIGHT,PEDALCYCLIST,NOT DIVIDED,STRAIGHT AND LEVEL,DRY,NO DEFECTS,,UNABLE TO DETERMINE,NOT APPLICABLE,,NONINCAPACITATING INJURY,18,5,41.7797313871,-87.6536036813,2026,30,POINT (-87.6536036813 41.7797313871),,,,,2026-05-28,False,67,Englewood
15749,30,TRAFFIC SIGNAL,UNKNOWN,CLEAR,DAYLIGHT,PEDALCYCLIST,DIVIDED - W/MEDIAN (NOT RAISED),STRAIGHT AND LEVEL,DRY,UNKNOWN,,IMPROPER LANE USAGE,NOT APPLICABLE,,"REPORTED, NOT EVIDENT",13,5,41.8918642666,-87.6230434937,2026,30,POINT (-87.6230434937 41.8918642666),,,,,2026-05-29,False,7,Near North Side
15750,30,NO CONTROLS,NO CONTROLS,CLEAR,DAYLIGHT,PEDALCYCLIST,NOT DIVIDED,STRAIGHT AND LEVEL,DRY,NO DEFECTS,,IMPROPER OVERTAKING/PASSING,NOT APPLICABLE,,"REPORTED, NOT EVIDENT",13,5,41.7863165423,-87.6924335567,2026,30,POINT (-87.6924335567 41.7863165423),,,,,2026-05-29,False,62,Gage Park
15751,30,NO CONTROLS,NO CONTROLS,CLEAR,DAYLIGHT,PEDALCYCLIST,DIVIDED - W/MEDIAN (NOT RAISED),STRAIGHT AND LEVEL,DRY,UNKNOWN,,UNABLE TO DETERMINE,UNABLE TO DETERMINE,,NO INDICATION OF INJURY,16,5,41.9317429656,-87.7219450765,2026,30,POINT (-87.7219450765 41.9317429656),,,,,2026-05-29,False,20,Avondale
15752,35,TRAFFIC SIGNAL,FUNCTIONING PROPERLY,CLEAR,DAYLIGHT,PEDALCYCLIST,FOUR WAY,STRAIGHT AND LEVEL,DRY,NO DEFECTS,Y,FAILING TO YIELD RIGHT-OF-WAY,NOT APPLICABLE,,INCAPACITATING INJURY,17,5,41.9247124142,-87.7170573515,2026,35,POINT (-87.7170573515 41.9247124142),,,,,2026-05-29,True,21,Logan Square
15753,20,NO CONTROLS,NO CONTROLS,CLEAR,DAYLIGHT,PEDALCYCLIST,ALLEY,STRAIGHT AND LEVEL,DRY,NO DEFECTS,,FAILING TO YIELD RIGHT-OF-WAY,FAILING TO REDUCE SPEED TO AVOID CRASH,,NONINCAPACITATING INJURY,18,5,41.9293087931,-87.7685489693,2026,20,POINT (-87.7685489693 41.9293087931),,,,,2026-05-29,False,18,Belmont Cragin
15754,30,TRAFFIC SIGNAL,FUNCTIONING PROPERLY,CLEAR,"DARKNESS, LIGHTED ROAD",PEDALCYCLIST,FOUR WAY,STRAIGHT AND LEVEL,DRY,NO DEFECTS,,NOT APPLICABLE,NOT APPLICABLE,,NONINCAPACITATING INJURY,22,5,41.9683641319,-87.7083208865,2026,30,POINT (-87.7083208865 41.9683641319),,,,,2026-05-29,False,13,Albany Park
15755,30,TRAFFIC SIGNAL,UNKNOWN,CLEAR,"DARKNESS, LIGHTED ROAD",PEDALCYCLIST,NOT DIVIDED,STRAIGHT AND LEVEL,UNKNOWN,UNKNOWN,,UNABLE TO DETERMINE,UNABLE TO DETERMINE,,NO INDICATION OF INJURY,23,5,41.968539734,-87.7086221452,2026,30,POINT (-87.7086221452 41.968539734),,,,,2026-05-29,False,13,Albany Park
15756,30,NO CONTROLS,NO CONTROLS,CLEAR,DAYLIGHT,PEDALCYCLIST,NOT DIVIDED,STRAIGHT AND LEVEL,UNKNOWN,UNKNOWN,,DRIVING SKILLS/KNOWLEDGE/EXPERIENCE,NOT APPLICABLE,,NONINCAPACITATING INJURY,12,5,41.8581282111,-87.6611125635,2026,30,POINT (-87.6611125635 41.8581282111),,,,,2026-05-30,False,27,Near West Side
15757,30,NO CONTROLS,NO CONTROLS,CLEAR,DAYLIGHT,PEDALCYCLIST,NOT DIVIDED,STRAIGHT AND LEVEL,DRY,NO DEFECTS,,FAILING TO YIELD RIGHT-OF-WAY,FAILING TO YIELD RIGHT-OF-WAY,,NONINCAPACITATING INJURY,12,5,41.8580297753,-87.6611971858,2026,30,POINT (-87.6611971858 41.8580297753),,,,,2026-05-30,False,27,Near West Side
15758,30,TRAFFIC SIGNAL,UNKNOWN,CLEAR,DAYLIGHT,PEDALCYCLIST,T-INTERSECTION,STRAIGHT AND LEVEL,DRY,UNKNOWN,Y,UNABLE TO DETERMINE,NOT APPLICABLE,,NONINCAPACITATING INJURY,13,5,41.9753978988,-87.7304912973,2026,30,POINT (-87.7304912973 41.9753978988),,,,,2026-05-30,False,11,Forest Glen
15759,30,YIELD,NO CONTROLS,CLEAR,DAYLIGHT,PEDALCYCLIST,NOT DIVIDED,STRAIGHT AND LEVEL,DRY,NO DEFECTS,,IMPROPER TURNING/NO SIGNAL,CELL PHONE USE OTHER THAN TEXTING,Y,NONINCAPACITATING INJURY,14,5,41.8976749118,-87.6574080265,2026,30,POINT (-87.6574080265 41.8976749118),,,,,2026-05-30,False,7,Near North Side
15760,30,NO CONTROLS,NO CONTROLS,CLEAR,DAYLIGHT,PEDALCYCLIST,DIVIDED - W/MEDIAN (NOT RAISED),STRAIGHT AND LEVEL,DRY,NO DEFECTS,,UNABLE TO DETERMINE,UNABLE TO DETERMINE,,INCAPACITATING INJURY,15,5,41.8955342606,-87.7202048721,2026,30,POINT (-87.7202048721 41.8955342606),,,,,2026-05-30,True,22,Humboldt Park
15761,30,TRAFFIC SIGNAL,FUNCTIONING PROPERLY,CLEAR,DAYLIGHT,PEDALCYCLIST,UNKNOWN INTERSECTION TYPE,STRAIGHT AND LEVEL,DRY,NO DEFECTS,Y,DISTRACTION - FROM INSIDE VEHICLE,UNABLE TO DETERMINE,Y,NONINCAPACITATING INJURY,15,5,41.9035332197,-87.6673537796,2026,30,POINT (-87.6673537796 41.9035332197),,,,,2026-05-30,False,23,West Town
15762,30,NO CONTROLS,UNKNOWN,CLEAR,DAYLIGHT,PEDALCYCLIST,FOUR WAY,STRAIGHT AND LEVEL,DRY,NO DEFECTS,Y,DRIVING SKILLS/KNOWLEDGE/EXPERIENCE,UNABLE TO DETERMINE,,NO INDICATION OF INJURY,16,5,41.754043519,-87.6539783417,2026,30,POINT (-87.6539783417 41.754043519),,,,,2026-05-30,False,70,Auburn Gresham