Unnamed: 0,POSTED_SPEED_LIMIT,TRAFFIC_CONTROL_DEVICE,DEVICE_CONDITION,WEATHER_CONDITION,LIGHTING_CONDITION,FIRST_CRASH_TYPE,TRAFFICWAY_TYPE,ALIGNMENT,ROADWAY_SURFACE_COND,ROAD_DEFECT,INTERSECTION_RELATED_I,PRIM_CONTRIBUTORY_CAUSE,SEC_CONTRIBUTORY_CAUSE,DOORING_I,MOST_SEVERE_INJURY,CRASH_HOUR,CRASH_MONTH,LATITUDE,LONGITUDE,CRASH_YEAR,SPEED_LIMIT,geometry,DISPLAYROU,the_geom,DIST,LANE_TYPE,CRASH_DATE,is_severe,index_right,CArea
15763,30,NO CONTROLS,NO CONTROLS,CLEAR,DAYLIGHT,PEDALCYCLIST,DIVIDED - W/MEDIAN (NOT RAISED),STRAIGHT AND LEVEL,DRY,NO DEFECTS,,UNABLE TO DETERMINE,UNABLE TO DETERMINE,Y,NONINCAPACITATING INJURY,16,5,41.8908717639,-87.6473286173,2026,30,POINT (-87.6473286173 41.8908717639),,,,,2026-05-30,False,7,Near North Side
15764,30,NO CONTROLS,NO CONTROLS,CLEAR,DAYLIGHT,PEDALCYCLIST,NOT DIVIDED,STRAIGHT AND LEVEL,DRY,NO DEFECTS,,FAILING TO YIELD RIGHT-OF-WAY,UNABLE TO DETERMINE,,NONINCAPACITATING INJURY,16,5,41.9255882132,-87.6471447526,2026,30,POINT (-87.6471447526 41.9255882132),,,,,2026-05-30,False,6,Lincoln Park
15765,20,NO CONTROLS,NO CONTROLS,UNKNOWN,UNKNOWN,PEDALCYCLIST,ONE-WAY,STRAIGHT AND LEVEL,UNKNOWN,UNKNOWN,,UNABLE TO DETERMINE,UNABLE TO DETERMINE,,NO INDICATION OF INJURY,16,5,41.8608295695,-87.7226420347,2026,20,POINT (-87.7226420347 41.8608295695),,,,,2026-05-30,False,28,North Lawndale
15766,25,UNKNOWN,UNKNOWN,UNKNOWN,UNKNOWN,PEDALCYCLIST,NOT DIVIDED,STRAIGHT AND LEVEL,UNKNOWN,UNKNOWN,,UNABLE TO DETERMINE,UNABLE TO DETERMINE,,NO INDICATION OF INJURY,17,5,41.8891721923,-87.6371099271,2026,25,POINT (-87.6371099271 41.8891721923),,,,,2026-05-30,False,7,Near North Side
15767,30,NO CONTROLS,NO CONTROLS,CLEAR,DAYLIGHT,PEDALCYCLIST,OTHER,STRAIGHT AND LEVEL,UNKNOWN,UNKNOWN,,DRIVING ON WRONG SIDE/WRONG WAY,NOT APPLICABLE,,NO INDICATION OF INJURY,18,5,41.782905776,-87.6729340774,2026,30,POINT (-87.6729340774 41.782905776),,,,,2026-05-30,False,66,Englewood
15768,20,STOP SIGN/FLASHER,FUNCTIONING PROPERLY,CLEAR,DAYLIGHT,PEDALCYCLIST,FOUR WAY,STRAIGHT AND LEVEL,DRY,UNKNOWN,Y,DISTRACTION - FROM INSIDE VEHICLE,UNABLE TO DETERMINE,,NONINCAPACITATING INJURY,19,5,41.7973319105,-87.6891649538,2026,20,POINT (-87.6891649538 41.7973319105),,,,,2026-05-30,False,62,Gage Park
15769,30,TRAFFIC SIGNAL,FUNCTIONING PROPERLY,CLEAR,"DARKNESS, LIGHTED ROAD",PEDALCYCLIST,NOT DIVIDED,STRAIGHT AND LEVEL,DRY,NO DEFECTS,,UNABLE TO DETERMINE,NOT APPLICABLE,,"REPORTED, NOT EVIDENT",23,5,41.9606717091,-87.7546853639,2026,30,POINT (-87.7546853639 41.9606717091),,,,,2026-05-30,False,14,Portage Park
15770,35,OTHER,FUNCTIONING PROPERLY,CLEAR,DAWN,PEDALCYCLIST,NOT DIVIDED,STRAIGHT AND LEVEL,DRY,NO DEFECTS,,IMPROPER LANE USAGE,NOT APPLICABLE,,"REPORTED, NOT EVIDENT",5,5,41.9175281264,-87.7050729828,2026,35,POINT (-87.7050729828 41.9175281264),,,,,2026-05-31,False,21,Logan Square
15771,30,NO CONTROLS,NO CONTROLS,CLEAR,DAYLIGHT,PEDALCYCLIST,ALLEY,STRAIGHT AND LEVEL,DRY,NO DEFECTS,,"VISION OBSCURED (SIGNS, TREE LIMBS, BUILDINGS, ETC.)","VISION OBSCURED (SIGNS, TREE LIMBS, BUILDINGS, ETC.)",,NO INDICATION OF INJURY,11,5,41.9455027071,-87.7892264422,2026,30,POINT (-87.7892264422 41.9455027071),,,,,2026-05-31,False,16,Dunning
15772,25,NO CONTROLS,NO CONTROLS,CLEAR,DAYLIGHT,PEDALCYCLIST,NOT DIVIDED,STRAIGHT AND LEVEL,DRY,NO DEFECTS,,IMPROPER OVERTAKING/PASSING,"VISION OBSCURED (SIGNS, TREE LIMBS, BUILDINGS, ETC.)",,"REPORTED, NOT EVIDENT",14,5,41.8767194783,-87.7448585328,2026,25,POINT (-87.7448585328 41.8767194783),,,,,2026-05-31,False,24,Austin
15773,30,UNKNOWN,UNKNOWN,CLEAR,DAYLIGHT,PEDALCYCLIST,PARKING LOT,STRAIGHT AND LEVEL,DRY,NO DEFECTS,,UNABLE TO DETERMINE,UNABLE TO DETERMINE,,NO INDICATION OF INJURY,14,5,41.8086767772,-87.7128394157,2026,30,POINT (-87.7128394157 41.8086767772),,,,,2026-05-31,False,57,Brighton Park
15774,30,NO CONTROLS,NO CONTROLS,CLEAR,DAYLIGHT,PEDALCYCLIST,NOT DIVIDED,STRAIGHT AND LEVEL,DRY,NO DEFECTS,,UNABLE TO DETERMINE,UNABLE TO DETERMINE,,NONINCAPACITATING INJURY,17,5,41.903254139,-87.6658961945,2026,30,POINT (-87.6658961945 41.903254139),,,,,2026-05-31,False,23,West Town
15775,30,NO CONTROLS,NO CONTROLS,CLEAR,"DARKNESS, LIGHTED ROAD",PEDALCYCLIST,ONE-WAY,STRAIGHT AND LEVEL,DRY,NO DEFECTS,,FAILING TO YIELD RIGHT-OF-WAY,NOT APPLICABLE,,INCAPACITATING INJURY,0,6,41.9958028199,-87.6897590583,2026,30,POINT (-87.6897590583 41.9958028199),,,,,2026-06-01,True,1,West Ridge
15776,30,NO CONTROLS,NO CONTROLS,CLEAR,DAYLIGHT,PEDALCYCLIST,ONE-WAY,STRAIGHT AND LEVEL,DRY,NO DEFECTS,,UNABLE TO DETERMINE,NOT APPLICABLE,,NO INDICATION OF INJURY,7,6,41.9277038016,-87.768490677,2026,30,POINT (-87.768490677 41.9277038016),,,,,2026-06-01,False,18,Belmont Cragin
15777,30,TRAFFIC SIGNAL,FUNCTIONING PROPERLY,CLEAR,DAYLIGHT,PEDALCYCLIST,NOT DIVIDED,STRAIGHT AND LEVEL,DRY,NO DEFECTS,Y,FAILING TO YIELD RIGHT-OF-WAY,DISREGARDING OTHER TRAFFIC SIGNS,,NO INDICATION OF INJURY,11,6,41.8763328592,-87.6668111176,2026,30,POINT (-87.6668111176 41.8763328592),,,,,2026-06-01,False,27,Near West Side
15778,25,NO CONTROLS,NO CONTROLS,CLEAR,DAYLIGHT,PEDALCYCLIST,DIVIDED - W/MEDIAN (NOT RAISED),STRAIGHT AND LEVEL,DRY,NO DEFECTS,,FAILING TO YIELD RIGHT-OF-WAY,NOT APPLICABLE,,INCAPACITATING INJURY,15,6,41.857670213,-87.6301843777,2026,25,POINT (-87.6301843777 41.857670213),,,,,2026-06-01,True,32,Near South Side
15779,35,TRAFFIC SIGNAL,FUNCTIONING PROPERLY,CLEAR,DAYLIGHT,PEDALCYCLIST,ONE-WAY,STRAIGHT AND LEVEL,DRY,NO DEFECTS,Y,DISREGARDING ROAD MARKINGS,NOT APPLICABLE,Y,NONINCAPACITATING INJURY,17,6,41.9183036154,-87.6459738877,2026,35,POINT (-87.6459738877 41.9183036154),,,,,2026-06-01,False,6,Lincoln Park
15780,30,NO CONTROLS,NO CONTROLS,CLEAR,DAYLIGHT,PEDALCYCLIST,ONE-WAY,STRAIGHT AND LEVEL,DRY,UNKNOWN,,FAILING TO YIELD RIGHT-OF-WAY,NOT APPLICABLE,,NONINCAPACITATING INJURY,18,6,41.9275178132,-87.7796386839,2026,30,POINT (-87.7796386839 41.9275178132),,,,,2026-06-01,False,18,Belmont Cragin
15781,30,TRAFFIC SIGNAL,FUNCTIONING PROPERLY,CLEAR,"DARKNESS, LIGHTED ROAD",PEDALCYCLIST,NOT DIVIDED,STRAIGHT AND LEVEL,UNKNOWN,UNKNOWN,,UNABLE TO DETERMINE,UNABLE TO DETERMINE,,INCAPACITATING INJURY,21,6,41.7409170574,-87.5662202454,2026,30,POINT (-87.5662202454 41.7409170574),,,,,2026-06-01,True,44,Avalon Park
15782,35,TRAFFIC SIGNAL,FUNCTIONING PROPERLY,CLEAR,DUSK,PEDALCYCLIST,NOT DIVIDED,STRAIGHT AND LEVEL,DRY,NO DEFECTS,Y,FAILING TO YIELD RIGHT-OF-WAY,NOT APPLICABLE,,"REPORTED, NOT EVIDENT",21,6,41.8939511757,-87.633984868,2026,35,POINT (-87.633984868 41.8939511757),,,,,2026-06-01,False,7,Near North Side
15783,30,TRAFFIC SIGNAL,FUNCTIONING PROPERLY,CLEAR,DAYLIGHT,PEDALCYCLIST,CENTER TURN LANE,STRAIGHT AND LEVEL,DRY,NO DEFECTS,Y,DISREGARDING TRAFFIC SIGNALS,FAILING TO YIELD RIGHT-OF-WAY,,NONINCAPACITATING INJURY,5,6,41.899659372,-87.6772807667,2026,30,POINT (-87.6772807667 41.899659372),,,,,2026-06-02,False,23,West Town
15784,30,NO CONTROLS,NO CONTROLS,CLEAR,DAYLIGHT,PEDALCYCLIST,NOT DIVIDED,STRAIGHT AND LEVEL,DRY,NO DEFECTS,,IMPROPER LANE USAGE,NOT APPLICABLE,,INCAPACITATING INJURY,8,6,42.0097565349,-87.6820297669,2026,30,POINT (-87.6820297669 42.0097565349),,,,,2026-06-02,True,0,Rogers Park
15785,25,TRAFFIC SIGNAL,FUNCTIONING PROPERLY,CLEAR,DAYLIGHT,PEDALCYCLIST,DRIVEWAY,STRAIGHT AND LEVEL,DRY,NO DEFECTS,Y,DISREGARDING TRAFFIC SIGNALS,DRIVING SKILLS/KNOWLEDGE/EXPERIENCE,,NONINCAPACITATING INJURY,9,6,41.9237669512,-87.7879197314,2026,25,POINT (-87.7879197314 41.9237669512),,,,,2026-06-02,False,18,Belmont Cragin
15786,30,STOP SIGN/FLASHER,FUNCTIONING PROPERLY,CLEAR,DAYLIGHT,PEDALCYCLIST,ONE-WAY,STRAIGHT ON GRADE,DRY,UNKNOWN,Y,FAILING TO YIELD RIGHT-OF-WAY,FAILING TO YIELD RIGHT-OF-WAY,,NONINCAPACITATING INJURY,11,6,41.7943920855,-87.6193626225,2026,30,POINT (-87.6193626225 41.7943920855),,,,,2026-06-02,False,39,Washington Park
15787,30,NO CONTROLS,NO CONTROLS,CLEAR,DAYLIGHT,PEDALCYCLIST,NOT DIVIDED,STRAIGHT AND LEVEL,DRY,NO DEFECTS,,UNABLE TO DETERMINE,UNABLE TO DETERMINE,,"REPORTED, NOT EVIDENT",12,6,41.8576590975,-87.6677455396,2026,30,POINT (-87.6677455396 41.8576590975),,,,,2026-06-02,False,30,Lower West Side
15788,30,TRAFFIC SIGNAL,FUNCTIONING PROPERLY,CLEAR,DAYLIGHT,PEDALCYCLIST,FOUR WAY,STRAIGHT AND LEVEL,DRY,NO DEFECTS,Y,FOLLOWING TOO CLOSELY,NOT APPLICABLE,,NONINCAPACITATING INJURY,12,6,41.921998432,-87.6384579419,2026,30,POINT (-87.6384579419 41.921998432),,,,,2026-06-02,False,6,Lincoln Park
15789,30,NO CONTROLS,NO CONTROLS,UNKNOWN,DAYLIGHT,PEDALCYCLIST,NOT DIVIDED,STRAIGHT AND LEVEL,UNKNOWN,UNKNOWN,,FAILING TO YIELD RIGHT-OF-WAY,FAILING TO YIELD RIGHT-OF-WAY,,NONINCAPACITATING INJURY,16,6,41.9839522006,-87.6690061635,2026,30,POINT (-87.6690061635 41.9839522006),,,,,2026-06-02,False,76,Edgewater
15790,30,TRAFFIC SIGNAL,FUNCTIONING PROPERLY,CLEAR,DAYLIGHT,PEDALCYCLIST,FOUR WAY,STRAIGHT AND LEVEL,UNKNOWN,UNKNOWN,Y,DISREGARDING TRAFFIC SIGNALS,NOT APPLICABLE,,INCAPACITATING INJURY,16,6,41.7656188178,-87.615407248,2026,30,POINT (-87.615407248 41.7656188178),,,,,2026-06-02,True,68,Grand Crossing
15791,30,NO CONTROLS,NO CONTROLS,CLEAR,DAYLIGHT,PEDALCYCLIST,ONE-WAY,STRAIGHT AND LEVEL,DRY,NO DEFECTS,,FAILING TO YIELD RIGHT-OF-WAY,FAILING TO YIELD RIGHT-OF-WAY,,NONINCAPACITATING INJURY,16,6,41.7695072206,-87.7226732676,2026,30,POINT (-87.7226732676 41.7695072206),,,,,2026-06-02,False,64,West Lawn
15792,35,NO CONTROLS,FUNCTIONING PROPERLY,CLEAR,DAYLIGHT,PEDALCYCLIST,NOT DIVIDED,STRAIGHT AND LEVEL,DRY,NO DEFECTS,,UNABLE TO DETERMINE,UNABLE TO DETERMINE,,"REPORTED, NOT EVIDENT",16,6,41.9977260071,-87.6835839901,2026,35,POINT (-87.6835839901 41.9977260071),,,,,2026-06-02,False,1,West Ridge
15793,30,NO CONTROLS,NO CONTROLS,CLEAR,DAYLIGHT,PEDALCYCLIST,OTHER,STRAIGHT AND LEVEL,DRY,NO DEFECTS,Y,FAILING TO YIELD RIGHT-OF-WAY,UNABLE TO DETERMINE,,NO INDICATION OF INJURY,16,6,41.8675231108,-87.6259775192,2026,30,POINT (-87.6259775192 41.8675231108),,,,,2026-06-02,False,31,Loop
15794,30,NO CONTROLS,NO CONTROLS,CLEAR,DAYLIGHT,PEDALCYCLIST,ONE-WAY,STRAIGHT AND LEVEL,DRY,NO DEFECTS,,UNABLE TO DETERMINE,UNABLE TO DETERMINE,,NONINCAPACITATING INJURY,17,6,41.8954525708,-87.6310709567,2026,30,POINT (-87.6310709567 41.8954525708),,,,,2026-06-02,False,7,Near North Side
15795,30,TRAFFIC SIGNAL,FUNCTIONING PROPERLY,CLEAR,DARKNESS,PEDALCYCLIST,ONE-WAY,STRAIGHT AND LEVEL,DRY,UNKNOWN,,FAILING TO YIELD RIGHT-OF-WAY,UNABLE TO DETERMINE,,"REPORTED, NOT EVIDENT",20,6,41.8940093936,-87.6298626714,2026,30,POINT (-87.6298626714 41.8940093936),,,,,2026-06-02,False,7,Near North Side
15796,30,NO CONTROLS,NO CONTROLS,CLEAR,"DARKNESS, LIGHTED ROAD",PEDALCYCLIST,NOT DIVIDED,STRAIGHT AND LEVEL,DRY,DEBRIS ON ROADWAY,,DRIVING ON WRONG SIDE/WRONG WAY,UNABLE TO DETERMINE,,INCAPACITATING INJURY,21,6,41.9319453366,-87.7030090555,2026,30,POINT (-87.7030090555 41.9319453366),,,,,2026-06-02,True,20,Avondale
15797,30,NO CONTROLS,NO CONTROLS,CLEAR,"DARKNESS, LIGHTED ROAD",PEDALCYCLIST,NOT DIVIDED,STRAIGHT AND LEVEL,DRY,NO DEFECTS,,UNABLE TO DETERMINE,FAILING TO YIELD RIGHT-OF-WAY,,NONINCAPACITATING INJURY,21,6,42.0163284915,-87.6753982688,2026,30,POINT (-87.6753982688 42.0163284915),,,,,2026-06-02,False,0,Rogers Park
15798,30,STOP SIGN/FLASHER,FUNCTIONING PROPERLY,CLEAR,DAYLIGHT,PEDALCYCLIST,FOUR WAY,STRAIGHT AND LEVEL,DRY,NO DEFECTS,Y,IMPROPER TURNING/NO SIGNAL,FAILING TO YIELD RIGHT-OF-WAY,,NO INDICATION OF INJURY,9,6,41.8672648849,-87.6423361224,2026,30,POINT (-87.6423361224 41.8672648849),,,,,2026-06-03,False,27,Near West Side
15799,30,STOP SIGN/FLASHER,NO CONTROLS,CLEAR,DAYLIGHT,PEDALCYCLIST,NOT DIVIDED,STRAIGHT AND LEVEL,DRY,NO DEFECTS,Y,FAILING TO YIELD RIGHT-OF-WAY,UNABLE TO DETERMINE,,NO INDICATION OF INJURY,10,6,41.7385274814,-87.6417013427,2026,30,POINT (-87.6417013427 41.7385274814),,,,,2026-06-03,False,48,Roseland
15800,35,NO CONTROLS,NO CONTROLS,CLEAR,DAYLIGHT,PEDALCYCLIST,NOT DIVIDED,STRAIGHT AND LEVEL,DRY,NO DEFECTS,,FAILING TO YIELD RIGHT-OF-WAY,NOT APPLICABLE,,INCAPACITATING INJURY,12,6,41.9958618504,-87.8079314833,2026,35,POINT (-87.8079314833 41.9958618504),,,,,2026-06-03,True,8,Edison Park
15801,30,UNKNOWN,UNKNOWN,CLEAR,DAYLIGHT,PEDALCYCLIST,NOT DIVIDED,STRAIGHT AND LEVEL,UNKNOWN,UNKNOWN,,UNABLE TO DETERMINE,UNABLE TO DETERMINE,,NO INDICATION OF INJURY,12,6,41.880658237,-87.6425467248,2026,30,POINT (-87.6425467248 41.880658237),,,,,2026-06-03,False,27,Near West Side
15802,30,NO CONTROLS,NO CONTROLS,CLEAR,DAYLIGHT,PEDALCYCLIST,DIVIDED - W/MEDIAN (NOT RAISED),STRAIGHT AND LEVEL,DRY,UNKNOWN,,UNABLE TO DETERMINE,UNABLE TO DETERMINE,,"REPORTED, NOT EVIDENT",14,6,41.8740819887,-87.6672227593,2026,30,POINT (-87.6672227593 41.8740819887),,,,,2026-06-03,False,27,Near West Side
15803,30,UNKNOWN,UNKNOWN,CLEAR,DAYLIGHT,PEDALCYCLIST,NOT DIVIDED,STRAIGHT AND LEVEL,DRY,UNKNOWN,,IMPROPER OVERTAKING/PASSING,UNABLE TO DETERMINE,,"REPORTED, NOT EVIDENT",14,6,41.8833377105,-87.7258918759,2026,30,POINT (-87.7258918759 41.8833377105),,,,,2026-06-03,False,25,Garfield Park
15804,30,UNKNOWN,UNKNOWN,CLEAR,DAYLIGHT,PEDALCYCLIST,NOT DIVIDED,STRAIGHT AND LEVEL,UNKNOWN,UNKNOWN,,UNABLE TO DETERMINE,UNABLE TO DETERMINE,Y,NO INDICATION OF INJURY,15,6,41.9542487358,-87.6639401973,2026,30,POINT (-87.6639401973 41.9542487358),,,,,2026-06-03,False,5,Lake View
15805,30,TRAFFIC SIGNAL,FUNCTIONING PROPERLY,CLEAR,DAYLIGHT,PEDALCYCLIST,"FIVE POINT, OR MORE",STRAIGHT AND LEVEL,DRY,NO DEFECTS,Y,DISREGARDING TRAFFIC SIGNALS,BICYCLE ADVANCING LEGALLY ON RED LIGHT,,NONINCAPACITATING INJURY,16,6,41.8831927941,-87.6666543787,2026,30,POINT (-87.6666543787 41.8831927941),,,,,2026-06-03,False,27,Near West Side
15806,30,UNKNOWN,UNKNOWN,CLEAR,DAYLIGHT,PEDALCYCLIST,NOT DIVIDED,STRAIGHT AND LEVEL,DRY,UNKNOWN,Y,UNABLE TO DETERMINE,NOT APPLICABLE,,"REPORTED, NOT EVIDENT",17,6,41.8847536764,-87.7112297886,2026,30,POINT (-87.7112297886 41.8847536764),,,,,2026-06-03,False,26,Garfield Park
15807,30,TRAFFIC SIGNAL,FUNCTIONING PROPERLY,CLEAR,DAYLIGHT,PEDALCYCLIST,T-INTERSECTION,STRAIGHT AND LEVEL,DRY,NO DEFECTS,Y,FAILING TO YIELD RIGHT-OF-WAY,FAILING TO YIELD RIGHT-OF-WAY,,NONINCAPACITATING INJURY,19,6,41.9400901248,-87.6493099591,2026,30,POINT (-87.6493099591 41.9400901248),,,,,2026-06-03,False,5,Lake View
15808,30,TRAFFIC SIGNAL,UNKNOWN,CLEAR,"DARKNESS, LIGHTED ROAD",PEDALCYCLIST,DIVIDED - W/MEDIAN BARRIER,STRAIGHT AND LEVEL,DRY,UNKNOWN,,UNABLE TO DETERMINE,UNABLE TO DETERMINE,,NONINCAPACITATING INJURY,21,6,41.8023797296,-87.5879794066,2026,30,POINT (-87.5879794066 41.8023797296),,,,,2026-06-03,False,38,Kenwood
15809,30,TRAFFIC SIGNAL,FUNCTIONING PROPERLY,CLEAR,DAYLIGHT,PEDALCYCLIST,ONE-WAY,STRAIGHT AND LEVEL,DRY,NO DEFECTS,,IMPROPER LANE USAGE,NOT APPLICABLE,,NONINCAPACITATING INJURY,6,6,41.8843547649,-87.6353057759,2026,30,POINT (-87.6353057759 41.8843547649),,,,,2026-06-04,False,27,Near West Side
15810,15,NO CONTROLS,NO CONTROLS,CLEAR,DAYLIGHT,PEDALCYCLIST,DIVIDED - W/MEDIAN (NOT RAISED),STRAIGHT AND LEVEL,DRY,NO DEFECTS,,FAILING TO YIELD RIGHT-OF-WAY,FAILING TO YIELD RIGHT-OF-WAY,,NO INDICATION OF INJURY,7,6,42.0011363951,-87.8177393925,2026,15,POINT (-87.8177393925 42.0011363951),,,,,2026-06-04,False,8,Edison Park
15811,30,TRAFFIC SIGNAL,FUNCTIONING PROPERLY,CLEAR,DAYLIGHT,PEDALCYCLIST,FOUR WAY,STRAIGHT AND LEVEL,DRY,NO DEFECTS,Y,UNABLE TO DETERMINE,NOT APPLICABLE,N,NO INDICATION OF INJURY,10,6,41.6900816898,-87.6648172817,2026,30,POINT (-87.6648172817 41.6900816898),,,,,2026-06-04,False,74,Morgan Park
15812,25,TRAFFIC SIGNAL,NO CONTROLS,CLEAR,DAYLIGHT,PEDALCYCLIST,NOT DIVIDED,STRAIGHT AND LEVEL,DRY,NO DEFECTS,,UNABLE TO DETERMINE,NOT APPLICABLE,,NO INDICATION OF INJURY,10,6,41.6919510675,-87.6632870799,2026,25,POINT (-87.6632870799 41.6919510675),,,,,2026-06-04,False,74,Morgan Park
15813,30,NO CONTROLS,NO CONTROLS,CLEAR,DAYLIGHT,PEDALCYCLIST,NOT DIVIDED,STRAIGHT AND LEVEL,DRY,NO DEFECTS,,UNABLE TO DETERMINE,NOT APPLICABLE,,NONINCAPACITATING INJURY,13,6,41.9240804506,-87.6466398691,2026,30,POINT (-87.6466398691 41.9240804506),,,,,2026-06-04,False,6,Lincoln Park
15814,30,STOP SIGN/FLASHER,FUNCTIONING PROPERLY,CLEAR,DAYLIGHT,PEDALCYCLIST,OTHER,STRAIGHT AND LEVEL,DRY,NO DEFECTS,,FAILING TO REDUCE SPEED TO AVOID CRASH,NOT APPLICABLE,,INCAPACITATING INJURY,13,6,41.7475740862,-87.5836218079,2026,30,POINT (-87.5836218079 41.7475740862),,,,,2026-06-04,True,44,Avalon Park
15815,30,NO CONTROLS,NO CONTROLS,CLEAR,DAYLIGHT,PEDALCYCLIST,DRIVEWAY,STRAIGHT AND LEVEL,DRY,NO DEFECTS,,"VISION OBSCURED (SIGNS, TREE LIMBS, BUILDINGS, ETC.)",UNABLE TO DETERMINE,Y,NO INDICATION OF INJURY,14,6,41.8579085011,-87.6286169705,2026,30,POINT (-87.6286169705 41.8579085011),,,,,2026-06-04,False,32,Near South Side
15816,30,NO CONTROLS,NO CONTROLS,CLEAR,DAYLIGHT,PEDALCYCLIST,NOT DIVIDED,STRAIGHT AND LEVEL,DRY,NO DEFECTS,,FAILING TO YIELD RIGHT-OF-WAY,UNABLE TO DETERMINE,Y,NONINCAPACITATING INJURY,15,6,41.6922535682,-87.6434470851,2026,30,POINT (-87.6434470851 41.6922535682),,,,,2026-06-04,False,74,Morgan Park
15817,30,NO CONTROLS,NO CONTROLS,CLEAR,DAYLIGHT,PEDALCYCLIST,DIVIDED - W/MEDIAN BARRIER,STRAIGHT AND LEVEL,DRY,NO DEFECTS,,IMPROPER LANE USAGE,NOT APPLICABLE,,NONINCAPACITATING INJURY,16,6,41.9421857658,-87.7291512165,2026,30,POINT (-87.7291512165 41.9421857658),,,,,2026-06-04,False,15,Irving Park
15818,30,TRAFFIC SIGNAL,FUNCTIONING PROPERLY,CLEAR,DAYLIGHT,PEDALCYCLIST,NOT DIVIDED,STRAIGHT AND LEVEL,DRY,NO DEFECTS,Y,DRIVING SKILLS/KNOWLEDGE/EXPERIENCE,NOT APPLICABLE,,NONINCAPACITATING INJURY,17,6,41.8223708179,-87.6024061495,2026,30,POINT (-87.6024061495 41.8223708179),,,,,2026-06-04,False,35,Oakland
15819,30,NO CONTROLS,NO CONTROLS,CLEAR,DAYLIGHT,PEDALCYCLIST,DIVIDED - W/MEDIAN (NOT RAISED),STRAIGHT AND LEVEL,DRY,NO DEFECTS,,FAILING TO REDUCE SPEED TO AVOID CRASH,NOT APPLICABLE,,NO INDICATION OF INJURY,17,6,41.8855418494,-87.6482289578,2026,30,POINT (-87.6482289578 41.8855418494),,,,,2026-06-04,False,27,Near West Side
15820,30,STOP SIGN/FLASHER,FUNCTIONING PROPERLY,CLEAR,DUSK,PEDALCYCLIST,NOT DIVIDED,STRAIGHT AND LEVEL,DRY,NO DEFECTS,Y,FAILING TO YIELD RIGHT-OF-WAY,NOT APPLICABLE,,NONINCAPACITATING INJURY,20,6,41.8711168738,-87.7010486126,2026,30,POINT (-87.7010486126 41.8711168738),,,,,2026-06-04,False,26,Garfield Park
15821,30,NO CONTROLS,NO CONTROLS,CLEAR,"DARKNESS, LIGHTED ROAD",PEDALCYCLIST,NOT DIVIDED,STRAIGHT AND LEVEL,UNKNOWN,UNKNOWN,,UNABLE TO DETERMINE,UNABLE TO DETERMINE,,NO INDICATION OF INJURY,23,6,41.8833146239,-87.6472597912,2026,30,POINT (-87.6472597912 41.8833146239),,,,,2026-06-04,False,27,Near West Side
15822,30,NO CONTROLS,NO CONTROLS,CLEAR,"DARKNESS, LIGHTED ROAD",PEDALCYCLIST,NOT DIVIDED,STRAIGHT AND LEVEL,DRY,NO DEFECTS,,FAILING TO REDUCE SPEED TO AVOID CRASH,UNABLE TO DETERMINE,,NONINCAPACITATING INJURY,4,6,41.882211292,-87.710898608,2026,30,POINT (-87.710898608 41.882211292),,,,,2026-06-05,False,26,Garfield Park
15823,25,NO CONTROLS,NO CONTROLS,CLEAR,DAYLIGHT,PEDALCYCLIST,NOT DIVIDED,STRAIGHT AND LEVEL,DRY,NO DEFECTS,,FAILING TO YIELD RIGHT-OF-WAY,NOT APPLICABLE,Y,NO INDICATION OF INJURY,15,6,41.9652240172,-87.6777508865,2026,25,POINT (-87.6777508865 41.9652240172),,,,,2026-06-05,False,3,Lincoln Square
15824,30,TRAFFIC SIGNAL,FUNCTIONING PROPERLY,CLEAR,DAYLIGHT,PEDALCYCLIST,FOUR WAY,STRAIGHT AND LEVEL,DRY,UNKNOWN,Y,FAILING TO YIELD RIGHT-OF-WAY,NOT APPLICABLE,,NONINCAPACITATING INJURY,16,6,41.9676738367,-87.7674126969,2026,30,POINT (-87.7674126969 41.9676738367),,,,,2026-06-05,False,10,Jefferson Park
15825,30,NO CONTROLS,NO CONTROLS,CLEAR,DAYLIGHT,PEDALCYCLIST,DIVIDED - W/MEDIAN (NOT RAISED),STRAIGHT AND LEVEL,DRY,NO DEFECTS,,NOT APPLICABLE,NOT APPLICABLE,Y,FATAL,16,6,41.8353866742,-87.6463601069,2026,30,POINT (-87.6463601069 41.8353866742),,,,,2026-06-05,True,30,Lower West Side
15826,30,NO CONTROLS,NO CONTROLS,CLEAR,DAYLIGHT,PEDALCYCLIST,FOUR WAY,STRAIGHT AND LEVEL,DRY,NO DEFECTS,,FAILING TO YIELD RIGHT-OF-WAY,NOT APPLICABLE,,NONINCAPACITATING INJURY,16,6,41.7302093393,-87.662753683,2026,30,POINT (-87.662753683 41.7302093393),,,,,2026-06-05,False,70,Auburn Gresham
15827,30,STOP SIGN/FLASHER,NO CONTROLS,CLEAR,DAYLIGHT,PEDALCYCLIST,FOUR WAY,STRAIGHT AND LEVEL,DRY,NO DEFECTS,,UNABLE TO DETERMINE,NOT APPLICABLE,N,NONINCAPACITATING INJURY,18,6,41.6706618981,-87.6404073398,2026,30,POINT (-87.6404073398 41.6706618981),,,,,2026-06-05,False,52,West Pullman